[21:49:15.208 EBOX]
TS=1786202749.586
V_SENSE5=0.908203125
V_SENSE9=0.0341796875
V_SENSE12=0.04638671875
ADC_V5=4.814453125
ADC_V9=9.4342041015625
ADC_V12=11.56707763671875
ADC_V28=27.0281982421875
THERMAL_SENS_OUT_1=32
THERMAL_SENS_OUT_2=-50
THERMAL_SENS_OUT_3=31
THERMAL_SENS_OUT_4=27
THERMAL_SENS_OUT_5=31
THERMAL_SENS_OUT_6=-50
THERMAL_SENS_INT_1=24
THERMAL_SENS_INT_2=32
PG_5=0
PG_9=0
PG_12=0
FLT_P2=0
FLT_P3=0
HEAT_1_TEMP=32
HEAT_1_DUTY=0
HEAT_2_TEMP=31
HEAT_2_DUTY=0
HEAT_3_TEMP=27
HEAT_3_DUTY=30
HEAT_4_TEMP=31
HEAT_4_DUTY=0

[21:49:17.167 EBOX]
TS=1786202751.584
V_SENSE5=0.908203125
V_SENSE9=0.04638671875
V_SENSE12=0.04638671875
ADC_V5=4.8321533203125
ADC_V9=8.9031982421875
ADC_V12=11.90338134765625
ADC_V28=27.63885498046875
THERMAL_SENS_OUT_1=28
THERMAL_SENS_OUT_2=-50
THERMAL_SENS_OUT_3=31
THERMAL_SENS_OUT_4=28
THERMAL_SENS_OUT_5=34
THERMAL_SENS_OUT_6=-50
THERMAL_SENS_INT_1=29
THERMAL_SENS_INT_2=25
PG_5=0
PG_9=0
PG_12=0
FLT_P2=0
FLT_P3=0
HEAT_1_TEMP=28
HEAT_1_DUTY=30
HEAT_2_TEMP=31
HEAT_2_DUTY=0
HEAT_3_TEMP=28
HEAT_3_DUTY=0
HEAT_4_TEMP=34
HEAT_4_DUTY=0

[21:49:19.183 EBOX]
TS=1786202753.585
V_SENSE5=0.92041015625
V_SENSE9=0.0390625
V_SENSE12=0.04150390625
ADC_V5=4.849853515625
ADC_V9=8.73504638671875
ADC_V12=11.4697265625
ADC_V28=27.92205810546875
THERMAL_SENS_OUT_1=29
THERMAL_SENS_OUT_2=-50
THERMAL_SENS_OUT_3=29
THERMAL_SENS_OUT_4=34
THERMAL_SENS_OUT_5=33
THERMAL_SENS_OUT_6=-50
THERMAL_SENS_INT_1=27
THERMAL_SENS_INT_2=32
PG_5=0
PG_9=0
PG_12=0
FLT_P2=0
FLT_P3=0
HEAT_1_TEMP=29
HEAT_1_DUTY=0
HEAT_2_TEMP=29
HEAT_2_DUTY=0
HEAT_3_TEMP=34
HEAT_3_DUTY=30
HEAT_4_TEMP=33
HEAT_4_DUTY=0

[21:49:21.207 EBOX]
TS=1786202755.587
V_SENSE5=0.92041015625
V_SENSE9=0.0341796875
V_SENSE12=0.0390625
ADC_V5=5.0091552734375
ADC_V9=8.779296875
ADC_V12=12.00958251953125
ADC_V28=27.860107421875
THERMAL_SENS_OUT_1=29
THERMAL_SENS_OUT_2=-50
THERMAL_SENS_OUT_3=33
THERMAL_SENS_OUT_4=30
THERMAL_SENS_OUT_5=32
THERMAL_SENS_OUT_6=-50
THERMAL_SENS_INT_1=24
THERMAL_SENS_INT_2=27
PG_5=0
PG_9=0
PG_12=0
FLT_P2=0
FLT_P3=0
HEAT_1_TEMP=29
HEAT_1_DUTY=30
HEAT_2_TEMP=33
HEAT_2_DUTY=0
HEAT_3_TEMP=30
HEAT_3_DUTY=0
HEAT_4_TEMP=32
HEAT_4_DUTY=0

[21:49:23.127 EBOX]
TS=1786202757.585
V_SENSE5=1.01318359375
V_SENSE9=0.09521484375
V_SENSE12=0.0439453125
ADC_V5=4.9383544921875
ADC_V9=8.87664794921875
ADC_V12=11.92108154296875
ADC_V28=28.0902099609375
THERMAL_SENS_OUT_1=31
THERMAL_SENS_OUT_2=-50
THERMAL_SENS_OUT_3=30
THERMAL_SENS_OUT_4=29
THERMAL_SENS_OUT_5=34
THERMAL_SENS_OUT_6=-50
THERMAL_SENS_INT_1=29
THERMAL_SENS_INT_2=28
PG_5=0
PG_9=0
PG_12=0
FLT_P2=0
FLT_P3=0
HEAT_1_TEMP=31
HEAT_1_DUTY=0
HEAT_2_TEMP=30
HEAT_2_DUTY=0
HEAT_3_TEMP=29
HEAT_3_DUTY=30
HEAT_4_TEMP=34
HEAT_4_DUTY=0

[21:49:24.255 CUBESAT]
TS=1786204090.042
PG_5=1
PG_9=0
PG_12=0
FLT_P2=0
FLT_P3=0
HEAT_1_TEMP=0.0
HEAT_1_DUTY=30
ENC_RAW=11340
ENC_ANGLE=249.169921875
ENC_ACCUM=0.0

[21:49:25.144 EBOX]
TS=1786202759.588
V_SENSE5=0.908203125
V_SENSE9=0.0341796875
V_SENSE12=0.07080078125
ADC_V5=4.96490478515625
ADC_V9=9.2926025390625
ADC_V12=11.7352294921875
ADC_V28=26.94854736328125
THERMAL_SENS_OUT_1=30
THERMAL_SENS_OUT_2=-50
THERMAL_SENS_OUT_3=29
THERMAL_SENS_OUT_4=31
THERMAL_SENS_OUT_5=36
THERMAL_SENS_OUT_6=-50
THERMAL_SENS_INT_1=31
THERMAL_SENS_INT_2=26
PG_5=0
PG_9=0
PG_12=0
FLT_P2=0
FLT_P3=0
HEAT_1_TEMP=30
HEAT_1_DUTY=30
HEAT_2_TEMP=29
HEAT_2_DUTY=0
HEAT_3_TEMP=31
HEAT_3_DUTY=0
HEAT_4_TEMP=36
HEAT_4_DUTY=0

[21:49:26.272 CUBESAT]
TS=1786204092.045
PG_5=1
PG_9=0
PG_12=0
FLT_P2=0
FLT_P3=0
HEAT_1_TEMP=0.0
HEAT_1_DUTY=30
ENC_RAW=11341
ENC_ANGLE=249.19189453125
ENC_ACCUM=0.02197265625

[21:49:27.164 EBOX]
TS=1786202761.580
V_SENSE5=1.05224609375
V_SENSE9=0.0341796875
V_SENSE12=0.0439453125
ADC_V5=4.8321533203125
ADC_V9=8.7969970703125
ADC_V12=11.54052734375
ADC_V28=27.081298828125
THERMAL_SENS_OUT_1=29
THERMAL_SENS_OUT_2=-50
THERMAL_SENS_OUT_3=34
THERMAL_SENS_OUT_4=29
THERMAL_SENS_OUT_5=37
THERMAL_SENS_OUT_6=-50
THERMAL_SENS_INT_1=25
THERMAL_SENS_INT_2=28
PG_5=0
PG_9=0
PG_12=0
FLT_P2=0
FLT_P3=0
HEAT_1_TEMP=29
HEAT_1_DUTY=0
HEAT_2_TEMP=34
HEAT_2_DUTY=0
HEAT_3_TEMP=29
HEAT_3_DUTY=30
HEAT_4_TEMP=37
HEAT_4_DUTY=0

[21:49:28.288 CUBESAT]
TS=1786204094.047
PG_5=1
PG_9=0
PG_12=0
FLT_P2=0
FLT_P3=0
HEAT_1_TEMP=0.0
HEAT_1_DUTY=30
ENC_RAW=11339
ENC_ANGLE=249.14794921875
ENC_ACCUM=-0.02197265625

[21:49:29.184 EBOX]
TS=1786202763.592
V_SENSE5=0.88134765625
V_SENSE9=0.03662109375
V_SENSE12=0.0439453125
ADC_V5=4.92950439453125
ADC_V9=8.779296875
ADC_V12=11.89453125
ADC_V28=27.6123046875
THERMAL_SENS_OUT_1=35
THERMAL_SENS_OUT_2=-50
THERMAL_SENS_OUT_3=29
THERMAL_SENS_OUT_4=29
THERMAL_SENS_OUT_5=38
THERMAL_SENS_OUT_6=-50
THERMAL_SENS_INT_1=30
THERMAL_SENS_INT_2=26
PG_5=0
PG_9=0
PG_12=0
FLT_P2=0
FLT_P3=0
HEAT_1_TEMP=35
HEAT_1_DUTY=30
HEAT_2_TEMP=29
HEAT_2_DUTY=0
HEAT_3_TEMP=29
HEAT_3_DUTY=0
HEAT_4_TEMP=38
HEAT_4_DUTY=0

[21:49:30.301 CUBESAT]
TS=1786204096.049
PG_5=1
PG_9=0
PG_12=0
FLT_P2=0
FLT_P3=0
HEAT_1_TEMP=0.0
HEAT_1_DUTY=30
ENC_RAW=11342
ENC_ANGLE=249.2138671875
ENC_ACCUM=0.0439453125

[21:49:31.204 EBOX]
TS=1786202765.589
V_SENSE5=0.9375
V_SENSE9=0.03662109375
V_SENSE12=0.0439453125
ADC_V5=4.814453125
ADC_V9=9.07135009765625
ADC_V12=11.81488037109375
ADC_V28=27.09014892578125
THERMAL_SENS_OUT_1=32
THERMAL_SENS_OUT_2=-50
THERMAL_SENS_OUT_3=32
THERMAL_SENS_OUT_4=30
THERMAL_SENS_OUT_5=39
THERMAL_SENS_OUT_6=-50
THERMAL_SENS_INT_1=24
THERMAL_SENS_INT_2=29
PG_5=0
PG_9=0
PG_12=0
FLT_P2=0
FLT_P3=0
HEAT_1_TEMP=32
HEAT_1_DUTY=0
HEAT_2_TEMP=32
HEAT_2_DUTY=0
HEAT_3_TEMP=30
HEAT_3_DUTY=30
HEAT_4_TEMP=39
HEAT_4_DUTY=0

[21:49:32.316 CUBESAT]
TS=1786204098.051
PG_5=1
PG_9=0
PG_12=0
FLT_P2=0
FLT_P3=0
HEAT_1_TEMP=0.0
HEAT_1_DUTY=30
ENC_RAW=11341
ENC_ANGLE=249.19189453125
ENC_ACCUM=0.02197265625

[21:49:33.225 EBOX]
TS=1786202767.593
V_SENSE5=0.93505859375
V_SENSE9=0.0341796875
V_SENSE12=0.048828125
ADC_V5=4.89410400390625
ADC_V9=8.92974853515625
ADC_V12=11.717529296875
ADC_V28=27.0635986328125
THERMAL_SENS_OUT_1=35
THERMAL_SENS_OUT_2=-50
THERMAL_SENS_OUT_3=31
THERMAL_SENS_OUT_4=31
THERMAL_SENS_OUT_5=41
THERMAL_SENS_OUT_6=-50
THERMAL_SENS_INT_1=24
THERMAL_SENS_INT_2=27
PG_5=0
PG_9=0
PG_12=0
FLT_P2=0
FLT_P3=0
HEAT_1_TEMP=35
HEAT_1_DUTY=30
HEAT_2_TEMP=31
HEAT_2_DUTY=0
HEAT_3_TEMP=31
HEAT_3_DUTY=0
HEAT_4_TEMP=41
HEAT_4_DUTY=0

[21:49:34.335 CUBESAT]
TS=1786204100.053
PG_5=1
PG_9=0
PG_12=0
FLT_P2=0
FLT_P3=0
HEAT_1_TEMP=0.0
HEAT_1_DUTY=30
ENC_RAW=11342
ENC_ANGLE=249.2138671875
ENC_ACCUM=0.0439453125

[21:49:35.150 EBOX]
TS=1786202769.593
V_SENSE5=0.8740234375
V_SENSE9=0.0390625
V_SENSE12=0.04638671875
ADC_V5=4.991455078125
ADC_V9=9.381103515625
ADC_V12=11.92108154296875
ADC_V28=28.0548095703125
THERMAL_SENS_OUT_1=36
THERMAL_SENS_OUT_2=-50
THERMAL_SENS_OUT_3=31
THERMAL_SENS_OUT_4=30
THERMAL_SENS_OUT_5=37
THERMAL_SENS_OUT_6=-50
THERMAL_SENS_INT_1=28
THERMAL_SENS_INT_2=30
PG_5=0
PG_9=0
PG_12=0
FLT_P2=0
FLT_P3=0
HEAT_1_TEMP=36
HEAT_1_DUTY=0
HEAT_2_TEMP=31
HEAT_2_DUTY=0
HEAT_3_TEMP=30
HEAT_3_DUTY=30
HEAT_4_TEMP=37
HEAT_4_DUTY=0

[21:49:36.264 CUBESAT]
TS=1786204102.056
PG_5=1
PG_9=0
PG_12=0
FLT_P2=0
FLT_P3=0
HEAT_1_TEMP=0.0
HEAT_1_DUTY=30
ENC_RAW=11341
ENC_ANGLE=249.19189453125
ENC_ACCUM=0.02197265625

[21:49:37.174 EBOX]
TS=1786202771.597
V_SENSE5=0.8935546875
V_SENSE9=0.0341796875
V_SENSE12=0.048828125
ADC_V5=5.0091552734375
ADC_V9=9.01824951171875
ADC_V12=11.4166259765625
ADC_V28=27.222900390625
THERMAL_SENS_OUT_1=30
THERMAL_SENS_OUT_2=-50
THERMAL_SENS_OUT_3=35
THERMAL_SENS_OUT_4=29
THERMAL_SENS_OUT_5=36
THERMAL_SENS_OUT_6=-50
THERMAL_SENS_INT_1=25
THERMAL_SENS_INT_2=27
PG_5=0
PG_9=0
PG_12=0
FLT_P2=0
FLT_P3=0
HEAT_1_TEMP=30
HEAT_1_DUTY=30
HEAT_2_TEMP=35
HEAT_2_DUTY=0
HEAT_3_TEMP=29
HEAT_3_DUTY=0
HEAT_4_TEMP=36
HEAT_4_DUTY=0

[21:49:38.285 CUBESAT]
TS=1786204104.058
PG_5=1
PG_9=0
PG_12=0
FLT_P2=0
FLT_P3=0
HEAT_1_TEMP=0.0
HEAT_1_DUTY=30
ENC_RAW=11397
ENC_ANGLE=250.42236328125
ENC_ACCUM=1.25244140625

[21:49:39.196 EBOX]
TS=1786202773.597
V_SENSE5=0.8984375
V_SENSE9=0.0341796875
V_SENSE12=0.048828125
ADC_V5=4.9560546875
ADC_V9=9.12445068359375
ADC_V12=11.6644287109375
ADC_V28=27.16094970703125
THERMAL_SENS_OUT_1=34
THERMAL_SENS_OUT_2=-50
THERMAL_SENS_OUT_3=31
THERMAL_SENS_OUT_4=33
THERMAL_SENS_OUT_5=39
THERMAL_SENS_OUT_6=-50
THERMAL_SENS_INT_1=27
THERMAL_SENS_INT_2=29
PG_5=0
PG_9=0
PG_12=0
FLT_P2=0
FLT_P3=0
HEAT_1_TEMP=34
HEAT_1_DUTY=0
HEAT_2_TEMP=31
HEAT_2_DUTY=0
HEAT_3_TEMP=33
HEAT_3_DUTY=30
HEAT_4_TEMP=39
HEAT_4_DUTY=0

[21:49:40.305 CUBESAT]
TS=1786204106.059
PG_5=1
PG_9=0
PG_12=0
FLT_P2=0
FLT_P3=0
HEAT_1_TEMP=0.0
HEAT_1_DUTY=30
ENC_RAW=11469
ENC_ANGLE=252.00439453125
ENC_ACCUM=2.83447265625

[21:49:41.217 EBOX]
TS=1786202775.599
V_SENSE5=0.927734375
V_SENSE9=0.03662109375
V_SENSE12=0.05126953125
ADC_V5=5.00030517578125
ADC_V9=9.35455322265625
ADC_V12=11.82373046875
ADC_V28=27.78045654296875
THERMAL_SENS_OUT_1=32
THERMAL_SENS_OUT_2=-50
THERMAL_SENS_OUT_3=30
THERMAL_SENS_OUT_4=33
THERMAL_SENS_OUT_5=40
THERMAL_SENS_OUT_6=-50
THERMAL_SENS_INT_1=31
THERMAL_SENS_INT_2=25
PG_5=0
PG_9=0
PG_12=0
FLT_P2=0
FLT_P3=0
HEAT_1_TEMP=32
HEAT_1_DUTY=30
HEAT_2_TEMP=30
HEAT_2_DUTY=0
HEAT_3_TEMP=33
HEAT_3_DUTY=0
HEAT_4_TEMP=40
HEAT_4_DUTY=0

[21:49:42.328 CUBESAT]
TS=1786204108.062
PG_5=1
PG_9=0
PG_12=0
FLT_P2=0
FLT_P3=0
HEAT_1_TEMP=0.0
HEAT_1_DUTY=30
ENC_RAW=11540
ENC_ANGLE=253.564453125
ENC_ACCUM=4.39453125

[21:49:43.240 EBOX]
TS=1786202777.602
V_SENSE5=0.8984375
V_SENSE9=0.0341796875
V_SENSE12=0.0439453125
ADC_V5=4.9383544921875
ADC_V9=8.673095703125
ADC_V12=11.8060302734375
ADC_V28=27.58575439453125
THERMAL_SENS_OUT_1=34
THERMAL_SENS_OUT_2=-50
THERMAL_SENS_OUT_3=34
THERMAL_SENS_OUT_4=36
THERMAL_SENS_OUT_5=43
THERMAL_SENS_OUT_6=-50
THERMAL_SENS_INT_1=24
THERMAL_SENS_INT_2=26
PG_5=0
PG_9=0
PG_12=0
FLT_P2=0
FLT_P3=0
HEAT_1_TEMP=34
HEAT_1_DUTY=0
HEAT_2_TEMP=34
HEAT_2_DUTY=0
HEAT_3_TEMP=36
HEAT_3_DUTY=30
HEAT_4_TEMP=43
HEAT_4_DUTY=0

[21:49:44.349 CUBESAT]
TS=1786204110.064
PG_5=1
PG_9=0
PG_12=0
FLT_P2=0
FLT_P3=0
HEAT_1_TEMP=0.0
HEAT_1_DUTY=30
ENC_RAW=11611
ENC_ANGLE=255.12451171875
ENC_ACCUM=5.95458984375

[21:49:45.163 EBOX]
TS=1786202779.603
V_SENSE5=0.8935546875
V_SENSE9=0.03662109375
V_SENSE12=0.0439453125
ADC_V5=5.07110595703125
ADC_V9=8.885498046875
ADC_V12=11.929931640625
ADC_V28=27.39105224609375
THERMAL_SENS_OUT_1=33
THERMAL_SENS_OUT_2=-50
THERMAL_SENS_OUT_3=34
THERMAL_SENS_OUT_4=30
THERMAL_SENS_OUT_5=40
THERMAL_SENS_OUT_6=-50
THERMAL_SENS_INT_1=31
THERMAL_SENS_INT_2=26
PG_5=0
PG_9=0
PG_12=0
FLT_P2=0
FLT_P3=0
HEAT_1_TEMP=33
HEAT_1_DUTY=30
HEAT_2_TEMP=34
HEAT_2_DUTY=0
HEAT_3_TEMP=30
HEAT_3_DUTY=0
HEAT_4_TEMP=40
HEAT_4_DUTY=0

[21:49:46.274 CUBESAT]
TS=1786204112.066
PG_5=1
PG_9=0
PG_12=0
FLT_P2=0
FLT_P3=0
HEAT_1_TEMP=0.0
HEAT_1_DUTY=30
ENC_RAW=11687
ENC_ANGLE=256.79443359375
ENC_ACCUM=7.62451171875

[21:49:47.185 EBOX]
TS=1786202781.604
V_SENSE5=0.8984375
V_SENSE9=0.0341796875
V_SENSE12=0.0439453125
ADC_V5=4.78790283203125
ADC_V9=9.0802001953125
ADC_V12=11.93878173828125
ADC_V28=27.470703125
THERMAL_SENS_OUT_1=34
THERMAL_SENS_OUT_2=-50
THERMAL_SENS_OUT_3=29
THERMAL_SENS_OUT_4=30
THERMAL_SENS_OUT_5=38
THERMAL_SENS_OUT_6=-50
THERMAL_SENS_INT_1=25
THERMAL_SENS_INT_2=26
PG_5=0
PG_9=0
PG_12=0
FLT_P2=0
FLT_P3=0
HEAT_1_TEMP=34
HEAT_1_DUTY=0
HEAT_2_TEMP=29
HEAT_2_DUTY=0
HEAT_3_TEMP=30
HEAT_3_DUTY=30
HEAT_4_TEMP=38
HEAT_4_DUTY=0

[21:49:48.295 CUBESAT]
TS=1786204114.067
PG_5=1
PG_9=0
PG_12=0
FLT_P2=0
FLT_P3=0
HEAT_1_TEMP=0.0
HEAT_1_DUTY=30
ENC_RAW=11755
ENC_ANGLE=258.28857421875
ENC_ACCUM=9.11865234375

[21:49:49.209 EBOX]
TS=1786202783.606
V_SENSE5=0.90576171875
V_SENSE9=0.03662109375
V_SENSE12=0.0537109375
ADC_V5=4.94720458984375
ADC_V9=8.92974853515625
ADC_V12=11.859130859375
ADC_V28=27.3114013671875
THERMAL_SENS_OUT_1=32
THERMAL_SENS_OUT_2=-50
THERMAL_SENS_OUT_3=36
THERMAL_SENS_OUT_4=32
THERMAL_SENS_OUT_5=39
THERMAL_SENS_OUT_6=-50
THERMAL_SENS_INT_1=25
THERMAL_SENS_INT_2=32
PG_5=0
PG_9=0
PG_12=0
FLT_P2=0
FLT_P3=0
HEAT_1_TEMP=32
HEAT_1_DUTY=30
HEAT_2_TEMP=36
HEAT_2_DUTY=0
HEAT_3_TEMP=32
HEAT_3_DUTY=0
HEAT_4_TEMP=39
HEAT_4_DUTY=0

[21:49:50.323 CUBESAT]
TS=1786204116.069
PG_5=1
PG_9=0
PG_12=0
FLT_P2=0
FLT_P3=0
HEAT_1_TEMP=0.0
HEAT_1_DUTY=30
ENC_RAW=11827
ENC_ANGLE=259.87060546875
ENC_ACCUM=10.70068359375

[21:49:51.235 EBOX]
TS=1786202785.605
V_SENSE5=0.9033203125
V_SENSE9=0.07568359375
V_SENSE12=0.04638671875
ADC_V5=4.814453125
ADC_V9=8.8677978515625
ADC_V12=11.95648193359375
ADC_V28=28.001708984375
THERMAL_SENS_OUT_1=34
THERMAL_SENS_OUT_2=-50
THERMAL_SENS_OUT_3=29
THERMAL_SENS_OUT_4=32
THERMAL_SENS_OUT_5=43
THERMAL_SENS_OUT_6=-50
THERMAL_SENS_INT_1=25
THERMAL_SENS_INT_2=30
PG_5=0
PG_9=0
PG_12=0
FLT_P2=0
FLT_P3=0
HEAT_1_TEMP=34
HEAT_1_DUTY=0
HEAT_2_TEMP=29
HEAT_2_DUTY=0
HEAT_3_TEMP=32
HEAT_3_DUTY=30
HEAT_4_TEMP=43
HEAT_4_DUTY=0

[21:49:52.345 CUBESAT]
TS=1786204118.072
PG_5=1
PG_9=0
PG_12=0
FLT_P2=0
FLT_P3=0
HEAT_1_TEMP=0.0
HEAT_1_DUTY=30
ENC_RAW=11905
ENC_ANGLE=261.58447265625
ENC_ACCUM=12.41455078125

[21:49:53.260 EBOX]
TS=1786202787.607
V_SENSE5=0.888671875
V_SENSE9=0.03662109375
V_SENSE12=0.0439453125
ADC_V5=5.19500732421875
ADC_V9=9.03594970703125
ADC_V12=11.47857666015625
ADC_V28=27.470703125
THERMAL_SENS_OUT_1=33
THERMAL_SENS_OUT_2=-50
THERMAL_SENS_OUT_3=34
THERMAL_SENS_OUT_4=32
THERMAL_SENS_OUT_5=41
THERMAL_SENS_OUT_6=-50
THERMAL_SENS_INT_1=31
THERMAL_SENS_INT_2=29
PG_5=0
PG_9=0
PG_12=0
FLT_P2=0
FLT_P3=0
HEAT_1_TEMP=33
HEAT_1_DUTY=30
HEAT_2_TEMP=34
HEAT_2_DUTY=0
HEAT_3_TEMP=32
HEAT_3_DUTY=0
HEAT_4_TEMP=41
HEAT_4_DUTY=0

[21:49:54.271 CUBESAT]
TS=1786204120.074
PG_5=1
PG_9=0
PG_12=0
FLT_P2=0
FLT_P3=0
HEAT_1_TEMP=0.0
HEAT_1_DUTY=30
ENC_RAW=11974
ENC_ANGLE=263.1005859375
ENC_ACCUM=13.9306640625

[21:49:55.184 EBOX]
TS=1786202789.613
V_SENSE5=0.8740234375
V_SENSE9=0.09521484375
V_SENSE12=0.05126953125
ADC_V5=4.91180419921875
ADC_V9=8.87664794921875
ADC_V12=11.88568115234375
ADC_V28=27.74505615234375
THERMAL_SENS_OUT_1=39
THERMAL_SENS_OUT_2=-50
THERMAL_SENS_OUT_3=37
THERMAL_SENS_OUT_4=32
THERMAL_SENS_OUT_5=43
THERMAL_SENS_OUT_6=-50
THERMAL_SENS_INT_1=28
THERMAL_SENS_INT_2=33
PG_5=0
PG_9=0
PG_12=0
FLT_P2=0
FLT_P3=0
HEAT_1_TEMP=39
HEAT_1_DUTY=0
HEAT_2_TEMP=37
HEAT_2_DUTY=0
HEAT_3_TEMP=32
HEAT_3_DUTY=30
HEAT_4_TEMP=43
HEAT_4_DUTY=0

[21:49:56.294 CUBESAT]
TS=1786204122.076
PG_5=1
PG_9=0
PG_12=0
FLT_P2=0
FLT_P3=0
HEAT_1_TEMP=0.0
HEAT_1_DUTY=30
ENC_RAW=12047
ENC_ANGLE=264.70458984375
ENC_ACCUM=15.53466796875

[21:49:57.206 EBOX]
TS=1786202791.612
V_SENSE5=0.869140625
V_SENSE9=0.0341796875
V_SENSE12=0.09521484375
ADC_V5=4.8321533203125
ADC_V9=9.097900390625
ADC_V12=11.86798095703125
ADC_V28=26.89544677734375
THERMAL_SENS_OUT_1=40
THERMAL_SENS_OUT_2=-50
THERMAL_SENS_OUT_3=36
THERMAL_SENS_OUT_4=33
THERMAL_SENS_OUT_5=39
THERMAL_SENS_OUT_6=-50
THERMAL_SENS_INT_1=26
THERMAL_SENS_INT_2=33
PG_5=0
PG_9=0
PG_12=0
FLT_P2=0
FLT_P3=0
HEAT_1_TEMP=40
HEAT_1_DUTY=30
HEAT_2_TEMP=36
HEAT_2_DUTY=0
HEAT_3_TEMP=33
HEAT_3_DUTY=0
HEAT_4_TEMP=39
HEAT_4_DUTY=0

[21:49:58.317 CUBESAT]
TS=1786204124.078
PG_5=1
PG_9=0
PG_12=0
FLT_P2=0
FLT_P3=0
HEAT_1_TEMP=0.0
HEAT_1_DUTY=30
ENC_RAW=12119
ENC_ANGLE=266.28662109375
ENC_ACCUM=17.11669921875

[21:49:59.230 EBOX]
TS=1786202793.613
V_SENSE5=0.87646484375
V_SENSE9=0.03662109375
V_SENSE12=0.048828125
ADC_V5=4.94720458984375
ADC_V9=9.14215087890625
ADC_V12=11.8060302734375
ADC_V28=28.1256103515625
THERMAL_SENS_OUT_1=33
THERMAL_SENS_OUT_2=-50
THERMAL_SENS_OUT_3=35
THERMAL_SENS_OUT_4=33
THERMAL_SENS_OUT_5=39
THERMAL_SENS_OUT_6=-50
THERMAL_SENS_INT_1=27
THERMAL_SENS_INT_2=26
PG_5=0
PG_9=0
PG_12=0
FLT_P2=0
FLT_P3=0
HEAT_1_TEMP=33
HEAT_1_DUTY=0
HEAT_2_TEMP=35
HEAT_2_DUTY=0
HEAT_3_TEMP=33
HEAT_3_DUTY=30
HEAT_4_TEMP=39
HEAT_4_DUTY=0

[21:50:00.342 CUBESAT]
TS=1786204126.079
PG_5=1
PG_9=0
PG_12=0
FLT_P2=0
FLT_P3=0
HEAT_1_TEMP=0.0
HEAT_1_DUTY=30
ENC_RAW=12190
ENC_ANGLE=267.8466796875
ENC_ACCUM=18.6767578125

[21:50:01.253 EBOX]
TS=1786202795.616
V_SENSE5=0.93994140625
V_SENSE9=0.03662109375
V_SENSE12=0.07568359375
ADC_V5=4.88525390625
ADC_V9=8.9208984375
ADC_V12=11.4166259765625
ADC_V28=28.09906005859375
THERMAL_SENS_OUT_1=40
THERMAL_SENS_OUT_2=-50
THERMAL_SENS_OUT_3=32
THERMAL_SENS_OUT_4=35
THERMAL_SENS_OUT_5=40
THERMAL_SENS_OUT_6=-50
THERMAL_SENS_INT_1=26
THERMAL_SENS_INT_2=30
PG_5=0
PG_9=0
PG_12=0
FLT_P2=0
FLT_P3=0
HEAT_1_TEMP=40
HEAT_1_DUTY=30
HEAT_2_TEMP=32
HEAT_2_DUTY=0
HEAT_3_TEMP=35
HEAT_3_DUTY=0
HEAT_4_TEMP=40
HEAT_4_DUTY=0

[21:50:02.364 CUBESAT]
TS=1786204128.082
PG_5=1
PG_9=0
PG_12=0
FLT_P2=0
FLT_P3=0
HEAT_1_TEMP=0.0
HEAT_1_DUTY=30
ENC_RAW=12401
ENC_ANGLE=272.48291015625
ENC_ACCUM=23.31298828125

[21:50:03.295 EBOX]
TS=1786202797.618
V_SENSE5=0.8837890625
V_SENSE9=0.0390625
V_SENSE12=0.0439453125
ADC_V5=4.9383544921875
ADC_V9=9.1510009765625
ADC_V12=11.82373046875
ADC_V28=28.09906005859375
THERMAL_SENS_OUT_1=34
THERMAL_SENS_OUT_2=-50
THERMAL_SENS_OUT_3=33
THERMAL_SENS_OUT_4=37
THERMAL_SENS_OUT_5=43
THERMAL_SENS_OUT_6=-50
THERMAL_SENS_INT_1=31
THERMAL_SENS_INT_2=30
PG_5=0
PG_9=0
PG_12=0
FLT_P2=0
FLT_P3=0
HEAT_1_TEMP=34
HEAT_1_DUTY=0
HEAT_2_TEMP=33
HEAT_2_DUTY=0
HEAT_3_TEMP=37
HEAT_3_DUTY=30
HEAT_4_TEMP=43
HEAT_4_DUTY=0

[21:50:04.304 CUBESAT]
TS=1786204130.084
PG_5=1
PG_9=0
PG_12=0
FLT_P2=0
FLT_P3=0
HEAT_1_TEMP=0.0
HEAT_1_DUTY=30
ENC_RAW=12628
ENC_ANGLE=277.470703125
ENC_ACCUM=28.30078125

[21:50:05.217 EBOX]
TS=1786202799.622
V_SENSE5=0.91064453125
V_SENSE9=0.0390625
V_SENSE12=0.07568359375
ADC_V5=5.00030517578125
ADC_V9=9.097900390625
ADC_V12=11.65557861328125
ADC_V28=26.98394775390625
THERMAL_SENS_OUT_1=36
THERMAL_SENS_OUT_2=-50
THERMAL_SENS_OUT_3=35
THERMAL_SENS_OUT_4=34
THERMAL_SENS_OUT_5=44
THERMAL_SENS_OUT_6=-50
THERMAL_SENS_INT_1=27
THERMAL_SENS_INT_2=28
PG_5=0
PG_9=0
PG_12=0
FLT_P2=0
FLT_P3=0
HEAT_1_TEMP=36
HEAT_1_DUTY=30
HEAT_2_TEMP=35
HEAT_2_DUTY=0
HEAT_3_TEMP=34
HEAT_3_DUTY=0
HEAT_4_TEMP=44
HEAT_4_DUTY=0

[21:50:06.337 CUBESAT]
TS=1786204132.086
PG_5=1
PG_9=0
PG_12=0
FLT_P2=0
FLT_P3=0
HEAT_1_TEMP=0.0
HEAT_1_DUTY=30
ENC_RAW=12857
ENC_ANGLE=282.50244140625
ENC_ACCUM=33.33251953125

[21:50:07.240 EBOX]
TS=1786202801.625
V_SENSE5=0.8740234375
V_SENSE9=0.03662109375
V_SENSE12=0.0439453125
ADC_V5=4.94720458984375
ADC_V9=9.30145263671875
ADC_V12=11.434326171875
ADC_V28=27.8424072265625
THERMAL_SENS_OUT_1=37
THERMAL_SENS_OUT_2=-50
THERMAL_SENS_OUT_3=34
THERMAL_SENS_OUT_4=34
THERMAL_SENS_OUT_5=43
THERMAL_SENS_OUT_6=-50
THERMAL_SENS_INT_1=25
THERMAL_SENS_INT_2=29
PG_5=0
PG_9=0
PG_12=0
FLT_P2=0
FLT_P3=0
HEAT_1_TEMP=37
HEAT_1_DUTY=0
HEAT_2_TEMP=34
HEAT_2_DUTY=0
HEAT_3_TEMP=34
HEAT_3_DUTY=30
HEAT_4_TEMP=43
HEAT_4_DUTY=0

[21:50:08.353 CUBESAT]
TS=1786204134.088
PG_5=1
PG_9=0
PG_12=0
FLT_P2=0
FLT_P3=0
HEAT_1_TEMP=0.0
HEAT_1_DUTY=30
ENC_RAW=13081
ENC_ANGLE=287.42431640625
ENC_ACCUM=38.25439453125

[21:50:09.278 EBOX]
TS=1786202803.627
V_SENSE5=0.91796875
V_SENSE9=0.0390625
V_SENSE12=0.0439453125
ADC_V5=4.96490478515625
ADC_V9=9.47845458984375
ADC_V12=11.788330078125
ADC_V28=28.1787109375
THERMAL_SENS_OUT_1=34
THERMAL_SENS_OUT_2=-50
THERMAL_SENS_OUT_3=38
THERMAL_SENS_OUT_4=34
THERMAL_SENS_OUT_5=45
THERMAL_SENS_OUT_6=-50
THERMAL_SENS_INT_1=29
THERMAL_SENS_INT_2=33
PG_5=0
PG_9=0
PG_12=0
FLT_P2=0
FLT_P3=0
HEAT_1_TEMP=34
HEAT_1_DUTY=30
HEAT_2_TEMP=38
HEAT_2_DUTY=0
HEAT_3_TEMP=34
HEAT_3_DUTY=0
HEAT_4_TEMP=45
HEAT_4_DUTY=0

[21:50:10.287 CUBESAT]
TS=1786204136.090
PG_5=1
PG_9=0
PG_12=0
FLT_P2=0
FLT_P3=0
HEAT_1_TEMP=0.0
HEAT_1_DUTY=30
ENC_RAW=13308
ENC_ANGLE=292.412109375
ENC_ACCUM=43.2421875

[21:50:11.305 EBOX]
TS=1786202805.629
V_SENSE5=0.92041015625
V_SENSE9=0.03662109375
V_SENSE12=0.04638671875
ADC_V5=4.8675537109375
ADC_V9=9.07135009765625
ADC_V12=11.53167724609375
ADC_V28=27.11669921875
THERMAL_SENS_OUT_1=34
THERMAL_SENS_OUT_2=-50
THERMAL_SENS_OUT_3=34
THERMAL_SENS_OUT_4=33
THERMAL_SENS_OUT_5=47
THERMAL_SENS_OUT_6=-50
THERMAL_SENS_INT_1=25
THERMAL_SENS_INT_2=31
PG_5=0
PG_9=0
PG_12=0
FLT_P2=0
FLT_P3=0
HEAT_1_TEMP=34
HEAT_1_DUTY=0
HEAT_2_TEMP=34
HEAT_2_DUTY=0
HEAT_3_TEMP=33
HEAT_3_DUTY=30
HEAT_4_TEMP=47
HEAT_4_DUTY=0

[21:50:12.315 CUBESAT]
TS=1786204138.092
PG_5=1
PG_9=0
PG_12=0
FLT_P2=0
FLT_P3=0
HEAT_1_TEMP=0.0
HEAT_1_DUTY=30
ENC_RAW=13533
ENC_ANGLE=297.35595703125
ENC_ACCUM=48.18603515625

[21:50:12.822 CUBESAT]
TS=1786204138.092
PG_5=1
PG_9=0
PG_12=0
FLT_P2=0
FLT_P3=0
HEAT_1_TEMP=0.0
HEAT_1_DUTY=30
ENC_RAW=13582
ENC_ANGLE=298.4326171875
ENC_ACCUM=49.2626953125

[21:50:13.234 EBOX]
TS=1786202807.628
V_SENSE5=0.888671875
V_SENSE9=0.03662109375
V_SENSE12=0.04638671875
ADC_V5=5.00030517578125
ADC_V9=9.168701171875
ADC_V12=11.9122314453125
ADC_V28=27.1697998046875
THERMAL_SENS_OUT_1=37
THERMAL_SENS_OUT_2=-50
THERMAL_SENS_OUT_3=33
THERMAL_SENS_OUT_4=37
THERMAL_SENS_OUT_5=41
THERMAL_SENS_OUT_6=-50
THERMAL_SENS_INT_1=24
THERMAL_SENS_INT_2=30
PG_5=0
PG_9=0
PG_12=0
FLT_P2=0
FLT_P3=0
HEAT_1_TEMP=37
HEAT_1_DUTY=30
HEAT_2_TEMP=33
HEAT_2_DUTY=0
HEAT_3_TEMP=37
HEAT_3_DUTY=0
HEAT_4_TEMP=41
HEAT_4_DUTY=0

[21:50:13.338 CUBESAT]
TS=1786204138.092
PG_5=1
PG_9=0
PG_12=0
FLT_P2=0
FLT_P3=0
HEAT_1_TEMP=0.0
HEAT_1_DUTY=30
ENC_RAW=13649
ENC_ANGLE=299.90478515625
ENC_ACCUM=50.73486328125

[21:50:13.757 EBOX]
TS=1786202807.628
V_SENSE5=0.888671875
V_SENSE9=0.03662109375
V_SENSE12=0.04638671875
ADC_V5=5.00030517578125
ADC_V9=9.168701171875
ADC_V12=11.9122314453125
ADC_V28=27.1697998046875
THERMAL_SENS_OUT_1=37
THERMAL_SENS_OUT_2=-50
THERMAL_SENS_OUT_3=33
THERMAL_SENS_OUT_4=37
THERMAL_SENS_OUT_5=41
THERMAL_SENS_OUT_6=-50
THERMAL_SENS_INT_1=24
THERMAL_SENS_INT_2=30
PG_5=0
PG_9=0
PG_12=0
FLT_P2=0
FLT_P3=0
HEAT_1_TEMP=37
HEAT_1_DUTY=0
HEAT_2_TEMP=33
HEAT_2_DUTY=30
HEAT_3_TEMP=37
HEAT_3_DUTY=0
HEAT_4_TEMP=41
HEAT_4_DUTY=0

[21:50:13.861 CUBESAT]
TS=1786204138.092
PG_5=1
PG_9=0
PG_12=0
FLT_P2=0
FLT_P3=0
HEAT_1_TEMP=0.0
HEAT_1_DUTY=30
ENC_RAW=13693
ENC_ANGLE=300.87158203125
ENC_ACCUM=51.70166015625

[21:50:14.279 EBOX]
TS=1786202809.931
V_SENSE5=0.927734375
V_SENSE9=0.03662109375
V_SENSE12=0.04638671875
ADC_V5=4.87640380859375
ADC_V9=9.17755126953125
ADC_V12=11.89453125
ADC_V28=26.97509765625
THERMAL_SENS_OUT_1=37
THERMAL_SENS_OUT_2=-50
THERMAL_SENS_OUT_3=38
THERMAL_SENS_OUT_4=34
THERMAL_SENS_OUT_5=47
THERMAL_SENS_OUT_6=-50
THERMAL_SENS_INT_1=26
THERMAL_SENS_INT_2=33
PG_5=0
PG_9=0
PG_12=0
FLT_P2=0
FLT_P3=0
HEAT_1_TEMP=37
HEAT_1_DUTY=0
HEAT_2_TEMP=38
HEAT_2_DUTY=30
HEAT_3_TEMP=34
HEAT_3_DUTY=0
HEAT_4_TEMP=47
HEAT_4_DUTY=0

[21:50:14.382 CUBESAT]
TS=1786204140.396
PG_5=1
PG_9=0
PG_12=0
FLT_P2=0
FLT_P3=0
HEAT_1_TEMP=0.0
HEAT_1_DUTY=30
ENC_RAW=13758
ENC_ANGLE=302.2998046875
ENC_ACCUM=53.1298828125

[21:50:14.795 EBOX]
TS=1786202810.433
V_SENSE5=0.87890625
V_SENSE9=0.0341796875
V_SENSE12=0.04150390625
ADC_V5=4.9029541015625
ADC_V9=9.12445068359375
ADC_V12=11.44317626953125
ADC_V28=28.18756103515625
THERMAL_SENS_OUT_1=37
THERMAL_SENS_OUT_2=-50
THERMAL_SENS_OUT_3=33
THERMAL_SENS_OUT_4=37
THERMAL_SENS_OUT_5=42
THERMAL_SENS_OUT_6=-50
THERMAL_SENS_INT_1=28
THERMAL_SENS_INT_2=32
PG_5=0
PG_9=0
PG_12=0
FLT_P2=0
FLT_P3=0
HEAT_1_TEMP=37
HEAT_1_DUTY=0
HEAT_2_TEMP=33
HEAT_2_DUTY=0
HEAT_3_TEMP=37
HEAT_3_DUTY=30
HEAT_4_TEMP=42
HEAT_4_DUTY=0

[21:50:14.798 CUBESAT]
TS=1786204140.897
PG_5=1
PG_9=0
PG_12=0
FLT_P2=0
FLT_P3=0
HEAT_1_TEMP=0.0
HEAT_1_DUTY=30
ENC_RAW=13806
ENC_ANGLE=303.3544921875
ENC_ACCUM=54.1845703125

[21:50:15.315 EBOX]
TS=1786202810.934
V_SENSE5=0.89599609375
V_SENSE9=0.0390625
V_SENSE12=0.0439453125
ADC_V5=4.991455078125
ADC_V9=9.168701171875
ADC_V12=11.7706298828125
ADC_V28=28.001708984375
THERMAL_SENS_OUT_1=36
THERMAL_SENS_OUT_2=-50
THERMAL_SENS_OUT_3=34
THERMAL_SENS_OUT_4=40
THERMAL_SENS_OUT_5=44
THERMAL_SENS_OUT_6=-50
THERMAL_SENS_INT_1=30
THERMAL_SENS_INT_2=30
PG_5=0
PG_9=0
PG_12=0
FLT_P2=0
FLT_P3=0
HEAT_1_TEMP=36
HEAT_1_DUTY=0
HEAT_2_TEMP=34
HEAT_2_DUTY=0
HEAT_3_TEMP=40
HEAT_3_DUTY=30
HEAT_4_TEMP=44
HEAT_4_DUTY=0

[21:50:15.326 CUBESAT]
TS=1786204141.399
PG_5=1
PG_9=0
PG_12=0
FLT_P2=0
FLT_P3=0
HEAT_1_TEMP=0.0
HEAT_1_DUTY=30
ENC_RAW=13873
ENC_ANGLE=304.82666015625
ENC_ACCUM=55.65673828125

[21:50:15.730 EBOX]
TS=1786202811.436
V_SENSE5=0.908203125
V_SENSE9=0.0341796875
V_SENSE12=0.0439453125
ADC_V5=5.00030517578125
ADC_V9=8.78814697265625
ADC_V12=11.6998291015625
ADC_V28=28.143310546875
THERMAL_SENS_OUT_1=38
THERMAL_SENS_OUT_2=-50
THERMAL_SENS_OUT_3=38
THERMAL_SENS_OUT_4=35
THERMAL_SENS_OUT_5=46
THERMAL_SENS_OUT_6=-50
THERMAL_SENS_INT_1=27
THERMAL_SENS_INT_2=30
PG_5=0
PG_9=0
PG_12=0
FLT_P2=0
FLT_P3=0
HEAT_1_TEMP=38
HEAT_1_DUTY=0
HEAT_2_TEMP=38
HEAT_2_DUTY=0
HEAT_3_TEMP=35
HEAT_3_DUTY=0
HEAT_4_TEMP=46
HEAT_4_DUTY=30

[21:50:15.834 CUBESAT]
TS=1786204141.900
PG_5=1
PG_9=0
PG_12=0
FLT_P2=0
FLT_P3=0
HEAT_1_TEMP=0.0
HEAT_1_DUTY=30
ENC_RAW=13919
ENC_ANGLE=305.83740234375
ENC_ACCUM=56.66748046875

[21:50:16.245 EBOX]
TS=1786202811.938
V_SENSE5=0.908203125
V_SENSE9=0.03662109375
V_SENSE12=0.04638671875
ADC_V5=4.9383544921875
ADC_V9=9.46075439453125
ADC_V12=11.58477783203125
ADC_V28=27.62115478515625
THERMAL_SENS_OUT_1=36
THERMAL_SENS_OUT_2=-50
THERMAL_SENS_OUT_3=34
THERMAL_SENS_OUT_4=39
THERMAL_SENS_OUT_5=46
THERMAL_SENS_OUT_6=-50
THERMAL_SENS_INT_1=28
THERMAL_SENS_INT_2=27
PG_5=0
PG_9=0
PG_12=0
FLT_P2=0
FLT_P3=0
HEAT_1_TEMP=36
HEAT_1_DUTY=0
HEAT_2_TEMP=34
HEAT_2_DUTY=0
HEAT_3_TEMP=39
HEAT_3_DUTY=0
HEAT_4_TEMP=46
HEAT_4_DUTY=30

[21:50:16.349 CUBESAT]
TS=1786204142.402
PG_5=1
PG_9=0
PG_12=0
FLT_P2=0
FLT_P3=0
HEAT_1_TEMP=0.0
HEAT_1_DUTY=30
ENC_RAW=13984
ENC_ANGLE=307.265625
ENC_ACCUM=58.095703125

[21:50:16.861 EBOX]
TS=1786202812.439
V_SENSE5=0.9130859375
V_SENSE9=0.0390625
V_SENSE12=0.04638671875
ADC_V5=4.814453125
ADC_V9=9.26605224609375
ADC_V12=11.82373046875
ADC_V28=27.25830078125
THERMAL_SENS_OUT_1=41
THERMAL_SENS_OUT_2=-50
THERMAL_SENS_OUT_3=33
THERMAL_SENS_OUT_4=38
THERMAL_SENS_OUT_5=43
THERMAL_SENS_OUT_6=-50
THERMAL_SENS_INT_1=25
THERMAL_SENS_INT_2=32
PG_5=0
PG_9=0
PG_12=0
FLT_P2=0
FLT_P3=0
HEAT_1_TEMP=41
HEAT_1_DUTY=30
HEAT_2_TEMP=33
HEAT_2_DUTY=0
HEAT_3_TEMP=38
HEAT_3_DUTY=0
HEAT_4_TEMP=43
HEAT_4_DUTY=0

[21:50:16.863 CUBESAT]
TS=1786204142.903
PG_5=1
PG_9=0
PG_12=0
FLT_P2=0
FLT_P3=0
HEAT_1_TEMP=0.0
HEAT_1_DUTY=30
ENC_RAW=14033
ENC_ANGLE=308.34228515625
ENC_ACCUM=59.17236328125

[21:50:17.280 EBOX]
TS=1786202812.942
V_SENSE5=0.87890625
V_SENSE9=0.11474609375
V_SENSE12=0.0439453125
ADC_V5=5.08880615234375
ADC_V9=9.0625
ADC_V12=11.7352294921875
ADC_V28=26.9573974609375
THERMAL_SENS_OUT_1=39
THERMAL_SENS_OUT_2=-50
THERMAL_SENS_OUT_3=32
THERMAL_SENS_OUT_4=41
THERMAL_SENS_OUT_5=45
THERMAL_SENS_OUT_6=-50
THERMAL_SENS_INT_1=32
THERMAL_SENS_INT_2=26
PG_5=0
PG_9=0
PG_12=0
FLT_P2=0
FLT_P3=0
HEAT_1_TEMP=39
HEAT_1_DUTY=30
HEAT_2_TEMP=32
HEAT_2_DUTY=0
HEAT_3_TEMP=41
HEAT_3_DUTY=0
HEAT_4_TEMP=45
HEAT_4_DUTY=0

[21:50:17.386 CUBESAT]
TS=1786204143.404
PG_5=1
PG_9=0
PG_12=0
FLT_P2=0
FLT_P3=0
HEAT_1_TEMP=0.0
HEAT_1_DUTY=30
ENC_RAW=14099
ENC_ANGLE=309.79248046875
ENC_ACCUM=60.62255859375

[21:50:17.798 EBOX]
TS=1786202813.443
V_SENSE5=0.908203125
V_SENSE9=0.0341796875
V_SENSE12=0.048828125
ADC_V5=4.920654296875
ADC_V9=9.4873046875
ADC_V12=11.60247802734375
ADC_V28=27.7716064453125
THERMAL_SENS_OUT_1=42
THERMAL_SENS_OUT_2=-50
THERMAL_SENS_OUT_3=32
THERMAL_SENS_OUT_4=38
THERMAL_SENS_OUT_5=43
THERMAL_SENS_OUT_6=-50
THERMAL_SENS_INT_1=24
THERMAL_SENS_INT_2=26
PG_5=0
PG_9=0
PG_12=0
FLT_P2=0
FLT_P3=0
HEAT_1_TEMP=42
HEAT_1_DUTY=0
HEAT_2_TEMP=32
HEAT_2_DUTY=30
HEAT_3_TEMP=38
HEAT_3_DUTY=0
HEAT_4_TEMP=43
HEAT_4_DUTY=0

[21:50:17.902 CUBESAT]
TS=1786204143.906
PG_5=1
PG_9=0
PG_12=0
FLT_P2=0
FLT_P3=0
HEAT_1_TEMP=0.0
HEAT_1_DUTY=30
ENC_RAW=14142
ENC_ANGLE=310.7373046875
ENC_ACCUM=61.5673828125

[21:50:18.313 EBOX]
TS=1786202813.944
V_SENSE5=0.8984375
V_SENSE9=0.0341796875
V_SENSE12=0.04638671875
ADC_V5=4.89410400390625
ADC_V9=8.87664794921875
ADC_V12=11.6998291015625
ADC_V28=27.76275634765625
THERMAL_SENS_OUT_1=43
THERMAL_SENS_OUT_2=-50
THERMAL_SENS_OUT_3=32
THERMAL_SENS_OUT_4=35
THERMAL_SENS_OUT_5=48
THERMAL_SENS_OUT_6=-50
THERMAL_SENS_INT_1=28
THERMAL_SENS_INT_2=28
PG_5=0
PG_9=0
PG_12=0
FLT_P2=0
FLT_P3=0
HEAT_1_TEMP=43
HEAT_1_DUTY=0
HEAT_2_TEMP=32
HEAT_2_DUTY=30
HEAT_3_TEMP=35
HEAT_3_DUTY=0
HEAT_4_TEMP=48
HEAT_4_DUTY=0

[21:50:18.316 CUBESAT]
TS=1786204144.407
PG_5=1
PG_9=0
PG_12=0
FLT_P2=0
FLT_P3=0
HEAT_1_TEMP=0.0
HEAT_1_DUTY=30
ENC_RAW=14210
ENC_ANGLE=312.2314453125
ENC_ACCUM=63.0615234375

[21:50:18.829 EBOX]
TS=1786202814.446
V_SENSE5=0.92041015625
V_SENSE9=0.0390625
V_SENSE12=0.0439453125
ADC_V5=4.991455078125
ADC_V9=9.1864013671875
ADC_V12=11.67327880859375
ADC_V28=28.1787109375
THERMAL_SENS_OUT_1=41
THERMAL_SENS_OUT_2=-50
THERMAL_SENS_OUT_3=33
THERMAL_SENS_OUT_4=38
THERMAL_SENS_OUT_5=43
THERMAL_SENS_OUT_6=-50
THERMAL_SENS_INT_1=26
THERMAL_SENS_INT_2=30
PG_5=0
PG_9=0
PG_12=0
FLT_P2=0
FLT_P3=0
HEAT_1_TEMP=41
HEAT_1_DUTY=0
HEAT_2_TEMP=33
HEAT_2_DUTY=0
HEAT_3_TEMP=38
HEAT_3_DUTY=30
HEAT_4_TEMP=43
HEAT_4_DUTY=0

[21:50:18.832 CUBESAT]
TS=1786204144.908
PG_5=1
PG_9=0
PG_12=0
FLT_P2=0
FLT_P3=0
HEAT_1_TEMP=0.0
HEAT_1_DUTY=30
ENC_RAW=14255
ENC_ANGLE=313.22021484375
ENC_ACCUM=64.05029296875

[21:50:19.254 EBOX]
TS=1786202814.948
V_SENSE5=0.888671875
V_SENSE9=0.0341796875
V_SENSE12=0.04150390625
ADC_V5=5.01800537109375
ADC_V9=9.1510009765625
ADC_V12=11.7706298828125
ADC_V28=27.16094970703125
THERMAL_SENS_OUT_1=35
THERMAL_SENS_OUT_2=-50
THERMAL_SENS_OUT_3=36
THERMAL_SENS_OUT_4=34
THERMAL_SENS_OUT_5=43
THERMAL_SENS_OUT_6=-50
THERMAL_SENS_INT_1=28
THERMAL_SENS_INT_2=27
PG_5=0
PG_9=0
PG_12=0
FLT_P2=0
FLT_P3=0
HEAT_1_TEMP=35
HEAT_1_DUTY=0
HEAT_2_TEMP=36
HEAT_2_DUTY=0
HEAT_3_TEMP=34
HEAT_3_DUTY=30
HEAT_4_TEMP=43
HEAT_4_DUTY=0

[21:50:19.358 CUBESAT]
TS=1786204145.409
PG_5=1
PG_9=0
PG_12=0
FLT_P2=0
FLT_P3=0
HEAT_1_TEMP=0.0
HEAT_1_DUTY=30
ENC_RAW=14322
ENC_ANGLE=314.6923828125
ENC_ACCUM=65.5224609375

[21:50:19.778 EBOX]
TS=1786202815.450
V_SENSE5=0.9033203125
V_SENSE9=0.03662109375
V_SENSE12=0.04150390625
ADC_V5=4.96490478515625
ADC_V9=8.80584716796875
ADC_V12=11.6644287109375
ADC_V28=28.01055908203125
THERMAL_SENS_OUT_1=36
THERMAL_SENS_OUT_2=-50
THERMAL_SENS_OUT_3=37
THERMAL_SENS_OUT_4=36
THERMAL_SENS_OUT_5=48
THERMAL_SENS_OUT_6=-50
THERMAL_SENS_INT_1=29
THERMAL_SENS_INT_2=27
PG_5=0
PG_9=0
PG_12=0
FLT_P2=0
FLT_P3=0
HEAT_1_TEMP=36
HEAT_1_DUTY=0
HEAT_2_TEMP=37
HEAT_2_DUTY=0
HEAT_3_TEMP=36
HEAT_3_DUTY=0
HEAT_4_TEMP=48
HEAT_4_DUTY=30

[21:50:19.881 CUBESAT]
TS=1786204145.911
PG_5=1
PG_9=0
PG_12=0
FLT_P2=0
FLT_P3=0
HEAT_1_TEMP=0.0
HEAT_1_DUTY=30
ENC_RAW=14364
ENC_ANGLE=315.615234375
ENC_ACCUM=66.4453125

[21:50:20.306 EBOX]
TS=1786202815.951
V_SENSE5=0.8837890625
V_SENSE9=0.0390625
V_SENSE12=0.048828125
ADC_V5=4.9383544921875
ADC_V9=9.33685302734375
ADC_V12=11.611328125
ADC_V28=27.4884033203125
THERMAL_SENS_OUT_1=34
THERMAL_SENS_OUT_2=-50
THERMAL_SENS_OUT_3=35
THERMAL_SENS_OUT_4=40
THERMAL_SENS_OUT_5=45
THERMAL_SENS_OUT_6=-50
THERMAL_SENS_INT_1=29
THERMAL_SENS_INT_2=28
PG_5=0
PG_9=0
PG_12=0
FLT_P2=0
FLT_P3=0
HEAT_1_TEMP=34
HEAT_1_DUTY=0
HEAT_2_TEMP=35
HEAT_2_DUTY=0
HEAT_3_TEMP=40
HEAT_3_DUTY=0
HEAT_4_TEMP=45
HEAT_4_DUTY=30

[21:50:20.411 CUBESAT]
TS=1786204146.413
PG_5=1
PG_9=0
PG_12=0
FLT_P2=0
FLT_P3=0
HEAT_1_TEMP=0.0
HEAT_1_DUTY=30
ENC_RAW=14432
ENC_ANGLE=317.109375
ENC_ACCUM=67.939453125

[21:50:20.835 EBOX]
TS=1786202816.454
V_SENSE5=0.88623046875
V_SENSE9=0.03662109375
V_SENSE12=0.10498046875
ADC_V5=4.9383544921875
ADC_V9=8.75274658203125
ADC_V12=11.90338134765625
ADC_V28=27.00164794921875
THERMAL_SENS_OUT_1=38
THERMAL_SENS_OUT_2=-50
THERMAL_SENS_OUT_3=39
THERMAL_SENS_OUT_4=37
THERMAL_SENS_OUT_5=43
THERMAL_SENS_OUT_6=-50
THERMAL_SENS_INT_1=25
THERMAL_SENS_INT_2=33
PG_5=0
PG_9=0
PG_12=0
FLT_P2=0
FLT_P3=0
HEAT_1_TEMP=38
HEAT_1_DUTY=30
HEAT_2_TEMP=39
HEAT_2_DUTY=0
HEAT_3_TEMP=37
HEAT_3_DUTY=0
HEAT_4_TEMP=43
HEAT_4_DUTY=0

[21:50:20.838 CUBESAT]
TS=1786204146.914
PG_5=1
PG_9=0
PG_12=0
FLT_P2=0
FLT_P3=0
HEAT_1_TEMP=0.0
HEAT_1_DUTY=30
ENC_RAW=14480
ENC_ANGLE=318.1640625
ENC_ACCUM=68.994140625

[21:50:21.271 EBOX]
TS=1786202816.955
V_SENSE5=0.9130859375
V_SENSE9=0.0390625
V_SENSE12=0.0439453125
ADC_V5=4.91180419921875
ADC_V9=9.33685302734375
ADC_V12=12.02728271484375
ADC_V28=27.12554931640625
THERMAL_SENS_OUT_1=37
THERMAL_SENS_OUT_2=-50
THERMAL_SENS_OUT_3=36
THERMAL_SENS_OUT_4=35
THERMAL_SENS_OUT_5=46
THERMAL_SENS_OUT_6=-50
THERMAL_SENS_INT_1=31
THERMAL_SENS_INT_2=30
PG_5=0
PG_9=0
PG_12=0
FLT_P2=0
FLT_P3=0
HEAT_1_TEMP=37
HEAT_1_DUTY=30
HEAT_2_TEMP=36
HEAT_2_DUTY=0
HEAT_3_TEMP=35
HEAT_3_DUTY=0
HEAT_4_TEMP=46
HEAT_4_DUTY=0

[21:50:21.375 CUBESAT]
TS=1786204147.416
PG_5=1
PG_9=0
PG_12=0
FLT_P2=0
FLT_P3=0
HEAT_1_TEMP=0.0
HEAT_1_DUTY=30
ENC_RAW=14544
ENC_ANGLE=319.5703125
ENC_ACCUM=70.400390625

[21:50:21.791 EBOX]
TS=1786202817.458
V_SENSE5=0.888671875
V_SENSE9=0.0390625
V_SENSE12=0.07568359375
ADC_V5=4.91180419921875
ADC_V9=8.78814697265625
ADC_V12=11.47857666015625
ADC_V28=27.5238037109375
THERMAL_SENS_OUT_1=36
THERMAL_SENS_OUT_2=-50
THERMAL_SENS_OUT_3=34
THERMAL_SENS_OUT_4=37
THERMAL_SENS_OUT_5=48
THERMAL_SENS_OUT_6=-50
THERMAL_SENS_INT_1=27
THERMAL_SENS_INT_2=29
PG_5=0
PG_9=0
PG_12=0
FLT_P2=0
FLT_P3=0
HEAT_1_TEMP=36
HEAT_1_DUTY=0
HEAT_2_TEMP=34
HEAT_2_DUTY=30
HEAT_3_TEMP=37
HEAT_3_DUTY=0
HEAT_4_TEMP=48
HEAT_4_DUTY=0

[21:50:21.895 CUBESAT]
TS=1786204147.918
PG_5=1
PG_9=0
PG_12=0
FLT_P2=0
FLT_P3=0
HEAT_1_TEMP=0.0
HEAT_1_DUTY=30
ENC_RAW=14589
ENC_ANGLE=320.55908203125
ENC_ACCUM=71.38916015625

[21:50:22.315 EBOX]
TS=1786202817.958
V_SENSE5=0.9326171875
V_SENSE9=0.0390625
V_SENSE12=0.04150390625
ADC_V5=4.89410400390625
ADC_V9=9.27490234375
ADC_V12=11.5228271484375
ADC_V28=27.51495361328125
THERMAL_SENS_OUT_1=37
THERMAL_SENS_OUT_2=-50
THERMAL_SENS_OUT_3=37
THERMAL_SENS_OUT_4=35
THERMAL_SENS_OUT_5=44
THERMAL_SENS_OUT_6=-50
THERMAL_SENS_INT_1=24
THERMAL_SENS_INT_2=26
PG_5=0
PG_9=0
PG_12=0
FLT_P2=0
FLT_P3=0
HEAT_1_TEMP=37
HEAT_1_DUTY=0
HEAT_2_TEMP=37
HEAT_2_DUTY=30
HEAT_3_TEMP=35
HEAT_3_DUTY=0
HEAT_4_TEMP=44
HEAT_4_DUTY=0

[21:50:22.420 CUBESAT]
TS=1786204148.420
PG_5=1
PG_9=0
PG_12=0
FLT_P2=0
FLT_P3=0
HEAT_1_TEMP=0.0
HEAT_1_DUTY=30
ENC_RAW=14655
ENC_ANGLE=322.00927734375
ENC_ACCUM=72.83935546875

[21:50:22.847 EBOX]
TS=1786202818.459
V_SENSE5=0.90087890625
V_SENSE9=0.0341796875
V_SENSE12=0.04150390625
ADC_V5=4.85870361328125
ADC_V9=8.9739990234375
ADC_V12=11.6290283203125
ADC_V28=26.9927978515625
THERMAL_SENS_OUT_1=39
THERMAL_SENS_OUT_2=-50
THERMAL_SENS_OUT_3=35
THERMAL_SENS_OUT_4=34
THERMAL_SENS_OUT_5=44
THERMAL_SENS_OUT_6=-50
THERMAL_SENS_INT_1=31
THERMAL_SENS_INT_2=28
PG_5=0
PG_9=0
PG_12=0
FLT_P2=0
FLT_P3=0
HEAT_1_TEMP=39
HEAT_1_DUTY=0
HEAT_2_TEMP=35
HEAT_2_DUTY=0
HEAT_3_TEMP=34
HEAT_3_DUTY=30
HEAT_4_TEMP=44
HEAT_4_DUTY=0

[21:50:22.860 CUBESAT]
TS=1786204148.922
PG_5=1
PG_9=0
PG_12=0
FLT_P2=0
FLT_P3=0
HEAT_1_TEMP=0.0
HEAT_1_DUTY=30
ENC_RAW=14702
ENC_ANGLE=323.0419921875
ENC_ACCUM=73.8720703125

[21:50:23.281 EBOX]
TS=1786202818.962
V_SENSE5=0.94970703125
V_SENSE9=0.0390625
V_SENSE12=0.0439453125
ADC_V5=4.91180419921875
ADC_V9=9.33685302734375
ADC_V12=11.8768310546875
ADC_V28=26.89544677734375
THERMAL_SENS_OUT_1=38
THERMAL_SENS_OUT_2=-50
THERMAL_SENS_OUT_3=36
THERMAL_SENS_OUT_4=34
THERMAL_SENS_OUT_5=43
THERMAL_SENS_OUT_6=-50
THERMAL_SENS_INT_1=28
THERMAL_SENS_INT_2=26
PG_5=0
PG_9=0
PG_12=0
FLT_P2=0
FLT_P3=0
HEAT_1_TEMP=38
HEAT_1_DUTY=0
HEAT_2_TEMP=36
HEAT_2_DUTY=0
HEAT_3_TEMP=34
HEAT_3_DUTY=30
HEAT_4_TEMP=43
HEAT_4_DUTY=0

[21:50:23.385 CUBESAT]
TS=1786204149.423
PG_5=1
PG_9=0
PG_12=0
FLT_P2=0
FLT_P3=0
HEAT_1_TEMP=0.0
HEAT_1_DUTY=30
ENC_RAW=14767
ENC_ANGLE=324.47021484375
ENC_ACCUM=75.30029296875

[21:50:23.800 EBOX]
TS=1786202819.463
V_SENSE5=0.93505859375
V_SENSE9=0.0390625
V_SENSE12=0.04638671875
ADC_V5=4.89410400390625
ADC_V9=9.08905029296875
ADC_V12=11.95648193359375
ADC_V28=27.54150390625
THERMAL_SENS_OUT_1=36
THERMAL_SENS_OUT_2=-50
THERMAL_SENS_OUT_3=35
THERMAL_SENS_OUT_4=40
THERMAL_SENS_OUT_5=45
THERMAL_SENS_OUT_6=-50
THERMAL_SENS_INT_1=30
THERMAL_SENS_INT_2=29
PG_5=0
PG_9=0
PG_12=0
FLT_P2=0
FLT_P3=0
HEAT_1_TEMP=36
HEAT_1_DUTY=0
HEAT_2_TEMP=35
HEAT_2_DUTY=0
HEAT_3_TEMP=40
HEAT_3_DUTY=0
HEAT_4_TEMP=45
HEAT_4_DUTY=30

[21:50:23.904 CUBESAT]
TS=1786204149.924
PG_5=1
PG_9=0
PG_12=0
FLT_P2=0
FLT_P3=0
HEAT_1_TEMP=0.0
HEAT_1_DUTY=30
ENC_RAW=14809
ENC_ANGLE=325.39306640625
ENC_ACCUM=76.22314453125

[21:50:24.326 EBOX]
TS=1786202819.966
V_SENSE5=0.8984375
V_SENSE9=0.03662109375
V_SENSE12=0.06103515625
ADC_V5=4.96490478515625
ADC_V9=9.381103515625
ADC_V12=11.81488037109375
ADC_V28=27.081298828125
THERMAL_SENS_OUT_1=36
THERMAL_SENS_OUT_2=-50
THERMAL_SENS_OUT_3=36
THERMAL_SENS_OUT_4=35
THERMAL_SENS_OUT_5=48
THERMAL_SENS_OUT_6=-50
THERMAL_SENS_INT_1=25
THERMAL_SENS_INT_2=26
PG_5=0
PG_9=0
PG_12=0
FLT_P2=0
FLT_P3=0
HEAT_1_TEMP=36
HEAT_1_DUTY=0
HEAT_2_TEMP=36
HEAT_2_DUTY=0
HEAT_3_TEMP=35
HEAT_3_DUTY=0
HEAT_4_TEMP=48
HEAT_4_DUTY=30

[21:50:24.330 CUBESAT]
TS=1786204150.425
PG_5=1
PG_9=0
PG_12=0
FLT_P2=0
FLT_P3=0
HEAT_1_TEMP=0.0
HEAT_1_DUTY=30
ENC_RAW=14874
ENC_ANGLE=326.8212890625
ENC_ACCUM=77.6513671875

[21:50:24.852 EBOX]
TS=1786202820.467
V_SENSE5=0.90087890625
V_SENSE9=0.03662109375
V_SENSE12=0.0634765625
ADC_V5=4.991455078125
ADC_V9=8.7615966796875
ADC_V12=11.717529296875
ADC_V28=27.081298828125
THERMAL_SENS_OUT_1=38
THERMAL_SENS_OUT_2=-50
THERMAL_SENS_OUT_3=34
THERMAL_SENS_OUT_4=41
THERMAL_SENS_OUT_5=46
THERMAL_SENS_OUT_6=-50
THERMAL_SENS_INT_1=25
THERMAL_SENS_INT_2=31
PG_5=0
PG_9=0
PG_12=0
FLT_P2=0
FLT_P3=0
HEAT_1_TEMP=38
HEAT_1_DUTY=30
HEAT_2_TEMP=34
HEAT_2_DUTY=0
HEAT_3_TEMP=41
HEAT_3_DUTY=0
HEAT_4_TEMP=46
HEAT_4_DUTY=0

[21:50:24.855 CUBESAT]
TS=1786204150.926
PG_5=1
PG_9=0
PG_12=0
FLT_P2=0
FLT_P3=0
HEAT_1_TEMP=0.0
HEAT_1_DUTY=30
ENC_RAW=14918
ENC_ANGLE=327.7880859375
ENC_ACCUM=78.6181640625

[21:50:25.279 EBOX]
TS=1786202820.964
V_SENSE5=1.044921875
V_SENSE9=0.0341796875
V_SENSE12=0.0390625
ADC_V5=4.9029541015625
ADC_V9=9.37225341796875
ADC_V12=11.79718017578125
ADC_V28=27.28485107421875
THERMAL_SENS_OUT_1=38
THERMAL_SENS_OUT_2=-50
THERMAL_SENS_OUT_3=36
THERMAL_SENS_OUT_4=38
THERMAL_SENS_OUT_5=42
THERMAL_SENS_OUT_6=-50
THERMAL_SENS_INT_1=25
THERMAL_SENS_INT_2=29
PG_5=0
PG_9=0
PG_12=0
FLT_P2=0
FLT_P3=0
HEAT_1_TEMP=38
HEAT_1_DUTY=30
HEAT_2_TEMP=36
HEAT_2_DUTY=0
HEAT_3_TEMP=38
HEAT_3_DUTY=0
HEAT_4_TEMP=42
HEAT_4_DUTY=0

[21:50:25.394 CUBESAT]
TS=1786204151.429
PG_5=1
PG_9=0
PG_12=0
FLT_P2=0
FLT_P3=0
HEAT_1_TEMP=0.0
HEAT_1_DUTY=30
ENC_RAW=14986
ENC_ANGLE=329.2822265625
ENC_ACCUM=80.1123046875

[21:50:25.809 EBOX]
TS=1786202821.463
V_SENSE5=0.95458984375
V_SENSE9=0.0341796875
V_SENSE12=0.04638671875
ADC_V5=5.0091552734375
ADC_V9=8.885498046875
ADC_V12=11.82373046875
ADC_V28=27.03704833984375
THERMAL_SENS_OUT_1=39
THERMAL_SENS_OUT_2=-50
THERMAL_SENS_OUT_3=36
THERMAL_SENS_OUT_4=36
THERMAL_SENS_OUT_5=44
THERMAL_SENS_OUT_6=-50
THERMAL_SENS_INT_1=27
THERMAL_SENS_INT_2=27
PG_5=0
PG_9=0
PG_12=0
FLT_P2=0
FLT_P3=0
HEAT_1_TEMP=39
HEAT_1_DUTY=0
HEAT_2_TEMP=36
HEAT_2_DUTY=30
HEAT_3_TEMP=36
HEAT_3_DUTY=0
HEAT_4_TEMP=44
HEAT_4_DUTY=0

[21:50:25.913 CUBESAT]
TS=1786204151.931
PG_5=1
PG_9=0
PG_12=0
FLT_P2=0
FLT_P3=0
HEAT_1_TEMP=0.0
HEAT_1_DUTY=30
ENC_RAW=15029
ENC_ANGLE=330.22705078125
ENC_ACCUM=81.05712890625

[21:50:26.331 EBOX]
TS=1786202821.964
V_SENSE5=1.01318359375
V_SENSE9=0.0390625
V_SENSE12=0.04638671875
ADC_V5=4.8675537109375
ADC_V9=9.381103515625
ADC_V12=11.56707763671875
ADC_V28=27.72735595703125
THERMAL_SENS_OUT_1=43
THERMAL_SENS_OUT_2=-50
THERMAL_SENS_OUT_3=39
THERMAL_SENS_OUT_4=37
THERMAL_SENS_OUT_5=42
THERMAL_SENS_OUT_6=-50
THERMAL_SENS_INT_1=25
THERMAL_SENS_INT_2=30
PG_5=0
PG_9=0
PG_12=0
FLT_P2=0
FLT_P3=0
HEAT_1_TEMP=43
HEAT_1_DUTY=0
HEAT_2_TEMP=39
HEAT_2_DUTY=30
HEAT_3_TEMP=37
HEAT_3_DUTY=0
HEAT_4_TEMP=42
HEAT_4_DUTY=0

[21:50:26.335 CUBESAT]
TS=1786204152.432
PG_5=1
PG_9=0
PG_12=0
FLT_P2=0
FLT_P3=0
HEAT_1_TEMP=0.0
HEAT_1_DUTY=30
ENC_RAW=15092
ENC_ANGLE=331.611328125
ENC_ACCUM=82.44140625

[21:50:26.854 EBOX]
TS=1786202822.466
V_SENSE5=1.005859375
V_SENSE9=0.0341796875
V_SENSE12=0.07568359375
ADC_V5=4.94720458984375
ADC_V9=9.2572021484375
ADC_V12=11.5936279296875
ADC_V28=27.8070068359375
THERMAL_SENS_OUT_1=38
THERMAL_SENS_OUT_2=-50
THERMAL_SENS_OUT_3=37
THERMAL_SENS_OUT_4=35
THERMAL_SENS_OUT_5=47
THERMAL_SENS_OUT_6=-50
THERMAL_SENS_INT_1=26
THERMAL_SENS_INT_2=32
PG_5=0
PG_9=0
PG_12=0
FLT_P2=0
FLT_P3=0
HEAT_1_TEMP=38
HEAT_1_DUTY=0
HEAT_2_TEMP=37
HEAT_2_DUTY=0
HEAT_3_TEMP=35
HEAT_3_DUTY=30
HEAT_4_TEMP=47
HEAT_4_DUTY=0

[21:50:26.858 CUBESAT]
TS=1786204152.934
PG_5=1
PG_9=0
PG_12=0
FLT_P2=0
FLT_P3=0
HEAT_1_TEMP=0.0
HEAT_1_DUTY=30
ENC_RAW=15140
ENC_ANGLE=332.666015625
ENC_ACCUM=83.49609375

[21:50:27.281 EBOX]
TS=1786202822.977
V_SENSE5=0.9326171875
V_SENSE9=0.0390625
V_SENSE12=0.05126953125
ADC_V5=4.991455078125
ADC_V9=9.47845458984375
ADC_V12=11.9476318359375
ADC_V28=27.33795166015625
THERMAL_SENS_OUT_1=43
THERMAL_SENS_OUT_2=-50
THERMAL_SENS_OUT_3=38
THERMAL_SENS_OUT_4=34
THERMAL_SENS_OUT_5=45
THERMAL_SENS_OUT_6=-50
THERMAL_SENS_INT_1=25
THERMAL_SENS_INT_2=30
PG_5=0
PG_9=0
PG_12=0
FLT_P2=0
FLT_P3=0
HEAT_1_TEMP=43
HEAT_1_DUTY=0
HEAT_2_TEMP=38
HEAT_2_DUTY=0
HEAT_3_TEMP=34
HEAT_3_DUTY=30
HEAT_4_TEMP=45
HEAT_4_DUTY=0

[21:50:27.385 CUBESAT]
TS=1786204153.436
PG_5=1
PG_9=0
PG_12=0
FLT_P2=0
FLT_P3=0
HEAT_1_TEMP=0.0
HEAT_1_DUTY=30
ENC_RAW=15205
ENC_ANGLE=334.09423828125
ENC_ACCUM=84.92431640625

[21:50:27.804 EBOX]
TS=1786202823.475
V_SENSE5=0.8642578125
V_SENSE9=0.03662109375
V_SENSE12=0.04150390625
ADC_V5=5.0091552734375
ADC_V9=9.44305419921875
ADC_V12=11.9476318359375
ADC_V28=27.75390625
THERMAL_SENS_OUT_1=38
THERMAL_SENS_OUT_2=-50
THERMAL_SENS_OUT_3=37
THERMAL_SENS_OUT_4=34
THERMAL_SENS_OUT_5=45
THERMAL_SENS_OUT_6=-50
THERMAL_SENS_INT_1=31
THERMAL_SENS_INT_2=29
PG_5=0
PG_9=0
PG_12=0
FLT_P2=0
FLT_P3=0
HEAT_1_TEMP=38
HEAT_1_DUTY=0
HEAT_2_TEMP=37
HEAT_2_DUTY=0
HEAT_3_TEMP=34
HEAT_3_DUTY=0
HEAT_4_TEMP=45
HEAT_4_DUTY=30

[21:50:27.909 CUBESAT]
TS=1786204153.937
PG_5=1
PG_9=0
PG_12=0
FLT_P2=0
FLT_P3=0
HEAT_1_TEMP=0.0
HEAT_1_DUTY=30
ENC_RAW=15248
ENC_ANGLE=335.0390625
ENC_ACCUM=85.869140625

[21:50:28.328 EBOX]
TS=1786202823.977
V_SENSE5=0.9130859375
V_SENSE9=0.0390625
V_SENSE12=0.0439453125
ADC_V5=4.98260498046875
ADC_V9=8.87664794921875
ADC_V12=11.74407958984375
ADC_V28=27.2052001953125
THERMAL_SENS_OUT_1=37
THERMAL_SENS_OUT_2=-50
THERMAL_SENS_OUT_3=35
THERMAL_SENS_OUT_4=39
THERMAL_SENS_OUT_5=44
THERMAL_SENS_OUT_6=-50
THERMAL_SENS_INT_1=31
THERMAL_SENS_INT_2=29
PG_5=0
PG_9=0
PG_12=0
FLT_P2=0
FLT_P3=0
HEAT_1_TEMP=37
HEAT_1_DUTY=0
HEAT_2_TEMP=35
HEAT_2_DUTY=0
HEAT_3_TEMP=39
HEAT_3_DUTY=0
HEAT_4_TEMP=44
HEAT_4_DUTY=30

[21:50:28.434 CUBESAT]
TS=1786204154.438
PG_5=1
PG_9=0
PG_12=0
FLT_P2=0
FLT_P3=0
HEAT_1_TEMP=0.0
HEAT_1_DUTY=30
ENC_RAW=15315
ENC_ANGLE=336.51123046875
ENC_ACCUM=87.34130859375

[21:50:28.848 EBOX]
TS=1786202824.478
V_SENSE5=0.8837890625
V_SENSE9=0.03662109375
V_SENSE12=0.048828125
ADC_V5=4.920654296875
ADC_V9=9.2572021484375
ADC_V12=11.5936279296875
ADC_V28=27.78045654296875
THERMAL_SENS_OUT_1=41
THERMAL_SENS_OUT_2=-50
THERMAL_SENS_OUT_3=34
THERMAL_SENS_OUT_4=36
THERMAL_SENS_OUT_5=48
THERMAL_SENS_OUT_6=-50
THERMAL_SENS_INT_1=25
THERMAL_SENS_INT_2=30
PG_5=0
PG_9=0
PG_12=0
FLT_P2=0
FLT_P3=0
HEAT_1_TEMP=41
HEAT_1_DUTY=30
HEAT_2_TEMP=34
HEAT_2_DUTY=0
HEAT_3_TEMP=36
HEAT_3_DUTY=0
HEAT_4_TEMP=48
HEAT_4_DUTY=0

[21:50:28.852 CUBESAT]
TS=1786204154.939
PG_5=1
PG_9=0
PG_12=0
FLT_P2=0
FLT_P3=0
HEAT_1_TEMP=0.0
HEAT_1_DUTY=30
ENC_RAW=15358
ENC_ANGLE=337.4560546875
ENC_ACCUM=88.2861328125

[21:50:29.271 EBOX]
TS=1786202824.980
V_SENSE5=0.9423828125
V_SENSE9=0.03173828125
V_SENSE12=0.04150390625
ADC_V5=4.96490478515625
ADC_V9=9.23065185546875
ADC_V12=11.9122314453125
ADC_V28=27.46185302734375
THERMAL_SENS_OUT_1=38
THERMAL_SENS_OUT_2=-50
THERMAL_SENS_OUT_3=39
THERMAL_SENS_OUT_4=38
THERMAL_SENS_OUT_5=43
THERMAL_SENS_OUT_6=-50
THERMAL_SENS_INT_1=28
THERMAL_SENS_INT_2=27
PG_5=0
PG_9=0
PG_12=0
FLT_P2=0
FLT_P3=0
HEAT_1_TEMP=38
HEAT_1_DUTY=30
HEAT_2_TEMP=39
HEAT_2_DUTY=0
HEAT_3_TEMP=38
HEAT_3_DUTY=0
HEAT_4_TEMP=43
HEAT_4_DUTY=0

[21:50:29.376 CUBESAT]
TS=1786204155.441
PG_5=1
PG_9=0
PG_12=0
FLT_P2=0
FLT_P3=0
HEAT_1_TEMP=0.0
HEAT_1_DUTY=30
ENC_RAW=15426
ENC_ANGLE=338.9501953125
ENC_ACCUM=89.7802734375

[21:50:29.794 EBOX]
TS=1786202825.482
V_SENSE5=0.89111328125
V_SENSE9=0.07080078125
V_SENSE12=0.0390625
ADC_V5=4.98260498046875
ADC_V9=9.26605224609375
ADC_V12=11.8768310546875
ADC_V28=27.05474853515625
THERMAL_SENS_OUT_1=40
THERMAL_SENS_OUT_2=-50
THERMAL_SENS_OUT_3=37
THERMAL_SENS_OUT_4=35
THERMAL_SENS_OUT_5=46
THERMAL_SENS_OUT_6=-50
THERMAL_SENS_INT_1=24
THERMAL_SENS_INT_2=28
PG_5=0
PG_9=0
PG_12=0
FLT_P2=0
FLT_P3=0
HEAT_1_TEMP=40
HEAT_1_DUTY=0
HEAT_2_TEMP=37
HEAT_2_DUTY=30
HEAT_3_TEMP=35
HEAT_3_DUTY=0
HEAT_4_TEMP=46
HEAT_4_DUTY=0

[21:50:29.899 CUBESAT]
TS=1786204155.943
PG_5=1
PG_9=0
PG_12=0
FLT_P2=0
FLT_P3=0
HEAT_1_TEMP=0.0
HEAT_1_DUTY=30
ENC_RAW=15468
ENC_ANGLE=339.873046875
ENC_ACCUM=90.703125

[21:50:30.320 EBOX]
TS=1786202825.985
V_SENSE5=0.99609375
V_SENSE9=0.0390625
V_SENSE12=0.0439453125
ADC_V5=4.92950439453125
ADC_V9=9.38995361328125
ADC_V12=11.54052734375
ADC_V28=27.39990234375
THERMAL_SENS_OUT_1=37
THERMAL_SENS_OUT_2=-50
THERMAL_SENS_OUT_3=33
THERMAL_SENS_OUT_4=40
THERMAL_SENS_OUT_5=49
THERMAL_SENS_OUT_6=-50
THERMAL_SENS_INT_1=24
THERMAL_SENS_INT_2=32
PG_5=0
PG_9=0
PG_12=0
FLT_P2=0
FLT_P3=0
HEAT_1_TEMP=37
HEAT_1_DUTY=0
HEAT_2_TEMP=33
HEAT_2_DUTY=30
HEAT_3_TEMP=40
HEAT_3_DUTY=0
HEAT_4_TEMP=49
HEAT_4_DUTY=0

[21:50:30.425 CUBESAT]
TS=1786204156.445
PG_5=1
PG_9=0
PG_12=0
FLT_P2=0
FLT_P3=0
HEAT_1_TEMP=0.0
HEAT_1_DUTY=30
ENC_RAW=15535
ENC_ANGLE=341.34521484375
ENC_ACCUM=92.17529296875

[21:50:30.843 EBOX]
TS=1786202826.485
V_SENSE5=0.92041015625
V_SENSE9=0.09521484375
V_SENSE12=0.0390625
ADC_V5=4.9383544921875
ADC_V9=9.00054931640625
ADC_V12=11.8768310546875
ADC_V28=27.081298828125
THERMAL_SENS_OUT_1=39
THERMAL_SENS_OUT_2=-50
THERMAL_SENS_OUT_3=35
THERMAL_SENS_OUT_4=34
THERMAL_SENS_OUT_5=45
THERMAL_SENS_OUT_6=-50
THERMAL_SENS_INT_1=32
THERMAL_SENS_INT_2=28
PG_5=0
PG_9=0
PG_12=0
FLT_P2=0
FLT_P3=0
HEAT_1_TEMP=39
HEAT_1_DUTY=0
HEAT_2_TEMP=35
HEAT_2_DUTY=0
HEAT_3_TEMP=34
HEAT_3_DUTY=30
HEAT_4_TEMP=45
HEAT_4_DUTY=0

[21:50:30.846 CUBESAT]
TS=1786204156.946
PG_5=1
PG_9=0
PG_12=0
FLT_P2=0
FLT_P3=0
HEAT_1_TEMP=0.0
HEAT_1_DUTY=30
ENC_RAW=15579
ENC_ANGLE=342.31201171875
ENC_ACCUM=93.14208984375

[21:50:31.370 EBOX]
TS=1786202826.987
V_SENSE5=0.86669921875
V_SENSE9=0.0341796875
V_SENSE12=0.0439453125
ADC_V5=5.02685546875
ADC_V9=9.381103515625
ADC_V12=11.62017822265625
ADC_V28=27.40875244140625
THERMAL_SENS_OUT_1=36
THERMAL_SENS_OUT_2=-50
THERMAL_SENS_OUT_3=35
THERMAL_SENS_OUT_4=41
THERMAL_SENS_OUT_5=45
THERMAL_SENS_OUT_6=-50
THERMAL_SENS_INT_1=26
THERMAL_SENS_INT_2=33
PG_5=0
PG_9=0
PG_12=0
FLT_P2=0
FLT_P3=0
HEAT_1_TEMP=36
HEAT_1_DUTY=0
HEAT_2_TEMP=35
HEAT_2_DUTY=0
HEAT_3_TEMP=41
HEAT_3_DUTY=30
HEAT_4_TEMP=45
HEAT_4_DUTY=0

[21:50:31.373 CUBESAT]
TS=1786204157.448
PG_5=1
PG_9=0
PG_12=0
FLT_P2=0
FLT_P3=0
HEAT_1_TEMP=0.0
HEAT_1_DUTY=30
ENC_RAW=15658
ENC_ANGLE=344.0478515625
ENC_ACCUM=94.8779296875

[21:50:31.794 EBOX]
TS=1786202827.489
V_SENSE5=0.90087890625
V_SENSE9=0.0390625
V_SENSE12=0.04638671875
ADC_V5=4.991455078125
ADC_V9=8.743896484375
ADC_V12=11.646728515625
ADC_V28=27.99285888671875
THERMAL_SENS_OUT_1=40
THERMAL_SENS_OUT_2=-50
THERMAL_SENS_OUT_3=38
THERMAL_SENS_OUT_4=36
THERMAL_SENS_OUT_5=46
THERMAL_SENS_OUT_6=-50
THERMAL_SENS_INT_1=31
THERMAL_SENS_INT_2=33
PG_5=0
PG_9=0
PG_12=0
FLT_P2=0
FLT_P3=0
HEAT_1_TEMP=40
HEAT_1_DUTY=0
HEAT_2_TEMP=38
HEAT_2_DUTY=0
HEAT_3_TEMP=36
HEAT_3_DUTY=0
HEAT_4_TEMP=46
HEAT_4_DUTY=30

[21:50:31.898 CUBESAT]
TS=1786204157.949
PG_5=1
PG_9=0
PG_12=0
FLT_P2=0
FLT_P3=0
HEAT_1_TEMP=0.0
HEAT_1_DUTY=30
ENC_RAW=15769
ENC_ANGLE=346.48681640625
ENC_ACCUM=97.31689453125

[21:50:32.342 EBOX]
TS=1786202827.990
V_SENSE5=0.8935546875
V_SENSE9=0.03662109375
V_SENSE12=0.04638671875
ADC_V5=5.02685546875
ADC_V9=9.17755126953125
ADC_V12=11.9122314453125
ADC_V28=27.32025146484375
THERMAL_SENS_OUT_1=37
THERMAL_SENS_OUT_2=-50
THERMAL_SENS_OUT_3=37
THERMAL_SENS_OUT_4=35
THERMAL_SENS_OUT_5=47
THERMAL_SENS_OUT_6=-50
THERMAL_SENS_INT_1=26
THERMAL_SENS_INT_2=26
PG_5=0
PG_9=0
PG_12=0
FLT_P2=0
FLT_P3=0
HEAT_1_TEMP=37
HEAT_1_DUTY=0
HEAT_2_TEMP=37
HEAT_2_DUTY=0
HEAT_3_TEMP=35
HEAT_3_DUTY=0
HEAT_4_TEMP=47
HEAT_4_DUTY=30

[21:50:32.447 CUBESAT]
TS=1786204158.450
PG_5=1
PG_9=0
PG_12=0
FLT_P2=0
FLT_P3=0
HEAT_1_TEMP=0.0
HEAT_1_DUTY=30
ENC_RAW=15953
ENC_ANGLE=350.52978515625
ENC_ACCUM=101.35986328125

[21:50:32.864 EBOX]
TS=1786202828.492
V_SENSE5=0.89599609375
V_SENSE9=0.0341796875
V_SENSE12=0.0439453125
ADC_V5=4.814453125
ADC_V9=9.0093994140625
ADC_V12=11.77947998046875
ADC_V28=28.1787109375
THERMAL_SENS_OUT_1=39
THERMAL_SENS_OUT_2=-50
THERMAL_SENS_OUT_3=40
THERMAL_SENS_OUT_4=36
THERMAL_SENS_OUT_5=48
THERMAL_SENS_OUT_6=-50
THERMAL_SENS_INT_1=26
THERMAL_SENS_INT_2=33
PG_5=0
PG_9=0
PG_12=0
FLT_P2=0
FLT_P3=0
HEAT_1_TEMP=39
HEAT_1_DUTY=30
HEAT_2_TEMP=40
HEAT_2_DUTY=0
HEAT_3_TEMP=36
HEAT_3_DUTY=0
HEAT_4_TEMP=48
HEAT_4_DUTY=0

[21:50:32.867 CUBESAT]
TS=1786204158.951
PG_5=1
PG_9=0
PG_12=0
FLT_P2=0
FLT_P3=0
HEAT_1_TEMP=0.0
HEAT_1_DUTY=30
ENC_RAW=16074
ENC_ANGLE=353.1884765625
ENC_ACCUM=104.0185546875

[21:50:33.289 EBOX]
TS=1786202828.993
V_SENSE5=0.869140625
V_SENSE9=0.0341796875
V_SENSE12=0.0390625
ADC_V5=4.98260498046875
ADC_V9=9.17755126953125
ADC_V12=11.79718017578125
ADC_V28=26.868896484375
THERMAL_SENS_OUT_1=37
THERMAL_SENS_OUT_2=-50
THERMAL_SENS_OUT_3=37
THERMAL_SENS_OUT_4=35
THERMAL_SENS_OUT_5=45
THERMAL_SENS_OUT_6=-50
THERMAL_SENS_INT_1=32
THERMAL_SENS_INT_2=29
PG_5=0
PG_9=0
PG_12=0
FLT_P2=0
FLT_P3=0
HEAT_1_TEMP=37
HEAT_1_DUTY=0
HEAT_2_TEMP=37
HEAT_2_DUTY=30
HEAT_3_TEMP=35
HEAT_3_DUTY=0
HEAT_4_TEMP=45
HEAT_4_DUTY=0

[21:50:33.393 CUBESAT]
TS=1786204159.452
PG_5=1
PG_9=0
PG_12=0
FLT_P2=0
FLT_P3=0
HEAT_1_TEMP=0.0
HEAT_1_DUTY=30
ENC_RAW=16266
ENC_ANGLE=357.4072265625
ENC_ACCUM=108.2373046875

[21:50:33.813 EBOX]
TS=1786202829.494
V_SENSE5=0.92529296875
V_SENSE9=0.0341796875
V_SENSE12=0.04150390625
ADC_V5=4.82330322265625
ADC_V9=9.10675048828125
ADC_V12=11.85028076171875
ADC_V28=27.081298828125
THERMAL_SENS_OUT_1=37
THERMAL_SENS_OUT_2=-50
THERMAL_SENS_OUT_3=35
THERMAL_SENS_OUT_4=35
THERMAL_SENS_OUT_5=45
THERMAL_SENS_OUT_6=-50
THERMAL_SENS_INT_1=27
THERMAL_SENS_INT_2=26
PG_5=0
PG_9=0
PG_12=0
FLT_P2=0
FLT_P3=0
HEAT_1_TEMP=37
HEAT_1_DUTY=0
HEAT_2_TEMP=35
HEAT_2_DUTY=30
HEAT_3_TEMP=35
HEAT_3_DUTY=0
HEAT_4_TEMP=45
HEAT_4_DUTY=0

[21:50:33.917 CUBESAT]
TS=1786204159.954
PG_5=1
PG_9=0
PG_12=0
FLT_P2=0
FLT_P3=0
HEAT_1_TEMP=0.0
HEAT_1_DUTY=30
ENC_RAW=8
ENC_ANGLE=0.17578125
ENC_ACCUM=111.005859375

[21:50:34.336 EBOX]
TS=1786202829.996
V_SENSE5=0.9228515625
V_SENSE9=0.09521484375
V_SENSE12=0.07568359375
ADC_V5=5.02685546875
ADC_V9=9.5404052734375
ADC_V12=11.63787841796875
ADC_V28=26.66534423828125
THERMAL_SENS_OUT_1=43
THERMAL_SENS_OUT_2=-50
THERMAL_SENS_OUT_3=41
THERMAL_SENS_OUT_4=35
THERMAL_SENS_OUT_5=45
THERMAL_SENS_OUT_6=-50
THERMAL_SENS_INT_1=29
THERMAL_SENS_INT_2=30
PG_5=0
PG_9=0
PG_12=0
FLT_P2=0
FLT_P3=0
HEAT_1_TEMP=43
HEAT_1_DUTY=0
HEAT_2_TEMP=41
HEAT_2_DUTY=0
HEAT_3_TEMP=35
HEAT_3_DUTY=30
HEAT_4_TEMP=45
HEAT_4_DUTY=0

[21:50:34.440 CUBESAT]
TS=1786204160.456
PG_5=1
PG_9=0
PG_12=0
FLT_P2=0
FLT_P3=0
HEAT_1_TEMP=0.0
HEAT_1_DUTY=30
ENC_RAW=202
ENC_ANGLE=4.4384765625
ENC_ACCUM=115.2685546875

[21:50:34.862 EBOX]
TS=1786202830.499
V_SENSE5=0.9033203125
V_SENSE9=0.03662109375
V_SENSE12=0.0390625
ADC_V5=4.96490478515625
ADC_V9=9.13330078125
ADC_V12=11.88568115234375
ADC_V28=27.7716064453125
THERMAL_SENS_OUT_1=37
THERMAL_SENS_OUT_2=-50
THERMAL_SENS_OUT_3=37
THERMAL_SENS_OUT_4=38
THERMAL_SENS_OUT_5=48
THERMAL_SENS_OUT_6=-50
THERMAL_SENS_INT_1=25
THERMAL_SENS_INT_2=28
PG_5=0
PG_9=0
PG_12=0
FLT_P2=0
FLT_P3=0
HEAT_1_TEMP=37
HEAT_1_DUTY=0
HEAT_2_TEMP=37
HEAT_2_DUTY=0
HEAT_3_TEMP=38
HEAT_3_DUTY=30
HEAT_4_TEMP=48
HEAT_4_DUTY=0

[21:50:34.866 CUBESAT]
TS=1786204160.958
PG_5=1
PG_9=0
PG_12=0
FLT_P2=0
FLT_P3=0
HEAT_1_TEMP=0.0
HEAT_1_DUTY=30
ENC_RAW=329
ENC_ANGLE=7.22900390625
ENC_ACCUM=118.05908203125

[21:50:35.396 EBOX]
TS=1786202831.001
V_SENSE5=0.888671875
V_SENSE9=0.03662109375
V_SENSE12=0.0439453125
ADC_V5=4.80560302734375
ADC_V9=9.37225341796875
ADC_V12=11.9122314453125
ADC_V28=27.5946044921875
THERMAL_SENS_OUT_1=39
THERMAL_SENS_OUT_2=-50
THERMAL_SENS_OUT_3=35
THERMAL_SENS_OUT_4=37
THERMAL_SENS_OUT_5=46
THERMAL_SENS_OUT_6=-50
THERMAL_SENS_INT_1=26
THERMAL_SENS_INT_2=29
PG_5=0
PG_9=0
PG_12=0
FLT_P2=0
FLT_P3=0
HEAT_1_TEMP=39
HEAT_1_DUTY=0
HEAT_2_TEMP=35
HEAT_2_DUTY=0
HEAT_3_TEMP=37
HEAT_3_DUTY=0
HEAT_4_TEMP=46
HEAT_4_DUTY=30

[21:50:35.401 CUBESAT]
TS=1786204161.459
PG_5=1
PG_9=0
PG_12=0
FLT_P2=0
FLT_P3=0
HEAT_1_TEMP=0.0
HEAT_1_DUTY=30
ENC_RAW=520
ENC_ANGLE=11.42578125
ENC_ACCUM=122.255859375

[21:50:35.823 EBOX]
TS=1786202831.503
V_SENSE5=0.8837890625
V_SENSE9=0.0341796875
V_SENSE12=0.07080078125
ADC_V5=4.94720458984375
ADC_V9=8.78814697265625
ADC_V12=11.51397705078125
ADC_V28=27.222900390625
THERMAL_SENS_OUT_1=37
THERMAL_SENS_OUT_2=-50
THERMAL_SENS_OUT_3=37
THERMAL_SENS_OUT_4=38
THERMAL_SENS_OUT_5=45
THERMAL_SENS_OUT_6=-50
THERMAL_SENS_INT_1=28
THERMAL_SENS_INT_2=27
PG_5=0
PG_9=0
PG_12=0
FLT_P2=0
FLT_P3=0
HEAT_1_TEMP=37
HEAT_1_DUTY=0
HEAT_2_TEMP=37
HEAT_2_DUTY=0
HEAT_3_TEMP=38
HEAT_3_DUTY=0
HEAT_4_TEMP=45
HEAT_4_DUTY=30

[21:50:35.927 CUBESAT]
TS=1786204161.961
PG_5=1
PG_9=0
PG_12=0
FLT_P2=0
FLT_P3=0
HEAT_1_TEMP=0.0
HEAT_1_DUTY=30
ENC_RAW=650
ENC_ANGLE=14.2822265625
ENC_ACCUM=125.1123046875

[21:50:36.348 EBOX]
TS=1786202832.005
V_SENSE5=0.908203125
V_SENSE9=0.0390625
V_SENSE12=0.0390625
ADC_V5=4.814453125
ADC_V9=9.3634033203125
ADC_V12=11.69097900390625
ADC_V28=27.74505615234375
THERMAL_SENS_OUT_1=39
THERMAL_SENS_OUT_2=-50
THERMAL_SENS_OUT_3=38
THERMAL_SENS_OUT_4=36
THERMAL_SENS_OUT_5=45
THERMAL_SENS_OUT_6=-50
THERMAL_SENS_INT_1=28
THERMAL_SENS_INT_2=30
PG_5=0
PG_9=0
PG_12=0
FLT_P2=0
FLT_P3=0
HEAT_1_TEMP=39
HEAT_1_DUTY=30
HEAT_2_TEMP=38
HEAT_2_DUTY=0
HEAT_3_TEMP=36
HEAT_3_DUTY=0
HEAT_4_TEMP=45
HEAT_4_DUTY=0

[21:50:36.452 CUBESAT]
TS=1786204162.463
PG_5=1
PG_9=0
PG_12=0
FLT_P2=0
FLT_P3=0
HEAT_1_TEMP=0.0
HEAT_1_DUTY=30
ENC_RAW=838
ENC_ANGLE=18.4130859375
ENC_ACCUM=129.2431640625

[21:50:36.880 EBOX]
TS=1786202832.505
V_SENSE5=0.8984375
V_SENSE9=0.0390625
V_SENSE12=0.04638671875
ADC_V5=4.92950439453125
ADC_V9=9.35455322265625
ADC_V12=11.54052734375
ADC_V28=27.49725341796875
THERMAL_SENS_OUT_1=37
THERMAL_SENS_OUT_2=-50
THERMAL_SENS_OUT_3=40
THERMAL_SENS_OUT_4=37
THERMAL_SENS_OUT_5=48
THERMAL_SENS_OUT_6=-50
THERMAL_SENS_INT_1=26
THERMAL_SENS_INT_2=33
PG_5=0
PG_9=0
PG_12=0
FLT_P2=0
FLT_P3=0
HEAT_1_TEMP=37
HEAT_1_DUTY=30
HEAT_2_TEMP=40
HEAT_2_DUTY=0
HEAT_3_TEMP=37
HEAT_3_DUTY=0
HEAT_4_TEMP=48
HEAT_4_DUTY=0

[21:50:36.883 CUBESAT]
TS=1786204162.964
PG_5=1
PG_9=0
PG_12=0
FLT_P2=0
FLT_P3=0
HEAT_1_TEMP=0.0
HEAT_1_DUTY=30
ENC_RAW=966
ENC_ANGLE=21.2255859375
ENC_ACCUM=132.0556640625

[21:50:37.308 EBOX]
TS=1786202833.007
V_SENSE5=0.8935546875
V_SENSE9=0.0341796875
V_SENSE12=0.0390625
ADC_V5=4.85870361328125
ADC_V9=9.46075439453125
ADC_V12=12.02728271484375
ADC_V28=27.58575439453125
THERMAL_SENS_OUT_1=43
THERMAL_SENS_OUT_2=-50
THERMAL_SENS_OUT_3=41
THERMAL_SENS_OUT_4=38
THERMAL_SENS_OUT_5=44
THERMAL_SENS_OUT_6=-50
THERMAL_SENS_INT_1=25
THERMAL_SENS_INT_2=25
PG_5=0
PG_9=0
PG_12=0
FLT_P2=0
FLT_P3=0
HEAT_1_TEMP=43
HEAT_1_DUTY=0
HEAT_2_TEMP=41
HEAT_2_DUTY=30
HEAT_3_TEMP=38
HEAT_3_DUTY=0
HEAT_4_TEMP=44
HEAT_4_DUTY=0

[21:50:37.412 CUBESAT]
TS=1786204163.467
PG_5=1
PG_9=0
PG_12=0
FLT_P2=0
FLT_P3=0
HEAT_1_TEMP=0.0
HEAT_1_DUTY=30
ENC_RAW=1157
ENC_ANGLE=25.42236328125
ENC_ACCUM=136.25244140625

[21:50:37.835 EBOX]
TS=1786202833.508
V_SENSE5=0.85693359375
V_SENSE9=0.0390625
V_SENSE12=0.04150390625
ADC_V5=5.08880615234375
ADC_V9=9.03594970703125
ADC_V12=11.859130859375
ADC_V28=27.25830078125
THERMAL_SENS_OUT_1=40
THERMAL_SENS_OUT_2=-50
THERMAL_SENS_OUT_3=34
THERMAL_SENS_OUT_4=35
THERMAL_SENS_OUT_5=47
THERMAL_SENS_OUT_6=-50
THERMAL_SENS_INT_1=30
THERMAL_SENS_INT_2=30
PG_5=0
PG_9=0
PG_12=0
FLT_P2=0
FLT_P3=0
HEAT_1_TEMP=40
HEAT_1_DUTY=0
HEAT_2_TEMP=34
HEAT_2_DUTY=30
HEAT_3_TEMP=35
HEAT_3_DUTY=0
HEAT_4_TEMP=47
HEAT_4_DUTY=0

[21:50:37.940 CUBESAT]
TS=1786204163.968
PG_5=1
PG_9=0
PG_12=0
FLT_P2=0
FLT_P3=0
HEAT_1_TEMP=0.0
HEAT_1_DUTY=30
ENC_RAW=1291
ENC_ANGLE=28.36669921875
ENC_ACCUM=139.19677734375

[21:50:38.363 EBOX]
TS=1786202834.011
V_SENSE5=0.8935546875
V_SENSE9=0.0390625
V_SENSE12=0.10498046875
ADC_V5=5.01800537109375
ADC_V9=9.4873046875
ADC_V12=11.60247802734375
ADC_V28=27.28485107421875
THERMAL_SENS_OUT_1=39
THERMAL_SENS_OUT_2=-50
THERMAL_SENS_OUT_3=38
THERMAL_SENS_OUT_4=36
THERMAL_SENS_OUT_5=47
THERMAL_SENS_OUT_6=-50
THERMAL_SENS_INT_1=32
THERMAL_SENS_INT_2=30
PG_5=0
PG_9=0
PG_12=0
FLT_P2=0
FLT_P3=0
HEAT_1_TEMP=39
HEAT_1_DUTY=0
HEAT_2_TEMP=38
HEAT_2_DUTY=0
HEAT_3_TEMP=36
HEAT_3_DUTY=30
HEAT_4_TEMP=47
HEAT_4_DUTY=0

[21:50:38.468 CUBESAT]
TS=1786204164.470
PG_5=1
PG_9=0
PG_12=0
FLT_P2=0
FLT_P3=0
HEAT_1_TEMP=0.0
HEAT_1_DUTY=30
ENC_RAW=1483
ENC_ANGLE=32.58544921875
ENC_ACCUM=143.41552734375

[21:50:38.887 EBOX]
TS=1786202834.514
V_SENSE5=0.86669921875
V_SENSE9=0.0341796875
V_SENSE12=0.04150390625
ADC_V5=5.08880615234375
ADC_V9=9.33685302734375
ADC_V12=11.6644287109375
ADC_V28=27.46185302734375
THERMAL_SENS_OUT_1=44
THERMAL_SENS_OUT_2=-50
THERMAL_SENS_OUT_3=40
THERMAL_SENS_OUT_4=38
THERMAL_SENS_OUT_5=44
THERMAL_SENS_OUT_6=-50
THERMAL_SENS_INT_1=26
THERMAL_SENS_INT_2=33
PG_5=0
PG_9=0
PG_12=0
FLT_P2=0
FLT_P3=0
HEAT_1_TEMP=44
HEAT_1_DUTY=0
HEAT_2_TEMP=40
HEAT_2_DUTY=0
HEAT_3_TEMP=38
HEAT_3_DUTY=30
HEAT_4_TEMP=44
HEAT_4_DUTY=0

[21:50:38.891 CUBESAT]
TS=1786204164.970
PG_5=1
PG_9=0
PG_12=0
FLT_P2=0
FLT_P3=0
HEAT_1_TEMP=0.0
HEAT_1_DUTY=30
ENC_RAW=1613
ENC_ANGLE=35.44189453125
ENC_ACCUM=146.27197265625

[21:50:39.313 EBOX]
TS=1786202835.015
V_SENSE5=0.87158203125
V_SENSE9=0.05126953125
V_SENSE12=0.05126953125
ADC_V5=4.96490478515625
ADC_V9=9.31915283203125
ADC_V12=12.02728271484375
ADC_V28=27.79815673828125
THERMAL_SENS_OUT_1=40
THERMAL_SENS_OUT_2=-50
THERMAL_SENS_OUT_3=37
THERMAL_SENS_OUT_4=41
THERMAL_SENS_OUT_5=46
THERMAL_SENS_OUT_6=-50
THERMAL_SENS_INT_1=29
THERMAL_SENS_INT_2=26
PG_5=0
PG_9=0
PG_12=0
FLT_P2=0
FLT_P3=0
HEAT_1_TEMP=40
HEAT_1_DUTY=0
HEAT_2_TEMP=37
HEAT_2_DUTY=0
HEAT_3_TEMP=41
HEAT_3_DUTY=0
HEAT_4_TEMP=46
HEAT_4_DUTY=30

[21:50:39.417 CUBESAT]
TS=1786204165.472
PG_5=1
PG_9=0
PG_12=0
FLT_P2=0
FLT_P3=0
HEAT_1_TEMP=0.0
HEAT_1_DUTY=30
ENC_RAW=1805
ENC_ANGLE=39.66064453125
ENC_ACCUM=150.49072265625

[21:50:39.839 EBOX]
TS=1786202835.517
V_SENSE5=0.8935546875
V_SENSE9=0.03662109375
V_SENSE12=0.04638671875
ADC_V5=4.849853515625
ADC_V9=9.1510009765625
ADC_V12=11.58477783203125
ADC_V28=27.222900390625
THERMAL_SENS_OUT_1=42
THERMAL_SENS_OUT_2=-50
THERMAL_SENS_OUT_3=38
THERMAL_SENS_OUT_4=39
THERMAL_SENS_OUT_5=44
THERMAL_SENS_OUT_6=-50
THERMAL_SENS_INT_1=26
THERMAL_SENS_INT_2=26
PG_5=0
PG_9=0
PG_12=0
FLT_P2=0
FLT_P3=0
HEAT_1_TEMP=42
HEAT_1_DUTY=0
HEAT_2_TEMP=38
HEAT_2_DUTY=0
HEAT_3_TEMP=39
HEAT_3_DUTY=0
HEAT_4_TEMP=44
HEAT_4_DUTY=30

[21:50:39.945 CUBESAT]
TS=1786204165.973
PG_5=1
PG_9=0
PG_12=0
FLT_P2=0
FLT_P3=0
HEAT_1_TEMP=0.0
HEAT_1_DUTY=30
ENC_RAW=1917
ENC_ANGLE=42.12158203125
ENC_ACCUM=152.95166015625

[21:50:40.365 EBOX]
TS=1786202836.020
V_SENSE5=0.89599609375
V_SENSE9=0.0537109375
V_SENSE12=0.048828125
ADC_V5=4.82330322265625
ADC_V9=9.49615478515625
ADC_V12=11.70867919921875
ADC_V28=26.86004638671875
THERMAL_SENS_OUT_1=44
THERMAL_SENS_OUT_2=-50
THERMAL_SENS_OUT_3=37
THERMAL_SENS_OUT_4=39
THERMAL_SENS_OUT_5=46
THERMAL_SENS_OUT_6=-50
THERMAL_SENS_INT_1=28
THERMAL_SENS_INT_2=26
PG_5=0
PG_9=0
PG_12=0
FLT_P2=0
FLT_P3=0
HEAT_1_TEMP=44
HEAT_1_DUTY=30
HEAT_2_TEMP=37
HEAT_2_DUTY=0
HEAT_3_TEMP=39
HEAT_3_DUTY=0
HEAT_4_TEMP=46
HEAT_4_DUTY=0

[21:50:40.470 CUBESAT]
TS=1786204166.475
PG_5=1
PG_9=0
PG_12=0
FLT_P2=0
FLT_P3=0
HEAT_1_TEMP=0.0
HEAT_1_DUTY=30
ENC_RAW=1924
ENC_ANGLE=42.275390625
ENC_ACCUM=153.10546875

[21:50:40.896 EBOX]
TS=1786202836.520
V_SENSE5=0.9130859375
V_SENSE9=0.0390625
V_SENSE12=0.05126953125
ADC_V5=4.9560546875
ADC_V9=9.0447998046875
ADC_V12=11.88568115234375
ADC_V28=27.28485107421875
THERMAL_SENS_OUT_1=38
THERMAL_SENS_OUT_2=-50
THERMAL_SENS_OUT_3=38
THERMAL_SENS_OUT_4=38
THERMAL_SENS_OUT_5=44
THERMAL_SENS_OUT_6=-50
THERMAL_SENS_INT_1=24
THERMAL_SENS_INT_2=28
PG_5=0
PG_9=0
PG_12=0
FLT_P2=0
FLT_P3=0
HEAT_1_TEMP=38
HEAT_1_DUTY=30
HEAT_2_TEMP=38
HEAT_2_DUTY=0
HEAT_3_TEMP=38
HEAT_3_DUTY=0
HEAT_4_TEMP=44
HEAT_4_DUTY=0

[21:50:40.901 CUBESAT]
TS=1786204166.976
PG_5=1
PG_9=0
PG_12=0
FLT_P2=0
FLT_P3=0
HEAT_1_TEMP=0.0
HEAT_1_DUTY=30
ENC_RAW=1850
ENC_ANGLE=40.6494140625
ENC_ACCUM=151.4794921875

[21:50:41.323 EBOX]
TS=1786202837.023
V_SENSE5=0.9033203125
V_SENSE9=0.0390625
V_SENSE12=0.048828125
ADC_V5=4.94720458984375
ADC_V9=9.097900390625
ADC_V12=12.02728271484375
ADC_V28=27.76275634765625
THERMAL_SENS_OUT_1=39
THERMAL_SENS_OUT_2=-50
THERMAL_SENS_OUT_3=38
THERMAL_SENS_OUT_4=39
THERMAL_SENS_OUT_5=47
THERMAL_SENS_OUT_6=-50
THERMAL_SENS_INT_1=27
THERMAL_SENS_INT_2=27
PG_5=0
PG_9=0
PG_12=0
FLT_P2=0
FLT_P3=0
HEAT_1_TEMP=39
HEAT_1_DUTY=0
HEAT_2_TEMP=38
HEAT_2_DUTY=30
HEAT_3_TEMP=39
HEAT_3_DUTY=0
HEAT_4_TEMP=47
HEAT_4_DUTY=0

[21:50:41.428 CUBESAT]
TS=1786204167.478
PG_5=1
PG_9=0
PG_12=0
FLT_P2=0
FLT_P3=0
HEAT_1_TEMP=0.0
HEAT_1_DUTY=30
ENC_RAW=1667
ENC_ANGLE=36.62841796875
ENC_ACCUM=147.45849609375

[21:50:41.850 EBOX]
TS=1786202837.522
V_SENSE5=0.8935546875
V_SENSE9=0.0341796875
V_SENSE12=0.04150390625
ADC_V5=4.87640380859375
ADC_V9=9.08905029296875
ADC_V12=11.46087646484375
ADC_V28=27.9132080078125
THERMAL_SENS_OUT_1=43
THERMAL_SENS_OUT_2=-50
THERMAL_SENS_OUT_3=38
THERMAL_SENS_OUT_4=37
THERMAL_SENS_OUT_5=43
THERMAL_SENS_OUT_6=-50
THERMAL_SENS_INT_1=28
THERMAL_SENS_INT_2=27
PG_5=0
PG_9=0
PG_12=0
FLT_P2=0
FLT_P3=0
HEAT_1_TEMP=43
HEAT_1_DUTY=0
HEAT_2_TEMP=38
HEAT_2_DUTY=30
HEAT_3_TEMP=37
HEAT_3_DUTY=0
HEAT_4_TEMP=43
HEAT_4_DUTY=0

[21:50:41.955 CUBESAT]
TS=1786204167.979
PG_5=1
PG_9=0
PG_12=0
FLT_P2=0
FLT_P3=0
HEAT_1_TEMP=0.0
HEAT_1_DUTY=30
ENC_RAW=1545
ENC_ANGLE=33.94775390625
ENC_ACCUM=144.77783203125

[21:50:42.373 EBOX]
TS=1786202838.026
V_SENSE5=0.888671875
V_SENSE9=0.0390625
V_SENSE12=0.04150390625
ADC_V5=4.8675537109375
ADC_V9=9.30145263671875
ADC_V12=11.77947998046875
ADC_V28=27.789306640625
THERMAL_SENS_OUT_1=39
THERMAL_SENS_OUT_2=-50
THERMAL_SENS_OUT_3=39
THERMAL_SENS_OUT_4=37
THERMAL_SENS_OUT_5=48
THERMAL_SENS_OUT_6=-50
THERMAL_SENS_INT_1=28
THERMAL_SENS_INT_2=32
PG_5=0
PG_9=0
PG_12=0
FLT_P2=0
FLT_P3=0
HEAT_1_TEMP=39
HEAT_1_DUTY=0
HEAT_2_TEMP=39
HEAT_2_DUTY=0
HEAT_3_TEMP=37
HEAT_3_DUTY=30
HEAT_4_TEMP=48
HEAT_4_DUTY=0

[21:50:42.478 CUBESAT]
TS=1786204168.480
PG_5=1
PG_9=0
PG_12=0
FLT_P2=0
FLT_P3=0
HEAT_1_TEMP=0.0
HEAT_1_DUTY=30
ENC_RAW=1357
ENC_ANGLE=29.81689453125
ENC_ACCUM=140.64697265625

[21:50:42.903 EBOX]
TS=1786202838.526
V_SENSE5=0.9130859375
V_SENSE9=0.0341796875
V_SENSE12=0.04638671875
ADC_V5=4.91180419921875
ADC_V9=9.2041015625
ADC_V12=11.51397705078125
ADC_V28=27.69195556640625
THERMAL_SENS_OUT_1=37
THERMAL_SENS_OUT_2=-50
THERMAL_SENS_OUT_3=36
THERMAL_SENS_OUT_4=40
THERMAL_SENS_OUT_5=44
THERMAL_SENS_OUT_6=-50
THERMAL_SENS_INT_1=32
THERMAL_SENS_INT_2=28
PG_5=0
PG_9=0
PG_12=0
FLT_P2=0
FLT_P3=0
HEAT_1_TEMP=37
HEAT_1_DUTY=0
HEAT_2_TEMP=36
HEAT_2_DUTY=0
HEAT_3_TEMP=40
HEAT_3_DUTY=30
HEAT_4_TEMP=44
HEAT_4_DUTY=0

[21:50:42.906 CUBESAT]
TS=1786204168.981
PG_5=1
PG_9=0
PG_12=0
FLT_P2=0
FLT_P3=0
HEAT_1_TEMP=0.0
HEAT_1_DUTY=30
ENC_RAW=1228
ENC_ANGLE=26.982421875
ENC_ACCUM=137.8125

[21:50:43.333 EBOX]
TS=1786202839.030
V_SENSE5=0.9033203125
V_SENSE9=0.0390625
V_SENSE12=0.0439453125
ADC_V5=4.8321533203125
ADC_V9=9.49615478515625
ADC_V12=11.68212890625
ADC_V28=27.78045654296875
THERMAL_SENS_OUT_1=44
THERMAL_SENS_OUT_2=-50
THERMAL_SENS_OUT_3=35
THERMAL_SENS_OUT_4=38
THERMAL_SENS_OUT_5=47
THERMAL_SENS_OUT_6=-50
THERMAL_SENS_INT_1=27
THERMAL_SENS_INT_2=32
PG_5=0
PG_9=0
PG_12=0
FLT_P2=0
FLT_P3=0
HEAT_1_TEMP=44
HEAT_1_DUTY=0
HEAT_2_TEMP=35
HEAT_2_DUTY=0
HEAT_3_TEMP=38
HEAT_3_DUTY=0
HEAT_4_TEMP=47
HEAT_4_DUTY=30

[21:50:43.437 CUBESAT]
TS=1786204169.483
PG_5=1
PG_9=0
PG_12=0
FLT_P2=0
FLT_P3=0
HEAT_1_TEMP=0.0
HEAT_1_DUTY=30
ENC_RAW=1042
ENC_ANGLE=22.8955078125
ENC_ACCUM=133.7255859375

[21:50:43.861 EBOX]
TS=1786202839.531
V_SENSE5=0.8984375
V_SENSE9=0.0390625
V_SENSE12=0.04150390625
ADC_V5=4.96490478515625
ADC_V9=9.6112060546875
ADC_V12=11.4697265625
ADC_V28=27.79815673828125
THERMAL_SENS_OUT_1=43
THERMAL_SENS_OUT_2=-50
THERMAL_SENS_OUT_3=34
THERMAL_SENS_OUT_4=38
THERMAL_SENS_OUT_5=46
THERMAL_SENS_OUT_6=-50
THERMAL_SENS_INT_1=24
THERMAL_SENS_INT_2=27
PG_5=0
PG_9=0
PG_12=0
FLT_P2=0
FLT_P3=0
HEAT_1_TEMP=43
HEAT_1_DUTY=0
HEAT_2_TEMP=34
HEAT_2_DUTY=0
HEAT_3_TEMP=38
HEAT_3_DUTY=0
HEAT_4_TEMP=46
HEAT_4_DUTY=30

[21:50:43.965 CUBESAT]
TS=1786204169.985
PG_5=1
PG_9=0
PG_12=0
FLT_P2=0
FLT_P3=0
HEAT_1_TEMP=0.0
HEAT_1_DUTY=30
ENC_RAW=916
ENC_ANGLE=20.126953125
ENC_ACCUM=130.95703125

[21:50:44.388 EBOX]
TS=1786202840.032
V_SENSE5=0.8740234375
V_SENSE9=0.0341796875
V_SENSE12=0.05615234375
ADC_V5=4.92950439453125
ADC_V9=9.2041015625
ADC_V12=11.44317626953125
ADC_V28=27.5592041015625
THERMAL_SENS_OUT_1=38
THERMAL_SENS_OUT_2=-50
THERMAL_SENS_OUT_3=39
THERMAL_SENS_OUT_4=38
THERMAL_SENS_OUT_5=45
THERMAL_SENS_OUT_6=-50
THERMAL_SENS_INT_1=25
THERMAL_SENS_INT_2=32
PG_5=0
PG_9=0
PG_12=0
FLT_P2=0
FLT_P3=0
HEAT_1_TEMP=38
HEAT_1_DUTY=30
HEAT_2_TEMP=39
HEAT_2_DUTY=0
HEAT_3_TEMP=38
HEAT_3_DUTY=0
HEAT_4_TEMP=45
HEAT_4_DUTY=0

[21:50:44.392 CUBESAT]
TS=1786204170.487
PG_5=1
PG_9=0
PG_12=0
FLT_P2=0
FLT_P3=0
HEAT_1_TEMP=0.0
HEAT_1_DUTY=30
ENC_RAW=718
ENC_ANGLE=15.7763671875
ENC_ACCUM=126.6064453125

[21:50:44.918 EBOX]
TS=1786202840.534
V_SENSE5=0.91796875
V_SENSE9=0.0341796875
V_SENSE12=0.0439453125
ADC_V5=4.9029541015625
ADC_V9=9.0802001953125
ADC_V12=11.70867919921875
ADC_V28=27.718505859375
THERMAL_SENS_OUT_1=40
THERMAL_SENS_OUT_2=-50
THERMAL_SENS_OUT_3=38
THERMAL_SENS_OUT_4=39
THERMAL_SENS_OUT_5=45
THERMAL_SENS_OUT_6=-50
THERMAL_SENS_INT_1=28
THERMAL_SENS_INT_2=28
PG_5=0
PG_9=0
PG_12=0
FLT_P2=0
FLT_P3=0
HEAT_1_TEMP=40
HEAT_1_DUTY=30
HEAT_2_TEMP=38
HEAT_2_DUTY=0
HEAT_3_TEMP=39
HEAT_3_DUTY=0
HEAT_4_TEMP=45
HEAT_4_DUTY=0

[21:50:44.921 CUBESAT]
TS=1786204170.988
PG_5=1
PG_9=0
PG_12=0
FLT_P2=0
FLT_P3=0
HEAT_1_TEMP=0.0
HEAT_1_DUTY=30
ENC_RAW=600
ENC_ANGLE=13.18359375
ENC_ACCUM=124.013671875

[21:50:45.347 EBOX]
TS=1786202841.035
V_SENSE5=0.9130859375
V_SENSE9=0.0341796875
V_SENSE12=0.05615234375
ADC_V5=4.92950439453125
ADC_V9=9.0447998046875
ADC_V12=11.788330078125
ADC_V28=28.1610107421875
THERMAL_SENS_OUT_1=37
THERMAL_SENS_OUT_2=-50
THERMAL_SENS_OUT_3=42
THERMAL_SENS_OUT_4=37
THERMAL_SENS_OUT_5=49
THERMAL_SENS_OUT_6=-50
THERMAL_SENS_INT_1=28
THERMAL_SENS_INT_2=27
PG_5=0
PG_9=0
PG_12=0
FLT_P2=0
FLT_P3=0
HEAT_1_TEMP=37
HEAT_1_DUTY=0
HEAT_2_TEMP=42
HEAT_2_DUTY=30
HEAT_3_TEMP=37
HEAT_3_DUTY=0
HEAT_4_TEMP=49
HEAT_4_DUTY=0

[21:50:45.452 CUBESAT]
TS=1786204171.490
PG_5=1
PG_9=0
PG_12=0
FLT_P2=0
FLT_P3=0
HEAT_1_TEMP=0.0
HEAT_1_DUTY=30
ENC_RAW=406
ENC_ANGLE=8.9208984375
ENC_ACCUM=119.7509765625

[21:50:45.874 EBOX]
TS=1786202841.536
V_SENSE5=0.92529296875
V_SENSE9=0.0439453125
V_SENSE12=0.0439453125
ADC_V5=4.84100341796875
ADC_V9=9.10675048828125
ADC_V12=11.4697265625
ADC_V28=27.3114013671875
THERMAL_SENS_OUT_1=41
THERMAL_SENS_OUT_2=-50
THERMAL_SENS_OUT_3=41
THERMAL_SENS_OUT_4=37
THERMAL_SENS_OUT_5=50
THERMAL_SENS_OUT_6=-50
THERMAL_SENS_INT_1=31
THERMAL_SENS_INT_2=33
PG_5=0
PG_9=0
PG_12=0
FLT_P2=0
FLT_P3=0
HEAT_1_TEMP=41
HEAT_1_DUTY=0
HEAT_2_TEMP=41
HEAT_2_DUTY=30
HEAT_3_TEMP=37
HEAT_3_DUTY=0
HEAT_4_TEMP=50
HEAT_4_DUTY=0

[21:50:45.979 CUBESAT]
TS=1786204171.991
PG_5=1
PG_9=0
PG_12=0
FLT_P2=0
FLT_P3=0
HEAT_1_TEMP=0.0
HEAT_1_DUTY=30
ENC_RAW=278
ENC_ANGLE=6.1083984375
ENC_ACCUM=116.9384765625

[21:50:46.405 EBOX]
TS=1786202842.038
V_SENSE5=0.9033203125
V_SENSE9=0.0390625
V_SENSE12=0.04150390625
ADC_V5=4.89410400390625
ADC_V9=9.37225341796875
ADC_V12=11.60247802734375
ADC_V28=26.97509765625
THERMAL_SENS_OUT_1=44
THERMAL_SENS_OUT_2=-50
THERMAL_SENS_OUT_3=35
THERMAL_SENS_OUT_4=38
THERMAL_SENS_OUT_5=45
THERMAL_SENS_OUT_6=-50
THERMAL_SENS_INT_1=25
THERMAL_SENS_INT_2=29
PG_5=0
PG_9=0
PG_12=0
FLT_P2=0
FLT_P3=0
HEAT_1_TEMP=44
HEAT_1_DUTY=0
HEAT_2_TEMP=35
HEAT_2_DUTY=0
HEAT_3_TEMP=38
HEAT_3_DUTY=30
HEAT_4_TEMP=45
HEAT_4_DUTY=0

[21:50:46.411 CUBESAT]
TS=1786204172.492
PG_5=1
PG_9=0
PG_12=0
FLT_P2=0
FLT_P3=0
HEAT_1_TEMP=0.0
HEAT_1_DUTY=30
ENC_RAW=88
ENC_ANGLE=1.93359375
ENC_ACCUM=112.763671875

[21:50:46.832 EBOX]
TS=1786202842.541
V_SENSE5=0.869140625
V_SENSE9=0.0390625
V_SENSE12=0.0439453125
ADC_V5=4.9560546875
ADC_V9=9.0447998046875
ADC_V12=11.6998291015625
ADC_V28=27.83355712890625
THERMAL_SENS_OUT_1=40
THERMAL_SENS_OUT_2=-50
THERMAL_SENS_OUT_3=38
THERMAL_SENS_OUT_4=41
THERMAL_SENS_OUT_5=45
THERMAL_SENS_OUT_6=-50
THERMAL_SENS_INT_1=25
THERMAL_SENS_INT_2=28
PG_5=0
PG_9=0
PG_12=0
FLT_P2=0
FLT_P3=0
HEAT_1_TEMP=40
HEAT_1_DUTY=0
HEAT_2_TEMP=38
HEAT_2_DUTY=0
HEAT_3_TEMP=41
HEAT_3_DUTY=30
HEAT_4_TEMP=45
HEAT_4_DUTY=0

[21:50:46.938 CUBESAT]
TS=1786204172.993
PG_5=1
PG_9=0
PG_12=0
FLT_P2=0
FLT_P3=0
HEAT_1_TEMP=0.0
HEAT_1_DUTY=30
ENC_RAW=16342
ENC_ANGLE=359.0771484375
ENC_ACCUM=109.9072265625

[21:50:47.373 EBOX]
TS=1786202843.041
V_SENSE5=0.92529296875
V_SENSE9=0.11474609375
V_SENSE12=0.0439453125
ADC_V5=5.00030517578125
ADC_V9=9.37225341796875
ADC_V12=11.7529296875
ADC_V28=27.92205810546875
THERMAL_SENS_OUT_1=40
THERMAL_SENS_OUT_2=-50
THERMAL_SENS_OUT_3=40
THERMAL_SENS_OUT_4=37
THERMAL_SENS_OUT_5=47
THERMAL_SENS_OUT_6=-50
THERMAL_SENS_INT_1=28
THERMAL_SENS_INT_2=31
PG_5=0
PG_9=0
PG_12=0
FLT_P2=0
FLT_P3=0
HEAT_1_TEMP=40
HEAT_1_DUTY=0
HEAT_2_TEMP=40
HEAT_2_DUTY=0
HEAT_3_TEMP=37
HEAT_3_DUTY=0
HEAT_4_TEMP=47
HEAT_4_DUTY=30

[21:50:47.479 CUBESAT]
TS=1786204173.495
PG_5=1
PG_9=0
PG_12=0
FLT_P2=0
FLT_P3=0
HEAT_1_TEMP=0.0
HEAT_1_DUTY=30
ENC_RAW=16153
ENC_ANGLE=354.92431640625
ENC_ACCUM=105.75439453125

[21:50:47.906 EBOX]
TS=1786202843.543
V_SENSE5=0.8837890625
V_SENSE9=0.0390625
V_SENSE12=0.0439453125
ADC_V5=5.00030517578125
ADC_V9=9.4342041015625
ADC_V12=11.70867919921875
ADC_V28=27.69195556640625
THERMAL_SENS_OUT_1=39
THERMAL_SENS_OUT_2=-50
THERMAL_SENS_OUT_3=38
THERMAL_SENS_OUT_4=37
THERMAL_SENS_OUT_5=46
THERMAL_SENS_OUT_6=-50
THERMAL_SENS_INT_1=24
THERMAL_SENS_INT_2=27
PG_5=0
PG_9=0
PG_12=0
FLT_P2=0
FLT_P3=0
HEAT_1_TEMP=39
HEAT_1_DUTY=0
HEAT_2_TEMP=38
HEAT_2_DUTY=0
HEAT_3_TEMP=37
HEAT_3_DUTY=0
HEAT_4_TEMP=46
HEAT_4_DUTY=30

[21:50:47.910 CUBESAT]
TS=1786204173.997
PG_5=1
PG_9=0
PG_12=0
FLT_P2=0
FLT_P3=0
HEAT_1_TEMP=0.0
HEAT_1_DUTY=30
ENC_RAW=16029
ENC_ANGLE=352.19970703125
ENC_ACCUM=103.02978515625

[21:50:48.434 EBOX]
TS=1786202844.045
V_SENSE5=0.92041015625
V_SENSE9=0.0390625
V_SENSE12=0.04638671875
ADC_V5=5.01800537109375
ADC_V9=9.097900390625
ADC_V12=11.83258056640625
ADC_V28=26.89544677734375
THERMAL_SENS_OUT_1=38
THERMAL_SENS_OUT_2=-50
THERMAL_SENS_OUT_3=38
THERMAL_SENS_OUT_4=37
THERMAL_SENS_OUT_5=47
THERMAL_SENS_OUT_6=-50
THERMAL_SENS_INT_1=24
THERMAL_SENS_INT_2=27
PG_5=0
PG_9=0
PG_12=0
FLT_P2=0
FLT_P3=0
HEAT_1_TEMP=38
HEAT_1_DUTY=30
HEAT_2_TEMP=38
HEAT_2_DUTY=0
HEAT_3_TEMP=37
HEAT_3_DUTY=0
HEAT_4_TEMP=47
HEAT_4_DUTY=0

[21:50:48.438 CUBESAT]
TS=1786204174.499
PG_5=1
PG_9=0
PG_12=0
FLT_P2=0
FLT_P3=0
HEAT_1_TEMP=0.0
HEAT_1_DUTY=30
ENC_RAW=15837
ENC_ANGLE=347.98095703125
ENC_ACCUM=98.81103515625

[21:50:48.862 EBOX]
TS=1786202844.545
V_SENSE5=0.8935546875
V_SENSE9=0.04638671875
V_SENSE12=0.0439453125
ADC_V5=4.84100341796875
ADC_V9=8.9031982421875
ADC_V12=11.9122314453125
ADC_V28=27.05474853515625
THERMAL_SENS_OUT_1=39
THERMAL_SENS_OUT_2=-50
THERMAL_SENS_OUT_3=37
THERMAL_SENS_OUT_4=36
THERMAL_SENS_OUT_5=46
THERMAL_SENS_OUT_6=-50
THERMAL_SENS_INT_1=28
THERMAL_SENS_INT_2=29
PG_5=0
PG_9=0
PG_12=0
FLT_P2=0
FLT_P3=0
HEAT_1_TEMP=39
HEAT_1_DUTY=30
HEAT_2_TEMP=37
HEAT_2_DUTY=0
HEAT_3_TEMP=36
HEAT_3_DUTY=0
HEAT_4_TEMP=46
HEAT_4_DUTY=0

[21:50:48.967 CUBESAT]
TS=1786204175.001
PG_5=1
PG_9=0
PG_12=0
FLT_P2=0
FLT_P3=0
HEAT_1_TEMP=0.0
HEAT_1_DUTY=30
ENC_RAW=15709
ENC_ANGLE=345.16845703125
ENC_ACCUM=95.99853515625

[21:50:49.392 EBOX]
TS=1786202845.047
V_SENSE5=0.908203125
V_SENSE9=0.04150390625
V_SENSE12=0.0439453125
ADC_V5=4.9029541015625
ADC_V9=9.27490234375
ADC_V12=11.47857666015625
ADC_V28=27.68310546875
THERMAL_SENS_OUT_1=38
THERMAL_SENS_OUT_2=-50
THERMAL_SENS_OUT_3=38
THERMAL_SENS_OUT_4=37
THERMAL_SENS_OUT_5=47
THERMAL_SENS_OUT_6=-50
THERMAL_SENS_INT_1=27
THERMAL_SENS_INT_2=34
PG_5=0
PG_9=0
PG_12=0
FLT_P2=0
FLT_P3=0
HEAT_1_TEMP=38
HEAT_1_DUTY=0
HEAT_2_TEMP=38
HEAT_2_DUTY=30
HEAT_3_TEMP=37
HEAT_3_DUTY=0
HEAT_4_TEMP=47
HEAT_4_DUTY=0

[21:50:49.497 CUBESAT]
TS=1786204175.502
PG_5=1
PG_9=0
PG_12=0
FLT_P2=0
FLT_P3=0
HEAT_1_TEMP=0.0
HEAT_1_DUTY=30
ENC_RAW=15523
ENC_ANGLE=341.08154296875
ENC_ACCUM=91.91162109375

[21:50:49.929 EBOX]
TS=1786202845.549
V_SENSE5=0.8740234375
V_SENSE9=0.03662109375
V_SENSE12=0.07568359375
ADC_V5=4.8321533203125
ADC_V9=9.26605224609375
ADC_V12=11.85028076171875
ADC_V28=26.96624755859375
THERMAL_SENS_OUT_1=40
THERMAL_SENS_OUT_2=-50
THERMAL_SENS_OUT_3=39
THERMAL_SENS_OUT_4=38
THERMAL_SENS_OUT_5=44
THERMAL_SENS_OUT_6=-50
THERMAL_SENS_INT_1=28
THERMAL_SENS_INT_2=27
PG_5=0
PG_9=0
PG_12=0
FLT_P2=0
FLT_P3=0
HEAT_1_TEMP=40
HEAT_1_DUTY=0
HEAT_2_TEMP=39
HEAT_2_DUTY=30
HEAT_3_TEMP=38
HEAT_3_DUTY=0
HEAT_4_TEMP=44
HEAT_4_DUTY=0

[21:50:49.935 CUBESAT]
TS=1786204176.003
PG_5=1
PG_9=0
PG_12=0
FLT_P2=0
FLT_P3=0
HEAT_1_TEMP=0.0
HEAT_1_DUTY=30
ENC_RAW=15396
ENC_ANGLE=338.291015625
ENC_ACCUM=89.12109375

[21:50:50.363 EBOX]
TS=1786202846.051
V_SENSE5=0.8984375
V_SENSE9=0.05126953125
V_SENSE12=0.04150390625
ADC_V5=4.92950439453125
ADC_V9=9.08905029296875
ADC_V12=11.62017822265625
ADC_V28=27.930908203125
THERMAL_SENS_OUT_1=44
THERMAL_SENS_OUT_2=-50
THERMAL_SENS_OUT_3=35
THERMAL_SENS_OUT_4=41
THERMAL_SENS_OUT_5=47
THERMAL_SENS_OUT_6=-50
THERMAL_SENS_INT_1=30
THERMAL_SENS_INT_2=27
PG_5=0
PG_9=0
PG_12=0
FLT_P2=0
FLT_P3=0
HEAT_1_TEMP=44
HEAT_1_DUTY=0
HEAT_2_TEMP=35
HEAT_2_DUTY=0
HEAT_3_TEMP=41
HEAT_3_DUTY=30
HEAT_4_TEMP=47
HEAT_4_DUTY=0

[21:50:50.471 CUBESAT]
TS=1786204176.504
PG_5=1
PG_9=0
PG_12=0
FLT_P2=0
FLT_P3=0
HEAT_1_TEMP=0.0
HEAT_1_DUTY=30
ENC_RAW=15209
ENC_ANGLE=334.18212890625
ENC_ACCUM=85.01220703125

[21:50:50.895 EBOX]
TS=1786202846.552
V_SENSE5=0.93017578125
V_SENSE9=0.0390625
V_SENSE12=0.05615234375
ADC_V5=4.9737548828125
ADC_V9=9.2041015625
ADC_V12=11.70867919921875
ADC_V28=28.08135986328125
THERMAL_SENS_OUT_1=38
THERMAL_SENS_OUT_2=-50
THERMAL_SENS_OUT_3=37
THERMAL_SENS_OUT_4=42
THERMAL_SENS_OUT_5=47
THERMAL_SENS_OUT_6=-50
THERMAL_SENS_INT_1=26
THERMAL_SENS_INT_2=32
PG_5=0
PG_9=0
PG_12=0
FLT_P2=0
FLT_P3=0
HEAT_1_TEMP=38
HEAT_1_DUTY=0
HEAT_2_TEMP=37
HEAT_2_DUTY=0
HEAT_3_TEMP=42
HEAT_3_DUTY=30
HEAT_4_TEMP=47
HEAT_4_DUTY=0

[21:50:51.000 CUBESAT]
TS=1786204177.005
PG_5=1
PG_9=0
PG_12=0
FLT_P2=0
FLT_P3=0
HEAT_1_TEMP=0.0
HEAT_1_DUTY=30
ENC_RAW=15083
ENC_ANGLE=331.41357421875
ENC_ACCUM=82.24365234375

[21:50:51.423 EBOX]
TS=1786202847.054
V_SENSE5=0.927734375
V_SENSE9=0.06591796875
V_SENSE12=0.04638671875
ADC_V5=4.96490478515625
ADC_V9=9.14215087890625
ADC_V12=11.5582275390625
ADC_V28=27.8070068359375
THERMAL_SENS_OUT_1=42
THERMAL_SENS_OUT_2=-50
THERMAL_SENS_OUT_3=37
THERMAL_SENS_OUT_4=40
THERMAL_SENS_OUT_5=43
THERMAL_SENS_OUT_6=-50
THERMAL_SENS_INT_1=27
THERMAL_SENS_INT_2=27
PG_5=0
PG_9=0
PG_12=0
FLT_P2=0
FLT_P3=0
HEAT_1_TEMP=42
HEAT_1_DUTY=0
HEAT_2_TEMP=37
HEAT_2_DUTY=0
HEAT_3_TEMP=40
HEAT_3_DUTY=0
HEAT_4_TEMP=43
HEAT_4_DUTY=30

[21:50:51.426 CUBESAT]
TS=1786204177.506
PG_5=1
PG_9=0
PG_12=0
FLT_P2=0
FLT_P3=0
HEAT_1_TEMP=0.0
HEAT_1_DUTY=30
ENC_RAW=14895
ENC_ANGLE=327.28271484375
ENC_ACCUM=78.11279296875

[21:50:51.849 EBOX]
TS=1786202847.555
V_SENSE5=0.89599609375
V_SENSE9=0.0390625
V_SENSE12=0.04638671875
ADC_V5=5.05340576171875
ADC_V9=9.027099609375
ADC_V12=11.8414306640625
ADC_V28=26.9219970703125
THERMAL_SENS_OUT_1=41
THERMAL_SENS_OUT_2=-50
THERMAL_SENS_OUT_3=42
THERMAL_SENS_OUT_4=39
THERMAL_SENS_OUT_5=45
THERMAL_SENS_OUT_6=-50
THERMAL_SENS_INT_1=24
THERMAL_SENS_INT_2=29
PG_5=0
PG_9=0
PG_12=0
FLT_P2=0
FLT_P3=0
HEAT_1_TEMP=41
HEAT_1_DUTY=0
HEAT_2_TEMP=42
HEAT_2_DUTY=0
HEAT_3_TEMP=39
HEAT_3_DUTY=0
HEAT_4_TEMP=45
HEAT_4_DUTY=30

[21:50:51.953 CUBESAT]
TS=1786204178.007
PG_5=1
PG_9=0
PG_12=0
FLT_P2=0
FLT_P3=0
HEAT_1_TEMP=0.0
HEAT_1_DUTY=30
ENC_RAW=14769
ENC_ANGLE=324.51416015625
ENC_ACCUM=75.34423828125

[21:50:52.391 EBOX]
TS=1786202848.057
V_SENSE5=0.888671875
V_SENSE9=0.0390625
V_SENSE12=0.10498046875
ADC_V5=5.01800537109375
ADC_V9=9.239501953125
ADC_V12=11.54937744140625
ADC_V28=27.96630859375
THERMAL_SENS_OUT_1=38
THERMAL_SENS_OUT_2=-50
THERMAL_SENS_OUT_3=35
THERMAL_SENS_OUT_4=39
THERMAL_SENS_OUT_5=45
THERMAL_SENS_OUT_6=-50
THERMAL_SENS_INT_1=25
THERMAL_SENS_INT_2=32
PG_5=0
PG_9=0
PG_12=0
FLT_P2=0
FLT_P3=0
HEAT_1_TEMP=38
HEAT_1_DUTY=30
HEAT_2_TEMP=35
HEAT_2_DUTY=0
HEAT_3_TEMP=39
HEAT_3_DUTY=0
HEAT_4_TEMP=45
HEAT_4_DUTY=0

[21:50:52.495 CUBESAT]
TS=1786204178.508
PG_5=1
PG_9=0
PG_12=0
FLT_P2=0
FLT_P3=0
HEAT_1_TEMP=0.0
HEAT_1_DUTY=30
ENC_RAW=14582
ENC_ANGLE=320.4052734375
ENC_ACCUM=71.2353515625

[21:50:52.925 EBOX]
TS=1786202848.559
V_SENSE5=0.9033203125
V_SENSE9=0.03173828125
V_SENSE12=0.04638671875
ADC_V5=5.21270751953125
ADC_V9=9.03594970703125
ADC_V12=11.7706298828125
ADC_V28=27.718505859375
THERMAL_SENS_OUT_1=38
THERMAL_SENS_OUT_2=-50
THERMAL_SENS_OUT_3=37
THERMAL_SENS_OUT_4=41
THERMAL_SENS_OUT_5=48
THERMAL_SENS_OUT_6=-50
THERMAL_SENS_INT_1=31
THERMAL_SENS_INT_2=30
PG_5=0
PG_9=0
PG_12=0
FLT_P2=0
FLT_P3=0
HEAT_1_TEMP=38
HEAT_1_DUTY=30
HEAT_2_TEMP=37
HEAT_2_DUTY=0
HEAT_3_TEMP=41
HEAT_3_DUTY=0
HEAT_4_TEMP=48
HEAT_4_DUTY=0

[21:50:52.929 CUBESAT]
TS=1786204179.009
PG_5=1
PG_9=0
PG_12=0
FLT_P2=0
FLT_P3=0
HEAT_1_TEMP=0.0
HEAT_1_DUTY=30
ENC_RAW=14455
ENC_ANGLE=317.61474609375
ENC_ACCUM=68.44482421875

[21:50:53.454 EBOX]
TS=1786202849.060
V_SENSE5=0.8984375
V_SENSE9=0.0341796875
V_SENSE12=0.04150390625
ADC_V5=4.91180419921875
ADC_V9=9.28375244140625
ADC_V12=11.40777587890625
ADC_V28=27.30255126953125
THERMAL_SENS_OUT_1=41
THERMAL_SENS_OUT_2=-50
THERMAL_SENS_OUT_3=40
THERMAL_SENS_OUT_4=39
THERMAL_SENS_OUT_5=45
THERMAL_SENS_OUT_6=-50
THERMAL_SENS_INT_1=28
THERMAL_SENS_INT_2=27
PG_5=0
PG_9=0
PG_12=0
FLT_P2=0
FLT_P3=0
HEAT_1_TEMP=41
HEAT_1_DUTY=0
HEAT_2_TEMP=40
HEAT_2_DUTY=30
HEAT_3_TEMP=39
HEAT_3_DUTY=0
HEAT_4_TEMP=45
HEAT_4_DUTY=0

[21:50:53.459 CUBESAT]
TS=1786204179.511
PG_5=1
PG_9=0
PG_12=0
FLT_P2=0
FLT_P3=0
HEAT_1_TEMP=0.0
HEAT_1_DUTY=30
ENC_RAW=14272
ENC_ANGLE=313.59375
ENC_ACCUM=64.423828125

[21:50:53.879 EBOX]
TS=1786202849.562
V_SENSE5=0.87890625
V_SENSE9=0.03662109375
V_SENSE12=0.048828125
ADC_V5=4.9029541015625
ADC_V9=9.01824951171875
ADC_V12=11.4520263671875
ADC_V28=27.010498046875
THERMAL_SENS_OUT_1=38
THERMAL_SENS_OUT_2=-50
THERMAL_SENS_OUT_3=39
THERMAL_SENS_OUT_4=36
THERMAL_SENS_OUT_5=50
THERMAL_SENS_OUT_6=-50
THERMAL_SENS_INT_1=33
THERMAL_SENS_INT_2=26
PG_5=0
PG_9=0
PG_12=0
FLT_P2=0
FLT_P3=0
HEAT_1_TEMP=38
HEAT_1_DUTY=0
HEAT_2_TEMP=39
HEAT_2_DUTY=30
HEAT_3_TEMP=36
HEAT_3_DUTY=0
HEAT_4_TEMP=50
HEAT_4_DUTY=0

[21:50:53.984 CUBESAT]
TS=1786204180.013
PG_5=1
PG_9=0
PG_12=0
FLT_P2=0
FLT_P3=0
HEAT_1_TEMP=0.0
HEAT_1_DUTY=30
ENC_RAW=14141
ENC_ANGLE=310.71533203125
ENC_ACCUM=61.54541015625

[21:50:54.416 EBOX]
TS=1786202850.065
V_SENSE5=0.93017578125
V_SENSE9=0.07080078125
V_SENSE12=0.04150390625
ADC_V5=4.9737548828125
ADC_V9=9.0093994140625
ADC_V12=11.67327880859375
ADC_V28=28.13446044921875
THERMAL_SENS_OUT_1=42
THERMAL_SENS_OUT_2=-50
THERMAL_SENS_OUT_3=42
THERMAL_SENS_OUT_4=39
THERMAL_SENS_OUT_5=45
THERMAL_SENS_OUT_6=-50
THERMAL_SENS_INT_1=28
THERMAL_SENS_INT_2=28
PG_5=0
PG_9=0
PG_12=0
FLT_P2=0
FLT_P3=0
HEAT_1_TEMP=42
HEAT_1_DUTY=0
HEAT_2_TEMP=42
HEAT_2_DUTY=0
HEAT_3_TEMP=39
HEAT_3_DUTY=30
HEAT_4_TEMP=45
HEAT_4_DUTY=0

[21:50:54.419 CUBESAT]
TS=1786204180.515
PG_5=1
PG_9=0
PG_12=0
FLT_P2=0
FLT_P3=0
HEAT_1_TEMP=0.0
HEAT_1_DUTY=30
ENC_RAW=13949
ENC_ANGLE=306.49658203125
ENC_ACCUM=57.32666015625

[21:50:54.944 EBOX]
TS=1786202850.566
V_SENSE5=0.8984375
V_SENSE9=0.03662109375
V_SENSE12=0.04638671875
ADC_V5=4.9560546875
ADC_V9=9.72625732421875
ADC_V12=11.929931640625
ADC_V28=27.01934814453125
THERMAL_SENS_OUT_1=39
THERMAL_SENS_OUT_2=-50
THERMAL_SENS_OUT_3=39
THERMAL_SENS_OUT_4=37
THERMAL_SENS_OUT_5=46
THERMAL_SENS_OUT_6=-50
THERMAL_SENS_INT_1=25
THERMAL_SENS_INT_2=28
PG_5=0
PG_9=0
PG_12=0
FLT_P2=0
FLT_P3=0
HEAT_1_TEMP=39
HEAT_1_DUTY=0
HEAT_2_TEMP=39
HEAT_2_DUTY=0
HEAT_3_TEMP=37
HEAT_3_DUTY=30
HEAT_4_TEMP=46
HEAT_4_DUTY=0

[21:50:54.947 CUBESAT]
TS=1786204181.016
PG_5=1
PG_9=0
PG_12=0
FLT_P2=0
FLT_P3=0
HEAT_1_TEMP=0.0
HEAT_1_DUTY=30
ENC_RAW=13827
ENC_ANGLE=303.81591796875
ENC_ACCUM=54.64599609375

[21:50:55.373 EBOX]
TS=1786202851.068
V_SENSE5=0.8935546875
V_SENSE9=0.03662109375
V_SENSE12=0.0439453125
ADC_V5=4.91180419921875
ADC_V9=9.15985107421875
ADC_V12=11.92108154296875
ADC_V28=27.17864990234375
THERMAL_SENS_OUT_1=40
THERMAL_SENS_OUT_2=-50
THERMAL_SENS_OUT_3=41
THERMAL_SENS_OUT_4=38
THERMAL_SENS_OUT_5=47
THERMAL_SENS_OUT_6=-50
THERMAL_SENS_INT_1=25
THERMAL_SENS_INT_2=32
PG_5=0
PG_9=0
PG_12=0
FLT_P2=0
FLT_P3=0
HEAT_1_TEMP=40
HEAT_1_DUTY=0
HEAT_2_TEMP=41
HEAT_2_DUTY=0
HEAT_3_TEMP=38
HEAT_3_DUTY=0
HEAT_4_TEMP=47
HEAT_4_DUTY=30

[21:50:55.477 CUBESAT]
TS=1786204181.518
PG_5=1
PG_9=0
PG_12=0
FLT_P2=0
FLT_P3=0
HEAT_1_TEMP=0.0
HEAT_1_DUTY=30
ENC_RAW=13636
ENC_ANGLE=299.619140625
ENC_ACCUM=50.44921875

[21:50:55.902 EBOX]
TS=1786202851.569
V_SENSE5=0.8642578125
V_SENSE9=0.0390625
V_SENSE12=0.048828125
ADC_V5=4.94720458984375
ADC_V9=9.56695556640625
ADC_V12=11.434326171875
ADC_V28=27.58575439453125
THERMAL_SENS_OUT_1=38
THERMAL_SENS_OUT_2=-50
THERMAL_SENS_OUT_3=38
THERMAL_SENS_OUT_4=41
THERMAL_SENS_OUT_5=47
THERMAL_SENS_OUT_6=-50
THERMAL_SENS_INT_1=27
THERMAL_SENS_INT_2=34
PG_5=0
PG_9=0
PG_12=0
FLT_P2=0
FLT_P3=0
HEAT_1_TEMP=38
HEAT_1_DUTY=0
HEAT_2_TEMP=38
HEAT_2_DUTY=0
HEAT_3_TEMP=41
HEAT_3_DUTY=0
HEAT_4_TEMP=47
HEAT_4_DUTY=30

[21:50:56.006 CUBESAT]
TS=1786204182.019
PG_5=1
PG_9=0
PG_12=0
FLT_P2=0
FLT_P3=0
HEAT_1_TEMP=0.0
HEAT_1_DUTY=30
ENC_RAW=13507
ENC_ANGLE=296.78466796875
ENC_ACCUM=47.61474609375

[21:50:56.429 EBOX]
TS=1786202852.072
V_SENSE5=0.91064453125
V_SENSE9=0.0537109375
V_SENSE12=0.0390625
ADC_V5=4.814453125
ADC_V9=9.33685302734375
ADC_V12=11.77947998046875
ADC_V28=27.46185302734375
THERMAL_SENS_OUT_1=38
THERMAL_SENS_OUT_2=-50
THERMAL_SENS_OUT_3=37
THERMAL_SENS_OUT_4=38
THERMAL_SENS_OUT_5=47
THERMAL_SENS_OUT_6=-50
THERMAL_SENS_INT_1=24
THERMAL_SENS_INT_2=27
PG_5=0
PG_9=0
PG_12=0
FLT_P2=0
FLT_P3=0
HEAT_1_TEMP=38
HEAT_1_DUTY=30
HEAT_2_TEMP=37
HEAT_2_DUTY=0
HEAT_3_TEMP=38
HEAT_3_DUTY=0
HEAT_4_TEMP=47
HEAT_4_DUTY=0

[21:50:56.433 CUBESAT]
TS=1786204182.521
PG_5=1
PG_9=0
PG_12=0
FLT_P2=0
FLT_P3=0
HEAT_1_TEMP=0.0
HEAT_1_DUTY=30
ENC_RAW=13318
ENC_ANGLE=292.6318359375
ENC_ACCUM=43.4619140625

[21:50:56.973 EBOX]
TS=1786202852.573
V_SENSE5=0.88623046875
V_SENSE9=0.02197265625
V_SENSE12=0.0390625
ADC_V5=4.9383544921875
ADC_V9=9.54925537109375
ADC_V12=11.646728515625
ADC_V28=28.11676025390625
THERMAL_SENS_OUT_1=39
THERMAL_SENS_OUT_2=-50
THERMAL_SENS_OUT_3=38
THERMAL_SENS_OUT_4=42
THERMAL_SENS_OUT_5=45
THERMAL_SENS_OUT_6=-50
THERMAL_SENS_INT_1=26
THERMAL_SENS_INT_2=29
PG_5=0
PG_9=0
PG_12=0
FLT_P2=0
FLT_P3=0
HEAT_1_TEMP=39
HEAT_1_DUTY=30
HEAT_2_TEMP=38
HEAT_2_DUTY=0
HEAT_3_TEMP=42
HEAT_3_DUTY=0
HEAT_4_TEMP=45
HEAT_4_DUTY=0

[21:50:56.979 CUBESAT]
TS=1786204183.022
PG_5=1
PG_9=0
PG_12=0
FLT_P2=0
FLT_P3=0
HEAT_1_TEMP=0.0
HEAT_1_DUTY=30
ENC_RAW=13187
ENC_ANGLE=289.75341796875
ENC_ACCUM=40.58349609375

[21:50:57.404 EBOX]
TS=1786202853.075
V_SENSE5=0.88623046875
V_SENSE9=0.0390625
V_SENSE12=0.04150390625
ADC_V5=5.00030517578125
ADC_V9=8.9031982421875
ADC_V12=11.82373046875
ADC_V28=27.4530029296875
THERMAL_SENS_OUT_1=40
THERMAL_SENS_OUT_2=-50
THERMAL_SENS_OUT_3=38
THERMAL_SENS_OUT_4=43
THERMAL_SENS_OUT_5=46
THERMAL_SENS_OUT_6=-50
THERMAL_SENS_INT_1=27
THERMAL_SENS_INT_2=30
PG_5=0
PG_9=0
PG_12=0
FLT_P2=0
FLT_P3=0
HEAT_1_TEMP=40
HEAT_1_DUTY=0
HEAT_2_TEMP=38
HEAT_2_DUTY=30
HEAT_3_TEMP=43
HEAT_3_DUTY=0
HEAT_4_TEMP=46
HEAT_4_DUTY=0

[21:50:57.510 CUBESAT]
TS=1786204183.523
PG_5=1
PG_9=0
PG_12=0
FLT_P2=0
FLT_P3=0
HEAT_1_TEMP=0.0
HEAT_1_DUTY=30
ENC_RAW=13001
ENC_ANGLE=285.66650390625
ENC_ACCUM=36.49658203125

[21:50:57.941 EBOX]
TS=1786202853.577
V_SENSE5=0.99365234375
V_SENSE9=0.0390625
V_SENSE12=0.0439453125
ADC_V5=4.991455078125
ADC_V9=9.027099609375
ADC_V12=11.88568115234375
ADC_V28=28.11676025390625
THERMAL_SENS_OUT_1=42
THERMAL_SENS_OUT_2=-50
THERMAL_SENS_OUT_3=40
THERMAL_SENS_OUT_4=39
THERMAL_SENS_OUT_5=45
THERMAL_SENS_OUT_6=-50
THERMAL_SENS_INT_1=24
THERMAL_SENS_INT_2=27
PG_5=0
PG_9=0
PG_12=0
FLT_P2=0
FLT_P3=0
HEAT_1_TEMP=42
HEAT_1_DUTY=0
HEAT_2_TEMP=40
HEAT_2_DUTY=30
HEAT_3_TEMP=39
HEAT_3_DUTY=0
HEAT_4_TEMP=45
HEAT_4_DUTY=0

[21:50:57.945 CUBESAT]
TS=1786204184.024
PG_5=1
PG_9=0
PG_12=0
FLT_P2=0
FLT_P3=0
HEAT_1_TEMP=0.0
HEAT_1_DUTY=30
ENC_RAW=12879
ENC_ANGLE=282.98583984375
ENC_ACCUM=33.81591796875

[21:50:58.470 EBOX]
TS=1786202854.078
V_SENSE5=0.91064453125
V_SENSE9=0.0341796875
V_SENSE12=0.04638671875
ADC_V5=4.814453125
ADC_V9=9.4873046875
ADC_V12=11.8060302734375
ADC_V28=27.11669921875
THERMAL_SENS_OUT_1=42
THERMAL_SENS_OUT_2=-50
THERMAL_SENS_OUT_3=42
THERMAL_SENS_OUT_4=42
THERMAL_SENS_OUT_5=47
THERMAL_SENS_OUT_6=-50
THERMAL_SENS_INT_1=30
THERMAL_SENS_INT_2=28
PG_5=0
PG_9=0
PG_12=0
FLT_P2=0
FLT_P3=0
HEAT_1_TEMP=42
HEAT_1_DUTY=0
HEAT_2_TEMP=42
HEAT_2_DUTY=0
HEAT_3_TEMP=42
HEAT_3_DUTY=30
HEAT_4_TEMP=47
HEAT_4_DUTY=0

[21:50:58.474 CUBESAT]
TS=1786204184.526
PG_5=1
PG_9=0
PG_12=0
FLT_P2=0
FLT_P3=0
HEAT_1_TEMP=0.0
HEAT_1_DUTY=30
ENC_RAW=12683
ENC_ANGLE=278.67919921875
ENC_ACCUM=29.50927734375

[21:50:58.913 EBOX]
TS=1786202854.580
V_SENSE5=0.88134765625
V_SENSE9=0.03662109375
V_SENSE12=0.06591796875
ADC_V5=4.9560546875
ADC_V9=8.9031982421875
ADC_V12=11.74407958984375
ADC_V28=28.037109375
THERMAL_SENS_OUT_1=38
THERMAL_SENS_OUT_2=-50
THERMAL_SENS_OUT_3=40
THERMAL_SENS_OUT_4=38
THERMAL_SENS_OUT_5=44
THERMAL_SENS_OUT_6=-50
THERMAL_SENS_INT_1=27
THERMAL_SENS_INT_2=27
PG_5=0
PG_9=0
PG_12=0
FLT_P2=0
FLT_P3=0
HEAT_1_TEMP=38
HEAT_1_DUTY=0
HEAT_2_TEMP=40
HEAT_2_DUTY=0
HEAT_3_TEMP=38
HEAT_3_DUTY=30
HEAT_4_TEMP=44
HEAT_4_DUTY=0

[21:50:59.020 CUBESAT]
TS=1786204185.028
PG_5=1
PG_9=0
PG_12=0
FLT_P2=0
FLT_P3=0
HEAT_1_TEMP=0.0
HEAT_1_DUTY=30
ENC_RAW=12556
ENC_ANGLE=275.888671875
ENC_ACCUM=26.71875

[21:50:59.446 EBOX]
TS=1786202855.082
V_SENSE5=0.908203125
V_SENSE9=0.0390625
V_SENSE12=0.048828125
ADC_V5=4.920654296875
ADC_V9=9.2041015625
ADC_V12=12.02728271484375
ADC_V28=27.51495361328125
THERMAL_SENS_OUT_1=41
THERMAL_SENS_OUT_2=-50
THERMAL_SENS_OUT_3=38
THERMAL_SENS_OUT_4=38
THERMAL_SENS_OUT_5=50
THERMAL_SENS_OUT_6=-50
THERMAL_SENS_INT_1=27
THERMAL_SENS_INT_2=33
PG_5=0
PG_9=0
PG_12=0
FLT_P2=0
FLT_P3=0
HEAT_1_TEMP=41
HEAT_1_DUTY=0
HEAT_2_TEMP=38
HEAT_2_DUTY=0
HEAT_3_TEMP=38
HEAT_3_DUTY=0
HEAT_4_TEMP=50
HEAT_4_DUTY=30

[21:50:59.452 CUBESAT]
TS=1786204185.530
PG_5=1
PG_9=0
PG_12=0
FLT_P2=0
FLT_P3=0
HEAT_1_TEMP=0.0
HEAT_1_DUTY=30
ENC_RAW=12362
ENC_ANGLE=271.6259765625
ENC_ACCUM=22.4560546875

[21:50:59.973 EBOX]
TS=1786202855.584
V_SENSE5=0.8984375
V_SENSE9=0.0341796875
V_SENSE12=0.0439453125
ADC_V5=5.05340576171875
ADC_V9=9.168701171875
ADC_V12=11.76177978515625
ADC_V28=27.51495361328125
THERMAL_SENS_OUT_1=40
THERMAL_SENS_OUT_2=-50
THERMAL_SENS_OUT_3=35
THERMAL_SENS_OUT_4=38
THERMAL_SENS_OUT_5=47
THERMAL_SENS_OUT_6=-50
THERMAL_SENS_INT_1=31
THERMAL_SENS_INT_2=27
PG_5=0
PG_9=0
PG_12=0
FLT_P2=0
FLT_P3=0
HEAT_1_TEMP=40
HEAT_1_DUTY=0
HEAT_2_TEMP=35
HEAT_2_DUTY=0
HEAT_3_TEMP=38
HEAT_3_DUTY=0
HEAT_4_TEMP=47
HEAT_4_DUTY=30

[21:50:59.977 CUBESAT]
TS=1786204186.032
PG_5=1
PG_9=0
PG_12=0
FLT_P2=0
FLT_P3=0
HEAT_1_TEMP=0.0
HEAT_1_DUTY=30
ENC_RAW=12234
ENC_ANGLE=268.8134765625
ENC_ACCUM=19.6435546875

[21:51:00.400 EBOX]
TS=1786202856.087
V_SENSE5=0.91796875
V_SENSE9=0.07080078125
V_SENSE12=0.04150390625
ADC_V5=4.89410400390625
ADC_V9=9.54925537109375
ADC_V12=11.788330078125
ADC_V28=26.97509765625
THERMAL_SENS_OUT_1=40
THERMAL_SENS_OUT_2=-50
THERMAL_SENS_OUT_3=40
THERMAL_SENS_OUT_4=38
THERMAL_SENS_OUT_5=46
THERMAL_SENS_OUT_6=-50
THERMAL_SENS_INT_1=27
THERMAL_SENS_INT_2=26
PG_5=0
PG_9=0
PG_12=0
FLT_P2=0
FLT_P3=0
HEAT_1_TEMP=40
HEAT_1_DUTY=30
HEAT_2_TEMP=40
HEAT_2_DUTY=0
HEAT_3_TEMP=38
HEAT_3_DUTY=0
HEAT_4_TEMP=46
HEAT_4_DUTY=0

[21:51:00.504 CUBESAT]
TS=1786204186.533
PG_5=1
PG_9=0
PG_12=0
FLT_P2=0
FLT_P3=0
HEAT_1_TEMP=0.0
HEAT_1_DUTY=30
ENC_RAW=12042
ENC_ANGLE=264.5947265625
ENC_ACCUM=15.4248046875

[21:51:00.927 EBOX]
TS=1786202856.587
V_SENSE5=0.87158203125
V_SENSE9=0.0390625
V_SENSE12=0.04638671875
ADC_V5=5.00030517578125
ADC_V9=9.62005615234375
ADC_V12=11.72637939453125
ADC_V28=28.08135986328125
THERMAL_SENS_OUT_1=39
THERMAL_SENS_OUT_2=-50
THERMAL_SENS_OUT_3=40
THERMAL_SENS_OUT_4=39
THERMAL_SENS_OUT_5=45
THERMAL_SENS_OUT_6=-50
THERMAL_SENS_INT_1=25
THERMAL_SENS_INT_2=34
PG_5=0
PG_9=0
PG_12=0
FLT_P2=0
FLT_P3=0
HEAT_1_TEMP=39
HEAT_1_DUTY=30
HEAT_2_TEMP=40
HEAT_2_DUTY=0
HEAT_3_TEMP=39
HEAT_3_DUTY=0
HEAT_4_TEMP=45
HEAT_4_DUTY=0

[21:51:01.031 CUBESAT]
TS=1786204187.034
PG_5=1
PG_9=0
PG_12=0
FLT_P2=0
FLT_P3=0
HEAT_1_TEMP=0.0
HEAT_1_DUTY=30
ENC_RAW=11915
ENC_ANGLE=261.80419921875
ENC_ACCUM=12.63427734375

[21:51:01.463 EBOX]
TS=1786202857.088
V_SENSE5=0.90087890625
V_SENSE9=0.0341796875
V_SENSE12=0.048828125
ADC_V5=4.814453125
ADC_V9=9.00054931640625
ADC_V12=11.88568115234375
ADC_V28=26.94854736328125
THERMAL_SENS_OUT_1=41
THERMAL_SENS_OUT_2=-50
THERMAL_SENS_OUT_3=36
THERMAL_SENS_OUT_4=39
THERMAL_SENS_OUT_5=46
THERMAL_SENS_OUT_6=-50
THERMAL_SENS_INT_1=26
THERMAL_SENS_INT_2=27
PG_5=0
PG_9=0
PG_12=0
FLT_P2=0
FLT_P3=0
HEAT_1_TEMP=41
HEAT_1_DUTY=0
HEAT_2_TEMP=36
HEAT_2_DUTY=30
HEAT_3_TEMP=39
HEAT_3_DUTY=0
HEAT_4_TEMP=46
HEAT_4_DUTY=0

[21:51:01.468 CUBESAT]
TS=1786204187.534
PG_5=1
PG_9=0
PG_12=0
FLT_P2=0
FLT_P3=0
HEAT_1_TEMP=0.0
HEAT_1_DUTY=30
ENC_RAW=11724
ENC_ANGLE=257.607421875
ENC_ACCUM=8.4375

[21:51:01.896 EBOX]
TS=1786202857.591
V_SENSE5=0.8935546875
V_SENSE9=0.0390625
V_SENSE12=0.0439453125
ADC_V5=4.9560546875
ADC_V9=9.44305419921875
ADC_V12=11.434326171875
ADC_V28=27.79815673828125
THERMAL_SENS_OUT_1=38
THERMAL_SENS_OUT_2=-50
THERMAL_SENS_OUT_3=36
THERMAL_SENS_OUT_4=37
THERMAL_SENS_OUT_5=47
THERMAL_SENS_OUT_6=-50
THERMAL_SENS_INT_1=25
THERMAL_SENS_INT_2=29
PG_5=0
PG_9=0
PG_12=0
FLT_P2=0
FLT_P3=0
HEAT_1_TEMP=38
HEAT_1_DUTY=0
HEAT_2_TEMP=36
HEAT_2_DUTY=30
HEAT_3_TEMP=37
HEAT_3_DUTY=0
HEAT_4_TEMP=47
HEAT_4_DUTY=0

[21:51:02.002 CUBESAT]
TS=1786204188.035
PG_5=1
PG_9=0
PG_12=0
FLT_P2=0
FLT_P3=0
HEAT_1_TEMP=0.0
HEAT_1_DUTY=30
ENC_RAW=11599
ENC_ANGLE=254.86083984375
ENC_ACCUM=5.69091796875

[21:51:02.430 EBOX]
TS=1786202858.095
V_SENSE5=0.9130859375
V_SENSE9=0.0390625
V_SENSE12=0.05126953125
ADC_V5=5.00030517578125
ADC_V9=9.17755126953125
ADC_V12=11.717529296875
ADC_V28=27.3114013671875
THERMAL_SENS_OUT_1=43
THERMAL_SENS_OUT_2=-50
THERMAL_SENS_OUT_3=39
THERMAL_SENS_OUT_4=39
THERMAL_SENS_OUT_5=48
THERMAL_SENS_OUT_6=-50
THERMAL_SENS_INT_1=24
THERMAL_SENS_INT_2=30
PG_5=0
PG_9=0
PG_12=0
FLT_P2=0
FLT_P3=0
HEAT_1_TEMP=43
HEAT_1_DUTY=0
HEAT_2_TEMP=39
HEAT_2_DUTY=0
HEAT_3_TEMP=39
HEAT_3_DUTY=30
HEAT_4_TEMP=48
HEAT_4_DUTY=0

[21:51:02.536 CUBESAT]
TS=1786204188.537
PG_5=1
PG_9=0
PG_12=0
FLT_P2=0
FLT_P3=0
HEAT_1_TEMP=0.0
HEAT_1_DUTY=30
ENC_RAW=11455
ENC_ANGLE=251.69677734375
ENC_ACCUM=2.52685546875

[21:51:02.962 EBOX]
TS=1786202858.596
V_SENSE5=0.9375
V_SENSE9=0.11474609375
V_SENSE12=0.0537109375
ADC_V5=4.88525390625
ADC_V9=9.38995361328125
ADC_V12=11.83258056640625
ADC_V28=27.76275634765625
THERMAL_SENS_OUT_1=42
THERMAL_SENS_OUT_2=-50
THERMAL_SENS_OUT_3=36
THERMAL_SENS_OUT_4=38
THERMAL_SENS_OUT_5=48
THERMAL_SENS_OUT_6=-50
THERMAL_SENS_INT_1=28
THERMAL_SENS_INT_2=33
PG_5=0
PG_9=0
PG_12=0
FLT_P2=0
FLT_P3=0
HEAT_1_TEMP=42
HEAT_1_DUTY=0
HEAT_2_TEMP=36
HEAT_2_DUTY=0
HEAT_3_TEMP=38
HEAT_3_DUTY=30
HEAT_4_TEMP=48
HEAT_4_DUTY=0

[21:51:02.966 CUBESAT]
TS=1786204189.039
PG_5=1
PG_9=0
PG_12=0
FLT_P2=0
FLT_P3=0
HEAT_1_TEMP=0.0
HEAT_1_DUTY=30
ENC_RAW=11456
ENC_ANGLE=251.71875
ENC_ACCUM=2.548828125

[21:51:03.505 EBOX]
TS=1786202859.095
V_SENSE5=0.92041015625
V_SENSE9=0.0390625
V_SENSE12=0.0439453125
ADC_V5=4.849853515625
ADC_V9=9.07135009765625
ADC_V12=11.89453125
ADC_V28=27.17864990234375
THERMAL_SENS_OUT_1=40
THERMAL_SENS_OUT_2=-50
THERMAL_SENS_OUT_3=37
THERMAL_SENS_OUT_4=37
THERMAL_SENS_OUT_5=49
THERMAL_SENS_OUT_6=-50
THERMAL_SENS_INT_1=30
THERMAL_SENS_INT_2=31
PG_5=0
PG_9=0
PG_12=0
FLT_P2=0
FLT_P3=0
HEAT_1_TEMP=40
HEAT_1_DUTY=0
HEAT_2_TEMP=37
HEAT_2_DUTY=0
HEAT_3_TEMP=37
HEAT_3_DUTY=0
HEAT_4_TEMP=49
HEAT_4_DUTY=30

[21:51:03.510 CUBESAT]
TS=1786204189.540
PG_5=1
PG_9=0
PG_12=0
FLT_P2=0
FLT_P3=0
HEAT_1_TEMP=0.0
HEAT_1_DUTY=30
ENC_RAW=11457
ENC_ANGLE=251.74072265625
ENC_ACCUM=2.57080078125

[21:51:03.942 EBOX]
TS=1786202859.597
V_SENSE5=0.88134765625
V_SENSE9=0.0341796875
V_SENSE12=0.06103515625
ADC_V5=4.87640380859375
ADC_V9=9.12445068359375
ADC_V12=11.717529296875
ADC_V28=28.18756103515625
THERMAL_SENS_OUT_1=39
THERMAL_SENS_OUT_2=-50
THERMAL_SENS_OUT_3=38
THERMAL_SENS_OUT_4=43
THERMAL_SENS_OUT_5=44
THERMAL_SENS_OUT_6=-50
THERMAL_SENS_INT_1=26
THERMAL_SENS_INT_2=27
PG_5=0
PG_9=0
PG_12=0
FLT_P2=0
FLT_P3=0
HEAT_1_TEMP=39
HEAT_1_DUTY=0
HEAT_2_TEMP=38
HEAT_2_DUTY=0
HEAT_3_TEMP=43
HEAT_3_DUTY=0
HEAT_4_TEMP=44
HEAT_4_DUTY=30

[21:51:04.047 CUBESAT]
TS=1786204190.041
PG_5=1
PG_9=0
PG_12=0
FLT_P2=0
FLT_P3=0
HEAT_1_TEMP=0.0
HEAT_1_DUTY=30
ENC_RAW=11457
ENC_ANGLE=251.74072265625
ENC_ACCUM=2.57080078125

[21:51:04.470 EBOX]
TS=1786202860.099
V_SENSE5=0.49560546875
V_SENSE9=1.1376953125
V_SENSE12=0.1171875
ADC_V5=5.0091552734375
ADC_V9=9.31915283203125
ADC_V12=11.89453125
ADC_V28=26.9219970703125
THERMAL_SENS_OUT_1=43
THERMAL_SENS_OUT_2=-50
THERMAL_SENS_OUT_3=37
THERMAL_SENS_OUT_4=42
THERMAL_SENS_OUT_5=48
THERMAL_SENS_OUT_6=-50
THERMAL_SENS_INT_1=24
THERMAL_SENS_INT_2=30
PG_5=0
PG_9=0
PG_12=0
FLT_P2=0
FLT_P3=0
HEAT_1_TEMP=43
HEAT_1_DUTY=30
HEAT_2_TEMP=37
HEAT_2_DUTY=0
HEAT_3_TEMP=42
HEAT_3_DUTY=0
HEAT_4_TEMP=48
HEAT_4_DUTY=0

[21:51:04.474 CUBESAT]
TS=1786204190.543
PG_5=1
PG_9=0
PG_12=0
FLT_P2=0
FLT_P3=0
HEAT_1_TEMP=0.0
HEAT_1_DUTY=30
ENC_RAW=11457
ENC_ANGLE=251.74072265625
ENC_ACCUM=2.57080078125

[21:51:04.898 EBOX]
TS=1786202860.600
V_SENSE5=0.8935546875
V_SENSE9=0.0341796875
V_SENSE12=0.0439453125
ADC_V5=5.02685546875
ADC_V9=8.7261962890625
ADC_V12=11.67327880859375
ADC_V28=28.02825927734375
THERMAL_SENS_OUT_1=38
THERMAL_SENS_OUT_2=-50
THERMAL_SENS_OUT_3=40
THERMAL_SENS_OUT_4=38
THERMAL_SENS_OUT_5=51
THERMAL_SENS_OUT_6=-50
THERMAL_SENS_INT_1=29
THERMAL_SENS_INT_2=28
PG_5=0
PG_9=0
PG_12=0
FLT_P2=0
FLT_P3=0
HEAT_1_TEMP=38
HEAT_1_DUTY=30
HEAT_2_TEMP=40
HEAT_2_DUTY=0
HEAT_3_TEMP=38
HEAT_3_DUTY=0
HEAT_4_TEMP=51
HEAT_4_DUTY=0

[21:51:05.003 CUBESAT]
TS=1786204191.044
PG_5=1
PG_9=0
PG_12=0
FLT_P2=0
FLT_P3=0
HEAT_1_TEMP=0.0
HEAT_1_DUTY=30
ENC_RAW=11457
ENC_ANGLE=251.74072265625
ENC_ACCUM=2.57080078125

[21:51:05.429 EBOX]
TS=1786202861.102
V_SENSE5=1.23779296875
V_SENSE9=1.54052734375
V_SENSE12=0.1025390625
ADC_V5=4.98260498046875
ADC_V9=9.10675048828125
ADC_V12=11.92108154296875
ADC_V28=27.3822021484375
THERMAL_SENS_OUT_1=38
THERMAL_SENS_OUT_2=-50
THERMAL_SENS_OUT_3=43
THERMAL_SENS_OUT_4=41
THERMAL_SENS_OUT_5=46
THERMAL_SENS_OUT_6=-50
THERMAL_SENS_INT_1=26
THERMAL_SENS_INT_2=33
PG_5=0
PG_9=0
PG_12=0
FLT_P2=0
FLT_P3=0
HEAT_1_TEMP=38
HEAT_1_DUTY=0
HEAT_2_TEMP=43
HEAT_2_DUTY=30
HEAT_3_TEMP=41
HEAT_3_DUTY=0
HEAT_4_TEMP=46
HEAT_4_DUTY=0

[21:51:05.533 CUBESAT]
TS=1786204191.545
PG_5=1
PG_9=0
PG_12=0
FLT_P2=0
FLT_P3=0
HEAT_1_TEMP=0.0
HEAT_1_DUTY=30
ENC_RAW=11457
ENC_ANGLE=251.74072265625
ENC_ACCUM=2.57080078125

[21:51:05.955 EBOX]
TS=1786202861.603
V_SENSE5=0.9228515625
V_SENSE9=0.03662109375
V_SENSE12=0.04150390625
ADC_V5=5.0091552734375
ADC_V9=9.2926025390625
ADC_V12=11.92108154296875
ADC_V28=28.02825927734375
THERMAL_SENS_OUT_1=43
THERMAL_SENS_OUT_2=-50
THERMAL_SENS_OUT_3=42
THERMAL_SENS_OUT_4=40
THERMAL_SENS_OUT_5=45
THERMAL_SENS_OUT_6=-50
THERMAL_SENS_INT_1=32
THERMAL_SENS_INT_2=31
PG_5=0
PG_9=0
PG_12=0
FLT_P2=0
FLT_P3=0
HEAT_1_TEMP=43
HEAT_1_DUTY=0
HEAT_2_TEMP=42
HEAT_2_DUTY=30
HEAT_3_TEMP=40
HEAT_3_DUTY=0
HEAT_4_TEMP=45
HEAT_4_DUTY=0

[21:51:05.960 CUBESAT]
TS=1786204192.047
PG_5=1
PG_9=0
PG_12=0
FLT_P2=0
FLT_P3=0
HEAT_1_TEMP=0.0
HEAT_1_DUTY=30
ENC_RAW=11457
ENC_ANGLE=251.74072265625
ENC_ACCUM=2.57080078125

[21:51:06.486 EBOX]
TS=1786202862.106
V_SENSE5=0.46875
V_SENSE9=1.61865234375
V_SENSE12=0.0732421875
ADC_V5=5.0091552734375
ADC_V9=9.38995361328125
ADC_V12=11.575927734375
ADC_V28=27.2760009765625
THERMAL_SENS_OUT_1=45
THERMAL_SENS_OUT_2=-50
THERMAL_SENS_OUT_3=37
THERMAL_SENS_OUT_4=43
THERMAL_SENS_OUT_5=48
THERMAL_SENS_OUT_6=-50
THERMAL_SENS_INT_1=28
THERMAL_SENS_INT_2=28
PG_5=0
PG_9=0
PG_12=0
FLT_P2=0
FLT_P3=0
HEAT_1_TEMP=45
HEAT_1_DUTY=0
HEAT_2_TEMP=37
HEAT_2_DUTY=0
HEAT_3_TEMP=43
HEAT_3_DUTY=30
HEAT_4_TEMP=48
HEAT_4_DUTY=0

[21:51:06.491 CUBESAT]
TS=1786204192.549
PG_5=1
PG_9=0
PG_12=0
FLT_P2=0
FLT_P3=0
HEAT_1_TEMP=0.0
HEAT_1_DUTY=30
ENC_RAW=11456
ENC_ANGLE=251.71875
ENC_ACCUM=2.548828125

[21:51:06.910 EBOX]
TS=1786202862.607
V_SENSE5=0.9130859375
V_SENSE9=0.0390625
V_SENSE12=0.0439453125
ADC_V5=4.8675537109375
ADC_V9=9.19525146484375
ADC_V12=11.60247802734375
ADC_V28=27.63885498046875
THERMAL_SENS_OUT_1=39
THERMAL_SENS_OUT_2=-50
THERMAL_SENS_OUT_3=39
THERMAL_SENS_OUT_4=37
THERMAL_SENS_OUT_5=50
THERMAL_SENS_OUT_6=-50
THERMAL_SENS_INT_1=29
THERMAL_SENS_INT_2=29
PG_5=0
PG_9=0
PG_12=0
FLT_P2=0
FLT_P3=0
HEAT_1_TEMP=39
HEAT_1_DUTY=0
HEAT_2_TEMP=39
HEAT_2_DUTY=0
HEAT_3_TEMP=37
HEAT_3_DUTY=30
HEAT_4_TEMP=50
HEAT_4_DUTY=0

[21:51:07.014 CUBESAT]
TS=1786204193.051
PG_5=1
PG_9=0
PG_12=0
FLT_P2=0
FLT_P3=0
HEAT_1_TEMP=0.0
HEAT_1_DUTY=30
ENC_RAW=11455
ENC_ANGLE=251.69677734375
ENC_ACCUM=2.52685546875

[21:51:07.442 EBOX]
TS=1786202863.109
V_SENSE5=1.416015625
V_SENSE9=2.294921875
V_SENSE12=0.03173828125
ADC_V5=4.9029541015625
ADC_V9=9.4342041015625
ADC_V12=11.54052734375
ADC_V28=27.47955322265625
THERMAL_SENS_OUT_1=45
THERMAL_SENS_OUT_2=-50
THERMAL_SENS_OUT_3=38
THERMAL_SENS_OUT_4=43
THERMAL_SENS_OUT_5=50
THERMAL_SENS_OUT_6=-50
THERMAL_SENS_INT_1=25
THERMAL_SENS_INT_2=28
PG_5=0
PG_9=0
PG_12=0
FLT_P2=0
FLT_P3=0
HEAT_1_TEMP=45
HEAT_1_DUTY=0
HEAT_2_TEMP=38
HEAT_2_DUTY=0
HEAT_3_TEMP=43
HEAT_3_DUTY=0
HEAT_4_TEMP=50
HEAT_4_DUTY=30

[21:51:07.546 CUBESAT]
TS=1786204193.553
PG_5=1
PG_9=0
PG_12=0
FLT_P2=0
FLT_P3=0
HEAT_1_TEMP=0.0
HEAT_1_DUTY=30
ENC_RAW=11455
ENC_ANGLE=251.69677734375
ENC_ACCUM=2.52685546875

[21:51:07.976 EBOX]
TS=1786202863.610
V_SENSE5=0.9033203125
V_SENSE9=0.04638671875
V_SENSE12=0.04638671875
ADC_V5=4.991455078125
ADC_V9=9.24835205078125
ADC_V12=11.40777587890625
ADC_V28=27.5592041015625
THERMAL_SENS_OUT_1=39
THERMAL_SENS_OUT_2=-50
THERMAL_SENS_OUT_3=38
THERMAL_SENS_OUT_4=43
THERMAL_SENS_OUT_5=47
THERMAL_SENS_OUT_6=-50
THERMAL_SENS_INT_1=25
THERMAL_SENS_INT_2=27
PG_5=0
PG_9=0
PG_12=0
FLT_P2=0
FLT_P3=0
HEAT_1_TEMP=39
HEAT_1_DUTY=0
HEAT_2_TEMP=38
HEAT_2_DUTY=0
HEAT_3_TEMP=43
HEAT_3_DUTY=0
HEAT_4_TEMP=47
HEAT_4_DUTY=30

[21:51:07.979 CUBESAT]
TS=1786204194.054
PG_5=1
PG_9=0
PG_12=0
FLT_P2=0
FLT_P3=0
HEAT_1_TEMP=0.0
HEAT_1_DUTY=30
ENC_RAW=11454
ENC_ANGLE=251.6748046875
ENC_ACCUM=2.5048828125

[21:51:08.510 EBOX]
TS=1786202864.114
V_SENSE5=0.3564453125
V_SENSE9=1.03271484375
V_SENSE12=0.11474609375
ADC_V5=4.85870361328125
ADC_V9=9.51385498046875
ADC_V12=11.83258056640625
ADC_V28=26.7803955078125
THERMAL_SENS_OUT_1=38
THERMAL_SENS_OUT_2=-50
THERMAL_SENS_OUT_3=40
THERMAL_SENS_OUT_4=39
THERMAL_SENS_OUT_5=51
THERMAL_SENS_OUT_6=-50
THERMAL_SENS_INT_1=28
THERMAL_SENS_INT_2=26
PG_5=0
PG_9=0
PG_12=0
FLT_P2=0
FLT_P3=0
HEAT_1_TEMP=38
HEAT_1_DUTY=30
HEAT_2_TEMP=40
HEAT_2_DUTY=0
HEAT_3_TEMP=39
HEAT_3_DUTY=0
HEAT_4_TEMP=51
HEAT_4_DUTY=0

[21:51:08.516 CUBESAT]
TS=1786204194.555
PG_5=1
PG_9=0
PG_12=0
FLT_P2=0
FLT_P3=0
HEAT_1_TEMP=0.0
HEAT_1_DUTY=30
ENC_RAW=11456
ENC_ANGLE=251.71875
ENC_ACCUM=2.548828125

[21:51:08.939 EBOX]
TS=1786202864.613
V_SENSE5=0.8984375
V_SENSE9=0.03662109375
V_SENSE12=0.07568359375
ADC_V5=4.920654296875
ADC_V9=9.47845458984375
ADC_V12=11.69097900390625
ADC_V28=27.53265380859375
THERMAL_SENS_OUT_1=39
THERMAL_SENS_OUT_2=-50
THERMAL_SENS_OUT_3=43
THERMAL_SENS_OUT_4=40
THERMAL_SENS_OUT_5=45
THERMAL_SENS_OUT_6=-50
THERMAL_SENS_INT_1=27
THERMAL_SENS_INT_2=26
PG_5=0
PG_9=0
PG_12=0
FLT_P2=0
FLT_P3=0
HEAT_1_TEMP=39
HEAT_1_DUTY=30
HEAT_2_TEMP=43
HEAT_2_DUTY=0
HEAT_3_TEMP=40
HEAT_3_DUTY=0
HEAT_4_TEMP=45
HEAT_4_DUTY=0

[21:51:09.045 CUBESAT]
TS=1786204195.056
PG_5=1
PG_9=0
PG_12=0
FLT_P2=0
FLT_P3=0
HEAT_1_TEMP=0.0
HEAT_1_DUTY=30
ENC_RAW=11455
ENC_ANGLE=251.69677734375
ENC_ACCUM=2.52685546875

[21:51:09.469 EBOX]
TS=1786202865.116
V_SENSE5=1.09375
V_SENSE9=1.3037109375
V_SENSE12=0.00732421875
ADC_V5=4.89410400390625
ADC_V9=9.40765380859375
ADC_V12=11.42547607421875
ADC_V28=27.60345458984375
THERMAL_SENS_OUT_1=42
THERMAL_SENS_OUT_2=-50
THERMAL_SENS_OUT_3=39
THERMAL_SENS_OUT_4=38
THERMAL_SENS_OUT_5=45
THERMAL_SENS_OUT_6=-50
THERMAL_SENS_INT_1=28
THERMAL_SENS_INT_2=28
PG_5=0
PG_9=0
PG_12=0
FLT_P2=0
FLT_P3=0
HEAT_1_TEMP=42
HEAT_1_DUTY=0
HEAT_2_TEMP=39
HEAT_2_DUTY=30
HEAT_3_TEMP=38
HEAT_3_DUTY=0
HEAT_4_TEMP=45
HEAT_4_DUTY=0

[21:51:09.472 CUBESAT]
TS=1786204195.558
PG_5=1
PG_9=0
PG_12=0
FLT_P2=0
FLT_P3=0
HEAT_1_TEMP=0.0
HEAT_1_DUTY=30
ENC_RAW=11456
ENC_ANGLE=251.71875
ENC_ACCUM=2.548828125

[21:51:09.998 EBOX]
TS=1786202865.617
V_SENSE5=0.93017578125
V_SENSE9=0.0341796875
V_SENSE12=0.04638671875
ADC_V5=4.9383544921875
ADC_V9=9.345703125
ADC_V12=11.42547607421875
ADC_V28=27.47955322265625
THERMAL_SENS_OUT_1=40
THERMAL_SENS_OUT_2=-50
THERMAL_SENS_OUT_3=40
THERMAL_SENS_OUT_4=38
THERMAL_SENS_OUT_5=51
THERMAL_SENS_OUT_6=-50
THERMAL_SENS_INT_1=26
THERMAL_SENS_INT_2=31
PG_5=0
PG_9=0
PG_12=0
FLT_P2=0
FLT_P3=0
HEAT_1_TEMP=40
HEAT_1_DUTY=0
HEAT_2_TEMP=40
HEAT_2_DUTY=30
HEAT_3_TEMP=38
HEAT_3_DUTY=0
HEAT_4_TEMP=51
HEAT_4_DUTY=0

[21:51:10.002 CUBESAT]
TS=1786204196.059
PG_5=1
PG_9=0
PG_12=0
FLT_P2=0
FLT_P3=0
HEAT_1_TEMP=0.0
HEAT_1_DUTY=30
ENC_RAW=11456
ENC_ANGLE=251.71875
ENC_ACCUM=2.548828125

[21:51:10.438 EBOX]
TS=1786202866.120
V_SENSE5=1.4794921875
V_SENSE9=1.0205078125
V_SENSE12=0.009765625
ADC_V5=4.920654296875
ADC_V9=9.24835205078125
ADC_V12=11.68212890625
ADC_V28=26.7449951171875
THERMAL_SENS_OUT_1=45
THERMAL_SENS_OUT_2=-50
THERMAL_SENS_OUT_3=37
THERMAL_SENS_OUT_4=44
THERMAL_SENS_OUT_5=46
THERMAL_SENS_OUT_6=-50
THERMAL_SENS_INT_1=24
THERMAL_SENS_INT_2=29
PG_5=0
PG_9=0
PG_12=0
FLT_P2=0
FLT_P3=0
HEAT_1_TEMP=45
HEAT_1_DUTY=0
HEAT_2_TEMP=37
HEAT_2_DUTY=0
HEAT_3_TEMP=44
HEAT_3_DUTY=30
HEAT_4_TEMP=46
HEAT_4_DUTY=0

[21:51:10.545 CUBESAT]
TS=1786204196.561
PG_5=1
PG_9=0
PG_12=0
FLT_P2=0
FLT_P3=0
HEAT_1_TEMP=0.0
HEAT_1_DUTY=30
ENC_RAW=11455
ENC_ANGLE=251.69677734375
ENC_ACCUM=2.52685546875

[21:51:10.974 EBOX]
TS=1786202866.620
V_SENSE5=0.87158203125
V_SENSE9=0.0390625
V_SENSE12=0.04150390625
ADC_V5=4.9560546875
ADC_V9=9.3988037109375
ADC_V12=11.8060302734375
ADC_V28=27.0458984375
THERMAL_SENS_OUT_1=45
THERMAL_SENS_OUT_2=-50
THERMAL_SENS_OUT_3=39
THERMAL_SENS_OUT_4=38
THERMAL_SENS_OUT_5=49
THERMAL_SENS_OUT_6=-50
THERMAL_SENS_INT_1=31
THERMAL_SENS_INT_2=33
PG_5=0
PG_9=0
PG_12=0
FLT_P2=0
FLT_P3=0
HEAT_1_TEMP=45
HEAT_1_DUTY=0
HEAT_2_TEMP=39
HEAT_2_DUTY=0
HEAT_3_TEMP=38
HEAT_3_DUTY=30
HEAT_4_TEMP=49
HEAT_4_DUTY=0

[21:51:10.978 CUBESAT]
TS=1786204197.063
PG_5=1
PG_9=0
PG_12=0
FLT_P2=0
FLT_P3=0
HEAT_1_TEMP=0.0
HEAT_1_DUTY=30
ENC_RAW=11453
ENC_ANGLE=251.65283203125
ENC_ACCUM=2.48291015625

[21:51:11.508 EBOX]
TS=1786202867.125
V_SENSE5=0.8544921875
V_SENSE9=0.99609375
V_SENSE12=0.00732421875
ADC_V5=4.991455078125
ADC_V9=9.10675048828125
ADC_V12=11.7706298828125
ADC_V28=27.33795166015625
THERMAL_SENS_OUT_1=43
THERMAL_SENS_OUT_2=-50
THERMAL_SENS_OUT_3=37
THERMAL_SENS_OUT_4=43
THERMAL_SENS_OUT_5=51
THERMAL_SENS_OUT_6=-50
THERMAL_SENS_INT_1=26
THERMAL_SENS_INT_2=30
PG_5=0
PG_9=0
PG_12=0
FLT_P2=0
FLT_P3=0
HEAT_1_TEMP=43
HEAT_1_DUTY=0
HEAT_2_TEMP=37
HEAT_2_DUTY=0
HEAT_3_TEMP=43
HEAT_3_DUTY=0
HEAT_4_TEMP=51
HEAT_4_DUTY=30

[21:51:11.511 CUBESAT]
TS=1786204197.565
PG_5=1
PG_9=0
PG_12=0
FLT_P2=0
FLT_P3=0
HEAT_1_TEMP=0.0
HEAT_1_DUTY=30
ENC_RAW=11457
ENC_ANGLE=251.74072265625
ENC_ACCUM=2.57080078125

[21:51:11.938 EBOX]
TS=1786202867.625
V_SENSE5=0.90087890625
V_SENSE9=0.03662109375
V_SENSE12=0.0439453125
ADC_V5=4.9383544921875
ADC_V9=8.87664794921875
ADC_V12=11.4874267578125
ADC_V28=28.09906005859375
THERMAL_SENS_OUT_1=40
THERMAL_SENS_OUT_2=-50
THERMAL_SENS_OUT_3=40
THERMAL_SENS_OUT_4=38
THERMAL_SENS_OUT_5=48
THERMAL_SENS_OUT_6=-50
THERMAL_SENS_INT_1=25
THERMAL_SENS_INT_2=28
PG_5=0
PG_9=0
PG_12=0
FLT_P2=0
FLT_P3=0
HEAT_1_TEMP=40
HEAT_1_DUTY=0
HEAT_2_TEMP=40
HEAT_2_DUTY=0
HEAT_3_TEMP=38
HEAT_3_DUTY=0
HEAT_4_TEMP=48
HEAT_4_DUTY=30

[21:51:12.045 CUBESAT]
TS=1786204198.066
PG_5=1
PG_9=0
PG_12=0
FLT_P2=0
FLT_P3=0
HEAT_1_TEMP=0.0
HEAT_1_DUTY=30
ENC_RAW=11457
ENC_ANGLE=251.74072265625
ENC_ACCUM=2.57080078125

[21:51:12.466 EBOX]
TS=1786202868.128
V_SENSE5=1.01318359375
V_SENSE9=0.7373046875
V_SENSE12=0.07568359375
ADC_V5=4.94720458984375
ADC_V9=9.47845458984375
ADC_V12=11.85028076171875
ADC_V28=27.11669921875
THERMAL_SENS_OUT_1=41
THERMAL_SENS_OUT_2=-50
THERMAL_SENS_OUT_3=40
THERMAL_SENS_OUT_4=43
THERMAL_SENS_OUT_5=46
THERMAL_SENS_OUT_6=-50
THERMAL_SENS_INT_1=29
THERMAL_SENS_INT_2=28
PG_5=0
PG_9=0
PG_12=0
FLT_P2=0
FLT_P3=0
HEAT_1_TEMP=41
HEAT_1_DUTY=30
HEAT_2_TEMP=40
HEAT_2_DUTY=0
HEAT_3_TEMP=43
HEAT_3_DUTY=0
HEAT_4_TEMP=46
HEAT_4_DUTY=0

[21:51:12.571 CUBESAT]
TS=1786204198.567
PG_5=1
PG_9=0
PG_12=0
FLT_P2=0
FLT_P3=0
HEAT_1_TEMP=0.0
HEAT_1_DUTY=30
ENC_RAW=11457
ENC_ANGLE=251.74072265625
ENC_ACCUM=2.57080078125

[21:51:13.026 EBOX]
TS=1786202868.628
V_SENSE5=0.89599609375
V_SENSE9=0.05615234375
V_SENSE12=0.048828125
ADC_V5=4.991455078125
ADC_V9=9.26605224609375
ADC_V12=11.74407958984375
ADC_V28=27.46185302734375
THERMAL_SENS_OUT_1=39
THERMAL_SENS_OUT_2=-50
THERMAL_SENS_OUT_3=40
THERMAL_SENS_OUT_4=40
THERMAL_SENS_OUT_5=46
THERMAL_SENS_OUT_6=-50
THERMAL_SENS_INT_1=27
THERMAL_SENS_INT_2=33
PG_5=0
PG_9=0
PG_12=0
FLT_P2=0
FLT_P3=0
HEAT_1_TEMP=39
HEAT_1_DUTY=30
HEAT_2_TEMP=40
HEAT_2_DUTY=0
HEAT_3_TEMP=40
HEAT_3_DUTY=0
HEAT_4_TEMP=46
HEAT_4_DUTY=0

[21:51:13.031 CUBESAT]
TS=1786204199.068
PG_5=1
PG_9=0
PG_12=0
FLT_P2=0
FLT_P3=0
HEAT_1_TEMP=0.0
HEAT_1_DUTY=30
ENC_RAW=11458
ENC_ANGLE=251.7626953125
ENC_ACCUM=2.5927734375

[21:51:13.450 EBOX]
TS=1786202869.129
V_SENSE5=0.89111328125
V_SENSE9=1.32080078125
V_SENSE12=0.04150390625
ADC_V5=4.814453125
ADC_V9=9.33685302734375
ADC_V12=11.7529296875
ADC_V28=27.74505615234375
THERMAL_SENS_OUT_1=44
THERMAL_SENS_OUT_2=-50
THERMAL_SENS_OUT_3=38
THERMAL_SENS_OUT_4=44
THERMAL_SENS_OUT_5=46
THERMAL_SENS_OUT_6=-50
THERMAL_SENS_INT_1=26
THERMAL_SENS_INT_2=33
PG_5=0
PG_9=0
PG_12=0
FLT_P2=0
FLT_P3=0
HEAT_1_TEMP=44
HEAT_1_DUTY=0
HEAT_2_TEMP=38
HEAT_2_DUTY=30
HEAT_3_TEMP=44
HEAT_3_DUTY=0
HEAT_4_TEMP=46
HEAT_4_DUTY=0

[21:51:13.554 CUBESAT]
TS=1786204199.569
PG_5=1
PG_9=0
PG_12=0
FLT_P2=0
FLT_P3=0
HEAT_1_TEMP=0.0
HEAT_1_DUTY=30
ENC_RAW=11456
ENC_ANGLE=251.71875
ENC_ACCUM=2.548828125

[21:51:13.989 EBOX]
TS=1786202869.631
V_SENSE5=0.8837890625
V_SENSE9=0.0341796875
V_SENSE12=0.0439453125
ADC_V5=4.9560546875
ADC_V9=9.46075439453125
ADC_V12=11.86798095703125
ADC_V28=26.939697265625
THERMAL_SENS_OUT_1=39
THERMAL_SENS_OUT_2=-50
THERMAL_SENS_OUT_3=38
THERMAL_SENS_OUT_4=44
THERMAL_SENS_OUT_5=51
THERMAL_SENS_OUT_6=-50
THERMAL_SENS_INT_1=25
THERMAL_SENS_INT_2=34
PG_5=0
PG_9=0
PG_12=0
FLT_P2=0
FLT_P3=0
HEAT_1_TEMP=39
HEAT_1_DUTY=0
HEAT_2_TEMP=38
HEAT_2_DUTY=30
HEAT_3_TEMP=44
HEAT_3_DUTY=0
HEAT_4_TEMP=51
HEAT_4_DUTY=0

[21:51:13.992 CUBESAT]
TS=1786204200.071
PG_5=1
PG_9=0
PG_12=0
FLT_P2=0
FLT_P3=0
HEAT_1_TEMP=0.0
HEAT_1_DUTY=30
ENC_RAW=11456
ENC_ANGLE=251.71875
ENC_ACCUM=2.548828125

[21:51:14.519 EBOX]
TS=1786202870.133
V_SENSE5=0.9765625
V_SENSE9=1.68701171875
V_SENSE12=0.0390625
ADC_V5=4.920654296875
ADC_V9=9.4696044921875
ADC_V12=11.63787841796875
ADC_V28=27.68310546875
THERMAL_SENS_OUT_1=45
THERMAL_SENS_OUT_2=-50
THERMAL_SENS_OUT_3=40
THERMAL_SENS_OUT_4=38
THERMAL_SENS_OUT_5=49
THERMAL_SENS_OUT_6=-50
THERMAL_SENS_INT_1=31
THERMAL_SENS_INT_2=30
PG_5=0
PG_9=0
PG_12=0
FLT_P2=0
FLT_P3=0
HEAT_1_TEMP=45
HEAT_1_DUTY=0
HEAT_2_TEMP=40
HEAT_2_DUTY=0
HEAT_3_TEMP=38
HEAT_3_DUTY=30
HEAT_4_TEMP=49
HEAT_4_DUTY=0

[21:51:14.522 CUBESAT]
TS=1786204200.573
PG_5=1
PG_9=0
PG_12=0
FLT_P2=0
FLT_P3=0
HEAT_1_TEMP=0.0
HEAT_1_DUTY=30
ENC_RAW=11456
ENC_ANGLE=251.71875
ENC_ACCUM=2.548828125

[21:51:14.943 EBOX]
TS=1786202870.635
V_SENSE5=0.908203125
V_SENSE9=0.0341796875
V_SENSE12=0.048828125
ADC_V5=5.01800537109375
ADC_V9=8.84124755859375
ADC_V12=11.7529296875
ADC_V28=26.91314697265625
THERMAL_SENS_OUT_1=42
THERMAL_SENS_OUT_2=-50
THERMAL_SENS_OUT_3=39
THERMAL_SENS_OUT_4=39
THERMAL_SENS_OUT_5=49
THERMAL_SENS_OUT_6=-50
THERMAL_SENS_INT_1=27
THERMAL_SENS_INT_2=30
PG_5=0
PG_9=0
PG_12=0
FLT_P2=0
FLT_P3=0
HEAT_1_TEMP=42
HEAT_1_DUTY=0
HEAT_2_TEMP=39
HEAT_2_DUTY=0
HEAT_3_TEMP=39
HEAT_3_DUTY=30
HEAT_4_TEMP=49
HEAT_4_DUTY=0

[21:51:15.048 CUBESAT]
TS=1786204201.075
PG_5=1
PG_9=0
PG_12=0
FLT_P2=0
FLT_P3=0
HEAT_1_TEMP=0.0
HEAT_1_DUTY=30
ENC_RAW=11456
ENC_ANGLE=251.71875
ENC_ACCUM=2.548828125

[21:51:15.470 EBOX]
TS=1786202871.137
V_SENSE5=0.556640625
V_SENSE9=1.44287109375
V_SENSE12=0.00732421875
ADC_V5=4.87640380859375
ADC_V9=9.310302734375
ADC_V12=11.83258056640625
ADC_V28=27.10784912109375
THERMAL_SENS_OUT_1=41
THERMAL_SENS_OUT_2=-50
THERMAL_SENS_OUT_3=39
THERMAL_SENS_OUT_4=39
THERMAL_SENS_OUT_5=50
THERMAL_SENS_OUT_6=-50
THERMAL_SENS_INT_1=26
THERMAL_SENS_INT_2=32
PG_5=0
PG_9=0
PG_12=0
FLT_P2=0
FLT_P3=0
HEAT_1_TEMP=41
HEAT_1_DUTY=0
HEAT_2_TEMP=39
HEAT_2_DUTY=0
HEAT_3_TEMP=39
HEAT_3_DUTY=0
HEAT_4_TEMP=50
HEAT_4_DUTY=30

[21:51:15.574 CUBESAT]
TS=1786204201.576
PG_5=1
PG_9=0
PG_12=0
FLT_P2=0
FLT_P3=0
HEAT_1_TEMP=0.0
HEAT_1_DUTY=30
ENC_RAW=11455
ENC_ANGLE=251.69677734375
ENC_ACCUM=2.52685546875

[21:51:16.015 EBOX]
TS=1786202871.638
V_SENSE5=0.88623046875
V_SENSE9=0.03662109375
V_SENSE12=0.048828125
ADC_V5=4.920654296875
ADC_V9=9.027099609375
ADC_V12=11.6644287109375
ADC_V28=27.88665771484375
THERMAL_SENS_OUT_1=39
THERMAL_SENS_OUT_2=-50
THERMAL_SENS_OUT_3=38
THERMAL_SENS_OUT_4=40
THERMAL_SENS_OUT_5=46
THERMAL_SENS_OUT_6=-50
THERMAL_SENS_INT_1=30
THERMAL_SENS_INT_2=29
PG_5=0
PG_9=0
PG_12=0
FLT_P2=0
FLT_P3=0
HEAT_1_TEMP=39
HEAT_1_DUTY=0
HEAT_2_TEMP=38
HEAT_2_DUTY=0
HEAT_3_TEMP=40
HEAT_3_DUTY=0
HEAT_4_TEMP=46
HEAT_4_DUTY=30

[21:51:16.018 CUBESAT]
TS=1786204202.077
PG_5=1
PG_9=0
PG_12=0
FLT_P2=0
FLT_P3=0
HEAT_1_TEMP=0.0
HEAT_1_DUTY=30
ENC_RAW=11455
ENC_ANGLE=251.69677734375
ENC_ACCUM=2.52685546875

[21:51:16.469 EBOX]
TS=1786202872.142
V_SENSE5=0.9375
V_SENSE9=1.61865234375
V_SENSE12=0.0146484375
ADC_V5=5.08880615234375
ADC_V9=9.47845458984375
ADC_V12=11.7529296875
ADC_V28=27.60345458984375
THERMAL_SENS_OUT_1=47
THERMAL_SENS_OUT_2=-50
THERMAL_SENS_OUT_3=42
THERMAL_SENS_OUT_4=41
THERMAL_SENS_OUT_5=52
THERMAL_SENS_OUT_6=-50
THERMAL_SENS_INT_1=25
THERMAL_SENS_INT_2=28
PG_5=0
PG_9=0
PG_12=0
FLT_P2=0
FLT_P3=0
HEAT_1_TEMP=47
HEAT_1_DUTY=30
HEAT_2_TEMP=42
HEAT_2_DUTY=0
HEAT_3_TEMP=41
HEAT_3_DUTY=0
HEAT_4_TEMP=52
HEAT_4_DUTY=0

[21:51:16.575 CUBESAT]
TS=1786204202.578
PG_5=1
PG_9=0
PG_12=0
FLT_P2=0
FLT_P3=0
HEAT_1_TEMP=0.0
HEAT_1_DUTY=30
ENC_RAW=11455
ENC_ANGLE=251.69677734375
ENC_ACCUM=2.52685546875

[21:51:17.000 EBOX]
TS=1786202872.645
V_SENSE5=0.8984375
V_SENSE9=0.03662109375
V_SENSE12=0.0439453125
ADC_V5=5.0091552734375
ADC_V9=9.17755126953125
ADC_V12=11.505126953125
ADC_V28=27.0989990234375
THERMAL_SENS_OUT_1=41
THERMAL_SENS_OUT_2=-50
THERMAL_SENS_OUT_3=38
THERMAL_SENS_OUT_4=41
THERMAL_SENS_OUT_5=46
THERMAL_SENS_OUT_6=-50
THERMAL_SENS_INT_1=27
THERMAL_SENS_INT_2=31
PG_5=0
PG_9=0
PG_12=0
FLT_P2=0
FLT_P3=0
HEAT_1_TEMP=41
HEAT_1_DUTY=30
HEAT_2_TEMP=38
HEAT_2_DUTY=0
HEAT_3_TEMP=41
HEAT_3_DUTY=0
HEAT_4_TEMP=46
HEAT_4_DUTY=0

[21:51:17.003 CUBESAT]
TS=1786204203.080
PG_5=1
PG_9=0
PG_12=0
FLT_P2=0
FLT_P3=0
HEAT_1_TEMP=0.0
HEAT_1_DUTY=30
ENC_RAW=11453
ENC_ANGLE=251.65283203125
ENC_ACCUM=2.48291015625

[21:51:17.527 EBOX]
TS=1786202873.145
V_SENSE5=0.78369140625
V_SENSE9=1.55029296875
V_SENSE12=0.078125
ADC_V5=4.98260498046875
ADC_V9=9.2572021484375
ADC_V12=12.02728271484375
ADC_V28=27.5946044921875
THERMAL_SENS_OUT_1=40
THERMAL_SENS_OUT_2=-50
THERMAL_SENS_OUT_3=40
THERMAL_SENS_OUT_4=38
THERMAL_SENS_OUT_5=50
THERMAL_SENS_OUT_6=-50
THERMAL_SENS_INT_1=31
THERMAL_SENS_INT_2=33
PG_5=0
PG_9=0
PG_12=0
FLT_P2=0
FLT_P3=0
HEAT_1_TEMP=40
HEAT_1_DUTY=0
HEAT_2_TEMP=40
HEAT_2_DUTY=30
HEAT_3_TEMP=38
HEAT_3_DUTY=0
HEAT_4_TEMP=50
HEAT_4_DUTY=0

[21:51:17.530 CUBESAT]
TS=1786204203.581
PG_5=1
PG_9=0
PG_12=0
FLT_P2=0
FLT_P3=0
HEAT_1_TEMP=0.0
HEAT_1_DUTY=30
ENC_RAW=11455
ENC_ANGLE=251.69677734375
ENC_ACCUM=2.52685546875

[21:51:17.968 EBOX]
TS=1786202873.647
V_SENSE5=0.9326171875
V_SENSE9=0.0390625
V_SENSE12=0.04150390625
ADC_V5=4.87640380859375
ADC_V9=9.0093994140625
ADC_V12=11.859130859375
ADC_V28=26.94854736328125
THERMAL_SENS_OUT_1=40
THERMAL_SENS_OUT_2=-50
THERMAL_SENS_OUT_3=43
THERMAL_SENS_OUT_4=41
THERMAL_SENS_OUT_5=48
THERMAL_SENS_OUT_6=-50
THERMAL_SENS_INT_1=31
THERMAL_SENS_INT_2=30
PG_5=0
PG_9=0
PG_12=0
FLT_P2=0
FLT_P3=0
HEAT_1_TEMP=40
HEAT_1_DUTY=0
HEAT_2_TEMP=43
HEAT_2_DUTY=30
HEAT_3_TEMP=41
HEAT_3_DUTY=0
HEAT_4_TEMP=48
HEAT_4_DUTY=0

[21:51:18.073 CUBESAT]
TS=1786204204.082
PG_5=1
PG_9=0
PG_12=0
FLT_P2=0
FLT_P3=0
HEAT_1_TEMP=0.0
HEAT_1_DUTY=30
ENC_RAW=11454
ENC_ANGLE=251.6748046875
ENC_ACCUM=2.5048828125

[21:51:18.494 EBOX]
TS=1786202874.149
V_SENSE5=1.52099609375
V_SENSE9=1.68212890625
V_SENSE12=0.07568359375
ADC_V5=4.87640380859375
ADC_V9=9.381103515625
ADC_V12=11.54052734375
ADC_V28=27.222900390625
THERMAL_SENS_OUT_1=42
THERMAL_SENS_OUT_2=-50
THERMAL_SENS_OUT_3=37
THERMAL_SENS_OUT_4=39
THERMAL_SENS_OUT_5=47
THERMAL_SENS_OUT_6=-50
THERMAL_SENS_INT_1=25
THERMAL_SENS_INT_2=32
PG_5=0
PG_9=0
PG_12=0
FLT_P2=0
FLT_P3=0
HEAT_1_TEMP=42
HEAT_1_DUTY=0
HEAT_2_TEMP=37
HEAT_2_DUTY=0
HEAT_3_TEMP=39
HEAT_3_DUTY=30
HEAT_4_TEMP=47
HEAT_4_DUTY=0

[21:51:18.498 CUBESAT]
TS=1786204204.583
PG_5=1
PG_9=0
PG_12=0
FLT_P2=0
FLT_P3=0
HEAT_1_TEMP=0.0
HEAT_1_DUTY=30
ENC_RAW=11456
ENC_ANGLE=251.71875
ENC_ACCUM=2.548828125

[21:51:19.033 EBOX]
TS=1786202874.648
V_SENSE5=0.8837890625
V_SENSE9=0.0390625
V_SENSE12=0.05615234375
ADC_V5=4.96490478515625
ADC_V9=8.75274658203125
ADC_V12=11.6998291015625
ADC_V28=28.02825927734375
THERMAL_SENS_OUT_1=45
THERMAL_SENS_OUT_2=-50
THERMAL_SENS_OUT_3=38
THERMAL_SENS_OUT_4=44
THERMAL_SENS_OUT_5=49
THERMAL_SENS_OUT_6=-50
THERMAL_SENS_INT_1=27
THERMAL_SENS_INT_2=30
PG_5=0
PG_9=0
PG_12=0
FLT_P2=0
FLT_P3=0
HEAT_1_TEMP=45
HEAT_1_DUTY=0
HEAT_2_TEMP=38
HEAT_2_DUTY=0
HEAT_3_TEMP=44
HEAT_3_DUTY=30
HEAT_4_TEMP=49
HEAT_4_DUTY=0

[21:51:19.036 CUBESAT]
TS=1786204205.085
PG_5=1
PG_9=0
PG_12=0
FLT_P2=0
FLT_P3=0
HEAT_1_TEMP=0.0
HEAT_1_DUTY=30
ENC_RAW=11455
ENC_ANGLE=251.69677734375
ENC_ACCUM=2.52685546875

[21:51:19.470 EBOX]
TS=1786202875.151
V_SENSE5=0.72998046875
V_SENSE9=1.35986328125
V_SENSE12=0.13427734375
ADC_V5=4.88525390625
ADC_V9=9.451904296875
ADC_V12=11.92108154296875
ADC_V28=27.4176025390625
THERMAL_SENS_OUT_1=39
THERMAL_SENS_OUT_2=-50
THERMAL_SENS_OUT_3=40
THERMAL_SENS_OUT_4=38
THERMAL_SENS_OUT_5=45
THERMAL_SENS_OUT_6=-50
THERMAL_SENS_INT_1=31
THERMAL_SENS_INT_2=29
PG_5=0
PG_9=0
PG_12=0
FLT_P2=0
FLT_P3=0
HEAT_1_TEMP=39
HEAT_1_DUTY=0
HEAT_2_TEMP=40
HEAT_2_DUTY=0
HEAT_3_TEMP=38
HEAT_3_DUTY=0
HEAT_4_TEMP=45
HEAT_4_DUTY=30

[21:51:19.576 CUBESAT]
TS=1786204205.586
PG_5=1
PG_9=0
PG_12=0
FLT_P2=0
FLT_P3=0
HEAT_1_TEMP=0.0
HEAT_1_DUTY=30
ENC_RAW=11455
ENC_ANGLE=251.69677734375
ENC_ACCUM=2.52685546875

[21:51:19.998 EBOX]
TS=1786202875.654
V_SENSE5=0.947265625
V_SENSE9=0.0341796875
V_SENSE12=0.0439453125
ADC_V5=4.814453125
ADC_V9=8.9208984375
ADC_V12=11.859130859375
ADC_V28=27.19635009765625
THERMAL_SENS_OUT_1=40
THERMAL_SENS_OUT_2=-50
THERMAL_SENS_OUT_3=38
THERMAL_SENS_OUT_4=41
THERMAL_SENS_OUT_5=50
THERMAL_SENS_OUT_6=-50
THERMAL_SENS_INT_1=25
THERMAL_SENS_INT_2=28
PG_5=0
PG_9=0
PG_12=0
FLT_P2=0
FLT_P3=0
HEAT_1_TEMP=40
HEAT_1_DUTY=0
HEAT_2_TEMP=38
HEAT_2_DUTY=0
HEAT_3_TEMP=41
HEAT_3_DUTY=0
HEAT_4_TEMP=50
HEAT_4_DUTY=30

[21:51:20.002 CUBESAT]
TS=1786204206.088
PG_5=1
PG_9=0
PG_12=0
FLT_P2=0
FLT_P3=0
HEAT_1_TEMP=0.0
HEAT_1_DUTY=30
ENC_RAW=11456
ENC_ANGLE=251.71875
ENC_ACCUM=2.548828125

[21:51:20.553 EBOX]
TS=1786202876.156
V_SENSE5=0.78125
V_SENSE9=1.2109375
V_SENSE12=0.10009765625
ADC_V5=4.9383544921875
ADC_V9=9.1864013671875
ADC_V12=11.859130859375
ADC_V28=27.789306640625
THERMAL_SENS_OUT_1=31
THERMAL_SENS_OUT_2=-50
THERMAL_SENS_OUT_3=38
THERMAL_SENS_OUT_4=44
THERMAL_SENS_OUT_5=50
THERMAL_SENS_OUT_6=-50
THERMAL_SENS_INT_1=27
THERMAL_SENS_INT_2=26
PG_5=0
PG_9=0
PG_12=0
FLT_P2=0
FLT_P3=0
HEAT_1_TEMP=31
HEAT_1_DUTY=30
HEAT_2_TEMP=38
HEAT_2_DUTY=0
HEAT_3_TEMP=44
HEAT_3_DUTY=0
HEAT_4_TEMP=50
HEAT_4_DUTY=0

[21:51:20.556 CUBESAT]
TS=1786204206.590
PG_5=1
PG_9=0
PG_12=0
FLT_P2=0
FLT_P3=0
HEAT_1_TEMP=0.0
HEAT_1_DUTY=30
ENC_RAW=11457
ENC_ANGLE=251.74072265625
ENC_ACCUM=2.57080078125

[21:51:20.977 EBOX]
TS=1786202876.657
V_SENSE5=0.8984375
V_SENSE9=0.03662109375
V_SENSE12=0.0439453125
ADC_V5=4.9383544921875
ADC_V9=9.2572021484375
ADC_V12=11.7529296875
ADC_V28=28.1610107421875
THERMAL_SENS_OUT_1=39
THERMAL_SENS_OUT_2=-50
THERMAL_SENS_OUT_3=40
THERMAL_SENS_OUT_4=43
THERMAL_SENS_OUT_5=47
THERMAL_SENS_OUT_6=-50
THERMAL_SENS_INT_1=26
THERMAL_SENS_INT_2=30
PG_5=0
PG_9=0
PG_12=0
FLT_P2=0
FLT_P3=0
HEAT_1_TEMP=39
HEAT_1_DUTY=30
HEAT_2_TEMP=40
HEAT_2_DUTY=0
HEAT_3_TEMP=43
HEAT_3_DUTY=0
HEAT_4_TEMP=47
HEAT_4_DUTY=0

[21:51:21.082 CUBESAT]
TS=1786204207.092
PG_5=1
PG_9=0
PG_12=0
FLT_P2=0
FLT_P3=0
HEAT_1_TEMP=0.0
HEAT_1_DUTY=30
ENC_RAW=11453
ENC_ANGLE=251.65283203125
ENC_ACCUM=2.48291015625

[21:51:21.504 EBOX]
TS=1786202877.160
V_SENSE5=0.6103515625
V_SENSE9=1.62109375
V_SENSE12=0.02197265625
ADC_V5=4.9560546875
ADC_V9=9.5050048828125
ADC_V12=11.81488037109375
ADC_V28=27.39990234375
THERMAL_SENS_OUT_1=41
THERMAL_SENS_OUT_2=-50
THERMAL_SENS_OUT_3=40
THERMAL_SENS_OUT_4=44
THERMAL_SENS_OUT_5=46
THERMAL_SENS_OUT_6=-50
THERMAL_SENS_INT_1=27
THERMAL_SENS_INT_2=28
PG_5=0
PG_9=0
PG_12=0
FLT_P2=0
FLT_P3=0
HEAT_1_TEMP=41
HEAT_1_DUTY=0
HEAT_2_TEMP=40
HEAT_2_DUTY=30
HEAT_3_TEMP=44
HEAT_3_DUTY=0
HEAT_4_TEMP=46
HEAT_4_DUTY=0

[21:51:21.507 CUBESAT]
TS=1786204207.593
PG_5=1
PG_9=0
PG_12=0
FLT_P2=0
FLT_P3=0
HEAT_1_TEMP=0.0
HEAT_1_DUTY=30
ENC_RAW=11456
ENC_ANGLE=251.71875
ENC_ACCUM=2.548828125

[21:51:22.031 EBOX]
TS=1786202877.661
V_SENSE5=0.89111328125
V_SENSE9=0.03662109375
V_SENSE12=0.04638671875
ADC_V5=4.8321533203125
ADC_V9=8.91204833984375
ADC_V12=11.8060302734375
ADC_V28=27.081298828125
THERMAL_SENS_OUT_1=44
THERMAL_SENS_OUT_2=-50
THERMAL_SENS_OUT_3=37
THERMAL_SENS_OUT_4=38
THERMAL_SENS_OUT_5=46
THERMAL_SENS_OUT_6=-50
THERMAL_SENS_INT_1=31
THERMAL_SENS_INT_2=27
PG_5=0
PG_9=0
PG_12=0
FLT_P2=0
FLT_P3=0
HEAT_1_TEMP=44
HEAT_1_DUTY=0
HEAT_2_TEMP=37
HEAT_2_DUTY=30
HEAT_3_TEMP=38
HEAT_3_DUTY=0
HEAT_4_TEMP=46
HEAT_4_DUTY=0

[21:51:22.036 CUBESAT]
TS=1786204208.094
PG_5=1
PG_9=0
PG_12=0
FLT_P2=0
FLT_P3=0
HEAT_1_TEMP=0.0
HEAT_1_DUTY=30
ENC_RAW=11458
ENC_ANGLE=251.7626953125
ENC_ACCUM=2.5927734375

[21:51:22.457 EBOX]
TS=1786202878.164
V_SENSE5=0.5859375
V_SENSE9=1.27685546875
V_SENSE12=0.00732421875
ADC_V5=4.9560546875
ADC_V9=9.3280029296875
ADC_V12=11.4520263671875
ADC_V28=26.7803955078125
THERMAL_SENS_OUT_1=40
THERMAL_SENS_OUT_2=-50
THERMAL_SENS_OUT_3=38
THERMAL_SENS_OUT_4=40
THERMAL_SENS_OUT_5=46
THERMAL_SENS_OUT_6=-50
THERMAL_SENS_INT_1=26
THERMAL_SENS_INT_2=29
PG_5=0
PG_9=0
PG_12=0
FLT_P2=0
FLT_P3=0
HEAT_1_TEMP=40
HEAT_1_DUTY=0
HEAT_2_TEMP=38
HEAT_2_DUTY=0
HEAT_3_TEMP=40
HEAT_3_DUTY=30
HEAT_4_TEMP=46
HEAT_4_DUTY=0

[21:51:22.561 CUBESAT]
TS=1786204208.595
PG_5=1
PG_9=0
PG_12=0
FLT_P2=0
FLT_P3=0
HEAT_1_TEMP=0.0
HEAT_1_DUTY=30
ENC_RAW=11456
ENC_ANGLE=251.71875
ENC_ACCUM=2.548828125

[21:51:22.991 EBOX]
TS=1786202878.665
V_SENSE5=0.8837890625
V_SENSE9=0.0390625
V_SENSE12=0.04638671875
ADC_V5=5.0091552734375
ADC_V9=9.2572021484375
ADC_V12=11.86798095703125
ADC_V28=27.85125732421875
THERMAL_SENS_OUT_1=42
THERMAL_SENS_OUT_2=-50
THERMAL_SENS_OUT_3=40
THERMAL_SENS_OUT_4=40
THERMAL_SENS_OUT_5=46
THERMAL_SENS_OUT_6=-50
THERMAL_SENS_INT_1=26
THERMAL_SENS_INT_2=32
PG_5=0
PG_9=0
PG_12=0
FLT_P2=0
FLT_P3=0
HEAT_1_TEMP=42
HEAT_1_DUTY=0
HEAT_2_TEMP=40
HEAT_2_DUTY=0
HEAT_3_TEMP=40
HEAT_3_DUTY=30
HEAT_4_TEMP=46
HEAT_4_DUTY=0

[21:51:23.097 CUBESAT]
TS=1786204209.096
PG_5=1
PG_9=0
PG_12=0
FLT_P2=0
FLT_P3=0
HEAT_1_TEMP=0.0
HEAT_1_DUTY=30
ENC_RAW=11455
ENC_ANGLE=251.69677734375
ENC_ACCUM=2.52685546875

[21:51:23.525 EBOX]
TS=1786202879.167
V_SENSE5=1.4794921875
V_SENSE9=1.61376953125
V_SENSE12=0.05126953125
ADC_V5=4.920654296875
ADC_V9=9.1864013671875
ADC_V12=11.76177978515625
ADC_V28=27.2052001953125
THERMAL_SENS_OUT_1=46
THERMAL_SENS_OUT_2=-50
THERMAL_SENS_OUT_3=37
THERMAL_SENS_OUT_4=41
THERMAL_SENS_OUT_5=48
THERMAL_SENS_OUT_6=-50
THERMAL_SENS_INT_1=24
THERMAL_SENS_INT_2=28
PG_5=0
PG_9=0
PG_12=0
FLT_P2=0
FLT_P3=0
HEAT_1_TEMP=46
HEAT_1_DUTY=0
HEAT_2_TEMP=37
HEAT_2_DUTY=0
HEAT_3_TEMP=41
HEAT_3_DUTY=0
HEAT_4_TEMP=48
HEAT_4_DUTY=30

[21:51:23.528 CUBESAT]
TS=1786204209.598
PG_5=1
PG_9=0
PG_12=0
FLT_P2=0
FLT_P3=0
HEAT_1_TEMP=0.0
HEAT_1_DUTY=30
ENC_RAW=11453
ENC_ANGLE=251.65283203125
ENC_ACCUM=2.48291015625

[21:51:24.050 EBOX]
TS=1786202879.668
V_SENSE5=0.927734375
V_SENSE9=0.0390625
V_SENSE12=0.0634765625
ADC_V5=4.9383544921875
ADC_V9=9.0625
ADC_V12=11.90338134765625
ADC_V28=28.037109375
THERMAL_SENS_OUT_1=46
THERMAL_SENS_OUT_2=-50
THERMAL_SENS_OUT_3=41
THERMAL_SENS_OUT_4=44
THERMAL_SENS_OUT_5=48
THERMAL_SENS_OUT_6=-50
THERMAL_SENS_INT_1=28
THERMAL_SENS_INT_2=28
PG_5=0
PG_9=0
PG_12=0
FLT_P2=0
FLT_P3=0
HEAT_1_TEMP=46
HEAT_1_DUTY=0
HEAT_2_TEMP=41
HEAT_2_DUTY=0
HEAT_3_TEMP=44
HEAT_3_DUTY=0
HEAT_4_TEMP=48
HEAT_4_DUTY=30

[21:51:24.053 CUBESAT]
TS=1786204210.100
PG_5=1
PG_9=0
PG_12=0
FLT_P2=0
FLT_P3=0
HEAT_1_TEMP=0.0
HEAT_1_DUTY=30
ENC_RAW=11454
ENC_ANGLE=251.6748046875
ENC_ACCUM=2.5048828125

[21:51:24.474 EBOX]
TS=1786202880.169
V_SENSE5=0.6201171875
V_SENSE9=1.11572265625
V_SENSE12=0.0830078125
ADC_V5=5.0091552734375
ADC_V9=9.40765380859375
ADC_V12=11.77947998046875
ADC_V28=27.1875
THERMAL_SENS_OUT_1=47
THERMAL_SENS_OUT_2=-50
THERMAL_SENS_OUT_3=38
THERMAL_SENS_OUT_4=42
THERMAL_SENS_OUT_5=48
THERMAL_SENS_OUT_6=-50
THERMAL_SENS_INT_1=26
THERMAL_SENS_INT_2=31
PG_5=0
PG_9=0
PG_12=0
FLT_P2=0
FLT_P3=0
HEAT_1_TEMP=47
HEAT_1_DUTY=30
HEAT_2_TEMP=38
HEAT_2_DUTY=0
HEAT_3_TEMP=42
HEAT_3_DUTY=0
HEAT_4_TEMP=48
HEAT_4_DUTY=0

[21:51:24.578 CUBESAT]
TS=1786204210.602
PG_5=1
PG_9=0
PG_12=0
FLT_P2=0
FLT_P3=0
HEAT_1_TEMP=0.0
HEAT_1_DUTY=30
ENC_RAW=11453
ENC_ANGLE=251.65283203125
ENC_ACCUM=2.48291015625

[21:51:25.015 EBOX]
TS=1786202880.672
V_SENSE5=0.93505859375
V_SENSE9=0.03662109375
V_SENSE12=0.048828125
ADC_V5=4.9383544921875
ADC_V9=9.2572021484375
ADC_V12=11.67327880859375
ADC_V28=27.3468017578125
THERMAL_SENS_OUT_1=42
THERMAL_SENS_OUT_2=-50
THERMAL_SENS_OUT_3=38
THERMAL_SENS_OUT_4=42
THERMAL_SENS_OUT_5=52
THERMAL_SENS_OUT_6=-50
THERMAL_SENS_INT_1=29
THERMAL_SENS_INT_2=29
PG_5=0
PG_9=0
PG_12=0
FLT_P2=0
FLT_P3=0
HEAT_1_TEMP=42
HEAT_1_DUTY=30
HEAT_2_TEMP=38
HEAT_2_DUTY=0
HEAT_3_TEMP=42
HEAT_3_DUTY=0
HEAT_4_TEMP=52
HEAT_4_DUTY=0

[21:51:25.021 CUBESAT]
TS=1786204211.104
PG_5=1
PG_9=0
PG_12=0
FLT_P2=0
FLT_P3=0
HEAT_1_TEMP=0.0
HEAT_1_DUTY=30
ENC_RAW=11457
ENC_ANGLE=251.74072265625
ENC_ACCUM=2.57080078125

[21:51:25.543 EBOX]
TS=1786202881.165
V_SENSE5=0.99609375
V_SENSE9=1.42333984375
V_SENSE12=0.06591796875
ADC_V5=4.84100341796875
ADC_V9=9.51385498046875
ADC_V12=11.70867919921875
ADC_V28=27.86895751953125
THERMAL_SENS_OUT_1=43
THERMAL_SENS_OUT_2=-50
THERMAL_SENS_OUT_3=39
THERMAL_SENS_OUT_4=40
THERMAL_SENS_OUT_5=52
THERMAL_SENS_OUT_6=-50
THERMAL_SENS_INT_1=29
THERMAL_SENS_INT_2=30
PG_5=0
PG_9=0
PG_12=0
FLT_P2=0
FLT_P3=0
HEAT_1_TEMP=43
HEAT_1_DUTY=0
HEAT_2_TEMP=39
HEAT_2_DUTY=30
HEAT_3_TEMP=40
HEAT_3_DUTY=0
HEAT_4_TEMP=52
HEAT_4_DUTY=0

[21:51:25.546 CUBESAT]
TS=1786204211.605
PG_5=1
PG_9=0
PG_12=0
FLT_P2=0
FLT_P3=0
HEAT_1_TEMP=0.0
HEAT_1_DUTY=30
ENC_RAW=11455
ENC_ANGLE=251.69677734375
ENC_ACCUM=2.52685546875

[21:51:25.974 EBOX]
TS=1786202881.666
V_SENSE5=1.0009765625
V_SENSE9=0.06103515625
V_SENSE12=0.048828125
ADC_V5=4.9560546875
ADC_V9=9.0625
ADC_V12=11.82373046875
ADC_V28=27.1875
THERMAL_SENS_OUT_1=41
THERMAL_SENS_OUT_2=-50
THERMAL_SENS_OUT_3=39
THERMAL_SENS_OUT_4=44
THERMAL_SENS_OUT_5=48
THERMAL_SENS_OUT_6=-50
THERMAL_SENS_INT_1=27
THERMAL_SENS_INT_2=33
PG_5=0
PG_9=0
PG_12=0
FLT_P2=0
FLT_P3=0
HEAT_1_TEMP=41
HEAT_1_DUTY=0
HEAT_2_TEMP=39
HEAT_2_DUTY=30
HEAT_3_TEMP=44
HEAT_3_DUTY=0
HEAT_4_TEMP=48
HEAT_4_DUTY=0

[21:51:26.082 CUBESAT]
TS=1786204212.106
PG_5=1
PG_9=0
PG_12=0
FLT_P2=0
FLT_P3=0
HEAT_1_TEMP=0.0
HEAT_1_DUTY=30
ENC_RAW=11456
ENC_ANGLE=251.71875
ENC_ACCUM=2.548828125

[21:51:26.502 EBOX]
TS=1786202882.167
V_SENSE5=0.52978515625
V_SENSE9=1.4453125
V_SENSE12=0.0634765625
ADC_V5=4.9737548828125
ADC_V9=9.14215087890625
ADC_V12=11.76177978515625
ADC_V28=27.7362060546875
THERMAL_SENS_OUT_1=45
THERMAL_SENS_OUT_2=-50
THERMAL_SENS_OUT_3=40
THERMAL_SENS_OUT_4=40
THERMAL_SENS_OUT_5=50
THERMAL_SENS_OUT_6=-50
THERMAL_SENS_INT_1=26
THERMAL_SENS_INT_2=31
PG_5=0
PG_9=0
PG_12=0
FLT_P2=0
FLT_P3=0
HEAT_1_TEMP=45
HEAT_1_DUTY=0
HEAT_2_TEMP=40
HEAT_2_DUTY=0
HEAT_3_TEMP=40
HEAT_3_DUTY=30
HEAT_4_TEMP=50
HEAT_4_DUTY=0

[21:51:26.605 CUBESAT]
TS=1786204212.607
PG_5=1
PG_9=0
PG_12=0
FLT_P2=0
FLT_P3=0
HEAT_1_TEMP=0.0
HEAT_1_DUTY=30
ENC_RAW=11455
ENC_ANGLE=251.69677734375
ENC_ACCUM=2.52685546875

[21:51:27.027 EBOX]
TS=1786202882.668
V_SENSE5=0.96435546875
V_SENSE9=0.0341796875
V_SENSE12=0.048828125
ADC_V5=4.991455078125
ADC_V9=8.956298828125
ADC_V12=11.83258056640625
ADC_V28=27.081298828125
THERMAL_SENS_OUT_1=43
THERMAL_SENS_OUT_2=-50
THERMAL_SENS_OUT_3=40
THERMAL_SENS_OUT_4=42
THERMAL_SENS_OUT_5=50
THERMAL_SENS_OUT_6=-50
THERMAL_SENS_INT_1=31
THERMAL_SENS_INT_2=29
PG_5=0
PG_9=0
PG_12=0
FLT_P2=0
FLT_P3=0
HEAT_1_TEMP=43
HEAT_1_DUTY=0
HEAT_2_TEMP=40
HEAT_2_DUTY=0
HEAT_3_TEMP=42
HEAT_3_DUTY=30
HEAT_4_TEMP=50
HEAT_4_DUTY=0

[21:51:27.033 CUBESAT]
TS=1786204213.108
PG_5=1
PG_9=0
PG_12=0
FLT_P2=0
FLT_P3=0
HEAT_1_TEMP=0.0
HEAT_1_DUTY=30
ENC_RAW=11457
ENC_ANGLE=251.74072265625
ENC_ACCUM=2.57080078125

[21:51:27.555 EBOX]
TS=1786202883.185
V_SENSE5=0.537109375
V_SENSE9=1.62841796875
V_SENSE12=0.0439453125
ADC_V5=5.0091552734375
ADC_V9=9.42535400390625
ADC_V12=11.88568115234375
ADC_V28=27.88665771484375
THERMAL_SENS_OUT_1=44
THERMAL_SENS_OUT_2=-50
THERMAL_SENS_OUT_3=38
THERMAL_SENS_OUT_4=42
THERMAL_SENS_OUT_5=45
THERMAL_SENS_OUT_6=-50
THERMAL_SENS_INT_1=31
THERMAL_SENS_INT_2=33
PG_5=0
PG_9=0
PG_12=0
FLT_P2=0
FLT_P3=0
HEAT_1_TEMP=44
HEAT_1_DUTY=0
HEAT_2_TEMP=38
HEAT_2_DUTY=0
HEAT_3_TEMP=42
HEAT_3_DUTY=0
HEAT_4_TEMP=45
HEAT_4_DUTY=30

[21:51:27.558 CUBESAT]
TS=1786204213.609
PG_5=1
PG_9=0
PG_12=0
FLT_P2=0
FLT_P3=0
HEAT_1_TEMP=0.0
HEAT_1_DUTY=30
ENC_RAW=11454
ENC_ANGLE=251.6748046875
ENC_ACCUM=2.5048828125

[21:51:27.986 EBOX]
TS=1786202883.678
V_SENSE5=0.88134765625
V_SENSE9=0.0341796875
V_SENSE12=0.0390625
ADC_V5=5.02685546875
ADC_V9=9.1510009765625
ADC_V12=11.54937744140625
ADC_V28=27.74505615234375
THERMAL_SENS_OUT_1=39
THERMAL_SENS_OUT_2=-50
THERMAL_SENS_OUT_3=38
THERMAL_SENS_OUT_4=44
THERMAL_SENS_OUT_5=48
THERMAL_SENS_OUT_6=-50
THERMAL_SENS_INT_1=27
THERMAL_SENS_INT_2=27
PG_5=0
PG_9=0
PG_12=0
FLT_P2=0
FLT_P3=0
HEAT_1_TEMP=39
HEAT_1_DUTY=0
HEAT_2_TEMP=38
HEAT_2_DUTY=0
HEAT_3_TEMP=44
HEAT_3_DUTY=0
HEAT_4_TEMP=48
HEAT_4_DUTY=30

[21:51:28.091 CUBESAT]
TS=1786204214.111
PG_5=1
PG_9=0
PG_12=0
FLT_P2=0
FLT_P3=0
HEAT_1_TEMP=0.0
HEAT_1_DUTY=30
ENC_RAW=11459
ENC_ANGLE=251.78466796875
ENC_ACCUM=2.61474609375

[21:51:28.518 EBOX]
TS=1786202884.180
V_SENSE5=0.64208984375
V_SENSE9=1.51611328125
V_SENSE12=0.0146484375
ADC_V5=4.91180419921875
ADC_V9=9.522705078125
ADC_V12=11.95648193359375
ADC_V28=27.55035400390625
THERMAL_SENS_OUT_1=50
THERMAL_SENS_OUT_2=-50
THERMAL_SENS_OUT_3=38
THERMAL_SENS_OUT_4=38
THERMAL_SENS_OUT_5=49
THERMAL_SENS_OUT_6=-50
THERMAL_SENS_INT_1=27
THERMAL_SENS_INT_2=26
PG_5=0
PG_9=0
PG_12=0
FLT_P2=0
FLT_P3=0
HEAT_1_TEMP=50
HEAT_1_DUTY=30
HEAT_2_TEMP=38
HEAT_2_DUTY=0
HEAT_3_TEMP=38
HEAT_3_DUTY=0
HEAT_4_TEMP=49
HEAT_4_DUTY=0

[21:51:28.523 CUBESAT]
TS=1786204214.613
PG_5=1
PG_9=0
PG_12=0
FLT_P2=0
FLT_P3=0
HEAT_1_TEMP=0.0
HEAT_1_DUTY=30
ENC_RAW=11455
ENC_ANGLE=251.69677734375
ENC_ACCUM=2.52685546875

[21:51:29.045 EBOX]
TS=1786202884.681
V_SENSE5=0.93994140625
V_SENSE9=0.03662109375
V_SENSE12=0.09521484375
ADC_V5=4.88525390625
ADC_V9=9.097900390625
ADC_V12=11.74407958984375
ADC_V28=27.81585693359375
THERMAL_SENS_OUT_1=45
THERMAL_SENS_OUT_2=-50
THERMAL_SENS_OUT_3=38
THERMAL_SENS_OUT_4=40
THERMAL_SENS_OUT_5=53
THERMAL_SENS_OUT_6=-50
THERMAL_SENS_INT_1=25
THERMAL_SENS_INT_2=33
PG_5=0
PG_9=0
PG_12=0
FLT_P2=0
FLT_P3=0
HEAT_1_TEMP=45
HEAT_1_DUTY=30
HEAT_2_TEMP=38
HEAT_2_DUTY=0
HEAT_3_TEMP=40
HEAT_3_DUTY=0
HEAT_4_TEMP=53
HEAT_4_DUTY=0

[21:51:29.049 CUBESAT]
TS=1786204215.115
PG_5=1
PG_9=0
PG_12=0
FLT_P2=0
FLT_P3=0
HEAT_1_TEMP=0.0
HEAT_1_DUTY=30
ENC_RAW=11455
ENC_ANGLE=251.69677734375
ENC_ACCUM=2.52685546875

[21:51:29.475 EBOX]
TS=1786202885.184
V_SENSE5=1.484375
V_SENSE9=1.8017578125
V_SENSE12=0.0439453125
ADC_V5=4.92950439453125
ADC_V9=9.49615478515625
ADC_V12=11.72637939453125
ADC_V28=27.93975830078125
THERMAL_SENS_OUT_1=40
THERMAL_SENS_OUT_2=-50
THERMAL_SENS_OUT_3=39
THERMAL_SENS_OUT_4=44
THERMAL_SENS_OUT_5=49
THERMAL_SENS_OUT_6=-50
THERMAL_SENS_INT_1=32
THERMAL_SENS_INT_2=30
PG_5=0
PG_9=0
PG_12=0
FLT_P2=0
FLT_P3=0
HEAT_1_TEMP=40
HEAT_1_DUTY=0
HEAT_2_TEMP=39
HEAT_2_DUTY=30
HEAT_3_TEMP=44
HEAT_3_DUTY=0
HEAT_4_TEMP=49
HEAT_4_DUTY=0

[21:51:29.578 CUBESAT]
TS=1786204215.616
PG_5=1
PG_9=0
PG_12=0
FLT_P2=0
FLT_P3=0
HEAT_1_TEMP=0.0
HEAT_1_DUTY=30
ENC_RAW=11455
ENC_ANGLE=251.69677734375
ENC_ACCUM=2.52685546875

[21:51:30.012 EBOX]
TS=1786202885.685
V_SENSE5=0.869140625
V_SENSE9=0.0390625
V_SENSE12=0.048828125
ADC_V5=4.920654296875
ADC_V9=9.30145263671875
ADC_V12=11.44317626953125
ADC_V28=27.92205810546875
THERMAL_SENS_OUT_1=43
THERMAL_SENS_OUT_2=-50
THERMAL_SENS_OUT_3=42
THERMAL_SENS_OUT_4=41
THERMAL_SENS_OUT_5=47
THERMAL_SENS_OUT_6=-50
THERMAL_SENS_INT_1=26
THERMAL_SENS_INT_2=33
PG_5=0
PG_9=0
PG_12=0
FLT_P2=0
FLT_P3=0
HEAT_1_TEMP=43
HEAT_1_DUTY=0
HEAT_2_TEMP=42
HEAT_2_DUTY=30
HEAT_3_TEMP=41
HEAT_3_DUTY=0
HEAT_4_TEMP=47
HEAT_4_DUTY=0

[21:51:30.119 CUBESAT]
TS=1786204216.118
PG_5=1
PG_9=0
PG_12=0
FLT_P2=0
FLT_P3=0
HEAT_1_TEMP=0.0
HEAT_1_DUTY=30
ENC_RAW=11456
ENC_ANGLE=251.71875
ENC_ACCUM=2.548828125

[21:51:30.542 EBOX]
TS=1786202886.190
V_SENSE5=0.55419921875
V_SENSE9=2.24365234375
V_SENSE12=0.00732421875
ADC_V5=4.85870361328125
ADC_V9=9.54925537109375
ADC_V12=11.82373046875
ADC_V28=27.6123046875
THERMAL_SENS_OUT_1=41
THERMAL_SENS_OUT_2=-50
THERMAL_SENS_OUT_3=40
THERMAL_SENS_OUT_4=42
THERMAL_SENS_OUT_5=46
THERMAL_SENS_OUT_6=-50
THERMAL_SENS_INT_1=27
THERMAL_SENS_INT_2=30
PG_5=0
PG_9=0
PG_12=0
FLT_P2=0
FLT_P3=0
HEAT_1_TEMP=41
HEAT_1_DUTY=0
HEAT_2_TEMP=40
HEAT_2_DUTY=0
HEAT_3_TEMP=42
HEAT_3_DUTY=30
HEAT_4_TEMP=46
HEAT_4_DUTY=0

[21:51:30.545 CUBESAT]
TS=1786204216.619
PG_5=1
PG_9=0
PG_12=0
FLT_P2=0
FLT_P3=0
HEAT_1_TEMP=0.0
HEAT_1_DUTY=30
ENC_RAW=11453
ENC_ANGLE=251.65283203125
ENC_ACCUM=2.48291015625

[21:51:31.081 EBOX]
TS=1786202886.691
V_SENSE5=0.8935546875
V_SENSE9=0.0341796875
V_SENSE12=0.04638671875
ADC_V5=5.08880615234375
ADC_V9=9.05364990234375
ADC_V12=11.67327880859375
ADC_V28=27.01934814453125
THERMAL_SENS_OUT_1=46
THERMAL_SENS_OUT_2=-50
THERMAL_SENS_OUT_3=40
THERMAL_SENS_OUT_4=41
THERMAL_SENS_OUT_5=46
THERMAL_SENS_OUT_6=-50
THERMAL_SENS_INT_1=25
THERMAL_SENS_INT_2=26
PG_5=0
PG_9=0
PG_12=0
FLT_P2=0
FLT_P3=0
HEAT_1_TEMP=46
HEAT_1_DUTY=0
HEAT_2_TEMP=40
HEAT_2_DUTY=0
HEAT_3_TEMP=41
HEAT_3_DUTY=30
HEAT_4_TEMP=46
HEAT_4_DUTY=0

[21:51:31.084 CUBESAT]
TS=1786204217.121
PG_5=1
PG_9=0
PG_12=0
FLT_P2=0
FLT_P3=0
HEAT_1_TEMP=0.0
HEAT_1_DUTY=30
ENC_RAW=11454
ENC_ANGLE=251.6748046875
ENC_ACCUM=2.5048828125

[21:51:31.505 EBOX]
TS=1786202887.192
V_SENSE5=1.2158203125
V_SENSE9=2.75146484375
V_SENSE12=0.029296875
ADC_V5=4.991455078125
ADC_V9=9.35455322265625
ADC_V12=11.89453125
ADC_V28=27.6654052734375
THERMAL_SENS_OUT_1=42
THERMAL_SENS_OUT_2=-50
THERMAL_SENS_OUT_3=40
THERMAL_SENS_OUT_4=41
THERMAL_SENS_OUT_5=52
THERMAL_SENS_OUT_6=-50
THERMAL_SENS_INT_1=27
THERMAL_SENS_INT_2=30
PG_5=0
PG_9=0
PG_12=0
FLT_P2=0
FLT_P3=0
HEAT_1_TEMP=42
HEAT_1_DUTY=0
HEAT_2_TEMP=40
HEAT_2_DUTY=0
HEAT_3_TEMP=41
HEAT_3_DUTY=0
HEAT_4_TEMP=52
HEAT_4_DUTY=30

[21:51:31.610 CUBESAT]
TS=1786204217.623
PG_5=1
PG_9=0
PG_12=0
FLT_P2=0
FLT_P3=0
HEAT_1_TEMP=0.0
HEAT_1_DUTY=30
ENC_RAW=11458
ENC_ANGLE=251.7626953125
ENC_ACCUM=2.5927734375

[21:51:32.034 EBOX]
TS=1786202887.695
V_SENSE5=0.8984375
V_SENSE9=0.0390625
V_SENSE12=0.04638671875
ADC_V5=4.9560546875
ADC_V9=9.4342041015625
ADC_V12=11.4697265625
ADC_V28=27.92205810546875
THERMAL_SENS_OUT_1=41
THERMAL_SENS_OUT_2=-50
THERMAL_SENS_OUT_3=41
THERMAL_SENS_OUT_4=41
THERMAL_SENS_OUT_5=50
THERMAL_SENS_OUT_6=-50
THERMAL_SENS_INT_1=29
THERMAL_SENS_INT_2=31
PG_5=0
PG_9=0
PG_12=0
FLT_P2=0
FLT_P3=0
HEAT_1_TEMP=41
HEAT_1_DUTY=0
HEAT_2_TEMP=41
HEAT_2_DUTY=0
HEAT_3_TEMP=41
HEAT_3_DUTY=0
HEAT_4_TEMP=50
HEAT_4_DUTY=30

[21:51:32.037 CUBESAT]
TS=1786204218.125
PG_5=1
PG_9=0
PG_12=0
FLT_P2=0
FLT_P3=0
HEAT_1_TEMP=0.0
HEAT_1_DUTY=30
ENC_RAW=11457
ENC_ANGLE=251.74072265625
ENC_ACCUM=2.57080078125

[21:51:32.577 EBOX]
TS=1786202888.196
V_SENSE5=0.6640625
V_SENSE9=1.32568359375
V_SENSE12=0.0927734375
ADC_V5=4.94720458984375
ADC_V9=9.27490234375
ADC_V12=11.89453125
ADC_V28=27.5592041015625
THERMAL_SENS_OUT_1=44
THERMAL_SENS_OUT_2=-50
THERMAL_SENS_OUT_3=38
THERMAL_SENS_OUT_4=39
THERMAL_SENS_OUT_5=49
THERMAL_SENS_OUT_6=-50
THERMAL_SENS_INT_1=26
THERMAL_SENS_INT_2=28
PG_5=0
PG_9=0
PG_12=0
FLT_P2=0
FLT_P3=0
HEAT_1_TEMP=44
HEAT_1_DUTY=30
HEAT_2_TEMP=38
HEAT_2_DUTY=0
HEAT_3_TEMP=39
HEAT_3_DUTY=0
HEAT_4_TEMP=49
HEAT_4_DUTY=0

[21:51:32.582 CUBESAT]
TS=1786204218.626
PG_5=1
PG_9=0
PG_12=0
FLT_P2=0
FLT_P3=0
HEAT_1_TEMP=0.0
HEAT_1_DUTY=30
ENC_RAW=11455
ENC_ANGLE=251.69677734375
ENC_ACCUM=2.52685546875

[21:51:33.000 EBOX]
TS=1786202888.696
V_SENSE5=0.8935546875
V_SENSE9=0.0341796875
V_SENSE12=0.0439453125
ADC_V5=4.7967529296875
ADC_V9=9.33685302734375
ADC_V12=11.88568115234375
ADC_V28=27.4530029296875
THERMAL_SENS_OUT_1=42
THERMAL_SENS_OUT_2=-50
THERMAL_SENS_OUT_3=44
THERMAL_SENS_OUT_4=41
THERMAL_SENS_OUT_5=47
THERMAL_SENS_OUT_6=-50
THERMAL_SENS_INT_1=26
THERMAL_SENS_INT_2=32
PG_5=0
PG_9=0
PG_12=0
FLT_P2=0
FLT_P3=0
HEAT_1_TEMP=42
HEAT_1_DUTY=30
HEAT_2_TEMP=44
HEAT_2_DUTY=0
HEAT_3_TEMP=41
HEAT_3_DUTY=0
HEAT_4_TEMP=47
HEAT_4_DUTY=0

[21:51:33.106 CUBESAT]
TS=1786204219.127
PG_5=1
PG_9=0
PG_12=0
FLT_P2=0
FLT_P3=0
HEAT_1_TEMP=0.0
HEAT_1_DUTY=30
ENC_RAW=11454
ENC_ANGLE=251.6748046875
ENC_ACCUM=2.5048828125

[21:51:33.524 EBOX]
TS=1786202889.200
V_SENSE5=0.46142578125
V_SENSE9=1.69921875
V_SENSE12=0.0732421875
ADC_V5=4.85870361328125
ADC_V9=9.49615478515625
ADC_V12=11.77947998046875
ADC_V28=27.6300048828125
THERMAL_SENS_OUT_1=45
THERMAL_SENS_OUT_2=-50
THERMAL_SENS_OUT_3=39
THERMAL_SENS_OUT_4=42
THERMAL_SENS_OUT_5=51
THERMAL_SENS_OUT_6=-50
THERMAL_SENS_INT_1=25
THERMAL_SENS_INT_2=27
PG_5=0
PG_9=0
PG_12=0
FLT_P2=0
FLT_P3=0
HEAT_1_TEMP=45
HEAT_1_DUTY=0
HEAT_2_TEMP=39
HEAT_2_DUTY=30
HEAT_3_TEMP=42
HEAT_3_DUTY=0
HEAT_4_TEMP=51
HEAT_4_DUTY=0

[21:51:33.628 CUBESAT]
TS=1786204219.628
PG_5=1
PG_9=0
PG_12=0
FLT_P2=0
FLT_P3=0
HEAT_1_TEMP=0.0
HEAT_1_DUTY=30
ENC_RAW=11456
ENC_ANGLE=251.71875
ENC_ACCUM=2.548828125

[21:51:34.058 EBOX]
TS=1786202889.701
V_SENSE5=0.92529296875
V_SENSE9=0.0390625
V_SENSE12=0.0439453125
ADC_V5=4.920654296875
ADC_V9=9.13330078125
ADC_V12=11.79718017578125
ADC_V28=27.70965576171875
THERMAL_SENS_OUT_1=40
THERMAL_SENS_OUT_2=-50
THERMAL_SENS_OUT_3=41
THERMAL_SENS_OUT_4=43
THERMAL_SENS_OUT_5=53
THERMAL_SENS_OUT_6=-50
THERMAL_SENS_INT_1=27
THERMAL_SENS_INT_2=30
PG_5=0
PG_9=0
PG_12=0
FLT_P2=0
FLT_P3=0
HEAT_1_TEMP=40
HEAT_1_DUTY=0
HEAT_2_TEMP=41
HEAT_2_DUTY=30
HEAT_3_TEMP=43
HEAT_3_DUTY=0
HEAT_4_TEMP=53
HEAT_4_DUTY=0

[21:51:34.061 CUBESAT]
TS=1786204220.130
PG_5=1
PG_9=0
PG_12=0
FLT_P2=0
FLT_P3=0
HEAT_1_TEMP=0.0
HEAT_1_DUTY=30
ENC_RAW=11454
ENC_ANGLE=251.6748046875
ENC_ACCUM=2.5048828125

[21:51:34.588 EBOX]
TS=1786202890.201
V_SENSE5=1.4404296875
V_SENSE9=1.24755859375
V_SENSE12=0.1025390625
ADC_V5=5.07110595703125
ADC_V9=9.42535400390625
ADC_V12=11.53167724609375
ADC_V28=27.2406005859375
THERMAL_SENS_OUT_1=40
THERMAL_SENS_OUT_2=-50
THERMAL_SENS_OUT_3=41
THERMAL_SENS_OUT_4=42
THERMAL_SENS_OUT_5=48
THERMAL_SENS_OUT_6=-50
THERMAL_SENS_INT_1=26
THERMAL_SENS_INT_2=32
PG_5=0
PG_9=0
PG_12=0
FLT_P2=0
FLT_P3=0
HEAT_1_TEMP=40
HEAT_1_DUTY=0
HEAT_2_TEMP=41
HEAT_2_DUTY=0
HEAT_3_TEMP=42
HEAT_3_DUTY=30
HEAT_4_TEMP=48
HEAT_4_DUTY=0

[21:51:34.593 CUBESAT]
TS=1786204220.632
PG_5=1
PG_9=0
PG_12=0
FLT_P2=0
FLT_P3=0
HEAT_1_TEMP=0.0
HEAT_1_DUTY=30
ENC_RAW=11455
ENC_ANGLE=251.69677734375
ENC_ACCUM=2.52685546875

[21:51:35.011 EBOX]
TS=1786202890.703
V_SENSE5=0.927734375
V_SENSE9=0.0390625
V_SENSE12=0.0390625
ADC_V5=4.89410400390625
ADC_V9=9.07135009765625
ADC_V12=11.4166259765625
ADC_V28=27.7008056640625
THERMAL_SENS_OUT_1=44
THERMAL_SENS_OUT_2=-50
THERMAL_SENS_OUT_3=38
THERMAL_SENS_OUT_4=41
THERMAL_SENS_OUT_5=46
THERMAL_SENS_OUT_6=-50
THERMAL_SENS_INT_1=29
THERMAL_SENS_INT_2=31
PG_5=0
PG_9=0
PG_12=0
FLT_P2=0
FLT_P3=0
HEAT_1_TEMP=44
HEAT_1_DUTY=0
HEAT_2_TEMP=38
HEAT_2_DUTY=0
HEAT_3_TEMP=41
HEAT_3_DUTY=30
HEAT_4_TEMP=46
HEAT_4_DUTY=0

[21:51:35.116 CUBESAT]
TS=1786204221.134
PG_5=1
PG_9=0
PG_12=0
FLT_P2=0
FLT_P3=0
HEAT_1_TEMP=0.0
HEAT_1_DUTY=30
ENC_RAW=11455
ENC_ANGLE=251.69677734375
ENC_ACCUM=2.52685546875

[21:51:35.536 EBOX]
TS=1786202891.205
V_SENSE5=0.68115234375
V_SENSE9=2.94921875
V_SENSE12=0.10498046875
ADC_V5=4.9383544921875
ADC_V9=9.51385498046875
ADC_V12=11.4520263671875
ADC_V28=27.470703125
THERMAL_SENS_OUT_1=44
THERMAL_SENS_OUT_2=-50
THERMAL_SENS_OUT_3=41
THERMAL_SENS_OUT_4=39
THERMAL_SENS_OUT_5=51
THERMAL_SENS_OUT_6=-50
THERMAL_SENS_INT_1=25
THERMAL_SENS_INT_2=32
PG_5=0
PG_9=0
PG_12=0
FLT_P2=0
FLT_P3=0
HEAT_1_TEMP=44
HEAT_1_DUTY=0
HEAT_2_TEMP=41
HEAT_2_DUTY=0
HEAT_3_TEMP=39
HEAT_3_DUTY=0
HEAT_4_TEMP=51
HEAT_4_DUTY=30

[21:51:35.640 CUBESAT]
TS=1786204221.635
PG_5=1
PG_9=0
PG_12=0
FLT_P2=0
FLT_P3=0
HEAT_1_TEMP=0.0
HEAT_1_DUTY=30
ENC_RAW=11454
ENC_ANGLE=251.6748046875
ENC_ACCUM=2.5048828125

[21:51:36.061 EBOX]
TS=1786202891.707
V_SENSE5=0.9228515625
V_SENSE9=0.0390625
V_SENSE12=0.048828125
ADC_V5=4.92950439453125
ADC_V9=9.05364990234375
ADC_V12=11.69097900390625
ADC_V28=27.96630859375
THERMAL_SENS_OUT_1=43
THERMAL_SENS_OUT_2=-50
THERMAL_SENS_OUT_3=38
THERMAL_SENS_OUT_4=41
THERMAL_SENS_OUT_5=47
THERMAL_SENS_OUT_6=-50
THERMAL_SENS_INT_1=30
THERMAL_SENS_INT_2=30
PG_5=0
PG_9=0
PG_12=0
FLT_P2=0
FLT_P3=0
HEAT_1_TEMP=43
HEAT_1_DUTY=0
HEAT_2_TEMP=38
HEAT_2_DUTY=0
HEAT_3_TEMP=41
HEAT_3_DUTY=0
HEAT_4_TEMP=47
HEAT_4_DUTY=30

[21:51:36.068 CUBESAT]
TS=1786204222.136
PG_5=1
PG_9=0
PG_12=0
FLT_P2=0
FLT_P3=0
HEAT_1_TEMP=0.0
HEAT_1_DUTY=30
ENC_RAW=11455
ENC_ANGLE=251.69677734375
ENC_ACCUM=2.52685546875

[21:51:36.588 EBOX]
TS=1786202892.208
V_SENSE5=1.0205078125
V_SENSE9=1.65283203125
V_SENSE12=0.0439453125
ADC_V5=4.92950439453125
ADC_V9=9.5050048828125
ADC_V12=11.82373046875
ADC_V28=26.8511962890625
THERMAL_SENS_OUT_1=48
THERMAL_SENS_OUT_2=-50
THERMAL_SENS_OUT_3=37
THERMAL_SENS_OUT_4=41
THERMAL_SENS_OUT_5=53
THERMAL_SENS_OUT_6=-50
THERMAL_SENS_INT_1=26
THERMAL_SENS_INT_2=33
PG_5=0
PG_9=0
PG_12=0
FLT_P2=0
FLT_P3=0
HEAT_1_TEMP=48
HEAT_1_DUTY=30
HEAT_2_TEMP=37
HEAT_2_DUTY=0
HEAT_3_TEMP=41
HEAT_3_DUTY=0
HEAT_4_TEMP=53
HEAT_4_DUTY=0

[21:51:36.591 CUBESAT]
TS=1786204222.637
PG_5=1
PG_9=0
PG_12=0
FLT_P2=0
FLT_P3=0
HEAT_1_TEMP=0.0
HEAT_1_DUTY=30
ENC_RAW=11456
ENC_ANGLE=251.71875
ENC_ACCUM=2.548828125

[21:51:37.040 EBOX]
TS=1786202892.710
V_SENSE5=0.89599609375
V_SENSE9=0.0390625
V_SENSE12=0.11474609375
ADC_V5=4.92950439453125
ADC_V9=9.30145263671875
ADC_V12=11.8060302734375
ADC_V28=26.939697265625
THERMAL_SENS_OUT_1=43
THERMAL_SENS_OUT_2=-50
THERMAL_SENS_OUT_3=44
THERMAL_SENS_OUT_4=41
THERMAL_SENS_OUT_5=47
THERMAL_SENS_OUT_6=-50
THERMAL_SENS_INT_1=26
THERMAL_SENS_INT_2=29
PG_5=0
PG_9=0
PG_12=0
FLT_P2=0
FLT_P3=0
HEAT_1_TEMP=43
HEAT_1_DUTY=30
HEAT_2_TEMP=44
HEAT_2_DUTY=0
HEAT_3_TEMP=41
HEAT_3_DUTY=0
HEAT_4_TEMP=47
HEAT_4_DUTY=0

[21:51:37.146 CUBESAT]
TS=1786204223.139
PG_5=1
PG_9=0
PG_12=0
FLT_P2=0
FLT_P3=0
HEAT_1_TEMP=0.0
HEAT_1_DUTY=30
ENC_RAW=11455
ENC_ANGLE=251.69677734375
ENC_ACCUM=2.52685546875

[21:51:37.569 EBOX]
TS=1786202893.214
V_SENSE5=0.96923828125
V_SENSE9=1.84326171875
V_SENSE12=0.0927734375
ADC_V5=4.8321533203125
ADC_V9=9.451904296875
ADC_V12=11.88568115234375
ADC_V28=27.6123046875
THERMAL_SENS_OUT_1=44
THERMAL_SENS_OUT_2=-50
THERMAL_SENS_OUT_3=44
THERMAL_SENS_OUT_4=38
THERMAL_SENS_OUT_5=47
THERMAL_SENS_OUT_6=-50
THERMAL_SENS_INT_1=27
THERMAL_SENS_INT_2=30
PG_5=0
PG_9=0
PG_12=0
FLT_P2=0
FLT_P3=0
HEAT_1_TEMP=44
HEAT_1_DUTY=0
HEAT_2_TEMP=44
HEAT_2_DUTY=30
HEAT_3_TEMP=38
HEAT_3_DUTY=0
HEAT_4_TEMP=47
HEAT_4_DUTY=0

[21:51:37.574 CUBESAT]
TS=1786204223.641
PG_5=1
PG_9=0
PG_12=0
FLT_P2=0
FLT_P3=0
HEAT_1_TEMP=0.0
HEAT_1_DUTY=30
ENC_RAW=11456
ENC_ANGLE=251.71875
ENC_ACCUM=2.548828125

[21:51:38.107 EBOX]
TS=1786202893.713
V_SENSE5=0.8740234375
V_SENSE9=0.04638671875
V_SENSE12=0.0439453125
ADC_V5=4.9560546875
ADC_V9=9.5758056640625
ADC_V12=11.6998291015625
ADC_V28=27.86895751953125
THERMAL_SENS_OUT_1=43
THERMAL_SENS_OUT_2=-50
THERMAL_SENS_OUT_3=38
THERMAL_SENS_OUT_4=39
THERMAL_SENS_OUT_5=49
THERMAL_SENS_OUT_6=-50
THERMAL_SENS_INT_1=30
THERMAL_SENS_INT_2=32
PG_5=0
PG_9=0
PG_12=0
FLT_P2=0
FLT_P3=0
HEAT_1_TEMP=43
HEAT_1_DUTY=0
HEAT_2_TEMP=38
HEAT_2_DUTY=30
HEAT_3_TEMP=39
HEAT_3_DUTY=0
HEAT_4_TEMP=49
HEAT_4_DUTY=0

[21:51:38.112 CUBESAT]
TS=1786204224.142
PG_5=1
PG_9=0
PG_12=0
FLT_P2=0
FLT_P3=0
HEAT_1_TEMP=0.0
HEAT_1_DUTY=30
ENC_RAW=11458
ENC_ANGLE=251.7626953125
ENC_ACCUM=2.5927734375

[21:51:38.531 EBOX]
TS=1786202894.215
V_SENSE5=0.576171875
V_SENSE9=1.484375
V_SENSE12=0.0439453125
ADC_V5=5.01800537109375
ADC_V9=9.21295166015625
ADC_V12=11.82373046875
ADC_V28=27.435302734375
THERMAL_SENS_OUT_1=43
THERMAL_SENS_OUT_2=-50
THERMAL_SENS_OUT_3=42
THERMAL_SENS_OUT_4=42
THERMAL_SENS_OUT_5=47
THERMAL_SENS_OUT_6=-50
THERMAL_SENS_INT_1=31
THERMAL_SENS_INT_2=30
PG_5=0
PG_9=0
PG_12=0
FLT_P2=0
FLT_P3=0
HEAT_1_TEMP=43
HEAT_1_DUTY=0
HEAT_2_TEMP=42
HEAT_2_DUTY=0
HEAT_3_TEMP=42
HEAT_3_DUTY=30
HEAT_4_TEMP=47
HEAT_4_DUTY=0

[21:51:38.636 CUBESAT]
TS=1786204224.644
PG_5=1
PG_9=0
PG_12=0
FLT_P2=0
FLT_P3=0
HEAT_1_TEMP=0.0
HEAT_1_DUTY=30
ENC_RAW=11458
ENC_ANGLE=251.7626953125
ENC_ACCUM=2.5927734375

[21:51:39.061 EBOX]
TS=1786202894.717
V_SENSE5=0.927734375
V_SENSE9=0.03662109375
V_SENSE12=0.048828125
ADC_V5=4.82330322265625
ADC_V9=9.4342041015625
ADC_V12=11.9476318359375
ADC_V28=28.1256103515625
THERMAL_SENS_OUT_1=42
THERMAL_SENS_OUT_2=-50
THERMAL_SENS_OUT_3=38
THERMAL_SENS_OUT_4=40
THERMAL_SENS_OUT_5=50
THERMAL_SENS_OUT_6=-50
THERMAL_SENS_INT_1=30
THERMAL_SENS_INT_2=30
PG_5=0
PG_9=0
PG_12=0
FLT_P2=0
FLT_P3=0
HEAT_1_TEMP=42
HEAT_1_DUTY=0
HEAT_2_TEMP=38
HEAT_2_DUTY=0
HEAT_3_TEMP=40
HEAT_3_DUTY=30
HEAT_4_TEMP=50
HEAT_4_DUTY=0

[21:51:39.065 CUBESAT]
TS=1786204225.146
PG_5=1
PG_9=0
PG_12=0
FLT_P2=0
FLT_P3=0
HEAT_1_TEMP=0.0
HEAT_1_DUTY=30
ENC_RAW=11457
ENC_ANGLE=251.74072265625
ENC_ACCUM=2.57080078125

[21:51:39.586 EBOX]
TS=1786202895.220
V_SENSE5=0.7421875
V_SENSE9=0.9130859375
V_SENSE12=0.01708984375
ADC_V5=4.9383544921875
ADC_V9=9.33685302734375
ADC_V12=11.8768310546875
ADC_V28=27.76275634765625
THERMAL_SENS_OUT_1=41
THERMAL_SENS_OUT_2=-50
THERMAL_SENS_OUT_3=41
THERMAL_SENS_OUT_4=41
THERMAL_SENS_OUT_5=50
THERMAL_SENS_OUT_6=-50
THERMAL_SENS_INT_1=29
THERMAL_SENS_INT_2=28
PG_5=0
PG_9=0
PG_12=0
FLT_P2=0
FLT_P3=0
HEAT_1_TEMP=41
HEAT_1_DUTY=0
HEAT_2_TEMP=41
HEAT_2_DUTY=0
HEAT_3_TEMP=41
HEAT_3_DUTY=0
HEAT_4_TEMP=50
HEAT_4_DUTY=30

[21:51:39.589 CUBESAT]
TS=1786204225.647
PG_5=1
PG_9=0
PG_12=0
FLT_P2=0
FLT_P3=0
HEAT_1_TEMP=0.0
HEAT_1_DUTY=30
ENC_RAW=11454
ENC_ANGLE=251.6748046875
ENC_ACCUM=2.5048828125

[21:51:40.019 EBOX]
TS=1786202895.721
V_SENSE5=0.89599609375
V_SENSE9=0.03662109375
V_SENSE12=0.0439453125
ADC_V5=4.92950439453125
ADC_V9=9.15985107421875
ADC_V12=11.63787841796875
ADC_V28=27.44415283203125
THERMAL_SENS_OUT_1=44
THERMAL_SENS_OUT_2=-50
THERMAL_SENS_OUT_3=37
THERMAL_SENS_OUT_4=39
THERMAL_SENS_OUT_5=49
THERMAL_SENS_OUT_6=-50
THERMAL_SENS_INT_1=26
THERMAL_SENS_INT_2=29
PG_5=0
PG_9=0
PG_12=0
FLT_P2=0
FLT_P3=0
HEAT_1_TEMP=44
HEAT_1_DUTY=0
HEAT_2_TEMP=37
HEAT_2_DUTY=0
HEAT_3_TEMP=39
HEAT_3_DUTY=0
HEAT_4_TEMP=49
HEAT_4_DUTY=30

[21:51:40.123 CUBESAT]
TS=1786204226.148
PG_5=1
PG_9=0
PG_12=0
FLT_P2=0
FLT_P3=0
HEAT_1_TEMP=0.0
HEAT_1_DUTY=30
ENC_RAW=11456
ENC_ANGLE=251.71875
ENC_ACCUM=2.548828125

[21:51:40.544 EBOX]
TS=1786202896.225
V_SENSE5=0.33203125
V_SENSE9=2.38037109375
V_SENSE12=0.00732421875
ADC_V5=4.89410400390625
ADC_V9=9.21295166015625
ADC_V12=11.88568115234375
ADC_V28=27.75390625
THERMAL_SENS_OUT_1=44
THERMAL_SENS_OUT_2=-50
THERMAL_SENS_OUT_3=41
THERMAL_SENS_OUT_4=45
THERMAL_SENS_OUT_5=47
THERMAL_SENS_OUT_6=-50
THERMAL_SENS_INT_1=27
THERMAL_SENS_INT_2=27
PG_5=0
PG_9=0
PG_12=0
FLT_P2=0
FLT_P3=0
HEAT_1_TEMP=44
HEAT_1_DUTY=30
HEAT_2_TEMP=41
HEAT_2_DUTY=0
HEAT_3_TEMP=45
HEAT_3_DUTY=0
HEAT_4_TEMP=47
HEAT_4_DUTY=0

[21:51:40.650 CUBESAT]
TS=1786204226.649
PG_5=1
PG_9=0
PG_12=0
FLT_P2=0
FLT_P3=0
HEAT_1_TEMP=0.0
HEAT_1_DUTY=30
ENC_RAW=11456
ENC_ANGLE=251.71875
ENC_ACCUM=2.548828125

[21:51:41.071 EBOX]
TS=1786202896.725
V_SENSE5=0.9130859375
V_SENSE9=0.03662109375
V_SENSE12=0.0439453125
ADC_V5=4.91180419921875
ADC_V9=8.70849609375
ADC_V12=11.4697265625
ADC_V28=27.5592041015625
THERMAL_SENS_OUT_1=42
THERMAL_SENS_OUT_2=-50
THERMAL_SENS_OUT_3=40
THERMAL_SENS_OUT_4=46
THERMAL_SENS_OUT_5=48
THERMAL_SENS_OUT_6=-50
THERMAL_SENS_INT_1=28
THERMAL_SENS_INT_2=30
PG_5=0
PG_9=0
PG_12=0
FLT_P2=0
FLT_P3=0
HEAT_1_TEMP=42
HEAT_1_DUTY=30
HEAT_2_TEMP=40
HEAT_2_DUTY=0
HEAT_3_TEMP=46
HEAT_3_DUTY=0
HEAT_4_TEMP=48
HEAT_4_DUTY=0

[21:51:41.075 CUBESAT]
TS=1786204227.151
PG_5=1
PG_9=0
PG_12=0
FLT_P2=0
FLT_P3=0
HEAT_1_TEMP=0.0
HEAT_1_DUTY=30
ENC_RAW=11458
ENC_ANGLE=251.7626953125
ENC_ACCUM=2.5927734375

[21:51:41.606 EBOX]
TS=1786202897.227
V_SENSE5=0.61279296875
V_SENSE9=2.40234375
V_SENSE12=0.07568359375
ADC_V5=4.849853515625
ADC_V9=9.35455322265625
ADC_V12=11.6290283203125
ADC_V28=27.8424072265625
THERMAL_SENS_OUT_1=42
THERMAL_SENS_OUT_2=-50
THERMAL_SENS_OUT_3=41
THERMAL_SENS_OUT_4=39
THERMAL_SENS_OUT_5=47
THERMAL_SENS_OUT_6=-50
THERMAL_SENS_INT_1=24
THERMAL_SENS_INT_2=30
PG_5=0
PG_9=0
PG_12=0
FLT_P2=0
FLT_P3=0
HEAT_1_TEMP=42
HEAT_1_DUTY=0
HEAT_2_TEMP=41
HEAT_2_DUTY=30
HEAT_3_TEMP=39
HEAT_3_DUTY=0
HEAT_4_TEMP=47
HEAT_4_DUTY=0

[21:51:41.609 CUBESAT]
TS=1786204227.653
PG_5=1
PG_9=0
PG_12=0
FLT_P2=0
FLT_P3=0
HEAT_1_TEMP=0.0
HEAT_1_DUTY=30
ENC_RAW=11459
ENC_ANGLE=251.78466796875
ENC_ACCUM=2.61474609375

[21:51:42.031 EBOX]
TS=1786202897.729
V_SENSE5=0.87890625
V_SENSE9=0.0390625
V_SENSE12=0.06591796875
ADC_V5=4.98260498046875
ADC_V9=9.3988037109375
ADC_V12=11.68212890625
ADC_V28=27.364501953125
THERMAL_SENS_OUT_1=44
THERMAL_SENS_OUT_2=-50
THERMAL_SENS_OUT_3=38
THERMAL_SENS_OUT_4=40
THERMAL_SENS_OUT_5=50
THERMAL_SENS_OUT_6=-50
THERMAL_SENS_INT_1=26
THERMAL_SENS_INT_2=29
PG_5=0
PG_9=0
PG_12=0
FLT_P2=0
FLT_P3=0
HEAT_1_TEMP=44
HEAT_1_DUTY=0
HEAT_2_TEMP=38
HEAT_2_DUTY=30
HEAT_3_TEMP=40
HEAT_3_DUTY=0
HEAT_4_TEMP=50
HEAT_4_DUTY=0

[21:51:42.135 CUBESAT]
TS=1786204228.155
PG_5=1
PG_9=0
PG_12=0
FLT_P2=0
FLT_P3=0
HEAT_1_TEMP=0.0
HEAT_1_DUTY=30
ENC_RAW=11454
ENC_ANGLE=251.6748046875
ENC_ACCUM=2.5048828125

[21:51:42.555 EBOX]
TS=1786202898.231
V_SENSE5=0.712890625
V_SENSE9=2.8564453125
V_SENSE12=0.07568359375
ADC_V5=5.0091552734375
ADC_V9=9.451904296875
ADC_V12=11.88568115234375
ADC_V28=26.7803955078125
THERMAL_SENS_OUT_1=45
THERMAL_SENS_OUT_2=-50
THERMAL_SENS_OUT_3=45
THERMAL_SENS_OUT_4=40
THERMAL_SENS_OUT_5=50
THERMAL_SENS_OUT_6=-50
THERMAL_SENS_INT_1=31
THERMAL_SENS_INT_2=27
PG_5=0
PG_9=0
PG_12=0
FLT_P2=0
FLT_P3=0
HEAT_1_TEMP=45
HEAT_1_DUTY=0
HEAT_2_TEMP=45
HEAT_2_DUTY=0
HEAT_3_TEMP=40
HEAT_3_DUTY=30
HEAT_4_TEMP=50
HEAT_4_DUTY=0

[21:51:42.659 CUBESAT]
TS=1786204228.656
PG_5=1
PG_9=0
PG_12=0
FLT_P2=0
FLT_P3=0
HEAT_1_TEMP=0.0
HEAT_1_DUTY=30
ENC_RAW=11455
ENC_ANGLE=251.69677734375
ENC_ACCUM=2.52685546875

[21:51:43.094 EBOX]
TS=1786202898.731
V_SENSE5=0.908203125
V_SENSE9=0.0341796875
V_SENSE12=0.0439453125
ADC_V5=4.920654296875
ADC_V9=8.99169921875
ADC_V12=11.60247802734375
ADC_V28=27.56805419921875
THERMAL_SENS_OUT_1=45
THERMAL_SENS_OUT_2=-50
THERMAL_SENS_OUT_3=41
THERMAL_SENS_OUT_4=38
THERMAL_SENS_OUT_5=49
THERMAL_SENS_OUT_6=-50
THERMAL_SENS_INT_1=28
THERMAL_SENS_INT_2=27
PG_5=0
PG_9=0
PG_12=0
FLT_P2=0
FLT_P3=0
HEAT_1_TEMP=45
HEAT_1_DUTY=0
HEAT_2_TEMP=41
HEAT_2_DUTY=0
HEAT_3_TEMP=38
HEAT_3_DUTY=30
HEAT_4_TEMP=49
HEAT_4_DUTY=0

[21:51:43.099 CUBESAT]
TS=1786204229.158
PG_5=1
PG_9=0
PG_12=0
FLT_P2=0
FLT_P3=0
HEAT_1_TEMP=0.0
HEAT_1_DUTY=30
ENC_RAW=11459
ENC_ANGLE=251.78466796875
ENC_ACCUM=2.61474609375

[21:51:43.522 EBOX]
TS=1786202899.234
V_SENSE5=0.96923828125
V_SENSE9=2.03125
V_SENSE12=0.0732421875
ADC_V5=4.849853515625
ADC_V9=9.41650390625
ADC_V12=11.72637939453125
ADC_V28=27.647705078125
THERMAL_SENS_OUT_1=46
THERMAL_SENS_OUT_2=-50
THERMAL_SENS_OUT_3=44
THERMAL_SENS_OUT_4=41
THERMAL_SENS_OUT_5=46
THERMAL_SENS_OUT_6=-50
THERMAL_SENS_INT_1=25
THERMAL_SENS_INT_2=33
PG_5=0
PG_9=0
PG_12=0
FLT_P2=0
FLT_P3=0
HEAT_1_TEMP=46
HEAT_1_DUTY=0
HEAT_2_TEMP=44
HEAT_2_DUTY=0
HEAT_3_TEMP=41
HEAT_3_DUTY=0
HEAT_4_TEMP=46
HEAT_4_DUTY=30

[21:51:43.627 CUBESAT]
TS=1786204229.660
PG_5=1
PG_9=0
PG_12=0
FLT_P2=0
FLT_P3=0
HEAT_1_TEMP=0.0
HEAT_1_DUTY=30
ENC_RAW=11455
ENC_ANGLE=251.69677734375
ENC_ACCUM=2.52685546875

[21:51:44.049 EBOX]
TS=1786202899.734
V_SENSE5=0.91064453125
V_SENSE9=0.0390625
V_SENSE12=0.04150390625
ADC_V5=4.814453125
ADC_V9=9.345703125
ADC_V12=11.42547607421875
ADC_V28=27.95745849609375
THERMAL_SENS_OUT_1=46
THERMAL_SENS_OUT_2=-50
THERMAL_SENS_OUT_3=39
THERMAL_SENS_OUT_4=42
THERMAL_SENS_OUT_5=47
THERMAL_SENS_OUT_6=-50
THERMAL_SENS_INT_1=28
THERMAL_SENS_INT_2=26
PG_5=0
PG_9=0
PG_12=0
FLT_P2=0
FLT_P3=0
HEAT_1_TEMP=46
HEAT_1_DUTY=0
HEAT_2_TEMP=39
HEAT_2_DUTY=0
HEAT_3_TEMP=42
HEAT_3_DUTY=0
HEAT_4_TEMP=47
HEAT_4_DUTY=30

[21:51:44.154 CUBESAT]
TS=1786204230.161
PG_5=1
PG_9=0
PG_12=0
FLT_P2=0
FLT_P3=0
HEAT_1_TEMP=0.0
HEAT_1_DUTY=30
ENC_RAW=11454
ENC_ANGLE=251.6748046875
ENC_ACCUM=2.5048828125

[21:51:44.577 EBOX]
TS=1786202900.237
V_SENSE5=0.55908203125
V_SENSE9=1.09619140625
V_SENSE12=0.13671875
ADC_V5=4.94720458984375
ADC_V9=9.62005615234375
ADC_V12=11.81488037109375
ADC_V28=27.67425537109375
THERMAL_SENS_OUT_1=48
THERMAL_SENS_OUT_2=-50
THERMAL_SENS_OUT_3=45
THERMAL_SENS_OUT_4=42
THERMAL_SENS_OUT_5=48
THERMAL_SENS_OUT_6=-50
THERMAL_SENS_INT_1=26
THERMAL_SENS_INT_2=29
PG_5=0
PG_9=0
PG_12=0
FLT_P2=0
FLT_P3=0
HEAT_1_TEMP=48
HEAT_1_DUTY=30
HEAT_2_TEMP=45
HEAT_2_DUTY=0
HEAT_3_TEMP=42
HEAT_3_DUTY=0
HEAT_4_TEMP=48
HEAT_4_DUTY=0

[21:51:44.586 CUBESAT]
TS=1786204230.662
PG_5=1
PG_9=0
PG_12=0
FLT_P2=0
FLT_P3=0
HEAT_1_TEMP=0.0
HEAT_1_DUTY=30
ENC_RAW=11455
ENC_ANGLE=251.69677734375
ENC_ACCUM=2.52685546875

[21:51:45.100 EBOX]
TS=1786202900.738
V_SENSE5=0.8984375
V_SENSE9=0.03662109375
V_SENSE12=0.048828125
ADC_V5=4.87640380859375
ADC_V9=9.310302734375
ADC_V12=11.62017822265625
ADC_V28=28.0902099609375
THERMAL_SENS_OUT_1=43
THERMAL_SENS_OUT_2=-50
THERMAL_SENS_OUT_3=45
THERMAL_SENS_OUT_4=41
THERMAL_SENS_OUT_5=47
THERMAL_SENS_OUT_6=-50
THERMAL_SENS_INT_1=28
THERMAL_SENS_INT_2=28
PG_5=0
PG_9=0
PG_12=0
FLT_P2=0
FLT_P3=0
HEAT_1_TEMP=43
HEAT_1_DUTY=30
HEAT_2_TEMP=45
HEAT_2_DUTY=0
HEAT_3_TEMP=41
HEAT_3_DUTY=0
HEAT_4_TEMP=47
HEAT_4_DUTY=0

[21:51:45.104 CUBESAT]
TS=1786204231.163
PG_5=1
PG_9=0
PG_12=0
FLT_P2=0
FLT_P3=0
HEAT_1_TEMP=0.0
HEAT_1_DUTY=30
ENC_RAW=11458
ENC_ANGLE=251.7626953125
ENC_ACCUM=2.5927734375

[21:51:45.524 EBOX]
TS=1786202901.240
V_SENSE5=0.83740234375
V_SENSE9=2.1484375
V_SENSE12=0.1171875
ADC_V5=4.98260498046875
ADC_V9=9.168701171875
ADC_V12=11.6998291015625
ADC_V28=27.8424072265625
THERMAL_SENS_OUT_1=41
THERMAL_SENS_OUT_2=-50
THERMAL_SENS_OUT_3=39
THERMAL_SENS_OUT_4=45
THERMAL_SENS_OUT_5=50
THERMAL_SENS_OUT_6=-50
THERMAL_SENS_INT_1=24
THERMAL_SENS_INT_2=28
PG_5=0
PG_9=0
PG_12=0
FLT_P2=0
FLT_P3=0
HEAT_1_TEMP=41
HEAT_1_DUTY=0
HEAT_2_TEMP=39
HEAT_2_DUTY=30
HEAT_3_TEMP=45
HEAT_3_DUTY=0
HEAT_4_TEMP=50
HEAT_4_DUTY=0

[21:51:45.630 CUBESAT]
TS=1786204231.665
PG_5=1
PG_9=0
PG_12=0
FLT_P2=0
FLT_P3=0
HEAT_1_TEMP=0.0
HEAT_1_DUTY=30
ENC_RAW=11457
ENC_ANGLE=251.74072265625
ENC_ACCUM=2.57080078125

[21:51:46.051 EBOX]
TS=1786202901.742
V_SENSE5=0.9130859375
V_SENSE9=0.0341796875
V_SENSE12=0.07568359375
ADC_V5=4.89410400390625
ADC_V9=9.1156005859375
ADC_V12=11.4166259765625
ADC_V28=27.00164794921875
THERMAL_SENS_OUT_1=47
THERMAL_SENS_OUT_2=-50
THERMAL_SENS_OUT_3=39
THERMAL_SENS_OUT_4=39
THERMAL_SENS_OUT_5=49
THERMAL_SENS_OUT_6=-50
THERMAL_SENS_INT_1=25
THERMAL_SENS_INT_2=29
PG_5=0
PG_9=0
PG_12=0
FLT_P2=0
FLT_P3=0
HEAT_1_TEMP=47
HEAT_1_DUTY=0
HEAT_2_TEMP=39
HEAT_2_DUTY=30
HEAT_3_TEMP=39
HEAT_3_DUTY=0
HEAT_4_TEMP=49
HEAT_4_DUTY=0

[21:51:46.155 CUBESAT]
TS=1786204232.166
PG_5=1
PG_9=0
PG_12=0
FLT_P2=0
FLT_P3=0
HEAT_1_TEMP=0.0
HEAT_1_DUTY=30
ENC_RAW=11455
ENC_ANGLE=251.69677734375
ENC_ACCUM=2.52685546875

[21:51:46.577 EBOX]
TS=1786202902.244
V_SENSE5=1.35986328125
V_SENSE9=2.91748046875
V_SENSE12=0.02197265625
ADC_V5=4.96490478515625
ADC_V9=9.14215087890625
ADC_V12=11.859130859375
ADC_V28=27.09014892578125
THERMAL_SENS_OUT_1=43
THERMAL_SENS_OUT_2=-50
THERMAL_SENS_OUT_3=40
THERMAL_SENS_OUT_4=39
THERMAL_SENS_OUT_5=51
THERMAL_SENS_OUT_6=-50
THERMAL_SENS_INT_1=30
THERMAL_SENS_INT_2=32
PG_5=0
PG_9=0
PG_12=0
FLT_P2=0
FLT_P3=0
HEAT_1_TEMP=43
HEAT_1_DUTY=0
HEAT_2_TEMP=40
HEAT_2_DUTY=0
HEAT_3_TEMP=39
HEAT_3_DUTY=30
HEAT_4_TEMP=51
HEAT_4_DUTY=0

[21:51:46.581 CUBESAT]
TS=1786204232.669
PG_5=1
PG_9=0
PG_12=0
FLT_P2=0
FLT_P3=0
HEAT_1_TEMP=0.0
HEAT_1_DUTY=30
ENC_RAW=11454
ENC_ANGLE=251.6748046875
ENC_ACCUM=2.5048828125

[21:51:47.107 EBOX]
TS=1786202902.745
V_SENSE5=0.947265625
V_SENSE9=0.03662109375
V_SENSE12=0.0439453125
ADC_V5=4.9737548828125
ADC_V9=8.98284912109375
ADC_V12=11.95648193359375
ADC_V28=27.6300048828125
THERMAL_SENS_OUT_1=43
THERMAL_SENS_OUT_2=-50
THERMAL_SENS_OUT_3=41
THERMAL_SENS_OUT_4=40
THERMAL_SENS_OUT_5=52
THERMAL_SENS_OUT_6=-50
THERMAL_SENS_INT_1=26
THERMAL_SENS_INT_2=33
PG_5=0
PG_9=0
PG_12=0
FLT_P2=0
FLT_P3=0
HEAT_1_TEMP=43
HEAT_1_DUTY=0
HEAT_2_TEMP=41
HEAT_2_DUTY=0
HEAT_3_TEMP=40
HEAT_3_DUTY=30
HEAT_4_TEMP=52
HEAT_4_DUTY=0

[21:51:47.110 CUBESAT]
TS=1786204233.169
PG_5=1
PG_9=0
PG_12=0
FLT_P2=0
FLT_P3=0
HEAT_1_TEMP=0.0
HEAT_1_DUTY=30
ENC_RAW=11455
ENC_ANGLE=251.69677734375
ENC_ACCUM=2.52685546875

[21:51:47.637 EBOX]
TS=1786202903.247
V_SENSE5=0.4150390625
V_SENSE9=1.99951171875
V_SENSE12=0.00732421875
ADC_V5=4.991455078125
ADC_V9=9.381103515625
ADC_V12=11.46087646484375
ADC_V28=27.8778076171875
THERMAL_SENS_OUT_1=45
THERMAL_SENS_OUT_2=-50
THERMAL_SENS_OUT_3=45
THERMAL_SENS_OUT_4=39
THERMAL_SENS_OUT_5=48
THERMAL_SENS_OUT_6=-50
THERMAL_SENS_INT_1=26
THERMAL_SENS_INT_2=31
PG_5=0
PG_9=0
PG_12=0
FLT_P2=0
FLT_P3=0
HEAT_1_TEMP=45
HEAT_1_DUTY=0
HEAT_2_TEMP=45
HEAT_2_DUTY=0
HEAT_3_TEMP=39
HEAT_3_DUTY=0
HEAT_4_TEMP=48
HEAT_4_DUTY=30

[21:51:47.639 CUBESAT]
TS=1786204233.670
PG_5=1
PG_9=0
PG_12=0
FLT_P2=0
FLT_P3=0
HEAT_1_TEMP=0.0
HEAT_1_DUTY=30
ENC_RAW=11455
ENC_ANGLE=251.69677734375
ENC_ACCUM=2.52685546875

[21:51:48.070 EBOX]
TS=1786202903.748
V_SENSE5=0.859375
V_SENSE9=0.06591796875
V_SENSE12=0.04150390625
ADC_V5=4.80560302734375
ADC_V9=9.26605224609375
ADC_V12=11.69097900390625
ADC_V28=28.06365966796875
THERMAL_SENS_OUT_1=46
THERMAL_SENS_OUT_2=-50
THERMAL_SENS_OUT_3=40
THERMAL_SENS_OUT_4=45
THERMAL_SENS_OUT_5=50
THERMAL_SENS_OUT_6=-50
THERMAL_SENS_INT_1=31
THERMAL_SENS_INT_2=26
PG_5=0
PG_9=0
PG_12=0
FLT_P2=0
FLT_P3=0
HEAT_1_TEMP=46
HEAT_1_DUTY=0
HEAT_2_TEMP=40
HEAT_2_DUTY=0
HEAT_3_TEMP=45
HEAT_3_DUTY=0
HEAT_4_TEMP=50
HEAT_4_DUTY=30

[21:51:48.176 CUBESAT]
TS=1786204234.172
PG_5=1
PG_9=0
PG_12=0
FLT_P2=0
FLT_P3=0
HEAT_1_TEMP=0.0
HEAT_1_DUTY=30
ENC_RAW=11456
ENC_ANGLE=251.71875
ENC_ACCUM=2.548828125

[21:51:48.597 EBOX]
TS=1786202904.253
V_SENSE5=0.76171875
V_SENSE9=0.8154296875
V_SENSE12=0.0244140625
ADC_V5=4.98260498046875
ADC_V9=9.37225341796875
ADC_V12=11.54937744140625
ADC_V28=27.718505859375
THERMAL_SENS_OUT_1=32
THERMAL_SENS_OUT_2=-50
THERMAL_SENS_OUT_3=40
THERMAL_SENS_OUT_4=42
THERMAL_SENS_OUT_5=53
THERMAL_SENS_OUT_6=-50
THERMAL_SENS_INT_1=25
THERMAL_SENS_INT_2=28
PG_5=0
PG_9=0
PG_12=0
FLT_P2=0
FLT_P3=0
HEAT_1_TEMP=32
HEAT_1_DUTY=30
HEAT_2_TEMP=40
HEAT_2_DUTY=0
HEAT_3_TEMP=42
HEAT_3_DUTY=0
HEAT_4_TEMP=53
HEAT_4_DUTY=0

[21:51:48.601 CUBESAT]
TS=1786204234.673
PG_5=1
PG_9=0
PG_12=0
FLT_P2=0
FLT_P3=0
HEAT_1_TEMP=0.0
HEAT_1_DUTY=30
ENC_RAW=11455
ENC_ANGLE=251.69677734375
ENC_ACCUM=2.52685546875

[21:51:49.122 EBOX]
TS=1786202904.752
V_SENSE5=0.94970703125
V_SENSE9=0.03662109375
V_SENSE12=0.0439453125
ADC_V5=5.02685546875
ADC_V9=9.05364990234375
ADC_V12=11.859130859375
ADC_V28=27.081298828125
THERMAL_SENS_OUT_1=45
THERMAL_SENS_OUT_2=-50
THERMAL_SENS_OUT_3=38
THERMAL_SENS_OUT_4=39
THERMAL_SENS_OUT_5=48
THERMAL_SENS_OUT_6=-50
THERMAL_SENS_INT_1=26
THERMAL_SENS_INT_2=30
PG_5=0
PG_9=0
PG_12=0
FLT_P2=0
FLT_P3=0
HEAT_1_TEMP=45
HEAT_1_DUTY=30
HEAT_2_TEMP=38
HEAT_2_DUTY=0
HEAT_3_TEMP=39
HEAT_3_DUTY=0
HEAT_4_TEMP=48
HEAT_4_DUTY=0

[21:51:49.125 CUBESAT]
TS=1786204235.175
PG_5=1
PG_9=0
PG_12=0
FLT_P2=0
FLT_P3=0
HEAT_1_TEMP=0.0
HEAT_1_DUTY=30
ENC_RAW=11455
ENC_ANGLE=251.69677734375
ENC_ACCUM=2.52685546875

[21:51:49.553 EBOX]
TS=1786202905.253
V_SENSE5=1.1328125
V_SENSE9=1.181640625
V_SENSE12=0.01220703125
ADC_V5=5.0091552734375
ADC_V9=9.10675048828125
ADC_V12=11.434326171875
ADC_V28=27.39990234375
THERMAL_SENS_OUT_1=42
THERMAL_SENS_OUT_2=-50
THERMAL_SENS_OUT_3=40
THERMAL_SENS_OUT_4=46
THERMAL_SENS_OUT_5=48
THERMAL_SENS_OUT_6=-50
THERMAL_SENS_INT_1=27
THERMAL_SENS_INT_2=27
PG_5=0
PG_9=0
PG_12=0
FLT_P2=0
FLT_P3=0
HEAT_1_TEMP=42
HEAT_1_DUTY=0
HEAT_2_TEMP=40
HEAT_2_DUTY=30
HEAT_3_TEMP=46
HEAT_3_DUTY=0
HEAT_4_TEMP=48
HEAT_4_DUTY=0

[21:51:49.662 CUBESAT]
TS=1786204235.677
PG_5=1
PG_9=0
PG_12=0
FLT_P2=0
FLT_P3=0
HEAT_1_TEMP=0.0
HEAT_1_DUTY=30
ENC_RAW=11453
ENC_ANGLE=251.65283203125
ENC_ACCUM=2.48291015625

[21:51:50.080 EBOX]
TS=1786202905.755
V_SENSE5=0.91796875
V_SENSE9=0.0341796875
V_SENSE12=0.11474609375
ADC_V5=4.88525390625
ADC_V9=9.40765380859375
ADC_V12=11.93878173828125
ADC_V28=27.9486083984375
THERMAL_SENS_OUT_1=46
THERMAL_SENS_OUT_2=-50
THERMAL_SENS_OUT_3=39
THERMAL_SENS_OUT_4=45
THERMAL_SENS_OUT_5=53
THERMAL_SENS_OUT_6=-50
THERMAL_SENS_INT_1=29
THERMAL_SENS_INT_2=28
PG_5=0
PG_9=0
PG_12=0
FLT_P2=0
FLT_P3=0
HEAT_1_TEMP=46
HEAT_1_DUTY=0
HEAT_2_TEMP=39
HEAT_2_DUTY=30
HEAT_3_TEMP=45
HEAT_3_DUTY=0
HEAT_4_TEMP=53
HEAT_4_DUTY=0

[21:51:50.184 CUBESAT]
TS=1786204236.179
PG_5=1
PG_9=0
PG_12=0
FLT_P2=0
FLT_P3=0
HEAT_1_TEMP=0.0
HEAT_1_DUTY=30
ENC_RAW=11455
ENC_ANGLE=251.69677734375
ENC_ACCUM=2.52685546875

[21:51:50.618 EBOX]
TS=1786202906.257
V_SENSE5=0.61767578125
V_SENSE9=2.0654296875
V_SENSE12=0.11474609375
ADC_V5=4.94720458984375
ADC_V9=9.49615478515625
ADC_V12=11.51397705078125
ADC_V28=27.1875
THERMAL_SENS_OUT_1=43
THERMAL_SENS_OUT_2=-50
THERMAL_SENS_OUT_3=39
THERMAL_SENS_OUT_4=42
THERMAL_SENS_OUT_5=48
THERMAL_SENS_OUT_6=-50
THERMAL_SENS_INT_1=25
THERMAL_SENS_INT_2=33
PG_5=0
PG_9=0
PG_12=0
FLT_P2=0
FLT_P3=0
HEAT_1_TEMP=43
HEAT_1_DUTY=0
HEAT_2_TEMP=39
HEAT_2_DUTY=0
HEAT_3_TEMP=42
HEAT_3_DUTY=30
HEAT_4_TEMP=48
HEAT_4_DUTY=0

[21:51:50.621 CUBESAT]
TS=1786204236.681
PG_5=1
PG_9=0
PG_12=0
FLT_P2=0
FLT_P3=0
HEAT_1_TEMP=0.0
HEAT_1_DUTY=30
ENC_RAW=11459
ENC_ANGLE=251.78466796875
ENC_ACCUM=2.61474609375

[21:51:51.042 EBOX]
TS=1786202906.759
V_SENSE5=0.888671875
V_SENSE9=0.0390625
V_SENSE12=0.048828125
ADC_V5=4.98260498046875
ADC_V9=9.26605224609375
ADC_V12=11.44317626953125
ADC_V28=28.1787109375
THERMAL_SENS_OUT_1=43
THERMAL_SENS_OUT_2=-50
THERMAL_SENS_OUT_3=41
THERMAL_SENS_OUT_4=39
THERMAL_SENS_OUT_5=49
THERMAL_SENS_OUT_6=-50
THERMAL_SENS_INT_1=28
THERMAL_SENS_INT_2=28
PG_5=0
PG_9=0
PG_12=0
FLT_P2=0
FLT_P3=0
HEAT_1_TEMP=43
HEAT_1_DUTY=0
HEAT_2_TEMP=41
HEAT_2_DUTY=0
HEAT_3_TEMP=39
HEAT_3_DUTY=30
HEAT_4_TEMP=49
HEAT_4_DUTY=0

[21:51:51.148 CUBESAT]
TS=1786204237.182
PG_5=1
PG_9=0
PG_12=0
FLT_P2=0
FLT_P3=0
HEAT_1_TEMP=0.0
HEAT_1_DUTY=30
ENC_RAW=11455
ENC_ANGLE=251.69677734375
ENC_ACCUM=2.52685546875

[21:51:51.572 EBOX]
TS=1786202907.261
V_SENSE5=0.3857421875
V_SENSE9=1.53076171875
V_SENSE12=0.009765625
ADC_V5=4.991455078125
ADC_V9=9.239501953125
ADC_V12=11.788330078125
ADC_V28=27.789306640625
THERMAL_SENS_OUT_1=48
THERMAL_SENS_OUT_2=-50
THERMAL_SENS_OUT_3=42
THERMAL_SENS_OUT_4=40
THERMAL_SENS_OUT_5=47
THERMAL_SENS_OUT_6=-50
THERMAL_SENS_INT_1=29
THERMAL_SENS_INT_2=27
PG_5=0
PG_9=0
PG_12=0
FLT_P2=0
FLT_P3=0
HEAT_1_TEMP=48
HEAT_1_DUTY=0
HEAT_2_TEMP=42
HEAT_2_DUTY=0
HEAT_3_TEMP=40
HEAT_3_DUTY=0
HEAT_4_TEMP=47
HEAT_4_DUTY=30

[21:51:51.677 CUBESAT]
TS=1786204237.684
PG_5=1
PG_9=0
PG_12=0
FLT_P2=0
FLT_P3=0
HEAT_1_TEMP=0.0
HEAT_1_DUTY=30
ENC_RAW=11453
ENC_ANGLE=251.65283203125
ENC_ACCUM=2.48291015625

[21:51:52.103 EBOX]
TS=1786202907.762
V_SENSE5=0.88134765625
V_SENSE9=0.03662109375
V_SENSE12=0.04150390625
ADC_V5=4.87640380859375
ADC_V9=9.027099609375
ADC_V12=12.06268310546875
ADC_V28=28.037109375
THERMAL_SENS_OUT_1=47
THERMAL_SENS_OUT_2=-50
THERMAL_SENS_OUT_3=40
THERMAL_SENS_OUT_4=41
THERMAL_SENS_OUT_5=48
THERMAL_SENS_OUT_6=-50
THERMAL_SENS_INT_1=29
THERMAL_SENS_INT_2=28
PG_5=0
PG_9=0
PG_12=0
FLT_P2=0
FLT_P3=0
HEAT_1_TEMP=47
HEAT_1_DUTY=0
HEAT_2_TEMP=40
HEAT_2_DUTY=0
HEAT_3_TEMP=41
HEAT_3_DUTY=0
HEAT_4_TEMP=48
HEAT_4_DUTY=30

[21:51:52.106 CUBESAT]
TS=1786204238.186
PG_5=1
PG_9=0
PG_12=0
FLT_P2=0
FLT_P3=0
HEAT_1_TEMP=0.0
HEAT_1_DUTY=30
ENC_RAW=11456
ENC_ANGLE=251.71875
ENC_ACCUM=2.548828125

[21:51:52.635 EBOX]
TS=1786202908.266
V_SENSE5=0.56640625
V_SENSE9=2.28515625
V_SENSE12=0.029296875
ADC_V5=4.82330322265625
ADC_V9=9.37225341796875
ADC_V12=11.90338134765625
ADC_V28=27.5946044921875
THERMAL_SENS_OUT_1=52
THERMAL_SENS_OUT_2=-50
THERMAL_SENS_OUT_3=45
THERMAL_SENS_OUT_4=41
THERMAL_SENS_OUT_5=49
THERMAL_SENS_OUT_6=-50
THERMAL_SENS_INT_1=26
THERMAL_SENS_INT_2=30
PG_5=0
PG_9=0
PG_12=0
FLT_P2=0
FLT_P3=0
HEAT_1_TEMP=52
HEAT_1_DUTY=30
HEAT_2_TEMP=45
HEAT_2_DUTY=0
HEAT_3_TEMP=41
HEAT_3_DUTY=0
HEAT_4_TEMP=49
HEAT_4_DUTY=0

[21:51:52.638 CUBESAT]
TS=1786204238.687
PG_5=1
PG_9=0
PG_12=0
FLT_P2=0
FLT_P3=0
HEAT_1_TEMP=0.0
HEAT_1_DUTY=30
ENC_RAW=11455
ENC_ANGLE=251.69677734375
ENC_ACCUM=2.52685546875

[21:51:53.060 EBOX]
TS=1786202908.767
V_SENSE5=0.90576171875
V_SENSE9=0.0341796875
V_SENSE12=0.048828125
ADC_V5=5.01800537109375
ADC_V9=8.92974853515625
ADC_V12=11.88568115234375
ADC_V28=27.65655517578125
THERMAL_SENS_OUT_1=41
THERMAL_SENS_OUT_2=-50
THERMAL_SENS_OUT_3=45
THERMAL_SENS_OUT_4=41
THERMAL_SENS_OUT_5=48
THERMAL_SENS_OUT_6=-50
THERMAL_SENS_INT_1=30
THERMAL_SENS_INT_2=29
PG_5=0
PG_9=0
PG_12=0
FLT_P2=0
FLT_P3=0
HEAT_1_TEMP=41
HEAT_1_DUTY=30
HEAT_2_TEMP=45
HEAT_2_DUTY=0
HEAT_3_TEMP=41
HEAT_3_DUTY=0
HEAT_4_TEMP=48
HEAT_4_DUTY=0

[21:51:53.165 CUBESAT]
TS=1786204239.188
PG_5=1
PG_9=0
PG_12=0
FLT_P2=0
FLT_P3=0
HEAT_1_TEMP=0.0
HEAT_1_DUTY=30
ENC_RAW=11455
ENC_ANGLE=251.69677734375
ENC_ACCUM=2.52685546875

[21:51:53.592 EBOX]
TS=1786202909.269
V_SENSE5=0.576171875
V_SENSE9=2.59521484375
V_SENSE12=0.10009765625
ADC_V5=4.9560546875
ADC_V9=9.33685302734375
ADC_V12=11.68212890625
ADC_V28=26.939697265625
THERMAL_SENS_OUT_1=44
THERMAL_SENS_OUT_2=-50
THERMAL_SENS_OUT_3=40
THERMAL_SENS_OUT_4=42
THERMAL_SENS_OUT_5=54
THERMAL_SENS_OUT_6=-50
THERMAL_SENS_INT_1=28
THERMAL_SENS_INT_2=33
PG_5=0
PG_9=0
PG_12=0
FLT_P2=0
FLT_P3=0
HEAT_1_TEMP=44
HEAT_1_DUTY=0
HEAT_2_TEMP=40
HEAT_2_DUTY=30
HEAT_3_TEMP=42
HEAT_3_DUTY=0
HEAT_4_TEMP=54
HEAT_4_DUTY=0

[21:51:53.698 CUBESAT]
TS=1786204239.689
PG_5=1
PG_9=0
PG_12=0
FLT_P2=0
FLT_P3=0
HEAT_1_TEMP=0.0
HEAT_1_DUTY=30
ENC_RAW=11455
ENC_ANGLE=251.69677734375
ENC_ACCUM=2.52685546875

[21:51:54.122 EBOX]
TS=1786202909.772
V_SENSE5=0.91796875
V_SENSE9=0.0390625
V_SENSE12=0.0439453125
ADC_V5=4.920654296875
ADC_V9=9.05364990234375
ADC_V12=11.89453125
ADC_V28=27.79815673828125
THERMAL_SENS_OUT_1=44
THERMAL_SENS_OUT_2=-50
THERMAL_SENS_OUT_3=42
THERMAL_SENS_OUT_4=39
THERMAL_SENS_OUT_5=48
THERMAL_SENS_OUT_6=-50
THERMAL_SENS_INT_1=27
THERMAL_SENS_INT_2=33
PG_5=0
PG_9=0
PG_12=0
FLT_P2=0
FLT_P3=0
HEAT_1_TEMP=44
HEAT_1_DUTY=0
HEAT_2_TEMP=42
HEAT_2_DUTY=30
HEAT_3_TEMP=39
HEAT_3_DUTY=0
HEAT_4_TEMP=48
HEAT_4_DUTY=0

[21:51:54.126 CUBESAT]
TS=1786204240.190
PG_5=1
PG_9=0
PG_12=0
FLT_P2=0
FLT_P3=0
HEAT_1_TEMP=0.0
HEAT_1_DUTY=30
ENC_RAW=11456
ENC_ANGLE=251.71875
ENC_ACCUM=2.548828125

[21:51:54.658 EBOX]
TS=1786202910.271
V_SENSE5=0.88623046875
V_SENSE9=1.46728515625
V_SENSE12=0.00732421875
ADC_V5=4.9737548828125
ADC_V9=9.24835205078125
ADC_V12=11.7529296875
ADC_V28=27.95745849609375
THERMAL_SENS_OUT_1=43
THERMAL_SENS_OUT_2=-50
THERMAL_SENS_OUT_3=43
THERMAL_SENS_OUT_4=41
THERMAL_SENS_OUT_5=48
THERMAL_SENS_OUT_6=-50
THERMAL_SENS_INT_1=27
THERMAL_SENS_INT_2=26
PG_5=0
PG_9=0
PG_12=0
FLT_P2=0
FLT_P3=0
HEAT_1_TEMP=43
HEAT_1_DUTY=0
HEAT_2_TEMP=43
HEAT_2_DUTY=0
HEAT_3_TEMP=41
HEAT_3_DUTY=30
HEAT_4_TEMP=48
HEAT_4_DUTY=0

[21:51:54.663 CUBESAT]
TS=1786204240.692
PG_5=1
PG_9=0
PG_12=0
FLT_P2=0
FLT_P3=0
HEAT_1_TEMP=0.0
HEAT_1_DUTY=30
ENC_RAW=11459
ENC_ANGLE=251.78466796875
ENC_ACCUM=2.61474609375

[21:51:55.083 EBOX]
TS=1786202910.773
V_SENSE5=0.91796875
V_SENSE9=0.0390625
V_SENSE12=0.04638671875
ADC_V5=4.92950439453125
ADC_V9=9.41650390625
ADC_V12=11.68212890625
ADC_V28=27.7716064453125
THERMAL_SENS_OUT_1=48
THERMAL_SENS_OUT_2=-50
THERMAL_SENS_OUT_3=39
THERMAL_SENS_OUT_4=45
THERMAL_SENS_OUT_5=53
THERMAL_SENS_OUT_6=-50
THERMAL_SENS_INT_1=31
THERMAL_SENS_INT_2=30
PG_5=0
PG_9=0
PG_12=0
FLT_P2=0
FLT_P3=0
HEAT_1_TEMP=48
HEAT_1_DUTY=0
HEAT_2_TEMP=39
HEAT_2_DUTY=0
HEAT_3_TEMP=45
HEAT_3_DUTY=30
HEAT_4_TEMP=53
HEAT_4_DUTY=0

[21:51:55.188 CUBESAT]
TS=1786204241.193
PG_5=1
PG_9=0
PG_12=0
FLT_P2=0
FLT_P3=0
HEAT_1_TEMP=0.0
HEAT_1_DUTY=30
ENC_RAW=11454
ENC_ANGLE=251.6748046875
ENC_ACCUM=2.5048828125

[21:51:55.621 EBOX]
TS=1786202911.275
V_SENSE5=0.7080078125
V_SENSE9=1.05712890625
V_SENSE12=0.0146484375
ADC_V5=5.00030517578125
ADC_V9=9.2926025390625
ADC_V12=11.9476318359375
ADC_V28=27.32025146484375
THERMAL_SENS_OUT_1=43
THERMAL_SENS_OUT_2=-50
THERMAL_SENS_OUT_3=41
THERMAL_SENS_OUT_4=39
THERMAL_SENS_OUT_5=50
THERMAL_SENS_OUT_6=-50
THERMAL_SENS_INT_1=30
THERMAL_SENS_INT_2=30
PG_5=0
PG_9=0
PG_12=0
FLT_P2=0
FLT_P3=0
HEAT_1_TEMP=43
HEAT_1_DUTY=0
HEAT_2_TEMP=41
HEAT_2_DUTY=0
HEAT_3_TEMP=39
HEAT_3_DUTY=0
HEAT_4_TEMP=50
HEAT_4_DUTY=30

[21:51:55.624 CUBESAT]
TS=1786204241.693
PG_5=1
PG_9=0
PG_12=0
FLT_P2=0
FLT_P3=0
HEAT_1_TEMP=0.0
HEAT_1_DUTY=30
ENC_RAW=11456
ENC_ANGLE=251.71875
ENC_ACCUM=2.548828125

[21:51:56.151 EBOX]
TS=1786202911.780
V_SENSE5=0.9375
V_SENSE9=0.03662109375
V_SENSE12=0.0439453125
ADC_V5=4.9383544921875
ADC_V9=9.55810546875
ADC_V12=11.70867919921875
ADC_V28=27.470703125
THERMAL_SENS_OUT_1=44
THERMAL_SENS_OUT_2=-50
THERMAL_SENS_OUT_3=45
THERMAL_SENS_OUT_4=41
THERMAL_SENS_OUT_5=52
THERMAL_SENS_OUT_6=-50
THERMAL_SENS_INT_1=25
THERMAL_SENS_INT_2=28
PG_5=0
PG_9=0
PG_12=0
FLT_P2=0
FLT_P3=0
HEAT_1_TEMP=44
HEAT_1_DUTY=0
HEAT_2_TEMP=45
HEAT_2_DUTY=0
HEAT_3_TEMP=41
HEAT_3_DUTY=0
HEAT_4_TEMP=52
HEAT_4_DUTY=30

[21:51:56.581 EBOX]
TS=1786202912.280
V_SENSE5=0.95947265625
V_SENSE9=1.572265625
V_SENSE12=0.048828125
ADC_V5=4.84100341796875
ADC_V9=9.1510009765625
ADC_V12=11.9476318359375
ADC_V28=27.5946044921875
THERMAL_SENS_OUT_1=47
THERMAL_SENS_OUT_2=-50
THERMAL_SENS_OUT_3=42
THERMAL_SENS_OUT_4=40
THERMAL_SENS_OUT_5=51
THERMAL_SENS_OUT_6=-50
THERMAL_SENS_INT_1=25
THERMAL_SENS_INT_2=34
PG_5=0
PG_9=0
PG_12=0
FLT_P2=0
FLT_P3=0
HEAT_1_TEMP=47
HEAT_1_DUTY=30
HEAT_2_TEMP=42
HEAT_2_DUTY=0
HEAT_3_TEMP=40
HEAT_3_DUTY=0
HEAT_4_TEMP=51
HEAT_4_DUTY=0

[21:51:57.114 EBOX]
TS=1786202912.780
V_SENSE5=0.89599609375
V_SENSE9=0.0390625
V_SENSE12=0.048828125
ADC_V5=5.00030517578125
ADC_V9=9.1156005859375
ADC_V12=11.717529296875
ADC_V28=28.072509765625
THERMAL_SENS_OUT_1=43
THERMAL_SENS_OUT_2=-50
THERMAL_SENS_OUT_3=42
THERMAL_SENS_OUT_4=41
THERMAL_SENS_OUT_5=51
THERMAL_SENS_OUT_6=-50
THERMAL_SENS_INT_1=25
THERMAL_SENS_INT_2=33
PG_5=0
PG_9=0
PG_12=0
FLT_P2=0
FLT_P3=0
HEAT_1_TEMP=43
HEAT_1_DUTY=30
HEAT_2_TEMP=42
HEAT_2_DUTY=0
HEAT_3_TEMP=41
HEAT_3_DUTY=0
HEAT_4_TEMP=51
HEAT_4_DUTY=0

[21:51:57.658 EBOX]
TS=1786202913.282
V_SENSE5=0.43701171875
V_SENSE9=1.3623046875
V_SENSE12=0.02197265625
ADC_V5=4.94720458984375
ADC_V9=9.51385498046875
ADC_V12=11.99188232421875
ADC_V28=27.25830078125
THERMAL_SENS_OUT_1=42
THERMAL_SENS_OUT_2=-50
THERMAL_SENS_OUT_3=40
THERMAL_SENS_OUT_4=43
THERMAL_SENS_OUT_5=49
THERMAL_SENS_OUT_6=-50
THERMAL_SENS_INT_1=25
THERMAL_SENS_INT_2=27
PG_5=0
PG_9=0
PG_12=0
FLT_P2=0
FLT_P3=0
HEAT_1_TEMP=42
HEAT_1_DUTY=0
HEAT_2_TEMP=40
HEAT_2_DUTY=30
HEAT_3_TEMP=43
HEAT_3_DUTY=0
HEAT_4_TEMP=49
HEAT_4_DUTY=0

[21:51:58.088 EBOX]
TS=1786202913.787
V_SENSE5=0.9326171875
V_SENSE9=0.05126953125
V_SENSE12=0.0439453125
ADC_V5=4.89410400390625
ADC_V9=9.3634033203125
ADC_V12=11.72637939453125
ADC_V28=27.0281982421875
THERMAL_SENS_OUT_1=46
THERMAL_SENS_OUT_2=-50
THERMAL_SENS_OUT_3=39
THERMAL_SENS_OUT_4=40
THERMAL_SENS_OUT_5=50
THERMAL_SENS_OUT_6=-50
THERMAL_SENS_INT_1=24
THERMAL_SENS_INT_2=29
PG_5=0
PG_9=0
PG_12=0
FLT_P2=0
FLT_P3=0
HEAT_1_TEMP=46
HEAT_1_DUTY=0
HEAT_2_TEMP=39
HEAT_2_DUTY=30
HEAT_3_TEMP=40
HEAT_3_DUTY=0
HEAT_4_TEMP=50
HEAT_4_DUTY=0

[21:51:58.613 EBOX]
TS=1786202914.286
V_SENSE5=0.9765625
V_SENSE9=2.81982421875
V_SENSE12=0.14404296875
ADC_V5=4.96490478515625
ADC_V9=9.35455322265625
ADC_V12=11.89453125
ADC_V28=27.39105224609375
THERMAL_SENS_OUT_1=42
THERMAL_SENS_OUT_2=-50
THERMAL_SENS_OUT_3=39
THERMAL_SENS_OUT_4=41
THERMAL_SENS_OUT_5=48
THERMAL_SENS_OUT_6=-50
THERMAL_SENS_INT_1=29
THERMAL_SENS_INT_2=28
PG_5=0
PG_9=0
PG_12=0
FLT_P2=0
FLT_P3=0
HEAT_1_TEMP=42
HEAT_1_DUTY=0
HEAT_2_TEMP=39
HEAT_2_DUTY=0
HEAT_3_TEMP=41
HEAT_3_DUTY=30
HEAT_4_TEMP=48
HEAT_4_DUTY=0

