[20:40:57.698 EBOX]
TS=1786202347.888
V_SENSE5=1.18896484375
V_SENSE9=0.0390625
V_SENSE12=0.126953125
ADC_V5=4.9737548828125
ADC_V9=9.2572021484375
ADC_V12=11.83258056640625
ADC_V28=27.1697998046875
THERMAL_SENS_OUT_1=28
THERMAL_SENS_OUT_2=-50
THERMAL_SENS_OUT_3=28
THERMAL_SENS_OUT_4=31
THERMAL_SENS_OUT_5=29
THERMAL_SENS_OUT_6=-50
THERMAL_SENS_INT_1=24
THERMAL_SENS_INT_2=31
PG_5=0
PG_9=0
PG_12=0
FLT_P2=0
FLT_P3=0
HEAT_1_TEMP=28
HEAT_1_DUTY=0
HEAT_2_TEMP=28
HEAT_2_DUTY=10
HEAT_3_TEMP=31
HEAT_3_DUTY=0
HEAT_4_TEMP=29
HEAT_4_DUTY=0

[20:40:59.619 EBOX]
TS=1786202349.905
V_SENSE5=1.064453125
V_SENSE9=0.0341796875
V_SENSE12=0.1171875
ADC_V5=5.0091552734375
ADC_V9=9.24835205078125
ADC_V12=11.434326171875
ADC_V28=27.88665771484375
THERMAL_SENS_OUT_1=33
THERMAL_SENS_OUT_2=-50
THERMAL_SENS_OUT_3=30
THERMAL_SENS_OUT_4=35
THERMAL_SENS_OUT_5=32
THERMAL_SENS_OUT_6=-50
THERMAL_SENS_INT_1=30
THERMAL_SENS_INT_2=32
PG_5=0
PG_9=0
PG_12=0
FLT_P2=0
FLT_P3=0
HEAT_1_TEMP=33
HEAT_1_DUTY=0
HEAT_2_TEMP=30
HEAT_2_DUTY=0
HEAT_3_TEMP=35
HEAT_3_DUTY=0
HEAT_4_TEMP=32
HEAT_4_DUTY=0

[20:41:01.597 EBOX]
TS=1786202351.899
V_SENSE5=1.044921875
V_SENSE9=0.03662109375
V_SENSE12=0.1171875
ADC_V5=5.0091552734375
ADC_V9=8.6907958984375
ADC_V12=11.788330078125
ADC_V28=27.39105224609375
THERMAL_SENS_OUT_1=27
THERMAL_SENS_OUT_2=-50
THERMAL_SENS_OUT_3=35
THERMAL_SENS_OUT_4=29
THERMAL_SENS_OUT_5=29
THERMAL_SENS_OUT_6=-50
THERMAL_SENS_INT_1=25
THERMAL_SENS_INT_2=27
PG_5=0
PG_9=0
PG_12=0
FLT_P2=0
FLT_P3=0
HEAT_1_TEMP=27
HEAT_1_DUTY=0
HEAT_2_TEMP=35
HEAT_2_DUTY=0
HEAT_3_TEMP=29
HEAT_3_DUTY=0
HEAT_4_TEMP=29
HEAT_4_DUTY=10

[20:41:02.324 CUBESAT]
TS=1786203683.282
PG_5=1
PG_9=0
PG_12=0
FLT_P2=0
FLT_P3=0
HEAT_1_TEMP=0.0
HEAT_1_DUTY=0

[20:41:03.628 EBOX]
TS=1786202353.893
V_SENSE5=1.15966796875
V_SENSE9=0.0341796875
V_SENSE12=0.10498046875
ADC_V5=4.8321533203125
ADC_V9=8.9031982421875
ADC_V12=11.7352294921875
ADC_V28=27.930908203125
THERMAL_SENS_OUT_1=30
THERMAL_SENS_OUT_2=-50
THERMAL_SENS_OUT_3=29
THERMAL_SENS_OUT_4=31
THERMAL_SENS_OUT_5=33
THERMAL_SENS_OUT_6=-50
THERMAL_SENS_INT_1=26
THERMAL_SENS_INT_2=25
PG_5=0
PG_9=0
PG_12=0
FLT_P2=0
FLT_P3=0
HEAT_1_TEMP=30
HEAT_1_DUTY=0
HEAT_2_TEMP=29
HEAT_2_DUTY=10
HEAT_3_TEMP=31
HEAT_3_DUTY=0
HEAT_4_TEMP=33
HEAT_4_DUTY=0

[20:41:04.239 CUBESAT]
TS=1786203685.284
PG_5=1
PG_9=0
PG_12=0
FLT_P2=0
FLT_P3=0
HEAT_1_TEMP=0.0
HEAT_1_DUTY=0

[20:41:05.648 EBOX]
TS=1786202355.903
V_SENSE5=1.0546875
V_SENSE9=0.0390625
V_SENSE12=0.17333984375
ADC_V5=4.8321533203125
ADC_V9=8.9739990234375
ADC_V12=11.8414306640625
ADC_V28=28.0194091796875
THERMAL_SENS_OUT_1=28
THERMAL_SENS_OUT_2=-50
THERMAL_SENS_OUT_3=28
THERMAL_SENS_OUT_4=30
THERMAL_SENS_OUT_5=30
THERMAL_SENS_OUT_6=-50
THERMAL_SENS_INT_1=28
THERMAL_SENS_INT_2=26
PG_5=0
PG_9=0
PG_12=0
FLT_P2=0
FLT_P3=0
HEAT_1_TEMP=28
HEAT_1_DUTY=0
HEAT_2_TEMP=28
HEAT_2_DUTY=10
HEAT_3_TEMP=30
HEAT_3_DUTY=0
HEAT_4_TEMP=30
HEAT_4_DUTY=0

[20:41:06.254 CUBESAT]
TS=1786203687.286
PG_5=1
PG_9=0
PG_12=0
FLT_P2=0
FLT_P3=0
HEAT_1_TEMP=0.0
HEAT_1_DUTY=0

[20:41:07.670 EBOX]
TS=1786202357.906
V_SENSE5=1.05712890625
V_SENSE9=0.09521484375
V_SENSE12=0.1123046875
ADC_V5=5.23040771484375
ADC_V9=9.239501953125
ADC_V12=11.92108154296875
ADC_V28=27.85125732421875
THERMAL_SENS_OUT_1=28
THERMAL_SENS_OUT_2=-50
THERMAL_SENS_OUT_3=29
THERMAL_SENS_OUT_4=29
THERMAL_SENS_OUT_5=30
THERMAL_SENS_OUT_6=-50
THERMAL_SENS_INT_1=25
THERMAL_SENS_INT_2=28
PG_5=0
PG_9=0
PG_12=0
FLT_P2=0
FLT_P3=0
HEAT_1_TEMP=28
HEAT_1_DUTY=10
HEAT_2_TEMP=29
HEAT_2_DUTY=0
HEAT_3_TEMP=29
HEAT_3_DUTY=0
HEAT_4_TEMP=30
HEAT_4_DUTY=0

[20:41:08.275 CUBESAT]
TS=1786203689.287
PG_5=1
PG_9=0
PG_12=0
FLT_P2=0
FLT_P3=0
HEAT_1_TEMP=0.0
HEAT_1_DUTY=0

[20:41:09.597 EBOX]
TS=1786202359.900
V_SENSE5=1.14990234375
V_SENSE9=0.04638671875
V_SENSE12=0.107421875
ADC_V5=4.92950439453125
ADC_V9=9.21295166015625
ADC_V12=11.788330078125
ADC_V28=27.32025146484375
THERMAL_SENS_OUT_1=27
THERMAL_SENS_OUT_2=-50
THERMAL_SENS_OUT_3=32
THERMAL_SENS_OUT_4=33
THERMAL_SENS_OUT_5=29
THERMAL_SENS_OUT_6=-50
THERMAL_SENS_INT_1=27
THERMAL_SENS_INT_2=32
PG_5=0
PG_9=0
PG_12=0
FLT_P2=0
FLT_P3=0
HEAT_1_TEMP=27
HEAT_1_DUTY=10
HEAT_2_TEMP=32
HEAT_2_DUTY=0
HEAT_3_TEMP=33
HEAT_3_DUTY=0
HEAT_4_TEMP=29
HEAT_4_DUTY=0

[20:41:10.306 CUBESAT]
TS=1786203691.289
PG_5=1
PG_9=0
PG_12=0
FLT_P2=0
FLT_P3=0
HEAT_1_TEMP=0.0
HEAT_1_DUTY=10

[20:41:11.622 EBOX]
TS=1786202361.911
V_SENSE5=1.0546875
V_SENSE9=0.03662109375
V_SENSE12=0.1123046875
ADC_V5=5.0091552734375
ADC_V9=9.2041015625
ADC_V12=11.7706298828125
ADC_V28=28.1787109375
THERMAL_SENS_OUT_1=29
THERMAL_SENS_OUT_2=-50
THERMAL_SENS_OUT_3=33
THERMAL_SENS_OUT_4=27
THERMAL_SENS_OUT_5=31
THERMAL_SENS_OUT_6=-50
THERMAL_SENS_INT_1=23
THERMAL_SENS_INT_2=28
PG_5=0
PG_9=0
PG_12=0
FLT_P2=0
FLT_P3=0
HEAT_1_TEMP=29
HEAT_1_DUTY=10
HEAT_2_TEMP=33
HEAT_2_DUTY=0
HEAT_3_TEMP=27
HEAT_3_DUTY=0
HEAT_4_TEMP=31
HEAT_4_DUTY=0

[20:41:12.227 CUBESAT]
TS=1786203693.291
PG_5=1
PG_9=0
PG_12=0
FLT_P2=0
FLT_P3=0
HEAT_1_TEMP=0.0
HEAT_1_DUTY=0

[20:41:13.645 EBOX]
TS=1786202363.904
V_SENSE5=1.171875
V_SENSE9=0.0341796875
V_SENSE12=0.1220703125
ADC_V5=4.87640380859375
ADC_V9=8.96514892578125
ADC_V12=11.60247802734375
ADC_V28=27.23175048828125
THERMAL_SENS_OUT_1=33
THERMAL_SENS_OUT_2=-50
THERMAL_SENS_OUT_3=28
THERMAL_SENS_OUT_4=30
THERMAL_SENS_OUT_5=32
THERMAL_SENS_OUT_6=-50
THERMAL_SENS_INT_1=26
THERMAL_SENS_INT_2=30
PG_5=0
PG_9=0
PG_12=0
FLT_P2=0
FLT_P3=0
HEAT_1_TEMP=33
HEAT_1_DUTY=0
HEAT_2_TEMP=28
HEAT_2_DUTY=10
HEAT_3_TEMP=30
HEAT_3_DUTY=0
HEAT_4_TEMP=32
HEAT_4_DUTY=0

[20:41:14.252 CUBESAT]
TS=1786203695.294
PG_5=1
PG_9=0
PG_12=0
FLT_P2=0
FLT_P3=0
HEAT_1_TEMP=0.0
HEAT_1_DUTY=0

[20:41:15.667 EBOX]
TS=1786202365.905
V_SENSE5=1.11083984375
V_SENSE9=0.0341796875
V_SENSE12=0.12451171875
ADC_V5=4.9737548828125
ADC_V9=9.239501953125
ADC_V12=11.68212890625
ADC_V28=27.56805419921875
THERMAL_SENS_OUT_1=33
THERMAL_SENS_OUT_2=-50
THERMAL_SENS_OUT_3=30
THERMAL_SENS_OUT_4=32
THERMAL_SENS_OUT_5=31
THERMAL_SENS_OUT_6=-50
THERMAL_SENS_INT_1=26
THERMAL_SENS_INT_2=30
PG_5=0
PG_9=0
PG_12=0
FLT_P2=0
FLT_P3=0
HEAT_1_TEMP=33
HEAT_1_DUTY=0
HEAT_2_TEMP=30
HEAT_2_DUTY=0
HEAT_3_TEMP=32
HEAT_3_DUTY=0
HEAT_4_TEMP=31
HEAT_4_DUTY=0

[20:41:16.274 CUBESAT]
TS=1786203697.296
PG_5=1
PG_9=0
PG_12=0
FLT_P2=0
FLT_P3=0
HEAT_1_TEMP=0.0
HEAT_1_DUTY=0

[20:41:17.691 EBOX]
TS=1786202367.920
V_SENSE5=1.0546875
V_SENSE9=0.03662109375
V_SENSE12=0.13671875
ADC_V5=4.991455078125
ADC_V9=9.15985107421875
ADC_V12=11.8060302734375
ADC_V28=27.83355712890625
THERMAL_SENS_OUT_1=30
THERMAL_SENS_OUT_2=-50
THERMAL_SENS_OUT_3=33
THERMAL_SENS_OUT_4=33
THERMAL_SENS_OUT_5=35
THERMAL_SENS_OUT_6=-50
THERMAL_SENS_INT_1=24
THERMAL_SENS_INT_2=31
PG_5=0
PG_9=0
PG_12=0
FLT_P2=0
FLT_P3=0
HEAT_1_TEMP=30
HEAT_1_DUTY=0
HEAT_2_TEMP=33
HEAT_2_DUTY=0
HEAT_3_TEMP=33
HEAT_3_DUTY=0
HEAT_4_TEMP=35
HEAT_4_DUTY=0

[20:41:18.298 CUBESAT]
TS=1786203699.298
PG_5=1
PG_9=0
PG_12=0
FLT_P2=0
FLT_P3=0
HEAT_1_TEMP=0.0
HEAT_1_DUTY=0

[20:41:19.621 EBOX]
TS=1786202369.907
V_SENSE5=1.16943359375
V_SENSE9=0.0390625
V_SENSE12=0.126953125
ADC_V5=4.9560546875
ADC_V9=9.2572021484375
ADC_V12=11.86798095703125
ADC_V28=27.03704833984375
THERMAL_SENS_OUT_1=31
THERMAL_SENS_OUT_2=-50
THERMAL_SENS_OUT_3=30
THERMAL_SENS_OUT_4=33
THERMAL_SENS_OUT_5=31
THERMAL_SENS_OUT_6=-50
THERMAL_SENS_INT_1=30
THERMAL_SENS_INT_2=28
PG_5=0
PG_9=0
PG_12=0
FLT_P2=0
FLT_P3=0
HEAT_1_TEMP=31
HEAT_1_DUTY=0
HEAT_2_TEMP=30
HEAT_2_DUTY=0
HEAT_3_TEMP=33
HEAT_3_DUTY=0
HEAT_4_TEMP=31
HEAT_4_DUTY=0

[20:41:20.328 CUBESAT]
TS=1786203701.300
PG_5=1
PG_9=0
PG_12=0
FLT_P2=0
FLT_P3=0
HEAT_1_TEMP=0.0
HEAT_1_DUTY=10

[20:41:21.650 EBOX]
TS=1786202371.910
V_SENSE5=1.12548828125
V_SENSE9=0.0341796875
V_SENSE12=0.1220703125
ADC_V5=4.9383544921875
ADC_V9=9.27490234375
ADC_V12=11.51397705078125
ADC_V28=27.97515869140625
THERMAL_SENS_OUT_1=33
THERMAL_SENS_OUT_2=-50
THERMAL_SENS_OUT_3=33
THERMAL_SENS_OUT_4=28
THERMAL_SENS_OUT_5=33
THERMAL_SENS_OUT_6=-50
THERMAL_SENS_INT_1=26
THERMAL_SENS_INT_2=30
PG_5=0
PG_9=0
PG_12=0
FLT_P2=0
FLT_P3=0
HEAT_1_TEMP=33
HEAT_1_DUTY=0
HEAT_2_TEMP=33
HEAT_2_DUTY=0
HEAT_3_TEMP=28
HEAT_3_DUTY=10
HEAT_4_TEMP=33
HEAT_4_DUTY=0

[20:41:22.258 CUBESAT]
TS=1786203703.303
PG_5=1
PG_9=0
PG_12=0
FLT_P2=0
FLT_P3=0
HEAT_1_TEMP=0.0
HEAT_1_DUTY=0

[20:41:23.676 EBOX]
TS=1786202373.917
V_SENSE5=1.14013671875
V_SENSE9=0.11474609375
V_SENSE12=0.1025390625
ADC_V5=4.9383544921875
ADC_V9=9.33685302734375
ADC_V12=11.717529296875
ADC_V28=27.6300048828125
THERMAL_SENS_OUT_1=27
THERMAL_SENS_OUT_2=-50
THERMAL_SENS_OUT_3=31
THERMAL_SENS_OUT_4=34
THERMAL_SENS_OUT_5=29
THERMAL_SENS_OUT_6=-50
THERMAL_SENS_INT_1=23
THERMAL_SENS_INT_2=29
PG_5=0
PG_9=0
PG_12=0
FLT_P2=0
FLT_P3=0
HEAT_1_TEMP=27
HEAT_1_DUTY=10
HEAT_2_TEMP=31
HEAT_2_DUTY=0
HEAT_3_TEMP=34
HEAT_3_DUTY=0
HEAT_4_TEMP=29
HEAT_4_DUTY=0

[20:41:24.282 CUBESAT]
TS=1786203705.305
PG_5=1
PG_9=0
PG_12=0
FLT_P2=0
FLT_P3=0
HEAT_1_TEMP=0.0
HEAT_1_DUTY=0

[20:41:25.711 EBOX]
TS=1786202375.918
V_SENSE5=1.0986328125
V_SENSE9=0.11474609375
V_SENSE12=0.15380859375
ADC_V5=5.0091552734375
ADC_V9=9.0625
ADC_V12=11.90338134765625
ADC_V28=28.02825927734375
THERMAL_SENS_OUT_1=33
THERMAL_SENS_OUT_2=-50
THERMAL_SENS_OUT_3=35
THERMAL_SENS_OUT_4=29
THERMAL_SENS_OUT_5=35
THERMAL_SENS_OUT_6=-50
THERMAL_SENS_INT_1=29
THERMAL_SENS_INT_2=26
PG_5=0
PG_9=0
PG_12=0
FLT_P2=0
FLT_P3=0
HEAT_1_TEMP=33
HEAT_1_DUTY=0
HEAT_2_TEMP=35
HEAT_2_DUTY=0
HEAT_3_TEMP=29
HEAT_3_DUTY=10
HEAT_4_TEMP=35
HEAT_4_DUTY=0

[20:41:26.318 CUBESAT]
TS=1786203707.307
PG_5=1
PG_9=0
PG_12=0
FLT_P2=0
FLT_P3=0
HEAT_1_TEMP=0.0
HEAT_1_DUTY=10

[20:41:27.635 EBOX]
TS=1786202377.922
V_SENSE5=1.005859375
V_SENSE9=0.04150390625
V_SENSE12=0.15380859375
ADC_V5=4.9737548828125
ADC_V9=9.37225341796875
ADC_V12=11.97418212890625
ADC_V28=27.3291015625
THERMAL_SENS_OUT_1=31
THERMAL_SENS_OUT_2=-50
THERMAL_SENS_OUT_3=30
THERMAL_SENS_OUT_4=28
THERMAL_SENS_OUT_5=31
THERMAL_SENS_OUT_6=-50
THERMAL_SENS_INT_1=30
THERMAL_SENS_INT_2=25
PG_5=0
PG_9=0
PG_12=0
FLT_P2=0
FLT_P3=0
HEAT_1_TEMP=31
HEAT_1_DUTY=0
HEAT_2_TEMP=30
HEAT_2_DUTY=0
HEAT_3_TEMP=28
HEAT_3_DUTY=10
HEAT_4_TEMP=31
HEAT_4_DUTY=0

[20:41:28.343 CUBESAT]
TS=1786203709.308
PG_5=1
PG_9=0
PG_12=0
FLT_P2=0
FLT_P3=0
HEAT_1_TEMP=0.0
HEAT_1_DUTY=0

[20:41:29.662 EBOX]
TS=1786202379.916
V_SENSE5=1.1181640625
V_SENSE9=0.0341796875
V_SENSE12=0.11474609375
ADC_V5=4.920654296875
ADC_V9=9.0625
ADC_V12=11.63787841796875
ADC_V28=27.46185302734375
THERMAL_SENS_OUT_1=34
THERMAL_SENS_OUT_2=-50
THERMAL_SENS_OUT_3=32
THERMAL_SENS_OUT_4=35
THERMAL_SENS_OUT_5=30
THERMAL_SENS_OUT_6=-50
THERMAL_SENS_INT_1=28
THERMAL_SENS_INT_2=29
PG_5=0
PG_9=0
PG_12=0
FLT_P2=0
FLT_P3=0
HEAT_1_TEMP=34
HEAT_1_DUTY=0
HEAT_2_TEMP=32
HEAT_2_DUTY=0
HEAT_3_TEMP=35
HEAT_3_DUTY=0
HEAT_4_TEMP=30
HEAT_4_DUTY=0

[20:41:30.272 CUBESAT]
TS=1786203711.310
PG_5=1
PG_9=0
PG_12=0
FLT_P2=0
FLT_P3=0
HEAT_1_TEMP=0.0
HEAT_1_DUTY=0

[20:41:31.705 EBOX]
TS=1786202381.918
V_SENSE5=1.11083984375
V_SENSE9=0.0341796875
V_SENSE12=0.17333984375
ADC_V5=4.8321533203125
ADC_V9=8.92974853515625
ADC_V12=11.92108154296875
ADC_V28=27.9486083984375
THERMAL_SENS_OUT_1=31
THERMAL_SENS_OUT_2=-50
THERMAL_SENS_OUT_3=29
THERMAL_SENS_OUT_4=34
THERMAL_SENS_OUT_5=29
THERMAL_SENS_OUT_6=-50
THERMAL_SENS_INT_1=28
THERMAL_SENS_INT_2=31
PG_5=0
PG_9=0
PG_12=0
FLT_P2=0
FLT_P3=0
HEAT_1_TEMP=31
HEAT_1_DUTY=0
HEAT_2_TEMP=29
HEAT_2_DUTY=10
HEAT_3_TEMP=34
HEAT_3_DUTY=0
HEAT_4_TEMP=29
HEAT_4_DUTY=0

[20:41:32.313 CUBESAT]
TS=1786203713.311
PG_5=1
PG_9=0
PG_12=0
FLT_P2=0
FLT_P3=0
HEAT_1_TEMP=0.0
HEAT_1_DUTY=0

[20:41:33.636 EBOX]
TS=1786202383.921
V_SENSE5=1.22802734375
V_SENSE9=0.06591796875
V_SENSE12=0.12939453125
ADC_V5=4.84100341796875
ADC_V9=9.1864013671875
ADC_V12=11.53167724609375
ADC_V28=27.12554931640625
THERMAL_SENS_OUT_1=28
THERMAL_SENS_OUT_2=-50
THERMAL_SENS_OUT_3=34
THERMAL_SENS_OUT_4=29
THERMAL_SENS_OUT_5=31
THERMAL_SENS_OUT_6=-50
THERMAL_SENS_INT_1=29
THERMAL_SENS_INT_2=25
PG_5=0
PG_9=0
PG_12=0
FLT_P2=0
FLT_P3=0
HEAT_1_TEMP=28
HEAT_1_DUTY=10
HEAT_2_TEMP=34
HEAT_2_DUTY=0
HEAT_3_TEMP=29
HEAT_3_DUTY=0
HEAT_4_TEMP=31
HEAT_4_DUTY=0

[20:41:34.344 CUBESAT]
TS=1786203715.314
PG_5=1
PG_9=0
PG_12=0
FLT_P2=0
FLT_P3=0
HEAT_1_TEMP=0.0
HEAT_1_DUTY=0

[20:41:35.666 EBOX]
TS=1786202385.932
V_SENSE5=1.02783203125
V_SENSE9=0.0341796875
V_SENSE12=0.1220703125
ADC_V5=4.9560546875
ADC_V9=8.9031982421875
ADC_V12=11.8060302734375
ADC_V28=27.718505859375
THERMAL_SENS_OUT_1=28
THERMAL_SENS_OUT_2=-50
THERMAL_SENS_OUT_3=31
THERMAL_SENS_OUT_4=35
THERMAL_SENS_OUT_5=30
THERMAL_SENS_OUT_6=-50
THERMAL_SENS_INT_1=23
THERMAL_SENS_INT_2=30
PG_5=0
PG_9=0
PG_12=0
FLT_P2=0
FLT_P3=0
HEAT_1_TEMP=28
HEAT_1_DUTY=10
HEAT_2_TEMP=31
HEAT_2_DUTY=0
HEAT_3_TEMP=35
HEAT_3_DUTY=0
HEAT_4_TEMP=30
HEAT_4_DUTY=0

[20:41:36.274 CUBESAT]
TS=1786203717.316
PG_5=1
PG_9=0
PG_12=0
FLT_P2=0
FLT_P3=0
HEAT_1_TEMP=0.0
HEAT_1_DUTY=10

[20:41:37.704 EBOX]
TS=1786202387.934
V_SENSE5=1.12060546875
V_SENSE9=0.03662109375
V_SENSE12=0.1220703125
ADC_V5=4.9383544921875
ADC_V9=9.1156005859375
ADC_V12=11.717529296875
ADC_V28=27.9132080078125
THERMAL_SENS_OUT_1=29
THERMAL_SENS_OUT_2=-50
THERMAL_SENS_OUT_3=31
THERMAL_SENS_OUT_4=31
THERMAL_SENS_OUT_5=34
THERMAL_SENS_OUT_6=-50
THERMAL_SENS_INT_1=25
THERMAL_SENS_INT_2=29
PG_5=0
PG_9=0
PG_12=0
FLT_P2=0
FLT_P3=0
HEAT_1_TEMP=29
HEAT_1_DUTY=10
HEAT_2_TEMP=31
HEAT_2_DUTY=0
HEAT_3_TEMP=31
HEAT_3_DUTY=0
HEAT_4_TEMP=34
HEAT_4_DUTY=0

[20:41:38.312 CUBESAT]
TS=1786203719.317
PG_5=1
PG_9=0
PG_12=0
FLT_P2=0
FLT_P3=0
HEAT_1_TEMP=0.0
HEAT_1_DUTY=0

[20:41:39.730 EBOX]
TS=1786202389.928
V_SENSE5=1.14013671875
V_SENSE9=0.03662109375
V_SENSE12=0.1123046875
ADC_V5=4.920654296875
ADC_V9=8.96514892578125
ADC_V12=11.717529296875
ADC_V28=27.53265380859375
THERMAL_SENS_OUT_1=33
THERMAL_SENS_OUT_2=-50
THERMAL_SENS_OUT_3=31
THERMAL_SENS_OUT_4=34
THERMAL_SENS_OUT_5=30
THERMAL_SENS_OUT_6=-50
THERMAL_SENS_INT_1=30
THERMAL_SENS_INT_2=27
PG_5=0
PG_9=0
PG_12=0
FLT_P2=0
FLT_P3=0
HEAT_1_TEMP=33
HEAT_1_DUTY=0
HEAT_2_TEMP=31
HEAT_2_DUTY=0
HEAT_3_TEMP=34
HEAT_3_DUTY=0
HEAT_4_TEMP=30
HEAT_4_DUTY=0

[20:41:40.338 CUBESAT]
TS=1786203721.318
PG_5=1
PG_9=0
PG_12=0
FLT_P2=0
FLT_P3=0
HEAT_1_TEMP=0.0
HEAT_1_DUTY=0

[20:41:41.657 EBOX]
TS=1786202391.938
V_SENSE5=1.0791015625
V_SENSE9=0.0341796875
V_SENSE12=0.09765625
ADC_V5=4.9737548828125
ADC_V9=9.38995361328125
ADC_V12=11.6644287109375
ADC_V28=27.74505615234375
THERMAL_SENS_OUT_1=35
THERMAL_SENS_OUT_2=-50
THERMAL_SENS_OUT_3=33
THERMAL_SENS_OUT_4=29
THERMAL_SENS_OUT_5=29
THERMAL_SENS_OUT_6=-50
THERMAL_SENS_INT_1=27
THERMAL_SENS_INT_2=26
PG_5=0
PG_9=0
PG_12=0
FLT_P2=0
FLT_P3=0
HEAT_1_TEMP=35
HEAT_1_DUTY=0
HEAT_2_TEMP=33
HEAT_2_DUTY=0
HEAT_3_TEMP=29
HEAT_3_DUTY=0
HEAT_4_TEMP=29
HEAT_4_DUTY=10

[20:41:42.365 CUBESAT]
TS=1786203723.320
PG_5=1
PG_9=0
PG_12=0
FLT_P2=0
FLT_P3=0
HEAT_1_TEMP=0.0
HEAT_1_DUTY=0

[20:41:43.703 EBOX]
TS=1786202393.932
V_SENSE5=1.1083984375
V_SENSE9=0.07568359375
V_SENSE12=0.1025390625
ADC_V5=4.9560546875
ADC_V9=9.51385498046875
ADC_V12=11.717529296875
ADC_V28=27.54150390625
THERMAL_SENS_OUT_1=32
THERMAL_SENS_OUT_2=-50
THERMAL_SENS_OUT_3=29
THERMAL_SENS_OUT_4=30
THERMAL_SENS_OUT_5=33
THERMAL_SENS_OUT_6=-50
THERMAL_SENS_INT_1=26
THERMAL_SENS_INT_2=30
PG_5=0
PG_9=0
PG_12=0
FLT_P2=0
FLT_P3=0
HEAT_1_TEMP=32
HEAT_1_DUTY=0
HEAT_2_TEMP=29
HEAT_2_DUTY=10
HEAT_3_TEMP=30
HEAT_3_DUTY=0
HEAT_4_TEMP=33
HEAT_4_DUTY=0

[20:41:44.311 CUBESAT]
TS=1786203725.322
PG_5=1
PG_9=0
PG_12=0
FLT_P2=0
FLT_P3=0
HEAT_1_TEMP=0.0
HEAT_1_DUTY=0

[20:41:45.728 EBOX]
TS=1786202395.944
V_SENSE5=1.09130859375
V_SENSE9=0.06591796875
V_SENSE12=0.10986328125
ADC_V5=4.9737548828125
ADC_V9=8.87664794921875
ADC_V12=11.505126953125
ADC_V28=27.86895751953125
THERMAL_SENS_OUT_1=33
THERMAL_SENS_OUT_2=-50
THERMAL_SENS_OUT_3=35
THERMAL_SENS_OUT_4=34
THERMAL_SENS_OUT_5=28
THERMAL_SENS_OUT_6=-50
THERMAL_SENS_INT_1=24
THERMAL_SENS_INT_2=29
PG_5=0
PG_9=0
PG_12=0
FLT_P2=0
FLT_P3=0
HEAT_1_TEMP=33
HEAT_1_DUTY=0
HEAT_2_TEMP=35
HEAT_2_DUTY=0
HEAT_3_TEMP=34
HEAT_3_DUTY=0
HEAT_4_TEMP=28
HEAT_4_DUTY=10

[20:41:46.336 CUBESAT]
TS=1786203727.324
PG_5=1
PG_9=0
PG_12=0
FLT_P2=0
FLT_P3=0
HEAT_1_TEMP=0.0
HEAT_1_DUTY=10

[20:41:47.656 EBOX]
TS=1786202397.937
V_SENSE5=1.1376953125
V_SENSE9=0.0341796875
V_SENSE12=0.1171875
ADC_V5=4.96490478515625
ADC_V9=9.27490234375
ADC_V12=11.8768310546875
ADC_V28=28.04595947265625
THERMAL_SENS_OUT_1=28
THERMAL_SENS_OUT_2=-50
THERMAL_SENS_OUT_3=31
THERMAL_SENS_OUT_4=34
THERMAL_SENS_OUT_5=31
THERMAL_SENS_OUT_6=-50
THERMAL_SENS_INT_1=27
THERMAL_SENS_INT_2=32
PG_5=0
PG_9=0
PG_12=0
FLT_P2=0
FLT_P3=0
HEAT_1_TEMP=28
HEAT_1_DUTY=10
HEAT_2_TEMP=31
HEAT_2_DUTY=0
HEAT_3_TEMP=34
HEAT_3_DUTY=0
HEAT_4_TEMP=31
HEAT_4_DUTY=0

[20:41:48.364 CUBESAT]
TS=1786203729.325
PG_5=1
PG_9=0
PG_12=0
FLT_P2=0
FLT_P3=0
HEAT_1_TEMP=0.0
HEAT_1_DUTY=0

[20:41:49.706 EBOX]
TS=1786202399.946
V_SENSE5=1.0595703125
V_SENSE9=0.0390625
V_SENSE12=0.1123046875
ADC_V5=5.00030517578125
ADC_V9=8.91204833984375
ADC_V12=11.93878173828125
ADC_V28=27.63885498046875
THERMAL_SENS_OUT_1=28
THERMAL_SENS_OUT_2=-50
THERMAL_SENS_OUT_3=31
THERMAL_SENS_OUT_4=29
THERMAL_SENS_OUT_5=33
THERMAL_SENS_OUT_6=-50
THERMAL_SENS_INT_1=26
THERMAL_SENS_INT_2=28
PG_5=0
PG_9=0
PG_12=0
FLT_P2=0
FLT_P3=0
HEAT_1_TEMP=28
HEAT_1_DUTY=10
HEAT_2_TEMP=31
HEAT_2_DUTY=0
HEAT_3_TEMP=29
HEAT_3_DUTY=0
HEAT_4_TEMP=33
HEAT_4_DUTY=0

[20:41:50.325 CUBESAT]
TS=1786203731.327
PG_5=1
PG_9=0
PG_12=0
FLT_P2=0
FLT_P3=0
HEAT_1_TEMP=0.0
HEAT_1_DUTY=0

[20:41:51.749 EBOX]
TS=1786202401.940
V_SENSE5=1.13525390625
V_SENSE9=0.0341796875
V_SENSE12=0.11474609375
ADC_V5=4.9560546875
ADC_V9=9.168701171875
ADC_V12=11.69097900390625
ADC_V28=27.81585693359375
THERMAL_SENS_OUT_1=34
THERMAL_SENS_OUT_2=-50
THERMAL_SENS_OUT_3=33
THERMAL_SENS_OUT_4=30
THERMAL_SENS_OUT_5=35
THERMAL_SENS_OUT_6=-50
THERMAL_SENS_INT_1=24
THERMAL_SENS_INT_2=27
PG_5=0
PG_9=0
PG_12=0
FLT_P2=0
FLT_P3=0
HEAT_1_TEMP=34
HEAT_1_DUTY=0
HEAT_2_TEMP=33
HEAT_2_DUTY=0
HEAT_3_TEMP=30
HEAT_3_DUTY=0
HEAT_4_TEMP=35
HEAT_4_DUTY=0

[20:41:52.358 CUBESAT]
TS=1786203733.327
PG_5=1
PG_9=0
PG_12=0
FLT_P2=0
FLT_P3=0
HEAT_1_TEMP=0.0
HEAT_1_DUTY=0

[20:41:53.678 EBOX]
TS=1786202403.948
V_SENSE5=1.025390625
V_SENSE9=0.0390625
V_SENSE12=0.14404296875
ADC_V5=4.8675537109375
ADC_V9=9.15985107421875
ADC_V12=11.67327880859375
ADC_V28=27.67425537109375
THERMAL_SENS_OUT_1=32
THERMAL_SENS_OUT_2=-50
THERMAL_SENS_OUT_3=30
THERMAL_SENS_OUT_4=33
THERMAL_SENS_OUT_5=30
THERMAL_SENS_OUT_6=-50
THERMAL_SENS_INT_1=26
THERMAL_SENS_INT_2=29
PG_5=0
PG_9=0
PG_12=0
FLT_P2=0
FLT_P3=0
HEAT_1_TEMP=32
HEAT_1_DUTY=0
HEAT_2_TEMP=30
HEAT_2_DUTY=0
HEAT_3_TEMP=33
HEAT_3_DUTY=0
HEAT_4_TEMP=30
HEAT_4_DUTY=0

[20:41:54.385 CUBESAT]
TS=1786203735.329
PG_5=1
PG_9=0
PG_12=0
FLT_P2=0
FLT_P3=0
HEAT_1_TEMP=0.0
HEAT_1_DUTY=0

[20:41:55.710 EBOX]
TS=1786202405.944
V_SENSE5=1.13037109375
V_SENSE9=0.0341796875
V_SENSE12=0.11962890625
ADC_V5=5.00030517578125
ADC_V9=8.85009765625
ADC_V12=11.95648193359375
ADC_V28=28.0194091796875
THERMAL_SENS_OUT_1=35
THERMAL_SENS_OUT_2=-50
THERMAL_SENS_OUT_3=31
THERMAL_SENS_OUT_4=32
THERMAL_SENS_OUT_5=29
THERMAL_SENS_OUT_6=-50
THERMAL_SENS_INT_1=24
THERMAL_SENS_INT_2=30
PG_5=0
PG_9=0
PG_12=0
FLT_P2=0
FLT_P3=0
HEAT_1_TEMP=35
HEAT_1_DUTY=0
HEAT_2_TEMP=31
HEAT_2_DUTY=0
HEAT_3_TEMP=32
HEAT_3_DUTY=0
HEAT_4_TEMP=29
HEAT_4_DUTY=10

[20:41:56.318 CUBESAT]
TS=1786203737.332
PG_5=1
PG_9=0
PG_12=0
FLT_P2=0
FLT_P3=0
HEAT_1_TEMP=0.0
HEAT_1_DUTY=0

[20:41:57.744 EBOX]
TS=1786202407.954
V_SENSE5=1.0302734375
V_SENSE9=0.0390625
V_SENSE12=0.1171875
ADC_V5=4.89410400390625
ADC_V9=9.1510009765625
ADC_V12=11.8768310546875
ADC_V28=27.11669921875
THERMAL_SENS_OUT_1=33
THERMAL_SENS_OUT_2=-50
THERMAL_SENS_OUT_3=30
THERMAL_SENS_OUT_4=34
THERMAL_SENS_OUT_5=31
THERMAL_SENS_OUT_6=-50
THERMAL_SENS_INT_1=26
THERMAL_SENS_INT_2=30
PG_5=0
PG_9=0
PG_12=0
FLT_P2=0
FLT_P3=0
HEAT_1_TEMP=33
HEAT_1_DUTY=0
HEAT_2_TEMP=30
HEAT_2_DUTY=0
HEAT_3_TEMP=34
HEAT_3_DUTY=0
HEAT_4_TEMP=31
HEAT_4_DUTY=0

[20:41:58.351 CUBESAT]
TS=1786203739.334
PG_5=1
PG_9=0
PG_12=0
FLT_P2=0
FLT_P3=0
HEAT_1_TEMP=0.0
HEAT_1_DUTY=0

[20:41:59.680 EBOX]
TS=1786202409.947
V_SENSE5=1.20849609375
V_SENSE9=0.03662109375
V_SENSE12=0.12939453125
ADC_V5=4.849853515625
ADC_V9=9.12445068359375
ADC_V12=11.8768310546875
ADC_V28=27.24945068359375
THERMAL_SENS_OUT_1=29
THERMAL_SENS_OUT_2=-50
THERMAL_SENS_OUT_3=29
THERMAL_SENS_OUT_4=33
THERMAL_SENS_OUT_5=32
THERMAL_SENS_OUT_6=-50
THERMAL_SENS_INT_1=30
THERMAL_SENS_INT_2=28
PG_5=0
PG_9=0
PG_12=0
FLT_P2=0
FLT_P3=0
HEAT_1_TEMP=29
HEAT_1_DUTY=0
HEAT_2_TEMP=29
HEAT_2_DUTY=10
HEAT_3_TEMP=33
HEAT_3_DUTY=0
HEAT_4_TEMP=32
HEAT_4_DUTY=0

[20:42:00.388 CUBESAT]
TS=1786203741.336
PG_5=1
PG_9=0
PG_12=0
FLT_P2=0
FLT_P3=0
HEAT_1_TEMP=0.0
HEAT_1_DUTY=0

[20:42:01.722 EBOX]
TS=1786202411.961
V_SENSE5=1.0693359375
V_SENSE9=0.03662109375
V_SENSE12=0.126953125
ADC_V5=4.91180419921875
ADC_V9=9.05364990234375
ADC_V12=11.788330078125
ADC_V28=28.11676025390625
THERMAL_SENS_OUT_1=31
THERMAL_SENS_OUT_2=-50
THERMAL_SENS_OUT_3=34
THERMAL_SENS_OUT_4=28
THERMAL_SENS_OUT_5=31
THERMAL_SENS_OUT_6=-50
THERMAL_SENS_INT_1=30
THERMAL_SENS_INT_2=32
PG_5=0
PG_9=0
PG_12=0
FLT_P2=0
FLT_P3=0
HEAT_1_TEMP=31
HEAT_1_DUTY=0
HEAT_2_TEMP=34
HEAT_2_DUTY=0
HEAT_3_TEMP=28
HEAT_3_DUTY=10
HEAT_4_TEMP=31
HEAT_4_DUTY=0

[20:42:02.335 CUBESAT]
TS=1786203743.339
PG_5=1
PG_9=0
PG_12=0
FLT_P2=0
FLT_P3=0
HEAT_1_TEMP=0.0
HEAT_1_DUTY=10

[20:42:03.753 EBOX]
TS=1786202413.961
V_SENSE5=1.05224609375
V_SENSE9=0.0390625
V_SENSE12=0.1318359375
ADC_V5=4.96490478515625
ADC_V9=8.956298828125
ADC_V12=12.0184326171875
ADC_V28=26.97509765625
THERMAL_SENS_OUT_1=31
THERMAL_SENS_OUT_2=-50
THERMAL_SENS_OUT_3=30
THERMAL_SENS_OUT_4=32
THERMAL_SENS_OUT_5=33
THERMAL_SENS_OUT_6=-50
THERMAL_SENS_INT_1=29
THERMAL_SENS_INT_2=27
PG_5=0
PG_9=0
PG_12=0
FLT_P2=0
FLT_P3=0
HEAT_1_TEMP=31
HEAT_1_DUTY=0
HEAT_2_TEMP=30
HEAT_2_DUTY=0
HEAT_3_TEMP=32
HEAT_3_DUTY=0
HEAT_4_TEMP=33
HEAT_4_DUTY=0

[20:42:04.360 CUBESAT]
TS=1786203745.341
PG_5=1
PG_9=0
PG_12=0
FLT_P2=0
FLT_P3=0
HEAT_1_TEMP=0.0
HEAT_1_DUTY=0

[20:42:05.698 EBOX]
TS=1786202415.952
V_SENSE5=1.1279296875
V_SENSE9=0.04638671875
V_SENSE12=0.12939453125
ADC_V5=4.9383544921875
ADC_V9=9.41650390625
ADC_V12=11.82373046875
ADC_V28=27.8778076171875
THERMAL_SENS_OUT_1=33
THERMAL_SENS_OUT_2=-50
THERMAL_SENS_OUT_3=35
THERMAL_SENS_OUT_4=29
THERMAL_SENS_OUT_5=33
THERMAL_SENS_OUT_6=-50
THERMAL_SENS_INT_1=28
THERMAL_SENS_INT_2=28
PG_5=0
PG_9=0
PG_12=0
FLT_P2=0
FLT_P3=0
HEAT_1_TEMP=33
HEAT_1_DUTY=0
HEAT_2_TEMP=35
HEAT_2_DUTY=0
HEAT_3_TEMP=29
HEAT_3_DUTY=10
HEAT_4_TEMP=33
HEAT_4_DUTY=0

[20:42:06.408 CUBESAT]
TS=1786203747.343
PG_5=1
PG_9=0
PG_12=0
FLT_P2=0
FLT_P3=0
HEAT_1_TEMP=0.0
HEAT_1_DUTY=0

[20:42:07.753 EBOX]
TS=1786202417.954
V_SENSE5=1.17431640625
V_SENSE9=0.0341796875
V_SENSE12=0.1171875
ADC_V5=4.920654296875
ADC_V9=9.345703125
ADC_V12=11.74407958984375
ADC_V28=27.8070068359375
THERMAL_SENS_OUT_1=33
THERMAL_SENS_OUT_2=-50
THERMAL_SENS_OUT_3=32
THERMAL_SENS_OUT_4=33
THERMAL_SENS_OUT_5=29
THERMAL_SENS_OUT_6=-50
THERMAL_SENS_INT_1=25
THERMAL_SENS_INT_2=29
PG_5=0
PG_9=0
PG_12=0
FLT_P2=0
FLT_P3=0
HEAT_1_TEMP=33
HEAT_1_DUTY=0
HEAT_2_TEMP=32
HEAT_2_DUTY=0
HEAT_3_TEMP=33
HEAT_3_DUTY=0
HEAT_4_TEMP=29
HEAT_4_DUTY=10

[20:42:08.362 CUBESAT]
TS=1786203749.345
PG_5=1
PG_9=0
PG_12=0
FLT_P2=0
FLT_P3=0
HEAT_1_TEMP=0.0
HEAT_1_DUTY=0

[20:42:09.786 EBOX]
TS=1786202419.964
V_SENSE5=1.07421875
V_SENSE9=0.03662109375
V_SENSE12=0.1171875
ADC_V5=4.991455078125
ADC_V9=9.1156005859375
ADC_V12=11.6644287109375
ADC_V28=27.222900390625
THERMAL_SENS_OUT_1=31
THERMAL_SENS_OUT_2=-50
THERMAL_SENS_OUT_3=32
THERMAL_SENS_OUT_4=31
THERMAL_SENS_OUT_5=33
THERMAL_SENS_OUT_6=-50
THERMAL_SENS_INT_1=30
THERMAL_SENS_INT_2=26
PG_5=0
PG_9=0
PG_12=0
FLT_P2=0
FLT_P3=0
HEAT_1_TEMP=31
HEAT_1_DUTY=0
HEAT_2_TEMP=32
HEAT_2_DUTY=0
HEAT_3_TEMP=31
HEAT_3_DUTY=0
HEAT_4_TEMP=33
HEAT_4_DUTY=0

[20:42:10.393 CUBESAT]
TS=1786203751.348
PG_5=1
PG_9=0
PG_12=0
FLT_P2=0
FLT_P3=0
HEAT_1_TEMP=0.0
HEAT_1_DUTY=0

[20:42:11.726 EBOX]
TS=1786202421.957
V_SENSE5=1.14501953125
V_SENSE9=0.0390625
V_SENSE12=0.1123046875
ADC_V5=4.991455078125
ADC_V9=9.37225341796875
ADC_V12=11.83258056640625
ADC_V28=27.2760009765625
THERMAL_SENS_OUT_1=30
THERMAL_SENS_OUT_2=-50
THERMAL_SENS_OUT_3=29
THERMAL_SENS_OUT_4=31
THERMAL_SENS_OUT_5=35
THERMAL_SENS_OUT_6=-50
THERMAL_SENS_INT_1=25
THERMAL_SENS_INT_2=28
PG_5=0
PG_9=0
PG_12=0
FLT_P2=0
FLT_P3=0
HEAT_1_TEMP=30
HEAT_1_DUTY=0
HEAT_2_TEMP=29
HEAT_2_DUTY=10
HEAT_3_TEMP=31
HEAT_3_DUTY=0
HEAT_4_TEMP=35
HEAT_4_DUTY=0

[20:42:12.334 CUBESAT]
TS=1786203753.348
PG_5=1
PG_9=0
PG_12=0
FLT_P2=0
FLT_P3=0
HEAT_1_TEMP=0.0
HEAT_1_DUTY=10

[20:42:14.347 CUBESAT]
TS=1786203755.350
PG_5=1
PG_9=0
PG_12=0
FLT_P2=0
FLT_P3=0
HEAT_1_TEMP=0.0
HEAT_1_DUTY=0

[20:42:16.364 CUBESAT]
TS=1786203757.353
PG_5=1
PG_9=0
PG_12=0
FLT_P2=0
FLT_P3=0
HEAT_1_TEMP=0.0
HEAT_1_DUTY=0

[20:44:18.164 EBOX]
TS=1786202549.279
V_SENSE5=1.01806640625
V_SENSE9=0.03173828125
V_SENSE12=0.14892578125
ADC_V5=5.01800537109375
ADC_V9=9.27490234375
ADC_V12=11.82373046875
ADC_V28=28.02825927734375
THERMAL_SENS_OUT_1=30
THERMAL_SENS_OUT_2=-50
THERMAL_SENS_OUT_3=33
THERMAL_SENS_OUT_4=27
THERMAL_SENS_OUT_5=28
THERMAL_SENS_OUT_6=-50
THERMAL_SENS_INT_1=27
THERMAL_SENS_INT_2=27
PG_5=0
PG_9=0
PG_12=0
FLT_P2=0
FLT_P3=0
HEAT_1_TEMP=30
HEAT_1_DUTY=0
HEAT_2_TEMP=33
HEAT_2_DUTY=3
HEAT_3_TEMP=27
HEAT_3_DUTY=0
HEAT_4_TEMP=28
HEAT_4_DUTY=0

[20:44:19.980 CUBESAT]
TS=1786203880.355
PG_5=1
PG_9=0
PG_12=0
FLT_P2=0
FLT_P3=0
HEAT_1_TEMP=0.0
HEAT_1_DUTY=0

[20:44:20.208 EBOX]
TS=1786202551.273
V_SENSE5=1.1376953125
V_SENSE9=0.0390625
V_SENSE12=0.10498046875
ADC_V5=4.9560546875
ADC_V9=9.0802001953125
ADC_V12=11.74407958984375
ADC_V28=27.54150390625
THERMAL_SENS_OUT_1=31
THERMAL_SENS_OUT_2=-50
THERMAL_SENS_OUT_3=27
THERMAL_SENS_OUT_4=31
THERMAL_SENS_OUT_5=34
THERMAL_SENS_OUT_6=-50
THERMAL_SENS_INT_1=29
THERMAL_SENS_INT_2=26
PG_5=0
PG_9=0
PG_12=0
FLT_P2=0
FLT_P3=0
HEAT_1_TEMP=31
HEAT_1_DUTY=0
HEAT_2_TEMP=27
HEAT_2_DUTY=0
HEAT_3_TEMP=31
HEAT_3_DUTY=0
HEAT_4_TEMP=34
HEAT_4_DUTY=3

[20:44:22.024 CUBESAT]
TS=1786203882.358
PG_5=1
PG_9=0
PG_12=0
FLT_P2=0
FLT_P3=0
HEAT_1_TEMP=0.0
HEAT_1_DUTY=3

[20:44:22.139 EBOX]
TS=1786202553.284
V_SENSE5=1.04248046875
V_SENSE9=0.0390625
V_SENSE12=0.1318359375
ADC_V5=5.0091552734375
ADC_V9=8.9739990234375
ADC_V12=11.575927734375
ADC_V28=28.13446044921875
THERMAL_SENS_OUT_1=27
THERMAL_SENS_OUT_2=-50
THERMAL_SENS_OUT_3=29
THERMAL_SENS_OUT_4=29
THERMAL_SENS_OUT_5=31
THERMAL_SENS_OUT_6=-50
THERMAL_SENS_INT_1=24
THERMAL_SENS_INT_2=27
PG_5=0
PG_9=0
PG_12=0
FLT_P2=0
FLT_P3=0
HEAT_1_TEMP=27
HEAT_1_DUTY=0
HEAT_2_TEMP=29
HEAT_2_DUTY=3
HEAT_3_TEMP=29
HEAT_3_DUTY=0
HEAT_4_TEMP=31
HEAT_4_DUTY=0

[20:44:24.055 CUBESAT]
TS=1786203884.358
PG_5=1
PG_9=0
PG_12=0
FLT_P2=0
FLT_P3=0
HEAT_1_TEMP=0.0
HEAT_1_DUTY=0

[20:44:24.170 EBOX]
TS=1786202555.277
V_SENSE5=1.142578125
V_SENSE9=0.0390625
V_SENSE12=0.126953125
ADC_V5=4.98260498046875
ADC_V9=9.46075439453125
ADC_V12=11.86798095703125
ADC_V28=28.08135986328125
THERMAL_SENS_OUT_1=29
THERMAL_SENS_OUT_2=-50
THERMAL_SENS_OUT_3=27
THERMAL_SENS_OUT_4=33
THERMAL_SENS_OUT_5=27
THERMAL_SENS_OUT_6=-50
THERMAL_SENS_INT_1=28
THERMAL_SENS_INT_2=27
PG_5=0
PG_9=0
PG_12=0
FLT_P2=0
FLT_P3=0
HEAT_1_TEMP=29
HEAT_1_DUTY=3
HEAT_2_TEMP=27
HEAT_2_DUTY=0
HEAT_3_TEMP=33
HEAT_3_DUTY=0
HEAT_4_TEMP=27
HEAT_4_DUTY=0

[20:44:25.985 CUBESAT]
TS=1786203886.360
PG_5=1
PG_9=0
PG_12=0
FLT_P2=0
FLT_P3=0
HEAT_1_TEMP=0.0
HEAT_1_DUTY=0

[20:44:26.212 EBOX]
TS=1786202557.290
V_SENSE5=1.09619140625
V_SENSE9=0.0390625
V_SENSE12=0.1220703125
ADC_V5=4.9560546875
ADC_V9=8.89434814453125
ADC_V12=11.92108154296875
ADC_V28=27.718505859375
THERMAL_SENS_OUT_1=33
THERMAL_SENS_OUT_2=-50
THERMAL_SENS_OUT_3=27
THERMAL_SENS_OUT_4=32
THERMAL_SENS_OUT_5=27
THERMAL_SENS_OUT_6=-50
THERMAL_SENS_INT_1=25
THERMAL_SENS_INT_2=28
PG_5=0
PG_9=0
PG_12=0
FLT_P2=0
FLT_P3=0
HEAT_1_TEMP=33
HEAT_1_DUTY=0
HEAT_2_TEMP=27
HEAT_2_DUTY=0
HEAT_3_TEMP=32
HEAT_3_DUTY=0
HEAT_4_TEMP=27
HEAT_4_DUTY=3

[20:44:28.031 CUBESAT]
TS=1786203888.362
PG_5=1
PG_9=0
PG_12=0
FLT_P2=0
FLT_P3=0
HEAT_1_TEMP=0.0
HEAT_1_DUTY=0

[20:44:28.162 EBOX]
TS=1786202559.282
V_SENSE5=1.16943359375
V_SENSE9=0.0341796875
V_SENSE12=0.1318359375
ADC_V5=4.8321533203125
ADC_V9=8.85009765625
ADC_V12=11.68212890625
ADC_V28=27.51495361328125
THERMAL_SENS_OUT_1=31
THERMAL_SENS_OUT_2=-50
THERMAL_SENS_OUT_3=27
THERMAL_SENS_OUT_4=30
THERMAL_SENS_OUT_5=28
THERMAL_SENS_OUT_6=-50
THERMAL_SENS_INT_1=29
THERMAL_SENS_INT_2=25
PG_5=0
PG_9=0
PG_12=0
FLT_P2=0
FLT_P3=0
HEAT_1_TEMP=31
HEAT_1_DUTY=0
HEAT_2_TEMP=27
HEAT_2_DUTY=0
HEAT_3_TEMP=30
HEAT_3_DUTY=0
HEAT_4_TEMP=28
HEAT_4_DUTY=3

[20:44:29.977 CUBESAT]
TS=1786203890.364
PG_5=1
PG_9=0
PG_12=0
FLT_P2=0
FLT_P3=0
HEAT_1_TEMP=0.0
HEAT_1_DUTY=0

[20:44:30.195 EBOX]
TS=1786202561.292
V_SENSE5=1.064453125
V_SENSE9=0.0390625
V_SENSE12=0.11962890625
ADC_V5=4.9029541015625
ADC_V9=8.885498046875
ADC_V12=11.88568115234375
ADC_V28=27.3822021484375
THERMAL_SENS_OUT_1=27
THERMAL_SENS_OUT_2=-50
THERMAL_SENS_OUT_3=26
THERMAL_SENS_OUT_4=29
THERMAL_SENS_OUT_5=30
THERMAL_SENS_OUT_6=-50
THERMAL_SENS_INT_1=24
THERMAL_SENS_INT_2=31
PG_5=0
PG_9=0
PG_12=0
FLT_P2=0
FLT_P3=0
HEAT_1_TEMP=27
HEAT_1_DUTY=0
HEAT_2_TEMP=26
HEAT_2_DUTY=0
HEAT_3_TEMP=29
HEAT_3_DUTY=0
HEAT_4_TEMP=30
HEAT_4_DUTY=3

[20:44:32.011 CUBESAT]
TS=1786203892.365
PG_5=1
PG_9=0
PG_12=0
FLT_P2=0
FLT_P3=0
HEAT_1_TEMP=0.0
HEAT_1_DUTY=3

[20:44:32.237 EBOX]
TS=1786202563.286
V_SENSE5=1.16943359375
V_SENSE9=0.0390625
V_SENSE12=0.13427734375
ADC_V5=4.82330322265625
ADC_V9=9.097900390625
ADC_V12=11.74407958984375
ADC_V28=27.37335205078125
THERMAL_SENS_OUT_1=27
THERMAL_SENS_OUT_2=-50
THERMAL_SENS_OUT_3=27
THERMAL_SENS_OUT_4=32
THERMAL_SENS_OUT_5=29
THERMAL_SENS_OUT_6=-50
THERMAL_SENS_INT_1=29
THERMAL_SENS_INT_2=28
PG_5=0
PG_9=0
PG_12=0
FLT_P2=0
FLT_P3=0
HEAT_1_TEMP=27
HEAT_1_DUTY=0
HEAT_2_TEMP=27
HEAT_2_DUTY=3
HEAT_3_TEMP=32
HEAT_3_DUTY=0
HEAT_4_TEMP=29
HEAT_4_DUTY=0

[20:44:34.051 CUBESAT]
TS=1786203894.367
PG_5=1
PG_9=0
PG_12=0
FLT_P2=0
FLT_P3=0
HEAT_1_TEMP=0.0
HEAT_1_DUTY=0

[20:45:50.601 EBOX]
TS=1786202640.983
V_SENSE5=1.15478515625
V_SENSE9=0.0341796875
V_SENSE12=0.11474609375
ADC_V5=4.87640380859375
ADC_V9=9.310302734375
ADC_V12=11.60247802734375
ADC_V28=27.28485107421875
THERMAL_SENS_OUT_1=31
THERMAL_SENS_OUT_2=-50
THERMAL_SENS_OUT_3=26
THERMAL_SENS_OUT_4=26
THERMAL_SENS_OUT_5=26
THERMAL_SENS_OUT_6=-50
THERMAL_SENS_INT_1=26
THERMAL_SENS_INT_2=31
PG_5=0
PG_9=0
PG_12=0
FLT_P2=0
FLT_P3=0
HEAT_1_TEMP=31
HEAT_1_DUTY=0
HEAT_2_TEMP=26
HEAT_2_DUTY=0
HEAT_3_TEMP=26
HEAT_3_DUTY=0
HEAT_4_TEMP=26
HEAT_4_DUTY=3

[20:45:52.415 CUBESAT]
TS=1786203972.978
PG_5=1
PG_9=0
PG_12=0
FLT_P2=0
FLT_P3=0
HEAT_1_TEMP=0.0
HEAT_1_DUTY=0

[20:45:52.647 EBOX]
TS=1786202642.994
V_SENSE5=1.064453125
V_SENSE9=0.04638671875
V_SENSE12=0.1171875
ADC_V5=5.00030517578125
ADC_V9=9.2218017578125
ADC_V12=11.97418212890625
ADC_V28=28.001708984375
THERMAL_SENS_OUT_1=27
THERMAL_SENS_OUT_2=-50
THERMAL_SENS_OUT_3=29
THERMAL_SENS_OUT_4=30
THERMAL_SENS_OUT_5=28
THERMAL_SENS_OUT_6=-50
THERMAL_SENS_INT_1=26
THERMAL_SENS_INT_2=29
PG_5=0
PG_9=0
PG_12=0
FLT_P2=0
FLT_P3=0
HEAT_1_TEMP=27
HEAT_1_DUTY=0
HEAT_2_TEMP=29
HEAT_2_DUTY=3
HEAT_3_TEMP=30
HEAT_3_DUTY=0
HEAT_4_TEMP=28
HEAT_4_DUTY=0

[20:45:54.362 CUBESAT]
TS=1786203974.981
PG_5=1
PG_9=0
PG_12=0
FLT_P2=0
FLT_P3=0
HEAT_1_TEMP=0.0
HEAT_1_DUTY=3

[20:45:54.581 EBOX]
TS=1786202644.996
V_SENSE5=1.07421875
V_SENSE9=0.0390625
V_SENSE12=0.107421875
ADC_V5=4.92950439453125
ADC_V9=9.23065185546875
ADC_V12=11.92108154296875
ADC_V28=27.92205810546875
THERMAL_SENS_OUT_1=33
THERMAL_SENS_OUT_2=-50
THERMAL_SENS_OUT_3=26
THERMAL_SENS_OUT_4=30
THERMAL_SENS_OUT_5=33
THERMAL_SENS_OUT_6=-50
THERMAL_SENS_INT_1=25
THERMAL_SENS_INT_2=28
PG_5=0
PG_9=0
PG_12=0
FLT_P2=0
FLT_P3=0
HEAT_1_TEMP=33
HEAT_1_DUTY=0
HEAT_2_TEMP=26
HEAT_2_DUTY=0
HEAT_3_TEMP=30
HEAT_3_DUTY=0
HEAT_4_TEMP=33
HEAT_4_DUTY=3

[20:45:56.395 CUBESAT]
TS=1786203976.983
PG_5=1
PG_9=0
PG_12=0
FLT_P2=0
FLT_P3=0
HEAT_1_TEMP=0.0
HEAT_1_DUTY=0

[20:45:56.615 EBOX]
TS=1786202646.998
V_SENSE5=1.07666015625
V_SENSE9=0.0341796875
V_SENSE12=0.13671875
ADC_V5=4.991455078125
ADC_V9=8.956298828125
ADC_V12=11.79718017578125
ADC_V28=27.47955322265625
THERMAL_SENS_OUT_1=29
THERMAL_SENS_OUT_2=-50
THERMAL_SENS_OUT_3=28
THERMAL_SENS_OUT_4=29
THERMAL_SENS_OUT_5=26
THERMAL_SENS_OUT_6=-50
THERMAL_SENS_INT_1=26
THERMAL_SENS_INT_2=28
PG_5=0
PG_9=0
PG_12=0
FLT_P2=0
FLT_P3=0
HEAT_1_TEMP=29
HEAT_1_DUTY=0
HEAT_2_TEMP=28
HEAT_2_DUTY=3
HEAT_3_TEMP=29
HEAT_3_DUTY=0
HEAT_4_TEMP=26
HEAT_4_DUTY=0

[20:45:58.429 CUBESAT]
TS=1786203978.985
PG_5=1
PG_9=0
PG_12=0
FLT_P2=0
FLT_P3=0
HEAT_1_TEMP=0.0
HEAT_1_DUTY=0

[20:45:58.653 EBOX]
TS=1786202649.001
V_SENSE5=1.09375
V_SENSE9=0.03662109375
V_SENSE12=0.15380859375
ADC_V5=4.92950439453125
ADC_V9=8.9739990234375
ADC_V12=11.434326171875
ADC_V28=27.78045654296875
THERMAL_SENS_OUT_1=29
THERMAL_SENS_OUT_2=-50
THERMAL_SENS_OUT_3=29
THERMAL_SENS_OUT_4=28
THERMAL_SENS_OUT_5=30
THERMAL_SENS_OUT_6=-50
THERMAL_SENS_INT_1=25
THERMAL_SENS_INT_2=28
PG_5=0
PG_9=0
PG_12=0
FLT_P2=0
FLT_P3=0
HEAT_1_TEMP=29
HEAT_1_DUTY=0
HEAT_2_TEMP=29
HEAT_2_DUTY=0
HEAT_3_TEMP=28
HEAT_3_DUTY=0
HEAT_4_TEMP=30
HEAT_4_DUTY=3

[20:46:00.366 CUBESAT]
TS=1786203980.987
PG_5=1
PG_9=0
PG_12=0
FLT_P2=0
FLT_P3=0
HEAT_1_TEMP=0.0
HEAT_1_DUTY=3

[20:46:00.588 EBOX]
TS=1786202651.002
V_SENSE5=1.08154296875
V_SENSE9=0.11474609375
V_SENSE12=0.126953125
ADC_V5=4.920654296875
ADC_V9=9.3280029296875
ADC_V12=11.49627685546875
ADC_V28=27.99285888671875
THERMAL_SENS_OUT_1=29
THERMAL_SENS_OUT_2=-50
THERMAL_SENS_OUT_3=32
THERMAL_SENS_OUT_4=28
THERMAL_SENS_OUT_5=28
THERMAL_SENS_OUT_6=-50
THERMAL_SENS_INT_1=25
THERMAL_SENS_INT_2=32
PG_5=0
PG_9=0
PG_12=0
FLT_P2=0
FLT_P3=0
HEAT_1_TEMP=29
HEAT_1_DUTY=0
HEAT_2_TEMP=32
HEAT_2_DUTY=3
HEAT_3_TEMP=28
HEAT_3_DUTY=0
HEAT_4_TEMP=28
HEAT_4_DUTY=0

[20:46:02.404 CUBESAT]
TS=1786203982.988
PG_5=1
PG_9=0
PG_12=0
FLT_P2=0
FLT_P3=0
HEAT_1_TEMP=0.0
HEAT_1_DUTY=0

[20:46:02.624 EBOX]
TS=1786202653.011
V_SENSE5=1.11572265625
V_SENSE9=0.07568359375
V_SENSE12=0.12939453125
ADC_V5=4.92950439453125
ADC_V9=8.94744873046875
ADC_V12=11.89453125
ADC_V28=27.86895751953125
THERMAL_SENS_OUT_1=33
THERMAL_SENS_OUT_2=-50
THERMAL_SENS_OUT_3=30
THERMAL_SENS_OUT_4=32
THERMAL_SENS_OUT_5=33
THERMAL_SENS_OUT_6=-50
THERMAL_SENS_INT_1=29
THERMAL_SENS_INT_2=31
PG_5=0
PG_9=0
PG_12=0
FLT_P2=0
FLT_P3=0
HEAT_1_TEMP=33
HEAT_1_DUTY=0
HEAT_2_TEMP=30
HEAT_2_DUTY=0
HEAT_3_TEMP=32
HEAT_3_DUTY=0
HEAT_4_TEMP=33
HEAT_4_DUTY=3

[20:46:04.437 CUBESAT]
TS=1786203984.990
PG_5=1
PG_9=0
PG_12=0
FLT_P2=0
FLT_P3=0
HEAT_1_TEMP=0.0
HEAT_1_DUTY=0

[20:46:04.660 EBOX]
TS=1786202655.007
V_SENSE5=1.0595703125
V_SENSE9=0.0341796875
V_SENSE12=0.15380859375
ADC_V5=4.94720458984375
ADC_V9=8.96514892578125
ADC_V12=11.74407958984375
ADC_V28=27.74505615234375
THERMAL_SENS_OUT_1=31
THERMAL_SENS_OUT_2=-50
THERMAL_SENS_OUT_3=29
THERMAL_SENS_OUT_4=27
THERMAL_SENS_OUT_5=27
THERMAL_SENS_OUT_6=-50
THERMAL_SENS_INT_1=27
THERMAL_SENS_INT_2=26
PG_5=0
PG_9=0
PG_12=0
FLT_P2=0
FLT_P3=0
HEAT_1_TEMP=31
HEAT_1_DUTY=0
HEAT_2_TEMP=29
HEAT_2_DUTY=3
HEAT_3_TEMP=27
HEAT_3_DUTY=0
HEAT_4_TEMP=27
HEAT_4_DUTY=0

[20:46:06.377 CUBESAT]
TS=1786203986.992
PG_5=1
PG_9=0
PG_12=0
FLT_P2=0
FLT_P3=0
HEAT_1_TEMP=0.0
HEAT_1_DUTY=0

[20:46:06.599 EBOX]
TS=1786202657.007
V_SENSE5=1.0986328125
V_SENSE9=0.0341796875
V_SENSE12=0.13671875
ADC_V5=4.9560546875
ADC_V9=9.35455322265625
ADC_V12=11.7352294921875
ADC_V28=28.1787109375
THERMAL_SENS_OUT_1=28
THERMAL_SENS_OUT_2=-50
THERMAL_SENS_OUT_3=26
THERMAL_SENS_OUT_4=31
THERMAL_SENS_OUT_5=28
THERMAL_SENS_OUT_6=-50
THERMAL_SENS_INT_1=27
THERMAL_SENS_INT_2=29
PG_5=0
PG_9=0
PG_12=0
FLT_P2=0
FLT_P3=0
HEAT_1_TEMP=28
HEAT_1_DUTY=0
HEAT_2_TEMP=26
HEAT_2_DUTY=0
HEAT_3_TEMP=31
HEAT_3_DUTY=0
HEAT_4_TEMP=28
HEAT_4_DUTY=3

[20:46:08.415 CUBESAT]
TS=1786203988.995
PG_5=1
PG_9=0
PG_12=0
FLT_P2=0
FLT_P3=0
HEAT_1_TEMP=0.0
HEAT_1_DUTY=0

[20:46:08.635 EBOX]
TS=1786202659.009
V_SENSE5=1.0400390625
V_SENSE9=0.0390625
V_SENSE12=0.15625
ADC_V5=4.9560546875
ADC_V9=8.77044677734375
ADC_V12=11.6290283203125
ADC_V28=27.1343994140625
THERMAL_SENS_OUT_1=26
THERMAL_SENS_OUT_2=-50
THERMAL_SENS_OUT_3=27
THERMAL_SENS_OUT_4=33
THERMAL_SENS_OUT_5=31
THERMAL_SENS_OUT_6=-50
THERMAL_SENS_INT_1=23
THERMAL_SENS_INT_2=28
PG_5=0
PG_9=0
PG_12=0
FLT_P2=0
FLT_P3=0
HEAT_1_TEMP=26
HEAT_1_DUTY=0
HEAT_2_TEMP=27
HEAT_2_DUTY=3
HEAT_3_TEMP=33
HEAT_3_DUTY=0
HEAT_4_TEMP=31
HEAT_4_DUTY=0

[20:46:10.451 CUBESAT]
TS=1786203990.997
PG_5=1
PG_9=0
PG_12=0
FLT_P2=0
FLT_P3=0
HEAT_1_TEMP=0.0
HEAT_1_DUTY=3

[20:46:10.673 EBOX]
TS=1786202661.010
V_SENSE5=1.0546875
V_SENSE9=0.0390625
V_SENSE12=0.1171875
ADC_V5=4.91180419921875
ADC_V9=8.69964599609375
ADC_V12=11.88568115234375
ADC_V28=28.0902099609375
THERMAL_SENS_OUT_1=28
THERMAL_SENS_OUT_2=-50
THERMAL_SENS_OUT_3=28
THERMAL_SENS_OUT_4=26
THERMAL_SENS_OUT_5=27
THERMAL_SENS_OUT_6=-50
THERMAL_SENS_INT_1=25
THERMAL_SENS_INT_2=29
PG_5=0
PG_9=0
PG_12=0
FLT_P2=0
FLT_P3=0
HEAT_1_TEMP=28
HEAT_1_DUTY=0
HEAT_2_TEMP=28
HEAT_2_DUTY=0
HEAT_3_TEMP=26
HEAT_3_DUTY=0
HEAT_4_TEMP=27
HEAT_4_DUTY=3

[20:46:12.389 CUBESAT]
TS=1786203992.999
PG_5=1
PG_9=0
PG_12=0
FLT_P2=0
FLT_P3=0
HEAT_1_TEMP=0.0
HEAT_1_DUTY=0

[20:46:12.612 EBOX]
TS=1786202663.012
V_SENSE5=1.0302734375
V_SENSE9=0.0390625
V_SENSE12=0.12939453125
ADC_V5=5.00030517578125
ADC_V9=9.3634033203125
ADC_V12=11.82373046875
ADC_V28=27.1343994140625
THERMAL_SENS_OUT_1=28
THERMAL_SENS_OUT_2=-50
THERMAL_SENS_OUT_3=27
THERMAL_SENS_OUT_4=30
THERMAL_SENS_OUT_5=27
THERMAL_SENS_OUT_6=-50
THERMAL_SENS_INT_1=26
THERMAL_SENS_INT_2=25
PG_5=0
PG_9=0
PG_12=0
FLT_P2=0
FLT_P3=0
HEAT_1_TEMP=28
HEAT_1_DUTY=0
HEAT_2_TEMP=27
HEAT_2_DUTY=3
HEAT_3_TEMP=30
HEAT_3_DUTY=0
HEAT_4_TEMP=27
HEAT_4_DUTY=0

[20:46:14.429 CUBESAT]
TS=1786203995.001
PG_5=1
PG_9=0
PG_12=0
FLT_P2=0
FLT_P3=0
HEAT_1_TEMP=0.0
HEAT_1_DUTY=0

[20:46:14.669 EBOX]
TS=1786202665.019
V_SENSE5=1.06201171875
V_SENSE9=0.0341796875
V_SENSE12=0.126953125
ADC_V5=5.01800537109375
ADC_V9=8.71734619140625
ADC_V12=11.8060302734375
ADC_V28=27.26715087890625
THERMAL_SENS_OUT_1=26
THERMAL_SENS_OUT_2=-50
THERMAL_SENS_OUT_3=27
THERMAL_SENS_OUT_4=30
THERMAL_SENS_OUT_5=32
THERMAL_SENS_OUT_6=-50
THERMAL_SENS_INT_1=29
THERMAL_SENS_INT_2=25
PG_5=0
PG_9=0
PG_12=0
FLT_P2=0
FLT_P3=0
HEAT_1_TEMP=26
HEAT_1_DUTY=0
HEAT_2_TEMP=27
HEAT_2_DUTY=0
HEAT_3_TEMP=30
HEAT_3_DUTY=0
HEAT_4_TEMP=32
HEAT_4_DUTY=3

[20:46:16.385 CUBESAT]
TS=1786203997.003
PG_5=1
PG_9=0
PG_12=0
FLT_P2=0
FLT_P3=0
HEAT_1_TEMP=0.0
HEAT_1_DUTY=0

[20:46:16.610 EBOX]
TS=1786202667.017
V_SENSE5=1.0498046875
V_SENSE9=0.0341796875
V_SENSE12=0.14404296875
ADC_V5=4.88525390625
ADC_V9=9.33685302734375
ADC_V12=11.47857666015625
ADC_V28=28.037109375
THERMAL_SENS_OUT_1=27
THERMAL_SENS_OUT_2=-50
THERMAL_SENS_OUT_3=30
THERMAL_SENS_OUT_4=27
THERMAL_SENS_OUT_5=29
THERMAL_SENS_OUT_6=-50
THERMAL_SENS_INT_1=28
THERMAL_SENS_INT_2=26
PG_5=0
PG_9=0
PG_12=0
FLT_P2=0
FLT_P3=0
HEAT_1_TEMP=27
HEAT_1_DUTY=0
HEAT_2_TEMP=30
HEAT_2_DUTY=3
HEAT_3_TEMP=27
HEAT_3_DUTY=0
HEAT_4_TEMP=29
HEAT_4_DUTY=0

[20:46:18.430 CUBESAT]
TS=1786203999.004
PG_5=1
PG_9=0
PG_12=0
FLT_P2=0
FLT_P3=0
HEAT_1_TEMP=0.0
HEAT_1_DUTY=0

[20:46:18.653 EBOX]
TS=1786202669.019
V_SENSE5=0.6103515625
V_SENSE9=3.05908203125
V_SENSE12=0.0341796875
ADC_V5=5.0091552734375
ADC_V9=9.27490234375
ADC_V12=11.8768310546875
ADC_V28=27.37335205078125
THERMAL_SENS_OUT_1=26
THERMAL_SENS_OUT_2=-50
THERMAL_SENS_OUT_3=32
THERMAL_SENS_OUT_4=29
THERMAL_SENS_OUT_5=27
THERMAL_SENS_OUT_6=-50
THERMAL_SENS_INT_1=25
THERMAL_SENS_INT_2=32
PG_5=0
PG_9=0
PG_12=0
FLT_P2=0
FLT_P3=0
HEAT_1_TEMP=26
HEAT_1_DUTY=0
HEAT_2_TEMP=32
HEAT_2_DUTY=0
HEAT_3_TEMP=29
HEAT_3_DUTY=0
HEAT_4_TEMP=27
HEAT_4_DUTY=3

[20:46:20.468 CUBESAT]
TS=1786204001.005
PG_5=1
PG_9=0
PG_12=0
FLT_P2=0
FLT_P3=0
HEAT_1_TEMP=0.0
HEAT_1_DUTY=3

[20:46:20.697 EBOX]
TS=1786202671.033
V_SENSE5=1.09375
V_SENSE9=1.39892578125
V_SENSE12=0.02685546875
ADC_V5=5.01800537109375
ADC_V9=9.47845458984375
ADC_V12=11.434326171875
ADC_V28=27.60345458984375
THERMAL_SENS_OUT_1=34
THERMAL_SENS_OUT_2=-50
THERMAL_SENS_OUT_3=30
THERMAL_SENS_OUT_4=29
THERMAL_SENS_OUT_5=32
THERMAL_SENS_OUT_6=-50
THERMAL_SENS_INT_1=30
THERMAL_SENS_INT_2=31
PG_5=0
PG_9=0
PG_12=0
FLT_P2=0
FLT_P3=0
HEAT_1_TEMP=34
HEAT_1_DUTY=0
HEAT_2_TEMP=30
HEAT_2_DUTY=3
HEAT_3_TEMP=29
HEAT_3_DUTY=0
HEAT_4_TEMP=32
HEAT_4_DUTY=0

[20:46:22.416 CUBESAT]
TS=1786204003.007
PG_5=1
PG_9=0
PG_12=0
FLT_P2=0
FLT_P3=0
HEAT_1_TEMP=0.0
HEAT_1_DUTY=0

[20:46:22.661 EBOX]
TS=1786202673.031
V_SENSE5=0.76904296875
V_SENSE9=1.3037109375
V_SENSE12=0.2490234375
ADC_V5=4.91180419921875
ADC_V9=9.3988037109375
ADC_V12=11.63787841796875
ADC_V28=27.72735595703125
THERMAL_SENS_OUT_1=32
THERMAL_SENS_OUT_2=-50
THERMAL_SENS_OUT_3=29
THERMAL_SENS_OUT_4=26
THERMAL_SENS_OUT_5=33
THERMAL_SENS_OUT_6=-50
THERMAL_SENS_INT_1=28
THERMAL_SENS_INT_2=27
PG_5=0
PG_9=0
PG_12=0
FLT_P2=0
FLT_P3=0
HEAT_1_TEMP=32
HEAT_1_DUTY=0
HEAT_2_TEMP=29
HEAT_2_DUTY=0
HEAT_3_TEMP=26
HEAT_3_DUTY=0
HEAT_4_TEMP=33
HEAT_4_DUTY=3

[20:46:24.477 CUBESAT]
TS=1786204005.009
PG_5=1
PG_9=0
PG_12=0
FLT_P2=0
FLT_P3=0
HEAT_1_TEMP=0.0
HEAT_1_DUTY=0

[20:46:24.717 EBOX]
TS=1786202675.037
V_SENSE5=1.06201171875
V_SENSE9=0.03662109375
V_SENSE12=0.19287109375
ADC_V5=4.9383544921875
ADC_V9=8.96514892578125
ADC_V12=11.8768310546875
ADC_V28=27.4884033203125
THERMAL_SENS_OUT_1=26
THERMAL_SENS_OUT_2=-50
THERMAL_SENS_OUT_3=27
THERMAL_SENS_OUT_4=28
THERMAL_SENS_OUT_5=30
THERMAL_SENS_OUT_6=-50
THERMAL_SENS_INT_1=30
THERMAL_SENS_INT_2=32
PG_5=0
PG_9=0
PG_12=0
FLT_P2=0
FLT_P3=0
HEAT_1_TEMP=26
HEAT_1_DUTY=0
HEAT_2_TEMP=27
HEAT_2_DUTY=3
HEAT_3_TEMP=28
HEAT_3_DUTY=0
HEAT_4_TEMP=30
HEAT_4_DUTY=0

[20:46:26.432 CUBESAT]
TS=1786204007.011
PG_5=1
PG_9=0
PG_12=0
FLT_P2=0
FLT_P3=0
HEAT_1_TEMP=0.0
HEAT_1_DUTY=0

[20:46:26.656 EBOX]
TS=1786202677.037
V_SENSE5=1.09619140625
V_SENSE9=0.0341796875
V_SENSE12=0.18310546875
ADC_V5=4.991455078125
ADC_V9=9.21295166015625
ADC_V12=11.9476318359375
ADC_V28=28.1256103515625
THERMAL_SENS_OUT_1=27
THERMAL_SENS_OUT_2=-50
THERMAL_SENS_OUT_3=31
THERMAL_SENS_OUT_4=27
THERMAL_SENS_OUT_5=33
THERMAL_SENS_OUT_6=-50
THERMAL_SENS_INT_1=30
THERMAL_SENS_INT_2=27
PG_5=0
PG_9=0
PG_12=0
FLT_P2=0
FLT_P3=0
HEAT_1_TEMP=27
HEAT_1_DUTY=0
HEAT_2_TEMP=31
HEAT_2_DUTY=0
HEAT_3_TEMP=27
HEAT_3_DUTY=0
HEAT_4_TEMP=33
HEAT_4_DUTY=3

[20:46:28.473 CUBESAT]
TS=1786204009.013
PG_5=1
PG_9=0
PG_12=0
FLT_P2=0
FLT_P3=0
HEAT_1_TEMP=0.0
HEAT_1_DUTY=0

[20:46:28.703 EBOX]
TS=1786202679.036
V_SENSE5=1.083984375
V_SENSE9=0.0341796875
V_SENSE12=0.1318359375
ADC_V5=5.0091552734375
ADC_V9=9.01824951171875
ADC_V12=11.6998291015625
ADC_V28=27.97515869140625
THERMAL_SENS_OUT_1=26
THERMAL_SENS_OUT_2=-50
THERMAL_SENS_OUT_3=28
THERMAL_SENS_OUT_4=33
THERMAL_SENS_OUT_5=34
THERMAL_SENS_OUT_6=-50
THERMAL_SENS_INT_1=27
THERMAL_SENS_INT_2=26
PG_5=0
PG_9=0
PG_12=0
FLT_P2=0
FLT_P3=0
HEAT_1_TEMP=26
HEAT_1_DUTY=0
HEAT_2_TEMP=28
HEAT_2_DUTY=3
HEAT_3_TEMP=33
HEAT_3_DUTY=0
HEAT_4_TEMP=34
HEAT_4_DUTY=0

[20:46:30.418 CUBESAT]
TS=1786204011.016
PG_5=1
PG_9=0
PG_12=0
FLT_P2=0
FLT_P3=0
HEAT_1_TEMP=0.0
HEAT_1_DUTY=0

[20:46:30.641 EBOX]
TS=1786202681.038
V_SENSE5=1.1328125
V_SENSE9=0.03662109375
V_SENSE12=0.146484375
ADC_V5=4.9560546875
ADC_V9=8.779296875
ADC_V12=11.646728515625
ADC_V28=27.8070068359375
THERMAL_SENS_OUT_1=33
THERMAL_SENS_OUT_2=-50
THERMAL_SENS_OUT_3=27
THERMAL_SENS_OUT_4=31
THERMAL_SENS_OUT_5=30
THERMAL_SENS_OUT_6=-50
THERMAL_SENS_INT_1=30
THERMAL_SENS_INT_2=28
PG_5=0
PG_9=0
PG_12=0
FLT_P2=0
FLT_P3=0
HEAT_1_TEMP=33
HEAT_1_DUTY=0
HEAT_2_TEMP=27
HEAT_2_DUTY=0
HEAT_3_TEMP=31
HEAT_3_DUTY=0
HEAT_4_TEMP=30
HEAT_4_DUTY=3

[20:46:32.457 CUBESAT]
TS=1786204013.017
PG_5=1
PG_9=0
PG_12=0
FLT_P2=0
FLT_P3=0
HEAT_1_TEMP=0.0
HEAT_1_DUTY=0

[20:46:32.696 EBOX]
TS=1786202683.043
V_SENSE5=1.09375
V_SENSE9=0.07568359375
V_SENSE12=0.1171875
ADC_V5=4.849853515625
ADC_V9=9.28375244140625
ADC_V12=11.8414306640625
ADC_V28=27.5238037109375
THERMAL_SENS_OUT_1=28
THERMAL_SENS_OUT_2=-50
THERMAL_SENS_OUT_3=26
THERMAL_SENS_OUT_4=29
THERMAL_SENS_OUT_5=29
THERMAL_SENS_OUT_6=-50
THERMAL_SENS_INT_1=28
THERMAL_SENS_INT_2=32
PG_5=0
PG_9=0
PG_12=0
FLT_P2=0
FLT_P3=0
HEAT_1_TEMP=28
HEAT_1_DUTY=0
HEAT_2_TEMP=26
HEAT_2_DUTY=3
HEAT_3_TEMP=29
HEAT_3_DUTY=0
HEAT_4_TEMP=29
HEAT_4_DUTY=0

[20:46:34.410 CUBESAT]
TS=1786204015.019
PG_5=1
PG_9=0
PG_12=0
FLT_P2=0
FLT_P3=0
HEAT_1_TEMP=0.0
HEAT_1_DUTY=0

[20:46:34.745 EBOX]
TS=1786202685.043
V_SENSE5=1.09130859375
V_SENSE9=0.0341796875
V_SENSE12=0.1318359375
ADC_V5=4.9560546875
ADC_V9=8.779296875
ADC_V12=11.81488037109375
ADC_V28=27.6300048828125
THERMAL_SENS_OUT_1=27
THERMAL_SENS_OUT_2=-50
THERMAL_SENS_OUT_3=26
THERMAL_SENS_OUT_4=29
THERMAL_SENS_OUT_5=31
THERMAL_SENS_OUT_6=-50
THERMAL_SENS_INT_1=26
THERMAL_SENS_INT_2=30
PG_5=0
PG_9=0
PG_12=0
FLT_P2=0
FLT_P3=0
HEAT_1_TEMP=27
HEAT_1_DUTY=0
HEAT_2_TEMP=26
HEAT_2_DUTY=0
HEAT_3_TEMP=29
HEAT_3_DUTY=0
HEAT_4_TEMP=31
HEAT_4_DUTY=3

[20:46:36.462 CUBESAT]
TS=1786204017.020
PG_5=1
PG_9=0
PG_12=0
FLT_P2=0
FLT_P3=0
HEAT_1_TEMP=0.0
HEAT_1_DUTY=3

[20:46:36.702 EBOX]
TS=1786202687.044
V_SENSE5=1.07177734375
V_SENSE9=0.06591796875
V_SENSE12=0.1171875
ADC_V5=4.88525390625
ADC_V9=9.1156005859375
ADC_V12=11.68212890625
ADC_V28=28.1256103515625
THERMAL_SENS_OUT_1=28
THERMAL_SENS_OUT_2=-50
THERMAL_SENS_OUT_3=26
THERMAL_SENS_OUT_4=28
THERMAL_SENS_OUT_5=34
THERMAL_SENS_OUT_6=-50
THERMAL_SENS_INT_1=27
THERMAL_SENS_INT_2=30
PG_5=0
PG_9=0
PG_12=0
FLT_P2=0
FLT_P3=0
HEAT_1_TEMP=28
HEAT_1_DUTY=0
HEAT_2_TEMP=26
HEAT_2_DUTY=3
HEAT_3_TEMP=28
HEAT_3_DUTY=0
HEAT_4_TEMP=34
HEAT_4_DUTY=0

[20:46:38.417 CUBESAT]
TS=1786204019.022
PG_5=1
PG_9=0
PG_12=0
FLT_P2=0
FLT_P3=0
HEAT_1_TEMP=0.0
HEAT_1_DUTY=0

[20:46:38.746 EBOX]
TS=1786202689.052
V_SENSE5=1.08154296875
V_SENSE9=0.0390625
V_SENSE12=0.1220703125
ADC_V5=4.9560546875
ADC_V9=8.9208984375
ADC_V12=11.53167724609375
ADC_V28=28.001708984375
THERMAL_SENS_OUT_1=26
THERMAL_SENS_OUT_2=-50
THERMAL_SENS_OUT_3=26
THERMAL_SENS_OUT_4=30
THERMAL_SENS_OUT_5=34
THERMAL_SENS_OUT_6=-50
THERMAL_SENS_INT_1=29
THERMAL_SENS_INT_2=26
PG_5=0
PG_9=0
PG_12=0
FLT_P2=0
FLT_P3=0
HEAT_1_TEMP=26
HEAT_1_DUTY=0
HEAT_2_TEMP=26
HEAT_2_DUTY=0
HEAT_3_TEMP=30
HEAT_3_DUTY=0
HEAT_4_TEMP=34
HEAT_4_DUTY=3

[20:46:40.461 CUBESAT]
TS=1786204021.025
PG_5=1
PG_9=0
PG_12=0
FLT_P2=0
FLT_P3=0
HEAT_1_TEMP=0.0
HEAT_1_DUTY=0

[20:46:40.694 EBOX]
TS=1786202691.049
V_SENSE5=1.03759765625
V_SENSE9=0.0341796875
V_SENSE12=0.126953125
ADC_V5=4.9383544921875
ADC_V9=9.51385498046875
ADC_V12=11.82373046875
ADC_V28=28.16986083984375
THERMAL_SENS_OUT_1=26
THERMAL_SENS_OUT_2=-50
THERMAL_SENS_OUT_3=26
THERMAL_SENS_OUT_4=27
THERMAL_SENS_OUT_5=29
THERMAL_SENS_OUT_6=-50
THERMAL_SENS_INT_1=26
THERMAL_SENS_INT_2=28
PG_5=0
PG_9=0
PG_12=0
FLT_P2=0
FLT_P3=0
HEAT_1_TEMP=26
HEAT_1_DUTY=0
HEAT_2_TEMP=26
HEAT_2_DUTY=3
HEAT_3_TEMP=27
HEAT_3_DUTY=0
HEAT_4_TEMP=29
HEAT_4_DUTY=0

[20:46:42.743 EBOX]
TS=1786202693.051
V_SENSE5=1.07421875
V_SENSE9=0.03662109375
V_SENSE12=0.13916015625
ADC_V5=4.80560302734375
ADC_V9=9.14215087890625
ADC_V12=11.85028076171875
ADC_V28=27.07244873046875
THERMAL_SENS_OUT_1=29
THERMAL_SENS_OUT_2=-50
THERMAL_SENS_OUT_3=26
THERMAL_SENS_OUT_4=27
THERMAL_SENS_OUT_5=29
THERMAL_SENS_OUT_6=-50
THERMAL_SENS_INT_1=28
THERMAL_SENS_INT_2=26
PG_5=0
PG_9=0
PG_12=0
FLT_P2=0
FLT_P3=0
HEAT_1_TEMP=29
HEAT_1_DUTY=0
HEAT_2_TEMP=26
HEAT_2_DUTY=0
HEAT_3_TEMP=27
HEAT_3_DUTY=3
HEAT_4_TEMP=29
HEAT_4_DUTY=0

[20:50:36.122 EBOX]
TS=1786202926.726
V_SENSE5=1.11328125
V_SENSE9=0.0390625
V_SENSE12=0.1171875
ADC_V5=4.9029541015625
ADC_V9=9.0093994140625
ADC_V12=11.69097900390625
ADC_V28=27.51495361328125
THERMAL_SENS_OUT_1=28
THERMAL_SENS_OUT_2=-50
THERMAL_SENS_OUT_3=26
THERMAL_SENS_OUT_4=29
THERMAL_SENS_OUT_5=31
THERMAL_SENS_OUT_6=-50
THERMAL_SENS_INT_1=27
THERMAL_SENS_INT_2=29
PG_5=0
PG_9=0
PG_12=0
FLT_P2=0
FLT_P3=0
HEAT_1_TEMP=28
HEAT_1_DUTY=3
HEAT_2_TEMP=26
HEAT_2_DUTY=0
HEAT_3_TEMP=29
HEAT_3_DUTY=0
HEAT_4_TEMP=31
HEAT_4_DUTY=0

[20:50:38.177 EBOX]
TS=1786202928.738
V_SENSE5=1.0791015625
V_SENSE9=0.0390625
V_SENSE12=0.13671875
ADC_V5=4.87640380859375
ADC_V9=8.85009765625
ADC_V12=11.85028076171875
ADC_V28=27.47955322265625
THERMAL_SENS_OUT_1=25
THERMAL_SENS_OUT_2=-50
THERMAL_SENS_OUT_3=25
THERMAL_SENS_OUT_4=26
THERMAL_SENS_OUT_5=29
THERMAL_SENS_OUT_6=-50
THERMAL_SENS_INT_1=23
THERMAL_SENS_INT_2=31
PG_5=0
PG_9=0
PG_12=0
FLT_P2=0
FLT_P3=0
HEAT_1_TEMP=25
HEAT_1_DUTY=0
HEAT_2_TEMP=25
HEAT_2_DUTY=0
HEAT_3_TEMP=26
HEAT_3_DUTY=3
HEAT_4_TEMP=29
HEAT_4_DUTY=0

[20:50:40.130 EBOX]
TS=1786202930.738
V_SENSE5=1.1376953125
V_SENSE9=0.03662109375
V_SENSE12=0.10986328125
ADC_V5=4.98260498046875
ADC_V9=9.0802001953125
ADC_V12=11.8768310546875
ADC_V28=27.10784912109375
THERMAL_SENS_OUT_1=28
THERMAL_SENS_OUT_2=-50
THERMAL_SENS_OUT_3=24
THERMAL_SENS_OUT_4=28
THERMAL_SENS_OUT_5=31
THERMAL_SENS_OUT_6=-50
THERMAL_SENS_INT_1=27
THERMAL_SENS_INT_2=31
PG_5=0
PG_9=0
PG_12=0
FLT_P2=0
FLT_P3=0
HEAT_1_TEMP=28
HEAT_1_DUTY=3
HEAT_2_TEMP=24
HEAT_2_DUTY=0
HEAT_3_TEMP=28
HEAT_3_DUTY=0
HEAT_4_TEMP=31
HEAT_4_DUTY=0

[20:50:42.178 EBOX]
TS=1786202932.732
V_SENSE5=1.1328125
V_SENSE9=0.0341796875
V_SENSE12=0.1171875
ADC_V5=4.9560546875
ADC_V9=9.451904296875
ADC_V12=11.8768310546875
ADC_V28=28.02825927734375
THERMAL_SENS_OUT_1=27
THERMAL_SENS_OUT_2=-50
THERMAL_SENS_OUT_3=27
THERMAL_SENS_OUT_4=30
THERMAL_SENS_OUT_5=27
THERMAL_SENS_OUT_6=-50
THERMAL_SENS_INT_1=25
THERMAL_SENS_INT_2=26
PG_5=0
PG_9=0
PG_12=0
FLT_P2=0
FLT_P3=0
HEAT_1_TEMP=27
HEAT_1_DUTY=0
HEAT_2_TEMP=27
HEAT_2_DUTY=0
HEAT_3_TEMP=30
HEAT_3_DUTY=3
HEAT_4_TEMP=27
HEAT_4_DUTY=0

[20:50:44.126 EBOX]
TS=1786202934.734
V_SENSE5=1.0888671875
V_SENSE9=0.0341796875
V_SENSE12=0.1171875
ADC_V5=4.92950439453125
ADC_V9=9.24835205078125
ADC_V12=11.82373046875
ADC_V28=27.93975830078125
THERMAL_SENS_OUT_1=29
THERMAL_SENS_OUT_2=-50
THERMAL_SENS_OUT_3=31
THERMAL_SENS_OUT_4=26
THERMAL_SENS_OUT_5=29
THERMAL_SENS_OUT_6=-50
THERMAL_SENS_INT_1=27
THERMAL_SENS_INT_2=32
PG_5=0
PG_9=0
PG_12=0
FLT_P2=0
FLT_P3=0
HEAT_1_TEMP=29
HEAT_1_DUTY=3
HEAT_2_TEMP=31
HEAT_2_DUTY=0
HEAT_3_TEMP=26
HEAT_3_DUTY=0
HEAT_4_TEMP=29
HEAT_4_DUTY=0

[20:50:46.215 EBOX]
TS=1786202936.744
V_SENSE5=1.06689453125
V_SENSE9=0.0341796875
V_SENSE12=0.12451171875
ADC_V5=4.84100341796875
ADC_V9=8.82354736328125
ADC_V12=11.9476318359375
ADC_V28=27.69195556640625
THERMAL_SENS_OUT_1=28
THERMAL_SENS_OUT_2=-50
THERMAL_SENS_OUT_3=29
THERMAL_SENS_OUT_4=31
THERMAL_SENS_OUT_5=25
THERMAL_SENS_OUT_6=-50
THERMAL_SENS_INT_1=26
THERMAL_SENS_INT_2=26
PG_5=0
PG_9=0
PG_12=0
FLT_P2=0
FLT_P3=0
HEAT_1_TEMP=28
HEAT_1_DUTY=0
HEAT_2_TEMP=29
HEAT_2_DUTY=0
HEAT_3_TEMP=31
HEAT_3_DUTY=3
HEAT_4_TEMP=25
HEAT_4_DUTY=0

[20:50:48.166 EBOX]
TS=1786202938.739
V_SENSE5=1.19140625
V_SENSE9=0.03662109375
V_SENSE12=0.1220703125
ADC_V5=4.920654296875
ADC_V9=9.1156005859375
ADC_V12=11.8060302734375
ADC_V28=27.85125732421875
THERMAL_SENS_OUT_1=29
THERMAL_SENS_OUT_2=-50
THERMAL_SENS_OUT_3=26
THERMAL_SENS_OUT_4=26
THERMAL_SENS_OUT_5=29
THERMAL_SENS_OUT_6=-50
THERMAL_SENS_INT_1=25
THERMAL_SENS_INT_2=29
PG_5=0
PG_9=0
PG_12=0
FLT_P2=0
FLT_P3=0
HEAT_1_TEMP=29
HEAT_1_DUTY=3
HEAT_2_TEMP=26
HEAT_2_DUTY=0
HEAT_3_TEMP=26
HEAT_3_DUTY=0
HEAT_4_TEMP=29
HEAT_4_DUTY=0

[20:50:50.112 EBOX]
TS=1786202940.749
V_SENSE5=1.0400390625
V_SENSE9=0.0537109375
V_SENSE12=0.11474609375
ADC_V5=4.9560546875
ADC_V9=8.9385986328125
ADC_V12=11.859130859375
ADC_V28=27.010498046875
THERMAL_SENS_OUT_1=26
THERMAL_SENS_OUT_2=-50
THERMAL_SENS_OUT_3=31
THERMAL_SENS_OUT_4=28
THERMAL_SENS_OUT_5=30
THERMAL_SENS_OUT_6=-50
THERMAL_SENS_INT_1=29
THERMAL_SENS_INT_2=26
PG_5=0
PG_9=0
PG_12=0
FLT_P2=0
FLT_P3=0
HEAT_1_TEMP=26
HEAT_1_DUTY=0
HEAT_2_TEMP=31
HEAT_2_DUTY=0
HEAT_3_TEMP=28
HEAT_3_DUTY=3
HEAT_4_TEMP=30
HEAT_4_DUTY=0

[20:50:52.158 EBOX]
TS=1786202942.742
V_SENSE5=1.123046875
V_SENSE9=0.0390625
V_SENSE12=0.15380859375
ADC_V5=4.85870361328125
ADC_V9=8.7969970703125
ADC_V12=11.54937744140625
ADC_V28=27.32025146484375
THERMAL_SENS_OUT_1=30
THERMAL_SENS_OUT_2=-50
THERMAL_SENS_OUT_3=26
THERMAL_SENS_OUT_4=30
THERMAL_SENS_OUT_5=27
THERMAL_SENS_OUT_6=-50
THERMAL_SENS_INT_1=30
THERMAL_SENS_INT_2=26
PG_5=0
PG_9=0
PG_12=0
FLT_P2=0
FLT_P3=0
HEAT_1_TEMP=30
HEAT_1_DUTY=3
HEAT_2_TEMP=26
HEAT_2_DUTY=0
HEAT_3_TEMP=30
HEAT_3_DUTY=0
HEAT_4_TEMP=27
HEAT_4_DUTY=0

[20:50:54.109 EBOX]
TS=1786202944.744
V_SENSE5=1.24755859375
V_SENSE9=0.03662109375
V_SENSE12=0.11962890625
ADC_V5=4.85870361328125
ADC_V9=9.0802001953125
ADC_V12=11.51397705078125
ADC_V28=27.16094970703125
THERMAL_SENS_OUT_1=25
THERMAL_SENS_OUT_2=-50
THERMAL_SENS_OUT_3=29
THERMAL_SENS_OUT_4=31
THERMAL_SENS_OUT_5=25
THERMAL_SENS_OUT_6=-50
THERMAL_SENS_INT_1=26
THERMAL_SENS_INT_2=30
PG_5=0
PG_9=0
PG_12=0
FLT_P2=0
FLT_P3=0
HEAT_1_TEMP=25
HEAT_1_DUTY=0
HEAT_2_TEMP=29
HEAT_2_DUTY=0
HEAT_3_TEMP=31
HEAT_3_DUTY=3
HEAT_4_TEMP=25
HEAT_4_DUTY=0

[20:50:56.156 EBOX]
TS=1786202946.754
V_SENSE5=1.0693359375
V_SENSE9=0.07568359375
V_SENSE12=0.12939453125
ADC_V5=5.0091552734375
ADC_V9=9.12445068359375
ADC_V12=11.8768310546875
ADC_V28=27.5946044921875
THERMAL_SENS_OUT_1=26
THERMAL_SENS_OUT_2=-50
THERMAL_SENS_OUT_3=27
THERMAL_SENS_OUT_4=29
THERMAL_SENS_OUT_5=32
THERMAL_SENS_OUT_6=-50
THERMAL_SENS_INT_1=25
THERMAL_SENS_INT_2=28
PG_5=0
PG_9=0
PG_12=0
FLT_P2=0
FLT_P3=0
HEAT_1_TEMP=26
HEAT_1_DUTY=3
HEAT_2_TEMP=27
HEAT_2_DUTY=0
HEAT_3_TEMP=29
HEAT_3_DUTY=0
HEAT_4_TEMP=32
HEAT_4_DUTY=0

[20:50:58.112 EBOX]
TS=1786202948.748
V_SENSE5=1.14990234375
V_SENSE9=0.09521484375
V_SENSE12=0.12939453125
ADC_V5=4.8675537109375
ADC_V9=9.33685302734375
ADC_V12=11.58477783203125
ADC_V28=27.24945068359375
THERMAL_SENS_OUT_1=31
THERMAL_SENS_OUT_2=-50
THERMAL_SENS_OUT_3=27
THERMAL_SENS_OUT_4=31
THERMAL_SENS_OUT_5=28
THERMAL_SENS_OUT_6=-50
THERMAL_SENS_INT_1=25
THERMAL_SENS_INT_2=32
PG_5=0
PG_9=0
PG_12=0
FLT_P2=0
FLT_P3=0
HEAT_1_TEMP=31
HEAT_1_DUTY=0
HEAT_2_TEMP=27
HEAT_2_DUTY=0
HEAT_3_TEMP=31
HEAT_3_DUTY=3
HEAT_4_TEMP=28
HEAT_4_DUTY=0

[20:51:00.165 EBOX]
TS=1786202950.762
V_SENSE5=1.06201171875
V_SENSE9=0.0341796875
V_SENSE12=0.11962890625
ADC_V5=4.9560546875
ADC_V9=9.0447998046875
ADC_V12=11.9476318359375
ADC_V28=27.9132080078125
THERMAL_SENS_OUT_1=26
THERMAL_SENS_OUT_2=-50
THERMAL_SENS_OUT_3=31
THERMAL_SENS_OUT_4=26
THERMAL_SENS_OUT_5=29
THERMAL_SENS_OUT_6=-50
THERMAL_SENS_INT_1=26
THERMAL_SENS_INT_2=28
PG_5=0
PG_9=0
PG_12=0
FLT_P2=0
FLT_P3=0
HEAT_1_TEMP=26
HEAT_1_DUTY=3
HEAT_2_TEMP=31
HEAT_2_DUTY=0
HEAT_3_TEMP=26
HEAT_3_DUTY=0
HEAT_4_TEMP=29
HEAT_4_DUTY=0

[20:51:02.109 EBOX]
TS=1786202952.750
V_SENSE5=1.1181640625
V_SENSE9=0.10498046875
V_SENSE12=0.11474609375
ADC_V5=5.0445556640625
ADC_V9=9.10675048828125
ADC_V12=11.83258056640625
ADC_V28=27.0281982421875
THERMAL_SENS_OUT_1=27
THERMAL_SENS_OUT_2=-50
THERMAL_SENS_OUT_3=27
THERMAL_SENS_OUT_4=28
THERMAL_SENS_OUT_5=26
THERMAL_SENS_OUT_6=-50
THERMAL_SENS_INT_1=29
THERMAL_SENS_INT_2=27
PG_5=0
PG_9=0
PG_12=0
FLT_P2=0
FLT_P3=0
HEAT_1_TEMP=27
HEAT_1_DUTY=0
HEAT_2_TEMP=27
HEAT_2_DUTY=0
HEAT_3_TEMP=28
HEAT_3_DUTY=3
HEAT_4_TEMP=26
HEAT_4_DUTY=0

[20:51:04.156 EBOX]
TS=1786202954.759
V_SENSE5=1.06201171875
V_SENSE9=0.0390625
V_SENSE12=0.1171875
ADC_V5=4.96490478515625
ADC_V9=9.0625
ADC_V12=11.72637939453125
ADC_V28=28.06365966796875
THERMAL_SENS_OUT_1=28
THERMAL_SENS_OUT_2=-50
THERMAL_SENS_OUT_3=26
THERMAL_SENS_OUT_4=31
THERMAL_SENS_OUT_5=29
THERMAL_SENS_OUT_6=-50
THERMAL_SENS_INT_1=30
THERMAL_SENS_INT_2=32
PG_5=0
PG_9=0
PG_12=0
FLT_P2=0
FLT_P3=0
HEAT_1_TEMP=28
HEAT_1_DUTY=3
HEAT_2_TEMP=26
HEAT_2_DUTY=0
HEAT_3_TEMP=31
HEAT_3_DUTY=0
HEAT_4_TEMP=29
HEAT_4_DUTY=0

[20:51:06.205 EBOX]
TS=1786202956.756
V_SENSE5=1.1376953125
V_SENSE9=0.0341796875
V_SENSE12=0.1171875
ADC_V5=4.88525390625
ADC_V9=8.85009765625
ADC_V12=11.72637939453125
ADC_V28=27.718505859375
THERMAL_SENS_OUT_1=29
THERMAL_SENS_OUT_2=-50
THERMAL_SENS_OUT_3=27
THERMAL_SENS_OUT_4=30
THERMAL_SENS_OUT_5=27
THERMAL_SENS_OUT_6=-50
THERMAL_SENS_INT_1=27
THERMAL_SENS_INT_2=30
PG_5=0
PG_9=0
PG_12=0
FLT_P2=0
FLT_P3=0
HEAT_1_TEMP=29
HEAT_1_DUTY=0
HEAT_2_TEMP=27
HEAT_2_DUTY=0
HEAT_3_TEMP=30
HEAT_3_DUTY=3
HEAT_4_TEMP=27
HEAT_4_DUTY=0

[20:51:08.175 EBOX]
TS=1786202958.757
V_SENSE5=1.142578125
V_SENSE9=0.0390625
V_SENSE12=0.13671875
ADC_V5=4.92950439453125
ADC_V9=9.4696044921875
ADC_V12=11.7529296875
ADC_V28=27.74505615234375
THERMAL_SENS_OUT_1=31
THERMAL_SENS_OUT_2=-50
THERMAL_SENS_OUT_3=25
THERMAL_SENS_OUT_4=26
THERMAL_SENS_OUT_5=29
THERMAL_SENS_OUT_6=-50
THERMAL_SENS_INT_1=23
THERMAL_SENS_INT_2=31
PG_5=0
PG_9=0
PG_12=0
FLT_P2=0
FLT_P3=0
HEAT_1_TEMP=31
HEAT_1_DUTY=3
HEAT_2_TEMP=25
HEAT_2_DUTY=0
HEAT_3_TEMP=26
HEAT_3_DUTY=0
HEAT_4_TEMP=29
HEAT_4_DUTY=0

[20:51:10.124 EBOX]
TS=1786202960.765
V_SENSE5=1.0888671875
V_SENSE9=0.0341796875
V_SENSE12=0.146484375
ADC_V5=4.991455078125
ADC_V9=9.1510009765625
ADC_V12=11.929931640625
ADC_V28=27.54150390625
THERMAL_SENS_OUT_1=25
THERMAL_SENS_OUT_2=-50
THERMAL_SENS_OUT_3=31
THERMAL_SENS_OUT_4=27
THERMAL_SENS_OUT_5=25
THERMAL_SENS_OUT_6=-50
THERMAL_SENS_INT_1=23
THERMAL_SENS_INT_2=27
PG_5=0
PG_9=0
PG_12=0
FLT_P2=0
FLT_P3=0
HEAT_1_TEMP=25
HEAT_1_DUTY=0
HEAT_2_TEMP=31
HEAT_2_DUTY=0
HEAT_3_TEMP=27
HEAT_3_DUTY=3
HEAT_4_TEMP=25
HEAT_4_DUTY=0

[20:51:12.177 EBOX]
TS=1786202962.761
V_SENSE5=1.13037109375
V_SENSE9=0.0341796875
V_SENSE12=0.12451171875
ADC_V5=4.88525390625
ADC_V9=8.9385986328125
ADC_V12=11.68212890625
ADC_V28=27.51495361328125
THERMAL_SENS_OUT_1=32
THERMAL_SENS_OUT_2=-50
THERMAL_SENS_OUT_3=28
THERMAL_SENS_OUT_4=31
THERMAL_SENS_OUT_5=26
THERMAL_SENS_OUT_6=-50
THERMAL_SENS_INT_1=28
THERMAL_SENS_INT_2=27
PG_5=0
PG_9=0
PG_12=0
FLT_P2=0
FLT_P3=0
HEAT_1_TEMP=32
HEAT_1_DUTY=3
HEAT_2_TEMP=28
HEAT_2_DUTY=0
HEAT_3_TEMP=31
HEAT_3_DUTY=0
HEAT_4_TEMP=26
HEAT_4_DUTY=0

[20:51:14.125 EBOX]
TS=1786202964.771
V_SENSE5=1.03515625
V_SENSE9=0.0390625
V_SENSE12=0.13427734375
ADC_V5=4.98260498046875
ADC_V9=9.31915283203125
ADC_V12=11.74407958984375
ADC_V28=27.55035400390625
THERMAL_SENS_OUT_1=28
THERMAL_SENS_OUT_2=-50
THERMAL_SENS_OUT_3=26
THERMAL_SENS_OUT_4=25
THERMAL_SENS_OUT_5=27
THERMAL_SENS_OUT_6=-50
THERMAL_SENS_INT_1=29
THERMAL_SENS_INT_2=28
PG_5=0
PG_9=0
PG_12=0
FLT_P2=0
FLT_P3=0
HEAT_1_TEMP=28
HEAT_1_DUTY=0
HEAT_2_TEMP=26
HEAT_2_DUTY=0
HEAT_3_TEMP=25
HEAT_3_DUTY=3
HEAT_4_TEMP=27
HEAT_4_DUTY=0

[20:51:44.906 EBOX]
TS=1786202995.847
V_SENSE5=1.12060546875
V_SENSE9=0.05615234375
V_SENSE12=0.11962890625
ADC_V5=4.9560546875
ADC_V9=8.98284912109375
ADC_V12=11.54052734375
ADC_V28=27.90435791015625
THERMAL_SENS_OUT_1=31
THERMAL_SENS_OUT_2=-50
THERMAL_SENS_OUT_3=29
THERMAL_SENS_OUT_4=26
THERMAL_SENS_OUT_5=31
THERMAL_SENS_OUT_6=-50
THERMAL_SENS_INT_1=28
THERMAL_SENS_INT_2=26
PG_5=0
PG_9=0
PG_12=0
FLT_P2=0
FLT_P3=0
HEAT_1_TEMP=31
HEAT_1_DUTY=0
HEAT_2_TEMP=29
HEAT_2_DUTY=0
HEAT_3_TEMP=26
HEAT_3_DUTY=20
HEAT_4_TEMP=31
HEAT_4_DUTY=0

[20:51:46.974 EBOX]
TS=1786202997.857
V_SENSE5=1.07421875
V_SENSE9=0.0341796875
V_SENSE12=0.11962890625
ADC_V5=4.98260498046875
ADC_V9=9.41650390625
ADC_V12=11.47857666015625
ADC_V28=28.02825927734375
THERMAL_SENS_OUT_1=27
THERMAL_SENS_OUT_2=-50
THERMAL_SENS_OUT_3=25
THERMAL_SENS_OUT_4=26
THERMAL_SENS_OUT_5=31
THERMAL_SENS_OUT_6=-50
THERMAL_SENS_INT_1=31
THERMAL_SENS_INT_2=25
PG_5=0
PG_9=0
PG_12=0
FLT_P2=0
FLT_P3=0
HEAT_1_TEMP=27
HEAT_1_DUTY=20
HEAT_2_TEMP=25
HEAT_2_DUTY=0
HEAT_3_TEMP=26
HEAT_3_DUTY=0
HEAT_4_TEMP=31
HEAT_4_DUTY=0

[20:51:48.926 EBOX]
TS=1786202999.850
V_SENSE5=1.1474609375
V_SENSE9=0.0341796875
V_SENSE12=0.13427734375
ADC_V5=4.84100341796875
ADC_V9=9.05364990234375
ADC_V12=11.5582275390625
ADC_V28=27.88665771484375
THERMAL_SENS_OUT_1=31
THERMAL_SENS_OUT_2=-50
THERMAL_SENS_OUT_3=26
THERMAL_SENS_OUT_4=31
THERMAL_SENS_OUT_5=30
THERMAL_SENS_OUT_6=-50
THERMAL_SENS_INT_1=25
THERMAL_SENS_INT_2=29
PG_5=0
PG_9=0
PG_12=0
FLT_P2=0
FLT_P3=0
HEAT_1_TEMP=31
HEAT_1_DUTY=0
HEAT_2_TEMP=26
HEAT_2_DUTY=0
HEAT_3_TEMP=31
HEAT_3_DUTY=20
HEAT_4_TEMP=30
HEAT_4_DUTY=0

[20:51:50.977 EBOX]
TS=1786203001.853
V_SENSE5=1.13037109375
V_SENSE9=0.0390625
V_SENSE12=0.12451171875
ADC_V5=5.00030517578125
ADC_V9=9.1864013671875
ADC_V12=11.575927734375
ADC_V28=27.17864990234375
THERMAL_SENS_OUT_1=31
THERMAL_SENS_OUT_2=-50
THERMAL_SENS_OUT_3=26
THERMAL_SENS_OUT_4=29
THERMAL_SENS_OUT_5=31
THERMAL_SENS_OUT_6=-50
THERMAL_SENS_INT_1=26
THERMAL_SENS_INT_2=31
PG_5=0
PG_9=0
PG_12=0
FLT_P2=0
FLT_P3=0
HEAT_1_TEMP=31
HEAT_1_DUTY=20
HEAT_2_TEMP=26
HEAT_2_DUTY=0
HEAT_3_TEMP=29
HEAT_3_DUTY=0
HEAT_4_TEMP=31
HEAT_4_DUTY=0

[20:51:52.926 EBOX]
TS=1786203003.854
V_SENSE5=1.123046875
V_SENSE9=0.0390625
V_SENSE12=0.1171875
ADC_V5=5.03570556640625
ADC_V9=8.885498046875
ADC_V12=11.58477783203125
ADC_V28=27.3822021484375
THERMAL_SENS_OUT_1=28
THERMAL_SENS_OUT_2=-50
THERMAL_SENS_OUT_3=25
THERMAL_SENS_OUT_4=26
THERMAL_SENS_OUT_5=29
THERMAL_SENS_OUT_6=-50
THERMAL_SENS_INT_1=24
THERMAL_SENS_INT_2=29
PG_5=0
PG_9=0
PG_12=0
FLT_P2=0
FLT_P3=0
HEAT_1_TEMP=28
HEAT_1_DUTY=0
HEAT_2_TEMP=25
HEAT_2_DUTY=0
HEAT_3_TEMP=26
HEAT_3_DUTY=20
HEAT_4_TEMP=29
HEAT_4_DUTY=0

[20:51:54.977 EBOX]
TS=1786203005.864
V_SENSE5=1.07666015625
V_SENSE9=0.0341796875
V_SENSE12=0.15380859375
ADC_V5=4.92950439453125
ADC_V9=8.80584716796875
ADC_V12=11.6644287109375
ADC_V28=26.94854736328125
THERMAL_SENS_OUT_1=25
THERMAL_SENS_OUT_2=-50
THERMAL_SENS_OUT_3=29
THERMAL_SENS_OUT_4=26
THERMAL_SENS_OUT_5=27
THERMAL_SENS_OUT_6=-50
THERMAL_SENS_INT_1=24
THERMAL_SENS_INT_2=30
PG_5=0
PG_9=0
PG_12=0
FLT_P2=0
FLT_P3=0
HEAT_1_TEMP=25
HEAT_1_DUTY=20
HEAT_2_TEMP=29
HEAT_2_DUTY=0
HEAT_3_TEMP=26
HEAT_3_DUTY=0
HEAT_4_TEMP=27
HEAT_4_DUTY=0

[20:51:56.940 EBOX]
TS=1786203007.858
V_SENSE5=1.15966796875
V_SENSE9=0.0341796875
V_SENSE12=0.1123046875
ADC_V5=4.89410400390625
ADC_V9=9.0802001953125
ADC_V12=11.99188232421875
ADC_V28=28.02825927734375
THERMAL_SENS_OUT_1=26
THERMAL_SENS_OUT_2=-50
THERMAL_SENS_OUT_3=31
THERMAL_SENS_OUT_4=29
THERMAL_SENS_OUT_5=31
THERMAL_SENS_OUT_6=-50
THERMAL_SENS_INT_1=27
THERMAL_SENS_INT_2=26
PG_5=0
PG_9=0
PG_12=0
FLT_P2=0
FLT_P3=0
HEAT_1_TEMP=26
HEAT_1_DUTY=0
HEAT_2_TEMP=31
HEAT_2_DUTY=0
HEAT_3_TEMP=29
HEAT_3_DUTY=20
HEAT_4_TEMP=31
HEAT_4_DUTY=0

[20:51:58.989 EBOX]
TS=1786203009.869
V_SENSE5=1.03515625
V_SENSE9=0.048828125
V_SENSE12=0.12939453125
ADC_V5=4.9383544921875
ADC_V9=8.814697265625
ADC_V12=11.54052734375
ADC_V28=27.03704833984375
THERMAL_SENS_OUT_1=26
THERMAL_SENS_OUT_2=-50
THERMAL_SENS_OUT_3=30
THERMAL_SENS_OUT_4=27
THERMAL_SENS_OUT_5=30
THERMAL_SENS_OUT_6=-50
THERMAL_SENS_INT_1=26
THERMAL_SENS_INT_2=32
PG_5=0
PG_9=0
PG_12=0
FLT_P2=0
FLT_P3=0
HEAT_1_TEMP=26
HEAT_1_DUTY=20
HEAT_2_TEMP=30
HEAT_2_DUTY=0
HEAT_3_TEMP=27
HEAT_3_DUTY=0
HEAT_4_TEMP=30
HEAT_4_DUTY=0

[20:52:00.959 EBOX]
TS=1786203011.871
V_SENSE5=1.10595703125
V_SENSE9=0.03662109375
V_SENSE12=0.15380859375
ADC_V5=4.9560546875
ADC_V9=9.38995361328125
ADC_V12=11.9122314453125
ADC_V28=27.3114013671875
THERMAL_SENS_OUT_1=25
THERMAL_SENS_OUT_2=-50
THERMAL_SENS_OUT_3=24
THERMAL_SENS_OUT_4=25
THERMAL_SENS_OUT_5=27
THERMAL_SENS_OUT_6=-50
THERMAL_SENS_INT_1=24
THERMAL_SENS_INT_2=32
PG_5=0
PG_9=0
PG_12=0
FLT_P2=0
FLT_P3=0
HEAT_1_TEMP=25
HEAT_1_DUTY=0
HEAT_2_TEMP=24
HEAT_2_DUTY=0
HEAT_3_TEMP=25
HEAT_3_DUTY=20
HEAT_4_TEMP=27
HEAT_4_DUTY=0

[20:52:02.917 EBOX]
TS=1786203013.864
V_SENSE5=1.18896484375
V_SENSE9=0.03662109375
V_SENSE12=0.107421875
ADC_V5=5.15960693359375
ADC_V9=9.35455322265625
ADC_V12=11.505126953125
ADC_V28=27.7008056640625
THERMAL_SENS_OUT_1=27
THERMAL_SENS_OUT_2=-50
THERMAL_SENS_OUT_3=27
THERMAL_SENS_OUT_4=27
THERMAL_SENS_OUT_5=32
THERMAL_SENS_OUT_6=-50
THERMAL_SENS_INT_1=24
THERMAL_SENS_INT_2=31
PG_5=0
PG_9=0
PG_12=0
FLT_P2=0
FLT_P3=0
HEAT_1_TEMP=27
HEAT_1_DUTY=20
HEAT_2_TEMP=27
HEAT_2_DUTY=0
HEAT_3_TEMP=27
HEAT_3_DUTY=0
HEAT_4_TEMP=32
HEAT_4_DUTY=0

[20:52:04.969 EBOX]
TS=1786203015.867
V_SENSE5=1.18896484375
V_SENSE9=0.0341796875
V_SENSE12=0.126953125
ADC_V5=4.88525390625
ADC_V9=9.10675048828125
ADC_V12=11.6644287109375
ADC_V28=27.51495361328125
THERMAL_SENS_OUT_1=32
THERMAL_SENS_OUT_2=-50
THERMAL_SENS_OUT_3=25
THERMAL_SENS_OUT_4=27
THERMAL_SENS_OUT_5=29
THERMAL_SENS_OUT_6=-50
THERMAL_SENS_INT_1=24
THERMAL_SENS_INT_2=28
PG_5=0
PG_9=0
PG_12=0
FLT_P2=0
FLT_P3=0
HEAT_1_TEMP=32
HEAT_1_DUTY=0
HEAT_2_TEMP=25
HEAT_2_DUTY=0
HEAT_3_TEMP=27
HEAT_3_DUTY=20
HEAT_4_TEMP=29
HEAT_4_DUTY=0

[20:52:06.917 EBOX]
TS=1786203017.875
V_SENSE5=1.0986328125
V_SENSE9=0.0390625
V_SENSE12=0.13671875
ADC_V5=4.98260498046875
ADC_V9=9.5404052734375
ADC_V12=11.646728515625
ADC_V28=27.7716064453125
THERMAL_SENS_OUT_1=26
THERMAL_SENS_OUT_2=-50
THERMAL_SENS_OUT_3=27
THERMAL_SENS_OUT_4=28
THERMAL_SENS_OUT_5=32
THERMAL_SENS_OUT_6=-50
THERMAL_SENS_INT_1=24
THERMAL_SENS_INT_2=28
PG_5=0
PG_9=0
PG_12=0
FLT_P2=0
FLT_P3=0
HEAT_1_TEMP=26
HEAT_1_DUTY=20
HEAT_2_TEMP=27
HEAT_2_DUTY=0
HEAT_3_TEMP=28
HEAT_3_DUTY=0
HEAT_4_TEMP=32
HEAT_4_DUTY=0

[20:52:08.968 EBOX]
TS=1786203019.877
V_SENSE5=1.09375
V_SENSE9=0.0390625
V_SENSE12=0.15380859375
ADC_V5=4.9029541015625
ADC_V9=9.1864013671875
ADC_V12=11.46087646484375
ADC_V28=27.6300048828125
THERMAL_SENS_OUT_1=30
THERMAL_SENS_OUT_2=-50
THERMAL_SENS_OUT_3=28
THERMAL_SENS_OUT_4=26
THERMAL_SENS_OUT_5=25
THERMAL_SENS_OUT_6=-50
THERMAL_SENS_INT_1=26
THERMAL_SENS_INT_2=31
PG_5=0
PG_9=0
PG_12=0
FLT_P2=0
FLT_P3=0
HEAT_1_TEMP=30
HEAT_1_DUTY=0
HEAT_2_TEMP=28
HEAT_2_DUTY=0
HEAT_3_TEMP=26
HEAT_3_DUTY=20
HEAT_4_TEMP=25
HEAT_4_DUTY=0

[20:52:10.931 EBOX]
TS=1786203021.883
V_SENSE5=1.03271484375
V_SENSE9=0.03662109375
V_SENSE12=0.126953125
ADC_V5=4.9029541015625
ADC_V9=9.19525146484375
ADC_V12=11.46087646484375
ADC_V28=28.06365966796875
THERMAL_SENS_OUT_1=27
THERMAL_SENS_OUT_2=-50
THERMAL_SENS_OUT_3=26
THERMAL_SENS_OUT_4=29
THERMAL_SENS_OUT_5=31
THERMAL_SENS_OUT_6=-50
THERMAL_SENS_INT_1=24
THERMAL_SENS_INT_2=27
PG_5=0
PG_9=0
PG_12=0
FLT_P2=0
FLT_P3=0
HEAT_1_TEMP=27
HEAT_1_DUTY=20
HEAT_2_TEMP=26
HEAT_2_DUTY=0
HEAT_3_TEMP=29
HEAT_3_DUTY=0
HEAT_4_TEMP=31
HEAT_4_DUTY=0

[20:52:12.997 EBOX]
TS=1786203023.874
V_SENSE5=1.1279296875
V_SENSE9=0.03662109375
V_SENSE12=0.13427734375
ADC_V5=4.920654296875
ADC_V9=9.4342041015625
ADC_V12=11.7352294921875
ADC_V28=27.58575439453125
THERMAL_SENS_OUT_1=31
THERMAL_SENS_OUT_2=-50
THERMAL_SENS_OUT_3=28
THERMAL_SENS_OUT_4=31
THERMAL_SENS_OUT_5=28
THERMAL_SENS_OUT_6=-50
THERMAL_SENS_INT_1=25
THERMAL_SENS_INT_2=30
PG_5=0
PG_9=0
PG_12=0
FLT_P2=0
FLT_P3=0
HEAT_1_TEMP=31
HEAT_1_DUTY=0
HEAT_2_TEMP=28
HEAT_2_DUTY=0
HEAT_3_TEMP=31
HEAT_3_DUTY=20
HEAT_4_TEMP=28
HEAT_4_DUTY=0

[20:52:14.958 EBOX]
TS=1786203025.885
V_SENSE5=1.10107421875
V_SENSE9=0.04150390625
V_SENSE12=0.11962890625
ADC_V5=4.98260498046875
ADC_V9=8.779296875
ADC_V12=11.9122314453125
ADC_V28=27.9486083984375
THERMAL_SENS_OUT_1=33
THERMAL_SENS_OUT_2=-50
THERMAL_SENS_OUT_3=26
THERMAL_SENS_OUT_4=27
THERMAL_SENS_OUT_5=27
THERMAL_SENS_OUT_6=-50
THERMAL_SENS_INT_1=25
THERMAL_SENS_INT_2=29
PG_5=0
PG_9=0
PG_12=0
FLT_P2=0
FLT_P3=0
HEAT_1_TEMP=33
HEAT_1_DUTY=20
HEAT_2_TEMP=26
HEAT_2_DUTY=0
HEAT_3_TEMP=27
HEAT_3_DUTY=0
HEAT_4_TEMP=27
HEAT_4_DUTY=0

[20:52:17.015 EBOX]
TS=1786203027.884
V_SENSE5=1.08154296875
V_SENSE9=0.0390625
V_SENSE12=0.1171875
ADC_V5=4.920654296875
ADC_V9=9.35455322265625
ADC_V12=11.69097900390625
ADC_V28=27.53265380859375
THERMAL_SENS_OUT_1=29
THERMAL_SENS_OUT_2=-50
THERMAL_SENS_OUT_3=28
THERMAL_SENS_OUT_4=25
THERMAL_SENS_OUT_5=30
THERMAL_SENS_OUT_6=-50
THERMAL_SENS_INT_1=26
THERMAL_SENS_INT_2=30
PG_5=0
PG_9=0
PG_12=0
FLT_P2=0
FLT_P3=0
HEAT_1_TEMP=29
HEAT_1_DUTY=0
HEAT_2_TEMP=28
HEAT_2_DUTY=0
HEAT_3_TEMP=25
HEAT_3_DUTY=20
HEAT_4_TEMP=30
HEAT_4_DUTY=0

[20:52:18.979 EBOX]
TS=1786203029.887
V_SENSE5=1.06689453125
V_SENSE9=0.0341796875
V_SENSE12=0.19287109375
ADC_V5=4.9737548828125
ADC_V9=8.80584716796875
ADC_V12=11.505126953125
ADC_V28=28.001708984375
THERMAL_SENS_OUT_1=27
THERMAL_SENS_OUT_2=-50
THERMAL_SENS_OUT_3=26
THERMAL_SENS_OUT_4=30
THERMAL_SENS_OUT_5=28
THERMAL_SENS_OUT_6=-50
THERMAL_SENS_INT_1=29
THERMAL_SENS_INT_2=33
PG_5=0
PG_9=0
PG_12=0
FLT_P2=0
FLT_P3=0
HEAT_1_TEMP=27
HEAT_1_DUTY=20
HEAT_2_TEMP=26
HEAT_2_DUTY=0
HEAT_3_TEMP=30
HEAT_3_DUTY=0
HEAT_4_TEMP=28
HEAT_4_DUTY=0

[20:52:20.931 EBOX]
TS=1786203031.881
V_SENSE5=1.13037109375
V_SENSE9=0.0390625
V_SENSE12=0.15380859375
ADC_V5=4.82330322265625
ADC_V9=9.07135009765625
ADC_V12=11.505126953125
ADC_V28=27.0635986328125
THERMAL_SENS_OUT_1=26
THERMAL_SENS_OUT_2=-50
THERMAL_SENS_OUT_3=32
THERMAL_SENS_OUT_4=27
THERMAL_SENS_OUT_5=30
THERMAL_SENS_OUT_6=-50
THERMAL_SENS_INT_1=25
THERMAL_SENS_INT_2=29
PG_5=0
PG_9=0
PG_12=0
FLT_P2=0
FLT_P3=0
HEAT_1_TEMP=26
HEAT_1_DUTY=0
HEAT_2_TEMP=32
HEAT_2_DUTY=0
HEAT_3_TEMP=27
HEAT_3_DUTY=20
HEAT_4_TEMP=30
HEAT_4_DUTY=0

[20:52:22.986 EBOX]
TS=1786203033.891
V_SENSE5=1.12548828125
V_SENSE9=0.0341796875
V_SENSE12=0.1171875
ADC_V5=4.9737548828125
ADC_V9=8.885498046875
ADC_V12=11.53167724609375
ADC_V28=28.037109375
THERMAL_SENS_OUT_1=26
THERMAL_SENS_OUT_2=-50
THERMAL_SENS_OUT_3=27
THERMAL_SENS_OUT_4=32
THERMAL_SENS_OUT_5=28
THERMAL_SENS_OUT_6=-50
THERMAL_SENS_INT_1=25
THERMAL_SENS_INT_2=32
PG_5=0
PG_9=0
PG_12=0
FLT_P2=0
FLT_P3=0
HEAT_1_TEMP=26
HEAT_1_DUTY=20
HEAT_2_TEMP=27
HEAT_2_DUTY=0
HEAT_3_TEMP=32
HEAT_3_DUTY=0
HEAT_4_TEMP=28
HEAT_4_DUTY=0

[20:52:25.055 EBOX]
TS=1786203035.885
V_SENSE5=1.1279296875
V_SENSE9=0.0390625
V_SENSE12=0.12939453125
ADC_V5=4.82330322265625
ADC_V9=9.23065185546875
ADC_V12=11.76177978515625
ADC_V28=28.11676025390625
THERMAL_SENS_OUT_1=28
THERMAL_SENS_OUT_2=-50
THERMAL_SENS_OUT_3=31
THERMAL_SENS_OUT_4=27
THERMAL_SENS_OUT_5=32
THERMAL_SENS_OUT_6=-50
THERMAL_SENS_INT_1=27
THERMAL_SENS_INT_2=32
PG_5=0
PG_9=0
PG_12=0
FLT_P2=0
FLT_P3=0
HEAT_1_TEMP=28
HEAT_1_DUTY=0
HEAT_2_TEMP=31
HEAT_2_DUTY=0
HEAT_3_TEMP=27
HEAT_3_DUTY=20
HEAT_4_TEMP=32
HEAT_4_DUTY=0

[20:52:27.037 EBOX]
TS=1786203037.894
V_SENSE5=1.05712890625
V_SENSE9=0.04150390625
V_SENSE12=0.1123046875
ADC_V5=4.88525390625
ADC_V9=9.0625
ADC_V12=11.49627685546875
ADC_V28=27.435302734375
THERMAL_SENS_OUT_1=26
THERMAL_SENS_OUT_2=-50
THERMAL_SENS_OUT_3=27
THERMAL_SENS_OUT_4=32
THERMAL_SENS_OUT_5=28
THERMAL_SENS_OUT_6=-50
THERMAL_SENS_INT_1=23
THERMAL_SENS_INT_2=29
PG_5=0
PG_9=0
PG_12=0
FLT_P2=0
FLT_P3=0
HEAT_1_TEMP=26
HEAT_1_DUTY=20
HEAT_2_TEMP=27
HEAT_2_DUTY=0
HEAT_3_TEMP=32
HEAT_3_DUTY=0
HEAT_4_TEMP=28
HEAT_4_DUTY=0

[20:52:28.994 EBOX]
TS=1786203040.501
V_SENSE5=1.0693359375
V_SENSE9=0.0390625
V_SENSE12=0.1513671875
ADC_V5=4.9737548828125
ADC_V9=9.168701171875
ADC_V12=11.4874267578125
ADC_V28=27.5238037109375
THERMAL_SENS_OUT_1=33
THERMAL_SENS_OUT_2=-50
THERMAL_SENS_OUT_3=32
THERMAL_SENS_OUT_4=27
THERMAL_SENS_OUT_5=27
THERMAL_SENS_OUT_6=-50
THERMAL_SENS_INT_1=31
THERMAL_SENS_INT_2=27
PG_5=0
PG_9=0
PG_12=0
FLT_P2=0
FLT_P3=0
HEAT_1_TEMP=33
HEAT_1_DUTY=0
HEAT_2_TEMP=32
HEAT_2_DUTY=0
HEAT_3_TEMP=27
HEAT_3_DUTY=20
HEAT_4_TEMP=27
HEAT_4_DUTY=0

[20:52:29.542 EBOX]
TS=1786203040.999
V_SENSE5=1.0546875
V_SENSE9=0.03662109375
V_SENSE12=0.13916015625
ADC_V5=4.87640380859375
ADC_V9=9.1510009765625
ADC_V12=11.68212890625
ADC_V28=28.1610107421875
THERMAL_SENS_OUT_1=31
THERMAL_SENS_OUT_2=-50
THERMAL_SENS_OUT_3=26
THERMAL_SENS_OUT_4=32
THERMAL_SENS_OUT_5=30
THERMAL_SENS_OUT_6=-50
THERMAL_SENS_INT_1=30
THERMAL_SENS_INT_2=28
PG_5=0
PG_9=0
PG_12=0
FLT_P2=0
FLT_P3=0
HEAT_1_TEMP=31
HEAT_1_DUTY=0
HEAT_2_TEMP=26
HEAT_2_DUTY=0
HEAT_3_TEMP=32
HEAT_3_DUTY=20
HEAT_4_TEMP=30
HEAT_4_DUTY=0

[20:52:29.989 EBOX]
TS=1786203041.500
V_SENSE5=1.083984375
V_SENSE9=0.0390625
V_SENSE12=0.1318359375
ADC_V5=5.0091552734375
ADC_V9=9.00054931640625
ADC_V12=11.67327880859375
ADC_V28=27.79815673828125
THERMAL_SENS_OUT_1=27
THERMAL_SENS_OUT_2=-50
THERMAL_SENS_OUT_3=32
THERMAL_SENS_OUT_4=27
THERMAL_SENS_OUT_5=28
THERMAL_SENS_OUT_6=-50
THERMAL_SENS_INT_1=24
THERMAL_SENS_INT_2=29
PG_5=0
PG_9=0
PG_12=0
FLT_P2=0
FLT_P3=0
HEAT_1_TEMP=27
HEAT_1_DUTY=0
HEAT_2_TEMP=32
HEAT_2_DUTY=0
HEAT_3_TEMP=27
HEAT_3_DUTY=0
HEAT_4_TEMP=28
HEAT_4_DUTY=20

[20:52:30.532 EBOX]
TS=1786203041.994
V_SENSE5=1.18896484375
V_SENSE9=0.05615234375
V_SENSE12=0.12939453125
ADC_V5=4.8321533203125
ADC_V9=9.3280029296875
ADC_V12=11.63787841796875
ADC_V28=27.7008056640625
THERMAL_SENS_OUT_1=26
THERMAL_SENS_OUT_2=-50
THERMAL_SENS_OUT_3=30
THERMAL_SENS_OUT_4=27
THERMAL_SENS_OUT_5=32
THERMAL_SENS_OUT_6=-50
THERMAL_SENS_INT_1=26
THERMAL_SENS_INT_2=29
PG_5=0
PG_9=0
PG_12=0
FLT_P2=0
FLT_P3=0
HEAT_1_TEMP=26
HEAT_1_DUTY=0
HEAT_2_TEMP=30
HEAT_2_DUTY=0
HEAT_3_TEMP=27
HEAT_3_DUTY=0
HEAT_4_TEMP=32
HEAT_4_DUTY=20

[20:52:30.971 EBOX]
TS=1786203042.496
V_SENSE5=1.20361328125
V_SENSE9=0.0390625
V_SENSE12=0.13671875
ADC_V5=4.8675537109375
ADC_V9=9.522705078125
ADC_V12=11.65557861328125
ADC_V28=28.1256103515625
THERMAL_SENS_OUT_1=29
THERMAL_SENS_OUT_2=-50
THERMAL_SENS_OUT_3=26
THERMAL_SENS_OUT_4=32
THERMAL_SENS_OUT_5=29
THERMAL_SENS_OUT_6=-50
THERMAL_SENS_INT_1=28
THERMAL_SENS_INT_2=27
PG_5=0
PG_9=0
PG_12=0
FLT_P2=0
FLT_P3=0
HEAT_1_TEMP=29
HEAT_1_DUTY=20
HEAT_2_TEMP=26
HEAT_2_DUTY=0
HEAT_3_TEMP=32
HEAT_3_DUTY=0
HEAT_4_TEMP=29
HEAT_4_DUTY=0

[20:52:31.521 EBOX]
TS=1786203042.996
V_SENSE5=1.18408203125
V_SENSE9=0.0341796875
V_SENSE12=0.1171875
ADC_V5=4.9029541015625
ADC_V9=8.99169921875
ADC_V12=11.85028076171875
ADC_V28=26.97509765625
THERMAL_SENS_OUT_1=29
THERMAL_SENS_OUT_2=-50
THERMAL_SENS_OUT_3=27
THERMAL_SENS_OUT_4=28
THERMAL_SENS_OUT_5=29
THERMAL_SENS_OUT_6=-50
THERMAL_SENS_INT_1=23
THERMAL_SENS_INT_2=28
PG_5=0
PG_9=0
PG_12=0
FLT_P2=0
FLT_P3=0
HEAT_1_TEMP=29
HEAT_1_DUTY=20
HEAT_2_TEMP=27
HEAT_2_DUTY=0
HEAT_3_TEMP=28
HEAT_3_DUTY=0
HEAT_4_TEMP=29
HEAT_4_DUTY=0

[20:52:31.965 EBOX]
TS=1786203043.497
V_SENSE5=1.1572265625
V_SENSE9=0.0341796875
V_SENSE12=0.146484375
ADC_V5=5.08880615234375
ADC_V9=9.24835205078125
ADC_V12=11.95648193359375
ADC_V28=27.92205810546875
THERMAL_SENS_OUT_1=30
THERMAL_SENS_OUT_2=-50
THERMAL_SENS_OUT_3=29
THERMAL_SENS_OUT_4=26
THERMAL_SENS_OUT_5=31
THERMAL_SENS_OUT_6=-50
THERMAL_SENS_INT_1=30
THERMAL_SENS_INT_2=29
PG_5=0
PG_9=0
PG_12=0
FLT_P2=0
FLT_P3=0
HEAT_1_TEMP=30
HEAT_1_DUTY=0
HEAT_2_TEMP=29
HEAT_2_DUTY=20
HEAT_3_TEMP=26
HEAT_3_DUTY=0
HEAT_4_TEMP=31
HEAT_4_DUTY=0

[20:52:32.502 EBOX]
TS=1786203044.005
V_SENSE5=1.02783203125
V_SENSE9=0.0390625
V_SENSE12=0.126953125
ADC_V5=4.814453125
ADC_V9=8.9739990234375
ADC_V12=11.93878173828125
ADC_V28=27.860107421875
THERMAL_SENS_OUT_1=33
THERMAL_SENS_OUT_2=-50
THERMAL_SENS_OUT_3=27
THERMAL_SENS_OUT_4=31
THERMAL_SENS_OUT_5=30
THERMAL_SENS_OUT_6=-50
THERMAL_SENS_INT_1=25
THERMAL_SENS_INT_2=29
PG_5=0
PG_9=0
PG_12=0
FLT_P2=0
FLT_P3=0
HEAT_1_TEMP=33
HEAT_1_DUTY=0
HEAT_2_TEMP=27
HEAT_2_DUTY=20
HEAT_3_TEMP=31
HEAT_3_DUTY=0
HEAT_4_TEMP=30
HEAT_4_DUTY=0

[20:52:33.039 EBOX]
TS=1786203044.507
V_SENSE5=1.083984375
V_SENSE9=0.03662109375
V_SENSE12=0.15380859375
ADC_V5=4.96490478515625
ADC_V9=9.3634033203125
ADC_V12=11.77947998046875
ADC_V28=27.74505615234375
THERMAL_SENS_OUT_1=27
THERMAL_SENS_OUT_2=-50
THERMAL_SENS_OUT_3=29
THERMAL_SENS_OUT_4=29
THERMAL_SENS_OUT_5=27
THERMAL_SENS_OUT_6=-50
THERMAL_SENS_INT_1=24
THERMAL_SENS_INT_2=28
PG_5=0
PG_9=0
PG_12=0
FLT_P2=0
FLT_P3=0
HEAT_1_TEMP=27
HEAT_1_DUTY=0
HEAT_2_TEMP=29
HEAT_2_DUTY=0
HEAT_3_TEMP=29
HEAT_3_DUTY=20
HEAT_4_TEMP=27
HEAT_4_DUTY=0

[20:52:33.480 EBOX]
TS=1786203045.001
V_SENSE5=1.15478515625
V_SENSE9=0.0341796875
V_SENSE12=0.13671875
ADC_V5=4.88525390625
ADC_V9=9.33685302734375
ADC_V12=11.5936279296875
ADC_V28=27.95745849609375
THERMAL_SENS_OUT_1=31
THERMAL_SENS_OUT_2=-50
THERMAL_SENS_OUT_3=31
THERMAL_SENS_OUT_4=29
THERMAL_SENS_OUT_5=27
THERMAL_SENS_OUT_6=-50
THERMAL_SENS_INT_1=30
THERMAL_SENS_INT_2=28
PG_5=0
PG_9=0
PG_12=0
FLT_P2=0
FLT_P3=0
HEAT_1_TEMP=31
HEAT_1_DUTY=0
HEAT_2_TEMP=31
HEAT_2_DUTY=0
HEAT_3_TEMP=29
HEAT_3_DUTY=20
HEAT_4_TEMP=27
HEAT_4_DUTY=0

[20:52:34.017 EBOX]
TS=1786203045.502
V_SENSE5=1.1474609375
V_SENSE9=0.03662109375
V_SENSE12=0.146484375
ADC_V5=4.849853515625
ADC_V9=9.2041015625
ADC_V12=11.6998291015625
ADC_V28=28.08135986328125
THERMAL_SENS_OUT_1=30
THERMAL_SENS_OUT_2=-50
THERMAL_SENS_OUT_3=30
THERMAL_SENS_OUT_4=27
THERMAL_SENS_OUT_5=32
THERMAL_SENS_OUT_6=-50
THERMAL_SENS_INT_1=30
THERMAL_SENS_INT_2=29
PG_5=0
PG_9=0
PG_12=0
FLT_P2=0
FLT_P3=0
HEAT_1_TEMP=30
HEAT_1_DUTY=0
HEAT_2_TEMP=30
HEAT_2_DUTY=0
HEAT_3_TEMP=27
HEAT_3_DUTY=0
HEAT_4_TEMP=32
HEAT_4_DUTY=20

[20:52:34.554 EBOX]
TS=1786203046.003
V_SENSE5=1.1181640625
V_SENSE9=0.0341796875
V_SENSE12=0.1025390625
ADC_V5=4.85870361328125
ADC_V9=8.94744873046875
ADC_V12=11.46087646484375
ADC_V28=27.60345458984375
THERMAL_SENS_OUT_1=28
THERMAL_SENS_OUT_2=-50
THERMAL_SENS_OUT_3=29
THERMAL_SENS_OUT_4=26
THERMAL_SENS_OUT_5=32
THERMAL_SENS_OUT_6=-50
THERMAL_SENS_INT_1=27
THERMAL_SENS_INT_2=26
PG_5=0
PG_9=0
PG_12=0
FLT_P2=0
FLT_P3=0
HEAT_1_TEMP=28
HEAT_1_DUTY=0
HEAT_2_TEMP=29
HEAT_2_DUTY=0
HEAT_3_TEMP=26
HEAT_3_DUTY=0
HEAT_4_TEMP=32
HEAT_4_DUTY=20

[20:52:34.995 EBOX]
TS=1786203046.504
V_SENSE5=1.1279296875
V_SENSE9=0.0390625
V_SENSE12=0.15380859375
ADC_V5=4.9029541015625
ADC_V9=9.33685302734375
ADC_V12=11.7529296875
ADC_V28=27.930908203125
THERMAL_SENS_OUT_1=27
THERMAL_SENS_OUT_2=-50
THERMAL_SENS_OUT_3=25
THERMAL_SENS_OUT_4=30
THERMAL_SENS_OUT_5=27
THERMAL_SENS_OUT_6=-50
THERMAL_SENS_INT_1=29
THERMAL_SENS_INT_2=27
PG_5=0
PG_9=0
PG_12=0
FLT_P2=0
FLT_P3=0
HEAT_1_TEMP=27
HEAT_1_DUTY=20
HEAT_2_TEMP=25
HEAT_2_DUTY=0
HEAT_3_TEMP=30
HEAT_3_DUTY=0
HEAT_4_TEMP=27
HEAT_4_DUTY=0

[20:52:35.542 EBOX]
TS=1786203047.005
V_SENSE5=1.13525390625
V_SENSE9=0.0390625
V_SENSE12=0.13427734375
ADC_V5=4.991455078125
ADC_V9=9.027099609375
ADC_V12=11.54937744140625
ADC_V28=27.7716064453125
THERMAL_SENS_OUT_1=28
THERMAL_SENS_OUT_2=-50
THERMAL_SENS_OUT_3=28
THERMAL_SENS_OUT_4=26
THERMAL_SENS_OUT_5=28
THERMAL_SENS_OUT_6=-50
THERMAL_SENS_INT_1=29
THERMAL_SENS_INT_2=27
PG_5=0
PG_9=0
PG_12=0
FLT_P2=0
FLT_P3=0
HEAT_1_TEMP=28
HEAT_1_DUTY=20
HEAT_2_TEMP=28
HEAT_2_DUTY=0
HEAT_3_TEMP=26
HEAT_3_DUTY=0
HEAT_4_TEMP=28
HEAT_4_DUTY=0

[20:52:35.977 EBOX]
TS=1786203047.506
V_SENSE5=1.11328125
V_SENSE9=0.09521484375
V_SENSE12=0.12939453125
ADC_V5=4.8675537109375
ADC_V9=9.2218017578125
ADC_V12=11.4520263671875
ADC_V28=27.54150390625
THERMAL_SENS_OUT_1=26
THERMAL_SENS_OUT_2=-50
THERMAL_SENS_OUT_3=25
THERMAL_SENS_OUT_4=28
THERMAL_SENS_OUT_5=30
THERMAL_SENS_OUT_6=-50
THERMAL_SENS_INT_1=26
THERMAL_SENS_INT_2=27
PG_5=0
PG_9=0
PG_12=0
FLT_P2=0
FLT_P3=0
HEAT_1_TEMP=26
HEAT_1_DUTY=0
HEAT_2_TEMP=25
HEAT_2_DUTY=20
HEAT_3_TEMP=28
HEAT_3_DUTY=0
HEAT_4_TEMP=30
HEAT_4_DUTY=0

[20:52:36.520 EBOX]
TS=1786203048.007
V_SENSE5=0.859375
V_SENSE9=3.0224609375
V_SENSE12=0.11474609375
ADC_V5=4.96490478515625
ADC_V9=9.13330078125
ADC_V12=11.7529296875
ADC_V28=27.85125732421875
THERMAL_SENS_OUT_1=30
THERMAL_SENS_OUT_2=-50
THERMAL_SENS_OUT_3=29
THERMAL_SENS_OUT_4=26
THERMAL_SENS_OUT_5=32
THERMAL_SENS_OUT_6=-50
THERMAL_SENS_INT_1=27
THERMAL_SENS_INT_2=25
PG_5=0
PG_9=0
PG_12=0
FLT_P2=0
FLT_P3=0
HEAT_1_TEMP=30
HEAT_1_DUTY=0
HEAT_2_TEMP=29
HEAT_2_DUTY=0
HEAT_3_TEMP=26
HEAT_3_DUTY=20
HEAT_4_TEMP=32
HEAT_4_DUTY=0

[20:52:37.062 EBOX]
TS=1786203048.508
V_SENSE5=1.23046875
V_SENSE9=0.0390625
V_SENSE12=0.12451171875
ADC_V5=4.85870361328125
ADC_V9=9.23065185546875
ADC_V12=11.76177978515625
ADC_V28=27.5946044921875
THERMAL_SENS_OUT_1=25
THERMAL_SENS_OUT_2=-50
THERMAL_SENS_OUT_3=28
THERMAL_SENS_OUT_4=26
THERMAL_SENS_OUT_5=30
THERMAL_SENS_OUT_6=-50
THERMAL_SENS_INT_1=26
THERMAL_SENS_INT_2=29
PG_5=0
PG_9=0
PG_12=0
FLT_P2=0
FLT_P3=0
HEAT_1_TEMP=25
HEAT_1_DUTY=0
HEAT_2_TEMP=28
HEAT_2_DUTY=0
HEAT_3_TEMP=26
HEAT_3_DUTY=20
HEAT_4_TEMP=30
HEAT_4_DUTY=0

[20:52:37.498 EBOX]
TS=1786203049.019
V_SENSE5=1.37451171875
V_SENSE9=2.65380859375
V_SENSE12=0.21484375
ADC_V5=4.814453125
ADC_V9=9.49615478515625
ADC_V12=11.9122314453125
ADC_V28=26.93084716796875
THERMAL_SENS_OUT_1=29
THERMAL_SENS_OUT_2=-50
THERMAL_SENS_OUT_3=28
THERMAL_SENS_OUT_4=30
THERMAL_SENS_OUT_5=33
THERMAL_SENS_OUT_6=-50
THERMAL_SENS_INT_1=29
THERMAL_SENS_INT_2=32
PG_5=0
PG_9=0
PG_12=0
FLT_P2=0
FLT_P3=0
HEAT_1_TEMP=29
HEAT_1_DUTY=0
HEAT_2_TEMP=28
HEAT_2_DUTY=0
HEAT_3_TEMP=30
HEAT_3_DUTY=0
HEAT_4_TEMP=33
HEAT_4_DUTY=20

[20:52:38.035 EBOX]
TS=1786203049.519
V_SENSE5=1.11572265625
V_SENSE9=0.0390625
V_SENSE12=0.15625
ADC_V5=4.849853515625
ADC_V9=9.4873046875
ADC_V12=11.9476318359375
ADC_V28=27.74505615234375
THERMAL_SENS_OUT_1=32
THERMAL_SENS_OUT_2=-50
THERMAL_SENS_OUT_3=29
THERMAL_SENS_OUT_4=27
THERMAL_SENS_OUT_5=27
THERMAL_SENS_OUT_6=-50
THERMAL_SENS_INT_1=25
THERMAL_SENS_INT_2=33
PG_5=0
PG_9=0
PG_12=0
FLT_P2=0
FLT_P3=0
HEAT_1_TEMP=32
HEAT_1_DUTY=0
HEAT_2_TEMP=29
HEAT_2_DUTY=0
HEAT_3_TEMP=27
HEAT_3_DUTY=0
HEAT_4_TEMP=27
HEAT_4_DUTY=20

[20:52:38.489 EBOX]
TS=1786203050.019
V_SENSE5=0.87646484375
V_SENSE9=1.3330078125
V_SENSE12=0.0537109375
ADC_V5=4.8675537109375
ADC_V9=9.37225341796875
ADC_V12=11.89453125
ADC_V28=27.8955078125
THERMAL_SENS_OUT_1=17
THERMAL_SENS_OUT_2=-50
THERMAL_SENS_OUT_3=26
THERMAL_SENS_OUT_4=27
THERMAL_SENS_OUT_5=29
THERMAL_SENS_OUT_6=-50
THERMAL_SENS_INT_1=30
THERMAL_SENS_INT_2=29
PG_5=0
PG_9=0
PG_12=0
FLT_P2=0
FLT_P3=0
HEAT_1_TEMP=17
HEAT_1_DUTY=20
HEAT_2_TEMP=26
HEAT_2_DUTY=0
HEAT_3_TEMP=27
HEAT_3_DUTY=0
HEAT_4_TEMP=29
HEAT_4_DUTY=0

[20:52:39.028 EBOX]
TS=1786203050.522
V_SENSE5=1.07421875
V_SENSE9=0.10498046875
V_SENSE12=0.12451171875
ADC_V5=4.991455078125
ADC_V9=9.3280029296875
ADC_V12=11.929931640625
ADC_V28=27.42645263671875
THERMAL_SENS_OUT_1=26
THERMAL_SENS_OUT_2=-50
THERMAL_SENS_OUT_3=27
THERMAL_SENS_OUT_4=27
THERMAL_SENS_OUT_5=32
THERMAL_SENS_OUT_6=-50
THERMAL_SENS_INT_1=25
THERMAL_SENS_INT_2=25
PG_5=0
PG_9=0
PG_12=0
FLT_P2=0
FLT_P3=0
HEAT_1_TEMP=26
HEAT_1_DUTY=20
HEAT_2_TEMP=27
HEAT_2_DUTY=0
HEAT_3_TEMP=27
HEAT_3_DUTY=0
HEAT_4_TEMP=32
HEAT_4_DUTY=0

[20:52:39.569 EBOX]
TS=1786203051.017
V_SENSE5=0.7177734375
V_SENSE9=1.728515625
V_SENSE12=0.1513671875
ADC_V5=4.96490478515625
ADC_V9=9.239501953125
ADC_V12=11.575927734375
ADC_V28=27.74505615234375
THERMAL_SENS_OUT_1=30
THERMAL_SENS_OUT_2=-50
THERMAL_SENS_OUT_3=30
THERMAL_SENS_OUT_4=26
THERMAL_SENS_OUT_5=31
THERMAL_SENS_OUT_6=-50
THERMAL_SENS_INT_1=27
THERMAL_SENS_INT_2=26
PG_5=0
PG_9=0
PG_12=0
FLT_P2=0
FLT_P3=0
HEAT_1_TEMP=30
HEAT_1_DUTY=0
HEAT_2_TEMP=30
HEAT_2_DUTY=20
HEAT_3_TEMP=26
HEAT_3_DUTY=0
HEAT_4_TEMP=31
HEAT_4_DUTY=0

[20:52:40.006 EBOX]
TS=1786203051.518
V_SENSE5=1.11572265625
V_SENSE9=0.0390625
V_SENSE12=0.13916015625
ADC_V5=4.9383544921875
ADC_V9=9.2926025390625
ADC_V12=11.85028076171875
ADC_V28=26.87774658203125
THERMAL_SENS_OUT_1=28
THERMAL_SENS_OUT_2=-50
THERMAL_SENS_OUT_3=27
THERMAL_SENS_OUT_4=32
THERMAL_SENS_OUT_5=28
THERMAL_SENS_OUT_6=-50
THERMAL_SENS_INT_1=26
THERMAL_SENS_INT_2=31
PG_5=0
PG_9=0
PG_12=0
FLT_P2=0
FLT_P3=0
HEAT_1_TEMP=28
HEAT_1_DUTY=0
HEAT_2_TEMP=27
HEAT_2_DUTY=20
HEAT_3_TEMP=32
HEAT_3_DUTY=0
HEAT_4_TEMP=28
HEAT_4_DUTY=0

[20:52:40.545 EBOX]
TS=1786203052.019
V_SENSE5=0.673828125
V_SENSE9=1.552734375
V_SENSE12=0.0927734375
ADC_V5=4.8675537109375
ADC_V9=9.1864013671875
ADC_V12=11.8414306640625
ADC_V28=26.82464599609375
THERMAL_SENS_OUT_1=28
THERMAL_SENS_OUT_2=-50
THERMAL_SENS_OUT_3=29
THERMAL_SENS_OUT_4=29
THERMAL_SENS_OUT_5=30
THERMAL_SENS_OUT_6=-50
THERMAL_SENS_INT_1=27
THERMAL_SENS_INT_2=29
PG_5=0
PG_9=0
PG_12=0
FLT_P2=0
FLT_P3=0
HEAT_1_TEMP=28
HEAT_1_DUTY=0
HEAT_2_TEMP=29
HEAT_2_DUTY=0
HEAT_3_TEMP=29
HEAT_3_DUTY=20
HEAT_4_TEMP=30
HEAT_4_DUTY=0

[20:52:41.000 EBOX]
TS=1786203052.520
V_SENSE5=1.22802734375
V_SENSE9=0.0390625
V_SENSE12=0.10986328125
ADC_V5=4.82330322265625
ADC_V9=9.30145263671875
ADC_V12=11.56707763671875
ADC_V28=27.2052001953125
THERMAL_SENS_OUT_1=32
THERMAL_SENS_OUT_2=-50
THERMAL_SENS_OUT_3=28
THERMAL_SENS_OUT_4=31
THERMAL_SENS_OUT_5=29
THERMAL_SENS_OUT_6=-50
THERMAL_SENS_INT_1=24
THERMAL_SENS_INT_2=28
PG_5=0
PG_9=0
PG_12=0
FLT_P2=0
FLT_P3=0
HEAT_1_TEMP=32
HEAT_1_DUTY=0
HEAT_2_TEMP=28
HEAT_2_DUTY=0
HEAT_3_TEMP=31
HEAT_3_DUTY=20
HEAT_4_TEMP=29
HEAT_4_DUTY=0

[20:52:41.544 EBOX]
TS=1786203053.034
V_SENSE5=0.6005859375
V_SENSE9=1.533203125
V_SENSE12=0.17578125
ADC_V5=5.0091552734375
ADC_V9=9.14215087890625
ADC_V12=11.929931640625
ADC_V28=26.7626953125
THERMAL_SENS_OUT_1=32
THERMAL_SENS_OUT_2=-50
THERMAL_SENS_OUT_3=26
THERMAL_SENS_OUT_4=26
THERMAL_SENS_OUT_5=33
THERMAL_SENS_OUT_6=-50
THERMAL_SENS_INT_1=30
THERMAL_SENS_INT_2=25
PG_5=0
PG_9=0
PG_12=0
FLT_P2=0
FLT_P3=0
HEAT_1_TEMP=32
HEAT_1_DUTY=0
HEAT_2_TEMP=26
HEAT_2_DUTY=0
HEAT_3_TEMP=26
HEAT_3_DUTY=0
HEAT_4_TEMP=33
HEAT_4_DUTY=20

[20:52:42.003 EBOX]
TS=1786203053.531
V_SENSE5=1.103515625
V_SENSE9=0.0341796875
V_SENSE12=0.13916015625
ADC_V5=4.8675537109375
ADC_V9=9.46075439453125
ADC_V12=11.88568115234375
ADC_V28=27.83355712890625
THERMAL_SENS_OUT_1=32
THERMAL_SENS_OUT_2=-50
THERMAL_SENS_OUT_3=27
THERMAL_SENS_OUT_4=32
THERMAL_SENS_OUT_5=31
THERMAL_SENS_OUT_6=-50
THERMAL_SENS_INT_1=26
THERMAL_SENS_INT_2=25
PG_5=0
PG_9=0
PG_12=0
FLT_P2=0
FLT_P3=0
HEAT_1_TEMP=32
HEAT_1_DUTY=0
HEAT_2_TEMP=27
HEAT_2_DUTY=0
HEAT_3_TEMP=32
HEAT_3_DUTY=0
HEAT_4_TEMP=31
HEAT_4_DUTY=20

[20:52:42.571 EBOX]
TS=1786203054.035
V_SENSE5=1.1474609375
V_SENSE9=2.81494140625
V_SENSE12=0.26123046875
ADC_V5=4.920654296875
ADC_V9=9.13330078125
ADC_V12=11.53167724609375
ADC_V28=27.58575439453125
THERMAL_SENS_OUT_1=34
THERMAL_SENS_OUT_2=-50
THERMAL_SENS_OUT_3=28
THERMAL_SENS_OUT_4=33
THERMAL_SENS_OUT_5=27
THERMAL_SENS_OUT_6=-50
THERMAL_SENS_INT_1=31
THERMAL_SENS_INT_2=29
PG_5=0
PG_9=0
PG_12=0
FLT_P2=0
FLT_P3=0
HEAT_1_TEMP=34
HEAT_1_DUTY=20
HEAT_2_TEMP=28
HEAT_2_DUTY=0
HEAT_3_TEMP=33
HEAT_3_DUTY=0
HEAT_4_TEMP=27
HEAT_4_DUTY=0

[20:52:43.010 EBOX]
TS=1786203054.534
V_SENSE5=1.04248046875
V_SENSE9=0.0390625
V_SENSE12=0.11962890625
ADC_V5=5.23040771484375
ADC_V9=8.77044677734375
ADC_V12=11.54937744140625
ADC_V28=27.5946044921875
THERMAL_SENS_OUT_1=26
THERMAL_SENS_OUT_2=-50
THERMAL_SENS_OUT_3=30
THERMAL_SENS_OUT_4=29
THERMAL_SENS_OUT_5=27
THERMAL_SENS_OUT_6=-50
THERMAL_SENS_INT_1=27
THERMAL_SENS_INT_2=30
PG_5=0
PG_9=0
PG_12=0
FLT_P2=0
FLT_P3=0
HEAT_1_TEMP=26
HEAT_1_DUTY=20
HEAT_2_TEMP=30
HEAT_2_DUTY=0
HEAT_3_TEMP=29
HEAT_3_DUTY=0
HEAT_4_TEMP=27
HEAT_4_DUTY=0

[20:52:43.547 EBOX]
TS=1786203055.038
V_SENSE5=0.85693359375
V_SENSE9=2.87841796875
V_SENSE12=0.07568359375
ADC_V5=4.9383544921875
ADC_V9=9.451904296875
ADC_V12=11.90338134765625
ADC_V28=27.5946044921875
THERMAL_SENS_OUT_1=28
THERMAL_SENS_OUT_2=-50
THERMAL_SENS_OUT_3=25
THERMAL_SENS_OUT_4=30
THERMAL_SENS_OUT_5=33
THERMAL_SENS_OUT_6=-50
THERMAL_SENS_INT_1=26
THERMAL_SENS_INT_2=29
PG_5=0
PG_9=0
PG_12=0
FLT_P2=0
FLT_P3=0
HEAT_1_TEMP=28
HEAT_1_DUTY=0
HEAT_2_TEMP=25
HEAT_2_DUTY=20
HEAT_3_TEMP=30
HEAT_3_DUTY=0
HEAT_4_TEMP=33
HEAT_4_DUTY=0

[20:52:43.986 EBOX]
TS=1786203055.531
V_SENSE5=1.14501953125
V_SENSE9=0.0341796875
V_SENSE12=0.14404296875
ADC_V5=4.94720458984375
ADC_V9=8.99169921875
ADC_V12=11.74407958984375
ADC_V28=27.10784912109375
THERMAL_SENS_OUT_1=27
THERMAL_SENS_OUT_2=-50
THERMAL_SENS_OUT_3=30
THERMAL_SENS_OUT_4=32
THERMAL_SENS_OUT_5=29
THERMAL_SENS_OUT_6=-50
THERMAL_SENS_INT_1=26
THERMAL_SENS_INT_2=30
PG_5=0
PG_9=0
PG_12=0
FLT_P2=0
FLT_P3=0
HEAT_1_TEMP=27
HEAT_1_DUTY=0
HEAT_2_TEMP=30
HEAT_2_DUTY=20
HEAT_3_TEMP=32
HEAT_3_DUTY=0
HEAT_4_TEMP=29
HEAT_4_DUTY=0

[20:52:44.527 EBOX]
TS=1786203056.032
V_SENSE5=0.72021484375
V_SENSE9=2.55615234375
V_SENSE12=0.03662109375
ADC_V5=5.0091552734375
ADC_V9=9.37225341796875
ADC_V12=11.86798095703125
ADC_V28=27.81585693359375
THERMAL_SENS_OUT_1=29
THERMAL_SENS_OUT_2=-50
THERMAL_SENS_OUT_3=26
THERMAL_SENS_OUT_4=28
THERMAL_SENS_OUT_5=27
THERMAL_SENS_OUT_6=-50
THERMAL_SENS_INT_1=28
THERMAL_SENS_INT_2=29
PG_5=0
PG_9=0
PG_12=0
FLT_P2=0
FLT_P3=0
HEAT_1_TEMP=29
HEAT_1_DUTY=0
HEAT_2_TEMP=26
HEAT_2_DUTY=0
HEAT_3_TEMP=28
HEAT_3_DUTY=20
HEAT_4_TEMP=27
HEAT_4_DUTY=0

[20:52:45.068 EBOX]
TS=1786203056.532
V_SENSE5=1.15234375
V_SENSE9=0.0390625
V_SENSE12=0.1171875
ADC_V5=5.01800537109375
ADC_V9=9.40765380859375
ADC_V12=11.60247802734375
ADC_V28=27.54150390625
THERMAL_SENS_OUT_1=29
THERMAL_SENS_OUT_2=-50
THERMAL_SENS_OUT_3=26
THERMAL_SENS_OUT_4=29
THERMAL_SENS_OUT_5=29
THERMAL_SENS_OUT_6=-50
THERMAL_SENS_INT_1=29
THERMAL_SENS_INT_2=26
PG_5=0
PG_9=0
PG_12=0
FLT_P2=0
FLT_P3=0
HEAT_1_TEMP=29
HEAT_1_DUTY=0
HEAT_2_TEMP=26
HEAT_2_DUTY=0
HEAT_3_TEMP=29
HEAT_3_DUTY=20
HEAT_4_TEMP=29
HEAT_4_DUTY=0

[20:52:45.526 EBOX]
TS=1786203057.033
V_SENSE5=0.70068359375
V_SENSE9=1.16455078125
V_SENSE12=0.04150390625
ADC_V5=4.849853515625
ADC_V9=9.38995361328125
ADC_V12=11.88568115234375
ADC_V28=27.6123046875
THERMAL_SENS_OUT_1=30
THERMAL_SENS_OUT_2=-50
THERMAL_SENS_OUT_3=25
THERMAL_SENS_OUT_4=26
THERMAL_SENS_OUT_5=27
THERMAL_SENS_OUT_6=-50
THERMAL_SENS_INT_1=30
THERMAL_SENS_INT_2=31
PG_5=0
PG_9=0
PG_12=0
FLT_P2=0
FLT_P3=0
HEAT_1_TEMP=30
HEAT_1_DUTY=0
HEAT_2_TEMP=25
HEAT_2_DUTY=0
HEAT_3_TEMP=26
HEAT_3_DUTY=0
HEAT_4_TEMP=27
HEAT_4_DUTY=20

[20:52:46.063 EBOX]
TS=1786203057.542
V_SENSE5=1.07421875
V_SENSE9=0.04638671875
V_SENSE12=0.13427734375
ADC_V5=4.9560546875
ADC_V9=9.08905029296875
ADC_V12=11.44317626953125
ADC_V28=27.44415283203125
THERMAL_SENS_OUT_1=25
THERMAL_SENS_OUT_2=-50
THERMAL_SENS_OUT_3=27
THERMAL_SENS_OUT_4=28
THERMAL_SENS_OUT_5=31
THERMAL_SENS_OUT_6=-50
THERMAL_SENS_INT_1=28
THERMAL_SENS_INT_2=26
PG_5=0
PG_9=0
PG_12=0
FLT_P2=0
FLT_P3=0
HEAT_1_TEMP=25
HEAT_1_DUTY=0
HEAT_2_TEMP=27
HEAT_2_DUTY=0
HEAT_3_TEMP=28
HEAT_3_DUTY=0
HEAT_4_TEMP=31
HEAT_4_DUTY=20

[20:52:46.526 EBOX]
TS=1786203058.044
V_SENSE5=0.56396484375
V_SENSE9=1.884765625
V_SENSE12=0.17822265625
ADC_V5=4.991455078125
ADC_V9=9.33685302734375
ADC_V12=11.8768310546875
ADC_V28=27.53265380859375
THERMAL_SENS_OUT_1=28
THERMAL_SENS_OUT_2=-50
THERMAL_SENS_OUT_3=28
THERMAL_SENS_OUT_4=33
THERMAL_SENS_OUT_5=28
THERMAL_SENS_OUT_6=-50
THERMAL_SENS_INT_1=26
THERMAL_SENS_INT_2=26
PG_5=0
PG_9=0
PG_12=0
FLT_P2=0
FLT_P3=0
HEAT_1_TEMP=28
HEAT_1_DUTY=20
HEAT_2_TEMP=28
HEAT_2_DUTY=0
HEAT_3_TEMP=33
HEAT_3_DUTY=0
HEAT_4_TEMP=28
HEAT_4_DUTY=0

[20:52:47.070 EBOX]
TS=1786203058.542
V_SENSE5=1.09130859375
V_SENSE9=0.0390625
V_SENSE12=0.12451171875
ADC_V5=5.0091552734375
ADC_V9=9.2041015625
ADC_V12=11.74407958984375
ADC_V28=27.65655517578125
THERMAL_SENS_OUT_1=26
THERMAL_SENS_OUT_2=-50
THERMAL_SENS_OUT_3=26
THERMAL_SENS_OUT_4=27
THERMAL_SENS_OUT_5=27
THERMAL_SENS_OUT_6=-50
THERMAL_SENS_INT_1=25
THERMAL_SENS_INT_2=26
PG_5=0
PG_9=0
PG_12=0
FLT_P2=0
FLT_P3=0
HEAT_1_TEMP=26
HEAT_1_DUTY=20
HEAT_2_TEMP=26
HEAT_2_DUTY=0
HEAT_3_TEMP=27
HEAT_3_DUTY=0
HEAT_4_TEMP=27
HEAT_4_DUTY=0

[20:52:47.509 EBOX]
TS=1786203059.045
V_SENSE5=0.703125
V_SENSE9=1.34033203125
V_SENSE12=0.263671875
ADC_V5=4.98260498046875
ADC_V9=9.26605224609375
ADC_V12=11.5228271484375
ADC_V28=27.47955322265625
THERMAL_SENS_OUT_1=25
THERMAL_SENS_OUT_2=-50
THERMAL_SENS_OUT_3=29
THERMAL_SENS_OUT_4=26
THERMAL_SENS_OUT_5=31
THERMAL_SENS_OUT_6=-50
THERMAL_SENS_INT_1=24
THERMAL_SENS_INT_2=30
PG_5=0
PG_9=0
PG_12=0
FLT_P2=0
FLT_P3=0
HEAT_1_TEMP=25
HEAT_1_DUTY=0
HEAT_2_TEMP=29
HEAT_2_DUTY=20
HEAT_3_TEMP=26
HEAT_3_DUTY=0
HEAT_4_TEMP=31
HEAT_4_DUTY=0

[20:52:48.047 EBOX]
TS=1786203059.542
V_SENSE5=1.15478515625
V_SENSE9=0.0390625
V_SENSE12=0.107421875
ADC_V5=5.01800537109375
ADC_V9=9.5404052734375
ADC_V12=11.89453125
ADC_V28=27.718505859375
THERMAL_SENS_OUT_1=31
THERMAL_SENS_OUT_2=-50
THERMAL_SENS_OUT_3=30
THERMAL_SENS_OUT_4=26
THERMAL_SENS_OUT_5=28
THERMAL_SENS_OUT_6=-50
THERMAL_SENS_INT_1=28
THERMAL_SENS_INT_2=27
PG_5=0
PG_9=0
PG_12=0
FLT_P2=0
FLT_P3=0
HEAT_1_TEMP=31
HEAT_1_DUTY=0
HEAT_2_TEMP=30
HEAT_2_DUTY=20
HEAT_3_TEMP=26
HEAT_3_DUTY=0
HEAT_4_TEMP=28
HEAT_4_DUTY=0

[20:52:48.592 EBOX]
TS=1786203060.042
V_SENSE5=0.712890625
V_SENSE9=3.02734375
V_SENSE12=0.1171875
ADC_V5=4.92950439453125
ADC_V9=9.12445068359375
ADC_V12=11.89453125
ADC_V28=27.152099609375
THERMAL_SENS_OUT_1=26
THERMAL_SENS_OUT_2=-50
THERMAL_SENS_OUT_3=28
THERMAL_SENS_OUT_4=26
THERMAL_SENS_OUT_5=29
THERMAL_SENS_OUT_6=-50
THERMAL_SENS_INT_1=26
THERMAL_SENS_INT_2=30
PG_5=0
PG_9=0
PG_12=0
FLT_P2=0
FLT_P3=0
HEAT_1_TEMP=26
HEAT_1_DUTY=0
HEAT_2_TEMP=28
HEAT_2_DUTY=0
HEAT_3_TEMP=26
HEAT_3_DUTY=20
HEAT_4_TEMP=29
HEAT_4_DUTY=0

[20:52:49.040 EBOX]
TS=1786203060.543
V_SENSE5=1.1328125
V_SENSE9=0.0390625
V_SENSE12=0.12939453125
ADC_V5=4.88525390625
ADC_V9=9.345703125
ADC_V12=11.7529296875
ADC_V28=27.07244873046875
THERMAL_SENS_OUT_1=26
THERMAL_SENS_OUT_2=-50
THERMAL_SENS_OUT_3=26
THERMAL_SENS_OUT_4=29
THERMAL_SENS_OUT_5=31
THERMAL_SENS_OUT_6=-50
THERMAL_SENS_INT_1=24
THERMAL_SENS_INT_2=28
PG_5=0
PG_9=0
PG_12=0
FLT_P2=0
FLT_P3=0
HEAT_1_TEMP=26
HEAT_1_DUTY=0
HEAT_2_TEMP=26
HEAT_2_DUTY=0
HEAT_3_TEMP=29
HEAT_3_DUTY=20
HEAT_4_TEMP=31
HEAT_4_DUTY=0

[20:52:49.577 EBOX]
TS=1786203061.044
V_SENSE5=1.48193359375
V_SENSE9=2.19482421875
V_SENSE12=0.04150390625
ADC_V5=5.00030517578125
ADC_V9=9.4696044921875
ADC_V12=11.7529296875
ADC_V28=27.222900390625
THERMAL_SENS_OUT_1=28
THERMAL_SENS_OUT_2=-50
THERMAL_SENS_OUT_3=29
THERMAL_SENS_OUT_4=29
THERMAL_SENS_OUT_5=29
THERMAL_SENS_OUT_6=-50
THERMAL_SENS_INT_1=29
THERMAL_SENS_INT_2=27
PG_5=0
PG_9=0
PG_12=0
FLT_P2=0
FLT_P3=0
HEAT_1_TEMP=28
HEAT_1_DUTY=0
HEAT_2_TEMP=29
HEAT_2_DUTY=0
HEAT_3_TEMP=29
HEAT_3_DUTY=0
HEAT_4_TEMP=29
HEAT_4_DUTY=20

[20:52:50.013 EBOX]
TS=1786203061.554
V_SENSE5=1.0986328125
V_SENSE9=0.029296875
V_SENSE12=0.126953125
ADC_V5=5.01800537109375
ADC_V9=9.05364990234375
ADC_V12=11.72637939453125
ADC_V28=27.789306640625
THERMAL_SENS_OUT_1=33
THERMAL_SENS_OUT_2=-50
THERMAL_SENS_OUT_3=26
THERMAL_SENS_OUT_4=29
THERMAL_SENS_OUT_5=27
THERMAL_SENS_OUT_6=-50
THERMAL_SENS_INT_1=24
THERMAL_SENS_INT_2=28
PG_5=0
PG_9=0
PG_12=0
FLT_P2=0
FLT_P3=0
HEAT_1_TEMP=33
HEAT_1_DUTY=0
HEAT_2_TEMP=26
HEAT_2_DUTY=0
HEAT_3_TEMP=29
HEAT_3_DUTY=0
HEAT_4_TEMP=27
HEAT_4_DUTY=20

[20:52:50.549 EBOX]
TS=1786203062.053
V_SENSE5=0.966796875
V_SENSE9=2.9052734375
V_SENSE12=0.146484375
ADC_V5=4.9383544921875
ADC_V9=9.37225341796875
ADC_V12=11.47857666015625
ADC_V28=27.26715087890625
THERMAL_SENS_OUT_1=18
THERMAL_SENS_OUT_2=-50
THERMAL_SENS_OUT_3=26
THERMAL_SENS_OUT_4=31
THERMAL_SENS_OUT_5=29
THERMAL_SENS_OUT_6=-50
THERMAL_SENS_INT_1=28
THERMAL_SENS_INT_2=27
PG_5=0
PG_9=0
PG_12=0
FLT_P2=0
FLT_P3=0
HEAT_1_TEMP=18
HEAT_1_DUTY=20
HEAT_2_TEMP=26
HEAT_2_DUTY=0
HEAT_3_TEMP=31
HEAT_3_DUTY=0
HEAT_4_TEMP=29
HEAT_4_DUTY=0

[20:52:51.086 EBOX]
TS=1786203062.555
V_SENSE5=1.11083984375
V_SENSE9=0.0390625
V_SENSE12=0.10986328125
ADC_V5=4.920654296875
ADC_V9=9.27490234375
ADC_V12=11.6998291015625
ADC_V28=28.10791015625
THERMAL_SENS_OUT_1=29
THERMAL_SENS_OUT_2=-50
THERMAL_SENS_OUT_3=31
THERMAL_SENS_OUT_4=30
THERMAL_SENS_OUT_5=29
THERMAL_SENS_OUT_6=-50
THERMAL_SENS_INT_1=26
THERMAL_SENS_INT_2=26
PG_5=0
PG_9=0
PG_12=0
FLT_P2=0
FLT_P3=0
HEAT_1_TEMP=29
HEAT_1_DUTY=20
HEAT_2_TEMP=31
HEAT_2_DUTY=0
HEAT_3_TEMP=30
HEAT_3_DUTY=0
HEAT_4_TEMP=29
HEAT_4_DUTY=0

[20:52:51.535 EBOX]
TS=1786203063.058
V_SENSE5=0.6787109375
V_SENSE9=2.0361328125
V_SENSE12=0.08056640625
ADC_V5=4.8321533203125
ADC_V9=9.2926025390625
ADC_V12=11.69097900390625
ADC_V28=27.7362060546875
THERMAL_SENS_OUT_1=29
THERMAL_SENS_OUT_2=-50
THERMAL_SENS_OUT_3=29
THERMAL_SENS_OUT_4=27
THERMAL_SENS_OUT_5=27
THERMAL_SENS_OUT_6=-50
THERMAL_SENS_INT_1=26
THERMAL_SENS_INT_2=25
PG_5=0
PG_9=0
PG_12=0
FLT_P2=0
FLT_P3=0
HEAT_1_TEMP=29
HEAT_1_DUTY=0
HEAT_2_TEMP=29
HEAT_2_DUTY=20
HEAT_3_TEMP=27
HEAT_3_DUTY=0
HEAT_4_TEMP=27
HEAT_4_DUTY=0

[20:52:52.092 EBOX]
TS=1786203063.558
V_SENSE5=1.0400390625
V_SENSE9=0.03662109375
V_SENSE12=0.146484375
ADC_V5=4.849853515625
ADC_V9=9.53155517578125
ADC_V12=11.4520263671875
ADC_V28=27.4530029296875
THERMAL_SENS_OUT_1=27
THERMAL_SENS_OUT_2=-50
THERMAL_SENS_OUT_3=28
THERMAL_SENS_OUT_4=33
THERMAL_SENS_OUT_5=27
THERMAL_SENS_OUT_6=-50
THERMAL_SENS_INT_1=26
THERMAL_SENS_INT_2=32
PG_5=0
PG_9=0
PG_12=0
FLT_P2=0
FLT_P3=0
HEAT_1_TEMP=27
HEAT_1_DUTY=0
HEAT_2_TEMP=28
HEAT_2_DUTY=20
HEAT_3_TEMP=33
HEAT_3_DUTY=0
HEAT_4_TEMP=27
HEAT_4_DUTY=0

[20:52:52.540 EBOX]
TS=1786203064.052
V_SENSE5=1.7822265625
V_SENSE9=1.26708984375
V_SENSE12=0.25146484375
ADC_V5=4.87640380859375
ADC_V9=9.2218017578125
ADC_V12=11.95648193359375
ADC_V28=27.05474853515625
THERMAL_SENS_OUT_1=27
THERMAL_SENS_OUT_2=-50
THERMAL_SENS_OUT_3=29
THERMAL_SENS_OUT_4=27
THERMAL_SENS_OUT_5=31
THERMAL_SENS_OUT_6=-50
THERMAL_SENS_INT_1=30
THERMAL_SENS_INT_2=28
PG_5=0
PG_9=0
PG_12=0
FLT_P2=0
FLT_P3=0
HEAT_1_TEMP=27
HEAT_1_DUTY=0
HEAT_2_TEMP=29
HEAT_2_DUTY=0
HEAT_3_TEMP=27
HEAT_3_DUTY=20
HEAT_4_TEMP=31
HEAT_4_DUTY=0

[20:52:53.088 EBOX]
TS=1786203064.553
V_SENSE5=1.1865234375
V_SENSE9=0.03662109375
V_SENSE12=0.11962890625
ADC_V5=5.00030517578125
ADC_V9=8.956298828125
ADC_V12=11.86798095703125
ADC_V28=27.3468017578125
THERMAL_SENS_OUT_1=26
THERMAL_SENS_OUT_2=-50
THERMAL_SENS_OUT_3=26
THERMAL_SENS_OUT_4=30
THERMAL_SENS_OUT_5=27
THERMAL_SENS_OUT_6=-50
THERMAL_SENS_INT_1=29
THERMAL_SENS_INT_2=26
PG_5=0
PG_9=0
PG_12=0
FLT_P2=0
FLT_P3=0
HEAT_1_TEMP=26
HEAT_1_DUTY=0
HEAT_2_TEMP=26
HEAT_2_DUTY=0
HEAT_3_TEMP=30
HEAT_3_DUTY=20
HEAT_4_TEMP=27
HEAT_4_DUTY=0

[20:52:53.528 EBOX]
TS=1786203065.054
V_SENSE5=0.810546875
V_SENSE9=1.4208984375
V_SENSE12=0.029296875
ADC_V5=4.920654296875
ADC_V9=9.239501953125
ADC_V12=11.8768310546875
ADC_V28=27.12554931640625
THERMAL_SENS_OUT_1=26
THERMAL_SENS_OUT_2=-50
THERMAL_SENS_OUT_3=25
THERMAL_SENS_OUT_4=28
THERMAL_SENS_OUT_5=29
THERMAL_SENS_OUT_6=-50
THERMAL_SENS_INT_1=30
THERMAL_SENS_INT_2=29
PG_5=0
PG_9=0
PG_12=0
FLT_P2=0
FLT_P3=0
HEAT_1_TEMP=26
HEAT_1_DUTY=0
HEAT_2_TEMP=25
HEAT_2_DUTY=0
HEAT_3_TEMP=28
HEAT_3_DUTY=0
HEAT_4_TEMP=29
HEAT_4_DUTY=20

[20:52:54.072 EBOX]
TS=1786203065.555
V_SENSE5=1.16943359375
V_SENSE9=0.03662109375
V_SENSE12=0.1123046875
ADC_V5=4.8321533203125
ADC_V9=9.1156005859375
ADC_V12=11.929931640625
ADC_V28=27.81585693359375
THERMAL_SENS_OUT_1=31
THERMAL_SENS_OUT_2=-50
THERMAL_SENS_OUT_3=27
THERMAL_SENS_OUT_4=30
THERMAL_SENS_OUT_5=33
THERMAL_SENS_OUT_6=-50
THERMAL_SENS_INT_1=24
THERMAL_SENS_INT_2=28
PG_5=0
PG_9=0
PG_12=0
FLT_P2=0
FLT_P3=0
HEAT_1_TEMP=31
HEAT_1_DUTY=0
HEAT_2_TEMP=27
HEAT_2_DUTY=0
HEAT_3_TEMP=30
HEAT_3_DUTY=0
HEAT_4_TEMP=33
HEAT_4_DUTY=20

[20:52:54.610 EBOX]
TS=1786203066.065
V_SENSE5=0.93994140625
V_SENSE9=1.51123046875
V_SENSE12=0.11962890625
ADC_V5=5.00030517578125
ADC_V9=9.38995361328125
ADC_V12=11.92108154296875
ADC_V28=26.80694580078125
THERMAL_SENS_OUT_1=23
THERMAL_SENS_OUT_2=-50
THERMAL_SENS_OUT_3=29
THERMAL_SENS_OUT_4=32
THERMAL_SENS_OUT_5=34
THERMAL_SENS_OUT_6=-50
THERMAL_SENS_INT_1=27
THERMAL_SENS_INT_2=25
PG_5=0
PG_9=0
PG_12=0
FLT_P2=0
FLT_P3=0
HEAT_1_TEMP=23
HEAT_1_DUTY=20
HEAT_2_TEMP=29
HEAT_2_DUTY=0
HEAT_3_TEMP=32
HEAT_3_DUTY=0
HEAT_4_TEMP=34
HEAT_4_DUTY=0

[20:52:55.058 EBOX]
TS=1786203066.566
V_SENSE5=1.08154296875
V_SENSE9=0.07568359375
V_SENSE12=0.126953125
ADC_V5=4.92950439453125
ADC_V9=9.13330078125
ADC_V12=11.69097900390625
ADC_V28=27.17864990234375
THERMAL_SENS_OUT_1=32
THERMAL_SENS_OUT_2=-50
THERMAL_SENS_OUT_3=26
THERMAL_SENS_OUT_4=28
THERMAL_SENS_OUT_5=31
THERMAL_SENS_OUT_6=-50
THERMAL_SENS_INT_1=26
THERMAL_SENS_INT_2=29
PG_5=0
PG_9=0
PG_12=0
FLT_P2=0
FLT_P3=0
HEAT_1_TEMP=32
HEAT_1_DUTY=20
HEAT_2_TEMP=26
HEAT_2_DUTY=0
HEAT_3_TEMP=28
HEAT_3_DUTY=0
HEAT_4_TEMP=31
HEAT_4_DUTY=0

[20:52:55.602 EBOX]
TS=1786203067.070
V_SENSE5=0.7080078125
V_SENSE9=1.66748046875
V_SENSE12=0.32470703125
ADC_V5=4.89410400390625
ADC_V9=9.30145263671875
ADC_V12=11.6644287109375
ADC_V28=27.8778076171875
THERMAL_SENS_OUT_1=25
THERMAL_SENS_OUT_2=-50
THERMAL_SENS_OUT_3=26
THERMAL_SENS_OUT_4=26
THERMAL_SENS_OUT_5=27
THERMAL_SENS_OUT_6=-50
THERMAL_SENS_INT_1=28
THERMAL_SENS_INT_2=26
PG_5=0
PG_9=0
PG_12=0
FLT_P2=0
FLT_P3=0
HEAT_1_TEMP=25
HEAT_1_DUTY=0
HEAT_2_TEMP=26
HEAT_2_DUTY=20
HEAT_3_TEMP=26
HEAT_3_DUTY=0
HEAT_4_TEMP=27
HEAT_4_DUTY=0

[20:52:56.049 EBOX]
TS=1786203067.570
V_SENSE5=1.05224609375
V_SENSE9=0.0390625
V_SENSE12=0.1416015625
ADC_V5=4.88525390625
ADC_V9=9.5050048828125
ADC_V12=11.7706298828125
ADC_V28=27.53265380859375
THERMAL_SENS_OUT_1=28
THERMAL_SENS_OUT_2=-50
THERMAL_SENS_OUT_3=26
THERMAL_SENS_OUT_4=28
THERMAL_SENS_OUT_5=30
THERMAL_SENS_OUT_6=-50
THERMAL_SENS_INT_1=25
THERMAL_SENS_INT_2=28
PG_5=0
PG_9=0
PG_12=0
FLT_P2=0
FLT_P3=0
HEAT_1_TEMP=28
HEAT_1_DUTY=0
HEAT_2_TEMP=26
HEAT_2_DUTY=20
HEAT_3_TEMP=28
HEAT_3_DUTY=0
HEAT_4_TEMP=30
HEAT_4_DUTY=0

[20:52:56.586 EBOX]
TS=1786203068.064
V_SENSE5=1.68212890625
V_SENSE9=1.64306640625
V_SENSE12=0.15380859375
ADC_V5=4.9560546875
ADC_V9=9.37225341796875
ADC_V12=11.6290283203125
ADC_V28=26.97509765625
THERMAL_SENS_OUT_1=28
THERMAL_SENS_OUT_2=-50
THERMAL_SENS_OUT_3=27
THERMAL_SENS_OUT_4=32
THERMAL_SENS_OUT_5=27
THERMAL_SENS_OUT_6=-50
THERMAL_SENS_INT_1=26
THERMAL_SENS_INT_2=28
PG_5=0
PG_9=0
PG_12=0
FLT_P2=0
FLT_P3=0
HEAT_1_TEMP=28
HEAT_1_DUTY=0
HEAT_2_TEMP=27
HEAT_2_DUTY=0
HEAT_3_TEMP=32
HEAT_3_DUTY=20
HEAT_4_TEMP=27
HEAT_4_DUTY=0

[20:52:57.022 EBOX]
TS=1786203068.565
V_SENSE5=1.09375
V_SENSE9=0.03662109375
V_SENSE12=0.126953125
ADC_V5=4.9029541015625
ADC_V9=9.0625
ADC_V12=11.69097900390625
ADC_V28=28.072509765625
THERMAL_SENS_OUT_1=26
THERMAL_SENS_OUT_2=-50
THERMAL_SENS_OUT_3=29
THERMAL_SENS_OUT_4=26
THERMAL_SENS_OUT_5=28
THERMAL_SENS_OUT_6=-50
THERMAL_SENS_INT_1=28
THERMAL_SENS_INT_2=28
PG_5=0
PG_9=0
PG_12=0
FLT_P2=0
FLT_P3=0
HEAT_1_TEMP=26
HEAT_1_DUTY=0
HEAT_2_TEMP=29
HEAT_2_DUTY=0
HEAT_3_TEMP=26
HEAT_3_DUTY=20
HEAT_4_TEMP=28
HEAT_4_DUTY=0

[20:52:57.566 EBOX]
TS=1786203069.066
V_SENSE5=0.693359375
V_SENSE9=1.37451171875
V_SENSE12=0.068359375
ADC_V5=4.98260498046875
ADC_V9=9.310302734375
ADC_V12=11.74407958984375
ADC_V28=27.37335205078125
THERMAL_SENS_OUT_1=28
THERMAL_SENS_OUT_2=-50
THERMAL_SENS_OUT_3=31
THERMAL_SENS_OUT_4=28
THERMAL_SENS_OUT_5=33
THERMAL_SENS_OUT_6=-50
THERMAL_SENS_INT_1=24
THERMAL_SENS_INT_2=30
PG_5=0
PG_9=0
PG_12=0
FLT_P2=0
FLT_P3=0
HEAT_1_TEMP=28
HEAT_1_DUTY=0
HEAT_2_TEMP=31
HEAT_2_DUTY=0
HEAT_3_TEMP=28
HEAT_3_DUTY=0
HEAT_4_TEMP=33
HEAT_4_DUTY=20

[20:52:58.106 EBOX]
TS=1786203069.567
V_SENSE5=1.1279296875
V_SENSE9=0.0341796875
V_SENSE12=0.19287109375
ADC_V5=4.82330322265625
ADC_V9=8.8323974609375
ADC_V12=11.859130859375
ADC_V28=27.30255126953125
THERMAL_SENS_OUT_1=26
THERMAL_SENS_OUT_2=-50
THERMAL_SENS_OUT_3=26
THERMAL_SENS_OUT_4=30
THERMAL_SENS_OUT_5=27
THERMAL_SENS_OUT_6=-50
THERMAL_SENS_INT_1=24
THERMAL_SENS_INT_2=29
PG_5=0
PG_9=0
PG_12=0
FLT_P2=0
FLT_P3=0
HEAT_1_TEMP=26
HEAT_1_DUTY=0
HEAT_2_TEMP=26
HEAT_2_DUTY=0
HEAT_3_TEMP=30
HEAT_3_DUTY=0
HEAT_4_TEMP=27
HEAT_4_DUTY=20

[20:52:58.574 EBOX]
TS=1786203070.079
V_SENSE5=1.5380859375
V_SENSE9=1.32568359375
V_SENSE12=0.0537109375
ADC_V5=4.8675537109375
ADC_V9=9.4696044921875
ADC_V12=11.83258056640625
ADC_V28=27.1875
THERMAL_SENS_OUT_1=35
THERMAL_SENS_OUT_2=-50
THERMAL_SENS_OUT_3=31
THERMAL_SENS_OUT_4=29
THERMAL_SENS_OUT_5=28
THERMAL_SENS_OUT_6=-50
THERMAL_SENS_INT_1=28
THERMAL_SENS_INT_2=27
PG_5=0
PG_9=0
PG_12=0
FLT_P2=0
FLT_P3=0
HEAT_1_TEMP=35
HEAT_1_DUTY=20
HEAT_2_TEMP=31
HEAT_2_DUTY=0
HEAT_3_TEMP=29
HEAT_3_DUTY=0
HEAT_4_TEMP=28
HEAT_4_DUTY=0

[20:52:59.115 EBOX]
TS=1786203070.578
V_SENSE5=1.07666015625
V_SENSE9=0.03662109375
V_SENSE12=0.1171875
ADC_V5=4.80560302734375
ADC_V9=9.097900390625
ADC_V12=11.70867919921875
ADC_V28=27.82470703125
THERMAL_SENS_OUT_1=26
THERMAL_SENS_OUT_2=-50
THERMAL_SENS_OUT_3=26
THERMAL_SENS_OUT_4=28
THERMAL_SENS_OUT_5=28
THERMAL_SENS_OUT_6=-50
THERMAL_SENS_INT_1=29
THERMAL_SENS_INT_2=29
PG_5=0
PG_9=0
PG_12=0
FLT_P2=0
FLT_P3=0
HEAT_1_TEMP=26
HEAT_1_DUTY=20
HEAT_2_TEMP=26
HEAT_2_DUTY=0
HEAT_3_TEMP=28
HEAT_3_DUTY=0
HEAT_4_TEMP=28
HEAT_4_DUTY=0

[20:52:59.563 EBOX]
TS=1786203071.081
V_SENSE5=0.5517578125
V_SENSE9=1.54296875
V_SENSE12=0.10986328125
ADC_V5=4.88525390625
ADC_V9=9.097900390625
ADC_V12=11.47857666015625
ADC_V28=27.5592041015625
THERMAL_SENS_OUT_1=28
THERMAL_SENS_OUT_2=-50
THERMAL_SENS_OUT_3=25
THERMAL_SENS_OUT_4=33
THERMAL_SENS_OUT_5=27
THERMAL_SENS_OUT_6=-50
THERMAL_SENS_INT_1=24
THERMAL_SENS_INT_2=31
PG_5=0
PG_9=0
PG_12=0
FLT_P2=0
FLT_P3=0
HEAT_1_TEMP=28
HEAT_1_DUTY=0
HEAT_2_TEMP=25
HEAT_2_DUTY=20
HEAT_3_TEMP=33
HEAT_3_DUTY=0
HEAT_4_TEMP=27
HEAT_4_DUTY=0

[20:53:00.102 EBOX]
TS=1786203071.582
V_SENSE5=1.13037109375
V_SENSE9=0.0341796875
V_SENSE12=0.1416015625
ADC_V5=4.9029541015625
ADC_V9=9.451904296875
ADC_V12=11.83258056640625
ADC_V28=27.8070068359375
THERMAL_SENS_OUT_1=28
THERMAL_SENS_OUT_2=-50
THERMAL_SENS_OUT_3=26
THERMAL_SENS_OUT_4=27
THERMAL_SENS_OUT_5=29
THERMAL_SENS_OUT_6=-50
THERMAL_SENS_INT_1=25
THERMAL_SENS_INT_2=30
PG_5=0
PG_9=0
PG_12=0
FLT_P2=0
FLT_P3=0
HEAT_1_TEMP=28
HEAT_1_DUTY=0
HEAT_2_TEMP=26
HEAT_2_DUTY=20
HEAT_3_TEMP=27
HEAT_3_DUTY=0
HEAT_4_TEMP=29
HEAT_4_DUTY=0

[20:53:00.537 EBOX]
TS=1786203072.075
V_SENSE5=0.7470703125
V_SENSE9=1.7236328125
V_SENSE12=0.3125
ADC_V5=4.9383544921875
ADC_V9=9.21295166015625
ADC_V12=11.62017822265625
ADC_V28=27.10784912109375
THERMAL_SENS_OUT_1=33
THERMAL_SENS_OUT_2=-50
THERMAL_SENS_OUT_3=26
THERMAL_SENS_OUT_4=26
THERMAL_SENS_OUT_5=29
THERMAL_SENS_OUT_6=-50
THERMAL_SENS_INT_1=26
THERMAL_SENS_INT_2=29
PG_5=0
PG_9=0
PG_12=0
FLT_P2=0
FLT_P3=0
HEAT_1_TEMP=33
HEAT_1_DUTY=0
HEAT_2_TEMP=26
HEAT_2_DUTY=0
HEAT_3_TEMP=26
HEAT_3_DUTY=20
HEAT_4_TEMP=29
HEAT_4_DUTY=0

[20:53:01.073 EBOX]
TS=1786203072.576
V_SENSE5=1.22802734375
V_SENSE9=0.0341796875
V_SENSE12=0.1220703125
ADC_V5=4.96490478515625
ADC_V9=8.885498046875
ADC_V12=11.5936279296875
ADC_V28=28.143310546875
THERMAL_SENS_OUT_1=26
THERMAL_SENS_OUT_2=-50
THERMAL_SENS_OUT_3=31
THERMAL_SENS_OUT_4=28
THERMAL_SENS_OUT_5=29
THERMAL_SENS_OUT_6=-50
THERMAL_SENS_INT_1=28
THERMAL_SENS_INT_2=27
PG_5=0
PG_9=0
PG_12=0
FLT_P2=0
FLT_P3=0
HEAT_1_TEMP=26
HEAT_1_DUTY=0
HEAT_2_TEMP=31
HEAT_2_DUTY=0
HEAT_3_TEMP=28
HEAT_3_DUTY=20
HEAT_4_TEMP=29
HEAT_4_DUTY=0

[20:53:01.610 EBOX]
TS=1786203073.078
V_SENSE5=1.0400390625
V_SENSE9=1.35986328125
V_SENSE12=0.3173828125
ADC_V5=5.01800537109375
ADC_V9=9.381103515625
ADC_V12=11.6290283203125
ADC_V28=27.23175048828125
THERMAL_SENS_OUT_1=33
THERMAL_SENS_OUT_2=-50
THERMAL_SENS_OUT_3=27
THERMAL_SENS_OUT_4=30
THERMAL_SENS_OUT_5=33
THERMAL_SENS_OUT_6=-50
THERMAL_SENS_INT_1=25
THERMAL_SENS_INT_2=29
PG_5=0
PG_9=0
PG_12=0
FLT_P2=0
FLT_P3=0
HEAT_1_TEMP=33
HEAT_1_DUTY=0
HEAT_2_TEMP=27
HEAT_2_DUTY=0
HEAT_3_TEMP=30
HEAT_3_DUTY=0
HEAT_4_TEMP=33
HEAT_4_DUTY=20

[20:53:02.047 EBOX]
TS=1786203073.578
V_SENSE5=1.123046875
V_SENSE9=0.03662109375
V_SENSE12=0.12451171875
ADC_V5=4.98260498046875
ADC_V9=9.08905029296875
ADC_V12=11.69097900390625
ADC_V28=27.78045654296875
THERMAL_SENS_OUT_1=28
THERMAL_SENS_OUT_2=-50
THERMAL_SENS_OUT_3=31
THERMAL_SENS_OUT_4=26
THERMAL_SENS_OUT_5=28
THERMAL_SENS_OUT_6=-50
THERMAL_SENS_INT_1=29
THERMAL_SENS_INT_2=28
PG_5=0
PG_9=0
PG_12=0
FLT_P2=0
FLT_P3=0
HEAT_1_TEMP=28
HEAT_1_DUTY=0
HEAT_2_TEMP=31
HEAT_2_DUTY=0
HEAT_3_TEMP=26
HEAT_3_DUTY=0
HEAT_4_TEMP=28
HEAT_4_DUTY=20

[20:53:02.589 EBOX]
TS=1786203074.092
V_SENSE5=0.87158203125
V_SENSE9=0.869140625
V_SENSE12=0.07080078125
ADC_V5=4.98260498046875
ADC_V9=9.15985107421875
ADC_V12=11.7706298828125
ADC_V28=26.9573974609375
THERMAL_SENS_OUT_1=31
THERMAL_SENS_OUT_2=-50
THERMAL_SENS_OUT_3=31
THERMAL_SENS_OUT_4=32
THERMAL_SENS_OUT_5=32
THERMAL_SENS_OUT_6=-50
THERMAL_SENS_INT_1=29
THERMAL_SENS_INT_2=27
PG_5=0
PG_9=0
PG_12=0
FLT_P2=0
FLT_P3=0
HEAT_1_TEMP=31
HEAT_1_DUTY=20
HEAT_2_TEMP=31
HEAT_2_DUTY=0
HEAT_3_TEMP=32
HEAT_3_DUTY=0
HEAT_4_TEMP=32
HEAT_4_DUTY=0

[20:53:03.137 EBOX]
TS=1786203074.590
V_SENSE5=1.005859375
V_SENSE9=0.03173828125
V_SENSE12=0.1220703125
ADC_V5=4.96490478515625
ADC_V9=9.19525146484375
ADC_V12=11.859130859375
ADC_V28=27.7716064453125
THERMAL_SENS_OUT_1=30
THERMAL_SENS_OUT_2=-50
THERMAL_SENS_OUT_3=32
THERMAL_SENS_OUT_4=26
THERMAL_SENS_OUT_5=29
THERMAL_SENS_OUT_6=-50
THERMAL_SENS_INT_1=26
THERMAL_SENS_INT_2=29
PG_5=0
PG_9=0
PG_12=0
FLT_P2=0
FLT_P3=0
HEAT_1_TEMP=30
HEAT_1_DUTY=20
HEAT_2_TEMP=32
HEAT_2_DUTY=0
HEAT_3_TEMP=26
HEAT_3_DUTY=0
HEAT_4_TEMP=29
HEAT_4_DUTY=0

[20:53:03.572 EBOX]
TS=1786203075.093
V_SENSE5=0.7958984375
V_SENSE9=1.58203125
V_SENSE12=0.0732421875
ADC_V5=4.85870361328125
ADC_V9=9.097900390625
ADC_V12=11.76177978515625
ADC_V28=26.7095947265625
THERMAL_SENS_OUT_1=28
THERMAL_SENS_OUT_2=-50
THERMAL_SENS_OUT_3=28
THERMAL_SENS_OUT_4=30
THERMAL_SENS_OUT_5=27
THERMAL_SENS_OUT_6=-50
THERMAL_SENS_INT_1=29
THERMAL_SENS_INT_2=26
PG_5=0
PG_9=0
PG_12=0
FLT_P2=0
FLT_P3=0
HEAT_1_TEMP=28
HEAT_1_DUTY=0
HEAT_2_TEMP=28
HEAT_2_DUTY=20
HEAT_3_TEMP=30
HEAT_3_DUTY=0
HEAT_4_TEMP=27
HEAT_4_DUTY=0

[20:53:04.112 EBOX]
TS=1786203075.591
V_SENSE5=1.03515625
V_SENSE9=0.05615234375
V_SENSE12=0.1171875
ADC_V5=4.82330322265625
ADC_V9=9.027099609375
ADC_V12=11.56707763671875
ADC_V28=27.47955322265625
THERMAL_SENS_OUT_1=30
THERMAL_SENS_OUT_2=-50
THERMAL_SENS_OUT_3=32
THERMAL_SENS_OUT_4=30
THERMAL_SENS_OUT_5=29
THERMAL_SENS_OUT_6=-50
THERMAL_SENS_INT_1=29
THERMAL_SENS_INT_2=32
PG_5=0
PG_9=0
PG_12=0
FLT_P2=0
FLT_P3=0
HEAT_1_TEMP=30
HEAT_1_DUTY=0
HEAT_2_TEMP=32
HEAT_2_DUTY=20
HEAT_3_TEMP=30
HEAT_3_DUTY=0
HEAT_4_TEMP=29
HEAT_4_DUTY=0

[20:53:04.566 EBOX]
TS=1786203076.097
V_SENSE5=1.1328125
V_SENSE9=0.0390625
V_SENSE12=0.15380859375
ADC_V5=4.87640380859375
ADC_V9=9.60235595703125
ADC_V12=11.8768310546875
ADC_V28=27.16094970703125
THERMAL_SENS_OUT_1=28
THERMAL_SENS_OUT_2=-50
THERMAL_SENS_OUT_3=31
THERMAL_SENS_OUT_4=33
THERMAL_SENS_OUT_5=28
THERMAL_SENS_OUT_6=-50
THERMAL_SENS_INT_1=24
THERMAL_SENS_INT_2=28
PG_5=0
PG_9=0
PG_12=0
FLT_P2=0
FLT_P3=0
HEAT_1_TEMP=28
HEAT_1_DUTY=0
HEAT_2_TEMP=31
HEAT_2_DUTY=0
HEAT_3_TEMP=33
HEAT_3_DUTY=20
HEAT_4_TEMP=28
HEAT_4_DUTY=0

[20:53:05.114 EBOX]
TS=1786203076.587
V_SENSE5=1.1279296875
V_SENSE9=0.0390625
V_SENSE12=0.10498046875
ADC_V5=4.9383544921875
ADC_V9=9.1864013671875
ADC_V12=11.83258056640625
ADC_V28=27.10784912109375
THERMAL_SENS_OUT_1=26
THERMAL_SENS_OUT_2=-50
THERMAL_SENS_OUT_3=30
THERMAL_SENS_OUT_4=32
THERMAL_SENS_OUT_5=27
THERMAL_SENS_OUT_6=-50
THERMAL_SENS_INT_1=27
THERMAL_SENS_INT_2=31
PG_5=0
PG_9=0
PG_12=0
FLT_P2=0
FLT_P3=0
HEAT_1_TEMP=26
HEAT_1_DUTY=0
HEAT_2_TEMP=30
HEAT_2_DUTY=0
HEAT_3_TEMP=32
HEAT_3_DUTY=20
HEAT_4_TEMP=27
HEAT_4_DUTY=0

[20:53:05.563 EBOX]
TS=1786203077.088
V_SENSE5=0.76904296875
V_SENSE9=3.17626953125
V_SENSE12=0.1806640625
ADC_V5=4.98260498046875
ADC_V9=9.15985107421875
ADC_V12=11.7706298828125
ADC_V28=26.84234619140625
THERMAL_SENS_OUT_1=28
THERMAL_SENS_OUT_2=-50
THERMAL_SENS_OUT_3=27
THERMAL_SENS_OUT_4=32
THERMAL_SENS_OUT_5=29
THERMAL_SENS_OUT_6=-50
THERMAL_SENS_INT_1=25
THERMAL_SENS_INT_2=30
PG_5=0
PG_9=0
PG_12=0
FLT_P2=0
FLT_P3=0
HEAT_1_TEMP=28
HEAT_1_DUTY=0
HEAT_2_TEMP=27
HEAT_2_DUTY=0
HEAT_3_TEMP=32
HEAT_3_DUTY=0
HEAT_4_TEMP=29
HEAT_4_DUTY=20

[20:53:06.098 EBOX]
TS=1786203077.590
V_SENSE5=1.15966796875
V_SENSE9=0.0341796875
V_SENSE12=0.1416015625
ADC_V5=4.814453125
ADC_V9=8.98284912109375
ADC_V12=11.89453125
ADC_V28=27.718505859375
THERMAL_SENS_OUT_1=31
THERMAL_SENS_OUT_2=-50
THERMAL_SENS_OUT_3=29
THERMAL_SENS_OUT_4=32
THERMAL_SENS_OUT_5=28
THERMAL_SENS_OUT_6=-50
THERMAL_SENS_INT_1=28
THERMAL_SENS_INT_2=30
PG_5=0
PG_9=0
PG_12=0
FLT_P2=0
FLT_P3=0
HEAT_1_TEMP=31
HEAT_1_DUTY=0
HEAT_2_TEMP=29
HEAT_2_DUTY=0
HEAT_3_TEMP=32
HEAT_3_DUTY=0
HEAT_4_TEMP=28
HEAT_4_DUTY=20

[20:53:06.648 EBOX]
TS=1786203078.091
V_SENSE5=0.95458984375
V_SENSE9=1.0107421875
V_SENSE12=0.3515625
ADC_V5=4.920654296875
ADC_V9=9.33685302734375
ADC_V12=11.70867919921875
ADC_V28=27.8070068359375
THERMAL_SENS_OUT_1=31
THERMAL_SENS_OUT_2=-50
THERMAL_SENS_OUT_3=30
THERMAL_SENS_OUT_4=26
THERMAL_SENS_OUT_5=29
THERMAL_SENS_OUT_6=-50
THERMAL_SENS_INT_1=25
THERMAL_SENS_INT_2=31
PG_5=0
PG_9=0
PG_12=0
FLT_P2=0
FLT_P3=0
HEAT_1_TEMP=31
HEAT_1_DUTY=20
HEAT_2_TEMP=30
HEAT_2_DUTY=0
HEAT_3_TEMP=26
HEAT_3_DUTY=0
HEAT_4_TEMP=29
HEAT_4_DUTY=0

[20:53:07.086 EBOX]
TS=1786203078.601
V_SENSE5=1.103515625
V_SENSE9=0.03662109375
V_SENSE12=0.11962890625
ADC_V5=4.94720458984375
ADC_V9=8.96514892578125
ADC_V12=11.859130859375
ADC_V28=26.939697265625
THERMAL_SENS_OUT_1=26
THERMAL_SENS_OUT_2=-50
THERMAL_SENS_OUT_3=26
THERMAL_SENS_OUT_4=33
THERMAL_SENS_OUT_5=28
THERMAL_SENS_OUT_6=-50
THERMAL_SENS_INT_1=24
THERMAL_SENS_INT_2=26
PG_5=0
PG_9=0
PG_12=0
FLT_P2=0
FLT_P3=0
HEAT_1_TEMP=26
HEAT_1_DUTY=20
HEAT_2_TEMP=26
HEAT_2_DUTY=0
HEAT_3_TEMP=33
HEAT_3_DUTY=0
HEAT_4_TEMP=28
HEAT_4_DUTY=0

[20:53:07.630 EBOX]
TS=1786203079.105
V_SENSE5=0.7275390625
V_SENSE9=3.04443359375
V_SENSE12=0.2294921875
ADC_V5=5.00030517578125
ADC_V9=9.26605224609375
ADC_V12=11.859130859375
ADC_V28=27.39105224609375
THERMAL_SENS_OUT_1=28
THERMAL_SENS_OUT_2=-50
THERMAL_SENS_OUT_3=32
THERMAL_SENS_OUT_4=28
THERMAL_SENS_OUT_5=30
THERMAL_SENS_OUT_6=-50
THERMAL_SENS_INT_1=26
THERMAL_SENS_INT_2=29
PG_5=0
PG_9=0
PG_12=0
FLT_P2=0
FLT_P3=0
HEAT_1_TEMP=28
HEAT_1_DUTY=0
HEAT_2_TEMP=32
HEAT_2_DUTY=20
HEAT_3_TEMP=28
HEAT_3_DUTY=0
HEAT_4_TEMP=30
HEAT_4_DUTY=0

[20:53:08.080 EBOX]
TS=1786203079.598
V_SENSE5=1.15966796875
V_SENSE9=0.03662109375
V_SENSE12=0.1416015625
ADC_V5=4.8675537109375
ADC_V9=9.13330078125
ADC_V12=11.717529296875
ADC_V28=27.789306640625
THERMAL_SENS_OUT_1=32
THERMAL_SENS_OUT_2=-50
THERMAL_SENS_OUT_3=27
THERMAL_SENS_OUT_4=28
THERMAL_SENS_OUT_5=28
THERMAL_SENS_OUT_6=-50
THERMAL_SENS_INT_1=25
THERMAL_SENS_INT_2=30
PG_5=0
PG_9=0
PG_12=0
FLT_P2=0
FLT_P3=0
HEAT_1_TEMP=32
HEAT_1_DUTY=0
HEAT_2_TEMP=27
HEAT_2_DUTY=20
HEAT_3_TEMP=28
HEAT_3_DUTY=0
HEAT_4_TEMP=28
HEAT_4_DUTY=0

[20:53:08.621 EBOX]
TS=1786203080.098
V_SENSE5=0.84716796875
V_SENSE9=1.884765625
V_SENSE12=0.048828125
ADC_V5=5.00030517578125
ADC_V9=9.168701171875
ADC_V12=11.83258056640625
ADC_V28=26.8511962890625
THERMAL_SENS_OUT_1=29
THERMAL_SENS_OUT_2=-50
THERMAL_SENS_OUT_3=31
THERMAL_SENS_OUT_4=28
THERMAL_SENS_OUT_5=33
THERMAL_SENS_OUT_6=-50
THERMAL_SENS_INT_1=27
THERMAL_SENS_INT_2=25
PG_5=0
PG_9=0
PG_12=0
FLT_P2=0
FLT_P3=0
HEAT_1_TEMP=29
HEAT_1_DUTY=0
HEAT_2_TEMP=31
HEAT_2_DUTY=0
HEAT_3_TEMP=28
HEAT_3_DUTY=20
HEAT_4_TEMP=33
HEAT_4_DUTY=0

[20:53:09.058 EBOX]
TS=1786203080.599
V_SENSE5=1.12548828125
V_SENSE9=0.03173828125
V_SENSE12=0.13671875
ADC_V5=4.89410400390625
ADC_V9=8.75274658203125
ADC_V12=11.788330078125
ADC_V28=27.3114013671875
THERMAL_SENS_OUT_1=27
THERMAL_SENS_OUT_2=-50
THERMAL_SENS_OUT_3=28
THERMAL_SENS_OUT_4=27
THERMAL_SENS_OUT_5=33
THERMAL_SENS_OUT_6=-50
THERMAL_SENS_INT_1=27
THERMAL_SENS_INT_2=25
PG_5=0
PG_9=0
PG_12=0
FLT_P2=0
FLT_P3=0
HEAT_1_TEMP=27
HEAT_1_DUTY=0
HEAT_2_TEMP=28
HEAT_2_DUTY=0
HEAT_3_TEMP=27
HEAT_3_DUTY=20
HEAT_4_TEMP=33
HEAT_4_DUTY=0

[20:53:09.613 EBOX]
TS=1786203081.100
V_SENSE5=1.0693359375
V_SENSE9=1.015625
V_SENSE12=0.341796875
ADC_V5=4.87640380859375
ADC_V9=9.42535400390625
ADC_V12=11.5582275390625
ADC_V28=27.5946044921875
THERMAL_SENS_OUT_1=33
THERMAL_SENS_OUT_2=-50
THERMAL_SENS_OUT_3=26
THERMAL_SENS_OUT_4=28
THERMAL_SENS_OUT_5=30
THERMAL_SENS_OUT_6=-50
THERMAL_SENS_INT_1=24
THERMAL_SENS_INT_2=30
PG_5=0
PG_9=0
PG_12=0
FLT_P2=0
FLT_P3=0
HEAT_1_TEMP=33
HEAT_1_DUTY=0
HEAT_2_TEMP=26
HEAT_2_DUTY=0
HEAT_3_TEMP=28
HEAT_3_DUTY=0
HEAT_4_TEMP=30
HEAT_4_DUTY=20

[20:53:10.151 EBOX]
TS=1786203081.602
V_SENSE5=1.11328125
V_SENSE9=0.0390625
V_SENSE12=0.1513671875
ADC_V5=4.814453125
ADC_V9=9.1510009765625
ADC_V12=11.8060302734375
ADC_V28=27.5946044921875
THERMAL_SENS_OUT_1=28
THERMAL_SENS_OUT_2=-50
THERMAL_SENS_OUT_3=28
THERMAL_SENS_OUT_4=28
THERMAL_SENS_OUT_5=28
THERMAL_SENS_OUT_6=-50
THERMAL_SENS_INT_1=25
THERMAL_SENS_INT_2=31
PG_5=0
PG_9=0
PG_12=0
FLT_P2=0
FLT_P3=0
HEAT_1_TEMP=28
HEAT_1_DUTY=0
HEAT_2_TEMP=28
HEAT_2_DUTY=0
HEAT_3_TEMP=28
HEAT_3_DUTY=0
HEAT_4_TEMP=28
HEAT_4_DUTY=20

[20:53:10.588 EBOX]
TS=1786203082.103
V_SENSE5=1.16943359375
V_SENSE9=2.10693359375
V_SENSE12=0.166015625
ADC_V5=5.0091552734375
ADC_V9=9.28375244140625
ADC_V12=11.93878173828125
ADC_V28=27.23175048828125
THERMAL_SENS_OUT_1=18
THERMAL_SENS_OUT_2=-50
THERMAL_SENS_OUT_3=28
THERMAL_SENS_OUT_4=29
THERMAL_SENS_OUT_5=30
THERMAL_SENS_OUT_6=-50
THERMAL_SENS_INT_1=27
THERMAL_SENS_INT_2=26
PG_5=0
PG_9=0
PG_12=0
FLT_P2=0
FLT_P3=0
HEAT_1_TEMP=18
HEAT_1_DUTY=20
HEAT_2_TEMP=28
HEAT_2_DUTY=0
HEAT_3_TEMP=29
HEAT_3_DUTY=0
HEAT_4_TEMP=30
HEAT_4_DUTY=0

[20:53:11.124 EBOX]
TS=1786203082.603
V_SENSE5=1.14990234375
V_SENSE9=0.0341796875
V_SENSE12=0.10498046875
ADC_V5=4.9383544921875
ADC_V9=9.08905029296875
ADC_V12=11.68212890625
ADC_V28=28.10791015625
THERMAL_SENS_OUT_1=28
THERMAL_SENS_OUT_2=-50
THERMAL_SENS_OUT_3=28
THERMAL_SENS_OUT_4=29
THERMAL_SENS_OUT_5=28
THERMAL_SENS_OUT_6=-50
THERMAL_SENS_INT_1=25
THERMAL_SENS_INT_2=32
PG_5=0
PG_9=0
PG_12=0
FLT_P2=0
FLT_P3=0
HEAT_1_TEMP=28
HEAT_1_DUTY=20
HEAT_2_TEMP=28
HEAT_2_DUTY=0
HEAT_3_TEMP=29
HEAT_3_DUTY=0
HEAT_4_TEMP=28
HEAT_4_DUTY=0

[20:53:11.670 EBOX]
TS=1786203083.104
V_SENSE5=1.30126953125
V_SENSE9=2.05810546875
V_SENSE12=0.04150390625
ADC_V5=4.991455078125
ADC_V9=9.27490234375
ADC_V12=11.72637939453125
ADC_V28=27.2052001953125
THERMAL_SENS_OUT_1=27
THERMAL_SENS_OUT_2=-50
THERMAL_SENS_OUT_3=32
THERMAL_SENS_OUT_4=29
THERMAL_SENS_OUT_5=30
THERMAL_SENS_OUT_6=-50
THERMAL_SENS_INT_1=29
THERMAL_SENS_INT_2=28
PG_5=0
PG_9=0
PG_12=0
FLT_P2=0
FLT_P3=0
HEAT_1_TEMP=27
HEAT_1_DUTY=0
HEAT_2_TEMP=32
HEAT_2_DUTY=20
HEAT_3_TEMP=29
HEAT_3_DUTY=0
HEAT_4_TEMP=30
HEAT_4_DUTY=0

[20:53:12.105 EBOX]
TS=1786203083.619
V_SENSE5=1.06201171875
V_SENSE9=0.05126953125
V_SENSE12=0.126953125
ADC_V5=4.85870361328125
ADC_V9=8.9031982421875
ADC_V12=11.4697265625
ADC_V28=27.1343994140625
THERMAL_SENS_OUT_1=29
THERMAL_SENS_OUT_2=-50
THERMAL_SENS_OUT_3=31
THERMAL_SENS_OUT_4=32
THERMAL_SENS_OUT_5=31
THERMAL_SENS_OUT_6=-50
THERMAL_SENS_INT_1=29
THERMAL_SENS_INT_2=32
PG_5=0
PG_9=0
PG_12=0
FLT_P2=0
FLT_P3=0
HEAT_1_TEMP=29
HEAT_1_DUTY=0
HEAT_2_TEMP=31
HEAT_2_DUTY=20
HEAT_3_TEMP=32
HEAT_3_DUTY=0
HEAT_4_TEMP=31
HEAT_4_DUTY=0

[20:53:12.649 EBOX]
TS=1786203084.114
V_SENSE5=1.1376953125
V_SENSE9=0.04638671875
V_SENSE12=0.14892578125
ADC_V5=4.9029541015625
ADC_V9=8.99169921875
ADC_V12=11.79718017578125
ADC_V28=28.18756103515625
THERMAL_SENS_OUT_1=33
THERMAL_SENS_OUT_2=-50
THERMAL_SENS_OUT_3=29
THERMAL_SENS_OUT_4=27
THERMAL_SENS_OUT_5=32
THERMAL_SENS_OUT_6=-50
THERMAL_SENS_INT_1=30
THERMAL_SENS_INT_2=27
PG_5=0
PG_9=0
PG_12=0
FLT_P2=0
FLT_P3=0
HEAT_1_TEMP=33
HEAT_1_DUTY=0
HEAT_2_TEMP=29
HEAT_2_DUTY=0
HEAT_3_TEMP=27
HEAT_3_DUTY=20
HEAT_4_TEMP=32
HEAT_4_DUTY=0

[20:53:13.083 EBOX]
TS=1786203084.616
V_SENSE5=1.07421875
V_SENSE9=0.029296875
V_SENSE12=0.10986328125
ADC_V5=4.920654296875
ADC_V9=9.15985107421875
ADC_V12=11.51397705078125
ADC_V28=27.63885498046875
THERMAL_SENS_OUT_1=26
THERMAL_SENS_OUT_2=-50
THERMAL_SENS_OUT_3=32
THERMAL_SENS_OUT_4=28
THERMAL_SENS_OUT_5=29
THERMAL_SENS_OUT_6=-50
THERMAL_SENS_INT_1=24
THERMAL_SENS_INT_2=27
PG_5=0
PG_9=0
PG_12=0
FLT_P2=0
FLT_P3=0
HEAT_1_TEMP=26
HEAT_1_DUTY=0
HEAT_2_TEMP=32
HEAT_2_DUTY=0
HEAT_3_TEMP=28
HEAT_3_DUTY=20
HEAT_4_TEMP=29
HEAT_4_DUTY=0

[20:53:13.623 EBOX]
TS=1786203085.119
V_SENSE5=1.03759765625
V_SENSE9=0.0390625
V_SENSE12=0.1220703125
ADC_V5=4.991455078125
ADC_V9=9.07135009765625
ADC_V12=11.93878173828125
ADC_V28=27.21405029296875
THERMAL_SENS_OUT_1=28
THERMAL_SENS_OUT_2=-50
THERMAL_SENS_OUT_3=32
THERMAL_SENS_OUT_4=30
THERMAL_SENS_OUT_5=29
THERMAL_SENS_OUT_6=-50
THERMAL_SENS_INT_1=27
THERMAL_SENS_INT_2=27
PG_5=0
PG_9=0
PG_12=0
FLT_P2=0
FLT_P3=0
HEAT_1_TEMP=28
HEAT_1_DUTY=0
HEAT_2_TEMP=32
HEAT_2_DUTY=0
HEAT_3_TEMP=30
HEAT_3_DUTY=0
HEAT_4_TEMP=29
HEAT_4_DUTY=20

[20:53:14.158 EBOX]
TS=1786203085.622
V_SENSE5=1.07177734375
V_SENSE9=0.0390625
V_SENSE12=0.0830078125
ADC_V5=4.9560546875
ADC_V9=9.5050048828125
ADC_V12=11.4697265625
ADC_V28=27.74505615234375
THERMAL_SENS_OUT_1=33
THERMAL_SENS_OUT_2=-50
THERMAL_SENS_OUT_3=26
THERMAL_SENS_OUT_4=27
THERMAL_SENS_OUT_5=30
THERMAL_SENS_OUT_6=-50
THERMAL_SENS_INT_1=24
THERMAL_SENS_INT_2=27
PG_5=0
PG_9=0
PG_12=0
FLT_P2=0
FLT_P3=0
HEAT_1_TEMP=33
HEAT_1_DUTY=0
HEAT_2_TEMP=26
HEAT_2_DUTY=0
HEAT_3_TEMP=27
HEAT_3_DUTY=0
HEAT_4_TEMP=30
HEAT_4_DUTY=20

[20:53:14.597 EBOX]
TS=1786203086.115
V_SENSE5=1.15478515625
V_SENSE9=0.0341796875
V_SENSE12=0.107421875
ADC_V5=4.85870361328125
ADC_V9=9.53155517578125
ADC_V12=11.5582275390625
ADC_V28=27.860107421875
THERMAL_SENS_OUT_1=33
THERMAL_SENS_OUT_2=-50
THERMAL_SENS_OUT_3=28
THERMAL_SENS_OUT_4=28
THERMAL_SENS_OUT_5=31
THERMAL_SENS_OUT_6=-50
THERMAL_SENS_INT_1=29
THERMAL_SENS_INT_2=28
PG_5=0
PG_9=0
PG_12=0
FLT_P2=0
FLT_P3=0
HEAT_1_TEMP=33
HEAT_1_DUTY=20
HEAT_2_TEMP=28
HEAT_2_DUTY=0
HEAT_3_TEMP=28
HEAT_3_DUTY=0
HEAT_4_TEMP=31
HEAT_4_DUTY=0

[20:53:15.148 EBOX]
TS=1786203086.616
V_SENSE5=1.12548828125
V_SENSE9=0.0390625
V_SENSE12=0.1171875
ADC_V5=5.00030517578125
ADC_V9=9.03594970703125
ADC_V12=11.8768310546875
ADC_V28=27.222900390625
THERMAL_SENS_OUT_1=27
THERMAL_SENS_OUT_2=-50
THERMAL_SENS_OUT_3=29
THERMAL_SENS_OUT_4=29
THERMAL_SENS_OUT_5=28
THERMAL_SENS_OUT_6=-50
THERMAL_SENS_INT_1=26
THERMAL_SENS_INT_2=29
PG_5=0
PG_9=0
PG_12=0
FLT_P2=0
FLT_P3=0
HEAT_1_TEMP=27
HEAT_1_DUTY=20
HEAT_2_TEMP=29
HEAT_2_DUTY=0
HEAT_3_TEMP=29
HEAT_3_DUTY=0
HEAT_4_TEMP=28
HEAT_4_DUTY=0

[20:53:15.588 EBOX]
TS=1786203087.117
V_SENSE5=1.14990234375
V_SENSE9=0.0390625
V_SENSE12=0.1416015625
ADC_V5=5.05340576171875
ADC_V9=9.28375244140625
ADC_V12=11.54052734375
ADC_V28=27.2760009765625
THERMAL_SENS_OUT_1=33
THERMAL_SENS_OUT_2=-50
THERMAL_SENS_OUT_3=26
THERMAL_SENS_OUT_4=29
THERMAL_SENS_OUT_5=29
THERMAL_SENS_OUT_6=-50
THERMAL_SENS_INT_1=26
THERMAL_SENS_INT_2=31
PG_5=0
PG_9=0
PG_12=0
FLT_P2=0
FLT_P3=0
HEAT_1_TEMP=33
HEAT_1_DUTY=0
HEAT_2_TEMP=26
HEAT_2_DUTY=20
HEAT_3_TEMP=29
HEAT_3_DUTY=0
HEAT_4_TEMP=29
HEAT_4_DUTY=0

[20:53:16.150 EBOX]
TS=1786203087.619
V_SENSE5=1.2109375
V_SENSE9=0.03662109375
V_SENSE12=0.13916015625
ADC_V5=4.8321533203125
ADC_V9=8.9385986328125
ADC_V12=11.51397705078125
ADC_V28=28.02825927734375
THERMAL_SENS_OUT_1=26
THERMAL_SENS_OUT_2=-50
THERMAL_SENS_OUT_3=25
THERMAL_SENS_OUT_4=32
THERMAL_SENS_OUT_5=31
THERMAL_SENS_OUT_6=-50
THERMAL_SENS_INT_1=25
THERMAL_SENS_INT_2=31
PG_5=0
PG_9=0
PG_12=0
FLT_P2=0
FLT_P3=0
HEAT_1_TEMP=26
HEAT_1_DUTY=0
HEAT_2_TEMP=25
HEAT_2_DUTY=20
HEAT_3_TEMP=32
HEAT_3_DUTY=0
HEAT_4_TEMP=31
HEAT_4_DUTY=0

[20:53:16.587 EBOX]
TS=1786203088.127
V_SENSE5=1.0693359375
V_SENSE9=0.0390625
V_SENSE12=0.126953125
ADC_V5=4.96490478515625
ADC_V9=9.14215087890625
ADC_V12=11.81488037109375
ADC_V28=27.07244873046875
THERMAL_SENS_OUT_1=28
THERMAL_SENS_OUT_2=-50
THERMAL_SENS_OUT_3=32
THERMAL_SENS_OUT_4=27
THERMAL_SENS_OUT_5=30
THERMAL_SENS_OUT_6=-50
THERMAL_SENS_INT_1=23
THERMAL_SENS_INT_2=26
PG_5=0
PG_9=0
PG_12=0
FLT_P2=0
FLT_P3=0
HEAT_1_TEMP=28
HEAT_1_DUTY=0
HEAT_2_TEMP=32
HEAT_2_DUTY=0
HEAT_3_TEMP=27
HEAT_3_DUTY=20
HEAT_4_TEMP=30
HEAT_4_DUTY=0

[20:53:17.123 EBOX]
TS=1786203088.630
V_SENSE5=1.09130859375
V_SENSE9=0.029296875
V_SENSE12=0.10009765625
ADC_V5=4.920654296875
ADC_V9=9.168701171875
ADC_V12=11.6998291015625
ADC_V28=27.3114013671875
THERMAL_SENS_OUT_1=26
THERMAL_SENS_OUT_2=-50
THERMAL_SENS_OUT_3=29
THERMAL_SENS_OUT_4=33
THERMAL_SENS_OUT_5=29
THERMAL_SENS_OUT_6=-50
THERMAL_SENS_INT_1=23
THERMAL_SENS_INT_2=26
PG_5=0
PG_9=0
PG_12=0
FLT_P2=0
FLT_P3=0
HEAT_1_TEMP=26
HEAT_1_DUTY=0
HEAT_2_TEMP=29
HEAT_2_DUTY=0
HEAT_3_TEMP=33
HEAT_3_DUTY=20
HEAT_4_TEMP=29
HEAT_4_DUTY=0

[20:53:17.662 EBOX]
TS=1786203089.132
V_SENSE5=1.0546875
V_SENSE9=0.0390625
V_SENSE12=0.13671875
ADC_V5=4.91180419921875
ADC_V9=9.6112060546875
ADC_V12=11.72637939453125
ADC_V28=27.7362060546875
THERMAL_SENS_OUT_1=32
THERMAL_SENS_OUT_2=-50
THERMAL_SENS_OUT_3=28
THERMAL_SENS_OUT_4=31
THERMAL_SENS_OUT_5=28
THERMAL_SENS_OUT_6=-50
THERMAL_SENS_INT_1=28
THERMAL_SENS_INT_2=27
PG_5=0
PG_9=0
PG_12=0
FLT_P2=0
FLT_P3=0
HEAT_1_TEMP=32
HEAT_1_DUTY=0
HEAT_2_TEMP=28
HEAT_2_DUTY=0
HEAT_3_TEMP=31
HEAT_3_DUTY=0
HEAT_4_TEMP=28
HEAT_4_DUTY=20

[20:53:18.103 EBOX]
TS=1786203089.633
V_SENSE5=1.02783203125
V_SENSE9=0.0390625
V_SENSE12=0.15380859375
ADC_V5=4.991455078125
ADC_V9=9.01824951171875
ADC_V12=11.717529296875
ADC_V28=27.8070068359375
THERMAL_SENS_OUT_1=27
THERMAL_SENS_OUT_2=-50
THERMAL_SENS_OUT_3=26
THERMAL_SENS_OUT_4=30
THERMAL_SENS_OUT_5=27
THERMAL_SENS_OUT_6=-50
THERMAL_SENS_INT_1=29
THERMAL_SENS_INT_2=29
PG_5=0
PG_9=0
PG_12=0
FLT_P2=0
FLT_P3=0
HEAT_1_TEMP=27
HEAT_1_DUTY=0
HEAT_2_TEMP=26
HEAT_2_DUTY=0
HEAT_3_TEMP=30
HEAT_3_DUTY=0
HEAT_4_TEMP=27
HEAT_4_DUTY=20

[20:53:18.640 EBOX]
TS=1786203090.141
V_SENSE5=1.0400390625
V_SENSE9=0.06103515625
V_SENSE12=0.107421875
ADC_V5=4.8675537109375
ADC_V9=9.19525146484375
ADC_V12=11.63787841796875
ADC_V28=27.435302734375
THERMAL_SENS_OUT_1=27
THERMAL_SENS_OUT_2=-50
THERMAL_SENS_OUT_3=27
THERMAL_SENS_OUT_4=27
THERMAL_SENS_OUT_5=32
THERMAL_SENS_OUT_6=-50
THERMAL_SENS_INT_1=31
THERMAL_SENS_INT_2=27
PG_5=0
PG_9=0
PG_12=0
FLT_P2=0
FLT_P3=0
HEAT_1_TEMP=27
HEAT_1_DUTY=20
HEAT_2_TEMP=27
HEAT_2_DUTY=0
HEAT_3_TEMP=27
HEAT_3_DUTY=0
HEAT_4_TEMP=32
HEAT_4_DUTY=0

[20:53:19.203 EBOX]
TS=1786203090.637
V_SENSE5=1.04736328125
V_SENSE9=0.0390625
V_SENSE12=0.1171875
ADC_V5=4.92950439453125
ADC_V9=9.15985107421875
ADC_V12=11.72637939453125
ADC_V28=27.9132080078125
THERMAL_SENS_OUT_1=28
THERMAL_SENS_OUT_2=-50
THERMAL_SENS_OUT_3=26
THERMAL_SENS_OUT_4=29
THERMAL_SENS_OUT_5=27
THERMAL_SENS_OUT_6=-50
THERMAL_SENS_INT_1=25
THERMAL_SENS_INT_2=32
PG_5=0
PG_9=0
PG_12=0
FLT_P2=0
FLT_P3=0
HEAT_1_TEMP=28
HEAT_1_DUTY=20
HEAT_2_TEMP=26
HEAT_2_DUTY=0
HEAT_3_TEMP=29
HEAT_3_DUTY=0
HEAT_4_TEMP=27
HEAT_4_DUTY=0

[20:53:19.646 EBOX]
TS=1786203091.140
V_SENSE5=1.0595703125
V_SENSE9=0.06591796875
V_SENSE12=0.1416015625
ADC_V5=4.92950439453125
ADC_V9=9.44305419921875
ADC_V12=11.86798095703125
ADC_V28=27.00164794921875
THERMAL_SENS_OUT_1=27
THERMAL_SENS_OUT_2=-50
THERMAL_SENS_OUT_3=32
THERMAL_SENS_OUT_4=27
THERMAL_SENS_OUT_5=30
THERMAL_SENS_OUT_6=-50
THERMAL_SENS_INT_1=29
THERMAL_SENS_INT_2=28
PG_5=0
PG_9=0
PG_12=0
FLT_P2=0
FLT_P3=0
HEAT_1_TEMP=27
HEAT_1_DUTY=0
HEAT_2_TEMP=32
HEAT_2_DUTY=20
HEAT_3_TEMP=27
HEAT_3_DUTY=0
HEAT_4_TEMP=30
HEAT_4_DUTY=0

[20:53:20.186 EBOX]
TS=1786203091.640
V_SENSE5=1.09130859375
V_SENSE9=0.0341796875
V_SENSE12=0.12939453125
ADC_V5=4.82330322265625
ADC_V9=8.87664794921875
ADC_V12=12.02728271484375
ADC_V28=27.7362060546875
THERMAL_SENS_OUT_1=27
THERMAL_SENS_OUT_2=-50
THERMAL_SENS_OUT_3=26
THERMAL_SENS_OUT_4=28
THERMAL_SENS_OUT_5=31
THERMAL_SENS_OUT_6=-50
THERMAL_SENS_INT_1=30
THERMAL_SENS_INT_2=31
PG_5=0
PG_9=0
PG_12=0
FLT_P2=0
FLT_P3=0
HEAT_1_TEMP=27
HEAT_1_DUTY=0
HEAT_2_TEMP=26
HEAT_2_DUTY=20
HEAT_3_TEMP=28
HEAT_3_DUTY=0
HEAT_4_TEMP=31
HEAT_4_DUTY=0

[20:53:20.624 EBOX]
TS=1786203092.134
V_SENSE5=1.1279296875
V_SENSE9=0.0341796875
V_SENSE12=0.10009765625
ADC_V5=5.00030517578125
ADC_V9=9.33685302734375
ADC_V12=11.93878173828125
ADC_V28=28.1256103515625
THERMAL_SENS_OUT_1=27
THERMAL_SENS_OUT_2=-50
THERMAL_SENS_OUT_3=32
THERMAL_SENS_OUT_4=27
THERMAL_SENS_OUT_5=30
THERMAL_SENS_OUT_6=-50
THERMAL_SENS_INT_1=24
THERMAL_SENS_INT_2=28
PG_5=0
PG_9=0
PG_12=0
FLT_P2=0
FLT_P3=0
HEAT_1_TEMP=27
HEAT_1_DUTY=0
HEAT_2_TEMP=32
HEAT_2_DUTY=0
HEAT_3_TEMP=27
HEAT_3_DUTY=20
HEAT_4_TEMP=30
HEAT_4_DUTY=0

[20:53:21.162 EBOX]
TS=1786203092.635
V_SENSE5=1.15234375
V_SENSE9=0.03662109375
V_SENSE12=0.1171875
ADC_V5=4.8675537109375
ADC_V9=9.2041015625
ADC_V12=11.72637939453125
ADC_V28=27.42645263671875
THERMAL_SENS_OUT_1=29
THERMAL_SENS_OUT_2=-50
THERMAL_SENS_OUT_3=30
THERMAL_SENS_OUT_4=28
THERMAL_SENS_OUT_5=32
THERMAL_SENS_OUT_6=-50
THERMAL_SENS_INT_1=28
THERMAL_SENS_INT_2=29
PG_5=0
PG_9=0
PG_12=0
FLT_P2=0
FLT_P3=0
HEAT_1_TEMP=29
HEAT_1_DUTY=0
HEAT_2_TEMP=30
HEAT_2_DUTY=0
HEAT_3_TEMP=28
HEAT_3_DUTY=20
HEAT_4_TEMP=32
HEAT_4_DUTY=0

[20:53:21.600 EBOX]
TS=1786203093.136
V_SENSE5=1.09375
V_SENSE9=0.0341796875
V_SENSE12=0.13427734375
ADC_V5=4.991455078125
ADC_V9=9.31915283203125
ADC_V12=11.859130859375
ADC_V28=28.001708984375
THERMAL_SENS_OUT_1=26
THERMAL_SENS_OUT_2=-50
THERMAL_SENS_OUT_3=26
THERMAL_SENS_OUT_4=30
THERMAL_SENS_OUT_5=27
THERMAL_SENS_OUT_6=-50
THERMAL_SENS_INT_1=25
THERMAL_SENS_INT_2=30
PG_5=0
PG_9=0
PG_12=0
FLT_P2=0
FLT_P3=0
HEAT_1_TEMP=26
HEAT_1_DUTY=0
HEAT_2_TEMP=26
HEAT_2_DUTY=0
HEAT_3_TEMP=30
HEAT_3_DUTY=0
HEAT_4_TEMP=27
HEAT_4_DUTY=20

[20:53:22.148 EBOX]
TS=1786203093.637
V_SENSE5=1.11572265625
V_SENSE9=0.0341796875
V_SENSE12=0.11474609375
ADC_V5=4.9737548828125
ADC_V9=9.0625
ADC_V12=11.8768310546875
ADC_V28=28.01055908203125
THERMAL_SENS_OUT_1=29
THERMAL_SENS_OUT_2=-50
THERMAL_SENS_OUT_3=27
THERMAL_SENS_OUT_4=30
THERMAL_SENS_OUT_5=32
THERMAL_SENS_OUT_6=-50
THERMAL_SENS_INT_1=25
THERMAL_SENS_INT_2=28
PG_5=0
PG_9=0
PG_12=0
FLT_P2=0
FLT_P3=0
HEAT_1_TEMP=29
HEAT_1_DUTY=0
HEAT_2_TEMP=27
HEAT_2_DUTY=0
HEAT_3_TEMP=30
HEAT_3_DUTY=0
HEAT_4_TEMP=32
HEAT_4_DUTY=20

[20:53:22.719 EBOX]
TS=1786203094.152
V_SENSE5=1.0498046875
V_SENSE9=0.0390625
V_SENSE12=0.1025390625
ADC_V5=4.84100341796875
ADC_V9=9.4873046875
ADC_V12=11.717529296875
ADC_V28=27.09014892578125
THERMAL_SENS_OUT_1=26
THERMAL_SENS_OUT_2=-50
THERMAL_SENS_OUT_3=29
THERMAL_SENS_OUT_4=34
THERMAL_SENS_OUT_5=28
THERMAL_SENS_OUT_6=-50
THERMAL_SENS_INT_1=27
THERMAL_SENS_INT_2=25
PG_5=0
PG_9=0
PG_12=0
FLT_P2=0
FLT_P3=0
HEAT_1_TEMP=26
HEAT_1_DUTY=20
HEAT_2_TEMP=29
HEAT_2_DUTY=0
HEAT_3_TEMP=34
HEAT_3_DUTY=0
HEAT_4_TEMP=28
HEAT_4_DUTY=0

[20:53:23.156 EBOX]
TS=1786203094.647
V_SENSE5=1.12060546875
V_SENSE9=0.0341796875
V_SENSE12=0.1123046875
ADC_V5=4.9560546875
ADC_V9=9.2926025390625
ADC_V12=11.85028076171875
ADC_V28=27.81585693359375
THERMAL_SENS_OUT_1=33
THERMAL_SENS_OUT_2=-50
THERMAL_SENS_OUT_3=27
THERMAL_SENS_OUT_4=29
THERMAL_SENS_OUT_5=29
THERMAL_SENS_OUT_6=-50
THERMAL_SENS_INT_1=26
THERMAL_SENS_INT_2=27
PG_5=0
PG_9=0
PG_12=0
FLT_P2=0
FLT_P3=0
HEAT_1_TEMP=33
HEAT_1_DUTY=20
HEAT_2_TEMP=27
HEAT_2_DUTY=0
HEAT_3_TEMP=29
HEAT_3_DUTY=0
HEAT_4_TEMP=29
HEAT_4_DUTY=0

[20:53:23.721 EBOX]
TS=1786203095.148
V_SENSE5=1.08642578125
V_SENSE9=0.04150390625
V_SENSE12=0.10986328125
ADC_V5=4.98260498046875
ADC_V9=9.10675048828125
ADC_V12=11.89453125
ADC_V28=27.07244873046875
THERMAL_SENS_OUT_1=29
THERMAL_SENS_OUT_2=-50
THERMAL_SENS_OUT_3=26
THERMAL_SENS_OUT_4=31
THERMAL_SENS_OUT_5=29
THERMAL_SENS_OUT_6=-50
THERMAL_SENS_INT_1=27
THERMAL_SENS_INT_2=30
PG_5=0
PG_9=0
PG_12=0
FLT_P2=0
FLT_P3=0
HEAT_1_TEMP=29
HEAT_1_DUTY=0
HEAT_2_TEMP=26
HEAT_2_DUTY=20
HEAT_3_TEMP=31
HEAT_3_DUTY=0
HEAT_4_TEMP=29
HEAT_4_DUTY=0

[20:53:24.157 EBOX]
TS=1786203095.650
V_SENSE5=1.01318359375
V_SENSE9=0.0390625
V_SENSE12=0.1123046875
ADC_V5=4.8321533203125
ADC_V9=9.12445068359375
ADC_V12=11.6644287109375
ADC_V28=27.79815673828125
THERMAL_SENS_OUT_1=32
THERMAL_SENS_OUT_2=-50
THERMAL_SENS_OUT_3=27
THERMAL_SENS_OUT_4=33
THERMAL_SENS_OUT_5=31
THERMAL_SENS_OUT_6=-50
THERMAL_SENS_INT_1=27
THERMAL_SENS_INT_2=26
PG_5=0
PG_9=0
PG_12=0
FLT_P2=0
FLT_P3=0
HEAT_1_TEMP=32
HEAT_1_DUTY=0
HEAT_2_TEMP=27
HEAT_2_DUTY=20
HEAT_3_TEMP=33
HEAT_3_DUTY=0
HEAT_4_TEMP=31
HEAT_4_DUTY=0

[20:53:24.713 EBOX]
TS=1786203096.151
V_SENSE5=1.02783203125
V_SENSE9=0.0341796875
V_SENSE12=0.09765625
ADC_V5=4.9383544921875
ADC_V9=9.2572021484375
ADC_V12=11.81488037109375
ADC_V28=27.930908203125
THERMAL_SENS_OUT_1=27
THERMAL_SENS_OUT_2=-50
THERMAL_SENS_OUT_3=26
THERMAL_SENS_OUT_4=27
THERMAL_SENS_OUT_5=34
THERMAL_SENS_OUT_6=-50
THERMAL_SENS_INT_1=25
THERMAL_SENS_INT_2=28
PG_5=0
PG_9=0
PG_12=0
FLT_P2=0
FLT_P3=0
HEAT_1_TEMP=27
HEAT_1_DUTY=0
HEAT_2_TEMP=26
HEAT_2_DUTY=0
HEAT_3_TEMP=27
HEAT_3_DUTY=20
HEAT_4_TEMP=34
HEAT_4_DUTY=0

[20:53:25.148 EBOX]
TS=1786203096.655
V_SENSE5=1.07177734375
V_SENSE9=0.0341796875
V_SENSE12=0.12939453125
ADC_V5=4.9383544921875
ADC_V9=8.80584716796875
ADC_V12=11.83258056640625
ADC_V28=27.5946044921875
THERMAL_SENS_OUT_1=28
THERMAL_SENS_OUT_2=-50
THERMAL_SENS_OUT_3=28
THERMAL_SENS_OUT_4=28
THERMAL_SENS_OUT_5=31
THERMAL_SENS_OUT_6=-50
THERMAL_SENS_INT_1=26
THERMAL_SENS_INT_2=29
PG_5=0
PG_9=0
PG_12=0
FLT_P2=0
FLT_P3=0
HEAT_1_TEMP=28
HEAT_1_DUTY=0
HEAT_2_TEMP=28
HEAT_2_DUTY=0
HEAT_3_TEMP=28
HEAT_3_DUTY=20
HEAT_4_TEMP=31
HEAT_4_DUTY=0

[20:53:25.690 EBOX]
TS=1786203097.159
V_SENSE5=1.12060546875
V_SENSE9=0.0341796875
V_SENSE12=0.12451171875
ADC_V5=4.849853515625
ADC_V9=9.451904296875
ADC_V12=11.505126953125
ADC_V28=27.49725341796875
THERMAL_SENS_OUT_1=32
THERMAL_SENS_OUT_2=-50
THERMAL_SENS_OUT_3=26
THERMAL_SENS_OUT_4=31
THERMAL_SENS_OUT_5=28
THERMAL_SENS_OUT_6=-50
THERMAL_SENS_INT_1=25
THERMAL_SENS_INT_2=29
PG_5=0
PG_9=0
PG_12=0
FLT_P2=0
FLT_P3=0
HEAT_1_TEMP=32
HEAT_1_DUTY=0
HEAT_2_TEMP=26
HEAT_2_DUTY=0
HEAT_3_TEMP=31
HEAT_3_DUTY=0
HEAT_4_TEMP=28
HEAT_4_DUTY=20

[20:53:26.131 EBOX]
TS=1786203097.650
V_SENSE5=1.14501953125
V_SENSE9=0.03662109375
V_SENSE12=0.13916015625
ADC_V5=5.23040771484375
ADC_V9=9.10675048828125
ADC_V12=11.63787841796875
ADC_V28=27.05474853515625
THERMAL_SENS_OUT_1=28
THERMAL_SENS_OUT_2=-50
THERMAL_SENS_OUT_3=31
THERMAL_SENS_OUT_4=28
THERMAL_SENS_OUT_5=34
THERMAL_SENS_OUT_6=-50
THERMAL_SENS_INT_1=26
THERMAL_SENS_INT_2=26
PG_5=0
PG_9=0
PG_12=0
FLT_P2=0
FLT_P3=0
HEAT_1_TEMP=28
HEAT_1_DUTY=0
HEAT_2_TEMP=31
HEAT_2_DUTY=0
HEAT_3_TEMP=28
HEAT_3_DUTY=0
HEAT_4_TEMP=34
HEAT_4_DUTY=20

[20:53:26.673 EBOX]
TS=1786203098.151
V_SENSE5=1.1328125
V_SENSE9=0.0390625
V_SENSE12=0.15380859375
ADC_V5=4.91180419921875
ADC_V9=9.30145263671875
ADC_V12=11.63787841796875
ADC_V28=28.10791015625
THERMAL_SENS_OUT_1=31
THERMAL_SENS_OUT_2=-50
THERMAL_SENS_OUT_3=32
THERMAL_SENS_OUT_4=29
THERMAL_SENS_OUT_5=28
THERMAL_SENS_OUT_6=-50
THERMAL_SENS_INT_1=23
THERMAL_SENS_INT_2=28
PG_5=0
PG_9=0
PG_12=0
FLT_P2=0
FLT_P3=0
HEAT_1_TEMP=31
HEAT_1_DUTY=20
HEAT_2_TEMP=32
HEAT_2_DUTY=0
HEAT_3_TEMP=29
HEAT_3_DUTY=0
HEAT_4_TEMP=28
HEAT_4_DUTY=0

[20:53:27.152 EBOX]
TS=1786203098.652
V_SENSE5=1.13037109375
V_SENSE9=0.0390625
V_SENSE12=0.10009765625
ADC_V5=4.82330322265625
ADC_V9=9.00054931640625
ADC_V12=11.5582275390625
ADC_V28=27.8955078125
THERMAL_SENS_OUT_1=29
THERMAL_SENS_OUT_2=-50
THERMAL_SENS_OUT_3=26
THERMAL_SENS_OUT_4=30
THERMAL_SENS_OUT_5=28
THERMAL_SENS_OUT_6=-50
THERMAL_SENS_INT_1=24
THERMAL_SENS_INT_2=30
PG_5=0
PG_9=0
PG_12=0
FLT_P2=0
FLT_P3=0
HEAT_1_TEMP=29
HEAT_1_DUTY=20
HEAT_2_TEMP=26
HEAT_2_DUTY=0
HEAT_3_TEMP=30
HEAT_3_DUTY=0
HEAT_4_TEMP=28
HEAT_4_DUTY=0

[20:53:27.698 EBOX]
TS=1786203099.153
V_SENSE5=1.10595703125
V_SENSE9=0.0390625
V_SENSE12=0.12939453125
ADC_V5=4.9383544921875
ADC_V9=9.21295166015625
ADC_V12=11.8414306640625
ADC_V28=27.0458984375
THERMAL_SENS_OUT_1=29
THERMAL_SENS_OUT_2=-50
THERMAL_SENS_OUT_3=26
THERMAL_SENS_OUT_4=31
THERMAL_SENS_OUT_5=27
THERMAL_SENS_OUT_6=-50
THERMAL_SENS_INT_1=29
THERMAL_SENS_INT_2=27
PG_5=0
PG_9=0
PG_12=0
FLT_P2=0
FLT_P3=0
HEAT_1_TEMP=29
HEAT_1_DUTY=0
HEAT_2_TEMP=26
HEAT_2_DUTY=20
HEAT_3_TEMP=31
HEAT_3_DUTY=0
HEAT_4_TEMP=27
HEAT_4_DUTY=0

[20:53:28.146 EBOX]
TS=1786203099.659
V_SENSE5=1.09130859375
V_SENSE9=0.0390625
V_SENSE12=0.13671875
ADC_V5=4.9560546875
ADC_V9=9.0625
ADC_V12=11.76177978515625
ADC_V28=28.01055908203125
THERMAL_SENS_OUT_1=27
THERMAL_SENS_OUT_2=-50
THERMAL_SENS_OUT_3=31
THERMAL_SENS_OUT_4=33
THERMAL_SENS_OUT_5=27
THERMAL_SENS_OUT_6=-50
THERMAL_SENS_INT_1=26
THERMAL_SENS_INT_2=30
PG_5=0
PG_9=0
PG_12=0
FLT_P2=0
FLT_P3=0
HEAT_1_TEMP=27
HEAT_1_DUTY=0
HEAT_2_TEMP=31
HEAT_2_DUTY=20
HEAT_3_TEMP=33
HEAT_3_DUTY=0
HEAT_4_TEMP=27
HEAT_4_DUTY=0

[20:53:28.703 EBOX]
TS=1786203100.167
V_SENSE5=1.044921875
V_SENSE9=0.0390625
V_SENSE12=0.1171875
ADC_V5=5.0091552734375
ADC_V9=9.37225341796875
ADC_V12=11.88568115234375
ADC_V28=26.96624755859375
THERMAL_SENS_OUT_1=27
THERMAL_SENS_OUT_2=-50
THERMAL_SENS_OUT_3=28
THERMAL_SENS_OUT_4=32
THERMAL_SENS_OUT_5=32
THERMAL_SENS_OUT_6=-50
THERMAL_SENS_INT_1=27
THERMAL_SENS_INT_2=27
PG_5=0
PG_9=0
PG_12=0
FLT_P2=0
FLT_P3=0
HEAT_1_TEMP=27
HEAT_1_DUTY=0
HEAT_2_TEMP=28
HEAT_2_DUTY=0
HEAT_3_TEMP=32
HEAT_3_DUTY=20
HEAT_4_TEMP=32
HEAT_4_DUTY=0

[20:53:29.151 EBOX]
TS=1786203100.668
V_SENSE5=1.10595703125
V_SENSE9=0.0341796875
V_SENSE12=0.126953125
ADC_V5=4.9383544921875
ADC_V9=9.15985107421875
ADC_V12=11.929931640625
ADC_V28=27.97515869140625
THERMAL_SENS_OUT_1=28
THERMAL_SENS_OUT_2=-50
THERMAL_SENS_OUT_3=30
THERMAL_SENS_OUT_4=32
THERMAL_SENS_OUT_5=31
THERMAL_SENS_OUT_6=-50
THERMAL_SENS_INT_1=24
THERMAL_SENS_INT_2=27
PG_5=0
PG_9=0
PG_12=0
FLT_P2=0
FLT_P3=0
HEAT_1_TEMP=28
HEAT_1_DUTY=0
HEAT_2_TEMP=30
HEAT_2_DUTY=0
HEAT_3_TEMP=32
HEAT_3_DUTY=20
HEAT_4_TEMP=31
HEAT_4_DUTY=0

[20:53:53.563 EBOX]
TS=1786203124.557
V_SENSE5=1.03515625
V_SENSE9=0.0341796875
V_SENSE12=0.15380859375
ADC_V5=5.01800537109375
ADC_V9=8.98284912109375
ADC_V12=11.82373046875
ADC_V28=27.83355712890625
THERMAL_SENS_OUT_1=27
THERMAL_SENS_OUT_2=-50
THERMAL_SENS_OUT_3=32
THERMAL_SENS_OUT_4=27
THERMAL_SENS_OUT_5=32
THERMAL_SENS_OUT_6=-50
THERMAL_SENS_INT_1=30
THERMAL_SENS_INT_2=27
PG_5=0
PG_9=0
PG_12=0
FLT_P2=0
FLT_P3=0
HEAT_1_TEMP=27
HEAT_1_DUTY=0
HEAT_2_TEMP=32
HEAT_2_DUTY=0
HEAT_3_TEMP=27
HEAT_3_DUTY=50
HEAT_4_TEMP=32
HEAT_4_DUTY=0

[20:53:55.521 EBOX]
TS=1786203126.554
V_SENSE5=1.0595703125
V_SENSE9=0.03173828125
V_SENSE12=0.1025390625
ADC_V5=4.8321533203125
ADC_V9=8.94744873046875
ADC_V12=11.44317626953125
ADC_V28=27.54150390625
THERMAL_SENS_OUT_1=29
THERMAL_SENS_OUT_2=-50
THERMAL_SENS_OUT_3=31
THERMAL_SENS_OUT_4=29
THERMAL_SENS_OUT_5=33
THERMAL_SENS_OUT_6=-50
THERMAL_SENS_INT_1=31
THERMAL_SENS_INT_2=27
PG_5=0
PG_9=0
PG_12=0
FLT_P2=0
FLT_P3=0
HEAT_1_TEMP=29
HEAT_1_DUTY=50
HEAT_2_TEMP=31
HEAT_2_DUTY=0
HEAT_3_TEMP=29
HEAT_3_DUTY=0
HEAT_4_TEMP=33
HEAT_4_DUTY=0

[20:53:57.497 EBOX]
TS=1786203128.549
V_SENSE5=1.11328125
V_SENSE9=0.0341796875
V_SENSE12=0.1318359375
ADC_V5=5.00030517578125
ADC_V9=9.19525146484375
ADC_V12=11.85028076171875
ADC_V28=27.24945068359375
THERMAL_SENS_OUT_1=28
THERMAL_SENS_OUT_2=-50
THERMAL_SENS_OUT_3=29
THERMAL_SENS_OUT_4=29
THERMAL_SENS_OUT_5=32
THERMAL_SENS_OUT_6=-50
THERMAL_SENS_INT_1=28
THERMAL_SENS_INT_2=26
PG_5=0
PG_9=0
PG_12=0
FLT_P2=0
FLT_P3=0
HEAT_1_TEMP=28
HEAT_1_DUTY=0
HEAT_2_TEMP=29
HEAT_2_DUTY=0
HEAT_3_TEMP=29
HEAT_3_DUTY=50
HEAT_4_TEMP=32
HEAT_4_DUTY=0

[20:53:59.562 EBOX]
TS=1786203130.552
V_SENSE5=1.11083984375
V_SENSE9=0.03662109375
V_SENSE12=0.13427734375
ADC_V5=5.15960693359375
ADC_V9=9.0093994140625
ADC_V12=11.56707763671875
ADC_V28=27.65655517578125
THERMAL_SENS_OUT_1=32
THERMAL_SENS_OUT_2=-50
THERMAL_SENS_OUT_3=32
THERMAL_SENS_OUT_4=27
THERMAL_SENS_OUT_5=30
THERMAL_SENS_OUT_6=-50
THERMAL_SENS_INT_1=26
THERMAL_SENS_INT_2=31
PG_5=0
PG_9=0
PG_12=0
FLT_P2=0
FLT_P3=0
HEAT_1_TEMP=32
HEAT_1_DUTY=50
HEAT_2_TEMP=32
HEAT_2_DUTY=0
HEAT_3_TEMP=27
HEAT_3_DUTY=0
HEAT_4_TEMP=30
HEAT_4_DUTY=0

[20:54:01.512 EBOX]
TS=1786203132.560
V_SENSE5=1.0595703125
V_SENSE9=0.06103515625
V_SENSE12=0.10498046875
ADC_V5=4.9029541015625
ADC_V9=9.21295166015625
ADC_V12=11.49627685546875
ADC_V28=27.930908203125
THERMAL_SENS_OUT_1=27
THERMAL_SENS_OUT_2=-50
THERMAL_SENS_OUT_3=27
THERMAL_SENS_OUT_4=33
THERMAL_SENS_OUT_5=31
THERMAL_SENS_OUT_6=-50
THERMAL_SENS_INT_1=25
THERMAL_SENS_INT_2=29
PG_5=0
PG_9=0
PG_12=0
FLT_P2=0
FLT_P3=0
HEAT_1_TEMP=27
HEAT_1_DUTY=0
HEAT_2_TEMP=27
HEAT_2_DUTY=0
HEAT_3_TEMP=33
HEAT_3_DUTY=50
HEAT_4_TEMP=31
HEAT_4_DUTY=0

[20:54:03.593 EBOX]
TS=1786203134.567
V_SENSE5=1.0546875
V_SENSE9=0.0439453125
V_SENSE12=0.19287109375
ADC_V5=4.94720458984375
ADC_V9=9.0625
ADC_V12=11.859130859375
ADC_V28=27.2052001953125
THERMAL_SENS_OUT_1=29
THERMAL_SENS_OUT_2=-50
THERMAL_SENS_OUT_3=27
THERMAL_SENS_OUT_4=31
THERMAL_SENS_OUT_5=34
THERMAL_SENS_OUT_6=-50
THERMAL_SENS_INT_1=25
THERMAL_SENS_INT_2=31
PG_5=0
PG_9=0
PG_12=0
FLT_P2=0
FLT_P3=0
HEAT_1_TEMP=29
HEAT_1_DUTY=0
HEAT_2_TEMP=27
HEAT_2_DUTY=0
HEAT_3_TEMP=31
HEAT_3_DUTY=0
HEAT_4_TEMP=34
HEAT_4_DUTY=50

[20:54:05.562 EBOX]
TS=1786203136.567
V_SENSE5=1.07421875
V_SENSE9=0.03662109375
V_SENSE12=0.13671875
ADC_V5=4.88525390625
ADC_V9=9.55810546875
ADC_V12=11.929931640625
ADC_V28=27.60345458984375
THERMAL_SENS_OUT_1=32
THERMAL_SENS_OUT_2=-50
THERMAL_SENS_OUT_3=29
THERMAL_SENS_OUT_4=32
THERMAL_SENS_OUT_5=33
THERMAL_SENS_OUT_6=-50
THERMAL_SENS_INT_1=26
THERMAL_SENS_INT_2=32
PG_5=0
PG_9=0
PG_12=0
FLT_P2=0
FLT_P3=0
HEAT_1_TEMP=32
HEAT_1_DUTY=0
HEAT_2_TEMP=29
HEAT_2_DUTY=50
HEAT_3_TEMP=32
HEAT_3_DUTY=0
HEAT_4_TEMP=33
HEAT_4_DUTY=0

[20:54:07.519 EBOX]
TS=1786203138.560
V_SENSE5=1.13037109375
V_SENSE9=0.03662109375
V_SENSE12=0.107421875
ADC_V5=4.89410400390625
ADC_V9=9.42535400390625
ADC_V12=11.72637939453125
ADC_V28=27.6654052734375
THERMAL_SENS_OUT_1=30
THERMAL_SENS_OUT_2=-50
THERMAL_SENS_OUT_3=27
THERMAL_SENS_OUT_4=30
THERMAL_SENS_OUT_5=34
THERMAL_SENS_OUT_6=-50
THERMAL_SENS_INT_1=27
THERMAL_SENS_INT_2=31
PG_5=0
PG_9=0
PG_12=0
FLT_P2=0
FLT_P3=0
HEAT_1_TEMP=30
HEAT_1_DUTY=50
HEAT_2_TEMP=27
HEAT_2_DUTY=0
HEAT_3_TEMP=30
HEAT_3_DUTY=0
HEAT_4_TEMP=34
HEAT_4_DUTY=0

[20:54:09.593 EBOX]
TS=1786203140.569
V_SENSE5=1.04736328125
V_SENSE9=0.0341796875
V_SENSE12=0.1318359375
ADC_V5=4.9560546875
ADC_V9=9.07135009765625
ADC_V12=11.859130859375
ADC_V28=26.94854736328125
THERMAL_SENS_OUT_1=30
THERMAL_SENS_OUT_2=-50
THERMAL_SENS_OUT_3=33
THERMAL_SENS_OUT_4=31
THERMAL_SENS_OUT_5=31
THERMAL_SENS_OUT_6=-50
THERMAL_SENS_INT_1=25
THERMAL_SENS_INT_2=26
PG_5=0
PG_9=0
PG_12=0
FLT_P2=0
FLT_P3=0
HEAT_1_TEMP=30
HEAT_1_DUTY=0
HEAT_2_TEMP=33
HEAT_2_DUTY=0
HEAT_3_TEMP=31
HEAT_3_DUTY=50
HEAT_4_TEMP=31
HEAT_4_DUTY=0

[20:54:11.552 EBOX]
TS=1786203142.564
V_SENSE5=1.16943359375
V_SENSE9=0.0390625
V_SENSE12=0.107421875
ADC_V5=4.92950439453125
ADC_V9=9.10675048828125
ADC_V12=11.7352294921875
ADC_V28=27.63885498046875
THERMAL_SENS_OUT_1=30
THERMAL_SENS_OUT_2=-50
THERMAL_SENS_OUT_3=32
THERMAL_SENS_OUT_4=29
THERMAL_SENS_OUT_5=33
THERMAL_SENS_OUT_6=-50
THERMAL_SENS_INT_1=26
THERMAL_SENS_INT_2=30
PG_5=0
PG_9=0
PG_12=0
FLT_P2=0
FLT_P3=0
HEAT_1_TEMP=30
HEAT_1_DUTY=50
HEAT_2_TEMP=32
HEAT_2_DUTY=0
HEAT_3_TEMP=29
HEAT_3_DUTY=0
HEAT_4_TEMP=33
HEAT_4_DUTY=0

[20:54:13.535 EBOX]
TS=1786203144.575
V_SENSE5=1.12060546875
V_SENSE9=0.04150390625
V_SENSE12=0.1513671875
ADC_V5=4.88525390625
ADC_V9=9.4342041015625
ADC_V12=11.929931640625
ADC_V28=27.3114013671875
THERMAL_SENS_OUT_1=33
THERMAL_SENS_OUT_2=-50
THERMAL_SENS_OUT_3=31
THERMAL_SENS_OUT_4=28
THERMAL_SENS_OUT_5=31
THERMAL_SENS_OUT_6=-50
THERMAL_SENS_INT_1=23
THERMAL_SENS_INT_2=27
PG_5=0
PG_9=0
PG_12=0
FLT_P2=0
FLT_P3=0
HEAT_1_TEMP=33
HEAT_1_DUTY=0
HEAT_2_TEMP=31
HEAT_2_DUTY=0
HEAT_3_TEMP=28
HEAT_3_DUTY=50
HEAT_4_TEMP=31
HEAT_4_DUTY=0

[20:54:15.600 EBOX]
TS=1786203146.569
V_SENSE5=1.13037109375
V_SENSE9=0.03662109375
V_SENSE12=0.11962890625
ADC_V5=4.991455078125
ADC_V9=9.14215087890625
ADC_V12=11.44317626953125
ADC_V28=27.718505859375
THERMAL_SENS_OUT_1=32
THERMAL_SENS_OUT_2=-50
THERMAL_SENS_OUT_3=31
THERMAL_SENS_OUT_4=29
THERMAL_SENS_OUT_5=32
THERMAL_SENS_OUT_6=-50
THERMAL_SENS_INT_1=27
THERMAL_SENS_INT_2=29
PG_5=0
PG_9=0
PG_12=0
FLT_P2=0
FLT_P3=0
HEAT_1_TEMP=32
HEAT_1_DUTY=50
HEAT_2_TEMP=31
HEAT_2_DUTY=0
HEAT_3_TEMP=29
HEAT_3_DUTY=0
HEAT_4_TEMP=32
HEAT_4_DUTY=0

[20:54:17.553 EBOX]
TS=1786203148.580
V_SENSE5=1.13037109375
V_SENSE9=0.03662109375
V_SENSE12=0.1171875
ADC_V5=4.814453125
ADC_V9=9.1510009765625
ADC_V12=11.70867919921875
ADC_V28=27.85125732421875
THERMAL_SENS_OUT_1=31
THERMAL_SENS_OUT_2=-50
THERMAL_SENS_OUT_3=30
THERMAL_SENS_OUT_4=34
THERMAL_SENS_OUT_5=29
THERMAL_SENS_OUT_6=-50
THERMAL_SENS_INT_1=28
THERMAL_SENS_INT_2=25
PG_5=0
PG_9=0
PG_12=0
FLT_P2=0
FLT_P3=0
HEAT_1_TEMP=31
HEAT_1_DUTY=0
HEAT_2_TEMP=30
HEAT_2_DUTY=0
HEAT_3_TEMP=34
HEAT_3_DUTY=50
HEAT_4_TEMP=29
HEAT_4_DUTY=0

[20:54:19.515 EBOX]
TS=1786203150.580
V_SENSE5=1.09375
V_SENSE9=0.03662109375
V_SENSE12=0.11962890625
ADC_V5=4.849853515625
ADC_V9=9.42535400390625
ADC_V12=11.93878173828125
ADC_V28=27.1697998046875
THERMAL_SENS_OUT_1=29
THERMAL_SENS_OUT_2=-50
THERMAL_SENS_OUT_3=30
THERMAL_SENS_OUT_4=28
THERMAL_SENS_OUT_5=29
THERMAL_SENS_OUT_6=-50
THERMAL_SENS_INT_1=30
THERMAL_SENS_INT_2=26
PG_5=0
PG_9=0
PG_12=0
FLT_P2=0
FLT_P3=0
HEAT_1_TEMP=29
HEAT_1_DUTY=50
HEAT_2_TEMP=30
HEAT_2_DUTY=0
HEAT_3_TEMP=28
HEAT_3_DUTY=0
HEAT_4_TEMP=29
HEAT_4_DUTY=0

[20:54:21.579 EBOX]
TS=1786203152.573
V_SENSE5=1.12060546875
V_SENSE9=0.0341796875
V_SENSE12=0.19287109375
ADC_V5=4.9383544921875
ADC_V9=8.96514892578125
ADC_V12=11.76177978515625
ADC_V28=27.96630859375
THERMAL_SENS_OUT_1=32
THERMAL_SENS_OUT_2=-50
THERMAL_SENS_OUT_3=32
THERMAL_SENS_OUT_4=29
THERMAL_SENS_OUT_5=35
THERMAL_SENS_OUT_6=-50
THERMAL_SENS_INT_1=25
THERMAL_SENS_INT_2=31
PG_5=0
PG_9=0
PG_12=0
FLT_P2=0
FLT_P3=0
HEAT_1_TEMP=32
HEAT_1_DUTY=0
HEAT_2_TEMP=32
HEAT_2_DUTY=0
HEAT_3_TEMP=29
HEAT_3_DUTY=50
HEAT_4_TEMP=35
HEAT_4_DUTY=0

[20:54:23.540 EBOX]
TS=1786203154.576
V_SENSE5=1.16943359375
V_SENSE9=0.0390625
V_SENSE12=0.09765625
ADC_V5=4.92950439453125
ADC_V9=9.1510009765625
ADC_V12=11.88568115234375
ADC_V28=27.25830078125
THERMAL_SENS_OUT_1=28
THERMAL_SENS_OUT_2=-50
THERMAL_SENS_OUT_3=30
THERMAL_SENS_OUT_4=31
THERMAL_SENS_OUT_5=30
THERMAL_SENS_OUT_6=-50
THERMAL_SENS_INT_1=24
THERMAL_SENS_INT_2=30
PG_5=0
PG_9=0
PG_12=0
FLT_P2=0
FLT_P3=0
HEAT_1_TEMP=28
HEAT_1_DUTY=50
HEAT_2_TEMP=30
HEAT_2_DUTY=0
HEAT_3_TEMP=31
HEAT_3_DUTY=0
HEAT_4_TEMP=30
HEAT_4_DUTY=0

[20:54:25.595 EBOX]
TS=1786203156.578
V_SENSE5=1.14501953125
V_SENSE9=0.0390625
V_SENSE12=0.1220703125
ADC_V5=4.88525390625
ADC_V9=9.12445068359375
ADC_V12=11.8768310546875
ADC_V28=27.7362060546875
THERMAL_SENS_OUT_1=34
THERMAL_SENS_OUT_2=-50
THERMAL_SENS_OUT_3=27
THERMAL_SENS_OUT_4=30
THERMAL_SENS_OUT_5=30
THERMAL_SENS_OUT_6=-50
THERMAL_SENS_INT_1=24
THERMAL_SENS_INT_2=29
PG_5=0
PG_9=0
PG_12=0
FLT_P2=0
FLT_P3=0
HEAT_1_TEMP=34
HEAT_1_DUTY=0
HEAT_2_TEMP=27
HEAT_2_DUTY=0
HEAT_3_TEMP=30
HEAT_3_DUTY=50
HEAT_4_TEMP=30
HEAT_4_DUTY=0

[20:54:27.550 EBOX]
TS=1786203158.580
V_SENSE5=1.1181640625
V_SENSE9=0.03662109375
V_SENSE12=0.17333984375
ADC_V5=4.9560546875
ADC_V9=9.27490234375
ADC_V12=11.611328125
ADC_V28=27.17864990234375
THERMAL_SENS_OUT_1=33
THERMAL_SENS_OUT_2=-50
THERMAL_SENS_OUT_3=33
THERMAL_SENS_OUT_4=29
THERMAL_SENS_OUT_5=36
THERMAL_SENS_OUT_6=-50
THERMAL_SENS_INT_1=24
THERMAL_SENS_INT_2=29
PG_5=0
PG_9=0
PG_12=0
FLT_P2=0
FLT_P3=0
HEAT_1_TEMP=33
HEAT_1_DUTY=50
HEAT_2_TEMP=33
HEAT_2_DUTY=0
HEAT_3_TEMP=29
HEAT_3_DUTY=0
HEAT_4_TEMP=36
HEAT_4_DUTY=0

[20:54:29.600 EBOX]
TS=1786203160.591
V_SENSE5=1.1083984375
V_SENSE9=0.0390625
V_SENSE12=0.13427734375
ADC_V5=4.9560546875
ADC_V9=9.40765380859375
ADC_V12=11.90338134765625
ADC_V28=27.435302734375
THERMAL_SENS_OUT_1=31
THERMAL_SENS_OUT_2=-50
THERMAL_SENS_OUT_3=27
THERMAL_SENS_OUT_4=30
THERMAL_SENS_OUT_5=35
THERMAL_SENS_OUT_6=-50
THERMAL_SENS_INT_1=27
THERMAL_SENS_INT_2=28
PG_5=0
PG_9=0
PG_12=0
FLT_P2=0
FLT_P3=0
HEAT_1_TEMP=31
HEAT_1_DUTY=0
HEAT_2_TEMP=27
HEAT_2_DUTY=0
HEAT_3_TEMP=30
HEAT_3_DUTY=50
HEAT_4_TEMP=35
HEAT_4_DUTY=0

[20:54:31.565 EBOX]
TS=1786203162.583
V_SENSE5=1.13525390625
V_SENSE9=0.0341796875
V_SENSE12=0.126953125
ADC_V5=4.94720458984375
ADC_V9=9.381103515625
ADC_V12=11.47857666015625
ADC_V28=27.78045654296875
THERMAL_SENS_OUT_1=32
THERMAL_SENS_OUT_2=-50
THERMAL_SENS_OUT_3=32
THERMAL_SENS_OUT_4=30
THERMAL_SENS_OUT_5=32
THERMAL_SENS_OUT_6=-50
THERMAL_SENS_INT_1=26
THERMAL_SENS_INT_2=28
PG_5=0
PG_9=0
PG_12=0
FLT_P2=0
FLT_P3=0
HEAT_1_TEMP=32
HEAT_1_DUTY=50
HEAT_2_TEMP=32
HEAT_2_DUTY=0
HEAT_3_TEMP=30
HEAT_3_DUTY=0
HEAT_4_TEMP=32
HEAT_4_DUTY=0

[20:54:33.613 EBOX]
TS=1786203164.591
V_SENSE5=1.07421875
V_SENSE9=0.0341796875
V_SENSE12=0.107421875
ADC_V5=4.98260498046875
ADC_V9=8.9208984375
ADC_V12=11.7352294921875
ADC_V28=27.7008056640625
THERMAL_SENS_OUT_1=33
THERMAL_SENS_OUT_2=-50
THERMAL_SENS_OUT_3=32
THERMAL_SENS_OUT_4=33
THERMAL_SENS_OUT_5=30
THERMAL_SENS_OUT_6=-50
THERMAL_SENS_INT_1=24
THERMAL_SENS_INT_2=25
PG_5=0
PG_9=0
PG_12=0
FLT_P2=0
FLT_P3=0
HEAT_1_TEMP=33
HEAT_1_DUTY=0
HEAT_2_TEMP=32
HEAT_2_DUTY=0
HEAT_3_TEMP=33
HEAT_3_DUTY=50
HEAT_4_TEMP=30
HEAT_4_DUTY=0

[20:54:35.587 EBOX]
TS=1786203166.588
V_SENSE5=1.15234375
V_SENSE9=0.0341796875
V_SENSE12=0.126953125
ADC_V5=4.89410400390625
ADC_V9=8.885498046875
ADC_V12=11.6644287109375
ADC_V28=27.55035400390625
THERMAL_SENS_OUT_1=34
THERMAL_SENS_OUT_2=-50
THERMAL_SENS_OUT_3=33
THERMAL_SENS_OUT_4=30
THERMAL_SENS_OUT_5=32
THERMAL_SENS_OUT_6=-50
THERMAL_SENS_INT_1=25
THERMAL_SENS_INT_2=31
PG_5=0
PG_9=0
PG_12=0
FLT_P2=0
FLT_P3=0
HEAT_1_TEMP=34
HEAT_1_DUTY=50
HEAT_2_TEMP=33
HEAT_2_DUTY=0
HEAT_3_TEMP=30
HEAT_3_DUTY=0
HEAT_4_TEMP=32
HEAT_4_DUTY=0

[20:54:37.542 EBOX]
TS=1786203168.605
V_SENSE5=1.0205078125
V_SENSE9=0.0390625
V_SENSE12=0.1123046875
ADC_V5=5.08880615234375
ADC_V9=9.15985107421875
ADC_V12=11.646728515625
ADC_V28=27.8955078125
THERMAL_SENS_OUT_1=29
THERMAL_SENS_OUT_2=-50
THERMAL_SENS_OUT_3=28
THERMAL_SENS_OUT_4=32
THERMAL_SENS_OUT_5=37
THERMAL_SENS_OUT_6=-50
THERMAL_SENS_INT_1=30
THERMAL_SENS_INT_2=27
PG_5=0
PG_9=0
PG_12=0
FLT_P2=0
FLT_P3=0
HEAT_1_TEMP=29
HEAT_1_DUTY=0
HEAT_2_TEMP=28
HEAT_2_DUTY=0
HEAT_3_TEMP=32
HEAT_3_DUTY=50
HEAT_4_TEMP=37
HEAT_4_DUTY=0

[20:54:39.598 EBOX]
TS=1786203170.593
V_SENSE5=1.103515625
V_SENSE9=0.0390625
V_SENSE12=0.1025390625
ADC_V5=4.92950439453125
ADC_V9=9.345703125
ADC_V12=11.788330078125
ADC_V28=27.789306640625
THERMAL_SENS_OUT_1=30
THERMAL_SENS_OUT_2=-50
THERMAL_SENS_OUT_3=32
THERMAL_SENS_OUT_4=30
THERMAL_SENS_OUT_5=35
THERMAL_SENS_OUT_6=-50
THERMAL_SENS_INT_1=30
THERMAL_SENS_INT_2=27
PG_5=0
PG_9=0
PG_12=0
FLT_P2=0
FLT_P3=0
HEAT_1_TEMP=30
HEAT_1_DUTY=50
HEAT_2_TEMP=32
HEAT_2_DUTY=0
HEAT_3_TEMP=30
HEAT_3_DUTY=0
HEAT_4_TEMP=35
HEAT_4_DUTY=0

[20:54:41.553 EBOX]
TS=1786203172.594
V_SENSE5=1.2109375
V_SENSE9=0.0390625
V_SENSE12=0.1123046875
ADC_V5=4.98260498046875
ADC_V9=8.885498046875
ADC_V12=11.7352294921875
ADC_V28=27.96630859375
THERMAL_SENS_OUT_1=33
THERMAL_SENS_OUT_2=-50
THERMAL_SENS_OUT_3=29
THERMAL_SENS_OUT_4=34
THERMAL_SENS_OUT_5=33
THERMAL_SENS_OUT_6=-50
THERMAL_SENS_INT_1=27
THERMAL_SENS_INT_2=27
PG_5=0
PG_9=0
PG_12=0
FLT_P2=0
FLT_P3=0
HEAT_1_TEMP=33
HEAT_1_DUTY=0
HEAT_2_TEMP=29
HEAT_2_DUTY=0
HEAT_3_TEMP=34
HEAT_3_DUTY=50
HEAT_4_TEMP=33
HEAT_4_DUTY=0

[20:54:43.605 EBOX]
TS=1786203174.603
V_SENSE5=1.1181640625
V_SENSE9=0.03662109375
V_SENSE12=0.1171875
ADC_V5=4.920654296875
ADC_V9=9.451904296875
ADC_V12=11.74407958984375
ADC_V28=27.7716064453125
THERMAL_SENS_OUT_1=28
THERMAL_SENS_OUT_2=-50
THERMAL_SENS_OUT_3=33
THERMAL_SENS_OUT_4=34
THERMAL_SENS_OUT_5=36
THERMAL_SENS_OUT_6=-50
THERMAL_SENS_INT_1=24
THERMAL_SENS_INT_2=26
PG_5=0
PG_9=0
PG_12=0
FLT_P2=0
FLT_P3=0
HEAT_1_TEMP=28
HEAT_1_DUTY=50
HEAT_2_TEMP=33
HEAT_2_DUTY=0
HEAT_3_TEMP=34
HEAT_3_DUTY=0
HEAT_4_TEMP=36
HEAT_4_DUTY=0

[20:54:45.562 EBOX]
TS=1786203176.599
V_SENSE5=1.19873046875
V_SENSE9=0.0341796875
V_SENSE12=0.107421875
ADC_V5=4.9383544921875
ADC_V9=8.9739990234375
ADC_V12=11.83258056640625
ADC_V28=27.88665771484375
THERMAL_SENS_OUT_1=29
THERMAL_SENS_OUT_2=-50
THERMAL_SENS_OUT_3=33
THERMAL_SENS_OUT_4=29
THERMAL_SENS_OUT_5=33
THERMAL_SENS_OUT_6=-50
THERMAL_SENS_INT_1=23
THERMAL_SENS_INT_2=27
PG_5=0
PG_9=0
PG_12=0
FLT_P2=0
FLT_P3=0
HEAT_1_TEMP=29
HEAT_1_DUTY=0
HEAT_2_TEMP=33
HEAT_2_DUTY=0
HEAT_3_TEMP=29
HEAT_3_DUTY=50
HEAT_4_TEMP=33
HEAT_4_DUTY=0

[20:54:47.615 EBOX]
TS=1786203178.611
V_SENSE5=1.04736328125
V_SENSE9=0.03662109375
V_SENSE12=0.1220703125
ADC_V5=4.849853515625
ADC_V9=9.0093994140625
ADC_V12=11.62017822265625
ADC_V28=27.6300048828125
THERMAL_SENS_OUT_1=29
THERMAL_SENS_OUT_2=-50
THERMAL_SENS_OUT_3=34
THERMAL_SENS_OUT_4=29
THERMAL_SENS_OUT_5=31
THERMAL_SENS_OUT_6=-50
THERMAL_SENS_INT_1=24
THERMAL_SENS_INT_2=30
PG_5=0
PG_9=0
PG_12=0
FLT_P2=0
FLT_P3=0
HEAT_1_TEMP=29
HEAT_1_DUTY=50
HEAT_2_TEMP=34
HEAT_2_DUTY=0
HEAT_3_TEMP=29
HEAT_3_DUTY=0
HEAT_4_TEMP=31
HEAT_4_DUTY=0

[20:54:49.563 EBOX]
TS=1786203180.602
V_SENSE5=1.23291015625
V_SENSE9=0.0390625
V_SENSE12=0.13671875
ADC_V5=4.991455078125
ADC_V9=9.31915283203125
ADC_V12=11.90338134765625
ADC_V28=27.33795166015625
THERMAL_SENS_OUT_1=29
THERMAL_SENS_OUT_2=-50
THERMAL_SENS_OUT_3=29
THERMAL_SENS_OUT_4=33
THERMAL_SENS_OUT_5=32
THERMAL_SENS_OUT_6=-50
THERMAL_SENS_INT_1=27
THERMAL_SENS_INT_2=27
PG_5=0
PG_9=0
PG_12=0
FLT_P2=0
FLT_P3=0
HEAT_1_TEMP=29
HEAT_1_DUTY=0
HEAT_2_TEMP=29
HEAT_2_DUTY=0
HEAT_3_TEMP=33
HEAT_3_DUTY=50
HEAT_4_TEMP=32
HEAT_4_DUTY=0

[20:54:51.625 EBOX]
TS=1786203182.605
V_SENSE5=1.1474609375
V_SENSE9=0.0341796875
V_SENSE12=0.1025390625
ADC_V5=4.9737548828125
ADC_V9=9.2572021484375
ADC_V12=11.5936279296875
ADC_V28=27.88665771484375
THERMAL_SENS_OUT_1=31
THERMAL_SENS_OUT_2=-50
THERMAL_SENS_OUT_3=30
THERMAL_SENS_OUT_4=31
THERMAL_SENS_OUT_5=33
THERMAL_SENS_OUT_6=-50
THERMAL_SENS_INT_1=24
THERMAL_SENS_INT_2=28
PG_5=0
PG_9=0
PG_12=0
FLT_P2=0
FLT_P3=0
HEAT_1_TEMP=31
HEAT_1_DUTY=50
HEAT_2_TEMP=30
HEAT_2_DUTY=0
HEAT_3_TEMP=31
HEAT_3_DUTY=0
HEAT_4_TEMP=33
HEAT_4_DUTY=0

[20:54:53.581 EBOX]
TS=1786203184.618
V_SENSE5=1.0595703125
V_SENSE9=0.0390625
V_SENSE12=0.1220703125
ADC_V5=4.96490478515625
ADC_V9=9.2041015625
ADC_V12=11.575927734375
ADC_V28=28.02825927734375
THERMAL_SENS_OUT_1=29
THERMAL_SENS_OUT_2=-50
THERMAL_SENS_OUT_3=29
THERMAL_SENS_OUT_4=33
THERMAL_SENS_OUT_5=31
THERMAL_SENS_OUT_6=-50
THERMAL_SENS_INT_1=30
THERMAL_SENS_INT_2=27
PG_5=0
PG_9=0
PG_12=0
FLT_P2=0
FLT_P3=0
HEAT_1_TEMP=29
HEAT_1_DUTY=0
HEAT_2_TEMP=29
HEAT_2_DUTY=0
HEAT_3_TEMP=33
HEAT_3_DUTY=50
HEAT_4_TEMP=31
HEAT_4_DUTY=0

[20:54:55.630 EBOX]
TS=1786203186.616
V_SENSE5=1.06689453125
V_SENSE9=0.0390625
V_SENSE12=0.11962890625
ADC_V5=5.0445556640625
ADC_V9=9.62890625
ADC_V12=11.6998291015625
ADC_V28=28.10791015625
THERMAL_SENS_OUT_1=31
THERMAL_SENS_OUT_2=-50
THERMAL_SENS_OUT_3=30
THERMAL_SENS_OUT_4=28
THERMAL_SENS_OUT_5=32
THERMAL_SENS_OUT_6=-50
THERMAL_SENS_INT_1=31
THERMAL_SENS_INT_2=26
PG_5=0
PG_9=0
PG_12=0
FLT_P2=0
FLT_P3=0
HEAT_1_TEMP=31
HEAT_1_DUTY=50
HEAT_2_TEMP=30
HEAT_2_DUTY=0
HEAT_3_TEMP=28
HEAT_3_DUTY=0
HEAT_4_TEMP=32
HEAT_4_DUTY=0

[20:54:57.578 EBOX]
TS=1786203188.610
V_SENSE5=1.11572265625
V_SENSE9=0.03662109375
V_SENSE12=0.1171875
ADC_V5=4.9383544921875
ADC_V9=9.0447998046875
ADC_V12=11.6998291015625
ADC_V28=27.53265380859375
THERMAL_SENS_OUT_1=32
THERMAL_SENS_OUT_2=-50
THERMAL_SENS_OUT_3=31
THERMAL_SENS_OUT_4=34
THERMAL_SENS_OUT_5=33
THERMAL_SENS_OUT_6=-50
THERMAL_SENS_INT_1=24
THERMAL_SENS_INT_2=30
PG_5=0
PG_9=0
PG_12=0
FLT_P2=0
FLT_P3=0
HEAT_1_TEMP=32
HEAT_1_DUTY=0
HEAT_2_TEMP=31
HEAT_2_DUTY=0
HEAT_3_TEMP=34
HEAT_3_DUTY=50
HEAT_4_TEMP=33
HEAT_4_DUTY=0

[20:54:59.626 EBOX]
TS=1786203190.613
V_SENSE5=1.16943359375
V_SENSE9=0.03173828125
V_SENSE12=0.12451171875
ADC_V5=4.91180419921875
ADC_V9=9.07135009765625
ADC_V12=11.68212890625
ADC_V28=27.47955322265625
THERMAL_SENS_OUT_1=33
THERMAL_SENS_OUT_2=-50
THERMAL_SENS_OUT_3=34
THERMAL_SENS_OUT_4=29
THERMAL_SENS_OUT_5=34
THERMAL_SENS_OUT_6=-50
THERMAL_SENS_INT_1=24
THERMAL_SENS_INT_2=30
PG_5=0
PG_9=0
PG_12=0
FLT_P2=0
FLT_P3=0
HEAT_1_TEMP=33
HEAT_1_DUTY=50
HEAT_2_TEMP=34
HEAT_2_DUTY=0
HEAT_3_TEMP=29
HEAT_3_DUTY=0
HEAT_4_TEMP=34
HEAT_4_DUTY=0

[20:55:01.576 EBOX]
TS=1786203192.622
V_SENSE5=1.103515625
V_SENSE9=0.03662109375
V_SENSE12=0.13671875
ADC_V5=4.88525390625
ADC_V9=8.82354736328125
ADC_V12=11.4697265625
ADC_V28=27.9132080078125
THERMAL_SENS_OUT_1=33
THERMAL_SENS_OUT_2=-50
THERMAL_SENS_OUT_3=30
THERMAL_SENS_OUT_4=32
THERMAL_SENS_OUT_5=31
THERMAL_SENS_OUT_6=-50
THERMAL_SENS_INT_1=26
THERMAL_SENS_INT_2=29
PG_5=0
PG_9=0
PG_12=0
FLT_P2=0
FLT_P3=0
HEAT_1_TEMP=33
HEAT_1_DUTY=0
HEAT_2_TEMP=30
HEAT_2_DUTY=0
HEAT_3_TEMP=32
HEAT_3_DUTY=50
HEAT_4_TEMP=31
HEAT_4_DUTY=0

[20:55:03.626 EBOX]
TS=1786203194.616
V_SENSE5=1.103515625
V_SENSE9=0.0390625
V_SENSE12=0.1025390625
ADC_V5=4.96490478515625
ADC_V9=9.40765380859375
ADC_V12=11.85028076171875
ADC_V28=27.88665771484375
THERMAL_SENS_OUT_1=33
THERMAL_SENS_OUT_2=-50
THERMAL_SENS_OUT_3=29
THERMAL_SENS_OUT_4=32
THERMAL_SENS_OUT_5=38
THERMAL_SENS_OUT_6=-50
THERMAL_SENS_INT_1=27
THERMAL_SENS_INT_2=32
PG_5=0
PG_9=0
PG_12=0
FLT_P2=0
FLT_P3=0
HEAT_1_TEMP=33
HEAT_1_DUTY=50
HEAT_2_TEMP=29
HEAT_2_DUTY=0
HEAT_3_TEMP=32
HEAT_3_DUTY=0
HEAT_4_TEMP=38
HEAT_4_DUTY=0

[20:55:05.590 EBOX]
TS=1786203196.626
V_SENSE5=1.06689453125
V_SENSE9=0.04150390625
V_SENSE12=0.11962890625
ADC_V5=4.87640380859375
ADC_V9=9.01824951171875
ADC_V12=11.6290283203125
ADC_V28=28.15216064453125
THERMAL_SENS_OUT_1=31
THERMAL_SENS_OUT_2=-50
THERMAL_SENS_OUT_3=34
THERMAL_SENS_OUT_4=31
THERMAL_SENS_OUT_5=35
THERMAL_SENS_OUT_6=-50
THERMAL_SENS_INT_1=23
THERMAL_SENS_INT_2=26
PG_5=0
PG_9=0
PG_12=0
FLT_P2=0
FLT_P3=0
HEAT_1_TEMP=31
HEAT_1_DUTY=0
HEAT_2_TEMP=34
HEAT_2_DUTY=0
HEAT_3_TEMP=31
HEAT_3_DUTY=50
HEAT_4_TEMP=35
HEAT_4_DUTY=0

[20:55:07.647 EBOX]
TS=1786203198.630
V_SENSE5=1.0302734375
V_SENSE9=0.0341796875
V_SENSE12=0.12939453125
ADC_V5=4.9029541015625
ADC_V9=8.94744873046875
ADC_V12=11.49627685546875
ADC_V28=27.17864990234375
THERMAL_SENS_OUT_1=32
THERMAL_SENS_OUT_2=-50
THERMAL_SENS_OUT_3=30
THERMAL_SENS_OUT_4=34
THERMAL_SENS_OUT_5=33
THERMAL_SENS_OUT_6=-50
THERMAL_SENS_INT_1=24
THERMAL_SENS_INT_2=26
PG_5=0
PG_9=0
PG_12=0
FLT_P2=0
FLT_P3=0
HEAT_1_TEMP=32
HEAT_1_DUTY=50
HEAT_2_TEMP=30
HEAT_2_DUTY=0
HEAT_3_TEMP=34
HEAT_3_DUTY=0
HEAT_4_TEMP=33
HEAT_4_DUTY=0

[20:55:09.606 EBOX]
TS=1786203200.626
V_SENSE5=1.064453125
V_SENSE9=0.0341796875
V_SENSE12=0.126953125
ADC_V5=4.8321533203125
ADC_V9=8.98284912109375
ADC_V12=11.99188232421875
ADC_V28=28.1787109375
THERMAL_SENS_OUT_1=28
THERMAL_SENS_OUT_2=-50
THERMAL_SENS_OUT_3=32
THERMAL_SENS_OUT_4=30
THERMAL_SENS_OUT_5=33
THERMAL_SENS_OUT_6=-50
THERMAL_SENS_INT_1=24
THERMAL_SENS_INT_2=27
PG_5=0
PG_9=0
PG_12=0
FLT_P2=0
FLT_P3=0
HEAT_1_TEMP=28
HEAT_1_DUTY=0
HEAT_2_TEMP=32
HEAT_2_DUTY=0
HEAT_3_TEMP=30
HEAT_3_DUTY=50
HEAT_4_TEMP=33
HEAT_4_DUTY=0

[20:55:11.660 EBOX]
TS=1786203202.624
V_SENSE5=1.24755859375
V_SENSE9=0.06591796875
V_SENSE12=0.1220703125
ADC_V5=4.9560546875
ADC_V9=8.9385986328125
ADC_V12=11.8768310546875
ADC_V28=27.4884033203125
THERMAL_SENS_OUT_1=32
THERMAL_SENS_OUT_2=-50
THERMAL_SENS_OUT_3=31
THERMAL_SENS_OUT_4=29
THERMAL_SENS_OUT_5=36
THERMAL_SENS_OUT_6=-50
THERMAL_SENS_INT_1=30
THERMAL_SENS_INT_2=28
PG_5=0
PG_9=0
PG_12=0
FLT_P2=0
FLT_P3=0
HEAT_1_TEMP=32
HEAT_1_DUTY=50
HEAT_2_TEMP=31
HEAT_2_DUTY=0
HEAT_3_TEMP=29
HEAT_3_DUTY=0
HEAT_4_TEMP=36
HEAT_4_DUTY=0

[20:55:13.610 EBOX]
TS=1786203204.623
V_SENSE5=1.12060546875
V_SENSE9=0.0390625
V_SENSE12=0.11962890625
ADC_V5=4.814453125
ADC_V9=9.345703125
ADC_V12=11.929931640625
ADC_V28=27.930908203125
THERMAL_SENS_OUT_1=34
THERMAL_SENS_OUT_2=-50
THERMAL_SENS_OUT_3=33
THERMAL_SENS_OUT_4=29
THERMAL_SENS_OUT_5=36
THERMAL_SENS_OUT_6=-50
THERMAL_SENS_INT_1=25
THERMAL_SENS_INT_2=31
PG_5=0
PG_9=0
PG_12=0
FLT_P2=0
FLT_P3=0
HEAT_1_TEMP=34
HEAT_1_DUTY=0
HEAT_2_TEMP=33
HEAT_2_DUTY=0
HEAT_3_TEMP=29
HEAT_3_DUTY=50
HEAT_4_TEMP=36
HEAT_4_DUTY=0

[20:55:15.660 EBOX]
TS=1786203206.635
V_SENSE5=1.07666015625
V_SENSE9=0.0390625
V_SENSE12=0.11962890625
ADC_V5=4.920654296875
ADC_V9=9.05364990234375
ADC_V12=11.8060302734375
ADC_V28=27.99285888671875
THERMAL_SENS_OUT_1=36
THERMAL_SENS_OUT_2=-50
THERMAL_SENS_OUT_3=29
THERMAL_SENS_OUT_4=31
THERMAL_SENS_OUT_5=31
THERMAL_SENS_OUT_6=-50
THERMAL_SENS_INT_1=27
THERMAL_SENS_INT_2=25
PG_5=0
PG_9=0
PG_12=0
FLT_P2=0
FLT_P3=0
HEAT_1_TEMP=36
HEAT_1_DUTY=50
HEAT_2_TEMP=29
HEAT_2_DUTY=0
HEAT_3_TEMP=31
HEAT_3_DUTY=0
HEAT_4_TEMP=31
HEAT_4_DUTY=0

[20:55:17.613 EBOX]
TS=1786203208.628
V_SENSE5=1.11083984375
V_SENSE9=0.03173828125
V_SENSE12=0.1025390625
ADC_V5=4.91180419921875
ADC_V9=9.0802001953125
ADC_V12=11.646728515625
ADC_V28=27.4884033203125
THERMAL_SENS_OUT_1=36
THERMAL_SENS_OUT_2=-50
THERMAL_SENS_OUT_3=33
THERMAL_SENS_OUT_4=32
THERMAL_SENS_OUT_5=38
THERMAL_SENS_OUT_6=-50
THERMAL_SENS_INT_1=27
THERMAL_SENS_INT_2=31
PG_5=0
PG_9=0
PG_12=0
FLT_P2=0
FLT_P3=0
HEAT_1_TEMP=36
HEAT_1_DUTY=0
HEAT_2_TEMP=33
HEAT_2_DUTY=0
HEAT_3_TEMP=32
HEAT_3_DUTY=50
HEAT_4_TEMP=38
HEAT_4_DUTY=0

[20:55:19.689 EBOX]
TS=1786203210.639
V_SENSE5=1.12060546875
V_SENSE9=0.0390625
V_SENSE12=0.10986328125
ADC_V5=4.91180419921875
ADC_V9=9.47845458984375
ADC_V12=11.8060302734375
ADC_V28=27.3822021484375
THERMAL_SENS_OUT_1=31
THERMAL_SENS_OUT_2=-50
THERMAL_SENS_OUT_3=31
THERMAL_SENS_OUT_4=32
THERMAL_SENS_OUT_5=38
THERMAL_SENS_OUT_6=-50
THERMAL_SENS_INT_1=26
THERMAL_SENS_INT_2=29
PG_5=0
PG_9=0
PG_12=0
FLT_P2=0
FLT_P3=0
HEAT_1_TEMP=31
HEAT_1_DUTY=50
HEAT_2_TEMP=31
HEAT_2_DUTY=0
HEAT_3_TEMP=32
HEAT_3_DUTY=0
HEAT_4_TEMP=38
HEAT_4_DUTY=0

[20:55:21.640 EBOX]
TS=1786203212.641
V_SENSE5=1.02294921875
V_SENSE9=0.0341796875
V_SENSE12=0.13427734375
ADC_V5=4.8675537109375
ADC_V9=9.239501953125
ADC_V12=11.54937744140625
ADC_V28=28.037109375
THERMAL_SENS_OUT_1=31
THERMAL_SENS_OUT_2=-50
THERMAL_SENS_OUT_3=28
THERMAL_SENS_OUT_4=32
THERMAL_SENS_OUT_5=35
THERMAL_SENS_OUT_6=-50
THERMAL_SENS_INT_1=29
THERMAL_SENS_INT_2=28
PG_5=0
PG_9=0
PG_12=0
FLT_P2=0
FLT_P3=0
HEAT_1_TEMP=31
HEAT_1_DUTY=0
HEAT_2_TEMP=28
HEAT_2_DUTY=0
HEAT_3_TEMP=32
HEAT_3_DUTY=50
HEAT_4_TEMP=35
HEAT_4_DUTY=0

[20:55:23.593 EBOX]
TS=1786203214.650
V_SENSE5=1.06201171875
V_SENSE9=0.04638671875
V_SENSE12=0.10498046875
ADC_V5=4.9737548828125
ADC_V9=9.56695556640625
ADC_V12=11.85028076171875
ADC_V28=27.6300048828125
THERMAL_SENS_OUT_1=34
THERMAL_SENS_OUT_2=-50
THERMAL_SENS_OUT_3=30
THERMAL_SENS_OUT_4=30
THERMAL_SENS_OUT_5=38
THERMAL_SENS_OUT_6=-50
THERMAL_SENS_INT_1=27
THERMAL_SENS_INT_2=32
PG_5=0
PG_9=0
PG_12=0
FLT_P2=0
FLT_P3=0
HEAT_1_TEMP=34
HEAT_1_DUTY=50
HEAT_2_TEMP=30
HEAT_2_DUTY=0
HEAT_3_TEMP=30
HEAT_3_DUTY=0
HEAT_4_TEMP=38
HEAT_4_DUTY=0

[20:55:25.650 EBOX]
TS=1786203216.637
V_SENSE5=1.15234375
V_SENSE9=0.0341796875
V_SENSE12=0.1171875
ADC_V5=4.91180419921875
ADC_V9=8.92974853515625
ADC_V12=11.929931640625
ADC_V28=27.97515869140625
THERMAL_SENS_OUT_1=35
THERMAL_SENS_OUT_2=-50
THERMAL_SENS_OUT_3=29
THERMAL_SENS_OUT_4=32
THERMAL_SENS_OUT_5=33
THERMAL_SENS_OUT_6=-50
THERMAL_SENS_INT_1=26
THERMAL_SENS_INT_2=28
PG_5=0
PG_9=0
PG_12=0
FLT_P2=0
FLT_P3=0
HEAT_1_TEMP=35
HEAT_1_DUTY=0
HEAT_2_TEMP=29
HEAT_2_DUTY=0
HEAT_3_TEMP=32
HEAT_3_DUTY=50
HEAT_4_TEMP=33
HEAT_4_DUTY=0

[20:55:27.598 EBOX]
TS=1786203218.645
V_SENSE5=1.09375
V_SENSE9=0.0390625
V_SENSE12=0.12939453125
ADC_V5=5.08880615234375
ADC_V9=9.24835205078125
ADC_V12=11.77947998046875
ADC_V28=27.03704833984375
THERMAL_SENS_OUT_1=32
THERMAL_SENS_OUT_2=-50
THERMAL_SENS_OUT_3=31
THERMAL_SENS_OUT_4=32
THERMAL_SENS_OUT_5=35
THERMAL_SENS_OUT_6=-50
THERMAL_SENS_INT_1=25
THERMAL_SENS_INT_2=27
PG_5=0
PG_9=0
PG_12=0
FLT_P2=0
FLT_P3=0
HEAT_1_TEMP=32
HEAT_1_DUTY=50
HEAT_2_TEMP=31
HEAT_2_DUTY=0
HEAT_3_TEMP=32
HEAT_3_DUTY=0
HEAT_4_TEMP=35
HEAT_4_DUTY=0

[20:55:29.661 EBOX]
TS=1786203220.641
V_SENSE5=1.10107421875
V_SENSE9=0.03662109375
V_SENSE12=0.1220703125
ADC_V5=4.88525390625
ADC_V9=9.40765380859375
ADC_V12=11.56707763671875
ADC_V28=27.860107421875
THERMAL_SENS_OUT_1=32
THERMAL_SENS_OUT_2=-50
THERMAL_SENS_OUT_3=34
THERMAL_SENS_OUT_4=30
THERMAL_SENS_OUT_5=34
THERMAL_SENS_OUT_6=-50
THERMAL_SENS_INT_1=24
THERMAL_SENS_INT_2=30
PG_5=0
PG_9=0
PG_12=0
FLT_P2=0
FLT_P3=0
HEAT_1_TEMP=32
HEAT_1_DUTY=0
HEAT_2_TEMP=34
HEAT_2_DUTY=0
HEAT_3_TEMP=30
HEAT_3_DUTY=50
HEAT_4_TEMP=34
HEAT_4_DUTY=0

[20:55:31.622 EBOX]
TS=1786203222.653
V_SENSE5=1.1328125
V_SENSE9=0.0390625
V_SENSE12=0.1171875
ADC_V5=4.9029541015625
ADC_V9=8.9208984375
ADC_V12=11.8768310546875
ADC_V28=28.001708984375
THERMAL_SENS_OUT_1=31
THERMAL_SENS_OUT_2=-50
THERMAL_SENS_OUT_3=33
THERMAL_SENS_OUT_4=31
THERMAL_SENS_OUT_5=38
THERMAL_SENS_OUT_6=-50
THERMAL_SENS_INT_1=27
THERMAL_SENS_INT_2=26
PG_5=0
PG_9=0
PG_12=0
FLT_P2=0
FLT_P3=0
HEAT_1_TEMP=31
HEAT_1_DUTY=50
HEAT_2_TEMP=33
HEAT_2_DUTY=0
HEAT_3_TEMP=31
HEAT_3_DUTY=0
HEAT_4_TEMP=38
HEAT_4_DUTY=0

[20:55:33.679 EBOX]
TS=1786203224.653
V_SENSE5=1.0986328125
V_SENSE9=0.03662109375
V_SENSE12=0.13671875
ADC_V5=4.9560546875
ADC_V9=8.9385986328125
ADC_V12=11.46087646484375
ADC_V28=27.49725341796875
THERMAL_SENS_OUT_1=35
THERMAL_SENS_OUT_2=-50
THERMAL_SENS_OUT_3=34
THERMAL_SENS_OUT_4=31
THERMAL_SENS_OUT_5=34
THERMAL_SENS_OUT_6=-50
THERMAL_SENS_INT_1=24
THERMAL_SENS_INT_2=27
PG_5=0
PG_9=0
PG_12=0
FLT_P2=0
FLT_P3=0
HEAT_1_TEMP=35
HEAT_1_DUTY=0
HEAT_2_TEMP=34
HEAT_2_DUTY=0
HEAT_3_TEMP=31
HEAT_3_DUTY=50
HEAT_4_TEMP=34
HEAT_4_DUTY=0

[20:55:34.125 EBOX]
TS=1786203224.653
V_SENSE5=1.0986328125
V_SENSE9=0.03662109375
V_SENSE12=0.13671875
ADC_V5=4.9560546875
ADC_V9=8.9385986328125
ADC_V12=11.46087646484375
ADC_V28=27.49725341796875
THERMAL_SENS_OUT_1=35
THERMAL_SENS_OUT_2=-50
THERMAL_SENS_OUT_3=34
THERMAL_SENS_OUT_4=31
THERMAL_SENS_OUT_5=34
THERMAL_SENS_OUT_6=-50
THERMAL_SENS_INT_1=24
THERMAL_SENS_INT_2=27
PG_5=0
PG_9=0
PG_12=0
FLT_P2=0
FLT_P3=0
HEAT_1_TEMP=35
HEAT_1_DUTY=0
HEAT_2_TEMP=34
HEAT_2_DUTY=0
HEAT_3_TEMP=31
HEAT_3_DUTY=50
HEAT_4_TEMP=34
HEAT_4_DUTY=0

[20:55:34.676 EBOX]
TS=1786203224.653
V_SENSE5=1.0986328125
V_SENSE9=0.03662109375
V_SENSE12=0.13671875
ADC_V5=4.9560546875
ADC_V9=8.9385986328125
ADC_V12=11.46087646484375
ADC_V28=27.49725341796875
THERMAL_SENS_OUT_1=35
THERMAL_SENS_OUT_2=-50
THERMAL_SENS_OUT_3=34
THERMAL_SENS_OUT_4=31
THERMAL_SENS_OUT_5=34
THERMAL_SENS_OUT_6=-50
THERMAL_SENS_INT_1=24
THERMAL_SENS_INT_2=27
PG_5=0
PG_9=0
PG_12=0
FLT_P2=0
FLT_P3=0
HEAT_1_TEMP=35
HEAT_1_DUTY=0
HEAT_2_TEMP=34
HEAT_2_DUTY=0
HEAT_3_TEMP=31
HEAT_3_DUTY=0
HEAT_4_TEMP=34
HEAT_4_DUTY=50

[20:55:35.146 EBOX]
TS=1786203226.654
V_SENSE5=1.0498046875
V_SENSE9=0.0439453125
V_SENSE12=0.107421875
ADC_V5=5.01800537109375
ADC_V9=9.097900390625
ADC_V12=11.83258056640625
ADC_V28=27.12554931640625
THERMAL_SENS_OUT_1=32
THERMAL_SENS_OUT_2=-50
THERMAL_SENS_OUT_3=29
THERMAL_SENS_OUT_4=31
THERMAL_SENS_OUT_5=32
THERMAL_SENS_OUT_6=-50
THERMAL_SENS_INT_1=27
THERMAL_SENS_INT_2=27
PG_5=0
PG_9=0
PG_12=0
FLT_P2=0
FLT_P3=0
HEAT_1_TEMP=32
HEAT_1_DUTY=0
HEAT_2_TEMP=29
HEAT_2_DUTY=0
HEAT_3_TEMP=31
HEAT_3_DUTY=0
HEAT_4_TEMP=32
HEAT_4_DUTY=50

[20:55:35.681 EBOX]
TS=1786203227.158
V_SENSE5=0.5078125
V_SENSE9=1.38671875
V_SENSE12=0.1708984375
ADC_V5=4.9383544921875
ADC_V9=9.239501953125
ADC_V12=11.54937744140625
ADC_V28=27.5946044921875
THERMAL_SENS_OUT_1=28
THERMAL_SENS_OUT_2=-50
THERMAL_SENS_OUT_3=35
THERMAL_SENS_OUT_4=32
THERMAL_SENS_OUT_5=33
THERMAL_SENS_OUT_6=-50
THERMAL_SENS_INT_1=24
THERMAL_SENS_INT_2=27
PG_5=0
PG_9=0
PG_12=0
FLT_P2=0
FLT_P3=0
HEAT_1_TEMP=28
HEAT_1_DUTY=50
HEAT_2_TEMP=35
HEAT_2_DUTY=0
HEAT_3_TEMP=32
HEAT_3_DUTY=0
HEAT_4_TEMP=33
HEAT_4_DUTY=0

[20:55:36.116 EBOX]
TS=1786203227.659
V_SENSE5=1.083984375
V_SENSE9=0.0390625
V_SENSE12=0.1171875
ADC_V5=4.814453125
ADC_V9=8.956298828125
ADC_V12=11.68212890625
ADC_V28=27.3291015625
THERMAL_SENS_OUT_1=32
THERMAL_SENS_OUT_2=-50
THERMAL_SENS_OUT_3=31
THERMAL_SENS_OUT_4=32
THERMAL_SENS_OUT_5=36
THERMAL_SENS_OUT_6=-50
THERMAL_SENS_INT_1=25
THERMAL_SENS_INT_2=27
PG_5=0
PG_9=0
PG_12=0
FLT_P2=0
FLT_P3=0
HEAT_1_TEMP=32
HEAT_1_DUTY=50
HEAT_2_TEMP=31
HEAT_2_DUTY=0
HEAT_3_TEMP=32
HEAT_3_DUTY=0
HEAT_4_TEMP=36
HEAT_4_DUTY=0

[20:55:36.654 EBOX]
TS=1786203228.157
V_SENSE5=0.82763671875
V_SENSE9=2.36572265625
V_SENSE12=0.068359375
ADC_V5=5.00030517578125
ADC_V9=9.49615478515625
ADC_V12=11.54937744140625
ADC_V28=27.930908203125
THERMAL_SENS_OUT_1=32
THERMAL_SENS_OUT_2=-50
THERMAL_SENS_OUT_3=29
THERMAL_SENS_OUT_4=35
THERMAL_SENS_OUT_5=35
THERMAL_SENS_OUT_6=-50
THERMAL_SENS_INT_1=27
THERMAL_SENS_INT_2=29
PG_5=0
PG_9=0
PG_12=0
FLT_P2=0
FLT_P3=0
HEAT_1_TEMP=32
HEAT_1_DUTY=0
HEAT_2_TEMP=29
HEAT_2_DUTY=50
HEAT_3_TEMP=35
HEAT_3_DUTY=0
HEAT_4_TEMP=35
HEAT_4_DUTY=0

[20:55:37.197 EBOX]
TS=1786203228.663
V_SENSE5=1.08154296875
V_SENSE9=0.0390625
V_SENSE12=0.1123046875
ADC_V5=4.920654296875
ADC_V9=9.593505859375
ADC_V12=11.86798095703125
ADC_V28=27.789306640625
THERMAL_SENS_OUT_1=32
THERMAL_SENS_OUT_2=-50
THERMAL_SENS_OUT_3=35
THERMAL_SENS_OUT_4=31
THERMAL_SENS_OUT_5=37
THERMAL_SENS_OUT_6=-50
THERMAL_SENS_INT_1=30
THERMAL_SENS_INT_2=29
PG_5=0
PG_9=0
PG_12=0
FLT_P2=0
FLT_P3=0
HEAT_1_TEMP=32
HEAT_1_DUTY=0
HEAT_2_TEMP=35
HEAT_2_DUTY=50
HEAT_3_TEMP=31
HEAT_3_DUTY=0
HEAT_4_TEMP=37
HEAT_4_DUTY=0

[20:55:37.635 EBOX]
TS=1786203229.162
V_SENSE5=0.8984375
V_SENSE9=1.42333984375
V_SENSE12=0.10009765625
ADC_V5=4.9029541015625
ADC_V9=9.381103515625
ADC_V12=11.46087646484375
ADC_V28=27.74505615234375
THERMAL_SENS_OUT_1=33
THERMAL_SENS_OUT_2=-50
THERMAL_SENS_OUT_3=35
THERMAL_SENS_OUT_4=32
THERMAL_SENS_OUT_5=33
THERMAL_SENS_OUT_6=-50
THERMAL_SENS_INT_1=25
THERMAL_SENS_INT_2=32
PG_5=0
PG_9=0
PG_12=0
FLT_P2=0
FLT_P3=0
HEAT_1_TEMP=33
HEAT_1_DUTY=0
HEAT_2_TEMP=35
HEAT_2_DUTY=0
HEAT_3_TEMP=32
HEAT_3_DUTY=50
HEAT_4_TEMP=33
HEAT_4_DUTY=0

[20:55:38.182 EBOX]
TS=1786203229.663
V_SENSE5=1.08642578125
V_SENSE9=0.0341796875
V_SENSE12=0.1171875
ADC_V5=4.87640380859375
ADC_V9=9.37225341796875
ADC_V12=11.46087646484375
ADC_V28=27.14324951171875
THERMAL_SENS_OUT_1=29
THERMAL_SENS_OUT_2=-50
THERMAL_SENS_OUT_3=32
THERMAL_SENS_OUT_4=29
THERMAL_SENS_OUT_5=32
THERMAL_SENS_OUT_6=-50
THERMAL_SENS_INT_1=24
THERMAL_SENS_INT_2=30
PG_5=0
PG_9=0
PG_12=0
FLT_P2=0
FLT_P3=0
HEAT_1_TEMP=29
HEAT_1_DUTY=0
HEAT_2_TEMP=32
HEAT_2_DUTY=0
HEAT_3_TEMP=29
HEAT_3_DUTY=50
HEAT_4_TEMP=32
HEAT_4_DUTY=0

[20:55:38.730 EBOX]
TS=1786203230.168
V_SENSE5=1.40869140625
V_SENSE9=1.7236328125
V_SENSE12=0.0634765625
ADC_V5=4.85870361328125
ADC_V9=9.44305419921875
ADC_V12=11.89453125
ADC_V28=27.5238037109375
THERMAL_SENS_OUT_1=35
THERMAL_SENS_OUT_2=-50
THERMAL_SENS_OUT_3=31
THERMAL_SENS_OUT_4=35
THERMAL_SENS_OUT_5=35
THERMAL_SENS_OUT_6=-50
THERMAL_SENS_INT_1=30
THERMAL_SENS_INT_2=27
PG_5=0
PG_9=0
PG_12=0
FLT_P2=0
FLT_P3=0
HEAT_1_TEMP=35
HEAT_1_DUTY=0
HEAT_2_TEMP=31
HEAT_2_DUTY=0
HEAT_3_TEMP=35
HEAT_3_DUTY=0
HEAT_4_TEMP=35
HEAT_4_DUTY=50

[20:55:39.176 EBOX]
TS=1786203230.667
V_SENSE5=1.09619140625
V_SENSE9=0.03662109375
V_SENSE12=0.1123046875
ADC_V5=4.87640380859375
ADC_V9=9.1864013671875
ADC_V12=11.81488037109375
ADC_V28=27.74505615234375
THERMAL_SENS_OUT_1=35
THERMAL_SENS_OUT_2=-50
THERMAL_SENS_OUT_3=29
THERMAL_SENS_OUT_4=32
THERMAL_SENS_OUT_5=32
THERMAL_SENS_OUT_6=-50
THERMAL_SENS_INT_1=27
THERMAL_SENS_INT_2=30
PG_5=0
PG_9=0
PG_12=0
FLT_P2=0
FLT_P3=0
HEAT_1_TEMP=35
HEAT_1_DUTY=0
HEAT_2_TEMP=29
HEAT_2_DUTY=0
HEAT_3_TEMP=32
HEAT_3_DUTY=0
HEAT_4_TEMP=32
HEAT_4_DUTY=50

[20:55:39.722 EBOX]
TS=1786203231.170
V_SENSE5=1.01806640625
V_SENSE9=1.33056640625
V_SENSE12=0.03662109375
ADC_V5=4.92950439453125
ADC_V9=9.62005615234375
ADC_V12=11.77947998046875
ADC_V28=26.78924560546875
THERMAL_SENS_OUT_1=34
THERMAL_SENS_OUT_2=-50
THERMAL_SENS_OUT_3=33
THERMAL_SENS_OUT_4=32
THERMAL_SENS_OUT_5=32
THERMAL_SENS_OUT_6=-50
THERMAL_SENS_INT_1=24
THERMAL_SENS_INT_2=30
PG_5=0
PG_9=0
PG_12=0
FLT_P2=0
FLT_P3=0
HEAT_1_TEMP=34
HEAT_1_DUTY=50
HEAT_2_TEMP=33
HEAT_2_DUTY=0
HEAT_3_TEMP=32
HEAT_3_DUTY=0
HEAT_4_TEMP=32
HEAT_4_DUTY=0

[20:55:40.167 EBOX]
TS=1786203231.663
V_SENSE5=1.16455078125
V_SENSE9=0.0341796875
V_SENSE12=0.1318359375
ADC_V5=4.991455078125
ADC_V9=8.9208984375
ADC_V12=11.56707763671875
ADC_V28=28.001708984375
THERMAL_SENS_OUT_1=34
THERMAL_SENS_OUT_2=-50
THERMAL_SENS_OUT_3=31
THERMAL_SENS_OUT_4=31
THERMAL_SENS_OUT_5=33
THERMAL_SENS_OUT_6=-50
THERMAL_SENS_INT_1=26
THERMAL_SENS_INT_2=31
PG_5=0
PG_9=0
PG_12=0
FLT_P2=0
FLT_P3=0
HEAT_1_TEMP=34
HEAT_1_DUTY=50
HEAT_2_TEMP=31
HEAT_2_DUTY=0
HEAT_3_TEMP=31
HEAT_3_DUTY=0
HEAT_4_TEMP=33
HEAT_4_DUTY=0

[20:55:40.719 EBOX]
TS=1786203232.164
V_SENSE5=0.625
V_SENSE9=0.8740234375
V_SENSE12=0.048828125
ADC_V5=4.88525390625
ADC_V9=9.4873046875
ADC_V12=11.60247802734375
ADC_V28=27.67425537109375
THERMAL_SENS_OUT_1=35
THERMAL_SENS_OUT_2=-50
THERMAL_SENS_OUT_3=31
THERMAL_SENS_OUT_4=32
THERMAL_SENS_OUT_5=33
THERMAL_SENS_OUT_6=-50
THERMAL_SENS_INT_1=24
THERMAL_SENS_INT_2=30
PG_5=0
PG_9=0
PG_12=0
FLT_P2=0
FLT_P3=0
HEAT_1_TEMP=35
HEAT_1_DUTY=0
HEAT_2_TEMP=31
HEAT_2_DUTY=50
HEAT_3_TEMP=32
HEAT_3_DUTY=0
HEAT_4_TEMP=33
HEAT_4_DUTY=0

[20:55:41.158 EBOX]
TS=1786203232.665
V_SENSE5=1.15478515625
V_SENSE9=0.0341796875
V_SENSE12=0.126953125
ADC_V5=4.98260498046875
ADC_V9=9.12445068359375
ADC_V12=11.82373046875
ADC_V28=27.293701171875
THERMAL_SENS_OUT_1=29
THERMAL_SENS_OUT_2=-50
THERMAL_SENS_OUT_3=29
THERMAL_SENS_OUT_4=34
THERMAL_SENS_OUT_5=33
THERMAL_SENS_OUT_6=-50
THERMAL_SENS_INT_1=24
THERMAL_SENS_INT_2=28
PG_5=0
PG_9=0
PG_12=0
FLT_P2=0
FLT_P3=0
HEAT_1_TEMP=29
HEAT_1_DUTY=0
HEAT_2_TEMP=29
HEAT_2_DUTY=50
HEAT_3_TEMP=34
HEAT_3_DUTY=0
HEAT_4_TEMP=33
HEAT_4_DUTY=0

[20:55:41.749 EBOX]
TS=1786203233.166
V_SENSE5=1.1376953125
V_SENSE9=1.640625
V_SENSE12=0.07568359375
ADC_V5=4.920654296875
ADC_V9=9.41650390625
ADC_V12=11.82373046875
ADC_V28=26.96624755859375
THERMAL_SENS_OUT_1=32
THERMAL_SENS_OUT_2=-50
THERMAL_SENS_OUT_3=30
THERMAL_SENS_OUT_4=35
THERMAL_SENS_OUT_5=35
THERMAL_SENS_OUT_6=-50
THERMAL_SENS_INT_1=24
THERMAL_SENS_INT_2=30
PG_5=0
PG_9=0
PG_12=0
FLT_P2=0
FLT_P3=0
HEAT_1_TEMP=32
HEAT_1_DUTY=0
HEAT_2_TEMP=30
HEAT_2_DUTY=0
HEAT_3_TEMP=35
HEAT_3_DUTY=50
HEAT_4_TEMP=35
HEAT_4_DUTY=0

[20:55:42.187 EBOX]
TS=1786203233.668
V_SENSE5=1.18408203125
V_SENSE9=0.0390625
V_SENSE12=0.12939453125
ADC_V5=4.814453125
ADC_V9=9.35455322265625
ADC_V12=11.88568115234375
ADC_V28=27.1697998046875
THERMAL_SENS_OUT_1=32
THERMAL_SENS_OUT_2=-50
THERMAL_SENS_OUT_3=35
THERMAL_SENS_OUT_4=32
THERMAL_SENS_OUT_5=36
THERMAL_SENS_OUT_6=-50
THERMAL_SENS_INT_1=30
THERMAL_SENS_INT_2=28
PG_5=0
PG_9=0
PG_12=0
FLT_P2=0
FLT_P3=0
HEAT_1_TEMP=32
HEAT_1_DUTY=0
HEAT_2_TEMP=35
HEAT_2_DUTY=0
HEAT_3_TEMP=32
HEAT_3_DUTY=50
HEAT_4_TEMP=36
HEAT_4_DUTY=0

[20:55:42.752 EBOX]
TS=1786203234.169
V_SENSE5=0.9716796875
V_SENSE9=2.099609375
V_SENSE12=0.15625
ADC_V5=4.98260498046875
ADC_V9=9.24835205078125
ADC_V12=11.8414306640625
ADC_V28=27.293701171875
THERMAL_SENS_OUT_1=31
THERMAL_SENS_OUT_2=-50
THERMAL_SENS_OUT_3=31
THERMAL_SENS_OUT_4=29
THERMAL_SENS_OUT_5=33
THERMAL_SENS_OUT_6=-50
THERMAL_SENS_INT_1=25
THERMAL_SENS_INT_2=30
PG_5=0
PG_9=0
PG_12=0
FLT_P2=0
FLT_P3=0
HEAT_1_TEMP=31
HEAT_1_DUTY=0
HEAT_2_TEMP=31
HEAT_2_DUTY=0
HEAT_3_TEMP=29
HEAT_3_DUTY=0
HEAT_4_TEMP=33
HEAT_4_DUTY=50

[20:55:43.190 EBOX]
TS=1786203234.669
V_SENSE5=1.201171875
V_SENSE9=0.03662109375
V_SENSE12=0.13671875
ADC_V5=4.814453125
ADC_V9=9.26605224609375
ADC_V12=11.60247802734375
ADC_V28=27.1875
THERMAL_SENS_OUT_1=33
THERMAL_SENS_OUT_2=-50
THERMAL_SENS_OUT_3=32
THERMAL_SENS_OUT_4=32
THERMAL_SENS_OUT_5=34
THERMAL_SENS_OUT_6=-50
THERMAL_SENS_INT_1=24
THERMAL_SENS_INT_2=31
PG_5=0
PG_9=0
PG_12=0
FLT_P2=0
FLT_P3=0
HEAT_1_TEMP=33
HEAT_1_DUTY=0
HEAT_2_TEMP=32
HEAT_2_DUTY=0
HEAT_3_TEMP=32
HEAT_3_DUTY=0
HEAT_4_TEMP=34
HEAT_4_DUTY=50

[20:55:43.752 EBOX]
TS=1786203235.171
V_SENSE5=0.91552734375
V_SENSE9=1.1376953125
V_SENSE12=0.0927734375
ADC_V5=4.991455078125
ADC_V9=9.28375244140625
ADC_V12=11.929931640625
ADC_V28=27.17864990234375
THERMAL_SENS_OUT_1=21
THERMAL_SENS_OUT_2=-50
THERMAL_SENS_OUT_3=32
THERMAL_SENS_OUT_4=31
THERMAL_SENS_OUT_5=33
THERMAL_SENS_OUT_6=-50
THERMAL_SENS_INT_1=24
THERMAL_SENS_INT_2=29
PG_5=0
PG_9=0
PG_12=0
FLT_P2=0
FLT_P3=0
HEAT_1_TEMP=21
HEAT_1_DUTY=50
HEAT_2_TEMP=32
HEAT_2_DUTY=0
HEAT_3_TEMP=31
HEAT_3_DUTY=0
HEAT_4_TEMP=33
HEAT_4_DUTY=0

[20:55:44.190 EBOX]
TS=1786203235.681
V_SENSE5=1.05712890625
V_SENSE9=0.0341796875
V_SENSE12=0.1123046875
ADC_V5=4.8321533203125
ADC_V9=9.13330078125
ADC_V12=12.02728271484375
ADC_V28=27.82470703125
THERMAL_SENS_OUT_1=32
THERMAL_SENS_OUT_2=-50
THERMAL_SENS_OUT_3=33
THERMAL_SENS_OUT_4=32
THERMAL_SENS_OUT_5=36
THERMAL_SENS_OUT_6=-50
THERMAL_SENS_INT_1=24
THERMAL_SENS_INT_2=27
PG_5=0
PG_9=0
PG_12=0
FLT_P2=0
FLT_P3=0
HEAT_1_TEMP=32
HEAT_1_DUTY=50
HEAT_2_TEMP=33
HEAT_2_DUTY=0
HEAT_3_TEMP=32
HEAT_3_DUTY=0
HEAT_4_TEMP=36
HEAT_4_DUTY=0

[20:55:44.738 EBOX]
TS=1786203236.181
V_SENSE5=1.1376953125
V_SENSE9=1.65771484375
V_SENSE12=0.0634765625
ADC_V5=5.0091552734375
ADC_V9=9.4342041015625
ADC_V12=11.4697265625
ADC_V28=27.40875244140625
THERMAL_SENS_OUT_1=35
THERMAL_SENS_OUT_2=-50
THERMAL_SENS_OUT_3=32
THERMAL_SENS_OUT_4=30
THERMAL_SENS_OUT_5=33
THERMAL_SENS_OUT_6=-50
THERMAL_SENS_INT_1=24
THERMAL_SENS_INT_2=30
PG_5=0
PG_9=0
PG_12=0
FLT_P2=0
FLT_P3=0
HEAT_1_TEMP=35
HEAT_1_DUTY=0
HEAT_2_TEMP=32
HEAT_2_DUTY=50
HEAT_3_TEMP=30
HEAT_3_DUTY=0
HEAT_4_TEMP=33
HEAT_4_DUTY=0

[20:55:45.183 EBOX]
TS=1786203236.684
V_SENSE5=1.13037109375
V_SENSE9=0.0390625
V_SENSE12=0.1171875
ADC_V5=5.0091552734375
ADC_V9=9.0447998046875
ADC_V12=11.54052734375
ADC_V28=28.143310546875
THERMAL_SENS_OUT_1=31
THERMAL_SENS_OUT_2=-50
THERMAL_SENS_OUT_3=31
THERMAL_SENS_OUT_4=36
THERMAL_SENS_OUT_5=32
THERMAL_SENS_OUT_6=-50
THERMAL_SENS_INT_1=23
THERMAL_SENS_INT_2=26
PG_5=0
PG_9=0
PG_12=0
FLT_P2=0
FLT_P3=0
HEAT_1_TEMP=31
HEAT_1_DUTY=0
HEAT_2_TEMP=31
HEAT_2_DUTY=50
HEAT_3_TEMP=36
HEAT_3_DUTY=0
HEAT_4_TEMP=32
HEAT_4_DUTY=0

[20:55:45.736 EBOX]
TS=1786203237.187
V_SENSE5=1.66015625
V_SENSE9=1.708984375
V_SENSE12=0.185546875
ADC_V5=4.9560546875
ADC_V9=9.4696044921875
ADC_V12=11.77947998046875
ADC_V28=27.5946044921875
THERMAL_SENS_OUT_1=34
THERMAL_SENS_OUT_2=-50
THERMAL_SENS_OUT_3=36
THERMAL_SENS_OUT_4=33
THERMAL_SENS_OUT_5=38
THERMAL_SENS_OUT_6=-50
THERMAL_SENS_INT_1=23
THERMAL_SENS_INT_2=27
PG_5=0
PG_9=0
PG_12=0
FLT_P2=0
FLT_P3=0
HEAT_1_TEMP=34
HEAT_1_DUTY=0
HEAT_2_TEMP=36
HEAT_2_DUTY=0
HEAT_3_TEMP=33
HEAT_3_DUTY=50
HEAT_4_TEMP=38
HEAT_4_DUTY=0

[20:55:46.206 EBOX]
TS=1786203237.680
V_SENSE5=1.17431640625
V_SENSE9=0.03662109375
V_SENSE12=0.13427734375
ADC_V5=4.9383544921875
ADC_V9=8.94744873046875
ADC_V12=11.54937744140625
ADC_V28=27.86895751953125
THERMAL_SENS_OUT_1=34
THERMAL_SENS_OUT_2=-50
THERMAL_SENS_OUT_3=33
THERMAL_SENS_OUT_4=30
THERMAL_SENS_OUT_5=36
THERMAL_SENS_OUT_6=-50
THERMAL_SENS_INT_1=27
THERMAL_SENS_INT_2=28
PG_5=0
PG_9=0
PG_12=0
FLT_P2=0
FLT_P3=0
HEAT_1_TEMP=34
HEAT_1_DUTY=0
HEAT_2_TEMP=33
HEAT_2_DUTY=0
HEAT_3_TEMP=30
HEAT_3_DUTY=50
HEAT_4_TEMP=36
HEAT_4_DUTY=0

[20:55:46.641 EBOX]
TS=1786203238.181
V_SENSE5=0.72998046875
V_SENSE9=1.513671875
V_SENSE12=0.09521484375
ADC_V5=4.8321533203125
ADC_V9=9.1864013671875
ADC_V12=11.929931640625
ADC_V28=27.3114013671875
THERMAL_SENS_OUT_1=33
THERMAL_SENS_OUT_2=-50
THERMAL_SENS_OUT_3=31
THERMAL_SENS_OUT_4=34
THERMAL_SENS_OUT_5=33
THERMAL_SENS_OUT_6=-50
THERMAL_SENS_INT_1=27
THERMAL_SENS_INT_2=28
PG_5=0
PG_9=0
PG_12=0
FLT_P2=0
FLT_P3=0
HEAT_1_TEMP=33
HEAT_1_DUTY=0
HEAT_2_TEMP=31
HEAT_2_DUTY=0
HEAT_3_TEMP=34
HEAT_3_DUTY=0
HEAT_4_TEMP=33
HEAT_4_DUTY=50

[20:55:47.179 EBOX]
TS=1786203238.682
V_SENSE5=1.142578125
V_SENSE9=0.0341796875
V_SENSE12=0.10498046875
ADC_V5=4.98260498046875
ADC_V9=9.03594970703125
ADC_V12=11.929931640625
ADC_V28=27.647705078125
THERMAL_SENS_OUT_1=35
THERMAL_SENS_OUT_2=-50
THERMAL_SENS_OUT_3=31
THERMAL_SENS_OUT_4=33
THERMAL_SENS_OUT_5=38
THERMAL_SENS_OUT_6=-50
THERMAL_SENS_INT_1=26
THERMAL_SENS_INT_2=31
PG_5=0
PG_9=0
PG_12=0
FLT_P2=0
FLT_P3=0
HEAT_1_TEMP=35
HEAT_1_DUTY=0
HEAT_2_TEMP=31
HEAT_2_DUTY=0
HEAT_3_TEMP=33
HEAT_3_DUTY=0
HEAT_4_TEMP=38
HEAT_4_DUTY=50

[20:55:47.736 EBOX]
TS=1786203239.183
V_SENSE5=1.11572265625
V_SENSE9=0.97900390625
V_SENSE12=0.02197265625
ADC_V5=4.9560546875
ADC_V9=9.4342041015625
ADC_V12=11.83258056640625
ADC_V28=27.68310546875
THERMAL_SENS_OUT_1=22
THERMAL_SENS_OUT_2=-50
THERMAL_SENS_OUT_3=30
THERMAL_SENS_OUT_4=36
THERMAL_SENS_OUT_5=34
THERMAL_SENS_OUT_6=-50
THERMAL_SENS_INT_1=27
THERMAL_SENS_INT_2=28
PG_5=0
PG_9=0
PG_12=0
FLT_P2=0
FLT_P3=0
HEAT_1_TEMP=22
HEAT_1_DUTY=50
HEAT_2_TEMP=30
HEAT_2_DUTY=0
HEAT_3_TEMP=36
HEAT_3_DUTY=0
HEAT_4_TEMP=34
HEAT_4_DUTY=0

[20:55:48.174 EBOX]
TS=1786203239.699
V_SENSE5=1.025390625
V_SENSE9=0.0341796875
V_SENSE12=0.1123046875
ADC_V5=5.00030517578125
ADC_V9=9.00054931640625
ADC_V12=11.95648193359375
ADC_V28=28.143310546875
THERMAL_SENS_OUT_1=31
THERMAL_SENS_OUT_2=-50
THERMAL_SENS_OUT_3=30
THERMAL_SENS_OUT_4=32
THERMAL_SENS_OUT_5=33
THERMAL_SENS_OUT_6=-50
THERMAL_SENS_INT_1=26
THERMAL_SENS_INT_2=32
PG_5=0
PG_9=0
PG_12=0
FLT_P2=0
FLT_P3=0
HEAT_1_TEMP=31
HEAT_1_DUTY=50
HEAT_2_TEMP=30
HEAT_2_DUTY=0
HEAT_3_TEMP=32
HEAT_3_DUTY=0
HEAT_4_TEMP=33
HEAT_4_DUTY=0

[20:55:48.719 EBOX]
TS=1786203240.194
V_SENSE5=1.03515625
V_SENSE9=0.0341796875
V_SENSE12=0.1318359375
ADC_V5=4.9560546875
ADC_V9=9.027099609375
ADC_V12=11.7352294921875
ADC_V28=27.93975830078125
THERMAL_SENS_OUT_1=32
THERMAL_SENS_OUT_2=-50
THERMAL_SENS_OUT_3=29
THERMAL_SENS_OUT_4=30
THERMAL_SENS_OUT_5=35
THERMAL_SENS_OUT_6=-50
THERMAL_SENS_INT_1=25
THERMAL_SENS_INT_2=29
PG_5=0
PG_9=0
PG_12=0
FLT_P2=0
FLT_P3=0
HEAT_1_TEMP=32
HEAT_1_DUTY=0
HEAT_2_TEMP=29
HEAT_2_DUTY=50
HEAT_3_TEMP=30
HEAT_3_DUTY=0
HEAT_4_TEMP=35
HEAT_4_DUTY=0

[20:55:49.160 EBOX]
TS=1786203240.687
V_SENSE5=1.103515625
V_SENSE9=0.0390625
V_SENSE12=0.1171875
ADC_V5=5.0091552734375
ADC_V9=9.27490234375
ADC_V12=12.00958251953125
ADC_V28=27.74505615234375
THERMAL_SENS_OUT_1=32
THERMAL_SENS_OUT_2=-50
THERMAL_SENS_OUT_3=30
THERMAL_SENS_OUT_4=35
THERMAL_SENS_OUT_5=34
THERMAL_SENS_OUT_6=-50
THERMAL_SENS_INT_1=30
THERMAL_SENS_INT_2=28
PG_5=0
PG_9=0
PG_12=0
FLT_P2=0
FLT_P3=0
HEAT_1_TEMP=32
HEAT_1_DUTY=0
HEAT_2_TEMP=30
HEAT_2_DUTY=50
HEAT_3_TEMP=35
HEAT_3_DUTY=0
HEAT_4_TEMP=34
HEAT_4_DUTY=0

[20:55:49.713 EBOX]
TS=1786203241.188
V_SENSE5=1.11572265625
V_SENSE9=0.07080078125
V_SENSE12=0.14404296875
ADC_V5=4.82330322265625
ADC_V9=9.54925537109375
ADC_V12=11.69097900390625
ADC_V28=27.72735595703125
THERMAL_SENS_OUT_1=34
THERMAL_SENS_OUT_2=-50
THERMAL_SENS_OUT_3=32
THERMAL_SENS_OUT_4=31
THERMAL_SENS_OUT_5=38
THERMAL_SENS_OUT_6=-50
THERMAL_SENS_INT_1=29
THERMAL_SENS_INT_2=26
PG_5=0
PG_9=0
PG_12=0
FLT_P2=0
FLT_P3=0
HEAT_1_TEMP=34
HEAT_1_DUTY=0
HEAT_2_TEMP=32
HEAT_2_DUTY=0
HEAT_3_TEMP=31
HEAT_3_DUTY=50
HEAT_4_TEMP=38
HEAT_4_DUTY=0

[20:55:50.271 EBOX]
TS=1786203241.690
V_SENSE5=1.2646484375
V_SENSE9=0.03662109375
V_SENSE12=0.12939453125
ADC_V5=4.849853515625
ADC_V9=9.13330078125
ADC_V12=11.58477783203125
ADC_V28=28.10791015625
THERMAL_SENS_OUT_1=32
THERMAL_SENS_OUT_2=-50
THERMAL_SENS_OUT_3=29
THERMAL_SENS_OUT_4=33
THERMAL_SENS_OUT_5=33
THERMAL_SENS_OUT_6=-50
THERMAL_SENS_INT_1=28
THERMAL_SENS_INT_2=26
PG_5=0
PG_9=0
PG_12=0
FLT_P2=0
FLT_P3=0
HEAT_1_TEMP=32
HEAT_1_DUTY=0
HEAT_2_TEMP=29
HEAT_2_DUTY=0
HEAT_3_TEMP=33
HEAT_3_DUTY=50
HEAT_4_TEMP=33
HEAT_4_DUTY=0

[20:55:50.719 EBOX]
TS=1786203242.191
V_SENSE5=1.162109375
V_SENSE9=0.11474609375
V_SENSE12=0.1220703125
ADC_V5=4.88525390625
ADC_V9=9.3280029296875
ADC_V12=11.6998291015625
ADC_V28=27.7008056640625
THERMAL_SENS_OUT_1=35
THERMAL_SENS_OUT_2=-50
THERMAL_SENS_OUT_3=30
THERMAL_SENS_OUT_4=33
THERMAL_SENS_OUT_5=38
THERMAL_SENS_OUT_6=-50
THERMAL_SENS_INT_1=26
THERMAL_SENS_INT_2=26
PG_5=0
PG_9=0
PG_12=0
FLT_P2=0
FLT_P3=0
HEAT_1_TEMP=35
HEAT_1_DUTY=0
HEAT_2_TEMP=30
HEAT_2_DUTY=0
HEAT_3_TEMP=33
HEAT_3_DUTY=0
HEAT_4_TEMP=38
HEAT_4_DUTY=50

[20:55:51.257 EBOX]
TS=1786203242.706
V_SENSE5=1.07421875
V_SENSE9=0.05615234375
V_SENSE12=0.1416015625
ADC_V5=4.9737548828125
ADC_V9=8.779296875
ADC_V12=11.7352294921875
ADC_V28=28.1256103515625
THERMAL_SENS_OUT_1=33
THERMAL_SENS_OUT_2=-50
THERMAL_SENS_OUT_3=35
THERMAL_SENS_OUT_4=35
THERMAL_SENS_OUT_5=39
THERMAL_SENS_OUT_6=-50
THERMAL_SENS_INT_1=30
THERMAL_SENS_INT_2=30
PG_5=0
PG_9=0
PG_12=0
FLT_P2=0
FLT_P3=0
HEAT_1_TEMP=33
HEAT_1_DUTY=0
HEAT_2_TEMP=35
HEAT_2_DUTY=0
HEAT_3_TEMP=35
HEAT_3_DUTY=0
HEAT_4_TEMP=39
HEAT_4_DUTY=50

[20:55:51.712 EBOX]
TS=1786203243.193
V_SENSE5=1.1376953125
V_SENSE9=0.03662109375
V_SENSE12=0.126953125
ADC_V5=4.9029541015625
ADC_V9=8.98284912109375
ADC_V12=11.74407958984375
ADC_V28=27.718505859375
THERMAL_SENS_OUT_1=34
THERMAL_SENS_OUT_2=-50
THERMAL_SENS_OUT_3=34
THERMAL_SENS_OUT_4=30
THERMAL_SENS_OUT_5=34
THERMAL_SENS_OUT_6=-50
THERMAL_SENS_INT_1=29
THERMAL_SENS_INT_2=32
PG_5=0
PG_9=0
PG_12=0
FLT_P2=0
FLT_P3=0
HEAT_1_TEMP=34
HEAT_1_DUTY=50
HEAT_2_TEMP=34
HEAT_2_DUTY=0
HEAT_3_TEMP=30
HEAT_3_DUTY=0
HEAT_4_TEMP=34
HEAT_4_DUTY=0

[20:55:52.266 EBOX]
TS=1786203243.694
V_SENSE5=1.12548828125
V_SENSE9=0.03662109375
V_SENSE12=0.1416015625
ADC_V5=4.96490478515625
ADC_V9=9.3988037109375
ADC_V12=11.86798095703125
ADC_V28=28.06365966796875
THERMAL_SENS_OUT_1=33
THERMAL_SENS_OUT_2=-50
THERMAL_SENS_OUT_3=30
THERMAL_SENS_OUT_4=33
THERMAL_SENS_OUT_5=39
THERMAL_SENS_OUT_6=-50
THERMAL_SENS_INT_1=28
THERMAL_SENS_INT_2=26
PG_5=0
PG_9=0
PG_12=0
FLT_P2=0
FLT_P3=0
HEAT_1_TEMP=33
HEAT_1_DUTY=50
HEAT_2_TEMP=30
HEAT_2_DUTY=0
HEAT_3_TEMP=33
HEAT_3_DUTY=0
HEAT_4_TEMP=39
HEAT_4_DUTY=0

[20:55:52.728 EBOX]
TS=1786203244.195
V_SENSE5=1.13525390625
V_SENSE9=0.0390625
V_SENSE12=0.107421875
ADC_V5=4.88525390625
ADC_V9=9.2218017578125
ADC_V12=11.717529296875
ADC_V28=27.7008056640625
THERMAL_SENS_OUT_1=34
THERMAL_SENS_OUT_2=-50
THERMAL_SENS_OUT_3=35
THERMAL_SENS_OUT_4=31
THERMAL_SENS_OUT_5=36
THERMAL_SENS_OUT_6=-50
THERMAL_SENS_INT_1=23
THERMAL_SENS_INT_2=26
PG_5=0
PG_9=0
PG_12=0
FLT_P2=0
FLT_P3=0
HEAT_1_TEMP=34
HEAT_1_DUTY=0
HEAT_2_TEMP=35
HEAT_2_DUTY=50
HEAT_3_TEMP=31
HEAT_3_DUTY=0
HEAT_4_TEMP=36
HEAT_4_DUTY=0

[20:55:53.164 EBOX]
TS=1786203244.696
V_SENSE5=1.123046875
V_SENSE9=0.0341796875
V_SENSE12=0.18310546875
ADC_V5=4.849853515625
ADC_V9=8.85009765625
ADC_V12=11.646728515625
ADC_V28=27.51495361328125
THERMAL_SENS_OUT_1=36
THERMAL_SENS_OUT_2=-50
THERMAL_SENS_OUT_3=30
THERMAL_SENS_OUT_4=33
THERMAL_SENS_OUT_5=38
THERMAL_SENS_OUT_6=-50
THERMAL_SENS_INT_1=25
THERMAL_SENS_INT_2=29
PG_5=0
PG_9=0
PG_12=0
FLT_P2=0
FLT_P3=0
HEAT_1_TEMP=36
HEAT_1_DUTY=0
HEAT_2_TEMP=30
HEAT_2_DUTY=50
HEAT_3_TEMP=33
HEAT_3_DUTY=0
HEAT_4_TEMP=38
HEAT_4_DUTY=0

[20:55:53.731 EBOX]
TS=1786203245.202
V_SENSE5=1.0546875
V_SENSE9=0.0341796875
V_SENSE12=0.14404296875
ADC_V5=5.23040771484375
ADC_V9=8.7615966796875
ADC_V12=11.51397705078125
ADC_V28=27.60345458984375
THERMAL_SENS_OUT_1=32
THERMAL_SENS_OUT_2=-50
THERMAL_SENS_OUT_3=28
THERMAL_SENS_OUT_4=31
THERMAL_SENS_OUT_5=36
THERMAL_SENS_OUT_6=-50
THERMAL_SENS_INT_1=26
THERMAL_SENS_INT_2=32
PG_5=0
PG_9=0
PG_12=0
FLT_P2=0
FLT_P3=0
HEAT_1_TEMP=32
HEAT_1_DUTY=0
HEAT_2_TEMP=28
HEAT_2_DUTY=0
HEAT_3_TEMP=31
HEAT_3_DUTY=50
HEAT_4_TEMP=36
HEAT_4_DUTY=0

[20:55:54.166 EBOX]
TS=1786203245.707
V_SENSE5=1.0546875
V_SENSE9=0.0390625
V_SENSE12=0.13671875
ADC_V5=4.9383544921875
ADC_V9=9.24835205078125
ADC_V12=11.7352294921875
ADC_V28=27.6654052734375
THERMAL_SENS_OUT_1=31
THERMAL_SENS_OUT_2=-50
THERMAL_SENS_OUT_3=31
THERMAL_SENS_OUT_4=33
THERMAL_SENS_OUT_5=34
THERMAL_SENS_OUT_6=-50
THERMAL_SENS_INT_1=24
THERMAL_SENS_INT_2=28
PG_5=0
PG_9=0
PG_12=0
FLT_P2=0
FLT_P3=0
HEAT_1_TEMP=31
HEAT_1_DUTY=0
HEAT_2_TEMP=31
HEAT_2_DUTY=0
HEAT_3_TEMP=33
HEAT_3_DUTY=50
HEAT_4_TEMP=34
HEAT_4_DUTY=0

[20:55:54.723 EBOX]
TS=1786203246.201
V_SENSE5=1.17919921875
V_SENSE9=0.0390625
V_SENSE12=0.10986328125
ADC_V5=4.991455078125
ADC_V9=9.4696044921875
ADC_V12=11.9122314453125
ADC_V28=28.143310546875
THERMAL_SENS_OUT_1=32
THERMAL_SENS_OUT_2=-50
THERMAL_SENS_OUT_3=34
THERMAL_SENS_OUT_4=35
THERMAL_SENS_OUT_5=34
THERMAL_SENS_OUT_6=-50
THERMAL_SENS_INT_1=30
THERMAL_SENS_INT_2=27
PG_5=0
PG_9=0
PG_12=0
FLT_P2=0
FLT_P3=0
HEAT_1_TEMP=32
HEAT_1_DUTY=0
HEAT_2_TEMP=34
HEAT_2_DUTY=0
HEAT_3_TEMP=35
HEAT_3_DUTY=0
HEAT_4_TEMP=34
HEAT_4_DUTY=50

[20:55:55.275 EBOX]
TS=1786203246.702
V_SENSE5=1.15966796875
V_SENSE9=0.0341796875
V_SENSE12=0.1171875
ADC_V5=4.9737548828125
ADC_V9=9.097900390625
ADC_V12=11.717529296875
ADC_V28=27.25830078125
THERMAL_SENS_OUT_1=32
THERMAL_SENS_OUT_2=-50
THERMAL_SENS_OUT_3=29
THERMAL_SENS_OUT_4=32
THERMAL_SENS_OUT_5=37
THERMAL_SENS_OUT_6=-50
THERMAL_SENS_INT_1=24
THERMAL_SENS_INT_2=27
PG_5=0
PG_9=0
PG_12=0
FLT_P2=0
FLT_P3=0
HEAT_1_TEMP=32
HEAT_1_DUTY=0
HEAT_2_TEMP=29
HEAT_2_DUTY=0
HEAT_3_TEMP=32
HEAT_3_DUTY=0
HEAT_4_TEMP=37
HEAT_4_DUTY=50

[20:55:55.715 EBOX]
TS=1786203247.202
V_SENSE5=1.1474609375
V_SENSE9=0.0341796875
V_SENSE12=0.14892578125
ADC_V5=4.814453125
ADC_V9=9.3988037109375
ADC_V12=11.62017822265625
ADC_V28=27.25830078125
THERMAL_SENS_OUT_1=31
THERMAL_SENS_OUT_2=-50
THERMAL_SENS_OUT_3=34
THERMAL_SENS_OUT_4=30
THERMAL_SENS_OUT_5=37
THERMAL_SENS_OUT_6=-50
THERMAL_SENS_INT_1=24
THERMAL_SENS_INT_2=30
PG_5=0
PG_9=0
PG_12=0
FLT_P2=0
FLT_P3=0
HEAT_1_TEMP=31
HEAT_1_DUTY=50
HEAT_2_TEMP=34
HEAT_2_DUTY=0
HEAT_3_TEMP=30
HEAT_3_DUTY=0
HEAT_4_TEMP=37
HEAT_4_DUTY=0

[20:55:56.254 EBOX]
TS=1786203247.703
V_SENSE5=1.15966796875
V_SENSE9=0.03662109375
V_SENSE12=0.1220703125
ADC_V5=4.991455078125
ADC_V9=8.89434814453125
ADC_V12=11.505126953125
ADC_V28=27.65655517578125
THERMAL_SENS_OUT_1=32
THERMAL_SENS_OUT_2=-50
THERMAL_SENS_OUT_3=30
THERMAL_SENS_OUT_4=35
THERMAL_SENS_OUT_5=34
THERMAL_SENS_OUT_6=-50
THERMAL_SENS_INT_1=25
THERMAL_SENS_INT_2=31
PG_5=0
PG_9=0
PG_12=0
FLT_P2=0
FLT_P3=0
HEAT_1_TEMP=32
HEAT_1_DUTY=50
HEAT_2_TEMP=30
HEAT_2_DUTY=0
HEAT_3_TEMP=35
HEAT_3_DUTY=0
HEAT_4_TEMP=34
HEAT_4_DUTY=0

[20:55:56.708 EBOX]
TS=1786203248.218
V_SENSE5=1.0546875
V_SENSE9=0.11474609375
V_SENSE12=0.126953125
ADC_V5=5.0091552734375
ADC_V9=9.1510009765625
ADC_V12=11.90338134765625
ADC_V28=27.72735595703125
THERMAL_SENS_OUT_1=32
THERMAL_SENS_OUT_2=-50
THERMAL_SENS_OUT_3=33
THERMAL_SENS_OUT_4=34
THERMAL_SENS_OUT_5=37
THERMAL_SENS_OUT_6=-50
THERMAL_SENS_INT_1=24
THERMAL_SENS_INT_2=27
PG_5=0
PG_9=0
PG_12=0
FLT_P2=0
FLT_P3=0
HEAT_1_TEMP=32
HEAT_1_DUTY=0
HEAT_2_TEMP=33
HEAT_2_DUTY=50
HEAT_3_TEMP=34
HEAT_3_DUTY=0
HEAT_4_TEMP=37
HEAT_4_DUTY=0

[20:55:57.277 EBOX]
TS=1786203248.714
V_SENSE5=1.025390625
V_SENSE9=0.07568359375
V_SENSE12=0.1025390625
ADC_V5=5.00030517578125
ADC_V9=9.3988037109375
ADC_V12=12.06268310546875
ADC_V28=27.78045654296875
THERMAL_SENS_OUT_1=34
THERMAL_SENS_OUT_2=-50
THERMAL_SENS_OUT_3=36
THERMAL_SENS_OUT_4=29
THERMAL_SENS_OUT_5=32
THERMAL_SENS_OUT_6=-50
THERMAL_SENS_INT_1=24
THERMAL_SENS_INT_2=29
PG_5=0
PG_9=0
PG_12=0
FLT_P2=0
FLT_P3=0
HEAT_1_TEMP=34
HEAT_1_DUTY=0
HEAT_2_TEMP=36
HEAT_2_DUTY=50
HEAT_3_TEMP=29
HEAT_3_DUTY=0
HEAT_4_TEMP=32
HEAT_4_DUTY=0

[20:55:57.730 EBOX]
TS=1786203249.213
V_SENSE5=1.03515625
V_SENSE9=0.0341796875
V_SENSE12=0.1513671875
ADC_V5=4.82330322265625
ADC_V9=8.96514892578125
ADC_V12=11.77947998046875
ADC_V28=27.85125732421875
THERMAL_SENS_OUT_1=32
THERMAL_SENS_OUT_2=-50
THERMAL_SENS_OUT_3=29
THERMAL_SENS_OUT_4=29
THERMAL_SENS_OUT_5=32
THERMAL_SENS_OUT_6=-50
THERMAL_SENS_INT_1=24
THERMAL_SENS_INT_2=26
PG_5=0
PG_9=0
PG_12=0
FLT_P2=0
FLT_P3=0
HEAT_1_TEMP=32
HEAT_1_DUTY=0
HEAT_2_TEMP=29
HEAT_2_DUTY=0
HEAT_3_TEMP=29
HEAT_3_DUTY=50
HEAT_4_TEMP=32
HEAT_4_DUTY=0

[20:55:58.284 EBOX]
TS=1786203249.717
V_SENSE5=1.08642578125
V_SENSE9=0.0341796875
V_SENSE12=0.126953125
ADC_V5=4.82330322265625
ADC_V9=9.2041015625
ADC_V12=11.9476318359375
ADC_V28=27.930908203125
THERMAL_SENS_OUT_1=32
THERMAL_SENS_OUT_2=-50
THERMAL_SENS_OUT_3=30
THERMAL_SENS_OUT_4=37
THERMAL_SENS_OUT_5=34
THERMAL_SENS_OUT_6=-50
THERMAL_SENS_INT_1=26
THERMAL_SENS_INT_2=25
PG_5=0
PG_9=0
PG_12=0
FLT_P2=0
FLT_P3=0
HEAT_1_TEMP=32
HEAT_1_DUTY=0
HEAT_2_TEMP=30
HEAT_2_DUTY=0
HEAT_3_TEMP=37
HEAT_3_DUTY=50
HEAT_4_TEMP=34
HEAT_4_DUTY=0

[20:55:58.730 EBOX]
TS=1786203250.218
V_SENSE5=1.05224609375
V_SENSE9=0.0341796875
V_SENSE12=0.09765625
ADC_V5=5.0091552734375
ADC_V9=8.80584716796875
ADC_V12=11.83258056640625
ADC_V28=27.54150390625
THERMAL_SENS_OUT_1=32
THERMAL_SENS_OUT_2=-50
THERMAL_SENS_OUT_3=33
THERMAL_SENS_OUT_4=30
THERMAL_SENS_OUT_5=36
THERMAL_SENS_OUT_6=-50
THERMAL_SENS_INT_1=23
THERMAL_SENS_INT_2=28
PG_5=0
PG_9=0
PG_12=0
FLT_P2=0
FLT_P3=0
HEAT_1_TEMP=32
HEAT_1_DUTY=0
HEAT_2_TEMP=33
HEAT_2_DUTY=0
HEAT_3_TEMP=30
HEAT_3_DUTY=0
HEAT_4_TEMP=36
HEAT_4_DUTY=50

[20:55:59.280 EBOX]
TS=1786203250.713
V_SENSE5=1.17431640625
V_SENSE9=0.0390625
V_SENSE12=0.1220703125
ADC_V5=4.9560546875
ADC_V9=9.2926025390625
ADC_V12=11.8768310546875
ADC_V28=27.09014892578125
THERMAL_SENS_OUT_1=32
THERMAL_SENS_OUT_2=-50
THERMAL_SENS_OUT_3=32
THERMAL_SENS_OUT_4=30
THERMAL_SENS_OUT_5=33
THERMAL_SENS_OUT_6=-50
THERMAL_SENS_INT_1=25
THERMAL_SENS_INT_2=31
PG_5=0
PG_9=0
PG_12=0
FLT_P2=0
FLT_P3=0
HEAT_1_TEMP=32
HEAT_1_DUTY=0
HEAT_2_TEMP=32
HEAT_2_DUTY=0
HEAT_3_TEMP=30
HEAT_3_DUTY=0
HEAT_4_TEMP=33
HEAT_4_DUTY=50

[20:55:59.721 EBOX]
TS=1786203251.213
V_SENSE5=1.14013671875
V_SENSE9=0.0341796875
V_SENSE12=0.1171875
ADC_V5=4.84100341796875
ADC_V9=8.92974853515625
ADC_V12=11.505126953125
ADC_V28=28.0902099609375
THERMAL_SENS_OUT_1=34
THERMAL_SENS_OUT_2=-50
THERMAL_SENS_OUT_3=34
THERMAL_SENS_OUT_4=31
THERMAL_SENS_OUT_5=39
THERMAL_SENS_OUT_6=-50
THERMAL_SENS_INT_1=26
THERMAL_SENS_INT_2=27
PG_5=0
PG_9=0
PG_12=0
FLT_P2=0
FLT_P3=0
HEAT_1_TEMP=34
HEAT_1_DUTY=50
HEAT_2_TEMP=34
HEAT_2_DUTY=0
HEAT_3_TEMP=31
HEAT_3_DUTY=0
HEAT_4_TEMP=39
HEAT_4_DUTY=0

[20:56:00.263 EBOX]
TS=1786203251.715
V_SENSE5=1.1279296875
V_SENSE9=0.0390625
V_SENSE12=0.107421875
ADC_V5=4.920654296875
ADC_V9=9.15985107421875
ADC_V12=11.8060302734375
ADC_V28=28.0548095703125
THERMAL_SENS_OUT_1=32
THERMAL_SENS_OUT_2=-50
THERMAL_SENS_OUT_3=32
THERMAL_SENS_OUT_4=35
THERMAL_SENS_OUT_5=33
THERMAL_SENS_OUT_6=-50
THERMAL_SENS_INT_1=26
THERMAL_SENS_INT_2=29
PG_5=0
PG_9=0
PG_12=0
FLT_P2=0
FLT_P3=0
HEAT_1_TEMP=32
HEAT_1_DUTY=50
HEAT_2_TEMP=32
HEAT_2_DUTY=0
HEAT_3_TEMP=35
HEAT_3_DUTY=0
HEAT_4_TEMP=33
HEAT_4_DUTY=0

[20:56:00.709 EBOX]
TS=1786203252.216
V_SENSE5=1.123046875
V_SENSE9=0.03662109375
V_SENSE12=0.12451171875
ADC_V5=5.00030517578125
ADC_V9=9.08905029296875
ADC_V12=11.77947998046875
ADC_V28=27.86895751953125
THERMAL_SENS_OUT_1=37
THERMAL_SENS_OUT_2=-50
THERMAL_SENS_OUT_3=29
THERMAL_SENS_OUT_4=34
THERMAL_SENS_OUT_5=34
THERMAL_SENS_OUT_6=-50
THERMAL_SENS_INT_1=27
THERMAL_SENS_INT_2=25
PG_5=0
PG_9=0
PG_12=0
FLT_P2=0
FLT_P3=0
HEAT_1_TEMP=37
HEAT_1_DUTY=0
HEAT_2_TEMP=29
HEAT_2_DUTY=50
HEAT_3_TEMP=34
HEAT_3_DUTY=0
HEAT_4_TEMP=34
HEAT_4_DUTY=0

[20:56:01.256 EBOX]
TS=1786203252.727
V_SENSE5=1.0400390625
V_SENSE9=0.04150390625
V_SENSE12=0.10498046875
ADC_V5=5.03570556640625
ADC_V9=9.15985107421875
ADC_V12=11.4520263671875
ADC_V28=27.86895751953125
THERMAL_SENS_OUT_1=35
THERMAL_SENS_OUT_2=-50
THERMAL_SENS_OUT_3=32
THERMAL_SENS_OUT_4=31
THERMAL_SENS_OUT_5=37
THERMAL_SENS_OUT_6=-50
THERMAL_SENS_INT_1=25
THERMAL_SENS_INT_2=27
PG_5=0
PG_9=0
PG_12=0
FLT_P2=0
FLT_P3=0
HEAT_1_TEMP=35
HEAT_1_DUTY=0
HEAT_2_TEMP=32
HEAT_2_DUTY=50
HEAT_3_TEMP=31
HEAT_3_DUTY=0
HEAT_4_TEMP=37
HEAT_4_DUTY=0

[20:56:01.742 EBOX]
TS=1786203253.230
V_SENSE5=1.04248046875
V_SENSE9=0.0390625
V_SENSE12=0.16845703125
ADC_V5=4.9560546875
ADC_V9=9.345703125
ADC_V12=11.74407958984375
ADC_V28=27.8778076171875
THERMAL_SENS_OUT_1=36
THERMAL_SENS_OUT_2=-50
THERMAL_SENS_OUT_3=34
THERMAL_SENS_OUT_4=31
THERMAL_SENS_OUT_5=35
THERMAL_SENS_OUT_6=-50
THERMAL_SENS_INT_1=26
THERMAL_SENS_INT_2=30
PG_5=0
PG_9=0
PG_12=0
FLT_P2=0
FLT_P3=0
HEAT_1_TEMP=36
HEAT_1_DUTY=0
HEAT_2_TEMP=34
HEAT_2_DUTY=0
HEAT_3_TEMP=31
HEAT_3_DUTY=50
HEAT_4_TEMP=35
HEAT_4_DUTY=0

[20:56:02.312 EBOX]
TS=1786203253.730
V_SENSE5=1.0791015625
V_SENSE9=0.0390625
V_SENSE12=0.13671875
ADC_V5=4.9029541015625
ADC_V9=9.0625
ADC_V12=11.82373046875
ADC_V28=27.718505859375
THERMAL_SENS_OUT_1=33
THERMAL_SENS_OUT_2=-50
THERMAL_SENS_OUT_3=29
THERMAL_SENS_OUT_4=31
THERMAL_SENS_OUT_5=34
THERMAL_SENS_OUT_6=-50
THERMAL_SENS_INT_1=23
THERMAL_SENS_INT_2=25
PG_5=0
PG_9=0
PG_12=0
FLT_P2=0
FLT_P3=0
HEAT_1_TEMP=33
HEAT_1_DUTY=0
HEAT_2_TEMP=29
HEAT_2_DUTY=0
HEAT_3_TEMP=31
HEAT_3_DUTY=50
HEAT_4_TEMP=34
HEAT_4_DUTY=0

[20:56:02.756 EBOX]
TS=1786203254.229
V_SENSE5=1.0546875
V_SENSE9=0.0341796875
V_SENSE12=0.1025390625
ADC_V5=4.91180419921875
ADC_V9=9.310302734375
ADC_V12=11.4874267578125
ADC_V28=27.56805419921875
THERMAL_SENS_OUT_1=31
THERMAL_SENS_OUT_2=-50
THERMAL_SENS_OUT_3=35
THERMAL_SENS_OUT_4=32
THERMAL_SENS_OUT_5=32
THERMAL_SENS_OUT_6=-50
THERMAL_SENS_INT_1=29
THERMAL_SENS_INT_2=28
PG_5=0
PG_9=0
PG_12=0
FLT_P2=0
FLT_P3=0
HEAT_1_TEMP=31
HEAT_1_DUTY=0
HEAT_2_TEMP=35
HEAT_2_DUTY=0
HEAT_3_TEMP=32
HEAT_3_DUTY=0
HEAT_4_TEMP=32
HEAT_4_DUTY=50

[20:56:03.192 EBOX]
TS=1786203254.731
V_SENSE5=1.0546875
V_SENSE9=0.0390625
V_SENSE12=0.126953125
ADC_V5=4.991455078125
ADC_V9=9.5758056640625
ADC_V12=11.70867919921875
ADC_V28=26.97509765625
THERMAL_SENS_OUT_1=32
THERMAL_SENS_OUT_2=-50
THERMAL_SENS_OUT_3=33
THERMAL_SENS_OUT_4=30
THERMAL_SENS_OUT_5=37
THERMAL_SENS_OUT_6=-50
THERMAL_SENS_INT_1=25
THERMAL_SENS_INT_2=33
PG_5=0
PG_9=0
PG_12=0
FLT_P2=0
FLT_P3=0
HEAT_1_TEMP=32
HEAT_1_DUTY=0
HEAT_2_TEMP=33
HEAT_2_DUTY=0
HEAT_3_TEMP=30
HEAT_3_DUTY=0
HEAT_4_TEMP=37
HEAT_4_DUTY=50

[20:56:03.746 EBOX]
TS=1786203255.233
V_SENSE5=1.0498046875
V_SENSE9=0.0341796875
V_SENSE12=0.13671875
ADC_V5=4.98260498046875
ADC_V9=8.77044677734375
ADC_V12=11.93878173828125
ADC_V28=27.42645263671875
THERMAL_SENS_OUT_1=31
THERMAL_SENS_OUT_2=-50
THERMAL_SENS_OUT_3=33
THERMAL_SENS_OUT_4=31
THERMAL_SENS_OUT_5=39
THERMAL_SENS_OUT_6=-50
THERMAL_SENS_INT_1=26
THERMAL_SENS_INT_2=25
PG_5=0
PG_9=0
PG_12=0
FLT_P2=0
FLT_P3=0
HEAT_1_TEMP=31
HEAT_1_DUTY=50
HEAT_2_TEMP=33
HEAT_2_DUTY=0
HEAT_3_TEMP=31
HEAT_3_DUTY=0
HEAT_4_TEMP=39
HEAT_4_DUTY=0

[20:56:04.285 EBOX]
TS=1786203255.727
V_SENSE5=1.15234375
V_SENSE9=0.0341796875
V_SENSE12=0.12939453125
ADC_V5=4.8321533203125
ADC_V9=9.33685302734375
ADC_V12=11.717529296875
ADC_V28=27.6654052734375
THERMAL_SENS_OUT_1=34
THERMAL_SENS_OUT_2=-50
THERMAL_SENS_OUT_3=35
THERMAL_SENS_OUT_4=32
THERMAL_SENS_OUT_5=35
THERMAL_SENS_OUT_6=-50
THERMAL_SENS_INT_1=25
THERMAL_SENS_INT_2=32
PG_5=0
PG_9=0
PG_12=0
FLT_P2=0
FLT_P3=0
HEAT_1_TEMP=34
HEAT_1_DUTY=50
HEAT_2_TEMP=35
HEAT_2_DUTY=0
HEAT_3_TEMP=32
HEAT_3_DUTY=0
HEAT_4_TEMP=35
HEAT_4_DUTY=0

[20:56:04.732 EBOX]
TS=1786203256.228
V_SENSE5=1.20849609375
V_SENSE9=0.03662109375
V_SENSE12=0.11962890625
ADC_V5=4.91180419921875
ADC_V9=9.6112060546875
ADC_V12=11.717529296875
ADC_V28=27.789306640625
THERMAL_SENS_OUT_1=32
THERMAL_SENS_OUT_2=-50
THERMAL_SENS_OUT_3=32
THERMAL_SENS_OUT_4=32
THERMAL_SENS_OUT_5=33
THERMAL_SENS_OUT_6=-50
THERMAL_SENS_INT_1=26
THERMAL_SENS_INT_2=27
PG_5=0
PG_9=0
PG_12=0
FLT_P2=0
FLT_P3=0
HEAT_1_TEMP=32
HEAT_1_DUTY=0
HEAT_2_TEMP=32
HEAT_2_DUTY=50
HEAT_3_TEMP=32
HEAT_3_DUTY=0
HEAT_4_TEMP=33
HEAT_4_DUTY=0

[20:56:05.281 EBOX]
TS=1786203256.729
V_SENSE5=1.181640625
V_SENSE9=0.05615234375
V_SENSE12=0.09765625
ADC_V5=4.814453125
ADC_V9=9.1510009765625
ADC_V12=11.74407958984375
ADC_V28=27.79815673828125
THERMAL_SENS_OUT_1=32
THERMAL_SENS_OUT_2=-50
THERMAL_SENS_OUT_3=30
THERMAL_SENS_OUT_4=35
THERMAL_SENS_OUT_5=34
THERMAL_SENS_OUT_6=-50
THERMAL_SENS_INT_1=26
THERMAL_SENS_INT_2=28
PG_5=0
PG_9=0
PG_12=0
FLT_P2=0
FLT_P3=0
HEAT_1_TEMP=32
HEAT_1_DUTY=0
HEAT_2_TEMP=30
HEAT_2_DUTY=50
HEAT_3_TEMP=35
HEAT_3_DUTY=0
HEAT_4_TEMP=34
HEAT_4_DUTY=0

[20:56:05.721 EBOX]
TS=1786203257.231
V_SENSE5=1.1572265625
V_SENSE9=0.0341796875
V_SENSE12=0.12939453125
ADC_V5=4.80560302734375
ADC_V9=9.0802001953125
ADC_V12=11.788330078125
ADC_V28=27.789306640625
THERMAL_SENS_OUT_1=31
THERMAL_SENS_OUT_2=-50
THERMAL_SENS_OUT_3=30
THERMAL_SENS_OUT_4=36
THERMAL_SENS_OUT_5=34
THERMAL_SENS_OUT_6=-50
THERMAL_SENS_INT_1=26
THERMAL_SENS_INT_2=28
PG_5=0
PG_9=0
PG_12=0
FLT_P2=0
FLT_P3=0
HEAT_1_TEMP=31
HEAT_1_DUTY=0
HEAT_2_TEMP=30
HEAT_2_DUTY=0
HEAT_3_TEMP=36
HEAT_3_DUTY=50
HEAT_4_TEMP=34
HEAT_4_DUTY=0

[20:56:06.277 EBOX]
TS=1786203257.739
V_SENSE5=1.07177734375
V_SENSE9=0.0341796875
V_SENSE12=0.1416015625
ADC_V5=4.96490478515625
ADC_V9=9.33685302734375
ADC_V12=11.95648193359375
ADC_V28=27.49725341796875
THERMAL_SENS_OUT_1=31
THERMAL_SENS_OUT_2=-50
THERMAL_SENS_OUT_3=31
THERMAL_SENS_OUT_4=30
THERMAL_SENS_OUT_5=36
THERMAL_SENS_OUT_6=-50
THERMAL_SENS_INT_1=29
THERMAL_SENS_INT_2=25
PG_5=0
PG_9=0
PG_12=0
FLT_P2=0
FLT_P3=0
HEAT_1_TEMP=31
HEAT_1_DUTY=0
HEAT_2_TEMP=31
HEAT_2_DUTY=0
HEAT_3_TEMP=30
HEAT_3_DUTY=50
HEAT_4_TEMP=36
HEAT_4_DUTY=0

[20:56:06.745 EBOX]
TS=1786203258.241
V_SENSE5=0.986328125
V_SENSE9=0.029296875
V_SENSE12=0.11962890625
ADC_V5=4.80560302734375
ADC_V9=8.885498046875
ADC_V12=11.89453125
ADC_V28=27.3468017578125
THERMAL_SENS_OUT_1=31
THERMAL_SENS_OUT_2=-50
THERMAL_SENS_OUT_3=32
THERMAL_SENS_OUT_4=30
THERMAL_SENS_OUT_5=34
THERMAL_SENS_OUT_6=-50
THERMAL_SENS_INT_1=24
THERMAL_SENS_INT_2=30
PG_5=0
PG_9=0
PG_12=0
FLT_P2=0
FLT_P3=0
HEAT_1_TEMP=31
HEAT_1_DUTY=0
HEAT_2_TEMP=32
HEAT_2_DUTY=0
HEAT_3_TEMP=30
HEAT_3_DUTY=0
HEAT_4_TEMP=34
HEAT_4_DUTY=50

[20:56:07.317 EBOX]
TS=1786203258.739
V_SENSE5=1.083984375
V_SENSE9=0.0390625
V_SENSE12=0.126953125
ADC_V5=4.920654296875
ADC_V9=9.2041015625
ADC_V12=11.69097900390625
ADC_V28=27.4530029296875
THERMAL_SENS_OUT_1=33
THERMAL_SENS_OUT_2=-50
THERMAL_SENS_OUT_3=31
THERMAL_SENS_OUT_4=31
THERMAL_SENS_OUT_5=35
THERMAL_SENS_OUT_6=-50
THERMAL_SENS_INT_1=30
THERMAL_SENS_INT_2=26
PG_5=0
PG_9=0
PG_12=0
FLT_P2=0
FLT_P3=0
HEAT_1_TEMP=33
HEAT_1_DUTY=0
HEAT_2_TEMP=31
HEAT_2_DUTY=0
HEAT_3_TEMP=31
HEAT_3_DUTY=0
HEAT_4_TEMP=35
HEAT_4_DUTY=50

[20:56:07.752 EBOX]
TS=1786203259.244
V_SENSE5=1.064453125
V_SENSE9=0.07568359375
V_SENSE12=0.12939453125
ADC_V5=4.91180419921875
ADC_V9=9.5050048828125
ADC_V12=11.85028076171875
ADC_V28=27.14324951171875
THERMAL_SENS_OUT_1=32
THERMAL_SENS_OUT_2=-50
THERMAL_SENS_OUT_3=36
THERMAL_SENS_OUT_4=32
THERMAL_SENS_OUT_5=34
THERMAL_SENS_OUT_6=-50
THERMAL_SENS_INT_1=24
THERMAL_SENS_INT_2=28
PG_5=0
PG_9=0
PG_12=0
FLT_P2=0
FLT_P3=0
HEAT_1_TEMP=32
HEAT_1_DUTY=50
HEAT_2_TEMP=36
HEAT_2_DUTY=0
HEAT_3_TEMP=32
HEAT_3_DUTY=0
HEAT_4_TEMP=34
HEAT_4_DUTY=0

[20:56:08.291 EBOX]
TS=1786203259.738
V_SENSE5=1.1279296875
V_SENSE9=0.0390625
V_SENSE12=0.1318359375
ADC_V5=4.88525390625
ADC_V9=9.1510009765625
ADC_V12=11.63787841796875
ADC_V28=27.7716064453125
THERMAL_SENS_OUT_1=33
THERMAL_SENS_OUT_2=-50
THERMAL_SENS_OUT_3=32
THERMAL_SENS_OUT_4=32
THERMAL_SENS_OUT_5=35
THERMAL_SENS_OUT_6=-50
THERMAL_SENS_INT_1=24
THERMAL_SENS_INT_2=29
PG_5=0
PG_9=0
PG_12=0
FLT_P2=0
FLT_P3=0
HEAT_1_TEMP=33
HEAT_1_DUTY=50
HEAT_2_TEMP=32
HEAT_2_DUTY=0
HEAT_3_TEMP=32
HEAT_3_DUTY=0
HEAT_4_TEMP=35
HEAT_4_DUTY=0

[20:56:08.733 EBOX]
TS=1786203260.239
V_SENSE5=1.1572265625
V_SENSE9=0.0341796875
V_SENSE12=0.12939453125
ADC_V5=4.9383544921875
ADC_V9=8.9031982421875
ADC_V12=11.505126953125
ADC_V28=28.08135986328125
THERMAL_SENS_OUT_1=34
THERMAL_SENS_OUT_2=-50
THERMAL_SENS_OUT_3=35
THERMAL_SENS_OUT_4=32
THERMAL_SENS_OUT_5=33
THERMAL_SENS_OUT_6=-50
THERMAL_SENS_INT_1=30
THERMAL_SENS_INT_2=29
PG_5=0
PG_9=0
PG_12=0
FLT_P2=0
FLT_P3=0
HEAT_1_TEMP=34
HEAT_1_DUTY=0
HEAT_2_TEMP=35
HEAT_2_DUTY=50
HEAT_3_TEMP=32
HEAT_3_DUTY=0
HEAT_4_TEMP=33
HEAT_4_DUTY=0

[20:56:09.269 EBOX]
TS=1786203260.740
V_SENSE5=1.14013671875
V_SENSE9=0.03662109375
V_SENSE12=0.11962890625
ADC_V5=4.9737548828125
ADC_V9=9.2572021484375
ADC_V12=11.60247802734375
ADC_V28=27.860107421875
THERMAL_SENS_OUT_1=33
THERMAL_SENS_OUT_2=-50
THERMAL_SENS_OUT_3=33
THERMAL_SENS_OUT_4=30
THERMAL_SENS_OUT_5=37
THERMAL_SENS_OUT_6=-50
THERMAL_SENS_INT_1=29
THERMAL_SENS_INT_2=27
PG_5=0
PG_9=0
PG_12=0
FLT_P2=0
FLT_P3=0
HEAT_1_TEMP=33
HEAT_1_DUTY=0
HEAT_2_TEMP=33
HEAT_2_DUTY=50
HEAT_3_TEMP=30
HEAT_3_DUTY=0
HEAT_4_TEMP=37
HEAT_4_DUTY=0

[20:56:09.825 EBOX]
TS=1786203261.241
V_SENSE5=1.171875
V_SENSE9=0.0390625
V_SENSE12=0.1318359375
ADC_V5=4.9029541015625
ADC_V9=9.46075439453125
ADC_V12=11.5228271484375
ADC_V28=27.65655517578125
THERMAL_SENS_OUT_1=33
THERMAL_SENS_OUT_2=-50
THERMAL_SENS_OUT_3=30
THERMAL_SENS_OUT_4=35
THERMAL_SENS_OUT_5=35
THERMAL_SENS_OUT_6=-50
THERMAL_SENS_INT_1=29
THERMAL_SENS_INT_2=29
PG_5=0
PG_9=0
PG_12=0
FLT_P2=0
FLT_P3=0
HEAT_1_TEMP=33
HEAT_1_DUTY=0
HEAT_2_TEMP=30
HEAT_2_DUTY=0
HEAT_3_TEMP=35
HEAT_3_DUTY=50
HEAT_4_TEMP=35
HEAT_4_DUTY=0

[20:56:10.279 EBOX]
TS=1786203261.755
V_SENSE5=1.02783203125
V_SENSE9=0.0390625
V_SENSE12=0.12939453125
ADC_V5=4.8321533203125
ADC_V9=9.2041015625
ADC_V12=11.51397705078125
ADC_V28=27.90435791015625
THERMAL_SENS_OUT_1=31
THERMAL_SENS_OUT_2=-50
THERMAL_SENS_OUT_3=34
THERMAL_SENS_OUT_4=37
THERMAL_SENS_OUT_5=35
THERMAL_SENS_OUT_6=-50
THERMAL_SENS_INT_1=24
THERMAL_SENS_INT_2=29
PG_5=0
PG_9=0
PG_12=0
FLT_P2=0
FLT_P3=0
HEAT_1_TEMP=31
HEAT_1_DUTY=0
HEAT_2_TEMP=34
HEAT_2_DUTY=0
HEAT_3_TEMP=37
HEAT_3_DUTY=50
HEAT_4_TEMP=35
HEAT_4_DUTY=0

[20:56:10.727 EBOX]
TS=1786203262.252
V_SENSE5=1.04736328125
V_SENSE9=0.0390625
V_SENSE12=0.1171875
ADC_V5=4.8321533203125
ADC_V9=8.9385986328125
ADC_V12=11.89453125
ADC_V28=27.0635986328125
THERMAL_SENS_OUT_1=33
THERMAL_SENS_OUT_2=-50
THERMAL_SENS_OUT_3=33
THERMAL_SENS_OUT_4=31
THERMAL_SENS_OUT_5=34
THERMAL_SENS_OUT_6=-50
THERMAL_SENS_INT_1=28
THERMAL_SENS_INT_2=33
PG_5=0
PG_9=0
PG_12=0
FLT_P2=0
FLT_P3=0
HEAT_1_TEMP=33
HEAT_1_DUTY=0
HEAT_2_TEMP=33
HEAT_2_DUTY=0
HEAT_3_TEMP=31
HEAT_3_DUTY=0
HEAT_4_TEMP=34
HEAT_4_DUTY=50

[20:56:11.270 EBOX]
TS=1786203262.754
V_SENSE5=1.09375
V_SENSE9=0.06591796875
V_SENSE12=0.1318359375
ADC_V5=5.08880615234375
ADC_V9=9.23065185546875
ADC_V12=12.02728271484375
ADC_V28=27.67425537109375
THERMAL_SENS_OUT_1=30
THERMAL_SENS_OUT_2=-50
THERMAL_SENS_OUT_3=30
THERMAL_SENS_OUT_4=35
THERMAL_SENS_OUT_5=35
THERMAL_SENS_OUT_6=-50
THERMAL_SENS_INT_1=24
THERMAL_SENS_INT_2=28
PG_5=0
PG_9=0
PG_12=0
FLT_P2=0
FLT_P3=0
HEAT_1_TEMP=30
HEAT_1_DUTY=0
HEAT_2_TEMP=30
HEAT_2_DUTY=0
HEAT_3_TEMP=35
HEAT_3_DUTY=0
HEAT_4_TEMP=35
HEAT_4_DUTY=50

[20:56:11.811 EBOX]
TS=1786203263.255
V_SENSE5=1.03271484375
V_SENSE9=0.0341796875
V_SENSE12=0.15625
ADC_V5=4.98260498046875
ADC_V9=9.0447998046875
ADC_V12=11.49627685546875
ADC_V28=27.56805419921875
THERMAL_SENS_OUT_1=31
THERMAL_SENS_OUT_2=-50
THERMAL_SENS_OUT_3=30
THERMAL_SENS_OUT_4=34
THERMAL_SENS_OUT_5=39
THERMAL_SENS_OUT_6=-50
THERMAL_SENS_INT_1=25
THERMAL_SENS_INT_2=28
PG_5=0
PG_9=0
PG_12=0
FLT_P2=0
FLT_P3=0
HEAT_1_TEMP=31
HEAT_1_DUTY=50
HEAT_2_TEMP=30
HEAT_2_DUTY=0
HEAT_3_TEMP=34
HEAT_3_DUTY=0
HEAT_4_TEMP=39
HEAT_4_DUTY=0

[20:56:12.257 EBOX]
TS=1786203263.759
V_SENSE5=1.09375
V_SENSE9=0.03662109375
V_SENSE12=0.12939453125
ADC_V5=5.01800537109375
ADC_V9=9.27490234375
ADC_V12=11.82373046875
ADC_V28=27.67425537109375
THERMAL_SENS_OUT_1=34
THERMAL_SENS_OUT_2=-50
THERMAL_SENS_OUT_3=36
THERMAL_SENS_OUT_4=33
THERMAL_SENS_OUT_5=36
THERMAL_SENS_OUT_6=-50
THERMAL_SENS_INT_1=28
THERMAL_SENS_INT_2=28
PG_5=0
PG_9=0
PG_12=0
FLT_P2=0
FLT_P3=0
HEAT_1_TEMP=34
HEAT_1_DUTY=50
HEAT_2_TEMP=36
HEAT_2_DUTY=0
HEAT_3_TEMP=33
HEAT_3_DUTY=0
HEAT_4_TEMP=36
HEAT_4_DUTY=0

[20:56:12.799 EBOX]
TS=1786203264.258
V_SENSE5=1.07421875
V_SENSE9=0.11474609375
V_SENSE12=0.126953125
ADC_V5=5.23040771484375
ADC_V9=9.1864013671875
ADC_V12=11.9122314453125
ADC_V28=27.54150390625
THERMAL_SENS_OUT_1=31
THERMAL_SENS_OUT_2=-50
THERMAL_SENS_OUT_3=33
THERMAL_SENS_OUT_4=31
THERMAL_SENS_OUT_5=38
THERMAL_SENS_OUT_6=-50
THERMAL_SENS_INT_1=24
THERMAL_SENS_INT_2=30
PG_5=0
PG_9=0
PG_12=0
FLT_P2=0
FLT_P3=0
HEAT_1_TEMP=31
HEAT_1_DUTY=0
HEAT_2_TEMP=33
HEAT_2_DUTY=50
HEAT_3_TEMP=31
HEAT_3_DUTY=0
HEAT_4_TEMP=38
HEAT_4_DUTY=0

[20:56:13.274 EBOX]
TS=1786203264.759
V_SENSE5=1.1083984375
V_SENSE9=0.0390625
V_SENSE12=0.1171875
ADC_V5=4.9737548828125
ADC_V9=9.17755126953125
ADC_V12=11.67327880859375
ADC_V28=27.99285888671875
THERMAL_SENS_OUT_1=33
THERMAL_SENS_OUT_2=-50
THERMAL_SENS_OUT_3=33
THERMAL_SENS_OUT_4=31
THERMAL_SENS_OUT_5=39
THERMAL_SENS_OUT_6=-50
THERMAL_SENS_INT_1=30
THERMAL_SENS_INT_2=29
PG_5=0
PG_9=0
PG_12=0
FLT_P2=0
FLT_P3=0
HEAT_1_TEMP=33
HEAT_1_DUTY=0
HEAT_2_TEMP=33
HEAT_2_DUTY=50
HEAT_3_TEMP=31
HEAT_3_DUTY=0
HEAT_4_TEMP=39
HEAT_4_DUTY=0

[20:56:13.812 EBOX]
TS=1786203265.254
V_SENSE5=1.20849609375
V_SENSE9=0.04150390625
V_SENSE12=0.11962890625
ADC_V5=4.96490478515625
ADC_V9=9.30145263671875
ADC_V12=11.74407958984375
ADC_V28=28.001708984375
THERMAL_SENS_OUT_1=32
THERMAL_SENS_OUT_2=-50
THERMAL_SENS_OUT_3=32
THERMAL_SENS_OUT_4=32
THERMAL_SENS_OUT_5=33
THERMAL_SENS_OUT_6=-50
THERMAL_SENS_INT_1=24
THERMAL_SENS_INT_2=29
PG_5=0
PG_9=0
PG_12=0
FLT_P2=0
FLT_P3=0
HEAT_1_TEMP=32
HEAT_1_DUTY=0
HEAT_2_TEMP=32
HEAT_2_DUTY=0
HEAT_3_TEMP=32
HEAT_3_DUTY=50
HEAT_4_TEMP=33
HEAT_4_DUTY=0

[20:56:14.297 EBOX]
TS=1786203265.755
V_SENSE5=1.16943359375
V_SENSE9=0.04150390625
V_SENSE12=0.11474609375
ADC_V5=4.9737548828125
ADC_V9=8.7969970703125
ADC_V12=11.788330078125
ADC_V28=27.42645263671875
THERMAL_SENS_OUT_1=31
THERMAL_SENS_OUT_2=-50
THERMAL_SENS_OUT_3=30
THERMAL_SENS_OUT_4=33
THERMAL_SENS_OUT_5=33
THERMAL_SENS_OUT_6=-50
THERMAL_SENS_INT_1=29
THERMAL_SENS_INT_2=27
PG_5=0
PG_9=0
PG_12=0
FLT_P2=0
FLT_P3=0
HEAT_1_TEMP=31
HEAT_1_DUTY=0
HEAT_2_TEMP=30
HEAT_2_DUTY=0
HEAT_3_TEMP=33
HEAT_3_DUTY=50
HEAT_4_TEMP=33
HEAT_4_DUTY=0

[20:56:14.736 EBOX]
TS=1786203266.256
V_SENSE5=1.171875
V_SENSE9=0.0390625
V_SENSE12=0.126953125
ADC_V5=5.00030517578125
ADC_V9=8.8677978515625
ADC_V12=11.93878173828125
ADC_V28=27.69195556640625
THERMAL_SENS_OUT_1=36
THERMAL_SENS_OUT_2=-50
THERMAL_SENS_OUT_3=30
THERMAL_SENS_OUT_4=35
THERMAL_SENS_OUT_5=34
THERMAL_SENS_OUT_6=-50
THERMAL_SENS_INT_1=24
THERMAL_SENS_INT_2=29
PG_5=0
PG_9=0
PG_12=0
FLT_P2=0
FLT_P3=0
HEAT_1_TEMP=36
HEAT_1_DUTY=0
HEAT_2_TEMP=30
HEAT_2_DUTY=0
HEAT_3_TEMP=35
HEAT_3_DUTY=0
HEAT_4_TEMP=34
HEAT_4_DUTY=50

[20:56:15.276 EBOX]
TS=1786203266.757
V_SENSE5=1.13525390625
V_SENSE9=0.0390625
V_SENSE12=0.1123046875
ADC_V5=4.9383544921875
ADC_V9=9.451904296875
ADC_V12=11.65557861328125
ADC_V28=27.9840087890625
THERMAL_SENS_OUT_1=36
THERMAL_SENS_OUT_2=-50
THERMAL_SENS_OUT_3=34
THERMAL_SENS_OUT_4=31
THERMAL_SENS_OUT_5=38
THERMAL_SENS_OUT_6=-50
THERMAL_SENS_INT_1=27
THERMAL_SENS_INT_2=25
PG_5=0
PG_9=0
PG_12=0
FLT_P2=0
FLT_P3=0
HEAT_1_TEMP=36
HEAT_1_DUTY=0
HEAT_2_TEMP=34
HEAT_2_DUTY=0
HEAT_3_TEMP=31
HEAT_3_DUTY=0
HEAT_4_TEMP=38
HEAT_4_DUTY=50

[20:56:15.817 EBOX]
TS=1786203267.258
V_SENSE5=1.10107421875
V_SENSE9=0.0341796875
V_SENSE12=0.11962890625
ADC_V5=4.9383544921875
ADC_V9=9.10675048828125
ADC_V12=11.56707763671875
ADC_V28=27.860107421875
THERMAL_SENS_OUT_1=37
THERMAL_SENS_OUT_2=-50
THERMAL_SENS_OUT_3=32
THERMAL_SENS_OUT_4=33
THERMAL_SENS_OUT_5=32
THERMAL_SENS_OUT_6=-50
THERMAL_SENS_INT_1=24
THERMAL_SENS_INT_2=30
PG_5=0
PG_9=0
PG_12=0
FLT_P2=0
FLT_P3=0
HEAT_1_TEMP=37
HEAT_1_DUTY=50
HEAT_2_TEMP=32
HEAT_2_DUTY=0
HEAT_3_TEMP=33
HEAT_3_DUTY=0
HEAT_4_TEMP=32
HEAT_4_DUTY=0

[20:56:16.264 EBOX]
TS=1786203267.759
V_SENSE5=1.1376953125
V_SENSE9=0.0390625
V_SENSE12=0.19287109375
ADC_V5=4.88525390625
ADC_V9=9.26605224609375
ADC_V12=11.63787841796875
ADC_V28=28.01055908203125
THERMAL_SENS_OUT_1=35
THERMAL_SENS_OUT_2=-50
THERMAL_SENS_OUT_3=35
THERMAL_SENS_OUT_4=33
THERMAL_SENS_OUT_5=34
THERMAL_SENS_OUT_6=-50
THERMAL_SENS_INT_1=28
THERMAL_SENS_INT_2=27
PG_5=0
PG_9=0
PG_12=0
FLT_P2=0
FLT_P3=0
HEAT_1_TEMP=35
HEAT_1_DUTY=50
HEAT_2_TEMP=35
HEAT_2_DUTY=0
HEAT_3_TEMP=33
HEAT_3_DUTY=0
HEAT_4_TEMP=34
HEAT_4_DUTY=0

[20:56:16.800 EBOX]
TS=1786203268.260
V_SENSE5=1.1572265625
V_SENSE9=0.0341796875
V_SENSE12=0.1318359375
ADC_V5=5.00030517578125
ADC_V9=8.98284912109375
ADC_V12=11.67327880859375
ADC_V28=28.02825927734375
THERMAL_SENS_OUT_1=35
THERMAL_SENS_OUT_2=-50
THERMAL_SENS_OUT_3=35
THERMAL_SENS_OUT_4=33
THERMAL_SENS_OUT_5=35
THERMAL_SENS_OUT_6=-50
THERMAL_SENS_INT_1=30
THERMAL_SENS_INT_2=28
PG_5=0
PG_9=0
PG_12=0
FLT_P2=0
FLT_P3=0
HEAT_1_TEMP=35
HEAT_1_DUTY=0
HEAT_2_TEMP=35
HEAT_2_DUTY=50
HEAT_3_TEMP=33
HEAT_3_DUTY=0
HEAT_4_TEMP=35
HEAT_4_DUTY=0

[20:56:17.255 EBOX]
TS=1786203268.761
V_SENSE5=1.1572265625
V_SENSE9=0.0341796875
V_SENSE12=0.11962890625
ADC_V5=4.96490478515625
ADC_V9=8.956298828125
ADC_V12=11.7706298828125
ADC_V28=27.8955078125
THERMAL_SENS_OUT_1=36
THERMAL_SENS_OUT_2=-50
THERMAL_SENS_OUT_3=31
THERMAL_SENS_OUT_4=32
THERMAL_SENS_OUT_5=33
THERMAL_SENS_OUT_6=-50
THERMAL_SENS_INT_1=26
THERMAL_SENS_INT_2=29
PG_5=0
PG_9=0
PG_12=0
FLT_P2=0
FLT_P3=0
HEAT_1_TEMP=36
HEAT_1_DUTY=0
HEAT_2_TEMP=31
HEAT_2_DUTY=50
HEAT_3_TEMP=32
HEAT_3_DUTY=0
HEAT_4_TEMP=33
HEAT_4_DUTY=0

[20:56:17.796 EBOX]
TS=1786203269.274
V_SENSE5=1.0302734375
V_SENSE9=0.0341796875
V_SENSE12=0.13916015625
ADC_V5=4.94720458984375
ADC_V9=9.027099609375
ADC_V12=11.788330078125
ADC_V28=28.1787109375
THERMAL_SENS_OUT_1=37
THERMAL_SENS_OUT_2=-50
THERMAL_SENS_OUT_3=34
THERMAL_SENS_OUT_4=31
THERMAL_SENS_OUT_5=34
THERMAL_SENS_OUT_6=-50
THERMAL_SENS_INT_1=24
THERMAL_SENS_INT_2=26
PG_5=0
PG_9=0
PG_12=0
FLT_P2=0
FLT_P3=0
HEAT_1_TEMP=37
HEAT_1_DUTY=0
HEAT_2_TEMP=34
HEAT_2_DUTY=0
HEAT_3_TEMP=31
HEAT_3_DUTY=50
HEAT_4_TEMP=34
HEAT_4_DUTY=0

[20:56:18.335 EBOX]
TS=1786203269.771
V_SENSE5=1.06201171875
V_SENSE9=0.0390625
V_SENSE12=0.19287109375
ADC_V5=4.991455078125
ADC_V9=9.1156005859375
ADC_V12=11.77947998046875
ADC_V28=27.2406005859375
THERMAL_SENS_OUT_1=32
THERMAL_SENS_OUT_2=-50
THERMAL_SENS_OUT_3=34
THERMAL_SENS_OUT_4=31
THERMAL_SENS_OUT_5=38
THERMAL_SENS_OUT_6=-50
THERMAL_SENS_INT_1=23
THERMAL_SENS_INT_2=26
PG_5=0
PG_9=0
PG_12=0
FLT_P2=0
FLT_P3=0
HEAT_1_TEMP=32
HEAT_1_DUTY=0
HEAT_2_TEMP=34
HEAT_2_DUTY=0
HEAT_3_TEMP=31
HEAT_3_DUTY=50
HEAT_4_TEMP=38
HEAT_4_DUTY=0

[20:56:18.776 EBOX]
TS=1786203270.273
V_SENSE5=1.0107421875
V_SENSE9=0.03662109375
V_SENSE12=0.10986328125
ADC_V5=4.96490478515625
ADC_V9=8.82354736328125
ADC_V12=11.4697265625
ADC_V28=27.6654052734375
THERMAL_SENS_OUT_1=34
THERMAL_SENS_OUT_2=-50
THERMAL_SENS_OUT_3=29
THERMAL_SENS_OUT_4=37
THERMAL_SENS_OUT_5=35
THERMAL_SENS_OUT_6=-50
THERMAL_SENS_INT_1=30
THERMAL_SENS_INT_2=29
PG_5=0
PG_9=0
PG_12=0
FLT_P2=0
FLT_P3=0
HEAT_1_TEMP=34
HEAT_1_DUTY=0
HEAT_2_TEMP=29
HEAT_2_DUTY=0
HEAT_3_TEMP=37
HEAT_3_DUTY=0
HEAT_4_TEMP=35
HEAT_4_DUTY=50

[20:56:19.319 EBOX]
TS=1786203270.774
V_SENSE5=1.01806640625
V_SENSE9=0.0390625
V_SENSE12=0.1220703125
ADC_V5=5.23040771484375
ADC_V9=9.3988037109375
ADC_V12=11.92108154296875
ADC_V28=27.4884033203125
THERMAL_SENS_OUT_1=32
THERMAL_SENS_OUT_2=-50
THERMAL_SENS_OUT_3=32
THERMAL_SENS_OUT_4=30
THERMAL_SENS_OUT_5=33
THERMAL_SENS_OUT_6=-50
THERMAL_SENS_INT_1=27
THERMAL_SENS_INT_2=26
PG_5=0
PG_9=0
PG_12=0
FLT_P2=0
FLT_P3=0
HEAT_1_TEMP=32
HEAT_1_DUTY=0
HEAT_2_TEMP=32
HEAT_2_DUTY=0
HEAT_3_TEMP=30
HEAT_3_DUTY=0
HEAT_4_TEMP=33
HEAT_4_DUTY=50

[20:56:19.775 EBOX]
TS=1786203271.276
V_SENSE5=1.07177734375
V_SENSE9=0.0341796875
V_SENSE12=0.13671875
ADC_V5=4.814453125
ADC_V9=9.21295166015625
ADC_V12=11.99188232421875
ADC_V28=27.11669921875
THERMAL_SENS_OUT_1=31
THERMAL_SENS_OUT_2=-50
THERMAL_SENS_OUT_3=34
THERMAL_SENS_OUT_4=31
THERMAL_SENS_OUT_5=38
THERMAL_SENS_OUT_6=-50
THERMAL_SENS_INT_1=24
THERMAL_SENS_INT_2=27
PG_5=0
PG_9=0
PG_12=0
FLT_P2=0
FLT_P3=0
HEAT_1_TEMP=31
HEAT_1_DUTY=50
HEAT_2_TEMP=34
HEAT_2_DUTY=0
HEAT_3_TEMP=31
HEAT_3_DUTY=0
HEAT_4_TEMP=38
HEAT_4_DUTY=0

[20:56:20.318 EBOX]
TS=1786203271.770
V_SENSE5=1.16943359375
V_SENSE9=0.0390625
V_SENSE12=0.146484375
ADC_V5=4.9737548828125
ADC_V9=8.885498046875
ADC_V12=11.8414306640625
ADC_V28=27.16094970703125
THERMAL_SENS_OUT_1=33
THERMAL_SENS_OUT_2=-50
THERMAL_SENS_OUT_3=36
THERMAL_SENS_OUT_4=33
THERMAL_SENS_OUT_5=36
THERMAL_SENS_OUT_6=-50
THERMAL_SENS_INT_1=27
THERMAL_SENS_INT_2=27
PG_5=0
PG_9=0
PG_12=0
FLT_P2=0
FLT_P3=0
HEAT_1_TEMP=33
HEAT_1_DUTY=50
HEAT_2_TEMP=36
HEAT_2_DUTY=0
HEAT_3_TEMP=33
HEAT_3_DUTY=0
HEAT_4_TEMP=36
HEAT_4_DUTY=0

[20:56:20.753 EBOX]
TS=1786203272.272
V_SENSE5=1.123046875
V_SENSE9=0.0341796875
V_SENSE12=0.1171875
ADC_V5=4.9029541015625
ADC_V9=9.05364990234375
ADC_V12=11.8768310546875
ADC_V28=27.42645263671875
THERMAL_SENS_OUT_1=32
THERMAL_SENS_OUT_2=-50
THERMAL_SENS_OUT_3=35
THERMAL_SENS_OUT_4=31
THERMAL_SENS_OUT_5=37
THERMAL_SENS_OUT_6=-50
THERMAL_SENS_INT_1=30
THERMAL_SENS_INT_2=28
PG_5=0
PG_9=0
PG_12=0
FLT_P2=0
FLT_P3=0
HEAT_1_TEMP=32
HEAT_1_DUTY=0
HEAT_2_TEMP=35
HEAT_2_DUTY=50
HEAT_3_TEMP=31
HEAT_3_DUTY=0
HEAT_4_TEMP=37
HEAT_4_DUTY=0

[20:56:21.290 EBOX]
TS=1786203272.772
V_SENSE5=1.15234375
V_SENSE9=0.0341796875
V_SENSE12=0.1123046875
ADC_V5=5.00030517578125
ADC_V9=9.15985107421875
ADC_V12=11.5936279296875
ADC_V28=26.98394775390625
THERMAL_SENS_OUT_1=34
THERMAL_SENS_OUT_2=-50
THERMAL_SENS_OUT_3=36
THERMAL_SENS_OUT_4=33
THERMAL_SENS_OUT_5=34
THERMAL_SENS_OUT_6=-50
THERMAL_SENS_INT_1=27
THERMAL_SENS_INT_2=25
PG_5=0
PG_9=0
PG_12=0
FLT_P2=0
FLT_P3=0
HEAT_1_TEMP=34
HEAT_1_DUTY=0
HEAT_2_TEMP=36
HEAT_2_DUTY=50
HEAT_3_TEMP=33
HEAT_3_DUTY=0
HEAT_4_TEMP=34
HEAT_4_DUTY=0

[20:56:21.832 EBOX]
TS=1786203273.274
V_SENSE5=1.11328125
V_SENSE9=0.0341796875
V_SENSE12=0.1416015625
ADC_V5=4.849853515625
ADC_V9=8.71734619140625
ADC_V12=11.72637939453125
ADC_V28=27.8070068359375
THERMAL_SENS_OUT_1=34
THERMAL_SENS_OUT_2=-50
THERMAL_SENS_OUT_3=34
THERMAL_SENS_OUT_4=31
THERMAL_SENS_OUT_5=38
THERMAL_SENS_OUT_6=-50
THERMAL_SENS_INT_1=27
THERMAL_SENS_INT_2=29
PG_5=0
PG_9=0
PG_12=0
FLT_P2=0
FLT_P3=0
HEAT_1_TEMP=34
HEAT_1_DUTY=0
HEAT_2_TEMP=34
HEAT_2_DUTY=0
HEAT_3_TEMP=31
HEAT_3_DUTY=50
HEAT_4_TEMP=38
HEAT_4_DUTY=0

[20:56:22.278 EBOX]
TS=1786203273.782
V_SENSE5=1.07666015625
V_SENSE9=0.0390625
V_SENSE12=0.14404296875
ADC_V5=4.991455078125
ADC_V9=8.9739990234375
ADC_V12=11.70867919921875
ADC_V28=28.0194091796875
THERMAL_SENS_OUT_1=33
THERMAL_SENS_OUT_2=-50
THERMAL_SENS_OUT_3=30
THERMAL_SENS_OUT_4=33
THERMAL_SENS_OUT_5=33
THERMAL_SENS_OUT_6=-50
THERMAL_SENS_INT_1=26
THERMAL_SENS_INT_2=32
PG_5=0
PG_9=0
PG_12=0
FLT_P2=0
FLT_P3=0
HEAT_1_TEMP=33
HEAT_1_DUTY=0
HEAT_2_TEMP=30
HEAT_2_DUTY=0
HEAT_3_TEMP=33
HEAT_3_DUTY=50
HEAT_4_TEMP=33
HEAT_4_DUTY=0

[20:56:22.816 EBOX]
TS=1786203274.286
V_SENSE5=1.142578125
V_SENSE9=0.0341796875
V_SENSE12=0.12939453125
ADC_V5=5.00030517578125
ADC_V9=9.35455322265625
ADC_V12=11.47857666015625
ADC_V28=27.68310546875
THERMAL_SENS_OUT_1=32
THERMAL_SENS_OUT_2=-50
THERMAL_SENS_OUT_3=33
THERMAL_SENS_OUT_4=33
THERMAL_SENS_OUT_5=37
THERMAL_SENS_OUT_6=-50
THERMAL_SENS_INT_1=25
THERMAL_SENS_INT_2=32
PG_5=0
PG_9=0
PG_12=0
FLT_P2=0
FLT_P3=0
HEAT_1_TEMP=32
HEAT_1_DUTY=0
HEAT_2_TEMP=33
HEAT_2_DUTY=0
HEAT_3_TEMP=33
HEAT_3_DUTY=0
HEAT_4_TEMP=37
HEAT_4_DUTY=50

[20:56:23.261 EBOX]
TS=1786203274.785
V_SENSE5=1.025390625
V_SENSE9=0.03662109375
V_SENSE12=0.1025390625
ADC_V5=4.96490478515625
ADC_V9=9.24835205078125
ADC_V12=11.95648193359375
ADC_V28=27.37335205078125
THERMAL_SENS_OUT_1=32
THERMAL_SENS_OUT_2=-50
THERMAL_SENS_OUT_3=33
THERMAL_SENS_OUT_4=30
THERMAL_SENS_OUT_5=34
THERMAL_SENS_OUT_6=-50
THERMAL_SENS_INT_1=24
THERMAL_SENS_INT_2=29
PG_5=0
PG_9=0
PG_12=0
FLT_P2=0
FLT_P3=0
HEAT_1_TEMP=32
HEAT_1_DUTY=0
HEAT_2_TEMP=33
HEAT_2_DUTY=0
HEAT_3_TEMP=30
HEAT_3_DUTY=0
HEAT_4_TEMP=34
HEAT_4_DUTY=50

[20:56:23.811 EBOX]
TS=1786203275.286
V_SENSE5=1.08642578125
V_SENSE9=0.0390625
V_SENSE12=0.1416015625
ADC_V5=5.08880615234375
ADC_V9=9.0625
ADC_V12=11.85028076171875
ADC_V28=28.001708984375
THERMAL_SENS_OUT_1=32
THERMAL_SENS_OUT_2=-50
THERMAL_SENS_OUT_3=31
THERMAL_SENS_OUT_4=33
THERMAL_SENS_OUT_5=34
THERMAL_SENS_OUT_6=-50
THERMAL_SENS_INT_1=23
THERMAL_SENS_INT_2=32
PG_5=0
PG_9=0
PG_12=0
FLT_P2=0
FLT_P3=0
HEAT_1_TEMP=32
HEAT_1_DUTY=50
HEAT_2_TEMP=31
HEAT_2_DUTY=0
HEAT_3_TEMP=33
HEAT_3_DUTY=0
HEAT_4_TEMP=34
HEAT_4_DUTY=0

[20:56:24.359 EBOX]
TS=1786203275.781
V_SENSE5=1.14501953125
V_SENSE9=0.04638671875
V_SENSE12=0.15380859375
ADC_V5=4.92950439453125
ADC_V9=9.2041015625
ADC_V12=11.717529296875
ADC_V28=28.13446044921875
THERMAL_SENS_OUT_1=33
THERMAL_SENS_OUT_2=-50
THERMAL_SENS_OUT_3=29
THERMAL_SENS_OUT_4=32
THERMAL_SENS_OUT_5=37
THERMAL_SENS_OUT_6=-50
THERMAL_SENS_INT_1=28
THERMAL_SENS_INT_2=26
PG_5=0
PG_9=0
PG_12=0
FLT_P2=0
FLT_P3=0
HEAT_1_TEMP=33
HEAT_1_DUTY=50
HEAT_2_TEMP=29
HEAT_2_DUTY=0
HEAT_3_TEMP=32
HEAT_3_DUTY=0
HEAT_4_TEMP=37
HEAT_4_DUTY=0

[20:56:24.816 EBOX]
TS=1786203276.282
V_SENSE5=1.1474609375
V_SENSE9=0.0390625
V_SENSE12=0.1025390625
ADC_V5=4.9737548828125
ADC_V9=9.24835205078125
ADC_V12=11.81488037109375
ADC_V28=27.47955322265625
THERMAL_SENS_OUT_1=33
THERMAL_SENS_OUT_2=-50
THERMAL_SENS_OUT_3=34
THERMAL_SENS_OUT_4=32
THERMAL_SENS_OUT_5=37
THERMAL_SENS_OUT_6=-50
THERMAL_SENS_INT_1=30
THERMAL_SENS_INT_2=29
PG_5=0
PG_9=0
PG_12=0
FLT_P2=0
FLT_P3=0
HEAT_1_TEMP=33
HEAT_1_DUTY=0
HEAT_2_TEMP=34
HEAT_2_DUTY=50
HEAT_3_TEMP=32
HEAT_3_DUTY=0
HEAT_4_TEMP=37
HEAT_4_DUTY=0

[20:56:25.254 EBOX]
TS=1786203276.783
V_SENSE5=1.15234375
V_SENSE9=0.03662109375
V_SENSE12=0.126953125
ADC_V5=4.82330322265625
ADC_V9=9.03594970703125
ADC_V12=11.82373046875
ADC_V28=27.0989990234375
THERMAL_SENS_OUT_1=33
THERMAL_SENS_OUT_2=-50
THERMAL_SENS_OUT_3=34
THERMAL_SENS_OUT_4=32
THERMAL_SENS_OUT_5=38
THERMAL_SENS_OUT_6=-50
THERMAL_SENS_INT_1=29
THERMAL_SENS_INT_2=28
PG_5=0
PG_9=0
PG_12=0
FLT_P2=0
FLT_P3=0
HEAT_1_TEMP=33
HEAT_1_DUTY=0
HEAT_2_TEMP=34
HEAT_2_DUTY=50
HEAT_3_TEMP=32
HEAT_3_DUTY=0
HEAT_4_TEMP=38
HEAT_4_DUTY=0

[20:56:25.798 EBOX]
TS=1786203277.284
V_SENSE5=1.123046875
V_SENSE9=0.0390625
V_SENSE12=0.10986328125
ADC_V5=4.920654296875
ADC_V9=9.3988037109375
ADC_V12=11.58477783203125
ADC_V28=28.0548095703125
THERMAL_SENS_OUT_1=35
THERMAL_SENS_OUT_2=-50
THERMAL_SENS_OUT_3=36
THERMAL_SENS_OUT_4=33
THERMAL_SENS_OUT_5=34
THERMAL_SENS_OUT_6=-50
THERMAL_SENS_INT_1=30
THERMAL_SENS_INT_2=27
PG_5=0
PG_9=0
PG_12=0
FLT_P2=0
FLT_P3=0
HEAT_1_TEMP=35
HEAT_1_DUTY=0
HEAT_2_TEMP=36
HEAT_2_DUTY=0
HEAT_3_TEMP=33
HEAT_3_DUTY=50
HEAT_4_TEMP=34
HEAT_4_DUTY=0

[20:56:26.335 EBOX]
TS=1786203277.793
V_SENSE5=1.03515625
V_SENSE9=0.0390625
V_SENSE12=0.10986328125
ADC_V5=5.15960693359375
ADC_V9=9.08905029296875
ADC_V12=11.4874267578125
ADC_V28=27.56805419921875
THERMAL_SENS_OUT_1=34
THERMAL_SENS_OUT_2=-50
THERMAL_SENS_OUT_3=36
THERMAL_SENS_OUT_4=33
THERMAL_SENS_OUT_5=33
THERMAL_SENS_OUT_6=-50
THERMAL_SENS_INT_1=24
THERMAL_SENS_INT_2=29
PG_5=0
PG_9=0
PG_12=0
FLT_P2=0
FLT_P3=0
HEAT_1_TEMP=34
HEAT_1_DUTY=0
HEAT_2_TEMP=36
HEAT_2_DUTY=0
HEAT_3_TEMP=33
HEAT_3_DUTY=50
HEAT_4_TEMP=33
HEAT_4_DUTY=0

[20:56:26.787 EBOX]
TS=1786203278.294
V_SENSE5=1.083984375
V_SENSE9=0.06591796875
V_SENSE12=0.11962890625
ADC_V5=4.96490478515625
ADC_V9=8.9031982421875
ADC_V12=11.68212890625
ADC_V28=27.96630859375
THERMAL_SENS_OUT_1=37
THERMAL_SENS_OUT_2=-50
THERMAL_SENS_OUT_3=30
THERMAL_SENS_OUT_4=33
THERMAL_SENS_OUT_5=33
THERMAL_SENS_OUT_6=-50
THERMAL_SENS_INT_1=27
THERMAL_SENS_INT_2=26
PG_5=0
PG_9=0
PG_12=0
FLT_P2=0
FLT_P3=0
HEAT_1_TEMP=37
HEAT_1_DUTY=0
HEAT_2_TEMP=30
HEAT_2_DUTY=0
HEAT_3_TEMP=33
HEAT_3_DUTY=0
HEAT_4_TEMP=33
HEAT_4_DUTY=50

[20:56:27.344 EBOX]
TS=1786203278.799
V_SENSE5=1.044921875
V_SENSE9=0.0390625
V_SENSE12=0.12451171875
ADC_V5=4.9737548828125
ADC_V9=9.46075439453125
ADC_V12=11.82373046875
ADC_V28=27.5592041015625
THERMAL_SENS_OUT_1=37
THERMAL_SENS_OUT_2=-50
THERMAL_SENS_OUT_3=30
THERMAL_SENS_OUT_4=30
THERMAL_SENS_OUT_5=34
THERMAL_SENS_OUT_6=-50
THERMAL_SENS_INT_1=27
THERMAL_SENS_INT_2=31
PG_5=0
PG_9=0
PG_12=0
FLT_P2=0
FLT_P3=0
HEAT_1_TEMP=37
HEAT_1_DUTY=0
HEAT_2_TEMP=30
HEAT_2_DUTY=0
HEAT_3_TEMP=30
HEAT_3_DUTY=0
HEAT_4_TEMP=34
HEAT_4_DUTY=50

[20:56:27.795 EBOX]
TS=1786203279.298
V_SENSE5=1.103515625
V_SENSE9=0.03173828125
V_SENSE12=0.15380859375
ADC_V5=4.920654296875
ADC_V9=8.9739990234375
ADC_V12=11.6998291015625
ADC_V28=27.8778076171875
THERMAL_SENS_OUT_1=36
THERMAL_SENS_OUT_2=-50
THERMAL_SENS_OUT_3=35
THERMAL_SENS_OUT_4=33
THERMAL_SENS_OUT_5=38
THERMAL_SENS_OUT_6=-50
THERMAL_SENS_INT_1=30
THERMAL_SENS_INT_2=29
PG_5=0
PG_9=0
PG_12=0
FLT_P2=0
FLT_P3=0
HEAT_1_TEMP=36
HEAT_1_DUTY=50
HEAT_2_TEMP=35
HEAT_2_DUTY=0
HEAT_3_TEMP=33
HEAT_3_DUTY=0
HEAT_4_TEMP=38
HEAT_4_DUTY=0

[20:56:28.354 EBOX]
TS=1786203279.803
V_SENSE5=1.07666015625
V_SENSE9=0.03662109375
V_SENSE12=0.13671875
ADC_V5=5.02685546875
ADC_V9=9.13330078125
ADC_V12=11.67327880859375
ADC_V28=28.0194091796875
THERMAL_SENS_OUT_1=31
THERMAL_SENS_OUT_2=-50
THERMAL_SENS_OUT_3=30
THERMAL_SENS_OUT_4=30
THERMAL_SENS_OUT_5=35
THERMAL_SENS_OUT_6=-50
THERMAL_SENS_INT_1=28
THERMAL_SENS_INT_2=25
PG_5=0
PG_9=0
PG_12=0
FLT_P2=0
FLT_P3=0
HEAT_1_TEMP=31
HEAT_1_DUTY=50
HEAT_2_TEMP=30
HEAT_2_DUTY=0
HEAT_3_TEMP=30
HEAT_3_DUTY=0
HEAT_4_TEMP=35
HEAT_4_DUTY=0

[20:56:28.795 EBOX]
TS=1786203280.304
V_SENSE5=1.10107421875
V_SENSE9=0.0390625
V_SENSE12=0.10986328125
ADC_V5=4.814453125
ADC_V9=9.3988037109375
ADC_V12=11.89453125
ADC_V28=28.1787109375
THERMAL_SENS_OUT_1=31
THERMAL_SENS_OUT_2=-50
THERMAL_SENS_OUT_3=36
THERMAL_SENS_OUT_4=37
THERMAL_SENS_OUT_5=33
THERMAL_SENS_OUT_6=-50
THERMAL_SENS_INT_1=23
THERMAL_SENS_INT_2=26
PG_5=0
PG_9=0
PG_12=0
FLT_P2=0
FLT_P3=0
HEAT_1_TEMP=31
HEAT_1_DUTY=0
HEAT_2_TEMP=36
HEAT_2_DUTY=50
HEAT_3_TEMP=37
HEAT_3_DUTY=0
HEAT_4_TEMP=33
HEAT_4_DUTY=0

[20:56:29.337 EBOX]
TS=1786203280.796
V_SENSE5=1.123046875
V_SENSE9=0.0390625
V_SENSE12=0.107421875
ADC_V5=4.9737548828125
ADC_V9=8.91204833984375
ADC_V12=11.646728515625
ADC_V28=27.40875244140625
THERMAL_SENS_OUT_1=34
THERMAL_SENS_OUT_2=-50
THERMAL_SENS_OUT_3=29
THERMAL_SENS_OUT_4=30
THERMAL_SENS_OUT_5=34
THERMAL_SENS_OUT_6=-50
THERMAL_SENS_INT_1=29
THERMAL_SENS_INT_2=27
PG_5=0
PG_9=0
PG_12=0
FLT_P2=0
FLT_P3=0
HEAT_1_TEMP=34
HEAT_1_DUTY=0
HEAT_2_TEMP=29
HEAT_2_DUTY=50
HEAT_3_TEMP=30
HEAT_3_DUTY=0
HEAT_4_TEMP=34
HEAT_4_DUTY=0

[20:56:29.779 EBOX]
TS=1786203281.297
V_SENSE5=1.14990234375
V_SENSE9=0.0390625
V_SENSE12=0.126953125
ADC_V5=4.9560546875
ADC_V9=9.17755126953125
ADC_V12=11.82373046875
ADC_V28=27.92205810546875
THERMAL_SENS_OUT_1=34
THERMAL_SENS_OUT_2=-50
THERMAL_SENS_OUT_3=29
THERMAL_SENS_OUT_4=30
THERMAL_SENS_OUT_5=33
THERMAL_SENS_OUT_6=-50
THERMAL_SENS_INT_1=24
THERMAL_SENS_INT_2=29
PG_5=0
PG_9=0
PG_12=0
FLT_P2=0
FLT_P3=0
HEAT_1_TEMP=34
HEAT_1_DUTY=0
HEAT_2_TEMP=29
HEAT_2_DUTY=0
HEAT_3_TEMP=30
HEAT_3_DUTY=50
HEAT_4_TEMP=33
HEAT_4_DUTY=0

[20:56:30.350 EBOX]
TS=1786203281.798
V_SENSE5=1.15478515625
V_SENSE9=0.0341796875
V_SENSE12=0.13427734375
ADC_V5=4.94720458984375
ADC_V9=9.14215087890625
ADC_V12=11.72637939453125
ADC_V28=28.06365966796875
THERMAL_SENS_OUT_1=35
THERMAL_SENS_OUT_2=-50
THERMAL_SENS_OUT_3=34
THERMAL_SENS_OUT_4=36
THERMAL_SENS_OUT_5=34
THERMAL_SENS_OUT_6=-50
THERMAL_SENS_INT_1=28
THERMAL_SENS_INT_2=30
PG_5=0
PG_9=0
PG_12=0
FLT_P2=0
FLT_P3=0
HEAT_1_TEMP=35
HEAT_1_DUTY=0
HEAT_2_TEMP=34
HEAT_2_DUTY=0
HEAT_3_TEMP=36
HEAT_3_DUTY=50
HEAT_4_TEMP=34
HEAT_4_DUTY=0

[20:56:30.824 EBOX]
TS=1786203282.298
V_SENSE5=1.162109375
V_SENSE9=0.03662109375
V_SENSE12=0.1318359375
ADC_V5=4.849853515625
ADC_V9=9.17755126953125
ADC_V12=11.53167724609375
ADC_V28=27.76275634765625
THERMAL_SENS_OUT_1=37
THERMAL_SENS_OUT_2=-50
THERMAL_SENS_OUT_3=32
THERMAL_SENS_OUT_4=35
THERMAL_SENS_OUT_5=38
THERMAL_SENS_OUT_6=-50
THERMAL_SENS_INT_1=28
THERMAL_SENS_INT_2=27
PG_5=0
PG_9=0
PG_12=0
FLT_P2=0
FLT_P3=0
HEAT_1_TEMP=37
HEAT_1_DUTY=0
HEAT_2_TEMP=32
HEAT_2_DUTY=0
HEAT_3_TEMP=35
HEAT_3_DUTY=0
HEAT_4_TEMP=38
HEAT_4_DUTY=50

[20:56:31.363 EBOX]
TS=1786203282.815
V_SENSE5=1.0205078125
V_SENSE9=0.0390625
V_SENSE12=0.11474609375
ADC_V5=4.92950439453125
ADC_V9=9.31915283203125
ADC_V12=11.929931640625
ADC_V28=27.85125732421875
THERMAL_SENS_OUT_1=31
THERMAL_SENS_OUT_2=-50
THERMAL_SENS_OUT_3=36
THERMAL_SENS_OUT_4=31
THERMAL_SENS_OUT_5=36
THERMAL_SENS_OUT_6=-50
THERMAL_SENS_INT_1=27
THERMAL_SENS_INT_2=30
PG_5=0
PG_9=0
PG_12=0
FLT_P2=0
FLT_P3=0
HEAT_1_TEMP=31
HEAT_1_DUTY=0
HEAT_2_TEMP=36
HEAT_2_DUTY=0
HEAT_3_TEMP=31
HEAT_3_DUTY=0
HEAT_4_TEMP=36
HEAT_4_DUTY=50

[20:56:31.809 EBOX]
TS=1786203283.308
V_SENSE5=1.07421875
V_SENSE9=0.04150390625
V_SENSE12=0.1416015625
ADC_V5=4.9383544921875
ADC_V9=9.310302734375
ADC_V12=11.5228271484375
ADC_V28=27.7362060546875
THERMAL_SENS_OUT_1=34
THERMAL_SENS_OUT_2=-50
THERMAL_SENS_OUT_3=32
THERMAL_SENS_OUT_4=30
THERMAL_SENS_OUT_5=35
THERMAL_SENS_OUT_6=-50
THERMAL_SENS_INT_1=28
THERMAL_SENS_INT_2=26
PG_5=0
PG_9=0
PG_12=0
FLT_P2=0
FLT_P3=0
HEAT_1_TEMP=34
HEAT_1_DUTY=50
HEAT_2_TEMP=32
HEAT_2_DUTY=0
HEAT_3_TEMP=30
HEAT_3_DUTY=0
HEAT_4_TEMP=35
HEAT_4_DUTY=0

[20:56:32.373 EBOX]
TS=1786203283.813
V_SENSE5=1.03515625
V_SENSE9=0.0341796875
V_SENSE12=0.13427734375
ADC_V5=4.89410400390625
ADC_V9=9.62005615234375
ADC_V12=11.85028076171875
ADC_V28=27.7716064453125
THERMAL_SENS_OUT_1=32
THERMAL_SENS_OUT_2=-50
THERMAL_SENS_OUT_3=34
THERMAL_SENS_OUT_4=31
THERMAL_SENS_OUT_5=35
THERMAL_SENS_OUT_6=-50
THERMAL_SENS_INT_1=28
THERMAL_SENS_INT_2=27
PG_5=0
PG_9=0
PG_12=0
FLT_P2=0
FLT_P3=0
HEAT_1_TEMP=32
HEAT_1_DUTY=50
HEAT_2_TEMP=34
HEAT_2_DUTY=0
HEAT_3_TEMP=31
HEAT_3_DUTY=0
HEAT_4_TEMP=35
HEAT_4_DUTY=0

[20:56:32.809 EBOX]
TS=1786203284.311
V_SENSE5=1.07177734375
V_SENSE9=0.0341796875
V_SENSE12=0.1171875
ADC_V5=4.9560546875
ADC_V9=8.91204833984375
ADC_V12=11.90338134765625
ADC_V28=26.96624755859375
THERMAL_SENS_OUT_1=34
THERMAL_SENS_OUT_2=-50
THERMAL_SENS_OUT_3=35
THERMAL_SENS_OUT_4=35
THERMAL_SENS_OUT_5=36
THERMAL_SENS_OUT_6=-50
THERMAL_SENS_INT_1=25
THERMAL_SENS_INT_2=32
PG_5=0
PG_9=0
PG_12=0
FLT_P2=0
FLT_P3=0
HEAT_1_TEMP=34
HEAT_1_DUTY=0
HEAT_2_TEMP=35
HEAT_2_DUTY=50
HEAT_3_TEMP=35
HEAT_3_DUTY=0
HEAT_4_TEMP=36
HEAT_4_DUTY=0

[20:56:33.348 EBOX]
TS=1786203284.817
V_SENSE5=1.07421875
V_SENSE9=0.0341796875
V_SENSE12=0.15380859375
ADC_V5=4.814453125
ADC_V9=9.56695556640625
ADC_V12=11.7529296875
ADC_V28=27.00164794921875
THERMAL_SENS_OUT_1=32
THERMAL_SENS_OUT_2=-50
THERMAL_SENS_OUT_3=32
THERMAL_SENS_OUT_4=37
THERMAL_SENS_OUT_5=36
THERMAL_SENS_OUT_6=-50
THERMAL_SENS_INT_1=25
THERMAL_SENS_INT_2=32
PG_5=0
PG_9=0
PG_12=0
FLT_P2=0
FLT_P3=0
HEAT_1_TEMP=32
HEAT_1_DUTY=0
HEAT_2_TEMP=32
HEAT_2_DUTY=50
HEAT_3_TEMP=37
HEAT_3_DUTY=0
HEAT_4_TEMP=36
HEAT_4_DUTY=0

[20:56:33.788 EBOX]
TS=1786203285.315
V_SENSE5=1.04248046875
V_SENSE9=0.0390625
V_SENSE12=0.11962890625
ADC_V5=5.0091552734375
ADC_V9=8.69964599609375
ADC_V12=11.88568115234375
ADC_V28=27.53265380859375
THERMAL_SENS_OUT_1=31
THERMAL_SENS_OUT_2=-50
THERMAL_SENS_OUT_3=29
THERMAL_SENS_OUT_4=31
THERMAL_SENS_OUT_5=37
THERMAL_SENS_OUT_6=-50
THERMAL_SENS_INT_1=30
THERMAL_SENS_INT_2=26
PG_5=0
PG_9=0
PG_12=0
FLT_P2=0
FLT_P3=0
HEAT_1_TEMP=31
HEAT_1_DUTY=0
HEAT_2_TEMP=29
HEAT_2_DUTY=0
HEAT_3_TEMP=31
HEAT_3_DUTY=50
HEAT_4_TEMP=37
HEAT_4_DUTY=0

[20:56:34.341 EBOX]
TS=1786203285.817
V_SENSE5=0.98876953125
V_SENSE9=0.07568359375
V_SENSE12=0.21240234375
ADC_V5=5.08880615234375
ADC_V9=9.23065185546875
ADC_V12=11.49627685546875
ADC_V28=27.19635009765625
THERMAL_SENS_OUT_1=33
THERMAL_SENS_OUT_2=-50
THERMAL_SENS_OUT_3=36
THERMAL_SENS_OUT_4=34
THERMAL_SENS_OUT_5=33
THERMAL_SENS_OUT_6=-50
THERMAL_SENS_INT_1=25
THERMAL_SENS_INT_2=32
PG_5=0
PG_9=0
PG_12=0
FLT_P2=0
FLT_P3=0
HEAT_1_TEMP=33
HEAT_1_DUTY=0
HEAT_2_TEMP=36
HEAT_2_DUTY=0
HEAT_3_TEMP=34
HEAT_3_DUTY=50
HEAT_4_TEMP=33
HEAT_4_DUTY=0

[20:56:34.879 EBOX]
TS=1786203286.311
V_SENSE5=1.14501953125
V_SENSE9=0.03662109375
V_SENSE12=0.1025390625
ADC_V5=4.814453125
ADC_V9=9.23065185546875
ADC_V12=11.8414306640625
ADC_V28=27.1697998046875
THERMAL_SENS_OUT_1=32
THERMAL_SENS_OUT_2=-50
THERMAL_SENS_OUT_3=30
THERMAL_SENS_OUT_4=33
THERMAL_SENS_OUT_5=36
THERMAL_SENS_OUT_6=-50
THERMAL_SENS_INT_1=28
THERMAL_SENS_INT_2=25
PG_5=0
PG_9=0
PG_12=0
FLT_P2=0
FLT_P3=0
HEAT_1_TEMP=32
HEAT_1_DUTY=0
HEAT_2_TEMP=30
HEAT_2_DUTY=0
HEAT_3_TEMP=33
HEAT_3_DUTY=0
HEAT_4_TEMP=36
HEAT_4_DUTY=50

[20:56:35.361 EBOX]
TS=1786203286.812
V_SENSE5=1.162109375
V_SENSE9=0.0390625
V_SENSE12=0.10986328125
ADC_V5=4.80560302734375
ADC_V9=9.345703125
ADC_V12=11.60247802734375
ADC_V28=28.037109375
THERMAL_SENS_OUT_1=34
THERMAL_SENS_OUT_2=-50
THERMAL_SENS_OUT_3=30
THERMAL_SENS_OUT_4=36
THERMAL_SENS_OUT_5=38
THERMAL_SENS_OUT_6=-50
THERMAL_SENS_INT_1=28
THERMAL_SENS_INT_2=31
PG_5=0
PG_9=0
PG_12=0
FLT_P2=0
FLT_P3=0
HEAT_1_TEMP=34
HEAT_1_DUTY=0
HEAT_2_TEMP=30
HEAT_2_DUTY=0
HEAT_3_TEMP=36
HEAT_3_DUTY=0
HEAT_4_TEMP=38
HEAT_4_DUTY=50

[20:56:35.799 EBOX]
TS=1786203287.313
V_SENSE5=1.15966796875
V_SENSE9=0.0390625
V_SENSE12=0.1416015625
ADC_V5=5.00030517578125
ADC_V9=9.1864013671875
ADC_V12=11.5582275390625
ADC_V28=28.11676025390625
THERMAL_SENS_OUT_1=34
THERMAL_SENS_OUT_2=-50
THERMAL_SENS_OUT_3=29
THERMAL_SENS_OUT_4=31
THERMAL_SENS_OUT_5=38
THERMAL_SENS_OUT_6=-50
THERMAL_SENS_INT_1=28
THERMAL_SENS_INT_2=28
PG_5=0
PG_9=0
PG_12=0
FLT_P2=0
FLT_P3=0
HEAT_1_TEMP=34
HEAT_1_DUTY=50
HEAT_2_TEMP=29
HEAT_2_DUTY=0
HEAT_3_TEMP=31
HEAT_3_DUTY=0
HEAT_4_TEMP=38
HEAT_4_DUTY=0

[20:56:36.349 EBOX]
TS=1786203287.814
V_SENSE5=1.14013671875
V_SENSE9=0.0390625
V_SENSE12=0.13916015625
ADC_V5=4.82330322265625
ADC_V9=9.47845458984375
ADC_V12=11.859130859375
ADC_V28=27.63885498046875
THERMAL_SENS_OUT_1=31
THERMAL_SENS_OUT_2=-50
THERMAL_SENS_OUT_3=35
THERMAL_SENS_OUT_4=32
THERMAL_SENS_OUT_5=35
THERMAL_SENS_OUT_6=-50
THERMAL_SENS_INT_1=24
THERMAL_SENS_INT_2=30
PG_5=0
PG_9=0
PG_12=0
FLT_P2=0
FLT_P3=0
HEAT_1_TEMP=31
HEAT_1_DUTY=50
HEAT_2_TEMP=35
HEAT_2_DUTY=0
HEAT_3_TEMP=32
HEAT_3_DUTY=0
HEAT_4_TEMP=35
HEAT_4_DUTY=0

[20:56:36.897 EBOX]
TS=1786203288.316
V_SENSE5=1.1767578125
V_SENSE9=0.03662109375
V_SENSE12=0.1220703125
ADC_V5=4.84100341796875
ADC_V9=8.84124755859375
ADC_V12=11.93878173828125
ADC_V28=27.92205810546875
THERMAL_SENS_OUT_1=34
THERMAL_SENS_OUT_2=-50
THERMAL_SENS_OUT_3=32
THERMAL_SENS_OUT_4=36
THERMAL_SENS_OUT_5=33
THERMAL_SENS_OUT_6=-50
THERMAL_SENS_INT_1=28
THERMAL_SENS_INT_2=27
PG_5=0
PG_9=0
PG_12=0
FLT_P2=0
FLT_P3=0
HEAT_1_TEMP=34
HEAT_1_DUTY=0
HEAT_2_TEMP=32
HEAT_2_DUTY=50
HEAT_3_TEMP=36
HEAT_3_DUTY=0
HEAT_4_TEMP=33
HEAT_4_DUTY=0

[20:56:37.352 EBOX]
TS=1786203288.817
V_SENSE5=1.15234375
V_SENSE9=0.03662109375
V_SENSE12=0.12451171875
ADC_V5=4.920654296875
ADC_V9=9.21295166015625
ADC_V12=11.6998291015625
ADC_V28=27.11669921875
THERMAL_SENS_OUT_1=31
THERMAL_SENS_OUT_2=-50
THERMAL_SENS_OUT_3=34
THERMAL_SENS_OUT_4=31
THERMAL_SENS_OUT_5=36
THERMAL_SENS_OUT_6=-50
THERMAL_SENS_INT_1=24
THERMAL_SENS_INT_2=27
PG_5=0
PG_9=0
PG_12=0
FLT_P2=0
FLT_P3=0
HEAT_1_TEMP=31
HEAT_1_DUTY=0
HEAT_2_TEMP=34
HEAT_2_DUTY=50
HEAT_3_TEMP=31
HEAT_3_DUTY=0
HEAT_4_TEMP=36
HEAT_4_DUTY=0

[20:56:37.892 EBOX]
TS=1786203289.318
V_SENSE5=1.15478515625
V_SENSE9=0.0390625
V_SENSE12=0.1171875
ADC_V5=4.9560546875
ADC_V9=9.1156005859375
ADC_V12=11.58477783203125
ADC_V28=27.72735595703125
THERMAL_SENS_OUT_1=35
THERMAL_SENS_OUT_2=-50
THERMAL_SENS_OUT_3=33
THERMAL_SENS_OUT_4=35
THERMAL_SENS_OUT_5=34
THERMAL_SENS_OUT_6=-50
THERMAL_SENS_INT_1=24
THERMAL_SENS_INT_2=29
PG_5=0
PG_9=0
PG_12=0
FLT_P2=0
FLT_P3=0
HEAT_1_TEMP=35
HEAT_1_DUTY=0
HEAT_2_TEMP=33
HEAT_2_DUTY=0
HEAT_3_TEMP=35
HEAT_3_DUTY=50
HEAT_4_TEMP=34
HEAT_4_DUTY=0

[20:56:38.342 EBOX]
TS=1786203289.819
V_SENSE5=1.14990234375
V_SENSE9=0.0341796875
V_SENSE12=0.11474609375
ADC_V5=4.98260498046875
ADC_V9=9.5404052734375
ADC_V12=11.74407958984375
ADC_V28=27.6300048828125
THERMAL_SENS_OUT_1=36
THERMAL_SENS_OUT_2=-50
THERMAL_SENS_OUT_3=34
THERMAL_SENS_OUT_4=35
THERMAL_SENS_OUT_5=35
THERMAL_SENS_OUT_6=-50
THERMAL_SENS_INT_1=26
THERMAL_SENS_INT_2=30
PG_5=0
PG_9=0
PG_12=0
FLT_P2=0
FLT_P3=0
HEAT_1_TEMP=36
HEAT_1_DUTY=0
HEAT_2_TEMP=34
HEAT_2_DUTY=0
HEAT_3_TEMP=35
HEAT_3_DUTY=50
HEAT_4_TEMP=35
HEAT_4_DUTY=0

[20:56:38.894 EBOX]
TS=1786203290.331
V_SENSE5=0.99365234375
V_SENSE9=0.0390625
V_SENSE12=0.1171875
ADC_V5=4.85870361328125
ADC_V9=9.0093994140625
ADC_V12=11.54937744140625
ADC_V28=27.0281982421875
THERMAL_SENS_OUT_1=37
THERMAL_SENS_OUT_2=-50
THERMAL_SENS_OUT_3=30
THERMAL_SENS_OUT_4=30
THERMAL_SENS_OUT_5=34
THERMAL_SENS_OUT_6=-50
THERMAL_SENS_INT_1=23
THERMAL_SENS_INT_2=32
PG_5=0
PG_9=0
PG_12=0
FLT_P2=0
FLT_P3=0
HEAT_1_TEMP=37
HEAT_1_DUTY=0
HEAT_2_TEMP=30
HEAT_2_DUTY=0
HEAT_3_TEMP=30
HEAT_3_DUTY=0
HEAT_4_TEMP=34
HEAT_4_DUTY=50

[20:56:39.343 EBOX]
TS=1786203290.830
V_SENSE5=1.01806640625
V_SENSE9=0.009765625
V_SENSE12=0.126953125
ADC_V5=5.08880615234375
ADC_V9=9.58465576171875
ADC_V12=11.7706298828125
ADC_V28=27.56805419921875
THERMAL_SENS_OUT_1=31
THERMAL_SENS_OUT_2=-50
THERMAL_SENS_OUT_3=30
THERMAL_SENS_OUT_4=30
THERMAL_SENS_OUT_5=34
THERMAL_SENS_OUT_6=-50
THERMAL_SENS_INT_1=27
THERMAL_SENS_INT_2=30
PG_5=0
PG_9=0
PG_12=0
FLT_P2=0
FLT_P3=0
HEAT_1_TEMP=31
HEAT_1_DUTY=0
HEAT_2_TEMP=30
HEAT_2_DUTY=0
HEAT_3_TEMP=30
HEAT_3_DUTY=0
HEAT_4_TEMP=34
HEAT_4_DUTY=50

[20:56:39.881 EBOX]
TS=1786203291.331
V_SENSE5=1.0595703125
V_SENSE9=0.0341796875
V_SENSE12=0.13671875
ADC_V5=4.9383544921875
ADC_V9=9.17755126953125
ADC_V12=11.46087646484375
ADC_V28=27.76275634765625
THERMAL_SENS_OUT_1=31
THERMAL_SENS_OUT_2=-50
THERMAL_SENS_OUT_3=37
THERMAL_SENS_OUT_4=30
THERMAL_SENS_OUT_5=36
THERMAL_SENS_OUT_6=-50
THERMAL_SENS_INT_1=27
THERMAL_SENS_INT_2=28
PG_5=0
PG_9=0
PG_12=0
FLT_P2=0
FLT_P3=0
HEAT_1_TEMP=31
HEAT_1_DUTY=50
HEAT_2_TEMP=37
HEAT_2_DUTY=0
HEAT_3_TEMP=30
HEAT_3_DUTY=0
HEAT_4_TEMP=36
HEAT_4_DUTY=0

[20:56:40.325 EBOX]
TS=1786203291.833
V_SENSE5=1.06689453125
V_SENSE9=0.03662109375
V_SENSE12=0.16845703125
ADC_V5=5.01800537109375
ADC_V9=9.5050048828125
ADC_V12=11.79718017578125
ADC_V28=26.93084716796875
THERMAL_SENS_OUT_1=32
THERMAL_SENS_OUT_2=-50
THERMAL_SENS_OUT_3=29
THERMAL_SENS_OUT_4=30
THERMAL_SENS_OUT_5=36
THERMAL_SENS_OUT_6=-50
THERMAL_SENS_INT_1=30
THERMAL_SENS_INT_2=26
PG_5=0
PG_9=0
PG_12=0
FLT_P2=0
FLT_P3=0
HEAT_1_TEMP=32
HEAT_1_DUTY=50
HEAT_2_TEMP=29
HEAT_2_DUTY=0
HEAT_3_TEMP=30
HEAT_3_DUTY=0
HEAT_4_TEMP=36
HEAT_4_DUTY=0

[20:56:40.864 EBOX]
TS=1786203292.332
V_SENSE5=1.05712890625
V_SENSE9=0.0390625
V_SENSE12=0.1025390625
ADC_V5=4.98260498046875
ADC_V9=9.01824951171875
ADC_V12=11.6290283203125
ADC_V28=28.06365966796875
THERMAL_SENS_OUT_1=31
THERMAL_SENS_OUT_2=-50
THERMAL_SENS_OUT_3=34
THERMAL_SENS_OUT_4=31
THERMAL_SENS_OUT_5=40
THERMAL_SENS_OUT_6=-50
THERMAL_SENS_INT_1=27
THERMAL_SENS_INT_2=28
PG_5=0
PG_9=0
PG_12=0
FLT_P2=0
FLT_P3=0
HEAT_1_TEMP=31
HEAT_1_DUTY=0
HEAT_2_TEMP=34
HEAT_2_DUTY=50
HEAT_3_TEMP=31
HEAT_3_DUTY=0
HEAT_4_TEMP=40
HEAT_4_DUTY=0

[20:56:41.419 EBOX]
TS=1786203292.828
V_SENSE5=1.16943359375
V_SENSE9=0.0341796875
V_SENSE12=0.12939453125
ADC_V5=4.92950439453125
ADC_V9=9.2572021484375
ADC_V12=11.72637939453125
ADC_V28=27.88665771484375
THERMAL_SENS_OUT_1=37
THERMAL_SENS_OUT_2=-50
THERMAL_SENS_OUT_3=30
THERMAL_SENS_OUT_4=30
THERMAL_SENS_OUT_5=36
THERMAL_SENS_OUT_6=-50
THERMAL_SENS_INT_1=25
THERMAL_SENS_INT_2=32
PG_5=0
PG_9=0
PG_12=0
FLT_P2=0
FLT_P3=0
HEAT_1_TEMP=37
HEAT_1_DUTY=0
HEAT_2_TEMP=30
HEAT_2_DUTY=50
HEAT_3_TEMP=30
HEAT_3_DUTY=0
HEAT_4_TEMP=36
HEAT_4_DUTY=0

[20:56:41.880 EBOX]
TS=1786203293.329
V_SENSE5=1.16455078125
V_SENSE9=0.0390625
V_SENSE12=0.126953125
ADC_V5=4.91180419921875
ADC_V9=9.1864013671875
ADC_V12=11.68212890625
ADC_V28=27.14324951171875
THERMAL_SENS_OUT_1=31
THERMAL_SENS_OUT_2=-50
THERMAL_SENS_OUT_3=33
THERMAL_SENS_OUT_4=33
THERMAL_SENS_OUT_5=39
THERMAL_SENS_OUT_6=-50
THERMAL_SENS_INT_1=23
THERMAL_SENS_INT_2=27
PG_5=0
PG_9=0
PG_12=0
FLT_P2=0
FLT_P3=0
HEAT_1_TEMP=31
HEAT_1_DUTY=0
HEAT_2_TEMP=33
HEAT_2_DUTY=0
HEAT_3_TEMP=33
HEAT_3_DUTY=50
HEAT_4_TEMP=39
HEAT_4_DUTY=0

[20:56:42.329 EBOX]
TS=1786203293.829
V_SENSE5=1.19140625
V_SENSE9=0.0390625
V_SENSE12=0.11962890625
ADC_V5=5.0091552734375
ADC_V9=9.53155517578125
ADC_V12=11.47857666015625
ADC_V28=27.97515869140625
THERMAL_SENS_OUT_1=36
THERMAL_SENS_OUT_2=-50
THERMAL_SENS_OUT_3=35
THERMAL_SENS_OUT_4=32
THERMAL_SENS_OUT_5=37
THERMAL_SENS_OUT_6=-50
THERMAL_SENS_INT_1=26
THERMAL_SENS_INT_2=29
PG_5=0
PG_9=0
PG_12=0
FLT_P2=0
FLT_P3=0
HEAT_1_TEMP=36
HEAT_1_DUTY=0
HEAT_2_TEMP=35
HEAT_2_DUTY=0
HEAT_3_TEMP=32
HEAT_3_DUTY=50
HEAT_4_TEMP=37
HEAT_4_DUTY=0

[20:56:42.875 EBOX]
TS=1786203294.343
V_SENSE5=1.06201171875
V_SENSE9=0.048828125
V_SENSE12=0.1318359375
ADC_V5=4.91180419921875
ADC_V9=9.24835205078125
ADC_V12=11.85028076171875
ADC_V28=27.79815673828125
THERMAL_SENS_OUT_1=37
THERMAL_SENS_OUT_2=-50
THERMAL_SENS_OUT_3=31
THERMAL_SENS_OUT_4=36
THERMAL_SENS_OUT_5=34
THERMAL_SENS_OUT_6=-50
THERMAL_SENS_INT_1=29
THERMAL_SENS_INT_2=28
PG_5=0
PG_9=0
PG_12=0
FLT_P2=0
FLT_P3=0
HEAT_1_TEMP=37
HEAT_1_DUTY=0
HEAT_2_TEMP=31
HEAT_2_DUTY=0
HEAT_3_TEMP=36
HEAT_3_DUTY=0
HEAT_4_TEMP=34
HEAT_4_DUTY=50

[20:56:43.330 EBOX]
TS=1786203294.839
V_SENSE5=1.0595703125
V_SENSE9=0.0341796875
V_SENSE12=0.10986328125
ADC_V5=4.82330322265625
ADC_V9=9.168701171875
ADC_V12=11.8060302734375
ADC_V28=27.14324951171875
THERMAL_SENS_OUT_1=34
THERMAL_SENS_OUT_2=-50
THERMAL_SENS_OUT_3=37
THERMAL_SENS_OUT_4=33
THERMAL_SENS_OUT_5=37
THERMAL_SENS_OUT_6=-50
THERMAL_SENS_INT_1=24
THERMAL_SENS_INT_2=26
PG_5=0
PG_9=0
PG_12=0
FLT_P2=0
FLT_P3=0
HEAT_1_TEMP=34
HEAT_1_DUTY=0
HEAT_2_TEMP=37
HEAT_2_DUTY=0
HEAT_3_TEMP=33
HEAT_3_DUTY=0
HEAT_4_TEMP=37
HEAT_4_DUTY=50

[20:56:43.877 EBOX]
TS=1786203295.343
V_SENSE5=1.06201171875
V_SENSE9=0.0390625
V_SENSE12=0.1220703125
ADC_V5=4.991455078125
ADC_V9=9.027099609375
ADC_V12=11.70867919921875
ADC_V28=26.97509765625
THERMAL_SENS_OUT_1=33
THERMAL_SENS_OUT_2=-50
THERMAL_SENS_OUT_3=33
THERMAL_SENS_OUT_4=36
THERMAL_SENS_OUT_5=34
THERMAL_SENS_OUT_6=-50
THERMAL_SENS_INT_1=29
THERMAL_SENS_INT_2=27
PG_5=0
PG_9=0
PG_12=0
FLT_P2=0
FLT_P3=0
HEAT_1_TEMP=33
HEAT_1_DUTY=50
HEAT_2_TEMP=33
HEAT_2_DUTY=0
HEAT_3_TEMP=36
HEAT_3_DUTY=0
HEAT_4_TEMP=34
HEAT_4_DUTY=0

[20:56:44.326 EBOX]
TS=1786203295.843
V_SENSE5=1.07666015625
V_SENSE9=0.11474609375
V_SENSE12=0.14404296875
ADC_V5=4.9560546875
ADC_V9=9.55810546875
ADC_V12=11.65557861328125
ADC_V28=27.85125732421875
THERMAL_SENS_OUT_1=38
THERMAL_SENS_OUT_2=-50
THERMAL_SENS_OUT_3=30
THERMAL_SENS_OUT_4=34
THERMAL_SENS_OUT_5=35
THERMAL_SENS_OUT_6=-50
THERMAL_SENS_INT_1=26
THERMAL_SENS_INT_2=32
PG_5=0
PG_9=0
PG_12=0
FLT_P2=0
FLT_P3=0
HEAT_1_TEMP=38
HEAT_1_DUTY=50
HEAT_2_TEMP=30
HEAT_2_DUTY=0
HEAT_3_TEMP=34
HEAT_3_DUTY=0
HEAT_4_TEMP=35
HEAT_4_DUTY=0

[20:56:44.882 EBOX]
TS=1786203296.344
V_SENSE5=1.0986328125
V_SENSE9=0.0390625
V_SENSE12=0.11962890625
ADC_V5=5.0091552734375
ADC_V9=9.3988037109375
ADC_V12=11.8060302734375
ADC_V28=27.75390625
THERMAL_SENS_OUT_1=38
THERMAL_SENS_OUT_2=-50
THERMAL_SENS_OUT_3=30
THERMAL_SENS_OUT_4=31
THERMAL_SENS_OUT_5=40
THERMAL_SENS_OUT_6=-50
THERMAL_SENS_INT_1=30
THERMAL_SENS_INT_2=29
PG_5=0
PG_9=0
PG_12=0
FLT_P2=0
FLT_P3=0
HEAT_1_TEMP=38
HEAT_1_DUTY=0
HEAT_2_TEMP=30
HEAT_2_DUTY=50
HEAT_3_TEMP=31
HEAT_3_DUTY=0
HEAT_4_TEMP=40
HEAT_4_DUTY=0

[20:56:45.349 EBOX]
TS=1786203296.846
V_SENSE5=1.0693359375
V_SENSE9=0.03173828125
V_SENSE12=0.107421875
ADC_V5=4.9737548828125
ADC_V9=8.69964599609375
ADC_V12=11.575927734375
ADC_V28=28.0548095703125
THERMAL_SENS_OUT_1=33
THERMAL_SENS_OUT_2=-50
THERMAL_SENS_OUT_3=34
THERMAL_SENS_OUT_4=32
THERMAL_SENS_OUT_5=39
THERMAL_SENS_OUT_6=-50
THERMAL_SENS_INT_1=25
THERMAL_SENS_INT_2=32
PG_5=0
PG_9=0
PG_12=0
FLT_P2=0
FLT_P3=0
HEAT_1_TEMP=33
HEAT_1_DUTY=0
HEAT_2_TEMP=34
HEAT_2_DUTY=50
HEAT_3_TEMP=32
HEAT_3_DUTY=0
HEAT_4_TEMP=39
HEAT_4_DUTY=0

[20:56:45.891 EBOX]
TS=1786203297.348
V_SENSE5=1.083984375
V_SENSE9=0.03662109375
V_SENSE12=0.14404296875
ADC_V5=4.9383544921875
ADC_V9=9.47845458984375
ADC_V12=11.89453125
ADC_V28=27.2406005859375
THERMAL_SENS_OUT_1=33
THERMAL_SENS_OUT_2=-50
THERMAL_SENS_OUT_3=33
THERMAL_SENS_OUT_4=32
THERMAL_SENS_OUT_5=39
THERMAL_SENS_OUT_6=-50
THERMAL_SENS_INT_1=25
THERMAL_SENS_INT_2=32
PG_5=0
PG_9=0
PG_12=0
FLT_P2=0
FLT_P3=0
HEAT_1_TEMP=33
HEAT_1_DUTY=0
HEAT_2_TEMP=33
HEAT_2_DUTY=0
HEAT_3_TEMP=32
HEAT_3_DUTY=50
HEAT_4_TEMP=39
HEAT_4_DUTY=0

[20:56:46.332 EBOX]
TS=1786203297.850
V_SENSE5=1.09375
V_SENSE9=0.0341796875
V_SENSE12=0.15380859375
ADC_V5=5.00030517578125
ADC_V9=9.593505859375
ADC_V12=11.859130859375
ADC_V28=26.98394775390625
THERMAL_SENS_OUT_1=31
THERMAL_SENS_OUT_2=-50
THERMAL_SENS_OUT_3=31
THERMAL_SENS_OUT_4=37
THERMAL_SENS_OUT_5=37
THERMAL_SENS_OUT_6=-50
THERMAL_SENS_INT_1=29
THERMAL_SENS_INT_2=27
PG_5=0
PG_9=0
PG_12=0
FLT_P2=0
FLT_P3=0
HEAT_1_TEMP=31
HEAT_1_DUTY=0
HEAT_2_TEMP=31
HEAT_2_DUTY=0
HEAT_3_TEMP=37
HEAT_3_DUTY=50
HEAT_4_TEMP=37
HEAT_4_DUTY=0

[20:56:46.880 EBOX]
TS=1786203298.351
V_SENSE5=1.05224609375
V_SENSE9=0.0341796875
V_SENSE12=0.13427734375
ADC_V5=5.0091552734375
ADC_V9=9.2041015625
ADC_V12=11.67327880859375
ADC_V28=27.83355712890625
THERMAL_SENS_OUT_1=37
THERMAL_SENS_OUT_2=-50
THERMAL_SENS_OUT_3=31
THERMAL_SENS_OUT_4=31
THERMAL_SENS_OUT_5=36
THERMAL_SENS_OUT_6=-50
THERMAL_SENS_INT_1=25
THERMAL_SENS_INT_2=30
PG_5=0
PG_9=0
PG_12=0
FLT_P2=0
FLT_P3=0
HEAT_1_TEMP=37
HEAT_1_DUTY=0
HEAT_2_TEMP=31
HEAT_2_DUTY=0
HEAT_3_TEMP=31
HEAT_3_DUTY=0
HEAT_4_TEMP=36
HEAT_4_DUTY=50

[20:56:47.422 EBOX]
TS=1786203298.853
V_SENSE5=1.08642578125
V_SENSE9=0.0341796875
V_SENSE12=0.1318359375
ADC_V5=5.0091552734375
ADC_V9=9.1156005859375
ADC_V12=11.717529296875
ADC_V28=28.13446044921875
THERMAL_SENS_OUT_1=32
THERMAL_SENS_OUT_2=-50
THERMAL_SENS_OUT_3=29
THERMAL_SENS_OUT_4=31
THERMAL_SENS_OUT_5=36
THERMAL_SENS_OUT_6=-50
THERMAL_SENS_INT_1=30
THERMAL_SENS_INT_2=29
PG_5=0
PG_9=0
PG_12=0
FLT_P2=0
FLT_P3=0
HEAT_1_TEMP=32
HEAT_1_DUTY=0
HEAT_2_TEMP=29
HEAT_2_DUTY=0
HEAT_3_TEMP=31
HEAT_3_DUTY=0
HEAT_4_TEMP=36
HEAT_4_DUTY=50

[20:56:47.857 EBOX]
TS=1786203299.354
V_SENSE5=1.09619140625
V_SENSE9=0.03662109375
V_SENSE12=0.146484375
ADC_V5=5.01800537109375
ADC_V9=9.381103515625
ADC_V12=11.9476318359375
ADC_V28=27.789306640625
THERMAL_SENS_OUT_1=37
THERMAL_SENS_OUT_2=-50
THERMAL_SENS_OUT_3=30
THERMAL_SENS_OUT_4=31
THERMAL_SENS_OUT_5=35
THERMAL_SENS_OUT_6=-50
THERMAL_SENS_INT_1=24
THERMAL_SENS_INT_2=26
PG_5=0
PG_9=0
PG_12=0
FLT_P2=0
FLT_P3=0
HEAT_1_TEMP=37
HEAT_1_DUTY=50
HEAT_2_TEMP=30
HEAT_2_DUTY=0
HEAT_3_TEMP=31
HEAT_3_DUTY=0
HEAT_4_TEMP=35
HEAT_4_DUTY=0

[20:56:48.409 EBOX]
TS=1786203299.854
V_SENSE5=1.1083984375
V_SENSE9=0.0341796875
V_SENSE12=0.12451171875
ADC_V5=4.9383544921875
ADC_V9=8.9208984375
ADC_V12=11.86798095703125
ADC_V28=28.1256103515625
THERMAL_SENS_OUT_1=36
THERMAL_SENS_OUT_2=-50
THERMAL_SENS_OUT_3=35
THERMAL_SENS_OUT_4=30
THERMAL_SENS_OUT_5=33
THERMAL_SENS_OUT_6=-50
THERMAL_SENS_INT_1=24
THERMAL_SENS_INT_2=25
PG_5=0
PG_9=0
PG_12=0
FLT_P2=0
FLT_P3=0
HEAT_1_TEMP=36
HEAT_1_DUTY=50
HEAT_2_TEMP=35
HEAT_2_DUTY=0
HEAT_3_TEMP=30
HEAT_3_DUTY=0
HEAT_4_TEMP=33
HEAT_4_DUTY=0

[20:56:48.855 EBOX]
TS=1786203300.358
V_SENSE5=1.1083984375
V_SENSE9=0.04150390625
V_SENSE12=0.1123046875
ADC_V5=5.00030517578125
ADC_V9=9.345703125
ADC_V12=11.60247802734375
ADC_V28=27.74505615234375
THERMAL_SENS_OUT_1=36
THERMAL_SENS_OUT_2=-50
THERMAL_SENS_OUT_3=34
THERMAL_SENS_OUT_4=31
THERMAL_SENS_OUT_5=40
THERMAL_SENS_OUT_6=-50
THERMAL_SENS_INT_1=24
THERMAL_SENS_INT_2=29
PG_5=0
PG_9=0
PG_12=0
FLT_P2=0
FLT_P3=0
HEAT_1_TEMP=36
HEAT_1_DUTY=0
HEAT_2_TEMP=34
HEAT_2_DUTY=50
HEAT_3_TEMP=31
HEAT_3_DUTY=0
HEAT_4_TEMP=40
HEAT_4_DUTY=0

[20:56:49.392 EBOX]
TS=1786203300.853
V_SENSE5=1.1474609375
V_SENSE9=0.03662109375
V_SENSE12=0.107421875
ADC_V5=4.9560546875
ADC_V9=8.9208984375
ADC_V12=11.7706298828125
ADC_V28=27.05474853515625
THERMAL_SENS_OUT_1=32
THERMAL_SENS_OUT_2=-50
THERMAL_SENS_OUT_3=30
THERMAL_SENS_OUT_4=32
THERMAL_SENS_OUT_5=39
THERMAL_SENS_OUT_6=-50
THERMAL_SENS_INT_1=24
THERMAL_SENS_INT_2=29
PG_5=0
PG_9=0
PG_12=0
FLT_P2=0
FLT_P3=0
HEAT_1_TEMP=32
HEAT_1_DUTY=0
HEAT_2_TEMP=30
HEAT_2_DUTY=50
HEAT_3_TEMP=32
HEAT_3_DUTY=0
HEAT_4_TEMP=39
HEAT_4_DUTY=0

[20:56:49.831 EBOX]
TS=1786203301.354
V_SENSE5=1.19873046875
V_SENSE9=0.0390625
V_SENSE12=0.13671875
ADC_V5=4.87640380859375
ADC_V9=9.01824951171875
ADC_V12=11.63787841796875
ADC_V28=28.072509765625
THERMAL_SENS_OUT_1=35
THERMAL_SENS_OUT_2=-50
THERMAL_SENS_OUT_3=33
THERMAL_SENS_OUT_4=33
THERMAL_SENS_OUT_5=35
THERMAL_SENS_OUT_6=-50
THERMAL_SENS_INT_1=25
THERMAL_SENS_INT_2=32
PG_5=0
PG_9=0
PG_12=0
FLT_P2=0
FLT_P3=0
HEAT_1_TEMP=35
HEAT_1_DUTY=0
HEAT_2_TEMP=33
HEAT_2_DUTY=0
HEAT_3_TEMP=33
HEAT_3_DUTY=50
HEAT_4_TEMP=35
HEAT_4_DUTY=0

[20:56:50.369 EBOX]
TS=1786203301.855
V_SENSE5=1.162109375
V_SENSE9=0.06103515625
V_SENSE12=0.19287109375
ADC_V5=4.991455078125
ADC_V9=9.1156005859375
ADC_V12=11.859130859375
ADC_V28=27.23175048828125
THERMAL_SENS_OUT_1=33
THERMAL_SENS_OUT_2=-50
THERMAL_SENS_OUT_3=33
THERMAL_SENS_OUT_4=33
THERMAL_SENS_OUT_5=33
THERMAL_SENS_OUT_6=-50
THERMAL_SENS_INT_1=25
THERMAL_SENS_INT_2=31
PG_5=0
PG_9=0
PG_12=0
FLT_P2=0
FLT_P3=0
HEAT_1_TEMP=33
HEAT_1_DUTY=0
HEAT_2_TEMP=33
HEAT_2_DUTY=0
HEAT_3_TEMP=33
HEAT_3_DUTY=50
HEAT_4_TEMP=33
HEAT_4_DUTY=0

[20:56:50.932 EBOX]
TS=1786203302.356
V_SENSE5=1.16943359375
V_SENSE9=0.04150390625
V_SENSE12=0.12939453125
ADC_V5=4.991455078125
ADC_V9=9.01824951171875
ADC_V12=11.51397705078125
ADC_V28=27.90435791015625
THERMAL_SENS_OUT_1=36
THERMAL_SENS_OUT_2=-50
THERMAL_SENS_OUT_3=36
THERMAL_SENS_OUT_4=34
THERMAL_SENS_OUT_5=38
THERMAL_SENS_OUT_6=-50
THERMAL_SENS_INT_1=28
THERMAL_SENS_INT_2=26
PG_5=0
PG_9=0
PG_12=0
FLT_P2=0
FLT_P3=0
HEAT_1_TEMP=36
HEAT_1_DUTY=0
HEAT_2_TEMP=36
HEAT_2_DUTY=0
HEAT_3_TEMP=34
HEAT_3_DUTY=0
HEAT_4_TEMP=38
HEAT_4_DUTY=50

[20:56:51.368 EBOX]
TS=1786203302.869
V_SENSE5=1.0986328125
V_SENSE9=0.03662109375
V_SENSE12=0.1025390625
ADC_V5=4.88525390625
ADC_V9=9.26605224609375
ADC_V12=11.90338134765625
ADC_V28=27.6654052734375
THERMAL_SENS_OUT_1=37
THERMAL_SENS_OUT_2=-50
THERMAL_SENS_OUT_3=30
THERMAL_SENS_OUT_4=30
THERMAL_SENS_OUT_5=37
THERMAL_SENS_OUT_6=-50
THERMAL_SENS_INT_1=26
THERMAL_SENS_INT_2=31
PG_5=0
PG_9=0
PG_12=0
FLT_P2=0
FLT_P3=0
HEAT_1_TEMP=37
HEAT_1_DUTY=0
HEAT_2_TEMP=30
HEAT_2_DUTY=0
HEAT_3_TEMP=30
HEAT_3_DUTY=0
HEAT_4_TEMP=37
HEAT_4_DUTY=50

[20:56:51.907 EBOX]
TS=1786203303.358
V_SENSE5=1.1474609375
V_SENSE9=0.0341796875
V_SENSE12=0.1171875
ADC_V5=4.8321533203125
ADC_V9=9.2572021484375
ADC_V12=11.86798095703125
ADC_V28=27.09014892578125
THERMAL_SENS_OUT_1=33
THERMAL_SENS_OUT_2=-50
THERMAL_SENS_OUT_3=30
THERMAL_SENS_OUT_4=34
THERMAL_SENS_OUT_5=38
THERMAL_SENS_OUT_6=-50
THERMAL_SENS_INT_1=28
THERMAL_SENS_INT_2=26
PG_5=0
PG_9=0
PG_12=0
FLT_P2=0
FLT_P3=0
HEAT_1_TEMP=33
HEAT_1_DUTY=50
HEAT_2_TEMP=30
HEAT_2_DUTY=0
HEAT_3_TEMP=34
HEAT_3_DUTY=0
HEAT_4_TEMP=38
HEAT_4_DUTY=0

[20:56:52.351 EBOX]
TS=1786203303.861
V_SENSE5=1.36474609375
V_SENSE9=0.0390625
V_SENSE12=0.1220703125
ADC_V5=4.8321533203125
ADC_V9=9.51385498046875
ADC_V12=11.54052734375
ADC_V28=27.90435791015625
THERMAL_SENS_OUT_1=37
THERMAL_SENS_OUT_2=-50
THERMAL_SENS_OUT_3=30
THERMAL_SENS_OUT_4=36
THERMAL_SENS_OUT_5=34
THERMAL_SENS_OUT_6=-50
THERMAL_SENS_INT_1=23
THERMAL_SENS_INT_2=28
PG_5=0
PG_9=0
PG_12=0
FLT_P2=0
FLT_P3=0
HEAT_1_TEMP=37
HEAT_1_DUTY=50
HEAT_2_TEMP=30
HEAT_2_DUTY=0
HEAT_3_TEMP=36
HEAT_3_DUTY=0
HEAT_4_TEMP=34
HEAT_4_DUTY=0

[20:56:52.896 EBOX]
TS=1786203304.360
V_SENSE5=1.22802734375
V_SENSE9=0.03662109375
V_SENSE12=0.09765625
ADC_V5=4.991455078125
ADC_V9=9.0802001953125
ADC_V12=11.85028076171875
ADC_V28=27.68310546875
THERMAL_SENS_OUT_1=33
THERMAL_SENS_OUT_2=-50
THERMAL_SENS_OUT_3=32
THERMAL_SENS_OUT_4=33
THERMAL_SENS_OUT_5=35
THERMAL_SENS_OUT_6=-50
THERMAL_SENS_INT_1=28
THERMAL_SENS_INT_2=26
PG_5=0
PG_9=0
PG_12=0
FLT_P2=0
FLT_P3=0
HEAT_1_TEMP=33
HEAT_1_DUTY=0
HEAT_2_TEMP=32
HEAT_2_DUTY=50
HEAT_3_TEMP=33
HEAT_3_DUTY=0
HEAT_4_TEMP=35
HEAT_4_DUTY=0

[20:56:53.435 EBOX]
TS=1786203304.862
V_SENSE5=1.1328125
V_SENSE9=0.0390625
V_SENSE12=0.10986328125
ADC_V5=4.8675537109375
ADC_V9=9.0093994140625
ADC_V12=11.6290283203125
ADC_V28=27.5238037109375
THERMAL_SENS_OUT_1=33
THERMAL_SENS_OUT_2=-50
THERMAL_SENS_OUT_3=31
THERMAL_SENS_OUT_4=36
THERMAL_SENS_OUT_5=36
THERMAL_SENS_OUT_6=-50
THERMAL_SENS_INT_1=24
THERMAL_SENS_INT_2=31
PG_5=0
PG_9=0
PG_12=0
FLT_P2=0
FLT_P3=0
HEAT_1_TEMP=33
HEAT_1_DUTY=0
HEAT_2_TEMP=31
HEAT_2_DUTY=50
HEAT_3_TEMP=36
HEAT_3_DUTY=0
HEAT_4_TEMP=36
HEAT_4_DUTY=0

[20:56:53.915 EBOX]
TS=1786203305.372
V_SENSE5=1.005859375
V_SENSE9=0.0341796875
V_SENSE12=0.146484375
ADC_V5=4.98260498046875
ADC_V9=9.37225341796875
ADC_V12=11.82373046875
ADC_V28=27.42645263671875
THERMAL_SENS_OUT_1=32
THERMAL_SENS_OUT_2=-50
THERMAL_SENS_OUT_3=31
THERMAL_SENS_OUT_4=36
THERMAL_SENS_OUT_5=36
THERMAL_SENS_OUT_6=-50
THERMAL_SENS_INT_1=25
THERMAL_SENS_INT_2=26
PG_5=0
PG_9=0
PG_12=0
FLT_P2=0
FLT_P3=0
HEAT_1_TEMP=32
HEAT_1_DUTY=0
HEAT_2_TEMP=31
HEAT_2_DUTY=0
HEAT_3_TEMP=36
HEAT_3_DUTY=50
HEAT_4_TEMP=36
HEAT_4_DUTY=0

[20:56:54.376 EBOX]
TS=1786203305.873
V_SENSE5=1.103515625
V_SENSE9=0.0341796875
V_SENSE12=0.15380859375
ADC_V5=4.8321533203125
ADC_V9=9.38995361328125
ADC_V12=11.9476318359375
ADC_V28=27.74505615234375
THERMAL_SENS_OUT_1=37
THERMAL_SENS_OUT_2=-50
THERMAL_SENS_OUT_3=34
THERMAL_SENS_OUT_4=32
THERMAL_SENS_OUT_5=37
THERMAL_SENS_OUT_6=-50
THERMAL_SENS_INT_1=29
THERMAL_SENS_INT_2=29
PG_5=0
PG_9=0
PG_12=0
FLT_P2=0
FLT_P3=0
HEAT_1_TEMP=37
HEAT_1_DUTY=0
HEAT_2_TEMP=34
HEAT_2_DUTY=0
HEAT_3_TEMP=32
HEAT_3_DUTY=50
HEAT_4_TEMP=37
HEAT_4_DUTY=0

[20:56:54.936 EBOX]
TS=1786203306.375
V_SENSE5=0.99365234375
V_SENSE9=0.0341796875
V_SENSE12=0.1171875
ADC_V5=4.82330322265625
ADC_V9=9.51385498046875
ADC_V12=11.88568115234375
ADC_V28=27.51495361328125
THERMAL_SENS_OUT_1=31
THERMAL_SENS_OUT_2=-50
THERMAL_SENS_OUT_3=37
THERMAL_SENS_OUT_4=31
THERMAL_SENS_OUT_5=37
THERMAL_SENS_OUT_6=-50
THERMAL_SENS_INT_1=30
THERMAL_SENS_INT_2=29
PG_5=0
PG_9=0
PG_12=0
FLT_P2=0
FLT_P3=0
HEAT_1_TEMP=31
HEAT_1_DUTY=0
HEAT_2_TEMP=37
HEAT_2_DUTY=0
HEAT_3_TEMP=31
HEAT_3_DUTY=0
HEAT_4_TEMP=37
HEAT_4_DUTY=50

[20:56:55.374 EBOX]
TS=1786203306.876
V_SENSE5=1.07177734375
V_SENSE9=0.0341796875
V_SENSE12=0.12939453125
ADC_V5=4.814453125
ADC_V9=9.05364990234375
ADC_V12=11.51397705078125
ADC_V28=27.5238037109375
THERMAL_SENS_OUT_1=32
THERMAL_SENS_OUT_2=-50
THERMAL_SENS_OUT_3=36
THERMAL_SENS_OUT_4=33
THERMAL_SENS_OUT_5=37
THERMAL_SENS_OUT_6=-50
THERMAL_SENS_INT_1=24
THERMAL_SENS_INT_2=31
PG_5=0
PG_9=0
PG_12=0
FLT_P2=0
FLT_P3=0
HEAT_1_TEMP=32
HEAT_1_DUTY=0
HEAT_2_TEMP=36
HEAT_2_DUTY=0
HEAT_3_TEMP=33
HEAT_3_DUTY=0
HEAT_4_TEMP=37
HEAT_4_DUTY=50

[20:56:55.911 EBOX]
TS=1786203307.377
V_SENSE5=1.005859375
V_SENSE9=0.0341796875
V_SENSE12=0.1220703125
ADC_V5=4.9737548828125
ADC_V9=8.89434814453125
ADC_V12=11.47857666015625
ADC_V28=27.53265380859375
THERMAL_SENS_OUT_1=31
THERMAL_SENS_OUT_2=-50
THERMAL_SENS_OUT_3=29
THERMAL_SENS_OUT_4=32
THERMAL_SENS_OUT_5=37
THERMAL_SENS_OUT_6=-50
THERMAL_SENS_INT_1=30
THERMAL_SENS_INT_2=29
PG_5=0
PG_9=0
PG_12=0
FLT_P2=0
FLT_P3=0
HEAT_1_TEMP=31
HEAT_1_DUTY=50
HEAT_2_TEMP=29
HEAT_2_DUTY=0
HEAT_3_TEMP=32
HEAT_3_DUTY=0
HEAT_4_TEMP=37
HEAT_4_DUTY=0

[20:56:56.349 EBOX]
TS=1786203307.879
V_SENSE5=1.0595703125
V_SENSE9=0.03662109375
V_SENSE12=0.10986328125
ADC_V5=4.9560546875
ADC_V9=9.47845458984375
ADC_V12=11.86798095703125
ADC_V28=27.07244873046875
THERMAL_SENS_OUT_1=33
THERMAL_SENS_OUT_2=-50
THERMAL_SENS_OUT_3=30
THERMAL_SENS_OUT_4=34
THERMAL_SENS_OUT_5=34
THERMAL_SENS_OUT_6=-50
THERMAL_SENS_INT_1=27
THERMAL_SENS_INT_2=26
PG_5=0
PG_9=0
PG_12=0
FLT_P2=0
FLT_P3=0
HEAT_1_TEMP=33
HEAT_1_DUTY=50
HEAT_2_TEMP=30
HEAT_2_DUTY=0
HEAT_3_TEMP=34
HEAT_3_DUTY=0
HEAT_4_TEMP=34
HEAT_4_DUTY=0

[20:56:56.888 EBOX]
TS=1786203308.373
V_SENSE5=1.1474609375
V_SENSE9=0.03662109375
V_SENSE12=0.1220703125
ADC_V5=4.991455078125
ADC_V9=9.2572021484375
ADC_V12=11.9122314453125
ADC_V28=27.51495361328125
THERMAL_SENS_OUT_1=31
THERMAL_SENS_OUT_2=-50
THERMAL_SENS_OUT_3=36
THERMAL_SENS_OUT_4=33
THERMAL_SENS_OUT_5=39
THERMAL_SENS_OUT_6=-50
THERMAL_SENS_INT_1=29
THERMAL_SENS_INT_2=28
PG_5=0
PG_9=0
PG_12=0
FLT_P2=0
FLT_P3=0
HEAT_1_TEMP=31
HEAT_1_DUTY=0
HEAT_2_TEMP=36
HEAT_2_DUTY=50
HEAT_3_TEMP=33
HEAT_3_DUTY=0
HEAT_4_TEMP=39
HEAT_4_DUTY=0

[20:56:57.428 EBOX]
TS=1786203308.875
V_SENSE5=1.15234375
V_SENSE9=0.0390625
V_SENSE12=0.126953125
ADC_V5=4.849853515625
ADC_V9=9.41650390625
ADC_V12=11.65557861328125
ADC_V28=27.3114013671875
THERMAL_SENS_OUT_1=33
THERMAL_SENS_OUT_2=-50
THERMAL_SENS_OUT_3=36
THERMAL_SENS_OUT_4=32
THERMAL_SENS_OUT_5=36
THERMAL_SENS_OUT_6=-50
THERMAL_SENS_INT_1=24
THERMAL_SENS_INT_2=30
PG_5=0
PG_9=0
PG_12=0
FLT_P2=0
FLT_P3=0
HEAT_1_TEMP=33
HEAT_1_DUTY=0
HEAT_2_TEMP=36
HEAT_2_DUTY=50
HEAT_3_TEMP=32
HEAT_3_DUTY=0
HEAT_4_TEMP=36
HEAT_4_DUTY=0

[20:56:57.867 EBOX]
TS=1786203309.376
V_SENSE5=1.13525390625
V_SENSE9=0.07568359375
V_SENSE12=0.1416015625
ADC_V5=4.920654296875
ADC_V9=9.07135009765625
ADC_V12=11.859130859375
ADC_V28=27.2406005859375
THERMAL_SENS_OUT_1=33
THERMAL_SENS_OUT_2=-50
THERMAL_SENS_OUT_3=31
THERMAL_SENS_OUT_4=36
THERMAL_SENS_OUT_5=33
THERMAL_SENS_OUT_6=-50
THERMAL_SENS_INT_1=29
THERMAL_SENS_INT_2=27
PG_5=0
PG_9=0
PG_12=0
FLT_P2=0
FLT_P3=0
HEAT_1_TEMP=33
HEAT_1_DUTY=0
HEAT_2_TEMP=31
HEAT_2_DUTY=0
HEAT_3_TEMP=36
HEAT_3_DUTY=50
HEAT_4_TEMP=33
HEAT_4_DUTY=0

[20:56:58.405 EBOX]
TS=1786203309.877
V_SENSE5=1.18896484375
V_SENSE9=0.0341796875
V_SENSE12=0.10986328125
ADC_V5=5.08880615234375
ADC_V9=8.85894775390625
ADC_V12=11.56707763671875
ADC_V28=27.65655517578125
THERMAL_SENS_OUT_1=37
THERMAL_SENS_OUT_2=-50
THERMAL_SENS_OUT_3=33
THERMAL_SENS_OUT_4=36
THERMAL_SENS_OUT_5=38
THERMAL_SENS_OUT_6=-50
THERMAL_SENS_INT_1=28
THERMAL_SENS_INT_2=28
PG_5=0
PG_9=0
PG_12=0
FLT_P2=0
FLT_P3=0
HEAT_1_TEMP=37
HEAT_1_DUTY=0
HEAT_2_TEMP=33
HEAT_2_DUTY=0
HEAT_3_TEMP=36
HEAT_3_DUTY=50
HEAT_4_TEMP=38
HEAT_4_DUTY=0

[20:56:58.951 EBOX]
TS=1786203310.378
V_SENSE5=1.1572265625
V_SENSE9=0.0341796875
V_SENSE12=0.09521484375
ADC_V5=4.9383544921875
ADC_V9=9.3634033203125
ADC_V12=11.54937744140625
ADC_V28=27.83355712890625
THERMAL_SENS_OUT_1=36
THERMAL_SENS_OUT_2=-50
THERMAL_SENS_OUT_3=30
THERMAL_SENS_OUT_4=33
THERMAL_SENS_OUT_5=38
THERMAL_SENS_OUT_6=-50
THERMAL_SENS_INT_1=28
THERMAL_SENS_INT_2=27
PG_5=0
PG_9=0
PG_12=0
FLT_P2=0
FLT_P3=0
HEAT_1_TEMP=36
HEAT_1_DUTY=0
HEAT_2_TEMP=30
HEAT_2_DUTY=0
HEAT_3_TEMP=33
HEAT_3_DUTY=0
HEAT_4_TEMP=38
HEAT_4_DUTY=50

[20:56:59.402 EBOX]
TS=1786203310.879
V_SENSE5=1.1279296875
V_SENSE9=0.0341796875
V_SENSE12=0.126953125
ADC_V5=4.9560546875
ADC_V9=8.7969970703125
ADC_V12=11.90338134765625
ADC_V28=27.56805419921875
THERMAL_SENS_OUT_1=32
THERMAL_SENS_OUT_2=-50
THERMAL_SENS_OUT_3=36
THERMAL_SENS_OUT_4=32
THERMAL_SENS_OUT_5=39
THERMAL_SENS_OUT_6=-50
THERMAL_SENS_INT_1=29
THERMAL_SENS_INT_2=26
PG_5=0
PG_9=0
PG_12=0
FLT_P2=0
FLT_P3=0
HEAT_1_TEMP=32
HEAT_1_DUTY=0
HEAT_2_TEMP=36
HEAT_2_DUTY=0
HEAT_3_TEMP=32
HEAT_3_DUTY=0
HEAT_4_TEMP=39
HEAT_4_DUTY=50

[20:56:59.941 EBOX]
TS=1786203311.380
V_SENSE5=1.16455078125
V_SENSE9=0.03662109375
V_SENSE12=0.13427734375
ADC_V5=4.88525390625
ADC_V9=8.956298828125
ADC_V12=11.7706298828125
ADC_V28=27.24945068359375
THERMAL_SENS_OUT_1=33
THERMAL_SENS_OUT_2=-50
THERMAL_SENS_OUT_3=30
THERMAL_SENS_OUT_4=34
THERMAL_SENS_OUT_5=39
THERMAL_SENS_OUT_6=-50
THERMAL_SENS_INT_1=23
THERMAL_SENS_INT_2=29
PG_5=0
PG_9=0
PG_12=0
FLT_P2=0
FLT_P3=0
HEAT_1_TEMP=33
HEAT_1_DUTY=50
HEAT_2_TEMP=30
HEAT_2_DUTY=0
HEAT_3_TEMP=34
HEAT_3_DUTY=0
HEAT_4_TEMP=39
HEAT_4_DUTY=0

[20:57:00.381 EBOX]
TS=1786203311.882
V_SENSE5=1.14990234375
V_SENSE9=0.0390625
V_SENSE12=0.13427734375
ADC_V5=4.849853515625
ADC_V9=9.44305419921875
ADC_V12=11.9122314453125
ADC_V28=27.76275634765625
THERMAL_SENS_OUT_1=35
THERMAL_SENS_OUT_2=-50
THERMAL_SENS_OUT_3=33
THERMAL_SENS_OUT_4=35
THERMAL_SENS_OUT_5=34
THERMAL_SENS_OUT_6=-50
THERMAL_SENS_INT_1=28
THERMAL_SENS_INT_2=28
PG_5=0
PG_9=0
PG_12=0
FLT_P2=0
FLT_P3=0
HEAT_1_TEMP=35
HEAT_1_DUTY=50
HEAT_2_TEMP=33
HEAT_2_DUTY=0
HEAT_3_TEMP=35
HEAT_3_DUTY=0
HEAT_4_TEMP=34
HEAT_4_DUTY=0

[20:57:00.922 EBOX]
TS=1786203312.396
V_SENSE5=1.07666015625
V_SENSE9=0.0341796875
V_SENSE12=0.1123046875
ADC_V5=4.9560546875
ADC_V9=9.168701171875
ADC_V12=11.788330078125
ADC_V28=27.10784912109375
THERMAL_SENS_OUT_1=33
THERMAL_SENS_OUT_2=-50
THERMAL_SENS_OUT_3=33
THERMAL_SENS_OUT_4=32
THERMAL_SENS_OUT_5=33
THERMAL_SENS_OUT_6=-50
THERMAL_SENS_INT_1=28
THERMAL_SENS_INT_2=26
PG_5=0
PG_9=0
PG_12=0
FLT_P2=0
FLT_P3=0
HEAT_1_TEMP=33
HEAT_1_DUTY=0
HEAT_2_TEMP=33
HEAT_2_DUTY=50
HEAT_3_TEMP=32
HEAT_3_DUTY=0
HEAT_4_TEMP=33
HEAT_4_DUTY=0

[20:57:01.363 EBOX]
TS=1786203312.890
V_SENSE5=1.0595703125
V_SENSE9=0.0341796875
V_SENSE12=0.1123046875
ADC_V5=4.920654296875
ADC_V9=9.51385498046875
ADC_V12=11.67327880859375
ADC_V28=27.8778076171875
THERMAL_SENS_OUT_1=38
THERMAL_SENS_OUT_2=-50
THERMAL_SENS_OUT_3=33
THERMAL_SENS_OUT_4=31
THERMAL_SENS_OUT_5=38
THERMAL_SENS_OUT_6=-50
THERMAL_SENS_INT_1=30
THERMAL_SENS_INT_2=26
PG_5=0
PG_9=0
PG_12=0
FLT_P2=0
FLT_P3=0
HEAT_1_TEMP=38
HEAT_1_DUTY=0
HEAT_2_TEMP=33
HEAT_2_DUTY=50
HEAT_3_TEMP=31
HEAT_3_DUTY=0
HEAT_4_TEMP=38
HEAT_4_DUTY=0

[20:57:01.901 EBOX]
TS=1786203313.390
V_SENSE5=1.05224609375
V_SENSE9=0.0390625
V_SENSE12=0.11962890625
ADC_V5=4.920654296875
ADC_V9=9.451904296875
ADC_V12=11.74407958984375
ADC_V28=27.78045654296875
THERMAL_SENS_OUT_1=33
THERMAL_SENS_OUT_2=-50
THERMAL_SENS_OUT_3=31
THERMAL_SENS_OUT_4=36
THERMAL_SENS_OUT_5=39
THERMAL_SENS_OUT_6=-50
THERMAL_SENS_INT_1=23
THERMAL_SENS_INT_2=25
PG_5=0
PG_9=0
PG_12=0
FLT_P2=0
FLT_P3=0
HEAT_1_TEMP=33
HEAT_1_DUTY=0
HEAT_2_TEMP=31
HEAT_2_DUTY=0
HEAT_3_TEMP=36
HEAT_3_DUTY=50
HEAT_4_TEMP=39
HEAT_4_DUTY=0

[20:57:02.440 EBOX]
TS=1786203313.894
V_SENSE5=1.08642578125
V_SENSE9=0.0390625
V_SENSE12=0.12939453125
ADC_V5=5.05340576171875
ADC_V9=8.885498046875
ADC_V12=11.90338134765625
ADC_V28=27.7716064453125
THERMAL_SENS_OUT_1=36
THERMAL_SENS_OUT_2=-50
THERMAL_SENS_OUT_3=32
THERMAL_SENS_OUT_4=30
THERMAL_SENS_OUT_5=36
THERMAL_SENS_OUT_6=-50
THERMAL_SENS_INT_1=27
THERMAL_SENS_INT_2=26
PG_5=0
PG_9=0
PG_12=0
FLT_P2=0
FLT_P3=0
HEAT_1_TEMP=36
HEAT_1_DUTY=0
HEAT_2_TEMP=32
HEAT_2_DUTY=0
HEAT_3_TEMP=30
HEAT_3_DUTY=50
HEAT_4_TEMP=36
HEAT_4_DUTY=0

[20:57:02.898 EBOX]
TS=1786203314.399
V_SENSE5=1.14013671875
V_SENSE9=0.07568359375
V_SENSE12=0.126953125
ADC_V5=5.23040771484375
ADC_V9=8.92974853515625
ADC_V12=11.77947998046875
ADC_V28=26.9927978515625
THERMAL_SENS_OUT_1=34
THERMAL_SENS_OUT_2=-50
THERMAL_SENS_OUT_3=31
THERMAL_SENS_OUT_4=37
THERMAL_SENS_OUT_5=38
THERMAL_SENS_OUT_6=-50
THERMAL_SENS_INT_1=24
THERMAL_SENS_INT_2=28
PG_5=0
PG_9=0
PG_12=0
FLT_P2=0
FLT_P3=0
HEAT_1_TEMP=34
HEAT_1_DUTY=0
HEAT_2_TEMP=31
HEAT_2_DUTY=0
HEAT_3_TEMP=37
HEAT_3_DUTY=0
HEAT_4_TEMP=38
HEAT_4_DUTY=50

[20:57:03.435 EBOX]
TS=1786203314.890
V_SENSE5=1.15234375
V_SENSE9=0.0341796875
V_SENSE12=0.1123046875
ADC_V5=4.92950439453125
ADC_V9=9.3280029296875
ADC_V12=11.68212890625
ADC_V28=27.62115478515625
THERMAL_SENS_OUT_1=32
THERMAL_SENS_OUT_2=-50
THERMAL_SENS_OUT_3=30
THERMAL_SENS_OUT_4=34
THERMAL_SENS_OUT_5=38
THERMAL_SENS_OUT_6=-50
THERMAL_SENS_INT_1=27
THERMAL_SENS_INT_2=28
PG_5=0
PG_9=0
PG_12=0
FLT_P2=0
FLT_P3=0
HEAT_1_TEMP=32
HEAT_1_DUTY=0
HEAT_2_TEMP=30
HEAT_2_DUTY=0
HEAT_3_TEMP=34
HEAT_3_DUTY=0
HEAT_4_TEMP=38
HEAT_4_DUTY=50

[20:57:03.877 EBOX]
TS=1786203315.391
V_SENSE5=1.1669921875
V_SENSE9=0.03662109375
V_SENSE12=0.15380859375
ADC_V5=4.920654296875
ADC_V9=9.55810546875
ADC_V12=11.9122314453125
ADC_V28=27.3468017578125
THERMAL_SENS_OUT_1=32
THERMAL_SENS_OUT_2=-50
THERMAL_SENS_OUT_3=31
THERMAL_SENS_OUT_4=37
THERMAL_SENS_OUT_5=37
THERMAL_SENS_OUT_6=-50
THERMAL_SENS_INT_1=25
THERMAL_SENS_INT_2=30
PG_5=0
PG_9=0
PG_12=0
FLT_P2=0
FLT_P3=0
HEAT_1_TEMP=32
HEAT_1_DUTY=50
HEAT_2_TEMP=31
HEAT_2_DUTY=0
HEAT_3_TEMP=37
HEAT_3_DUTY=0
HEAT_4_TEMP=37
HEAT_4_DUTY=0

[20:57:04.418 EBOX]
TS=1786203315.892
V_SENSE5=1.13525390625
V_SENSE9=0.0390625
V_SENSE12=0.1318359375
ADC_V5=4.9737548828125
ADC_V9=8.89434814453125
ADC_V12=11.8414306640625
ADC_V28=27.07244873046875
THERMAL_SENS_OUT_1=34
THERMAL_SENS_OUT_2=-50
THERMAL_SENS_OUT_3=30
THERMAL_SENS_OUT_4=35
THERMAL_SENS_OUT_5=34
THERMAL_SENS_OUT_6=-50
THERMAL_SENS_INT_1=26
THERMAL_SENS_INT_2=26
PG_5=0
PG_9=0
PG_12=0
FLT_P2=0
FLT_P3=0
HEAT_1_TEMP=34
HEAT_1_DUTY=50
HEAT_2_TEMP=30
HEAT_2_DUTY=0
HEAT_3_TEMP=35
HEAT_3_DUTY=0
HEAT_4_TEMP=34
HEAT_4_DUTY=0

[20:57:04.954 EBOX]
TS=1786203316.393
V_SENSE5=1.1669921875
V_SENSE9=0.0341796875
V_SENSE12=0.11962890625
ADC_V5=4.8321533203125
ADC_V9=9.1864013671875
ADC_V12=11.49627685546875
ADC_V28=27.82470703125
THERMAL_SENS_OUT_1=34
THERMAL_SENS_OUT_2=-50
THERMAL_SENS_OUT_3=36
THERMAL_SENS_OUT_4=33
THERMAL_SENS_OUT_5=35
THERMAL_SENS_OUT_6=-50
THERMAL_SENS_INT_1=30
THERMAL_SENS_INT_2=29
PG_5=0
PG_9=0
PG_12=0
FLT_P2=0
FLT_P3=0
HEAT_1_TEMP=34
HEAT_1_DUTY=0
HEAT_2_TEMP=36
HEAT_2_DUTY=50
HEAT_3_TEMP=33
HEAT_3_DUTY=0
HEAT_4_TEMP=35
HEAT_4_DUTY=0

[20:57:05.410 EBOX]
TS=1786203316.902
V_SENSE5=1.0595703125
V_SENSE9=0.0390625
V_SENSE12=0.1318359375
ADC_V5=4.94720458984375
ADC_V9=9.51385498046875
ADC_V12=11.67327880859375
ADC_V28=27.8955078125
THERMAL_SENS_OUT_1=37
THERMAL_SENS_OUT_2=-50
THERMAL_SENS_OUT_3=30
THERMAL_SENS_OUT_4=31
THERMAL_SENS_OUT_5=34
THERMAL_SENS_OUT_6=-50
THERMAL_SENS_INT_1=29
THERMAL_SENS_INT_2=28
PG_5=0
PG_9=0
PG_12=0
FLT_P2=0
FLT_P3=0
HEAT_1_TEMP=37
HEAT_1_DUTY=0
HEAT_2_TEMP=30
HEAT_2_DUTY=50
HEAT_3_TEMP=31
HEAT_3_DUTY=0
HEAT_4_TEMP=34
HEAT_4_DUTY=0

[20:57:05.973 EBOX]
TS=1786203317.403
V_SENSE5=1.06689453125
V_SENSE9=0.0341796875
V_SENSE12=0.13671875
ADC_V5=5.01800537109375
ADC_V9=9.4873046875
ADC_V12=11.929931640625
ADC_V28=27.1875
THERMAL_SENS_OUT_1=31
THERMAL_SENS_OUT_2=-50
THERMAL_SENS_OUT_3=30
THERMAL_SENS_OUT_4=33
THERMAL_SENS_OUT_5=33
THERMAL_SENS_OUT_6=-50
THERMAL_SENS_INT_1=26
THERMAL_SENS_INT_2=33
PG_5=0
PG_9=0
PG_12=0
FLT_P2=0
FLT_P3=0
HEAT_1_TEMP=31
HEAT_1_DUTY=0
HEAT_2_TEMP=30
HEAT_2_DUTY=0
HEAT_3_TEMP=33
HEAT_3_DUTY=50
HEAT_4_TEMP=33
HEAT_4_DUTY=0

[20:57:06.411 EBOX]
TS=1786203317.905
V_SENSE5=1.0205078125
V_SENSE9=0.0341796875
V_SENSE12=0.1318359375
ADC_V5=4.814453125
ADC_V9=8.779296875
ADC_V12=11.82373046875
ADC_V28=27.293701171875
THERMAL_SENS_OUT_1=33
THERMAL_SENS_OUT_2=-50
THERMAL_SENS_OUT_3=32
THERMAL_SENS_OUT_4=35
THERMAL_SENS_OUT_5=36
THERMAL_SENS_OUT_6=-50
THERMAL_SENS_INT_1=29
THERMAL_SENS_INT_2=29
PG_5=0
PG_9=0
PG_12=0
FLT_P2=0
FLT_P3=0
HEAT_1_TEMP=33
HEAT_1_DUTY=0
HEAT_2_TEMP=32
HEAT_2_DUTY=0
HEAT_3_TEMP=35
HEAT_3_DUTY=50
HEAT_4_TEMP=36
HEAT_4_DUTY=0

[20:57:06.961 EBOX]
TS=1786203318.406
V_SENSE5=1.08154296875
V_SENSE9=0.0341796875
V_SENSE12=0.11962890625
ADC_V5=4.9737548828125
ADC_V9=8.69964599609375
ADC_V12=11.68212890625
ADC_V28=28.001708984375
THERMAL_SENS_OUT_1=33
THERMAL_SENS_OUT_2=-50
THERMAL_SENS_OUT_3=37
THERMAL_SENS_OUT_4=36
THERMAL_SENS_OUT_5=37
THERMAL_SENS_OUT_6=-50
THERMAL_SENS_INT_1=30
THERMAL_SENS_INT_2=29
PG_5=0
PG_9=0
PG_12=0
FLT_P2=0
FLT_P3=0
HEAT_1_TEMP=33
HEAT_1_DUTY=0
HEAT_2_TEMP=37
HEAT_2_DUTY=0
HEAT_3_TEMP=36
HEAT_3_DUTY=0
HEAT_4_TEMP=37
HEAT_4_DUTY=50

[20:57:07.418 EBOX]
TS=1786203318.901
V_SENSE5=1.15234375
V_SENSE9=0.0341796875
V_SENSE12=0.13671875
ADC_V5=4.920654296875
ADC_V9=9.2218017578125
ADC_V12=11.62017822265625
ADC_V28=27.07244873046875
THERMAL_SENS_OUT_1=32
THERMAL_SENS_OUT_2=-50
THERMAL_SENS_OUT_3=33
THERMAL_SENS_OUT_4=33
THERMAL_SENS_OUT_5=34
THERMAL_SENS_OUT_6=-50
THERMAL_SENS_INT_1=26
THERMAL_SENS_INT_2=26
PG_5=0
PG_9=0
PG_12=0
FLT_P2=0
FLT_P3=0
HEAT_1_TEMP=32
HEAT_1_DUTY=0
HEAT_2_TEMP=33
HEAT_2_DUTY=0
HEAT_3_TEMP=33
HEAT_3_DUTY=0
HEAT_4_TEMP=34
HEAT_4_DUTY=50

[20:57:07.965 EBOX]
TS=1786203319.402
V_SENSE5=1.1328125
V_SENSE9=0.0341796875
V_SENSE12=0.1220703125
ADC_V5=4.91180419921875
ADC_V9=9.38995361328125
ADC_V12=11.63787841796875
ADC_V28=27.75390625
THERMAL_SENS_OUT_1=33
THERMAL_SENS_OUT_2=-50
THERMAL_SENS_OUT_3=35
THERMAL_SENS_OUT_4=33
THERMAL_SENS_OUT_5=36
THERMAL_SENS_OUT_6=-50
THERMAL_SENS_INT_1=29
THERMAL_SENS_INT_2=27
PG_5=0
PG_9=0
PG_12=0
FLT_P2=0
FLT_P3=0
HEAT_1_TEMP=33
HEAT_1_DUTY=50
HEAT_2_TEMP=35
HEAT_2_DUTY=0
HEAT_3_TEMP=33
HEAT_3_DUTY=0
HEAT_4_TEMP=36
HEAT_4_DUTY=0

[20:57:08.410 EBOX]
TS=1786203319.903
V_SENSE5=1.1376953125
V_SENSE9=0.0341796875
V_SENSE12=0.1171875
ADC_V5=4.85870361328125
ADC_V9=9.00054931640625
ADC_V12=11.6290283203125
ADC_V28=27.4884033203125
THERMAL_SENS_OUT_1=32
THERMAL_SENS_OUT_2=-50
THERMAL_SENS_OUT_3=36
THERMAL_SENS_OUT_4=33
THERMAL_SENS_OUT_5=34
THERMAL_SENS_OUT_6=-50
THERMAL_SENS_INT_1=25
THERMAL_SENS_INT_2=30
PG_5=0
PG_9=0
PG_12=0
FLT_P2=0
FLT_P3=0
HEAT_1_TEMP=32
HEAT_1_DUTY=50
HEAT_2_TEMP=36
HEAT_2_DUTY=0
HEAT_3_TEMP=33
HEAT_3_DUTY=0
HEAT_4_TEMP=34
HEAT_4_DUTY=0

[20:57:08.947 EBOX]
TS=1786203320.404
V_SENSE5=1.16943359375
V_SENSE9=0.07568359375
V_SENSE12=0.10986328125
ADC_V5=4.84100341796875
ADC_V9=9.35455322265625
ADC_V12=11.77947998046875
ADC_V28=27.81585693359375
THERMAL_SENS_OUT_1=36
THERMAL_SENS_OUT_2=-50
THERMAL_SENS_OUT_3=35
THERMAL_SENS_OUT_4=33
THERMAL_SENS_OUT_5=35
THERMAL_SENS_OUT_6=-50
THERMAL_SENS_INT_1=28
THERMAL_SENS_INT_2=28
PG_5=0
PG_9=0
PG_12=0
FLT_P2=0
FLT_P3=0
HEAT_1_TEMP=36
HEAT_1_DUTY=0
HEAT_2_TEMP=35
HEAT_2_DUTY=50
HEAT_3_TEMP=33
HEAT_3_DUTY=0
HEAT_4_TEMP=35
HEAT_4_DUTY=0

[20:57:09.384 EBOX]
TS=1786203320.916
V_SENSE5=1.1181640625
V_SENSE9=0.029296875
V_SENSE12=0.15380859375
ADC_V5=4.9383544921875
ADC_V9=8.77044677734375
ADC_V12=11.83258056640625
ADC_V28=27.14324951171875
THERMAL_SENS_OUT_1=32
THERMAL_SENS_OUT_2=-50
THERMAL_SENS_OUT_3=35
THERMAL_SENS_OUT_4=31
THERMAL_SENS_OUT_5=37
THERMAL_SENS_OUT_6=-50
THERMAL_SENS_INT_1=24
THERMAL_SENS_INT_2=27
PG_5=0
PG_9=0
PG_12=0
FLT_P2=0
FLT_P3=0
HEAT_1_TEMP=32
HEAT_1_DUTY=0
HEAT_2_TEMP=35
HEAT_2_DUTY=50
HEAT_3_TEMP=31
HEAT_3_DUTY=0
HEAT_4_TEMP=37
HEAT_4_DUTY=0

[20:57:09.930 EBOX]
TS=1786203321.414
V_SENSE5=1.11328125
V_SENSE9=0.0390625
V_SENSE12=0.13916015625
ADC_V5=4.8321533203125
ADC_V9=9.0093994140625
ADC_V12=11.81488037109375
ADC_V28=26.8865966796875
THERMAL_SENS_OUT_1=34
THERMAL_SENS_OUT_2=-50
THERMAL_SENS_OUT_3=36
THERMAL_SENS_OUT_4=33
THERMAL_SENS_OUT_5=36
THERMAL_SENS_OUT_6=-50
THERMAL_SENS_INT_1=30
THERMAL_SENS_INT_2=29
PG_5=0
PG_9=0
PG_12=0
FLT_P2=0
FLT_P3=0
HEAT_1_TEMP=34
HEAT_1_DUTY=0
HEAT_2_TEMP=36
HEAT_2_DUTY=0
HEAT_3_TEMP=33
HEAT_3_DUTY=50
HEAT_4_TEMP=36
HEAT_4_DUTY=0

[20:57:10.488 EBOX]
TS=1786203321.913
V_SENSE5=1.10107421875
V_SENSE9=0.0390625
V_SENSE12=0.1318359375
ADC_V5=5.02685546875
ADC_V9=9.4873046875
ADC_V12=11.54052734375
ADC_V28=27.21405029296875
THERMAL_SENS_OUT_1=31
THERMAL_SENS_OUT_2=-50
THERMAL_SENS_OUT_3=29
THERMAL_SENS_OUT_4=34
THERMAL_SENS_OUT_5=38
THERMAL_SENS_OUT_6=-50
THERMAL_SENS_INT_1=29
THERMAL_SENS_INT_2=27
PG_5=0
PG_9=0
PG_12=0
FLT_P2=0
FLT_P3=0
HEAT_1_TEMP=31
HEAT_1_DUTY=0
HEAT_2_TEMP=29
HEAT_2_DUTY=0
HEAT_3_TEMP=34
HEAT_3_DUTY=50
HEAT_4_TEMP=38
HEAT_4_DUTY=0

[20:57:10.927 EBOX]
TS=1786203322.417
V_SENSE5=1.06689453125
V_SENSE9=0.07568359375
V_SENSE12=0.126953125
ADC_V5=4.98260498046875
ADC_V9=8.91204833984375
ADC_V12=11.611328125
ADC_V28=28.01055908203125
THERMAL_SENS_OUT_1=34
THERMAL_SENS_OUT_2=-50
THERMAL_SENS_OUT_3=36
THERMAL_SENS_OUT_4=34
THERMAL_SENS_OUT_5=35
THERMAL_SENS_OUT_6=-50
THERMAL_SENS_INT_1=25
THERMAL_SENS_INT_2=32
PG_5=0
PG_9=0
PG_12=0
FLT_P2=0
FLT_P3=0
HEAT_1_TEMP=34
HEAT_1_DUTY=0
HEAT_2_TEMP=36
HEAT_2_DUTY=0
HEAT_3_TEMP=34
HEAT_3_DUTY=0
HEAT_4_TEMP=35
HEAT_4_DUTY=50

[20:57:11.471 EBOX]
TS=1786203322.919
V_SENSE5=1.08642578125
V_SENSE9=0.0341796875
V_SENSE12=0.1171875
ADC_V5=4.9029541015625
ADC_V9=9.19525146484375
ADC_V12=11.89453125
ADC_V28=27.8424072265625
THERMAL_SENS_OUT_1=34
THERMAL_SENS_OUT_2=-50
THERMAL_SENS_OUT_3=31
THERMAL_SENS_OUT_4=37
THERMAL_SENS_OUT_5=38
THERMAL_SENS_OUT_6=-50
THERMAL_SENS_INT_1=24
THERMAL_SENS_INT_2=28
PG_5=0
PG_9=0
PG_12=0
FLT_P2=0
FLT_P3=0
HEAT_1_TEMP=34
HEAT_1_DUTY=0
HEAT_2_TEMP=31
HEAT_2_DUTY=0
HEAT_3_TEMP=37
HEAT_3_DUTY=0
HEAT_4_TEMP=38
HEAT_4_DUTY=50

[20:57:11.919 EBOX]
TS=1786203323.420
V_SENSE5=1.09619140625
V_SENSE9=0.0634765625
V_SENSE12=0.126953125
ADC_V5=4.85870361328125
ADC_V9=9.44305419921875
ADC_V12=11.5228271484375
ADC_V28=27.86895751953125
THERMAL_SENS_OUT_1=34
THERMAL_SENS_OUT_2=-50
THERMAL_SENS_OUT_3=37
THERMAL_SENS_OUT_4=33
THERMAL_SENS_OUT_5=34
THERMAL_SENS_OUT_6=-50
THERMAL_SENS_INT_1=30
THERMAL_SENS_INT_2=28
PG_5=0
PG_9=0
PG_12=0
FLT_P2=0
FLT_P3=0
HEAT_1_TEMP=34
HEAT_1_DUTY=50
HEAT_2_TEMP=37
HEAT_2_DUTY=0
HEAT_3_TEMP=33
HEAT_3_DUTY=0
HEAT_4_TEMP=34
HEAT_4_DUTY=0

[20:57:12.501 EBOX]
TS=1786203323.923
V_SENSE5=1.0400390625
V_SENSE9=0.0390625
V_SENSE12=0.10986328125
ADC_V5=4.920654296875
ADC_V9=9.26605224609375
ADC_V12=11.6644287109375
ADC_V28=28.072509765625
THERMAL_SENS_OUT_1=34
THERMAL_SENS_OUT_2=-50
THERMAL_SENS_OUT_3=36
THERMAL_SENS_OUT_4=34
THERMAL_SENS_OUT_5=34
THERMAL_SENS_OUT_6=-50
THERMAL_SENS_INT_1=25
THERMAL_SENS_INT_2=31
PG_5=0
PG_9=0
PG_12=0
FLT_P2=0
FLT_P3=0
HEAT_1_TEMP=34
HEAT_1_DUTY=50
HEAT_2_TEMP=36
HEAT_2_DUTY=0
HEAT_3_TEMP=34
HEAT_3_DUTY=0
HEAT_4_TEMP=34
HEAT_4_DUTY=0

[20:57:12.951 EBOX]
TS=1786203324.416
V_SENSE5=1.162109375
V_SENSE9=0.03662109375
V_SENSE12=0.1025390625
ADC_V5=4.89410400390625
ADC_V9=9.027099609375
ADC_V12=11.7529296875
ADC_V28=27.92205810546875
THERMAL_SENS_OUT_1=35
THERMAL_SENS_OUT_2=-50
THERMAL_SENS_OUT_3=37
THERMAL_SENS_OUT_4=34
THERMAL_SENS_OUT_5=34
THERMAL_SENS_OUT_6=-50
THERMAL_SENS_INT_1=23
THERMAL_SENS_INT_2=28
PG_5=0
PG_9=0
PG_12=0
FLT_P2=0
FLT_P3=0
HEAT_1_TEMP=35
HEAT_1_DUTY=0
HEAT_2_TEMP=37
HEAT_2_DUTY=50
HEAT_3_TEMP=34
HEAT_3_DUTY=0
HEAT_4_TEMP=34
HEAT_4_DUTY=0

[20:57:13.509 EBOX]
TS=1786203324.918
V_SENSE5=1.1474609375
V_SENSE9=0.0390625
V_SENSE12=0.10009765625
ADC_V5=4.92950439453125
ADC_V9=9.5050048828125
ADC_V12=11.60247802734375
ADC_V28=27.97515869140625
THERMAL_SENS_OUT_1=37
THERMAL_SENS_OUT_2=-50
THERMAL_SENS_OUT_3=33
THERMAL_SENS_OUT_4=32
THERMAL_SENS_OUT_5=34
THERMAL_SENS_OUT_6=-50
THERMAL_SENS_INT_1=26
THERMAL_SENS_INT_2=27
PG_5=0
PG_9=0
PG_12=0
FLT_P2=0
FLT_P3=0
HEAT_1_TEMP=37
HEAT_1_DUTY=0
HEAT_2_TEMP=33
HEAT_2_DUTY=50
HEAT_3_TEMP=32
HEAT_3_DUTY=0
HEAT_4_TEMP=34
HEAT_4_DUTY=0

[20:57:13.947 EBOX]
TS=1786203325.418
V_SENSE5=1.142578125
V_SENSE9=0.0390625
V_SENSE12=0.1220703125
ADC_V5=4.991455078125
ADC_V9=8.7969970703125
ADC_V12=11.82373046875
ADC_V28=27.03704833984375
THERMAL_SENS_OUT_1=33
THERMAL_SENS_OUT_2=-50
THERMAL_SENS_OUT_3=31
THERMAL_SENS_OUT_4=35
THERMAL_SENS_OUT_5=35
THERMAL_SENS_OUT_6=-50
THERMAL_SENS_INT_1=24
THERMAL_SENS_INT_2=31
PG_5=0
PG_9=0
PG_12=0
FLT_P2=0
FLT_P3=0
HEAT_1_TEMP=33
HEAT_1_DUTY=0
HEAT_2_TEMP=31
HEAT_2_DUTY=0
HEAT_3_TEMP=35
HEAT_3_DUTY=50
HEAT_4_TEMP=35
HEAT_4_DUTY=0

[20:57:14.496 EBOX]
TS=1786203325.920
V_SENSE5=1.24755859375
V_SENSE9=0.07568359375
V_SENSE12=0.13671875
ADC_V5=4.849853515625
ADC_V9=9.35455322265625
ADC_V12=11.5936279296875
ADC_V28=27.9132080078125
THERMAL_SENS_OUT_1=36
THERMAL_SENS_OUT_2=-50
THERMAL_SENS_OUT_3=36
THERMAL_SENS_OUT_4=33
THERMAL_SENS_OUT_5=35
THERMAL_SENS_OUT_6=-50
THERMAL_SENS_INT_1=27
THERMAL_SENS_INT_2=26
PG_5=0
PG_9=0
PG_12=0
FLT_P2=0
FLT_P3=0
HEAT_1_TEMP=36
HEAT_1_DUTY=0
HEAT_2_TEMP=36
HEAT_2_DUTY=0
HEAT_3_TEMP=33
HEAT_3_DUTY=50
HEAT_4_TEMP=35
HEAT_4_DUTY=0

[20:57:14.934 EBOX]
TS=1786203326.428
V_SENSE5=1.02783203125
V_SENSE9=0.06591796875
V_SENSE12=0.1123046875
ADC_V5=4.9383544921875
ADC_V9=8.99169921875
ADC_V12=11.62017822265625
ADC_V28=27.88665771484375
THERMAL_SENS_OUT_1=38
THERMAL_SENS_OUT_2=-50
THERMAL_SENS_OUT_3=32
THERMAL_SENS_OUT_4=37
THERMAL_SENS_OUT_5=34
THERMAL_SENS_OUT_6=-50
THERMAL_SENS_INT_1=27
THERMAL_SENS_INT_2=26
PG_5=0
PG_9=0
PG_12=0
FLT_P2=0
FLT_P3=0
HEAT_1_TEMP=38
HEAT_1_DUTY=0
HEAT_2_TEMP=32
HEAT_2_DUTY=0
HEAT_3_TEMP=37
HEAT_3_DUTY=0
HEAT_4_TEMP=34
HEAT_4_DUTY=50

[20:57:15.482 EBOX]
TS=1786203326.930
V_SENSE5=1.083984375
V_SENSE9=0.03662109375
V_SENSE12=0.15380859375
ADC_V5=4.82330322265625
ADC_V9=9.42535400390625
ADC_V12=12.02728271484375
ADC_V28=27.0989990234375
THERMAL_SENS_OUT_1=34
THERMAL_SENS_OUT_2=-50
THERMAL_SENS_OUT_3=31
THERMAL_SENS_OUT_4=34
THERMAL_SENS_OUT_5=34
THERMAL_SENS_OUT_6=-50
THERMAL_SENS_INT_1=24
THERMAL_SENS_INT_2=29
PG_5=0
PG_9=0
PG_12=0
FLT_P2=0
FLT_P3=0
HEAT_1_TEMP=34
HEAT_1_DUTY=0
HEAT_2_TEMP=31
HEAT_2_DUTY=0
HEAT_3_TEMP=34
HEAT_3_DUTY=0
HEAT_4_TEMP=34
HEAT_4_DUTY=50

[20:57:15.927 EBOX]
TS=1786203327.431
V_SENSE5=1.05224609375
V_SENSE9=0.11474609375
V_SENSE12=0.1318359375
ADC_V5=4.82330322265625
ADC_V9=9.28375244140625
ADC_V12=11.89453125
ADC_V28=27.3114013671875
THERMAL_SENS_OUT_1=33
THERMAL_SENS_OUT_2=-50
THERMAL_SENS_OUT_3=34
THERMAL_SENS_OUT_4=31
THERMAL_SENS_OUT_5=37
THERMAL_SENS_OUT_6=-50
THERMAL_SENS_INT_1=27
THERMAL_SENS_INT_2=26
PG_5=0
PG_9=0
PG_12=0
FLT_P2=0
FLT_P3=0
HEAT_1_TEMP=33
HEAT_1_DUTY=50
HEAT_2_TEMP=34
HEAT_2_DUTY=0
HEAT_3_TEMP=31
HEAT_3_DUTY=0
HEAT_4_TEMP=37
HEAT_4_DUTY=0

[20:57:16.483 EBOX]
TS=1786203327.932
V_SENSE5=1.0498046875
V_SENSE9=0.03662109375
V_SENSE12=0.1171875
ADC_V5=4.9029541015625
ADC_V9=9.027099609375
ADC_V12=11.5228271484375
ADC_V28=27.6654052734375
THERMAL_SENS_OUT_1=38
THERMAL_SENS_OUT_2=-50
THERMAL_SENS_OUT_3=32
THERMAL_SENS_OUT_4=30
THERMAL_SENS_OUT_5=38
THERMAL_SENS_OUT_6=-50
THERMAL_SENS_INT_1=30
THERMAL_SENS_INT_2=26
PG_5=0
PG_9=0
PG_12=0
FLT_P2=0
FLT_P3=0
HEAT_1_TEMP=38
HEAT_1_DUTY=50
HEAT_2_TEMP=32
HEAT_2_DUTY=0
HEAT_3_TEMP=30
HEAT_3_DUTY=0
HEAT_4_TEMP=38
HEAT_4_DUTY=0

[20:57:16.967 EBOX]
TS=1786203328.427
V_SENSE5=1.1376953125
V_SENSE9=0.0390625
V_SENSE12=0.126953125
ADC_V5=4.9029541015625
ADC_V9=9.2218017578125
ADC_V12=11.77947998046875
ADC_V28=28.15216064453125
THERMAL_SENS_OUT_1=34
THERMAL_SENS_OUT_2=-50
THERMAL_SENS_OUT_3=31
THERMAL_SENS_OUT_4=36
THERMAL_SENS_OUT_5=36
THERMAL_SENS_OUT_6=-50
THERMAL_SENS_INT_1=26
THERMAL_SENS_INT_2=26
PG_5=0
PG_9=0
PG_12=0
FLT_P2=0
FLT_P3=0
HEAT_1_TEMP=34
HEAT_1_DUTY=0
HEAT_2_TEMP=31
HEAT_2_DUTY=50
HEAT_3_TEMP=36
HEAT_3_DUTY=0
HEAT_4_TEMP=36
HEAT_4_DUTY=0

[20:57:17.410 EBOX]
TS=1786203328.928
V_SENSE5=1.1865234375
V_SENSE9=0.0341796875
V_SENSE12=0.12451171875
ADC_V5=4.9560546875
ADC_V9=8.98284912109375
ADC_V12=11.859130859375
ADC_V28=27.05474853515625
THERMAL_SENS_OUT_1=34
THERMAL_SENS_OUT_2=-50
THERMAL_SENS_OUT_3=31
THERMAL_SENS_OUT_4=34
THERMAL_SENS_OUT_5=34
THERMAL_SENS_OUT_6=-50
THERMAL_SENS_INT_1=26
THERMAL_SENS_INT_2=29
PG_5=0
PG_9=0
PG_12=0
FLT_P2=0
FLT_P3=0
HEAT_1_TEMP=34
HEAT_1_DUTY=0
HEAT_2_TEMP=31
HEAT_2_DUTY=50
HEAT_3_TEMP=34
HEAT_3_DUTY=0
HEAT_4_TEMP=34
HEAT_4_DUTY=0

[20:57:17.949 EBOX]
TS=1786203329.429
V_SENSE5=1.15966796875
V_SENSE9=0.0341796875
V_SENSE12=0.1318359375
ADC_V5=4.991455078125
ADC_V9=8.779296875
ADC_V12=11.8768310546875
ADC_V28=27.2052001953125
THERMAL_SENS_OUT_1=33
THERMAL_SENS_OUT_2=-50
THERMAL_SENS_OUT_3=32
THERMAL_SENS_OUT_4=31
THERMAL_SENS_OUT_5=39
THERMAL_SENS_OUT_6=-50
THERMAL_SENS_INT_1=26
THERMAL_SENS_INT_2=29
PG_5=0
PG_9=0
PG_12=0
FLT_P2=0
FLT_P3=0
HEAT_1_TEMP=33
HEAT_1_DUTY=0
HEAT_2_TEMP=32
HEAT_2_DUTY=0
HEAT_3_TEMP=31
HEAT_3_DUTY=50
HEAT_4_TEMP=39
HEAT_4_DUTY=0

[20:57:18.488 EBOX]
TS=1786203329.930
V_SENSE5=1.162109375
V_SENSE9=0.0341796875
V_SENSE12=0.13671875
ADC_V5=4.9560546875
ADC_V9=9.0447998046875
ADC_V12=11.90338134765625
ADC_V28=27.74505615234375
THERMAL_SENS_OUT_1=37
THERMAL_SENS_OUT_2=-50
THERMAL_SENS_OUT_3=31
THERMAL_SENS_OUT_4=37
THERMAL_SENS_OUT_5=36
THERMAL_SENS_OUT_6=-50
THERMAL_SENS_INT_1=27
THERMAL_SENS_INT_2=27
PG_5=0
PG_9=0
PG_12=0
FLT_P2=0
FLT_P3=0
HEAT_1_TEMP=37
HEAT_1_DUTY=0
HEAT_2_TEMP=31
HEAT_2_DUTY=0
HEAT_3_TEMP=37
HEAT_3_DUTY=50
HEAT_4_TEMP=36
HEAT_4_DUTY=0

[20:57:18.944 EBOX]
TS=1786203330.439
V_SENSE5=1.0498046875
V_SENSE9=0.04150390625
V_SENSE12=0.13671875
ADC_V5=5.0091552734375
ADC_V9=9.37225341796875
ADC_V12=11.8060302734375
ADC_V28=28.16986083984375
THERMAL_SENS_OUT_1=34
THERMAL_SENS_OUT_2=-50
THERMAL_SENS_OUT_3=36
THERMAL_SENS_OUT_4=31
THERMAL_SENS_OUT_5=36
THERMAL_SENS_OUT_6=-50
THERMAL_SENS_INT_1=28
THERMAL_SENS_INT_2=27
PG_5=0
PG_9=0
PG_12=0
FLT_P2=0
FLT_P3=0
HEAT_1_TEMP=34
HEAT_1_DUTY=0
HEAT_2_TEMP=36
HEAT_2_DUTY=0
HEAT_3_TEMP=31
HEAT_3_DUTY=0
HEAT_4_TEMP=36
HEAT_4_DUTY=50

[20:57:19.495 EBOX]
TS=1786203330.940
V_SENSE5=1.0546875
V_SENSE9=0.0390625
V_SENSE12=0.18310546875
ADC_V5=5.01800537109375
ADC_V9=8.85894775390625
ADC_V12=11.788330078125
ADC_V28=27.718505859375
THERMAL_SENS_OUT_1=37
THERMAL_SENS_OUT_2=-50
THERMAL_SENS_OUT_3=37
THERMAL_SENS_OUT_4=30
THERMAL_SENS_OUT_5=33
THERMAL_SENS_OUT_6=-50
THERMAL_SENS_INT_1=25
THERMAL_SENS_INT_2=27
PG_5=0
PG_9=0
PG_12=0
FLT_P2=0
FLT_P3=0
HEAT_1_TEMP=37
HEAT_1_DUTY=0
HEAT_2_TEMP=37
HEAT_2_DUTY=0
HEAT_3_TEMP=30
HEAT_3_DUTY=0
HEAT_4_TEMP=33
HEAT_4_DUTY=50

[20:57:19.933 EBOX]
TS=1786203331.442
V_SENSE5=1.03515625
V_SENSE9=0.0341796875
V_SENSE12=0.1171875
ADC_V5=4.920654296875
ADC_V9=9.26605224609375
ADC_V12=11.859130859375
ADC_V28=27.010498046875
THERMAL_SENS_OUT_1=34
THERMAL_SENS_OUT_2=-50
THERMAL_SENS_OUT_3=30
THERMAL_SENS_OUT_4=33
THERMAL_SENS_OUT_5=34
THERMAL_SENS_OUT_6=-50
THERMAL_SENS_INT_1=31
THERMAL_SENS_INT_2=26
PG_5=0
PG_9=0
PG_12=0
FLT_P2=0
FLT_P3=0
HEAT_1_TEMP=34
HEAT_1_DUTY=50
HEAT_2_TEMP=30
HEAT_2_DUTY=0
HEAT_3_TEMP=33
HEAT_3_DUTY=0
HEAT_4_TEMP=34
HEAT_4_DUTY=0

[20:57:20.483 EBOX]
TS=1786203331.943
V_SENSE5=1.08642578125
V_SENSE9=0.03662109375
V_SENSE12=0.13671875
ADC_V5=4.920654296875
ADC_V9=9.62005615234375
ADC_V12=11.505126953125
ADC_V28=27.010498046875
THERMAL_SENS_OUT_1=34
THERMAL_SENS_OUT_2=-50
THERMAL_SENS_OUT_3=35
THERMAL_SENS_OUT_4=33
THERMAL_SENS_OUT_5=35
THERMAL_SENS_OUT_6=-50
THERMAL_SENS_INT_1=28
THERMAL_SENS_INT_2=27
PG_5=0
PG_9=0
PG_12=0
FLT_P2=0
FLT_P3=0
HEAT_1_TEMP=34
HEAT_1_DUTY=50
HEAT_2_TEMP=35
HEAT_2_DUTY=0
HEAT_3_TEMP=33
HEAT_3_DUTY=0
HEAT_4_TEMP=35
HEAT_4_DUTY=0

[20:57:20.920 EBOX]
TS=1786203332.443
V_SENSE5=1.09619140625
V_SENSE9=0.0341796875
V_SENSE12=0.19287109375
ADC_V5=5.19500732421875
ADC_V9=9.62005615234375
ADC_V12=11.95648193359375
ADC_V28=28.143310546875
THERMAL_SENS_OUT_1=31
THERMAL_SENS_OUT_2=-50
THERMAL_SENS_OUT_3=29
THERMAL_SENS_OUT_4=30
THERMAL_SENS_OUT_5=39
THERMAL_SENS_OUT_6=-50
THERMAL_SENS_INT_1=30
THERMAL_SENS_INT_2=32
PG_5=0
PG_9=0
PG_12=0
FLT_P2=0
FLT_P3=0
HEAT_1_TEMP=31
HEAT_1_DUTY=0
HEAT_2_TEMP=29
HEAT_2_DUTY=50
HEAT_3_TEMP=30
HEAT_3_DUTY=0
HEAT_4_TEMP=39
HEAT_4_DUTY=0

[20:57:21.496 EBOX]
TS=1786203332.947
V_SENSE5=1.03759765625
V_SENSE9=0.0390625
V_SENSE12=0.17333984375
ADC_V5=5.0091552734375
ADC_V9=8.99169921875
ADC_V12=11.8768310546875
ADC_V28=28.04595947265625
THERMAL_SENS_OUT_1=38
THERMAL_SENS_OUT_2=-50
THERMAL_SENS_OUT_3=31
THERMAL_SENS_OUT_4=35
THERMAL_SENS_OUT_5=34
THERMAL_SENS_OUT_6=-50
THERMAL_SENS_INT_1=25
THERMAL_SENS_INT_2=32
PG_5=0
PG_9=0
PG_12=0
FLT_P2=0
FLT_P3=0
HEAT_1_TEMP=38
HEAT_1_DUTY=0
HEAT_2_TEMP=31
HEAT_2_DUTY=50
HEAT_3_TEMP=35
HEAT_3_DUTY=0
HEAT_4_TEMP=34
HEAT_4_DUTY=0

[20:57:21.936 EBOX]
TS=1786203333.442
V_SENSE5=1.21826171875
V_SENSE9=0.0390625
V_SENSE12=0.1220703125
ADC_V5=5.0091552734375
ADC_V9=8.87664794921875
ADC_V12=11.88568115234375
ADC_V28=27.37335205078125
THERMAL_SENS_OUT_1=33
THERMAL_SENS_OUT_2=-50
THERMAL_SENS_OUT_3=35
THERMAL_SENS_OUT_4=31
THERMAL_SENS_OUT_5=37
THERMAL_SENS_OUT_6=-50
THERMAL_SENS_INT_1=29
THERMAL_SENS_INT_2=28
PG_5=0
PG_9=0
PG_12=0
FLT_P2=0
FLT_P3=0
HEAT_1_TEMP=33
HEAT_1_DUTY=0
HEAT_2_TEMP=35
HEAT_2_DUTY=0
HEAT_3_TEMP=31
HEAT_3_DUTY=50
HEAT_4_TEMP=37
HEAT_4_DUTY=0

[20:57:22.484 EBOX]
TS=1786203333.943
V_SENSE5=1.16943359375
V_SENSE9=0.05615234375
V_SENSE12=0.10498046875
ADC_V5=4.88525390625
ADC_V9=9.310302734375
ADC_V12=11.54052734375
ADC_V28=27.7362060546875
THERMAL_SENS_OUT_1=32
THERMAL_SENS_OUT_2=-50
THERMAL_SENS_OUT_3=32
THERMAL_SENS_OUT_4=37
THERMAL_SENS_OUT_5=37
THERMAL_SENS_OUT_6=-50
THERMAL_SENS_INT_1=29
THERMAL_SENS_INT_2=27
PG_5=0
PG_9=0
PG_12=0
FLT_P2=0
FLT_P3=0
HEAT_1_TEMP=32
HEAT_1_DUTY=0
HEAT_2_TEMP=32
HEAT_2_DUTY=0
HEAT_3_TEMP=37
HEAT_3_DUTY=50
HEAT_4_TEMP=37
HEAT_4_DUTY=0

[20:57:23.022 EBOX]
TS=1786203334.444
V_SENSE5=1.16943359375
V_SENSE9=0.04150390625
V_SENSE12=0.10986328125
ADC_V5=4.84100341796875
ADC_V9=9.44305419921875
ADC_V12=11.54937744140625
ADC_V28=27.79815673828125
THERMAL_SENS_OUT_1=34
THERMAL_SENS_OUT_2=-50
THERMAL_SENS_OUT_3=33
THERMAL_SENS_OUT_4=32
THERMAL_SENS_OUT_5=39
THERMAL_SENS_OUT_6=-50
THERMAL_SENS_INT_1=27
THERMAL_SENS_INT_2=26
PG_5=0
PG_9=0
PG_12=0
FLT_P2=0
FLT_P3=0
HEAT_1_TEMP=34
HEAT_1_DUTY=0
HEAT_2_TEMP=33
HEAT_2_DUTY=0
HEAT_3_TEMP=32
HEAT_3_DUTY=0
HEAT_4_TEMP=39
HEAT_4_DUTY=50

[20:57:23.469 EBOX]
TS=1786203334.945
V_SENSE5=1.15234375
V_SENSE9=0.03662109375
V_SENSE12=0.1416015625
ADC_V5=4.96490478515625
ADC_V9=8.885498046875
ADC_V12=11.88568115234375
ADC_V28=27.1875
THERMAL_SENS_OUT_1=33
THERMAL_SENS_OUT_2=-50
THERMAL_SENS_OUT_3=31
THERMAL_SENS_OUT_4=37
THERMAL_SENS_OUT_5=37
THERMAL_SENS_OUT_6=-50
THERMAL_SENS_INT_1=27
THERMAL_SENS_INT_2=26
PG_5=0
PG_9=0
PG_12=0
FLT_P2=0
FLT_P3=0
HEAT_1_TEMP=33
HEAT_1_DUTY=0
HEAT_2_TEMP=31
HEAT_2_DUTY=0
HEAT_3_TEMP=37
HEAT_3_DUTY=0
HEAT_4_TEMP=37
HEAT_4_DUTY=50

[20:57:24.005 EBOX]
TS=1786203335.458
V_SENSE5=1.06201171875
V_SENSE9=0.0341796875
V_SENSE12=0.1318359375
ADC_V5=4.96490478515625
ADC_V9=9.13330078125
ADC_V12=11.8060302734375
ADC_V28=27.25830078125
THERMAL_SENS_OUT_1=31
THERMAL_SENS_OUT_2=-50
THERMAL_SENS_OUT_3=31
THERMAL_SENS_OUT_4=33
THERMAL_SENS_OUT_5=38
THERMAL_SENS_OUT_6=-50
THERMAL_SENS_INT_1=28
THERMAL_SENS_INT_2=31
PG_5=0
PG_9=0
PG_12=0
FLT_P2=0
FLT_P3=0
HEAT_1_TEMP=31
HEAT_1_DUTY=50
HEAT_2_TEMP=31
HEAT_2_DUTY=0
HEAT_3_TEMP=33
HEAT_3_DUTY=0
HEAT_4_TEMP=38
HEAT_4_DUTY=0

[20:57:24.455 EBOX]
TS=1786203335.947
V_SENSE5=1.12548828125
V_SENSE9=0.0341796875
V_SENSE12=0.126953125
ADC_V5=4.8675537109375
ADC_V9=8.99169921875
ADC_V12=11.4520263671875
ADC_V28=27.58575439453125
THERMAL_SENS_OUT_1=33
THERMAL_SENS_OUT_2=-50
THERMAL_SENS_OUT_3=36
THERMAL_SENS_OUT_4=33
THERMAL_SENS_OUT_5=35
THERMAL_SENS_OUT_6=-50
THERMAL_SENS_INT_1=25
THERMAL_SENS_INT_2=31
PG_5=0
PG_9=0
PG_12=0
FLT_P2=0
FLT_P3=0
HEAT_1_TEMP=33
HEAT_1_DUTY=50
HEAT_2_TEMP=36
HEAT_2_DUTY=0
HEAT_3_TEMP=33
HEAT_3_DUTY=0
HEAT_4_TEMP=35
HEAT_4_DUTY=0

[20:57:24.993 EBOX]
TS=1786203336.450
V_SENSE5=1.22314453125
V_SENSE9=0.11474609375
V_SENSE12=0.12939453125
ADC_V5=4.85870361328125
ADC_V9=9.3988037109375
ADC_V12=11.575927734375
ADC_V28=27.97515869140625
THERMAL_SENS_OUT_1=37
THERMAL_SENS_OUT_2=-50
THERMAL_SENS_OUT_3=36
THERMAL_SENS_OUT_4=33
THERMAL_SENS_OUT_5=38
THERMAL_SENS_OUT_6=-50
THERMAL_SENS_INT_1=29
THERMAL_SENS_INT_2=28
PG_5=0
PG_9=0
PG_12=0
FLT_P2=0
FLT_P3=0
HEAT_1_TEMP=37
HEAT_1_DUTY=0
HEAT_2_TEMP=36
HEAT_2_DUTY=50
HEAT_3_TEMP=33
HEAT_3_DUTY=0
HEAT_4_TEMP=38
HEAT_4_DUTY=0

[20:57:25.443 EBOX]
TS=1786203336.949
V_SENSE5=1.16943359375
V_SENSE9=0.0341796875
V_SENSE12=0.11474609375
ADC_V5=4.9029541015625
ADC_V9=8.814697265625
ADC_V12=11.859130859375
ADC_V28=27.3822021484375
THERMAL_SENS_OUT_1=33
THERMAL_SENS_OUT_2=-50
THERMAL_SENS_OUT_3=33
THERMAL_SENS_OUT_4=30
THERMAL_SENS_OUT_5=36
THERMAL_SENS_OUT_6=-50
THERMAL_SENS_INT_1=27
THERMAL_SENS_INT_2=26
PG_5=0
PG_9=0
PG_12=0
FLT_P2=0
FLT_P3=0
HEAT_1_TEMP=33
HEAT_1_DUTY=0
HEAT_2_TEMP=33
HEAT_2_DUTY=50
HEAT_3_TEMP=30
HEAT_3_DUTY=0
HEAT_4_TEMP=36
HEAT_4_DUTY=0

[20:57:25.982 EBOX]
TS=1786203337.450
V_SENSE5=1.14990234375
V_SENSE9=0.0341796875
V_SENSE12=0.18310546875
ADC_V5=4.91180419921875
ADC_V9=9.33685302734375
ADC_V12=11.62017822265625
ADC_V28=27.9840087890625
THERMAL_SENS_OUT_1=38
THERMAL_SENS_OUT_2=-50
THERMAL_SENS_OUT_3=31
THERMAL_SENS_OUT_4=31
THERMAL_SENS_OUT_5=38
THERMAL_SENS_OUT_6=-50
THERMAL_SENS_INT_1=29
THERMAL_SENS_INT_2=27
PG_5=0
PG_9=0
PG_12=0
FLT_P2=0
FLT_P3=0
HEAT_1_TEMP=38
HEAT_1_DUTY=0
HEAT_2_TEMP=31
HEAT_2_DUTY=0
HEAT_3_TEMP=31
HEAT_3_DUTY=50
HEAT_4_TEMP=38
HEAT_4_DUTY=0

[20:57:26.527 EBOX]
TS=1786203337.959
V_SENSE5=1.103515625
V_SENSE9=0.09521484375
V_SENSE12=0.1220703125
ADC_V5=4.98260498046875
ADC_V9=9.23065185546875
ADC_V12=11.6290283203125
ADC_V28=27.96630859375
THERMAL_SENS_OUT_1=36
THERMAL_SENS_OUT_2=-50
THERMAL_SENS_OUT_3=35
THERMAL_SENS_OUT_4=31
THERMAL_SENS_OUT_5=34
THERMAL_SENS_OUT_6=-50
THERMAL_SENS_INT_1=26
THERMAL_SENS_INT_2=33
PG_5=0
PG_9=0
PG_12=0
FLT_P2=0
FLT_P3=0
HEAT_1_TEMP=36
HEAT_1_DUTY=0
HEAT_2_TEMP=35
HEAT_2_DUTY=0
HEAT_3_TEMP=31
HEAT_3_DUTY=50
HEAT_4_TEMP=34
HEAT_4_DUTY=0

[20:57:26.980 EBOX]
TS=1786203338.461
V_SENSE5=1.03759765625
V_SENSE9=0.0390625
V_SENSE12=0.1171875
ADC_V5=4.7967529296875
ADC_V9=9.1864013671875
ADC_V12=11.49627685546875
ADC_V28=27.53265380859375
THERMAL_SENS_OUT_1=32
THERMAL_SENS_OUT_2=-50
THERMAL_SENS_OUT_3=36
THERMAL_SENS_OUT_4=34
THERMAL_SENS_OUT_5=34
THERMAL_SENS_OUT_6=-50
THERMAL_SENS_INT_1=26
THERMAL_SENS_INT_2=27
PG_5=0
PG_9=0
PG_12=0
FLT_P2=0
FLT_P3=0
HEAT_1_TEMP=32
HEAT_1_DUTY=0
HEAT_2_TEMP=36
HEAT_2_DUTY=0
HEAT_3_TEMP=34
HEAT_3_DUTY=0
HEAT_4_TEMP=34
HEAT_4_DUTY=50

[20:57:27.529 EBOX]
TS=1786203338.955
V_SENSE5=1.1669921875
V_SENSE9=0.07568359375
V_SENSE12=0.12939453125
ADC_V5=4.8675537109375
ADC_V9=8.956298828125
ADC_V12=11.49627685546875
ADC_V28=27.69195556640625
THERMAL_SENS_OUT_1=38
THERMAL_SENS_OUT_2=-50
THERMAL_SENS_OUT_3=32
THERMAL_SENS_OUT_4=35
THERMAL_SENS_OUT_5=39
THERMAL_SENS_OUT_6=-50
THERMAL_SENS_INT_1=27
THERMAL_SENS_INT_2=28
PG_5=0
PG_9=0
PG_12=0
FLT_P2=0
FLT_P3=0
HEAT_1_TEMP=38
HEAT_1_DUTY=0
HEAT_2_TEMP=32
HEAT_2_DUTY=0
HEAT_3_TEMP=35
HEAT_3_DUTY=0
HEAT_4_TEMP=39
HEAT_4_DUTY=50

[20:57:27.995 EBOX]
TS=1786203339.456
V_SENSE5=1.1328125
V_SENSE9=0.03662109375
V_SENSE12=0.126953125
ADC_V5=5.0091552734375
ADC_V9=8.87664794921875
ADC_V12=11.69097900390625
ADC_V28=27.6123046875
THERMAL_SENS_OUT_1=36
THERMAL_SENS_OUT_2=-50
THERMAL_SENS_OUT_3=31
THERMAL_SENS_OUT_4=34
THERMAL_SENS_OUT_5=39
THERMAL_SENS_OUT_6=-50
THERMAL_SENS_INT_1=23
THERMAL_SENS_INT_2=26
PG_5=0
PG_9=0
PG_12=0
FLT_P2=0
FLT_P3=0
HEAT_1_TEMP=36
HEAT_1_DUTY=50
HEAT_2_TEMP=31
HEAT_2_DUTY=0
HEAT_3_TEMP=34
HEAT_3_DUTY=0
HEAT_4_TEMP=39
HEAT_4_DUTY=0

[20:57:28.534 EBOX]
TS=1786203339.957
V_SENSE5=1.142578125
V_SENSE9=0.0341796875
V_SENSE12=0.1318359375
ADC_V5=4.88525390625
ADC_V9=9.10675048828125
ADC_V12=11.6290283203125
ADC_V28=27.39105224609375
THERMAL_SENS_OUT_1=35
THERMAL_SENS_OUT_2=-50
THERMAL_SENS_OUT_3=30
THERMAL_SENS_OUT_4=33
THERMAL_SENS_OUT_5=35
THERMAL_SENS_OUT_6=-50
THERMAL_SENS_INT_1=30
THERMAL_SENS_INT_2=32
PG_5=0
PG_9=0
PG_12=0
FLT_P2=0
FLT_P3=0
HEAT_1_TEMP=35
HEAT_1_DUTY=50
HEAT_2_TEMP=30
HEAT_2_DUTY=0
HEAT_3_TEMP=33
HEAT_3_DUTY=0
HEAT_4_TEMP=35
HEAT_4_DUTY=0

[20:57:28.973 EBOX]
TS=1786203340.457
V_SENSE5=1.181640625
V_SENSE9=0.0341796875
V_SENSE12=0.1171875
ADC_V5=5.08880615234375
ADC_V9=9.1510009765625
ADC_V12=11.76177978515625
ADC_V28=28.0548095703125
THERMAL_SENS_OUT_1=37
THERMAL_SENS_OUT_2=-50
THERMAL_SENS_OUT_3=33
THERMAL_SENS_OUT_4=32
THERMAL_SENS_OUT_5=40
THERMAL_SENS_OUT_6=-50
THERMAL_SENS_INT_1=28
THERMAL_SENS_INT_2=26
PG_5=0
PG_9=0
PG_12=0
FLT_P2=0
FLT_P3=0
HEAT_1_TEMP=37
HEAT_1_DUTY=0
HEAT_2_TEMP=33
HEAT_2_DUTY=50
HEAT_3_TEMP=32
HEAT_3_DUTY=0
HEAT_4_TEMP=40
HEAT_4_DUTY=0

[20:57:29.527 EBOX]
TS=1786203340.960
V_SENSE5=1.23291015625
V_SENSE9=0.0390625
V_SENSE12=0.1123046875
ADC_V5=4.87640380859375
ADC_V9=9.345703125
ADC_V12=11.62017822265625
ADC_V28=27.4530029296875
THERMAL_SENS_OUT_1=37
THERMAL_SENS_OUT_2=-50
THERMAL_SENS_OUT_3=31
THERMAL_SENS_OUT_4=34
THERMAL_SENS_OUT_5=39
THERMAL_SENS_OUT_6=-50
THERMAL_SENS_INT_1=26
THERMAL_SENS_INT_2=31
PG_5=0
PG_9=0
PG_12=0
FLT_P2=0
FLT_P3=0
HEAT_1_TEMP=37
HEAT_1_DUTY=0
HEAT_2_TEMP=31
HEAT_2_DUTY=50
HEAT_3_TEMP=34
HEAT_3_DUTY=0
HEAT_4_TEMP=39
HEAT_4_DUTY=0

[20:57:29.977 EBOX]
TS=1786203341.460
V_SENSE5=1.142578125
V_SENSE9=0.03662109375
V_SENSE12=0.13671875
ADC_V5=4.9560546875
ADC_V9=8.85894775390625
ADC_V12=11.9476318359375
ADC_V28=27.6654052734375
THERMAL_SENS_OUT_1=32
THERMAL_SENS_OUT_2=-50
THERMAL_SENS_OUT_3=32
THERMAL_SENS_OUT_4=35
THERMAL_SENS_OUT_5=34
THERMAL_SENS_OUT_6=-50
THERMAL_SENS_INT_1=25
THERMAL_SENS_INT_2=32
PG_5=0
PG_9=0
PG_12=0
FLT_P2=0
FLT_P3=0
HEAT_1_TEMP=32
HEAT_1_DUTY=0
HEAT_2_TEMP=32
HEAT_2_DUTY=0
HEAT_3_TEMP=35
HEAT_3_DUTY=50
HEAT_4_TEMP=34
HEAT_4_DUTY=0

[20:57:30.544 EBOX]
TS=1786203341.961
V_SENSE5=1.14990234375
V_SENSE9=0.0390625
V_SENSE12=0.11962890625
ADC_V5=4.88525390625
ADC_V9=9.33685302734375
ADC_V12=11.5936279296875
ADC_V28=27.99285888671875
THERMAL_SENS_OUT_1=37
THERMAL_SENS_OUT_2=-50
THERMAL_SENS_OUT_3=34
THERMAL_SENS_OUT_4=31
THERMAL_SENS_OUT_5=36
THERMAL_SENS_OUT_6=-50
THERMAL_SENS_INT_1=29
THERMAL_SENS_INT_2=26
PG_5=0
PG_9=0
PG_12=0
FLT_P2=0
FLT_P3=0
HEAT_1_TEMP=37
HEAT_1_DUTY=0
HEAT_2_TEMP=34
HEAT_2_DUTY=0
HEAT_3_TEMP=31
HEAT_3_DUTY=50
HEAT_4_TEMP=36
HEAT_4_DUTY=0

[20:57:31.031 EBOX]
TS=1786203342.462
V_SENSE5=1.15478515625
V_SENSE9=0.0341796875
V_SENSE12=0.1220703125
ADC_V5=4.92950439453125
ADC_V9=8.73504638671875
ADC_V12=11.90338134765625
ADC_V28=27.33795166015625
THERMAL_SENS_OUT_1=32
THERMAL_SENS_OUT_2=-50
THERMAL_SENS_OUT_3=30
THERMAL_SENS_OUT_4=33
THERMAL_SENS_OUT_5=39
THERMAL_SENS_OUT_6=-50
THERMAL_SENS_INT_1=29
THERMAL_SENS_INT_2=27
PG_5=0
PG_9=0
PG_12=0
FLT_P2=0
FLT_P3=0
HEAT_1_TEMP=32
HEAT_1_DUTY=0
HEAT_2_TEMP=30
HEAT_2_DUTY=0
HEAT_3_TEMP=33
HEAT_3_DUTY=0
HEAT_4_TEMP=39
HEAT_4_DUTY=50

[20:57:31.510 EBOX]
TS=1786203342.976
V_SENSE5=1.064453125
V_SENSE9=0.0341796875
V_SENSE12=0.1318359375
ADC_V5=4.88525390625
ADC_V9=8.8323974609375
ADC_V12=11.54937744140625
ADC_V28=27.74505615234375
THERMAL_SENS_OUT_1=37
THERMAL_SENS_OUT_2=-50
THERMAL_SENS_OUT_3=29
THERMAL_SENS_OUT_4=34
THERMAL_SENS_OUT_5=36
THERMAL_SENS_OUT_6=-50
THERMAL_SENS_INT_1=30
THERMAL_SENS_INT_2=29
PG_5=0
PG_9=0
PG_12=0
FLT_P2=0
FLT_P3=0
HEAT_1_TEMP=37
HEAT_1_DUTY=0
HEAT_2_TEMP=29
HEAT_2_DUTY=0
HEAT_3_TEMP=34
HEAT_3_DUTY=0
HEAT_4_TEMP=36
HEAT_4_DUTY=50

[20:57:31.987 EBOX]
TS=1786203343.474
V_SENSE5=1.0986328125
V_SENSE9=0.0341796875
V_SENSE12=0.1171875
ADC_V5=4.9560546875
ADC_V9=9.07135009765625
ADC_V12=11.42547607421875
ADC_V28=27.67425537109375
THERMAL_SENS_OUT_1=37
THERMAL_SENS_OUT_2=-50
THERMAL_SENS_OUT_3=34
THERMAL_SENS_OUT_4=32
THERMAL_SENS_OUT_5=40
THERMAL_SENS_OUT_6=-50
THERMAL_SENS_INT_1=25
THERMAL_SENS_INT_2=32
PG_5=0
PG_9=0
PG_12=0
FLT_P2=0
FLT_P3=0
HEAT_1_TEMP=37
HEAT_1_DUTY=50
HEAT_2_TEMP=34
HEAT_2_DUTY=0
HEAT_3_TEMP=32
HEAT_3_DUTY=0
HEAT_4_TEMP=40
HEAT_4_DUTY=0

[20:57:32.555 EBOX]
TS=1786203343.974
V_SENSE5=1.07421875
V_SENSE9=0.04150390625
V_SENSE12=0.09765625
ADC_V5=4.92950439453125
ADC_V9=9.14215087890625
ADC_V12=11.82373046875
ADC_V28=28.1610107421875
THERMAL_SENS_OUT_1=34
THERMAL_SENS_OUT_2=-50
THERMAL_SENS_OUT_3=34
THERMAL_SENS_OUT_4=31
THERMAL_SENS_OUT_5=37
THERMAL_SENS_OUT_6=-50
THERMAL_SENS_INT_1=27
THERMAL_SENS_INT_2=26
PG_5=0
PG_9=0
PG_12=0
FLT_P2=0
FLT_P3=0
HEAT_1_TEMP=34
HEAT_1_DUTY=50
HEAT_2_TEMP=34
HEAT_2_DUTY=0
HEAT_3_TEMP=31
HEAT_3_DUTY=0
HEAT_4_TEMP=37
HEAT_4_DUTY=0

[20:57:33.003 EBOX]
TS=1786203344.477
V_SENSE5=1.0693359375
V_SENSE9=0.0390625
V_SENSE12=0.13671875
ADC_V5=4.814453125
ADC_V9=9.168701171875
ADC_V12=11.93878173828125
ADC_V28=27.860107421875
THERMAL_SENS_OUT_1=33
THERMAL_SENS_OUT_2=-50
THERMAL_SENS_OUT_3=31
THERMAL_SENS_OUT_4=33
THERMAL_SENS_OUT_5=35
THERMAL_SENS_OUT_6=-50
THERMAL_SENS_INT_1=30
THERMAL_SENS_INT_2=28
PG_5=0
PG_9=0
PG_12=0
FLT_P2=0
FLT_P3=0
HEAT_1_TEMP=33
HEAT_1_DUTY=0
HEAT_2_TEMP=31
HEAT_2_DUTY=50
HEAT_3_TEMP=33
HEAT_3_DUTY=0
HEAT_4_TEMP=35
HEAT_4_DUTY=0

[20:57:33.570 EBOX]
TS=1786203344.981
V_SENSE5=1.06201171875
V_SENSE9=0.0390625
V_SENSE12=0.10986328125
ADC_V5=4.9737548828125
ADC_V9=9.62005615234375
ADC_V12=11.7352294921875
ADC_V28=27.0635986328125
THERMAL_SENS_OUT_1=33
THERMAL_SENS_OUT_2=-50
THERMAL_SENS_OUT_3=30
THERMAL_SENS_OUT_4=32
THERMAL_SENS_OUT_5=36
THERMAL_SENS_OUT_6=-50
THERMAL_SENS_INT_1=26
THERMAL_SENS_INT_2=28
PG_5=0
PG_9=0
PG_12=0
FLT_P2=0
FLT_P3=0
HEAT_1_TEMP=33
HEAT_1_DUTY=0
HEAT_2_TEMP=30
HEAT_2_DUTY=50
HEAT_3_TEMP=32
HEAT_3_DUTY=0
HEAT_4_TEMP=36
HEAT_4_DUTY=0

[20:57:34.011 EBOX]
TS=1786203345.481
V_SENSE5=1.03759765625
V_SENSE9=0.03173828125
V_SENSE12=0.1171875
ADC_V5=5.01800537109375
ADC_V9=9.239501953125
ADC_V12=11.72637939453125
ADC_V28=27.53265380859375
THERMAL_SENS_OUT_1=33
THERMAL_SENS_OUT_2=-50
THERMAL_SENS_OUT_3=30
THERMAL_SENS_OUT_4=32
THERMAL_SENS_OUT_5=36
THERMAL_SENS_OUT_6=-50
THERMAL_SENS_INT_1=29
THERMAL_SENS_INT_2=26
PG_5=0
PG_9=0
PG_12=0
FLT_P2=0
FLT_P3=0
HEAT_1_TEMP=33
HEAT_1_DUTY=0
HEAT_2_TEMP=30
HEAT_2_DUTY=0
HEAT_3_TEMP=32
HEAT_3_DUTY=50
HEAT_4_TEMP=36
HEAT_4_DUTY=0

[20:57:34.567 EBOX]
TS=1786203345.982
V_SENSE5=1.06201171875
V_SENSE9=0.0390625
V_SENSE12=0.1123046875
ADC_V5=5.01800537109375
ADC_V9=9.0093994140625
ADC_V12=11.4520263671875
ADC_V28=28.001708984375
THERMAL_SENS_OUT_1=35
THERMAL_SENS_OUT_2=-50
THERMAL_SENS_OUT_3=30
THERMAL_SENS_OUT_4=33
THERMAL_SENS_OUT_5=36
THERMAL_SENS_OUT_6=-50
THERMAL_SENS_INT_1=25
THERMAL_SENS_INT_2=32
PG_5=0
PG_9=0
PG_12=0
FLT_P2=0
FLT_P3=0
HEAT_1_TEMP=35
HEAT_1_DUTY=0
HEAT_2_TEMP=30
HEAT_2_DUTY=0
HEAT_3_TEMP=33
HEAT_3_DUTY=50
HEAT_4_TEMP=36
HEAT_4_DUTY=0

[20:57:35.042 EBOX]
TS=1786203346.475
V_SENSE5=1.171875
V_SENSE9=0.0341796875
V_SENSE12=0.15380859375
ADC_V5=4.991455078125
ADC_V9=9.05364990234375
ADC_V12=11.51397705078125
ADC_V28=28.1256103515625
THERMAL_SENS_OUT_1=33
THERMAL_SENS_OUT_2=-50
THERMAL_SENS_OUT_3=34
THERMAL_SENS_OUT_4=37
THERMAL_SENS_OUT_5=40
THERMAL_SENS_OUT_6=-50
THERMAL_SENS_INT_1=30
THERMAL_SENS_INT_2=31
PG_5=0
PG_9=0
PG_12=0
FLT_P2=0
FLT_P3=0
HEAT_1_TEMP=33
HEAT_1_DUTY=0
HEAT_2_TEMP=34
HEAT_2_DUTY=0
HEAT_3_TEMP=37
HEAT_3_DUTY=0
HEAT_4_TEMP=40
HEAT_4_DUTY=50

[20:57:35.528 EBOX]
TS=1786203346.976
V_SENSE5=1.20849609375
V_SENSE9=0.0390625
V_SENSE12=0.1318359375
ADC_V5=4.89410400390625
ADC_V9=9.51385498046875
ADC_V12=11.7706298828125
ADC_V28=27.49725341796875
THERMAL_SENS_OUT_1=36
THERMAL_SENS_OUT_2=-50
THERMAL_SENS_OUT_3=33
THERMAL_SENS_OUT_4=32
THERMAL_SENS_OUT_5=39
THERMAL_SENS_OUT_6=-50
THERMAL_SENS_INT_1=30
THERMAL_SENS_INT_2=29
PG_5=0
PG_9=0
PG_12=0
FLT_P2=0
FLT_P3=0
HEAT_1_TEMP=36
HEAT_1_DUTY=0
HEAT_2_TEMP=33
HEAT_2_DUTY=0
HEAT_3_TEMP=32
HEAT_3_DUTY=0
HEAT_4_TEMP=39
HEAT_4_DUTY=50

[20:57:35.984 EBOX]
TS=1786203347.477
V_SENSE5=1.22802734375
V_SENSE9=0.0341796875
V_SENSE12=0.11962890625
ADC_V5=4.991455078125
ADC_V9=9.05364990234375
ADC_V12=11.8768310546875
ADC_V28=27.25830078125
THERMAL_SENS_OUT_1=33
THERMAL_SENS_OUT_2=-50
THERMAL_SENS_OUT_3=32
THERMAL_SENS_OUT_4=34
THERMAL_SENS_OUT_5=34
THERMAL_SENS_OUT_6=-50
THERMAL_SENS_INT_1=24
THERMAL_SENS_INT_2=30
PG_5=0
PG_9=0
PG_12=0
FLT_P2=0
FLT_P3=0
HEAT_1_TEMP=33
HEAT_1_DUTY=50
HEAT_2_TEMP=32
HEAT_2_DUTY=0
HEAT_3_TEMP=34
HEAT_3_DUTY=0
HEAT_4_TEMP=34
HEAT_4_DUTY=0

[20:57:36.547 EBOX]
TS=1786203347.977
V_SENSE5=1.16943359375
V_SENSE9=0.0390625
V_SENSE12=0.15380859375
ADC_V5=4.9029541015625
ADC_V9=9.3988037109375
ADC_V12=11.67327880859375
ADC_V28=27.5946044921875
THERMAL_SENS_OUT_1=33
THERMAL_SENS_OUT_2=-50
THERMAL_SENS_OUT_3=37
THERMAL_SENS_OUT_4=32
THERMAL_SENS_OUT_5=39
THERMAL_SENS_OUT_6=-50
THERMAL_SENS_INT_1=30
THERMAL_SENS_INT_2=28
PG_5=0
PG_9=0
PG_12=0
FLT_P2=0
FLT_P3=0
HEAT_1_TEMP=33
HEAT_1_DUTY=50
HEAT_2_TEMP=37
HEAT_2_DUTY=0
HEAT_3_TEMP=32
HEAT_3_DUTY=0
HEAT_4_TEMP=39
HEAT_4_DUTY=0

[20:57:37.019 EBOX]
TS=1786203348.479
V_SENSE5=1.15966796875
V_SENSE9=0.03662109375
V_SENSE12=0.126953125
ADC_V5=4.920654296875
ADC_V9=9.168701171875
ADC_V12=11.89453125
ADC_V28=27.24945068359375
THERMAL_SENS_OUT_1=33
THERMAL_SENS_OUT_2=-50
THERMAL_SENS_OUT_3=32
THERMAL_SENS_OUT_4=36
THERMAL_SENS_OUT_5=35
THERMAL_SENS_OUT_6=-50
THERMAL_SENS_INT_1=26
THERMAL_SENS_INT_2=26
PG_5=0
PG_9=0
PG_12=0
FLT_P2=0
FLT_P3=0
HEAT_1_TEMP=33
HEAT_1_DUTY=0
HEAT_2_TEMP=32
HEAT_2_DUTY=50
HEAT_3_TEMP=36
HEAT_3_DUTY=0
HEAT_4_TEMP=35
HEAT_4_DUTY=0

[20:57:37.588 EBOX]
TS=1786203348.980
V_SENSE5=1.1572265625
V_SENSE9=0.03662109375
V_SENSE12=0.1171875
ADC_V5=4.991455078125
ADC_V9=9.1864013671875
ADC_V12=11.93878173828125
ADC_V28=27.51495361328125
THERMAL_SENS_OUT_1=32
THERMAL_SENS_OUT_2=-50
THERMAL_SENS_OUT_3=34
THERMAL_SENS_OUT_4=31
THERMAL_SENS_OUT_5=37
THERMAL_SENS_OUT_6=-50
THERMAL_SENS_INT_1=27
THERMAL_SENS_INT_2=26
PG_5=0
PG_9=0
PG_12=0
FLT_P2=0
FLT_P3=0
HEAT_1_TEMP=32
HEAT_1_DUTY=0
HEAT_2_TEMP=34
HEAT_2_DUTY=50
HEAT_3_TEMP=31
HEAT_3_DUTY=0
HEAT_4_TEMP=37
HEAT_4_DUTY=0

[20:57:38.031 EBOX]
TS=1786203349.481
V_SENSE5=1.0986328125
V_SENSE9=0.0341796875
V_SENSE12=0.1318359375
ADC_V5=4.94720458984375
ADC_V9=8.743896484375
ADC_V12=11.859130859375
ADC_V28=28.10791015625
THERMAL_SENS_OUT_1=34
THERMAL_SENS_OUT_2=-50
THERMAL_SENS_OUT_3=35
THERMAL_SENS_OUT_4=32
THERMAL_SENS_OUT_5=39
THERMAL_SENS_OUT_6=-50
THERMAL_SENS_INT_1=28
THERMAL_SENS_INT_2=26
PG_5=0
PG_9=0
PG_12=0
FLT_P2=0
FLT_P3=0
HEAT_1_TEMP=34
HEAT_1_DUTY=0
HEAT_2_TEMP=35
HEAT_2_DUTY=0
HEAT_3_TEMP=32
HEAT_3_DUTY=50
HEAT_4_TEMP=39
HEAT_4_DUTY=0

[20:57:38.476 EBOX]
TS=1786203349.982
V_SENSE5=1.15478515625
V_SENSE9=0.0341796875
V_SENSE12=0.12939453125
ADC_V5=4.849853515625
ADC_V9=9.23065185546875
ADC_V12=11.53167724609375
ADC_V28=27.54150390625
THERMAL_SENS_OUT_1=34
THERMAL_SENS_OUT_2=-50
THERMAL_SENS_OUT_3=31
THERMAL_SENS_OUT_4=32
THERMAL_SENS_OUT_5=39
THERMAL_SENS_OUT_6=-50
THERMAL_SENS_INT_1=30
THERMAL_SENS_INT_2=28
PG_5=0
PG_9=0
PG_12=0
FLT_P2=0
FLT_P3=0
HEAT_1_TEMP=34
HEAT_1_DUTY=0
HEAT_2_TEMP=31
HEAT_2_DUTY=0
HEAT_3_TEMP=32
HEAT_3_DUTY=0
HEAT_4_TEMP=39
HEAT_4_DUTY=50

[20:57:39.018 EBOX]
TS=1786203350.488
V_SENSE5=1.064453125
V_SENSE9=0.11474609375
V_SENSE12=0.1220703125
ADC_V5=5.0091552734375
ADC_V9=9.33685302734375
ADC_V12=11.92108154296875
ADC_V28=28.072509765625
THERMAL_SENS_OUT_1=32
THERMAL_SENS_OUT_2=-50
THERMAL_SENS_OUT_3=30
THERMAL_SENS_OUT_4=31
THERMAL_SENS_OUT_5=34
THERMAL_SENS_OUT_6=-50
THERMAL_SENS_INT_1=25
THERMAL_SENS_INT_2=28
PG_5=0
PG_9=0
PG_12=0
FLT_P2=0
FLT_P3=0
HEAT_1_TEMP=32
HEAT_1_DUTY=0
HEAT_2_TEMP=30
HEAT_2_DUTY=0
HEAT_3_TEMP=31
HEAT_3_DUTY=0
HEAT_4_TEMP=34
HEAT_4_DUTY=50

[20:57:39.565 EBOX]
TS=1786203350.993
V_SENSE5=1.0498046875
V_SENSE9=0.04150390625
V_SENSE12=0.12939453125
ADC_V5=5.08880615234375
ADC_V9=9.2041015625
ADC_V12=11.90338134765625
ADC_V28=27.40875244140625
THERMAL_SENS_OUT_1=38
THERMAL_SENS_OUT_2=-50
THERMAL_SENS_OUT_3=33
THERMAL_SENS_OUT_4=31
THERMAL_SENS_OUT_5=38
THERMAL_SENS_OUT_6=-50
THERMAL_SENS_INT_1=30
THERMAL_SENS_INT_2=27
PG_5=0
PG_9=0
PG_12=0
FLT_P2=0
FLT_P3=0
HEAT_1_TEMP=38
HEAT_1_DUTY=50
HEAT_2_TEMP=33
HEAT_2_DUTY=0
HEAT_3_TEMP=31
HEAT_3_DUTY=0
HEAT_4_TEMP=38
HEAT_4_DUTY=0

[20:57:40.008 EBOX]
TS=1786203351.497
V_SENSE5=1.015625
V_SENSE9=0.03662109375
V_SENSE12=0.13671875
ADC_V5=4.82330322265625
ADC_V9=9.31915283203125
ADC_V12=11.86798095703125
ADC_V28=27.470703125
THERMAL_SENS_OUT_1=32
THERMAL_SENS_OUT_2=-50
THERMAL_SENS_OUT_3=32
THERMAL_SENS_OUT_4=37
THERMAL_SENS_OUT_5=37
THERMAL_SENS_OUT_6=-50
THERMAL_SENS_INT_1=24
THERMAL_SENS_INT_2=28
PG_5=0
PG_9=0
PG_12=0
FLT_P2=0
FLT_P3=0
HEAT_1_TEMP=32
HEAT_1_DUTY=50
HEAT_2_TEMP=32
HEAT_2_DUTY=0
HEAT_3_TEMP=37
HEAT_3_DUTY=0
HEAT_4_TEMP=37
HEAT_4_DUTY=0

[20:57:40.547 EBOX]
TS=1786203351.998
V_SENSE5=1.07666015625
V_SENSE9=0.0341796875
V_SENSE12=0.1171875
ADC_V5=4.91180419921875
ADC_V9=8.673095703125
ADC_V12=11.95648193359375
ADC_V28=27.8424072265625
THERMAL_SENS_OUT_1=36
THERMAL_SENS_OUT_2=-50
THERMAL_SENS_OUT_3=32
THERMAL_SENS_OUT_4=38
THERMAL_SENS_OUT_5=40
THERMAL_SENS_OUT_6=-50
THERMAL_SENS_INT_1=30
THERMAL_SENS_INT_2=26
PG_5=0
PG_9=0
PG_12=0
FLT_P2=0
FLT_P3=0
HEAT_1_TEMP=36
HEAT_1_DUTY=0
HEAT_2_TEMP=32
HEAT_2_DUTY=50
HEAT_3_TEMP=38
HEAT_3_DUTY=0
HEAT_4_TEMP=40
HEAT_4_DUTY=0

[20:57:40.990 EBOX]
TS=1786203352.491
V_SENSE5=1.1474609375
V_SENSE9=0.0341796875
V_SENSE12=0.126953125
ADC_V5=4.9029541015625
ADC_V9=9.21295166015625
ADC_V12=11.70867919921875
ADC_V28=28.037109375
THERMAL_SENS_OUT_1=32
THERMAL_SENS_OUT_2=-50
THERMAL_SENS_OUT_3=31
THERMAL_SENS_OUT_4=35
THERMAL_SENS_OUT_5=39
THERMAL_SENS_OUT_6=-50
THERMAL_SENS_INT_1=25
THERMAL_SENS_INT_2=29
PG_5=0
PG_9=0
PG_12=0
FLT_P2=0
FLT_P3=0
HEAT_1_TEMP=32
HEAT_1_DUTY=0
HEAT_2_TEMP=31
HEAT_2_DUTY=50
HEAT_3_TEMP=35
HEAT_3_DUTY=0
HEAT_4_TEMP=39
HEAT_4_DUTY=0

[20:57:41.549 EBOX]
TS=1786203352.991
V_SENSE5=1.19873046875
V_SENSE9=0.03662109375
V_SENSE12=0.1220703125
ADC_V5=5.07110595703125
ADC_V9=9.381103515625
ADC_V12=11.7352294921875
ADC_V28=28.0902099609375
THERMAL_SENS_OUT_1=34
THERMAL_SENS_OUT_2=-50
THERMAL_SENS_OUT_3=35
THERMAL_SENS_OUT_4=31
THERMAL_SENS_OUT_5=38
THERMAL_SENS_OUT_6=-50
THERMAL_SENS_INT_1=27
THERMAL_SENS_INT_2=26
PG_5=0
PG_9=0
PG_12=0
FLT_P2=0
FLT_P3=0
HEAT_1_TEMP=34
HEAT_1_DUTY=0
HEAT_2_TEMP=35
HEAT_2_DUTY=0
HEAT_3_TEMP=31
HEAT_3_DUTY=50
HEAT_4_TEMP=38
HEAT_4_DUTY=0

[20:57:42.016 EBOX]
TS=1786203353.493
V_SENSE5=1.14013671875
V_SENSE9=0.03662109375
V_SENSE12=0.1416015625
ADC_V5=4.9737548828125
ADC_V9=9.42535400390625
ADC_V12=11.89453125
ADC_V28=28.11676025390625
THERMAL_SENS_OUT_1=34
THERMAL_SENS_OUT_2=-50
THERMAL_SENS_OUT_3=31
THERMAL_SENS_OUT_4=33
THERMAL_SENS_OUT_5=38
THERMAL_SENS_OUT_6=-50
THERMAL_SENS_INT_1=29
THERMAL_SENS_INT_2=28
PG_5=0
PG_9=0
PG_12=0
FLT_P2=0
FLT_P3=0
HEAT_1_TEMP=34
HEAT_1_DUTY=0
HEAT_2_TEMP=31
HEAT_2_DUTY=0
HEAT_3_TEMP=33
HEAT_3_DUTY=50
HEAT_4_TEMP=38
HEAT_4_DUTY=0

[20:57:42.553 EBOX]
TS=1786203353.994
V_SENSE5=1.2109375
V_SENSE9=0.0341796875
V_SENSE12=0.11962890625
ADC_V5=4.94720458984375
ADC_V9=8.885498046875
ADC_V12=11.90338134765625
ADC_V28=27.293701171875
THERMAL_SENS_OUT_1=32
THERMAL_SENS_OUT_2=-50
THERMAL_SENS_OUT_3=31
THERMAL_SENS_OUT_4=35
THERMAL_SENS_OUT_5=34
THERMAL_SENS_OUT_6=-50
THERMAL_SENS_INT_1=27
THERMAL_SENS_INT_2=27
PG_5=0
PG_9=0
PG_12=0
FLT_P2=0
FLT_P3=0
HEAT_1_TEMP=32
HEAT_1_DUTY=0
HEAT_2_TEMP=31
HEAT_2_DUTY=0
HEAT_3_TEMP=35
HEAT_3_DUTY=0
HEAT_4_TEMP=34
HEAT_4_DUTY=50

[20:57:43.007 EBOX]
TS=1786203354.511
V_SENSE5=1.09130859375
V_SENSE9=0.0341796875
V_SENSE12=0.15380859375
ADC_V5=4.91180419921875
ADC_V9=9.01824951171875
ADC_V12=12.02728271484375
ADC_V28=28.10791015625
THERMAL_SENS_OUT_1=38
THERMAL_SENS_OUT_2=-50
THERMAL_SENS_OUT_3=35
THERMAL_SENS_OUT_4=37
THERMAL_SENS_OUT_5=40
THERMAL_SENS_OUT_6=-50
THERMAL_SENS_INT_1=26
THERMAL_SENS_INT_2=26
PG_5=0
PG_9=0
PG_12=0
FLT_P2=0
FLT_P3=0
HEAT_1_TEMP=38
HEAT_1_DUTY=0
HEAT_2_TEMP=35
HEAT_2_DUTY=0
HEAT_3_TEMP=37
HEAT_3_DUTY=0
HEAT_4_TEMP=40
HEAT_4_DUTY=50

[20:57:43.542 EBOX]
TS=1786203355.003
V_SENSE5=1.0986328125
V_SENSE9=0.0390625
V_SENSE12=0.15380859375
ADC_V5=4.920654296875
ADC_V9=8.99169921875
ADC_V12=11.4874267578125
ADC_V28=27.74505615234375
THERMAL_SENS_OUT_1=35
THERMAL_SENS_OUT_2=-50
THERMAL_SENS_OUT_3=32
THERMAL_SENS_OUT_4=31
THERMAL_SENS_OUT_5=34
THERMAL_SENS_OUT_6=-50
THERMAL_SENS_INT_1=30
THERMAL_SENS_INT_2=27
PG_5=0
PG_9=0
PG_12=0
FLT_P2=0
FLT_P3=0
HEAT_1_TEMP=35
HEAT_1_DUTY=50
HEAT_2_TEMP=32
HEAT_2_DUTY=0
HEAT_3_TEMP=31
HEAT_3_DUTY=0
HEAT_4_TEMP=34
HEAT_4_DUTY=0

[20:57:44.097 EBOX]
TS=1786203355.503
V_SENSE5=1.05224609375
V_SENSE9=0.0390625
V_SENSE12=0.12939453125
ADC_V5=4.9560546875
ADC_V9=9.05364990234375
ADC_V12=11.4697265625
ADC_V28=27.39105224609375
THERMAL_SENS_OUT_1=34
THERMAL_SENS_OUT_2=-50
THERMAL_SENS_OUT_3=33
THERMAL_SENS_OUT_4=33
THERMAL_SENS_OUT_5=37
THERMAL_SENS_OUT_6=-50
THERMAL_SENS_INT_1=25
THERMAL_SENS_INT_2=27
PG_5=0
PG_9=0
PG_12=0
FLT_P2=0
FLT_P3=0
HEAT_1_TEMP=34
HEAT_1_DUTY=50
HEAT_2_TEMP=33
HEAT_2_DUTY=0
HEAT_3_TEMP=33
HEAT_3_DUTY=0
HEAT_4_TEMP=37
HEAT_4_DUTY=0

[20:57:44.564 EBOX]
TS=1786203356.009
V_SENSE5=1.09375
V_SENSE9=0.0390625
V_SENSE12=0.12451171875
ADC_V5=4.9383544921875
ADC_V9=9.38995361328125
ADC_V12=11.4520263671875
ADC_V28=27.54150390625
THERMAL_SENS_OUT_1=38
THERMAL_SENS_OUT_2=-50
THERMAL_SENS_OUT_3=30
THERMAL_SENS_OUT_4=32
THERMAL_SENS_OUT_5=37
THERMAL_SENS_OUT_6=-50
THERMAL_SENS_INT_1=25
THERMAL_SENS_INT_2=27
PG_5=0
PG_9=0
PG_12=0
FLT_P2=0
FLT_P3=0
HEAT_1_TEMP=38
HEAT_1_DUTY=0
HEAT_2_TEMP=30
HEAT_2_DUTY=50
HEAT_3_TEMP=32
HEAT_3_DUTY=0
HEAT_4_TEMP=37
HEAT_4_DUTY=0

[20:57:45.015 EBOX]
TS=1786203356.510
V_SENSE5=1.044921875
V_SENSE9=0.07568359375
V_SENSE12=0.1123046875
ADC_V5=4.88525390625
ADC_V9=9.37225341796875
ADC_V12=11.7706298828125
ADC_V28=27.05474853515625
THERMAL_SENS_OUT_1=38
THERMAL_SENS_OUT_2=-50
THERMAL_SENS_OUT_3=34
THERMAL_SENS_OUT_4=31
THERMAL_SENS_OUT_5=39
THERMAL_SENS_OUT_6=-50
THERMAL_SENS_INT_1=26
THERMAL_SENS_INT_2=25
PG_5=0
PG_9=0
PG_12=0
FLT_P2=0
FLT_P3=0
HEAT_1_TEMP=38
HEAT_1_DUTY=0
HEAT_2_TEMP=34
HEAT_2_DUTY=50
HEAT_3_TEMP=31
HEAT_3_DUTY=0
HEAT_4_TEMP=39
HEAT_4_DUTY=0

[20:57:45.570 EBOX]
TS=1786203357.012
V_SENSE5=1.0791015625
V_SENSE9=0.0341796875
V_SENSE12=0.1220703125
ADC_V5=4.94720458984375
ADC_V9=8.84124755859375
ADC_V12=11.89453125
ADC_V28=27.6123046875
THERMAL_SENS_OUT_1=32
THERMAL_SENS_OUT_2=-50
THERMAL_SENS_OUT_3=35
THERMAL_SENS_OUT_4=37
THERMAL_SENS_OUT_5=34
THERMAL_SENS_OUT_6=-50
THERMAL_SENS_INT_1=23
THERMAL_SENS_INT_2=27
PG_5=0
PG_9=0
PG_12=0
FLT_P2=0
FLT_P3=0
HEAT_1_TEMP=32
HEAT_1_DUTY=0
HEAT_2_TEMP=35
HEAT_2_DUTY=0
HEAT_3_TEMP=37
HEAT_3_DUTY=50
HEAT_4_TEMP=34
HEAT_4_DUTY=0

[20:57:46.039 EBOX]
TS=1786203357.513
V_SENSE5=1.16943359375
V_SENSE9=0.03662109375
V_SENSE12=0.1220703125
ADC_V5=5.01800537109375
ADC_V9=9.593505859375
ADC_V12=11.72637939453125
ADC_V28=27.17864990234375
THERMAL_SENS_OUT_1=35
THERMAL_SENS_OUT_2=-50
THERMAL_SENS_OUT_3=37
THERMAL_SENS_OUT_4=31
THERMAL_SENS_OUT_5=34
THERMAL_SENS_OUT_6=-50
THERMAL_SENS_INT_1=31
THERMAL_SENS_INT_2=29
PG_5=0
PG_9=0
PG_12=0
FLT_P2=0
FLT_P3=0
HEAT_1_TEMP=35
HEAT_1_DUTY=0
HEAT_2_TEMP=37
HEAT_2_DUTY=0
HEAT_3_TEMP=31
HEAT_3_DUTY=50
HEAT_4_TEMP=34
HEAT_4_DUTY=0

[20:57:46.585 EBOX]
TS=1786203358.006
V_SENSE5=1.13525390625
V_SENSE9=0.0341796875
V_SENSE12=0.12939453125
ADC_V5=5.00030517578125
ADC_V9=9.14215087890625
ADC_V12=11.8414306640625
ADC_V28=27.83355712890625
THERMAL_SENS_OUT_1=36
THERMAL_SENS_OUT_2=-50
THERMAL_SENS_OUT_3=31
THERMAL_SENS_OUT_4=33
THERMAL_SENS_OUT_5=39
THERMAL_SENS_OUT_6=-50
THERMAL_SENS_INT_1=24
THERMAL_SENS_INT_2=30
PG_5=0
PG_9=0
PG_12=0
FLT_P2=0
FLT_P3=0
HEAT_1_TEMP=36
HEAT_1_DUTY=0
HEAT_2_TEMP=31
HEAT_2_DUTY=0
HEAT_3_TEMP=33
HEAT_3_DUTY=0
HEAT_4_TEMP=39
HEAT_4_DUTY=50

[20:57:47.042 EBOX]
TS=1786203358.507
V_SENSE5=1.103515625
V_SENSE9=0.03662109375
V_SENSE12=0.1220703125
ADC_V5=4.9029541015625
ADC_V9=9.2218017578125
ADC_V12=11.8060302734375
ADC_V28=27.9840087890625
THERMAL_SENS_OUT_1=33
THERMAL_SENS_OUT_2=-50
THERMAL_SENS_OUT_3=33
THERMAL_SENS_OUT_4=34
THERMAL_SENS_OUT_5=34
THERMAL_SENS_OUT_6=-50
THERMAL_SENS_INT_1=23
THERMAL_SENS_INT_2=28
PG_5=0
PG_9=0
PG_12=0
FLT_P2=0
FLT_P3=0
HEAT_1_TEMP=33
HEAT_1_DUTY=0
HEAT_2_TEMP=33
HEAT_2_DUTY=0
HEAT_3_TEMP=34
HEAT_3_DUTY=0
HEAT_4_TEMP=34
HEAT_4_DUTY=50

[20:57:47.587 EBOX]
TS=1786203359.008
V_SENSE5=1.16455078125
V_SENSE9=0.03662109375
V_SENSE12=0.13916015625
ADC_V5=4.84100341796875
ADC_V9=9.17755126953125
ADC_V12=11.929931640625
ADC_V28=27.65655517578125
THERMAL_SENS_OUT_1=33
THERMAL_SENS_OUT_2=-50
THERMAL_SENS_OUT_3=31
THERMAL_SENS_OUT_4=32
THERMAL_SENS_OUT_5=35
THERMAL_SENS_OUT_6=-50
THERMAL_SENS_INT_1=29
THERMAL_SENS_INT_2=26
PG_5=0
PG_9=0
PG_12=0
FLT_P2=0
FLT_P3=0
HEAT_1_TEMP=33
HEAT_1_DUTY=50
HEAT_2_TEMP=31
HEAT_2_DUTY=0
HEAT_3_TEMP=32
HEAT_3_DUTY=0
HEAT_4_TEMP=35
HEAT_4_DUTY=0

[20:57:48.034 EBOX]
TS=1786203359.508
V_SENSE5=1.15234375
V_SENSE9=0.0390625
V_SENSE12=0.1318359375
ADC_V5=4.98260498046875
ADC_V9=9.2041015625
ADC_V12=11.74407958984375
ADC_V28=27.4530029296875
THERMAL_SENS_OUT_1=33
THERMAL_SENS_OUT_2=-50
THERMAL_SENS_OUT_3=30
THERMAL_SENS_OUT_4=34
THERMAL_SENS_OUT_5=35
THERMAL_SENS_OUT_6=-50
THERMAL_SENS_INT_1=30
THERMAL_SENS_INT_2=28
PG_5=0
PG_9=0
PG_12=0
FLT_P2=0
FLT_P3=0
HEAT_1_TEMP=33
HEAT_1_DUTY=50
HEAT_2_TEMP=30
HEAT_2_DUTY=0
HEAT_3_TEMP=34
HEAT_3_DUTY=0
HEAT_4_TEMP=35
HEAT_4_DUTY=0

[20:57:48.582 EBOX]
TS=1786203360.014
V_SENSE5=1.0205078125
V_SENSE9=0.0390625
V_SENSE12=0.19287109375
ADC_V5=5.08880615234375
ADC_V9=9.05364990234375
ADC_V12=11.6290283203125
ADC_V28=28.10791015625
THERMAL_SENS_OUT_1=32
THERMAL_SENS_OUT_2=-50
THERMAL_SENS_OUT_3=34
THERMAL_SENS_OUT_4=35
THERMAL_SENS_OUT_5=39
THERMAL_SENS_OUT_6=-50
THERMAL_SENS_INT_1=25
THERMAL_SENS_INT_2=27
PG_5=0
PG_9=0
PG_12=0
FLT_P2=0
FLT_P3=0
HEAT_1_TEMP=32
HEAT_1_DUTY=0
HEAT_2_TEMP=34
HEAT_2_DUTY=50
HEAT_3_TEMP=35
HEAT_3_DUTY=0
HEAT_4_TEMP=39
HEAT_4_DUTY=0

[20:57:49.027 EBOX]
TS=1786203360.518
V_SENSE5=1.07421875
V_SENSE9=0.07568359375
V_SENSE12=0.1025390625
ADC_V5=4.8321533203125
ADC_V9=9.08905029296875
ADC_V12=11.9122314453125
ADC_V28=26.97509765625
THERMAL_SENS_OUT_1=34
THERMAL_SENS_OUT_2=-50
THERMAL_SENS_OUT_3=30
THERMAL_SENS_OUT_4=31
THERMAL_SENS_OUT_5=40
THERMAL_SENS_OUT_6=-50
THERMAL_SENS_INT_1=25
THERMAL_SENS_INT_2=32
PG_5=0
PG_9=0
PG_12=0
FLT_P2=0
FLT_P3=0
HEAT_1_TEMP=34
HEAT_1_DUTY=0
HEAT_2_TEMP=30
HEAT_2_DUTY=50
HEAT_3_TEMP=31
HEAT_3_DUTY=0
HEAT_4_TEMP=40
HEAT_4_DUTY=0

[20:57:49.572 EBOX]
TS=1786203361.013
V_SENSE5=1.18896484375
V_SENSE9=0.0341796875
V_SENSE12=0.126953125
ADC_V5=4.9560546875
ADC_V9=9.1510009765625
ADC_V12=11.67327880859375
ADC_V28=28.08135986328125
THERMAL_SENS_OUT_1=36
THERMAL_SENS_OUT_2=-50
THERMAL_SENS_OUT_3=35
THERMAL_SENS_OUT_4=32
THERMAL_SENS_OUT_5=40
THERMAL_SENS_OUT_6=-50
THERMAL_SENS_INT_1=29
THERMAL_SENS_INT_2=28
PG_5=0
PG_9=0
PG_12=0
FLT_P2=0
FLT_P3=0
HEAT_1_TEMP=36
HEAT_1_DUTY=0
HEAT_2_TEMP=35
HEAT_2_DUTY=0
HEAT_3_TEMP=32
HEAT_3_DUTY=50
HEAT_4_TEMP=40
HEAT_4_DUTY=0

[20:57:50.032 EBOX]
TS=1786203361.514
V_SENSE5=1.14990234375
V_SENSE9=0.0341796875
V_SENSE12=0.107421875
ADC_V5=5.0091552734375
ADC_V9=8.99169921875
ADC_V12=11.859130859375
ADC_V28=27.2760009765625
THERMAL_SENS_OUT_1=34
THERMAL_SENS_OUT_2=-50
THERMAL_SENS_OUT_3=32
THERMAL_SENS_OUT_4=36
THERMAL_SENS_OUT_5=36
THERMAL_SENS_OUT_6=-50
THERMAL_SENS_INT_1=27
THERMAL_SENS_INT_2=29
PG_5=0
PG_9=0
PG_12=0
FLT_P2=0
FLT_P3=0
HEAT_1_TEMP=34
HEAT_1_DUTY=0
HEAT_2_TEMP=32
HEAT_2_DUTY=0
HEAT_3_TEMP=36
HEAT_3_DUTY=50
HEAT_4_TEMP=36
HEAT_4_DUTY=0

[20:57:50.570 EBOX]
TS=1786203362.015
V_SENSE5=1.14013671875
V_SENSE9=0.03662109375
V_SENSE12=0.1220703125
ADC_V5=4.84100341796875
ADC_V9=9.41650390625
ADC_V12=11.646728515625
ADC_V28=28.02825927734375
THERMAL_SENS_OUT_1=37
THERMAL_SENS_OUT_2=-50
THERMAL_SENS_OUT_3=35
THERMAL_SENS_OUT_4=33
THERMAL_SENS_OUT_5=40
THERMAL_SENS_OUT_6=-50
THERMAL_SENS_INT_1=28
THERMAL_SENS_INT_2=27
PG_5=0
PG_9=0
PG_12=0
FLT_P2=0
FLT_P3=0
HEAT_1_TEMP=37
HEAT_1_DUTY=0
HEAT_2_TEMP=35
HEAT_2_DUTY=0
HEAT_3_TEMP=33
HEAT_3_DUTY=0
HEAT_4_TEMP=40
HEAT_4_DUTY=50

[20:57:51.006 EBOX]
TS=1786203362.516
V_SENSE5=1.1181640625
V_SENSE9=0.0341796875
V_SENSE12=0.09765625
ADC_V5=4.96490478515625
ADC_V9=9.00054931640625
ADC_V12=11.70867919921875
ADC_V28=27.42645263671875
THERMAL_SENS_OUT_1=34
THERMAL_SENS_OUT_2=-50
THERMAL_SENS_OUT_3=32
THERMAL_SENS_OUT_4=32
THERMAL_SENS_OUT_5=39
THERMAL_SENS_OUT_6=-50
THERMAL_SENS_INT_1=26
THERMAL_SENS_INT_2=27
PG_5=0
PG_9=0
PG_12=0
FLT_P2=0
FLT_P3=0
HEAT_1_TEMP=34
HEAT_1_DUTY=0
HEAT_2_TEMP=32
HEAT_2_DUTY=0
HEAT_3_TEMP=32
HEAT_3_DUTY=0
HEAT_4_TEMP=39
HEAT_4_DUTY=50

[20:57:51.573 EBOX]
TS=1786203363.027
V_SENSE5=1.06689453125
V_SENSE9=0.03662109375
V_SENSE12=0.1318359375
ADC_V5=4.9560546875
ADC_V9=9.2041015625
ADC_V12=11.90338134765625
ADC_V28=27.82470703125
THERMAL_SENS_OUT_1=35
THERMAL_SENS_OUT_2=-50
THERMAL_SENS_OUT_3=36
THERMAL_SENS_OUT_4=32
THERMAL_SENS_OUT_5=36
THERMAL_SENS_OUT_6=-50
THERMAL_SENS_INT_1=24
THERMAL_SENS_INT_2=27
PG_5=0
PG_9=0
PG_12=0
FLT_P2=0
FLT_P3=0
HEAT_1_TEMP=35
HEAT_1_DUTY=50
HEAT_2_TEMP=36
HEAT_2_DUTY=0
HEAT_3_TEMP=32
HEAT_3_DUTY=0
HEAT_4_TEMP=36
HEAT_4_DUTY=0

[20:57:52.012 EBOX]
TS=1786203363.527
V_SENSE5=1.0400390625
V_SENSE9=0.03662109375
V_SENSE12=0.19287109375
ADC_V5=4.814453125
ADC_V9=9.30145263671875
ADC_V12=11.859130859375
ADC_V28=27.00164794921875
THERMAL_SENS_OUT_1=33
THERMAL_SENS_OUT_2=-50
THERMAL_SENS_OUT_3=30
THERMAL_SENS_OUT_4=35
THERMAL_SENS_OUT_5=35
THERMAL_SENS_OUT_6=-50
THERMAL_SENS_INT_1=26
THERMAL_SENS_INT_2=25
PG_5=0
PG_9=0
PG_12=0
FLT_P2=0
FLT_P3=0
HEAT_1_TEMP=33
HEAT_1_DUTY=50
HEAT_2_TEMP=30
HEAT_2_DUTY=0
HEAT_3_TEMP=35
HEAT_3_DUTY=0
HEAT_4_TEMP=35
HEAT_4_DUTY=0

[20:57:52.569 EBOX]
TS=1786203364.025
V_SENSE5=1.09130859375
V_SENSE9=0.0341796875
V_SENSE12=0.09765625
ADC_V5=4.92950439453125
ADC_V9=9.027099609375
ADC_V12=11.62017822265625
ADC_V28=27.44415283203125
THERMAL_SENS_OUT_1=35
THERMAL_SENS_OUT_2=-50
THERMAL_SENS_OUT_3=35
THERMAL_SENS_OUT_4=35
THERMAL_SENS_OUT_5=37
THERMAL_SENS_OUT_6=-50
THERMAL_SENS_INT_1=27
THERMAL_SENS_INT_2=29
PG_5=0
PG_9=0
PG_12=0
FLT_P2=0
FLT_P3=0
HEAT_1_TEMP=35
HEAT_1_DUTY=0
HEAT_2_TEMP=35
HEAT_2_DUTY=50
HEAT_3_TEMP=35
HEAT_3_DUTY=0
HEAT_4_TEMP=37
HEAT_4_DUTY=0

[20:57:53.108 EBOX]
TS=1786203364.529
V_SENSE5=1.01318359375
V_SENSE9=0.0341796875
V_SENSE12=0.1220703125
ADC_V5=4.87640380859375
ADC_V9=8.8323974609375
ADC_V12=11.7529296875
ADC_V28=28.1256103515625
THERMAL_SENS_OUT_1=32
THERMAL_SENS_OUT_2=-50
THERMAL_SENS_OUT_3=31
THERMAL_SENS_OUT_4=34
THERMAL_SENS_OUT_5=34
THERMAL_SENS_OUT_6=-50
THERMAL_SENS_INT_1=24
THERMAL_SENS_INT_2=29
PG_5=0
PG_9=0
PG_12=0
FLT_P2=0
FLT_P3=0
HEAT_1_TEMP=32
HEAT_1_DUTY=0
HEAT_2_TEMP=31
HEAT_2_DUTY=50
HEAT_3_TEMP=34
HEAT_3_DUTY=0
HEAT_4_TEMP=34
HEAT_4_DUTY=0

[20:57:53.549 EBOX]
TS=1786203365.030
V_SENSE5=1.04736328125
V_SENSE9=0.0341796875
V_SENSE12=0.16357421875
ADC_V5=4.814453125
ADC_V9=9.47845458984375
ADC_V12=11.69097900390625
ADC_V28=27.9840087890625
THERMAL_SENS_OUT_1=34
THERMAL_SENS_OUT_2=-50
THERMAL_SENS_OUT_3=37
THERMAL_SENS_OUT_4=34
THERMAL_SENS_OUT_5=34
THERMAL_SENS_OUT_6=-50
THERMAL_SENS_INT_1=28
THERMAL_SENS_INT_2=27
PG_5=0
PG_9=0
PG_12=0
FLT_P2=0
FLT_P3=0
HEAT_1_TEMP=34
HEAT_1_DUTY=0
HEAT_2_TEMP=37
HEAT_2_DUTY=0
HEAT_3_TEMP=34
HEAT_3_DUTY=50
HEAT_4_TEMP=34
HEAT_4_DUTY=0

[20:57:54.086 EBOX]
TS=1786203365.533
V_SENSE5=1.09130859375
V_SENSE9=0.0341796875
V_SENSE12=0.126953125
ADC_V5=4.849853515625
ADC_V9=9.28375244140625
ADC_V12=12.00958251953125
ADC_V28=27.76275634765625
THERMAL_SENS_OUT_1=38
THERMAL_SENS_OUT_2=-50
THERMAL_SENS_OUT_3=34
THERMAL_SENS_OUT_4=33
THERMAL_SENS_OUT_5=34
THERMAL_SENS_OUT_6=-50
THERMAL_SENS_INT_1=27
THERMAL_SENS_INT_2=27
PG_5=0
PG_9=0
PG_12=0
FLT_P2=0
FLT_P3=0
HEAT_1_TEMP=38
HEAT_1_DUTY=0
HEAT_2_TEMP=34
HEAT_2_DUTY=0
HEAT_3_TEMP=33
HEAT_3_DUTY=50
HEAT_4_TEMP=34
HEAT_4_DUTY=0

[20:57:54.534 EBOX]
TS=1786203366.033
V_SENSE5=1.083984375
V_SENSE9=0.0390625
V_SENSE12=0.10986328125
ADC_V5=4.84100341796875
ADC_V9=9.27490234375
ADC_V12=11.89453125
ADC_V28=27.82470703125
THERMAL_SENS_OUT_1=38
THERMAL_SENS_OUT_2=-50
THERMAL_SENS_OUT_3=32
THERMAL_SENS_OUT_4=37
THERMAL_SENS_OUT_5=37
THERMAL_SENS_OUT_6=-50
THERMAL_SENS_INT_1=29
THERMAL_SENS_INT_2=26
PG_5=0
PG_9=0
PG_12=0
FLT_P2=0
FLT_P3=0
HEAT_1_TEMP=38
HEAT_1_DUTY=0
HEAT_2_TEMP=32
HEAT_2_DUTY=0
HEAT_3_TEMP=37
HEAT_3_DUTY=0
HEAT_4_TEMP=37
HEAT_4_DUTY=50

[20:57:55.070 EBOX]
TS=1786203366.536
V_SENSE5=1.0986328125
V_SENSE9=0.0439453125
V_SENSE12=0.1318359375
ADC_V5=5.00030517578125
ADC_V9=8.69964599609375
ADC_V12=11.6998291015625
ADC_V28=27.99285888671875
THERMAL_SENS_OUT_1=34
THERMAL_SENS_OUT_2=-50
THERMAL_SENS_OUT_3=32
THERMAL_SENS_OUT_4=38
THERMAL_SENS_OUT_5=34
THERMAL_SENS_OUT_6=-50
THERMAL_SENS_INT_1=30
THERMAL_SENS_INT_2=28
PG_5=0
PG_9=0
PG_12=0
FLT_P2=0
FLT_P3=0
HEAT_1_TEMP=34
HEAT_1_DUTY=0
HEAT_2_TEMP=32
HEAT_2_DUTY=0
HEAT_3_TEMP=38
HEAT_3_DUTY=0
HEAT_4_TEMP=34
HEAT_4_DUTY=50

[20:57:55.614 EBOX]
TS=1786203367.034
V_SENSE5=1.025390625
V_SENSE9=0.0390625
V_SENSE12=0.16357421875
ADC_V5=4.8675537109375
ADC_V9=9.17755126953125
ADC_V12=11.4697265625
ADC_V28=27.53265380859375
THERMAL_SENS_OUT_1=31
THERMAL_SENS_OUT_2=-50
THERMAL_SENS_OUT_3=31
THERMAL_SENS_OUT_4=33
THERMAL_SENS_OUT_5=34
THERMAL_SENS_OUT_6=-50
THERMAL_SENS_INT_1=27
THERMAL_SENS_INT_2=25
PG_5=0
PG_9=0
PG_12=0
FLT_P2=0
FLT_P3=0
HEAT_1_TEMP=31
HEAT_1_DUTY=50
HEAT_2_TEMP=31
HEAT_2_DUTY=0
HEAT_3_TEMP=33
HEAT_3_DUTY=0
HEAT_4_TEMP=34
HEAT_4_DUTY=0

[20:57:56.051 EBOX]
TS=1786203367.531
V_SENSE5=1.11572265625
V_SENSE9=0.05615234375
V_SENSE12=0.15380859375
ADC_V5=4.920654296875
ADC_V9=9.2218017578125
ADC_V12=11.7352294921875
ADC_V28=27.58575439453125
THERMAL_SENS_OUT_1=33
THERMAL_SENS_OUT_2=-50
THERMAL_SENS_OUT_3=31
THERMAL_SENS_OUT_4=36
THERMAL_SENS_OUT_5=34
THERMAL_SENS_OUT_6=-50
THERMAL_SENS_INT_1=26
THERMAL_SENS_INT_2=26
PG_5=0
PG_9=0
PG_12=0
FLT_P2=0
FLT_P3=0
HEAT_1_TEMP=33
HEAT_1_DUTY=50
HEAT_2_TEMP=31
HEAT_2_DUTY=0
HEAT_3_TEMP=36
HEAT_3_DUTY=0
HEAT_4_TEMP=34
HEAT_4_DUTY=0

[20:57:56.603 EBOX]
TS=1786203368.033
V_SENSE5=1.2646484375
V_SENSE9=0.0390625
V_SENSE12=0.13671875
ADC_V5=5.0091552734375
ADC_V9=9.2926025390625
ADC_V12=11.93878173828125
ADC_V28=27.55035400390625
THERMAL_SENS_OUT_1=33
THERMAL_SENS_OUT_2=-50
THERMAL_SENS_OUT_3=31
THERMAL_SENS_OUT_4=37
THERMAL_SENS_OUT_5=36
THERMAL_SENS_OUT_6=-50
THERMAL_SENS_INT_1=26
THERMAL_SENS_INT_2=26
PG_5=0
PG_9=0
PG_12=0
FLT_P2=0
FLT_P3=0
HEAT_1_TEMP=33
HEAT_1_DUTY=0
HEAT_2_TEMP=31
HEAT_2_DUTY=50
HEAT_3_TEMP=37
HEAT_3_DUTY=0
HEAT_4_TEMP=36
HEAT_4_DUTY=0

[20:57:57.041 EBOX]
TS=1786203368.533
V_SENSE5=1.15478515625
V_SENSE9=0.0341796875
V_SENSE12=0.126953125
ADC_V5=5.02685546875
ADC_V9=9.42535400390625
ADC_V12=11.6644287109375
ADC_V28=27.8778076171875
THERMAL_SENS_OUT_1=37
THERMAL_SENS_OUT_2=-50
THERMAL_SENS_OUT_3=37
THERMAL_SENS_OUT_4=35
THERMAL_SENS_OUT_5=38
THERMAL_SENS_OUT_6=-50
THERMAL_SENS_INT_1=25
THERMAL_SENS_INT_2=29
PG_5=0
PG_9=0
PG_12=0
FLT_P2=0
FLT_P3=0
HEAT_1_TEMP=37
HEAT_1_DUTY=0
HEAT_2_TEMP=37
HEAT_2_DUTY=50
HEAT_3_TEMP=35
HEAT_3_DUTY=0
HEAT_4_TEMP=38
HEAT_4_DUTY=0

[20:57:57.601 EBOX]
TS=1786203369.047
V_SENSE5=1.04736328125
V_SENSE9=0.0341796875
V_SENSE12=0.1220703125
ADC_V5=4.82330322265625
ADC_V9=8.885498046875
ADC_V12=11.5228271484375
ADC_V28=27.8424072265625
THERMAL_SENS_OUT_1=32
THERMAL_SENS_OUT_2=-50
THERMAL_SENS_OUT_3=37
THERMAL_SENS_OUT_4=33
THERMAL_SENS_OUT_5=39
THERMAL_SENS_OUT_6=-50
THERMAL_SENS_INT_1=28
THERMAL_SENS_INT_2=32
PG_5=0
PG_9=0
PG_12=0
FLT_P2=0
FLT_P3=0
HEAT_1_TEMP=32
HEAT_1_DUTY=0
HEAT_2_TEMP=37
HEAT_2_DUTY=0
HEAT_3_TEMP=33
HEAT_3_DUTY=50
HEAT_4_TEMP=39
HEAT_4_DUTY=0

[20:57:58.058 EBOX]
TS=1786203369.536
V_SENSE5=1.123046875
V_SENSE9=0.0341796875
V_SENSE12=0.10986328125
ADC_V5=5.0091552734375
ADC_V9=9.31915283203125
ADC_V12=11.60247802734375
ADC_V28=27.85125732421875
THERMAL_SENS_OUT_1=38
THERMAL_SENS_OUT_2=-50
THERMAL_SENS_OUT_3=32
THERMAL_SENS_OUT_4=37
THERMAL_SENS_OUT_5=37
THERMAL_SENS_OUT_6=-50
THERMAL_SENS_INT_1=24
THERMAL_SENS_INT_2=30
PG_5=0
PG_9=0
PG_12=0
FLT_P2=0
FLT_P3=0
HEAT_1_TEMP=38
HEAT_1_DUTY=0
HEAT_2_TEMP=32
HEAT_2_DUTY=0
HEAT_3_TEMP=37
HEAT_3_DUTY=50
HEAT_4_TEMP=37
HEAT_4_DUTY=0

[20:57:58.597 EBOX]
TS=1786203370.037
V_SENSE5=1.162109375
V_SENSE9=0.03662109375
V_SENSE12=0.12451171875
ADC_V5=4.96490478515625
ADC_V9=8.85894775390625
ADC_V12=11.7352294921875
ADC_V28=28.1610107421875
THERMAL_SENS_OUT_1=34
THERMAL_SENS_OUT_2=-50
THERMAL_SENS_OUT_3=36
THERMAL_SENS_OUT_4=33
THERMAL_SENS_OUT_5=36
THERMAL_SENS_OUT_6=-50
THERMAL_SENS_INT_1=24
THERMAL_SENS_INT_2=31
PG_5=0
PG_9=0
PG_12=0
FLT_P2=0
FLT_P3=0
HEAT_1_TEMP=34
HEAT_1_DUTY=0
HEAT_2_TEMP=36
HEAT_2_DUTY=0
HEAT_3_TEMP=33
HEAT_3_DUTY=0
HEAT_4_TEMP=36
HEAT_4_DUTY=50

[20:57:59.069 EBOX]
TS=1786203370.538
V_SENSE5=1.142578125
V_SENSE9=0.0341796875
V_SENSE12=0.19287109375
ADC_V5=4.920654296875
ADC_V9=9.24835205078125
ADC_V12=11.8414306640625
ADC_V28=27.47955322265625
THERMAL_SENS_OUT_1=31
THERMAL_SENS_OUT_2=-50
THERMAL_SENS_OUT_3=34
THERMAL_SENS_OUT_4=34
THERMAL_SENS_OUT_5=34
THERMAL_SENS_OUT_6=-50
THERMAL_SENS_INT_1=23
THERMAL_SENS_INT_2=28
PG_5=0
PG_9=0
PG_12=0
FLT_P2=0
FLT_P3=0
HEAT_1_TEMP=31
HEAT_1_DUTY=0
HEAT_2_TEMP=34
HEAT_2_DUTY=0
HEAT_3_TEMP=34
HEAT_3_DUTY=0
HEAT_4_TEMP=34
HEAT_4_DUTY=50

[20:57:59.620 EBOX]
TS=1786203371.039
V_SENSE5=1.1279296875
V_SENSE9=0.0390625
V_SENSE12=0.10986328125
ADC_V5=4.92950439453125
ADC_V9=9.35455322265625
ADC_V12=11.79718017578125
ADC_V28=27.7362060546875
THERMAL_SENS_OUT_1=32
THERMAL_SENS_OUT_2=-50
THERMAL_SENS_OUT_3=32
THERMAL_SENS_OUT_4=35
THERMAL_SENS_OUT_5=34
THERMAL_SENS_OUT_6=-50
THERMAL_SENS_INT_1=24
THERMAL_SENS_INT_2=30
PG_5=0
PG_9=0
PG_12=0
FLT_P2=0
FLT_P3=0
HEAT_1_TEMP=32
HEAT_1_DUTY=50
HEAT_2_TEMP=32
HEAT_2_DUTY=0
HEAT_3_TEMP=35
HEAT_3_DUTY=0
HEAT_4_TEMP=34
HEAT_4_DUTY=0

[20:58:00.061 EBOX]
TS=1786203371.548
V_SENSE5=1.0791015625
V_SENSE9=0.0341796875
V_SENSE12=0.1123046875
ADC_V5=4.88525390625
ADC_V9=9.4696044921875
ADC_V12=11.434326171875
ADC_V28=27.39105224609375
THERMAL_SENS_OUT_1=33
THERMAL_SENS_OUT_2=-50
THERMAL_SENS_OUT_3=32
THERMAL_SENS_OUT_4=33
THERMAL_SENS_OUT_5=40
THERMAL_SENS_OUT_6=-50
THERMAL_SENS_INT_1=24
THERMAL_SENS_INT_2=30
PG_5=0
PG_9=0
PG_12=0
FLT_P2=0
FLT_P3=0
HEAT_1_TEMP=33
HEAT_1_DUTY=50
HEAT_2_TEMP=32
HEAT_2_DUTY=0
HEAT_3_TEMP=33
HEAT_3_DUTY=0
HEAT_4_TEMP=40
HEAT_4_DUTY=0

[20:58:00.598 EBOX]
TS=1786203372.049
V_SENSE5=1.123046875
V_SENSE9=0.06591796875
V_SENSE12=0.12939453125
ADC_V5=5.08880615234375
ADC_V9=8.7261962890625
ADC_V12=11.8414306640625
ADC_V28=27.0281982421875
THERMAL_SENS_OUT_1=34
THERMAL_SENS_OUT_2=-50
THERMAL_SENS_OUT_3=37
THERMAL_SENS_OUT_4=33
THERMAL_SENS_OUT_5=34
THERMAL_SENS_OUT_6=-50
THERMAL_SENS_INT_1=27
THERMAL_SENS_INT_2=29
PG_5=0
PG_9=0
PG_12=0
FLT_P2=0
FLT_P3=0
HEAT_1_TEMP=34
HEAT_1_DUTY=0
HEAT_2_TEMP=37
HEAT_2_DUTY=50
HEAT_3_TEMP=33
HEAT_3_DUTY=0
HEAT_4_TEMP=34
HEAT_4_DUTY=0

[20:58:01.037 EBOX]
TS=1786203372.551
V_SENSE5=1.0546875
V_SENSE9=0.0341796875
V_SENSE12=0.11474609375
ADC_V5=4.814453125
ADC_V9=9.0802001953125
ADC_V12=12.06268310546875
ADC_V28=26.98394775390625
THERMAL_SENS_OUT_1=34
THERMAL_SENS_OUT_2=-50
THERMAL_SENS_OUT_3=35
THERMAL_SENS_OUT_4=32
THERMAL_SENS_OUT_5=40
THERMAL_SENS_OUT_6=-50
THERMAL_SENS_INT_1=25
THERMAL_SENS_INT_2=33
PG_5=0
PG_9=0
PG_12=0
FLT_P2=0
FLT_P3=0
HEAT_1_TEMP=34
HEAT_1_DUTY=0
HEAT_2_TEMP=35
HEAT_2_DUTY=50
HEAT_3_TEMP=32
HEAT_3_DUTY=0
HEAT_4_TEMP=40
HEAT_4_DUTY=0

[20:58:01.587 EBOX]
TS=1786203373.052
V_SENSE5=1.103515625
V_SENSE9=0.0390625
V_SENSE12=0.12939453125
ADC_V5=4.91180419921875
ADC_V9=9.55810546875
ADC_V12=11.72637939453125
ADC_V28=28.001708984375
THERMAL_SENS_OUT_1=35
THERMAL_SENS_OUT_2=-50
THERMAL_SENS_OUT_3=35
THERMAL_SENS_OUT_4=31
THERMAL_SENS_OUT_5=35
THERMAL_SENS_OUT_6=-50
THERMAL_SENS_INT_1=23
THERMAL_SENS_INT_2=26
PG_5=0
PG_9=0
PG_12=0
FLT_P2=0
FLT_P3=0
HEAT_1_TEMP=35
HEAT_1_DUTY=0
HEAT_2_TEMP=35
HEAT_2_DUTY=0
HEAT_3_TEMP=31
HEAT_3_DUTY=50
HEAT_4_TEMP=35
HEAT_4_DUTY=0

[20:58:02.152 EBOX]
TS=1786203373.551
V_SENSE5=1.11328125
V_SENSE9=0.07080078125
V_SENSE12=0.13916015625
ADC_V5=4.84100341796875
ADC_V9=8.779296875
ADC_V12=11.6644287109375
ADC_V28=27.435302734375
THERMAL_SENS_OUT_1=36
THERMAL_SENS_OUT_2=-50
THERMAL_SENS_OUT_3=34
THERMAL_SENS_OUT_4=35
THERMAL_SENS_OUT_5=38
THERMAL_SENS_OUT_6=-50
THERMAL_SENS_INT_1=28
THERMAL_SENS_INT_2=30
PG_5=0
PG_9=0
PG_12=0
FLT_P2=0
FLT_P3=0
HEAT_1_TEMP=36
HEAT_1_DUTY=0
HEAT_2_TEMP=34
HEAT_2_DUTY=0
HEAT_3_TEMP=35
HEAT_3_DUTY=50
HEAT_4_TEMP=38
HEAT_4_DUTY=0

[20:58:02.616 EBOX]
TS=1786203374.055
V_SENSE5=1.06689453125
V_SENSE9=0.0341796875
V_SENSE12=0.11962890625
ADC_V5=4.814453125
ADC_V9=8.9739990234375
ADC_V12=11.8768310546875
ADC_V28=27.01934814453125
THERMAL_SENS_OUT_1=35
THERMAL_SENS_OUT_2=-50
THERMAL_SENS_OUT_3=31
THERMAL_SENS_OUT_4=32
THERMAL_SENS_OUT_5=35
THERMAL_SENS_OUT_6=-50
THERMAL_SENS_INT_1=26
THERMAL_SENS_INT_2=32
PG_5=0
PG_9=0
PG_12=0
FLT_P2=0
FLT_P3=0
HEAT_1_TEMP=35
HEAT_1_DUTY=0
HEAT_2_TEMP=31
HEAT_2_DUTY=0
HEAT_3_TEMP=32
HEAT_3_DUTY=0
HEAT_4_TEMP=35
HEAT_4_DUTY=50

[21:01:33.274 EBOX]
TS=1786203583.043
V_SENSE5=0.61767578125
V_SENSE9=1.2939453125
V_SENSE12=0.32958984375
ADC_V5=4.8321533203125
ADC_V9=9.13330078125
ADC_V12=11.47857666015625
ADC_V28=26.73614501953125
THERMAL_SENS_OUT_1=28
THERMAL_SENS_OUT_2=-50
THERMAL_SENS_OUT_3=33
THERMAL_SENS_OUT_4=28
THERMAL_SENS_OUT_5=29
THERMAL_SENS_OUT_6=-50
THERMAL_SENS_INT_1=28
THERMAL_SENS_INT_2=30
PG_5=0
PG_9=0
PG_12=0
FLT_P2=0
FLT_P3=0
HEAT_1_TEMP=28
HEAT_1_DUTY=0
HEAT_2_TEMP=33
HEAT_2_DUTY=0
HEAT_3_TEMP=28
HEAT_3_DUTY=50
HEAT_4_TEMP=29
HEAT_4_DUTY=0

[21:01:35.238 EBOX]
TS=1786203585.051
V_SENSE5=1.73095703125
V_SENSE9=2.16796875
V_SENSE12=0.15625
ADC_V5=4.8675537109375
ADC_V9=9.168701171875
ADC_V12=11.5582275390625
ADC_V28=26.9927978515625
THERMAL_SENS_OUT_1=28
THERMAL_SENS_OUT_2=-50
THERMAL_SENS_OUT_3=28
THERMAL_SENS_OUT_4=31
THERMAL_SENS_OUT_5=31
THERMAL_SENS_OUT_6=-50
THERMAL_SENS_INT_1=24
THERMAL_SENS_INT_2=26
PG_5=0
PG_9=0
PG_12=0
FLT_P2=0
FLT_P3=0
HEAT_1_TEMP=28
HEAT_1_DUTY=50
HEAT_2_TEMP=28
HEAT_2_DUTY=0
HEAT_3_TEMP=31
HEAT_3_DUTY=0
HEAT_4_TEMP=31
HEAT_4_DUTY=0

[21:01:37.303 EBOX]
TS=1786203587.057
V_SENSE5=0.66650390625
V_SENSE9=3.00537109375
V_SENSE12=0.107421875
ADC_V5=4.9029541015625
ADC_V9=9.51385498046875
ADC_V12=11.93878173828125
ADC_V28=27.16094970703125
THERMAL_SENS_OUT_1=33
THERMAL_SENS_OUT_2=-50
THERMAL_SENS_OUT_3=31
THERMAL_SENS_OUT_4=32
THERMAL_SENS_OUT_5=28
THERMAL_SENS_OUT_6=-50
THERMAL_SENS_INT_1=29
THERMAL_SENS_INT_2=27
PG_5=0
PG_9=0
PG_12=0
FLT_P2=0
FLT_P3=0
HEAT_1_TEMP=33
HEAT_1_DUTY=0
HEAT_2_TEMP=31
HEAT_2_DUTY=0
HEAT_3_TEMP=32
HEAT_3_DUTY=50
HEAT_4_TEMP=28
HEAT_4_DUTY=0

[21:01:39.260 EBOX]
TS=1786203589.061
V_SENSE5=1.16943359375
V_SENSE9=0.0341796875
V_SENSE12=0.10986328125
ADC_V5=4.8321533203125
ADC_V9=8.9208984375
ADC_V12=11.54052734375
ADC_V28=27.79815673828125
THERMAL_SENS_OUT_1=33
THERMAL_SENS_OUT_2=-50
THERMAL_SENS_OUT_3=33
THERMAL_SENS_OUT_4=30
THERMAL_SENS_OUT_5=29
THERMAL_SENS_OUT_6=-50
THERMAL_SENS_INT_1=26
THERMAL_SENS_INT_2=30
PG_5=0
PG_9=0
PG_12=0
FLT_P2=0
FLT_P3=0
HEAT_1_TEMP=33
HEAT_1_DUTY=50
HEAT_2_TEMP=33
HEAT_2_DUTY=0
HEAT_3_TEMP=30
HEAT_3_DUTY=0
HEAT_4_TEMP=29
HEAT_4_DUTY=0

[21:01:41.318 EBOX]
TS=1786203591.068
V_SENSE5=1.19873046875
V_SENSE9=0.03662109375
V_SENSE12=0.09765625
ADC_V5=4.9560546875
ADC_V9=9.3988037109375
ADC_V12=11.83258056640625
ADC_V28=27.49725341796875
THERMAL_SENS_OUT_1=27
THERMAL_SENS_OUT_2=-50
THERMAL_SENS_OUT_3=32
THERMAL_SENS_OUT_4=30
THERMAL_SENS_OUT_5=29
THERMAL_SENS_OUT_6=-50
THERMAL_SENS_INT_1=29
THERMAL_SENS_INT_2=28
PG_5=0
PG_9=0
PG_12=0
FLT_P2=0
FLT_P3=0
HEAT_1_TEMP=27
HEAT_1_DUTY=0
HEAT_2_TEMP=32
HEAT_2_DUTY=0
HEAT_3_TEMP=30
HEAT_3_DUTY=50
HEAT_4_TEMP=29
HEAT_4_DUTY=0

[21:01:43.366 EBOX]
TS=1786203593.081
V_SENSE5=1.2109375
V_SENSE9=0.0390625
V_SENSE12=0.1318359375
ADC_V5=4.920654296875
ADC_V9=9.70855712890625
ADC_V12=11.76177978515625
ADC_V28=27.081298828125
THERMAL_SENS_OUT_1=29
THERMAL_SENS_OUT_2=-50
THERMAL_SENS_OUT_3=29
THERMAL_SENS_OUT_4=29
THERMAL_SENS_OUT_5=34
THERMAL_SENS_OUT_6=-50
THERMAL_SENS_INT_1=25
THERMAL_SENS_INT_2=31
PG_5=0
PG_9=0
PG_12=0
FLT_P2=0
FLT_P3=0
HEAT_1_TEMP=29
HEAT_1_DUTY=50
HEAT_2_TEMP=29
HEAT_2_DUTY=0
HEAT_3_TEMP=29
HEAT_3_DUTY=0
HEAT_4_TEMP=34
HEAT_4_DUTY=0

[21:01:45.321 EBOX]
TS=1786203595.082
V_SENSE5=1.142578125
V_SENSE9=0.0390625
V_SENSE12=0.10986328125
ADC_V5=4.9737548828125
ADC_V9=9.4873046875
ADC_V12=11.53167724609375
ADC_V28=27.930908203125
THERMAL_SENS_OUT_1=33
THERMAL_SENS_OUT_2=-50
THERMAL_SENS_OUT_3=27
THERMAL_SENS_OUT_4=32
THERMAL_SENS_OUT_5=29
THERMAL_SENS_OUT_6=-50
THERMAL_SENS_INT_1=25
THERMAL_SENS_INT_2=31
PG_5=0
PG_9=0
PG_12=0
FLT_P2=0
FLT_P3=0
HEAT_1_TEMP=33
HEAT_1_DUTY=0
HEAT_2_TEMP=27
HEAT_2_DUTY=0
HEAT_3_TEMP=32
HEAT_3_DUTY=50
HEAT_4_TEMP=29
HEAT_4_DUTY=0

[21:01:47.371 EBOX]
TS=1786203597.089
V_SENSE5=1.14013671875
V_SENSE9=0.0390625
V_SENSE12=0.1171875
ADC_V5=5.08880615234375
ADC_V9=9.74395751953125
ADC_V12=11.83258056640625
ADC_V28=27.58575439453125
THERMAL_SENS_OUT_1=33
THERMAL_SENS_OUT_2=-50
THERMAL_SENS_OUT_3=29
THERMAL_SENS_OUT_4=29
THERMAL_SENS_OUT_5=33
THERMAL_SENS_OUT_6=-50
THERMAL_SENS_INT_1=28
THERMAL_SENS_INT_2=26
PG_5=0
PG_9=0
PG_12=0
FLT_P2=0
FLT_P3=0
HEAT_1_TEMP=33
HEAT_1_DUTY=50
HEAT_2_TEMP=29
HEAT_2_DUTY=0
HEAT_3_TEMP=29
HEAT_3_DUTY=0
HEAT_4_TEMP=33
HEAT_4_DUTY=0

[21:01:49.445 EBOX]
TS=1786203599.095
V_SENSE5=1.1328125
V_SENSE9=0.03662109375
V_SENSE12=0.1220703125
ADC_V5=4.96490478515625
ADC_V9=9.51385498046875
ADC_V12=11.90338134765625
ADC_V28=28.11676025390625
THERMAL_SENS_OUT_1=29
THERMAL_SENS_OUT_2=-50
THERMAL_SENS_OUT_3=33
THERMAL_SENS_OUT_4=28
THERMAL_SENS_OUT_5=32
THERMAL_SENS_OUT_6=-50
THERMAL_SENS_INT_1=24
THERMAL_SENS_INT_2=28
PG_5=0
PG_9=0
PG_12=0
FLT_P2=0
FLT_P3=0
HEAT_1_TEMP=29
HEAT_1_DUTY=0
HEAT_2_TEMP=33
HEAT_2_DUTY=0
HEAT_3_TEMP=28
HEAT_3_DUTY=50
HEAT_4_TEMP=32
HEAT_4_DUTY=0

[21:01:51.401 EBOX]
TS=1786203601.101
V_SENSE5=1.16943359375
V_SENSE9=0.0390625
V_SENSE12=0.1318359375
ADC_V5=4.8675537109375
ADC_V9=9.27490234375
ADC_V12=11.70867919921875
ADC_V28=28.13446044921875
THERMAL_SENS_OUT_1=30
THERMAL_SENS_OUT_2=-50
THERMAL_SENS_OUT_3=32
THERMAL_SENS_OUT_4=29
THERMAL_SENS_OUT_5=34
THERMAL_SENS_OUT_6=-50
THERMAL_SENS_INT_1=24
THERMAL_SENS_INT_2=31
PG_5=0
PG_9=0
PG_12=0
FLT_P2=0
FLT_P3=0
HEAT_1_TEMP=30
HEAT_1_DUTY=50
HEAT_2_TEMP=32
HEAT_2_DUTY=0
HEAT_3_TEMP=29
HEAT_3_DUTY=0
HEAT_4_TEMP=34
HEAT_4_DUTY=0

[21:01:53.481 EBOX]
TS=1786203603.110
V_SENSE5=1.24755859375
V_SENSE9=0.0341796875
V_SENSE12=0.13427734375
ADC_V5=4.84100341796875
ADC_V9=8.91204833984375
ADC_V12=11.53167724609375
ADC_V28=28.13446044921875
THERMAL_SENS_OUT_1=29
THERMAL_SENS_OUT_2=-50
THERMAL_SENS_OUT_3=33
THERMAL_SENS_OUT_4=28
THERMAL_SENS_OUT_5=29
THERMAL_SENS_OUT_6=-50
THERMAL_SENS_INT_1=29
THERMAL_SENS_INT_2=26
PG_5=0
PG_9=0
PG_12=0
FLT_P2=0
FLT_P3=0
HEAT_1_TEMP=29
HEAT_1_DUTY=0
HEAT_2_TEMP=33
HEAT_2_DUTY=0
HEAT_3_TEMP=28
HEAT_3_DUTY=50
HEAT_4_TEMP=29
HEAT_4_DUTY=0

[21:01:53.929 EBOX]
TS=1786203605.432
V_SENSE5=1.22802734375
V_SENSE9=0.03662109375
V_SENSE12=0.1416015625
ADC_V5=5.15960693359375
ADC_V9=9.345703125
ADC_V12=11.5582275390625
ADC_V28=27.9486083984375
THERMAL_SENS_OUT_1=33
THERMAL_SENS_OUT_2=-50
THERMAL_SENS_OUT_3=32
THERMAL_SENS_OUT_4=28
THERMAL_SENS_OUT_5=33
THERMAL_SENS_OUT_6=-50
THERMAL_SENS_INT_1=25
THERMAL_SENS_INT_2=31
PG_5=0
PG_9=0
PG_12=0
FLT_P2=0
FLT_P3=0
HEAT_1_TEMP=33
HEAT_1_DUTY=0
HEAT_2_TEMP=32
HEAT_2_DUTY=0
HEAT_3_TEMP=28
HEAT_3_DUTY=0
HEAT_4_TEMP=33
HEAT_4_DUTY=50

[21:01:54.478 EBOX]
TS=1786203605.959
V_SENSE5=1.1279296875
V_SENSE9=0.0341796875
V_SENSE12=0.14404296875
ADC_V5=5.00030517578125
ADC_V9=8.82354736328125
ADC_V12=11.85028076171875
ADC_V28=27.99285888671875
THERMAL_SENS_OUT_1=32
THERMAL_SENS_OUT_2=-50
THERMAL_SENS_OUT_3=31
THERMAL_SENS_OUT_4=28
THERMAL_SENS_OUT_5=31
THERMAL_SENS_OUT_6=-50
THERMAL_SENS_INT_1=26
THERMAL_SENS_INT_2=32
PG_5=0
PG_9=0
PG_12=0
FLT_P2=0
FLT_P3=0
HEAT_1_TEMP=32
HEAT_1_DUTY=0
HEAT_2_TEMP=31
HEAT_2_DUTY=0
HEAT_3_TEMP=28
HEAT_3_DUTY=0
HEAT_4_TEMP=31
HEAT_4_DUTY=50

[21:01:54.940 EBOX]
TS=1786203606.483
V_SENSE5=1.2255859375
V_SENSE9=0.07568359375
V_SENSE12=0.15380859375
ADC_V5=4.920654296875
ADC_V9=9.239501953125
ADC_V12=11.79718017578125
ADC_V28=27.09014892578125
THERMAL_SENS_OUT_1=30
THERMAL_SENS_OUT_2=-50
THERMAL_SENS_OUT_3=29
THERMAL_SENS_OUT_4=31
THERMAL_SENS_OUT_5=30
THERMAL_SENS_OUT_6=-50
THERMAL_SENS_INT_1=29
THERMAL_SENS_INT_2=27
PG_5=0
PG_9=0
PG_12=0
FLT_P2=0
FLT_P3=0
HEAT_1_TEMP=30
HEAT_1_DUTY=50
HEAT_2_TEMP=29
HEAT_2_DUTY=0
HEAT_3_TEMP=31
HEAT_3_DUTY=0
HEAT_4_TEMP=30
HEAT_4_DUTY=0

[21:01:55.492 EBOX]
TS=1786203607.004
V_SENSE5=1.1865234375
V_SENSE9=0.03662109375
V_SENSE12=0.14404296875
ADC_V5=4.991455078125
ADC_V9=8.78814697265625
ADC_V12=11.83258056640625
ADC_V28=27.25830078125
THERMAL_SENS_OUT_1=28
THERMAL_SENS_OUT_2=-50
THERMAL_SENS_OUT_3=32
THERMAL_SENS_OUT_4=29
THERMAL_SENS_OUT_5=34
THERMAL_SENS_OUT_6=-50
THERMAL_SENS_INT_1=29
THERMAL_SENS_INT_2=27
PG_5=0
PG_9=0
PG_12=0
FLT_P2=0
FLT_P3=0
HEAT_1_TEMP=28
HEAT_1_DUTY=50
HEAT_2_TEMP=32
HEAT_2_DUTY=0
HEAT_3_TEMP=29
HEAT_3_DUTY=0
HEAT_4_TEMP=34
HEAT_4_DUTY=0

[21:01:55.973 EBOX]
TS=1786203607.426
V_SENSE5=1.220703125
V_SENSE9=0.0341796875
V_SENSE12=0.1220703125
ADC_V5=4.84100341796875
ADC_V9=9.2572021484375
ADC_V12=11.60247802734375
ADC_V28=28.04595947265625
THERMAL_SENS_OUT_1=32
THERMAL_SENS_OUT_2=-50
THERMAL_SENS_OUT_3=27
THERMAL_SENS_OUT_4=34
THERMAL_SENS_OUT_5=34
THERMAL_SENS_OUT_6=-50
THERMAL_SENS_INT_1=25
THERMAL_SENS_INT_2=31
PG_5=0
PG_9=0
PG_12=0
FLT_P2=0
FLT_P3=0
HEAT_1_TEMP=32
HEAT_1_DUTY=0
HEAT_2_TEMP=27
HEAT_2_DUTY=50
HEAT_3_TEMP=34
HEAT_3_DUTY=0
HEAT_4_TEMP=34
HEAT_4_DUTY=0

[21:01:56.527 EBOX]
TS=1786203607.948
V_SENSE5=1.17431640625
V_SENSE9=0.0341796875
V_SENSE12=0.10009765625
ADC_V5=4.94720458984375
ADC_V9=8.85009765625
ADC_V12=11.9122314453125
ADC_V28=27.2406005859375
THERMAL_SENS_OUT_1=29
THERMAL_SENS_OUT_2=-50
THERMAL_SENS_OUT_3=29
THERMAL_SENS_OUT_4=30
THERMAL_SENS_OUT_5=31
THERMAL_SENS_OUT_6=-50
THERMAL_SENS_INT_1=30
THERMAL_SENS_INT_2=28
PG_5=0
PG_9=0
PG_12=0
FLT_P2=0
FLT_P3=0
HEAT_1_TEMP=29
HEAT_1_DUTY=0
HEAT_2_TEMP=29
HEAT_2_DUTY=0
HEAT_3_TEMP=30
HEAT_3_DUTY=50
HEAT_4_TEMP=31
HEAT_4_DUTY=0

[21:01:56.972 EBOX]
TS=1786203608.475
V_SENSE5=1.1181640625
V_SENSE9=0.0341796875
V_SENSE12=0.1220703125
ADC_V5=4.94720458984375
ADC_V9=9.0625
ADC_V12=11.92108154296875
ADC_V28=27.30255126953125
THERMAL_SENS_OUT_1=29
THERMAL_SENS_OUT_2=-50
THERMAL_SENS_OUT_3=30
THERMAL_SENS_OUT_4=29
THERMAL_SENS_OUT_5=31
THERMAL_SENS_OUT_6=-50
THERMAL_SENS_INT_1=24
THERMAL_SENS_INT_2=30
PG_5=0
PG_9=0
PG_12=0
FLT_P2=0
FLT_P3=0
HEAT_1_TEMP=29
HEAT_1_DUTY=0
HEAT_2_TEMP=30
HEAT_2_DUTY=0
HEAT_3_TEMP=29
HEAT_3_DUTY=50
HEAT_4_TEMP=31
HEAT_4_DUTY=0

[21:01:57.521 EBOX]
TS=1786203609.003
V_SENSE5=1.20849609375
V_SENSE9=0.0390625
V_SENSE12=0.107421875
ADC_V5=4.96490478515625
ADC_V9=9.522705078125
ADC_V12=11.90338134765625
ADC_V28=28.04595947265625
THERMAL_SENS_OUT_1=31
THERMAL_SENS_OUT_2=-50
THERMAL_SENS_OUT_3=29
THERMAL_SENS_OUT_4=30
THERMAL_SENS_OUT_5=35
THERMAL_SENS_OUT_6=-50
THERMAL_SENS_INT_1=25
THERMAL_SENS_INT_2=29
PG_5=0
PG_9=0
PG_12=0
FLT_P2=0
FLT_P3=0
HEAT_1_TEMP=31
HEAT_1_DUTY=0
HEAT_2_TEMP=29
HEAT_2_DUTY=0
HEAT_3_TEMP=30
HEAT_3_DUTY=0
HEAT_4_TEMP=35
HEAT_4_DUTY=50

[21:01:58.063 EBOX]
TS=1786203609.529
V_SENSE5=1.1181640625
V_SENSE9=0.03662109375
V_SENSE12=0.146484375
ADC_V5=4.98260498046875
ADC_V9=9.54925537109375
ADC_V12=11.92108154296875
ADC_V28=28.10791015625
THERMAL_SENS_OUT_1=30
THERMAL_SENS_OUT_2=-50
THERMAL_SENS_OUT_3=33
THERMAL_SENS_OUT_4=28
THERMAL_SENS_OUT_5=29
THERMAL_SENS_OUT_6=-50
THERMAL_SENS_INT_1=30
THERMAL_SENS_INT_2=26
PG_5=0
PG_9=0
PG_12=0
FLT_P2=0
FLT_P3=0
HEAT_1_TEMP=30
HEAT_1_DUTY=0
HEAT_2_TEMP=33
HEAT_2_DUTY=0
HEAT_3_TEMP=28
HEAT_3_DUTY=0
HEAT_4_TEMP=29
HEAT_4_DUTY=50

[21:01:58.605 EBOX]
TS=1786203610.055
V_SENSE5=1.005859375
V_SENSE9=1.4208984375
V_SENSE12=0.02685546875
ADC_V5=4.814453125
ADC_V9=9.40765380859375
ADC_V12=11.85028076171875
ADC_V28=27.88665771484375
THERMAL_SENS_OUT_1=19
THERMAL_SENS_OUT_2=-50
THERMAL_SENS_OUT_3=28
THERMAL_SENS_OUT_4=33
THERMAL_SENS_OUT_5=31
THERMAL_SENS_OUT_6=-50
THERMAL_SENS_INT_1=25
THERMAL_SENS_INT_2=31
PG_5=0
PG_9=0
PG_12=0
FLT_P2=0
FLT_P3=0
HEAT_1_TEMP=19
HEAT_1_DUTY=50
HEAT_2_TEMP=28
HEAT_2_DUTY=0
HEAT_3_TEMP=33
HEAT_3_DUTY=0
HEAT_4_TEMP=31
HEAT_4_DUTY=0

[21:01:59.045 EBOX]
TS=1786203610.578
V_SENSE5=1.1572265625
V_SENSE9=0.03662109375
V_SENSE12=0.1318359375
ADC_V5=4.814453125
ADC_V9=8.99169921875
ADC_V12=11.79718017578125
ADC_V28=28.04595947265625
THERMAL_SENS_OUT_1=33
THERMAL_SENS_OUT_2=-50
THERMAL_SENS_OUT_3=31
THERMAL_SENS_OUT_4=28
THERMAL_SENS_OUT_5=32
THERMAL_SENS_OUT_6=-50
THERMAL_SENS_INT_1=28
THERMAL_SENS_INT_2=26
PG_5=0
PG_9=0
PG_12=0
FLT_P2=0
FLT_P3=0
HEAT_1_TEMP=33
HEAT_1_DUTY=50
HEAT_2_TEMP=31
HEAT_2_DUTY=0
HEAT_3_TEMP=28
HEAT_3_DUTY=0
HEAT_4_TEMP=32
HEAT_4_DUTY=0

[21:01:59.587 EBOX]
TS=1786203611.105
V_SENSE5=1.15234375
V_SENSE9=0.0341796875
V_SENSE12=0.1318359375
ADC_V5=4.9029541015625
ADC_V9=9.62005615234375
ADC_V12=11.6998291015625
ADC_V28=28.143310546875
THERMAL_SENS_OUT_1=29
THERMAL_SENS_OUT_2=-50
THERMAL_SENS_OUT_3=28
THERMAL_SENS_OUT_4=33
THERMAL_SENS_OUT_5=30
THERMAL_SENS_OUT_6=-50
THERMAL_SENS_INT_1=25
THERMAL_SENS_INT_2=31
PG_5=0
PG_9=0
PG_12=0
FLT_P2=0
FLT_P3=0
HEAT_1_TEMP=29
HEAT_1_DUTY=0
HEAT_2_TEMP=28
HEAT_2_DUTY=50
HEAT_3_TEMP=33
HEAT_3_DUTY=0
HEAT_4_TEMP=30
HEAT_4_DUTY=0

[21:02:00.139 EBOX]
TS=1786203611.632
V_SENSE5=1.12548828125
V_SENSE9=0.0341796875
V_SENSE12=0.1123046875
ADC_V5=4.9560546875
ADC_V9=8.9208984375
ADC_V12=11.788330078125
ADC_V28=27.47955322265625
THERMAL_SENS_OUT_1=29
THERMAL_SENS_OUT_2=-50
THERMAL_SENS_OUT_3=31
THERMAL_SENS_OUT_4=31
THERMAL_SENS_OUT_5=29
THERMAL_SENS_OUT_6=-50
THERMAL_SENS_INT_1=28
THERMAL_SENS_INT_2=26
PG_5=0
PG_9=0
PG_12=0
FLT_P2=0
FLT_P3=0
HEAT_1_TEMP=29
HEAT_1_DUTY=0
HEAT_2_TEMP=31
HEAT_2_DUTY=50
HEAT_3_TEMP=31
HEAT_3_DUTY=0
HEAT_4_TEMP=29
HEAT_4_DUTY=0

[21:02:00.590 EBOX]
TS=1786203612.053
V_SENSE5=0.72998046875
V_SENSE9=1.689453125
V_SENSE12=0.03662109375
ADC_V5=4.98260498046875
ADC_V9=9.168701171875
ADC_V12=11.79718017578125
ADC_V28=26.904296875
THERMAL_SENS_OUT_1=29
THERMAL_SENS_OUT_2=-50
THERMAL_SENS_OUT_3=28
THERMAL_SENS_OUT_4=33
THERMAL_SENS_OUT_5=30
THERMAL_SENS_OUT_6=-50
THERMAL_SENS_INT_1=25
THERMAL_SENS_INT_2=31
PG_5=0
PG_9=0
PG_12=0
FLT_P2=0
FLT_P3=0
HEAT_1_TEMP=29
HEAT_1_DUTY=0
HEAT_2_TEMP=28
HEAT_2_DUTY=0
HEAT_3_TEMP=33
HEAT_3_DUTY=50
HEAT_4_TEMP=30
HEAT_4_DUTY=0

[21:02:01.141 EBOX]
TS=1786203612.580
V_SENSE5=1.15234375
V_SENSE9=0.0390625
V_SENSE12=0.15380859375
ADC_V5=4.9560546875
ADC_V9=9.310302734375
ADC_V12=11.81488037109375
ADC_V28=27.28485107421875
THERMAL_SENS_OUT_1=29
THERMAL_SENS_OUT_2=-50
THERMAL_SENS_OUT_3=30
THERMAL_SENS_OUT_4=28
THERMAL_SENS_OUT_5=32
THERMAL_SENS_OUT_6=-50
THERMAL_SENS_INT_1=28
THERMAL_SENS_INT_2=27
PG_5=0
PG_9=0
PG_12=0
FLT_P2=0
FLT_P3=0
HEAT_1_TEMP=29
HEAT_1_DUTY=0
HEAT_2_TEMP=30
HEAT_2_DUTY=0
HEAT_3_TEMP=28
HEAT_3_DUTY=50
HEAT_4_TEMP=32
HEAT_4_DUTY=0

[21:02:01.704 EBOX]
TS=1786203613.108
V_SENSE5=1.16455078125
V_SENSE9=0.03662109375
V_SENSE12=0.126953125
ADC_V5=4.92950439453125
ADC_V9=9.19525146484375
ADC_V12=11.8768310546875
ADC_V28=27.23175048828125
THERMAL_SENS_OUT_1=29
THERMAL_SENS_OUT_2=-50
THERMAL_SENS_OUT_3=28
THERMAL_SENS_OUT_4=30
THERMAL_SENS_OUT_5=35
THERMAL_SENS_OUT_6=-50
THERMAL_SENS_INT_1=24
THERMAL_SENS_INT_2=29
PG_5=0
PG_9=0
PG_12=0
FLT_P2=0
FLT_P3=0
HEAT_1_TEMP=29
HEAT_1_DUTY=0
HEAT_2_TEMP=28
HEAT_2_DUTY=0
HEAT_3_TEMP=30
HEAT_3_DUTY=0
HEAT_4_TEMP=35
HEAT_4_DUTY=50

[21:02:02.150 EBOX]
TS=1786203613.635
V_SENSE5=1.12548828125
V_SENSE9=0.03662109375
V_SENSE12=0.11474609375
ADC_V5=4.89410400390625
ADC_V9=9.44305419921875
ADC_V12=11.6998291015625
ADC_V28=28.0548095703125
THERMAL_SENS_OUT_1=31
THERMAL_SENS_OUT_2=-50
THERMAL_SENS_OUT_3=33
THERMAL_SENS_OUT_4=30
THERMAL_SENS_OUT_5=30
THERMAL_SENS_OUT_6=-50
THERMAL_SENS_INT_1=27
THERMAL_SENS_INT_2=29
PG_5=0
PG_9=0
PG_12=0
FLT_P2=0
FLT_P3=0
HEAT_1_TEMP=31
HEAT_1_DUTY=0
HEAT_2_TEMP=33
HEAT_2_DUTY=0
HEAT_3_TEMP=30
HEAT_3_DUTY=0
HEAT_4_TEMP=30
HEAT_4_DUTY=50

[21:02:02.712 EBOX]
TS=1786203614.162
V_SENSE5=1.18896484375
V_SENSE9=0.07568359375
V_SENSE12=0.1220703125
ADC_V5=4.84100341796875
ADC_V9=9.1156005859375
ADC_V12=11.4520263671875
ADC_V28=27.30255126953125
THERMAL_SENS_OUT_1=29
THERMAL_SENS_OUT_2=-50
THERMAL_SENS_OUT_3=28
THERMAL_SENS_OUT_4=34
THERMAL_SENS_OUT_5=33
THERMAL_SENS_OUT_6=-50
THERMAL_SENS_INT_1=25
THERMAL_SENS_INT_2=32
PG_5=0
PG_9=0
PG_12=0
FLT_P2=0
FLT_P3=0
HEAT_1_TEMP=29
HEAT_1_DUTY=50
HEAT_2_TEMP=28
HEAT_2_DUTY=0
HEAT_3_TEMP=34
HEAT_3_DUTY=0
HEAT_4_TEMP=33
HEAT_4_DUTY=0

[21:02:03.166 EBOX]
TS=1786203614.689
V_SENSE5=1.15234375
V_SENSE9=0.0390625
V_SENSE12=0.1025390625
ADC_V5=5.01800537109375
ADC_V9=9.3280029296875
ADC_V12=11.611328125
ADC_V28=28.0548095703125
THERMAL_SENS_OUT_1=33
THERMAL_SENS_OUT_2=-50
THERMAL_SENS_OUT_3=29
THERMAL_SENS_OUT_4=32
THERMAL_SENS_OUT_5=29
THERMAL_SENS_OUT_6=-50
THERMAL_SENS_INT_1=24
THERMAL_SENS_INT_2=28
PG_5=0
PG_9=0
PG_12=0
FLT_P2=0
FLT_P3=0
HEAT_1_TEMP=33
HEAT_1_DUTY=50
HEAT_2_TEMP=29
HEAT_2_DUTY=0
HEAT_3_TEMP=32
HEAT_3_DUTY=0
HEAT_4_TEMP=29
HEAT_4_DUTY=0

[21:02:03.732 EBOX]
TS=1786203615.215
V_SENSE5=1.14990234375
V_SENSE9=0.03662109375
V_SENSE12=0.14892578125
ADC_V5=4.991455078125
ADC_V9=9.12445068359375
ADC_V12=11.788330078125
ADC_V28=27.24945068359375
THERMAL_SENS_OUT_1=29
THERMAL_SENS_OUT_2=-50
THERMAL_SENS_OUT_3=30
THERMAL_SENS_OUT_4=31
THERMAL_SENS_OUT_5=29
THERMAL_SENS_OUT_6=-50
THERMAL_SENS_INT_1=24
THERMAL_SENS_INT_2=29
PG_5=0
PG_9=0
PG_12=0
FLT_P2=0
FLT_P3=0
HEAT_1_TEMP=29
HEAT_1_DUTY=0
HEAT_2_TEMP=30
HEAT_2_DUTY=50
HEAT_3_TEMP=31
HEAT_3_DUTY=0
HEAT_4_TEMP=29
HEAT_4_DUTY=0

[21:02:04.283 EBOX]
TS=1786203615.741
V_SENSE5=1.17919921875
V_SENSE9=0.03662109375
V_SENSE12=0.1123046875
ADC_V5=4.98260498046875
ADC_V9=8.73504638671875
ADC_V12=11.788330078125
ADC_V28=27.74505615234375
THERMAL_SENS_OUT_1=29
THERMAL_SENS_OUT_2=-50
THERMAL_SENS_OUT_3=29
THERMAL_SENS_OUT_4=30
THERMAL_SENS_OUT_5=29
THERMAL_SENS_OUT_6=-50
THERMAL_SENS_INT_1=25
THERMAL_SENS_INT_2=33
PG_5=0
PG_9=0
PG_12=0
FLT_P2=0
FLT_P3=0
HEAT_1_TEMP=29
HEAT_1_DUTY=0
HEAT_2_TEMP=29
HEAT_2_DUTY=50
HEAT_3_TEMP=30
HEAT_3_DUTY=0
HEAT_4_TEMP=29
HEAT_4_DUTY=0

[21:02:04.757 EBOX]
TS=1786203616.268
V_SENSE5=1.16943359375
V_SENSE9=0.0390625
V_SENSE12=0.12939453125
ADC_V5=4.991455078125
ADC_V9=9.13330078125
ADC_V12=11.83258056640625
ADC_V28=27.1697998046875
THERMAL_SENS_OUT_1=31
THERMAL_SENS_OUT_2=-50
THERMAL_SENS_OUT_3=28
THERMAL_SENS_OUT_4=34
THERMAL_SENS_OUT_5=31
THERMAL_SENS_OUT_6=-50
THERMAL_SENS_INT_1=26
THERMAL_SENS_INT_2=28
PG_5=0
PG_9=0
PG_12=0
FLT_P2=0
FLT_P3=0
HEAT_1_TEMP=31
HEAT_1_DUTY=0
HEAT_2_TEMP=28
HEAT_2_DUTY=0
HEAT_3_TEMP=34
HEAT_3_DUTY=50
HEAT_4_TEMP=31
HEAT_4_DUTY=0

[21:02:05.309 EBOX]
TS=1786203616.795
V_SENSE5=1.19140625
V_SENSE9=0.0341796875
V_SENSE12=0.1220703125
ADC_V5=5.23040771484375
ADC_V9=8.8323974609375
ADC_V12=11.95648193359375
ADC_V28=27.6654052734375
THERMAL_SENS_OUT_1=30
THERMAL_SENS_OUT_2=-50
THERMAL_SENS_OUT_3=29
THERMAL_SENS_OUT_4=35
THERMAL_SENS_OUT_5=32
THERMAL_SENS_OUT_6=-50
THERMAL_SENS_INT_1=27
THERMAL_SENS_INT_2=27
PG_5=0
PG_9=0
PG_12=0
FLT_P2=0
FLT_P3=0
HEAT_1_TEMP=30
HEAT_1_DUTY=0
HEAT_2_TEMP=29
HEAT_2_DUTY=0
HEAT_3_TEMP=35
HEAT_3_DUTY=50
HEAT_4_TEMP=32
HEAT_4_DUTY=0

[21:02:05.745 EBOX]
TS=1786203617.320
V_SENSE5=1.24755859375
V_SENSE9=0.03662109375
V_SENSE12=0.1416015625
ADC_V5=5.0091552734375
ADC_V9=9.310302734375
ADC_V12=11.9122314453125
ADC_V28=27.3114013671875
THERMAL_SENS_OUT_1=29
THERMAL_SENS_OUT_2=-50
THERMAL_SENS_OUT_3=30
THERMAL_SENS_OUT_4=28
THERMAL_SENS_OUT_5=32
THERMAL_SENS_OUT_6=-50
THERMAL_SENS_INT_1=28
THERMAL_SENS_INT_2=27
PG_5=0
PG_9=0
PG_12=0
FLT_P2=0
FLT_P3=0
HEAT_1_TEMP=29
HEAT_1_DUTY=0
HEAT_2_TEMP=30
HEAT_2_DUTY=0
HEAT_3_TEMP=28
HEAT_3_DUTY=0
HEAT_4_TEMP=32
HEAT_4_DUTY=50

[21:02:06.300 EBOX]
TS=1786203617.741
V_SENSE5=1.18408203125
V_SENSE9=0.0341796875
V_SENSE12=0.126953125
ADC_V5=4.9560546875
ADC_V9=8.7615966796875
ADC_V12=11.8060302734375
ADC_V28=27.55035400390625
THERMAL_SENS_OUT_1=28
THERMAL_SENS_OUT_2=-50
THERMAL_SENS_OUT_3=30
THERMAL_SENS_OUT_4=29
THERMAL_SENS_OUT_5=35
THERMAL_SENS_OUT_6=-50
THERMAL_SENS_INT_1=23
THERMAL_SENS_INT_2=27
PG_5=0
PG_9=0
PG_12=0
FLT_P2=0
FLT_P3=0
HEAT_1_TEMP=28
HEAT_1_DUTY=0
HEAT_2_TEMP=30
HEAT_2_DUTY=0
HEAT_3_TEMP=29
HEAT_3_DUTY=0
HEAT_4_TEMP=35
HEAT_4_DUTY=50

[21:02:06.846 EBOX]
TS=1786203618.270
V_SENSE5=1.16943359375
V_SENSE9=0.07568359375
V_SENSE12=0.1318359375
ADC_V5=4.849853515625
ADC_V9=8.80584716796875
ADC_V12=11.54937744140625
ADC_V28=27.17864990234375
THERMAL_SENS_OUT_1=30
THERMAL_SENS_OUT_2=-50
THERMAL_SENS_OUT_3=27
THERMAL_SENS_OUT_4=28
THERMAL_SENS_OUT_5=31
THERMAL_SENS_OUT_6=-50
THERMAL_SENS_INT_1=25
THERMAL_SENS_INT_2=29
PG_5=0
PG_9=0
PG_12=0
FLT_P2=0
FLT_P3=0
HEAT_1_TEMP=30
HEAT_1_DUTY=50
HEAT_2_TEMP=27
HEAT_2_DUTY=0
HEAT_3_TEMP=28
HEAT_3_DUTY=0
HEAT_4_TEMP=31
HEAT_4_DUTY=0

[21:02:07.384 EBOX]
TS=1786203618.802
V_SENSE5=1.171875
V_SENSE9=0.0390625
V_SENSE12=0.1025390625
ADC_V5=4.9737548828125
ADC_V9=9.168701171875
ADC_V12=11.859130859375
ADC_V28=27.93975830078125
THERMAL_SENS_OUT_1=31
THERMAL_SENS_OUT_2=-50
THERMAL_SENS_OUT_3=28
THERMAL_SENS_OUT_4=31
THERMAL_SENS_OUT_5=35
THERMAL_SENS_OUT_6=-50
THERMAL_SENS_INT_1=26
THERMAL_SENS_INT_2=29
PG_5=0
PG_9=0
PG_12=0
FLT_P2=0
FLT_P3=0
HEAT_1_TEMP=31
HEAT_1_DUTY=50
HEAT_2_TEMP=28
HEAT_2_DUTY=0
HEAT_3_TEMP=31
HEAT_3_DUTY=0
HEAT_4_TEMP=35
HEAT_4_DUTY=0

[21:02:07.949 EBOX]
TS=1786203619.317
V_SENSE5=1.17431640625
V_SENSE9=0.0390625
V_SENSE12=0.13427734375
ADC_V5=4.92950439453125
ADC_V9=9.33685302734375
ADC_V12=11.88568115234375
ADC_V28=27.506103515625
THERMAL_SENS_OUT_1=29
THERMAL_SENS_OUT_2=-50
THERMAL_SENS_OUT_3=33
THERMAL_SENS_OUT_4=30
THERMAL_SENS_OUT_5=34
THERMAL_SENS_OUT_6=-50
THERMAL_SENS_INT_1=29
THERMAL_SENS_INT_2=27
PG_5=0
PG_9=0
PG_12=0
FLT_P2=0
FLT_P3=0
HEAT_1_TEMP=29
HEAT_1_DUTY=0
HEAT_2_TEMP=33
HEAT_2_DUTY=50
HEAT_3_TEMP=30
HEAT_3_DUTY=0
HEAT_4_TEMP=34
HEAT_4_DUTY=0

[21:02:08.393 EBOX]
TS=1786203619.845
V_SENSE5=1.1962890625
V_SENSE9=0.0390625
V_SENSE12=0.1025390625
ADC_V5=5.00030517578125
ADC_V9=9.2041015625
ADC_V12=11.8060302734375
ADC_V28=27.1697998046875
THERMAL_SENS_OUT_1=29
THERMAL_SENS_OUT_2=-50
THERMAL_SENS_OUT_3=33
THERMAL_SENS_OUT_4=30
THERMAL_SENS_OUT_5=32
THERMAL_SENS_OUT_6=-50
THERMAL_SENS_INT_1=27
THERMAL_SENS_INT_2=26
PG_5=0
PG_9=0
PG_12=0
FLT_P2=0
FLT_P3=0
HEAT_1_TEMP=29
HEAT_1_DUTY=0
HEAT_2_TEMP=33
HEAT_2_DUTY=50
HEAT_3_TEMP=30
HEAT_3_DUTY=0
HEAT_4_TEMP=32
HEAT_4_DUTY=0

[21:02:08.935 EBOX]
TS=1786203620.372
V_SENSE5=1.1572265625
V_SENSE9=0.03662109375
V_SENSE12=0.12451171875
ADC_V5=4.82330322265625
ADC_V9=9.4696044921875
ADC_V12=11.53167724609375
ADC_V28=28.001708984375
THERMAL_SENS_OUT_1=32
THERMAL_SENS_OUT_2=-50
THERMAL_SENS_OUT_3=28
THERMAL_SENS_OUT_4=33
THERMAL_SENS_OUT_5=30
THERMAL_SENS_OUT_6=-50
THERMAL_SENS_INT_1=25
THERMAL_SENS_INT_2=31
PG_5=0
PG_9=0
PG_12=0
FLT_P2=0
FLT_P3=0
HEAT_1_TEMP=32
HEAT_1_DUTY=0
HEAT_2_TEMP=28
HEAT_2_DUTY=0
HEAT_3_TEMP=33
HEAT_3_DUTY=50
HEAT_4_TEMP=30
HEAT_4_DUTY=0

[21:02:09.478 EBOX]
TS=1786203620.898
V_SENSE5=1.13037109375
V_SENSE9=0.0341796875
V_SENSE12=0.107421875
ADC_V5=5.0091552734375
ADC_V9=9.027099609375
ADC_V12=11.79718017578125
ADC_V28=27.23175048828125
THERMAL_SENS_OUT_1=28
THERMAL_SENS_OUT_2=-50
THERMAL_SENS_OUT_3=28
THERMAL_SENS_OUT_4=32
THERMAL_SENS_OUT_5=30
THERMAL_SENS_OUT_6=-50
THERMAL_SENS_INT_1=30
THERMAL_SENS_INT_2=27
PG_5=0
PG_9=0
PG_12=0
FLT_P2=0
FLT_P3=0
HEAT_1_TEMP=28
HEAT_1_DUTY=0
HEAT_2_TEMP=28
HEAT_2_DUTY=0
HEAT_3_TEMP=32
HEAT_3_DUTY=50
HEAT_4_TEMP=30
HEAT_4_DUTY=0

[21:02:09.917 EBOX]
TS=1786203621.425
V_SENSE5=1.20849609375
V_SENSE9=0.0390625
V_SENSE12=0.11962890625
ADC_V5=4.9560546875
ADC_V9=9.2218017578125
ADC_V12=11.77947998046875
ADC_V28=27.05474853515625
THERMAL_SENS_OUT_1=29
THERMAL_SENS_OUT_2=-50
THERMAL_SENS_OUT_3=28
THERMAL_SENS_OUT_4=32
THERMAL_SENS_OUT_5=29
THERMAL_SENS_OUT_6=-50
THERMAL_SENS_INT_1=28
THERMAL_SENS_INT_2=26
PG_5=0
PG_9=0
PG_12=0
FLT_P2=0
FLT_P3=0
HEAT_1_TEMP=29
HEAT_1_DUTY=0
HEAT_2_TEMP=28
HEAT_2_DUTY=0
HEAT_3_TEMP=32
HEAT_3_DUTY=0
HEAT_4_TEMP=29
HEAT_4_DUTY=50

[21:02:10.461 EBOX]
TS=1786203621.952
V_SENSE5=1.171875
V_SENSE9=0.0390625
V_SENSE12=0.1318359375
ADC_V5=5.00030517578125
ADC_V9=8.9031982421875
ADC_V12=11.85028076171875
ADC_V28=27.19635009765625
THERMAL_SENS_OUT_1=33
THERMAL_SENS_OUT_2=-50
THERMAL_SENS_OUT_3=29
THERMAL_SENS_OUT_4=34
THERMAL_SENS_OUT_5=31
THERMAL_SENS_OUT_6=-50
THERMAL_SENS_INT_1=25
THERMAL_SENS_INT_2=31
PG_5=0
PG_9=0
PG_12=0
FLT_P2=0
FLT_P3=0
HEAT_1_TEMP=33
HEAT_1_DUTY=0
HEAT_2_TEMP=29
HEAT_2_DUTY=0
HEAT_3_TEMP=34
HEAT_3_DUTY=0
HEAT_4_TEMP=31
HEAT_4_DUTY=50

[21:02:10.998 EBOX]
TS=1786203622.478
V_SENSE5=1.123046875
V_SENSE9=0.0341796875
V_SENSE12=0.10009765625
ADC_V5=4.849853515625
ADC_V9=8.85009765625
ADC_V12=11.81488037109375
ADC_V28=27.647705078125
THERMAL_SENS_OUT_1=33
THERMAL_SENS_OUT_2=-50
THERMAL_SENS_OUT_3=32
THERMAL_SENS_OUT_4=28
THERMAL_SENS_OUT_5=32
THERMAL_SENS_OUT_6=-50
THERMAL_SENS_INT_1=25
THERMAL_SENS_INT_2=32
PG_5=0
PG_9=0
PG_12=0
FLT_P2=0
FLT_P3=0
HEAT_1_TEMP=33
HEAT_1_DUTY=50
HEAT_2_TEMP=32
HEAT_2_DUTY=0
HEAT_3_TEMP=28
HEAT_3_DUTY=0
HEAT_4_TEMP=32
HEAT_4_DUTY=0

[21:02:11.543 EBOX]
TS=1786203623.007
V_SENSE5=1.23046875
V_SENSE9=0.0390625
V_SENSE12=0.1318359375
ADC_V5=4.9737548828125
ADC_V9=9.23065185546875
ADC_V12=11.646728515625
ADC_V28=27.67425537109375
THERMAL_SENS_OUT_1=31
THERMAL_SENS_OUT_2=-50
THERMAL_SENS_OUT_3=27
THERMAL_SENS_OUT_4=29
THERMAL_SENS_OUT_5=32
THERMAL_SENS_OUT_6=-50
THERMAL_SENS_INT_1=26
THERMAL_SENS_INT_2=26
PG_5=0
PG_9=0
PG_12=0
FLT_P2=0
FLT_P3=0
HEAT_1_TEMP=31
HEAT_1_DUTY=0
HEAT_2_TEMP=27
HEAT_2_DUTY=50
HEAT_3_TEMP=29
HEAT_3_DUTY=0
HEAT_4_TEMP=32
HEAT_4_DUTY=0

[21:02:11.981 EBOX]
TS=1786203623.531
V_SENSE5=1.1474609375
V_SENSE9=0.03662109375
V_SENSE12=0.13427734375
ADC_V5=4.8675537109375
ADC_V9=9.0625
ADC_V12=11.54052734375
ADC_V28=27.81585693359375
THERMAL_SENS_OUT_1=32
THERMAL_SENS_OUT_2=-50
THERMAL_SENS_OUT_3=28
THERMAL_SENS_OUT_4=34
THERMAL_SENS_OUT_5=32
THERMAL_SENS_OUT_6=-50
THERMAL_SENS_INT_1=24
THERMAL_SENS_INT_2=30
PG_5=0
PG_9=0
PG_12=0
FLT_P2=0
FLT_P3=0
HEAT_1_TEMP=32
HEAT_1_DUTY=0
HEAT_2_TEMP=28
HEAT_2_DUTY=50
HEAT_3_TEMP=34
HEAT_3_DUTY=0
HEAT_4_TEMP=32
HEAT_4_DUTY=0

[21:02:12.532 EBOX]
TS=1786203623.952
V_SENSE5=1.1767578125
V_SENSE9=0.0341796875
V_SENSE12=0.1171875
ADC_V5=4.85870361328125
ADC_V9=9.28375244140625
ADC_V12=11.4697265625
ADC_V28=27.60345458984375
THERMAL_SENS_OUT_1=30
THERMAL_SENS_OUT_2=-50
THERMAL_SENS_OUT_3=31
THERMAL_SENS_OUT_4=29
THERMAL_SENS_OUT_5=34
THERMAL_SENS_OUT_6=-50
THERMAL_SENS_INT_1=30
THERMAL_SENS_INT_2=28
PG_5=0
PG_9=0
PG_12=0
FLT_P2=0
FLT_P3=0
HEAT_1_TEMP=30
HEAT_1_DUTY=0
HEAT_2_TEMP=31
HEAT_2_DUTY=0
HEAT_3_TEMP=29
HEAT_3_DUTY=50
HEAT_4_TEMP=34
HEAT_4_DUTY=0

[21:02:13.085 EBOX]
TS=1786203624.481
V_SENSE5=1.15966796875
V_SENSE9=0.03662109375
V_SENSE12=0.126953125
ADC_V5=4.920654296875
ADC_V9=8.99169921875
ADC_V12=11.74407958984375
ADC_V28=27.76275634765625
THERMAL_SENS_OUT_1=33
THERMAL_SENS_OUT_2=-50
THERMAL_SENS_OUT_3=30
THERMAL_SENS_OUT_4=31
THERMAL_SENS_OUT_5=35
THERMAL_SENS_OUT_6=-50
THERMAL_SENS_INT_1=26
THERMAL_SENS_INT_2=30
PG_5=0
PG_9=0
PG_12=0
FLT_P2=0
FLT_P3=0
HEAT_1_TEMP=33
HEAT_1_DUTY=0
HEAT_2_TEMP=30
HEAT_2_DUTY=0
HEAT_3_TEMP=31
HEAT_3_DUTY=50
HEAT_4_TEMP=35
HEAT_4_DUTY=0

[21:02:13.567 EBOX]
TS=1786203625.002
V_SENSE5=1.1279296875
V_SENSE9=0.0341796875
V_SENSE12=0.1171875
ADC_V5=4.94720458984375
ADC_V9=9.3280029296875
ADC_V12=11.53167724609375
ADC_V28=27.5238037109375
THERMAL_SENS_OUT_1=28
THERMAL_SENS_OUT_2=-50
THERMAL_SENS_OUT_3=34
THERMAL_SENS_OUT_4=30
THERMAL_SENS_OUT_5=36
THERMAL_SENS_OUT_6=-50
THERMAL_SENS_INT_1=30
THERMAL_SENS_INT_2=27
PG_5=0
PG_9=0
PG_12=0
FLT_P2=0
FLT_P3=0
HEAT_1_TEMP=28
HEAT_1_DUTY=0
HEAT_2_TEMP=34
HEAT_2_DUTY=0
HEAT_3_TEMP=30
HEAT_3_DUTY=0
HEAT_4_TEMP=36
HEAT_4_DUTY=50

[21:02:14.106 EBOX]
TS=1786203625.524
V_SENSE5=1.1572265625
V_SENSE9=0.03662109375
V_SENSE12=0.13671875
ADC_V5=5.00030517578125
ADC_V9=8.75274658203125
ADC_V12=11.93878173828125
ADC_V28=27.8778076171875
THERMAL_SENS_OUT_1=33
THERMAL_SENS_OUT_2=-50
THERMAL_SENS_OUT_3=27
THERMAL_SENS_OUT_4=30
THERMAL_SENS_OUT_5=35
THERMAL_SENS_OUT_6=-50
THERMAL_SENS_INT_1=30
THERMAL_SENS_INT_2=28
PG_5=0
PG_9=0
PG_12=0
FLT_P2=0
FLT_P3=0
HEAT_1_TEMP=33
HEAT_1_DUTY=0
HEAT_2_TEMP=27
HEAT_2_DUTY=0
HEAT_3_TEMP=30
HEAT_3_DUTY=0
HEAT_4_TEMP=35
HEAT_4_DUTY=50

[21:02:14.645 EBOX]
TS=1786203626.046
V_SENSE5=0.71533203125
V_SENSE9=1.29638671875
V_SENSE12=0.3515625
ADC_V5=4.9737548828125
ADC_V9=9.1510009765625
ADC_V12=11.7529296875
ADC_V28=26.78924560546875
THERMAL_SENS_OUT_1=33
THERMAL_SENS_OUT_2=-50
THERMAL_SENS_OUT_3=28
THERMAL_SENS_OUT_4=30
THERMAL_SENS_OUT_5=34
THERMAL_SENS_OUT_6=-50
THERMAL_SENS_INT_1=29
THERMAL_SENS_INT_2=27
PG_5=0
PG_9=0
PG_12=0
FLT_P2=0
FLT_P3=0
HEAT_1_TEMP=33
HEAT_1_DUTY=50
HEAT_2_TEMP=28
HEAT_2_DUTY=0
HEAT_3_TEMP=30
HEAT_3_DUTY=0
HEAT_4_TEMP=34
HEAT_4_DUTY=0

[21:02:15.087 EBOX]
TS=1786203626.571
V_SENSE5=1.1572265625
V_SENSE9=0.0341796875
V_SENSE12=0.11962890625
ADC_V5=4.89410400390625
ADC_V9=9.4696044921875
ADC_V12=11.6290283203125
ADC_V28=27.99285888671875
THERMAL_SENS_OUT_1=34
THERMAL_SENS_OUT_2=-50
THERMAL_SENS_OUT_3=28
THERMAL_SENS_OUT_4=32
THERMAL_SENS_OUT_5=29
THERMAL_SENS_OUT_6=-50
THERMAL_SENS_INT_1=24
THERMAL_SENS_INT_2=31
PG_5=0
PG_9=0
PG_12=0
FLT_P2=0
FLT_P3=0
HEAT_1_TEMP=34
HEAT_1_DUTY=50
HEAT_2_TEMP=28
HEAT_2_DUTY=0
HEAT_3_TEMP=32
HEAT_3_DUTY=0
HEAT_4_TEMP=29
HEAT_4_DUTY=0

[21:02:15.628 EBOX]
TS=1786203627.098
V_SENSE5=1.15966796875
V_SENSE9=0.03662109375
V_SENSE12=0.1220703125
ADC_V5=4.8675537109375
ADC_V9=9.451904296875
ADC_V12=11.74407958984375
ADC_V28=27.647705078125
THERMAL_SENS_OUT_1=28
THERMAL_SENS_OUT_2=-50
THERMAL_SENS_OUT_3=29
THERMAL_SENS_OUT_4=35
THERMAL_SENS_OUT_5=32
THERMAL_SENS_OUT_6=-50
THERMAL_SENS_INT_1=25
THERMAL_SENS_INT_2=32
PG_5=0
PG_9=0
PG_12=0
FLT_P2=0
FLT_P3=0
HEAT_1_TEMP=28
HEAT_1_DUTY=0
HEAT_2_TEMP=29
HEAT_2_DUTY=50
HEAT_3_TEMP=35
HEAT_3_DUTY=0
HEAT_4_TEMP=32
HEAT_4_DUTY=0

[21:02:16.167 EBOX]
TS=1786203627.626
V_SENSE5=1.16943359375
V_SENSE9=0.0341796875
V_SENSE12=0.13671875
ADC_V5=5.0091552734375
ADC_V9=9.26605224609375
ADC_V12=11.51397705078125
ADC_V28=27.1697998046875
THERMAL_SENS_OUT_1=28
THERMAL_SENS_OUT_2=-50
THERMAL_SENS_OUT_3=32
THERMAL_SENS_OUT_4=28
THERMAL_SENS_OUT_5=31
THERMAL_SENS_OUT_6=-50
THERMAL_SENS_INT_1=25
THERMAL_SENS_INT_2=29
PG_5=0
PG_9=0
PG_12=0
FLT_P2=0
FLT_P3=0
HEAT_1_TEMP=28
HEAT_1_DUTY=0
HEAT_2_TEMP=32
HEAT_2_DUTY=50
HEAT_3_TEMP=28
HEAT_3_DUTY=0
HEAT_4_TEMP=31
HEAT_4_DUTY=0

[21:02:16.738 EBOX]
TS=1786203628.153
V_SENSE5=1.14990234375
V_SENSE9=0.03662109375
V_SENSE12=0.1171875
ADC_V5=4.9737548828125
ADC_V9=9.31915283203125
ADC_V12=11.82373046875
ADC_V28=27.8424072265625
THERMAL_SENS_OUT_1=32
THERMAL_SENS_OUT_2=-50
THERMAL_SENS_OUT_3=28
THERMAL_SENS_OUT_4=30
THERMAL_SENS_OUT_5=34
THERMAL_SENS_OUT_6=-50
THERMAL_SENS_INT_1=28
THERMAL_SENS_INT_2=27
PG_5=0
PG_9=0
PG_12=0
FLT_P2=0
FLT_P3=0
HEAT_1_TEMP=32
HEAT_1_DUTY=0
HEAT_2_TEMP=28
HEAT_2_DUTY=0
HEAT_3_TEMP=30
HEAT_3_DUTY=50
HEAT_4_TEMP=34
HEAT_4_DUTY=0

[21:02:17.177 EBOX]
TS=1786203628.679
V_SENSE5=1.15966796875
V_SENSE9=0.03173828125
V_SENSE12=0.1318359375
ADC_V5=4.94720458984375
ADC_V9=9.0093994140625
ADC_V12=11.8768310546875
ADC_V28=28.08135986328125
THERMAL_SENS_OUT_1=31
THERMAL_SENS_OUT_2=-50
THERMAL_SENS_OUT_3=31
THERMAL_SENS_OUT_4=34
THERMAL_SENS_OUT_5=30
THERMAL_SENS_OUT_6=-50
THERMAL_SENS_INT_1=29
THERMAL_SENS_INT_2=26
PG_5=0
PG_9=0
PG_12=0
FLT_P2=0
FLT_P3=0
HEAT_1_TEMP=31
HEAT_1_DUTY=0
HEAT_2_TEMP=31
HEAT_2_DUTY=0
HEAT_3_TEMP=34
HEAT_3_DUTY=50
HEAT_4_TEMP=30
HEAT_4_DUTY=0

[21:02:17.735 EBOX]
TS=1786203629.212
V_SENSE5=1.2158203125
V_SENSE9=0.05615234375
V_SENSE12=0.13916015625
ADC_V5=4.89410400390625
ADC_V9=9.239501953125
ADC_V12=11.79718017578125
ADC_V28=27.44415283203125
THERMAL_SENS_OUT_1=28
THERMAL_SENS_OUT_2=-50
THERMAL_SENS_OUT_3=29
THERMAL_SENS_OUT_4=30
THERMAL_SENS_OUT_5=36
THERMAL_SENS_OUT_6=-50
THERMAL_SENS_INT_1=25
THERMAL_SENS_INT_2=27
PG_5=0
PG_9=0
PG_12=0
FLT_P2=0
FLT_P3=0
HEAT_1_TEMP=28
HEAT_1_DUTY=0
HEAT_2_TEMP=29
HEAT_2_DUTY=0
HEAT_3_TEMP=30
HEAT_3_DUTY=0
HEAT_4_TEMP=36
HEAT_4_DUTY=50

[21:02:18.171 EBOX]
TS=1786203629.732
V_SENSE5=1.18896484375
V_SENSE9=0.0390625
V_SENSE12=0.13671875
ADC_V5=4.80560302734375
ADC_V9=9.3634033203125
ADC_V12=11.89453125
ADC_V28=28.08135986328125
THERMAL_SENS_OUT_1=33
THERMAL_SENS_OUT_2=-50
THERMAL_SENS_OUT_3=32
THERMAL_SENS_OUT_4=30
THERMAL_SENS_OUT_5=33
THERMAL_SENS_OUT_6=-50
THERMAL_SENS_INT_1=29
THERMAL_SENS_INT_2=28
PG_5=0
PG_9=0
PG_12=0
FLT_P2=0
FLT_P3=0
HEAT_1_TEMP=33
HEAT_1_DUTY=0
HEAT_2_TEMP=32
HEAT_2_DUTY=0
HEAT_3_TEMP=30
HEAT_3_DUTY=0
HEAT_4_TEMP=33
HEAT_4_DUTY=50

[21:02:18.725 EBOX]
TS=1786203630.259
V_SENSE5=1.19140625
V_SENSE9=0.0341796875
V_SENSE12=0.107421875
ADC_V5=5.0091552734375
ADC_V9=9.0447998046875
ADC_V12=11.8768310546875
ADC_V28=27.3291015625
THERMAL_SENS_OUT_1=29
THERMAL_SENS_OUT_2=-50
THERMAL_SENS_OUT_3=29
THERMAL_SENS_OUT_4=34
THERMAL_SENS_OUT_5=32
THERMAL_SENS_OUT_6=-50
THERMAL_SENS_INT_1=24
THERMAL_SENS_INT_2=29
PG_5=0
PG_9=0
PG_12=0
FLT_P2=0
FLT_P3=0
HEAT_1_TEMP=29
HEAT_1_DUTY=50
HEAT_2_TEMP=29
HEAT_2_DUTY=0
HEAT_3_TEMP=34
HEAT_3_DUTY=0
HEAT_4_TEMP=32
HEAT_4_DUTY=0

[21:02:19.269 EBOX]
TS=1786203630.680
V_SENSE5=1.16943359375
V_SENSE9=0.09521484375
V_SENSE12=0.1171875
ADC_V5=4.920654296875
ADC_V9=9.40765380859375
ADC_V12=11.6644287109375
ADC_V28=28.0902099609375
THERMAL_SENS_OUT_1=33
THERMAL_SENS_OUT_2=-50
THERMAL_SENS_OUT_3=34
THERMAL_SENS_OUT_4=31
THERMAL_SENS_OUT_5=32
THERMAL_SENS_OUT_6=-50
THERMAL_SENS_INT_1=28
THERMAL_SENS_INT_2=26
PG_5=0
PG_9=0
PG_12=0
FLT_P2=0
FLT_P3=0
HEAT_1_TEMP=33
HEAT_1_DUTY=50
HEAT_2_TEMP=34
HEAT_2_DUTY=0
HEAT_3_TEMP=31
HEAT_3_DUTY=0
HEAT_4_TEMP=32
HEAT_4_DUTY=0

[21:02:19.743 EBOX]
TS=1786203631.207
V_SENSE5=1.19384765625
V_SENSE9=0.0390625
V_SENSE12=0.107421875
ADC_V5=4.9560546875
ADC_V9=9.2218017578125
ADC_V12=11.89453125
ADC_V28=27.23175048828125
THERMAL_SENS_OUT_1=31
THERMAL_SENS_OUT_2=-50
THERMAL_SENS_OUT_3=30
THERMAL_SENS_OUT_4=33
THERMAL_SENS_OUT_5=31
THERMAL_SENS_OUT_6=-50
THERMAL_SENS_INT_1=26
THERMAL_SENS_INT_2=31
PG_5=0
PG_9=0
PG_12=0
FLT_P2=0
FLT_P3=0
HEAT_1_TEMP=31
HEAT_1_DUTY=0
HEAT_2_TEMP=30
HEAT_2_DUTY=50
HEAT_3_TEMP=33
HEAT_3_DUTY=0
HEAT_4_TEMP=31
HEAT_4_DUTY=0

[21:02:20.289 EBOX]
TS=1786203631.733
V_SENSE5=1.16943359375
V_SENSE9=0.0341796875
V_SENSE12=0.126953125
ADC_V5=4.98260498046875
ADC_V9=9.05364990234375
ADC_V12=11.5228271484375
ADC_V28=27.51495361328125
THERMAL_SENS_OUT_1=28
THERMAL_SENS_OUT_2=-50
THERMAL_SENS_OUT_3=30
THERMAL_SENS_OUT_4=29
THERMAL_SENS_OUT_5=35
THERMAL_SENS_OUT_6=-50
THERMAL_SENS_INT_1=26
THERMAL_SENS_INT_2=30
PG_5=0
PG_9=0
PG_12=0
FLT_P2=0
FLT_P3=0
HEAT_1_TEMP=28
HEAT_1_DUTY=0
HEAT_2_TEMP=30
HEAT_2_DUTY=50
HEAT_3_TEMP=29
HEAT_3_DUTY=0
HEAT_4_TEMP=35
HEAT_4_DUTY=0

[21:02:20.833 EBOX]
TS=1786203632.260
V_SENSE5=1.162109375
V_SENSE9=0.03662109375
V_SENSE12=0.1220703125
ADC_V5=4.991455078125
ADC_V9=9.0447998046875
ADC_V12=11.79718017578125
ADC_V28=27.2052001953125
THERMAL_SENS_OUT_1=31
THERMAL_SENS_OUT_2=-50
THERMAL_SENS_OUT_3=28
THERMAL_SENS_OUT_4=34
THERMAL_SENS_OUT_5=31
THERMAL_SENS_OUT_6=-50
THERMAL_SENS_INT_1=25
THERMAL_SENS_INT_2=29
PG_5=0
PG_9=0
PG_12=0
FLT_P2=0
FLT_P3=0
HEAT_1_TEMP=31
HEAT_1_DUTY=0
HEAT_2_TEMP=28
HEAT_2_DUTY=0
HEAT_3_TEMP=34
HEAT_3_DUTY=50
HEAT_4_TEMP=31
HEAT_4_DUTY=0

[21:02:21.271 EBOX]
TS=1786203632.787
V_SENSE5=1.181640625
V_SENSE9=0.03662109375
V_SENSE12=0.11962890625
ADC_V5=4.8675537109375
ADC_V9=8.99169921875
ADC_V12=11.54937744140625
ADC_V28=27.83355712890625
THERMAL_SENS_OUT_1=34
THERMAL_SENS_OUT_2=-50
THERMAL_SENS_OUT_3=29
THERMAL_SENS_OUT_4=34
THERMAL_SENS_OUT_5=32
THERMAL_SENS_OUT_6=-50
THERMAL_SENS_INT_1=30
THERMAL_SENS_INT_2=28
PG_5=0
PG_9=0
PG_12=0
FLT_P2=0
FLT_P3=0
HEAT_1_TEMP=34
HEAT_1_DUTY=0
HEAT_2_TEMP=29
HEAT_2_DUTY=0
HEAT_3_TEMP=34
HEAT_3_DUTY=50
HEAT_4_TEMP=32
HEAT_4_DUTY=0

[21:02:21.812 EBOX]
TS=1786203633.314
V_SENSE5=1.18408203125
V_SENSE9=0.03662109375
V_SENSE12=0.126953125
ADC_V5=4.88525390625
ADC_V9=9.310302734375
ADC_V12=11.575927734375
ADC_V28=27.9132080078125
THERMAL_SENS_OUT_1=33
THERMAL_SENS_OUT_2=-50
THERMAL_SENS_OUT_3=28
THERMAL_SENS_OUT_4=34
THERMAL_SENS_OUT_5=31
THERMAL_SENS_OUT_6=-50
THERMAL_SENS_INT_1=26
THERMAL_SENS_INT_2=26
PG_5=0
PG_9=0
PG_12=0
FLT_P2=0
FLT_P3=0
HEAT_1_TEMP=33
HEAT_1_DUTY=0
HEAT_2_TEMP=28
HEAT_2_DUTY=0
HEAT_3_TEMP=34
HEAT_3_DUTY=0
HEAT_4_TEMP=31
HEAT_4_DUTY=50

[21:02:22.368 EBOX]
TS=1786203633.736
V_SENSE5=1.162109375
V_SENSE9=0.03662109375
V_SENSE12=0.12939453125
ADC_V5=4.94720458984375
ADC_V9=9.2926025390625
ADC_V12=11.60247802734375
ADC_V28=27.32025146484375
THERMAL_SENS_OUT_1=29
THERMAL_SENS_OUT_2=-50
THERMAL_SENS_OUT_3=34
THERMAL_SENS_OUT_4=29
THERMAL_SENS_OUT_5=32
THERMAL_SENS_OUT_6=-50
THERMAL_SENS_INT_1=23
THERMAL_SENS_INT_2=26
PG_5=0
PG_9=0
PG_12=0
FLT_P2=0
FLT_P3=0
HEAT_1_TEMP=29
HEAT_1_DUTY=0
HEAT_2_TEMP=34
HEAT_2_DUTY=0
HEAT_3_TEMP=29
HEAT_3_DUTY=0
HEAT_4_TEMP=32
HEAT_4_DUTY=50

[21:02:22.835 EBOX]
TS=1786203634.261
V_SENSE5=1.19384765625
V_SENSE9=0.03662109375
V_SENSE12=0.1123046875
ADC_V5=4.8321533203125
ADC_V9=9.37225341796875
ADC_V12=11.8768310546875
ADC_V28=27.3822021484375
THERMAL_SENS_OUT_1=28
THERMAL_SENS_OUT_2=-50
THERMAL_SENS_OUT_3=28
THERMAL_SENS_OUT_4=33
THERMAL_SENS_OUT_5=30
THERMAL_SENS_OUT_6=-50
THERMAL_SENS_INT_1=24
THERMAL_SENS_INT_2=30
PG_5=0
PG_9=0
PG_12=0
FLT_P2=0
FLT_P3=0
HEAT_1_TEMP=28
HEAT_1_DUTY=50
HEAT_2_TEMP=28
HEAT_2_DUTY=0
HEAT_3_TEMP=33
HEAT_3_DUTY=0
HEAT_4_TEMP=30
HEAT_4_DUTY=0

[21:02:23.378 EBOX]
TS=1786203634.788
V_SENSE5=1.17431640625
V_SENSE9=0.03662109375
V_SENSE12=0.1171875
ADC_V5=5.00030517578125
ADC_V9=8.94744873046875
ADC_V12=11.929931640625
ADC_V28=27.49725341796875
THERMAL_SENS_OUT_1=29
THERMAL_SENS_OUT_2=-50
THERMAL_SENS_OUT_3=28
THERMAL_SENS_OUT_4=33
THERMAL_SENS_OUT_5=31
THERMAL_SENS_OUT_6=-50
THERMAL_SENS_INT_1=27
THERMAL_SENS_INT_2=28
PG_5=0
PG_9=0
PG_12=0
FLT_P2=0
FLT_P3=0
HEAT_1_TEMP=29
HEAT_1_DUTY=50
HEAT_2_TEMP=28
HEAT_2_DUTY=0
HEAT_3_TEMP=33
HEAT_3_DUTY=0
HEAT_4_TEMP=31
HEAT_4_DUTY=0

[21:02:23.921 EBOX]
TS=1786203635.315
V_SENSE5=1.12548828125
V_SENSE9=0.03662109375
V_SENSE12=0.13671875
ADC_V5=5.08880615234375
ADC_V9=9.3634033203125
ADC_V12=11.77947998046875
ADC_V28=27.85125732421875
THERMAL_SENS_OUT_1=33
THERMAL_SENS_OUT_2=-50
THERMAL_SENS_OUT_3=30
THERMAL_SENS_OUT_4=30
THERMAL_SENS_OUT_5=35
THERMAL_SENS_OUT_6=-50
THERMAL_SENS_INT_1=24
THERMAL_SENS_INT_2=27
PG_5=0
PG_9=0
PG_12=0
FLT_P2=0
FLT_P3=0
HEAT_1_TEMP=33
HEAT_1_DUTY=0
HEAT_2_TEMP=30
HEAT_2_DUTY=50
HEAT_3_TEMP=30
HEAT_3_DUTY=0
HEAT_4_TEMP=35
HEAT_4_DUTY=0

[21:02:24.382 EBOX]
TS=1786203635.836
V_SENSE5=1.16455078125
V_SENSE9=0.03662109375
V_SENSE12=0.126953125
ADC_V5=4.9383544921875
ADC_V9=9.027099609375
ADC_V12=11.79718017578125
ADC_V28=27.60345458984375
THERMAL_SENS_OUT_1=32
THERMAL_SENS_OUT_2=-50
THERMAL_SENS_OUT_3=33
THERMAL_SENS_OUT_4=30
THERMAL_SENS_OUT_5=31
THERMAL_SENS_OUT_6=-50
THERMAL_SENS_INT_1=27
THERMAL_SENS_INT_2=28
PG_5=0
PG_9=0
PG_12=0
FLT_P2=0
FLT_P3=0
HEAT_1_TEMP=32
HEAT_1_DUTY=0
HEAT_2_TEMP=33
HEAT_2_DUTY=50
HEAT_3_TEMP=30
HEAT_3_DUTY=0
HEAT_4_TEMP=31
HEAT_4_DUTY=0

[21:02:24.920 EBOX]
TS=1786203636.364
V_SENSE5=1.1572265625
V_SENSE9=0.0390625
V_SENSE12=0.10986328125
ADC_V5=4.9383544921875
ADC_V9=9.0625
ADC_V12=11.53167724609375
ADC_V28=27.74505615234375
THERMAL_SENS_OUT_1=30
THERMAL_SENS_OUT_2=-50
THERMAL_SENS_OUT_3=30
THERMAL_SENS_OUT_4=30
THERMAL_SENS_OUT_5=32
THERMAL_SENS_OUT_6=-50
THERMAL_SENS_INT_1=27
THERMAL_SENS_INT_2=28
PG_5=0
PG_9=0
PG_12=0
FLT_P2=0
FLT_P3=0
HEAT_1_TEMP=30
HEAT_1_DUTY=0
HEAT_2_TEMP=30
HEAT_2_DUTY=0
HEAT_3_TEMP=30
HEAT_3_DUTY=50
HEAT_4_TEMP=32
HEAT_4_DUTY=0

[21:02:25.477 EBOX]
TS=1786203636.887
V_SENSE5=1.19873046875
V_SENSE9=0.03662109375
V_SENSE12=0.11962890625
ADC_V5=4.8675537109375
ADC_V9=9.31915283203125
ADC_V12=11.63787841796875
ADC_V28=27.46185302734375
THERMAL_SENS_OUT_1=34
THERMAL_SENS_OUT_2=-50
THERMAL_SENS_OUT_3=30
THERMAL_SENS_OUT_4=34
THERMAL_SENS_OUT_5=29
THERMAL_SENS_OUT_6=-50
THERMAL_SENS_INT_1=28
THERMAL_SENS_INT_2=30
PG_5=0
PG_9=0
PG_12=0
FLT_P2=0
FLT_P3=0
HEAT_1_TEMP=34
HEAT_1_DUTY=0
HEAT_2_TEMP=30
HEAT_2_DUTY=0
HEAT_3_TEMP=34
HEAT_3_DUTY=50
HEAT_4_TEMP=29
HEAT_4_DUTY=0

[21:02:26.013 EBOX]
TS=1786203637.408
V_SENSE5=1.14990234375
V_SENSE9=0.03662109375
V_SENSE12=0.146484375
ADC_V5=4.94720458984375
ADC_V9=8.94744873046875
ADC_V12=11.92108154296875
ADC_V28=27.55035400390625
THERMAL_SENS_OUT_1=32
THERMAL_SENS_OUT_2=-50
THERMAL_SENS_OUT_3=28
THERMAL_SENS_OUT_4=31
THERMAL_SENS_OUT_5=36
THERMAL_SENS_OUT_6=-50
THERMAL_SENS_INT_1=27
THERMAL_SENS_INT_2=31
PG_5=0
PG_9=0
PG_12=0
FLT_P2=0
FLT_P3=0
HEAT_1_TEMP=32
HEAT_1_DUTY=0
HEAT_2_TEMP=28
HEAT_2_DUTY=0
HEAT_3_TEMP=31
HEAT_3_DUTY=0
HEAT_4_TEMP=36
HEAT_4_DUTY=50

[21:02:26.465 EBOX]
TS=1786203637.935
V_SENSE5=1.18896484375
V_SENSE9=0.0390625
V_SENSE12=0.1416015625
ADC_V5=4.82330322265625
ADC_V9=9.5404052734375
ADC_V12=11.788330078125
ADC_V28=27.33795166015625
THERMAL_SENS_OUT_1=28
THERMAL_SENS_OUT_2=-50
THERMAL_SENS_OUT_3=32
THERMAL_SENS_OUT_4=30
THERMAL_SENS_OUT_5=31
THERMAL_SENS_OUT_6=-50
THERMAL_SENS_INT_1=26
THERMAL_SENS_INT_2=32
PG_5=0
PG_9=0
PG_12=0
FLT_P2=0
FLT_P3=0
HEAT_1_TEMP=28
HEAT_1_DUTY=50
HEAT_2_TEMP=32
HEAT_2_DUTY=0
HEAT_3_TEMP=30
HEAT_3_DUTY=0
HEAT_4_TEMP=31
HEAT_4_DUTY=0

[21:02:27.002 EBOX]
TS=1786203638.462
V_SENSE5=1.20361328125
V_SENSE9=0.05615234375
V_SENSE12=0.11962890625
ADC_V5=4.991455078125
ADC_V9=9.44305419921875
ADC_V12=11.575927734375
ADC_V28=28.072509765625
THERMAL_SENS_OUT_1=30
THERMAL_SENS_OUT_2=-50
THERMAL_SENS_OUT_3=30
THERMAL_SENS_OUT_4=33
THERMAL_SENS_OUT_5=30
THERMAL_SENS_OUT_6=-50
THERMAL_SENS_INT_1=29
THERMAL_SENS_INT_2=28
PG_5=0
PG_9=0
PG_12=0
FLT_P2=0
FLT_P3=0
HEAT_1_TEMP=30
HEAT_1_DUTY=50
HEAT_2_TEMP=30
HEAT_2_DUTY=0
HEAT_3_TEMP=33
HEAT_3_DUTY=0
HEAT_4_TEMP=30
HEAT_4_DUTY=0

[21:02:27.541 EBOX]
TS=1786203638.989
V_SENSE5=1.181640625
V_SENSE9=0.0341796875
V_SENSE12=0.107421875
ADC_V5=5.00030517578125
ADC_V9=9.0802001953125
ADC_V12=11.54937744140625
ADC_V28=27.68310546875
THERMAL_SENS_OUT_1=29
THERMAL_SENS_OUT_2=-50
THERMAL_SENS_OUT_3=31
THERMAL_SENS_OUT_4=34
THERMAL_SENS_OUT_5=30
THERMAL_SENS_OUT_6=-50
THERMAL_SENS_INT_1=29
THERMAL_SENS_INT_2=29
PG_5=0
PG_9=0
PG_12=0
FLT_P2=0
FLT_P3=0
HEAT_1_TEMP=29
HEAT_1_DUTY=0
HEAT_2_TEMP=31
HEAT_2_DUTY=50
HEAT_3_TEMP=34
HEAT_3_DUTY=0
HEAT_4_TEMP=30
HEAT_4_DUTY=0

[21:02:28.080 EBOX]
TS=1786203639.515
V_SENSE5=1.1474609375
V_SENSE9=0.0341796875
V_SENSE12=0.107421875
ADC_V5=5.08880615234375
ADC_V9=8.956298828125
ADC_V12=11.60247802734375
ADC_V28=27.44415283203125
THERMAL_SENS_OUT_1=32
THERMAL_SENS_OUT_2=-50
THERMAL_SENS_OUT_3=28
THERMAL_SENS_OUT_4=31
THERMAL_SENS_OUT_5=32
THERMAL_SENS_OUT_6=-50
THERMAL_SENS_INT_1=29
THERMAL_SENS_INT_2=28
PG_5=0
PG_9=0
PG_12=0
FLT_P2=0
FLT_P3=0
HEAT_1_TEMP=32
HEAT_1_DUTY=0
HEAT_2_TEMP=28
HEAT_2_DUTY=50
HEAT_3_TEMP=31
HEAT_3_DUTY=0
HEAT_4_TEMP=32
HEAT_4_DUTY=0

[21:02:28.621 EBOX]
TS=1786203640.043
V_SENSE5=0.68603515625
V_SENSE9=1.0302734375
V_SENSE12=0.02685546875
ADC_V5=4.9560546875
ADC_V9=9.3634033203125
ADC_V12=11.79718017578125
ADC_V28=27.53265380859375
THERMAL_SENS_OUT_1=33
THERMAL_SENS_OUT_2=-50
THERMAL_SENS_OUT_3=27
THERMAL_SENS_OUT_4=30
THERMAL_SENS_OUT_5=34
THERMAL_SENS_OUT_6=-50
THERMAL_SENS_INT_1=26
THERMAL_SENS_INT_2=31
PG_5=0
PG_9=0
PG_12=0
FLT_P2=0
FLT_P3=0
HEAT_1_TEMP=33
HEAT_1_DUTY=0
HEAT_2_TEMP=27
HEAT_2_DUTY=0
HEAT_3_TEMP=30
HEAT_3_DUTY=50
HEAT_4_TEMP=34
HEAT_4_DUTY=0

[21:02:29.073 EBOX]
TS=1786203640.570
V_SENSE5=1.24755859375
V_SENSE9=0.0390625
V_SENSE12=0.10986328125
ADC_V5=4.96490478515625
ADC_V9=9.3634033203125
ADC_V12=11.53167724609375
ADC_V28=27.92205810546875
THERMAL_SENS_OUT_1=31
THERMAL_SENS_OUT_2=-50
THERMAL_SENS_OUT_3=34
THERMAL_SENS_OUT_4=32
THERMAL_SENS_OUT_5=30
THERMAL_SENS_OUT_6=-50
THERMAL_SENS_INT_1=27
THERMAL_SENS_INT_2=26
PG_5=0
PG_9=0
PG_12=0
FLT_P2=0
FLT_P3=0
HEAT_1_TEMP=31
HEAT_1_DUTY=0
HEAT_2_TEMP=34
HEAT_2_DUTY=0
HEAT_3_TEMP=32
HEAT_3_DUTY=50
HEAT_4_TEMP=30
HEAT_4_DUTY=0

[21:02:29.616 EBOX]
TS=1786203641.096
V_SENSE5=1.171875
V_SENSE9=0.0341796875
V_SENSE12=0.14404296875
ADC_V5=4.9737548828125
ADC_V9=8.91204833984375
ADC_V12=11.5936279296875
ADC_V28=27.8778076171875
THERMAL_SENS_OUT_1=30
THERMAL_SENS_OUT_2=-50
THERMAL_SENS_OUT_3=33
THERMAL_SENS_OUT_4=29
THERMAL_SENS_OUT_5=35
THERMAL_SENS_OUT_6=-50
THERMAL_SENS_INT_1=29
THERMAL_SENS_INT_2=26
PG_5=0
PG_9=0
PG_12=0
FLT_P2=0
FLT_P3=0
HEAT_1_TEMP=30
HEAT_1_DUTY=0
HEAT_2_TEMP=33
HEAT_2_DUTY=0
HEAT_3_TEMP=29
HEAT_3_DUTY=0
HEAT_4_TEMP=35
HEAT_4_DUTY=50

[21:02:30.169 EBOX]
TS=1786203641.623
V_SENSE5=1.162109375
V_SENSE9=0.0341796875
V_SENSE12=0.146484375
ADC_V5=4.849853515625
ADC_V9=9.44305419921875
ADC_V12=11.44317626953125
ADC_V28=27.55035400390625
THERMAL_SENS_OUT_1=28
THERMAL_SENS_OUT_2=-50
THERMAL_SENS_OUT_3=29
THERMAL_SENS_OUT_4=35
THERMAL_SENS_OUT_5=33
THERMAL_SENS_OUT_6=-50
THERMAL_SENS_INT_1=26
THERMAL_SENS_INT_2=27
PG_5=0
PG_9=0
PG_12=0
FLT_P2=0
FLT_P3=0
HEAT_1_TEMP=28
HEAT_1_DUTY=0
HEAT_2_TEMP=29
HEAT_2_DUTY=0
HEAT_3_TEMP=35
HEAT_3_DUTY=0
HEAT_4_TEMP=33
HEAT_4_DUTY=50

[21:02:30.630 EBOX]
TS=1786203642.149
V_SENSE5=1.19140625
V_SENSE9=0.0390625
V_SENSE12=0.1025390625
ADC_V5=4.814453125
ADC_V9=8.99169921875
ADC_V12=11.62017822265625
ADC_V28=28.16986083984375
THERMAL_SENS_OUT_1=32
THERMAL_SENS_OUT_2=-50
THERMAL_SENS_OUT_3=29
THERMAL_SENS_OUT_4=34
THERMAL_SENS_OUT_5=31
THERMAL_SENS_OUT_6=-50
THERMAL_SENS_INT_1=25
THERMAL_SENS_INT_2=31
PG_5=0
PG_9=0
PG_12=0
FLT_P2=0
FLT_P3=0
HEAT_1_TEMP=32
HEAT_1_DUTY=50
HEAT_2_TEMP=29
HEAT_2_DUTY=0
HEAT_3_TEMP=34
HEAT_3_DUTY=0
HEAT_4_TEMP=31
HEAT_4_DUTY=0

[21:02:31.179 EBOX]
TS=1786203642.676
V_SENSE5=1.1669921875
V_SENSE9=0.03662109375
V_SENSE12=0.126953125
ADC_V5=4.7967529296875
ADC_V9=9.2572021484375
ADC_V12=11.89453125
ADC_V28=27.364501953125
THERMAL_SENS_OUT_1=30
THERMAL_SENS_OUT_2=-50
THERMAL_SENS_OUT_3=34
THERMAL_SENS_OUT_4=32
THERMAL_SENS_OUT_5=35
THERMAL_SENS_OUT_6=-50
THERMAL_SENS_INT_1=30
THERMAL_SENS_INT_2=29
PG_5=0
PG_9=0
PG_12=0
FLT_P2=0
FLT_P3=0
HEAT_1_TEMP=30
HEAT_1_DUTY=50
HEAT_2_TEMP=34
HEAT_2_DUTY=0
HEAT_3_TEMP=32
HEAT_3_DUTY=0
HEAT_4_TEMP=35
HEAT_4_DUTY=0

[21:02:31.742 EBOX]
TS=1786203643.202
V_SENSE5=1.181640625
V_SENSE9=0.03662109375
V_SENSE12=0.1220703125
ADC_V5=4.82330322265625
ADC_V9=9.38995361328125
ADC_V12=11.9122314453125
ADC_V28=27.2406005859375
THERMAL_SENS_OUT_1=30
THERMAL_SENS_OUT_2=-50
THERMAL_SENS_OUT_3=30
THERMAL_SENS_OUT_4=30
THERMAL_SENS_OUT_5=36
THERMAL_SENS_OUT_6=-50
THERMAL_SENS_INT_1=25
THERMAL_SENS_INT_2=28
PG_5=0
PG_9=0
PG_12=0
FLT_P2=0
FLT_P3=0
HEAT_1_TEMP=30
HEAT_1_DUTY=0
HEAT_2_TEMP=30
HEAT_2_DUTY=50
HEAT_3_TEMP=30
HEAT_3_DUTY=0
HEAT_4_TEMP=36
HEAT_4_DUTY=0

[21:02:32.190 EBOX]
TS=1786203643.729
V_SENSE5=1.18896484375
V_SENSE9=0.0341796875
V_SENSE12=0.1123046875
ADC_V5=4.9560546875
ADC_V9=8.85894775390625
ADC_V12=11.7706298828125
ADC_V28=27.86895751953125
THERMAL_SENS_OUT_1=35
THERMAL_SENS_OUT_2=-50
THERMAL_SENS_OUT_3=27
THERMAL_SENS_OUT_4=30
THERMAL_SENS_OUT_5=31
THERMAL_SENS_OUT_6=-50
THERMAL_SENS_INT_1=27
THERMAL_SENS_INT_2=26
PG_5=0
PG_9=0
PG_12=0
FLT_P2=0
FLT_P3=0
HEAT_1_TEMP=35
HEAT_1_DUTY=0
HEAT_2_TEMP=27
HEAT_2_DUTY=50
HEAT_3_TEMP=30
HEAT_3_DUTY=0
HEAT_4_TEMP=31
HEAT_4_DUTY=0

[21:02:32.751 EBOX]
TS=1786203644.151
V_SENSE5=1.201171875
V_SENSE9=0.0341796875
V_SENSE12=0.1220703125
ADC_V5=4.8675537109375
ADC_V9=9.12445068359375
ADC_V12=11.56707763671875
ADC_V28=27.83355712890625
THERMAL_SENS_OUT_1=32
THERMAL_SENS_OUT_2=-50
THERMAL_SENS_OUT_3=33
THERMAL_SENS_OUT_4=30
THERMAL_SENS_OUT_5=32
THERMAL_SENS_OUT_6=-50
THERMAL_SENS_INT_1=29
THERMAL_SENS_INT_2=27
PG_5=0
PG_9=0
PG_12=0
FLT_P2=0
FLT_P3=0
HEAT_1_TEMP=32
HEAT_1_DUTY=0
HEAT_2_TEMP=33
HEAT_2_DUTY=0
HEAT_3_TEMP=30
HEAT_3_DUTY=50
HEAT_4_TEMP=32
HEAT_4_DUTY=0

[21:02:33.191 EBOX]
TS=1786203644.676
V_SENSE5=1.1669921875
V_SENSE9=0.0341796875
V_SENSE12=0.1025390625
ADC_V5=4.991455078125
ADC_V9=9.2041015625
ADC_V12=12.02728271484375
ADC_V28=27.930908203125
THERMAL_SENS_OUT_1=33
THERMAL_SENS_OUT_2=-50
THERMAL_SENS_OUT_3=32
THERMAL_SENS_OUT_4=29
THERMAL_SENS_OUT_5=35
THERMAL_SENS_OUT_6=-50
THERMAL_SENS_INT_1=29
THERMAL_SENS_INT_2=26
PG_5=0
PG_9=0
PG_12=0
FLT_P2=0
FLT_P3=0
HEAT_1_TEMP=33
HEAT_1_DUTY=0
HEAT_2_TEMP=32
HEAT_2_DUTY=0
HEAT_3_TEMP=29
HEAT_3_DUTY=50
HEAT_4_TEMP=35
HEAT_4_DUTY=0

[21:02:33.756 EBOX]
TS=1786203645.198
V_SENSE5=1.16455078125
V_SENSE9=0.03662109375
V_SENSE12=0.1171875
ADC_V5=4.9560546875
ADC_V9=9.2572021484375
ADC_V12=11.54052734375
ADC_V28=27.9132080078125
THERMAL_SENS_OUT_1=33
THERMAL_SENS_OUT_2=-50
THERMAL_SENS_OUT_3=32
THERMAL_SENS_OUT_4=29
THERMAL_SENS_OUT_5=34
THERMAL_SENS_OUT_6=-50
THERMAL_SENS_INT_1=29
THERMAL_SENS_INT_2=27
PG_5=0
PG_9=0
PG_12=0
FLT_P2=0
FLT_P3=0
HEAT_1_TEMP=33
HEAT_1_DUTY=0
HEAT_2_TEMP=32
HEAT_2_DUTY=0
HEAT_3_TEMP=29
HEAT_3_DUTY=0
HEAT_4_TEMP=34
HEAT_4_DUTY=50

[21:02:34.292 EBOX]
TS=1786203645.731
V_SENSE5=1.19873046875
V_SENSE9=0.0390625
V_SENSE12=0.1123046875
ADC_V5=4.9560546875
ADC_V9=9.23065185546875
ADC_V12=11.9122314453125
ADC_V28=27.28485107421875
THERMAL_SENS_OUT_1=32
THERMAL_SENS_OUT_2=-50
THERMAL_SENS_OUT_3=29
THERMAL_SENS_OUT_4=34
THERMAL_SENS_OUT_5=32
THERMAL_SENS_OUT_6=-50
THERMAL_SENS_INT_1=26
THERMAL_SENS_INT_2=29
PG_5=0
PG_9=0
PG_12=0
FLT_P2=0
FLT_P3=0
HEAT_1_TEMP=32
HEAT_1_DUTY=0
HEAT_2_TEMP=29
HEAT_2_DUTY=0
HEAT_3_TEMP=34
HEAT_3_DUTY=0
HEAT_4_TEMP=32
HEAT_4_DUTY=50

[21:02:34.829 EBOX]
TS=1786203646.246
V_SENSE5=1.24755859375
V_SENSE9=0.0341796875
V_SENSE12=0.1220703125
ADC_V5=4.9737548828125
ADC_V9=8.85894775390625
ADC_V12=11.72637939453125
ADC_V28=27.6123046875
THERMAL_SENS_OUT_1=29
THERMAL_SENS_OUT_2=-50
THERMAL_SENS_OUT_3=29
THERMAL_SENS_OUT_4=34
THERMAL_SENS_OUT_5=32
THERMAL_SENS_OUT_6=-50
THERMAL_SENS_INT_1=28
THERMAL_SENS_INT_2=26
PG_5=0
PG_9=0
PG_12=0
FLT_P2=0
FLT_P3=0
HEAT_1_TEMP=29
HEAT_1_DUTY=50
HEAT_2_TEMP=29
HEAT_2_DUTY=0
HEAT_3_TEMP=34
HEAT_3_DUTY=0
HEAT_4_TEMP=32
HEAT_4_DUTY=0

[21:02:35.267 EBOX]
TS=1786203646.774
V_SENSE5=1.240234375
V_SENSE9=0.0341796875
V_SENSE12=0.11474609375
ADC_V5=4.9560546875
ADC_V9=9.12445068359375
ADC_V12=11.8768310546875
ADC_V28=27.63885498046875
THERMAL_SENS_OUT_1=33
THERMAL_SENS_OUT_2=-50
THERMAL_SENS_OUT_3=31
THERMAL_SENS_OUT_4=31
THERMAL_SENS_OUT_5=30
THERMAL_SENS_OUT_6=-50
THERMAL_SENS_INT_1=28
THERMAL_SENS_INT_2=30
PG_5=0
PG_9=0
PG_12=0
FLT_P2=0
FLT_P3=0
HEAT_1_TEMP=33
HEAT_1_DUTY=50
HEAT_2_TEMP=31
HEAT_2_DUTY=0
HEAT_3_TEMP=31
HEAT_3_DUTY=0
HEAT_4_TEMP=30
HEAT_4_DUTY=0

[21:02:35.806 EBOX]
TS=1786203647.300
V_SENSE5=1.19384765625
V_SENSE9=0.0341796875
V_SENSE12=0.13916015625
ADC_V5=5.0091552734375
ADC_V9=9.0447998046875
ADC_V12=12.02728271484375
ADC_V28=27.81585693359375
THERMAL_SENS_OUT_1=33
THERMAL_SENS_OUT_2=-50
THERMAL_SENS_OUT_3=33
THERMAL_SENS_OUT_4=29
THERMAL_SENS_OUT_5=35
THERMAL_SENS_OUT_6=-50
THERMAL_SENS_INT_1=29
THERMAL_SENS_INT_2=27
PG_5=0
PG_9=0
PG_12=0
FLT_P2=0
FLT_P3=0
HEAT_1_TEMP=33
HEAT_1_DUTY=0
HEAT_2_TEMP=33
HEAT_2_DUTY=50
HEAT_3_TEMP=29
HEAT_3_DUTY=0
HEAT_4_TEMP=35
HEAT_4_DUTY=0

[21:02:36.362 EBOX]
TS=1786203647.825
V_SENSE5=1.15478515625
V_SENSE9=0.0341796875
V_SENSE12=0.13671875
ADC_V5=4.92950439453125
ADC_V9=9.2218017578125
ADC_V12=11.7706298828125
ADC_V28=27.7008056640625
THERMAL_SENS_OUT_1=30
THERMAL_SENS_OUT_2=-50
THERMAL_SENS_OUT_3=30
THERMAL_SENS_OUT_4=34
THERMAL_SENS_OUT_5=31
THERMAL_SENS_OUT_6=-50
THERMAL_SENS_INT_1=23
THERMAL_SENS_INT_2=28
PG_5=0
PG_9=0
PG_12=0
FLT_P2=0
FLT_P3=0
HEAT_1_TEMP=30
HEAT_1_DUTY=0
HEAT_2_TEMP=30
HEAT_2_DUTY=50
HEAT_3_TEMP=34
HEAT_3_DUTY=0
HEAT_4_TEMP=31
HEAT_4_DUTY=0

[21:02:36.918 EBOX]
TS=1786203648.351
V_SENSE5=1.17919921875
V_SENSE9=0.05615234375
V_SENSE12=0.1123046875
ADC_V5=4.88525390625
ADC_V9=9.35455322265625
ADC_V12=11.4874267578125
ADC_V28=27.0635986328125
THERMAL_SENS_OUT_1=32
THERMAL_SENS_OUT_2=-50
THERMAL_SENS_OUT_3=30
THERMAL_SENS_OUT_4=35
THERMAL_SENS_OUT_5=31
THERMAL_SENS_OUT_6=-50
THERMAL_SENS_INT_1=25
THERMAL_SENS_INT_2=31
PG_5=0
PG_9=0
PG_12=0
FLT_P2=0
FLT_P3=0
HEAT_1_TEMP=32
HEAT_1_DUTY=0
HEAT_2_TEMP=30
HEAT_2_DUTY=0
HEAT_3_TEMP=35
HEAT_3_DUTY=50
HEAT_4_TEMP=31
HEAT_4_DUTY=0

[21:02:37.357 EBOX]
TS=1786203648.879
V_SENSE5=1.18408203125
V_SENSE9=0.0341796875
V_SENSE12=0.12451171875
ADC_V5=4.9383544921875
ADC_V9=8.9739990234375
ADC_V12=11.89453125
ADC_V28=28.02825927734375
THERMAL_SENS_OUT_1=28
THERMAL_SENS_OUT_2=-50
THERMAL_SENS_OUT_3=30
THERMAL_SENS_OUT_4=28
THERMAL_SENS_OUT_5=31
THERMAL_SENS_OUT_6=-50
THERMAL_SENS_INT_1=27
THERMAL_SENS_INT_2=29
PG_5=0
PG_9=0
PG_12=0
FLT_P2=0
FLT_P3=0
HEAT_1_TEMP=28
HEAT_1_DUTY=0
HEAT_2_TEMP=30
HEAT_2_DUTY=0
HEAT_3_TEMP=28
HEAT_3_DUTY=50
HEAT_4_TEMP=31
HEAT_4_DUTY=0

[21:02:37.898 EBOX]
TS=1786203649.403
V_SENSE5=1.15966796875
V_SENSE9=0.0390625
V_SENSE12=0.1025390625
ADC_V5=4.85870361328125
ADC_V9=9.0447998046875
ADC_V12=11.5936279296875
ADC_V28=27.63885498046875
THERMAL_SENS_OUT_1=34
THERMAL_SENS_OUT_2=-50
THERMAL_SENS_OUT_3=28
THERMAL_SENS_OUT_4=30
THERMAL_SENS_OUT_5=34
THERMAL_SENS_OUT_6=-50
THERMAL_SENS_INT_1=29
THERMAL_SENS_INT_2=26
PG_5=0
PG_9=0
PG_12=0
FLT_P2=0
FLT_P3=0
HEAT_1_TEMP=34
HEAT_1_DUTY=0
HEAT_2_TEMP=28
HEAT_2_DUTY=0
HEAT_3_TEMP=30
HEAT_3_DUTY=0
HEAT_4_TEMP=34
HEAT_4_DUTY=50

[21:02:38.439 EBOX]
TS=1786203649.929
V_SENSE5=1.24755859375
V_SENSE9=0.04150390625
V_SENSE12=0.13916015625
ADC_V5=4.87640380859375
ADC_V9=8.99169921875
ADC_V12=11.58477783203125
ADC_V28=27.9132080078125
THERMAL_SENS_OUT_1=34
THERMAL_SENS_OUT_2=-50
THERMAL_SENS_OUT_3=33
THERMAL_SENS_OUT_4=30
THERMAL_SENS_OUT_5=37
THERMAL_SENS_OUT_6=-50
THERMAL_SENS_INT_1=24
THERMAL_SENS_INT_2=29
PG_5=0
PG_9=0
PG_12=0
FLT_P2=0
FLT_P3=0
HEAT_1_TEMP=34
HEAT_1_DUTY=0
HEAT_2_TEMP=33
HEAT_2_DUTY=0
HEAT_3_TEMP=30
HEAT_3_DUTY=0
HEAT_4_TEMP=37
HEAT_4_DUTY=50

[21:02:38.977 EBOX]
TS=1786203650.456
V_SENSE5=1.1669921875
V_SENSE9=0.06591796875
V_SENSE12=0.12939453125
ADC_V5=4.85870361328125
ADC_V9=9.2926025390625
ADC_V12=11.4874267578125
ADC_V28=27.83355712890625
THERMAL_SENS_OUT_1=34
THERMAL_SENS_OUT_2=-50
THERMAL_SENS_OUT_3=33
THERMAL_SENS_OUT_4=30
THERMAL_SENS_OUT_5=34
THERMAL_SENS_OUT_6=-50
THERMAL_SENS_INT_1=28
THERMAL_SENS_INT_2=26
PG_5=0
PG_9=0
PG_12=0
FLT_P2=0
FLT_P3=0
HEAT_1_TEMP=34
HEAT_1_DUTY=50
HEAT_2_TEMP=33
HEAT_2_DUTY=0
HEAT_3_TEMP=30
HEAT_3_DUTY=0
HEAT_4_TEMP=34
HEAT_4_DUTY=0

[21:02:39.435 EBOX]
TS=1786203650.884
V_SENSE5=1.24755859375
V_SENSE9=0.03662109375
V_SENSE12=0.1171875
ADC_V5=4.98260498046875
ADC_V9=9.239501953125
ADC_V12=11.83258056640625
ADC_V28=27.11669921875
THERMAL_SENS_OUT_1=34
THERMAL_SENS_OUT_2=-50
THERMAL_SENS_OUT_3=32
THERMAL_SENS_OUT_4=32
THERMAL_SENS_OUT_5=31
THERMAL_SENS_OUT_6=-50
THERMAL_SENS_INT_1=27
THERMAL_SENS_INT_2=32
PG_5=0
PG_9=0
PG_12=0
FLT_P2=0
FLT_P3=0
HEAT_1_TEMP=34
HEAT_1_DUTY=50
HEAT_2_TEMP=32
HEAT_2_DUTY=0
HEAT_3_TEMP=32
HEAT_3_DUTY=0
HEAT_4_TEMP=31
HEAT_4_DUTY=0

[21:02:40.000 EBOX]
TS=1786203651.405
V_SENSE5=1.13525390625
V_SENSE9=0.0341796875
V_SENSE12=0.1171875
ADC_V5=4.8321533203125
ADC_V9=9.2572021484375
ADC_V12=11.54052734375
ADC_V28=27.05474853515625
THERMAL_SENS_OUT_1=30
THERMAL_SENS_OUT_2=-50
THERMAL_SENS_OUT_3=29
THERMAL_SENS_OUT_4=33
THERMAL_SENS_OUT_5=30
THERMAL_SENS_OUT_6=-50
THERMAL_SENS_INT_1=24
THERMAL_SENS_INT_2=27
PG_5=0
PG_9=0
PG_12=0
FLT_P2=0
FLT_P3=0
HEAT_1_TEMP=30
HEAT_1_DUTY=0
HEAT_2_TEMP=29
HEAT_2_DUTY=50
HEAT_3_TEMP=33
HEAT_3_DUTY=0
HEAT_4_TEMP=30
HEAT_4_DUTY=0

[21:02:40.439 EBOX]
TS=1786203651.933
V_SENSE5=1.1669921875
V_SENSE9=0.0439453125
V_SENSE12=0.107421875
ADC_V5=5.05340576171875
ADC_V9=8.956298828125
ADC_V12=11.505126953125
ADC_V28=27.11669921875
THERMAL_SENS_OUT_1=30
THERMAL_SENS_OUT_2=-50
THERMAL_SENS_OUT_3=29
THERMAL_SENS_OUT_4=33
THERMAL_SENS_OUT_5=31
THERMAL_SENS_OUT_6=-50
THERMAL_SENS_INT_1=25
THERMAL_SENS_INT_2=31
PG_5=0
PG_9=0
PG_12=0
FLT_P2=0
FLT_P3=0
HEAT_1_TEMP=30
HEAT_1_DUTY=0
HEAT_2_TEMP=29
HEAT_2_DUTY=0
HEAT_3_TEMP=33
HEAT_3_DUTY=50
HEAT_4_TEMP=31
HEAT_4_DUTY=0

[21:02:40.974 EBOX]
TS=1786203652.459
V_SENSE5=1.15478515625
V_SENSE9=0.0390625
V_SENSE12=0.1025390625
ADC_V5=4.9029541015625
ADC_V9=9.310302734375
ADC_V12=11.93878173828125
ADC_V28=28.10791015625
THERMAL_SENS_OUT_1=31
THERMAL_SENS_OUT_2=-50
THERMAL_SENS_OUT_3=34
THERMAL_SENS_OUT_4=29
THERMAL_SENS_OUT_5=33
THERMAL_SENS_OUT_6=-50
THERMAL_SENS_INT_1=25
THERMAL_SENS_INT_2=28
PG_5=0
PG_9=0
PG_12=0
FLT_P2=0
FLT_P3=0
HEAT_1_TEMP=31
HEAT_1_DUTY=0
HEAT_2_TEMP=34
HEAT_2_DUTY=0
HEAT_3_TEMP=29
HEAT_3_DUTY=50
HEAT_4_TEMP=33
HEAT_4_DUTY=0

[21:02:41.519 EBOX]
TS=1786203652.986
V_SENSE5=1.1328125
V_SENSE9=0.03662109375
V_SENSE12=0.1123046875
ADC_V5=4.991455078125
ADC_V9=9.13330078125
ADC_V12=11.8414306640625
ADC_V28=27.88665771484375
THERMAL_SENS_OUT_1=29
THERMAL_SENS_OUT_2=-50
THERMAL_SENS_OUT_3=30
THERMAL_SENS_OUT_4=29
THERMAL_SENS_OUT_5=34
THERMAL_SENS_OUT_6=-50
THERMAL_SENS_INT_1=30
THERMAL_SENS_INT_2=29
PG_5=0
PG_9=0
PG_12=0
FLT_P2=0
FLT_P3=0
HEAT_1_TEMP=29
HEAT_1_DUTY=0
HEAT_2_TEMP=30
HEAT_2_DUTY=0
HEAT_3_TEMP=29
HEAT_3_DUTY=0
HEAT_4_TEMP=34
HEAT_4_DUTY=50

[21:02:42.082 EBOX]
TS=1786203653.512
V_SENSE5=1.13037109375
V_SENSE9=0.03173828125
V_SENSE12=0.13427734375
ADC_V5=4.849853515625
ADC_V9=8.743896484375
ADC_V12=11.53167724609375
ADC_V28=28.143310546875
THERMAL_SENS_OUT_1=29
THERMAL_SENS_OUT_2=-50
THERMAL_SENS_OUT_3=33
THERMAL_SENS_OUT_4=31
THERMAL_SENS_OUT_5=35
THERMAL_SENS_OUT_6=-50
THERMAL_SENS_INT_1=28
THERMAL_SENS_INT_2=29
PG_5=0
PG_9=0
PG_12=0
FLT_P2=0
FLT_P3=0
HEAT_1_TEMP=29
HEAT_1_DUTY=0
HEAT_2_TEMP=33
HEAT_2_DUTY=0
HEAT_3_TEMP=31
HEAT_3_DUTY=0
HEAT_4_TEMP=35
HEAT_4_DUTY=50

[21:02:42.542 EBOX]
TS=1786203654.038
V_SENSE5=0.9814453125
V_SENSE9=1.03759765625
V_SENSE12=0.068359375
ADC_V5=4.85870361328125
ADC_V9=9.451904296875
ADC_V12=11.51397705078125
ADC_V28=27.51495361328125
THERMAL_SENS_OUT_1=32
THERMAL_SENS_OUT_2=-50
THERMAL_SENS_OUT_3=28
THERMAL_SENS_OUT_4=29
THERMAL_SENS_OUT_5=35
THERMAL_SENS_OUT_6=-50
THERMAL_SENS_INT_1=23
THERMAL_SENS_INT_2=27
PG_5=0
PG_9=0
PG_12=0
FLT_P2=0
FLT_P3=0
HEAT_1_TEMP=32
HEAT_1_DUTY=50
HEAT_2_TEMP=28
HEAT_2_DUTY=0
HEAT_3_TEMP=29
HEAT_3_DUTY=0
HEAT_4_TEMP=35
HEAT_4_DUTY=0

[21:02:43.085 EBOX]
TS=1786203654.566
V_SENSE5=1.1669921875
V_SENSE9=0.0341796875
V_SENSE12=0.1318359375
ADC_V5=5.00030517578125
ADC_V9=8.91204833984375
ADC_V12=11.63787841796875
ADC_V28=27.4530029296875
THERMAL_SENS_OUT_1=33
THERMAL_SENS_OUT_2=-50
THERMAL_SENS_OUT_3=29
THERMAL_SENS_OUT_4=29
THERMAL_SENS_OUT_5=32
THERMAL_SENS_OUT_6=-50
THERMAL_SENS_INT_1=26
THERMAL_SENS_INT_2=30
PG_5=0
PG_9=0
PG_12=0
FLT_P2=0
FLT_P3=0
HEAT_1_TEMP=33
HEAT_1_DUTY=50
HEAT_2_TEMP=29
HEAT_2_DUTY=0
HEAT_3_TEMP=29
HEAT_3_DUTY=0
HEAT_4_TEMP=32
HEAT_4_DUTY=0

[21:02:43.522 EBOX]
TS=1786203655.092
V_SENSE5=1.1328125
V_SENSE9=0.0390625
V_SENSE12=0.1220703125
ADC_V5=5.01800537109375
ADC_V9=9.451904296875
ADC_V12=11.7706298828125
ADC_V28=27.58575439453125
THERMAL_SENS_OUT_1=29
THERMAL_SENS_OUT_2=-50
THERMAL_SENS_OUT_3=27
THERMAL_SENS_OUT_4=30
THERMAL_SENS_OUT_5=35
THERMAL_SENS_OUT_6=-50
THERMAL_SENS_INT_1=30
THERMAL_SENS_INT_2=28
PG_5=0
PG_9=0
PG_12=0
FLT_P2=0
FLT_P3=0
HEAT_1_TEMP=29
HEAT_1_DUTY=0
HEAT_2_TEMP=27
HEAT_2_DUTY=50
HEAT_3_TEMP=30
HEAT_3_DUTY=0
HEAT_4_TEMP=35
HEAT_4_DUTY=0

[21:02:44.069 EBOX]
TS=1786203655.618
V_SENSE5=1.1376953125
V_SENSE9=0.0341796875
V_SENSE12=0.12939453125
ADC_V5=4.84100341796875
ADC_V9=9.1864013671875
ADC_V12=11.46087646484375
ADC_V28=27.62115478515625
THERMAL_SENS_OUT_1=29
THERMAL_SENS_OUT_2=-50
THERMAL_SENS_OUT_3=30
THERMAL_SENS_OUT_4=30
THERMAL_SENS_OUT_5=36
THERMAL_SENS_OUT_6=-50
THERMAL_SENS_INT_1=24
THERMAL_SENS_INT_2=30
PG_5=0
PG_9=0
PG_12=0
FLT_P2=0
FLT_P3=0
HEAT_1_TEMP=29
HEAT_1_DUTY=0
HEAT_2_TEMP=30
HEAT_2_DUTY=50
HEAT_3_TEMP=30
HEAT_3_DUTY=0
HEAT_4_TEMP=36
HEAT_4_DUTY=0

[21:02:44.630 EBOX]
TS=1786203656.142
V_SENSE5=1.14990234375
V_SENSE9=0.0390625
V_SENSE12=0.1171875
ADC_V5=4.9560546875
ADC_V9=9.05364990234375
ADC_V12=11.69097900390625
ADC_V28=27.62115478515625
THERMAL_SENS_OUT_1=29
THERMAL_SENS_OUT_2=-50
THERMAL_SENS_OUT_3=29
THERMAL_SENS_OUT_4=32
THERMAL_SENS_OUT_5=30
THERMAL_SENS_OUT_6=-50
THERMAL_SENS_INT_1=25
THERMAL_SENS_INT_2=32
PG_5=0
PG_9=0
PG_12=0
FLT_P2=0
FLT_P3=0
HEAT_1_TEMP=29
HEAT_1_DUTY=0
HEAT_2_TEMP=29
HEAT_2_DUTY=0
HEAT_3_TEMP=32
HEAT_3_DUTY=50
HEAT_4_TEMP=30
HEAT_4_DUTY=0

[21:02:45.178 EBOX]
TS=1786203656.564
V_SENSE5=1.1962890625
V_SENSE9=0.03662109375
V_SENSE12=0.12451171875
ADC_V5=4.9737548828125
ADC_V9=8.743896484375
ADC_V12=11.77947998046875
ADC_V28=27.90435791015625
THERMAL_SENS_OUT_1=34
THERMAL_SENS_OUT_2=-50
THERMAL_SENS_OUT_3=30
THERMAL_SENS_OUT_4=29
THERMAL_SENS_OUT_5=33
THERMAL_SENS_OUT_6=-50
THERMAL_SENS_INT_1=28
THERMAL_SENS_INT_2=26
PG_5=0
PG_9=0
PG_12=0
FLT_P2=0
FLT_P3=0
HEAT_1_TEMP=34
HEAT_1_DUTY=0
HEAT_2_TEMP=30
HEAT_2_DUTY=0
HEAT_3_TEMP=29
HEAT_3_DUTY=50
HEAT_4_TEMP=33
HEAT_4_DUTY=0

[21:02:45.630 EBOX]
TS=1786203657.096
V_SENSE5=1.162109375
V_SENSE9=0.03662109375
V_SENSE12=0.107421875
ADC_V5=4.85870361328125
ADC_V9=9.5050048828125
ADC_V12=11.4874267578125
ADC_V28=27.69195556640625
THERMAL_SENS_OUT_1=30
THERMAL_SENS_OUT_2=-50
THERMAL_SENS_OUT_3=33
THERMAL_SENS_OUT_4=30
THERMAL_SENS_OUT_5=35
THERMAL_SENS_OUT_6=-50
THERMAL_SENS_INT_1=30
THERMAL_SENS_INT_2=28
PG_5=0
PG_9=0
PG_12=0
FLT_P2=0
FLT_P3=0
HEAT_1_TEMP=30
HEAT_1_DUTY=0
HEAT_2_TEMP=33
HEAT_2_DUTY=0
HEAT_3_TEMP=30
HEAT_3_DUTY=0
HEAT_4_TEMP=35
HEAT_4_DUTY=50

[21:02:46.192 EBOX]
TS=1786203657.622
V_SENSE5=1.15478515625
V_SENSE9=0.0390625
V_SENSE12=0.11962890625
ADC_V5=4.91180419921875
ADC_V9=9.2218017578125
ADC_V12=11.89453125
ADC_V28=27.24945068359375
THERMAL_SENS_OUT_1=31
THERMAL_SENS_OUT_2=-50
THERMAL_SENS_OUT_3=30
THERMAL_SENS_OUT_4=28
THERMAL_SENS_OUT_5=32
THERMAL_SENS_OUT_6=-50
THERMAL_SENS_INT_1=24
THERMAL_SENS_INT_2=30
PG_5=0
PG_9=0
PG_12=0
FLT_P2=0
FLT_P3=0
HEAT_1_TEMP=31
HEAT_1_DUTY=0
HEAT_2_TEMP=30
HEAT_2_DUTY=0
HEAT_3_TEMP=28
HEAT_3_DUTY=0
HEAT_4_TEMP=32
HEAT_4_DUTY=50

[21:02:46.743 EBOX]
TS=1786203658.149
V_SENSE5=1.13037109375
V_SENSE9=0.03662109375
V_SENSE12=0.1171875
ADC_V5=4.96490478515625
ADC_V9=9.2572021484375
ADC_V12=11.79718017578125
ADC_V28=27.33795166015625
THERMAL_SENS_OUT_1=29
THERMAL_SENS_OUT_2=-50
THERMAL_SENS_OUT_3=29
THERMAL_SENS_OUT_4=35
THERMAL_SENS_OUT_5=33
THERMAL_SENS_OUT_6=-50
THERMAL_SENS_INT_1=25
THERMAL_SENS_INT_2=31
PG_5=0
PG_9=0
PG_12=0
FLT_P2=0
FLT_P3=0
HEAT_1_TEMP=29
HEAT_1_DUTY=50
HEAT_2_TEMP=29
HEAT_2_DUTY=0
HEAT_3_TEMP=35
HEAT_3_DUTY=0
HEAT_4_TEMP=33
HEAT_4_DUTY=0

[21:02:47.196 EBOX]
TS=1786203658.686
V_SENSE5=1.13525390625
V_SENSE9=0.0341796875
V_SENSE12=0.126953125
ADC_V5=4.8321533203125
ADC_V9=9.3988037109375
ADC_V12=11.83258056640625
ADC_V28=28.10791015625
THERMAL_SENS_OUT_1=32
THERMAL_SENS_OUT_2=-50
THERMAL_SENS_OUT_3=33
THERMAL_SENS_OUT_4=29
THERMAL_SENS_OUT_5=34
THERMAL_SENS_OUT_6=-50
THERMAL_SENS_INT_1=28
THERMAL_SENS_INT_2=27
PG_5=0
PG_9=0
PG_12=0
FLT_P2=0
FLT_P3=0
HEAT_1_TEMP=32
HEAT_1_DUTY=50
HEAT_2_TEMP=33
HEAT_2_DUTY=0
HEAT_3_TEMP=29
HEAT_3_DUTY=0
HEAT_4_TEMP=34
HEAT_4_DUTY=0

[21:02:47.761 EBOX]
TS=1786203659.213
V_SENSE5=1.1474609375
V_SENSE9=0.0341796875
V_SENSE12=0.126953125
ADC_V5=4.991455078125
ADC_V9=9.345703125
ADC_V12=11.6998291015625
ADC_V28=27.6654052734375
THERMAL_SENS_OUT_1=31
THERMAL_SENS_OUT_2=-50
THERMAL_SENS_OUT_3=30
THERMAL_SENS_OUT_4=29
THERMAL_SENS_OUT_5=34
THERMAL_SENS_OUT_6=-50
THERMAL_SENS_INT_1=30
THERMAL_SENS_INT_2=28
PG_5=0
PG_9=0
PG_12=0
FLT_P2=0
FLT_P3=0
HEAT_1_TEMP=31
HEAT_1_DUTY=0
HEAT_2_TEMP=30
HEAT_2_DUTY=50
HEAT_3_TEMP=29
HEAT_3_DUTY=0
HEAT_4_TEMP=34
HEAT_4_DUTY=0

[21:02:48.298 EBOX]
TS=1786203659.739
V_SENSE5=1.16943359375
V_SENSE9=0.0341796875
V_SENSE12=0.1220703125
ADC_V5=4.8675537109375
ADC_V9=9.168701171875
ADC_V12=11.575927734375
ADC_V28=27.85125732421875
THERMAL_SENS_OUT_1=34
THERMAL_SENS_OUT_2=-50
THERMAL_SENS_OUT_3=33
THERMAL_SENS_OUT_4=30
THERMAL_SENS_OUT_5=35
THERMAL_SENS_OUT_6=-50
THERMAL_SENS_INT_1=28
THERMAL_SENS_INT_2=26
PG_5=0
PG_9=0
PG_12=0
FLT_P2=0
FLT_P3=0
HEAT_1_TEMP=34
HEAT_1_DUTY=0
HEAT_2_TEMP=33
HEAT_2_DUTY=50
HEAT_3_TEMP=30
HEAT_3_DUTY=0
HEAT_4_TEMP=35
HEAT_4_DUTY=0

[21:02:48.787 EBOX]
TS=1786203660.266
V_SENSE5=1.171875
V_SENSE9=0.03662109375
V_SENSE12=0.10009765625
ADC_V5=5.0091552734375
ADC_V9=9.2572021484375
ADC_V12=11.83258056640625
ADC_V28=27.05474853515625
THERMAL_SENS_OUT_1=31
THERMAL_SENS_OUT_2=-50
THERMAL_SENS_OUT_3=30
THERMAL_SENS_OUT_4=34
THERMAL_SENS_OUT_5=31
THERMAL_SENS_OUT_6=-50
THERMAL_SENS_INT_1=26
THERMAL_SENS_INT_2=26
PG_5=0
PG_9=0
PG_12=0
FLT_P2=0
FLT_P3=0
HEAT_1_TEMP=31
HEAT_1_DUTY=0
HEAT_2_TEMP=30
HEAT_2_DUTY=0
HEAT_3_TEMP=34
HEAT_3_DUTY=50
HEAT_4_TEMP=31
HEAT_4_DUTY=0

[21:03:11.005 EBOX]
TS=1786203682.392
V_SENSE5=1.1669921875
V_SENSE9=0.0341796875
V_SENSE12=0.12939453125
ADC_V5=4.82330322265625
ADC_V9=8.9031982421875
ADC_V12=11.49627685546875
ADC_V28=27.03704833984375
THERMAL_SENS_OUT_1=33
THERMAL_SENS_OUT_2=-50
THERMAL_SENS_OUT_3=33
THERMAL_SENS_OUT_4=29
THERMAL_SENS_OUT_5=35
THERMAL_SENS_OUT_6=-50
THERMAL_SENS_INT_1=24
THERMAL_SENS_INT_2=31
PG_5=0
PG_9=0
PG_12=0
FLT_P2=0
FLT_P3=0
HEAT_1_TEMP=33
HEAT_1_DUTY=0
HEAT_2_TEMP=33
HEAT_2_DUTY=100
HEAT_3_TEMP=29
HEAT_3_DUTY=0
HEAT_4_TEMP=35
HEAT_4_DUTY=0

[21:03:13.054 EBOX]
TS=1786203684.399
V_SENSE5=1.14990234375
V_SENSE9=0.0390625
V_SENSE12=0.11474609375
ADC_V5=4.7967529296875
ADC_V9=8.92974853515625
ADC_V12=11.611328125
ADC_V28=27.4176025390625
THERMAL_SENS_OUT_1=32
THERMAL_SENS_OUT_2=-50
THERMAL_SENS_OUT_3=31
THERMAL_SENS_OUT_4=34
THERMAL_SENS_OUT_5=30
THERMAL_SENS_OUT_6=-50
THERMAL_SENS_INT_1=30
THERMAL_SENS_INT_2=26
PG_5=0
PG_9=0
PG_12=0
FLT_P2=0
FLT_P3=0
HEAT_1_TEMP=32
HEAT_1_DUTY=0
HEAT_2_TEMP=31
HEAT_2_DUTY=0
HEAT_3_TEMP=34
HEAT_3_DUTY=0
HEAT_4_TEMP=30
HEAT_4_DUTY=100

[21:03:15.000 EBOX]
TS=1786203686.406
V_SENSE5=1.1376953125
V_SENSE9=0.0341796875
V_SENSE12=0.12939453125
ADC_V5=4.920654296875
ADC_V9=9.40765380859375
ADC_V12=11.7352294921875
ADC_V28=27.60345458984375
THERMAL_SENS_OUT_1=33
THERMAL_SENS_OUT_2=-50
THERMAL_SENS_OUT_3=28
THERMAL_SENS_OUT_4=31
THERMAL_SENS_OUT_5=34
THERMAL_SENS_OUT_6=-50
THERMAL_SENS_INT_1=24
THERMAL_SENS_INT_2=29
PG_5=0
PG_9=0
PG_12=0
FLT_P2=0
FLT_P3=0
HEAT_1_TEMP=33
HEAT_1_DUTY=0
HEAT_2_TEMP=28
HEAT_2_DUTY=100
HEAT_3_TEMP=31
HEAT_3_DUTY=0
HEAT_4_TEMP=34
HEAT_4_DUTY=0

[21:03:17.050 EBOX]
TS=1786203688.413
V_SENSE5=1.1474609375
V_SENSE9=0.03662109375
V_SENSE12=0.1123046875
ADC_V5=4.9029541015625
ADC_V9=8.71734619140625
ADC_V12=11.86798095703125
ADC_V28=27.78045654296875
THERMAL_SENS_OUT_1=34
THERMAL_SENS_OUT_2=-50
THERMAL_SENS_OUT_3=34
THERMAL_SENS_OUT_4=31
THERMAL_SENS_OUT_5=31
THERMAL_SENS_OUT_6=-50
THERMAL_SENS_INT_1=27
THERMAL_SENS_INT_2=26
PG_5=0
PG_9=0
PG_12=0
FLT_P2=0
FLT_P3=0
HEAT_1_TEMP=34
HEAT_1_DUTY=0
HEAT_2_TEMP=34
HEAT_2_DUTY=0
HEAT_3_TEMP=31
HEAT_3_DUTY=0
HEAT_4_TEMP=31
HEAT_4_DUTY=100

[21:03:19.105 EBOX]
TS=1786203690.420
V_SENSE5=1.14990234375
V_SENSE9=0.03662109375
V_SENSE12=0.107421875
ADC_V5=4.84100341796875
ADC_V9=9.51385498046875
ADC_V12=11.63787841796875
ADC_V28=28.02825927734375
THERMAL_SENS_OUT_1=34
THERMAL_SENS_OUT_2=-50
THERMAL_SENS_OUT_3=34
THERMAL_SENS_OUT_4=31
THERMAL_SENS_OUT_5=30
THERMAL_SENS_OUT_6=-50
THERMAL_SENS_INT_1=25
THERMAL_SENS_INT_2=32
PG_5=0
PG_9=0
PG_12=0
FLT_P2=0
FLT_P3=0
HEAT_1_TEMP=34
HEAT_1_DUTY=0
HEAT_2_TEMP=34
HEAT_2_DUTY=100
HEAT_3_TEMP=31
HEAT_3_DUTY=0
HEAT_4_TEMP=30
HEAT_4_DUTY=0

[21:03:21.062 EBOX]
TS=1786203692.540
V_SENSE5=1.23291015625
V_SENSE9=0.0341796875
V_SENSE12=0.12451171875
ADC_V5=4.91180419921875
ADC_V9=9.10675048828125
ADC_V12=11.60247802734375
ADC_V28=27.0281982421875
THERMAL_SENS_OUT_1=32
THERMAL_SENS_OUT_2=-50
THERMAL_SENS_OUT_3=28
THERMAL_SENS_OUT_4=31
THERMAL_SENS_OUT_5=33
THERMAL_SENS_OUT_6=-50
THERMAL_SENS_INT_1=23
THERMAL_SENS_INT_2=32
PG_5=0
PG_9=0
PG_12=0
FLT_P2=0
FLT_P3=0
HEAT_1_TEMP=32
HEAT_1_DUTY=0
HEAT_2_TEMP=28
HEAT_2_DUTY=0
HEAT_3_TEMP=31
HEAT_3_DUTY=0
HEAT_4_TEMP=33
HEAT_4_DUTY=100

[21:03:21.609 EBOX]
TS=1786203693.059
V_SENSE5=0.7568359375
V_SENSE9=1.63330078125
V_SENSE12=0.08056640625
ADC_V5=4.9560546875
ADC_V9=9.1510009765625
ADC_V12=11.7529296875
ADC_V28=27.78045654296875
THERMAL_SENS_OUT_1=23
THERMAL_SENS_OUT_2=-50
THERMAL_SENS_OUT_3=32
THERMAL_SENS_OUT_4=30
THERMAL_SENS_OUT_5=36
THERMAL_SENS_OUT_6=-50
THERMAL_SENS_INT_1=26
THERMAL_SENS_INT_2=28
PG_5=0
PG_9=0
PG_12=0
FLT_P2=0
FLT_P3=0
HEAT_1_TEMP=23
HEAT_1_DUTY=100
HEAT_2_TEMP=32
HEAT_2_DUTY=0
HEAT_3_TEMP=30
HEAT_3_DUTY=0
HEAT_4_TEMP=36
HEAT_4_DUTY=0

[21:03:22.147 EBOX]
TS=1786203693.586
V_SENSE5=1.1328125
V_SENSE9=0.0341796875
V_SENSE12=0.1318359375
ADC_V5=4.8321533203125
ADC_V9=9.2926025390625
ADC_V12=11.70867919921875
ADC_V28=27.860107421875
THERMAL_SENS_OUT_1=31
THERMAL_SENS_OUT_2=-50
THERMAL_SENS_OUT_3=28
THERMAL_SENS_OUT_4=33
THERMAL_SENS_OUT_5=31
THERMAL_SENS_OUT_6=-50
THERMAL_SENS_INT_1=26
THERMAL_SENS_INT_2=29
PG_5=0
PG_9=0
PG_12=0
FLT_P2=0
FLT_P3=0
HEAT_1_TEMP=31
HEAT_1_DUTY=100
HEAT_2_TEMP=28
HEAT_2_DUTY=0
HEAT_3_TEMP=33
HEAT_3_DUTY=0
HEAT_4_TEMP=31
HEAT_4_DUTY=0

[21:03:22.691 EBOX]
TS=1786203694.111
V_SENSE5=1.14013671875
V_SENSE9=1.6455078125
V_SENSE12=0.03662109375
ADC_V5=5.0091552734375
ADC_V9=9.3280029296875
ADC_V12=11.88568115234375
ADC_V28=27.67425537109375
THERMAL_SENS_OUT_1=29
THERMAL_SENS_OUT_2=-50
THERMAL_SENS_OUT_3=33
THERMAL_SENS_OUT_4=29
THERMAL_SENS_OUT_5=35
THERMAL_SENS_OUT_6=-50
THERMAL_SENS_INT_1=29
THERMAL_SENS_INT_2=27
PG_5=0
PG_9=0
PG_12=0
FLT_P2=0
FLT_P3=0
HEAT_1_TEMP=29
HEAT_1_DUTY=0
HEAT_2_TEMP=33
HEAT_2_DUTY=100
HEAT_3_TEMP=29
HEAT_3_DUTY=0
HEAT_4_TEMP=35
HEAT_4_DUTY=0

[21:03:23.126 EBOX]
TS=1786203694.638
V_SENSE5=1.17919921875
V_SENSE9=0.0341796875
V_SENSE12=0.10986328125
ADC_V5=4.9383544921875
ADC_V9=9.0802001953125
ADC_V12=11.79718017578125
ADC_V28=27.647705078125
THERMAL_SENS_OUT_1=31
THERMAL_SENS_OUT_2=-50
THERMAL_SENS_OUT_3=29
THERMAL_SENS_OUT_4=34
THERMAL_SENS_OUT_5=32
THERMAL_SENS_OUT_6=-50
THERMAL_SENS_INT_1=25
THERMAL_SENS_INT_2=31
PG_5=0
PG_9=0
PG_12=0
FLT_P2=0
FLT_P3=0
HEAT_1_TEMP=31
HEAT_1_DUTY=0
HEAT_2_TEMP=29
HEAT_2_DUTY=100
HEAT_3_TEMP=34
HEAT_3_DUTY=0
HEAT_4_TEMP=32
HEAT_4_DUTY=0

[21:03:23.690 EBOX]
TS=1786203695.165
V_SENSE5=1.1669921875
V_SENSE9=0.03662109375
V_SENSE12=0.1220703125
ADC_V5=4.8321533203125
ADC_V9=9.08905029296875
ADC_V12=11.93878173828125
ADC_V28=27.79815673828125
THERMAL_SENS_OUT_1=34
THERMAL_SENS_OUT_2=-50
THERMAL_SENS_OUT_3=34
THERMAL_SENS_OUT_4=30
THERMAL_SENS_OUT_5=36
THERMAL_SENS_OUT_6=-50
THERMAL_SENS_INT_1=30
THERMAL_SENS_INT_2=28
PG_5=0
PG_9=0
PG_12=0
FLT_P2=0
FLT_P3=0
HEAT_1_TEMP=34
HEAT_1_DUTY=0
HEAT_2_TEMP=34
HEAT_2_DUTY=0
HEAT_3_TEMP=30
HEAT_3_DUTY=100
HEAT_4_TEMP=36
HEAT_4_DUTY=0

[21:03:24.233 EBOX]
TS=1786203695.691
V_SENSE5=1.1181640625
V_SENSE9=0.0390625
V_SENSE12=0.107421875
ADC_V5=4.96490478515625
ADC_V9=9.1864013671875
ADC_V12=11.9476318359375
ADC_V28=27.8070068359375
THERMAL_SENS_OUT_1=34
THERMAL_SENS_OUT_2=-50
THERMAL_SENS_OUT_3=34
THERMAL_SENS_OUT_4=31
THERMAL_SENS_OUT_5=36
THERMAL_SENS_OUT_6=-50
THERMAL_SENS_INT_1=30
THERMAL_SENS_INT_2=28
PG_5=0
PG_9=0
PG_12=0
FLT_P2=0
FLT_P3=0
HEAT_1_TEMP=34
HEAT_1_DUTY=0
HEAT_2_TEMP=34
HEAT_2_DUTY=0
HEAT_3_TEMP=31
HEAT_3_DUTY=100
HEAT_4_TEMP=36
HEAT_4_DUTY=0

[21:03:24.674 EBOX]
TS=1786203696.215
V_SENSE5=1.17431640625
V_SENSE9=0.03662109375
V_SENSE12=0.1171875
ADC_V5=4.88525390625
ADC_V9=9.28375244140625
ADC_V12=11.6998291015625
ADC_V28=27.63885498046875
THERMAL_SENS_OUT_1=33
THERMAL_SENS_OUT_2=-50
THERMAL_SENS_OUT_3=34
THERMAL_SENS_OUT_4=32
THERMAL_SENS_OUT_5=30
THERMAL_SENS_OUT_6=-50
THERMAL_SENS_INT_1=28
THERMAL_SENS_INT_2=27
PG_5=0
PG_9=0
PG_12=0
FLT_P2=0
FLT_P3=0
HEAT_1_TEMP=33
HEAT_1_DUTY=0
HEAT_2_TEMP=34
HEAT_2_DUTY=0
HEAT_3_TEMP=32
HEAT_3_DUTY=0
HEAT_4_TEMP=30
HEAT_4_DUTY=100

[21:03:25.229 EBOX]
TS=1786203696.742
V_SENSE5=1.171875
V_SENSE9=0.03662109375
V_SENSE12=0.126953125
ADC_V5=4.91180419921875
ADC_V9=9.26605224609375
ADC_V12=11.70867919921875
ADC_V28=28.0548095703125
THERMAL_SENS_OUT_1=29
THERMAL_SENS_OUT_2=-50
THERMAL_SENS_OUT_3=29
THERMAL_SENS_OUT_4=34
THERMAL_SENS_OUT_5=31
THERMAL_SENS_OUT_6=-50
THERMAL_SENS_INT_1=25
THERMAL_SENS_INT_2=30
PG_5=0
PG_9=0
PG_12=0
FLT_P2=0
FLT_P3=0
HEAT_1_TEMP=29
HEAT_1_DUTY=0
HEAT_2_TEMP=29
HEAT_2_DUTY=0
HEAT_3_TEMP=34
HEAT_3_DUTY=0
HEAT_4_TEMP=31
HEAT_4_DUTY=100

[21:03:25.766 EBOX]
TS=1786203697.269
V_SENSE5=1.16455078125
V_SENSE9=0.05615234375
V_SENSE12=0.1416015625
ADC_V5=4.96490478515625
ADC_V9=9.56695556640625
ADC_V12=11.92108154296875
ADC_V28=27.4530029296875
THERMAL_SENS_OUT_1=29
THERMAL_SENS_OUT_2=-50
THERMAL_SENS_OUT_3=33
THERMAL_SENS_OUT_4=30
THERMAL_SENS_OUT_5=36
THERMAL_SENS_OUT_6=-50
THERMAL_SENS_INT_1=29
THERMAL_SENS_INT_2=27
PG_5=0
PG_9=0
PG_12=0
FLT_P2=0
FLT_P3=0
HEAT_1_TEMP=29
HEAT_1_DUTY=100
HEAT_2_TEMP=33
HEAT_2_DUTY=0
HEAT_3_TEMP=30
HEAT_3_DUTY=0
HEAT_4_TEMP=36
HEAT_4_DUTY=0

[21:03:26.314 EBOX]
TS=1786203697.691
V_SENSE5=1.2646484375
V_SENSE9=0.0341796875
V_SENSE12=0.12939453125
ADC_V5=4.89410400390625
ADC_V9=9.13330078125
ADC_V12=11.69097900390625
ADC_V28=27.6654052734375
THERMAL_SENS_OUT_1=30
THERMAL_SENS_OUT_2=-50
THERMAL_SENS_OUT_3=30
THERMAL_SENS_OUT_4=35
THERMAL_SENS_OUT_5=30
THERMAL_SENS_OUT_6=-50
THERMAL_SENS_INT_1=29
THERMAL_SENS_INT_2=27
PG_5=0
PG_9=0
PG_12=0
FLT_P2=0
FLT_P3=0
HEAT_1_TEMP=30
HEAT_1_DUTY=100
HEAT_2_TEMP=30
HEAT_2_DUTY=0
HEAT_3_TEMP=35
HEAT_3_DUTY=0
HEAT_4_TEMP=30
HEAT_4_DUTY=0

[21:03:26.749 EBOX]
TS=1786203698.215
V_SENSE5=1.15966796875
V_SENSE9=0.0341796875
V_SENSE12=0.10986328125
ADC_V5=4.85870361328125
ADC_V9=8.8677978515625
ADC_V12=11.77947998046875
ADC_V28=27.05474853515625
THERMAL_SENS_OUT_1=31
THERMAL_SENS_OUT_2=-50
THERMAL_SENS_OUT_3=30
THERMAL_SENS_OUT_4=32
THERMAL_SENS_OUT_5=34
THERMAL_SENS_OUT_6=-50
THERMAL_SENS_INT_1=24
THERMAL_SENS_INT_2=31
PG_5=0
PG_9=0
PG_12=0
FLT_P2=0
FLT_P3=0
HEAT_1_TEMP=31
HEAT_1_DUTY=0
HEAT_2_TEMP=30
HEAT_2_DUTY=100
HEAT_3_TEMP=32
HEAT_3_DUTY=0
HEAT_4_TEMP=34
HEAT_4_DUTY=0

[21:03:27.286 EBOX]
TS=1786203698.744
V_SENSE5=1.1376953125
V_SENSE9=0.0537109375
V_SENSE12=0.1123046875
ADC_V5=4.82330322265625
ADC_V9=9.08905029296875
ADC_V12=11.8414306640625
ADC_V28=27.576904296875
THERMAL_SENS_OUT_1=31
THERMAL_SENS_OUT_2=-50
THERMAL_SENS_OUT_3=34
THERMAL_SENS_OUT_4=31
THERMAL_SENS_OUT_5=32
THERMAL_SENS_OUT_6=-50
THERMAL_SENS_INT_1=25
THERMAL_SENS_INT_2=32
PG_5=0
PG_9=0
PG_12=0
FLT_P2=0
FLT_P3=0
HEAT_1_TEMP=31
HEAT_1_DUTY=0
HEAT_2_TEMP=34
HEAT_2_DUTY=100
HEAT_3_TEMP=31
HEAT_3_DUTY=0
HEAT_4_TEMP=32
HEAT_4_DUTY=0

[21:03:27.852 EBOX]
TS=1786203699.266
V_SENSE5=1.18896484375
V_SENSE9=0.0390625
V_SENSE12=0.12939453125
ADC_V5=4.991455078125
ADC_V9=8.9031982421875
ADC_V12=11.90338134765625
ADC_V28=27.19635009765625
THERMAL_SENS_OUT_1=32
THERMAL_SENS_OUT_2=-50
THERMAL_SENS_OUT_3=28
THERMAL_SENS_OUT_4=32
THERMAL_SENS_OUT_5=31
THERMAL_SENS_OUT_6=-50
THERMAL_SENS_INT_1=24
THERMAL_SENS_INT_2=31
PG_5=0
PG_9=0
PG_12=0
FLT_P2=0
FLT_P3=0
HEAT_1_TEMP=32
HEAT_1_DUTY=0
HEAT_2_TEMP=28
HEAT_2_DUTY=0
HEAT_3_TEMP=32
HEAT_3_DUTY=100
HEAT_4_TEMP=31
HEAT_4_DUTY=0

[21:03:28.300 EBOX]
TS=1786203699.793
V_SENSE5=1.162109375
V_SENSE9=0.0341796875
V_SENSE12=0.12939453125
ADC_V5=4.8321533203125
ADC_V9=9.239501953125
ADC_V12=11.5228271484375
ADC_V28=27.74505615234375
THERMAL_SENS_OUT_1=29
THERMAL_SENS_OUT_2=-50
THERMAL_SENS_OUT_3=31
THERMAL_SENS_OUT_4=29
THERMAL_SENS_OUT_5=34
THERMAL_SENS_OUT_6=-50
THERMAL_SENS_INT_1=29
THERMAL_SENS_INT_2=27
PG_5=0
PG_9=0
PG_12=0
FLT_P2=0
FLT_P3=0
HEAT_1_TEMP=29
HEAT_1_DUTY=0
HEAT_2_TEMP=31
HEAT_2_DUTY=0
HEAT_3_TEMP=29
HEAT_3_DUTY=100
HEAT_4_TEMP=34
HEAT_4_DUTY=0

[21:03:28.864 EBOX]
TS=1786203700.320
V_SENSE5=1.1474609375
V_SENSE9=0.0341796875
V_SENSE12=0.13916015625
ADC_V5=4.920654296875
ADC_V9=9.1510009765625
ADC_V12=11.89453125
ADC_V28=27.26715087890625
THERMAL_SENS_OUT_1=31
THERMAL_SENS_OUT_2=-50
THERMAL_SENS_OUT_3=31
THERMAL_SENS_OUT_4=29
THERMAL_SENS_OUT_5=32
THERMAL_SENS_OUT_6=-50
THERMAL_SENS_INT_1=26
THERMAL_SENS_INT_2=28
PG_5=0
PG_9=0
PG_12=0
FLT_P2=0
FLT_P3=0
HEAT_1_TEMP=31
HEAT_1_DUTY=0
HEAT_2_TEMP=31
HEAT_2_DUTY=0
HEAT_3_TEMP=29
HEAT_3_DUTY=0
HEAT_4_TEMP=32
HEAT_4_DUTY=100

[21:03:29.411 EBOX]
TS=1786203700.847
V_SENSE5=1.20849609375
V_SENSE9=0.03662109375
V_SENSE12=0.09765625
ADC_V5=4.9737548828125
ADC_V9=9.2041015625
ADC_V12=11.8414306640625
ADC_V28=27.23175048828125
THERMAL_SENS_OUT_1=31
THERMAL_SENS_OUT_2=-50
THERMAL_SENS_OUT_3=29
THERMAL_SENS_OUT_4=34
THERMAL_SENS_OUT_5=32
THERMAL_SENS_OUT_6=-50
THERMAL_SENS_INT_1=25
THERMAL_SENS_INT_2=31
PG_5=0
PG_9=0
PG_12=0
FLT_P2=0
FLT_P3=0
HEAT_1_TEMP=31
HEAT_1_DUTY=0
HEAT_2_TEMP=29
HEAT_2_DUTY=0
HEAT_3_TEMP=34
HEAT_3_DUTY=0
HEAT_4_TEMP=32
HEAT_4_DUTY=100

[21:03:29.856 EBOX]
TS=1786203701.374
V_SENSE5=1.18896484375
V_SENSE9=0.0341796875
V_SENSE12=0.10498046875
ADC_V5=4.85870361328125
ADC_V9=9.07135009765625
ADC_V12=11.69097900390625
ADC_V28=27.70965576171875
THERMAL_SENS_OUT_1=33
THERMAL_SENS_OUT_2=-50
THERMAL_SENS_OUT_3=28
THERMAL_SENS_OUT_4=29
THERMAL_SENS_OUT_5=34
THERMAL_SENS_OUT_6=-50
THERMAL_SENS_INT_1=26
THERMAL_SENS_INT_2=31
PG_5=0
PG_9=0
PG_12=0
FLT_P2=0
FLT_P3=0
HEAT_1_TEMP=33
HEAT_1_DUTY=100
HEAT_2_TEMP=28
HEAT_2_DUTY=0
HEAT_3_TEMP=29
HEAT_3_DUTY=0
HEAT_4_TEMP=34
HEAT_4_DUTY=0

[21:03:30.394 EBOX]
TS=1786203701.901
V_SENSE5=1.13525390625
V_SENSE9=0.0341796875
V_SENSE12=0.1171875
ADC_V5=4.9560546875
ADC_V9=9.4873046875
ADC_V12=11.54052734375
ADC_V28=27.9132080078125
THERMAL_SENS_OUT_1=33
THERMAL_SENS_OUT_2=-50
THERMAL_SENS_OUT_3=29
THERMAL_SENS_OUT_4=29
THERMAL_SENS_OUT_5=33
THERMAL_SENS_OUT_6=-50
THERMAL_SENS_INT_1=28
THERMAL_SENS_INT_2=31
PG_5=0
PG_9=0
PG_12=0
FLT_P2=0
FLT_P3=0
HEAT_1_TEMP=33
HEAT_1_DUTY=100
HEAT_2_TEMP=29
HEAT_2_DUTY=0
HEAT_3_TEMP=29
HEAT_3_DUTY=0
HEAT_4_TEMP=33
HEAT_4_DUTY=0

[21:03:30.944 EBOX]
TS=1786203702.426
V_SENSE5=1.27197265625
V_SENSE9=0.03662109375
V_SENSE12=0.1171875
ADC_V5=4.9029541015625
ADC_V9=9.27490234375
ADC_V12=11.67327880859375
ADC_V28=27.576904296875
THERMAL_SENS_OUT_1=34
THERMAL_SENS_OUT_2=-50
THERMAL_SENS_OUT_3=35
THERMAL_SENS_OUT_4=30
THERMAL_SENS_OUT_5=34
THERMAL_SENS_OUT_6=-50
THERMAL_SENS_INT_1=24
THERMAL_SENS_INT_2=29
PG_5=0
PG_9=0
PG_12=0
FLT_P2=0
FLT_P3=0
HEAT_1_TEMP=34
HEAT_1_DUTY=0
HEAT_2_TEMP=35
HEAT_2_DUTY=100
HEAT_3_TEMP=30
HEAT_3_DUTY=0
HEAT_4_TEMP=34
HEAT_4_DUTY=0

[21:03:31.390 EBOX]
TS=1786203702.953
V_SENSE5=1.142578125
V_SENSE9=0.0341796875
V_SENSE12=0.1220703125
ADC_V5=4.88525390625
ADC_V9=8.9385986328125
ADC_V12=11.929931640625
ADC_V28=27.53265380859375
THERMAL_SENS_OUT_1=30
THERMAL_SENS_OUT_2=-50
THERMAL_SENS_OUT_3=34
THERMAL_SENS_OUT_4=31
THERMAL_SENS_OUT_5=37
THERMAL_SENS_OUT_6=-50
THERMAL_SENS_INT_1=25
THERMAL_SENS_INT_2=31
PG_5=0
PG_9=0
PG_12=0
FLT_P2=0
FLT_P3=0
HEAT_1_TEMP=30
HEAT_1_DUTY=0
HEAT_2_TEMP=34
HEAT_2_DUTY=100
HEAT_3_TEMP=31
HEAT_3_DUTY=0
HEAT_4_TEMP=37
HEAT_4_DUTY=0

[21:03:31.940 EBOX]
TS=1786203703.479
V_SENSE5=1.16455078125
V_SENSE9=0.0341796875
V_SENSE12=0.1171875
ADC_V5=4.991455078125
ADC_V9=8.78814697265625
ADC_V12=11.77947998046875
ADC_V28=27.8955078125
THERMAL_SENS_OUT_1=35
THERMAL_SENS_OUT_2=-50
THERMAL_SENS_OUT_3=28
THERMAL_SENS_OUT_4=31
THERMAL_SENS_OUT_5=33
THERMAL_SENS_OUT_6=-50
THERMAL_SENS_INT_1=24
THERMAL_SENS_INT_2=30
PG_5=0
PG_9=0
PG_12=0
FLT_P2=0
FLT_P3=0
HEAT_1_TEMP=35
HEAT_1_DUTY=0
HEAT_2_TEMP=28
HEAT_2_DUTY=0
HEAT_3_TEMP=31
HEAT_3_DUTY=100
HEAT_4_TEMP=33
HEAT_4_DUTY=0

[21:03:32.499 EBOX]
TS=1786203703.901
V_SENSE5=1.15966796875
V_SENSE9=0.0390625
V_SENSE12=0.1318359375
ADC_V5=4.8321533203125
ADC_V9=9.28375244140625
ADC_V12=11.4874267578125
ADC_V28=27.65655517578125
THERMAL_SENS_OUT_1=31
THERMAL_SENS_OUT_2=-50
THERMAL_SENS_OUT_3=30
THERMAL_SENS_OUT_4=33
THERMAL_SENS_OUT_5=31
THERMAL_SENS_OUT_6=-50
THERMAL_SENS_INT_1=26
THERMAL_SENS_INT_2=27
PG_5=0
PG_9=0
PG_12=0
FLT_P2=0
FLT_P3=0
HEAT_1_TEMP=31
HEAT_1_DUTY=0
HEAT_2_TEMP=30
HEAT_2_DUTY=0
HEAT_3_TEMP=33
HEAT_3_DUTY=100
HEAT_4_TEMP=31
HEAT_4_DUTY=0

[21:03:32.938 EBOX]
TS=1786203704.426
V_SENSE5=1.2060546875
V_SENSE9=0.0390625
V_SENSE12=0.1171875
ADC_V5=4.9560546875
ADC_V9=8.99169921875
ADC_V12=11.7706298828125
ADC_V28=28.001708984375
THERMAL_SENS_OUT_1=34
THERMAL_SENS_OUT_2=-50
THERMAL_SENS_OUT_3=33
THERMAL_SENS_OUT_4=30
THERMAL_SENS_OUT_5=36
THERMAL_SENS_OUT_6=-50
THERMAL_SENS_INT_1=27
THERMAL_SENS_INT_2=28
PG_5=0
PG_9=0
PG_12=0
FLT_P2=0
FLT_P3=0
HEAT_1_TEMP=34
HEAT_1_DUTY=0
HEAT_2_TEMP=33
HEAT_2_DUTY=0
HEAT_3_TEMP=30
HEAT_3_DUTY=0
HEAT_4_TEMP=36
HEAT_4_DUTY=100

[21:03:33.504 EBOX]
TS=1786203704.954
V_SENSE5=1.16455078125
V_SENSE9=0.0390625
V_SENSE12=0.1171875
ADC_V5=4.9560546875
ADC_V9=9.239501953125
ADC_V12=11.7706298828125
ADC_V28=27.85125732421875
THERMAL_SENS_OUT_1=34
THERMAL_SENS_OUT_2=-50
THERMAL_SENS_OUT_3=32
THERMAL_SENS_OUT_4=29
THERMAL_SENS_OUT_5=35
THERMAL_SENS_OUT_6=-50
THERMAL_SENS_INT_1=30
THERMAL_SENS_INT_2=28
PG_5=0
PG_9=0
PG_12=0
FLT_P2=0
FLT_P3=0
HEAT_1_TEMP=34
HEAT_1_DUTY=100
HEAT_2_TEMP=32
HEAT_2_DUTY=0
HEAT_3_TEMP=29
HEAT_3_DUTY=0
HEAT_4_TEMP=35
HEAT_4_DUTY=0

[21:03:34.041 EBOX]
TS=1786203705.480
V_SENSE5=1.1376953125
V_SENSE9=0.05615234375
V_SENSE12=0.13671875
ADC_V5=5.0091552734375
ADC_V9=9.2218017578125
ADC_V12=12.02728271484375
ADC_V28=27.76275634765625
THERMAL_SENS_OUT_1=32
THERMAL_SENS_OUT_2=-50
THERMAL_SENS_OUT_3=31
THERMAL_SENS_OUT_4=29
THERMAL_SENS_OUT_5=36
THERMAL_SENS_OUT_6=-50
THERMAL_SENS_INT_1=26
THERMAL_SENS_INT_2=28
PG_5=0
PG_9=0
PG_12=0
FLT_P2=0
FLT_P3=0
HEAT_1_TEMP=32
HEAT_1_DUTY=100
HEAT_2_TEMP=31
HEAT_2_DUTY=0
HEAT_3_TEMP=29
HEAT_3_DUTY=0
HEAT_4_TEMP=36
HEAT_4_DUTY=0

[21:03:34.584 EBOX]
TS=1786203706.004
V_SENSE5=1.30615234375
V_SENSE9=0.0341796875
V_SENSE12=0.107421875
ADC_V5=4.9383544921875
ADC_V9=9.03594970703125
ADC_V12=11.4697265625
ADC_V28=27.647705078125
THERMAL_SENS_OUT_1=29
THERMAL_SENS_OUT_2=-50
THERMAL_SENS_OUT_3=34
THERMAL_SENS_OUT_4=31
THERMAL_SENS_OUT_5=34
THERMAL_SENS_OUT_6=-50
THERMAL_SENS_INT_1=24
THERMAL_SENS_INT_2=31
PG_5=0
PG_9=0
PG_12=0
FLT_P2=0
FLT_P3=0
HEAT_1_TEMP=29
HEAT_1_DUTY=0
HEAT_2_TEMP=34
HEAT_2_DUTY=100
HEAT_3_TEMP=31
HEAT_3_DUTY=0
HEAT_4_TEMP=34
HEAT_4_DUTY=0

[21:03:35.022 EBOX]
TS=1786203706.531
V_SENSE5=1.1962890625
V_SENSE9=0.0390625
V_SENSE12=0.1025390625
ADC_V5=4.98260498046875
ADC_V9=8.6907958984375
ADC_V12=11.77947998046875
ADC_V28=27.49725341796875
THERMAL_SENS_OUT_1=29
THERMAL_SENS_OUT_2=-50
THERMAL_SENS_OUT_3=28
THERMAL_SENS_OUT_4=33
THERMAL_SENS_OUT_5=31
THERMAL_SENS_OUT_6=-50
THERMAL_SENS_INT_1=24
THERMAL_SENS_INT_2=31
PG_5=0
PG_9=0
PG_12=0
FLT_P2=0
FLT_P3=0
HEAT_1_TEMP=29
HEAT_1_DUTY=0
HEAT_2_TEMP=28
HEAT_2_DUTY=100
HEAT_3_TEMP=33
HEAT_3_DUTY=0
HEAT_4_TEMP=31
HEAT_4_DUTY=0

[21:03:35.579 EBOX]
TS=1786203707.058
V_SENSE5=0.86181640625
V_SENSE9=3.017578125
V_SENSE12=0.06591796875
ADC_V5=4.8675537109375
ADC_V9=9.41650390625
ADC_V12=11.505126953125
ADC_V28=27.44415283203125
THERMAL_SENS_OUT_1=29
THERMAL_SENS_OUT_2=-50
THERMAL_SENS_OUT_3=29
THERMAL_SENS_OUT_4=35
THERMAL_SENS_OUT_5=33
THERMAL_SENS_OUT_6=-50
THERMAL_SENS_INT_1=25
THERMAL_SENS_INT_2=28
PG_5=0
PG_9=0
PG_12=0
FLT_P2=0
FLT_P3=0
HEAT_1_TEMP=29
HEAT_1_DUTY=0
HEAT_2_TEMP=29
HEAT_2_DUTY=0
HEAT_3_TEMP=35
HEAT_3_DUTY=100
HEAT_4_TEMP=33
HEAT_4_DUTY=0

[21:03:36.142 EBOX]
TS=1786203707.585
V_SENSE5=1.19873046875
V_SENSE9=0.03662109375
V_SENSE12=0.126953125
ADC_V5=4.87640380859375
ADC_V9=9.00054931640625
ADC_V12=11.6644287109375
ADC_V28=27.78045654296875
THERMAL_SENS_OUT_1=33
THERMAL_SENS_OUT_2=-50
THERMAL_SENS_OUT_3=33
THERMAL_SENS_OUT_4=31
THERMAL_SENS_OUT_5=36
THERMAL_SENS_OUT_6=-50
THERMAL_SENS_INT_1=27
THERMAL_SENS_INT_2=28
PG_5=0
PG_9=0
PG_12=0
FLT_P2=0
FLT_P3=0
HEAT_1_TEMP=33
HEAT_1_DUTY=0
HEAT_2_TEMP=33
HEAT_2_DUTY=0
HEAT_3_TEMP=31
HEAT_3_DUTY=100
HEAT_4_TEMP=36
HEAT_4_DUTY=0

[21:03:36.580 EBOX]
TS=1786203708.110
V_SENSE5=0.81787109375
V_SENSE9=2.2509765625
V_SENSE12=0.08056640625
ADC_V5=4.9029541015625
ADC_V9=9.54925537109375
ADC_V12=11.81488037109375
ADC_V28=26.9219970703125
THERMAL_SENS_OUT_1=31
THERMAL_SENS_OUT_2=-50
THERMAL_SENS_OUT_3=29
THERMAL_SENS_OUT_4=34
THERMAL_SENS_OUT_5=32
THERMAL_SENS_OUT_6=-50
THERMAL_SENS_INT_1=24
THERMAL_SENS_INT_2=30
PG_5=0
PG_9=0
PG_12=0
FLT_P2=0
FLT_P3=0
HEAT_1_TEMP=31
HEAT_1_DUTY=0
HEAT_2_TEMP=29
HEAT_2_DUTY=0
HEAT_3_TEMP=34
HEAT_3_DUTY=0
HEAT_4_TEMP=32
HEAT_4_DUTY=100

[21:03:37.117 EBOX]
TS=1786203708.637
V_SENSE5=1.18896484375
V_SENSE9=0.0390625
V_SENSE12=0.1416015625
ADC_V5=5.00030517578125
ADC_V9=9.15985107421875
ADC_V12=11.788330078125
ADC_V28=27.05474853515625
THERMAL_SENS_OUT_1=32
THERMAL_SENS_OUT_2=-50
THERMAL_SENS_OUT_3=30
THERMAL_SENS_OUT_4=35
THERMAL_SENS_OUT_5=33
THERMAL_SENS_OUT_6=-50
THERMAL_SENS_INT_1=25
THERMAL_SENS_INT_2=31
PG_5=0
PG_9=0
PG_12=0
FLT_P2=0
FLT_P3=0
HEAT_1_TEMP=32
HEAT_1_DUTY=0
HEAT_2_TEMP=30
HEAT_2_DUTY=0
HEAT_3_TEMP=35
HEAT_3_DUTY=0
HEAT_4_TEMP=33
HEAT_4_DUTY=100

[21:03:37.656 EBOX]
TS=1786203709.059
V_SENSE5=1.640625
V_SENSE9=1.171875
V_SENSE12=0.02197265625
ADC_V5=5.0091552734375
ADC_V9=9.345703125
ADC_V12=11.6644287109375
ADC_V28=27.01934814453125
THERMAL_SENS_OUT_1=33
THERMAL_SENS_OUT_2=-50
THERMAL_SENS_OUT_3=30
THERMAL_SENS_OUT_4=35
THERMAL_SENS_OUT_5=34
THERMAL_SENS_OUT_6=-50
THERMAL_SENS_INT_1=30
THERMAL_SENS_INT_2=28
PG_5=0
PG_9=0
PG_12=0
FLT_P2=0
FLT_P3=0
HEAT_1_TEMP=33
HEAT_1_DUTY=100
HEAT_2_TEMP=30
HEAT_2_DUTY=0
HEAT_3_TEMP=35
HEAT_3_DUTY=0
HEAT_4_TEMP=34
HEAT_4_DUTY=0

[21:03:38.194 EBOX]
TS=1786203709.590
V_SENSE5=1.16455078125
V_SENSE9=0.0341796875
V_SENSE12=0.10009765625
ADC_V5=4.96490478515625
ADC_V9=8.85894775390625
ADC_V12=11.929931640625
ADC_V28=27.5238037109375
THERMAL_SENS_OUT_1=30
THERMAL_SENS_OUT_2=-50
THERMAL_SENS_OUT_3=33
THERMAL_SENS_OUT_4=29
THERMAL_SENS_OUT_5=33
THERMAL_SENS_OUT_6=-50
THERMAL_SENS_INT_1=26
THERMAL_SENS_INT_2=27
PG_5=0
PG_9=0
PG_12=0
FLT_P2=0
FLT_P3=0
HEAT_1_TEMP=30
HEAT_1_DUTY=100
HEAT_2_TEMP=33
HEAT_2_DUTY=0
HEAT_3_TEMP=29
HEAT_3_DUTY=0
HEAT_4_TEMP=33
HEAT_4_DUTY=0

[21:03:38.656 EBOX]
TS=1786203710.109
V_SENSE5=1.474609375
V_SENSE9=1.2451171875
V_SENSE12=0.234375
ADC_V5=4.814453125
ADC_V9=9.46075439453125
ADC_V12=11.67327880859375
ADC_V28=27.78045654296875
THERMAL_SENS_OUT_1=34
THERMAL_SENS_OUT_2=-50
THERMAL_SENS_OUT_3=34
THERMAL_SENS_OUT_4=31
THERMAL_SENS_OUT_5=32
THERMAL_SENS_OUT_6=-50
THERMAL_SENS_INT_1=24
THERMAL_SENS_INT_2=29
PG_5=0
PG_9=0
PG_12=0
FLT_P2=0
FLT_P3=0
HEAT_1_TEMP=34
HEAT_1_DUTY=0
HEAT_2_TEMP=34
HEAT_2_DUTY=100
HEAT_3_TEMP=31
HEAT_3_DUTY=0
HEAT_4_TEMP=32
HEAT_4_DUTY=0

[21:03:39.195 EBOX]
TS=1786203710.639
V_SENSE5=1.1376953125
V_SENSE9=0.04638671875
V_SENSE12=0.126953125
ADC_V5=4.89410400390625
ADC_V9=9.26605224609375
ADC_V12=11.63787841796875
ADC_V28=28.001708984375
THERMAL_SENS_OUT_1=34
THERMAL_SENS_OUT_2=-50
THERMAL_SENS_OUT_3=32
THERMAL_SENS_OUT_4=34
THERMAL_SENS_OUT_5=33
THERMAL_SENS_OUT_6=-50
THERMAL_SENS_INT_1=27
THERMAL_SENS_INT_2=26
PG_5=0
PG_9=0
PG_12=0
FLT_P2=0
FLT_P3=0
HEAT_1_TEMP=34
HEAT_1_DUTY=0
HEAT_2_TEMP=32
HEAT_2_DUTY=100
HEAT_3_TEMP=34
HEAT_3_DUTY=0
HEAT_4_TEMP=33
HEAT_4_DUTY=0

[21:03:39.736 EBOX]
TS=1786203711.164
V_SENSE5=1.1181640625
V_SENSE9=0.0341796875
V_SENSE12=0.1416015625
ADC_V5=4.991455078125
ADC_V9=8.85894775390625
ADC_V12=11.79718017578125
ADC_V28=27.152099609375
THERMAL_SENS_OUT_1=32
THERMAL_SENS_OUT_2=-50
THERMAL_SENS_OUT_3=29
THERMAL_SENS_OUT_4=34
THERMAL_SENS_OUT_5=33
THERMAL_SENS_OUT_6=-50
THERMAL_SENS_INT_1=25
THERMAL_SENS_INT_2=32
PG_5=0
PG_9=0
PG_12=0
FLT_P2=0
FLT_P3=0
HEAT_1_TEMP=32
HEAT_1_DUTY=0
HEAT_2_TEMP=29
HEAT_2_DUTY=0
HEAT_3_TEMP=34
HEAT_3_DUTY=100
HEAT_4_TEMP=33
HEAT_4_DUTY=0

[21:03:40.279 EBOX]
TS=1786203711.690
V_SENSE5=1.171875
V_SENSE9=0.03662109375
V_SENSE12=0.13427734375
ADC_V5=4.84100341796875
ADC_V9=9.31915283203125
ADC_V12=11.46087646484375
ADC_V28=27.63885498046875
THERMAL_SENS_OUT_1=31
THERMAL_SENS_OUT_2=-50
THERMAL_SENS_OUT_3=29
THERMAL_SENS_OUT_4=33
THERMAL_SENS_OUT_5=32
THERMAL_SENS_OUT_6=-50
THERMAL_SENS_INT_1=24
THERMAL_SENS_INT_2=29
PG_5=0
PG_9=0
PG_12=0
FLT_P2=0
FLT_P3=0
HEAT_1_TEMP=31
HEAT_1_DUTY=0
HEAT_2_TEMP=29
HEAT_2_DUTY=0
HEAT_3_TEMP=33
HEAT_3_DUTY=100
HEAT_4_TEMP=32
HEAT_4_DUTY=0

[21:03:40.719 EBOX]
TS=1786203712.215
V_SENSE5=1.1279296875
V_SENSE9=0.0390625
V_SENSE12=0.1025390625
ADC_V5=4.9383544921875
ADC_V9=8.85894775390625
ADC_V12=11.7706298828125
ADC_V28=27.96630859375
THERMAL_SENS_OUT_1=33
THERMAL_SENS_OUT_2=-50
THERMAL_SENS_OUT_3=34
THERMAL_SENS_OUT_4=32
THERMAL_SENS_OUT_5=31
THERMAL_SENS_OUT_6=-50
THERMAL_SENS_INT_1=25
THERMAL_SENS_INT_2=26
PG_5=0
PG_9=0
PG_12=0
FLT_P2=0
FLT_P3=0
HEAT_1_TEMP=33
HEAT_1_DUTY=0
HEAT_2_TEMP=34
HEAT_2_DUTY=0
HEAT_3_TEMP=32
HEAT_3_DUTY=0
HEAT_4_TEMP=31
HEAT_4_DUTY=100

[21:03:41.276 EBOX]
TS=1786203712.742
V_SENSE5=1.171875
V_SENSE9=0.03662109375
V_SENSE12=0.12939453125
ADC_V5=4.9737548828125
ADC_V9=9.26605224609375
ADC_V12=11.859130859375
ADC_V28=27.93975830078125
THERMAL_SENS_OUT_1=33
THERMAL_SENS_OUT_2=-50
THERMAL_SENS_OUT_3=35
THERMAL_SENS_OUT_4=32
THERMAL_SENS_OUT_5=32
THERMAL_SENS_OUT_6=-50
THERMAL_SENS_INT_1=30
THERMAL_SENS_INT_2=27
PG_5=0
PG_9=0
PG_12=0
FLT_P2=0
FLT_P3=0
HEAT_1_TEMP=33
HEAT_1_DUTY=0
HEAT_2_TEMP=35
HEAT_2_DUTY=0
HEAT_3_TEMP=32
HEAT_3_DUTY=0
HEAT_4_TEMP=32
HEAT_4_DUTY=100

[21:03:41.845 EBOX]
TS=1786203713.269
V_SENSE5=1.14501953125
V_SENSE9=0.03662109375
V_SENSE12=0.126953125
ADC_V5=4.94720458984375
ADC_V9=9.345703125
ADC_V12=11.85028076171875
ADC_V28=27.11669921875
THERMAL_SENS_OUT_1=32
THERMAL_SENS_OUT_2=-50
THERMAL_SENS_OUT_3=33
THERMAL_SENS_OUT_4=30
THERMAL_SENS_OUT_5=37
THERMAL_SENS_OUT_6=-50
THERMAL_SENS_INT_1=29
THERMAL_SENS_INT_2=28
PG_5=0
PG_9=0
PG_12=0
FLT_P2=0
FLT_P3=0
HEAT_1_TEMP=32
HEAT_1_DUTY=100
HEAT_2_TEMP=33
HEAT_2_DUTY=0
HEAT_3_TEMP=30
HEAT_3_DUTY=0
HEAT_4_TEMP=37
HEAT_4_DUTY=0

[21:03:42.313 EBOX]
TS=1786203713.795
V_SENSE5=1.16943359375
V_SENSE9=0.09521484375
V_SENSE12=0.1220703125
ADC_V5=4.85870361328125
ADC_V9=9.24835205078125
ADC_V12=11.53167724609375
ADC_V28=27.76275634765625
THERMAL_SENS_OUT_1=32
THERMAL_SENS_OUT_2=-50
THERMAL_SENS_OUT_3=31
THERMAL_SENS_OUT_4=30
THERMAL_SENS_OUT_5=37
THERMAL_SENS_OUT_6=-50
THERMAL_SENS_INT_1=24
THERMAL_SENS_INT_2=28
PG_5=0
PG_9=0
PG_12=0
FLT_P2=0
FLT_P3=0
HEAT_1_TEMP=32
HEAT_1_DUTY=100
HEAT_2_TEMP=31
HEAT_2_DUTY=0
HEAT_3_TEMP=30
HEAT_3_DUTY=0
HEAT_4_TEMP=37
HEAT_4_DUTY=0

[21:03:42.859 EBOX]
TS=1786203714.321
V_SENSE5=1.19140625
V_SENSE9=0.0390625
V_SENSE12=0.12939453125
ADC_V5=4.98260498046875
ADC_V9=9.2572021484375
ADC_V12=11.85028076171875
ADC_V28=27.92205810546875
THERMAL_SENS_OUT_1=33
THERMAL_SENS_OUT_2=-50
THERMAL_SENS_OUT_3=28
THERMAL_SENS_OUT_4=30
THERMAL_SENS_OUT_5=34
THERMAL_SENS_OUT_6=-50
THERMAL_SENS_INT_1=27
THERMAL_SENS_INT_2=31
PG_5=0
PG_9=0
PG_12=0
FLT_P2=0
FLT_P3=0
HEAT_1_TEMP=33
HEAT_1_DUTY=0
HEAT_2_TEMP=28
HEAT_2_DUTY=100
HEAT_3_TEMP=30
HEAT_3_DUTY=0
HEAT_4_TEMP=34
HEAT_4_DUTY=0

[21:03:43.308 EBOX]
TS=1786203714.848
V_SENSE5=1.1474609375
V_SENSE9=0.04150390625
V_SENSE12=0.13671875
ADC_V5=4.9560546875
ADC_V9=9.522705078125
ADC_V12=11.89453125
ADC_V28=28.001708984375
THERMAL_SENS_OUT_1=32
THERMAL_SENS_OUT_2=-50
THERMAL_SENS_OUT_3=31
THERMAL_SENS_OUT_4=34
THERMAL_SENS_OUT_5=32
THERMAL_SENS_OUT_6=-50
THERMAL_SENS_INT_1=27
THERMAL_SENS_INT_2=31
PG_5=0
PG_9=0
PG_12=0
FLT_P2=0
FLT_P3=0
HEAT_1_TEMP=32
HEAT_1_DUTY=0
HEAT_2_TEMP=31
HEAT_2_DUTY=100
HEAT_3_TEMP=34
HEAT_3_DUTY=0
HEAT_4_TEMP=32
HEAT_4_DUTY=0

[21:03:43.853 EBOX]
TS=1786203715.375
V_SENSE5=1.1767578125
V_SENSE9=0.07568359375
V_SENSE12=0.1171875
ADC_V5=4.8675537109375
ADC_V9=9.3280029296875
ADC_V12=11.5936279296875
ADC_V28=28.08135986328125
THERMAL_SENS_OUT_1=31
THERMAL_SENS_OUT_2=-50
THERMAL_SENS_OUT_3=34
THERMAL_SENS_OUT_4=29
THERMAL_SENS_OUT_5=32
THERMAL_SENS_OUT_6=-50
THERMAL_SENS_INT_1=29
THERMAL_SENS_INT_2=26
PG_5=0
PG_9=0
PG_12=0
FLT_P2=0
FLT_P3=0
HEAT_1_TEMP=31
HEAT_1_DUTY=0
HEAT_2_TEMP=34
HEAT_2_DUTY=0
HEAT_3_TEMP=29
HEAT_3_DUTY=100
HEAT_4_TEMP=32
HEAT_4_DUTY=0

[21:03:44.412 EBOX]
TS=1786203715.901
V_SENSE5=1.1962890625
V_SENSE9=0.03662109375
V_SENSE12=0.15380859375
ADC_V5=4.8321533203125
ADC_V9=8.92974853515625
ADC_V12=11.54052734375
ADC_V28=27.1343994140625
THERMAL_SENS_OUT_1=33
THERMAL_SENS_OUT_2=-50
THERMAL_SENS_OUT_3=29
THERMAL_SENS_OUT_4=30
THERMAL_SENS_OUT_5=36
THERMAL_SENS_OUT_6=-50
THERMAL_SENS_INT_1=28
THERMAL_SENS_INT_2=31
PG_5=0
PG_9=0
PG_12=0
FLT_P2=0
FLT_P3=0
HEAT_1_TEMP=33
HEAT_1_DUTY=0
HEAT_2_TEMP=29
HEAT_2_DUTY=0
HEAT_3_TEMP=30
HEAT_3_DUTY=100
HEAT_4_TEMP=36
HEAT_4_DUTY=0

[21:03:44.855 EBOX]
TS=1786203716.321
V_SENSE5=1.14013671875
V_SENSE9=0.03662109375
V_SENSE12=0.1171875
ADC_V5=4.92950439453125
ADC_V9=8.9031982421875
ADC_V12=11.6290283203125
ADC_V28=28.0194091796875
THERMAL_SENS_OUT_1=34
THERMAL_SENS_OUT_2=-50
THERMAL_SENS_OUT_3=35
THERMAL_SENS_OUT_4=32
THERMAL_SENS_OUT_5=37
THERMAL_SENS_OUT_6=-50
THERMAL_SENS_INT_1=27
THERMAL_SENS_INT_2=31
PG_5=0
PG_9=0
PG_12=0
FLT_P2=0
FLT_P3=0
HEAT_1_TEMP=34
HEAT_1_DUTY=0
HEAT_2_TEMP=35
HEAT_2_DUTY=0
HEAT_3_TEMP=32
HEAT_3_DUTY=0
HEAT_4_TEMP=37
HEAT_4_DUTY=100

[21:03:45.395 EBOX]
TS=1786203716.852
V_SENSE5=1.17919921875
V_SENSE9=0.0390625
V_SENSE12=0.1123046875
ADC_V5=4.9560546875
ADC_V9=8.85894775390625
ADC_V12=11.7529296875
ADC_V28=28.04595947265625
THERMAL_SENS_OUT_1=35
THERMAL_SENS_OUT_2=-50
THERMAL_SENS_OUT_3=34
THERMAL_SENS_OUT_4=31
THERMAL_SENS_OUT_5=38
THERMAL_SENS_OUT_6=-50
THERMAL_SENS_INT_1=26
THERMAL_SENS_INT_2=27
PG_5=0
PG_9=0
PG_12=0
FLT_P2=0
FLT_P3=0
HEAT_1_TEMP=35
HEAT_1_DUTY=0
HEAT_2_TEMP=34
HEAT_2_DUTY=0
HEAT_3_TEMP=31
HEAT_3_DUTY=0
HEAT_4_TEMP=38
HEAT_4_DUTY=100

[21:03:45.939 EBOX]
TS=1786203717.379
V_SENSE5=1.24755859375
V_SENSE9=0.03662109375
V_SENSE12=0.13671875
ADC_V5=4.9383544921875
ADC_V9=9.55810546875
ADC_V12=11.54052734375
ADC_V28=27.76275634765625
THERMAL_SENS_OUT_1=31
THERMAL_SENS_OUT_2=-50
THERMAL_SENS_OUT_3=32
THERMAL_SENS_OUT_4=32
THERMAL_SENS_OUT_5=32
THERMAL_SENS_OUT_6=-50
THERMAL_SENS_INT_1=24
THERMAL_SENS_INT_2=31
PG_5=0
PG_9=0
PG_12=0
FLT_P2=0
FLT_P3=0
HEAT_1_TEMP=31
HEAT_1_DUTY=100
HEAT_2_TEMP=32
HEAT_2_DUTY=0
HEAT_3_TEMP=32
HEAT_3_DUTY=0
HEAT_4_TEMP=32
HEAT_4_DUTY=0

[21:03:46.504 EBOX]
TS=1786203717.906
V_SENSE5=1.1767578125
V_SENSE9=0.04150390625
V_SENSE12=0.146484375
ADC_V5=4.89410400390625
ADC_V9=9.21295166015625
ADC_V12=11.6998291015625
ADC_V28=27.8955078125
THERMAL_SENS_OUT_1=33
THERMAL_SENS_OUT_2=-50
THERMAL_SENS_OUT_3=29
THERMAL_SENS_OUT_4=32
THERMAL_SENS_OUT_5=34
THERMAL_SENS_OUT_6=-50
THERMAL_SENS_INT_1=29
THERMAL_SENS_INT_2=27
PG_5=0
PG_9=0
PG_12=0
FLT_P2=0
FLT_P3=0
HEAT_1_TEMP=33
HEAT_1_DUTY=100
HEAT_2_TEMP=29
HEAT_2_DUTY=0
HEAT_3_TEMP=32
HEAT_3_DUTY=0
HEAT_4_TEMP=34
HEAT_4_DUTY=0

[21:03:46.957 EBOX]
TS=1786203718.434
V_SENSE5=1.15478515625
V_SENSE9=0.03662109375
V_SENSE12=0.11474609375
ADC_V5=4.87640380859375
ADC_V9=9.0093994140625
ADC_V12=11.62017822265625
ADC_V28=27.46185302734375
THERMAL_SENS_OUT_1=35
THERMAL_SENS_OUT_2=-50
THERMAL_SENS_OUT_3=35
THERMAL_SENS_OUT_4=30
THERMAL_SENS_OUT_5=35
THERMAL_SENS_OUT_6=-50
THERMAL_SENS_INT_1=24
THERMAL_SENS_INT_2=29
PG_5=0
PG_9=0
PG_12=0
FLT_P2=0
FLT_P3=0
HEAT_1_TEMP=35
HEAT_1_DUTY=0
HEAT_2_TEMP=35
HEAT_2_DUTY=100
HEAT_3_TEMP=30
HEAT_3_DUTY=0
HEAT_4_TEMP=35
HEAT_4_DUTY=0

[21:03:47.519 EBOX]
TS=1786203718.961
V_SENSE5=1.18896484375
V_SENSE9=0.0341796875
V_SENSE12=0.1171875
ADC_V5=4.92950439453125
ADC_V9=9.310302734375
ADC_V12=11.717529296875
ADC_V28=27.60345458984375
THERMAL_SENS_OUT_1=35
THERMAL_SENS_OUT_2=-50
THERMAL_SENS_OUT_3=31
THERMAL_SENS_OUT_4=34
THERMAL_SENS_OUT_5=37
THERMAL_SENS_OUT_6=-50
THERMAL_SENS_INT_1=25
THERMAL_SENS_INT_2=29
PG_5=0
PG_9=0
PG_12=0
FLT_P2=0
FLT_P3=0
HEAT_1_TEMP=35
HEAT_1_DUTY=0
HEAT_2_TEMP=31
HEAT_2_DUTY=0
HEAT_3_TEMP=34
HEAT_3_DUTY=100
HEAT_4_TEMP=37
HEAT_4_DUTY=0

[21:03:47.964 EBOX]
TS=1786203719.487
V_SENSE5=1.162109375
V_SENSE9=0.0341796875
V_SENSE12=0.16357421875
ADC_V5=5.00030517578125
ADC_V9=8.85894775390625
ADC_V12=11.81488037109375
ADC_V28=27.21405029296875
THERMAL_SENS_OUT_1=31
THERMAL_SENS_OUT_2=-50
THERMAL_SENS_OUT_3=29
THERMAL_SENS_OUT_4=34
THERMAL_SENS_OUT_5=32
THERMAL_SENS_OUT_6=-50
THERMAL_SENS_INT_1=24
THERMAL_SENS_INT_2=30
PG_5=0
PG_9=0
PG_12=0
FLT_P2=0
FLT_P3=0
HEAT_1_TEMP=31
HEAT_1_DUTY=0
HEAT_2_TEMP=29
HEAT_2_DUTY=0
HEAT_3_TEMP=34
HEAT_3_DUTY=100
HEAT_4_TEMP=32
HEAT_4_DUTY=0

[21:03:48.531 EBOX]
TS=1786203720.014
V_SENSE5=1.09130859375
V_SENSE9=1.35498046875
V_SENSE12=0.1513671875
ADC_V5=5.0091552734375
ADC_V9=9.345703125
ADC_V12=11.60247802734375
ADC_V28=27.7716064453125
THERMAL_SENS_OUT_1=32
THERMAL_SENS_OUT_2=-50
THERMAL_SENS_OUT_3=29
THERMAL_SENS_OUT_4=31
THERMAL_SENS_OUT_5=36
THERMAL_SENS_OUT_6=-50
THERMAL_SENS_INT_1=30
THERMAL_SENS_INT_2=26
PG_5=0
PG_9=0
PG_12=0
FLT_P2=0
FLT_P3=0
HEAT_1_TEMP=32
HEAT_1_DUTY=0
HEAT_2_TEMP=29
HEAT_2_DUTY=0
HEAT_3_TEMP=31
HEAT_3_DUTY=0
HEAT_4_TEMP=36
HEAT_4_DUTY=100

[21:03:49.068 EBOX]
TS=1786203720.541
V_SENSE5=1.162109375
V_SENSE9=0.03662109375
V_SENSE12=0.19287109375
ADC_V5=5.01800537109375
ADC_V9=8.99169921875
ADC_V12=11.89453125
ADC_V28=27.40875244140625
THERMAL_SENS_OUT_1=29
THERMAL_SENS_OUT_2=-50
THERMAL_SENS_OUT_3=32
THERMAL_SENS_OUT_4=31
THERMAL_SENS_OUT_5=37
THERMAL_SENS_OUT_6=-50
THERMAL_SENS_INT_1=26
THERMAL_SENS_INT_2=30
PG_5=0
PG_9=0
PG_12=0
FLT_P2=0
FLT_P3=0
HEAT_1_TEMP=29
HEAT_1_DUTY=0
HEAT_2_TEMP=32
HEAT_2_DUTY=0
HEAT_3_TEMP=31
HEAT_3_DUTY=0
HEAT_4_TEMP=37
HEAT_4_DUTY=100

[21:03:49.615 EBOX]
TS=1786203721.067
V_SENSE5=0.66650390625
V_SENSE9=1.31591796875
V_SENSE12=0.02685546875
ADC_V5=4.87640380859375
ADC_V9=9.49615478515625
ADC_V12=11.54937744140625
ADC_V28=27.5946044921875
THERMAL_SENS_OUT_1=29
THERMAL_SENS_OUT_2=-50
THERMAL_SENS_OUT_3=34
THERMAL_SENS_OUT_4=30
THERMAL_SENS_OUT_5=36
THERMAL_SENS_OUT_6=-50
THERMAL_SENS_INT_1=28
THERMAL_SENS_INT_2=28
PG_5=0
PG_9=0
PG_12=0
FLT_P2=0
FLT_P3=0
HEAT_1_TEMP=29
HEAT_1_DUTY=100
HEAT_2_TEMP=34
HEAT_2_DUTY=0
HEAT_3_TEMP=30
HEAT_3_DUTY=0
HEAT_4_TEMP=36
HEAT_4_DUTY=0

[21:03:50.052 EBOX]
TS=1786203721.594
V_SENSE5=1.181640625
V_SENSE9=0.03662109375
V_SENSE12=0.13916015625
ADC_V5=4.8321533203125
ADC_V9=9.381103515625
ADC_V12=11.62017822265625
ADC_V28=27.96630859375
THERMAL_SENS_OUT_1=36
THERMAL_SENS_OUT_2=-50
THERMAL_SENS_OUT_3=30
THERMAL_SENS_OUT_4=34
THERMAL_SENS_OUT_5=34
THERMAL_SENS_OUT_6=-50
THERMAL_SENS_INT_1=27
THERMAL_SENS_INT_2=26
PG_5=0
PG_9=0
PG_12=0
FLT_P2=0
FLT_P3=0
HEAT_1_TEMP=36
HEAT_1_DUTY=100
HEAT_2_TEMP=30
HEAT_2_DUTY=0
HEAT_3_TEMP=34
HEAT_3_DUTY=0
HEAT_4_TEMP=34
HEAT_4_DUTY=0

[21:03:50.591 EBOX]
TS=1786203722.116
V_SENSE5=1.1962890625
V_SENSE9=0.0341796875
V_SENSE12=0.13916015625
ADC_V5=4.84100341796875
ADC_V9=9.0625
ADC_V12=11.47857666015625
ADC_V28=27.6300048828125
THERMAL_SENS_OUT_1=31
THERMAL_SENS_OUT_2=-50
THERMAL_SENS_OUT_3=31
THERMAL_SENS_OUT_4=31
THERMAL_SENS_OUT_5=38
THERMAL_SENS_OUT_6=-50
THERMAL_SENS_INT_1=26
THERMAL_SENS_INT_2=30
PG_5=0
PG_9=0
PG_12=0
FLT_P2=0
FLT_P3=0
HEAT_1_TEMP=31
HEAT_1_DUTY=0
HEAT_2_TEMP=31
HEAT_2_DUTY=100
HEAT_3_TEMP=31
HEAT_3_DUTY=0
HEAT_4_TEMP=38
HEAT_4_DUTY=0

[21:03:51.170 EBOX]
TS=1786203722.538
V_SENSE5=1.1279296875
V_SENSE9=0.0341796875
V_SENSE12=0.1171875
ADC_V5=4.82330322265625
ADC_V9=9.14215087890625
ADC_V12=11.575927734375
ADC_V28=27.718505859375
THERMAL_SENS_OUT_1=32
THERMAL_SENS_OUT_2=-50
THERMAL_SENS_OUT_3=30
THERMAL_SENS_OUT_4=35
THERMAL_SENS_OUT_5=34
THERMAL_SENS_OUT_6=-50
THERMAL_SENS_INT_1=25
THERMAL_SENS_INT_2=32
PG_5=0
PG_9=0
PG_12=0
FLT_P2=0
FLT_P3=0
HEAT_1_TEMP=32
HEAT_1_DUTY=0
HEAT_2_TEMP=30
HEAT_2_DUTY=100
HEAT_3_TEMP=35
HEAT_3_DUTY=0
HEAT_4_TEMP=34
HEAT_4_DUTY=0

[21:03:51.609 EBOX]
TS=1786203723.065
V_SENSE5=1.11083984375
V_SENSE9=2.490234375
V_SENSE12=0.0244140625
ADC_V5=4.88525390625
ADC_V9=9.08905029296875
ADC_V12=11.82373046875
ADC_V28=27.0635986328125
THERMAL_SENS_OUT_1=31
THERMAL_SENS_OUT_2=-50
THERMAL_SENS_OUT_3=32
THERMAL_SENS_OUT_4=35
THERMAL_SENS_OUT_5=32
THERMAL_SENS_OUT_6=-50
THERMAL_SENS_INT_1=28
THERMAL_SENS_INT_2=30
PG_5=0
PG_9=0
PG_12=0
FLT_P2=0
FLT_P3=0
HEAT_1_TEMP=31
HEAT_1_DUTY=0
HEAT_2_TEMP=32
HEAT_2_DUTY=0
HEAT_3_TEMP=35
HEAT_3_DUTY=100
HEAT_4_TEMP=32
HEAT_4_DUTY=0

[21:03:52.148 EBOX]
TS=1786203723.592
V_SENSE5=1.201171875
V_SENSE9=0.03662109375
V_SENSE12=0.15380859375
ADC_V5=4.96490478515625
ADC_V9=9.24835205078125
ADC_V12=11.859130859375
ADC_V28=27.95745849609375
THERMAL_SENS_OUT_1=31
THERMAL_SENS_OUT_2=-50
THERMAL_SENS_OUT_3=31
THERMAL_SENS_OUT_4=33
THERMAL_SENS_OUT_5=38
THERMAL_SENS_OUT_6=-50
THERMAL_SENS_INT_1=27
THERMAL_SENS_INT_2=30
PG_5=0
PG_9=0
PG_12=0
FLT_P2=0
FLT_P3=0
HEAT_1_TEMP=31
HEAT_1_DUTY=0
HEAT_2_TEMP=31
HEAT_2_DUTY=0
HEAT_3_TEMP=33
HEAT_3_DUTY=100
HEAT_4_TEMP=38
HEAT_4_DUTY=0

[21:03:52.686 EBOX]
TS=1786203724.109
V_SENSE5=0.888671875
V_SENSE9=1.572265625
V_SENSE12=0.224609375
ADC_V5=4.87640380859375
ADC_V9=9.2572021484375
ADC_V12=11.8768310546875
ADC_V28=26.9219970703125
THERMAL_SENS_OUT_1=32
THERMAL_SENS_OUT_2=-50
THERMAL_SENS_OUT_3=31
THERMAL_SENS_OUT_4=32
THERMAL_SENS_OUT_5=34
THERMAL_SENS_OUT_6=-50
THERMAL_SENS_INT_1=26
THERMAL_SENS_INT_2=32
PG_5=0
PG_9=0
PG_12=0
FLT_P2=0
FLT_P3=0
HEAT_1_TEMP=32
HEAT_1_DUTY=0
HEAT_2_TEMP=31
HEAT_2_DUTY=0
HEAT_3_TEMP=32
HEAT_3_DUTY=0
HEAT_4_TEMP=34
HEAT_4_DUTY=100

[21:03:53.247 EBOX]
TS=1786203724.636
V_SENSE5=1.15478515625
V_SENSE9=0.07568359375
V_SENSE12=0.11962890625
ADC_V5=4.8321533203125
ADC_V9=9.46075439453125
ADC_V12=11.49627685546875
ADC_V28=27.76275634765625
THERMAL_SENS_OUT_1=34
THERMAL_SENS_OUT_2=-50
THERMAL_SENS_OUT_3=34
THERMAL_SENS_OUT_4=31
THERMAL_SENS_OUT_5=37
THERMAL_SENS_OUT_6=-50
THERMAL_SENS_INT_1=31
THERMAL_SENS_INT_2=29
PG_5=0
PG_9=0
PG_12=0
FLT_P2=0
FLT_P3=0
HEAT_1_TEMP=34
HEAT_1_DUTY=0
HEAT_2_TEMP=34
HEAT_2_DUTY=0
HEAT_3_TEMP=31
HEAT_3_DUTY=0
HEAT_4_TEMP=37
HEAT_4_DUTY=100

[21:03:53.695 EBOX]
TS=1786203725.163
V_SENSE5=1.1962890625
V_SENSE9=0.0341796875
V_SENSE12=0.1416015625
ADC_V5=4.9560546875
ADC_V9=8.7969970703125
ADC_V12=11.76177978515625
ADC_V28=27.88665771484375
THERMAL_SENS_OUT_1=36
THERMAL_SENS_OUT_2=-50
THERMAL_SENS_OUT_3=33
THERMAL_SENS_OUT_4=30
THERMAL_SENS_OUT_5=37
THERMAL_SENS_OUT_6=-50
THERMAL_SENS_INT_1=30
THERMAL_SENS_INT_2=28
PG_5=0
PG_9=0
PG_12=0
FLT_P2=0
FLT_P3=0
HEAT_1_TEMP=36
HEAT_1_DUTY=100
HEAT_2_TEMP=33
HEAT_2_DUTY=0
HEAT_3_TEMP=30
HEAT_3_DUTY=0
HEAT_4_TEMP=37
HEAT_4_DUTY=0

[21:03:54.251 EBOX]
TS=1786203725.690
V_SENSE5=1.13037109375
V_SENSE9=0.03662109375
V_SENSE12=0.13916015625
ADC_V5=4.98260498046875
ADC_V9=9.1864013671875
ADC_V12=11.90338134765625
ADC_V28=27.3822021484375
THERMAL_SENS_OUT_1=30
THERMAL_SENS_OUT_2=-50
THERMAL_SENS_OUT_3=29
THERMAL_SENS_OUT_4=32
THERMAL_SENS_OUT_5=37
THERMAL_SENS_OUT_6=-50
THERMAL_SENS_INT_1=28
THERMAL_SENS_INT_2=26
PG_5=0
PG_9=0
PG_12=0
FLT_P2=0
FLT_P3=0
HEAT_1_TEMP=30
HEAT_1_DUTY=100
HEAT_2_TEMP=29
HEAT_2_DUTY=0
HEAT_3_TEMP=32
HEAT_3_DUTY=0
HEAT_4_TEMP=37
HEAT_4_DUTY=0

[21:03:54.733 EBOX]
TS=1786203726.215
V_SENSE5=1.171875
V_SENSE9=0.07568359375
V_SENSE12=0.11962890625
ADC_V5=4.89410400390625
ADC_V9=9.35455322265625
ADC_V12=11.54052734375
ADC_V28=27.8070068359375
THERMAL_SENS_OUT_1=34
THERMAL_SENS_OUT_2=-50
THERMAL_SENS_OUT_3=34
THERMAL_SENS_OUT_4=31
THERMAL_SENS_OUT_5=38
THERMAL_SENS_OUT_6=-50
THERMAL_SENS_INT_1=23
THERMAL_SENS_INT_2=27
PG_5=0
PG_9=0
PG_12=0
FLT_P2=0
FLT_P3=0
HEAT_1_TEMP=34
HEAT_1_DUTY=0
HEAT_2_TEMP=34
HEAT_2_DUTY=100
HEAT_3_TEMP=31
HEAT_3_DUTY=0
HEAT_4_TEMP=38
HEAT_4_DUTY=0

[21:03:55.271 EBOX]
TS=1786203726.742
V_SENSE5=1.1669921875
V_SENSE9=0.03662109375
V_SENSE12=0.12939453125
ADC_V5=5.00030517578125
ADC_V9=8.82354736328125
ADC_V12=11.92108154296875
ADC_V28=27.789306640625
THERMAL_SENS_OUT_1=34
THERMAL_SENS_OUT_2=-50
THERMAL_SENS_OUT_3=29
THERMAL_SENS_OUT_4=30
THERMAL_SENS_OUT_5=34
THERMAL_SENS_OUT_6=-50
THERMAL_SENS_INT_1=24
THERMAL_SENS_INT_2=27
PG_5=0
PG_9=0
PG_12=0
FLT_P2=0
FLT_P3=0
HEAT_1_TEMP=34
HEAT_1_DUTY=0
HEAT_2_TEMP=29
HEAT_2_DUTY=100
HEAT_3_TEMP=30
HEAT_3_DUTY=0
HEAT_4_TEMP=34
HEAT_4_DUTY=0

[21:03:55.809 EBOX]
TS=1786203727.263
V_SENSE5=1.15966796875
V_SENSE9=0.03662109375
V_SENSE12=0.126953125
ADC_V5=4.96490478515625
ADC_V9=8.85894775390625
ADC_V12=11.92108154296875
ADC_V28=27.95745849609375
THERMAL_SENS_OUT_1=34
THERMAL_SENS_OUT_2=-50
THERMAL_SENS_OUT_3=34
THERMAL_SENS_OUT_4=30
THERMAL_SENS_OUT_5=36
THERMAL_SENS_OUT_6=-50
THERMAL_SENS_INT_1=25
THERMAL_SENS_INT_2=32
PG_5=0
PG_9=0
PG_12=0
FLT_P2=0
FLT_P3=0
HEAT_1_TEMP=34
HEAT_1_DUTY=0
HEAT_2_TEMP=34
HEAT_2_DUTY=0
HEAT_3_TEMP=30
HEAT_3_DUTY=100
HEAT_4_TEMP=36
HEAT_4_DUTY=0

[21:03:56.253 EBOX]
TS=1786203727.791
V_SENSE5=1.1376953125
V_SENSE9=0.03662109375
V_SENSE12=0.12451171875
ADC_V5=5.0091552734375
ADC_V9=9.345703125
ADC_V12=11.86798095703125
ADC_V28=27.93975830078125
THERMAL_SENS_OUT_1=33
THERMAL_SENS_OUT_2=-50
THERMAL_SENS_OUT_3=29
THERMAL_SENS_OUT_4=30
THERMAL_SENS_OUT_5=35
THERMAL_SENS_OUT_6=-50
THERMAL_SENS_INT_1=24
THERMAL_SENS_INT_2=27
PG_5=0
PG_9=0
PG_12=0
FLT_P2=0
FLT_P3=0
HEAT_1_TEMP=33
HEAT_1_DUTY=0
HEAT_2_TEMP=29
HEAT_2_DUTY=0
HEAT_3_TEMP=30
HEAT_3_DUTY=100
HEAT_4_TEMP=35
HEAT_4_DUTY=0

[21:03:56.791 EBOX]
TS=1786203728.317
V_SENSE5=1.162109375
V_SENSE9=0.0390625
V_SENSE12=0.11962890625
ADC_V5=4.9737548828125
ADC_V9=9.451904296875
ADC_V12=11.86798095703125
ADC_V28=28.037109375
THERMAL_SENS_OUT_1=33
THERMAL_SENS_OUT_2=-50
THERMAL_SENS_OUT_3=29
THERMAL_SENS_OUT_4=31
THERMAL_SENS_OUT_5=37
THERMAL_SENS_OUT_6=-50
THERMAL_SENS_INT_1=28
THERMAL_SENS_INT_2=32
PG_5=0
PG_9=0
PG_12=0
FLT_P2=0
FLT_P3=0
HEAT_1_TEMP=33
HEAT_1_DUTY=0
HEAT_2_TEMP=29
HEAT_2_DUTY=0
HEAT_3_TEMP=31
HEAT_3_DUTY=0
HEAT_4_TEMP=37
HEAT_4_DUTY=100

[21:03:57.329 EBOX]
TS=1786203728.840
V_SENSE5=1.1669921875
V_SENSE9=0.0390625
V_SENSE12=0.1171875
ADC_V5=5.05340576171875
ADC_V9=9.17755126953125
ADC_V12=11.88568115234375
ADC_V28=27.19635009765625
THERMAL_SENS_OUT_1=32
THERMAL_SENS_OUT_2=-50
THERMAL_SENS_OUT_3=31
THERMAL_SENS_OUT_4=33
THERMAL_SENS_OUT_5=35
THERMAL_SENS_OUT_6=-50
THERMAL_SENS_INT_1=29
THERMAL_SENS_INT_2=28
PG_5=0
PG_9=0
PG_12=0
FLT_P2=0
FLT_P3=0
HEAT_1_TEMP=32
HEAT_1_DUTY=0
HEAT_2_TEMP=31
HEAT_2_DUTY=0
HEAT_3_TEMP=33
HEAT_3_DUTY=0
HEAT_4_TEMP=35
HEAT_4_DUTY=100

[21:03:57.876 EBOX]
TS=1786203729.262
V_SENSE5=1.16455078125
V_SENSE9=0.03662109375
V_SENSE12=0.13427734375
ADC_V5=4.9383544921875
ADC_V9=9.10675048828125
ADC_V12=11.86798095703125
ADC_V28=28.001708984375
THERMAL_SENS_OUT_1=33
THERMAL_SENS_OUT_2=-50
THERMAL_SENS_OUT_3=29
THERMAL_SENS_OUT_4=32
THERMAL_SENS_OUT_5=37
THERMAL_SENS_OUT_6=-50
THERMAL_SENS_INT_1=26
THERMAL_SENS_INT_2=30
PG_5=0
PG_9=0
PG_12=0
FLT_P2=0
FLT_P3=0
HEAT_1_TEMP=33
HEAT_1_DUTY=100
HEAT_2_TEMP=29
HEAT_2_DUTY=0
HEAT_3_TEMP=32
HEAT_3_DUTY=0
HEAT_4_TEMP=37
HEAT_4_DUTY=0

[21:03:58.322 EBOX]
TS=1786203729.792
V_SENSE5=1.1767578125
V_SENSE9=0.0390625
V_SENSE12=0.107421875
ADC_V5=4.814453125
ADC_V9=9.35455322265625
ADC_V12=11.7529296875
ADC_V28=27.8955078125
THERMAL_SENS_OUT_1=31
THERMAL_SENS_OUT_2=-50
THERMAL_SENS_OUT_3=35
THERMAL_SENS_OUT_4=30
THERMAL_SENS_OUT_5=34
THERMAL_SENS_OUT_6=-50
THERMAL_SENS_INT_1=25
THERMAL_SENS_INT_2=29
PG_5=0
PG_9=0
PG_12=0
FLT_P2=0
FLT_P3=0
HEAT_1_TEMP=31
HEAT_1_DUTY=100
HEAT_2_TEMP=35
HEAT_2_DUTY=0
HEAT_3_TEMP=30
HEAT_3_DUTY=0
HEAT_4_TEMP=34
HEAT_4_DUTY=0

[21:03:58.887 EBOX]
TS=1786203730.320
V_SENSE5=1.20849609375
V_SENSE9=0.04638671875
V_SENSE12=0.107421875
ADC_V5=4.92950439453125
ADC_V9=8.7615966796875
ADC_V12=11.89453125
ADC_V28=27.60345458984375
THERMAL_SENS_OUT_1=35
THERMAL_SENS_OUT_2=-50
THERMAL_SENS_OUT_3=31
THERMAL_SENS_OUT_4=34
THERMAL_SENS_OUT_5=34
THERMAL_SENS_OUT_6=-50
THERMAL_SENS_INT_1=28
THERMAL_SENS_INT_2=31
PG_5=0
PG_9=0
PG_12=0
FLT_P2=0
FLT_P3=0
HEAT_1_TEMP=35
HEAT_1_DUTY=0
HEAT_2_TEMP=31
HEAT_2_DUTY=100
HEAT_3_TEMP=34
HEAT_3_DUTY=0
HEAT_4_TEMP=34
HEAT_4_DUTY=0

[21:03:59.431 EBOX]
TS=1786203730.847
V_SENSE5=1.1572265625
V_SENSE9=0.03662109375
V_SENSE12=0.1220703125
ADC_V5=4.920654296875
ADC_V9=9.3280029296875
ADC_V12=11.47857666015625
ADC_V28=27.75390625
THERMAL_SENS_OUT_1=36
THERMAL_SENS_OUT_2=-50
THERMAL_SENS_OUT_3=35
THERMAL_SENS_OUT_4=31
THERMAL_SENS_OUT_5=38
THERMAL_SENS_OUT_6=-50
THERMAL_SENS_INT_1=29
THERMAL_SENS_INT_2=27
PG_5=0
PG_9=0
PG_12=0
FLT_P2=0
FLT_P3=0
HEAT_1_TEMP=36
HEAT_1_DUTY=0
HEAT_2_TEMP=35
HEAT_2_DUTY=100
HEAT_3_TEMP=31
HEAT_3_DUTY=0
HEAT_4_TEMP=38
HEAT_4_DUTY=0

[21:03:59.911 EBOX]
TS=1786203731.373
V_SENSE5=1.14501953125
V_SENSE9=0.0390625
V_SENSE12=0.15625
ADC_V5=4.9560546875
ADC_V9=8.956298828125
ADC_V12=11.81488037109375
ADC_V28=27.1875
THERMAL_SENS_OUT_1=31
THERMAL_SENS_OUT_2=-50
THERMAL_SENS_OUT_3=30
THERMAL_SENS_OUT_4=35
THERMAL_SENS_OUT_5=33
THERMAL_SENS_OUT_6=-50
THERMAL_SENS_INT_1=30
THERMAL_SENS_INT_2=29
PG_5=0
PG_9=0
PG_12=0
FLT_P2=0
FLT_P3=0
HEAT_1_TEMP=31
HEAT_1_DUTY=0
HEAT_2_TEMP=30
HEAT_2_DUTY=0
HEAT_3_TEMP=35
HEAT_3_DUTY=100
HEAT_4_TEMP=33
HEAT_4_DUTY=0

[21:04:00.451 EBOX]
TS=1786203731.901
V_SENSE5=1.19140625
V_SENSE9=0.048828125
V_SENSE12=0.107421875
ADC_V5=4.87640380859375
ADC_V9=9.3280029296875
ADC_V12=11.60247802734375
ADC_V28=27.364501953125
THERMAL_SENS_OUT_1=31
THERMAL_SENS_OUT_2=-50
THERMAL_SENS_OUT_3=35
THERMAL_SENS_OUT_4=30
THERMAL_SENS_OUT_5=34
THERMAL_SENS_OUT_6=-50
THERMAL_SENS_INT_1=30
THERMAL_SENS_INT_2=26
PG_5=0
PG_9=0
PG_12=0
FLT_P2=0
FLT_P3=0
HEAT_1_TEMP=31
HEAT_1_DUTY=0
HEAT_2_TEMP=35
HEAT_2_DUTY=0
HEAT_3_TEMP=30
HEAT_3_DUTY=100
HEAT_4_TEMP=34
HEAT_4_DUTY=0

[21:04:01.005 EBOX]
TS=1786203732.426
V_SENSE5=1.240234375
V_SENSE9=0.0634765625
V_SENSE12=0.11474609375
ADC_V5=4.88525390625
ADC_V9=9.0093994140625
ADC_V12=11.67327880859375
ADC_V28=27.5238037109375
THERMAL_SENS_OUT_1=36
THERMAL_SENS_OUT_2=-50
THERMAL_SENS_OUT_3=32
THERMAL_SENS_OUT_4=36
THERMAL_SENS_OUT_5=33
THERMAL_SENS_OUT_6=-50
THERMAL_SENS_INT_1=29
THERMAL_SENS_INT_2=28
PG_5=0
PG_9=0
PG_12=0
FLT_P2=0
FLT_P3=0
HEAT_1_TEMP=36
HEAT_1_DUTY=0
HEAT_2_TEMP=32
HEAT_2_DUTY=0
HEAT_3_TEMP=36
HEAT_3_DUTY=0
HEAT_4_TEMP=33
HEAT_4_DUTY=100

[21:04:01.453 EBOX]
TS=1786203732.952
V_SENSE5=1.1474609375
V_SENSE9=0.0390625
V_SENSE12=0.126953125
ADC_V5=4.7967529296875
ADC_V9=9.3280029296875
ADC_V12=11.929931640625
ADC_V28=27.72735595703125
THERMAL_SENS_OUT_1=37
THERMAL_SENS_OUT_2=-50
THERMAL_SENS_OUT_3=33
THERMAL_SENS_OUT_4=30
THERMAL_SENS_OUT_5=37
THERMAL_SENS_OUT_6=-50
THERMAL_SENS_INT_1=29
THERMAL_SENS_INT_2=27
PG_5=0
PG_9=0
PG_12=0
FLT_P2=0
FLT_P3=0
HEAT_1_TEMP=37
HEAT_1_DUTY=0
HEAT_2_TEMP=33
HEAT_2_DUTY=0
HEAT_3_TEMP=30
HEAT_3_DUTY=0
HEAT_4_TEMP=37
HEAT_4_DUTY=100

[21:04:01.999 EBOX]
TS=1786203733.479
V_SENSE5=1.18408203125
V_SENSE9=0.03662109375
V_SENSE12=0.10986328125
ADC_V5=4.88525390625
ADC_V9=9.08905029296875
ADC_V12=11.58477783203125
ADC_V28=27.8955078125
THERMAL_SENS_OUT_1=35
THERMAL_SENS_OUT_2=-50
THERMAL_SENS_OUT_3=34
THERMAL_SENS_OUT_4=31
THERMAL_SENS_OUT_5=37
THERMAL_SENS_OUT_6=-50
THERMAL_SENS_INT_1=29
THERMAL_SENS_INT_2=26
PG_5=0
PG_9=0
PG_12=0
FLT_P2=0
FLT_P3=0
HEAT_1_TEMP=35
HEAT_1_DUTY=100
HEAT_2_TEMP=34
HEAT_2_DUTY=0
HEAT_3_TEMP=31
HEAT_3_DUTY=0
HEAT_4_TEMP=37
HEAT_4_DUTY=0

[21:04:02.558 EBOX]
TS=1786203734.004
V_SENSE5=1.23779296875
V_SENSE9=0.0341796875
V_SENSE12=0.1220703125
ADC_V5=4.9029541015625
ADC_V9=9.27490234375
ADC_V12=11.6644287109375
ADC_V28=28.09906005859375
THERMAL_SENS_OUT_1=34
THERMAL_SENS_OUT_2=-50
THERMAL_SENS_OUT_3=30
THERMAL_SENS_OUT_4=33
THERMAL_SENS_OUT_5=35
THERMAL_SENS_OUT_6=-50
THERMAL_SENS_INT_1=28
THERMAL_SENS_INT_2=26
PG_5=0
PG_9=0
PG_12=0
FLT_P2=0
FLT_P3=0
HEAT_1_TEMP=34
HEAT_1_DUTY=0
HEAT_2_TEMP=30
HEAT_2_DUTY=100
HEAT_3_TEMP=33
HEAT_3_DUTY=0
HEAT_4_TEMP=35
HEAT_4_DUTY=0

[21:04:02.998 EBOX]
TS=1786203734.531
V_SENSE5=1.18896484375
V_SENSE9=0.0341796875
V_SENSE12=0.1123046875
ADC_V5=4.9560546875
ADC_V9=8.885498046875
ADC_V12=11.79718017578125
ADC_V28=27.2052001953125
THERMAL_SENS_OUT_1=32
THERMAL_SENS_OUT_2=-50
THERMAL_SENS_OUT_3=35
THERMAL_SENS_OUT_4=32
THERMAL_SENS_OUT_5=38
THERMAL_SENS_OUT_6=-50
THERMAL_SENS_INT_1=29
THERMAL_SENS_INT_2=27
PG_5=0
PG_9=0
PG_12=0
FLT_P2=0
FLT_P3=0
HEAT_1_TEMP=32
HEAT_1_DUTY=0
HEAT_2_TEMP=35
HEAT_2_DUTY=100
HEAT_3_TEMP=32
HEAT_3_DUTY=0
HEAT_4_TEMP=38
HEAT_4_DUTY=0

[21:04:03.560 EBOX]
TS=1786203734.953
V_SENSE5=1.15966796875
V_SENSE9=0.05126953125
V_SENSE12=0.11962890625
ADC_V5=4.85870361328125
ADC_V9=9.13330078125
ADC_V12=11.7529296875
ADC_V28=27.3822021484375
THERMAL_SENS_OUT_1=31
THERMAL_SENS_OUT_2=-50
THERMAL_SENS_OUT_3=35
THERMAL_SENS_OUT_4=30
THERMAL_SENS_OUT_5=34
THERMAL_SENS_OUT_6=-50
THERMAL_SENS_INT_1=24
THERMAL_SENS_INT_2=26
PG_5=0
PG_9=0
PG_12=0
FLT_P2=0
FLT_P3=0
HEAT_1_TEMP=31
HEAT_1_DUTY=0
HEAT_2_TEMP=35
HEAT_2_DUTY=0
HEAT_3_TEMP=30
HEAT_3_DUTY=100
HEAT_4_TEMP=34
HEAT_4_DUTY=0

[21:04:04.001 EBOX]
TS=1786203735.480
V_SENSE5=1.15234375
V_SENSE9=0.0341796875
V_SENSE12=0.126953125
ADC_V5=4.8321533203125
ADC_V9=9.2041015625
ADC_V12=11.81488037109375
ADC_V28=27.152099609375
THERMAL_SENS_OUT_1=32
THERMAL_SENS_OUT_2=-50
THERMAL_SENS_OUT_3=30
THERMAL_SENS_OUT_4=34
THERMAL_SENS_OUT_5=34
THERMAL_SENS_OUT_6=-50
THERMAL_SENS_INT_1=25
THERMAL_SENS_INT_2=31
PG_5=0
PG_9=0
PG_12=0
FLT_P2=0
FLT_P3=0
HEAT_1_TEMP=32
HEAT_1_DUTY=0
HEAT_2_TEMP=30
HEAT_2_DUTY=0
HEAT_3_TEMP=34
HEAT_3_DUTY=100
HEAT_4_TEMP=34
HEAT_4_DUTY=0

[21:04:04.552 EBOX]
TS=1786203736.011
V_SENSE5=1.34521484375
V_SENSE9=1.36962890625
V_SENSE12=0.0341796875
ADC_V5=4.9383544921875
ADC_V9=9.40765380859375
ADC_V12=11.49627685546875
ADC_V28=27.576904296875
THERMAL_SENS_OUT_1=36
THERMAL_SENS_OUT_2=-50
THERMAL_SENS_OUT_3=36
THERMAL_SENS_OUT_4=32
THERMAL_SENS_OUT_5=33
THERMAL_SENS_OUT_6=-50
THERMAL_SENS_INT_1=25
THERMAL_SENS_INT_2=31
PG_5=0
PG_9=0
PG_12=0
FLT_P2=0
FLT_P3=0
HEAT_1_TEMP=36
HEAT_1_DUTY=0
HEAT_2_TEMP=36
HEAT_2_DUTY=0
HEAT_3_TEMP=32
HEAT_3_DUTY=0
HEAT_4_TEMP=33
HEAT_4_DUTY=100

[21:04:05.103 EBOX]
TS=1786203736.538
V_SENSE5=1.18408203125
V_SENSE9=0.0390625
V_SENSE12=0.1318359375
ADC_V5=4.89410400390625
ADC_V9=9.381103515625
ADC_V12=11.51397705078125
ADC_V28=27.85125732421875
THERMAL_SENS_OUT_1=36
THERMAL_SENS_OUT_2=-50
THERMAL_SENS_OUT_3=34
THERMAL_SENS_OUT_4=31
THERMAL_SENS_OUT_5=37
THERMAL_SENS_OUT_6=-50
THERMAL_SENS_INT_1=29
THERMAL_SENS_INT_2=27
PG_5=0
PG_9=0
PG_12=0
FLT_P2=0
FLT_P3=0
HEAT_1_TEMP=36
HEAT_1_DUTY=0
HEAT_2_TEMP=34
HEAT_2_DUTY=0
HEAT_3_TEMP=31
HEAT_3_DUTY=0
HEAT_4_TEMP=37
HEAT_4_DUTY=100

[21:04:05.646 EBOX]
TS=1786203737.065
V_SENSE5=0.94482421875
V_SENSE9=1.32080078125
V_SENSE12=0.10986328125
ADC_V5=4.92950439453125
ADC_V9=9.19525146484375
ADC_V12=11.79718017578125
ADC_V28=26.86004638671875
THERMAL_SENS_OUT_1=36
THERMAL_SENS_OUT_2=-50
THERMAL_SENS_OUT_3=31
THERMAL_SENS_OUT_4=36
THERMAL_SENS_OUT_5=34
THERMAL_SENS_OUT_6=-50
THERMAL_SENS_INT_1=25
THERMAL_SENS_INT_2=32
PG_5=0
PG_9=0
PG_12=0
FLT_P2=0
FLT_P3=0
HEAT_1_TEMP=36
HEAT_1_DUTY=100
HEAT_2_TEMP=31
HEAT_2_DUTY=0
HEAT_3_TEMP=36
HEAT_3_DUTY=0
HEAT_4_TEMP=34
HEAT_4_DUTY=0

[21:04:06.086 EBOX]
TS=1786203737.592
V_SENSE5=1.1328125
V_SENSE9=0.03662109375
V_SENSE12=0.1513671875
ADC_V5=5.00030517578125
ADC_V9=9.49615478515625
ADC_V12=11.505126953125
ADC_V28=28.04595947265625
THERMAL_SENS_OUT_1=31
THERMAL_SENS_OUT_2=-50
THERMAL_SENS_OUT_3=30
THERMAL_SENS_OUT_4=34
THERMAL_SENS_OUT_5=33
THERMAL_SENS_OUT_6=-50
THERMAL_SENS_INT_1=25
THERMAL_SENS_INT_2=26
PG_5=0
PG_9=0
PG_12=0
FLT_P2=0
FLT_P3=0
HEAT_1_TEMP=31
HEAT_1_DUTY=100
HEAT_2_TEMP=30
HEAT_2_DUTY=0
HEAT_3_TEMP=34
HEAT_3_DUTY=0
HEAT_4_TEMP=33
HEAT_4_DUTY=0

[21:04:06.628 EBOX]
TS=1786203738.119
V_SENSE5=1.14990234375
V_SENSE9=0.0390625
V_SENSE12=0.12939453125
ADC_V5=4.9029541015625
ADC_V9=10.1422119140625
ADC_V12=11.788330078125
ADC_V28=27.47955322265625
THERMAL_SENS_OUT_1=37
THERMAL_SENS_OUT_2=-50
THERMAL_SENS_OUT_3=29
THERMAL_SENS_OUT_4=30
THERMAL_SENS_OUT_5=35
THERMAL_SENS_OUT_6=-50
THERMAL_SENS_INT_1=26
THERMAL_SENS_INT_2=30
PG_5=0
PG_9=0
PG_12=0
FLT_P2=0
FLT_P3=0
HEAT_1_TEMP=37
HEAT_1_DUTY=0
HEAT_2_TEMP=29
HEAT_2_DUTY=100
HEAT_3_TEMP=30
HEAT_3_DUTY=0
HEAT_4_TEMP=35
HEAT_4_DUTY=0

[21:04:07.200 EBOX]
TS=1786203738.646
V_SENSE5=1.18408203125
V_SENSE9=0.03662109375
V_SENSE12=0.126953125
ADC_V5=4.9560546875
ADC_V9=9.1864013671875
ADC_V12=11.788330078125
ADC_V28=27.44415283203125
THERMAL_SENS_OUT_1=33
THERMAL_SENS_OUT_2=-50
THERMAL_SENS_OUT_3=33
THERMAL_SENS_OUT_4=30
THERMAL_SENS_OUT_5=35
THERMAL_SENS_OUT_6=-50
THERMAL_SENS_INT_1=26
THERMAL_SENS_INT_2=31
PG_5=0
PG_9=0
PG_12=0
FLT_P2=0
FLT_P3=0
HEAT_1_TEMP=33
HEAT_1_DUTY=0
HEAT_2_TEMP=33
HEAT_2_DUTY=100
HEAT_3_TEMP=30
HEAT_3_DUTY=0
HEAT_4_TEMP=35
HEAT_4_DUTY=0

[21:04:07.641 EBOX]
TS=1786203739.172
V_SENSE5=1.16455078125
V_SENSE9=0.0341796875
V_SENSE12=0.1171875
ADC_V5=4.91180419921875
ADC_V9=9.027099609375
ADC_V12=11.8768310546875
ADC_V28=27.3114013671875
THERMAL_SENS_OUT_1=31
THERMAL_SENS_OUT_2=-50
THERMAL_SENS_OUT_3=30
THERMAL_SENS_OUT_4=34
THERMAL_SENS_OUT_5=33
THERMAL_SENS_OUT_6=-50
THERMAL_SENS_INT_1=24
THERMAL_SENS_INT_2=31
PG_5=0
PG_9=0
PG_12=0
FLT_P2=0
FLT_P3=0
HEAT_1_TEMP=31
HEAT_1_DUTY=0
HEAT_2_TEMP=30
HEAT_2_DUTY=0
HEAT_3_TEMP=34
HEAT_3_DUTY=100
HEAT_4_TEMP=33
HEAT_4_DUTY=0

[21:04:08.191 EBOX]
TS=1786203739.695
V_SENSE5=1.15966796875
V_SENSE9=0.03662109375
V_SENSE12=0.1416015625
ADC_V5=4.849853515625
ADC_V9=9.0625
ADC_V12=11.89453125
ADC_V28=27.30255126953125
THERMAL_SENS_OUT_1=32
THERMAL_SENS_OUT_2=-50
THERMAL_SENS_OUT_3=31
THERMAL_SENS_OUT_4=33
THERMAL_SENS_OUT_5=34
THERMAL_SENS_OUT_6=-50
THERMAL_SENS_INT_1=30
THERMAL_SENS_INT_2=28
PG_5=0
PG_9=0
PG_12=0
FLT_P2=0
FLT_P3=0
HEAT_1_TEMP=32
HEAT_1_DUTY=0
HEAT_2_TEMP=31
HEAT_2_DUTY=0
HEAT_3_TEMP=33
HEAT_3_DUTY=100
HEAT_4_TEMP=34
HEAT_4_DUTY=0

[21:04:08.773 EBOX]
TS=1786203740.112
V_SENSE5=0.7373046875
V_SENSE9=1.23779296875
V_SENSE12=0.029296875
ADC_V5=4.98260498046875
ADC_V9=9.2926025390625
ADC_V12=11.60247802734375
ADC_V28=27.81585693359375
THERMAL_SENS_OUT_1=36
THERMAL_SENS_OUT_2=-50
THERMAL_SENS_OUT_3=34
THERMAL_SENS_OUT_4=32
THERMAL_SENS_OUT_5=37
THERMAL_SENS_OUT_6=-50
THERMAL_SENS_INT_1=30
THERMAL_SENS_INT_2=29
PG_5=0
PG_9=0
PG_12=0
FLT_P2=0
FLT_P3=0
HEAT_1_TEMP=36
HEAT_1_DUTY=0
HEAT_2_TEMP=34
HEAT_2_DUTY=0
HEAT_3_TEMP=32
HEAT_3_DUTY=0
HEAT_4_TEMP=37
HEAT_4_DUTY=100

[21:04:09.218 EBOX]
TS=1786203740.637
V_SENSE5=1.171875
V_SENSE9=0.03662109375
V_SENSE12=0.12939453125
ADC_V5=5.01800537109375
ADC_V9=9.1156005859375
ADC_V12=11.82373046875
ADC_V28=27.17864990234375
THERMAL_SENS_OUT_1=33
THERMAL_SENS_OUT_2=-50
THERMAL_SENS_OUT_3=31
THERMAL_SENS_OUT_4=32
THERMAL_SENS_OUT_5=36
THERMAL_SENS_OUT_6=-50
THERMAL_SENS_INT_1=28
THERMAL_SENS_INT_2=26
PG_5=0
PG_9=0
PG_12=0
FLT_P2=0
FLT_P3=0
HEAT_1_TEMP=33
HEAT_1_DUTY=0
HEAT_2_TEMP=31
HEAT_2_DUTY=0
HEAT_3_TEMP=32
HEAT_3_DUTY=0
HEAT_4_TEMP=36
HEAT_4_DUTY=100

[21:04:09.758 EBOX]
TS=1786203741.165
V_SENSE5=1.16455078125
V_SENSE9=0.07568359375
V_SENSE12=0.11962890625
ADC_V5=4.849853515625
ADC_V9=9.239501953125
ADC_V12=11.60247802734375
ADC_V28=27.435302734375
THERMAL_SENS_OUT_1=37
THERMAL_SENS_OUT_2=-50
THERMAL_SENS_OUT_3=31
THERMAL_SENS_OUT_4=35
THERMAL_SENS_OUT_5=34
THERMAL_SENS_OUT_6=-50
THERMAL_SENS_INT_1=29
THERMAL_SENS_INT_2=28
PG_5=0
PG_9=0
PG_12=0
FLT_P2=0
FLT_P3=0
HEAT_1_TEMP=37
HEAT_1_DUTY=100
HEAT_2_TEMP=31
HEAT_2_DUTY=0
HEAT_3_TEMP=35
HEAT_3_DUTY=0
HEAT_4_TEMP=34
HEAT_4_DUTY=0

[21:04:10.322 EBOX]
TS=1786203741.692
V_SENSE5=1.162109375
V_SENSE9=0.03662109375
V_SENSE12=0.12939453125
ADC_V5=4.85870361328125
ADC_V9=9.0625
ADC_V12=11.6998291015625
ADC_V28=27.53265380859375
THERMAL_SENS_OUT_1=37
THERMAL_SENS_OUT_2=-50
THERMAL_SENS_OUT_3=31
THERMAL_SENS_OUT_4=34
THERMAL_SENS_OUT_5=38
THERMAL_SENS_OUT_6=-50
THERMAL_SENS_INT_1=25
THERMAL_SENS_INT_2=29
PG_5=0
PG_9=0
PG_12=0
FLT_P2=0
FLT_P3=0
HEAT_1_TEMP=37
HEAT_1_DUTY=100
HEAT_2_TEMP=31
HEAT_2_DUTY=0
HEAT_3_TEMP=34
HEAT_3_DUTY=0
HEAT_4_TEMP=38
HEAT_4_DUTY=0

[21:04:10.759 EBOX]
TS=1786203742.215
V_SENSE5=1.162109375
V_SENSE9=0.0390625
V_SENSE12=0.12939453125
ADC_V5=4.8321533203125
ADC_V9=9.310302734375
ADC_V12=11.575927734375
ADC_V28=27.8778076171875
THERMAL_SENS_OUT_1=35
THERMAL_SENS_OUT_2=-50
THERMAL_SENS_OUT_3=34
THERMAL_SENS_OUT_4=31
THERMAL_SENS_OUT_5=37
THERMAL_SENS_OUT_6=-50
THERMAL_SENS_INT_1=29
THERMAL_SENS_INT_2=26
PG_5=0
PG_9=0
PG_12=0
FLT_P2=0
FLT_P3=0
HEAT_1_TEMP=35
HEAT_1_DUTY=0
HEAT_2_TEMP=34
HEAT_2_DUTY=100
HEAT_3_TEMP=31
HEAT_3_DUTY=0
HEAT_4_TEMP=37
HEAT_4_DUTY=0

[21:04:11.300 EBOX]
TS=1786203742.742
V_SENSE5=1.171875
V_SENSE9=0.03662109375
V_SENSE12=0.126953125
ADC_V5=5.00030517578125
ADC_V9=8.82354736328125
ADC_V12=11.7352294921875
ADC_V28=28.0902099609375
THERMAL_SENS_OUT_1=33
THERMAL_SENS_OUT_2=-50
THERMAL_SENS_OUT_3=32
THERMAL_SENS_OUT_4=31
THERMAL_SENS_OUT_5=38
THERMAL_SENS_OUT_6=-50
THERMAL_SENS_INT_1=29
THERMAL_SENS_INT_2=26
PG_5=0
PG_9=0
PG_12=0
FLT_P2=0
FLT_P3=0
HEAT_1_TEMP=33
HEAT_1_DUTY=0
HEAT_2_TEMP=32
HEAT_2_DUTY=100
HEAT_3_TEMP=31
HEAT_3_DUTY=0
HEAT_4_TEMP=38
HEAT_4_DUTY=0

[21:04:11.836 EBOX]
TS=1786203743.265
V_SENSE5=1.162109375
V_SENSE9=0.03662109375
V_SENSE12=0.11474609375
ADC_V5=5.00030517578125
ADC_V9=9.2572021484375
ADC_V12=11.67327880859375
ADC_V28=26.98394775390625
THERMAL_SENS_OUT_1=32
THERMAL_SENS_OUT_2=-50
THERMAL_SENS_OUT_3=36
THERMAL_SENS_OUT_4=30
THERMAL_SENS_OUT_5=36
THERMAL_SENS_OUT_6=-50
THERMAL_SENS_INT_1=24
THERMAL_SENS_INT_2=28
PG_5=0
PG_9=0
PG_12=0
FLT_P2=0
FLT_P3=0
HEAT_1_TEMP=32
HEAT_1_DUTY=0
HEAT_2_TEMP=36
HEAT_2_DUTY=0
HEAT_3_TEMP=30
HEAT_3_DUTY=100
HEAT_4_TEMP=36
HEAT_4_DUTY=0

[21:04:12.276 EBOX]
TS=1786203743.792
V_SENSE5=1.1572265625
V_SENSE9=0.03662109375
V_SENSE12=0.1220703125
ADC_V5=4.991455078125
ADC_V9=8.9208984375
ADC_V12=11.51397705078125
ADC_V28=27.85125732421875
THERMAL_SENS_OUT_1=36
THERMAL_SENS_OUT_2=-50
THERMAL_SENS_OUT_3=35
THERMAL_SENS_OUT_4=31
THERMAL_SENS_OUT_5=38
THERMAL_SENS_OUT_6=-50
THERMAL_SENS_INT_1=29
THERMAL_SENS_INT_2=27
PG_5=0
PG_9=0
PG_12=0
FLT_P2=0
FLT_P3=0
HEAT_1_TEMP=36
HEAT_1_DUTY=0
HEAT_2_TEMP=35
HEAT_2_DUTY=0
HEAT_3_TEMP=31
HEAT_3_DUTY=100
HEAT_4_TEMP=38
HEAT_4_DUTY=0

[21:04:12.815 EBOX]
TS=1786203744.318
V_SENSE5=1.171875
V_SENSE9=0.0390625
V_SENSE12=0.1220703125
ADC_V5=4.89410400390625
ADC_V9=9.027099609375
ADC_V12=11.611328125
ADC_V28=27.96630859375
THERMAL_SENS_OUT_1=35
THERMAL_SENS_OUT_2=-50
THERMAL_SENS_OUT_3=34
THERMAL_SENS_OUT_4=31
THERMAL_SENS_OUT_5=37
THERMAL_SENS_OUT_6=-50
THERMAL_SENS_INT_1=28
THERMAL_SENS_INT_2=26
PG_5=0
PG_9=0
PG_12=0
FLT_P2=0
FLT_P3=0
HEAT_1_TEMP=35
HEAT_1_DUTY=0
HEAT_2_TEMP=34
HEAT_2_DUTY=0
HEAT_3_TEMP=31
HEAT_3_DUTY=0
HEAT_4_TEMP=37
HEAT_4_DUTY=100

[21:04:13.369 EBOX]
TS=1786203744.846
V_SENSE5=1.14990234375
V_SENSE9=0.0390625
V_SENSE12=0.1025390625
ADC_V5=4.991455078125
ADC_V9=9.19525146484375
ADC_V12=11.92108154296875
ADC_V28=27.8955078125
THERMAL_SENS_OUT_1=31
THERMAL_SENS_OUT_2=-50
THERMAL_SENS_OUT_3=35
THERMAL_SENS_OUT_4=30
THERMAL_SENS_OUT_5=33
THERMAL_SENS_OUT_6=-50
THERMAL_SENS_INT_1=30
THERMAL_SENS_INT_2=26
PG_5=0
PG_9=0
PG_12=0
FLT_P2=0
FLT_P3=0
HEAT_1_TEMP=31
HEAT_1_DUTY=0
HEAT_2_TEMP=35
HEAT_2_DUTY=0
HEAT_3_TEMP=30
HEAT_3_DUTY=0
HEAT_4_TEMP=33
HEAT_4_DUTY=100

[21:04:13.911 EBOX]
TS=1786203745.372
V_SENSE5=1.1669921875
V_SENSE9=0.0341796875
V_SENSE12=0.13427734375
ADC_V5=4.94720458984375
ADC_V9=9.07135009765625
ADC_V12=11.859130859375
ADC_V28=27.152099609375
THERMAL_SENS_OUT_1=32
THERMAL_SENS_OUT_2=-50
THERMAL_SENS_OUT_3=31
THERMAL_SENS_OUT_4=35
THERMAL_SENS_OUT_5=34
THERMAL_SENS_OUT_6=-50
THERMAL_SENS_INT_1=25
THERMAL_SENS_INT_2=31
PG_5=0
PG_9=0
PG_12=0
FLT_P2=0
FLT_P3=0
HEAT_1_TEMP=32
HEAT_1_DUTY=100
HEAT_2_TEMP=31
HEAT_2_DUTY=0
HEAT_3_TEMP=35
HEAT_3_DUTY=0
HEAT_4_TEMP=34
HEAT_4_DUTY=0

[21:04:14.352 EBOX]
TS=1786203745.899
V_SENSE5=1.17431640625
V_SENSE9=0.03662109375
V_SENSE12=0.1416015625
ADC_V5=4.8321533203125
ADC_V9=9.49615478515625
ADC_V12=11.60247802734375
ADC_V28=27.99285888671875
THERMAL_SENS_OUT_1=34
THERMAL_SENS_OUT_2=-50
THERMAL_SENS_OUT_3=32
THERMAL_SENS_OUT_4=31
THERMAL_SENS_OUT_5=38
THERMAL_SENS_OUT_6=-50
THERMAL_SENS_INT_1=29
THERMAL_SENS_INT_2=27
PG_5=0
PG_9=0
PG_12=0
FLT_P2=0
FLT_P3=0
HEAT_1_TEMP=34
HEAT_1_DUTY=100
HEAT_2_TEMP=32
HEAT_2_DUTY=0
HEAT_3_TEMP=31
HEAT_3_DUTY=0
HEAT_4_TEMP=38
HEAT_4_DUTY=0

[21:04:14.909 EBOX]
TS=1786203746.427
V_SENSE5=1.16943359375
V_SENSE9=0.0390625
V_SENSE12=0.1123046875
ADC_V5=5.00030517578125
ADC_V9=9.44305419921875
ADC_V12=11.70867919921875
ADC_V28=27.2760009765625
THERMAL_SENS_OUT_1=32
THERMAL_SENS_OUT_2=-50
THERMAL_SENS_OUT_3=33
THERMAL_SENS_OUT_4=36
THERMAL_SENS_OUT_5=33
THERMAL_SENS_OUT_6=-50
THERMAL_SENS_INT_1=27
THERMAL_SENS_INT_2=32
PG_5=0
PG_9=0
PG_12=0
FLT_P2=0
FLT_P3=0
HEAT_1_TEMP=32
HEAT_1_DUTY=0
HEAT_2_TEMP=33
HEAT_2_DUTY=100
HEAT_3_TEMP=36
HEAT_3_DUTY=0
HEAT_4_TEMP=33
HEAT_4_DUTY=0

[21:04:15.455 EBOX]
TS=1786203746.954
V_SENSE5=1.1572265625
V_SENSE9=0.0341796875
V_SENSE12=0.10009765625
ADC_V5=4.88525390625
ADC_V9=9.027099609375
ADC_V12=11.74407958984375
ADC_V28=27.14324951171875
THERMAL_SENS_OUT_1=31
THERMAL_SENS_OUT_2=-50
THERMAL_SENS_OUT_3=31
THERMAL_SENS_OUT_4=34
THERMAL_SENS_OUT_5=39
THERMAL_SENS_OUT_6=-50
THERMAL_SENS_INT_1=26
THERMAL_SENS_INT_2=30
PG_5=0
PG_9=0
PG_12=0
FLT_P2=0
FLT_P3=0
HEAT_1_TEMP=31
HEAT_1_DUTY=0
HEAT_2_TEMP=31
HEAT_2_DUTY=100
HEAT_3_TEMP=34
HEAT_3_DUTY=0
HEAT_4_TEMP=39
HEAT_4_DUTY=0

[21:04:15.992 EBOX]
TS=1786203747.375
V_SENSE5=1.1474609375
V_SENSE9=0.0341796875
V_SENSE12=0.107421875
ADC_V5=4.92950439453125
ADC_V9=8.98284912109375
ADC_V12=11.95648193359375
ADC_V28=28.04595947265625
THERMAL_SENS_OUT_1=33
THERMAL_SENS_OUT_2=-50
THERMAL_SENS_OUT_3=30
THERMAL_SENS_OUT_4=32
THERMAL_SENS_OUT_5=37
THERMAL_SENS_OUT_6=-50
THERMAL_SENS_INT_1=24
THERMAL_SENS_INT_2=28
PG_5=0
PG_9=0
PG_12=0
FLT_P2=0
FLT_P3=0
HEAT_1_TEMP=33
HEAT_1_DUTY=0
HEAT_2_TEMP=30
HEAT_2_DUTY=0
HEAT_3_TEMP=32
HEAT_3_DUTY=100
HEAT_4_TEMP=37
HEAT_4_DUTY=0

[21:04:16.448 EBOX]
TS=1786203747.899
V_SENSE5=1.19873046875
V_SENSE9=0.0341796875
V_SENSE12=0.1171875
ADC_V5=4.92950439453125
ADC_V9=9.1156005859375
ADC_V12=11.788330078125
ADC_V28=27.21405029296875
THERMAL_SENS_OUT_1=32
THERMAL_SENS_OUT_2=-50
THERMAL_SENS_OUT_3=31
THERMAL_SENS_OUT_4=35
THERMAL_SENS_OUT_5=34
THERMAL_SENS_OUT_6=-50
THERMAL_SENS_INT_1=25
THERMAL_SENS_INT_2=31
PG_5=0
PG_9=0
PG_12=0
FLT_P2=0
FLT_P3=0
HEAT_1_TEMP=32
HEAT_1_DUTY=0
HEAT_2_TEMP=31
HEAT_2_DUTY=0
HEAT_3_TEMP=35
HEAT_3_DUTY=100
HEAT_4_TEMP=34
HEAT_4_DUTY=0

[21:04:16.986 EBOX]
TS=1786203748.425
V_SENSE5=1.142578125
V_SENSE9=0.03662109375
V_SENSE12=0.12939453125
ADC_V5=4.91180419921875
ADC_V9=9.38995361328125
ADC_V12=11.86798095703125
ADC_V28=27.07244873046875
THERMAL_SENS_OUT_1=33
THERMAL_SENS_OUT_2=-50
THERMAL_SENS_OUT_3=32
THERMAL_SENS_OUT_4=32
THERMAL_SENS_OUT_5=35
THERMAL_SENS_OUT_6=-50
THERMAL_SENS_INT_1=30
THERMAL_SENS_INT_2=28
PG_5=0
PG_9=0
PG_12=0
FLT_P2=0
FLT_P3=0
HEAT_1_TEMP=33
HEAT_1_DUTY=0
HEAT_2_TEMP=32
HEAT_2_DUTY=0
HEAT_3_TEMP=32
HEAT_3_DUTY=0
HEAT_4_TEMP=35
HEAT_4_DUTY=100

[21:04:17.547 EBOX]
TS=1786203748.953
V_SENSE5=1.15966796875
V_SENSE9=0.04638671875
V_SENSE12=0.10986328125
ADC_V5=4.8321533203125
ADC_V9=8.885498046875
ADC_V12=11.8414306640625
ADC_V28=27.14324951171875
THERMAL_SENS_OUT_1=31
THERMAL_SENS_OUT_2=-50
THERMAL_SENS_OUT_3=33
THERMAL_SENS_OUT_4=30
THERMAL_SENS_OUT_5=35
THERMAL_SENS_OUT_6=-50
THERMAL_SENS_INT_1=30
THERMAL_SENS_INT_2=28
PG_5=0
PG_9=0
PG_12=0
FLT_P2=0
FLT_P3=0
HEAT_1_TEMP=31
HEAT_1_DUTY=100
HEAT_2_TEMP=33
HEAT_2_DUTY=0
HEAT_3_TEMP=30
HEAT_3_DUTY=0
HEAT_4_TEMP=35
HEAT_4_DUTY=0

[21:04:17.988 EBOX]
TS=1786203749.479
V_SENSE5=1.23779296875
V_SENSE9=0.0390625
V_SENSE12=0.107421875
ADC_V5=4.9383544921875
ADC_V9=9.3280029296875
ADC_V12=11.47857666015625
ADC_V28=27.6300048828125
THERMAL_SENS_OUT_1=32
THERMAL_SENS_OUT_2=-50
THERMAL_SENS_OUT_3=36
THERMAL_SENS_OUT_4=33
THERMAL_SENS_OUT_5=35
THERMAL_SENS_OUT_6=-50
THERMAL_SENS_INT_1=29
THERMAL_SENS_INT_2=28
PG_5=0
PG_9=0
PG_12=0
FLT_P2=0
FLT_P3=0
HEAT_1_TEMP=32
HEAT_1_DUTY=100
HEAT_2_TEMP=36
HEAT_2_DUTY=0
HEAT_3_TEMP=33
HEAT_3_DUTY=0
HEAT_4_TEMP=35
HEAT_4_DUTY=0

[21:04:18.543 EBOX]
TS=1786203750.005
V_SENSE5=1.1572265625
V_SENSE9=0.03662109375
V_SENSE12=0.1416015625
ADC_V5=5.00030517578125
ADC_V9=8.75274658203125
ADC_V12=11.56707763671875
ADC_V28=27.62115478515625
THERMAL_SENS_OUT_1=33
THERMAL_SENS_OUT_2=-50
THERMAL_SENS_OUT_3=31
THERMAL_SENS_OUT_4=33
THERMAL_SENS_OUT_5=38
THERMAL_SENS_OUT_6=-50
THERMAL_SENS_INT_1=24
THERMAL_SENS_INT_2=28
PG_5=0
PG_9=0
PG_12=0
FLT_P2=0
FLT_P3=0
HEAT_1_TEMP=33
HEAT_1_DUTY=0
HEAT_2_TEMP=31
HEAT_2_DUTY=100
HEAT_3_TEMP=33
HEAT_3_DUTY=0
HEAT_4_TEMP=38
HEAT_4_DUTY=0

[21:04:19.086 EBOX]
TS=1786203750.531
V_SENSE5=1.15234375
V_SENSE9=0.03662109375
V_SENSE12=0.10498046875
ADC_V5=5.00030517578125
ADC_V9=8.98284912109375
ADC_V12=11.70867919921875
ADC_V28=27.16094970703125
THERMAL_SENS_OUT_1=30
THERMAL_SENS_OUT_2=-50
THERMAL_SENS_OUT_3=33
THERMAL_SENS_OUT_4=36
THERMAL_SENS_OUT_5=34
THERMAL_SENS_OUT_6=-50
THERMAL_SENS_INT_1=29
THERMAL_SENS_INT_2=30
PG_5=0
PG_9=0
PG_12=0
FLT_P2=0
FLT_P3=0
HEAT_1_TEMP=30
HEAT_1_DUTY=0
HEAT_2_TEMP=33
HEAT_2_DUTY=100
HEAT_3_TEMP=36
HEAT_3_DUTY=0
HEAT_4_TEMP=34
HEAT_4_DUTY=0

[21:04:19.557 EBOX]
TS=1786203751.058
V_SENSE5=1.64794921875
V_SENSE9=0.96435546875
V_SENSE12=0.1025390625
ADC_V5=4.814453125
ADC_V9=9.4342041015625
ADC_V12=11.72637939453125
ADC_V28=26.9573974609375
THERMAL_SENS_OUT_1=32
THERMAL_SENS_OUT_2=-50
THERMAL_SENS_OUT_3=35
THERMAL_SENS_OUT_4=30
THERMAL_SENS_OUT_5=36
THERMAL_SENS_OUT_6=-50
THERMAL_SENS_INT_1=24
THERMAL_SENS_INT_2=28
PG_5=0
PG_9=0
PG_12=0
FLT_P2=0
FLT_P3=0
HEAT_1_TEMP=32
HEAT_1_DUTY=0
HEAT_2_TEMP=35
HEAT_2_DUTY=0
HEAT_3_TEMP=30
HEAT_3_DUTY=100
HEAT_4_TEMP=36
HEAT_4_DUTY=0

[21:04:20.097 EBOX]
TS=1786203751.585
V_SENSE5=1.14501953125
V_SENSE9=0.0390625
V_SENSE12=0.10986328125
ADC_V5=4.991455078125
ADC_V9=8.9739990234375
ADC_V12=11.82373046875
ADC_V28=27.14324951171875
THERMAL_SENS_OUT_1=32
THERMAL_SENS_OUT_2=-50
THERMAL_SENS_OUT_3=31
THERMAL_SENS_OUT_4=32
THERMAL_SENS_OUT_5=38
THERMAL_SENS_OUT_6=-50
THERMAL_SENS_INT_1=29
THERMAL_SENS_INT_2=27
PG_5=0
PG_9=0
PG_12=0
FLT_P2=0
FLT_P3=0
HEAT_1_TEMP=32
HEAT_1_DUTY=0
HEAT_2_TEMP=31
HEAT_2_DUTY=0
HEAT_3_TEMP=32
HEAT_3_DUTY=100
HEAT_4_TEMP=38
HEAT_4_DUTY=0

[21:04:20.639 EBOX]
TS=1786203752.110
V_SENSE5=1.38427734375
V_SENSE9=1.34765625
V_SENSE12=0.341796875
ADC_V5=5.0091552734375
ADC_V9=9.27490234375
ADC_V12=11.79718017578125
ADC_V28=26.84234619140625
THERMAL_SENS_OUT_1=33
THERMAL_SENS_OUT_2=-50
THERMAL_SENS_OUT_3=30
THERMAL_SENS_OUT_4=34
THERMAL_SENS_OUT_5=33
THERMAL_SENS_OUT_6=-50
THERMAL_SENS_INT_1=24
THERMAL_SENS_INT_2=28
PG_5=0
PG_9=0
PG_12=0
FLT_P2=0
FLT_P3=0
HEAT_1_TEMP=33
HEAT_1_DUTY=0
HEAT_2_TEMP=30
HEAT_2_DUTY=0
HEAT_3_TEMP=34
HEAT_3_DUTY=0
HEAT_4_TEMP=33
HEAT_4_DUTY=100

[21:04:21.076 EBOX]
TS=1786203752.636
V_SENSE5=1.123046875
V_SENSE9=0.0341796875
V_SENSE12=0.1171875
ADC_V5=4.87640380859375
ADC_V9=9.42535400390625
ADC_V12=11.54937744140625
ADC_V28=27.2052001953125
THERMAL_SENS_OUT_1=32
THERMAL_SENS_OUT_2=-50
THERMAL_SENS_OUT_3=32
THERMAL_SENS_OUT_4=32
THERMAL_SENS_OUT_5=35
THERMAL_SENS_OUT_6=-50
THERMAL_SENS_INT_1=27
THERMAL_SENS_INT_2=28
PG_5=0
PG_9=0
PG_12=0
FLT_P2=0
FLT_P3=0
HEAT_1_TEMP=32
HEAT_1_DUTY=0
HEAT_2_TEMP=32
HEAT_2_DUTY=0
HEAT_3_TEMP=32
HEAT_3_DUTY=0
HEAT_4_TEMP=35
HEAT_4_DUTY=100

[21:04:21.617 EBOX]
TS=1786203753.163
V_SENSE5=1.16943359375
V_SENSE9=0.0390625
V_SENSE12=0.107421875
ADC_V5=4.9560546875
ADC_V9=8.9385986328125
ADC_V12=11.8768310546875
ADC_V28=27.3291015625
THERMAL_SENS_OUT_1=31
THERMAL_SENS_OUT_2=-50
THERMAL_SENS_OUT_3=33
THERMAL_SENS_OUT_4=33
THERMAL_SENS_OUT_5=39
THERMAL_SENS_OUT_6=-50
THERMAL_SENS_INT_1=30
THERMAL_SENS_INT_2=28
PG_5=0
PG_9=0
PG_12=0
FLT_P2=0
FLT_P3=0
HEAT_1_TEMP=31
HEAT_1_DUTY=100
HEAT_2_TEMP=33
HEAT_2_DUTY=0
HEAT_3_TEMP=33
HEAT_3_DUTY=0
HEAT_4_TEMP=39
HEAT_4_DUTY=0

[21:04:22.154 EBOX]
TS=1786203753.689
V_SENSE5=1.22802734375
V_SENSE9=0.0390625
V_SENSE12=0.107421875
ADC_V5=5.08880615234375
ADC_V9=9.53155517578125
ADC_V12=11.5228271484375
ADC_V28=27.88665771484375
THERMAL_SENS_OUT_1=37
THERMAL_SENS_OUT_2=-50
THERMAL_SENS_OUT_3=32
THERMAL_SENS_OUT_4=31
THERMAL_SENS_OUT_5=38
THERMAL_SENS_OUT_6=-50
THERMAL_SENS_INT_1=30
THERMAL_SENS_INT_2=28
PG_5=0
PG_9=0
PG_12=0
FLT_P2=0
FLT_P3=0
HEAT_1_TEMP=37
HEAT_1_DUTY=100
HEAT_2_TEMP=32
HEAT_2_DUTY=0
HEAT_3_TEMP=31
HEAT_3_DUTY=0
HEAT_4_TEMP=38
HEAT_4_DUTY=0

[21:04:22.702 EBOX]
TS=1786203754.215
V_SENSE5=1.1767578125
V_SENSE9=0.0390625
V_SENSE12=0.126953125
ADC_V5=4.9737548828125
ADC_V9=9.2218017578125
ADC_V12=11.81488037109375
ADC_V28=27.28485107421875
THERMAL_SENS_OUT_1=32
THERMAL_SENS_OUT_2=-50
THERMAL_SENS_OUT_3=29
THERMAL_SENS_OUT_4=33
THERMAL_SENS_OUT_5=35
THERMAL_SENS_OUT_6=-50
THERMAL_SENS_INT_1=26
THERMAL_SENS_INT_2=31
PG_5=0
PG_9=0
PG_12=0
FLT_P2=0
FLT_P3=0
HEAT_1_TEMP=32
HEAT_1_DUTY=0
HEAT_2_TEMP=29
HEAT_2_DUTY=100
HEAT_3_TEMP=33
HEAT_3_DUTY=0
HEAT_4_TEMP=35
HEAT_4_DUTY=0

[21:04:23.261 EBOX]
TS=1786203754.742
V_SENSE5=1.20361328125
V_SENSE9=0.0341796875
V_SENSE12=0.10009765625
ADC_V5=4.9560546875
ADC_V9=8.9208984375
ADC_V12=11.86798095703125
ADC_V28=27.39105224609375
THERMAL_SENS_OUT_1=31
THERMAL_SENS_OUT_2=-50
THERMAL_SENS_OUT_3=31
THERMAL_SENS_OUT_4=36
THERMAL_SENS_OUT_5=35
THERMAL_SENS_OUT_6=-50
THERMAL_SENS_INT_1=26
THERMAL_SENS_INT_2=32
PG_5=0
PG_9=0
PG_12=0
FLT_P2=0
FLT_P3=0
HEAT_1_TEMP=31
HEAT_1_DUTY=0
HEAT_2_TEMP=31
HEAT_2_DUTY=100
HEAT_3_TEMP=36
HEAT_3_DUTY=0
HEAT_4_TEMP=35
HEAT_4_DUTY=0

[21:04:23.808 EBOX]
TS=1786203755.268
V_SENSE5=1.181640625
V_SENSE9=0.0341796875
V_SENSE12=0.1220703125
ADC_V5=4.9737548828125
ADC_V9=8.8323974609375
ADC_V12=11.8060302734375
ADC_V28=27.32025146484375
THERMAL_SENS_OUT_1=31
THERMAL_SENS_OUT_2=-50
THERMAL_SENS_OUT_3=29
THERMAL_SENS_OUT_4=33
THERMAL_SENS_OUT_5=36
THERMAL_SENS_OUT_6=-50
THERMAL_SENS_INT_1=25
THERMAL_SENS_INT_2=31
PG_5=0
PG_9=0
PG_12=0
FLT_P2=0
FLT_P3=0
HEAT_1_TEMP=31
HEAT_1_DUTY=0
HEAT_2_TEMP=29
HEAT_2_DUTY=0
HEAT_3_TEMP=33
HEAT_3_DUTY=100
HEAT_4_TEMP=36
HEAT_4_DUTY=0

[21:04:24.247 EBOX]
TS=1786203755.795
V_SENSE5=1.18896484375
V_SENSE9=0.03662109375
V_SENSE12=0.107421875
ADC_V5=4.8675537109375
ADC_V9=9.51385498046875
ADC_V12=11.58477783203125
ADC_V28=27.97515869140625
THERMAL_SENS_OUT_1=35
THERMAL_SENS_OUT_2=-50
THERMAL_SENS_OUT_3=29
THERMAL_SENS_OUT_4=32
THERMAL_SENS_OUT_5=38
THERMAL_SENS_OUT_6=-50
THERMAL_SENS_INT_1=29
THERMAL_SENS_INT_2=27
PG_5=0
PG_9=0
PG_12=0
FLT_P2=0
FLT_P3=0
HEAT_1_TEMP=35
HEAT_1_DUTY=0
HEAT_2_TEMP=29
HEAT_2_DUTY=0
HEAT_3_TEMP=32
HEAT_3_DUTY=100
HEAT_4_TEMP=38
HEAT_4_DUTY=0

[21:04:24.784 EBOX]
TS=1786203756.320
V_SENSE5=1.162109375
V_SENSE9=0.0341796875
V_SENSE12=0.13671875
ADC_V5=4.84100341796875
ADC_V9=9.2218017578125
ADC_V12=11.82373046875
ADC_V28=27.222900390625
THERMAL_SENS_OUT_1=32
THERMAL_SENS_OUT_2=-50
THERMAL_SENS_OUT_3=31
THERMAL_SENS_OUT_4=35
THERMAL_SENS_OUT_5=34
THERMAL_SENS_OUT_6=-50
THERMAL_SENS_INT_1=27
THERMAL_SENS_INT_2=26
PG_5=0
PG_9=0
PG_12=0
FLT_P2=0
FLT_P3=0
HEAT_1_TEMP=32
HEAT_1_DUTY=0
HEAT_2_TEMP=31
HEAT_2_DUTY=0
HEAT_3_TEMP=35
HEAT_3_DUTY=0
HEAT_4_TEMP=34
HEAT_4_DUTY=100

[21:04:25.329 EBOX]
TS=1786203756.847
V_SENSE5=1.1474609375
V_SENSE9=0.0341796875
V_SENSE12=0.11962890625
ADC_V5=4.920654296875
ADC_V9=8.80584716796875
ADC_V12=11.86798095703125
ADC_V28=27.293701171875
THERMAL_SENS_OUT_1=32
THERMAL_SENS_OUT_2=-50
THERMAL_SENS_OUT_3=31
THERMAL_SENS_OUT_4=36
THERMAL_SENS_OUT_5=36
THERMAL_SENS_OUT_6=-50
THERMAL_SENS_INT_1=28
THERMAL_SENS_INT_2=29
PG_5=0
PG_9=0
PG_12=0
FLT_P2=0
FLT_P3=0
HEAT_1_TEMP=32
HEAT_1_DUTY=0
HEAT_2_TEMP=31
HEAT_2_DUTY=0
HEAT_3_TEMP=36
HEAT_3_DUTY=0
HEAT_4_TEMP=36
HEAT_4_DUTY=100

[21:04:25.863 EBOX]
TS=1786203757.269
V_SENSE5=1.17919921875
V_SENSE9=0.0390625
V_SENSE12=0.1171875
ADC_V5=4.920654296875
ADC_V9=8.9385986328125
ADC_V12=11.79718017578125
ADC_V28=27.81585693359375
THERMAL_SENS_OUT_1=34
THERMAL_SENS_OUT_2=-50
THERMAL_SENS_OUT_3=36
THERMAL_SENS_OUT_4=31
THERMAL_SENS_OUT_5=36
THERMAL_SENS_OUT_6=-50
THERMAL_SENS_INT_1=24
THERMAL_SENS_INT_2=28
PG_5=0
PG_9=0
PG_12=0
FLT_P2=0
FLT_P3=0
HEAT_1_TEMP=34
HEAT_1_DUTY=100
HEAT_2_TEMP=36
HEAT_2_DUTY=0
HEAT_3_TEMP=31
HEAT_3_DUTY=0
HEAT_4_TEMP=36
HEAT_4_DUTY=0

[21:04:26.403 EBOX]
TS=1786203757.793
V_SENSE5=1.20849609375
V_SENSE9=0.0390625
V_SENSE12=0.126953125
ADC_V5=4.96490478515625
ADC_V9=9.27490234375
ADC_V12=12.00958251953125
ADC_V28=27.76275634765625
THERMAL_SENS_OUT_1=32
THERMAL_SENS_OUT_2=-50
THERMAL_SENS_OUT_3=30
THERMAL_SENS_OUT_4=36
THERMAL_SENS_OUT_5=35
THERMAL_SENS_OUT_6=-50
THERMAL_SENS_INT_1=28
THERMAL_SENS_INT_2=27
PG_5=0
PG_9=0
PG_12=0
FLT_P2=0
FLT_P3=0
HEAT_1_TEMP=32
HEAT_1_DUTY=100
HEAT_2_TEMP=30
HEAT_2_DUTY=0
HEAT_3_TEMP=36
HEAT_3_DUTY=0
HEAT_4_TEMP=35
HEAT_4_DUTY=0

[21:04:26.853 EBOX]
TS=1786203758.320
V_SENSE5=1.142578125
V_SENSE9=0.0341796875
V_SENSE12=0.1220703125
ADC_V5=4.814453125
ADC_V9=8.9739990234375
ADC_V12=11.76177978515625
ADC_V28=27.83355712890625
THERMAL_SENS_OUT_1=35
THERMAL_SENS_OUT_2=-50
THERMAL_SENS_OUT_3=34
THERMAL_SENS_OUT_4=31
THERMAL_SENS_OUT_5=38
THERMAL_SENS_OUT_6=-50
THERMAL_SENS_INT_1=28
THERMAL_SENS_INT_2=26
PG_5=0
PG_9=0
PG_12=0
FLT_P2=0
FLT_P3=0
HEAT_1_TEMP=35
HEAT_1_DUTY=0
HEAT_2_TEMP=34
HEAT_2_DUTY=100
HEAT_3_TEMP=31
HEAT_3_DUTY=0
HEAT_4_TEMP=38
HEAT_4_DUTY=0

[21:04:27.393 EBOX]
TS=1786203758.847
V_SENSE5=1.17431640625
V_SENSE9=0.0390625
V_SENSE12=0.1220703125
ADC_V5=4.9560546875
ADC_V9=9.0802001953125
ADC_V12=11.81488037109375
ADC_V28=27.39990234375
THERMAL_SENS_OUT_1=31
THERMAL_SENS_OUT_2=-50
THERMAL_SENS_OUT_3=32
THERMAL_SENS_OUT_4=32
THERMAL_SENS_OUT_5=39
THERMAL_SENS_OUT_6=-50
THERMAL_SENS_INT_1=25
THERMAL_SENS_INT_2=28
PG_5=0
PG_9=0
PG_12=0
FLT_P2=0
FLT_P3=0
HEAT_1_TEMP=31
HEAT_1_DUTY=0
HEAT_2_TEMP=32
HEAT_2_DUTY=100
HEAT_3_TEMP=32
HEAT_3_DUTY=0
HEAT_4_TEMP=39
HEAT_4_DUTY=0

[21:04:27.950 EBOX]
TS=1786203759.378
V_SENSE5=1.1669921875
V_SENSE9=0.0390625
V_SENSE12=0.1171875
ADC_V5=5.00030517578125
ADC_V9=8.89434814453125
ADC_V12=11.9122314453125
ADC_V28=27.293701171875
THERMAL_SENS_OUT_1=32
THERMAL_SENS_OUT_2=-50
THERMAL_SENS_OUT_3=32
THERMAL_SENS_OUT_4=30
THERMAL_SENS_OUT_5=36
THERMAL_SENS_OUT_6=-50
THERMAL_SENS_INT_1=25
THERMAL_SENS_INT_2=32
PG_5=0
PG_9=0
PG_12=0
FLT_P2=0
FLT_P3=0
HEAT_1_TEMP=32
HEAT_1_DUTY=0
HEAT_2_TEMP=32
HEAT_2_DUTY=0
HEAT_3_TEMP=30
HEAT_3_DUTY=100
HEAT_4_TEMP=36
HEAT_4_DUTY=0

[21:04:28.437 EBOX]
TS=1786203759.906
V_SENSE5=1.171875
V_SENSE9=0.0341796875
V_SENSE12=0.1171875
ADC_V5=4.89410400390625
ADC_V9=9.17755126953125
ADC_V12=11.717529296875
ADC_V28=27.6123046875
THERMAL_SENS_OUT_1=36
THERMAL_SENS_OUT_2=-50
THERMAL_SENS_OUT_3=31
THERMAL_SENS_OUT_4=31
THERMAL_SENS_OUT_5=37
THERMAL_SENS_OUT_6=-50
THERMAL_SENS_INT_1=25
THERMAL_SENS_INT_2=29
PG_5=0
PG_9=0
PG_12=0
FLT_P2=0
FLT_P3=0
HEAT_1_TEMP=36
HEAT_1_DUTY=0
HEAT_2_TEMP=31
HEAT_2_DUTY=0
HEAT_3_TEMP=31
HEAT_3_DUTY=100
HEAT_4_TEMP=37
HEAT_4_DUTY=0

[21:04:28.983 EBOX]
TS=1786203760.437
V_SENSE5=1.1572265625
V_SENSE9=0.0341796875
V_SENSE12=0.1123046875
ADC_V5=4.9560546875
ADC_V9=8.7615966796875
ADC_V12=11.7706298828125
ADC_V28=27.95745849609375
THERMAL_SENS_OUT_1=37
THERMAL_SENS_OUT_2=-50
THERMAL_SENS_OUT_3=30
THERMAL_SENS_OUT_4=35
THERMAL_SENS_OUT_5=33
THERMAL_SENS_OUT_6=-50
THERMAL_SENS_INT_1=25
THERMAL_SENS_INT_2=31
PG_5=0
PG_9=0
PG_12=0
FLT_P2=0
FLT_P3=0
HEAT_1_TEMP=37
HEAT_1_DUTY=0
HEAT_2_TEMP=30
HEAT_2_DUTY=0
HEAT_3_TEMP=35
HEAT_3_DUTY=0
HEAT_4_TEMP=33
HEAT_4_DUTY=100

[21:04:29.442 EBOX]
TS=1786203760.964
V_SENSE5=1.14013671875
V_SENSE9=0.0390625
V_SENSE12=0.1171875
ADC_V5=4.98260498046875
ADC_V9=8.98284912109375
ADC_V12=11.7706298828125
ADC_V28=27.60345458984375
THERMAL_SENS_OUT_1=33
THERMAL_SENS_OUT_2=-50
THERMAL_SENS_OUT_3=31
THERMAL_SENS_OUT_4=35
THERMAL_SENS_OUT_5=35
THERMAL_SENS_OUT_6=-50
THERMAL_SENS_INT_1=27
THERMAL_SENS_INT_2=27
PG_5=0
PG_9=0
PG_12=0
FLT_P2=0
FLT_P3=0
HEAT_1_TEMP=33
HEAT_1_DUTY=0
HEAT_2_TEMP=31
HEAT_2_DUTY=0
HEAT_3_TEMP=35
HEAT_3_DUTY=0
HEAT_4_TEMP=35
HEAT_4_DUTY=100

[21:04:30.000 EBOX]
TS=1786203761.496
V_SENSE5=1.22802734375
V_SENSE9=0.0390625
V_SENSE12=0.11962890625
ADC_V5=4.9560546875
ADC_V9=9.239501953125
ADC_V12=11.7352294921875
ADC_V28=27.789306640625
THERMAL_SENS_OUT_1=30
THERMAL_SENS_OUT_2=-50
THERMAL_SENS_OUT_3=30
THERMAL_SENS_OUT_4=36
THERMAL_SENS_OUT_5=36
THERMAL_SENS_OUT_6=-50
THERMAL_SENS_INT_1=30
THERMAL_SENS_INT_2=28
PG_5=0
PG_9=0
PG_12=0
FLT_P2=0
FLT_P3=0
HEAT_1_TEMP=30
HEAT_1_DUTY=100
HEAT_2_TEMP=30
HEAT_2_DUTY=0
HEAT_3_TEMP=36
HEAT_3_DUTY=0
HEAT_4_TEMP=36
HEAT_4_DUTY=0

[21:04:30.550 EBOX]
TS=1786203762.023
V_SENSE5=1.81396484375
V_SENSE9=1.67236328125
V_SENSE12=0.05126953125
ADC_V5=4.991455078125
ADC_V9=9.168701171875
ADC_V12=11.7706298828125
ADC_V28=26.86004638671875
THERMAL_SENS_OUT_1=32
THERMAL_SENS_OUT_2=-50
THERMAL_SENS_OUT_3=31
THERMAL_SENS_OUT_4=35
THERMAL_SENS_OUT_5=34
THERMAL_SENS_OUT_6=-50
THERMAL_SENS_INT_1=25
THERMAL_SENS_INT_2=31
PG_5=0
PG_9=0
PG_12=0
FLT_P2=0
FLT_P3=0
HEAT_1_TEMP=32
HEAT_1_DUTY=0
HEAT_2_TEMP=31
HEAT_2_DUTY=100
HEAT_3_TEMP=35
HEAT_3_DUTY=0
HEAT_4_TEMP=34
HEAT_4_DUTY=0

[21:04:30.995 EBOX]
TS=1786203762.550
V_SENSE5=1.13525390625
V_SENSE9=0.0390625
V_SENSE12=0.1220703125
ADC_V5=4.96490478515625
ADC_V9=9.01824951171875
ADC_V12=11.76177978515625
ADC_V28=27.010498046875
THERMAL_SENS_OUT_1=34
THERMAL_SENS_OUT_2=-50
THERMAL_SENS_OUT_3=35
THERMAL_SENS_OUT_4=32
THERMAL_SENS_OUT_5=39
THERMAL_SENS_OUT_6=-50
THERMAL_SENS_INT_1=29
THERMAL_SENS_INT_2=27
PG_5=0
PG_9=0
PG_12=0
FLT_P2=0
FLT_P3=0
HEAT_1_TEMP=34
HEAT_1_DUTY=0
HEAT_2_TEMP=35
HEAT_2_DUTY=100
HEAT_3_TEMP=32
HEAT_3_DUTY=0
HEAT_4_TEMP=39
HEAT_4_DUTY=0

[21:04:31.533 EBOX]
TS=1786203763.072
V_SENSE5=1.240234375
V_SENSE9=2.65869140625
V_SENSE12=0.048828125
ADC_V5=5.00030517578125
ADC_V9=9.40765380859375
ADC_V12=11.60247802734375
ADC_V28=27.081298828125
THERMAL_SENS_OUT_1=33
THERMAL_SENS_OUT_2=-50
THERMAL_SENS_OUT_3=34
THERMAL_SENS_OUT_4=32
THERMAL_SENS_OUT_5=37
THERMAL_SENS_OUT_6=-50
THERMAL_SENS_INT_1=28
THERMAL_SENS_INT_2=30
PG_5=0
PG_9=0
PG_12=0
FLT_P2=0
FLT_P3=0
HEAT_1_TEMP=33
HEAT_1_DUTY=0
HEAT_2_TEMP=34
HEAT_2_DUTY=0
HEAT_3_TEMP=32
HEAT_3_DUTY=100
HEAT_4_TEMP=37
HEAT_4_DUTY=0

[21:04:32.070 EBOX]
TS=1786203763.599
V_SENSE5=1.15478515625
V_SENSE9=0.0341796875
V_SENSE12=0.1416015625
ADC_V5=5.05340576171875
ADC_V9=9.12445068359375
ADC_V12=11.74407958984375
ADC_V28=27.42645263671875
THERMAL_SENS_OUT_1=34
THERMAL_SENS_OUT_2=-50
THERMAL_SENS_OUT_3=30
THERMAL_SENS_OUT_4=33
THERMAL_SENS_OUT_5=38
THERMAL_SENS_OUT_6=-50
THERMAL_SENS_INT_1=25
THERMAL_SENS_INT_2=26
PG_5=0
PG_9=0
PG_12=0
FLT_P2=0
FLT_P3=0
HEAT_1_TEMP=34
HEAT_1_DUTY=0
HEAT_2_TEMP=30
HEAT_2_DUTY=0
HEAT_3_TEMP=33
HEAT_3_DUTY=100
HEAT_4_TEMP=38
HEAT_4_DUTY=0

[21:04:32.609 EBOX]
TS=1786203764.020
V_SENSE5=1.14501953125
V_SENSE9=1.7041015625
V_SENSE12=0.029296875
ADC_V5=4.96490478515625
ADC_V9=9.13330078125
ADC_V12=11.7706298828125
ADC_V28=26.87774658203125
THERMAL_SENS_OUT_1=33
THERMAL_SENS_OUT_2=-50
THERMAL_SENS_OUT_3=32
THERMAL_SENS_OUT_4=36
THERMAL_SENS_OUT_5=35
THERMAL_SENS_OUT_6=-50
THERMAL_SENS_INT_1=26
THERMAL_SENS_INT_2=32
PG_5=0
PG_9=0
PG_12=0
FLT_P2=0
FLT_P3=0
HEAT_1_TEMP=33
HEAT_1_DUTY=0
HEAT_2_TEMP=32
HEAT_2_DUTY=0
HEAT_3_TEMP=36
HEAT_3_DUTY=0
HEAT_4_TEMP=35
HEAT_4_DUTY=100

[21:04:33.155 EBOX]
TS=1786203764.544
V_SENSE5=1.1572265625
V_SENSE9=0.0341796875
V_SENSE12=0.1318359375
ADC_V5=4.89410400390625
ADC_V9=9.24835205078125
ADC_V12=11.54052734375
ADC_V28=27.78045654296875
THERMAL_SENS_OUT_1=36
THERMAL_SENS_OUT_2=-50
THERMAL_SENS_OUT_3=36
THERMAL_SENS_OUT_4=32
THERMAL_SENS_OUT_5=39
THERMAL_SENS_OUT_6=-50
THERMAL_SENS_INT_1=29
THERMAL_SENS_INT_2=27
PG_5=0
PG_9=0
PG_12=0
FLT_P2=0
FLT_P3=0
HEAT_1_TEMP=36
HEAT_1_DUTY=0
HEAT_2_TEMP=36
HEAT_2_DUTY=0
HEAT_3_TEMP=32
HEAT_3_DUTY=0
HEAT_4_TEMP=39
HEAT_4_DUTY=100

[21:04:33.599 EBOX]
TS=1786203765.071
V_SENSE5=0.88623046875
V_SENSE9=1.26953125
V_SENSE12=0.07568359375
ADC_V5=4.8675537109375
ADC_V9=9.2218017578125
ADC_V12=11.58477783203125
ADC_V28=27.081298828125
THERMAL_SENS_OUT_1=37
THERMAL_SENS_OUT_2=-50
THERMAL_SENS_OUT_3=34
THERMAL_SENS_OUT_4=32
THERMAL_SENS_OUT_5=37
THERMAL_SENS_OUT_6=-50
THERMAL_SENS_INT_1=29
THERMAL_SENS_INT_2=27
PG_5=0
PG_9=0
PG_12=0
FLT_P2=0
FLT_P3=0
HEAT_1_TEMP=37
HEAT_1_DUTY=100
HEAT_2_TEMP=34
HEAT_2_DUTY=0
HEAT_3_TEMP=32
HEAT_3_DUTY=0
HEAT_4_TEMP=37
HEAT_4_DUTY=0

[21:04:34.135 EBOX]
TS=1786203765.598
V_SENSE5=1.162109375
V_SENSE9=0.0390625
V_SENSE12=0.13671875
ADC_V5=5.03570556640625
ADC_V9=9.1864013671875
ADC_V12=11.49627685546875
ADC_V28=27.09014892578125
THERMAL_SENS_OUT_1=31
THERMAL_SENS_OUT_2=-50
THERMAL_SENS_OUT_3=34
THERMAL_SENS_OUT_4=32
THERMAL_SENS_OUT_5=37
THERMAL_SENS_OUT_6=-50
THERMAL_SENS_INT_1=25
THERMAL_SENS_INT_2=29
PG_5=0
PG_9=0
PG_12=0
FLT_P2=0
FLT_P3=0
HEAT_1_TEMP=31
HEAT_1_DUTY=100
HEAT_2_TEMP=34
HEAT_2_DUTY=0
HEAT_3_TEMP=32
HEAT_3_DUTY=0
HEAT_4_TEMP=37
HEAT_4_DUTY=0

[21:04:34.673 EBOX]
TS=1786203766.125
V_SENSE5=1.14990234375
V_SENSE9=0.0390625
V_SENSE12=0.146484375
ADC_V5=4.98260498046875
ADC_V9=9.0625
ADC_V12=11.4874267578125
ADC_V28=27.67425537109375
THERMAL_SENS_OUT_1=34
THERMAL_SENS_OUT_2=-50
THERMAL_SENS_OUT_3=36
THERMAL_SENS_OUT_4=35
THERMAL_SENS_OUT_5=38
THERMAL_SENS_OUT_6=-50
THERMAL_SENS_INT_1=28
THERMAL_SENS_INT_2=31
PG_5=0
PG_9=0
PG_12=0
FLT_P2=0
FLT_P3=0
HEAT_1_TEMP=34
HEAT_1_DUTY=0
HEAT_2_TEMP=36
HEAT_2_DUTY=100
HEAT_3_TEMP=35
HEAT_3_DUTY=0
HEAT_4_TEMP=38
HEAT_4_DUTY=0

[21:04:35.211 EBOX]
TS=1786203766.651
V_SENSE5=1.1572265625
V_SENSE9=0.0341796875
V_SENSE12=0.126953125
ADC_V5=4.849853515625
ADC_V9=9.42535400390625
ADC_V12=11.646728515625
ADC_V28=27.93975830078125
THERMAL_SENS_OUT_1=34
THERMAL_SENS_OUT_2=-50
THERMAL_SENS_OUT_3=34
THERMAL_SENS_OUT_4=30
THERMAL_SENS_OUT_5=35
THERMAL_SENS_OUT_6=-50
THERMAL_SENS_INT_1=26
THERMAL_SENS_INT_2=31
PG_5=0
PG_9=0
PG_12=0
FLT_P2=0
FLT_P3=0
HEAT_1_TEMP=34
HEAT_1_DUTY=0
HEAT_2_TEMP=34
HEAT_2_DUTY=100
HEAT_3_TEMP=30
HEAT_3_DUTY=0
HEAT_4_TEMP=35
HEAT_4_DUTY=0

[21:04:35.650 EBOX]
TS=1786203767.178
V_SENSE5=1.17431640625
V_SENSE9=0.03662109375
V_SENSE12=0.11962890625
ADC_V5=4.8675537109375
ADC_V9=9.13330078125
ADC_V12=11.54052734375
ADC_V28=27.82470703125
THERMAL_SENS_OUT_1=36
THERMAL_SENS_OUT_2=-50
THERMAL_SENS_OUT_3=36
THERMAL_SENS_OUT_4=33
THERMAL_SENS_OUT_5=36
THERMAL_SENS_OUT_6=-50
THERMAL_SENS_INT_1=30
THERMAL_SENS_INT_2=28
PG_5=0
PG_9=0
PG_12=0
FLT_P2=0
FLT_P3=0
HEAT_1_TEMP=36
HEAT_1_DUTY=0
HEAT_2_TEMP=36
HEAT_2_DUTY=0
HEAT_3_TEMP=33
HEAT_3_DUTY=100
HEAT_4_TEMP=36
HEAT_4_DUTY=0

[21:04:36.193 EBOX]
TS=1786203767.704
V_SENSE5=1.1474609375
V_SENSE9=0.03662109375
V_SENSE12=0.146484375
ADC_V5=4.84100341796875
ADC_V9=9.3634033203125
ADC_V12=11.62017822265625
ADC_V28=27.95745849609375
THERMAL_SENS_OUT_1=34
THERMAL_SENS_OUT_2=-50
THERMAL_SENS_OUT_3=35
THERMAL_SENS_OUT_4=33
THERMAL_SENS_OUT_5=34
THERMAL_SENS_OUT_6=-50
THERMAL_SENS_INT_1=26
THERMAL_SENS_INT_2=26
PG_5=0
PG_9=0
PG_12=0
FLT_P2=0
FLT_P3=0
HEAT_1_TEMP=34
HEAT_1_DUTY=0
HEAT_2_TEMP=35
HEAT_2_DUTY=0
HEAT_3_TEMP=33
HEAT_3_DUTY=100
HEAT_4_TEMP=34
HEAT_4_DUTY=0

[21:04:36.759 EBOX]
TS=1786203768.231
V_SENSE5=1.171875
V_SENSE9=0.03662109375
V_SENSE12=0.11962890625
ADC_V5=4.8675537109375
ADC_V9=9.17755126953125
ADC_V12=11.54937744140625
ADC_V28=27.81585693359375
THERMAL_SENS_OUT_1=33
THERMAL_SENS_OUT_2=-50
THERMAL_SENS_OUT_3=35
THERMAL_SENS_OUT_4=32
THERMAL_SENS_OUT_5=39
THERMAL_SENS_OUT_6=-50
THERMAL_SENS_INT_1=26
THERMAL_SENS_INT_2=27
PG_5=0
PG_9=0
PG_12=0
FLT_P2=0
FLT_P3=0
HEAT_1_TEMP=33
HEAT_1_DUTY=0
HEAT_2_TEMP=35
HEAT_2_DUTY=0
HEAT_3_TEMP=32
HEAT_3_DUTY=0
HEAT_4_TEMP=39
HEAT_4_DUTY=100

[21:04:37.221 EBOX]
TS=1786203768.758
V_SENSE5=1.19873046875
V_SENSE9=0.0390625
V_SENSE12=0.12451171875
ADC_V5=5.0091552734375
ADC_V9=9.38995361328125
ADC_V12=11.8060302734375
ADC_V28=27.2760009765625
THERMAL_SENS_OUT_1=32
THERMAL_SENS_OUT_2=-50
THERMAL_SENS_OUT_3=33
THERMAL_SENS_OUT_4=30
THERMAL_SENS_OUT_5=36
THERMAL_SENS_OUT_6=-50
THERMAL_SENS_INT_1=30
THERMAL_SENS_INT_2=29
PG_5=0
PG_9=0
PG_12=0
FLT_P2=0
FLT_P3=0
HEAT_1_TEMP=32
HEAT_1_DUTY=0
HEAT_2_TEMP=33
HEAT_2_DUTY=0
HEAT_3_TEMP=30
HEAT_3_DUTY=0
HEAT_4_TEMP=36
HEAT_4_DUTY=100

[21:04:37.764 EBOX]
TS=1786203769.285
V_SENSE5=1.1669921875
V_SENSE9=0.0390625
V_SENSE12=0.12939453125
ADC_V5=4.85870361328125
ADC_V9=8.9385986328125
ADC_V12=11.51397705078125
ADC_V28=27.70965576171875
THERMAL_SENS_OUT_1=31
THERMAL_SENS_OUT_2=-50
THERMAL_SENS_OUT_3=35
THERMAL_SENS_OUT_4=33
THERMAL_SENS_OUT_5=35
THERMAL_SENS_OUT_6=-50
THERMAL_SENS_INT_1=27
THERMAL_SENS_INT_2=28
PG_5=0
PG_9=0
PG_12=0
FLT_P2=0
FLT_P3=0
HEAT_1_TEMP=31
HEAT_1_DUTY=100
HEAT_2_TEMP=35
HEAT_2_DUTY=0
HEAT_3_TEMP=33
HEAT_3_DUTY=0
HEAT_4_TEMP=35
HEAT_4_DUTY=0

[21:04:38.306 EBOX]
TS=1786203769.812
V_SENSE5=1.171875
V_SENSE9=0.0341796875
V_SENSE12=0.1220703125
ADC_V5=4.8675537109375
ADC_V9=9.2572021484375
ADC_V12=11.54052734375
ADC_V28=27.78045654296875
THERMAL_SENS_OUT_1=32
THERMAL_SENS_OUT_2=-50
THERMAL_SENS_OUT_3=32
THERMAL_SENS_OUT_4=32
THERMAL_SENS_OUT_5=38
THERMAL_SENS_OUT_6=-50
THERMAL_SENS_INT_1=30
THERMAL_SENS_INT_2=28
PG_5=0
PG_9=0
PG_12=0
FLT_P2=0
FLT_P3=0
HEAT_1_TEMP=32
HEAT_1_DUTY=100
HEAT_2_TEMP=32
HEAT_2_DUTY=0
HEAT_3_TEMP=32
HEAT_3_DUTY=0
HEAT_4_TEMP=38
HEAT_4_DUTY=0

[21:04:38.851 EBOX]
TS=1786203770.335
V_SENSE5=1.19873046875
V_SENSE9=0.0390625
V_SENSE12=0.1171875
ADC_V5=4.849853515625
ADC_V9=9.35455322265625
ADC_V12=11.62017822265625
ADC_V28=27.7716064453125
THERMAL_SENS_OUT_1=36
THERMAL_SENS_OUT_2=-50
THERMAL_SENS_OUT_3=34
THERMAL_SENS_OUT_4=31
THERMAL_SENS_OUT_5=38
THERMAL_SENS_OUT_6=-50
THERMAL_SENS_INT_1=28
THERMAL_SENS_INT_2=28
PG_5=0
PG_9=0
PG_12=0
FLT_P2=0
FLT_P3=0
HEAT_1_TEMP=36
HEAT_1_DUTY=0
HEAT_2_TEMP=34
HEAT_2_DUTY=100
HEAT_3_TEMP=31
HEAT_3_DUTY=0
HEAT_4_TEMP=38
HEAT_4_DUTY=0

[21:04:39.314 EBOX]
TS=1786203770.756
V_SENSE5=1.1474609375
V_SENSE9=0.03662109375
V_SENSE12=0.12451171875
ADC_V5=4.9737548828125
ADC_V9=9.2572021484375
ADC_V12=11.788330078125
ADC_V28=27.1875
THERMAL_SENS_OUT_1=33
THERMAL_SENS_OUT_2=-50
THERMAL_SENS_OUT_3=31
THERMAL_SENS_OUT_4=36
THERMAL_SENS_OUT_5=35
THERMAL_SENS_OUT_6=-50
THERMAL_SENS_INT_1=26
THERMAL_SENS_INT_2=32
PG_5=0
PG_9=0
PG_12=0
FLT_P2=0
FLT_P3=0
HEAT_1_TEMP=33
HEAT_1_DUTY=0
HEAT_2_TEMP=31
HEAT_2_DUTY=100
HEAT_3_TEMP=36
HEAT_3_DUTY=0
HEAT_4_TEMP=35
HEAT_4_DUTY=0

[21:04:39.871 EBOX]
TS=1786203771.294
V_SENSE5=1.1767578125
V_SENSE9=0.0341796875
V_SENSE12=0.146484375
ADC_V5=4.98260498046875
ADC_V9=9.2041015625
ADC_V12=11.89453125
ADC_V28=27.3291015625
THERMAL_SENS_OUT_1=33
THERMAL_SENS_OUT_2=-50
THERMAL_SENS_OUT_3=30
THERMAL_SENS_OUT_4=32
THERMAL_SENS_OUT_5=38
THERMAL_SENS_OUT_6=-50
THERMAL_SENS_INT_1=28
THERMAL_SENS_INT_2=26
PG_5=0
PG_9=0
PG_12=0
FLT_P2=0
FLT_P3=0
HEAT_1_TEMP=33
HEAT_1_DUTY=0
HEAT_2_TEMP=30
HEAT_2_DUTY=0
HEAT_3_TEMP=32
HEAT_3_DUTY=100
HEAT_4_TEMP=38
HEAT_4_DUTY=0

[21:04:40.428 EBOX]
TS=1786203771.820
V_SENSE5=1.220703125
V_SENSE9=0.0341796875
V_SENSE12=0.126953125
ADC_V5=4.9383544921875
ADC_V9=8.885498046875
ADC_V12=11.83258056640625
ADC_V28=27.19635009765625
THERMAL_SENS_OUT_1=33
THERMAL_SENS_OUT_2=-50
THERMAL_SENS_OUT_3=31
THERMAL_SENS_OUT_4=35
THERMAL_SENS_OUT_5=34
THERMAL_SENS_OUT_6=-50
THERMAL_SENS_INT_1=24
THERMAL_SENS_INT_2=31
PG_5=0
PG_9=0
PG_12=0
FLT_P2=0
FLT_P3=0
HEAT_1_TEMP=33
HEAT_1_DUTY=0
HEAT_2_TEMP=31
HEAT_2_DUTY=0
HEAT_3_TEMP=35
HEAT_3_DUTY=100
HEAT_4_TEMP=34
HEAT_4_DUTY=0

[21:04:40.979 EBOX]
TS=1786203772.347
V_SENSE5=1.18896484375
V_SENSE9=0.03662109375
V_SENSE12=0.1171875
ADC_V5=5.00030517578125
ADC_V9=9.0447998046875
ADC_V12=11.8768310546875
ADC_V28=27.10784912109375
THERMAL_SENS_OUT_1=33
THERMAL_SENS_OUT_2=-50
THERMAL_SENS_OUT_3=31
THERMAL_SENS_OUT_4=37
THERMAL_SENS_OUT_5=36
THERMAL_SENS_OUT_6=-50
THERMAL_SENS_INT_1=25
THERMAL_SENS_INT_2=32
PG_5=0
PG_9=0
PG_12=0
FLT_P2=0
FLT_P3=0
HEAT_1_TEMP=33
HEAT_1_DUTY=0
HEAT_2_TEMP=31
HEAT_2_DUTY=0
HEAT_3_TEMP=37
HEAT_3_DUTY=0
HEAT_4_TEMP=36
HEAT_4_DUTY=100

[21:04:41.439 EBOX]
TS=1786203772.874
V_SENSE5=1.201171875
V_SENSE9=0.0390625
V_SENSE12=0.11962890625
ADC_V5=4.9560546875
ADC_V9=9.24835205078125
ADC_V12=11.7529296875
ADC_V28=27.67425537109375
THERMAL_SENS_OUT_1=33
THERMAL_SENS_OUT_2=-50
THERMAL_SENS_OUT_3=31
THERMAL_SENS_OUT_4=37
THERMAL_SENS_OUT_5=36
THERMAL_SENS_OUT_6=-50
THERMAL_SENS_INT_1=24
THERMAL_SENS_INT_2=31
PG_5=0
PG_9=0
PG_12=0
FLT_P2=0
FLT_P3=0
HEAT_1_TEMP=33
HEAT_1_DUTY=0
HEAT_2_TEMP=31
HEAT_2_DUTY=0
HEAT_3_TEMP=37
HEAT_3_DUTY=0
HEAT_4_TEMP=36
HEAT_4_DUTY=100

[21:04:41.977 EBOX]
TS=1786203773.396
V_SENSE5=1.20361328125
V_SENSE9=0.0390625
V_SENSE12=0.1318359375
ADC_V5=5.0091552734375
ADC_V9=8.99169921875
ADC_V12=11.8414306640625
ADC_V28=27.54150390625
THERMAL_SENS_OUT_1=30
THERMAL_SENS_OUT_2=-50
THERMAL_SENS_OUT_3=31
THERMAL_SENS_OUT_4=36
THERMAL_SENS_OUT_5=36
THERMAL_SENS_OUT_6=-50
THERMAL_SENS_INT_1=25
THERMAL_SENS_INT_2=31
PG_5=0
PG_9=0
PG_12=0
FLT_P2=0
FLT_P3=0
HEAT_1_TEMP=30
HEAT_1_DUTY=100
HEAT_2_TEMP=31
HEAT_2_DUTY=0
HEAT_3_TEMP=36
HEAT_3_DUTY=0
HEAT_4_TEMP=36
HEAT_4_DUTY=0

[21:04:42.532 EBOX]
TS=1786203773.923
V_SENSE5=1.1865234375
V_SENSE9=0.0390625
V_SENSE12=0.13671875
ADC_V5=4.9737548828125
ADC_V9=9.13330078125
ADC_V12=11.7529296875
ADC_V28=27.647705078125
THERMAL_SENS_OUT_1=32
THERMAL_SENS_OUT_2=-50
THERMAL_SENS_OUT_3=35
THERMAL_SENS_OUT_4=32
THERMAL_SENS_OUT_5=37
THERMAL_SENS_OUT_6=-50
THERMAL_SENS_INT_1=25
THERMAL_SENS_INT_2=32
PG_5=0
PG_9=0
PG_12=0
FLT_P2=0
FLT_P3=0
HEAT_1_TEMP=32
HEAT_1_DUTY=100
HEAT_2_TEMP=35
HEAT_2_DUTY=0
HEAT_3_TEMP=32
HEAT_3_DUTY=0
HEAT_4_TEMP=37
HEAT_4_DUTY=0

[21:04:42.976 EBOX]
TS=1786203774.449
V_SENSE5=1.19140625
V_SENSE9=0.0341796875
V_SENSE12=0.13916015625
ADC_V5=4.8675537109375
ADC_V9=9.28375244140625
ADC_V12=11.5582275390625
ADC_V28=27.8778076171875
THERMAL_SENS_OUT_1=38
THERMAL_SENS_OUT_2=-50
THERMAL_SENS_OUT_3=33
THERMAL_SENS_OUT_4=31
THERMAL_SENS_OUT_5=36
THERMAL_SENS_OUT_6=-50
THERMAL_SENS_INT_1=28
THERMAL_SENS_INT_2=27
PG_5=0
PG_9=0
PG_12=0
FLT_P2=0
FLT_P3=0
HEAT_1_TEMP=38
HEAT_1_DUTY=0
HEAT_2_TEMP=33
HEAT_2_DUTY=100
HEAT_3_TEMP=31
HEAT_3_DUTY=0
HEAT_4_TEMP=36
HEAT_4_DUTY=0

[21:04:43.520 EBOX]
TS=1786203774.976
V_SENSE5=1.16455078125
V_SENSE9=0.0390625
V_SENSE12=0.10986328125
ADC_V5=5.03570556640625
ADC_V9=9.41650390625
ADC_V12=11.85028076171875
ADC_V28=27.10784912109375
THERMAL_SENS_OUT_1=33
THERMAL_SENS_OUT_2=-50
THERMAL_SENS_OUT_3=31
THERMAL_SENS_OUT_4=36
THERMAL_SENS_OUT_5=36
THERMAL_SENS_OUT_6=-50
THERMAL_SENS_INT_1=26
THERMAL_SENS_INT_2=30
PG_5=0
PG_9=0
PG_12=0
FLT_P2=0
FLT_P3=0
HEAT_1_TEMP=33
HEAT_1_DUTY=0
HEAT_2_TEMP=31
HEAT_2_DUTY=0
HEAT_3_TEMP=36
HEAT_3_DUTY=100
HEAT_4_TEMP=36
HEAT_4_DUTY=0

[21:04:44.067 EBOX]
TS=1786203775.499
V_SENSE5=1.17919921875
V_SENSE9=0.03662109375
V_SENSE12=0.1123046875
ADC_V5=4.98260498046875
ADC_V9=8.9208984375
ADC_V12=11.82373046875
ADC_V28=27.0635986328125
THERMAL_SENS_OUT_1=34
THERMAL_SENS_OUT_2=-50
THERMAL_SENS_OUT_3=31
THERMAL_SENS_OUT_4=32
THERMAL_SENS_OUT_5=36
THERMAL_SENS_OUT_6=-50
THERMAL_SENS_INT_1=29
THERMAL_SENS_INT_2=27
PG_5=0
PG_9=0
PG_12=0
FLT_P2=0
FLT_P3=0
HEAT_1_TEMP=34
HEAT_1_DUTY=0
HEAT_2_TEMP=31
HEAT_2_DUTY=0
HEAT_3_TEMP=32
HEAT_3_DUTY=100
HEAT_4_TEMP=36
HEAT_4_DUTY=0

[21:04:44.505 EBOX]
TS=1786203776.026
V_SENSE5=1.08154296875
V_SENSE9=1.2890625
V_SENSE12=0.1025390625
ADC_V5=4.96490478515625
ADC_V9=9.1156005859375
ADC_V12=11.7352294921875
ADC_V28=27.03704833984375
THERMAL_SENS_OUT_1=33
THERMAL_SENS_OUT_2=-50
THERMAL_SENS_OUT_3=33
THERMAL_SENS_OUT_4=30
THERMAL_SENS_OUT_5=36
THERMAL_SENS_OUT_6=-50
THERMAL_SENS_INT_1=27
THERMAL_SENS_INT_2=26
PG_5=0
PG_9=0
PG_12=0
FLT_P2=0
FLT_P3=0
HEAT_1_TEMP=33
HEAT_1_DUTY=0
HEAT_2_TEMP=33
HEAT_2_DUTY=0
HEAT_3_TEMP=30
HEAT_3_DUTY=0
HEAT_4_TEMP=36
HEAT_4_DUTY=100

[21:04:45.042 EBOX]
TS=1786203776.553
V_SENSE5=1.103515625
V_SENSE9=0.03662109375
V_SENSE12=0.12451171875
ADC_V5=4.92950439453125
ADC_V9=9.10675048828125
ADC_V12=11.505126953125
ADC_V28=27.576904296875
THERMAL_SENS_OUT_1=34
THERMAL_SENS_OUT_2=-50
THERMAL_SENS_OUT_3=31
THERMAL_SENS_OUT_4=37
THERMAL_SENS_OUT_5=36
THERMAL_SENS_OUT_6=-50
THERMAL_SENS_INT_1=28
THERMAL_SENS_INT_2=26
PG_5=0
PG_9=0
PG_12=0
FLT_P2=0
FLT_P3=0
HEAT_1_TEMP=34
HEAT_1_DUTY=0
HEAT_2_TEMP=31
HEAT_2_DUTY=0
HEAT_3_TEMP=37
HEAT_3_DUTY=0
HEAT_4_TEMP=36
HEAT_4_DUTY=100

[21:04:45.612 EBOX]
TS=1786203777.080
V_SENSE5=0.62255859375
V_SENSE9=2.05078125
V_SENSE12=0.1806640625
ADC_V5=4.96490478515625
ADC_V9=9.4696044921875
ADC_V12=11.56707763671875
ADC_V28=27.6123046875
THERMAL_SENS_OUT_1=25
THERMAL_SENS_OUT_2=-50
THERMAL_SENS_OUT_3=36
THERMAL_SENS_OUT_4=33
THERMAL_SENS_OUT_5=35
THERMAL_SENS_OUT_6=-50
THERMAL_SENS_INT_1=29
THERMAL_SENS_INT_2=27
PG_5=0
PG_9=0
PG_12=0
FLT_P2=0
FLT_P3=0
HEAT_1_TEMP=25
HEAT_1_DUTY=100
HEAT_2_TEMP=36
HEAT_2_DUTY=0
HEAT_3_TEMP=33
HEAT_3_DUTY=0
HEAT_4_TEMP=35
HEAT_4_DUTY=0

[21:04:46.047 EBOX]
TS=1786203777.501
V_SENSE5=1.16943359375
V_SENSE9=0.0341796875
V_SENSE12=0.15380859375
ADC_V5=4.91180419921875
ADC_V9=8.9208984375
ADC_V12=11.90338134765625
ADC_V28=27.60345458984375
THERMAL_SENS_OUT_1=32
THERMAL_SENS_OUT_2=-50
THERMAL_SENS_OUT_3=33
THERMAL_SENS_OUT_4=31
THERMAL_SENS_OUT_5=36
THERMAL_SENS_OUT_6=-50
THERMAL_SENS_INT_1=28
THERMAL_SENS_INT_2=32
PG_5=0
PG_9=0
PG_12=0
FLT_P2=0
FLT_P3=0
HEAT_1_TEMP=32
HEAT_1_DUTY=100
HEAT_2_TEMP=33
HEAT_2_DUTY=0
HEAT_3_TEMP=31
HEAT_3_DUTY=0
HEAT_4_TEMP=36
HEAT_4_DUTY=0

[21:04:46.589 EBOX]
TS=1786203778.031
V_SENSE5=1.23046875
V_SENSE9=1.640625
V_SENSE12=0.0439453125
ADC_V5=4.89410400390625
ADC_V9=9.49615478515625
ADC_V12=11.7529296875
ADC_V28=27.07244873046875
THERMAL_SENS_OUT_1=32
THERMAL_SENS_OUT_2=-50
THERMAL_SENS_OUT_3=31
THERMAL_SENS_OUT_4=35
THERMAL_SENS_OUT_5=34
THERMAL_SENS_OUT_6=-50
THERMAL_SENS_INT_1=24
THERMAL_SENS_INT_2=27
PG_5=0
PG_9=0
PG_12=0
FLT_P2=0
FLT_P3=0
HEAT_1_TEMP=32
HEAT_1_DUTY=0
HEAT_2_TEMP=31
HEAT_2_DUTY=100
HEAT_3_TEMP=35
HEAT_3_DUTY=0
HEAT_4_TEMP=34
HEAT_4_DUTY=0

[21:04:47.129 EBOX]
TS=1786203778.554
V_SENSE5=1.14990234375
V_SENSE9=0.0390625
V_SENSE12=0.15380859375
ADC_V5=4.85870361328125
ADC_V9=9.24835205078125
ADC_V12=11.58477783203125
ADC_V28=27.39105224609375
THERMAL_SENS_OUT_1=33
THERMAL_SENS_OUT_2=-50
THERMAL_SENS_OUT_3=32
THERMAL_SENS_OUT_4=36
THERMAL_SENS_OUT_5=34
THERMAL_SENS_OUT_6=-50
THERMAL_SENS_INT_1=25
THERMAL_SENS_INT_2=30
PG_5=0
PG_9=0
PG_12=0
FLT_P2=0
FLT_P3=0
HEAT_1_TEMP=33
HEAT_1_DUTY=0
HEAT_2_TEMP=32
HEAT_2_DUTY=100
HEAT_3_TEMP=36
HEAT_3_DUTY=0
HEAT_4_TEMP=34
HEAT_4_DUTY=0

[21:04:47.671 EBOX]
TS=1786203779.080
V_SENSE5=0.947265625
V_SENSE9=1.56005859375
V_SENSE12=0.33447265625
ADC_V5=4.8321533203125
ADC_V9=9.14215087890625
ADC_V12=11.505126953125
ADC_V28=27.8424072265625
THERMAL_SENS_OUT_1=33
THERMAL_SENS_OUT_2=-50
THERMAL_SENS_OUT_3=33
THERMAL_SENS_OUT_4=36
THERMAL_SENS_OUT_5=35
THERMAL_SENS_OUT_6=-50
THERMAL_SENS_INT_1=30
THERMAL_SENS_INT_2=29
PG_5=0
PG_9=0
PG_12=0
FLT_P2=0
FLT_P3=0
HEAT_1_TEMP=33
HEAT_1_DUTY=0
HEAT_2_TEMP=33
HEAT_2_DUTY=0
HEAT_3_TEMP=36
HEAT_3_DUTY=100
HEAT_4_TEMP=35
HEAT_4_DUTY=0

[21:04:48.115 EBOX]
TS=1786203779.602
V_SENSE5=1.16455078125
V_SENSE9=0.0390625
V_SENSE12=0.13916015625
ADC_V5=4.8321533203125
ADC_V9=8.885498046875
ADC_V12=11.788330078125
ADC_V28=27.76275634765625
THERMAL_SENS_OUT_1=38
THERMAL_SENS_OUT_2=-50
THERMAL_SENS_OUT_3=36
THERMAL_SENS_OUT_4=32
THERMAL_SENS_OUT_5=39
THERMAL_SENS_OUT_6=-50
THERMAL_SENS_INT_1=29
THERMAL_SENS_INT_2=27
PG_5=0
PG_9=0
PG_12=0
FLT_P2=0
FLT_P3=0
HEAT_1_TEMP=38
HEAT_1_DUTY=0
HEAT_2_TEMP=36
HEAT_2_DUTY=0
HEAT_3_TEMP=32
HEAT_3_DUTY=100
HEAT_4_TEMP=39
HEAT_4_DUTY=0

[21:04:48.654 EBOX]
TS=1786203780.130
V_SENSE5=1.1669921875
V_SENSE9=0.03662109375
V_SENSE12=0.14892578125
ADC_V5=5.00030517578125
ADC_V9=9.1156005859375
ADC_V12=11.81488037109375
ADC_V28=27.72735595703125
THERMAL_SENS_OUT_1=35
THERMAL_SENS_OUT_2=-50
THERMAL_SENS_OUT_3=36
THERMAL_SENS_OUT_4=31
THERMAL_SENS_OUT_5=35
THERMAL_SENS_OUT_6=-50
THERMAL_SENS_INT_1=29
THERMAL_SENS_INT_2=26
PG_5=0
PG_9=0
PG_12=0
FLT_P2=0
FLT_P3=0
HEAT_1_TEMP=35
HEAT_1_DUTY=0
HEAT_2_TEMP=36
HEAT_2_DUTY=0
HEAT_3_TEMP=31
HEAT_3_DUTY=0
HEAT_4_TEMP=35
HEAT_4_DUTY=100

[21:04:49.200 EBOX]
TS=1786203780.656
V_SENSE5=1.18408203125
V_SENSE9=0.0341796875
V_SENSE12=0.11962890625
ADC_V5=4.9737548828125
ADC_V9=9.08905029296875
ADC_V12=11.788330078125
ADC_V28=28.0194091796875
THERMAL_SENS_OUT_1=31
THERMAL_SENS_OUT_2=-50
THERMAL_SENS_OUT_3=36
THERMAL_SENS_OUT_4=33
THERMAL_SENS_OUT_5=40
THERMAL_SENS_OUT_6=-50
THERMAL_SENS_INT_1=29
THERMAL_SENS_INT_2=27
PG_5=0
PG_9=0
PG_12=0
FLT_P2=0
FLT_P3=0
HEAT_1_TEMP=31
HEAT_1_DUTY=0
HEAT_2_TEMP=36
HEAT_2_DUTY=0
HEAT_3_TEMP=33
HEAT_3_DUTY=0
HEAT_4_TEMP=40
HEAT_4_DUTY=100

[21:04:49.751 EBOX]
TS=1786203781.182
V_SENSE5=1.1572265625
V_SENSE9=0.0390625
V_SENSE12=0.13916015625
ADC_V5=5.00030517578125
ADC_V9=9.0802001953125
ADC_V12=11.82373046875
ADC_V28=27.21405029296875
THERMAL_SENS_OUT_1=31
THERMAL_SENS_OUT_2=-50
THERMAL_SENS_OUT_3=30
THERMAL_SENS_OUT_4=32
THERMAL_SENS_OUT_5=39
THERMAL_SENS_OUT_6=-50
THERMAL_SENS_INT_1=29
THERMAL_SENS_INT_2=27
PG_5=0
PG_9=0
PG_12=0
FLT_P2=0
FLT_P3=0
HEAT_1_TEMP=31
HEAT_1_DUTY=100
HEAT_2_TEMP=30
HEAT_2_DUTY=0
HEAT_3_TEMP=32
HEAT_3_DUTY=0
HEAT_4_TEMP=39
HEAT_4_DUTY=0

[21:04:50.214 EBOX]
TS=1786203781.710
V_SENSE5=1.17431640625
V_SENSE9=0.0390625
V_SENSE12=0.107421875
ADC_V5=4.991455078125
ADC_V9=9.2926025390625
ADC_V12=11.8414306640625
ADC_V28=27.35565185546875
THERMAL_SENS_OUT_1=31
THERMAL_SENS_OUT_2=-50
THERMAL_SENS_OUT_3=33
THERMAL_SENS_OUT_4=33
THERMAL_SENS_OUT_5=37
THERMAL_SENS_OUT_6=-50
THERMAL_SENS_INT_1=27
THERMAL_SENS_INT_2=26
PG_5=0
PG_9=0
PG_12=0
FLT_P2=0
FLT_P3=0
HEAT_1_TEMP=31
HEAT_1_DUTY=100
HEAT_2_TEMP=33
HEAT_2_DUTY=0
HEAT_3_TEMP=33
HEAT_3_DUTY=0
HEAT_4_TEMP=37
HEAT_4_DUTY=0

[21:04:50.768 EBOX]
TS=1786203782.232
V_SENSE5=1.11572265625
V_SENSE9=0.0341796875
V_SENSE12=0.12939453125
ADC_V5=4.9029541015625
ADC_V9=9.27490234375
ADC_V12=11.77947998046875
ADC_V28=27.46185302734375
THERMAL_SENS_OUT_1=37
THERMAL_SENS_OUT_2=-50
THERMAL_SENS_OUT_3=31
THERMAL_SENS_OUT_4=33
THERMAL_SENS_OUT_5=39
THERMAL_SENS_OUT_6=-50
THERMAL_SENS_INT_1=30
THERMAL_SENS_INT_2=26
PG_5=0
PG_9=0
PG_12=0
FLT_P2=0
FLT_P3=0
HEAT_1_TEMP=37
HEAT_1_DUTY=0
HEAT_2_TEMP=31
HEAT_2_DUTY=100
HEAT_3_TEMP=33
HEAT_3_DUTY=0
HEAT_4_TEMP=39
HEAT_4_DUTY=0

[21:04:51.235 EBOX]
TS=1786203782.759
V_SENSE5=1.24755859375
V_SENSE9=0.0390625
V_SENSE12=0.12939453125
ADC_V5=4.991455078125
ADC_V9=9.0093994140625
ADC_V12=11.5228271484375
ADC_V28=27.789306640625
THERMAL_SENS_OUT_1=37
THERMAL_SENS_OUT_2=-50
THERMAL_SENS_OUT_3=36
THERMAL_SENS_OUT_4=33
THERMAL_SENS_OUT_5=40
THERMAL_SENS_OUT_6=-50
THERMAL_SENS_INT_1=30
THERMAL_SENS_INT_2=27
PG_5=0
PG_9=0
PG_12=0
FLT_P2=0
FLT_P3=0
HEAT_1_TEMP=37
HEAT_1_DUTY=0
HEAT_2_TEMP=36
HEAT_2_DUTY=100
HEAT_3_TEMP=33
HEAT_3_DUTY=0
HEAT_4_TEMP=40
HEAT_4_DUTY=0

[21:04:51.792 EBOX]
TS=1786203783.180
V_SENSE5=1.123046875
V_SENSE9=0.0390625
V_SENSE12=0.13671875
ADC_V5=5.08880615234375
ADC_V9=9.17755126953125
ADC_V12=11.89453125
ADC_V28=27.12554931640625
THERMAL_SENS_OUT_1=33
THERMAL_SENS_OUT_2=-50
THERMAL_SENS_OUT_3=32
THERMAL_SENS_OUT_4=36
THERMAL_SENS_OUT_5=35
THERMAL_SENS_OUT_6=-50
THERMAL_SENS_INT_1=26
THERMAL_SENS_INT_2=31
PG_5=0
PG_9=0
PG_12=0
FLT_P2=0
FLT_P3=0
HEAT_1_TEMP=33
HEAT_1_DUTY=0
HEAT_2_TEMP=32
HEAT_2_DUTY=0
HEAT_3_TEMP=36
HEAT_3_DUTY=100
HEAT_4_TEMP=35
HEAT_4_DUTY=0

[21:04:52.243 EBOX]
TS=1786203783.702
V_SENSE5=1.171875
V_SENSE9=0.0390625
V_SENSE12=0.1318359375
ADC_V5=5.0091552734375
ADC_V9=8.92974853515625
ADC_V12=11.58477783203125
ADC_V28=27.99285888671875
THERMAL_SENS_OUT_1=35
THERMAL_SENS_OUT_2=-50
THERMAL_SENS_OUT_3=34
THERMAL_SENS_OUT_4=31
THERMAL_SENS_OUT_5=38
THERMAL_SENS_OUT_6=-50
THERMAL_SENS_INT_1=27
THERMAL_SENS_INT_2=27
PG_5=0
PG_9=0
PG_12=0
FLT_P2=0
FLT_P3=0
HEAT_1_TEMP=35
HEAT_1_DUTY=0
HEAT_2_TEMP=34
HEAT_2_DUTY=0
HEAT_3_TEMP=31
HEAT_3_DUTY=100
HEAT_4_TEMP=38
HEAT_4_DUTY=0

[21:04:52.781 EBOX]
TS=1786203784.229
V_SENSE5=1.17431640625
V_SENSE9=0.0390625
V_SENSE12=0.107421875
ADC_V5=4.9560546875
ADC_V9=9.28375244140625
ADC_V12=11.8414306640625
ADC_V28=27.32025146484375
THERMAL_SENS_OUT_1=32
THERMAL_SENS_OUT_2=-50
THERMAL_SENS_OUT_3=31
THERMAL_SENS_OUT_4=35
THERMAL_SENS_OUT_5=34
THERMAL_SENS_OUT_6=-50
THERMAL_SENS_INT_1=24
THERMAL_SENS_INT_2=30
PG_5=0
PG_9=0
PG_12=0
FLT_P2=0
FLT_P3=0
HEAT_1_TEMP=32
HEAT_1_DUTY=0
HEAT_2_TEMP=31
HEAT_2_DUTY=0
HEAT_3_TEMP=35
HEAT_3_DUTY=0
HEAT_4_TEMP=34
HEAT_4_DUTY=100

[21:04:53.319 EBOX]
TS=1786203784.752
V_SENSE5=1.162109375
V_SENSE9=0.0341796875
V_SENSE12=0.10009765625
ADC_V5=4.849853515625
ADC_V9=9.14215087890625
ADC_V12=11.58477783203125
ADC_V28=27.506103515625
THERMAL_SENS_OUT_1=37
THERMAL_SENS_OUT_2=-50
THERMAL_SENS_OUT_3=34
THERMAL_SENS_OUT_4=36
THERMAL_SENS_OUT_5=34
THERMAL_SENS_OUT_6=-50
THERMAL_SENS_INT_1=25
THERMAL_SENS_INT_2=30
PG_5=0
PG_9=0
PG_12=0
FLT_P2=0
FLT_P3=0
HEAT_1_TEMP=37
HEAT_1_DUTY=0
HEAT_2_TEMP=34
HEAT_2_DUTY=0
HEAT_3_TEMP=36
HEAT_3_DUTY=0
HEAT_4_TEMP=34
HEAT_4_DUTY=100

[21:04:53.861 EBOX]
TS=1786203785.278
V_SENSE5=1.15478515625
V_SENSE9=0.0341796875
V_SENSE12=0.12939453125
ADC_V5=4.8321533203125
ADC_V9=9.3280029296875
ADC_V12=11.9122314453125
ADC_V28=27.24945068359375
THERMAL_SENS_OUT_1=37
THERMAL_SENS_OUT_2=-50
THERMAL_SENS_OUT_3=35
THERMAL_SENS_OUT_4=32
THERMAL_SENS_OUT_5=39
THERMAL_SENS_OUT_6=-50
THERMAL_SENS_INT_1=30
THERMAL_SENS_INT_2=27
PG_5=0
PG_9=0
PG_12=0
FLT_P2=0
FLT_P3=0
HEAT_1_TEMP=37
HEAT_1_DUTY=100
HEAT_2_TEMP=35
HEAT_2_DUTY=0
HEAT_3_TEMP=32
HEAT_3_DUTY=0
HEAT_4_TEMP=39
HEAT_4_DUTY=0

[21:04:54.300 EBOX]
TS=1786203785.806
V_SENSE5=1.17919921875
V_SENSE9=0.0341796875
V_SENSE12=0.17333984375
ADC_V5=5.0091552734375
ADC_V9=8.9208984375
ADC_V12=11.81488037109375
ADC_V28=27.85125732421875
THERMAL_SENS_OUT_1=34
THERMAL_SENS_OUT_2=-50
THERMAL_SENS_OUT_3=30
THERMAL_SENS_OUT_4=33
THERMAL_SENS_OUT_5=38
THERMAL_SENS_OUT_6=-50
THERMAL_SENS_INT_1=26
THERMAL_SENS_INT_2=31
PG_5=0
PG_9=0
PG_12=0
FLT_P2=0
FLT_P3=0
HEAT_1_TEMP=34
HEAT_1_DUTY=100
HEAT_2_TEMP=30
HEAT_2_DUTY=0
HEAT_3_TEMP=33
HEAT_3_DUTY=0
HEAT_4_TEMP=38
HEAT_4_DUTY=0

[21:04:54.854 EBOX]
TS=1786203786.330
V_SENSE5=1.142578125
V_SENSE9=0.0390625
V_SENSE12=0.12451171875
ADC_V5=4.8321533203125
ADC_V9=9.44305419921875
ADC_V12=11.54052734375
ADC_V28=28.02825927734375
THERMAL_SENS_OUT_1=36
THERMAL_SENS_OUT_2=-50
THERMAL_SENS_OUT_3=33
THERMAL_SENS_OUT_4=31
THERMAL_SENS_OUT_5=35
THERMAL_SENS_OUT_6=-50
THERMAL_SENS_INT_1=25
THERMAL_SENS_INT_2=31
PG_5=0
PG_9=0
PG_12=0
FLT_P2=0
FLT_P3=0
HEAT_1_TEMP=36
HEAT_1_DUTY=0
HEAT_2_TEMP=33
HEAT_2_DUTY=100
HEAT_3_TEMP=31
HEAT_3_DUTY=0
HEAT_4_TEMP=35
HEAT_4_DUTY=0

[21:04:55.399 EBOX]
TS=1786203786.856
V_SENSE5=1.20361328125
V_SENSE9=0.0390625
V_SENSE12=0.1025390625
ADC_V5=4.920654296875
ADC_V9=9.15985107421875
ADC_V12=11.8414306640625
ADC_V28=26.9219970703125
THERMAL_SENS_OUT_1=35
THERMAL_SENS_OUT_2=-50
THERMAL_SENS_OUT_3=34
THERMAL_SENS_OUT_4=31
THERMAL_SENS_OUT_5=37
THERMAL_SENS_OUT_6=-50
THERMAL_SENS_INT_1=30
THERMAL_SENS_INT_2=29
PG_5=0
PG_9=0
PG_12=0
FLT_P2=0
FLT_P3=0
HEAT_1_TEMP=35
HEAT_1_DUTY=0
HEAT_2_TEMP=34
HEAT_2_DUTY=100
HEAT_3_TEMP=31
HEAT_3_DUTY=0
HEAT_4_TEMP=37
HEAT_4_DUTY=0

[21:04:55.939 EBOX]
TS=1786203787.383
V_SENSE5=1.23779296875
V_SENSE9=0.0341796875
V_SENSE12=0.14404296875
ADC_V5=4.9560546875
ADC_V9=8.78814697265625
ADC_V12=11.788330078125
ADC_V28=27.8070068359375
THERMAL_SENS_OUT_1=35
THERMAL_SENS_OUT_2=-50
THERMAL_SENS_OUT_3=35
THERMAL_SENS_OUT_4=32
THERMAL_SENS_OUT_5=40
THERMAL_SENS_OUT_6=-50
THERMAL_SENS_INT_1=24
THERMAL_SENS_INT_2=29
PG_5=0
PG_9=0
PG_12=0
FLT_P2=0
FLT_P3=0
HEAT_1_TEMP=35
HEAT_1_DUTY=0
HEAT_2_TEMP=35
HEAT_2_DUTY=0
HEAT_3_TEMP=32
HEAT_3_DUTY=100
HEAT_4_TEMP=40
HEAT_4_DUTY=0

[21:04:56.386 EBOX]
TS=1786203787.910
V_SENSE5=1.1474609375
V_SENSE9=0.0341796875
V_SENSE12=0.11962890625
ADC_V5=4.8675537109375
ADC_V9=9.0447998046875
ADC_V12=11.5936279296875
ADC_V28=27.39990234375
THERMAL_SENS_OUT_1=34
THERMAL_SENS_OUT_2=-50
THERMAL_SENS_OUT_3=35
THERMAL_SENS_OUT_4=34
THERMAL_SENS_OUT_5=36
THERMAL_SENS_OUT_6=-50
THERMAL_SENS_INT_1=30
THERMAL_SENS_INT_2=28
PG_5=0
PG_9=0
PG_12=0
FLT_P2=0
FLT_P3=0
HEAT_1_TEMP=34
HEAT_1_DUTY=0
HEAT_2_TEMP=35
HEAT_2_DUTY=0
HEAT_3_TEMP=34
HEAT_3_DUTY=100
HEAT_4_TEMP=36
HEAT_4_DUTY=0

[21:04:56.965 EBOX]
TS=1786203788.436
V_SENSE5=1.1669921875
V_SENSE9=0.0390625
V_SENSE12=0.11474609375
ADC_V5=4.849853515625
ADC_V9=9.15985107421875
ADC_V12=11.46087646484375
ADC_V28=27.860107421875
THERMAL_SENS_OUT_1=37
THERMAL_SENS_OUT_2=-50
THERMAL_SENS_OUT_3=35
THERMAL_SENS_OUT_4=32
THERMAL_SENS_OUT_5=40
THERMAL_SENS_OUT_6=-50
THERMAL_SENS_INT_1=24
THERMAL_SENS_INT_2=30
PG_5=0
PG_9=0
PG_12=0
FLT_P2=0
FLT_P3=0
HEAT_1_TEMP=37
HEAT_1_DUTY=0
HEAT_2_TEMP=35
HEAT_2_DUTY=0
HEAT_3_TEMP=32
HEAT_3_DUTY=0
HEAT_4_TEMP=40
HEAT_4_DUTY=100

[21:04:57.440 EBOX]
TS=1786203788.963
V_SENSE5=1.19873046875
V_SENSE9=0.0341796875
V_SENSE12=0.1123046875
ADC_V5=4.92950439453125
ADC_V9=9.41650390625
ADC_V12=11.53167724609375
ADC_V28=27.88665771484375
THERMAL_SENS_OUT_1=37
THERMAL_SENS_OUT_2=-50
THERMAL_SENS_OUT_3=36
THERMAL_SENS_OUT_4=32
THERMAL_SENS_OUT_5=39
THERMAL_SENS_OUT_6=-50
THERMAL_SENS_INT_1=30
THERMAL_SENS_INT_2=28
PG_5=0
PG_9=0
PG_12=0
FLT_P2=0
FLT_P3=0
HEAT_1_TEMP=37
HEAT_1_DUTY=0
HEAT_2_TEMP=36
HEAT_2_DUTY=0
HEAT_3_TEMP=32
HEAT_3_DUTY=0
HEAT_4_TEMP=39
HEAT_4_DUTY=100

[21:04:57.977 EBOX]
TS=1786203789.485
V_SENSE5=1.16455078125
V_SENSE9=0.0341796875
V_SENSE12=0.1318359375
ADC_V5=4.991455078125
ADC_V9=8.9385986328125
ADC_V12=11.95648193359375
ADC_V28=27.46185302734375
THERMAL_SENS_OUT_1=32
THERMAL_SENS_OUT_2=-50
THERMAL_SENS_OUT_3=31
THERMAL_SENS_OUT_4=35
THERMAL_SENS_OUT_5=34
THERMAL_SENS_OUT_6=-50
THERMAL_SENS_INT_1=24
THERMAL_SENS_INT_2=30
PG_5=0
PG_9=0
PG_12=0
FLT_P2=0
FLT_P3=0
HEAT_1_TEMP=32
HEAT_1_DUTY=100
HEAT_2_TEMP=31
HEAT_2_DUTY=0
HEAT_3_TEMP=35
HEAT_3_DUTY=0
HEAT_4_TEMP=34
HEAT_4_DUTY=0

[21:04:58.518 EBOX]
TS=1786203790.012
V_SENSE5=1.09375
V_SENSE9=2.99072265625
V_SENSE12=0.205078125
ADC_V5=4.849853515625
ADC_V9=9.42535400390625
ADC_V12=11.58477783203125
ADC_V28=27.68310546875
THERMAL_SENS_OUT_1=36
THERMAL_SENS_OUT_2=-50
THERMAL_SENS_OUT_3=34
THERMAL_SENS_OUT_4=31
THERMAL_SENS_OUT_5=36
THERMAL_SENS_OUT_6=-50
THERMAL_SENS_INT_1=26
THERMAL_SENS_INT_2=32
PG_5=0
PG_9=0
PG_12=0
FLT_P2=0
FLT_P3=0
HEAT_1_TEMP=36
HEAT_1_DUTY=0
HEAT_2_TEMP=34
HEAT_2_DUTY=100
HEAT_3_TEMP=31
HEAT_3_DUTY=0
HEAT_4_TEMP=36
HEAT_4_DUTY=0

[21:04:59.087 EBOX]
TS=1786203790.433
V_SENSE5=1.171875
V_SENSE9=0.0341796875
V_SENSE12=0.107421875
ADC_V5=4.87640380859375
ADC_V9=9.24835205078125
ADC_V12=11.5582275390625
ADC_V28=27.96630859375
THERMAL_SENS_OUT_1=36
THERMAL_SENS_OUT_2=-50
THERMAL_SENS_OUT_3=35
THERMAL_SENS_OUT_4=32
THERMAL_SENS_OUT_5=39
THERMAL_SENS_OUT_6=-50
THERMAL_SENS_INT_1=29
THERMAL_SENS_INT_2=27
PG_5=0
PG_9=0
PG_12=0
FLT_P2=0
FLT_P3=0
HEAT_1_TEMP=36
HEAT_1_DUTY=0
HEAT_2_TEMP=35
HEAT_2_DUTY=100
HEAT_3_TEMP=32
HEAT_3_DUTY=0
HEAT_4_TEMP=39
HEAT_4_DUTY=0

[21:04:59.566 EBOX]
TS=1786203790.970
V_SENSE5=1.1669921875
V_SENSE9=0.0341796875
V_SENSE12=0.11474609375
ADC_V5=5.00030517578125
ADC_V9=8.80584716796875
ADC_V12=11.89453125
ADC_V28=27.28485107421875
THERMAL_SENS_OUT_1=32
THERMAL_SENS_OUT_2=-50
THERMAL_SENS_OUT_3=30
THERMAL_SENS_OUT_4=35
THERMAL_SENS_OUT_5=34
THERMAL_SENS_OUT_6=-50
THERMAL_SENS_INT_1=29
THERMAL_SENS_INT_2=26
PG_5=0
PG_9=0
PG_12=0
FLT_P2=0
FLT_P3=0
HEAT_1_TEMP=32
HEAT_1_DUTY=0
HEAT_2_TEMP=30
HEAT_2_DUTY=0
HEAT_3_TEMP=35
HEAT_3_DUTY=100
HEAT_4_TEMP=34
HEAT_4_DUTY=0

[21:05:00.106 EBOX]
TS=1786203791.497
V_SENSE5=1.15966796875
V_SENSE9=0.0341796875
V_SENSE12=0.11474609375
ADC_V5=4.9560546875
ADC_V9=8.9385986328125
ADC_V12=11.717529296875
ADC_V28=27.76275634765625
THERMAL_SENS_OUT_1=33
THERMAL_SENS_OUT_2=-50
THERMAL_SENS_OUT_3=31
THERMAL_SENS_OUT_4=36
THERMAL_SENS_OUT_5=35
THERMAL_SENS_OUT_6=-50
THERMAL_SENS_INT_1=26
THERMAL_SENS_INT_2=26
PG_5=0
PG_9=0
PG_12=0
FLT_P2=0
FLT_P3=0
HEAT_1_TEMP=33
HEAT_1_DUTY=0
HEAT_2_TEMP=31
HEAT_2_DUTY=0
HEAT_3_TEMP=36
HEAT_3_DUTY=100
HEAT_4_TEMP=35
HEAT_4_DUTY=0

[21:05:00.543 EBOX]
TS=1786203792.019
V_SENSE5=1.06689453125
V_SENSE9=2.43896484375
V_SENSE12=0.048828125
ADC_V5=4.9737548828125
ADC_V9=9.097900390625
ADC_V12=11.7352294921875
ADC_V28=27.5238037109375
THERMAL_SENS_OUT_1=38
THERMAL_SENS_OUT_2=-50
THERMAL_SENS_OUT_3=36
THERMAL_SENS_OUT_4=32
THERMAL_SENS_OUT_5=39
THERMAL_SENS_OUT_6=-50
THERMAL_SENS_INT_1=29
THERMAL_SENS_INT_2=27
PG_5=0
PG_9=0
PG_12=0
FLT_P2=0
FLT_P3=0
HEAT_1_TEMP=38
HEAT_1_DUTY=0
HEAT_2_TEMP=36
HEAT_2_DUTY=0
HEAT_3_TEMP=32
HEAT_3_DUTY=0
HEAT_4_TEMP=39
HEAT_4_DUTY=100

[21:05:01.098 EBOX]
TS=1786203792.543
V_SENSE5=1.142578125
V_SENSE9=0.0341796875
V_SENSE12=0.1123046875
ADC_V5=4.8675537109375
ADC_V9=9.097900390625
ADC_V12=11.62017822265625
ADC_V28=28.09906005859375
THERMAL_SENS_OUT_1=36
THERMAL_SENS_OUT_2=-50
THERMAL_SENS_OUT_3=35
THERMAL_SENS_OUT_4=31
THERMAL_SENS_OUT_5=38
THERMAL_SENS_OUT_6=-50
THERMAL_SENS_INT_1=28
THERMAL_SENS_INT_2=26
PG_5=0
PG_9=0
PG_12=0
FLT_P2=0
FLT_P3=0
HEAT_1_TEMP=36
HEAT_1_DUTY=0
HEAT_2_TEMP=35
HEAT_2_DUTY=0
HEAT_3_TEMP=31
HEAT_3_DUTY=0
HEAT_4_TEMP=38
HEAT_4_DUTY=100

[21:05:01.643 EBOX]
TS=1786203793.070
V_SENSE5=0.85693359375
V_SENSE9=3.02490234375
V_SENSE12=0.20751953125
ADC_V5=4.85870361328125
ADC_V9=9.4342041015625
ADC_V12=11.54937744140625
ADC_V28=27.72735595703125
THERMAL_SENS_OUT_1=26
THERMAL_SENS_OUT_2=-50
THERMAL_SENS_OUT_3=34
THERMAL_SENS_OUT_4=31
THERMAL_SENS_OUT_5=37
THERMAL_SENS_OUT_6=-50
THERMAL_SENS_INT_1=24
THERMAL_SENS_INT_2=29
PG_5=0
PG_9=0
PG_12=0
FLT_P2=0
FLT_P3=0
HEAT_1_TEMP=26
HEAT_1_DUTY=100
HEAT_2_TEMP=34
HEAT_2_DUTY=0
HEAT_3_TEMP=31
HEAT_3_DUTY=0
HEAT_4_TEMP=37
HEAT_4_DUTY=0

[21:05:02.183 EBOX]
TS=1786203793.597
V_SENSE5=1.15234375
V_SENSE9=0.10498046875
V_SENSE12=0.1416015625
ADC_V5=4.8321533203125
ADC_V9=9.027099609375
ADC_V12=11.788330078125
ADC_V28=27.6654052734375
THERMAL_SENS_OUT_1=34
THERMAL_SENS_OUT_2=-50
THERMAL_SENS_OUT_3=36
THERMAL_SENS_OUT_4=33
THERMAL_SENS_OUT_5=38
THERMAL_SENS_OUT_6=-50
THERMAL_SENS_INT_1=28
THERMAL_SENS_INT_2=26
PG_5=0
PG_9=0
PG_12=0
FLT_P2=0
FLT_P3=0
HEAT_1_TEMP=34
HEAT_1_DUTY=100
HEAT_2_TEMP=36
HEAT_2_DUTY=0
HEAT_3_TEMP=33
HEAT_3_DUTY=0
HEAT_4_TEMP=38
HEAT_4_DUTY=0

[21:05:02.642 EBOX]
TS=1786203794.124
V_SENSE5=1.15478515625
V_SENSE9=0.07568359375
V_SENSE12=0.15380859375
ADC_V5=4.9737548828125
ADC_V9=9.805908203125
ADC_V12=11.8414306640625
ADC_V28=27.19635009765625
THERMAL_SENS_OUT_1=33
THERMAL_SENS_OUT_2=-50
THERMAL_SENS_OUT_3=31
THERMAL_SENS_OUT_4=36
THERMAL_SENS_OUT_5=35
THERMAL_SENS_OUT_6=-50
THERMAL_SENS_INT_1=25
THERMAL_SENS_INT_2=31
PG_5=0
PG_9=0
PG_12=0
FLT_P2=0
FLT_P3=0
HEAT_1_TEMP=33
HEAT_1_DUTY=0
HEAT_2_TEMP=31
HEAT_2_DUTY=100
HEAT_3_TEMP=36
HEAT_3_DUTY=0
HEAT_4_TEMP=35
HEAT_4_DUTY=0

[21:05:03.192 EBOX]
TS=1786203794.651
V_SENSE5=1.17431640625
V_SENSE9=0.03662109375
V_SENSE12=0.1171875
ADC_V5=4.98260498046875
ADC_V9=8.814697265625
ADC_V12=11.86798095703125
ADC_V28=27.39105224609375
THERMAL_SENS_OUT_1=32
THERMAL_SENS_OUT_2=-50
THERMAL_SENS_OUT_3=33
THERMAL_SENS_OUT_4=32
THERMAL_SENS_OUT_5=39
THERMAL_SENS_OUT_6=-50
THERMAL_SENS_INT_1=30
THERMAL_SENS_INT_2=28
PG_5=0
PG_9=0
PG_12=0
FLT_P2=0
FLT_P3=0
HEAT_1_TEMP=32
HEAT_1_DUTY=0
HEAT_2_TEMP=33
HEAT_2_DUTY=100
HEAT_3_TEMP=32
HEAT_3_DUTY=0
HEAT_4_TEMP=39
HEAT_4_DUTY=0

[21:05:03.731 EBOX]
TS=1786203795.181
V_SENSE5=1.19140625
V_SENSE9=0.03662109375
V_SENSE12=0.13671875
ADC_V5=4.9029541015625
ADC_V9=9.37225341796875
ADC_V12=11.81488037109375
ADC_V28=27.2760009765625
THERMAL_SENS_OUT_1=32
THERMAL_SENS_OUT_2=-50
THERMAL_SENS_OUT_3=33
THERMAL_SENS_OUT_4=32
THERMAL_SENS_OUT_5=34
THERMAL_SENS_OUT_6=-50
THERMAL_SENS_INT_1=24
THERMAL_SENS_INT_2=28
PG_5=0
PG_9=0
PG_12=0
FLT_P2=0
FLT_P3=0
HEAT_1_TEMP=32
HEAT_1_DUTY=0
HEAT_2_TEMP=33
HEAT_2_DUTY=0
HEAT_3_TEMP=32
HEAT_3_DUTY=100
HEAT_4_TEMP=34
HEAT_4_DUTY=0

[21:05:04.205 EBOX]
TS=1786203795.708
V_SENSE5=1.162109375
V_SENSE9=0.0341796875
V_SENSE12=0.1220703125
ADC_V5=4.94720458984375
ADC_V9=9.13330078125
ADC_V12=11.60247802734375
ADC_V28=28.06365966796875
THERMAL_SENS_OUT_1=36
THERMAL_SENS_OUT_2=-50
THERMAL_SENS_OUT_3=33
THERMAL_SENS_OUT_4=31
THERMAL_SENS_OUT_5=37
THERMAL_SENS_OUT_6=-50
THERMAL_SENS_INT_1=28
THERMAL_SENS_INT_2=26
PG_5=0
PG_9=0
PG_12=0
FLT_P2=0
FLT_P3=0
HEAT_1_TEMP=36
HEAT_1_DUTY=0
HEAT_2_TEMP=33
HEAT_2_DUTY=0
HEAT_3_TEMP=31
HEAT_3_DUTY=100
HEAT_4_TEMP=37
HEAT_4_DUTY=0

[21:05:04.746 EBOX]
TS=1786203796.235
V_SENSE5=1.19873046875
V_SENSE9=0.03662109375
V_SENSE12=0.1123046875
ADC_V5=4.9737548828125
ADC_V9=8.70849609375
ADC_V12=11.79718017578125
ADC_V28=27.30255126953125
THERMAL_SENS_OUT_1=32
THERMAL_SENS_OUT_2=-50
THERMAL_SENS_OUT_3=36
THERMAL_SENS_OUT_4=33
THERMAL_SENS_OUT_5=37
THERMAL_SENS_OUT_6=-50
THERMAL_SENS_INT_1=28
THERMAL_SENS_INT_2=25
PG_5=0
PG_9=0
PG_12=0
FLT_P2=0
FLT_P3=0
HEAT_1_TEMP=32
HEAT_1_DUTY=0
HEAT_2_TEMP=36
HEAT_2_DUTY=0
HEAT_3_TEMP=33
HEAT_3_DUTY=0
HEAT_4_TEMP=37
HEAT_4_DUTY=100

[21:05:05.205 EBOX]
TS=1786203796.656
V_SENSE5=1.1572265625
V_SENSE9=0.03662109375
V_SENSE12=0.12451171875
ADC_V5=4.8675537109375
ADC_V9=9.2041015625
ADC_V12=11.53167724609375
ADC_V28=27.88665771484375
THERMAL_SENS_OUT_1=37
THERMAL_SENS_OUT_2=-50
THERMAL_SENS_OUT_3=37
THERMAL_SENS_OUT_4=33
THERMAL_SENS_OUT_5=37
THERMAL_SENS_OUT_6=-50
THERMAL_SENS_INT_1=26
THERMAL_SENS_INT_2=32
PG_5=0
PG_9=0
PG_12=0
FLT_P2=0
FLT_P3=0
HEAT_1_TEMP=37
HEAT_1_DUTY=0
HEAT_2_TEMP=37
HEAT_2_DUTY=0
HEAT_3_TEMP=33
HEAT_3_DUTY=0
HEAT_4_TEMP=37
HEAT_4_DUTY=100

[21:05:05.755 EBOX]
TS=1786203797.188
V_SENSE5=1.1376953125
V_SENSE9=0.0341796875
V_SENSE12=0.1318359375
ADC_V5=4.9383544921875
ADC_V9=9.2926025390625
ADC_V12=11.54937744140625
ADC_V28=27.3291015625
THERMAL_SENS_OUT_1=32
THERMAL_SENS_OUT_2=-50
THERMAL_SENS_OUT_3=32
THERMAL_SENS_OUT_4=37
THERMAL_SENS_OUT_5=36
THERMAL_SENS_OUT_6=-50
THERMAL_SENS_INT_1=26
THERMAL_SENS_INT_2=32
PG_5=0
PG_9=0
PG_12=0
FLT_P2=0
FLT_P3=0
HEAT_1_TEMP=32
HEAT_1_DUTY=100
HEAT_2_TEMP=32
HEAT_2_DUTY=0
HEAT_3_TEMP=37
HEAT_3_DUTY=0
HEAT_4_TEMP=36
HEAT_4_DUTY=0

[21:05:06.295 EBOX]
TS=1786203797.714
V_SENSE5=1.16943359375
V_SENSE9=0.0341796875
V_SENSE12=0.12939453125
ADC_V5=4.92950439453125
ADC_V9=8.92974853515625
ADC_V12=11.4697265625
ADC_V28=27.82470703125
THERMAL_SENS_OUT_1=38
THERMAL_SENS_OUT_2=-50
THERMAL_SENS_OUT_3=32
THERMAL_SENS_OUT_4=35
THERMAL_SENS_OUT_5=35
THERMAL_SENS_OUT_6=-50
THERMAL_SENS_INT_1=27
THERMAL_SENS_INT_2=27
PG_5=0
PG_9=0
PG_12=0
FLT_P2=0
FLT_P3=0
HEAT_1_TEMP=38
HEAT_1_DUTY=100
HEAT_2_TEMP=32
HEAT_2_DUTY=0
HEAT_3_TEMP=35
HEAT_3_DUTY=0
HEAT_4_TEMP=35
HEAT_4_DUTY=0

[21:05:06.738 EBOX]
TS=1786203798.241
V_SENSE5=1.13037109375
V_SENSE9=0.0341796875
V_SENSE12=0.12939453125
ADC_V5=4.92950439453125
ADC_V9=9.47845458984375
ADC_V12=11.54937744140625
ADC_V28=27.79815673828125
THERMAL_SENS_OUT_1=34
THERMAL_SENS_OUT_2=-50
THERMAL_SENS_OUT_3=36
THERMAL_SENS_OUT_4=33
THERMAL_SENS_OUT_5=34
THERMAL_SENS_OUT_6=-50
THERMAL_SENS_INT_1=24
THERMAL_SENS_INT_2=30
PG_5=0
PG_9=0
PG_12=0
FLT_P2=0
FLT_P3=0
HEAT_1_TEMP=34
HEAT_1_DUTY=0
HEAT_2_TEMP=36
HEAT_2_DUTY=100
HEAT_3_TEMP=33
HEAT_3_DUTY=0
HEAT_4_TEMP=34
HEAT_4_DUTY=0

[21:05:07.302 EBOX]
TS=1786203798.767
V_SENSE5=1.201171875
V_SENSE9=0.0341796875
V_SENSE12=0.126953125
ADC_V5=4.9383544921875
ADC_V9=9.027099609375
ADC_V12=11.54052734375
ADC_V28=27.789306640625
THERMAL_SENS_OUT_1=34
THERMAL_SENS_OUT_2=-50
THERMAL_SENS_OUT_3=33
THERMAL_SENS_OUT_4=33
THERMAL_SENS_OUT_5=37
THERMAL_SENS_OUT_6=-50
THERMAL_SENS_INT_1=27
THERMAL_SENS_INT_2=26
PG_5=0
PG_9=0
PG_12=0
FLT_P2=0
FLT_P3=0
HEAT_1_TEMP=34
HEAT_1_DUTY=0
HEAT_2_TEMP=33
HEAT_2_DUTY=100
HEAT_3_TEMP=33
HEAT_3_DUTY=0
HEAT_4_TEMP=37
HEAT_4_DUTY=0

[21:05:07.866 EBOX]
TS=1786203799.294
V_SENSE5=1.22802734375
V_SENSE9=0.07568359375
V_SENSE12=0.1416015625
ADC_V5=4.920654296875
ADC_V9=9.1510009765625
ADC_V12=11.82373046875
ADC_V28=27.03704833984375
THERMAL_SENS_OUT_1=34
THERMAL_SENS_OUT_2=-50
THERMAL_SENS_OUT_3=31
THERMAL_SENS_OUT_4=36
THERMAL_SENS_OUT_5=36
THERMAL_SENS_OUT_6=-50
THERMAL_SENS_INT_1=25
THERMAL_SENS_INT_2=32
PG_5=0
PG_9=0
PG_12=0
FLT_P2=0
FLT_P3=0
HEAT_1_TEMP=34
HEAT_1_DUTY=0
HEAT_2_TEMP=31
HEAT_2_DUTY=0
HEAT_3_TEMP=36
HEAT_3_DUTY=100
HEAT_4_TEMP=36
HEAT_4_DUTY=0

[21:05:08.306 EBOX]
TS=1786203799.821
V_SENSE5=1.171875
V_SENSE9=0.0390625
V_SENSE12=0.1220703125
ADC_V5=4.92950439453125
ADC_V9=9.51385498046875
ADC_V12=11.58477783203125
ADC_V28=28.0902099609375
THERMAL_SENS_OUT_1=36
THERMAL_SENS_OUT_2=-50
THERMAL_SENS_OUT_3=35
THERMAL_SENS_OUT_4=33
THERMAL_SENS_OUT_5=38
THERMAL_SENS_OUT_6=-50
THERMAL_SENS_INT_1=29
THERMAL_SENS_INT_2=28
PG_5=0
PG_9=0
PG_12=0
FLT_P2=0
FLT_P3=0
HEAT_1_TEMP=36
HEAT_1_DUTY=0
HEAT_2_TEMP=35
HEAT_2_DUTY=0
HEAT_3_TEMP=33
HEAT_3_DUTY=100
HEAT_4_TEMP=38
HEAT_4_DUTY=0

[21:05:08.863 EBOX]
TS=1786203800.349
V_SENSE5=1.181640625
V_SENSE9=0.0341796875
V_SENSE12=0.12939453125
ADC_V5=4.8675537109375
ADC_V9=9.2218017578125
ADC_V12=11.5936279296875
ADC_V28=27.39990234375
THERMAL_SENS_OUT_1=33
THERMAL_SENS_OUT_2=-50
THERMAL_SENS_OUT_3=31
THERMAL_SENS_OUT_4=33
THERMAL_SENS_OUT_5=38
THERMAL_SENS_OUT_6=-50
THERMAL_SENS_INT_1=25
THERMAL_SENS_INT_2=29
PG_5=0
PG_9=0
PG_12=0
FLT_P2=0
FLT_P3=0
HEAT_1_TEMP=33
HEAT_1_DUTY=0
HEAT_2_TEMP=31
HEAT_2_DUTY=0
HEAT_3_TEMP=33
HEAT_3_DUTY=0
HEAT_4_TEMP=38
HEAT_4_DUTY=100

[21:05:09.415 EBOX]
TS=1786203800.874
V_SENSE5=1.171875
V_SENSE9=0.0390625
V_SENSE12=0.12939453125
ADC_V5=4.84100341796875
ADC_V9=9.0447998046875
ADC_V12=11.88568115234375
ADC_V28=27.51495361328125
THERMAL_SENS_OUT_1=34
THERMAL_SENS_OUT_2=-50
THERMAL_SENS_OUT_3=35
THERMAL_SENS_OUT_4=32
THERMAL_SENS_OUT_5=39
THERMAL_SENS_OUT_6=-50
THERMAL_SENS_INT_1=26
THERMAL_SENS_INT_2=31
PG_5=0
PG_9=0
PG_12=0
FLT_P2=0
FLT_P3=0
HEAT_1_TEMP=34
HEAT_1_DUTY=0
HEAT_2_TEMP=35
HEAT_2_DUTY=0
HEAT_3_TEMP=32
HEAT_3_DUTY=0
HEAT_4_TEMP=39
HEAT_4_DUTY=100

[21:05:09.873 EBOX]
TS=1786203801.402
V_SENSE5=1.17431640625
V_SENSE9=0.0341796875
V_SENSE12=0.1171875
ADC_V5=4.96490478515625
ADC_V9=8.814697265625
ADC_V12=11.83258056640625
ADC_V28=27.14324951171875
THERMAL_SENS_OUT_1=33
THERMAL_SENS_OUT_2=-50
THERMAL_SENS_OUT_3=32
THERMAL_SENS_OUT_4=37
THERMAL_SENS_OUT_5=36
THERMAL_SENS_OUT_6=-50
THERMAL_SENS_INT_1=26
THERMAL_SENS_INT_2=32
PG_5=0
PG_9=0
PG_12=0
FLT_P2=0
FLT_P3=0
HEAT_1_TEMP=33
HEAT_1_DUTY=100
HEAT_2_TEMP=32
HEAT_2_DUTY=0
HEAT_3_TEMP=37
HEAT_3_DUTY=0
HEAT_4_TEMP=36
HEAT_4_DUTY=0

[21:05:10.481 EBOX]
TS=1786203801.928
V_SENSE5=1.26953125
V_SENSE9=0.0390625
V_SENSE12=0.146484375
ADC_V5=4.9560546875
ADC_V9=9.12445068359375
ADC_V12=11.9476318359375
ADC_V28=27.39990234375
THERMAL_SENS_OUT_1=33
THERMAL_SENS_OUT_2=-50
THERMAL_SENS_OUT_3=33
THERMAL_SENS_OUT_4=31
THERMAL_SENS_OUT_5=38
THERMAL_SENS_OUT_6=-50
THERMAL_SENS_INT_1=27
THERMAL_SENS_INT_2=27
PG_5=0
PG_9=0
PG_12=0
FLT_P2=0
FLT_P3=0
HEAT_1_TEMP=33
HEAT_1_DUTY=100
HEAT_2_TEMP=33
HEAT_2_DUTY=0
HEAT_3_TEMP=31
HEAT_3_DUTY=0
HEAT_4_TEMP=38
HEAT_4_DUTY=0

[21:05:10.928 EBOX]
TS=1786203802.348
V_SENSE5=1.1474609375
V_SENSE9=0.0341796875
V_SENSE12=0.1171875
ADC_V5=4.849853515625
ADC_V9=9.1864013671875
ADC_V12=11.60247802734375
ADC_V28=28.11676025390625
THERMAL_SENS_OUT_1=35
THERMAL_SENS_OUT_2=-50
THERMAL_SENS_OUT_3=31
THERMAL_SENS_OUT_4=36
THERMAL_SENS_OUT_5=35
THERMAL_SENS_OUT_6=-50
THERMAL_SENS_INT_1=25
THERMAL_SENS_INT_2=30
PG_5=0
PG_9=0
PG_12=0
FLT_P2=0
FLT_P3=0
HEAT_1_TEMP=35
HEAT_1_DUTY=0
HEAT_2_TEMP=31
HEAT_2_DUTY=100
HEAT_3_TEMP=36
HEAT_3_DUTY=0
HEAT_4_TEMP=35
HEAT_4_DUTY=0

[21:05:11.503 EBOX]
TS=1786203802.877
V_SENSE5=1.17919921875
V_SENSE9=0.0390625
V_SENSE12=0.12939453125
ADC_V5=4.98260498046875
ADC_V9=9.41650390625
ADC_V12=11.5228271484375
ADC_V28=28.1256103515625
THERMAL_SENS_OUT_1=33
THERMAL_SENS_OUT_2=-50
THERMAL_SENS_OUT_3=34
THERMAL_SENS_OUT_4=36
THERMAL_SENS_OUT_5=35
THERMAL_SENS_OUT_6=-50
THERMAL_SENS_INT_1=28
THERMAL_SENS_INT_2=32
PG_5=0
PG_9=0
PG_12=0
FLT_P2=0
FLT_P3=0
HEAT_1_TEMP=33
HEAT_1_DUTY=0
HEAT_2_TEMP=34
HEAT_2_DUTY=100
HEAT_3_TEMP=36
HEAT_3_DUTY=0
HEAT_4_TEMP=35
HEAT_4_DUTY=0

[21:05:11.958 EBOX]
TS=1786203803.398
V_SENSE5=1.181640625
V_SENSE9=0.0390625
V_SENSE12=0.1416015625
ADC_V5=4.991455078125
ADC_V9=9.21295166015625
ADC_V12=11.95648193359375
ADC_V28=27.81585693359375
THERMAL_SENS_OUT_1=37
THERMAL_SENS_OUT_2=-50
THERMAL_SENS_OUT_3=36
THERMAL_SENS_OUT_4=32
THERMAL_SENS_OUT_5=40
THERMAL_SENS_OUT_6=-50
THERMAL_SENS_INT_1=30
THERMAL_SENS_INT_2=28
PG_5=0
PG_9=0
PG_12=0
FLT_P2=0
FLT_P3=0
HEAT_1_TEMP=37
HEAT_1_DUTY=0
HEAT_2_TEMP=36
HEAT_2_DUTY=0
HEAT_3_TEMP=32
HEAT_3_DUTY=100
HEAT_4_TEMP=40
HEAT_4_DUTY=0

[21:05:12.503 EBOX]
TS=1786203803.926
V_SENSE5=1.15478515625
V_SENSE9=0.0390625
V_SENSE12=0.14892578125
ADC_V5=4.82330322265625
ADC_V9=8.6907958984375
ADC_V12=11.54937744140625
ADC_V28=27.23175048828125
THERMAL_SENS_OUT_1=33
THERMAL_SENS_OUT_2=-50
THERMAL_SENS_OUT_3=33
THERMAL_SENS_OUT_4=36
THERMAL_SENS_OUT_5=36
THERMAL_SENS_OUT_6=-50
THERMAL_SENS_INT_1=27
THERMAL_SENS_INT_2=32
PG_5=0
PG_9=0
PG_12=0
FLT_P2=0
FLT_P3=0
HEAT_1_TEMP=33
HEAT_1_DUTY=0
HEAT_2_TEMP=33
HEAT_2_DUTY=0
HEAT_3_TEMP=36
HEAT_3_DUTY=0
HEAT_4_TEMP=36
HEAT_4_DUTY=100

[21:05:13.047 EBOX]
TS=1786203804.452
V_SENSE5=1.19140625
V_SENSE9=0.0390625
V_SENSE12=0.11474609375
ADC_V5=4.88525390625
ADC_V9=9.21295166015625
ADC_V12=11.58477783203125
ADC_V28=27.9132080078125
THERMAL_SENS_OUT_1=38
THERMAL_SENS_OUT_2=-50
THERMAL_SENS_OUT_3=30
THERMAL_SENS_OUT_4=34
THERMAL_SENS_OUT_5=36
THERMAL_SENS_OUT_6=-50
THERMAL_SENS_INT_1=27
THERMAL_SENS_INT_2=26
PG_5=0
PG_9=0
PG_12=0
FLT_P2=0
FLT_P3=0
HEAT_1_TEMP=38
HEAT_1_DUTY=0
HEAT_2_TEMP=30
HEAT_2_DUTY=0
HEAT_3_TEMP=34
HEAT_3_DUTY=0
HEAT_4_TEMP=36
HEAT_4_DUTY=100

[21:05:13.595 EBOX]
TS=1786203804.979
V_SENSE5=1.17431640625
V_SENSE9=0.0390625
V_SENSE12=0.11962890625
ADC_V5=4.98260498046875
ADC_V9=9.28375244140625
ADC_V12=11.83258056640625
ADC_V28=27.17864990234375
THERMAL_SENS_OUT_1=32
THERMAL_SENS_OUT_2=-50
THERMAL_SENS_OUT_3=31
THERMAL_SENS_OUT_4=35
THERMAL_SENS_OUT_5=34
THERMAL_SENS_OUT_6=-50
THERMAL_SENS_INT_1=27
THERMAL_SENS_INT_2=26
PG_5=0
PG_9=0
PG_12=0
FLT_P2=0
FLT_P3=0
HEAT_1_TEMP=32
HEAT_1_DUTY=100
HEAT_2_TEMP=31
HEAT_2_DUTY=0
HEAT_3_TEMP=35
HEAT_3_DUTY=0
HEAT_4_TEMP=34
HEAT_4_DUTY=0

[21:05:14.031 EBOX]
TS=1786203805.502
V_SENSE5=1.1572265625
V_SENSE9=0.03662109375
V_SENSE12=0.1171875
ADC_V5=4.85870361328125
ADC_V9=9.21295166015625
ADC_V12=11.6644287109375
ADC_V28=27.78045654296875
THERMAL_SENS_OUT_1=36
THERMAL_SENS_OUT_2=-50
THERMAL_SENS_OUT_3=33
THERMAL_SENS_OUT_4=33
THERMAL_SENS_OUT_5=39
THERMAL_SENS_OUT_6=-50
THERMAL_SENS_INT_1=25
THERMAL_SENS_INT_2=29
PG_5=0
PG_9=0
PG_12=0
FLT_P2=0
FLT_P3=0
HEAT_1_TEMP=36
HEAT_1_DUTY=100
HEAT_2_TEMP=33
HEAT_2_DUTY=0
HEAT_3_TEMP=33
HEAT_3_DUTY=0
HEAT_4_TEMP=39
HEAT_4_DUTY=0

[21:05:14.566 EBOX]
TS=1786203806.022
V_SENSE5=1.23291015625
V_SENSE9=2.96630859375
V_SENSE12=0.2392578125
ADC_V5=4.9383544921875
ADC_V9=9.381103515625
ADC_V12=11.56707763671875
ADC_V28=27.58575439453125
THERMAL_SENS_OUT_1=38
THERMAL_SENS_OUT_2=-50
THERMAL_SENS_OUT_3=31
THERMAL_SENS_OUT_4=36
THERMAL_SENS_OUT_5=36
THERMAL_SENS_OUT_6=-50
THERMAL_SENS_INT_1=24
THERMAL_SENS_INT_2=28
PG_5=0
PG_9=0
PG_12=0
FLT_P2=0
FLT_P3=0
HEAT_1_TEMP=38
HEAT_1_DUTY=0
HEAT_2_TEMP=31
HEAT_2_DUTY=100
HEAT_3_TEMP=36
HEAT_3_DUTY=0
HEAT_4_TEMP=36
HEAT_4_DUTY=0

[21:05:15.150 EBOX]
TS=1786203806.550
V_SENSE5=1.17919921875
V_SENSE9=0.04150390625
V_SENSE12=0.1123046875
ADC_V5=4.89410400390625
ADC_V9=9.27490234375
ADC_V12=11.929931640625
ADC_V28=27.88665771484375
THERMAL_SENS_OUT_1=35
THERMAL_SENS_OUT_2=-50
THERMAL_SENS_OUT_3=31
THERMAL_SENS_OUT_4=34
THERMAL_SENS_OUT_5=39
THERMAL_SENS_OUT_6=-50
THERMAL_SENS_INT_1=27
THERMAL_SENS_INT_2=32
PG_5=0
PG_9=0
PG_12=0
FLT_P2=0
FLT_P3=0
HEAT_1_TEMP=35
HEAT_1_DUTY=0
HEAT_2_TEMP=31
HEAT_2_DUTY=100
HEAT_3_TEMP=34
HEAT_3_DUTY=0
HEAT_4_TEMP=39
HEAT_4_DUTY=0

[21:05:15.693 EBOX]
TS=1786203807.076
V_SENSE5=0.71533203125
V_SENSE9=1.171875
V_SENSE12=0.15380859375
ADC_V5=4.88525390625
ADC_V9=9.3634033203125
ADC_V12=11.49627685546875
ADC_V28=27.56805419921875
THERMAL_SENS_OUT_1=37
THERMAL_SENS_OUT_2=-50
THERMAL_SENS_OUT_3=37
THERMAL_SENS_OUT_4=33
THERMAL_SENS_OUT_5=39
THERMAL_SENS_OUT_6=-50
THERMAL_SENS_INT_1=30
THERMAL_SENS_INT_2=28
PG_5=0
PG_9=0
PG_12=0
FLT_P2=0
FLT_P3=0
HEAT_1_TEMP=37
HEAT_1_DUTY=0
HEAT_2_TEMP=37
HEAT_2_DUTY=0
HEAT_3_TEMP=33
HEAT_3_DUTY=100
HEAT_4_TEMP=39
HEAT_4_DUTY=0

[21:05:16.131 EBOX]
TS=1786203807.603
V_SENSE5=1.14013671875
V_SENSE9=0.03662109375
V_SENSE12=0.13671875
ADC_V5=4.991455078125
ADC_V9=9.33685302734375
ADC_V12=11.53167724609375
ADC_V28=27.2052001953125
THERMAL_SENS_OUT_1=33
THERMAL_SENS_OUT_2=-50
THERMAL_SENS_OUT_3=32
THERMAL_SENS_OUT_4=34
THERMAL_SENS_OUT_5=39
THERMAL_SENS_OUT_6=-50
THERMAL_SENS_INT_1=25
THERMAL_SENS_INT_2=26
PG_5=0
PG_9=0
PG_12=0
FLT_P2=0
FLT_P3=0
HEAT_1_TEMP=33
HEAT_1_DUTY=0
HEAT_2_TEMP=32
HEAT_2_DUTY=0
HEAT_3_TEMP=34
HEAT_3_DUTY=100
HEAT_4_TEMP=39
HEAT_4_DUTY=0

[21:05:16.695 EBOX]
TS=1786203808.130
V_SENSE5=1.19873046875
V_SENSE9=0.0390625
V_SENSE12=0.1318359375
ADC_V5=4.82330322265625
ADC_V9=9.92095947265625
ADC_V12=11.717529296875
ADC_V28=27.11669921875
THERMAL_SENS_OUT_1=33
THERMAL_SENS_OUT_2=-50
THERMAL_SENS_OUT_3=32
THERMAL_SENS_OUT_4=37
THERMAL_SENS_OUT_5=36
THERMAL_SENS_OUT_6=-50
THERMAL_SENS_INT_1=29
THERMAL_SENS_INT_2=26
PG_5=0
PG_9=0
PG_12=0
FLT_P2=0
FLT_P3=0
HEAT_1_TEMP=33
HEAT_1_DUTY=0
HEAT_2_TEMP=32
HEAT_2_DUTY=0
HEAT_3_TEMP=37
HEAT_3_DUTY=0
HEAT_4_TEMP=36
HEAT_4_DUTY=100

[21:05:17.291 EBOX]
TS=1786203808.656
V_SENSE5=1.162109375
V_SENSE9=0.03662109375
V_SENSE12=0.126953125
ADC_V5=4.82330322265625
ADC_V9=9.46075439453125
ADC_V12=11.88568115234375
ADC_V28=27.222900390625
THERMAL_SENS_OUT_1=33
THERMAL_SENS_OUT_2=-50
THERMAL_SENS_OUT_3=32
THERMAL_SENS_OUT_4=37
THERMAL_SENS_OUT_5=37
THERMAL_SENS_OUT_6=-50
THERMAL_SENS_INT_1=25
THERMAL_SENS_INT_2=33
PG_5=0
PG_9=0
PG_12=0
FLT_P2=0
FLT_P3=0
HEAT_1_TEMP=33
HEAT_1_DUTY=0
HEAT_2_TEMP=32
HEAT_2_DUTY=0
HEAT_3_TEMP=37
HEAT_3_DUTY=0
HEAT_4_TEMP=37
HEAT_4_DUTY=100

[21:05:17.740 EBOX]
TS=1786203809.183
V_SENSE5=1.1328125
V_SENSE9=0.07568359375
V_SENSE12=0.13671875
ADC_V5=5.0091552734375
ADC_V9=9.03594970703125
ADC_V12=11.89453125
ADC_V28=27.2052001953125
THERMAL_SENS_OUT_1=33
THERMAL_SENS_OUT_2=-50
THERMAL_SENS_OUT_3=31
THERMAL_SENS_OUT_4=36
THERMAL_SENS_OUT_5=36
THERMAL_SENS_OUT_6=-50
THERMAL_SENS_INT_1=26
THERMAL_SENS_INT_2=30
PG_5=0
PG_9=0
PG_12=0
FLT_P2=0
FLT_P3=0
HEAT_1_TEMP=33
HEAT_1_DUTY=100
HEAT_2_TEMP=31
HEAT_2_DUTY=0
HEAT_3_TEMP=36
HEAT_3_DUTY=0
HEAT_4_TEMP=36
HEAT_4_DUTY=0

[21:05:18.185 EBOX]
TS=1786203809.710
V_SENSE5=1.15478515625
V_SENSE9=0.03662109375
V_SENSE12=0.13671875
ADC_V5=4.87640380859375
ADC_V9=9.522705078125
ADC_V12=11.49627685546875
ADC_V28=27.4884033203125
THERMAL_SENS_OUT_1=32
THERMAL_SENS_OUT_2=-50
THERMAL_SENS_OUT_3=32
THERMAL_SENS_OUT_4=37
THERMAL_SENS_OUT_5=36
THERMAL_SENS_OUT_6=-50
THERMAL_SENS_INT_1=30
THERMAL_SENS_INT_2=28
PG_5=0
PG_9=0
PG_12=0
FLT_P2=0
FLT_P3=0
HEAT_1_TEMP=32
HEAT_1_DUTY=100
HEAT_2_TEMP=32
HEAT_2_DUTY=0
HEAT_3_TEMP=37
HEAT_3_DUTY=0
HEAT_4_TEMP=36
HEAT_4_DUTY=0

[21:05:18.740 EBOX]
TS=1786203810.237
V_SENSE5=1.16455078125
V_SENSE9=0.04638671875
V_SENSE12=0.11474609375
ADC_V5=4.87640380859375
ADC_V9=9.12445068359375
ADC_V12=11.4874267578125
ADC_V28=27.67425537109375
THERMAL_SENS_OUT_1=32
THERMAL_SENS_OUT_2=-50
THERMAL_SENS_OUT_3=31
THERMAL_SENS_OUT_4=36
THERMAL_SENS_OUT_5=36
THERMAL_SENS_OUT_6=-50
THERMAL_SENS_INT_1=27
THERMAL_SENS_INT_2=28
PG_5=0
PG_9=0
PG_12=0
FLT_P2=0
FLT_P3=0
HEAT_1_TEMP=32
HEAT_1_DUTY=0
HEAT_2_TEMP=31
HEAT_2_DUTY=100
HEAT_3_TEMP=36
HEAT_3_DUTY=0
HEAT_4_TEMP=36
HEAT_4_DUTY=0

[21:05:19.288 EBOX]
TS=1786203810.763
V_SENSE5=1.17919921875
V_SENSE9=0.03662109375
V_SENSE12=0.1123046875
ADC_V5=4.96490478515625
ADC_V9=9.24835205078125
ADC_V12=11.7706298828125
ADC_V28=27.789306640625
THERMAL_SENS_OUT_1=35
THERMAL_SENS_OUT_2=-50
THERMAL_SENS_OUT_3=35
THERMAL_SENS_OUT_4=32
THERMAL_SENS_OUT_5=40
THERMAL_SENS_OUT_6=-50
THERMAL_SENS_INT_1=24
THERMAL_SENS_INT_2=27
PG_5=0
PG_9=0
PG_12=0
FLT_P2=0
FLT_P3=0
HEAT_1_TEMP=35
HEAT_1_DUTY=0
HEAT_2_TEMP=35
HEAT_2_DUTY=100
HEAT_3_TEMP=32
HEAT_3_DUTY=0
HEAT_4_TEMP=40
HEAT_4_DUTY=0

[21:05:19.844 EBOX]
TS=1786203811.290
V_SENSE5=1.20849609375
V_SENSE9=0.03662109375
V_SENSE12=0.13916015625
ADC_V5=5.0091552734375
ADC_V9=9.14215087890625
ADC_V12=11.93878173828125
ADC_V28=27.35565185546875
THERMAL_SENS_OUT_1=33
THERMAL_SENS_OUT_2=-50
THERMAL_SENS_OUT_3=33
THERMAL_SENS_OUT_4=31
THERMAL_SENS_OUT_5=36
THERMAL_SENS_OUT_6=-50
THERMAL_SENS_INT_1=27
THERMAL_SENS_INT_2=30
PG_5=0
PG_9=0
PG_12=0
FLT_P2=0
FLT_P3=0
HEAT_1_TEMP=33
HEAT_1_DUTY=0
HEAT_2_TEMP=33
HEAT_2_DUTY=0
HEAT_3_TEMP=31
HEAT_3_DUTY=100
HEAT_4_TEMP=36
HEAT_4_DUTY=0

[21:05:20.292 EBOX]
TS=1786203811.816
V_SENSE5=1.15234375
V_SENSE9=0.03662109375
V_SENSE12=0.14892578125
ADC_V5=4.9560546875
ADC_V9=8.9739990234375
ADC_V12=11.5228271484375
ADC_V28=27.7362060546875
THERMAL_SENS_OUT_1=33
THERMAL_SENS_OUT_2=-50
THERMAL_SENS_OUT_3=33
THERMAL_SENS_OUT_4=34
THERMAL_SENS_OUT_5=35
THERMAL_SENS_OUT_6=-50
THERMAL_SENS_INT_1=28
THERMAL_SENS_INT_2=26
PG_5=0
PG_9=0
PG_12=0
FLT_P2=0
FLT_P3=0
HEAT_1_TEMP=33
HEAT_1_DUTY=0
HEAT_2_TEMP=33
HEAT_2_DUTY=0
HEAT_3_TEMP=34
HEAT_3_DUTY=100
HEAT_4_TEMP=35
HEAT_4_DUTY=0

[21:07:31.348 EBOX]
TS=1786203941.824
V_SENSE5=1.1865234375
V_SENSE9=0.03662109375
V_SENSE12=0.14404296875
ADC_V5=4.96490478515625
ADC_V9=8.885498046875
ADC_V12=11.8060302734375
ADC_V28=27.47955322265625
THERMAL_SENS_OUT_1=29
THERMAL_SENS_OUT_2=-50
THERMAL_SENS_OUT_3=29
THERMAL_SENS_OUT_4=34
THERMAL_SENS_OUT_5=30
THERMAL_SENS_OUT_6=-50
THERMAL_SENS_INT_1=27
THERMAL_SENS_INT_2=29
PG_5=0
PG_9=0
PG_12=0
FLT_P2=0
FLT_P3=0
HEAT_1_TEMP=29
HEAT_1_DUTY=0
HEAT_2_TEMP=29
HEAT_2_DUTY=0
HEAT_3_TEMP=34
HEAT_3_DUTY=0
HEAT_4_TEMP=30
HEAT_4_DUTY=0

[21:07:33.336 EBOX]
TS=1786203943.832
V_SENSE5=1.15478515625
V_SENSE9=0.0390625
V_SENSE12=0.10986328125
ADC_V5=5.0091552734375
ADC_V9=9.55810546875
ADC_V12=11.77947998046875
ADC_V28=27.39990234375
THERMAL_SENS_OUT_1=32
THERMAL_SENS_OUT_2=-50
THERMAL_SENS_OUT_3=30
THERMAL_SENS_OUT_4=34
THERMAL_SENS_OUT_5=32
THERMAL_SENS_OUT_6=-50
THERMAL_SENS_INT_1=30
THERMAL_SENS_INT_2=28
PG_5=0
PG_9=0
PG_12=0
FLT_P2=0
FLT_P3=0
HEAT_1_TEMP=32
HEAT_1_DUTY=0
HEAT_2_TEMP=30
HEAT_2_DUTY=0
HEAT_3_TEMP=34
HEAT_3_DUTY=0
HEAT_4_TEMP=32
HEAT_4_DUTY=0

[21:07:33.778 EBOX]
TS=1786203943.832
V_SENSE5=1.15478515625
V_SENSE9=0.0390625
V_SENSE12=0.10986328125
ADC_V5=5.0091552734375
ADC_V9=9.55810546875
ADC_V12=11.77947998046875
ADC_V28=27.39990234375
THERMAL_SENS_OUT_1=32
THERMAL_SENS_OUT_2=-50
THERMAL_SENS_OUT_3=30
THERMAL_SENS_OUT_4=34
THERMAL_SENS_OUT_5=32
THERMAL_SENS_OUT_6=-50
THERMAL_SENS_INT_1=30
THERMAL_SENS_INT_2=28
PG_5=0
PG_9=0
PG_12=0
FLT_P2=0
FLT_P3=0
HEAT_1_TEMP=32
HEAT_1_DUTY=0
HEAT_2_TEMP=30
HEAT_2_DUTY=50
HEAT_3_TEMP=34
HEAT_3_DUTY=0
HEAT_4_TEMP=32
HEAT_4_DUTY=0

[21:07:34.331 EBOX]
TS=1786203945.835
V_SENSE5=1.22802734375
V_SENSE9=0.03662109375
V_SENSE12=0.13671875
ADC_V5=5.08880615234375
ADC_V9=8.94744873046875
ADC_V12=11.56707763671875
ADC_V28=27.86895751953125
THERMAL_SENS_OUT_1=36
THERMAL_SENS_OUT_2=-50
THERMAL_SENS_OUT_3=33
THERMAL_SENS_OUT_4=30
THERMAL_SENS_OUT_5=32
THERMAL_SENS_OUT_6=-50
THERMAL_SENS_INT_1=29
THERMAL_SENS_INT_2=30
PG_5=0
PG_9=0
PG_12=0
FLT_P2=0
FLT_P3=0
HEAT_1_TEMP=36
HEAT_1_DUTY=0
HEAT_2_TEMP=33
HEAT_2_DUTY=50
HEAT_3_TEMP=30
HEAT_3_DUTY=0
HEAT_4_TEMP=32
HEAT_4_DUTY=0

[21:07:34.894 EBOX]
TS=1786203946.361
V_SENSE5=1.1474609375
V_SENSE9=1.62109375
V_SENSE12=0.2099609375
ADC_V5=4.991455078125
ADC_V9=9.19525146484375
ADC_V12=11.9476318359375
ADC_V28=27.40875244140625
THERMAL_SENS_OUT_1=32
THERMAL_SENS_OUT_2=-50
THERMAL_SENS_OUT_3=31
THERMAL_SENS_OUT_4=35
THERMAL_SENS_OUT_5=33
THERMAL_SENS_OUT_6=-50
THERMAL_SENS_INT_1=25
THERMAL_SENS_INT_2=31
PG_5=0
PG_9=0
PG_12=0
FLT_P2=0
FLT_P3=0
HEAT_1_TEMP=32
HEAT_1_DUTY=0
HEAT_2_TEMP=31
HEAT_2_DUTY=0
HEAT_3_TEMP=35
HEAT_3_DUTY=50
HEAT_4_TEMP=33
HEAT_4_DUTY=0

[21:07:35.356 EBOX]
TS=1786203946.889
V_SENSE5=1.20849609375
V_SENSE9=0.0390625
V_SENSE12=0.126953125
ADC_V5=4.9737548828125
ADC_V9=9.12445068359375
ADC_V12=11.8060302734375
ADC_V28=27.5592041015625
THERMAL_SENS_OUT_1=32
THERMAL_SENS_OUT_2=-50
THERMAL_SENS_OUT_3=30
THERMAL_SENS_OUT_4=31
THERMAL_SENS_OUT_5=32
THERMAL_SENS_OUT_6=-50
THERMAL_SENS_INT_1=29
THERMAL_SENS_INT_2=27
PG_5=0
PG_9=0
PG_12=0
FLT_P2=0
FLT_P3=0
HEAT_1_TEMP=32
HEAT_1_DUTY=0
HEAT_2_TEMP=30
HEAT_2_DUTY=0
HEAT_3_TEMP=31
HEAT_3_DUTY=50
HEAT_4_TEMP=32
HEAT_4_DUTY=0

[21:07:35.893 EBOX]
TS=1786203947.415
V_SENSE5=1.48681640625
V_SENSE9=1.30615234375
V_SENSE12=0.166015625
ADC_V5=5.08880615234375
ADC_V9=9.381103515625
ADC_V12=12.00958251953125
ADC_V28=26.91314697265625
THERMAL_SENS_OUT_1=35
THERMAL_SENS_OUT_2=-50
THERMAL_SENS_OUT_3=33
THERMAL_SENS_OUT_4=33
THERMAL_SENS_OUT_5=37
THERMAL_SENS_OUT_6=-50
THERMAL_SENS_INT_1=27
THERMAL_SENS_INT_2=32
PG_5=0
PG_9=0
PG_12=0
FLT_P2=0
FLT_P3=0
HEAT_1_TEMP=35
HEAT_1_DUTY=0
HEAT_2_TEMP=33
HEAT_2_DUTY=0
HEAT_3_TEMP=33
HEAT_3_DUTY=0
HEAT_4_TEMP=37
HEAT_4_DUTY=50

[21:07:36.447 EBOX]
TS=1786203947.942
V_SENSE5=1.22802734375
V_SENSE9=0.0390625
V_SENSE12=0.14404296875
ADC_V5=4.85870361328125
ADC_V9=9.03594970703125
ADC_V12=11.5936279296875
ADC_V28=27.647705078125
THERMAL_SENS_OUT_1=32
THERMAL_SENS_OUT_2=-50
THERMAL_SENS_OUT_3=34
THERMAL_SENS_OUT_4=31
THERMAL_SENS_OUT_5=37
THERMAL_SENS_OUT_6=-50
THERMAL_SENS_INT_1=29
THERMAL_SENS_INT_2=27
PG_5=0
PG_9=0
PG_12=0
FLT_P2=0
FLT_P3=0
HEAT_1_TEMP=32
HEAT_1_DUTY=0
HEAT_2_TEMP=34
HEAT_2_DUTY=0
HEAT_3_TEMP=31
HEAT_3_DUTY=0
HEAT_4_TEMP=37
HEAT_4_DUTY=50

[21:07:36.988 EBOX]
TS=1786203948.468
V_SENSE5=0.7861328125
V_SENSE9=1.46240234375
V_SENSE12=0.30029296875
ADC_V5=4.98260498046875
ADC_V9=9.168701171875
ADC_V12=11.7529296875
ADC_V28=26.87774658203125
THERMAL_SENS_OUT_1=34
THERMAL_SENS_OUT_2=-50
THERMAL_SENS_OUT_3=31
THERMAL_SENS_OUT_4=36
THERMAL_SENS_OUT_5=34
THERMAL_SENS_OUT_6=-50
THERMAL_SENS_INT_1=26
THERMAL_SENS_INT_2=31
PG_5=0
PG_9=0
PG_12=0
FLT_P2=0
FLT_P3=0
HEAT_1_TEMP=34
HEAT_1_DUTY=50
HEAT_2_TEMP=31
HEAT_2_DUTY=0
HEAT_3_TEMP=36
HEAT_3_DUTY=0
HEAT_4_TEMP=34
HEAT_4_DUTY=0

[21:07:37.555 EBOX]
TS=1786203948.995
V_SENSE5=1.162109375
V_SENSE9=0.0341796875
V_SENSE12=0.107421875
ADC_V5=4.8675537109375
ADC_V9=9.097900390625
ADC_V12=11.56707763671875
ADC_V28=28.04595947265625
THERMAL_SENS_OUT_1=34
THERMAL_SENS_OUT_2=-50
THERMAL_SENS_OUT_3=32
THERMAL_SENS_OUT_4=31
THERMAL_SENS_OUT_5=38
THERMAL_SENS_OUT_6=-50
THERMAL_SENS_INT_1=29
THERMAL_SENS_INT_2=27
PG_5=0
PG_9=0
PG_12=0
FLT_P2=0
FLT_P3=0
HEAT_1_TEMP=34
HEAT_1_DUTY=50
HEAT_2_TEMP=32
HEAT_2_DUTY=0
HEAT_3_TEMP=31
HEAT_3_DUTY=0
HEAT_4_TEMP=38
HEAT_4_DUTY=0

[21:07:38.011 EBOX]
TS=1786203949.417
V_SENSE5=1.171875
V_SENSE9=0.0390625
V_SENSE12=0.13916015625
ADC_V5=5.0091552734375
ADC_V9=9.1864013671875
ADC_V12=11.89453125
ADC_V28=27.35565185546875
THERMAL_SENS_OUT_1=33
THERMAL_SENS_OUT_2=-50
THERMAL_SENS_OUT_3=32
THERMAL_SENS_OUT_4=32
THERMAL_SENS_OUT_5=36
THERMAL_SENS_OUT_6=-50
THERMAL_SENS_INT_1=30
THERMAL_SENS_INT_2=27
PG_5=0
PG_9=0
PG_12=0
FLT_P2=0
FLT_P3=0
HEAT_1_TEMP=33
HEAT_1_DUTY=0
HEAT_2_TEMP=32
HEAT_2_DUTY=0
HEAT_3_TEMP=32
HEAT_3_DUTY=0
HEAT_4_TEMP=36
HEAT_4_DUTY=0

[21:07:38.581 EBOX]
TS=1786203949.948
V_SENSE5=1.16455078125
V_SENSE9=0.0341796875
V_SENSE12=0.13671875
ADC_V5=4.82330322265625
ADC_V9=9.41650390625
ADC_V12=11.83258056640625
ADC_V28=27.11669921875
THERMAL_SENS_OUT_1=33
THERMAL_SENS_OUT_2=-50
THERMAL_SENS_OUT_3=31
THERMAL_SENS_OUT_4=35
THERMAL_SENS_OUT_5=34
THERMAL_SENS_OUT_6=-50
THERMAL_SENS_INT_1=25
THERMAL_SENS_INT_2=31
PG_5=0
PG_9=0
PG_12=0
FLT_P2=0
FLT_P3=0
HEAT_1_TEMP=33
HEAT_1_DUTY=0
HEAT_2_TEMP=31
HEAT_2_DUTY=0
HEAT_3_TEMP=35
HEAT_3_DUTY=0
HEAT_4_TEMP=34
HEAT_4_DUTY=0

[21:07:39.024 EBOX]
TS=1786203950.475
V_SENSE5=1.18408203125
V_SENSE9=0.0390625
V_SENSE12=0.11962890625
ADC_V5=4.9029541015625
ADC_V9=9.097900390625
ADC_V12=11.81488037109375
ADC_V28=28.04595947265625
THERMAL_SENS_OUT_1=36
THERMAL_SENS_OUT_2=-50
THERMAL_SENS_OUT_3=33
THERMAL_SENS_OUT_4=30
THERMAL_SENS_OUT_5=36
THERMAL_SENS_OUT_6=-50
THERMAL_SENS_INT_1=25
THERMAL_SENS_INT_2=31
PG_5=0
PG_9=0
PG_12=0
FLT_P2=0
FLT_P3=0
HEAT_1_TEMP=36
HEAT_1_DUTY=0
HEAT_2_TEMP=33
HEAT_2_DUTY=0
HEAT_3_TEMP=30
HEAT_3_DUTY=0
HEAT_4_TEMP=36
HEAT_4_DUTY=0

[21:07:39.566 EBOX]
TS=1786203951.002
V_SENSE5=1.1669921875
V_SENSE9=0.0390625
V_SENSE12=0.11474609375
ADC_V5=4.9383544921875
ADC_V9=9.30145263671875
ADC_V12=11.93878173828125
ADC_V28=27.60345458984375
THERMAL_SENS_OUT_1=32
THERMAL_SENS_OUT_2=-50
THERMAL_SENS_OUT_3=30
THERMAL_SENS_OUT_4=35
THERMAL_SENS_OUT_5=34
THERMAL_SENS_OUT_6=-50
THERMAL_SENS_INT_1=25
THERMAL_SENS_INT_2=31
PG_5=0
PG_9=0
PG_12=0
FLT_P2=0
FLT_P3=0
HEAT_1_TEMP=32
HEAT_1_DUTY=0
HEAT_2_TEMP=30
HEAT_2_DUTY=0
HEAT_3_TEMP=35
HEAT_3_DUTY=0
HEAT_4_TEMP=34
HEAT_4_DUTY=0

[21:07:40.136 EBOX]
TS=1786203951.524
V_SENSE5=1.162109375
V_SENSE9=0.03662109375
V_SENSE12=0.1513671875
ADC_V5=5.0091552734375
ADC_V9=9.0625
ADC_V12=12.02728271484375
ADC_V28=28.001708984375
THERMAL_SENS_OUT_1=34
THERMAL_SENS_OUT_2=-50
THERMAL_SENS_OUT_3=32
THERMAL_SENS_OUT_4=32
THERMAL_SENS_OUT_5=36
THERMAL_SENS_OUT_6=-50
THERMAL_SENS_INT_1=29
THERMAL_SENS_INT_2=27
PG_5=0
PG_9=0
PG_12=0
FLT_P2=0
FLT_P3=0
HEAT_1_TEMP=34
HEAT_1_DUTY=0
HEAT_2_TEMP=32
HEAT_2_DUTY=0
HEAT_3_TEMP=32
HEAT_3_DUTY=0
HEAT_4_TEMP=36
HEAT_4_DUTY=0

[21:07:40.693 EBOX]
TS=1786203952.050
V_SENSE5=1.11572265625
V_SENSE9=0.03662109375
V_SENSE12=0.1171875
ADC_V5=4.814453125
ADC_V9=9.3988037109375
ADC_V12=12.02728271484375
ADC_V28=27.4530029296875
THERMAL_SENS_OUT_1=31
THERMAL_SENS_OUT_2=-50
THERMAL_SENS_OUT_3=30
THERMAL_SENS_OUT_4=36
THERMAL_SENS_OUT_5=35
THERMAL_SENS_OUT_6=-50
THERMAL_SENS_INT_1=29
THERMAL_SENS_INT_2=26
PG_5=0
PG_9=0
PG_12=0
FLT_P2=0
FLT_P3=0
HEAT_1_TEMP=31
HEAT_1_DUTY=0
HEAT_2_TEMP=30
HEAT_2_DUTY=0
HEAT_3_TEMP=36
HEAT_3_DUTY=0
HEAT_4_TEMP=35
HEAT_4_DUTY=0

[21:07:41.134 EBOX]
TS=1786203952.577
V_SENSE5=1.1376953125
V_SENSE9=0.04150390625
V_SENSE12=0.13427734375
ADC_V5=4.9560546875
ADC_V9=8.92974853515625
ADC_V12=11.70867919921875
ADC_V28=27.8955078125
THERMAL_SENS_OUT_1=33
THERMAL_SENS_OUT_2=-50
THERMAL_SENS_OUT_3=32
THERMAL_SENS_OUT_4=33
THERMAL_SENS_OUT_5=34
THERMAL_SENS_OUT_6=-50
THERMAL_SENS_INT_1=26
THERMAL_SENS_INT_2=26
PG_5=0
PG_9=0
PG_12=0
FLT_P2=0
FLT_P3=0
HEAT_1_TEMP=33
HEAT_1_DUTY=0
HEAT_2_TEMP=32
HEAT_2_DUTY=0
HEAT_3_TEMP=33
HEAT_3_DUTY=0
HEAT_4_TEMP=34
HEAT_4_DUTY=0

[21:07:41.718 EBOX]
TS=1786203953.104
V_SENSE5=1.29638671875
V_SENSE9=1.6064453125
V_SENSE12=0.04638671875
ADC_V5=4.9029541015625
ADC_V9=9.58465576171875
ADC_V12=11.788330078125
ADC_V28=27.49725341796875
THERMAL_SENS_OUT_1=31
THERMAL_SENS_OUT_2=-50
THERMAL_SENS_OUT_3=31
THERMAL_SENS_OUT_4=31
THERMAL_SENS_OUT_5=38
THERMAL_SENS_OUT_6=-50
THERMAL_SENS_INT_1=26
THERMAL_SENS_INT_2=30
PG_5=0
PG_9=0
PG_12=0
FLT_P2=0
FLT_P3=0
HEAT_1_TEMP=31
HEAT_1_DUTY=0
HEAT_2_TEMP=31
HEAT_2_DUTY=50
HEAT_3_TEMP=31
HEAT_3_DUTY=0
HEAT_4_TEMP=38
HEAT_4_DUTY=0

[21:07:42.163 EBOX]
TS=1786203953.632
V_SENSE5=1.16455078125
V_SENSE9=0.03662109375
V_SENSE12=0.11962890625
ADC_V5=4.9560546875
ADC_V9=9.345703125
ADC_V12=11.8060302734375
ADC_V28=27.82470703125
THERMAL_SENS_OUT_1=34
THERMAL_SENS_OUT_2=-50
THERMAL_SENS_OUT_3=29
THERMAL_SENS_OUT_4=34
THERMAL_SENS_OUT_5=39
THERMAL_SENS_OUT_6=-50
THERMAL_SENS_INT_1=27
THERMAL_SENS_INT_2=32
PG_5=0
PG_9=0
PG_12=0
FLT_P2=0
FLT_P3=0
HEAT_1_TEMP=34
HEAT_1_DUTY=0
HEAT_2_TEMP=29
HEAT_2_DUTY=50
HEAT_3_TEMP=34
HEAT_3_DUTY=0
HEAT_4_TEMP=39
HEAT_4_DUTY=0

[21:07:42.719 EBOX]
TS=1786203954.160
V_SENSE5=1.65771484375
V_SENSE9=1.6796875
V_SENSE12=0.05126953125
ADC_V5=4.920654296875
ADC_V9=9.3280029296875
ADC_V12=11.72637939453125
ADC_V28=27.40875244140625
THERMAL_SENS_OUT_1=36
THERMAL_SENS_OUT_2=-50
THERMAL_SENS_OUT_3=32
THERMAL_SENS_OUT_4=36
THERMAL_SENS_OUT_5=33
THERMAL_SENS_OUT_6=-50
THERMAL_SENS_INT_1=29
THERMAL_SENS_INT_2=27
PG_5=0
PG_9=0
PG_12=0
FLT_P2=0
FLT_P3=0
HEAT_1_TEMP=36
HEAT_1_DUTY=0
HEAT_2_TEMP=32
HEAT_2_DUTY=0
HEAT_3_TEMP=36
HEAT_3_DUTY=50
HEAT_4_TEMP=33
HEAT_4_DUTY=0

[21:07:43.293 EBOX]
TS=1786203954.686
V_SENSE5=1.19873046875
V_SENSE9=0.03662109375
V_SENSE12=0.14404296875
ADC_V5=4.82330322265625
ADC_V9=9.40765380859375
ADC_V12=11.56707763671875
ADC_V28=27.96630859375
THERMAL_SENS_OUT_1=35
THERMAL_SENS_OUT_2=-50
THERMAL_SENS_OUT_3=33
THERMAL_SENS_OUT_4=30
THERMAL_SENS_OUT_5=36
THERMAL_SENS_OUT_6=-50
THERMAL_SENS_INT_1=24
THERMAL_SENS_INT_2=29
PG_5=0
PG_9=0
PG_12=0
FLT_P2=0
FLT_P3=0
HEAT_1_TEMP=35
HEAT_1_DUTY=0
HEAT_2_TEMP=33
HEAT_2_DUTY=0
HEAT_3_TEMP=30
HEAT_3_DUTY=50
HEAT_4_TEMP=36
HEAT_4_DUTY=0

[21:07:43.737 EBOX]
TS=1786203955.212
V_SENSE5=1.19140625
V_SENSE9=1.4306640625
V_SENSE12=0.28076171875
ADC_V5=4.98260498046875
ADC_V9=9.38995361328125
ADC_V12=11.74407958984375
ADC_V28=27.1875
THERMAL_SENS_OUT_1=33
THERMAL_SENS_OUT_2=-50
THERMAL_SENS_OUT_3=34
THERMAL_SENS_OUT_4=37
THERMAL_SENS_OUT_5=37
THERMAL_SENS_OUT_6=-50
THERMAL_SENS_INT_1=28
THERMAL_SENS_INT_2=28
PG_5=0
PG_9=0
PG_12=0
FLT_P2=0
FLT_P3=0
HEAT_1_TEMP=33
HEAT_1_DUTY=0
HEAT_2_TEMP=34
HEAT_2_DUTY=0
HEAT_3_TEMP=37
HEAT_3_DUTY=0
HEAT_4_TEMP=37
HEAT_4_DUTY=50

[21:07:44.283 EBOX]
TS=1786203955.739
V_SENSE5=1.23291015625
V_SENSE9=0.03662109375
V_SENSE12=0.1318359375
ADC_V5=4.87640380859375
ADC_V9=9.14215087890625
ADC_V12=11.505126953125
ADC_V28=27.8424072265625
THERMAL_SENS_OUT_1=36
THERMAL_SENS_OUT_2=-50
THERMAL_SENS_OUT_3=35
THERMAL_SENS_OUT_4=32
THERMAL_SENS_OUT_5=39
THERMAL_SENS_OUT_6=-50
THERMAL_SENS_INT_1=29
THERMAL_SENS_INT_2=27
PG_5=0
PG_9=0
PG_12=0
FLT_P2=0
FLT_P3=0
HEAT_1_TEMP=36
HEAT_1_DUTY=0
HEAT_2_TEMP=35
HEAT_2_DUTY=0
HEAT_3_TEMP=32
HEAT_3_DUTY=0
HEAT_4_TEMP=39
HEAT_4_DUTY=50

[21:07:44.737 EBOX]
TS=1786203956.266
V_SENSE5=1.00341796875
V_SENSE9=2.48779296875
V_SENSE12=0.31982421875
ADC_V5=4.8675537109375
ADC_V9=9.46075439453125
ADC_V12=11.5582275390625
ADC_V28=27.74505615234375
THERMAL_SENS_OUT_1=38
THERMAL_SENS_OUT_2=-50
THERMAL_SENS_OUT_3=36
THERMAL_SENS_OUT_4=33
THERMAL_SENS_OUT_5=35
THERMAL_SENS_OUT_6=-50
THERMAL_SENS_INT_1=26
THERMAL_SENS_INT_2=27
PG_5=0
PG_9=0
PG_12=0
FLT_P2=0
FLT_P3=0
HEAT_1_TEMP=38
HEAT_1_DUTY=50
HEAT_2_TEMP=36
HEAT_2_DUTY=0
HEAT_3_TEMP=33
HEAT_3_DUTY=0
HEAT_4_TEMP=35
HEAT_4_DUTY=0

[21:07:45.281 EBOX]
TS=1786203956.792
V_SENSE5=1.19140625
V_SENSE9=0.03662109375
V_SENSE12=0.13427734375
ADC_V5=4.94720458984375
ADC_V9=9.1510009765625
ADC_V12=11.95648193359375
ADC_V28=27.85125732421875
THERMAL_SENS_OUT_1=37
THERMAL_SENS_OUT_2=-50
THERMAL_SENS_OUT_3=35
THERMAL_SENS_OUT_4=32
THERMAL_SENS_OUT_5=40
THERMAL_SENS_OUT_6=-50
THERMAL_SENS_INT_1=30
THERMAL_SENS_INT_2=27
PG_5=0
PG_9=0
PG_12=0
FLT_P2=0
FLT_P3=0
HEAT_1_TEMP=37
HEAT_1_DUTY=50
HEAT_2_TEMP=35
HEAT_2_DUTY=0
HEAT_3_TEMP=32
HEAT_3_DUTY=0
HEAT_4_TEMP=40
HEAT_4_DUTY=0

[21:07:45.829 EBOX]
TS=1786203957.320
V_SENSE5=1.162109375
V_SENSE9=0.03662109375
V_SENSE12=0.107421875
ADC_V5=5.0091552734375
ADC_V9=9.3988037109375
ADC_V12=11.7706298828125
ADC_V28=27.17864990234375
THERMAL_SENS_OUT_1=33
THERMAL_SENS_OUT_2=-50
THERMAL_SENS_OUT_3=36
THERMAL_SENS_OUT_4=32
THERMAL_SENS_OUT_5=38
THERMAL_SENS_OUT_6=-50
THERMAL_SENS_INT_1=24
THERMAL_SENS_INT_2=26
PG_5=0
PG_9=0
PG_12=0
FLT_P2=0
FLT_P3=0
HEAT_1_TEMP=33
HEAT_1_DUTY=0
HEAT_2_TEMP=36
HEAT_2_DUTY=0
HEAT_3_TEMP=32
HEAT_3_DUTY=0
HEAT_4_TEMP=38
HEAT_4_DUTY=0

[21:07:46.374 EBOX]
TS=1786203957.847
V_SENSE5=1.1962890625
V_SENSE9=0.03662109375
V_SENSE12=0.126953125
ADC_V5=4.89410400390625
ADC_V9=8.99169921875
ADC_V12=11.646728515625
ADC_V28=27.49725341796875
THERMAL_SENS_OUT_1=33
THERMAL_SENS_OUT_2=-50
THERMAL_SENS_OUT_3=32
THERMAL_SENS_OUT_4=36
THERMAL_SENS_OUT_5=36
THERMAL_SENS_OUT_6=-50
THERMAL_SENS_INT_1=24
THERMAL_SENS_INT_2=28
PG_5=0
PG_9=0
PG_12=0
FLT_P2=0
FLT_P3=0
HEAT_1_TEMP=33
HEAT_1_DUTY=0
HEAT_2_TEMP=32
HEAT_2_DUTY=0
HEAT_3_TEMP=36
HEAT_3_DUTY=0
HEAT_4_TEMP=36
HEAT_4_DUTY=0

[21:07:46.831 EBOX]
TS=1786203958.373
V_SENSE5=1.220703125
V_SENSE9=0.0390625
V_SENSE12=0.1318359375
ADC_V5=4.991455078125
ADC_V9=9.4342041015625
ADC_V12=11.9122314453125
ADC_V28=27.96630859375
THERMAL_SENS_OUT_1=33
THERMAL_SENS_OUT_2=-50
THERMAL_SENS_OUT_3=35
THERMAL_SENS_OUT_4=33
THERMAL_SENS_OUT_5=38
THERMAL_SENS_OUT_6=-50
THERMAL_SENS_INT_1=29
THERMAL_SENS_INT_2=27
PG_5=0
PG_9=0
PG_12=0
FLT_P2=0
FLT_P3=0
HEAT_1_TEMP=33
HEAT_1_DUTY=0
HEAT_2_TEMP=35
HEAT_2_DUTY=0
HEAT_3_TEMP=33
HEAT_3_DUTY=0
HEAT_4_TEMP=38
HEAT_4_DUTY=0

[21:07:47.380 EBOX]
TS=1786203958.794
V_SENSE5=1.20849609375
V_SENSE9=0.0341796875
V_SENSE12=0.107421875
ADC_V5=4.85870361328125
ADC_V9=8.98284912109375
ADC_V12=11.70867919921875
ADC_V28=28.0548095703125
THERMAL_SENS_OUT_1=33
THERMAL_SENS_OUT_2=-50
THERMAL_SENS_OUT_3=31
THERMAL_SENS_OUT_4=37
THERMAL_SENS_OUT_5=35
THERMAL_SENS_OUT_6=-50
THERMAL_SENS_INT_1=30
THERMAL_SENS_INT_2=27
PG_5=0
PG_9=0
PG_12=0
FLT_P2=0
FLT_P3=0
HEAT_1_TEMP=33
HEAT_1_DUTY=0
HEAT_2_TEMP=31
HEAT_2_DUTY=0
HEAT_3_TEMP=37
HEAT_3_DUTY=0
HEAT_4_TEMP=35
HEAT_4_DUTY=0

[21:07:47.922 EBOX]
TS=1786203959.326
V_SENSE5=1.16943359375
V_SENSE9=0.03662109375
V_SENSE12=0.13916015625
ADC_V5=4.991455078125
ADC_V9=8.85009765625
ADC_V12=11.83258056640625
ADC_V28=27.12554931640625
THERMAL_SENS_OUT_1=33
THERMAL_SENS_OUT_2=-50
THERMAL_SENS_OUT_3=30
THERMAL_SENS_OUT_4=36
THERMAL_SENS_OUT_5=36
THERMAL_SENS_OUT_6=-50
THERMAL_SENS_INT_1=24
THERMAL_SENS_INT_2=31
PG_5=0
PG_9=0
PG_12=0
FLT_P2=0
FLT_P3=0
HEAT_1_TEMP=33
HEAT_1_DUTY=0
HEAT_2_TEMP=30
HEAT_2_DUTY=0
HEAT_3_TEMP=36
HEAT_3_DUTY=0
HEAT_4_TEMP=36
HEAT_4_DUTY=0

[21:07:48.471 EBOX]
TS=1786203959.853
V_SENSE5=1.15966796875
V_SENSE9=0.0341796875
V_SENSE12=0.1220703125
ADC_V5=4.96490478515625
ADC_V9=9.4696044921875
ADC_V12=11.60247802734375
ADC_V28=27.930908203125
THERMAL_SENS_OUT_1=38
THERMAL_SENS_OUT_2=-50
THERMAL_SENS_OUT_3=35
THERMAL_SENS_OUT_4=32
THERMAL_SENS_OUT_5=39
THERMAL_SENS_OUT_6=-50
THERMAL_SENS_INT_1=28
THERMAL_SENS_INT_2=29
PG_5=0
PG_9=0
PG_12=0
FLT_P2=0
FLT_P3=0
HEAT_1_TEMP=38
HEAT_1_DUTY=0
HEAT_2_TEMP=35
HEAT_2_DUTY=0
HEAT_3_TEMP=32
HEAT_3_DUTY=0
HEAT_4_TEMP=39
HEAT_4_DUTY=0

[21:07:49.059 EBOX]
TS=1786203960.380
V_SENSE5=1.162109375
V_SENSE9=0.03662109375
V_SENSE12=0.107421875
ADC_V5=4.849853515625
ADC_V9=9.14215087890625
ADC_V12=11.65557861328125
ADC_V28=28.06365966796875
THERMAL_SENS_OUT_1=36
THERMAL_SENS_OUT_2=-50
THERMAL_SENS_OUT_3=31
THERMAL_SENS_OUT_4=36
THERMAL_SENS_OUT_5=36
THERMAL_SENS_OUT_6=-50
THERMAL_SENS_INT_1=25
THERMAL_SENS_INT_2=31
PG_5=0
PG_9=0
PG_12=0
FLT_P2=0
FLT_P3=0
HEAT_1_TEMP=36
HEAT_1_DUTY=0
HEAT_2_TEMP=31
HEAT_2_DUTY=0
HEAT_3_TEMP=36
HEAT_3_DUTY=0
HEAT_4_TEMP=36
HEAT_4_DUTY=0

[21:07:49.542 EBOX]
TS=1786203960.902
V_SENSE5=1.142578125
V_SENSE9=0.0341796875
V_SENSE12=0.1171875
ADC_V5=4.82330322265625
ADC_V9=8.94744873046875
ADC_V12=11.60247802734375
ADC_V28=27.9486083984375
THERMAL_SENS_OUT_1=38
THERMAL_SENS_OUT_2=-50
THERMAL_SENS_OUT_3=31
THERMAL_SENS_OUT_4=37
THERMAL_SENS_OUT_5=37
THERMAL_SENS_OUT_6=-50
THERMAL_SENS_INT_1=31
THERMAL_SENS_INT_2=29
PG_5=0
PG_9=0
PG_12=0
FLT_P2=0
FLT_P3=0
HEAT_1_TEMP=38
HEAT_1_DUTY=0
HEAT_2_TEMP=31
HEAT_2_DUTY=0
HEAT_3_TEMP=37
HEAT_3_DUTY=0
HEAT_4_TEMP=37
HEAT_4_DUTY=0

[21:07:49.992 EBOX]
TS=1786203961.426
V_SENSE5=1.220703125
V_SENSE9=1.28662109375
V_SENSE12=0.166015625
ADC_V5=4.9383544921875
ADC_V9=9.3634033203125
ADC_V12=11.929931640625
ADC_V28=27.49725341796875
THERMAL_SENS_OUT_1=37
THERMAL_SENS_OUT_2=-50
THERMAL_SENS_OUT_3=35
THERMAL_SENS_OUT_4=32
THERMAL_SENS_OUT_5=40
THERMAL_SENS_OUT_6=-50
THERMAL_SENS_INT_1=25
THERMAL_SENS_INT_2=32
PG_5=0
PG_9=0
PG_12=0
FLT_P2=0
FLT_P3=0
HEAT_1_TEMP=37
HEAT_1_DUTY=0
HEAT_2_TEMP=35
HEAT_2_DUTY=50
HEAT_3_TEMP=32
HEAT_3_DUTY=0
HEAT_4_TEMP=40
HEAT_4_DUTY=0

[21:07:50.553 EBOX]
TS=1786203961.952
V_SENSE5=1.14501953125
V_SENSE9=0.03662109375
V_SENSE12=0.14892578125
ADC_V5=4.84100341796875
ADC_V9=9.35455322265625
ADC_V12=11.56707763671875
ADC_V28=27.930908203125
THERMAL_SENS_OUT_1=37
THERMAL_SENS_OUT_2=-50
THERMAL_SENS_OUT_3=35
THERMAL_SENS_OUT_4=32
THERMAL_SENS_OUT_5=40
THERMAL_SENS_OUT_6=-50
THERMAL_SENS_INT_1=29
THERMAL_SENS_INT_2=27
PG_5=0
PG_9=0
PG_12=0
FLT_P2=0
FLT_P3=0
HEAT_1_TEMP=37
HEAT_1_DUTY=0
HEAT_2_TEMP=35
HEAT_2_DUTY=0
HEAT_3_TEMP=32
HEAT_3_DUTY=50
HEAT_4_TEMP=40
HEAT_4_DUTY=0

[21:07:50.999 EBOX]
TS=1786203962.479
V_SENSE5=0.93505859375
V_SENSE9=2.109375
V_SENSE12=0.11474609375
ADC_V5=4.991455078125
ADC_V9=9.27490234375
ADC_V12=11.90338134765625
ADC_V28=27.14324951171875
THERMAL_SENS_OUT_1=33
THERMAL_SENS_OUT_2=-50
THERMAL_SENS_OUT_3=32
THERMAL_SENS_OUT_4=37
THERMAL_SENS_OUT_5=36
THERMAL_SENS_OUT_6=-50
THERMAL_SENS_INT_1=26
THERMAL_SENS_INT_2=31
PG_5=0
PG_9=0
PG_12=0
FLT_P2=0
FLT_P3=0
HEAT_1_TEMP=33
HEAT_1_DUTY=0
HEAT_2_TEMP=32
HEAT_2_DUTY=0
HEAT_3_TEMP=37
HEAT_3_DUTY=50
HEAT_4_TEMP=36
HEAT_4_DUTY=0

[21:07:51.543 EBOX]
TS=1786203963.002
V_SENSE5=1.1474609375
V_SENSE9=0.03662109375
V_SENSE12=0.107421875
ADC_V5=4.89410400390625
ADC_V9=9.0093994140625
ADC_V12=11.717529296875
ADC_V28=28.143310546875
THERMAL_SENS_OUT_1=31
THERMAL_SENS_OUT_2=-50
THERMAL_SENS_OUT_3=36
THERMAL_SENS_OUT_4=34
THERMAL_SENS_OUT_5=36
THERMAL_SENS_OUT_6=-50
THERMAL_SENS_INT_1=26
THERMAL_SENS_INT_2=30
PG_5=0
PG_9=0
PG_12=0
FLT_P2=0
FLT_P3=0
HEAT_1_TEMP=31
HEAT_1_DUTY=0
HEAT_2_TEMP=36
HEAT_2_DUTY=0
HEAT_3_TEMP=34
HEAT_3_DUTY=0
HEAT_4_TEMP=36
HEAT_4_DUTY=50

[21:07:52.108 EBOX]
TS=1786203963.529
V_SENSE5=1.14990234375
V_SENSE9=0.0390625
V_SENSE12=0.13671875
ADC_V5=4.92950439453125
ADC_V9=9.7705078125
ADC_V12=11.86798095703125
ADC_V28=27.8424072265625
THERMAL_SENS_OUT_1=38
THERMAL_SENS_OUT_2=-50
THERMAL_SENS_OUT_3=35
THERMAL_SENS_OUT_4=32
THERMAL_SENS_OUT_5=40
THERMAL_SENS_OUT_6=-50
THERMAL_SENS_INT_1=28
THERMAL_SENS_INT_2=32
PG_5=0
PG_9=0
PG_12=0
FLT_P2=0
FLT_P3=0
HEAT_1_TEMP=38
HEAT_1_DUTY=0
HEAT_2_TEMP=35
HEAT_2_DUTY=0
HEAT_3_TEMP=32
HEAT_3_DUTY=0
HEAT_4_TEMP=40
HEAT_4_DUTY=50

[21:07:52.560 EBOX]
TS=1786203964.056
V_SENSE5=0.8154296875
V_SENSE9=0.78857421875
V_SENSE12=0.34912109375
ADC_V5=4.9737548828125
ADC_V9=9.26605224609375
ADC_V12=11.92108154296875
ADC_V28=27.24945068359375
THERMAL_SENS_OUT_1=23
THERMAL_SENS_OUT_2=-50
THERMAL_SENS_OUT_3=31
THERMAL_SENS_OUT_4=36
THERMAL_SENS_OUT_5=37
THERMAL_SENS_OUT_6=-50
THERMAL_SENS_INT_1=26
THERMAL_SENS_INT_2=31
PG_5=0
PG_9=0
PG_12=0
FLT_P2=0
FLT_P3=0
HEAT_1_TEMP=23
HEAT_1_DUTY=50
HEAT_2_TEMP=31
HEAT_2_DUTY=0
HEAT_3_TEMP=36
HEAT_3_DUTY=0
HEAT_4_TEMP=37
HEAT_4_DUTY=0

[21:07:53.119 EBOX]
TS=1786203964.583
V_SENSE5=1.142578125
V_SENSE9=0.0390625
V_SENSE12=0.1171875
ADC_V5=4.814453125
ADC_V9=9.42535400390625
ADC_V12=11.6644287109375
ADC_V28=27.2760009765625
THERMAL_SENS_OUT_1=32
THERMAL_SENS_OUT_2=-50
THERMAL_SENS_OUT_3=32
THERMAL_SENS_OUT_4=37
THERMAL_SENS_OUT_5=39
THERMAL_SENS_OUT_6=-50
THERMAL_SENS_INT_1=28
THERMAL_SENS_INT_2=26
PG_5=0
PG_9=0
PG_12=0
FLT_P2=0
FLT_P3=0
HEAT_1_TEMP=32
HEAT_1_DUTY=50
HEAT_2_TEMP=32
HEAT_2_DUTY=0
HEAT_3_TEMP=37
HEAT_3_DUTY=0
HEAT_4_TEMP=39
HEAT_4_DUTY=0

[21:07:53.571 EBOX]
TS=1786203965.109
V_SENSE5=1.15234375
V_SENSE9=0.05615234375
V_SENSE12=0.1220703125
ADC_V5=4.9560546875
ADC_V9=9.027099609375
ADC_V12=11.81488037109375
ADC_V28=27.0635986328125
THERMAL_SENS_OUT_1=34
THERMAL_SENS_OUT_2=-50
THERMAL_SENS_OUT_3=32
THERMAL_SENS_OUT_4=37
THERMAL_SENS_OUT_5=38
THERMAL_SENS_OUT_6=-50
THERMAL_SENS_INT_1=25
THERMAL_SENS_INT_2=31
PG_5=0
PG_9=0
PG_12=0
FLT_P2=0
FLT_P3=0
HEAT_1_TEMP=34
HEAT_1_DUTY=0
HEAT_2_TEMP=32
HEAT_2_DUTY=0
HEAT_3_TEMP=37
HEAT_3_DUTY=0
HEAT_4_TEMP=38
HEAT_4_DUTY=0

[21:07:54.126 EBOX]
TS=1786203965.636
V_SENSE5=1.22802734375
V_SENSE9=0.0390625
V_SENSE12=0.107421875
ADC_V5=4.9383544921875
ADC_V9=9.19525146484375
ADC_V12=11.8414306640625
ADC_V28=27.17864990234375
THERMAL_SENS_OUT_1=33
THERMAL_SENS_OUT_2=-50
THERMAL_SENS_OUT_3=30
THERMAL_SENS_OUT_4=36
THERMAL_SENS_OUT_5=37
THERMAL_SENS_OUT_6=-50
THERMAL_SENS_INT_1=25
THERMAL_SENS_INT_2=30
PG_5=0
PG_9=0
PG_12=0
FLT_P2=0
FLT_P3=0
HEAT_1_TEMP=33
HEAT_1_DUTY=0
HEAT_2_TEMP=30
HEAT_2_DUTY=0
HEAT_3_TEMP=36
HEAT_3_DUTY=0
HEAT_4_TEMP=37
HEAT_4_DUTY=0

[21:07:54.679 EBOX]
TS=1786203966.163
V_SENSE5=1.1865234375
V_SENSE9=0.0146484375
V_SENSE12=0.14404296875
ADC_V5=4.9029541015625
ADC_V9=9.310302734375
ADC_V12=11.7352294921875
ADC_V28=28.04595947265625
THERMAL_SENS_OUT_1=33
THERMAL_SENS_OUT_2=-50
THERMAL_SENS_OUT_3=31
THERMAL_SENS_OUT_4=37
THERMAL_SENS_OUT_5=37
THERMAL_SENS_OUT_6=-50
THERMAL_SENS_INT_1=25
THERMAL_SENS_INT_2=31
PG_5=0
PG_9=0
PG_12=0
FLT_P2=0
FLT_P3=0
HEAT_1_TEMP=33
HEAT_1_DUTY=0
HEAT_2_TEMP=31
HEAT_2_DUTY=0
HEAT_3_TEMP=37
HEAT_3_DUTY=0
HEAT_4_TEMP=37
HEAT_4_DUTY=0

[21:07:55.237 EBOX]
TS=1786203966.690
V_SENSE5=1.181640625
V_SENSE9=0.0341796875
V_SENSE12=0.1220703125
ADC_V5=4.85870361328125
ADC_V9=9.345703125
ADC_V12=11.5582275390625
ADC_V28=27.95745849609375
THERMAL_SENS_OUT_1=37
THERMAL_SENS_OUT_2=-50
THERMAL_SENS_OUT_3=35
THERMAL_SENS_OUT_4=32
THERMAL_SENS_OUT_5=41
THERMAL_SENS_OUT_6=-50
THERMAL_SENS_INT_1=27
THERMAL_SENS_INT_2=26
PG_5=0
PG_9=0
PG_12=0
FLT_P2=0
FLT_P3=0
HEAT_1_TEMP=37
HEAT_1_DUTY=0
HEAT_2_TEMP=35
HEAT_2_DUTY=0
HEAT_3_TEMP=32
HEAT_3_DUTY=0
HEAT_4_TEMP=41
HEAT_4_DUTY=0

[21:07:55.731 EBOX]
TS=1786203967.214
V_SENSE5=1.16943359375
V_SENSE9=0.0341796875
V_SENSE12=0.107421875
ADC_V5=4.9737548828125
ADC_V9=8.75274658203125
ADC_V12=11.8414306640625
ADC_V28=27.25830078125
THERMAL_SENS_OUT_1=33
THERMAL_SENS_OUT_2=-50
THERMAL_SENS_OUT_3=32
THERMAL_SENS_OUT_4=36
THERMAL_SENS_OUT_5=36
THERMAL_SENS_OUT_6=-50
THERMAL_SENS_INT_1=26
THERMAL_SENS_INT_2=27
PG_5=0
PG_9=0
PG_12=0
FLT_P2=0
FLT_P3=0
HEAT_1_TEMP=33
HEAT_1_DUTY=0
HEAT_2_TEMP=32
HEAT_2_DUTY=0
HEAT_3_TEMP=36
HEAT_3_DUTY=0
HEAT_4_TEMP=36
HEAT_4_DUTY=0

[21:07:56.316 EBOX]
TS=1786203967.741
V_SENSE5=1.142578125
V_SENSE9=0.0341796875
V_SENSE12=0.12451171875
ADC_V5=4.84100341796875
ADC_V9=9.21295166015625
ADC_V12=11.68212890625
ADC_V28=28.001708984375
THERMAL_SENS_OUT_1=33
THERMAL_SENS_OUT_2=-50
THERMAL_SENS_OUT_3=32
THERMAL_SENS_OUT_4=37
THERMAL_SENS_OUT_5=38
THERMAL_SENS_OUT_6=-50
THERMAL_SENS_INT_1=27
THERMAL_SENS_INT_2=26
PG_5=0
PG_9=0
PG_12=0
FLT_P2=0
FLT_P3=0
HEAT_1_TEMP=33
HEAT_1_DUTY=0
HEAT_2_TEMP=32
HEAT_2_DUTY=0
HEAT_3_TEMP=37
HEAT_3_DUTY=0
HEAT_4_TEMP=38
HEAT_4_DUTY=0

[21:07:56.760 EBOX]
TS=1786203968.163
V_SENSE5=1.1865234375
V_SENSE9=0.0390625
V_SENSE12=0.1220703125
ADC_V5=4.84100341796875
ADC_V9=9.53155517578125
ADC_V12=11.46087646484375
ADC_V28=27.860107421875
THERMAL_SENS_OUT_1=39
THERMAL_SENS_OUT_2=-50
THERMAL_SENS_OUT_3=36
THERMAL_SENS_OUT_4=33
THERMAL_SENS_OUT_5=42
THERMAL_SENS_OUT_6=-50
THERMAL_SENS_INT_1=30
THERMAL_SENS_INT_2=28
PG_5=0
PG_9=0
PG_12=0
FLT_P2=0
FLT_P3=0
HEAT_1_TEMP=39
HEAT_1_DUTY=0
HEAT_2_TEMP=36
HEAT_2_DUTY=0
HEAT_3_TEMP=33
HEAT_3_DUTY=0
HEAT_4_TEMP=42
HEAT_4_DUTY=0

[21:07:57.302 EBOX]
TS=1786203968.694
V_SENSE5=1.1328125
V_SENSE9=0.0341796875
V_SENSE12=0.15380859375
ADC_V5=4.9560546875
ADC_V9=8.9031982421875
ADC_V12=11.51397705078125
ADC_V28=28.1256103515625
THERMAL_SENS_OUT_1=33
THERMAL_SENS_OUT_2=-50
THERMAL_SENS_OUT_3=36
THERMAL_SENS_OUT_4=37
THERMAL_SENS_OUT_5=37
THERMAL_SENS_OUT_6=-50
THERMAL_SENS_INT_1=27
THERMAL_SENS_INT_2=32
PG_5=0
PG_9=0
PG_12=0
FLT_P2=0
FLT_P3=0
HEAT_1_TEMP=33
HEAT_1_DUTY=0
HEAT_2_TEMP=36
HEAT_2_DUTY=0
HEAT_3_TEMP=37
HEAT_3_DUTY=0
HEAT_4_TEMP=37
HEAT_4_DUTY=0

[21:07:57.806 EBOX]
TS=1786203969.216
V_SENSE5=1.50146484375
V_SENSE9=2.03125
V_SENSE12=0.05126953125
ADC_V5=4.91180419921875
ADC_V9=9.19525146484375
ADC_V12=11.92108154296875
ADC_V28=27.4176025390625
THERMAL_SENS_OUT_1=33
THERMAL_SENS_OUT_2=-50
THERMAL_SENS_OUT_3=33
THERMAL_SENS_OUT_4=38
THERMAL_SENS_OUT_5=37
THERMAL_SENS_OUT_6=-50
THERMAL_SENS_INT_1=30
THERMAL_SENS_INT_2=26
PG_5=0
PG_9=0
PG_12=0
FLT_P2=0
FLT_P3=0
HEAT_1_TEMP=33
HEAT_1_DUTY=0
HEAT_2_TEMP=33
HEAT_2_DUTY=50
HEAT_3_TEMP=38
HEAT_3_DUTY=0
HEAT_4_TEMP=37
HEAT_4_DUTY=0

[21:07:58.395 EBOX]
TS=1786203969.742
V_SENSE5=1.1767578125
V_SENSE9=0.03662109375
V_SENSE12=0.13671875
ADC_V5=4.92950439453125
ADC_V9=9.097900390625
ADC_V12=11.7529296875
ADC_V28=27.33795166015625
THERMAL_SENS_OUT_1=33
THERMAL_SENS_OUT_2=-50
THERMAL_SENS_OUT_3=30
THERMAL_SENS_OUT_4=34
THERMAL_SENS_OUT_5=39
THERMAL_SENS_OUT_6=-50
THERMAL_SENS_INT_1=29
THERMAL_SENS_INT_2=27
PG_5=0
PG_9=0
PG_12=0
FLT_P2=0
FLT_P3=0
HEAT_1_TEMP=33
HEAT_1_DUTY=0
HEAT_2_TEMP=30
HEAT_2_DUTY=50
HEAT_3_TEMP=34
HEAT_3_DUTY=0
HEAT_4_TEMP=39
HEAT_4_DUTY=0

[21:07:58.844 EBOX]
TS=1786203970.269
V_SENSE5=0.703125
V_SENSE9=1.58935546875
V_SENSE12=0.02197265625
ADC_V5=4.91180419921875
ADC_V9=9.33685302734375
ADC_V12=11.8768310546875
ADC_V28=27.0989990234375
THERMAL_SENS_OUT_1=33
THERMAL_SENS_OUT_2=-50
THERMAL_SENS_OUT_3=33
THERMAL_SENS_OUT_4=34
THERMAL_SENS_OUT_5=41
THERMAL_SENS_OUT_6=-50
THERMAL_SENS_INT_1=28
THERMAL_SENS_INT_2=26
PG_5=0
PG_9=0
PG_12=0
FLT_P2=0
FLT_P3=0
HEAT_1_TEMP=33
HEAT_1_DUTY=0
HEAT_2_TEMP=33
HEAT_2_DUTY=0
HEAT_3_TEMP=34
HEAT_3_DUTY=50
HEAT_4_TEMP=41
HEAT_4_DUTY=0

[21:07:59.325 EBOX]
TS=1786203970.796
V_SENSE5=1.15478515625
V_SENSE9=0.0390625
V_SENSE12=0.1171875
ADC_V5=4.849853515625
ADC_V9=9.47845458984375
ADC_V12=11.8060302734375
ADC_V28=27.32025146484375
THERMAL_SENS_OUT_1=33
THERMAL_SENS_OUT_2=-50
THERMAL_SENS_OUT_3=30
THERMAL_SENS_OUT_4=33
THERMAL_SENS_OUT_5=41
THERMAL_SENS_OUT_6=-50
THERMAL_SENS_INT_1=30
THERMAL_SENS_INT_2=28
PG_5=0
PG_9=0
PG_12=0
FLT_P2=0
FLT_P3=0
HEAT_1_TEMP=33
HEAT_1_DUTY=0
HEAT_2_TEMP=30
HEAT_2_DUTY=0
HEAT_3_TEMP=33
HEAT_3_DUTY=50
HEAT_4_TEMP=41
HEAT_4_DUTY=0

[21:07:59.876 EBOX]
TS=1786203971.320
V_SENSE5=1.37939453125
V_SENSE9=2.568359375
V_SENSE12=0.3515625
ADC_V5=4.9737548828125
ADC_V9=9.1510009765625
ADC_V12=11.7529296875
ADC_V28=27.789306640625
THERMAL_SENS_OUT_1=35
THERMAL_SENS_OUT_2=-50
THERMAL_SENS_OUT_3=33
THERMAL_SENS_OUT_4=32
THERMAL_SENS_OUT_5=40
THERMAL_SENS_OUT_6=-50
THERMAL_SENS_INT_1=29
THERMAL_SENS_INT_2=27
PG_5=0
PG_9=0
PG_12=0
FLT_P2=0
FLT_P3=0
HEAT_1_TEMP=35
HEAT_1_DUTY=0
HEAT_2_TEMP=33
HEAT_2_DUTY=0
HEAT_3_TEMP=32
HEAT_3_DUTY=0
HEAT_4_TEMP=40
HEAT_4_DUTY=50

[21:08:00.419 EBOX]
TS=1786203971.847
V_SENSE5=1.17431640625
V_SENSE9=0.0390625
V_SENSE12=0.11962890625
ADC_V5=4.92950439453125
ADC_V9=9.42535400390625
ADC_V12=11.929931640625
ADC_V28=27.58575439453125
THERMAL_SENS_OUT_1=32
THERMAL_SENS_OUT_2=-50
THERMAL_SENS_OUT_3=36
THERMAL_SENS_OUT_4=34
THERMAL_SENS_OUT_5=42
THERMAL_SENS_OUT_6=-50
THERMAL_SENS_INT_1=29
THERMAL_SENS_INT_2=27
PG_5=0
PG_9=0
PG_12=0
FLT_P2=0
FLT_P3=0
HEAT_1_TEMP=32
HEAT_1_DUTY=0
HEAT_2_TEMP=36
HEAT_2_DUTY=0
HEAT_3_TEMP=34
HEAT_3_DUTY=0
HEAT_4_TEMP=42
HEAT_4_DUTY=50

[21:08:00.886 EBOX]
TS=1786203972.373
V_SENSE5=0.576171875
V_SENSE9=1.5966796875
V_SENSE12=0.087890625
ADC_V5=4.92950439453125
ADC_V9=9.51385498046875
ADC_V12=11.7352294921875
ADC_V28=26.89544677734375
THERMAL_SENS_OUT_1=28
THERMAL_SENS_OUT_2=-50
THERMAL_SENS_OUT_3=32
THERMAL_SENS_OUT_4=38
THERMAL_SENS_OUT_5=39
THERMAL_SENS_OUT_6=-50
THERMAL_SENS_INT_1=25
THERMAL_SENS_INT_2=32
PG_5=0
PG_9=0
PG_12=0
FLT_P2=0
FLT_P3=0
HEAT_1_TEMP=28
HEAT_1_DUTY=50
HEAT_2_TEMP=32
HEAT_2_DUTY=0
HEAT_3_TEMP=38
HEAT_3_DUTY=0
HEAT_4_TEMP=39
HEAT_4_DUTY=0

[21:08:01.432 EBOX]
TS=1786203972.900
V_SENSE5=1.17431640625
V_SENSE9=0.0341796875
V_SENSE12=0.10498046875
ADC_V5=4.849853515625
ADC_V9=9.168701171875
ADC_V12=11.4874267578125
ADC_V28=27.63885498046875
THERMAL_SENS_OUT_1=34
THERMAL_SENS_OUT_2=-50
THERMAL_SENS_OUT_3=37
THERMAL_SENS_OUT_4=35
THERMAL_SENS_OUT_5=37
THERMAL_SENS_OUT_6=-50
THERMAL_SENS_INT_1=25
THERMAL_SENS_INT_2=31
PG_5=0
PG_9=0
PG_12=0
FLT_P2=0
FLT_P3=0
HEAT_1_TEMP=34
HEAT_1_DUTY=50
HEAT_2_TEMP=37
HEAT_2_DUTY=0
HEAT_3_TEMP=35
HEAT_3_DUTY=0
HEAT_4_TEMP=37
HEAT_4_DUTY=0

[21:08:02.004 EBOX]
TS=1786203973.426
V_SENSE5=1.21826171875
V_SENSE9=0.0390625
V_SENSE12=0.12939453125
ADC_V5=4.9737548828125
ADC_V9=9.26605224609375
ADC_V12=11.5936279296875
ADC_V28=27.24945068359375
THERMAL_SENS_OUT_1=33
THERMAL_SENS_OUT_2=-50
THERMAL_SENS_OUT_3=33
THERMAL_SENS_OUT_4=34
THERMAL_SENS_OUT_5=43
THERMAL_SENS_OUT_6=-50
THERMAL_SENS_INT_1=28
THERMAL_SENS_INT_2=32
PG_5=0
PG_9=0
PG_12=0
FLT_P2=0
FLT_P3=0
HEAT_1_TEMP=33
HEAT_1_DUTY=0
HEAT_2_TEMP=33
HEAT_2_DUTY=0
HEAT_3_TEMP=34
HEAT_3_DUTY=0
HEAT_4_TEMP=43
HEAT_4_DUTY=0

[21:08:02.455 EBOX]
TS=1786203973.848
V_SENSE5=1.15234375
V_SENSE9=0.0341796875
V_SENSE12=0.13916015625
ADC_V5=4.94720458984375
ADC_V9=9.0447998046875
ADC_V12=11.8414306640625
ADC_V28=27.97515869140625
THERMAL_SENS_OUT_1=36
THERMAL_SENS_OUT_2=-50
THERMAL_SENS_OUT_3=31
THERMAL_SENS_OUT_4=33
THERMAL_SENS_OUT_5=41
THERMAL_SENS_OUT_6=-50
THERMAL_SENS_INT_1=25
THERMAL_SENS_INT_2=29
PG_5=0
PG_9=0
PG_12=0
FLT_P2=0
FLT_P3=0
HEAT_1_TEMP=36
HEAT_1_DUTY=0
HEAT_2_TEMP=31
HEAT_2_DUTY=0
HEAT_3_TEMP=33
HEAT_3_DUTY=0
HEAT_4_TEMP=41
HEAT_4_DUTY=0

[21:08:03.029 EBOX]
TS=1786203974.480
V_SENSE5=1.14501953125
V_SENSE9=0.03662109375
V_SENSE12=0.13427734375
ADC_V5=4.89410400390625
ADC_V9=9.35455322265625
ADC_V12=11.65557861328125
ADC_V28=27.4884033203125
THERMAL_SENS_OUT_1=39
THERMAL_SENS_OUT_2=-50
THERMAL_SENS_OUT_3=34
THERMAL_SENS_OUT_4=38
THERMAL_SENS_OUT_5=38
THERMAL_SENS_OUT_6=-50
THERMAL_SENS_INT_1=29
THERMAL_SENS_INT_2=27
PG_5=0
PG_9=0
PG_12=0
FLT_P2=0
FLT_P3=0
HEAT_1_TEMP=39
HEAT_1_DUTY=0
HEAT_2_TEMP=34
HEAT_2_DUTY=0
HEAT_3_TEMP=38
HEAT_3_DUTY=0
HEAT_4_TEMP=38
HEAT_4_DUTY=0

[21:08:03.467 EBOX]
TS=1786203974.900
V_SENSE5=1.21826171875
V_SENSE9=0.0341796875
V_SENSE12=0.107421875
ADC_V5=4.991455078125
ADC_V9=8.885498046875
ADC_V12=11.77947998046875
ADC_V28=27.2406005859375
THERMAL_SENS_OUT_1=34
THERMAL_SENS_OUT_2=-50
THERMAL_SENS_OUT_3=31
THERMAL_SENS_OUT_4=37
THERMAL_SENS_OUT_5=38
THERMAL_SENS_OUT_6=-50
THERMAL_SENS_INT_1=30
THERMAL_SENS_INT_2=28
PG_5=0
PG_9=0
PG_12=0
FLT_P2=0
FLT_P3=0
HEAT_1_TEMP=34
HEAT_1_DUTY=0
HEAT_2_TEMP=31
HEAT_2_DUTY=0
HEAT_3_TEMP=37
HEAT_3_DUTY=0
HEAT_4_TEMP=38
HEAT_4_DUTY=0

[21:08:04.015 EBOX]
TS=1786203975.423
V_SENSE5=1.1474609375
V_SENSE9=0.0341796875
V_SENSE12=0.14892578125
ADC_V5=4.98260498046875
ADC_V9=8.9739990234375
ADC_V12=11.89453125
ADC_V28=28.143310546875
THERMAL_SENS_OUT_1=34
THERMAL_SENS_OUT_2=-50
THERMAL_SENS_OUT_3=34
THERMAL_SENS_OUT_4=38
THERMAL_SENS_OUT_5=38
THERMAL_SENS_OUT_6=-50
THERMAL_SENS_INT_1=29
THERMAL_SENS_INT_2=28
PG_5=0
PG_9=0
PG_12=0
FLT_P2=0
FLT_P3=0
HEAT_1_TEMP=34
HEAT_1_DUTY=0
HEAT_2_TEMP=34
HEAT_2_DUTY=0
HEAT_3_TEMP=38
HEAT_3_DUTY=0
HEAT_4_TEMP=38
HEAT_4_DUTY=0

[21:08:04.584 EBOX]
TS=1786203975.945
V_SENSE5=1.16455078125
V_SENSE9=0.0341796875
V_SENSE12=0.1171875
ADC_V5=4.920654296875
ADC_V9=9.13330078125
ADC_V12=11.929931640625
ADC_V28=27.8424072265625
THERMAL_SENS_OUT_1=37
THERMAL_SENS_OUT_2=-50
THERMAL_SENS_OUT_3=31
THERMAL_SENS_OUT_4=35
THERMAL_SENS_OUT_5=42
THERMAL_SENS_OUT_6=-50
THERMAL_SENS_INT_1=29
THERMAL_SENS_INT_2=26
PG_5=0
PG_9=0
PG_12=0
FLT_P2=0
FLT_P3=0
HEAT_1_TEMP=37
HEAT_1_DUTY=0
HEAT_2_TEMP=31
HEAT_2_DUTY=0
HEAT_3_TEMP=35
HEAT_3_DUTY=0
HEAT_4_TEMP=42
HEAT_4_DUTY=0

[21:08:05.029 EBOX]
TS=1786203976.472
V_SENSE5=1.14501953125
V_SENSE9=0.0390625
V_SENSE12=0.12939453125
ADC_V5=4.991455078125
ADC_V9=9.13330078125
ADC_V12=11.6290283203125
ADC_V28=28.1256103515625
THERMAL_SENS_OUT_1=38
THERMAL_SENS_OUT_2=-50
THERMAL_SENS_OUT_3=32
THERMAL_SENS_OUT_4=39
THERMAL_SENS_OUT_5=40
THERMAL_SENS_OUT_6=-50
THERMAL_SENS_INT_1=28
THERMAL_SENS_INT_2=33
PG_5=0
PG_9=0
PG_12=0
FLT_P2=0
FLT_P3=0
HEAT_1_TEMP=38
HEAT_1_DUTY=0
HEAT_2_TEMP=32
HEAT_2_DUTY=0
HEAT_3_TEMP=39
HEAT_3_DUTY=0
HEAT_4_TEMP=40
HEAT_4_DUTY=0

[21:08:05.596 EBOX]
TS=1786203976.998
V_SENSE5=1.162109375
V_SENSE9=0.03662109375
V_SENSE12=0.11474609375
ADC_V5=5.0091552734375
ADC_V9=9.41650390625
ADC_V12=11.95648193359375
ADC_V28=27.85125732421875
THERMAL_SENS_OUT_1=38
THERMAL_SENS_OUT_2=-50
THERMAL_SENS_OUT_3=32
THERMAL_SENS_OUT_4=37
THERMAL_SENS_OUT_5=42
THERMAL_SENS_OUT_6=-50
THERMAL_SENS_INT_1=24
THERMAL_SENS_INT_2=28
PG_5=0
PG_9=0
PG_12=0
FLT_P2=0
FLT_P3=0
HEAT_1_TEMP=38
HEAT_1_DUTY=0
HEAT_2_TEMP=32
HEAT_2_DUTY=50
HEAT_3_TEMP=37
HEAT_3_DUTY=0
HEAT_4_TEMP=42
HEAT_4_DUTY=0

[21:08:06.092 EBOX]
TS=1786203977.525
V_SENSE5=1.18408203125
V_SENSE9=0.0390625
V_SENSE12=0.12451171875
ADC_V5=4.84100341796875
ADC_V9=10.018310546875
ADC_V12=11.575927734375
ADC_V28=27.97515869140625
THERMAL_SENS_OUT_1=37
THERMAL_SENS_OUT_2=-50
THERMAL_SENS_OUT_3=34
THERMAL_SENS_OUT_4=35
THERMAL_SENS_OUT_5=40
THERMAL_SENS_OUT_6=-50
THERMAL_SENS_INT_1=30
THERMAL_SENS_INT_2=27
PG_5=0
PG_9=0
PG_12=0
FLT_P2=0
FLT_P3=0
HEAT_1_TEMP=37
HEAT_1_DUTY=0
HEAT_2_TEMP=34
HEAT_2_DUTY=50
HEAT_3_TEMP=35
HEAT_3_DUTY=0
HEAT_4_TEMP=40
HEAT_4_DUTY=0

[21:08:06.560 EBOX]
TS=1786203978.052
V_SENSE5=0.9619140625
V_SENSE9=1.2890625
V_SENSE12=0.029296875
ADC_V5=4.96490478515625
ADC_V9=9.47845458984375
ADC_V12=11.575927734375
ADC_V28=27.3822021484375
THERMAL_SENS_OUT_1=37
THERMAL_SENS_OUT_2=-50
THERMAL_SENS_OUT_3=36
THERMAL_SENS_OUT_4=32
THERMAL_SENS_OUT_5=39
THERMAL_SENS_OUT_6=-50
THERMAL_SENS_INT_1=25
THERMAL_SENS_INT_2=29
PG_5=0
PG_9=0
PG_12=0
FLT_P2=0
FLT_P3=0
HEAT_1_TEMP=37
HEAT_1_DUTY=0
HEAT_2_TEMP=36
HEAT_2_DUTY=0
HEAT_3_TEMP=32
HEAT_3_DUTY=50
HEAT_4_TEMP=39
HEAT_4_DUTY=0

[21:08:07.119 EBOX]
TS=1786203978.578
V_SENSE5=1.12060546875
V_SENSE9=0.11474609375
V_SENSE12=0.1220703125
ADC_V5=5.0091552734375
ADC_V9=9.41650390625
ADC_V12=11.646728515625
ADC_V28=27.1343994140625
THERMAL_SENS_OUT_1=37
THERMAL_SENS_OUT_2=-50
THERMAL_SENS_OUT_3=35
THERMAL_SENS_OUT_4=32
THERMAL_SENS_OUT_5=40
THERMAL_SENS_OUT_6=-50
THERMAL_SENS_INT_1=26
THERMAL_SENS_INT_2=27
PG_5=0
PG_9=0
PG_12=0
FLT_P2=0
FLT_P3=0
HEAT_1_TEMP=37
HEAT_1_DUTY=0
HEAT_2_TEMP=35
HEAT_2_DUTY=0
HEAT_3_TEMP=32
HEAT_3_DUTY=50
HEAT_4_TEMP=40
HEAT_4_DUTY=0

[21:08:07.614 EBOX]
TS=1786203978.999
V_SENSE5=1.15234375
V_SENSE9=0.03662109375
V_SENSE12=0.1025390625
ADC_V5=4.85870361328125
ADC_V9=9.5758056640625
ADC_V12=11.5228271484375
ADC_V28=27.8778076171875
THERMAL_SENS_OUT_1=35
THERMAL_SENS_OUT_2=-50
THERMAL_SENS_OUT_3=32
THERMAL_SENS_OUT_4=37
THERMAL_SENS_OUT_5=38
THERMAL_SENS_OUT_6=-50
THERMAL_SENS_INT_1=25
THERMAL_SENS_INT_2=31
PG_5=0
PG_9=0
PG_12=0
FLT_P2=0
FLT_P3=0
HEAT_1_TEMP=35
HEAT_1_DUTY=0
HEAT_2_TEMP=32
HEAT_2_DUTY=0
HEAT_3_TEMP=37
HEAT_3_DUTY=0
HEAT_4_TEMP=38
HEAT_4_DUTY=50

[21:08:08.169 EBOX]
TS=1786203979.527
V_SENSE5=1.123046875
V_SENSE9=0.03662109375
V_SENSE12=0.13427734375
ADC_V5=5.08880615234375
ADC_V9=9.9298095703125
ADC_V12=11.5582275390625
ADC_V28=27.9840087890625
THERMAL_SENS_OUT_1=38
THERMAL_SENS_OUT_2=-50
THERMAL_SENS_OUT_3=36
THERMAL_SENS_OUT_4=34
THERMAL_SENS_OUT_5=42
THERMAL_SENS_OUT_6=-50
THERMAL_SENS_INT_1=29
THERMAL_SENS_INT_2=26
PG_5=0
PG_9=0
PG_12=0
FLT_P2=0
FLT_P3=0
HEAT_1_TEMP=38
HEAT_1_DUTY=0
HEAT_2_TEMP=36
HEAT_2_DUTY=0
HEAT_3_TEMP=34
HEAT_3_DUTY=0
HEAT_4_TEMP=42
HEAT_4_DUTY=50

[21:08:08.617 EBOX]
TS=1786203980.052
V_SENSE5=1.2353515625
V_SENSE9=2.578125
V_SENSE12=0.3125
ADC_V5=5.0091552734375
ADC_V9=9.345703125
ADC_V12=11.58477783203125
ADC_V28=27.83355712890625
THERMAL_SENS_OUT_1=38
THERMAL_SENS_OUT_2=-50
THERMAL_SENS_OUT_3=33
THERMAL_SENS_OUT_4=38
THERMAL_SENS_OUT_5=40
THERMAL_SENS_OUT_6=-50
THERMAL_SENS_INT_1=25
THERMAL_SENS_INT_2=32
PG_5=0
PG_9=0
PG_12=0
FLT_P2=0
FLT_P3=0
HEAT_1_TEMP=38
HEAT_1_DUTY=50
HEAT_2_TEMP=33
HEAT_2_DUTY=0
HEAT_3_TEMP=38
HEAT_3_DUTY=0
HEAT_4_TEMP=40
HEAT_4_DUTY=0

[21:08:09.179 EBOX]
TS=1786203980.576
V_SENSE5=1.18408203125
V_SENSE9=0.0390625
V_SENSE12=0.10986328125
ADC_V5=5.01800537109375
ADC_V9=9.31915283203125
ADC_V12=11.788330078125
ADC_V28=27.5946044921875
THERMAL_SENS_OUT_1=33
THERMAL_SENS_OUT_2=-50
THERMAL_SENS_OUT_3=34
THERMAL_SENS_OUT_4=34
THERMAL_SENS_OUT_5=45
THERMAL_SENS_OUT_6=-50
THERMAL_SENS_INT_1=25
THERMAL_SENS_INT_2=31
PG_5=0
PG_9=0
PG_12=0
FLT_P2=0
FLT_P3=0
HEAT_1_TEMP=33
HEAT_1_DUTY=50
HEAT_2_TEMP=34
HEAT_2_DUTY=0
HEAT_3_TEMP=34
HEAT_3_DUTY=0
HEAT_4_TEMP=45
HEAT_4_DUTY=0

[21:08:09.744 EBOX]
TS=1786203981.098
V_SENSE5=1.20849609375
V_SENSE9=0.0390625
V_SENSE12=0.13427734375
ADC_V5=5.00030517578125
ADC_V9=9.01824951171875
ADC_V12=11.88568115234375
ADC_V28=27.30255126953125
THERMAL_SENS_OUT_1=34
THERMAL_SENS_OUT_2=-50
THERMAL_SENS_OUT_3=35
THERMAL_SENS_OUT_4=35
THERMAL_SENS_OUT_5=44
THERMAL_SENS_OUT_6=-50
THERMAL_SENS_INT_1=29
THERMAL_SENS_INT_2=27
PG_5=0
PG_9=0
PG_12=0
FLT_P2=0
FLT_P3=0
HEAT_1_TEMP=34
HEAT_1_DUTY=0
HEAT_2_TEMP=35
HEAT_2_DUTY=0
HEAT_3_TEMP=35
HEAT_3_DUTY=0
HEAT_4_TEMP=44
HEAT_4_DUTY=0

[21:08:10.198 EBOX]
TS=1786203981.621
V_SENSE5=1.16943359375
V_SENSE9=0.0341796875
V_SENSE12=0.13916015625
ADC_V5=4.87640380859375
ADC_V9=9.26605224609375
ADC_V12=11.6644287109375
ADC_V28=27.7362060546875
THERMAL_SENS_OUT_1=39
THERMAL_SENS_OUT_2=-50
THERMAL_SENS_OUT_3=35
THERMAL_SENS_OUT_4=33
THERMAL_SENS_OUT_5=43
THERMAL_SENS_OUT_6=-50
THERMAL_SENS_INT_1=27
THERMAL_SENS_INT_2=29
PG_5=0
PG_9=0
PG_12=0
FLT_P2=0
FLT_P3=0
HEAT_1_TEMP=39
HEAT_1_DUTY=0
HEAT_2_TEMP=35
HEAT_2_DUTY=0
HEAT_3_TEMP=33
HEAT_3_DUTY=0
HEAT_4_TEMP=43
HEAT_4_DUTY=0

[21:08:10.743 EBOX]
TS=1786203982.141
V_SENSE5=1.17919921875
V_SENSE9=0.0341796875
V_SENSE12=0.1171875
ADC_V5=4.849853515625
ADC_V9=9.10675048828125
ADC_V12=11.63787841796875
ADC_V28=27.00164794921875
THERMAL_SENS_OUT_1=37
THERMAL_SENS_OUT_2=-50
THERMAL_SENS_OUT_3=32
THERMAL_SENS_OUT_4=37
THERMAL_SENS_OUT_5=39
THERMAL_SENS_OUT_6=-50
THERMAL_SENS_INT_1=30
THERMAL_SENS_INT_2=28
PG_5=0
PG_9=0
PG_12=0
FLT_P2=0
FLT_P3=0
HEAT_1_TEMP=37
HEAT_1_DUTY=0
HEAT_2_TEMP=32
HEAT_2_DUTY=0
HEAT_3_TEMP=37
HEAT_3_DUTY=0
HEAT_4_TEMP=39
HEAT_4_DUTY=0

[21:08:11.180 EBOX]
TS=1786203982.665
V_SENSE5=1.142578125
V_SENSE9=0.03662109375
V_SENSE12=0.1171875
ADC_V5=4.9737548828125
ADC_V9=9.4342041015625
ADC_V12=11.859130859375
ADC_V28=27.96630859375
THERMAL_SENS_OUT_1=37
THERMAL_SENS_OUT_2=-50
THERMAL_SENS_OUT_3=33
THERMAL_SENS_OUT_4=36
THERMAL_SENS_OUT_5=44
THERMAL_SENS_OUT_6=-50
THERMAL_SENS_INT_1=25
THERMAL_SENS_INT_2=29
PG_5=0
PG_9=0
PG_12=0
FLT_P2=0
FLT_P3=0
HEAT_1_TEMP=37
HEAT_1_DUTY=0
HEAT_2_TEMP=33
HEAT_2_DUTY=0
HEAT_3_TEMP=36
HEAT_3_DUTY=0
HEAT_4_TEMP=44
HEAT_4_DUTY=0

[21:08:11.732 EBOX]
TS=1786203983.190
V_SENSE5=1.162109375
V_SENSE9=0.0341796875
V_SENSE12=0.1123046875
ADC_V5=4.9560546875
ADC_V9=8.9031982421875
ADC_V12=11.79718017578125
ADC_V28=27.3468017578125
THERMAL_SENS_OUT_1=34
THERMAL_SENS_OUT_2=-50
THERMAL_SENS_OUT_3=33
THERMAL_SENS_OUT_4=38
THERMAL_SENS_OUT_5=40
THERMAL_SENS_OUT_6=-50
THERMAL_SENS_INT_1=26
THERMAL_SENS_INT_2=32
PG_5=0
PG_9=0
PG_12=0
FLT_P2=0
FLT_P3=0
HEAT_1_TEMP=34
HEAT_1_DUTY=0
HEAT_2_TEMP=33
HEAT_2_DUTY=0
HEAT_3_TEMP=38
HEAT_3_DUTY=0
HEAT_4_TEMP=40
HEAT_4_DUTY=0

[21:08:12.269 EBOX]
TS=1786203983.717
V_SENSE5=1.17919921875
V_SENSE9=0.0341796875
V_SENSE12=0.12939453125
ADC_V5=4.98260498046875
ADC_V9=9.31915283203125
ADC_V12=11.85028076171875
ADC_V28=27.081298828125
THERMAL_SENS_OUT_1=37
THERMAL_SENS_OUT_2=-50
THERMAL_SENS_OUT_3=35
THERMAL_SENS_OUT_4=33
THERMAL_SENS_OUT_5=44
THERMAL_SENS_OUT_6=-50
THERMAL_SENS_INT_1=26
THERMAL_SENS_INT_2=27
PG_5=0
PG_9=0
PG_12=0
FLT_P2=0
FLT_P3=0
HEAT_1_TEMP=37
HEAT_1_DUTY=0
HEAT_2_TEMP=35
HEAT_2_DUTY=0
HEAT_3_TEMP=33
HEAT_3_DUTY=0
HEAT_4_TEMP=44
HEAT_4_DUTY=0

[21:08:12.808 EBOX]
TS=1786203984.243
V_SENSE5=1.1474609375
V_SENSE9=0.03662109375
V_SENSE12=0.1123046875
ADC_V5=4.9737548828125
ADC_V9=8.9385986328125
ADC_V12=11.79718017578125
ADC_V28=27.647705078125
THERMAL_SENS_OUT_1=36
THERMAL_SENS_OUT_2=-50
THERMAL_SENS_OUT_3=34
THERMAL_SENS_OUT_4=35
THERMAL_SENS_OUT_5=40
THERMAL_SENS_OUT_6=-50
THERMAL_SENS_INT_1=27
THERMAL_SENS_INT_2=26
PG_5=0
PG_9=0
PG_12=0
FLT_P2=0
FLT_P3=0
HEAT_1_TEMP=36
HEAT_1_DUTY=0
HEAT_2_TEMP=34
HEAT_2_DUTY=0
HEAT_3_TEMP=35
HEAT_3_DUTY=0
HEAT_4_TEMP=40
HEAT_4_DUTY=0

[21:08:13.255 EBOX]
TS=1786203984.770
V_SENSE5=1.18896484375
V_SENSE9=0.0390625
V_SENSE12=0.10986328125
ADC_V5=4.849853515625
ADC_V9=9.4696044921875
ADC_V12=11.49627685546875
ADC_V28=27.5946044921875
THERMAL_SENS_OUT_1=37
THERMAL_SENS_OUT_2=-50
THERMAL_SENS_OUT_3=33
THERMAL_SENS_OUT_4=34
THERMAL_SENS_OUT_5=45
THERMAL_SENS_OUT_6=-50
THERMAL_SENS_INT_1=27
THERMAL_SENS_INT_2=29
PG_5=0
PG_9=0
PG_12=0
FLT_P2=0
FLT_P3=0
HEAT_1_TEMP=37
HEAT_1_DUTY=0
HEAT_2_TEMP=33
HEAT_2_DUTY=0
HEAT_3_TEMP=34
HEAT_3_DUTY=0
HEAT_4_TEMP=45
HEAT_4_DUTY=0

[21:08:13.793 EBOX]
TS=1786203985.292
V_SENSE5=1.025390625
V_SENSE9=1.6455078125
V_SENSE12=0.07080078125
ADC_V5=4.9560546875
ADC_V9=9.15985107421875
ADC_V12=11.83258056640625
ADC_V28=27.0989990234375
THERMAL_SENS_OUT_1=35
THERMAL_SENS_OUT_2=-50
THERMAL_SENS_OUT_3=33
THERMAL_SENS_OUT_4=39
THERMAL_SENS_OUT_5=40
THERMAL_SENS_OUT_6=-50
THERMAL_SENS_INT_1=27
THERMAL_SENS_INT_2=27
PG_5=0
PG_9=0
PG_12=0
FLT_P2=0
FLT_P3=0
HEAT_1_TEMP=35
HEAT_1_DUTY=0
HEAT_2_TEMP=33
HEAT_2_DUTY=50
HEAT_3_TEMP=39
HEAT_3_DUTY=0
HEAT_4_TEMP=40
HEAT_4_DUTY=0

[21:08:14.331 EBOX]
TS=1786203985.819
V_SENSE5=1.1669921875
V_SENSE9=0.0390625
V_SENSE12=0.1171875
ADC_V5=4.9383544921875
ADC_V9=9.15985107421875
ADC_V12=11.575927734375
ADC_V28=27.3114013671875
THERMAL_SENS_OUT_1=37
THERMAL_SENS_OUT_2=-50
THERMAL_SENS_OUT_3=33
THERMAL_SENS_OUT_4=38
THERMAL_SENS_OUT_5=40
THERMAL_SENS_OUT_6=-50
THERMAL_SENS_INT_1=25
THERMAL_SENS_INT_2=32
PG_5=0
PG_9=0
PG_12=0
FLT_P2=0
FLT_P3=0
HEAT_1_TEMP=37
HEAT_1_DUTY=0
HEAT_2_TEMP=33
HEAT_2_DUTY=50
HEAT_3_TEMP=38
HEAT_3_DUTY=0
HEAT_4_TEMP=40
HEAT_4_DUTY=0

[21:08:14.869 EBOX]
TS=1786203986.346
V_SENSE5=1.171875
V_SENSE9=1.3232421875
V_SENSE12=0.048828125
ADC_V5=4.88525390625
ADC_V9=9.49615478515625
ADC_V12=11.69097900390625
ADC_V28=27.293701171875
THERMAL_SENS_OUT_1=36
THERMAL_SENS_OUT_2=-50
THERMAL_SENS_OUT_3=35
THERMAL_SENS_OUT_4=36
THERMAL_SENS_OUT_5=39
THERMAL_SENS_OUT_6=-50
THERMAL_SENS_INT_1=27
THERMAL_SENS_INT_2=28
PG_5=0
PG_9=0
PG_12=0
FLT_P2=0
FLT_P3=0
HEAT_1_TEMP=36
HEAT_1_DUTY=0
HEAT_2_TEMP=35
HEAT_2_DUTY=0
HEAT_3_TEMP=36
HEAT_3_DUTY=50
HEAT_4_TEMP=39
HEAT_4_DUTY=0

[21:08:15.309 EBOX]
TS=1786203986.766
V_SENSE5=1.162109375
V_SENSE9=0.03662109375
V_SENSE12=0.10986328125
ADC_V5=4.9737548828125
ADC_V9=9.1156005859375
ADC_V12=11.7529296875
ADC_V28=27.96630859375
THERMAL_SENS_OUT_1=35
THERMAL_SENS_OUT_2=-50
THERMAL_SENS_OUT_3=35
THERMAL_SENS_OUT_4=35
THERMAL_SENS_OUT_5=40
THERMAL_SENS_OUT_6=-50
THERMAL_SENS_INT_1=30
THERMAL_SENS_INT_2=28
PG_5=0
PG_9=0
PG_12=0
FLT_P2=0
FLT_P3=0
HEAT_1_TEMP=35
HEAT_1_DUTY=0
HEAT_2_TEMP=35
HEAT_2_DUTY=0
HEAT_3_TEMP=35
HEAT_3_DUTY=50
HEAT_4_TEMP=40
HEAT_4_DUTY=0

[21:08:15.847 EBOX]
TS=1786203987.290
V_SENSE5=1.53076171875
V_SENSE9=0.85205078125
V_SENSE12=0.02685546875
ADC_V5=4.87640380859375
ADC_V9=9.42535400390625
ADC_V12=11.47857666015625
ADC_V28=27.3468017578125
THERMAL_SENS_OUT_1=35
THERMAL_SENS_OUT_2=-50
THERMAL_SENS_OUT_3=37
THERMAL_SENS_OUT_4=35
THERMAL_SENS_OUT_5=41
THERMAL_SENS_OUT_6=-50
THERMAL_SENS_INT_1=27
THERMAL_SENS_INT_2=30
PG_5=0
PG_9=0
PG_12=0
FLT_P2=0
FLT_P3=0
HEAT_1_TEMP=35
HEAT_1_DUTY=0
HEAT_2_TEMP=37
HEAT_2_DUTY=0
HEAT_3_TEMP=35
HEAT_3_DUTY=0
HEAT_4_TEMP=41
HEAT_4_DUTY=50

[21:08:16.398 EBOX]
TS=1786203987.816
V_SENSE5=1.18896484375
V_SENSE9=0.048828125
V_SENSE12=0.1220703125
ADC_V5=4.9029541015625
ADC_V9=9.5404052734375
ADC_V12=11.6998291015625
ADC_V28=28.15216064453125
THERMAL_SENS_OUT_1=37
THERMAL_SENS_OUT_2=-50
THERMAL_SENS_OUT_3=35
THERMAL_SENS_OUT_4=36
THERMAL_SENS_OUT_5=40
THERMAL_SENS_OUT_6=-50
THERMAL_SENS_INT_1=26
THERMAL_SENS_INT_2=29
PG_5=0
PG_9=0
PG_12=0
FLT_P2=0
FLT_P3=0
HEAT_1_TEMP=37
HEAT_1_DUTY=0
HEAT_2_TEMP=35
HEAT_2_DUTY=0
HEAT_3_TEMP=36
HEAT_3_DUTY=0
HEAT_4_TEMP=40
HEAT_4_DUTY=50

[21:08:16.960 EBOX]
TS=1786203988.342
V_SENSE5=0.8203125
V_SENSE9=2.48779296875
V_SENSE12=0.01953125
ADC_V5=4.7967529296875
ADC_V9=9.33685302734375
ADC_V12=11.72637939453125
ADC_V28=27.8070068359375
THERMAL_SENS_OUT_1=42
THERMAL_SENS_OUT_2=-50
THERMAL_SENS_OUT_3=36
THERMAL_SENS_OUT_4=34
THERMAL_SENS_OUT_5=45
THERMAL_SENS_OUT_6=-50
THERMAL_SENS_INT_1=25
THERMAL_SENS_INT_2=33
PG_5=0
PG_9=0
PG_12=0
FLT_P2=0
FLT_P3=0
HEAT_1_TEMP=42
HEAT_1_DUTY=50
HEAT_2_TEMP=36
HEAT_2_DUTY=0
HEAT_3_TEMP=34
HEAT_3_DUTY=0
HEAT_4_TEMP=45
HEAT_4_DUTY=0

[21:08:17.416 EBOX]
TS=1786203988.868
V_SENSE5=1.1572265625
V_SENSE9=0.03662109375
V_SENSE12=0.15380859375
ADC_V5=4.94720458984375
ADC_V9=8.85894775390625
ADC_V12=11.717529296875
ADC_V28=28.13446044921875
THERMAL_SENS_OUT_1=36
THERMAL_SENS_OUT_2=-50
THERMAL_SENS_OUT_3=37
THERMAL_SENS_OUT_4=35
THERMAL_SENS_OUT_5=46
THERMAL_SENS_OUT_6=-50
THERMAL_SENS_INT_1=28
THERMAL_SENS_INT_2=28
PG_5=0
PG_9=0
PG_12=0
FLT_P2=0
FLT_P3=0
HEAT_1_TEMP=36
HEAT_1_DUTY=50
HEAT_2_TEMP=37
HEAT_2_DUTY=0
HEAT_3_TEMP=35
HEAT_3_DUTY=0
HEAT_4_TEMP=46
HEAT_4_DUTY=0

[21:08:17.971 EBOX]
TS=1786203989.395
V_SENSE5=1.18408203125
V_SENSE9=0.03662109375
V_SENSE12=0.1220703125
ADC_V5=4.82330322265625
ADC_V9=9.38995361328125
ADC_V12=11.82373046875
ADC_V28=27.010498046875
THERMAL_SENS_OUT_1=38
THERMAL_SENS_OUT_2=-50
THERMAL_SENS_OUT_3=33
THERMAL_SENS_OUT_4=39
THERMAL_SENS_OUT_5=42
THERMAL_SENS_OUT_6=-50
THERMAL_SENS_INT_1=26
THERMAL_SENS_INT_2=30
PG_5=0
PG_9=0
PG_12=0
FLT_P2=0
FLT_P3=0
HEAT_1_TEMP=38
HEAT_1_DUTY=0
HEAT_2_TEMP=33
HEAT_2_DUTY=0
HEAT_3_TEMP=39
HEAT_3_DUTY=0
HEAT_4_TEMP=42
HEAT_4_DUTY=0

[21:08:18.425 EBOX]
TS=1786203989.922
V_SENSE5=1.14013671875
V_SENSE9=0.03662109375
V_SENSE12=0.13427734375
ADC_V5=4.98260498046875
ADC_V9=8.9739990234375
ADC_V12=11.85028076171875
ADC_V28=27.11669921875
THERMAL_SENS_OUT_1=37
THERMAL_SENS_OUT_2=-50
THERMAL_SENS_OUT_3=34
THERMAL_SENS_OUT_4=36
THERMAL_SENS_OUT_5=41
THERMAL_SENS_OUT_6=-50
THERMAL_SENS_INT_1=26
THERMAL_SENS_INT_2=31
PG_5=0
PG_9=0
PG_12=0
FLT_P2=0
FLT_P3=0
HEAT_1_TEMP=37
HEAT_1_DUTY=0
HEAT_2_TEMP=34
HEAT_2_DUTY=0
HEAT_3_TEMP=36
HEAT_3_DUTY=0
HEAT_4_TEMP=41
HEAT_4_DUTY=0

[21:08:18.963 EBOX]
TS=1786203990.450
V_SENSE5=1.142578125
V_SENSE9=0.05615234375
V_SENSE12=0.12451171875
ADC_V5=4.9560546875
ADC_V9=8.70849609375
ADC_V12=11.8768310546875
ADC_V28=27.30255126953125
THERMAL_SENS_OUT_1=36
THERMAL_SENS_OUT_2=-50
THERMAL_SENS_OUT_3=35
THERMAL_SENS_OUT_4=36
THERMAL_SENS_OUT_5=39
THERMAL_SENS_OUT_6=-50
THERMAL_SENS_INT_1=26
THERMAL_SENS_INT_2=28
PG_5=0
PG_9=0
PG_12=0
FLT_P2=0
FLT_P3=0
HEAT_1_TEMP=36
HEAT_1_DUTY=0
HEAT_2_TEMP=35
HEAT_2_DUTY=0
HEAT_3_TEMP=36
HEAT_3_DUTY=0
HEAT_4_TEMP=39
HEAT_4_DUTY=0

[21:08:19.504 EBOX]
TS=1786203990.976
V_SENSE5=1.18896484375
V_SENSE9=0.0390625
V_SENSE12=0.12451171875
ADC_V5=4.82330322265625
ADC_V9=9.2572021484375
ADC_V12=11.6290283203125
ADC_V28=28.01055908203125
THERMAL_SENS_OUT_1=39
THERMAL_SENS_OUT_2=-50
THERMAL_SENS_OUT_3=35
THERMAL_SENS_OUT_4=34
THERMAL_SENS_OUT_5=42
THERMAL_SENS_OUT_6=-50
THERMAL_SENS_INT_1=25
THERMAL_SENS_INT_2=32
PG_5=0
PG_9=0
PG_12=0
FLT_P2=0
FLT_P3=0
HEAT_1_TEMP=39
HEAT_1_DUTY=0
HEAT_2_TEMP=35
HEAT_2_DUTY=0
HEAT_3_TEMP=34
HEAT_3_DUTY=0
HEAT_4_TEMP=42
HEAT_4_DUTY=0

[21:08:20.060 EBOX]
TS=1786203991.503
V_SENSE5=1.18408203125
V_SENSE9=0.0341796875
V_SENSE12=0.10986328125
ADC_V5=4.82330322265625
ADC_V9=8.99169921875
ADC_V12=11.51397705078125
ADC_V28=27.74505615234375
THERMAL_SENS_OUT_1=37
THERMAL_SENS_OUT_2=-50
THERMAL_SENS_OUT_3=34
THERMAL_SENS_OUT_4=36
THERMAL_SENS_OUT_5=41
THERMAL_SENS_OUT_6=-50
THERMAL_SENS_INT_1=25
THERMAL_SENS_INT_2=29
PG_5=0
PG_9=0
PG_12=0
FLT_P2=0
FLT_P3=0
HEAT_1_TEMP=37
HEAT_1_DUTY=0
HEAT_2_TEMP=34
HEAT_2_DUTY=0
HEAT_3_TEMP=36
HEAT_3_DUTY=0
HEAT_4_TEMP=41
HEAT_4_DUTY=0

[21:08:20.502 EBOX]
TS=1786203991.924
V_SENSE5=1.1474609375
V_SENSE9=0.0341796875
V_SENSE12=0.146484375
ADC_V5=4.84100341796875
ADC_V9=9.33685302734375
ADC_V12=11.49627685546875
ADC_V28=27.72735595703125
THERMAL_SENS_OUT_1=37
THERMAL_SENS_OUT_2=-50
THERMAL_SENS_OUT_3=35
THERMAL_SENS_OUT_4=34
THERMAL_SENS_OUT_5=44
THERMAL_SENS_OUT_6=-50
THERMAL_SENS_INT_1=31
THERMAL_SENS_INT_2=26
PG_5=0
PG_9=0
PG_12=0
FLT_P2=0
FLT_P3=0
HEAT_1_TEMP=37
HEAT_1_DUTY=0
HEAT_2_TEMP=35
HEAT_2_DUTY=0
HEAT_3_TEMP=34
HEAT_3_DUTY=0
HEAT_4_TEMP=44
HEAT_4_DUTY=0

[21:08:21.067 EBOX]
TS=1786203992.455
V_SENSE5=1.142578125
V_SENSE9=0.03662109375
V_SENSE12=0.126953125
ADC_V5=4.82330322265625
ADC_V9=9.38995361328125
ADC_V12=11.53167724609375
ADC_V28=27.74505615234375
THERMAL_SENS_OUT_1=37
THERMAL_SENS_OUT_2=-50
THERMAL_SENS_OUT_3=34
THERMAL_SENS_OUT_4=36
THERMAL_SENS_OUT_5=40
THERMAL_SENS_OUT_6=-50
THERMAL_SENS_INT_1=25
THERMAL_SENS_INT_2=27
PG_5=0
PG_9=0
PG_12=0
FLT_P2=0
FLT_P3=0
HEAT_1_TEMP=37
HEAT_1_DUTY=0
HEAT_2_TEMP=34
HEAT_2_DUTY=0
HEAT_3_TEMP=36
HEAT_3_DUTY=0
HEAT_4_TEMP=40
HEAT_4_DUTY=0

[21:08:21.528 EBOX]
TS=1786203992.976
V_SENSE5=1.181640625
V_SENSE9=0.03662109375
V_SENSE12=0.11474609375
ADC_V5=4.84100341796875
ADC_V9=9.239501953125
ADC_V12=11.49627685546875
ADC_V28=27.67425537109375
THERMAL_SENS_OUT_1=37
THERMAL_SENS_OUT_2=-50
THERMAL_SENS_OUT_3=33
THERMAL_SENS_OUT_4=39
THERMAL_SENS_OUT_5=41
THERMAL_SENS_OUT_6=-50
THERMAL_SENS_INT_1=28
THERMAL_SENS_INT_2=27
PG_5=0
PG_9=0
PG_12=0
FLT_P2=0
FLT_P3=0
HEAT_1_TEMP=37
HEAT_1_DUTY=0
HEAT_2_TEMP=33
HEAT_2_DUTY=50
HEAT_3_TEMP=39
HEAT_3_DUTY=0
HEAT_4_TEMP=41
HEAT_4_DUTY=0

[21:08:22.074 EBOX]
TS=1786203993.503
V_SENSE5=1.5185546875
V_SENSE9=1.71875
V_SENSE12=0.126953125
ADC_V5=4.88525390625
ADC_V9=9.13330078125
ADC_V12=11.88568115234375
ADC_V28=27.33795166015625
THERMAL_SENS_OUT_1=40
THERMAL_SENS_OUT_2=-50
THERMAL_SENS_OUT_3=36
THERMAL_SENS_OUT_4=39
THERMAL_SENS_OUT_5=39
THERMAL_SENS_OUT_6=-50
THERMAL_SENS_INT_1=25
THERMAL_SENS_INT_2=29
PG_5=0
PG_9=0
PG_12=0
FLT_P2=0
FLT_P3=0
HEAT_1_TEMP=40
HEAT_1_DUTY=0
HEAT_2_TEMP=36
HEAT_2_DUTY=50
HEAT_3_TEMP=39
HEAT_3_DUTY=0
HEAT_4_TEMP=39
HEAT_4_DUTY=0

[21:08:22.617 EBOX]
TS=1786203994.026
V_SENSE5=1.42333984375
V_SENSE9=1.591796875
V_SENSE12=0.146484375
ADC_V5=4.91180419921875
ADC_V9=9.2926025390625
ADC_V12=11.68212890625
ADC_V28=26.8511962890625
THERMAL_SENS_OUT_1=33
THERMAL_SENS_OUT_2=-50
THERMAL_SENS_OUT_3=36
THERMAL_SENS_OUT_4=35
THERMAL_SENS_OUT_5=43
THERMAL_SENS_OUT_6=-50
THERMAL_SENS_INT_1=26
THERMAL_SENS_INT_2=29
PG_5=0
PG_9=0
PG_12=0
FLT_P2=0
FLT_P3=0
HEAT_1_TEMP=33
HEAT_1_DUTY=0
HEAT_2_TEMP=36
HEAT_2_DUTY=0
HEAT_3_TEMP=35
HEAT_3_DUTY=50
HEAT_4_TEMP=43
HEAT_4_DUTY=0

[21:08:23.067 EBOX]
TS=1786203994.552
V_SENSE5=1.19873046875
V_SENSE9=0.0390625
V_SENSE12=0.1220703125
ADC_V5=5.00030517578125
ADC_V9=9.12445068359375
ADC_V12=11.60247802734375
ADC_V28=28.08135986328125
THERMAL_SENS_OUT_1=37
THERMAL_SENS_OUT_2=-50
THERMAL_SENS_OUT_3=33
THERMAL_SENS_OUT_4=37
THERMAL_SENS_OUT_5=44
THERMAL_SENS_OUT_6=-50
THERMAL_SENS_INT_1=24
THERMAL_SENS_INT_2=29
PG_5=0
PG_9=0
PG_12=0
FLT_P2=0
FLT_P3=0
HEAT_1_TEMP=37
HEAT_1_DUTY=0
HEAT_2_TEMP=33
HEAT_2_DUTY=0
HEAT_3_TEMP=37
HEAT_3_DUTY=50
HEAT_4_TEMP=44
HEAT_4_DUTY=0

[21:08:23.608 EBOX]
TS=1786203995.079
V_SENSE5=0.93994140625
V_SENSE9=1.58447265625
V_SENSE12=0.21240234375
ADC_V5=4.8675537109375
ADC_V9=9.4342041015625
ADC_V12=11.54052734375
ADC_V28=27.5592041015625
THERMAL_SENS_OUT_1=40
THERMAL_SENS_OUT_2=-50
THERMAL_SENS_OUT_3=37
THERMAL_SENS_OUT_4=34
THERMAL_SENS_OUT_5=43
THERMAL_SENS_OUT_6=-50
THERMAL_SENS_INT_1=28
THERMAL_SENS_INT_2=26
PG_5=0
PG_9=0
PG_12=0
FLT_P2=0
FLT_P3=0
HEAT_1_TEMP=40
HEAT_1_DUTY=0
HEAT_2_TEMP=37
HEAT_2_DUTY=0
HEAT_3_TEMP=34
HEAT_3_DUTY=0
HEAT_4_TEMP=43
HEAT_4_DUTY=50

[21:08:24.149 EBOX]
TS=1786203995.605
V_SENSE5=1.13037109375
V_SENSE9=0.0341796875
V_SENSE12=0.1416015625
ADC_V5=4.88525390625
ADC_V9=9.239501953125
ADC_V12=11.58477783203125
ADC_V28=27.9132080078125
THERMAL_SENS_OUT_1=40
THERMAL_SENS_OUT_2=-50
THERMAL_SENS_OUT_3=33
THERMAL_SENS_OUT_4=35
THERMAL_SENS_OUT_5=40
THERMAL_SENS_OUT_6=-50
THERMAL_SENS_INT_1=26
THERMAL_SENS_INT_2=28
PG_5=0
PG_9=0
PG_12=0
FLT_P2=0
FLT_P3=0
HEAT_1_TEMP=40
HEAT_1_DUTY=0
HEAT_2_TEMP=33
HEAT_2_DUTY=0
HEAT_3_TEMP=35
HEAT_3_DUTY=0
HEAT_4_TEMP=40
HEAT_4_DUTY=50

[21:08:24.700 EBOX]
TS=1786203996.132
V_SENSE5=0.89111328125
V_SENSE9=1.3671875
V_SENSE12=0.04150390625
ADC_V5=4.94720458984375
ADC_V9=9.3280029296875
ADC_V12=11.859130859375
ADC_V28=27.65655517578125
THERMAL_SENS_OUT_1=44
THERMAL_SENS_OUT_2=-50
THERMAL_SENS_OUT_3=34
THERMAL_SENS_OUT_4=36
THERMAL_SENS_OUT_5=42
THERMAL_SENS_OUT_6=-50
THERMAL_SENS_INT_1=24
THERMAL_SENS_INT_2=31
PG_5=0
PG_9=0
PG_12=0
FLT_P2=0
FLT_P3=0
HEAT_1_TEMP=44
HEAT_1_DUTY=50
HEAT_2_TEMP=34
HEAT_2_DUTY=0
HEAT_3_TEMP=36
HEAT_3_DUTY=0
HEAT_4_TEMP=42
HEAT_4_DUTY=0

[21:08:25.165 EBOX]
TS=1786203996.666
V_SENSE5=1.171875
V_SENSE9=0.0390625
V_SENSE12=0.1220703125
ADC_V5=5.0091552734375
ADC_V9=8.956298828125
ADC_V12=11.54052734375
ADC_V28=27.860107421875
THERMAL_SENS_OUT_1=40
THERMAL_SENS_OUT_2=-50
THERMAL_SENS_OUT_3=38
THERMAL_SENS_OUT_4=36
THERMAL_SENS_OUT_5=45
THERMAL_SENS_OUT_6=-50
THERMAL_SENS_INT_1=29
THERMAL_SENS_INT_2=27
PG_5=0
PG_9=0
PG_12=0
FLT_P2=0
FLT_P3=0
HEAT_1_TEMP=40
HEAT_1_DUTY=50
HEAT_2_TEMP=38
HEAT_2_DUTY=0
HEAT_3_TEMP=36
HEAT_3_DUTY=0
HEAT_4_TEMP=45
HEAT_4_DUTY=0

[21:08:25.719 EBOX]
TS=1786203997.185
V_SENSE5=1.14013671875
V_SENSE9=0.03662109375
V_SENSE12=0.10498046875
ADC_V5=4.9029541015625
ADC_V9=9.44305419921875
ADC_V12=11.6998291015625
ADC_V28=27.789306640625
THERMAL_SENS_OUT_1=37
THERMAL_SENS_OUT_2=-50
THERMAL_SENS_OUT_3=35
THERMAL_SENS_OUT_4=34
THERMAL_SENS_OUT_5=45
THERMAL_SENS_OUT_6=-50
THERMAL_SENS_INT_1=30
THERMAL_SENS_INT_2=28
PG_5=0
PG_9=0
PG_12=0
FLT_P2=0
FLT_P3=0
HEAT_1_TEMP=37
HEAT_1_DUTY=0
HEAT_2_TEMP=35
HEAT_2_DUTY=0
HEAT_3_TEMP=34
HEAT_3_DUTY=0
HEAT_4_TEMP=45
HEAT_4_DUTY=0

[21:08:26.163 EBOX]
TS=1786203997.607
V_SENSE5=1.19140625
V_SENSE9=0.03662109375
V_SENSE12=0.11962890625
ADC_V5=5.00030517578125
ADC_V9=9.24835205078125
ADC_V12=11.8060302734375
ADC_V28=27.2760009765625
THERMAL_SENS_OUT_1=36
THERMAL_SENS_OUT_2=-50
THERMAL_SENS_OUT_3=33
THERMAL_SENS_OUT_4=37
THERMAL_SENS_OUT_5=42
THERMAL_SENS_OUT_6=-50
THERMAL_SENS_INT_1=24
THERMAL_SENS_INT_2=31
PG_5=0
PG_9=0
PG_12=0
FLT_P2=0
FLT_P3=0
HEAT_1_TEMP=36
HEAT_1_DUTY=0
HEAT_2_TEMP=33
HEAT_2_DUTY=0
HEAT_3_TEMP=37
HEAT_3_DUTY=0
HEAT_4_TEMP=42
HEAT_4_DUTY=0

[21:08:26.711 EBOX]
TS=1786203998.139
V_SENSE5=1.15966796875
V_SENSE9=0.03662109375
V_SENSE12=0.1123046875
ADC_V5=5.01800537109375
ADC_V9=8.99169921875
ADC_V12=11.62017822265625
ADC_V28=28.08135986328125
THERMAL_SENS_OUT_1=40
THERMAL_SENS_OUT_2=-50
THERMAL_SENS_OUT_3=37
THERMAL_SENS_OUT_4=35
THERMAL_SENS_OUT_5=46
THERMAL_SENS_OUT_6=-50
THERMAL_SENS_INT_1=24
THERMAL_SENS_INT_2=31
PG_5=0
PG_9=0
PG_12=0
FLT_P2=0
FLT_P3=0
HEAT_1_TEMP=40
HEAT_1_DUTY=0
HEAT_2_TEMP=37
HEAT_2_DUTY=0
HEAT_3_TEMP=35
HEAT_3_DUTY=0
HEAT_4_TEMP=46
HEAT_4_DUTY=0

[21:08:27.287 EBOX]
TS=1786203998.666
V_SENSE5=1.18896484375
V_SENSE9=0.07568359375
V_SENSE12=0.11962890625
ADC_V5=4.814453125
ADC_V9=9.26605224609375
ADC_V12=11.6290283203125
ADC_V28=27.16094970703125
THERMAL_SENS_OUT_1=37
THERMAL_SENS_OUT_2=-50
THERMAL_SENS_OUT_3=34
THERMAL_SENS_OUT_4=40
THERMAL_SENS_OUT_5=43
THERMAL_SENS_OUT_6=-50
THERMAL_SENS_INT_1=27
THERMAL_SENS_INT_2=27
PG_5=0
PG_9=0
PG_12=0
FLT_P2=0
FLT_P3=0
HEAT_1_TEMP=37
HEAT_1_DUTY=0
HEAT_2_TEMP=34
HEAT_2_DUTY=0
HEAT_3_TEMP=40
HEAT_3_DUTY=0
HEAT_4_TEMP=43
HEAT_4_DUTY=0

[21:08:27.730 EBOX]
TS=1786203999.193
V_SENSE5=1.18896484375
V_SENSE9=0.0341796875
V_SENSE12=0.107421875
ADC_V5=4.98260498046875
ADC_V9=8.7969970703125
ADC_V12=11.53167724609375
ADC_V28=27.85125732421875
THERMAL_SENS_OUT_1=42
THERMAL_SENS_OUT_2=-50
THERMAL_SENS_OUT_3=38
THERMAL_SENS_OUT_4=35
THERMAL_SENS_OUT_5=46
THERMAL_SENS_OUT_6=-50
THERMAL_SENS_INT_1=27
THERMAL_SENS_INT_2=29
PG_5=0
PG_9=0
PG_12=0
FLT_P2=0
FLT_P3=0
HEAT_1_TEMP=42
HEAT_1_DUTY=0
HEAT_2_TEMP=38
HEAT_2_DUTY=0
HEAT_3_TEMP=35
HEAT_3_DUTY=0
HEAT_4_TEMP=46
HEAT_4_DUTY=0

[21:08:28.300 EBOX]
TS=1786203999.719
V_SENSE5=1.171875
V_SENSE9=0.0390625
V_SENSE12=0.1220703125
ADC_V5=5.08880615234375
ADC_V9=9.14215087890625
ADC_V12=11.89453125
ADC_V28=27.63885498046875
THERMAL_SENS_OUT_1=35
THERMAL_SENS_OUT_2=-50
THERMAL_SENS_OUT_3=32
THERMAL_SENS_OUT_4=36
THERMAL_SENS_OUT_5=44
THERMAL_SENS_OUT_6=-50
THERMAL_SENS_INT_1=28
THERMAL_SENS_INT_2=26
PG_5=0
PG_9=0
PG_12=0
FLT_P2=0
FLT_P3=0
HEAT_1_TEMP=35
HEAT_1_DUTY=0
HEAT_2_TEMP=32
HEAT_2_DUTY=0
HEAT_3_TEMP=36
HEAT_3_DUTY=0
HEAT_4_TEMP=44
HEAT_4_DUTY=0

[21:08:28.764 EBOX]
TS=1786204000.246
V_SENSE5=1.15234375
V_SENSE9=0.0341796875
V_SENSE12=0.1220703125
ADC_V5=4.82330322265625
ADC_V9=8.89434814453125
ADC_V12=11.99188232421875
ADC_V28=27.86895751953125
THERMAL_SENS_OUT_1=40
THERMAL_SENS_OUT_2=-50
THERMAL_SENS_OUT_3=37
THERMAL_SENS_OUT_4=35
THERMAL_SENS_OUT_5=45
THERMAL_SENS_OUT_6=-50
THERMAL_SENS_INT_1=29
THERMAL_SENS_INT_2=27
PG_5=0
PG_9=0
PG_12=0
FLT_P2=0
FLT_P3=0
HEAT_1_TEMP=40
HEAT_1_DUTY=0
HEAT_2_TEMP=37
HEAT_2_DUTY=0
HEAT_3_TEMP=35
HEAT_3_DUTY=0
HEAT_4_TEMP=45
HEAT_4_DUTY=0

[21:08:29.318 EBOX]
TS=1786204000.773
V_SENSE5=1.18408203125
V_SENSE9=0.05615234375
V_SENSE12=0.1416015625
ADC_V5=4.91180419921875
ADC_V9=9.47845458984375
ADC_V12=11.82373046875
ADC_V28=27.03704833984375
THERMAL_SENS_OUT_1=37
THERMAL_SENS_OUT_2=-50
THERMAL_SENS_OUT_3=35
THERMAL_SENS_OUT_4=34
THERMAL_SENS_OUT_5=42
THERMAL_SENS_OUT_6=-50
THERMAL_SENS_INT_1=26
THERMAL_SENS_INT_2=27
PG_5=0
PG_9=0
PG_12=0
FLT_P2=0
FLT_P3=0
HEAT_1_TEMP=37
HEAT_1_DUTY=0
HEAT_2_TEMP=35
HEAT_2_DUTY=0
HEAT_3_TEMP=34
HEAT_3_DUTY=0
HEAT_4_TEMP=42
HEAT_4_DUTY=0

[21:08:29.865 EBOX]
TS=1786204001.300
V_SENSE5=0.73486328125
V_SENSE9=1.73828125
V_SENSE12=0.17822265625
ADC_V5=4.98260498046875
ADC_V9=9.19525146484375
ADC_V12=11.82373046875
ADC_V28=26.8511962890625
THERMAL_SENS_OUT_1=38
THERMAL_SENS_OUT_2=-50
THERMAL_SENS_OUT_3=36
THERMAL_SENS_OUT_4=34
THERMAL_SENS_OUT_5=45
THERMAL_SENS_OUT_6=-50
THERMAL_SENS_INT_1=27
THERMAL_SENS_INT_2=26
PG_5=0
PG_9=0
PG_12=0
FLT_P2=0
FLT_P3=0
HEAT_1_TEMP=38
HEAT_1_DUTY=0
HEAT_2_TEMP=36
HEAT_2_DUTY=50
HEAT_3_TEMP=34
HEAT_3_DUTY=0
HEAT_4_TEMP=45
HEAT_4_DUTY=0

[21:08:30.333 EBOX]
TS=1786204001.827
V_SENSE5=1.20361328125
V_SENSE9=0.0341796875
V_SENSE12=0.14404296875
ADC_V5=4.9383544921875
ADC_V9=9.26605224609375
ADC_V12=11.65557861328125
ADC_V28=28.143310546875
THERMAL_SENS_OUT_1=37
THERMAL_SENS_OUT_2=-50
THERMAL_SENS_OUT_3=35
THERMAL_SENS_OUT_4=39
THERMAL_SENS_OUT_5=41
THERMAL_SENS_OUT_6=-50
THERMAL_SENS_INT_1=24
THERMAL_SENS_INT_2=28
PG_5=0
PG_9=0
PG_12=0
FLT_P2=0
FLT_P3=0
HEAT_1_TEMP=37
HEAT_1_DUTY=0
HEAT_2_TEMP=35
HEAT_2_DUTY=50
HEAT_3_TEMP=39
HEAT_3_DUTY=0
HEAT_4_TEMP=41
HEAT_4_DUTY=0

[21:08:30.870 EBOX]
TS=1786204002.248
V_SENSE5=0.95947265625
V_SENSE9=2.9736328125
V_SENSE12=0.0244140625
ADC_V5=4.8675537109375
ADC_V9=9.41650390625
ADC_V12=11.62017822265625
ADC_V28=27.8955078125
THERMAL_SENS_OUT_1=36
THERMAL_SENS_OUT_2=-50
THERMAL_SENS_OUT_3=33
THERMAL_SENS_OUT_4=38
THERMAL_SENS_OUT_5=40
THERMAL_SENS_OUT_6=-50
THERMAL_SENS_INT_1=26
THERMAL_SENS_INT_2=28
PG_5=0
PG_9=0
PG_12=0
FLT_P2=0
FLT_P3=0
HEAT_1_TEMP=36
HEAT_1_DUTY=0
HEAT_2_TEMP=33
HEAT_2_DUTY=0
HEAT_3_TEMP=38
HEAT_3_DUTY=50
HEAT_4_TEMP=40
HEAT_4_DUTY=0

[21:08:31.419 EBOX]
TS=1786204002.774
V_SENSE5=1.2060546875
V_SENSE9=0.0390625
V_SENSE12=0.10986328125
ADC_V5=5.0091552734375
ADC_V9=9.027099609375
ADC_V12=11.9122314453125
ADC_V28=27.62115478515625
THERMAL_SENS_OUT_1=37
THERMAL_SENS_OUT_2=-50
THERMAL_SENS_OUT_3=34
THERMAL_SENS_OUT_4=39
THERMAL_SENS_OUT_5=41
THERMAL_SENS_OUT_6=-50
THERMAL_SENS_INT_1=26
THERMAL_SENS_INT_2=32
PG_5=0
PG_9=0
PG_12=0
FLT_P2=0
FLT_P3=0
HEAT_1_TEMP=37
HEAT_1_DUTY=0
HEAT_2_TEMP=34
HEAT_2_DUTY=0
HEAT_3_TEMP=39
HEAT_3_DUTY=50
HEAT_4_TEMP=41
HEAT_4_DUTY=0

[21:08:31.866 EBOX]
TS=1786204003.292
V_SENSE5=0.72021484375
V_SENSE9=2.46826171875
V_SENSE12=0.44677734375
ADC_V5=4.9560546875
ADC_V9=9.14215087890625
ADC_V12=11.7529296875
ADC_V28=27.435302734375
THERMAL_SENS_OUT_1=42
THERMAL_SENS_OUT_2=-50
THERMAL_SENS_OUT_3=38
THERMAL_SENS_OUT_4=35
THERMAL_SENS_OUT_5=44
THERMAL_SENS_OUT_6=-50
THERMAL_SENS_INT_1=27
THERMAL_SENS_INT_2=26
PG_5=0
PG_9=0
PG_12=0
FLT_P2=0
FLT_P3=0
HEAT_1_TEMP=42
HEAT_1_DUTY=0
HEAT_2_TEMP=38
HEAT_2_DUTY=0
HEAT_3_TEMP=35
HEAT_3_DUTY=0
HEAT_4_TEMP=44
HEAT_4_DUTY=50

[21:08:32.415 EBOX]
TS=1786204003.818
V_SENSE5=1.171875
V_SENSE9=0.0390625
V_SENSE12=0.1171875
ADC_V5=4.92950439453125
ADC_V9=9.3988037109375
ADC_V12=11.7706298828125
ADC_V28=27.6123046875
THERMAL_SENS_OUT_1=37
THERMAL_SENS_OUT_2=-50
THERMAL_SENS_OUT_3=33
THERMAL_SENS_OUT_4=37
THERMAL_SENS_OUT_5=43
THERMAL_SENS_OUT_6=-50
THERMAL_SENS_INT_1=29
THERMAL_SENS_INT_2=27
PG_5=0
PG_9=0
PG_12=0
FLT_P2=0
FLT_P3=0
HEAT_1_TEMP=37
HEAT_1_DUTY=0
HEAT_2_TEMP=33
HEAT_2_DUTY=0
HEAT_3_TEMP=37
HEAT_3_DUTY=0
HEAT_4_TEMP=43
HEAT_4_DUTY=50

[21:08:32.962 EBOX]
TS=1786204004.350
V_SENSE5=1.30615234375
V_SENSE9=1.1474609375
V_SENSE12=0.0341796875
ADC_V5=5.0091552734375
ADC_V9=9.30145263671875
ADC_V12=11.69097900390625
ADC_V28=27.6123046875
THERMAL_SENS_OUT_1=45
THERMAL_SENS_OUT_2=-50
THERMAL_SENS_OUT_3=39
THERMAL_SENS_OUT_4=36
THERMAL_SENS_OUT_5=47
THERMAL_SENS_OUT_6=-50
THERMAL_SENS_INT_1=30
THERMAL_SENS_INT_2=28
PG_5=0
PG_9=0
PG_12=0
FLT_P2=0
FLT_P3=0
HEAT_1_TEMP=45
HEAT_1_DUTY=50
HEAT_2_TEMP=39
HEAT_2_DUTY=0
HEAT_3_TEMP=36
HEAT_3_DUTY=0
HEAT_4_TEMP=47
HEAT_4_DUTY=0

[21:08:33.409 EBOX]
TS=1786204004.873
V_SENSE5=1.171875
V_SENSE9=0.0341796875
V_SENSE12=0.11962890625
ADC_V5=4.849853515625
ADC_V9=9.01824951171875
ADC_V12=11.88568115234375
ADC_V28=27.79815673828125
THERMAL_SENS_OUT_1=42
THERMAL_SENS_OUT_2=-50
THERMAL_SENS_OUT_3=34
THERMAL_SENS_OUT_4=38
THERMAL_SENS_OUT_5=42
THERMAL_SENS_OUT_6=-50
THERMAL_SENS_INT_1=25
THERMAL_SENS_INT_2=31
PG_5=0
PG_9=0
PG_12=0
FLT_P2=0
FLT_P3=0
HEAT_1_TEMP=42
HEAT_1_DUTY=50
HEAT_2_TEMP=34
HEAT_2_DUTY=0
HEAT_3_TEMP=38
HEAT_3_DUTY=0
HEAT_4_TEMP=42
HEAT_4_DUTY=0

[21:08:33.975 EBOX]
TS=1786204005.399
V_SENSE5=1.15966796875
V_SENSE9=0.03662109375
V_SENSE12=0.13916015625
ADC_V5=4.9029541015625
ADC_V9=9.345703125
ADC_V12=11.86798095703125
ADC_V28=27.7008056640625
THERMAL_SENS_OUT_1=39
THERMAL_SENS_OUT_2=-50
THERMAL_SENS_OUT_3=36
THERMAL_SENS_OUT_4=36
THERMAL_SENS_OUT_5=47
THERMAL_SENS_OUT_6=-50
THERMAL_SENS_INT_1=28
THERMAL_SENS_INT_2=27
PG_5=0
PG_9=0
PG_12=0
FLT_P2=0
FLT_P3=0
HEAT_1_TEMP=39
HEAT_1_DUTY=0
HEAT_2_TEMP=36
HEAT_2_DUTY=0
HEAT_3_TEMP=36
HEAT_3_DUTY=0
HEAT_4_TEMP=47
HEAT_4_DUTY=0

[21:08:34.423 EBOX]
TS=1786204005.926
V_SENSE5=1.16943359375
V_SENSE9=0.0341796875
V_SENSE12=0.126953125
ADC_V5=4.9029541015625
ADC_V9=8.9031982421875
ADC_V12=11.69097900390625
ADC_V28=27.647705078125
THERMAL_SENS_OUT_1=40
THERMAL_SENS_OUT_2=-50
THERMAL_SENS_OUT_3=37
THERMAL_SENS_OUT_4=39
THERMAL_SENS_OUT_5=42
THERMAL_SENS_OUT_6=-50
THERMAL_SENS_INT_1=30
THERMAL_SENS_INT_2=27
PG_5=0
PG_9=0
PG_12=0
FLT_P2=0
FLT_P3=0
HEAT_1_TEMP=40
HEAT_1_DUTY=0
HEAT_2_TEMP=37
HEAT_2_DUTY=0
HEAT_3_TEMP=39
HEAT_3_DUTY=0
HEAT_4_TEMP=42
HEAT_4_DUTY=0

[21:08:34.977 EBOX]
TS=1786204006.452
V_SENSE5=1.18896484375
V_SENSE9=0.0341796875
V_SENSE12=0.10986328125
ADC_V5=4.920654296875
ADC_V9=9.23065185546875
ADC_V12=11.717529296875
ADC_V28=28.001708984375
THERMAL_SENS_OUT_1=41
THERMAL_SENS_OUT_2=-50
THERMAL_SENS_OUT_3=37
THERMAL_SENS_OUT_4=37
THERMAL_SENS_OUT_5=42
THERMAL_SENS_OUT_6=-50
THERMAL_SENS_INT_1=24
THERMAL_SENS_INT_2=29
PG_5=0
PG_9=0
PG_12=0
FLT_P2=0
FLT_P3=0
HEAT_1_TEMP=41
HEAT_1_DUTY=0
HEAT_2_TEMP=37
HEAT_2_DUTY=0
HEAT_3_TEMP=37
HEAT_3_DUTY=0
HEAT_4_TEMP=42
HEAT_4_DUTY=0

[21:08:35.524 EBOX]
TS=1786204006.980
V_SENSE5=1.19384765625
V_SENSE9=0.0390625
V_SENSE12=0.1220703125
ADC_V5=5.0091552734375
ADC_V9=9.41650390625
ADC_V12=11.99188232421875
ADC_V28=27.70965576171875
THERMAL_SENS_OUT_1=36
THERMAL_SENS_OUT_2=-50
THERMAL_SENS_OUT_3=34
THERMAL_SENS_OUT_4=40
THERMAL_SENS_OUT_5=43
THERMAL_SENS_OUT_6=-50
THERMAL_SENS_INT_1=26
THERMAL_SENS_INT_2=31
PG_5=0
PG_9=0
PG_12=0
FLT_P2=0
FLT_P3=0
HEAT_1_TEMP=36
HEAT_1_DUTY=0
HEAT_2_TEMP=34
HEAT_2_DUTY=0
HEAT_3_TEMP=40
HEAT_3_DUTY=0
HEAT_4_TEMP=43
HEAT_4_DUTY=0

[21:08:35.967 EBOX]
TS=1786204007.503
V_SENSE5=1.18408203125
V_SENSE9=0.0390625
V_SENSE12=0.1318359375
ADC_V5=4.98260498046875
ADC_V9=9.097900390625
ADC_V12=11.788330078125
ADC_V28=27.67425537109375
THERMAL_SENS_OUT_1=43
THERMAL_SENS_OUT_2=-50
THERMAL_SENS_OUT_3=39
THERMAL_SENS_OUT_4=36
THERMAL_SENS_OUT_5=47
THERMAL_SENS_OUT_6=-50
THERMAL_SENS_INT_1=27
THERMAL_SENS_INT_2=27
PG_5=0
PG_9=0
PG_12=0
FLT_P2=0
FLT_P3=0
HEAT_1_TEMP=43
HEAT_1_DUTY=0
HEAT_2_TEMP=39
HEAT_2_DUTY=0
HEAT_3_TEMP=36
HEAT_3_DUTY=0
HEAT_4_TEMP=47
HEAT_4_DUTY=0

[21:08:36.522 EBOX]
TS=1786204008.029
V_SENSE5=1.2451171875
V_SENSE9=0.0341796875
V_SENSE12=0.146484375
ADC_V5=4.96490478515625
ADC_V9=9.1510009765625
ADC_V12=11.54937744140625
ADC_V28=27.95745849609375
THERMAL_SENS_OUT_1=40
THERMAL_SENS_OUT_2=-50
THERMAL_SENS_OUT_3=35
THERMAL_SENS_OUT_4=40
THERMAL_SENS_OUT_5=46
THERMAL_SENS_OUT_6=-50
THERMAL_SENS_INT_1=30
THERMAL_SENS_INT_2=29
PG_5=0
PG_9=0
PG_12=0
FLT_P2=0
FLT_P3=0
HEAT_1_TEMP=40
HEAT_1_DUTY=0
HEAT_2_TEMP=35
HEAT_2_DUTY=0
HEAT_3_TEMP=40
HEAT_3_DUTY=0
HEAT_4_TEMP=46
HEAT_4_DUTY=0

[21:08:37.066 EBOX]
TS=1786204008.450
V_SENSE5=1.181640625
V_SENSE9=0.0341796875
V_SENSE12=0.12451171875
ADC_V5=4.94720458984375
ADC_V9=9.381103515625
ADC_V12=11.82373046875
ADC_V28=27.85125732421875
THERMAL_SENS_OUT_1=39
THERMAL_SENS_OUT_2=-50
THERMAL_SENS_OUT_3=33
THERMAL_SENS_OUT_4=36
THERMAL_SENS_OUT_5=45
THERMAL_SENS_OUT_6=-50
THERMAL_SENS_INT_1=29
THERMAL_SENS_INT_2=28
PG_5=0
PG_9=0
PG_12=0
FLT_P2=0
FLT_P3=0
HEAT_1_TEMP=39
HEAT_1_DUTY=0
HEAT_2_TEMP=33
HEAT_2_DUTY=0
HEAT_3_TEMP=36
HEAT_3_DUTY=0
HEAT_4_TEMP=45
HEAT_4_DUTY=0

[21:08:37.511 EBOX]
TS=1786204008.976
V_SENSE5=1.15478515625
V_SENSE9=0.03662109375
V_SENSE12=0.1318359375
ADC_V5=4.98260498046875
ADC_V9=9.05364990234375
ADC_V12=11.611328125
ADC_V28=28.037109375
THERMAL_SENS_OUT_1=37
THERMAL_SENS_OUT_2=-50
THERMAL_SENS_OUT_3=39
THERMAL_SENS_OUT_4=37
THERMAL_SENS_OUT_5=42
THERMAL_SENS_OUT_6=-50
THERMAL_SENS_INT_1=26
THERMAL_SENS_INT_2=31
PG_5=0
PG_9=0
PG_12=0
FLT_P2=0
FLT_P3=0
HEAT_1_TEMP=37
HEAT_1_DUTY=0
HEAT_2_TEMP=39
HEAT_2_DUTY=50
HEAT_3_TEMP=37
HEAT_3_DUTY=0
HEAT_4_TEMP=42
HEAT_4_DUTY=0

[21:08:38.058 EBOX]
TS=1786204009.503
V_SENSE5=0.92529296875
V_SENSE9=2.021484375
V_SENSE12=0.07568359375
ADC_V5=4.9560546875
ADC_V9=9.33685302734375
ADC_V12=11.89453125
ADC_V28=27.05474853515625
THERMAL_SENS_OUT_1=36
THERMAL_SENS_OUT_2=-50
THERMAL_SENS_OUT_3=34
THERMAL_SENS_OUT_4=40
THERMAL_SENS_OUT_5=46
THERMAL_SENS_OUT_6=-50
THERMAL_SENS_INT_1=27
THERMAL_SENS_INT_2=26
PG_5=0
PG_9=0
PG_12=0
FLT_P2=0
FLT_P3=0
HEAT_1_TEMP=36
HEAT_1_DUTY=0
HEAT_2_TEMP=34
HEAT_2_DUTY=50
HEAT_3_TEMP=40
HEAT_3_DUTY=0
HEAT_4_TEMP=46
HEAT_4_DUTY=0

[21:08:38.616 EBOX]
TS=1786204010.030
V_SENSE5=0.9375
V_SENSE9=1.630859375
V_SENSE12=0.07080078125
ADC_V5=4.85870361328125
ADC_V9=9.451904296875
ADC_V12=11.5582275390625
ADC_V28=27.647705078125
THERMAL_SENS_OUT_1=42
THERMAL_SENS_OUT_2=-50
THERMAL_SENS_OUT_3=34
THERMAL_SENS_OUT_4=39
THERMAL_SENS_OUT_5=42
THERMAL_SENS_OUT_6=-50
THERMAL_SENS_INT_1=26
THERMAL_SENS_INT_2=26
PG_5=0
PG_9=0
PG_12=0
FLT_P2=0
FLT_P3=0
HEAT_1_TEMP=42
HEAT_1_DUTY=0
HEAT_2_TEMP=34
HEAT_2_DUTY=0
HEAT_3_TEMP=39
HEAT_3_DUTY=50
HEAT_4_TEMP=42
HEAT_4_DUTY=0

[21:08:39.055 EBOX]
TS=1786204010.556
V_SENSE5=1.14501953125
V_SENSE9=0.0341796875
V_SENSE12=0.1220703125
ADC_V5=4.920654296875
ADC_V9=9.46075439453125
ADC_V12=11.7706298828125
ADC_V28=27.67425537109375
THERMAL_SENS_OUT_1=41
THERMAL_SENS_OUT_2=-50
THERMAL_SENS_OUT_3=33
THERMAL_SENS_OUT_4=35
THERMAL_SENS_OUT_5=43
THERMAL_SENS_OUT_6=-50
THERMAL_SENS_INT_1=24
THERMAL_SENS_INT_2=28
PG_5=0
PG_9=0
PG_12=0
FLT_P2=0
FLT_P3=0
HEAT_1_TEMP=41
HEAT_1_DUTY=0
HEAT_2_TEMP=33
HEAT_2_DUTY=0
HEAT_3_TEMP=35
HEAT_3_DUTY=50
HEAT_4_TEMP=43
HEAT_4_DUTY=0

[21:08:39.634 EBOX]
TS=1786204011.082
V_SENSE5=1.28662109375
V_SENSE9=1.6552734375
V_SENSE12=0.1171875
ADC_V5=4.9029541015625
ADC_V9=9.17755126953125
ADC_V12=11.92108154296875
ADC_V28=27.12554931640625
THERMAL_SENS_OUT_1=37
THERMAL_SENS_OUT_2=-50
THERMAL_SENS_OUT_3=36
THERMAL_SENS_OUT_4=36
THERMAL_SENS_OUT_5=45
THERMAL_SENS_OUT_6=-50
THERMAL_SENS_INT_1=29
THERMAL_SENS_INT_2=27
PG_5=0
PG_9=0
PG_12=0
FLT_P2=0
FLT_P3=0
HEAT_1_TEMP=37
HEAT_1_DUTY=0
HEAT_2_TEMP=36
HEAT_2_DUTY=0
HEAT_3_TEMP=36
HEAT_3_DUTY=0
HEAT_4_TEMP=45
HEAT_4_DUTY=50

[21:08:40.084 EBOX]
TS=1786204011.609
V_SENSE5=1.16943359375
V_SENSE9=0.06591796875
V_SENSE12=0.1171875
ADC_V5=4.8675537109375
ADC_V9=9.40765380859375
ADC_V12=11.74407958984375
ADC_V28=27.23175048828125
THERMAL_SENS_OUT_1=37
THERMAL_SENS_OUT_2=-50
THERMAL_SENS_OUT_3=40
THERMAL_SENS_OUT_4=36
THERMAL_SENS_OUT_5=44
THERMAL_SENS_OUT_6=-50
THERMAL_SENS_INT_1=24
THERMAL_SENS_INT_2=28
PG_5=0
PG_9=0
PG_12=0
FLT_P2=0
FLT_P3=0
HEAT_1_TEMP=37
HEAT_1_DUTY=0
HEAT_2_TEMP=40
HEAT_2_DUTY=0
HEAT_3_TEMP=36
HEAT_3_DUTY=0
HEAT_4_TEMP=44
HEAT_4_DUTY=50

[21:08:40.658 EBOX]
TS=1786204012.135
V_SENSE5=1.18896484375
V_SENSE9=2.26318359375
V_SENSE12=0.0244140625
ADC_V5=4.849853515625
ADC_V9=9.41650390625
ADC_V12=11.76177978515625
ADC_V28=27.0458984375
THERMAL_SENS_OUT_1=31
THERMAL_SENS_OUT_2=-50
THERMAL_SENS_OUT_3=36
THERMAL_SENS_OUT_4=39
THERMAL_SENS_OUT_5=43
THERMAL_SENS_OUT_6=-50
THERMAL_SENS_INT_1=26
THERMAL_SENS_INT_2=31
PG_5=0
PG_9=0
PG_12=0
FLT_P2=0
FLT_P3=0
HEAT_1_TEMP=31
HEAT_1_DUTY=50
HEAT_2_TEMP=36
HEAT_2_DUTY=0
HEAT_3_TEMP=39
HEAT_3_DUTY=0
HEAT_4_TEMP=43
HEAT_4_DUTY=0

[21:08:41.115 EBOX]
TS=1786204012.557
V_SENSE5=1.15478515625
V_SENSE9=0.0390625
V_SENSE12=0.13671875
ADC_V5=4.82330322265625
ADC_V9=8.91204833984375
ADC_V12=11.5228271484375
ADC_V28=27.0989990234375
THERMAL_SENS_OUT_1=42
THERMAL_SENS_OUT_2=-50
THERMAL_SENS_OUT_3=34
THERMAL_SENS_OUT_4=38
THERMAL_SENS_OUT_5=47
THERMAL_SENS_OUT_6=-50
THERMAL_SENS_INT_1=25
THERMAL_SENS_INT_2=29
PG_5=0
PG_9=0
PG_12=0
FLT_P2=0
FLT_P3=0
HEAT_1_TEMP=42
HEAT_1_DUTY=50
HEAT_2_TEMP=34
HEAT_2_DUTY=0
HEAT_3_TEMP=38
HEAT_3_DUTY=0
HEAT_4_TEMP=47
HEAT_4_DUTY=0

[21:08:41.674 EBOX]
TS=1786204013.088
V_SENSE5=1.20849609375
V_SENSE9=0.0341796875
V_SENSE12=0.1123046875
ADC_V5=4.92950439453125
ADC_V9=8.94744873046875
ADC_V12=11.8768310546875
ADC_V28=27.39990234375
THERMAL_SENS_OUT_1=36
THERMAL_SENS_OUT_2=-50
THERMAL_SENS_OUT_3=35
THERMAL_SENS_OUT_4=40
THERMAL_SENS_OUT_5=43
THERMAL_SENS_OUT_6=-50
THERMAL_SENS_INT_1=24
THERMAL_SENS_INT_2=31
PG_5=0
PG_9=0
PG_12=0
FLT_P2=0
FLT_P3=0
HEAT_1_TEMP=36
HEAT_1_DUTY=0
HEAT_2_TEMP=35
HEAT_2_DUTY=0
HEAT_3_TEMP=40
HEAT_3_DUTY=0
HEAT_4_TEMP=43
HEAT_4_DUTY=0

[21:08:42.230 EBOX]
TS=1786204013.615
V_SENSE5=1.13037109375
V_SENSE9=0.0390625
V_SENSE12=0.12451171875
ADC_V5=4.96490478515625
ADC_V9=9.41650390625
ADC_V12=11.611328125
ADC_V28=27.5946044921875
THERMAL_SENS_OUT_1=41
THERMAL_SENS_OUT_2=-50
THERMAL_SENS_OUT_3=39
THERMAL_SENS_OUT_4=37
THERMAL_SENS_OUT_5=47
THERMAL_SENS_OUT_6=-50
THERMAL_SENS_INT_1=30
THERMAL_SENS_INT_2=28
PG_5=0
PG_9=0
PG_12=0
FLT_P2=0
FLT_P3=0
HEAT_1_TEMP=41
HEAT_1_DUTY=0
HEAT_2_TEMP=39
HEAT_2_DUTY=0
HEAT_3_TEMP=37
HEAT_3_DUTY=0
HEAT_4_TEMP=47
HEAT_4_DUTY=0

[21:08:42.687 EBOX]
TS=1786204014.142
V_SENSE5=1.22802734375
V_SENSE9=0.07080078125
V_SENSE12=0.12939453125
ADC_V5=4.84100341796875
ADC_V9=8.99169921875
ADC_V12=11.51397705078125
ADC_V28=27.8778076171875
THERMAL_SENS_OUT_1=42
THERMAL_SENS_OUT_2=-50
THERMAL_SENS_OUT_3=39
THERMAL_SENS_OUT_4=37
THERMAL_SENS_OUT_5=47
THERMAL_SENS_OUT_6=-50
THERMAL_SENS_INT_1=30
THERMAL_SENS_INT_2=28
PG_5=0
PG_9=0
PG_12=0
FLT_P2=0
FLT_P3=0
HEAT_1_TEMP=42
HEAT_1_DUTY=0
HEAT_2_TEMP=39
HEAT_2_DUTY=0
HEAT_3_TEMP=37
HEAT_3_DUTY=0
HEAT_4_TEMP=47
HEAT_4_DUTY=0

[21:08:43.246 EBOX]
TS=1786204014.669
V_SENSE5=1.18896484375
V_SENSE9=0.03662109375
V_SENSE12=0.1171875
ADC_V5=4.9383544921875
ADC_V9=9.19525146484375
ADC_V12=11.83258056640625
ADC_V28=28.01055908203125
THERMAL_SENS_OUT_1=39
THERMAL_SENS_OUT_2=-50
THERMAL_SENS_OUT_3=36
THERMAL_SENS_OUT_4=41
THERMAL_SENS_OUT_5=42
THERMAL_SENS_OUT_6=-50
THERMAL_SENS_INT_1=29
THERMAL_SENS_INT_2=26
PG_5=0
PG_9=0
PG_12=0
FLT_P2=0
FLT_P3=0
HEAT_1_TEMP=39
HEAT_1_DUTY=0
HEAT_2_TEMP=36
HEAT_2_DUTY=0
HEAT_3_TEMP=41
HEAT_3_DUTY=0
HEAT_4_TEMP=42
HEAT_4_DUTY=0

[21:08:43.716 EBOX]
TS=1786204015.196
V_SENSE5=1.18408203125
V_SENSE9=0.03662109375
V_SENSE12=0.11962890625
ADC_V5=4.9737548828125
ADC_V9=9.345703125
ADC_V12=11.85028076171875
ADC_V28=27.8955078125
THERMAL_SENS_OUT_1=40
THERMAL_SENS_OUT_2=-50
THERMAL_SENS_OUT_3=34
THERMAL_SENS_OUT_4=38
THERMAL_SENS_OUT_5=47
THERMAL_SENS_OUT_6=-50
THERMAL_SENS_INT_1=26
THERMAL_SENS_INT_2=31
PG_5=0
PG_9=0
PG_12=0
FLT_P2=0
FLT_P3=0
HEAT_1_TEMP=40
HEAT_1_DUTY=0
HEAT_2_TEMP=34
HEAT_2_DUTY=0
HEAT_3_TEMP=38
HEAT_3_DUTY=0
HEAT_4_TEMP=47
HEAT_4_DUTY=0

[21:08:44.267 EBOX]
TS=1786204015.722
V_SENSE5=1.16943359375
V_SENSE9=0.0390625
V_SENSE12=0.10498046875
ADC_V5=4.849853515625
ADC_V9=9.239501953125
ADC_V12=11.4874267578125
ADC_V28=27.82470703125
THERMAL_SENS_OUT_1=42
THERMAL_SENS_OUT_2=-50
THERMAL_SENS_OUT_3=40
THERMAL_SENS_OUT_4=37
THERMAL_SENS_OUT_5=47
THERMAL_SENS_OUT_6=-50
THERMAL_SENS_INT_1=28
THERMAL_SENS_INT_2=26
PG_5=0
PG_9=0
PG_12=0
FLT_P2=0
FLT_P3=0
HEAT_1_TEMP=42
HEAT_1_DUTY=0
HEAT_2_TEMP=40
HEAT_2_DUTY=0
HEAT_3_TEMP=37
HEAT_3_DUTY=0
HEAT_4_TEMP=47
HEAT_4_DUTY=0

[21:08:44.814 EBOX]
TS=1786204016.249
V_SENSE5=1.142578125
V_SENSE9=0.0341796875
V_SENSE12=0.10986328125
ADC_V5=4.814453125
ADC_V9=9.10675048828125
ADC_V12=11.74407958984375
ADC_V28=27.63885498046875
THERMAL_SENS_OUT_1=37
THERMAL_SENS_OUT_2=-50
THERMAL_SENS_OUT_3=35
THERMAL_SENS_OUT_4=38
THERMAL_SENS_OUT_5=44
THERMAL_SENS_OUT_6=-50
THERMAL_SENS_INT_1=29
THERMAL_SENS_INT_2=27
PG_5=0
PG_9=0
PG_12=0
FLT_P2=0
FLT_P3=0
HEAT_1_TEMP=37
HEAT_1_DUTY=0
HEAT_2_TEMP=35
HEAT_2_DUTY=0
HEAT_3_TEMP=38
HEAT_3_DUTY=0
HEAT_4_TEMP=44
HEAT_4_DUTY=0

[21:08:45.262 EBOX]
TS=1786204016.775
V_SENSE5=1.26953125
V_SENSE9=0.03662109375
V_SENSE12=0.1123046875
ADC_V5=4.94720458984375
ADC_V9=9.2572021484375
ADC_V12=11.7529296875
ADC_V28=27.39105224609375
THERMAL_SENS_OUT_1=37
THERMAL_SENS_OUT_2=-50
THERMAL_SENS_OUT_3=38
THERMAL_SENS_OUT_4=35
THERMAL_SENS_OUT_5=45
THERMAL_SENS_OUT_6=-50
THERMAL_SENS_INT_1=27
THERMAL_SENS_INT_2=26
PG_5=0
PG_9=0
PG_12=0
FLT_P2=0
FLT_P3=0
HEAT_1_TEMP=37
HEAT_1_DUTY=0
HEAT_2_TEMP=38
HEAT_2_DUTY=0
HEAT_3_TEMP=35
HEAT_3_DUTY=0
HEAT_4_TEMP=45
HEAT_4_DUTY=0

[21:08:45.810 EBOX]
TS=1786204017.303
V_SENSE5=1.07666015625
V_SENSE9=1.25
V_SENSE12=0.0390625
ADC_V5=4.92950439453125
ADC_V9=9.3634033203125
ADC_V12=11.929931640625
ADC_V28=27.14324951171875
THERMAL_SENS_OUT_1=37
THERMAL_SENS_OUT_2=-50
THERMAL_SENS_OUT_3=37
THERMAL_SENS_OUT_4=35
THERMAL_SENS_OUT_5=44
THERMAL_SENS_OUT_6=-50
THERMAL_SENS_INT_1=27
THERMAL_SENS_INT_2=29
PG_5=0
PG_9=0
PG_12=0
FLT_P2=0
FLT_P3=0
HEAT_1_TEMP=37
HEAT_1_DUTY=0
HEAT_2_TEMP=37
HEAT_2_DUTY=50
HEAT_3_TEMP=35
HEAT_3_DUTY=0
HEAT_4_TEMP=44
HEAT_4_DUTY=0

[21:08:46.360 EBOX]
TS=1786204017.828
V_SENSE5=1.181640625
V_SENSE9=0.0341796875
V_SENSE12=0.1416015625
ADC_V5=5.0091552734375
ADC_V9=9.0802001953125
ADC_V12=11.62017822265625
ADC_V28=27.46185302734375
THERMAL_SENS_OUT_1=39
THERMAL_SENS_OUT_2=-50
THERMAL_SENS_OUT_3=33
THERMAL_SENS_OUT_4=35
THERMAL_SENS_OUT_5=43
THERMAL_SENS_OUT_6=-50
THERMAL_SENS_INT_1=26
THERMAL_SENS_INT_2=30
PG_5=0
PG_9=0
PG_12=0
FLT_P2=0
FLT_P3=0
HEAT_1_TEMP=39
HEAT_1_DUTY=0
HEAT_2_TEMP=33
HEAT_2_DUTY=50
HEAT_3_TEMP=35
HEAT_3_DUTY=0
HEAT_4_TEMP=43
HEAT_4_DUTY=0

[21:08:46.899 EBOX]
TS=1786204018.249
V_SENSE5=1.4306640625
V_SENSE9=1.591796875
V_SENSE12=0.0244140625
ADC_V5=4.88525390625
ADC_V9=9.28375244140625
ADC_V12=11.6998291015625
ADC_V28=27.42645263671875
THERMAL_SENS_OUT_1=41
THERMAL_SENS_OUT_2=-50
THERMAL_SENS_OUT_3=36
THERMAL_SENS_OUT_4=40
THERMAL_SENS_OUT_5=42
THERMAL_SENS_OUT_6=-50
THERMAL_SENS_INT_1=28
THERMAL_SENS_INT_2=28
PG_5=0
PG_9=0
PG_12=0
FLT_P2=0
FLT_P3=0
HEAT_1_TEMP=41
HEAT_1_DUTY=0
HEAT_2_TEMP=36
HEAT_2_DUTY=0
HEAT_3_TEMP=40
HEAT_3_DUTY=50
HEAT_4_TEMP=42
HEAT_4_DUTY=0

[21:08:47.347 EBOX]
TS=1786204018.777
V_SENSE5=1.1669921875
V_SENSE9=0.03662109375
V_SENSE12=0.12451171875
ADC_V5=4.8675537109375
ADC_V9=9.168701171875
ADC_V12=11.54052734375
ADC_V28=27.8955078125
THERMAL_SENS_OUT_1=42
THERMAL_SENS_OUT_2=-50
THERMAL_SENS_OUT_3=39
THERMAL_SENS_OUT_4=36
THERMAL_SENS_OUT_5=45
THERMAL_SENS_OUT_6=-50
THERMAL_SENS_INT_1=29
THERMAL_SENS_INT_2=30
PG_5=0
PG_9=0
PG_12=0
FLT_P2=0
FLT_P3=0
HEAT_1_TEMP=42
HEAT_1_DUTY=0
HEAT_2_TEMP=39
HEAT_2_DUTY=0
HEAT_3_TEMP=36
HEAT_3_DUTY=50
HEAT_4_TEMP=45
HEAT_4_DUTY=0

[21:08:47.889 EBOX]
TS=1786204019.309
V_SENSE5=0.73974609375
V_SENSE9=1.015625
V_SENSE12=0.205078125
ADC_V5=4.9383544921875
ADC_V9=9.3280029296875
ADC_V12=11.717529296875
ADC_V28=27.32025146484375
THERMAL_SENS_OUT_1=42
THERMAL_SENS_OUT_2=-50
THERMAL_SENS_OUT_3=37
THERMAL_SENS_OUT_4=40
THERMAL_SENS_OUT_5=43
THERMAL_SENS_OUT_6=-50
THERMAL_SENS_INT_1=25
THERMAL_SENS_INT_2=30
PG_5=0
PG_9=0
PG_12=0
FLT_P2=0
FLT_P3=0
HEAT_1_TEMP=42
HEAT_1_DUTY=0
HEAT_2_TEMP=37
HEAT_2_DUTY=0
HEAT_3_TEMP=40
HEAT_3_DUTY=0
HEAT_4_TEMP=43
HEAT_4_DUTY=50

[21:08:48.429 EBOX]
TS=1786204019.827
V_SENSE5=1.15234375
V_SENSE9=0.03662109375
V_SENSE12=0.1318359375
ADC_V5=4.85870361328125
ADC_V9=9.44305419921875
ADC_V12=11.62017822265625
ADC_V28=28.11676025390625
THERMAL_SENS_OUT_1=39
THERMAL_SENS_OUT_2=-50
THERMAL_SENS_OUT_3=38
THERMAL_SENS_OUT_4=37
THERMAL_SENS_OUT_5=42
THERMAL_SENS_OUT_6=-50
THERMAL_SENS_INT_1=29
THERMAL_SENS_INT_2=26
PG_5=0
PG_9=0
PG_12=0
FLT_P2=0
FLT_P3=0
HEAT_1_TEMP=39
HEAT_1_DUTY=0
HEAT_2_TEMP=38
HEAT_2_DUTY=0
HEAT_3_TEMP=37
HEAT_3_DUTY=0
HEAT_4_TEMP=42
HEAT_4_DUTY=50

[21:08:48.966 EBOX]
TS=1786204020.352
V_SENSE5=0.71044921875
V_SENSE9=2.18994140625
V_SENSE12=0.390625
ADC_V5=4.84100341796875
ADC_V9=9.4696044921875
ADC_V12=11.5936279296875
ADC_V28=27.82470703125
THERMAL_SENS_OUT_1=42
THERMAL_SENS_OUT_2=-50
THERMAL_SENS_OUT_3=36
THERMAL_SENS_OUT_4=40
THERMAL_SENS_OUT_5=43
THERMAL_SENS_OUT_6=-50
THERMAL_SENS_INT_1=25
THERMAL_SENS_INT_2=31
PG_5=0
PG_9=0
PG_12=0
FLT_P2=0
FLT_P3=0
HEAT_1_TEMP=42
HEAT_1_DUTY=50
HEAT_2_TEMP=36
HEAT_2_DUTY=0
HEAT_3_TEMP=40
HEAT_3_DUTY=0
HEAT_4_TEMP=43
HEAT_4_DUTY=0

[21:08:49.431 EBOX]
TS=1786204020.879
V_SENSE5=1.1669921875
V_SENSE9=0.04638671875
V_SENSE12=0.15380859375
ADC_V5=4.94720458984375
ADC_V9=9.21295166015625
ADC_V12=12.00958251953125
ADC_V28=27.79815673828125
THERMAL_SENS_OUT_1=39
THERMAL_SENS_OUT_2=-50
THERMAL_SENS_OUT_3=38
THERMAL_SENS_OUT_4=36
THERMAL_SENS_OUT_5=48
THERMAL_SENS_OUT_6=-50
THERMAL_SENS_INT_1=24
THERMAL_SENS_INT_2=31
PG_5=0
PG_9=0
PG_12=0
FLT_P2=0
FLT_P3=0
HEAT_1_TEMP=39
HEAT_1_DUTY=50
HEAT_2_TEMP=38
HEAT_2_DUTY=0
HEAT_3_TEMP=36
HEAT_3_DUTY=0
HEAT_4_TEMP=48
HEAT_4_DUTY=0

[21:08:49.972 EBOX]
TS=1786204021.402
V_SENSE5=1.181640625
V_SENSE9=0.03662109375
V_SENSE12=0.10986328125
ADC_V5=4.9737548828125
ADC_V9=9.47845458984375
ADC_V12=11.47857666015625
ADC_V28=27.7008056640625
THERMAL_SENS_OUT_1=42
THERMAL_SENS_OUT_2=-50
THERMAL_SENS_OUT_3=39
THERMAL_SENS_OUT_4=36
THERMAL_SENS_OUT_5=47
THERMAL_SENS_OUT_6=-50
THERMAL_SENS_INT_1=28
THERMAL_SENS_INT_2=26
PG_5=0
PG_9=0
PG_12=0
FLT_P2=0
FLT_P3=0
HEAT_1_TEMP=42
HEAT_1_DUTY=0
HEAT_2_TEMP=39
HEAT_2_DUTY=0
HEAT_3_TEMP=36
HEAT_3_DUTY=0
HEAT_4_TEMP=47
HEAT_4_DUTY=0

[21:08:50.518 EBOX]
TS=1786204021.930
V_SENSE5=1.23779296875
V_SENSE9=0.03662109375
V_SENSE12=0.1220703125
ADC_V5=4.920654296875
ADC_V9=8.956298828125
ADC_V12=11.6998291015625
ADC_V28=27.55035400390625
THERMAL_SENS_OUT_1=43
THERMAL_SENS_OUT_2=-50
THERMAL_SENS_OUT_3=36
THERMAL_SENS_OUT_4=39
THERMAL_SENS_OUT_5=48
THERMAL_SENS_OUT_6=-50
THERMAL_SENS_INT_1=26
THERMAL_SENS_INT_2=30
PG_5=0
PG_9=0
PG_12=0
FLT_P2=0
FLT_P3=0
HEAT_1_TEMP=43
HEAT_1_DUTY=0
HEAT_2_TEMP=36
HEAT_2_DUTY=0
HEAT_3_TEMP=39
HEAT_3_DUTY=0
HEAT_4_TEMP=48
HEAT_4_DUTY=0

[21:08:50.967 EBOX]
TS=1786204022.456
V_SENSE5=1.15966796875
V_SENSE9=0.0341796875
V_SENSE12=0.11474609375
ADC_V5=4.920654296875
ADC_V9=9.35455322265625
ADC_V12=11.77947998046875
ADC_V28=27.19635009765625
THERMAL_SENS_OUT_1=38
THERMAL_SENS_OUT_2=-50
THERMAL_SENS_OUT_3=34
THERMAL_SENS_OUT_4=39
THERMAL_SENS_OUT_5=44
THERMAL_SENS_OUT_6=-50
THERMAL_SENS_INT_1=29
THERMAL_SENS_INT_2=27
PG_5=0
PG_9=0
PG_12=0
FLT_P2=0
FLT_P3=0
HEAT_1_TEMP=38
HEAT_1_DUTY=0
HEAT_2_TEMP=34
HEAT_2_DUTY=0
HEAT_3_TEMP=39
HEAT_3_DUTY=0
HEAT_4_TEMP=44
HEAT_4_DUTY=0

[21:08:51.508 EBOX]
TS=1786204022.983
V_SENSE5=1.14990234375
V_SENSE9=0.0341796875
V_SENSE12=0.10986328125
ADC_V5=4.991455078125
ADC_V9=9.097900390625
ADC_V12=11.90338134765625
ADC_V28=28.06365966796875
THERMAL_SENS_OUT_1=40
THERMAL_SENS_OUT_2=-50
THERMAL_SENS_OUT_3=38
THERMAL_SENS_OUT_4=41
THERMAL_SENS_OUT_5=43
THERMAL_SENS_OUT_6=-50
THERMAL_SENS_INT_1=29
THERMAL_SENS_INT_2=28
PG_5=0
PG_9=0
PG_12=0
FLT_P2=0
FLT_P3=0
HEAT_1_TEMP=40
HEAT_1_DUTY=0
HEAT_2_TEMP=38
HEAT_2_DUTY=0
HEAT_3_TEMP=41
HEAT_3_DUTY=0
HEAT_4_TEMP=43
HEAT_4_DUTY=0

[21:08:52.058 EBOX]
TS=1786204023.511
V_SENSE5=1.19140625
V_SENSE9=0.03662109375
V_SENSE12=0.13671875
ADC_V5=4.96490478515625
ADC_V9=9.13330078125
ADC_V12=11.6998291015625
ADC_V28=27.60345458984375
THERMAL_SENS_OUT_1=36
THERMAL_SENS_OUT_2=-50
THERMAL_SENS_OUT_3=35
THERMAL_SENS_OUT_4=41
THERMAL_SENS_OUT_5=43
THERMAL_SENS_OUT_6=-50
THERMAL_SENS_INT_1=24
THERMAL_SENS_INT_2=27
PG_5=0
PG_9=0
PG_12=0
FLT_P2=0
FLT_P3=0
HEAT_1_TEMP=36
HEAT_1_DUTY=0
HEAT_2_TEMP=35
HEAT_2_DUTY=0
HEAT_3_TEMP=41
HEAT_3_DUTY=0
HEAT_4_TEMP=43
HEAT_4_DUTY=0

[21:08:52.506 EBOX]
TS=1786204024.037
V_SENSE5=1.1572265625
V_SENSE9=0.0341796875
V_SENSE12=0.11962890625
ADC_V5=5.0091552734375
ADC_V9=8.885498046875
ADC_V12=11.72637939453125
ADC_V28=27.68310546875
THERMAL_SENS_OUT_1=43
THERMAL_SENS_OUT_2=-50
THERMAL_SENS_OUT_3=40
THERMAL_SENS_OUT_4=36
THERMAL_SENS_OUT_5=42
THERMAL_SENS_OUT_6=-50
THERMAL_SENS_INT_1=30
THERMAL_SENS_INT_2=27
PG_5=0
PG_9=0
PG_12=0
FLT_P2=0
FLT_P3=0
HEAT_1_TEMP=43
HEAT_1_DUTY=0
HEAT_2_TEMP=40
HEAT_2_DUTY=0
HEAT_3_TEMP=36
HEAT_3_DUTY=0
HEAT_4_TEMP=42
HEAT_4_DUTY=0

[21:08:53.053 EBOX]
TS=1786204024.564
V_SENSE5=1.23291015625
V_SENSE9=0.07568359375
V_SENSE12=0.10009765625
ADC_V5=4.91180419921875
ADC_V9=8.9739990234375
ADC_V12=11.8768310546875
ADC_V28=27.576904296875
THERMAL_SENS_OUT_1=39
THERMAL_SENS_OUT_2=-50
THERMAL_SENS_OUT_3=38
THERMAL_SENS_OUT_4=35
THERMAL_SENS_OUT_5=45
THERMAL_SENS_OUT_6=-50
THERMAL_SENS_INT_1=24
THERMAL_SENS_INT_2=30
PG_5=0
PG_9=0
PG_12=0
FLT_P2=0
FLT_P3=0
HEAT_1_TEMP=39
HEAT_1_DUTY=0
HEAT_2_TEMP=38
HEAT_2_DUTY=0
HEAT_3_TEMP=35
HEAT_3_DUTY=0
HEAT_4_TEMP=45
HEAT_4_DUTY=0

[21:08:53.605 EBOX]
TS=1786204025.086
V_SENSE5=1.72607421875
V_SENSE9=2.96142578125
V_SENSE12=0.078125
ADC_V5=4.8675537109375
ADC_V9=9.44305419921875
ADC_V12=11.505126953125
ADC_V28=27.5238037109375
THERMAL_SENS_OUT_1=40
THERMAL_SENS_OUT_2=-50
THERMAL_SENS_OUT_3=35
THERMAL_SENS_OUT_4=39
THERMAL_SENS_OUT_5=42
THERMAL_SENS_OUT_6=-50
THERMAL_SENS_INT_1=30
THERMAL_SENS_INT_2=28
PG_5=0
PG_9=0
PG_12=0
FLT_P2=0
FLT_P3=0
HEAT_1_TEMP=40
HEAT_1_DUTY=0
HEAT_2_TEMP=35
HEAT_2_DUTY=50
HEAT_3_TEMP=39
HEAT_3_DUTY=0
HEAT_4_TEMP=42
HEAT_4_DUTY=0

[21:08:54.083 EBOX]
TS=1786204025.606
V_SENSE5=1.1279296875
V_SENSE9=0.0390625
V_SENSE12=0.1416015625
ADC_V5=5.0091552734375
ADC_V9=9.2041015625
ADC_V12=11.929931640625
ADC_V28=27.37335205078125
THERMAL_SENS_OUT_1=38
THERMAL_SENS_OUT_2=-50
THERMAL_SENS_OUT_3=35
THERMAL_SENS_OUT_4=41
THERMAL_SENS_OUT_5=44
THERMAL_SENS_OUT_6=-50
THERMAL_SENS_INT_1=26
THERMAL_SENS_INT_2=27
PG_5=0
PG_9=0
PG_12=0
FLT_P2=0
FLT_P3=0
HEAT_1_TEMP=38
HEAT_1_DUTY=0
HEAT_2_TEMP=35
HEAT_2_DUTY=50
HEAT_3_TEMP=41
HEAT_3_DUTY=0
HEAT_4_TEMP=44
HEAT_4_DUTY=0

[21:08:54.622 EBOX]
TS=1786204026.029
V_SENSE5=0.68603515625
V_SENSE9=1.15966796875
V_SENSE12=0.21728515625
ADC_V5=5.00030517578125
ADC_V9=9.451904296875
ADC_V12=11.74407958984375
ADC_V28=27.46185302734375
THERMAL_SENS_OUT_1=39
THERMAL_SENS_OUT_2=-50
THERMAL_SENS_OUT_3=35
THERMAL_SENS_OUT_4=36
THERMAL_SENS_OUT_5=43
THERMAL_SENS_OUT_6=-50
THERMAL_SENS_INT_1=30
THERMAL_SENS_INT_2=26
PG_5=0
PG_9=0
PG_12=0
FLT_P2=0
FLT_P3=0
HEAT_1_TEMP=39
HEAT_1_DUTY=0
HEAT_2_TEMP=35
HEAT_2_DUTY=0
HEAT_3_TEMP=36
HEAT_3_DUTY=50
HEAT_4_TEMP=43
HEAT_4_DUTY=0

[21:08:55.167 EBOX]
TS=1786204026.554
V_SENSE5=1.19384765625
V_SENSE9=0.0341796875
V_SENSE12=0.1123046875
ADC_V5=4.92950439453125
ADC_V9=9.1864013671875
ADC_V12=11.99188232421875
ADC_V28=27.74505615234375
THERMAL_SENS_OUT_1=43
THERMAL_SENS_OUT_2=-50
THERMAL_SENS_OUT_3=40
THERMAL_SENS_OUT_4=37
THERMAL_SENS_OUT_5=47
THERMAL_SENS_OUT_6=-50
THERMAL_SENS_INT_1=30
THERMAL_SENS_INT_2=28
PG_5=0
PG_9=0
PG_12=0
FLT_P2=0
FLT_P3=0
HEAT_1_TEMP=43
HEAT_1_DUTY=0
HEAT_2_TEMP=40
HEAT_2_DUTY=0
HEAT_3_TEMP=37
HEAT_3_DUTY=50
HEAT_4_TEMP=47
HEAT_4_DUTY=0

[21:08:55.609 EBOX]
TS=1786204027.082
V_SENSE5=0.7080078125
V_SENSE9=1.70654296875
V_SENSE12=0.17333984375
ADC_V5=4.9383544921875
ADC_V9=9.3988037109375
ADC_V12=11.82373046875
ADC_V28=27.67425537109375
THERMAL_SENS_OUT_1=40
THERMAL_SENS_OUT_2=-50
THERMAL_SENS_OUT_3=35
THERMAL_SENS_OUT_4=38
THERMAL_SENS_OUT_5=46
THERMAL_SENS_OUT_6=-50
THERMAL_SENS_INT_1=25
THERMAL_SENS_INT_2=30
PG_5=0
PG_9=0
PG_12=0
FLT_P2=0
FLT_P3=0
HEAT_1_TEMP=40
HEAT_1_DUTY=0
HEAT_2_TEMP=35
HEAT_2_DUTY=0
HEAT_3_TEMP=38
HEAT_3_DUTY=0
HEAT_4_TEMP=46
HEAT_4_DUTY=50

[21:08:56.153 EBOX]
TS=1786204027.609
V_SENSE5=1.1767578125
V_SENSE9=0.0390625
V_SENSE12=0.1171875
ADC_V5=4.9383544921875
ADC_V9=9.3988037109375
ADC_V12=11.81488037109375
ADC_V28=27.92205810546875
THERMAL_SENS_OUT_1=40
THERMAL_SENS_OUT_2=-50
THERMAL_SENS_OUT_3=36
THERMAL_SENS_OUT_4=37
THERMAL_SENS_OUT_5=46
THERMAL_SENS_OUT_6=-50
THERMAL_SENS_INT_1=25
THERMAL_SENS_INT_2=29
PG_5=0
PG_9=0
PG_12=0
FLT_P2=0
FLT_P3=0
HEAT_1_TEMP=40
HEAT_1_DUTY=0
HEAT_2_TEMP=36
HEAT_2_DUTY=0
HEAT_3_TEMP=37
HEAT_3_DUTY=0
HEAT_4_TEMP=46
HEAT_4_DUTY=50

[21:08:56.699 EBOX]
TS=1786204028.135
V_SENSE5=1.07177734375
V_SENSE9=1.23291015625
V_SENSE12=0.19775390625
ADC_V5=4.92950439453125
ADC_V9=9.49615478515625
ADC_V12=11.929931640625
ADC_V28=27.3468017578125
THERMAL_SENS_OUT_1=43
THERMAL_SENS_OUT_2=-50
THERMAL_SENS_OUT_3=35
THERMAL_SENS_OUT_4=38
THERMAL_SENS_OUT_5=46
THERMAL_SENS_OUT_6=-50
THERMAL_SENS_INT_1=27
THERMAL_SENS_INT_2=31
PG_5=0
PG_9=0
PG_12=0
FLT_P2=0
FLT_P3=0
HEAT_1_TEMP=43
HEAT_1_DUTY=50
HEAT_2_TEMP=35
HEAT_2_DUTY=0
HEAT_3_TEMP=38
HEAT_3_DUTY=0
HEAT_4_TEMP=46
HEAT_4_DUTY=0

[21:08:57.246 EBOX]
TS=1786204028.662
V_SENSE5=1.16943359375
V_SENSE9=0.0390625
V_SENSE12=0.1171875
ADC_V5=4.9560546875
ADC_V9=9.1510009765625
ADC_V12=11.7529296875
ADC_V28=27.860107421875
THERMAL_SENS_OUT_1=44
THERMAL_SENS_OUT_2=-50
THERMAL_SENS_OUT_3=39
THERMAL_SENS_OUT_4=36
THERMAL_SENS_OUT_5=46
THERMAL_SENS_OUT_6=-50
THERMAL_SENS_INT_1=24
THERMAL_SENS_INT_2=30
PG_5=0
PG_9=0
PG_12=0
FLT_P2=0
FLT_P3=0
HEAT_1_TEMP=44
HEAT_1_DUTY=50
HEAT_2_TEMP=39
HEAT_2_DUTY=0
HEAT_3_TEMP=36
HEAT_3_DUTY=0
HEAT_4_TEMP=46
HEAT_4_DUTY=0

[21:08:57.682 EBOX]
TS=1786204029.188
V_SENSE5=1.19384765625
V_SENSE9=0.0390625
V_SENSE12=0.12939453125
ADC_V5=4.98260498046875
ADC_V9=9.168701171875
ADC_V12=11.89453125
ADC_V28=27.33795166015625
THERMAL_SENS_OUT_1=38
THERMAL_SENS_OUT_2=-50
THERMAL_SENS_OUT_3=38
THERMAL_SENS_OUT_4=36
THERMAL_SENS_OUT_5=47
THERMAL_SENS_OUT_6=-50
THERMAL_SENS_INT_1=27
THERMAL_SENS_INT_2=27
PG_5=0
PG_9=0
PG_12=0
FLT_P2=0
FLT_P3=0
HEAT_1_TEMP=38
HEAT_1_DUTY=0
HEAT_2_TEMP=38
HEAT_2_DUTY=0
HEAT_3_TEMP=36
HEAT_3_DUTY=0
HEAT_4_TEMP=47
HEAT_4_DUTY=0

[21:08:58.225 EBOX]
TS=1786204029.722
V_SENSE5=1.22802734375
V_SENSE9=0.03662109375
V_SENSE12=0.146484375
ADC_V5=4.9737548828125
ADC_V9=9.4696044921875
ADC_V12=11.68212890625
ADC_V28=28.01055908203125
THERMAL_SENS_OUT_1=40
THERMAL_SENS_OUT_2=-50
THERMAL_SENS_OUT_3=36
THERMAL_SENS_OUT_4=41
THERMAL_SENS_OUT_5=45
THERMAL_SENS_OUT_6=-50
THERMAL_SENS_INT_1=26
THERMAL_SENS_INT_2=31
PG_5=0
PG_9=0
PG_12=0
FLT_P2=0
FLT_P3=0
HEAT_1_TEMP=40
HEAT_1_DUTY=0
HEAT_2_TEMP=36
HEAT_2_DUTY=0
HEAT_3_TEMP=41
HEAT_3_DUTY=0
HEAT_4_TEMP=45
HEAT_4_DUTY=0

[21:08:58.780 EBOX]
TS=1786204030.242
V_SENSE5=1.1767578125
V_SENSE9=0.0390625
V_SENSE12=0.10986328125
ADC_V5=4.8675537109375
ADC_V9=9.08905029296875
ADC_V12=11.6290283203125
ADC_V28=28.10791015625
THERMAL_SENS_OUT_1=40
THERMAL_SENS_OUT_2=-50
THERMAL_SENS_OUT_3=39
THERMAL_SENS_OUT_4=36
THERMAL_SENS_OUT_5=46
THERMAL_SENS_OUT_6=-50
THERMAL_SENS_INT_1=27
THERMAL_SENS_INT_2=28
PG_5=0
PG_9=0
PG_12=0
FLT_P2=0
FLT_P3=0
HEAT_1_TEMP=40
HEAT_1_DUTY=0
HEAT_2_TEMP=39
HEAT_2_DUTY=0
HEAT_3_TEMP=36
HEAT_3_DUTY=0
HEAT_4_TEMP=46
HEAT_4_DUTY=0

[21:08:59.217 EBOX]
TS=1786204030.766
V_SENSE5=1.142578125
V_SENSE9=0.03662109375
V_SENSE12=0.1220703125
ADC_V5=4.78790283203125
ADC_V9=9.3280029296875
ADC_V12=11.8768310546875
ADC_V28=27.39105224609375
THERMAL_SENS_OUT_1=38
THERMAL_SENS_OUT_2=-50
THERMAL_SENS_OUT_3=38
THERMAL_SENS_OUT_4=38
THERMAL_SENS_OUT_5=47
THERMAL_SENS_OUT_6=-50
THERMAL_SENS_INT_1=28
THERMAL_SENS_INT_2=26
PG_5=0
PG_9=0
PG_12=0
FLT_P2=0
FLT_P3=0
HEAT_1_TEMP=38
HEAT_1_DUTY=0
HEAT_2_TEMP=38
HEAT_2_DUTY=0
HEAT_3_TEMP=38
HEAT_3_DUTY=0
HEAT_4_TEMP=47
HEAT_4_DUTY=0

[21:08:59.758 EBOX]
TS=1786204031.187
V_SENSE5=1.20361328125
V_SENSE9=0.0390625
V_SENSE12=0.1220703125
ADC_V5=4.849853515625
ADC_V9=8.96514892578125
ADC_V12=11.74407958984375
ADC_V28=27.39990234375
THERMAL_SENS_OUT_1=37
THERMAL_SENS_OUT_2=-50
THERMAL_SENS_OUT_3=37
THERMAL_SENS_OUT_4=39
THERMAL_SENS_OUT_5=43
THERMAL_SENS_OUT_6=-50
THERMAL_SENS_INT_1=30
THERMAL_SENS_INT_2=28
PG_5=0
PG_9=0
PG_12=0
FLT_P2=0
FLT_P3=0
HEAT_1_TEMP=37
HEAT_1_DUTY=0
HEAT_2_TEMP=37
HEAT_2_DUTY=0
HEAT_3_TEMP=39
HEAT_3_DUTY=0
HEAT_4_TEMP=43
HEAT_4_DUTY=0

[21:09:00.294 EBOX]
TS=1786204031.714
V_SENSE5=1.1474609375
V_SENSE9=0.03662109375
V_SENSE12=0.13671875
ADC_V5=4.991455078125
ADC_V9=9.40765380859375
ADC_V12=11.82373046875
ADC_V28=27.19635009765625
THERMAL_SENS_OUT_1=38
THERMAL_SENS_OUT_2=-50
THERMAL_SENS_OUT_3=36
THERMAL_SENS_OUT_4=41
THERMAL_SENS_OUT_5=43
THERMAL_SENS_OUT_6=-50
THERMAL_SENS_INT_1=26
THERMAL_SENS_INT_2=32
PG_5=0
PG_9=0
PG_12=0
FLT_P2=0
FLT_P3=0
HEAT_1_TEMP=38
HEAT_1_DUTY=0
HEAT_2_TEMP=36
HEAT_2_DUTY=0
HEAT_3_TEMP=41
HEAT_3_DUTY=0
HEAT_4_TEMP=43
HEAT_4_DUTY=0

[21:09:00.830 EBOX]
TS=1786204032.241
V_SENSE5=1.123046875
V_SENSE9=0.0390625
V_SENSE12=0.13671875
ADC_V5=4.920654296875
ADC_V9=9.51385498046875
ADC_V12=11.86798095703125
ADC_V28=27.35565185546875
THERMAL_SENS_OUT_1=38
THERMAL_SENS_OUT_2=-50
THERMAL_SENS_OUT_3=37
THERMAL_SENS_OUT_4=36
THERMAL_SENS_OUT_5=44
THERMAL_SENS_OUT_6=-50
THERMAL_SENS_INT_1=27
THERMAL_SENS_INT_2=28
PG_5=0
PG_9=0
PG_12=0
FLT_P2=0
FLT_P3=0
HEAT_1_TEMP=38
HEAT_1_DUTY=0
HEAT_2_TEMP=37
HEAT_2_DUTY=0
HEAT_3_TEMP=36
HEAT_3_DUTY=0
HEAT_4_TEMP=44
HEAT_4_DUTY=0

[21:09:01.271 EBOX]
TS=1786204032.767
V_SENSE5=1.15234375
V_SENSE9=0.0390625
V_SENSE12=0.11962890625
ADC_V5=4.9560546875
ADC_V9=9.0802001953125
ADC_V12=11.74407958984375
ADC_V28=27.789306640625
THERMAL_SENS_OUT_1=42
THERMAL_SENS_OUT_2=-50
THERMAL_SENS_OUT_3=35
THERMAL_SENS_OUT_4=40
THERMAL_SENS_OUT_5=44
THERMAL_SENS_OUT_6=-50
THERMAL_SENS_INT_1=27
THERMAL_SENS_INT_2=31
PG_5=0
PG_9=0
PG_12=0
FLT_P2=0
FLT_P3=0
HEAT_1_TEMP=42
HEAT_1_DUTY=0
HEAT_2_TEMP=35
HEAT_2_DUTY=0
HEAT_3_TEMP=40
HEAT_3_DUTY=0
HEAT_4_TEMP=44
HEAT_4_DUTY=0

[21:09:01.811 EBOX]
TS=1786204033.294
V_SENSE5=1.2451171875
V_SENSE9=1.97021484375
V_SENSE12=0.0537109375
ADC_V5=5.08880615234375
ADC_V9=9.51385498046875
ADC_V12=11.67327880859375
ADC_V28=26.8865966796875
THERMAL_SENS_OUT_1=39
THERMAL_SENS_OUT_2=-50
THERMAL_SENS_OUT_3=35
THERMAL_SENS_OUT_4=40
THERMAL_SENS_OUT_5=43
THERMAL_SENS_OUT_6=-50
THERMAL_SENS_INT_1=27
THERMAL_SENS_INT_2=28
PG_5=0
PG_9=0
PG_12=0
FLT_P2=0
FLT_P3=0
HEAT_1_TEMP=39
HEAT_1_DUTY=0
HEAT_2_TEMP=35
HEAT_2_DUTY=50
HEAT_3_TEMP=40
HEAT_3_DUTY=0
HEAT_4_TEMP=43
HEAT_4_DUTY=0

[21:09:02.351 EBOX]
TS=1786204033.821
V_SENSE5=1.1865234375
V_SENSE9=0.0390625
V_SENSE12=0.13671875
ADC_V5=5.15960693359375
ADC_V9=9.2926025390625
ADC_V12=11.505126953125
ADC_V28=27.85125732421875
THERMAL_SENS_OUT_1=43
THERMAL_SENS_OUT_2=-50
THERMAL_SENS_OUT_3=38
THERMAL_SENS_OUT_4=36
THERMAL_SENS_OUT_5=44
THERMAL_SENS_OUT_6=-50
THERMAL_SENS_INT_1=25
THERMAL_SENS_INT_2=28
PG_5=0
PG_9=0
PG_12=0
FLT_P2=0
FLT_P3=0
HEAT_1_TEMP=43
HEAT_1_DUTY=0
HEAT_2_TEMP=38
HEAT_2_DUTY=50
HEAT_3_TEMP=36
HEAT_3_DUTY=0
HEAT_4_TEMP=44
HEAT_4_DUTY=0

[21:09:02.887 EBOX]
TS=1786204034.348
V_SENSE5=0.62255859375
V_SENSE9=1.03271484375
V_SENSE12=0.302734375
ADC_V5=4.82330322265625
ADC_V9=9.44305419921875
ADC_V12=11.611328125
ADC_V28=27.81585693359375
THERMAL_SENS_OUT_1=41
THERMAL_SENS_OUT_2=-50
THERMAL_SENS_OUT_3=36
THERMAL_SENS_OUT_4=40
THERMAL_SENS_OUT_5=43
THERMAL_SENS_OUT_6=-50
THERMAL_SENS_INT_1=26
THERMAL_SENS_INT_2=30
PG_5=0
PG_9=0
PG_12=0
FLT_P2=0
FLT_P3=0
HEAT_1_TEMP=41
HEAT_1_DUTY=0
HEAT_2_TEMP=36
HEAT_2_DUTY=0
HEAT_3_TEMP=40
HEAT_3_DUTY=50
HEAT_4_TEMP=43
HEAT_4_DUTY=0

[21:09:03.330 EBOX]
TS=1786204034.769
V_SENSE5=1.17919921875
V_SENSE9=0.0390625
V_SENSE12=0.12451171875
ADC_V5=4.920654296875
ADC_V9=9.54925537109375
ADC_V12=11.58477783203125
ADC_V28=27.8955078125
THERMAL_SENS_OUT_1=43
THERMAL_SENS_OUT_2=-50
THERMAL_SENS_OUT_3=40
THERMAL_SENS_OUT_4=37
THERMAL_SENS_OUT_5=47
THERMAL_SENS_OUT_6=-50
THERMAL_SENS_INT_1=30
THERMAL_SENS_INT_2=28
PG_5=0
PG_9=0
PG_12=0
FLT_P2=0
FLT_P3=0
HEAT_1_TEMP=43
HEAT_1_DUTY=0
HEAT_2_TEMP=40
HEAT_2_DUTY=0
HEAT_3_TEMP=37
HEAT_3_DUTY=50
HEAT_4_TEMP=47
HEAT_4_DUTY=0

[21:09:03.871 EBOX]
TS=1786204035.295
V_SENSE5=0.5712890625
V_SENSE9=1.55517578125
V_SENSE12=0.05859375
ADC_V5=4.9737548828125
ADC_V9=9.2041015625
ADC_V12=11.82373046875
ADC_V28=26.80694580078125
THERMAL_SENS_OUT_1=39
THERMAL_SENS_OUT_2=-50
THERMAL_SENS_OUT_3=36
THERMAL_SENS_OUT_4=41
THERMAL_SENS_OUT_5=44
THERMAL_SENS_OUT_6=-50
THERMAL_SENS_INT_1=28
THERMAL_SENS_INT_2=30
PG_5=0
PG_9=0
PG_12=0
FLT_P2=0
FLT_P3=0
HEAT_1_TEMP=39
HEAT_1_DUTY=0
HEAT_2_TEMP=36
HEAT_2_DUTY=0
HEAT_3_TEMP=41
HEAT_3_DUTY=0
HEAT_4_TEMP=44
HEAT_4_DUTY=50

[21:09:04.416 EBOX]
TS=1786204035.821
V_SENSE5=1.17431640625
V_SENSE9=0.0390625
V_SENSE12=0.19287109375
ADC_V5=4.98260498046875
ADC_V9=9.2572021484375
ADC_V12=11.83258056640625
ADC_V28=27.14324951171875
THERMAL_SENS_OUT_1=38
THERMAL_SENS_OUT_2=-50
THERMAL_SENS_OUT_3=35
THERMAL_SENS_OUT_4=37
THERMAL_SENS_OUT_5=48
THERMAL_SENS_OUT_6=-50
THERMAL_SENS_INT_1=29
THERMAL_SENS_INT_2=27
PG_5=0
PG_9=0
PG_12=0
FLT_P2=0
FLT_P3=0
HEAT_1_TEMP=38
HEAT_1_DUTY=0
HEAT_2_TEMP=35
HEAT_2_DUTY=0
HEAT_3_TEMP=37
HEAT_3_DUTY=0
HEAT_4_TEMP=48
HEAT_4_DUTY=50

[21:09:04.975 EBOX]
TS=1786204036.347
V_SENSE5=1.2158203125
V_SENSE9=1.2548828125
V_SENSE12=0.15380859375
ADC_V5=4.849853515625
ADC_V9=9.4342041015625
ADC_V12=11.51397705078125
ADC_V28=27.70965576171875
THERMAL_SENS_OUT_1=44
THERMAL_SENS_OUT_2=-50
THERMAL_SENS_OUT_3=39
THERMAL_SENS_OUT_4=36
THERMAL_SENS_OUT_5=47
THERMAL_SENS_OUT_6=-50
THERMAL_SENS_INT_1=25
THERMAL_SENS_INT_2=32
PG_5=0
PG_9=0
PG_12=0
FLT_P2=0
FLT_P3=0
HEAT_1_TEMP=44
HEAT_1_DUTY=50
HEAT_2_TEMP=39
HEAT_2_DUTY=0
HEAT_3_TEMP=36
HEAT_3_DUTY=0
HEAT_4_TEMP=47
HEAT_4_DUTY=0

[21:09:05.444 EBOX]
TS=1786204036.874
V_SENSE5=1.20849609375
V_SENSE9=0.0390625
V_SENSE12=0.1025390625
ADC_V5=4.9560546875
ADC_V9=9.381103515625
ADC_V12=11.5228271484375
ADC_V28=27.860107421875
THERMAL_SENS_OUT_1=43
THERMAL_SENS_OUT_2=-50
THERMAL_SENS_OUT_3=40
THERMAL_SENS_OUT_4=39
THERMAL_SENS_OUT_5=47
THERMAL_SENS_OUT_6=-50
THERMAL_SENS_INT_1=26
THERMAL_SENS_INT_2=32
PG_5=0
PG_9=0
PG_12=0
FLT_P2=0
FLT_P3=0
HEAT_1_TEMP=43
HEAT_1_DUTY=50
HEAT_2_TEMP=40
HEAT_2_DUTY=0
HEAT_3_TEMP=39
HEAT_3_DUTY=0
HEAT_4_TEMP=47
HEAT_4_DUTY=0

[21:09:06.015 EBOX]
TS=1786204037.411
V_SENSE5=1.15966796875
V_SENSE9=0.0341796875
V_SENSE12=0.1318359375
ADC_V5=4.88525390625
ADC_V9=9.451904296875
ADC_V12=11.62017822265625
ADC_V28=28.001708984375
THERMAL_SENS_OUT_1=42
THERMAL_SENS_OUT_2=-50
THERMAL_SENS_OUT_3=37
THERMAL_SENS_OUT_4=40
THERMAL_SENS_OUT_5=43
THERMAL_SENS_OUT_6=-50
THERMAL_SENS_INT_1=26
THERMAL_SENS_INT_2=32
PG_5=0
PG_9=0
PG_12=0
FLT_P2=0
FLT_P3=0
HEAT_1_TEMP=42
HEAT_1_DUTY=0
HEAT_2_TEMP=37
HEAT_2_DUTY=0
HEAT_3_TEMP=40
HEAT_3_DUTY=0
HEAT_4_TEMP=43
HEAT_4_DUTY=0

[21:09:06.453 EBOX]
TS=1786204037.938
V_SENSE5=1.162109375
V_SENSE9=0.0341796875
V_SENSE12=0.1123046875
ADC_V5=5.0091552734375
ADC_V9=9.5758056640625
ADC_V12=11.69097900390625
ADC_V28=27.33795166015625
THERMAL_SENS_OUT_1=38
THERMAL_SENS_OUT_2=-50
THERMAL_SENS_OUT_3=40
THERMAL_SENS_OUT_4=39
THERMAL_SENS_OUT_5=48
THERMAL_SENS_OUT_6=-50
THERMAL_SENS_INT_1=29
THERMAL_SENS_INT_2=28
PG_5=0
PG_9=0
PG_12=0
FLT_P2=0
FLT_P3=0
HEAT_1_TEMP=38
HEAT_1_DUTY=0
HEAT_2_TEMP=40
HEAT_2_DUTY=0
HEAT_3_TEMP=39
HEAT_3_DUTY=0
HEAT_4_TEMP=48
HEAT_4_DUTY=0

[21:09:06.990 EBOX]
TS=1786204038.464
V_SENSE5=1.142578125
V_SENSE9=0.0341796875
V_SENSE12=0.13671875
ADC_V5=4.82330322265625
ADC_V9=9.05364990234375
ADC_V12=11.88568115234375
ADC_V28=27.17864990234375
THERMAL_SENS_OUT_1=39
THERMAL_SENS_OUT_2=-50
THERMAL_SENS_OUT_3=35
THERMAL_SENS_OUT_4=40
THERMAL_SENS_OUT_5=44
THERMAL_SENS_OUT_6=-50
THERMAL_SENS_INT_1=30
THERMAL_SENS_INT_2=28
PG_5=0
PG_9=0
PG_12=0
FLT_P2=0
FLT_P3=0
HEAT_1_TEMP=39
HEAT_1_DUTY=0
HEAT_2_TEMP=35
HEAT_2_DUTY=0
HEAT_3_TEMP=40
HEAT_3_DUTY=0
HEAT_4_TEMP=44
HEAT_4_DUTY=0

[21:09:07.534 EBOX]
TS=1786204038.991
V_SENSE5=1.279296875
V_SENSE9=0.0390625
V_SENSE12=0.09765625
ADC_V5=4.849853515625
ADC_V9=9.381103515625
ADC_V12=11.5936279296875
ADC_V28=27.9486083984375
THERMAL_SENS_OUT_1=44
THERMAL_SENS_OUT_2=-50
THERMAL_SENS_OUT_3=35
THERMAL_SENS_OUT_4=38
THERMAL_SENS_OUT_5=45
THERMAL_SENS_OUT_6=-50
THERMAL_SENS_INT_1=24
THERMAL_SENS_INT_2=30
PG_5=0
PG_9=0
PG_12=0
FLT_P2=0
FLT_P3=0
HEAT_1_TEMP=44
HEAT_1_DUTY=0
HEAT_2_TEMP=35
HEAT_2_DUTY=0
HEAT_3_TEMP=38
HEAT_3_DUTY=0
HEAT_4_TEMP=45
HEAT_4_DUTY=0

[21:09:07.970 EBOX]
TS=1786204039.518
V_SENSE5=1.18408203125
V_SENSE9=0.04638671875
V_SENSE12=0.1318359375
ADC_V5=4.9383544921875
ADC_V9=9.0625
ADC_V12=11.54052734375
ADC_V28=27.78045654296875
THERMAL_SENS_OUT_1=40
THERMAL_SENS_OUT_2=-50
THERMAL_SENS_OUT_3=41
THERMAL_SENS_OUT_4=39
THERMAL_SENS_OUT_5=45
THERMAL_SENS_OUT_6=-50
THERMAL_SENS_INT_1=28
THERMAL_SENS_INT_2=27
PG_5=0
PG_9=0
PG_12=0
FLT_P2=0
FLT_P3=0
HEAT_1_TEMP=40
HEAT_1_DUTY=0
HEAT_2_TEMP=41
HEAT_2_DUTY=0
HEAT_3_TEMP=39
HEAT_3_DUTY=0
HEAT_4_TEMP=45
HEAT_4_DUTY=0

[21:09:08.533 EBOX]
TS=1786204040.050
V_SENSE5=1.26708984375
V_SENSE9=0.0390625
V_SENSE12=0.11962890625
ADC_V5=5.00030517578125
ADC_V9=9.1864013671875
ADC_V12=11.646728515625
ADC_V28=28.04595947265625
THERMAL_SENS_OUT_1=43
THERMAL_SENS_OUT_2=-50
THERMAL_SENS_OUT_3=39
THERMAL_SENS_OUT_4=37
THERMAL_SENS_OUT_5=48
THERMAL_SENS_OUT_6=-50
THERMAL_SENS_INT_1=26
THERMAL_SENS_INT_2=31
PG_5=0
PG_9=0
PG_12=0
FLT_P2=0
FLT_P3=0
HEAT_1_TEMP=43
HEAT_1_DUTY=0
HEAT_2_TEMP=39
HEAT_2_DUTY=0
HEAT_3_TEMP=37
HEAT_3_DUTY=0
HEAT_4_TEMP=48
HEAT_4_DUTY=0

[21:09:09.105 EBOX]
TS=1786204040.575
V_SENSE5=1.1865234375
V_SENSE9=0.03662109375
V_SENSE12=0.1220703125
ADC_V5=4.91180419921875
ADC_V9=9.38995361328125
ADC_V12=11.81488037109375
ADC_V28=27.3291015625
THERMAL_SENS_OUT_1=39
THERMAL_SENS_OUT_2=-50
THERMAL_SENS_OUT_3=37
THERMAL_SENS_OUT_4=36
THERMAL_SENS_OUT_5=45
THERMAL_SENS_OUT_6=-50
THERMAL_SENS_INT_1=29
THERMAL_SENS_INT_2=28
PG_5=0
PG_9=0
PG_12=0
FLT_P2=0
FLT_P3=0
HEAT_1_TEMP=39
HEAT_1_DUTY=0
HEAT_2_TEMP=37
HEAT_2_DUTY=0
HEAT_3_TEMP=36
HEAT_3_DUTY=0
HEAT_4_TEMP=45
HEAT_4_DUTY=0

[21:09:09.665 EBOX]
TS=1786204040.997
V_SENSE5=1.16455078125
V_SENSE9=0.03662109375
V_SENSE12=0.107421875
ADC_V5=4.88525390625
ADC_V9=9.1156005859375
ADC_V12=11.51397705078125
ADC_V28=27.76275634765625
THERMAL_SENS_OUT_1=40
THERMAL_SENS_OUT_2=-50
THERMAL_SENS_OUT_3=37
THERMAL_SENS_OUT_4=37
THERMAL_SENS_OUT_5=44
THERMAL_SENS_OUT_6=-50
THERMAL_SENS_INT_1=27
THERMAL_SENS_INT_2=29
PG_5=0
PG_9=0
PG_12=0
FLT_P2=0
FLT_P3=0
HEAT_1_TEMP=40
HEAT_1_DUTY=0
HEAT_2_TEMP=37
HEAT_2_DUTY=50
HEAT_3_TEMP=37
HEAT_3_DUTY=0
HEAT_4_TEMP=44
HEAT_4_DUTY=0

[21:09:10.101 EBOX]
TS=1786204041.524
V_SENSE5=1.24267578125
V_SENSE9=0.03662109375
V_SENSE12=0.1123046875
ADC_V5=4.94720458984375
ADC_V9=8.814697265625
ADC_V12=11.717529296875
ADC_V28=28.10791015625
THERMAL_SENS_OUT_1=39
THERMAL_SENS_OUT_2=-50
THERMAL_SENS_OUT_3=41
THERMAL_SENS_OUT_4=37
THERMAL_SENS_OUT_5=47
THERMAL_SENS_OUT_6=-50
THERMAL_SENS_INT_1=31
THERMAL_SENS_INT_2=31
PG_5=0
PG_9=0
PG_12=0
FLT_P2=0
FLT_P3=0
HEAT_1_TEMP=39
HEAT_1_DUTY=0
HEAT_2_TEMP=41
HEAT_2_DUTY=50
HEAT_3_TEMP=37
HEAT_3_DUTY=0
HEAT_4_TEMP=47
HEAT_4_DUTY=0

[21:09:10.647 EBOX]
TS=1786204042.046
V_SENSE5=0.7080078125
V_SENSE9=0.90087890625
V_SENSE12=0.02685546875
ADC_V5=4.9560546875
ADC_V9=9.12445068359375
ADC_V12=11.717529296875
ADC_V28=27.860107421875
THERMAL_SENS_OUT_1=39
THERMAL_SENS_OUT_2=-50
THERMAL_SENS_OUT_3=38
THERMAL_SENS_OUT_4=38
THERMAL_SENS_OUT_5=45
THERMAL_SENS_OUT_6=-50
THERMAL_SENS_INT_1=29
THERMAL_SENS_INT_2=28
PG_5=0
PG_9=0
PG_12=0
FLT_P2=0
FLT_P3=0
HEAT_1_TEMP=39
HEAT_1_DUTY=0
HEAT_2_TEMP=38
HEAT_2_DUTY=0
HEAT_3_TEMP=38
HEAT_3_DUTY=50
HEAT_4_TEMP=45
HEAT_4_DUTY=0

[21:09:11.189 EBOX]
TS=1786204042.567
V_SENSE5=1.20849609375
V_SENSE9=0.0390625
V_SENSE12=0.10498046875
ADC_V5=4.9383544921875
ADC_V9=9.0625
ADC_V12=11.54937744140625
ADC_V28=27.74505615234375
THERMAL_SENS_OUT_1=39
THERMAL_SENS_OUT_2=-50
THERMAL_SENS_OUT_3=36
THERMAL_SENS_OUT_4=41
THERMAL_SENS_OUT_5=44
THERMAL_SENS_OUT_6=-50
THERMAL_SENS_INT_1=29
THERMAL_SENS_INT_2=27
PG_5=0
PG_9=0
PG_12=0
FLT_P2=0
FLT_P3=0
HEAT_1_TEMP=39
HEAT_1_DUTY=0
HEAT_2_TEMP=36
HEAT_2_DUTY=0
HEAT_3_TEMP=41
HEAT_3_DUTY=50
HEAT_4_TEMP=44
HEAT_4_DUTY=0

[21:09:11.634 EBOX]
TS=1786204043.089
V_SENSE5=0.98876953125
V_SENSE9=1.6796875
V_SENSE12=0.01953125
ADC_V5=4.96490478515625
ADC_V9=9.1156005859375
ADC_V12=11.69097900390625
ADC_V28=27.010498046875
THERMAL_SENS_OUT_1=43
THERMAL_SENS_OUT_2=-50
THERMAL_SENS_OUT_3=41
THERMAL_SENS_OUT_4=38
THERMAL_SENS_OUT_5=44
THERMAL_SENS_OUT_6=-50
THERMAL_SENS_INT_1=26
THERMAL_SENS_INT_2=29
PG_5=0
PG_9=0
PG_12=0
FLT_P2=0
FLT_P3=0
HEAT_1_TEMP=43
HEAT_1_DUTY=0
HEAT_2_TEMP=41
HEAT_2_DUTY=0
HEAT_3_TEMP=38
HEAT_3_DUTY=0
HEAT_4_TEMP=44
HEAT_4_DUTY=50

[21:09:12.172 EBOX]
TS=1786204043.617
V_SENSE5=1.162109375
V_SENSE9=0.03173828125
V_SENSE12=0.13671875
ADC_V5=4.8321533203125
ADC_V9=9.21295166015625
ADC_V12=11.505126953125
ADC_V28=27.7362060546875
THERMAL_SENS_OUT_1=39
THERMAL_SENS_OUT_2=-50
THERMAL_SENS_OUT_3=41
THERMAL_SENS_OUT_4=38
THERMAL_SENS_OUT_5=44
THERMAL_SENS_OUT_6=-50
THERMAL_SENS_INT_1=27
THERMAL_SENS_INT_2=29
PG_5=0
PG_9=0
PG_12=0
FLT_P2=0
FLT_P3=0
HEAT_1_TEMP=39
HEAT_1_DUTY=0
HEAT_2_TEMP=41
HEAT_2_DUTY=0
HEAT_3_TEMP=38
HEAT_3_DUTY=0
HEAT_4_TEMP=44
HEAT_4_DUTY=50

[21:09:12.720 EBOX]
TS=1786204044.144
V_SENSE5=1.201171875
V_SENSE9=1.8115234375
V_SENSE12=0.0439453125
ADC_V5=4.91180419921875
ADC_V9=9.40765380859375
ADC_V12=11.859130859375
ADC_V28=26.89544677734375
THERMAL_SENS_OUT_1=39
THERMAL_SENS_OUT_2=-50
THERMAL_SENS_OUT_3=38
THERMAL_SENS_OUT_4=38
THERMAL_SENS_OUT_5=49
THERMAL_SENS_OUT_6=-50
THERMAL_SENS_INT_1=27
THERMAL_SENS_INT_2=28
PG_5=0
PG_9=0
PG_12=0
FLT_P2=0
FLT_P3=0
HEAT_1_TEMP=39
HEAT_1_DUTY=50
HEAT_2_TEMP=38
HEAT_2_DUTY=0
HEAT_3_TEMP=38
HEAT_3_DUTY=0
HEAT_4_TEMP=49
HEAT_4_DUTY=0

[21:09:13.157 EBOX]
TS=1786204044.666
V_SENSE5=1.14990234375
V_SENSE9=0.0390625
V_SENSE12=0.107421875
ADC_V5=4.991455078125
ADC_V9=9.08905029296875
ADC_V12=11.76177978515625
ADC_V28=27.90435791015625
THERMAL_SENS_OUT_1=43
THERMAL_SENS_OUT_2=-50
THERMAL_SENS_OUT_3=36
THERMAL_SENS_OUT_4=41
THERMAL_SENS_OUT_5=45
THERMAL_SENS_OUT_6=-50
THERMAL_SENS_INT_1=30
THERMAL_SENS_INT_2=29
PG_5=0
PG_9=0
PG_12=0
FLT_P2=0
FLT_P3=0
HEAT_1_TEMP=43
HEAT_1_DUTY=50
HEAT_2_TEMP=36
HEAT_2_DUTY=0
HEAT_3_TEMP=41
HEAT_3_DUTY=0
HEAT_4_TEMP=45
HEAT_4_DUTY=0

[21:09:13.698 EBOX]
TS=1786204045.200
V_SENSE5=1.220703125
V_SENSE9=0.0390625
V_SENSE12=0.13916015625
ADC_V5=4.98260498046875
ADC_V9=9.310302734375
ADC_V12=11.7706298828125
ADC_V28=27.81585693359375
THERMAL_SENS_OUT_1=43
THERMAL_SENS_OUT_2=-50
THERMAL_SENS_OUT_3=41
THERMAL_SENS_OUT_4=39
THERMAL_SENS_OUT_5=47
THERMAL_SENS_OUT_6=-50
THERMAL_SENS_INT_1=24
THERMAL_SENS_INT_2=31
PG_5=0
PG_9=0
PG_12=0
FLT_P2=0
FLT_P3=0
HEAT_1_TEMP=43
HEAT_1_DUTY=0
HEAT_2_TEMP=41
HEAT_2_DUTY=0
HEAT_3_TEMP=39
HEAT_3_DUTY=0
HEAT_4_TEMP=47
HEAT_4_DUTY=0

[21:09:14.251 EBOX]
TS=1786204045.719
V_SENSE5=1.20361328125
V_SENSE9=0.0390625
V_SENSE12=0.1318359375
ADC_V5=4.94720458984375
ADC_V9=9.4873046875
ADC_V12=11.5582275390625
ADC_V28=27.8070068359375
THERMAL_SENS_OUT_1=42
THERMAL_SENS_OUT_2=-50
THERMAL_SENS_OUT_3=40
THERMAL_SENS_OUT_4=38
THERMAL_SENS_OUT_5=49
THERMAL_SENS_OUT_6=-50
THERMAL_SENS_INT_1=24
THERMAL_SENS_INT_2=30
PG_5=0
PG_9=0
PG_12=0
FLT_P2=0
FLT_P3=0
HEAT_1_TEMP=42
HEAT_1_DUTY=0
HEAT_2_TEMP=40
HEAT_2_DUTY=0
HEAT_3_TEMP=38
HEAT_3_DUTY=0
HEAT_4_TEMP=49
HEAT_4_DUTY=0

[21:09:14.789 EBOX]
TS=1786204046.246
V_SENSE5=1.201171875
V_SENSE9=0.09521484375
V_SENSE12=0.11962890625
ADC_V5=4.8321533203125
ADC_V9=9.0093994140625
ADC_V12=11.4874267578125
ADC_V28=27.70965576171875
THERMAL_SENS_OUT_1=38
THERMAL_SENS_OUT_2=-50
THERMAL_SENS_OUT_3=36
THERMAL_SENS_OUT_4=40
THERMAL_SENS_OUT_5=44
THERMAL_SENS_OUT_6=-50
THERMAL_SENS_INT_1=26
THERMAL_SENS_INT_2=33
PG_5=0
PG_9=0
PG_12=0
FLT_P2=0
FLT_P3=0
HEAT_1_TEMP=38
HEAT_1_DUTY=0
HEAT_2_TEMP=36
HEAT_2_DUTY=0
HEAT_3_TEMP=40
HEAT_3_DUTY=0
HEAT_4_TEMP=44
HEAT_4_DUTY=0

[21:09:15.227 EBOX]
TS=1786204046.773
V_SENSE5=1.24755859375
V_SENSE9=0.0341796875
V_SENSE12=0.1171875
ADC_V5=4.98260498046875
ADC_V9=8.885498046875
ADC_V12=11.7529296875
ADC_V28=27.9840087890625
THERMAL_SENS_OUT_1=39
THERMAL_SENS_OUT_2=-50
THERMAL_SENS_OUT_3=38
THERMAL_SENS_OUT_4=37
THERMAL_SENS_OUT_5=47
THERMAL_SENS_OUT_6=-50
THERMAL_SENS_INT_1=29
THERMAL_SENS_INT_2=28
PG_5=0
PG_9=0
PG_12=0
FLT_P2=0
FLT_P3=0
HEAT_1_TEMP=39
HEAT_1_DUTY=0
HEAT_2_TEMP=38
HEAT_2_DUTY=0
HEAT_3_TEMP=37
HEAT_3_DUTY=0
HEAT_4_TEMP=47
HEAT_4_DUTY=0

[21:09:15.774 EBOX]
TS=1786204047.194
V_SENSE5=1.181640625
V_SENSE9=0.0390625
V_SENSE12=0.11962890625
ADC_V5=5.0091552734375
ADC_V9=9.2926025390625
ADC_V12=11.81488037109375
ADC_V28=27.24945068359375
THERMAL_SENS_OUT_1=39
THERMAL_SENS_OUT_2=-50
THERMAL_SENS_OUT_3=36
THERMAL_SENS_OUT_4=42
THERMAL_SENS_OUT_5=46
THERMAL_SENS_OUT_6=-50
THERMAL_SENS_INT_1=26
THERMAL_SENS_INT_2=32
PG_5=0
PG_9=0
PG_12=0
FLT_P2=0
FLT_P3=0
HEAT_1_TEMP=39
HEAT_1_DUTY=0
HEAT_2_TEMP=36
HEAT_2_DUTY=0
HEAT_3_TEMP=42
HEAT_3_DUTY=0
HEAT_4_TEMP=46
HEAT_4_DUTY=0

[21:09:16.346 EBOX]
TS=1786204047.722
V_SENSE5=1.181640625
V_SENSE9=0.0341796875
V_SENSE12=0.13671875
ADC_V5=5.0091552734375
ADC_V9=8.779296875
ADC_V12=11.575927734375
ADC_V28=27.37335205078125
THERMAL_SENS_OUT_1=40
THERMAL_SENS_OUT_2=-50
THERMAL_SENS_OUT_3=36
THERMAL_SENS_OUT_4=41
THERMAL_SENS_OUT_5=45
THERMAL_SENS_OUT_6=-50
THERMAL_SENS_INT_1=30
THERMAL_SENS_INT_2=28
PG_5=0
PG_9=0
PG_12=0
FLT_P2=0
FLT_P3=0
HEAT_1_TEMP=40
HEAT_1_DUTY=0
HEAT_2_TEMP=36
HEAT_2_DUTY=0
HEAT_3_TEMP=41
HEAT_3_DUTY=0
HEAT_4_TEMP=45
HEAT_4_DUTY=0

[21:09:16.796 EBOX]
TS=1786204048.248
V_SENSE5=1.19384765625
V_SENSE9=0.03662109375
V_SENSE12=0.107421875
ADC_V5=4.9560546875
ADC_V9=8.9385986328125
ADC_V12=11.8060302734375
ADC_V28=27.49725341796875
THERMAL_SENS_OUT_1=38
THERMAL_SENS_OUT_2=-50
THERMAL_SENS_OUT_3=36
THERMAL_SENS_OUT_4=42
THERMAL_SENS_OUT_5=45
THERMAL_SENS_OUT_6=-50
THERMAL_SENS_INT_1=30
THERMAL_SENS_INT_2=29
PG_5=0
PG_9=0
PG_12=0
FLT_P2=0
FLT_P3=0
HEAT_1_TEMP=38
HEAT_1_DUTY=0
HEAT_2_TEMP=36
HEAT_2_DUTY=0
HEAT_3_TEMP=42
HEAT_3_DUTY=0
HEAT_4_TEMP=45
HEAT_4_DUTY=0

[21:09:17.341 EBOX]
TS=1786204048.775
V_SENSE5=1.21337890625
V_SENSE9=0.0390625
V_SENSE12=0.126953125
ADC_V5=5.0091552734375
ADC_V9=9.3634033203125
ADC_V12=11.9122314453125
ADC_V28=27.3291015625
THERMAL_SENS_OUT_1=39
THERMAL_SENS_OUT_2=-50
THERMAL_SENS_OUT_3=38
THERMAL_SENS_OUT_4=37
THERMAL_SENS_OUT_5=47
THERMAL_SENS_OUT_6=-50
THERMAL_SENS_INT_1=30
THERMAL_SENS_INT_2=29
PG_5=0
PG_9=0
PG_12=0
FLT_P2=0
FLT_P3=0
HEAT_1_TEMP=39
HEAT_1_DUTY=0
HEAT_2_TEMP=38
HEAT_2_DUTY=0
HEAT_3_TEMP=37
HEAT_3_DUTY=0
HEAT_4_TEMP=47
HEAT_4_DUTY=0

[21:09:17.913 EBOX]
TS=1786204049.302
V_SENSE5=1.25732421875
V_SENSE9=2.2509765625
V_SENSE12=0.0537109375
ADC_V5=4.991455078125
ADC_V9=9.21295166015625
ADC_V12=11.8060302734375
ADC_V28=27.2052001953125
THERMAL_SENS_OUT_1=39
THERMAL_SENS_OUT_2=-50
THERMAL_SENS_OUT_3=36
THERMAL_SENS_OUT_4=42
THERMAL_SENS_OUT_5=45
THERMAL_SENS_OUT_6=-50
THERMAL_SENS_INT_1=30
THERMAL_SENS_INT_2=29
PG_5=0
PG_9=0
PG_12=0
FLT_P2=0
FLT_P3=0
HEAT_1_TEMP=39
HEAT_1_DUTY=0
HEAT_2_TEMP=36
HEAT_2_DUTY=50
HEAT_3_TEMP=42
HEAT_3_DUTY=0
HEAT_4_TEMP=45
HEAT_4_DUTY=0

[21:09:18.465 EBOX]
TS=1786204049.824
V_SENSE5=1.171875
V_SENSE9=0.0341796875
V_SENSE12=0.12939453125
ADC_V5=4.849853515625
ADC_V9=9.46075439453125
ADC_V12=11.47857666015625
ADC_V28=27.6300048828125
THERMAL_SENS_OUT_1=39
THERMAL_SENS_OUT_2=-50
THERMAL_SENS_OUT_3=41
THERMAL_SENS_OUT_4=39
THERMAL_SENS_OUT_5=43
THERMAL_SENS_OUT_6=-50
THERMAL_SENS_INT_1=25
THERMAL_SENS_INT_2=32
PG_5=0
PG_9=0
PG_12=0
FLT_P2=0
FLT_P3=0
HEAT_1_TEMP=39
HEAT_1_DUTY=0
HEAT_2_TEMP=41
HEAT_2_DUTY=50
HEAT_3_TEMP=39
HEAT_3_DUTY=0
HEAT_4_TEMP=43
HEAT_4_DUTY=0

[21:09:18.905 EBOX]
TS=1786204050.347
V_SENSE5=0.73974609375
V_SENSE9=1.6015625
V_SENSE12=0.2197265625
ADC_V5=4.9560546875
ADC_V9=9.37225341796875
ADC_V12=11.53167724609375
ADC_V28=27.5946044921875
THERMAL_SENS_OUT_1=44
THERMAL_SENS_OUT_2=-50
THERMAL_SENS_OUT_3=42
THERMAL_SENS_OUT_4=39
THERMAL_SENS_OUT_5=45
THERMAL_SENS_OUT_6=-50
THERMAL_SENS_INT_1=24
THERMAL_SENS_INT_2=30
PG_5=0
PG_9=0
PG_12=0
FLT_P2=0
FLT_P3=0
HEAT_1_TEMP=44
HEAT_1_DUTY=0
HEAT_2_TEMP=42
HEAT_2_DUTY=0
HEAT_3_TEMP=39
HEAT_3_DUTY=50
HEAT_4_TEMP=45
HEAT_4_DUTY=0

[21:09:19.456 EBOX]
TS=1786204050.869
V_SENSE5=1.181640625
V_SENSE9=0.0341796875
V_SENSE12=0.1123046875
ADC_V5=4.8321533203125
ADC_V9=9.42535400390625
ADC_V12=11.54937744140625
ADC_V28=27.8070068359375
THERMAL_SENS_OUT_1=42
THERMAL_SENS_OUT_2=-50
THERMAL_SENS_OUT_3=38
THERMAL_SENS_OUT_4=38
THERMAL_SENS_OUT_5=48
THERMAL_SENS_OUT_6=-50
THERMAL_SENS_INT_1=24
THERMAL_SENS_INT_2=28
PG_5=0
PG_9=0
PG_12=0
FLT_P2=0
FLT_P3=0
HEAT_1_TEMP=42
HEAT_1_DUTY=0
HEAT_2_TEMP=38
HEAT_2_DUTY=0
HEAT_3_TEMP=38
HEAT_3_DUTY=50
HEAT_4_TEMP=48
HEAT_4_DUTY=0

[21:09:20.001 EBOX]
TS=1786204051.401
V_SENSE5=0.76171875
V_SENSE9=1.60400390625
V_SENSE12=0.04150390625
ADC_V5=5.0091552734375
ADC_V9=9.23065185546875
ADC_V12=11.859130859375
ADC_V28=26.89544677734375
THERMAL_SENS_OUT_1=39
THERMAL_SENS_OUT_2=-50
THERMAL_SENS_OUT_3=41
THERMAL_SENS_OUT_4=38
THERMAL_SENS_OUT_5=49
THERMAL_SENS_OUT_6=-50
THERMAL_SENS_INT_1=25
THERMAL_SENS_INT_2=30
PG_5=0
PG_9=0
PG_12=0
FLT_P2=0
FLT_P3=0
HEAT_1_TEMP=39
HEAT_1_DUTY=0
HEAT_2_TEMP=41
HEAT_2_DUTY=0
HEAT_3_TEMP=38
HEAT_3_DUTY=0
HEAT_4_TEMP=49
HEAT_4_DUTY=50

[21:09:20.571 EBOX]
TS=1786204051.926
V_SENSE5=1.171875
V_SENSE9=0.0390625
V_SENSE12=0.13916015625
ADC_V5=4.98260498046875
ADC_V9=9.31915283203125
ADC_V12=11.99188232421875
ADC_V28=27.63885498046875
THERMAL_SENS_OUT_1=39
THERMAL_SENS_OUT_2=-50
THERMAL_SENS_OUT_3=38
THERMAL_SENS_OUT_4=37
THERMAL_SENS_OUT_5=48
THERMAL_SENS_OUT_6=-50
THERMAL_SENS_INT_1=30
THERMAL_SENS_INT_2=29
PG_5=0
PG_9=0
PG_12=0
FLT_P2=0
FLT_P3=0
HEAT_1_TEMP=39
HEAT_1_DUTY=50
HEAT_2_TEMP=38
HEAT_2_DUTY=0
HEAT_3_TEMP=37
HEAT_3_DUTY=0
HEAT_4_TEMP=48
HEAT_4_DUTY=0

[21:09:21.042 EBOX]
TS=1786204052.449
V_SENSE5=0.5322265625
V_SENSE9=1.57958984375
V_SENSE12=0.2783203125
ADC_V5=4.9560546875
ADC_V9=9.3634033203125
ADC_V12=11.6290283203125
ADC_V28=27.09014892578125
THERMAL_SENS_OUT_1=41
THERMAL_SENS_OUT_2=-50
THERMAL_SENS_OUT_3=36
THERMAL_SENS_OUT_4=41
THERMAL_SENS_OUT_5=45
THERMAL_SENS_OUT_6=-50
THERMAL_SENS_INT_1=27
THERMAL_SENS_INT_2=27
PG_5=0
PG_9=0
PG_12=0
FLT_P2=0
FLT_P3=0
HEAT_1_TEMP=41
HEAT_1_DUTY=50
HEAT_2_TEMP=36
HEAT_2_DUTY=0
HEAT_3_TEMP=41
HEAT_3_DUTY=0
HEAT_4_TEMP=45
HEAT_4_DUTY=0

[21:09:21.586 EBOX]
TS=1786204052.976
V_SENSE5=1.22802734375
V_SENSE9=0.0390625
V_SENSE12=0.10009765625
ADC_V5=4.920654296875
ADC_V9=8.87664794921875
ADC_V12=11.7529296875
ADC_V28=27.82470703125
THERMAL_SENS_OUT_1=43
THERMAL_SENS_OUT_2=-50
THERMAL_SENS_OUT_3=38
THERMAL_SENS_OUT_4=41
THERMAL_SENS_OUT_5=46
THERMAL_SENS_OUT_6=-50
THERMAL_SENS_INT_1=24
THERMAL_SENS_INT_2=27
PG_5=0
PG_9=0
PG_12=0
FLT_P2=0
FLT_P3=0
HEAT_1_TEMP=43
HEAT_1_DUTY=0
HEAT_2_TEMP=38
HEAT_2_DUTY=0
HEAT_3_TEMP=41
HEAT_3_DUTY=0
HEAT_4_TEMP=46
HEAT_4_DUTY=0

[21:09:22.043 EBOX]
TS=1786204053.503
V_SENSE5=1.17919921875
V_SENSE9=0.04150390625
V_SENSE12=0.11962890625
ADC_V5=4.9029541015625
ADC_V9=8.92974853515625
ADC_V12=11.929931640625
ADC_V28=27.47955322265625
THERMAL_SENS_OUT_1=38
THERMAL_SENS_OUT_2=-50
THERMAL_SENS_OUT_3=37
THERMAL_SENS_OUT_4=42
THERMAL_SENS_OUT_5=46
THERMAL_SENS_OUT_6=-50
THERMAL_SENS_INT_1=27
THERMAL_SENS_INT_2=28
PG_5=0
PG_9=0
PG_12=0
FLT_P2=0
FLT_P3=0
HEAT_1_TEMP=38
HEAT_1_DUTY=0
HEAT_2_TEMP=37
HEAT_2_DUTY=0
HEAT_3_TEMP=42
HEAT_3_DUTY=0
HEAT_4_TEMP=46
HEAT_4_DUTY=0

[21:09:22.583 EBOX]
TS=1786204054.029
V_SENSE5=1.19140625
V_SENSE9=0.0341796875
V_SENSE12=0.12939453125
ADC_V5=4.9383544921875
ADC_V9=9.28375244140625
ADC_V12=11.717529296875
ADC_V28=27.8955078125
THERMAL_SENS_OUT_1=44
THERMAL_SENS_OUT_2=-50
THERMAL_SENS_OUT_3=40
THERMAL_SENS_OUT_4=38
THERMAL_SENS_OUT_5=48
THERMAL_SENS_OUT_6=-50
THERMAL_SENS_INT_1=29
THERMAL_SENS_INT_2=26
PG_5=0
PG_9=0
PG_12=0
FLT_P2=0
FLT_P3=0
HEAT_1_TEMP=44
HEAT_1_DUTY=0
HEAT_2_TEMP=40
HEAT_2_DUTY=0
HEAT_3_TEMP=38
HEAT_3_DUTY=0
HEAT_4_TEMP=48
HEAT_4_DUTY=0

[21:09:23.162 EBOX]
TS=1786204054.556
V_SENSE5=1.11572265625
V_SENSE9=0.0341796875
V_SENSE12=0.107421875
ADC_V5=4.87640380859375
ADC_V9=9.345703125
ADC_V12=11.611328125
ADC_V28=27.79815673828125
THERMAL_SENS_OUT_1=44
THERMAL_SENS_OUT_2=-50
THERMAL_SENS_OUT_3=42
THERMAL_SENS_OUT_4=39
THERMAL_SENS_OUT_5=44
THERMAL_SENS_OUT_6=-50
THERMAL_SENS_INT_1=25
THERMAL_SENS_INT_2=27
PG_5=0
PG_9=0
PG_12=0
FLT_P2=0
FLT_P3=0
HEAT_1_TEMP=44
HEAT_1_DUTY=0
HEAT_2_TEMP=42
HEAT_2_DUTY=0
HEAT_3_TEMP=39
HEAT_3_DUTY=0
HEAT_4_TEMP=44
HEAT_4_DUTY=0

[21:09:23.643 EBOX]
TS=1786204055.083
V_SENSE5=1.1572265625
V_SENSE9=0.03662109375
V_SENSE12=0.107421875
ADC_V5=5.00030517578125
ADC_V9=8.885498046875
ADC_V12=11.86798095703125
ADC_V28=27.3114013671875
THERMAL_SENS_OUT_1=40
THERMAL_SENS_OUT_2=-50
THERMAL_SENS_OUT_3=35
THERMAL_SENS_OUT_4=39
THERMAL_SENS_OUT_5=49
THERMAL_SENS_OUT_6=-50
THERMAL_SENS_INT_1=29
THERMAL_SENS_INT_2=27
PG_5=0
PG_9=0
PG_12=0
FLT_P2=0
FLT_P3=0
HEAT_1_TEMP=40
HEAT_1_DUTY=0
HEAT_2_TEMP=35
HEAT_2_DUTY=0
HEAT_3_TEMP=39
HEAT_3_DUTY=0
HEAT_4_TEMP=49
HEAT_4_DUTY=0

[21:09:24.085 EBOX]
TS=1786204055.610
V_SENSE5=1.16455078125
V_SENSE9=0.0341796875
V_SENSE12=0.10986328125
ADC_V5=4.89410400390625
ADC_V9=9.14215087890625
ADC_V12=11.82373046875
ADC_V28=27.37335205078125
THERMAL_SENS_OUT_1=39
THERMAL_SENS_OUT_2=-50
THERMAL_SENS_OUT_3=41
THERMAL_SENS_OUT_4=40
THERMAL_SENS_OUT_5=46
THERMAL_SENS_OUT_6=-50
THERMAL_SENS_INT_1=24
THERMAL_SENS_INT_2=30
PG_5=0
PG_9=0
PG_12=0
FLT_P2=0
FLT_P3=0
HEAT_1_TEMP=39
HEAT_1_DUTY=0
HEAT_2_TEMP=41
HEAT_2_DUTY=0
HEAT_3_TEMP=40
HEAT_3_DUTY=0
HEAT_4_TEMP=46
HEAT_4_DUTY=0

[21:09:24.666 EBOX]
TS=1786204056.136
V_SENSE5=1.17919921875
V_SENSE9=0.0341796875
V_SENSE12=0.1171875
ADC_V5=4.98260498046875
ADC_V9=8.78814697265625
ADC_V12=11.929931640625
ADC_V28=27.62115478515625
THERMAL_SENS_OUT_1=39
THERMAL_SENS_OUT_2=-50
THERMAL_SENS_OUT_3=36
THERMAL_SENS_OUT_4=39
THERMAL_SENS_OUT_5=44
THERMAL_SENS_OUT_6=-50
THERMAL_SENS_INT_1=28
THERMAL_SENS_INT_2=29
PG_5=0
PG_9=0
PG_12=0
FLT_P2=0
FLT_P3=0
HEAT_1_TEMP=39
HEAT_1_DUTY=0
HEAT_2_TEMP=36
HEAT_2_DUTY=0
HEAT_3_TEMP=39
HEAT_3_DUTY=0
HEAT_4_TEMP=44
HEAT_4_DUTY=0

[21:09:25.211 EBOX]
TS=1786204056.664
V_SENSE5=1.14990234375
V_SENSE9=0.03662109375
V_SENSE12=0.09521484375
ADC_V5=4.9029541015625
ADC_V9=9.097900390625
ADC_V12=11.72637939453125
ADC_V28=27.67425537109375
THERMAL_SENS_OUT_1=43
THERMAL_SENS_OUT_2=-50
THERMAL_SENS_OUT_3=38
THERMAL_SENS_OUT_4=42
THERMAL_SENS_OUT_5=46
THERMAL_SENS_OUT_6=-50
THERMAL_SENS_INT_1=31
THERMAL_SENS_INT_2=27
PG_5=0
PG_9=0
PG_12=0
FLT_P2=0
FLT_P3=0
HEAT_1_TEMP=43
HEAT_1_DUTY=0
HEAT_2_TEMP=38
HEAT_2_DUTY=0
HEAT_3_TEMP=42
HEAT_3_DUTY=0
HEAT_4_TEMP=46
HEAT_4_DUTY=0

[21:09:25.688 EBOX]
TS=1786204057.190
V_SENSE5=1.2060546875
V_SENSE9=1.5478515625
V_SENSE12=0.02197265625
ADC_V5=4.920654296875
ADC_V9=9.44305419921875
ADC_V12=11.8060302734375
ADC_V28=26.86004638671875
THERMAL_SENS_OUT_1=43
THERMAL_SENS_OUT_2=-50
THERMAL_SENS_OUT_3=38
THERMAL_SENS_OUT_4=38
THERMAL_SENS_OUT_5=49
THERMAL_SENS_OUT_6=-50
THERMAL_SENS_INT_1=27
THERMAL_SENS_INT_2=26
PG_5=0
PG_9=0
PG_12=0
FLT_P2=0
FLT_P3=0
HEAT_1_TEMP=43
HEAT_1_DUTY=0
HEAT_2_TEMP=38
HEAT_2_DUTY=50
HEAT_3_TEMP=38
HEAT_3_DUTY=0
HEAT_4_TEMP=49
HEAT_4_DUTY=0

[21:09:26.240 EBOX]
TS=1786204057.717
V_SENSE5=1.23046875
V_SENSE9=0.03662109375
V_SENSE12=0.13671875
ADC_V5=4.991455078125
ADC_V9=8.99169921875
ADC_V12=11.859130859375
ADC_V28=27.1343994140625
THERMAL_SENS_OUT_1=39
THERMAL_SENS_OUT_2=-50
THERMAL_SENS_OUT_3=37
THERMAL_SENS_OUT_4=42
THERMAL_SENS_OUT_5=44
THERMAL_SENS_OUT_6=-50
THERMAL_SENS_INT_1=27
THERMAL_SENS_INT_2=30
PG_5=0
PG_9=0
PG_12=0
FLT_P2=0
FLT_P3=0
HEAT_1_TEMP=39
HEAT_1_DUTY=0
HEAT_2_TEMP=37
HEAT_2_DUTY=50
HEAT_3_TEMP=42
HEAT_3_DUTY=0
HEAT_4_TEMP=44
HEAT_4_DUTY=0

[21:09:26.787 EBOX]
TS=1786204058.243
V_SENSE5=1.31591796875
V_SENSE9=1.44775390625
V_SENSE12=0.0439453125
ADC_V5=5.0091552734375
ADC_V9=9.310302734375
ADC_V12=11.9830322265625
ADC_V28=27.49725341796875
THERMAL_SENS_OUT_1=40
THERMAL_SENS_OUT_2=-50
THERMAL_SENS_OUT_3=39
THERMAL_SENS_OUT_4=39
THERMAL_SENS_OUT_5=47
THERMAL_SENS_OUT_6=-50
THERMAL_SENS_INT_1=29
THERMAL_SENS_INT_2=31
PG_5=0
PG_9=0
PG_12=0
FLT_P2=0
FLT_P3=0
HEAT_1_TEMP=40
HEAT_1_DUTY=0
HEAT_2_TEMP=39
HEAT_2_DUTY=0
HEAT_3_TEMP=39
HEAT_3_DUTY=50
HEAT_4_TEMP=47
HEAT_4_DUTY=0

[21:09:27.234 EBOX]
TS=1786204058.770
V_SENSE5=1.201171875
V_SENSE9=0.0341796875
V_SENSE12=0.15380859375
ADC_V5=4.94720458984375
ADC_V9=8.98284912109375
ADC_V12=11.7706298828125
ADC_V28=27.93975830078125
THERMAL_SENS_OUT_1=43
THERMAL_SENS_OUT_2=-50
THERMAL_SENS_OUT_3=37
THERMAL_SENS_OUT_4=38
THERMAL_SENS_OUT_5=46
THERMAL_SENS_OUT_6=-50
THERMAL_SENS_INT_1=27
THERMAL_SENS_INT_2=27
PG_5=0
PG_9=0
PG_12=0
FLT_P2=0
FLT_P3=0
HEAT_1_TEMP=43
HEAT_1_DUTY=0
HEAT_2_TEMP=37
HEAT_2_DUTY=0
HEAT_3_TEMP=38
HEAT_3_DUTY=50
HEAT_4_TEMP=46
HEAT_4_DUTY=0

[21:09:27.786 EBOX]
TS=1786204059.297
V_SENSE5=1.015625
V_SENSE9=1.62109375
V_SENSE12=0.13671875
ADC_V5=4.82330322265625
ADC_V9=9.3634033203125
ADC_V12=11.8414306640625
ADC_V28=26.939697265625
THERMAL_SENS_OUT_1=40
THERMAL_SENS_OUT_2=-50
THERMAL_SENS_OUT_3=37
THERMAL_SENS_OUT_4=42
THERMAL_SENS_OUT_5=45
THERMAL_SENS_OUT_6=-50
THERMAL_SENS_INT_1=27
THERMAL_SENS_INT_2=26
PG_5=0
PG_9=0
PG_12=0
FLT_P2=0
FLT_P3=0
HEAT_1_TEMP=40
HEAT_1_DUTY=0
HEAT_2_TEMP=37
HEAT_2_DUTY=0
HEAT_3_TEMP=42
HEAT_3_DUTY=0
HEAT_4_TEMP=45
HEAT_4_DUTY=50

[21:09:28.331 EBOX]
TS=1786204059.819
V_SENSE5=1.16455078125
V_SENSE9=0.11474609375
V_SENSE12=0.11962890625
ADC_V5=4.849853515625
ADC_V9=9.14215087890625
ADC_V12=11.68212890625
ADC_V28=27.470703125
THERMAL_SENS_OUT_1=38
THERMAL_SENS_OUT_2=-50
THERMAL_SENS_OUT_3=40
THERMAL_SENS_OUT_4=38
THERMAL_SENS_OUT_5=49
THERMAL_SENS_OUT_6=-50
THERMAL_SENS_INT_1=27
THERMAL_SENS_INT_2=29
PG_5=0
PG_9=0
PG_12=0
FLT_P2=0
FLT_P3=0
HEAT_1_TEMP=38
HEAT_1_DUTY=0
HEAT_2_TEMP=40
HEAT_2_DUTY=0
HEAT_3_TEMP=38
HEAT_3_DUTY=0
HEAT_4_TEMP=49
HEAT_4_DUTY=50

[21:09:28.868 EBOX]
TS=1786204060.346
V_SENSE5=0.77880859375
V_SENSE9=2.255859375
V_SENSE12=0.34912109375
ADC_V5=4.89410400390625
ADC_V9=9.58465576171875
ADC_V12=11.859130859375
ADC_V28=27.2760009765625
THERMAL_SENS_OUT_1=44
THERMAL_SENS_OUT_2=-50
THERMAL_SENS_OUT_3=38
THERMAL_SENS_OUT_4=42
THERMAL_SENS_OUT_5=46
THERMAL_SENS_OUT_6=-50
THERMAL_SENS_INT_1=25
THERMAL_SENS_INT_2=32
PG_5=0
PG_9=0
PG_12=0
FLT_P2=0
FLT_P3=0
HEAT_1_TEMP=44
HEAT_1_DUTY=50
HEAT_2_TEMP=38
HEAT_2_DUTY=0
HEAT_3_TEMP=42
HEAT_3_DUTY=0
HEAT_4_TEMP=46
HEAT_4_DUTY=0

[21:09:29.426 EBOX]
TS=1786204060.873
V_SENSE5=1.16455078125
V_SENSE9=0.03662109375
V_SENSE12=0.11962890625
ADC_V5=4.82330322265625
ADC_V9=9.21295166015625
ADC_V12=11.8768310546875
ADC_V28=27.293701171875
THERMAL_SENS_OUT_1=39
THERMAL_SENS_OUT_2=-50
THERMAL_SENS_OUT_3=37
THERMAL_SENS_OUT_4=41
THERMAL_SENS_OUT_5=45
THERMAL_SENS_OUT_6=-50
THERMAL_SENS_INT_1=24
THERMAL_SENS_INT_2=30
PG_5=0
PG_9=0
PG_12=0
FLT_P2=0
FLT_P3=0
HEAT_1_TEMP=39
HEAT_1_DUTY=50
HEAT_2_TEMP=37
HEAT_2_DUTY=0
HEAT_3_TEMP=41
HEAT_3_DUTY=0
HEAT_4_TEMP=45
HEAT_4_DUTY=0

[21:09:29.878 EBOX]
TS=1786204061.294
V_SENSE5=1.18408203125
V_SENSE9=0.0390625
V_SENSE12=0.1025390625
ADC_V5=4.82330322265625
ADC_V9=8.956298828125
ADC_V12=11.4520263671875
ADC_V28=27.5238037109375
THERMAL_SENS_OUT_1=39
THERMAL_SENS_OUT_2=-50
THERMAL_SENS_OUT_3=36
THERMAL_SENS_OUT_4=40
THERMAL_SENS_OUT_5=50
THERMAL_SENS_OUT_6=-50
THERMAL_SENS_INT_1=26
THERMAL_SENS_INT_2=27
PG_5=0
PG_9=0
PG_12=0
FLT_P2=0
FLT_P3=0
HEAT_1_TEMP=39
HEAT_1_DUTY=0
HEAT_2_TEMP=36
HEAT_2_DUTY=0
HEAT_3_TEMP=40
HEAT_3_DUTY=0
HEAT_4_TEMP=50
HEAT_4_DUTY=0

[21:09:30.426 EBOX]
TS=1786204061.822
V_SENSE5=1.1962890625
V_SENSE9=0.03662109375
V_SENSE12=0.11962890625
ADC_V5=4.8675537109375
ADC_V9=9.13330078125
ADC_V12=11.56707763671875
ADC_V28=28.08135986328125
THERMAL_SENS_OUT_1=44
THERMAL_SENS_OUT_2=-50
THERMAL_SENS_OUT_3=36
THERMAL_SENS_OUT_4=41
THERMAL_SENS_OUT_5=50
THERMAL_SENS_OUT_6=-50
THERMAL_SENS_INT_1=26
THERMAL_SENS_INT_2=31
PG_5=0
PG_9=0
PG_12=0
FLT_P2=0
FLT_P3=0
HEAT_1_TEMP=44
HEAT_1_DUTY=0
HEAT_2_TEMP=36
HEAT_2_DUTY=0
HEAT_3_TEMP=41
HEAT_3_DUTY=0
HEAT_4_TEMP=50
HEAT_4_DUTY=0

[21:09:30.864 EBOX]
TS=1786204062.349
V_SENSE5=1.14501953125
V_SENSE9=0.0341796875
V_SENSE12=0.15380859375
ADC_V5=4.991455078125
ADC_V9=8.99169921875
ADC_V12=11.89453125
ADC_V28=27.37335205078125
THERMAL_SENS_OUT_1=39
THERMAL_SENS_OUT_2=-50
THERMAL_SENS_OUT_3=40
THERMAL_SENS_OUT_4=37
THERMAL_SENS_OUT_5=46
THERMAL_SENS_OUT_6=-50
THERMAL_SENS_INT_1=25
THERMAL_SENS_INT_2=31
PG_5=0
PG_9=0
PG_12=0
FLT_P2=0
FLT_P3=0
HEAT_1_TEMP=39
HEAT_1_DUTY=0
HEAT_2_TEMP=40
HEAT_2_DUTY=0
HEAT_3_TEMP=37
HEAT_3_DUTY=0
HEAT_4_TEMP=46
HEAT_4_DUTY=0

[21:09:31.407 EBOX]
TS=1786204062.874
V_SENSE5=1.1669921875
V_SENSE9=0.03662109375
V_SENSE12=0.11474609375
ADC_V5=5.0091552734375
ADC_V9=9.40765380859375
ADC_V12=11.92108154296875
ADC_V28=27.54150390625
THERMAL_SENS_OUT_1=41
THERMAL_SENS_OUT_2=-50
THERMAL_SENS_OUT_3=39
THERMAL_SENS_OUT_4=39
THERMAL_SENS_OUT_5=45
THERMAL_SENS_OUT_6=-50
THERMAL_SENS_INT_1=24
THERMAL_SENS_INT_2=28
PG_5=0
PG_9=0
PG_12=0
FLT_P2=0
FLT_P3=0
HEAT_1_TEMP=41
HEAT_1_DUTY=0
HEAT_2_TEMP=39
HEAT_2_DUTY=0
HEAT_3_TEMP=39
HEAT_3_DUTY=0
HEAT_4_TEMP=45
HEAT_4_DUTY=0

[21:09:31.997 EBOX]
TS=1786204063.400
V_SENSE5=1.19873046875
V_SENSE9=0.03662109375
V_SENSE12=0.10986328125
ADC_V5=4.98260498046875
ADC_V9=8.7615966796875
ADC_V12=11.82373046875
ADC_V28=27.2760009765625
THERMAL_SENS_OUT_1=39
THERMAL_SENS_OUT_2=-50
THERMAL_SENS_OUT_3=36
THERMAL_SENS_OUT_4=40
THERMAL_SENS_OUT_5=45
THERMAL_SENS_OUT_6=-50
THERMAL_SENS_INT_1=24
THERMAL_SENS_INT_2=27
PG_5=0
PG_9=0
PG_12=0
FLT_P2=0
FLT_P3=0
HEAT_1_TEMP=39
HEAT_1_DUTY=0
HEAT_2_TEMP=36
HEAT_2_DUTY=0
HEAT_3_TEMP=40
HEAT_3_DUTY=0
HEAT_4_TEMP=45
HEAT_4_DUTY=0

[21:09:32.530 EBOX]
TS=1786204063.927
V_SENSE5=1.17919921875
V_SENSE9=0.03662109375
V_SENSE12=0.1318359375
ADC_V5=4.98260498046875
ADC_V9=9.14215087890625
ADC_V12=11.788330078125
ADC_V28=27.1343994140625
THERMAL_SENS_OUT_1=40
THERMAL_SENS_OUT_2=-50
THERMAL_SENS_OUT_3=37
THERMAL_SENS_OUT_4=42
THERMAL_SENS_OUT_5=45
THERMAL_SENS_OUT_6=-50
THERMAL_SENS_INT_1=24
THERMAL_SENS_INT_2=30
PG_5=0
PG_9=0
PG_12=0
FLT_P2=0
FLT_P3=0
HEAT_1_TEMP=40
HEAT_1_DUTY=0
HEAT_2_TEMP=37
HEAT_2_DUTY=0
HEAT_3_TEMP=42
HEAT_3_DUTY=0
HEAT_4_TEMP=45
HEAT_4_DUTY=0

[21:09:32.995 EBOX]
TS=1786204064.454
V_SENSE5=1.18896484375
V_SENSE9=0.03662109375
V_SENSE12=0.1025390625
ADC_V5=4.96490478515625
ADC_V9=9.21295166015625
ADC_V12=11.83258056640625
ADC_V28=27.24945068359375
THERMAL_SENS_OUT_1=40
THERMAL_SENS_OUT_2=-50
THERMAL_SENS_OUT_3=36
THERMAL_SENS_OUT_4=39
THERMAL_SENS_OUT_5=45
THERMAL_SENS_OUT_6=-50
THERMAL_SENS_INT_1=25
THERMAL_SENS_INT_2=32
PG_5=0
PG_9=0
PG_12=0
FLT_P2=0
FLT_P3=0
HEAT_1_TEMP=40
HEAT_1_DUTY=0
HEAT_2_TEMP=36
HEAT_2_DUTY=0
HEAT_3_TEMP=39
HEAT_3_DUTY=0
HEAT_4_TEMP=45
HEAT_4_DUTY=0

[21:09:33.557 EBOX]
TS=1786204064.980
V_SENSE5=1.1474609375
V_SENSE9=0.0390625
V_SENSE12=0.12451171875
ADC_V5=4.88525390625
ADC_V9=9.10675048828125
ADC_V12=11.51397705078125
ADC_V28=27.718505859375
THERMAL_SENS_OUT_1=39
THERMAL_SENS_OUT_2=-50
THERMAL_SENS_OUT_3=37
THERMAL_SENS_OUT_4=39
THERMAL_SENS_OUT_5=47
THERMAL_SENS_OUT_6=-50
THERMAL_SENS_INT_1=29
THERMAL_SENS_INT_2=28
PG_5=0
PG_9=0
PG_12=0
FLT_P2=0
FLT_P3=0
HEAT_1_TEMP=39
HEAT_1_DUTY=0
HEAT_2_TEMP=37
HEAT_2_DUTY=0
HEAT_3_TEMP=39
HEAT_3_DUTY=0
HEAT_4_TEMP=47
HEAT_4_DUTY=0

[21:09:34.033 EBOX]
TS=1786204065.402
V_SENSE5=1.7431640625
V_SENSE9=1.2939453125
V_SENSE12=0.17822265625
ADC_V5=5.0091552734375
ADC_V9=9.31915283203125
ADC_V12=11.90338134765625
ADC_V28=27.1697998046875
THERMAL_SENS_OUT_1=41
THERMAL_SENS_OUT_2=-50
THERMAL_SENS_OUT_3=39
THERMAL_SENS_OUT_4=37
THERMAL_SENS_OUT_5=47
THERMAL_SENS_OUT_6=-50
THERMAL_SENS_INT_1=28
THERMAL_SENS_INT_2=30
PG_5=0
PG_9=0
PG_12=0
FLT_P2=0
FLT_P3=0
HEAT_1_TEMP=41
HEAT_1_DUTY=0
HEAT_2_TEMP=39
HEAT_2_DUTY=50
HEAT_3_TEMP=37
HEAT_3_DUTY=0
HEAT_4_TEMP=47
HEAT_4_DUTY=0

[21:09:34.531 EBOX]
TS=1786204065.930
V_SENSE5=1.22802734375
V_SENSE9=0.03662109375
V_SENSE12=0.12451171875
ADC_V5=4.91180419921875
ADC_V9=8.9385986328125
ADC_V12=11.68212890625
ADC_V28=28.143310546875
THERMAL_SENS_OUT_1=41
THERMAL_SENS_OUT_2=-50
THERMAL_SENS_OUT_3=38
THERMAL_SENS_OUT_4=42
THERMAL_SENS_OUT_5=45
THERMAL_SENS_OUT_6=-50
THERMAL_SENS_INT_1=26
THERMAL_SENS_INT_2=27
PG_5=0
PG_9=0
PG_12=0
FLT_P2=0
FLT_P3=0
HEAT_1_TEMP=41
HEAT_1_DUTY=0
HEAT_2_TEMP=38
HEAT_2_DUTY=0
HEAT_3_TEMP=42
HEAT_3_DUTY=50
HEAT_4_TEMP=45
HEAT_4_DUTY=0

[21:09:35.128 EBOX]
TS=1786204066.452
V_SENSE5=0.732421875
V_SENSE9=1.5576171875
V_SENSE12=0.0341796875
ADC_V5=4.91180419921875
ADC_V9=9.37225341796875
ADC_V12=11.79718017578125
ADC_V28=27.42645263671875
THERMAL_SENS_OUT_1=44
THERMAL_SENS_OUT_2=-50
THERMAL_SENS_OUT_3=41
THERMAL_SENS_OUT_4=39
THERMAL_SENS_OUT_5=46
THERMAL_SENS_OUT_6=-50
THERMAL_SENS_INT_1=27
THERMAL_SENS_INT_2=32
PG_5=0
PG_9=0
PG_12=0
FLT_P2=0
FLT_P3=0
HEAT_1_TEMP=44
HEAT_1_DUTY=0
HEAT_2_TEMP=41
HEAT_2_DUTY=0
HEAT_3_TEMP=39
HEAT_3_DUTY=50
HEAT_4_TEMP=46
HEAT_4_DUTY=0

[21:09:35.620 EBOX]
TS=1786204066.978
V_SENSE5=1.17431640625
V_SENSE9=0.03662109375
V_SENSE12=0.13427734375
ADC_V5=4.920654296875
ADC_V9=8.9739990234375
ADC_V12=11.89453125
ADC_V28=27.26715087890625
THERMAL_SENS_OUT_1=40
THERMAL_SENS_OUT_2=-50
THERMAL_SENS_OUT_3=39
THERMAL_SENS_OUT_4=39
THERMAL_SENS_OUT_5=45
THERMAL_SENS_OUT_6=-50
THERMAL_SENS_INT_1=27
THERMAL_SENS_INT_2=27
PG_5=0
PG_9=0
PG_12=0
FLT_P2=0
FLT_P3=0
HEAT_1_TEMP=40
HEAT_1_DUTY=0
HEAT_2_TEMP=39
HEAT_2_DUTY=0
HEAT_3_TEMP=39
HEAT_3_DUTY=0
HEAT_4_TEMP=45
HEAT_4_DUTY=50

[21:09:36.110 EBOX]
TS=1786204067.505
V_SENSE5=1.2890625
V_SENSE9=2.72216796875
V_SENSE12=0.2734375
ADC_V5=4.9383544921875
ADC_V9=9.3634033203125
ADC_V12=11.83258056640625
ADC_V28=26.8157958984375
THERMAL_SENS_OUT_1=44
THERMAL_SENS_OUT_2=-50
THERMAL_SENS_OUT_3=38
THERMAL_SENS_OUT_4=38
THERMAL_SENS_OUT_5=49
THERMAL_SENS_OUT_6=-50
THERMAL_SENS_INT_1=25
THERMAL_SENS_INT_2=29
PG_5=0
PG_9=0
PG_12=0
FLT_P2=0
FLT_P3=0
HEAT_1_TEMP=44
HEAT_1_DUTY=0
HEAT_2_TEMP=38
HEAT_2_DUTY=0
HEAT_3_TEMP=38
HEAT_3_DUTY=0
HEAT_4_TEMP=49
HEAT_4_DUTY=50

[21:09:36.582 EBOX]
TS=1786204068.032
V_SENSE5=0.9423828125
V_SENSE9=2.92236328125
V_SENSE12=0.234375
ADC_V5=4.85870361328125
ADC_V9=9.42535400390625
ADC_V12=11.4697265625
ADC_V28=27.37335205078125
THERMAL_SENS_OUT_1=45
THERMAL_SENS_OUT_2=-50
THERMAL_SENS_OUT_3=38
THERMAL_SENS_OUT_4=41
THERMAL_SENS_OUT_5=45
THERMAL_SENS_OUT_6=-50
THERMAL_SENS_INT_1=25
THERMAL_SENS_INT_2=33
PG_5=0
PG_9=0
PG_12=0
FLT_P2=0
FLT_P3=0
HEAT_1_TEMP=45
HEAT_1_DUTY=50
HEAT_2_TEMP=38
HEAT_2_DUTY=0
HEAT_3_TEMP=41
HEAT_3_DUTY=0
HEAT_4_TEMP=45
HEAT_4_DUTY=0

[21:09:37.132 EBOX]
TS=1786204068.559
V_SENSE5=1.11328125
V_SENSE9=0.07568359375
V_SENSE12=0.09765625
ADC_V5=4.80560302734375
ADC_V9=9.31915283203125
ADC_V12=11.9122314453125
ADC_V28=27.3822021484375
THERMAL_SENS_OUT_1=40
THERMAL_SENS_OUT_2=-50
THERMAL_SENS_OUT_3=39
THERMAL_SENS_OUT_4=39
THERMAL_SENS_OUT_5=46
THERMAL_SENS_OUT_6=-50
THERMAL_SENS_INT_1=30
THERMAL_SENS_INT_2=29
PG_5=0
PG_9=0
PG_12=0
FLT_P2=0
FLT_P3=0
HEAT_1_TEMP=40
HEAT_1_DUTY=50
HEAT_2_TEMP=39
HEAT_2_DUTY=0
HEAT_3_TEMP=39
HEAT_3_DUTY=0
HEAT_4_TEMP=46
HEAT_4_DUTY=0

[21:09:37.584 EBOX]
TS=1786204069.084
V_SENSE5=1.16943359375
V_SENSE9=0.0390625
V_SENSE12=0.1220703125
ADC_V5=4.8675537109375
ADC_V9=9.168701171875
ADC_V12=11.4697265625
ADC_V28=27.53265380859375
THERMAL_SENS_OUT_1=39
THERMAL_SENS_OUT_2=-50
THERMAL_SENS_OUT_3=38
THERMAL_SENS_OUT_4=42
THERMAL_SENS_OUT_5=46
THERMAL_SENS_OUT_6=-50
THERMAL_SENS_INT_1=28
THERMAL_SENS_INT_2=27
PG_5=0
PG_9=0
PG_12=0
FLT_P2=0
FLT_P3=0
HEAT_1_TEMP=39
HEAT_1_DUTY=0
HEAT_2_TEMP=38
HEAT_2_DUTY=0
HEAT_3_TEMP=42
HEAT_3_DUTY=0
HEAT_4_TEMP=46
HEAT_4_DUTY=0

[21:09:38.126 EBOX]
TS=1786204069.611
V_SENSE5=1.1181640625
V_SENSE9=0.0341796875
V_SENSE12=0.1318359375
ADC_V5=4.85870361328125
ADC_V9=9.26605224609375
ADC_V12=11.5228271484375
ADC_V28=27.76275634765625
THERMAL_SENS_OUT_1=41
THERMAL_SENS_OUT_2=-50
THERMAL_SENS_OUT_3=39
THERMAL_SENS_OUT_4=40
THERMAL_SENS_OUT_5=46
THERMAL_SENS_OUT_6=-50
THERMAL_SENS_INT_1=26
THERMAL_SENS_INT_2=29
PG_5=0
PG_9=0
PG_12=0
FLT_P2=0
FLT_P3=0
HEAT_1_TEMP=41
HEAT_1_DUTY=0
HEAT_2_TEMP=39
HEAT_2_DUTY=0
HEAT_3_TEMP=40
HEAT_3_DUTY=0
HEAT_4_TEMP=46
HEAT_4_DUTY=0

[21:09:38.678 EBOX]
TS=1786204070.138
V_SENSE5=1.171875
V_SENSE9=0.0390625
V_SENSE12=0.126953125
ADC_V5=4.92950439453125
ADC_V9=9.3988037109375
ADC_V12=11.67327880859375
ADC_V28=27.8955078125
THERMAL_SENS_OUT_1=42
THERMAL_SENS_OUT_2=-50
THERMAL_SENS_OUT_3=39
THERMAL_SENS_OUT_4=38
THERMAL_SENS_OUT_5=48
THERMAL_SENS_OUT_6=-50
THERMAL_SENS_INT_1=25
THERMAL_SENS_INT_2=26
PG_5=0
PG_9=0
PG_12=0
FLT_P2=0
FLT_P3=0
HEAT_1_TEMP=42
HEAT_1_DUTY=0
HEAT_2_TEMP=39
HEAT_2_DUTY=0
HEAT_3_TEMP=38
HEAT_3_DUTY=0
HEAT_4_TEMP=48
HEAT_4_DUTY=0

[21:09:39.128 EBOX]
TS=1786204070.665
V_SENSE5=1.18896484375
V_SENSE9=0.0341796875
V_SENSE12=0.1220703125
ADC_V5=4.98260498046875
ADC_V9=8.9385986328125
ADC_V12=11.4874267578125
ADC_V28=27.6123046875
THERMAL_SENS_OUT_1=40
THERMAL_SENS_OUT_2=-50
THERMAL_SENS_OUT_3=40
THERMAL_SENS_OUT_4=37
THERMAL_SENS_OUT_5=48
THERMAL_SENS_OUT_6=-50
THERMAL_SENS_INT_1=30
THERMAL_SENS_INT_2=28
PG_5=0
PG_9=0
PG_12=0
FLT_P2=0
FLT_P3=0
HEAT_1_TEMP=40
HEAT_1_DUTY=0
HEAT_2_TEMP=40
HEAT_2_DUTY=0
HEAT_3_TEMP=37
HEAT_3_DUTY=0
HEAT_4_TEMP=48
HEAT_4_DUTY=0

[21:09:39.691 EBOX]
TS=1786204071.086
V_SENSE5=1.171875
V_SENSE9=0.05615234375
V_SENSE12=0.11474609375
ADC_V5=4.9383544921875
ADC_V9=9.2218017578125
ADC_V12=11.575927734375
ADC_V28=27.81585693359375
THERMAL_SENS_OUT_1=44
THERMAL_SENS_OUT_2=-50
THERMAL_SENS_OUT_3=42
THERMAL_SENS_OUT_4=39
THERMAL_SENS_OUT_5=48
THERMAL_SENS_OUT_6=-50
THERMAL_SENS_INT_1=29
THERMAL_SENS_INT_2=27
PG_5=0
PG_9=0
PG_12=0
FLT_P2=0
FLT_P3=0
HEAT_1_TEMP=44
HEAT_1_DUTY=0
HEAT_2_TEMP=42
HEAT_2_DUTY=0
HEAT_3_TEMP=39
HEAT_3_DUTY=0
HEAT_4_TEMP=48
HEAT_4_DUTY=0

[21:09:40.230 EBOX]
TS=1786204071.608
V_SENSE5=1.16943359375
V_SENSE9=0.07568359375
V_SENSE12=0.12939453125
ADC_V5=4.9383544921875
ADC_V9=8.89434814453125
ADC_V12=11.9476318359375
ADC_V28=27.86895751953125
THERMAL_SENS_OUT_1=44
THERMAL_SENS_OUT_2=-50
THERMAL_SENS_OUT_3=42
THERMAL_SENS_OUT_4=40
THERMAL_SENS_OUT_5=46
THERMAL_SENS_OUT_6=-50
THERMAL_SENS_INT_1=24
THERMAL_SENS_INT_2=32
PG_5=0
PG_9=0
PG_12=0
FLT_P2=0
FLT_P3=0
HEAT_1_TEMP=44
HEAT_1_DUTY=0
HEAT_2_TEMP=42
HEAT_2_DUTY=0
HEAT_3_TEMP=40
HEAT_3_DUTY=0
HEAT_4_TEMP=46
HEAT_4_DUTY=0

[21:09:40.677 EBOX]
TS=1786204072.131
V_SENSE5=1.11572265625
V_SENSE9=0.0341796875
V_SENSE12=0.11474609375
ADC_V5=4.8321533203125
ADC_V9=9.1864013671875
ADC_V12=11.67327880859375
ADC_V28=28.10791015625
THERMAL_SENS_OUT_1=43
THERMAL_SENS_OUT_2=-50
THERMAL_SENS_OUT_3=38
THERMAL_SENS_OUT_4=42
THERMAL_SENS_OUT_5=45
THERMAL_SENS_OUT_6=-50
THERMAL_SENS_INT_1=26
THERMAL_SENS_INT_2=30
PG_5=0
PG_9=0
PG_12=0
FLT_P2=0
FLT_P3=0
HEAT_1_TEMP=43
HEAT_1_DUTY=0
HEAT_2_TEMP=38
HEAT_2_DUTY=0
HEAT_3_TEMP=42
HEAT_3_DUTY=0
HEAT_4_TEMP=45
HEAT_4_DUTY=0

[21:09:41.214 EBOX]
TS=1786204072.658
V_SENSE5=1.18408203125
V_SENSE9=0.0390625
V_SENSE12=0.11962890625
ADC_V5=4.849853515625
ADC_V9=9.5404052734375
ADC_V12=11.646728515625
ADC_V28=27.35565185546875
THERMAL_SENS_OUT_1=40
THERMAL_SENS_OUT_2=-50
THERMAL_SENS_OUT_3=41
THERMAL_SENS_OUT_4=39
THERMAL_SENS_OUT_5=48
THERMAL_SENS_OUT_6=-50
THERMAL_SENS_INT_1=27
THERMAL_SENS_INT_2=31
PG_5=0
PG_9=0
PG_12=0
FLT_P2=0
FLT_P3=0
HEAT_1_TEMP=40
HEAT_1_DUTY=0
HEAT_2_TEMP=41
HEAT_2_DUTY=0
HEAT_3_TEMP=39
HEAT_3_DUTY=0
HEAT_4_TEMP=48
HEAT_4_DUTY=0

[21:09:41.761 EBOX]
TS=1786204073.184
V_SENSE5=1.60400390625
V_SENSE9=1.767578125
V_SENSE12=0.18798828125
ADC_V5=4.96490478515625
ADC_V9=9.19525146484375
ADC_V12=11.7706298828125
ADC_V28=27.74505615234375
THERMAL_SENS_OUT_1=45
THERMAL_SENS_OUT_2=-50
THERMAL_SENS_OUT_3=39
THERMAL_SENS_OUT_4=38
THERMAL_SENS_OUT_5=45
THERMAL_SENS_OUT_6=-50
THERMAL_SENS_INT_1=27
THERMAL_SENS_INT_2=27
PG_5=0
PG_9=0
PG_12=0
FLT_P2=0
FLT_P3=0
HEAT_1_TEMP=45
HEAT_1_DUTY=0
HEAT_2_TEMP=39
HEAT_2_DUTY=50
HEAT_3_TEMP=38
HEAT_3_DUTY=0
HEAT_4_TEMP=45
HEAT_4_DUTY=0

[21:09:42.199 EBOX]
TS=1786204073.711
V_SENSE5=1.162109375
V_SENSE9=0.0341796875
V_SENSE12=0.12939453125
ADC_V5=4.814453125
ADC_V9=9.28375244140625
ADC_V12=11.54052734375
ADC_V28=27.83355712890625
THERMAL_SENS_OUT_1=40
THERMAL_SENS_OUT_2=-50
THERMAL_SENS_OUT_3=42
THERMAL_SENS_OUT_4=38
THERMAL_SENS_OUT_5=48
THERMAL_SENS_OUT_6=-50
THERMAL_SENS_INT_1=30
THERMAL_SENS_INT_2=29
PG_5=0
PG_9=0
PG_12=0
FLT_P2=0
FLT_P3=0
HEAT_1_TEMP=40
HEAT_1_DUTY=0
HEAT_2_TEMP=42
HEAT_2_DUTY=50
HEAT_3_TEMP=38
HEAT_3_DUTY=0
HEAT_4_TEMP=48
HEAT_4_DUTY=0

[21:09:42.741 EBOX]
TS=1786204074.238
V_SENSE5=0.7568359375
V_SENSE9=1.30859375
V_SENSE12=0.0439453125
ADC_V5=4.88525390625
ADC_V9=9.451904296875
ADC_V12=11.4697265625
ADC_V28=27.1697998046875
THERMAL_SENS_OUT_1=39
THERMAL_SENS_OUT_2=-50
THERMAL_SENS_OUT_3=38
THERMAL_SENS_OUT_4=40
THERMAL_SENS_OUT_5=44
THERMAL_SENS_OUT_6=-50
THERMAL_SENS_INT_1=26
THERMAL_SENS_INT_2=28
PG_5=0
PG_9=0
PG_12=0
FLT_P2=0
FLT_P3=0
HEAT_1_TEMP=39
HEAT_1_DUTY=0
HEAT_2_TEMP=38
HEAT_2_DUTY=0
HEAT_3_TEMP=40
HEAT_3_DUTY=50
HEAT_4_TEMP=44
HEAT_4_DUTY=0

[21:09:43.287 EBOX]
TS=1786204074.760
V_SENSE5=1.162109375
V_SENSE9=0.03662109375
V_SENSE12=0.13427734375
ADC_V5=4.88525390625
ADC_V9=9.28375244140625
ADC_V12=11.5936279296875
ADC_V28=27.88665771484375
THERMAL_SENS_OUT_1=44
THERMAL_SENS_OUT_2=-50
THERMAL_SENS_OUT_3=38
THERMAL_SENS_OUT_4=41
THERMAL_SENS_OUT_5=44
THERMAL_SENS_OUT_6=-50
THERMAL_SENS_INT_1=26
THERMAL_SENS_INT_2=26
PG_5=0
PG_9=0
PG_12=0
FLT_P2=0
FLT_P3=0
HEAT_1_TEMP=44
HEAT_1_DUTY=0
HEAT_2_TEMP=38
HEAT_2_DUTY=0
HEAT_3_TEMP=41
HEAT_3_DUTY=50
HEAT_4_TEMP=44
HEAT_4_DUTY=0

[21:09:43.831 EBOX]
TS=1786204075.287
V_SENSE5=0.7177734375
V_SENSE9=1.29150390625
V_SENSE12=0.3076171875
ADC_V5=4.88525390625
ADC_V9=9.2041015625
ADC_V12=11.85028076171875
ADC_V28=27.19635009765625
THERMAL_SENS_OUT_1=44
THERMAL_SENS_OUT_2=-50
THERMAL_SENS_OUT_3=42
THERMAL_SENS_OUT_4=38
THERMAL_SENS_OUT_5=47
THERMAL_SENS_OUT_6=-50
THERMAL_SENS_INT_1=25
THERMAL_SENS_INT_2=32
PG_5=0
PG_9=0
PG_12=0
FLT_P2=0
FLT_P3=0
HEAT_1_TEMP=44
HEAT_1_DUTY=0
HEAT_2_TEMP=42
HEAT_2_DUTY=0
HEAT_3_TEMP=38
HEAT_3_DUTY=0
HEAT_4_TEMP=47
HEAT_4_DUTY=50

[21:09:44.288 EBOX]
TS=1786204075.706
V_SENSE5=1.16943359375
V_SENSE9=0.0390625
V_SENSE12=0.1171875
ADC_V5=4.849853515625
ADC_V9=9.5404052734375
ADC_V12=11.60247802734375
ADC_V28=28.04595947265625
THERMAL_SENS_OUT_1=44
THERMAL_SENS_OUT_2=-50
THERMAL_SENS_OUT_3=41
THERMAL_SENS_OUT_4=38
THERMAL_SENS_OUT_5=48
THERMAL_SENS_OUT_6=-50
THERMAL_SENS_INT_1=28
THERMAL_SENS_INT_2=26
PG_5=0
PG_9=0
PG_12=0
FLT_P2=0
FLT_P3=0
HEAT_1_TEMP=44
HEAT_1_DUTY=0
HEAT_2_TEMP=41
HEAT_2_DUTY=0
HEAT_3_TEMP=38
HEAT_3_DUTY=0
HEAT_4_TEMP=48
HEAT_4_DUTY=50

[21:09:44.855 EBOX]
TS=1786204076.232
V_SENSE5=0.5078125
V_SENSE9=1.54052734375
V_SENSE12=0.02197265625
ADC_V5=5.0091552734375
ADC_V9=9.62005615234375
ADC_V12=11.62017822265625
ADC_V28=27.2052001953125
THERMAL_SENS_OUT_1=44
THERMAL_SENS_OUT_2=-50
THERMAL_SENS_OUT_3=37
THERMAL_SENS_OUT_4=39
THERMAL_SENS_OUT_5=49
THERMAL_SENS_OUT_6=-50
THERMAL_SENS_INT_1=28
THERMAL_SENS_INT_2=30
PG_5=0
PG_9=0
PG_12=0
FLT_P2=0
FLT_P3=0
HEAT_1_TEMP=44
HEAT_1_DUTY=50
HEAT_2_TEMP=37
HEAT_2_DUTY=0
HEAT_3_TEMP=39
HEAT_3_DUTY=0
HEAT_4_TEMP=49
HEAT_4_DUTY=0

[21:09:45.314 EBOX]
TS=1786204076.755
V_SENSE5=1.20361328125
V_SENSE9=0.03662109375
V_SENSE12=0.11474609375
ADC_V5=4.991455078125
ADC_V9=9.23065185546875
ADC_V12=11.6998291015625
ADC_V28=27.74505615234375
THERMAL_SENS_OUT_1=43
THERMAL_SENS_OUT_2=-50
THERMAL_SENS_OUT_3=37
THERMAL_SENS_OUT_4=40
THERMAL_SENS_OUT_5=50
THERMAL_SENS_OUT_6=-50
THERMAL_SENS_INT_1=27
THERMAL_SENS_INT_2=32
PG_5=0
PG_9=0
PG_12=0
FLT_P2=0
FLT_P3=0
HEAT_1_TEMP=43
HEAT_1_DUTY=50
HEAT_2_TEMP=37
HEAT_2_DUTY=0
HEAT_3_TEMP=40
HEAT_3_DUTY=0
HEAT_4_TEMP=50
HEAT_4_DUTY=0

[21:09:45.855 EBOX]
TS=1786204077.283
V_SENSE5=1.1865234375
V_SENSE9=0.0341796875
V_SENSE12=0.10498046875
ADC_V5=4.849853515625
ADC_V9=9.2572021484375
ADC_V12=11.51397705078125
ADC_V28=27.78045654296875
THERMAL_SENS_OUT_1=42
THERMAL_SENS_OUT_2=-50
THERMAL_SENS_OUT_3=43
THERMAL_SENS_OUT_4=40
THERMAL_SENS_OUT_5=48
THERMAL_SENS_OUT_6=-50
THERMAL_SENS_INT_1=30
THERMAL_SENS_INT_2=29
PG_5=0
PG_9=0
PG_12=0
FLT_P2=0
FLT_P3=0
HEAT_1_TEMP=42
HEAT_1_DUTY=0
HEAT_2_TEMP=43
HEAT_2_DUTY=0
HEAT_3_TEMP=40
HEAT_3_DUTY=0
HEAT_4_TEMP=48
HEAT_4_DUTY=0

[21:09:46.454 EBOX]
TS=1786204077.810
V_SENSE5=1.14013671875
V_SENSE9=0.04150390625
V_SENSE12=0.10986328125
ADC_V5=4.8321533203125
ADC_V9=9.3988037109375
ADC_V12=11.68212890625
ADC_V28=28.10791015625
THERMAL_SENS_OUT_1=44
THERMAL_SENS_OUT_2=-50
THERMAL_SENS_OUT_3=42
THERMAL_SENS_OUT_4=40
THERMAL_SENS_OUT_5=47
THERMAL_SENS_OUT_6=-50
THERMAL_SENS_INT_1=28
THERMAL_SENS_INT_2=27
PG_5=0
PG_9=0
PG_12=0
FLT_P2=0
FLT_P3=0
HEAT_1_TEMP=44
HEAT_1_DUTY=0
HEAT_2_TEMP=42
HEAT_2_DUTY=0
HEAT_3_TEMP=40
HEAT_3_DUTY=0
HEAT_4_TEMP=47
HEAT_4_DUTY=0

[21:09:46.903 EBOX]
TS=1786204078.338
V_SENSE5=1.15478515625
V_SENSE9=0.04638671875
V_SENSE12=0.12939453125
ADC_V5=4.89410400390625
ADC_V9=9.522705078125
ADC_V12=11.69097900390625
ADC_V28=28.13446044921875
THERMAL_SENS_OUT_1=43
THERMAL_SENS_OUT_2=-50
THERMAL_SENS_OUT_3=38
THERMAL_SENS_OUT_4=44
THERMAL_SENS_OUT_5=48
THERMAL_SENS_OUT_6=-50
THERMAL_SENS_INT_1=25
THERMAL_SENS_INT_2=27
PG_5=0
PG_9=0
PG_12=0
FLT_P2=0
FLT_P3=0
HEAT_1_TEMP=43
HEAT_1_DUTY=0
HEAT_2_TEMP=38
HEAT_2_DUTY=0
HEAT_3_TEMP=44
HEAT_3_DUTY=0
HEAT_4_TEMP=48
HEAT_4_DUTY=0

[21:09:47.461 EBOX]
TS=1786204078.865
V_SENSE5=1.17919921875
V_SENSE9=0.0341796875
V_SENSE12=0.1123046875
ADC_V5=4.91180419921875
ADC_V9=9.0625
ADC_V12=11.76177978515625
ADC_V28=28.04595947265625
THERMAL_SENS_OUT_1=45
THERMAL_SENS_OUT_2=-50
THERMAL_SENS_OUT_3=40
THERMAL_SENS_OUT_4=38
THERMAL_SENS_OUT_5=49
THERMAL_SENS_OUT_6=-50
THERMAL_SENS_INT_1=30
THERMAL_SENS_INT_2=28
PG_5=0
PG_9=0
PG_12=0
FLT_P2=0
FLT_P3=0
HEAT_1_TEMP=45
HEAT_1_DUTY=0
HEAT_2_TEMP=40
HEAT_2_DUTY=0
HEAT_3_TEMP=38
HEAT_3_DUTY=0
HEAT_4_TEMP=49
HEAT_4_DUTY=0

[21:09:47.933 EBOX]
TS=1786204079.392
V_SENSE5=1.1474609375
V_SENSE9=0.03662109375
V_SENSE12=0.15380859375
ADC_V5=4.92950439453125
ADC_V9=9.1156005859375
ADC_V12=11.44317626953125
ADC_V28=27.60345458984375
THERMAL_SENS_OUT_1=42
THERMAL_SENS_OUT_2=-50
THERMAL_SENS_OUT_3=39
THERMAL_SENS_OUT_4=39
THERMAL_SENS_OUT_5=50
THERMAL_SENS_OUT_6=-50
THERMAL_SENS_INT_1=25
THERMAL_SENS_INT_2=32
PG_5=0
PG_9=0
PG_12=0
FLT_P2=0
FLT_P3=0
HEAT_1_TEMP=42
HEAT_1_DUTY=0
HEAT_2_TEMP=39
HEAT_2_DUTY=0
HEAT_3_TEMP=39
HEAT_3_DUTY=0
HEAT_4_TEMP=50
HEAT_4_DUTY=0

[21:09:48.503 EBOX]
TS=1786204079.918
V_SENSE5=1.1767578125
V_SENSE9=0.0390625
V_SENSE12=0.13671875
ADC_V5=4.991455078125
ADC_V9=9.239501953125
ADC_V12=11.8414306640625
ADC_V28=27.0458984375
THERMAL_SENS_OUT_1=43
THERMAL_SENS_OUT_2=-50
THERMAL_SENS_OUT_3=38
THERMAL_SENS_OUT_4=42
THERMAL_SENS_OUT_5=46
THERMAL_SENS_OUT_6=-50
THERMAL_SENS_INT_1=27
THERMAL_SENS_INT_2=28
PG_5=0
PG_9=0
PG_12=0
FLT_P2=0
FLT_P3=0
HEAT_1_TEMP=43
HEAT_1_DUTY=0
HEAT_2_TEMP=38
HEAT_2_DUTY=0
HEAT_3_TEMP=42
HEAT_3_DUTY=0
HEAT_4_TEMP=46
HEAT_4_DUTY=0

[21:09:48.954 EBOX]
TS=1786204080.445
V_SENSE5=1.20361328125
V_SENSE9=0.0390625
V_SENSE12=0.15380859375
ADC_V5=4.9560546875
ADC_V9=8.779296875
ADC_V12=11.7529296875
ADC_V28=28.1256103515625
THERMAL_SENS_OUT_1=43
THERMAL_SENS_OUT_2=-50
THERMAL_SENS_OUT_3=40
THERMAL_SENS_OUT_4=41
THERMAL_SENS_OUT_5=45
THERMAL_SENS_OUT_6=-50
THERMAL_SENS_INT_1=26
THERMAL_SENS_INT_2=29
PG_5=0
PG_9=0
PG_12=0
FLT_P2=0
FLT_P3=0
HEAT_1_TEMP=43
HEAT_1_DUTY=0
HEAT_2_TEMP=40
HEAT_2_DUTY=0
HEAT_3_TEMP=41
HEAT_3_DUTY=0
HEAT_4_TEMP=45
HEAT_4_DUTY=0

[21:09:49.503 EBOX]
TS=1786204080.972
V_SENSE5=1.20849609375
V_SENSE9=0.03662109375
V_SENSE12=0.11474609375
ADC_V5=4.8675537109375
ADC_V9=9.27490234375
ADC_V12=11.5228271484375
ADC_V28=27.7362060546875
THERMAL_SENS_OUT_1=40
THERMAL_SENS_OUT_2=-50
THERMAL_SENS_OUT_3=38
THERMAL_SENS_OUT_4=43
THERMAL_SENS_OUT_5=46
THERMAL_SENS_OUT_6=-50
THERMAL_SENS_INT_1=26
THERMAL_SENS_INT_2=32
PG_5=0
PG_9=0
PG_12=0
FLT_P2=0
FLT_P3=0
HEAT_1_TEMP=40
HEAT_1_DUTY=0
HEAT_2_TEMP=38
HEAT_2_DUTY=0
HEAT_3_TEMP=43
HEAT_3_DUTY=0
HEAT_4_TEMP=46
HEAT_4_DUTY=0

[21:09:50.042 EBOX]
TS=1786204081.499
V_SENSE5=0.5322265625
V_SENSE9=0.72509765625
V_SENSE12=0.04150390625
ADC_V5=4.8321533203125
ADC_V9=9.40765380859375
ADC_V12=11.4697265625
ADC_V28=27.39105224609375
THERMAL_SENS_OUT_1=41
THERMAL_SENS_OUT_2=-50
THERMAL_SENS_OUT_3=38
THERMAL_SENS_OUT_4=43
THERMAL_SENS_OUT_5=46
THERMAL_SENS_OUT_6=-50
THERMAL_SENS_INT_1=30
THERMAL_SENS_INT_2=29
PG_5=0
PG_9=0
PG_12=0
FLT_P2=0
FLT_P3=0
HEAT_1_TEMP=41
HEAT_1_DUTY=0
HEAT_2_TEMP=38
HEAT_2_DUTY=50
HEAT_3_TEMP=43
HEAT_3_DUTY=0
HEAT_4_TEMP=46
HEAT_4_DUTY=0

[21:09:50.498 EBOX]
TS=1786204082.026
V_SENSE5=0.72021484375
V_SENSE9=1.14990234375
V_SENSE12=0.2734375
ADC_V5=4.9737548828125
ADC_V9=9.14215087890625
ADC_V12=11.7706298828125
ADC_V28=27.32025146484375
THERMAL_SENS_OUT_1=40
THERMAL_SENS_OUT_2=-50
THERMAL_SENS_OUT_3=42
THERMAL_SENS_OUT_4=40
THERMAL_SENS_OUT_5=45
THERMAL_SENS_OUT_6=-50
THERMAL_SENS_INT_1=26
THERMAL_SENS_INT_2=27
PG_5=0
PG_9=0
PG_12=0
FLT_P2=0
FLT_P3=0
HEAT_1_TEMP=40
HEAT_1_DUTY=0
HEAT_2_TEMP=42
HEAT_2_DUTY=0
HEAT_3_TEMP=40
HEAT_3_DUTY=50
HEAT_4_TEMP=45
HEAT_4_DUTY=0

[21:09:51.074 EBOX]
TS=1786204082.553
V_SENSE5=1.16455078125
V_SENSE9=0.03662109375
V_SENSE12=0.12939453125
ADC_V5=4.94720458984375
ADC_V9=9.168701171875
ADC_V12=11.86798095703125
ADC_V28=27.14324951171875
THERMAL_SENS_OUT_1=42
THERMAL_SENS_OUT_2=-50
THERMAL_SENS_OUT_3=42
THERMAL_SENS_OUT_4=40
THERMAL_SENS_OUT_5=45
THERMAL_SENS_OUT_6=-50
THERMAL_SENS_INT_1=26
THERMAL_SENS_INT_2=28
PG_5=0
PG_9=0
PG_12=0
FLT_P2=0
FLT_P3=0
HEAT_1_TEMP=42
HEAT_1_DUTY=0
HEAT_2_TEMP=42
HEAT_2_DUTY=0
HEAT_3_TEMP=40
HEAT_3_DUTY=50
HEAT_4_TEMP=45
HEAT_4_DUTY=0

[21:09:51.650 EBOX]
TS=1786204083.080
V_SENSE5=1.78466796875
V_SENSE9=1.630859375
V_SENSE12=0.0439453125
ADC_V5=4.9560546875
ADC_V9=9.10675048828125
ADC_V12=11.72637939453125
ADC_V28=27.47955322265625
THERMAL_SENS_OUT_1=40
THERMAL_SENS_OUT_2=-50
THERMAL_SENS_OUT_3=38
THERMAL_SENS_OUT_4=43
THERMAL_SENS_OUT_5=46
THERMAL_SENS_OUT_6=-50
THERMAL_SENS_INT_1=30
THERMAL_SENS_INT_2=29
PG_5=0
PG_9=0
PG_12=0
FLT_P2=0
FLT_P3=0
HEAT_1_TEMP=40
HEAT_1_DUTY=0
HEAT_2_TEMP=38
HEAT_2_DUTY=0
HEAT_3_TEMP=43
HEAT_3_DUTY=0
HEAT_4_TEMP=46
HEAT_4_DUTY=50

[21:09:52.122 EBOX]
TS=1786204083.502
V_SENSE5=1.12060546875
V_SENSE9=1.328125
V_SENSE12=0.341796875
ADC_V5=4.9560546875
ADC_V9=9.40765380859375
ADC_V12=11.5228271484375
ADC_V28=27.65655517578125
THERMAL_SENS_OUT_1=44
THERMAL_SENS_OUT_2=-50
THERMAL_SENS_OUT_3=41
THERMAL_SENS_OUT_4=40
THERMAL_SENS_OUT_5=49
THERMAL_SENS_OUT_6=-50
THERMAL_SENS_INT_1=30
THERMAL_SENS_INT_2=29
PG_5=0
PG_9=0
PG_12=0
FLT_P2=0
FLT_P3=0
HEAT_1_TEMP=44
HEAT_1_DUTY=0
HEAT_2_TEMP=41
HEAT_2_DUTY=0
HEAT_3_TEMP=40
HEAT_3_DUTY=0
HEAT_4_TEMP=49
HEAT_4_DUTY=50

[21:09:52.700 EBOX]
TS=1786204084.027
V_SENSE5=1.07666015625
V_SENSE9=1.60888671875
V_SENSE12=0.0244140625
ADC_V5=5.0091552734375
ADC_V9=9.44305419921875
ADC_V12=11.611328125
ADC_V28=27.85125732421875
THERMAL_SENS_OUT_1=48
THERMAL_SENS_OUT_2=-50
THERMAL_SENS_OUT_3=39
THERMAL_SENS_OUT_4=44
THERMAL_SENS_OUT_5=47
THERMAL_SENS_OUT_6=-50
THERMAL_SENS_INT_1=26
THERMAL_SENS_INT_2=32
PG_5=0
PG_9=0
PG_12=0
FLT_P2=0
FLT_P3=0
HEAT_1_TEMP=48
HEAT_1_DUTY=50
HEAT_2_TEMP=39
HEAT_2_DUTY=0
HEAT_3_TEMP=44
HEAT_3_DUTY=0
HEAT_4_TEMP=47
HEAT_4_DUTY=0

[21:09:53.157 EBOX]
TS=1786204084.551
V_SENSE5=1.13037109375
V_SENSE9=0.0390625
V_SENSE12=0.12451171875
ADC_V5=4.920654296875
ADC_V9=9.2572021484375
ADC_V12=11.93878173828125
ADC_V28=27.647705078125
THERMAL_SENS_OUT_1=40
THERMAL_SENS_OUT_2=-50
THERMAL_SENS_OUT_3=40
THERMAL_SENS_OUT_4=41
THERMAL_SENS_OUT_5=50
THERMAL_SENS_OUT_6=-50
THERMAL_SENS_INT_1=28
THERMAL_SENS_INT_2=28
PG_5=0
PG_9=0
PG_12=0
FLT_P2=0
FLT_P3=0
HEAT_1_TEMP=40
HEAT_1_DUTY=50
HEAT_2_TEMP=40
HEAT_2_DUTY=0
HEAT_3_TEMP=41
HEAT_3_DUTY=0
HEAT_4_TEMP=50
HEAT_4_DUTY=0

[21:09:53.698 EBOX]
TS=1786204085.072
V_SENSE5=1.162109375
V_SENSE9=0.0390625
V_SENSE12=0.1416015625
ADC_V5=4.85870361328125
ADC_V9=8.84124755859375
ADC_V12=11.788330078125
ADC_V28=27.01934814453125
THERMAL_SENS_OUT_1=42
THERMAL_SENS_OUT_2=-50
THERMAL_SENS_OUT_3=38
THERMAL_SENS_OUT_4=42
THERMAL_SENS_OUT_5=50
THERMAL_SENS_OUT_6=-50
THERMAL_SENS_INT_1=29
THERMAL_SENS_INT_2=27
PG_5=0
PG_9=0
PG_12=0
FLT_P2=0
FLT_P3=0
HEAT_1_TEMP=42
HEAT_1_DUTY=0
HEAT_2_TEMP=38
HEAT_2_DUTY=0
HEAT_3_TEMP=42
HEAT_3_DUTY=0
HEAT_4_TEMP=50
HEAT_4_DUTY=0

[21:09:54.141 EBOX]
TS=1786204085.600
V_SENSE5=1.1328125
V_SENSE9=0.0341796875
V_SENSE12=0.1123046875
ADC_V5=5.08880615234375
ADC_V9=9.40765380859375
ADC_V12=11.5228271484375
ADC_V28=27.88665771484375
THERMAL_SENS_OUT_1=44
THERMAL_SENS_OUT_2=-50
THERMAL_SENS_OUT_3=37
THERMAL_SENS_OUT_4=39
THERMAL_SENS_OUT_5=49
THERMAL_SENS_OUT_6=-50
THERMAL_SENS_INT_1=24
THERMAL_SENS_INT_2=28
PG_5=0
PG_9=0
PG_12=0
FLT_P2=0
FLT_P3=0
HEAT_1_TEMP=44
HEAT_1_DUTY=0
HEAT_2_TEMP=37
HEAT_2_DUTY=0
HEAT_3_TEMP=39
HEAT_3_DUTY=0
HEAT_4_TEMP=49
HEAT_4_DUTY=0

[21:09:54.686 EBOX]
TS=1786204086.133
V_SENSE5=1.17431640625
V_SENSE9=0.0390625
V_SENSE12=0.13671875
ADC_V5=4.9737548828125
ADC_V9=9.03594970703125
ADC_V12=11.79718017578125
ADC_V28=27.081298828125
THERMAL_SENS_OUT_1=42
THERMAL_SENS_OUT_2=-50
THERMAL_SENS_OUT_3=38
THERMAL_SENS_OUT_4=44
THERMAL_SENS_OUT_5=47
THERMAL_SENS_OUT_6=-50
THERMAL_SENS_INT_1=25
THERMAL_SENS_INT_2=32
PG_5=0
PG_9=0
PG_12=0
FLT_P2=0
FLT_P3=0
HEAT_1_TEMP=42
HEAT_1_DUTY=0
HEAT_2_TEMP=38
HEAT_2_DUTY=0
HEAT_3_TEMP=44
HEAT_3_DUTY=0
HEAT_4_TEMP=47
HEAT_4_DUTY=0

[21:09:55.233 EBOX]
TS=1786204086.659
V_SENSE5=1.13037109375
V_SENSE9=0.0341796875
V_SENSE12=0.107421875
ADC_V5=5.0091552734375
ADC_V9=9.13330078125
ADC_V12=11.42547607421875
ADC_V28=27.860107421875
THERMAL_SENS_OUT_1=44
THERMAL_SENS_OUT_2=-50
THERMAL_SENS_OUT_3=40
THERMAL_SENS_OUT_4=41
THERMAL_SENS_OUT_5=51
THERMAL_SENS_OUT_6=-50
THERMAL_SENS_INT_1=27
THERMAL_SENS_INT_2=32
PG_5=0
PG_9=0
PG_12=0
FLT_P2=0
FLT_P3=0
HEAT_1_TEMP=44
HEAT_1_DUTY=0
HEAT_2_TEMP=40
HEAT_2_DUTY=0
HEAT_3_TEMP=41
HEAT_3_DUTY=0
HEAT_4_TEMP=51
HEAT_4_DUTY=0

[21:09:55.795 EBOX]
TS=1786204087.187
V_SENSE5=1.1328125
V_SENSE9=0.03662109375
V_SENSE12=0.11962890625
ADC_V5=4.9560546875
ADC_V9=9.27490234375
ADC_V12=11.7706298828125
ADC_V28=27.8424072265625
THERMAL_SENS_OUT_1=44
THERMAL_SENS_OUT_2=-50
THERMAL_SENS_OUT_3=38
THERMAL_SENS_OUT_4=42
THERMAL_SENS_OUT_5=51
THERMAL_SENS_OUT_6=-50
THERMAL_SENS_INT_1=26
THERMAL_SENS_INT_2=31
PG_5=0
PG_9=0
PG_12=0
FLT_P2=0
FLT_P3=0
HEAT_1_TEMP=44
HEAT_1_DUTY=0
HEAT_2_TEMP=38
HEAT_2_DUTY=0
HEAT_3_TEMP=42
HEAT_3_DUTY=0
HEAT_4_TEMP=51
HEAT_4_DUTY=0

[21:09:56.234 EBOX]
TS=1786204087.713
V_SENSE5=1.162109375
V_SENSE9=0.03662109375
V_SENSE12=0.16357421875
ADC_V5=4.88525390625
ADC_V9=8.89434814453125
ADC_V12=11.6998291015625
ADC_V28=27.16094970703125
THERMAL_SENS_OUT_1=40
THERMAL_SENS_OUT_2=-50
THERMAL_SENS_OUT_3=38
THERMAL_SENS_OUT_4=42
THERMAL_SENS_OUT_5=49
THERMAL_SENS_OUT_6=-50
THERMAL_SENS_INT_1=27
THERMAL_SENS_INT_2=31
PG_5=0
PG_9=0
PG_12=0
FLT_P2=0
FLT_P3=0
HEAT_1_TEMP=40
HEAT_1_DUTY=0
HEAT_2_TEMP=38
HEAT_2_DUTY=0
HEAT_3_TEMP=42
HEAT_3_DUTY=0
HEAT_4_TEMP=49
HEAT_4_DUTY=0

[21:09:56.785 EBOX]
TS=1786204088.239
V_SENSE5=1.1767578125
V_SENSE9=0.0390625
V_SENSE12=0.1171875
ADC_V5=5.15960693359375
ADC_V9=9.24835205078125
ADC_V12=11.859130859375
ADC_V28=27.11669921875
THERMAL_SENS_OUT_1=42
THERMAL_SENS_OUT_2=-50
THERMAL_SENS_OUT_3=38
THERMAL_SENS_OUT_4=43
THERMAL_SENS_OUT_5=46
THERMAL_SENS_OUT_6=-50
THERMAL_SENS_INT_1=25
THERMAL_SENS_INT_2=32
PG_5=0
PG_9=0
PG_12=0
FLT_P2=0
FLT_P3=0
HEAT_1_TEMP=42
HEAT_1_DUTY=0
HEAT_2_TEMP=38
HEAT_2_DUTY=0
HEAT_3_TEMP=43
HEAT_3_DUTY=0
HEAT_4_TEMP=46
HEAT_4_DUTY=0

[21:09:57.223 EBOX]
TS=1786204088.767
V_SENSE5=1.18408203125
V_SENSE9=0.03662109375
V_SENSE12=0.107421875
ADC_V5=4.98260498046875
ADC_V9=8.85009765625
ADC_V12=11.575927734375
ADC_V28=28.09906005859375
THERMAL_SENS_OUT_1=42
THERMAL_SENS_OUT_2=-50
THERMAL_SENS_OUT_3=43
THERMAL_SENS_OUT_4=39
THERMAL_SENS_OUT_5=48
THERMAL_SENS_OUT_6=-50
THERMAL_SENS_INT_1=24
THERMAL_SENS_INT_2=28
PG_5=0
PG_9=0
PG_12=0
FLT_P2=0
FLT_P3=0
HEAT_1_TEMP=42
HEAT_1_DUTY=0
HEAT_2_TEMP=43
HEAT_2_DUTY=0
HEAT_3_TEMP=39
HEAT_3_DUTY=0
HEAT_4_TEMP=48
HEAT_4_DUTY=0

[21:09:57.776 EBOX]
TS=1786204089.293
V_SENSE5=1.0986328125
V_SENSE9=1.62109375
V_SENSE12=0.087890625
ADC_V5=5.15960693359375
ADC_V9=9.3634033203125
ADC_V12=11.7352294921875
ADC_V28=27.51495361328125
THERMAL_SENS_OUT_1=40
THERMAL_SENS_OUT_2=-50
THERMAL_SENS_OUT_3=38
THERMAL_SENS_OUT_4=44
THERMAL_SENS_OUT_5=47
THERMAL_SENS_OUT_6=-50
THERMAL_SENS_INT_1=27
THERMAL_SENS_INT_2=26
PG_5=0
PG_9=0
PG_12=0
FLT_P2=0
FLT_P3=0
HEAT_1_TEMP=40
HEAT_1_DUTY=0
HEAT_2_TEMP=38
HEAT_2_DUTY=50
HEAT_3_TEMP=44
HEAT_3_DUTY=0
HEAT_4_TEMP=47
HEAT_4_DUTY=0

[21:09:58.321 EBOX]
TS=1786204089.821
V_SENSE5=1.14990234375
V_SENSE9=0.03662109375
V_SENSE12=0.13916015625
ADC_V5=4.96490478515625
ADC_V9=9.12445068359375
ADC_V12=11.60247802734375
ADC_V28=27.28485107421875
THERMAL_SENS_OUT_1=41
THERMAL_SENS_OUT_2=-50
THERMAL_SENS_OUT_3=38
THERMAL_SENS_OUT_4=40
THERMAL_SENS_OUT_5=49
THERMAL_SENS_OUT_6=-50
THERMAL_SENS_INT_1=28
THERMAL_SENS_INT_2=32
PG_5=0
PG_9=0
PG_12=0
FLT_P2=0
FLT_P3=0
HEAT_1_TEMP=41
HEAT_1_DUTY=0
HEAT_2_TEMP=38
HEAT_2_DUTY=50
HEAT_3_TEMP=40
HEAT_3_DUTY=0
HEAT_4_TEMP=49
HEAT_4_DUTY=0

[21:09:58.861 EBOX]
TS=1786204090.346
V_SENSE5=0.80322265625
V_SENSE9=0.9326171875
V_SENSE12=0.15869140625
ADC_V5=4.9560546875
ADC_V9=9.239501953125
ADC_V12=11.859130859375
ADC_V28=27.00164794921875
THERMAL_SENS_OUT_1=41
THERMAL_SENS_OUT_2=-50
THERMAL_SENS_OUT_3=39
THERMAL_SENS_OUT_4=41
THERMAL_SENS_OUT_5=44
THERMAL_SENS_OUT_6=-50
THERMAL_SENS_INT_1=24
THERMAL_SENS_INT_2=31
PG_5=0
PG_9=0
PG_12=0
FLT_P2=0
FLT_P3=0
HEAT_1_TEMP=41
HEAT_1_DUTY=0
HEAT_2_TEMP=39
HEAT_2_DUTY=0
HEAT_3_TEMP=41
HEAT_3_DUTY=50
HEAT_4_TEMP=44
HEAT_4_DUTY=0

[21:09:59.410 EBOX]
TS=1786204090.769
V_SENSE5=1.1474609375
V_SENSE9=0.03662109375
V_SENSE12=0.12939453125
ADC_V5=5.08880615234375
ADC_V9=9.1510009765625
ADC_V12=11.58477783203125
ADC_V28=27.3822021484375
THERMAL_SENS_OUT_1=41
THERMAL_SENS_OUT_2=-50
THERMAL_SENS_OUT_3=43
THERMAL_SENS_OUT_4=38
THERMAL_SENS_OUT_5=46
THERMAL_SENS_OUT_6=-50
THERMAL_SENS_INT_1=26
THERMAL_SENS_INT_2=31
PG_5=0
PG_9=0
PG_12=0
FLT_P2=0
FLT_P3=0
HEAT_1_TEMP=41
HEAT_1_DUTY=0
HEAT_2_TEMP=43
HEAT_2_DUTY=0
HEAT_3_TEMP=38
HEAT_3_DUTY=50
HEAT_4_TEMP=46
HEAT_4_DUTY=0

[21:09:59.865 EBOX]
TS=1786204091.301
V_SENSE5=1.416015625
V_SENSE9=1.640625
V_SENSE12=0.05126953125
ADC_V5=5.0445556640625
ADC_V9=9.19525146484375
ADC_V12=11.54052734375
ADC_V28=27.3822021484375
THERMAL_SENS_OUT_1=44
THERMAL_SENS_OUT_2=-50
THERMAL_SENS_OUT_3=41
THERMAL_SENS_OUT_4=41
THERMAL_SENS_OUT_5=50
THERMAL_SENS_OUT_6=-50
THERMAL_SENS_INT_1=27
THERMAL_SENS_INT_2=31
PG_5=0
PG_9=0
PG_12=0
FLT_P2=0
FLT_P3=0
HEAT_1_TEMP=44
HEAT_1_DUTY=0
HEAT_2_TEMP=41
HEAT_2_DUTY=0
HEAT_3_TEMP=41
HEAT_3_DUTY=0
HEAT_4_TEMP=50
HEAT_4_DUTY=50

[21:10:00.411 EBOX]
TS=1786204091.838
V_SENSE5=1.142578125
V_SENSE9=0.0341796875
V_SENSE12=0.126953125
ADC_V5=4.82330322265625
ADC_V9=9.00054931640625
ADC_V12=11.53167724609375
ADC_V28=27.76275634765625
THERMAL_SENS_OUT_1=44
THERMAL_SENS_OUT_2=-50
THERMAL_SENS_OUT_3=43
THERMAL_SENS_OUT_4=39
THERMAL_SENS_OUT_5=46
THERMAL_SENS_OUT_6=-50
THERMAL_SENS_INT_1=26
THERMAL_SENS_INT_2=27
PG_5=0
PG_9=0
PG_12=0
FLT_P2=0
FLT_P3=0
HEAT_1_TEMP=44
HEAT_1_DUTY=0
HEAT_2_TEMP=43
HEAT_2_DUTY=0
HEAT_3_TEMP=39
HEAT_3_DUTY=0
HEAT_4_TEMP=46
HEAT_4_DUTY=50

[21:10:01.000 EBOX]
TS=1786204092.365
V_SENSE5=1.17919921875
V_SENSE9=1.26220703125
V_SENSE12=0.16357421875
ADC_V5=4.9383544921875
ADC_V9=9.44305419921875
ADC_V12=11.859130859375
ADC_V28=27.81585693359375
THERMAL_SENS_OUT_1=38
THERMAL_SENS_OUT_2=-50
THERMAL_SENS_OUT_3=40
THERMAL_SENS_OUT_4=44
THERMAL_SENS_OUT_5=46
THERMAL_SENS_OUT_6=-50
THERMAL_SENS_INT_1=29
THERMAL_SENS_INT_2=26
PG_5=0
PG_9=0
PG_12=0
FLT_P2=0
FLT_P3=0
HEAT_1_TEMP=38
HEAT_1_DUTY=50
HEAT_2_TEMP=40
HEAT_2_DUTY=0
HEAT_3_TEMP=44
HEAT_3_DUTY=0
HEAT_4_TEMP=46
HEAT_4_DUTY=0

[21:10:01.453 EBOX]
TS=1786204092.892
V_SENSE5=1.17919921875
V_SENSE9=0.03662109375
V_SENSE12=0.11962890625
ADC_V5=4.92950439453125
ADC_V9=9.15985107421875
ADC_V12=11.63787841796875
ADC_V28=28.072509765625
THERMAL_SENS_OUT_1=44
THERMAL_SENS_OUT_2=-50
THERMAL_SENS_OUT_3=39
THERMAL_SENS_OUT_4=44
THERMAL_SENS_OUT_5=48
THERMAL_SENS_OUT_6=-50
THERMAL_SENS_INT_1=29
THERMAL_SENS_INT_2=27
PG_5=0
PG_9=0
PG_12=0
FLT_P2=0
FLT_P3=0
HEAT_1_TEMP=44
HEAT_1_DUTY=50
HEAT_2_TEMP=39
HEAT_2_DUTY=0
HEAT_3_TEMP=44
HEAT_3_DUTY=0
HEAT_4_TEMP=48
HEAT_4_DUTY=0

[21:10:02.000 EBOX]
TS=1786204093.418
V_SENSE5=1.181640625
V_SENSE9=0.09521484375
V_SENSE12=0.126953125
ADC_V5=4.9383544921875
ADC_V9=9.168701171875
ADC_V12=11.89453125
ADC_V28=27.32025146484375
THERMAL_SENS_OUT_1=40
THERMAL_SENS_OUT_2=-50
THERMAL_SENS_OUT_3=38
THERMAL_SENS_OUT_4=42
THERMAL_SENS_OUT_5=46
THERMAL_SENS_OUT_6=-50
THERMAL_SENS_INT_1=27
THERMAL_SENS_INT_2=26
PG_5=0
PG_9=0
PG_12=0
FLT_P2=0
FLT_P3=0
HEAT_1_TEMP=40
HEAT_1_DUTY=0
HEAT_2_TEMP=38
HEAT_2_DUTY=0
HEAT_3_TEMP=42
HEAT_3_DUTY=0
HEAT_4_TEMP=46
HEAT_4_DUTY=0

[21:10:02.505 EBOX]
TS=1786204093.945
V_SENSE5=1.20849609375
V_SENSE9=0.0390625
V_SENSE12=0.13916015625
ADC_V5=4.91180419921875
ADC_V9=9.00054931640625
ADC_V12=11.81488037109375
ADC_V28=27.0635986328125
THERMAL_SENS_OUT_1=43
THERMAL_SENS_OUT_2=-50
THERMAL_SENS_OUT_3=42
THERMAL_SENS_OUT_4=39
THERMAL_SENS_OUT_5=49
THERMAL_SENS_OUT_6=-50
THERMAL_SENS_INT_1=27
THERMAL_SENS_INT_2=27
PG_5=0
PG_9=0
PG_12=0
FLT_P2=0
FLT_P3=0
HEAT_1_TEMP=43
HEAT_1_DUTY=0
HEAT_2_TEMP=42
HEAT_2_DUTY=0
HEAT_3_TEMP=39
HEAT_3_DUTY=0
HEAT_4_TEMP=49
HEAT_4_DUTY=0

[21:10:02.967 EBOX]
TS=1786204094.472
V_SENSE5=1.23779296875
V_SENSE9=0.03662109375
V_SENSE12=0.10498046875
ADC_V5=5.08880615234375
ADC_V9=9.33685302734375
ADC_V12=11.717529296875
ADC_V28=27.96630859375
THERMAL_SENS_OUT_1=44
THERMAL_SENS_OUT_2=-50
THERMAL_SENS_OUT_3=39
THERMAL_SENS_OUT_4=43
THERMAL_SENS_OUT_5=47
THERMAL_SENS_OUT_6=-50
THERMAL_SENS_INT_1=25
THERMAL_SENS_INT_2=31
PG_5=0
PG_9=0
PG_12=0
FLT_P2=0
FLT_P3=0
HEAT_1_TEMP=44
HEAT_1_DUTY=0
HEAT_2_TEMP=39
HEAT_2_DUTY=0
HEAT_3_TEMP=43
HEAT_3_DUTY=0
HEAT_4_TEMP=47
HEAT_4_DUTY=0

[21:10:03.520 EBOX]
TS=1786204094.998
V_SENSE5=1.2060546875
V_SENSE9=0.0390625
V_SENSE12=0.1171875
ADC_V5=4.92950439453125
ADC_V9=9.28375244140625
ADC_V12=11.85028076171875
ADC_V28=27.00164794921875
THERMAL_SENS_OUT_1=43
THERMAL_SENS_OUT_2=-50
THERMAL_SENS_OUT_3=37
THERMAL_SENS_OUT_4=42
THERMAL_SENS_OUT_5=45
THERMAL_SENS_OUT_6=-50
THERMAL_SENS_INT_1=30
THERMAL_SENS_INT_2=29
PG_5=0
PG_9=0
PG_12=0
FLT_P2=0
FLT_P3=0
HEAT_1_TEMP=43
HEAT_1_DUTY=0
HEAT_2_TEMP=37
HEAT_2_DUTY=0
HEAT_3_TEMP=42
HEAT_3_DUTY=0
HEAT_4_TEMP=45
HEAT_4_DUTY=0

[21:10:03.973 EBOX]
TS=1786204095.420
V_SENSE5=1.15234375
V_SENSE9=0.0341796875
V_SENSE12=0.1220703125
ADC_V5=4.9029541015625
ADC_V9=9.14215087890625
ADC_V12=11.5582275390625
ADC_V28=28.11676025390625
THERMAL_SENS_OUT_1=44
THERMAL_SENS_OUT_2=-50
THERMAL_SENS_OUT_3=38
THERMAL_SENS_OUT_4=42
THERMAL_SENS_OUT_5=48
THERMAL_SENS_OUT_6=-50
THERMAL_SENS_INT_1=27
THERMAL_SENS_INT_2=29
PG_5=0
PG_9=0
PG_12=0
FLT_P2=0
FLT_P3=0
HEAT_1_TEMP=44
HEAT_1_DUTY=0
HEAT_2_TEMP=38
HEAT_2_DUTY=0
HEAT_3_TEMP=42
HEAT_3_DUTY=0
HEAT_4_TEMP=48
HEAT_4_DUTY=0

[21:10:04.529 EBOX]
TS=1786204095.947
V_SENSE5=1.16455078125
V_SENSE9=0.0390625
V_SENSE12=0.11962890625
ADC_V5=4.9560546875
ADC_V9=9.345703125
ADC_V12=11.89453125
ADC_V28=27.33795166015625
THERMAL_SENS_OUT_1=41
THERMAL_SENS_OUT_2=-50
THERMAL_SENS_OUT_3=41
THERMAL_SENS_OUT_4=41
THERMAL_SENS_OUT_5=50
THERMAL_SENS_OUT_6=-50
THERMAL_SENS_INT_1=30
THERMAL_SENS_INT_2=27
PG_5=0
PG_9=0
PG_12=0
FLT_P2=0
FLT_P3=0
HEAT_1_TEMP=41
HEAT_1_DUTY=0
HEAT_2_TEMP=41
HEAT_2_DUTY=0
HEAT_3_TEMP=41
HEAT_3_DUTY=0
HEAT_4_TEMP=50
HEAT_4_DUTY=0

[21:10:05.064 EBOX]
TS=1786204096.473
V_SENSE5=1.15478515625
V_SENSE9=0.048828125
V_SENSE12=0.1123046875
ADC_V5=4.849853515625
ADC_V9=9.12445068359375
ADC_V12=11.47857666015625
ADC_V28=27.79815673828125
THERMAL_SENS_OUT_1=45
THERMAL_SENS_OUT_2=-50
THERMAL_SENS_OUT_3=42
THERMAL_SENS_OUT_4=39
THERMAL_SENS_OUT_5=50
THERMAL_SENS_OUT_6=-50
THERMAL_SENS_INT_1=30
THERMAL_SENS_INT_2=28
PG_5=0
PG_9=0
PG_12=0
FLT_P2=0
FLT_P3=0
HEAT_1_TEMP=45
HEAT_1_DUTY=0
HEAT_2_TEMP=42
HEAT_2_DUTY=0
HEAT_3_TEMP=39
HEAT_3_DUTY=0
HEAT_4_TEMP=50
HEAT_4_DUTY=0

[21:10:05.508 EBOX]
TS=1786204096.999
V_SENSE5=1.18408203125
V_SENSE9=0.0390625
V_SENSE12=0.107421875
ADC_V5=4.82330322265625
ADC_V9=9.1510009765625
ADC_V12=11.5582275390625
ADC_V28=27.1697998046875
THERMAL_SENS_OUT_1=45
THERMAL_SENS_OUT_2=-50
THERMAL_SENS_OUT_3=43
THERMAL_SENS_OUT_4=39
THERMAL_SENS_OUT_5=47
THERMAL_SENS_OUT_6=-50
THERMAL_SENS_INT_1=24
THERMAL_SENS_INT_2=26
PG_5=0
PG_9=0
PG_12=0
FLT_P2=0
FLT_P3=0
HEAT_1_TEMP=45
HEAT_1_DUTY=0
HEAT_2_TEMP=43
HEAT_2_DUTY=50
HEAT_3_TEMP=39
HEAT_3_DUTY=0
HEAT_4_TEMP=47
HEAT_4_DUTY=0

[21:10:06.043 EBOX]
TS=1786204097.526
V_SENSE5=1.21826171875
V_SENSE9=0.0390625
V_SENSE12=0.1123046875
ADC_V5=4.85870361328125
ADC_V9=9.7882080078125
ADC_V12=11.611328125
ADC_V28=27.506103515625
THERMAL_SENS_OUT_1=45
THERMAL_SENS_OUT_2=-50
THERMAL_SENS_OUT_3=40
THERMAL_SENS_OUT_4=43
THERMAL_SENS_OUT_5=45
THERMAL_SENS_OUT_6=-50
THERMAL_SENS_INT_1=26
THERMAL_SENS_INT_2=31
PG_5=0
PG_9=0
PG_12=0
FLT_P2=0
FLT_P3=0
HEAT_1_TEMP=45
HEAT_1_DUTY=0
HEAT_2_TEMP=40
HEAT_2_DUTY=50
HEAT_3_TEMP=43
HEAT_3_DUTY=0
HEAT_4_TEMP=45
HEAT_4_DUTY=0

[21:10:06.589 EBOX]
TS=1786204098.053
V_SENSE5=0.7763671875
V_SENSE9=1.6943359375
V_SENSE12=0.1025390625
ADC_V5=4.920654296875
ADC_V9=9.33685302734375
ADC_V12=11.74407958984375
ADC_V28=27.7716064453125
THERMAL_SENS_OUT_1=42
THERMAL_SENS_OUT_2=-50
THERMAL_SENS_OUT_3=38
THERMAL_SENS_OUT_4=43
THERMAL_SENS_OUT_5=45
THERMAL_SENS_OUT_6=-50
THERMAL_SENS_INT_1=24
THERMAL_SENS_INT_2=30
PG_5=0
PG_9=0
PG_12=0
FLT_P2=0
FLT_P3=0
HEAT_1_TEMP=42
HEAT_1_DUTY=0
HEAT_2_TEMP=38
HEAT_2_DUTY=0
HEAT_3_TEMP=43
HEAT_3_DUTY=50
HEAT_4_TEMP=45
HEAT_4_DUTY=0

[21:10:07.125 EBOX]
TS=1786204098.580
V_SENSE5=1.20849609375
V_SENSE9=0.0390625
V_SENSE12=0.126953125
ADC_V5=4.9560546875
ADC_V9=9.15985107421875
ADC_V12=11.8768310546875
ADC_V28=27.25830078125
THERMAL_SENS_OUT_1=42
THERMAL_SENS_OUT_2=-50
THERMAL_SENS_OUT_3=39
THERMAL_SENS_OUT_4=43
THERMAL_SENS_OUT_5=45
THERMAL_SENS_OUT_6=-50
THERMAL_SENS_INT_1=26
THERMAL_SENS_INT_2=32
PG_5=0
PG_9=0
PG_12=0
FLT_P2=0
FLT_P3=0
HEAT_1_TEMP=42
HEAT_1_DUTY=0
HEAT_2_TEMP=39
HEAT_2_DUTY=0
HEAT_3_TEMP=43
HEAT_3_DUTY=50
HEAT_4_TEMP=45
HEAT_4_DUTY=0

[21:10:07.585 EBOX]
TS=1786204099.106
V_SENSE5=0.93505859375
V_SENSE9=2.52685546875
V_SENSE12=0.0341796875
ADC_V5=4.9737548828125
ADC_V9=9.1510009765625
ADC_V12=11.82373046875
ADC_V28=26.9927978515625
THERMAL_SENS_OUT_1=42
THERMAL_SENS_OUT_2=-50
THERMAL_SENS_OUT_3=38
THERMAL_SENS_OUT_4=43
THERMAL_SENS_OUT_5=45
THERMAL_SENS_OUT_6=-50
THERMAL_SENS_INT_1=24
THERMAL_SENS_INT_2=29
PG_5=0
PG_9=0
PG_12=0
FLT_P2=0
FLT_P3=0
HEAT_1_TEMP=42
HEAT_1_DUTY=0
HEAT_2_TEMP=38
HEAT_2_DUTY=0
HEAT_3_TEMP=43
HEAT_3_DUTY=0
HEAT_4_TEMP=45
HEAT_4_DUTY=50

[21:10:08.123 EBOX]
TS=1786204099.633
V_SENSE5=1.14990234375
V_SENSE9=0.09521484375
V_SENSE12=0.13671875
ADC_V5=4.84100341796875
ADC_V9=9.2572021484375
ADC_V12=11.56707763671875
ADC_V28=27.99285888671875
THERMAL_SENS_OUT_1=44
THERMAL_SENS_OUT_2=-50
THERMAL_SENS_OUT_3=42
THERMAL_SENS_OUT_4=38
THERMAL_SENS_OUT_5=48
THERMAL_SENS_OUT_6=-50
THERMAL_SENS_INT_1=30
THERMAL_SENS_INT_2=28
PG_5=0
PG_9=0
PG_12=0
FLT_P2=0
FLT_P3=0
HEAT_1_TEMP=44
HEAT_1_DUTY=0
HEAT_2_TEMP=42
HEAT_2_DUTY=0
HEAT_3_TEMP=38
HEAT_3_DUTY=0
HEAT_4_TEMP=48
HEAT_4_DUTY=50

[21:10:08.670 EBOX]
TS=1786204100.054
V_SENSE5=0.78369140625
V_SENSE9=2.3193359375
V_SENSE12=0.17578125
ADC_V5=4.9029541015625
ADC_V9=9.35455322265625
ADC_V12=11.9122314453125
ADC_V28=27.93975830078125
THERMAL_SENS_OUT_1=46
THERMAL_SENS_OUT_2=-50
THERMAL_SENS_OUT_3=42
THERMAL_SENS_OUT_4=39
THERMAL_SENS_OUT_5=51
THERMAL_SENS_OUT_6=-50
THERMAL_SENS_INT_1=31
THERMAL_SENS_INT_2=29
PG_5=0
PG_9=0
PG_12=0
FLT_P2=0
FLT_P3=0
HEAT_1_TEMP=46
HEAT_1_DUTY=50
HEAT_2_TEMP=42
HEAT_2_DUTY=0
HEAT_3_TEMP=39
HEAT_3_DUTY=0
HEAT_4_TEMP=51
HEAT_4_DUTY=0

[21:10:09.155 EBOX]
TS=1786204100.581
V_SENSE5=1.1474609375
V_SENSE9=0.0390625
V_SENSE12=0.1171875
ADC_V5=4.89410400390625
ADC_V9=9.38995361328125
ADC_V12=11.6290283203125
ADC_V28=28.15216064453125
THERMAL_SENS_OUT_1=43
THERMAL_SENS_OUT_2=-50
THERMAL_SENS_OUT_3=42
THERMAL_SENS_OUT_4=40
THERMAL_SENS_OUT_5=52
THERMAL_SENS_OUT_6=-50
THERMAL_SENS_INT_1=27
THERMAL_SENS_INT_2=29
PG_5=0
PG_9=0
PG_12=0
FLT_P2=0
FLT_P3=0
HEAT_1_TEMP=43
HEAT_1_DUTY=50
HEAT_2_TEMP=42
HEAT_2_DUTY=0
HEAT_3_TEMP=40
HEAT_3_DUTY=0
HEAT_4_TEMP=52
HEAT_4_DUTY=0

[21:10:09.697 EBOX]
TS=1786204101.108
V_SENSE5=1.171875
V_SENSE9=0.0390625
V_SENSE12=0.1220703125
ADC_V5=4.9383544921875
ADC_V9=8.94744873046875
ADC_V12=11.62017822265625
ADC_V28=27.39105224609375
THERMAL_SENS_OUT_1=42
THERMAL_SENS_OUT_2=-50
THERMAL_SENS_OUT_3=39
THERMAL_SENS_OUT_4=42
THERMAL_SENS_OUT_5=47
THERMAL_SENS_OUT_6=-50
THERMAL_SENS_INT_1=27
THERMAL_SENS_INT_2=28
PG_5=0
PG_9=0
PG_12=0
FLT_P2=0
FLT_P3=0
HEAT_1_TEMP=42
HEAT_1_DUTY=0
HEAT_2_TEMP=39
HEAT_2_DUTY=0
HEAT_3_TEMP=42
HEAT_3_DUTY=0
HEAT_4_TEMP=47
HEAT_4_DUTY=0

[21:10:10.149 EBOX]
TS=1786204101.635
V_SENSE5=1.1328125
V_SENSE9=0.0341796875
V_SENSE12=0.1123046875
ADC_V5=4.82330322265625
ADC_V9=9.14215087890625
ADC_V12=11.62017822265625
ADC_V28=27.930908203125
THERMAL_SENS_OUT_1=47
THERMAL_SENS_OUT_2=-50
THERMAL_SENS_OUT_3=38
THERMAL_SENS_OUT_4=41
THERMAL_SENS_OUT_5=50
THERMAL_SENS_OUT_6=-50
THERMAL_SENS_INT_1=24
THERMAL_SENS_INT_2=31
PG_5=0
PG_9=0
PG_12=0
FLT_P2=0
FLT_P3=0
HEAT_1_TEMP=47
HEAT_1_DUTY=0
HEAT_2_TEMP=38
HEAT_2_DUTY=0
HEAT_3_TEMP=41
HEAT_3_DUTY=0
HEAT_4_TEMP=50
HEAT_4_DUTY=0

[21:10:10.717 EBOX]
TS=1786204102.161
V_SENSE5=1.18896484375
V_SENSE9=0.0390625
V_SENSE12=0.11962890625
ADC_V5=4.9029541015625
ADC_V9=9.41650390625
ADC_V12=11.8414306640625
ADC_V28=27.0635986328125
THERMAL_SENS_OUT_1=44
THERMAL_SENS_OUT_2=-50
THERMAL_SENS_OUT_3=40
THERMAL_SENS_OUT_4=40
THERMAL_SENS_OUT_5=52
THERMAL_SENS_OUT_6=-50
THERMAL_SENS_INT_1=25
THERMAL_SENS_INT_2=32
PG_5=0
PG_9=0
PG_12=0
FLT_P2=0
FLT_P3=0
HEAT_1_TEMP=44
HEAT_1_DUTY=0
HEAT_2_TEMP=40
HEAT_2_DUTY=0
HEAT_3_TEMP=40
HEAT_3_DUTY=0
HEAT_4_TEMP=52
HEAT_4_DUTY=0

[21:10:11.163 EBOX]
TS=1786204102.688
V_SENSE5=1.171875
V_SENSE9=0.03662109375
V_SENSE12=0.11474609375
ADC_V5=4.9560546875
ADC_V9=8.7261962890625
ADC_V12=11.79718017578125
ADC_V28=27.17864990234375
THERMAL_SENS_OUT_1=44
THERMAL_SENS_OUT_2=-50
THERMAL_SENS_OUT_3=40
THERMAL_SENS_OUT_4=40
THERMAL_SENS_OUT_5=51
THERMAL_SENS_OUT_6=-50
THERMAL_SENS_INT_1=25
THERMAL_SENS_INT_2=30
PG_5=0
PG_9=0
PG_12=0
FLT_P2=0
FLT_P3=0
HEAT_1_TEMP=44
HEAT_1_DUTY=0
HEAT_2_TEMP=40
HEAT_2_DUTY=0
HEAT_3_TEMP=40
HEAT_3_DUTY=0
HEAT_4_TEMP=51
HEAT_4_DUTY=0

[21:10:11.709 EBOX]
TS=1786204103.216
V_SENSE5=1.1474609375
V_SENSE9=0.03662109375
V_SENSE12=0.12451171875
ADC_V5=4.98260498046875
ADC_V9=9.2926025390625
ADC_V12=11.92108154296875
ADC_V28=28.13446044921875
THERMAL_SENS_OUT_1=42
THERMAL_SENS_OUT_2=-50
THERMAL_SENS_OUT_3=43
THERMAL_SENS_OUT_4=39
THERMAL_SENS_OUT_5=47
THERMAL_SENS_OUT_6=-50
THERMAL_SENS_INT_1=26
THERMAL_SENS_INT_2=30
PG_5=0
PG_9=0
PG_12=0
FLT_P2=0
FLT_P3=0
HEAT_1_TEMP=42
HEAT_1_DUTY=0
HEAT_2_TEMP=43
HEAT_2_DUTY=0
HEAT_3_TEMP=39
HEAT_3_DUTY=0
HEAT_4_TEMP=47
HEAT_4_DUTY=0

[21:10:12.256 EBOX]
TS=1786204103.742
V_SENSE5=1.08642578125
V_SENSE9=0.0390625
V_SENSE12=0.13671875
ADC_V5=5.00030517578125
ADC_V9=9.40765380859375
ADC_V12=11.67327880859375
ADC_V28=26.94854736328125
THERMAL_SENS_OUT_1=42
THERMAL_SENS_OUT_2=-50
THERMAL_SENS_OUT_3=43
THERMAL_SENS_OUT_4=41
THERMAL_SENS_OUT_5=51
THERMAL_SENS_OUT_6=-50
THERMAL_SENS_INT_1=25
THERMAL_SENS_INT_2=29
PG_5=0
PG_9=0
PG_12=0
FLT_P2=0
FLT_P3=0
HEAT_1_TEMP=42
HEAT_1_DUTY=0
HEAT_2_TEMP=43
HEAT_2_DUTY=0
HEAT_3_TEMP=41
HEAT_3_DUTY=0
HEAT_4_TEMP=51
HEAT_4_DUTY=0

[21:10:12.816 EBOX]
TS=1786204104.268
V_SENSE5=1.2158203125
V_SENSE9=0.03662109375
V_SENSE12=0.13671875
ADC_V5=5.0445556640625
ADC_V9=9.07135009765625
ADC_V12=11.505126953125
ADC_V28=27.7362060546875
THERMAL_SENS_OUT_1=42
THERMAL_SENS_OUT_2=-50
THERMAL_SENS_OUT_3=40
THERMAL_SENS_OUT_4=40
THERMAL_SENS_OUT_5=47
THERMAL_SENS_OUT_6=-50
THERMAL_SENS_INT_1=26
THERMAL_SENS_INT_2=28
PG_5=0
PG_9=0
PG_12=0
FLT_P2=0
FLT_P3=0
HEAT_1_TEMP=42
HEAT_1_DUTY=0
HEAT_2_TEMP=40
HEAT_2_DUTY=0
HEAT_3_TEMP=40
HEAT_3_DUTY=0
HEAT_4_TEMP=47
HEAT_4_DUTY=0

[21:10:13.254 EBOX]
TS=1786204104.795
V_SENSE5=1.1962890625
V_SENSE9=0.0341796875
V_SENSE12=0.11962890625
ADC_V5=4.9383544921875
ADC_V9=9.23065185546875
ADC_V12=11.92108154296875
ADC_V28=27.56805419921875
THERMAL_SENS_OUT_1=40
THERMAL_SENS_OUT_2=-50
THERMAL_SENS_OUT_3=41
THERMAL_SENS_OUT_4=41
THERMAL_SENS_OUT_5=46
THERMAL_SENS_OUT_6=-50
THERMAL_SENS_INT_1=25
THERMAL_SENS_INT_2=31
PG_5=0
PG_9=0
PG_12=0
FLT_P2=0
FLT_P3=0
HEAT_1_TEMP=40
HEAT_1_DUTY=0
HEAT_2_TEMP=41
HEAT_2_DUTY=0
HEAT_3_TEMP=41
HEAT_3_DUTY=0
HEAT_4_TEMP=46
HEAT_4_DUTY=0

[21:10:13.791 EBOX]
TS=1786204105.319
V_SENSE5=1.1474609375
V_SENSE9=1.376953125
V_SENSE12=0.1220703125
ADC_V5=4.9560546875
ADC_V9=9.451904296875
ADC_V12=11.859130859375
ADC_V28=27.68310546875
THERMAL_SENS_OUT_1=45
THERMAL_SENS_OUT_2=-50
THERMAL_SENS_OUT_3=42
THERMAL_SENS_OUT_4=39
THERMAL_SENS_OUT_5=49
THERMAL_SENS_OUT_6=-50
THERMAL_SENS_INT_1=24
THERMAL_SENS_INT_2=31
PG_5=0
PG_9=0
PG_12=0
FLT_P2=0
FLT_P3=0
HEAT_1_TEMP=45
HEAT_1_DUTY=0
HEAT_2_TEMP=42
HEAT_2_DUTY=50
HEAT_3_TEMP=39
HEAT_3_DUTY=0
HEAT_4_TEMP=49
HEAT_4_DUTY=0

[21:10:14.334 EBOX]
TS=1786204105.741
V_SENSE5=1.1669921875
V_SENSE9=0.0341796875
V_SENSE12=0.1318359375
ADC_V5=5.00030517578125
ADC_V9=9.05364990234375
ADC_V12=11.6290283203125
ADC_V28=27.60345458984375
THERMAL_SENS_OUT_1=45
THERMAL_SENS_OUT_2=-50
THERMAL_SENS_OUT_3=38
THERMAL_SENS_OUT_4=40
THERMAL_SENS_OUT_5=49
THERMAL_SENS_OUT_6=-50
THERMAL_SENS_INT_1=24
THERMAL_SENS_INT_2=29
PG_5=0
PG_9=0
PG_12=0
FLT_P2=0
FLT_P3=0
HEAT_1_TEMP=45
HEAT_1_DUTY=0
HEAT_2_TEMP=38
HEAT_2_DUTY=50
HEAT_3_TEMP=40
HEAT_3_DUTY=0
HEAT_4_TEMP=49
HEAT_4_DUTY=0

[21:10:14.891 EBOX]
TS=1786204106.267
V_SENSE5=1.083984375
V_SENSE9=1.748046875
V_SENSE12=0.1806640625
ADC_V5=5.00030517578125
ADC_V9=9.2572021484375
ADC_V12=11.88568115234375
ADC_V28=26.9573974609375
THERMAL_SENS_OUT_1=41
THERMAL_SENS_OUT_2=-50
THERMAL_SENS_OUT_3=38
THERMAL_SENS_OUT_4=42
THERMAL_SENS_OUT_5=45
THERMAL_SENS_OUT_6=-50
THERMAL_SENS_INT_1=30
THERMAL_SENS_INT_2=28
PG_5=0
PG_9=0
PG_12=0
FLT_P2=0
FLT_P3=0
HEAT_1_TEMP=41
HEAT_1_DUTY=0
HEAT_2_TEMP=38
HEAT_2_DUTY=0
HEAT_3_TEMP=42
HEAT_3_DUTY=50
HEAT_4_TEMP=45
HEAT_4_DUTY=0

[21:10:15.336 EBOX]
TS=1786204106.794
V_SENSE5=1.1669921875
V_SENSE9=0.0341796875
V_SENSE12=0.11962890625
ADC_V5=4.920654296875
ADC_V9=9.0093994140625
ADC_V12=11.4874267578125
ADC_V28=27.78045654296875
THERMAL_SENS_OUT_1=45
THERMAL_SENS_OUT_2=-50
THERMAL_SENS_OUT_3=43
THERMAL_SENS_OUT_4=40
THERMAL_SENS_OUT_5=50
THERMAL_SENS_OUT_6=-50
THERMAL_SENS_INT_1=29
THERMAL_SENS_INT_2=28
PG_5=0
PG_9=0
PG_12=0
FLT_P2=0
FLT_P3=0
HEAT_1_TEMP=45
HEAT_1_DUTY=0
HEAT_2_TEMP=43
HEAT_2_DUTY=0
HEAT_3_TEMP=40
HEAT_3_DUTY=50
HEAT_4_TEMP=50
HEAT_4_DUTY=0

[21:10:15.883 EBOX]
TS=1786204107.320
V_SENSE5=0.80810546875
V_SENSE9=1.94580078125
V_SENSE12=0.2001953125
ADC_V5=5.08880615234375
ADC_V9=9.41650390625
ADC_V12=11.51397705078125
ADC_V28=27.79815673828125
THERMAL_SENS_OUT_1=44
THERMAL_SENS_OUT_2=-50
THERMAL_SENS_OUT_3=41
THERMAL_SENS_OUT_4=41
THERMAL_SENS_OUT_5=48
THERMAL_SENS_OUT_6=-50
THERMAL_SENS_INT_1=26
THERMAL_SENS_INT_2=32
PG_5=0
PG_9=0
PG_12=0
FLT_P2=0
FLT_P3=0
HEAT_1_TEMP=44
HEAT_1_DUTY=0
HEAT_2_TEMP=41
HEAT_2_DUTY=0
HEAT_3_TEMP=41
HEAT_3_DUTY=0
HEAT_4_TEMP=48
HEAT_4_DUTY=50

[21:10:16.426 EBOX]
TS=1786204107.847
V_SENSE5=1.171875
V_SENSE9=0.0390625
V_SENSE12=0.1123046875
ADC_V5=4.96490478515625
ADC_V9=9.239501953125
ADC_V12=11.788330078125
ADC_V28=27.63885498046875
THERMAL_SENS_OUT_1=40
THERMAL_SENS_OUT_2=-50
THERMAL_SENS_OUT_3=42
THERMAL_SENS_OUT_4=40
THERMAL_SENS_OUT_5=51
THERMAL_SENS_OUT_6=-50
THERMAL_SENS_INT_1=25
THERMAL_SENS_INT_2=29
PG_5=0
PG_9=0
PG_12=0
FLT_P2=0
FLT_P3=0
HEAT_1_TEMP=40
HEAT_1_DUTY=0
HEAT_2_TEMP=42
HEAT_2_DUTY=0
HEAT_3_TEMP=40
HEAT_3_DUTY=0
HEAT_4_TEMP=51
HEAT_4_DUTY=50

[21:10:16.884 EBOX]
TS=1786204108.380
V_SENSE5=1.94580078125
V_SENSE9=2.20458984375
V_SENSE12=0.3515625
ADC_V5=4.85870361328125
ADC_V9=9.2572021484375
ADC_V12=11.58477783203125
ADC_V28=27.2052001953125
THERMAL_SENS_OUT_1=47
THERMAL_SENS_OUT_2=-50
THERMAL_SENS_OUT_3=38
THERMAL_SENS_OUT_4=40
THERMAL_SENS_OUT_5=49
THERMAL_SENS_OUT_6=-50
THERMAL_SENS_INT_1=24
THERMAL_SENS_INT_2=29
PG_5=0
PG_9=0
PG_12=0
FLT_P2=0
FLT_P3=0
HEAT_1_TEMP=47
HEAT_1_DUTY=50
HEAT_2_TEMP=38
HEAT_2_DUTY=0
HEAT_3_TEMP=40
HEAT_3_DUTY=0
HEAT_4_TEMP=49
HEAT_4_DUTY=0

[21:10:17.442 EBOX]
TS=1786204108.907
V_SENSE5=1.1474609375
V_SENSE9=0.0390625
V_SENSE12=0.14404296875
ADC_V5=4.814453125
ADC_V9=9.027099609375
ADC_V12=11.5582275390625
ADC_V28=27.26715087890625
THERMAL_SENS_OUT_1=42
THERMAL_SENS_OUT_2=-50
THERMAL_SENS_OUT_3=43
THERMAL_SENS_OUT_4=41
THERMAL_SENS_OUT_5=51
THERMAL_SENS_OUT_6=-50
THERMAL_SENS_INT_1=24
THERMAL_SENS_INT_2=27
PG_5=0
PG_9=0
PG_12=0
FLT_P2=0
FLT_P3=0
HEAT_1_TEMP=42
HEAT_1_DUTY=50
HEAT_2_TEMP=43
HEAT_2_DUTY=0
HEAT_3_TEMP=41
HEAT_3_DUTY=0
HEAT_4_TEMP=51
HEAT_4_DUTY=0

[21:10:18.022 EBOX]
TS=1786204109.433
V_SENSE5=1.19873046875
V_SENSE9=0.0390625
V_SENSE12=0.12939453125
ADC_V5=4.9383544921875
ADC_V9=9.41650390625
ADC_V12=11.8414306640625
ADC_V28=28.02825927734375
THERMAL_SENS_OUT_1=44
THERMAL_SENS_OUT_2=-50
THERMAL_SENS_OUT_3=38
THERMAL_SENS_OUT_4=40
THERMAL_SENS_OUT_5=50
THERMAL_SENS_OUT_6=-50
THERMAL_SENS_INT_1=29
THERMAL_SENS_INT_2=29
PG_5=0
PG_9=0
PG_12=0
FLT_P2=0
FLT_P3=0
HEAT_1_TEMP=44
HEAT_1_DUTY=0
HEAT_2_TEMP=38
HEAT_2_DUTY=0
HEAT_3_TEMP=40
HEAT_3_DUTY=0
HEAT_4_TEMP=50
HEAT_4_DUTY=0

[21:10:18.494 EBOX]
TS=1786204109.960
V_SENSE5=1.18408203125
V_SENSE9=0.03662109375
V_SENSE12=0.12451171875
ADC_V5=4.91180419921875
ADC_V9=9.239501953125
ADC_V12=11.5936279296875
ADC_V28=27.40875244140625
THERMAL_SENS_OUT_1=44
THERMAL_SENS_OUT_2=-50
THERMAL_SENS_OUT_3=41
THERMAL_SENS_OUT_4=44
THERMAL_SENS_OUT_5=46
THERMAL_SENS_OUT_6=-50
THERMAL_SENS_INT_1=31
THERMAL_SENS_INT_2=27
PG_5=0
PG_9=0
PG_12=0
FLT_P2=0
FLT_P3=0
HEAT_1_TEMP=44
HEAT_1_DUTY=0
HEAT_2_TEMP=41
HEAT_2_DUTY=0
HEAT_3_TEMP=44
HEAT_3_DUTY=0
HEAT_4_TEMP=46
HEAT_4_DUTY=0

[21:10:19.031 EBOX]
TS=1786204110.486
V_SENSE5=1.19384765625
V_SENSE9=0.0390625
V_SENSE12=0.1123046875
ADC_V5=4.9560546875
ADC_V9=8.814697265625
ADC_V12=11.83258056640625
ADC_V28=27.3291015625
THERMAL_SENS_OUT_1=41
THERMAL_SENS_OUT_2=-50
THERMAL_SENS_OUT_3=40
THERMAL_SENS_OUT_4=45
THERMAL_SENS_OUT_5=48
THERMAL_SENS_OUT_6=-50
THERMAL_SENS_INT_1=26
THERMAL_SENS_INT_2=32
PG_5=0
PG_9=0
PG_12=0
FLT_P2=0
FLT_P3=0
HEAT_1_TEMP=41
HEAT_1_DUTY=0
HEAT_2_TEMP=40
HEAT_2_DUTY=0
HEAT_3_TEMP=45
HEAT_3_DUTY=0
HEAT_4_TEMP=48
HEAT_4_DUTY=0

[21:10:19.493 EBOX]
TS=1786204110.908
V_SENSE5=1.12060546875
V_SENSE9=0.0390625
V_SENSE12=0.126953125
ADC_V5=4.8321533203125
ADC_V9=9.3634033203125
ADC_V12=11.51397705078125
ADC_V28=27.74505615234375
THERMAL_SENS_OUT_1=43
THERMAL_SENS_OUT_2=-50
THERMAL_SENS_OUT_3=40
THERMAL_SENS_OUT_4=43
THERMAL_SENS_OUT_5=50
THERMAL_SENS_OUT_6=-50
THERMAL_SENS_INT_1=27
THERMAL_SENS_INT_2=29
PG_5=0
PG_9=0
PG_12=0
FLT_P2=0
FLT_P3=0
HEAT_1_TEMP=43
HEAT_1_DUTY=0
HEAT_2_TEMP=40
HEAT_2_DUTY=0
HEAT_3_TEMP=43
HEAT_3_DUTY=0
HEAT_4_TEMP=50
HEAT_4_DUTY=0

[21:10:20.031 EBOX]
TS=1786204111.435
V_SENSE5=1.22802734375
V_SENSE9=0.0341796875
V_SENSE12=0.1318359375
ADC_V5=5.23040771484375
ADC_V9=8.96514892578125
ADC_V12=11.717529296875
ADC_V28=27.63885498046875
THERMAL_SENS_OUT_1=43
THERMAL_SENS_OUT_2=-50
THERMAL_SENS_OUT_3=43
THERMAL_SENS_OUT_4=41
THERMAL_SENS_OUT_5=47
THERMAL_SENS_OUT_6=-50
THERMAL_SENS_INT_1=30
THERMAL_SENS_INT_2=26
PG_5=0
PG_9=0
PG_12=0
FLT_P2=0
FLT_P3=0
HEAT_1_TEMP=43
HEAT_1_DUTY=0
HEAT_2_TEMP=43
HEAT_2_DUTY=0
HEAT_3_TEMP=41
HEAT_3_DUTY=0
HEAT_4_TEMP=47
HEAT_4_DUTY=0

[21:10:20.475 EBOX]
TS=1786204111.962
V_SENSE5=1.18896484375
V_SENSE9=0.03662109375
V_SENSE12=0.126953125
ADC_V5=4.920654296875
ADC_V9=9.19525146484375
ADC_V12=11.717529296875
ADC_V28=27.62115478515625
THERMAL_SENS_OUT_1=45
THERMAL_SENS_OUT_2=-50
THERMAL_SENS_OUT_3=38
THERMAL_SENS_OUT_4=41
THERMAL_SENS_OUT_5=50
THERMAL_SENS_OUT_6=-50
THERMAL_SENS_INT_1=26
THERMAL_SENS_INT_2=31
PG_5=0
PG_9=0
PG_12=0
FLT_P2=0
FLT_P3=0
HEAT_1_TEMP=45
HEAT_1_DUTY=0
HEAT_2_TEMP=38
HEAT_2_DUTY=0
HEAT_3_TEMP=41
HEAT_3_DUTY=0
HEAT_4_TEMP=50
HEAT_4_DUTY=0

[21:10:21.014 EBOX]
TS=1786204112.493
V_SENSE5=1.20849609375
V_SENSE9=0.0390625
V_SENSE12=0.1171875
ADC_V5=5.0091552734375
ADC_V9=9.097900390625
ADC_V12=11.9476318359375
ADC_V28=28.0548095703125
THERMAL_SENS_OUT_1=42
THERMAL_SENS_OUT_2=-50
THERMAL_SENS_OUT_3=38
THERMAL_SENS_OUT_4=43
THERMAL_SENS_OUT_5=46
THERMAL_SENS_OUT_6=-50
THERMAL_SENS_INT_1=24
THERMAL_SENS_INT_2=31
PG_5=0
PG_9=0
PG_12=0
FLT_P2=0
FLT_P3=0
HEAT_1_TEMP=42
HEAT_1_DUTY=0
HEAT_2_TEMP=38
HEAT_2_DUTY=0
HEAT_3_TEMP=43
HEAT_3_DUTY=0
HEAT_4_TEMP=46
HEAT_4_DUTY=0

[21:10:21.576 EBOX]
TS=1786204113.020
V_SENSE5=0.85693359375
V_SENSE9=0.9521484375
V_SENSE12=0.0244140625
ADC_V5=4.89410400390625
ADC_V9=9.3280029296875
ADC_V12=11.74407958984375
ADC_V28=27.44415283203125
THERMAL_SENS_OUT_1=46
THERMAL_SENS_OUT_2=-50
THERMAL_SENS_OUT_3=43
THERMAL_SENS_OUT_4=44
THERMAL_SENS_OUT_5=46
THERMAL_SENS_OUT_6=-50
THERMAL_SENS_INT_1=28
THERMAL_SENS_INT_2=33
PG_5=0
PG_9=0
PG_12=0
FLT_P2=0
FLT_P3=0
HEAT_1_TEMP=46
HEAT_1_DUTY=0
HEAT_2_TEMP=43
HEAT_2_DUTY=50
HEAT_3_TEMP=44
HEAT_3_DUTY=0
HEAT_4_TEMP=46
HEAT_4_DUTY=0

[21:10:22.018 EBOX]
TS=1786204113.547
V_SENSE5=1.16455078125
V_SENSE9=0.03662109375
V_SENSE12=0.12939453125
ADC_V5=4.920654296875
ADC_V9=9.345703125
ADC_V12=11.8768310546875
ADC_V28=27.21405029296875
THERMAL_SENS_OUT_1=42
THERMAL_SENS_OUT_2=-50
THERMAL_SENS_OUT_3=38
THERMAL_SENS_OUT_4=43
THERMAL_SENS_OUT_5=45
THERMAL_SENS_OUT_6=-50
THERMAL_SENS_INT_1=31
THERMAL_SENS_INT_2=29
PG_5=0
PG_9=0
PG_12=0
FLT_P2=0
FLT_P3=0
HEAT_1_TEMP=42
HEAT_1_DUTY=0
HEAT_2_TEMP=38
HEAT_2_DUTY=50
HEAT_3_TEMP=43
HEAT_3_DUTY=0
HEAT_4_TEMP=45
HEAT_4_DUTY=0

[21:10:22.559 EBOX]
TS=1786204114.073
V_SENSE5=1.93115234375
V_SENSE9=1.5673828125
V_SENSE12=0.185546875
ADC_V5=4.9560546875
ADC_V9=9.1510009765625
ADC_V12=11.85028076171875
ADC_V28=26.9927978515625
THERMAL_SENS_OUT_1=42
THERMAL_SENS_OUT_2=-50
THERMAL_SENS_OUT_3=38
THERMAL_SENS_OUT_4=43
THERMAL_SENS_OUT_5=46
THERMAL_SENS_OUT_6=-50
THERMAL_SENS_INT_1=25
THERMAL_SENS_INT_2=28
PG_5=0
PG_9=0
PG_12=0
FLT_P2=0
FLT_P3=0
HEAT_1_TEMP=42
HEAT_1_DUTY=0
HEAT_2_TEMP=38
HEAT_2_DUTY=0
HEAT_3_TEMP=43
HEAT_3_DUTY=50
HEAT_4_TEMP=46
HEAT_4_DUTY=0

[21:10:23.096 EBOX]
TS=1786204114.495
V_SENSE5=0.78125
V_SENSE9=2.236328125
V_SENSE12=0.06591796875
ADC_V5=4.9737548828125
ADC_V9=9.30145263671875
ADC_V12=11.7529296875
ADC_V28=27.46185302734375
THERMAL_SENS_OUT_1=44
THERMAL_SENS_OUT_2=-50
THERMAL_SENS_OUT_3=39
THERMAL_SENS_OUT_4=42
THERMAL_SENS_OUT_5=45
THERMAL_SENS_OUT_6=-50
THERMAL_SENS_INT_1=30
THERMAL_SENS_INT_2=28
PG_5=0
PG_9=0
PG_12=0
FLT_P2=0
FLT_P3=0
HEAT_1_TEMP=44
HEAT_1_DUTY=0
HEAT_2_TEMP=39
HEAT_2_DUTY=0
HEAT_3_TEMP=42
HEAT_3_DUTY=50
HEAT_4_TEMP=45
HEAT_4_DUTY=0

[21:10:23.651 EBOX]
TS=1786204115.022
V_SENSE5=0.625
V_SENSE9=1.6064453125
V_SENSE12=0.06103515625
ADC_V5=4.9560546875
ADC_V9=9.2041015625
ADC_V12=11.85028076171875
ADC_V28=26.9573974609375
THERMAL_SENS_OUT_1=43
THERMAL_SENS_OUT_2=-50
THERMAL_SENS_OUT_3=39
THERMAL_SENS_OUT_4=44
THERMAL_SENS_OUT_5=47
THERMAL_SENS_OUT_6=-50
THERMAL_SENS_INT_1=27
THERMAL_SENS_INT_2=28
PG_5=0
PG_9=0
PG_12=0
FLT_P2=0
FLT_P3=0
HEAT_1_TEMP=43
HEAT_1_DUTY=0
HEAT_2_TEMP=39
HEAT_2_DUTY=0
HEAT_3_TEMP=44
HEAT_3_DUTY=0
HEAT_4_TEMP=47
HEAT_4_DUTY=50

[21:10:24.090 EBOX]
TS=1786204115.543
V_SENSE5=1.15966796875
V_SENSE9=0.0390625
V_SENSE12=0.1416015625
ADC_V5=4.94720458984375
ADC_V9=9.21295166015625
ADC_V12=11.788330078125
ADC_V28=27.11669921875
THERMAL_SENS_OUT_1=43
THERMAL_SENS_OUT_2=-50
THERMAL_SENS_OUT_3=43
THERMAL_SENS_OUT_4=40
THERMAL_SENS_OUT_5=51
THERMAL_SENS_OUT_6=-50
THERMAL_SENS_INT_1=26
THERMAL_SENS_INT_2=27
PG_5=0
PG_9=0
PG_12=0
FLT_P2=0
FLT_P3=0
HEAT_1_TEMP=43
HEAT_1_DUTY=0
HEAT_2_TEMP=43
HEAT_2_DUTY=0
HEAT_3_TEMP=40
HEAT_3_DUTY=0
HEAT_4_TEMP=51
HEAT_4_DUTY=50

[21:10:24.643 EBOX]
TS=1786204116.075
V_SENSE5=0.93505859375
V_SENSE9=1.65283203125
V_SENSE12=0.0927734375
ADC_V5=4.82330322265625
ADC_V9=9.381103515625
ADC_V12=11.8060302734375
ADC_V28=27.10784912109375
THERMAL_SENS_OUT_1=35
THERMAL_SENS_OUT_2=-50
THERMAL_SENS_OUT_3=41
THERMAL_SENS_OUT_4=39
THERMAL_SENS_OUT_5=49
THERMAL_SENS_OUT_6=-50
THERMAL_SENS_INT_1=28
THERMAL_SENS_INT_2=27
PG_5=0
PG_9=0
PG_12=0
FLT_P2=0
FLT_P3=0
HEAT_1_TEMP=35
HEAT_1_DUTY=50
HEAT_2_TEMP=41
HEAT_2_DUTY=0
HEAT_3_TEMP=39
HEAT_3_DUTY=0
HEAT_4_TEMP=49
HEAT_4_DUTY=0

[21:10:25.188 EBOX]
TS=1786204116.602
V_SENSE5=1.1474609375
V_SENSE9=0.0341796875
V_SENSE12=0.126953125
ADC_V5=4.91180419921875
ADC_V9=9.24835205078125
ADC_V12=11.89453125
ADC_V28=27.30255126953125
THERMAL_SENS_OUT_1=41
THERMAL_SENS_OUT_2=-50
THERMAL_SENS_OUT_3=41
THERMAL_SENS_OUT_4=41
THERMAL_SENS_OUT_5=48
THERMAL_SENS_OUT_6=-50
THERMAL_SENS_INT_1=24
THERMAL_SENS_INT_2=31
PG_5=0
PG_9=0
PG_12=0
FLT_P2=0
FLT_P3=0
HEAT_1_TEMP=41
HEAT_1_DUTY=50
HEAT_2_TEMP=41
HEAT_2_DUTY=0
HEAT_3_TEMP=41
HEAT_3_DUTY=0
HEAT_4_TEMP=48
HEAT_4_DUTY=0

[21:10:25.734 EBOX]
TS=1786204117.129
V_SENSE5=1.18896484375
V_SENSE9=0.10498046875
V_SENSE12=0.1171875
ADC_V5=4.9383544921875
ADC_V9=9.00054931640625
ADC_V12=11.47857666015625
ADC_V28=27.6300048828125
THERMAL_SENS_OUT_1=43
THERMAL_SENS_OUT_2=-50
THERMAL_SENS_OUT_3=38
THERMAL_SENS_OUT_4=42
THERMAL_SENS_OUT_5=47
THERMAL_SENS_OUT_6=-50
THERMAL_SENS_INT_1=25
THERMAL_SENS_INT_2=32
PG_5=0
PG_9=0
PG_12=0
FLT_P2=0
FLT_P3=0
HEAT_1_TEMP=43
HEAT_1_DUTY=0
HEAT_2_TEMP=38
HEAT_2_DUTY=0
HEAT_3_TEMP=42
HEAT_3_DUTY=0
HEAT_4_TEMP=47
HEAT_4_DUTY=0

[21:10:26.285 EBOX]
TS=1786204117.656
V_SENSE5=1.24755859375
V_SENSE9=0.03662109375
V_SENSE12=0.1123046875
ADC_V5=4.9737548828125
ADC_V9=8.85009765625
ADC_V12=11.7706298828125
ADC_V28=28.04595947265625
THERMAL_SENS_OUT_1=45
THERMAL_SENS_OUT_2=-50
THERMAL_SENS_OUT_3=41
THERMAL_SENS_OUT_4=41
THERMAL_SENS_OUT_5=49
THERMAL_SENS_OUT_6=-50
THERMAL_SENS_INT_1=30
THERMAL_SENS_INT_2=29
PG_5=0
PG_9=0
PG_12=0
FLT_P2=0
FLT_P3=0
HEAT_1_TEMP=45
HEAT_1_DUTY=0
HEAT_2_TEMP=41
HEAT_2_DUTY=0
HEAT_3_TEMP=41
HEAT_3_DUTY=0
HEAT_4_TEMP=49
HEAT_4_DUTY=0

[21:10:26.754 EBOX]
TS=1786204118.183
V_SENSE5=1.12060546875
V_SENSE9=0.03662109375
V_SENSE12=0.13671875
ADC_V5=4.9560546875
ADC_V9=8.9739990234375
ADC_V12=11.86798095703125
ADC_V28=27.3114013671875
THERMAL_SENS_OUT_1=42
THERMAL_SENS_OUT_2=-50
THERMAL_SENS_OUT_3=38
THERMAL_SENS_OUT_4=42
THERMAL_SENS_OUT_5=49
THERMAL_SENS_OUT_6=-50
THERMAL_SENS_INT_1=24
THERMAL_SENS_INT_2=26
PG_5=0
PG_9=0
PG_12=0
FLT_P2=0
FLT_P3=0
HEAT_1_TEMP=42
HEAT_1_DUTY=0
HEAT_2_TEMP=38
HEAT_2_DUTY=0
HEAT_3_TEMP=42
HEAT_3_DUTY=0
HEAT_4_TEMP=49
HEAT_4_DUTY=0

[21:10:27.292 EBOX]
TS=1786204118.710
V_SENSE5=1.19140625
V_SENSE9=0.0390625
V_SENSE12=0.12939453125
ADC_V5=4.94720458984375
ADC_V9=9.53155517578125
ADC_V12=11.5936279296875
ADC_V28=27.90435791015625
THERMAL_SENS_OUT_1=47
THERMAL_SENS_OUT_2=-50
THERMAL_SENS_OUT_3=40
THERMAL_SENS_OUT_4=42
THERMAL_SENS_OUT_5=46
THERMAL_SENS_OUT_6=-50
THERMAL_SENS_INT_1=25
THERMAL_SENS_INT_2=32
PG_5=0
PG_9=0
PG_12=0
FLT_P2=0
FLT_P3=0
HEAT_1_TEMP=47
HEAT_1_DUTY=0
HEAT_2_TEMP=40
HEAT_2_DUTY=0
HEAT_3_TEMP=42
HEAT_3_DUTY=0
HEAT_4_TEMP=46
HEAT_4_DUTY=0

[21:10:27.833 EBOX]
TS=1786204119.237
V_SENSE5=1.171875
V_SENSE9=0.0341796875
V_SENSE12=0.126953125
ADC_V5=4.9737548828125
ADC_V9=8.85009765625
ADC_V12=11.788330078125
ADC_V28=27.35565185546875
THERMAL_SENS_OUT_1=43
THERMAL_SENS_OUT_2=-50
THERMAL_SENS_OUT_3=41
THERMAL_SENS_OUT_4=41
THERMAL_SENS_OUT_5=47
THERMAL_SENS_OUT_6=-50
THERMAL_SENS_INT_1=24
THERMAL_SENS_INT_2=31
PG_5=0
PG_9=0
PG_12=0
FLT_P2=0
FLT_P3=0
HEAT_1_TEMP=43
HEAT_1_DUTY=0
HEAT_2_TEMP=41
HEAT_2_DUTY=0
HEAT_3_TEMP=41
HEAT_3_DUTY=0
HEAT_4_TEMP=47
HEAT_4_DUTY=0

[21:10:28.276 EBOX]
TS=1786204119.763
V_SENSE5=1.22314453125
V_SENSE9=0.0341796875
V_SENSE12=0.1416015625
ADC_V5=4.9737548828125
ADC_V9=9.12445068359375
ADC_V12=11.81488037109375
ADC_V28=27.30255126953125
THERMAL_SENS_OUT_1=43
THERMAL_SENS_OUT_2=-50
THERMAL_SENS_OUT_3=41
THERMAL_SENS_OUT_4=39
THERMAL_SENS_OUT_5=49
THERMAL_SENS_OUT_6=-50
THERMAL_SENS_INT_1=25
THERMAL_SENS_INT_2=32
PG_5=0
PG_9=0
PG_12=0
FLT_P2=0
FLT_P3=0
HEAT_1_TEMP=43
HEAT_1_DUTY=0
HEAT_2_TEMP=41
HEAT_2_DUTY=0
HEAT_3_TEMP=39
HEAT_3_DUTY=0
HEAT_4_TEMP=49
HEAT_4_DUTY=0

[21:10:28.813 EBOX]
TS=1786204120.290
V_SENSE5=1.1865234375
V_SENSE9=0.03662109375
V_SENSE12=0.10009765625
ADC_V5=4.9383544921875
ADC_V9=8.9385986328125
ADC_V12=11.4874267578125
ADC_V28=27.63885498046875
THERMAL_SENS_OUT_1=43
THERMAL_SENS_OUT_2=-50
THERMAL_SENS_OUT_3=43
THERMAL_SENS_OUT_4=39
THERMAL_SENS_OUT_5=50
THERMAL_SENS_OUT_6=-50
THERMAL_SENS_INT_1=24
THERMAL_SENS_INT_2=30
PG_5=0
PG_9=0
PG_12=0
FLT_P2=0
FLT_P3=0
HEAT_1_TEMP=43
HEAT_1_DUTY=0
HEAT_2_TEMP=43
HEAT_2_DUTY=0
HEAT_3_TEMP=39
HEAT_3_DUTY=0
HEAT_4_TEMP=50
HEAT_4_DUTY=0

[21:10:29.367 EBOX]
TS=1786204120.817
V_SENSE5=1.17919921875
V_SENSE9=0.0341796875
V_SENSE12=0.13427734375
ADC_V5=4.98260498046875
ADC_V9=9.027099609375
ADC_V12=11.79718017578125
ADC_V28=27.3822021484375
THERMAL_SENS_OUT_1=42
THERMAL_SENS_OUT_2=-50
THERMAL_SENS_OUT_3=40
THERMAL_SENS_OUT_4=45
THERMAL_SENS_OUT_5=48
THERMAL_SENS_OUT_6=-50
THERMAL_SENS_INT_1=24
THERMAL_SENS_INT_2=31
PG_5=0
PG_9=0
PG_12=0
FLT_P2=0
FLT_P3=0
HEAT_1_TEMP=42
HEAT_1_DUTY=0
HEAT_2_TEMP=40
HEAT_2_DUTY=0
HEAT_3_TEMP=45
HEAT_3_DUTY=0
HEAT_4_TEMP=48
HEAT_4_DUTY=0

[21:10:29.806 EBOX]
TS=1786204121.344
V_SENSE5=0.77392578125
V_SENSE9=1.27685546875
V_SENSE12=0.09521484375
ADC_V5=4.8321533203125
ADC_V9=9.381103515625
ADC_V12=11.65557861328125
ADC_V28=27.83355712890625
THERMAL_SENS_OUT_1=46
THERMAL_SENS_OUT_2=-50
THERMAL_SENS_OUT_3=42
THERMAL_SENS_OUT_4=39
THERMAL_SENS_OUT_5=50
THERMAL_SENS_OUT_6=-50
THERMAL_SENS_INT_1=27
THERMAL_SENS_INT_2=28
PG_5=0
PG_9=0
PG_12=0
FLT_P2=0
FLT_P3=0
HEAT_1_TEMP=46
HEAT_1_DUTY=0
HEAT_2_TEMP=42
HEAT_2_DUTY=50
HEAT_3_TEMP=39
HEAT_3_DUTY=0
HEAT_4_TEMP=50
HEAT_4_DUTY=0

[21:10:30.350 EBOX]
TS=1786204121.871
V_SENSE5=1.181640625
V_SENSE9=0.03662109375
V_SENSE12=0.1220703125
ADC_V5=4.849853515625
ADC_V9=9.5050048828125
ADC_V12=11.505126953125
ADC_V28=27.70965576171875
THERMAL_SENS_OUT_1=42
THERMAL_SENS_OUT_2=-50
THERMAL_SENS_OUT_3=40
THERMAL_SENS_OUT_4=43
THERMAL_SENS_OUT_5=46
THERMAL_SENS_OUT_6=-50
THERMAL_SENS_INT_1=26
THERMAL_SENS_INT_2=29
PG_5=0
PG_9=0
PG_12=0
FLT_P2=0
FLT_P3=0
HEAT_1_TEMP=42
HEAT_1_DUTY=0
HEAT_2_TEMP=40
HEAT_2_DUTY=50
HEAT_3_TEMP=43
HEAT_3_DUTY=0
HEAT_4_TEMP=46
HEAT_4_DUTY=0

[21:10:30.903 EBOX]
TS=1786204122.397
V_SENSE5=1.34521484375
V_SENSE9=0.80810546875
V_SENSE12=0.02197265625
ADC_V5=4.9560546875
ADC_V9=9.2041015625
ADC_V12=11.81488037109375
ADC_V28=26.96624755859375
THERMAL_SENS_OUT_1=43
THERMAL_SENS_OUT_2=-50
THERMAL_SENS_OUT_3=40
THERMAL_SENS_OUT_4=40
THERMAL_SENS_OUT_5=51
THERMAL_SENS_OUT_6=-50
THERMAL_SENS_INT_1=25
THERMAL_SENS_INT_2=28
PG_5=0
PG_9=0
PG_12=0
FLT_P2=0
FLT_P3=0
HEAT_1_TEMP=43
HEAT_1_DUTY=0
HEAT_2_TEMP=40
HEAT_2_DUTY=0
HEAT_3_TEMP=40
HEAT_3_DUTY=50
HEAT_4_TEMP=51
HEAT_4_DUTY=0

[21:10:31.455 EBOX]
TS=1786204122.924
V_SENSE5=1.171875
V_SENSE9=0.0341796875
V_SENSE12=0.13671875
ADC_V5=4.89410400390625
ADC_V9=9.37225341796875
ADC_V12=11.76177978515625
ADC_V28=28.072509765625
THERMAL_SENS_OUT_1=43
THERMAL_SENS_OUT_2=-50
THERMAL_SENS_OUT_3=41
THERMAL_SENS_OUT_4=42
THERMAL_SENS_OUT_5=46
THERMAL_SENS_OUT_6=-50
THERMAL_SENS_INT_1=26
THERMAL_SENS_INT_2=27
PG_5=0
PG_9=0
PG_12=0
FLT_P2=0
FLT_P3=0
HEAT_1_TEMP=43
HEAT_1_DUTY=0
HEAT_2_TEMP=41
HEAT_2_DUTY=0
HEAT_3_TEMP=42
HEAT_3_DUTY=50
HEAT_4_TEMP=46
HEAT_4_DUTY=0

[21:10:31.996 EBOX]
TS=1786204123.451
V_SENSE5=1.12060546875
V_SENSE9=1.4404296875
V_SENSE12=0.09765625
ADC_V5=4.9383544921875
ADC_V9=9.3988037109375
ADC_V12=11.44317626953125
ADC_V28=27.3291015625
THERMAL_SENS_OUT_1=40
THERMAL_SENS_OUT_2=-50
THERMAL_SENS_OUT_3=39
THERMAL_SENS_OUT_4=40
THERMAL_SENS_OUT_5=51
THERMAL_SENS_OUT_6=-50
THERMAL_SENS_INT_1=26
THERMAL_SENS_INT_2=27
PG_5=0
PG_9=0
PG_12=0
FLT_P2=0
FLT_P3=0
HEAT_1_TEMP=40
HEAT_1_DUTY=0
HEAT_2_TEMP=39
HEAT_2_DUTY=0
HEAT_3_TEMP=40
HEAT_3_DUTY=0
HEAT_4_TEMP=51
HEAT_4_DUTY=50

[21:10:32.465 EBOX]
TS=1786204123.873
V_SENSE5=1.1181640625
V_SENSE9=0.03662109375
V_SENSE12=0.13671875
ADC_V5=4.84100341796875
ADC_V9=9.3988037109375
ADC_V12=11.54937744140625
ADC_V28=27.79815673828125
THERMAL_SENS_OUT_1=44
THERMAL_SENS_OUT_2=-50
THERMAL_SENS_OUT_3=40
THERMAL_SENS_OUT_4=45
THERMAL_SENS_OUT_5=48
THERMAL_SENS_OUT_6=-50
THERMAL_SENS_INT_1=28
THERMAL_SENS_INT_2=27
PG_5=0
PG_9=0
PG_12=0
FLT_P2=0
FLT_P3=0
HEAT_1_TEMP=44
HEAT_1_DUTY=0
HEAT_2_TEMP=40
HEAT_2_DUTY=0
HEAT_3_TEMP=45
HEAT_3_DUTY=0
HEAT_4_TEMP=48
HEAT_4_DUTY=50

[21:10:33.016 EBOX]
TS=1786204124.402
V_SENSE5=1.71875
V_SENSE9=1.17431640625
V_SENSE12=0.0927734375
ADC_V5=4.8321533203125
ADC_V9=9.40765380859375
ADC_V12=11.76177978515625
ADC_V28=27.88665771484375
THERMAL_SENS_OUT_1=41
THERMAL_SENS_OUT_2=-50
THERMAL_SENS_OUT_3=43
THERMAL_SENS_OUT_4=40
THERMAL_SENS_OUT_5=52
THERMAL_SENS_OUT_6=-50
THERMAL_SENS_INT_1=26
THERMAL_SENS_INT_2=27
PG_5=0
PG_9=0
PG_12=0
FLT_P2=0
FLT_P3=0
HEAT_1_TEMP=41
HEAT_1_DUTY=50
HEAT_2_TEMP=43
HEAT_2_DUTY=0
HEAT_3_TEMP=40
HEAT_3_DUTY=0
HEAT_4_TEMP=52
HEAT_4_DUTY=0

[21:10:33.569 EBOX]
TS=1786204124.929
V_SENSE5=1.15234375
V_SENSE9=0.0341796875
V_SENSE12=0.126953125
ADC_V5=4.87640380859375
ADC_V9=9.2572021484375
ADC_V12=11.5582275390625
ADC_V28=27.82470703125
THERMAL_SENS_OUT_1=44
THERMAL_SENS_OUT_2=-50
THERMAL_SENS_OUT_3=43
THERMAL_SENS_OUT_4=40
THERMAL_SENS_OUT_5=52
THERMAL_SENS_OUT_6=-50
THERMAL_SENS_INT_1=27
THERMAL_SENS_INT_2=27
PG_5=0
PG_9=0
PG_12=0
FLT_P2=0
FLT_P3=0
HEAT_1_TEMP=44
HEAT_1_DUTY=0
HEAT_2_TEMP=43
HEAT_2_DUTY=0
HEAT_3_TEMP=40
HEAT_3_DUTY=0
HEAT_4_TEMP=52
HEAT_4_DUTY=0

[21:10:34.005 EBOX]
TS=1786204125.454
V_SENSE5=1.1865234375
V_SENSE9=0.0390625
V_SENSE12=0.11962890625
ADC_V5=4.91180419921875
ADC_V9=9.33685302734375
ADC_V12=11.82373046875
ADC_V28=27.03704833984375
THERMAL_SENS_OUT_1=44
THERMAL_SENS_OUT_2=-50
THERMAL_SENS_OUT_3=40
THERMAL_SENS_OUT_4=45
THERMAL_SENS_OUT_5=49
THERMAL_SENS_OUT_6=-50
THERMAL_SENS_INT_1=30
THERMAL_SENS_INT_2=29
PG_5=0
PG_9=0
PG_12=0
FLT_P2=0
FLT_P3=0
HEAT_1_TEMP=44
HEAT_1_DUTY=0
HEAT_2_TEMP=40
HEAT_2_DUTY=0
HEAT_3_TEMP=45
HEAT_3_DUTY=0
HEAT_4_TEMP=49
HEAT_4_DUTY=0

[21:10:34.551 EBOX]
TS=1786204125.978
V_SENSE5=1.19873046875
V_SENSE9=0.0390625
V_SENSE12=0.18798828125
ADC_V5=4.89410400390625
ADC_V9=8.673095703125
ADC_V12=11.8414306640625
ADC_V28=27.55035400390625
THERMAL_SENS_OUT_1=45
THERMAL_SENS_OUT_2=-50
THERMAL_SENS_OUT_3=39
THERMAL_SENS_OUT_4=41
THERMAL_SENS_OUT_5=51
THERMAL_SENS_OUT_6=-50
THERMAL_SENS_INT_1=26
THERMAL_SENS_INT_2=28
PG_5=0
PG_9=0
PG_12=0
FLT_P2=0
FLT_P3=0
HEAT_1_TEMP=45
HEAT_1_DUTY=0
HEAT_2_TEMP=39
HEAT_2_DUTY=0
HEAT_3_TEMP=41
HEAT_3_DUTY=0
HEAT_4_TEMP=51
HEAT_4_DUTY=0

[21:10:35.107 EBOX]
TS=1786204126.505
V_SENSE5=1.18896484375
V_SENSE9=0.03662109375
V_SENSE12=0.1220703125
ADC_V5=4.920654296875
ADC_V9=8.9385986328125
ADC_V12=11.7529296875
ADC_V28=27.72735595703125
THERMAL_SENS_OUT_1=45
THERMAL_SENS_OUT_2=-50
THERMAL_SENS_OUT_3=40
THERMAL_SENS_OUT_4=42
THERMAL_SENS_OUT_5=52
THERMAL_SENS_OUT_6=-50
THERMAL_SENS_INT_1=24
THERMAL_SENS_INT_2=29
PG_5=0
PG_9=0
PG_12=0
FLT_P2=0
FLT_P3=0
HEAT_1_TEMP=45
HEAT_1_DUTY=0
HEAT_2_TEMP=40
HEAT_2_DUTY=0
HEAT_3_TEMP=42
HEAT_3_DUTY=0
HEAT_4_TEMP=52
HEAT_4_DUTY=0

[21:10:35.564 EBOX]
TS=1786204127.031
V_SENSE5=1.1767578125
V_SENSE9=0.0390625
V_SENSE12=0.11962890625
ADC_V5=4.92950439453125
ADC_V9=9.23065185546875
ADC_V12=11.5936279296875
ADC_V28=27.92205810546875
THERMAL_SENS_OUT_1=46
THERMAL_SENS_OUT_2=-50
THERMAL_SENS_OUT_3=38
THERMAL_SENS_OUT_4=41
THERMAL_SENS_OUT_5=48
THERMAL_SENS_OUT_6=-50
THERMAL_SENS_INT_1=27
THERMAL_SENS_INT_2=26
PG_5=0
PG_9=0
PG_12=0
FLT_P2=0
FLT_P3=0
HEAT_1_TEMP=46
HEAT_1_DUTY=0
HEAT_2_TEMP=38
HEAT_2_DUTY=0
HEAT_3_TEMP=41
HEAT_3_DUTY=0
HEAT_4_TEMP=48
HEAT_4_DUTY=0

[21:10:36.110 EBOX]
TS=1786204127.558
V_SENSE5=1.17431640625
V_SENSE9=0.03662109375
V_SENSE12=0.1171875
ADC_V5=4.92950439453125
ADC_V9=9.522705078125
ADC_V12=11.72637939453125
ADC_V28=27.647705078125
THERMAL_SENS_OUT_1=43
THERMAL_SENS_OUT_2=-50
THERMAL_SENS_OUT_3=40
THERMAL_SENS_OUT_4=43
THERMAL_SENS_OUT_5=47
THERMAL_SENS_OUT_6=-50
THERMAL_SENS_INT_1=27
THERMAL_SENS_INT_2=26
PG_5=0
PG_9=0
PG_12=0
FLT_P2=0
FLT_P3=0
HEAT_1_TEMP=43
HEAT_1_DUTY=0
HEAT_2_TEMP=40
HEAT_2_DUTY=0
HEAT_3_TEMP=43
HEAT_3_DUTY=0
HEAT_4_TEMP=47
HEAT_4_DUTY=0

[21:10:36.659 EBOX]
TS=1786204128.085
V_SENSE5=1.12060546875
V_SENSE9=0.0341796875
V_SENSE12=0.10986328125
ADC_V5=4.87640380859375
ADC_V9=8.98284912109375
ADC_V12=11.58477783203125
ADC_V28=27.8070068359375
THERMAL_SENS_OUT_1=45
THERMAL_SENS_OUT_2=-50
THERMAL_SENS_OUT_3=41
THERMAL_SENS_OUT_4=42
THERMAL_SENS_OUT_5=48
THERMAL_SENS_OUT_6=-50
THERMAL_SENS_INT_1=24
THERMAL_SENS_INT_2=29
PG_5=0
PG_9=0
PG_12=0
FLT_P2=0
FLT_P3=0
HEAT_1_TEMP=45
HEAT_1_DUTY=0
HEAT_2_TEMP=41
HEAT_2_DUTY=0
HEAT_3_TEMP=42
HEAT_3_DUTY=0
HEAT_4_TEMP=48
HEAT_4_DUTY=0

[21:10:37.105 EBOX]
TS=1786204128.612
V_SENSE5=1.13525390625
V_SENSE9=0.04638671875
V_SENSE12=0.18310546875
ADC_V5=4.98260498046875
ADC_V9=9.01824951171875
ADC_V12=12.02728271484375
ADC_V28=27.93975830078125
THERMAL_SENS_OUT_1=48
THERMAL_SENS_OUT_2=-50
THERMAL_SENS_OUT_3=39
THERMAL_SENS_OUT_4=41
THERMAL_SENS_OUT_5=51
THERMAL_SENS_OUT_6=-50
THERMAL_SENS_INT_1=29
THERMAL_SENS_INT_2=29
PG_5=0
PG_9=0
PG_12=0
FLT_P2=0
FLT_P3=0
HEAT_1_TEMP=48
HEAT_1_DUTY=0
HEAT_2_TEMP=39
HEAT_2_DUTY=0
HEAT_3_TEMP=41
HEAT_3_DUTY=0
HEAT_4_TEMP=51
HEAT_4_DUTY=0

[21:10:37.652 EBOX]
TS=1786204129.139
V_SENSE5=1.015625
V_SENSE9=1.2353515625
V_SENSE12=0.0341796875
ADC_V5=4.9029541015625
ADC_V9=9.310302734375
ADC_V12=11.7352294921875
ADC_V28=27.4530029296875
THERMAL_SENS_OUT_1=45
THERMAL_SENS_OUT_2=-50
THERMAL_SENS_OUT_3=39
THERMAL_SENS_OUT_4=44
THERMAL_SENS_OUT_5=46
THERMAL_SENS_OUT_6=-50
THERMAL_SENS_INT_1=24
THERMAL_SENS_INT_2=30
PG_5=0
PG_9=0
PG_12=0
FLT_P2=0
FLT_P3=0
HEAT_1_TEMP=45
HEAT_1_DUTY=0
HEAT_2_TEMP=39
HEAT_2_DUTY=50
HEAT_3_TEMP=44
HEAT_3_DUTY=0
HEAT_4_TEMP=46
HEAT_4_DUTY=0

[21:10:38.197 EBOX]
TS=1786204129.661
V_SENSE5=1.171875
V_SENSE9=0.03662109375
V_SENSE12=0.107421875
ADC_V5=4.8321533203125
ADC_V9=9.310302734375
ADC_V12=11.77947998046875
ADC_V28=27.1343994140625
THERMAL_SENS_OUT_1=45
THERMAL_SENS_OUT_2=-50
THERMAL_SENS_OUT_3=41
THERMAL_SENS_OUT_4=40
THERMAL_SENS_OUT_5=50
THERMAL_SENS_OUT_6=-50
THERMAL_SENS_INT_1=28
THERMAL_SENS_INT_2=27
PG_5=0
PG_9=0
PG_12=0
FLT_P2=0
FLT_P3=0
HEAT_1_TEMP=45
HEAT_1_DUTY=0
HEAT_2_TEMP=41
HEAT_2_DUTY=50
HEAT_3_TEMP=40
HEAT_3_DUTY=0
HEAT_4_TEMP=50
HEAT_4_DUTY=0

[21:10:38.643 EBOX]
TS=1786204130.083
V_SENSE5=0.70068359375
V_SENSE9=1.36962890625
V_SENSE12=0.0244140625
ADC_V5=4.91180419921875
ADC_V9=9.33685302734375
ADC_V12=11.7352294921875
ADC_V28=27.506103515625
THERMAL_SENS_OUT_1=43
THERMAL_SENS_OUT_2=-50
THERMAL_SENS_OUT_3=40
THERMAL_SENS_OUT_4=42
THERMAL_SENS_OUT_5=46
THERMAL_SENS_OUT_6=-50
THERMAL_SENS_INT_1=24
THERMAL_SENS_INT_2=30
PG_5=0
PG_9=0
PG_12=0
FLT_P2=0
FLT_P3=0
HEAT_1_TEMP=43
HEAT_1_DUTY=0
HEAT_2_TEMP=40
HEAT_2_DUTY=0
HEAT_3_TEMP=42
HEAT_3_DUTY=50
HEAT_4_TEMP=46
HEAT_4_DUTY=0

[21:10:39.182 EBOX]
TS=1786204130.609
V_SENSE5=1.15966796875
V_SENSE9=0.03662109375
V_SENSE12=0.1123046875
ADC_V5=4.814453125
ADC_V9=9.13330078125
ADC_V12=11.4520263671875
ADC_V28=27.5238037109375
THERMAL_SENS_OUT_1=41
THERMAL_SENS_OUT_2=-50
THERMAL_SENS_OUT_3=42
THERMAL_SENS_OUT_4=40
THERMAL_SENS_OUT_5=51
THERMAL_SENS_OUT_6=-50
THERMAL_SENS_INT_1=28
THERMAL_SENS_INT_2=27
PG_5=0
PG_9=0
PG_12=0
FLT_P2=0
FLT_P3=0
HEAT_1_TEMP=41
HEAT_1_DUTY=0
HEAT_2_TEMP=42
HEAT_2_DUTY=0
HEAT_3_TEMP=40
HEAT_3_DUTY=50
HEAT_4_TEMP=51
HEAT_4_DUTY=0

[21:10:39.732 EBOX]
TS=1786204131.136
V_SENSE5=0.90576171875
V_SENSE9=2.939453125
V_SENSE12=0.1220703125
ADC_V5=4.92950439453125
ADC_V9=9.345703125
ADC_V12=11.77947998046875
ADC_V28=27.60345458984375
THERMAL_SENS_OUT_1=45
THERMAL_SENS_OUT_2=-50
THERMAL_SENS_OUT_3=44
THERMAL_SENS_OUT_4=39
THERMAL_SENS_OUT_5=47
THERMAL_SENS_OUT_6=-50
THERMAL_SENS_INT_1=30
THERMAL_SENS_INT_2=27
PG_5=0
PG_9=0
PG_12=0
FLT_P2=0
FLT_P3=0
HEAT_1_TEMP=45
HEAT_1_DUTY=0
HEAT_2_TEMP=44
HEAT_2_DUTY=0
HEAT_3_TEMP=39
HEAT_3_DUTY=0
HEAT_4_TEMP=47
HEAT_4_DUTY=50

[21:10:40.276 EBOX]
TS=1786204131.663
V_SENSE5=1.162109375
V_SENSE9=0.0390625
V_SENSE12=0.1171875
ADC_V5=4.8321533203125
ADC_V9=9.2926025390625
ADC_V12=11.575927734375
ADC_V28=28.001708984375
THERMAL_SENS_OUT_1=45
THERMAL_SENS_OUT_2=-50
THERMAL_SENS_OUT_3=42
THERMAL_SENS_OUT_4=41
THERMAL_SENS_OUT_5=48
THERMAL_SENS_OUT_6=-50
THERMAL_SENS_INT_1=29
THERMAL_SENS_INT_2=28
PG_5=0
PG_9=0
PG_12=0
FLT_P2=0
FLT_P3=0
HEAT_1_TEMP=45
HEAT_1_DUTY=0
HEAT_2_TEMP=42
HEAT_2_DUTY=0
HEAT_3_TEMP=41
HEAT_3_DUTY=0
HEAT_4_TEMP=48
HEAT_4_DUTY=50

[21:10:40.724 EBOX]
TS=1786204132.190
V_SENSE5=0.703125
V_SENSE9=2.53662109375
V_SENSE12=0.25390625
ADC_V5=4.991455078125
ADC_V9=9.51385498046875
ADC_V12=11.8060302734375
ADC_V28=27.09014892578125
THERMAL_SENS_OUT_1=43
THERMAL_SENS_OUT_2=-50
THERMAL_SENS_OUT_3=40
THERMAL_SENS_OUT_4=45
THERMAL_SENS_OUT_5=49
THERMAL_SENS_OUT_6=-50
THERMAL_SENS_INT_1=25
THERMAL_SENS_INT_2=33
PG_5=0
PG_9=0
PG_12=0
FLT_P2=0
FLT_P3=0
HEAT_1_TEMP=43
HEAT_1_DUTY=50
HEAT_2_TEMP=40
HEAT_2_DUTY=0
HEAT_3_TEMP=45
HEAT_3_DUTY=0
HEAT_4_TEMP=49
HEAT_4_DUTY=0

[21:10:41.275 EBOX]
TS=1786204132.717
V_SENSE5=1.1669921875
V_SENSE9=0.03662109375
V_SENSE12=0.1171875
ADC_V5=4.85870361328125
ADC_V9=9.19525146484375
ADC_V12=11.60247802734375
ADC_V28=27.46185302734375
THERMAL_SENS_OUT_1=46
THERMAL_SENS_OUT_2=-50
THERMAL_SENS_OUT_3=41
THERMAL_SENS_OUT_4=44
THERMAL_SENS_OUT_5=49
THERMAL_SENS_OUT_6=-50
THERMAL_SENS_INT_1=30
THERMAL_SENS_INT_2=27
PG_5=0
PG_9=0
PG_12=0
FLT_P2=0
FLT_P3=0
HEAT_1_TEMP=46
HEAT_1_DUTY=50
HEAT_2_TEMP=41
HEAT_2_DUTY=0
HEAT_3_TEMP=44
HEAT_3_DUTY=0
HEAT_4_TEMP=49
HEAT_4_DUTY=0

[21:10:41.820 EBOX]
TS=1786204133.243
V_SENSE5=1.16455078125
V_SENSE9=0.03662109375
V_SENSE12=0.1220703125
ADC_V5=4.8321533203125
ADC_V9=9.522705078125
ADC_V12=11.62017822265625
ADC_V28=27.9132080078125
THERMAL_SENS_OUT_1=46
THERMAL_SENS_OUT_2=-50
THERMAL_SENS_OUT_3=45
THERMAL_SENS_OUT_4=42
THERMAL_SENS_OUT_5=53
THERMAL_SENS_OUT_6=-50
THERMAL_SENS_INT_1=24
THERMAL_SENS_INT_2=29
PG_5=0
PG_9=0
PG_12=0
FLT_P2=0
FLT_P3=0
HEAT_1_TEMP=46
HEAT_1_DUTY=0
HEAT_2_TEMP=45
HEAT_2_DUTY=0
HEAT_3_TEMP=42
HEAT_3_DUTY=0
HEAT_4_TEMP=53
HEAT_4_DUTY=0

[21:10:42.279 EBOX]
TS=1786204133.771
V_SENSE5=1.1376953125
V_SENSE9=0.03662109375
V_SENSE12=0.13916015625
ADC_V5=4.91180419921875
ADC_V9=9.05364990234375
ADC_V12=11.788330078125
ADC_V28=27.74505615234375
THERMAL_SENS_OUT_1=46
THERMAL_SENS_OUT_2=-50
THERMAL_SENS_OUT_3=41
THERMAL_SENS_OUT_4=44
THERMAL_SENS_OUT_5=51
THERMAL_SENS_OUT_6=-50
THERMAL_SENS_INT_1=29
THERMAL_SENS_INT_2=29
PG_5=0
PG_9=0
PG_12=0
FLT_P2=0
FLT_P3=0
HEAT_1_TEMP=46
HEAT_1_DUTY=0
HEAT_2_TEMP=41
HEAT_2_DUTY=0
HEAT_3_TEMP=44
HEAT_3_DUTY=0
HEAT_4_TEMP=51
HEAT_4_DUTY=0

[21:10:42.819 EBOX]
TS=1786204134.297
V_SENSE5=1.1962890625
V_SENSE9=0.0390625
V_SENSE12=0.1220703125
ADC_V5=4.9560546875
ADC_V9=9.097900390625
ADC_V12=11.859130859375
ADC_V28=27.07244873046875
THERMAL_SENS_OUT_1=44
THERMAL_SENS_OUT_2=-50
THERMAL_SENS_OUT_3=41
THERMAL_SENS_OUT_4=40
THERMAL_SENS_OUT_5=52
THERMAL_SENS_OUT_6=-50
THERMAL_SENS_INT_1=26
THERMAL_SENS_INT_2=28
PG_5=0
PG_9=0
PG_12=0
FLT_P2=0
FLT_P3=0
HEAT_1_TEMP=44
HEAT_1_DUTY=0
HEAT_2_TEMP=41
HEAT_2_DUTY=0
HEAT_3_TEMP=40
HEAT_3_DUTY=0
HEAT_4_TEMP=52
HEAT_4_DUTY=0

[21:10:43.359 EBOX]
TS=1786204134.824
V_SENSE5=1.181640625
V_SENSE9=0.0390625
V_SENSE12=0.126953125
ADC_V5=4.9560546875
ADC_V9=9.310302734375
ADC_V12=11.82373046875
ADC_V28=27.00164794921875
THERMAL_SENS_OUT_1=45
THERMAL_SENS_OUT_2=-50
THERMAL_SENS_OUT_3=39
THERMAL_SENS_OUT_4=44
THERMAL_SENS_OUT_5=48
THERMAL_SENS_OUT_6=-50
THERMAL_SENS_INT_1=25
THERMAL_SENS_INT_2=32
PG_5=0
PG_9=0
PG_12=0
FLT_P2=0
FLT_P3=0
HEAT_1_TEMP=45
HEAT_1_DUTY=0
HEAT_2_TEMP=39
HEAT_2_DUTY=0
HEAT_3_TEMP=44
HEAT_3_DUTY=0
HEAT_4_TEMP=48
HEAT_4_DUTY=0

[21:10:43.898 EBOX]
TS=1786204135.346
V_SENSE5=1.22802734375
V_SENSE9=0.0390625
V_SENSE12=0.1416015625
ADC_V5=4.991455078125
ADC_V9=9.13330078125
ADC_V12=11.86798095703125
ADC_V28=27.2052001953125
THERMAL_SENS_OUT_1=44
THERMAL_SENS_OUT_2=-50
THERMAL_SENS_OUT_3=39
THERMAL_SENS_OUT_4=44
THERMAL_SENS_OUT_5=48
THERMAL_SENS_OUT_6=-50
THERMAL_SENS_INT_1=27
THERMAL_SENS_INT_2=29
PG_5=0
PG_9=0
PG_12=0
FLT_P2=0
FLT_P3=0
HEAT_1_TEMP=44
HEAT_1_DUTY=0
HEAT_2_TEMP=39
HEAT_2_DUTY=0
HEAT_3_TEMP=44
HEAT_3_DUTY=0
HEAT_4_TEMP=48
HEAT_4_DUTY=0

[21:10:44.356 EBOX]
TS=1786204135.874
V_SENSE5=1.1962890625
V_SENSE9=0.0390625
V_SENSE12=0.126953125
ADC_V5=4.89410400390625
ADC_V9=9.40765380859375
ADC_V12=11.76177978515625
ADC_V28=27.76275634765625
THERMAL_SENS_OUT_1=45
THERMAL_SENS_OUT_2=-50
THERMAL_SENS_OUT_3=43
THERMAL_SENS_OUT_4=40
THERMAL_SENS_OUT_5=48
THERMAL_SENS_OUT_6=-50
THERMAL_SENS_INT_1=30
THERMAL_SENS_INT_2=27
PG_5=0
PG_9=0
PG_12=0
FLT_P2=0
FLT_P3=0
HEAT_1_TEMP=45
HEAT_1_DUTY=0
HEAT_2_TEMP=43
HEAT_2_DUTY=0
HEAT_3_TEMP=40
HEAT_3_DUTY=0
HEAT_4_TEMP=48
HEAT_4_DUTY=0

[21:10:44.897 EBOX]
TS=1786204136.295
V_SENSE5=1.171875
V_SENSE9=0.0390625
V_SENSE12=0.1220703125
ADC_V5=5.01800537109375
ADC_V9=8.92974853515625
ADC_V12=11.54052734375
ADC_V28=27.24945068359375
THERMAL_SENS_OUT_1=44
THERMAL_SENS_OUT_2=-50
THERMAL_SENS_OUT_3=41
THERMAL_SENS_OUT_4=44
THERMAL_SENS_OUT_5=49
THERMAL_SENS_OUT_6=-50
THERMAL_SENS_INT_1=24
THERMAL_SENS_INT_2=27
PG_5=0
PG_9=0
PG_12=0
FLT_P2=0
FLT_P3=0
HEAT_1_TEMP=44
HEAT_1_DUTY=0
HEAT_2_TEMP=41
HEAT_2_DUTY=0
HEAT_3_TEMP=44
HEAT_3_DUTY=0
HEAT_4_TEMP=49
HEAT_4_DUTY=0

[21:31:12.658 CUBESAT]
TS=1786202998.544
PG_5=-1
PG_9=-1
PG_12=-1
FLT_P2=-1
FLT_P3=-1
HEAT_1_TEMP=0.0
HEAT_1_DUTY=0

[21:31:14.582 CUBESAT]
TS=1786203000.545
PG_5=-1
PG_9=-1
PG_12=-1
FLT_P2=-1
FLT_P3=-1
HEAT_1_TEMP=0.0
HEAT_1_DUTY=0

[21:31:16.603 CUBESAT]
TS=1786203002.547
PG_5=-1
PG_9=-1
PG_12=-1
FLT_P2=-1
FLT_P3=-1
HEAT_1_TEMP=0.0
HEAT_1_DUTY=0

[21:31:18.623 CUBESAT]
TS=1786203004.550
PG_5=-1
PG_9=-1
PG_12=-1
FLT_P2=-1
FLT_P3=-1
HEAT_1_TEMP=0.0
HEAT_1_DUTY=0

[21:31:20.637 CUBESAT]
TS=1786203006.552
PG_5=-1
PG_9=-1
PG_12=-1
FLT_P2=-1
FLT_P3=-1
HEAT_1_TEMP=0.0
HEAT_1_DUTY=3

[21:31:22.662 CUBESAT]
TS=1786203008.555
PG_5=-1
PG_9=-1
PG_12=-1
FLT_P2=-1
FLT_P3=-1
HEAT_1_TEMP=0.0
HEAT_1_DUTY=0

[21:31:24.677 CUBESAT]
TS=1786203010.557
PG_5=-1
PG_9=-1
PG_12=-1
FLT_P2=-1
FLT_P3=-1
HEAT_1_TEMP=0.0
HEAT_1_DUTY=0

[21:31:26.604 CUBESAT]
TS=1786203012.557
PG_5=-1
PG_9=-1
PG_12=-1
FLT_P2=-1
FLT_P3=-1
HEAT_1_TEMP=0.0
HEAT_1_DUTY=3

[21:31:28.620 CUBESAT]
TS=1786203014.560
PG_5=-1
PG_9=-1
PG_12=-1
FLT_P2=-1
FLT_P3=-1
HEAT_1_TEMP=0.0
HEAT_1_DUTY=0

[21:31:30.637 CUBESAT]
TS=1786203016.562
PG_5=-1
PG_9=-1
PG_12=-1
FLT_P2=-1
FLT_P3=-1
HEAT_1_TEMP=0.0
HEAT_1_DUTY=0

[21:31:32.655 CUBESAT]
TS=1786203018.564
PG_5=-1
PG_9=-1
PG_12=-1
FLT_P2=-1
FLT_P3=-1
HEAT_1_TEMP=0.0
HEAT_1_DUTY=0

[21:31:34.672 CUBESAT]
TS=1786203020.564
PG_5=-1
PG_9=-1
PG_12=-1
FLT_P2=-1
FLT_P3=-1
HEAT_1_TEMP=0.0
HEAT_1_DUTY=0

[21:31:36.691 CUBESAT]
TS=1786203022.565
PG_5=-1
PG_9=-1
PG_12=-1
FLT_P2=-1
FLT_P3=-1
HEAT_1_TEMP=0.0
HEAT_1_DUTY=3

[21:31:38.717 CUBESAT]
TS=1786203024.567
PG_5=-1
PG_9=-1
PG_12=-1
FLT_P2=-1
FLT_P3=-1
HEAT_1_TEMP=0.0
HEAT_1_DUTY=0

[21:35:17.555 CUBESAT]
TS=1786203242.241
PG_5=1
PG_9=0
PG_12=0
FLT_P2=0
FLT_P3=0
HEAT_1_TEMP=0.0
HEAT_1_DUTY=0

[21:35:19.587 CUBESAT]
TS=1786203244.243
PG_5=1
PG_9=0
PG_12=0
FLT_P2=0
FLT_P3=0
HEAT_1_TEMP=0.0
HEAT_1_DUTY=0

[21:35:21.606 CUBESAT]
TS=1786203246.245
PG_5=1
PG_9=0
PG_12=0
FLT_P2=0
FLT_P3=0
HEAT_1_TEMP=0.0
HEAT_1_DUTY=3

[21:35:23.626 CUBESAT]
TS=1786203248.248
PG_5=1
PG_9=0
PG_12=0
FLT_P2=0
FLT_P3=0
HEAT_1_TEMP=0.0
HEAT_1_DUTY=0

[21:35:25.647 CUBESAT]
TS=1786203250.250
PG_5=1
PG_9=0
PG_12=0
FLT_P2=0
FLT_P3=0
HEAT_1_TEMP=0.0
HEAT_1_DUTY=0

[21:35:27.666 CUBESAT]
TS=1786203252.252
PG_5=1
PG_9=0
PG_12=0
FLT_P2=0
FLT_P3=0
HEAT_1_TEMP=0.0
HEAT_1_DUTY=0

[21:35:29.686 CUBESAT]
TS=1786203254.254
PG_5=1
PG_9=0
PG_12=0
FLT_P2=0
FLT_P3=0
HEAT_1_TEMP=0.0
HEAT_1_DUTY=0

[21:35:31.604 CUBESAT]
TS=1786203256.257
PG_5=1
PG_9=0
PG_12=0
FLT_P2=0
FLT_P3=0
HEAT_1_TEMP=0.0
HEAT_1_DUTY=3

[21:35:33.636 CUBESAT]
TS=1786203258.257
PG_5=1
PG_9=0
PG_12=0
FLT_P2=0
FLT_P3=0
HEAT_1_TEMP=0.0
HEAT_1_DUTY=0

[21:35:35.653 CUBESAT]
TS=1786203260.260
PG_5=1
PG_9=0
PG_12=0
FLT_P2=0
FLT_P3=0
HEAT_1_TEMP=0.0
HEAT_1_DUTY=0

[21:35:37.673 CUBESAT]
TS=1786203262.261
PG_5=1
PG_9=0
PG_12=0
FLT_P2=0
FLT_P3=0
HEAT_1_TEMP=0.0
HEAT_1_DUTY=3

[21:35:39.592 CUBESAT]
TS=1786203264.262
PG_5=1
PG_9=0
PG_12=0
FLT_P2=0
FLT_P3=0
HEAT_1_TEMP=0.0
HEAT_1_DUTY=0

[21:35:41.610 CUBESAT]
TS=1786203266.263
PG_5=1
PG_9=0
PG_12=0
FLT_P2=0
FLT_P3=0
HEAT_1_TEMP=0.0
HEAT_1_DUTY=0

[21:35:43.627 CUBESAT]
TS=1786203268.264
PG_5=1
PG_9=0
PG_12=0
FLT_P2=0
FLT_P3=0
HEAT_1_TEMP=0.0
HEAT_1_DUTY=0

[21:35:45.647 CUBESAT]
TS=1786203270.266
PG_5=1
PG_9=0
PG_12=0
FLT_P2=0
FLT_P3=0
HEAT_1_TEMP=0.0
HEAT_1_DUTY=0

[21:35:47.665 CUBESAT]
TS=1786203272.268
PG_5=1
PG_9=0
PG_12=0
FLT_P2=0
FLT_P3=0
HEAT_1_TEMP=0.0
HEAT_1_DUTY=3

[21:35:49.682 CUBESAT]
TS=1786203274.270
PG_5=1
PG_9=0
PG_12=0
FLT_P2=0
FLT_P3=0
HEAT_1_TEMP=0.0
HEAT_1_DUTY=0

[21:35:51.599 CUBESAT]
TS=1786203276.273
PG_5=1
PG_9=0
PG_12=0
FLT_P2=0
FLT_P3=0
HEAT_1_TEMP=0.0
HEAT_1_DUTY=0

[21:35:53.627 CUBESAT]
TS=1786203278.275
PG_5=1
PG_9=0
PG_12=0
FLT_P2=0
FLT_P3=0
HEAT_1_TEMP=0.0
HEAT_1_DUTY=0

[21:35:55.644 CUBESAT]
TS=1786203280.277
PG_5=1
PG_9=0
PG_12=0
FLT_P2=0
FLT_P3=0
HEAT_1_TEMP=0.0
HEAT_1_DUTY=0

[21:35:57.658 CUBESAT]
TS=1786203282.277
PG_5=1
PG_9=0
PG_12=0
FLT_P2=0
FLT_P3=0
HEAT_1_TEMP=0.0
HEAT_1_DUTY=3

[21:35:59.678 CUBESAT]
TS=1786203284.279
PG_5=1
PG_9=0
PG_12=0
FLT_P2=0
FLT_P3=0
HEAT_1_TEMP=0.0
HEAT_1_DUTY=0

[21:36:01.703 CUBESAT]
TS=1786203286.282
PG_5=1
PG_9=0
PG_12=0
FLT_P2=0
FLT_P3=0
HEAT_1_TEMP=0.0
HEAT_1_DUTY=0

[21:36:03.620 CUBESAT]
TS=1786203288.282
PG_5=1
PG_9=0
PG_12=0
FLT_P2=0
FLT_P3=0
HEAT_1_TEMP=0.0
HEAT_1_DUTY=0

[21:36:05.639 CUBESAT]
TS=1786203290.283
PG_5=1
PG_9=0
PG_12=0
FLT_P2=0
FLT_P3=0
HEAT_1_TEMP=0.0
HEAT_1_DUTY=0

[21:36:07.655 CUBESAT]
TS=1786203292.284
PG_5=1
PG_9=0
PG_12=0
FLT_P2=0
FLT_P3=0
HEAT_1_TEMP=0.0
HEAT_1_DUTY=0

[21:36:09.671 CUBESAT]
TS=1786203294.286
PG_5=1
PG_9=0
PG_12=0
FLT_P2=0
FLT_P3=0
HEAT_1_TEMP=0.0
HEAT_1_DUTY=0

[21:36:11.685 CUBESAT]
TS=1786203296.287
PG_5=1
PG_9=0
PG_12=0
FLT_P2=0
FLT_P3=0
HEAT_1_TEMP=0.0
HEAT_1_DUTY=0

[21:36:13.698 CUBESAT]
TS=1786203298.289
PG_5=1
PG_9=0
PG_12=0
FLT_P2=0
FLT_P3=0
HEAT_1_TEMP=0.0
HEAT_1_DUTY=3

[21:36:15.717 CUBESAT]
TS=1786203300.291
PG_5=1
PG_9=0
PG_12=0
FLT_P2=0
FLT_P3=0
HEAT_1_TEMP=0.0
HEAT_1_DUTY=0

[21:36:17.630 CUBESAT]
TS=1786203302.294
PG_5=1
PG_9=0
PG_12=0
FLT_P2=0
FLT_P3=0
HEAT_1_TEMP=0.0
HEAT_1_DUTY=0

[21:36:19.645 CUBESAT]
TS=1786203304.296
PG_5=1
PG_9=0
PG_12=0
FLT_P2=0
FLT_P3=0
HEAT_1_TEMP=0.0
HEAT_1_DUTY=0

[21:36:21.665 CUBESAT]
TS=1786203306.298
PG_5=1
PG_9=0
PG_12=0
FLT_P2=0
FLT_P3=0
HEAT_1_TEMP=0.0
HEAT_1_DUTY=0

[21:36:23.682 CUBESAT]
TS=1786203308.300
PG_5=1
PG_9=0
PG_12=0
FLT_P2=0
FLT_P3=0
HEAT_1_TEMP=0.0
HEAT_1_DUTY=3

[21:36:25.699 CUBESAT]
TS=1786203310.303
PG_5=1
PG_9=0
PG_12=0
FLT_P2=0
FLT_P3=0
HEAT_1_TEMP=0.0
HEAT_1_DUTY=0

[21:36:27.715 CUBESAT]
TS=1786203312.305
PG_5=1
PG_9=0
PG_12=0
FLT_P2=0
FLT_P3=0
HEAT_1_TEMP=0.0
HEAT_1_DUTY=0

[21:36:29.731 CUBESAT]
TS=1786203314.307
PG_5=1
PG_9=0
PG_12=0
FLT_P2=0
FLT_P3=0
HEAT_1_TEMP=0.0
HEAT_1_DUTY=0

[21:36:31.653 CUBESAT]
TS=1786203316.309
PG_5=1
PG_9=0
PG_12=0
FLT_P2=0
FLT_P3=0
HEAT_1_TEMP=0.0
HEAT_1_DUTY=0

[21:36:33.673 CUBESAT]
TS=1786203318.309
PG_5=1
PG_9=0
PG_12=0
FLT_P2=0
FLT_P3=0
HEAT_1_TEMP=0.0
HEAT_1_DUTY=3

[21:36:35.691 CUBESAT]
TS=1786203320.311
PG_5=1
PG_9=0
PG_12=0
FLT_P2=0
FLT_P3=0
HEAT_1_TEMP=0.0
HEAT_1_DUTY=0

[21:36:37.714 CUBESAT]
TS=1786203322.313
PG_5=1
PG_9=0
PG_12=0
FLT_P2=0
FLT_P3=0
HEAT_1_TEMP=0.0
HEAT_1_DUTY=0

[21:36:39.739 CUBESAT]
TS=1786203324.314
PG_5=1
PG_9=0
PG_12=0
FLT_P2=0
FLT_P3=0
HEAT_1_TEMP=0.0
HEAT_1_DUTY=0

[21:36:41.760 CUBESAT]
TS=1786203326.314
PG_5=1
PG_9=0
PG_12=0
FLT_P2=0
FLT_P3=0
HEAT_1_TEMP=0.0
HEAT_1_DUTY=0

[21:36:43.675 CUBESAT]
TS=1786203328.316
PG_5=1
PG_9=0
PG_12=0
FLT_P2=0
FLT_P3=0
HEAT_1_TEMP=0.0
HEAT_1_DUTY=0

[21:36:45.695 CUBESAT]
TS=1786203330.317
PG_5=1
PG_9=0
PG_12=0
FLT_P2=0
FLT_P3=0
HEAT_1_TEMP=0.0
HEAT_1_DUTY=0

[21:36:47.721 CUBESAT]
TS=1786203332.317
PG_5=1
PG_9=0
PG_12=0
FLT_P2=0
FLT_P3=0
HEAT_1_TEMP=0.0
HEAT_1_DUTY=0

[21:36:49.739 CUBESAT]
TS=1786203334.319
PG_5=1
PG_9=0
PG_12=0
FLT_P2=0
FLT_P3=0
HEAT_1_TEMP=0.0
HEAT_1_DUTY=3

[21:36:51.757 CUBESAT]
TS=1786203336.321
PG_5=1
PG_9=0
PG_12=0
FLT_P2=0
FLT_P3=0
HEAT_1_TEMP=0.0
HEAT_1_DUTY=0

[21:36:53.779 CUBESAT]
TS=1786203338.324
PG_5=1
PG_9=0
PG_12=0
FLT_P2=0
FLT_P3=0
HEAT_1_TEMP=0.0
HEAT_1_DUTY=0

[21:36:55.695 CUBESAT]
TS=1786203340.326
PG_5=1
PG_9=0
PG_12=0
FLT_P2=0
FLT_P3=0
HEAT_1_TEMP=0.0
HEAT_1_DUTY=0

[21:36:57.711 CUBESAT]
TS=1786203342.328
PG_5=1
PG_9=0
PG_12=0
FLT_P2=0
FLT_P3=0
HEAT_1_TEMP=0.0
HEAT_1_DUTY=0

[21:36:59.733 CUBESAT]
TS=1786203344.330
PG_5=1
PG_9=0
PG_12=0
FLT_P2=0
FLT_P3=0
HEAT_1_TEMP=0.0
HEAT_1_DUTY=3

[21:37:01.747 CUBESAT]
TS=1786203346.332
PG_5=1
PG_9=0
PG_12=0
FLT_P2=0
FLT_P3=0
HEAT_1_TEMP=0.0
HEAT_1_DUTY=0

[21:37:03.763 CUBESAT]
TS=1786203348.333
PG_5=1
PG_9=0
PG_12=0
FLT_P2=0
FLT_P3=0
HEAT_1_TEMP=0.0
HEAT_1_DUTY=0

[21:37:05.782 CUBESAT]
TS=1786203350.335
PG_5=1
PG_9=0
PG_12=0
FLT_P2=0
FLT_P3=0
HEAT_1_TEMP=0.0
HEAT_1_DUTY=0

[21:37:07.699 CUBESAT]
TS=1786203352.336
PG_5=1
PG_9=0
PG_12=0
FLT_P2=0
FLT_P3=0
HEAT_1_TEMP=0.0
HEAT_1_DUTY=0

[21:37:09.717 CUBESAT]
TS=1786203354.338
PG_5=1
PG_9=0
PG_12=0
FLT_P2=0
FLT_P3=0
HEAT_1_TEMP=0.0
HEAT_1_DUTY=3

[21:37:11.737 CUBESAT]
TS=1786203356.340
PG_5=1
PG_9=0
PG_12=0
FLT_P2=0
FLT_P3=0
HEAT_1_TEMP=0.0
HEAT_1_DUTY=0

[21:37:13.756 CUBESAT]
TS=1786203358.342
PG_5=1
PG_9=0
PG_12=0
FLT_P2=0
FLT_P3=0
HEAT_1_TEMP=0.0
HEAT_1_DUTY=0

[21:37:15.777 CUBESAT]
TS=1786203360.345
PG_5=1
PG_9=0
PG_12=0
FLT_P2=0
FLT_P3=0
HEAT_1_TEMP=0.0
HEAT_1_DUTY=0

[21:37:17.793 CUBESAT]
TS=1786203362.347
PG_5=1
PG_9=0
PG_12=0
FLT_P2=0
FLT_P3=0
HEAT_1_TEMP=0.0
HEAT_1_DUTY=0

[21:37:19.826 CUBESAT]
TS=1786203364.349
PG_5=1
PG_9=0
PG_12=0
FLT_P2=0
FLT_P3=0
HEAT_1_TEMP=0.0
HEAT_1_DUTY=0

[21:37:21.745 CUBESAT]
TS=1786203366.350
PG_5=1
PG_9=0
PG_12=0
FLT_P2=0
FLT_P3=0
HEAT_1_TEMP=0.0
HEAT_1_DUTY=0

[21:37:23.770 CUBESAT]
TS=1786203368.351
PG_5=1
PG_9=0
PG_12=0
FLT_P2=0
FLT_P3=0
HEAT_1_TEMP=0.0
HEAT_1_DUTY=0

[21:37:25.797 CUBESAT]
TS=1786203370.353
PG_5=1
PG_9=0
PG_12=0
FLT_P2=0
FLT_P3=0
HEAT_1_TEMP=0.0
HEAT_1_DUTY=3

[21:37:27.816 CUBESAT]
TS=1786203372.355
PG_5=1
PG_9=0
PG_12=0
FLT_P2=0
FLT_P3=0
HEAT_1_TEMP=0.0
HEAT_1_DUTY=0

[21:37:29.736 CUBESAT]
TS=1786203374.357
PG_5=1
PG_9=0
PG_12=0
FLT_P2=0
FLT_P3=0
HEAT_1_TEMP=0.0
HEAT_1_DUTY=0

[21:37:31.761 CUBESAT]
TS=1786203376.360
PG_5=1
PG_9=0
PG_12=0
FLT_P2=0
FLT_P3=0
HEAT_1_TEMP=0.0
HEAT_1_DUTY=0

[21:37:33.778 CUBESAT]
TS=1786203378.362
PG_5=1
PG_9=0
PG_12=0
FLT_P2=0
FLT_P3=0
HEAT_1_TEMP=0.0
HEAT_1_DUTY=0

[21:37:35.797 CUBESAT]
TS=1786203380.363
PG_5=1
PG_9=0
PG_12=0
FLT_P2=0
FLT_P3=0
HEAT_1_TEMP=0.0
HEAT_1_DUTY=3

[21:37:37.814 CUBESAT]
TS=1786203382.366
PG_5=1
PG_9=0
PG_12=0
FLT_P2=0
FLT_P3=0
HEAT_1_TEMP=0.0
HEAT_1_DUTY=0

[21:37:39.833 CUBESAT]
TS=1786203384.368
PG_5=1
PG_9=0
PG_12=0
FLT_P2=0
FLT_P3=0
HEAT_1_TEMP=0.0
HEAT_1_DUTY=0

[21:37:41.751 CUBESAT]
TS=1786203386.370
PG_5=1
PG_9=0
PG_12=0
FLT_P2=0
FLT_P3=0
HEAT_1_TEMP=0.0
HEAT_1_DUTY=0

[21:37:43.769 CUBESAT]
TS=1786203388.372
PG_5=1
PG_9=0
PG_12=0
FLT_P2=0
FLT_P3=0
HEAT_1_TEMP=0.0
HEAT_1_DUTY=0

[21:37:45.789 CUBESAT]
TS=1786203390.374
PG_5=1
PG_9=0
PG_12=0
FLT_P2=0
FLT_P3=0
HEAT_1_TEMP=0.0
HEAT_1_DUTY=3

[21:37:47.818 CUBESAT]
TS=1786203392.376
PG_5=1
PG_9=0
PG_12=0
FLT_P2=0
FLT_P3=0
HEAT_1_TEMP=0.0
HEAT_1_DUTY=0

[21:37:49.835 CUBESAT]
TS=1786203394.376
PG_5=1
PG_9=0
PG_12=0
FLT_P2=0
FLT_P3=0
HEAT_1_TEMP=0.0
HEAT_1_DUTY=0

[21:37:51.851 CUBESAT]
TS=1786203396.378
PG_5=1
PG_9=0
PG_12=0
FLT_P2=0
FLT_P3=0
HEAT_1_TEMP=0.0
HEAT_1_DUTY=3

[21:37:53.773 CUBESAT]
TS=1786203398.380
PG_5=1
PG_9=0
PG_12=0
FLT_P2=0
FLT_P3=0
HEAT_1_TEMP=0.0
HEAT_1_DUTY=0

[21:37:55.790 CUBESAT]
TS=1786203400.382
PG_5=1
PG_9=0
PG_12=0
FLT_P2=0
FLT_P3=0
HEAT_1_TEMP=0.0
HEAT_1_DUTY=0

[21:37:57.805 CUBESAT]
TS=1786203402.383
PG_5=1
PG_9=0
PG_12=0
FLT_P2=0
FLT_P3=0
HEAT_1_TEMP=0.0
HEAT_1_DUTY=0

[21:37:59.823 CUBESAT]
TS=1786203404.385
PG_5=1
PG_9=0
PG_12=0
FLT_P2=0
FLT_P3=0
HEAT_1_TEMP=0.0
HEAT_1_DUTY=0

[21:38:01.843 CUBESAT]
TS=1786203406.386
PG_5=1
PG_9=0
PG_12=0
FLT_P2=0
FLT_P3=0
HEAT_1_TEMP=0.0
HEAT_1_DUTY=3

[21:38:03.865 CUBESAT]
TS=1786203408.388
PG_5=1
PG_9=0
PG_12=0
FLT_P2=0
FLT_P3=0
HEAT_1_TEMP=0.0
HEAT_1_DUTY=0

[21:38:05.782 CUBESAT]
TS=1786203410.391
PG_5=1
PG_9=0
PG_12=0
FLT_P2=0
FLT_P3=0
HEAT_1_TEMP=0.0
HEAT_1_DUTY=0

[21:38:07.803 CUBESAT]
TS=1786203412.393
PG_5=1
PG_9=0
PG_12=0
FLT_P2=0
FLT_P3=0
HEAT_1_TEMP=0.0
HEAT_1_DUTY=0

[21:38:09.818 CUBESAT]
TS=1786203414.395
PG_5=1
PG_9=0
PG_12=0
FLT_P2=0
FLT_P3=0
HEAT_1_TEMP=0.0
HEAT_1_DUTY=0

[21:38:11.836 CUBESAT]
TS=1786203416.397
PG_5=1
PG_9=0
PG_12=0
FLT_P2=0
FLT_P3=0
HEAT_1_TEMP=0.0
HEAT_1_DUTY=3

[21:38:13.858 CUBESAT]
TS=1786203418.399
PG_5=1
PG_9=0
PG_12=0
FLT_P2=0
FLT_P3=0
HEAT_1_TEMP=0.0
HEAT_1_DUTY=0

[21:38:15.874 CUBESAT]
TS=1786203420.399
PG_5=1
PG_9=0
PG_12=0
FLT_P2=0
FLT_P3=0
HEAT_1_TEMP=0.0
HEAT_1_DUTY=0

[21:38:17.894 CUBESAT]
TS=1786203422.401
PG_5=1
PG_9=0
PG_12=0
FLT_P2=0
FLT_P3=0
HEAT_1_TEMP=0.0
HEAT_1_DUTY=0

[21:38:19.812 CUBESAT]
TS=1786203424.404
PG_5=1
PG_9=0
PG_12=0
FLT_P2=0
FLT_P3=0
HEAT_1_TEMP=0.0
HEAT_1_DUTY=0

[21:38:21.830 CUBESAT]
TS=1786203426.406
PG_5=1
PG_9=0
PG_12=0
FLT_P2=0
FLT_P3=0
HEAT_1_TEMP=0.0
HEAT_1_DUTY=3

[21:38:23.846 CUBESAT]
TS=1786203428.406
PG_5=1
PG_9=0
PG_12=0
FLT_P2=0
FLT_P3=0
HEAT_1_TEMP=0.0
HEAT_1_DUTY=0

[21:38:25.872 CUBESAT]
TS=1786203430.409
PG_5=1
PG_9=0
PG_12=0
FLT_P2=0
FLT_P3=0
HEAT_1_TEMP=0.0
HEAT_1_DUTY=0

[21:38:27.889 CUBESAT]
TS=1786203432.411
PG_5=1
PG_9=0
PG_12=0
FLT_P2=0
FLT_P3=0
HEAT_1_TEMP=0.0
HEAT_1_DUTY=3

[21:38:29.909 CUBESAT]
TS=1786203434.413
PG_5=1
PG_9=0
PG_12=0
FLT_P2=0
FLT_P3=0
HEAT_1_TEMP=0.0
HEAT_1_DUTY=0

[21:38:31.827 CUBESAT]
TS=1786203436.416
PG_5=1
PG_9=0
PG_12=0
FLT_P2=0
FLT_P3=0
HEAT_1_TEMP=0.0
HEAT_1_DUTY=0

[21:38:33.844 CUBESAT]
TS=1786203438.416
PG_5=1
PG_9=0
PG_12=0
FLT_P2=0
FLT_P3=0
HEAT_1_TEMP=0.0
HEAT_1_DUTY=0

[21:38:35.867 CUBESAT]
TS=1786203440.418
PG_5=1
PG_9=0
PG_12=0
FLT_P2=0
FLT_P3=0
HEAT_1_TEMP=0.0
HEAT_1_DUTY=0

[21:38:37.892 CUBESAT]
TS=1786203442.421
PG_5=1
PG_9=0
PG_12=0
FLT_P2=0
FLT_P3=0
HEAT_1_TEMP=0.0
HEAT_1_DUTY=3

[21:38:39.909 CUBESAT]
TS=1786203444.423
PG_5=1
PG_9=0
PG_12=0
FLT_P2=0
FLT_P3=0
HEAT_1_TEMP=0.0
HEAT_1_DUTY=0

[21:38:41.926 CUBESAT]
TS=1786203446.425
PG_5=1
PG_9=0
PG_12=0
FLT_P2=0
FLT_P3=0
HEAT_1_TEMP=0.0
HEAT_1_DUTY=0

[21:38:43.845 CUBESAT]
TS=1786203448.427
PG_5=1
PG_9=0
PG_12=0
FLT_P2=0
FLT_P3=0
HEAT_1_TEMP=0.0
HEAT_1_DUTY=0

[21:38:45.865 CUBESAT]
TS=1786203450.428
PG_5=1
PG_9=0
PG_12=0
FLT_P2=0
FLT_P3=0
HEAT_1_TEMP=0.0
HEAT_1_DUTY=0

[21:38:47.884 CUBESAT]
TS=1786203452.430
PG_5=1
PG_9=0
PG_12=0
FLT_P2=0
FLT_P3=0
HEAT_1_TEMP=0.0
HEAT_1_DUTY=3

[21:38:49.903 CUBESAT]
TS=1786203454.431
PG_5=1
PG_9=0
PG_12=0
FLT_P2=0
FLT_P3=0
HEAT_1_TEMP=0.0
HEAT_1_DUTY=0

[21:38:51.921 CUBESAT]
TS=1786203456.433
PG_5=1
PG_9=0
PG_12=0
FLT_P2=0
FLT_P3=0
HEAT_1_TEMP=0.0
HEAT_1_DUTY=0

[21:38:53.851 CUBESAT]
TS=1786203458.435
PG_5=1
PG_9=0
PG_12=0
FLT_P2=0
FLT_P3=0
HEAT_1_TEMP=0.0
HEAT_1_DUTY=0

[21:38:55.877 CUBESAT]
TS=1786203460.437
PG_5=1
PG_9=0
PG_12=0
FLT_P2=0
FLT_P3=0
HEAT_1_TEMP=0.0
HEAT_1_DUTY=0

[21:38:57.897 CUBESAT]
TS=1786203462.438
PG_5=1
PG_9=0
PG_12=0
FLT_P2=0
FLT_P3=0
HEAT_1_TEMP=0.0
HEAT_1_DUTY=3

[21:38:59.915 CUBESAT]
TS=1786203464.440
PG_5=1
PG_9=0
PG_12=0
FLT_P2=0
FLT_P3=0
HEAT_1_TEMP=0.0
HEAT_1_DUTY=0

[21:39:01.938 CUBESAT]
TS=1786203466.443
PG_5=1
PG_9=0
PG_12=0
FLT_P2=0
FLT_P3=0
HEAT_1_TEMP=0.0
HEAT_1_DUTY=0

[21:39:03.955 CUBESAT]
TS=1786203468.445
PG_5=1
PG_9=0
PG_12=0
FLT_P2=0
FLT_P3=0
HEAT_1_TEMP=0.0
HEAT_1_DUTY=0

[21:39:05.873 CUBESAT]
TS=1786203470.446
PG_5=1
PG_9=0
PG_12=0
FLT_P2=0
FLT_P3=0
HEAT_1_TEMP=0.0
HEAT_1_DUTY=0

[21:39:07.890 CUBESAT]
TS=1786203472.446
PG_5=1
PG_9=0
PG_12=0
FLT_P2=0
FLT_P3=0
HEAT_1_TEMP=0.0
HEAT_1_DUTY=0

[21:39:09.920 CUBESAT]
TS=1786203474.447
PG_5=1
PG_9=0
PG_12=0
FLT_P2=0
FLT_P3=0
HEAT_1_TEMP=0.0
HEAT_1_DUTY=0

[21:39:11.935 CUBESAT]
TS=1786203476.449
PG_5=1
PG_9=0
PG_12=0
FLT_P2=0
FLT_P3=0
HEAT_1_TEMP=0.0
HEAT_1_DUTY=0

[21:39:13.957 CUBESAT]
TS=1786203478.452
PG_5=1
PG_9=0
PG_12=0
FLT_P2=0
FLT_P3=0
HEAT_1_TEMP=0.0
HEAT_1_DUTY=3

[21:39:15.875 CUBESAT]
TS=1786203480.453
PG_5=1
PG_9=0
PG_12=0
FLT_P2=0
FLT_P3=0
HEAT_1_TEMP=0.0
HEAT_1_DUTY=0

[21:39:17.895 CUBESAT]
TS=1786203482.455
PG_5=1
PG_9=0
PG_12=0
FLT_P2=0
FLT_P3=0
HEAT_1_TEMP=0.0
HEAT_1_DUTY=0

[21:39:19.911 CUBESAT]
TS=1786203484.456
PG_5=1
PG_9=0
PG_12=0
FLT_P2=0
FLT_P3=0
HEAT_1_TEMP=0.0
HEAT_1_DUTY=0

[21:39:21.927 CUBESAT]
TS=1786203486.458
PG_5=1
PG_9=0
PG_12=0
FLT_P2=0
FLT_P3=0
HEAT_1_TEMP=0.0
HEAT_1_DUTY=0

[21:39:23.946 CUBESAT]
TS=1786203488.461
PG_5=1
PG_9=0
PG_12=0
FLT_P2=0
FLT_P3=0
HEAT_1_TEMP=0.0
HEAT_1_DUTY=3

[21:39:25.968 CUBESAT]
TS=1786203490.463
PG_5=1
PG_9=0
PG_12=0
FLT_P2=0
FLT_P3=0
HEAT_1_TEMP=0.0
HEAT_1_DUTY=0

[21:39:27.983 CUBESAT]
TS=1786203492.465
PG_5=1
PG_9=0
PG_12=0
FLT_P2=0
FLT_P3=0
HEAT_1_TEMP=0.0
HEAT_1_DUTY=0

[21:39:29.900 CUBESAT]
TS=1786203494.467
PG_5=1
PG_9=0
PG_12=0
FLT_P2=0
FLT_P3=0
HEAT_1_TEMP=0.0
HEAT_1_DUTY=0

[21:39:31.921 CUBESAT]
TS=1786203496.470
PG_5=1
PG_9=0
PG_12=0
FLT_P2=0
FLT_P3=0
HEAT_1_TEMP=0.0
HEAT_1_DUTY=0

[21:39:33.936 CUBESAT]
TS=1786203498.472
PG_5=1
PG_9=0
PG_12=0
FLT_P2=0
FLT_P3=0
HEAT_1_TEMP=0.0
HEAT_1_DUTY=3

[21:39:35.953 CUBESAT]
TS=1786203500.474
PG_5=1
PG_9=0
PG_12=0
FLT_P2=0
FLT_P3=0
HEAT_1_TEMP=0.0
HEAT_1_DUTY=0

[21:39:37.968 CUBESAT]
TS=1786203502.476
PG_5=1
PG_9=0
PG_12=0
FLT_P2=0
FLT_P3=0
HEAT_1_TEMP=0.0
HEAT_1_DUTY=0

[21:39:39.985 CUBESAT]
TS=1786203504.478
PG_5=1
PG_9=0
PG_12=0
FLT_P2=0
FLT_P3=0
HEAT_1_TEMP=0.0
HEAT_1_DUTY=0

[21:39:42.000 CUBESAT]
TS=1786203506.481
PG_5=1
PG_9=0
PG_12=0
FLT_P2=0
FLT_P3=0
HEAT_1_TEMP=0.0
HEAT_1_DUTY=0

[21:39:43.916 CUBESAT]
TS=1786203508.483
PG_5=1
PG_9=0
PG_12=0
FLT_P2=0
FLT_P3=0
HEAT_1_TEMP=0.0
HEAT_1_DUTY=3

[21:39:45.934 CUBESAT]
TS=1786203510.485
PG_5=1
PG_9=0
PG_12=0
FLT_P2=0
FLT_P3=0
HEAT_1_TEMP=0.0
HEAT_1_DUTY=0

[21:39:47.951 CUBESAT]
TS=1786203512.486
PG_5=1
PG_9=0
PG_12=0
FLT_P2=0
FLT_P3=0
HEAT_1_TEMP=0.0
HEAT_1_DUTY=0

[21:39:49.966 CUBESAT]
TS=1786203514.487
PG_5=1
PG_9=0
PG_12=0
FLT_P2=0
FLT_P3=0
HEAT_1_TEMP=0.0
HEAT_1_DUTY=0

[21:39:51.986 CUBESAT]
TS=1786203516.489
PG_5=1
PG_9=0
PG_12=0
FLT_P2=0
FLT_P3=0
HEAT_1_TEMP=0.0
HEAT_1_DUTY=0

[21:39:54.002 CUBESAT]
TS=1786203518.491
PG_5=1
PG_9=0
PG_12=0
FLT_P2=0
FLT_P3=0
HEAT_1_TEMP=0.0
HEAT_1_DUTY=3

[21:39:56.018 CUBESAT]
TS=1786203520.494
PG_5=1
PG_9=0
PG_12=0
FLT_P2=0
FLT_P3=0
HEAT_1_TEMP=0.0
HEAT_1_DUTY=0

[21:39:58.034 CUBESAT]
TS=1786203522.496
PG_5=1
PG_9=0
PG_12=0
FLT_P2=0
FLT_P3=0
HEAT_1_TEMP=0.0
HEAT_1_DUTY=0

[21:39:59.954 CUBESAT]
TS=1786203524.498
PG_5=1
PG_9=0
PG_12=0
FLT_P2=0
FLT_P3=0
HEAT_1_TEMP=0.0
HEAT_1_DUTY=0

[21:40:01.971 CUBESAT]
TS=1786203526.500
PG_5=1
PG_9=0
PG_12=0
FLT_P2=0
FLT_P3=0
HEAT_1_TEMP=0.0
HEAT_1_DUTY=0

[21:40:03.987 CUBESAT]
TS=1786203528.503
PG_5=1
PG_9=0
PG_12=0
FLT_P2=0
FLT_P3=0
HEAT_1_TEMP=0.0
HEAT_1_DUTY=3

[21:40:06.010 CUBESAT]
TS=1786203530.505
PG_5=1
PG_9=0
PG_12=0
FLT_P2=0
FLT_P3=0
HEAT_1_TEMP=0.0
HEAT_1_DUTY=0

[21:40:08.025 CUBESAT]
TS=1786203532.507
PG_5=1
PG_9=0
PG_12=0
FLT_P2=0
FLT_P3=0
HEAT_1_TEMP=0.0
HEAT_1_DUTY=0

[21:40:10.040 CUBESAT]
TS=1786203534.510
PG_5=1
PG_9=0
PG_12=0
FLT_P2=0
FLT_P3=0
HEAT_1_TEMP=0.0
HEAT_1_DUTY=3

[21:40:11.955 CUBESAT]
TS=1786203536.511
PG_5=1
PG_9=0
PG_12=0
FLT_P2=0
FLT_P3=0
HEAT_1_TEMP=0.0
HEAT_1_DUTY=0

[21:40:13.979 CUBESAT]
TS=1786203538.513
PG_5=1
PG_9=0
PG_12=0
FLT_P2=0
FLT_P3=0
HEAT_1_TEMP=0.0
HEAT_1_DUTY=0

[21:40:15.993 CUBESAT]
TS=1786203540.515
PG_5=1
PG_9=0
PG_12=0
FLT_P2=0
FLT_P3=0
HEAT_1_TEMP=0.0
HEAT_1_DUTY=0

[21:40:18.008 CUBESAT]
TS=1786203542.517
PG_5=1
PG_9=0
PG_12=0
FLT_P2=0
FLT_P3=0
HEAT_1_TEMP=0.0
HEAT_1_DUTY=0

[21:40:20.022 CUBESAT]
TS=1786203544.519
PG_5=1
PG_9=0
PG_12=0
FLT_P2=0
FLT_P3=0
HEAT_1_TEMP=0.0
HEAT_1_DUTY=3

[21:40:22.045 CUBESAT]
TS=1786203546.522
PG_5=1
PG_9=0
PG_12=0
FLT_P2=0
FLT_P3=0
HEAT_1_TEMP=0.0
HEAT_1_DUTY=0

[21:40:24.059 CUBESAT]
TS=1786203548.523
PG_5=1
PG_9=0
PG_12=0
FLT_P2=0
FLT_P3=0
HEAT_1_TEMP=0.0
HEAT_1_DUTY=0

[21:40:25.975 CUBESAT]
TS=1786203550.525
PG_5=1
PG_9=0
PG_12=0
FLT_P2=0
FLT_P3=0
HEAT_1_TEMP=0.0
HEAT_1_DUTY=0

[21:40:27.992 CUBESAT]
TS=1786203552.526
PG_5=1
PG_9=0
PG_12=0
FLT_P2=0
FLT_P3=0
HEAT_1_TEMP=0.0
HEAT_1_DUTY=0

[21:40:30.006 CUBESAT]
TS=1786203554.529
PG_5=1
PG_9=0
PG_12=0
FLT_P2=0
FLT_P3=0
HEAT_1_TEMP=0.0
HEAT_1_DUTY=3

[21:40:32.023 CUBESAT]
TS=1786203556.531
PG_5=1
PG_9=0
PG_12=0
FLT_P2=0
FLT_P3=0
HEAT_1_TEMP=0.0
HEAT_1_DUTY=0

[21:40:34.045 CUBESAT]
TS=1786203558.533
PG_5=1
PG_9=0
PG_12=0
FLT_P2=0
FLT_P3=0
HEAT_1_TEMP=0.0
HEAT_1_DUTY=0

