[21:45:33.950 EBOX]
TS=1786201233.578
V_SENSE5=0.9228515625
V_SENSE9=0.03662109375
V_SENSE12=0.1025390625
ADC_V5=4.9029541015625
ADC_V9=9.5758056640625
ADC_V12=11.65557861328125
ADC_V28=28.13446044921875
THERMAL_SENS_OUT_1=29
THERMAL_SENS_OUT_2=-50
THERMAL_SENS_OUT_3=26
THERMAL_SENS_OUT_4=30
THERMAL_SENS_OUT_5=29
THERMAL_SENS_OUT_6=-50
THERMAL_SENS_INT_1=25
THERMAL_SENS_INT_2=27
PG_5=1
PG_9=0
PG_12=1
FLT_P2=0
FLT_P3=0
HEAT_1_TEMP=29
HEAT_1_DUTY=0
HEAT_1_SP=-20.0
HEAT_2_TEMP=26
HEAT_2_DUTY=0
HEAT_2_SP=-20.0
HEAT_3_TEMP=30
HEAT_3_DUTY=0
HEAT_3_SP=-20.0
HEAT_4_TEMP=29
HEAT_4_DUTY=0
HEAT_4_SP=-20.0

[21:45:35.902 EBOX]
TS=1786201235.581
V_SENSE5=1.0302734375
V_SENSE9=0.0390625
V_SENSE12=0.14404296875
ADC_V5=4.85870361328125
ADC_V9=9.38995361328125
ADC_V12=11.79718017578125
ADC_V28=27.40875244140625
THERMAL_SENS_OUT_1=26
THERMAL_SENS_OUT_2=-50
THERMAL_SENS_OUT_3=25
THERMAL_SENS_OUT_4=30
THERMAL_SENS_OUT_5=28
THERMAL_SENS_OUT_6=-50
THERMAL_SENS_INT_1=26
THERMAL_SENS_INT_2=30
PG_5=1
PG_9=0
PG_12=1
FLT_P2=0
FLT_P3=0
HEAT_1_TEMP=26
HEAT_1_DUTY=0
HEAT_1_SP=-20.0
HEAT_2_TEMP=25
HEAT_2_DUTY=0
HEAT_2_SP=-20.0
HEAT_3_TEMP=30
HEAT_3_DUTY=0
HEAT_3_SP=-20.0
HEAT_4_TEMP=28
HEAT_4_DUTY=0
HEAT_4_SP=-20.0

[21:45:37.359 CUBESAT]
TS=1786203005.025
PG_5=1
PG_9=0
PG_12=0
FLT_P2=0
FLT_P3=0
HEAT_1_TEMP=0.0
HEAT_1_DUTY=0
HEAT_1_SP=-20.0
ENC_RAW=2187
ENC_ANGLE=48.05419921875
ENC_ACCUM=902.6806640625
AUTO_STOP=1
MOTOR_ANGLE=0.004941860465116279
MOTOR_ACCUM=822.5630813953488
MOTOR_ROT=1572

[21:45:38.172 EBOX]
TS=1786201237.597
V_SENSE5=1.13037109375
V_SENSE9=0.0390625
V_SENSE12=0.1171875
ADC_V5=4.9737548828125
ADC_V9=9.24835205078125
ADC_V12=11.646728515625
ADC_V28=27.3114013671875
THERMAL_SENS_OUT_1=25
THERMAL_SENS_OUT_2=-50
THERMAL_SENS_OUT_3=23
THERMAL_SENS_OUT_4=30
THERMAL_SENS_OUT_5=31
THERMAL_SENS_OUT_6=-50
THERMAL_SENS_INT_1=30
THERMAL_SENS_INT_2=28
PG_5=1
PG_9=0
PG_12=1
FLT_P2=0
FLT_P3=0
HEAT_1_TEMP=25
HEAT_1_DUTY=0
HEAT_1_SP=-20.0
HEAT_2_TEMP=23
HEAT_2_DUTY=0
HEAT_2_SP=-20.0
HEAT_3_TEMP=30
HEAT_3_DUTY=0
HEAT_3_SP=-20.0
HEAT_4_TEMP=31
HEAT_4_DUTY=0
HEAT_4_SP=-20.0

[21:45:39.374 CUBESAT]
TS=1786203007.028
PG_5=1
PG_9=0
PG_12=0
FLT_P2=0
FLT_P3=0
HEAT_1_TEMP=0.0
HEAT_1_DUTY=0
HEAT_1_SP=-20.0
ENC_RAW=2189
ENC_ANGLE=48.09814453125
ENC_ACCUM=902.724609375
AUTO_STOP=1
MOTOR_ANGLE=0.004941860465116279
MOTOR_ACCUM=822.5630813953488
MOTOR_ROT=1572

[21:45:39.992 EBOX]
TS=1786201239.584
V_SENSE5=0.91552734375
V_SENSE9=0.0390625
V_SENSE12=0.10498046875
ADC_V5=4.96490478515625
ADC_V9=9.1864013671875
ADC_V12=11.76177978515625
ADC_V28=27.7716064453125
THERMAL_SENS_OUT_1=29
THERMAL_SENS_OUT_2=-50
THERMAL_SENS_OUT_3=25
THERMAL_SENS_OUT_4=29
THERMAL_SENS_OUT_5=27
THERMAL_SENS_OUT_6=-50
THERMAL_SENS_INT_1=29
THERMAL_SENS_INT_2=27
PG_5=1
PG_9=0
PG_12=1
FLT_P2=0
FLT_P3=0
HEAT_1_TEMP=29
HEAT_1_DUTY=0
HEAT_1_SP=-20.0
HEAT_2_TEMP=25
HEAT_2_DUTY=0
HEAT_2_SP=-20.0
HEAT_3_TEMP=29
HEAT_3_DUTY=0
HEAT_3_SP=-20.0
HEAT_4_TEMP=27
HEAT_4_DUTY=0
HEAT_4_SP=-20.0

[21:45:41.289 CUBESAT]
TS=1786203009.031
PG_5=1
PG_9=0
PG_12=0
FLT_P2=0
FLT_P3=0
HEAT_1_TEMP=0.0
HEAT_1_DUTY=0
HEAT_1_SP=-20.0
ENC_RAW=2190
ENC_ANGLE=48.1201171875
ENC_ACCUM=902.74658203125
AUTO_STOP=1
MOTOR_ANGLE=0.004941860465116279
MOTOR_ACCUM=822.5630813953488
MOTOR_ROT=1572

[21:45:42.011 EBOX]
TS=1786201241.592
V_SENSE5=0.93505859375
V_SENSE9=0.0390625
V_SENSE12=0.1220703125
ADC_V5=5.00030517578125
ADC_V9=9.17755126953125
ADC_V12=11.90338134765625
ADC_V28=27.58575439453125
THERMAL_SENS_OUT_1=26
THERMAL_SENS_OUT_2=-50
THERMAL_SENS_OUT_3=24
THERMAL_SENS_OUT_4=25
THERMAL_SENS_OUT_5=30
THERMAL_SENS_OUT_6=-50
THERMAL_SENS_INT_1=27
THERMAL_SENS_INT_2=29
PG_5=1
PG_9=0
PG_12=1
FLT_P2=0
FLT_P3=0
HEAT_1_TEMP=26
HEAT_1_DUTY=0
HEAT_1_SP=-20.0
HEAT_2_TEMP=24
HEAT_2_DUTY=0
HEAT_2_SP=-20.0
HEAT_3_TEMP=25
HEAT_3_DUTY=0
HEAT_3_SP=-20.0
HEAT_4_TEMP=30
HEAT_4_DUTY=0
HEAT_4_SP=-20.0

[21:45:43.304 CUBESAT]
TS=1786203011.034
PG_5=1
PG_9=0
PG_12=0
FLT_P2=0
FLT_P3=0
HEAT_1_TEMP=0.0
HEAT_1_DUTY=10
HEAT_1_SP=-20.0
ENC_RAW=2191
ENC_ANGLE=48.14208984375
ENC_ACCUM=902.7685546875
AUTO_STOP=1
MOTOR_ANGLE=0.004941860465116279
MOTOR_ACCUM=822.5630813953488
MOTOR_ROT=1572

[21:45:43.928 EBOX]
TS=1786201243.588
V_SENSE5=0.94970703125
V_SENSE9=0.03662109375
V_SENSE12=0.146484375
ADC_V5=4.91180419921875
ADC_V9=9.41650390625
ADC_V12=11.611328125
ADC_V28=28.06365966796875
THERMAL_SENS_OUT_1=29
THERMAL_SENS_OUT_2=-50
THERMAL_SENS_OUT_3=26
THERMAL_SENS_OUT_4=30
THERMAL_SENS_OUT_5=27
THERMAL_SENS_OUT_6=-50
THERMAL_SENS_INT_1=25
THERMAL_SENS_INT_2=30
PG_5=1
PG_9=0
PG_12=1
FLT_P2=0
FLT_P3=0
HEAT_1_TEMP=29
HEAT_1_DUTY=0
HEAT_1_SP=-20.0
HEAT_2_TEMP=26
HEAT_2_DUTY=0
HEAT_2_SP=-20.0
HEAT_3_TEMP=30
HEAT_3_DUTY=0
HEAT_3_SP=-20.0
HEAT_4_TEMP=27
HEAT_4_DUTY=0
HEAT_4_SP=-20.0

[21:45:45.317 CUBESAT]
TS=1786203013.035
PG_5=1
PG_9=0
PG_12=0
FLT_P2=0
FLT_P3=0
HEAT_1_TEMP=0.0
HEAT_1_DUTY=0
HEAT_1_SP=-20.0
ENC_RAW=2194
ENC_ANGLE=48.2080078125
ENC_ACCUM=902.83447265625
AUTO_STOP=1
MOTOR_ANGLE=0.004941860465116279
MOTOR_ACCUM=822.5630813953488
MOTOR_ROT=1572

[21:45:46.045 EBOX]
TS=1786201245.591
V_SENSE5=1.24267578125
V_SENSE9=0.0390625
V_SENSE12=0.10498046875
ADC_V5=4.84100341796875
ADC_V9=9.4342041015625
ADC_V12=11.5936279296875
ADC_V28=28.04595947265625
THERMAL_SENS_OUT_1=30
THERMAL_SENS_OUT_2=-50
THERMAL_SENS_OUT_3=29
THERMAL_SENS_OUT_4=26
THERMAL_SENS_OUT_5=33
THERMAL_SENS_OUT_6=-50
THERMAL_SENS_INT_1=24
THERMAL_SENS_INT_2=26
PG_5=1
PG_9=0
PG_12=1
FLT_P2=0
FLT_P3=0
HEAT_1_TEMP=30
HEAT_1_DUTY=0
HEAT_1_SP=-20.0
HEAT_2_TEMP=29
HEAT_2_DUTY=0
HEAT_2_SP=-20.0
HEAT_3_TEMP=26
HEAT_3_DUTY=0
HEAT_3_SP=-20.0
HEAT_4_TEMP=33
HEAT_4_DUTY=0
HEAT_4_SP=-20.0

[21:45:47.632 CUBESAT]
TS=1786203015.038
PG_5=1
PG_9=0
PG_12=0
FLT_P2=0
FLT_P3=0
HEAT_1_TEMP=0.0
HEAT_1_DUTY=0
HEAT_1_SP=-20.0
ENC_RAW=2193
ENC_ANGLE=48.18603515625
ENC_ACCUM=902.8125
AUTO_STOP=1
MOTOR_ANGLE=0.004941860465116279
MOTOR_ACCUM=822.5630813953488
MOTOR_ROT=1572

[21:45:47.961 EBOX]
TS=1786201247.592
V_SENSE5=1.03271484375
V_SENSE9=0.0390625
V_SENSE12=0.12451171875
ADC_V5=4.920654296875
ADC_V9=9.38995361328125
ADC_V12=11.58477783203125
ADC_V28=28.02825927734375
THERMAL_SENS_OUT_1=27
THERMAL_SENS_OUT_2=-50
THERMAL_SENS_OUT_3=25
THERMAL_SENS_OUT_4=30
THERMAL_SENS_OUT_5=28
THERMAL_SENS_OUT_6=-50
THERMAL_SENS_INT_1=25
THERMAL_SENS_INT_2=29
PG_5=1
PG_9=0
PG_12=1
FLT_P2=0
FLT_P3=0
HEAT_1_TEMP=27
HEAT_1_DUTY=0
HEAT_1_SP=-20.0
HEAT_2_TEMP=25
HEAT_2_DUTY=0
HEAT_2_SP=-20.0
HEAT_3_TEMP=30
HEAT_3_DUTY=0
HEAT_3_SP=-20.0
HEAT_4_TEMP=28
HEAT_4_DUTY=0
HEAT_4_SP=-20.0

[21:45:49.342 CUBESAT]
TS=1786203017.041
PG_5=1
PG_9=0
PG_12=0
FLT_P2=0
FLT_P3=0
HEAT_1_TEMP=0.0
HEAT_1_DUTY=0
HEAT_1_SP=-20.0
ENC_RAW=2194
ENC_ANGLE=48.2080078125
ENC_ACCUM=902.83447265625
AUTO_STOP=1
MOTOR_ANGLE=0.004941860465116279
MOTOR_ACCUM=822.5630813953488
MOTOR_ROT=1572

[21:45:49.978 EBOX]
TS=1786201249.594
V_SENSE5=0.89599609375
V_SENSE9=0.09521484375
V_SENSE12=0.1025390625
ADC_V5=4.88525390625
ADC_V9=9.451904296875
ADC_V12=11.575927734375
ADC_V28=27.4884033203125
THERMAL_SENS_OUT_1=25
THERMAL_SENS_OUT_2=-50
THERMAL_SENS_OUT_3=29
THERMAL_SENS_OUT_4=26
THERMAL_SENS_OUT_5=31
THERMAL_SENS_OUT_6=-50
THERMAL_SENS_INT_1=28
THERMAL_SENS_INT_2=29
PG_5=1
PG_9=0
PG_12=1
FLT_P2=0
FLT_P3=0
HEAT_1_TEMP=25
HEAT_1_DUTY=0
HEAT_1_SP=-20.0
HEAT_2_TEMP=29
HEAT_2_DUTY=0
HEAT_2_SP=-20.0
HEAT_3_TEMP=26
HEAT_3_DUTY=0
HEAT_3_SP=-20.0
HEAT_4_TEMP=31
HEAT_4_DUTY=0
HEAT_4_SP=-20.0

[21:45:51.358 CUBESAT]
TS=1786203019.044
PG_5=1
PG_9=0
PG_12=0
FLT_P2=0
FLT_P3=0
HEAT_1_TEMP=0.0
HEAT_1_DUTY=0
HEAT_1_SP=-20.0
ENC_RAW=2193
ENC_ANGLE=48.18603515625
ENC_ACCUM=902.8125
AUTO_STOP=1
MOTOR_ANGLE=0.004941860465116279
MOTOR_ACCUM=822.5630813953488
MOTOR_ROT=1572

[21:45:52.000 EBOX]
TS=1786201251.612
V_SENSE5=0.85205078125
V_SENSE9=0.03662109375
V_SENSE12=0.126953125
ADC_V5=4.94720458984375
ADC_V9=9.19525146484375
ADC_V12=11.8768310546875
ADC_V28=28.08135986328125
THERMAL_SENS_OUT_1=29
THERMAL_SENS_OUT_2=-50
THERMAL_SENS_OUT_3=28
THERMAL_SENS_OUT_4=29
THERMAL_SENS_OUT_5=32
THERMAL_SENS_OUT_6=-50
THERMAL_SENS_INT_1=31
THERMAL_SENS_INT_2=32
PG_5=1
PG_9=0
PG_12=1
FLT_P2=0
FLT_P3=0
HEAT_1_TEMP=29
HEAT_1_DUTY=0
HEAT_1_SP=-20.0
HEAT_2_TEMP=28
HEAT_2_DUTY=0
HEAT_2_SP=-20.0
HEAT_3_TEMP=29
HEAT_3_DUTY=0
HEAT_3_SP=-20.0
HEAT_4_TEMP=32
HEAT_4_DUTY=0
HEAT_4_SP=-20.0

[21:45:53.573 CUBESAT]
TS=1786203021.048
PG_5=1
PG_9=0
PG_12=0
FLT_P2=0
FLT_P3=0
HEAT_1_TEMP=0.0
HEAT_1_DUTY=10
HEAT_1_SP=-20.0
ENC_RAW=2196
ENC_ANGLE=48.251953125
ENC_ACCUM=902.87841796875
AUTO_STOP=1
MOTOR_ANGLE=0.004941860465116279
MOTOR_ACCUM=822.5630813953488
MOTOR_ROT=1572

[21:45:54.024 EBOX]
TS=1786201253.599
V_SENSE5=0.90576171875
V_SENSE9=0.03662109375
V_SENSE12=0.1318359375
ADC_V5=4.9737548828125
ADC_V9=9.28375244140625
ADC_V12=11.7352294921875
ADC_V28=27.789306640625
THERMAL_SENS_OUT_1=26
THERMAL_SENS_OUT_2=-50
THERMAL_SENS_OUT_3=28
THERMAL_SENS_OUT_4=27
THERMAL_SENS_OUT_5=27
THERMAL_SENS_OUT_6=-50
THERMAL_SENS_INT_1=27
THERMAL_SENS_INT_2=28
PG_5=1
PG_9=0
PG_12=1
FLT_P2=0
FLT_P3=0
HEAT_1_TEMP=26
HEAT_1_DUTY=0
HEAT_1_SP=-20.0
HEAT_2_TEMP=28
HEAT_2_DUTY=0
HEAT_2_SP=-20.0
HEAT_3_TEMP=27
HEAT_3_DUTY=0
HEAT_3_SP=-20.0
HEAT_4_TEMP=27
HEAT_4_DUTY=0
HEAT_4_SP=-20.0

[21:45:55.389 CUBESAT]
TS=1786203023.051
PG_5=1
PG_9=0
PG_12=0
FLT_P2=0
FLT_P3=0
HEAT_1_TEMP=0.0
HEAT_1_DUTY=0
HEAT_1_SP=-20.0
ENC_RAW=2192
ENC_ANGLE=48.1640625
ENC_ACCUM=902.79052734375
AUTO_STOP=1
MOTOR_ANGLE=0.004941860465116279
MOTOR_ACCUM=822.5630813953488
MOTOR_ROT=1572

[21:45:55.961 EBOX]
TS=1786201255.617
V_SENSE5=0.8544921875
V_SENSE9=0.0341796875
V_SENSE12=0.1318359375
ADC_V5=5.01800537109375
ADC_V9=9.35455322265625
ADC_V12=11.77947998046875
ADC_V28=27.930908203125
THERMAL_SENS_OUT_1=28
THERMAL_SENS_OUT_2=-50
THERMAL_SENS_OUT_3=28
THERMAL_SENS_OUT_4=25
THERMAL_SENS_OUT_5=26
THERMAL_SENS_OUT_6=-50
THERMAL_SENS_INT_1=25
THERMAL_SENS_INT_2=29
PG_5=1
PG_9=0
PG_12=1
FLT_P2=0
FLT_P3=0
HEAT_1_TEMP=28
HEAT_1_DUTY=0
HEAT_1_SP=-20.0
HEAT_2_TEMP=28
HEAT_2_DUTY=0
HEAT_2_SP=-20.0
HEAT_3_TEMP=25
HEAT_3_DUTY=0
HEAT_3_SP=-20.0
HEAT_4_TEMP=26
HEAT_4_DUTY=0
HEAT_4_SP=-20.0

[21:45:57.403 CUBESAT]
TS=1786203025.054
PG_5=1
PG_9=0
PG_12=0
FLT_P2=0
FLT_P3=0
HEAT_1_TEMP=0.0
HEAT_1_DUTY=0
HEAT_1_SP=-20.0
ENC_RAW=2197
ENC_ANGLE=48.27392578125
ENC_ACCUM=902.900390625
AUTO_STOP=1
MOTOR_ANGLE=0.004941860465116279
MOTOR_ACCUM=822.5630813953488
MOTOR_ROT=1572

[21:45:58.284 EBOX]
TS=1786201257.604
V_SENSE5=1.2060546875
V_SENSE9=0.03662109375
V_SENSE12=0.13671875
ADC_V5=4.9383544921875
ADC_V9=9.345703125
ADC_V12=11.859130859375
ADC_V28=27.76275634765625
THERMAL_SENS_OUT_1=29
THERMAL_SENS_OUT_2=-50
THERMAL_SENS_OUT_3=26
THERMAL_SENS_OUT_4=25
THERMAL_SENS_OUT_5=28
THERMAL_SENS_OUT_6=-50
THERMAL_SENS_INT_1=27
THERMAL_SENS_INT_2=30
PG_5=1
PG_9=0
PG_12=1
FLT_P2=0
FLT_P3=0
HEAT_1_TEMP=29
HEAT_1_DUTY=0
HEAT_1_SP=-20.0
HEAT_2_TEMP=26
HEAT_2_DUTY=0
HEAT_2_SP=-20.0
HEAT_3_TEMP=25
HEAT_3_DUTY=0
HEAT_3_SP=-20.0
HEAT_4_TEMP=28
HEAT_4_DUTY=0
HEAT_4_SP=-20.0

[21:45:59.619 CUBESAT]
TS=1786203027.058
PG_5=1
PG_9=0
PG_12=0
FLT_P2=0
FLT_P3=0
HEAT_1_TEMP=0.0
HEAT_1_DUTY=10
HEAT_1_SP=-20.0
ENC_RAW=2196
ENC_ANGLE=48.251953125
ENC_ACCUM=902.87841796875
AUTO_STOP=1
MOTOR_ANGLE=0.004941860465116279
MOTOR_ACCUM=822.5630813953488
MOTOR_ROT=1572

[21:46:00.000 EBOX]
TS=1786201259.606
V_SENSE5=0.91796875
V_SENSE9=0.07568359375
V_SENSE12=0.12451171875
ADC_V5=4.920654296875
ADC_V9=9.28375244140625
ADC_V12=11.929931640625
ADC_V28=28.13446044921875
THERMAL_SENS_OUT_1=29
THERMAL_SENS_OUT_2=-50
THERMAL_SENS_OUT_3=25
THERMAL_SENS_OUT_4=26
THERMAL_SENS_OUT_5=29
THERMAL_SENS_OUT_6=-50
THERMAL_SENS_INT_1=27
THERMAL_SENS_INT_2=29
PG_5=1
PG_9=0
PG_12=1
FLT_P2=0
FLT_P3=0
HEAT_1_TEMP=29
HEAT_1_DUTY=0
HEAT_1_SP=-20.0
HEAT_2_TEMP=25
HEAT_2_DUTY=0
HEAT_2_SP=-20.0
HEAT_3_TEMP=26
HEAT_3_DUTY=0
HEAT_3_SP=-20.0
HEAT_4_TEMP=29
HEAT_4_DUTY=0
HEAT_4_SP=-20.0

[21:46:02.020 EBOX]
TS=1786201261.607
V_SENSE5=0.91064453125
V_SENSE9=0.0341796875
V_SENSE12=0.1220703125
ADC_V5=4.9737548828125
ADC_V9=9.097900390625
ADC_V12=11.81488037109375
ADC_V28=27.26715087890625
THERMAL_SENS_OUT_1=26
THERMAL_SENS_OUT_2=-50
THERMAL_SENS_OUT_3=24
THERMAL_SENS_OUT_4=28
THERMAL_SENS_OUT_5=29
THERMAL_SENS_OUT_6=-50
THERMAL_SENS_INT_1=28
THERMAL_SENS_INT_2=27
PG_5=1
PG_9=0
PG_12=1
FLT_P2=0
FLT_P3=0
HEAT_1_TEMP=26
HEAT_1_DUTY=0
HEAT_1_SP=-20.0
HEAT_2_TEMP=24
HEAT_2_DUTY=0
HEAT_2_SP=-20.0
HEAT_3_TEMP=28
HEAT_3_DUTY=0
HEAT_3_SP=-20.0
HEAT_4_TEMP=29
HEAT_4_DUTY=0
HEAT_4_SP=-20.0

[21:46:02.137 CUBESAT]
TS=1786203029.061
PG_5=1
PG_9=0
PG_12=0
FLT_P2=0
FLT_P3=0
HEAT_1_TEMP=0.0
HEAT_1_DUTY=0
HEAT_1_SP=-20.0
ENC_RAW=2194
ENC_ANGLE=48.2080078125
ENC_ACCUM=902.83447265625
AUTO_STOP=1
MOTOR_ANGLE=0.004941860465116279
MOTOR_ACCUM=822.5630813953488
MOTOR_ROT=1572

[21:46:03.649 CUBESAT]
TS=1786203031.064
PG_5=1
PG_9=0
PG_12=0
FLT_P2=0
FLT_P3=0
HEAT_1_TEMP=0.0
HEAT_1_DUTY=0
HEAT_1_SP=-20.0
ENC_RAW=2197
ENC_ANGLE=48.27392578125
ENC_ACCUM=902.900390625
AUTO_STOP=1
MOTOR_ANGLE=0.004941860465116279
MOTOR_ACCUM=822.5630813953488
MOTOR_ROT=1572

[21:46:04.038 EBOX]
TS=1786201263.608
V_SENSE5=0.91064453125
V_SENSE9=0.04150390625
V_SENSE12=0.1025390625
ADC_V5=4.9737548828125
ADC_V9=9.097900390625
ADC_V12=11.54937744140625
ADC_V28=27.5592041015625
THERMAL_SENS_OUT_1=28
THERMAL_SENS_OUT_2=-50
THERMAL_SENS_OUT_3=27
THERMAL_SENS_OUT_4=27
THERMAL_SENS_OUT_5=32
THERMAL_SENS_OUT_6=-50
THERMAL_SENS_INT_1=30
THERMAL_SENS_INT_2=28
PG_5=1
PG_9=0
PG_12=1
FLT_P2=0
FLT_P3=0
HEAT_1_TEMP=28
HEAT_1_DUTY=0
HEAT_1_SP=-20.0
HEAT_2_TEMP=27
HEAT_2_DUTY=0
HEAT_2_SP=-20.0
HEAT_3_TEMP=27
HEAT_3_DUTY=0
HEAT_3_SP=-20.0
HEAT_4_TEMP=32
HEAT_4_DUTY=0
HEAT_4_SP=-20.0

[21:46:05.360 CUBESAT]
TS=1786203033.065
PG_5=1
PG_9=0
PG_12=0
FLT_P2=0
FLT_P3=0
HEAT_1_TEMP=0.0
HEAT_1_DUTY=0
HEAT_1_SP=-20.0
ENC_RAW=2195
ENC_ANGLE=48.22998046875
ENC_ACCUM=902.8564453125
AUTO_STOP=1
MOTOR_ANGLE=0.004941860465116279
MOTOR_ACCUM=822.5630813953488
MOTOR_ROT=1572

[21:46:06.058 EBOX]
TS=1786201265.617
V_SENSE5=0.849609375
V_SENSE9=0.0341796875
V_SENSE12=0.107421875
ADC_V5=4.91180419921875
ADC_V9=9.1156005859375
ADC_V12=11.7706298828125
ADC_V28=27.70965576171875
THERMAL_SENS_OUT_1=28
THERMAL_SENS_OUT_2=-50
THERMAL_SENS_OUT_3=29
THERMAL_SENS_OUT_4=28
THERMAL_SENS_OUT_5=27
THERMAL_SENS_OUT_6=-50
THERMAL_SENS_INT_1=28
THERMAL_SENS_INT_2=27
PG_5=1
PG_9=0
PG_12=1
FLT_P2=0
FLT_P3=0
HEAT_1_TEMP=28
HEAT_1_DUTY=0
HEAT_1_SP=-20.0
HEAT_2_TEMP=29
HEAT_2_DUTY=0
HEAT_2_SP=-20.0
HEAT_3_TEMP=28
HEAT_3_DUTY=0
HEAT_3_SP=-20.0
HEAT_4_TEMP=27
HEAT_4_DUTY=0
HEAT_4_SP=-20.0

[21:46:07.372 CUBESAT]
TS=1786203035.068
PG_5=1
PG_9=0
PG_12=0
FLT_P2=0
FLT_P3=0
HEAT_1_TEMP=0.0
HEAT_1_DUTY=0
HEAT_1_SP=-20.0
ENC_RAW=2193
ENC_ANGLE=48.18603515625
ENC_ACCUM=902.8125
AUTO_STOP=1
MOTOR_ANGLE=0.004941860465116279
MOTOR_ACCUM=822.5630813953488
MOTOR_ROT=1572

[21:46:07.978 EBOX]
TS=1786201267.613
V_SENSE5=0.9033203125
V_SENSE9=0.0390625
V_SENSE12=0.10009765625
ADC_V5=4.87640380859375
ADC_V9=9.21295166015625
ADC_V12=11.77947998046875
ADC_V28=27.99285888671875
THERMAL_SENS_OUT_1=25
THERMAL_SENS_OUT_2=-50
THERMAL_SENS_OUT_3=25
THERMAL_SENS_OUT_4=27
THERMAL_SENS_OUT_5=31
THERMAL_SENS_OUT_6=-50
THERMAL_SENS_INT_1=29
THERMAL_SENS_INT_2=30
PG_5=1
PG_9=0
PG_12=1
FLT_P2=0
FLT_P3=0
HEAT_1_TEMP=25
HEAT_1_DUTY=0
HEAT_1_SP=-20.0
HEAT_2_TEMP=25
HEAT_2_DUTY=0
HEAT_2_SP=-20.0
HEAT_3_TEMP=27
HEAT_3_DUTY=0
HEAT_3_SP=-20.0
HEAT_4_TEMP=31
HEAT_4_DUTY=0
HEAT_4_SP=-20.0

[21:46:09.589 CUBESAT]
TS=1786203037.071
PG_5=1
PG_9=0
PG_12=0
FLT_P2=0
FLT_P3=0
HEAT_1_TEMP=0.0
HEAT_1_DUTY=10
HEAT_1_SP=-20.0
ENC_RAW=2191
ENC_ANGLE=48.14208984375
ENC_ACCUM=902.7685546875
AUTO_STOP=1
MOTOR_ANGLE=0.004941860465116279
MOTOR_ACCUM=822.5630813953488
MOTOR_ROT=1572

[21:46:10.304 EBOX]
TS=1786201269.620
V_SENSE5=1.1279296875
V_SENSE9=0.0341796875
V_SENSE12=0.11962890625
ADC_V5=5.00030517578125
ADC_V9=9.0093994140625
ADC_V12=11.9122314453125
ADC_V28=27.47955322265625
THERMAL_SENS_OUT_1=26
THERMAL_SENS_OUT_2=-50
THERMAL_SENS_OUT_3=26
THERMAL_SENS_OUT_4=31
THERMAL_SENS_OUT_5=29
THERMAL_SENS_OUT_6=-50
THERMAL_SENS_INT_1=27
THERMAL_SENS_INT_2=26
PG_5=1
PG_9=0
PG_12=1
FLT_P2=0
FLT_P3=0
HEAT_1_TEMP=26
HEAT_1_DUTY=0
HEAT_1_SP=-20.0
HEAT_2_TEMP=26
HEAT_2_DUTY=0
HEAT_2_SP=-20.0
HEAT_3_TEMP=31
HEAT_3_DUTY=0
HEAT_3_SP=-20.0
HEAT_4_TEMP=29
HEAT_4_DUTY=0
HEAT_4_SP=-20.0

[21:46:11.412 CUBESAT]
TS=1786203039.075
PG_5=1
PG_9=0
PG_12=0
FLT_P2=0
FLT_P3=0
HEAT_1_TEMP=0.0
HEAT_1_DUTY=0
HEAT_1_SP=-20.0
ENC_RAW=2190
ENC_ANGLE=48.1201171875
ENC_ACCUM=902.74658203125
AUTO_STOP=1
MOTOR_ANGLE=0.004941860465116279
MOTOR_ACCUM=822.5630813953488
MOTOR_ROT=1572

[21:46:12.328 EBOX]
TS=1786201271.624
V_SENSE5=1.17431640625
V_SENSE9=0.0390625
V_SENSE12=0.126953125
ADC_V5=4.9737548828125
ADC_V9=8.9031982421875
ADC_V12=11.79718017578125
ADC_V28=28.08135986328125
THERMAL_SENS_OUT_1=25
THERMAL_SENS_OUT_2=-50
THERMAL_SENS_OUT_3=25
THERMAL_SENS_OUT_4=30
THERMAL_SENS_OUT_5=28
THERMAL_SENS_OUT_6=-50
THERMAL_SENS_INT_1=27
THERMAL_SENS_INT_2=26
PG_5=1
PG_9=0
PG_12=1
FLT_P2=0
FLT_P3=0
HEAT_1_TEMP=25
HEAT_1_DUTY=0
HEAT_1_SP=-20.0
HEAT_2_TEMP=25
HEAT_2_DUTY=0
HEAT_2_SP=-20.0
HEAT_3_TEMP=30
HEAT_3_DUTY=0
HEAT_3_SP=-20.0
HEAT_4_TEMP=28
HEAT_4_DUTY=0
HEAT_4_SP=-20.0

[21:46:13.336 CUBESAT]
TS=1786203041.078
PG_5=1
PG_9=0
PG_12=0
FLT_P2=0
FLT_P3=0
HEAT_1_TEMP=0.0
HEAT_1_DUTY=0
HEAT_1_SP=-20.0
ENC_RAW=2194
ENC_ANGLE=48.2080078125
ENC_ACCUM=902.83447265625
AUTO_STOP=1
MOTOR_ANGLE=0.004941860465116279
MOTOR_ACCUM=822.5630813953488
MOTOR_ROT=1572

[21:46:14.046 EBOX]
TS=1786201273.639
V_SENSE5=1.12548828125
V_SENSE9=0.04150390625
V_SENSE12=0.146484375
ADC_V5=5.00030517578125
ADC_V9=9.097900390625
ADC_V12=11.92108154296875
ADC_V28=27.152099609375
THERMAL_SENS_OUT_1=32
THERMAL_SENS_OUT_2=-50
THERMAL_SENS_OUT_3=31
THERMAL_SENS_OUT_4=31
THERMAL_SENS_OUT_5=33
THERMAL_SENS_OUT_6=-50
THERMAL_SENS_INT_1=30
THERMAL_SENS_INT_2=26
PG_5=1
PG_9=0
PG_12=1
FLT_P2=0
FLT_P3=0
HEAT_1_TEMP=32
HEAT_1_DUTY=0
HEAT_1_SP=-20.0
HEAT_2_TEMP=31
HEAT_2_DUTY=0
HEAT_2_SP=-20.0
HEAT_3_TEMP=31
HEAT_3_DUTY=0
HEAT_3_SP=-20.0
HEAT_4_TEMP=33
HEAT_4_DUTY=0
HEAT_4_SP=-20.0

[21:46:15.355 CUBESAT]
TS=1786203043.081
PG_5=1
PG_9=0
PG_12=0
FLT_P2=0
FLT_P3=0
HEAT_1_TEMP=0.0
HEAT_1_DUTY=0
HEAT_1_SP=-20.0
ENC_RAW=2190
ENC_ANGLE=48.1201171875
ENC_ACCUM=902.74658203125
AUTO_STOP=1
MOTOR_ANGLE=0.004941860465116279
MOTOR_ACCUM=822.5630813953488
MOTOR_ROT=1572

[21:46:16.066 EBOX]
TS=1786201275.629
V_SENSE5=1.19384765625
V_SENSE9=0.0390625
V_SENSE12=0.126953125
ADC_V5=5.08880615234375
ADC_V9=9.41650390625
ADC_V12=11.76177978515625
ADC_V28=28.01055908203125
THERMAL_SENS_OUT_1=30
THERMAL_SENS_OUT_2=-50
THERMAL_SENS_OUT_3=29
THERMAL_SENS_OUT_4=25
THERMAL_SENS_OUT_5=29
THERMAL_SENS_OUT_6=-50
THERMAL_SENS_INT_1=25
THERMAL_SENS_INT_2=30
PG_5=1
PG_9=0
PG_12=1
FLT_P2=0
FLT_P3=0
HEAT_1_TEMP=30
HEAT_1_DUTY=0
HEAT_1_SP=-20.0
HEAT_2_TEMP=29
HEAT_2_DUTY=0
HEAT_2_SP=-20.0
HEAT_3_TEMP=25
HEAT_3_DUTY=0
HEAT_3_SP=-20.0
HEAT_4_TEMP=29
HEAT_4_DUTY=0
HEAT_4_SP=-20.0

[21:46:17.375 CUBESAT]
TS=1786203045.085
PG_5=1
PG_9=0
PG_12=0
FLT_P2=0
FLT_P3=0
HEAT_1_TEMP=0.0
HEAT_1_DUTY=0
HEAT_1_SP=-20.0
ENC_RAW=2186
ENC_ANGLE=48.0322265625
ENC_ACCUM=902.65869140625
AUTO_STOP=1
MOTOR_ANGLE=0.004941860465116279
MOTOR_ACCUM=822.5630813953488
MOTOR_ROT=1572

[21:46:17.990 EBOX]
TS=1786201277.630
V_SENSE5=1.18896484375
V_SENSE9=0.03662109375
V_SENSE12=0.10986328125
ADC_V5=5.0091552734375
ADC_V9=9.451904296875
ADC_V12=11.788330078125
ADC_V28=27.8070068359375
THERMAL_SENS_OUT_1=29
THERMAL_SENS_OUT_2=-50
THERMAL_SENS_OUT_3=26
THERMAL_SENS_OUT_4=27
THERMAL_SENS_OUT_5=32
THERMAL_SENS_OUT_6=-50
THERMAL_SENS_INT_1=29
THERMAL_SENS_INT_2=26
PG_5=1
PG_9=0
PG_12=1
FLT_P2=0
FLT_P3=0
HEAT_1_TEMP=29
HEAT_1_DUTY=0
HEAT_1_SP=-20.0
HEAT_2_TEMP=26
HEAT_2_DUTY=0
HEAT_2_SP=-20.0
HEAT_3_TEMP=27
HEAT_3_DUTY=0
HEAT_3_SP=-20.0
HEAT_4_TEMP=32
HEAT_4_DUTY=0
HEAT_4_SP=-20.0

[21:46:19.403 CUBESAT]
TS=1786203047.088
PG_5=1
PG_9=0
PG_12=0
FLT_P2=0
FLT_P3=0
HEAT_1_TEMP=0.0
HEAT_1_DUTY=10
HEAT_1_SP=-20.0
ENC_RAW=2187
ENC_ANGLE=48.05419921875
ENC_ACCUM=902.6806640625
AUTO_STOP=1
MOTOR_ANGLE=0.004941860465116279
MOTOR_ACCUM=822.5630813953488
MOTOR_ROT=1572

[21:46:20.615 EBOX]
TS=1786201279.631
V_SENSE5=0.97412109375
V_SENSE9=0.0390625
V_SENSE12=0.0927734375
ADC_V5=4.849853515625
ADC_V9=9.46075439453125
ADC_V12=11.82373046875
ADC_V28=27.576904296875
THERMAL_SENS_OUT_1=31
THERMAL_SENS_OUT_2=-50
THERMAL_SENS_OUT_3=26
THERMAL_SENS_OUT_4=29
THERMAL_SENS_OUT_5=28
THERMAL_SENS_OUT_6=-50
THERMAL_SENS_INT_1=25
THERMAL_SENS_INT_2=31
PG_5=1
PG_9=0
PG_12=1
FLT_P2=0
FLT_P3=0
HEAT_1_TEMP=31
HEAT_1_DUTY=0
HEAT_1_SP=-20.0
HEAT_2_TEMP=26
HEAT_2_DUTY=0
HEAT_2_SP=-20.0
HEAT_3_TEMP=29
HEAT_3_DUTY=0
HEAT_3_SP=-20.0
HEAT_4_TEMP=28
HEAT_4_DUTY=0
HEAT_4_SP=-20.0

[21:46:21.421 CUBESAT]
TS=1786203049.095
PG_5=1
PG_9=0
PG_12=0
FLT_P2=0
FLT_P3=0
HEAT_1_TEMP=0.0
HEAT_1_DUTY=0
HEAT_1_SP=-20.0
ENC_RAW=2190
ENC_ANGLE=48.1201171875
ENC_ACCUM=902.74658203125
AUTO_STOP=1
MOTOR_ANGLE=0.004941860465116279
MOTOR_ACCUM=822.5630813953488
MOTOR_ROT=1572

[21:46:22.645 EBOX]
TS=1786201281.644
V_SENSE5=0.83984375
V_SENSE9=0.0390625
V_SENSE12=0.13671875
ADC_V5=4.8675537109375
ADC_V9=9.37225341796875
ADC_V12=11.505126953125
ADC_V28=27.9132080078125
THERMAL_SENS_OUT_1=28
THERMAL_SENS_OUT_2=-50
THERMAL_SENS_OUT_3=25
THERMAL_SENS_OUT_4=29
THERMAL_SENS_OUT_5=33
THERMAL_SENS_OUT_6=-50
THERMAL_SENS_INT_1=29
THERMAL_SENS_INT_2=26
PG_5=1
PG_9=0
PG_12=1
FLT_P2=0
FLT_P3=0
HEAT_1_TEMP=28
HEAT_1_DUTY=0
HEAT_1_SP=-20.0
HEAT_2_TEMP=25
HEAT_2_DUTY=0
HEAT_2_SP=-20.0
HEAT_3_TEMP=29
HEAT_3_DUTY=0
HEAT_3_SP=-20.0
HEAT_4_TEMP=33
HEAT_4_DUTY=0
HEAT_4_SP=-20.0

[21:46:23.655 CUBESAT]
TS=1786203051.096
PG_5=1
PG_9=0
PG_12=0
FLT_P2=0
FLT_P3=0
HEAT_1_TEMP=0.0
HEAT_1_DUTY=0
HEAT_1_SP=-20.0
ENC_RAW=2189
ENC_ANGLE=48.09814453125
ENC_ACCUM=902.724609375
AUTO_STOP=1
MOTOR_ANGLE=0.004941860465116279
MOTOR_ACCUM=822.5630813953488
MOTOR_ROT=1572

[21:46:24.063 EBOX]
TS=1786201283.637
V_SENSE5=0.9765625
V_SENSE9=0.05615234375
V_SENSE12=0.126953125
ADC_V5=5.0091552734375
ADC_V9=9.46075439453125
ADC_V12=11.72637939453125
ADC_V28=28.13446044921875
THERMAL_SENS_OUT_1=27
THERMAL_SENS_OUT_2=-50
THERMAL_SENS_OUT_3=25
THERMAL_SENS_OUT_4=30
THERMAL_SENS_OUT_5=28
THERMAL_SENS_OUT_6=-50
THERMAL_SENS_INT_1=26
THERMAL_SENS_INT_2=30
PG_5=1
PG_9=0
PG_12=1
FLT_P2=0
FLT_P3=0
HEAT_1_TEMP=27
HEAT_1_DUTY=0
HEAT_1_SP=-20.0
HEAT_2_TEMP=25
HEAT_2_DUTY=0
HEAT_2_SP=-20.0
HEAT_3_TEMP=30
HEAT_3_DUTY=0
HEAT_3_SP=-20.0
HEAT_4_TEMP=28
HEAT_4_DUTY=0
HEAT_4_SP=-20.0

[21:46:25.373 CUBESAT]
TS=1786203053.098
PG_5=1
PG_9=0
PG_12=0
FLT_P2=0
FLT_P3=0
HEAT_1_TEMP=0.0
HEAT_1_DUTY=10
HEAT_1_SP=-20.0
ENC_RAW=2188
ENC_ANGLE=48.076171875
ENC_ACCUM=902.70263671875
AUTO_STOP=1
MOTOR_ANGLE=0.004941860465116279
MOTOR_ACCUM=822.5630813953488
MOTOR_ROT=1572

[21:46:26.088 EBOX]
TS=1786201285.637
V_SENSE5=1.16943359375
V_SENSE9=0.03662109375
V_SENSE12=0.12939453125
ADC_V5=5.0091552734375
ADC_V9=9.69085693359375
ADC_V12=11.7529296875
ADC_V28=28.037109375
THERMAL_SENS_OUT_1=28
THERMAL_SENS_OUT_2=-50
THERMAL_SENS_OUT_3=24
THERMAL_SENS_OUT_4=26
THERMAL_SENS_OUT_5=32
THERMAL_SENS_OUT_6=-50
THERMAL_SENS_INT_1=28
THERMAL_SENS_INT_2=27
PG_5=1
PG_9=0
PG_12=1
FLT_P2=0
FLT_P3=0
HEAT_1_TEMP=28
HEAT_1_DUTY=0
HEAT_1_SP=-20.0
HEAT_2_TEMP=24
HEAT_2_DUTY=0
HEAT_2_SP=-20.0
HEAT_3_TEMP=26
HEAT_3_DUTY=0
HEAT_3_SP=-20.0
HEAT_4_TEMP=32
HEAT_4_DUTY=0
HEAT_4_SP=-20.0

[21:46:27.401 CUBESAT]
TS=1786203055.101
PG_5=1
PG_9=0
PG_12=0
FLT_P2=0
FLT_P3=0
HEAT_1_TEMP=0.0
HEAT_1_DUTY=0
HEAT_1_SP=-20.0
ENC_RAW=2189
ENC_ANGLE=48.09814453125
ENC_ACCUM=902.724609375
AUTO_STOP=1
MOTOR_ANGLE=0.004941860465116279
MOTOR_ACCUM=822.5630813953488
MOTOR_ROT=1572

[21:46:28.010 EBOX]
TS=1786201287.654
V_SENSE5=1.14013671875
V_SENSE9=0.0390625
V_SENSE12=0.19287109375
ADC_V5=5.08880615234375
ADC_V9=9.1864013671875
ADC_V12=11.95648193359375
ADC_V28=27.35565185546875
THERMAL_SENS_OUT_1=32
THERMAL_SENS_OUT_2=-50
THERMAL_SENS_OUT_3=27
THERMAL_SENS_OUT_4=27
THERMAL_SENS_OUT_5=27
THERMAL_SENS_OUT_6=-50
THERMAL_SENS_INT_1=24
THERMAL_SENS_INT_2=32
PG_5=1
PG_9=0
PG_12=1
FLT_P2=0
FLT_P3=0
HEAT_1_TEMP=32
HEAT_1_DUTY=0
HEAT_1_SP=-20.0
HEAT_2_TEMP=27
HEAT_2_DUTY=0
HEAT_2_SP=-20.0
HEAT_3_TEMP=27
HEAT_3_DUTY=0
HEAT_3_SP=-20.0
HEAT_4_TEMP=27
HEAT_4_DUTY=0
HEAT_4_SP=-20.0

[21:46:29.421 CUBESAT]
TS=1786203057.105
PG_5=1
PG_9=0
PG_12=0
FLT_P2=0
FLT_P3=0
HEAT_1_TEMP=0.0
HEAT_1_DUTY=0
HEAT_1_SP=-20.0
ENC_RAW=2188
ENC_ANGLE=48.076171875
ENC_ACCUM=902.70263671875
AUTO_STOP=1
MOTOR_ANGLE=0.004941860465116279
MOTOR_ACCUM=822.5630813953488
MOTOR_ROT=1572

[21:46:30.035 EBOX]
TS=1786201289.642
V_SENSE5=0.91796875
V_SENSE9=0.0390625
V_SENSE12=0.1025390625
ADC_V5=4.8321533203125
ADC_V9=9.3988037109375
ADC_V12=11.72637939453125
ADC_V28=27.75390625
THERMAL_SENS_OUT_1=30
THERMAL_SENS_OUT_2=-50
THERMAL_SENS_OUT_3=27
THERMAL_SENS_OUT_4=29
THERMAL_SENS_OUT_5=27
THERMAL_SENS_OUT_6=-50
THERMAL_SENS_INT_1=25
THERMAL_SENS_INT_2=30
PG_5=1
PG_9=0
PG_12=1
FLT_P2=0
FLT_P3=0
HEAT_1_TEMP=30
HEAT_1_DUTY=0
HEAT_1_SP=-20.0
HEAT_2_TEMP=27
HEAT_2_DUTY=0
HEAT_2_SP=-20.0
HEAT_3_TEMP=29
HEAT_3_DUTY=0
HEAT_3_SP=-20.0
HEAT_4_TEMP=27
HEAT_4_DUTY=0
HEAT_4_SP=-20.0

[21:46:31.447 CUBESAT]
TS=1786203059.108
PG_5=1
PG_9=0
PG_12=0
FLT_P2=0
FLT_P3=0
HEAT_1_TEMP=0.0
HEAT_1_DUTY=0
HEAT_1_SP=-20.0
ENC_RAW=2192
ENC_ANGLE=48.1640625
ENC_ACCUM=902.79052734375
AUTO_STOP=1
MOTOR_ANGLE=0.004941860465116279
MOTOR_ACCUM=822.5630813953488
MOTOR_ROT=1572

[21:46:32.056 EBOX]
TS=1786201291.659
V_SENSE5=0.80322265625
V_SENSE9=0.0390625
V_SENSE12=0.1025390625
ADC_V5=4.96490478515625
ADC_V9=9.3280029296875
ADC_V12=11.95648193359375
ADC_V28=27.30255126953125
THERMAL_SENS_OUT_1=32
THERMAL_SENS_OUT_2=-50
THERMAL_SENS_OUT_3=30
THERMAL_SENS_OUT_4=31
THERMAL_SENS_OUT_5=28
THERMAL_SENS_OUT_6=-50
THERMAL_SENS_INT_1=24
THERMAL_SENS_INT_2=32
PG_5=1
PG_9=0
PG_12=1
FLT_P2=0
FLT_P3=0
HEAT_1_TEMP=32
HEAT_1_DUTY=0
HEAT_1_SP=-20.0
HEAT_2_TEMP=30
HEAT_2_DUTY=0
HEAT_2_SP=-20.0
HEAT_3_TEMP=31
HEAT_3_DUTY=0
HEAT_3_SP=-20.0
HEAT_4_TEMP=28
HEAT_4_DUTY=0
HEAT_4_SP=-20.0

[21:46:33.466 CUBESAT]
TS=1786203061.111
PG_5=1
PG_9=0
PG_12=0
FLT_P2=0
FLT_P3=0
HEAT_1_TEMP=0.0
HEAT_1_DUTY=0
HEAT_1_SP=-20.0
ENC_RAW=2190
ENC_ANGLE=48.1201171875
ENC_ACCUM=902.74658203125
AUTO_STOP=1
MOTOR_ANGLE=0.004941860465116279
MOTOR_ACCUM=822.5630813953488
MOTOR_ROT=1572

[21:46:34.078 EBOX]
TS=1786201293.646
V_SENSE5=0.91796875
V_SENSE9=0.11474609375
V_SENSE12=0.1123046875
ADC_V5=4.9560546875
ADC_V9=9.33685302734375
ADC_V12=11.929931640625
ADC_V28=27.65655517578125
THERMAL_SENS_OUT_1=26
THERMAL_SENS_OUT_2=-50
THERMAL_SENS_OUT_3=29
THERMAL_SENS_OUT_4=31
THERMAL_SENS_OUT_5=27
THERMAL_SENS_OUT_6=-50
THERMAL_SENS_INT_1=26
THERMAL_SENS_INT_2=29
PG_5=1
PG_9=0
PG_12=1
FLT_P2=0
FLT_P3=0
HEAT_1_TEMP=26
HEAT_1_DUTY=0
HEAT_1_SP=-20.0
HEAT_2_TEMP=29
HEAT_2_DUTY=0
HEAT_2_SP=-20.0
HEAT_3_TEMP=31
HEAT_3_DUTY=0
HEAT_3_SP=-20.0
HEAT_4_TEMP=27
HEAT_4_DUTY=0
HEAT_4_SP=-20.0

[21:46:35.387 CUBESAT]
TS=1786203063.114
PG_5=1
PG_9=0
PG_12=0
FLT_P2=0
FLT_P3=0
HEAT_1_TEMP=0.0
HEAT_1_DUTY=10
HEAT_1_SP=-20.0
ENC_RAW=2188
ENC_ANGLE=48.076171875
ENC_ACCUM=902.70263671875
AUTO_STOP=1
MOTOR_ANGLE=0.004941860465116279
MOTOR_ACCUM=822.5630813953488
MOTOR_ROT=1572

[21:46:36.101 EBOX]
TS=1786201295.649
V_SENSE5=0.91796875
V_SENSE9=0.0390625
V_SENSE12=0.1025390625
ADC_V5=4.920654296875
ADC_V9=9.3634033203125
ADC_V12=11.82373046875
ADC_V28=27.647705078125
THERMAL_SENS_OUT_1=26
THERMAL_SENS_OUT_2=-50
THERMAL_SENS_OUT_3=29
THERMAL_SENS_OUT_4=29
THERMAL_SENS_OUT_5=29
THERMAL_SENS_OUT_6=-50
THERMAL_SENS_INT_1=30
THERMAL_SENS_INT_2=27
PG_5=1
PG_9=0
PG_12=1
FLT_P2=0
FLT_P3=0
HEAT_1_TEMP=26
HEAT_1_DUTY=0
HEAT_1_SP=-20.0
HEAT_2_TEMP=29
HEAT_2_DUTY=0
HEAT_2_SP=-20.0
HEAT_3_TEMP=29
HEAT_3_DUTY=0
HEAT_3_SP=-20.0
HEAT_4_TEMP=29
HEAT_4_DUTY=0
HEAT_4_SP=-20.0

[21:46:37.410 CUBESAT]
TS=1786203065.118
PG_5=1
PG_9=0
PG_12=0
FLT_P2=0
FLT_P3=0
HEAT_1_TEMP=0.0
HEAT_1_DUTY=0
HEAT_1_SP=-20.0
ENC_RAW=2188
ENC_ANGLE=48.076171875
ENC_ACCUM=902.70263671875
AUTO_STOP=1
MOTOR_ANGLE=0.004941860465116279
MOTOR_ACCUM=822.5630813953488
MOTOR_ROT=1572

[21:46:38.325 EBOX]
TS=1786201297.659
V_SENSE5=1.00830078125
V_SENSE9=0.0341796875
V_SENSE12=0.0927734375
ADC_V5=4.991455078125
ADC_V9=9.35455322265625
ADC_V12=11.88568115234375
ADC_V28=27.70965576171875
THERMAL_SENS_OUT_1=28
THERMAL_SENS_OUT_2=-50
THERMAL_SENS_OUT_3=28
THERMAL_SENS_OUT_4=25
THERMAL_SENS_OUT_5=28
THERMAL_SENS_OUT_6=-50
THERMAL_SENS_INT_1=29
THERMAL_SENS_INT_2=30
PG_5=1
PG_9=0
PG_12=1
FLT_P2=0
FLT_P3=0
HEAT_1_TEMP=28
HEAT_1_DUTY=0
HEAT_1_SP=-20.0
HEAT_2_TEMP=28
HEAT_2_DUTY=0
HEAT_2_SP=-20.0
HEAT_3_TEMP=25
HEAT_3_DUTY=0
HEAT_3_SP=-20.0
HEAT_4_TEMP=28
HEAT_4_DUTY=0
HEAT_4_SP=-20.0

[21:46:39.434 CUBESAT]
TS=1786203067.121
PG_5=1
PG_9=0
PG_12=0
FLT_P2=0
FLT_P3=0
HEAT_1_TEMP=0.0
HEAT_1_DUTY=0
HEAT_1_SP=-20.0
ENC_RAW=2186
ENC_ANGLE=48.0322265625
ENC_ACCUM=902.65869140625
AUTO_STOP=1
MOTOR_ANGLE=0.004941860465116279
MOTOR_ACCUM=822.5630813953488
MOTOR_ROT=1572

[21:46:40.045 EBOX]
TS=1786201299.653
V_SENSE5=0.8984375
V_SENSE9=0.0390625
V_SENSE12=0.11474609375
ADC_V5=5.0091552734375
ADC_V9=9.027099609375
ADC_V12=11.56707763671875
ADC_V28=27.42645263671875
THERMAL_SENS_OUT_1=26
THERMAL_SENS_OUT_2=-50
THERMAL_SENS_OUT_3=28
THERMAL_SENS_OUT_4=30
THERMAL_SENS_OUT_5=29
THERMAL_SENS_OUT_6=-50
THERMAL_SENS_INT_1=25
THERMAL_SENS_INT_2=28
PG_5=1
PG_9=0
PG_12=1
FLT_P2=0
FLT_P3=0
HEAT_1_TEMP=26
HEAT_1_DUTY=0
HEAT_1_SP=-20.0
HEAT_2_TEMP=28
HEAT_2_DUTY=0
HEAT_2_SP=-20.0
HEAT_3_TEMP=30
HEAT_3_DUTY=0
HEAT_3_SP=-20.0
HEAT_4_TEMP=29
HEAT_4_DUTY=0
HEAT_4_SP=-20.0

[21:46:41.457 CUBESAT]
TS=1786203069.128
PG_5=1
PG_9=0
PG_12=0
FLT_P2=0
FLT_P3=0
HEAT_1_TEMP=0.0
HEAT_1_DUTY=0
HEAT_1_SP=-20.0
ENC_RAW=2189
ENC_ANGLE=48.09814453125
ENC_ACCUM=902.724609375
AUTO_STOP=1
MOTOR_ANGLE=0.004941860465116279
MOTOR_ACCUM=822.5630813953488
MOTOR_ROT=1572

[21:46:43.177 EBOX]
TS=1786201301.653
V_SENSE5=1.04736328125
V_SENSE9=0.03662109375
V_SENSE12=0.09765625
ADC_V5=4.89410400390625
ADC_V9=9.3280029296875
ADC_V12=11.6290283203125
ADC_V28=28.06365966796875
THERMAL_SENS_OUT_1=27
THERMAL_SENS_OUT_2=-50
THERMAL_SENS_OUT_3=27
THERMAL_SENS_OUT_4=27
THERMAL_SENS_OUT_5=30
THERMAL_SENS_OUT_6=-50
THERMAL_SENS_INT_1=25
THERMAL_SENS_INT_2=30
PG_5=1
PG_9=0
PG_12=1
FLT_P2=0
FLT_P3=0
HEAT_1_TEMP=27
HEAT_1_DUTY=0
HEAT_1_SP=-20.0
HEAT_2_TEMP=27
HEAT_2_DUTY=0
HEAT_2_SP=-20.0
HEAT_3_TEMP=27
HEAT_3_DUTY=0
HEAT_3_SP=-20.0
HEAT_4_TEMP=30
HEAT_4_DUTY=0
HEAT_4_SP=-20.0

[21:46:43.727 CUBESAT]
TS=1786203071.130
PG_5=1
PG_9=0
PG_12=0
FLT_P2=0
FLT_P3=0
HEAT_1_TEMP=0.0
HEAT_1_DUTY=0
HEAT_1_SP=-20.0
ENC_RAW=2186
ENC_ANGLE=48.0322265625
ENC_ACCUM=902.65869140625
AUTO_STOP=1
MOTOR_ANGLE=0.004941860465116279
MOTOR_ACCUM=822.5630813953488
MOTOR_ROT=1572

[21:46:44.999 EBOX]
TS=1786201303.655
V_SENSE5=1.1474609375
V_SENSE9=0.0390625
V_SENSE12=0.11474609375
ADC_V5=4.9737548828125
ADC_V9=9.07135009765625
ADC_V12=11.788330078125
ADC_V28=28.1964111328125
THERMAL_SENS_OUT_1=25
THERMAL_SENS_OUT_2=-50
THERMAL_SENS_OUT_3=25
THERMAL_SENS_OUT_4=26
THERMAL_SENS_OUT_5=32
THERMAL_SENS_OUT_6=-50
THERMAL_SENS_INT_1=26
THERMAL_SENS_INT_2=32
PG_5=1
PG_9=0
PG_12=1
FLT_P2=0
FLT_P3=0
HEAT_1_TEMP=25
HEAT_1_DUTY=0
HEAT_1_SP=-20.0
HEAT_2_TEMP=25
HEAT_2_DUTY=0
HEAT_2_SP=-20.0
HEAT_3_TEMP=26
HEAT_3_DUTY=0
HEAT_3_SP=-20.0
HEAT_4_TEMP=32
HEAT_4_DUTY=0
HEAT_4_SP=-20.0

[21:46:47.274 EBOX]
TS=1786201305.666
V_SENSE5=0.89599609375
V_SENSE9=0.0390625
V_SENSE12=0.09521484375
ADC_V5=5.00030517578125
ADC_V9=9.05364990234375
ADC_V12=11.95648193359375
ADC_V28=27.93975830078125
THERMAL_SENS_OUT_1=28
THERMAL_SENS_OUT_2=-50
THERMAL_SENS_OUT_3=28
THERMAL_SENS_OUT_4=31
THERMAL_SENS_OUT_5=29
THERMAL_SENS_OUT_6=-50
THERMAL_SENS_INT_1=28
THERMAL_SENS_INT_2=26
PG_5=1
PG_9=0
PG_12=1
FLT_P2=0
FLT_P3=0
HEAT_1_TEMP=28
HEAT_1_DUTY=0
HEAT_1_SP=-20.0
HEAT_2_TEMP=28
HEAT_2_DUTY=0
HEAT_2_SP=-20.0
HEAT_3_TEMP=31
HEAT_3_DUTY=0
HEAT_3_SP=-20.0
HEAT_4_TEMP=29
HEAT_4_DUTY=0
HEAT_4_SP=-20.0

[21:46:47.276 CUBESAT]
TS=1786203073.133
PG_5=1
PG_9=0
PG_12=0
FLT_P2=0
FLT_P3=0
HEAT_1_TEMP=0.0
HEAT_1_DUTY=10
HEAT_1_SP=-20.0
ENC_RAW=2189
ENC_ANGLE=48.09814453125
ENC_ACCUM=902.724609375
AUTO_STOP=1
MOTOR_ANGLE=0.004941860465116279
MOTOR_ACCUM=822.5630813953488
MOTOR_ROT=1572

[21:46:48.042 CUBESAT]
TS=1786203075.135
PG_5=1
PG_9=0
PG_12=0
FLT_P2=0
FLT_P3=0
HEAT_1_TEMP=0.0
HEAT_1_DUTY=0
HEAT_1_SP=-20.0
ENC_RAW=2190
ENC_ANGLE=48.1201171875
ENC_ACCUM=902.74658203125
AUTO_STOP=1
MOTOR_ANGLE=0.004941860465116279
MOTOR_ACCUM=822.5630813953488
MOTOR_ROT=1572

[21:46:48.057 EBOX]
TS=1786201307.659
V_SENSE5=1.181640625
V_SENSE9=0.0341796875
V_SENSE12=0.13427734375
ADC_V5=4.89410400390625
ADC_V9=9.1510009765625
ADC_V12=11.62017822265625
ADC_V28=28.072509765625
THERMAL_SENS_OUT_1=31
THERMAL_SENS_OUT_2=-50
THERMAL_SENS_OUT_3=29
THERMAL_SENS_OUT_4=27
THERMAL_SENS_OUT_5=31
THERMAL_SENS_OUT_6=-50
THERMAL_SENS_INT_1=29
THERMAL_SENS_INT_2=27
PG_5=1
PG_9=0
PG_12=1
FLT_P2=0
FLT_P3=0
HEAT_1_TEMP=31
HEAT_1_DUTY=0
HEAT_1_SP=-20.0
HEAT_2_TEMP=29
HEAT_2_DUTY=0
HEAT_2_SP=-20.0
HEAT_3_TEMP=27
HEAT_3_DUTY=0
HEAT_3_SP=-20.0
HEAT_4_TEMP=31
HEAT_4_DUTY=0
HEAT_4_SP=-20.0

[21:46:49.449 CUBESAT]
TS=1786203077.138
PG_5=1
PG_9=0
PG_12=0
FLT_P2=0
FLT_P3=0
HEAT_1_TEMP=0.0
HEAT_1_DUTY=0
HEAT_1_SP=-20.0
ENC_RAW=2191
ENC_ANGLE=48.14208984375
ENC_ACCUM=902.7685546875
AUTO_STOP=1
MOTOR_ANGLE=0.004941860465116279
MOTOR_ACCUM=822.5630813953488
MOTOR_ROT=1572

[21:46:50.065 EBOX]
TS=1786201309.670
V_SENSE5=0.9716796875
V_SENSE9=0.03662109375
V_SENSE12=0.126953125
ADC_V5=5.02685546875
ADC_V9=8.9385986328125
ADC_V12=11.88568115234375
ADC_V28=27.8424072265625
THERMAL_SENS_OUT_1=27
THERMAL_SENS_OUT_2=-50
THERMAL_SENS_OUT_3=26
THERMAL_SENS_OUT_4=28
THERMAL_SENS_OUT_5=31
THERMAL_SENS_OUT_6=-50
THERMAL_SENS_INT_1=25
THERMAL_SENS_INT_2=26
PG_5=1
PG_9=0
PG_12=1
FLT_P2=0
FLT_P3=0
HEAT_1_TEMP=27
HEAT_1_DUTY=0
HEAT_1_SP=-20.0
HEAT_2_TEMP=26
HEAT_2_DUTY=0
HEAT_2_SP=-20.0
HEAT_3_TEMP=28
HEAT_3_DUTY=0
HEAT_3_SP=-20.0
HEAT_4_TEMP=31
HEAT_4_DUTY=0
HEAT_4_SP=-20.0

[21:46:51.481 CUBESAT]
TS=1786203079.141
PG_5=1
PG_9=0
PG_12=0
FLT_P2=0
FLT_P3=0
HEAT_1_TEMP=0.0
HEAT_1_DUTY=0
HEAT_1_SP=-20.0
ENC_RAW=2191
ENC_ANGLE=48.14208984375
ENC_ACCUM=902.7685546875
AUTO_STOP=1
MOTOR_ANGLE=0.004941860465116279
MOTOR_ACCUM=822.5630813953488
MOTOR_ROT=1572

[21:46:52.501 EBOX]
TS=1786201311.664
V_SENSE5=0.91064453125
V_SENSE9=0.0341796875
V_SENSE12=0.14404296875
ADC_V5=4.94720458984375
ADC_V9=9.0625
ADC_V12=11.6644287109375
ADC_V28=27.63885498046875
THERMAL_SENS_OUT_1=26
THERMAL_SENS_OUT_2=-50
THERMAL_SENS_OUT_3=27
THERMAL_SENS_OUT_4=28
THERMAL_SENS_OUT_5=31
THERMAL_SENS_OUT_6=-50
THERMAL_SENS_INT_1=25
THERMAL_SENS_INT_2=31
PG_5=1
PG_9=0
PG_12=1
FLT_P2=0
FLT_P3=0
HEAT_1_TEMP=26
HEAT_1_DUTY=0
HEAT_1_SP=-20.0
HEAT_2_TEMP=27
HEAT_2_DUTY=0
HEAT_2_SP=-20.0
HEAT_3_TEMP=28
HEAT_3_DUTY=0
HEAT_3_SP=-20.0
HEAT_4_TEMP=31
HEAT_4_DUTY=0
HEAT_4_SP=-20.0

[21:46:53.412 CUBESAT]
TS=1786203081.144
PG_5=1
PG_9=0
PG_12=0
FLT_P2=0
FLT_P3=0
HEAT_1_TEMP=0.0
HEAT_1_DUTY=0
HEAT_1_SP=-20.0
ENC_RAW=2189
ENC_ANGLE=48.09814453125
ENC_ACCUM=902.724609375
AUTO_STOP=1
MOTOR_ANGLE=0.004941860465116279
MOTOR_ACCUM=822.5630813953488
MOTOR_ROT=1572

[21:46:54.063 EBOX]
TS=1786201313.667
V_SENSE5=0.92529296875
V_SENSE9=0.03662109375
V_SENSE12=0.13671875
ADC_V5=5.00030517578125
ADC_V9=9.01824951171875
ADC_V12=11.86798095703125
ADC_V28=27.90435791015625
THERMAL_SENS_OUT_1=31
THERMAL_SENS_OUT_2=-50
THERMAL_SENS_OUT_3=28
THERMAL_SENS_OUT_4=30
THERMAL_SENS_OUT_5=31
THERMAL_SENS_OUT_6=-50
THERMAL_SENS_INT_1=27
THERMAL_SENS_INT_2=28
PG_5=1
PG_9=0
PG_12=1
FLT_P2=0
FLT_P3=0
HEAT_1_TEMP=31
HEAT_1_DUTY=0
HEAT_1_SP=-20.0
HEAT_2_TEMP=28
HEAT_2_DUTY=0
HEAT_2_SP=-20.0
HEAT_3_TEMP=30
HEAT_3_DUTY=0
HEAT_3_SP=-20.0
HEAT_4_TEMP=31
HEAT_4_DUTY=0
HEAT_4_SP=-20.0

[21:46:55.495 CUBESAT]
TS=1786203083.148
PG_5=1
PG_9=0
PG_12=0
FLT_P2=0
FLT_P3=0
HEAT_1_TEMP=0.0
HEAT_1_DUTY=0
HEAT_1_SP=-20.0
ENC_RAW=2190
ENC_ANGLE=48.1201171875
ENC_ACCUM=902.74658203125
AUTO_STOP=1
MOTOR_ANGLE=0.004941860465116279
MOTOR_ACCUM=822.5630813953488
MOTOR_ROT=1572

[21:46:56.108 EBOX]
TS=1786201315.670
V_SENSE5=0.97412109375
V_SENSE9=0.0341796875
V_SENSE12=0.10009765625
ADC_V5=5.00030517578125
ADC_V9=8.743896484375
ADC_V12=11.9122314453125
ADC_V28=27.72735595703125
THERMAL_SENS_OUT_1=28
THERMAL_SENS_OUT_2=-50
THERMAL_SENS_OUT_3=29
THERMAL_SENS_OUT_4=27
THERMAL_SENS_OUT_5=30
THERMAL_SENS_OUT_6=-50
THERMAL_SENS_INT_1=28
THERMAL_SENS_INT_2=28
PG_5=1
PG_9=0
PG_12=1
FLT_P2=0
FLT_P3=0
HEAT_1_TEMP=28
HEAT_1_DUTY=0
HEAT_1_SP=-20.0
HEAT_2_TEMP=29
HEAT_2_DUTY=0
HEAT_2_SP=-20.0
HEAT_3_TEMP=27
HEAT_3_DUTY=0
HEAT_3_SP=-20.0
HEAT_4_TEMP=30
HEAT_4_DUTY=0
HEAT_4_SP=-20.0

[21:46:57.400 CUBESAT]
TS=1786203085.151
PG_5=1
PG_9=0
PG_12=0
FLT_P2=0
FLT_P3=0
HEAT_1_TEMP=0.0
HEAT_1_DUTY=0
HEAT_1_SP=-20.0
ENC_RAW=2191
ENC_ANGLE=48.14208984375
ENC_ACCUM=902.7685546875
AUTO_STOP=1
MOTOR_ANGLE=0.004941860465116279
MOTOR_ACCUM=822.5630813953488
MOTOR_ROT=1572

[21:46:58.122 EBOX]
TS=1786201317.679
V_SENSE5=1.12060546875
V_SENSE9=0.04150390625
V_SENSE12=0.1171875
ADC_V5=4.94720458984375
ADC_V9=9.21295166015625
ADC_V12=11.7706298828125
ADC_V28=27.85125732421875
THERMAL_SENS_OUT_1=31
THERMAL_SENS_OUT_2=-50
THERMAL_SENS_OUT_3=29
THERMAL_SENS_OUT_4=26
THERMAL_SENS_OUT_5=32
THERMAL_SENS_OUT_6=-50
THERMAL_SENS_INT_1=25
THERMAL_SENS_INT_2=26
PG_5=1
PG_9=0
PG_12=1
FLT_P2=0
FLT_P3=0
HEAT_1_TEMP=31
HEAT_1_DUTY=0
HEAT_1_SP=-20.0
HEAT_2_TEMP=29
HEAT_2_DUTY=0
HEAT_2_SP=-20.0
HEAT_3_TEMP=26
HEAT_3_DUTY=0
HEAT_3_SP=-20.0
HEAT_4_TEMP=32
HEAT_4_DUTY=0
HEAT_4_SP=-20.0

[21:46:59.439 CUBESAT]
TS=1786203087.155
PG_5=1
PG_9=0
PG_12=0
FLT_P2=0
FLT_P3=0
HEAT_1_TEMP=0.0
HEAT_1_DUTY=0
HEAT_1_SP=-20.0
ENC_RAW=2191
ENC_ANGLE=48.14208984375
ENC_ACCUM=902.7685546875
AUTO_STOP=1
MOTOR_ANGLE=0.004941860465116279
MOTOR_ACCUM=822.5630813953488
MOTOR_ROT=1572

[21:47:00.161 EBOX]
TS=1786201319.670
V_SENSE5=0.94482421875
V_SENSE9=0.029296875
V_SENSE12=0.1025390625
ADC_V5=4.91180419921875
ADC_V9=9.14215087890625
ADC_V12=11.85028076171875
ADC_V28=27.24945068359375
THERMAL_SENS_OUT_1=30
THERMAL_SENS_OUT_2=-50
THERMAL_SENS_OUT_3=30
THERMAL_SENS_OUT_4=28
THERMAL_SENS_OUT_5=29
THERMAL_SENS_OUT_6=-50
THERMAL_SENS_INT_1=26
THERMAL_SENS_INT_2=26
PG_5=1
PG_9=0
PG_12=1
FLT_P2=0
FLT_P3=0
HEAT_1_TEMP=30
HEAT_1_DUTY=0
HEAT_1_SP=-20.0
HEAT_2_TEMP=30
HEAT_2_DUTY=0
HEAT_2_SP=-20.0
HEAT_3_TEMP=28
HEAT_3_DUTY=0
HEAT_3_SP=-20.0
HEAT_4_TEMP=29
HEAT_4_DUTY=0
HEAT_4_SP=-20.0

[21:47:01.473 CUBESAT]
TS=1786203089.158
PG_5=1
PG_9=0
PG_12=0
FLT_P2=0
FLT_P3=0
HEAT_1_TEMP=0.0
HEAT_1_DUTY=10
HEAT_1_SP=-20.0
ENC_RAW=2190
ENC_ANGLE=48.1201171875
ENC_ACCUM=902.74658203125
AUTO_STOP=1
MOTOR_ANGLE=0.004941860465116279
MOTOR_ACCUM=822.5630813953488
MOTOR_ROT=1572

[21:47:02.089 EBOX]
TS=1786201321.680
V_SENSE5=0.86669921875
V_SENSE9=0.07568359375
V_SENSE12=0.11962890625
ADC_V5=4.9029541015625
ADC_V9=9.522705078125
ADC_V12=11.49627685546875
ADC_V28=28.0194091796875
THERMAL_SENS_OUT_1=29
THERMAL_SENS_OUT_2=-50
THERMAL_SENS_OUT_3=29
THERMAL_SENS_OUT_4=27
THERMAL_SENS_OUT_5=28
THERMAL_SENS_OUT_6=-50
THERMAL_SENS_INT_1=26
THERMAL_SENS_INT_2=27
PG_5=1
PG_9=0
PG_12=1
FLT_P2=0
FLT_P3=0
HEAT_1_TEMP=29
HEAT_1_DUTY=0
HEAT_1_SP=-20.0
HEAT_2_TEMP=29
HEAT_2_DUTY=0
HEAT_2_SP=-20.0
HEAT_3_TEMP=27
HEAT_3_DUTY=0
HEAT_3_SP=-20.0
HEAT_4_TEMP=28
HEAT_4_DUTY=0
HEAT_4_SP=-20.0

[21:47:03.705 CUBESAT]
TS=1786203091.161
PG_5=1
PG_9=0
PG_12=0
FLT_P2=0
FLT_P3=0
HEAT_1_TEMP=0.0
HEAT_1_DUTY=0
HEAT_1_SP=-20.0
ENC_RAW=2188
ENC_ANGLE=48.076171875
ENC_ACCUM=902.70263671875
AUTO_STOP=1
MOTOR_ANGLE=0.004941860465116279
MOTOR_ACCUM=822.5630813953488
MOTOR_ROT=1572

[21:47:04.721 EBOX]
TS=1786201323.675
V_SENSE5=0.927734375
V_SENSE9=0.03662109375
V_SENSE12=0.1220703125
ADC_V5=5.0091552734375
ADC_V9=9.5404052734375
ADC_V12=11.88568115234375
ADC_V28=27.97515869140625
THERMAL_SENS_OUT_1=27
THERMAL_SENS_OUT_2=-50
THERMAL_SENS_OUT_3=28
THERMAL_SENS_OUT_4=26
THERMAL_SENS_OUT_5=31
THERMAL_SENS_OUT_6=-50
THERMAL_SENS_INT_1=30
THERMAL_SENS_INT_2=28
PG_5=1
PG_9=0
PG_12=1
FLT_P2=0
FLT_P3=0
HEAT_1_TEMP=27
HEAT_1_DUTY=0
HEAT_1_SP=-20.0
HEAT_2_TEMP=28
HEAT_2_DUTY=0
HEAT_2_SP=-20.0
HEAT_3_TEMP=26
HEAT_3_DUTY=0
HEAT_3_SP=-20.0
HEAT_4_TEMP=31
HEAT_4_DUTY=0
HEAT_4_SP=-20.0

[21:47:05.732 CUBESAT]
TS=1786203093.163
PG_5=1
PG_9=0
PG_12=0
FLT_P2=0
FLT_P3=0
HEAT_1_TEMP=0.0
HEAT_1_DUTY=0
HEAT_1_SP=-20.0
ENC_RAW=2190
ENC_ANGLE=48.1201171875
ENC_ACCUM=902.74658203125
AUTO_STOP=1
MOTOR_ANGLE=0.004941860465116279
MOTOR_ACCUM=822.5630813953488
MOTOR_ROT=1572

[21:47:06.145 EBOX]
TS=1786201325.676
V_SENSE5=1.22802734375
V_SENSE9=0.0390625
V_SENSE12=0.10498046875
ADC_V5=4.849853515625
ADC_V9=9.4342041015625
ADC_V12=11.859130859375
ADC_V28=27.99285888671875
THERMAL_SENS_OUT_1=27
THERMAL_SENS_OUT_2=-50
THERMAL_SENS_OUT_3=26
THERMAL_SENS_OUT_4=30
THERMAL_SENS_OUT_5=29
THERMAL_SENS_OUT_6=-50
THERMAL_SENS_INT_1=28
THERMAL_SENS_INT_2=26
PG_5=1
PG_9=0
PG_12=1
FLT_P2=0
FLT_P3=0
HEAT_1_TEMP=27
HEAT_1_DUTY=0
HEAT_1_SP=-20.0
HEAT_2_TEMP=26
HEAT_2_DUTY=0
HEAT_2_SP=-20.0
HEAT_3_TEMP=30
HEAT_3_DUTY=0
HEAT_3_SP=-20.0
HEAT_4_TEMP=29
HEAT_4_DUTY=0
HEAT_4_SP=-20.0

[21:47:07.461 CUBESAT]
TS=1786203095.168
PG_5=1
PG_9=0
PG_12=0
FLT_P2=0
FLT_P3=0
HEAT_1_TEMP=0.0
HEAT_1_DUTY=0
HEAT_1_SP=-20.0
ENC_RAW=2191
ENC_ANGLE=48.14208984375
ENC_ACCUM=902.7685546875
AUTO_STOP=1
MOTOR_ANGLE=0.004941860465116279
MOTOR_ACCUM=822.5630813953488
MOTOR_ROT=1572

[21:47:08.078 EBOX]
TS=1786201327.685
V_SENSE5=0.9716796875
V_SENSE9=0.0390625
V_SENSE12=0.1171875
ADC_V5=5.01800537109375
ADC_V9=9.42535400390625
ADC_V12=11.69097900390625
ADC_V28=27.2406005859375
THERMAL_SENS_OUT_1=28
THERMAL_SENS_OUT_2=-50
THERMAL_SENS_OUT_3=25
THERMAL_SENS_OUT_4=29
THERMAL_SENS_OUT_5=33
THERMAL_SENS_OUT_6=-50
THERMAL_SENS_INT_1=27
THERMAL_SENS_INT_2=32
PG_5=1
PG_9=0
PG_12=1
FLT_P2=0
FLT_P3=0
HEAT_1_TEMP=28
HEAT_1_DUTY=0
HEAT_1_SP=-20.0
HEAT_2_TEMP=25
HEAT_2_DUTY=0
HEAT_2_SP=-20.0
HEAT_3_TEMP=29
HEAT_3_DUTY=0
HEAT_3_SP=-20.0
HEAT_4_TEMP=33
HEAT_4_DUTY=0
HEAT_4_SP=-20.0

[21:47:09.444 CUBESAT]
TS=1786203097.170
PG_5=1
PG_9=0
PG_12=0
FLT_P2=0
FLT_P3=0
HEAT_1_TEMP=0.0
HEAT_1_DUTY=0
HEAT_1_SP=-20.0
ENC_RAW=2192
ENC_ANGLE=48.1640625
ENC_ACCUM=902.79052734375
AUTO_STOP=1
MOTOR_ANGLE=0.004941860465116279
MOTOR_ACCUM=822.5630813953488
MOTOR_ROT=1572

[21:47:10.601 EBOX]
TS=1786201329.678
V_SENSE5=0.9326171875
V_SENSE9=0.0390625
V_SENSE12=0.1025390625
ADC_V5=4.87640380859375
ADC_V9=9.522705078125
ADC_V12=11.54052734375
ADC_V28=28.04595947265625
THERMAL_SENS_OUT_1=26
THERMAL_SENS_OUT_2=-50
THERMAL_SENS_OUT_3=25
THERMAL_SENS_OUT_4=26
THERMAL_SENS_OUT_5=31
THERMAL_SENS_OUT_6=-50
THERMAL_SENS_INT_1=28
THERMAL_SENS_INT_2=28
PG_5=1
PG_9=0
PG_12=1
FLT_P2=0
FLT_P3=0
HEAT_1_TEMP=26
HEAT_1_DUTY=0
HEAT_1_SP=-20.0
HEAT_2_TEMP=25
HEAT_2_DUTY=0
HEAT_2_SP=-20.0
HEAT_3_TEMP=26
HEAT_3_DUTY=0
HEAT_3_SP=-20.0
HEAT_4_TEMP=31
HEAT_4_DUTY=0
HEAT_4_SP=-20.0

[21:47:11.756 CUBESAT]
TS=1786203099.173
PG_5=1
PG_9=0
PG_12=0
FLT_P2=0
FLT_P3=0
HEAT_1_TEMP=0.0
HEAT_1_DUTY=10
HEAT_1_SP=-20.0
ENC_RAW=2191
ENC_ANGLE=48.14208984375
ENC_ACCUM=902.7685546875
AUTO_STOP=1
MOTOR_ANGLE=0.004941860465116279
MOTOR_ACCUM=822.5630813953488
MOTOR_ROT=1572

[21:47:12.082 EBOX]
TS=1786201331.681
V_SENSE5=0.94482421875
V_SENSE9=0.0390625
V_SENSE12=0.10009765625
ADC_V5=5.0091552734375
ADC_V9=9.42535400390625
ADC_V12=11.8768310546875
ADC_V28=28.214111328125
THERMAL_SENS_OUT_1=31
THERMAL_SENS_OUT_2=-50
THERMAL_SENS_OUT_3=28
THERMAL_SENS_OUT_4=31
THERMAL_SENS_OUT_5=29
THERMAL_SENS_OUT_6=-50
THERMAL_SENS_INT_1=27
THERMAL_SENS_INT_2=31
PG_5=1
PG_9=0
PG_12=1
FLT_P2=0
FLT_P3=0
HEAT_1_TEMP=31
HEAT_1_DUTY=0
HEAT_1_SP=-20.0
HEAT_2_TEMP=28
HEAT_2_DUTY=0
HEAT_2_SP=-20.0
HEAT_3_TEMP=31
HEAT_3_DUTY=0
HEAT_3_SP=-20.0
HEAT_4_TEMP=29
HEAT_4_DUTY=0
HEAT_4_SP=-20.0

[21:47:13.476 CUBESAT]
TS=1786203101.175
PG_5=1
PG_9=0
PG_12=0
FLT_P2=0
FLT_P3=0
HEAT_1_TEMP=0.0
HEAT_1_DUTY=0
HEAT_1_SP=-20.0
ENC_RAW=2190
ENC_ANGLE=48.1201171875
ENC_ACCUM=902.74658203125
AUTO_STOP=1
MOTOR_ANGLE=0.004941860465116279
MOTOR_ACCUM=822.5630813953488
MOTOR_ROT=1572

[21:47:14.123 EBOX]
TS=1786201333.683
V_SENSE5=0.91796875
V_SENSE9=0.05126953125
V_SENSE12=0.11474609375
ADC_V5=4.9560546875
ADC_V9=9.4342041015625
ADC_V12=11.9122314453125
ADC_V28=27.9132080078125
THERMAL_SENS_OUT_1=29
THERMAL_SENS_OUT_2=-50
THERMAL_SENS_OUT_3=25
THERMAL_SENS_OUT_4=28
THERMAL_SENS_OUT_5=31
THERMAL_SENS_OUT_6=-50
THERMAL_SENS_INT_1=30
THERMAL_SENS_INT_2=26
PG_5=1
PG_9=0
PG_12=1
FLT_P2=0
FLT_P3=0
HEAT_1_TEMP=29
HEAT_1_DUTY=0
HEAT_1_SP=-20.0
HEAT_2_TEMP=25
HEAT_2_DUTY=0
HEAT_2_SP=-20.0
HEAT_3_TEMP=28
HEAT_3_DUTY=0
HEAT_3_SP=-20.0
HEAT_4_TEMP=31
HEAT_4_DUTY=0
HEAT_4_SP=-20.0

[21:47:15.499 CUBESAT]
TS=1786203103.178
PG_5=1
PG_9=0
PG_12=0
FLT_P2=0
FLT_P3=0
HEAT_1_TEMP=0.0
HEAT_1_DUTY=0
HEAT_1_SP=-20.0
ENC_RAW=2187
ENC_ANGLE=48.05419921875
ENC_ACCUM=902.6806640625
AUTO_STOP=1
MOTOR_ANGLE=0.004941860465116279
MOTOR_ACCUM=822.5630813953488
MOTOR_ROT=1572

[21:47:16.164 EBOX]
TS=1786201335.686
V_SENSE5=1.015625
V_SENSE9=0.07080078125
V_SENSE12=0.1171875
ADC_V5=4.94720458984375
ADC_V9=9.381103515625
ADC_V12=11.7706298828125
ADC_V28=27.75390625
THERMAL_SENS_OUT_1=30
THERMAL_SENS_OUT_2=-50
THERMAL_SENS_OUT_3=28
THERMAL_SENS_OUT_4=30
THERMAL_SENS_OUT_5=27
THERMAL_SENS_OUT_6=-50
THERMAL_SENS_INT_1=28
THERMAL_SENS_INT_2=31
PG_5=1
PG_9=0
PG_12=1
FLT_P2=0
FLT_P3=0
HEAT_1_TEMP=30
HEAT_1_DUTY=0
HEAT_1_SP=-20.0
HEAT_2_TEMP=28
HEAT_2_DUTY=0
HEAT_2_SP=-20.0
HEAT_3_TEMP=30
HEAT_3_DUTY=0
HEAT_3_SP=-20.0
HEAT_4_TEMP=27
HEAT_4_DUTY=0
HEAT_4_SP=-20.0

[21:47:17.720 CUBESAT]
TS=1786203105.185
PG_5=1
PG_9=0
PG_12=0
FLT_P2=0
FLT_P3=0
HEAT_1_TEMP=0.0
HEAT_1_DUTY=0
HEAT_1_SP=-20.0
ENC_RAW=2191
ENC_ANGLE=48.14208984375
ENC_ACCUM=902.7685546875
AUTO_STOP=1
MOTOR_ANGLE=0.004941860465116279
MOTOR_ACCUM=822.5630813953488
MOTOR_ROT=1572

[21:47:18.097 EBOX]
TS=1786201337.693
V_SENSE5=1.0498046875
V_SENSE9=0.0390625
V_SENSE12=0.15380859375
ADC_V5=5.08880615234375
ADC_V9=9.27490234375
ADC_V12=11.93878173828125
ADC_V28=27.46185302734375
THERMAL_SENS_OUT_1=27
THERMAL_SENS_OUT_2=-50
THERMAL_SENS_OUT_3=27
THERMAL_SENS_OUT_4=26
THERMAL_SENS_OUT_5=31
THERMAL_SENS_OUT_6=-50
THERMAL_SENS_INT_1=30
THERMAL_SENS_INT_2=28
PG_5=1
PG_9=0
PG_12=1
FLT_P2=0
FLT_P3=0
HEAT_1_TEMP=27
HEAT_1_DUTY=0
HEAT_1_SP=-20.0
HEAT_2_TEMP=27
HEAT_2_DUTY=0
HEAT_2_SP=-20.0
HEAT_3_TEMP=26
HEAT_3_DUTY=0
HEAT_3_SP=-20.0
HEAT_4_TEMP=31
HEAT_4_DUTY=0
HEAT_4_SP=-20.0

[21:47:19.497 CUBESAT]
TS=1786203107.187
PG_5=1
PG_9=0
PG_12=0
FLT_P2=0
FLT_P3=0
HEAT_1_TEMP=0.0
HEAT_1_DUTY=0
HEAT_1_SP=-20.0
ENC_RAW=2188
ENC_ANGLE=48.076171875
ENC_ACCUM=902.70263671875
AUTO_STOP=1
MOTOR_ANGLE=0.004941860465116279
MOTOR_ACCUM=822.5630813953488
MOTOR_ROT=1572

[21:47:20.379 EBOX]
TS=1786201339.691
V_SENSE5=0.91552734375
V_SENSE9=0.03662109375
V_SENSE12=0.1416015625
ADC_V5=4.920654296875
ADC_V9=9.07135009765625
ADC_V12=11.929931640625
ADC_V28=27.23175048828125
THERMAL_SENS_OUT_1=27
THERMAL_SENS_OUT_2=-50
THERMAL_SENS_OUT_3=26
THERMAL_SENS_OUT_4=29
THERMAL_SENS_OUT_5=30
THERMAL_SENS_OUT_6=-50
THERMAL_SENS_INT_1=28
THERMAL_SENS_INT_2=28
PG_5=1
PG_9=0
PG_12=1
FLT_P2=0
FLT_P3=0
HEAT_1_TEMP=27
HEAT_1_DUTY=0
HEAT_1_SP=-20.0
HEAT_2_TEMP=26
HEAT_2_DUTY=0
HEAT_2_SP=-20.0
HEAT_3_TEMP=29
HEAT_3_DUTY=0
HEAT_3_SP=-20.0
HEAT_4_TEMP=30
HEAT_4_DUTY=0
HEAT_4_SP=-20.0

[21:47:21.477 CUBESAT]
TS=1786203109.189
PG_5=1
PG_9=0
PG_12=0
FLT_P2=0
FLT_P3=0
HEAT_1_TEMP=0.0
HEAT_1_DUTY=10
HEAT_1_SP=-20.0
ENC_RAW=2187
ENC_ANGLE=48.05419921875
ENC_ACCUM=902.6806640625
AUTO_STOP=1
MOTOR_ANGLE=0.004941860465116279
MOTOR_ACCUM=822.5630813953488
MOTOR_ROT=1572

[21:47:22.107 EBOX]
TS=1786201341.692
V_SENSE5=0.93505859375
V_SENSE9=0.0341796875
V_SENSE12=0.09765625
ADC_V5=4.849853515625
ADC_V9=9.2926025390625
ADC_V12=11.7706298828125
ADC_V28=27.860107421875
THERMAL_SENS_OUT_1=26
THERMAL_SENS_OUT_2=-50
THERMAL_SENS_OUT_3=29
THERMAL_SENS_OUT_4=29
THERMAL_SENS_OUT_5=33
THERMAL_SENS_OUT_6=-50
THERMAL_SENS_INT_1=26
THERMAL_SENS_INT_2=30
PG_5=1
PG_9=0
PG_12=1
FLT_P2=0
FLT_P3=0
HEAT_1_TEMP=26
HEAT_1_DUTY=0
HEAT_1_SP=-20.0
HEAT_2_TEMP=29
HEAT_2_DUTY=0
HEAT_2_SP=-20.0
HEAT_3_TEMP=29
HEAT_3_DUTY=0
HEAT_3_SP=-20.0
HEAT_4_TEMP=33
HEAT_4_DUTY=0
HEAT_4_SP=-20.0

[21:47:23.496 CUBESAT]
TS=1786203111.191
PG_5=1
PG_9=0
PG_12=0
FLT_P2=0
FLT_P3=0
HEAT_1_TEMP=0.0
HEAT_1_DUTY=0
HEAT_1_SP=-20.0
ENC_RAW=2190
ENC_ANGLE=48.1201171875
ENC_ACCUM=902.74658203125
AUTO_STOP=1
MOTOR_ANGLE=0.004941860465116279
MOTOR_ACCUM=822.5630813953488
MOTOR_ROT=1572

[21:47:24.134 EBOX]
TS=1786201343.695
V_SENSE5=0.927734375
V_SENSE9=0.0341796875
V_SENSE12=0.11474609375
ADC_V5=5.0091552734375
ADC_V9=9.345703125
ADC_V12=11.8768310546875
ADC_V28=27.860107421875
THERMAL_SENS_OUT_1=28
THERMAL_SENS_OUT_2=-50
THERMAL_SENS_OUT_3=24
THERMAL_SENS_OUT_4=27
THERMAL_SENS_OUT_5=30
THERMAL_SENS_OUT_6=-50
THERMAL_SENS_INT_1=29
THERMAL_SENS_INT_2=29
PG_5=1
PG_9=0
PG_12=1
FLT_P2=0
FLT_P3=0
HEAT_1_TEMP=28
HEAT_1_DUTY=0
HEAT_1_SP=-20.0
HEAT_2_TEMP=24
HEAT_2_DUTY=0
HEAT_2_SP=-20.0
HEAT_3_TEMP=27
HEAT_3_DUTY=0
HEAT_3_SP=-20.0
HEAT_4_TEMP=30
HEAT_4_DUTY=0
HEAT_4_SP=-20.0

[21:47:25.483 CUBESAT]
TS=1786203113.194
PG_5=1
PG_9=0
PG_12=0
FLT_P2=0
FLT_P3=0
HEAT_1_TEMP=0.0
HEAT_1_DUTY=0
HEAT_1_SP=-20.0
ENC_RAW=2190
ENC_ANGLE=48.1201171875
ENC_ACCUM=902.74658203125
AUTO_STOP=1
MOTOR_ANGLE=0.004941860465116279
MOTOR_ACCUM=822.5630813953488
MOTOR_ROT=1572

[21:47:26.103 EBOX]
TS=1786201345.697
V_SENSE5=1.259765625
V_SENSE9=0.0390625
V_SENSE12=0.10498046875
ADC_V5=4.991455078125
ADC_V9=9.38995361328125
ADC_V12=11.5936279296875
ADC_V28=27.58575439453125
THERMAL_SENS_OUT_1=31
THERMAL_SENS_OUT_2=-50
THERMAL_SENS_OUT_3=25
THERMAL_SENS_OUT_4=27
THERMAL_SENS_OUT_5=28
THERMAL_SENS_OUT_6=-50
THERMAL_SENS_INT_1=26
THERMAL_SENS_INT_2=30
PG_5=1
PG_9=0
PG_12=1
FLT_P2=0
FLT_P3=0
HEAT_1_TEMP=31
HEAT_1_DUTY=0
HEAT_1_SP=-20.0
HEAT_2_TEMP=25
HEAT_2_DUTY=0
HEAT_2_SP=-20.0
HEAT_3_TEMP=27
HEAT_3_DUTY=0
HEAT_3_SP=-20.0
HEAT_4_TEMP=28
HEAT_4_DUTY=0
HEAT_4_SP=-20.0

[21:47:27.517 CUBESAT]
TS=1786203115.198
PG_5=1
PG_9=0
PG_12=0
FLT_P2=0
FLT_P3=0
HEAT_1_TEMP=0.0
HEAT_1_DUTY=10
HEAT_1_SP=-20.0
ENC_RAW=2189
ENC_ANGLE=48.09814453125
ENC_ACCUM=902.724609375
AUTO_STOP=1
MOTOR_ANGLE=0.004941860465116279
MOTOR_ACCUM=822.5630813953488
MOTOR_ROT=1572

[21:47:28.943 EBOX]
TS=1786201347.709
V_SENSE5=0.99609375
V_SENSE9=0.0390625
V_SENSE12=0.09765625
ADC_V5=5.08880615234375
ADC_V9=9.10675048828125
ADC_V12=11.85028076171875
ADC_V28=27.3291015625
THERMAL_SENS_OUT_1=31
THERMAL_SENS_OUT_2=-50
THERMAL_SENS_OUT_3=30
THERMAL_SENS_OUT_4=25
THERMAL_SENS_OUT_5=33
THERMAL_SENS_OUT_6=-50
THERMAL_SENS_INT_1=27
THERMAL_SENS_INT_2=28
PG_5=1
PG_9=0
PG_12=1
FLT_P2=0
FLT_P3=0
HEAT_1_TEMP=31
HEAT_1_DUTY=0
HEAT_1_SP=-20.0
HEAT_2_TEMP=30
HEAT_2_DUTY=0
HEAT_2_SP=-20.0
HEAT_3_TEMP=25
HEAT_3_DUTY=0
HEAT_3_SP=-20.0
HEAT_4_TEMP=33
HEAT_4_DUTY=0
HEAT_4_SP=-20.0

[21:47:29.549 CUBESAT]
TS=1786203117.201
PG_5=1
PG_9=0
PG_12=0
FLT_P2=0
FLT_P3=0
HEAT_1_TEMP=0.0
HEAT_1_DUTY=0
HEAT_1_SP=-20.0
ENC_RAW=2192
ENC_ANGLE=48.1640625
ENC_ACCUM=902.79052734375
AUTO_STOP=1
MOTOR_ANGLE=0.004941860465116279
MOTOR_ACCUM=822.5630813953488
MOTOR_ROT=1572

[21:47:30.170 EBOX]
TS=1786201349.698
V_SENSE5=0.91796875
V_SENSE9=0.03662109375
V_SENSE12=0.15380859375
ADC_V5=4.9560546875
ADC_V9=9.2926025390625
ADC_V12=11.76177978515625
ADC_V28=28.143310546875
THERMAL_SENS_OUT_1=28
THERMAL_SENS_OUT_2=-50
THERMAL_SENS_OUT_3=26
THERMAL_SENS_OUT_4=30
THERMAL_SENS_OUT_5=27
THERMAL_SENS_OUT_6=-50
THERMAL_SENS_INT_1=26
THERMAL_SENS_INT_2=26
PG_5=1
PG_9=0
PG_12=1
FLT_P2=0
FLT_P3=0
HEAT_1_TEMP=28
HEAT_1_DUTY=0
HEAT_1_SP=-20.0
HEAT_2_TEMP=26
HEAT_2_DUTY=0
HEAT_2_SP=-20.0
HEAT_3_TEMP=30
HEAT_3_DUTY=0
HEAT_3_SP=-20.0
HEAT_4_TEMP=27
HEAT_4_DUTY=0
HEAT_4_SP=-20.0

[21:47:31.788 CUBESAT]
TS=1786203119.205
PG_5=1
PG_9=0
PG_12=0
FLT_P2=0
FLT_P3=0
HEAT_1_TEMP=0.0
HEAT_1_DUTY=0
HEAT_1_SP=-20.0
ENC_RAW=2187
ENC_ANGLE=48.05419921875
ENC_ACCUM=902.6806640625
AUTO_STOP=1
MOTOR_ANGLE=0.004941860465116279
MOTOR_ACCUM=822.5630813953488
MOTOR_ROT=1572

[21:47:32.199 EBOX]
TS=1786201351.700
V_SENSE5=0.96923828125
V_SENSE9=0.03662109375
V_SENSE12=0.09765625
ADC_V5=5.00030517578125
ADC_V9=9.2572021484375
ADC_V12=11.82373046875
ADC_V28=27.2760009765625
THERMAL_SENS_OUT_1=26
THERMAL_SENS_OUT_2=-50
THERMAL_SENS_OUT_3=29
THERMAL_SENS_OUT_4=26
THERMAL_SENS_OUT_5=32
THERMAL_SENS_OUT_6=-50
THERMAL_SENS_INT_1=29
THERMAL_SENS_INT_2=27
PG_5=1
PG_9=0
PG_12=1
FLT_P2=0
FLT_P3=0
HEAT_1_TEMP=26
HEAT_1_DUTY=0
HEAT_1_SP=-20.0
HEAT_2_TEMP=29
HEAT_2_DUTY=0
HEAT_2_SP=-20.0
HEAT_3_TEMP=26
HEAT_3_DUTY=0
HEAT_3_SP=-20.0
HEAT_4_TEMP=32
HEAT_4_DUTY=0
HEAT_4_SP=-20.0

[21:47:33.511 CUBESAT]
TS=1786203121.218
PG_5=1
PG_9=0
PG_12=0
FLT_P2=0
FLT_P3=0
HEAT_1_TEMP=0.0
HEAT_1_DUTY=0
HEAT_1_SP=-20.0
ENC_RAW=2188
ENC_ANGLE=48.076171875
ENC_ACCUM=902.70263671875
AUTO_STOP=1
MOTOR_ANGLE=0.004941860465116279
MOTOR_ACCUM=822.5630813953488
MOTOR_ROT=1572

[21:47:34.125 EBOX]
TS=1786201353.702
V_SENSE5=0.93017578125
V_SENSE9=0.0341796875
V_SENSE12=0.10986328125
ADC_V5=4.82330322265625
ADC_V9=8.92974853515625
ADC_V12=11.8414306640625
ADC_V28=27.39990234375
THERMAL_SENS_OUT_1=26
THERMAL_SENS_OUT_2=-50
THERMAL_SENS_OUT_3=24
THERMAL_SENS_OUT_4=27
THERMAL_SENS_OUT_5=28
THERMAL_SENS_OUT_6=-50
THERMAL_SENS_INT_1=25
THERMAL_SENS_INT_2=26
PG_5=1
PG_9=0
PG_12=1
FLT_P2=0
FLT_P3=0
HEAT_1_TEMP=26
HEAT_1_DUTY=0
HEAT_1_SP=-20.0
HEAT_2_TEMP=24
HEAT_2_DUTY=0
HEAT_2_SP=-20.0
HEAT_3_TEMP=27
HEAT_3_DUTY=0
HEAT_3_SP=-20.0
HEAT_4_TEMP=28
HEAT_4_DUTY=0
HEAT_4_SP=-20.0

[21:47:35.538 CUBESAT]
TS=1786203123.221
PG_5=1
PG_9=0
PG_12=0
FLT_P2=0
FLT_P3=0
HEAT_1_TEMP=0.0
HEAT_1_DUTY=0
HEAT_1_SP=-20.0
ENC_RAW=2187
ENC_ANGLE=48.05419921875
ENC_ACCUM=902.6806640625
AUTO_STOP=1
MOTOR_ANGLE=0.004941860465116279
MOTOR_ACCUM=822.5630813953488
MOTOR_ROT=1572

[21:47:36.153 EBOX]
TS=1786201355.712
V_SENSE5=1.08154296875
V_SENSE9=0.0341796875
V_SENSE12=0.11474609375
ADC_V5=4.849853515625
ADC_V9=8.9031982421875
ADC_V12=11.7352294921875
ADC_V28=28.072509765625
THERMAL_SENS_OUT_1=26
THERMAL_SENS_OUT_2=-50
THERMAL_SENS_OUT_3=31
THERMAL_SENS_OUT_4=29
THERMAL_SENS_OUT_5=29
THERMAL_SENS_OUT_6=-50
THERMAL_SENS_INT_1=29
THERMAL_SENS_INT_2=27
PG_5=1
PG_9=0
PG_12=1
FLT_P2=0
FLT_P3=0
HEAT_1_TEMP=26
HEAT_1_DUTY=0
HEAT_1_SP=-20.0
HEAT_2_TEMP=31
HEAT_2_DUTY=0
HEAT_2_SP=-20.0
HEAT_3_TEMP=29
HEAT_3_DUTY=0
HEAT_3_SP=-20.0
HEAT_4_TEMP=29
HEAT_4_DUTY=0
HEAT_4_SP=-20.0

[21:47:37.764 CUBESAT]
TS=1786203125.224
PG_5=1
PG_9=0
PG_12=0
FLT_P2=0
FLT_P3=0
HEAT_1_TEMP=0.0
HEAT_1_DUTY=10
HEAT_1_SP=-20.0
ENC_RAW=2185
ENC_ANGLE=48.01025390625
ENC_ACCUM=902.63671875
AUTO_STOP=1
MOTOR_ANGLE=0.004941860465116279
MOTOR_ACCUM=822.5630813953488
MOTOR_ROT=1572

[21:47:38.181 EBOX]
TS=1786201357.706
V_SENSE5=0.9375
V_SENSE9=0.0341796875
V_SENSE12=0.12451171875
ADC_V5=5.02685546875
ADC_V9=8.96514892578125
ADC_V12=11.86798095703125
ADC_V28=27.2406005859375
THERMAL_SENS_OUT_1=29
THERMAL_SENS_OUT_2=-50
THERMAL_SENS_OUT_3=25
THERMAL_SENS_OUT_4=29
THERMAL_SENS_OUT_5=27
THERMAL_SENS_OUT_6=-50
THERMAL_SENS_INT_1=29
THERMAL_SENS_INT_2=27
PG_5=1
PG_9=0
PG_12=1
FLT_P2=0
FLT_P3=0
HEAT_1_TEMP=29
HEAT_1_DUTY=0
HEAT_1_SP=-20.0
HEAT_2_TEMP=25
HEAT_2_DUTY=0
HEAT_2_SP=-20.0
HEAT_3_TEMP=29
HEAT_3_DUTY=0
HEAT_3_SP=-20.0
HEAT_4_TEMP=27
HEAT_4_DUTY=0
HEAT_4_SP=-20.0

[21:47:39.493 CUBESAT]
TS=1786203127.228
PG_5=1
PG_9=0
PG_12=0
FLT_P2=0
FLT_P3=0
HEAT_1_TEMP=0.0
HEAT_1_DUTY=0
HEAT_1_SP=-20.0
ENC_RAW=2189
ENC_ANGLE=48.09814453125
ENC_ACCUM=902.724609375
AUTO_STOP=1
MOTOR_ANGLE=0.004941860465116279
MOTOR_ACCUM=822.5630813953488
MOTOR_ROT=1572

[21:47:40.209 EBOX]
TS=1786201359.715
V_SENSE5=0.83251953125
V_SENSE9=0.0341796875
V_SENSE12=0.09765625
ADC_V5=4.98260498046875
ADC_V9=8.885498046875
ADC_V12=11.72637939453125
ADC_V28=28.09906005859375
THERMAL_SENS_OUT_1=27
THERMAL_SENS_OUT_2=-50
THERMAL_SENS_OUT_3=28
THERMAL_SENS_OUT_4=27
THERMAL_SENS_OUT_5=30
THERMAL_SENS_OUT_6=-50
THERMAL_SENS_INT_1=31
THERMAL_SENS_INT_2=28
PG_5=1
PG_9=0
PG_12=1
FLT_P2=0
FLT_P3=0
HEAT_1_TEMP=27
HEAT_1_DUTY=0
HEAT_1_SP=-20.0
HEAT_2_TEMP=28
HEAT_2_DUTY=0
HEAT_2_SP=-20.0
HEAT_3_TEMP=27
HEAT_3_DUTY=0
HEAT_3_SP=-20.0
HEAT_4_TEMP=30
HEAT_4_DUTY=0
HEAT_4_SP=-20.0

[21:47:41.519 CUBESAT]
TS=1786203129.231
PG_5=1
PG_9=0
PG_12=0
FLT_P2=0
FLT_P3=0
HEAT_1_TEMP=0.0
HEAT_1_DUTY=0
HEAT_1_SP=-20.0
ENC_RAW=2186
ENC_ANGLE=48.0322265625
ENC_ACCUM=902.65869140625
AUTO_STOP=1
MOTOR_ANGLE=0.004941860465116279
MOTOR_ACCUM=822.5630813953488
MOTOR_ROT=1572

[21:47:42.438 EBOX]
TS=1786201361.709
V_SENSE5=0.92041015625
V_SENSE9=0.0341796875
V_SENSE12=0.13671875
ADC_V5=4.8321533203125
ADC_V9=9.19525146484375
ADC_V12=11.86798095703125
ADC_V28=28.22296142578125
THERMAL_SENS_OUT_1=27
THERMAL_SENS_OUT_2=-50
THERMAL_SENS_OUT_3=25
THERMAL_SENS_OUT_4=30
THERMAL_SENS_OUT_5=28
THERMAL_SENS_OUT_6=-50
THERMAL_SENS_INT_1=24
THERMAL_SENS_INT_2=28
PG_5=1
PG_9=0
PG_12=1
FLT_P2=0
FLT_P3=0
HEAT_1_TEMP=27
HEAT_1_DUTY=0
HEAT_1_SP=-20.0
HEAT_2_TEMP=25
HEAT_2_DUTY=0
HEAT_2_SP=-20.0
HEAT_3_TEMP=30
HEAT_3_DUTY=0
HEAT_3_SP=-20.0
HEAT_4_TEMP=28
HEAT_4_DUTY=0
HEAT_4_SP=-20.0

[21:47:43.550 CUBESAT]
TS=1786203131.235
PG_5=1
PG_9=0
PG_12=0
FLT_P2=0
FLT_P3=0
HEAT_1_TEMP=0.0
HEAT_1_DUTY=0
HEAT_1_SP=-20.0
ENC_RAW=2186
ENC_ANGLE=48.0322265625
ENC_ACCUM=902.65869140625
AUTO_STOP=1
MOTOR_ANGLE=0.004941860465116279
MOTOR_ACCUM=822.5630813953488
MOTOR_ROT=1572

[21:47:44.166 EBOX]
TS=1786201363.712
V_SENSE5=0.91064453125
V_SENSE9=0.0341796875
V_SENSE12=0.1318359375
ADC_V5=4.9560546875
ADC_V9=9.17755126953125
ADC_V12=11.717529296875
ADC_V28=28.143310546875
THERMAL_SENS_OUT_1=29
THERMAL_SENS_OUT_2=-50
THERMAL_SENS_OUT_3=27
THERMAL_SENS_OUT_4=30
THERMAL_SENS_OUT_5=32
THERMAL_SENS_OUT_6=-50
THERMAL_SENS_INT_1=28
THERMAL_SENS_INT_2=29
PG_5=1
PG_9=0
PG_12=1
FLT_P2=0
FLT_P3=0
HEAT_1_TEMP=29
HEAT_1_DUTY=0
HEAT_1_SP=-20.0
HEAT_2_TEMP=27
HEAT_2_DUTY=0
HEAT_2_SP=-20.0
HEAT_3_TEMP=30
HEAT_3_DUTY=0
HEAT_3_SP=-20.0
HEAT_4_TEMP=32
HEAT_4_DUTY=0
HEAT_4_SP=-20.0

[21:47:45.577 CUBESAT]
TS=1786203133.238
PG_5=1
PG_9=0
PG_12=0
FLT_P2=0
FLT_P3=0
HEAT_1_TEMP=0.0
HEAT_1_DUTY=0
HEAT_1_SP=-20.0
ENC_RAW=2188
ENC_ANGLE=48.076171875
ENC_ACCUM=902.70263671875
AUTO_STOP=1
MOTOR_ANGLE=0.004941860465116279
MOTOR_ACCUM=822.5630813953488
MOTOR_ROT=1572

[21:47:47.491 CUBESAT]
TS=1786203135.245
PG_5=1
PG_9=0
PG_12=0
FLT_P2=0
FLT_P3=0
HEAT_1_TEMP=0.0
HEAT_1_DUTY=10
HEAT_1_SP=-20.0
ENC_RAW=2189
ENC_ANGLE=48.09814453125
ENC_ACCUM=902.724609375
AUTO_STOP=1
MOTOR_ANGLE=0.004941860465116279
MOTOR_ACCUM=822.5630813953488
MOTOR_ROT=1572

[21:47:49.502 CUBESAT]
TS=1786203137.246
PG_5=1
PG_9=0
PG_12=0
FLT_P2=0
FLT_P3=0
HEAT_1_TEMP=0.0
HEAT_1_DUTY=0
HEAT_1_SP=-20.0
ENC_RAW=2188
ENC_ANGLE=48.076171875
ENC_ACCUM=902.70263671875
AUTO_STOP=1
MOTOR_ANGLE=0.004941860465116279
MOTOR_ACCUM=822.5630813953488
MOTOR_ROT=1572

[21:47:51.515 CUBESAT]
TS=1786203139.248
PG_5=1
PG_9=0
PG_12=0
FLT_P2=0
FLT_P3=0
HEAT_1_TEMP=0.0
HEAT_1_DUTY=0
HEAT_1_SP=-20.0
ENC_RAW=2189
ENC_ANGLE=48.09814453125
ENC_ACCUM=902.724609375
AUTO_STOP=1
MOTOR_ANGLE=0.004941860465116279
MOTOR_ACCUM=822.5630813953488
MOTOR_ROT=1572

[21:47:53.526 CUBESAT]
TS=1786203141.251
PG_5=1
PG_9=0
PG_12=0
FLT_P2=0
FLT_P3=0
HEAT_1_TEMP=0.0
HEAT_1_DUTY=0
HEAT_1_SP=-20.0
ENC_RAW=2190
ENC_ANGLE=48.1201171875
ENC_ACCUM=902.74658203125
AUTO_STOP=1
MOTOR_ANGLE=0.004941860465116279
MOTOR_ACCUM=822.5630813953488
MOTOR_ROT=1572

[21:47:55.541 CUBESAT]
TS=1786203143.255
PG_5=1
PG_9=0
PG_12=0
FLT_P2=0
FLT_P3=0
HEAT_1_TEMP=0.0
HEAT_1_DUTY=0
HEAT_1_SP=-20.0
ENC_RAW=2187
ENC_ANGLE=48.05419921875
ENC_ACCUM=902.6806640625
AUTO_STOP=1
MOTOR_ANGLE=0.004941860465116279
MOTOR_ACCUM=822.5630813953488
MOTOR_ROT=1572

[21:47:57.556 CUBESAT]
TS=1786203145.258
PG_5=1
PG_9=0
PG_12=0
FLT_P2=0
FLT_P3=0
HEAT_1_TEMP=0.0
HEAT_1_DUTY=0
HEAT_1_SP=-20.0
ENC_RAW=2189
ENC_ANGLE=48.09814453125
ENC_ACCUM=902.724609375
AUTO_STOP=1
MOTOR_ANGLE=0.004941860465116279
MOTOR_ACCUM=822.5630813953488
MOTOR_ROT=1572

[21:47:59.571 CUBESAT]
TS=1786203147.261
PG_5=1
PG_9=0
PG_12=0
FLT_P2=0
FLT_P3=0
HEAT_1_TEMP=0.0
HEAT_1_DUTY=0
HEAT_1_SP=-20.0
ENC_RAW=2189
ENC_ANGLE=48.09814453125
ENC_ACCUM=902.724609375
AUTO_STOP=1
MOTOR_ANGLE=0.004941860465116279
MOTOR_ACCUM=822.5630813953488
MOTOR_ROT=1572

[21:48:01.592 CUBESAT]
TS=1786203149.264
PG_5=1
PG_9=0
PG_12=0
FLT_P2=0
FLT_P3=0
HEAT_1_TEMP=0.0
HEAT_1_DUTY=0
HEAT_1_SP=-20.0
ENC_RAW=2189
ENC_ANGLE=48.09814453125
ENC_ACCUM=902.724609375
AUTO_STOP=1
MOTOR_ANGLE=0.004941860465116279
MOTOR_ACCUM=822.5630813953488
MOTOR_ROT=1572

[21:48:03.551 CUBESAT]
TS=1786203151.268
PG_5=1
PG_9=0
PG_12=0
FLT_P2=0
FLT_P3=0
HEAT_1_TEMP=0.0
HEAT_1_DUTY=10
HEAT_1_SP=-20.0
ENC_RAW=2185
ENC_ANGLE=48.01025390625
ENC_ACCUM=902.63671875
AUTO_STOP=1
MOTOR_ANGLE=0.004941860465116279
MOTOR_ACCUM=822.5630813953488
MOTOR_ROT=1572

[21:48:05.567 CUBESAT]
TS=1786203153.271
PG_5=1
PG_9=0
PG_12=0
FLT_P2=0
FLT_P3=0
HEAT_1_TEMP=0.0
HEAT_1_DUTY=0
HEAT_1_SP=-20.0
ENC_RAW=2190
ENC_ANGLE=48.1201171875
ENC_ACCUM=902.74658203125
AUTO_STOP=1
MOTOR_ANGLE=0.004941860465116279
MOTOR_ACCUM=822.5630813953488
MOTOR_ROT=1572

[21:48:07.772 CUBESAT]
TS=1786203155.275
PG_5=1
PG_9=0
PG_12=0
FLT_P2=0
FLT_P3=0
HEAT_1_TEMP=0.0
HEAT_1_DUTY=0
HEAT_1_SP=-20.0
ENC_RAW=2189
ENC_ANGLE=48.09814453125
ENC_ACCUM=902.724609375
AUTO_STOP=1
MOTOR_ANGLE=0.004941860465116279
MOTOR_ACCUM=822.5630813953488
MOTOR_ROT=1572

[21:48:09.558 CUBESAT]
TS=1786203157.278
PG_5=1
PG_9=0
PG_12=0
FLT_P2=0
FLT_P3=0
HEAT_1_TEMP=0.0
HEAT_1_DUTY=0
HEAT_1_SP=-20.0
ENC_RAW=2190
ENC_ANGLE=48.1201171875
ENC_ACCUM=902.74658203125
AUTO_STOP=1
MOTOR_ANGLE=0.004941860465116279
MOTOR_ACCUM=822.5630813953488
MOTOR_ROT=1572

[21:48:11.578 CUBESAT]
TS=1786203159.285
PG_5=1
PG_9=0
PG_12=0
FLT_P2=0
FLT_P3=0
HEAT_1_TEMP=0.0
HEAT_1_DUTY=0
HEAT_1_SP=-20.0
ENC_RAW=2190
ENC_ANGLE=48.1201171875
ENC_ACCUM=902.74658203125
AUTO_STOP=1
MOTOR_ANGLE=0.004941860465116279
MOTOR_ACCUM=822.5630813953488
MOTOR_ROT=1572

[21:48:13.591 CUBESAT]
TS=1786203161.287
PG_5=1
PG_9=0
PG_12=0
FLT_P2=0
FLT_P3=0
HEAT_1_TEMP=0.0
HEAT_1_DUTY=10
HEAT_1_SP=-20.0
ENC_RAW=2190
ENC_ANGLE=48.1201171875
ENC_ACCUM=902.74658203125
AUTO_STOP=1
MOTOR_ANGLE=0.004941860465116279
MOTOR_ACCUM=822.5630813953488
MOTOR_ROT=1572

[21:48:15.606 CUBESAT]
TS=1786203163.289
PG_5=1
PG_9=0
PG_12=0
FLT_P2=0
FLT_P3=0
HEAT_1_TEMP=0.0
HEAT_1_DUTY=0
HEAT_1_SP=-20.0
ENC_RAW=2190
ENC_ANGLE=48.1201171875
ENC_ACCUM=902.74658203125
AUTO_STOP=1
MOTOR_ANGLE=0.004941860465116279
MOTOR_ACCUM=822.5630813953488
MOTOR_ROT=1572

[21:48:17.620 CUBESAT]
TS=1786203165.291
PG_5=1
PG_9=0
PG_12=0
FLT_P2=0
FLT_P3=0
HEAT_1_TEMP=0.0
HEAT_1_DUTY=0
HEAT_1_SP=-20.0
ENC_RAW=2191
ENC_ANGLE=48.14208984375
ENC_ACCUM=902.7685546875
AUTO_STOP=1
MOTOR_ANGLE=0.004941860465116279
MOTOR_ACCUM=822.5630813953488
MOTOR_ROT=1572

[21:48:20.138 CUBESAT]
TS=1786203167.295
PG_5=1
PG_9=0
PG_12=0
FLT_P2=0
FLT_P3=0
HEAT_1_TEMP=0.0
HEAT_1_DUTY=10
HEAT_1_SP=-20.0
ENC_RAW=2185
ENC_ANGLE=48.01025390625
ENC_ACCUM=902.63671875
AUTO_STOP=1
MOTOR_ANGLE=0.004941860465116279
MOTOR_ACCUM=822.5630813953488
MOTOR_ROT=1572

[21:48:21.850 CUBESAT]
TS=1786203169.298
PG_5=1
PG_9=0
PG_12=0
FLT_P2=0
FLT_P3=0
HEAT_1_TEMP=0.0
HEAT_1_DUTY=0
HEAT_1_SP=-20.0
ENC_RAW=2187
ENC_ANGLE=48.05419921875
ENC_ACCUM=902.6806640625
AUTO_STOP=1
MOTOR_ANGLE=0.004941860465116279
MOTOR_ACCUM=822.5630813953488
MOTOR_ROT=1572

[21:48:23.566 CUBESAT]
TS=1786203171.302
PG_5=1
PG_9=0
PG_12=0
FLT_P2=0
FLT_P3=0
HEAT_1_TEMP=0.0
HEAT_1_DUTY=0
HEAT_1_SP=-20.0
ENC_RAW=2188
ENC_ANGLE=48.076171875
ENC_ACCUM=902.70263671875
AUTO_STOP=1
MOTOR_ANGLE=0.004941860465116279
MOTOR_ACCUM=822.5630813953488
MOTOR_ROT=1572

[21:48:25.581 CUBESAT]
TS=1786203173.304
PG_5=1
PG_9=0
PG_12=0
FLT_P2=0
FLT_P3=0
HEAT_1_TEMP=0.0
HEAT_1_DUTY=0
HEAT_1_SP=-20.0
ENC_RAW=2189
ENC_ANGLE=48.09814453125
ENC_ACCUM=902.724609375
AUTO_STOP=1
MOTOR_ANGLE=0.004941860465116279
MOTOR_ACCUM=822.5630813953488
MOTOR_ROT=1572

[21:48:27.596 CUBESAT]
TS=1786203175.308
PG_5=1
PG_9=0
PG_12=0
FLT_P2=0
FLT_P3=0
HEAT_1_TEMP=0.0
HEAT_1_DUTY=0
HEAT_1_SP=-20.0
ENC_RAW=2186
ENC_ANGLE=48.0322265625
ENC_ACCUM=902.65869140625
AUTO_STOP=1
MOTOR_ANGLE=0.004941860465116279
MOTOR_ACCUM=822.5630813953488
MOTOR_ROT=1572

[21:48:29.610 CUBESAT]
TS=1786203177.311
PG_5=1
PG_9=0
PG_12=0
FLT_P2=0
FLT_P3=0
HEAT_1_TEMP=0.0
HEAT_1_DUTY=10
HEAT_1_SP=-20.0
ENC_RAW=2189
ENC_ANGLE=48.09814453125
ENC_ACCUM=902.724609375
AUTO_STOP=1
MOTOR_ANGLE=0.004941860465116279
MOTOR_ACCUM=822.5630813953488
MOTOR_ROT=1572

[21:48:31.625 CUBESAT]
TS=1786203179.315
PG_5=1
PG_9=0
PG_12=0
FLT_P2=0
FLT_P3=0
HEAT_1_TEMP=0.0
HEAT_1_DUTY=0
HEAT_1_SP=-20.0
ENC_RAW=2190
ENC_ANGLE=48.1201171875
ENC_ACCUM=902.74658203125
AUTO_STOP=1
MOTOR_ANGLE=0.004941860465116279
MOTOR_ACCUM=822.5630813953488
MOTOR_ROT=1572

[21:48:33.639 CUBESAT]
TS=1786203181.318
PG_5=1
PG_9=0
PG_12=0
FLT_P2=0
FLT_P3=0
HEAT_1_TEMP=0.0
HEAT_1_DUTY=0
HEAT_1_SP=-20.0
ENC_RAW=2190
ENC_ANGLE=48.1201171875
ENC_ACCUM=902.74658203125
AUTO_STOP=1
MOTOR_ANGLE=0.004941860465116279
MOTOR_ACCUM=822.5630813953488
MOTOR_ROT=1572

[21:48:35.654 CUBESAT]
TS=1786203183.322
PG_5=1
PG_9=0
PG_12=0
FLT_P2=0
FLT_P3=0
HEAT_1_TEMP=0.0
HEAT_1_DUTY=0
HEAT_1_SP=-20.0
ENC_RAW=2188
ENC_ANGLE=48.076171875
ENC_ACCUM=902.70263671875
AUTO_STOP=1
MOTOR_ANGLE=0.004941860465116279
MOTOR_ACCUM=822.5630813953488
MOTOR_ROT=1572

[21:48:37.670 CUBESAT]
TS=1786203185.324
PG_5=1
PG_9=0
PG_12=0
FLT_P2=0
FLT_P3=0
HEAT_1_TEMP=0.0
HEAT_1_DUTY=0
HEAT_1_SP=-20.0
ENC_RAW=2189
ENC_ANGLE=48.09814453125
ENC_ACCUM=902.724609375
AUTO_STOP=1
MOTOR_ANGLE=0.004941860465116279
MOTOR_ACCUM=822.5630813953488
MOTOR_ROT=1572

[21:48:39.585 CUBESAT]
TS=1786203187.328
PG_5=1
PG_9=0
PG_12=0
FLT_P2=0
FLT_P3=0
HEAT_1_TEMP=0.0
HEAT_1_DUTY=10
HEAT_1_SP=-20.0
ENC_RAW=2188
ENC_ANGLE=48.076171875
ENC_ACCUM=902.70263671875
AUTO_STOP=1
MOTOR_ANGLE=0.004941860465116279
MOTOR_ACCUM=822.5630813953488
MOTOR_ROT=1572

[21:48:41.599 CUBESAT]
TS=1786203189.331
PG_5=1
PG_9=0
PG_12=0
FLT_P2=0
FLT_P3=0
HEAT_1_TEMP=0.0
HEAT_1_DUTY=0
HEAT_1_SP=-20.0
ENC_RAW=2189
ENC_ANGLE=48.09814453125
ENC_ACCUM=902.724609375
AUTO_STOP=1
MOTOR_ANGLE=0.004941860465116279
MOTOR_ACCUM=822.5630813953488
MOTOR_ROT=1572

[21:48:43.615 CUBESAT]
TS=1786203191.334
PG_5=1
PG_9=0
PG_12=0
FLT_P2=0
FLT_P3=0
HEAT_1_TEMP=0.0
HEAT_1_DUTY=0
HEAT_1_SP=-20.0
ENC_RAW=2190
ENC_ANGLE=48.1201171875
ENC_ACCUM=902.74658203125
AUTO_STOP=1
MOTOR_ANGLE=0.004941860465116279
MOTOR_ACCUM=822.5630813953488
MOTOR_ROT=1572

[21:48:45.629 CUBESAT]
TS=1786203193.338
PG_5=1
PG_9=0
PG_12=0
FLT_P2=0
FLT_P3=0
HEAT_1_TEMP=0.0
HEAT_1_DUTY=0
HEAT_1_SP=-20.0
ENC_RAW=2188
ENC_ANGLE=48.076171875
ENC_ACCUM=902.70263671875
AUTO_STOP=1
MOTOR_ANGLE=0.004941860465116279
MOTOR_ACCUM=822.5630813953488
MOTOR_ROT=1572

[21:48:47.846 CUBESAT]
TS=1786203195.341
PG_5=1
PG_9=0
PG_12=0
FLT_P2=0
FLT_P3=0
HEAT_1_TEMP=0.0
HEAT_1_DUTY=0
HEAT_1_SP=-20.0
ENC_RAW=2188
ENC_ANGLE=48.076171875
ENC_ACCUM=902.70263671875
AUTO_STOP=1
MOTOR_ANGLE=0.004941860465116279
MOTOR_ACCUM=822.5630813953488
MOTOR_ROT=1572

[21:48:49.861 CUBESAT]
TS=1786203197.345
PG_5=1
PG_9=0
PG_12=0
FLT_P2=0
FLT_P3=0
HEAT_1_TEMP=0.0
HEAT_1_DUTY=10
HEAT_1_SP=-20.0
ENC_RAW=2189
ENC_ANGLE=48.09814453125
ENC_ACCUM=902.724609375
AUTO_STOP=1
MOTOR_ANGLE=0.004941860465116279
MOTOR_ACCUM=822.5630813953488
MOTOR_ROT=1572

[21:48:51.677 CUBESAT]
TS=1786203199.348
PG_5=1
PG_9=0
PG_12=0
FLT_P2=0
FLT_P3=0
HEAT_1_TEMP=0.0
HEAT_1_DUTY=0
HEAT_1_SP=-20.0
ENC_RAW=2188
ENC_ANGLE=48.076171875
ENC_ACCUM=902.70263671875
AUTO_STOP=1
MOTOR_ANGLE=0.004941860465116279
MOTOR_ACCUM=822.5630813953488
MOTOR_ROT=1572

[21:48:53.592 CUBESAT]
TS=1786203201.351
PG_5=1
PG_9=0
PG_12=0
FLT_P2=0
FLT_P3=0
HEAT_1_TEMP=0.0
HEAT_1_DUTY=0
HEAT_1_SP=-20.0
ENC_RAW=2190
ENC_ANGLE=48.1201171875
ENC_ACCUM=902.74658203125
AUTO_STOP=1
MOTOR_ANGLE=0.004941860465116279
MOTOR_ACCUM=822.5630813953488
MOTOR_ROT=1572

[21:48:55.608 CUBESAT]
TS=1786203203.355
PG_5=1
PG_9=0
PG_12=0
FLT_P2=0
FLT_P3=0
HEAT_1_TEMP=0.0
HEAT_1_DUTY=10
HEAT_1_SP=-20.0
ENC_RAW=2185
ENC_ANGLE=48.01025390625
ENC_ACCUM=902.63671875
AUTO_STOP=1
MOTOR_ANGLE=0.004941860465116279
MOTOR_ACCUM=822.5630813953488
MOTOR_ROT=1572

[21:48:57.622 CUBESAT]
TS=1786203205.356
PG_5=1
PG_9=0
PG_12=0
FLT_P2=0
FLT_P3=0
HEAT_1_TEMP=0.0
HEAT_1_DUTY=0
HEAT_1_SP=-20.0
ENC_RAW=2187
ENC_ANGLE=48.05419921875
ENC_ACCUM=902.6806640625
AUTO_STOP=1
MOTOR_ANGLE=0.004941860465116279
MOTOR_ACCUM=822.5630813953488
MOTOR_ROT=1572

[21:48:59.638 CUBESAT]
TS=1786203207.358
PG_5=1
PG_9=0
PG_12=0
FLT_P2=0
FLT_P3=0
HEAT_1_TEMP=0.0
HEAT_1_DUTY=0
HEAT_1_SP=-20.0
ENC_RAW=2184
ENC_ANGLE=47.98828125
ENC_ACCUM=902.61474609375
AUTO_STOP=1
MOTOR_ANGLE=0.004941860465116279
MOTOR_ACCUM=822.5630813953488
MOTOR_ROT=1572

[21:49:01.654 CUBESAT]
TS=1786203209.361
PG_5=1
PG_9=0
PG_12=0
FLT_P2=0
FLT_P3=0
HEAT_1_TEMP=0.0
HEAT_1_DUTY=0
HEAT_1_SP=-20.0
ENC_RAW=2188
ENC_ANGLE=48.076171875
ENC_ACCUM=902.70263671875
AUTO_STOP=1
MOTOR_ANGLE=0.004941860465116279
MOTOR_ACCUM=822.5630813953488
MOTOR_ROT=1572

[21:49:03.672 CUBESAT]
TS=1786203211.365
PG_5=1
PG_9=0
PG_12=0
FLT_P2=0
FLT_P3=0
HEAT_1_TEMP=0.0
HEAT_1_DUTY=0
HEAT_1_SP=-20.0
ENC_RAW=2186
ENC_ANGLE=48.0322265625
ENC_ACCUM=902.65869140625
AUTO_STOP=1
MOTOR_ANGLE=0.004941860465116279
MOTOR_ACCUM=822.5630813953488
MOTOR_ROT=1572

[21:49:06.592 CUBESAT]
TS=1786203213.368
PG_5=1
PG_9=0
PG_12=0
FLT_P2=0
FLT_P3=0
HEAT_1_TEMP=0.0
HEAT_1_DUTY=10
HEAT_1_SP=-20.0
ENC_RAW=2191
ENC_ANGLE=48.14208984375
ENC_ACCUM=902.7685546875
AUTO_STOP=1
MOTOR_ANGLE=0.004941860465116279
MOTOR_ACCUM=822.5630813953488
MOTOR_ROT=1572

[21:49:07.607 CUBESAT]
TS=1786203215.371
PG_5=1
PG_9=0
PG_12=0
FLT_P2=0
FLT_P3=0
HEAT_1_TEMP=0.0
HEAT_1_DUTY=0
HEAT_1_SP=-20.0
ENC_RAW=2191
ENC_ANGLE=48.14208984375
ENC_ACCUM=902.7685546875
AUTO_STOP=1
MOTOR_ANGLE=0.004941860465116279
MOTOR_ACCUM=822.5630813953488
MOTOR_ROT=1572

[21:49:11.795 CUBESAT]
TS=1786203217.374
PG_5=1
PG_9=0
PG_12=0
FLT_P2=0
FLT_P3=0
HEAT_1_TEMP=0.0
HEAT_1_DUTY=0
HEAT_1_SP=-20.0
ENC_RAW=2188
ENC_ANGLE=48.076171875
ENC_ACCUM=902.70263671875
AUTO_STOP=1
MOTOR_ANGLE=0.004941860465116279
MOTOR_ACCUM=822.5630813953488
MOTOR_ROT=1572
TS=1786203219.378
PG_5=1
PG_9=0
PG_12=0
FLT_P2=0
FLT_P3=0
HEAT_1_TEMP=0.0
HEAT_1_DUTY=0
HEAT_1_SP=-20.0
ENC_RAW=2188
ENC_ANGLE=48.076171875
ENC_ACCUM=902.70263671875
AUTO_STOP=1
MOTOR_ANGLE=0.004941860465116279
MOTOR_ACCUM=822.5630813953488
MOTOR_ROT=1572

[21:49:11.818 EBOX]
TS=1786201449.933
V_SENSE5=0.849609375
V_SENSE9=0.03662109375
V_SENSE12=0.107421875
ADC_V5=5.08880615234375
ADC_V9=9.30145263671875
ADC_V12=11.72637939453125
ADC_V28=28.10791015625
THERMAL_SENS_OUT_1=26
THERMAL_SENS_OUT_2=-50
THERMAL_SENS_OUT_3=27
THERMAL_SENS_OUT_4=28
THERMAL_SENS_OUT_5=29
THERMAL_SENS_OUT_6=-50
THERMAL_SENS_INT_1=30
THERMAL_SENS_INT_2=27
PG_5=1
PG_9=0
PG_12=1
FLT_P2=0
FLT_P3=0
HEAT_1_TEMP=26
HEAT_1_DUTY=0
HEAT_1_SP=-20.0
HEAT_2_TEMP=27
HEAT_2_DUTY=0
HEAT_2_SP=-20.0
HEAT_3_TEMP=28
HEAT_3_DUTY=0
HEAT_3_SP=-20.0
HEAT_4_TEMP=29
HEAT_4_DUTY=0
HEAT_4_SP=-20.0

[21:49:13.759 EBOX]
TS=1786201451.920
V_SENSE5=0.99365234375
V_SENSE9=0.0341796875
V_SENSE12=0.09765625
ADC_V5=4.84100341796875
ADC_V9=9.03594970703125
ADC_V12=11.7352294921875
ADC_V28=27.60345458984375
THERMAL_SENS_OUT_1=25
THERMAL_SENS_OUT_2=-50
THERMAL_SENS_OUT_3=27
THERMAL_SENS_OUT_4=28
THERMAL_SENS_OUT_5=26
THERMAL_SENS_OUT_6=-50
THERMAL_SENS_INT_1=30
THERMAL_SENS_INT_2=29
PG_5=1
PG_9=0
PG_12=1
FLT_P2=0
FLT_P3=0
HEAT_1_TEMP=25
HEAT_1_DUTY=0
HEAT_1_SP=-20.0
HEAT_2_TEMP=27
HEAT_2_DUTY=0
HEAT_2_SP=-20.0
HEAT_3_TEMP=28
HEAT_3_DUTY=0
HEAT_3_SP=-20.0
HEAT_4_TEMP=26
HEAT_4_DUTY=0
HEAT_4_SP=-20.0

[21:49:13.915 CUBESAT]
TS=1786203221.381
PG_5=1
PG_9=0
PG_12=0
FLT_P2=0
FLT_P3=0
HEAT_1_TEMP=0.0
HEAT_1_DUTY=0
HEAT_1_SP=-20.0
ENC_RAW=2187
ENC_ANGLE=48.05419921875
ENC_ACCUM=902.6806640625
AUTO_STOP=1
MOTOR_ANGLE=0.004941860465116279
MOTOR_ACCUM=822.5630813953488
MOTOR_ROT=1572

[21:49:15.630 CUBESAT]
TS=1786203223.385
PG_5=1
PG_9=0
PG_12=0
FLT_P2=0
FLT_P3=0
HEAT_1_TEMP=0.0
HEAT_1_DUTY=10
HEAT_1_SP=-20.0
ENC_RAW=2187
ENC_ANGLE=48.05419921875
ENC_ACCUM=902.6806640625
AUTO_STOP=1
MOTOR_ANGLE=0.004941860465116279
MOTOR_ACCUM=822.5630813953488
MOTOR_ROT=1572

[21:49:15.788 EBOX]
TS=1786201453.922
V_SENSE5=1.1328125
V_SENSE9=0.03662109375
V_SENSE12=0.09521484375
ADC_V5=4.88525390625
ADC_V9=9.239501953125
ADC_V12=11.86798095703125
ADC_V28=27.96630859375
THERMAL_SENS_OUT_1=29
THERMAL_SENS_OUT_2=-50
THERMAL_SENS_OUT_3=24
THERMAL_SENS_OUT_4=25
THERMAL_SENS_OUT_5=26
THERMAL_SENS_OUT_6=-50
THERMAL_SENS_INT_1=28
THERMAL_SENS_INT_2=29
PG_5=1
PG_9=0
PG_12=1
FLT_P2=0
FLT_P3=0
HEAT_1_TEMP=29
HEAT_1_DUTY=0
HEAT_1_SP=-20.0
HEAT_2_TEMP=24
HEAT_2_DUTY=0
HEAT_2_SP=-20.0
HEAT_3_TEMP=25
HEAT_3_DUTY=0
HEAT_3_SP=-20.0
HEAT_4_TEMP=26
HEAT_4_DUTY=0
HEAT_4_SP=-20.0

[21:49:17.648 CUBESAT]
TS=1786203225.388
PG_5=1
PG_9=0
PG_12=0
FLT_P2=0
FLT_P3=0
HEAT_1_TEMP=0.0
HEAT_1_DUTY=0
HEAT_1_SP=-20.0
ENC_RAW=2189
ENC_ANGLE=48.09814453125
ENC_ACCUM=902.724609375
AUTO_STOP=1
MOTOR_ANGLE=0.004941860465116279
MOTOR_ACCUM=822.5630813953488
MOTOR_ROT=1572

[21:49:17.820 EBOX]
TS=1786201455.923
V_SENSE5=1.21826171875
V_SENSE9=0.03662109375
V_SENSE12=0.107421875
ADC_V5=5.0091552734375
ADC_V9=9.27490234375
ADC_V12=11.62017822265625
ADC_V28=28.0902099609375
THERMAL_SENS_OUT_1=29
THERMAL_SENS_OUT_2=-50
THERMAL_SENS_OUT_3=27
THERMAL_SENS_OUT_4=30
THERMAL_SENS_OUT_5=28
THERMAL_SENS_OUT_6=-50
THERMAL_SENS_INT_1=25
THERMAL_SENS_INT_2=30
PG_5=1
PG_9=0
PG_12=1
FLT_P2=0
FLT_P3=0
HEAT_1_TEMP=29
HEAT_1_DUTY=0
HEAT_1_SP=-20.0
HEAT_2_TEMP=27
HEAT_2_DUTY=0
HEAT_2_SP=-20.0
HEAT_3_TEMP=30
HEAT_3_DUTY=0
HEAT_3_SP=-20.0
HEAT_4_TEMP=28
HEAT_4_DUTY=0
HEAT_4_SP=-20.0

[21:49:19.663 CUBESAT]
TS=1786203227.391
PG_5=1
PG_9=0
PG_12=0
FLT_P2=0
FLT_P3=0
HEAT_1_TEMP=0.0
HEAT_1_DUTY=0
HEAT_1_SP=-20.0
ENC_RAW=2188
ENC_ANGLE=48.076171875
ENC_ACCUM=902.70263671875
AUTO_STOP=1
MOTOR_ANGLE=0.004941860465116279
MOTOR_ACCUM=822.5630813953488
MOTOR_ROT=1572

[21:49:19.850 EBOX]
TS=1786201457.936
V_SENSE5=0.86669921875
V_SENSE9=0.0341796875
V_SENSE12=0.1025390625
ADC_V5=5.0091552734375
ADC_V9=9.1864013671875
ADC_V12=11.74407958984375
ADC_V28=27.26715087890625
THERMAL_SENS_OUT_1=26
THERMAL_SENS_OUT_2=-50
THERMAL_SENS_OUT_3=26
THERMAL_SENS_OUT_4=30
THERMAL_SENS_OUT_5=27
THERMAL_SENS_OUT_6=-50
THERMAL_SENS_INT_1=25
THERMAL_SENS_INT_2=27
PG_5=1
PG_9=0
PG_12=1
FLT_P2=0
FLT_P3=0
HEAT_1_TEMP=26
HEAT_1_DUTY=0
HEAT_1_SP=-20.0
HEAT_2_TEMP=26
HEAT_2_DUTY=0
HEAT_2_SP=-20.0
HEAT_3_TEMP=30
HEAT_3_DUTY=0
HEAT_3_SP=-20.0
HEAT_4_TEMP=27
HEAT_4_DUTY=0
HEAT_4_SP=-20.0

[21:49:21.679 CUBESAT]
TS=1786203229.394
PG_5=1
PG_9=0
PG_12=0
FLT_P2=0
FLT_P3=0
HEAT_1_TEMP=0.0
HEAT_1_DUTY=10
HEAT_1_SP=-20.0
ENC_RAW=2191
ENC_ANGLE=48.14208984375
ENC_ACCUM=902.7685546875
AUTO_STOP=1
MOTOR_ANGLE=0.004941860465116279
MOTOR_ACCUM=822.5630813953488
MOTOR_ROT=1572

[21:49:21.883 EBOX]
TS=1786201459.928
V_SENSE5=0.96923828125
V_SENSE9=0.04638671875
V_SENSE12=0.12939453125
ADC_V5=4.9029541015625
ADC_V9=9.0802001953125
ADC_V12=11.63787841796875
ADC_V28=28.15216064453125
THERMAL_SENS_OUT_1=28
THERMAL_SENS_OUT_2=-50
THERMAL_SENS_OUT_3=29
THERMAL_SENS_OUT_4=27
THERMAL_SENS_OUT_5=32
THERMAL_SENS_OUT_6=-50
THERMAL_SENS_INT_1=25
THERMAL_SENS_INT_2=27
PG_5=1
PG_9=0
PG_12=1
FLT_P2=0
FLT_P3=0
HEAT_1_TEMP=28
HEAT_1_DUTY=0
HEAT_1_SP=-20.0
HEAT_2_TEMP=29
HEAT_2_DUTY=0
HEAT_2_SP=-20.0
HEAT_3_TEMP=27
HEAT_3_DUTY=0
HEAT_3_SP=-20.0
HEAT_4_TEMP=32
HEAT_4_DUTY=0
HEAT_4_SP=-20.0

[21:49:23.817 EBOX]
TS=1786201461.936
V_SENSE5=1.0546875
V_SENSE9=0.03173828125
V_SENSE12=0.1025390625
ADC_V5=4.96490478515625
ADC_V9=9.13330078125
ADC_V12=12.00958251953125
ADC_V28=27.42645263671875
THERMAL_SENS_OUT_1=25
THERMAL_SENS_OUT_2=-50
THERMAL_SENS_OUT_3=27
THERMAL_SENS_OUT_4=29
THERMAL_SENS_OUT_5=27
THERMAL_SENS_OUT_6=-50
THERMAL_SENS_INT_1=25
THERMAL_SENS_INT_2=26
PG_5=1
PG_9=0
PG_12=1
FLT_P2=0
FLT_P3=0
HEAT_1_TEMP=25
HEAT_1_DUTY=0
HEAT_1_SP=-20.0
HEAT_2_TEMP=27
HEAT_2_DUTY=0
HEAT_2_SP=-20.0
HEAT_3_TEMP=29
HEAT_3_DUTY=0
HEAT_3_SP=-20.0
HEAT_4_TEMP=27
HEAT_4_DUTY=0
HEAT_4_SP=-20.0

[21:49:23.922 CUBESAT]
TS=1786203231.396
PG_5=1
PG_9=0
PG_12=0
FLT_P2=0
FLT_P3=0
HEAT_1_TEMP=0.0
HEAT_1_DUTY=0
HEAT_1_SP=-20.0
ENC_RAW=2187
ENC_ANGLE=48.05419921875
ENC_ACCUM=902.6806640625
AUTO_STOP=1
MOTOR_ANGLE=0.004941860465116279
MOTOR_ACCUM=822.5630813953488
MOTOR_ROT=1572

[21:49:25.636 CUBESAT]
TS=1786203233.401
PG_5=1
PG_9=0
PG_12=0
FLT_P2=0
FLT_P3=0
HEAT_1_TEMP=0.0
HEAT_1_DUTY=0
HEAT_1_SP=-20.0
ENC_RAW=2187
ENC_ANGLE=48.05419921875
ENC_ACCUM=902.6806640625
AUTO_STOP=1
MOTOR_ANGLE=0.004941860465116279
MOTOR_ACCUM=822.5630813953488
MOTOR_ROT=1572

[21:49:25.847 EBOX]
TS=1786201463.931
V_SENSE5=1.1767578125
V_SENSE9=0.0341796875
V_SENSE12=0.09765625
ADC_V5=4.91180419921875
ADC_V9=9.0093994140625
ADC_V12=11.717529296875
ADC_V28=27.28485107421875
THERMAL_SENS_OUT_1=25
THERMAL_SENS_OUT_2=-50
THERMAL_SENS_OUT_3=24
THERMAL_SENS_OUT_4=25
THERMAL_SENS_OUT_5=29
THERMAL_SENS_OUT_6=-50
THERMAL_SENS_INT_1=24
THERMAL_SENS_INT_2=27
PG_5=1
PG_9=0
PG_12=1
FLT_P2=0
FLT_P3=0
HEAT_1_TEMP=25
HEAT_1_DUTY=0
HEAT_1_SP=-20.0
HEAT_2_TEMP=24
HEAT_2_DUTY=0
HEAT_2_SP=-20.0
HEAT_3_TEMP=25
HEAT_3_DUTY=0
HEAT_3_SP=-20.0
HEAT_4_TEMP=29
HEAT_4_DUTY=0
HEAT_4_SP=-20.0

[21:49:27.660 CUBESAT]
TS=1786203235.402
PG_5=1
PG_9=0
PG_12=0
FLT_P2=0
FLT_P3=0
HEAT_1_TEMP=0.0
HEAT_1_DUTY=0
HEAT_1_SP=-20.0
ENC_RAW=2189
ENC_ANGLE=48.09814453125
ENC_ACCUM=902.724609375
AUTO_STOP=1
MOTOR_ANGLE=0.004941860465116279
MOTOR_ACCUM=822.5630813953488
MOTOR_ROT=1572

[21:49:27.778 EBOX]
TS=1786201465.933
V_SENSE5=0.93017578125
V_SENSE9=0.0390625
V_SENSE12=0.107421875
ADC_V5=4.9029541015625
ADC_V9=9.027099609375
ADC_V12=11.8060302734375
ADC_V28=28.1610107421875
THERMAL_SENS_OUT_1=27
THERMAL_SENS_OUT_2=-50
THERMAL_SENS_OUT_3=26
THERMAL_SENS_OUT_4=29
THERMAL_SENS_OUT_5=33
THERMAL_SENS_OUT_6=-50
THERMAL_SENS_INT_1=26
THERMAL_SENS_INT_2=29
PG_5=1
PG_9=0
PG_12=1
FLT_P2=0
FLT_P3=0
HEAT_1_TEMP=27
HEAT_1_DUTY=0
HEAT_1_SP=-20.0
HEAT_2_TEMP=26
HEAT_2_DUTY=0
HEAT_2_SP=-20.0
HEAT_3_TEMP=29
HEAT_3_DUTY=0
HEAT_3_SP=-20.0
HEAT_4_TEMP=33
HEAT_4_DUTY=0
HEAT_4_SP=-20.0

[21:49:29.695 CUBESAT]
TS=1786203237.408
PG_5=1
PG_9=0
PG_12=0
FLT_P2=0
FLT_P3=0
HEAT_1_TEMP=0.0
HEAT_1_DUTY=0
HEAT_1_SP=-20.0
ENC_RAW=2192
ENC_ANGLE=48.1640625
ENC_ACCUM=902.79052734375
AUTO_STOP=1
MOTOR_ANGLE=0.004941860465116279
MOTOR_ACCUM=822.5630813953488
MOTOR_ROT=1572

[21:49:29.831 EBOX]
TS=1786201467.943
V_SENSE5=1.07177734375
V_SENSE9=0.03662109375
V_SENSE12=0.1025390625
ADC_V5=4.85870361328125
ADC_V9=9.0093994140625
ADC_V12=11.8060302734375
ADC_V28=28.02825927734375
THERMAL_SENS_OUT_1=29
THERMAL_SENS_OUT_2=-50
THERMAL_SENS_OUT_3=26
THERMAL_SENS_OUT_4=30
THERMAL_SENS_OUT_5=29
THERMAL_SENS_OUT_6=-50
THERMAL_SENS_INT_1=26
THERMAL_SENS_INT_2=31
PG_5=1
PG_9=0
PG_12=1
FLT_P2=0
FLT_P3=0
HEAT_1_TEMP=29
HEAT_1_DUTY=0
HEAT_1_SP=-20.0
HEAT_2_TEMP=26
HEAT_2_DUTY=0
HEAT_2_SP=-20.0
HEAT_3_TEMP=30
HEAT_3_DUTY=0
HEAT_3_SP=-20.0
HEAT_4_TEMP=29
HEAT_4_DUTY=0
HEAT_4_SP=-20.0

[21:49:31.646 CUBESAT]
TS=1786203239.411
PG_5=1
PG_9=0
PG_12=0
FLT_P2=0
FLT_P3=0
HEAT_1_TEMP=0.0
HEAT_1_DUTY=10
HEAT_1_SP=-20.0
ENC_RAW=2190
ENC_ANGLE=48.1201171875
ENC_ACCUM=902.74658203125
AUTO_STOP=1
MOTOR_ANGLE=0.004941860465116279
MOTOR_ACCUM=822.5630813953488
MOTOR_ROT=1572

[21:49:31.862 EBOX]
TS=1786201469.951
V_SENSE5=0.8935546875
V_SENSE9=0.0341796875
V_SENSE12=0.10498046875
ADC_V5=4.84100341796875
ADC_V9=9.65545654296875
ADC_V12=11.89453125
ADC_V28=28.02825927734375
THERMAL_SENS_OUT_1=31
THERMAL_SENS_OUT_2=-50
THERMAL_SENS_OUT_3=31
THERMAL_SENS_OUT_4=26
THERMAL_SENS_OUT_5=31
THERMAL_SENS_OUT_6=-50
THERMAL_SENS_INT_1=30
THERMAL_SENS_INT_2=29
PG_5=1
PG_9=0
PG_12=1
FLT_P2=0
FLT_P3=0
HEAT_1_TEMP=31
HEAT_1_DUTY=0
HEAT_1_SP=-20.0
HEAT_2_TEMP=31
HEAT_2_DUTY=0
HEAT_2_SP=-20.0
HEAT_3_TEMP=26
HEAT_3_DUTY=0
HEAT_3_SP=-20.0
HEAT_4_TEMP=31
HEAT_4_DUTY=0
HEAT_4_SP=-20.0

[21:49:33.678 CUBESAT]
TS=1786203241.415
PG_5=1
PG_9=0
PG_12=0
FLT_P2=0
FLT_P3=0
HEAT_1_TEMP=0.0
HEAT_1_DUTY=0
HEAT_1_SP=-20.0
ENC_RAW=2191
ENC_ANGLE=48.14208984375
ENC_ACCUM=902.7685546875
AUTO_STOP=1
MOTOR_ANGLE=0.004941860465116279
MOTOR_ACCUM=822.5630813953488
MOTOR_ROT=1572

[21:49:33.795 EBOX]
TS=1786201471.939
V_SENSE5=0.90576171875
V_SENSE9=0.0341796875
V_SENSE12=0.1171875
ADC_V5=5.00030517578125
ADC_V9=8.78814697265625
ADC_V12=11.6644287109375
ADC_V28=27.7362060546875
THERMAL_SENS_OUT_1=28
THERMAL_SENS_OUT_2=-50
THERMAL_SENS_OUT_3=26
THERMAL_SENS_OUT_4=30
THERMAL_SENS_OUT_5=29
THERMAL_SENS_OUT_6=-50
THERMAL_SENS_INT_1=26
THERMAL_SENS_INT_2=27
PG_5=1
PG_9=0
PG_12=1
FLT_P2=0
FLT_P3=0
HEAT_1_TEMP=28
HEAT_1_DUTY=0
HEAT_1_SP=-20.0
HEAT_2_TEMP=26
HEAT_2_DUTY=0
HEAT_2_SP=-20.0
HEAT_3_TEMP=30
HEAT_3_DUTY=0
HEAT_3_SP=-20.0
HEAT_4_TEMP=29
HEAT_4_DUTY=0
HEAT_4_SP=-20.0

[21:49:35.711 CUBESAT]
TS=1786203243.418
PG_5=1
PG_9=0
PG_12=0
FLT_P2=0
FLT_P3=0
HEAT_1_TEMP=0.0
HEAT_1_DUTY=0
HEAT_1_SP=-20.0
ENC_RAW=2186
ENC_ANGLE=48.0322265625
ENC_ACCUM=902.65869140625
AUTO_STOP=1
MOTOR_ANGLE=0.004941860465116279
MOTOR_ACCUM=822.5630813953488
MOTOR_ROT=1572

[21:49:35.828 EBOX]
TS=1786201473.941
V_SENSE5=1.240234375
V_SENSE9=0.0341796875
V_SENSE12=0.126953125
ADC_V5=4.98260498046875
ADC_V9=8.7261962890625
ADC_V12=11.82373046875
ADC_V28=27.47955322265625
THERMAL_SENS_OUT_1=28
THERMAL_SENS_OUT_2=-50
THERMAL_SENS_OUT_3=25
THERMAL_SENS_OUT_4=29
THERMAL_SENS_OUT_5=27
THERMAL_SENS_OUT_6=-50
THERMAL_SENS_INT_1=26
THERMAL_SENS_INT_2=26
PG_5=1
PG_9=0
PG_12=1
FLT_P2=0
FLT_P3=0
HEAT_1_TEMP=28
HEAT_1_DUTY=0
HEAT_1_SP=-20.0
HEAT_2_TEMP=25
HEAT_2_DUTY=0
HEAT_2_SP=-20.0
HEAT_3_TEMP=29
HEAT_3_DUTY=0
HEAT_3_SP=-20.0
HEAT_4_TEMP=27
HEAT_4_DUTY=0
HEAT_4_SP=-20.0

[21:49:37.747 CUBESAT]
TS=1786203245.421
PG_5=1
PG_9=0
PG_12=0
FLT_P2=0
FLT_P3=0
HEAT_1_TEMP=0.0
HEAT_1_DUTY=0
HEAT_1_SP=-20.0
ENC_RAW=2190
ENC_ANGLE=48.1201171875
ENC_ACCUM=902.74658203125
AUTO_STOP=1
MOTOR_ANGLE=0.004941860465116279
MOTOR_ACCUM=822.5630813953488
MOTOR_ROT=1572

[21:49:37.863 EBOX]
TS=1786201475.942
V_SENSE5=1.0400390625
V_SENSE9=0.0390625
V_SENSE12=0.107421875
ADC_V5=4.920654296875
ADC_V9=9.31915283203125
ADC_V12=11.86798095703125
ADC_V28=27.25830078125
THERMAL_SENS_OUT_1=25
THERMAL_SENS_OUT_2=-50
THERMAL_SENS_OUT_3=24
THERMAL_SENS_OUT_4=25
THERMAL_SENS_OUT_5=32
THERMAL_SENS_OUT_6=-50
THERMAL_SENS_INT_1=28
THERMAL_SENS_INT_2=31
PG_5=1
PG_9=0
PG_12=1
FLT_P2=0
FLT_P3=0
HEAT_1_TEMP=25
HEAT_1_DUTY=0
HEAT_1_SP=-20.0
HEAT_2_TEMP=24
HEAT_2_DUTY=0
HEAT_2_SP=-20.0
HEAT_3_TEMP=25
HEAT_3_DUTY=0
HEAT_3_SP=-20.0
HEAT_4_TEMP=32
HEAT_4_DUTY=0
HEAT_4_SP=-20.0

[21:49:39.676 CUBESAT]
TS=1786203247.424
PG_5=1
PG_9=0
PG_12=0
FLT_P2=0
FLT_P3=0
HEAT_1_TEMP=0.0
HEAT_1_DUTY=0
HEAT_1_SP=-20.0
ENC_RAW=2187
ENC_ANGLE=48.05419921875
ENC_ACCUM=902.6806640625
AUTO_STOP=1
MOTOR_ANGLE=0.004941860465116279
MOTOR_ACCUM=822.5630813953488
MOTOR_ROT=1572

[21:49:39.795 EBOX]
TS=1786201477.960
V_SENSE5=0.8642578125
V_SENSE9=0.0390625
V_SENSE12=0.1318359375
ADC_V5=4.991455078125
ADC_V9=9.1864013671875
ADC_V12=11.4874267578125
ADC_V28=27.1697998046875
THERMAL_SENS_OUT_1=26
THERMAL_SENS_OUT_2=-50
THERMAL_SENS_OUT_3=25
THERMAL_SENS_OUT_4=26
THERMAL_SENS_OUT_5=32
THERMAL_SENS_OUT_6=-50
THERMAL_SENS_INT_1=24
THERMAL_SENS_INT_2=26
PG_5=1
PG_9=0
PG_12=1
FLT_P2=0
FLT_P3=0
HEAT_1_TEMP=26
HEAT_1_DUTY=0
HEAT_1_SP=-20.0
HEAT_2_TEMP=25
HEAT_2_DUTY=0
HEAT_2_SP=-20.0
HEAT_3_TEMP=26
HEAT_3_DUTY=0
HEAT_3_SP=-20.0
HEAT_4_TEMP=32
HEAT_4_DUTY=0
HEAT_4_SP=-20.0

[21:49:41.710 CUBESAT]
TS=1786203249.428
PG_5=1
PG_9=0
PG_12=0
FLT_P2=0
FLT_P3=0
HEAT_1_TEMP=0.0
HEAT_1_DUTY=10
HEAT_1_SP=-20.0
ENC_RAW=2189
ENC_ANGLE=48.09814453125
ENC_ACCUM=902.724609375
AUTO_STOP=1
MOTOR_ANGLE=0.004941860465116279
MOTOR_ACCUM=822.5630813953488
MOTOR_ROT=1572

[21:49:42.330 EBOX]
TS=1786201479.947
V_SENSE5=0.9228515625
V_SENSE9=0.03662109375
V_SENSE12=0.126953125
ADC_V5=4.9383544921875
ADC_V9=9.5050048828125
ADC_V12=11.89453125
ADC_V28=27.6654052734375
THERMAL_SENS_OUT_1=31
THERMAL_SENS_OUT_2=-50
THERMAL_SENS_OUT_3=29
THERMAL_SENS_OUT_4=28
THERMAL_SENS_OUT_5=32
THERMAL_SENS_OUT_6=-50
THERMAL_SENS_INT_1=29
THERMAL_SENS_INT_2=29
PG_5=1
PG_9=0
PG_12=1
FLT_P2=0
FLT_P3=0
HEAT_1_TEMP=31
HEAT_1_DUTY=0
HEAT_1_SP=-20.0
HEAT_2_TEMP=29
HEAT_2_DUTY=0
HEAT_2_SP=-20.0
HEAT_3_TEMP=28
HEAT_3_DUTY=0
HEAT_3_SP=-20.0
HEAT_4_TEMP=32
HEAT_4_DUTY=0
HEAT_4_SP=-20.0

[21:49:43.741 CUBESAT]
TS=1786203251.431
PG_5=1
PG_9=0
PG_12=0
FLT_P2=0
FLT_P3=0
HEAT_1_TEMP=0.0
HEAT_1_DUTY=0
HEAT_1_SP=-20.0
ENC_RAW=2192
ENC_ANGLE=48.1640625
ENC_ACCUM=902.79052734375
AUTO_STOP=1
MOTOR_ANGLE=0.004941860465116279
MOTOR_ACCUM=822.5630813953488
MOTOR_ROT=1572

[21:49:43.858 EBOX]
TS=1786201481.949
V_SENSE5=1.08642578125
V_SENSE9=0.0390625
V_SENSE12=0.12939453125
ADC_V5=4.991455078125
ADC_V9=9.62005615234375
ADC_V12=11.6290283203125
ADC_V28=28.0902099609375
THERMAL_SENS_OUT_1=26
THERMAL_SENS_OUT_2=-50
THERMAL_SENS_OUT_3=28
THERMAL_SENS_OUT_4=27
THERMAL_SENS_OUT_5=31
THERMAL_SENS_OUT_6=-50
THERMAL_SENS_INT_1=24
THERMAL_SENS_INT_2=27
PG_5=1
PG_9=0
PG_12=1
FLT_P2=0
FLT_P3=0
HEAT_1_TEMP=26
HEAT_1_DUTY=0
HEAT_1_SP=-20.0
HEAT_2_TEMP=28
HEAT_2_DUTY=0
HEAT_2_SP=-20.0
HEAT_3_TEMP=27
HEAT_3_DUTY=0
HEAT_3_SP=-20.0
HEAT_4_TEMP=31
HEAT_4_DUTY=0
HEAT_4_SP=-20.0

[21:49:45.674 CUBESAT]
TS=1786203253.434
PG_5=1
PG_9=0
PG_12=0
FLT_P2=0
FLT_P3=0
HEAT_1_TEMP=0.0
HEAT_1_DUTY=0
HEAT_1_SP=-20.0
ENC_RAW=2190
ENC_ANGLE=48.1201171875
ENC_ACCUM=902.74658203125
AUTO_STOP=1
MOTOR_ANGLE=0.004941860465116279
MOTOR_ACCUM=822.5630813953488
MOTOR_ROT=1572

[21:49:45.791 EBOX]
TS=1786201483.952
V_SENSE5=1.18896484375
V_SENSE9=0.0390625
V_SENSE12=0.1025390625
ADC_V5=4.85870361328125
ADC_V9=9.41650390625
ADC_V12=11.9476318359375
ADC_V28=27.8070068359375
THERMAL_SENS_OUT_1=28
THERMAL_SENS_OUT_2=-50
THERMAL_SENS_OUT_3=25
THERMAL_SENS_OUT_4=27
THERMAL_SENS_OUT_5=31
THERMAL_SENS_OUT_6=-50
THERMAL_SENS_INT_1=28
THERMAL_SENS_INT_2=26
PG_5=1
PG_9=0
PG_12=1
FLT_P2=0
FLT_P3=0
HEAT_1_TEMP=28
HEAT_1_DUTY=0
HEAT_1_SP=-20.0
HEAT_2_TEMP=25
HEAT_2_DUTY=0
HEAT_2_SP=-20.0
HEAT_3_TEMP=27
HEAT_3_DUTY=0
HEAT_3_SP=-20.0
HEAT_4_TEMP=31
HEAT_4_DUTY=0
HEAT_4_SP=-20.0

[21:49:47.705 CUBESAT]
TS=1786203255.437
PG_5=1
PG_9=0
PG_12=0
FLT_P2=0
FLT_P3=0
HEAT_1_TEMP=0.0
HEAT_1_DUTY=0
HEAT_1_SP=-20.0
ENC_RAW=2188
ENC_ANGLE=48.076171875
ENC_ACCUM=902.70263671875
AUTO_STOP=1
MOTOR_ANGLE=0.004941860465116279
MOTOR_ACCUM=822.5630813953488
MOTOR_ROT=1572

[21:49:47.821 EBOX]
TS=1786201485.952
V_SENSE5=0.98388671875
V_SENSE9=0.0390625
V_SENSE12=0.0927734375
ADC_V5=4.8675537109375
ADC_V9=9.26605224609375
ADC_V12=11.77947998046875
ADC_V28=27.35565185546875
THERMAL_SENS_OUT_1=26
THERMAL_SENS_OUT_2=-50
THERMAL_SENS_OUT_3=26
THERMAL_SENS_OUT_4=26
THERMAL_SENS_OUT_5=32
THERMAL_SENS_OUT_6=-50
THERMAL_SENS_INT_1=26
THERMAL_SENS_INT_2=29
PG_5=1
PG_9=0
PG_12=1
FLT_P2=0
FLT_P3=0
HEAT_1_TEMP=26
HEAT_1_DUTY=0
HEAT_1_SP=-20.0
HEAT_2_TEMP=26
HEAT_2_DUTY=0
HEAT_2_SP=-20.0
HEAT_3_TEMP=26
HEAT_3_DUTY=0
HEAT_3_SP=-20.0
HEAT_4_TEMP=32
HEAT_4_DUTY=0
HEAT_4_SP=-20.0

[21:49:49.741 CUBESAT]
TS=1786203257.438
PG_5=1
PG_9=0
PG_12=0
FLT_P2=0
FLT_P3=0
HEAT_1_TEMP=0.0
HEAT_1_DUTY=0
HEAT_1_SP=-20.0
ENC_RAW=2191
ENC_ANGLE=48.14208984375
ENC_ACCUM=902.7685546875
AUTO_STOP=1
MOTOR_ANGLE=0.004941860465116279
MOTOR_ACCUM=822.5630813953488
MOTOR_ROT=1572

[21:49:49.854 EBOX]
TS=1786201487.954
V_SENSE5=0.91796875
V_SENSE9=0.03662109375
V_SENSE12=0.0927734375
ADC_V5=4.9383544921875
ADC_V9=9.31915283203125
ADC_V12=11.56707763671875
ADC_V28=28.01055908203125
THERMAL_SENS_OUT_1=31
THERMAL_SENS_OUT_2=-50
THERMAL_SENS_OUT_3=30
THERMAL_SENS_OUT_4=27
THERMAL_SENS_OUT_5=28
THERMAL_SENS_OUT_6=-50
THERMAL_SENS_INT_1=25
THERMAL_SENS_INT_2=31
PG_5=1
PG_9=0
PG_12=1
FLT_P2=0
FLT_P3=0
HEAT_1_TEMP=31
HEAT_1_DUTY=0
HEAT_1_SP=-20.0
HEAT_2_TEMP=30
HEAT_2_DUTY=0
HEAT_2_SP=-20.0
HEAT_3_TEMP=27
HEAT_3_DUTY=0
HEAT_3_SP=-20.0
HEAT_4_TEMP=28
HEAT_4_DUTY=0
HEAT_4_SP=-20.0

[21:49:51.768 CUBESAT]
TS=1786203259.441
PG_5=1
PG_9=0
PG_12=0
FLT_P2=0
FLT_P3=0
HEAT_1_TEMP=0.0
HEAT_1_DUTY=0
HEAT_1_SP=-20.0
ENC_RAW=2189
ENC_ANGLE=48.09814453125
ENC_ACCUM=902.724609375
AUTO_STOP=1
MOTOR_ANGLE=0.004941860465116279
MOTOR_ACCUM=822.5630813953488
MOTOR_ROT=1572

[21:49:51.920 EBOX]
TS=1786201489.985
V_SENSE5=0.87646484375
V_SENSE9=0.0341796875
V_SENSE12=0.107421875
ADC_V5=4.814453125
ADC_V9=9.0093994140625
ADC_V12=11.6998291015625
ADC_V28=27.35565185546875
THERMAL_SENS_OUT_1=28
THERMAL_SENS_OUT_2=-50
THERMAL_SENS_OUT_3=24
THERMAL_SENS_OUT_4=25
THERMAL_SENS_OUT_5=27
THERMAL_SENS_OUT_6=-50
THERMAL_SENS_INT_1=26
THERMAL_SENS_INT_2=26
PG_5=1
PG_9=0
PG_12=1
FLT_P2=0
FLT_P3=0
HEAT_1_TEMP=28
HEAT_1_DUTY=0
HEAT_1_SP=-20.0
HEAT_2_TEMP=24
HEAT_2_DUTY=0
HEAT_2_SP=-20.0
HEAT_3_TEMP=25
HEAT_3_DUTY=0
HEAT_3_SP=-20.0
HEAT_4_TEMP=27
HEAT_4_DUTY=0
HEAT_4_SP=-20.0

[21:49:53.738 CUBESAT]
TS=1786203261.444
PG_5=1
PG_9=0
PG_12=0
FLT_P2=0
FLT_P3=0
HEAT_1_TEMP=0.0
HEAT_1_DUTY=0
HEAT_1_SP=-20.0
ENC_RAW=2188
ENC_ANGLE=48.076171875
ENC_ACCUM=902.70263671875
AUTO_STOP=1
MOTOR_ANGLE=0.004941860465116279
MOTOR_ACCUM=822.5630813953488
MOTOR_ROT=1572

[21:49:53.856 EBOX]
TS=1786201491.957
V_SENSE5=0.927734375
V_SENSE9=0.0390625
V_SENSE12=0.1220703125
ADC_V5=4.84100341796875
ADC_V9=9.30145263671875
ADC_V12=11.53167724609375
ADC_V28=27.8424072265625
THERMAL_SENS_OUT_1=31
THERMAL_SENS_OUT_2=-50
THERMAL_SENS_OUT_3=28
THERMAL_SENS_OUT_4=25
THERMAL_SENS_OUT_5=29
THERMAL_SENS_OUT_6=-50
THERMAL_SENS_INT_1=24
THERMAL_SENS_INT_2=29
PG_5=1
PG_9=0
PG_12=1
FLT_P2=0
FLT_P3=0
HEAT_1_TEMP=31
HEAT_1_DUTY=0
HEAT_1_SP=-20.0
HEAT_2_TEMP=28
HEAT_2_DUTY=0
HEAT_2_SP=-20.0
HEAT_3_TEMP=25
HEAT_3_DUTY=0
HEAT_3_SP=-20.0
HEAT_4_TEMP=29
HEAT_4_DUTY=0
HEAT_4_SP=-20.0

[21:49:55.891 EBOX]
TS=1786201493.995
V_SENSE5=1.22314453125
V_SENSE9=0.0390625
V_SENSE12=0.10986328125
ADC_V5=4.991455078125
ADC_V9=8.9208984375
ADC_V12=11.62017822265625
ADC_V28=27.44415283203125
THERMAL_SENS_OUT_1=28
THERMAL_SENS_OUT_2=-50
THERMAL_SENS_OUT_3=28
THERMAL_SENS_OUT_4=25
THERMAL_SENS_OUT_5=32
THERMAL_SENS_OUT_6=-50
THERMAL_SENS_INT_1=24
THERMAL_SENS_INT_2=29
PG_5=1
PG_9=0
PG_12=1
FLT_P2=0
FLT_P3=0
HEAT_1_TEMP=28
HEAT_1_DUTY=0
HEAT_1_SP=-20.0
HEAT_2_TEMP=28
HEAT_2_DUTY=0
HEAT_2_SP=-20.0
HEAT_3_TEMP=25
HEAT_3_DUTY=0
HEAT_3_SP=-20.0
HEAT_4_TEMP=32
HEAT_4_DUTY=0
HEAT_4_SP=-20.0

[21:49:55.995 CUBESAT]
TS=1786203263.448
PG_5=1
PG_9=0
PG_12=0
FLT_P2=0
FLT_P3=0
HEAT_1_TEMP=0.0
HEAT_1_DUTY=0
HEAT_1_SP=-20.0
ENC_RAW=2191
ENC_ANGLE=48.14208984375
ENC_ACCUM=902.7685546875
AUTO_STOP=1
MOTOR_ANGLE=0.004941860465116279
MOTOR_ACCUM=822.5630813953488
MOTOR_ROT=1572

[21:49:57.707 CUBESAT]
TS=1786203265.451
PG_5=1
PG_9=0
PG_12=0
FLT_P2=0
FLT_P3=0
HEAT_1_TEMP=0.0
HEAT_1_DUTY=10
HEAT_1_SP=-20.0
ENC_RAW=2188
ENC_ANGLE=48.076171875
ENC_ACCUM=902.70263671875
AUTO_STOP=1
MOTOR_ANGLE=0.004941860465116279
MOTOR_ACCUM=822.5630813953488
MOTOR_ROT=1572

[21:49:57.822 EBOX]
TS=1786201495.962
V_SENSE5=1.044921875
V_SENSE9=0.0341796875
V_SENSE12=0.1123046875
ADC_V5=4.920654296875
ADC_V9=9.0093994140625
ADC_V12=11.88568115234375
ADC_V28=27.37335205078125
THERMAL_SENS_OUT_1=29
THERMAL_SENS_OUT_2=-50
THERMAL_SENS_OUT_3=26
THERMAL_SENS_OUT_4=28
THERMAL_SENS_OUT_5=32
THERMAL_SENS_OUT_6=-50
THERMAL_SENS_INT_1=27
THERMAL_SENS_INT_2=31
PG_5=1
PG_9=0
PG_12=1
FLT_P2=0
FLT_P3=0
HEAT_1_TEMP=29
HEAT_1_DUTY=0
HEAT_1_SP=-20.0
HEAT_2_TEMP=26
HEAT_2_DUTY=0
HEAT_2_SP=-20.0
HEAT_3_TEMP=28
HEAT_3_DUTY=0
HEAT_3_SP=-20.0
HEAT_4_TEMP=32
HEAT_4_DUTY=0
HEAT_4_SP=-20.0

[21:49:59.774 CUBESAT]
TS=1786203267.455
PG_5=1
PG_9=0
PG_12=0
FLT_P2=0
FLT_P3=0
HEAT_1_TEMP=0.0
HEAT_1_DUTY=0
HEAT_1_SP=-20.0
ENC_RAW=2188
ENC_ANGLE=48.076171875
ENC_ACCUM=902.70263671875
AUTO_STOP=1
MOTOR_ANGLE=0.004941860465116279
MOTOR_ACCUM=822.5630813953488
MOTOR_ROT=1572

[21:50:00.197 EBOX]
TS=1786201497.964
V_SENSE5=0.9130859375
V_SENSE9=0.0390625
V_SENSE12=0.1025390625
ADC_V5=5.00030517578125
ADC_V9=9.33685302734375
ADC_V12=11.60247802734375
ADC_V28=27.8070068359375
THERMAL_SENS_OUT_1=29
THERMAL_SENS_OUT_2=-50
THERMAL_SENS_OUT_3=29
THERMAL_SENS_OUT_4=28
THERMAL_SENS_OUT_5=32
THERMAL_SENS_OUT_6=-50
THERMAL_SENS_INT_1=26
THERMAL_SENS_INT_2=26
PG_5=1
PG_9=0
PG_12=1
FLT_P2=0
FLT_P3=0
HEAT_1_TEMP=29
HEAT_1_DUTY=0
HEAT_1_SP=-20.0
HEAT_2_TEMP=29
HEAT_2_DUTY=0
HEAT_2_SP=-20.0
HEAT_3_TEMP=28
HEAT_3_DUTY=0
HEAT_3_SP=-20.0
HEAT_4_TEMP=32
HEAT_4_DUTY=0
HEAT_4_SP=-20.0

[21:50:01.710 CUBESAT]
TS=1786203269.458
PG_5=1
PG_9=0
PG_12=0
FLT_P2=0
FLT_P3=0
HEAT_1_TEMP=0.0
HEAT_1_DUTY=0
HEAT_1_SP=-20.0
ENC_RAW=2187
ENC_ANGLE=48.05419921875
ENC_ACCUM=902.6806640625
AUTO_STOP=1
MOTOR_ANGLE=0.004941860465116279
MOTOR_ACCUM=822.5630813953488
MOTOR_ROT=1572

[21:50:01.832 EBOX]
TS=1786201499.966
V_SENSE5=0.91064453125
V_SENSE9=0.03662109375
V_SENSE12=0.1025390625
ADC_V5=4.98260498046875
ADC_V9=9.26605224609375
ADC_V12=11.5582275390625
ADC_V28=27.42645263671875
THERMAL_SENS_OUT_1=26
THERMAL_SENS_OUT_2=-50
THERMAL_SENS_OUT_3=28
THERMAL_SENS_OUT_4=30
THERMAL_SENS_OUT_5=27
THERMAL_SENS_OUT_6=-50
THERMAL_SENS_INT_1=27
THERMAL_SENS_INT_2=29
PG_5=1
PG_9=0
PG_12=1
FLT_P2=0
FLT_P3=0
HEAT_1_TEMP=26
HEAT_1_DUTY=0
HEAT_1_SP=-20.0
HEAT_2_TEMP=28
HEAT_2_DUTY=0
HEAT_2_SP=-20.0
HEAT_3_TEMP=30
HEAT_3_DUTY=0
HEAT_3_SP=-20.0
HEAT_4_TEMP=27
HEAT_4_DUTY=0
HEAT_4_SP=-20.0

[21:50:03.749 CUBESAT]
TS=1786203271.461
PG_5=1
PG_9=0
PG_12=0
FLT_P2=0
FLT_P3=0
HEAT_1_TEMP=0.0
HEAT_1_DUTY=0
HEAT_1_SP=-20.0
ENC_RAW=2188
ENC_ANGLE=48.076171875
ENC_ACCUM=902.70263671875
AUTO_STOP=1
MOTOR_ANGLE=0.004941860465116279
MOTOR_ACCUM=822.5630813953488
MOTOR_ROT=1572

[21:50:03.869 EBOX]
TS=1786201501.977
V_SENSE5=0.86669921875
V_SENSE9=0.06591796875
V_SENSE12=0.1171875
ADC_V5=4.84100341796875
ADC_V9=8.82354736328125
ADC_V12=11.6998291015625
ADC_V28=28.08135986328125
THERMAL_SENS_OUT_1=25
THERMAL_SENS_OUT_2=-50
THERMAL_SENS_OUT_3=28
THERMAL_SENS_OUT_4=25
THERMAL_SENS_OUT_5=28
THERMAL_SENS_OUT_6=-50
THERMAL_SENS_INT_1=24
THERMAL_SENS_INT_2=26
PG_5=1
PG_9=0
PG_12=1
FLT_P2=0
FLT_P3=0
HEAT_1_TEMP=25
HEAT_1_DUTY=0
HEAT_1_SP=-20.0
HEAT_2_TEMP=28
HEAT_2_DUTY=0
HEAT_2_SP=-20.0
HEAT_3_TEMP=25
HEAT_3_DUTY=0
HEAT_3_SP=-20.0
HEAT_4_TEMP=28
HEAT_4_DUTY=0
HEAT_4_SP=-20.0

[21:50:05.788 CUBESAT]
TS=1786203273.464
PG_5=1
PG_9=0
PG_12=0
FLT_P2=0
FLT_P3=0
HEAT_1_TEMP=0.0
HEAT_1_DUTY=0
HEAT_1_SP=-20.0
ENC_RAW=2188
ENC_ANGLE=48.076171875
ENC_ACCUM=902.70263671875
AUTO_STOP=1
MOTOR_ANGLE=0.004941860465116279
MOTOR_ACCUM=822.5630813953488
MOTOR_ROT=1572

[21:50:05.908 EBOX]
TS=1786201503.970
V_SENSE5=1.21337890625
V_SENSE9=0.0341796875
V_SENSE12=0.18798828125
ADC_V5=4.9737548828125
ADC_V9=8.91204833984375
ADC_V12=11.788330078125
ADC_V28=27.10784912109375
THERMAL_SENS_OUT_1=27
THERMAL_SENS_OUT_2=-50
THERMAL_SENS_OUT_3=26
THERMAL_SENS_OUT_4=30
THERMAL_SENS_OUT_5=29
THERMAL_SENS_OUT_6=-50
THERMAL_SENS_INT_1=28
THERMAL_SENS_INT_2=28
PG_5=1
PG_9=0
PG_12=1
FLT_P2=0
FLT_P3=0
HEAT_1_TEMP=27
HEAT_1_DUTY=0
HEAT_1_SP=-20.0
HEAT_2_TEMP=26
HEAT_2_DUTY=0
HEAT_2_SP=-20.0
HEAT_3_TEMP=30
HEAT_3_DUTY=0
HEAT_3_SP=-20.0
HEAT_4_TEMP=29
HEAT_4_DUTY=0
HEAT_4_SP=-20.0

[21:50:07.724 CUBESAT]
TS=1786203275.468
PG_5=1
PG_9=0
PG_12=0
FLT_P2=0
FLT_P3=0
HEAT_1_TEMP=0.0
HEAT_1_DUTY=10
HEAT_1_SP=-20.0
ENC_RAW=2190
ENC_ANGLE=48.1201171875
ENC_ACCUM=902.74658203125
AUTO_STOP=1
MOTOR_ANGLE=0.004941860465116279
MOTOR_ACCUM=822.5630813953488
MOTOR_ROT=1572

[21:50:07.842 EBOX]
TS=1786201505.978
V_SENSE5=0.96435546875
V_SENSE9=0.0341796875
V_SENSE12=0.107421875
ADC_V5=4.8321533203125
ADC_V9=8.9208984375
ADC_V12=11.8768310546875
ADC_V28=27.24945068359375
THERMAL_SENS_OUT_1=27
THERMAL_SENS_OUT_2=-50
THERMAL_SENS_OUT_3=26
THERMAL_SENS_OUT_4=27
THERMAL_SENS_OUT_5=33
THERMAL_SENS_OUT_6=-50
THERMAL_SENS_INT_1=24
THERMAL_SENS_INT_2=26
PG_5=1
PG_9=0
PG_12=1
FLT_P2=0
FLT_P3=0
HEAT_1_TEMP=27
HEAT_1_DUTY=0
HEAT_1_SP=-20.0
HEAT_2_TEMP=26
HEAT_2_DUTY=0
HEAT_2_SP=-20.0
HEAT_3_TEMP=27
HEAT_3_DUTY=0
HEAT_3_SP=-20.0
HEAT_4_TEMP=33
HEAT_4_DUTY=0
HEAT_4_SP=-20.0

[21:50:09.760 CUBESAT]
TS=1786203277.471
PG_5=1
PG_9=0
PG_12=0
FLT_P2=0
FLT_P3=0
HEAT_1_TEMP=0.0
HEAT_1_DUTY=0
HEAT_1_SP=-20.0
ENC_RAW=2187
ENC_ANGLE=48.05419921875
ENC_ACCUM=902.6806640625
AUTO_STOP=1
MOTOR_ANGLE=0.004941860465116279
MOTOR_ACCUM=822.5630813953488
MOTOR_ROT=1572

[21:50:09.878 EBOX]
TS=1786201507.975
V_SENSE5=0.98388671875
V_SENSE9=0.03662109375
V_SENSE12=0.1220703125
ADC_V5=4.9560546875
ADC_V9=9.0093994140625
ADC_V12=11.53167724609375
ADC_V28=27.83355712890625
THERMAL_SENS_OUT_1=31
THERMAL_SENS_OUT_2=-50
THERMAL_SENS_OUT_3=26
THERMAL_SENS_OUT_4=30
THERMAL_SENS_OUT_5=30
THERMAL_SENS_OUT_6=-50
THERMAL_SENS_INT_1=27
THERMAL_SENS_INT_2=26
PG_5=1
PG_9=0
PG_12=1
FLT_P2=0
FLT_P3=0
HEAT_1_TEMP=31
HEAT_1_DUTY=0
HEAT_1_SP=-20.0
HEAT_2_TEMP=26
HEAT_2_DUTY=0
HEAT_2_SP=-20.0
HEAT_3_TEMP=30
HEAT_3_DUTY=0
HEAT_3_SP=-20.0
HEAT_4_TEMP=30
HEAT_4_DUTY=0
HEAT_4_SP=-20.0

[21:50:11.794 CUBESAT]
TS=1786203279.475
PG_5=1
PG_9=0
PG_12=0
FLT_P2=0
FLT_P3=0
HEAT_1_TEMP=0.0
HEAT_1_DUTY=0
HEAT_1_SP=-20.0
ENC_RAW=2187
ENC_ANGLE=48.05419921875
ENC_ACCUM=902.6806640625
AUTO_STOP=1
MOTOR_ANGLE=0.004941860465116279
MOTOR_ACCUM=822.5630813953488
MOTOR_ROT=1572

[21:50:12.210 EBOX]
TS=1786201509.988
V_SENSE5=0.83984375
V_SENSE9=0.0390625
V_SENSE12=0.10498046875
ADC_V5=4.9737548828125
ADC_V9=8.885498046875
ADC_V12=11.76177978515625
ADC_V28=27.67425537109375
THERMAL_SENS_OUT_1=31
THERMAL_SENS_OUT_2=-50
THERMAL_SENS_OUT_3=26
THERMAL_SENS_OUT_4=29
THERMAL_SENS_OUT_5=32
THERMAL_SENS_OUT_6=-50
THERMAL_SENS_INT_1=25
THERMAL_SENS_INT_2=26
PG_5=1
PG_9=0
PG_12=1
FLT_P2=0
FLT_P3=0
HEAT_1_TEMP=31
HEAT_1_DUTY=0
HEAT_1_SP=-20.0
HEAT_2_TEMP=26
HEAT_2_DUTY=0
HEAT_2_SP=-20.0
HEAT_3_TEMP=29
HEAT_3_DUTY=0
HEAT_3_SP=-20.0
HEAT_4_TEMP=32
HEAT_4_DUTY=0
HEAT_4_SP=-20.0

[21:50:13.801 CUBESAT]
TS=1786203281.488
PG_5=1
PG_9=0
PG_12=0
FLT_P2=0
FLT_P3=0
HEAT_1_TEMP=0.0
HEAT_1_DUTY=0
HEAT_1_SP=-20.0
ENC_RAW=2192
ENC_ANGLE=48.1640625
ENC_ACCUM=902.79052734375
AUTO_STOP=1
MOTOR_ANGLE=0.004941860465116279
MOTOR_ACCUM=822.5630813953488
MOTOR_ROT=1572

[21:50:13.843 EBOX]
TS=1786201511.979
V_SENSE5=0.9033203125
V_SENSE9=0.0341796875
V_SENSE12=0.1025390625
ADC_V5=4.94720458984375
ADC_V9=8.99169921875
ADC_V12=11.6290283203125
ADC_V28=28.09906005859375
THERMAL_SENS_OUT_1=31
THERMAL_SENS_OUT_2=-50
THERMAL_SENS_OUT_3=26
THERMAL_SENS_OUT_4=28
THERMAL_SENS_OUT_5=27
THERMAL_SENS_OUT_6=-50
THERMAL_SENS_INT_1=25
THERMAL_SENS_INT_2=28
PG_5=1
PG_9=0
PG_12=1
FLT_P2=0
FLT_P3=0
HEAT_1_TEMP=31
HEAT_1_DUTY=0
HEAT_1_SP=-20.0
HEAT_2_TEMP=26
HEAT_2_DUTY=0
HEAT_2_SP=-20.0
HEAT_3_TEMP=28
HEAT_3_DUTY=0
HEAT_3_SP=-20.0
HEAT_4_TEMP=27
HEAT_4_DUTY=0
HEAT_4_SP=-20.0

[21:50:15.717 CUBESAT]
TS=1786203283.495
PG_5=1
PG_9=0
PG_12=0
FLT_P2=0
FLT_P3=0
HEAT_1_TEMP=0.0
HEAT_1_DUTY=0
HEAT_1_SP=-20.0
ENC_RAW=2190
ENC_ANGLE=48.1201171875
ENC_ACCUM=902.74658203125
AUTO_STOP=1
MOTOR_ANGLE=0.004941860465116279
MOTOR_ACCUM=822.5630813953488
MOTOR_ROT=1572

[21:50:16.199 EBOX]
TS=1786201513.980
V_SENSE5=1.1474609375
V_SENSE9=0.05615234375
V_SENSE12=0.10009765625
ADC_V5=4.98260498046875
ADC_V9=8.779296875
ADC_V12=11.8414306640625
ADC_V28=27.23175048828125
THERMAL_SENS_OUT_1=28
THERMAL_SENS_OUT_2=-50
THERMAL_SENS_OUT_3=30
THERMAL_SENS_OUT_4=27
THERMAL_SENS_OUT_5=28
THERMAL_SENS_OUT_6=-50
THERMAL_SENS_INT_1=26
THERMAL_SENS_INT_2=29
PG_5=1
PG_9=0
PG_12=1
FLT_P2=0
FLT_P3=0
HEAT_1_TEMP=28
HEAT_1_DUTY=0
HEAT_1_SP=-20.0
HEAT_2_TEMP=30
HEAT_2_DUTY=0
HEAT_2_SP=-20.0
HEAT_3_TEMP=27
HEAT_3_DUTY=0
HEAT_3_SP=-20.0
HEAT_4_TEMP=28
HEAT_4_DUTY=0
HEAT_4_SP=-20.0

[21:50:17.737 CUBESAT]
TS=1786203285.501
PG_5=1
PG_9=0
PG_12=0
FLT_P2=0
FLT_P3=0
HEAT_1_TEMP=0.0
HEAT_1_DUTY=0
HEAT_1_SP=-20.0
ENC_RAW=2188
ENC_ANGLE=48.076171875
ENC_ACCUM=902.70263671875
AUTO_STOP=1
MOTOR_ANGLE=0.004941860465116279
MOTOR_ACCUM=822.5630813953488
MOTOR_ROT=1572

[21:50:18.242 EBOX]
TS=1786201515.984
V_SENSE5=0.96435546875
V_SENSE9=0.03662109375
V_SENSE12=0.107421875
ADC_V5=4.96490478515625
ADC_V9=9.47845458984375
ADC_V12=11.8414306640625
ADC_V28=27.54150390625
THERMAL_SENS_OUT_1=25
THERMAL_SENS_OUT_2=-50
THERMAL_SENS_OUT_3=24
THERMAL_SENS_OUT_4=28
THERMAL_SENS_OUT_5=29
THERMAL_SENS_OUT_6=-50
THERMAL_SENS_INT_1=26
THERMAL_SENS_INT_2=31
PG_5=1
PG_9=0
PG_12=1
FLT_P2=0
FLT_P3=0
HEAT_1_TEMP=25
HEAT_1_DUTY=0
HEAT_1_SP=-20.0
HEAT_2_TEMP=24
HEAT_2_DUTY=0
HEAT_2_SP=-20.0
HEAT_3_TEMP=28
HEAT_3_DUTY=0
HEAT_3_SP=-20.0
HEAT_4_TEMP=29
HEAT_4_DUTY=0
HEAT_4_SP=-20.0

[21:50:19.755 CUBESAT]
TS=1786203287.505
PG_5=1
PG_9=0
PG_12=0
FLT_P2=0
FLT_P3=0
HEAT_1_TEMP=0.0
HEAT_1_DUTY=0
HEAT_1_SP=-20.0
ENC_RAW=2189
ENC_ANGLE=48.09814453125
ENC_ACCUM=902.724609375
AUTO_STOP=1
MOTOR_ANGLE=0.004941860465116279
MOTOR_ACCUM=822.5630813953488
MOTOR_ROT=1572

[21:50:19.874 EBOX]
TS=1786201517.985
V_SENSE5=0.9326171875
V_SENSE9=0.05615234375
V_SENSE12=0.107421875
ADC_V5=4.89410400390625
ADC_V9=9.522705078125
ADC_V12=11.63787841796875
ADC_V28=27.92205810546875
THERMAL_SENS_OUT_1=29
THERMAL_SENS_OUT_2=-50
THERMAL_SENS_OUT_3=28
THERMAL_SENS_OUT_4=26
THERMAL_SENS_OUT_5=32
THERMAL_SENS_OUT_6=-50
THERMAL_SENS_INT_1=30
THERMAL_SENS_INT_2=28
PG_5=1
PG_9=0
PG_12=1
FLT_P2=0
FLT_P3=0
HEAT_1_TEMP=29
HEAT_1_DUTY=0
HEAT_1_SP=-20.0
HEAT_2_TEMP=28
HEAT_2_DUTY=0
HEAT_2_SP=-20.0
HEAT_3_TEMP=26
HEAT_3_DUTY=0
HEAT_3_SP=-20.0
HEAT_4_TEMP=32
HEAT_4_DUTY=0
HEAT_4_SP=-20.0

[21:50:21.919 EBOX]
TS=1786201519.998
V_SENSE5=0.83740234375
V_SENSE9=0.03662109375
V_SENSE12=0.13427734375
ADC_V5=4.85870361328125
ADC_V9=9.5404052734375
ADC_V12=11.83258056640625
ADC_V28=28.02825927734375
THERMAL_SENS_OUT_1=25
THERMAL_SENS_OUT_2=-50
THERMAL_SENS_OUT_3=30
THERMAL_SENS_OUT_4=26
THERMAL_SENS_OUT_5=27
THERMAL_SENS_OUT_6=-50
THERMAL_SENS_INT_1=24
THERMAL_SENS_INT_2=31
PG_5=1
PG_9=0
PG_12=1
FLT_P2=0
FLT_P3=0
HEAT_1_TEMP=25
HEAT_1_DUTY=0
HEAT_1_SP=-20.0
HEAT_2_TEMP=30
HEAT_2_DUTY=0
HEAT_2_SP=-20.0
HEAT_3_TEMP=26
HEAT_3_DUTY=0
HEAT_3_SP=-20.0
HEAT_4_TEMP=27
HEAT_4_DUTY=0
HEAT_4_SP=-20.0

[21:50:22.025 CUBESAT]
TS=1786203289.508
PG_5=1
PG_9=0
PG_12=0
FLT_P2=0
FLT_P3=0
HEAT_1_TEMP=0.0
HEAT_1_DUTY=0
HEAT_1_SP=-20.0
ENC_RAW=2188
ENC_ANGLE=48.076171875
ENC_ACCUM=902.70263671875
AUTO_STOP=1
MOTOR_ANGLE=0.004941860465116279
MOTOR_ACCUM=822.5630813953488
MOTOR_ROT=1572

[21:50:23.737 CUBESAT]
TS=1786203291.511
PG_5=1
PG_9=0
PG_12=0
FLT_P2=0
FLT_P3=0
HEAT_1_TEMP=0.0
HEAT_1_DUTY=10
HEAT_1_SP=-20.0
ENC_RAW=2189
ENC_ANGLE=48.09814453125
ENC_ACCUM=902.724609375
AUTO_STOP=1
MOTOR_ANGLE=0.004941860465116279
MOTOR_ACCUM=822.5630813953488
MOTOR_ROT=1572

[21:50:23.954 EBOX]
TS=1786201521.990
V_SENSE5=0.93017578125
V_SENSE9=0.0390625
V_SENSE12=0.10986328125
ADC_V5=4.991455078125
ADC_V9=9.345703125
ADC_V12=11.95648193359375
ADC_V28=27.82470703125
THERMAL_SENS_OUT_1=27
THERMAL_SENS_OUT_2=-50
THERMAL_SENS_OUT_3=28
THERMAL_SENS_OUT_4=25
THERMAL_SENS_OUT_5=29
THERMAL_SENS_OUT_6=-50
THERMAL_SENS_INT_1=25
THERMAL_SENS_INT_2=31
PG_5=1
PG_9=0
PG_12=1
FLT_P2=0
FLT_P3=0
HEAT_1_TEMP=27
HEAT_1_DUTY=0
HEAT_1_SP=-20.0
HEAT_2_TEMP=28
HEAT_2_DUTY=0
HEAT_2_SP=-20.0
HEAT_3_TEMP=25
HEAT_3_DUTY=0
HEAT_3_SP=-20.0
HEAT_4_TEMP=29
HEAT_4_DUTY=0
HEAT_4_SP=-20.0

[21:50:25.773 CUBESAT]
TS=1786203293.515
PG_5=1
PG_9=0
PG_12=0
FLT_P2=0
FLT_P3=0
HEAT_1_TEMP=0.0
HEAT_1_DUTY=0
HEAT_1_SP=-20.0
ENC_RAW=2188
ENC_ANGLE=48.076171875
ENC_ACCUM=902.70263671875
AUTO_STOP=1
MOTOR_ANGLE=0.004941860465116279
MOTOR_ACCUM=822.5630813953488
MOTOR_ROT=1572

[21:50:26.546 EBOX]
TS=1786201523.992
V_SENSE5=1.11328125
V_SENSE9=0.0341796875
V_SENSE12=0.14404296875
ADC_V5=4.98260498046875
ADC_V9=9.27490234375
ADC_V12=11.859130859375
ADC_V28=27.99285888671875
THERMAL_SENS_OUT_1=25
THERMAL_SENS_OUT_2=-50
THERMAL_SENS_OUT_3=26
THERMAL_SENS_OUT_4=26
THERMAL_SENS_OUT_5=28
THERMAL_SENS_OUT_6=-50
THERMAL_SENS_INT_1=26
THERMAL_SENS_INT_2=30
PG_5=1
PG_9=0
PG_12=1
FLT_P2=0
FLT_P3=0
HEAT_1_TEMP=25
HEAT_1_DUTY=0
HEAT_1_SP=-20.0
HEAT_2_TEMP=26
HEAT_2_DUTY=0
HEAT_2_SP=-20.0
HEAT_3_TEMP=26
HEAT_3_DUTY=0
HEAT_3_SP=-20.0
HEAT_4_TEMP=28
HEAT_4_DUTY=0
HEAT_4_SP=-20.0

[21:50:27.783 CUBESAT]
TS=1786203295.518
PG_5=1
PG_9=0
PG_12=0
FLT_P2=0
FLT_P3=0
HEAT_1_TEMP=0.0
HEAT_1_DUTY=0
HEAT_1_SP=-20.0
ENC_RAW=2190
ENC_ANGLE=48.1201171875
ENC_ACCUM=902.74658203125
AUTO_STOP=1
MOTOR_ANGLE=0.004941860465116279
MOTOR_ACCUM=822.5630813953488
MOTOR_ROT=1572

[21:50:28.203 EBOX]
TS=1786201525.999
V_SENSE5=0.87646484375
V_SENSE9=0.0390625
V_SENSE12=0.14404296875
ADC_V5=5.19500732421875
ADC_V9=9.12445068359375
ADC_V12=11.5228271484375
ADC_V28=28.0902099609375
THERMAL_SENS_OUT_1=27
THERMAL_SENS_OUT_2=-50
THERMAL_SENS_OUT_3=25
THERMAL_SENS_OUT_4=26
THERMAL_SENS_OUT_5=27
THERMAL_SENS_OUT_6=-50
THERMAL_SENS_INT_1=27
THERMAL_SENS_INT_2=29
PG_5=1
PG_9=0
PG_12=1
FLT_P2=0
FLT_P3=0
HEAT_1_TEMP=27
HEAT_1_DUTY=0
HEAT_1_SP=-20.0
HEAT_2_TEMP=25
HEAT_2_DUTY=0
HEAT_2_SP=-20.0
HEAT_3_TEMP=26
HEAT_3_DUTY=0
HEAT_3_SP=-20.0
HEAT_4_TEMP=27
HEAT_4_DUTY=0
HEAT_4_SP=-20.0

[21:50:29.819 CUBESAT]
TS=1786203297.521
PG_5=1
PG_9=0
PG_12=0
FLT_P2=0
FLT_P3=0
HEAT_1_TEMP=0.0
HEAT_1_DUTY=0
HEAT_1_SP=-20.0
ENC_RAW=2187
ENC_ANGLE=48.05419921875
ENC_ACCUM=902.6806640625
AUTO_STOP=1
MOTOR_ANGLE=0.004941860465116279
MOTOR_ACCUM=822.5630813953488
MOTOR_ROT=1572

[21:50:29.938 EBOX]
TS=1786201527.997
V_SENSE5=0.908203125
V_SENSE9=0.0341796875
V_SENSE12=0.10498046875
ADC_V5=4.9383544921875
ADC_V9=9.58465576171875
ADC_V12=11.83258056640625
ADC_V28=27.62115478515625
THERMAL_SENS_OUT_1=31
THERMAL_SENS_OUT_2=-50
THERMAL_SENS_OUT_3=25
THERMAL_SENS_OUT_4=29
THERMAL_SENS_OUT_5=27
THERMAL_SENS_OUT_6=-50
THERMAL_SENS_INT_1=28
THERMAL_SENS_INT_2=29
PG_5=1
PG_9=0
PG_12=1
FLT_P2=0
FLT_P3=0
HEAT_1_TEMP=31
HEAT_1_DUTY=0
HEAT_1_SP=-20.0
HEAT_2_TEMP=25
HEAT_2_DUTY=0
HEAT_2_SP=-20.0
HEAT_3_TEMP=29
HEAT_3_DUTY=0
HEAT_3_SP=-20.0
HEAT_4_TEMP=27
HEAT_4_DUTY=0
HEAT_4_SP=-20.0

[21:50:31.753 CUBESAT]
TS=1786203299.525
PG_5=1
PG_9=0
PG_12=0
FLT_P2=0
FLT_P3=0
HEAT_1_TEMP=0.0
HEAT_1_DUTY=0
HEAT_1_SP=-20.0
ENC_RAW=2188
ENC_ANGLE=48.076171875
ENC_ACCUM=902.70263671875
AUTO_STOP=1
MOTOR_ANGLE=0.004941860465116279
MOTOR_ACCUM=822.5630813953488
MOTOR_ROT=1572

[21:50:31.871 EBOX]
TS=1786201529.999
V_SENSE5=0.93017578125
V_SENSE9=0.0341796875
V_SENSE12=0.1171875
ADC_V5=4.9383544921875
ADC_V9=9.381103515625
ADC_V12=11.68212890625
ADC_V28=27.60345458984375
THERMAL_SENS_OUT_1=31
THERMAL_SENS_OUT_2=-50
THERMAL_SENS_OUT_3=26
THERMAL_SENS_OUT_4=30
THERMAL_SENS_OUT_5=29
THERMAL_SENS_OUT_6=-50
THERMAL_SENS_INT_1=25
THERMAL_SENS_INT_2=31
PG_5=1
PG_9=0
PG_12=1
FLT_P2=0
FLT_P3=0
HEAT_1_TEMP=31
HEAT_1_DUTY=0
HEAT_1_SP=-20.0
HEAT_2_TEMP=26
HEAT_2_DUTY=0
HEAT_2_SP=-20.0
HEAT_3_TEMP=30
HEAT_3_DUTY=0
HEAT_3_SP=-20.0
HEAT_4_TEMP=29
HEAT_4_DUTY=0
HEAT_4_SP=-20.0

[21:50:33.906 EBOX]
TS=1786201532.002
V_SENSE5=0.89599609375
V_SENSE9=0.07080078125
V_SENSE12=0.09765625
ADC_V5=5.01800537109375
ADC_V9=9.30145263671875
ADC_V12=11.54052734375
ADC_V28=27.8955078125
THERMAL_SENS_OUT_1=31
THERMAL_SENS_OUT_2=-50
THERMAL_SENS_OUT_3=30
THERMAL_SENS_OUT_4=27
THERMAL_SENS_OUT_5=32
THERMAL_SENS_OUT_6=-50
THERMAL_SENS_INT_1=29
THERMAL_SENS_INT_2=27
PG_5=1
PG_9=0
PG_12=1
FLT_P2=0
FLT_P3=0
HEAT_1_TEMP=31
HEAT_1_DUTY=0
HEAT_1_SP=-20.0
HEAT_2_TEMP=30
HEAT_2_DUTY=0
HEAT_2_SP=-20.0
HEAT_3_TEMP=27
HEAT_3_DUTY=0
HEAT_3_SP=-20.0
HEAT_4_TEMP=32
HEAT_4_DUTY=0
HEAT_4_SP=-20.0

[21:50:34.010 CUBESAT]
TS=1786203301.528
PG_5=1
PG_9=0
PG_12=0
FLT_P2=0
FLT_P3=0
HEAT_1_TEMP=0.0
HEAT_1_DUTY=10
HEAT_1_SP=-20.0
ENC_RAW=2188
ENC_ANGLE=48.076171875
ENC_ACCUM=902.70263671875
AUTO_STOP=1
MOTOR_ANGLE=0.004941860465116279
MOTOR_ACCUM=822.5630813953488
MOTOR_ROT=1572

[21:50:36.612 EBOX]
TS=1786201534.004
V_SENSE5=1.11572265625
V_SENSE9=0.03662109375
V_SENSE12=0.15380859375
ADC_V5=4.85870361328125
ADC_V9=9.027099609375
ADC_V12=11.89453125
ADC_V28=27.49725341796875
THERMAL_SENS_OUT_1=27
THERMAL_SENS_OUT_2=-50
THERMAL_SENS_OUT_3=26
THERMAL_SENS_OUT_4=30
THERMAL_SENS_OUT_5=28
THERMAL_SENS_OUT_6=-50
THERMAL_SENS_INT_1=25
THERMAL_SENS_INT_2=29
PG_5=1
PG_9=0
PG_12=1
FLT_P2=0
FLT_P3=0
HEAT_1_TEMP=27
HEAT_1_DUTY=0
HEAT_1_SP=-20.0
HEAT_2_TEMP=26
HEAT_2_DUTY=0
HEAT_2_SP=-20.0
HEAT_3_TEMP=30
HEAT_3_DUTY=0
HEAT_3_SP=-20.0
HEAT_4_TEMP=28
HEAT_4_DUTY=0
HEAT_4_SP=-20.0

[21:50:36.615 CUBESAT]
TS=1786203303.531
PG_5=1
PG_9=0
PG_12=0
FLT_P2=0
FLT_P3=0
HEAT_1_TEMP=0.0
HEAT_1_DUTY=0
HEAT_1_SP=-20.0
ENC_RAW=2189
ENC_ANGLE=48.09814453125
ENC_ACCUM=902.724609375
AUTO_STOP=1
MOTOR_ANGLE=0.004941860465116279
MOTOR_ACCUM=822.5630813953488
MOTOR_ROT=1572

[21:50:37.829 CUBESAT]
TS=1786203305.536
PG_5=1
PG_9=0
PG_12=0
FLT_P2=0
FLT_P3=0
HEAT_1_TEMP=0.0
HEAT_1_DUTY=0
HEAT_1_SP=-20.0
ENC_RAW=2186
ENC_ANGLE=48.0322265625
ENC_ACCUM=902.65869140625
AUTO_STOP=1
MOTOR_ANGLE=0.004941860465116279
MOTOR_ACCUM=822.5630813953488
MOTOR_ROT=1572

[21:50:37.946 EBOX]
TS=1786201536.020
V_SENSE5=0.9521484375
V_SENSE9=0.0341796875
V_SENSE12=0.126953125
ADC_V5=4.85870361328125
ADC_V9=8.7969970703125
ADC_V12=11.82373046875
ADC_V28=27.26715087890625
THERMAL_SENS_OUT_1=32
THERMAL_SENS_OUT_2=-50
THERMAL_SENS_OUT_3=27
THERMAL_SENS_OUT_4=31
THERMAL_SENS_OUT_5=34
THERMAL_SENS_OUT_6=-50
THERMAL_SENS_INT_1=25
THERMAL_SENS_INT_2=25
PG_5=1
PG_9=0
PG_12=1
FLT_P2=0
FLT_P3=0
HEAT_1_TEMP=32
HEAT_1_DUTY=0
HEAT_1_SP=-20.0
HEAT_2_TEMP=27
HEAT_2_DUTY=0
HEAT_2_SP=-20.0
HEAT_3_TEMP=31
HEAT_3_DUTY=0
HEAT_3_SP=-20.0
HEAT_4_TEMP=34
HEAT_4_DUTY=0
HEAT_4_SP=-20.0

[21:50:39.758 CUBESAT]
TS=1786203307.538
PG_5=1
PG_9=0
PG_12=0
FLT_P2=0
FLT_P3=0
HEAT_1_TEMP=0.0
HEAT_1_DUTY=0
HEAT_1_SP=-20.0
ENC_RAW=2189
ENC_ANGLE=48.09814453125
ENC_ACCUM=902.724609375
AUTO_STOP=1
MOTOR_ANGLE=0.004941860465116279
MOTOR_ACCUM=822.5630813953488
MOTOR_ROT=1572

[21:50:40.292 EBOX]
TS=1786201538.008
V_SENSE5=0.92041015625
V_SENSE9=0.0390625
V_SENSE12=0.1318359375
ADC_V5=5.00030517578125
ADC_V9=8.956298828125
ADC_V12=11.8768310546875
ADC_V28=27.435302734375
THERMAL_SENS_OUT_1=25
THERMAL_SENS_OUT_2=-50
THERMAL_SENS_OUT_3=28
THERMAL_SENS_OUT_4=25
THERMAL_SENS_OUT_5=29
THERMAL_SENS_OUT_6=-50
THERMAL_SENS_INT_1=27
THERMAL_SENS_INT_2=26
PG_5=1
PG_9=0
PG_12=1
FLT_P2=0
FLT_P3=0
HEAT_1_TEMP=25
HEAT_1_DUTY=0
HEAT_1_SP=-20.0
HEAT_2_TEMP=28
HEAT_2_DUTY=0
HEAT_2_SP=-20.0
HEAT_3_TEMP=25
HEAT_3_DUTY=0
HEAT_3_SP=-20.0
HEAT_4_TEMP=29
HEAT_4_DUTY=0
HEAT_4_SP=-20.0

[21:50:42.600 EBOX]
TS=1786201540.010
V_SENSE5=0.93505859375
V_SENSE9=0.0341796875
V_SENSE12=0.11962890625
ADC_V5=4.91180419921875
ADC_V9=9.1510009765625
ADC_V12=11.6998291015625
ADC_V28=27.58575439453125
THERMAL_SENS_OUT_1=25
THERMAL_SENS_OUT_2=-50
THERMAL_SENS_OUT_3=28
THERMAL_SENS_OUT_4=26
THERMAL_SENS_OUT_5=31
THERMAL_SENS_OUT_6=-50
THERMAL_SENS_INT_1=28
THERMAL_SENS_INT_2=26
PG_5=1
PG_9=0
PG_12=1
FLT_P2=0
FLT_P3=0
HEAT_1_TEMP=25
HEAT_1_DUTY=0
HEAT_1_SP=-20.0
HEAT_2_TEMP=28
HEAT_2_DUTY=0
HEAT_2_SP=-20.0
HEAT_3_TEMP=26
HEAT_3_DUTY=0
HEAT_3_SP=-20.0
HEAT_4_TEMP=31
HEAT_4_DUTY=0
HEAT_4_SP=-20.0

[21:50:42.603 CUBESAT]
TS=1786203309.545
PG_5=1
PG_9=0
PG_12=0
FLT_P2=0
FLT_P3=0
HEAT_1_TEMP=0.0
HEAT_1_DUTY=0
HEAT_1_SP=-20.0
ENC_RAW=2190
ENC_ANGLE=48.1201171875
ENC_ACCUM=902.74658203125
AUTO_STOP=1
MOTOR_ANGLE=0.004941860465116279
MOTOR_ACCUM=822.5630813953488
MOTOR_ROT=1572

[21:50:43.813 CUBESAT]
TS=1786203311.547
PG_5=1
PG_9=0
PG_12=0
FLT_P2=0
FLT_P3=0
HEAT_1_TEMP=0.0
HEAT_1_DUTY=10
HEAT_1_SP=-20.0
ENC_RAW=2190
ENC_ANGLE=48.1201171875
ENC_ACCUM=902.74658203125
AUTO_STOP=1
MOTOR_ANGLE=0.004941860465116279
MOTOR_ACCUM=822.5630813953488
MOTOR_ROT=1572

[21:50:43.932 EBOX]
TS=1786201542.013
V_SENSE5=0.92529296875
V_SENSE9=0.0341796875
V_SENSE12=0.10498046875
ADC_V5=4.92950439453125
ADC_V9=9.097900390625
ADC_V12=11.89453125
ADC_V28=27.8955078125
THERMAL_SENS_OUT_1=26
THERMAL_SENS_OUT_2=-50
THERMAL_SENS_OUT_3=29
THERMAL_SENS_OUT_4=27
THERMAL_SENS_OUT_5=31
THERMAL_SENS_OUT_6=-50
THERMAL_SENS_INT_1=30
THERMAL_SENS_INT_2=28
PG_5=1
PG_9=0
PG_12=1
FLT_P2=0
FLT_P3=0
HEAT_1_TEMP=26
HEAT_1_DUTY=0
HEAT_1_SP=-20.0
HEAT_2_TEMP=29
HEAT_2_DUTY=0
HEAT_2_SP=-20.0
HEAT_3_TEMP=27
HEAT_3_DUTY=0
HEAT_3_SP=-20.0
HEAT_4_TEMP=31
HEAT_4_DUTY=0
HEAT_4_SP=-20.0

[21:50:45.973 EBOX]
TS=1786201544.015
V_SENSE5=1.11083984375
V_SENSE9=0.0341796875
V_SENSE12=0.1025390625
ADC_V5=4.8321533203125
ADC_V9=9.10675048828125
ADC_V12=11.8414306640625
ADC_V28=27.37335205078125
THERMAL_SENS_OUT_1=26
THERMAL_SENS_OUT_2=-50
THERMAL_SENS_OUT_3=27
THERMAL_SENS_OUT_4=27
THERMAL_SENS_OUT_5=28
THERMAL_SENS_OUT_6=-50
THERMAL_SENS_INT_1=27
THERMAL_SENS_INT_2=30
PG_5=1
PG_9=0
PG_12=1
FLT_P2=0
FLT_P3=0
HEAT_1_TEMP=26
HEAT_1_DUTY=0
HEAT_1_SP=-20.0
HEAT_2_TEMP=27
HEAT_2_DUTY=0
HEAT_2_SP=-20.0
HEAT_3_TEMP=27
HEAT_3_DUTY=0
HEAT_3_SP=-20.0
HEAT_4_TEMP=28
HEAT_4_DUTY=0
HEAT_4_SP=-20.0

[21:50:46.498 CUBESAT]
TS=1786203313.548
PG_5=1
PG_9=0
PG_12=0
FLT_P2=0
FLT_P3=0
HEAT_1_TEMP=0.0
HEAT_1_DUTY=0
HEAT_1_SP=-20.0
ENC_RAW=2190
ENC_ANGLE=48.1201171875
ENC_ACCUM=902.74658203125
AUTO_STOP=1
MOTOR_ANGLE=0.004941860465116279
MOTOR_ACCUM=822.5630813953488
MOTOR_ROT=1572

[21:50:48.112 CUBESAT]
TS=1786203315.550
PG_5=1
PG_9=0
PG_12=0
FLT_P2=0
FLT_P3=0
HEAT_1_TEMP=0.0
HEAT_1_DUTY=0
HEAT_1_SP=-20.0
ENC_RAW=2189
ENC_ANGLE=48.09814453125
ENC_ACCUM=902.724609375
AUTO_STOP=1
MOTOR_ANGLE=0.004941860465116279
MOTOR_ACCUM=822.5630813953488
MOTOR_ROT=1572

[21:50:48.227 EBOX]
TS=1786201546.026
V_SENSE5=0.97412109375
V_SENSE9=0.03173828125
V_SENSE12=0.15380859375
ADC_V5=4.98260498046875
ADC_V9=9.23065185546875
ADC_V12=11.646728515625
ADC_V28=27.5592041015625
THERMAL_SENS_OUT_1=26
THERMAL_SENS_OUT_2=-50
THERMAL_SENS_OUT_3=29
THERMAL_SENS_OUT_4=25
THERMAL_SENS_OUT_5=26
THERMAL_SENS_OUT_6=-50
THERMAL_SENS_INT_1=25
THERMAL_SENS_INT_2=28
PG_5=1
PG_9=0
PG_12=1
FLT_P2=0
FLT_P3=0
HEAT_1_TEMP=26
HEAT_1_DUTY=0
HEAT_1_SP=-20.0
HEAT_2_TEMP=29
HEAT_2_DUTY=0
HEAT_2_SP=-20.0
HEAT_3_TEMP=25
HEAT_3_DUTY=0
HEAT_3_SP=-20.0
HEAT_4_TEMP=26
HEAT_4_DUTY=0
HEAT_4_SP=-20.0

[21:50:49.844 CUBESAT]
TS=1786203317.555
PG_5=1
PG_9=0
PG_12=0
FLT_P2=0
FLT_P3=0
HEAT_1_TEMP=0.0
HEAT_1_DUTY=0
HEAT_1_SP=-20.0
ENC_RAW=2189
ENC_ANGLE=48.09814453125
ENC_ACCUM=902.724609375
AUTO_STOP=1
MOTOR_ANGLE=0.004941860465116279
MOTOR_ACCUM=822.5630813953488
MOTOR_ROT=1572

[21:50:49.962 EBOX]
TS=1786201548.027
V_SENSE5=0.92529296875
V_SENSE9=0.03662109375
V_SENSE12=0.1318359375
ADC_V5=5.0091552734375
ADC_V9=9.345703125
ADC_V12=11.90338134765625
ADC_V28=27.6654052734375
THERMAL_SENS_OUT_1=31
THERMAL_SENS_OUT_2=-50
THERMAL_SENS_OUT_3=29
THERMAL_SENS_OUT_4=25
THERMAL_SENS_OUT_5=31
THERMAL_SENS_OUT_6=-50
THERMAL_SENS_INT_1=25
THERMAL_SENS_INT_2=28
PG_5=1
PG_9=0
PG_12=1
FLT_P2=0
FLT_P3=0
HEAT_1_TEMP=31
HEAT_1_DUTY=0
HEAT_1_SP=-20.0
HEAT_2_TEMP=29
HEAT_2_DUTY=0
HEAT_2_SP=-20.0
HEAT_3_TEMP=25
HEAT_3_DUTY=0
HEAT_3_SP=-20.0
HEAT_4_TEMP=31
HEAT_4_DUTY=0
HEAT_4_SP=-20.0

[21:50:51.779 CUBESAT]
TS=1786203319.557
PG_5=1
PG_9=0
PG_12=0
FLT_P2=0
FLT_P3=0
HEAT_1_TEMP=0.0
HEAT_1_DUTY=0
HEAT_1_SP=-20.0
ENC_RAW=2188
ENC_ANGLE=48.076171875
ENC_ACCUM=902.70263671875
AUTO_STOP=1
MOTOR_ANGLE=0.004941860465116279
MOTOR_ACCUM=822.5630813953488
MOTOR_ROT=1572

[21:50:51.896 EBOX]
TS=1786201550.039
V_SENSE5=0.87158203125
V_SENSE9=0.0390625
V_SENSE12=0.107421875
ADC_V5=5.0091552734375
ADC_V9=9.0447998046875
ADC_V12=11.83258056640625
ADC_V28=27.293701171875
THERMAL_SENS_OUT_1=26
THERMAL_SENS_OUT_2=-50
THERMAL_SENS_OUT_3=25
THERMAL_SENS_OUT_4=26
THERMAL_SENS_OUT_5=30
THERMAL_SENS_OUT_6=-50
THERMAL_SENS_INT_1=24
THERMAL_SENS_INT_2=30
PG_5=1
PG_9=0
PG_12=1
FLT_P2=0
FLT_P3=0
HEAT_1_TEMP=26
HEAT_1_DUTY=0
HEAT_1_SP=-20.0
HEAT_2_TEMP=25
HEAT_2_DUTY=0
HEAT_2_SP=-20.0
HEAT_3_TEMP=26
HEAT_3_DUTY=0
HEAT_3_SP=-20.0
HEAT_4_TEMP=30
HEAT_4_DUTY=0
HEAT_4_SP=-20.0

[21:50:53.815 CUBESAT]
TS=1786203321.562
PG_5=1
PG_9=0
PG_12=0
FLT_P2=0
FLT_P3=0
HEAT_1_TEMP=0.0
HEAT_1_DUTY=0
HEAT_1_SP=-20.0
ENC_RAW=2190
ENC_ANGLE=48.1201171875
ENC_ACCUM=902.74658203125
AUTO_STOP=1
MOTOR_ANGLE=0.004941860465116279
MOTOR_ACCUM=822.5630813953488
MOTOR_ROT=1572

[21:50:54.239 EBOX]
TS=1786201552.029
V_SENSE5=0.91552734375
V_SENSE9=0.0390625
V_SENSE12=0.1025390625
ADC_V5=4.9560546875
ADC_V9=9.21295166015625
ADC_V12=11.89453125
ADC_V28=27.47955322265625
THERMAL_SENS_OUT_1=27
THERMAL_SENS_OUT_2=-50
THERMAL_SENS_OUT_3=26
THERMAL_SENS_OUT_4=25
THERMAL_SENS_OUT_5=32
THERMAL_SENS_OUT_6=-50
THERMAL_SENS_INT_1=28
THERMAL_SENS_INT_2=27
PG_5=1
PG_9=0
PG_12=1
FLT_P2=0
FLT_P3=0
HEAT_1_TEMP=27
HEAT_1_DUTY=0
HEAT_1_SP=-20.0
HEAT_2_TEMP=26
HEAT_2_DUTY=0
HEAT_2_SP=-20.0
HEAT_3_TEMP=25
HEAT_3_DUTY=0
HEAT_3_SP=-20.0
HEAT_4_TEMP=32
HEAT_4_DUTY=0
HEAT_4_SP=-20.0

[21:50:55.853 CUBESAT]
TS=1786203323.564
PG_5=1
PG_9=0
PG_12=0
FLT_P2=0
FLT_P3=0
HEAT_1_TEMP=0.0
HEAT_1_DUTY=0
HEAT_1_SP=-20.0
ENC_RAW=2190
ENC_ANGLE=48.1201171875
ENC_ACCUM=902.74658203125
AUTO_STOP=1
MOTOR_ANGLE=0.004941860465116279
MOTOR_ACCUM=822.5630813953488
MOTOR_ROT=1572

[21:50:55.974 EBOX]
TS=1786201554.030
V_SENSE5=1.298828125
V_SENSE9=0.0341796875
V_SENSE12=0.107421875
ADC_V5=4.96490478515625
ADC_V9=9.10675048828125
ADC_V12=11.88568115234375
ADC_V28=27.21405029296875
THERMAL_SENS_OUT_1=25
THERMAL_SENS_OUT_2=-50
THERMAL_SENS_OUT_3=26
THERMAL_SENS_OUT_4=30
THERMAL_SENS_OUT_5=28
THERMAL_SENS_OUT_6=-50
THERMAL_SENS_INT_1=25
THERMAL_SENS_INT_2=30
PG_5=1
PG_9=0
PG_12=1
FLT_P2=0
FLT_P3=0
HEAT_1_TEMP=25
HEAT_1_DUTY=0
HEAT_1_SP=-20.0
HEAT_2_TEMP=26
HEAT_2_DUTY=0
HEAT_2_SP=-20.0
HEAT_3_TEMP=30
HEAT_3_DUTY=0
HEAT_3_SP=-20.0
HEAT_4_TEMP=28
HEAT_4_DUTY=0
HEAT_4_SP=-20.0

[21:50:57.793 CUBESAT]
TS=1786203325.569
PG_5=1
PG_9=0
PG_12=0
FLT_P2=0
FLT_P3=0
HEAT_1_TEMP=0.0
HEAT_1_DUTY=0
HEAT_1_SP=-20.0
ENC_RAW=2191
ENC_ANGLE=48.14208984375
ENC_ACCUM=902.7685546875
AUTO_STOP=1
MOTOR_ANGLE=0.004941860465116279
MOTOR_ACCUM=822.5630813953488
MOTOR_ROT=1572

[21:50:57.911 EBOX]
TS=1786201556.041
V_SENSE5=0.97412109375
V_SENSE9=0.06591796875
V_SENSE12=0.11474609375
ADC_V5=5.0091552734375
ADC_V9=9.24835205078125
ADC_V12=11.717529296875
ADC_V28=27.68310546875
THERMAL_SENS_OUT_1=32
THERMAL_SENS_OUT_2=-50
THERMAL_SENS_OUT_3=31
THERMAL_SENS_OUT_4=25
THERMAL_SENS_OUT_5=28
THERMAL_SENS_OUT_6=-50
THERMAL_SENS_INT_1=28
THERMAL_SENS_INT_2=31
PG_5=1
PG_9=0
PG_12=1
FLT_P2=0
FLT_P3=0
HEAT_1_TEMP=32
HEAT_1_DUTY=0
HEAT_1_SP=-20.0
HEAT_2_TEMP=31
HEAT_2_DUTY=0
HEAT_2_SP=-20.0
HEAT_3_TEMP=25
HEAT_3_DUTY=0
HEAT_3_SP=-20.0
HEAT_4_TEMP=28
HEAT_4_DUTY=0
HEAT_4_SP=-20.0

[21:50:59.825 CUBESAT]
TS=1786203327.570
PG_5=1
PG_9=0
PG_12=0
FLT_P2=0
FLT_P3=0
HEAT_1_TEMP=0.0
HEAT_1_DUTY=10
HEAT_1_SP=-20.0
ENC_RAW=2189
ENC_ANGLE=48.09814453125
ENC_ACCUM=902.724609375
AUTO_STOP=1
MOTOR_ANGLE=0.004941860465116279
MOTOR_ACCUM=822.5630813953488
MOTOR_ROT=1572

[21:50:59.942 EBOX]
TS=1786201558.034
V_SENSE5=0.91552734375
V_SENSE9=0.0341796875
V_SENSE12=0.1171875
ADC_V5=4.92950439453125
ADC_V9=9.1864013671875
ADC_V12=11.5936279296875
ADC_V28=28.13446044921875
THERMAL_SENS_OUT_1=29
THERMAL_SENS_OUT_2=-50
THERMAL_SENS_OUT_3=28
THERMAL_SENS_OUT_4=27
THERMAL_SENS_OUT_5=29
THERMAL_SENS_OUT_6=-50
THERMAL_SENS_INT_1=25
THERMAL_SENS_INT_2=26
PG_5=1
PG_9=0
PG_12=1
FLT_P2=0
FLT_P3=0
HEAT_1_TEMP=29
HEAT_1_DUTY=0
HEAT_1_SP=-20.0
HEAT_2_TEMP=28
HEAT_2_DUTY=0
HEAT_2_SP=-20.0
HEAT_3_TEMP=27
HEAT_3_DUTY=0
HEAT_3_SP=-20.0
HEAT_4_TEMP=29
HEAT_4_DUTY=0
HEAT_4_SP=-20.0

[21:51:01.858 CUBESAT]
TS=1786203329.576
PG_5=1
PG_9=0
PG_12=0
FLT_P2=0
FLT_P3=0
HEAT_1_TEMP=0.0
HEAT_1_DUTY=0
HEAT_1_SP=-20.0
ENC_RAW=2189
ENC_ANGLE=48.09814453125
ENC_ACCUM=902.724609375
AUTO_STOP=1
MOTOR_ANGLE=0.004941860465116279
MOTOR_ACCUM=822.5630813953488
MOTOR_ROT=1572

[21:51:01.976 EBOX]
TS=1786201560.036
V_SENSE5=0.888671875
V_SENSE9=0.0341796875
V_SENSE12=0.107421875
ADC_V5=5.0091552734375
ADC_V9=9.00054931640625
ADC_V12=11.88568115234375
ADC_V28=27.68310546875
THERMAL_SENS_OUT_1=27
THERMAL_SENS_OUT_2=-50
THERMAL_SENS_OUT_3=27
THERMAL_SENS_OUT_4=27
THERMAL_SENS_OUT_5=32
THERMAL_SENS_OUT_6=-50
THERMAL_SENS_INT_1=29
THERMAL_SENS_INT_2=26
PG_5=1
PG_9=0
PG_12=1
FLT_P2=0
FLT_P3=0
HEAT_1_TEMP=27
HEAT_1_DUTY=0
HEAT_1_SP=-20.0
HEAT_2_TEMP=27
HEAT_2_DUTY=0
HEAT_2_SP=-20.0
HEAT_3_TEMP=27
HEAT_3_DUTY=0
HEAT_3_SP=-20.0
HEAT_4_TEMP=32
HEAT_4_DUTY=0
HEAT_4_SP=-20.0

[21:51:03.790 CUBESAT]
TS=1786203331.578
PG_5=1
PG_9=0
PG_12=0
FLT_P2=0
FLT_P3=0
HEAT_1_TEMP=0.0
HEAT_1_DUTY=0
HEAT_1_SP=-20.0
ENC_RAW=2187
ENC_ANGLE=48.05419921875
ENC_ACCUM=902.6806640625
AUTO_STOP=1
MOTOR_ANGLE=0.004941860465116279
MOTOR_ACCUM=822.5630813953488
MOTOR_ROT=1572

[21:51:04.212 EBOX]
TS=1786201562.038
V_SENSE5=0.91552734375
V_SENSE9=0.0390625
V_SENSE12=0.12939453125
ADC_V5=4.920654296875
ADC_V9=9.1156005859375
ADC_V12=11.53167724609375
ADC_V28=27.86895751953125
THERMAL_SENS_OUT_1=31
THERMAL_SENS_OUT_2=-50
THERMAL_SENS_OUT_3=29
THERMAL_SENS_OUT_4=25
THERMAL_SENS_OUT_5=30
THERMAL_SENS_OUT_6=-50
THERMAL_SENS_INT_1=24
THERMAL_SENS_INT_2=27
PG_5=1
PG_9=0
PG_12=1
FLT_P2=0
FLT_P3=0
HEAT_1_TEMP=31
HEAT_1_DUTY=0
HEAT_1_SP=-20.0
HEAT_2_TEMP=29
HEAT_2_DUTY=0
HEAT_2_SP=-20.0
HEAT_3_TEMP=25
HEAT_3_DUTY=0
HEAT_3_SP=-20.0
HEAT_4_TEMP=30
HEAT_4_DUTY=0
HEAT_4_SP=-20.0

[21:51:05.947 EBOX]
TS=1786201564.048
V_SENSE5=1.09619140625
V_SENSE9=0.03662109375
V_SENSE12=0.10009765625
ADC_V5=4.849853515625
ADC_V9=9.0802001953125
ADC_V12=11.77947998046875
ADC_V28=27.1875
THERMAL_SENS_OUT_1=25
THERMAL_SENS_OUT_2=-50
THERMAL_SENS_OUT_3=30
THERMAL_SENS_OUT_4=25
THERMAL_SENS_OUT_5=31
THERMAL_SENS_OUT_6=-50
THERMAL_SENS_INT_1=28
THERMAL_SENS_INT_2=26
PG_5=1
PG_9=0
PG_12=1
FLT_P2=0
FLT_P3=0
HEAT_1_TEMP=25
HEAT_1_DUTY=0
HEAT_1_SP=-20.0
HEAT_2_TEMP=30
HEAT_2_DUTY=0
HEAT_2_SP=-20.0
HEAT_3_TEMP=25
HEAT_3_DUTY=0
HEAT_3_SP=-20.0
HEAT_4_TEMP=31
HEAT_4_DUTY=0
HEAT_4_SP=-20.0

[21:51:06.090 CUBESAT]
TS=1786203333.581
PG_5=1
PG_9=0
PG_12=0
FLT_P2=0
FLT_P3=0
HEAT_1_TEMP=0.0
HEAT_1_DUTY=0
HEAT_1_SP=-20.0
ENC_RAW=2189
ENC_ANGLE=48.09814453125
ENC_ACCUM=902.724609375
AUTO_STOP=1
MOTOR_ANGLE=0.004941860465116279
MOTOR_ACCUM=822.5630813953488
MOTOR_ROT=1572

[21:51:07.802 CUBESAT]
TS=1786203335.582
PG_5=1
PG_9=0
PG_12=0
FLT_P2=0
FLT_P3=0
HEAT_1_TEMP=0.0
HEAT_1_DUTY=0
HEAT_1_SP=-20.0
ENC_RAW=2190
ENC_ANGLE=48.1201171875
ENC_ACCUM=902.74658203125
AUTO_STOP=1
MOTOR_ANGLE=0.004941860465116279
MOTOR_ACCUM=822.5630813953488
MOTOR_ROT=1572

[21:51:08.018 EBOX]
TS=1786201566.038
V_SENSE5=0.90576171875
V_SENSE9=0.0341796875
V_SENSE12=0.1318359375
ADC_V5=4.9029541015625
ADC_V9=8.98284912109375
ADC_V12=11.93878173828125
ADC_V28=27.7008056640625
THERMAL_SENS_OUT_1=27
THERMAL_SENS_OUT_2=-50
THERMAL_SENS_OUT_3=25
THERMAL_SENS_OUT_4=29
THERMAL_SENS_OUT_5=27
THERMAL_SENS_OUT_6=-50
THERMAL_SENS_INT_1=30
THERMAL_SENS_INT_2=27
PG_5=1
PG_9=0
PG_12=1
FLT_P2=0
FLT_P3=0
HEAT_1_TEMP=27
HEAT_1_DUTY=0
HEAT_1_SP=-20.0
HEAT_2_TEMP=25
HEAT_2_DUTY=0
HEAT_2_SP=-20.0
HEAT_3_TEMP=29
HEAT_3_DUTY=0
HEAT_3_SP=-20.0
HEAT_4_TEMP=27
HEAT_4_DUTY=0
HEAT_4_SP=-20.0

[21:51:09.839 CUBESAT]
TS=1786203337.585
PG_5=1
PG_9=0
PG_12=0
FLT_P2=0
FLT_P3=0
HEAT_1_TEMP=0.0
HEAT_1_DUTY=10
HEAT_1_SP=-20.0
ENC_RAW=2189
ENC_ANGLE=48.09814453125
ENC_ACCUM=902.724609375
AUTO_STOP=1
MOTOR_ANGLE=0.004941860465116279
MOTOR_ACCUM=822.5630813953488
MOTOR_ROT=1572

[21:51:09.952 EBOX]
TS=1786201568.040
V_SENSE5=0.91064453125
V_SENSE9=0.0341796875
V_SENSE12=0.11474609375
ADC_V5=4.991455078125
ADC_V9=8.85894775390625
ADC_V12=11.859130859375
ADC_V28=27.3114013671875
THERMAL_SENS_OUT_1=27
THERMAL_SENS_OUT_2=-50
THERMAL_SENS_OUT_3=25
THERMAL_SENS_OUT_4=31
THERMAL_SENS_OUT_5=29
THERMAL_SENS_OUT_6=-50
THERMAL_SENS_INT_1=30
THERMAL_SENS_INT_2=28
PG_5=1
PG_9=0
PG_12=1
FLT_P2=0
FLT_P3=0
HEAT_1_TEMP=27
HEAT_1_DUTY=0
HEAT_1_SP=-20.0
HEAT_2_TEMP=25
HEAT_2_DUTY=0
HEAT_2_SP=-20.0
HEAT_3_TEMP=31
HEAT_3_DUTY=0
HEAT_3_SP=-20.0
HEAT_4_TEMP=29
HEAT_4_DUTY=0
HEAT_4_SP=-20.0

[21:51:11.984 EBOX]
TS=1786201570.048
V_SENSE5=0.82275390625
V_SENSE9=0.03662109375
V_SENSE12=0.10498046875
ADC_V5=4.991455078125
ADC_V9=8.743896484375
ADC_V12=11.72637939453125
ADC_V28=28.1256103515625
THERMAL_SENS_OUT_1=26
THERMAL_SENS_OUT_2=-50
THERMAL_SENS_OUT_3=24
THERMAL_SENS_OUT_4=31
THERMAL_SENS_OUT_5=30
THERMAL_SENS_OUT_6=-50
THERMAL_SENS_INT_1=30
THERMAL_SENS_INT_2=29
PG_5=1
PG_9=0
PG_12=1
FLT_P2=0
FLT_P3=0
HEAT_1_TEMP=26
HEAT_1_DUTY=0
HEAT_1_SP=-20.0
HEAT_2_TEMP=24
HEAT_2_DUTY=0
HEAT_2_SP=-20.0
HEAT_3_TEMP=31
HEAT_3_DUTY=0
HEAT_3_SP=-20.0
HEAT_4_TEMP=30
HEAT_4_DUTY=0
HEAT_4_SP=-20.0

[21:51:12.087 CUBESAT]
TS=1786203339.588
PG_5=1
PG_9=0
PG_12=0
FLT_P2=0
FLT_P3=0
HEAT_1_TEMP=0.0
HEAT_1_DUTY=0
HEAT_1_SP=-20.0
ENC_RAW=2185
ENC_ANGLE=48.01025390625
ENC_ACCUM=902.63671875
AUTO_STOP=1
MOTOR_ANGLE=0.004941860465116279
MOTOR_ACCUM=822.5630813953488
MOTOR_ROT=1572

[21:51:13.803 CUBESAT]
TS=1786203341.592
PG_5=1
PG_9=0
PG_12=0
FLT_P2=0
FLT_P3=0
HEAT_1_TEMP=0.0
HEAT_1_DUTY=0
HEAT_1_SP=-20.0
ENC_RAW=2187
ENC_ANGLE=48.05419921875
ENC_ACCUM=902.6806640625
AUTO_STOP=1
MOTOR_ANGLE=0.004941860465116279
MOTOR_ACCUM=822.5630813953488
MOTOR_ROT=1572

[21:51:14.018 EBOX]
TS=1786201572.043
V_SENSE5=0.9423828125
V_SENSE9=0.0341796875
V_SENSE12=0.126953125
ADC_V5=4.920654296875
ADC_V9=9.00054931640625
ADC_V12=11.65557861328125
ADC_V28=28.18756103515625
THERMAL_SENS_OUT_1=28
THERMAL_SENS_OUT_2=-50
THERMAL_SENS_OUT_3=29
THERMAL_SENS_OUT_4=25
THERMAL_SENS_OUT_5=31
THERMAL_SENS_OUT_6=-50
THERMAL_SENS_INT_1=27
THERMAL_SENS_INT_2=26
PG_5=1
PG_9=0
PG_12=1
FLT_P2=0
FLT_P3=0
HEAT_1_TEMP=28
HEAT_1_DUTY=0
HEAT_1_SP=-20.0
HEAT_2_TEMP=29
HEAT_2_DUTY=0
HEAT_2_SP=-20.0
HEAT_3_TEMP=25
HEAT_3_DUTY=0
HEAT_3_SP=-20.0
HEAT_4_TEMP=31
HEAT_4_DUTY=0
HEAT_4_SP=-20.0

[21:51:15.831 CUBESAT]
TS=1786203343.594
PG_5=1
PG_9=0
PG_12=0
FLT_P2=0
FLT_P3=0
HEAT_1_TEMP=0.0
HEAT_1_DUTY=0
HEAT_1_SP=-20.0
ENC_RAW=2192
ENC_ANGLE=48.1640625
ENC_ACCUM=902.79052734375
AUTO_STOP=1
MOTOR_ANGLE=0.004941860465116279
MOTOR_ACCUM=822.5630813953488
MOTOR_ROT=1572

[21:51:15.948 EBOX]
TS=1786201574.060
V_SENSE5=1.0791015625
V_SENSE9=0.03662109375
V_SENSE12=0.12451171875
ADC_V5=5.0091552734375
ADC_V9=8.85009765625
ADC_V12=11.69097900390625
ADC_V28=26.89544677734375
THERMAL_SENS_OUT_1=27
THERMAL_SENS_OUT_2=-50
THERMAL_SENS_OUT_3=31
THERMAL_SENS_OUT_4=30
THERMAL_SENS_OUT_5=27
THERMAL_SENS_OUT_6=-50
THERMAL_SENS_INT_1=25
THERMAL_SENS_INT_2=28
PG_5=1
PG_9=0
PG_12=1
FLT_P2=0
FLT_P3=0
HEAT_1_TEMP=27
HEAT_1_DUTY=0
HEAT_1_SP=-20.0
HEAT_2_TEMP=31
HEAT_2_DUTY=0
HEAT_2_SP=-20.0
HEAT_3_TEMP=30
HEAT_3_DUTY=0
HEAT_3_SP=-20.0
HEAT_4_TEMP=27
HEAT_4_DUTY=0
HEAT_4_SP=-20.0

[21:51:17.867 CUBESAT]
TS=1786203345.599
PG_5=1
PG_9=0
PG_12=0
FLT_P2=0
FLT_P3=0
HEAT_1_TEMP=0.0
HEAT_1_DUTY=0
HEAT_1_SP=-20.0
ENC_RAW=2189
ENC_ANGLE=48.09814453125
ENC_ACCUM=902.724609375
AUTO_STOP=1
MOTOR_ANGLE=0.004941860465116279
MOTOR_ACCUM=822.5630813953488
MOTOR_ROT=1572

[21:51:17.985 EBOX]
TS=1786201576.047
V_SENSE5=0.8984375
V_SENSE9=0.0390625
V_SENSE12=0.09765625
ADC_V5=4.89410400390625
ADC_V9=9.62005615234375
ADC_V12=11.7529296875
ADC_V28=28.10791015625
THERMAL_SENS_OUT_1=31
THERMAL_SENS_OUT_2=-50
THERMAL_SENS_OUT_3=30
THERMAL_SENS_OUT_4=27
THERMAL_SENS_OUT_5=27
THERMAL_SENS_OUT_6=-50
THERMAL_SENS_INT_1=25
THERMAL_SENS_INT_2=26
PG_5=1
PG_9=0
PG_12=1
FLT_P2=0
FLT_P3=0
HEAT_1_TEMP=31
HEAT_1_DUTY=0
HEAT_1_SP=-20.0
HEAT_2_TEMP=30
HEAT_2_DUTY=0
HEAT_2_SP=-20.0
HEAT_3_TEMP=27
HEAT_3_DUTY=0
HEAT_3_SP=-20.0
HEAT_4_TEMP=27
HEAT_4_DUTY=0
HEAT_4_SP=-20.0

[21:51:19.898 CUBESAT]
TS=1786203347.601
PG_5=1
PG_9=0
PG_12=0
FLT_P2=0
FLT_P3=0
HEAT_1_TEMP=0.0
HEAT_1_DUTY=0
HEAT_1_SP=-20.0
ENC_RAW=2190
ENC_ANGLE=48.1201171875
ENC_ACCUM=902.74658203125
AUTO_STOP=1
MOTOR_ANGLE=0.004941860465116279
MOTOR_ACCUM=822.5630813953488
MOTOR_ROT=1572

[21:51:20.018 EBOX]
TS=1786201578.059
V_SENSE5=0.849609375
V_SENSE9=0.0390625
V_SENSE12=0.1318359375
ADC_V5=4.89410400390625
ADC_V9=9.33685302734375
ADC_V12=11.54052734375
ADC_V28=28.10791015625
THERMAL_SENS_OUT_1=27
THERMAL_SENS_OUT_2=-50
THERMAL_SENS_OUT_3=26
THERMAL_SENS_OUT_4=30
THERMAL_SENS_OUT_5=27
THERMAL_SENS_OUT_6=-50
THERMAL_SENS_INT_1=24
THERMAL_SENS_INT_2=27
PG_5=1
PG_9=0
PG_12=1
FLT_P2=0
FLT_P3=0
HEAT_1_TEMP=27
HEAT_1_DUTY=0
HEAT_1_SP=-20.0
HEAT_2_TEMP=26
HEAT_2_DUTY=0
HEAT_2_SP=-20.0
HEAT_3_TEMP=30
HEAT_3_DUTY=0
HEAT_3_SP=-20.0
HEAT_4_TEMP=27
HEAT_4_DUTY=0
HEAT_4_SP=-20.0

[21:51:22.052 EBOX]
TS=1786201580.062
V_SENSE5=0.859375
V_SENSE9=0.0341796875
V_SENSE12=0.13916015625
ADC_V5=4.8321533203125
ADC_V9=9.2041015625
ADC_V12=11.788330078125
ADC_V28=27.435302734375
THERMAL_SENS_OUT_1=27
THERMAL_SENS_OUT_2=-50
THERMAL_SENS_OUT_3=24
THERMAL_SENS_OUT_4=30
THERMAL_SENS_OUT_5=27
THERMAL_SENS_OUT_6=-50
THERMAL_SENS_INT_1=29
THERMAL_SENS_INT_2=30
PG_5=1
PG_9=0
PG_12=1
FLT_P2=0
FLT_P3=0
HEAT_1_TEMP=27
HEAT_1_DUTY=0
HEAT_1_SP=-20.0
HEAT_2_TEMP=24
HEAT_2_DUTY=0
HEAT_2_SP=-20.0
HEAT_3_TEMP=30
HEAT_3_DUTY=0
HEAT_3_SP=-20.0
HEAT_4_TEMP=27
HEAT_4_DUTY=0
HEAT_4_SP=-20.0

[21:51:22.055 CUBESAT]
TS=1786203349.605
PG_5=1
PG_9=0
PG_12=0
FLT_P2=0
FLT_P3=0
HEAT_1_TEMP=0.0
HEAT_1_DUTY=0
HEAT_1_SP=-20.0
ENC_RAW=2187
ENC_ANGLE=48.05419921875
ENC_ACCUM=902.6806640625
AUTO_STOP=1
MOTOR_ANGLE=0.004941860465116279
MOTOR_ACCUM=822.5630813953488
MOTOR_ROT=1572

[21:51:23.986 EBOX]
TS=1786201582.053
V_SENSE5=0.92529296875
V_SENSE9=0.0390625
V_SENSE12=0.12939453125
ADC_V5=5.01800537109375
ADC_V9=9.4873046875
ADC_V12=11.53167724609375
ADC_V28=27.88665771484375
THERMAL_SENS_OUT_1=30
THERMAL_SENS_OUT_2=-50
THERMAL_SENS_OUT_3=28
THERMAL_SENS_OUT_4=28
THERMAL_SENS_OUT_5=30
THERMAL_SENS_OUT_6=-50
THERMAL_SENS_INT_1=28
THERMAL_SENS_INT_2=26
PG_5=1
PG_9=0
PG_12=1
FLT_P2=0
FLT_P3=0
HEAT_1_TEMP=30
HEAT_1_DUTY=0
HEAT_1_SP=-20.0
HEAT_2_TEMP=28
HEAT_2_DUTY=0
HEAT_2_SP=-20.0
HEAT_3_TEMP=28
HEAT_3_DUTY=0
HEAT_3_SP=-20.0
HEAT_4_TEMP=30
HEAT_4_DUTY=0
HEAT_4_SP=-20.0

[21:51:24.090 CUBESAT]
TS=1786203351.608
PG_5=1
PG_9=0
PG_12=0
FLT_P2=0
FLT_P3=0
HEAT_1_TEMP=0.0
HEAT_1_DUTY=0
HEAT_1_SP=-20.0
ENC_RAW=2190
ENC_ANGLE=48.1201171875
ENC_ACCUM=902.74658203125
AUTO_STOP=1
MOTOR_ANGLE=0.004941860465116279
MOTOR_ACCUM=822.5630813953488
MOTOR_ROT=1572

[21:51:25.905 CUBESAT]
TS=1786203353.612
PG_5=1
PG_9=0
PG_12=0
FLT_P2=0
FLT_P3=0
HEAT_1_TEMP=0.0
HEAT_1_DUTY=10
HEAT_1_SP=-20.0
ENC_RAW=2186
ENC_ANGLE=48.0322265625
ENC_ACCUM=902.65869140625
AUTO_STOP=1
MOTOR_ANGLE=0.004941860465116279
MOTOR_ACCUM=822.5630813953488
MOTOR_ROT=1572

[21:51:26.017 EBOX]
TS=1786201584.056
V_SENSE5=1.1767578125
V_SENSE9=0.11474609375
V_SENSE12=0.11474609375
ADC_V5=5.08880615234375
ADC_V9=9.54925537109375
ADC_V12=11.8414306640625
ADC_V28=27.53265380859375
THERMAL_SENS_OUT_1=25
THERMAL_SENS_OUT_2=-50
THERMAL_SENS_OUT_3=28
THERMAL_SENS_OUT_4=25
THERMAL_SENS_OUT_5=30
THERMAL_SENS_OUT_6=-50
THERMAL_SENS_INT_1=24
THERMAL_SENS_INT_2=26
PG_5=1
PG_9=0
PG_12=1
FLT_P2=0
FLT_P3=0
HEAT_1_TEMP=25
HEAT_1_DUTY=0
HEAT_1_SP=-20.0
HEAT_2_TEMP=28
HEAT_2_DUTY=0
HEAT_2_SP=-20.0
HEAT_3_TEMP=25
HEAT_3_DUTY=0
HEAT_3_SP=-20.0
HEAT_4_TEMP=30
HEAT_4_DUTY=0
HEAT_4_SP=-20.0

[21:51:28.046 EBOX]
TS=1786201586.057
V_SENSE5=1.1572265625
V_SENSE9=0.0341796875
V_SENSE12=0.09765625
ADC_V5=4.991455078125
ADC_V9=9.19525146484375
ADC_V12=11.58477783203125
ADC_V28=27.65655517578125
THERMAL_SENS_OUT_1=28
THERMAL_SENS_OUT_2=-50
THERMAL_SENS_OUT_3=25
THERMAL_SENS_OUT_4=29
THERMAL_SENS_OUT_5=27
THERMAL_SENS_OUT_6=-50
THERMAL_SENS_INT_1=30
THERMAL_SENS_INT_2=27
PG_5=1
PG_9=0
PG_12=1
FLT_P2=0
FLT_P3=0
HEAT_1_TEMP=28
HEAT_1_DUTY=0
HEAT_1_SP=-20.0
HEAT_2_TEMP=25
HEAT_2_DUTY=0
HEAT_2_SP=-20.0
HEAT_3_TEMP=29
HEAT_3_DUTY=0
HEAT_3_SP=-20.0
HEAT_4_TEMP=27
HEAT_4_DUTY=0
HEAT_4_SP=-20.0

[21:51:28.149 CUBESAT]
TS=1786203355.615
PG_5=1
PG_9=0
PG_12=0
FLT_P2=0
FLT_P3=0
HEAT_1_TEMP=0.0
HEAT_1_DUTY=0
HEAT_1_SP=-20.0
ENC_RAW=2190
ENC_ANGLE=48.1201171875
ENC_ACCUM=902.74658203125
AUTO_STOP=1
MOTOR_ANGLE=0.004941860465116279
MOTOR_ACCUM=822.5630813953488
MOTOR_ROT=1572

[21:51:29.977 EBOX]
TS=1786201588.071
V_SENSE5=0.8740234375
V_SENSE9=0.0732421875
V_SENSE12=0.12451171875
ADC_V5=4.920654296875
ADC_V9=9.027099609375
ADC_V12=11.88568115234375
ADC_V28=27.5946044921875
THERMAL_SENS_OUT_1=32
THERMAL_SENS_OUT_2=-50
THERMAL_SENS_OUT_3=29
THERMAL_SENS_OUT_4=25
THERMAL_SENS_OUT_5=27
THERMAL_SENS_OUT_6=-50
THERMAL_SENS_INT_1=29
THERMAL_SENS_INT_2=25
PG_5=1
PG_9=0
PG_12=1
FLT_P2=0
FLT_P3=0
HEAT_1_TEMP=32
HEAT_1_DUTY=0
HEAT_1_SP=-20.0
HEAT_2_TEMP=29
HEAT_2_DUTY=0
HEAT_2_SP=-20.0
HEAT_3_TEMP=25
HEAT_3_DUTY=0
HEAT_3_SP=-20.0
HEAT_4_TEMP=27
HEAT_4_DUTY=0
HEAT_4_SP=-20.0

[21:51:30.584 CUBESAT]
TS=1786203357.619
PG_5=1
PG_9=0
PG_12=0
FLT_P2=0
FLT_P3=0
HEAT_1_TEMP=0.0
HEAT_1_DUTY=0
HEAT_1_SP=-20.0
ENC_RAW=2190
ENC_ANGLE=48.1201171875
ENC_ACCUM=902.74658203125
AUTO_STOP=1
MOTOR_ANGLE=0.004941860465116279
MOTOR_ACCUM=822.5630813953488
MOTOR_ROT=1572

[21:51:31.893 CUBESAT]
TS=1786203359.621
PG_5=1
PG_9=0
PG_12=0
FLT_P2=0
FLT_P3=0
HEAT_1_TEMP=0.0
HEAT_1_DUTY=0
HEAT_1_SP=-20.0
ENC_RAW=2190
ENC_ANGLE=48.1201171875
ENC_ACCUM=902.74658203125
AUTO_STOP=1
MOTOR_ANGLE=0.004941860465116279
MOTOR_ACCUM=822.5630813953488
MOTOR_ROT=1572

[21:51:32.010 EBOX]
TS=1786201590.063
V_SENSE5=0.908203125
V_SENSE9=0.0390625
V_SENSE12=0.107421875
ADC_V5=4.88525390625
ADC_V9=9.239501953125
ADC_V12=11.646728515625
ADC_V28=27.5946044921875
THERMAL_SENS_OUT_1=26
THERMAL_SENS_OUT_2=-50
THERMAL_SENS_OUT_3=30
THERMAL_SENS_OUT_4=28
THERMAL_SENS_OUT_5=27
THERMAL_SENS_OUT_6=-50
THERMAL_SENS_INT_1=28
THERMAL_SENS_INT_2=32
PG_5=1
PG_9=0
PG_12=1
FLT_P2=0
FLT_P3=0
HEAT_1_TEMP=26
HEAT_1_DUTY=0
HEAT_1_SP=-20.0
HEAT_2_TEMP=30
HEAT_2_DUTY=0
HEAT_2_SP=-20.0
HEAT_3_TEMP=28
HEAT_3_DUTY=0
HEAT_3_SP=-20.0
HEAT_4_TEMP=27
HEAT_4_DUTY=0
HEAT_4_SP=-20.0

[21:51:34.042 EBOX]
TS=1786201592.065
V_SENSE5=0.9765625
V_SENSE9=0.05615234375
V_SENSE12=0.1220703125
ADC_V5=4.8675537109375
ADC_V9=9.3634033203125
ADC_V12=11.63787841796875
ADC_V28=28.13446044921875
THERMAL_SENS_OUT_1=29
THERMAL_SENS_OUT_2=-50
THERMAL_SENS_OUT_3=25
THERMAL_SENS_OUT_4=28
THERMAL_SENS_OUT_5=29
THERMAL_SENS_OUT_6=-50
THERMAL_SENS_INT_1=24
THERMAL_SENS_INT_2=29
PG_5=1
PG_9=0
PG_12=1
FLT_P2=0
FLT_P3=0
HEAT_1_TEMP=29
HEAT_1_DUTY=0
HEAT_1_SP=-20.0
HEAT_2_TEMP=25
HEAT_2_DUTY=0
HEAT_2_SP=-20.0
HEAT_3_TEMP=28
HEAT_3_DUTY=0
HEAT_3_SP=-20.0
HEAT_4_TEMP=29
HEAT_4_DUTY=0
HEAT_4_SP=-20.0

[21:51:34.146 CUBESAT]
TS=1786203361.624
PG_5=1
PG_9=0
PG_12=0
FLT_P2=0
FLT_P3=0
HEAT_1_TEMP=0.0
HEAT_1_DUTY=0
HEAT_1_SP=-20.0
ENC_RAW=2187
ENC_ANGLE=48.05419921875
ENC_ACCUM=902.6806640625
AUTO_STOP=1
MOTOR_ANGLE=0.004941860465116279
MOTOR_ACCUM=822.5630813953488
MOTOR_ROT=1572

[21:51:35.974 EBOX]
TS=1786201594.066
V_SENSE5=1.005859375
V_SENSE9=0.03662109375
V_SENSE12=0.09765625
ADC_V5=4.94720458984375
ADC_V9=9.345703125
ADC_V12=11.70867919921875
ADC_V28=27.9132080078125
THERMAL_SENS_OUT_1=26
THERMAL_SENS_OUT_2=-50
THERMAL_SENS_OUT_3=25
THERMAL_SENS_OUT_4=26
THERMAL_SENS_OUT_5=30
THERMAL_SENS_OUT_6=-50
THERMAL_SENS_INT_1=25
THERMAL_SENS_INT_2=28
PG_5=1
PG_9=0
PG_12=1
FLT_P2=0
FLT_P3=0
HEAT_1_TEMP=26
HEAT_1_DUTY=0
HEAT_1_SP=-20.0
HEAT_2_TEMP=25
HEAT_2_DUTY=0
HEAT_2_SP=-20.0
HEAT_3_TEMP=26
HEAT_3_DUTY=0
HEAT_3_SP=-20.0
HEAT_4_TEMP=30
HEAT_4_DUTY=0
HEAT_4_SP=-20.0

[21:51:36.081 CUBESAT]
TS=1786203363.627
PG_5=1
PG_9=0
PG_12=0
FLT_P2=0
FLT_P3=0
HEAT_1_TEMP=0.0
HEAT_1_DUTY=10
HEAT_1_SP=-20.0
ENC_RAW=2192
ENC_ANGLE=48.1640625
ENC_ACCUM=902.79052734375
AUTO_STOP=1
MOTOR_ANGLE=0.004941860465116279
MOTOR_ACCUM=822.5630813953488
MOTOR_ROT=1572

[21:51:37.896 CUBESAT]
TS=1786203365.636
PG_5=1
PG_9=0
PG_12=0
FLT_P2=0
FLT_P3=0
HEAT_1_TEMP=0.0
HEAT_1_DUTY=0
HEAT_1_SP=-20.0
ENC_RAW=2189
ENC_ANGLE=48.09814453125
ENC_ACCUM=902.724609375
AUTO_STOP=1
MOTOR_ANGLE=0.004941860465116279
MOTOR_ACCUM=822.5630813953488
MOTOR_ROT=1572

[21:51:38.309 EBOX]
TS=1786201596.075
V_SENSE5=1.15234375
V_SENSE9=0.03662109375
V_SENSE12=0.11962890625
ADC_V5=4.9737548828125
ADC_V9=8.91204833984375
ADC_V12=11.8060302734375
ADC_V28=27.152099609375
THERMAL_SENS_OUT_1=26
THERMAL_SENS_OUT_2=-50
THERMAL_SENS_OUT_3=26
THERMAL_SENS_OUT_4=25
THERMAL_SENS_OUT_5=29
THERMAL_SENS_OUT_6=-50
THERMAL_SENS_INT_1=24
THERMAL_SENS_INT_2=32
PG_5=1
PG_9=0
PG_12=1
FLT_P2=0
FLT_P3=0
HEAT_1_TEMP=26
HEAT_1_DUTY=0
HEAT_1_SP=-20.0
HEAT_2_TEMP=26
HEAT_2_DUTY=0
HEAT_2_SP=-20.0
HEAT_3_TEMP=25
HEAT_3_DUTY=0
HEAT_3_SP=-20.0
HEAT_4_TEMP=29
HEAT_4_DUTY=0
HEAT_4_SP=-20.0

[21:51:39.920 CUBESAT]
TS=1786203367.638
PG_5=1
PG_9=0
PG_12=0
FLT_P2=0
FLT_P3=0
HEAT_1_TEMP=0.0
HEAT_1_DUTY=0
HEAT_1_SP=-20.0
ENC_RAW=2189
ENC_ANGLE=48.09814453125
ENC_ACCUM=902.724609375
AUTO_STOP=1
MOTOR_ANGLE=0.004941860465116279
MOTOR_ACCUM=822.5630813953488
MOTOR_ROT=1572

[21:51:40.040 EBOX]
TS=1786201598.084
V_SENSE5=0.82763671875
V_SENSE9=0.0341796875
V_SENSE12=0.11474609375
ADC_V5=4.89410400390625
ADC_V9=8.85894775390625
ADC_V12=11.95648193359375
ADC_V28=28.06365966796875
THERMAL_SENS_OUT_1=31
THERMAL_SENS_OUT_2=-50
THERMAL_SENS_OUT_3=25
THERMAL_SENS_OUT_4=31
THERMAL_SENS_OUT_5=28
THERMAL_SENS_OUT_6=-50
THERMAL_SENS_INT_1=24
THERMAL_SENS_INT_2=25
PG_5=1
PG_9=0
PG_12=1
FLT_P2=0
FLT_P3=0
HEAT_1_TEMP=31
HEAT_1_DUTY=0
HEAT_1_SP=-20.0
HEAT_2_TEMP=25
HEAT_2_DUTY=0
HEAT_2_SP=-20.0
HEAT_3_TEMP=31
HEAT_3_DUTY=0
HEAT_3_SP=-20.0
HEAT_4_TEMP=28
HEAT_4_DUTY=0
HEAT_4_SP=-20.0

[21:51:41.856 CUBESAT]
TS=1786203369.639
PG_5=1
PG_9=0
PG_12=0
FLT_P2=0
FLT_P3=0
HEAT_1_TEMP=0.0
HEAT_1_DUTY=0
HEAT_1_SP=-20.0
ENC_RAW=2188
ENC_ANGLE=48.076171875
ENC_ACCUM=902.70263671875
AUTO_STOP=1
MOTOR_ANGLE=0.004941860465116279
MOTOR_ACCUM=822.5630813953488
MOTOR_ROT=1572

[21:51:41.972 EBOX]
TS=1786201600.071
V_SENSE5=0.9033203125
V_SENSE9=0.0341796875
V_SENSE12=0.10498046875
ADC_V5=4.849853515625
ADC_V9=9.19525146484375
ADC_V12=11.70867919921875
ADC_V28=27.68310546875
THERMAL_SENS_OUT_1=26
THERMAL_SENS_OUT_2=-50
THERMAL_SENS_OUT_3=26
THERMAL_SENS_OUT_4=27
THERMAL_SENS_OUT_5=33
THERMAL_SENS_OUT_6=-50
THERMAL_SENS_INT_1=24
THERMAL_SENS_INT_2=28
PG_5=1
PG_9=0
PG_12=1
FLT_P2=0
FLT_P3=0
HEAT_1_TEMP=26
HEAT_1_DUTY=0
HEAT_1_SP=-20.0
HEAT_2_TEMP=26
HEAT_2_DUTY=0
HEAT_2_SP=-20.0
HEAT_3_TEMP=27
HEAT_3_DUTY=0
HEAT_3_SP=-20.0
HEAT_4_TEMP=33
HEAT_4_DUTY=0
HEAT_4_SP=-20.0

[21:51:43.886 CUBESAT]
TS=1786203371.641
PG_5=1
PG_9=0
PG_12=0
FLT_P2=0
FLT_P3=0
HEAT_1_TEMP=0.0
HEAT_1_DUTY=0
HEAT_1_SP=-20.0
ENC_RAW=2188
ENC_ANGLE=48.076171875
ENC_ACCUM=902.70263671875
AUTO_STOP=1
MOTOR_ANGLE=0.004941860465116279
MOTOR_ACCUM=822.5630813953488
MOTOR_ROT=1572

[21:51:44.003 EBOX]
TS=1786201602.073
V_SENSE5=0.90576171875
V_SENSE9=0.0341796875
V_SENSE12=0.10498046875
ADC_V5=4.9737548828125
ADC_V9=9.0093994140625
ADC_V12=11.79718017578125
ADC_V28=27.85125732421875
THERMAL_SENS_OUT_1=27
THERMAL_SENS_OUT_2=-50
THERMAL_SENS_OUT_3=24
THERMAL_SENS_OUT_4=28
THERMAL_SENS_OUT_5=27
THERMAL_SENS_OUT_6=-50
THERMAL_SENS_INT_1=25
THERMAL_SENS_INT_2=27
PG_5=1
PG_9=0
PG_12=1
FLT_P2=0
FLT_P3=0
HEAT_1_TEMP=27
HEAT_1_DUTY=0
HEAT_1_SP=-20.0
HEAT_2_TEMP=24
HEAT_2_DUTY=0
HEAT_2_SP=-20.0
HEAT_3_TEMP=28
HEAT_3_DUTY=0
HEAT_3_SP=-20.0
HEAT_4_TEMP=27
HEAT_4_DUTY=0
HEAT_4_SP=-20.0

[21:51:46.041 EBOX]
TS=1786201604.090
V_SENSE5=1.19140625
V_SENSE9=0.0341796875
V_SENSE12=0.11474609375
ADC_V5=4.849853515625
ADC_V9=8.99169921875
ADC_V12=11.505126953125
ADC_V28=28.06365966796875
THERMAL_SENS_OUT_1=30
THERMAL_SENS_OUT_2=-50
THERMAL_SENS_OUT_3=28
THERMAL_SENS_OUT_4=26
THERMAL_SENS_OUT_5=31
THERMAL_SENS_OUT_6=-50
THERMAL_SENS_INT_1=24
THERMAL_SENS_INT_2=26
PG_5=1
PG_9=0
PG_12=1
FLT_P2=0
FLT_P3=0
HEAT_1_TEMP=30
HEAT_1_DUTY=0
HEAT_1_SP=-20.0
HEAT_2_TEMP=28
HEAT_2_DUTY=0
HEAT_2_SP=-20.0
HEAT_3_TEMP=26
HEAT_3_DUTY=0
HEAT_3_SP=-20.0
HEAT_4_TEMP=31
HEAT_4_DUTY=0
HEAT_4_SP=-20.0

[21:51:46.146 CUBESAT]
TS=1786203373.645
PG_5=1
PG_9=0
PG_12=0
FLT_P2=0
FLT_P3=0
HEAT_1_TEMP=0.0
HEAT_1_DUTY=10
HEAT_1_SP=-20.0
ENC_RAW=2188
ENC_ANGLE=48.076171875
ENC_ACCUM=902.70263671875
AUTO_STOP=1
MOTOR_ANGLE=0.004941860465116279
MOTOR_ACCUM=822.5630813953488
MOTOR_ROT=1572

[21:51:47.858 CUBESAT]
TS=1786203375.648
PG_5=1
PG_9=0
PG_12=0
FLT_P2=0
FLT_P3=0
HEAT_1_TEMP=0.0
HEAT_1_DUTY=0
HEAT_1_SP=-20.0
ENC_RAW=2188
ENC_ANGLE=48.076171875
ENC_ACCUM=902.70263671875
AUTO_STOP=1
MOTOR_ANGLE=0.004941860465116279
MOTOR_ACCUM=822.5630813953488
MOTOR_ROT=1572

[21:51:48.374 EBOX]
TS=1786201606.077
V_SENSE5=1.03271484375
V_SENSE9=0.0341796875
V_SENSE12=0.0927734375
ADC_V5=4.9383544921875
ADC_V9=8.99169921875
ADC_V12=11.6998291015625
ADC_V28=27.74505615234375
THERMAL_SENS_OUT_1=26
THERMAL_SENS_OUT_2=-50
THERMAL_SENS_OUT_3=30
THERMAL_SENS_OUT_4=27
THERMAL_SENS_OUT_5=32
THERMAL_SENS_OUT_6=-50
THERMAL_SENS_INT_1=29
THERMAL_SENS_INT_2=31
PG_5=1
PG_9=0
PG_12=1
FLT_P2=0
FLT_P3=0
HEAT_1_TEMP=26
HEAT_1_DUTY=0
HEAT_1_SP=-20.0
HEAT_2_TEMP=30
HEAT_2_DUTY=0
HEAT_2_SP=-20.0
HEAT_3_TEMP=27
HEAT_3_DUTY=0
HEAT_3_SP=-20.0
HEAT_4_TEMP=32
HEAT_4_DUTY=0
HEAT_4_SP=-20.0

[21:51:49.888 CUBESAT]
TS=1786203377.652
PG_5=1
PG_9=0
PG_12=0
FLT_P2=0
FLT_P3=0
HEAT_1_TEMP=0.0
HEAT_1_DUTY=0
HEAT_1_SP=-20.0
ENC_RAW=2189
ENC_ANGLE=48.09814453125
ENC_ACCUM=902.724609375
AUTO_STOP=1
MOTOR_ANGLE=0.004941860465116279
MOTOR_ACCUM=822.5630813953488
MOTOR_ROT=1572

[21:51:50.018 EBOX]
TS=1786201608.077
V_SENSE5=0.96923828125
V_SENSE9=0.0341796875
V_SENSE12=0.1220703125
ADC_V5=5.00030517578125
ADC_V9=8.85009765625
ADC_V12=11.92108154296875
ADC_V28=28.01055908203125
THERMAL_SENS_OUT_1=31
THERMAL_SENS_OUT_2=-50
THERMAL_SENS_OUT_3=27
THERMAL_SENS_OUT_4=27
THERMAL_SENS_OUT_5=32
THERMAL_SENS_OUT_6=-50
THERMAL_SENS_INT_1=30
THERMAL_SENS_INT_2=28
PG_5=1
PG_9=0
PG_12=1
FLT_P2=0
FLT_P3=0
HEAT_1_TEMP=31
HEAT_1_DUTY=0
HEAT_1_SP=-20.0
HEAT_2_TEMP=27
HEAT_2_DUTY=0
HEAT_2_SP=-20.0
HEAT_3_TEMP=27
HEAT_3_DUTY=0
HEAT_3_SP=-20.0
HEAT_4_TEMP=32
HEAT_4_DUTY=0
HEAT_4_SP=-20.0

[21:51:51.935 CUBESAT]
TS=1786203379.654
PG_5=1
PG_9=0
PG_12=0
FLT_P2=0
FLT_P3=0
HEAT_1_TEMP=0.0
HEAT_1_DUTY=10
HEAT_1_SP=-20.0
ENC_RAW=2187
ENC_ANGLE=48.05419921875
ENC_ACCUM=902.6806640625
AUTO_STOP=1
MOTOR_ANGLE=0.004941860465116279
MOTOR_ACCUM=822.5630813953488
MOTOR_ROT=1572

[21:51:52.057 EBOX]
TS=1786201610.080
V_SENSE5=1.01318359375
V_SENSE9=0.0341796875
V_SENSE12=0.09765625
ADC_V5=4.98260498046875
ADC_V9=9.0447998046875
ADC_V12=11.81488037109375
ADC_V28=27.222900390625
THERMAL_SENS_OUT_1=27
THERMAL_SENS_OUT_2=-50
THERMAL_SENS_OUT_3=25
THERMAL_SENS_OUT_4=29
THERMAL_SENS_OUT_5=27
THERMAL_SENS_OUT_6=-50
THERMAL_SENS_INT_1=28
THERMAL_SENS_INT_2=26
PG_5=1
PG_9=0
PG_12=1
FLT_P2=0
FLT_P3=0
HEAT_1_TEMP=27
HEAT_1_DUTY=0
HEAT_1_SP=-20.0
HEAT_2_TEMP=25
HEAT_2_DUTY=0
HEAT_2_SP=-20.0
HEAT_3_TEMP=29
HEAT_3_DUTY=0
HEAT_3_SP=-20.0
HEAT_4_TEMP=27
HEAT_4_DUTY=0
HEAT_4_SP=-20.0

[21:51:53.870 CUBESAT]
TS=1786203381.658
PG_5=1
PG_9=0
PG_12=0
FLT_P2=0
FLT_P3=0
HEAT_1_TEMP=0.0
HEAT_1_DUTY=0
HEAT_1_SP=-20.0
ENC_RAW=2188
ENC_ANGLE=48.076171875
ENC_ACCUM=902.70263671875
AUTO_STOP=1
MOTOR_ANGLE=0.004941860465116279
MOTOR_ACCUM=822.5630813953488
MOTOR_ROT=1572

[21:51:54.096 EBOX]
TS=1786201612.082
V_SENSE5=0.9814453125
V_SENSE9=0.0439453125
V_SENSE12=0.1025390625
ADC_V5=5.0091552734375
ADC_V9=9.2926025390625
ADC_V12=11.9122314453125
ADC_V28=27.55035400390625
THERMAL_SENS_OUT_1=26
THERMAL_SENS_OUT_2=-50
THERMAL_SENS_OUT_3=24
THERMAL_SENS_OUT_4=28
THERMAL_SENS_OUT_5=29
THERMAL_SENS_OUT_6=-50
THERMAL_SENS_INT_1=24
THERMAL_SENS_INT_2=29
PG_5=1
PG_9=0
PG_12=1
FLT_P2=0
FLT_P3=0
HEAT_1_TEMP=26
HEAT_1_DUTY=0
HEAT_1_SP=-20.0
HEAT_2_TEMP=24
HEAT_2_DUTY=0
HEAT_2_SP=-20.0
HEAT_3_TEMP=28
HEAT_3_DUTY=0
HEAT_3_SP=-20.0
HEAT_4_TEMP=29
HEAT_4_DUTY=0
HEAT_4_SP=-20.0

[21:51:55.913 CUBESAT]
TS=1786203383.660
PG_5=1
PG_9=0
PG_12=0
FLT_P2=0
FLT_P3=0
HEAT_1_TEMP=0.0
HEAT_1_DUTY=0
HEAT_1_SP=-20.0
ENC_RAW=2189
ENC_ANGLE=48.09814453125
ENC_ACCUM=902.724609375
AUTO_STOP=1
MOTOR_ANGLE=0.004941860465116279
MOTOR_ACCUM=822.5630813953488
MOTOR_ROT=1572

[21:51:56.031 EBOX]
TS=1786201614.092
V_SENSE5=1.1279296875
V_SENSE9=0.0341796875
V_SENSE12=0.10009765625
ADC_V5=4.9560546875
ADC_V9=9.23065185546875
ADC_V12=11.67327880859375
ADC_V28=27.1875
THERMAL_SENS_OUT_1=32
THERMAL_SENS_OUT_2=-50
THERMAL_SENS_OUT_3=25
THERMAL_SENS_OUT_4=26
THERMAL_SENS_OUT_5=28
THERMAL_SENS_OUT_6=-50
THERMAL_SENS_INT_1=25
THERMAL_SENS_INT_2=26
PG_5=1
PG_9=0
PG_12=1
FLT_P2=0
FLT_P3=0
HEAT_1_TEMP=32
HEAT_1_DUTY=0
HEAT_1_SP=-20.0
HEAT_2_TEMP=25
HEAT_2_DUTY=0
HEAT_2_SP=-20.0
HEAT_3_TEMP=26
HEAT_3_DUTY=0
HEAT_3_SP=-20.0
HEAT_4_TEMP=28
HEAT_4_DUTY=0
HEAT_4_SP=-20.0

[21:51:57.953 CUBESAT]
TS=1786203385.668
PG_5=1
PG_9=0
PG_12=0
FLT_P2=0
FLT_P3=0
HEAT_1_TEMP=0.0
HEAT_1_DUTY=0
HEAT_1_SP=-20.0
ENC_RAW=2188
ENC_ANGLE=48.076171875
ENC_ACCUM=902.70263671875
AUTO_STOP=1
MOTOR_ANGLE=0.004941860465116279
MOTOR_ACCUM=822.5630813953488
MOTOR_ROT=1572

[21:51:58.086 EBOX]
TS=1786201616.085
V_SENSE5=1.0595703125
V_SENSE9=0.0390625
V_SENSE12=0.13671875
ADC_V5=4.94720458984375
ADC_V9=9.42535400390625
ADC_V12=11.47857666015625
ADC_V28=27.7008056640625
THERMAL_SENS_OUT_1=25
THERMAL_SENS_OUT_2=-50
THERMAL_SENS_OUT_3=24
THERMAL_SENS_OUT_4=29
THERMAL_SENS_OUT_5=28
THERMAL_SENS_OUT_6=-50
THERMAL_SENS_INT_1=27
THERMAL_SENS_INT_2=26
PG_5=1
PG_9=0
PG_12=1
FLT_P2=0
FLT_P3=0
HEAT_1_TEMP=25
HEAT_1_DUTY=0
HEAT_1_SP=-20.0
HEAT_2_TEMP=24
HEAT_2_DUTY=0
HEAT_2_SP=-20.0
HEAT_3_TEMP=29
HEAT_3_DUTY=0
HEAT_3_SP=-20.0
HEAT_4_TEMP=28
HEAT_4_DUTY=0
HEAT_4_SP=-20.0

[21:52:00.030 EBOX]
TS=1786201618.087
V_SENSE5=0.908203125
V_SENSE9=0.03662109375
V_SENSE12=0.126953125
ADC_V5=4.9383544921875
ADC_V9=9.46075439453125
ADC_V12=11.60247802734375
ADC_V28=28.02825927734375
THERMAL_SENS_OUT_1=31
THERMAL_SENS_OUT_2=-50
THERMAL_SENS_OUT_3=28
THERMAL_SENS_OUT_4=25
THERMAL_SENS_OUT_5=31
THERMAL_SENS_OUT_6=-50
THERMAL_SENS_INT_1=29
THERMAL_SENS_INT_2=27
PG_5=1
PG_9=0
PG_12=1
FLT_P2=0
FLT_P3=0
HEAT_1_TEMP=31
HEAT_1_DUTY=0
HEAT_1_SP=-20.0
HEAT_2_TEMP=28
HEAT_2_DUTY=0
HEAT_2_SP=-20.0
HEAT_3_TEMP=25
HEAT_3_DUTY=0
HEAT_3_SP=-20.0
HEAT_4_TEMP=31
HEAT_4_DUTY=0
HEAT_4_SP=-20.0

[21:52:00.843 CUBESAT]
TS=1786203387.670
PG_5=1
PG_9=0
PG_12=0
FLT_P2=0
FLT_P3=0
HEAT_1_TEMP=0.0
HEAT_1_DUTY=0
HEAT_1_SP=-20.0
ENC_RAW=2186
ENC_ANGLE=48.0322265625
ENC_ACCUM=902.65869140625
AUTO_STOP=1
MOTOR_ANGLE=0.004941860465116279
MOTOR_ACCUM=822.5630813953488
MOTOR_ROT=1572

[21:52:01.956 CUBESAT]
TS=1786203389.671
PG_5=1
PG_9=0
PG_12=0
FLT_P2=0
FLT_P3=0
HEAT_1_TEMP=0.0
HEAT_1_DUTY=10
HEAT_1_SP=-20.0
ENC_RAW=2187
ENC_ANGLE=48.05419921875
ENC_ACCUM=902.6806640625
AUTO_STOP=1
MOTOR_ANGLE=0.004941860465116279
MOTOR_ACCUM=822.5630813953488
MOTOR_ROT=1572

[21:52:02.068 EBOX]
TS=1786201620.095
V_SENSE5=0.85205078125
V_SENSE9=0.09521484375
V_SENSE12=0.107421875
ADC_V5=4.85870361328125
ADC_V9=9.2926025390625
ADC_V12=11.93878173828125
ADC_V28=27.8778076171875
THERMAL_SENS_OUT_1=26
THERMAL_SENS_OUT_2=-50
THERMAL_SENS_OUT_3=23
THERMAL_SENS_OUT_4=28
THERMAL_SENS_OUT_5=27
THERMAL_SENS_OUT_6=-50
THERMAL_SENS_INT_1=25
THERMAL_SENS_INT_2=28
PG_5=1
PG_9=0
PG_12=1
FLT_P2=0
FLT_P3=0
HEAT_1_TEMP=26
HEAT_1_DUTY=0
HEAT_1_SP=-20.0
HEAT_2_TEMP=23
HEAT_2_DUTY=0
HEAT_2_SP=-20.0
HEAT_3_TEMP=28
HEAT_3_DUTY=0
HEAT_3_SP=-20.0
HEAT_4_TEMP=27
HEAT_4_DUTY=0
HEAT_4_SP=-20.0

[21:52:04.185 CUBESAT]
TS=1786203391.673
PG_5=1
PG_9=0
PG_12=0
FLT_P2=0
FLT_P3=0
HEAT_1_TEMP=0.0
HEAT_1_DUTY=0
HEAT_1_SP=-20.0
ENC_RAW=2188
ENC_ANGLE=48.076171875
ENC_ACCUM=902.70263671875
AUTO_STOP=1
MOTOR_ANGLE=0.004941860465116279
MOTOR_ACCUM=822.5630813953488
MOTOR_ROT=1572

[21:52:04.618 EBOX]
TS=1786201622.091
V_SENSE5=0.95458984375
V_SENSE9=0.03662109375
V_SENSE12=0.1025390625
ADC_V5=4.8321533203125
ADC_V9=9.2926025390625
ADC_V12=11.89453125
ADC_V28=28.02825927734375
THERMAL_SENS_OUT_1=31
THERMAL_SENS_OUT_2=-50
THERMAL_SENS_OUT_3=30
THERMAL_SENS_OUT_4=28
THERMAL_SENS_OUT_5=27
THERMAL_SENS_OUT_6=-50
THERMAL_SENS_INT_1=30
THERMAL_SENS_INT_2=29
PG_5=1
PG_9=0
PG_12=1
FLT_P2=0
FLT_P3=0
HEAT_1_TEMP=31
HEAT_1_DUTY=0
HEAT_1_SP=-20.0
HEAT_2_TEMP=30
HEAT_2_DUTY=0
HEAT_2_SP=-20.0
HEAT_3_TEMP=28
HEAT_3_DUTY=0
HEAT_3_SP=-20.0
HEAT_4_TEMP=27
HEAT_4_DUTY=0
HEAT_4_SP=-20.0

[21:52:05.934 CUBESAT]
TS=1786203393.675
PG_5=1
PG_9=0
PG_12=0
FLT_P2=0
FLT_P3=0
HEAT_1_TEMP=0.0
HEAT_1_DUTY=0
HEAT_1_SP=-20.0
ENC_RAW=2187
ENC_ANGLE=48.05419921875
ENC_ACCUM=902.6806640625
AUTO_STOP=1
MOTOR_ANGLE=0.004941860465116279
MOTOR_ACCUM=822.5630813953488
MOTOR_ROT=1572

[21:52:06.053 EBOX]
TS=1786201624.093
V_SENSE5=1.142578125
V_SENSE9=0.0390625
V_SENSE12=0.09765625
ADC_V5=5.00030517578125
ADC_V9=9.31915283203125
ADC_V12=11.7352294921875
ADC_V28=27.95745849609375
THERMAL_SENS_OUT_1=25
THERMAL_SENS_OUT_2=-50
THERMAL_SENS_OUT_3=28
THERMAL_SENS_OUT_4=31
THERMAL_SENS_OUT_5=27
THERMAL_SENS_OUT_6=-50
THERMAL_SENS_INT_1=25
THERMAL_SENS_INT_2=30
PG_5=1
PG_9=0
PG_12=1
FLT_P2=0
FLT_P3=0
HEAT_1_TEMP=25
HEAT_1_DUTY=0
HEAT_1_SP=-20.0
HEAT_2_TEMP=28
HEAT_2_DUTY=0
HEAT_2_SP=-20.0
HEAT_3_TEMP=31
HEAT_3_DUTY=0
HEAT_3_SP=-20.0
HEAT_4_TEMP=27
HEAT_4_DUTY=0
HEAT_4_SP=-20.0

[21:52:07.968 CUBESAT]
TS=1786203395.678
PG_5=1
PG_9=0
PG_12=0
FLT_P2=0
FLT_P3=0
HEAT_1_TEMP=0.0
HEAT_1_DUTY=0
HEAT_1_SP=-20.0
ENC_RAW=2188
ENC_ANGLE=48.076171875
ENC_ACCUM=902.70263671875
AUTO_STOP=1
MOTOR_ANGLE=0.004941860465116279
MOTOR_ACCUM=822.5630813953488
MOTOR_ROT=1572

[21:52:08.395 EBOX]
TS=1786201626.095
V_SENSE5=0.9375
V_SENSE9=0.03662109375
V_SENSE12=0.1123046875
ADC_V5=4.9383544921875
ADC_V9=9.2218017578125
ADC_V12=11.5228271484375
ADC_V28=27.647705078125
THERMAL_SENS_OUT_1=29
THERMAL_SENS_OUT_2=-50
THERMAL_SENS_OUT_3=28
THERMAL_SENS_OUT_4=26
THERMAL_SENS_OUT_5=32
THERMAL_SENS_OUT_6=-50
THERMAL_SENS_INT_1=29
THERMAL_SENS_INT_2=27
PG_5=1
PG_9=0
PG_12=1
FLT_P2=0
FLT_P3=0
HEAT_1_TEMP=29
HEAT_1_DUTY=0
HEAT_1_SP=-20.0
HEAT_2_TEMP=28
HEAT_2_DUTY=0
HEAT_2_SP=-20.0
HEAT_3_TEMP=26
HEAT_3_DUTY=0
HEAT_3_SP=-20.0
HEAT_4_TEMP=32
HEAT_4_DUTY=0
HEAT_4_SP=-20.0

[21:52:09.913 CUBESAT]
TS=1786203397.685
PG_5=1
PG_9=0
PG_12=0
FLT_P2=0
FLT_P3=0
HEAT_1_TEMP=0.0
HEAT_1_DUTY=0
HEAT_1_SP=-20.0
ENC_RAW=2190
ENC_ANGLE=48.1201171875
ENC_ACCUM=902.74658203125
AUTO_STOP=1
MOTOR_ANGLE=0.004941860465116279
MOTOR_ACCUM=822.5630813953488
MOTOR_ROT=1572

[21:52:10.048 EBOX]
TS=1786201628.107
V_SENSE5=0.869140625
V_SENSE9=0.0341796875
V_SENSE12=0.10009765625
ADC_V5=4.85870361328125
ADC_V9=9.23065185546875
ADC_V12=11.58477783203125
ADC_V28=27.14324951171875
THERMAL_SENS_OUT_1=26
THERMAL_SENS_OUT_2=-50
THERMAL_SENS_OUT_3=24
THERMAL_SENS_OUT_4=31
THERMAL_SENS_OUT_5=29
THERMAL_SENS_OUT_6=-50
THERMAL_SENS_INT_1=24
THERMAL_SENS_INT_2=31
PG_5=1
PG_9=0
PG_12=1
FLT_P2=0
FLT_P3=0
HEAT_1_TEMP=26
HEAT_1_DUTY=0
HEAT_1_SP=-20.0
HEAT_2_TEMP=24
HEAT_2_DUTY=0
HEAT_2_SP=-20.0
HEAT_3_TEMP=31
HEAT_3_DUTY=0
HEAT_3_SP=-20.0
HEAT_4_TEMP=29
HEAT_4_DUTY=0
HEAT_4_SP=-20.0

[21:52:11.964 CUBESAT]
TS=1786203399.687
PG_5=1
PG_9=0
PG_12=0
FLT_P2=0
FLT_P3=0
HEAT_1_TEMP=0.0
HEAT_1_DUTY=10
HEAT_1_SP=-20.0
ENC_RAW=2190
ENC_ANGLE=48.1201171875
ENC_ACCUM=902.74658203125
AUTO_STOP=1
MOTOR_ANGLE=0.004941860465116279
MOTOR_ACCUM=822.5630813953488
MOTOR_ROT=1572

[21:52:12.397 EBOX]
TS=1786201630.098
V_SENSE5=0.9228515625
V_SENSE9=0.0390625
V_SENSE12=0.10009765625
ADC_V5=4.94720458984375
ADC_V9=9.19525146484375
ADC_V12=11.788330078125
ADC_V28=27.3114013671875
THERMAL_SENS_OUT_1=32
THERMAL_SENS_OUT_2=-50
THERMAL_SENS_OUT_3=24
THERMAL_SENS_OUT_4=27
THERMAL_SENS_OUT_5=32
THERMAL_SENS_OUT_6=-50
THERMAL_SENS_INT_1=29
THERMAL_SENS_INT_2=27
PG_5=1
PG_9=0
PG_12=1
FLT_P2=0
FLT_P3=0
HEAT_1_TEMP=32
HEAT_1_DUTY=0
HEAT_1_SP=-20.0
HEAT_2_TEMP=24
HEAT_2_DUTY=0
HEAT_2_SP=-20.0
HEAT_3_TEMP=27
HEAT_3_DUTY=0
HEAT_3_SP=-20.0
HEAT_4_TEMP=32
HEAT_4_DUTY=0
HEAT_4_SP=-20.0

[21:52:14.035 EBOX]
TS=1786201632.100
V_SENSE5=0.927734375
V_SENSE9=0.03662109375
V_SENSE12=0.09765625
ADC_V5=4.9560546875
ADC_V9=9.027099609375
ADC_V12=11.88568115234375
ADC_V28=28.0194091796875
THERMAL_SENS_OUT_1=30
THERMAL_SENS_OUT_2=-50
THERMAL_SENS_OUT_3=29
THERMAL_SENS_OUT_4=26
THERMAL_SENS_OUT_5=32
THERMAL_SENS_OUT_6=-50
THERMAL_SENS_INT_1=30
THERMAL_SENS_INT_2=28
PG_5=1
PG_9=0
PG_12=1
FLT_P2=0
FLT_P3=0
HEAT_1_TEMP=30
HEAT_1_DUTY=0
HEAT_1_SP=-20.0
HEAT_2_TEMP=29
HEAT_2_DUTY=0
HEAT_2_SP=-20.0
HEAT_3_TEMP=26
HEAT_3_DUTY=0
HEAT_3_SP=-20.0
HEAT_4_TEMP=32
HEAT_4_DUTY=0
HEAT_4_SP=-20.0

[21:52:14.138 CUBESAT]
TS=1786203401.688
PG_5=1
PG_9=0
PG_12=0
FLT_P2=0
FLT_P3=0
HEAT_1_TEMP=0.0
HEAT_1_DUTY=0
HEAT_1_SP=-20.0
ENC_RAW=2189
ENC_ANGLE=48.09814453125
ENC_ACCUM=902.724609375
AUTO_STOP=1
MOTOR_ANGLE=0.004941860465116279
MOTOR_ACCUM=822.5630813953488
MOTOR_ROT=1572

[21:52:15.952 CUBESAT]
TS=1786203403.691
PG_5=1
PG_9=0
PG_12=0
FLT_P2=0
FLT_P3=0
HEAT_1_TEMP=0.0
HEAT_1_DUTY=0
HEAT_1_SP=-20.0
ENC_RAW=2190
ENC_ANGLE=48.1201171875
ENC_ACCUM=902.74658203125
AUTO_STOP=1
MOTOR_ANGLE=0.004941860465116279
MOTOR_ACCUM=822.5630813953488
MOTOR_ROT=1572

[21:52:16.386 EBOX]
TS=1786201634.104
V_SENSE5=1.2060546875
V_SENSE9=0.0341796875
V_SENSE12=0.126953125
ADC_V5=5.0091552734375
ADC_V9=9.08905029296875
ADC_V12=11.5936279296875
ADC_V28=28.072509765625
THERMAL_SENS_OUT_1=28
THERMAL_SENS_OUT_2=-50
THERMAL_SENS_OUT_3=25
THERMAL_SENS_OUT_4=29
THERMAL_SENS_OUT_5=30
THERMAL_SENS_OUT_6=-50
THERMAL_SENS_INT_1=24
THERMAL_SENS_INT_2=27
PG_5=1
PG_9=0
PG_12=1
FLT_P2=0
FLT_P3=0
HEAT_1_TEMP=28
HEAT_1_DUTY=0
HEAT_1_SP=-20.0
HEAT_2_TEMP=25
HEAT_2_DUTY=0
HEAT_2_SP=-20.0
HEAT_3_TEMP=29
HEAT_3_DUTY=0
HEAT_3_SP=-20.0
HEAT_4_TEMP=30
HEAT_4_DUTY=0
HEAT_4_SP=-20.0

[21:52:18.130 EBOX]
TS=1786201636.113
V_SENSE5=1.11328125
V_SENSE9=0.0341796875
V_SENSE12=0.10498046875
ADC_V5=4.9560546875
ADC_V9=9.0093994140625
ADC_V12=11.6644287109375
ADC_V28=28.0548095703125
THERMAL_SENS_OUT_1=32
THERMAL_SENS_OUT_2=-50
THERMAL_SENS_OUT_3=23
THERMAL_SENS_OUT_4=29
THERMAL_SENS_OUT_5=29
THERMAL_SENS_OUT_6=-50
THERMAL_SENS_INT_1=24
THERMAL_SENS_INT_2=26
PG_5=1
PG_9=0
PG_12=1
FLT_P2=0
FLT_P3=0
HEAT_1_TEMP=32
HEAT_1_DUTY=0
HEAT_1_SP=-20.0
HEAT_2_TEMP=23
HEAT_2_DUTY=0
HEAT_2_SP=-20.0
HEAT_3_TEMP=29
HEAT_3_DUTY=0
HEAT_3_SP=-20.0
HEAT_4_TEMP=29
HEAT_4_DUTY=0
HEAT_4_SP=-20.0

[21:52:18.137 CUBESAT]
TS=1786203405.695
PG_5=1
PG_9=0
PG_12=0
FLT_P2=0
FLT_P3=0
HEAT_1_TEMP=0.0
HEAT_1_DUTY=10
HEAT_1_SP=-20.0
ENC_RAW=2190
ENC_ANGLE=48.1201171875
ENC_ACCUM=902.74658203125
AUTO_STOP=1
MOTOR_ANGLE=0.004941860465116279
MOTOR_ACCUM=822.5630813953488
MOTOR_ROT=1572

[21:52:20.078 EBOX]
TS=1786201638.107
V_SENSE5=0.93505859375
V_SENSE9=0.0341796875
V_SENSE12=0.1318359375
ADC_V5=5.00030517578125
ADC_V9=8.8323974609375
ADC_V12=11.89453125
ADC_V28=27.3468017578125
THERMAL_SENS_OUT_1=26
THERMAL_SENS_OUT_2=-50
THERMAL_SENS_OUT_3=26
THERMAL_SENS_OUT_4=28
THERMAL_SENS_OUT_5=28
THERMAL_SENS_OUT_6=-50
THERMAL_SENS_INT_1=30
THERMAL_SENS_INT_2=28
PG_5=1
PG_9=0
PG_12=1
FLT_P2=0
FLT_P3=0
HEAT_1_TEMP=26
HEAT_1_DUTY=0
HEAT_1_SP=-20.0
HEAT_2_TEMP=26
HEAT_2_DUTY=0
HEAT_2_SP=-20.0
HEAT_3_TEMP=28
HEAT_3_DUTY=0
HEAT_3_SP=-20.0
HEAT_4_TEMP=28
HEAT_4_DUTY=0
HEAT_4_SP=-20.0

[21:52:20.184 CUBESAT]
TS=1786203407.698
PG_5=1
PG_9=0
PG_12=0
FLT_P2=0
FLT_P3=0
HEAT_1_TEMP=0.0
HEAT_1_DUTY=0
HEAT_1_SP=-20.0
ENC_RAW=2191
ENC_ANGLE=48.14208984375
ENC_ACCUM=902.7685546875
AUTO_STOP=1
MOTOR_ANGLE=0.004941860465116279
MOTOR_ACCUM=822.5630813953488
MOTOR_ROT=1572

[21:52:21.909 CUBESAT]
TS=1786203409.701
PG_5=1
PG_9=0
PG_12=0
FLT_P2=0
FLT_P3=0
HEAT_1_TEMP=0.0
HEAT_1_DUTY=0
HEAT_1_SP=-20.0
ENC_RAW=2188
ENC_ANGLE=48.076171875
ENC_ACCUM=902.70263671875
AUTO_STOP=1
MOTOR_ANGLE=0.004941860465116279
MOTOR_ACCUM=822.5630813953488
MOTOR_ROT=1572

[21:52:22.329 EBOX]
TS=1786201640.118
V_SENSE5=0.85693359375
V_SENSE9=0.0341796875
V_SENSE12=0.10009765625
ADC_V5=4.89410400390625
ADC_V9=8.69964599609375
ADC_V12=11.69097900390625
ADC_V28=28.15216064453125
THERMAL_SENS_OUT_1=27
THERMAL_SENS_OUT_2=-50
THERMAL_SENS_OUT_3=25
THERMAL_SENS_OUT_4=28
THERMAL_SENS_OUT_5=29
THERMAL_SENS_OUT_6=-50
THERMAL_SENS_INT_1=26
THERMAL_SENS_INT_2=27
PG_5=1
PG_9=0
PG_12=1
FLT_P2=0
FLT_P3=0
HEAT_1_TEMP=27
HEAT_1_DUTY=0
HEAT_1_SP=-20.0
HEAT_2_TEMP=25
HEAT_2_DUTY=0
HEAT_2_SP=-20.0
HEAT_3_TEMP=28
HEAT_3_DUTY=0
HEAT_3_SP=-20.0
HEAT_4_TEMP=29
HEAT_4_DUTY=0
HEAT_4_SP=-20.0

[21:52:23.944 CUBESAT]
TS=1786203411.704
PG_5=1
PG_9=0
PG_12=0
FLT_P2=0
FLT_P3=0
HEAT_1_TEMP=0.0
HEAT_1_DUTY=0
HEAT_1_SP=-20.0
ENC_RAW=2185
ENC_ANGLE=48.01025390625
ENC_ACCUM=902.63671875
AUTO_STOP=1
MOTOR_ANGLE=0.004941860465116279
MOTOR_ACCUM=822.5630813953488
MOTOR_ROT=1572

[21:52:24.063 EBOX]
TS=1786201642.111
V_SENSE5=0.947265625
V_SENSE9=0.0341796875
V_SENSE12=0.13427734375
ADC_V5=4.98260498046875
ADC_V9=9.03594970703125
ADC_V12=11.67327880859375
ADC_V28=28.143310546875
THERMAL_SENS_OUT_1=26
THERMAL_SENS_OUT_2=-50
THERMAL_SENS_OUT_3=25
THERMAL_SENS_OUT_4=27
THERMAL_SENS_OUT_5=30
THERMAL_SENS_OUT_6=-50
THERMAL_SENS_INT_1=28
THERMAL_SENS_INT_2=32
PG_5=1
PG_9=0
PG_12=1
FLT_P2=0
FLT_P3=0
HEAT_1_TEMP=26
HEAT_1_DUTY=0
HEAT_1_SP=-20.0
HEAT_2_TEMP=25
HEAT_2_DUTY=0
HEAT_2_SP=-20.0
HEAT_3_TEMP=27
HEAT_3_DUTY=0
HEAT_3_SP=-20.0
HEAT_4_TEMP=30
HEAT_4_DUTY=0
HEAT_4_SP=-20.0

[21:52:25.981 CUBESAT]
TS=1786203413.708
PG_5=1
PG_9=0
PG_12=0
FLT_P2=0
FLT_P3=0
HEAT_1_TEMP=0.0
HEAT_1_DUTY=0
HEAT_1_SP=-20.0
ENC_RAW=2189
ENC_ANGLE=48.09814453125
ENC_ACCUM=902.724609375
AUTO_STOP=1
MOTOR_ANGLE=0.004941860465116279
MOTOR_ACCUM=822.5630813953488
MOTOR_ROT=1572

[21:52:26.105 EBOX]
TS=1786201644.113
V_SENSE5=1.15234375
V_SENSE9=0.0341796875
V_SENSE12=0.1025390625
ADC_V5=5.08880615234375
ADC_V9=9.2041015625
ADC_V12=11.68212890625
ADC_V28=27.39105224609375
THERMAL_SENS_OUT_1=25
THERMAL_SENS_OUT_2=-50
THERMAL_SENS_OUT_3=28
THERMAL_SENS_OUT_4=28
THERMAL_SENS_OUT_5=32
THERMAL_SENS_OUT_6=-50
THERMAL_SENS_INT_1=30
THERMAL_SENS_INT_2=26
PG_5=1
PG_9=0
PG_12=1
FLT_P2=0
FLT_P3=0
HEAT_1_TEMP=25
HEAT_1_DUTY=0
HEAT_1_SP=-20.0
HEAT_2_TEMP=28
HEAT_2_DUTY=0
HEAT_2_SP=-20.0
HEAT_3_TEMP=28
HEAT_3_DUTY=0
HEAT_3_SP=-20.0
HEAT_4_TEMP=32
HEAT_4_DUTY=0
HEAT_4_SP=-20.0

[21:52:28.222 CUBESAT]
TS=1786203415.711
PG_5=1
PG_9=0
PG_12=0
FLT_P2=0
FLT_P3=0
HEAT_1_TEMP=0.0
HEAT_1_DUTY=10
HEAT_1_SP=-20.0
ENC_RAW=2187
ENC_ANGLE=48.05419921875
ENC_ACCUM=902.6806640625
AUTO_STOP=1
MOTOR_ANGLE=0.004941860465116279
MOTOR_ACCUM=822.5630813953488
MOTOR_ROT=1572

[21:52:28.454 EBOX]
TS=1786201646.114
V_SENSE5=1.09130859375
V_SENSE9=0.0390625
V_SENSE12=0.12939453125
ADC_V5=4.9560546875
ADC_V9=9.62005615234375
ADC_V12=11.70867919921875
ADC_V28=28.214111328125
THERMAL_SENS_OUT_1=31
THERMAL_SENS_OUT_2=-50
THERMAL_SENS_OUT_3=27
THERMAL_SENS_OUT_4=25
THERMAL_SENS_OUT_5=30
THERMAL_SENS_OUT_6=-50
THERMAL_SENS_INT_1=27
THERMAL_SENS_INT_2=27
PG_5=1
PG_9=0
PG_12=1
FLT_P2=0
FLT_P3=0
HEAT_1_TEMP=31
HEAT_1_DUTY=0
HEAT_1_SP=-20.0
HEAT_2_TEMP=27
HEAT_2_DUTY=0
HEAT_2_SP=-20.0
HEAT_3_TEMP=25
HEAT_3_DUTY=0
HEAT_3_SP=-20.0
HEAT_4_TEMP=30
HEAT_4_DUTY=0
HEAT_4_SP=-20.0

[21:52:29.970 CUBESAT]
TS=1786203417.715
PG_5=1
PG_9=0
PG_12=0
FLT_P2=0
FLT_P3=0
HEAT_1_TEMP=0.0
HEAT_1_DUTY=0
HEAT_1_SP=-20.0
ENC_RAW=2190
ENC_ANGLE=48.1201171875
ENC_ACCUM=902.74658203125
AUTO_STOP=1
MOTOR_ANGLE=0.004941860465116279
MOTOR_ACCUM=822.5630813953488
MOTOR_ROT=1572

[21:52:30.087 EBOX]
TS=1786201648.116
V_SENSE5=0.95458984375
V_SENSE9=0.0390625
V_SENSE12=0.09765625
ADC_V5=5.00030517578125
ADC_V9=9.3988037109375
ADC_V12=11.68212890625
ADC_V28=27.49725341796875
THERMAL_SENS_OUT_1=31
THERMAL_SENS_OUT_2=-50
THERMAL_SENS_OUT_3=29
THERMAL_SENS_OUT_4=29
THERMAL_SENS_OUT_5=32
THERMAL_SENS_OUT_6=-50
THERMAL_SENS_INT_1=29
THERMAL_SENS_INT_2=30
PG_5=1
PG_9=0
PG_12=1
FLT_P2=0
FLT_P3=0
HEAT_1_TEMP=31
HEAT_1_DUTY=0
HEAT_1_SP=-20.0
HEAT_2_TEMP=29
HEAT_2_DUTY=0
HEAT_2_SP=-20.0
HEAT_3_TEMP=29
HEAT_3_DUTY=0
HEAT_3_SP=-20.0
HEAT_4_TEMP=32
HEAT_4_DUTY=0
HEAT_4_SP=-20.0

[21:52:32.001 CUBESAT]
TS=1786203419.718
PG_5=1
PG_9=0
PG_12=0
FLT_P2=0
FLT_P3=0
HEAT_1_TEMP=0.0
HEAT_1_DUTY=0
HEAT_1_SP=-20.0
ENC_RAW=2188
ENC_ANGLE=48.076171875
ENC_ACCUM=902.70263671875
AUTO_STOP=1
MOTOR_ANGLE=0.004941860465116279
MOTOR_ACCUM=822.5630813953488
MOTOR_ROT=1572

[21:52:32.122 EBOX]
TS=1786201650.135
V_SENSE5=0.8544921875
V_SENSE9=0.0341796875
V_SENSE12=0.12451171875
ADC_V5=4.8321533203125
ADC_V9=9.12445068359375
ADC_V12=11.58477783203125
ADC_V28=27.42645263671875
THERMAL_SENS_OUT_1=32
THERMAL_SENS_OUT_2=-50
THERMAL_SENS_OUT_3=23
THERMAL_SENS_OUT_4=25
THERMAL_SENS_OUT_5=33
THERMAL_SENS_OUT_6=-50
THERMAL_SENS_INT_1=31
THERMAL_SENS_INT_2=26
PG_5=1
PG_9=0
PG_12=1
FLT_P2=0
FLT_P3=0
HEAT_1_TEMP=32
HEAT_1_DUTY=0
HEAT_1_SP=-20.0
HEAT_2_TEMP=23
HEAT_2_DUTY=0
HEAT_2_SP=-20.0
HEAT_3_TEMP=25
HEAT_3_DUTY=0
HEAT_3_SP=-20.0
HEAT_4_TEMP=33
HEAT_4_DUTY=0
HEAT_4_SP=-20.0

[21:52:34.065 EBOX]
TS=1786201652.121
V_SENSE5=0.8984375
V_SENSE9=0.06591796875
V_SENSE12=0.12451171875
ADC_V5=5.0091552734375
ADC_V9=9.58465576171875
ADC_V12=11.93878173828125
ADC_V28=28.143310546875
THERMAL_SENS_OUT_1=29
THERMAL_SENS_OUT_2=-50
THERMAL_SENS_OUT_3=27
THERMAL_SENS_OUT_4=29
THERMAL_SENS_OUT_5=29
THERMAL_SENS_OUT_6=-50
THERMAL_SENS_INT_1=28
THERMAL_SENS_INT_2=30
PG_5=1
PG_9=0
PG_12=1
FLT_P2=0
FLT_P3=0
HEAT_1_TEMP=29
HEAT_1_DUTY=0
HEAT_1_SP=-20.0
HEAT_2_TEMP=27
HEAT_2_DUTY=0
HEAT_2_SP=-20.0
HEAT_3_TEMP=29
HEAT_3_DUTY=0
HEAT_3_SP=-20.0
HEAT_4_TEMP=29
HEAT_4_DUTY=0
HEAT_4_SP=-20.0

[21:52:34.169 CUBESAT]
TS=1786203421.721
PG_5=1
PG_9=0
PG_12=0
FLT_P2=0
FLT_P3=0
HEAT_1_TEMP=0.0
HEAT_1_DUTY=0
HEAT_1_SP=-20.0
ENC_RAW=2188
ENC_ANGLE=48.076171875
ENC_ACCUM=902.70263671875
AUTO_STOP=1
MOTOR_ANGLE=0.004941860465116279
MOTOR_ACCUM=822.5630813953488
MOTOR_ROT=1572

[21:52:35.986 CUBESAT]
TS=1786203423.725
PG_5=1
PG_9=0
PG_12=0
FLT_P2=0
FLT_P3=0
HEAT_1_TEMP=0.0
HEAT_1_DUTY=0
HEAT_1_SP=-20.0
ENC_RAW=2188
ENC_ANGLE=48.076171875
ENC_ACCUM=902.70263671875
AUTO_STOP=1
MOTOR_ANGLE=0.004941860465116279
MOTOR_ACCUM=822.5630813953488
MOTOR_ROT=1572

[21:52:36.102 EBOX]
TS=1786201654.136
V_SENSE5=0.88623046875
V_SENSE9=0.0341796875
V_SENSE12=0.1123046875
ADC_V5=4.9029541015625
ADC_V9=9.168701171875
ADC_V12=11.505126953125
ADC_V28=28.15216064453125
THERMAL_SENS_OUT_1=26
THERMAL_SENS_OUT_2=-50
THERMAL_SENS_OUT_3=27
THERMAL_SENS_OUT_4=27
THERMAL_SENS_OUT_5=27
THERMAL_SENS_OUT_6=-50
THERMAL_SENS_INT_1=30
THERMAL_SENS_INT_2=31
PG_5=1
PG_9=0
PG_12=1
FLT_P2=0
FLT_P3=0
HEAT_1_TEMP=26
HEAT_1_DUTY=0
HEAT_1_SP=-20.0
HEAT_2_TEMP=27
HEAT_2_DUTY=0
HEAT_2_SP=-20.0
HEAT_3_TEMP=27
HEAT_3_DUTY=0
HEAT_3_SP=-20.0
HEAT_4_TEMP=27
HEAT_4_DUTY=0
HEAT_4_SP=-20.0

[21:52:37.921 CUBESAT]
TS=1786203425.728
PG_5=1
PG_9=0
PG_12=0
FLT_P2=0
FLT_P3=0
HEAT_1_TEMP=0.0
HEAT_1_DUTY=10
HEAT_1_SP=-20.0
ENC_RAW=2188
ENC_ANGLE=48.076171875
ENC_ACCUM=902.70263671875
AUTO_STOP=1
MOTOR_ANGLE=0.004941860465116279
MOTOR_ACCUM=822.5630813953488
MOTOR_ROT=1572

[21:52:38.141 EBOX]
TS=1786201656.124
V_SENSE5=1.1474609375
V_SENSE9=0.0341796875
V_SENSE12=0.10986328125
ADC_V5=4.9560546875
ADC_V9=9.14215087890625
ADC_V12=11.8414306640625
ADC_V28=27.35565185546875
THERMAL_SENS_OUT_1=26
THERMAL_SENS_OUT_2=-50
THERMAL_SENS_OUT_3=25
THERMAL_SENS_OUT_4=27
THERMAL_SENS_OUT_5=33
THERMAL_SENS_OUT_6=-50
THERMAL_SENS_INT_1=30
THERMAL_SENS_INT_2=27
PG_5=1
PG_9=0
PG_12=1
FLT_P2=0
FLT_P3=0
HEAT_1_TEMP=26
HEAT_1_DUTY=0
HEAT_1_SP=-20.0
HEAT_2_TEMP=25
HEAT_2_DUTY=0
HEAT_2_SP=-20.0
HEAT_3_TEMP=27
HEAT_3_DUTY=0
HEAT_3_SP=-20.0
HEAT_4_TEMP=33
HEAT_4_DUTY=0
HEAT_4_SP=-20.0

[21:52:39.955 CUBESAT]
TS=1786203427.729
PG_5=1
PG_9=0
PG_12=0
FLT_P2=0
FLT_P3=0
HEAT_1_TEMP=0.0
HEAT_1_DUTY=0
HEAT_1_SP=-20.0
ENC_RAW=2186
ENC_ANGLE=48.0322265625
ENC_ACCUM=902.65869140625
AUTO_STOP=1
MOTOR_ANGLE=0.004941860465116279
MOTOR_ACCUM=822.5630813953488
MOTOR_ROT=1572

[21:52:40.077 EBOX]
TS=1786201658.126
V_SENSE5=0.9326171875
V_SENSE9=0.0390625
V_SENSE12=0.1025390625
ADC_V5=5.0091552734375
ADC_V9=9.24835205078125
ADC_V12=11.434326171875
ADC_V28=27.74505615234375
THERMAL_SENS_OUT_1=28
THERMAL_SENS_OUT_2=-50
THERMAL_SENS_OUT_3=26
THERMAL_SENS_OUT_4=31
THERMAL_SENS_OUT_5=29
THERMAL_SENS_OUT_6=-50
THERMAL_SENS_INT_1=26
THERMAL_SENS_INT_2=31
PG_5=1
PG_9=0
PG_12=1
FLT_P2=0
FLT_P3=0
HEAT_1_TEMP=28
HEAT_1_DUTY=0
HEAT_1_SP=-20.0
HEAT_2_TEMP=26
HEAT_2_DUTY=0
HEAT_2_SP=-20.0
HEAT_3_TEMP=31
HEAT_3_DUTY=0
HEAT_3_SP=-20.0
HEAT_4_TEMP=29
HEAT_4_DUTY=0
HEAT_4_SP=-20.0

[21:52:41.994 CUBESAT]
TS=1786203429.738
PG_5=1
PG_9=0
PG_12=0
FLT_P2=0
FLT_P3=0
HEAT_1_TEMP=0.0
HEAT_1_DUTY=0
HEAT_1_SP=-20.0
ENC_RAW=2191
ENC_ANGLE=48.14208984375
ENC_ACCUM=902.7685546875
AUTO_STOP=1
MOTOR_ANGLE=0.004941860465116279
MOTOR_ACCUM=822.5630813953488
MOTOR_ROT=1572

[21:52:42.127 EBOX]
TS=1786201660.136
V_SENSE5=0.8251953125
V_SENSE9=0.03662109375
V_SENSE12=0.10009765625
ADC_V5=5.00030517578125
ADC_V9=9.21295166015625
ADC_V12=11.54937744140625
ADC_V28=27.39990234375
THERMAL_SENS_OUT_1=26
THERMAL_SENS_OUT_2=-50
THERMAL_SENS_OUT_3=28
THERMAL_SENS_OUT_4=25
THERMAL_SENS_OUT_5=31
THERMAL_SENS_OUT_6=-50
THERMAL_SENS_INT_1=26
THERMAL_SENS_INT_2=28
PG_5=1
PG_9=0
PG_12=1
FLT_P2=0
FLT_P3=0
HEAT_1_TEMP=26
HEAT_1_DUTY=0
HEAT_1_SP=-20.0
HEAT_2_TEMP=28
HEAT_2_DUTY=0
HEAT_2_SP=-20.0
HEAT_3_TEMP=25
HEAT_3_DUTY=0
HEAT_3_SP=-20.0
HEAT_4_TEMP=31
HEAT_4_DUTY=0
HEAT_4_SP=-20.0

[21:52:43.945 CUBESAT]
TS=1786203431.739
PG_5=1
PG_9=0
PG_12=0
FLT_P2=0
FLT_P3=0
HEAT_1_TEMP=0.0
HEAT_1_DUTY=0
HEAT_1_SP=-20.0
ENC_RAW=2186
ENC_ANGLE=48.0322265625
ENC_ACCUM=902.65869140625
AUTO_STOP=1
MOTOR_ANGLE=0.004941860465116279
MOTOR_ACCUM=822.5630813953488
MOTOR_ROT=1572

[21:52:44.175 EBOX]
TS=1786201662.130
V_SENSE5=0.9033203125
V_SENSE9=0.0341796875
V_SENSE12=0.13671875
ADC_V5=4.8321533203125
ADC_V9=9.2572021484375
ADC_V12=11.9122314453125
ADC_V28=27.1697998046875
THERMAL_SENS_OUT_1=25
THERMAL_SENS_OUT_2=-50
THERMAL_SENS_OUT_3=26
THERMAL_SENS_OUT_4=25
THERMAL_SENS_OUT_5=29
THERMAL_SENS_OUT_6=-50
THERMAL_SENS_INT_1=26
THERMAL_SENS_INT_2=30
PG_5=1
PG_9=0
PG_12=1
FLT_P2=0
FLT_P3=0
HEAT_1_TEMP=25
HEAT_1_DUTY=0
HEAT_1_SP=-20.0
HEAT_2_TEMP=26
HEAT_2_DUTY=0
HEAT_2_SP=-20.0
HEAT_3_TEMP=25
HEAT_3_DUTY=0
HEAT_3_SP=-20.0
HEAT_4_TEMP=29
HEAT_4_DUTY=0
HEAT_4_SP=-20.0

[21:52:45.995 CUBESAT]
TS=1786203433.742
PG_5=1
PG_9=0
PG_12=0
FLT_P2=0
FLT_P3=0
HEAT_1_TEMP=0.0
HEAT_1_DUTY=0
HEAT_1_SP=-20.0
ENC_RAW=2188
ENC_ANGLE=48.076171875
ENC_ACCUM=902.70263671875
AUTO_STOP=1
MOTOR_ANGLE=0.004941860465116279
MOTOR_ACCUM=822.5630813953488
MOTOR_ROT=1572

[21:52:46.118 EBOX]
TS=1786201664.133
V_SENSE5=1.13525390625
V_SENSE9=0.07568359375
V_SENSE12=0.1171875
ADC_V5=5.01800537109375
ADC_V9=9.05364990234375
ADC_V12=11.77947998046875
ADC_V28=27.35565185546875
THERMAL_SENS_OUT_1=26
THERMAL_SENS_OUT_2=-50
THERMAL_SENS_OUT_3=26
THERMAL_SENS_OUT_4=29
THERMAL_SENS_OUT_5=28
THERMAL_SENS_OUT_6=-50
THERMAL_SENS_INT_1=25
THERMAL_SENS_INT_2=32
PG_5=1
PG_9=0
PG_12=1
FLT_P2=0
FLT_P3=0
HEAT_1_TEMP=26
HEAT_1_DUTY=0
HEAT_1_SP=-20.0
HEAT_2_TEMP=26
HEAT_2_DUTY=0
HEAT_2_SP=-20.0
HEAT_3_TEMP=29
HEAT_3_DUTY=0
HEAT_3_SP=-20.0
HEAT_4_TEMP=28
HEAT_4_DUTY=0
HEAT_4_SP=-20.0

[21:52:47.935 CUBESAT]
TS=1786203435.744
PG_5=1
PG_9=0
PG_12=0
FLT_P2=0
FLT_P3=0
HEAT_1_TEMP=0.0
HEAT_1_DUTY=0
HEAT_1_SP=-20.0
ENC_RAW=2189
ENC_ANGLE=48.09814453125
ENC_ACCUM=902.724609375
AUTO_STOP=1
MOTOR_ANGLE=0.004941860465116279
MOTOR_ACCUM=822.5630813953488
MOTOR_ROT=1572

[21:52:48.462 EBOX]
TS=1786201666.152
V_SENSE5=0.91552734375
V_SENSE9=0.0341796875
V_SENSE12=0.15380859375
ADC_V5=5.0091552734375
ADC_V9=8.85894775390625
ADC_V12=11.85028076171875
ADC_V28=28.0902099609375
THERMAL_SENS_OUT_1=31
THERMAL_SENS_OUT_2=-50
THERMAL_SENS_OUT_3=25
THERMAL_SENS_OUT_4=25
THERMAL_SENS_OUT_5=29
THERMAL_SENS_OUT_6=-50
THERMAL_SENS_INT_1=27
THERMAL_SENS_INT_2=27
PG_5=1
PG_9=0
PG_12=1
FLT_P2=0
FLT_P3=0
HEAT_1_TEMP=31
HEAT_1_DUTY=0
HEAT_1_SP=-20.0
HEAT_2_TEMP=25
HEAT_2_DUTY=0
HEAT_2_SP=-20.0
HEAT_3_TEMP=25
HEAT_3_DUTY=0
HEAT_3_SP=-20.0
HEAT_4_TEMP=29
HEAT_4_DUTY=0
HEAT_4_SP=-20.0

[21:52:49.981 CUBESAT]
TS=1786203437.745
PG_5=1
PG_9=0
PG_12=0
FLT_P2=0
FLT_P3=0
HEAT_1_TEMP=0.0
HEAT_1_DUTY=0
HEAT_1_SP=-20.0
ENC_RAW=2189
ENC_ANGLE=48.09814453125
ENC_ACCUM=902.724609375
AUTO_STOP=1
MOTOR_ANGLE=0.004941860465116279
MOTOR_ACCUM=822.5630813953488
MOTOR_ROT=1572

[21:52:50.415 EBOX]
TS=1786201668.142
V_SENSE5=0.849609375
V_SENSE9=0.0341796875
V_SENSE12=0.09521484375
ADC_V5=5.0091552734375
ADC_V9=8.9031982421875
ADC_V12=11.82373046875
ADC_V28=28.06365966796875
THERMAL_SENS_OUT_1=31
THERMAL_SENS_OUT_2=-50
THERMAL_SENS_OUT_3=29
THERMAL_SENS_OUT_4=27
THERMAL_SENS_OUT_5=28
THERMAL_SENS_OUT_6=-50
THERMAL_SENS_INT_1=29
THERMAL_SENS_INT_2=29
PG_5=1
PG_9=0
PG_12=1
FLT_P2=0
FLT_P3=0
HEAT_1_TEMP=31
HEAT_1_DUTY=0
HEAT_1_SP=-20.0
HEAT_2_TEMP=29
HEAT_2_DUTY=0
HEAT_2_SP=-20.0
HEAT_3_TEMP=27
HEAT_3_DUTY=0
HEAT_3_SP=-20.0
HEAT_4_TEMP=28
HEAT_4_DUTY=0
HEAT_4_SP=-20.0

[21:52:52.030 CUBESAT]
TS=1786203439.748
PG_5=1
PG_9=0
PG_12=0
FLT_P2=0
FLT_P3=0
HEAT_1_TEMP=0.0
HEAT_1_DUTY=0
HEAT_1_SP=-20.0
ENC_RAW=2189
ENC_ANGLE=48.09814453125
ENC_ACCUM=902.724609375
AUTO_STOP=1
MOTOR_ANGLE=0.004941860465116279
MOTOR_ACCUM=822.5630813953488
MOTOR_ROT=1572

[21:52:52.231 EBOX]
TS=1786201670.141
V_SENSE5=0.92041015625
V_SENSE9=0.03662109375
V_SENSE12=0.10498046875
ADC_V5=4.94720458984375
ADC_V9=8.99169921875
ADC_V12=11.72637939453125
ADC_V28=27.53265380859375
THERMAL_SENS_OUT_1=28
THERMAL_SENS_OUT_2=-50
THERMAL_SENS_OUT_3=30
THERMAL_SENS_OUT_4=27
THERMAL_SENS_OUT_5=30
THERMAL_SENS_OUT_6=-50
THERMAL_SENS_INT_1=26
THERMAL_SENS_INT_2=32
PG_5=1
PG_9=0
PG_12=1
FLT_P2=0
FLT_P3=0
HEAT_1_TEMP=28
HEAT_1_DUTY=0
HEAT_1_SP=-20.0
HEAT_2_TEMP=30
HEAT_2_DUTY=0
HEAT_2_SP=-20.0
HEAT_3_TEMP=27
HEAT_3_DUTY=0
HEAT_3_SP=-20.0
HEAT_4_TEMP=30
HEAT_4_DUTY=0
HEAT_4_SP=-20.0

[21:52:53.966 CUBESAT]
TS=1786203441.751
PG_5=1
PG_9=0
PG_12=0
FLT_P2=0
FLT_P3=0
HEAT_1_TEMP=0.0
HEAT_1_DUTY=10
HEAT_1_SP=-20.0
ENC_RAW=2187
ENC_ANGLE=48.05419921875
ENC_ACCUM=902.6806640625
AUTO_STOP=1
MOTOR_ANGLE=0.004941860465116279
MOTOR_ACCUM=822.5630813953488
MOTOR_ROT=1572

[21:52:54.193 EBOX]
TS=1786201672.142
V_SENSE5=1.04248046875
V_SENSE9=0.0390625
V_SENSE12=0.1318359375
ADC_V5=4.8675537109375
ADC_V9=9.097900390625
ADC_V12=11.60247802734375
ADC_V28=27.9840087890625
THERMAL_SENS_OUT_1=31
THERMAL_SENS_OUT_2=-50
THERMAL_SENS_OUT_3=29
THERMAL_SENS_OUT_4=26
THERMAL_SENS_OUT_5=32
THERMAL_SENS_OUT_6=-50
THERMAL_SENS_INT_1=29
THERMAL_SENS_INT_2=27
PG_5=1
PG_9=0
PG_12=1
FLT_P2=0
FLT_P3=0
HEAT_1_TEMP=31
HEAT_1_DUTY=0
HEAT_1_SP=-20.0
HEAT_2_TEMP=29
HEAT_2_DUTY=0
HEAT_2_SP=-20.0
HEAT_3_TEMP=26
HEAT_3_DUTY=0
HEAT_3_SP=-20.0
HEAT_4_TEMP=32
HEAT_4_DUTY=0
HEAT_4_SP=-20.0

[21:52:56.127 EBOX]
TS=1786201674.158
V_SENSE5=1.064453125
V_SENSE9=0.0341796875
V_SENSE12=0.10986328125
ADC_V5=4.87640380859375
ADC_V9=9.0093994140625
ADC_V12=11.5936279296875
ADC_V28=27.12554931640625
THERMAL_SENS_OUT_1=28
THERMAL_SENS_OUT_2=-50
THERMAL_SENS_OUT_3=30
THERMAL_SENS_OUT_4=29
THERMAL_SENS_OUT_5=28
THERMAL_SENS_OUT_6=-50
THERMAL_SENS_INT_1=30
THERMAL_SENS_INT_2=31
PG_5=1
PG_9=0
PG_12=1
FLT_P2=0
FLT_P3=0
HEAT_1_TEMP=28
HEAT_1_DUTY=0
HEAT_1_SP=-20.0
HEAT_2_TEMP=30
HEAT_2_DUTY=0
HEAT_2_SP=-20.0
HEAT_3_TEMP=29
HEAT_3_DUTY=0
HEAT_3_SP=-20.0
HEAT_4_TEMP=28
HEAT_4_DUTY=0
HEAT_4_SP=-20.0

[21:52:56.233 CUBESAT]
TS=1786203443.755
PG_5=1
PG_9=0
PG_12=0
FLT_P2=0
FLT_P3=0
HEAT_1_TEMP=0.0
HEAT_1_DUTY=0
HEAT_1_SP=-20.0
ENC_RAW=2189
ENC_ANGLE=48.09814453125
ENC_ACCUM=902.724609375
AUTO_STOP=1
MOTOR_ANGLE=0.004941860465116279
MOTOR_ACCUM=822.5630813953488
MOTOR_ROT=1572

[21:52:57.956 CUBESAT]
TS=1786203445.758
PG_5=1
PG_9=0
PG_12=0
FLT_P2=0
FLT_P3=0
HEAT_1_TEMP=0.0
HEAT_1_DUTY=0
HEAT_1_SP=-20.0
ENC_RAW=2186
ENC_ANGLE=48.0322265625
ENC_ACCUM=902.65869140625
AUTO_STOP=1
MOTOR_ANGLE=0.004941860465116279
MOTOR_ACCUM=822.5630813953488
MOTOR_ROT=1572

[21:52:58.181 EBOX]
TS=1786201676.147
V_SENSE5=0.95458984375
V_SENSE9=0.03662109375
V_SENSE12=0.1416015625
ADC_V5=4.87640380859375
ADC_V9=8.85009765625
ADC_V12=11.65557861328125
ADC_V28=27.55035400390625
THERMAL_SENS_OUT_1=28
THERMAL_SENS_OUT_2=-50
THERMAL_SENS_OUT_3=27
THERMAL_SENS_OUT_4=30
THERMAL_SENS_OUT_5=27
THERMAL_SENS_OUT_6=-50
THERMAL_SENS_INT_1=30
THERMAL_SENS_INT_2=31
PG_5=1
PG_9=0
PG_12=1
FLT_P2=0
FLT_P3=0
HEAT_1_TEMP=28
HEAT_1_DUTY=0
HEAT_1_SP=-20.0
HEAT_2_TEMP=27
HEAT_2_DUTY=0
HEAT_2_SP=-20.0
HEAT_3_TEMP=30
HEAT_3_DUTY=0
HEAT_3_SP=-20.0
HEAT_4_TEMP=27
HEAT_4_DUTY=0
HEAT_4_SP=-20.0

[21:52:59.997 CUBESAT]
TS=1786203447.765
PG_5=1
PG_9=0
PG_12=0
FLT_P2=0
FLT_P3=0
HEAT_1_TEMP=0.0
HEAT_1_DUTY=0
HEAT_1_SP=-20.0
ENC_RAW=2191
ENC_ANGLE=48.14208984375
ENC_ACCUM=902.7685546875
AUTO_STOP=1
MOTOR_ANGLE=0.004941860465116279
MOTOR_ACCUM=822.5630813953488
MOTOR_ROT=1572

[21:53:00.121 EBOX]
TS=1786201678.162
V_SENSE5=0.8642578125
V_SENSE9=0.0341796875
V_SENSE12=0.19287109375
ADC_V5=5.01800537109375
ADC_V9=9.6112060546875
ADC_V12=11.505126953125
ADC_V28=27.30255126953125
THERMAL_SENS_OUT_1=31
THERMAL_SENS_OUT_2=-50
THERMAL_SENS_OUT_3=30
THERMAL_SENS_OUT_4=30
THERMAL_SENS_OUT_5=32
THERMAL_SENS_OUT_6=-50
THERMAL_SENS_INT_1=30
THERMAL_SENS_INT_2=26
PG_5=1
PG_9=0
PG_12=1
FLT_P2=0
FLT_P3=0
HEAT_1_TEMP=31
HEAT_1_DUTY=0
HEAT_1_SP=-20.0
HEAT_2_TEMP=30
HEAT_2_DUTY=0
HEAT_2_SP=-20.0
HEAT_3_TEMP=30
HEAT_3_DUTY=0
HEAT_3_SP=-20.0
HEAT_4_TEMP=32
HEAT_4_DUTY=0
HEAT_4_SP=-20.0

[21:53:02.042 CUBESAT]
TS=1786203449.768
PG_5=1
PG_9=0
PG_12=0
FLT_P2=0
FLT_P3=0
HEAT_1_TEMP=0.0
HEAT_1_DUTY=0
HEAT_1_SP=-20.0
ENC_RAW=2189
ENC_ANGLE=48.09814453125
ENC_ACCUM=902.724609375
AUTO_STOP=1
MOTOR_ANGLE=0.004941860465116279
MOTOR_ACCUM=822.5630813953488
MOTOR_ROT=1572

[21:53:02.169 EBOX]
TS=1786201680.150
V_SENSE5=0.9130859375
V_SENSE9=0.0341796875
V_SENSE12=0.1025390625
ADC_V5=4.87640380859375
ADC_V9=8.7615966796875
ADC_V12=11.89453125
ADC_V28=27.54150390625
THERMAL_SENS_OUT_1=31
THERMAL_SENS_OUT_2=-50
THERMAL_SENS_OUT_3=27
THERMAL_SENS_OUT_4=28
THERMAL_SENS_OUT_5=27
THERMAL_SENS_OUT_6=-50
THERMAL_SENS_INT_1=24
THERMAL_SENS_INT_2=29
PG_5=1
PG_9=0
PG_12=1
FLT_P2=0
FLT_P3=0
HEAT_1_TEMP=31
HEAT_1_DUTY=0
HEAT_1_SP=-20.0
HEAT_2_TEMP=27
HEAT_2_DUTY=0
HEAT_2_SP=-20.0
HEAT_3_TEMP=28
HEAT_3_DUTY=0
HEAT_3_SP=-20.0
HEAT_4_TEMP=27
HEAT_4_DUTY=0
HEAT_4_SP=-20.0

[21:53:03.983 CUBESAT]
TS=1786203451.770
PG_5=1
PG_9=0
PG_12=0
FLT_P2=0
FLT_P3=0
HEAT_1_TEMP=0.0
HEAT_1_DUTY=10
HEAT_1_SP=-20.0
ENC_RAW=2187
ENC_ANGLE=48.05419921875
ENC_ACCUM=902.6806640625
AUTO_STOP=1
MOTOR_ANGLE=0.004941860465116279
MOTOR_ACCUM=822.5630813953488
MOTOR_ROT=1572

[21:53:04.111 EBOX]
TS=1786201682.154
V_SENSE5=0.96435546875
V_SENSE9=0.0341796875
V_SENSE12=0.10498046875
ADC_V5=4.9737548828125
ADC_V9=9.23065185546875
ADC_V12=11.717529296875
ADC_V28=27.83355712890625
THERMAL_SENS_OUT_1=28
THERMAL_SENS_OUT_2=-50
THERMAL_SENS_OUT_3=27
THERMAL_SENS_OUT_4=29
THERMAL_SENS_OUT_5=33
THERMAL_SENS_OUT_6=-50
THERMAL_SENS_INT_1=25
THERMAL_SENS_INT_2=26
PG_5=1
PG_9=0
PG_12=1
FLT_P2=0
FLT_P3=0
HEAT_1_TEMP=28
HEAT_1_DUTY=0
HEAT_1_SP=-20.0
HEAT_2_TEMP=27
HEAT_2_DUTY=0
HEAT_2_SP=-20.0
HEAT_3_TEMP=29
HEAT_3_DUTY=0
HEAT_3_SP=-20.0
HEAT_4_TEMP=33
HEAT_4_DUTY=0
HEAT_4_SP=-20.0

[21:53:06.031 CUBESAT]
TS=1786203453.772
PG_5=1
PG_9=0
PG_12=0
FLT_P2=0
FLT_P3=0
HEAT_1_TEMP=0.0
HEAT_1_DUTY=0
HEAT_1_SP=-20.0
ENC_RAW=2190
ENC_ANGLE=48.1201171875
ENC_ACCUM=902.74658203125
AUTO_STOP=1
MOTOR_ANGLE=0.004941860465116279
MOTOR_ACCUM=822.5630813953488
MOTOR_ROT=1572

[21:53:06.195 EBOX]
TS=1786201684.155
V_SENSE5=1.13525390625
V_SENSE9=0.0390625
V_SENSE12=0.1123046875
ADC_V5=4.9737548828125
ADC_V9=9.4696044921875
ADC_V12=11.5936279296875
ADC_V28=27.58575439453125
THERMAL_SENS_OUT_1=27
THERMAL_SENS_OUT_2=-50
THERMAL_SENS_OUT_3=29
THERMAL_SENS_OUT_4=30
THERMAL_SENS_OUT_5=29
THERMAL_SENS_OUT_6=-50
THERMAL_SENS_INT_1=27
THERMAL_SENS_INT_2=28
PG_5=1
PG_9=0
PG_12=1
FLT_P2=0
FLT_P3=0
HEAT_1_TEMP=27
HEAT_1_DUTY=0
HEAT_1_SP=-20.0
HEAT_2_TEMP=29
HEAT_2_DUTY=0
HEAT_2_SP=-20.0
HEAT_3_TEMP=30
HEAT_3_DUTY=0
HEAT_3_SP=-20.0
HEAT_4_TEMP=29
HEAT_4_DUTY=0
HEAT_4_SP=-20.0

[21:53:08.134 EBOX]
TS=1786201686.164
V_SENSE5=1.0888671875
V_SENSE9=0.03662109375
V_SENSE12=0.1025390625
ADC_V5=4.920654296875
ADC_V9=9.46075439453125
ADC_V12=11.505126953125
ADC_V28=27.99285888671875
THERMAL_SENS_OUT_1=29
THERMAL_SENS_OUT_2=-50
THERMAL_SENS_OUT_3=31
THERMAL_SENS_OUT_4=26
THERMAL_SENS_OUT_5=32
THERMAL_SENS_OUT_6=-50
THERMAL_SENS_INT_1=30
THERMAL_SENS_INT_2=26
PG_5=1
PG_9=0
PG_12=1
FLT_P2=0
FLT_P3=0
HEAT_1_TEMP=29
HEAT_1_DUTY=0
HEAT_1_SP=-20.0
HEAT_2_TEMP=31
HEAT_2_DUTY=0
HEAT_2_SP=-20.0
HEAT_3_TEMP=26
HEAT_3_DUTY=0
HEAT_3_SP=-20.0
HEAT_4_TEMP=32
HEAT_4_DUTY=0
HEAT_4_SP=-20.0

[21:53:08.242 CUBESAT]
TS=1786203455.774
PG_5=1
PG_9=0
PG_12=0
FLT_P2=0
FLT_P3=0
HEAT_1_TEMP=0.0
HEAT_1_DUTY=0
HEAT_1_SP=-20.0
ENC_RAW=2188
ENC_ANGLE=48.076171875
ENC_ACCUM=902.70263671875
AUTO_STOP=1
MOTOR_ANGLE=0.004941860465116279
MOTOR_ACCUM=822.5630813953488
MOTOR_ROT=1572

[21:53:10.063 CUBESAT]
TS=1786203457.781
PG_5=1
PG_9=0
PG_12=0
FLT_P2=0
FLT_P3=0
HEAT_1_TEMP=0.0
HEAT_1_DUTY=0
HEAT_1_SP=-20.0
ENC_RAW=2188
ENC_ANGLE=48.076171875
ENC_ACCUM=902.70263671875
AUTO_STOP=1
MOTOR_ANGLE=0.004941860465116279
MOTOR_ACCUM=822.5630813953488
MOTOR_ROT=1572

[21:53:10.181 EBOX]
TS=1786201688.160
V_SENSE5=0.93994140625
V_SENSE9=0.0390625
V_SENSE12=0.107421875
ADC_V5=4.9560546875
ADC_V9=9.47845458984375
ADC_V12=11.611328125
ADC_V28=27.60345458984375
THERMAL_SENS_OUT_1=31
THERMAL_SENS_OUT_2=-50
THERMAL_SENS_OUT_3=28
THERMAL_SENS_OUT_4=30
THERMAL_SENS_OUT_5=30
THERMAL_SENS_OUT_6=-50
THERMAL_SENS_INT_1=27
THERMAL_SENS_INT_2=30
PG_5=1
PG_9=0
PG_12=1
FLT_P2=0
FLT_P3=0
HEAT_1_TEMP=31
HEAT_1_DUTY=0
HEAT_1_SP=-20.0
HEAT_2_TEMP=28
HEAT_2_DUTY=0
HEAT_2_SP=-20.0
HEAT_3_TEMP=30
HEAT_3_DUTY=0
HEAT_3_SP=-20.0
HEAT_4_TEMP=30
HEAT_4_DUTY=0
HEAT_4_SP=-20.0

[21:53:12.000 CUBESAT]
TS=1786203459.783
PG_5=1
PG_9=0
PG_12=0
FLT_P2=0
FLT_P3=0
HEAT_1_TEMP=0.0
HEAT_1_DUTY=0
HEAT_1_SP=-20.0
ENC_RAW=2188
ENC_ANGLE=48.076171875
ENC_ACCUM=902.70263671875
AUTO_STOP=1
MOTOR_ANGLE=0.004941860465116279
MOTOR_ACCUM=822.5630813953488
MOTOR_ROT=1572

[21:53:12.237 EBOX]
TS=1786201690.174
V_SENSE5=0.84716796875
V_SENSE9=0.0341796875
V_SENSE12=0.09765625
ADC_V5=4.8675537109375
ADC_V9=9.381103515625
ADC_V12=11.929931640625
ADC_V28=28.09906005859375
THERMAL_SENS_OUT_1=32
THERMAL_SENS_OUT_2=-50
THERMAL_SENS_OUT_3=25
THERMAL_SENS_OUT_4=25
THERMAL_SENS_OUT_5=27
THERMAL_SENS_OUT_6=-50
THERMAL_SENS_INT_1=29
THERMAL_SENS_INT_2=31
PG_5=1
PG_9=0
PG_12=1
FLT_P2=0
FLT_P3=0
HEAT_1_TEMP=32
HEAT_1_DUTY=0
HEAT_1_SP=-20.0
HEAT_2_TEMP=25
HEAT_2_DUTY=0
HEAT_2_SP=-20.0
HEAT_3_TEMP=25
HEAT_3_DUTY=0
HEAT_3_SP=-20.0
HEAT_4_TEMP=27
HEAT_4_DUTY=0
HEAT_4_SP=-20.0

[21:53:14.059 CUBESAT]
TS=1786203461.798
PG_5=1
PG_9=0
PG_12=0
FLT_P2=0
FLT_P3=0
HEAT_1_TEMP=0.0
HEAT_1_DUTY=0
HEAT_1_SP=-20.0
ENC_RAW=2190
ENC_ANGLE=48.1201171875
ENC_ACCUM=902.74658203125
AUTO_STOP=1
MOTOR_ANGLE=0.004941860465116279
MOTOR_ACCUM=822.5630813953488
MOTOR_ROT=1572

[21:53:14.188 EBOX]
TS=1786201692.164
V_SENSE5=0.986328125
V_SENSE9=0.0341796875
V_SENSE12=0.10498046875
ADC_V5=4.88525390625
ADC_V9=9.41650390625
ADC_V12=11.60247802734375
ADC_V28=28.072509765625
THERMAL_SENS_OUT_1=30
THERMAL_SENS_OUT_2=-50
THERMAL_SENS_OUT_3=30
THERMAL_SENS_OUT_4=27
THERMAL_SENS_OUT_5=30
THERMAL_SENS_OUT_6=-50
THERMAL_SENS_INT_1=31
THERMAL_SENS_INT_2=29
PG_5=1
PG_9=0
PG_12=1
FLT_P2=0
FLT_P3=0
HEAT_1_TEMP=30
HEAT_1_DUTY=0
HEAT_1_SP=-20.0
HEAT_2_TEMP=30
HEAT_2_DUTY=0
HEAT_2_SP=-20.0
HEAT_3_TEMP=27
HEAT_3_DUTY=0
HEAT_3_SP=-20.0
HEAT_4_TEMP=30
HEAT_4_DUTY=0
HEAT_4_SP=-20.0

[21:53:16.003 CUBESAT]
TS=1786203463.800
PG_5=1
PG_9=0
PG_12=0
FLT_P2=0
FLT_P3=0
HEAT_1_TEMP=0.0
HEAT_1_DUTY=0
HEAT_1_SP=-20.0
ENC_RAW=2190
ENC_ANGLE=48.1201171875
ENC_ACCUM=902.74658203125
AUTO_STOP=1
MOTOR_ANGLE=0.004941860465116279
MOTOR_ACCUM=822.5630813953488
MOTOR_ROT=1572

[21:53:16.132 EBOX]
TS=1786201694.174
V_SENSE5=0.86181640625
V_SENSE9=0.0390625
V_SENSE12=0.0927734375
ADC_V5=4.8675537109375
ADC_V9=9.28375244140625
ADC_V12=11.77947998046875
ADC_V28=27.718505859375
THERMAL_SENS_OUT_1=29
THERMAL_SENS_OUT_2=-50
THERMAL_SENS_OUT_3=25
THERMAL_SENS_OUT_4=26
THERMAL_SENS_OUT_5=32
THERMAL_SENS_OUT_6=-50
THERMAL_SENS_INT_1=25
THERMAL_SENS_INT_2=29
PG_5=1
PG_9=0
PG_12=1
FLT_P2=0
FLT_P3=0
HEAT_1_TEMP=29
HEAT_1_DUTY=0
HEAT_1_SP=-20.0
HEAT_2_TEMP=25
HEAT_2_DUTY=0
HEAT_2_SP=-20.0
HEAT_3_TEMP=26
HEAT_3_DUTY=0
HEAT_3_SP=-20.0
HEAT_4_TEMP=32
HEAT_4_DUTY=0
HEAT_4_SP=-20.0

[21:53:18.053 CUBESAT]
TS=1786203465.802
PG_5=1
PG_9=0
PG_12=0
FLT_P2=0
FLT_P3=0
HEAT_1_TEMP=0.0
HEAT_1_DUTY=0
HEAT_1_SP=-20.0
ENC_RAW=2189
ENC_ANGLE=48.09814453125
ENC_ACCUM=902.724609375
AUTO_STOP=1
MOTOR_ANGLE=0.004941860465116279
MOTOR_ACCUM=822.5630813953488
MOTOR_ROT=1572

[21:53:18.192 EBOX]
TS=1786201696.167
V_SENSE5=1.1474609375
V_SENSE9=0.0390625
V_SENSE12=0.1220703125
ADC_V5=4.9029541015625
ADC_V9=9.381103515625
ADC_V12=11.85028076171875
ADC_V28=27.47955322265625
THERMAL_SENS_OUT_1=25
THERMAL_SENS_OUT_2=-50
THERMAL_SENS_OUT_3=28
THERMAL_SENS_OUT_4=28
THERMAL_SENS_OUT_5=28
THERMAL_SENS_OUT_6=-50
THERMAL_SENS_INT_1=25
THERMAL_SENS_INT_2=30
PG_5=1
PG_9=0
PG_12=1
FLT_P2=0
FLT_P3=0
HEAT_1_TEMP=25
HEAT_1_DUTY=0
HEAT_1_SP=-20.0
HEAT_2_TEMP=28
HEAT_2_DUTY=0
HEAT_2_SP=-20.0
HEAT_3_TEMP=28
HEAT_3_DUTY=0
HEAT_3_SP=-20.0
HEAT_4_TEMP=28
HEAT_4_DUTY=0
HEAT_4_SP=-20.0

[21:53:20.008 CUBESAT]
TS=1786203467.805
PG_5=1
PG_9=0
PG_12=0
FLT_P2=0
FLT_P3=0
HEAT_1_TEMP=0.0
HEAT_1_DUTY=10
HEAT_1_SP=-20.0
ENC_RAW=2187
ENC_ANGLE=48.05419921875
ENC_ACCUM=902.6806640625
AUTO_STOP=1
MOTOR_ANGLE=0.004941860465116279
MOTOR_ACCUM=822.5630813953488
MOTOR_ROT=1572

[21:53:20.131 EBOX]
TS=1786201698.169
V_SENSE5=1.0009765625
V_SENSE9=0.07568359375
V_SENSE12=0.10498046875
ADC_V5=5.0091552734375
ADC_V9=9.310302734375
ADC_V12=11.717529296875
ADC_V28=27.42645263671875
THERMAL_SENS_OUT_1=28
THERMAL_SENS_OUT_2=-50
THERMAL_SENS_OUT_3=29
THERMAL_SENS_OUT_4=29
THERMAL_SENS_OUT_5=33
THERMAL_SENS_OUT_6=-50
THERMAL_SENS_INT_1=26
THERMAL_SENS_INT_2=27
PG_5=1
PG_9=0
PG_12=1
FLT_P2=0
FLT_P3=0
HEAT_1_TEMP=28
HEAT_1_DUTY=0
HEAT_1_SP=-20.0
HEAT_2_TEMP=29
HEAT_2_DUTY=0
HEAT_2_SP=-20.0
HEAT_3_TEMP=29
HEAT_3_DUTY=0
HEAT_3_SP=-20.0
HEAT_4_TEMP=33
HEAT_4_DUTY=0
HEAT_4_SP=-20.0

[21:53:22.171 EBOX]
TS=1786201700.181
V_SENSE5=0.91552734375
V_SENSE9=0.04638671875
V_SENSE12=0.1123046875
ADC_V5=5.00030517578125
ADC_V9=9.33685302734375
ADC_V12=11.92108154296875
ADC_V28=27.860107421875
THERMAL_SENS_OUT_1=28
THERMAL_SENS_OUT_2=-50
THERMAL_SENS_OUT_3=27
THERMAL_SENS_OUT_4=27
THERMAL_SENS_OUT_5=29
THERMAL_SENS_OUT_6=-50
THERMAL_SENS_INT_1=26
THERMAL_SENS_INT_2=26
PG_5=1
PG_9=0
PG_12=1
FLT_P2=0
FLT_P3=0
HEAT_1_TEMP=28
HEAT_1_DUTY=0
HEAT_1_SP=-20.0
HEAT_2_TEMP=27
HEAT_2_DUTY=0
HEAT_2_SP=-20.0
HEAT_3_TEMP=27
HEAT_3_DUTY=0
HEAT_3_SP=-20.0
HEAT_4_TEMP=29
HEAT_4_DUTY=0
HEAT_4_SP=-20.0

[21:53:22.277 CUBESAT]
TS=1786203469.808
PG_5=1
PG_9=0
PG_12=0
FLT_P2=0
FLT_P3=0
HEAT_1_TEMP=0.0
HEAT_1_DUTY=0
HEAT_1_SP=-20.0
ENC_RAW=2185
ENC_ANGLE=48.01025390625
ENC_ACCUM=902.63671875
AUTO_STOP=1
MOTOR_ANGLE=0.004941860465116279
MOTOR_ACCUM=822.5630813953488
MOTOR_ROT=1572

[21:53:24.091 CUBESAT]
TS=1786203471.808
PG_5=1
PG_9=0
PG_12=0
FLT_P2=0
FLT_P3=0
HEAT_1_TEMP=0.0
HEAT_1_DUTY=0
HEAT_1_SP=-20.0
ENC_RAW=2187
ENC_ANGLE=48.05419921875
ENC_ACCUM=902.6806640625
AUTO_STOP=1
MOTOR_ANGLE=0.004941860465116279
MOTOR_ACCUM=822.5630813953488
MOTOR_ROT=1572

[21:53:24.209 EBOX]
TS=1786201702.172
V_SENSE5=0.9228515625
V_SENSE9=0.0341796875
V_SENSE12=0.10009765625
ADC_V5=4.849853515625
ADC_V9=9.168701171875
ADC_V12=11.69097900390625
ADC_V28=27.46185302734375
THERMAL_SENS_OUT_1=25
THERMAL_SENS_OUT_2=-50
THERMAL_SENS_OUT_3=26
THERMAL_SENS_OUT_4=30
THERMAL_SENS_OUT_5=28
THERMAL_SENS_OUT_6=-50
THERMAL_SENS_INT_1=30
THERMAL_SENS_INT_2=27
PG_5=1
PG_9=0
PG_12=1
FLT_P2=0
FLT_P3=0
HEAT_1_TEMP=25
HEAT_1_DUTY=0
HEAT_1_SP=-20.0
HEAT_2_TEMP=26
HEAT_2_DUTY=0
HEAT_2_SP=-20.0
HEAT_3_TEMP=30
HEAT_3_DUTY=0
HEAT_3_SP=-20.0
HEAT_4_TEMP=28
HEAT_4_DUTY=0
HEAT_4_SP=-20.0

[21:53:26.024 CUBESAT]
TS=1786203473.814
PG_5=1
PG_9=0
PG_12=0
FLT_P2=0
FLT_P3=0
HEAT_1_TEMP=0.0
HEAT_1_DUTY=0
HEAT_1_SP=-20.0
ENC_RAW=2188
ENC_ANGLE=48.076171875
ENC_ACCUM=902.70263671875
AUTO_STOP=1
MOTOR_ANGLE=0.004941860465116279
MOTOR_ACCUM=822.5630813953488
MOTOR_ROT=1572

[21:53:26.145 EBOX]
TS=1786201704.189
V_SENSE5=0.83984375
V_SENSE9=0.0341796875
V_SENSE12=0.1025390625
ADC_V5=5.02685546875
ADC_V9=9.05364990234375
ADC_V12=11.95648193359375
ADC_V28=28.11676025390625
THERMAL_SENS_OUT_1=26
THERMAL_SENS_OUT_2=-50
THERMAL_SENS_OUT_3=31
THERMAL_SENS_OUT_4=27
THERMAL_SENS_OUT_5=31
THERMAL_SENS_OUT_6=-50
THERMAL_SENS_INT_1=24
THERMAL_SENS_INT_2=27
PG_5=1
PG_9=0
PG_12=1
FLT_P2=0
FLT_P3=0
HEAT_1_TEMP=26
HEAT_1_DUTY=0
HEAT_1_SP=-20.0
HEAT_2_TEMP=31
HEAT_2_DUTY=0
HEAT_2_SP=-20.0
HEAT_3_TEMP=27
HEAT_3_DUTY=0
HEAT_3_SP=-20.0
HEAT_4_TEMP=31
HEAT_4_DUTY=0
HEAT_4_SP=-20.0

[21:53:28.198 EBOX]
TS=1786201706.178
V_SENSE5=1.15234375
V_SENSE9=0.03662109375
V_SENSE12=0.10009765625
ADC_V5=4.96490478515625
ADC_V9=9.14215087890625
ADC_V12=11.929931640625
ADC_V28=28.0902099609375
THERMAL_SENS_OUT_1=27
THERMAL_SENS_OUT_2=-50
THERMAL_SENS_OUT_3=29
THERMAL_SENS_OUT_4=27
THERMAL_SENS_OUT_5=28
THERMAL_SENS_OUT_6=-50
THERMAL_SENS_INT_1=29
THERMAL_SENS_INT_2=31
PG_5=1
PG_9=0
PG_12=1
FLT_P2=0
FLT_P3=0
HEAT_1_TEMP=27
HEAT_1_DUTY=0
HEAT_1_SP=-20.0
HEAT_2_TEMP=29
HEAT_2_DUTY=0
HEAT_2_SP=-20.0
HEAT_3_TEMP=27
HEAT_3_DUTY=0
HEAT_3_SP=-20.0
HEAT_4_TEMP=28
HEAT_4_DUTY=0
HEAT_4_SP=-20.0

[21:53:28.307 CUBESAT]
TS=1786203475.816
PG_5=1
PG_9=0
PG_12=0
FLT_P2=0
FLT_P3=0
HEAT_1_TEMP=0.0
HEAT_1_DUTY=0
HEAT_1_SP=-20.0
ENC_RAW=2188
ENC_ANGLE=48.076171875
ENC_ACCUM=902.70263671875
AUTO_STOP=1
MOTOR_ANGLE=0.004941860465116279
MOTOR_ACCUM=822.5630813953488
MOTOR_ROT=1572

[21:53:30.029 CUBESAT]
TS=1786203477.821
PG_5=1
PG_9=0
PG_12=0
FLT_P2=0
FLT_P3=0
HEAT_1_TEMP=0.0
HEAT_1_DUTY=10
HEAT_1_SP=-20.0
ENC_RAW=2190
ENC_ANGLE=48.1201171875
ENC_ACCUM=902.74658203125
AUTO_STOP=1
MOTOR_ANGLE=0.004941860465116279
MOTOR_ACCUM=822.5630813953488
MOTOR_ROT=1572

[21:53:30.152 EBOX]
TS=1786201708.182
V_SENSE5=0.859375
V_SENSE9=0.0341796875
V_SENSE12=0.1220703125
ADC_V5=4.849853515625
ADC_V9=9.0625
ADC_V12=11.72637939453125
ADC_V28=27.09014892578125
THERMAL_SENS_OUT_1=25
THERMAL_SENS_OUT_2=-50
THERMAL_SENS_OUT_3=28
THERMAL_SENS_OUT_4=28
THERMAL_SENS_OUT_5=30
THERMAL_SENS_OUT_6=-50
THERMAL_SENS_INT_1=28
THERMAL_SENS_INT_2=27
PG_5=1
PG_9=0
PG_12=1
FLT_P2=0
FLT_P3=0
HEAT_1_TEMP=25
HEAT_1_DUTY=0
HEAT_1_SP=-20.0
HEAT_2_TEMP=28
HEAT_2_DUTY=0
HEAT_2_SP=-20.0
HEAT_3_TEMP=28
HEAT_3_DUTY=0
HEAT_3_SP=-20.0
HEAT_4_TEMP=30
HEAT_4_DUTY=0
HEAT_4_SP=-20.0

[21:53:32.196 EBOX]
TS=1786201710.180
V_SENSE5=0.91796875
V_SENSE9=0.0390625
V_SENSE12=0.0927734375
ADC_V5=4.9383544921875
ADC_V9=8.94744873046875
ADC_V12=11.77947998046875
ADC_V28=27.32025146484375
THERMAL_SENS_OUT_1=26
THERMAL_SENS_OUT_2=-50
THERMAL_SENS_OUT_3=24
THERMAL_SENS_OUT_4=26
THERMAL_SENS_OUT_5=32
THERMAL_SENS_OUT_6=-50
THERMAL_SENS_INT_1=26
THERMAL_SENS_INT_2=29
PG_5=1
PG_9=0
PG_12=1
FLT_P2=0
FLT_P3=0
HEAT_1_TEMP=26
HEAT_1_DUTY=0
HEAT_1_SP=-20.0
HEAT_2_TEMP=24
HEAT_2_DUTY=0
HEAT_2_SP=-20.0
HEAT_3_TEMP=26
HEAT_3_DUTY=0
HEAT_3_SP=-20.0
HEAT_4_TEMP=32
HEAT_4_DUTY=0
HEAT_4_SP=-20.0

[21:53:32.501 CUBESAT]
TS=1786203479.824
PG_5=1
PG_9=0
PG_12=0
FLT_P2=0
FLT_P3=0
HEAT_1_TEMP=0.0
HEAT_1_DUTY=0
HEAT_1_SP=-20.0
ENC_RAW=2188
ENC_ANGLE=48.076171875
ENC_ACCUM=902.70263671875
AUTO_STOP=1
MOTOR_ANGLE=0.004941860465116279
MOTOR_ACCUM=822.5630813953488
MOTOR_ROT=1572

[21:53:34.019 CUBESAT]
TS=1786203481.828
PG_5=1
PG_9=0
PG_12=0
FLT_P2=0
FLT_P3=0
HEAT_1_TEMP=0.0
HEAT_1_DUTY=0
HEAT_1_SP=-20.0
ENC_RAW=2186
ENC_ANGLE=48.0322265625
ENC_ACCUM=902.65869140625
AUTO_STOP=1
MOTOR_ANGLE=0.004941860465116279
MOTOR_ACCUM=822.5630813953488
MOTOR_ROT=1572

[21:53:34.239 EBOX]
TS=1786201712.180
V_SENSE5=1.01318359375
V_SENSE9=0.05615234375
V_SENSE12=0.09765625
ADC_V5=4.9737548828125
ADC_V9=8.87664794921875
ADC_V12=11.83258056640625
ADC_V28=27.33795166015625
THERMAL_SENS_OUT_1=26
THERMAL_SENS_OUT_2=-50
THERMAL_SENS_OUT_3=25
THERMAL_SENS_OUT_4=27
THERMAL_SENS_OUT_5=33
THERMAL_SENS_OUT_6=-50
THERMAL_SENS_INT_1=28
THERMAL_SENS_INT_2=27
PG_5=1
PG_9=0
PG_12=1
FLT_P2=0
FLT_P3=0
HEAT_1_TEMP=26
HEAT_1_DUTY=0
HEAT_1_SP=-20.0
HEAT_2_TEMP=25
HEAT_2_DUTY=0
HEAT_2_SP=-20.0
HEAT_3_TEMP=27
HEAT_3_DUTY=0
HEAT_3_SP=-20.0
HEAT_4_TEMP=33
HEAT_4_DUTY=0
HEAT_4_SP=-20.0

[21:53:36.189 EBOX]
TS=1786201714.194
V_SENSE5=1.2255859375
V_SENSE9=0.0341796875
V_SENSE12=0.15380859375
ADC_V5=4.849853515625
ADC_V9=8.98284912109375
ADC_V12=11.56707763671875
ADC_V28=28.0902099609375
THERMAL_SENS_OUT_1=28
THERMAL_SENS_OUT_2=-50
THERMAL_SENS_OUT_3=31
THERMAL_SENS_OUT_4=30
THERMAL_SENS_OUT_5=27
THERMAL_SENS_OUT_6=-50
THERMAL_SENS_INT_1=31
THERMAL_SENS_INT_2=30
PG_5=1
PG_9=0
PG_12=1
FLT_P2=0
FLT_P3=0
HEAT_1_TEMP=28
HEAT_1_DUTY=0
HEAT_1_SP=-20.0
HEAT_2_TEMP=31
HEAT_2_DUTY=0
HEAT_2_SP=-20.0
HEAT_3_TEMP=30
HEAT_3_DUTY=0
HEAT_3_SP=-20.0
HEAT_4_TEMP=27
HEAT_4_DUTY=0
HEAT_4_SP=-20.0

[21:53:36.294 CUBESAT]
TS=1786203483.831
PG_5=1
PG_9=0
PG_12=0
FLT_P2=0
FLT_P3=0
HEAT_1_TEMP=0.0
HEAT_1_DUTY=0
HEAT_1_SP=-20.0
ENC_RAW=2192
ENC_ANGLE=48.1640625
ENC_ACCUM=902.79052734375
AUTO_STOP=1
MOTOR_ANGLE=0.004941860465116279
MOTOR_ACCUM=822.5630813953488
MOTOR_ROT=1572

[21:53:38.114 CUBESAT]
TS=1786203485.835
PG_5=1
PG_9=0
PG_12=0
FLT_P2=0
FLT_P3=0
HEAT_1_TEMP=0.0
HEAT_1_DUTY=0
HEAT_1_SP=-20.0
ENC_RAW=2189
ENC_ANGLE=48.09814453125
ENC_ACCUM=902.724609375
AUTO_STOP=1
MOTOR_ANGLE=0.004941860465116279
MOTOR_ACCUM=822.5630813953488
MOTOR_ROT=1572

[21:53:38.530 EBOX]
TS=1786201716.185
V_SENSE5=1.103515625
V_SENSE9=0.03662109375
V_SENSE12=0.1025390625
ADC_V5=4.9560546875
ADC_V9=8.84124755859375
ADC_V12=11.9122314453125
ADC_V28=27.78045654296875
THERMAL_SENS_OUT_1=31
THERMAL_SENS_OUT_2=-50
THERMAL_SENS_OUT_3=30
THERMAL_SENS_OUT_4=31
THERMAL_SENS_OUT_5=28
THERMAL_SENS_OUT_6=-50
THERMAL_SENS_INT_1=25
THERMAL_SENS_INT_2=31
PG_5=1
PG_9=0
PG_12=1
FLT_P2=0
FLT_P3=0
HEAT_1_TEMP=31
HEAT_1_DUTY=0
HEAT_1_SP=-20.0
HEAT_2_TEMP=30
HEAT_2_DUTY=0
HEAT_2_SP=-20.0
HEAT_3_TEMP=31
HEAT_3_DUTY=0
HEAT_3_SP=-20.0
HEAT_4_TEMP=28
HEAT_4_DUTY=0
HEAT_4_SP=-20.0

[21:53:40.371 CUBESAT]
TS=1786203487.837
PG_5=1
PG_9=0
PG_12=0
FLT_P2=0
FLT_P3=0
HEAT_1_TEMP=0.0
HEAT_1_DUTY=10
HEAT_1_SP=-20.0
ENC_RAW=2188
ENC_ANGLE=48.076171875
ENC_ACCUM=902.70263671875
AUTO_STOP=1
MOTOR_ANGLE=0.004941860465116279
MOTOR_ACCUM=822.5630813953488
MOTOR_ROT=1572

[21:53:41.080 EBOX]
TS=1786201718.186
V_SENSE5=0.94482421875
V_SENSE9=0.0341796875
V_SENSE12=0.10986328125
ADC_V5=4.88525390625
ADC_V9=9.0802001953125
ADC_V12=11.74407958984375
ADC_V28=27.58575439453125
THERMAL_SENS_OUT_1=31
THERMAL_SENS_OUT_2=-50
THERMAL_SENS_OUT_3=25
THERMAL_SENS_OUT_4=30
THERMAL_SENS_OUT_5=30
THERMAL_SENS_OUT_6=-50
THERMAL_SENS_INT_1=26
THERMAL_SENS_INT_2=32
PG_5=1
PG_9=0
PG_12=1
FLT_P2=0
FLT_P3=0
HEAT_1_TEMP=31
HEAT_1_DUTY=0
HEAT_1_SP=-20.0
HEAT_2_TEMP=25
HEAT_2_DUTY=0
HEAT_2_SP=-20.0
HEAT_3_TEMP=30
HEAT_3_DUTY=0
HEAT_3_SP=-20.0
HEAT_4_TEMP=30
HEAT_4_DUTY=0
HEAT_4_SP=-20.0

[21:53:42.752 CUBESAT]
TS=1786203489.844
PG_5=1
PG_9=0
PG_12=0
FLT_P2=0
FLT_P3=0
HEAT_1_TEMP=0.0
HEAT_1_DUTY=0
HEAT_1_SP=-20.0
ENC_RAW=2189
ENC_ANGLE=48.09814453125
ENC_ACCUM=902.724609375
AUTO_STOP=1
MOTOR_ANGLE=0.004941860465116279
MOTOR_ACCUM=822.5630813953488
MOTOR_ROT=1572

[21:53:44.417 CUBESAT]
TS=1786203491.848
PG_5=1
PG_9=0
PG_12=0
FLT_P2=0
FLT_P3=0
HEAT_1_TEMP=0.0
HEAT_1_DUTY=0
HEAT_1_SP=-20.0
ENC_RAW=2187
ENC_ANGLE=48.05419921875
ENC_ACCUM=902.6806640625
AUTO_STOP=1
MOTOR_ANGLE=0.004941860465116279
MOTOR_ACCUM=822.5630813953488
MOTOR_ROT=1572

[21:53:46.133 CUBESAT]
TS=1786203493.851
PG_5=1
PG_9=0
PG_12=0
FLT_P2=0
FLT_P3=0
HEAT_1_TEMP=0.0
HEAT_1_DUTY=0
HEAT_1_SP=-20.0
ENC_RAW=2187
ENC_ANGLE=48.05419921875
ENC_ACCUM=902.6806640625
AUTO_STOP=1
MOTOR_ANGLE=0.004941860465116279
MOTOR_ACCUM=822.5630813953488
MOTOR_ROT=1572

[21:53:48.114 CUBESAT]
TS=1786203495.853
PG_5=1
PG_9=0
PG_12=0
FLT_P2=0
FLT_P3=0
HEAT_1_TEMP=0.0
HEAT_1_DUTY=0
HEAT_1_SP=-20.0
ENC_RAW=2188
ENC_ANGLE=48.076171875
ENC_ACCUM=902.70263671875
AUTO_STOP=1
MOTOR_ANGLE=0.004941860465116279
MOTOR_ACCUM=822.5630813953488
MOTOR_ROT=1572

[21:53:50.148 CUBESAT]
TS=1786203497.858
PG_5=1
PG_9=0
PG_12=0
FLT_P2=0
FLT_P3=0
HEAT_1_TEMP=0.0
HEAT_1_DUTY=0
HEAT_1_SP=-20.0
ENC_RAW=2188
ENC_ANGLE=48.076171875
ENC_ACCUM=902.70263671875
AUTO_STOP=1
MOTOR_ANGLE=0.004941860465116279
MOTOR_ACCUM=822.5630813953488
MOTOR_ROT=1572

[21:53:55.100 CUBESAT]
TS=1786203499.860
PG_5=1
PG_9=0
PG_12=0
FLT_P2=0
FLT_P3=0
HEAT_1_TEMP=0.0
HEAT_1_DUTY=0
HEAT_1_SP=-20.0
ENC_RAW=2190
ENC_ANGLE=48.1201171875
ENC_ACCUM=902.74658203125
AUTO_STOP=1
MOTOR_ANGLE=0.004941860465116279
MOTOR_ACCUM=822.5630813953488
MOTOR_ROT=1572

[21:53:57.801 CUBESAT]
TS=1786203501.865
PG_5=1
PG_9=0
PG_12=0
FLT_P2=0
FLT_P3=0
HEAT_1_TEMP=0.0
HEAT_1_DUTY=0
HEAT_1_SP=-20.0
ENC_RAW=2186
ENC_ANGLE=48.0322265625
ENC_ACCUM=902.65869140625
AUTO_STOP=1
MOTOR_ANGLE=0.004941860465116279
MOTOR_ACCUM=822.5630813953488
MOTOR_ROT=1572
TS=1786203503.868
PG_5=1
PG_9=0
PG_12=0
FLT_P2=0
FLT_P3=0
HEAT_1_TEMP=0.0
HEAT_1_DUTY=10
HEAT_1_SP=-20.0
ENC_RAW=2188
ENC_ANGLE=48.076171875
ENC_ACCUM=902.70263671875
AUTO_STOP=1
MOTOR_ANGLE=0.004941860465116279
MOTOR_ACCUM=822.5630813953488
MOTOR_ROT=1572

[21:54:03.015 CUBESAT]
TS=1786203505.875
PG_5=1
PG_9=0
PG_12=0
FLT_P2=0
FLT_P3=0
HEAT_1_TEMP=0.0
HEAT_1_DUTY=0
HEAT_1_SP=-20.0
ENC_RAW=2187
ENC_ANGLE=48.05419921875
ENC_ACCUM=902.6806640625
AUTO_STOP=1
MOTOR_ANGLE=0.004941860465116279
MOTOR_ACCUM=822.5630813953488
MOTOR_ROT=1572
TS=1786203507.877
PG_5=1
PG_9=0
PG_12=0
FLT_P2=0
FLT_P3=0
HEAT_1_TEMP=0.0
HEAT_1_DUTY=0
HEAT_1_SP=-20.0
ENC_RAW=2187
ENC_ANGLE=48.05419921875
ENC_ACCUM=902.6806640625
AUTO_STOP=1
MOTOR_ANGLE=0.004941860465116279
MOTOR_ACCUM=822.5630813953488
MOTOR_ROT=1572
TS=1786203509.881
PG_5=1
PG_9=0
PG_12=0
FLT_P2=0
FLT_P3=0
HEAT_1_TEMP=0.0
HEAT_1_DUTY=0
HEAT_1_SP=-20.0
ENC_RAW=2188
ENC_ANGLE=48.076171875
ENC_ACCUM=902.70263671875
AUTO_STOP=1
MOTOR_ANGLE=0.004941860465116279
MOTOR_ACCUM=822.5630813953488
MOTOR_ROT=1572

[21:54:04.390 CUBESAT]
TS=1786203511.885
PG_5=1
PG_9=0
PG_12=0
FLT_P2=0
FLT_P3=0
HEAT_1_TEMP=0.0
HEAT_1_DUTY=0
HEAT_1_SP=-20.0
ENC_RAW=2190
ENC_ANGLE=48.1201171875
ENC_ACCUM=902.74658203125
AUTO_STOP=1
MOTOR_ANGLE=0.004941860465116279
MOTOR_ACCUM=822.5630813953488
MOTOR_ROT=1572

[21:54:06.986 CUBESAT]
TS=1786203513.886
PG_5=1
PG_9=0
PG_12=0
FLT_P2=0
FLT_P3=0
HEAT_1_TEMP=0.0
HEAT_1_DUTY=10
HEAT_1_SP=-20.0
ENC_RAW=2189
ENC_ANGLE=48.09814453125
ENC_ACCUM=902.724609375
AUTO_STOP=1
MOTOR_ANGLE=0.004941860465116279
MOTOR_ACCUM=822.5630813953488
MOTOR_ROT=1572

[21:54:08.149 CUBESAT]
TS=1786203515.907
PG_5=1
PG_9=0
PG_12=0
FLT_P2=0
FLT_P3=0
HEAT_1_TEMP=0.0
HEAT_1_DUTY=0
HEAT_1_SP=-20.0
ENC_RAW=2190
ENC_ANGLE=48.1201171875
ENC_ACCUM=902.74658203125
AUTO_STOP=1
MOTOR_ANGLE=0.004941860465116279
MOTOR_ACCUM=822.5630813953488
MOTOR_ROT=1572

[21:54:13.037 CUBESAT]
TS=1786203517.907
PG_5=1
PG_9=0
PG_12=0
FLT_P2=0
FLT_P3=0
HEAT_1_TEMP=0.0
HEAT_1_DUTY=0
HEAT_1_SP=-20.0
ENC_RAW=2190
ENC_ANGLE=48.1201171875
ENC_ACCUM=902.74658203125
AUTO_STOP=1
MOTOR_ANGLE=0.004941860465116279
MOTOR_ACCUM=822.5630813953488
MOTOR_ROT=1572

[21:54:13.197 CUBESAT]
TS=1786203519.910
PG_5=1
PG_9=0
PG_12=0
FLT_P2=0
FLT_P3=0
HEAT_1_TEMP=0.0
HEAT_1_DUTY=0
HEAT_1_SP=-20.0
ENC_RAW=2190
ENC_ANGLE=48.1201171875
ENC_ACCUM=902.74658203125
AUTO_STOP=1
MOTOR_ANGLE=0.004941860465116279
MOTOR_ACCUM=822.5630813953488
MOTOR_ROT=1572

[21:54:16.009 CUBESAT]
TS=1786203521.927
PG_5=1
PG_9=0
PG_12=0
FLT_P2=0
FLT_P3=0
HEAT_1_TEMP=0.0
HEAT_1_DUTY=0
HEAT_1_SP=-20.0
ENC_RAW=2185
ENC_ANGLE=48.01025390625
ENC_ACCUM=902.63671875
AUTO_STOP=1
MOTOR_ANGLE=0.004941860465116279
MOTOR_ACCUM=822.5630813953488
MOTOR_ROT=1572

[21:54:17.262 CUBESAT]
TS=1786203523.928
PG_5=1
PG_9=0
PG_12=0
FLT_P2=0
FLT_P3=0
HEAT_1_TEMP=0.0
HEAT_1_DUTY=0
HEAT_1_SP=-20.0
ENC_RAW=2187
ENC_ANGLE=48.05419921875
ENC_ACCUM=902.6806640625
AUTO_STOP=1
MOTOR_ANGLE=0.004941860465116279
MOTOR_ACCUM=822.5630813953488
MOTOR_ROT=1572

[21:54:18.370 CUBESAT]
TS=1786203525.931
PG_5=1
PG_9=0
PG_12=0
FLT_P2=0
FLT_P3=0
HEAT_1_TEMP=0.0
HEAT_1_DUTY=0
HEAT_1_SP=-20.0
ENC_RAW=2188
ENC_ANGLE=48.076171875
ENC_ACCUM=902.70263671875
AUTO_STOP=1
MOTOR_ANGLE=0.004941860465116279
MOTOR_ACCUM=822.5630813953488
MOTOR_ROT=1572

[21:54:20.761 CUBESAT]
TS=1786203527.931
PG_5=1
PG_9=0
PG_12=0
FLT_P2=0
FLT_P3=0
HEAT_1_TEMP=0.0
HEAT_1_DUTY=0
HEAT_1_SP=-20.0
ENC_RAW=2190
ENC_ANGLE=48.1201171875
ENC_ACCUM=902.74658203125
AUTO_STOP=1
MOTOR_ANGLE=0.004941860465116279
MOTOR_ACCUM=822.5630813953488
MOTOR_ROT=1572

[21:54:23.894 CUBESAT]
TS=1786203529.933
PG_5=1
PG_9=0
PG_12=0
FLT_P2=0
FLT_P3=0
HEAT_1_TEMP=0.0
HEAT_1_DUTY=10
HEAT_1_SP=-20.0
ENC_RAW=2188
ENC_ANGLE=48.076171875
ENC_ACCUM=902.70263671875
AUTO_STOP=1
MOTOR_ANGLE=0.004941860465116279
MOTOR_ACCUM=822.5630813953488
MOTOR_ROT=1572

[21:54:24.201 CUBESAT]
TS=1786203531.935
PG_5=1
PG_9=0
PG_12=0
FLT_P2=0
FLT_P3=0
HEAT_1_TEMP=0.0
HEAT_1_DUTY=0
HEAT_1_SP=-20.0
ENC_RAW=2187
ENC_ANGLE=48.05419921875
ENC_ACCUM=902.6806640625
AUTO_STOP=1
MOTOR_ANGLE=0.004941860465116279
MOTOR_ACCUM=822.5630813953488
MOTOR_ROT=1572

[21:54:26.175 CUBESAT]
TS=1786203533.937
PG_5=1
PG_9=0
PG_12=0
FLT_P2=0
FLT_P3=0
HEAT_1_TEMP=0.0
HEAT_1_DUTY=0
HEAT_1_SP=-20.0
ENC_RAW=2188
ENC_ANGLE=48.076171875
ENC_ACCUM=902.70263671875
AUTO_STOP=1
MOTOR_ANGLE=0.004941860465116279
MOTOR_ACCUM=822.5630813953488
MOTOR_ROT=1572

[21:54:28.335 CUBESAT]
TS=1786203535.940
PG_5=1
PG_9=0
PG_12=0
FLT_P2=0
FLT_P3=0
HEAT_1_TEMP=0.0
HEAT_1_DUTY=0
HEAT_1_SP=-20.0
ENC_RAW=2186
ENC_ANGLE=48.0322265625
ENC_ACCUM=902.65869140625
AUTO_STOP=1
MOTOR_ANGLE=0.004941860465116279
MOTOR_ACCUM=822.5630813953488
MOTOR_ROT=1572

[21:54:31.201 CUBESAT]
TS=1786203537.942
PG_5=1
PG_9=0
PG_12=0
FLT_P2=0
FLT_P3=0
HEAT_1_TEMP=0.0
HEAT_1_DUTY=0
HEAT_1_SP=-20.0
ENC_RAW=2190
ENC_ANGLE=48.1201171875
ENC_ACCUM=902.74658203125
AUTO_STOP=1
MOTOR_ANGLE=0.004941860465116279
MOTOR_ACCUM=822.5630813953488
MOTOR_ROT=1572

[21:54:33.488 CUBESAT]
TS=1786203539.944
PG_5=1
PG_9=0
PG_12=0
FLT_P2=0
FLT_P3=0
HEAT_1_TEMP=0.0
HEAT_1_DUTY=10
HEAT_1_SP=-20.0
ENC_RAW=2185
ENC_ANGLE=48.01025390625
ENC_ACCUM=902.63671875
AUTO_STOP=1
MOTOR_ANGLE=0.004941860465116279
MOTOR_ACCUM=822.5630813953488
MOTOR_ROT=1572

[21:54:34.855 CUBESAT]
TS=1786203541.946
PG_5=1
PG_9=0
PG_12=0
FLT_P2=0
FLT_P3=0
HEAT_1_TEMP=0.0
HEAT_1_DUTY=0
HEAT_1_SP=-20.0
ENC_RAW=2189
ENC_ANGLE=48.09814453125
ENC_ACCUM=902.724609375
AUTO_STOP=1
MOTOR_ANGLE=0.004941860465116279
MOTOR_ACCUM=822.5630813953488
MOTOR_ROT=1572

[21:54:36.402 CUBESAT]
TS=1786203543.949
PG_5=1
PG_9=0
PG_12=0
FLT_P2=0
FLT_P3=0
HEAT_1_TEMP=0.0
HEAT_1_DUTY=0
HEAT_1_SP=-20.0
ENC_RAW=2190
ENC_ANGLE=48.1201171875
ENC_ACCUM=902.74658203125
AUTO_STOP=1
MOTOR_ANGLE=0.004941860465116279
MOTOR_ACCUM=822.5630813953488
MOTOR_ROT=1572

[21:54:38.361 CUBESAT]
TS=1786203545.951
PG_5=1
PG_9=0
PG_12=0
FLT_P2=0
FLT_P3=0
HEAT_1_TEMP=0.0
HEAT_1_DUTY=0
HEAT_1_SP=-20.0
ENC_RAW=2188
ENC_ANGLE=48.076171875
ENC_ACCUM=902.70263671875
AUTO_STOP=1
MOTOR_ANGLE=0.004941860465116279
MOTOR_ACCUM=822.5630813953488
MOTOR_ROT=1572

[21:54:40.147 CUBESAT]
TS=1786203547.953
PG_5=1
PG_9=0
PG_12=0
FLT_P2=0
FLT_P3=0
HEAT_1_TEMP=0.0
HEAT_1_DUTY=0
HEAT_1_SP=-20.0
ENC_RAW=2189
ENC_ANGLE=48.09814453125
ENC_ACCUM=902.724609375
AUTO_STOP=1
MOTOR_ANGLE=0.004941860465116279
MOTOR_ACCUM=822.5630813953488
MOTOR_ROT=1572

[21:54:42.451 CUBESAT]
TS=1786203549.955
PG_5=1
PG_9=0
PG_12=0
FLT_P2=0
FLT_P3=0
HEAT_1_TEMP=0.0
HEAT_1_DUTY=10
HEAT_1_SP=-20.0
ENC_RAW=2188
ENC_ANGLE=48.076171875
ENC_ACCUM=902.70263671875
AUTO_STOP=1
MOTOR_ANGLE=0.004941860465116279
MOTOR_ACCUM=822.5630813953488
MOTOR_ROT=1572

[21:54:44.568 CUBESAT]
TS=1786203551.958
PG_5=1
PG_9=0
PG_12=0
FLT_P2=0
FLT_P3=0
HEAT_1_TEMP=0.0
HEAT_1_DUTY=0
HEAT_1_SP=-20.0
ENC_RAW=2188
ENC_ANGLE=48.076171875
ENC_ACCUM=902.70263671875
AUTO_STOP=1
MOTOR_ANGLE=0.004941860465116279
MOTOR_ACCUM=822.5630813953488
MOTOR_ROT=1572

[21:54:46.273 CUBESAT]
TS=1786203553.959
PG_5=1
PG_9=0
PG_12=0
FLT_P2=0
FLT_P3=0
HEAT_1_TEMP=0.0
HEAT_1_DUTY=0
HEAT_1_SP=-20.0
ENC_RAW=2187
ENC_ANGLE=48.05419921875
ENC_ACCUM=902.6806640625
AUTO_STOP=1
MOTOR_ANGLE=0.004941860465116279
MOTOR_ACCUM=822.5630813953488
MOTOR_ROT=1572

[21:54:48.369 CUBESAT]
TS=1786203555.959
PG_5=1
PG_9=0
PG_12=0
FLT_P2=0
FLT_P3=0
HEAT_1_TEMP=0.0
HEAT_1_DUTY=10
HEAT_1_SP=-20.0
ENC_RAW=2189
ENC_ANGLE=48.09814453125
ENC_ACCUM=902.724609375
AUTO_STOP=1
MOTOR_ANGLE=0.004941860465116279
MOTOR_ACCUM=822.5630813953488
MOTOR_ROT=1572

[21:54:51.334 CUBESAT]
TS=1786203557.961
PG_5=1
PG_9=0
PG_12=0
FLT_P2=0
FLT_P3=0
HEAT_1_TEMP=0.0
HEAT_1_DUTY=0
HEAT_1_SP=-20.0
ENC_RAW=2188
ENC_ANGLE=48.076171875
ENC_ACCUM=902.70263671875
AUTO_STOP=1
MOTOR_ANGLE=0.004941860465116279
MOTOR_ACCUM=822.5630813953488
MOTOR_ROT=1572

[21:54:52.499 CUBESAT]
TS=1786203559.963
PG_5=1
PG_9=0
PG_12=0
FLT_P2=0
FLT_P3=0
HEAT_1_TEMP=0.0
HEAT_1_DUTY=0
HEAT_1_SP=-20.0
ENC_RAW=2190
ENC_ANGLE=48.1201171875
ENC_ACCUM=902.74658203125
AUTO_STOP=1
MOTOR_ANGLE=0.004941860465116279
MOTOR_ACCUM=822.5630813953488
MOTOR_ROT=1572

[21:54:54.362 CUBESAT]
TS=1786203561.965
PG_5=1
PG_9=0
PG_12=0
FLT_P2=0
FLT_P3=0
HEAT_1_TEMP=0.0
HEAT_1_DUTY=0
HEAT_1_SP=-20.0
ENC_RAW=2187
ENC_ANGLE=48.05419921875
ENC_ACCUM=902.6806640625
AUTO_STOP=1
MOTOR_ANGLE=0.004941860465116279
MOTOR_ACCUM=822.5630813953488
MOTOR_ROT=1572

[21:54:56.875 CUBESAT]
TS=1786203563.966
PG_5=1
PG_9=0
PG_12=0
FLT_P2=0
FLT_P3=0
HEAT_1_TEMP=0.0
HEAT_1_DUTY=0
HEAT_1_SP=-20.0
ENC_RAW=2187
ENC_ANGLE=48.05419921875
ENC_ACCUM=902.6806640625
AUTO_STOP=1
MOTOR_ANGLE=0.004941860465116279
MOTOR_ACCUM=822.5630813953488
MOTOR_ROT=1572

[21:54:58.752 CUBESAT]
TS=1786203565.968
PG_5=1
PG_9=0
PG_12=0
FLT_P2=0
FLT_P3=0
HEAT_1_TEMP=0.0
HEAT_1_DUTY=10
HEAT_1_SP=-20.0
ENC_RAW=2187
ENC_ANGLE=48.05419921875
ENC_ACCUM=902.6806640625
AUTO_STOP=1
MOTOR_ANGLE=0.004941860465116279
MOTOR_ACCUM=822.5630813953488
MOTOR_ROT=1572

[21:55:00.312 CUBESAT]
TS=1786203567.971
PG_5=1
PG_9=0
PG_12=0
FLT_P2=0
FLT_P3=0
HEAT_1_TEMP=0.0
HEAT_1_DUTY=0
HEAT_1_SP=-20.0
ENC_RAW=2191
ENC_ANGLE=48.14208984375
ENC_ACCUM=902.7685546875
AUTO_STOP=1
MOTOR_ANGLE=0.004941860465116279
MOTOR_ACCUM=822.5630813953488
MOTOR_ROT=1572

[21:55:02.249 CUBESAT]
TS=1786203569.974
PG_5=1
PG_9=0
PG_12=0
FLT_P2=0
FLT_P3=0
HEAT_1_TEMP=0.0
HEAT_1_DUTY=0
HEAT_1_SP=-20.0
ENC_RAW=2190
ENC_ANGLE=48.1201171875
ENC_ACCUM=902.74658203125
AUTO_STOP=1
MOTOR_ANGLE=0.004941860465116279
MOTOR_ACCUM=822.5630813953488
MOTOR_ROT=1572

[21:55:04.470 CUBESAT]
TS=1786203571.977
PG_5=1
PG_9=0
PG_12=0
FLT_P2=0
FLT_P3=0
HEAT_1_TEMP=0.0
HEAT_1_DUTY=0
HEAT_1_SP=-20.0
ENC_RAW=2188
ENC_ANGLE=48.076171875
ENC_ACCUM=902.70263671875
AUTO_STOP=1
MOTOR_ANGLE=0.004941860465116279
MOTOR_ACCUM=822.5630813953488
MOTOR_ROT=1572

[21:55:07.461 CUBESAT]
TS=1786203573.979
PG_5=1
PG_9=0
PG_12=0
FLT_P2=0
FLT_P3=0
HEAT_1_TEMP=0.0
HEAT_1_DUTY=0
HEAT_1_SP=-20.0
ENC_RAW=2191
ENC_ANGLE=48.14208984375
ENC_ACCUM=902.7685546875
AUTO_STOP=1
MOTOR_ANGLE=0.004941860465116279
MOTOR_ACCUM=822.5630813953488
MOTOR_ROT=1572

[21:55:08.272 CUBESAT]
TS=1786203575.985
PG_5=1
PG_9=0
PG_12=0
FLT_P2=0
FLT_P3=0
HEAT_1_TEMP=0.0
HEAT_1_DUTY=10
HEAT_1_SP=-20.0
ENC_RAW=2188
ENC_ANGLE=48.076171875
ENC_ACCUM=902.70263671875
AUTO_STOP=1
MOTOR_ANGLE=0.004941860465116279
MOTOR_ACCUM=822.5630813953488
MOTOR_ROT=1572

[21:55:10.983 CUBESAT]
TS=1786203577.987
PG_5=1
PG_9=0
PG_12=0
FLT_P2=0
FLT_P3=0
HEAT_1_TEMP=0.0
HEAT_1_DUTY=0
HEAT_1_SP=-20.0
ENC_RAW=2188
ENC_ANGLE=48.076171875
ENC_ACCUM=902.70263671875
AUTO_STOP=1
MOTOR_ANGLE=0.004941860465116279
MOTOR_ACCUM=822.5630813953488
MOTOR_ROT=1572

[21:55:12.592 CUBESAT]
TS=1786203579.991
PG_5=1
PG_9=0
PG_12=0
FLT_P2=0
FLT_P3=0
HEAT_1_TEMP=0.0
HEAT_1_DUTY=0
HEAT_1_SP=-20.0
ENC_RAW=2187
ENC_ANGLE=48.05419921875
ENC_ACCUM=902.6806640625
AUTO_STOP=1
MOTOR_ANGLE=0.004941860465116279
MOTOR_ACCUM=822.5630813953488
MOTOR_ROT=1572

[21:55:15.181 CUBESAT]
TS=1786203581.992
PG_5=1
PG_9=0
PG_12=0
FLT_P2=0
FLT_P3=0
HEAT_1_TEMP=0.0
HEAT_1_DUTY=0
HEAT_1_SP=-20.0
ENC_RAW=2191
ENC_ANGLE=48.14208984375
ENC_ACCUM=902.7685546875
AUTO_STOP=1
MOTOR_ANGLE=0.004941860465116279
MOTOR_ACCUM=822.5630813953488
MOTOR_ROT=1572

[21:55:16.292 CUBESAT]
TS=1786203583.995
PG_5=1
PG_9=0
PG_12=0
FLT_P2=0
FLT_P3=0
HEAT_1_TEMP=0.0
HEAT_1_DUTY=0
HEAT_1_SP=-20.0
ENC_RAW=2187
ENC_ANGLE=48.05419921875
ENC_ACCUM=902.6806640625
AUTO_STOP=1
MOTOR_ANGLE=0.004941860465116279
MOTOR_ACCUM=822.5630813953488
MOTOR_ROT=1572

[21:55:28.569 CUBESAT]
TS=1786203586.002
PG_5=1
PG_9=0
PG_12=0
FLT_P2=0
FLT_P3=0
HEAT_1_TEMP=0.0
HEAT_1_DUTY=0
HEAT_1_SP=-20.0
ENC_RAW=2186
ENC_ANGLE=48.0322265625
ENC_ACCUM=902.65869140625
AUTO_STOP=1
MOTOR_ANGLE=0.004941860465116279
MOTOR_ACCUM=822.5630813953488
MOTOR_ROT=1572

[21:55:29.488 CUBESAT]
TS=1786203588.005
PG_5=1
PG_9=0
PG_12=0
FLT_P2=0
FLT_P3=0
HEAT_1_TEMP=0.0
HEAT_1_DUTY=0
HEAT_1_SP=-20.0
ENC_RAW=2188
ENC_ANGLE=48.076171875
ENC_ACCUM=902.70263671875
AUTO_STOP=1
MOTOR_ANGLE=0.004941860465116279
MOTOR_ACCUM=822.5630813953488
MOTOR_ROT=1572
TS=1786203590.008
PG_5=1
PG_9=0
PG_12=0
FLT_P2=0
FLT_P3=0
HEAT_1_TEMP=0.0
HEAT_1_DUTY=0
HEAT_1_SP=-20.0
ENC_RAW=2192
ENC_ANGLE=48.1640625
ENC_ACCUM=902.79052734375
AUTO_STOP=1
MOTOR_ANGLE=0.004941860465116279
MOTOR_ACCUM=822.5630813953488
MOTOR_ROT=1572
TS=1786203592.011
PG_5=1
PG_9=0
PG_12=0
FLT_P2=0
FLT_P3=0
HEAT_1_TEMP=0.0
HEAT_1_DUTY=10
HEAT_1_SP=-20.0
ENC_RAW=2186
ENC_ANGLE=48.0322265625
ENC_ACCUM=902.65869140625
AUTO_STOP=1
MOTOR_ANGLE=0.004941860465116279
MOTOR_ACCUM=822.5630813953488
MOTOR_ROT=1572
TS=1786203594.015
PG_5=1
PG_9=0
PG_12=0
FLT_P2=0
FLT_P3=0
HEAT_1_TEMP=0.0
HEAT_1_DUTY=0
HEAT_1_SP=-20.0
ENC_RAW=2190
ENC_ANGLE=48.1201171875
ENC_ACCUM=902.74658203125
AUTO_STOP=1
MOTOR_ANGLE=0.004941860465116279
MOTOR_ACCUM=822.5630813953488
MOTOR_ROT=1572
TS=1786203596.018
PG_5=1
PG_9=0
PG_12=0
FLT_P2=0
FLT_P3=0
HEAT_1_TEMP=0.0
HEAT_1_DUTY=0
HEAT_1_SP=-20.0
ENC_RAW=2190
ENC_ANGLE=48.1201171875
ENC_ACCUM=902.74658203125
AUTO_STOP=1
MOTOR_ANGLE=0.004941860465116279
MOTOR_ACCUM=822.5630813953488
MOTOR_ROT=1572

[21:55:32.213 CUBESAT]
TS=1786203598.021
PG_5=1
PG_9=0
PG_12=0
FLT_P2=0
FLT_P3=0
HEAT_1_TEMP=0.0
HEAT_1_DUTY=0
HEAT_1_SP=-20.0
ENC_RAW=2187
ENC_ANGLE=48.05419921875
ENC_ACCUM=902.6806640625
AUTO_STOP=1
MOTOR_ANGLE=0.004941860465116279
MOTOR_ACCUM=822.5630813953488
MOTOR_ROT=1572

[21:55:32.418 CUBESAT]
TS=1786203600.025
PG_5=1
PG_9=0
PG_12=0
FLT_P2=0
FLT_P3=0
HEAT_1_TEMP=0.0
HEAT_1_DUTY=0
HEAT_1_SP=-20.0
ENC_RAW=2188
ENC_ANGLE=48.076171875
ENC_ACCUM=902.70263671875
AUTO_STOP=1
MOTOR_ANGLE=0.004941860465116279
MOTOR_ACCUM=822.5630813953488
MOTOR_ROT=1572

[21:55:34.234 CUBESAT]
TS=1786203602.031
PG_5=1
PG_9=0
PG_12=0
FLT_P2=0
FLT_P3=0
HEAT_1_TEMP=0.0
HEAT_1_DUTY=10
HEAT_1_SP=-20.0
ENC_RAW=2189
ENC_ANGLE=48.09814453125
ENC_ACCUM=902.724609375
AUTO_STOP=1
MOTOR_ANGLE=0.004941860465116279
MOTOR_ACCUM=822.5630813953488
MOTOR_ROT=1572

[21:55:36.249 CUBESAT]
TS=1786203604.033
PG_5=1
PG_9=0
PG_12=0
FLT_P2=0
FLT_P3=0
HEAT_1_TEMP=0.0
HEAT_1_DUTY=0
HEAT_1_SP=-20.0
ENC_RAW=2188
ENC_ANGLE=48.076171875
ENC_ACCUM=902.70263671875
AUTO_STOP=1
MOTOR_ANGLE=0.004941860465116279
MOTOR_ACCUM=822.5630813953488
MOTOR_ROT=1572

[21:55:41.297 CUBESAT]
TS=1786203606.035
PG_5=1
PG_9=0
PG_12=0
FLT_P2=0
FLT_P3=0
HEAT_1_TEMP=0.0
HEAT_1_DUTY=0
HEAT_1_SP=-20.0
ENC_RAW=2188
ENC_ANGLE=48.076171875
ENC_ACCUM=902.70263671875
AUTO_STOP=1
MOTOR_ANGLE=0.004941860465116279
MOTOR_ACCUM=822.5630813953488
MOTOR_ROT=1572

[21:55:42.104 CUBESAT]
TS=1786203608.038
PG_5=1
PG_9=0
PG_12=0
FLT_P2=0
FLT_P3=0
HEAT_1_TEMP=0.0
HEAT_1_DUTY=0
HEAT_1_SP=-20.0
ENC_RAW=2188
ENC_ANGLE=48.076171875
ENC_ACCUM=902.70263671875
AUTO_STOP=1
MOTOR_ANGLE=0.004941860465116279
MOTOR_ACCUM=822.5630813953488
MOTOR_ROT=1572

[21:55:42.308 CUBESAT]
TS=1786203610.042
PG_5=1
PG_9=0
PG_12=0
FLT_P2=0
FLT_P3=0
HEAT_1_TEMP=0.0
HEAT_1_DUTY=0
HEAT_1_SP=-20.0
ENC_RAW=2189
ENC_ANGLE=48.09814453125
ENC_ACCUM=902.724609375
AUTO_STOP=1
MOTOR_ANGLE=0.004941860465116279
MOTOR_ACCUM=822.5630813953488
MOTOR_ROT=1572

[21:55:44.332 CUBESAT]
TS=1786203612.048
PG_5=1
PG_9=0
PG_12=0
FLT_P2=0
FLT_P3=0
HEAT_1_TEMP=0.0
HEAT_1_DUTY=10
HEAT_1_SP=-20.0
ENC_RAW=2188
ENC_ANGLE=48.076171875
ENC_ACCUM=902.70263671875
AUTO_STOP=1
MOTOR_ANGLE=0.004941860465116279
MOTOR_ACCUM=822.5630813953488
MOTOR_ROT=1572

[21:55:46.244 CUBESAT]
TS=1786203614.051
PG_5=1
PG_9=0
PG_12=0
FLT_P2=0
FLT_P3=0
HEAT_1_TEMP=0.0
HEAT_1_DUTY=0
HEAT_1_SP=-20.0
ENC_RAW=2187
ENC_ANGLE=48.05419921875
ENC_ACCUM=902.6806640625
AUTO_STOP=1
MOTOR_ANGLE=0.004941860465116279
MOTOR_ACCUM=822.5630813953488
MOTOR_ROT=1572

[21:55:48.258 CUBESAT]
TS=1786203616.054
PG_5=1
PG_9=0
PG_12=0
FLT_P2=0
FLT_P3=0
HEAT_1_TEMP=0.0
HEAT_1_DUTY=0
HEAT_1_SP=-20.0
ENC_RAW=2185
ENC_ANGLE=48.01025390625
ENC_ACCUM=902.63671875
AUTO_STOP=1
MOTOR_ANGLE=0.004941860465116279
MOTOR_ACCUM=822.5630813953488
MOTOR_ROT=1572

[21:55:50.273 CUBESAT]
TS=1786203618.058
PG_5=1
PG_9=0
PG_12=0
FLT_P2=0
FLT_P3=0
HEAT_1_TEMP=0.0
HEAT_1_DUTY=0
HEAT_1_SP=-20.0
ENC_RAW=2190
ENC_ANGLE=48.1201171875
ENC_ACCUM=902.74658203125
AUTO_STOP=1
MOTOR_ANGLE=0.004941860465116279
MOTOR_ACCUM=822.5630813953488
MOTOR_ROT=1572

[21:55:52.288 CUBESAT]
TS=1786203620.059
PG_5=1
PG_9=0
PG_12=0
FLT_P2=0
FLT_P3=0
HEAT_1_TEMP=0.0
HEAT_1_DUTY=0
HEAT_1_SP=-20.0
ENC_RAW=2187
ENC_ANGLE=48.05419921875
ENC_ACCUM=902.6806640625
AUTO_STOP=1
MOTOR_ANGLE=0.004941860465116279
MOTOR_ACCUM=822.5630813953488
MOTOR_ROT=1572

[21:55:54.803 CUBESAT]
TS=1786203622.065
PG_5=1
PG_9=0
PG_12=0
FLT_P2=0
FLT_P3=0
HEAT_1_TEMP=0.0
HEAT_1_DUTY=10
HEAT_1_SP=-20.0
ENC_RAW=2192
ENC_ANGLE=48.1640625
ENC_ACCUM=902.79052734375
AUTO_STOP=1
MOTOR_ANGLE=0.004941860465116279
MOTOR_ACCUM=822.5630813953488
MOTOR_ROT=1572

[21:55:56.313 CUBESAT]
TS=1786203624.071
PG_5=1
PG_9=0
PG_12=0
FLT_P2=0
FLT_P3=0
HEAT_1_TEMP=0.0
HEAT_1_DUTY=0
HEAT_1_SP=-20.0
ENC_RAW=2188
ENC_ANGLE=48.076171875
ENC_ACCUM=902.70263671875
AUTO_STOP=1
MOTOR_ANGLE=0.004941860465116279
MOTOR_ACCUM=822.5630813953488
MOTOR_ROT=1572

[21:55:58.327 CUBESAT]
TS=1786203626.074
PG_5=1
PG_9=0
PG_12=0
FLT_P2=0
FLT_P3=0
HEAT_1_TEMP=0.0
HEAT_1_DUTY=0
HEAT_1_SP=-20.0
ENC_RAW=2187
ENC_ANGLE=48.05419921875
ENC_ACCUM=902.6806640625
AUTO_STOP=1
MOTOR_ANGLE=0.004941860465116279
MOTOR_ACCUM=822.5630813953488
MOTOR_ROT=1572

[21:56:00.342 CUBESAT]
TS=1786203628.078
PG_5=1
PG_9=0
PG_12=0
FLT_P2=0
FLT_P3=0
HEAT_1_TEMP=0.0
HEAT_1_DUTY=0
HEAT_1_SP=-20.0
ENC_RAW=2188
ENC_ANGLE=48.076171875
ENC_ACCUM=902.70263671875
AUTO_STOP=1
MOTOR_ANGLE=0.004941860465116279
MOTOR_ACCUM=822.5630813953488
MOTOR_ROT=1572

