[21:56:47.416 EBOX]
TS=1786201906.640
V_SENSE5=0.84228515625
V_SENSE9=0.11474609375
V_SENSE12=0.1025390625
ADC_V5=4.8321533203125
ADC_V9=9.00054931640625
ADC_V12=11.54052734375
ADC_V28=27.81585693359375
THERMAL_SENS_OUT_1=31
THERMAL_SENS_OUT_2=-50
THERMAL_SENS_OUT_3=30
THERMAL_SENS_OUT_4=31
THERMAL_SENS_OUT_5=29
THERMAL_SENS_OUT_6=-50
THERMAL_SENS_INT_1=30
THERMAL_SENS_INT_2=31
PG_5=1
PG_9=0
PG_12=1
FLT_P2=0
FLT_P3=0
HEAT_1_TEMP=31
HEAT_1_DUTY=0
HEAT_1_SP=-20.0
HEAT_2_TEMP=30
HEAT_2_DUTY=0
HEAT_2_SP=-20.0
HEAT_3_TEMP=31
HEAT_3_DUTY=0
HEAT_3_SP=-20.0
HEAT_4_TEMP=29
HEAT_4_DUTY=0
HEAT_4_SP=-20.0

[21:56:49.330 EBOX]
TS=1786201908.628
V_SENSE5=0.90087890625
V_SENSE9=0.03662109375
V_SENSE12=0.09521484375
ADC_V5=4.82330322265625
ADC_V9=9.27490234375
ADC_V12=11.85028076171875
ADC_V28=28.25836181640625
THERMAL_SENS_OUT_1=25
THERMAL_SENS_OUT_2=-50
THERMAL_SENS_OUT_3=29
THERMAL_SENS_OUT_4=28
THERMAL_SENS_OUT_5=33
THERMAL_SENS_OUT_6=-50
THERMAL_SENS_INT_1=29
THERMAL_SENS_INT_2=30
PG_5=1
PG_9=0
PG_12=1
FLT_P2=0
FLT_P3=0
HEAT_1_TEMP=25
HEAT_1_DUTY=0
HEAT_1_SP=-20.0
HEAT_2_TEMP=29
HEAT_2_DUTY=0
HEAT_2_SP=-20.0
HEAT_3_TEMP=28
HEAT_3_DUTY=0
HEAT_3_SP=-20.0
HEAT_4_TEMP=33
HEAT_4_DUTY=0
HEAT_4_SP=-20.0

[21:56:51.378 EBOX]
TS=1786201910.628
V_SENSE5=0.90576171875
V_SENSE9=0.0341796875
V_SENSE12=0.1025390625
ADC_V5=4.96490478515625
ADC_V9=9.5758056640625
ADC_V12=11.97418212890625
ADC_V28=27.68310546875
THERMAL_SENS_OUT_1=26
THERMAL_SENS_OUT_2=-50
THERMAL_SENS_OUT_3=28
THERMAL_SENS_OUT_4=28
THERMAL_SENS_OUT_5=29
THERMAL_SENS_OUT_6=-50
THERMAL_SENS_INT_1=26
THERMAL_SENS_INT_2=31
PG_5=1
PG_9=0
PG_12=1
FLT_P2=0
FLT_P3=0
HEAT_1_TEMP=26
HEAT_1_DUTY=0
HEAT_1_SP=-20.0
HEAT_2_TEMP=28
HEAT_2_DUTY=0
HEAT_2_SP=-20.0
HEAT_3_TEMP=28
HEAT_3_DUTY=0
HEAT_3_SP=-20.0
HEAT_4_TEMP=29
HEAT_4_DUTY=0
HEAT_4_SP=-20.0

[21:56:53.402 EBOX]
TS=1786201912.630
V_SENSE5=0.9326171875
V_SENSE9=0.03662109375
V_SENSE12=0.10986328125
ADC_V5=4.82330322265625
ADC_V9=9.2926025390625
ADC_V12=11.65557861328125
ADC_V28=28.09906005859375
THERMAL_SENS_OUT_1=26
THERMAL_SENS_OUT_2=-50
THERMAL_SENS_OUT_3=24
THERMAL_SENS_OUT_4=28
THERMAL_SENS_OUT_5=31
THERMAL_SENS_OUT_6=-50
THERMAL_SENS_INT_1=24
THERMAL_SENS_INT_2=27
PG_5=1
PG_9=0
PG_12=1
FLT_P2=0
FLT_P3=0
HEAT_1_TEMP=26
HEAT_1_DUTY=0
HEAT_1_SP=-20.0
HEAT_2_TEMP=24
HEAT_2_DUTY=0
HEAT_2_SP=-20.0
HEAT_3_TEMP=28
HEAT_3_DUTY=0
HEAT_3_SP=-20.0
HEAT_4_TEMP=31
HEAT_4_DUTY=0
HEAT_4_SP=-20.0

[21:56:55.636 EBOX]
TS=1786201914.639
V_SENSE5=1.0546875
V_SENSE9=0.0390625
V_SENSE12=0.1171875
ADC_V5=5.0091552734375
ADC_V9=9.24835205078125
ADC_V12=12.02728271484375
ADC_V28=27.51495361328125
THERMAL_SENS_OUT_1=26
THERMAL_SENS_OUT_2=-50
THERMAL_SENS_OUT_3=26
THERMAL_SENS_OUT_4=32
THERMAL_SENS_OUT_5=34
THERMAL_SENS_OUT_6=-50
THERMAL_SENS_INT_1=30
THERMAL_SENS_INT_2=29
PG_5=1
PG_9=0
PG_12=1
FLT_P2=0
FLT_P3=0
HEAT_1_TEMP=26
HEAT_1_DUTY=0
HEAT_1_SP=-20.0
HEAT_2_TEMP=26
HEAT_2_DUTY=0
HEAT_2_SP=-20.0
HEAT_3_TEMP=32
HEAT_3_DUTY=0
HEAT_3_SP=-20.0
HEAT_4_TEMP=34
HEAT_4_DUTY=0
HEAT_4_SP=-20.0

[21:56:58.167 EBOX]
TS=1786201916.634
V_SENSE5=1.22802734375
V_SENSE9=0.0390625
V_SENSE12=0.12939453125
ADC_V5=4.849853515625
ADC_V9=9.21295166015625
ADC_V12=11.88568115234375
ADC_V28=27.74505615234375
THERMAL_SENS_OUT_1=30
THERMAL_SENS_OUT_2=-50
THERMAL_SENS_OUT_3=27
THERMAL_SENS_OUT_4=30
THERMAL_SENS_OUT_5=29
THERMAL_SENS_OUT_6=-50
THERMAL_SENS_INT_1=25
THERMAL_SENS_INT_2=30
PG_5=1
PG_9=0
PG_12=1
FLT_P2=0
FLT_P3=0
HEAT_1_TEMP=30
HEAT_1_DUTY=0
HEAT_1_SP=-20.0
HEAT_2_TEMP=27
HEAT_2_DUTY=0
HEAT_2_SP=-20.0
HEAT_3_TEMP=30
HEAT_3_DUTY=0
HEAT_3_SP=-20.0
HEAT_4_TEMP=29
HEAT_4_DUTY=0
HEAT_4_SP=-20.0

[21:57:00.620 EBOX]
TS=1786201918.636
V_SENSE5=1.14013671875
V_SENSE9=0.0390625
V_SENSE12=0.126953125
ADC_V5=4.8321533203125
ADC_V9=9.19525146484375
ADC_V12=11.5936279296875
ADC_V28=27.99285888671875
THERMAL_SENS_OUT_1=28
THERMAL_SENS_OUT_2=-50
THERMAL_SENS_OUT_3=26
THERMAL_SENS_OUT_4=30
THERMAL_SENS_OUT_5=31
THERMAL_SENS_OUT_6=-50
THERMAL_SENS_INT_1=29
THERMAL_SENS_INT_2=27
PG_5=1
PG_9=0
PG_12=1
FLT_P2=0
FLT_P3=0
HEAT_1_TEMP=28
HEAT_1_DUTY=0
HEAT_1_SP=-20.0
HEAT_2_TEMP=26
HEAT_2_DUTY=0
HEAT_2_SP=-20.0
HEAT_3_TEMP=30
HEAT_3_DUTY=0
HEAT_3_SP=-20.0
HEAT_4_TEMP=31
HEAT_4_DUTY=0
HEAT_4_SP=-20.0

[21:57:02.739 EBOX]
TS=1786201920.638
V_SENSE5=1.44775390625
V_SENSE9=0.0390625
V_SENSE12=0.126953125
ADC_V5=4.9029541015625
ADC_V9=9.13330078125
ADC_V12=11.79718017578125
ADC_V28=27.49725341796875
THERMAL_SENS_OUT_1=31
THERMAL_SENS_OUT_2=-50
THERMAL_SENS_OUT_3=28
THERMAL_SENS_OUT_4=26
THERMAL_SENS_OUT_5=33
THERMAL_SENS_OUT_6=-50
THERMAL_SENS_INT_1=30
THERMAL_SENS_INT_2=28
PG_5=1
PG_9=0
PG_12=1
FLT_P2=0
FLT_P3=0
HEAT_1_TEMP=31
HEAT_1_DUTY=0
HEAT_1_SP=-20.0
HEAT_2_TEMP=28
HEAT_2_DUTY=0
HEAT_2_SP=-20.0
HEAT_3_TEMP=26
HEAT_3_DUTY=0
HEAT_3_SP=-20.0
HEAT_4_TEMP=33
HEAT_4_DUTY=0
HEAT_4_SP=-20.0

[21:57:04.439 EBOX]
TS=1786201922.637
V_SENSE5=1.33056640625
V_SENSE9=0.0341796875
V_SENSE12=0.0927734375
ADC_V5=4.98260498046875
ADC_V9=8.814697265625
ADC_V12=11.76177978515625
ADC_V28=27.6123046875
THERMAL_SENS_OUT_1=27
THERMAL_SENS_OUT_2=-50
THERMAL_SENS_OUT_3=26
THERMAL_SENS_OUT_4=31
THERMAL_SENS_OUT_5=30
THERMAL_SENS_OUT_6=-50
THERMAL_SENS_INT_1=26
THERMAL_SENS_INT_2=26
PG_5=1
PG_9=0
PG_12=1
FLT_P2=0
FLT_P3=0
HEAT_1_TEMP=27
HEAT_1_DUTY=0
HEAT_1_SP=-20.0
HEAT_2_TEMP=26
HEAT_2_DUTY=0
HEAT_2_SP=-20.0
HEAT_3_TEMP=31
HEAT_3_DUTY=0
HEAT_3_SP=-20.0
HEAT_4_TEMP=30
HEAT_4_DUTY=0
HEAT_4_SP=-20.0

[21:57:06.278 EBOX]
TS=1786201924.639
V_SENSE5=1.1376953125
V_SENSE9=0.0341796875
V_SENSE12=0.0927734375
ADC_V5=4.9383544921875
ADC_V9=8.89434814453125
ADC_V12=11.99188232421875
ADC_V28=27.92205810546875
THERMAL_SENS_OUT_1=31
THERMAL_SENS_OUT_2=-50
THERMAL_SENS_OUT_3=27
THERMAL_SENS_OUT_4=31
THERMAL_SENS_OUT_5=33
THERMAL_SENS_OUT_6=-50
THERMAL_SENS_INT_1=31
THERMAL_SENS_INT_2=29
PG_5=1
PG_9=0
PG_12=1
FLT_P2=0
FLT_P3=0
HEAT_1_TEMP=31
HEAT_1_DUTY=0
HEAT_1_SP=-20.0
HEAT_2_TEMP=27
HEAT_2_DUTY=0
HEAT_2_SP=-20.0
HEAT_3_TEMP=31
HEAT_3_DUTY=0
HEAT_3_SP=-20.0
HEAT_4_TEMP=33
HEAT_4_DUTY=0
HEAT_4_SP=-20.0

[21:57:08.899 EBOX]
TS=1786201926.641
V_SENSE5=1.31591796875
V_SENSE9=0.03173828125
V_SENSE12=0.10009765625
ADC_V5=4.94720458984375
ADC_V9=8.96514892578125
ADC_V12=11.76177978515625
ADC_V28=27.67425537109375
THERMAL_SENS_OUT_1=26
THERMAL_SENS_OUT_2=-50
THERMAL_SENS_OUT_3=30
THERMAL_SENS_OUT_4=28
THERMAL_SENS_OUT_5=32
THERMAL_SENS_OUT_6=-50
THERMAL_SENS_INT_1=26
THERMAL_SENS_INT_2=31
PG_5=1
PG_9=0
PG_12=1
FLT_P2=0
FLT_P3=0
HEAT_1_TEMP=26
HEAT_1_DUTY=0
HEAT_1_SP=-20.0
HEAT_2_TEMP=30
HEAT_2_DUTY=0
HEAT_2_SP=-20.0
HEAT_3_TEMP=28
HEAT_3_DUTY=0
HEAT_3_SP=-20.0
HEAT_4_TEMP=32
HEAT_4_DUTY=0
HEAT_4_SP=-20.0

[21:57:09.609 EBOX]
TS=1786201928.646
V_SENSE5=1.14990234375
V_SENSE9=0.0390625
V_SENSE12=0.1123046875
ADC_V5=5.00030517578125
ADC_V9=9.19525146484375
ADC_V12=11.54937744140625
ADC_V28=27.33795166015625
THERMAL_SENS_OUT_1=28
THERMAL_SENS_OUT_2=-50
THERMAL_SENS_OUT_3=26
THERMAL_SENS_OUT_4=26
THERMAL_SENS_OUT_5=29
THERMAL_SENS_OUT_6=-50
THERMAL_SENS_INT_1=25
THERMAL_SENS_INT_2=25
PG_5=1
PG_9=0
PG_12=1
FLT_P2=0
FLT_P3=0
HEAT_1_TEMP=28
HEAT_1_DUTY=0
HEAT_1_SP=-20.0
HEAT_2_TEMP=26
HEAT_2_DUTY=0
HEAT_2_SP=-20.0
HEAT_3_TEMP=26
HEAT_3_DUTY=0
HEAT_3_SP=-20.0
HEAT_4_TEMP=29
HEAT_4_DUTY=0
HEAT_4_SP=-20.0

[21:57:12.059 EBOX]
TS=1786201930.655
V_SENSE5=1.103515625
V_SENSE9=0.0341796875
V_SENSE12=0.1123046875
ADC_V5=4.80560302734375
ADC_V9=9.33685302734375
ADC_V12=11.575927734375
ADC_V28=28.0902099609375
THERMAL_SENS_OUT_1=28
THERMAL_SENS_OUT_2=-50
THERMAL_SENS_OUT_3=30
THERMAL_SENS_OUT_4=29
THERMAL_SENS_OUT_5=29
THERMAL_SENS_OUT_6=-50
THERMAL_SENS_INT_1=25
THERMAL_SENS_INT_2=28
PG_5=1
PG_9=0
PG_12=1
FLT_P2=0
FLT_P3=0
HEAT_1_TEMP=28
HEAT_1_DUTY=0
HEAT_1_SP=-20.0
HEAT_2_TEMP=30
HEAT_2_DUTY=0
HEAT_2_SP=-20.0
HEAT_3_TEMP=29
HEAT_3_DUTY=0
HEAT_3_SP=-20.0
HEAT_4_TEMP=29
HEAT_4_DUTY=0
HEAT_4_SP=-20.0

[21:57:14.478 EBOX]
TS=1786201932.647
V_SENSE5=1.09619140625
V_SENSE9=0.0341796875
V_SENSE12=0.15380859375
ADC_V5=4.920654296875
ADC_V9=9.345703125
ADC_V12=11.51397705078125
ADC_V28=27.8070068359375
THERMAL_SENS_OUT_1=25
THERMAL_SENS_OUT_2=-50
THERMAL_SENS_OUT_3=27
THERMAL_SENS_OUT_4=27
THERMAL_SENS_OUT_5=32
THERMAL_SENS_OUT_6=-50
THERMAL_SENS_INT_1=30
THERMAL_SENS_INT_2=29
PG_5=1
PG_9=0
PG_12=1
FLT_P2=0
FLT_P3=0
HEAT_1_TEMP=25
HEAT_1_DUTY=0
HEAT_1_SP=-20.0
HEAT_2_TEMP=27
HEAT_2_DUTY=0
HEAT_2_SP=-20.0
HEAT_3_TEMP=27
HEAT_3_DUTY=0
HEAT_3_SP=-20.0
HEAT_4_TEMP=32
HEAT_4_DUTY=0
HEAT_4_SP=-20.0

[21:57:16.795 EBOX]
TS=1786201934.650
V_SENSE5=1.25
V_SENSE9=0.0341796875
V_SENSE12=0.10986328125
ADC_V5=4.96490478515625
ADC_V9=9.19525146484375
ADC_V12=11.8060302734375
ADC_V28=28.1964111328125
THERMAL_SENS_OUT_1=31
THERMAL_SENS_OUT_2=-50
THERMAL_SENS_OUT_3=28
THERMAL_SENS_OUT_4=25
THERMAL_SENS_OUT_5=30
THERMAL_SENS_OUT_6=-50
THERMAL_SENS_INT_1=29
THERMAL_SENS_INT_2=28
PG_5=1
PG_9=0
PG_12=1
FLT_P2=0
FLT_P3=0
HEAT_1_TEMP=31
HEAT_1_DUTY=0
HEAT_1_SP=-20.0
HEAT_2_TEMP=28
HEAT_2_DUTY=0
HEAT_2_SP=-20.0
HEAT_3_TEMP=25
HEAT_3_DUTY=0
HEAT_3_SP=-20.0
HEAT_4_TEMP=30
HEAT_4_DUTY=0
HEAT_4_SP=-20.0

[21:57:18.712 EBOX]
TS=1786201936.654
V_SENSE5=1.1767578125
V_SENSE9=0.03662109375
V_SENSE12=0.10498046875
ADC_V5=4.96490478515625
ADC_V9=9.0093994140625
ADC_V12=11.611328125
ADC_V28=27.5946044921875
THERMAL_SENS_OUT_1=26
THERMAL_SENS_OUT_2=-50
THERMAL_SENS_OUT_3=30
THERMAL_SENS_OUT_4=27
THERMAL_SENS_OUT_5=30
THERMAL_SENS_OUT_6=-50
THERMAL_SENS_INT_1=25
THERMAL_SENS_INT_2=31
PG_5=1
PG_9=0
PG_12=1
FLT_P2=0
FLT_P3=0
HEAT_1_TEMP=26
HEAT_1_DUTY=0
HEAT_1_SP=-20.0
HEAT_2_TEMP=30
HEAT_2_DUTY=0
HEAT_2_SP=-20.0
HEAT_3_TEMP=27
HEAT_3_DUTY=0
HEAT_3_SP=-20.0
HEAT_4_TEMP=30
HEAT_4_DUTY=0
HEAT_4_SP=-20.0

[21:57:20.596 EBOX]
TS=1786201938.654
V_SENSE5=1.142578125
V_SENSE9=0.05615234375
V_SENSE12=0.15380859375
ADC_V5=4.920654296875
ADC_V9=8.9031982421875
ADC_V12=11.53167724609375
ADC_V28=27.930908203125
THERMAL_SENS_OUT_1=25
THERMAL_SENS_OUT_2=-50
THERMAL_SENS_OUT_3=29
THERMAL_SENS_OUT_4=27
THERMAL_SENS_OUT_5=33
THERMAL_SENS_OUT_6=-50
THERMAL_SENS_INT_1=25
THERMAL_SENS_INT_2=27
PG_5=1
PG_9=0
PG_12=1
FLT_P2=0
FLT_P3=0
HEAT_1_TEMP=25
HEAT_1_DUTY=0
HEAT_1_SP=-20.0
HEAT_2_TEMP=29
HEAT_2_DUTY=0
HEAT_2_SP=-20.0
HEAT_3_TEMP=27
HEAT_3_DUTY=0
HEAT_3_SP=-20.0
HEAT_4_TEMP=33
HEAT_4_DUTY=0
HEAT_4_SP=-20.0

[21:57:22.111 EBOX]
TS=1786201940.656
V_SENSE5=1.1669921875
V_SENSE9=0.0390625
V_SENSE12=0.11962890625
ADC_V5=5.0091552734375
ADC_V9=9.451904296875
ADC_V12=11.79718017578125
ADC_V28=28.08135986328125
THERMAL_SENS_OUT_1=28
THERMAL_SENS_OUT_2=-50
THERMAL_SENS_OUT_3=30
THERMAL_SENS_OUT_4=25
THERMAL_SENS_OUT_5=29
THERMAL_SENS_OUT_6=-50
THERMAL_SENS_INT_1=25
THERMAL_SENS_INT_2=28
PG_5=1
PG_9=0
PG_12=1
FLT_P2=0
FLT_P3=0
HEAT_1_TEMP=28
HEAT_1_DUTY=0
HEAT_1_SP=-20.0
HEAT_2_TEMP=30
HEAT_2_DUTY=0
HEAT_2_SP=-20.0
HEAT_3_TEMP=25
HEAT_3_DUTY=0
HEAT_3_SP=-20.0
HEAT_4_TEMP=29
HEAT_4_DUTY=0
HEAT_4_SP=-20.0

[21:57:23.933 EBOX]
TS=1786201942.656
V_SENSE5=1.17431640625
V_SENSE9=0.0390625
V_SENSE12=0.1123046875
ADC_V5=4.92950439453125
ADC_V9=9.381103515625
ADC_V12=11.86798095703125
ADC_V28=27.44415283203125
THERMAL_SENS_OUT_1=26
THERMAL_SENS_OUT_2=-50
THERMAL_SENS_OUT_3=29
THERMAL_SENS_OUT_4=26
THERMAL_SENS_OUT_5=31
THERMAL_SENS_OUT_6=-50
THERMAL_SENS_INT_1=24
THERMAL_SENS_INT_2=28
PG_5=1
PG_9=0
PG_12=1
FLT_P2=0
FLT_P3=0
HEAT_1_TEMP=26
HEAT_1_DUTY=0
HEAT_1_SP=-20.0
HEAT_2_TEMP=29
HEAT_2_DUTY=0
HEAT_2_SP=-20.0
HEAT_3_TEMP=26
HEAT_3_DUTY=0
HEAT_3_SP=-20.0
HEAT_4_TEMP=31
HEAT_4_DUTY=0
HEAT_4_SP=-20.0

[21:57:28.573 EBOX]
TS=1786201944.674
V_SENSE5=1.11328125
V_SENSE9=0.0390625
V_SENSE12=0.12939453125
ADC_V5=5.01800537109375
ADC_V9=9.33685302734375
ADC_V12=11.79718017578125
ADC_V28=27.81585693359375
THERMAL_SENS_OUT_1=32
THERMAL_SENS_OUT_2=-50
THERMAL_SENS_OUT_3=24
THERMAL_SENS_OUT_4=31
THERMAL_SENS_OUT_5=35
THERMAL_SENS_OUT_6=-50
THERMAL_SENS_INT_1=31
THERMAL_SENS_INT_2=30
PG_5=1
PG_9=0
PG_12=1
FLT_P2=0
FLT_P3=0
HEAT_1_TEMP=32
HEAT_1_DUTY=0
HEAT_1_SP=-20.0
HEAT_2_TEMP=24
HEAT_2_DUTY=0
HEAT_2_SP=-20.0
HEAT_3_TEMP=31
HEAT_3_DUTY=0
HEAT_3_SP=-20.0
HEAT_4_TEMP=35
HEAT_4_DUTY=0
HEAT_4_SP=-20.0
TS=1786201946.660
V_SENSE5=1.15478515625
V_SENSE9=0.0341796875
V_SENSE12=0.1220703125
ADC_V5=4.88525390625
ADC_V9=9.027099609375
ADC_V12=11.82373046875
ADC_V28=27.21405029296875
THERMAL_SENS_OUT_1=27
THERMAL_SENS_OUT_2=-50
THERMAL_SENS_OUT_3=26
THERMAL_SENS_OUT_4=30
THERMAL_SENS_OUT_5=30
THERMAL_SENS_OUT_6=-50
THERMAL_SENS_INT_1=24
THERMAL_SENS_INT_2=29
PG_5=1
PG_9=0
PG_12=1
FLT_P2=0
FLT_P3=0
HEAT_1_TEMP=27
HEAT_1_DUTY=0
HEAT_1_SP=-20.0
HEAT_2_TEMP=26
HEAT_2_DUTY=0
HEAT_2_SP=-20.0
HEAT_3_TEMP=30
HEAT_3_DUTY=0
HEAT_3_SP=-20.0
HEAT_4_TEMP=30
HEAT_4_DUTY=0
HEAT_4_SP=-20.0

[21:57:31.670 EBOX]
TS=1786201948.660
V_SENSE5=1.1328125
V_SENSE9=0.03662109375
V_SENSE12=0.10009765625
ADC_V5=4.8675537109375
ADC_V9=9.239501953125
ADC_V12=11.58477783203125
ADC_V28=27.95745849609375
THERMAL_SENS_OUT_1=31
THERMAL_SENS_OUT_2=-50
THERMAL_SENS_OUT_3=30
THERMAL_SENS_OUT_4=28
THERMAL_SENS_OUT_5=31
THERMAL_SENS_OUT_6=-50
THERMAL_SENS_INT_1=27
THERMAL_SENS_INT_2=28
PG_5=1
PG_9=0
PG_12=1
FLT_P2=0
FLT_P3=0
HEAT_1_TEMP=31
HEAT_1_DUTY=0
HEAT_1_SP=-20.0
HEAT_2_TEMP=30
HEAT_2_DUTY=0
HEAT_2_SP=-20.0
HEAT_3_TEMP=28
HEAT_3_DUTY=0
HEAT_3_SP=-20.0
HEAT_4_TEMP=31
HEAT_4_DUTY=0
HEAT_4_SP=-20.0

[21:57:32.179 EBOX]
TS=1786201950.664
V_SENSE5=1.24267578125
V_SENSE9=0.0390625
V_SENSE12=0.1123046875
ADC_V5=4.920654296875
ADC_V9=8.98284912109375
ADC_V12=11.56707763671875
ADC_V28=27.95745849609375
THERMAL_SENS_OUT_1=30
THERMAL_SENS_OUT_2=-50
THERMAL_SENS_OUT_3=27
THERMAL_SENS_OUT_4=25
THERMAL_SENS_OUT_5=30
THERMAL_SENS_OUT_6=-50
THERMAL_SENS_INT_1=24
THERMAL_SENS_INT_2=30
PG_5=1
PG_9=0
PG_12=1
FLT_P2=0
FLT_P3=0
HEAT_1_TEMP=30
HEAT_1_DUTY=0
HEAT_1_SP=-20.0
HEAT_2_TEMP=27
HEAT_2_DUTY=0
HEAT_2_SP=-20.0
HEAT_3_TEMP=25
HEAT_3_DUTY=0
HEAT_3_SP=-20.0
HEAT_4_TEMP=30
HEAT_4_DUTY=0
HEAT_4_SP=-20.0

[21:57:33.734 EBOX]
TS=1786201952.663
V_SENSE5=1.12548828125
V_SENSE9=0.03662109375
V_SENSE12=0.1025390625
ADC_V5=4.9737548828125
ADC_V9=8.8323974609375
ADC_V12=11.79718017578125
ADC_V28=27.67425537109375
THERMAL_SENS_OUT_1=28
THERMAL_SENS_OUT_2=-50
THERMAL_SENS_OUT_3=27
THERMAL_SENS_OUT_4=26
THERMAL_SENS_OUT_5=35
THERMAL_SENS_OUT_6=-50
THERMAL_SENS_INT_1=24
THERMAL_SENS_INT_2=29
PG_5=1
PG_9=0
PG_12=1
FLT_P2=0
FLT_P3=0
HEAT_1_TEMP=28
HEAT_1_DUTY=0
HEAT_1_SP=-20.0
HEAT_2_TEMP=27
HEAT_2_DUTY=0
HEAT_2_SP=-20.0
HEAT_3_TEMP=26
HEAT_3_DUTY=0
HEAT_3_SP=-20.0
HEAT_4_TEMP=35
HEAT_4_DUTY=0
HEAT_4_SP=-20.0

[21:57:35.551 EBOX]
TS=1786201954.668
V_SENSE5=1.21826171875
V_SENSE9=0.0341796875
V_SENSE12=0.126953125
ADC_V5=4.920654296875
ADC_V9=8.9031982421875
ADC_V12=11.92108154296875
ADC_V28=27.9840087890625
THERMAL_SENS_OUT_1=28
THERMAL_SENS_OUT_2=-50
THERMAL_SENS_OUT_3=29
THERMAL_SENS_OUT_4=26
THERMAL_SENS_OUT_5=31
THERMAL_SENS_OUT_6=-50
THERMAL_SENS_INT_1=30
THERMAL_SENS_INT_2=28
PG_5=1
PG_9=0
PG_12=1
FLT_P2=0
FLT_P3=0
HEAT_1_TEMP=28
HEAT_1_DUTY=0
HEAT_1_SP=-20.0
HEAT_2_TEMP=29
HEAT_2_DUTY=0
HEAT_2_SP=-20.0
HEAT_3_TEMP=26
HEAT_3_DUTY=0
HEAT_3_SP=-20.0
HEAT_4_TEMP=31
HEAT_4_DUTY=0
HEAT_4_SP=-20.0

[21:57:41.461 EBOX]
TS=1786201956.669
V_SENSE5=1.14013671875
V_SENSE9=0.05126953125
V_SENSE12=0.1318359375
ADC_V5=5.0091552734375
ADC_V9=9.5758056640625
ADC_V12=11.788330078125
ADC_V28=27.46185302734375
THERMAL_SENS_OUT_1=28
THERMAL_SENS_OUT_2=-50
THERMAL_SENS_OUT_3=26
THERMAL_SENS_OUT_4=31
THERMAL_SENS_OUT_5=29
THERMAL_SENS_OUT_6=-50
THERMAL_SENS_INT_1=27
THERMAL_SENS_INT_2=31
PG_5=1
PG_9=0
PG_12=1
FLT_P2=0
FLT_P3=0
HEAT_1_TEMP=28
HEAT_1_DUTY=0
HEAT_1_SP=-20.0
HEAT_2_TEMP=26
HEAT_2_DUTY=0
HEAT_2_SP=-20.0
HEAT_3_TEMP=31
HEAT_3_DUTY=0
HEAT_3_SP=-20.0
HEAT_4_TEMP=29
HEAT_4_DUTY=0
HEAT_4_SP=-20.0

[21:57:42.181 EBOX]
TS=1786201958.681
V_SENSE5=1.2744140625
V_SENSE9=0.03662109375
V_SENSE12=0.15380859375
ADC_V5=4.8675537109375
ADC_V9=9.3988037109375
ADC_V12=11.47857666015625
ADC_V28=28.16986083984375
THERMAL_SENS_OUT_1=29
THERMAL_SENS_OUT_2=-50
THERMAL_SENS_OUT_3=28
THERMAL_SENS_OUT_4=29
THERMAL_SENS_OUT_5=32
THERMAL_SENS_OUT_6=-50
THERMAL_SENS_INT_1=30
THERMAL_SENS_INT_2=30
PG_5=1
PG_9=0
PG_12=1
FLT_P2=0
FLT_P3=0
HEAT_1_TEMP=29
HEAT_1_DUTY=0
HEAT_1_SP=-20.0
HEAT_2_TEMP=28
HEAT_2_DUTY=0
HEAT_2_SP=-20.0
HEAT_3_TEMP=29
HEAT_3_DUTY=0
HEAT_3_SP=-20.0
HEAT_4_TEMP=32
HEAT_4_DUTY=0
HEAT_4_SP=-20.0
TS=1786201960.671
V_SENSE5=1.21337890625
V_SENSE9=0.0341796875
V_SENSE12=0.10498046875
ADC_V5=4.94720458984375
ADC_V9=9.3634033203125
ADC_V12=11.54052734375
ADC_V28=27.83355712890625
THERMAL_SENS_OUT_1=27
THERMAL_SENS_OUT_2=-50
THERMAL_SENS_OUT_3=26
THERMAL_SENS_OUT_4=30
THERMAL_SENS_OUT_5=35
THERMAL_SENS_OUT_6=-50
THERMAL_SENS_INT_1=24
THERMAL_SENS_INT_2=26
PG_5=1
PG_9=0
PG_12=1
FLT_P2=0
FLT_P3=0
HEAT_1_TEMP=27
HEAT_1_DUTY=0
HEAT_1_SP=-20.0
HEAT_2_TEMP=26
HEAT_2_DUTY=0
HEAT_2_SP=-20.0
HEAT_3_TEMP=30
HEAT_3_DUTY=0
HEAT_3_SP=-20.0
HEAT_4_TEMP=35
HEAT_4_DUTY=0
HEAT_4_SP=-20.0

[21:57:43.600 EBOX]
TS=1786201962.672
V_SENSE5=1.1328125
V_SENSE9=0.03662109375
V_SENSE12=0.10498046875
ADC_V5=4.98260498046875
ADC_V9=9.2572021484375
ADC_V12=11.86798095703125
ADC_V28=28.0902099609375
THERMAL_SENS_OUT_1=28
THERMAL_SENS_OUT_2=-50
THERMAL_SENS_OUT_3=29
THERMAL_SENS_OUT_4=26
THERMAL_SENS_OUT_5=33
THERMAL_SENS_OUT_6=-50
THERMAL_SENS_INT_1=24
THERMAL_SENS_INT_2=26
PG_5=1
PG_9=0
PG_12=1
FLT_P2=0
FLT_P3=0
HEAT_1_TEMP=28
HEAT_1_DUTY=0
HEAT_1_SP=-20.0
HEAT_2_TEMP=29
HEAT_2_DUTY=0
HEAT_2_SP=-20.0
HEAT_3_TEMP=26
HEAT_3_DUTY=0
HEAT_3_SP=-20.0
HEAT_4_TEMP=33
HEAT_4_DUTY=0
HEAT_4_SP=-20.0

[21:57:45.418 EBOX]
TS=1786201964.677
V_SENSE5=1.33544921875
V_SENSE9=0.0341796875
V_SENSE12=0.09765625
ADC_V5=4.9383544921875
ADC_V9=8.9385986328125
ADC_V12=11.7352294921875
ADC_V28=28.22296142578125
THERMAL_SENS_OUT_1=27
THERMAL_SENS_OUT_2=-50
THERMAL_SENS_OUT_3=26
THERMAL_SENS_OUT_4=31
THERMAL_SENS_OUT_5=32
THERMAL_SENS_OUT_6=-50
THERMAL_SENS_INT_1=29
THERMAL_SENS_INT_2=27
PG_5=1
PG_9=0
PG_12=1
FLT_P2=0
FLT_P3=0
HEAT_1_TEMP=27
HEAT_1_DUTY=0
HEAT_1_SP=-20.0
HEAT_2_TEMP=26
HEAT_2_DUTY=0
HEAT_2_SP=-20.0
HEAT_3_TEMP=31
HEAT_3_DUTY=0
HEAT_3_SP=-20.0
HEAT_4_TEMP=32
HEAT_4_DUTY=0
HEAT_4_SP=-20.0

[21:57:47.550 EBOX]
TS=1786201966.676
V_SENSE5=1.11328125
V_SENSE9=0.0390625
V_SENSE12=0.11474609375
ADC_V5=4.84100341796875
ADC_V9=8.9031982421875
ADC_V12=11.8060302734375
ADC_V28=27.51495361328125
THERMAL_SENS_OUT_1=32
THERMAL_SENS_OUT_2=-50
THERMAL_SENS_OUT_3=30
THERMAL_SENS_OUT_4=28
THERMAL_SENS_OUT_5=35
THERMAL_SENS_OUT_6=-50
THERMAL_SENS_INT_1=24
THERMAL_SENS_INT_2=26
PG_5=1
PG_9=0
PG_12=1
FLT_P2=0
FLT_P3=0
HEAT_1_TEMP=32
HEAT_1_DUTY=0
HEAT_1_SP=-20.0
HEAT_2_TEMP=30
HEAT_2_DUTY=0
HEAT_2_SP=-20.0
HEAT_3_TEMP=28
HEAT_3_DUTY=0
HEAT_3_SP=-20.0
HEAT_4_TEMP=35
HEAT_4_DUTY=0
HEAT_4_SP=-20.0

[21:57:49.470 EBOX]
TS=1786201968.680
V_SENSE5=1.09619140625
V_SENSE9=0.03662109375
V_SENSE12=0.12939453125
ADC_V5=4.88525390625
ADC_V9=9.42535400390625
ADC_V12=11.7706298828125
ADC_V28=27.81585693359375
THERMAL_SENS_OUT_1=27
THERMAL_SENS_OUT_2=-50
THERMAL_SENS_OUT_3=29
THERMAL_SENS_OUT_4=26
THERMAL_SENS_OUT_5=34
THERMAL_SENS_OUT_6=-50
THERMAL_SENS_INT_1=28
THERMAL_SENS_INT_2=26
PG_5=1
PG_9=0
PG_12=1
FLT_P2=0
FLT_P3=0
HEAT_1_TEMP=27
HEAT_1_DUTY=0
HEAT_1_SP=-20.0
HEAT_2_TEMP=29
HEAT_2_DUTY=0
HEAT_2_SP=-20.0
HEAT_3_TEMP=26
HEAT_3_DUTY=0
HEAT_3_SP=-20.0
HEAT_4_TEMP=34
HEAT_4_DUTY=0
HEAT_4_SP=-20.0

[21:57:51.930 EBOX]
TS=1786201970.683
V_SENSE5=1.14501953125
V_SENSE9=0.0390625
V_SENSE12=0.09765625
ADC_V5=4.91180419921875
ADC_V9=9.3280029296875
ADC_V12=11.6998291015625
ADC_V28=27.95745849609375
THERMAL_SENS_OUT_1=29
THERMAL_SENS_OUT_2=-50
THERMAL_SENS_OUT_3=27
THERMAL_SENS_OUT_4=30
THERMAL_SENS_OUT_5=32
THERMAL_SENS_OUT_6=-50
THERMAL_SENS_INT_1=24
THERMAL_SENS_INT_2=26
PG_5=1
PG_9=0
PG_12=1
FLT_P2=0
FLT_P3=0
HEAT_1_TEMP=29
HEAT_1_DUTY=0
HEAT_1_SP=-20.0
HEAT_2_TEMP=27
HEAT_2_DUTY=0
HEAT_2_SP=-20.0
HEAT_3_TEMP=30
HEAT_3_DUTY=0
HEAT_3_SP=-20.0
HEAT_4_TEMP=32
HEAT_4_DUTY=0
HEAT_4_SP=-20.0

[21:57:53.649 EBOX]
TS=1786201972.684
V_SENSE5=1.14501953125
V_SENSE9=0.0390625
V_SENSE12=0.1220703125
ADC_V5=4.98260498046875
ADC_V9=9.310302734375
ADC_V12=11.7352294921875
ADC_V28=27.83355712890625
THERMAL_SENS_OUT_1=31
THERMAL_SENS_OUT_2=-50
THERMAL_SENS_OUT_3=25
THERMAL_SENS_OUT_4=27
THERMAL_SENS_OUT_5=36
THERMAL_SENS_OUT_6=-50
THERMAL_SENS_INT_1=27
THERMAL_SENS_INT_2=26
PG_5=1
PG_9=0
PG_12=1
FLT_P2=0
FLT_P3=0
HEAT_1_TEMP=31
HEAT_1_DUTY=0
HEAT_1_SP=-20.0
HEAT_2_TEMP=25
HEAT_2_DUTY=0
HEAT_2_SP=-20.0
HEAT_3_TEMP=27
HEAT_3_DUTY=0
HEAT_3_SP=-20.0
HEAT_4_TEMP=36
HEAT_4_DUTY=0
HEAT_4_SP=-20.0

[21:57:55.668 EBOX]
TS=1786201974.687
V_SENSE5=1.38671875
V_SENSE9=0.03662109375
V_SENSE12=0.09033203125
ADC_V5=4.9029541015625
ADC_V9=9.1510009765625
ADC_V12=11.7706298828125
ADC_V28=27.88665771484375
THERMAL_SENS_OUT_1=27
THERMAL_SENS_OUT_2=-50
THERMAL_SENS_OUT_3=29
THERMAL_SENS_OUT_4=26
THERMAL_SENS_OUT_5=31
THERMAL_SENS_OUT_6=-50
THERMAL_SENS_INT_1=30
THERMAL_SENS_INT_2=26
PG_5=1
PG_9=0
PG_12=1
FLT_P2=0
FLT_P3=0
HEAT_1_TEMP=27
HEAT_1_DUTY=0
HEAT_1_SP=-20.0
HEAT_2_TEMP=29
HEAT_2_DUTY=0
HEAT_2_SP=-20.0
HEAT_3_TEMP=26
HEAT_3_DUTY=0
HEAT_3_SP=-20.0
HEAT_4_TEMP=31
HEAT_4_DUTY=0
HEAT_4_SP=-20.0

[21:57:57.890 EBOX]
TS=1786201976.695
V_SENSE5=1.0595703125
V_SENSE9=0.03662109375
V_SENSE12=0.1025390625
ADC_V5=4.9737548828125
ADC_V9=9.0093994140625
ADC_V12=11.81488037109375
ADC_V28=27.86895751953125
THERMAL_SENS_OUT_1=31
THERMAL_SENS_OUT_2=-50
THERMAL_SENS_OUT_3=29
THERMAL_SENS_OUT_4=26
THERMAL_SENS_OUT_5=31
THERMAL_SENS_OUT_6=-50
THERMAL_SENS_INT_1=27
THERMAL_SENS_INT_2=25
PG_5=1
PG_9=0
PG_12=1
FLT_P2=0
FLT_P3=0
HEAT_1_TEMP=31
HEAT_1_DUTY=0
HEAT_1_SP=-20.0
HEAT_2_TEMP=29
HEAT_2_DUTY=0
HEAT_2_SP=-20.0
HEAT_3_TEMP=26
HEAT_3_DUTY=0
HEAT_3_SP=-20.0
HEAT_4_TEMP=31
HEAT_4_DUTY=0
HEAT_4_SP=-20.0

[21:57:59.509 EBOX]
TS=1786201978.690
V_SENSE5=1.1669921875
V_SENSE9=0.0390625
V_SENSE12=0.09765625
ADC_V5=4.9560546875
ADC_V9=9.2572021484375
ADC_V12=11.93878173828125
ADC_V28=27.24945068359375
THERMAL_SENS_OUT_1=27
THERMAL_SENS_OUT_2=-50
THERMAL_SENS_OUT_3=25
THERMAL_SENS_OUT_4=30
THERMAL_SENS_OUT_5=32
THERMAL_SENS_OUT_6=-50
THERMAL_SENS_INT_1=26
THERMAL_SENS_INT_2=31
PG_5=1
PG_9=0
PG_12=1
FLT_P2=0
FLT_P3=0
HEAT_1_TEMP=27
HEAT_1_DUTY=0
HEAT_1_SP=-20.0
HEAT_2_TEMP=25
HEAT_2_DUTY=0
HEAT_2_SP=-20.0
HEAT_3_TEMP=30
HEAT_3_DUTY=0
HEAT_3_SP=-20.0
HEAT_4_TEMP=32
HEAT_4_DUTY=0
HEAT_4_SP=-20.0

[21:58:01.744 EBOX]
TS=1786201980.693
V_SENSE5=1.1083984375
V_SENSE9=0.03662109375
V_SENSE12=0.10498046875
ADC_V5=4.9029541015625
ADC_V9=9.0625
ADC_V12=11.8414306640625
ADC_V28=27.1875
THERMAL_SENS_OUT_1=29
THERMAL_SENS_OUT_2=-50
THERMAL_SENS_OUT_3=29
THERMAL_SENS_OUT_4=29
THERMAL_SENS_OUT_5=35
THERMAL_SENS_OUT_6=-50
THERMAL_SENS_INT_1=30
THERMAL_SENS_INT_2=31
PG_5=1
PG_9=0
PG_12=1
FLT_P2=0
FLT_P3=0
HEAT_1_TEMP=29
HEAT_1_DUTY=0
HEAT_1_SP=-20.0
HEAT_2_TEMP=29
HEAT_2_DUTY=0
HEAT_2_SP=-20.0
HEAT_3_TEMP=29
HEAT_3_DUTY=0
HEAT_3_SP=-20.0
HEAT_4_TEMP=35
HEAT_4_DUTY=0
HEAT_4_SP=-20.0

[21:58:03.905 EBOX]
TS=1786201982.694
V_SENSE5=1.19384765625
V_SENSE9=0.0390625
V_SENSE12=0.126953125
ADC_V5=4.991455078125
ADC_V9=9.03594970703125
ADC_V12=11.65557861328125
ADC_V28=28.1256103515625
THERMAL_SENS_OUT_1=31
THERMAL_SENS_OUT_2=-50
THERMAL_SENS_OUT_3=30
THERMAL_SENS_OUT_4=27
THERMAL_SENS_OUT_5=33
THERMAL_SENS_OUT_6=-50
THERMAL_SENS_INT_1=25
THERMAL_SENS_INT_2=31
PG_5=1
PG_9=0
PG_12=1
FLT_P2=0
FLT_P3=0
HEAT_1_TEMP=31
HEAT_1_DUTY=0
HEAT_1_SP=-20.0
HEAT_2_TEMP=30
HEAT_2_DUTY=0
HEAT_2_SP=-20.0
HEAT_3_TEMP=27
HEAT_3_DUTY=0
HEAT_3_SP=-20.0
HEAT_4_TEMP=33
HEAT_4_DUTY=0
HEAT_4_SP=-20.0

[21:58:05.950 EBOX]
TS=1786201984.696
V_SENSE5=1.15966796875
V_SENSE9=0.06103515625
V_SENSE12=0.09765625
ADC_V5=4.85870361328125
ADC_V9=9.593505859375
ADC_V12=11.717529296875
ADC_V28=27.62115478515625
THERMAL_SENS_OUT_1=26
THERMAL_SENS_OUT_2=-50
THERMAL_SENS_OUT_3=27
THERMAL_SENS_OUT_4=27
THERMAL_SENS_OUT_5=35
THERMAL_SENS_OUT_6=-50
THERMAL_SENS_INT_1=30
THERMAL_SENS_INT_2=27
PG_5=1
PG_9=0
PG_12=1
FLT_P2=0
FLT_P3=0
HEAT_1_TEMP=26
HEAT_1_DUTY=0
HEAT_1_SP=-20.0
HEAT_2_TEMP=27
HEAT_2_DUTY=0
HEAT_2_SP=-20.0
HEAT_3_TEMP=27
HEAT_3_DUTY=0
HEAT_3_SP=-20.0
HEAT_4_TEMP=35
HEAT_4_DUTY=0
HEAT_4_SP=-20.0

[21:58:07.583 EBOX]
TS=1786201986.698
V_SENSE5=1.14990234375
V_SENSE9=0.0390625
V_SENSE12=0.10009765625
ADC_V5=4.9383544921875
ADC_V9=9.4873046875
ADC_V12=11.575927734375
ADC_V28=28.01055908203125
THERMAL_SENS_OUT_1=31
THERMAL_SENS_OUT_2=-50
THERMAL_SENS_OUT_3=28
THERMAL_SENS_OUT_4=26
THERMAL_SENS_OUT_5=30
THERMAL_SENS_OUT_6=-50
THERMAL_SENS_INT_1=29
THERMAL_SENS_INT_2=26
PG_5=1
PG_9=0
PG_12=1
FLT_P2=0
FLT_P3=0
HEAT_1_TEMP=31
HEAT_1_DUTY=0
HEAT_1_SP=-20.0
HEAT_2_TEMP=28
HEAT_2_DUTY=0
HEAT_2_SP=-20.0
HEAT_3_TEMP=26
HEAT_3_DUTY=0
HEAT_3_SP=-20.0
HEAT_4_TEMP=30
HEAT_4_DUTY=0
HEAT_4_SP=-20.0

[21:58:10.812 EBOX]
TS=1786201988.706
V_SENSE5=1.05224609375
V_SENSE9=0.05615234375
V_SENSE12=0.107421875
ADC_V5=4.89410400390625
ADC_V9=9.3988037109375
ADC_V12=11.929931640625
ADC_V28=27.4884033203125
THERMAL_SENS_OUT_1=33
THERMAL_SENS_OUT_2=-50
THERMAL_SENS_OUT_3=25
THERMAL_SENS_OUT_4=31
THERMAL_SENS_OUT_5=33
THERMAL_SENS_OUT_6=-50
THERMAL_SENS_INT_1=25
THERMAL_SENS_INT_2=29
PG_5=1
PG_9=0
PG_12=1
FLT_P2=0
FLT_P3=0
HEAT_1_TEMP=33
HEAT_1_DUTY=0
HEAT_1_SP=-20.0
HEAT_2_TEMP=25
HEAT_2_DUTY=0
HEAT_2_SP=-20.0
HEAT_3_TEMP=31
HEAT_3_DUTY=0
HEAT_3_SP=-20.0
HEAT_4_TEMP=33
HEAT_4_DUTY=0
HEAT_4_SP=-20.0

[21:58:11.728 EBOX]
TS=1786201990.701
V_SENSE5=1.376953125
V_SENSE9=0.03662109375
V_SENSE12=0.09765625
ADC_V5=4.9560546875
ADC_V9=9.10675048828125
ADC_V12=11.82373046875
ADC_V28=27.19635009765625
THERMAL_SENS_OUT_1=28
THERMAL_SENS_OUT_2=-50
THERMAL_SENS_OUT_3=28
THERMAL_SENS_OUT_4=27
THERMAL_SENS_OUT_5=30
THERMAL_SENS_OUT_6=-50
THERMAL_SENS_INT_1=26
THERMAL_SENS_INT_2=31
PG_5=1
PG_9=0
PG_12=1
FLT_P2=0
FLT_P3=0
HEAT_1_TEMP=28
HEAT_1_DUTY=0
HEAT_1_SP=-20.0
HEAT_2_TEMP=28
HEAT_2_DUTY=0
HEAT_2_SP=-20.0
HEAT_3_TEMP=27
HEAT_3_DUTY=0
HEAT_3_SP=-20.0
HEAT_4_TEMP=30
HEAT_4_DUTY=0
HEAT_4_SP=-20.0

[21:58:13.749 EBOX]
TS=1786201992.702
V_SENSE5=1.2646484375
V_SENSE9=0.03662109375
V_SENSE12=0.1171875
ADC_V5=4.849853515625
ADC_V9=9.33685302734375
ADC_V12=11.5228271484375
ADC_V28=27.37335205078125
THERMAL_SENS_OUT_1=26
THERMAL_SENS_OUT_2=-50
THERMAL_SENS_OUT_3=24
THERMAL_SENS_OUT_4=30
THERMAL_SENS_OUT_5=31
THERMAL_SENS_OUT_6=-50
THERMAL_SENS_INT_1=26
THERMAL_SENS_INT_2=28
PG_5=1
PG_9=0
PG_12=1
FLT_P2=0
FLT_P3=0
HEAT_1_TEMP=26
HEAT_1_DUTY=0
HEAT_1_SP=-20.0
HEAT_2_TEMP=24
HEAT_2_DUTY=0
HEAT_2_SP=-20.0
HEAT_3_TEMP=30
HEAT_3_DUTY=0
HEAT_3_SP=-20.0
HEAT_4_TEMP=31
HEAT_4_DUTY=0
HEAT_4_SP=-20.0

[21:58:16.491 EBOX]
TS=1786201994.704
V_SENSE5=1.12548828125
V_SENSE9=0.0390625
V_SENSE12=0.10498046875
ADC_V5=4.96490478515625
ADC_V9=9.2041015625
ADC_V12=11.7529296875
ADC_V28=27.4176025390625
THERMAL_SENS_OUT_1=26
THERMAL_SENS_OUT_2=-50
THERMAL_SENS_OUT_3=27
THERMAL_SENS_OUT_4=25
THERMAL_SENS_OUT_5=32
THERMAL_SENS_OUT_6=-50
THERMAL_SENS_INT_1=31
THERMAL_SENS_INT_2=29
PG_5=1
PG_9=0
PG_12=1
FLT_P2=0
FLT_P3=0
HEAT_1_TEMP=26
HEAT_1_DUTY=0
HEAT_1_SP=-20.0
HEAT_2_TEMP=27
HEAT_2_DUTY=0
HEAT_2_SP=-20.0
HEAT_3_TEMP=25
HEAT_3_DUTY=0
HEAT_3_SP=-20.0
HEAT_4_TEMP=32
HEAT_4_DUTY=0
HEAT_4_SP=-20.0

[21:58:17.664 EBOX]
TS=1786201996.706
V_SENSE5=1.14501953125
V_SENSE9=0.0341796875
V_SENSE12=0.11962890625
ADC_V5=5.00030517578125
ADC_V9=9.05364990234375
ADC_V12=11.77947998046875
ADC_V28=27.8955078125
THERMAL_SENS_OUT_1=29
THERMAL_SENS_OUT_2=-50
THERMAL_SENS_OUT_3=24
THERMAL_SENS_OUT_4=26
THERMAL_SENS_OUT_5=33
THERMAL_SENS_OUT_6=-50
THERMAL_SENS_INT_1=25
THERMAL_SENS_INT_2=29
PG_5=1
PG_9=0
PG_12=1
FLT_P2=0
FLT_P3=0
HEAT_1_TEMP=29
HEAT_1_DUTY=0
HEAT_1_SP=-20.0
HEAT_2_TEMP=24
HEAT_2_DUTY=0
HEAT_2_SP=-20.0
HEAT_3_TEMP=26
HEAT_3_DUTY=0
HEAT_3_SP=-20.0
HEAT_4_TEMP=33
HEAT_4_DUTY=0
HEAT_4_SP=-20.0

[21:58:19.887 EBOX]
TS=1786201998.709
V_SENSE5=1.1328125
V_SENSE9=0.0341796875
V_SENSE12=0.107421875
ADC_V5=5.00030517578125
ADC_V9=8.8677978515625
ADC_V12=11.67327880859375
ADC_V28=28.02825927734375
THERMAL_SENS_OUT_1=26
THERMAL_SENS_OUT_2=-50
THERMAL_SENS_OUT_3=26
THERMAL_SENS_OUT_4=26
THERMAL_SENS_OUT_5=33
THERMAL_SENS_OUT_6=-50
THERMAL_SENS_INT_1=29
THERMAL_SENS_INT_2=28
PG_5=1
PG_9=0
PG_12=1
FLT_P2=0
FLT_P3=0
HEAT_1_TEMP=26
HEAT_1_DUTY=0
HEAT_1_SP=-20.0
HEAT_2_TEMP=26
HEAT_2_DUTY=0
HEAT_2_SP=-20.0
HEAT_3_TEMP=26
HEAT_3_DUTY=0
HEAT_3_SP=-20.0
HEAT_4_TEMP=33
HEAT_4_DUTY=0
HEAT_4_SP=-20.0

[21:58:21.838 EBOX]
TS=1786202000.709
V_SENSE5=1.181640625
V_SENSE9=0.0341796875
V_SENSE12=0.126953125
ADC_V5=4.89410400390625
ADC_V9=8.89434814453125
ADC_V12=11.7529296875
ADC_V28=27.32025146484375
THERMAL_SENS_OUT_1=27
THERMAL_SENS_OUT_2=-50
THERMAL_SENS_OUT_3=25
THERMAL_SENS_OUT_4=28
THERMAL_SENS_OUT_5=35
THERMAL_SENS_OUT_6=-50
THERMAL_SENS_INT_1=26
THERMAL_SENS_INT_2=30
PG_5=1
PG_9=0
PG_12=1
FLT_P2=0
FLT_P3=0
HEAT_1_TEMP=27
HEAT_1_DUTY=0
HEAT_1_SP=-20.0
HEAT_2_TEMP=25
HEAT_2_DUTY=0
HEAT_2_SP=-20.0
HEAT_3_TEMP=28
HEAT_3_DUTY=0
HEAT_3_SP=-20.0
HEAT_4_TEMP=35
HEAT_4_DUTY=0
HEAT_4_SP=-20.0

[21:58:23.670 EBOX]
TS=1786202002.710
V_SENSE5=1.15234375
V_SENSE9=0.03662109375
V_SENSE12=0.09765625
ADC_V5=4.9560546875
ADC_V9=8.99169921875
ADC_V12=11.611328125
ADC_V28=28.1964111328125
THERMAL_SENS_OUT_1=29
THERMAL_SENS_OUT_2=-50
THERMAL_SENS_OUT_3=26
THERMAL_SENS_OUT_4=31
THERMAL_SENS_OUT_5=32
THERMAL_SENS_OUT_6=-50
THERMAL_SENS_INT_1=25
THERMAL_SENS_INT_2=28
PG_5=1
PG_9=0
PG_12=1
FLT_P2=0
FLT_P3=0
HEAT_1_TEMP=29
HEAT_1_DUTY=0
HEAT_1_SP=-20.0
HEAT_2_TEMP=26
HEAT_2_DUTY=0
HEAT_2_SP=-20.0
HEAT_3_TEMP=31
HEAT_3_DUTY=0
HEAT_3_SP=-20.0
HEAT_4_TEMP=32
HEAT_4_DUTY=0
HEAT_4_SP=-20.0

[21:58:25.494 EBOX]
TS=1786202004.712
V_SENSE5=1.2646484375
V_SENSE9=0.0341796875
V_SENSE12=0.1025390625
ADC_V5=4.920654296875
ADC_V9=9.42535400390625
ADC_V12=11.7706298828125
ADC_V28=28.0902099609375
THERMAL_SENS_OUT_1=31
THERMAL_SENS_OUT_2=-50
THERMAL_SENS_OUT_3=25
THERMAL_SENS_OUT_4=28
THERMAL_SENS_OUT_5=36
THERMAL_SENS_OUT_6=-50
THERMAL_SENS_INT_1=30
THERMAL_SENS_INT_2=27
PG_5=1
PG_9=0
PG_12=1
FLT_P2=0
FLT_P3=0
HEAT_1_TEMP=31
HEAT_1_DUTY=0
HEAT_1_SP=-20.0
HEAT_2_TEMP=25
HEAT_2_DUTY=0
HEAT_2_SP=-20.0
HEAT_3_TEMP=28
HEAT_3_DUTY=0
HEAT_3_SP=-20.0
HEAT_4_TEMP=36
HEAT_4_DUTY=0
HEAT_4_SP=-20.0

[21:58:27.518 EBOX]
TS=1786202006.730
V_SENSE5=1.2548828125
V_SENSE9=0.0341796875
V_SENSE12=0.10009765625
ADC_V5=4.98260498046875
ADC_V9=9.239501953125
ADC_V12=11.54937744140625
ADC_V28=27.70965576171875
THERMAL_SENS_OUT_1=29
THERMAL_SENS_OUT_2=-50
THERMAL_SENS_OUT_3=26
THERMAL_SENS_OUT_4=27
THERMAL_SENS_OUT_5=33
THERMAL_SENS_OUT_6=-50
THERMAL_SENS_INT_1=25
THERMAL_SENS_INT_2=29
PG_5=1
PG_9=0
PG_12=1
FLT_P2=0
FLT_P3=0
HEAT_1_TEMP=29
HEAT_1_DUTY=0
HEAT_1_SP=-20.0
HEAT_2_TEMP=26
HEAT_2_DUTY=0
HEAT_2_SP=-20.0
HEAT_3_TEMP=27
HEAT_3_DUTY=0
HEAT_3_SP=-20.0
HEAT_4_TEMP=33
HEAT_4_DUTY=0
HEAT_4_SP=-20.0

[21:58:29.542 EBOX]
TS=1786202008.719
V_SENSE5=1.3037109375
V_SENSE9=0.0390625
V_SENSE12=0.0927734375
ADC_V5=4.9560546875
ADC_V9=9.097900390625
ADC_V12=11.82373046875
ADC_V28=27.19635009765625
THERMAL_SENS_OUT_1=28
THERMAL_SENS_OUT_2=-50
THERMAL_SENS_OUT_3=26
THERMAL_SENS_OUT_4=31
THERMAL_SENS_OUT_5=32
THERMAL_SENS_OUT_6=-50
THERMAL_SENS_INT_1=26
THERMAL_SENS_INT_2=30
PG_5=1
PG_9=0
PG_12=1
FLT_P2=0
FLT_P3=0
HEAT_1_TEMP=28
HEAT_1_DUTY=0
HEAT_1_SP=-20.0
HEAT_2_TEMP=26
HEAT_2_DUTY=0
HEAT_2_SP=-20.0
HEAT_3_TEMP=31
HEAT_3_DUTY=0
HEAT_3_SP=-20.0
HEAT_4_TEMP=32
HEAT_4_DUTY=0
HEAT_4_SP=-20.0

[21:58:31.766 EBOX]
TS=1786202010.720
V_SENSE5=1.162109375
V_SENSE9=0.03662109375
V_SENSE12=0.1025390625
ADC_V5=4.96490478515625
ADC_V9=8.98284912109375
ADC_V12=11.82373046875
ADC_V28=27.85125732421875
THERMAL_SENS_OUT_1=27
THERMAL_SENS_OUT_2=-50
THERMAL_SENS_OUT_3=26
THERMAL_SENS_OUT_4=31
THERMAL_SENS_OUT_5=33
THERMAL_SENS_OUT_6=-50
THERMAL_SENS_INT_1=30
THERMAL_SENS_INT_2=28
PG_5=1
PG_9=0
PG_12=1
FLT_P2=0
FLT_P3=0
HEAT_1_TEMP=27
HEAT_1_DUTY=0
HEAT_1_SP=-20.0
HEAT_2_TEMP=26
HEAT_2_DUTY=0
HEAT_2_SP=-20.0
HEAT_3_TEMP=31
HEAT_3_DUTY=0
HEAT_3_SP=-20.0
HEAT_4_TEMP=33
HEAT_4_DUTY=0
HEAT_4_SP=-20.0

[21:58:33.589 EBOX]
TS=1786202012.721
V_SENSE5=1.22314453125
V_SENSE9=0.03662109375
V_SENSE12=0.1171875
ADC_V5=4.991455078125
ADC_V9=9.01824951171875
ADC_V12=11.9122314453125
ADC_V28=27.35565185546875
THERMAL_SENS_OUT_1=27
THERMAL_SENS_OUT_2=-50
THERMAL_SENS_OUT_3=26
THERMAL_SENS_OUT_4=27
THERMAL_SENS_OUT_5=34
THERMAL_SENS_OUT_6=-50
THERMAL_SENS_INT_1=28
THERMAL_SENS_INT_2=26
PG_5=1
PG_9=0
PG_12=1
FLT_P2=0
FLT_P3=0
HEAT_1_TEMP=27
HEAT_1_DUTY=0
HEAT_1_SP=-20.0
HEAT_2_TEMP=26
HEAT_2_DUTY=0
HEAT_2_SP=-20.0
HEAT_3_TEMP=27
HEAT_3_DUTY=0
HEAT_3_SP=-20.0
HEAT_4_TEMP=34
HEAT_4_DUTY=0
HEAT_4_SP=-20.0

[21:58:35.718 EBOX]
TS=1786202014.724
V_SENSE5=1.24755859375
V_SENSE9=0.0390625
V_SENSE12=0.1318359375
ADC_V5=4.9029541015625
ADC_V9=8.85009765625
ADC_V12=11.929931640625
ADC_V28=27.83355712890625
THERMAL_SENS_OUT_1=28
THERMAL_SENS_OUT_2=-50
THERMAL_SENS_OUT_3=25
THERMAL_SENS_OUT_4=31
THERMAL_SENS_OUT_5=32
THERMAL_SENS_OUT_6=-50
THERMAL_SENS_INT_1=27
THERMAL_SENS_INT_2=27
PG_5=1
PG_9=0
PG_12=1
FLT_P2=0
FLT_P3=0
HEAT_1_TEMP=28
HEAT_1_DUTY=0
HEAT_1_SP=-20.0
HEAT_2_TEMP=25
HEAT_2_DUTY=0
HEAT_2_SP=-20.0
HEAT_3_TEMP=31
HEAT_3_DUTY=0
HEAT_3_SP=-20.0
HEAT_4_TEMP=32
HEAT_4_DUTY=0
HEAT_4_SP=-20.0

[21:58:38.345 EBOX]
TS=1786202016.725
V_SENSE5=1.2890625
V_SENSE9=0.0341796875
V_SENSE12=0.10986328125
ADC_V5=4.9560546875
ADC_V9=8.885498046875
ADC_V12=11.8414306640625
ADC_V28=27.860107421875
THERMAL_SENS_OUT_1=31
THERMAL_SENS_OUT_2=-50
THERMAL_SENS_OUT_3=28
THERMAL_SENS_OUT_4=25
THERMAL_SENS_OUT_5=33
THERMAL_SENS_OUT_6=-50
THERMAL_SENS_INT_1=25
THERMAL_SENS_INT_2=31
PG_5=1
PG_9=0
PG_12=1
FLT_P2=0
FLT_P3=0
HEAT_1_TEMP=31
HEAT_1_DUTY=0
HEAT_1_SP=-20.0
HEAT_2_TEMP=28
HEAT_2_DUTY=0
HEAT_2_SP=-20.0
HEAT_3_TEMP=25
HEAT_3_DUTY=0
HEAT_3_SP=-20.0
HEAT_4_TEMP=33
HEAT_4_DUTY=0
HEAT_4_SP=-20.0

[21:58:41.323 EBOX]
TS=1786202018.727
V_SENSE5=1.23046875
V_SENSE9=0.0390625
V_SENSE12=0.107421875
ADC_V5=4.96490478515625
ADC_V9=9.31915283203125
ADC_V12=11.8768310546875
ADC_V28=27.55035400390625
THERMAL_SENS_OUT_1=28
THERMAL_SENS_OUT_2=-50
THERMAL_SENS_OUT_3=25
THERMAL_SENS_OUT_4=31
THERMAL_SENS_OUT_5=32
THERMAL_SENS_OUT_6=-50
THERMAL_SENS_INT_1=29
THERMAL_SENS_INT_2=27
PG_5=1
PG_9=0
PG_12=1
FLT_P2=0
FLT_P3=0
HEAT_1_TEMP=28
HEAT_1_DUTY=0
HEAT_1_SP=-20.0
HEAT_2_TEMP=25
HEAT_2_DUTY=0
HEAT_2_SP=-20.0
HEAT_3_TEMP=31
HEAT_3_DUTY=0
HEAT_3_SP=-20.0
HEAT_4_TEMP=32
HEAT_4_DUTY=0
HEAT_4_SP=-20.0

[21:58:42.046 EBOX]
TS=1786202020.736
V_SENSE5=1.1083984375
V_SENSE9=0.03662109375
V_SENSE12=0.107421875
ADC_V5=4.9560546875
ADC_V9=9.10675048828125
ADC_V12=11.95648193359375
ADC_V28=28.10791015625
THERMAL_SENS_OUT_1=28
THERMAL_SENS_OUT_2=-50
THERMAL_SENS_OUT_3=25
THERMAL_SENS_OUT_4=31
THERMAL_SENS_OUT_5=34
THERMAL_SENS_OUT_6=-50
THERMAL_SENS_INT_1=26
THERMAL_SENS_INT_2=32
PG_5=1
PG_9=0
PG_12=1
FLT_P2=0
FLT_P3=0
HEAT_1_TEMP=28
HEAT_1_DUTY=0
HEAT_1_SP=-20.0
HEAT_2_TEMP=25
HEAT_2_DUTY=0
HEAT_2_SP=-20.0
HEAT_3_TEMP=31
HEAT_3_DUTY=0
HEAT_3_SP=-20.0
HEAT_4_TEMP=34
HEAT_4_DUTY=0
HEAT_4_SP=-20.0

[21:58:44.164 EBOX]
TS=1786202022.731
V_SENSE5=1.3818359375
V_SENSE9=0.03662109375
V_SENSE12=0.10498046875
ADC_V5=4.84100341796875
ADC_V9=9.3280029296875
ADC_V12=11.575927734375
ADC_V28=27.9132080078125
THERMAL_SENS_OUT_1=31
THERMAL_SENS_OUT_2=-50
THERMAL_SENS_OUT_3=29
THERMAL_SENS_OUT_4=31
THERMAL_SENS_OUT_5=31
THERMAL_SENS_OUT_6=-50
THERMAL_SENS_INT_1=25
THERMAL_SENS_INT_2=29
PG_5=1
PG_9=0
PG_12=1
FLT_P2=0
FLT_P3=0
HEAT_1_TEMP=31
HEAT_1_DUTY=0
HEAT_1_SP=-20.0
HEAT_2_TEMP=29
HEAT_2_DUTY=0
HEAT_2_SP=-20.0
HEAT_3_TEMP=31
HEAT_3_DUTY=0
HEAT_3_SP=-20.0
HEAT_4_TEMP=31
HEAT_4_DUTY=0
HEAT_4_SP=-20.0

[21:58:46.034 EBOX]
TS=1786202024.733
V_SENSE5=1.23046875
V_SENSE9=0.03662109375
V_SENSE12=0.09765625
ADC_V5=5.0091552734375
ADC_V9=9.15985107421875
ADC_V12=11.88568115234375
ADC_V28=28.1256103515625
THERMAL_SENS_OUT_1=26
THERMAL_SENS_OUT_2=-50
THERMAL_SENS_OUT_3=26
THERMAL_SENS_OUT_4=29
THERMAL_SENS_OUT_5=36
THERMAL_SENS_OUT_6=-50
THERMAL_SENS_INT_1=25
THERMAL_SENS_INT_2=29
PG_5=1
PG_9=0
PG_12=1
FLT_P2=0
FLT_P3=0
HEAT_1_TEMP=26
HEAT_1_DUTY=0
HEAT_1_SP=-20.0
HEAT_2_TEMP=26
HEAT_2_DUTY=0
HEAT_2_SP=-20.0
HEAT_3_TEMP=29
HEAT_3_DUTY=0
HEAT_3_SP=-20.0
HEAT_4_TEMP=36
HEAT_4_DUTY=0
HEAT_4_SP=-20.0

[21:58:49.066 EBOX]
TS=1786202026.734
V_SENSE5=1.30859375
V_SENSE9=0.0390625
V_SENSE12=0.1123046875
ADC_V5=4.96490478515625
ADC_V9=9.23065185546875
ADC_V12=11.74407958984375
ADC_V28=27.49725341796875
THERMAL_SENS_OUT_1=30
THERMAL_SENS_OUT_2=-50
THERMAL_SENS_OUT_3=26
THERMAL_SENS_OUT_4=32
THERMAL_SENS_OUT_5=34
THERMAL_SENS_OUT_6=-50
THERMAL_SENS_INT_1=28
THERMAL_SENS_INT_2=28
PG_5=1
PG_9=0
PG_12=1
FLT_P2=0
FLT_P3=0
HEAT_1_TEMP=30
HEAT_1_DUTY=0
HEAT_1_SP=-20.0
HEAT_2_TEMP=26
HEAT_2_DUTY=0
HEAT_2_SP=-20.0
HEAT_3_TEMP=32
HEAT_3_DUTY=0
HEAT_3_SP=-20.0
HEAT_4_TEMP=34
HEAT_4_DUTY=0
HEAT_4_SP=-20.0

[21:58:50.025 EBOX]
TS=1786202028.737
V_SENSE5=1.1865234375
V_SENSE9=0.07568359375
V_SENSE12=0.10009765625
ADC_V5=4.9560546875
ADC_V9=9.2041015625
ADC_V12=11.63787841796875
ADC_V28=28.1964111328125
THERMAL_SENS_OUT_1=29
THERMAL_SENS_OUT_2=-50
THERMAL_SENS_OUT_3=29
THERMAL_SENS_OUT_4=30
THERMAL_SENS_OUT_5=34
THERMAL_SENS_OUT_6=-50
THERMAL_SENS_INT_1=26
THERMAL_SENS_INT_2=31
PG_5=1
PG_9=0
PG_12=1
FLT_P2=0
FLT_P3=0
HEAT_1_TEMP=29
HEAT_1_DUTY=0
HEAT_1_SP=-20.0
HEAT_2_TEMP=29
HEAT_2_DUTY=0
HEAT_2_SP=-20.0
HEAT_3_TEMP=30
HEAT_3_DUTY=0
HEAT_3_SP=-20.0
HEAT_4_TEMP=34
HEAT_4_DUTY=0
HEAT_4_SP=-20.0

[21:58:52.355 EBOX]
TS=1786202030.737
V_SENSE5=1.22802734375
V_SENSE9=0.0341796875
V_SENSE12=0.1123046875
ADC_V5=4.991455078125
ADC_V9=8.885498046875
ADC_V12=11.8414306640625
ADC_V28=27.97515869140625
THERMAL_SENS_OUT_1=32
THERMAL_SENS_OUT_2=-50
THERMAL_SENS_OUT_3=28
THERMAL_SENS_OUT_4=26
THERMAL_SENS_OUT_5=34
THERMAL_SENS_OUT_6=-50
THERMAL_SENS_INT_1=25
THERMAL_SENS_INT_2=30
PG_5=1
PG_9=0
PG_12=1
FLT_P2=0
FLT_P3=0
HEAT_1_TEMP=32
HEAT_1_DUTY=0
HEAT_1_SP=-20.0
HEAT_2_TEMP=28
HEAT_2_DUTY=0
HEAT_2_SP=-20.0
HEAT_3_TEMP=26
HEAT_3_DUTY=0
HEAT_3_SP=-20.0
HEAT_4_TEMP=34
HEAT_4_DUTY=0
HEAT_4_SP=-20.0

[21:58:55.118 EBOX]
TS=1786202032.739
V_SENSE5=1.21337890625
V_SENSE9=0.0341796875
V_SENSE12=0.10498046875
ADC_V5=5.00030517578125
ADC_V9=8.885498046875
ADC_V12=11.83258056640625
ADC_V28=27.97515869140625
THERMAL_SENS_OUT_1=27
THERMAL_SENS_OUT_2=-50
THERMAL_SENS_OUT_3=25
THERMAL_SENS_OUT_4=29
THERMAL_SENS_OUT_5=35
THERMAL_SENS_OUT_6=-50
THERMAL_SENS_INT_1=25
THERMAL_SENS_INT_2=27
PG_5=1
PG_9=0
PG_12=1
FLT_P2=0
FLT_P3=0
HEAT_1_TEMP=27
HEAT_1_DUTY=0
HEAT_1_SP=-20.0
HEAT_2_TEMP=25
HEAT_2_DUTY=0
HEAT_2_SP=-20.0
HEAT_3_TEMP=29
HEAT_3_DUTY=0
HEAT_3_SP=-20.0
HEAT_4_TEMP=35
HEAT_4_DUTY=0
HEAT_4_SP=-20.0

[21:58:55.736 EBOX]
TS=1786202034.741
V_SENSE5=1.15478515625
V_SENSE9=0.03173828125
V_SENSE12=0.13671875
ADC_V5=4.9029541015625
ADC_V9=9.33685302734375
ADC_V12=11.65557861328125
ADC_V28=27.930908203125
THERMAL_SENS_OUT_1=26
THERMAL_SENS_OUT_2=-50
THERMAL_SENS_OUT_3=28
THERMAL_SENS_OUT_4=31
THERMAL_SENS_OUT_5=31
THERMAL_SENS_OUT_6=-50
THERMAL_SENS_INT_1=27
THERMAL_SENS_INT_2=30
PG_5=1
PG_9=0
PG_12=1
FLT_P2=0
FLT_P3=0
HEAT_1_TEMP=26
HEAT_1_DUTY=0
HEAT_1_SP=-20.0
HEAT_2_TEMP=28
HEAT_2_DUTY=0
HEAT_2_SP=-20.0
HEAT_3_TEMP=31
HEAT_3_DUTY=0
HEAT_3_SP=-20.0
HEAT_4_TEMP=31
HEAT_4_DUTY=0
HEAT_4_SP=-20.0

[21:58:59.084 EBOX]
TS=1786202036.743
V_SENSE5=1.123046875
V_SENSE9=0.04150390625
V_SENSE12=0.10498046875
ADC_V5=4.9737548828125
ADC_V9=9.49615478515625
ADC_V12=11.95648193359375
ADC_V28=28.1787109375
THERMAL_SENS_OUT_1=28
THERMAL_SENS_OUT_2=-50
THERMAL_SENS_OUT_3=30
THERMAL_SENS_OUT_4=27
THERMAL_SENS_OUT_5=36
THERMAL_SENS_OUT_6=-50
THERMAL_SENS_INT_1=27
THERMAL_SENS_INT_2=31
PG_5=1
PG_9=0
PG_12=1
FLT_P2=0
FLT_P3=0
HEAT_1_TEMP=28
HEAT_1_DUTY=0
HEAT_1_SP=-20.0
HEAT_2_TEMP=30
HEAT_2_DUTY=0
HEAT_2_SP=-20.0
HEAT_3_TEMP=27
HEAT_3_DUTY=0
HEAT_3_SP=-20.0
HEAT_4_TEMP=36
HEAT_4_DUTY=0
HEAT_4_SP=-20.0

[21:58:59.703 EBOX]
TS=1786202038.752
V_SENSE5=1.11083984375
V_SENSE9=0.0341796875
V_SENSE12=0.1416015625
ADC_V5=4.96490478515625
ADC_V9=9.17755126953125
ADC_V12=11.89453125
ADC_V28=28.02825927734375
THERMAL_SENS_OUT_1=27
THERMAL_SENS_OUT_2=-50
THERMAL_SENS_OUT_3=25
THERMAL_SENS_OUT_4=27
THERMAL_SENS_OUT_5=33
THERMAL_SENS_OUT_6=-50
THERMAL_SENS_INT_1=27
THERMAL_SENS_INT_2=26
PG_5=1
PG_9=0
PG_12=1
FLT_P2=0
FLT_P3=0
HEAT_1_TEMP=27
HEAT_1_DUTY=0
HEAT_1_SP=-20.0
HEAT_2_TEMP=25
HEAT_2_DUTY=0
HEAT_2_SP=-20.0
HEAT_3_TEMP=27
HEAT_3_DUTY=0
HEAT_3_SP=-20.0
HEAT_4_TEMP=33
HEAT_4_DUTY=0
HEAT_4_SP=-20.0

[21:59:02.635 EBOX]
TS=1786202040.744
V_SENSE5=1.162109375
V_SENSE9=0.07568359375
V_SENSE12=0.11962890625
ADC_V5=4.88525390625
ADC_V9=9.13330078125
ADC_V12=11.8060302734375
ADC_V28=27.24945068359375
THERMAL_SENS_OUT_1=28
THERMAL_SENS_OUT_2=-50
THERMAL_SENS_OUT_3=24
THERMAL_SENS_OUT_4=28
THERMAL_SENS_OUT_5=33
THERMAL_SENS_OUT_6=-50
THERMAL_SENS_INT_1=24
THERMAL_SENS_INT_2=26
PG_5=1
PG_9=0
PG_12=1
FLT_P2=0
FLT_P3=0
HEAT_1_TEMP=28
HEAT_1_DUTY=0
HEAT_1_SP=-20.0
HEAT_2_TEMP=24
HEAT_2_DUTY=0
HEAT_2_SP=-20.0
HEAT_3_TEMP=28
HEAT_3_DUTY=0
HEAT_3_SP=-20.0
HEAT_4_TEMP=33
HEAT_4_DUTY=0
HEAT_4_SP=-20.0

[21:59:03.857 EBOX]
TS=1786202042.746
V_SENSE5=1.19873046875
V_SENSE9=0.03662109375
V_SENSE12=0.0927734375
ADC_V5=4.91180419921875
ADC_V9=9.168701171875
ADC_V12=11.7352294921875
ADC_V28=27.470703125
THERMAL_SENS_OUT_1=27
THERMAL_SENS_OUT_2=-50
THERMAL_SENS_OUT_3=29
THERMAL_SENS_OUT_4=27
THERMAL_SENS_OUT_5=31
THERMAL_SENS_OUT_6=-50
THERMAL_SENS_INT_1=28
THERMAL_SENS_INT_2=31
PG_5=1
PG_9=0
PG_12=1
FLT_P2=0
FLT_P3=0
HEAT_1_TEMP=27
HEAT_1_DUTY=0
HEAT_1_SP=-20.0
HEAT_2_TEMP=29
HEAT_2_DUTY=0
HEAT_2_SP=-20.0
HEAT_3_TEMP=27
HEAT_3_DUTY=0
HEAT_3_SP=-20.0
HEAT_4_TEMP=31
HEAT_4_DUTY=0
HEAT_4_SP=-20.0

[21:59:05.594 EBOX]
TS=1786202044.749
V_SENSE5=1.3037109375
V_SENSE9=0.0390625
V_SENSE12=0.09521484375
ADC_V5=4.991455078125
ADC_V9=9.33685302734375
ADC_V12=11.56707763671875
ADC_V28=27.39105224609375
THERMAL_SENS_OUT_1=29
THERMAL_SENS_OUT_2=-50
THERMAL_SENS_OUT_3=26
THERMAL_SENS_OUT_4=26
THERMAL_SENS_OUT_5=34
THERMAL_SENS_OUT_6=-50
THERMAL_SENS_INT_1=27
THERMAL_SENS_INT_2=30
PG_5=1
PG_9=0
PG_12=1
FLT_P2=0
FLT_P3=0
HEAT_1_TEMP=29
HEAT_1_DUTY=0
HEAT_1_SP=-20.0
HEAT_2_TEMP=26
HEAT_2_DUTY=0
HEAT_2_SP=-20.0
HEAT_3_TEMP=26
HEAT_3_DUTY=0
HEAT_3_SP=-20.0
HEAT_4_TEMP=34
HEAT_4_DUTY=0
HEAT_4_SP=-20.0

[21:59:07.824 EBOX]
TS=1786202046.750
V_SENSE5=1.1669921875
V_SENSE9=0.0341796875
V_SENSE12=0.1220703125
ADC_V5=4.9737548828125
ADC_V9=8.885498046875
ADC_V12=11.81488037109375
ADC_V28=27.1697998046875
THERMAL_SENS_OUT_1=28
THERMAL_SENS_OUT_2=-50
THERMAL_SENS_OUT_3=25
THERMAL_SENS_OUT_4=25
THERMAL_SENS_OUT_5=35
THERMAL_SENS_OUT_6=-50
THERMAL_SENS_INT_1=28
THERMAL_SENS_INT_2=26
PG_5=1
PG_9=0
PG_12=1
FLT_P2=0
FLT_P3=0
HEAT_1_TEMP=28
HEAT_1_DUTY=0
HEAT_1_SP=-20.0
HEAT_2_TEMP=25
HEAT_2_DUTY=0
HEAT_2_SP=-20.0
HEAT_3_TEMP=25
HEAT_3_DUTY=0
HEAT_3_SP=-20.0
HEAT_4_TEMP=35
HEAT_4_DUTY=0
HEAT_4_SP=-20.0

[21:59:09.751 EBOX]
TS=1786202048.753
V_SENSE5=1.30859375
V_SENSE9=0.0390625
V_SENSE12=0.126953125
ADC_V5=5.00030517578125
ADC_V9=9.01824951171875
ADC_V12=11.69097900390625
ADC_V28=27.92205810546875
THERMAL_SENS_OUT_1=26
THERMAL_SENS_OUT_2=-50
THERMAL_SENS_OUT_3=26
THERMAL_SENS_OUT_4=27
THERMAL_SENS_OUT_5=37
THERMAL_SENS_OUT_6=-50
THERMAL_SENS_INT_1=26
THERMAL_SENS_INT_2=31
PG_5=1
PG_9=0
PG_12=1
FLT_P2=0
FLT_P3=0
HEAT_1_TEMP=26
HEAT_1_DUTY=0
HEAT_1_SP=-20.0
HEAT_2_TEMP=26
HEAT_2_DUTY=0
HEAT_2_SP=-20.0
HEAT_3_TEMP=27
HEAT_3_DUTY=0
HEAT_3_SP=-20.0
HEAT_4_TEMP=37
HEAT_4_DUTY=0
HEAT_4_SP=-20.0

[21:59:11.677 EBOX]
TS=1786202050.755
V_SENSE5=1.33056640625
V_SENSE9=0.05615234375
V_SENSE12=0.10009765625
ADC_V5=4.85870361328125
ADC_V9=9.0093994140625
ADC_V12=11.56707763671875
ADC_V28=27.9486083984375
THERMAL_SENS_OUT_1=31
THERMAL_SENS_OUT_2=-50
THERMAL_SENS_OUT_3=29
THERMAL_SENS_OUT_4=26
THERMAL_SENS_OUT_5=35
THERMAL_SENS_OUT_6=-50
THERMAL_SENS_INT_1=29
THERMAL_SENS_INT_2=27
PG_5=1
PG_9=0
PG_12=1
FLT_P2=0
FLT_P3=0
HEAT_1_TEMP=31
HEAT_1_DUTY=0
HEAT_1_SP=-20.0
HEAT_2_TEMP=29
HEAT_2_DUTY=0
HEAT_2_SP=-20.0
HEAT_3_TEMP=26
HEAT_3_DUTY=0
HEAT_3_SP=-20.0
HEAT_4_TEMP=35
HEAT_4_DUTY=0
HEAT_4_SP=-20.0

[21:59:13.602 EBOX]
TS=1786202052.763
V_SENSE5=1.20849609375
V_SENSE9=0.0390625
V_SENSE12=0.1025390625
ADC_V5=4.88525390625
ADC_V9=9.38995361328125
ADC_V12=11.58477783203125
ADC_V28=27.152099609375
THERMAL_SENS_OUT_1=27
THERMAL_SENS_OUT_2=-50
THERMAL_SENS_OUT_3=26
THERMAL_SENS_OUT_4=31
THERMAL_SENS_OUT_5=33
THERMAL_SENS_OUT_6=-50
THERMAL_SENS_INT_1=27
THERMAL_SENS_INT_2=26
PG_5=1
PG_9=0
PG_12=1
FLT_P2=0
FLT_P3=0
HEAT_1_TEMP=27
HEAT_1_DUTY=0
HEAT_1_SP=-20.0
HEAT_2_TEMP=26
HEAT_2_DUTY=0
HEAT_2_SP=-20.0
HEAT_3_TEMP=31
HEAT_3_DUTY=0
HEAT_3_SP=-20.0
HEAT_4_TEMP=33
HEAT_4_DUTY=0
HEAT_4_SP=-20.0

[21:59:16.091 EBOX]
TS=1786202054.779
V_SENSE5=1.21337890625
V_SENSE9=0.0390625
V_SENSE12=0.12939453125
ADC_V5=5.01800537109375
ADC_V9=9.24835205078125
ADC_V12=11.92108154296875
ADC_V28=27.88665771484375
THERMAL_SENS_OUT_1=28
THERMAL_SENS_OUT_2=-50
THERMAL_SENS_OUT_3=25
THERMAL_SENS_OUT_4=28
THERMAL_SENS_OUT_5=37
THERMAL_SENS_OUT_6=-50
THERMAL_SENS_INT_1=25
THERMAL_SENS_INT_2=30
PG_5=1
PG_9=0
PG_12=1
FLT_P2=0
FLT_P3=0
HEAT_1_TEMP=28
HEAT_1_DUTY=0
HEAT_1_SP=-20.0
HEAT_2_TEMP=25
HEAT_2_DUTY=0
HEAT_2_SP=-20.0
HEAT_3_TEMP=28
HEAT_3_DUTY=0
HEAT_3_SP=-20.0
HEAT_4_TEMP=37
HEAT_4_DUTY=0
HEAT_4_SP=-20.0

[21:59:18.422 EBOX]
TS=1786202056.767
V_SENSE5=1.1181640625
V_SENSE9=0.0341796875
V_SENSE12=0.09765625
ADC_V5=5.0091552734375
ADC_V9=9.01824951171875
ADC_V12=11.9122314453125
ADC_V28=27.39990234375
THERMAL_SENS_OUT_1=27
THERMAL_SENS_OUT_2=-50
THERMAL_SENS_OUT_3=27
THERMAL_SENS_OUT_4=27
THERMAL_SENS_OUT_5=33
THERMAL_SENS_OUT_6=-50
THERMAL_SENS_INT_1=27
THERMAL_SENS_INT_2=27
PG_5=1
PG_9=0
PG_12=1
FLT_P2=0
FLT_P3=0
HEAT_1_TEMP=27
HEAT_1_DUTY=0
HEAT_1_SP=-20.0
HEAT_2_TEMP=27
HEAT_2_DUTY=0
HEAT_2_SP=-20.0
HEAT_3_TEMP=27
HEAT_3_DUTY=0
HEAT_3_SP=-20.0
HEAT_4_TEMP=33
HEAT_4_DUTY=0
HEAT_4_SP=-20.0

[21:59:19.848 EBOX]
TS=1786202058.769
V_SENSE5=1.39892578125
V_SENSE9=0.0341796875
V_SENSE12=0.10009765625
ADC_V5=4.87640380859375
ADC_V9=9.13330078125
ADC_V12=11.53167724609375
ADC_V28=27.79815673828125
THERMAL_SENS_OUT_1=28
THERMAL_SENS_OUT_2=-50
THERMAL_SENS_OUT_3=26
THERMAL_SENS_OUT_4=26
THERMAL_SENS_OUT_5=36
THERMAL_SENS_OUT_6=-50
THERMAL_SENS_INT_1=24
THERMAL_SENS_INT_2=29
PG_5=1
PG_9=0
PG_12=1
FLT_P2=0
FLT_P3=0
HEAT_1_TEMP=28
HEAT_1_DUTY=0
HEAT_1_SP=-20.0
HEAT_2_TEMP=26
HEAT_2_DUTY=0
HEAT_2_SP=-20.0
HEAT_3_TEMP=26
HEAT_3_DUTY=0
HEAT_3_SP=-20.0
HEAT_4_TEMP=36
HEAT_4_DUTY=0
HEAT_4_SP=-20.0

[21:59:22.003 EBOX]
TS=1786202060.771
V_SENSE5=1.1328125
V_SENSE9=0.09521484375
V_SENSE12=0.09765625
ADC_V5=4.98260498046875
ADC_V9=8.885498046875
ADC_V12=11.9122314453125
ADC_V28=27.42645263671875
THERMAL_SENS_OUT_1=26
THERMAL_SENS_OUT_2=-50
THERMAL_SENS_OUT_3=26
THERMAL_SENS_OUT_4=27
THERMAL_SENS_OUT_5=31
THERMAL_SENS_OUT_6=-50
THERMAL_SENS_INT_1=26
THERMAL_SENS_INT_2=29
PG_5=1
PG_9=0
PG_12=1
FLT_P2=0
FLT_P3=0
HEAT_1_TEMP=26
HEAT_1_DUTY=0
HEAT_1_SP=-20.0
HEAT_2_TEMP=26
HEAT_2_DUTY=0
HEAT_2_SP=-20.0
HEAT_3_TEMP=27
HEAT_3_DUTY=0
HEAT_3_SP=-20.0
HEAT_4_TEMP=31
HEAT_4_DUTY=0
HEAT_4_SP=-20.0

[21:59:31.902 EBOX]
TS=1786202062.772
V_SENSE5=1.24755859375
V_SENSE9=0.0341796875
V_SENSE12=0.10986328125
ADC_V5=4.8675537109375
ADC_V9=9.1156005859375
ADC_V12=11.51397705078125
ADC_V28=27.56805419921875
THERMAL_SENS_OUT_1=31
THERMAL_SENS_OUT_2=-50
THERMAL_SENS_OUT_3=28
THERMAL_SENS_OUT_4=28
THERMAL_SENS_OUT_5=36
THERMAL_SENS_OUT_6=-50
THERMAL_SENS_INT_1=25
THERMAL_SENS_INT_2=28
PG_5=1
PG_9=0
PG_12=1
FLT_P2=0
FLT_P3=0
HEAT_1_TEMP=31
HEAT_1_DUTY=0
HEAT_1_SP=-20.0
HEAT_2_TEMP=28
HEAT_2_DUTY=0
HEAT_2_SP=-20.0
HEAT_3_TEMP=28
HEAT_3_DUTY=0
HEAT_3_SP=-20.0
HEAT_4_TEMP=36
HEAT_4_DUTY=0
HEAT_4_SP=-20.0

[21:59:32.252 EBOX]
TS=1786202064.774
V_SENSE5=1.14501953125
V_SENSE9=0.0390625
V_SENSE12=0.11474609375
ADC_V5=4.991455078125
ADC_V9=9.5404052734375
ADC_V12=11.5936279296875
ADC_V28=27.56805419921875
THERMAL_SENS_OUT_1=28
THERMAL_SENS_OUT_2=-50
THERMAL_SENS_OUT_3=27
THERMAL_SENS_OUT_4=30
THERMAL_SENS_OUT_5=32
THERMAL_SENS_OUT_6=-50
THERMAL_SENS_INT_1=25
THERMAL_SENS_INT_2=29
PG_5=1
PG_9=0
PG_12=1
FLT_P2=0
FLT_P3=0
HEAT_1_TEMP=28
HEAT_1_DUTY=0
HEAT_1_SP=-20.0
HEAT_2_TEMP=27
HEAT_2_DUTY=0
HEAT_2_SP=-20.0
HEAT_3_TEMP=30
HEAT_3_DUTY=0
HEAT_3_SP=-20.0
HEAT_4_TEMP=32
HEAT_4_DUTY=0
HEAT_4_SP=-20.0
TS=1786202066.776
V_SENSE5=1.11572265625
V_SENSE9=0.0341796875
V_SENSE12=0.09765625
ADC_V5=5.0091552734375
ADC_V9=9.37225341796875
ADC_V12=11.8768310546875
ADC_V28=27.96630859375
THERMAL_SENS_OUT_1=31
THERMAL_SENS_OUT_2=-50
THERMAL_SENS_OUT_3=29
THERMAL_SENS_OUT_4=27
THERMAL_SENS_OUT_5=37
THERMAL_SENS_OUT_6=-50
THERMAL_SENS_INT_1=25
THERMAL_SENS_INT_2=27
PG_5=1
PG_9=0
PG_12=1
FLT_P2=0
FLT_P3=0
HEAT_1_TEMP=31
HEAT_1_DUTY=0
HEAT_1_SP=-20.0
HEAT_2_TEMP=29
HEAT_2_DUTY=0
HEAT_2_SP=-20.0
HEAT_3_TEMP=27
HEAT_3_DUTY=0
HEAT_3_SP=-20.0
HEAT_4_TEMP=37
HEAT_4_DUTY=0
HEAT_4_SP=-20.0
TS=1786202068.785
V_SENSE5=1.24267578125
V_SENSE9=0.03662109375
V_SENSE12=0.126953125
ADC_V5=4.920654296875
ADC_V9=9.08905029296875
ADC_V12=11.93878173828125
ADC_V28=28.02825927734375
THERMAL_SENS_OUT_1=31
THERMAL_SENS_OUT_2=-50
THERMAL_SENS_OUT_3=26
THERMAL_SENS_OUT_4=25

[21:59:32.379 EBOX]
THERMAL_SENS_OUT_5=35
THERMAL_SENS_OUT_6=-50
THERMAL_SENS_INT_1=27
THERMAL_SENS_INT_2=26
PG_5=1
PG_9=0
PG_12=1
FLT_P2=0
FLT_P3=0
HEAT_1_TEMP=31
HEAT_1_DUTY=0
HEAT_1_SP=-20.0
HEAT_2_TEMP=26
HEAT_2_DUTY=0
HEAT_2_SP=-20.0
HEAT_3_TEMP=25
HEAT_3_DUTY=0
HEAT_3_SP=-20.0
HEAT_4_TEMP=35
HEAT_4_DUTY=0
HEAT_4_SP=-20.0
TS=1786202070.780
V_SENSE5=1.28662109375
V_SENSE9=0.0390625
V_SENSE12=0.1220703125
ADC_V5=4.84100341796875
ADC_V9=9.27490234375
ADC_V12=11.56707763671875
ADC_V28=28.04595947265625
THERMAL_SENS_OUT_1=28
THERMAL_SENS_OUT_2=-50
THERMAL_SENS_OUT_3=27
THERMAL_SENS_OUT_4=30
THERMAL_SENS_OUT_5=32
THERMAL_SENS_OUT_6=-50
THERMAL_SENS_INT_1=26
THERMAL_SENS_INT_2=28
PG_5=1
PG_9=0
PG_12=1
FLT_P2=0
FLT_P3=0
HEAT_1_TEMP=28
HEAT_1_DUTY=0
HEAT_1_SP=-20.0
HEAT_2_TEMP=27
HEAT_2_DUTY=0
HEAT_2_SP=-20.0
HEAT_3_TEMP=30
HEAT_3_DUTY=0
HEAT_3_SP=-20.0
HEAT_4_TEMP=32
HEAT_4_DUTY=0
HEAT_4_SP=-20.0

[21:59:33.803 EBOX]
TS=1786202072.780
V_SENSE5=1.28173828125
V_SENSE9=0.0390625
V_SENSE12=0.1171875
ADC_V5=5.05340576171875
ADC_V9=9.2041015625
ADC_V12=11.69097900390625
ADC_V28=28.1787109375
THERMAL_SENS_OUT_1=28
THERMAL_SENS_OUT_2=-50
THERMAL_SENS_OUT_3=27
THERMAL_SENS_OUT_4=28
THERMAL_SENS_OUT_5=31
THERMAL_SENS_OUT_6=-50
THERMAL_SENS_INT_1=30
THERMAL_SENS_INT_2=29
PG_5=1
PG_9=0
PG_12=1
FLT_P2=0
FLT_P3=0
HEAT_1_TEMP=28
HEAT_1_DUTY=0
HEAT_1_SP=-20.0
HEAT_2_TEMP=27
HEAT_2_DUTY=0
HEAT_2_SP=-20.0
HEAT_3_TEMP=28
HEAT_3_DUTY=0
HEAT_3_SP=-20.0
HEAT_4_TEMP=31
HEAT_4_DUTY=0
HEAT_4_SP=-20.0

[21:59:36.792 EBOX]
TS=1786202074.783
V_SENSE5=1.20849609375
V_SENSE9=0.0439453125
V_SENSE12=0.10986328125
ADC_V5=4.92950439453125
ADC_V9=9.12445068359375
ADC_V12=11.65557861328125
ADC_V28=27.789306640625
THERMAL_SENS_OUT_1=31
THERMAL_SENS_OUT_2=-50
THERMAL_SENS_OUT_3=29
THERMAL_SENS_OUT_4=27
THERMAL_SENS_OUT_5=32
THERMAL_SENS_OUT_6=-50
THERMAL_SENS_INT_1=29
THERMAL_SENS_INT_2=27
PG_5=1
PG_9=0
PG_12=1
FLT_P2=0
FLT_P3=0
HEAT_1_TEMP=31
HEAT_1_DUTY=0
HEAT_1_SP=-20.0
HEAT_2_TEMP=29
HEAT_2_DUTY=0
HEAT_2_SP=-20.0
HEAT_3_TEMP=27
HEAT_3_DUTY=0
HEAT_3_SP=-20.0
HEAT_4_TEMP=32
HEAT_4_DUTY=0
HEAT_4_SP=-20.0

[21:59:37.659 EBOX]
TS=1786202076.784
V_SENSE5=1.16455078125
V_SENSE9=0.03662109375
V_SENSE12=0.126953125
ADC_V5=4.96490478515625
ADC_V9=9.12445068359375
ADC_V12=12.00958251953125
ADC_V28=27.3468017578125
THERMAL_SENS_OUT_1=26
THERMAL_SENS_OUT_2=-50
THERMAL_SENS_OUT_3=24
THERMAL_SENS_OUT_4=27
THERMAL_SENS_OUT_5=36
THERMAL_SENS_OUT_6=-50
THERMAL_SENS_INT_1=26
THERMAL_SENS_INT_2=29
PG_5=1
PG_9=0
PG_12=1
FLT_P2=0
FLT_P3=0
HEAT_1_TEMP=26
HEAT_1_DUTY=0
HEAT_1_SP=-20.0
HEAT_2_TEMP=24
HEAT_2_DUTY=0
HEAT_2_SP=-20.0
HEAT_3_TEMP=27
HEAT_3_DUTY=0
HEAT_3_SP=-20.0
HEAT_4_TEMP=36
HEAT_4_DUTY=0
HEAT_4_SP=-20.0

[21:59:39.587 EBOX]
TS=1786202078.786
V_SENSE5=1.1669921875
V_SENSE9=0.03662109375
V_SENSE12=0.12451171875
ADC_V5=4.920654296875
ADC_V9=8.9208984375
ADC_V12=11.859130859375
ADC_V28=28.20526123046875
THERMAL_SENS_OUT_1=27
THERMAL_SENS_OUT_2=-50
THERMAL_SENS_OUT_3=29
THERMAL_SENS_OUT_4=28
THERMAL_SENS_OUT_5=36
THERMAL_SENS_OUT_6=-50
THERMAL_SENS_INT_1=26
THERMAL_SENS_INT_2=29
PG_5=1
PG_9=0
PG_12=1
FLT_P2=0
FLT_P3=0
HEAT_1_TEMP=27
HEAT_1_DUTY=0
HEAT_1_SP=-20.0
HEAT_2_TEMP=29
HEAT_2_DUTY=0
HEAT_2_SP=-20.0
HEAT_3_TEMP=28
HEAT_3_DUTY=0
HEAT_3_SP=-20.0
HEAT_4_TEMP=36
HEAT_4_DUTY=0
HEAT_4_SP=-20.0

[21:59:41.716 EBOX]
TS=1786202080.787
V_SENSE5=1.3232421875
V_SENSE9=0.0390625
V_SENSE12=0.10009765625
ADC_V5=4.8675537109375
ADC_V9=9.53155517578125
ADC_V12=11.8060302734375
ADC_V28=27.05474853515625
THERMAL_SENS_OUT_1=28
THERMAL_SENS_OUT_2=-50
THERMAL_SENS_OUT_3=29
THERMAL_SENS_OUT_4=31
THERMAL_SENS_OUT_5=33
THERMAL_SENS_OUT_6=-50
THERMAL_SENS_INT_1=26
THERMAL_SENS_INT_2=29
PG_5=1
PG_9=0
PG_12=1
FLT_P2=0
FLT_P3=0
HEAT_1_TEMP=28
HEAT_1_DUTY=0
HEAT_1_SP=-20.0
HEAT_2_TEMP=29
HEAT_2_DUTY=0
HEAT_2_SP=-20.0
HEAT_3_TEMP=31
HEAT_3_DUTY=0
HEAT_3_SP=-20.0
HEAT_4_TEMP=33
HEAT_4_DUTY=0
HEAT_4_SP=-20.0

[21:59:43.745 EBOX]
TS=1786202082.789
V_SENSE5=1.34521484375
V_SENSE9=0.0390625
V_SENSE12=0.1220703125
ADC_V5=4.92950439453125
ADC_V9=9.2218017578125
ADC_V12=11.85028076171875
ADC_V28=27.35565185546875
THERMAL_SENS_OUT_1=27
THERMAL_SENS_OUT_2=-50
THERMAL_SENS_OUT_3=24
THERMAL_SENS_OUT_4=26
THERMAL_SENS_OUT_5=33
THERMAL_SENS_OUT_6=-50
THERMAL_SENS_INT_1=26
THERMAL_SENS_INT_2=31
PG_5=1
PG_9=0
PG_12=1
FLT_P2=0
FLT_P3=0
HEAT_1_TEMP=27
HEAT_1_DUTY=0
HEAT_1_SP=-20.0
HEAT_2_TEMP=24
HEAT_2_DUTY=0
HEAT_2_SP=-20.0
HEAT_3_TEMP=26
HEAT_3_DUTY=0
HEAT_3_SP=-20.0
HEAT_4_TEMP=33
HEAT_4_DUTY=0
HEAT_4_SP=-20.0

[21:59:45.612 EBOX]
TS=1786202084.791
V_SENSE5=1.220703125
V_SENSE9=0.0341796875
V_SENSE12=0.09765625
ADC_V5=5.0091552734375
ADC_V9=9.1510009765625
ADC_V12=11.85028076171875
ADC_V28=27.97515869140625
THERMAL_SENS_OUT_1=31
THERMAL_SENS_OUT_2=-50
THERMAL_SENS_OUT_3=29
THERMAL_SENS_OUT_4=26
THERMAL_SENS_OUT_5=35
THERMAL_SENS_OUT_6=-50
THERMAL_SENS_INT_1=25
THERMAL_SENS_INT_2=30
PG_5=1
PG_9=0
PG_12=1
FLT_P2=0
FLT_P3=0
HEAT_1_TEMP=31
HEAT_1_DUTY=0
HEAT_1_SP=-20.0
HEAT_2_TEMP=29
HEAT_2_DUTY=0
HEAT_2_SP=-20.0
HEAT_3_TEMP=26
HEAT_3_DUTY=0
HEAT_3_SP=-20.0
HEAT_4_TEMP=35
HEAT_4_DUTY=0
HEAT_4_SP=-20.0

[21:59:47.978 EBOX]
TS=1786202086.800
V_SENSE5=1.12060546875
V_SENSE9=0.03662109375
V_SENSE12=0.1123046875
ADC_V5=4.87640380859375
ADC_V9=9.05364990234375
ADC_V12=11.74407958984375
ADC_V28=28.143310546875
THERMAL_SENS_OUT_1=30
THERMAL_SENS_OUT_2=-50
THERMAL_SENS_OUT_3=25
THERMAL_SENS_OUT_4=26
THERMAL_SENS_OUT_5=33
THERMAL_SENS_OUT_6=-50
THERMAL_SENS_INT_1=27
THERMAL_SENS_INT_2=31
PG_5=1
PG_9=0
PG_12=1
FLT_P2=0
FLT_P3=0
HEAT_1_TEMP=30
HEAT_1_DUTY=0
HEAT_1_SP=-20.0
HEAT_2_TEMP=25
HEAT_2_DUTY=0
HEAT_2_SP=-20.0
HEAT_3_TEMP=26
HEAT_3_DUTY=0
HEAT_3_SP=-20.0
HEAT_4_TEMP=33
HEAT_4_DUTY=0
HEAT_4_SP=-20.0

[21:59:50.412 EBOX]
TS=1786202088.794
V_SENSE5=1.1328125
V_SENSE9=0.0341796875
V_SENSE12=0.1171875
ADC_V5=5.00030517578125
ADC_V9=9.2572021484375
ADC_V12=11.9476318359375
ADC_V28=27.17864990234375
THERMAL_SENS_OUT_1=32
THERMAL_SENS_OUT_2=-50
THERMAL_SENS_OUT_3=26
THERMAL_SENS_OUT_4=28
THERMAL_SENS_OUT_5=36
THERMAL_SENS_OUT_6=-50
THERMAL_SENS_INT_1=26
THERMAL_SENS_INT_2=29
PG_5=1
PG_9=0
PG_12=1
FLT_P2=0
FLT_P3=0
HEAT_1_TEMP=32
HEAT_1_DUTY=0
HEAT_1_SP=-20.0
HEAT_2_TEMP=26
HEAT_2_DUTY=0
HEAT_2_SP=-20.0
HEAT_3_TEMP=28
HEAT_3_DUTY=0
HEAT_3_SP=-20.0
HEAT_4_TEMP=36
HEAT_4_DUTY=0
HEAT_4_SP=-20.0

[21:59:52.040 EBOX]
TS=1786202090.795
V_SENSE5=1.14013671875
V_SENSE9=0.0390625
V_SENSE12=0.09765625
ADC_V5=5.0091552734375
ADC_V9=9.0093994140625
ADC_V12=11.929931640625
ADC_V28=27.93975830078125
THERMAL_SENS_OUT_1=32
THERMAL_SENS_OUT_2=-50
THERMAL_SENS_OUT_3=30
THERMAL_SENS_OUT_4=29
THERMAL_SENS_OUT_5=33
THERMAL_SENS_OUT_6=-50
THERMAL_SENS_INT_1=26
THERMAL_SENS_INT_2=32
PG_5=1
PG_9=0
PG_12=1
FLT_P2=0
FLT_P3=0
HEAT_1_TEMP=32
HEAT_1_DUTY=0
HEAT_1_SP=-20.0
HEAT_2_TEMP=30
HEAT_2_DUTY=0
HEAT_2_SP=-20.0
HEAT_3_TEMP=29
HEAT_3_DUTY=0
HEAT_3_SP=-20.0
HEAT_4_TEMP=33
HEAT_4_DUTY=0
HEAT_4_SP=-20.0

[21:59:54.874 EBOX]
TS=1786202092.796
V_SENSE5=1.37451171875
V_SENSE9=0.03662109375
V_SENSE12=0.12939453125
ADC_V5=4.9029541015625
ADC_V9=8.98284912109375
ADC_V12=11.51397705078125
ADC_V28=27.8424072265625
THERMAL_SENS_OUT_1=32
THERMAL_SENS_OUT_2=-50
THERMAL_SENS_OUT_3=29
THERMAL_SENS_OUT_4=27
THERMAL_SENS_OUT_5=36
THERMAL_SENS_OUT_6=-50
THERMAL_SENS_INT_1=28
THERMAL_SENS_INT_2=26
PG_5=1
PG_9=0
PG_12=1
FLT_P2=0
FLT_P3=0
HEAT_1_TEMP=32
HEAT_1_DUTY=0
HEAT_1_SP=-20.0
HEAT_2_TEMP=29
HEAT_2_DUTY=0
HEAT_2_SP=-20.0
HEAT_3_TEMP=27
HEAT_3_DUTY=0
HEAT_3_SP=-20.0
HEAT_4_TEMP=36
HEAT_4_DUTY=0
HEAT_4_SP=-20.0

[21:59:56.747 EBOX]
TS=1786202094.798
V_SENSE5=1.19384765625
V_SENSE9=0.05859375
V_SENSE12=0.10009765625
ADC_V5=4.91180419921875
ADC_V9=9.345703125
ADC_V12=11.54937744140625
ADC_V28=27.85125732421875
THERMAL_SENS_OUT_1=31
THERMAL_SENS_OUT_2=-50
THERMAL_SENS_OUT_3=29
THERMAL_SENS_OUT_4=31
THERMAL_SENS_OUT_5=33
THERMAL_SENS_OUT_6=-50
THERMAL_SENS_INT_1=27
THERMAL_SENS_INT_2=27
PG_5=1
PG_9=0
PG_12=1
FLT_P2=0
FLT_P3=0
HEAT_1_TEMP=31
HEAT_1_DUTY=0
HEAT_1_SP=-20.0
HEAT_2_TEMP=29
HEAT_2_DUTY=0
HEAT_2_SP=-20.0
HEAT_3_TEMP=31
HEAT_3_DUTY=0
HEAT_3_SP=-20.0
HEAT_4_TEMP=33
HEAT_4_DUTY=0
HEAT_4_SP=-20.0

[21:59:58.475 EBOX]
TS=1786202096.808
V_SENSE5=1.103515625
V_SENSE9=0.03662109375
V_SENSE12=0.14404296875
ADC_V5=4.991455078125
ADC_V9=9.27490234375
ADC_V12=11.77947998046875
ADC_V28=27.25830078125
THERMAL_SENS_OUT_1=28
THERMAL_SENS_OUT_2=-50
THERMAL_SENS_OUT_3=27
THERMAL_SENS_OUT_4=27
THERMAL_SENS_OUT_5=33
THERMAL_SENS_OUT_6=-50
THERMAL_SENS_INT_1=26
THERMAL_SENS_INT_2=32
PG_5=1
PG_9=0
PG_12=1
FLT_P2=0
FLT_P3=0
HEAT_1_TEMP=28
HEAT_1_DUTY=0
HEAT_1_SP=-20.0
HEAT_2_TEMP=27
HEAT_2_DUTY=0
HEAT_2_SP=-20.0
HEAT_3_TEMP=27
HEAT_3_DUTY=0
HEAT_3_SP=-20.0
HEAT_4_TEMP=33
HEAT_4_DUTY=0
HEAT_4_SP=-20.0

[22:00:00.149 EBOX]
TS=1786202098.803
V_SENSE5=1.142578125
V_SENSE9=0.0341796875
V_SENSE12=0.126953125
ADC_V5=4.92950439453125
ADC_V9=9.41650390625
ADC_V12=11.575927734375
ADC_V28=27.95745849609375
THERMAL_SENS_OUT_1=31
THERMAL_SENS_OUT_2=-50
THERMAL_SENS_OUT_3=28
THERMAL_SENS_OUT_4=28
THERMAL_SENS_OUT_5=33
THERMAL_SENS_OUT_6=-50
THERMAL_SENS_INT_1=27
THERMAL_SENS_INT_2=27
PG_5=1
PG_9=0
PG_12=1
FLT_P2=0
FLT_P3=0
HEAT_1_TEMP=31
HEAT_1_DUTY=0
HEAT_1_SP=-20.0
HEAT_2_TEMP=28
HEAT_2_DUTY=0
HEAT_2_SP=-20.0
HEAT_3_TEMP=28
HEAT_3_DUTY=0
HEAT_3_SP=-20.0
HEAT_4_TEMP=33
HEAT_4_DUTY=0
HEAT_4_SP=-20.0

[22:00:01.879 EBOX]
TS=1786202100.803
V_SENSE5=1.22802734375
V_SENSE9=0.03662109375
V_SENSE12=0.1025390625
ADC_V5=4.87640380859375
ADC_V9=9.345703125
ADC_V12=11.54937744140625
ADC_V28=28.11676025390625
THERMAL_SENS_OUT_1=31
THERMAL_SENS_OUT_2=-50
THERMAL_SENS_OUT_3=29
THERMAL_SENS_OUT_4=27
THERMAL_SENS_OUT_5=33
THERMAL_SENS_OUT_6=-50
THERMAL_SENS_INT_1=26
THERMAL_SENS_INT_2=28
PG_5=1
PG_9=0
PG_12=1
FLT_P2=0
FLT_P3=0
HEAT_1_TEMP=31
HEAT_1_DUTY=0
HEAT_1_SP=-20.0
HEAT_2_TEMP=29
HEAT_2_DUTY=0
HEAT_2_SP=-20.0
HEAT_3_TEMP=27
HEAT_3_DUTY=0
HEAT_3_SP=-20.0
HEAT_4_TEMP=33
HEAT_4_DUTY=0
HEAT_4_SP=-20.0

[22:00:03.815 EBOX]
TS=1786202102.805
V_SENSE5=1.59912109375
V_SENSE9=0.03662109375
V_SENSE12=0.09521484375
ADC_V5=4.8321533203125
ADC_V9=9.19525146484375
ADC_V12=11.54052734375
ADC_V28=27.78045654296875
THERMAL_SENS_OUT_1=28
THERMAL_SENS_OUT_2=-50
THERMAL_SENS_OUT_3=26
THERMAL_SENS_OUT_4=32
THERMAL_SENS_OUT_5=35
THERMAL_SENS_OUT_6=-50
THERMAL_SENS_INT_1=27
THERMAL_SENS_INT_2=26
PG_5=1
PG_9=0
PG_12=1
FLT_P2=0
FLT_P3=0
HEAT_1_TEMP=28
HEAT_1_DUTY=0
HEAT_1_SP=-20.0
HEAT_2_TEMP=26
HEAT_2_DUTY=0
HEAT_2_SP=-20.0
HEAT_3_TEMP=32
HEAT_3_DUTY=0
HEAT_3_SP=-20.0
HEAT_4_TEMP=35
HEAT_4_DUTY=0
HEAT_4_SP=-20.0

[22:00:05.983 EBOX]
TS=1786202104.807
V_SENSE5=1.201171875
V_SENSE9=0.0390625
V_SENSE12=0.09765625
ADC_V5=4.920654296875
ADC_V9=9.08905029296875
ADC_V12=11.81488037109375
ADC_V28=28.06365966796875
THERMAL_SENS_OUT_1=31
THERMAL_SENS_OUT_2=-50
THERMAL_SENS_OUT_3=29
THERMAL_SENS_OUT_4=28
THERMAL_SENS_OUT_5=34
THERMAL_SENS_OUT_6=-50
THERMAL_SENS_INT_1=26
THERMAL_SENS_INT_2=28
PG_5=1
PG_9=0
PG_12=1
FLT_P2=0
FLT_P3=0
HEAT_1_TEMP=31
HEAT_1_DUTY=0
HEAT_1_SP=-20.0
HEAT_2_TEMP=29
HEAT_2_DUTY=0
HEAT_2_SP=-20.0
HEAT_3_TEMP=28
HEAT_3_DUTY=0
HEAT_3_SP=-20.0
HEAT_4_TEMP=34
HEAT_4_DUTY=0
HEAT_4_SP=-20.0

[22:00:08.853 EBOX]
TS=1786202106.822
V_SENSE5=1.34765625
V_SENSE9=0.03662109375
V_SENSE12=0.09765625
ADC_V5=5.0091552734375
ADC_V9=9.2218017578125
ADC_V12=11.60247802734375
ADC_V28=27.2760009765625
THERMAL_SENS_OUT_1=28
THERMAL_SENS_OUT_2=-50
THERMAL_SENS_OUT_3=29
THERMAL_SENS_OUT_4=27
THERMAL_SENS_OUT_5=32
THERMAL_SENS_OUT_6=-50
THERMAL_SENS_INT_1=24
THERMAL_SENS_INT_2=30
PG_5=1
PG_9=0
PG_12=1
FLT_P2=0
FLT_P3=0
HEAT_1_TEMP=28
HEAT_1_DUTY=0
HEAT_1_SP=-20.0
HEAT_2_TEMP=29
HEAT_2_DUTY=0
HEAT_2_SP=-20.0
HEAT_3_TEMP=27
HEAT_3_DUTY=0
HEAT_3_SP=-20.0
HEAT_4_TEMP=32
HEAT_4_DUTY=0
HEAT_4_SP=-20.0

[22:00:09.880 EBOX]
TS=1786202108.823
V_SENSE5=1.09130859375
V_SENSE9=0.0341796875
V_SENSE12=0.09521484375
ADC_V5=4.8675537109375
ADC_V9=9.3634033203125
ADC_V12=11.72637939453125
ADC_V28=27.92205810546875
THERMAL_SENS_OUT_1=26
THERMAL_SENS_OUT_2=-50
THERMAL_SENS_OUT_3=27
THERMAL_SENS_OUT_4=29
THERMAL_SENS_OUT_5=32
THERMAL_SENS_OUT_6=-50
THERMAL_SENS_INT_1=26
THERMAL_SENS_INT_2=27
PG_5=1
PG_9=0
PG_12=1
FLT_P2=0
FLT_P3=0
HEAT_1_TEMP=26
HEAT_1_DUTY=0
HEAT_1_SP=-20.0
HEAT_2_TEMP=27
HEAT_2_DUTY=0
HEAT_2_SP=-20.0
HEAT_3_TEMP=29
HEAT_3_DUTY=0
HEAT_3_SP=-20.0
HEAT_4_TEMP=32
HEAT_4_DUTY=0
HEAT_4_SP=-20.0

[22:00:11.939 EBOX]
TS=1786202110.832
V_SENSE5=1.11083984375
V_SENSE9=0.0341796875
V_SENSE12=0.15380859375
ADC_V5=4.98260498046875
ADC_V9=9.12445068359375
ADC_V12=11.9122314453125
ADC_V28=27.9840087890625
THERMAL_SENS_OUT_1=27
THERMAL_SENS_OUT_2=-50
THERMAL_SENS_OUT_3=23
THERMAL_SENS_OUT_4=25
THERMAL_SENS_OUT_5=35
THERMAL_SENS_OUT_6=-50
THERMAL_SENS_INT_1=24
THERMAL_SENS_INT_2=28
PG_5=1
PG_9=0
PG_12=1
FLT_P2=0
FLT_P3=0
HEAT_1_TEMP=27
HEAT_1_DUTY=0
HEAT_1_SP=-20.0
HEAT_2_TEMP=23
HEAT_2_DUTY=0
HEAT_2_SP=-20.0
HEAT_3_TEMP=25
HEAT_3_DUTY=0
HEAT_3_SP=-20.0
HEAT_4_TEMP=35
HEAT_4_DUTY=0
HEAT_4_SP=-20.0

[22:00:13.969 EBOX]
TS=1786202112.827
V_SENSE5=1.20849609375
V_SENSE9=0.0341796875
V_SENSE12=0.1171875
ADC_V5=4.88525390625
ADC_V9=9.30145263671875
ADC_V12=11.8414306640625
ADC_V28=27.30255126953125
THERMAL_SENS_OUT_1=26
THERMAL_SENS_OUT_2=-50
THERMAL_SENS_OUT_3=29
THERMAL_SENS_OUT_4=26
THERMAL_SENS_OUT_5=35
THERMAL_SENS_OUT_6=-50
THERMAL_SENS_INT_1=27
THERMAL_SENS_INT_2=28
PG_5=1
PG_9=0
PG_12=1
FLT_P2=0
FLT_P3=0
HEAT_1_TEMP=26
HEAT_1_DUTY=0
HEAT_1_SP=-20.0
HEAT_2_TEMP=29
HEAT_2_DUTY=0
HEAT_2_SP=-20.0
HEAT_3_TEMP=26
HEAT_3_DUTY=0
HEAT_3_SP=-20.0
HEAT_4_TEMP=35
HEAT_4_DUTY=0
HEAT_4_SP=-20.0

[22:00:15.937 EBOX]
TS=1786202114.828
V_SENSE5=1.16943359375
V_SENSE9=0.03662109375
V_SENSE12=0.1318359375
ADC_V5=5.00030517578125
ADC_V9=8.75274658203125
ADC_V12=11.53167724609375
ADC_V28=27.14324951171875
THERMAL_SENS_OUT_1=29
THERMAL_SENS_OUT_2=-50
THERMAL_SENS_OUT_3=27
THERMAL_SENS_OUT_4=31
THERMAL_SENS_OUT_5=32
THERMAL_SENS_OUT_6=-50
THERMAL_SENS_INT_1=29
THERMAL_SENS_INT_2=27
PG_5=1
PG_9=0
PG_12=1
FLT_P2=0
FLT_P3=0
HEAT_1_TEMP=29
HEAT_1_DUTY=0
HEAT_1_SP=-20.0
HEAT_2_TEMP=27
HEAT_2_DUTY=0
HEAT_2_SP=-20.0
HEAT_3_TEMP=31
HEAT_3_DUTY=0
HEAT_3_SP=-20.0
HEAT_4_TEMP=32
HEAT_4_DUTY=0
HEAT_4_SP=-20.0

[22:00:18.070 EBOX]
TS=1786202116.831
V_SENSE5=1.15966796875
V_SENSE9=0.0341796875
V_SENSE12=0.09765625
ADC_V5=5.08880615234375
ADC_V9=9.1510009765625
ADC_V12=11.717529296875
ADC_V28=27.81585693359375
THERMAL_SENS_OUT_1=30
THERMAL_SENS_OUT_2=-50
THERMAL_SENS_OUT_3=25
THERMAL_SENS_OUT_4=26
THERMAL_SENS_OUT_5=32
THERMAL_SENS_OUT_6=-50
THERMAL_SENS_INT_1=26
THERMAL_SENS_INT_2=29
PG_5=1
PG_9=0
PG_12=1
FLT_P2=0
FLT_P3=0
HEAT_1_TEMP=30
HEAT_1_DUTY=0
HEAT_1_SP=-20.0
HEAT_2_TEMP=25
HEAT_2_DUTY=0
HEAT_2_SP=-20.0
HEAT_3_TEMP=26
HEAT_3_DUTY=0
HEAT_3_SP=-20.0
HEAT_4_TEMP=32
HEAT_4_DUTY=0
HEAT_4_SP=-20.0

[22:00:20.300 EBOX]
TS=1786202118.832
V_SENSE5=1.171875
V_SENSE9=0.0390625
V_SENSE12=0.13916015625
ADC_V5=4.8675537109375
ADC_V9=9.5050048828125
ADC_V12=11.69097900390625
ADC_V28=28.143310546875
THERMAL_SENS_OUT_1=27
THERMAL_SENS_OUT_2=-50
THERMAL_SENS_OUT_3=26
THERMAL_SENS_OUT_4=31
THERMAL_SENS_OUT_5=33
THERMAL_SENS_OUT_6=-50
THERMAL_SENS_INT_1=27
THERMAL_SENS_INT_2=26
PG_5=1
PG_9=0
PG_12=1
FLT_P2=0
FLT_P3=0
HEAT_1_TEMP=27
HEAT_1_DUTY=0
HEAT_1_SP=-20.0
HEAT_2_TEMP=26
HEAT_2_DUTY=0
HEAT_2_SP=-20.0
HEAT_3_TEMP=31
HEAT_3_DUTY=0
HEAT_3_SP=-20.0
HEAT_4_TEMP=33
HEAT_4_DUTY=0
HEAT_4_SP=-20.0

[22:00:22.229 EBOX]
TS=1786202120.847
V_SENSE5=1.10107421875
V_SENSE9=0.07568359375
V_SENSE12=0.12451171875
ADC_V5=4.88525390625
ADC_V9=9.15985107421875
ADC_V12=11.929931640625
ADC_V28=27.4530029296875
THERMAL_SENS_OUT_1=32
THERMAL_SENS_OUT_2=-50
THERMAL_SENS_OUT_3=27
THERMAL_SENS_OUT_4=28
THERMAL_SENS_OUT_5=32
THERMAL_SENS_OUT_6=-50
THERMAL_SENS_INT_1=24
THERMAL_SENS_INT_2=26
PG_5=1
PG_9=0
PG_12=1
FLT_P2=0
FLT_P3=0
HEAT_1_TEMP=32
HEAT_1_DUTY=0
HEAT_1_SP=-20.0
HEAT_2_TEMP=27
HEAT_2_DUTY=0
HEAT_2_SP=-20.0
HEAT_3_TEMP=28
HEAT_3_DUTY=0
HEAT_3_SP=-20.0
HEAT_4_TEMP=32
HEAT_4_DUTY=0
HEAT_4_SP=-20.0

[22:00:24.109 EBOX]
TS=1786202122.837
V_SENSE5=1.19140625
V_SENSE9=0.0390625
V_SENSE12=0.09765625
ADC_V5=4.849853515625
ADC_V9=9.27490234375
ADC_V12=11.65557861328125
ADC_V28=27.2760009765625
THERMAL_SENS_OUT_1=26
THERMAL_SENS_OUT_2=-50
THERMAL_SENS_OUT_3=28
THERMAL_SENS_OUT_4=32
THERMAL_SENS_OUT_5=32
THERMAL_SENS_OUT_6=-50
THERMAL_SENS_INT_1=26
THERMAL_SENS_INT_2=27
PG_5=1
PG_9=0
PG_12=1
FLT_P2=0
FLT_P3=0
HEAT_1_TEMP=26
HEAT_1_DUTY=0
HEAT_1_SP=-20.0
HEAT_2_TEMP=28
HEAT_2_DUTY=0
HEAT_2_SP=-20.0
HEAT_3_TEMP=32
HEAT_3_DUTY=0
HEAT_3_SP=-20.0
HEAT_4_TEMP=32
HEAT_4_DUTY=0
HEAT_4_SP=-20.0

[22:00:25.735 EBOX]
TS=1786202124.837
V_SENSE5=1.1572265625
V_SENSE9=0.03662109375
V_SENSE12=0.10009765625
ADC_V5=4.9560546875
ADC_V9=9.2926025390625
ADC_V12=11.6290283203125
ADC_V28=28.18756103515625
THERMAL_SENS_OUT_1=29
THERMAL_SENS_OUT_2=-50
THERMAL_SENS_OUT_3=24
THERMAL_SENS_OUT_4=31
THERMAL_SENS_OUT_5=33
THERMAL_SENS_OUT_6=-50
THERMAL_SENS_INT_1=25
THERMAL_SENS_INT_2=29
PG_5=1
PG_9=0
PG_12=1
FLT_P2=0
FLT_P3=0
HEAT_1_TEMP=29
HEAT_1_DUTY=0
HEAT_1_SP=-20.0
HEAT_2_TEMP=24
HEAT_2_DUTY=0
HEAT_2_SP=-20.0
HEAT_3_TEMP=31
HEAT_3_DUTY=0
HEAT_3_SP=-20.0
HEAT_4_TEMP=33
HEAT_4_DUTY=0
HEAT_4_SP=-20.0

[22:00:27.976 EBOX]
TS=1786202126.839
V_SENSE5=1.14990234375
V_SENSE9=0.03662109375
V_SENSE12=0.09765625
ADC_V5=5.05340576171875
ADC_V9=9.1156005859375
ADC_V12=11.5582275390625
ADC_V28=27.92205810546875
THERMAL_SENS_OUT_1=32
THERMAL_SENS_OUT_2=-50
THERMAL_SENS_OUT_3=27
THERMAL_SENS_OUT_4=26
THERMAL_SENS_OUT_5=37
THERMAL_SENS_OUT_6=-50
THERMAL_SENS_INT_1=28
THERMAL_SENS_INT_2=26
PG_5=1
PG_9=0
PG_12=1
FLT_P2=0
FLT_P3=0
HEAT_1_TEMP=32
HEAT_1_DUTY=0
HEAT_1_SP=-20.0
HEAT_2_TEMP=27
HEAT_2_DUTY=0
HEAT_2_SP=-20.0
HEAT_3_TEMP=26
HEAT_3_DUTY=0
HEAT_3_SP=-20.0
HEAT_4_TEMP=37
HEAT_4_DUTY=0
HEAT_4_SP=-20.0

[22:00:30.766 EBOX]
TS=1786202128.841
V_SENSE5=1.09375
V_SENSE9=0.0341796875
V_SENSE12=0.09765625
ADC_V5=5.08880615234375
ADC_V9=9.05364990234375
ADC_V12=11.6644287109375
ADC_V28=28.1256103515625
THERMAL_SENS_OUT_1=31
THERMAL_SENS_OUT_2=-50
THERMAL_SENS_OUT_3=29
THERMAL_SENS_OUT_4=26
THERMAL_SENS_OUT_5=35
THERMAL_SENS_OUT_6=-50
THERMAL_SENS_INT_1=29
THERMAL_SENS_INT_2=31
PG_5=1
PG_9=0
PG_12=1
FLT_P2=0
FLT_P3=0
HEAT_1_TEMP=31
HEAT_1_DUTY=0
HEAT_1_SP=-20.0
HEAT_2_TEMP=29
HEAT_2_DUTY=0
HEAT_2_SP=-20.0
HEAT_3_TEMP=26
HEAT_3_DUTY=0
HEAT_3_SP=-20.0
HEAT_4_TEMP=35
HEAT_4_DUTY=0
HEAT_4_SP=-20.0

[22:00:31.893 EBOX]
TS=1786202130.842
V_SENSE5=1.11083984375
V_SENSE9=0.0341796875
V_SENSE12=0.126953125
ADC_V5=4.920654296875
ADC_V9=8.9385986328125
ADC_V12=11.82373046875
ADC_V28=28.02825927734375
THERMAL_SENS_OUT_1=29
THERMAL_SENS_OUT_2=-50
THERMAL_SENS_OUT_3=28
THERMAL_SENS_OUT_4=30
THERMAL_SENS_OUT_5=33
THERMAL_SENS_OUT_6=-50
THERMAL_SENS_INT_1=29
THERMAL_SENS_INT_2=30
PG_5=1
PG_9=0
PG_12=1
FLT_P2=0
FLT_P3=0
HEAT_1_TEMP=29
HEAT_1_DUTY=0
HEAT_1_SP=-20.0
HEAT_2_TEMP=28
HEAT_2_DUTY=0
HEAT_2_SP=-20.0
HEAT_3_TEMP=30
HEAT_3_DUTY=0
HEAT_3_SP=-20.0
HEAT_4_TEMP=33
HEAT_4_DUTY=0
HEAT_4_SP=-20.0

[22:00:33.925 EBOX]
TS=1786202132.844
V_SENSE5=1.1328125
V_SENSE9=0.029296875
V_SENSE12=0.1025390625
ADC_V5=4.96490478515625
ADC_V9=9.3634033203125
ADC_V12=11.7352294921875
ADC_V28=27.78045654296875
THERMAL_SENS_OUT_1=27
THERMAL_SENS_OUT_2=-50
THERMAL_SENS_OUT_3=25
THERMAL_SENS_OUT_4=30
THERMAL_SENS_OUT_5=32
THERMAL_SENS_OUT_6=-50
THERMAL_SENS_INT_1=24
THERMAL_SENS_INT_2=28
PG_5=1
PG_9=0
PG_12=1
FLT_P2=0
FLT_P3=0
HEAT_1_TEMP=27
HEAT_1_DUTY=0
HEAT_1_SP=-20.0
HEAT_2_TEMP=25
HEAT_2_DUTY=0
HEAT_2_SP=-20.0
HEAT_3_TEMP=30
HEAT_3_DUTY=0
HEAT_3_SP=-20.0
HEAT_4_TEMP=32
HEAT_4_DUTY=0
HEAT_4_SP=-20.0

[22:00:36.759 EBOX]
TS=1786202134.846
V_SENSE5=1.1279296875
V_SENSE9=0.05615234375
V_SENSE12=0.10498046875
ADC_V5=5.00030517578125
ADC_V9=9.310302734375
ADC_V12=11.8414306640625
ADC_V28=27.68310546875
THERMAL_SENS_OUT_1=27
THERMAL_SENS_OUT_2=-50
THERMAL_SENS_OUT_3=29
THERMAL_SENS_OUT_4=27
THERMAL_SENS_OUT_5=36
THERMAL_SENS_OUT_6=-50
THERMAL_SENS_INT_1=25
THERMAL_SENS_INT_2=30
PG_5=1
PG_9=0
PG_12=1
FLT_P2=0
FLT_P3=0
HEAT_1_TEMP=27
HEAT_1_DUTY=0
HEAT_1_SP=-20.0
HEAT_2_TEMP=29
HEAT_2_DUTY=0
HEAT_2_SP=-20.0
HEAT_3_TEMP=27
HEAT_3_DUTY=0
HEAT_3_SP=-20.0
HEAT_4_TEMP=36
HEAT_4_DUTY=0
HEAT_4_SP=-20.0

[22:00:38.895 EBOX]
TS=1786202136.847
V_SENSE5=1.31103515625
V_SENSE9=0.0390625
V_SENSE12=0.10009765625
ADC_V5=4.96490478515625
ADC_V9=9.1510009765625
ADC_V12=11.89453125
ADC_V28=27.37335205078125
THERMAL_SENS_OUT_1=26
THERMAL_SENS_OUT_2=-50
THERMAL_SENS_OUT_3=25
THERMAL_SENS_OUT_4=31
THERMAL_SENS_OUT_5=33
THERMAL_SENS_OUT_6=-50
THERMAL_SENS_INT_1=25
THERMAL_SENS_INT_2=29
PG_5=1
PG_9=0
PG_12=1
FLT_P2=0
FLT_P3=0
HEAT_1_TEMP=26
HEAT_1_DUTY=0
HEAT_1_SP=-20.0
HEAT_2_TEMP=25
HEAT_2_DUTY=0
HEAT_2_SP=-20.0
HEAT_3_TEMP=31
HEAT_3_DUTY=0
HEAT_3_SP=-20.0
HEAT_4_TEMP=33
HEAT_4_DUTY=0
HEAT_4_SP=-20.0

[22:00:40.026 EBOX]
TS=1786202138.849
V_SENSE5=1.1572265625
V_SENSE9=0.03662109375
V_SENSE12=0.1171875
ADC_V5=5.08880615234375
ADC_V9=9.35455322265625
ADC_V12=11.859130859375
ADC_V28=27.293701171875
THERMAL_SENS_OUT_1=27
THERMAL_SENS_OUT_2=-50
THERMAL_SENS_OUT_3=25
THERMAL_SENS_OUT_4=30
THERMAL_SENS_OUT_5=33
THERMAL_SENS_OUT_6=-50
THERMAL_SENS_INT_1=30
THERMAL_SENS_INT_2=27
PG_5=1
PG_9=0
PG_12=1
FLT_P2=0
FLT_P3=0
HEAT_1_TEMP=27
HEAT_1_DUTY=0
HEAT_1_SP=-20.0
HEAT_2_TEMP=25
HEAT_2_DUTY=0
HEAT_2_SP=-20.0
HEAT_3_TEMP=30
HEAT_3_DUTY=0
HEAT_3_SP=-20.0
HEAT_4_TEMP=33
HEAT_4_DUTY=0
HEAT_4_SP=-20.0

[22:00:41.954 EBOX]
TS=1786202140.851
V_SENSE5=1.17919921875
V_SENSE9=0.0390625
V_SENSE12=0.126953125
ADC_V5=5.00030517578125
ADC_V9=9.26605224609375
ADC_V12=11.69097900390625
ADC_V28=27.7008056640625
THERMAL_SENS_OUT_1=28
THERMAL_SENS_OUT_2=-50
THERMAL_SENS_OUT_3=30
THERMAL_SENS_OUT_4=26
THERMAL_SENS_OUT_5=33
THERMAL_SENS_OUT_6=-50
THERMAL_SENS_INT_1=26
THERMAL_SENS_INT_2=29
PG_5=1
PG_9=0
PG_12=1
FLT_P2=0
FLT_P3=0
HEAT_1_TEMP=28
HEAT_1_DUTY=0
HEAT_1_SP=-20.0
HEAT_2_TEMP=30
HEAT_2_DUTY=0
HEAT_2_SP=-20.0
HEAT_3_TEMP=26
HEAT_3_DUTY=0
HEAT_3_SP=-20.0
HEAT_4_TEMP=33
HEAT_4_DUTY=0
HEAT_4_SP=-20.0

[22:00:45.597 EBOX]
TS=1786202142.860
V_SENSE5=1.298828125
V_SENSE9=0.0341796875
V_SENSE12=0.12451171875
ADC_V5=4.9383544921875
ADC_V9=8.85009765625
ADC_V12=11.4874267578125
ADC_V28=28.10791015625
THERMAL_SENS_OUT_1=31
THERMAL_SENS_OUT_2=-50
THERMAL_SENS_OUT_3=28
THERMAL_SENS_OUT_4=26
THERMAL_SENS_OUT_5=38
THERMAL_SENS_OUT_6=-50
THERMAL_SENS_INT_1=26
THERMAL_SENS_INT_2=28
PG_5=1
PG_9=0
PG_12=1
FLT_P2=0
FLT_P3=0
HEAT_1_TEMP=31
HEAT_1_DUTY=0
HEAT_1_SP=-20.0
HEAT_2_TEMP=28
HEAT_2_DUTY=0
HEAT_2_SP=-20.0
HEAT_3_TEMP=26
HEAT_3_DUTY=0
HEAT_3_SP=-20.0
HEAT_4_TEMP=38
HEAT_4_DUTY=0
HEAT_4_SP=-20.0

[22:00:46.018 EBOX]
TS=1786202144.855
V_SENSE5=1.25
V_SENSE9=0.0341796875
V_SENSE12=0.12939453125
ADC_V5=4.9560546875
ADC_V9=8.92974853515625
ADC_V12=11.74407958984375
ADC_V28=27.95745849609375
THERMAL_SENS_OUT_1=32
THERMAL_SENS_OUT_2=-50
THERMAL_SENS_OUT_3=25
THERMAL_SENS_OUT_4=30
THERMAL_SENS_OUT_5=34
THERMAL_SENS_OUT_6=-50
THERMAL_SENS_INT_1=26
THERMAL_SENS_INT_2=31
PG_5=1
PG_9=0
PG_12=1
FLT_P2=0
FLT_P3=0
HEAT_1_TEMP=32
HEAT_1_DUTY=0
HEAT_1_SP=-20.0
HEAT_2_TEMP=25
HEAT_2_DUTY=0
HEAT_2_SP=-20.0
HEAT_3_TEMP=30
HEAT_3_DUTY=0
HEAT_3_SP=-20.0
HEAT_4_TEMP=34
HEAT_4_DUTY=0
HEAT_4_SP=-20.0

[22:00:48.066 EBOX]
TS=1786202146.855
V_SENSE5=1.123046875
V_SENSE9=0.03173828125
V_SENSE12=0.12939453125
ADC_V5=4.9737548828125
ADC_V9=8.7615966796875
ADC_V12=11.82373046875
ADC_V28=27.222900390625
THERMAL_SENS_OUT_1=32
THERMAL_SENS_OUT_2=-50
THERMAL_SENS_OUT_3=29
THERMAL_SENS_OUT_4=26
THERMAL_SENS_OUT_5=36
THERMAL_SENS_OUT_6=-50
THERMAL_SENS_INT_1=26
THERMAL_SENS_INT_2=31
PG_5=1
PG_9=0
PG_12=1
FLT_P2=0
FLT_P3=0
HEAT_1_TEMP=32
HEAT_1_DUTY=0
HEAT_1_SP=-20.0
HEAT_2_TEMP=29
HEAT_2_DUTY=0
HEAT_2_SP=-20.0
HEAT_3_TEMP=26
HEAT_3_DUTY=0
HEAT_3_SP=-20.0
HEAT_4_TEMP=36
HEAT_4_DUTY=0
HEAT_4_SP=-20.0

[22:00:51.403 EBOX]
TS=1786202148.860
V_SENSE5=1.10595703125
V_SENSE9=0.0390625
V_SENSE12=0.12939453125
ADC_V5=4.9737548828125
ADC_V9=9.345703125
ADC_V12=11.9122314453125
ADC_V28=27.47955322265625
THERMAL_SENS_OUT_1=26
THERMAL_SENS_OUT_2=-50
THERMAL_SENS_OUT_3=24
THERMAL_SENS_OUT_4=27
THERMAL_SENS_OUT_5=37
THERMAL_SENS_OUT_6=-50
THERMAL_SENS_INT_1=29
THERMAL_SENS_INT_2=26
PG_5=1
PG_9=0
PG_12=1
FLT_P2=0
FLT_P3=0
HEAT_1_TEMP=26
HEAT_1_DUTY=0
HEAT_1_SP=-20.0
HEAT_2_TEMP=24
HEAT_2_DUTY=0
HEAT_2_SP=-20.0
HEAT_3_TEMP=27
HEAT_3_DUTY=0
HEAT_3_SP=-20.0
HEAT_4_TEMP=37
HEAT_4_DUTY=0
HEAT_4_SP=-20.0

[22:00:52.127 EBOX]
TS=1786202150.862
V_SENSE5=1.15966796875
V_SENSE9=0.0390625
V_SENSE12=0.126953125
ADC_V5=5.00030517578125
ADC_V9=9.21295166015625
ADC_V12=11.9122314453125
ADC_V28=27.63885498046875
THERMAL_SENS_OUT_1=32
THERMAL_SENS_OUT_2=-50
THERMAL_SENS_OUT_3=27
THERMAL_SENS_OUT_4=29
THERMAL_SENS_OUT_5=36
THERMAL_SENS_OUT_6=-50
THERMAL_SENS_INT_1=27
THERMAL_SENS_INT_2=28
PG_5=1
PG_9=0
PG_12=1
FLT_P2=0
FLT_P3=0
HEAT_1_TEMP=32
HEAT_1_DUTY=0
HEAT_1_SP=-20.0
HEAT_2_TEMP=27
HEAT_2_DUTY=0
HEAT_2_SP=-20.0
HEAT_3_TEMP=29
HEAT_3_DUTY=0
HEAT_3_SP=-20.0
HEAT_4_TEMP=36
HEAT_4_DUTY=0
HEAT_4_SP=-20.0

[22:00:53.854 EBOX]
TS=1786202152.865
V_SENSE5=1.11572265625
V_SENSE9=0.0390625
V_SENSE12=0.126953125
ADC_V5=5.0091552734375
ADC_V9=9.2218017578125
ADC_V12=11.90338134765625
ADC_V28=27.3468017578125
THERMAL_SENS_OUT_1=26
THERMAL_SENS_OUT_2=-50
THERMAL_SENS_OUT_3=30
THERMAL_SENS_OUT_4=26
THERMAL_SENS_OUT_5=37
THERMAL_SENS_OUT_6=-50
THERMAL_SENS_INT_1=24
THERMAL_SENS_INT_2=29
PG_5=1
PG_9=0
PG_12=1
FLT_P2=0
FLT_P3=0
HEAT_1_TEMP=26
HEAT_1_DUTY=0
HEAT_1_SP=-20.0
HEAT_2_TEMP=30
HEAT_2_DUTY=0
HEAT_2_SP=-20.0
HEAT_3_TEMP=26
HEAT_3_DUTY=0
HEAT_3_SP=-20.0
HEAT_4_TEMP=37
HEAT_4_DUTY=0
HEAT_4_SP=-20.0

[22:00:55.782 EBOX]
TS=1786202154.867
V_SENSE5=1.162109375
V_SENSE9=0.0390625
V_SENSE12=0.1220703125
ADC_V5=4.849853515625
ADC_V9=9.168701171875
ADC_V12=11.54937744140625
ADC_V28=27.86895751953125
THERMAL_SENS_OUT_1=29
THERMAL_SENS_OUT_2=-50
THERMAL_SENS_OUT_3=29
THERMAL_SENS_OUT_4=31
THERMAL_SENS_OUT_5=32
THERMAL_SENS_OUT_6=-50
THERMAL_SENS_INT_1=30
THERMAL_SENS_INT_2=26
PG_5=1
PG_9=0
PG_12=1
FLT_P2=0
FLT_P3=0
HEAT_1_TEMP=29
HEAT_1_DUTY=0
HEAT_1_SP=-20.0
HEAT_2_TEMP=29
HEAT_2_DUTY=0
HEAT_2_SP=-20.0
HEAT_3_TEMP=31
HEAT_3_DUTY=0
HEAT_3_SP=-20.0
HEAT_4_TEMP=32
HEAT_4_DUTY=0
HEAT_4_SP=-20.0

[22:00:57.922 EBOX]
TS=1786202156.869
V_SENSE5=1.18896484375
V_SENSE9=0.0341796875
V_SENSE12=0.10498046875
ADC_V5=5.05340576171875
ADC_V9=9.17755126953125
ADC_V12=11.60247802734375
ADC_V28=27.4176025390625
THERMAL_SENS_OUT_1=31
THERMAL_SENS_OUT_2=-50
THERMAL_SENS_OUT_3=27
THERMAL_SENS_OUT_4=26
THERMAL_SENS_OUT_5=34
THERMAL_SENS_OUT_6=-50
THERMAL_SENS_INT_1=27
THERMAL_SENS_INT_2=30
PG_5=1
PG_9=0
PG_12=1
FLT_P2=0
FLT_P3=0
HEAT_1_TEMP=31
HEAT_1_DUTY=0
HEAT_1_SP=-20.0
HEAT_2_TEMP=27
HEAT_2_DUTY=0
HEAT_2_SP=-20.0
HEAT_3_TEMP=26
HEAT_3_DUTY=0
HEAT_3_SP=-20.0
HEAT_4_TEMP=34
HEAT_4_DUTY=0
HEAT_4_SP=-20.0

[22:00:59.754 EBOX]
TS=1786202158.870
V_SENSE5=1.1474609375
V_SENSE9=0.0341796875
V_SENSE12=0.1416015625
ADC_V5=4.91180419921875
ADC_V9=8.956298828125
ADC_V12=11.85028076171875
ADC_V28=28.1787109375
THERMAL_SENS_OUT_1=29
THERMAL_SENS_OUT_2=-50
THERMAL_SENS_OUT_3=25
THERMAL_SENS_OUT_4=31
THERMAL_SENS_OUT_5=34
THERMAL_SENS_OUT_6=-50
THERMAL_SENS_INT_1=25
THERMAL_SENS_INT_2=26
PG_5=1
PG_9=0
PG_12=1
FLT_P2=0
FLT_P3=0
HEAT_1_TEMP=29
HEAT_1_DUTY=0
HEAT_1_SP=-20.0
HEAT_2_TEMP=25
HEAT_2_DUTY=0
HEAT_2_SP=-20.0
HEAT_3_TEMP=31
HEAT_3_DUTY=0
HEAT_3_SP=-20.0
HEAT_4_TEMP=34
HEAT_4_DUTY=0
HEAT_4_SP=-20.0

[22:01:01.915 EBOX]
TS=1786202160.873
V_SENSE5=1.11083984375
V_SENSE9=0.0341796875
V_SENSE12=0.11962890625
ADC_V5=4.920654296875
ADC_V9=9.33685302734375
ADC_V12=11.56707763671875
ADC_V28=27.37335205078125
THERMAL_SENS_OUT_1=26
THERMAL_SENS_OUT_2=-50
THERMAL_SENS_OUT_3=25
THERMAL_SENS_OUT_4=27
THERMAL_SENS_OUT_5=38
THERMAL_SENS_OUT_6=-50
THERMAL_SENS_INT_1=27
THERMAL_SENS_INT_2=26
PG_5=1
PG_9=0
PG_12=1
FLT_P2=0
FLT_P3=0
HEAT_1_TEMP=26
HEAT_1_DUTY=0
HEAT_1_SP=-20.0
HEAT_2_TEMP=25
HEAT_2_DUTY=0
HEAT_2_SP=-20.0
HEAT_3_TEMP=27
HEAT_3_DUTY=0
HEAT_3_SP=-20.0
HEAT_4_TEMP=38
HEAT_4_DUTY=0
HEAT_4_SP=-20.0

[22:01:04.657 EBOX]
TS=1786202162.884
V_SENSE5=1.09130859375
V_SENSE9=0.04150390625
V_SENSE12=0.09765625
ADC_V5=4.8321533203125
ADC_V9=9.40765380859375
ADC_V12=11.859130859375
ADC_V28=27.17864990234375
THERMAL_SENS_OUT_1=29
THERMAL_SENS_OUT_2=-50
THERMAL_SENS_OUT_3=28
THERMAL_SENS_OUT_4=26
THERMAL_SENS_OUT_5=38
THERMAL_SENS_OUT_6=-50
THERMAL_SENS_INT_1=24
THERMAL_SENS_INT_2=32
PG_5=1
PG_9=0
PG_12=1
FLT_P2=0
FLT_P3=0
HEAT_1_TEMP=29
HEAT_1_DUTY=0
HEAT_1_SP=-20.0
HEAT_2_TEMP=28
HEAT_2_DUTY=0
HEAT_2_SP=-20.0
HEAT_3_TEMP=26
HEAT_3_DUTY=0
HEAT_3_SP=-20.0
HEAT_4_TEMP=38
HEAT_4_DUTY=0
HEAT_4_SP=-20.0

[22:01:06.114 EBOX]
TS=1786202164.877
V_SENSE5=1.1181640625
V_SENSE9=0.0341796875
V_SENSE12=0.126953125
ADC_V5=4.991455078125
ADC_V9=9.21295166015625
ADC_V12=11.85028076171875
ADC_V28=27.28485107421875
THERMAL_SENS_OUT_1=28
THERMAL_SENS_OUT_2=-50
THERMAL_SENS_OUT_3=25
THERMAL_SENS_OUT_4=31
THERMAL_SENS_OUT_5=34
THERMAL_SENS_OUT_6=-50
THERMAL_SENS_INT_1=25
THERMAL_SENS_INT_2=31
PG_5=1
PG_9=0
PG_12=1
FLT_P2=0
FLT_P3=0
HEAT_1_TEMP=28
HEAT_1_DUTY=0
HEAT_1_SP=-20.0
HEAT_2_TEMP=25
HEAT_2_DUTY=0
HEAT_2_SP=-20.0
HEAT_3_TEMP=31
HEAT_3_DUTY=0
HEAT_3_SP=-20.0
HEAT_4_TEMP=34
HEAT_4_DUTY=0
HEAT_4_SP=-20.0

[22:01:08.057 EBOX]
TS=1786202166.879
V_SENSE5=1.1328125
V_SENSE9=0.0390625
V_SENSE12=0.09765625
ADC_V5=4.98260498046875
ADC_V9=9.10675048828125
ADC_V12=11.8414306640625
ADC_V28=27.1697998046875
THERMAL_SENS_OUT_1=28
THERMAL_SENS_OUT_2=-50
THERMAL_SENS_OUT_3=26
THERMAL_SENS_OUT_4=28
THERMAL_SENS_OUT_5=34
THERMAL_SENS_OUT_6=-50
THERMAL_SENS_INT_1=27
THERMAL_SENS_INT_2=27
PG_5=1
PG_9=0
PG_12=1
FLT_P2=0
FLT_P3=0
HEAT_1_TEMP=28
HEAT_1_DUTY=0
HEAT_1_SP=-20.0
HEAT_2_TEMP=26
HEAT_2_DUTY=0
HEAT_2_SP=-20.0
HEAT_3_TEMP=28
HEAT_3_DUTY=0
HEAT_3_SP=-20.0
HEAT_4_TEMP=34
HEAT_4_DUTY=0
HEAT_4_SP=-20.0

[22:01:10.063 EBOX]
TS=1786202168.886
V_SENSE5=1.3232421875
V_SENSE9=0.0341796875
V_SENSE12=0.1171875
ADC_V5=4.89410400390625
ADC_V9=8.9385986328125
ADC_V12=11.81488037109375
ADC_V28=27.0989990234375
THERMAL_SENS_OUT_1=28
THERMAL_SENS_OUT_2=-50
THERMAL_SENS_OUT_3=26
THERMAL_SENS_OUT_4=30
THERMAL_SENS_OUT_5=38
THERMAL_SENS_OUT_6=-50
THERMAL_SENS_INT_1=27
THERMAL_SENS_INT_2=31
PG_5=1
PG_9=0
PG_12=1
FLT_P2=0
FLT_P3=0
HEAT_1_TEMP=28
HEAT_1_DUTY=0
HEAT_1_SP=-20.0
HEAT_2_TEMP=26
HEAT_2_DUTY=0
HEAT_2_SP=-20.0
HEAT_3_TEMP=30
HEAT_3_DUTY=0
HEAT_3_SP=-20.0
HEAT_4_TEMP=38
HEAT_4_DUTY=0
HEAT_4_SP=-20.0

[22:01:10.066 CUBESAT]
TS=1786203936.645
PG_5=1
PG_9=0
PG_12=0
FLT_P2=0
FLT_P3=0
HEAT_1_TEMP=0.0
HEAT_1_DUTY=0
HEAT_1_SP=-20.0
ENC_RAW=2189
ENC_ANGLE=48.09814453125
ENC_ACCUM=902.724609375
AUTO_STOP=1
MOTOR_ANGLE=0.004941860465116279
MOTOR_ACCUM=822.5630813953488
MOTOR_ROT=1572

[22:01:11.175 CUBESAT]
TS=1786203938.648
PG_5=1
PG_9=0
PG_12=0
FLT_P2=0
FLT_P3=0
HEAT_1_TEMP=0.0
HEAT_1_DUTY=0
HEAT_1_SP=-20.0
ENC_RAW=2189
ENC_ANGLE=48.09814453125
ENC_ACCUM=902.724609375
AUTO_STOP=1
MOTOR_ANGLE=0.004941860465116279
MOTOR_ACCUM=822.5630813953488
MOTOR_ROT=1572

[22:01:11.795 EBOX]
TS=1786202170.880
V_SENSE5=1.33056640625
V_SENSE9=0.0341796875
V_SENSE12=0.15380859375
ADC_V5=4.9737548828125
ADC_V9=8.9739990234375
ADC_V12=11.8414306640625
ADC_V28=27.30255126953125
THERMAL_SENS_OUT_1=29
THERMAL_SENS_OUT_2=-50
THERMAL_SENS_OUT_3=28
THERMAL_SENS_OUT_4=26
THERMAL_SENS_OUT_5=34
THERMAL_SENS_OUT_6=-50
THERMAL_SENS_INT_1=25
THERMAL_SENS_INT_2=31
PG_5=1
PG_9=0
PG_12=1
FLT_P2=0
FLT_P3=0
HEAT_1_TEMP=29
HEAT_1_DUTY=0
HEAT_1_SP=-20.0
HEAT_2_TEMP=28
HEAT_2_DUTY=0
HEAT_2_SP=-20.0
HEAT_3_TEMP=26
HEAT_3_DUTY=0
HEAT_3_SP=-20.0
HEAT_4_TEMP=34
HEAT_4_DUTY=0
HEAT_4_SP=-20.0

[22:01:13.405 CUBESAT]
TS=1786203940.651
PG_5=1
PG_9=0
PG_12=0
FLT_P2=0
FLT_P3=0
HEAT_1_TEMP=0.0
HEAT_1_DUTY=0
HEAT_1_SP=-20.0
ENC_RAW=2189
ENC_ANGLE=48.09814453125
ENC_ACCUM=902.724609375
AUTO_STOP=1
MOTOR_ANGLE=0.004941860465116279
MOTOR_ACCUM=822.5630813953488
MOTOR_ROT=1572

[22:01:13.726 EBOX]
TS=1786202172.885
V_SENSE5=1.298828125
V_SENSE9=0.0390625
V_SENSE12=0.10009765625
ADC_V5=4.8675537109375
ADC_V9=9.10675048828125
ADC_V12=11.717529296875
ADC_V28=27.96630859375
THERMAL_SENS_OUT_1=27
THERMAL_SENS_OUT_2=-50
THERMAL_SENS_OUT_3=26
THERMAL_SENS_OUT_4=28
THERMAL_SENS_OUT_5=37
THERMAL_SENS_OUT_6=-50
THERMAL_SENS_INT_1=25
THERMAL_SENS_INT_2=29
PG_5=1
PG_9=0
PG_12=1
FLT_P2=0
FLT_P3=0
HEAT_1_TEMP=27
HEAT_1_DUTY=0
HEAT_1_SP=-20.0
HEAT_2_TEMP=26
HEAT_2_DUTY=0
HEAT_2_SP=-20.0
HEAT_3_TEMP=28
HEAT_3_DUTY=0
HEAT_3_SP=-20.0
HEAT_4_TEMP=37
HEAT_4_DUTY=0
HEAT_4_SP=-20.0

[22:01:15.637 CUBESAT]
TS=1786203942.654
PG_5=1
PG_9=0
PG_12=0
FLT_P2=0
FLT_P3=0
HEAT_1_TEMP=0.0
HEAT_1_DUTY=0
HEAT_1_SP=-20.0
ENC_RAW=2192
ENC_ANGLE=48.1640625
ENC_ACCUM=902.79052734375
AUTO_STOP=1
MOTOR_ANGLE=0.004941860465116279
MOTOR_ACCUM=822.5630813953488
MOTOR_ROT=1572

[22:01:16.057 EBOX]
TS=1786202174.889
V_SENSE5=1.31103515625
V_SENSE9=0.0390625
V_SENSE12=0.09521484375
ADC_V5=4.89410400390625
ADC_V9=9.31915283203125
ADC_V12=11.70867919921875
ADC_V28=27.90435791015625
THERMAL_SENS_OUT_1=28
THERMAL_SENS_OUT_2=-50
THERMAL_SENS_OUT_3=25
THERMAL_SENS_OUT_4=28
THERMAL_SENS_OUT_5=33
THERMAL_SENS_OUT_6=-50
THERMAL_SENS_INT_1=27
THERMAL_SENS_INT_2=27
PG_5=1
PG_9=0
PG_12=1
FLT_P2=0
FLT_P3=0
HEAT_1_TEMP=28
HEAT_1_DUTY=0
HEAT_1_SP=-20.0
HEAT_2_TEMP=25
HEAT_2_DUTY=0
HEAT_2_SP=-20.0
HEAT_3_TEMP=28
HEAT_3_DUTY=0
HEAT_3_SP=-20.0
HEAT_4_TEMP=33
HEAT_4_DUTY=0
HEAT_4_SP=-20.0

[22:01:17.163 CUBESAT]
TS=1786203944.658
PG_5=1
PG_9=0
PG_12=0
FLT_P2=0
FLT_P3=0
HEAT_1_TEMP=0.0
HEAT_1_DUTY=10
HEAT_1_SP=-20.0
ENC_RAW=2190
ENC_ANGLE=48.1201171875
ENC_ACCUM=902.74658203125
AUTO_STOP=1
MOTOR_ANGLE=0.004941860465116279
MOTOR_ACCUM=822.5630813953488
MOTOR_ROT=1572

[22:01:17.785 EBOX]
TS=1786202176.887
V_SENSE5=1.3134765625
V_SENSE9=0.07568359375
V_SENSE12=0.09765625
ADC_V5=4.96490478515625
ADC_V9=9.17755126953125
ADC_V12=11.83258056640625
ADC_V28=27.90435791015625
THERMAL_SENS_OUT_1=29
THERMAL_SENS_OUT_2=-50
THERMAL_SENS_OUT_3=25
THERMAL_SENS_OUT_4=30
THERMAL_SENS_OUT_5=33
THERMAL_SENS_OUT_6=-50
THERMAL_SENS_INT_1=24
THERMAL_SENS_INT_2=27
PG_5=1
PG_9=0
PG_12=1
FLT_P2=0
FLT_P3=0
HEAT_1_TEMP=29
HEAT_1_DUTY=0
HEAT_1_SP=-20.0
HEAT_2_TEMP=25
HEAT_2_DUTY=0
HEAT_2_SP=-20.0
HEAT_3_TEMP=30
HEAT_3_DUTY=0
HEAT_3_SP=-20.0
HEAT_4_TEMP=33
HEAT_4_DUTY=0
HEAT_4_SP=-20.0

[22:01:19.395 CUBESAT]
TS=1786203946.661
PG_5=1
PG_9=0
PG_12=0
FLT_P2=0
FLT_P3=0
HEAT_1_TEMP=0.0
HEAT_1_DUTY=0
HEAT_1_SP=-20.0
ENC_RAW=2189
ENC_ANGLE=48.09814453125
ENC_ACCUM=902.724609375
AUTO_STOP=1
MOTOR_ANGLE=0.004941860465116279
MOTOR_ACCUM=822.5630813953488
MOTOR_ROT=1572

[22:01:20.126 EBOX]
TS=1786202178.891
V_SENSE5=1.11328125
V_SENSE9=0.0390625
V_SENSE12=0.1171875
ADC_V5=5.01800537109375
ADC_V9=9.40765380859375
ADC_V12=11.4697265625
ADC_V28=27.5238037109375
THERMAL_SENS_OUT_1=29
THERMAL_SENS_OUT_2=-50
THERMAL_SENS_OUT_3=26
THERMAL_SENS_OUT_4=32
THERMAL_SENS_OUT_5=34
THERMAL_SENS_OUT_6=-50
THERMAL_SENS_INT_1=30
THERMAL_SENS_INT_2=28
PG_5=1
PG_9=0
PG_12=1
FLT_P2=0
FLT_P3=0
HEAT_1_TEMP=29
HEAT_1_DUTY=0
HEAT_1_SP=-20.0
HEAT_2_TEMP=26
HEAT_2_DUTY=0
HEAT_2_SP=-20.0
HEAT_3_TEMP=32
HEAT_3_DUTY=0
HEAT_3_SP=-20.0
HEAT_4_TEMP=34
HEAT_4_DUTY=0
HEAT_4_SP=-20.0

[22:01:21.233 CUBESAT]
TS=1786203948.664
PG_5=1
PG_9=0
PG_12=0
FLT_P2=0
FLT_P3=0
HEAT_1_TEMP=0.0
HEAT_1_DUTY=0
HEAT_1_SP=-20.0
ENC_RAW=2189
ENC_ANGLE=48.09814453125
ENC_ACCUM=902.724609375
AUTO_STOP=1
MOTOR_ANGLE=0.004941860465116279
MOTOR_ACCUM=822.5630813953488
MOTOR_ROT=1572

[22:01:22.963 EBOX]
TS=1786202180.891
V_SENSE5=1.201171875
V_SENSE9=0.0390625
V_SENSE12=0.1220703125
ADC_V5=4.92950439453125
ADC_V9=8.85894775390625
ADC_V12=11.929931640625
ADC_V28=27.74505615234375
THERMAL_SENS_OUT_1=27
THERMAL_SENS_OUT_2=-50
THERMAL_SENS_OUT_3=26
THERMAL_SENS_OUT_4=29
THERMAL_SENS_OUT_5=33
THERMAL_SENS_OUT_6=-50
THERMAL_SENS_INT_1=28
THERMAL_SENS_INT_2=29
PG_5=1
PG_9=0
PG_12=1
FLT_P2=0
FLT_P3=0
HEAT_1_TEMP=27
HEAT_1_DUTY=0
HEAT_1_SP=-20.0
HEAT_2_TEMP=26
HEAT_2_DUTY=0
HEAT_2_SP=-20.0
HEAT_3_TEMP=29
HEAT_3_DUTY=0
HEAT_3_SP=-20.0
HEAT_4_TEMP=33
HEAT_4_DUTY=0
HEAT_4_SP=-20.0

[22:01:23.469 CUBESAT]
TS=1786203950.668
PG_5=1
PG_9=0
PG_12=0
FLT_P2=0
FLT_P3=0
HEAT_1_TEMP=0.0
HEAT_1_DUTY=0
HEAT_1_SP=-20.0
ENC_RAW=2189
ENC_ANGLE=48.09814453125
ENC_ACCUM=902.724609375
AUTO_STOP=1
MOTOR_ANGLE=0.004941860465116279
MOTOR_ACCUM=822.5630813953488
MOTOR_ROT=1572

[22:01:23.789 EBOX]
TS=1786202182.891
V_SENSE5=1.1181640625
V_SENSE9=0.0390625
V_SENSE12=0.1025390625
ADC_V5=4.9029541015625
ADC_V9=9.5758056640625
ADC_V12=11.56707763671875
ADC_V28=27.82470703125
THERMAL_SENS_OUT_1=27
THERMAL_SENS_OUT_2=-50
THERMAL_SENS_OUT_3=26
THERMAL_SENS_OUT_4=27
THERMAL_SENS_OUT_5=39
THERMAL_SENS_OUT_6=-50
THERMAL_SENS_INT_1=25
THERMAL_SENS_INT_2=26
PG_5=1
PG_9=0
PG_12=1
FLT_P2=0
FLT_P3=0
HEAT_1_TEMP=27
HEAT_1_DUTY=0
HEAT_1_SP=-20.0
HEAT_2_TEMP=26
HEAT_2_DUTY=0
HEAT_2_SP=-20.0
HEAT_3_TEMP=27
HEAT_3_DUTY=0
HEAT_3_SP=-20.0
HEAT_4_TEMP=39
HEAT_4_DUTY=0
HEAT_4_SP=-20.0

[22:01:25.197 CUBESAT]
TS=1786203952.671
PG_5=1
PG_9=0
PG_12=0
FLT_P2=0
FLT_P3=0
HEAT_1_TEMP=0.0
HEAT_1_DUTY=0
HEAT_1_SP=-20.0
ENC_RAW=2188
ENC_ANGLE=48.076171875
ENC_ACCUM=902.70263671875
AUTO_STOP=1
MOTOR_ANGLE=0.004941860465116279
MOTOR_ACCUM=822.5630813953488
MOTOR_ROT=1572

[22:01:25.923 EBOX]
TS=1786202184.893
V_SENSE5=1.17431640625
V_SENSE9=0.0341796875
V_SENSE12=0.13427734375
ADC_V5=4.88525390625
ADC_V9=9.15985107421875
ADC_V12=11.54052734375
ADC_V28=27.75390625
THERMAL_SENS_OUT_1=31
THERMAL_SENS_OUT_2=-50
THERMAL_SENS_OUT_3=29
THERMAL_SENS_OUT_4=29
THERMAL_SENS_OUT_5=37
THERMAL_SENS_OUT_6=-50
THERMAL_SENS_INT_1=27
THERMAL_SENS_INT_2=26
PG_5=1
PG_9=0
PG_12=1
FLT_P2=0
FLT_P3=0
HEAT_1_TEMP=31
HEAT_1_DUTY=0
HEAT_1_SP=-20.0
HEAT_2_TEMP=29
HEAT_2_DUTY=0
HEAT_2_SP=-20.0
HEAT_3_TEMP=29
HEAT_3_DUTY=0
HEAT_3_SP=-20.0
HEAT_4_TEMP=37
HEAT_4_DUTY=0
HEAT_4_SP=-20.0

[22:01:27.332 CUBESAT]
TS=1786203954.675
PG_5=1
PG_9=0
PG_12=0
FLT_P2=0
FLT_P3=0
HEAT_1_TEMP=0.0
HEAT_1_DUTY=10
HEAT_1_SP=-20.0
ENC_RAW=2188
ENC_ANGLE=48.076171875
ENC_ACCUM=902.70263671875
AUTO_STOP=1
MOTOR_ANGLE=0.004941860465116279
MOTOR_ACCUM=822.5630813953488
MOTOR_ROT=1572

[22:01:27.852 EBOX]
TS=1786202186.895
V_SENSE5=1.24267578125
V_SENSE9=0.03662109375
V_SENSE12=0.1025390625
ADC_V5=5.00030517578125
ADC_V9=8.98284912109375
ADC_V12=11.89453125
ADC_V28=28.02825927734375
THERMAL_SENS_OUT_1=26
THERMAL_SENS_OUT_2=-50
THERMAL_SENS_OUT_3=25
THERMAL_SENS_OUT_4=31
THERMAL_SENS_OUT_5=34
THERMAL_SENS_OUT_6=-50
THERMAL_SENS_INT_1=29
THERMAL_SENS_INT_2=31
PG_5=1
PG_9=0
PG_12=1
FLT_P2=0
FLT_P3=0
HEAT_1_TEMP=26
HEAT_1_DUTY=0
HEAT_1_SP=-20.0
HEAT_2_TEMP=25
HEAT_2_DUTY=0
HEAT_2_SP=-20.0
HEAT_3_TEMP=31
HEAT_3_DUTY=0
HEAT_3_SP=-20.0
HEAT_4_TEMP=34
HEAT_4_DUTY=0
HEAT_4_SP=-20.0

[22:01:29.883 EBOX]
TS=1786202188.898
V_SENSE5=1.19140625
V_SENSE9=0.0341796875
V_SENSE12=0.13671875
ADC_V5=4.991455078125
ADC_V9=9.027099609375
ADC_V12=11.82373046875
ADC_V28=27.76275634765625
THERMAL_SENS_OUT_1=28
THERMAL_SENS_OUT_2=-50
THERMAL_SENS_OUT_3=27
THERMAL_SENS_OUT_4=31
THERMAL_SENS_OUT_5=32
THERMAL_SENS_OUT_6=-50
THERMAL_SENS_INT_1=27
THERMAL_SENS_INT_2=31
PG_5=1
PG_9=0
PG_12=1
FLT_P2=0
FLT_P3=0
HEAT_1_TEMP=28
HEAT_1_DUTY=0
HEAT_1_SP=-20.0
HEAT_2_TEMP=27
HEAT_2_DUTY=0
HEAT_2_SP=-20.0
HEAT_3_TEMP=31
HEAT_3_DUTY=0
HEAT_3_SP=-20.0
HEAT_4_TEMP=32
HEAT_4_DUTY=0
HEAT_4_SP=-20.0

[22:01:29.884 CUBESAT]
TS=1786203956.678
PG_5=1
PG_9=0
PG_12=0
FLT_P2=0
FLT_P3=0
HEAT_1_TEMP=0.0
HEAT_1_DUTY=0
HEAT_1_SP=-20.0
ENC_RAW=2188
ENC_ANGLE=48.076171875
ENC_ACCUM=902.70263671875
AUTO_STOP=1
MOTOR_ANGLE=0.004941860465116279
MOTOR_ACCUM=822.5630813953488
MOTOR_ROT=1572

[22:01:31.191 CUBESAT]
TS=1786203958.681
PG_5=1
PG_9=0
PG_12=0
FLT_P2=0
FLT_P3=0
HEAT_1_TEMP=0.0
HEAT_1_DUTY=0
HEAT_1_SP=-20.0
ENC_RAW=2186
ENC_ANGLE=48.0322265625
ENC_ACCUM=902.65869140625
AUTO_STOP=1
MOTOR_ANGLE=0.004941860465116279
MOTOR_ACCUM=822.5630813953488
MOTOR_ROT=1572

[22:01:31.922 EBOX]
TS=1786202190.899
V_SENSE5=1.1181640625
V_SENSE9=0.0341796875
V_SENSE12=0.13916015625
ADC_V5=5.05340576171875
ADC_V9=9.26605224609375
ADC_V12=11.68212890625
ADC_V28=28.0902099609375
THERMAL_SENS_OUT_1=27
THERMAL_SENS_OUT_2=-50
THERMAL_SENS_OUT_3=27
THERMAL_SENS_OUT_4=30
THERMAL_SENS_OUT_5=33
THERMAL_SENS_OUT_6=-50
THERMAL_SENS_INT_1=25
THERMAL_SENS_INT_2=26
PG_5=1
PG_9=0
PG_12=1
FLT_P2=0
FLT_P3=0
HEAT_1_TEMP=27
HEAT_1_DUTY=0
HEAT_1_SP=-20.0
HEAT_2_TEMP=27
HEAT_2_DUTY=0
HEAT_2_SP=-20.0
HEAT_3_TEMP=30
HEAT_3_DUTY=0
HEAT_3_SP=-20.0
HEAT_4_TEMP=33
HEAT_4_DUTY=0
HEAT_4_SP=-20.0

[22:01:33.432 CUBESAT]
TS=1786203960.682
PG_5=1
PG_9=0
PG_12=0
FLT_P2=0
FLT_P3=0
HEAT_1_TEMP=0.0
HEAT_1_DUTY=0
HEAT_1_SP=-20.0
ENC_RAW=2188
ENC_ANGLE=48.076171875
ENC_ACCUM=902.70263671875
AUTO_STOP=1
MOTOR_ANGLE=0.004941860465116279
MOTOR_ACCUM=822.5630813953488
MOTOR_ROT=1572

[22:01:33.954 EBOX]
TS=1786202192.901
V_SENSE5=1.22802734375
V_SENSE9=0.03662109375
V_SENSE12=0.126953125
ADC_V5=4.9560546875
ADC_V9=9.239501953125
ADC_V12=11.56707763671875
ADC_V28=28.01055908203125
THERMAL_SENS_OUT_1=32
THERMAL_SENS_OUT_2=-50
THERMAL_SENS_OUT_3=29
THERMAL_SENS_OUT_4=26
THERMAL_SENS_OUT_5=35
THERMAL_SENS_OUT_6=-50
THERMAL_SENS_INT_1=28
THERMAL_SENS_INT_2=26
PG_5=1
PG_9=0
PG_12=1
FLT_P2=0
FLT_P3=0
HEAT_1_TEMP=32
HEAT_1_DUTY=0
HEAT_1_SP=-20.0
HEAT_2_TEMP=29
HEAT_2_DUTY=0
HEAT_2_SP=-20.0
HEAT_3_TEMP=26
HEAT_3_DUTY=0
HEAT_3_SP=-20.0
HEAT_4_TEMP=35
HEAT_4_DUTY=0
HEAT_4_SP=-20.0

[22:01:35.419 CUBESAT]
TS=1786203962.684
PG_5=1
PG_9=0
PG_12=0
FLT_P2=0
FLT_P3=0
HEAT_1_TEMP=0.0
HEAT_1_DUTY=0
HEAT_1_SP=-20.0
ENC_RAW=2189
ENC_ANGLE=48.09814453125
ENC_ACCUM=902.724609375
AUTO_STOP=1
MOTOR_ANGLE=0.004941860465116279
MOTOR_ACCUM=822.5630813953488
MOTOR_ROT=1572

[22:01:36.142 EBOX]
TS=1786202194.904
V_SENSE5=1.1474609375
V_SENSE9=0.03662109375
V_SENSE12=0.0927734375
ADC_V5=5.05340576171875
ADC_V9=8.9031982421875
ADC_V12=11.89453125
ADC_V28=27.7008056640625
THERMAL_SENS_OUT_1=30
THERMAL_SENS_OUT_2=-50
THERMAL_SENS_OUT_3=27
THERMAL_SENS_OUT_4=26
THERMAL_SENS_OUT_5=34
THERMAL_SENS_OUT_6=-50
THERMAL_SENS_INT_1=29
THERMAL_SENS_INT_2=27
PG_5=1
PG_9=0
PG_12=1
FLT_P2=0
FLT_P3=0
HEAT_1_TEMP=30
HEAT_1_DUTY=0
HEAT_1_SP=-20.0
HEAT_2_TEMP=27
HEAT_2_DUTY=0
HEAT_2_SP=-20.0
HEAT_3_TEMP=26
HEAT_3_DUTY=0
HEAT_3_SP=-20.0
HEAT_4_TEMP=34
HEAT_4_DUTY=0
HEAT_4_SP=-20.0

[22:01:37.249 CUBESAT]
TS=1786203964.691
PG_5=1
PG_9=0
PG_12=0
FLT_P2=0
FLT_P3=0
HEAT_1_TEMP=0.0
HEAT_1_DUTY=0
HEAT_1_SP=-20.0
ENC_RAW=2188
ENC_ANGLE=48.076171875
ENC_ACCUM=902.70263671875
AUTO_STOP=1
MOTOR_ANGLE=0.004941860465116279
MOTOR_ACCUM=822.5630813953488
MOTOR_ROT=1572

[22:01:38.577 EBOX]
TS=1786202196.905
V_SENSE5=1.29638671875
V_SENSE9=0.03662109375
V_SENSE12=0.11474609375
ADC_V5=4.98260498046875
ADC_V9=9.28375244140625
ADC_V12=11.82373046875
ADC_V28=27.17864990234375
THERMAL_SENS_OUT_1=29
THERMAL_SENS_OUT_2=-50
THERMAL_SENS_OUT_3=26
THERMAL_SENS_OUT_4=28
THERMAL_SENS_OUT_5=33
THERMAL_SENS_OUT_6=-50
THERMAL_SENS_INT_1=26
THERMAL_SENS_INT_2=31
PG_5=1
PG_9=0
PG_12=1
FLT_P2=0
FLT_P3=0
HEAT_1_TEMP=29
HEAT_1_DUTY=0
HEAT_1_SP=-20.0
HEAT_2_TEMP=26
HEAT_2_DUTY=0
HEAT_2_SP=-20.0
HEAT_3_TEMP=28
HEAT_3_DUTY=0
HEAT_3_SP=-20.0
HEAT_4_TEMP=33
HEAT_4_DUTY=0
HEAT_4_SP=-20.0

[22:01:39.383 CUBESAT]
TS=1786203966.693
PG_5=1
PG_9=0
PG_12=0
FLT_P2=0
FLT_P3=0
HEAT_1_TEMP=0.0
HEAT_1_DUTY=0
HEAT_1_SP=-20.0
ENC_RAW=2188
ENC_ANGLE=48.076171875
ENC_ACCUM=902.70263671875
AUTO_STOP=1
MOTOR_ANGLE=0.004941860465116279
MOTOR_ACCUM=822.5630813953488
MOTOR_ROT=1572

[22:01:40.314 EBOX]
TS=1786202198.906
V_SENSE5=1.24267578125
V_SENSE9=0.0390625
V_SENSE12=0.13671875
ADC_V5=5.08880615234375
ADC_V9=9.3280029296875
ADC_V12=11.60247802734375
ADC_V28=27.6123046875
THERMAL_SENS_OUT_1=32
THERMAL_SENS_OUT_2=-50
THERMAL_SENS_OUT_3=29
THERMAL_SENS_OUT_4=27
THERMAL_SENS_OUT_5=37
THERMAL_SENS_OUT_6=-50
THERMAL_SENS_INT_1=30
THERMAL_SENS_INT_2=25
PG_5=1
PG_9=0
PG_12=1
FLT_P2=0
FLT_P3=0
HEAT_1_TEMP=32
HEAT_1_DUTY=0
HEAT_1_SP=-20.0
HEAT_2_TEMP=29
HEAT_2_DUTY=0
HEAT_2_SP=-20.0
HEAT_3_TEMP=27
HEAT_3_DUTY=0
HEAT_3_SP=-20.0
HEAT_4_TEMP=37
HEAT_4_DUTY=0
HEAT_4_SP=-20.0

[22:01:42.145 EBOX]
TS=1786202200.907
V_SENSE5=1.44287109375
V_SENSE9=0.0341796875
V_SENSE12=0.13427734375
ADC_V5=4.9560546875
ADC_V9=9.027099609375
ADC_V12=11.7529296875
ADC_V28=27.56805419921875
THERMAL_SENS_OUT_1=27
THERMAL_SENS_OUT_2=-50
THERMAL_SENS_OUT_3=29
THERMAL_SENS_OUT_4=27
THERMAL_SENS_OUT_5=37
THERMAL_SENS_OUT_6=-50
THERMAL_SENS_INT_1=29
THERMAL_SENS_INT_2=26
PG_5=1
PG_9=0
PG_12=1
FLT_P2=0
FLT_P3=0
HEAT_1_TEMP=27
HEAT_1_DUTY=0
HEAT_1_SP=-20.0
HEAT_2_TEMP=29
HEAT_2_DUTY=0
HEAT_2_SP=-20.0
HEAT_3_TEMP=27
HEAT_3_DUTY=0
HEAT_3_SP=-20.0
HEAT_4_TEMP=37
HEAT_4_DUTY=0
HEAT_4_SP=-20.0

[22:01:42.146 CUBESAT]
TS=1786203968.694
PG_5=1
PG_9=0
PG_12=0
FLT_P2=0
FLT_P3=0
HEAT_1_TEMP=0.0
HEAT_1_DUTY=0
HEAT_1_SP=-20.0
ENC_RAW=2190
ENC_ANGLE=48.1201171875
ENC_ACCUM=902.74658203125
AUTO_STOP=1
MOTOR_ANGLE=0.004941860465116279
MOTOR_ACCUM=822.5630813953488
MOTOR_ROT=1572

[22:01:44.581 EBOX]
TS=1786202202.910
V_SENSE5=1.1328125
V_SENSE9=0.10498046875
V_SENSE12=0.10009765625
ADC_V5=4.87640380859375
ADC_V9=9.05364990234375
ADC_V12=11.68212890625
ADC_V28=27.70965576171875
THERMAL_SENS_OUT_1=28
THERMAL_SENS_OUT_2=-50
THERMAL_SENS_OUT_3=28
THERMAL_SENS_OUT_4=29
THERMAL_SENS_OUT_5=35
THERMAL_SENS_OUT_6=-50
THERMAL_SENS_INT_1=28
THERMAL_SENS_INT_2=27
PG_5=1
PG_9=0
PG_12=1
FLT_P2=0
FLT_P3=0
HEAT_1_TEMP=28
HEAT_1_DUTY=0
HEAT_1_SP=-20.0
HEAT_2_TEMP=28
HEAT_2_DUTY=0
HEAT_2_SP=-20.0
HEAT_3_TEMP=29
HEAT_3_DUTY=0
HEAT_3_SP=-20.0
HEAT_4_TEMP=35
HEAT_4_DUTY=0
HEAT_4_SP=-20.0

[22:01:44.583 CUBESAT]
TS=1786203970.701
PG_5=1
PG_9=0
PG_12=0
FLT_P2=0
FLT_P3=0
HEAT_1_TEMP=0.0
HEAT_1_DUTY=10
HEAT_1_SP=-20.0
ENC_RAW=2187
ENC_ANGLE=48.05419921875
ENC_ACCUM=902.6806640625
AUTO_STOP=1
MOTOR_ANGLE=0.004941860465116279
MOTOR_ACCUM=822.5630813953488
MOTOR_ROT=1572

[22:01:45.690 CUBESAT]
TS=1786203972.705
PG_5=1
PG_9=0
PG_12=0
FLT_P2=0
FLT_P3=0
HEAT_1_TEMP=0.0
HEAT_1_DUTY=0
HEAT_1_SP=-20.0
ENC_RAW=2187
ENC_ANGLE=48.05419921875
ENC_ACCUM=902.6806640625
AUTO_STOP=1
MOTOR_ANGLE=0.004941860465116279
MOTOR_ACCUM=822.5630813953488
MOTOR_ROT=1572

[22:01:47.335 EBOX]
TS=1786202204.911
V_SENSE5=1.3427734375
V_SENSE9=0.0390625
V_SENSE12=0.09521484375
ADC_V5=4.9560546875
ADC_V9=9.40765380859375
ADC_V12=11.9476318359375
ADC_V28=27.81585693359375
THERMAL_SENS_OUT_1=29
THERMAL_SENS_OUT_2=-50
THERMAL_SENS_OUT_3=27
THERMAL_SENS_OUT_4=26
THERMAL_SENS_OUT_5=35
THERMAL_SENS_OUT_6=-50
THERMAL_SENS_INT_1=27
THERMAL_SENS_INT_2=28
PG_5=1
PG_9=0
PG_12=1
FLT_P2=0
FLT_P3=0
HEAT_1_TEMP=29
HEAT_1_DUTY=0
HEAT_1_SP=-20.0
HEAT_2_TEMP=27
HEAT_2_DUTY=0
HEAT_2_SP=-20.0
HEAT_3_TEMP=26
HEAT_3_DUTY=0
HEAT_3_SP=-20.0
HEAT_4_TEMP=35
HEAT_4_DUTY=0
HEAT_4_SP=-20.0

[22:01:48.543 CUBESAT]
TS=1786203974.708
PG_5=1
PG_9=0
PG_12=0
FLT_P2=0
FLT_P3=0
HEAT_1_TEMP=0.0
HEAT_1_DUTY=0
HEAT_1_SP=-20.0
ENC_RAW=2185
ENC_ANGLE=48.01025390625
ENC_ACCUM=902.63671875
AUTO_STOP=1
MOTOR_ANGLE=0.004941860465116279
MOTOR_ACCUM=822.5630813953488
MOTOR_ROT=1572

[22:01:49.163 EBOX]
TS=1786202206.912
V_SENSE5=1.23779296875
V_SENSE9=0.0390625
V_SENSE12=0.13671875
ADC_V5=5.00030517578125
ADC_V9=9.3634033203125
ADC_V12=11.6644287109375
ADC_V28=27.17864990234375
THERMAL_SENS_OUT_1=32
THERMAL_SENS_OUT_2=-50
THERMAL_SENS_OUT_3=24
THERMAL_SENS_OUT_4=28
THERMAL_SENS_OUT_5=37
THERMAL_SENS_OUT_6=-50
THERMAL_SENS_INT_1=29
THERMAL_SENS_INT_2=26
PG_5=1
PG_9=0
PG_12=1
FLT_P2=0
FLT_P3=0
HEAT_1_TEMP=32
HEAT_1_DUTY=0
HEAT_1_SP=-20.0
HEAT_2_TEMP=24
HEAT_2_DUTY=0
HEAT_2_SP=-20.0
HEAT_3_TEMP=28
HEAT_3_DUTY=0
HEAT_3_SP=-20.0
HEAT_4_TEMP=37
HEAT_4_DUTY=0
HEAT_4_SP=-20.0

[22:01:50.701 CUBESAT]
TS=1786203976.711
PG_5=1
PG_9=0
PG_12=0
FLT_P2=0
FLT_P3=0
HEAT_1_TEMP=0.0
HEAT_1_DUTY=0
HEAT_1_SP=-20.0
ENC_RAW=2185
ENC_ANGLE=48.01025390625
ENC_ACCUM=902.63671875
AUTO_STOP=1
MOTOR_ANGLE=0.004941860465116279
MOTOR_ACCUM=822.5630813953488
MOTOR_ROT=1572

[22:01:51.020 EBOX]
TS=1786202208.914
V_SENSE5=1.2158203125
V_SENSE9=0.0390625
V_SENSE12=0.13671875
ADC_V5=4.87640380859375
ADC_V9=9.2041015625
ADC_V12=11.56707763671875
ADC_V28=27.92205810546875
THERMAL_SENS_OUT_1=33
THERMAL_SENS_OUT_2=-50
THERMAL_SENS_OUT_3=26
THERMAL_SENS_OUT_4=26
THERMAL_SENS_OUT_5=37
THERMAL_SENS_OUT_6=-50
THERMAL_SENS_INT_1=31
THERMAL_SENS_INT_2=29
PG_5=1
PG_9=0
PG_12=1
FLT_P2=0
FLT_P3=0
HEAT_1_TEMP=33
HEAT_1_DUTY=0
HEAT_1_SP=-20.0
HEAT_2_TEMP=26
HEAT_2_DUTY=0
HEAT_2_SP=-20.0
HEAT_3_TEMP=26
HEAT_3_DUTY=0
HEAT_3_SP=-20.0
HEAT_4_TEMP=37
HEAT_4_DUTY=0
HEAT_4_SP=-20.0

[22:01:53.151 EBOX]
TS=1786202210.915
V_SENSE5=1.28173828125
V_SENSE9=0.0390625
V_SENSE12=0.09765625
ADC_V5=4.9737548828125
ADC_V9=8.885498046875
ADC_V12=11.47857666015625
ADC_V28=27.75390625
THERMAL_SENS_OUT_1=32
THERMAL_SENS_OUT_2=-50
THERMAL_SENS_OUT_3=24
THERMAL_SENS_OUT_4=28
THERMAL_SENS_OUT_5=36
THERMAL_SENS_OUT_6=-50
THERMAL_SENS_INT_1=28
THERMAL_SENS_INT_2=27
PG_5=1
PG_9=0
PG_12=1
FLT_P2=0
FLT_P3=0
HEAT_1_TEMP=32
HEAT_1_DUTY=0
HEAT_1_SP=-20.0
HEAT_2_TEMP=24
HEAT_2_DUTY=0
HEAT_2_SP=-20.0
HEAT_3_TEMP=28
HEAT_3_DUTY=0
HEAT_3_SP=-20.0
HEAT_4_TEMP=36
HEAT_4_DUTY=0
HEAT_4_SP=-20.0

[22:01:53.556 CUBESAT]
TS=1786203978.712
PG_5=1
PG_9=0
PG_12=0
FLT_P2=0
FLT_P3=0
HEAT_1_TEMP=0.0
HEAT_1_DUTY=0
HEAT_1_SP=-20.0
ENC_RAW=2188
ENC_ANGLE=48.076171875
ENC_ACCUM=902.70263671875
AUTO_STOP=1
MOTOR_ANGLE=0.004941860465116279
MOTOR_ACCUM=822.5630813953488
MOTOR_ROT=1572

[22:01:54.179 CUBESAT]
TS=1786203980.715
PG_5=1
PG_9=0
PG_12=0
FLT_P2=0
FLT_P3=0
HEAT_1_TEMP=0.0
HEAT_1_DUTY=10
HEAT_1_SP=-20.0
ENC_RAW=2189
ENC_ANGLE=48.09814453125
ENC_ACCUM=902.724609375
AUTO_STOP=1
MOTOR_ANGLE=0.004941860465116279
MOTOR_ACCUM=822.5630813953488
MOTOR_ROT=1572

[22:01:54.298 EBOX]
TS=1786202212.917
V_SENSE5=1.26708984375
V_SENSE9=0.0341796875
V_SENSE12=0.10009765625
ADC_V5=4.9029541015625
ADC_V9=9.2572021484375
ADC_V12=11.88568115234375
ADC_V28=27.470703125
THERMAL_SENS_OUT_1=28
THERMAL_SENS_OUT_2=-50
THERMAL_SENS_OUT_3=28
THERMAL_SENS_OUT_4=26
THERMAL_SENS_OUT_5=37
THERMAL_SENS_OUT_6=-50
THERMAL_SENS_INT_1=28
THERMAL_SENS_INT_2=26
PG_5=1
PG_9=0
PG_12=1
FLT_P2=0
FLT_P3=0
HEAT_1_TEMP=28
HEAT_1_DUTY=0
HEAT_1_SP=-20.0
HEAT_2_TEMP=28
HEAT_2_DUTY=0
HEAT_2_SP=-20.0
HEAT_3_TEMP=26
HEAT_3_DUTY=0
HEAT_3_SP=-20.0
HEAT_4_TEMP=37
HEAT_4_DUTY=0
HEAT_4_SP=-20.0

[22:01:55.769 EBOX]
TS=1786202214.922
V_SENSE5=1.2255859375
V_SENSE9=0.04150390625
V_SENSE12=0.1025390625
ADC_V5=4.88525390625
ADC_V9=9.31915283203125
ADC_V12=11.7529296875
ADC_V28=27.44415283203125
THERMAL_SENS_OUT_1=26
THERMAL_SENS_OUT_2=-50
THERMAL_SENS_OUT_3=25
THERMAL_SENS_OUT_4=28
THERMAL_SENS_OUT_5=33
THERMAL_SENS_OUT_6=-50
THERMAL_SENS_INT_1=29
THERMAL_SENS_INT_2=29
PG_5=1
PG_9=0
PG_12=1
FLT_P2=0
FLT_P3=0
HEAT_1_TEMP=26
HEAT_1_DUTY=0
HEAT_1_SP=-20.0
HEAT_2_TEMP=25
HEAT_2_DUTY=0
HEAT_2_SP=-20.0
HEAT_3_TEMP=28
HEAT_3_DUTY=0
HEAT_3_SP=-20.0
HEAT_4_TEMP=33
HEAT_4_DUTY=0
HEAT_4_SP=-20.0

[22:01:57.077 CUBESAT]
TS=1786203982.718
PG_5=1
PG_9=0
PG_12=0
FLT_P2=0
FLT_P3=0
HEAT_1_TEMP=0.0
HEAT_1_DUTY=0
HEAT_1_SP=-20.0
ENC_RAW=2187
ENC_ANGLE=48.05419921875
ENC_ACCUM=902.6806640625
AUTO_STOP=1
MOTOR_ANGLE=0.004941860465116279
MOTOR_ACCUM=822.5630813953488
MOTOR_ROT=1572

[22:01:57.582 CUBESAT]
TS=1786203984.721
PG_5=1
PG_9=0
PG_12=0
FLT_P2=0
FLT_P3=0
HEAT_1_TEMP=0.0
HEAT_1_DUTY=0
HEAT_1_SP=-20.0
ENC_RAW=2188
ENC_ANGLE=48.076171875
ENC_ACCUM=902.70263671875
AUTO_STOP=1
MOTOR_ANGLE=0.004941860465116279
MOTOR_ACCUM=822.5630813953488
MOTOR_ROT=1572

[22:01:57.918 EBOX]
TS=1786202216.922
V_SENSE5=1.14501953125
V_SENSE9=0.03662109375
V_SENSE12=0.10986328125
ADC_V5=4.920654296875
ADC_V9=9.17755126953125
ADC_V12=11.70867919921875
ADC_V28=27.68310546875
THERMAL_SENS_OUT_1=32
THERMAL_SENS_OUT_2=-50
THERMAL_SENS_OUT_3=29
THERMAL_SENS_OUT_4=27
THERMAL_SENS_OUT_5=37
THERMAL_SENS_OUT_6=-50
THERMAL_SENS_INT_1=29
THERMAL_SENS_INT_2=26
PG_5=1
PG_9=0
PG_12=1
FLT_P2=0
FLT_P3=0
HEAT_1_TEMP=32
HEAT_1_DUTY=0
HEAT_1_SP=-20.0
HEAT_2_TEMP=29
HEAT_2_DUTY=0
HEAT_2_SP=-20.0
HEAT_3_TEMP=27
HEAT_3_DUTY=0
HEAT_3_SP=-20.0
HEAT_4_TEMP=37
HEAT_4_DUTY=0
HEAT_4_SP=-20.0

[22:01:59.227 CUBESAT]
TS=1786203986.725
PG_5=1
PG_9=0
PG_12=0
FLT_P2=0
FLT_P3=0
HEAT_1_TEMP=0.0
HEAT_1_DUTY=0
HEAT_1_SP=-20.0
ENC_RAW=2187
ENC_ANGLE=48.05419921875
ENC_ACCUM=902.6806640625
AUTO_STOP=1
MOTOR_ANGLE=0.004941860465116279
MOTOR_ACCUM=822.5630813953488
MOTOR_ROT=1572

[22:01:59.853 EBOX]
TS=1786202218.925
V_SENSE5=1.31591796875
V_SENSE9=0.0341796875
V_SENSE12=0.12939453125
ADC_V5=5.00030517578125
ADC_V9=9.35455322265625
ADC_V12=11.92108154296875
ADC_V28=27.55035400390625
THERMAL_SENS_OUT_1=26
THERMAL_SENS_OUT_2=-50
THERMAL_SENS_OUT_3=28
THERMAL_SENS_OUT_4=28
THERMAL_SENS_OUT_5=32
THERMAL_SENS_OUT_6=-50
THERMAL_SENS_INT_1=26
THERMAL_SENS_INT_2=31
PG_5=1
PG_9=0
PG_12=1
FLT_P2=0
FLT_P3=0
HEAT_1_TEMP=26
HEAT_1_DUTY=0
HEAT_1_SP=-20.0
HEAT_2_TEMP=28
HEAT_2_DUTY=0
HEAT_2_SP=-20.0
HEAT_3_TEMP=28
HEAT_3_DUTY=0
HEAT_3_SP=-20.0
HEAT_4_TEMP=32
HEAT_4_DUTY=0
HEAT_4_SP=-20.0

[22:02:01.663 CUBESAT]
TS=1786203988.726
PG_5=1
PG_9=0
PG_12=0
FLT_P2=0
FLT_P3=0
HEAT_1_TEMP=0.0
HEAT_1_DUTY=0
HEAT_1_SP=-20.0
ENC_RAW=2186
ENC_ANGLE=48.0322265625
ENC_ACCUM=902.65869140625
AUTO_STOP=1
MOTOR_ANGLE=0.004941860465116279
MOTOR_ACCUM=822.5630813953488
MOTOR_ROT=1572

[22:02:02.083 EBOX]
TS=1786202220.926
V_SENSE5=1.30615234375
V_SENSE9=0.03662109375
V_SENSE12=0.09765625
ADC_V5=5.08880615234375
ADC_V9=9.4342041015625
ADC_V12=11.58477783203125
ADC_V28=28.0194091796875
THERMAL_SENS_OUT_1=32
THERMAL_SENS_OUT_2=-50
THERMAL_SENS_OUT_3=29
THERMAL_SENS_OUT_4=27
THERMAL_SENS_OUT_5=38
THERMAL_SENS_OUT_6=-50
THERMAL_SENS_INT_1=29
THERMAL_SENS_INT_2=27
PG_5=1
PG_9=0
PG_12=1
FLT_P2=0
FLT_P3=0
HEAT_1_TEMP=32
HEAT_1_DUTY=0
HEAT_1_SP=-20.0
HEAT_2_TEMP=29
HEAT_2_DUTY=0
HEAT_2_SP=-20.0
HEAT_3_TEMP=27
HEAT_3_DUTY=0
HEAT_3_SP=-20.0
HEAT_4_TEMP=38
HEAT_4_DUTY=0
HEAT_4_SP=-20.0

[22:02:03.704 CUBESAT]
TS=1786203990.728
PG_5=1
PG_9=0
PG_12=0
FLT_P2=0
FLT_P3=0
HEAT_1_TEMP=0.0
HEAT_1_DUTY=10
HEAT_1_SP=-20.0
ENC_RAW=2186
ENC_ANGLE=48.0322265625
ENC_ACCUM=902.65869140625
AUTO_STOP=1
MOTOR_ANGLE=0.004941860465116279
MOTOR_ACCUM=822.5630813953488
MOTOR_ROT=1572

[22:02:04.324 EBOX]
TS=1786202222.928
V_SENSE5=1.1376953125
V_SENSE9=0.0390625
V_SENSE12=0.107421875
ADC_V5=4.96490478515625
ADC_V9=8.94744873046875
ADC_V12=11.7529296875
ADC_V28=28.13446044921875
THERMAL_SENS_OUT_1=31
THERMAL_SENS_OUT_2=-50
THERMAL_SENS_OUT_3=28
THERMAL_SENS_OUT_4=26
THERMAL_SENS_OUT_5=35
THERMAL_SENS_OUT_6=-50
THERMAL_SENS_INT_1=28
THERMAL_SENS_INT_2=26
PG_5=1
PG_9=0
PG_12=1
FLT_P2=0
FLT_P3=0
HEAT_1_TEMP=31
HEAT_1_DUTY=0
HEAT_1_SP=-20.0
HEAT_2_TEMP=28
HEAT_2_DUTY=0
HEAT_2_SP=-20.0
HEAT_3_TEMP=26
HEAT_3_DUTY=0
HEAT_3_SP=-20.0
HEAT_4_TEMP=35
HEAT_4_DUTY=0
HEAT_4_SP=-20.0

[22:02:05.759 CUBESAT]
TS=1786203992.731
PG_5=1
PG_9=0
PG_12=0
FLT_P2=0
FLT_P3=0
HEAT_1_TEMP=0.0
HEAT_1_DUTY=0
HEAT_1_SP=-20.0
ENC_RAW=2189
ENC_ANGLE=48.09814453125
ENC_ACCUM=902.724609375
AUTO_STOP=1
MOTOR_ANGLE=0.004941860465116279
MOTOR_ACCUM=822.5630813953488
MOTOR_ROT=1572

[22:02:06.481 EBOX]
TS=1786202224.931
V_SENSE5=1.35009765625
V_SENSE9=0.11474609375
V_SENSE12=0.11962890625
ADC_V5=4.92950439453125
ADC_V9=8.80584716796875
ADC_V12=11.93878173828125
ADC_V28=27.7008056640625
THERMAL_SENS_OUT_1=30
THERMAL_SENS_OUT_2=-50
THERMAL_SENS_OUT_3=27
THERMAL_SENS_OUT_4=28
THERMAL_SENS_OUT_5=33
THERMAL_SENS_OUT_6=-50
THERMAL_SENS_INT_1=30
THERMAL_SENS_INT_2=27
PG_5=1
PG_9=0
PG_12=1
FLT_P2=0
FLT_P3=0
HEAT_1_TEMP=30
HEAT_1_DUTY=0
HEAT_1_SP=-20.0
HEAT_2_TEMP=27
HEAT_2_DUTY=0
HEAT_2_SP=-20.0
HEAT_3_TEMP=28
HEAT_3_DUTY=0
HEAT_3_SP=-20.0
HEAT_4_TEMP=33
HEAT_4_DUTY=0
HEAT_4_SP=-20.0

[22:02:08.395 CUBESAT]
TS=1786203994.735
PG_5=1
PG_9=0
PG_12=0
FLT_P2=0
FLT_P3=0
HEAT_1_TEMP=0.0
HEAT_1_DUTY=0
HEAT_1_SP=-20.0
ENC_RAW=2187
ENC_ANGLE=48.05419921875
ENC_ACCUM=902.6806640625
AUTO_STOP=1
MOTOR_ANGLE=0.004941860465116279
MOTOR_ACCUM=822.5630813953488
MOTOR_ROT=1572

[22:02:08.613 EBOX]
TS=1786202226.933
V_SENSE5=1.3232421875
V_SENSE9=0.0390625
V_SENSE12=0.1025390625
ADC_V5=4.8675537109375
ADC_V9=9.47845458984375
ADC_V12=11.575927734375
ADC_V28=27.86895751953125
THERMAL_SENS_OUT_1=31
THERMAL_SENS_OUT_2=-50
THERMAL_SENS_OUT_3=26
THERMAL_SENS_OUT_4=32
THERMAL_SENS_OUT_5=37
THERMAL_SENS_OUT_6=-50
THERMAL_SENS_INT_1=29
THERMAL_SENS_INT_2=27
PG_5=1
PG_9=0
PG_12=1
FLT_P2=0
FLT_P3=0
HEAT_1_TEMP=31
HEAT_1_DUTY=0
HEAT_1_SP=-20.0
HEAT_2_TEMP=26
HEAT_2_DUTY=0
HEAT_2_SP=-20.0
HEAT_3_TEMP=32
HEAT_3_DUTY=0
HEAT_3_SP=-20.0
HEAT_4_TEMP=37
HEAT_4_DUTY=0
HEAT_4_SP=-20.0

[22:02:10.350 EBOX]
TS=1786202228.935
V_SENSE5=1.14013671875
V_SENSE9=0.048828125
V_SENSE12=0.15380859375
ADC_V5=4.991455078125
ADC_V9=9.12445068359375
ADC_V12=11.85028076171875
ADC_V28=27.5592041015625
THERMAL_SENS_OUT_1=31
THERMAL_SENS_OUT_2=-50
THERMAL_SENS_OUT_3=29
THERMAL_SENS_OUT_4=26
THERMAL_SENS_OUT_5=35
THERMAL_SENS_OUT_6=-50
THERMAL_SENS_INT_1=30
THERMAL_SENS_INT_2=26
PG_5=1
PG_9=0
PG_12=1
FLT_P2=0
FLT_P3=0
HEAT_1_TEMP=31
HEAT_1_DUTY=0
HEAT_1_SP=-20.0
HEAT_2_TEMP=29
HEAT_2_DUTY=0
HEAT_2_SP=-20.0
HEAT_3_TEMP=26
HEAT_3_DUTY=0
HEAT_3_SP=-20.0
HEAT_4_TEMP=35
HEAT_4_DUTY=0
HEAT_4_SP=-20.0

[22:02:10.353 CUBESAT]
TS=1786203996.738
PG_5=1
PG_9=0
PG_12=0
FLT_P2=0
FLT_P3=0
HEAT_1_TEMP=0.0
HEAT_1_DUTY=0
HEAT_1_SP=-20.0
ENC_RAW=2188
ENC_ANGLE=48.076171875
ENC_ACCUM=902.70263671875
AUTO_STOP=1
MOTOR_ANGLE=0.004941860465116279
MOTOR_ACCUM=822.5630813953488
MOTOR_ROT=1572

[22:02:11.259 CUBESAT]
TS=1786203998.741
PG_5=1
PG_9=0
PG_12=0
FLT_P2=0
FLT_P3=0
HEAT_1_TEMP=0.0
HEAT_1_DUTY=0
HEAT_1_SP=-20.0
ENC_RAW=2188
ENC_ANGLE=48.076171875
ENC_ACCUM=902.70263671875
AUTO_STOP=1
MOTOR_ANGLE=0.004941860465116279
MOTOR_ACCUM=822.5630813953488
MOTOR_ROT=1572

[22:02:11.881 EBOX]
TS=1786202230.937
V_SENSE5=1.2841796875
V_SENSE9=0.07568359375
V_SENSE12=0.1025390625
ADC_V5=4.920654296875
ADC_V9=9.1156005859375
ADC_V12=11.58477783203125
ADC_V28=28.02825927734375
THERMAL_SENS_OUT_1=30
THERMAL_SENS_OUT_2=-50
THERMAL_SENS_OUT_3=25
THERMAL_SENS_OUT_4=31
THERMAL_SENS_OUT_5=33
THERMAL_SENS_OUT_6=-50
THERMAL_SENS_INT_1=28
THERMAL_SENS_INT_2=29
PG_5=1
PG_9=0
PG_12=1
FLT_P2=0
FLT_P3=0
HEAT_1_TEMP=30
HEAT_1_DUTY=0
HEAT_1_SP=-20.0
HEAT_2_TEMP=25
HEAT_2_DUTY=0
HEAT_2_SP=-20.0
HEAT_3_TEMP=31
HEAT_3_DUTY=0
HEAT_3_SP=-20.0
HEAT_4_TEMP=33
HEAT_4_DUTY=0
HEAT_4_SP=-20.0

[22:02:14.295 CUBESAT]
TS=1786204000.745
PG_5=1
PG_9=0
PG_12=0
FLT_P2=0
FLT_P3=0
HEAT_1_TEMP=0.0
HEAT_1_DUTY=0
HEAT_1_SP=-20.0
ENC_RAW=2189
ENC_ANGLE=48.09814453125
ENC_ACCUM=902.724609375
AUTO_STOP=1
MOTOR_ANGLE=0.004941860465116279
MOTOR_ACCUM=822.5630813953488
MOTOR_ROT=1572

[22:02:14.814 EBOX]
TS=1786202232.939
V_SENSE5=1.41357421875
V_SENSE9=0.0341796875
V_SENSE12=0.13671875
ADC_V5=4.88525390625
ADC_V9=8.8677978515625
ADC_V12=11.505126953125
ADC_V28=27.85125732421875
THERMAL_SENS_OUT_1=32
THERMAL_SENS_OUT_2=-50
THERMAL_SENS_OUT_3=29
THERMAL_SENS_OUT_4=27
THERMAL_SENS_OUT_5=37
THERMAL_SENS_OUT_6=-50
THERMAL_SENS_INT_1=29
THERMAL_SENS_INT_2=26
PG_5=1
PG_9=0
PG_12=1
FLT_P2=0
FLT_P3=0
HEAT_1_TEMP=32
HEAT_1_DUTY=0
HEAT_1_SP=-20.0
HEAT_2_TEMP=29
HEAT_2_DUTY=0
HEAT_2_SP=-20.0
HEAT_3_TEMP=27
HEAT_3_DUTY=0
HEAT_3_SP=-20.0
HEAT_4_TEMP=37
HEAT_4_DUTY=0
HEAT_4_SP=-20.0

[22:02:15.219 CUBESAT]
TS=1786204002.748
PG_5=1
PG_9=0
PG_12=0
FLT_P2=0
FLT_P3=0
HEAT_1_TEMP=0.0
HEAT_1_DUTY=0
HEAT_1_SP=-20.0
ENC_RAW=2190
ENC_ANGLE=48.1201171875
ENC_ACCUM=902.74658203125
AUTO_STOP=1
MOTOR_ANGLE=0.004941860465116279
MOTOR_ACCUM=822.5630813953488
MOTOR_ROT=1572

[22:02:15.838 EBOX]
TS=1786202234.940
V_SENSE5=1.27197265625
V_SENSE9=0.0390625
V_SENSE12=0.09765625
ADC_V5=4.9737548828125
ADC_V9=9.1864013671875
ADC_V12=11.788330078125
ADC_V28=27.718505859375
THERMAL_SENS_OUT_1=27
THERMAL_SENS_OUT_2=-50
THERMAL_SENS_OUT_3=27
THERMAL_SENS_OUT_4=29
THERMAL_SENS_OUT_5=33
THERMAL_SENS_OUT_6=-50
THERMAL_SENS_INT_1=24
THERMAL_SENS_INT_2=29
PG_5=1
PG_9=0
PG_12=1
FLT_P2=0
FLT_P3=0
HEAT_1_TEMP=27
HEAT_1_DUTY=0
HEAT_1_SP=-20.0
HEAT_2_TEMP=27
HEAT_2_DUTY=0
HEAT_2_SP=-20.0
HEAT_3_TEMP=29
HEAT_3_DUTY=0
HEAT_3_SP=-20.0
HEAT_4_TEMP=33
HEAT_4_DUTY=0
HEAT_4_SP=-20.0

[22:02:17.247 CUBESAT]
TS=1786204004.753
PG_5=1
PG_9=0
PG_12=0
FLT_P2=0
FLT_P3=0
HEAT_1_TEMP=0.0
HEAT_1_DUTY=0
HEAT_1_SP=-20.0
ENC_RAW=2188
ENC_ANGLE=48.076171875
ENC_ACCUM=902.70263671875
AUTO_STOP=1
MOTOR_ANGLE=0.004941860465116279
MOTOR_ACCUM=822.5630813953488
MOTOR_ROT=1572

[22:02:17.969 EBOX]
TS=1786202236.942
V_SENSE5=1.44287109375
V_SENSE9=0.0341796875
V_SENSE12=0.1171875
ADC_V5=4.991455078125
ADC_V9=9.12445068359375
ADC_V12=11.93878173828125
ADC_V28=27.62115478515625
THERMAL_SENS_OUT_1=31
THERMAL_SENS_OUT_2=-50
THERMAL_SENS_OUT_3=25
THERMAL_SENS_OUT_4=30
THERMAL_SENS_OUT_5=33
THERMAL_SENS_OUT_6=-50
THERMAL_SENS_INT_1=28
THERMAL_SENS_INT_2=28
PG_5=1
PG_9=0
PG_12=1
FLT_P2=0
FLT_P3=0
HEAT_1_TEMP=31
HEAT_1_DUTY=0
HEAT_1_SP=-20.0
HEAT_2_TEMP=25
HEAT_2_DUTY=0
HEAT_2_SP=-20.0
HEAT_3_TEMP=30
HEAT_3_DUTY=0
HEAT_3_SP=-20.0
HEAT_4_TEMP=33
HEAT_4_DUTY=0
HEAT_4_SP=-20.0

[22:02:21.235 EBOX]
TS=1786202238.943
V_SENSE5=1.22314453125
V_SENSE9=0.0341796875
V_SENSE12=0.1220703125
ADC_V5=4.9560546875
ADC_V9=9.01824951171875
ADC_V12=11.5228271484375
ADC_V28=28.1964111328125
THERMAL_SENS_OUT_1=29
THERMAL_SENS_OUT_2=-50
THERMAL_SENS_OUT_3=26
THERMAL_SENS_OUT_4=28
THERMAL_SENS_OUT_5=34
THERMAL_SENS_OUT_6=-50
THERMAL_SENS_INT_1=27
THERMAL_SENS_INT_2=28
PG_5=1
PG_9=0
PG_12=1
FLT_P2=0
FLT_P3=0
HEAT_1_TEMP=29
HEAT_1_DUTY=0
HEAT_1_SP=-20.0
HEAT_2_TEMP=26
HEAT_2_DUTY=0
HEAT_2_SP=-20.0
HEAT_3_TEMP=28
HEAT_3_DUTY=0
HEAT_3_SP=-20.0
HEAT_4_TEMP=34
HEAT_4_DUTY=0
HEAT_4_SP=-20.0

[22:02:21.857 EBOX]
TS=1786202240.946
V_SENSE5=1.298828125
V_SENSE9=0.0390625
V_SENSE12=0.10009765625
ADC_V5=4.88525390625
ADC_V9=8.99169921875
ADC_V12=11.5582275390625
ADC_V28=27.8778076171875
THERMAL_SENS_OUT_1=32
THERMAL_SENS_OUT_2=-50
THERMAL_SENS_OUT_3=26
THERMAL_SENS_OUT_4=28
THERMAL_SENS_OUT_5=34
THERMAL_SENS_OUT_6=-50
THERMAL_SENS_INT_1=27
THERMAL_SENS_INT_2=27
PG_5=1
PG_9=0
PG_12=1
FLT_P2=0
FLT_P3=0
HEAT_1_TEMP=32
HEAT_1_DUTY=0
HEAT_1_SP=-20.0
HEAT_2_TEMP=26
HEAT_2_DUTY=0
HEAT_2_SP=-20.0
HEAT_3_TEMP=28
HEAT_3_DUTY=0
HEAT_3_SP=-20.0
HEAT_4_TEMP=34
HEAT_4_DUTY=0
HEAT_4_SP=-20.0

[22:02:22.765 CUBESAT]
TS=1786204006.755
PG_5=1
PG_9=0
PG_12=0
FLT_P2=0
FLT_P3=0
HEAT_1_TEMP=0.0
HEAT_1_DUTY=10
HEAT_1_SP=-20.0
ENC_RAW=2188
ENC_ANGLE=48.076171875
ENC_ACCUM=902.70263671875
AUTO_STOP=1
MOTOR_ANGLE=0.004941860465116279
MOTOR_ACCUM=822.5630813953488
MOTOR_ROT=1572
TS=1786204008.756
PG_5=1
PG_9=0
PG_12=0
FLT_P2=0
FLT_P3=0
HEAT_1_TEMP=0.0
HEAT_1_DUTY=0
HEAT_1_SP=-20.0
ENC_RAW=2188
ENC_ANGLE=48.076171875
ENC_ACCUM=902.70263671875
AUTO_STOP=1
MOTOR_ANGLE=0.004941860465116279
MOTOR_ACCUM=822.5630813953488
MOTOR_ROT=1572

[22:02:23.889 EBOX]
TS=1786202242.947
V_SENSE5=1.43798828125
V_SENSE9=0.03662109375
V_SENSE12=0.10009765625
ADC_V5=4.91180419921875
ADC_V9=9.46075439453125
ADC_V12=11.93878173828125
ADC_V28=27.647705078125
THERMAL_SENS_OUT_1=27
THERMAL_SENS_OUT_2=-50
THERMAL_SENS_OUT_3=25
THERMAL_SENS_OUT_4=30
THERMAL_SENS_OUT_5=33
THERMAL_SENS_OUT_6=-50
THERMAL_SENS_INT_1=26
THERMAL_SENS_INT_2=30
PG_5=1
PG_9=0
PG_12=1
FLT_P2=0
FLT_P3=0
HEAT_1_TEMP=27
HEAT_1_DUTY=0
HEAT_1_SP=-20.0
HEAT_2_TEMP=25
HEAT_2_DUTY=0
HEAT_2_SP=-20.0
HEAT_3_TEMP=30
HEAT_3_DUTY=0
HEAT_3_SP=-20.0
HEAT_4_TEMP=33
HEAT_4_DUTY=0
HEAT_4_SP=-20.0

[22:02:24.594 CUBESAT]
TS=1786204010.758
PG_5=1
PG_9=0
PG_12=0
FLT_P2=0
FLT_P3=0
HEAT_1_TEMP=0.0
HEAT_1_DUTY=0
HEAT_1_SP=-20.0
ENC_RAW=2188
ENC_ANGLE=48.076171875
ENC_ACCUM=902.70263671875
AUTO_STOP=1
MOTOR_ANGLE=0.004941860465116279
MOTOR_ACCUM=822.5630813953488
MOTOR_ROT=1572

[22:02:25.300 CUBESAT]
TS=1786204012.762
PG_5=1
PG_9=0
PG_12=0
FLT_P2=0
FLT_P3=0
HEAT_1_TEMP=0.0
HEAT_1_DUTY=0
HEAT_1_SP=-20.0
ENC_RAW=2186
ENC_ANGLE=48.0322265625
ENC_ACCUM=902.65869140625
AUTO_STOP=1
MOTOR_ANGLE=0.004941860465116279
MOTOR_ACCUM=822.5630813953488
MOTOR_ROT=1572

[22:02:25.927 EBOX]
TS=1786202244.948
V_SENSE5=1.26708984375
V_SENSE9=0.0341796875
V_SENSE12=0.09765625
ADC_V5=4.9560546875
ADC_V9=9.0802001953125
ADC_V12=11.9122314453125
ADC_V28=27.789306640625
THERMAL_SENS_OUT_1=28
THERMAL_SENS_OUT_2=-50
THERMAL_SENS_OUT_3=25
THERMAL_SENS_OUT_4=30
THERMAL_SENS_OUT_5=32
THERMAL_SENS_OUT_6=-50
THERMAL_SENS_INT_1=30
THERMAL_SENS_INT_2=27
PG_5=1
PG_9=0
PG_12=1
FLT_P2=0
FLT_P3=0
HEAT_1_TEMP=28
HEAT_1_DUTY=0
HEAT_1_SP=-20.0
HEAT_2_TEMP=25
HEAT_2_DUTY=0
HEAT_2_SP=-20.0
HEAT_3_TEMP=30
HEAT_3_DUTY=0
HEAT_3_SP=-20.0
HEAT_4_TEMP=32
HEAT_4_DUTY=0
HEAT_4_SP=-20.0

[22:02:27.438 CUBESAT]
TS=1786204014.765
PG_5=1
PG_9=0
PG_12=0
FLT_P2=0
FLT_P3=0
HEAT_1_TEMP=0.0
HEAT_1_DUTY=0
HEAT_1_SP=-20.0
ENC_RAW=2189
ENC_ANGLE=48.09814453125
ENC_ACCUM=902.724609375
AUTO_STOP=1
MOTOR_ANGLE=0.004941860465116279
MOTOR_ACCUM=822.5630813953488
MOTOR_ROT=1572

[22:02:28.162 EBOX]
TS=1786202246.955
V_SENSE5=1.171875
V_SENSE9=0.0341796875
V_SENSE12=0.126953125
ADC_V5=5.0091552734375
ADC_V9=9.168701171875
ADC_V12=11.53167724609375
ADC_V28=27.0989990234375
THERMAL_SENS_OUT_1=28
THERMAL_SENS_OUT_2=-50
THERMAL_SENS_OUT_3=27
THERMAL_SENS_OUT_4=27
THERMAL_SENS_OUT_5=33
THERMAL_SENS_OUT_6=-50
THERMAL_SENS_INT_1=26
THERMAL_SENS_INT_2=26
PG_5=1
PG_9=0
PG_12=1
FLT_P2=0
FLT_P3=0
HEAT_1_TEMP=28
HEAT_1_DUTY=0
HEAT_1_SP=-20.0
HEAT_2_TEMP=27
HEAT_2_DUTY=0
HEAT_2_SP=-20.0
HEAT_3_TEMP=27
HEAT_3_DUTY=0
HEAT_3_SP=-20.0
HEAT_4_TEMP=33
HEAT_4_DUTY=0
HEAT_4_SP=-20.0

[22:02:29.409 CUBESAT]
TS=1786204016.767
PG_5=1
PG_9=0
PG_12=0
FLT_P2=0
FLT_P3=0
HEAT_1_TEMP=0.0
HEAT_1_DUTY=10
HEAT_1_SP=-20.0
ENC_RAW=2189
ENC_ANGLE=48.09814453125
ENC_ACCUM=902.724609375
AUTO_STOP=1
MOTOR_ANGLE=0.004941860465116279
MOTOR_ACCUM=822.5630813953488
MOTOR_ROT=1572

[22:02:30.236 EBOX]
TS=1786202248.952
V_SENSE5=1.298828125
V_SENSE9=0.03662109375
V_SENSE12=0.1025390625
ADC_V5=4.991455078125
ADC_V9=9.15985107421875
ADC_V12=11.85028076171875
ADC_V28=27.2406005859375
THERMAL_SENS_OUT_1=28
THERMAL_SENS_OUT_2=-50
THERMAL_SENS_OUT_3=24
THERMAL_SENS_OUT_4=27
THERMAL_SENS_OUT_5=38
THERMAL_SENS_OUT_6=-50
THERMAL_SENS_INT_1=30
THERMAL_SENS_INT_2=31
PG_5=1
PG_9=0
PG_12=1
FLT_P2=0
FLT_P3=0
HEAT_1_TEMP=28
HEAT_1_DUTY=0
HEAT_1_SP=-20.0
HEAT_2_TEMP=24
HEAT_2_DUTY=0
HEAT_2_SP=-20.0
HEAT_3_TEMP=27
HEAT_3_DUTY=0
HEAT_3_SP=-20.0
HEAT_4_TEMP=38
HEAT_4_DUTY=0
HEAT_4_SP=-20.0

[22:02:31.245 CUBESAT]
TS=1786204018.771
PG_5=1
PG_9=0
PG_12=0
FLT_P2=0
FLT_P3=0
HEAT_1_TEMP=0.0
HEAT_1_DUTY=0
HEAT_1_SP=-20.0
ENC_RAW=2189
ENC_ANGLE=48.09814453125
ENC_ACCUM=902.724609375
AUTO_STOP=1
MOTOR_ANGLE=0.004941860465116279
MOTOR_ACCUM=822.5630813953488
MOTOR_ROT=1572

[22:02:31.968 EBOX]
TS=1786202250.953
V_SENSE5=1.19873046875
V_SENSE9=0.0390625
V_SENSE12=0.1220703125
ADC_V5=4.920654296875
ADC_V9=9.44305419921875
ADC_V12=11.859130859375
ADC_V28=27.35565185546875
THERMAL_SENS_OUT_1=32
THERMAL_SENS_OUT_2=-50
THERMAL_SENS_OUT_3=30
THERMAL_SENS_OUT_4=29
THERMAL_SENS_OUT_5=34
THERMAL_SENS_OUT_6=-50
THERMAL_SENS_INT_1=26
THERMAL_SENS_INT_2=31
PG_5=1
PG_9=0
PG_12=1
FLT_P2=0
FLT_P3=0
HEAT_1_TEMP=32
HEAT_1_DUTY=0
HEAT_1_SP=-20.0
HEAT_2_TEMP=30
HEAT_2_DUTY=0
HEAT_2_SP=-20.0
HEAT_3_TEMP=29
HEAT_3_DUTY=0
HEAT_3_SP=-20.0
HEAT_4_TEMP=34
HEAT_4_DUTY=0
HEAT_4_SP=-20.0

[22:02:33.324 CUBESAT]
TS=1786204020.778
PG_5=1
PG_9=0
PG_12=0
FLT_P2=0
FLT_P3=0
HEAT_1_TEMP=0.0
HEAT_1_DUTY=0
HEAT_1_SP=-20.0
ENC_RAW=2188
ENC_ANGLE=48.076171875
ENC_ACCUM=902.70263671875
AUTO_STOP=1
MOTOR_ANGLE=0.004941860465116279
MOTOR_ACCUM=822.5630813953488
MOTOR_ROT=1572

[22:02:33.844 EBOX]
TS=1786202252.954
V_SENSE5=1.30615234375
V_SENSE9=0.11474609375
V_SENSE12=0.09765625
ADC_V5=4.91180419921875
ADC_V9=9.2572021484375
ADC_V12=11.5228271484375
ADC_V28=27.8070068359375
THERMAL_SENS_OUT_1=27
THERMAL_SENS_OUT_2=-50
THERMAL_SENS_OUT_3=25
THERMAL_SENS_OUT_4=30
THERMAL_SENS_OUT_5=33
THERMAL_SENS_OUT_6=-50
THERMAL_SENS_INT_1=29
THERMAL_SENS_INT_2=26
PG_5=1
PG_9=0
PG_12=1
FLT_P2=0
FLT_P3=0
HEAT_1_TEMP=27
HEAT_1_DUTY=0
HEAT_1_SP=-20.0
HEAT_2_TEMP=25
HEAT_2_DUTY=0
HEAT_2_SP=-20.0
HEAT_3_TEMP=30
HEAT_3_DUTY=0
HEAT_3_SP=-20.0
HEAT_4_TEMP=33
HEAT_4_DUTY=0
HEAT_4_SP=-20.0

[22:02:38.294 CUBESAT]
TS=1786204022.780
PG_5=1
PG_9=0
PG_12=0
FLT_P2=0
FLT_P3=0
HEAT_1_TEMP=0.0
HEAT_1_DUTY=0
HEAT_1_SP=-20.0
ENC_RAW=2186
ENC_ANGLE=48.0322265625
ENC_ACCUM=902.65869140625
AUTO_STOP=1
MOTOR_ANGLE=0.004941860465116279
MOTOR_ACCUM=822.5630813953488
MOTOR_ROT=1572

[22:02:38.917 EBOX]
TS=1786202254.956
V_SENSE5=1.1669921875
V_SENSE9=0.03662109375
V_SENSE12=0.126953125
ADC_V5=4.94720458984375
ADC_V9=8.85009765625
ADC_V12=11.85028076171875
ADC_V28=27.23175048828125
THERMAL_SENS_OUT_1=33
THERMAL_SENS_OUT_2=-50
THERMAL_SENS_OUT_3=28
THERMAL_SENS_OUT_4=30
THERMAL_SENS_OUT_5=34
THERMAL_SENS_OUT_6=-50
THERMAL_SENS_INT_1=28
THERMAL_SENS_INT_2=27
PG_5=1
PG_9=0
PG_12=1
FLT_P2=0
FLT_P3=0
HEAT_1_TEMP=33
HEAT_1_DUTY=0
HEAT_1_SP=-20.0
HEAT_2_TEMP=28
HEAT_2_DUTY=0
HEAT_2_SP=-20.0
HEAT_3_TEMP=30
HEAT_3_DUTY=0
HEAT_3_SP=-20.0
HEAT_4_TEMP=34
HEAT_4_DUTY=0
HEAT_4_SP=-20.0

[22:02:42.340 CUBESAT]
TS=1786204024.782
PG_5=1
PG_9=0
PG_12=0
FLT_P2=0
FLT_P3=0
HEAT_1_TEMP=0.0
HEAT_1_DUTY=0
HEAT_1_SP=-20.0
ENC_RAW=2186
ENC_ANGLE=48.0322265625
ENC_ACCUM=902.65869140625
AUTO_STOP=1
MOTOR_ANGLE=0.004941860465116279
MOTOR_ACCUM=822.5630813953488
MOTOR_ROT=1572

[22:02:43.045 CUBESAT]
TS=1786204026.782
PG_5=1
PG_9=0
PG_12=0
FLT_P2=0
FLT_P3=0
HEAT_1_TEMP=0.0
HEAT_1_DUTY=10
HEAT_1_SP=-20.0
ENC_RAW=2190
ENC_ANGLE=48.1201171875
ENC_ACCUM=902.74658203125
AUTO_STOP=1
MOTOR_ANGLE=0.004941860465116279
MOTOR_ACCUM=822.5630813953488
MOTOR_ROT=1572

[22:02:43.954 CUBESAT]
TS=1786204028.783
PG_5=1
PG_9=0
PG_12=0
FLT_P2=0
FLT_P3=0
HEAT_1_TEMP=0.0
HEAT_1_DUTY=0
HEAT_1_SP=-20.0
ENC_RAW=2189
ENC_ANGLE=48.09814453125
ENC_ACCUM=902.724609375
AUTO_STOP=1
MOTOR_ANGLE=0.004941860465116279
MOTOR_ACCUM=822.5630813953488
MOTOR_ROT=1572

[22:02:44.101 EBOX]
TS=1786202256.958
V_SENSE5=1.2109375
V_SENSE9=0.03662109375
V_SENSE12=0.12451171875
ADC_V5=4.991455078125
ADC_V9=8.84124755859375
ADC_V12=11.8060302734375
ADC_V28=27.3822021484375
THERMAL_SENS_OUT_1=26
THERMAL_SENS_OUT_2=-50
THERMAL_SENS_OUT_3=26
THERMAL_SENS_OUT_4=28
THERMAL_SENS_OUT_5=34
THERMAL_SENS_OUT_6=-50
THERMAL_SENS_INT_1=29
THERMAL_SENS_INT_2=28
PG_5=1
PG_9=0
PG_12=1
FLT_P2=0
FLT_P3=0
HEAT_1_TEMP=26
HEAT_1_DUTY=0
HEAT_1_SP=-20.0
HEAT_2_TEMP=26
HEAT_2_DUTY=0
HEAT_2_SP=-20.0
HEAT_3_TEMP=28
HEAT_3_DUTY=0
HEAT_3_SP=-20.0
HEAT_4_TEMP=34
HEAT_4_DUTY=0
HEAT_4_SP=-20.0
TS=1786202258.962
V_SENSE5=1.26953125
V_SENSE9=0.0390625
V_SENSE12=0.09521484375
ADC_V5=4.91180419921875
ADC_V9=9.345703125
ADC_V12=11.505126953125
ADC_V28=27.81585693359375
THERMAL_SENS_OUT_1=29
THERMAL_SENS_OUT_2=-50
THERMAL_SENS_OUT_3=29
THERMAL_SENS_OUT_4=28
THERMAL_SENS_OUT_5=35
THERMAL_SENS_OUT_6=-50
THERMAL_SENS_INT_1=28
THERMAL_SENS_INT_2=27
PG_5=1
PG_9=0
PG_12=1
FLT_P2=0
FLT_P3=0
HEAT_1_TEMP=29
HEAT_1_DUTY=0
HEAT_1_SP=-20.0
HEAT_2_TEMP=29
HEAT_2_DUTY=0
HEAT_2_SP=-20.0
HEAT_3_TEMP=28
HEAT_3_DUTY=0
HEAT_3_SP=-20.0
HEAT_4_TEMP=35
HEAT_4_DUTY=0
HEAT_4_SP=-20.0

[22:02:44.406 CUBESAT]
TS=1786204030.788
PG_5=1
PG_9=0
PG_12=0
FLT_P2=0
FLT_P3=0
HEAT_1_TEMP=0.0
HEAT_1_DUTY=0
HEAT_1_SP=-20.0
ENC_RAW=2186
ENC_ANGLE=48.0322265625
ENC_ACCUM=902.65869140625
AUTO_STOP=1
MOTOR_ANGLE=0.004941860465116279
MOTOR_ACCUM=822.5630813953488
MOTOR_ROT=1572

[22:02:44.546 EBOX]
TS=1786202260.962
V_SENSE5=1.13525390625
V_SENSE9=0.0390625
V_SENSE12=0.1025390625
ADC_V5=5.05340576171875
ADC_V9=9.15985107421875
ADC_V12=11.86798095703125
ADC_V28=27.82470703125
THERMAL_SENS_OUT_1=29
THERMAL_SENS_OUT_2=-50
THERMAL_SENS_OUT_3=29
THERMAL_SENS_OUT_4=28
THERMAL_SENS_OUT_5=38
THERMAL_SENS_OUT_6=-50
THERMAL_SENS_INT_1=28
THERMAL_SENS_INT_2=26
PG_5=1
PG_9=0
PG_12=1
FLT_P2=0
FLT_P3=0
HEAT_1_TEMP=29
HEAT_1_DUTY=0
HEAT_1_SP=-20.0
HEAT_2_TEMP=29
HEAT_2_DUTY=0
HEAT_2_SP=-20.0
HEAT_3_TEMP=28
HEAT_3_DUTY=0
HEAT_3_SP=-20.0
HEAT_4_TEMP=38
HEAT_4_DUTY=0
HEAT_4_SP=-20.0
TS=1786202262.963
V_SENSE5=1.17431640625
V_SENSE9=0.0390625
V_SENSE12=0.09521484375
ADC_V5=4.920654296875
ADC_V9=9.08905029296875
ADC_V12=11.89453125
ADC_V28=27.60345458984375
THERMAL_SENS_OUT_1=28
THERMAL_SENS_OUT_2=-50
THERMAL_SENS_OUT_3=25
THERMAL_SENS_OUT_4=26
THERMAL_SENS_OUT_5=35
THERMAL_SENS_OUT_6=-50
THERMAL_SENS_INT_1=27
THERMAL_SENS_INT_2=30
PG_5=1
PG_9=0
PG_12=1
FLT_P2=0
FLT_P3=0
HEAT_1_TEMP=28
HEAT_1_DUTY=0
HEAT_1_SP=-20.0
HEAT_2_TEMP=25
HEAT_2_DUTY=0
HEAT_2_SP=-20.0
HEAT_3_TEMP=26
HEAT_3_DUTY=0
HEAT_3_SP=-20.0
HEAT_4_TEMP=35
HEAT_4_DUTY=0
HEAT_4_SP=-20.0

[22:02:45.888 EBOX]
TS=1786202264.968
V_SENSE5=1.4697265625
V_SENSE9=0.03662109375
V_SENSE12=0.11962890625
ADC_V5=4.87640380859375
ADC_V9=8.85894775390625
ADC_V12=11.8768310546875
ADC_V28=27.51495361328125
THERMAL_SENS_OUT_1=26
THERMAL_SENS_OUT_2=-50
THERMAL_SENS_OUT_3=27
THERMAL_SENS_OUT_4=30
THERMAL_SENS_OUT_5=32
THERMAL_SENS_OUT_6=-50
THERMAL_SENS_INT_1=25
THERMAL_SENS_INT_2=29
PG_5=1
PG_9=0
PG_12=1
FLT_P2=0
FLT_P3=0
HEAT_1_TEMP=26
HEAT_1_DUTY=0
HEAT_1_SP=-20.0
HEAT_2_TEMP=27
HEAT_2_DUTY=0
HEAT_2_SP=-20.0
HEAT_3_TEMP=30
HEAT_3_DUTY=0
HEAT_3_SP=-20.0
HEAT_4_TEMP=32
HEAT_4_DUTY=0
HEAT_4_SP=-20.0

[22:02:47.921 EBOX]
TS=1786202266.973
V_SENSE5=1.24755859375
V_SENSE9=0.0390625
V_SENSE12=0.1171875
ADC_V5=5.01800537109375
ADC_V9=9.4873046875
ADC_V12=11.56707763671875
ADC_V28=27.93975830078125
THERMAL_SENS_OUT_1=32
THERMAL_SENS_OUT_2=-50
THERMAL_SENS_OUT_3=26
THERMAL_SENS_OUT_4=30
THERMAL_SENS_OUT_5=33
THERMAL_SENS_OUT_6=-50
THERMAL_SENS_INT_1=26
THERMAL_SENS_INT_2=27
PG_5=1
PG_9=0
PG_12=1
FLT_P2=0
FLT_P3=0
HEAT_1_TEMP=32
HEAT_1_DUTY=0
HEAT_1_SP=-20.0
HEAT_2_TEMP=26
HEAT_2_DUTY=0
HEAT_2_SP=-20.0
HEAT_3_TEMP=30
HEAT_3_DUTY=0
HEAT_3_SP=-20.0
HEAT_4_TEMP=33
HEAT_4_DUTY=0
HEAT_4_SP=-20.0

[22:02:49.958 EBOX]
TS=1786202268.976
V_SENSE5=1.32568359375
V_SENSE9=0.0390625
V_SENSE12=0.1025390625
ADC_V5=4.91180419921875
ADC_V9=9.4696044921875
ADC_V12=11.8414306640625
ADC_V28=27.11669921875
THERMAL_SENS_OUT_1=28
THERMAL_SENS_OUT_2=-50
THERMAL_SENS_OUT_3=28
THERMAL_SENS_OUT_4=32
THERMAL_SENS_OUT_5=33
THERMAL_SENS_OUT_6=-50
THERMAL_SENS_INT_1=24
THERMAL_SENS_INT_2=27
PG_5=1
PG_9=0
PG_12=1
FLT_P2=0
FLT_P3=0
HEAT_1_TEMP=28
HEAT_1_DUTY=0
HEAT_1_SP=-20.0
HEAT_2_TEMP=28
HEAT_2_DUTY=0
HEAT_2_SP=-20.0
HEAT_3_TEMP=32
HEAT_3_DUTY=0
HEAT_3_SP=-20.0
HEAT_4_TEMP=33
HEAT_4_DUTY=0
HEAT_4_SP=-20.0

[22:02:51.989 EBOX]
TS=1786202270.974
V_SENSE5=1.14501953125
V_SENSE9=0.0341796875
V_SENSE12=0.10498046875
ADC_V5=4.9737548828125
ADC_V9=9.310302734375
ADC_V12=11.88568115234375
ADC_V28=27.4530029296875
THERMAL_SENS_OUT_1=27
THERMAL_SENS_OUT_2=-50
THERMAL_SENS_OUT_3=27
THERMAL_SENS_OUT_4=27
THERMAL_SENS_OUT_5=34
THERMAL_SENS_OUT_6=-50
THERMAL_SENS_INT_1=26
THERMAL_SENS_INT_2=32
PG_5=1
PG_9=0
PG_12=1
FLT_P2=0
FLT_P3=0
HEAT_1_TEMP=27
HEAT_1_DUTY=0
HEAT_1_SP=-20.0
HEAT_2_TEMP=27
HEAT_2_DUTY=0
HEAT_2_SP=-20.0
HEAT_3_TEMP=27
HEAT_3_DUTY=0
HEAT_3_SP=-20.0
HEAT_4_TEMP=34
HEAT_4_DUTY=0
HEAT_4_SP=-20.0

[22:02:53.919 EBOX]
TS=1786202272.977
V_SENSE5=1.15234375
V_SENSE9=0.0341796875
V_SENSE12=0.10009765625
ADC_V5=4.89410400390625
ADC_V9=9.19525146484375
ADC_V12=11.788330078125
ADC_V28=27.99285888671875
THERMAL_SENS_OUT_1=26
THERMAL_SENS_OUT_2=-50
THERMAL_SENS_OUT_3=24
THERMAL_SENS_OUT_4=27
THERMAL_SENS_OUT_5=36
THERMAL_SENS_OUT_6=-50
THERMAL_SENS_INT_1=27
THERMAL_SENS_INT_2=31
PG_5=1
PG_9=0
PG_12=1
FLT_P2=0
FLT_P3=0
HEAT_1_TEMP=26
HEAT_1_DUTY=0
HEAT_1_SP=-20.0
HEAT_2_TEMP=24
HEAT_2_DUTY=0
HEAT_2_SP=-20.0
HEAT_3_TEMP=27
HEAT_3_DUTY=0
HEAT_3_SP=-20.0
HEAT_4_TEMP=36
HEAT_4_DUTY=0
HEAT_4_SP=-20.0

[22:02:55.632 CUBESAT]
TS=1786204032.795
PG_5=1
PG_9=0
PG_12=0
FLT_P2=0
FLT_P3=0
HEAT_1_TEMP=0.0
HEAT_1_DUTY=0
HEAT_1_SP=-20.0
ENC_RAW=2190
ENC_ANGLE=48.1201171875
ENC_ACCUM=902.74658203125
AUTO_STOP=1
MOTOR_ANGLE=0.004941860465116279
MOTOR_ACCUM=822.5630813953488
MOTOR_ROT=1572
TS=1786204034.798
PG_5=1
PG_9=0
PG_12=0
FLT_P2=0
FLT_P3=0
HEAT_1_TEMP=0.0
HEAT_1_DUTY=0
HEAT_1_SP=-20.0
ENC_RAW=2189
ENC_ANGLE=48.09814453125
ENC_ACCUM=902.724609375
AUTO_STOP=1
MOTOR_ANGLE=0.004941860465116279
MOTOR_ACCUM=822.5630813953488
MOTOR_ROT=1572

[22:02:55.739 CUBESAT]
TS=1786204036.802
PG_5=1
PG_9=0
PG_12=0
FLT_P2=0
FLT_P3=0
HEAT_1_TEMP=0.0
HEAT_1_DUTY=10
HEAT_1_SP=-20.0
ENC_RAW=2188
ENC_ANGLE=48.076171875
ENC_ACCUM=902.70263671875
AUTO_STOP=1
MOTOR_ANGLE=0.004941860465116279
MOTOR_ACCUM=822.5630813953488
MOTOR_ROT=1572
TS=1786204038.805
PG_5=1
PG_9=0
PG_12=0
FLT_P2=0
FLT_P3=0
HEAT_1_TEMP=0.0
HEAT_1_DUTY=0
HEAT_1_SP=-20.0
ENC_RAW=2186
ENC_ANGLE=48.0322265625
ENC_ACCUM=902.65869140625
AUTO_STOP=1
MOTOR_ANGLE=0.004941860465116279
MOTOR_ACCUM=822.5630813953488
MOTOR_ROT=1572
TS=1786204040.808
PG_5=1
PG_9=0
PG_12=0
FLT_P2=0
FLT_P3=0
HEAT_1_TEMP=0.0
HEAT_1_DUTY=0
HEAT_1_SP=-20.0
ENC_RAW=2187
ENC_ANGLE=48.05419921875
ENC_ACCUM=902.6806640625
AUTO_STOP=1
MOTOR_ANGLE=0.004941860465116279
MOTOR_ACCUM=822.5630813953488
MOTOR_ROT=1572
TS=1786204042.812
PG_5=1
PG_9=0
PG_12=0
FLT_P2=0
FLT_P3=0
HEAT_1_TEMP=0.0
HEAT_1_DUTY=0
HEAT_1_SP=-20.0
ENC_RAW=2188
ENC_ANGLE=48.076171875
ENC_ACCUM=902.70263671875
AUTO_STOP=1
MOTOR_ANGLE=0.004941860465116279
MOTOR_ACCUM=822.5630813953488
MOTOR_ROT=1572

[22:02:55.954 EBOX]
TS=1786202274.979
V_SENSE5=1.4404296875
V_SENSE9=0.0341796875
V_SENSE12=0.10498046875
ADC_V5=4.9560546875
ADC_V9=9.2041015625
ADC_V12=11.9122314453125
ADC_V28=27.860107421875
THERMAL_SENS_OUT_1=31
THERMAL_SENS_OUT_2=-50
THERMAL_SENS_OUT_3=27
THERMAL_SENS_OUT_4=32
THERMAL_SENS_OUT_5=33
THERMAL_SENS_OUT_6=-50
THERMAL_SENS_INT_1=28
THERMAL_SENS_INT_2=28
PG_5=1
PG_9=0
PG_12=1
FLT_P2=0
FLT_P3=0
HEAT_1_TEMP=31
HEAT_1_DUTY=0
HEAT_1_SP=-20.0
HEAT_2_TEMP=27
HEAT_2_DUTY=0
HEAT_2_SP=-20.0
HEAT_3_TEMP=32
HEAT_3_DUTY=0
HEAT_3_SP=-20.0
HEAT_4_TEMP=33
HEAT_4_DUTY=0
HEAT_4_SP=-20.0

[22:02:57.889 EBOX]
TS=1786202276.980
V_SENSE5=1.18896484375
V_SENSE9=0.0341796875
V_SENSE12=0.107421875
ADC_V5=4.87640380859375
ADC_V9=9.1510009765625
ADC_V12=11.62017822265625
ADC_V28=28.18756103515625
THERMAL_SENS_OUT_1=29
THERMAL_SENS_OUT_2=-50
THERMAL_SENS_OUT_3=27
THERMAL_SENS_OUT_4=31
THERMAL_SENS_OUT_5=33
THERMAL_SENS_OUT_6=-50
THERMAL_SENS_INT_1=25
THERMAL_SENS_INT_2=30
PG_5=1
PG_9=0
PG_12=1
FLT_P2=0
FLT_P3=0
HEAT_1_TEMP=29
HEAT_1_DUTY=0
HEAT_1_SP=-20.0
HEAT_2_TEMP=27
HEAT_2_DUTY=0
HEAT_2_SP=-20.0
HEAT_3_TEMP=31
HEAT_3_DUTY=0
HEAT_3_SP=-20.0
HEAT_4_TEMP=33
HEAT_4_DUTY=0
HEAT_4_SP=-20.0

[22:02:59.199 CUBESAT]
TS=1786204044.815
PG_5=1
PG_9=0
PG_12=0
FLT_P2=0
FLT_P3=0
HEAT_1_TEMP=0.0
HEAT_1_DUTY=0
HEAT_1_SP=-20.0
ENC_RAW=2189
ENC_ANGLE=48.09814453125
ENC_ACCUM=902.724609375
AUTO_STOP=1
MOTOR_ANGLE=0.004941860465116279
MOTOR_ACCUM=822.5630813953488
MOTOR_ROT=1572

[22:02:59.302 CUBESAT]
TS=1786204046.818
PG_5=1
PG_9=0
PG_12=0
FLT_P2=0
FLT_P3=0
HEAT_1_TEMP=0.0
HEAT_1_DUTY=0
HEAT_1_SP=-20.0
ENC_RAW=2188
ENC_ANGLE=48.076171875
ENC_ACCUM=902.70263671875
AUTO_STOP=1
MOTOR_ANGLE=0.004941860465116279
MOTOR_ACCUM=822.5630813953488
MOTOR_ROT=1572

[22:02:59.930 EBOX]
TS=1786202278.982
V_SENSE5=1.171875
V_SENSE9=0.0341796875
V_SENSE12=0.09765625
ADC_V5=4.9383544921875
ADC_V9=8.9208984375
ADC_V12=11.90338134765625
ADC_V28=27.293701171875
THERMAL_SENS_OUT_1=27
THERMAL_SENS_OUT_2=-50
THERMAL_SENS_OUT_3=29
THERMAL_SENS_OUT_4=27
THERMAL_SENS_OUT_5=38
THERMAL_SENS_OUT_6=-50
THERMAL_SENS_INT_1=25
THERMAL_SENS_INT_2=27
PG_5=1
PG_9=0
PG_12=1
FLT_P2=0
FLT_P3=0
HEAT_1_TEMP=27
HEAT_1_DUTY=0
HEAT_1_SP=-20.0
HEAT_2_TEMP=29
HEAT_2_DUTY=0
HEAT_2_SP=-20.0
HEAT_3_TEMP=27
HEAT_3_DUTY=0
HEAT_3_SP=-20.0
HEAT_4_TEMP=38
HEAT_4_DUTY=0
HEAT_4_SP=-20.0

[22:03:01.341 CUBESAT]
TS=1786204048.825
PG_5=1
PG_9=0
PG_12=0
FLT_P2=0
FLT_P3=0
HEAT_1_TEMP=0.0
HEAT_1_DUTY=0
HEAT_1_SP=-20.0
ENC_RAW=2186
ENC_ANGLE=48.0322265625
ENC_ACCUM=902.65869140625
AUTO_STOP=1
MOTOR_ANGLE=0.004941860465116279
MOTOR_ACCUM=822.5630813953488
MOTOR_ROT=1572

[22:03:02.876 EBOX]
TS=1786202280.983
V_SENSE5=1.220703125
V_SENSE9=0.04638671875
V_SENSE12=0.126953125
ADC_V5=4.89410400390625
ADC_V9=8.98284912109375
ADC_V12=11.60247802734375
ADC_V28=27.99285888671875
THERMAL_SENS_OUT_1=32
THERMAL_SENS_OUT_2=-50
THERMAL_SENS_OUT_3=26
THERMAL_SENS_OUT_4=32
THERMAL_SENS_OUT_5=32
THERMAL_SENS_OUT_6=-50
THERMAL_SENS_INT_1=26
THERMAL_SENS_INT_2=29
PG_5=1
PG_9=0
PG_12=1
FLT_P2=0
FLT_P3=0
HEAT_1_TEMP=32
HEAT_1_DUTY=0
HEAT_1_SP=-20.0
HEAT_2_TEMP=26
HEAT_2_DUTY=0
HEAT_2_SP=-20.0
HEAT_3_TEMP=32
HEAT_3_DUTY=0
HEAT_3_SP=-20.0
HEAT_4_TEMP=32
HEAT_4_DUTY=0
HEAT_4_SP=-20.0

[22:03:03.283 CUBESAT]
TS=1786204050.829
PG_5=1
PG_9=0
PG_12=0
FLT_P2=0
FLT_P3=0
HEAT_1_TEMP=0.0
HEAT_1_DUTY=0
HEAT_1_SP=-20.0
ENC_RAW=2187
ENC_ANGLE=48.05419921875
ENC_ACCUM=902.6806640625
AUTO_STOP=1
MOTOR_ANGLE=0.004941860465116279
MOTOR_ACCUM=822.5630813953488
MOTOR_ROT=1572

[22:03:03.909 EBOX]
TS=1786202282.992
V_SENSE5=1.123046875
V_SENSE9=0.0341796875
V_SENSE12=0.10009765625
ADC_V5=4.9560546875
ADC_V9=9.38995361328125
ADC_V12=11.92108154296875
ADC_V28=28.1256103515625
THERMAL_SENS_OUT_1=30
THERMAL_SENS_OUT_2=-50
THERMAL_SENS_OUT_3=31
THERMAL_SENS_OUT_4=27
THERMAL_SENS_OUT_5=36
THERMAL_SENS_OUT_6=-50
THERMAL_SENS_INT_1=29
THERMAL_SENS_INT_2=27
PG_5=1
PG_9=0
PG_12=1
FLT_P2=0
FLT_P3=0
HEAT_1_TEMP=30
HEAT_1_DUTY=0
HEAT_1_SP=-20.0
HEAT_2_TEMP=31
HEAT_2_DUTY=0
HEAT_2_SP=-20.0
HEAT_3_TEMP=27
HEAT_3_DUTY=0
HEAT_3_SP=-20.0
HEAT_4_TEMP=36
HEAT_4_DUTY=0
HEAT_4_SP=-20.0

[22:03:05.320 CUBESAT]
TS=1786204052.831
PG_5=1
PG_9=0
PG_12=0
FLT_P2=0
FLT_P3=0
HEAT_1_TEMP=0.0
HEAT_1_DUTY=10
HEAT_1_SP=-20.0
ENC_RAW=2189
ENC_ANGLE=48.09814453125
ENC_ACCUM=902.724609375
AUTO_STOP=1
MOTOR_ANGLE=0.004941860465116279
MOTOR_ACCUM=822.5630813953488
MOTOR_ROT=1572

[22:03:06.748 EBOX]
TS=1786202284.986
V_SENSE5=1.3623046875
V_SENSE9=0.0341796875
V_SENSE12=0.09521484375
ADC_V5=4.991455078125
ADC_V9=9.35455322265625
ADC_V12=11.788330078125
ADC_V28=27.6300048828125
THERMAL_SENS_OUT_1=26
THERMAL_SENS_OUT_2=-50
THERMAL_SENS_OUT_3=30
THERMAL_SENS_OUT_4=29
THERMAL_SENS_OUT_5=33
THERMAL_SENS_OUT_6=-50
THERMAL_SENS_INT_1=25
THERMAL_SENS_INT_2=32
PG_5=1
PG_9=0
PG_12=1
FLT_P2=0
FLT_P3=0
HEAT_1_TEMP=26
HEAT_1_DUTY=0
HEAT_1_SP=-20.0
HEAT_2_TEMP=30
HEAT_2_DUTY=0
HEAT_2_SP=-20.0
HEAT_3_TEMP=29
HEAT_3_DUTY=0
HEAT_3_SP=-20.0
HEAT_4_TEMP=33
HEAT_4_DUTY=0
HEAT_4_SP=-20.0

[22:03:07.353 CUBESAT]
TS=1786204054.834
PG_5=1
PG_9=0
PG_12=0
FLT_P2=0
FLT_P3=0
HEAT_1_TEMP=0.0
HEAT_1_DUTY=0
HEAT_1_SP=-20.0
ENC_RAW=2188
ENC_ANGLE=48.076171875
ENC_ACCUM=902.70263671875
AUTO_STOP=1
MOTOR_ANGLE=0.004941860465116279
MOTOR_ACCUM=822.5630813953488
MOTOR_ROT=1572

[22:03:07.976 EBOX]
TS=1786202286.988
V_SENSE5=1.14013671875
V_SENSE9=0.0341796875
V_SENSE12=0.09521484375
ADC_V5=4.96490478515625
ADC_V9=9.14215087890625
ADC_V12=11.8414306640625
ADC_V28=27.96630859375
THERMAL_SENS_OUT_1=28
THERMAL_SENS_OUT_2=-50
THERMAL_SENS_OUT_3=31
THERMAL_SENS_OUT_4=32
THERMAL_SENS_OUT_5=33
THERMAL_SENS_OUT_6=-50
THERMAL_SENS_INT_1=25
THERMAL_SENS_INT_2=31
PG_5=1
PG_9=0
PG_12=1
FLT_P2=0
FLT_P3=0
HEAT_1_TEMP=28
HEAT_1_DUTY=0
HEAT_1_SP=-20.0
HEAT_2_TEMP=31
HEAT_2_DUTY=0
HEAT_2_SP=-20.0
HEAT_3_TEMP=32
HEAT_3_DUTY=0
HEAT_3_SP=-20.0
HEAT_4_TEMP=33
HEAT_4_DUTY=0
HEAT_4_SP=-20.0

[22:03:09.389 CUBESAT]
TS=1786204056.838
PG_5=1
PG_9=0
PG_12=0
FLT_P2=0
FLT_P3=0
HEAT_1_TEMP=0.0
HEAT_1_DUTY=0
HEAT_1_SP=-20.0
ENC_RAW=2188
ENC_ANGLE=48.076171875
ENC_ACCUM=902.70263671875
AUTO_STOP=1
MOTOR_ANGLE=0.004941860465116279
MOTOR_ACCUM=822.5630813953488
MOTOR_ROT=1572

[22:03:09.912 EBOX]
TS=1786202288.991
V_SENSE5=1.23291015625
V_SENSE9=0.0390625
V_SENSE12=0.0927734375
ADC_V5=4.9383544921875
ADC_V9=9.168701171875
ADC_V12=11.53167724609375
ADC_V28=27.9132080078125
THERMAL_SENS_OUT_1=32
THERMAL_SENS_OUT_2=-50
THERMAL_SENS_OUT_3=29
THERMAL_SENS_OUT_4=27
THERMAL_SENS_OUT_5=36
THERMAL_SENS_OUT_6=-50
THERMAL_SENS_INT_1=25
THERMAL_SENS_INT_2=30
PG_5=1
PG_9=0
PG_12=1
FLT_P2=0
FLT_P3=0
HEAT_1_TEMP=32
HEAT_1_DUTY=0
HEAT_1_SP=-20.0
HEAT_2_TEMP=29
HEAT_2_DUTY=0
HEAT_2_SP=-20.0
HEAT_3_TEMP=27
HEAT_3_DUTY=0
HEAT_3_SP=-20.0
HEAT_4_TEMP=36
HEAT_4_DUTY=0
HEAT_4_SP=-20.0

[22:03:11.322 CUBESAT]
TS=1786204058.841
PG_5=1
PG_9=0
PG_12=0
FLT_P2=0
FLT_P3=0
HEAT_1_TEMP=0.0
HEAT_1_DUTY=0
HEAT_1_SP=-20.0
ENC_RAW=2188
ENC_ANGLE=48.076171875
ENC_ACCUM=902.70263671875
AUTO_STOP=1
MOTOR_ANGLE=0.004941860465116279
MOTOR_ACCUM=822.5630813953488
MOTOR_ROT=1572

[22:03:11.948 EBOX]
TS=1786202290.991
V_SENSE5=1.15234375
V_SENSE9=0.03662109375
V_SENSE12=0.1318359375
ADC_V5=4.9560546875
ADC_V9=9.0625
ADC_V12=11.81488037109375
ADC_V28=28.10791015625
THERMAL_SENS_OUT_1=31
THERMAL_SENS_OUT_2=-50
THERMAL_SENS_OUT_3=29
THERMAL_SENS_OUT_4=28
THERMAL_SENS_OUT_5=38
THERMAL_SENS_OUT_6=-50
THERMAL_SENS_INT_1=24
THERMAL_SENS_INT_2=30
PG_5=1
PG_9=0
PG_12=1
FLT_P2=0
FLT_P3=0
HEAT_1_TEMP=31
HEAT_1_DUTY=0
HEAT_1_SP=-20.0
HEAT_2_TEMP=29
HEAT_2_DUTY=0
HEAT_2_SP=-20.0
HEAT_3_TEMP=28
HEAT_3_DUTY=0
HEAT_3_SP=-20.0
HEAT_4_TEMP=38
HEAT_4_DUTY=0
HEAT_4_SP=-20.0

[22:03:13.361 CUBESAT]
TS=1786204060.843
PG_5=1
PG_9=0
PG_12=0
FLT_P2=0
FLT_P3=0
HEAT_1_TEMP=0.0
HEAT_1_DUTY=0
HEAT_1_SP=-20.0
ENC_RAW=2187
ENC_ANGLE=48.05419921875
ENC_ACCUM=902.6806640625
AUTO_STOP=1
MOTOR_ANGLE=0.004941860465116279
MOTOR_ACCUM=822.5630813953488
MOTOR_ROT=1572

[22:03:13.980 EBOX]
TS=1786202292.994
V_SENSE5=1.220703125
V_SENSE9=0.0390625
V_SENSE12=0.09033203125
ADC_V5=4.92950439453125
ADC_V9=9.23065185546875
ADC_V12=11.7706298828125
ADC_V28=27.9132080078125
THERMAL_SENS_OUT_1=32
THERMAL_SENS_OUT_2=-50
THERMAL_SENS_OUT_3=30
THERMAL_SENS_OUT_4=28
THERMAL_SENS_OUT_5=35
THERMAL_SENS_OUT_6=-50
THERMAL_SENS_INT_1=28
THERMAL_SENS_INT_2=27
PG_5=1
PG_9=0
PG_12=1
FLT_P2=0
FLT_P3=0
HEAT_1_TEMP=32
HEAT_1_DUTY=0
HEAT_1_SP=-20.0
HEAT_2_TEMP=30
HEAT_2_DUTY=0
HEAT_2_SP=-20.0
HEAT_3_TEMP=28
HEAT_3_DUTY=0
HEAT_3_SP=-20.0
HEAT_4_TEMP=35
HEAT_4_DUTY=0
HEAT_4_SP=-20.0

[22:03:15.393 CUBESAT]
TS=1786204062.848
PG_5=1
PG_9=0
PG_12=0
FLT_P2=0
FLT_P3=0
HEAT_1_TEMP=0.0
HEAT_1_DUTY=10
HEAT_1_SP=-20.0
ENC_RAW=2189
ENC_ANGLE=48.09814453125
ENC_ACCUM=902.724609375
AUTO_STOP=1
MOTOR_ANGLE=0.004941860465116279
MOTOR_ACCUM=822.5630813953488
MOTOR_ROT=1572

[22:03:15.920 EBOX]
TS=1786202294.995
V_SENSE5=1.45263671875
V_SENSE9=0.0341796875
V_SENSE12=0.14404296875
ADC_V5=5.0091552734375
ADC_V9=8.885498046875
ADC_V12=11.79718017578125
ADC_V28=27.21405029296875
THERMAL_SENS_OUT_1=27
THERMAL_SENS_OUT_2=-50
THERMAL_SENS_OUT_3=25
THERMAL_SENS_OUT_4=31
THERMAL_SENS_OUT_5=33
THERMAL_SENS_OUT_6=-50
THERMAL_SENS_INT_1=25
THERMAL_SENS_INT_2=31
PG_5=1
PG_9=0
PG_12=1
FLT_P2=0
FLT_P3=0
HEAT_1_TEMP=27
HEAT_1_DUTY=0
HEAT_1_SP=-20.0
HEAT_2_TEMP=25
HEAT_2_DUTY=0
HEAT_2_SP=-20.0
HEAT_3_TEMP=31
HEAT_3_DUTY=0
HEAT_3_SP=-20.0
HEAT_4_TEMP=33
HEAT_4_DUTY=0
HEAT_4_SP=-20.0

[22:03:17.395 CUBESAT]
TS=1786204064.855
PG_5=1
PG_9=0
PG_12=0
FLT_P2=0
FLT_P3=0
HEAT_1_TEMP=0.0
HEAT_1_DUTY=0
HEAT_1_SP=-20.0
ENC_RAW=2186
ENC_ANGLE=48.0322265625
ENC_ACCUM=902.65869140625
AUTO_STOP=1
MOTOR_ANGLE=0.004941860465116279
MOTOR_ACCUM=822.5630813953488
MOTOR_ROT=1572

[22:03:18.618 EBOX]
TS=1786202296.996
V_SENSE5=1.21337890625
V_SENSE9=0.07568359375
V_SENSE12=0.11474609375
ADC_V5=5.05340576171875
ADC_V9=8.87664794921875
ADC_V12=11.90338134765625
ADC_V28=27.51495361328125
THERMAL_SENS_OUT_1=26
THERMAL_SENS_OUT_2=-50
THERMAL_SENS_OUT_3=29
THERMAL_SENS_OUT_4=27
THERMAL_SENS_OUT_5=37
THERMAL_SENS_OUT_6=-50
THERMAL_SENS_INT_1=25
THERMAL_SENS_INT_2=30
PG_5=1
PG_9=0
PG_12=1
FLT_P2=0
FLT_P3=0
HEAT_1_TEMP=26
HEAT_1_DUTY=0
HEAT_1_SP=-20.0
HEAT_2_TEMP=29
HEAT_2_DUTY=0
HEAT_2_SP=-20.0
HEAT_3_TEMP=27
HEAT_3_DUTY=0
HEAT_3_SP=-20.0
HEAT_4_TEMP=37
HEAT_4_DUTY=0
HEAT_4_SP=-20.0

[22:03:20.090 EBOX]
TS=1786202298.997
V_SENSE5=1.142578125
V_SENSE9=0.0390625
V_SENSE12=0.1318359375
ADC_V5=4.9383544921875
ADC_V9=9.27490234375
ADC_V12=11.7706298828125
ADC_V28=27.90435791015625
THERMAL_SENS_OUT_1=32
THERMAL_SENS_OUT_2=-50
THERMAL_SENS_OUT_3=27
THERMAL_SENS_OUT_4=28
THERMAL_SENS_OUT_5=36
THERMAL_SENS_OUT_6=-50
THERMAL_SENS_INT_1=30
THERMAL_SENS_INT_2=28
PG_5=1
PG_9=0
PG_12=1
FLT_P2=0
FLT_P3=0
HEAT_1_TEMP=32
HEAT_1_DUTY=0
HEAT_1_SP=-20.0
HEAT_2_TEMP=27
HEAT_2_DUTY=0
HEAT_2_SP=-20.0
HEAT_3_TEMP=28
HEAT_3_DUTY=0
HEAT_3_SP=-20.0
HEAT_4_TEMP=36
HEAT_4_DUTY=0
HEAT_4_SP=-20.0

[22:03:20.092 CUBESAT]
TS=1786204066.858
PG_5=1
PG_9=0
PG_12=0
FLT_P2=0
FLT_P3=0
HEAT_1_TEMP=0.0
HEAT_1_DUTY=0
HEAT_1_SP=-20.0
ENC_RAW=2185
ENC_ANGLE=48.01025390625
ENC_ACCUM=902.63671875
AUTO_STOP=1
MOTOR_ANGLE=0.004941860465116279
MOTOR_ACCUM=822.5630813953488
MOTOR_ROT=1572

[22:03:21.702 CUBESAT]
TS=1786204068.862
PG_5=1
PG_9=0
PG_12=0
FLT_P2=0
FLT_P3=0
HEAT_1_TEMP=0.0
HEAT_1_DUTY=0
HEAT_1_SP=-20.0
ENC_RAW=2186
ENC_ANGLE=48.0322265625
ENC_ACCUM=902.65869140625
AUTO_STOP=1
MOTOR_ANGLE=0.004941860465116279
MOTOR_ACCUM=822.5630813953488
MOTOR_ROT=1572

[22:03:22.121 EBOX]
TS=1786202300.999
V_SENSE5=1.15234375
V_SENSE9=0.03662109375
V_SENSE12=0.12451171875
ADC_V5=4.991455078125
ADC_V9=9.17755126953125
ADC_V12=11.8414306640625
ADC_V28=27.17864990234375
THERMAL_SENS_OUT_1=28
THERMAL_SENS_OUT_2=-50
THERMAL_SENS_OUT_3=27
THERMAL_SENS_OUT_4=30
THERMAL_SENS_OUT_5=32
THERMAL_SENS_OUT_6=-50
THERMAL_SENS_INT_1=30
THERMAL_SENS_INT_2=27
PG_5=1
PG_9=0
PG_12=1
FLT_P2=0
FLT_P3=0
HEAT_1_TEMP=28
HEAT_1_DUTY=0
HEAT_1_SP=-20.0
HEAT_2_TEMP=27
HEAT_2_DUTY=0
HEAT_2_SP=-20.0
HEAT_3_TEMP=30
HEAT_3_DUTY=0
HEAT_3_SP=-20.0
HEAT_4_TEMP=32
HEAT_4_DUTY=0
HEAT_4_SP=-20.0

[22:03:23.533 CUBESAT]
TS=1786204070.865
PG_5=1
PG_9=0
PG_12=0
FLT_P2=0
FLT_P3=0
HEAT_1_TEMP=0.0
HEAT_1_DUTY=0
HEAT_1_SP=-20.0
ENC_RAW=2189
ENC_ANGLE=48.09814453125
ENC_ACCUM=902.724609375
AUTO_STOP=1
MOTOR_ANGLE=0.004941860465116279
MOTOR_ACCUM=822.5630813953488
MOTOR_ROT=1572

[22:03:23.955 EBOX]
TS=1786202303.001
V_SENSE5=1.25
V_SENSE9=0.0341796875
V_SENSE12=0.1123046875
ADC_V5=4.92950439453125
ADC_V9=9.2926025390625
ADC_V12=11.7706298828125
ADC_V28=27.67425537109375
THERMAL_SENS_OUT_1=27
THERMAL_SENS_OUT_2=-50
THERMAL_SENS_OUT_3=26
THERMAL_SENS_OUT_4=28
THERMAL_SENS_OUT_5=32
THERMAL_SENS_OUT_6=-50
THERMAL_SENS_INT_1=30
THERMAL_SENS_INT_2=28
PG_5=1
PG_9=0
PG_12=1
FLT_P2=0
FLT_P3=0
HEAT_1_TEMP=27
HEAT_1_DUTY=0
HEAT_1_SP=-20.0
HEAT_2_TEMP=26
HEAT_2_DUTY=0
HEAT_2_SP=-20.0
HEAT_3_TEMP=28
HEAT_3_DUTY=0
HEAT_3_SP=-20.0
HEAT_4_TEMP=32
HEAT_4_DUTY=0
HEAT_4_SP=-20.0

[22:03:25.990 EBOX]
TS=1786202305.004
V_SENSE5=1.40380859375
V_SENSE9=0.0341796875
V_SENSE12=0.10009765625
ADC_V5=4.91180419921875
ADC_V9=9.0625
ADC_V12=11.8414306640625
ADC_V28=27.8955078125
THERMAL_SENS_OUT_1=33
THERMAL_SENS_OUT_2=-50
THERMAL_SENS_OUT_3=28
THERMAL_SENS_OUT_4=28
THERMAL_SENS_OUT_5=37
THERMAL_SENS_OUT_6=-50
THERMAL_SENS_INT_1=25
THERMAL_SENS_INT_2=29
PG_5=1
PG_9=0
PG_12=1
FLT_P2=0
FLT_P3=0
HEAT_1_TEMP=33
HEAT_1_DUTY=0
HEAT_1_SP=-20.0
HEAT_2_TEMP=28
HEAT_2_DUTY=0
HEAT_2_SP=-20.0
HEAT_3_TEMP=28
HEAT_3_DUTY=0
HEAT_3_SP=-20.0
HEAT_4_TEMP=37
HEAT_4_DUTY=0
HEAT_4_SP=-20.0

[22:03:25.992 CUBESAT]
TS=1786204072.868
PG_5=1
PG_9=0
PG_12=0
FLT_P2=0
FLT_P3=0
HEAT_1_TEMP=0.0
HEAT_1_DUTY=10
HEAT_1_SP=-20.0
ENC_RAW=2187
ENC_ANGLE=48.05419921875
ENC_ACCUM=902.6806640625
AUTO_STOP=1
MOTOR_ANGLE=0.004941860465116279
MOTOR_ACCUM=822.5630813953488
MOTOR_ROT=1572

[22:03:27.404 CUBESAT]
TS=1786204074.871
PG_5=1
PG_9=0
PG_12=0
FLT_P2=0
FLT_P3=0
HEAT_1_TEMP=0.0
HEAT_1_DUTY=0
HEAT_1_SP=-20.0
ENC_RAW=2186
ENC_ANGLE=48.0322265625
ENC_ACCUM=902.65869140625
AUTO_STOP=1
MOTOR_ANGLE=0.004941860465116279
MOTOR_ACCUM=822.5630813953488
MOTOR_ROT=1572

[22:03:28.025 EBOX]
TS=1786202307.006
V_SENSE5=1.1865234375
V_SENSE9=0.03662109375
V_SENSE12=0.13916015625
ADC_V5=4.8321533203125
ADC_V9=9.0447998046875
ADC_V12=11.54052734375
ADC_V28=27.85125732421875
THERMAL_SENS_OUT_1=32
THERMAL_SENS_OUT_2=-50
THERMAL_SENS_OUT_3=30
THERMAL_SENS_OUT_4=28
THERMAL_SENS_OUT_5=38
THERMAL_SENS_OUT_6=-50
THERMAL_SENS_INT_1=30
THERMAL_SENS_INT_2=27
PG_5=1
PG_9=0
PG_12=1
FLT_P2=0
FLT_P3=0
HEAT_1_TEMP=32
HEAT_1_DUTY=0
HEAT_1_SP=-20.0
HEAT_2_TEMP=30
HEAT_2_DUTY=0
HEAT_2_SP=-20.0
HEAT_3_TEMP=28
HEAT_3_DUTY=0
HEAT_3_SP=-20.0
HEAT_4_TEMP=38
HEAT_4_DUTY=0
HEAT_4_SP=-20.0

[22:03:29.335 CUBESAT]
TS=1786204076.878
PG_5=1
PG_9=0
PG_12=0
FLT_P2=0
FLT_P3=0
HEAT_1_TEMP=0.0
HEAT_1_DUTY=0
HEAT_1_SP=-20.0
ENC_RAW=2186
ENC_ANGLE=48.0322265625
ENC_ACCUM=902.65869140625
AUTO_STOP=1
MOTOR_ANGLE=0.004941860465116279
MOTOR_ACCUM=822.5630813953488
MOTOR_ROT=1572

[22:03:29.961 EBOX]
TS=1786202309.008
V_SENSE5=1.11328125
V_SENSE9=0.0341796875
V_SENSE12=0.1171875
ADC_V5=4.9560546875
ADC_V9=8.779296875
ADC_V12=11.7529296875
ADC_V28=27.8070068359375
THERMAL_SENS_OUT_1=28
THERMAL_SENS_OUT_2=-50
THERMAL_SENS_OUT_3=30
THERMAL_SENS_OUT_4=28
THERMAL_SENS_OUT_5=38
THERMAL_SENS_OUT_6=-50
THERMAL_SENS_INT_1=28
THERMAL_SENS_INT_2=26
PG_5=1
PG_9=0
PG_12=1
FLT_P2=0
FLT_P3=0
HEAT_1_TEMP=28
HEAT_1_DUTY=0
HEAT_1_SP=-20.0
HEAT_2_TEMP=30
HEAT_2_DUTY=0
HEAT_2_SP=-20.0
HEAT_3_TEMP=28
HEAT_3_DUTY=0
HEAT_3_SP=-20.0
HEAT_4_TEMP=38
HEAT_4_DUTY=0
HEAT_4_SP=-20.0

[22:03:31.474 CUBESAT]
TS=1786204078.882
PG_5=1
PG_9=0
PG_12=0
FLT_P2=0
FLT_P3=0
HEAT_1_TEMP=0.0
HEAT_1_DUTY=0
HEAT_1_SP=-20.0
ENC_RAW=2185
ENC_ANGLE=48.01025390625
ENC_ACCUM=902.63671875
AUTO_STOP=1
MOTOR_ANGLE=0.004941860465116279
MOTOR_ACCUM=822.5630813953488
MOTOR_ROT=1572

[22:03:32.499 EBOX]
TS=1786202311.010
V_SENSE5=1.2255859375
V_SENSE9=0.0341796875
V_SENSE12=0.09765625
ADC_V5=4.85870361328125
ADC_V9=9.28375244140625
ADC_V12=11.575927734375
ADC_V28=28.0548095703125
THERMAL_SENS_OUT_1=32
THERMAL_SENS_OUT_2=-50
THERMAL_SENS_OUT_3=30
THERMAL_SENS_OUT_4=28
THERMAL_SENS_OUT_5=33
THERMAL_SENS_OUT_6=-50
THERMAL_SENS_INT_1=26
THERMAL_SENS_INT_2=31
PG_5=1
PG_9=0
PG_12=1
FLT_P2=0
FLT_P3=0
HEAT_1_TEMP=32
HEAT_1_DUTY=0
HEAT_1_SP=-20.0
HEAT_2_TEMP=30
HEAT_2_DUTY=0
HEAT_2_SP=-20.0
HEAT_3_TEMP=28
HEAT_3_DUTY=0
HEAT_3_SP=-20.0
HEAT_4_TEMP=33
HEAT_4_DUTY=0
HEAT_4_SP=-20.0

[22:03:33.407 CUBESAT]
TS=1786204080.888
PG_5=1
PG_9=0
PG_12=0
FLT_P2=0
FLT_P3=0
HEAT_1_TEMP=0.0
HEAT_1_DUTY=0
HEAT_1_SP=-20.0
ENC_RAW=2187
ENC_ANGLE=48.05419921875
ENC_ACCUM=902.6806640625
AUTO_STOP=1
MOTOR_ANGLE=0.004941860465116279
MOTOR_ACCUM=822.5630813953488
MOTOR_ROT=1572

[22:03:33.931 EBOX]
TS=1786202313.018
V_SENSE5=1.13037109375
V_SENSE9=0.0390625
V_SENSE12=0.1220703125
ADC_V5=4.9029541015625
ADC_V9=9.55810546875
ADC_V12=11.92108154296875
ADC_V28=28.143310546875
THERMAL_SENS_OUT_1=28
THERMAL_SENS_OUT_2=-50
THERMAL_SENS_OUT_3=28
THERMAL_SENS_OUT_4=30
THERMAL_SENS_OUT_5=33
THERMAL_SENS_OUT_6=-50
THERMAL_SENS_INT_1=25
THERMAL_SENS_INT_2=30
PG_5=1
PG_9=0
PG_12=1
FLT_P2=0
FLT_P3=0
HEAT_1_TEMP=28
HEAT_1_DUTY=0
HEAT_1_SP=-20.0
HEAT_2_TEMP=28
HEAT_2_DUTY=0
HEAT_2_SP=-20.0
HEAT_3_TEMP=30
HEAT_3_DUTY=0
HEAT_3_SP=-20.0
HEAT_4_TEMP=33
HEAT_4_DUTY=0
HEAT_4_SP=-20.0

[22:03:35.343 CUBESAT]
TS=1786204082.890
PG_5=1
PG_9=0
PG_12=0
FLT_P2=0
FLT_P3=0
HEAT_1_TEMP=0.0
HEAT_1_DUTY=0
HEAT_1_SP=-20.0
ENC_RAW=2186
ENC_ANGLE=48.0322265625
ENC_ACCUM=902.65869140625
AUTO_STOP=1
MOTOR_ANGLE=0.004941860465116279
MOTOR_ACCUM=822.5630813953488
MOTOR_ROT=1572

[22:03:35.968 EBOX]
TS=1786202315.013
V_SENSE5=1.4599609375
V_SENSE9=0.0341796875
V_SENSE12=0.11474609375
ADC_V5=4.82330322265625
ADC_V9=9.4342041015625
ADC_V12=11.56707763671875
ADC_V28=27.9486083984375
THERMAL_SENS_OUT_1=32
THERMAL_SENS_OUT_2=-50
THERMAL_SENS_OUT_3=27
THERMAL_SENS_OUT_4=29
THERMAL_SENS_OUT_5=37
THERMAL_SENS_OUT_6=-50
THERMAL_SENS_INT_1=28
THERMAL_SENS_INT_2=29
PG_5=1
PG_9=0
PG_12=1
FLT_P2=0
FLT_P3=0
HEAT_1_TEMP=32
HEAT_1_DUTY=0
HEAT_1_SP=-20.0
HEAT_2_TEMP=27
HEAT_2_DUTY=0
HEAT_2_SP=-20.0
HEAT_3_TEMP=29
HEAT_3_DUTY=0
HEAT_3_SP=-20.0
HEAT_4_TEMP=37
HEAT_4_DUTY=0
HEAT_4_SP=-20.0

[22:03:37.379 CUBESAT]
TS=1786204084.891
PG_5=1
PG_9=0
PG_12=0
FLT_P2=0
FLT_P3=0
HEAT_1_TEMP=0.0
HEAT_1_DUTY=0
HEAT_1_SP=-20.0
ENC_RAW=2186
ENC_ANGLE=48.0322265625
ENC_ACCUM=902.65869140625
AUTO_STOP=1
MOTOR_ANGLE=0.004941860465116279
MOTOR_ACCUM=822.5630813953488
MOTOR_ROT=1572

[22:03:38.509 EBOX]
TS=1786202317.015
V_SENSE5=1.1474609375
V_SENSE9=0.0341796875
V_SENSE12=0.10009765625
ADC_V5=4.88525390625
ADC_V9=9.381103515625
ADC_V12=11.717529296875
ADC_V28=27.86895751953125
THERMAL_SENS_OUT_1=33
THERMAL_SENS_OUT_2=-50
THERMAL_SENS_OUT_3=25
THERMAL_SENS_OUT_4=31
THERMAL_SENS_OUT_5=34
THERMAL_SENS_OUT_6=-50
THERMAL_SENS_INT_1=28
THERMAL_SENS_INT_2=26
PG_5=1
PG_9=0
PG_12=1
FLT_P2=0
FLT_P3=0
HEAT_1_TEMP=33
HEAT_1_DUTY=0
HEAT_1_SP=-20.0
HEAT_2_TEMP=25
HEAT_2_DUTY=0
HEAT_2_SP=-20.0
HEAT_3_TEMP=31
HEAT_3_DUTY=0
HEAT_3_SP=-20.0
HEAT_4_TEMP=34
HEAT_4_DUTY=0
HEAT_4_SP=-20.0

[22:03:39.418 CUBESAT]
TS=1786204086.894
PG_5=1
PG_9=0
PG_12=0
FLT_P2=0
FLT_P3=0
HEAT_1_TEMP=0.0
HEAT_1_DUTY=0
HEAT_1_SP=-20.0
ENC_RAW=2186
ENC_ANGLE=48.0322265625
ENC_ACCUM=902.65869140625
AUTO_STOP=1
MOTOR_ANGLE=0.004941860465116279
MOTOR_ACCUM=822.5630813953488
MOTOR_ROT=1572

[22:03:39.942 EBOX]
TS=1786202319.018
V_SENSE5=1.1279296875
V_SENSE9=0.0341796875
V_SENSE12=0.1171875
ADC_V5=4.9383544921875
ADC_V9=9.30145263671875
ADC_V12=11.65557861328125
ADC_V28=28.1256103515625
THERMAL_SENS_OUT_1=31
THERMAL_SENS_OUT_2=-50
THERMAL_SENS_OUT_3=29
THERMAL_SENS_OUT_4=27
THERMAL_SENS_OUT_5=37
THERMAL_SENS_OUT_6=-50
THERMAL_SENS_INT_1=26
THERMAL_SENS_INT_2=30
PG_5=1
PG_9=0
PG_12=1
FLT_P2=0
FLT_P3=0
HEAT_1_TEMP=31
HEAT_1_DUTY=0
HEAT_1_SP=-20.0
HEAT_2_TEMP=29
HEAT_2_DUTY=0
HEAT_2_SP=-20.0
HEAT_3_TEMP=27
HEAT_3_DUTY=0
HEAT_3_SP=-20.0
HEAT_4_TEMP=37
HEAT_4_DUTY=0
HEAT_4_SP=-20.0

[22:03:41.456 CUBESAT]
TS=1786204088.896
PG_5=1
PG_9=0
PG_12=0
FLT_P2=0
FLT_P3=0
HEAT_1_TEMP=0.0
HEAT_1_DUTY=10
HEAT_1_SP=-20.0
ENC_RAW=2186
ENC_ANGLE=48.0322265625
ENC_ACCUM=902.65869140625
AUTO_STOP=1
MOTOR_ANGLE=0.004941860465116279
MOTOR_ACCUM=822.5630813953488
MOTOR_ROT=1572

[22:03:41.978 EBOX]
TS=1786202321.020
V_SENSE5=1.2109375
V_SENSE9=0.0390625
V_SENSE12=0.10009765625
ADC_V5=5.05340576171875
ADC_V9=9.15985107421875
ADC_V12=11.5228271484375
ADC_V28=27.718505859375
THERMAL_SENS_OUT_1=32
THERMAL_SENS_OUT_2=-50
THERMAL_SENS_OUT_3=28
THERMAL_SENS_OUT_4=26
THERMAL_SENS_OUT_5=34
THERMAL_SENS_OUT_6=-50
THERMAL_SENS_INT_1=26
THERMAL_SENS_INT_2=32
PG_5=1
PG_9=0
PG_12=1
FLT_P2=0
FLT_P3=0
HEAT_1_TEMP=32
HEAT_1_DUTY=0
HEAT_1_SP=-20.0
HEAT_2_TEMP=28
HEAT_2_DUTY=0
HEAT_2_SP=-20.0
HEAT_3_TEMP=26
HEAT_3_DUTY=0
HEAT_3_SP=-20.0
HEAT_4_TEMP=34
HEAT_4_DUTY=0
HEAT_4_SP=-20.0

[22:03:43.793 CUBESAT]
TS=1786204090.898
PG_5=1
PG_9=0
PG_12=0
FLT_P2=0
FLT_P3=0
HEAT_1_TEMP=0.0
HEAT_1_DUTY=0
HEAT_1_SP=-20.0
ENC_RAW=2187
ENC_ANGLE=48.05419921875
ENC_ACCUM=902.6806640625
AUTO_STOP=1
MOTOR_ANGLE=0.004941860465116279
MOTOR_ACCUM=822.5630813953488
MOTOR_ROT=1572

[22:03:44.014 EBOX]
TS=1786202323.026
V_SENSE5=1.2646484375
V_SENSE9=0.03662109375
V_SENSE12=0.10498046875
ADC_V5=4.84100341796875
ADC_V9=9.03594970703125
ADC_V12=11.611328125
ADC_V28=28.0194091796875
THERMAL_SENS_OUT_1=32
THERMAL_SENS_OUT_2=-50
THERMAL_SENS_OUT_3=25
THERMAL_SENS_OUT_4=29
THERMAL_SENS_OUT_5=38
THERMAL_SENS_OUT_6=-50
THERMAL_SENS_INT_1=24
THERMAL_SENS_INT_2=29
PG_5=1
PG_9=0
PG_12=1
FLT_P2=0
FLT_P3=0
HEAT_1_TEMP=32
HEAT_1_DUTY=0
HEAT_1_SP=-20.0
HEAT_2_TEMP=25
HEAT_2_DUTY=0
HEAT_2_SP=-20.0
HEAT_3_TEMP=29
HEAT_3_DUTY=0
HEAT_3_SP=-20.0
HEAT_4_TEMP=38
HEAT_4_DUTY=0
HEAT_4_SP=-20.0

[22:03:45.426 CUBESAT]
TS=1786204092.901
PG_5=1
PG_9=0
PG_12=0
FLT_P2=0
FLT_P3=0
HEAT_1_TEMP=0.0
HEAT_1_DUTY=0
HEAT_1_SP=-20.0
ENC_RAW=2186
ENC_ANGLE=48.0322265625
ENC_ACCUM=902.65869140625
AUTO_STOP=1
MOTOR_ANGLE=0.004941860465116279
MOTOR_ACCUM=822.5630813953488
MOTOR_ROT=1572

[22:03:45.949 EBOX]
TS=1786202325.037
V_SENSE5=1.16455078125
V_SENSE9=0.0341796875
V_SENSE12=0.10986328125
ADC_V5=4.991455078125
ADC_V9=8.94744873046875
ADC_V12=12.02728271484375
ADC_V28=27.49725341796875
THERMAL_SENS_OUT_1=28
THERMAL_SENS_OUT_2=-50
THERMAL_SENS_OUT_3=25
THERMAL_SENS_OUT_4=32
THERMAL_SENS_OUT_5=33
THERMAL_SENS_OUT_6=-50
THERMAL_SENS_INT_1=28
THERMAL_SENS_INT_2=32
PG_5=1
PG_9=0
PG_12=1
FLT_P2=0
FLT_P3=0
HEAT_1_TEMP=28
HEAT_1_DUTY=0
HEAT_1_SP=-20.0
HEAT_2_TEMP=25
HEAT_2_DUTY=0
HEAT_2_SP=-20.0
HEAT_3_TEMP=32
HEAT_3_DUTY=0
HEAT_3_SP=-20.0
HEAT_4_TEMP=33
HEAT_4_DUTY=0
HEAT_4_SP=-20.0

[22:03:47.461 CUBESAT]
TS=1786204094.908
PG_5=1
PG_9=0
PG_12=0
FLT_P2=0
FLT_P3=0
HEAT_1_TEMP=0.0
HEAT_1_DUTY=0
HEAT_1_SP=-20.0
ENC_RAW=2185
ENC_ANGLE=48.01025390625
ENC_ACCUM=902.63671875
AUTO_STOP=1
MOTOR_ANGLE=0.004941860465116279
MOTOR_ACCUM=822.5630813953488
MOTOR_ROT=1572

[22:03:48.389 EBOX]
TS=1786202327.025
V_SENSE5=1.12060546875
V_SENSE9=0.0390625
V_SENSE12=0.1318359375
ADC_V5=5.05340576171875
ADC_V9=9.56695556640625
ADC_V12=11.788330078125
ADC_V28=27.4530029296875
THERMAL_SENS_OUT_1=29
THERMAL_SENS_OUT_2=-50
THERMAL_SENS_OUT_3=25
THERMAL_SENS_OUT_4=30
THERMAL_SENS_OUT_5=37
THERMAL_SENS_OUT_6=-50
THERMAL_SENS_INT_1=28
THERMAL_SENS_INT_2=26
PG_5=1
PG_9=0
PG_12=1
FLT_P2=0
FLT_P3=0
HEAT_1_TEMP=29
HEAT_1_DUTY=0
HEAT_1_SP=-20.0
HEAT_2_TEMP=25
HEAT_2_DUTY=0
HEAT_2_SP=-20.0
HEAT_3_TEMP=30
HEAT_3_DUTY=0
HEAT_3_SP=-20.0
HEAT_4_TEMP=37
HEAT_4_DUTY=0
HEAT_4_SP=-20.0

[22:03:49.398 CUBESAT]
TS=1786204096.911
PG_5=1
PG_9=0
PG_12=0
FLT_P2=0
FLT_P3=0
HEAT_1_TEMP=0.0
HEAT_1_DUTY=0
HEAT_1_SP=-20.0
ENC_RAW=2188
ENC_ANGLE=48.076171875
ENC_ACCUM=902.70263671875
AUTO_STOP=1
MOTOR_ANGLE=0.004941860465116279
MOTOR_ACCUM=822.5630813953488
MOTOR_ROT=1572

[22:03:50.020 EBOX]
TS=1786202329.027
V_SENSE5=1.12548828125
V_SENSE9=0.0390625
V_SENSE12=0.10009765625
ADC_V5=4.9560546875
ADC_V9=9.47845458984375
ADC_V12=11.72637939453125
ADC_V28=28.11676025390625
THERMAL_SENS_OUT_1=27
THERMAL_SENS_OUT_2=-50
THERMAL_SENS_OUT_3=24
THERMAL_SENS_OUT_4=30
THERMAL_SENS_OUT_5=33
THERMAL_SENS_OUT_6=-50
THERMAL_SENS_INT_1=25
THERMAL_SENS_INT_2=31
PG_5=1
PG_9=0
PG_12=1
FLT_P2=0
FLT_P3=0
HEAT_1_TEMP=27
HEAT_1_DUTY=0
HEAT_1_SP=-20.0
HEAT_2_TEMP=24
HEAT_2_DUTY=0
HEAT_2_SP=-20.0
HEAT_3_TEMP=30
HEAT_3_DUTY=0
HEAT_3_SP=-20.0
HEAT_4_TEMP=33
HEAT_4_DUTY=0
HEAT_4_SP=-20.0

[22:03:51.433 CUBESAT]
TS=1786204098.915
PG_5=1
PG_9=0
PG_12=0
FLT_P2=0
FLT_P3=0
HEAT_1_TEMP=0.0
HEAT_1_DUTY=10
HEAT_1_SP=-20.0
ENC_RAW=2188
ENC_ANGLE=48.076171875
ENC_ACCUM=902.70263671875
AUTO_STOP=1
MOTOR_ANGLE=0.004941860465116279
MOTOR_ACCUM=822.5630813953488
MOTOR_ROT=1572

[22:03:51.957 EBOX]
TS=1786202331.030
V_SENSE5=1.32568359375
V_SENSE9=0.0390625
V_SENSE12=0.107421875
ADC_V5=4.92950439453125
ADC_V9=9.33685302734375
ADC_V12=11.929931640625
ADC_V28=27.6123046875
THERMAL_SENS_OUT_1=28
THERMAL_SENS_OUT_2=-50
THERMAL_SENS_OUT_3=27
THERMAL_SENS_OUT_4=31
THERMAL_SENS_OUT_5=34
THERMAL_SENS_OUT_6=-50
THERMAL_SENS_INT_1=26
THERMAL_SENS_INT_2=30
PG_5=1
PG_9=0
PG_12=1
FLT_P2=0
FLT_P3=0
HEAT_1_TEMP=28
HEAT_1_DUTY=0
HEAT_1_SP=-20.0
HEAT_2_TEMP=27
HEAT_2_DUTY=0
HEAT_2_SP=-20.0
HEAT_3_TEMP=31
HEAT_3_DUTY=0
HEAT_3_SP=-20.0
HEAT_4_TEMP=34
HEAT_4_DUTY=0
HEAT_4_SP=-20.0

[22:03:53.471 CUBESAT]
TS=1786204100.918
PG_5=1
PG_9=0
PG_12=0
FLT_P2=0
FLT_P3=0
HEAT_1_TEMP=0.0
HEAT_1_DUTY=0
HEAT_1_SP=-20.0
ENC_RAW=2190
ENC_ANGLE=48.1201171875
ENC_ACCUM=902.74658203125
AUTO_STOP=1
MOTOR_ANGLE=0.004941860465116279
MOTOR_ACCUM=822.5630813953488
MOTOR_ROT=1572

[22:03:53.991 EBOX]
TS=1786202333.030
V_SENSE5=1.2109375
V_SENSE9=0.0390625
V_SENSE12=0.1220703125
ADC_V5=4.9560546875
ADC_V9=8.99169921875
ADC_V12=11.788330078125
ADC_V28=27.5238037109375
THERMAL_SENS_OUT_1=26
THERMAL_SENS_OUT_2=-50
THERMAL_SENS_OUT_3=29
THERMAL_SENS_OUT_4=27
THERMAL_SENS_OUT_5=37
THERMAL_SENS_OUT_6=-50
THERMAL_SENS_INT_1=26
THERMAL_SENS_INT_2=31
PG_5=1
PG_9=0
PG_12=1
FLT_P2=0
FLT_P3=0
HEAT_1_TEMP=26
HEAT_1_DUTY=0
HEAT_1_SP=-20.0
HEAT_2_TEMP=29
HEAT_2_DUTY=0
HEAT_2_SP=-20.0
HEAT_3_TEMP=27
HEAT_3_DUTY=0
HEAT_3_SP=-20.0
HEAT_4_TEMP=37
HEAT_4_DUTY=0
HEAT_4_SP=-20.0

[22:03:55.404 CUBESAT]
TS=1786204102.921
PG_5=1
PG_9=0
PG_12=0
FLT_P2=0
FLT_P3=0
HEAT_1_TEMP=0.0
HEAT_1_DUTY=0
HEAT_1_SP=-20.0
ENC_RAW=2186
ENC_ANGLE=48.0322265625
ENC_ACCUM=902.65869140625
AUTO_STOP=1
MOTOR_ANGLE=0.004941860465116279
MOTOR_ACCUM=822.5630813953488
MOTOR_ROT=1572

[22:03:56.028 EBOX]
TS=1786202335.034
V_SENSE5=1.28662109375
V_SENSE9=0.07568359375
V_SENSE12=0.1025390625
ADC_V5=4.849853515625
ADC_V9=9.19525146484375
ADC_V12=11.58477783203125
ADC_V28=28.01055908203125
THERMAL_SENS_OUT_1=31
THERMAL_SENS_OUT_2=-50
THERMAL_SENS_OUT_3=29
THERMAL_SENS_OUT_4=28
THERMAL_SENS_OUT_5=37
THERMAL_SENS_OUT_6=-50
THERMAL_SENS_INT_1=29
THERMAL_SENS_INT_2=28
PG_5=1
PG_9=0
PG_12=1
FLT_P2=0
FLT_P3=0
HEAT_1_TEMP=31
HEAT_1_DUTY=0
HEAT_1_SP=-20.0
HEAT_2_TEMP=29
HEAT_2_DUTY=0
HEAT_2_SP=-20.0
HEAT_3_TEMP=28
HEAT_3_DUTY=0
HEAT_3_SP=-20.0
HEAT_4_TEMP=37
HEAT_4_DUTY=0
HEAT_4_SP=-20.0

[22:03:57.743 CUBESAT]
TS=1786204104.928
PG_5=1
PG_9=0
PG_12=0
FLT_P2=0
FLT_P3=0
HEAT_1_TEMP=0.0
HEAT_1_DUTY=0
HEAT_1_SP=-20.0
ENC_RAW=2185
ENC_ANGLE=48.01025390625
ENC_ACCUM=902.63671875
AUTO_STOP=1
MOTOR_ANGLE=0.004941860465116279
MOTOR_ACCUM=822.5630813953488
MOTOR_ROT=1572

[22:03:58.068 EBOX]
TS=1786202337.036
V_SENSE5=1.22314453125
V_SENSE9=0.0390625
V_SENSE12=0.1171875
ADC_V5=4.98260498046875
ADC_V9=9.0447998046875
ADC_V12=11.65557861328125
ADC_V28=27.4884033203125
THERMAL_SENS_OUT_1=29
THERMAL_SENS_OUT_2=-50
THERMAL_SENS_OUT_3=25
THERMAL_SENS_OUT_4=26
THERMAL_SENS_OUT_5=32
THERMAL_SENS_OUT_6=-50
THERMAL_SENS_INT_1=30
THERMAL_SENS_INT_2=28
PG_5=1
PG_9=0
PG_12=1
FLT_P2=0
FLT_P3=0
HEAT_1_TEMP=29
HEAT_1_DUTY=0
HEAT_1_SP=-20.0
HEAT_2_TEMP=25
HEAT_2_DUTY=0
HEAT_2_SP=-20.0
HEAT_3_TEMP=26
HEAT_3_DUTY=0
HEAT_3_SP=-20.0
HEAT_4_TEMP=32
HEAT_4_DUTY=0
HEAT_4_SP=-20.0

[22:03:59.381 CUBESAT]
TS=1786204106.931
PG_5=1
PG_9=0
PG_12=0
FLT_P2=0
FLT_P3=0
HEAT_1_TEMP=0.0
HEAT_1_DUTY=0
HEAT_1_SP=-20.0
ENC_RAW=2185
ENC_ANGLE=48.01025390625
ENC_ACCUM=902.63671875
AUTO_STOP=1
MOTOR_ANGLE=0.004941860465116279
MOTOR_ACCUM=822.5630813953488
MOTOR_ROT=1572

[22:04:00.707 EBOX]
TS=1786202339.050
V_SENSE5=1.1474609375
V_SENSE9=0.03662109375
V_SENSE12=0.107421875
ADC_V5=5.00030517578125
ADC_V9=9.13330078125
ADC_V12=11.79718017578125
ADC_V28=27.576904296875
THERMAL_SENS_OUT_1=30
THERMAL_SENS_OUT_2=-50
THERMAL_SENS_OUT_3=29
THERMAL_SENS_OUT_4=29
THERMAL_SENS_OUT_5=34
THERMAL_SENS_OUT_6=-50
THERMAL_SENS_INT_1=28
THERMAL_SENS_INT_2=26
PG_5=1
PG_9=0
PG_12=1
FLT_P2=0
FLT_P3=0
HEAT_1_TEMP=30
HEAT_1_DUTY=0
HEAT_1_SP=-20.0
HEAT_2_TEMP=29
HEAT_2_DUTY=0
HEAT_2_SP=-20.0
HEAT_3_TEMP=29
HEAT_3_DUTY=0
HEAT_3_SP=-20.0
HEAT_4_TEMP=34
HEAT_4_DUTY=0
HEAT_4_SP=-20.0

[22:04:01.422 CUBESAT]
TS=1786204108.934
PG_5=1
PG_9=0
PG_12=0
FLT_P2=0
FLT_P3=0
HEAT_1_TEMP=0.0
HEAT_1_DUTY=10
HEAT_1_SP=-20.0
ENC_RAW=2187
ENC_ANGLE=48.05419921875
ENC_ACCUM=902.6806640625
AUTO_STOP=1
MOTOR_ANGLE=0.004941860465116279
MOTOR_ACCUM=822.5630813953488
MOTOR_ROT=1572

[22:04:02.047 EBOX]
TS=1786202341.052
V_SENSE5=1.25732421875
V_SENSE9=0.0341796875
V_SENSE12=0.126953125
ADC_V5=4.9029541015625
ADC_V9=9.3634033203125
ADC_V12=11.81488037109375
ADC_V28=27.81585693359375
THERMAL_SENS_OUT_1=27
THERMAL_SENS_OUT_2=-50
THERMAL_SENS_OUT_3=25
THERMAL_SENS_OUT_4=31
THERMAL_SENS_OUT_5=38
THERMAL_SENS_OUT_6=-50
THERMAL_SENS_INT_1=28
THERMAL_SENS_INT_2=26
PG_5=1
PG_9=0
PG_12=1
FLT_P2=0
FLT_P3=0
HEAT_1_TEMP=27
HEAT_1_DUTY=0
HEAT_1_SP=-20.0
HEAT_2_TEMP=25
HEAT_2_DUTY=0
HEAT_2_SP=-20.0
HEAT_3_TEMP=31
HEAT_3_DUTY=0
HEAT_3_SP=-20.0
HEAT_4_TEMP=38
HEAT_4_DUTY=0
HEAT_4_SP=-20.0

[22:04:03.460 CUBESAT]
TS=1786204110.935
PG_5=1
PG_9=0
PG_12=0
FLT_P2=0
FLT_P3=0
HEAT_1_TEMP=0.0
HEAT_1_DUTY=0
HEAT_1_SP=-20.0
ENC_RAW=2190
ENC_ANGLE=48.1201171875
ENC_ACCUM=902.74658203125
AUTO_STOP=1
MOTOR_ANGLE=0.004941860465116279
MOTOR_ACCUM=822.5630813953488
MOTOR_ROT=1572

[22:04:04.395 EBOX]
TS=1786202343.054
V_SENSE5=1.357421875
V_SENSE9=0.0341796875
V_SENSE12=0.1171875
ADC_V5=4.991455078125
ADC_V9=9.1156005859375
ADC_V12=11.51397705078125
ADC_V28=27.9132080078125
THERMAL_SENS_OUT_1=32
THERMAL_SENS_OUT_2=-50
THERMAL_SENS_OUT_3=30
THERMAL_SENS_OUT_4=28
THERMAL_SENS_OUT_5=38
THERMAL_SENS_OUT_6=-50
THERMAL_SENS_INT_1=25
THERMAL_SENS_INT_2=31
PG_5=1
PG_9=0
PG_12=1
FLT_P2=0
FLT_P3=0
HEAT_1_TEMP=32
HEAT_1_DUTY=0
HEAT_1_SP=-20.0
HEAT_2_TEMP=30
HEAT_2_DUTY=0
HEAT_2_SP=-20.0
HEAT_3_TEMP=28
HEAT_3_DUTY=0
HEAT_3_SP=-20.0
HEAT_4_TEMP=38
HEAT_4_DUTY=0
HEAT_4_SP=-20.0

[22:04:05.404 CUBESAT]
TS=1786204112.941
PG_5=1
PG_9=0
PG_12=0
FLT_P2=0
FLT_P3=0
HEAT_1_TEMP=0.0
HEAT_1_DUTY=0
HEAT_1_SP=-20.0
ENC_RAW=2187
ENC_ANGLE=48.05419921875
ENC_ACCUM=902.6806640625
AUTO_STOP=1
MOTOR_ANGLE=0.004941860465116279
MOTOR_ACCUM=822.5630813953488
MOTOR_ROT=1572

[22:04:06.034 EBOX]
TS=1786202345.054
V_SENSE5=1.13525390625
V_SENSE9=0.0390625
V_SENSE12=0.09765625
ADC_V5=4.9383544921875
ADC_V9=9.097900390625
ADC_V12=11.56707763671875
ADC_V28=27.99285888671875
THERMAL_SENS_OUT_1=32
THERMAL_SENS_OUT_2=-50
THERMAL_SENS_OUT_3=29
THERMAL_SENS_OUT_4=27
THERMAL_SENS_OUT_5=37
THERMAL_SENS_OUT_6=-50
THERMAL_SENS_INT_1=30
THERMAL_SENS_INT_2=28
PG_5=1
PG_9=0
PG_12=1
FLT_P2=0
FLT_P3=0
HEAT_1_TEMP=32
HEAT_1_DUTY=0
HEAT_1_SP=-20.0
HEAT_2_TEMP=29
HEAT_2_DUTY=0
HEAT_2_SP=-20.0
HEAT_3_TEMP=27
HEAT_3_DUTY=0
HEAT_3_SP=-20.0
HEAT_4_TEMP=37
HEAT_4_DUTY=0
HEAT_4_SP=-20.0

[22:04:07.449 CUBESAT]
TS=1786204114.945
PG_5=1
PG_9=0
PG_12=0
FLT_P2=0
FLT_P3=0
HEAT_1_TEMP=0.0
HEAT_1_DUTY=10
HEAT_1_SP=-20.0
ENC_RAW=2188
ENC_ANGLE=48.076171875
ENC_ACCUM=902.70263671875
AUTO_STOP=1
MOTOR_ANGLE=0.004941860465116279
MOTOR_ACCUM=822.5630813953488
MOTOR_ROT=1572

[22:04:08.371 EBOX]
TS=1786202347.056
V_SENSE5=1.18896484375
V_SENSE9=0.0341796875
V_SENSE12=0.10498046875
ADC_V5=4.9383544921875
ADC_V9=8.82354736328125
ADC_V12=11.717529296875
ADC_V28=27.01934814453125
THERMAL_SENS_OUT_1=28
THERMAL_SENS_OUT_2=-50
THERMAL_SENS_OUT_3=26
THERMAL_SENS_OUT_4=31
THERMAL_SENS_OUT_5=35
THERMAL_SENS_OUT_6=-50
THERMAL_SENS_INT_1=25
THERMAL_SENS_INT_2=30
PG_5=1
PG_9=0
PG_12=1
FLT_P2=0
FLT_P3=0
HEAT_1_TEMP=28
HEAT_1_DUTY=0
HEAT_1_SP=-20.0
HEAT_2_TEMP=26
HEAT_2_DUTY=0
HEAT_2_SP=-20.0
HEAT_3_TEMP=31
HEAT_3_DUTY=0
HEAT_3_SP=-20.0
HEAT_4_TEMP=35
HEAT_4_DUTY=0
HEAT_4_SP=-20.0

[22:04:09.481 CUBESAT]
TS=1786204116.948
PG_5=1
PG_9=0
PG_12=0
FLT_P2=0
FLT_P3=0
HEAT_1_TEMP=0.0
HEAT_1_DUTY=0
HEAT_1_SP=-20.0
ENC_RAW=2187
ENC_ANGLE=48.05419921875
ENC_ACCUM=902.6806640625
AUTO_STOP=1
MOTOR_ANGLE=0.004941860465116279
MOTOR_ACCUM=822.5630813953488
MOTOR_ROT=1572

[22:04:10.004 EBOX]
TS=1786202349.059
V_SENSE5=1.33544921875
V_SENSE9=0.06591796875
V_SENSE12=0.10498046875
ADC_V5=4.9029541015625
ADC_V9=8.885498046875
ADC_V12=11.8414306640625
ADC_V28=27.42645263671875
THERMAL_SENS_OUT_1=31
THERMAL_SENS_OUT_2=-50
THERMAL_SENS_OUT_3=26
THERMAL_SENS_OUT_4=28
THERMAL_SENS_OUT_5=33
THERMAL_SENS_OUT_6=-50
THERMAL_SENS_INT_1=25
THERMAL_SENS_INT_2=31
PG_5=1
PG_9=0
PG_12=1
FLT_P2=0
FLT_P3=0
HEAT_1_TEMP=31
HEAT_1_DUTY=0
HEAT_1_SP=-20.0
HEAT_2_TEMP=26
HEAT_2_DUTY=0
HEAT_2_SP=-20.0
HEAT_3_TEMP=28
HEAT_3_DUTY=0
HEAT_3_SP=-20.0
HEAT_4_TEMP=33
HEAT_4_DUTY=0
HEAT_4_SP=-20.0

[22:04:11.719 CUBESAT]
TS=1786204118.955
PG_5=1
PG_9=0
PG_12=0
FLT_P2=0
FLT_P3=0
HEAT_1_TEMP=0.0
HEAT_1_DUTY=0
HEAT_1_SP=-20.0
ENC_RAW=2187
ENC_ANGLE=48.05419921875
ENC_ACCUM=902.6806640625
AUTO_STOP=1
MOTOR_ANGLE=0.004941860465116279
MOTOR_ACCUM=822.5630813953488
MOTOR_ROT=1572

[22:04:12.041 EBOX]
TS=1786202351.080
V_SENSE5=1.0693359375
V_SENSE9=0.0390625
V_SENSE12=0.13427734375
ADC_V5=4.8321533203125
ADC_V9=9.41650390625
ADC_V12=11.65557861328125
ADC_V28=27.75390625
THERMAL_SENS_OUT_1=26
THERMAL_SENS_OUT_2=-50
THERMAL_SENS_OUT_3=26
THERMAL_SENS_OUT_4=27
THERMAL_SENS_OUT_5=33
THERMAL_SENS_OUT_6=-50
THERMAL_SENS_INT_1=30
THERMAL_SENS_INT_2=32
PG_5=1
PG_9=0
PG_12=1
FLT_P2=0
FLT_P3=0
HEAT_1_TEMP=26
HEAT_1_DUTY=0
HEAT_1_SP=-20.0
HEAT_2_TEMP=26
HEAT_2_DUTY=0
HEAT_2_SP=-20.0
HEAT_3_TEMP=27
HEAT_3_DUTY=0
HEAT_3_SP=-20.0
HEAT_4_TEMP=33
HEAT_4_DUTY=0
HEAT_4_SP=-20.0

[22:04:13.755 CUBESAT]
TS=1786204120.958
PG_5=1
PG_9=0
PG_12=0
FLT_P2=0
FLT_P3=0
HEAT_1_TEMP=0.0
HEAT_1_DUTY=0
HEAT_1_SP=-20.0
ENC_RAW=2188
ENC_ANGLE=48.076171875
ENC_ACCUM=902.70263671875
AUTO_STOP=1
MOTOR_ANGLE=0.004941860465116279
MOTOR_ACCUM=822.5630813953488
MOTOR_ROT=1572

[22:04:14.079 EBOX]
TS=1786202353.061
V_SENSE5=1.20361328125
V_SENSE9=0.0390625
V_SENSE12=0.09765625
ADC_V5=4.89410400390625
ADC_V9=9.21295166015625
ADC_V12=11.8768310546875
ADC_V28=27.47955322265625
THERMAL_SENS_OUT_1=30
THERMAL_SENS_OUT_2=-50
THERMAL_SENS_OUT_3=28
THERMAL_SENS_OUT_4=26
THERMAL_SENS_OUT_5=34
THERMAL_SENS_OUT_6=-50
THERMAL_SENS_INT_1=30
THERMAL_SENS_INT_2=28
PG_5=1
PG_9=0
PG_12=1
FLT_P2=0
FLT_P3=0
HEAT_1_TEMP=30
HEAT_1_DUTY=0
HEAT_1_SP=-20.0
HEAT_2_TEMP=28
HEAT_2_DUTY=0
HEAT_2_SP=-20.0
HEAT_3_TEMP=26
HEAT_3_DUTY=0
HEAT_3_SP=-20.0
HEAT_4_TEMP=34
HEAT_4_DUTY=0
HEAT_4_SP=-20.0

[22:04:15.493 CUBESAT]
TS=1786204122.961
PG_5=1
PG_9=0
PG_12=0
FLT_P2=0
FLT_P3=0
HEAT_1_TEMP=0.0
HEAT_1_DUTY=0
HEAT_1_SP=-20.0
ENC_RAW=2188
ENC_ANGLE=48.076171875
ENC_ACCUM=902.70263671875
AUTO_STOP=1
MOTOR_ANGLE=0.004941860465116279
MOTOR_ACCUM=822.5630813953488
MOTOR_ROT=1572

[22:04:16.013 EBOX]
TS=1786202355.063
V_SENSE5=1.3134765625
V_SENSE9=0.03662109375
V_SENSE12=0.09765625
ADC_V5=4.9737548828125
ADC_V9=9.35455322265625
ADC_V12=11.82373046875
ADC_V28=27.364501953125
THERMAL_SENS_OUT_1=31
THERMAL_SENS_OUT_2=-50
THERMAL_SENS_OUT_3=27
THERMAL_SENS_OUT_4=32
THERMAL_SENS_OUT_5=34
THERMAL_SENS_OUT_6=-50
THERMAL_SENS_INT_1=26
THERMAL_SENS_INT_2=31
PG_5=1
PG_9=0
PG_12=1
FLT_P2=0
FLT_P3=0
HEAT_1_TEMP=31
HEAT_1_DUTY=0
HEAT_1_SP=-20.0
HEAT_2_TEMP=27
HEAT_2_DUTY=0
HEAT_2_SP=-20.0
HEAT_3_TEMP=32
HEAT_3_DUTY=0
HEAT_3_SP=-20.0
HEAT_4_TEMP=34
HEAT_4_DUTY=0
HEAT_4_SP=-20.0

[22:04:17.425 CUBESAT]
TS=1786204124.965
PG_5=1
PG_9=0
PG_12=0
FLT_P2=0
FLT_P3=0
HEAT_1_TEMP=0.0
HEAT_1_DUTY=10
HEAT_1_SP=-20.0
ENC_RAW=2187
ENC_ANGLE=48.05419921875
ENC_ACCUM=902.6806640625
AUTO_STOP=1
MOTOR_ANGLE=0.004941860465116279
MOTOR_ACCUM=822.5630813953488
MOTOR_ROT=1572

[22:04:18.049 EBOX]
TS=1786202357.063
V_SENSE5=1.16455078125
V_SENSE9=0.03662109375
V_SENSE12=0.107421875
ADC_V5=4.8321533203125
ADC_V9=9.21295166015625
ADC_V12=11.788330078125
ADC_V28=27.5238037109375
THERMAL_SENS_OUT_1=28
THERMAL_SENS_OUT_2=-50
THERMAL_SENS_OUT_3=24
THERMAL_SENS_OUT_4=30
THERMAL_SENS_OUT_5=34
THERMAL_SENS_OUT_6=-50
THERMAL_SENS_INT_1=26
THERMAL_SENS_INT_2=32
PG_5=1
PG_9=0
PG_12=1
FLT_P2=0
FLT_P3=0
HEAT_1_TEMP=28
HEAT_1_DUTY=0
HEAT_1_SP=-20.0
HEAT_2_TEMP=24
HEAT_2_DUTY=0
HEAT_2_SP=-20.0
HEAT_3_TEMP=30
HEAT_3_DUTY=0
HEAT_3_SP=-20.0
HEAT_4_TEMP=34
HEAT_4_DUTY=0
HEAT_4_SP=-20.0

[22:04:19.461 CUBESAT]
TS=1786204126.968
PG_5=1
PG_9=0
PG_12=0
FLT_P2=0
FLT_P3=0
HEAT_1_TEMP=0.0
HEAT_1_DUTY=0
HEAT_1_SP=-20.0
ENC_RAW=2188
ENC_ANGLE=48.076171875
ENC_ACCUM=902.70263671875
AUTO_STOP=1
MOTOR_ANGLE=0.004941860465116279
MOTOR_ACCUM=822.5630813953488
MOTOR_ROT=1572

[22:04:20.089 EBOX]
TS=1786202359.069
V_SENSE5=1.23046875
V_SENSE9=0.03662109375
V_SENSE12=0.13427734375
ADC_V5=4.9737548828125
ADC_V9=9.097900390625
ADC_V12=11.76177978515625
ADC_V28=27.576904296875
THERMAL_SENS_OUT_1=28
THERMAL_SENS_OUT_2=-50
THERMAL_SENS_OUT_3=27
THERMAL_SENS_OUT_4=26
THERMAL_SENS_OUT_5=33
THERMAL_SENS_OUT_6=-50
THERMAL_SENS_INT_1=29
THERMAL_SENS_INT_2=28
PG_5=1
PG_9=0
PG_12=1
FLT_P2=0
FLT_P3=0
HEAT_1_TEMP=28
HEAT_1_DUTY=0
HEAT_1_SP=-20.0
HEAT_2_TEMP=27
HEAT_2_DUTY=0
HEAT_2_SP=-20.0
HEAT_3_TEMP=26
HEAT_3_DUTY=0
HEAT_3_SP=-20.0
HEAT_4_TEMP=33
HEAT_4_DUTY=0
HEAT_4_SP=-20.0

[22:04:21.703 CUBESAT]
TS=1786204128.971
PG_5=1
PG_9=0
PG_12=0
FLT_P2=0
FLT_P3=0
HEAT_1_TEMP=0.0
HEAT_1_DUTY=0
HEAT_1_SP=-20.0
ENC_RAW=2188
ENC_ANGLE=48.076171875
ENC_ACCUM=902.70263671875
AUTO_STOP=1
MOTOR_ANGLE=0.004941860465116279
MOTOR_ACCUM=822.5630813953488
MOTOR_ROT=1572

[22:04:22.025 EBOX]
TS=1786202361.066
V_SENSE5=1.13037109375
V_SENSE9=0.0341796875
V_SENSE12=0.11962890625
ADC_V5=4.94720458984375
ADC_V9=8.98284912109375
ADC_V12=11.51397705078125
ADC_V28=28.1256103515625
THERMAL_SENS_OUT_1=28
THERMAL_SENS_OUT_2=-50
THERMAL_SENS_OUT_3=24
THERMAL_SENS_OUT_4=28
THERMAL_SENS_OUT_5=36
THERMAL_SENS_OUT_6=-50
THERMAL_SENS_INT_1=28
THERMAL_SENS_INT_2=31
PG_5=1
PG_9=0
PG_12=1
FLT_P2=0
FLT_P3=0
HEAT_1_TEMP=28
HEAT_1_DUTY=0
HEAT_1_SP=-20.0
HEAT_2_TEMP=24
HEAT_2_DUTY=0
HEAT_2_SP=-20.0
HEAT_3_TEMP=28
HEAT_3_DUTY=0
HEAT_3_SP=-20.0
HEAT_4_TEMP=36
HEAT_4_DUTY=0
HEAT_4_SP=-20.0

[22:04:23.436 CUBESAT]
TS=1786204130.978
PG_5=1
PG_9=0
PG_12=0
FLT_P2=0
FLT_P3=0
HEAT_1_TEMP=0.0
HEAT_1_DUTY=0
HEAT_1_SP=-20.0
ENC_RAW=2186
ENC_ANGLE=48.0322265625
ENC_ACCUM=902.65869140625
AUTO_STOP=1
MOTOR_ANGLE=0.004941860465116279
MOTOR_ACCUM=822.5630813953488
MOTOR_ROT=1572

[22:04:24.060 EBOX]
TS=1786202363.068
V_SENSE5=1.12548828125
V_SENSE9=0.0341796875
V_SENSE12=0.107421875
ADC_V5=4.87640380859375
ADC_V9=9.027099609375
ADC_V12=11.58477783203125
ADC_V28=27.9840087890625
THERMAL_SENS_OUT_1=31
THERMAL_SENS_OUT_2=-50
THERMAL_SENS_OUT_3=24
THERMAL_SENS_OUT_4=30
THERMAL_SENS_OUT_5=33
THERMAL_SENS_OUT_6=-50
THERMAL_SENS_INT_1=28
THERMAL_SENS_INT_2=26
PG_5=1
PG_9=0
PG_12=1
FLT_P2=0
FLT_P3=0
HEAT_1_TEMP=31
HEAT_1_DUTY=0
HEAT_1_SP=-20.0
HEAT_2_TEMP=24
HEAT_2_DUTY=0
HEAT_2_SP=-20.0
HEAT_3_TEMP=30
HEAT_3_DUTY=0
HEAT_3_SP=-20.0
HEAT_4_TEMP=33
HEAT_4_DUTY=0
HEAT_4_SP=-20.0

[22:04:25.471 CUBESAT]
TS=1786204132.980
PG_5=1
PG_9=0
PG_12=0
FLT_P2=0
FLT_P3=0
HEAT_1_TEMP=0.0
HEAT_1_DUTY=0
HEAT_1_SP=-20.0
ENC_RAW=2187
ENC_ANGLE=48.05419921875
ENC_ACCUM=902.6806640625
AUTO_STOP=1
MOTOR_ANGLE=0.004941860465116279
MOTOR_ACCUM=822.5630813953488
MOTOR_ROT=1572

[22:04:26.304 EBOX]
TS=1786202365.080
V_SENSE5=1.142578125
V_SENSE9=0.0390625
V_SENSE12=0.13671875
ADC_V5=4.84100341796875
ADC_V9=9.6112060546875
ADC_V12=11.79718017578125
ADC_V28=27.05474853515625
THERMAL_SENS_OUT_1=29
THERMAL_SENS_OUT_2=-50
THERMAL_SENS_OUT_3=29
THERMAL_SENS_OUT_4=27
THERMAL_SENS_OUT_5=33
THERMAL_SENS_OUT_6=-50
THERMAL_SENS_INT_1=24
THERMAL_SENS_INT_2=28
PG_5=1
PG_9=0
PG_12=1
FLT_P2=0
FLT_P3=0
HEAT_1_TEMP=29
HEAT_1_DUTY=0
HEAT_1_SP=-20.0
HEAT_2_TEMP=29
HEAT_2_DUTY=0
HEAT_2_SP=-20.0
HEAT_3_TEMP=27
HEAT_3_DUTY=0
HEAT_3_SP=-20.0
HEAT_4_TEMP=33
HEAT_4_DUTY=0
HEAT_4_SP=-20.0

[22:04:27.414 CUBESAT]
TS=1786204134.983
PG_5=1
PG_9=0
PG_12=0
FLT_P2=0
FLT_P3=0
HEAT_1_TEMP=0.0
HEAT_1_DUTY=10
HEAT_1_SP=-20.0
ENC_RAW=2185
ENC_ANGLE=48.01025390625
ENC_ACCUM=902.63671875
AUTO_STOP=1
MOTOR_ANGLE=0.004941860465116279
MOTOR_ACCUM=822.5630813953488
MOTOR_ROT=1572

[22:04:28.038 EBOX]
TS=1786202367.073
V_SENSE5=1.20361328125
V_SENSE9=0.0390625
V_SENSE12=0.12939453125
ADC_V5=5.05340576171875
ADC_V9=9.4342041015625
ADC_V12=11.5228271484375
ADC_V28=27.6654052734375
THERMAL_SENS_OUT_1=27
THERMAL_SENS_OUT_2=-50
THERMAL_SENS_OUT_3=30
THERMAL_SENS_OUT_4=28
THERMAL_SENS_OUT_5=37
THERMAL_SENS_OUT_6=-50
THERMAL_SENS_INT_1=30
THERMAL_SENS_INT_2=28
PG_5=1
PG_9=0
PG_12=1
FLT_P2=0
FLT_P3=0
HEAT_1_TEMP=27
HEAT_1_DUTY=0
HEAT_1_SP=-20.0
HEAT_2_TEMP=30
HEAT_2_DUTY=0
HEAT_2_SP=-20.0
HEAT_3_TEMP=28
HEAT_3_DUTY=0
HEAT_3_SP=-20.0
HEAT_4_TEMP=37
HEAT_4_DUTY=0
HEAT_4_SP=-20.0

[22:04:29.451 CUBESAT]
TS=1786204136.988
PG_5=1
PG_9=0
PG_12=0
FLT_P2=0
FLT_P3=0
HEAT_1_TEMP=0.0
HEAT_1_DUTY=0
HEAT_1_SP=-20.0
ENC_RAW=2191
ENC_ANGLE=48.14208984375
ENC_ACCUM=902.7685546875
AUTO_STOP=1
MOTOR_ANGLE=0.004941860465116279
MOTOR_ACCUM=822.5630813953488
MOTOR_ROT=1572

[22:04:30.679 EBOX]
TS=1786202369.073
V_SENSE5=1.1181640625
V_SENSE9=0.0390625
V_SENSE12=0.126953125
ADC_V5=4.89410400390625
ADC_V9=9.5050048828125
ADC_V12=11.76177978515625
ADC_V28=27.9486083984375
THERMAL_SENS_OUT_1=32
THERMAL_SENS_OUT_2=-50
THERMAL_SENS_OUT_3=25
THERMAL_SENS_OUT_4=32
THERMAL_SENS_OUT_5=34
THERMAL_SENS_OUT_6=-50
THERMAL_SENS_INT_1=26
THERMAL_SENS_INT_2=32
PG_5=1
PG_9=0
PG_12=1
FLT_P2=0
FLT_P3=0
HEAT_1_TEMP=32
HEAT_1_DUTY=0
HEAT_1_SP=-20.0
HEAT_2_TEMP=25
HEAT_2_DUTY=0
HEAT_2_SP=-20.0
HEAT_3_TEMP=32
HEAT_3_DUTY=0
HEAT_3_SP=-20.0
HEAT_4_TEMP=34
HEAT_4_DUTY=0
HEAT_4_SP=-20.0

[22:04:31.486 CUBESAT]
TS=1786204138.991
PG_5=1
PG_9=0
PG_12=0
FLT_P2=0
FLT_P3=0
HEAT_1_TEMP=0.0
HEAT_1_DUTY=0
HEAT_1_SP=-20.0
ENC_RAW=2188
ENC_ANGLE=48.076171875
ENC_ACCUM=902.70263671875
AUTO_STOP=1
MOTOR_ANGLE=0.004941860465116279
MOTOR_ACCUM=822.5630813953488
MOTOR_ROT=1572

[22:04:32.309 EBOX]
TS=1786202371.077
V_SENSE5=1.22802734375
V_SENSE9=0.0341796875
V_SENSE12=0.10498046875
ADC_V5=4.91180419921875
ADC_V9=9.381103515625
ADC_V12=11.5936279296875
ADC_V28=28.1787109375
THERMAL_SENS_OUT_1=30
THERMAL_SENS_OUT_2=-50
THERMAL_SENS_OUT_3=27
THERMAL_SENS_OUT_4=27
THERMAL_SENS_OUT_5=37
THERMAL_SENS_OUT_6=-50
THERMAL_SENS_INT_1=29
THERMAL_SENS_INT_2=27
PG_5=1
PG_9=0
PG_12=1
FLT_P2=0
FLT_P3=0
HEAT_1_TEMP=30
HEAT_1_DUTY=0
HEAT_1_SP=-20.0
HEAT_2_TEMP=27
HEAT_2_DUTY=0
HEAT_2_SP=-20.0
HEAT_3_TEMP=27
HEAT_3_DUTY=0
HEAT_3_SP=-20.0
HEAT_4_TEMP=37
HEAT_4_DUTY=0
HEAT_4_SP=-20.0

[22:04:33.521 CUBESAT]
TS=1786204140.994
PG_5=1
PG_9=0
PG_12=0
FLT_P2=0
FLT_P3=0
HEAT_1_TEMP=0.0
HEAT_1_DUTY=10
HEAT_1_SP=-20.0
ENC_RAW=2188
ENC_ANGLE=48.076171875
ENC_ACCUM=902.70263671875
AUTO_STOP=1
MOTOR_ANGLE=0.004941860465116279
MOTOR_ACCUM=822.5630813953488
MOTOR_ROT=1572

[22:04:34.043 EBOX]
TS=1786202373.077
V_SENSE5=1.2060546875
V_SENSE9=0.06591796875
V_SENSE12=0.1123046875
ADC_V5=4.9029541015625
ADC_V9=9.40765380859375
ADC_V12=11.76177978515625
ADC_V28=27.65655517578125
THERMAL_SENS_OUT_1=28
THERMAL_SENS_OUT_2=-50
THERMAL_SENS_OUT_3=30
THERMAL_SENS_OUT_4=29
THERMAL_SENS_OUT_5=38
THERMAL_SENS_OUT_6=-50
THERMAL_SENS_INT_1=26
THERMAL_SENS_INT_2=29
PG_5=1
PG_9=0
PG_12=1
FLT_P2=0
FLT_P3=0
HEAT_1_TEMP=28
HEAT_1_DUTY=0
HEAT_1_SP=-20.0
HEAT_2_TEMP=30
HEAT_2_DUTY=0
HEAT_2_SP=-20.0
HEAT_3_TEMP=29
HEAT_3_DUTY=0
HEAT_3_SP=-20.0
HEAT_4_TEMP=38
HEAT_4_DUTY=0
HEAT_4_SP=-20.0

[22:04:35.456 CUBESAT]
TS=1786204142.996
PG_5=1
PG_9=0
PG_12=0
FLT_P2=0
FLT_P3=0
HEAT_1_TEMP=0.0
HEAT_1_DUTY=0
HEAT_1_SP=-20.0
ENC_RAW=2186
ENC_ANGLE=48.0322265625
ENC_ACCUM=902.65869140625
AUTO_STOP=1
MOTOR_ANGLE=0.004941860465116279
MOTOR_ACCUM=822.5630813953488
MOTOR_ROT=1572

[22:04:36.684 EBOX]
TS=1786202375.077
V_SENSE5=1.142578125
V_SENSE9=0.0390625
V_SENSE12=0.126953125
ADC_V5=4.9560546875
ADC_V9=8.92974853515625
ADC_V12=11.7529296875
ADC_V28=28.214111328125
THERMAL_SENS_OUT_1=29
THERMAL_SENS_OUT_2=-50
THERMAL_SENS_OUT_3=29
THERMAL_SENS_OUT_4=28
THERMAL_SENS_OUT_5=39
THERMAL_SENS_OUT_6=-50
THERMAL_SENS_INT_1=27
THERMAL_SENS_INT_2=26
PG_5=1
PG_9=0
PG_12=1
FLT_P2=0
FLT_P3=0
HEAT_1_TEMP=29
HEAT_1_DUTY=0
HEAT_1_SP=-20.0
HEAT_2_TEMP=29
HEAT_2_DUTY=0
HEAT_2_SP=-20.0
HEAT_3_TEMP=28
HEAT_3_DUTY=0
HEAT_3_SP=-20.0
HEAT_4_TEMP=39
HEAT_4_DUTY=0
HEAT_4_SP=-20.0

[22:04:37.495 CUBESAT]
TS=1786204145.001
PG_5=1
PG_9=0
PG_12=0
FLT_P2=0
FLT_P3=0
HEAT_1_TEMP=0.0
HEAT_1_DUTY=0
HEAT_1_SP=-20.0
ENC_RAW=2190
ENC_ANGLE=48.1201171875
ENC_ACCUM=902.74658203125
AUTO_STOP=1
MOTOR_ANGLE=0.004941860465116279
MOTOR_ACCUM=822.5630813953488
MOTOR_ROT=1572

[22:04:38.322 EBOX]
TS=1786202377.081
V_SENSE5=1.28173828125
V_SENSE9=0.0390625
V_SENSE12=0.107421875
ADC_V5=4.920654296875
ADC_V9=9.01824951171875
ADC_V12=11.6644287109375
ADC_V28=27.37335205078125
THERMAL_SENS_OUT_1=27
THERMAL_SENS_OUT_2=-50
THERMAL_SENS_OUT_3=24
THERMAL_SENS_OUT_4=31
THERMAL_SENS_OUT_5=33
THERMAL_SENS_OUT_6=-50
THERMAL_SENS_INT_1=26
THERMAL_SENS_INT_2=31
PG_5=1
PG_9=0
PG_12=1
FLT_P2=0
FLT_P3=0
HEAT_1_TEMP=27
HEAT_1_DUTY=0
HEAT_1_SP=-20.0
HEAT_2_TEMP=24
HEAT_2_DUTY=0
HEAT_2_SP=-20.0
HEAT_3_TEMP=31
HEAT_3_DUTY=0
HEAT_3_SP=-20.0
HEAT_4_TEMP=33
HEAT_4_DUTY=0
HEAT_4_SP=-20.0

[22:04:40.058 EBOX]
TS=1786202379.082
V_SENSE5=1.3232421875
V_SENSE9=0.0341796875
V_SENSE12=0.1220703125
ADC_V5=4.80560302734375
ADC_V9=8.87664794921875
ADC_V12=11.9122314453125
ADC_V28=27.435302734375
THERMAL_SENS_OUT_1=28
THERMAL_SENS_OUT_2=-50
THERMAL_SENS_OUT_3=26
THERMAL_SENS_OUT_4=27
THERMAL_SENS_OUT_5=36
THERMAL_SENS_OUT_6=-50
THERMAL_SENS_INT_1=26
THERMAL_SENS_INT_2=26
PG_5=1
PG_9=0
PG_12=1
FLT_P2=0
FLT_P3=0
HEAT_1_TEMP=28
HEAT_1_DUTY=0
HEAT_1_SP=-20.0
HEAT_2_TEMP=26
HEAT_2_DUTY=0
HEAT_2_SP=-20.0
HEAT_3_TEMP=27
HEAT_3_DUTY=0
HEAT_3_SP=-20.0
HEAT_4_TEMP=36
HEAT_4_DUTY=0
HEAT_4_SP=-20.0

[22:04:40.463 CUBESAT]
TS=1786204147.005
PG_5=1
PG_9=0
PG_12=0
FLT_P2=0
FLT_P3=0
HEAT_1_TEMP=0.0
HEAT_1_DUTY=0
HEAT_1_SP=-20.0
ENC_RAW=2189
ENC_ANGLE=48.09814453125
ENC_ACCUM=902.724609375
AUTO_STOP=1
MOTOR_ANGLE=0.004941860465116279
MOTOR_ACCUM=822.5630813953488
MOTOR_ROT=1572

[22:04:41.472 CUBESAT]
TS=1786204149.008
PG_5=1
PG_9=0
PG_12=0
FLT_P2=0
FLT_P3=0
HEAT_1_TEMP=0.0
HEAT_1_DUTY=0
HEAT_1_SP=-20.0
ENC_RAW=2188
ENC_ANGLE=48.076171875
ENC_ACCUM=902.70263671875
AUTO_STOP=1
MOTOR_ANGLE=0.004941860465116279
MOTOR_ACCUM=822.5630813953488
MOTOR_ROT=1572

[22:04:42.105 EBOX]
TS=1786202381.083
V_SENSE5=1.15966796875
V_SENSE9=0.03662109375
V_SENSE12=0.1025390625
ADC_V5=5.0091552734375
ADC_V9=9.451904296875
ADC_V12=11.8060302734375
ADC_V28=27.44415283203125
THERMAL_SENS_OUT_1=27
THERMAL_SENS_OUT_2=-50
THERMAL_SENS_OUT_3=25
THERMAL_SENS_OUT_4=31
THERMAL_SENS_OUT_5=33
THERMAL_SENS_OUT_6=-50
THERMAL_SENS_INT_1=24
THERMAL_SENS_INT_2=30
PG_5=1
PG_9=0
PG_12=1
FLT_P2=0
FLT_P3=0
HEAT_1_TEMP=27
HEAT_1_DUTY=0
HEAT_1_SP=-20.0
HEAT_2_TEMP=25
HEAT_2_DUTY=0
HEAT_2_SP=-20.0
HEAT_3_TEMP=31
HEAT_3_DUTY=0
HEAT_3_SP=-20.0
HEAT_4_TEMP=33
HEAT_4_DUTY=0
HEAT_4_SP=-20.0

[22:04:43.518 CUBESAT]
TS=1786204151.011
PG_5=1
PG_9=0
PG_12=0
FLT_P2=0
FLT_P3=0
HEAT_1_TEMP=0.0
HEAT_1_DUTY=10
HEAT_1_SP=-20.0
ENC_RAW=2187
ENC_ANGLE=48.05419921875
ENC_ACCUM=902.6806640625
AUTO_STOP=1
MOTOR_ANGLE=0.004941860465116279
MOTOR_ACCUM=822.5630813953488
MOTOR_ROT=1572

[22:04:44.043 EBOX]
TS=1786202383.086
V_SENSE5=1.2890625
V_SENSE9=0.0390625
V_SENSE12=0.11962890625
ADC_V5=4.89410400390625
ADC_V9=9.62005615234375
ADC_V12=11.74407958984375
ADC_V28=27.1697998046875
THERMAL_SENS_OUT_1=27
THERMAL_SENS_OUT_2=-50
THERMAL_SENS_OUT_3=26
THERMAL_SENS_OUT_4=32
THERMAL_SENS_OUT_5=35
THERMAL_SENS_OUT_6=-50
THERMAL_SENS_INT_1=30
THERMAL_SENS_INT_2=28
PG_5=1
PG_9=0
PG_12=1
FLT_P2=0
FLT_P3=0
HEAT_1_TEMP=27
HEAT_1_DUTY=0
HEAT_1_SP=-20.0
HEAT_2_TEMP=26
HEAT_2_DUTY=0
HEAT_2_SP=-20.0
HEAT_3_TEMP=32
HEAT_3_DUTY=0
HEAT_3_SP=-20.0
HEAT_4_TEMP=35
HEAT_4_DUTY=0
HEAT_4_SP=-20.0

[22:04:45.454 CUBESAT]
TS=1786204153.015
PG_5=1
PG_9=0
PG_12=0
FLT_P2=0
FLT_P3=0
HEAT_1_TEMP=0.0
HEAT_1_DUTY=0
HEAT_1_SP=-20.0
ENC_RAW=2186
ENC_ANGLE=48.0322265625
ENC_ACCUM=902.65869140625
AUTO_STOP=1
MOTOR_ANGLE=0.004941860465116279
MOTOR_ACCUM=822.5630813953488
MOTOR_ROT=1572

[22:04:46.076 EBOX]
TS=1786202385.092
V_SENSE5=1.2255859375
V_SENSE9=0.05615234375
V_SENSE12=0.10498046875
ADC_V5=4.920654296875
ADC_V9=9.027099609375
ADC_V12=11.929931640625
ADC_V28=27.647705078125
THERMAL_SENS_OUT_1=28
THERMAL_SENS_OUT_2=-50
THERMAL_SENS_OUT_3=26
THERMAL_SENS_OUT_4=31
THERMAL_SENS_OUT_5=32
THERMAL_SENS_OUT_6=-50
THERMAL_SENS_INT_1=25
THERMAL_SENS_INT_2=29
PG_5=1
PG_9=0
PG_12=1
FLT_P2=0
FLT_P3=0
HEAT_1_TEMP=28
HEAT_1_DUTY=0
HEAT_1_SP=-20.0
HEAT_2_TEMP=26
HEAT_2_DUTY=0
HEAT_2_SP=-20.0
HEAT_3_TEMP=31
HEAT_3_DUTY=0
HEAT_3_SP=-20.0
HEAT_4_TEMP=32
HEAT_4_DUTY=0
HEAT_4_SP=-20.0

[22:04:47.790 CUBESAT]
TS=1786204155.021
PG_5=1
PG_9=0
PG_12=0
FLT_P2=0
FLT_P3=0
HEAT_1_TEMP=0.0
HEAT_1_DUTY=0
HEAT_1_SP=-20.0
ENC_RAW=2187
ENC_ANGLE=48.05419921875
ENC_ACCUM=902.6806640625
AUTO_STOP=1
MOTOR_ANGLE=0.004941860465116279
MOTOR_ACCUM=822.5630813953488
MOTOR_ROT=1572

[22:04:49.503 CUBESAT]
TS=1786204157.025
PG_5=1
PG_9=0
PG_12=0
FLT_P2=0
FLT_P3=0
HEAT_1_TEMP=0.0
HEAT_1_DUTY=0
HEAT_1_SP=-20.0
ENC_RAW=2187
ENC_ANGLE=48.05419921875
ENC_ACCUM=902.6806640625
AUTO_STOP=1
MOTOR_ANGLE=0.004941860465116279
MOTOR_ACCUM=822.5630813953488
MOTOR_ROT=1572

[22:04:50.324 EBOX]
TS=1786202387.087
V_SENSE5=1.1474609375
V_SENSE9=0.0390625
V_SENSE12=0.10009765625
ADC_V5=5.0091552734375
ADC_V9=9.3634033203125
ADC_V12=11.63787841796875
ADC_V28=28.1256103515625
THERMAL_SENS_OUT_1=32
THERMAL_SENS_OUT_2=-50
THERMAL_SENS_OUT_3=30
THERMAL_SENS_OUT_4=29
THERMAL_SENS_OUT_5=32
THERMAL_SENS_OUT_6=-50
THERMAL_SENS_INT_1=29
THERMAL_SENS_INT_2=26
PG_5=1
PG_9=0
PG_12=1
FLT_P2=0
FLT_P3=0
HEAT_1_TEMP=32
HEAT_1_DUTY=0
HEAT_1_SP=-20.0
HEAT_2_TEMP=30
HEAT_2_DUTY=0
HEAT_2_SP=-20.0
HEAT_3_TEMP=29
HEAT_3_DUTY=0
HEAT_3_SP=-20.0
HEAT_4_TEMP=32
HEAT_4_DUTY=0
HEAT_4_SP=-20.0

[22:04:50.446 EBOX]
TS=1786202389.100
V_SENSE5=1.13525390625
V_SENSE9=0.11474609375
V_SENSE12=0.10986328125
ADC_V5=4.84100341796875
ADC_V9=9.1156005859375
ADC_V12=11.72637939453125
ADC_V28=28.02825927734375
THERMAL_SENS_OUT_1=29
THERMAL_SENS_OUT_2=-50
THERMAL_SENS_OUT_3=27
THERMAL_SENS_OUT_4=27
THERMAL_SENS_OUT_5=35
THERMAL_SENS_OUT_6=-50
THERMAL_SENS_INT_1=25
THERMAL_SENS_INT_2=29
PG_5=1
PG_9=0
PG_12=1
FLT_P2=0
FLT_P3=0
HEAT_1_TEMP=29
HEAT_1_DUTY=0
HEAT_1_SP=-20.0
HEAT_2_TEMP=27
HEAT_2_DUTY=0
HEAT_2_SP=-20.0
HEAT_3_TEMP=27
HEAT_3_DUTY=0
HEAT_3_SP=-20.0
HEAT_4_TEMP=35
HEAT_4_DUTY=0
HEAT_4_SP=-20.0

[22:04:51.758 CUBESAT]
TS=1786204159.028
PG_5=1
PG_9=0
PG_12=0
FLT_P2=0
FLT_P3=0
HEAT_1_TEMP=0.0
HEAT_1_DUTY=0
HEAT_1_SP=-20.0
ENC_RAW=2188
ENC_ANGLE=48.076171875
ENC_ACCUM=902.70263671875
AUTO_STOP=1
MOTOR_ANGLE=0.004941860465116279
MOTOR_ACCUM=822.5630813953488
MOTOR_ROT=1572

[22:04:52.094 EBOX]
TS=1786202391.090
V_SENSE5=1.2060546875
V_SENSE9=0.0341796875
V_SENSE12=0.09765625
ADC_V5=4.9737548828125
ADC_V9=8.99169921875
ADC_V12=11.93878173828125
ADC_V28=27.8424072265625
THERMAL_SENS_OUT_1=29
THERMAL_SENS_OUT_2=-50
THERMAL_SENS_OUT_3=29
THERMAL_SENS_OUT_4=28
THERMAL_SENS_OUT_5=39
THERMAL_SENS_OUT_6=-50
THERMAL_SENS_INT_1=25
THERMAL_SENS_INT_2=27
PG_5=1
PG_9=0
PG_12=1
FLT_P2=0
FLT_P3=0
HEAT_1_TEMP=29
HEAT_1_DUTY=0
HEAT_1_SP=-20.0
HEAT_2_TEMP=29
HEAT_2_DUTY=0
HEAT_2_SP=-20.0
HEAT_3_TEMP=28
HEAT_3_DUTY=0
HEAT_3_SP=-20.0
HEAT_4_TEMP=39
HEAT_4_DUTY=0
HEAT_4_SP=-20.0

[22:04:53.508 CUBESAT]
TS=1786204161.031
PG_5=1
PG_9=0
PG_12=0
FLT_P2=0
FLT_P3=0
HEAT_1_TEMP=0.0
HEAT_1_DUTY=10
HEAT_1_SP=-20.0
ENC_RAW=2188
ENC_ANGLE=48.076171875
ENC_ACCUM=902.70263671875
AUTO_STOP=1
MOTOR_ANGLE=0.004941860465116279
MOTOR_ACCUM=822.5630813953488
MOTOR_ROT=1572

[22:04:54.134 EBOX]
TS=1786202393.091
V_SENSE5=1.103515625
V_SENSE9=0.0390625
V_SENSE12=0.126953125
ADC_V5=4.84100341796875
ADC_V9=9.07135009765625
ADC_V12=11.5582275390625
ADC_V28=27.69195556640625
THERMAL_SENS_OUT_1=31
THERMAL_SENS_OUT_2=-50
THERMAL_SENS_OUT_3=26
THERMAL_SENS_OUT_4=32
THERMAL_SENS_OUT_5=33
THERMAL_SENS_OUT_6=-50
THERMAL_SENS_INT_1=25
THERMAL_SENS_INT_2=31
PG_5=1
PG_9=0
PG_12=1
FLT_P2=0
FLT_P3=0
HEAT_1_TEMP=31
HEAT_1_DUTY=0
HEAT_1_SP=-20.0
HEAT_2_TEMP=26
HEAT_2_DUTY=0
HEAT_2_SP=-20.0
HEAT_3_TEMP=32
HEAT_3_DUTY=0
HEAT_3_SP=-20.0
HEAT_4_TEMP=33
HEAT_4_DUTY=0
HEAT_4_SP=-20.0

[22:04:55.546 CUBESAT]
TS=1786204163.034
PG_5=1
PG_9=0
PG_12=0
FLT_P2=0
FLT_P3=0
HEAT_1_TEMP=0.0
HEAT_1_DUTY=0
HEAT_1_SP=-20.0
ENC_RAW=2187
ENC_ANGLE=48.05419921875
ENC_ACCUM=902.6806640625
AUTO_STOP=1
MOTOR_ANGLE=0.004941860465116279
MOTOR_ACCUM=822.5630813953488
MOTOR_ROT=1572

[22:04:56.371 EBOX]
TS=1786202395.094
V_SENSE5=1.21826171875
V_SENSE9=0.0390625
V_SENSE12=0.107421875
ADC_V5=4.8675537109375
ADC_V9=8.8323974609375
ADC_V12=11.81488037109375
ADC_V28=27.1697998046875
THERMAL_SENS_OUT_1=28
THERMAL_SENS_OUT_2=-50
THERMAL_SENS_OUT_3=24
THERMAL_SENS_OUT_4=29
THERMAL_SENS_OUT_5=38
THERMAL_SENS_OUT_6=-50
THERMAL_SENS_INT_1=27
THERMAL_SENS_INT_2=30
PG_5=1
PG_9=0
PG_12=1
FLT_P2=0
FLT_P3=0
HEAT_1_TEMP=28
HEAT_1_DUTY=0
HEAT_1_SP=-20.0
HEAT_2_TEMP=24
HEAT_2_DUTY=0
HEAT_2_SP=-20.0
HEAT_3_TEMP=29
HEAT_3_DUTY=0
HEAT_3_SP=-20.0
HEAT_4_TEMP=38
HEAT_4_DUTY=0
HEAT_4_SP=-20.0

[22:04:57.784 CUBESAT]
TS=1786204165.038
PG_5=1
PG_9=0
PG_12=0
FLT_P2=0
FLT_P3=0
HEAT_1_TEMP=0.0
HEAT_1_DUTY=0
HEAT_1_SP=-20.0
ENC_RAW=2188
ENC_ANGLE=48.076171875
ENC_ACCUM=902.70263671875
AUTO_STOP=1
MOTOR_ANGLE=0.004941860465116279
MOTOR_ACCUM=822.5630813953488
MOTOR_ROT=1572

[22:04:58.105 EBOX]
TS=1786202397.094
V_SENSE5=1.13525390625
V_SENSE9=0.048828125
V_SENSE12=0.1220703125
ADC_V5=5.08880615234375
ADC_V9=9.28375244140625
ADC_V12=11.56707763671875
ADC_V28=27.92205810546875
THERMAL_SENS_OUT_1=32
THERMAL_SENS_OUT_2=-50
THERMAL_SENS_OUT_3=26
THERMAL_SENS_OUT_4=32
THERMAL_SENS_OUT_5=35
THERMAL_SENS_OUT_6=-50
THERMAL_SENS_INT_1=26
THERMAL_SENS_INT_2=30
PG_5=1
PG_9=0
PG_12=1
FLT_P2=0
FLT_P3=0
HEAT_1_TEMP=32
HEAT_1_DUTY=0
HEAT_1_SP=-20.0
HEAT_2_TEMP=26
HEAT_2_DUTY=0
HEAT_2_SP=-20.0
HEAT_3_TEMP=32
HEAT_3_DUTY=0
HEAT_3_SP=-20.0
HEAT_4_TEMP=35
HEAT_4_DUTY=0
HEAT_4_SP=-20.0

[22:04:59.743 CUBESAT]
TS=1786204167.041
PG_5=1
PG_9=0
PG_12=0
FLT_P2=0
FLT_P3=0
HEAT_1_TEMP=0.0
HEAT_1_DUTY=0
HEAT_1_SP=-20.0
ENC_RAW=2187
ENC_ANGLE=48.05419921875
ENC_ACCUM=902.6806640625
AUTO_STOP=1
MOTOR_ANGLE=0.004941860465116279
MOTOR_ACCUM=822.5630813953488
MOTOR_ROT=1572

[22:05:00.380 EBOX]
TS=1786202399.095
V_SENSE5=1.123046875
V_SENSE9=0.05615234375
V_SENSE12=0.09765625
ADC_V5=4.991455078125
ADC_V9=9.28375244140625
ADC_V12=11.83258056640625
ADC_V28=27.58575439453125
THERMAL_SENS_OUT_1=28
THERMAL_SENS_OUT_2=-50
THERMAL_SENS_OUT_3=24
THERMAL_SENS_OUT_4=30
THERMAL_SENS_OUT_5=34
THERMAL_SENS_OUT_6=-50
THERMAL_SENS_INT_1=25
THERMAL_SENS_INT_2=26
PG_5=1
PG_9=0
PG_12=1
FLT_P2=0
FLT_P3=0
HEAT_1_TEMP=28
HEAT_1_DUTY=0
HEAT_1_SP=-20.0
HEAT_2_TEMP=24
HEAT_2_DUTY=0
HEAT_2_SP=-20.0
HEAT_3_TEMP=30
HEAT_3_DUTY=0
HEAT_3_SP=-20.0
HEAT_4_TEMP=34
HEAT_4_DUTY=0
HEAT_4_SP=-20.0

[22:05:01.529 CUBESAT]
TS=1786204169.045
PG_5=1
PG_9=0
PG_12=0
FLT_P2=0
FLT_P3=0
HEAT_1_TEMP=0.0
HEAT_1_DUTY=0
HEAT_1_SP=-20.0
ENC_RAW=2190
ENC_ANGLE=48.1201171875
ENC_ACCUM=902.74658203125
AUTO_STOP=1
MOTOR_ANGLE=0.004941860465116279
MOTOR_ACCUM=822.5630813953488
MOTOR_ROT=1572

[22:05:03.157 EBOX]
TS=1786202401.097
V_SENSE5=1.13525390625
V_SENSE9=0.03662109375
V_SENSE12=0.1220703125
ADC_V5=4.9560546875
ADC_V9=9.2572021484375
ADC_V12=11.51397705078125
ADC_V28=28.13446044921875
THERMAL_SENS_OUT_1=28
THERMAL_SENS_OUT_2=-50
THERMAL_SENS_OUT_3=30
THERMAL_SENS_OUT_4=27
THERMAL_SENS_OUT_5=35
THERMAL_SENS_OUT_6=-50
THERMAL_SENS_INT_1=25
THERMAL_SENS_INT_2=26
PG_5=1
PG_9=0
PG_12=1
FLT_P2=0
FLT_P3=0
HEAT_1_TEMP=28
HEAT_1_DUTY=0
HEAT_1_SP=-20.0
HEAT_2_TEMP=30
HEAT_2_DUTY=0
HEAT_2_SP=-20.0
HEAT_3_TEMP=27
HEAT_3_DUTY=0
HEAT_3_SP=-20.0
HEAT_4_TEMP=35
HEAT_4_DUTY=0
HEAT_4_SP=-20.0

[22:05:03.966 CUBESAT]
TS=1786204171.052
PG_5=1
PG_9=0
PG_12=0
FLT_P2=0
FLT_P3=0
HEAT_1_TEMP=0.0
HEAT_1_DUTY=0
HEAT_1_SP=-20.0
ENC_RAW=2186
ENC_ANGLE=48.0322265625
ENC_ACCUM=902.65869140625
AUTO_STOP=1
MOTOR_ANGLE=0.004941860465116279
MOTOR_ACCUM=822.5630813953488
MOTOR_ROT=1572

[22:05:04.692 EBOX]
TS=1786202403.100
V_SENSE5=1.2841796875
V_SENSE9=0.07568359375
V_SENSE12=0.0927734375
ADC_V5=4.920654296875
ADC_V9=9.27490234375
ADC_V12=11.8414306640625
ADC_V28=27.25830078125
THERMAL_SENS_OUT_1=28
THERMAL_SENS_OUT_2=-50
THERMAL_SENS_OUT_3=30
THERMAL_SENS_OUT_4=28
THERMAL_SENS_OUT_5=37
THERMAL_SENS_OUT_6=-50
THERMAL_SENS_INT_1=29
THERMAL_SENS_INT_2=27
PG_5=1
PG_9=0
PG_12=1
FLT_P2=0
FLT_P3=0
HEAT_1_TEMP=28
HEAT_1_DUTY=0
HEAT_1_SP=-20.0
HEAT_2_TEMP=30
HEAT_2_DUTY=0
HEAT_2_SP=-20.0
HEAT_3_TEMP=28
HEAT_3_DUTY=0
HEAT_3_SP=-20.0
HEAT_4_TEMP=37
HEAT_4_DUTY=0
HEAT_4_SP=-20.0

[22:05:05.701 CUBESAT]
TS=1786204173.055
PG_5=1
PG_9=0
PG_12=0
FLT_P2=0
FLT_P3=0
HEAT_1_TEMP=0.0
HEAT_1_DUTY=0
HEAT_1_SP=-20.0
ENC_RAW=2186
ENC_ANGLE=48.0322265625
ENC_ACCUM=902.65869140625
AUTO_STOP=1
MOTOR_ANGLE=0.004941860465116279
MOTOR_ACCUM=822.5630813953488
MOTOR_ROT=1572

[22:05:09.040 EBOX]
TS=1786202405.100
V_SENSE5=1.39892578125
V_SENSE9=0.0390625
V_SENSE12=0.107421875
ADC_V5=4.88525390625
ADC_V9=9.24835205078125
ADC_V12=11.93878173828125
ADC_V28=28.072509765625
THERMAL_SENS_OUT_1=29
THERMAL_SENS_OUT_2=-50
THERMAL_SENS_OUT_3=26
THERMAL_SENS_OUT_4=28
THERMAL_SENS_OUT_5=32
THERMAL_SENS_OUT_6=-50
THERMAL_SENS_INT_1=29
THERMAL_SENS_INT_2=25
PG_5=1
PG_9=0
PG_12=1
FLT_P2=0
FLT_P3=0
HEAT_1_TEMP=29
HEAT_1_DUTY=0
HEAT_1_SP=-20.0
HEAT_2_TEMP=26
HEAT_2_DUTY=0
HEAT_2_SP=-20.0
HEAT_3_TEMP=28
HEAT_3_DUTY=0
HEAT_3_SP=-20.0
HEAT_4_TEMP=32
HEAT_4_DUTY=0
HEAT_4_SP=-20.0

[22:05:10.653 CUBESAT]
TS=1786204175.059
PG_5=1
PG_9=0
PG_12=0
FLT_P2=0
FLT_P3=0
HEAT_1_TEMP=0.0
HEAT_1_DUTY=0
HEAT_1_SP=-20.0
ENC_RAW=2186
ENC_ANGLE=48.0322265625
ENC_ACCUM=902.65869140625
AUTO_STOP=1
MOTOR_ANGLE=0.004941860465116279
MOTOR_ACCUM=822.5630813953488
MOTOR_ROT=1572

[22:05:11.177 EBOX]
TS=1786202407.105
V_SENSE5=1.22802734375
V_SENSE9=0.03662109375
V_SENSE12=0.126953125
ADC_V5=5.00030517578125
ADC_V9=8.956298828125
ADC_V12=11.85028076171875
ADC_V28=27.9132080078125
THERMAL_SENS_OUT_1=31
THERMAL_SENS_OUT_2=-50
THERMAL_SENS_OUT_3=24
THERMAL_SENS_OUT_4=26
THERMAL_SENS_OUT_5=37
THERMAL_SENS_OUT_6=-50
THERMAL_SENS_INT_1=28
THERMAL_SENS_INT_2=31
PG_5=1
PG_9=0
PG_12=1
FLT_P2=0
FLT_P3=0
HEAT_1_TEMP=31
HEAT_1_DUTY=0
HEAT_1_SP=-20.0
HEAT_2_TEMP=24
HEAT_2_DUTY=0
HEAT_2_SP=-20.0
HEAT_3_TEMP=26
HEAT_3_DUTY=0
HEAT_3_SP=-20.0
HEAT_4_TEMP=37
HEAT_4_DUTY=0
HEAT_4_SP=-20.0

[22:05:12.486 CUBESAT]
TS=1786204177.062
PG_5=1
PG_9=0
PG_12=0
FLT_P2=0
FLT_P3=0
HEAT_1_TEMP=0.0
HEAT_1_DUTY=10
HEAT_1_SP=-20.0
ENC_RAW=2191
ENC_ANGLE=48.14208984375
ENC_ACCUM=902.7685546875
AUTO_STOP=1
MOTOR_ANGLE=0.004941860465116279
MOTOR_ACCUM=822.5630813953488
MOTOR_ROT=1572

[22:05:13.295 CUBESAT]
TS=1786204179.065
PG_5=1
PG_9=0
PG_12=0
FLT_P2=0
FLT_P3=0
HEAT_1_TEMP=0.0
HEAT_1_DUTY=0
HEAT_1_SP=-20.0
ENC_RAW=2187
ENC_ANGLE=48.05419921875
ENC_ACCUM=902.6806640625
AUTO_STOP=1
MOTOR_ANGLE=0.004941860465116279
MOTOR_ACCUM=822.5630813953488
MOTOR_ROT=1572

[22:05:15.310 CUBESAT]
TS=1786204181.068
PG_5=1
PG_9=0
PG_12=0
FLT_P2=0
FLT_P3=0
HEAT_1_TEMP=0.0
HEAT_1_DUTY=0
HEAT_1_SP=-20.0
ENC_RAW=2186
ENC_ANGLE=48.0322265625
ENC_ACCUM=902.65869140625
AUTO_STOP=1
MOTOR_ANGLE=0.004941860465116279
MOTOR_ACCUM=822.5630813953488
MOTOR_ROT=1572

[22:05:16.860 EBOX]
TS=1786202409.105
V_SENSE5=1.28662109375
V_SENSE9=0.0341796875
V_SENSE12=0.10009765625
ADC_V5=4.89410400390625
ADC_V9=9.01824951171875
ADC_V12=11.68212890625
ADC_V28=27.7716064453125
THERMAL_SENS_OUT_1=29
THERMAL_SENS_OUT_2=-50
THERMAL_SENS_OUT_3=25
THERMAL_SENS_OUT_4=31
THERMAL_SENS_OUT_5=33
THERMAL_SENS_OUT_6=-50
THERMAL_SENS_INT_1=24
THERMAL_SENS_INT_2=28
PG_5=1
PG_9=0
PG_12=1
FLT_P2=0
FLT_P3=0
HEAT_1_TEMP=29
HEAT_1_DUTY=0
HEAT_1_SP=-20.0
HEAT_2_TEMP=25
HEAT_2_DUTY=0
HEAT_2_SP=-20.0
HEAT_3_TEMP=31
HEAT_3_DUTY=0
HEAT_3_SP=-20.0
HEAT_4_TEMP=33
HEAT_4_DUTY=0
HEAT_4_SP=-20.0

[22:05:16.863 CUBESAT]
TS=1786204183.071
PG_5=1
PG_9=0
PG_12=0
FLT_P2=0
FLT_P3=0
HEAT_1_TEMP=0.0
HEAT_1_DUTY=0
HEAT_1_SP=-20.0
ENC_RAW=2187
ENC_ANGLE=48.05419921875
ENC_ACCUM=902.6806640625
AUTO_STOP=1
MOTOR_ANGLE=0.004941860465116279
MOTOR_ACCUM=822.5630813953488
MOTOR_ROT=1572

[22:05:18.929 EBOX]
TS=1786202411.107
V_SENSE5=1.376953125
V_SENSE9=0.0390625
V_SENSE12=0.1171875
ADC_V5=5.0091552734375
ADC_V9=9.35455322265625
ADC_V12=11.9476318359375
ADC_V28=27.9132080078125
THERMAL_SENS_OUT_1=32
THERMAL_SENS_OUT_2=-50
THERMAL_SENS_OUT_3=29
THERMAL_SENS_OUT_4=27
THERMAL_SENS_OUT_5=36
THERMAL_SENS_OUT_6=-50
THERMAL_SENS_INT_1=24
THERMAL_SENS_INT_2=26
PG_5=1
PG_9=0
PG_12=1
FLT_P2=0
FLT_P3=0
HEAT_1_TEMP=32
HEAT_1_DUTY=0
HEAT_1_SP=-20.0
HEAT_2_TEMP=29
HEAT_2_DUTY=0
HEAT_2_SP=-20.0
HEAT_3_TEMP=27
HEAT_3_DUTY=0
HEAT_3_SP=-20.0
HEAT_4_TEMP=36
HEAT_4_DUTY=0
HEAT_4_SP=-20.0
TS=1786202413.110
V_SENSE5=1.30859375
V_SENSE9=0.0390625
V_SENSE12=0.13427734375
ADC_V5=4.9029541015625
ADC_V9=9.44305419921875
ADC_V12=11.8060302734375
ADC_V28=27.2406005859375
THERMAL_SENS_OUT_1=28
THERMAL_SENS_OUT_2=-50
THERMAL_SENS_OUT_3=26
THERMAL_SENS_OUT_4=27
THERMAL_SENS_OUT_5=37
THERMAL_SENS_OUT_6=-50
THERMAL_SENS_INT_1=30
THERMAL_SENS_INT_2=28
PG_5=1
PG_9=0
PG_12=1
FLT_P2=0
FLT_P3=0
HEAT_1_TEMP=28
HEAT_1_DUTY=0
HEAT_1_SP=-20.0
HEAT_2_TEMP=26
HEAT_2_DUTY=0
HEAT_2_SP=-20.0
HEAT_3_TEMP=27
HEAT_3_DUTY=0
HEAT_3_SP=-20.0
HEAT_4_TEMP=37
HEAT_4_DUTY=0
HEAT_4_SP=-20.0
TS=1786202415.124
V_SENSE5=1.1328125
V_SENSE9=0.03662109375
V_SENSE12=0.11962890625
ADC_V5=4.8675537109375
ADC_V9=8.80584716796875
ADC_V12=11.74407958984375
ADC_V28=27.83355712890625
THERMAL_SENS_OUT_1=31
THERMAL_SENS_OUT_2=-50
THERMAL_SENS_OUT_3=24
THERMAL_SENS_OUT_4=28
THERMAL_SENS_OUT_5=36
THERMAL_SENS_OUT_6=-50
THERMAL_SENS_INT_1=27
THERMAL_SENS_INT_2=30
PG_5=1
PG_9=0
PG_12=1
FLT_P2=0
FLT_P3=0
HEAT_1_TEMP=31
HEAT_1_DUTY=0
HEAT_1_SP=-20.0
HEAT_2_TEMP=24
HEAT_2_DUTY=0
HEAT_2_SP=-20.0
HEAT_3_TEMP=28
HEAT_3_DUTY=0
HEAT_3_SP=-20.0
HEAT_4_TEMP=36
HEAT_4_DUTY=0
HEAT_4_SP=-20.0

[22:05:21.566 EBOX]
TS=1786202417.125
V_SENSE5=1.32568359375
V_SENSE9=0.0341796875
V_SENSE12=0.1123046875
ADC_V5=4.8675537109375
ADC_V9=9.593505859375
ADC_V12=11.76177978515625
ADC_V28=28.10791015625
THERMAL_SENS_OUT_1=29
THERMAL_SENS_OUT_2=-50
THERMAL_SENS_OUT_3=27
THERMAL_SENS_OUT_4=28
THERMAL_SENS_OUT_5=34
THERMAL_SENS_OUT_6=-50
THERMAL_SENS_INT_1=27
THERMAL_SENS_INT_2=27
PG_5=1
PG_9=0
PG_12=1
FLT_P2=0
FLT_P3=0
HEAT_1_TEMP=29
HEAT_1_DUTY=0
HEAT_1_SP=-20.0
HEAT_2_TEMP=27
HEAT_2_DUTY=0
HEAT_2_SP=-20.0
HEAT_3_TEMP=28
HEAT_3_DUTY=0
HEAT_3_SP=-20.0
HEAT_4_TEMP=34
HEAT_4_DUTY=0
HEAT_4_SP=-20.0

[22:05:24.084 CUBESAT]
TS=1786204185.075
PG_5=1
PG_9=0
PG_12=0
FLT_P2=0
FLT_P3=0
HEAT_1_TEMP=0.0
HEAT_1_DUTY=0
HEAT_1_SP=-20.0
ENC_RAW=2188
ENC_ANGLE=48.076171875
ENC_ACCUM=902.70263671875
AUTO_STOP=1
MOTOR_ANGLE=0.004941860465116279
MOTOR_ACCUM=822.5630813953488
MOTOR_ROT=1572
TS=1786204187.077
PG_5=1
PG_9=0
PG_12=0
FLT_P2=0
FLT_P3=0
HEAT_1_TEMP=0.0
HEAT_1_DUTY=10
HEAT_1_SP=-20.0
ENC_RAW=2189
ENC_ANGLE=48.09814453125
ENC_ACCUM=902.724609375
AUTO_STOP=1
MOTOR_ANGLE=0.004941860465116279
MOTOR_ACCUM=822.5630813953488
MOTOR_ROT=1572

[22:05:27.404 CUBESAT]
TS=1786204189.085
PG_5=1
PG_9=0
PG_12=0
FLT_P2=0
FLT_P3=0
HEAT_1_TEMP=0.0
HEAT_1_DUTY=0
HEAT_1_SP=-20.0
ENC_RAW=2188
ENC_ANGLE=48.076171875
ENC_ACCUM=902.70263671875
AUTO_STOP=1
MOTOR_ANGLE=0.004941860465116279
MOTOR_ACCUM=822.5630813953488
MOTOR_ROT=1572
TS=1786204191.088
PG_5=1
PG_9=0
PG_12=0
FLT_P2=0
FLT_P3=0
HEAT_1_TEMP=0.0
HEAT_1_DUTY=0
HEAT_1_SP=-20.0
ENC_RAW=2188
ENC_ANGLE=48.076171875
ENC_ACCUM=902.70263671875
AUTO_STOP=1
MOTOR_ANGLE=0.004941860465116279
MOTOR_ACCUM=822.5630813953488
MOTOR_ROT=1572

[22:05:31.429 CUBESAT]
TS=1786204193.091
PG_5=1
PG_9=0
PG_12=0
FLT_P2=0
FLT_P3=0
HEAT_1_TEMP=0.0
HEAT_1_DUTY=10
HEAT_1_SP=-20.0
ENC_RAW=2184
ENC_ANGLE=47.98828125
ENC_ACCUM=902.61474609375
AUTO_STOP=1
MOTOR_ANGLE=0.004941860465116279
MOTOR_ACCUM=822.5630813953488
MOTOR_ROT=1572

[22:05:31.976 EBOX]
TS=1786202419.128
V_SENSE5=1.47705078125
V_SENSE9=0.03662109375
V_SENSE12=0.09765625
ADC_V5=4.9029541015625
ADC_V9=9.1156005859375
ADC_V12=11.9122314453125
ADC_V28=27.62115478515625
THERMAL_SENS_OUT_1=30
THERMAL_SENS_OUT_2=-50
THERMAL_SENS_OUT_3=27
THERMAL_SENS_OUT_4=29
THERMAL_SENS_OUT_5=38
THERMAL_SENS_OUT_6=-50
THERMAL_SENS_INT_1=29
THERMAL_SENS_INT_2=26
PG_5=1
PG_9=0
PG_12=1
FLT_P2=0
FLT_P3=0
HEAT_1_TEMP=30
HEAT_1_DUTY=0
HEAT_1_SP=-20.0
HEAT_2_TEMP=27
HEAT_2_DUTY=0
HEAT_2_SP=-20.0
HEAT_3_TEMP=29
HEAT_3_DUTY=0
HEAT_3_SP=-20.0
HEAT_4_TEMP=38
HEAT_4_DUTY=0
HEAT_4_SP=-20.0
TS=1786202421.127
V_SENSE5=1.2060546875
V_SENSE9=0.0390625
V_SENSE12=0.09765625
ADC_V5=5.0091552734375
ADC_V9=9.2926025390625
ADC_V12=11.7706298828125
ADC_V28=28.1610107421875
THERMAL_SENS_OUT_1=30
THERMAL_SENS_OUT_2=-50
THERMAL_SENS_OUT_3=25
THERMAL_SENS_OUT_4=31
THERMAL_SENS_OUT_5=34
THERMAL_SENS_OUT_6=-50
THERMAL_SENS_INT_1=26
THERMAL_SENS_INT_2=30
PG_5=1
PG_9=0
PG_12=1
FLT_P2=0
FLT_P3=0
HEAT_1_TEMP=30
HEAT_1_DUTY=0
HEAT_1_SP=-20.0
HEAT_2_TEMP=25
HEAT_2_DUTY=0
HEAT_2_SP=-20.0
HEAT_3_TEMP=31
HEAT_3_DUTY=0
HEAT_3_SP=-20.0
HEAT_4_TEMP=34
HEAT_4_DUTY=0
HEAT_4_SP=-20.0
TS=1786202423.130
V_SENSE5=1.337890625
V_SENSE9=0.0341796875
V_SENSE12=0.09765625
ADC_V5=4.9560546875
ADC_V9=8.9385986328125
ADC_V12=11.788330078125
ADC_V28=27.53265380859375
THERMAL_SENS_OUT_1=28
THERMAL_SENS_OUT_2=-50
THERMAL_SENS_OUT_3=26
THERMAL_SENS_OUT_4=33
THERMAL_SENS_OUT_5=35
THERMAL_SENS_OUT_6=-50
THERMAL_SENS_INT_1=30
THERMAL_SENS_INT_2=28
PG_5=1
PG_9=0
PG_12=1
FLT_P2=0
FLT_P3=0
HEAT_1_TEMP=28
HEAT_1_DUTY=0
HEAT_1_SP=-20.0
HEAT_2_TEMP=26
HEAT_2_DUTY=0
HEAT_2_SP=-20.0
HEAT_3_TEMP=33
HEAT_3_DUTY=0
HEAT_3_SP=-20.0
HEAT_4_TEMP=35
HEAT_4_DUTY=0
HEAT_4_SP=-20.0

[22:05:33.891 CUBESAT]
TS=1786204195.095
PG_5=1
PG_9=0
PG_12=0
FLT_P2=0
FLT_P3=0
HEAT_1_TEMP=0.0
HEAT_1_DUTY=0
HEAT_1_SP=-20.0
ENC_RAW=2188
ENC_ANGLE=48.076171875
ENC_ACCUM=902.70263671875
AUTO_STOP=1
MOTOR_ANGLE=0.004941860465116279
MOTOR_ACCUM=822.5630813953488
MOTOR_ROT=1572
TS=1786204197.098
PG_5=1
PG_9=0
PG_12=0
FLT_P2=0
FLT_P3=0
HEAT_1_TEMP=0.0
HEAT_1_DUTY=0
HEAT_1_SP=-20.0
ENC_RAW=2189
ENC_ANGLE=48.09814453125
ENC_ACCUM=902.724609375
AUTO_STOP=1
MOTOR_ANGLE=0.004941860465116279
MOTOR_ACCUM=822.5630813953488
MOTOR_ROT=1572

[22:05:34.344 EBOX]
TS=1786202425.130
V_SENSE5=1.4501953125
V_SENSE9=0.0341796875
V_SENSE12=0.11474609375
ADC_V5=4.98260498046875
ADC_V9=8.89434814453125
ADC_V12=11.8414306640625
ADC_V28=27.19635009765625
THERMAL_SENS_OUT_1=29
THERMAL_SENS_OUT_2=-50
THERMAL_SENS_OUT_3=26
THERMAL_SENS_OUT_4=27
THERMAL_SENS_OUT_5=38
THERMAL_SENS_OUT_6=-50
THERMAL_SENS_INT_1=28
THERMAL_SENS_INT_2=26
PG_5=1
PG_9=0
PG_12=1
FLT_P2=0
FLT_P3=0
HEAT_1_TEMP=29
HEAT_1_DUTY=0
HEAT_1_SP=-20.0
HEAT_2_TEMP=26
HEAT_2_DUTY=0
HEAT_2_SP=-20.0
HEAT_3_TEMP=27
HEAT_3_DUTY=0
HEAT_3_SP=-20.0
HEAT_4_TEMP=38
HEAT_4_DUTY=0
HEAT_4_SP=-20.0
TS=1786202427.131
V_SENSE5=1.23046875
V_SENSE9=0.0341796875
V_SENSE12=0.10986328125
ADC_V5=5.08880615234375
ADC_V9=8.9385986328125
ADC_V12=11.6290283203125
ADC_V28=27.2052001953125
THERMAL_SENS_OUT_1=29
THERMAL_SENS_OUT_2=-50
THERMAL_SENS_OUT_3=29
THERMAL_SENS_OUT_4=27
THERMAL_SENS_OUT_5=37
THERMAL_SENS_OUT_6=-50
THERMAL_SENS_INT_1=30
THERMAL_SENS_INT_2=28
PG_5=1
PG_9=0
PG_12=1
FLT_P2=0
FLT_P3=0
HEAT_1_TEMP=29
HEAT_1_DUTY=0
HEAT_1_SP=-20.0
HEAT_2_TEMP=29
HEAT_2_DUTY=0
HEAT_2_SP=-20.0
HEAT_3_TEMP=27
HEAT_3_DUTY=0
HEAT_3_SP=-20.0
HEAT_4_TEMP=37
HEAT_4_DUTY=0
HEAT_4_SP=-20.0
TS=1786202429.134
V_SENSE5=1.1083984375
V_SENSE9=0.0390625
V_SENSE12=0.09521484375
ADC_V5=4.88525390625
ADC_V9=9.56695556640625
ADC_V12=11.63787841796875
ADC_V28=28.143310546875
THERMAL_SENS_OUT_1=31
THERMAL_SENS_OUT_2=-50
THERMAL_SENS_OUT_3=24
THERMAL_SENS_OUT_4=29
THERMAL_SENS_OUT_5=35
THERMAL_SENS_OUT_6=-50
THERMAL_SENS_INT_1=25
THERMAL_SENS_INT_2=32
PG_5=1
PG_9=0
PG_12=1
FLT_P2=0
FLT_P3=0
HEAT_1_TEMP=31
HEAT_1_DUTY=0
HEAT_1_SP=-20.0
HEAT_2_TEMP=24
HEAT_2_DUTY=0
HEAT_2_SP=-20.0
HEAT_3_TEMP=29
HEAT_3_DUTY=0
HEAT_3_SP=-20.0
HEAT_4_TEMP=35
HEAT_4_DUTY=0
HEAT_4_SP=-20.0

[22:05:35.514 EBOX]
TS=1786202431.134
V_SENSE5=1.46728515625
V_SENSE9=0.0390625
V_SENSE12=0.09765625
ADC_V5=5.00030517578125
ADC_V9=9.27490234375
ADC_V12=11.7706298828125
ADC_V28=28.1964111328125
THERMAL_SENS_OUT_1=29
THERMAL_SENS_OUT_2=-50
THERMAL_SENS_OUT_3=25
THERMAL_SENS_OUT_4=32
THERMAL_SENS_OUT_5=32
THERMAL_SENS_OUT_6=-50
THERMAL_SENS_INT_1=29
THERMAL_SENS_INT_2=27
PG_5=1
PG_9=0
PG_12=1
FLT_P2=0
FLT_P3=0
HEAT_1_TEMP=29
HEAT_1_DUTY=0
HEAT_1_SP=-20.0
HEAT_2_TEMP=25
HEAT_2_DUTY=0
HEAT_2_SP=-20.0
HEAT_3_TEMP=32
HEAT_3_DUTY=0
HEAT_3_SP=-20.0
HEAT_4_TEMP=32
HEAT_4_DUTY=0
HEAT_4_SP=-20.0
TS=1786202433.136
V_SENSE5=1.23291015625
V_SENSE9=0.0341796875
V_SENSE12=0.1171875
ADC_V5=4.91180419921875
ADC_V9=9.0625
ADC_V12=11.8060302734375
ADC_V28=27.28485107421875
THERMAL_SENS_OUT_1=32
THERMAL_SENS_OUT_2=-50
THERMAL_SENS_OUT_3=27
THERMAL_SENS_OUT_4=26
THERMAL_SENS_OUT_5=34
THERMAL_SENS_OUT_6=-50
THERMAL_SENS_INT_1=26
THERMAL_SENS_INT_2=30
PG_5=1
PG_9=0
PG_12=1
FLT_P2=0
FLT_P3=0
HEAT_1_TEMP=32
HEAT_1_DUTY=0
HEAT_1_SP=-20.0
HEAT_2_TEMP=27
HEAT_2_DUTY=0
HEAT_2_SP=-20.0
HEAT_3_TEMP=26
HEAT_3_DUTY=0
HEAT_3_SP=-20.0
HEAT_4_TEMP=34
HEAT_4_DUTY=0
HEAT_4_SP=-20.0

[22:05:37.646 EBOX]
TS=1786202435.138
V_SENSE5=1.22314453125
V_SENSE9=0.0341796875
V_SENSE12=0.09765625
ADC_V5=4.84100341796875
ADC_V9=9.15985107421875
ADC_V12=11.85028076171875
ADC_V28=27.21405029296875
THERMAL_SENS_OUT_1=29
THERMAL_SENS_OUT_2=-50
THERMAL_SENS_OUT_3=26
THERMAL_SENS_OUT_4=32
THERMAL_SENS_OUT_5=36
THERMAL_SENS_OUT_6=-50
THERMAL_SENS_INT_1=28
THERMAL_SENS_INT_2=27
PG_5=1
PG_9=0
PG_12=1
FLT_P2=0
FLT_P3=0
HEAT_1_TEMP=29
HEAT_1_DUTY=0
HEAT_1_SP=-20.0
HEAT_2_TEMP=26
HEAT_2_DUTY=0
HEAT_2_SP=-20.0
HEAT_3_TEMP=32
HEAT_3_DUTY=0
HEAT_3_SP=-20.0
HEAT_4_TEMP=36
HEAT_4_DUTY=0
HEAT_4_SP=-20.0

[22:05:39.280 EBOX]
TS=1786202437.139
V_SENSE5=1.40380859375
V_SENSE9=0.0341796875
V_SENSE12=0.09765625
ADC_V5=4.96490478515625
ADC_V9=9.05364990234375
ADC_V12=11.92108154296875
ADC_V28=27.47955322265625
THERMAL_SENS_OUT_1=27
THERMAL_SENS_OUT_2=-50
THERMAL_SENS_OUT_3=25
THERMAL_SENS_OUT_4=31
THERMAL_SENS_OUT_5=34
THERMAL_SENS_OUT_6=-50
THERMAL_SENS_INT_1=26
THERMAL_SENS_INT_2=32
PG_5=1
PG_9=0
PG_12=1
FLT_P2=0
FLT_P3=0
HEAT_1_TEMP=27
HEAT_1_DUTY=0
HEAT_1_SP=-20.0
HEAT_2_TEMP=25
HEAT_2_DUTY=0
HEAT_2_SP=-20.0
HEAT_3_TEMP=31
HEAT_3_DUTY=0
HEAT_3_SP=-20.0
HEAT_4_TEMP=34
HEAT_4_DUTY=0
HEAT_4_SP=-20.0

[22:05:42.921 EBOX]
TS=1786202439.142
V_SENSE5=1.220703125
V_SENSE9=0.0341796875
V_SENSE12=0.13427734375
ADC_V5=4.991455078125
ADC_V9=8.92974853515625
ADC_V12=11.62017822265625
ADC_V28=28.143310546875
THERMAL_SENS_OUT_1=29
THERMAL_SENS_OUT_2=-50
THERMAL_SENS_OUT_3=29
THERMAL_SENS_OUT_4=27
THERMAL_SENS_OUT_5=36
THERMAL_SENS_OUT_6=-50
THERMAL_SENS_INT_1=27
THERMAL_SENS_INT_2=28
PG_5=1
PG_9=0
PG_12=1
FLT_P2=0
FLT_P3=0
HEAT_1_TEMP=29
HEAT_1_DUTY=0
HEAT_1_SP=-20.0
HEAT_2_TEMP=29
HEAT_2_DUTY=0
HEAT_2_SP=-20.0
HEAT_3_TEMP=27
HEAT_3_DUTY=0
HEAT_3_SP=-20.0
HEAT_4_TEMP=36
HEAT_4_DUTY=0
HEAT_4_SP=-20.0

[22:05:45.255 EBOX]
TS=1786202441.142
V_SENSE5=1.29638671875
V_SENSE9=0.0390625
V_SENSE12=0.1220703125
ADC_V5=4.87640380859375
ADC_V9=9.6112060546875
ADC_V12=11.93878173828125
ADC_V28=28.16986083984375
THERMAL_SENS_OUT_1=33
THERMAL_SENS_OUT_2=-50
THERMAL_SENS_OUT_3=25
THERMAL_SENS_OUT_4=29
THERMAL_SENS_OUT_5=37
THERMAL_SENS_OUT_6=-50
THERMAL_SENS_INT_1=25
THERMAL_SENS_INT_2=29
PG_5=1
PG_9=0
PG_12=1
FLT_P2=0
FLT_P3=0
HEAT_1_TEMP=33
HEAT_1_DUTY=0
HEAT_1_SP=-20.0
HEAT_2_TEMP=25
HEAT_2_DUTY=0
HEAT_2_SP=-20.0
HEAT_3_TEMP=29
HEAT_3_DUTY=0
HEAT_3_SP=-20.0
HEAT_4_TEMP=37
HEAT_4_DUTY=0
HEAT_4_SP=-20.0

[22:05:49.703 EBOX]
TS=1786202443.143
V_SENSE5=1.15234375
V_SENSE9=0.0341796875
V_SENSE12=0.12939453125
ADC_V5=4.9383544921875
ADC_V9=9.49615478515625
ADC_V12=11.67327880859375
ADC_V28=28.1610107421875
THERMAL_SENS_OUT_1=31
THERMAL_SENS_OUT_2=-50
THERMAL_SENS_OUT_3=30
THERMAL_SENS_OUT_4=28
THERMAL_SENS_OUT_5=39
THERMAL_SENS_OUT_6=-50
THERMAL_SENS_INT_1=29
THERMAL_SENS_INT_2=26
PG_5=1
PG_9=0
PG_12=1
FLT_P2=0
FLT_P3=0
HEAT_1_TEMP=31
HEAT_1_DUTY=0
HEAT_1_SP=-20.0
HEAT_2_TEMP=30
HEAT_2_DUTY=0
HEAT_2_SP=-20.0
HEAT_3_TEMP=28
HEAT_3_DUTY=0
HEAT_3_SP=-20.0
HEAT_4_TEMP=39
HEAT_4_DUTY=0
HEAT_4_SP=-20.0

[22:05:50.315 CUBESAT]
TS=1786204199.101
PG_5=1
PG_9=0
PG_12=0
FLT_P2=0
FLT_P3=0
HEAT_1_TEMP=0.0
HEAT_1_DUTY=0
HEAT_1_SP=-20.0
ENC_RAW=2187
ENC_ANGLE=48.05419921875
ENC_ACCUM=902.6806640625
AUTO_STOP=1
MOTOR_ANGLE=0.004941860465116279
MOTOR_ACCUM=822.5630813953488
MOTOR_ROT=1572
TS=1786204201.104
PG_5=1
PG_9=0
PG_12=0
FLT_P2=0
FLT_P3=0
HEAT_1_TEMP=0.0
HEAT_1_DUTY=0
HEAT_1_SP=-20.0
ENC_RAW=2188
ENC_ANGLE=48.076171875
ENC_ACCUM=902.70263671875
AUTO_STOP=1
MOTOR_ANGLE=0.004941860465116279
MOTOR_ACCUM=822.5630813953488
MOTOR_ROT=1572
TS=1786204203.107
PG_5=1
PG_9=0
PG_12=0
FLT_P2=0
FLT_P3=0
HEAT_1_TEMP=0.0
HEAT_1_DUTY=10
HEAT_1_SP=-20.0
ENC_RAW=2185
ENC_ANGLE=48.01025390625
ENC_ACCUM=902.63671875
AUTO_STOP=1
MOTOR_ANGLE=0.004941860465116279
MOTOR_ACCUM=822.5630813953488
MOTOR_ROT=1572
TS=1786204205.109
PG_5=1
PG_9=0
PG_12=0
FLT_P2=0
FLT_P3=0
HEAT_1_TEMP=0.0
HEAT_1_DUTY=0
HEAT_1_SP=-20.0
ENC_RAW=2190
ENC_ANGLE=48.1201171875
ENC_ACCUM=902.74658203125
AUTO_STOP=1
MOTOR_ANGLE=0.004941860465116279
MOTOR_ACCUM=822.5630813953488
MOTOR_ROT=1572

[22:05:56.954 EBOX]
TS=1786202445.149
V_SENSE5=1.3623046875
V_SENSE9=0.0390625
V_SENSE12=0.13427734375
ADC_V5=5.00030517578125
ADC_V9=9.345703125
ADC_V12=11.6998291015625
ADC_V28=27.7362060546875
THERMAL_SENS_OUT_1=27
THERMAL_SENS_OUT_2=-50
THERMAL_SENS_OUT_3=28
THERMAL_SENS_OUT_4=29
THERMAL_SENS_OUT_5=35
THERMAL_SENS_OUT_6=-50
THERMAL_SENS_INT_1=28
THERMAL_SENS_INT_2=30
PG_5=1
PG_9=0
PG_12=1
FLT_P2=0
FLT_P3=0
HEAT_1_TEMP=27
HEAT_1_DUTY=0
HEAT_1_SP=-20.0
HEAT_2_TEMP=28
HEAT_2_DUTY=0
HEAT_2_SP=-20.0
HEAT_3_TEMP=29
HEAT_3_DUTY=0
HEAT_3_SP=-20.0
HEAT_4_TEMP=35
HEAT_4_DUTY=0
HEAT_4_SP=-20.0
TS=1786202447.148
V_SENSE5=1.31103515625
V_SENSE9=0.0341796875
V_SENSE12=0.1025390625
ADC_V5=4.96490478515625
ADC_V9=8.99169921875
ADC_V12=11.8414306640625
ADC_V28=27.12554931640625
THERMAL_SENS_OUT_1=29
THERMAL_SENS_OUT_2=-50
THERMAL_SENS_OUT_3=26
THERMAL_SENS_OUT_4=31
THERMAL_SENS_OUT_5=34
THERMAL_SENS_OUT_6=-50
THERMAL_SENS_INT_1=26
THERMAL_SENS_INT_2=27
PG_5=1
PG_9=0
PG_12=1
FLT_P2=0
FLT_P3=0
HEAT_1_TEMP=29
HEAT_1_DUTY=0
HEAT_1_SP=-20.0
HEAT_2_TEMP=26
HEAT_2_DUTY=0
HEAT_2_SP=-20.0
HEAT_3_TEMP=31
HEAT_3_DUTY=0
HEAT_3_SP=-20.0
HEAT_4_TEMP=34
HEAT_4_DUTY=0
HEAT_4_SP=-20.0
TS=1786202449.151
V_SENSE5=1.20361328125
V_SENSE9=0.0390625
V_SENSE12=0.1220703125
ADC_V5=4.9029541015625
ADC_V9=8.98284912109375
ADC_V12=11.77947998046875
ADC_V28=28.037109375
THERMAL_SENS_OUT_1=29
THERMAL_SENS_OUT_2=-50
THERMAL_SENS_OUT_3=25
THERMAL_SENS_OUT_4=30
THERMAL_SENS_OUT_5=34
THERMAL_SENS_OUT_6=-50
THERMAL_SENS_INT_1=25
THERMAL_SENS_INT_2=31
PG_5=1
PG_9=0
PG_12=1
FLT_P2=0
FLT_P3=0
HEAT_1_TEMP=29
HEAT_1_DUTY=0
HEAT_1_SP=-20.0
HEAT_2_TEMP=25
HEAT_2_DUTY=0
HEAT_2_SP=-20.0
HEAT_3_TEMP=30
HEAT_3_DUTY=0
HEAT_3_SP=-20.0
HEAT_4_TEMP=34
HEAT_4_DUTY=0
HEAT_4_SP=-20.0
TS=1786202451.157
V_SENSE5=1.494140625
V_SENSE9=0.0390625
V_SENSE12=0.15380859375
ADC_V5=4.87640380859375
ADC_V9=9.3988037109375
ADC_V12=11.83258056640625
ADC_V28=27.9132080078125
THERMAL_SENS_OUT_1=29
THERMAL_SENS_OUT_2=-50
THERMAL_SENS_OUT_3=25
THERMAL_SENS_OUT_4=31
THERMAL_SENS_OUT_5=33
THERMAL_SENS_OUT_6=-50
THERMAL_SENS_INT_1=24
THERMAL_SENS_INT_2=28
PG_5=1
PG_9=0
PG_12=1
FLT_P2=0
FLT_P3=0
HEAT_1_TEMP=29
HEAT_1_DUTY=0
HEAT_1_SP=-20.0
HEAT_2_TEMP=25
HEAT_2_DUTY=0
HEAT_2_SP=-20.0
HEAT_3_TEMP=31
HEAT_3_DUTY=0
HEAT_3_SP=-20.0
HEAT_4_TEMP=33
HEAT_4_DUTY=0
HEAT_4_SP=-20.0
TS=1786202453.160
V_SENSE5=1.32568359375
V_SENSE9=0.0390625
V_SENSE12=0.09765625
ADC_V5=5.0091552734375
ADC_V9=9.2218017578125
ADC_V12=11.7706298828125
ADC_V28=28.11676025390625
THERMAL_SENS_OUT_1=32
THERMAL_SENS_OUT_2=-50
THERMAL_SENS_OUT_3=30
THERMAL_SENS_OUT_4=28
THERMAL_SENS_OUT_5=35

[22:05:57.070 CUBESAT]
TS=1786204207.111
PG_5=1
PG_9=0
PG_12=0
FLT_P2=0
FLT_P3=0
HEAT_1_TEMP=0.0
HEAT_1_DUTY=0
HEAT_1_SP=-20.0
ENC_RAW=2185
ENC_ANGLE=48.01025390625
ENC_ACCUM=902.63671875
AUTO_STOP=1
MOTOR_ANGLE=0.004941860465116279
MOTOR_ACCUM=822.5630813953488
MOTOR_ROT=1572
TS=1786204209.121
PG_5=1
PG_9=0
PG_12=0
FLT_P2=0
FLT_P3=0
HEAT_1_TEMP=0.0
HEAT_1_DUTY=0
HEAT_1_SP=-20.0
ENC_RAW=2187
ENC_ANGLE=48.05419921875
ENC_ACCUM=902.6806640625
AUTO_STOP=1
MOTOR_ANGLE=0.004941860465116279
MOTOR_ACCUM=822.5630813953488
MOTOR_ROT=1572
TS=1786204211.125
PG_5=1
PG_9=0
PG_12=0
FLT_P2=0
FLT_P3=0
HEAT_1_TEMP=0.0
HEAT_1_DUTY=0
HEAT_1_SP=-20.0
ENC_RAW=2190
ENC_ANGLE=48.1201171875
ENC_ACCUM=902.74658203125
AUTO_STOP=1
MOTOR_ANGLE=0.004941860465116279
MOTOR_ACCUM=822.5630813953488
MOTOR_ROT=1572
TS=1786204213.128
PG_5=1
PG_9=0
PG_12=0
FLT_P2=0
FLT_P3=0
HEAT_1_TEMP=0.0
HEAT_1_DUTY=10
HEAT_1_SP=-20.0
ENC_RAW=2187
ENC_ANGLE=48.05419921875
ENC_ACCUM=902.6806640625
AUTO_STOP=1
MOTOR_ANGLE=0.004941860465116279
MOTOR_ACCUM=822.5630813953488
MOTOR_ROT=1572
TS=1786204215.131
PG_5=1
PG_9=0
PG_12=0
FLT_P2=0
FLT_P3=0
HEAT_1_TEMP=0.0
HEAT_1_DUTY=0
HEAT_1_SP=-20.0
ENC_RAW=2190
ENC_ANGLE=48.1201171875
ENC_ACCUM=902.74658203125
AUTO_STOP=1
MOTOR_ANGLE=0.004941860465116279
MOTOR_ACCUM=822.5630813953488
MOTOR_ROT=1572
TS=1786204217.135
PG_5=1
PG_9=0
PG_12=0
FLT_P2=0
FLT_P3=0
HEAT_1_TEMP=0.0
HEAT_1_DUTY=0
HEAT_1_SP=-20.0
ENC_RAW=2184
ENC_ANGLE=47.98828125

[22:05:57.790 EBOX]
THERMAL_SENS_OUT_6=-50
THERMAL_SENS_INT_1=29
THERMAL_SENS_INT_2=27
PG_5=1
PG_9=0
PG_12=1
FLT_P2=0
FLT_P3=0
HEAT_1_TEMP=32
HEAT_1_DUTY=0
HEAT_1_SP=-20.0
HEAT_2_TEMP=30
HEAT_2_DUTY=0
HEAT_2_SP=-20.0
HEAT_3_TEMP=28
HEAT_3_DUTY=0
HEAT_3_SP=-20.0
HEAT_4_TEMP=35
HEAT_4_DUTY=0
HEAT_4_SP=-20.0
TS=1786202455.162
V_SENSE5=1.14013671875
V_SENSE9=0.0390625
V_SENSE12=0.11962890625
ADC_V5=4.9383544921875
ADC_V9=9.21295166015625
ADC_V12=11.54937744140625
ADC_V28=27.8778076171875
THERMAL_SENS_OUT_1=32
THERMAL_SENS_OUT_2=-50
THERMAL_SENS_OUT_3=27
THERMAL_SENS_OUT_4=28
THERMAL_SENS_OUT_5=37
THERMAL_SENS_OUT_6=-50
THERMAL_SENS_INT_1=30
THERMAL_SENS_INT_2=28
PG_5=1
PG_9=0
PG_12=1
FLT_P2=0
FLT_P3=0
HEAT_1_TEMP=32
HEAT_1_DUTY=0
HEAT_1_SP=-20.0
HEAT_2_TEMP=27
HEAT_2_DUTY=0
HEAT_2_SP=-20.0
HEAT_3_TEMP=28
HEAT_3_DUTY=0
HEAT_3_SP=-20.0
HEAT_4_TEMP=37
HEAT_4_DUTY=0
HEAT_4_SP=-20.0

[22:05:57.795 CUBESAT]
ENC_ACCUM=902.61474609375
AUTO_STOP=1
MOTOR_ANGLE=0.004941860465116279
MOTOR_ACCUM=822.5630813953488
MOTOR_ROT=1572
TS=1786204219.138
PG_5=1
PG_9=0
PG_12=0
FLT_P2=0
FLT_P3=0
HEAT_1_TEMP=0.0
HEAT_1_DUTY=0
HEAT_1_SP=-20.0
ENC_RAW=2188
ENC_ANGLE=48.076171875
ENC_ACCUM=902.70263671875
AUTO_STOP=1
MOTOR_ANGLE=0.004941860465116279
MOTOR_ACCUM=822.5630813953488
MOTOR_ROT=1572
TS=1786204221.138
PG_5=1
PG_9=0
PG_12=0
FLT_P2=0
FLT_P3=0
HEAT_1_TEMP=0.0
HEAT_1_DUTY=0
HEAT_1_SP=-20.0
ENC_RAW=2189
ENC_ANGLE=48.09814453125
ENC_ACCUM=902.724609375
AUTO_STOP=1
MOTOR_ANGLE=0.004941860465116279
MOTOR_ACCUM=822.5630813953488
MOTOR_ROT=1572

[22:05:58.002 CUBESAT]
TS=1786204223.145
PG_5=1
PG_9=0
PG_12=0
FLT_P2=0
FLT_P3=0
HEAT_1_TEMP=0.0
HEAT_1_DUTY=0
HEAT_1_SP=-20.0
ENC_RAW=2187
ENC_ANGLE=48.05419921875
ENC_ACCUM=902.6806640625
AUTO_STOP=1
MOTOR_ANGLE=0.004941860465116279
MOTOR_ACCUM=822.5630813953488
MOTOR_ROT=1572
TS=1786204225.148
PG_5=1
PG_9=0
PG_12=0
FLT_P2=0
FLT_P3=0
HEAT_1_TEMP=0.0
HEAT_1_DUTY=0
HEAT_1_SP=-20.0
ENC_RAW=2190
ENC_ANGLE=48.1201171875
ENC_ACCUM=902.74658203125
AUTO_STOP=1
MOTOR_ANGLE=0.004941860465116279
MOTOR_ACCUM=822.5630813953488
MOTOR_ROT=1572

[22:05:58.220 EBOX]
TS=1786202457.163
V_SENSE5=1.39892578125
V_SENSE9=0.0341796875
V_SENSE12=0.09765625
ADC_V5=4.9029541015625
ADC_V9=9.26605224609375
ADC_V12=11.7352294921875
ADC_V28=27.8778076171875
THERMAL_SENS_OUT_1=31
THERMAL_SENS_OUT_2=-50
THERMAL_SENS_OUT_3=29
THERMAL_SENS_OUT_4=28
THERMAL_SENS_OUT_5=38
THERMAL_SENS_OUT_6=-50
THERMAL_SENS_INT_1=26
THERMAL_SENS_INT_2=32
PG_5=1
PG_9=0
PG_12=1
FLT_P2=0
FLT_P3=0
HEAT_1_TEMP=31
HEAT_1_DUTY=0
HEAT_1_SP=-20.0
HEAT_2_TEMP=29
HEAT_2_DUTY=0
HEAT_2_SP=-20.0
HEAT_3_TEMP=28
HEAT_3_DUTY=0
HEAT_3_SP=-20.0
HEAT_4_TEMP=38
HEAT_4_DUTY=0
HEAT_4_SP=-20.0

[22:06:01.378 EBOX]
TS=1786202459.164
V_SENSE5=1.14990234375
V_SENSE9=0.0341796875
V_SENSE12=0.10009765625
ADC_V5=5.0091552734375
ADC_V9=8.99169921875
ADC_V12=11.81488037109375
ADC_V28=27.44415283203125
THERMAL_SENS_OUT_1=27
THERMAL_SENS_OUT_2=-50
THERMAL_SENS_OUT_3=24
THERMAL_SENS_OUT_4=30
THERMAL_SENS_OUT_5=32
THERMAL_SENS_OUT_6=-50
THERMAL_SENS_INT_1=24
THERMAL_SENS_INT_2=29
PG_5=1
PG_9=0
PG_12=1
FLT_P2=0
FLT_P3=0
HEAT_1_TEMP=27
HEAT_1_DUTY=0
HEAT_1_SP=-20.0
HEAT_2_TEMP=24
HEAT_2_DUTY=0
HEAT_2_SP=-20.0
HEAT_3_TEMP=30
HEAT_3_DUTY=0
HEAT_3_SP=-20.0
HEAT_4_TEMP=32
HEAT_4_DUTY=0
HEAT_4_SP=-20.0

[22:06:02.211 EBOX]
TS=1786202461.165
V_SENSE5=1.142578125
V_SENSE9=0.09521484375
V_SENSE12=0.10986328125
ADC_V5=4.88525390625
ADC_V9=8.87664794921875
ADC_V12=11.717529296875
ADC_V28=27.92205810546875
THERMAL_SENS_OUT_1=33
THERMAL_SENS_OUT_2=-50
THERMAL_SENS_OUT_3=26
THERMAL_SENS_OUT_4=31
THERMAL_SENS_OUT_5=34
THERMAL_SENS_OUT_6=-50
THERMAL_SENS_INT_1=26
THERMAL_SENS_INT_2=31
PG_5=1
PG_9=0
PG_12=1
FLT_P2=0
FLT_P3=0
HEAT_1_TEMP=33
HEAT_1_DUTY=0
HEAT_1_SP=-20.0
HEAT_2_TEMP=26
HEAT_2_DUTY=0
HEAT_2_SP=-20.0
HEAT_3_TEMP=31
HEAT_3_DUTY=0
HEAT_3_SP=-20.0
HEAT_4_TEMP=34
HEAT_4_DUTY=0
HEAT_4_SP=-20.0

[22:06:03.228 CUBESAT]
TS=1786204227.151
PG_5=1
PG_9=0
PG_12=0
FLT_P2=0
FLT_P3=0
HEAT_1_TEMP=0.0
HEAT_1_DUTY=0
HEAT_1_SP=-20.0
ENC_RAW=2188
ENC_ANGLE=48.076171875
ENC_ACCUM=902.70263671875
AUTO_STOP=1
MOTOR_ANGLE=0.004941860465116279
MOTOR_ACCUM=822.5630813953488
MOTOR_ROT=1572
TS=1786204229.158
PG_5=1
PG_9=0
PG_12=0
FLT_P2=0
FLT_P3=0
HEAT_1_TEMP=0.0
HEAT_1_DUTY=10
HEAT_1_SP=-20.0
ENC_RAW=2189
ENC_ANGLE=48.09814453125
ENC_ACCUM=902.724609375
AUTO_STOP=1
MOTOR_ANGLE=0.004941860465116279
MOTOR_ACCUM=822.5630813953488
MOTOR_ROT=1572

[22:06:03.836 CUBESAT]
TS=1786204231.161
PG_5=1
PG_9=0
PG_12=0
FLT_P2=0
FLT_P3=0
HEAT_1_TEMP=0.0
HEAT_1_DUTY=0
HEAT_1_SP=-20.0
ENC_RAW=2187
ENC_ANGLE=48.05419921875
ENC_ACCUM=902.6806640625
AUTO_STOP=1
MOTOR_ANGLE=0.004941860465116279
MOTOR_ACCUM=822.5630813953488
MOTOR_ROT=1572

[22:06:04.350 EBOX]
TS=1786202463.165
V_SENSE5=1.12548828125
V_SENSE9=0.03662109375
V_SENSE12=0.09765625
ADC_V5=4.85870361328125
ADC_V9=9.0093994140625
ADC_V12=11.788330078125
ADC_V28=27.56805419921875
THERMAL_SENS_OUT_1=27
THERMAL_SENS_OUT_2=-50
THERMAL_SENS_OUT_3=29
THERMAL_SENS_OUT_4=27
THERMAL_SENS_OUT_5=33
THERMAL_SENS_OUT_6=-50
THERMAL_SENS_INT_1=26
THERMAL_SENS_INT_2=30
PG_5=1
PG_9=0
PG_12=1
FLT_P2=0
FLT_P3=0
HEAT_1_TEMP=27
HEAT_1_DUTY=0
HEAT_1_SP=-20.0
HEAT_2_TEMP=29
HEAT_2_DUTY=0
HEAT_2_SP=-20.0
HEAT_3_TEMP=27
HEAT_3_DUTY=0
HEAT_3_SP=-20.0
HEAT_4_TEMP=33
HEAT_4_DUTY=0
HEAT_4_SP=-20.0

[22:06:05.661 CUBESAT]
TS=1786204233.164
PG_5=1
PG_9=0
PG_12=0
FLT_P2=0
FLT_P3=0
HEAT_1_TEMP=0.0
HEAT_1_DUTY=0
HEAT_1_SP=-20.0
ENC_RAW=2187
ENC_ANGLE=48.05419921875
ENC_ACCUM=902.6806640625
AUTO_STOP=1
MOTOR_ANGLE=0.004941860465116279
MOTOR_ACCUM=822.5630813953488
MOTOR_ROT=1572

[22:06:06.188 EBOX]
TS=1786202465.174
V_SENSE5=1.07177734375
V_SENSE9=0.03662109375
V_SENSE12=0.10498046875
ADC_V5=4.9383544921875
ADC_V9=9.62005615234375
ADC_V12=11.8060302734375
ADC_V28=27.09014892578125
THERMAL_SENS_OUT_1=29
THERMAL_SENS_OUT_2=-50
THERMAL_SENS_OUT_3=26
THERMAL_SENS_OUT_4=26
THERMAL_SENS_OUT_5=36
THERMAL_SENS_OUT_6=-50
THERMAL_SENS_INT_1=26
THERMAL_SENS_INT_2=28
PG_5=1
PG_9=0
PG_12=1
FLT_P2=0
FLT_P3=0
HEAT_1_TEMP=29
HEAT_1_DUTY=0
HEAT_1_SP=-20.0
HEAT_2_TEMP=26
HEAT_2_DUTY=0
HEAT_2_SP=-20.0
HEAT_3_TEMP=26
HEAT_3_DUTY=0
HEAT_3_SP=-20.0
HEAT_4_TEMP=36
HEAT_4_DUTY=0
HEAT_4_SP=-20.0

[22:06:07.599 CUBESAT]
TS=1786204235.171
PG_5=1
PG_9=0
PG_12=0
FLT_P2=0
FLT_P3=0
HEAT_1_TEMP=0.0
HEAT_1_DUTY=0
HEAT_1_SP=-20.0
ENC_RAW=2187
ENC_ANGLE=48.05419921875
ENC_ACCUM=902.6806640625
AUTO_STOP=1
MOTOR_ANGLE=0.004941860465116279
MOTOR_ACCUM=822.5630813953488
MOTOR_ROT=1572

[22:06:08.222 EBOX]
TS=1786202467.169
V_SENSE5=1.14501953125
V_SENSE9=0.07568359375
V_SENSE12=0.13916015625
ADC_V5=5.00030517578125
ADC_V9=9.4696044921875
ADC_V12=11.90338134765625
ADC_V28=28.143310546875
THERMAL_SENS_OUT_1=27
THERMAL_SENS_OUT_2=-50
THERMAL_SENS_OUT_3=26
THERMAL_SENS_OUT_4=31
THERMAL_SENS_OUT_5=33
THERMAL_SENS_OUT_6=-50
THERMAL_SENS_INT_1=24
THERMAL_SENS_INT_2=28
PG_5=1
PG_9=0
PG_12=1
FLT_P2=0
FLT_P3=0
HEAT_1_TEMP=27
HEAT_1_DUTY=0
HEAT_1_SP=-20.0
HEAT_2_TEMP=26
HEAT_2_DUTY=0
HEAT_2_SP=-20.0
HEAT_3_TEMP=31
HEAT_3_DUTY=0
HEAT_3_SP=-20.0
HEAT_4_TEMP=33
HEAT_4_DUTY=0
HEAT_4_SP=-20.0

[22:06:09.633 CUBESAT]
TS=1786204237.175
PG_5=1
PG_9=0
PG_12=0
FLT_P2=0
FLT_P3=0
HEAT_1_TEMP=0.0
HEAT_1_DUTY=0
HEAT_1_SP=-20.0
ENC_RAW=2188
ENC_ANGLE=48.076171875
ENC_ACCUM=902.70263671875
AUTO_STOP=1
MOTOR_ANGLE=0.004941860465116279
MOTOR_ACCUM=822.5630813953488
MOTOR_ROT=1572

[22:06:10.158 EBOX]
TS=1786202469.171
V_SENSE5=1.1962890625
V_SENSE9=0.03662109375
V_SENSE12=0.1025390625
ADC_V5=4.8675537109375
ADC_V9=9.40765380859375
ADC_V12=11.646728515625
ADC_V28=28.0902099609375
THERMAL_SENS_OUT_1=32
THERMAL_SENS_OUT_2=-50
THERMAL_SENS_OUT_3=28
THERMAL_SENS_OUT_4=27
THERMAL_SENS_OUT_5=33
THERMAL_SENS_OUT_6=-50
THERMAL_SENS_INT_1=25
THERMAL_SENS_INT_2=30
PG_5=1
PG_9=0
PG_12=1
FLT_P2=0
FLT_P3=0
HEAT_1_TEMP=32
HEAT_1_DUTY=0
HEAT_1_SP=-20.0
HEAT_2_TEMP=28
HEAT_2_DUTY=0
HEAT_2_SP=-20.0
HEAT_3_TEMP=27
HEAT_3_DUTY=0
HEAT_3_SP=-20.0
HEAT_4_TEMP=33
HEAT_4_DUTY=0
HEAT_4_SP=-20.0

[22:06:11.873 CUBESAT]
TS=1786204239.178
PG_5=1
PG_9=0
PG_12=0
FLT_P2=0
FLT_P3=0
HEAT_1_TEMP=0.0
HEAT_1_DUTY=10
HEAT_1_SP=-20.0
ENC_RAW=2186
ENC_ANGLE=48.0322265625
ENC_ACCUM=902.65869140625
AUTO_STOP=1
MOTOR_ANGLE=0.004941860465116279
MOTOR_ACCUM=822.5630813953488
MOTOR_ROT=1572

[22:06:12.195 EBOX]
TS=1786202471.173
V_SENSE5=1.12548828125
V_SENSE9=0.0390625
V_SENSE12=0.10986328125
ADC_V5=4.9737548828125
ADC_V9=9.28375244140625
ADC_V12=11.929931640625
ADC_V28=27.8424072265625
THERMAL_SENS_OUT_1=28
THERMAL_SENS_OUT_2=-50
THERMAL_SENS_OUT_3=27
THERMAL_SENS_OUT_4=31
THERMAL_SENS_OUT_5=35
THERMAL_SENS_OUT_6=-50
THERMAL_SENS_INT_1=26
THERMAL_SENS_INT_2=28
PG_5=1
PG_9=0
PG_12=1
FLT_P2=0
FLT_P3=0
HEAT_1_TEMP=28
HEAT_1_DUTY=0
HEAT_1_SP=-20.0
HEAT_2_TEMP=27
HEAT_2_DUTY=0
HEAT_2_SP=-20.0
HEAT_3_TEMP=31
HEAT_3_DUTY=0
HEAT_3_SP=-20.0
HEAT_4_TEMP=35
HEAT_4_DUTY=0
HEAT_4_SP=-20.0

[22:06:13.708 CUBESAT]
TS=1786204241.185
PG_5=1
PG_9=0
PG_12=0
FLT_P2=0
FLT_P3=0
HEAT_1_TEMP=0.0
HEAT_1_DUTY=0
HEAT_1_SP=-20.0
ENC_RAW=2187
ENC_ANGLE=48.05419921875
ENC_ACCUM=902.6806640625
AUTO_STOP=1
MOTOR_ANGLE=0.004941860465116279
MOTOR_ACCUM=822.5630813953488
MOTOR_ROT=1572

[22:06:14.256 EBOX]
TS=1786202473.175
V_SENSE5=1.1328125
V_SENSE9=0.0390625
V_SENSE12=0.10986328125
ADC_V5=5.01800537109375
ADC_V9=9.19525146484375
ADC_V12=11.646728515625
ADC_V28=27.2406005859375
THERMAL_SENS_OUT_1=29
THERMAL_SENS_OUT_2=-50
THERMAL_SENS_OUT_3=24
THERMAL_SENS_OUT_4=28
THERMAL_SENS_OUT_5=36
THERMAL_SENS_OUT_6=-50
THERMAL_SENS_INT_1=24
THERMAL_SENS_INT_2=27
PG_5=1
PG_9=0
PG_12=1
FLT_P2=0
FLT_P3=0
HEAT_1_TEMP=29
HEAT_1_DUTY=0
HEAT_1_SP=-20.0
HEAT_2_TEMP=24
HEAT_2_DUTY=0
HEAT_2_SP=-20.0
HEAT_3_TEMP=28
HEAT_3_DUTY=0
HEAT_3_SP=-20.0
HEAT_4_TEMP=36
HEAT_4_DUTY=0
HEAT_4_SP=-20.0

[22:06:15.671 CUBESAT]
TS=1786204243.187
PG_5=1
PG_9=0
PG_12=0
FLT_P2=0
FLT_P3=0
HEAT_1_TEMP=0.0
HEAT_1_DUTY=0
HEAT_1_SP=-20.0
ENC_RAW=2186
ENC_ANGLE=48.0322265625
ENC_ACCUM=902.65869140625
AUTO_STOP=1
MOTOR_ANGLE=0.004941860465116279
MOTOR_ACCUM=822.5630813953488
MOTOR_ROT=1572

[22:06:16.193 EBOX]
TS=1786202475.185
V_SENSE5=1.1279296875
V_SENSE9=0.0390625
V_SENSE12=0.126953125
ADC_V5=5.08880615234375
ADC_V9=9.26605224609375
ADC_V12=11.70867919921875
ADC_V28=28.24951171875
THERMAL_SENS_OUT_1=29
THERMAL_SENS_OUT_2=-50
THERMAL_SENS_OUT_3=25
THERMAL_SENS_OUT_4=29
THERMAL_SENS_OUT_5=39
THERMAL_SENS_OUT_6=-50
THERMAL_SENS_INT_1=28
THERMAL_SENS_INT_2=26
PG_5=1
PG_9=0
PG_12=1
FLT_P2=0
FLT_P3=0
HEAT_1_TEMP=29
HEAT_1_DUTY=0
HEAT_1_SP=-20.0
HEAT_2_TEMP=25
HEAT_2_DUTY=0
HEAT_2_SP=-20.0
HEAT_3_TEMP=29
HEAT_3_DUTY=0
HEAT_3_SP=-20.0
HEAT_4_TEMP=39
HEAT_4_DUTY=0
HEAT_4_SP=-20.0

[22:06:17.706 CUBESAT]
TS=1786204245.191
PG_5=1
PG_9=0
PG_12=0
FLT_P2=0
FLT_P3=0
HEAT_1_TEMP=0.0
HEAT_1_DUTY=0
HEAT_1_SP=-20.0
ENC_RAW=2189
ENC_ANGLE=48.09814453125
ENC_ACCUM=902.724609375
AUTO_STOP=1
MOTOR_ANGLE=0.004941860465116279
MOTOR_ACCUM=822.5630813953488
MOTOR_ROT=1572

[22:06:18.231 EBOX]
TS=1786202477.179
V_SENSE5=1.201171875
V_SENSE9=0.03662109375
V_SENSE12=0.1025390625
ADC_V5=4.88525390625
ADC_V9=8.71734619140625
ADC_V12=11.575927734375
ADC_V28=28.09906005859375
THERMAL_SENS_OUT_1=27
THERMAL_SENS_OUT_2=-50
THERMAL_SENS_OUT_3=25
THERMAL_SENS_OUT_4=29
THERMAL_SENS_OUT_5=35
THERMAL_SENS_OUT_6=-50
THERMAL_SENS_INT_1=26
THERMAL_SENS_INT_2=29
PG_5=1
PG_9=0
PG_12=1
FLT_P2=0
FLT_P3=0
HEAT_1_TEMP=27
HEAT_1_DUTY=0
HEAT_1_SP=-20.0
HEAT_2_TEMP=25
HEAT_2_DUTY=0
HEAT_2_SP=-20.0
HEAT_3_TEMP=29
HEAT_3_DUTY=0
HEAT_3_SP=-20.0
HEAT_4_TEMP=35
HEAT_4_DUTY=0
HEAT_4_SP=-20.0

[22:06:19.642 CUBESAT]
TS=1786204247.198
PG_5=1
PG_9=0
PG_12=0
FLT_P2=0
FLT_P3=0
HEAT_1_TEMP=0.0
HEAT_1_DUTY=0
HEAT_1_SP=-20.0
ENC_RAW=2186
ENC_ANGLE=48.0322265625
ENC_ACCUM=902.65869140625
AUTO_STOP=1
MOTOR_ANGLE=0.004941860465116279
MOTOR_ACCUM=822.5630813953488
MOTOR_ROT=1572

[22:06:20.164 EBOX]
TS=1786202479.180
V_SENSE5=1.123046875
V_SENSE9=0.03662109375
V_SENSE12=0.1025390625
ADC_V5=5.0091552734375
ADC_V9=8.779296875
ADC_V12=11.9122314453125
ADC_V28=27.49725341796875
THERMAL_SENS_OUT_1=28
THERMAL_SENS_OUT_2=-50
THERMAL_SENS_OUT_3=26
THERMAL_SENS_OUT_4=31
THERMAL_SENS_OUT_5=35
THERMAL_SENS_OUT_6=-50
THERMAL_SENS_INT_1=24
THERMAL_SENS_INT_2=30
PG_5=1
PG_9=0
PG_12=1
FLT_P2=0
FLT_P3=0
HEAT_1_TEMP=28
HEAT_1_DUTY=0
HEAT_1_SP=-20.0
HEAT_2_TEMP=26
HEAT_2_DUTY=0
HEAT_2_SP=-20.0
HEAT_3_TEMP=31
HEAT_3_DUTY=0
HEAT_3_SP=-20.0
HEAT_4_TEMP=35
HEAT_4_DUTY=0
HEAT_4_SP=-20.0

[22:06:21.676 CUBESAT]
TS=1786204249.201
PG_5=1
PG_9=0
PG_12=0
FLT_P2=0
FLT_P3=0
HEAT_1_TEMP=0.0
HEAT_1_DUTY=0
HEAT_1_SP=-20.0
ENC_RAW=2186
ENC_ANGLE=48.0322265625
ENC_ACCUM=902.65869140625
AUTO_STOP=1
MOTOR_ANGLE=0.004941860465116279
MOTOR_ACCUM=822.5630813953488
MOTOR_ROT=1572

[22:06:22.198 EBOX]
TS=1786202481.181
V_SENSE5=1.1962890625
V_SENSE9=0.03662109375
V_SENSE12=0.12939453125
ADC_V5=4.96490478515625
ADC_V9=9.42535400390625
ADC_V12=11.7706298828125
ADC_V28=28.0194091796875
THERMAL_SENS_OUT_1=32
THERMAL_SENS_OUT_2=-50
THERMAL_SENS_OUT_3=29
THERMAL_SENS_OUT_4=29
THERMAL_SENS_OUT_5=33
THERMAL_SENS_OUT_6=-50
THERMAL_SENS_INT_1=29
THERMAL_SENS_INT_2=28
PG_5=1
PG_9=0
PG_12=1
FLT_P2=0
FLT_P3=0
HEAT_1_TEMP=32
HEAT_1_DUTY=0
HEAT_1_SP=-20.0
HEAT_2_TEMP=29
HEAT_2_DUTY=0
HEAT_2_SP=-20.0
HEAT_3_TEMP=29
HEAT_3_DUTY=0
HEAT_3_SP=-20.0
HEAT_4_TEMP=33
HEAT_4_DUTY=0
HEAT_4_SP=-20.0

[22:06:23.712 CUBESAT]
TS=1786204251.203
PG_5=1
PG_9=0
PG_12=0
FLT_P2=0
FLT_P3=0
HEAT_1_TEMP=0.0
HEAT_1_DUTY=0
HEAT_1_SP=-20.0
ENC_RAW=2188
ENC_ANGLE=48.076171875
ENC_ACCUM=902.70263671875
AUTO_STOP=1
MOTOR_ANGLE=0.004941860465116279
MOTOR_ACCUM=822.5630813953488
MOTOR_ROT=1572

[22:06:25.726 CUBESAT]
TS=1786204253.205
PG_5=1
PG_9=0
PG_12=0
FLT_P2=0
FLT_P3=0
HEAT_1_TEMP=0.0
HEAT_1_DUTY=0
HEAT_1_SP=-20.0
ENC_RAW=2186
ENC_ANGLE=48.0322265625
ENC_ACCUM=902.65869140625
AUTO_STOP=1
MOTOR_ANGLE=0.004941860465116279
MOTOR_ACCUM=822.5630813953488
MOTOR_ROT=1572

[22:06:27.638 CUBESAT]
TS=1786204255.215
PG_5=1
PG_9=0
PG_12=0
FLT_P2=0
FLT_P3=0
HEAT_1_TEMP=0.0
HEAT_1_DUTY=10
HEAT_1_SP=-20.0
ENC_RAW=2188
ENC_ANGLE=48.076171875
ENC_ACCUM=902.70263671875
AUTO_STOP=1
MOTOR_ANGLE=0.004941860465116279
MOTOR_ACCUM=822.5630813953488
MOTOR_ROT=1572

[22:06:30.460 CUBESAT]
TS=1786204257.218
PG_5=1
PG_9=0
PG_12=0
FLT_P2=0
FLT_P3=0
HEAT_1_TEMP=0.0
HEAT_1_DUTY=0
HEAT_1_SP=-20.0
ENC_RAW=2189
ENC_ANGLE=48.09814453125
ENC_ACCUM=902.724609375
AUTO_STOP=1
MOTOR_ANGLE=0.004941860465116279
MOTOR_ACCUM=822.5630813953488
MOTOR_ROT=1572

[22:06:31.671 CUBESAT]
TS=1786204259.221
PG_5=1
PG_9=0
PG_12=0
FLT_P2=0
FLT_P3=0
HEAT_1_TEMP=0.0
HEAT_1_DUTY=0
HEAT_1_SP=-20.0
ENC_RAW=2185
ENC_ANGLE=48.01025390625
ENC_ACCUM=902.63671875
AUTO_STOP=1
MOTOR_ANGLE=0.004941860465116279
MOTOR_ACCUM=822.5630813953488
MOTOR_ROT=1572

[22:06:33.686 CUBESAT]
TS=1786204261.224
PG_5=1
PG_9=0
PG_12=0
FLT_P2=0
FLT_P3=0
HEAT_1_TEMP=0.0
HEAT_1_DUTY=0
HEAT_1_SP=-20.0
ENC_RAW=2186
ENC_ANGLE=48.0322265625
ENC_ACCUM=902.65869140625
AUTO_STOP=1
MOTOR_ANGLE=0.004941860465116279
MOTOR_ACCUM=822.5630813953488
MOTOR_ROT=1572

[22:06:35.702 CUBESAT]
TS=1786204263.228
PG_5=1
PG_9=0
PG_12=0
FLT_P2=0
FLT_P3=0
HEAT_1_TEMP=0.0
HEAT_1_DUTY=0
HEAT_1_SP=-20.0
ENC_RAW=2189
ENC_ANGLE=48.09814453125
ENC_ACCUM=902.724609375
AUTO_STOP=1
MOTOR_ANGLE=0.004941860465116279
MOTOR_ACCUM=822.5630813953488
MOTOR_ROT=1572

[22:06:38.220 CUBESAT]
TS=1786204265.235
PG_5=1
PG_9=0
PG_12=0
FLT_P2=0
FLT_P3=0
HEAT_1_TEMP=0.0
HEAT_1_DUTY=10
HEAT_1_SP=-20.0
ENC_RAW=2188
ENC_ANGLE=48.076171875
ENC_ACCUM=902.70263671875
AUTO_STOP=1
MOTOR_ANGLE=0.004941860465116279
MOTOR_ACCUM=822.5630813953488
MOTOR_ROT=1572

[22:06:39.732 CUBESAT]
TS=1786204267.238
PG_5=1
PG_9=0
PG_12=0
FLT_P2=0
FLT_P3=0
HEAT_1_TEMP=0.0
HEAT_1_DUTY=0
HEAT_1_SP=-20.0
ENC_RAW=2188
ENC_ANGLE=48.076171875
ENC_ACCUM=902.70263671875
AUTO_STOP=1
MOTOR_ANGLE=0.004941860465116279
MOTOR_ACCUM=822.5630813953488
MOTOR_ROT=1572

[22:06:41.748 CUBESAT]
TS=1786204269.241
PG_5=1
PG_9=0
PG_12=0
FLT_P2=0
FLT_P3=0
HEAT_1_TEMP=0.0
HEAT_1_DUTY=0
HEAT_1_SP=-20.0
ENC_RAW=2187
ENC_ANGLE=48.05419921875
ENC_ACCUM=902.6806640625
AUTO_STOP=1
MOTOR_ANGLE=0.004941860465116279
MOTOR_ACCUM=822.5630813953488
MOTOR_ROT=1572

[22:06:43.763 CUBESAT]
TS=1786204271.245
PG_5=1
PG_9=0
PG_12=0
FLT_P2=0
FLT_P3=0
HEAT_1_TEMP=0.0
HEAT_1_DUTY=0
HEAT_1_SP=-20.0
ENC_RAW=2186
ENC_ANGLE=48.0322265625
ENC_ACCUM=902.65869140625
AUTO_STOP=1
MOTOR_ANGLE=0.004941860465116279
MOTOR_ACCUM=822.5630813953488
MOTOR_ROT=1572

[22:06:45.679 CUBESAT]
TS=1786204273.251
PG_5=1
PG_9=0
PG_12=0
FLT_P2=0
FLT_P3=0
HEAT_1_TEMP=0.0
HEAT_1_DUTY=0
HEAT_1_SP=-20.0
ENC_RAW=2185
ENC_ANGLE=48.01025390625
ENC_ACCUM=902.63671875
AUTO_STOP=1
MOTOR_ANGLE=0.004941860465116279
MOTOR_ACCUM=822.5630813953488
MOTOR_ROT=1572

[22:06:47.696 CUBESAT]
TS=1786204275.255
PG_5=1
PG_9=0
PG_12=0
FLT_P2=0
FLT_P3=0
HEAT_1_TEMP=0.0
HEAT_1_DUTY=10
HEAT_1_SP=-20.0
ENC_RAW=2188
ENC_ANGLE=48.076171875
ENC_ACCUM=902.70263671875
AUTO_STOP=1
MOTOR_ANGLE=0.004941860465116279
MOTOR_ACCUM=822.5630813953488
MOTOR_ROT=1572

[22:06:49.713 CUBESAT]
TS=1786204277.258
PG_5=1
PG_9=0
PG_12=0
FLT_P2=0
FLT_P3=0
HEAT_1_TEMP=0.0
HEAT_1_DUTY=0
HEAT_1_SP=-20.0
ENC_RAW=2185
ENC_ANGLE=48.01025390625
ENC_ACCUM=902.63671875
AUTO_STOP=1
MOTOR_ANGLE=0.004941860465116279
MOTOR_ACCUM=822.5630813953488
MOTOR_ROT=1572

[22:06:50.481 EBOX]
TS=1786202483.183
V_SENSE5=1.1474609375
V_SENSE9=0.0341796875
V_SENSE12=0.1171875
ADC_V5=4.9560546875
ADC_V9=9.21295166015625
ADC_V12=11.81488037109375
ADC_V28=27.1343994140625
THERMAL_SENS_OUT_1=29
THERMAL_SENS_OUT_2=-50
THERMAL_SENS_OUT_3=26
THERMAL_SENS_OUT_4=26
THERMAL_SENS_OUT_5=38
THERMAL_SENS_OUT_6=-50
THERMAL_SENS_INT_1=27
THERMAL_SENS_INT_2=30
PG_5=1
PG_9=0
PG_12=1
FLT_P2=0
FLT_P3=0
HEAT_1_TEMP=29
HEAT_1_DUTY=0
HEAT_1_SP=-20.0
HEAT_2_TEMP=26
HEAT_2_DUTY=0
HEAT_2_SP=-20.0
HEAT_3_TEMP=26
HEAT_3_DUTY=0
HEAT_3_SP=-20.0
HEAT_4_TEMP=38
HEAT_4_DUTY=0
HEAT_4_SP=-20.0

[22:06:50.631 EBOX]
TS=1786202485.183
V_SENSE5=1.2255859375
V_SENSE9=0.0390625
V_SENSE12=0.09765625
ADC_V5=4.88525390625
ADC_V9=9.46075439453125
ADC_V12=11.54937744140625
ADC_V28=27.88665771484375
THERMAL_SENS_OUT_1=32
THERMAL_SENS_OUT_2=-50
THERMAL_SENS_OUT_3=28
THERMAL_SENS_OUT_4=29
THERMAL_SENS_OUT_5=35
THERMAL_SENS_OUT_6=-50
THERMAL_SENS_INT_1=28
THERMAL_SENS_INT_2=26
PG_5=1
PG_9=0
PG_12=1
FLT_P2=0
FLT_P3=0
HEAT_1_TEMP=32
HEAT_1_DUTY=0
HEAT_1_SP=-20.0
HEAT_2_TEMP=28
HEAT_2_DUTY=0
HEAT_2_SP=-20.0
HEAT_3_TEMP=29
HEAT_3_DUTY=0
HEAT_3_SP=-20.0
HEAT_4_TEMP=35
HEAT_4_DUTY=0
HEAT_4_SP=-20.0
TS=1786202487.185
V_SENSE5=1.34765625
V_SENSE9=0.0341796875
V_SENSE12=0.1025390625
ADC_V5=4.96490478515625
ADC_V9=9.0447998046875
ADC_V12=11.76177978515625
ADC_V28=27.81585693359375
THERMAL_SENS_OUT_1=32
THERMAL_SENS_OUT_2=-50
THERMAL_SENS_OUT_3=28
THERMAL_SENS_OUT_4=28
THERMAL_SENS_OUT_5=33
THERMAL_SENS_OUT_6=-50
THERMAL_SENS_INT_1=30
THERMAL_SENS_INT_2=28
PG_5=1
PG_9=0
PG_12=1
FLT_P2=0
FLT_P3=0
HEAT_1_TEMP=32
HEAT_1_DUTY=0
HEAT_1_SP=-20.0
HEAT_2_TEMP=28
HEAT_2_DUTY=0
HEAT_2_SP=-20.0
HEAT_3_TEMP=28
HEAT_3_DUTY=0
HEAT_3_SP=-20.0
HEAT_4_TEMP=33
HEAT_4_DUTY=0
HEAT_4_SP=-20.0
TS=1786202489.193
V_SENSE5=1.08642578125
V_SENSE9=0.0390625
V_SENSE12=0.10009765625
ADC_V5=4.94720458984375
ADC_V9=9.1510009765625
ADC_V12=11.646728515625
ADC_V28=27.56805419921875
THERMAL_SENS_OUT_1=31
THERMAL_SENS_OUT_2=-50
THERMAL_SENS_OUT_3=27
THERMAL_SENS_OUT_4=30
THERMAL_SENS_OUT_5=33

[22:06:50.792 EBOX]
THERMAL_SENS_OUT_6=-50
THERMAL_SENS_INT_1=24
THERMAL_SENS_INT_2=29
PG_5=1
PG_9=0
PG_12=1
FLT_P2=0
FLT_P3=0
HEAT_1_TEMP=31
HEAT_1_DUTY=0
HEAT_1_SP=-20.0
HEAT_2_TEMP=27
HEAT_2_DUTY=0
HEAT_2_SP=-20.0
HEAT_3_TEMP=30
HEAT_3_DUTY=0
HEAT_3_SP=-20.0
HEAT_4_TEMP=33
HEAT_4_DUTY=0
HEAT_4_SP=-20.0
TS=1786202491.190
V_SENSE5=1.15234375
V_SENSE9=0.0439453125
V_SENSE12=0.10986328125
ADC_V5=5.01800537109375
ADC_V9=8.9031982421875
ADC_V12=11.86798095703125
ADC_V28=27.28485107421875
THERMAL_SENS_OUT_1=29
THERMAL_SENS_OUT_2=-50
THERMAL_SENS_OUT_3=26
THERMAL_SENS_OUT_4=27
THERMAL_SENS_OUT_5=38
THERMAL_SENS_OUT_6=-50
THERMAL_SENS_INT_1=28
THERMAL_SENS_INT_2=26
PG_5=1
PG_9=0
PG_12=1
FLT_P2=0
FLT_P3=0
HEAT_1_TEMP=29
HEAT_1_DUTY=0
HEAT_1_SP=-20.0
HEAT_2_TEMP=26
HEAT_2_DUTY=0
HEAT_2_SP=-20.0
HEAT_3_TEMP=27
HEAT_3_DUTY=0
HEAT_3_SP=-20.0
HEAT_4_TEMP=38
HEAT_4_DUTY=0
HEAT_4_SP=-20.0
TS=1786202493.194
V_SENSE5=1.30859375
V_SENSE9=0.0341796875
V_SENSE12=0.13916015625
ADC_V5=4.9737548828125
ADC_V9=8.92974853515625
ADC_V12=11.929931640625
ADC_V28=27.68310546875
THERMAL_SENS_OUT_1=28
THERMAL_SENS_OUT_2=-50
THERMAL_SENS_OUT_3=25
THERMAL_SENS_OUT_4=30
THERMAL_SENS_OUT_5=37
THERMAL_SENS_OUT_6=-50
THERMAL_SENS_INT_1=27
THERMAL_SENS_INT_2=30
PG_5=1
PG_9=0
PG_12=1
FLT_P2=0
FLT_P3=0
HEAT_1_TEMP=28
HEAT_1_DUTY=0
HEAT_1_SP=-20.0
HEAT_2_TEMP=25
HEAT_2_DUTY=0
HEAT_2_SP=-20.0
HEAT_3_TEMP=30
HEAT_3_DUTY=0
HEAT_3_SP=-20.0
HEAT_4_TEMP=37
HEAT_4_DUTY=0
HEAT_4_SP=-20.0

[22:06:50.960 EBOX]
TS=1786202495.191
V_SENSE5=1.1279296875
V_SENSE9=0.0390625
V_SENSE12=0.107421875
ADC_V5=4.91180419921875
ADC_V9=9.0093994140625
ADC_V12=11.5228271484375
ADC_V28=27.8070068359375
THERMAL_SENS_OUT_1=28
THERMAL_SENS_OUT_2=-50
THERMAL_SENS_OUT_3=26
THERMAL_SENS_OUT_4=29
THERMAL_SENS_OUT_5=37
THERMAL_SENS_OUT_6=-50
THERMAL_SENS_INT_1=30
THERMAL_SENS_INT_2=28
PG_5=1
PG_9=0
PG_12=1
FLT_P2=0
FLT_P3=0
HEAT_1_TEMP=28
HEAT_1_DUTY=0
HEAT_1_SP=-20.0
HEAT_2_TEMP=26
HEAT_2_DUTY=0
HEAT_2_SP=-20.0
HEAT_3_TEMP=29
HEAT_3_DUTY=0
HEAT_3_SP=-20.0
HEAT_4_TEMP=37
HEAT_4_DUTY=0
HEAT_4_SP=-20.0
TS=1786202497.191
V_SENSE5=1.3916015625
V_SENSE9=0.0341796875
V_SENSE12=0.09765625
ADC_V5=4.9560546875
ADC_V9=8.7969970703125
ADC_V12=11.859130859375
ADC_V28=27.8070068359375
THERMAL_SENS_OUT_1=32
THERMAL_SENS_OUT_2=-50
THERMAL_SENS_OUT_3=29
THERMAL_SENS_OUT_4=28
THERMAL_SENS_OUT_5=37
THERMAL_SENS_OUT_6=-50
THERMAL_SENS_INT_1=30
THERMAL_SENS_INT_2=26
PG_5=1
PG_9=0
PG_12=1
FLT_P2=0
FLT_P3=0
HEAT_1_TEMP=32
HEAT_1_DUTY=0
HEAT_1_SP=-20.0
HEAT_2_TEMP=29
HEAT_2_DUTY=0
HEAT_2_SP=-20.0
HEAT_3_TEMP=28
HEAT_3_DUTY=0
HEAT_3_SP=-20.0
HEAT_4_TEMP=37
HEAT_4_DUTY=0
HEAT_4_SP=-20.0
TS=1786202499.195
V_SENSE5=1.29150390625
V_SENSE9=0.0390625
V_SENSE12=0.11962890625
ADC_V5=4.85870361328125
ADC_V9=9.6112060546875
ADC_V12=11.6644287109375
ADC_V28=27.6654052734375
THERMAL_SENS_OUT_1=30
THERMAL_SENS_OUT_2=-50
THERMAL_SENS_OUT_3=26
THERMAL_SENS_OUT_4=31
THERMAL_SENS_OUT_5=35

[22:06:51.767 CUBESAT]
TS=1786204279.265
PG_5=1
PG_9=0
PG_12=0
FLT_P2=0
FLT_P3=0
HEAT_1_TEMP=0.0
HEAT_1_DUTY=0
HEAT_1_SP=-20.0
ENC_RAW=2187
ENC_ANGLE=48.05419921875
ENC_ACCUM=902.6806640625
AUTO_STOP=1
MOTOR_ANGLE=0.004941860465116279
MOTOR_ACCUM=822.5630813953488
MOTOR_ROT=1572

[22:06:53.780 CUBESAT]
TS=1786204281.267
PG_5=1
PG_9=0
PG_12=0
FLT_P2=0
FLT_P3=0
HEAT_1_TEMP=0.0
HEAT_1_DUTY=10
HEAT_1_SP=-20.0
ENC_RAW=2186
ENC_ANGLE=48.0322265625
ENC_ACCUM=902.65869140625
AUTO_STOP=1
MOTOR_ANGLE=0.004941860465116279
MOTOR_ACCUM=822.5630813953488
MOTOR_ROT=1572

[22:06:54.633 EBOX]
THERMAL_SENS_OUT_6=-50
THERMAL_SENS_INT_1=30
THERMAL_SENS_INT_2=27
PG_5=1
PG_9=0
PG_12=1
FLT_P2=0
FLT_P3=0
HEAT_1_TEMP=30
HEAT_1_DUTY=0
HEAT_1_SP=-20.0
HEAT_2_TEMP=26
HEAT_2_DUTY=0
HEAT_2_SP=-20.0
HEAT_3_TEMP=31
HEAT_3_DUTY=0
HEAT_3_SP=-20.0
HEAT_4_TEMP=35
HEAT_4_DUTY=0
HEAT_4_SP=-20.0
TS=1786202501.202
V_SENSE5=1.07421875
V_SENSE9=0.0390625
V_SENSE12=0.1318359375
ADC_V5=4.9029541015625
ADC_V9=9.44305419921875
ADC_V12=11.89453125
ADC_V28=27.74505615234375
THERMAL_SENS_OUT_1=28
THERMAL_SENS_OUT_2=-50
THERMAL_SENS_OUT_3=27
THERMAL_SENS_OUT_4=26
THERMAL_SENS_OUT_5=34
THERMAL_SENS_OUT_6=-50
THERMAL_SENS_INT_1=27
THERMAL_SENS_INT_2=26
PG_5=1
PG_9=0
PG_12=1
FLT_P2=0
FLT_P3=0
HEAT_1_TEMP=28
HEAT_1_DUTY=0
HEAT_1_SP=-20.0
HEAT_2_TEMP=27
HEAT_2_DUTY=0
HEAT_2_SP=-20.0
HEAT_3_TEMP=26
HEAT_3_DUTY=0
HEAT_3_SP=-20.0
HEAT_4_TEMP=34
HEAT_4_DUTY=0
HEAT_4_SP=-20.0
TS=1786202503.195
V_SENSE5=1.11572265625
V_SENSE9=0.03662109375
V_SENSE12=0.14892578125
ADC_V5=4.88525390625
ADC_V9=9.3634033203125
ADC_V12=11.7529296875
ADC_V28=28.11676025390625
THERMAL_SENS_OUT_1=30
THERMAL_SENS_OUT_2=-50
THERMAL_SENS_OUT_3=24
THERMAL_SENS_OUT_4=26
THERMAL_SENS_OUT_5=34
THERMAL_SENS_OUT_6=-50
THERMAL_SENS_INT_1=24
THERMAL_SENS_INT_2=28
PG_5=1
PG_9=0
PG_12=1
FLT_P2=0
FLT_P3=0
HEAT_1_TEMP=30
HEAT_1_DUTY=0
HEAT_1_SP=-20.0
HEAT_2_TEMP=24
HEAT_2_DUTY=0
HEAT_2_SP=-20.0
HEAT_3_TEMP=26
HEAT_3_DUTY=0
HEAT_3_SP=-20.0
HEAT_4_TEMP=34
HEAT_4_DUTY=0
HEAT_4_SP=-20.0
TS=1786202505.199

[22:06:55.744 CUBESAT]
TS=1786204283.275
PG_5=1
PG_9=0
PG_12=0
FLT_P2=0
FLT_P3=0
HEAT_1_TEMP=0.0
HEAT_1_DUTY=0
HEAT_1_SP=-20.0
ENC_RAW=2188
ENC_ANGLE=48.076171875
ENC_ACCUM=902.70263671875
AUTO_STOP=1
MOTOR_ANGLE=0.004941860465116279
MOTOR_ACCUM=822.5630813953488
MOTOR_ROT=1572

[22:06:57.655 EBOX]
V_SENSE5=1.19873046875
V_SENSE9=0.03662109375
V_SENSE12=0.107421875
ADC_V5=4.88525390625
ADC_V9=9.21295166015625
ADC_V12=11.9476318359375
ADC_V28=28.02825927734375
THERMAL_SENS_OUT_1=31
THERMAL_SENS_OUT_2=-50
THERMAL_SENS_OUT_3=27
THERMAL_SENS_OUT_4=31
THERMAL_SENS_OUT_5=33
THERMAL_SENS_OUT_6=-50
THERMAL_SENS_INT_1=24
THERMAL_SENS_INT_2=28
PG_5=1
PG_9=0
PG_12=1
FLT_P2=0
FLT_P3=0
HEAT_1_TEMP=31
HEAT_1_DUTY=0
HEAT_1_SP=-20.0
HEAT_2_TEMP=27
HEAT_2_DUTY=0
HEAT_2_SP=-20.0
HEAT_3_TEMP=31
HEAT_3_DUTY=0
HEAT_3_SP=-20.0
HEAT_4_TEMP=33
HEAT_4_DUTY=0
HEAT_4_SP=-20.0
TS=1786202507.203
V_SENSE5=1.34765625
V_SENSE9=0.0341796875
V_SENSE12=0.107421875
ADC_V5=4.82330322265625
ADC_V9=9.1510009765625
ADC_V12=11.5582275390625
ADC_V28=27.9132080078125
THERMAL_SENS_OUT_1=33
THERMAL_SENS_OUT_2=-50
THERMAL_SENS_OUT_3=24
THERMAL_SENS_OUT_4=27
THERMAL_SENS_OUT_5=38
THERMAL_SENS_OUT_6=-50
THERMAL_SENS_INT_1=25
THERMAL_SENS_INT_2=27
PG_5=1
PG_9=0
PG_12=1
FLT_P2=0
FLT_P3=0
HEAT_1_TEMP=33
HEAT_1_DUTY=0
HEAT_1_SP=-20.0
HEAT_2_TEMP=24
HEAT_2_DUTY=0
HEAT_2_SP=-20.0
HEAT_3_TEMP=27
HEAT_3_DUTY=0
HEAT_3_SP=-20.0
HEAT_4_TEMP=38
HEAT_4_DUTY=0
HEAT_4_SP=-20.0
TS=1786202509.206
V_SENSE5=1.13037109375
V_SENSE9=0.0341796875
V_SENSE12=0.09521484375
ADC_V5=4.88525390625
ADC_V9=8.99169921875
ADC_V12=11.9122314453125
ADC_V28=27.6300048828125
THERMAL_SENS_OUT_1=27
THERMAL_SENS_OUT_2=-50
THERMAL_SENS_OUT_3=29
THERMAL_SENS_OUT_4=31
THERMAL_SENS_OUT_5=33
THERMAL_SENS_OUT_6=-50
THERMAL_SENS_INT_1=26
THERMAL_SENS_INT_2=30
PG_5=1
PG_9=0
PG_12=1
FLT_P2=0
FLT_P3=0
HEAT_1_TEMP=27
HEAT_1_DUTY=0
HEAT_1_SP=-20.0
HEAT_2_TEMP=29
HEAT_2_DUTY=0
HEAT_2_SP=-20.0
HEAT_3_TEMP=31
HEAT_3_DUTY=0
HEAT_3_SP=-20.0
HEAT_4_TEMP=33
HEAT_4_DUTY=0
HEAT_4_SP=-20.0
TS=1786202511.209
V_SENSE5=1.24755859375
V_SENSE9=0.07080078125
V_SENSE12=0.1123046875
ADC_V5=4.8675537109375
ADC_V9=8.8323974609375
ADC_V12=11.67327880859375
ADC_V28=27.47955322265625
THERMAL_SENS_OUT_1=27
THERMAL_SENS_OUT_2=-50
THERMAL_SENS_OUT_3=29
THERMAL_SENS_OUT_4=27
THERMAL_SENS_OUT_5=34
THERMAL_SENS_OUT_6=-50
THERMAL_SENS_INT_1=27
THERMAL_SENS_INT_2=29
PG_5=1
PG_9=0
PG_12=1
FLT_P2=0
FLT_P3=0
HEAT_1_TEMP=27
HEAT_1_DUTY=0
HEAT_1_SP=-20.0
HEAT_2_TEMP=29
HEAT_2_DUTY=0
HEAT_2_SP=-20.0
HEAT_3_TEMP=27
HEAT_3_DUTY=0
HEAT_3_SP=-20.0
HEAT_4_TEMP=34
HEAT_4_DUTY=0
HEAT_4_SP=-20.0
TS=1786202513.216
V_SENSE5=1.1328125
V_SENSE9=0.11474609375
V_SENSE12=0.17333984375
ADC_V5=4.9029541015625
ADC_V9=9.00054931640625
ADC_V12=11.83258056640625
ADC_V28=27.68310546875
THERMAL_SENS_OUT_1=28
THERMAL_SENS_OUT_2=-50
THERMAL_SENS_OUT_3=30
THERMAL_SENS_OUT_4=28
THERMAL_SENS_OUT_5=39
THERMAL_SENS_OUT_6=-50
THERMAL_SENS_INT_1=30
THERMAL_SENS_INT_2=28
PG_5=1
PG_9=0
PG_12=1
FLT_P2=0
FLT_P3=0
HEAT_1_TEMP=28
HEAT_1_DUTY=0
HEAT_1_SP=-20.0
HEAT_2_TEMP=30
HEAT_2_DUTY=0
HEAT_2_SP=-20.0
HEAT_3_TEMP=28
HEAT_3_DUTY=0
HEAT_3_SP=-20.0
HEAT_4_TEMP=39
HEAT_4_DUTY=0
HEAT_4_SP=-20.0

[22:06:57.778 EBOX]
TS=1786202515.211
V_SENSE5=1.16455078125
V_SENSE9=0.0390625
V_SENSE12=0.09765625
ADC_V5=4.88525390625
ADC_V9=9.58465576171875
ADC_V12=11.60247802734375
ADC_V28=28.02825927734375
THERMAL_SENS_OUT_1=32
THERMAL_SENS_OUT_2=-50
THERMAL_SENS_OUT_3=27
THERMAL_SENS_OUT_4=28
THERMAL_SENS_OUT_5=33
THERMAL_SENS_OUT_6=-50
THERMAL_SENS_INT_1=26
THERMAL_SENS_INT_2=28
PG_5=1
PG_9=0
PG_12=1
FLT_P2=0
FLT_P3=0
HEAT_1_TEMP=32
HEAT_1_DUTY=0
HEAT_1_SP=-20.0
HEAT_2_TEMP=27
HEAT_2_DUTY=0
HEAT_2_SP=-20.0
HEAT_3_TEMP=28
HEAT_3_DUTY=0
HEAT_3_SP=-20.0
HEAT_4_TEMP=33
HEAT_4_DUTY=0
HEAT_4_SP=-20.0

[22:06:57.782 CUBESAT]
TS=1786204285.277
PG_5=1
PG_9=0
PG_12=0
FLT_P2=0
FLT_P3=0
HEAT_1_TEMP=0.0
HEAT_1_DUTY=0
HEAT_1_SP=-20.0
ENC_RAW=2185
ENC_ANGLE=48.01025390625
ENC_ACCUM=902.63671875
AUTO_STOP=1
MOTOR_ANGLE=0.004941860465116279
MOTOR_ACCUM=822.5630813953488
MOTOR_ROT=1572

[22:06:58.200 EBOX]
TS=1786202517.213
V_SENSE5=1.45263671875
V_SENSE9=0.03662109375
V_SENSE12=0.11962890625
ADC_V5=5.0091552734375
ADC_V9=9.451904296875
ADC_V12=11.54052734375
ADC_V28=27.82470703125
THERMAL_SENS_OUT_1=32
THERMAL_SENS_OUT_2=-50
THERMAL_SENS_OUT_3=25
THERMAL_SENS_OUT_4=32
THERMAL_SENS_OUT_5=35
THERMAL_SENS_OUT_6=-50
THERMAL_SENS_INT_1=26
THERMAL_SENS_INT_2=32
PG_5=1
PG_9=0
PG_12=1
FLT_P2=0
FLT_P3=0
HEAT_1_TEMP=32
HEAT_1_DUTY=0
HEAT_1_SP=-20.0
HEAT_2_TEMP=25
HEAT_2_DUTY=0
HEAT_2_SP=-20.0
HEAT_3_TEMP=32
HEAT_3_DUTY=0
HEAT_3_SP=-20.0
HEAT_4_TEMP=35
HEAT_4_DUTY=0
HEAT_4_SP=-20.0

[22:06:59.712 CUBESAT]
TS=1786204287.281
PG_5=1
PG_9=0
PG_12=0
FLT_P2=0
FLT_P3=0
HEAT_1_TEMP=0.0
HEAT_1_DUTY=0
HEAT_1_SP=-20.0
ENC_RAW=2188
ENC_ANGLE=48.076171875
ENC_ACCUM=902.70263671875
AUTO_STOP=1
MOTOR_ANGLE=0.004941860465116279
MOTOR_ACCUM=822.5630813953488
MOTOR_ROT=1572

[22:07:00.944 EBOX]
TS=1786202519.214
V_SENSE5=1.14501953125
V_SENSE9=0.03662109375
V_SENSE12=0.12451171875
ADC_V5=4.9737548828125
ADC_V9=9.451904296875
ADC_V12=11.54052734375
ADC_V28=28.1787109375
THERMAL_SENS_OUT_1=29
THERMAL_SENS_OUT_2=-50
THERMAL_SENS_OUT_3=24
THERMAL_SENS_OUT_4=27
THERMAL_SENS_OUT_5=35
THERMAL_SENS_OUT_6=-50
THERMAL_SENS_INT_1=28
THERMAL_SENS_INT_2=32
PG_5=1
PG_9=0
PG_12=1
FLT_P2=0
FLT_P3=0
HEAT_1_TEMP=29
HEAT_1_DUTY=0
HEAT_1_SP=-20.0
HEAT_2_TEMP=24
HEAT_2_DUTY=0
HEAT_2_SP=-20.0
HEAT_3_TEMP=27
HEAT_3_DUTY=0
HEAT_3_SP=-20.0
HEAT_4_TEMP=35
HEAT_4_DUTY=0
HEAT_4_SP=-20.0

[22:07:01.752 CUBESAT]
TS=1786204289.288
PG_5=1
PG_9=0
PG_12=0
FLT_P2=0
FLT_P3=0
HEAT_1_TEMP=0.0
HEAT_1_DUTY=0
HEAT_1_SP=-20.0
ENC_RAW=2186
ENC_ANGLE=48.0322265625
ENC_ACCUM=902.65869140625
AUTO_STOP=1
MOTOR_ANGLE=0.004941860465116279
MOTOR_ACCUM=822.5630813953488
MOTOR_ROT=1572

[22:07:02.278 EBOX]
TS=1786202521.216
V_SENSE5=1.12548828125
V_SENSE9=0.03662109375
V_SENSE12=0.09765625
ADC_V5=4.9737548828125
ADC_V9=9.37225341796875
ADC_V12=11.97418212890625
ADC_V28=27.222900390625
THERMAL_SENS_OUT_1=29
THERMAL_SENS_OUT_2=-50
THERMAL_SENS_OUT_3=24
THERMAL_SENS_OUT_4=26
THERMAL_SENS_OUT_5=36
THERMAL_SENS_OUT_6=-50
THERMAL_SENS_INT_1=28
THERMAL_SENS_INT_2=26
PG_5=1
PG_9=0
PG_12=1
FLT_P2=0
FLT_P3=0
HEAT_1_TEMP=29
HEAT_1_DUTY=0
HEAT_1_SP=-20.0
HEAT_2_TEMP=24
HEAT_2_DUTY=0
HEAT_2_SP=-20.0
HEAT_3_TEMP=26
HEAT_3_DUTY=0
HEAT_3_SP=-20.0
HEAT_4_TEMP=36
HEAT_4_DUTY=0
HEAT_4_SP=-20.0

[22:07:03.790 CUBESAT]
TS=1786204291.291
PG_5=1
PG_9=0
PG_12=0
FLT_P2=0
FLT_P3=0
HEAT_1_TEMP=0.0
HEAT_1_DUTY=10
HEAT_1_SP=-20.0
ENC_RAW=2189
ENC_ANGLE=48.09814453125
ENC_ACCUM=902.724609375
AUTO_STOP=1
MOTOR_ANGLE=0.004941860465116279
MOTOR_ACCUM=822.5630813953488
MOTOR_ROT=1572

[22:07:04.208 EBOX]
TS=1786202523.219
V_SENSE5=1.23046875
V_SENSE9=0.09521484375
V_SENSE12=0.11962890625
ADC_V5=4.94720458984375
ADC_V9=9.07135009765625
ADC_V12=11.89453125
ADC_V28=27.40875244140625
THERMAL_SENS_OUT_1=27
THERMAL_SENS_OUT_2=-50
THERMAL_SENS_OUT_3=27
THERMAL_SENS_OUT_4=28
THERMAL_SENS_OUT_5=36
THERMAL_SENS_OUT_6=-50
THERMAL_SENS_INT_1=27
THERMAL_SENS_INT_2=28
PG_5=1
PG_9=0
PG_12=1
FLT_P2=0
FLT_P3=0
HEAT_1_TEMP=27
HEAT_1_DUTY=0
HEAT_1_SP=-20.0
HEAT_2_TEMP=27
HEAT_2_DUTY=0
HEAT_2_SP=-20.0
HEAT_3_TEMP=28
HEAT_3_DUTY=0
HEAT_3_SP=-20.0
HEAT_4_TEMP=36
HEAT_4_DUTY=0
HEAT_4_SP=-20.0

[22:07:05.820 CUBESAT]
TS=1786204293.295
PG_5=1
PG_9=0
PG_12=0
FLT_P2=0
FLT_P3=0
HEAT_1_TEMP=0.0
HEAT_1_DUTY=0
HEAT_1_SP=-20.0
ENC_RAW=2186
ENC_ANGLE=48.0322265625
ENC_ACCUM=902.65869140625
AUTO_STOP=1
MOTOR_ANGLE=0.004941860465116279
MOTOR_ACCUM=822.5630813953488
MOTOR_ROT=1572

[22:07:06.241 EBOX]
TS=1786202525.218
V_SENSE5=1.1962890625
V_SENSE9=0.0341796875
V_SENSE12=0.19287109375
ADC_V5=4.9737548828125
ADC_V9=8.98284912109375
ADC_V12=11.82373046875
ADC_V28=28.214111328125
THERMAL_SENS_OUT_1=29
THERMAL_SENS_OUT_2=-50
THERMAL_SENS_OUT_3=24
THERMAL_SENS_OUT_4=29
THERMAL_SENS_OUT_5=35
THERMAL_SENS_OUT_6=-50
THERMAL_SENS_INT_1=26
THERMAL_SENS_INT_2=32
PG_5=1
PG_9=0
PG_12=1
FLT_P2=0
FLT_P3=0
HEAT_1_TEMP=29
HEAT_1_DUTY=0
HEAT_1_SP=-20.0
HEAT_2_TEMP=24
HEAT_2_DUTY=0
HEAT_2_SP=-20.0
HEAT_3_TEMP=29
HEAT_3_DUTY=0
HEAT_3_SP=-20.0
HEAT_4_TEMP=35
HEAT_4_DUTY=0
HEAT_4_SP=-20.0

[22:07:08.155 CUBESAT]
TS=1786204295.298
PG_5=1
PG_9=0
PG_12=0
FLT_P2=0
FLT_P3=0
HEAT_1_TEMP=0.0
HEAT_1_DUTY=0
HEAT_1_SP=-20.0
ENC_RAW=2186
ENC_ANGLE=48.0322265625
ENC_ACCUM=902.65869140625
AUTO_STOP=1
MOTOR_ANGLE=0.004941860465116279
MOTOR_ACCUM=822.5630813953488
MOTOR_ROT=1572

[22:07:08.273 EBOX]
TS=1786202527.220
V_SENSE5=1.3525390625
V_SENSE9=0.03662109375
V_SENSE12=0.09765625
ADC_V5=4.8321533203125
ADC_V9=9.12445068359375
ADC_V12=11.49627685546875
ADC_V28=27.7716064453125
THERMAL_SENS_OUT_1=31
THERMAL_SENS_OUT_2=-50
THERMAL_SENS_OUT_3=27
THERMAL_SENS_OUT_4=28
THERMAL_SENS_OUT_5=38
THERMAL_SENS_OUT_6=-50
THERMAL_SENS_INT_1=27
THERMAL_SENS_INT_2=28
PG_5=1
PG_9=0
PG_12=1
FLT_P2=0
FLT_P3=0
HEAT_1_TEMP=31
HEAT_1_DUTY=0
HEAT_1_SP=-20.0
HEAT_2_TEMP=27
HEAT_2_DUTY=0
HEAT_2_SP=-20.0
HEAT_3_TEMP=28
HEAT_3_DUTY=0
HEAT_3_SP=-20.0
HEAT_4_TEMP=38
HEAT_4_DUTY=0
HEAT_4_SP=-20.0

[22:07:09.784 CUBESAT]
TS=1786204297.305
PG_5=1
PG_9=0
PG_12=0
FLT_P2=0
FLT_P3=0
HEAT_1_TEMP=0.0
HEAT_1_DUTY=0
HEAT_1_SP=-20.0
ENC_RAW=2185
ENC_ANGLE=48.01025390625
ENC_ACCUM=902.63671875
AUTO_STOP=1
MOTOR_ANGLE=0.004941860465116279
MOTOR_ACCUM=822.5630813953488
MOTOR_ROT=1572

[22:07:10.304 EBOX]
TS=1786202529.222
V_SENSE5=1.15234375
V_SENSE9=0.03662109375
V_SENSE12=0.0927734375
ADC_V5=4.920654296875
ADC_V9=8.7969970703125
ADC_V12=11.83258056640625
ADC_V28=27.293701171875
THERMAL_SENS_OUT_1=29
THERMAL_SENS_OUT_2=-50
THERMAL_SENS_OUT_3=24
THERMAL_SENS_OUT_4=30
THERMAL_SENS_OUT_5=33
THERMAL_SENS_OUT_6=-50
THERMAL_SENS_INT_1=26
THERMAL_SENS_INT_2=31
PG_5=1
PG_9=0
PG_12=1
FLT_P2=0
FLT_P3=0
HEAT_1_TEMP=29
HEAT_1_DUTY=0
HEAT_1_SP=-20.0
HEAT_2_TEMP=24
HEAT_2_DUTY=0
HEAT_2_SP=-20.0
HEAT_3_TEMP=30
HEAT_3_DUTY=0
HEAT_3_SP=-20.0
HEAT_4_TEMP=33
HEAT_4_DUTY=0
HEAT_4_SP=-20.0

[22:07:11.816 CUBESAT]
TS=1786204299.308
PG_5=1
PG_9=0
PG_12=0
FLT_P2=0
FLT_P3=0
HEAT_1_TEMP=0.0
HEAT_1_DUTY=0
HEAT_1_SP=-20.0
ENC_RAW=2188
ENC_ANGLE=48.076171875
ENC_ACCUM=902.70263671875
AUTO_STOP=1
MOTOR_ANGLE=0.004941860465116279
MOTOR_ACCUM=822.5630813953488
MOTOR_ROT=1572

[22:07:12.235 EBOX]
TS=1786202531.233
V_SENSE5=1.064453125
V_SENSE9=0.07568359375
V_SENSE12=0.107421875
ADC_V5=5.15960693359375
ADC_V9=9.26605224609375
ADC_V12=11.92108154296875
ADC_V28=27.79815673828125
THERMAL_SENS_OUT_1=28
THERMAL_SENS_OUT_2=-50
THERMAL_SENS_OUT_3=29
THERMAL_SENS_OUT_4=32
THERMAL_SENS_OUT_5=34
THERMAL_SENS_OUT_6=-50
THERMAL_SENS_INT_1=27
THERMAL_SENS_INT_2=26
PG_5=1
PG_9=0
PG_12=1
FLT_P2=0
FLT_P3=0
HEAT_1_TEMP=28
HEAT_1_DUTY=0
HEAT_1_SP=-20.0
HEAT_2_TEMP=29
HEAT_2_DUTY=0
HEAT_2_SP=-20.0
HEAT_3_TEMP=32
HEAT_3_DUTY=0
HEAT_3_SP=-20.0
HEAT_4_TEMP=34
HEAT_4_DUTY=0
HEAT_4_SP=-20.0

[22:07:13.749 CUBESAT]
TS=1786204301.315
PG_5=1
PG_9=0
PG_12=0
FLT_P2=0
FLT_P3=0
HEAT_1_TEMP=0.0
HEAT_1_DUTY=10
HEAT_1_SP=-20.0
ENC_RAW=2190
ENC_ANGLE=48.1201171875
ENC_ACCUM=902.74658203125
AUTO_STOP=1
MOTOR_ANGLE=0.004941860465116279
MOTOR_ACCUM=822.5630813953488
MOTOR_ROT=1572

[22:07:14.277 EBOX]
TS=1786202533.227
V_SENSE5=1.12060546875
V_SENSE9=0.0390625
V_SENSE12=0.13671875
ADC_V5=5.00030517578125
ADC_V9=9.46075439453125
ADC_V12=11.8060302734375
ADC_V28=27.54150390625
THERMAL_SENS_OUT_1=33
THERMAL_SENS_OUT_2=-50
THERMAL_SENS_OUT_3=24
THERMAL_SENS_OUT_4=28
THERMAL_SENS_OUT_5=37
THERMAL_SENS_OUT_6=-50
THERMAL_SENS_INT_1=25
THERMAL_SENS_INT_2=28
PG_5=1
PG_9=0
PG_12=1
FLT_P2=0
FLT_P3=0
HEAT_1_TEMP=33
HEAT_1_DUTY=0
HEAT_1_SP=-20.0
HEAT_2_TEMP=24
HEAT_2_DUTY=0
HEAT_2_SP=-20.0
HEAT_3_TEMP=28
HEAT_3_DUTY=0
HEAT_3_SP=-20.0
HEAT_4_TEMP=37
HEAT_4_DUTY=0
HEAT_4_SP=-20.0

[22:07:15.792 CUBESAT]
TS=1786204303.318
PG_5=1
PG_9=0
PG_12=0
FLT_P2=0
FLT_P3=0
HEAT_1_TEMP=0.0
HEAT_1_DUTY=0
HEAT_1_SP=-20.0
ENC_RAW=2189
ENC_ANGLE=48.09814453125
ENC_ACCUM=902.724609375
AUTO_STOP=1
MOTOR_ANGLE=0.004941860465116279
MOTOR_ACCUM=822.5630813953488
MOTOR_ROT=1572

[22:07:16.328 EBOX]
TS=1786202535.227
V_SENSE5=1.142578125
V_SENSE9=0.0390625
V_SENSE12=0.0927734375
ADC_V5=4.8321533203125
ADC_V9=9.26605224609375
ADC_V12=11.60247802734375
ADC_V28=28.001708984375
THERMAL_SENS_OUT_1=27
THERMAL_SENS_OUT_2=-50
THERMAL_SENS_OUT_3=27
THERMAL_SENS_OUT_4=31
THERMAL_SENS_OUT_5=33
THERMAL_SENS_OUT_6=-50
THERMAL_SENS_INT_1=25
THERMAL_SENS_INT_2=31
PG_5=1
PG_9=0
PG_12=1
FLT_P2=0
FLT_P3=0
HEAT_1_TEMP=27
HEAT_1_DUTY=0
HEAT_1_SP=-20.0
HEAT_2_TEMP=27
HEAT_2_DUTY=0
HEAT_2_SP=-20.0
HEAT_3_TEMP=31
HEAT_3_DUTY=0
HEAT_3_SP=-20.0
HEAT_4_TEMP=33
HEAT_4_DUTY=0
HEAT_4_SP=-20.0

[22:07:17.841 CUBESAT]
TS=1786204305.321
PG_5=1
PG_9=0
PG_12=0
FLT_P2=0
FLT_P3=0
HEAT_1_TEMP=0.0
HEAT_1_DUTY=0
HEAT_1_SP=-20.0
ENC_RAW=2185
ENC_ANGLE=48.01025390625
ENC_ACCUM=902.63671875
AUTO_STOP=1
MOTOR_ANGLE=0.004941860465116279
MOTOR_ACCUM=822.5630813953488
MOTOR_ROT=1572

[22:07:18.786 EBOX]
TS=1786202537.230
V_SENSE5=1.328125
V_SENSE9=0.03662109375
V_SENSE12=0.13916015625
ADC_V5=4.89410400390625
ADC_V9=9.12445068359375
ADC_V12=11.82373046875
ADC_V28=27.152099609375
THERMAL_SENS_OUT_1=33
THERMAL_SENS_OUT_2=-50
THERMAL_SENS_OUT_3=30
THERMAL_SENS_OUT_4=29
THERMAL_SENS_OUT_5=33
THERMAL_SENS_OUT_6=-50
THERMAL_SENS_INT_1=24
THERMAL_SENS_INT_2=28
PG_5=1
PG_9=0
PG_12=1
FLT_P2=0
FLT_P3=0
HEAT_1_TEMP=33
HEAT_1_DUTY=0
HEAT_1_SP=-20.0
HEAT_2_TEMP=30
HEAT_2_DUTY=0
HEAT_2_SP=-20.0
HEAT_3_TEMP=29
HEAT_3_DUTY=0
HEAT_3_SP=-20.0
HEAT_4_TEMP=33
HEAT_4_DUTY=0
HEAT_4_SP=-20.0

[22:07:19.796 CUBESAT]
TS=1786204307.328
PG_5=1
PG_9=0
PG_12=0
FLT_P2=0
FLT_P3=0
HEAT_1_TEMP=0.0
HEAT_1_DUTY=10
HEAT_1_SP=-20.0
ENC_RAW=2189
ENC_ANGLE=48.09814453125
ENC_ACCUM=902.724609375
AUTO_STOP=1
MOTOR_ANGLE=0.004941860465116279
MOTOR_ACCUM=822.5630813953488
MOTOR_ROT=1572

[22:07:20.335 EBOX]
TS=1786202539.230
V_SENSE5=1.30615234375
V_SENSE9=0.0341796875
V_SENSE12=0.10009765625
ADC_V5=4.98260498046875
ADC_V9=9.40765380859375
ADC_V12=11.8060302734375
ADC_V28=27.19635009765625
THERMAL_SENS_OUT_1=29
THERMAL_SENS_OUT_2=-50
THERMAL_SENS_OUT_3=26
THERMAL_SENS_OUT_4=29
THERMAL_SENS_OUT_5=33
THERMAL_SENS_OUT_6=-50
THERMAL_SENS_INT_1=24
THERMAL_SENS_INT_2=28
PG_5=1
PG_9=0
PG_12=1
FLT_P2=0
FLT_P3=0
HEAT_1_TEMP=29
HEAT_1_DUTY=0
HEAT_1_SP=-20.0
HEAT_2_TEMP=26
HEAT_2_DUTY=0
HEAT_2_SP=-20.0
HEAT_3_TEMP=29
HEAT_3_DUTY=0
HEAT_3_SP=-20.0
HEAT_4_TEMP=33
HEAT_4_DUTY=0
HEAT_4_SP=-20.0

[22:07:21.850 CUBESAT]
TS=1786204309.335
PG_5=1
PG_9=0
PG_12=0
FLT_P2=0
FLT_P3=0
HEAT_1_TEMP=0.0
HEAT_1_DUTY=0
HEAT_1_SP=-20.0
ENC_RAW=2188
ENC_ANGLE=48.076171875
ENC_ACCUM=902.70263671875
AUTO_STOP=1
MOTOR_ANGLE=0.004941860465116279
MOTOR_ACCUM=822.5630813953488
MOTOR_ROT=1572

[22:07:22.320 EBOX]
TS=1786202541.245
V_SENSE5=1.1083984375
V_SENSE9=0.0390625
V_SENSE12=0.1025390625
ADC_V5=4.85870361328125
ADC_V9=8.8677978515625
ADC_V12=11.5582275390625
ADC_V28=27.32025146484375
THERMAL_SENS_OUT_1=28
THERMAL_SENS_OUT_2=-50
THERMAL_SENS_OUT_3=25
THERMAL_SENS_OUT_4=28
THERMAL_SENS_OUT_5=37
THERMAL_SENS_OUT_6=-50
THERMAL_SENS_INT_1=25
THERMAL_SENS_INT_2=31
PG_5=1
PG_9=0
PG_12=1
FLT_P2=0
FLT_P3=0
HEAT_1_TEMP=28
HEAT_1_DUTY=0
HEAT_1_SP=-20.0
HEAT_2_TEMP=25
HEAT_2_DUTY=0
HEAT_2_SP=-20.0
HEAT_3_TEMP=28
HEAT_3_DUTY=0
HEAT_3_SP=-20.0
HEAT_4_TEMP=37
HEAT_4_DUTY=0
HEAT_4_SP=-20.0

[22:07:24.036 CUBESAT]
TS=1786204311.336
PG_5=1
PG_9=0
PG_12=0
FLT_P2=0
FLT_P3=0
HEAT_1_TEMP=0.0
HEAT_1_DUTY=0
HEAT_1_SP=-20.0
ENC_RAW=2188
ENC_ANGLE=48.076171875
ENC_ACCUM=902.70263671875
AUTO_STOP=1
MOTOR_ANGLE=0.004941860465116279
MOTOR_ACCUM=822.5630813953488
MOTOR_ROT=1572

[22:07:25.044 EBOX]
TS=1786202543.234
V_SENSE5=1.20849609375
V_SENSE9=0.0390625
V_SENSE12=0.09765625
ADC_V5=4.98260498046875
ADC_V9=9.13330078125
ADC_V12=11.54937744140625
ADC_V28=27.97515869140625
THERMAL_SENS_OUT_1=33
THERMAL_SENS_OUT_2=-50
THERMAL_SENS_OUT_3=29
THERMAL_SENS_OUT_4=27
THERMAL_SENS_OUT_5=36
THERMAL_SENS_OUT_6=-50
THERMAL_SENS_INT_1=26
THERMAL_SENS_INT_2=32
PG_5=1
PG_9=0
PG_12=1
FLT_P2=0
FLT_P3=0
HEAT_1_TEMP=33
HEAT_1_DUTY=0
HEAT_1_SP=-20.0
HEAT_2_TEMP=29
HEAT_2_DUTY=0
HEAT_2_SP=-20.0
HEAT_3_TEMP=27
HEAT_3_DUTY=0
HEAT_3_SP=-20.0
HEAT_4_TEMP=36
HEAT_4_DUTY=0
HEAT_4_SP=-20.0

[22:07:25.853 CUBESAT]
TS=1786204313.341
PG_5=1
PG_9=0
PG_12=0
FLT_P2=0
FLT_P3=0
HEAT_1_TEMP=0.0
HEAT_1_DUTY=0
HEAT_1_SP=-20.0
ENC_RAW=2185
ENC_ANGLE=48.01025390625
ENC_ACCUM=902.63671875
AUTO_STOP=1
MOTOR_ANGLE=0.004941860465116279
MOTOR_ACCUM=822.5630813953488
MOTOR_ROT=1572

[22:07:26.278 EBOX]
TS=1786202545.236
V_SENSE5=1.11328125
V_SENSE9=0.0341796875
V_SENSE12=0.12451171875
ADC_V5=4.8675537109375
ADC_V9=8.92974853515625
ADC_V12=11.76177978515625
ADC_V28=28.001708984375
THERMAL_SENS_OUT_1=26
THERMAL_SENS_OUT_2=-50
THERMAL_SENS_OUT_3=27
THERMAL_SENS_OUT_4=31
THERMAL_SENS_OUT_5=33
THERMAL_SENS_OUT_6=-50
THERMAL_SENS_INT_1=24
THERMAL_SENS_INT_2=28
PG_5=1
PG_9=0
PG_12=1
FLT_P2=0
FLT_P3=0
HEAT_1_TEMP=26
HEAT_1_DUTY=0
HEAT_1_SP=-20.0
HEAT_2_TEMP=27
HEAT_2_DUTY=0
HEAT_2_SP=-20.0
HEAT_3_TEMP=31
HEAT_3_DUTY=0
HEAT_3_SP=-20.0
HEAT_4_TEMP=33
HEAT_4_DUTY=0
HEAT_4_SP=-20.0

[22:07:27.789 CUBESAT]
TS=1786204315.345
PG_5=1
PG_9=0
PG_12=0
FLT_P2=0
FLT_P3=0
HEAT_1_TEMP=0.0
HEAT_1_DUTY=0
HEAT_1_SP=-20.0
ENC_RAW=2187
ENC_ANGLE=48.05419921875
ENC_ACCUM=902.6806640625
AUTO_STOP=1
MOTOR_ANGLE=0.004941860465116279
MOTOR_ACCUM=822.5630813953488
MOTOR_ROT=1572

[22:07:28.721 EBOX]
TS=1786202547.238
V_SENSE5=1.142578125
V_SENSE9=0.05615234375
V_SENSE12=0.1171875
ADC_V5=4.920654296875
ADC_V9=8.9385986328125
ADC_V12=11.76177978515625
ADC_V28=27.93975830078125
THERMAL_SENS_OUT_1=31
THERMAL_SENS_OUT_2=-50
THERMAL_SENS_OUT_3=25
THERMAL_SENS_OUT_4=29
THERMAL_SENS_OUT_5=37
THERMAL_SENS_OUT_6=-50
THERMAL_SENS_INT_1=25
THERMAL_SENS_INT_2=28
PG_5=1
PG_9=0
PG_12=1
FLT_P2=0
FLT_P3=0
HEAT_1_TEMP=31
HEAT_1_DUTY=0
HEAT_1_SP=-20.0
HEAT_2_TEMP=25
HEAT_2_DUTY=0
HEAT_2_SP=-20.0
HEAT_3_TEMP=29
HEAT_3_DUTY=0
HEAT_3_SP=-20.0
HEAT_4_TEMP=37
HEAT_4_DUTY=0
HEAT_4_SP=-20.0

[22:07:29.831 CUBESAT]
TS=1786204317.352
PG_5=1
PG_9=0
PG_12=0
FLT_P2=0
FLT_P3=0
HEAT_1_TEMP=0.0
HEAT_1_DUTY=10
HEAT_1_SP=-20.0
ENC_RAW=2187
ENC_ANGLE=48.05419921875
ENC_ACCUM=902.6806640625
AUTO_STOP=1
MOTOR_ANGLE=0.004941860465116279
MOTOR_ACCUM=822.5630813953488
MOTOR_ROT=1572

[22:07:30.369 EBOX]
TS=1786202549.240
V_SENSE5=1.11328125
V_SENSE9=0.11474609375
V_SENSE12=0.1220703125
ADC_V5=4.9383544921875
ADC_V9=9.5404052734375
ADC_V12=11.88568115234375
ADC_V28=28.10791015625
THERMAL_SENS_OUT_1=29
THERMAL_SENS_OUT_2=-50
THERMAL_SENS_OUT_3=27
THERMAL_SENS_OUT_4=30
THERMAL_SENS_OUT_5=33
THERMAL_SENS_OUT_6=-50
THERMAL_SENS_INT_1=24
THERMAL_SENS_INT_2=27
PG_5=1
PG_9=0
PG_12=1
FLT_P2=0
FLT_P3=0
HEAT_1_TEMP=29
HEAT_1_DUTY=0
HEAT_1_SP=-20.0
HEAT_2_TEMP=27
HEAT_2_DUTY=0
HEAT_2_SP=-20.0
HEAT_3_TEMP=30
HEAT_3_DUTY=0
HEAT_3_SP=-20.0
HEAT_4_TEMP=33
HEAT_4_DUTY=0
HEAT_4_SP=-20.0

[22:07:31.782 CUBESAT]
TS=1786204319.355
PG_5=1
PG_9=0
PG_12=0
FLT_P2=0
FLT_P3=0
HEAT_1_TEMP=0.0
HEAT_1_DUTY=0
HEAT_1_SP=-20.0
ENC_RAW=2187
ENC_ANGLE=48.05419921875
ENC_ACCUM=902.6806640625
AUTO_STOP=1
MOTOR_ANGLE=0.004941860465116279
MOTOR_ACCUM=822.5630813953488
MOTOR_ROT=1572

[22:07:32.313 EBOX]
TS=1786202551.241
V_SENSE5=1.10595703125
V_SENSE9=0.0341796875
V_SENSE12=0.1025390625
ADC_V5=4.849853515625
ADC_V9=9.4696044921875
ADC_V12=11.505126953125
ADC_V28=27.92205810546875
THERMAL_SENS_OUT_1=32
THERMAL_SENS_OUT_2=-50
THERMAL_SENS_OUT_3=30
THERMAL_SENS_OUT_4=29
THERMAL_SENS_OUT_5=34
THERMAL_SENS_OUT_6=-50
THERMAL_SENS_INT_1=26
THERMAL_SENS_INT_2=31
PG_5=1
PG_9=0
PG_12=1
FLT_P2=0
FLT_P3=0
HEAT_1_TEMP=32
HEAT_1_DUTY=0
HEAT_1_SP=-20.0
HEAT_2_TEMP=30
HEAT_2_DUTY=0
HEAT_2_SP=-20.0
HEAT_3_TEMP=29
HEAT_3_DUTY=0
HEAT_3_SP=-20.0
HEAT_4_TEMP=34
HEAT_4_DUTY=0
HEAT_4_SP=-20.0

[22:07:33.825 CUBESAT]
TS=1786204321.355
PG_5=1
PG_9=0
PG_12=0
FLT_P2=0
FLT_P3=0
HEAT_1_TEMP=0.0
HEAT_1_DUTY=0
HEAT_1_SP=-20.0
ENC_RAW=2189
ENC_ANGLE=48.09814453125
ENC_ACCUM=902.724609375
AUTO_STOP=1
MOTOR_ANGLE=0.004941860465116279
MOTOR_ACCUM=822.5630813953488
MOTOR_ROT=1572

[22:07:34.349 EBOX]
TS=1786202553.251
V_SENSE5=1.08154296875
V_SENSE9=0.03662109375
V_SENSE12=0.09765625
ADC_V5=5.0091552734375
ADC_V9=9.4342041015625
ADC_V12=11.90338134765625
ADC_V28=27.11669921875
THERMAL_SENS_OUT_1=28
THERMAL_SENS_OUT_2=-50
THERMAL_SENS_OUT_3=30
THERMAL_SENS_OUT_4=29
THERMAL_SENS_OUT_5=34
THERMAL_SENS_OUT_6=-50
THERMAL_SENS_INT_1=31
THERMAL_SENS_INT_2=28
PG_5=1
PG_9=0
PG_12=1
FLT_P2=0
FLT_P3=0
HEAT_1_TEMP=28
HEAT_1_DUTY=0
HEAT_1_SP=-20.0
HEAT_2_TEMP=30
HEAT_2_DUTY=0
HEAT_2_SP=-20.0
HEAT_3_TEMP=29
HEAT_3_DUTY=0
HEAT_3_SP=-20.0
HEAT_4_TEMP=34
HEAT_4_DUTY=0
HEAT_4_SP=-20.0

[22:07:35.863 CUBESAT]
TS=1786204323.361
PG_5=1
PG_9=0
PG_12=0
FLT_P2=0
FLT_P3=0
HEAT_1_TEMP=0.0
HEAT_1_DUTY=0
HEAT_1_SP=-20.0
ENC_RAW=2188
ENC_ANGLE=48.076171875
ENC_ACCUM=902.70263671875
AUTO_STOP=1
MOTOR_ANGLE=0.004941860465116279
MOTOR_ACCUM=822.5630813953488
MOTOR_ROT=1572

[22:07:36.289 EBOX]
TS=1786202555.245
V_SENSE5=1.11572265625
V_SENSE9=0.0341796875
V_SENSE12=0.10986328125
ADC_V5=4.98260498046875
ADC_V9=9.0093994140625
ADC_V12=11.70867919921875
ADC_V28=27.2406005859375
THERMAL_SENS_OUT_1=28
THERMAL_SENS_OUT_2=-50
THERMAL_SENS_OUT_3=27
THERMAL_SENS_OUT_4=26
THERMAL_SENS_OUT_5=35
THERMAL_SENS_OUT_6=-50
THERMAL_SENS_INT_1=27
THERMAL_SENS_INT_2=26
PG_5=1
PG_9=0
PG_12=1
FLT_P2=0
FLT_P3=0
HEAT_1_TEMP=28
HEAT_1_DUTY=0
HEAT_1_SP=-20.0
HEAT_2_TEMP=27
HEAT_2_DUTY=0
HEAT_2_SP=-20.0
HEAT_3_TEMP=26
HEAT_3_DUTY=0
HEAT_3_SP=-20.0
HEAT_4_TEMP=35
HEAT_4_DUTY=0
HEAT_4_SP=-20.0

[22:07:37.802 CUBESAT]
TS=1786204325.365
PG_5=1
PG_9=0
PG_12=0
FLT_P2=0
FLT_P3=0
HEAT_1_TEMP=0.0
HEAT_1_DUTY=0
HEAT_1_SP=-20.0
ENC_RAW=2188
ENC_ANGLE=48.076171875
ENC_ACCUM=902.70263671875
AUTO_STOP=1
MOTOR_ANGLE=0.004941860465116279
MOTOR_ACCUM=822.5630813953488
MOTOR_ROT=1572

[22:07:38.432 EBOX]
TS=1786202557.248
V_SENSE5=1.142578125
V_SENSE9=0.0341796875
V_SENSE12=0.09765625
ADC_V5=4.814453125
ADC_V9=9.1510009765625
ADC_V12=11.51397705078125
ADC_V28=27.79815673828125
THERMAL_SENS_OUT_1=31
THERMAL_SENS_OUT_2=-50
THERMAL_SENS_OUT_3=27
THERMAL_SENS_OUT_4=29
THERMAL_SENS_OUT_5=34
THERMAL_SENS_OUT_6=-50
THERMAL_SENS_INT_1=24
THERMAL_SENS_INT_2=28
PG_5=1
PG_9=0
PG_12=1
FLT_P2=0
FLT_P3=0
HEAT_1_TEMP=31
HEAT_1_DUTY=0
HEAT_1_SP=-20.0
HEAT_2_TEMP=27
HEAT_2_DUTY=0
HEAT_2_SP=-20.0
HEAT_3_TEMP=29
HEAT_3_DUTY=0
HEAT_3_SP=-20.0
HEAT_4_TEMP=34
HEAT_4_DUTY=0
HEAT_4_SP=-20.0

[22:07:39.849 CUBESAT]
TS=1786204327.368
PG_5=1
PG_9=0
PG_12=0
FLT_P2=0
FLT_P3=0
HEAT_1_TEMP=0.0
HEAT_1_DUTY=10
HEAT_1_SP=-20.0
ENC_RAW=2190
ENC_ANGLE=48.1201171875
ENC_ACCUM=902.74658203125
AUTO_STOP=1
MOTOR_ANGLE=0.004941860465116279
MOTOR_ACCUM=822.5630813953488
MOTOR_ROT=1572

[22:07:40.981 EBOX]
TS=1786202559.250
V_SENSE5=1.14501953125
V_SENSE9=0.03662109375
V_SENSE12=0.1220703125
ADC_V5=4.920654296875
ADC_V9=8.92974853515625
ADC_V12=11.9122314453125
ADC_V28=27.56805419921875
THERMAL_SENS_OUT_1=27
THERMAL_SENS_OUT_2=-50
THERMAL_SENS_OUT_3=28
THERMAL_SENS_OUT_4=32
THERMAL_SENS_OUT_5=33
THERMAL_SENS_OUT_6=-50
THERMAL_SENS_INT_1=26
THERMAL_SENS_INT_2=26
PG_5=1
PG_9=0
PG_12=1
FLT_P2=0
FLT_P3=0
HEAT_1_TEMP=27
HEAT_1_DUTY=0
HEAT_1_SP=-20.0
HEAT_2_TEMP=28
HEAT_2_DUTY=0
HEAT_2_SP=-20.0
HEAT_3_TEMP=32
HEAT_3_DUTY=0
HEAT_3_SP=-20.0
HEAT_4_TEMP=33
HEAT_4_DUTY=0
HEAT_4_SP=-20.0

[22:07:41.892 CUBESAT]
TS=1786204329.375
PG_5=1
PG_9=0
PG_12=0
FLT_P2=0
FLT_P3=0
HEAT_1_TEMP=0.0
HEAT_1_DUTY=0
HEAT_1_SP=-20.0
ENC_RAW=2187
ENC_ANGLE=48.05419921875
ENC_ACCUM=902.6806640625
AUTO_STOP=1
MOTOR_ANGLE=0.004941860465116279
MOTOR_ACCUM=822.5630813953488
MOTOR_ROT=1572

[22:07:42.326 EBOX]
TS=1786202561.250
V_SENSE5=1.1767578125
V_SENSE9=0.0390625
V_SENSE12=0.1025390625
ADC_V5=4.991455078125
ADC_V9=8.9031982421875
ADC_V12=11.8768310546875
ADC_V28=27.3114013671875
THERMAL_SENS_OUT_1=33
THERMAL_SENS_OUT_2=-50
THERMAL_SENS_OUT_3=29
THERMAL_SENS_OUT_4=27
THERMAL_SENS_OUT_5=37
THERMAL_SENS_OUT_6=-50
THERMAL_SENS_INT_1=29
THERMAL_SENS_INT_2=27
PG_5=1
PG_9=0
PG_12=1
FLT_P2=0
FLT_P3=0
HEAT_1_TEMP=33
HEAT_1_DUTY=0
HEAT_1_SP=-20.0
HEAT_2_TEMP=29
HEAT_2_DUTY=0
HEAT_2_SP=-20.0
HEAT_3_TEMP=27
HEAT_3_DUTY=0
HEAT_3_SP=-20.0
HEAT_4_TEMP=37
HEAT_4_DUTY=0
HEAT_4_SP=-20.0

[22:07:43.840 CUBESAT]
TS=1786204331.378
PG_5=1
PG_9=0
PG_12=0
FLT_P2=0
FLT_P3=0
HEAT_1_TEMP=0.0
HEAT_1_DUTY=0
HEAT_1_SP=-20.0
ENC_RAW=2187
ENC_ANGLE=48.05419921875
ENC_ACCUM=902.6806640625
AUTO_STOP=1
MOTOR_ANGLE=0.004941860465116279
MOTOR_ACCUM=822.5630813953488
MOTOR_ROT=1572

[22:07:44.370 EBOX]
TS=1786202563.253
V_SENSE5=1.1669921875
V_SENSE9=0.03662109375
V_SENSE12=0.15380859375
ADC_V5=4.88525390625
ADC_V9=8.87664794921875
ADC_V12=11.56707763671875
ADC_V28=27.81585693359375
THERMAL_SENS_OUT_1=31
THERMAL_SENS_OUT_2=-50
THERMAL_SENS_OUT_3=27
THERMAL_SENS_OUT_4=31
THERMAL_SENS_OUT_5=35
THERMAL_SENS_OUT_6=-50
THERMAL_SENS_INT_1=25
THERMAL_SENS_INT_2=30
PG_5=1
PG_9=0
PG_12=1
FLT_P2=0
FLT_P3=0
HEAT_1_TEMP=31
HEAT_1_DUTY=0
HEAT_1_SP=-20.0
HEAT_2_TEMP=27
HEAT_2_DUTY=0
HEAT_2_SP=-20.0
HEAT_3_TEMP=31
HEAT_3_DUTY=0
HEAT_3_SP=-20.0
HEAT_4_TEMP=35
HEAT_4_DUTY=0
HEAT_4_SP=-20.0

[22:07:46.311 EBOX]
TS=1786202565.263
V_SENSE5=1.22314453125
V_SENSE9=0.0390625
V_SENSE12=0.10498046875
ADC_V5=4.991455078125
ADC_V9=9.44305419921875
ADC_V12=11.76177978515625
ADC_V28=27.7362060546875
THERMAL_SENS_OUT_1=27
THERMAL_SENS_OUT_2=-50
THERMAL_SENS_OUT_3=27
THERMAL_SENS_OUT_4=33
THERMAL_SENS_OUT_5=38
THERMAL_SENS_OUT_6=-50
THERMAL_SENS_INT_1=25
THERMAL_SENS_INT_2=31
PG_5=1
PG_9=0
PG_12=1
FLT_P2=0
FLT_P3=0
HEAT_1_TEMP=27
HEAT_1_DUTY=0
HEAT_1_SP=-20.0
HEAT_2_TEMP=27
HEAT_2_DUTY=0
HEAT_2_SP=-20.0
HEAT_3_TEMP=33
HEAT_3_DUTY=0
HEAT_3_SP=-20.0
HEAT_4_TEMP=38
HEAT_4_DUTY=0
HEAT_4_SP=-20.0

[22:07:46.415 CUBESAT]
TS=1786204333.382
PG_5=1
PG_9=0
PG_12=0
FLT_P2=0
FLT_P3=0
HEAT_1_TEMP=0.0
HEAT_1_DUTY=10
HEAT_1_SP=-20.0
ENC_RAW=2187
ENC_ANGLE=48.05419921875
ENC_ACCUM=902.6806640625
AUTO_STOP=1
MOTOR_ANGLE=0.004941860465116279
MOTOR_ACCUM=822.5630813953488
MOTOR_ROT=1572

[22:07:47.827 CUBESAT]
TS=1786204335.388
PG_5=1
PG_9=0
PG_12=0
FLT_P2=0
FLT_P3=0
HEAT_1_TEMP=0.0
HEAT_1_DUTY=0
HEAT_1_SP=-20.0
ENC_RAW=2190
ENC_ANGLE=48.1201171875
ENC_ACCUM=902.74658203125
AUTO_STOP=1
MOTOR_ANGLE=0.004941860465116279
MOTOR_ACCUM=822.5630813953488
MOTOR_ROT=1572

[22:07:48.351 EBOX]
TS=1786202567.257
V_SENSE5=1.4892578125
V_SENSE9=0.03662109375
V_SENSE12=0.10498046875
ADC_V5=4.98260498046875
ADC_V9=9.41650390625
ADC_V12=11.7529296875
ADC_V28=27.37335205078125
THERMAL_SENS_OUT_1=28
THERMAL_SENS_OUT_2=-50
THERMAL_SENS_OUT_3=25
THERMAL_SENS_OUT_4=31
THERMAL_SENS_OUT_5=33
THERMAL_SENS_OUT_6=-50
THERMAL_SENS_INT_1=27
THERMAL_SENS_INT_2=27
PG_5=1
PG_9=0
PG_12=1
FLT_P2=0
FLT_P3=0
HEAT_1_TEMP=28
HEAT_1_DUTY=0
HEAT_1_SP=-20.0
HEAT_2_TEMP=25
HEAT_2_DUTY=0
HEAT_2_SP=-20.0
HEAT_3_TEMP=31
HEAT_3_DUTY=0
HEAT_3_SP=-20.0
HEAT_4_TEMP=33
HEAT_4_DUTY=0
HEAT_4_SP=-20.0

[22:07:49.864 CUBESAT]
TS=1786204337.391
PG_5=1
PG_9=0
PG_12=0
FLT_P2=0
FLT_P3=0
HEAT_1_TEMP=0.0
HEAT_1_DUTY=0
HEAT_1_SP=-20.0
ENC_RAW=2188
ENC_ANGLE=48.076171875
ENC_ACCUM=902.70263671875
AUTO_STOP=1
MOTOR_ANGLE=0.004941860465116279
MOTOR_ACCUM=822.5630813953488
MOTOR_ROT=1572

[22:07:50.597 EBOX]
TS=1786202569.259
V_SENSE5=1.37451171875
V_SENSE9=0.0390625
V_SENSE12=0.1318359375
ADC_V5=4.96490478515625
ADC_V9=8.96514892578125
ADC_V12=11.8768310546875
ADC_V28=27.293701171875
THERMAL_SENS_OUT_1=28
THERMAL_SENS_OUT_2=-50
THERMAL_SENS_OUT_3=25
THERMAL_SENS_OUT_4=31
THERMAL_SENS_OUT_5=33
THERMAL_SENS_OUT_6=-50
THERMAL_SENS_INT_1=24
THERMAL_SENS_INT_2=30
PG_5=1
PG_9=0
PG_12=1
FLT_P2=0
FLT_P3=0
HEAT_1_TEMP=28
HEAT_1_DUTY=0
HEAT_1_SP=-20.0
HEAT_2_TEMP=25
HEAT_2_DUTY=0
HEAT_2_SP=-20.0
HEAT_3_TEMP=31
HEAT_3_DUTY=0
HEAT_3_SP=-20.0
HEAT_4_TEMP=33
HEAT_4_DUTY=0
HEAT_4_SP=-20.0

[22:07:51.909 CUBESAT]
TS=1786204339.395
PG_5=1
PG_9=0
PG_12=0
FLT_P2=0
FLT_P3=0
HEAT_1_TEMP=0.0
HEAT_1_DUTY=0
HEAT_1_SP=-20.0
ENC_RAW=2187
ENC_ANGLE=48.05419921875
ENC_ACCUM=902.6806640625
AUTO_STOP=1
MOTOR_ANGLE=0.004941860465116279
MOTOR_ACCUM=822.5630813953488
MOTOR_ROT=1572

[22:07:52.334 EBOX]
TS=1786202571.261
V_SENSE5=1.14501953125
V_SENSE9=0.03662109375
V_SENSE12=0.13427734375
ADC_V5=4.87640380859375
ADC_V9=8.85009765625
ADC_V12=11.62017822265625
ADC_V28=27.930908203125
THERMAL_SENS_OUT_1=27
THERMAL_SENS_OUT_2=-50
THERMAL_SENS_OUT_3=26
THERMAL_SENS_OUT_4=31
THERMAL_SENS_OUT_5=36
THERMAL_SENS_OUT_6=-50
THERMAL_SENS_INT_1=24
THERMAL_SENS_INT_2=28
PG_5=1
PG_9=0
PG_12=1
FLT_P2=0
FLT_P3=0
HEAT_1_TEMP=27
HEAT_1_DUTY=0
HEAT_1_SP=-20.0
HEAT_2_TEMP=26
HEAT_2_DUTY=0
HEAT_2_SP=-20.0
HEAT_3_TEMP=31
HEAT_3_DUTY=0
HEAT_3_SP=-20.0
HEAT_4_TEMP=36
HEAT_4_DUTY=0
HEAT_4_SP=-20.0

[22:07:53.846 CUBESAT]
TS=1786204341.398
PG_5=1
PG_9=0
PG_12=0
FLT_P2=0
FLT_P3=0
HEAT_1_TEMP=0.0
HEAT_1_DUTY=0
HEAT_1_SP=-20.0
ENC_RAW=2184
ENC_ANGLE=47.98828125
ENC_ACCUM=902.61474609375
AUTO_STOP=1
MOTOR_ANGLE=0.004941860465116279
MOTOR_ACCUM=822.5630813953488
MOTOR_ROT=1572

[22:07:54.382 EBOX]
TS=1786202573.263
V_SENSE5=1.20849609375
V_SENSE9=0.0341796875
V_SENSE12=0.1318359375
ADC_V5=4.96490478515625
ADC_V9=9.01824951171875
ADC_V12=11.82373046875
ADC_V28=28.214111328125
THERMAL_SENS_OUT_1=28
THERMAL_SENS_OUT_2=-50
THERMAL_SENS_OUT_3=27
THERMAL_SENS_OUT_4=31
THERMAL_SENS_OUT_5=33
THERMAL_SENS_OUT_6=-50
THERMAL_SENS_INT_1=26
THERMAL_SENS_INT_2=32
PG_5=1
PG_9=0
PG_12=1
FLT_P2=0
FLT_P3=0
HEAT_1_TEMP=28
HEAT_1_DUTY=0
HEAT_1_SP=-20.0
HEAT_2_TEMP=27
HEAT_2_DUTY=0
HEAT_2_SP=-20.0
HEAT_3_TEMP=31
HEAT_3_DUTY=0
HEAT_3_SP=-20.0
HEAT_4_TEMP=33
HEAT_4_DUTY=0
HEAT_4_SP=-20.0

[22:07:56.096 CUBESAT]
TS=1786204343.400
PG_5=1
PG_9=0
PG_12=0
FLT_P2=0
FLT_P3=0
HEAT_1_TEMP=0.0
HEAT_1_DUTY=10
HEAT_1_SP=-20.0
ENC_RAW=2189
ENC_ANGLE=48.09814453125
ENC_ACCUM=902.724609375
AUTO_STOP=1
MOTOR_ANGLE=0.004941860465116279
MOTOR_ACCUM=822.5630813953488
MOTOR_ROT=1572

[22:07:56.321 EBOX]
TS=1786202575.265
V_SENSE5=1.09619140625
V_SENSE9=0.04150390625
V_SENSE12=0.1171875
ADC_V5=4.96490478515625
ADC_V9=9.27490234375
ADC_V12=11.79718017578125
ADC_V28=27.24945068359375
THERMAL_SENS_OUT_1=27
THERMAL_SENS_OUT_2=-50
THERMAL_SENS_OUT_3=26
THERMAL_SENS_OUT_4=32
THERMAL_SENS_OUT_5=34
THERMAL_SENS_OUT_6=-50
THERMAL_SENS_INT_1=25
THERMAL_SENS_INT_2=31
PG_5=1
PG_9=0
PG_12=1
FLT_P2=0
FLT_P3=0
HEAT_1_TEMP=27
HEAT_1_DUTY=0
HEAT_1_SP=-20.0
HEAT_2_TEMP=26
HEAT_2_DUTY=0
HEAT_2_SP=-20.0
HEAT_3_TEMP=32
HEAT_3_DUTY=0
HEAT_3_SP=-20.0
HEAT_4_TEMP=34
HEAT_4_DUTY=0
HEAT_4_SP=-20.0

[22:07:57.936 CUBESAT]
TS=1786204345.409
PG_5=1
PG_9=0
PG_12=0
FLT_P2=0
FLT_P3=0
HEAT_1_TEMP=0.0
HEAT_1_DUTY=0
HEAT_1_SP=-20.0
ENC_RAW=2187
ENC_ANGLE=48.05419921875
ENC_ACCUM=902.6806640625
AUTO_STOP=1
MOTOR_ANGLE=0.004941860465116279
MOTOR_ACCUM=822.5630813953488
MOTOR_ROT=1572

[22:07:58.660 EBOX]
TS=1786202577.276
V_SENSE5=1.0791015625
V_SENSE9=0.05126953125
V_SENSE12=0.1416015625
ADC_V5=4.87640380859375
ADC_V9=9.37225341796875
ADC_V12=11.81488037109375
ADC_V28=27.85125732421875
THERMAL_SENS_OUT_1=34
THERMAL_SENS_OUT_2=-50
THERMAL_SENS_OUT_3=26
THERMAL_SENS_OUT_4=29
THERMAL_SENS_OUT_5=36
THERMAL_SENS_OUT_6=-50
THERMAL_SENS_INT_1=27
THERMAL_SENS_INT_2=28
PG_5=1
PG_9=0
PG_12=1
FLT_P2=0
FLT_P3=0
HEAT_1_TEMP=34
HEAT_1_DUTY=0
HEAT_1_SP=-20.0
HEAT_2_TEMP=26
HEAT_2_DUTY=0
HEAT_2_SP=-20.0
HEAT_3_TEMP=29
HEAT_3_DUTY=0
HEAT_3_SP=-20.0
HEAT_4_TEMP=36
HEAT_4_DUTY=0
HEAT_4_SP=-20.0

[22:07:59.872 CUBESAT]
TS=1786204347.412
PG_5=1
PG_9=0
PG_12=0
FLT_P2=0
FLT_P3=0
HEAT_1_TEMP=0.0
HEAT_1_DUTY=0
HEAT_1_SP=-20.0
ENC_RAW=2187
ENC_ANGLE=48.05419921875
ENC_ACCUM=902.6806640625
AUTO_STOP=1
MOTOR_ANGLE=0.004941860465116279
MOTOR_ACCUM=822.5630813953488
MOTOR_ROT=1572

[22:08:00.402 EBOX]
TS=1786202579.268
V_SENSE5=1.16455078125
V_SENSE9=0.03662109375
V_SENSE12=0.1025390625
ADC_V5=4.9737548828125
ADC_V9=9.33685302734375
ADC_V12=11.54052734375
ADC_V28=27.8955078125
THERMAL_SENS_OUT_1=32
THERMAL_SENS_OUT_2=-50
THERMAL_SENS_OUT_3=29
THERMAL_SENS_OUT_4=32
THERMAL_SENS_OUT_5=34
THERMAL_SENS_OUT_6=-50
THERMAL_SENS_INT_1=29
THERMAL_SENS_INT_2=27
PG_5=1
PG_9=0
PG_12=1
FLT_P2=0
FLT_P3=0
HEAT_1_TEMP=32
HEAT_1_DUTY=0
HEAT_1_SP=-20.0
HEAT_2_TEMP=29
HEAT_2_DUTY=0
HEAT_2_SP=-20.0
HEAT_3_TEMP=32
HEAT_3_DUTY=0
HEAT_3_SP=-20.0
HEAT_4_TEMP=34
HEAT_4_DUTY=0
HEAT_4_SP=-20.0

[22:08:01.917 CUBESAT]
TS=1786204349.418
PG_5=1
PG_9=0
PG_12=0
FLT_P2=0
FLT_P3=0
HEAT_1_TEMP=0.0
HEAT_1_DUTY=0
HEAT_1_SP=-20.0
ENC_RAW=2188
ENC_ANGLE=48.076171875
ENC_ACCUM=902.70263671875
AUTO_STOP=1
MOTOR_ANGLE=0.004941860465116279
MOTOR_ACCUM=822.5630813953488
MOTOR_ROT=1572

[22:08:02.649 EBOX]
TS=1786202581.270
V_SENSE5=1.15234375
V_SENSE9=0.0341796875
V_SENSE12=0.11962890625
ADC_V5=4.96490478515625
ADC_V9=9.10675048828125
ADC_V12=11.54052734375
ADC_V28=27.88665771484375
THERMAL_SENS_OUT_1=29
THERMAL_SENS_OUT_2=-50
THERMAL_SENS_OUT_3=28
THERMAL_SENS_OUT_4=32
THERMAL_SENS_OUT_5=36
THERMAL_SENS_OUT_6=-50
THERMAL_SENS_INT_1=25
THERMAL_SENS_INT_2=31
PG_5=1
PG_9=0
PG_12=1
FLT_P2=0
FLT_P3=0
HEAT_1_TEMP=29
HEAT_1_DUTY=0
HEAT_1_SP=-20.0
HEAT_2_TEMP=28
HEAT_2_DUTY=0
HEAT_2_SP=-20.0
HEAT_3_TEMP=32
HEAT_3_DUTY=0
HEAT_3_SP=-20.0
HEAT_4_TEMP=36
HEAT_4_DUTY=0
HEAT_4_SP=-20.0

[22:08:03.862 CUBESAT]
TS=1786204351.420
PG_5=1
PG_9=0
PG_12=0
FLT_P2=0
FLT_P3=0
HEAT_1_TEMP=0.0
HEAT_1_DUTY=0
HEAT_1_SP=-20.0
ENC_RAW=2184
ENC_ANGLE=47.98828125
ENC_ACCUM=902.61474609375
AUTO_STOP=1
MOTOR_ANGLE=0.004941860465116279
MOTOR_ACCUM=822.5630813953488
MOTOR_ROT=1572

[22:08:04.397 EBOX]
TS=1786202583.273
V_SENSE5=1.142578125
V_SENSE9=0.05615234375
V_SENSE12=0.0927734375
ADC_V5=4.84100341796875
ADC_V9=9.0447998046875
ADC_V12=11.7529296875
ADC_V28=27.860107421875
THERMAL_SENS_OUT_1=31
THERMAL_SENS_OUT_2=-50
THERMAL_SENS_OUT_3=25
THERMAL_SENS_OUT_4=30
THERMAL_SENS_OUT_5=38
THERMAL_SENS_OUT_6=-50
THERMAL_SENS_INT_1=25
THERMAL_SENS_INT_2=28
PG_5=1
PG_9=0
PG_12=1
FLT_P2=0
FLT_P3=0
HEAT_1_TEMP=31
HEAT_1_DUTY=0
HEAT_1_SP=-20.0
HEAT_2_TEMP=25
HEAT_2_DUTY=0
HEAT_2_SP=-20.0
HEAT_3_TEMP=30
HEAT_3_DUTY=0
HEAT_3_SP=-20.0
HEAT_4_TEMP=38
HEAT_4_DUTY=0
HEAT_4_SP=-20.0

[22:08:05.910 CUBESAT]
TS=1786204353.425
PG_5=1
PG_9=0
PG_12=0
FLT_P2=0
FLT_P3=0
HEAT_1_TEMP=0.0
HEAT_1_DUTY=10
HEAT_1_SP=-20.0
ENC_RAW=2187
ENC_ANGLE=48.05419921875
ENC_ACCUM=902.6806640625
AUTO_STOP=1
MOTOR_ANGLE=0.004941860465116279
MOTOR_ACCUM=822.5630813953488
MOTOR_ROT=1572

[22:08:06.350 EBOX]
TS=1786202585.274
V_SENSE5=1.14501953125
V_SENSE9=0.0390625
V_SENSE12=0.10009765625
ADC_V5=5.0091552734375
ADC_V9=9.0447998046875
ADC_V12=11.62017822265625
ADC_V28=27.24945068359375
THERMAL_SENS_OUT_1=28
THERMAL_SENS_OUT_2=-50
THERMAL_SENS_OUT_3=24
THERMAL_SENS_OUT_4=28
THERMAL_SENS_OUT_5=34
THERMAL_SENS_OUT_6=-50
THERMAL_SENS_INT_1=29
THERMAL_SENS_INT_2=27
PG_5=1
PG_9=0
PG_12=1
FLT_P2=0
FLT_P3=0
HEAT_1_TEMP=28
HEAT_1_DUTY=0
HEAT_1_SP=-20.0
HEAT_2_TEMP=24
HEAT_2_DUTY=0
HEAT_2_SP=-20.0
HEAT_3_TEMP=28
HEAT_3_DUTY=0
HEAT_3_SP=-20.0
HEAT_4_TEMP=34
HEAT_4_DUTY=0
HEAT_4_SP=-20.0

[22:08:07.865 CUBESAT]
TS=1786204355.431
PG_5=1
PG_9=0
PG_12=0
FLT_P2=0
FLT_P3=0
HEAT_1_TEMP=0.0
HEAT_1_DUTY=0
HEAT_1_SP=-20.0
ENC_RAW=2187
ENC_ANGLE=48.05419921875
ENC_ACCUM=902.6806640625
AUTO_STOP=1
MOTOR_ANGLE=0.004941860465116279
MOTOR_ACCUM=822.5630813953488
MOTOR_ROT=1572

[22:08:08.396 EBOX]
TS=1786202587.292
V_SENSE5=1.1279296875
V_SENSE9=0.0341796875
V_SENSE12=0.10498046875
ADC_V5=5.00030517578125
ADC_V9=9.28375244140625
ADC_V12=11.4874267578125
ADC_V28=28.1964111328125
THERMAL_SENS_OUT_1=26
THERMAL_SENS_OUT_2=-50
THERMAL_SENS_OUT_3=29
THERMAL_SENS_OUT_4=28
THERMAL_SENS_OUT_5=34
THERMAL_SENS_OUT_6=-50
THERMAL_SENS_INT_1=30
THERMAL_SENS_INT_2=27
PG_5=1
PG_9=0
PG_12=1
FLT_P2=0
FLT_P3=0
HEAT_1_TEMP=26
HEAT_1_DUTY=0
HEAT_1_SP=-20.0
HEAT_2_TEMP=29
HEAT_2_DUTY=0
HEAT_2_SP=-20.0
HEAT_3_TEMP=28
HEAT_3_DUTY=0
HEAT_3_SP=-20.0
HEAT_4_TEMP=34
HEAT_4_DUTY=0
HEAT_4_SP=-20.0

[22:08:09.910 CUBESAT]
TS=1786204357.435
PG_5=1
PG_9=0
PG_12=0
FLT_P2=0
FLT_P3=0
HEAT_1_TEMP=0.0
HEAT_1_DUTY=0
HEAT_1_SP=-20.0
ENC_RAW=2187
ENC_ANGLE=48.05419921875
ENC_ACCUM=902.6806640625
AUTO_STOP=1
MOTOR_ANGLE=0.004941860465116279
MOTOR_ACCUM=822.5630813953488
MOTOR_ROT=1572

[22:08:10.344 EBOX]
TS=1786202589.278
V_SENSE5=1.1572265625
V_SENSE9=0.03662109375
V_SENSE12=0.0927734375
ADC_V5=4.9560546875
ADC_V9=9.27490234375
ADC_V12=11.74407958984375
ADC_V28=27.28485107421875
THERMAL_SENS_OUT_1=28
THERMAL_SENS_OUT_2=-50
THERMAL_SENS_OUT_3=26
THERMAL_SENS_OUT_4=30
THERMAL_SENS_OUT_5=33
THERMAL_SENS_OUT_6=-50
THERMAL_SENS_INT_1=29
THERMAL_SENS_INT_2=26
PG_5=1
PG_9=0
PG_12=1
FLT_P2=0
FLT_P3=0
HEAT_1_TEMP=28
HEAT_1_DUTY=0
HEAT_1_SP=-20.0
HEAT_2_TEMP=26
HEAT_2_DUTY=0
HEAT_2_SP=-20.0
HEAT_3_TEMP=30
HEAT_3_DUTY=0
HEAT_3_SP=-20.0
HEAT_4_TEMP=33
HEAT_4_DUTY=0
HEAT_4_SP=-20.0

[22:08:12.159 CUBESAT]
TS=1786204359.438
PG_5=1
PG_9=0
PG_12=0
FLT_P2=0
FLT_P3=0
HEAT_1_TEMP=0.0
HEAT_1_DUTY=0
HEAT_1_SP=-20.0
ENC_RAW=2189
ENC_ANGLE=48.09814453125
ENC_ACCUM=902.724609375
AUTO_STOP=1
MOTOR_ANGLE=0.004941860465116279
MOTOR_ACCUM=822.5630813953488
MOTOR_ROT=1572

[22:08:12.401 EBOX]
TS=1786202591.281
V_SENSE5=1.1328125
V_SENSE9=0.0390625
V_SENSE12=0.1025390625
ADC_V5=4.9029541015625
ADC_V9=9.53155517578125
ADC_V12=11.6998291015625
ADC_V28=27.6654052734375
THERMAL_SENS_OUT_1=32
THERMAL_SENS_OUT_2=-50
THERMAL_SENS_OUT_3=23
THERMAL_SENS_OUT_4=31
THERMAL_SENS_OUT_5=35
THERMAL_SENS_OUT_6=-50
THERMAL_SENS_INT_1=29
THERMAL_SENS_INT_2=29
PG_5=1
PG_9=0
PG_12=1
FLT_P2=0
FLT_P3=0
HEAT_1_TEMP=32
HEAT_1_DUTY=0
HEAT_1_SP=-20.0
HEAT_2_TEMP=23
HEAT_2_DUTY=0
HEAT_2_SP=-20.0
HEAT_3_TEMP=31
HEAT_3_DUTY=0
HEAT_3_SP=-20.0
HEAT_4_TEMP=35
HEAT_4_DUTY=0
HEAT_4_SP=-20.0

[22:08:13.916 CUBESAT]
TS=1786204361.442
PG_5=1
PG_9=0
PG_12=0
FLT_P2=0
FLT_P3=0
HEAT_1_TEMP=0.0
HEAT_1_DUTY=0
HEAT_1_SP=-20.0
ENC_RAW=2189
ENC_ANGLE=48.09814453125
ENC_ACCUM=902.724609375
AUTO_STOP=1
MOTOR_ANGLE=0.004941860465116279
MOTOR_ACCUM=822.5630813953488
MOTOR_ROT=1572

[22:08:14.638 EBOX]
TS=1786202593.282
V_SENSE5=1.14501953125
V_SENSE9=0.03662109375
V_SENSE12=0.10009765625
ADC_V5=4.9737548828125
ADC_V9=9.1864013671875
ADC_V12=11.9476318359375
ADC_V28=27.76275634765625
THERMAL_SENS_OUT_1=28
THERMAL_SENS_OUT_2=-50
THERMAL_SENS_OUT_3=29
THERMAL_SENS_OUT_4=27
THERMAL_SENS_OUT_5=37
THERMAL_SENS_OUT_6=-50
THERMAL_SENS_INT_1=29
THERMAL_SENS_INT_2=27
PG_5=1
PG_9=0
PG_12=1
FLT_P2=0
FLT_P3=0
HEAT_1_TEMP=28
HEAT_1_DUTY=0
HEAT_1_SP=-20.0
HEAT_2_TEMP=29
HEAT_2_DUTY=0
HEAT_2_SP=-20.0
HEAT_3_TEMP=27
HEAT_3_DUTY=0
HEAT_3_SP=-20.0
HEAT_4_TEMP=37
HEAT_4_DUTY=0
HEAT_4_SP=-20.0

[22:08:15.949 CUBESAT]
TS=1786204363.445
PG_5=1
PG_9=0
PG_12=0
FLT_P2=0
FLT_P3=0
HEAT_1_TEMP=0.0
HEAT_1_DUTY=0
HEAT_1_SP=-20.0
ENC_RAW=2188
ENC_ANGLE=48.076171875
ENC_ACCUM=902.70263671875
AUTO_STOP=1
MOTOR_ANGLE=0.004941860465116279
MOTOR_ACCUM=822.5630813953488
MOTOR_ROT=1572

[22:08:16.680 EBOX]
TS=1786202595.284
V_SENSE5=1.162109375
V_SENSE9=0.03662109375
V_SENSE12=0.10009765625
ADC_V5=5.0091552734375
ADC_V9=9.2926025390625
ADC_V12=11.6290283203125
ADC_V28=27.30255126953125
THERMAL_SENS_OUT_1=27
THERMAL_SENS_OUT_2=-50
THERMAL_SENS_OUT_3=30
THERMAL_SENS_OUT_4=27
THERMAL_SENS_OUT_5=34
THERMAL_SENS_OUT_6=-50
THERMAL_SENS_INT_1=25
THERMAL_SENS_INT_2=28
PG_5=1
PG_9=0
PG_12=1
FLT_P2=0
FLT_P3=0
HEAT_1_TEMP=27
HEAT_1_DUTY=0
HEAT_1_SP=-20.0
HEAT_2_TEMP=30
HEAT_2_DUTY=0
HEAT_2_SP=-20.0
HEAT_3_TEMP=27
HEAT_3_DUTY=0
HEAT_3_SP=-20.0
HEAT_4_TEMP=34
HEAT_4_DUTY=0
HEAT_4_SP=-20.0

[22:08:18.196 CUBESAT]
TS=1786204365.447
PG_5=1
PG_9=0
PG_12=0
FLT_P2=0
FLT_P3=0
HEAT_1_TEMP=0.0
HEAT_1_DUTY=0
HEAT_1_SP=-20.0
ENC_RAW=2188
ENC_ANGLE=48.076171875
ENC_ACCUM=902.70263671875
AUTO_STOP=1
MOTOR_ANGLE=0.004941860465116279
MOTOR_ACCUM=822.5630813953488
MOTOR_ROT=1572

[22:08:18.424 EBOX]
TS=1786202597.285
V_SENSE5=1.13037109375
V_SENSE9=0.06103515625
V_SENSE12=0.0927734375
ADC_V5=4.849853515625
ADC_V9=9.21295166015625
ADC_V12=11.5936279296875
ADC_V28=28.04595947265625
THERMAL_SENS_OUT_1=32
THERMAL_SENS_OUT_2=-50
THERMAL_SENS_OUT_3=24
THERMAL_SENS_OUT_4=29
THERMAL_SENS_OUT_5=34
THERMAL_SENS_OUT_6=-50
THERMAL_SENS_INT_1=28
THERMAL_SENS_INT_2=26
PG_5=1
PG_9=0
PG_12=1
FLT_P2=0
FLT_P3=0
HEAT_1_TEMP=32
HEAT_1_DUTY=0
HEAT_1_SP=-20.0
HEAT_2_TEMP=24
HEAT_2_DUTY=0
HEAT_2_SP=-20.0
HEAT_3_TEMP=29
HEAT_3_DUTY=0
HEAT_3_SP=-20.0
HEAT_4_TEMP=34
HEAT_4_DUTY=0
HEAT_4_SP=-20.0

[22:08:19.941 CUBESAT]
TS=1786204367.455
PG_5=1
PG_9=0
PG_12=0
FLT_P2=0
FLT_P3=0
HEAT_1_TEMP=0.0
HEAT_1_DUTY=0
HEAT_1_SP=-20.0
ENC_RAW=2188
ENC_ANGLE=48.076171875
ENC_ACCUM=902.70263671875
AUTO_STOP=1
MOTOR_ANGLE=0.004941860465116279
MOTOR_ACCUM=822.5630813953488
MOTOR_ROT=1572

[22:08:20.360 EBOX]
TS=1786202599.287
V_SENSE5=1.16455078125
V_SENSE9=0.03662109375
V_SENSE12=0.1025390625
ADC_V5=4.849853515625
ADC_V9=9.14215087890625
ADC_V12=11.54937744140625
ADC_V28=27.88665771484375
THERMAL_SENS_OUT_1=32
THERMAL_SENS_OUT_2=-50
THERMAL_SENS_OUT_3=30
THERMAL_SENS_OUT_4=28
THERMAL_SENS_OUT_5=36
THERMAL_SENS_OUT_6=-50
THERMAL_SENS_INT_1=30
THERMAL_SENS_INT_2=29
PG_5=1
PG_9=0
PG_12=1
FLT_P2=0
FLT_P3=0
HEAT_1_TEMP=32
HEAT_1_DUTY=0
HEAT_1_SP=-20.0
HEAT_2_TEMP=30
HEAT_2_DUTY=0
HEAT_2_SP=-20.0
HEAT_3_TEMP=28
HEAT_3_DUTY=0
HEAT_3_SP=-20.0
HEAT_4_TEMP=36
HEAT_4_DUTY=0
HEAT_4_SP=-20.0

[22:08:22.816 CUBESAT]
TS=1786204369.459
PG_5=1
PG_9=0
PG_12=0
FLT_P2=0
FLT_P3=0
HEAT_1_TEMP=0.0
HEAT_1_DUTY=10
HEAT_1_SP=-20.0
ENC_RAW=2185
ENC_ANGLE=48.01025390625
ENC_ACCUM=902.63671875
AUTO_STOP=1
MOTOR_ANGLE=0.004941860465116279
MOTOR_ACCUM=822.5630813953488
MOTOR_ROT=1572

[22:08:23.051 EBOX]
TS=1786202601.289
V_SENSE5=1.14990234375
V_SENSE9=0.0341796875
V_SENSE12=0.12451171875
ADC_V5=4.9560546875
ADC_V9=8.779296875
ADC_V12=11.7529296875
ADC_V28=27.7716064453125
THERMAL_SENS_OUT_1=28
THERMAL_SENS_OUT_2=-50
THERMAL_SENS_OUT_3=24
THERMAL_SENS_OUT_4=30
THERMAL_SENS_OUT_5=33
THERMAL_SENS_OUT_6=-50
THERMAL_SENS_INT_1=27
THERMAL_SENS_INT_2=30
PG_5=1
PG_9=0
PG_12=1
FLT_P2=0
FLT_P3=0
HEAT_1_TEMP=28
HEAT_1_DUTY=0
HEAT_1_SP=-20.0
HEAT_2_TEMP=24
HEAT_2_DUTY=0
HEAT_2_SP=-20.0
HEAT_3_TEMP=30
HEAT_3_DUTY=0
HEAT_3_SP=-20.0
HEAT_4_TEMP=33
HEAT_4_DUTY=0
HEAT_4_SP=-20.0

[22:08:24.389 EBOX]
TS=1786202603.292
V_SENSE5=1.123046875
V_SENSE9=0.03662109375
V_SENSE12=0.10009765625
ADC_V5=4.991455078125
ADC_V9=9.345703125
ADC_V12=11.93878173828125
ADC_V28=27.8070068359375
THERMAL_SENS_OUT_1=28
THERMAL_SENS_OUT_2=-50
THERMAL_SENS_OUT_3=29
THERMAL_SENS_OUT_4=27
THERMAL_SENS_OUT_5=38
THERMAL_SENS_OUT_6=-50
THERMAL_SENS_INT_1=27
THERMAL_SENS_INT_2=28
PG_5=1
PG_9=0
PG_12=1
FLT_P2=0
FLT_P3=0
HEAT_1_TEMP=28
HEAT_1_DUTY=0
HEAT_1_SP=-20.0
HEAT_2_TEMP=29
HEAT_2_DUTY=0
HEAT_2_SP=-20.0
HEAT_3_TEMP=27
HEAT_3_DUTY=0
HEAT_3_SP=-20.0
HEAT_4_TEMP=38
HEAT_4_DUTY=0
HEAT_4_SP=-20.0

[22:08:25.600 CUBESAT]
TS=1786204371.462
PG_5=1
PG_9=0
PG_12=0
FLT_P2=0
FLT_P3=0
HEAT_1_TEMP=0.0
HEAT_1_DUTY=0
HEAT_1_SP=-20.0
ENC_RAW=2188
ENC_ANGLE=48.076171875
ENC_ACCUM=902.70263671875
AUTO_STOP=1
MOTOR_ANGLE=0.004941860465116279
MOTOR_ACCUM=822.5630813953488
MOTOR_ROT=1572

[22:08:26.422 EBOX]
TS=1786202605.291
V_SENSE5=1.48193359375
V_SENSE9=0.0341796875
V_SENSE12=0.107421875
ADC_V5=4.85870361328125
ADC_V9=9.451904296875
ADC_V12=11.4874267578125
ADC_V28=27.647705078125
THERMAL_SENS_OUT_1=28
THERMAL_SENS_OUT_2=-50
THERMAL_SENS_OUT_3=25
THERMAL_SENS_OUT_4=29
THERMAL_SENS_OUT_5=33
THERMAL_SENS_OUT_6=-50
THERMAL_SENS_INT_1=26
THERMAL_SENS_INT_2=31
PG_5=1
PG_9=0
PG_12=1
FLT_P2=0
FLT_P3=0
HEAT_1_TEMP=28
HEAT_1_DUTY=0
HEAT_1_SP=-20.0
HEAT_2_TEMP=25
HEAT_2_DUTY=0
HEAT_2_SP=-20.0
HEAT_3_TEMP=29
HEAT_3_DUTY=0
HEAT_3_SP=-20.0
HEAT_4_TEMP=33
HEAT_4_DUTY=0
HEAT_4_SP=-20.0

[22:08:26.627 CUBESAT]
TS=1786204373.465
PG_5=1
PG_9=0
PG_12=0
FLT_P2=0
FLT_P3=0
HEAT_1_TEMP=0.0
HEAT_1_DUTY=0
HEAT_1_SP=-20.0
ENC_RAW=2187
ENC_ANGLE=48.05419921875
ENC_ACCUM=902.6806640625
AUTO_STOP=1
MOTOR_ANGLE=0.004941860465116279
MOTOR_ACCUM=822.5630813953488
MOTOR_ROT=1572

[22:08:27.938 CUBESAT]
TS=1786204375.468
PG_5=1
PG_9=0
PG_12=0
FLT_P2=0
FLT_P3=0
HEAT_1_TEMP=0.0
HEAT_1_DUTY=0
HEAT_1_SP=-20.0
ENC_RAW=2188
ENC_ANGLE=48.076171875
ENC_ACCUM=902.70263671875
AUTO_STOP=1
MOTOR_ANGLE=0.004941860465116279
MOTOR_ACCUM=822.5630813953488
MOTOR_ROT=1572

[22:08:28.366 EBOX]
TS=1786202607.306
V_SENSE5=1.650390625
V_SENSE9=0.0390625
V_SENSE12=0.1025390625
ADC_V5=4.8321533203125
ADC_V9=9.2041015625
ADC_V12=11.4697265625
ADC_V28=27.01934814453125
THERMAL_SENS_OUT_1=27
THERMAL_SENS_OUT_2=-50
THERMAL_SENS_OUT_3=25
THERMAL_SENS_OUT_4=28
THERMAL_SENS_OUT_5=37
THERMAL_SENS_OUT_6=-50
THERMAL_SENS_INT_1=28
THERMAL_SENS_INT_2=28
PG_5=1
PG_9=0
PG_12=1
FLT_P2=0
FLT_P3=0
HEAT_1_TEMP=27
HEAT_1_DUTY=0
HEAT_1_SP=-20.0
HEAT_2_TEMP=25
HEAT_2_DUTY=0
HEAT_2_SP=-20.0
HEAT_3_TEMP=28
HEAT_3_DUTY=0
HEAT_3_SP=-20.0
HEAT_4_TEMP=37
HEAT_4_DUTY=0
HEAT_4_SP=-20.0

[22:08:29.980 CUBESAT]
TS=1786204377.471
PG_5=1
PG_9=0
PG_12=0
FLT_P2=0
FLT_P3=0
HEAT_1_TEMP=0.0
HEAT_1_DUTY=0
HEAT_1_SP=-20.0
ENC_RAW=2187
ENC_ANGLE=48.05419921875
ENC_ACCUM=902.6806640625
AUTO_STOP=1
MOTOR_ANGLE=0.004941860465116279
MOTOR_ACCUM=822.5630813953488
MOTOR_ROT=1572

[22:08:30.405 EBOX]
TS=1786202609.296
V_SENSE5=1.16455078125
V_SENSE9=0.05615234375
V_SENSE12=0.12939453125
ADC_V5=4.991455078125
ADC_V9=9.0625
ADC_V12=11.9122314453125
ADC_V28=28.1256103515625
THERMAL_SENS_OUT_1=31
THERMAL_SENS_OUT_2=-50
THERMAL_SENS_OUT_3=25
THERMAL_SENS_OUT_4=28
THERMAL_SENS_OUT_5=36
THERMAL_SENS_OUT_6=-50
THERMAL_SENS_INT_1=30
THERMAL_SENS_INT_2=28
PG_5=1
PG_9=0
PG_12=1
FLT_P2=0
FLT_P3=0
HEAT_1_TEMP=31
HEAT_1_DUTY=0
HEAT_1_SP=-20.0
HEAT_2_TEMP=25
HEAT_2_DUTY=0
HEAT_2_SP=-20.0
HEAT_3_TEMP=28
HEAT_3_DUTY=0
HEAT_3_SP=-20.0
HEAT_4_TEMP=36
HEAT_4_DUTY=0
HEAT_4_SP=-20.0

[22:08:31.919 CUBESAT]
TS=1786204379.475
PG_5=1
PG_9=0
PG_12=0
FLT_P2=0
FLT_P3=0
HEAT_1_TEMP=0.0
HEAT_1_DUTY=10
HEAT_1_SP=-20.0
ENC_RAW=2188
ENC_ANGLE=48.076171875
ENC_ACCUM=902.70263671875
AUTO_STOP=1
MOTOR_ANGLE=0.004941860465116279
MOTOR_ACCUM=822.5630813953488
MOTOR_ROT=1572

[22:08:32.354 EBOX]
TS=1786202611.305
V_SENSE5=1.1572265625
V_SENSE9=0.03662109375
V_SENSE12=0.1025390625
ADC_V5=4.8675537109375
ADC_V9=9.5404052734375
ADC_V12=11.859130859375
ADC_V28=27.39105224609375
THERMAL_SENS_OUT_1=29
THERMAL_SENS_OUT_2=-50
THERMAL_SENS_OUT_3=25
THERMAL_SENS_OUT_4=32
THERMAL_SENS_OUT_5=35
THERMAL_SENS_OUT_6=-50
THERMAL_SENS_INT_1=29
THERMAL_SENS_INT_2=25
PG_5=1
PG_9=0
PG_12=1
FLT_P2=0
FLT_P3=0
HEAT_1_TEMP=29
HEAT_1_DUTY=0
HEAT_1_SP=-20.0
HEAT_2_TEMP=25
HEAT_2_DUTY=0
HEAT_2_SP=-20.0
HEAT_3_TEMP=32
HEAT_3_DUTY=0
HEAT_3_SP=-20.0
HEAT_4_TEMP=35
HEAT_4_DUTY=0
HEAT_4_SP=-20.0

[22:08:33.970 CUBESAT]
TS=1786204381.478
PG_5=1
PG_9=0
PG_12=0
FLT_P2=0
FLT_P3=0
HEAT_1_TEMP=0.0
HEAT_1_DUTY=0
HEAT_1_SP=-20.0
ENC_RAW=2189
ENC_ANGLE=48.09814453125
ENC_ACCUM=902.724609375
AUTO_STOP=1
MOTOR_ANGLE=0.004941860465116279
MOTOR_ACCUM=822.5630813953488
MOTOR_ROT=1572

[22:08:34.393 EBOX]
TS=1786202613.299
V_SENSE5=1.2548828125
V_SENSE9=0.0390625
V_SENSE12=0.09765625
ADC_V5=4.98260498046875
ADC_V9=9.2572021484375
ADC_V12=11.54052734375
ADC_V28=27.62115478515625
THERMAL_SENS_OUT_1=28
THERMAL_SENS_OUT_2=-50
THERMAL_SENS_OUT_3=30
THERMAL_SENS_OUT_4=26
THERMAL_SENS_OUT_5=36
THERMAL_SENS_OUT_6=-50
THERMAL_SENS_INT_1=27
THERMAL_SENS_INT_2=28
PG_5=1
PG_9=0
PG_12=1
FLT_P2=0
FLT_P3=0
HEAT_1_TEMP=28
HEAT_1_DUTY=0
HEAT_1_SP=-20.0
HEAT_2_TEMP=30
HEAT_2_DUTY=0
HEAT_2_SP=-20.0
HEAT_3_TEMP=26
HEAT_3_DUTY=0
HEAT_3_SP=-20.0
HEAT_4_TEMP=36
HEAT_4_DUTY=0
HEAT_4_SP=-20.0

[22:08:36.108 CUBESAT]
TS=1786204383.480
PG_5=1
PG_9=0
PG_12=0
FLT_P2=0
FLT_P3=0
HEAT_1_TEMP=0.0
HEAT_1_DUTY=0
HEAT_1_SP=-20.0
ENC_RAW=2188
ENC_ANGLE=48.076171875
ENC_ACCUM=902.70263671875
AUTO_STOP=1
MOTOR_ANGLE=0.004941860465116279
MOTOR_ACCUM=822.5630813953488
MOTOR_ROT=1572

[22:08:36.839 EBOX]
TS=1786202615.312
V_SENSE5=1.1572265625
V_SENSE9=0.03662109375
V_SENSE12=0.1025390625
ADC_V5=5.0091552734375
ADC_V9=9.168701171875
ADC_V12=11.79718017578125
ADC_V28=27.97515869140625
THERMAL_SENS_OUT_1=29
THERMAL_SENS_OUT_2=-50
THERMAL_SENS_OUT_3=24
THERMAL_SENS_OUT_4=29
THERMAL_SENS_OUT_5=34
THERMAL_SENS_OUT_6=-50
THERMAL_SENS_INT_1=24
THERMAL_SENS_INT_2=32
PG_5=1
PG_9=0
PG_12=1
FLT_P2=0
FLT_P3=0
HEAT_1_TEMP=29
HEAT_1_DUTY=0
HEAT_1_SP=-20.0
HEAT_2_TEMP=24
HEAT_2_DUTY=0
HEAT_2_SP=-20.0
HEAT_3_TEMP=29
HEAT_3_DUTY=0
HEAT_3_SP=-20.0
HEAT_4_TEMP=34
HEAT_4_DUTY=0
HEAT_4_SP=-20.0

[22:08:37.949 CUBESAT]
TS=1786204385.483
PG_5=1
PG_9=0
PG_12=0
FLT_P2=0
FLT_P3=0
HEAT_1_TEMP=0.0
HEAT_1_DUTY=0
HEAT_1_SP=-20.0
ENC_RAW=2190
ENC_ANGLE=48.1201171875
ENC_ACCUM=902.74658203125
AUTO_STOP=1
MOTOR_ANGLE=0.004941860465116279
MOTOR_ACCUM=822.5630813953488
MOTOR_ROT=1572

[22:08:38.376 EBOX]
TS=1786202617.304
V_SENSE5=1.26220703125
V_SENSE9=0.03662109375
V_SENSE12=0.1025390625
ADC_V5=5.00030517578125
ADC_V9=8.96514892578125
ADC_V12=11.9122314453125
ADC_V28=27.44415283203125
THERMAL_SENS_OUT_1=28
THERMAL_SENS_OUT_2=-50
THERMAL_SENS_OUT_3=26
THERMAL_SENS_OUT_4=29
THERMAL_SENS_OUT_5=33
THERMAL_SENS_OUT_6=-50
THERMAL_SENS_INT_1=24
THERMAL_SENS_INT_2=30
PG_5=1
PG_9=0
PG_12=1
FLT_P2=0
FLT_P3=0
HEAT_1_TEMP=28
HEAT_1_DUTY=0
HEAT_1_SP=-20.0
HEAT_2_TEMP=26
HEAT_2_DUTY=0
HEAT_2_SP=-20.0
HEAT_3_TEMP=29
HEAT_3_DUTY=0
HEAT_3_SP=-20.0
HEAT_4_TEMP=33
HEAT_4_DUTY=0
HEAT_4_SP=-20.0

[22:08:39.990 CUBESAT]
TS=1786204387.488
PG_5=1
PG_9=0
PG_12=0
FLT_P2=0
FLT_P3=0
HEAT_1_TEMP=0.0
HEAT_1_DUTY=0
HEAT_1_SP=-20.0
ENC_RAW=2188
ENC_ANGLE=48.076171875
ENC_ACCUM=902.70263671875
AUTO_STOP=1
MOTOR_ANGLE=0.004941860465116279
MOTOR_ACCUM=822.5630813953488
MOTOR_ROT=1572

[22:08:40.415 EBOX]
TS=1786202619.305
V_SENSE5=1.14013671875
V_SENSE9=0.0341796875
V_SENSE12=0.12451171875
ADC_V5=4.920654296875
ADC_V9=8.7969970703125
ADC_V12=11.5936279296875
ADC_V28=27.93975830078125
THERMAL_SENS_OUT_1=32
THERMAL_SENS_OUT_2=-50
THERMAL_SENS_OUT_3=30
THERMAL_SENS_OUT_4=29
THERMAL_SENS_OUT_5=33
THERMAL_SENS_OUT_6=-50
THERMAL_SENS_INT_1=27
THERMAL_SENS_INT_2=27
PG_5=1
PG_9=0
PG_12=1
FLT_P2=0
FLT_P3=0
HEAT_1_TEMP=32
HEAT_1_DUTY=0
HEAT_1_SP=-20.0
HEAT_2_TEMP=30
HEAT_2_DUTY=0
HEAT_2_SP=-20.0
HEAT_3_TEMP=29
HEAT_3_DUTY=0
HEAT_3_SP=-20.0
HEAT_4_TEMP=33
HEAT_4_DUTY=0
HEAT_4_SP=-20.0

[22:08:41.928 CUBESAT]
TS=1786204389.492
PG_5=1
PG_9=0
PG_12=0
FLT_P2=0
FLT_P3=0
HEAT_1_TEMP=0.0
HEAT_1_DUTY=0
HEAT_1_SP=-20.0
ENC_RAW=2187
ENC_ANGLE=48.05419921875
ENC_ACCUM=902.6806640625
AUTO_STOP=1
MOTOR_ANGLE=0.004941860465116279
MOTOR_ACCUM=822.5630813953488
MOTOR_ROT=1572

[22:08:42.504 EBOX]
TS=1786202621.308
V_SENSE5=1.25244140625
V_SENSE9=0.0390625
V_SENSE12=0.1025390625
ADC_V5=4.9029541015625
ADC_V9=9.62890625
ADC_V12=11.7529296875
ADC_V28=27.4884033203125
THERMAL_SENS_OUT_1=26
THERMAL_SENS_OUT_2=-50
THERMAL_SENS_OUT_3=30
THERMAL_SENS_OUT_4=29
THERMAL_SENS_OUT_5=39
THERMAL_SENS_OUT_6=-50
THERMAL_SENS_INT_1=29
THERMAL_SENS_INT_2=27
PG_5=1
PG_9=0
PG_12=1
FLT_P2=0
FLT_P3=0
HEAT_1_TEMP=26
HEAT_1_DUTY=0
HEAT_1_SP=-20.0
HEAT_2_TEMP=30
HEAT_2_DUTY=0
HEAT_2_SP=-20.0
HEAT_3_TEMP=29
HEAT_3_DUTY=0
HEAT_3_SP=-20.0
HEAT_4_TEMP=39
HEAT_4_DUTY=0
HEAT_4_SP=-20.0

[22:08:44.018 CUBESAT]
TS=1786204391.499
PG_5=1
PG_9=0
PG_12=0
FLT_P2=0
FLT_P3=0
HEAT_1_TEMP=0.0
HEAT_1_DUTY=0
HEAT_1_SP=-20.0
ENC_RAW=2187
ENC_ANGLE=48.05419921875
ENC_ACCUM=902.6806640625
AUTO_STOP=1
MOTOR_ANGLE=0.004941860465116279
MOTOR_ACCUM=822.5630813953488
MOTOR_ROT=1572

[22:08:44.542 EBOX]
TS=1786202623.311
V_SENSE5=1.23779296875
V_SENSE9=0.11474609375
V_SENSE12=0.1025390625
ADC_V5=4.920654296875
ADC_V9=9.451904296875
ADC_V12=11.67327880859375
ADC_V28=27.42645263671875
THERMAL_SENS_OUT_1=26
THERMAL_SENS_OUT_2=-50
THERMAL_SENS_OUT_3=26
THERMAL_SENS_OUT_4=29
THERMAL_SENS_OUT_5=33
THERMAL_SENS_OUT_6=-50
THERMAL_SENS_INT_1=29
THERMAL_SENS_INT_2=26
PG_5=1
PG_9=0
PG_12=1
FLT_P2=0
FLT_P3=0
HEAT_1_TEMP=26
HEAT_1_DUTY=0
HEAT_1_SP=-20.0
HEAT_2_TEMP=26
HEAT_2_DUTY=0
HEAT_2_SP=-20.0
HEAT_3_TEMP=29
HEAT_3_DUTY=0
HEAT_3_SP=-20.0
HEAT_4_TEMP=33
HEAT_4_DUTY=0
HEAT_4_SP=-20.0

[22:08:46.384 EBOX]
TS=1786202625.311
V_SENSE5=1.171875
V_SENSE9=0.03662109375
V_SENSE12=0.1220703125
ADC_V5=4.991455078125
ADC_V9=9.40765380859375
ADC_V12=11.65557861328125
ADC_V28=28.214111328125
THERMAL_SENS_OUT_1=29
THERMAL_SENS_OUT_2=-50
THERMAL_SENS_OUT_3=30
THERMAL_SENS_OUT_4=27
THERMAL_SENS_OUT_5=38
THERMAL_SENS_OUT_6=-50
THERMAL_SENS_INT_1=30
THERMAL_SENS_INT_2=27
PG_5=1
PG_9=0
PG_12=1
FLT_P2=0
FLT_P3=0
HEAT_1_TEMP=29
HEAT_1_DUTY=0
HEAT_1_SP=-20.0
HEAT_2_TEMP=30
HEAT_2_DUTY=0
HEAT_2_SP=-20.0
HEAT_3_TEMP=27
HEAT_3_DUTY=0
HEAT_3_SP=-20.0
HEAT_4_TEMP=38
HEAT_4_DUTY=0
HEAT_4_SP=-20.0

[22:08:46.387 CUBESAT]
TS=1786204393.502
PG_5=1
PG_9=0
PG_12=0
FLT_P2=0
FLT_P3=0
HEAT_1_TEMP=0.0
HEAT_1_DUTY=0
HEAT_1_SP=-20.0
ENC_RAW=2187
ENC_ANGLE=48.05419921875
ENC_ACCUM=902.6806640625
AUTO_STOP=1
MOTOR_ANGLE=0.004941860465116279
MOTOR_ACCUM=822.5630813953488
MOTOR_ROT=1572

[22:08:48.000 CUBESAT]
TS=1786204395.506
PG_5=1
PG_9=0
PG_12=0
FLT_P2=0
FLT_P3=0
HEAT_1_TEMP=0.0
HEAT_1_DUTY=10
HEAT_1_SP=-20.0
ENC_RAW=2186
ENC_ANGLE=48.0322265625
ENC_ACCUM=902.65869140625
AUTO_STOP=1
MOTOR_ANGLE=0.004941860465116279
MOTOR_ACCUM=822.5630813953488
MOTOR_ROT=1572

[22:08:48.826 EBOX]
TS=1786202627.316
V_SENSE5=1.32080078125
V_SENSE9=0.03662109375
V_SENSE12=0.1318359375
ADC_V5=4.98260498046875
ADC_V9=9.08905029296875
ADC_V12=11.82373046875
ADC_V28=28.0548095703125
THERMAL_SENS_OUT_1=29
THERMAL_SENS_OUT_2=-50
THERMAL_SENS_OUT_3=24
THERMAL_SENS_OUT_4=29
THERMAL_SENS_OUT_5=37
THERMAL_SENS_OUT_6=-50
THERMAL_SENS_INT_1=26
THERMAL_SENS_INT_2=30
PG_5=1
PG_9=0
PG_12=1
FLT_P2=0
FLT_P3=0
HEAT_1_TEMP=29
HEAT_1_DUTY=0
HEAT_1_SP=-20.0
HEAT_2_TEMP=24
HEAT_2_DUTY=0
HEAT_2_SP=-20.0
HEAT_3_TEMP=29
HEAT_3_DUTY=0
HEAT_3_SP=-20.0
HEAT_4_TEMP=37
HEAT_4_DUTY=0
HEAT_4_SP=-20.0

[22:08:50.471 EBOX]
TS=1786202629.317
V_SENSE5=1.171875
V_SENSE9=0.0537109375
V_SENSE12=0.1025390625
ADC_V5=5.00030517578125
ADC_V9=9.0093994140625
ADC_V12=11.8768310546875
ADC_V28=28.02825927734375
THERMAL_SENS_OUT_1=31
THERMAL_SENS_OUT_2=-50
THERMAL_SENS_OUT_3=27
THERMAL_SENS_OUT_4=28
THERMAL_SENS_OUT_5=34
THERMAL_SENS_OUT_6=-50
THERMAL_SENS_INT_1=26
THERMAL_SENS_INT_2=30
PG_5=1
PG_9=0
PG_12=1
FLT_P2=0
FLT_P3=0
HEAT_1_TEMP=31
HEAT_1_DUTY=0
HEAT_1_SP=-20.0
HEAT_2_TEMP=27
HEAT_2_DUTY=0
HEAT_2_SP=-20.0
HEAT_3_TEMP=28
HEAT_3_DUTY=0
HEAT_3_SP=-20.0
HEAT_4_TEMP=34
HEAT_4_DUTY=0
HEAT_4_SP=-20.0

[22:08:50.476 CUBESAT]
TS=1786204397.508
PG_5=1
PG_9=0
PG_12=0
FLT_P2=0
FLT_P3=0
HEAT_1_TEMP=0.0
HEAT_1_DUTY=0
HEAT_1_SP=-20.0
ENC_RAW=2187
ENC_ANGLE=48.05419921875
ENC_ACCUM=902.6806640625
AUTO_STOP=1
MOTOR_ANGLE=0.004941860465116279
MOTOR_ACCUM=822.5630813953488
MOTOR_ROT=1572

[22:08:52.458 EBOX]
TS=1786202631.318
V_SENSE5=1.2060546875
V_SENSE9=0.0341796875
V_SENSE12=0.09765625
ADC_V5=4.9737548828125
ADC_V9=9.01824951171875
ADC_V12=11.69097900390625
ADC_V28=27.930908203125
THERMAL_SENS_OUT_1=29
THERMAL_SENS_OUT_2=-50
THERMAL_SENS_OUT_3=28
THERMAL_SENS_OUT_4=30
THERMAL_SENS_OUT_5=35
THERMAL_SENS_OUT_6=-50
THERMAL_SENS_INT_1=24
THERMAL_SENS_INT_2=28
PG_5=1
PG_9=0
PG_12=1
FLT_P2=0
FLT_P3=0
HEAT_1_TEMP=29
HEAT_1_DUTY=0
HEAT_1_SP=-20.0
HEAT_2_TEMP=28
HEAT_2_DUTY=0
HEAT_2_SP=-20.0
HEAT_3_TEMP=30
HEAT_3_DUTY=0
HEAT_3_SP=-20.0
HEAT_4_TEMP=35
HEAT_4_DUTY=0
HEAT_4_SP=-20.0

[22:08:52.461 CUBESAT]
TS=1786204399.512
PG_5=1
PG_9=0
PG_12=0
FLT_P2=0
FLT_P3=0
HEAT_1_TEMP=0.0
HEAT_1_DUTY=0
HEAT_1_SP=-20.0
ENC_RAW=2186
ENC_ANGLE=48.0322265625
ENC_ACCUM=902.65869140625
AUTO_STOP=1
MOTOR_ANGLE=0.004941860465116279
MOTOR_ACCUM=822.5630813953488
MOTOR_ROT=1572

[22:08:54.406 EBOX]
TS=1786202633.324
V_SENSE5=1.2890625
V_SENSE9=0.03173828125
V_SENSE12=0.09765625
ADC_V5=4.9383544921875
ADC_V9=9.46075439453125
ADC_V12=11.859130859375
ADC_V28=27.9486083984375
THERMAL_SENS_OUT_1=27
THERMAL_SENS_OUT_2=-50
THERMAL_SENS_OUT_3=24
THERMAL_SENS_OUT_4=30
THERMAL_SENS_OUT_5=33
THERMAL_SENS_OUT_6=-50
THERMAL_SENS_INT_1=28
THERMAL_SENS_INT_2=26
PG_5=1
PG_9=0
PG_12=1
FLT_P2=0
FLT_P3=0
HEAT_1_TEMP=27
HEAT_1_DUTY=0
HEAT_1_SP=-20.0
HEAT_2_TEMP=24
HEAT_2_DUTY=0
HEAT_2_SP=-20.0
HEAT_3_TEMP=30
HEAT_3_DUTY=0
HEAT_3_SP=-20.0
HEAT_4_TEMP=33
HEAT_4_DUTY=0
HEAT_4_SP=-20.0

[22:08:54.514 CUBESAT]
TS=1786204401.519
PG_5=1
PG_9=0
PG_12=0
FLT_P2=0
FLT_P3=0
HEAT_1_TEMP=0.0
HEAT_1_DUTY=0
HEAT_1_SP=-20.0
ENC_RAW=2188
ENC_ANGLE=48.076171875
ENC_ACCUM=902.70263671875
AUTO_STOP=1
MOTOR_ANGLE=0.004941860465116279
MOTOR_ACCUM=822.5630813953488
MOTOR_ROT=1572

[22:08:56.028 CUBESAT]
TS=1786204403.522
PG_5=1
PG_9=0
PG_12=0
FLT_P2=0
FLT_P3=0
HEAT_1_TEMP=0.0
HEAT_1_DUTY=0
HEAT_1_SP=-20.0
ENC_RAW=2189
ENC_ANGLE=48.09814453125
ENC_ACCUM=902.724609375
AUTO_STOP=1
MOTOR_ANGLE=0.004941860465116279
MOTOR_ACCUM=822.5630813953488
MOTOR_ROT=1572

[22:08:56.554 EBOX]
TS=1786202635.322
V_SENSE5=1.2841796875
V_SENSE9=0.03662109375
V_SENSE12=0.09765625
ADC_V5=4.9029541015625
ADC_V9=9.5050048828125
ADC_V12=11.8060302734375
ADC_V28=27.37335205078125
THERMAL_SENS_OUT_1=29
THERMAL_SENS_OUT_2=-50
THERMAL_SENS_OUT_3=29
THERMAL_SENS_OUT_4=27
THERMAL_SENS_OUT_5=37
THERMAL_SENS_OUT_6=-50
THERMAL_SENS_INT_1=28
THERMAL_SENS_INT_2=29
PG_5=1
PG_9=0
PG_12=1
FLT_P2=0
FLT_P3=0
HEAT_1_TEMP=29
HEAT_1_DUTY=0
HEAT_1_SP=-20.0
HEAT_2_TEMP=29
HEAT_2_DUTY=0
HEAT_2_SP=-20.0
HEAT_3_TEMP=27
HEAT_3_DUTY=0
HEAT_3_SP=-20.0
HEAT_4_TEMP=37
HEAT_4_DUTY=0
HEAT_4_SP=-20.0

[22:08:58.076 CUBESAT]
TS=1786204405.525
PG_5=1
PG_9=0
PG_12=0
FLT_P2=0
FLT_P3=0
HEAT_1_TEMP=0.0
HEAT_1_DUTY=10
HEAT_1_SP=-20.0
ENC_RAW=2186
ENC_ANGLE=48.0322265625
ENC_ACCUM=902.65869140625
AUTO_STOP=1
MOTOR_ANGLE=0.004941860465116279
MOTOR_ACCUM=822.5630813953488
MOTOR_ROT=1572

[22:08:58.905 EBOX]
TS=1786202637.333
V_SENSE5=1.298828125
V_SENSE9=0.0390625
V_SENSE12=0.0927734375
ADC_V5=4.88525390625
ADC_V9=8.99169921875
ADC_V12=11.859130859375
ADC_V28=27.28485107421875
THERMAL_SENS_OUT_1=28
THERMAL_SENS_OUT_2=-50
THERMAL_SENS_OUT_3=25
THERMAL_SENS_OUT_4=31
THERMAL_SENS_OUT_5=34
THERMAL_SENS_OUT_6=-50
THERMAL_SENS_INT_1=26
THERMAL_SENS_INT_2=31
PG_5=1
PG_9=0
PG_12=1
FLT_P2=0
FLT_P3=0
HEAT_1_TEMP=28
HEAT_1_DUTY=0
HEAT_1_SP=-20.0
HEAT_2_TEMP=25
HEAT_2_DUTY=0
HEAT_2_SP=-20.0
HEAT_3_TEMP=31
HEAT_3_DUTY=0
HEAT_3_SP=-20.0
HEAT_4_TEMP=34
HEAT_4_DUTY=0
HEAT_4_SP=-20.0

[22:09:00.477 CUBESAT]
TS=1786204407.531
PG_5=1
PG_9=0
PG_12=0
FLT_P2=0
FLT_P3=0
HEAT_1_TEMP=0.0
HEAT_1_DUTY=0
HEAT_1_SP=-20.0
ENC_RAW=2185
ENC_ANGLE=48.01025390625
ENC_ACCUM=902.63671875
AUTO_STOP=1
MOTOR_ANGLE=0.004941860465116279
MOTOR_ACCUM=822.5630813953488
MOTOR_ROT=1572

[22:09:01.044 EBOX]
TS=1786202639.334
V_SENSE5=1.12548828125
V_SENSE9=0.0341796875
V_SENSE12=0.11474609375
ADC_V5=4.89410400390625
ADC_V9=8.7969970703125
ADC_V12=11.8060302734375
ADC_V28=27.2760009765625
THERMAL_SENS_OUT_1=28
THERMAL_SENS_OUT_2=-50
THERMAL_SENS_OUT_3=26
THERMAL_SENS_OUT_4=32
THERMAL_SENS_OUT_5=38
THERMAL_SENS_OUT_6=-50
THERMAL_SENS_INT_1=25
THERMAL_SENS_INT_2=27
PG_5=1
PG_9=0
PG_12=1
FLT_P2=0
FLT_P3=0
HEAT_1_TEMP=28
HEAT_1_DUTY=0
HEAT_1_SP=-20.0
HEAT_2_TEMP=26
HEAT_2_DUTY=0
HEAT_2_SP=-20.0
HEAT_3_TEMP=32
HEAT_3_DUTY=0
HEAT_3_SP=-20.0
HEAT_4_TEMP=38
HEAT_4_DUTY=0
HEAT_4_SP=-20.0

[22:09:01.991 CUBESAT]
TS=1786204409.535
PG_5=1
PG_9=0
PG_12=0
FLT_P2=0
FLT_P3=0
HEAT_1_TEMP=0.0
HEAT_1_DUTY=0
HEAT_1_SP=-20.0
ENC_RAW=2188
ENC_ANGLE=48.076171875
ENC_ACCUM=902.70263671875
AUTO_STOP=1
MOTOR_ANGLE=0.004941860465116279
MOTOR_ACCUM=822.5630813953488
MOTOR_ROT=1572

[22:09:02.478 EBOX]
TS=1786202641.338
V_SENSE5=1.25244140625
V_SENSE9=0.0341796875
V_SENSE12=0.10009765625
ADC_V5=4.92950439453125
ADC_V9=9.522705078125
ADC_V12=11.65557861328125
ADC_V28=28.001708984375
THERMAL_SENS_OUT_1=28
THERMAL_SENS_OUT_2=-50
THERMAL_SENS_OUT_3=25
THERMAL_SENS_OUT_4=31
THERMAL_SENS_OUT_5=33
THERMAL_SENS_OUT_6=-50
THERMAL_SENS_INT_1=28
THERMAL_SENS_INT_2=26
PG_5=1
PG_9=0
PG_12=1
FLT_P2=0
FLT_P3=0
HEAT_1_TEMP=28
HEAT_1_DUTY=0
HEAT_1_SP=-20.0
HEAT_2_TEMP=25
HEAT_2_DUTY=0
HEAT_2_SP=-20.0
HEAT_3_TEMP=31
HEAT_3_DUTY=0
HEAT_3_SP=-20.0
HEAT_4_TEMP=33
HEAT_4_DUTY=0
HEAT_4_SP=-20.0

[22:09:04.444 EBOX]
TS=1786202643.339
V_SENSE5=1.123046875
V_SENSE9=0.0390625
V_SENSE12=0.1025390625
ADC_V5=4.9029541015625
ADC_V9=9.44305419921875
ADC_V12=11.8768310546875
ADC_V28=28.2318115234375
THERMAL_SENS_OUT_1=32
THERMAL_SENS_OUT_2=-50
THERMAL_SENS_OUT_3=28
THERMAL_SENS_OUT_4=26
THERMAL_SENS_OUT_5=35
THERMAL_SENS_OUT_6=-50
THERMAL_SENS_INT_1=24
THERMAL_SENS_INT_2=30
PG_5=1
PG_9=0
PG_12=1
FLT_P2=0
FLT_P3=0
HEAT_1_TEMP=32
HEAT_1_DUTY=0
HEAT_1_SP=-20.0
HEAT_2_TEMP=28
HEAT_2_DUTY=0
HEAT_2_SP=-20.0
HEAT_3_TEMP=26
HEAT_3_DUTY=0
HEAT_3_SP=-20.0
HEAT_4_TEMP=35
HEAT_4_DUTY=0
HEAT_4_SP=-20.0

[22:09:04.652 CUBESAT]
TS=1786204411.538
PG_5=1
PG_9=0
PG_12=0
FLT_P2=0
FLT_P3=0
HEAT_1_TEMP=0.0
HEAT_1_DUTY=0
HEAT_1_SP=-20.0
ENC_RAW=2186
ENC_ANGLE=48.0322265625
ENC_ACCUM=902.65869140625
AUTO_STOP=1
MOTOR_ANGLE=0.004941860465116279
MOTOR_ACCUM=822.5630813953488
MOTOR_ROT=1572

[22:09:06.166 CUBESAT]
TS=1786204413.544
PG_5=1
PG_9=0
PG_12=0
FLT_P2=0
FLT_P3=0
HEAT_1_TEMP=0.0
HEAT_1_DUTY=0
HEAT_1_SP=-20.0
ENC_RAW=2185
ENC_ANGLE=48.01025390625
ENC_ACCUM=902.63671875
AUTO_STOP=1
MOTOR_ANGLE=0.004941860465116279
MOTOR_ACCUM=822.5630813953488
MOTOR_ROT=1572

[22:09:06.579 EBOX]
TS=1786202645.341
V_SENSE5=1.2255859375
V_SENSE9=0.0341796875
V_SENSE12=0.1171875
ADC_V5=4.8675537109375
ADC_V9=9.3988037109375
ADC_V12=11.7352294921875
ADC_V28=27.65655517578125
THERMAL_SENS_OUT_1=27
THERMAL_SENS_OUT_2=-50
THERMAL_SENS_OUT_3=27
THERMAL_SENS_OUT_4=26
THERMAL_SENS_OUT_5=35
THERMAL_SENS_OUT_6=-50
THERMAL_SENS_INT_1=24
THERMAL_SENS_INT_2=28
PG_5=1
PG_9=0
PG_12=1
FLT_P2=0
FLT_P3=0
HEAT_1_TEMP=27
HEAT_1_DUTY=0
HEAT_1_SP=-20.0
HEAT_2_TEMP=27
HEAT_2_DUTY=0
HEAT_2_SP=-20.0
HEAT_3_TEMP=26
HEAT_3_DUTY=0
HEAT_3_SP=-20.0
HEAT_4_TEMP=35
HEAT_4_DUTY=0
HEAT_4_SP=-20.0

[22:09:07.989 CUBESAT]
TS=1786204415.548
PG_5=1
PG_9=0
PG_12=0
FLT_P2=0
FLT_P3=0
HEAT_1_TEMP=0.0
HEAT_1_DUTY=10
HEAT_1_SP=-20.0
ENC_RAW=2191
ENC_ANGLE=48.14208984375
ENC_ACCUM=902.7685546875
AUTO_STOP=1
MOTOR_ANGLE=0.004941860465116279
MOTOR_ACCUM=822.5630813953488
MOTOR_ROT=1572

[22:09:08.515 EBOX]
TS=1786202647.345
V_SENSE5=1.25244140625
V_SENSE9=0.0390625
V_SENSE12=0.1318359375
ADC_V5=4.96490478515625
ADC_V9=9.10675048828125
ADC_V12=11.68212890625
ADC_V28=28.143310546875
THERMAL_SENS_OUT_1=29
THERMAL_SENS_OUT_2=-50
THERMAL_SENS_OUT_3=27
THERMAL_SENS_OUT_4=29
THERMAL_SENS_OUT_5=35
THERMAL_SENS_OUT_6=-50
THERMAL_SENS_INT_1=29
THERMAL_SENS_INT_2=27
PG_5=1
PG_9=0
PG_12=1
FLT_P2=0
FLT_P3=0
HEAT_1_TEMP=29
HEAT_1_DUTY=0
HEAT_1_SP=-20.0
HEAT_2_TEMP=27
HEAT_2_DUTY=0
HEAT_2_SP=-20.0
HEAT_3_TEMP=29
HEAT_3_DUTY=0
HEAT_3_SP=-20.0
HEAT_4_TEMP=35
HEAT_4_DUTY=0
HEAT_4_SP=-20.0

[22:09:10.030 CUBESAT]
TS=1786204417.552
PG_5=1
PG_9=0
PG_12=0
FLT_P2=0
FLT_P3=0
HEAT_1_TEMP=0.0
HEAT_1_DUTY=0
HEAT_1_SP=-20.0
ENC_RAW=2187
ENC_ANGLE=48.05419921875
ENC_ACCUM=902.6806640625
AUTO_STOP=1
MOTOR_ANGLE=0.004941860465116279
MOTOR_ACCUM=822.5630813953488
MOTOR_ROT=1572

[22:09:10.471 EBOX]
TS=1786202649.344
V_SENSE5=1.1328125
V_SENSE9=0.0341796875
V_SENSE12=0.1025390625
ADC_V5=4.991455078125
ADC_V9=9.05364990234375
ADC_V12=11.76177978515625
ADC_V28=27.93975830078125
THERMAL_SENS_OUT_1=31
THERMAL_SENS_OUT_2=-50
THERMAL_SENS_OUT_3=27
THERMAL_SENS_OUT_4=31
THERMAL_SENS_OUT_5=33
THERMAL_SENS_OUT_6=-50
THERMAL_SENS_INT_1=26
THERMAL_SENS_INT_2=30
PG_5=1
PG_9=0
PG_12=1
FLT_P2=0
FLT_P3=0
HEAT_1_TEMP=31
HEAT_1_DUTY=0
HEAT_1_SP=-20.0
HEAT_2_TEMP=27
HEAT_2_DUTY=0
HEAT_2_SP=-20.0
HEAT_3_TEMP=31
HEAT_3_DUTY=0
HEAT_3_SP=-20.0
HEAT_4_TEMP=33
HEAT_4_DUTY=0
HEAT_4_SP=-20.0

[22:09:12.084 CUBESAT]
TS=1786204419.558
PG_5=1
PG_9=0
PG_12=0
FLT_P2=0
FLT_P3=0
HEAT_1_TEMP=0.0
HEAT_1_DUTY=0
HEAT_1_SP=-20.0
ENC_RAW=2185
ENC_ANGLE=48.01025390625
ENC_ACCUM=902.63671875
AUTO_STOP=1
MOTOR_ANGLE=0.004941860465116279
MOTOR_ACCUM=822.5630813953488
MOTOR_ROT=1572

[22:09:12.507 EBOX]
TS=1786202651.350
V_SENSE5=1.015625
V_SENSE9=0.11474609375
V_SENSE12=0.09765625
ADC_V5=4.9560546875
ADC_V9=9.07135009765625
ADC_V12=11.8414306640625
ADC_V28=28.20526123046875
THERMAL_SENS_OUT_1=30
THERMAL_SENS_OUT_2=-50
THERMAL_SENS_OUT_3=27
THERMAL_SENS_OUT_4=32
THERMAL_SENS_OUT_5=33
THERMAL_SENS_OUT_6=-50
THERMAL_SENS_INT_1=24
THERMAL_SENS_INT_2=28
PG_5=1
PG_9=0
PG_12=1
FLT_P2=0
FLT_P3=0
HEAT_1_TEMP=30
HEAT_1_DUTY=0
HEAT_1_SP=-20.0
HEAT_2_TEMP=27
HEAT_2_DUTY=0
HEAT_2_SP=-20.0
HEAT_3_TEMP=32
HEAT_3_DUTY=0
HEAT_3_SP=-20.0
HEAT_4_TEMP=33
HEAT_4_DUTY=0
HEAT_4_SP=-20.0

[22:09:14.321 CUBESAT]
TS=1786204421.562
PG_5=1
PG_9=0
PG_12=0
FLT_P2=0
FLT_P3=0
HEAT_1_TEMP=0.0
HEAT_1_DUTY=10
HEAT_1_SP=-20.0
ENC_RAW=2187
ENC_ANGLE=48.05419921875
ENC_ACCUM=902.6806640625
AUTO_STOP=1
MOTOR_ANGLE=0.004941860465116279
MOTOR_ACCUM=822.5630813953488
MOTOR_ROT=1572

[22:09:14.650 EBOX]
TS=1786202653.349
V_SENSE5=1.1474609375
V_SENSE9=0.06591796875
V_SENSE12=0.12939453125
ADC_V5=4.89410400390625
ADC_V9=8.885498046875
ADC_V12=12.02728271484375
ADC_V28=28.02825927734375
THERMAL_SENS_OUT_1=30
THERMAL_SENS_OUT_2=-50
THERMAL_SENS_OUT_3=25
THERMAL_SENS_OUT_4=30
THERMAL_SENS_OUT_5=34
THERMAL_SENS_OUT_6=-50
THERMAL_SENS_INT_1=27
THERMAL_SENS_INT_2=31
PG_5=1
PG_9=0
PG_12=1
FLT_P2=0
FLT_P3=0
HEAT_1_TEMP=30
HEAT_1_DUTY=0
HEAT_1_SP=-20.0
HEAT_2_TEMP=25
HEAT_2_DUTY=0
HEAT_2_SP=-20.0
HEAT_3_TEMP=30
HEAT_3_DUTY=0
HEAT_3_SP=-20.0
HEAT_4_TEMP=34
HEAT_4_DUTY=0
HEAT_4_SP=-20.0

[22:09:16.367 CUBESAT]
TS=1786204423.565
PG_5=1
PG_9=0
PG_12=0
FLT_P2=0
FLT_P3=0
HEAT_1_TEMP=0.0
HEAT_1_DUTY=0
HEAT_1_SP=-20.0
ENC_RAW=2186
ENC_ANGLE=48.0322265625
ENC_ACCUM=902.65869140625
AUTO_STOP=1
MOTOR_ANGLE=0.004941860465116279
MOTOR_ACCUM=822.5630813953488
MOTOR_ROT=1572

[22:09:16.647 EBOX]
TS=1786202655.350
V_SENSE5=1.16455078125
V_SENSE9=0.0341796875
V_SENSE12=0.1220703125
ADC_V5=5.0091552734375
ADC_V9=8.8677978515625
ADC_V12=11.7352294921875
ADC_V28=27.85125732421875
THERMAL_SENS_OUT_1=27
THERMAL_SENS_OUT_2=-50
THERMAL_SENS_OUT_3=27
THERMAL_SENS_OUT_4=27
THERMAL_SENS_OUT_5=37
THERMAL_SENS_OUT_6=-50
THERMAL_SENS_INT_1=30
THERMAL_SENS_INT_2=26
PG_5=1
PG_9=0
PG_12=1
FLT_P2=0
FLT_P3=0
HEAT_1_TEMP=27
HEAT_1_DUTY=0
HEAT_1_SP=-20.0
HEAT_2_TEMP=27
HEAT_2_DUTY=0
HEAT_2_SP=-20.0
HEAT_3_TEMP=27
HEAT_3_DUTY=0
HEAT_3_SP=-20.0
HEAT_4_TEMP=37
HEAT_4_DUTY=0
HEAT_4_SP=-20.0

[22:09:18.360 CUBESAT]
TS=1786204425.568
PG_5=1
PG_9=0
PG_12=0
FLT_P2=0
FLT_P3=0
HEAT_1_TEMP=0.0
HEAT_1_DUTY=0
HEAT_1_SP=-20.0
ENC_RAW=2185
ENC_ANGLE=48.01025390625
ENC_ACCUM=902.63671875
AUTO_STOP=1
MOTOR_ANGLE=0.004941860465116279
MOTOR_ACCUM=822.5630813953488
MOTOR_ROT=1572

[22:09:18.789 EBOX]
TS=1786202657.350
V_SENSE5=1.27685546875
V_SENSE9=0.03662109375
V_SENSE12=0.1025390625
ADC_V5=4.9560546875
ADC_V9=9.3634033203125
ADC_V12=11.575927734375
ADC_V28=28.072509765625
THERMAL_SENS_OUT_1=32
THERMAL_SENS_OUT_2=-50
THERMAL_SENS_OUT_3=27
THERMAL_SENS_OUT_4=31
THERMAL_SENS_OUT_5=34
THERMAL_SENS_OUT_6=-50
THERMAL_SENS_INT_1=26
THERMAL_SENS_INT_2=29
PG_5=1
PG_9=0
PG_12=1
FLT_P2=0
FLT_P3=0
HEAT_1_TEMP=32
HEAT_1_DUTY=0
HEAT_1_SP=-20.0
HEAT_2_TEMP=27
HEAT_2_DUTY=0
HEAT_2_SP=-20.0
HEAT_3_TEMP=31
HEAT_3_DUTY=0
HEAT_3_SP=-20.0
HEAT_4_TEMP=34
HEAT_4_DUTY=0
HEAT_4_SP=-20.0

[22:09:20.216 CUBESAT]
TS=1786204427.572
PG_5=1
PG_9=0
PG_12=0
FLT_P2=0
FLT_P3=0
HEAT_1_TEMP=0.0
HEAT_1_DUTY=0
HEAT_1_SP=-20.0
ENC_RAW=2187
ENC_ANGLE=48.05419921875
ENC_ACCUM=902.6806640625
AUTO_STOP=1
MOTOR_ANGLE=0.004941860465116279
MOTOR_ACCUM=822.5630813953488
MOTOR_ROT=1572

[22:09:21.294 EBOX]
TS=1786202659.352
V_SENSE5=1.1669921875
V_SENSE9=0.0341796875
V_SENSE12=0.12939453125
ADC_V5=4.9029541015625
ADC_V9=9.38995361328125
ADC_V12=11.63787841796875
ADC_V28=27.7716064453125
THERMAL_SENS_OUT_1=29
THERMAL_SENS_OUT_2=-50
THERMAL_SENS_OUT_3=25
THERMAL_SENS_OUT_4=27
THERMAL_SENS_OUT_5=34
THERMAL_SENS_OUT_6=-50
THERMAL_SENS_INT_1=31
THERMAL_SENS_INT_2=27
PG_5=1
PG_9=0
PG_12=1
FLT_P2=0
FLT_P3=0
HEAT_1_TEMP=29
HEAT_1_DUTY=0
HEAT_1_SP=-20.0
HEAT_2_TEMP=25
HEAT_2_DUTY=0
HEAT_2_SP=-20.0
HEAT_3_TEMP=27
HEAT_3_DUTY=0
HEAT_3_SP=-20.0
HEAT_4_TEMP=34
HEAT_4_DUTY=0
HEAT_4_SP=-20.0

[22:09:22.405 CUBESAT]
TS=1786204429.575
PG_5=1
PG_9=0
PG_12=0
FLT_P2=0
FLT_P3=0
HEAT_1_TEMP=0.0
HEAT_1_DUTY=0
HEAT_1_SP=-20.0
ENC_RAW=2188
ENC_ANGLE=48.076171875
ENC_ACCUM=902.70263671875
AUTO_STOP=1
MOTOR_ANGLE=0.004941860465116279
MOTOR_ACCUM=822.5630813953488
MOTOR_ROT=1572

[22:09:23.232 EBOX]
TS=1786202661.354
V_SENSE5=1.1767578125
V_SENSE9=0.07568359375
V_SENSE12=0.1123046875
ADC_V5=4.849853515625
ADC_V9=9.33685302734375
ADC_V12=11.505126953125
ADC_V28=27.85125732421875
THERMAL_SENS_OUT_1=31
THERMAL_SENS_OUT_2=-50
THERMAL_SENS_OUT_3=27
THERMAL_SENS_OUT_4=32
THERMAL_SENS_OUT_5=35
THERMAL_SENS_OUT_6=-50
THERMAL_SENS_INT_1=26
THERMAL_SENS_INT_2=31
PG_5=1
PG_9=0
PG_12=1
FLT_P2=0
FLT_P3=0
HEAT_1_TEMP=31
HEAT_1_DUTY=0
HEAT_1_SP=-20.0
HEAT_2_TEMP=27
HEAT_2_DUTY=0
HEAT_2_SP=-20.0
HEAT_3_TEMP=32
HEAT_3_DUTY=0
HEAT_3_SP=-20.0
HEAT_4_TEMP=35
HEAT_4_DUTY=0
HEAT_4_SP=-20.0

[22:09:24.644 CUBESAT]
TS=1786204431.579
PG_5=1
PG_9=0
PG_12=0
FLT_P2=0
FLT_P3=0
HEAT_1_TEMP=0.0
HEAT_1_DUTY=10
HEAT_1_SP=-20.0
ENC_RAW=2188
ENC_ANGLE=48.076171875
ENC_ACCUM=902.70263671875
AUTO_STOP=1
MOTOR_ANGLE=0.004941860465116279
MOTOR_ACCUM=822.5630813953488
MOTOR_ROT=1572

[22:09:25.071 EBOX]
TS=1786202663.355
V_SENSE5=1.18896484375
V_SENSE9=0.03662109375
V_SENSE12=0.1171875
ADC_V5=4.94720458984375
ADC_V9=9.1864013671875
ADC_V12=11.65557861328125
ADC_V28=27.2760009765625
THERMAL_SENS_OUT_1=28
THERMAL_SENS_OUT_2=-50
THERMAL_SENS_OUT_3=28
THERMAL_SENS_OUT_4=26
THERMAL_SENS_OUT_5=35
THERMAL_SENS_OUT_6=-50
THERMAL_SENS_INT_1=24
THERMAL_SENS_INT_2=28
PG_5=1
PG_9=0
PG_12=1
FLT_P2=0
FLT_P3=0
HEAT_1_TEMP=28
HEAT_1_DUTY=0
HEAT_1_SP=-20.0
HEAT_2_TEMP=28
HEAT_2_DUTY=0
HEAT_2_SP=-20.0
HEAT_3_TEMP=26
HEAT_3_DUTY=0
HEAT_3_SP=-20.0
HEAT_4_TEMP=35
HEAT_4_DUTY=0
HEAT_4_SP=-20.0

[22:09:26.081 CUBESAT]
TS=1786204433.581
PG_5=1
PG_9=0
PG_12=0
FLT_P2=0
FLT_P3=0
HEAT_1_TEMP=0.0
HEAT_1_DUTY=0
HEAT_1_SP=-20.0
ENC_RAW=2185
ENC_ANGLE=48.01025390625
ENC_ACCUM=902.63671875
AUTO_STOP=1
MOTOR_ANGLE=0.004941860465116279
MOTOR_ACCUM=822.5630813953488
MOTOR_ROT=1572

[22:09:27.209 EBOX]
TS=1786202665.363
V_SENSE5=1.16455078125
V_SENSE9=0.0341796875
V_SENSE12=0.1220703125
ADC_V5=4.9029541015625
ADC_V9=9.07135009765625
ADC_V12=11.859130859375
ADC_V28=28.04595947265625
THERMAL_SENS_OUT_1=27
THERMAL_SENS_OUT_2=-50
THERMAL_SENS_OUT_3=27
THERMAL_SENS_OUT_4=27
THERMAL_SENS_OUT_5=33
THERMAL_SENS_OUT_6=-50
THERMAL_SENS_INT_1=26
THERMAL_SENS_INT_2=28
PG_5=1
PG_9=0
PG_12=1
FLT_P2=0
FLT_P3=0
HEAT_1_TEMP=27
HEAT_1_DUTY=0
HEAT_1_SP=-20.0
HEAT_2_TEMP=27
HEAT_2_DUTY=0
HEAT_2_SP=-20.0
HEAT_3_TEMP=27
HEAT_3_DUTY=0
HEAT_3_SP=-20.0
HEAT_4_TEMP=33
HEAT_4_DUTY=0
HEAT_4_SP=-20.0

[22:09:28.121 CUBESAT]
TS=1786204435.588
PG_5=1
PG_9=0
PG_12=0
FLT_P2=0
FLT_P3=0
HEAT_1_TEMP=0.0
HEAT_1_DUTY=0
HEAT_1_SP=-20.0
ENC_RAW=2188
ENC_ANGLE=48.076171875
ENC_ACCUM=902.70263671875
AUTO_STOP=1
MOTOR_ANGLE=0.004941860465116279
MOTOR_ACCUM=822.5630813953488
MOTOR_ROT=1572

[22:09:28.453 EBOX]
TS=1786202667.361
V_SENSE5=1.2744140625
V_SENSE9=0.04638671875
V_SENSE12=0.1123046875
ADC_V5=4.9383544921875
ADC_V9=9.1156005859375
ADC_V12=11.7706298828125
ADC_V28=27.7716064453125
THERMAL_SENS_OUT_1=28
THERMAL_SENS_OUT_2=-50
THERMAL_SENS_OUT_3=24
THERMAL_SENS_OUT_4=31
THERMAL_SENS_OUT_5=34
THERMAL_SENS_OUT_6=-50
THERMAL_SENS_INT_1=24
THERMAL_SENS_INT_2=29
PG_5=1
PG_9=0
PG_12=1
FLT_P2=0
FLT_P3=0
HEAT_1_TEMP=28
HEAT_1_DUTY=0
HEAT_1_SP=-20.0
HEAT_2_TEMP=24
HEAT_2_DUTY=0
HEAT_2_SP=-20.0
HEAT_3_TEMP=31
HEAT_3_DUTY=0
HEAT_3_SP=-20.0
HEAT_4_TEMP=34
HEAT_4_DUTY=0
HEAT_4_SP=-20.0

[22:09:30.121 CUBESAT]
TS=1786204437.592
PG_5=1
PG_9=0
PG_12=0
FLT_P2=0
FLT_P3=0
HEAT_1_TEMP=0.0
HEAT_1_DUTY=0
HEAT_1_SP=-20.0
ENC_RAW=2186
ENC_ANGLE=48.0322265625
ENC_ACCUM=902.65869140625
AUTO_STOP=1
MOTOR_ANGLE=0.004941860465116279
MOTOR_ACCUM=822.5630813953488
MOTOR_ROT=1572

[22:09:30.545 EBOX]
TS=1786202669.361
V_SENSE5=1.37451171875
V_SENSE9=0.04638671875
V_SENSE12=0.09521484375
ADC_V5=4.849853515625
ADC_V9=9.24835205078125
ADC_V12=11.54937744140625
ADC_V28=27.88665771484375
THERMAL_SENS_OUT_1=26
THERMAL_SENS_OUT_2=-50
THERMAL_SENS_OUT_3=26
THERMAL_SENS_OUT_4=28
THERMAL_SENS_OUT_5=38
THERMAL_SENS_OUT_6=-50
THERMAL_SENS_INT_1=28
THERMAL_SENS_INT_2=25
PG_5=1
PG_9=0
PG_12=1
FLT_P2=0
FLT_P3=0
HEAT_1_TEMP=26
HEAT_1_DUTY=0
HEAT_1_SP=-20.0
HEAT_2_TEMP=26
HEAT_2_DUTY=0
HEAT_2_SP=-20.0
HEAT_3_TEMP=28
HEAT_3_DUTY=0
HEAT_3_SP=-20.0
HEAT_4_TEMP=38
HEAT_4_DUTY=0
HEAT_4_SP=-20.0

[22:09:32.461 CUBESAT]
TS=1786204439.595
PG_5=1
PG_9=0
PG_12=0
FLT_P2=0
FLT_P3=0
HEAT_1_TEMP=0.0
HEAT_1_DUTY=0
HEAT_1_SP=-20.0
ENC_RAW=2189
ENC_ANGLE=48.09814453125
ENC_ACCUM=902.724609375
AUTO_STOP=1
MOTOR_ANGLE=0.004941860465116279
MOTOR_ACCUM=822.5630813953488
MOTOR_ROT=1572

[22:09:32.789 EBOX]
TS=1786202671.361
V_SENSE5=1.13525390625
V_SENSE9=0.0390625
V_SENSE12=0.09765625
ADC_V5=5.0091552734375
ADC_V9=9.451904296875
ADC_V12=11.83258056640625
ADC_V28=27.2406005859375
THERMAL_SENS_OUT_1=29
THERMAL_SENS_OUT_2=-50
THERMAL_SENS_OUT_3=29
THERMAL_SENS_OUT_4=28
THERMAL_SENS_OUT_5=39
THERMAL_SENS_OUT_6=-50
THERMAL_SENS_INT_1=30
THERMAL_SENS_INT_2=28
PG_5=1
PG_9=0
PG_12=1
FLT_P2=0
FLT_P3=0
HEAT_1_TEMP=29
HEAT_1_DUTY=0
HEAT_1_SP=-20.0
HEAT_2_TEMP=29
HEAT_2_DUTY=0
HEAT_2_SP=-20.0
HEAT_3_TEMP=28
HEAT_3_DUTY=0
HEAT_3_SP=-20.0
HEAT_4_TEMP=39
HEAT_4_DUTY=0
HEAT_4_SP=-20.0

[22:09:34.199 CUBESAT]
TS=1786204441.598
PG_5=1
PG_9=0
PG_12=0
FLT_P2=0
FLT_P3=0
HEAT_1_TEMP=0.0
HEAT_1_DUTY=10
HEAT_1_SP=-20.0
ENC_RAW=2189
ENC_ANGLE=48.09814453125
ENC_ACCUM=902.724609375
AUTO_STOP=1
MOTOR_ANGLE=0.004941860465116279
MOTOR_ACCUM=822.5630813953488
MOTOR_ROT=1572

[22:09:35.025 EBOX]
TS=1786202673.363
V_SENSE5=1.15234375
V_SENSE9=0.0341796875
V_SENSE12=0.09765625
ADC_V5=4.991455078125
ADC_V9=9.2041015625
ADC_V12=11.9122314453125
ADC_V28=27.930908203125
THERMAL_SENS_OUT_1=28
THERMAL_SENS_OUT_2=-50
THERMAL_SENS_OUT_3=26
THERMAL_SENS_OUT_4=28
THERMAL_SENS_OUT_5=38
THERMAL_SENS_OUT_6=-50
THERMAL_SENS_INT_1=26
THERMAL_SENS_INT_2=31
PG_5=1
PG_9=0
PG_12=1
FLT_P2=0
FLT_P3=0
HEAT_1_TEMP=28
HEAT_1_DUTY=0
HEAT_1_SP=-20.0
HEAT_2_TEMP=26
HEAT_2_DUTY=0
HEAT_2_SP=-20.0
HEAT_3_TEMP=28
HEAT_3_DUTY=0
HEAT_3_SP=-20.0
HEAT_4_TEMP=38
HEAT_4_DUTY=0
HEAT_4_SP=-20.0

[22:09:36.337 CUBESAT]
TS=1786204443.602
PG_5=1
PG_9=0
PG_12=0
FLT_P2=0
FLT_P3=0
HEAT_1_TEMP=0.0
HEAT_1_DUTY=0
HEAT_1_SP=-20.0
ENC_RAW=2188
ENC_ANGLE=48.076171875
ENC_ACCUM=902.70263671875
AUTO_STOP=1
MOTOR_ANGLE=0.004941860465116279
MOTOR_ACCUM=822.5630813953488
MOTOR_ROT=1572

[22:09:36.873 EBOX]
TS=1786202675.364
V_SENSE5=1.20849609375
V_SENSE9=0.0390625
V_SENSE12=0.1025390625
ADC_V5=4.991455078125
ADC_V9=9.13330078125
ADC_V12=11.81488037109375
ADC_V28=27.1875
THERMAL_SENS_OUT_1=29
THERMAL_SENS_OUT_2=-50
THERMAL_SENS_OUT_3=26
THERMAL_SENS_OUT_4=29
THERMAL_SENS_OUT_5=34
THERMAL_SENS_OUT_6=-50
THERMAL_SENS_INT_1=27
THERMAL_SENS_INT_2=28
PG_5=1
PG_9=0
PG_12=1
FLT_P2=0
FLT_P3=0
HEAT_1_TEMP=29
HEAT_1_DUTY=0
HEAT_1_SP=-20.0
HEAT_2_TEMP=26
HEAT_2_DUTY=0
HEAT_2_SP=-20.0
HEAT_3_TEMP=29
HEAT_3_DUTY=0
HEAT_3_SP=-20.0
HEAT_4_TEMP=34
HEAT_4_DUTY=0
HEAT_4_SP=-20.0

[22:09:38.294 CUBESAT]
TS=1786204445.604
PG_5=1
PG_9=0
PG_12=0
FLT_P2=0
FLT_P3=0
HEAT_1_TEMP=0.0
HEAT_1_DUTY=0
HEAT_1_SP=-20.0
ENC_RAW=2188
ENC_ANGLE=48.076171875
ENC_ACCUM=902.70263671875
AUTO_STOP=1
MOTOR_ANGLE=0.004941860465116279
MOTOR_ACCUM=822.5630813953488
MOTOR_ROT=1572

[22:09:38.722 EBOX]
TS=1786202677.377
V_SENSE5=1.064453125
V_SENSE9=0.0341796875
V_SENSE12=0.15380859375
ADC_V5=4.98260498046875
ADC_V9=9.097900390625
ADC_V12=11.929931640625
ADC_V28=27.4530029296875
THERMAL_SENS_OUT_1=33
THERMAL_SENS_OUT_2=-50
THERMAL_SENS_OUT_3=29
THERMAL_SENS_OUT_4=27
THERMAL_SENS_OUT_5=39
THERMAL_SENS_OUT_6=-50
THERMAL_SENS_INT_1=30
THERMAL_SENS_INT_2=26
PG_5=1
PG_9=0
PG_12=1
FLT_P2=0
FLT_P3=0
HEAT_1_TEMP=33
HEAT_1_DUTY=0
HEAT_1_SP=-20.0
HEAT_2_TEMP=29
HEAT_2_DUTY=0
HEAT_2_SP=-20.0
HEAT_3_TEMP=27
HEAT_3_DUTY=0
HEAT_3_SP=-20.0
HEAT_4_TEMP=39
HEAT_4_DUTY=0
HEAT_4_SP=-20.0

[22:09:40.335 CUBESAT]
TS=1786204447.608
PG_5=1
PG_9=0
PG_12=0
FLT_P2=0
FLT_P3=0
HEAT_1_TEMP=0.0
HEAT_1_DUTY=10
HEAT_1_SP=-20.0
ENC_RAW=2187
ENC_ANGLE=48.05419921875
ENC_ACCUM=902.6806640625
AUTO_STOP=1
MOTOR_ANGLE=0.004941860465116279
MOTOR_ACCUM=822.5630813953488
MOTOR_ROT=1572

[22:09:40.561 EBOX]
TS=1786202679.369
V_SENSE5=1.1865234375
V_SENSE9=0.0390625
V_SENSE12=0.09765625
ADC_V5=4.849853515625
ADC_V9=9.19525146484375
ADC_V12=11.65557861328125
ADC_V28=27.54150390625
THERMAL_SENS_OUT_1=28
THERMAL_SENS_OUT_2=-50
THERMAL_SENS_OUT_3=30
THERMAL_SENS_OUT_4=28
THERMAL_SENS_OUT_5=38
THERMAL_SENS_OUT_6=-50
THERMAL_SENS_INT_1=30
THERMAL_SENS_INT_2=31
PG_5=1
PG_9=0
PG_12=1
FLT_P2=0
FLT_P3=0
HEAT_1_TEMP=28
HEAT_1_DUTY=0
HEAT_1_SP=-20.0
HEAT_2_TEMP=30
HEAT_2_DUTY=0
HEAT_2_SP=-20.0
HEAT_3_TEMP=28
HEAT_3_DUTY=0
HEAT_3_SP=-20.0
HEAT_4_TEMP=38
HEAT_4_DUTY=0
HEAT_4_SP=-20.0

[22:09:43.686 EBOX]
TS=1786202681.371
V_SENSE5=1.1328125
V_SENSE9=0.0537109375
V_SENSE12=0.10009765625
ADC_V5=4.94720458984375
ADC_V9=9.0093994140625
ADC_V12=11.505126953125
ADC_V28=27.92205810546875
THERMAL_SENS_OUT_1=27
THERMAL_SENS_OUT_2=-50
THERMAL_SENS_OUT_3=29
THERMAL_SENS_OUT_4=27
THERMAL_SENS_OUT_5=38
THERMAL_SENS_OUT_6=-50
THERMAL_SENS_INT_1=28
THERMAL_SENS_INT_2=31
PG_5=1
PG_9=0
PG_12=1
FLT_P2=0
FLT_P3=0
HEAT_1_TEMP=27
HEAT_1_DUTY=0
HEAT_1_SP=-20.0
HEAT_2_TEMP=29
HEAT_2_DUTY=0
HEAT_2_SP=-20.0
HEAT_3_TEMP=27
HEAT_3_DUTY=0
HEAT_3_SP=-20.0
HEAT_4_TEMP=38
HEAT_4_DUTY=0
HEAT_4_SP=-20.0

[22:09:44.092 CUBESAT]
TS=1786204449.611
PG_5=1
PG_9=0
PG_12=0
FLT_P2=0
FLT_P3=0
HEAT_1_TEMP=0.0
HEAT_1_DUTY=0
HEAT_1_SP=-20.0
ENC_RAW=2185
ENC_ANGLE=48.01025390625
ENC_ACCUM=902.63671875
AUTO_STOP=1
MOTOR_ANGLE=0.004941860465116279
MOTOR_ACCUM=822.5630813953488
MOTOR_ROT=1572

[22:09:44.530 CUBESAT]
TS=1786204451.618
PG_5=1
PG_9=0
PG_12=0
FLT_P2=0
FLT_P3=0
HEAT_1_TEMP=0.0
HEAT_1_DUTY=0
HEAT_1_SP=-20.0
ENC_RAW=2189
ENC_ANGLE=48.09814453125
ENC_ACCUM=902.724609375
AUTO_STOP=1
MOTOR_ANGLE=0.004941860465116279
MOTOR_ACCUM=822.5630813953488
MOTOR_ROT=1572

[22:09:44.659 EBOX]
TS=1786202683.371
V_SENSE5=1.12548828125
V_SENSE9=0.0341796875
V_SENSE12=0.09765625
ADC_V5=4.9383544921875
ADC_V9=8.7261962890625
ADC_V12=11.788330078125
ADC_V28=27.70965576171875
THERMAL_SENS_OUT_1=29
THERMAL_SENS_OUT_2=-50
THERMAL_SENS_OUT_3=26
THERMAL_SENS_OUT_4=26
THERMAL_SENS_OUT_5=37
THERMAL_SENS_OUT_6=-50
THERMAL_SENS_INT_1=27
THERMAL_SENS_INT_2=26
PG_5=1
PG_9=0
PG_12=1
FLT_P2=0
FLT_P3=0
HEAT_1_TEMP=29
HEAT_1_DUTY=0
HEAT_1_SP=-20.0
HEAT_2_TEMP=26
HEAT_2_DUTY=0
HEAT_2_SP=-20.0
HEAT_3_TEMP=26
HEAT_3_DUTY=0
HEAT_3_SP=-20.0
HEAT_4_TEMP=37
HEAT_4_DUTY=0
HEAT_4_SP=-20.0

[22:09:46.275 CUBESAT]
TS=1786204453.622
PG_5=1
PG_9=0
PG_12=0
FLT_P2=0
FLT_P3=0
HEAT_1_TEMP=0.0
HEAT_1_DUTY=0
HEAT_1_SP=-20.0
ENC_RAW=2185
ENC_ANGLE=48.01025390625
ENC_ACCUM=902.63671875
AUTO_STOP=1
MOTOR_ANGLE=0.004941860465116279
MOTOR_ACCUM=822.5630813953488
MOTOR_ROT=1572

[22:09:46.694 EBOX]
TS=1786202685.373
V_SENSE5=1.19384765625
V_SENSE9=0.0390625
V_SENSE12=0.09765625
ADC_V5=4.85870361328125
ADC_V9=9.56695556640625
ADC_V12=11.62017822265625
ADC_V28=27.97515869140625
THERMAL_SENS_OUT_1=32
THERMAL_SENS_OUT_2=-50
THERMAL_SENS_OUT_3=29
THERMAL_SENS_OUT_4=28
THERMAL_SENS_OUT_5=39
THERMAL_SENS_OUT_6=-50
THERMAL_SENS_INT_1=30
THERMAL_SENS_INT_2=28
PG_5=1
PG_9=0
PG_12=1
FLT_P2=0
FLT_P3=0
HEAT_1_TEMP=32
HEAT_1_DUTY=0
HEAT_1_SP=-20.0
HEAT_2_TEMP=29
HEAT_2_DUTY=0
HEAT_2_SP=-20.0
HEAT_3_TEMP=28
HEAT_3_DUTY=0
HEAT_3_SP=-20.0
HEAT_4_TEMP=39
HEAT_4_DUTY=0
HEAT_4_SP=-20.0

[22:09:48.105 CUBESAT]
TS=1786204455.625
PG_5=1
PG_9=0
PG_12=0
FLT_P2=0
FLT_P3=0
HEAT_1_TEMP=0.0
HEAT_1_DUTY=0
HEAT_1_SP=-20.0
ENC_RAW=2189
ENC_ANGLE=48.09814453125
ENC_ACCUM=902.724609375
AUTO_STOP=1
MOTOR_ANGLE=0.004941860465116279
MOTOR_ACCUM=822.5630813953488
MOTOR_ROT=1572

[22:09:48.528 EBOX]
TS=1786202687.373
V_SENSE5=1.27197265625
V_SENSE9=0.0341796875
V_SENSE12=0.09521484375
ADC_V5=4.84100341796875
ADC_V9=9.239501953125
ADC_V12=11.53167724609375
ADC_V28=27.17864990234375
THERMAL_SENS_OUT_1=27
THERMAL_SENS_OUT_2=-50
THERMAL_SENS_OUT_3=30
THERMAL_SENS_OUT_4=29
THERMAL_SENS_OUT_5=35
THERMAL_SENS_OUT_6=-50
THERMAL_SENS_INT_1=26
THERMAL_SENS_INT_2=31
PG_5=1
PG_9=0
PG_12=1
FLT_P2=0
FLT_P3=0
HEAT_1_TEMP=27
HEAT_1_DUTY=0
HEAT_1_SP=-20.0
HEAT_2_TEMP=30
HEAT_2_DUTY=0
HEAT_2_SP=-20.0
HEAT_3_TEMP=29
HEAT_3_DUTY=0
HEAT_3_SP=-20.0
HEAT_4_TEMP=35
HEAT_4_DUTY=0
HEAT_4_SP=-20.0

[22:09:50.168 CUBESAT]
TS=1786204457.628
PG_5=1
PG_9=0
PG_12=0
FLT_P2=0
FLT_P3=0
HEAT_1_TEMP=0.0
HEAT_1_DUTY=10
HEAT_1_SP=-20.0
ENC_RAW=2186
ENC_ANGLE=48.0322265625
ENC_ACCUM=902.65869140625
AUTO_STOP=1
MOTOR_ANGLE=0.004941860465116279
MOTOR_ACCUM=822.5630813953488
MOTOR_ROT=1572

[22:09:50.697 EBOX]
TS=1786202689.374
V_SENSE5=1.1572265625
V_SENSE9=0.0341796875
V_SENSE12=0.09765625
ADC_V5=4.9737548828125
ADC_V9=9.15985107421875
ADC_V12=11.79718017578125
ADC_V28=27.6123046875
THERMAL_SENS_OUT_1=28
THERMAL_SENS_OUT_2=-50
THERMAL_SENS_OUT_3=30
THERMAL_SENS_OUT_4=28
THERMAL_SENS_OUT_5=40
THERMAL_SENS_OUT_6=-50
THERMAL_SENS_INT_1=31
THERMAL_SENS_INT_2=28
PG_5=1
PG_9=0
PG_12=1
FLT_P2=0
FLT_P3=0
HEAT_1_TEMP=28
HEAT_1_DUTY=0
HEAT_1_SP=-20.0
HEAT_2_TEMP=30
HEAT_2_DUTY=0
HEAT_2_SP=-20.0
HEAT_3_TEMP=28
HEAT_3_DUTY=0
HEAT_3_SP=-20.0
HEAT_4_TEMP=40
HEAT_4_DUTY=0
HEAT_4_SP=-20.0

[22:09:52.408 CUBESAT]
TS=1786204459.630
PG_5=1
PG_9=0
PG_12=0
FLT_P2=0
FLT_P3=0
HEAT_1_TEMP=0.0
HEAT_1_DUTY=0
HEAT_1_SP=-20.0
ENC_RAW=2187
ENC_ANGLE=48.05419921875
ENC_ACCUM=902.6806640625
AUTO_STOP=1
MOTOR_ANGLE=0.004941860465116279
MOTOR_ACCUM=822.5630813953488
MOTOR_ROT=1572

[22:09:53.037 EBOX]
TS=1786202691.379
V_SENSE5=1.15966796875
V_SENSE9=0.0341796875
V_SENSE12=0.1171875
ADC_V5=4.96490478515625
ADC_V9=9.31915283203125
ADC_V12=12.02728271484375
ADC_V28=27.6654052734375
THERMAL_SENS_OUT_1=29
THERMAL_SENS_OUT_2=-50
THERMAL_SENS_OUT_3=26
THERMAL_SENS_OUT_4=27
THERMAL_SENS_OUT_5=39
THERMAL_SENS_OUT_6=-50
THERMAL_SENS_INT_1=26
THERMAL_SENS_INT_2=28
PG_5=1
PG_9=0
PG_12=1
FLT_P2=0
FLT_P3=0
HEAT_1_TEMP=29
HEAT_1_DUTY=0
HEAT_1_SP=-20.0
HEAT_2_TEMP=26
HEAT_2_DUTY=0
HEAT_2_SP=-20.0
HEAT_3_TEMP=27
HEAT_3_DUTY=0
HEAT_3_SP=-20.0
HEAT_4_TEMP=39
HEAT_4_DUTY=0
HEAT_4_SP=-20.0

[22:09:54.752 EBOX]
TS=1786202693.378
V_SENSE5=1.142578125
V_SENSE9=0.03662109375
V_SENSE12=0.107421875
ADC_V5=4.8321533203125
ADC_V9=9.0093994140625
ADC_V12=11.88568115234375
ADC_V28=28.001708984375
THERMAL_SENS_OUT_1=32
THERMAL_SENS_OUT_2=-50
THERMAL_SENS_OUT_3=29
THERMAL_SENS_OUT_4=27
THERMAL_SENS_OUT_5=38
THERMAL_SENS_OUT_6=-50
THERMAL_SENS_INT_1=27
THERMAL_SENS_INT_2=28
PG_5=1
PG_9=0
PG_12=1
FLT_P2=0
FLT_P3=0
HEAT_1_TEMP=32
HEAT_1_DUTY=0
HEAT_1_SP=-20.0
HEAT_2_TEMP=29
HEAT_2_DUTY=0
HEAT_2_SP=-20.0
HEAT_3_TEMP=27
HEAT_3_DUTY=0
HEAT_3_SP=-20.0
HEAT_4_TEMP=38
HEAT_4_DUTY=0
HEAT_4_SP=-20.0

[22:09:54.967 CUBESAT]
TS=1786204461.638
PG_5=1
PG_9=0
PG_12=0
FLT_P2=0
FLT_P3=0
HEAT_1_TEMP=0.0
HEAT_1_DUTY=0
HEAT_1_SP=-20.0
ENC_RAW=2188
ENC_ANGLE=48.076171875
ENC_ACCUM=902.70263671875
AUTO_STOP=1
MOTOR_ANGLE=0.004941860465116279
MOTOR_ACCUM=822.5630813953488
MOTOR_ROT=1572

[22:09:56.598 EBOX]
TS=1786202695.378
V_SENSE5=1.24267578125
V_SENSE9=0.03662109375
V_SENSE12=0.12451171875
ADC_V5=4.9737548828125
ADC_V9=8.92974853515625
ADC_V12=11.9122314453125
ADC_V28=27.44415283203125
THERMAL_SENS_OUT_1=28
THERMAL_SENS_OUT_2=-50
THERMAL_SENS_OUT_3=26
THERMAL_SENS_OUT_4=33
THERMAL_SENS_OUT_5=36
THERMAL_SENS_OUT_6=-50
THERMAL_SENS_INT_1=25
THERMAL_SENS_INT_2=30
PG_5=1
PG_9=0
PG_12=1
FLT_P2=0
FLT_P3=0
HEAT_1_TEMP=28
HEAT_1_DUTY=0
HEAT_1_SP=-20.0
HEAT_2_TEMP=26
HEAT_2_DUTY=0
HEAT_2_SP=-20.0
HEAT_3_TEMP=33
HEAT_3_DUTY=0
HEAT_3_SP=-20.0
HEAT_4_TEMP=36
HEAT_4_DUTY=0
HEAT_4_SP=-20.0

[22:09:57.173 CUBESAT]
TS=1786204463.641
PG_5=1
PG_9=0
PG_12=0
FLT_P2=0
FLT_P3=0
HEAT_1_TEMP=0.0
HEAT_1_DUTY=0
HEAT_1_SP=-20.0
ENC_RAW=2190
ENC_ANGLE=48.1201171875
ENC_ACCUM=902.74658203125
AUTO_STOP=1
MOTOR_ANGLE=0.004941860465116279
MOTOR_ACCUM=822.5630813953488
MOTOR_ROT=1572

[22:09:58.337 CUBESAT]
TS=1786204465.645
PG_5=1
PG_9=0
PG_12=0
FLT_P2=0
FLT_P3=0
HEAT_1_TEMP=0.0
HEAT_1_DUTY=0
HEAT_1_SP=-20.0
ENC_RAW=2189
ENC_ANGLE=48.09814453125
ENC_ACCUM=902.724609375
AUTO_STOP=1
MOTOR_ANGLE=0.004941860465116279
MOTOR_ACCUM=822.5630813953488
MOTOR_ROT=1572

[22:09:58.762 EBOX]
TS=1786202697.381
V_SENSE5=1.15234375
V_SENSE9=0.03662109375
V_SENSE12=0.10986328125
ADC_V5=4.9383544921875
ADC_V9=8.94744873046875
ADC_V12=11.79718017578125
ADC_V28=27.19635009765625
THERMAL_SENS_OUT_1=28
THERMAL_SENS_OUT_2=-50
THERMAL_SENS_OUT_3=26
THERMAL_SENS_OUT_4=31
THERMAL_SENS_OUT_5=35
THERMAL_SENS_OUT_6=-50
THERMAL_SENS_INT_1=30
THERMAL_SENS_INT_2=28
PG_5=1
PG_9=0
PG_12=1
FLT_P2=0
FLT_P3=0
HEAT_1_TEMP=28
HEAT_1_DUTY=0
HEAT_1_SP=-20.0
HEAT_2_TEMP=26
HEAT_2_DUTY=0
HEAT_2_SP=-20.0
HEAT_3_TEMP=31
HEAT_3_DUTY=0
HEAT_3_SP=-20.0
HEAT_4_TEMP=35
HEAT_4_DUTY=0
HEAT_4_SP=-20.0

[22:10:00.290 CUBESAT]
TS=1786204467.651
PG_5=1
PG_9=0
PG_12=0
FLT_P2=0
FLT_P3=0
HEAT_1_TEMP=0.0
HEAT_1_DUTY=10
HEAT_1_SP=-20.0
ENC_RAW=2189
ENC_ANGLE=48.09814453125
ENC_ACCUM=902.724609375
AUTO_STOP=1
MOTOR_ANGLE=0.004941860465116279
MOTOR_ACCUM=822.5630813953488
MOTOR_ROT=1572

[22:10:00.524 EBOX]
TS=1786202699.383
V_SENSE5=1.40380859375
V_SENSE9=0.0390625
V_SENSE12=0.0927734375
ADC_V5=4.94720458984375
ADC_V9=9.53155517578125
ADC_V12=11.65557861328125
ADC_V28=28.15216064453125
THERMAL_SENS_OUT_1=32
THERMAL_SENS_OUT_2=-50
THERMAL_SENS_OUT_3=29
THERMAL_SENS_OUT_4=27
THERMAL_SENS_OUT_5=38
THERMAL_SENS_OUT_6=-50
THERMAL_SENS_INT_1=29
THERMAL_SENS_INT_2=27
PG_5=1
PG_9=0
PG_12=1
FLT_P2=0
FLT_P3=0
HEAT_1_TEMP=32
HEAT_1_DUTY=0
HEAT_1_SP=-20.0
HEAT_2_TEMP=29
HEAT_2_DUTY=0
HEAT_2_SP=-20.0
HEAT_3_TEMP=27
HEAT_3_DUTY=0
HEAT_3_SP=-20.0
HEAT_4_TEMP=38
HEAT_4_DUTY=0
HEAT_4_SP=-20.0

[22:10:02.180 CUBESAT]
TS=1786204469.655
PG_5=1
PG_9=0
PG_12=0
FLT_P2=0
FLT_P3=0
HEAT_1_TEMP=0.0
HEAT_1_DUTY=0
HEAT_1_SP=-20.0
ENC_RAW=2186
ENC_ANGLE=48.0322265625
ENC_ACCUM=902.65869140625
AUTO_STOP=1
MOTOR_ANGLE=0.004941860465116279
MOTOR_ACCUM=822.5630813953488
MOTOR_ROT=1572

[22:10:02.498 EBOX]
TS=1786202701.394
V_SENSE5=1.0107421875
V_SENSE9=0.0390625
V_SENSE12=0.13671875
ADC_V5=4.8321533203125
ADC_V9=9.13330078125
ADC_V12=11.77947998046875
ADC_V28=27.2052001953125
THERMAL_SENS_OUT_1=29
THERMAL_SENS_OUT_2=-50
THERMAL_SENS_OUT_3=30
THERMAL_SENS_OUT_4=30
THERMAL_SENS_OUT_5=40
THERMAL_SENS_OUT_6=-50
THERMAL_SENS_INT_1=31
THERMAL_SENS_INT_2=28
PG_5=1
PG_9=0
PG_12=1
FLT_P2=0
FLT_P3=0
HEAT_1_TEMP=29
HEAT_1_DUTY=0
HEAT_1_SP=-20.0
HEAT_2_TEMP=30
HEAT_2_DUTY=0
HEAT_2_SP=-20.0
HEAT_3_TEMP=30
HEAT_3_DUTY=0
HEAT_3_SP=-20.0
HEAT_4_TEMP=40
HEAT_4_DUTY=0
HEAT_4_SP=-20.0

[22:10:04.316 CUBESAT]
TS=1786204471.658
PG_5=1
PG_9=0
PG_12=0
FLT_P2=0
FLT_P3=0
HEAT_1_TEMP=0.0
HEAT_1_DUTY=0
HEAT_1_SP=-20.0
ENC_RAW=2185
ENC_ANGLE=48.01025390625
ENC_ACCUM=902.63671875
AUTO_STOP=1
MOTOR_ANGLE=0.004941860465116279
MOTOR_ACCUM=822.5630813953488
MOTOR_ROT=1572

[22:10:04.740 EBOX]
TS=1786202703.386
V_SENSE5=1.20361328125
V_SENSE9=0.0341796875
V_SENSE12=0.09765625
ADC_V5=4.991455078125
ADC_V9=9.46075439453125
ADC_V12=11.67327880859375
ADC_V28=28.04595947265625
THERMAL_SENS_OUT_1=32
THERMAL_SENS_OUT_2=-50
THERMAL_SENS_OUT_3=26
THERMAL_SENS_OUT_4=26
THERMAL_SENS_OUT_5=36
THERMAL_SENS_OUT_6=-50
THERMAL_SENS_INT_1=29
THERMAL_SENS_INT_2=28
PG_5=1
PG_9=0
PG_12=1
FLT_P2=0
FLT_P3=0
HEAT_1_TEMP=32
HEAT_1_DUTY=0
HEAT_1_SP=-20.0
HEAT_2_TEMP=26
HEAT_2_DUTY=0
HEAT_2_SP=-20.0
HEAT_3_TEMP=26
HEAT_3_DUTY=0
HEAT_3_SP=-20.0
HEAT_4_TEMP=36
HEAT_4_DUTY=0
HEAT_4_SP=-20.0

[22:10:06.180 CUBESAT]
TS=1786204473.662
PG_5=1
PG_9=0
PG_12=0
FLT_P2=0
FLT_P3=0
HEAT_1_TEMP=0.0
HEAT_1_DUTY=10
HEAT_1_SP=-20.0
ENC_RAW=2188
ENC_ANGLE=48.076171875
ENC_ACCUM=902.70263671875
AUTO_STOP=1
MOTOR_ANGLE=0.004941860465116279
MOTOR_ACCUM=822.5630813953488
MOTOR_ROT=1572

[22:10:06.801 EBOX]
TS=1786202705.386
V_SENSE5=1.16943359375
V_SENSE9=0.07568359375
V_SENSE12=0.12451171875
ADC_V5=4.920654296875
ADC_V9=9.24835205078125
ADC_V12=11.8060302734375
ADC_V28=27.435302734375
THERMAL_SENS_OUT_1=27
THERMAL_SENS_OUT_2=-50
THERMAL_SENS_OUT_3=25
THERMAL_SENS_OUT_4=31
THERMAL_SENS_OUT_5=35
THERMAL_SENS_OUT_6=-50
THERMAL_SENS_INT_1=24
THERMAL_SENS_INT_2=30
PG_5=1
PG_9=0
PG_12=1
FLT_P2=0
FLT_P3=0
HEAT_1_TEMP=27
HEAT_1_DUTY=0
HEAT_1_SP=-20.0
HEAT_2_TEMP=25
HEAT_2_DUTY=0
HEAT_2_SP=-20.0
HEAT_3_TEMP=31
HEAT_3_DUTY=0
HEAT_3_SP=-20.0
HEAT_4_TEMP=35
HEAT_4_DUTY=0
HEAT_4_SP=-20.0

[22:10:08.858 EBOX]
TS=1786202707.388
V_SENSE5=1.17431640625
V_SENSE9=0.0341796875
V_SENSE12=0.1220703125
ADC_V5=4.98260498046875
ADC_V9=9.03594970703125
ADC_V12=11.82373046875
ADC_V28=27.17864990234375
THERMAL_SENS_OUT_1=29
THERMAL_SENS_OUT_2=-50
THERMAL_SENS_OUT_3=30
THERMAL_SENS_OUT_4=28
THERMAL_SENS_OUT_5=39
THERMAL_SENS_OUT_6=-50
THERMAL_SENS_INT_1=30
THERMAL_SENS_INT_2=28
PG_5=1
PG_9=0
PG_12=1
FLT_P2=0
FLT_P3=0
HEAT_1_TEMP=29
HEAT_1_DUTY=0
HEAT_1_SP=-20.0
HEAT_2_TEMP=30
HEAT_2_DUTY=0
HEAT_2_SP=-20.0
HEAT_3_TEMP=28
HEAT_3_DUTY=0
HEAT_3_SP=-20.0
HEAT_4_TEMP=39
HEAT_4_DUTY=0
HEAT_4_SP=-20.0

[22:10:09.164 CUBESAT]
TS=1786204475.668
PG_5=1
PG_9=0
PG_12=0
FLT_P2=0
FLT_P3=0
HEAT_1_TEMP=0.0
HEAT_1_DUTY=0
HEAT_1_SP=-20.0
ENC_RAW=2187
ENC_ANGLE=48.05419921875
ENC_ACCUM=902.6806640625
AUTO_STOP=1
MOTOR_ANGLE=0.004941860465116279
MOTOR_ACCUM=822.5630813953488
MOTOR_ROT=1572

[22:10:10.945 CUBESAT]
TS=1786204477.671
PG_5=1
PG_9=0
PG_12=0
FLT_P2=0
FLT_P3=0
HEAT_1_TEMP=0.0
HEAT_1_DUTY=0
HEAT_1_SP=-20.0
ENC_RAW=2190
ENC_ANGLE=48.1201171875
ENC_ACCUM=902.74658203125
AUTO_STOP=1
MOTOR_ANGLE=0.004941860465116279
MOTOR_ACCUM=822.5630813953488
MOTOR_ROT=1572

[22:10:11.065 EBOX]
TS=1786202709.390
V_SENSE5=1.12060546875
V_SENSE9=0.0341796875
V_SENSE12=0.10498046875
ADC_V5=4.9737548828125
ADC_V9=9.14215087890625
ADC_V12=11.4697265625
ADC_V28=27.65655517578125
THERMAL_SENS_OUT_1=29
THERMAL_SENS_OUT_2=-50
THERMAL_SENS_OUT_3=28
THERMAL_SENS_OUT_4=26
THERMAL_SENS_OUT_5=38
THERMAL_SENS_OUT_6=-50
THERMAL_SENS_INT_1=28
THERMAL_SENS_INT_2=29
PG_5=1
PG_9=0
PG_12=1
FLT_P2=0
FLT_P3=0
HEAT_1_TEMP=29
HEAT_1_DUTY=0
HEAT_1_SP=-20.0
HEAT_2_TEMP=28
HEAT_2_DUTY=0
HEAT_2_SP=-20.0
HEAT_3_TEMP=26
HEAT_3_DUTY=0
HEAT_3_SP=-20.0
HEAT_4_TEMP=38
HEAT_4_DUTY=0
HEAT_4_SP=-20.0

[22:10:12.577 CUBESAT]
TS=1786204479.678
PG_5=1
PG_9=0
PG_12=0
FLT_P2=0
FLT_P3=0
HEAT_1_TEMP=0.0
HEAT_1_DUTY=0
HEAT_1_SP=-20.0
ENC_RAW=2189
ENC_ANGLE=48.09814453125
ENC_ACCUM=902.724609375
AUTO_STOP=1
MOTOR_ANGLE=0.004941860465116279
MOTOR_ACCUM=822.5630813953488
MOTOR_ROT=1572

[22:10:12.999 EBOX]
TS=1786202711.392
V_SENSE5=1.1767578125
V_SENSE9=0.09521484375
V_SENSE12=0.13427734375
ADC_V5=4.9029541015625
ADC_V9=8.85894775390625
ADC_V12=11.9122314453125
ADC_V28=27.5592041015625
THERMAL_SENS_OUT_1=27
THERMAL_SENS_OUT_2=-50
THERMAL_SENS_OUT_3=30
THERMAL_SENS_OUT_4=28
THERMAL_SENS_OUT_5=39
THERMAL_SENS_OUT_6=-50
THERMAL_SENS_INT_1=24
THERMAL_SENS_INT_2=28
PG_5=1
PG_9=0
PG_12=1
FLT_P2=0
FLT_P3=0
HEAT_1_TEMP=27
HEAT_1_DUTY=0
HEAT_1_SP=-20.0
HEAT_2_TEMP=30
HEAT_2_DUTY=0
HEAT_2_SP=-20.0
HEAT_3_TEMP=28
HEAT_3_DUTY=0
HEAT_3_SP=-20.0
HEAT_4_TEMP=39
HEAT_4_DUTY=0
HEAT_4_SP=-20.0

[22:10:14.570 EBOX]
TS=1786202713.401
V_SENSE5=1.0986328125
V_SENSE9=0.0390625
V_SENSE12=0.1025390625
ADC_V5=4.9737548828125
ADC_V9=8.9739990234375
ADC_V12=11.63787841796875
ADC_V28=27.54150390625
THERMAL_SENS_OUT_1=30
THERMAL_SENS_OUT_2=-50
THERMAL_SENS_OUT_3=25
THERMAL_SENS_OUT_4=28
THERMAL_SENS_OUT_5=39
THERMAL_SENS_OUT_6=-50
THERMAL_SENS_INT_1=24
THERMAL_SENS_INT_2=27
PG_5=1
PG_9=0
PG_12=1
FLT_P2=0
FLT_P3=0
HEAT_1_TEMP=30
HEAT_1_DUTY=0
HEAT_1_SP=-20.0
HEAT_2_TEMP=25
HEAT_2_DUTY=0
HEAT_2_SP=-20.0
HEAT_3_TEMP=28
HEAT_3_DUTY=0
HEAT_3_SP=-20.0
HEAT_4_TEMP=39
HEAT_4_DUTY=0
HEAT_4_SP=-20.0

[22:10:15.179 CUBESAT]
TS=1786204481.682
PG_5=1
PG_9=0
PG_12=0
FLT_P2=0
FLT_P3=0
HEAT_1_TEMP=0.0
HEAT_1_DUTY=0
HEAT_1_SP=-20.0
ENC_RAW=2188
ENC_ANGLE=48.076171875
ENC_ACCUM=902.70263671875
AUTO_STOP=1
MOTOR_ANGLE=0.004941860465116279
MOTOR_ACCUM=822.5630813953488
MOTOR_ROT=1572

[22:10:16.502 CUBESAT]
TS=1786204483.685
PG_5=1
PG_9=0
PG_12=0
FLT_P2=0
FLT_P3=0
HEAT_1_TEMP=0.0
HEAT_1_DUTY=10
HEAT_1_SP=-20.0
ENC_RAW=2189
ENC_ANGLE=48.09814453125
ENC_ACCUM=902.724609375
AUTO_STOP=1
MOTOR_ANGLE=0.004941860465116279
MOTOR_ACCUM=822.5630813953488
MOTOR_ROT=1572

[22:10:17.125 EBOX]
TS=1786202715.395
V_SENSE5=1.12548828125
V_SENSE9=0.0390625
V_SENSE12=0.12451171875
ADC_V5=5.0091552734375
ADC_V9=9.38995361328125
ADC_V12=11.929931640625
ADC_V28=27.6654052734375
THERMAL_SENS_OUT_1=27
THERMAL_SENS_OUT_2=-50
THERMAL_SENS_OUT_3=26
THERMAL_SENS_OUT_4=32
THERMAL_SENS_OUT_5=36
THERMAL_SENS_OUT_6=-50
THERMAL_SENS_INT_1=29
THERMAL_SENS_INT_2=31
PG_5=1
PG_9=0
PG_12=1
FLT_P2=0
FLT_P3=0
HEAT_1_TEMP=27
HEAT_1_DUTY=0
HEAT_1_SP=-20.0
HEAT_2_TEMP=26
HEAT_2_DUTY=0
HEAT_2_SP=-20.0
HEAT_3_TEMP=32
HEAT_3_DUTY=0
HEAT_3_SP=-20.0
HEAT_4_TEMP=36
HEAT_4_DUTY=0
HEAT_4_SP=-20.0

[22:10:18.439 CUBESAT]
TS=1786204485.688
PG_5=1
PG_9=0
PG_12=0
FLT_P2=0
FLT_P3=0
HEAT_1_TEMP=0.0
HEAT_1_DUTY=0
HEAT_1_SP=-20.0
ENC_RAW=2187
ENC_ANGLE=48.05419921875
ENC_ACCUM=902.6806640625
AUTO_STOP=1
MOTOR_ANGLE=0.004941860465116279
MOTOR_ACCUM=822.5630813953488
MOTOR_ROT=1572

[22:10:18.866 EBOX]
TS=1786202717.397
V_SENSE5=1.10595703125
V_SENSE9=0.0390625
V_SENSE12=0.11962890625
ADC_V5=4.9737548828125
ADC_V9=9.2041015625
ADC_V12=11.86798095703125
ADC_V28=27.3468017578125
THERMAL_SENS_OUT_1=28
THERMAL_SENS_OUT_2=-50
THERMAL_SENS_OUT_3=26
THERMAL_SENS_OUT_4=30
THERMAL_SENS_OUT_5=34
THERMAL_SENS_OUT_6=-50
THERMAL_SENS_INT_1=25
THERMAL_SENS_INT_2=28
PG_5=1
PG_9=0
PG_12=1
FLT_P2=0
FLT_P3=0
HEAT_1_TEMP=28
HEAT_1_DUTY=0
HEAT_1_SP=-20.0
HEAT_2_TEMP=26
HEAT_2_DUTY=0
HEAT_2_SP=-20.0
HEAT_3_TEMP=30
HEAT_3_DUTY=0
HEAT_3_SP=-20.0
HEAT_4_TEMP=34
HEAT_4_DUTY=0
HEAT_4_SP=-20.0

[22:10:20.221 CUBESAT]
TS=1786204487.691
PG_5=1
PG_9=0
PG_12=0
FLT_P2=0
FLT_P3=0
HEAT_1_TEMP=0.0
HEAT_1_DUTY=0
HEAT_1_SP=-20.0
ENC_RAW=2186
ENC_ANGLE=48.0322265625
ENC_ACCUM=902.65869140625
AUTO_STOP=1
MOTOR_ANGLE=0.004941860465116279
MOTOR_ACCUM=822.5630813953488
MOTOR_ROT=1572

[22:10:21.662 EBOX]
TS=1786202719.399
V_SENSE5=1.142578125
V_SENSE9=0.0341796875
V_SENSE12=0.12939453125
ADC_V5=4.991455078125
ADC_V9=9.381103515625
ADC_V12=11.82373046875
ADC_V28=27.17864990234375
THERMAL_SENS_OUT_1=28
THERMAL_SENS_OUT_2=-50
THERMAL_SENS_OUT_3=27
THERMAL_SENS_OUT_4=28
THERMAL_SENS_OUT_5=37
THERMAL_SENS_OUT_6=-50
THERMAL_SENS_INT_1=29
THERMAL_SENS_INT_2=27
PG_5=1
PG_9=0
PG_12=1
FLT_P2=0
FLT_P3=0
HEAT_1_TEMP=28
HEAT_1_DUTY=0
HEAT_1_SP=-20.0
HEAT_2_TEMP=27
HEAT_2_DUTY=0
HEAT_2_SP=-20.0
HEAT_3_TEMP=28
HEAT_3_DUTY=0
HEAT_3_SP=-20.0
HEAT_4_TEMP=37
HEAT_4_DUTY=0
HEAT_4_SP=-20.0

[22:10:22.615 CUBESAT]
TS=1786204489.699
PG_5=1
PG_9=0
PG_12=0
FLT_P2=0
FLT_P3=0
HEAT_1_TEMP=0.0
HEAT_1_DUTY=0
HEAT_1_SP=-20.0
ENC_RAW=2187
ENC_ANGLE=48.05419921875
ENC_ACCUM=902.6806640625
AUTO_STOP=1
MOTOR_ANGLE=0.004941860465116279
MOTOR_ACCUM=822.5630813953488
MOTOR_ROT=1572

[22:10:23.040 EBOX]
TS=1786202721.400
V_SENSE5=1.11083984375
V_SENSE9=0.03662109375
V_SENSE12=0.1123046875
ADC_V5=5.00030517578125
ADC_V9=9.1156005859375
ADC_V12=11.646728515625
ADC_V28=27.32025146484375
THERMAL_SENS_OUT_1=28
THERMAL_SENS_OUT_2=-50
THERMAL_SENS_OUT_3=28
THERMAL_SENS_OUT_4=26
THERMAL_SENS_OUT_5=37
THERMAL_SENS_OUT_6=-50
THERMAL_SENS_INT_1=26
THERMAL_SENS_INT_2=32
PG_5=1
PG_9=0
PG_12=1
FLT_P2=0
FLT_P3=0
HEAT_1_TEMP=28
HEAT_1_DUTY=0
HEAT_1_SP=-20.0
HEAT_2_TEMP=28
HEAT_2_DUTY=0
HEAT_2_SP=-20.0
HEAT_3_TEMP=26
HEAT_3_DUTY=0
HEAT_3_SP=-20.0
HEAT_4_TEMP=37
HEAT_4_DUTY=0
HEAT_4_SP=-20.0

[22:10:24.674 EBOX]
TS=1786202723.401
V_SENSE5=1.20361328125
V_SENSE9=0.0341796875
V_SENSE12=0.11474609375
ADC_V5=5.0091552734375
ADC_V9=9.1510009765625
ADC_V12=11.8060302734375
ADC_V28=27.19635009765625
THERMAL_SENS_OUT_1=29
THERMAL_SENS_OUT_2=-50
THERMAL_SENS_OUT_3=29
THERMAL_SENS_OUT_4=28
THERMAL_SENS_OUT_5=36
THERMAL_SENS_OUT_6=-50
THERMAL_SENS_INT_1=26
THERMAL_SENS_INT_2=28
PG_5=1
PG_9=0
PG_12=1
FLT_P2=0
FLT_P3=0
HEAT_1_TEMP=29
HEAT_1_DUTY=0
HEAT_1_SP=-20.0
HEAT_2_TEMP=29
HEAT_2_DUTY=0
HEAT_2_SP=-20.0
HEAT_3_TEMP=28
HEAT_3_DUTY=0
HEAT_3_SP=-20.0
HEAT_4_TEMP=36
HEAT_4_DUTY=0
HEAT_4_SP=-20.0

[22:10:25.181 CUBESAT]
TS=1786204491.702
PG_5=1
PG_9=0
PG_12=0
FLT_P2=0
FLT_P3=0
HEAT_1_TEMP=0.0
HEAT_1_DUTY=0
HEAT_1_SP=-20.0
ENC_RAW=2186
ENC_ANGLE=48.0322265625
ENC_ACCUM=902.65869140625
AUTO_STOP=1
MOTOR_ANGLE=0.004941860465116279
MOTOR_ACCUM=822.5630813953488
MOTOR_ROT=1572

[22:10:26.535 CUBESAT]
TS=1786204493.705
PG_5=1
PG_9=0
PG_12=0
FLT_P2=0
FLT_P3=0
HEAT_1_TEMP=0.0
HEAT_1_DUTY=10
HEAT_1_SP=-20.0
ENC_RAW=2186
ENC_ANGLE=48.0322265625
ENC_ACCUM=902.65869140625
AUTO_STOP=1
MOTOR_ANGLE=0.004941860465116279
MOTOR_ACCUM=822.5630813953488
MOTOR_ROT=1572

[22:10:27.060 EBOX]
TS=1786202725.403
V_SENSE5=1.1865234375
V_SENSE9=0.0390625
V_SENSE12=0.1318359375
ADC_V5=5.0091552734375
ADC_V9=8.9208984375
ADC_V12=11.86798095703125
ADC_V28=27.3468017578125
THERMAL_SENS_OUT_1=28
THERMAL_SENS_OUT_2=-50
THERMAL_SENS_OUT_3=26
THERMAL_SENS_OUT_4=29
THERMAL_SENS_OUT_5=37
THERMAL_SENS_OUT_6=-50
THERMAL_SENS_INT_1=27
THERMAL_SENS_INT_2=28
PG_5=1
PG_9=0
PG_12=1
FLT_P2=0
FLT_P3=0
HEAT_1_TEMP=28
HEAT_1_DUTY=0
HEAT_1_SP=-20.0
HEAT_2_TEMP=26
HEAT_2_DUTY=0
HEAT_2_SP=-20.0
HEAT_3_TEMP=29
HEAT_3_DUTY=0
HEAT_3_SP=-20.0
HEAT_4_TEMP=37
HEAT_4_DUTY=0
HEAT_4_SP=-20.0

[22:10:28.516 EBOX]
TS=1786202727.412
V_SENSE5=1.123046875
V_SENSE9=0.0341796875
V_SENSE12=0.10009765625
ADC_V5=4.814453125
ADC_V9=8.8323974609375
ADC_V12=11.85028076171875
ADC_V28=28.072509765625
THERMAL_SENS_OUT_1=31
THERMAL_SENS_OUT_2=-50
THERMAL_SENS_OUT_3=25
THERMAL_SENS_OUT_4=27
THERMAL_SENS_OUT_5=39
THERMAL_SENS_OUT_6=-50
THERMAL_SENS_INT_1=27
THERMAL_SENS_INT_2=28
PG_5=1
PG_9=0
PG_12=1
FLT_P2=0
FLT_P3=0
HEAT_1_TEMP=31
HEAT_1_DUTY=0
HEAT_1_SP=-20.0
HEAT_2_TEMP=25
HEAT_2_DUTY=0
HEAT_2_SP=-20.0
HEAT_3_TEMP=27
HEAT_3_DUTY=0
HEAT_3_SP=-20.0
HEAT_4_TEMP=39
HEAT_4_DUTY=0
HEAT_4_SP=-20.0

[22:10:29.124 CUBESAT]
TS=1786204495.708
PG_5=1
PG_9=0
PG_12=0
FLT_P2=0
FLT_P3=0
HEAT_1_TEMP=0.0
HEAT_1_DUTY=0
HEAT_1_SP=-20.0
ENC_RAW=2185
ENC_ANGLE=48.01025390625
ENC_ACCUM=902.63671875
AUTO_STOP=1
MOTOR_ANGLE=0.004941860465116279
MOTOR_ACCUM=822.5630813953488
MOTOR_ROT=1572

[22:10:30.262 CUBESAT]
TS=1786204497.712
PG_5=1
PG_9=0
PG_12=0
FLT_P2=0
FLT_P3=0
HEAT_1_TEMP=0.0
HEAT_1_DUTY=0
HEAT_1_SP=-20.0
ENC_RAW=2189
ENC_ANGLE=48.09814453125
ENC_ACCUM=902.724609375
AUTO_STOP=1
MOTOR_ANGLE=0.004941860465116279
MOTOR_ACCUM=822.5630813953488
MOTOR_ROT=1572

[22:10:30.686 EBOX]
TS=1786202729.406
V_SENSE5=1.328125
V_SENSE9=0.0390625
V_SENSE12=0.1025390625
ADC_V5=4.87640380859375
ADC_V9=9.027099609375
ADC_V12=11.6290283203125
ADC_V28=27.30255126953125
THERMAL_SENS_OUT_1=27
THERMAL_SENS_OUT_2=-50
THERMAL_SENS_OUT_3=26
THERMAL_SENS_OUT_4=32
THERMAL_SENS_OUT_5=36
THERMAL_SENS_OUT_6=-50
THERMAL_SENS_INT_1=24
THERMAL_SENS_INT_2=30
PG_5=1
PG_9=0
PG_12=1
FLT_P2=0
FLT_P3=0
HEAT_1_TEMP=27
HEAT_1_DUTY=0
HEAT_1_SP=-20.0
HEAT_2_TEMP=26
HEAT_2_DUTY=0
HEAT_2_SP=-20.0
HEAT_3_TEMP=32
HEAT_3_DUTY=0
HEAT_3_SP=-20.0
HEAT_4_TEMP=36
HEAT_4_DUTY=0
HEAT_4_SP=-20.0

[22:10:32.745 EBOX]
TS=1786202731.408
V_SENSE5=1.15966796875
V_SENSE9=0.03662109375
V_SENSE12=0.1171875
ADC_V5=4.920654296875
ADC_V9=9.5404052734375
ADC_V12=11.62017822265625
ADC_V28=27.8070068359375
THERMAL_SENS_OUT_1=27
THERMAL_SENS_OUT_2=-50
THERMAL_SENS_OUT_3=29
THERMAL_SENS_OUT_4=26
THERMAL_SENS_OUT_5=37
THERMAL_SENS_OUT_6=-50
THERMAL_SENS_INT_1=26
THERMAL_SENS_INT_2=32
PG_5=1
PG_9=0
PG_12=1
FLT_P2=0
FLT_P3=0
HEAT_1_TEMP=27
HEAT_1_DUTY=0
HEAT_1_SP=-20.0
HEAT_2_TEMP=29
HEAT_2_DUTY=0
HEAT_2_SP=-20.0
HEAT_3_TEMP=26
HEAT_3_DUTY=0
HEAT_3_SP=-20.0
HEAT_4_TEMP=37
HEAT_4_DUTY=0
HEAT_4_SP=-20.0

[22:10:33.754 CUBESAT]
TS=1786204499.715
PG_5=1
PG_9=0
PG_12=0
FLT_P2=0
FLT_P3=0
HEAT_1_TEMP=0.0
HEAT_1_DUTY=0
HEAT_1_SP=-20.0
ENC_RAW=2188
ENC_ANGLE=48.076171875
ENC_ACCUM=902.70263671875
AUTO_STOP=1
MOTOR_ANGLE=0.004941860465116279
MOTOR_ACCUM=822.5630813953488
MOTOR_ROT=1572

[22:10:34.262 CUBESAT]
TS=1786204501.718
PG_5=1
PG_9=0
PG_12=0
FLT_P2=0
FLT_P3=0
HEAT_1_TEMP=0.0
HEAT_1_DUTY=0
HEAT_1_SP=-20.0
ENC_RAW=2187
ENC_ANGLE=48.05419921875
ENC_ACCUM=902.6806640625
AUTO_STOP=1
MOTOR_ANGLE=0.004941860465116279
MOTOR_ACCUM=822.5630813953488
MOTOR_ROT=1572

[22:10:34.688 EBOX]
TS=1786202733.410
V_SENSE5=1.1572265625
V_SENSE9=0.0390625
V_SENSE12=0.11474609375
ADC_V5=5.08880615234375
ADC_V9=9.44305419921875
ADC_V12=11.8414306640625
ADC_V28=27.9486083984375
THERMAL_SENS_OUT_1=32
THERMAL_SENS_OUT_2=-50
THERMAL_SENS_OUT_3=27
THERMAL_SENS_OUT_4=28
THERMAL_SENS_OUT_5=34
THERMAL_SENS_OUT_6=-50
THERMAL_SENS_INT_1=30
THERMAL_SENS_INT_2=30
PG_5=1
PG_9=0
PG_12=1
FLT_P2=0
FLT_P3=0
HEAT_1_TEMP=32
HEAT_1_DUTY=0
HEAT_1_SP=-20.0
HEAT_2_TEMP=27
HEAT_2_DUTY=0
HEAT_2_SP=-20.0
HEAT_3_TEMP=28
HEAT_3_DUTY=0
HEAT_3_SP=-20.0
HEAT_4_TEMP=34
HEAT_4_DUTY=0
HEAT_4_SP=-20.0

[22:10:36.705 CUBESAT]
TS=1786204503.722
PG_5=1
PG_9=0
PG_12=0
FLT_P2=0
FLT_P3=0
HEAT_1_TEMP=0.0
HEAT_1_DUTY=0
HEAT_1_SP=-20.0
ENC_RAW=2188
ENC_ANGLE=48.076171875
ENC_ACCUM=902.70263671875
AUTO_STOP=1
MOTOR_ANGLE=0.004941860465116279
MOTOR_ACCUM=822.5630813953488
MOTOR_ROT=1572

[22:10:36.927 EBOX]
TS=1786202735.412
V_SENSE5=1.2255859375
V_SENSE9=0.0390625
V_SENSE12=0.1318359375
ADC_V5=4.920654296875
ADC_V9=9.1510009765625
ADC_V12=11.8060302734375
ADC_V28=27.26715087890625
THERMAL_SENS_OUT_1=28
THERMAL_SENS_OUT_2=-50
THERMAL_SENS_OUT_3=24
THERMAL_SENS_OUT_4=29
THERMAL_SENS_OUT_5=35
THERMAL_SENS_OUT_6=-50
THERMAL_SENS_INT_1=25
THERMAL_SENS_INT_2=29
PG_5=1
PG_9=0
PG_12=1
FLT_P2=0
FLT_P3=0
HEAT_1_TEMP=28
HEAT_1_DUTY=0
HEAT_1_SP=-20.0
HEAT_2_TEMP=24
HEAT_2_DUTY=0
HEAT_2_SP=-20.0
HEAT_3_TEMP=29
HEAT_3_DUTY=0
HEAT_3_SP=-20.0
HEAT_4_TEMP=35
HEAT_4_DUTY=0
HEAT_4_SP=-20.0

[22:10:38.697 CUBESAT]
TS=1786204505.725
PG_5=1
PG_9=0
PG_12=0
FLT_P2=0
FLT_P3=0
HEAT_1_TEMP=0.0
HEAT_1_DUTY=0
HEAT_1_SP=-20.0
ENC_RAW=2186
ENC_ANGLE=48.0322265625
ENC_ACCUM=902.65869140625
AUTO_STOP=1
MOTOR_ANGLE=0.004941860465116279
MOTOR_ACCUM=822.5630813953488
MOTOR_ROT=1572

[22:10:38.917 EBOX]
TS=1786202737.418
V_SENSE5=1.28173828125
V_SENSE9=0.0390625
V_SENSE12=0.09765625
ADC_V5=5.08880615234375
ADC_V9=8.98284912109375
ADC_V12=11.90338134765625
ADC_V28=27.9132080078125
THERMAL_SENS_OUT_1=29
THERMAL_SENS_OUT_2=-50
THERMAL_SENS_OUT_3=24
THERMAL_SENS_OUT_4=27
THERMAL_SENS_OUT_5=36
THERMAL_SENS_OUT_6=-50
THERMAL_SENS_INT_1=27
THERMAL_SENS_INT_2=26
PG_5=1
PG_9=0
PG_12=1
FLT_P2=0
FLT_P3=0
HEAT_1_TEMP=29
HEAT_1_DUTY=0
HEAT_1_SP=-20.0
HEAT_2_TEMP=24
HEAT_2_DUTY=0
HEAT_2_SP=-20.0
HEAT_3_TEMP=27
HEAT_3_DUTY=0
HEAT_3_SP=-20.0
HEAT_4_TEMP=36
HEAT_4_DUTY=0
HEAT_4_SP=-20.0

[22:10:40.763 EBOX]
TS=1786202739.414
V_SENSE5=1.14501953125
V_SENSE9=0.03662109375
V_SENSE12=0.1318359375
ADC_V5=4.98260498046875
ADC_V9=9.0447998046875
ADC_V12=11.9122314453125
ADC_V28=27.3822021484375
THERMAL_SENS_OUT_1=28
THERMAL_SENS_OUT_2=-50
THERMAL_SENS_OUT_3=26
THERMAL_SENS_OUT_4=27
THERMAL_SENS_OUT_5=34
THERMAL_SENS_OUT_6=-50
THERMAL_SENS_INT_1=29
THERMAL_SENS_INT_2=29
PG_5=1
PG_9=0
PG_12=1
FLT_P2=0
FLT_P3=0
HEAT_1_TEMP=28
HEAT_1_DUTY=0
HEAT_1_SP=-20.0
HEAT_2_TEMP=26
HEAT_2_DUTY=0
HEAT_2_SP=-20.0
HEAT_3_TEMP=27
HEAT_3_DUTY=0
HEAT_3_SP=-20.0
HEAT_4_TEMP=34
HEAT_4_DUTY=0
HEAT_4_SP=-20.0

[22:10:41.084 CUBESAT]
TS=1786204507.728
PG_5=1
PG_9=0
PG_12=0
FLT_P2=0
FLT_P3=0
HEAT_1_TEMP=0.0
HEAT_1_DUTY=0
HEAT_1_SP=-20.0
ENC_RAW=2187
ENC_ANGLE=48.05419921875
ENC_ACCUM=902.6806640625
AUTO_STOP=1
MOTOR_ANGLE=0.004941860465116279
MOTOR_ACCUM=822.5630813953488
MOTOR_ROT=1572

[22:10:42.294 CUBESAT]
TS=1786204509.735
PG_5=1
PG_9=0
PG_12=0
FLT_P2=0
FLT_P3=0
HEAT_1_TEMP=0.0
HEAT_1_DUTY=10
HEAT_1_SP=-20.0
ENC_RAW=2186
ENC_ANGLE=48.0322265625
ENC_ACCUM=902.65869140625
AUTO_STOP=1
MOTOR_ANGLE=0.004941860465116279
MOTOR_ACCUM=822.5630813953488
MOTOR_ROT=1572

[22:10:42.611 EBOX]
TS=1786202741.415
V_SENSE5=1.2744140625
V_SENSE9=0.06103515625
V_SENSE12=0.1318359375
ADC_V5=4.8321533203125
ADC_V9=9.17755126953125
ADC_V12=11.82373046875
ADC_V28=27.72735595703125
THERMAL_SENS_OUT_1=31
THERMAL_SENS_OUT_2=-50
THERMAL_SENS_OUT_3=24
THERMAL_SENS_OUT_4=30
THERMAL_SENS_OUT_5=37
THERMAL_SENS_OUT_6=-50
THERMAL_SENS_INT_1=29
THERMAL_SENS_INT_2=32
PG_5=1
PG_9=0
PG_12=1
FLT_P2=0
FLT_P3=0
HEAT_1_TEMP=31
HEAT_1_DUTY=0
HEAT_1_SP=-20.0
HEAT_2_TEMP=24
HEAT_2_DUTY=0
HEAT_2_SP=-20.0
HEAT_3_TEMP=30
HEAT_3_DUTY=0
HEAT_3_SP=-20.0
HEAT_4_TEMP=37
HEAT_4_DUTY=0
HEAT_4_SP=-20.0

[22:10:44.475 CUBESAT]
TS=1786204511.737
PG_5=1
PG_9=0
PG_12=0
FLT_P2=0
FLT_P3=0
HEAT_1_TEMP=0.0
HEAT_1_DUTY=0
HEAT_1_SP=-20.0
ENC_RAW=2187
ENC_ANGLE=48.05419921875
ENC_ACCUM=902.6806640625
AUTO_STOP=1
MOTOR_ANGLE=0.004941860465116279
MOTOR_ACCUM=822.5630813953488
MOTOR_ROT=1572

[22:10:44.898 EBOX]
TS=1786202743.414
V_SENSE5=1.20849609375
V_SENSE9=0.0390625
V_SENSE12=0.1318359375
ADC_V5=4.991455078125
ADC_V9=8.9385986328125
ADC_V12=11.8414306640625
ADC_V28=27.8424072265625
THERMAL_SENS_OUT_1=33
THERMAL_SENS_OUT_2=-50
THERMAL_SENS_OUT_3=24
THERMAL_SENS_OUT_4=30
THERMAL_SENS_OUT_5=34
THERMAL_SENS_OUT_6=-50
THERMAL_SENS_INT_1=27
THERMAL_SENS_INT_2=28
PG_5=1
PG_9=0
PG_12=1
FLT_P2=0
FLT_P3=0
HEAT_1_TEMP=33
HEAT_1_DUTY=0
HEAT_1_SP=-20.0
HEAT_2_TEMP=24
HEAT_2_DUTY=0
HEAT_2_SP=-20.0
HEAT_3_TEMP=30
HEAT_3_DUTY=0
HEAT_3_SP=-20.0
HEAT_4_TEMP=34
HEAT_4_DUTY=0
HEAT_4_SP=-20.0

[22:10:46.314 CUBESAT]
TS=1786204513.742
PG_5=1
PG_9=0
PG_12=0
FLT_P2=0
FLT_P3=0
HEAT_1_TEMP=0.0
HEAT_1_DUTY=0
HEAT_1_SP=-20.0
ENC_RAW=2188
ENC_ANGLE=48.076171875
ENC_ACCUM=902.70263671875
AUTO_STOP=1
MOTOR_ANGLE=0.004941860465116279
MOTOR_ACCUM=822.5630813953488
MOTOR_ROT=1572

[22:10:46.939 EBOX]
TS=1786202745.416
V_SENSE5=1.16455078125
V_SENSE9=0.0341796875
V_SENSE12=0.13427734375
ADC_V5=4.9383544921875
ADC_V9=9.0093994140625
ADC_V12=11.79718017578125
ADC_V28=27.7008056640625
THERMAL_SENS_OUT_1=27
THERMAL_SENS_OUT_2=-50
THERMAL_SENS_OUT_3=24
THERMAL_SENS_OUT_4=27
THERMAL_SENS_OUT_5=39
THERMAL_SENS_OUT_6=-50
THERMAL_SENS_INT_1=27
THERMAL_SENS_INT_2=28
PG_5=1
PG_9=0
PG_12=1
FLT_P2=0
FLT_P3=0
HEAT_1_TEMP=27
HEAT_1_DUTY=0
HEAT_1_SP=-20.0
HEAT_2_TEMP=24
HEAT_2_DUTY=0
HEAT_2_SP=-20.0
HEAT_3_TEMP=27
HEAT_3_DUTY=0
HEAT_3_SP=-20.0
HEAT_4_TEMP=39
HEAT_4_DUTY=0
HEAT_4_SP=-20.0

[22:10:48.371 CUBESAT]
TS=1786204515.744
PG_5=1
PG_9=0
PG_12=0
FLT_P2=0
FLT_P3=0
HEAT_1_TEMP=0.0
HEAT_1_DUTY=0
HEAT_1_SP=-20.0
ENC_RAW=2187
ENC_ANGLE=48.05419921875
ENC_ACCUM=902.6806640625
AUTO_STOP=1
MOTOR_ANGLE=0.004941860465116279
MOTOR_ACCUM=822.5630813953488
MOTOR_ROT=1572

[22:10:48.890 EBOX]
TS=1786202747.417
V_SENSE5=1.171875
V_SENSE9=0.0390625
V_SENSE12=0.12451171875
ADC_V5=4.920654296875
ADC_V9=9.05364990234375
ADC_V12=11.7706298828125
ADC_V28=28.18756103515625
THERMAL_SENS_OUT_1=29
THERMAL_SENS_OUT_2=-50
THERMAL_SENS_OUT_3=24
THERMAL_SENS_OUT_4=30
THERMAL_SENS_OUT_5=34
THERMAL_SENS_OUT_6=-50
THERMAL_SENS_INT_1=25
THERMAL_SENS_INT_2=31
PG_5=1
PG_9=0
PG_12=1
FLT_P2=0
FLT_P3=0
HEAT_1_TEMP=29
HEAT_1_DUTY=0
HEAT_1_SP=-20.0
HEAT_2_TEMP=24
HEAT_2_DUTY=0
HEAT_2_SP=-20.0
HEAT_3_TEMP=30
HEAT_3_DUTY=0
HEAT_3_SP=-20.0
HEAT_4_TEMP=34
HEAT_4_DUTY=0
HEAT_4_SP=-20.0

[22:10:50.416 CUBESAT]
TS=1786204517.748
PG_5=1
PG_9=0
PG_12=0
FLT_P2=0
FLT_P3=0
HEAT_1_TEMP=0.0
HEAT_1_DUTY=0
HEAT_1_SP=-20.0
ENC_RAW=2188
ENC_ANGLE=48.076171875
ENC_ACCUM=902.70263671875
AUTO_STOP=1
MOTOR_ANGLE=0.004941860465116279
MOTOR_ACCUM=822.5630813953488
MOTOR_ROT=1572

[22:10:50.945 EBOX]
TS=1786202749.417
V_SENSE5=1.142578125
V_SENSE9=0.0341796875
V_SENSE12=0.09521484375
ADC_V5=4.9029541015625
ADC_V9=8.9208984375
ADC_V12=11.62017822265625
ADC_V28=28.20526123046875
THERMAL_SENS_OUT_1=29
THERMAL_SENS_OUT_2=-50
THERMAL_SENS_OUT_3=25
THERMAL_SENS_OUT_4=31
THERMAL_SENS_OUT_5=35
THERMAL_SENS_OUT_6=-50
THERMAL_SENS_INT_1=24
THERMAL_SENS_INT_2=28
PG_5=1
PG_9=0
PG_12=1
FLT_P2=0
FLT_P3=0
HEAT_1_TEMP=29
HEAT_1_DUTY=0
HEAT_1_SP=-20.0
HEAT_2_TEMP=25
HEAT_2_DUTY=0
HEAT_2_SP=-20.0
HEAT_3_TEMP=31
HEAT_3_DUTY=0
HEAT_3_SP=-20.0
HEAT_4_TEMP=35
HEAT_4_DUTY=0
HEAT_4_SP=-20.0

[22:10:52.355 CUBESAT]
TS=1786204519.751
PG_5=1
PG_9=0
PG_12=0
FLT_P2=0
FLT_P3=0
HEAT_1_TEMP=0.0
HEAT_1_DUTY=10
HEAT_1_SP=-20.0
ENC_RAW=2187
ENC_ANGLE=48.05419921875
ENC_ACCUM=902.6806640625
AUTO_STOP=1
MOTOR_ANGLE=0.004941860465116279
MOTOR_ACCUM=822.5630813953488
MOTOR_ROT=1572

[22:10:52.778 EBOX]
TS=1786202751.424
V_SENSE5=1.2060546875
V_SENSE9=0.0390625
V_SENSE12=0.1220703125
ADC_V5=4.9737548828125
ADC_V9=9.47845458984375
ADC_V12=11.79718017578125
ADC_V28=27.85125732421875
THERMAL_SENS_OUT_1=27
THERMAL_SENS_OUT_2=-50
THERMAL_SENS_OUT_3=24
THERMAL_SENS_OUT_4=27
THERMAL_SENS_OUT_5=35
THERMAL_SENS_OUT_6=-50
THERMAL_SENS_INT_1=25
THERMAL_SENS_INT_2=26
PG_5=1
PG_9=0
PG_12=1
FLT_P2=0
FLT_P3=0
HEAT_1_TEMP=27
HEAT_1_DUTY=0
HEAT_1_SP=-20.0
HEAT_2_TEMP=24
HEAT_2_DUTY=0
HEAT_2_SP=-20.0
HEAT_3_TEMP=27
HEAT_3_DUTY=0
HEAT_3_SP=-20.0
HEAT_4_TEMP=35
HEAT_4_DUTY=0
HEAT_4_SP=-20.0

[22:10:54.509 CUBESAT]
TS=1786204521.755
PG_5=1
PG_9=0
PG_12=0
FLT_P2=0
FLT_P3=0
HEAT_1_TEMP=0.0
HEAT_1_DUTY=0
HEAT_1_SP=-20.0
ENC_RAW=2191
ENC_ANGLE=48.14208984375
ENC_ACCUM=902.7685546875
AUTO_STOP=1
MOTOR_ANGLE=0.004941860465116279
MOTOR_ACCUM=822.5630813953488
MOTOR_ROT=1572

[22:10:54.731 EBOX]
TS=1786202753.423
V_SENSE5=1.21337890625
V_SENSE9=0.0390625
V_SENSE12=0.10009765625
ADC_V5=4.85870361328125
ADC_V9=9.44305419921875
ADC_V12=11.4874267578125
ADC_V28=27.74505615234375
THERMAL_SENS_OUT_1=29
THERMAL_SENS_OUT_2=-50
THERMAL_SENS_OUT_3=29
THERMAL_SENS_OUT_4=27
THERMAL_SENS_OUT_5=38
THERMAL_SENS_OUT_6=-50
THERMAL_SENS_INT_1=27
THERMAL_SENS_INT_2=26
PG_5=1
PG_9=0
PG_12=1
FLT_P2=0
FLT_P3=0
HEAT_1_TEMP=29
HEAT_1_DUTY=0
HEAT_1_SP=-20.0
HEAT_2_TEMP=29
HEAT_2_DUTY=0
HEAT_2_SP=-20.0
HEAT_3_TEMP=27
HEAT_3_DUTY=0
HEAT_3_SP=-20.0
HEAT_4_TEMP=38
HEAT_4_DUTY=0
HEAT_4_SP=-20.0

[22:10:56.345 CUBESAT]
TS=1786204523.758
PG_5=1
PG_9=0
PG_12=0
FLT_P2=0
FLT_P3=0
HEAT_1_TEMP=0.0
HEAT_1_DUTY=0
HEAT_1_SP=-20.0
ENC_RAW=2188
ENC_ANGLE=48.076171875
ENC_ACCUM=902.70263671875
AUTO_STOP=1
MOTOR_ANGLE=0.004941860465116279
MOTOR_ACCUM=822.5630813953488
MOTOR_ROT=1572

[22:10:57.566 EBOX]
TS=1786202755.425
V_SENSE5=1.25732421875
V_SENSE9=0.03662109375
V_SENSE12=0.09765625
ADC_V5=5.0091552734375
ADC_V9=9.3280029296875
ADC_V12=11.575927734375
ADC_V28=28.13446044921875
THERMAL_SENS_OUT_1=31
THERMAL_SENS_OUT_2=-50
THERMAL_SENS_OUT_3=28
THERMAL_SENS_OUT_4=29
THERMAL_SENS_OUT_5=36
THERMAL_SENS_OUT_6=-50
THERMAL_SENS_INT_1=28
THERMAL_SENS_INT_2=28
PG_5=1
PG_9=0
PG_12=1
FLT_P2=0
FLT_P3=0
HEAT_1_TEMP=31
HEAT_1_DUTY=0
HEAT_1_SP=-20.0
HEAT_2_TEMP=28
HEAT_2_DUTY=0
HEAT_2_SP=-20.0
HEAT_3_TEMP=29
HEAT_3_DUTY=0
HEAT_3_SP=-20.0
HEAT_4_TEMP=36
HEAT_4_DUTY=0
HEAT_4_SP=-20.0

[22:10:58.475 CUBESAT]
TS=1786204525.764
PG_5=1
PG_9=0
PG_12=0
FLT_P2=0
FLT_P3=0
HEAT_1_TEMP=0.0
HEAT_1_DUTY=0
HEAT_1_SP=-20.0
ENC_RAW=2187
ENC_ANGLE=48.05419921875
ENC_ACCUM=902.6806640625
AUTO_STOP=1
MOTOR_ANGLE=0.004941860465116279
MOTOR_ACCUM=822.5630813953488
MOTOR_ROT=1572

[22:10:58.798 EBOX]
TS=1786202757.426
V_SENSE5=1.171875
V_SENSE9=0.0390625
V_SENSE12=0.1220703125
ADC_V5=4.8321533203125
ADC_V9=9.19525146484375
ADC_V12=11.72637939453125
ADC_V28=27.8424072265625
THERMAL_SENS_OUT_1=27
THERMAL_SENS_OUT_2=-50
THERMAL_SENS_OUT_3=30
THERMAL_SENS_OUT_4=29
THERMAL_SENS_OUT_5=35
THERMAL_SENS_OUT_6=-50
THERMAL_SENS_INT_1=27
THERMAL_SENS_INT_2=28
PG_5=1
PG_9=0
PG_12=1
FLT_P2=0
FLT_P3=0
HEAT_1_TEMP=27
HEAT_1_DUTY=0
HEAT_1_SP=-20.0
HEAT_2_TEMP=30
HEAT_2_DUTY=0
HEAT_2_SP=-20.0
HEAT_3_TEMP=29
HEAT_3_DUTY=0
HEAT_3_SP=-20.0
HEAT_4_TEMP=35
HEAT_4_DUTY=0
HEAT_4_SP=-20.0

[22:11:00.327 CUBESAT]
TS=1786204527.768
PG_5=1
PG_9=0
PG_12=0
FLT_P2=0
FLT_P3=0
HEAT_1_TEMP=0.0
HEAT_1_DUTY=0
HEAT_1_SP=-20.0
ENC_RAW=2188
ENC_ANGLE=48.076171875
ENC_ACCUM=902.70263671875
AUTO_STOP=1
MOTOR_ANGLE=0.004941860465116279
MOTOR_ACCUM=822.5630813953488
MOTOR_ROT=1572

[22:11:01.554 EBOX]
TS=1786202759.429
V_SENSE5=1.29150390625
V_SENSE9=0.03662109375
V_SENSE12=0.10498046875
ADC_V5=4.9737548828125
ADC_V9=9.15985107421875
ADC_V12=11.76177978515625
ADC_V28=28.06365966796875
THERMAL_SENS_OUT_1=27
THERMAL_SENS_OUT_2=-50
THERMAL_SENS_OUT_3=27
THERMAL_SENS_OUT_4=32
THERMAL_SENS_OUT_5=34
THERMAL_SENS_OUT_6=-50
THERMAL_SENS_INT_1=27
THERMAL_SENS_INT_2=26
PG_5=1
PG_9=0
PG_12=1
FLT_P2=0
FLT_P3=0
HEAT_1_TEMP=27
HEAT_1_DUTY=0
HEAT_1_SP=-20.0
HEAT_2_TEMP=27
HEAT_2_DUTY=0
HEAT_2_SP=-20.0
HEAT_3_TEMP=32
HEAT_3_DUTY=0
HEAT_3_SP=-20.0
HEAT_4_TEMP=34
HEAT_4_DUTY=0
HEAT_4_SP=-20.0

[22:11:02.463 CUBESAT]
TS=1786204529.771
PG_5=1
PG_9=0
PG_12=0
FLT_P2=0
FLT_P3=0
HEAT_1_TEMP=0.0
HEAT_1_DUTY=0
HEAT_1_SP=-20.0
ENC_RAW=2188
ENC_ANGLE=48.076171875
ENC_ACCUM=902.70263671875
AUTO_STOP=1
MOTOR_ANGLE=0.004941860465116279
MOTOR_ACCUM=822.5630813953488
MOTOR_ROT=1572

[22:11:02.890 EBOX]
TS=1786202761.428
V_SENSE5=1.20849609375
V_SENSE9=0.0390625
V_SENSE12=0.107421875
ADC_V5=4.991455078125
ADC_V9=9.1510009765625
ADC_V12=11.6998291015625
ADC_V28=27.3114013671875
THERMAL_SENS_OUT_1=28
THERMAL_SENS_OUT_2=-50
THERMAL_SENS_OUT_3=25
THERMAL_SENS_OUT_4=31
THERMAL_SENS_OUT_5=36
THERMAL_SENS_OUT_6=-50
THERMAL_SENS_INT_1=27
THERMAL_SENS_INT_2=29
PG_5=1
PG_9=0
PG_12=1
FLT_P2=0
FLT_P3=0
HEAT_1_TEMP=28
HEAT_1_DUTY=0
HEAT_1_SP=-20.0
HEAT_2_TEMP=25
HEAT_2_DUTY=0
HEAT_2_SP=-20.0
HEAT_3_TEMP=31
HEAT_3_DUTY=0
HEAT_3_SP=-20.0
HEAT_4_TEMP=36
HEAT_4_DUTY=0
HEAT_4_SP=-20.0

[22:11:04.634 EBOX]
TS=1786202763.430
V_SENSE5=1.12548828125
V_SENSE9=0.0341796875
V_SENSE12=0.09521484375
ADC_V5=4.849853515625
ADC_V9=8.82354736328125
ADC_V12=11.7706298828125
ADC_V28=27.5592041015625
THERMAL_SENS_OUT_1=29
THERMAL_SENS_OUT_2=-50
THERMAL_SENS_OUT_3=27
THERMAL_SENS_OUT_4=30
THERMAL_SENS_OUT_5=35
THERMAL_SENS_OUT_6=-50
THERMAL_SENS_INT_1=27
THERMAL_SENS_INT_2=28
PG_5=1
PG_9=0
PG_12=1
FLT_P2=0
FLT_P3=0
HEAT_1_TEMP=29
HEAT_1_DUTY=0
HEAT_1_SP=-20.0
HEAT_2_TEMP=27
HEAT_2_DUTY=0
HEAT_2_SP=-20.0
HEAT_3_TEMP=30
HEAT_3_DUTY=0
HEAT_3_SP=-20.0
HEAT_4_TEMP=35
HEAT_4_DUTY=0
HEAT_4_SP=-20.0

[22:11:04.938 CUBESAT]
TS=1786204531.775
PG_5=1
PG_9=0
PG_12=0
FLT_P2=0
FLT_P3=0
HEAT_1_TEMP=0.0
HEAT_1_DUTY=0
HEAT_1_SP=-20.0
ENC_RAW=2188
ENC_ANGLE=48.076171875
ENC_ACCUM=902.70263671875
AUTO_STOP=1
MOTOR_ANGLE=0.004941860465116279
MOTOR_ACCUM=822.5630813953488
MOTOR_ROT=1572

[22:11:06.553 CUBESAT]
TS=1786204533.778
PG_5=1
PG_9=0
PG_12=0
FLT_P2=0
FLT_P3=0
HEAT_1_TEMP=0.0
HEAT_1_DUTY=0
HEAT_1_SP=-20.0
ENC_RAW=2187
ENC_ANGLE=48.05419921875
ENC_ACCUM=902.6806640625
AUTO_STOP=1
MOTOR_ANGLE=0.004941860465116279
MOTOR_ACCUM=822.5630813953488
MOTOR_ROT=1572

[22:11:06.986 EBOX]
TS=1786202765.434
V_SENSE5=1.4306640625
V_SENSE9=0.0341796875
V_SENSE12=0.1171875
ADC_V5=4.920654296875
ADC_V9=8.7615966796875
ADC_V12=11.9122314453125
ADC_V28=27.47955322265625
THERMAL_SENS_OUT_1=30
THERMAL_SENS_OUT_2=-50
THERMAL_SENS_OUT_3=27
THERMAL_SENS_OUT_4=31
THERMAL_SENS_OUT_5=35
THERMAL_SENS_OUT_6=-50
THERMAL_SENS_INT_1=27
THERMAL_SENS_INT_2=25
PG_5=1
PG_9=0
PG_12=1
FLT_P2=0
FLT_P3=0
HEAT_1_TEMP=30
HEAT_1_DUTY=0
HEAT_1_SP=-20.0
HEAT_2_TEMP=27
HEAT_2_DUTY=0
HEAT_2_SP=-20.0
HEAT_3_TEMP=31
HEAT_3_DUTY=0
HEAT_3_SP=-20.0
HEAT_4_TEMP=35
HEAT_4_DUTY=0
HEAT_4_SP=-20.0

[22:11:08.614 CUBESAT]
TS=1786204535.781
PG_5=1
PG_9=0
PG_12=0
FLT_P2=0
FLT_P3=0
HEAT_1_TEMP=0.0
HEAT_1_DUTY=10
HEAT_1_SP=-20.0
ENC_RAW=2188
ENC_ANGLE=48.076171875
ENC_ACCUM=902.70263671875
AUTO_STOP=1
MOTOR_ANGLE=0.004941860465116279
MOTOR_ACCUM=822.5630813953488
MOTOR_ROT=1572

[22:11:09.038 EBOX]
TS=1786202767.435
V_SENSE5=1.13525390625
V_SENSE9=0.0341796875
V_SENSE12=0.107421875
ADC_V5=4.920654296875
ADC_V9=9.58465576171875
ADC_V12=11.9476318359375
ADC_V28=27.3468017578125
THERMAL_SENS_OUT_1=32
THERMAL_SENS_OUT_2=-50
THERMAL_SENS_OUT_3=26
THERMAL_SENS_OUT_4=27
THERMAL_SENS_OUT_5=37
THERMAL_SENS_OUT_6=-50
THERMAL_SENS_INT_1=26
THERMAL_SENS_INT_2=26
PG_5=1
PG_9=0
PG_12=1
FLT_P2=0
FLT_P3=0
HEAT_1_TEMP=32
HEAT_1_DUTY=0
HEAT_1_SP=-20.0
HEAT_2_TEMP=26
HEAT_2_DUTY=0
HEAT_2_SP=-20.0
HEAT_3_TEMP=27
HEAT_3_DUTY=0
HEAT_3_SP=-20.0
HEAT_4_TEMP=37
HEAT_4_DUTY=0
HEAT_4_SP=-20.0

[22:11:11.357 EBOX]
TS=1786202769.437
V_SENSE5=1.1279296875
V_SENSE9=0.0390625
V_SENSE12=0.1123046875
ADC_V5=4.9737548828125
ADC_V9=9.239501953125
ADC_V12=11.85028076171875
ADC_V28=27.19635009765625
THERMAL_SENS_OUT_1=29
THERMAL_SENS_OUT_2=-50
THERMAL_SENS_OUT_3=25
THERMAL_SENS_OUT_4=28
THERMAL_SENS_OUT_5=39
THERMAL_SENS_OUT_6=-50
THERMAL_SENS_INT_1=24
THERMAL_SENS_INT_2=29
PG_5=1
PG_9=0
PG_12=1
FLT_P2=0
FLT_P3=0
HEAT_1_TEMP=29
HEAT_1_DUTY=0
HEAT_1_SP=-20.0
HEAT_2_TEMP=25
HEAT_2_DUTY=0
HEAT_2_SP=-20.0
HEAT_3_TEMP=28
HEAT_3_DUTY=0
HEAT_3_SP=-20.0
HEAT_4_TEMP=39
HEAT_4_DUTY=0
HEAT_4_SP=-20.0

[22:11:12.620 CUBESAT]
TS=1786204537.785
PG_5=1
PG_9=0
PG_12=0
FLT_P2=0
FLT_P3=0
HEAT_1_TEMP=0.0
HEAT_1_DUTY=0
HEAT_1_SP=-20.0
ENC_RAW=2185
ENC_ANGLE=48.01025390625
ENC_ACCUM=902.63671875
AUTO_STOP=1
MOTOR_ANGLE=0.004941860465116279
MOTOR_ACCUM=822.5630813953488
MOTOR_ROT=1572

[22:11:13.225 CUBESAT]
TS=1786204539.788
PG_5=1
PG_9=0
PG_12=0
FLT_P2=0
FLT_P3=0
HEAT_1_TEMP=0.0
HEAT_1_DUTY=0
HEAT_1_SP=-20.0
ENC_RAW=2187
ENC_ANGLE=48.05419921875
ENC_ACCUM=902.6806640625
AUTO_STOP=1
MOTOR_ANGLE=0.004941860465116279
MOTOR_ACCUM=822.5630813953488
MOTOR_ROT=1572

[22:11:13.338 EBOX]
TS=1786202771.447
V_SENSE5=1.1572265625
V_SENSE9=0.0390625
V_SENSE12=0.15380859375
ADC_V5=4.920654296875
ADC_V9=9.47845458984375
ADC_V12=11.9122314453125
ADC_V28=27.75390625
THERMAL_SENS_OUT_1=33
THERMAL_SENS_OUT_2=-50
THERMAL_SENS_OUT_3=26
THERMAL_SENS_OUT_4=30
THERMAL_SENS_OUT_5=35
THERMAL_SENS_OUT_6=-50
THERMAL_SENS_INT_1=24
THERMAL_SENS_INT_2=27
PG_5=1
PG_9=0
PG_12=1
FLT_P2=0
FLT_P3=0
HEAT_1_TEMP=33
HEAT_1_DUTY=0
HEAT_1_SP=-20.0
HEAT_2_TEMP=26
HEAT_2_DUTY=0
HEAT_2_SP=-20.0
HEAT_3_TEMP=30
HEAT_3_DUTY=0
HEAT_3_SP=-20.0
HEAT_4_TEMP=35
HEAT_4_DUTY=0
HEAT_4_SP=-20.0

[22:11:14.245 CUBESAT]
TS=1786204541.791
PG_5=1
PG_9=0
PG_12=0
FLT_P2=0
FLT_P3=0
HEAT_1_TEMP=0.0
HEAT_1_DUTY=0
HEAT_1_SP=-20.0
ENC_RAW=2184
ENC_ANGLE=47.98828125
ENC_ACCUM=902.61474609375
AUTO_STOP=1
MOTOR_ANGLE=0.004941860465116279
MOTOR_ACCUM=822.5630813953488
MOTOR_ROT=1572

[22:11:14.767 EBOX]
TS=1786202773.442
V_SENSE5=1.23779296875
V_SENSE9=0.0390625
V_SENSE12=0.10009765625
ADC_V5=5.0091552734375
ADC_V9=9.15985107421875
ADC_V12=11.86798095703125
ADC_V28=27.49725341796875
THERMAL_SENS_OUT_1=31
THERMAL_SENS_OUT_2=-50
THERMAL_SENS_OUT_3=27
THERMAL_SENS_OUT_4=28
THERMAL_SENS_OUT_5=34
THERMAL_SENS_OUT_6=-50
THERMAL_SENS_INT_1=25
THERMAL_SENS_INT_2=29
PG_5=1
PG_9=0
PG_12=1
FLT_P2=0
FLT_P3=0
HEAT_1_TEMP=31
HEAT_1_DUTY=0
HEAT_1_SP=-20.0
HEAT_2_TEMP=27
HEAT_2_DUTY=0
HEAT_2_SP=-20.0
HEAT_3_TEMP=28
HEAT_3_DUTY=0
HEAT_3_SP=-20.0
HEAT_4_TEMP=34
HEAT_4_DUTY=0
HEAT_4_SP=-20.0

[22:11:16.379 CUBESAT]
TS=1786204543.795
PG_5=1
PG_9=0
PG_12=0
FLT_P2=0
FLT_P3=0
HEAT_1_TEMP=0.0
HEAT_1_DUTY=0
HEAT_1_SP=-20.0
ENC_RAW=2187
ENC_ANGLE=48.05419921875
ENC_ACCUM=902.6806640625
AUTO_STOP=1
MOTOR_ANGLE=0.004941860465116279
MOTOR_ACCUM=822.5630813953488
MOTOR_ROT=1572

[22:11:18.404 EBOX]
TS=1786202775.447
V_SENSE5=1.17431640625
V_SENSE9=0.06591796875
V_SENSE12=0.09765625
ADC_V5=4.9029541015625
ADC_V9=9.15985107421875
ADC_V12=11.575927734375
ADC_V28=27.83355712890625
THERMAL_SENS_OUT_1=33
THERMAL_SENS_OUT_2=-50
THERMAL_SENS_OUT_3=29
THERMAL_SENS_OUT_4=27
THERMAL_SENS_OUT_5=38
THERMAL_SENS_OUT_6=-50
THERMAL_SENS_INT_1=26
THERMAL_SENS_INT_2=31
PG_5=1
PG_9=0
PG_12=1
FLT_P2=0
FLT_P3=0
HEAT_1_TEMP=33
HEAT_1_DUTY=0
HEAT_1_SP=-20.0
HEAT_2_TEMP=29
HEAT_2_DUTY=0
HEAT_2_SP=-20.0
HEAT_3_TEMP=27
HEAT_3_DUTY=0
HEAT_3_SP=-20.0
HEAT_4_TEMP=38
HEAT_4_DUTY=0
HEAT_4_SP=-20.0

[22:11:18.927 EBOX]
TS=1786202777.450
V_SENSE5=1.1962890625
V_SENSE9=0.0341796875
V_SENSE12=0.107421875
ADC_V5=4.88525390625
ADC_V9=9.07135009765625
ADC_V12=11.58477783203125
ADC_V28=28.0194091796875
THERMAL_SENS_OUT_1=27
THERMAL_SENS_OUT_2=-50
THERMAL_SENS_OUT_3=27
THERMAL_SENS_OUT_4=26
THERMAL_SENS_OUT_5=36
THERMAL_SENS_OUT_6=-50
THERMAL_SENS_INT_1=28
THERMAL_SENS_INT_2=31
PG_5=1
PG_9=0
PG_12=1
FLT_P2=0
FLT_P3=0
HEAT_1_TEMP=27
HEAT_1_DUTY=0
HEAT_1_SP=-20.0
HEAT_2_TEMP=27
HEAT_2_DUTY=0
HEAT_2_SP=-20.0
HEAT_3_TEMP=26
HEAT_3_DUTY=0
HEAT_3_SP=-20.0
HEAT_4_TEMP=36
HEAT_4_DUTY=0
HEAT_4_SP=-20.0

[22:11:19.334 CUBESAT]
TS=1786204545.798
PG_5=1
PG_9=0
PG_12=0
FLT_P2=0
FLT_P3=0
HEAT_1_TEMP=0.0
HEAT_1_DUTY=10
HEAT_1_SP=-20.0
ENC_RAW=2187
ENC_ANGLE=48.05419921875
ENC_ACCUM=902.6806640625
AUTO_STOP=1
MOTOR_ANGLE=0.004941860465116279
MOTOR_ACCUM=822.5630813953488
MOTOR_ROT=1572

[22:11:20.242 CUBESAT]
TS=1786204547.806
PG_5=1
PG_9=0
PG_12=0
FLT_P2=0
FLT_P3=0
HEAT_1_TEMP=0.0
HEAT_1_DUTY=0
HEAT_1_SP=-20.0
ENC_RAW=2185
ENC_ANGLE=48.01025390625
ENC_ACCUM=902.63671875
AUTO_STOP=1
MOTOR_ANGLE=0.004941860465116279
MOTOR_ACCUM=822.5630813953488
MOTOR_ROT=1572

[22:11:20.661 EBOX]
TS=1786202779.453
V_SENSE5=1.318359375
V_SENSE9=0.0390625
V_SENSE12=0.12939453125
ADC_V5=5.00030517578125
ADC_V9=9.27490234375
ADC_V12=11.86798095703125
ADC_V28=27.39105224609375
THERMAL_SENS_OUT_1=28
THERMAL_SENS_OUT_2=-50
THERMAL_SENS_OUT_3=26
THERMAL_SENS_OUT_4=32
THERMAL_SENS_OUT_5=36
THERMAL_SENS_OUT_6=-50
THERMAL_SENS_INT_1=25
THERMAL_SENS_INT_2=30
PG_5=1
PG_9=0
PG_12=1
FLT_P2=0
FLT_P3=0
HEAT_1_TEMP=28
HEAT_1_DUTY=0
HEAT_1_SP=-20.0
HEAT_2_TEMP=26
HEAT_2_DUTY=0
HEAT_2_SP=-20.0
HEAT_3_TEMP=32
HEAT_3_DUTY=0
HEAT_3_SP=-20.0
HEAT_4_TEMP=36
HEAT_4_DUTY=0
HEAT_4_SP=-20.0

[22:11:22.699 CUBESAT]
TS=1786204549.808
PG_5=1
PG_9=0
PG_12=0
FLT_P2=0
FLT_P3=0
HEAT_1_TEMP=0.0
HEAT_1_DUTY=0
HEAT_1_SP=-20.0
ENC_RAW=2189
ENC_ANGLE=48.09814453125
ENC_ACCUM=902.724609375
AUTO_STOP=1
MOTOR_ANGLE=0.004941860465116279
MOTOR_ACCUM=822.5630813953488
MOTOR_ROT=1572

[22:11:23.589 EBOX]
TS=1786202781.455
V_SENSE5=1.123046875
V_SENSE9=0.03662109375
V_SENSE12=0.11962890625
ADC_V5=4.88525390625
ADC_V9=9.522705078125
ADC_V12=11.63787841796875
ADC_V28=28.143310546875
THERMAL_SENS_OUT_1=31
THERMAL_SENS_OUT_2=-50
THERMAL_SENS_OUT_3=27
THERMAL_SENS_OUT_4=29
THERMAL_SENS_OUT_5=34
THERMAL_SENS_OUT_6=-50
THERMAL_SENS_INT_1=30
THERMAL_SENS_INT_2=27
PG_5=1
PG_9=0
PG_12=1
FLT_P2=0
FLT_P3=0
HEAT_1_TEMP=31
HEAT_1_DUTY=0
HEAT_1_SP=-20.0
HEAT_2_TEMP=27
HEAT_2_DUTY=0
HEAT_2_SP=-20.0
HEAT_3_TEMP=29
HEAT_3_DUTY=0
HEAT_3_SP=-20.0
HEAT_4_TEMP=34
HEAT_4_DUTY=0
HEAT_4_SP=-20.0

[22:11:24.601 CUBESAT]
TS=1786204551.811
PG_5=1
PG_9=0
PG_12=0
FLT_P2=0
FLT_P3=0
HEAT_1_TEMP=0.0
HEAT_1_DUTY=0
HEAT_1_SP=-20.0
ENC_RAW=2190
ENC_ANGLE=48.1201171875
ENC_ACCUM=902.74658203125
AUTO_STOP=1
MOTOR_ANGLE=0.004941860465116279
MOTOR_ACCUM=822.5630813953488
MOTOR_ROT=1572

[22:11:25.465 EBOX]
TS=1786202783.457
V_SENSE5=1.14501953125
V_SENSE9=0.0390625
V_SENSE12=0.10009765625
ADC_V5=4.9560546875
ADC_V9=9.13330078125
ADC_V12=11.8768310546875
ADC_V28=27.9132080078125
THERMAL_SENS_OUT_1=32
THERMAL_SENS_OUT_2=-50
THERMAL_SENS_OUT_3=24
THERMAL_SENS_OUT_4=29
THERMAL_SENS_OUT_5=37
THERMAL_SENS_OUT_6=-50
THERMAL_SENS_INT_1=27
THERMAL_SENS_INT_2=27
PG_5=1
PG_9=0
PG_12=1
FLT_P2=0
FLT_P3=0
HEAT_1_TEMP=32
HEAT_1_DUTY=0
HEAT_1_SP=-20.0
HEAT_2_TEMP=24
HEAT_2_DUTY=0
HEAT_2_SP=-20.0
HEAT_3_TEMP=29
HEAT_3_DUTY=0
HEAT_3_SP=-20.0
HEAT_4_TEMP=37
HEAT_4_DUTY=0
HEAT_4_SP=-20.0

[22:11:26.476 CUBESAT]
TS=1786204553.814
PG_5=1
PG_9=0
PG_12=0
FLT_P2=0
FLT_P3=0
HEAT_1_TEMP=0.0
HEAT_1_DUTY=0
HEAT_1_SP=-20.0
ENC_RAW=2187
ENC_ANGLE=48.05419921875
ENC_ACCUM=902.6806640625
AUTO_STOP=1
MOTOR_ANGLE=0.004941860465116279
MOTOR_ACCUM=822.5630813953488
MOTOR_ROT=1572

[22:11:27.000 EBOX]
TS=1786202785.465
V_SENSE5=1.0986328125
V_SENSE9=0.04150390625
V_SENSE12=0.087890625
ADC_V5=4.9737548828125
ADC_V9=9.03594970703125
ADC_V12=11.717529296875
ADC_V28=28.214111328125
THERMAL_SENS_OUT_1=28
THERMAL_SENS_OUT_2=-50
THERMAL_SENS_OUT_3=30
THERMAL_SENS_OUT_4=30
THERMAL_SENS_OUT_5=36
THERMAL_SENS_OUT_6=-50
THERMAL_SENS_INT_1=27
THERMAL_SENS_INT_2=27
PG_5=1
PG_9=0
PG_12=1
FLT_P2=0
FLT_P3=0
HEAT_1_TEMP=28
HEAT_1_DUTY=0
HEAT_1_SP=-20.0
HEAT_2_TEMP=30
HEAT_2_DUTY=0
HEAT_2_SP=-20.0
HEAT_3_TEMP=30
HEAT_3_DUTY=0
HEAT_3_SP=-20.0
HEAT_4_TEMP=36
HEAT_4_DUTY=0
HEAT_4_SP=-20.0

[22:11:28.312 CUBESAT]
TS=1786204555.818
PG_5=1
PG_9=0
PG_12=0
FLT_P2=0
FLT_P3=0
HEAT_1_TEMP=0.0
HEAT_1_DUTY=10
HEAT_1_SP=-20.0
ENC_RAW=2188
ENC_ANGLE=48.076171875
ENC_ACCUM=902.70263671875
AUTO_STOP=1
MOTOR_ANGLE=0.004941860465116279
MOTOR_ACCUM=822.5630813953488
MOTOR_ROT=1572

[22:11:28.638 EBOX]
TS=1786202787.461
V_SENSE5=1.27197265625
V_SENSE9=0.03662109375
V_SENSE12=0.10498046875
ADC_V5=5.01800537109375
ADC_V9=8.85894775390625
ADC_V12=11.90338134765625
ADC_V28=27.789306640625
THERMAL_SENS_OUT_1=28
THERMAL_SENS_OUT_2=-50
THERMAL_SENS_OUT_3=26
THERMAL_SENS_OUT_4=30
THERMAL_SENS_OUT_5=40
THERMAL_SENS_OUT_6=-50
THERMAL_SENS_INT_1=24
THERMAL_SENS_INT_2=28
PG_5=1
PG_9=0
PG_12=1
FLT_P2=0
FLT_P3=0
HEAT_1_TEMP=28
HEAT_1_DUTY=0
HEAT_1_SP=-20.0
HEAT_2_TEMP=26
HEAT_2_DUTY=0
HEAT_2_SP=-20.0
HEAT_3_TEMP=30
HEAT_3_DUTY=0
HEAT_3_SP=-20.0
HEAT_4_TEMP=40
HEAT_4_DUTY=0
HEAT_4_SP=-20.0

[22:11:30.639 CUBESAT]
TS=1786204557.825
PG_5=1
PG_9=0
PG_12=0
FLT_P2=0
FLT_P3=0
HEAT_1_TEMP=0.0
HEAT_1_DUTY=0
HEAT_1_SP=-20.0
ENC_RAW=2187
ENC_ANGLE=48.05419921875
ENC_ACCUM=902.6806640625
AUTO_STOP=1
MOTOR_ANGLE=0.004941860465116279
MOTOR_ACCUM=822.5630813953488
MOTOR_ROT=1572

[22:11:30.866 EBOX]
TS=1786202789.464
V_SENSE5=1.14501953125
V_SENSE9=0.10498046875
V_SENSE12=0.11474609375
ADC_V5=4.87640380859375
ADC_V9=8.9031982421875
ADC_V12=11.77947998046875
ADC_V28=27.8955078125
THERMAL_SENS_OUT_1=30
THERMAL_SENS_OUT_2=-50
THERMAL_SENS_OUT_3=26
THERMAL_SENS_OUT_4=30
THERMAL_SENS_OUT_5=41
THERMAL_SENS_OUT_6=-50
THERMAL_SENS_INT_1=27
THERMAL_SENS_INT_2=30
PG_5=1
PG_9=0
PG_12=1
FLT_P2=0
FLT_P3=0
HEAT_1_TEMP=30
HEAT_1_DUTY=0
HEAT_1_SP=-20.0
HEAT_2_TEMP=26
HEAT_2_DUTY=0
HEAT_2_SP=-20.0
HEAT_3_TEMP=30
HEAT_3_DUTY=0
HEAT_3_SP=-20.0
HEAT_4_TEMP=41
HEAT_4_DUTY=0
HEAT_4_SP=-20.0

[22:11:32.482 CUBESAT]
TS=1786204559.827
PG_5=1
PG_9=0
PG_12=0
FLT_P2=0
FLT_P3=0
HEAT_1_TEMP=0.0
HEAT_1_DUTY=0
HEAT_1_SP=-20.0
ENC_RAW=2186
ENC_ANGLE=48.0322265625
ENC_ACCUM=902.65869140625
AUTO_STOP=1
MOTOR_ANGLE=0.004941860465116279
MOTOR_ACCUM=822.5630813953488
MOTOR_ROT=1572

[22:11:32.902 EBOX]
TS=1786202791.464
V_SENSE5=1.3134765625
V_SENSE9=0.0390625
V_SENSE12=0.0927734375
ADC_V5=4.9560546875
ADC_V9=8.7261962890625
ADC_V12=11.82373046875
ADC_V28=27.23175048828125
THERMAL_SENS_OUT_1=29
THERMAL_SENS_OUT_2=-50
THERMAL_SENS_OUT_3=26
THERMAL_SENS_OUT_4=32
THERMAL_SENS_OUT_5=38
THERMAL_SENS_OUT_6=-50
THERMAL_SENS_INT_1=29
THERMAL_SENS_INT_2=27
PG_5=1
PG_9=0
PG_12=1
FLT_P2=0
FLT_P3=0
HEAT_1_TEMP=29
HEAT_1_DUTY=0
HEAT_1_SP=-20.0
HEAT_2_TEMP=26
HEAT_2_DUTY=0
HEAT_2_SP=-20.0
HEAT_3_TEMP=32
HEAT_3_DUTY=0
HEAT_3_SP=-20.0
HEAT_4_TEMP=38
HEAT_4_DUTY=0
HEAT_4_SP=-20.0

[22:11:34.531 CUBESAT]
TS=1786204561.829
PG_5=1
PG_9=0
PG_12=0
FLT_P2=0
FLT_P3=0
HEAT_1_TEMP=0.0
HEAT_1_DUTY=0
HEAT_1_SP=-20.0
ENC_RAW=2187
ENC_ANGLE=48.05419921875
ENC_ACCUM=902.6806640625
AUTO_STOP=1
MOTOR_ANGLE=0.004941860465116279
MOTOR_ACCUM=822.5630813953488
MOTOR_ROT=1572

[22:11:35.008 EBOX]
TS=1786202793.467
V_SENSE5=1.14990234375
V_SENSE9=0.0390625
V_SENSE12=0.09765625
ADC_V5=4.920654296875
ADC_V9=9.42535400390625
ADC_V12=11.717529296875
ADC_V28=27.76275634765625
THERMAL_SENS_OUT_1=29
THERMAL_SENS_OUT_2=-50
THERMAL_SENS_OUT_3=26
THERMAL_SENS_OUT_4=32
THERMAL_SENS_OUT_5=36
THERMAL_SENS_OUT_6=-50
THERMAL_SENS_INT_1=26
THERMAL_SENS_INT_2=31
PG_5=1
PG_9=0
PG_12=1
FLT_P2=0
FLT_P3=0
HEAT_1_TEMP=29
HEAT_1_DUTY=0
HEAT_1_SP=-20.0
HEAT_2_TEMP=26
HEAT_2_DUTY=0
HEAT_2_SP=-20.0
HEAT_3_TEMP=32
HEAT_3_DUTY=0
HEAT_3_SP=-20.0
HEAT_4_TEMP=36
HEAT_4_DUTY=0
HEAT_4_SP=-20.0

[22:11:37.237 CUBESAT]
TS=1786204563.831
PG_5=1
PG_9=0
PG_12=0
FLT_P2=0
FLT_P3=0
HEAT_1_TEMP=0.0
HEAT_1_DUTY=0
HEAT_1_SP=-20.0
ENC_RAW=2187
ENC_ANGLE=48.05419921875
ENC_ACCUM=902.6806640625
AUTO_STOP=1
MOTOR_ANGLE=0.004941860465116279
MOTOR_ACCUM=822.5630813953488
MOTOR_ROT=1572

[22:11:37.555 EBOX]
TS=1786202795.468
V_SENSE5=1.36962890625
V_SENSE9=0.03662109375
V_SENSE12=0.15380859375
ADC_V5=4.91180419921875
ADC_V9=9.239501953125
ADC_V12=11.81488037109375
ADC_V28=27.3822021484375
THERMAL_SENS_OUT_1=27
THERMAL_SENS_OUT_2=-50
THERMAL_SENS_OUT_3=24
THERMAL_SENS_OUT_4=30
THERMAL_SENS_OUT_5=37
THERMAL_SENS_OUT_6=-50
THERMAL_SENS_INT_1=26
THERMAL_SENS_INT_2=30
PG_5=1
PG_9=0
PG_12=1
FLT_P2=0
FLT_P3=0
HEAT_1_TEMP=27
HEAT_1_DUTY=0
HEAT_1_SP=-20.0
HEAT_2_TEMP=24
HEAT_2_DUTY=0
HEAT_2_SP=-20.0
HEAT_3_TEMP=30
HEAT_3_DUTY=0
HEAT_3_SP=-20.0
HEAT_4_TEMP=37
HEAT_4_DUTY=0
HEAT_4_SP=-20.0

[22:11:39.314 EBOX]
TS=1786202797.472
V_SENSE5=1.181640625
V_SENSE9=0.0390625
V_SENSE12=0.1318359375
ADC_V5=5.01800537109375
ADC_V9=9.345703125
ADC_V12=11.7529296875
ADC_V28=28.24066162109375
THERMAL_SENS_OUT_1=31
THERMAL_SENS_OUT_2=-50
THERMAL_SENS_OUT_3=25
THERMAL_SENS_OUT_4=29
THERMAL_SENS_OUT_5=37
THERMAL_SENS_OUT_6=-50
THERMAL_SENS_INT_1=28
THERMAL_SENS_INT_2=30
PG_5=1
PG_9=0
PG_12=1
FLT_P2=0
FLT_P3=0
HEAT_1_TEMP=31
HEAT_1_DUTY=0
HEAT_1_SP=-20.0
HEAT_2_TEMP=25
HEAT_2_DUTY=0
HEAT_2_SP=-20.0
HEAT_3_TEMP=29
HEAT_3_DUTY=0
HEAT_3_SP=-20.0
HEAT_4_TEMP=37
HEAT_4_DUTY=0
HEAT_4_SP=-20.0

[22:11:39.684 CUBESAT]
TS=1786204565.835
PG_5=1
PG_9=0
PG_12=0
FLT_P2=0
FLT_P3=0
HEAT_1_TEMP=0.0
HEAT_1_DUTY=0
HEAT_1_SP=-20.0
ENC_RAW=2186
ENC_ANGLE=48.0322265625
ENC_ACCUM=902.65869140625
AUTO_STOP=1
MOTOR_ANGLE=0.004941860465116279
MOTOR_ACCUM=822.5630813953488
MOTOR_ROT=1572

[22:11:40.291 CUBESAT]
TS=1786204567.838
PG_5=1
PG_9=0
PG_12=0
FLT_P2=0
FLT_P3=0
HEAT_1_TEMP=0.0
HEAT_1_DUTY=0
HEAT_1_SP=-20.0
ENC_RAW=2185
ENC_ANGLE=48.01025390625
ENC_ACCUM=902.63671875
AUTO_STOP=1
MOTOR_ANGLE=0.004941860465116279
MOTOR_ACCUM=822.5630813953488
MOTOR_ROT=1572

[22:11:40.710 EBOX]
TS=1786202799.470
V_SENSE5=1.22802734375
V_SENSE9=0.0341796875
V_SENSE12=0.12939453125
ADC_V5=4.85870361328125
ADC_V9=9.00054931640625
ADC_V12=11.92108154296875
ADC_V28=27.74505615234375
THERMAL_SENS_OUT_1=29
THERMAL_SENS_OUT_2=-50
THERMAL_SENS_OUT_3=25
THERMAL_SENS_OUT_4=31
THERMAL_SENS_OUT_5=36
THERMAL_SENS_OUT_6=-50
THERMAL_SENS_INT_1=26
THERMAL_SENS_INT_2=31
PG_5=1
PG_9=0
PG_12=1
FLT_P2=0
FLT_P3=0
HEAT_1_TEMP=29
HEAT_1_DUTY=0
HEAT_1_SP=-20.0
HEAT_2_TEMP=25
HEAT_2_DUTY=0
HEAT_2_SP=-20.0
HEAT_3_TEMP=31
HEAT_3_DUTY=0
HEAT_3_SP=-20.0
HEAT_4_TEMP=36
HEAT_4_DUTY=0
HEAT_4_SP=-20.0

[22:11:42.322 CUBESAT]
TS=1786204569.841
PG_5=1
PG_9=0
PG_12=0
FLT_P2=0
FLT_P3=0
HEAT_1_TEMP=0.0
HEAT_1_DUTY=0
HEAT_1_SP=-20.0
ENC_RAW=2188
ENC_ANGLE=48.076171875
ENC_ACCUM=902.70263671875
AUTO_STOP=1
MOTOR_ANGLE=0.004941860465116279
MOTOR_ACCUM=822.5630813953488
MOTOR_ROT=1572

[22:11:43.646 EBOX]
TS=1786202801.479
V_SENSE5=1.24755859375
V_SENSE9=0.0390625
V_SENSE12=0.1025390625
ADC_V5=5.00030517578125
ADC_V9=8.89434814453125
ADC_V12=11.929931640625
ADC_V28=28.02825927734375
THERMAL_SENS_OUT_1=29
THERMAL_SENS_OUT_2=-50
THERMAL_SENS_OUT_3=24
THERMAL_SENS_OUT_4=33
THERMAL_SENS_OUT_5=34
THERMAL_SENS_OUT_6=-50
THERMAL_SENS_INT_1=26
THERMAL_SENS_INT_2=30
PG_5=1
PG_9=0
PG_12=1
FLT_P2=0
FLT_P3=0
HEAT_1_TEMP=29
HEAT_1_DUTY=0
HEAT_1_SP=-20.0
HEAT_2_TEMP=24
HEAT_2_DUTY=0
HEAT_2_SP=-20.0
HEAT_3_TEMP=33
HEAT_3_DUTY=0
HEAT_3_SP=-20.0
HEAT_4_TEMP=34
HEAT_4_DUTY=0
HEAT_4_SP=-20.0

[22:11:44.354 CUBESAT]
TS=1786204571.845
PG_5=1
PG_9=0
PG_12=0
FLT_P2=0
FLT_P3=0
HEAT_1_TEMP=0.0
HEAT_1_DUTY=10
HEAT_1_SP=-20.0
ENC_RAW=2187
ENC_ANGLE=48.05419921875
ENC_ACCUM=902.6806640625
AUTO_STOP=1
MOTOR_ANGLE=0.004941860465116279
MOTOR_ACCUM=822.5630813953488
MOTOR_ROT=1572

[22:11:45.686 EBOX]
TS=1786202803.476
V_SENSE5=1.19140625
V_SENSE9=0.0341796875
V_SENSE12=0.126953125
ADC_V5=4.85870361328125
ADC_V9=8.779296875
ADC_V12=11.90338134765625
ADC_V28=27.46185302734375
THERMAL_SENS_OUT_1=26
THERMAL_SENS_OUT_2=-50
THERMAL_SENS_OUT_3=26
THERMAL_SENS_OUT_4=31
THERMAL_SENS_OUT_5=35
THERMAL_SENS_OUT_6=-50
THERMAL_SENS_INT_1=26
THERMAL_SENS_INT_2=31
PG_5=1
PG_9=0
PG_12=1
FLT_P2=0
FLT_P3=0
HEAT_1_TEMP=26
HEAT_1_DUTY=0
HEAT_1_SP=-20.0
HEAT_2_TEMP=26
HEAT_2_DUTY=0
HEAT_2_SP=-20.0
HEAT_3_TEMP=31
HEAT_3_DUTY=0
HEAT_3_SP=-20.0
HEAT_4_TEMP=35
HEAT_4_DUTY=0
HEAT_4_SP=-20.0

[22:11:47.404 CUBESAT]
TS=1786204573.845
PG_5=1
PG_9=0
PG_12=0
FLT_P2=0
FLT_P3=0
HEAT_1_TEMP=0.0
HEAT_1_DUTY=0
HEAT_1_SP=-20.0
ENC_RAW=2188
ENC_ANGLE=48.076171875
ENC_ACCUM=902.70263671875
AUTO_STOP=1
MOTOR_ANGLE=0.004941860465116279
MOTOR_ACCUM=822.5630813953488
MOTOR_ROT=1572

[22:11:47.843 EBOX]
TS=1786202805.477
V_SENSE5=1.15966796875
V_SENSE9=0.0390625
V_SENSE12=0.10498046875
ADC_V5=5.0091552734375
ADC_V9=9.451904296875
ADC_V12=11.7352294921875
ADC_V28=27.7362060546875
THERMAL_SENS_OUT_1=26
THERMAL_SENS_OUT_2=-50
THERMAL_SENS_OUT_3=25
THERMAL_SENS_OUT_4=32
THERMAL_SENS_OUT_5=36
THERMAL_SENS_OUT_6=-50
THERMAL_SENS_INT_1=25
THERMAL_SENS_INT_2=30
PG_5=1
PG_9=0
PG_12=1
FLT_P2=0
FLT_P3=0
HEAT_1_TEMP=26
HEAT_1_DUTY=0
HEAT_1_SP=-20.0
HEAT_2_TEMP=25
HEAT_2_DUTY=0
HEAT_2_SP=-20.0
HEAT_3_TEMP=32
HEAT_3_DUTY=0
HEAT_3_SP=-20.0
HEAT_4_TEMP=36
HEAT_4_DUTY=0
HEAT_4_SP=-20.0

[22:11:49.827 EBOX]
TS=1786202807.477
V_SENSE5=1.240234375
V_SENSE9=0.03662109375
V_SENSE12=0.09765625
ADC_V5=4.9737548828125
ADC_V9=9.24835205078125
ADC_V12=11.70867919921875
ADC_V28=28.1256103515625
THERMAL_SENS_OUT_1=28
THERMAL_SENS_OUT_2=-50
THERMAL_SENS_OUT_3=26
THERMAL_SENS_OUT_4=29
THERMAL_SENS_OUT_5=35
THERMAL_SENS_OUT_6=-50
THERMAL_SENS_INT_1=26
THERMAL_SENS_INT_2=28
PG_5=1
PG_9=0
PG_12=1
FLT_P2=0
FLT_P3=0
HEAT_1_TEMP=28
HEAT_1_DUTY=0
HEAT_1_SP=-20.0
HEAT_2_TEMP=26
HEAT_2_DUTY=0
HEAT_2_SP=-20.0
HEAT_3_TEMP=29
HEAT_3_DUTY=0
HEAT_3_SP=-20.0
HEAT_4_TEMP=35
HEAT_4_DUTY=0
HEAT_4_SP=-20.0

[22:11:50.032 CUBESAT]
TS=1786204575.851
PG_5=1
PG_9=0
PG_12=0
FLT_P2=0
FLT_P3=0
HEAT_1_TEMP=0.0
HEAT_1_DUTY=0
HEAT_1_SP=-20.0
ENC_RAW=2187
ENC_ANGLE=48.05419921875
ENC_ACCUM=902.6806640625
AUTO_STOP=1
MOTOR_ANGLE=0.004941860465116279
MOTOR_ACCUM=822.5630813953488
MOTOR_ROT=1572

[22:11:50.538 CUBESAT]
TS=1786204577.858
PG_5=1
PG_9=0
PG_12=0
FLT_P2=0
FLT_P3=0
HEAT_1_TEMP=0.0
HEAT_1_DUTY=0
HEAT_1_SP=-20.0
ENC_RAW=2187
ENC_ANGLE=48.05419921875
ENC_ACCUM=902.6806640625
AUTO_STOP=1
MOTOR_ANGLE=0.004941860465116279
MOTOR_ACCUM=822.5630813953488
MOTOR_ROT=1572

[22:11:51.065 EBOX]
TS=1786202809.478
V_SENSE5=1.16455078125
V_SENSE9=0.03662109375
V_SENSE12=0.13427734375
ADC_V5=4.9560546875
ADC_V9=9.17755126953125
ADC_V12=11.788330078125
ADC_V28=27.44415283203125
THERMAL_SENS_OUT_1=27
THERMAL_SENS_OUT_2=-50
THERMAL_SENS_OUT_3=26
THERMAL_SENS_OUT_4=33
THERMAL_SENS_OUT_5=34
THERMAL_SENS_OUT_6=-50
THERMAL_SENS_INT_1=29
THERMAL_SENS_INT_2=27
PG_5=1
PG_9=0
PG_12=1
FLT_P2=0
FLT_P3=0
HEAT_1_TEMP=27
HEAT_1_DUTY=0
HEAT_1_SP=-20.0
HEAT_2_TEMP=26
HEAT_2_DUTY=0
HEAT_2_SP=-20.0
HEAT_3_TEMP=33
HEAT_3_DUTY=0
HEAT_3_SP=-20.0
HEAT_4_TEMP=34
HEAT_4_DUTY=0
HEAT_4_SP=-20.0

[22:11:52.677 CUBESAT]
TS=1786204579.862
PG_5=1
PG_9=0
PG_12=0
FLT_P2=0
FLT_P3=0
HEAT_1_TEMP=0.0
HEAT_1_DUTY=0
HEAT_1_SP=-20.0
ENC_RAW=2185
ENC_ANGLE=48.01025390625
ENC_ACCUM=902.63671875
AUTO_STOP=1
MOTOR_ANGLE=0.004941860465116279
MOTOR_ACCUM=822.5630813953488
MOTOR_ROT=1572

[22:11:53.607 EBOX]
TS=1786202811.481
V_SENSE5=1.29638671875
V_SENSE9=0.0341796875
V_SENSE12=0.126953125
ADC_V5=4.98260498046875
ADC_V9=9.19525146484375
ADC_V12=11.5582275390625
ADC_V28=28.06365966796875
THERMAL_SENS_OUT_1=31
THERMAL_SENS_OUT_2=-50
THERMAL_SENS_OUT_3=25
THERMAL_SENS_OUT_4=26
THERMAL_SENS_OUT_5=36
THERMAL_SENS_OUT_6=-50
THERMAL_SENS_INT_1=25
THERMAL_SENS_INT_2=30
PG_5=1
PG_9=0
PG_12=1
FLT_P2=0
FLT_P3=0
HEAT_1_TEMP=31
HEAT_1_DUTY=0
HEAT_1_SP=-20.0
HEAT_2_TEMP=25
HEAT_2_DUTY=0
HEAT_2_SP=-20.0
HEAT_3_TEMP=26
HEAT_3_DUTY=0
HEAT_3_SP=-20.0
HEAT_4_TEMP=36
HEAT_4_DUTY=0
HEAT_4_SP=-20.0

[22:11:54.921 CUBESAT]
TS=1786204581.865
PG_5=1
PG_9=0
PG_12=0
FLT_P2=0
FLT_P3=0
HEAT_1_TEMP=0.0
HEAT_1_DUTY=10
HEAT_1_SP=-20.0
ENC_RAW=2189
ENC_ANGLE=48.09814453125
ENC_ACCUM=902.724609375
AUTO_STOP=1
MOTOR_ANGLE=0.004941860465116279
MOTOR_ACCUM=822.5630813953488
MOTOR_ROT=1572

[22:11:55.446 EBOX]
TS=1786202813.491
V_SENSE5=1.26953125
V_SENSE9=0.0390625
V_SENSE12=0.11474609375
ADC_V5=5.0091552734375
ADC_V9=9.17755126953125
ADC_V12=11.85028076171875
ADC_V28=27.67425537109375
THERMAL_SENS_OUT_1=29
THERMAL_SENS_OUT_2=-50
THERMAL_SENS_OUT_3=25
THERMAL_SENS_OUT_4=26
THERMAL_SENS_OUT_5=36
THERMAL_SENS_OUT_6=-50
THERMAL_SENS_INT_1=27
THERMAL_SENS_INT_2=28
PG_5=1
PG_9=0
PG_12=1
FLT_P2=0
FLT_P3=0
HEAT_1_TEMP=29
HEAT_1_DUTY=0
HEAT_1_SP=-20.0
HEAT_2_TEMP=25
HEAT_2_DUTY=0
HEAT_2_SP=-20.0
HEAT_3_TEMP=26
HEAT_3_DUTY=0
HEAT_3_SP=-20.0
HEAT_4_TEMP=36
HEAT_4_DUTY=0
HEAT_4_SP=-20.0

[22:11:56.754 EBOX]
TS=1786202815.484
V_SENSE5=1.2646484375
V_SENSE9=0.03662109375
V_SENSE12=0.1220703125
ADC_V5=4.920654296875
ADC_V9=9.26605224609375
ADC_V12=11.788330078125
ADC_V28=27.3114013671875
THERMAL_SENS_OUT_1=28
THERMAL_SENS_OUT_2=-50
THERMAL_SENS_OUT_3=25
THERMAL_SENS_OUT_4=32
THERMAL_SENS_OUT_5=36
THERMAL_SENS_OUT_6=-50
THERMAL_SENS_INT_1=29
THERMAL_SENS_INT_2=26
PG_5=1
PG_9=0
PG_12=1
FLT_P2=0
FLT_P3=0
HEAT_1_TEMP=28
HEAT_1_DUTY=0
HEAT_1_SP=-20.0
HEAT_2_TEMP=25
HEAT_2_DUTY=0
HEAT_2_SP=-20.0
HEAT_3_TEMP=32
HEAT_3_DUTY=0
HEAT_3_SP=-20.0
HEAT_4_TEMP=36
HEAT_4_DUTY=0
HEAT_4_SP=-20.0

[22:11:57.462 CUBESAT]
TS=1786204583.867
PG_5=1
PG_9=0
PG_12=0
FLT_P2=0
FLT_P3=0
HEAT_1_TEMP=0.0
HEAT_1_DUTY=0
HEAT_1_SP=-20.0
ENC_RAW=2188
ENC_ANGLE=48.076171875
ENC_ACCUM=902.70263671875
AUTO_STOP=1
MOTOR_ANGLE=0.004941860465116279
MOTOR_ACCUM=822.5630813953488
MOTOR_ROT=1572

[22:11:58.688 EBOX]
TS=1786202817.484
V_SENSE5=1.11572265625
V_SENSE9=0.0341796875
V_SENSE12=0.12939453125
ADC_V5=4.9560546875
ADC_V9=9.08905029296875
ADC_V12=11.5582275390625
ADC_V28=27.90435791015625
THERMAL_SENS_OUT_1=33
THERMAL_SENS_OUT_2=-50
THERMAL_SENS_OUT_3=25
THERMAL_SENS_OUT_4=30
THERMAL_SENS_OUT_5=35
THERMAL_SENS_OUT_6=-50
THERMAL_SENS_INT_1=26
THERMAL_SENS_INT_2=32
PG_5=1
PG_9=0
PG_12=1
FLT_P2=0
FLT_P3=0
HEAT_1_TEMP=33
HEAT_1_DUTY=0
HEAT_1_SP=-20.0
HEAT_2_TEMP=25
HEAT_2_DUTY=0
HEAT_2_SP=-20.0
HEAT_3_TEMP=30
HEAT_3_DUTY=0
HEAT_3_SP=-20.0
HEAT_4_TEMP=35
HEAT_4_DUTY=0
HEAT_4_SP=-20.0

[22:11:59.998 CUBESAT]
TS=1786204585.871
PG_5=1
PG_9=0
PG_12=0
FLT_P2=0
FLT_P3=0
HEAT_1_TEMP=0.0
HEAT_1_DUTY=0
HEAT_1_SP=-20.0
ENC_RAW=2188
ENC_ANGLE=48.076171875
ENC_ACCUM=902.70263671875
AUTO_STOP=1
MOTOR_ANGLE=0.004941860465116279
MOTOR_ACCUM=822.5630813953488
MOTOR_ROT=1572

[22:12:00.403 CUBESAT]
TS=1786204587.875
PG_5=1
PG_9=0
PG_12=0
FLT_P2=0
FLT_P3=0
HEAT_1_TEMP=0.0
HEAT_1_DUTY=0
HEAT_1_SP=-20.0
ENC_RAW=2188
ENC_ANGLE=48.076171875
ENC_ACCUM=902.70263671875
AUTO_STOP=1
MOTOR_ANGLE=0.004941860465116279
MOTOR_ACCUM=822.5630813953488
MOTOR_ROT=1572

[22:12:00.728 EBOX]
TS=1786202819.486
V_SENSE5=1.30126953125
V_SENSE9=0.03662109375
V_SENSE12=0.10009765625
ADC_V5=4.9029541015625
ADC_V9=8.89434814453125
ADC_V12=11.575927734375
ADC_V28=27.97515869140625
THERMAL_SENS_OUT_1=32
THERMAL_SENS_OUT_2=-50
THERMAL_SENS_OUT_3=29
THERMAL_SENS_OUT_4=27
THERMAL_SENS_OUT_5=39
THERMAL_SENS_OUT_6=-50
THERMAL_SENS_INT_1=29
THERMAL_SENS_INT_2=26
PG_5=1
PG_9=0
PG_12=1
FLT_P2=0
FLT_P3=0
HEAT_1_TEMP=32
HEAT_1_DUTY=0
HEAT_1_SP=-20.0
HEAT_2_TEMP=29
HEAT_2_DUTY=0
HEAT_2_SP=-20.0
HEAT_3_TEMP=27
HEAT_3_DUTY=0
HEAT_3_SP=-20.0
HEAT_4_TEMP=39
HEAT_4_DUTY=0
HEAT_4_SP=-20.0

[22:12:02.341 CUBESAT]
TS=1786204589.878
PG_5=1
PG_9=0
PG_12=0
FLT_P2=0
FLT_P3=0
HEAT_1_TEMP=0.0
HEAT_1_DUTY=0
HEAT_1_SP=-20.0
ENC_RAW=2188
ENC_ANGLE=48.076171875
ENC_ACCUM=902.70263671875
AUTO_STOP=1
MOTOR_ANGLE=0.004941860465116279
MOTOR_ACCUM=822.5630813953488
MOTOR_ROT=1572

[22:12:02.767 EBOX]
TS=1786202821.488
V_SENSE5=1.12060546875
V_SENSE9=0.03662109375
V_SENSE12=0.09765625
ADC_V5=4.9560546875
ADC_V9=9.35455322265625
ADC_V12=11.88568115234375
ADC_V28=27.40875244140625
THERMAL_SENS_OUT_1=28
THERMAL_SENS_OUT_2=-50
THERMAL_SENS_OUT_3=28
THERMAL_SENS_OUT_4=27
THERMAL_SENS_OUT_5=40
THERMAL_SENS_OUT_6=-50
THERMAL_SENS_INT_1=25
THERMAL_SENS_INT_2=31
PG_5=1
PG_9=0
PG_12=1
FLT_P2=0
FLT_P3=0
HEAT_1_TEMP=28
HEAT_1_DUTY=0
HEAT_1_SP=-20.0
HEAT_2_TEMP=28
HEAT_2_DUTY=0
HEAT_2_SP=-20.0
HEAT_3_TEMP=27
HEAT_3_DUTY=0
HEAT_3_SP=-20.0
HEAT_4_TEMP=40
HEAT_4_DUTY=0
HEAT_4_SP=-20.0

[22:12:04.700 EBOX]
TS=1786202823.490
V_SENSE5=1.2158203125
V_SENSE9=0.0390625
V_SENSE12=0.1025390625
ADC_V5=4.94720458984375
ADC_V9=9.46075439453125
ADC_V12=11.60247802734375
ADC_V28=28.037109375
THERMAL_SENS_OUT_1=32
THERMAL_SENS_OUT_2=-50
THERMAL_SENS_OUT_3=28
THERMAL_SENS_OUT_4=27
THERMAL_SENS_OUT_5=36
THERMAL_SENS_OUT_6=-50
THERMAL_SENS_INT_1=26
THERMAL_SENS_INT_2=31
PG_5=1
PG_9=0
PG_12=1
FLT_P2=0
FLT_P3=0
HEAT_1_TEMP=32
HEAT_1_DUTY=0
HEAT_1_SP=-20.0
HEAT_2_TEMP=28
HEAT_2_DUTY=0
HEAT_2_SP=-20.0
HEAT_3_TEMP=27
HEAT_3_DUTY=0
HEAT_3_SP=-20.0
HEAT_4_TEMP=36
HEAT_4_DUTY=0
HEAT_4_SP=-20.0

[22:12:06.753 CUBESAT]
TS=1786204591.881
PG_5=1
PG_9=0
PG_12=0
FLT_P2=0
FLT_P3=0
HEAT_1_TEMP=0.0
HEAT_1_DUTY=10
HEAT_1_SP=-20.0
ENC_RAW=2191
ENC_ANGLE=48.14208984375
ENC_ACCUM=902.7685546875
AUTO_STOP=1
MOTOR_ANGLE=0.004941860465116279
MOTOR_ACCUM=822.5630813953488
MOTOR_ROT=1572

[22:12:06.983 EBOX]
TS=1786202825.491
V_SENSE5=1.15478515625
V_SENSE9=0.0341796875
V_SENSE12=0.12939453125
ADC_V5=4.8675537109375
ADC_V9=9.37225341796875
ADC_V12=11.60247802734375
ADC_V28=28.001708984375
THERMAL_SENS_OUT_1=32
THERMAL_SENS_OUT_2=-50
THERMAL_SENS_OUT_3=27
THERMAL_SENS_OUT_4=26
THERMAL_SENS_OUT_5=38
THERMAL_SENS_OUT_6=-50
THERMAL_SENS_INT_1=27
THERMAL_SENS_INT_2=32
PG_5=1
PG_9=0
PG_12=1
FLT_P2=0
FLT_P3=0
HEAT_1_TEMP=32
HEAT_1_DUTY=0
HEAT_1_SP=-20.0
HEAT_2_TEMP=27
HEAT_2_DUTY=0
HEAT_2_SP=-20.0
HEAT_3_TEMP=26
HEAT_3_DUTY=0
HEAT_3_SP=-20.0
HEAT_4_TEMP=38
HEAT_4_DUTY=0
HEAT_4_SP=-20.0

[22:12:07.791 CUBESAT]
TS=1786204593.888
PG_5=1
PG_9=0
PG_12=0
FLT_P2=0
FLT_P3=0
HEAT_1_TEMP=0.0
HEAT_1_DUTY=0
HEAT_1_SP=-20.0
ENC_RAW=2185
ENC_ANGLE=48.01025390625
ENC_ACCUM=902.63671875
AUTO_STOP=1
MOTOR_ANGLE=0.004941860465116279
MOTOR_ACCUM=822.5630813953488
MOTOR_ROT=1572

[22:12:08.599 CUBESAT]
TS=1786204595.891
PG_5=1
PG_9=0
PG_12=0
FLT_P2=0
FLT_P3=0
HEAT_1_TEMP=0.0
HEAT_1_DUTY=0
HEAT_1_SP=-20.0
ENC_RAW=2188
ENC_ANGLE=48.076171875
ENC_ACCUM=902.70263671875
AUTO_STOP=1
MOTOR_ANGLE=0.004941860465116279
MOTOR_ACCUM=822.5630813953488
MOTOR_ROT=1572

[22:12:09.019 EBOX]
TS=1786202827.496
V_SENSE5=1.24267578125
V_SENSE9=0.0390625
V_SENSE12=0.13671875
ADC_V5=4.88525390625
ADC_V9=9.2926025390625
ADC_V12=11.7529296875
ADC_V28=28.02825927734375
THERMAL_SENS_OUT_1=29
THERMAL_SENS_OUT_2=-50
THERMAL_SENS_OUT_3=28
THERMAL_SENS_OUT_4=32
THERMAL_SENS_OUT_5=35
THERMAL_SENS_OUT_6=-50
THERMAL_SENS_INT_1=24
THERMAL_SENS_INT_2=28
PG_5=1
PG_9=0
PG_12=1
FLT_P2=0
FLT_P3=0
HEAT_1_TEMP=29
HEAT_1_DUTY=0
HEAT_1_SP=-20.0
HEAT_2_TEMP=28
HEAT_2_DUTY=0
HEAT_2_SP=-20.0
HEAT_3_TEMP=32
HEAT_3_DUTY=0
HEAT_3_SP=-20.0
HEAT_4_TEMP=35
HEAT_4_DUTY=0
HEAT_4_SP=-20.0

[22:12:10.631 CUBESAT]
TS=1786204597.894
PG_5=1
PG_9=0
PG_12=0
FLT_P2=0
FLT_P3=0
HEAT_1_TEMP=0.0
HEAT_1_DUTY=0
HEAT_1_SP=-20.0
ENC_RAW=2188
ENC_ANGLE=48.076171875
ENC_ACCUM=902.70263671875
AUTO_STOP=1
MOTOR_ANGLE=0.004941860465116279
MOTOR_ACCUM=822.5630813953488
MOTOR_ROT=1572

[22:12:11.018 EBOX]
TS=1786202829.498
V_SENSE5=1.19140625
V_SENSE9=0.04150390625
V_SENSE12=0.09765625
ADC_V5=4.91180419921875
ADC_V9=9.1156005859375
ADC_V12=11.62017822265625
ADC_V28=28.10791015625
THERMAL_SENS_OUT_1=30
THERMAL_SENS_OUT_2=-50
THERMAL_SENS_OUT_3=27
THERMAL_SENS_OUT_4=30
THERMAL_SENS_OUT_5=37
THERMAL_SENS_OUT_6=-50
THERMAL_SENS_INT_1=25
THERMAL_SENS_INT_2=31
PG_5=1
PG_9=0
PG_12=1
FLT_P2=0
FLT_P3=0
HEAT_1_TEMP=30
HEAT_1_DUTY=0
HEAT_1_SP=-20.0
HEAT_2_TEMP=27
HEAT_2_DUTY=0
HEAT_2_SP=-20.0
HEAT_3_TEMP=30
HEAT_3_DUTY=0
HEAT_3_SP=-20.0
HEAT_4_TEMP=37
HEAT_4_DUTY=0
HEAT_4_SP=-20.0

[22:12:12.759 EBOX]
TS=1786202831.501
V_SENSE5=1.14990234375
V_SENSE9=0.07080078125
V_SENSE12=0.10986328125
ADC_V5=4.991455078125
ADC_V9=9.0802001953125
ADC_V12=12.02728271484375
ADC_V28=27.75390625
THERMAL_SENS_OUT_1=28
THERMAL_SENS_OUT_2=-50
THERMAL_SENS_OUT_3=24
THERMAL_SENS_OUT_4=29
THERMAL_SENS_OUT_5=40
THERMAL_SENS_OUT_6=-50
THERMAL_SENS_INT_1=26
THERMAL_SENS_INT_2=28
PG_5=1
PG_9=0
PG_12=1
FLT_P2=0
FLT_P3=0
HEAT_1_TEMP=28
HEAT_1_DUTY=0
HEAT_1_SP=-20.0
HEAT_2_TEMP=24
HEAT_2_DUTY=0
HEAT_2_SP=-20.0
HEAT_3_TEMP=29
HEAT_3_DUTY=0
HEAT_3_SP=-20.0
HEAT_4_TEMP=40
HEAT_4_DUTY=0
HEAT_4_SP=-20.0

[22:12:13.164 CUBESAT]
TS=1786204599.895
PG_5=1
PG_9=0
PG_12=0
FLT_P2=0
FLT_P3=0
HEAT_1_TEMP=0.0
HEAT_1_DUTY=0
HEAT_1_SP=-20.0
ENC_RAW=2188
ENC_ANGLE=48.076171875
ENC_ACCUM=902.70263671875
AUTO_STOP=1
MOTOR_ANGLE=0.004941860465116279
MOTOR_ACCUM=822.5630813953488
MOTOR_ROT=1572

[22:12:15.557 CUBESAT]
TS=1786204601.898
PG_5=1
PG_9=0
PG_12=0
FLT_P2=0
FLT_P3=0
HEAT_1_TEMP=0.0
HEAT_1_DUTY=10
HEAT_1_SP=-20.0
ENC_RAW=2185
ENC_ANGLE=48.01025390625
ENC_ACCUM=902.63671875
AUTO_STOP=1
MOTOR_ANGLE=0.004941860465116279
MOTOR_ACCUM=822.5630813953488
MOTOR_ROT=1572

[22:12:15.981 EBOX]
TS=1786202833.498
V_SENSE5=1.14501953125
V_SENSE9=0.07568359375
V_SENSE12=0.126953125
ADC_V5=4.849853515625
ADC_V9=9.0447998046875
ADC_V12=11.63787841796875
ADC_V28=27.86895751953125
THERMAL_SENS_OUT_1=32
THERMAL_SENS_OUT_2=-50
THERMAL_SENS_OUT_3=29
THERMAL_SENS_OUT_4=27
THERMAL_SENS_OUT_5=39
THERMAL_SENS_OUT_6=-50
THERMAL_SENS_INT_1=29
THERMAL_SENS_INT_2=27
PG_5=1
PG_9=0
PG_12=1
FLT_P2=0
FLT_P3=0
HEAT_1_TEMP=32
HEAT_1_DUTY=0
HEAT_1_SP=-20.0
HEAT_2_TEMP=29
HEAT_2_DUTY=0
HEAT_2_SP=-20.0
HEAT_3_TEMP=27
HEAT_3_DUTY=0
HEAT_3_SP=-20.0
HEAT_4_TEMP=39
HEAT_4_DUTY=0
HEAT_4_SP=-20.0

[22:12:16.386 CUBESAT]
TS=1786204603.905
PG_5=1
PG_9=0
PG_12=0
FLT_P2=0
FLT_P3=0
HEAT_1_TEMP=0.0
HEAT_1_DUTY=0
HEAT_1_SP=-20.0
ENC_RAW=2187
ENC_ANGLE=48.05419921875
ENC_ACCUM=902.6806640625
AUTO_STOP=1
MOTOR_ANGLE=0.004941860465116279
MOTOR_ACCUM=822.5630813953488
MOTOR_ROT=1572

[22:12:16.706 EBOX]
TS=1786202835.500
V_SENSE5=1.35986328125
V_SENSE9=0.0390625
V_SENSE12=0.10498046875
ADC_V5=4.9560546875
ADC_V9=9.31915283203125
ADC_V12=11.82373046875
ADC_V28=27.17864990234375
THERMAL_SENS_OUT_1=28
THERMAL_SENS_OUT_2=-50
THERMAL_SENS_OUT_3=26
THERMAL_SENS_OUT_4=27
THERMAL_SENS_OUT_5=38
THERMAL_SENS_OUT_6=-50
THERMAL_SENS_INT_1=25
THERMAL_SENS_INT_2=30
PG_5=1
PG_9=0
PG_12=1
FLT_P2=0
FLT_P3=0
HEAT_1_TEMP=28
HEAT_1_DUTY=0
HEAT_1_SP=-20.0
HEAT_2_TEMP=26
HEAT_2_DUTY=0
HEAT_2_SP=-20.0
HEAT_3_TEMP=27
HEAT_3_DUTY=0
HEAT_3_SP=-20.0
HEAT_4_TEMP=38
HEAT_4_DUTY=0
HEAT_4_SP=-20.0

[22:12:18.881 EBOX]
TS=1786202837.504
V_SENSE5=1.220703125
V_SENSE9=0.0390625
V_SENSE12=0.09765625
ADC_V5=4.88525390625
ADC_V9=9.19525146484375
ADC_V12=11.88568115234375
ADC_V28=28.11676025390625
THERMAL_SENS_OUT_1=31
THERMAL_SENS_OUT_2=-50
THERMAL_SENS_OUT_3=24
THERMAL_SENS_OUT_4=30
THERMAL_SENS_OUT_5=35
THERMAL_SENS_OUT_6=-50
THERMAL_SENS_INT_1=25
THERMAL_SENS_INT_2=32
PG_5=1
PG_9=0
PG_12=1
FLT_P2=0
FLT_P3=0
HEAT_1_TEMP=31
HEAT_1_DUTY=0
HEAT_1_SP=-20.0
HEAT_2_TEMP=24
HEAT_2_DUTY=0
HEAT_2_SP=-20.0
HEAT_3_TEMP=30
HEAT_3_DUTY=0
HEAT_3_SP=-20.0
HEAT_4_TEMP=35
HEAT_4_DUTY=0
HEAT_4_SP=-20.0

[22:12:19.298 CUBESAT]
TS=1786204605.908
PG_5=1
PG_9=0
PG_12=0
FLT_P2=0
FLT_P3=0
HEAT_1_TEMP=0.0
HEAT_1_DUTY=0
HEAT_1_SP=-20.0
ENC_RAW=2188
ENC_ANGLE=48.076171875
ENC_ACCUM=902.70263671875
AUTO_STOP=1
MOTOR_ANGLE=0.004941860465116279
MOTOR_ACCUM=822.5630813953488
MOTOR_ROT=1572

[22:12:21.030 EBOX]
TS=1786202839.504
V_SENSE5=1.3232421875
V_SENSE9=0.0390625
V_SENSE12=0.1123046875
ADC_V5=5.00030517578125
ADC_V9=9.35455322265625
ADC_V12=11.63787841796875
ADC_V28=28.10791015625
THERMAL_SENS_OUT_1=28
THERMAL_SENS_OUT_2=-50
THERMAL_SENS_OUT_3=28
THERMAL_SENS_OUT_4=26
THERMAL_SENS_OUT_5=36
THERMAL_SENS_OUT_6=-50
THERMAL_SENS_INT_1=28
THERMAL_SENS_INT_2=28
PG_5=1
PG_9=0
PG_12=1
FLT_P2=0
FLT_P3=0
HEAT_1_TEMP=28
HEAT_1_DUTY=0
HEAT_1_SP=-20.0
HEAT_2_TEMP=28
HEAT_2_DUTY=0
HEAT_2_SP=-20.0
HEAT_3_TEMP=26
HEAT_3_DUTY=0
HEAT_3_SP=-20.0
HEAT_4_TEMP=36
HEAT_4_DUTY=0
HEAT_4_SP=-20.0

[22:12:21.537 CUBESAT]
TS=1786204607.911
PG_5=1
PG_9=0
PG_12=0
FLT_P2=0
FLT_P3=0
HEAT_1_TEMP=0.0
HEAT_1_DUTY=0
HEAT_1_SP=-20.0
ENC_RAW=2187
ENC_ANGLE=48.05419921875
ENC_ACCUM=902.6806640625
AUTO_STOP=1
MOTOR_ANGLE=0.004941860465116279
MOTOR_ACCUM=822.5630813953488
MOTOR_ROT=1572

[22:12:23.210 CUBESAT]
TS=1786204609.918
PG_5=1
PG_9=0
PG_12=0
FLT_P2=0
FLT_P3=0
HEAT_1_TEMP=0.0
HEAT_1_DUTY=0
HEAT_1_SP=-20.0
ENC_RAW=2188
ENC_ANGLE=48.076171875
ENC_ACCUM=902.70263671875
AUTO_STOP=1
MOTOR_ANGLE=0.004941860465116279
MOTOR_ACCUM=822.5630813953488
MOTOR_ROT=1572

[22:12:23.331 EBOX]
TS=1786202841.506
V_SENSE5=1.29150390625
V_SENSE9=0.0390625
V_SENSE12=0.09765625
ADC_V5=4.88525390625
ADC_V9=9.31915283203125
ADC_V12=11.77947998046875
ADC_V28=27.96630859375
THERMAL_SENS_OUT_1=32
THERMAL_SENS_OUT_2=-50
THERMAL_SENS_OUT_3=27
THERMAL_SENS_OUT_4=30
THERMAL_SENS_OUT_5=37
THERMAL_SENS_OUT_6=-50
THERMAL_SENS_INT_1=29
THERMAL_SENS_INT_2=26
PG_5=1
PG_9=0
PG_12=1
FLT_P2=0
FLT_P3=0
HEAT_1_TEMP=32
HEAT_1_DUTY=0
HEAT_1_SP=-20.0
HEAT_2_TEMP=27
HEAT_2_DUTY=0
HEAT_2_SP=-20.0
HEAT_3_TEMP=30
HEAT_3_DUTY=0
HEAT_3_SP=-20.0
HEAT_4_TEMP=37
HEAT_4_DUTY=0
HEAT_4_SP=-20.0

[22:12:25.547 CUBESAT]
TS=1786204611.921
PG_5=1
PG_9=0
PG_12=0
FLT_P2=0
FLT_P3=0
HEAT_1_TEMP=0.0
HEAT_1_DUTY=10
HEAT_1_SP=-20.0
ENC_RAW=2187
ENC_ANGLE=48.05419921875
ENC_ACCUM=902.6806640625
AUTO_STOP=1
MOTOR_ANGLE=0.004941860465116279
MOTOR_ACCUM=822.5630813953488
MOTOR_ROT=1572

[22:12:25.678 EBOX]
TS=1786202843.507
V_SENSE5=1.142578125
V_SENSE9=0.0390625
V_SENSE12=0.09765625
ADC_V5=5.00030517578125
ADC_V9=9.0802001953125
ADC_V12=11.95648193359375
ADC_V28=27.90435791015625
THERMAL_SENS_OUT_1=33
THERMAL_SENS_OUT_2=-50
THERMAL_SENS_OUT_3=30
THERMAL_SENS_OUT_4=28
THERMAL_SENS_OUT_5=40
THERMAL_SENS_OUT_6=-50
THERMAL_SENS_INT_1=30
THERMAL_SENS_INT_2=28
PG_5=1
PG_9=0
PG_12=1
FLT_P2=0
FLT_P3=0
HEAT_1_TEMP=33
HEAT_1_DUTY=0
HEAT_1_SP=-20.0
HEAT_2_TEMP=30
HEAT_2_DUTY=0
HEAT_2_SP=-20.0
HEAT_3_TEMP=28
HEAT_3_DUTY=0
HEAT_3_SP=-20.0
HEAT_4_TEMP=40
HEAT_4_DUTY=0
HEAT_4_SP=-20.0

[22:12:27.976 EBOX]
TS=1786202845.509
V_SENSE5=1.1767578125
V_SENSE9=0.0390625
V_SENSE12=0.11474609375
ADC_V5=5.05340576171875
ADC_V9=8.8323974609375
ADC_V12=11.7529296875
ADC_V28=28.18756103515625
THERMAL_SENS_OUT_1=28
THERMAL_SENS_OUT_2=-50
THERMAL_SENS_OUT_3=27
THERMAL_SENS_OUT_4=29
THERMAL_SENS_OUT_5=37
THERMAL_SENS_OUT_6=-50
THERMAL_SENS_INT_1=27
THERMAL_SENS_INT_2=29
PG_5=1
PG_9=0
PG_12=1
FLT_P2=0
FLT_P3=0
HEAT_1_TEMP=28
HEAT_1_DUTY=0
HEAT_1_SP=-20.0
HEAT_2_TEMP=27
HEAT_2_DUTY=0
HEAT_2_SP=-20.0
HEAT_3_TEMP=29
HEAT_3_DUTY=0
HEAT_3_SP=-20.0
HEAT_4_TEMP=37
HEAT_4_DUTY=0
HEAT_4_SP=-20.0

[22:12:28.885 CUBESAT]
TS=1786204613.924
PG_5=1
PG_9=0
PG_12=0
FLT_P2=0
FLT_P3=0
HEAT_1_TEMP=0.0
HEAT_1_DUTY=0
HEAT_1_SP=-20.0
ENC_RAW=2187
ENC_ANGLE=48.05419921875
ENC_ACCUM=902.6806640625
AUTO_STOP=1
MOTOR_ANGLE=0.004941860465116279
MOTOR_ACCUM=822.5630813953488
MOTOR_ROT=1572

[22:12:29.715 EBOX]
TS=1786202847.509
V_SENSE5=1.28662109375
V_SENSE9=0.048828125
V_SENSE12=0.11474609375
ADC_V5=4.991455078125
ADC_V9=8.9031982421875
ADC_V12=11.90338134765625
ADC_V28=27.39105224609375
THERMAL_SENS_OUT_1=27
THERMAL_SENS_OUT_2=-50
THERMAL_SENS_OUT_3=28
THERMAL_SENS_OUT_4=26
THERMAL_SENS_OUT_5=36
THERMAL_SENS_OUT_6=-50
THERMAL_SENS_INT_1=27
THERMAL_SENS_INT_2=32
PG_5=1
PG_9=0
PG_12=1
FLT_P2=0
FLT_P3=0
HEAT_1_TEMP=27
HEAT_1_DUTY=0
HEAT_1_SP=-20.0
HEAT_2_TEMP=28
HEAT_2_DUTY=0
HEAT_2_SP=-20.0
HEAT_3_TEMP=26
HEAT_3_DUTY=0
HEAT_3_SP=-20.0
HEAT_4_TEMP=36
HEAT_4_DUTY=0
HEAT_4_SP=-20.0

[22:12:29.920 CUBESAT]
TS=1786204615.928
PG_5=1
PG_9=0
PG_12=0
FLT_P2=0
FLT_P3=0
HEAT_1_TEMP=0.0
HEAT_1_DUTY=0
HEAT_1_SP=-20.0
ENC_RAW=2190
ENC_ANGLE=48.1201171875
ENC_ACCUM=902.74658203125
AUTO_STOP=1
MOTOR_ANGLE=0.004941860465116279
MOTOR_ACCUM=822.5630813953488
MOTOR_ROT=1572

[22:12:31.241 CUBESAT]
TS=1786204617.931
PG_5=1
PG_9=0
PG_12=0
FLT_P2=0
FLT_P3=0
HEAT_1_TEMP=0.0
HEAT_1_DUTY=10
HEAT_1_SP=-20.0
ENC_RAW=2190
ENC_ANGLE=48.1201171875
ENC_ACCUM=902.74658203125
AUTO_STOP=1
MOTOR_ANGLE=0.004941860465116279
MOTOR_ACCUM=822.5630813953488
MOTOR_ROT=1572

[22:12:32.592 EBOX]
TS=1786202849.523
V_SENSE5=1.36474609375
V_SENSE9=0.0341796875
V_SENSE12=0.09521484375
ADC_V5=4.91180419921875
ADC_V9=9.5404052734375
ADC_V12=11.929931640625
ADC_V28=27.92205810546875
THERMAL_SENS_OUT_1=33
THERMAL_SENS_OUT_2=-50
THERMAL_SENS_OUT_3=24
THERMAL_SENS_OUT_4=29
THERMAL_SENS_OUT_5=38
THERMAL_SENS_OUT_6=-50
THERMAL_SENS_INT_1=28
THERMAL_SENS_INT_2=26
PG_5=1
PG_9=0
PG_12=1
FLT_P2=0
FLT_P3=0
HEAT_1_TEMP=33
HEAT_1_DUTY=0
HEAT_1_SP=-20.0
HEAT_2_TEMP=24
HEAT_2_DUTY=0
HEAT_2_SP=-20.0
HEAT_3_TEMP=29
HEAT_3_DUTY=0
HEAT_3_SP=-20.0
HEAT_4_TEMP=38
HEAT_4_DUTY=0
HEAT_4_SP=-20.0

[22:12:33.099 CUBESAT]
TS=1786204619.935
PG_5=1
PG_9=0
PG_12=0
FLT_P2=0
FLT_P3=0
HEAT_1_TEMP=0.0
HEAT_1_DUTY=0
HEAT_1_SP=-20.0
ENC_RAW=2188
ENC_ANGLE=48.076171875
ENC_ACCUM=902.70263671875
AUTO_STOP=1
MOTOR_ANGLE=0.004941860465116279
MOTOR_ACCUM=822.5630813953488
MOTOR_ROT=1572

[22:12:33.322 EBOX]
TS=1786202851.514
V_SENSE5=1.26953125
V_SENSE9=0.0390625
V_SENSE12=0.09765625
ADC_V5=4.991455078125
ADC_V9=9.3988037109375
ADC_V12=11.7529296875
ADC_V28=27.90435791015625
THERMAL_SENS_OUT_1=33
THERMAL_SENS_OUT_2=-50
THERMAL_SENS_OUT_3=24
THERMAL_SENS_OUT_4=26
THERMAL_SENS_OUT_5=37
THERMAL_SENS_OUT_6=-50
THERMAL_SENS_INT_1=25
THERMAL_SENS_INT_2=31
PG_5=1
PG_9=0
PG_12=1
FLT_P2=0
FLT_P3=0
HEAT_1_TEMP=33
HEAT_1_DUTY=0
HEAT_1_SP=-20.0
HEAT_2_TEMP=24
HEAT_2_DUTY=0
HEAT_2_SP=-20.0
HEAT_3_TEMP=26
HEAT_3_DUTY=0
HEAT_3_SP=-20.0
HEAT_4_TEMP=37
HEAT_4_DUTY=0
HEAT_4_SP=-20.0

[22:12:34.787 EBOX]
TS=1786202853.517
V_SENSE5=1.15234375
V_SENSE9=0.0390625
V_SENSE12=0.126953125
ADC_V5=5.0091552734375
ADC_V9=9.1864013671875
ADC_V12=11.60247802734375
ADC_V28=27.58575439453125
THERMAL_SENS_OUT_1=27
THERMAL_SENS_OUT_2=-50
THERMAL_SENS_OUT_3=25
THERMAL_SENS_OUT_4=32
THERMAL_SENS_OUT_5=37
THERMAL_SENS_OUT_6=-50
THERMAL_SENS_INT_1=25
THERMAL_SENS_INT_2=31
PG_5=1
PG_9=0
PG_12=1
FLT_P2=0
FLT_P3=0
HEAT_1_TEMP=27
HEAT_1_DUTY=0
HEAT_1_SP=-20.0
HEAT_2_TEMP=25
HEAT_2_DUTY=0
HEAT_2_SP=-20.0
HEAT_3_TEMP=32
HEAT_3_DUTY=0
HEAT_3_SP=-20.0
HEAT_4_TEMP=37
HEAT_4_DUTY=0
HEAT_4_SP=-20.0

[22:12:36.719 EBOX]
TS=1786202855.519
V_SENSE5=1.240234375
V_SENSE9=0.0390625
V_SENSE12=0.1220703125
ADC_V5=4.920654296875
ADC_V9=9.28375244140625
ADC_V12=11.88568115234375
ADC_V28=28.06365966796875
THERMAL_SENS_OUT_1=29
THERMAL_SENS_OUT_2=-50
THERMAL_SENS_OUT_3=26
THERMAL_SENS_OUT_4=28
THERMAL_SENS_OUT_5=40
THERMAL_SENS_OUT_6=-50
THERMAL_SENS_INT_1=27
THERMAL_SENS_INT_2=29
PG_5=1
PG_9=0
PG_12=1
FLT_P2=0
FLT_P3=0
HEAT_1_TEMP=29
HEAT_1_DUTY=0
HEAT_1_SP=-20.0
HEAT_2_TEMP=26
HEAT_2_DUTY=0
HEAT_2_SP=-20.0
HEAT_3_TEMP=28
HEAT_3_DUTY=0
HEAT_3_SP=-20.0
HEAT_4_TEMP=40
HEAT_4_DUTY=0
HEAT_4_SP=-20.0

[22:12:38.789 EBOX]
TS=1786202857.521
V_SENSE5=1.20849609375
V_SENSE9=0.0341796875
V_SENSE12=0.09765625
ADC_V5=4.849853515625
ADC_V9=9.15985107421875
ADC_V12=11.505126953125
ADC_V28=27.7716064453125
THERMAL_SENS_OUT_1=26
THERMAL_SENS_OUT_2=-50
THERMAL_SENS_OUT_3=26
THERMAL_SENS_OUT_4=30
THERMAL_SENS_OUT_5=38
THERMAL_SENS_OUT_6=-50
THERMAL_SENS_INT_1=30
THERMAL_SENS_INT_2=30
PG_5=1
PG_9=0
PG_12=1
FLT_P2=0
FLT_P3=0
HEAT_1_TEMP=26
HEAT_1_DUTY=0
HEAT_1_SP=-20.0
HEAT_2_TEMP=26
HEAT_2_DUTY=0
HEAT_2_SP=-20.0
HEAT_3_TEMP=30
HEAT_3_DUTY=0
HEAT_3_SP=-20.0
HEAT_4_TEMP=38
HEAT_4_DUTY=0
HEAT_4_SP=-20.0

[22:12:38.794 CUBESAT]
TS=1786204621.937
PG_5=1
PG_9=0
PG_12=0
FLT_P2=0
FLT_P3=0
HEAT_1_TEMP=0.0
HEAT_1_DUTY=0
HEAT_1_SP=-20.0
ENC_RAW=2186
ENC_ANGLE=48.0322265625
ENC_ACCUM=902.65869140625
AUTO_STOP=1
MOTOR_ANGLE=0.004941860465116279
MOTOR_ACCUM=822.5630813953488
MOTOR_ROT=1572

[22:12:40.306 CUBESAT]
TS=1786204623.941
PG_5=1
PG_9=0
PG_12=0
FLT_P2=0
FLT_P3=0
HEAT_1_TEMP=0.0
HEAT_1_DUTY=0
HEAT_1_SP=-20.0
ENC_RAW=2187
ENC_ANGLE=48.05419921875
ENC_ACCUM=902.6806640625
AUTO_STOP=1
MOTOR_ANGLE=0.004941860465116279
MOTOR_ACCUM=822.5630813953488
MOTOR_ROT=1572
TS=1786204625.944
PG_5=1
PG_9=0
PG_12=0
FLT_P2=0
FLT_P3=0
HEAT_1_TEMP=0.0
HEAT_1_DUTY=0
HEAT_1_SP=-20.0
ENC_RAW=2187
ENC_ANGLE=48.05419921875
ENC_ACCUM=902.6806640625
AUTO_STOP=1
MOTOR_ANGLE=0.004941860465116279
MOTOR_ACCUM=822.5630813953488
MOTOR_ROT=1572

[22:12:40.777 EBOX]
TS=1786202859.523
V_SENSE5=1.18408203125
V_SENSE9=0.03662109375
V_SENSE12=0.12939453125
ADC_V5=4.94720458984375
ADC_V9=8.85894775390625
ADC_V12=11.77947998046875
ADC_V28=27.4176025390625
THERMAL_SENS_OUT_1=26
THERMAL_SENS_OUT_2=-50
THERMAL_SENS_OUT_3=29
THERMAL_SENS_OUT_4=28
THERMAL_SENS_OUT_5=41
THERMAL_SENS_OUT_6=-50
THERMAL_SENS_INT_1=26
THERMAL_SENS_INT_2=31
PG_5=1
PG_9=0
PG_12=1
FLT_P2=0
FLT_P3=0
HEAT_1_TEMP=26
HEAT_1_DUTY=0
HEAT_1_SP=-20.0
HEAT_2_TEMP=29
HEAT_2_DUTY=0
HEAT_2_SP=-20.0
HEAT_3_TEMP=28
HEAT_3_DUTY=0
HEAT_3_SP=-20.0
HEAT_4_TEMP=41
HEAT_4_DUTY=0
HEAT_4_SP=-20.0

[22:12:42.722 CUBESAT]
TS=1786204627.951
PG_5=1
PG_9=0
PG_12=0
FLT_P2=0
FLT_P3=0
HEAT_1_TEMP=0.0
HEAT_1_DUTY=10
HEAT_1_SP=-20.0
ENC_RAW=2189
ENC_ANGLE=48.09814453125
ENC_ACCUM=902.724609375
AUTO_STOP=1
MOTOR_ANGLE=0.004941860465116279
MOTOR_ACCUM=822.5630813953488
MOTOR_ROT=1572

[22:12:42.850 EBOX]
TS=1786202861.530
V_SENSE5=1.2109375
V_SENSE9=0.0390625
V_SENSE12=0.12451171875
ADC_V5=4.9560546875
ADC_V9=8.99169921875
ADC_V12=11.646728515625
ADC_V28=27.789306640625
THERMAL_SENS_OUT_1=28
THERMAL_SENS_OUT_2=-50
THERMAL_SENS_OUT_3=26
THERMAL_SENS_OUT_4=28
THERMAL_SENS_OUT_5=36
THERMAL_SENS_OUT_6=-50
THERMAL_SENS_INT_1=27
THERMAL_SENS_INT_2=25
PG_5=1
PG_9=0
PG_12=1
FLT_P2=0
FLT_P3=0
HEAT_1_TEMP=28
HEAT_1_DUTY=0
HEAT_1_SP=-20.0
HEAT_2_TEMP=26
HEAT_2_DUTY=0
HEAT_2_SP=-20.0
HEAT_3_TEMP=28
HEAT_3_DUTY=0
HEAT_3_SP=-20.0
HEAT_4_TEMP=36
HEAT_4_DUTY=0
HEAT_4_SP=-20.0

[22:12:43.157 CUBESAT]
TS=1786204629.955
PG_5=1
PG_9=0
PG_12=0
FLT_P2=0
FLT_P3=0
HEAT_1_TEMP=0.0
HEAT_1_DUTY=0
HEAT_1_SP=-20.0
ENC_RAW=2186
ENC_ANGLE=48.0322265625
ENC_ACCUM=902.65869140625
AUTO_STOP=1
MOTOR_ANGLE=0.004941860465116279
MOTOR_ACCUM=822.5630813953488
MOTOR_ROT=1572

[22:12:44.814 CUBESAT]
TS=1786204631.958
PG_5=1
PG_9=0
PG_12=0
FLT_P2=0
FLT_P3=0
HEAT_1_TEMP=0.0
HEAT_1_DUTY=0
HEAT_1_SP=-20.0
ENC_RAW=2185
ENC_ANGLE=48.01025390625
ENC_ACCUM=902.63671875
AUTO_STOP=1
MOTOR_ANGLE=0.004941860465116279
MOTOR_ACCUM=822.5630813953488
MOTOR_ROT=1572

[22:12:45.136 EBOX]
TS=1786202863.525
V_SENSE5=1.18896484375
V_SENSE9=0.0390625
V_SENSE12=0.10498046875
ADC_V5=4.98260498046875
ADC_V9=9.27490234375
ADC_V12=11.929931640625
ADC_V28=27.85125732421875
THERMAL_SENS_OUT_1=32
THERMAL_SENS_OUT_2=-50
THERMAL_SENS_OUT_3=29
THERMAL_SENS_OUT_4=27
THERMAL_SENS_OUT_5=40
THERMAL_SENS_OUT_6=-50
THERMAL_SENS_INT_1=29
THERMAL_SENS_INT_2=26
PG_5=1
PG_9=0
PG_12=1
FLT_P2=0
FLT_P3=0
HEAT_1_TEMP=32
HEAT_1_DUTY=0
HEAT_1_SP=-20.0
HEAT_2_TEMP=29
HEAT_2_DUTY=0
HEAT_2_SP=-20.0
HEAT_3_TEMP=27
HEAT_3_DUTY=0
HEAT_3_SP=-20.0
HEAT_4_TEMP=40
HEAT_4_DUTY=0
HEAT_4_SP=-20.0

[22:12:46.650 CUBESAT]
TS=1786204633.961
PG_5=1
PG_9=0
PG_12=0
FLT_P2=0
FLT_P3=0
HEAT_1_TEMP=0.0
HEAT_1_DUTY=0
HEAT_1_SP=-20.0
ENC_RAW=2188
ENC_ANGLE=48.076171875
ENC_ACCUM=902.70263671875
AUTO_STOP=1
MOTOR_ANGLE=0.004941860465116279
MOTOR_ACCUM=822.5630813953488
MOTOR_ROT=1572

[22:12:48.390 EBOX]
TS=1786202865.527
V_SENSE5=1.31591796875
V_SENSE9=0.0341796875
V_SENSE12=0.13916015625
ADC_V5=4.920654296875
ADC_V9=9.4342041015625
ADC_V12=11.6290283203125
ADC_V28=28.06365966796875
THERMAL_SENS_OUT_1=32
THERMAL_SENS_OUT_2=-50
THERMAL_SENS_OUT_3=29
THERMAL_SENS_OUT_4=30
THERMAL_SENS_OUT_5=35
THERMAL_SENS_OUT_6=-50
THERMAL_SENS_INT_1=25
THERMAL_SENS_INT_2=30
PG_5=1
PG_9=0
PG_12=1
FLT_P2=0
FLT_P3=0
HEAT_1_TEMP=32
HEAT_1_DUTY=0
HEAT_1_SP=-20.0
HEAT_2_TEMP=29
HEAT_2_DUTY=0
HEAT_2_SP=-20.0
HEAT_3_TEMP=30
HEAT_3_DUTY=0
HEAT_3_SP=-20.0
HEAT_4_TEMP=35
HEAT_4_DUTY=0
HEAT_4_SP=-20.0

[22:12:49.298 CUBESAT]
TS=1786204635.965
PG_5=1
PG_9=0
PG_12=0
FLT_P2=0
FLT_P3=0
HEAT_1_TEMP=0.0
HEAT_1_DUTY=0
HEAT_1_SP=-20.0
ENC_RAW=2189
ENC_ANGLE=48.09814453125
ENC_ACCUM=902.724609375
AUTO_STOP=1
MOTOR_ANGLE=0.004941860465116279
MOTOR_ACCUM=822.5630813953488
MOTOR_ROT=1572

[22:12:50.737 EBOX]
TS=1786202867.529
V_SENSE5=1.123046875
V_SENSE9=0.0341796875
V_SENSE12=0.09765625
ADC_V5=4.98260498046875
ADC_V9=9.12445068359375
ADC_V12=11.82373046875
ADC_V28=27.2760009765625
THERMAL_SENS_OUT_1=28
THERMAL_SENS_OUT_2=-50
THERMAL_SENS_OUT_3=24
THERMAL_SENS_OUT_4=29
THERMAL_SENS_OUT_5=35
THERMAL_SENS_OUT_6=-50
THERMAL_SENS_INT_1=30
THERMAL_SENS_INT_2=27
PG_5=1
PG_9=0
PG_12=1
FLT_P2=0
FLT_P3=0
HEAT_1_TEMP=28
HEAT_1_DUTY=0
HEAT_1_SP=-20.0
HEAT_2_TEMP=24
HEAT_2_DUTY=0
HEAT_2_SP=-20.0
HEAT_3_TEMP=29
HEAT_3_DUTY=0
HEAT_3_SP=-20.0
HEAT_4_TEMP=35
HEAT_4_DUTY=0
HEAT_4_SP=-20.0

[22:12:51.346 CUBESAT]
TS=1786204637.968
PG_5=1
PG_9=0
PG_12=0
FLT_P2=0
FLT_P3=0
HEAT_1_TEMP=0.0
HEAT_1_DUTY=10
HEAT_1_SP=-20.0
ENC_RAW=2189
ENC_ANGLE=48.09814453125
ENC_ACCUM=902.724609375
AUTO_STOP=1
MOTOR_ANGLE=0.004941860465116279
MOTOR_ACCUM=822.5630813953488
MOTOR_ROT=1572

[22:12:51.664 EBOX]
TS=1786202869.532
V_SENSE5=1.28662109375
V_SENSE9=0.0390625
V_SENSE12=0.1220703125
ADC_V5=4.94720458984375
ADC_V9=9.239501953125
ADC_V12=11.76177978515625
ADC_V28=27.718505859375
THERMAL_SENS_OUT_1=26
THERMAL_SENS_OUT_2=-50
THERMAL_SENS_OUT_3=27
THERMAL_SENS_OUT_4=30
THERMAL_SENS_OUT_5=37
THERMAL_SENS_OUT_6=-50
THERMAL_SENS_INT_1=26
THERMAL_SENS_INT_2=27
PG_5=1
PG_9=0
PG_12=1
FLT_P2=0
FLT_P3=0
HEAT_1_TEMP=26
HEAT_1_DUTY=0
HEAT_1_SP=-20.0
HEAT_2_TEMP=27
HEAT_2_DUTY=0
HEAT_2_SP=-20.0
HEAT_3_TEMP=30
HEAT_3_DUTY=0
HEAT_3_SP=-20.0
HEAT_4_TEMP=37
HEAT_4_DUTY=0
HEAT_4_SP=-20.0

[22:12:52.992 CUBESAT]
TS=1786204639.971
PG_5=1
PG_9=0
PG_12=0
FLT_P2=0
FLT_P3=0
HEAT_1_TEMP=0.0
HEAT_1_DUTY=0
HEAT_1_SP=-20.0
ENC_RAW=2187
ENC_ANGLE=48.05419921875
ENC_ACCUM=902.6806640625
AUTO_STOP=1
MOTOR_ANGLE=0.004941860465116279
MOTOR_ACCUM=822.5630813953488
MOTOR_ROT=1572

[22:12:53.423 EBOX]
TS=1786202871.532
V_SENSE5=1.34033203125
V_SENSE9=0.0390625
V_SENSE12=0.10009765625
ADC_V5=4.84100341796875
ADC_V9=9.10675048828125
ADC_V12=11.81488037109375
ADC_V28=27.5238037109375
THERMAL_SENS_OUT_1=27
THERMAL_SENS_OUT_2=-50
THERMAL_SENS_OUT_3=30
THERMAL_SENS_OUT_4=28
THERMAL_SENS_OUT_5=39
THERMAL_SENS_OUT_6=-50
THERMAL_SENS_INT_1=29
THERMAL_SENS_INT_2=27
PG_5=1
PG_9=0
PG_12=1
FLT_P2=0
FLT_P3=0
HEAT_1_TEMP=27
HEAT_1_DUTY=0
HEAT_1_SP=-20.0
HEAT_2_TEMP=30
HEAT_2_DUTY=0
HEAT_2_SP=-20.0
HEAT_3_TEMP=28
HEAT_3_DUTY=0
HEAT_3_SP=-20.0
HEAT_4_TEMP=39
HEAT_4_DUTY=0
HEAT_4_SP=-20.0

[22:12:54.436 CUBESAT]
TS=1786204641.975
PG_5=1
PG_9=0
PG_12=0
FLT_P2=0
FLT_P3=0
HEAT_1_TEMP=0.0
HEAT_1_DUTY=0
HEAT_1_SP=-20.0
ENC_RAW=2186
ENC_ANGLE=48.0322265625
ENC_ACCUM=902.65869140625
AUTO_STOP=1
MOTOR_ANGLE=0.004941860465116279
MOTOR_ACCUM=822.5630813953488
MOTOR_ROT=1572

[22:12:56.568 EBOX]
TS=1786202873.534
V_SENSE5=1.1962890625
V_SENSE9=0.0390625
V_SENSE12=0.12451171875
ADC_V5=4.98260498046875
ADC_V9=9.097900390625
ADC_V12=11.5936279296875
ADC_V28=28.02825927734375
THERMAL_SENS_OUT_1=32
THERMAL_SENS_OUT_2=-50
THERMAL_SENS_OUT_3=30
THERMAL_SENS_OUT_4=28
THERMAL_SENS_OUT_5=41
THERMAL_SENS_OUT_6=-50
THERMAL_SENS_INT_1=29
THERMAL_SENS_INT_2=27
PG_5=1
PG_9=0
PG_12=1
FLT_P2=0
FLT_P3=0
HEAT_1_TEMP=32
HEAT_1_DUTY=0
HEAT_1_SP=-20.0
HEAT_2_TEMP=30
HEAT_2_DUTY=0
HEAT_2_SP=-20.0
HEAT_3_TEMP=28
HEAT_3_DUTY=0
HEAT_3_SP=-20.0
HEAT_4_TEMP=41
HEAT_4_DUTY=0
HEAT_4_SP=-20.0

[22:12:57.096 EBOX]
TS=1786202875.534
V_SENSE5=1.162109375
V_SENSE9=0.03662109375
V_SENSE12=0.13427734375
ADC_V5=4.920654296875
ADC_V9=8.89434814453125
ADC_V12=11.929931640625
ADC_V28=27.58575439453125
THERMAL_SENS_OUT_1=27
THERMAL_SENS_OUT_2=-50
THERMAL_SENS_OUT_3=30
THERMAL_SENS_OUT_4=28
THERMAL_SENS_OUT_5=40
THERMAL_SENS_OUT_6=-50
THERMAL_SENS_INT_1=30
THERMAL_SENS_INT_2=28
PG_5=1
PG_9=0
PG_12=1
FLT_P2=0
FLT_P3=0
HEAT_1_TEMP=27
HEAT_1_DUTY=0
HEAT_1_SP=-20.0
HEAT_2_TEMP=30
HEAT_2_DUTY=0
HEAT_2_SP=-20.0
HEAT_3_TEMP=28
HEAT_3_DUTY=0
HEAT_3_SP=-20.0
HEAT_4_TEMP=40
HEAT_4_DUTY=0
HEAT_4_SP=-20.0

[22:12:57.615 CUBESAT]
TS=1786204643.976
PG_5=1
PG_9=0
PG_12=0
FLT_P2=0
FLT_P3=0
HEAT_1_TEMP=0.0
HEAT_1_DUTY=10
HEAT_1_SP=-20.0
ENC_RAW=1573
ENC_ANGLE=34.56298828125
ENC_ACCUM=889.189453125
AUTO_STOP=1
MOTOR_ANGLE=0.004941860465116279
MOTOR_ACCUM=808.9584302325582
MOTOR_ROT=1546

[22:12:58.531 CUBESAT]
TS=1786204645.978
PG_5=1
PG_9=0
PG_12=0
FLT_P2=0
FLT_P3=0
HEAT_1_TEMP=0.0
HEAT_1_DUTY=0
HEAT_1_SP=-20.0
ENC_RAW=938
ENC_ANGLE=20.6103515625
ENC_ACCUM=875.23681640625
AUTO_STOP=1
MOTOR_ANGLE=0.0011482558139534885
MOTOR_ACCUM=796.3964970930233
MOTOR_ROT=1522

[22:12:58.747 EBOX]
TS=1786202877.552
V_SENSE5=1.12548828125
V_SENSE9=0.03662109375
V_SENSE12=0.12939453125
ADC_V5=4.80560302734375
ADC_V9=9.1864013671875
ADC_V12=11.56707763671875
ADC_V28=27.90435791015625
THERMAL_SENS_OUT_1=31
THERMAL_SENS_OUT_2=-50
THERMAL_SENS_OUT_3=28
THERMAL_SENS_OUT_4=31
THERMAL_SENS_OUT_5=35
THERMAL_SENS_OUT_6=-50
THERMAL_SENS_INT_1=31
THERMAL_SENS_INT_2=26
PG_5=1
PG_9=0
PG_12=1
FLT_P2=0
FLT_P3=0
HEAT_1_TEMP=31
HEAT_1_DUTY=0
HEAT_1_SP=-20.0
HEAT_2_TEMP=28
HEAT_2_DUTY=0
HEAT_2_SP=-20.0
HEAT_3_TEMP=31
HEAT_3_DUTY=0
HEAT_3_SP=-20.0
HEAT_4_TEMP=35
HEAT_4_DUTY=0
HEAT_4_SP=-20.0

[22:13:00.762 CUBESAT]
TS=1786204647.979
PG_5=1
PG_9=0
PG_12=0
FLT_P2=0
FLT_P3=0
HEAT_1_TEMP=0.0
HEAT_1_DUTY=0
HEAT_1_SP=-20.0
ENC_RAW=295
ENC_ANGLE=6.48193359375
ENC_ACCUM=861.1083984375
AUTO_STOP=1
MOTOR_ANGLE=0.0068459302325581395
MOTOR_ACCUM=783.3207994186046
MOTOR_ROT=1497

[22:13:00.979 EBOX]
TS=1786202879.540
V_SENSE5=1.14013671875
V_SENSE9=0.0390625
V_SENSE12=0.107421875
ADC_V5=4.84100341796875
ADC_V9=9.0802001953125
ADC_V12=11.63787841796875
ADC_V28=27.3291015625
THERMAL_SENS_OUT_1=32
THERMAL_SENS_OUT_2=-50
THERMAL_SENS_OUT_3=29
THERMAL_SENS_OUT_4=28
THERMAL_SENS_OUT_5=40
THERMAL_SENS_OUT_6=-50
THERMAL_SENS_INT_1=26
THERMAL_SENS_INT_2=32
PG_5=1
PG_9=0
PG_12=1
FLT_P2=0
FLT_P3=0
HEAT_1_TEMP=32
HEAT_1_DUTY=0
HEAT_1_SP=-20.0
HEAT_2_TEMP=29
HEAT_2_DUTY=0
HEAT_2_SP=-20.0
HEAT_3_TEMP=28
HEAT_3_DUTY=0
HEAT_3_SP=-20.0
HEAT_4_TEMP=40
HEAT_4_DUTY=0
HEAT_4_SP=-20.0

[22:13:02.433 CUBESAT]
TS=1786204649.981
PG_5=1
PG_9=0
PG_12=0
FLT_P2=0
FLT_P3=0
HEAT_1_TEMP=0.0
HEAT_1_DUTY=0
HEAT_1_SP=-20.0
ENC_RAW=16044
ENC_ANGLE=352.529296875
ENC_ACCUM=847.15576171875
AUTO_STOP=1
MOTOR_ANGLE=0.004186046511627906
MOTOR_ACCUM=770.76
MOTOR_ROT=1473

[22:13:02.859 EBOX]
TS=1786202881.543
V_SENSE5=1.33544921875
V_SENSE9=0.0341796875
V_SENSE12=0.1025390625
ADC_V5=4.9029541015625
ADC_V9=9.15985107421875
ADC_V12=11.7352294921875
ADC_V28=27.8424072265625
THERMAL_SENS_OUT_1=28
THERMAL_SENS_OUT_2=-50
THERMAL_SENS_OUT_3=27
THERMAL_SENS_OUT_4=29
THERMAL_SENS_OUT_5=36
THERMAL_SENS_OUT_6=-50
THERMAL_SENS_INT_1=31
THERMAL_SENS_INT_2=29
PG_5=1
PG_9=0
PG_12=1
FLT_P2=0
FLT_P3=0
HEAT_1_TEMP=28
HEAT_1_DUTY=0
HEAT_1_SP=-20.0
HEAT_2_TEMP=27
HEAT_2_DUTY=0
HEAT_2_SP=-20.0
HEAT_3_TEMP=29
HEAT_3_DUTY=0
HEAT_3_SP=-20.0
HEAT_4_TEMP=36
HEAT_4_DUTY=0
HEAT_4_SP=-20.0

[22:13:04.779 CUBESAT]
TS=1786204651.983
PG_5=1
PG_9=0
PG_12=0
FLT_P2=0
FLT_P3=0
HEAT_1_TEMP=0.0
HEAT_1_DUTY=0
HEAT_1_SP=-20.0
ENC_RAW=15403
ENC_ANGLE=338.44482421875
ENC_ACCUM=833.0712890625
AUTO_STOP=1
MOTOR_ANGLE=0.0
MOTOR_ACCUM=758.1976744186046
MOTOR_ROT=1449

[22:13:05.002 EBOX]
TS=1786202883.544
V_SENSE5=1.2109375
V_SENSE9=0.0341796875
V_SENSE12=0.1171875
ADC_V5=4.9029541015625
ADC_V9=8.82354736328125
ADC_V12=11.90338134765625
ADC_V28=27.40875244140625
THERMAL_SENS_OUT_1=27
THERMAL_SENS_OUT_2=-50
THERMAL_SENS_OUT_3=30
THERMAL_SENS_OUT_4=27
THERMAL_SENS_OUT_5=38
THERMAL_SENS_OUT_6=-50
THERMAL_SENS_INT_1=24
THERMAL_SENS_INT_2=27
PG_5=1
PG_9=0
PG_12=1
FLT_P2=0
FLT_P3=0
HEAT_1_TEMP=27
HEAT_1_DUTY=0
HEAT_1_SP=-20.0
HEAT_2_TEMP=30
HEAT_2_DUTY=0
HEAT_2_SP=-20.0
HEAT_3_TEMP=27
HEAT_3_DUTY=0
HEAT_3_SP=-20.0
HEAT_4_TEMP=38
HEAT_4_DUTY=0
HEAT_4_SP=-20.0

[22:13:06.570 CUBESAT]
TS=1786204653.986
PG_5=1
PG_9=0
PG_12=0
FLT_P2=0
FLT_P3=0
HEAT_1_TEMP=0.0
HEAT_1_DUTY=10
HEAT_1_SP=-20.0
ENC_RAW=14771
ENC_ANGLE=324.55810546875
ENC_ACCUM=819.1845703125
AUTO_STOP=1
MOTOR_ANGLE=0.006468023255813954
MOTOR_ACCUM=745.1227470930232
MOTOR_ROT=1424

[22:13:06.804 EBOX]
TS=1786202885.546
V_SENSE5=1.1669921875
V_SENSE9=0.0341796875
V_SENSE12=0.09765625
ADC_V5=4.98260498046875
ADC_V9=9.310302734375
ADC_V12=11.93878173828125
ADC_V28=27.789306640625
THERMAL_SENS_OUT_1=31
THERMAL_SENS_OUT_2=-50
THERMAL_SENS_OUT_3=27
THERMAL_SENS_OUT_4=29
THERMAL_SENS_OUT_5=38
THERMAL_SENS_OUT_6=-50
THERMAL_SENS_INT_1=28
THERMAL_SENS_INT_2=28
PG_5=1
PG_9=0
PG_12=1
FLT_P2=0
FLT_P3=0
HEAT_1_TEMP=31
HEAT_1_DUTY=0
HEAT_1_SP=-20.0
HEAT_2_TEMP=27
HEAT_2_DUTY=0
HEAT_2_SP=-20.0
HEAT_3_TEMP=29
HEAT_3_DUTY=0
HEAT_3_SP=-20.0
HEAT_4_TEMP=38
HEAT_4_DUTY=0
HEAT_4_SP=-20.0

[22:13:08.852 CUBESAT]
TS=1786204655.988
PG_5=1
PG_9=0
PG_12=0
FLT_P2=0
FLT_P3=0
HEAT_1_TEMP=0.0
HEAT_1_DUTY=0
HEAT_1_SP=-20.0
ENC_RAW=14142
ENC_ANGLE=310.7373046875
ENC_ACCUM=805.36376953125
AUTO_STOP=1
MOTOR_ANGLE=0.0030377906976744185
MOTOR_ACCUM=732.5611773255814
MOTOR_ROT=1400

[22:13:09.369 EBOX]
TS=1786202887.547
V_SENSE5=1.32568359375
V_SENSE9=0.0390625
V_SENSE12=0.13671875
ADC_V5=5.08880615234375
ADC_V9=9.345703125
ADC_V12=11.54052734375
ADC_V28=27.8778076171875
THERMAL_SENS_OUT_1=33
THERMAL_SENS_OUT_2=-50
THERMAL_SENS_OUT_3=28
THERMAL_SENS_OUT_4=26
THERMAL_SENS_OUT_5=37
THERMAL_SENS_OUT_6=-50
THERMAL_SENS_INT_1=24
THERMAL_SENS_INT_2=26
PG_5=1
PG_9=0
PG_12=1
FLT_P2=0
FLT_P3=0
HEAT_1_TEMP=33
HEAT_1_DUTY=0
HEAT_1_SP=-20.0
HEAT_2_TEMP=28
HEAT_2_DUTY=0
HEAT_2_SP=-20.0
HEAT_3_TEMP=26
HEAT_3_DUTY=0
HEAT_3_SP=-20.0
HEAT_4_TEMP=37
HEAT_4_DUTY=0
HEAT_4_SP=-20.0

[22:13:11.301 CUBESAT]
TS=1786204657.990
PG_5=1
PG_9=0
PG_12=0
FLT_P2=0
FLT_P3=0
HEAT_1_TEMP=0.0
HEAT_1_DUTY=0
HEAT_1_SP=-20.0
ENC_RAW=13513
ENC_ANGLE=296.91650390625
ENC_ACCUM=791.54296875
AUTO_STOP=1
MOTOR_ANGLE=0.008749999999999999
MOTOR_ACCUM=719.4854941860466
MOTOR_ROT=1375

[22:13:11.922 EBOX]
TS=1786202889.566
V_SENSE5=1.0791015625
V_SENSE9=0.03662109375
V_SENSE12=0.1171875
ADC_V5=4.89410400390625
ADC_V9=8.9739990234375
ADC_V12=11.74407958984375
ADC_V28=27.62115478515625
THERMAL_SENS_OUT_1=31
THERMAL_SENS_OUT_2=-50
THERMAL_SENS_OUT_3=29
THERMAL_SENS_OUT_4=32
THERMAL_SENS_OUT_5=41
THERMAL_SENS_OUT_6=-50
THERMAL_SENS_INT_1=31
THERMAL_SENS_INT_2=32
PG_5=1
PG_9=0
PG_12=1
FLT_P2=0
FLT_P3=0
HEAT_1_TEMP=31
HEAT_1_DUTY=0
HEAT_1_SP=-20.0
HEAT_2_TEMP=29
HEAT_2_DUTY=0
HEAT_2_SP=-20.0
HEAT_3_TEMP=32
HEAT_3_DUTY=0
HEAT_3_SP=-20.0
HEAT_4_TEMP=41
HEAT_4_DUTY=0
HEAT_4_SP=-20.0

[22:13:13.780 CUBESAT]
TS=1786204659.992
PG_5=1
PG_9=0
PG_12=0
FLT_P2=0
FLT_P3=0
HEAT_1_TEMP=0.0
HEAT_1_DUTY=0
HEAT_1_SP=-20.0
ENC_RAW=12882
ENC_ANGLE=283.0517578125
ENC_ACCUM=777.67822265625
AUTO_STOP=1
MOTOR_ANGLE=0.006090116279069768
MOTOR_ACCUM=706.9246947674419
MOTOR_ROT=1351

[22:13:13.914 EBOX]
TS=1786202891.552
V_SENSE5=1.2451171875
V_SENSE9=0.03662109375
V_SENSE12=0.09765625
ADC_V5=4.9029541015625
ADC_V9=8.98284912109375
ADC_V12=11.99188232421875
ADC_V28=27.88665771484375
THERMAL_SENS_OUT_1=33
THERMAL_SENS_OUT_2=-50
THERMAL_SENS_OUT_3=25
THERMAL_SENS_OUT_4=27
THERMAL_SENS_OUT_5=39
THERMAL_SENS_OUT_6=-50
THERMAL_SENS_INT_1=28
THERMAL_SENS_INT_2=26
PG_5=1
PG_9=0
PG_12=1
FLT_P2=0
FLT_P3=0
HEAT_1_TEMP=33
HEAT_1_DUTY=0
HEAT_1_SP=-20.0
HEAT_2_TEMP=25
HEAT_2_DUTY=0
HEAT_2_SP=-20.0
HEAT_3_TEMP=27
HEAT_3_DUTY=0
HEAT_3_SP=-20.0
HEAT_4_TEMP=39
HEAT_4_DUTY=0
HEAT_4_SP=-20.0

[22:13:15.528 CUBESAT]
TS=1786204661.994
PG_5=1
PG_9=0
PG_12=0
FLT_P2=0
FLT_P3=0
HEAT_1_TEMP=0.0
HEAT_1_DUTY=0
HEAT_1_SP=-20.0
ENC_RAW=12246
ENC_ANGLE=269.0771484375
ENC_ACCUM=763.70361328125
AUTO_STOP=1
MOTOR_ANGLE=0.0019040697674418605
MOTOR_ACCUM=694.3623691860465
MOTOR_ROT=1327

[22:13:15.755 EBOX]
TS=1786202893.553
V_SENSE5=1.12548828125
V_SENSE9=0.0341796875
V_SENSE12=0.09765625
ADC_V5=4.96490478515625
ADC_V9=9.00054931640625
ADC_V12=11.88568115234375
ADC_V28=27.3822021484375
THERMAL_SENS_OUT_1=28
THERMAL_SENS_OUT_2=-50
THERMAL_SENS_OUT_3=27
THERMAL_SENS_OUT_4=28
THERMAL_SENS_OUT_5=38
THERMAL_SENS_OUT_6=-50
THERMAL_SENS_INT_1=26
THERMAL_SENS_INT_2=30
PG_5=1
PG_9=0
PG_12=1
FLT_P2=0
FLT_P3=0
HEAT_1_TEMP=28
HEAT_1_DUTY=0
HEAT_1_SP=-20.0
HEAT_2_TEMP=27
HEAT_2_DUTY=0
HEAT_2_SP=-20.0
HEAT_3_TEMP=28
HEAT_3_DUTY=0
HEAT_3_SP=-20.0
HEAT_4_TEMP=38
HEAT_4_DUTY=0
HEAT_4_SP=-20.0

[22:13:17.632 EBOX]
TS=1786202895.557
V_SENSE5=1.3720703125
V_SENSE9=0.0341796875
V_SENSE12=0.10009765625
ADC_V5=4.98260498046875
ADC_V9=9.381103515625
ADC_V12=11.929931640625
ADC_V28=27.60345458984375
THERMAL_SENS_OUT_1=27
THERMAL_SENS_OUT_2=-50
THERMAL_SENS_OUT_3=29
THERMAL_SENS_OUT_4=27
THERMAL_SENS_OUT_5=39
THERMAL_SENS_OUT_6=-50
THERMAL_SENS_INT_1=28
THERMAL_SENS_INT_2=27
PG_5=1
PG_9=0
PG_12=1
FLT_P2=0
FLT_P3=0
HEAT_1_TEMP=27
HEAT_1_DUTY=0
HEAT_1_SP=-20.0
HEAT_2_TEMP=29
HEAT_2_DUTY=0
HEAT_2_SP=-20.0
HEAT_3_TEMP=27
HEAT_3_DUTY=0
HEAT_3_SP=-20.0
HEAT_4_TEMP=39
HEAT_4_DUTY=0
HEAT_4_SP=-20.0

[22:13:17.637 CUBESAT]
TS=1786204663.996
PG_5=1
PG_9=0
PG_12=0
FLT_P2=0
FLT_P3=0
HEAT_1_TEMP=0.0
HEAT_1_DUTY=0
HEAT_1_SP=-20.0
ENC_RAW=11613
ENC_ANGLE=255.16845703125
ENC_ACCUM=749.794921875
AUTO_STOP=1
MOTOR_ANGLE=0.008372093023255813
MOTOR_ACCUM=681.2874418604652
MOTOR_ROT=1302

[22:13:18.648 CUBESAT]
TS=1786204665.998
PG_5=1
PG_9=0
PG_12=0
FLT_P2=0
FLT_P3=0
HEAT_1_TEMP=0.0
HEAT_1_DUTY=0
HEAT_1_SP=-20.0
ENC_RAW=10985
ENC_ANGLE=241.36962890625
ENC_ACCUM=735.99609375
AUTO_STOP=1
MOTOR_ANGLE=0.004941860465116279
MOTOR_ACCUM=668.7258720930233
MOTOR_ROT=1278

[22:13:20.375 EBOX]
TS=1786202897.558
V_SENSE5=1.1572265625
V_SENSE9=0.09521484375
V_SENSE12=0.1220703125
ADC_V5=5.08880615234375
ADC_V9=9.381103515625
ADC_V12=11.58477783203125
ADC_V28=27.3114013671875
THERMAL_SENS_OUT_1=27
THERMAL_SENS_OUT_2=-50
THERMAL_SENS_OUT_3=24
THERMAL_SENS_OUT_4=27
THERMAL_SENS_OUT_5=40
THERMAL_SENS_OUT_6=-50
THERMAL_SENS_INT_1=25
THERMAL_SENS_INT_2=27
PG_5=1
PG_9=0
PG_12=1
FLT_P2=0
FLT_P3=0
HEAT_1_TEMP=27
HEAT_1_DUTY=0
HEAT_1_SP=-20.0
HEAT_2_TEMP=24
HEAT_2_DUTY=0
HEAT_2_SP=-20.0
HEAT_3_TEMP=27
HEAT_3_DUTY=0
HEAT_3_SP=-20.0
HEAT_4_TEMP=40
HEAT_4_DUTY=0
HEAT_4_SP=-20.0

[22:13:20.482 CUBESAT]
TS=1786204667.998
PG_5=1
PG_9=0
PG_12=0
FLT_P2=0
FLT_P3=0
HEAT_1_TEMP=0.0
HEAT_1_DUTY=0
HEAT_1_SP=-20.0
ENC_RAW=10354
ENC_ANGLE=227.5048828125
ENC_ACCUM=722.13134765625
AUTO_STOP=1
MOTOR_ANGLE=0.0019040697674418605
MOTOR_ACCUM=656.1646947674418
MOTOR_ROT=1254

[22:13:22.849 CUBESAT]
TS=1786204670.001
PG_5=1
PG_9=0
PG_12=0
FLT_P2=0
FLT_P3=0
HEAT_1_TEMP=0.0
HEAT_1_DUTY=10
HEAT_1_SP=-20.0
ENC_RAW=9719
ENC_ANGLE=213.55224609375
ENC_ACCUM=708.1787109375
AUTO_STOP=1
MOTOR_ANGLE=0.007616279069767442
MOTOR_ACCUM=643.089011627907
MOTOR_ROT=1229

[22:13:23.523 EBOX]
TS=1786202899.560
V_SENSE5=1.279296875
V_SENSE9=0.09521484375
V_SENSE12=0.0927734375
ADC_V5=4.9737548828125
ADC_V9=9.19525146484375
ADC_V12=11.646728515625
ADC_V28=27.17864990234375
THERMAL_SENS_OUT_1=28
THERMAL_SENS_OUT_2=-50
THERMAL_SENS_OUT_3=24
THERMAL_SENS_OUT_4=29
THERMAL_SENS_OUT_5=39
THERMAL_SENS_OUT_6=-50
THERMAL_SENS_INT_1=29
THERMAL_SENS_INT_2=27
PG_5=1
PG_9=0
PG_12=1
FLT_P2=0
FLT_P3=0
HEAT_1_TEMP=28
HEAT_1_DUTY=0
HEAT_1_SP=-20.0
HEAT_2_TEMP=24
HEAT_2_DUTY=0
HEAT_2_SP=-20.0
HEAT_3_TEMP=29
HEAT_3_DUTY=0
HEAT_3_SP=-20.0
HEAT_4_TEMP=39
HEAT_4_DUTY=0
HEAT_4_SP=-20.0

[22:13:24.656 EBOX]
TS=1786202901.565
V_SENSE5=1.24267578125
V_SENSE9=0.0341796875
V_SENSE12=0.0927734375
ADC_V5=4.849853515625
ADC_V9=9.05364990234375
ADC_V12=11.717529296875
ADC_V28=27.293701171875
THERMAL_SENS_OUT_1=29
THERMAL_SENS_OUT_2=-50
THERMAL_SENS_OUT_3=28
THERMAL_SENS_OUT_4=26
THERMAL_SENS_OUT_5=38
THERMAL_SENS_OUT_6=-50
THERMAL_SENS_INT_1=26
THERMAL_SENS_INT_2=31
PG_5=1
PG_9=0
PG_12=1
FLT_P2=0
FLT_P3=0
HEAT_1_TEMP=29
HEAT_1_DUTY=0
HEAT_1_SP=-20.0
HEAT_2_TEMP=28
HEAT_2_DUTY=0
HEAT_2_SP=-20.0
HEAT_3_TEMP=26
HEAT_3_DUTY=0
HEAT_3_SP=-20.0
HEAT_4_TEMP=38
HEAT_4_DUTY=0
HEAT_4_SP=-20.0

[22:13:26.470 CUBESAT]
TS=1786204672.001
PG_5=1
PG_9=0
PG_12=0
FLT_P2=0
FLT_P3=0
HEAT_1_TEMP=0.0
HEAT_1_DUTY=0
HEAT_1_SP=-20.0
ENC_RAW=9080
ENC_ANGLE=199.51171875
ENC_ACCUM=694.13818359375
AUTO_STOP=1
MOTOR_ANGLE=0.004941860465116279
MOTOR_ACCUM=630.5281976744186
MOTOR_ROT=1205

[22:13:27.141 EBOX]
TS=1786202903.575
V_SENSE5=1.09375
V_SENSE9=0.03173828125
V_SENSE12=0.10009765625
ADC_V5=5.00030517578125
ADC_V9=9.451904296875
ADC_V12=11.88568115234375
ADC_V28=27.3468017578125
THERMAL_SENS_OUT_1=28
THERMAL_SENS_OUT_2=-50
THERMAL_SENS_OUT_3=26
THERMAL_SENS_OUT_4=29
THERMAL_SENS_OUT_5=35
THERMAL_SENS_OUT_6=-50
THERMAL_SENS_INT_1=25
THERMAL_SENS_INT_2=26
PG_5=1
PG_9=0
PG_12=1
FLT_P2=0
FLT_P3=0
HEAT_1_TEMP=28
HEAT_1_DUTY=0
HEAT_1_SP=-20.0
HEAT_2_TEMP=26
HEAT_2_DUTY=0
HEAT_2_SP=-20.0
HEAT_3_TEMP=29
HEAT_3_DUTY=0
HEAT_3_SP=-20.0
HEAT_4_TEMP=35
HEAT_4_DUTY=0
HEAT_4_SP=-20.0

[22:13:27.548 CUBESAT]
TS=1786204674.004
PG_5=1
PG_9=0
PG_12=0
FLT_P2=0
FLT_P3=0
HEAT_1_TEMP=0.0
HEAT_1_DUTY=0
HEAT_1_SP=-20.0
ENC_RAW=8441
ENC_ANGLE=185.47119140625
ENC_ACCUM=680.09765625
AUTO_STOP=1
MOTOR_ANGLE=0.0019040697674418605
MOTOR_ACCUM=617.9670203488372
MOTOR_ROT=1181

[22:13:28.125 EBOX]
TS=1786202905.567
V_SENSE5=1.2353515625
V_SENSE9=0.03662109375
V_SENSE12=0.11474609375
ADC_V5=4.9029541015625
ADC_V9=9.3634033203125
ADC_V12=11.859130859375
ADC_V28=28.11676025390625
THERMAL_SENS_OUT_1=29
THERMAL_SENS_OUT_2=-50
THERMAL_SENS_OUT_3=24
THERMAL_SENS_OUT_4=30
THERMAL_SENS_OUT_5=35
THERMAL_SENS_OUT_6=-50
THERMAL_SENS_INT_1=26
THERMAL_SENS_INT_2=32
PG_5=1
PG_9=0
PG_12=1
FLT_P2=0
FLT_P3=0
HEAT_1_TEMP=29
HEAT_1_DUTY=0
HEAT_1_SP=-20.0
HEAT_2_TEMP=24
HEAT_2_DUTY=0
HEAT_2_SP=-20.0
HEAT_3_TEMP=30
HEAT_3_DUTY=0
HEAT_3_SP=-20.0
HEAT_4_TEMP=35
HEAT_4_DUTY=0
HEAT_4_SP=-20.0

[22:13:30.452 CUBESAT]
TS=1786204676.008
PG_5=1
PG_9=0
PG_12=0
FLT_P2=0
FLT_P3=0
HEAT_1_TEMP=0.0
HEAT_1_DUTY=0
HEAT_1_SP=-20.0
ENC_RAW=7797
ENC_ANGLE=171.32080078125
ENC_ACCUM=665.947265625
AUTO_STOP=1
MOTOR_ANGLE=0.007223837209302325
MOTOR_ACCUM=604.8909447674419
MOTOR_ROT=1156

[22:13:31.923 EBOX]
TS=1786202907.572
V_SENSE5=1.25
V_SENSE9=0.0390625
V_SENSE12=0.09765625
ADC_V5=4.849853515625
ADC_V9=9.10675048828125
ADC_V12=11.93878173828125
ADC_V28=27.65655517578125
THERMAL_SENS_OUT_1=31
THERMAL_SENS_OUT_2=-50
THERMAL_SENS_OUT_3=26
THERMAL_SENS_OUT_4=28
THERMAL_SENS_OUT_5=35
THERMAL_SENS_OUT_6=-50
THERMAL_SENS_INT_1=27
THERMAL_SENS_INT_2=29
PG_5=1
PG_9=0
PG_12=1
FLT_P2=0
FLT_P3=0
HEAT_1_TEMP=31
HEAT_1_DUTY=0
HEAT_1_SP=-20.0
HEAT_2_TEMP=26
HEAT_2_DUTY=0
HEAT_2_SP=-20.0
HEAT_3_TEMP=28
HEAT_3_DUTY=0
HEAT_3_SP=-20.0
HEAT_4_TEMP=35
HEAT_4_DUTY=0
HEAT_4_SP=-20.0

[22:13:31.926 CUBESAT]
TS=1786204678.014
PG_5=1
PG_9=0
PG_12=0
FLT_P2=0
FLT_P3=0
HEAT_1_TEMP=0.0
HEAT_1_DUTY=0
HEAT_1_SP=-20.0
ENC_RAW=7153
ENC_ANGLE=157.17041015625
ENC_ACCUM=651.796875
AUTO_STOP=1
MOTOR_ANGLE=0.004563953488372094
MOTOR_ACCUM=592.3301453488373
MOTOR_ROT=1132

[22:13:33.362 EBOX]
TS=1786202909.571
V_SENSE5=1.1376953125
V_SENSE9=0.0341796875
V_SENSE12=0.0927734375
ADC_V5=4.9560546875
ADC_V9=8.94744873046875
ADC_V12=11.77947998046875
ADC_V28=27.58575439453125
THERMAL_SENS_OUT_1=29
THERMAL_SENS_OUT_2=-50
THERMAL_SENS_OUT_3=25
THERMAL_SENS_OUT_4=31
THERMAL_SENS_OUT_5=40
THERMAL_SENS_OUT_6=-50
THERMAL_SENS_INT_1=29
THERMAL_SENS_INT_2=27
PG_5=1
PG_9=0
PG_12=1
FLT_P2=0
FLT_P3=0
HEAT_1_TEMP=29
HEAT_1_DUTY=0
HEAT_1_SP=-20.0
HEAT_2_TEMP=25
HEAT_2_DUTY=0
HEAT_2_SP=-20.0
HEAT_3_TEMP=31
HEAT_3_DUTY=0
HEAT_3_SP=-20.0
HEAT_4_TEMP=40
HEAT_4_DUTY=0
HEAT_4_SP=-20.0

[22:13:33.538 CUBESAT]
TS=1786204680.017
PG_5=1
PG_9=0
PG_12=0
FLT_P2=0
FLT_P3=0
HEAT_1_TEMP=0.0
HEAT_1_DUTY=10
HEAT_1_SP=-20.0
ENC_RAW=6502
ENC_ANGLE=142.8662109375
ENC_ACCUM=637.49267578125
AUTO_STOP=1
MOTOR_ANGLE=0.0015261627906976744
MOTOR_ACCUM=579.7689680232558
MOTOR_ROT=1108

[22:13:34.078 EBOX]
TS=1786202911.574
V_SENSE5=1.34521484375
V_SENSE9=0.03173828125
V_SENSE12=0.09765625
ADC_V5=4.8675537109375
ADC_V9=8.91204833984375
ADC_V12=11.74407958984375
ADC_V28=28.001708984375
THERMAL_SENS_OUT_1=28
THERMAL_SENS_OUT_2=-50
THERMAL_SENS_OUT_3=25
THERMAL_SENS_OUT_4=30
THERMAL_SENS_OUT_5=35
THERMAL_SENS_OUT_6=-50
THERMAL_SENS_INT_1=26
THERMAL_SENS_INT_2=28
PG_5=1
PG_9=0
PG_12=1
FLT_P2=0
FLT_P3=0
HEAT_1_TEMP=28
HEAT_1_DUTY=0
HEAT_1_SP=-20.0
HEAT_2_TEMP=25
HEAT_2_DUTY=0
HEAT_2_SP=-20.0
HEAT_3_TEMP=30
HEAT_3_DUTY=0
HEAT_3_SP=-20.0
HEAT_4_TEMP=35
HEAT_4_DUTY=0
HEAT_4_SP=-20.0

[22:13:35.407 EBOX]
TS=1786202913.585
V_SENSE5=1.10107421875
V_SENSE9=0.04638671875
V_SENSE12=0.1123046875
ADC_V5=4.8675537109375
ADC_V9=9.62005615234375
ADC_V12=11.93878173828125
ADC_V28=27.39990234375
THERMAL_SENS_OUT_1=28
THERMAL_SENS_OUT_2=-50
THERMAL_SENS_OUT_3=24
THERMAL_SENS_OUT_4=27
THERMAL_SENS_OUT_5=36
THERMAL_SENS_OUT_6=-50
THERMAL_SENS_INT_1=28
THERMAL_SENS_INT_2=28
PG_5=1
PG_9=0
PG_12=1
FLT_P2=0
FLT_P3=0
HEAT_1_TEMP=28
HEAT_1_DUTY=0
HEAT_1_SP=-20.0
HEAT_2_TEMP=24
HEAT_2_DUTY=0
HEAT_2_SP=-20.0
HEAT_3_TEMP=27
HEAT_3_DUTY=0
HEAT_3_SP=-20.0
HEAT_4_TEMP=36
HEAT_4_DUTY=0
HEAT_4_SP=-20.0

[22:13:36.519 CUBESAT]
TS=1786204682.021
PG_5=1
PG_9=0
PG_12=0
FLT_P2=0
FLT_P3=0
HEAT_1_TEMP=0.0
HEAT_1_DUTY=0
HEAT_1_SP=-20.0
ENC_RAW=5855
ENC_ANGLE=128.64990234375
ENC_ACCUM=623.2763671875
AUTO_STOP=1
MOTOR_ANGLE=0.007223837209302325
MOTOR_ACCUM=566.6932703488371
MOTOR_ROT=1083
TS=1786204684.025
PG_5=1
PG_9=0
PG_12=0
FLT_P2=0
FLT_P3=0
HEAT_1_TEMP=0.0
HEAT_1_DUTY=0
HEAT_1_SP=-20.0
ENC_RAW=5210
ENC_ANGLE=114.4775390625
ENC_ACCUM=609.10400390625
AUTO_STOP=1
MOTOR_ANGLE=0.004941860465116279
MOTOR_ACCUM=554.1328488372093
MOTOR_ROT=1059

[22:13:36.840 EBOX]
TS=1786202915.576
V_SENSE5=1.19140625
V_SENSE9=0.0390625
V_SENSE12=0.1220703125
ADC_V5=4.88525390625
ADC_V9=9.51385498046875
ADC_V12=11.6644287109375
ADC_V28=27.3114013671875
THERMAL_SENS_OUT_1=28
THERMAL_SENS_OUT_2=-50
THERMAL_SENS_OUT_3=26
THERMAL_SENS_OUT_4=28
THERMAL_SENS_OUT_5=41
THERMAL_SENS_OUT_6=-50
THERMAL_SENS_INT_1=27
THERMAL_SENS_INT_2=28
PG_5=1
PG_9=0
PG_12=1
FLT_P2=0
FLT_P3=0
HEAT_1_TEMP=28
HEAT_1_DUTY=0
HEAT_1_SP=-20.0
HEAT_2_TEMP=26
HEAT_2_DUTY=0
HEAT_2_SP=-20.0
HEAT_3_TEMP=28
HEAT_3_DUTY=0
HEAT_3_SP=-20.0
HEAT_4_TEMP=41
HEAT_4_DUTY=0
HEAT_4_SP=-20.0

[22:13:38.554 CUBESAT]
TS=1786204686.028
PG_5=1
PG_9=0
PG_12=0
FLT_P2=0
FLT_P3=0
HEAT_1_TEMP=0.0
HEAT_1_DUTY=0
HEAT_1_SP=-20.0
ENC_RAW=4556
ENC_ANGLE=100.107421875
ENC_ACCUM=594.73388671875
AUTO_STOP=1
MOTOR_ANGLE=0.0007558139534883722
MOTOR_ACCUM=541.570523255814
MOTOR_ROT=1035

[22:13:38.881 EBOX]
TS=1786202917.578
V_SENSE5=1.20849609375
V_SENSE9=0.0390625
V_SENSE12=0.10009765625
ADC_V5=4.96490478515625
ADC_V9=9.3634033203125
ADC_V12=11.6290283203125
ADC_V28=28.0902099609375
THERMAL_SENS_OUT_1=31
THERMAL_SENS_OUT_2=-50
THERMAL_SENS_OUT_3=28
THERMAL_SENS_OUT_4=31
THERMAL_SENS_OUT_5=36
THERMAL_SENS_OUT_6=-50
THERMAL_SENS_INT_1=28
THERMAL_SENS_INT_2=26
PG_5=1
PG_9=0
PG_12=1
FLT_P2=0
FLT_P3=0
HEAT_1_TEMP=31
HEAT_1_DUTY=0
HEAT_1_SP=-20.0
HEAT_2_TEMP=28
HEAT_2_DUTY=0
HEAT_2_SP=-20.0
HEAT_3_TEMP=31
HEAT_3_DUTY=0
HEAT_3_SP=-20.0
HEAT_4_TEMP=36
HEAT_4_DUTY=0
HEAT_4_SP=-20.0

[22:13:40.595 CUBESAT]
TS=1786204688.031
PG_5=1
PG_9=0
PG_12=0
FLT_P2=0
FLT_P3=0
HEAT_1_TEMP=0.0
HEAT_1_DUTY=0
HEAT_1_SP=-20.0
ENC_RAW=3916
ENC_ANGLE=86.044921875
ENC_ACCUM=580.67138671875
AUTO_STOP=1
MOTOR_ANGLE=0.007223837209302325
MOTOR_ACCUM=528.4955959302325
MOTOR_ROT=1010

[22:13:40.817 EBOX]
TS=1786202919.580
V_SENSE5=1.15478515625
V_SENSE9=0.0341796875
V_SENSE12=0.1318359375
ADC_V5=4.9560546875
ADC_V9=9.21295166015625
ADC_V12=11.63787841796875
ADC_V28=28.15216064453125
THERMAL_SENS_OUT_1=28
THERMAL_SENS_OUT_2=-50
THERMAL_SENS_OUT_3=25
THERMAL_SENS_OUT_4=32
THERMAL_SENS_OUT_5=37
THERMAL_SENS_OUT_6=-50
THERMAL_SENS_INT_1=29
THERMAL_SENS_INT_2=27
PG_5=1
PG_9=0
PG_12=1
FLT_P2=0
FLT_P3=0
HEAT_1_TEMP=28
HEAT_1_DUTY=0
HEAT_1_SP=-20.0
HEAT_2_TEMP=25
HEAT_2_DUTY=0
HEAT_2_SP=-20.0
HEAT_3_TEMP=32
HEAT_3_DUTY=0
HEAT_3_SP=-20.0
HEAT_4_TEMP=37
HEAT_4_DUTY=0
HEAT_4_SP=-20.0

[22:13:42.632 CUBESAT]
TS=1786204690.035
PG_5=1
PG_9=0
PG_12=0
FLT_P2=0
FLT_P3=0
HEAT_1_TEMP=0.0
HEAT_1_DUTY=10
HEAT_1_SP=-20.0
ENC_RAW=3281
ENC_ANGLE=72.09228515625
ENC_ACCUM=566.71875
AUTO_STOP=1
MOTOR_ANGLE=0.003808139534883721
MOTOR_ACCUM=515.9340406976744
MOTOR_ROT=986

[22:13:42.855 EBOX]
TS=1786202921.582
V_SENSE5=1.26708984375
V_SENSE9=0.03662109375
V_SENSE12=0.1220703125
ADC_V5=4.849853515625
ADC_V9=9.0625
ADC_V12=11.51397705078125
ADC_V28=27.79815673828125
THERMAL_SENS_OUT_1=29
THERMAL_SENS_OUT_2=-50
THERMAL_SENS_OUT_3=29
THERMAL_SENS_OUT_4=28
THERMAL_SENS_OUT_5=38
THERMAL_SENS_OUT_6=-50
THERMAL_SENS_INT_1=27
THERMAL_SENS_INT_2=27
PG_5=1
PG_9=0
PG_12=1
FLT_P2=0
FLT_P3=0
HEAT_1_TEMP=29
HEAT_1_DUTY=0
HEAT_1_SP=-20.0
HEAT_2_TEMP=29
HEAT_2_DUTY=0
HEAT_2_SP=-20.0
HEAT_3_TEMP=28
HEAT_3_DUTY=0
HEAT_3_SP=-20.0
HEAT_4_TEMP=38
HEAT_4_DUTY=0
HEAT_4_SP=-20.0

[22:13:44.568 CUBESAT]
TS=1786204692.037
PG_5=1
PG_9=0
PG_12=0
FLT_P2=0
FLT_P3=0
HEAT_1_TEMP=0.0
HEAT_1_DUTY=0
HEAT_1_SP=-20.0
ENC_RAW=2644
ENC_ANGLE=58.095703125
ENC_ACCUM=552.72216796875
AUTO_STOP=1
MOTOR_ANGLE=0.0003779069767441861
MOTOR_ACCUM=503.37247093023257
MOTOR_ROT=962

[22:13:44.889 EBOX]
TS=1786202923.583
V_SENSE5=1.1767578125
V_SENSE9=0.0341796875
V_SENSE12=0.13427734375
ADC_V5=4.96490478515625
ADC_V9=8.779296875
ADC_V12=11.49627685546875
ADC_V28=27.90435791015625
THERMAL_SENS_OUT_1=33
THERMAL_SENS_OUT_2=-50
THERMAL_SENS_OUT_3=30
THERMAL_SENS_OUT_4=28
THERMAL_SENS_OUT_5=40
THERMAL_SENS_OUT_6=-50
THERMAL_SENS_INT_1=30
THERMAL_SENS_INT_2=27
PG_5=1
PG_9=0
PG_12=1
FLT_P2=0
FLT_P3=0
HEAT_1_TEMP=33
HEAT_1_DUTY=0
HEAT_1_SP=-20.0
HEAT_2_TEMP=30
HEAT_2_DUTY=0
HEAT_2_SP=-20.0
HEAT_3_TEMP=28
HEAT_3_DUTY=0
HEAT_3_SP=-20.0
HEAT_4_TEMP=40
HEAT_4_DUTY=0
HEAT_4_SP=-20.0

[22:13:48.052 EBOX]
TS=1786202925.598
V_SENSE5=1.083984375
V_SENSE9=0.07080078125
V_SENSE12=0.13671875
ADC_V5=4.920654296875
ADC_V9=9.40765380859375
ADC_V12=11.76177978515625
ADC_V28=27.79815673828125
THERMAL_SENS_OUT_1=27
THERMAL_SENS_OUT_2=-50
THERMAL_SENS_OUT_3=30
THERMAL_SENS_OUT_4=30
THERMAL_SENS_OUT_5=36
THERMAL_SENS_OUT_6=-50
THERMAL_SENS_INT_1=24
THERMAL_SENS_INT_2=26
PG_5=1
PG_9=0
PG_12=1
FLT_P2=0
FLT_P3=0
HEAT_1_TEMP=27
HEAT_1_DUTY=0
HEAT_1_SP=-20.0
HEAT_2_TEMP=30
HEAT_2_DUTY=0
HEAT_2_SP=-20.0
HEAT_3_TEMP=30
HEAT_3_DUTY=0
HEAT_3_SP=-20.0
HEAT_4_TEMP=36
HEAT_4_DUTY=0
HEAT_4_SP=-20.0

[22:13:51.209 EBOX]
TS=1786202927.592
V_SENSE5=1.21337890625
V_SENSE9=0.0390625
V_SENSE12=0.10498046875
ADC_V5=4.91180419921875
ADC_V9=9.37225341796875
ADC_V12=11.7529296875
ADC_V28=27.97515869140625
THERMAL_SENS_OUT_1=27
THERMAL_SENS_OUT_2=-50
THERMAL_SENS_OUT_3=29
THERMAL_SENS_OUT_4=28
THERMAL_SENS_OUT_5=40
THERMAL_SENS_OUT_6=-50
THERMAL_SENS_INT_1=29
THERMAL_SENS_INT_2=27
PG_5=1
PG_9=0
PG_12=1
FLT_P2=0
FLT_P3=0
HEAT_1_TEMP=27
HEAT_1_DUTY=0
HEAT_1_SP=-20.0
HEAT_2_TEMP=29
HEAT_2_DUTY=0
HEAT_2_SP=-20.0
HEAT_3_TEMP=28
HEAT_3_DUTY=0
HEAT_3_SP=-20.0
HEAT_4_TEMP=40
HEAT_4_DUTY=0
HEAT_4_SP=-20.0

[22:13:51.941 EBOX]
TS=1786202929.593
V_SENSE5=1.23291015625
V_SENSE9=0.0341796875
V_SENSE12=0.1123046875
ADC_V5=4.88525390625
ADC_V9=9.10675048828125
ADC_V12=11.82373046875
ADC_V28=27.19635009765625
THERMAL_SENS_OUT_1=29
THERMAL_SENS_OUT_2=-50
THERMAL_SENS_OUT_3=27
THERMAL_SENS_OUT_4=30
THERMAL_SENS_OUT_5=37
THERMAL_SENS_OUT_6=-50
THERMAL_SENS_INT_1=28
THERMAL_SENS_INT_2=28
PG_5=1
PG_9=0
PG_12=1
FLT_P2=0
FLT_P3=0
HEAT_1_TEMP=29
HEAT_1_DUTY=0
HEAT_1_SP=-20.0
HEAT_2_TEMP=27
HEAT_2_DUTY=0
HEAT_2_SP=-20.0
HEAT_3_TEMP=30
HEAT_3_DUTY=0
HEAT_3_SP=-20.0
HEAT_4_TEMP=37
HEAT_4_DUTY=0
HEAT_4_SP=-20.0

[22:13:53.878 EBOX]
TS=1786202931.598
V_SENSE5=1.25
V_SENSE9=0.0390625
V_SENSE12=0.09765625
ADC_V5=4.920654296875
ADC_V9=8.96514892578125
ADC_V12=11.81488037109375
ADC_V28=28.1610107421875
THERMAL_SENS_OUT_1=28
THERMAL_SENS_OUT_2=-50
THERMAL_SENS_OUT_3=29
THERMAL_SENS_OUT_4=28
THERMAL_SENS_OUT_5=38
THERMAL_SENS_OUT_6=-50
THERMAL_SENS_INT_1=28
THERMAL_SENS_INT_2=31
PG_5=1
PG_9=0
PG_12=1
FLT_P2=0
FLT_P3=0
HEAT_1_TEMP=28
HEAT_1_DUTY=0
HEAT_1_SP=-20.0
HEAT_2_TEMP=29
HEAT_2_DUTY=0
HEAT_2_SP=-20.0
HEAT_3_TEMP=28
HEAT_3_DUTY=0
HEAT_3_SP=-20.0
HEAT_4_TEMP=38
HEAT_4_DUTY=0
HEAT_4_SP=-20.0

[22:13:56.952 CUBESAT]
TS=1786204694.039
PG_5=1
PG_9=0
PG_12=0
FLT_P2=0
FLT_P3=0
HEAT_1_TEMP=0.0
HEAT_1_DUTY=0
HEAT_1_SP=-20.0
ENC_RAW=2010
ENC_ANGLE=44.1650390625
ENC_ACCUM=538.79150390625
AUTO_STOP=1
MOTOR_ANGLE=0.007223837209302325
MOTOR_ACCUM=490.29792151162786
MOTOR_ROT=937

[22:13:57.278 EBOX]
TS=1786202933.598
V_SENSE5=1.1572265625
V_SENSE9=0.04150390625
V_SENSE12=0.09765625
ADC_V5=4.991455078125
ADC_V9=9.239501953125
ADC_V12=11.82373046875
ADC_V28=27.05474853515625
THERMAL_SENS_OUT_1=29
THERMAL_SENS_OUT_2=-50
THERMAL_SENS_OUT_3=26
THERMAL_SENS_OUT_4=30
THERMAL_SENS_OUT_5=36
THERMAL_SENS_OUT_6=-50
THERMAL_SENS_INT_1=29
THERMAL_SENS_INT_2=27
PG_5=1
PG_9=0
PG_12=1
FLT_P2=0
FLT_P3=0
HEAT_1_TEMP=29
HEAT_1_DUTY=0
HEAT_1_SP=-20.0
HEAT_2_TEMP=26
HEAT_2_DUTY=0
HEAT_2_SP=-20.0
HEAT_3_TEMP=30
HEAT_3_DUTY=0
HEAT_3_SP=-20.0
HEAT_4_TEMP=36
HEAT_4_DUTY=0
HEAT_4_SP=-20.0

[22:13:57.797 CUBESAT]
TS=1786204696.045
PG_5=1
PG_9=0
PG_12=0
FLT_P2=0
FLT_P3=0
HEAT_1_TEMP=0.0
HEAT_1_DUTY=10
HEAT_1_SP=-20.0
ENC_RAW=1368
ENC_ANGLE=30.05859375
ENC_ACCUM=524.68505859375
AUTO_STOP=1
MOTOR_ANGLE=0.0034302325581395347
MOTOR_ACCUM=477.735988372093
MOTOR_ROT=913
TS=1786204698.048
PG_5=1
PG_9=0
PG_12=0
FLT_P2=0
FLT_P3=0
HEAT_1_TEMP=0.0
HEAT_1_DUTY=0
HEAT_1_SP=-20.0
ENC_RAW=726
ENC_ANGLE=15.9521484375
ENC_ACCUM=510.57861328125
AUTO_STOP=1
MOTOR_ANGLE=0.0003779069767441861
MOTOR_ACCUM=465.1747965116279
MOTOR_ROT=889
TS=1786204700.054
PG_5=1
PG_9=0
PG_12=0
FLT_P2=0
FLT_P3=0
HEAT_1_TEMP=0.0
HEAT_1_DUTY=0
HEAT_1_SP=-20.0
ENC_RAW=86
ENC_ANGLE=1.8896484375
ENC_ACCUM=496.51611328125
AUTO_STOP=1
MOTOR_ANGLE=0.006468023255813954
MOTOR_ACCUM=452.0994912790698
MOTOR_ROT=864
TS=1786204702.058
PG_5=1
PG_9=0
PG_12=0
FLT_P2=0
FLT_P3=0
HEAT_1_TEMP=0.0
HEAT_1_DUTY=0
HEAT_1_SP=-20.0
ENC_RAW=15834
ENC_ANGLE=347.9150390625
ENC_ACCUM=482.54150390625
AUTO_STOP=1
MOTOR_ANGLE=0.0026598837209302327
MOTOR_ACCUM=439.5375436046512
MOTOR_ROT=840
TS=1786204704.061
PG_5=1
PG_9=0
PG_12=0
FLT_P2=0
FLT_P3=0
HEAT_1_TEMP=0.0
HEAT_1_DUTY=0
HEAT_1_SP=-20.0
ENC_RAW=15199
ENC_ANGLE=333.96240234375
ENC_ACCUM=468.5888671875
AUTO_STOP=1
MOTOR_ANGLE=0.0003779069767441861
MOTOR_ACCUM=426.9771220930233
MOTOR_ROT=816

[22:13:57.913 EBOX]
TS=1786202935.600
V_SENSE5=1.2890625
V_SENSE9=0.0390625
V_SENSE12=0.10009765625
ADC_V5=4.89410400390625
ADC_V9=9.12445068359375
ADC_V12=11.81488037109375
ADC_V28=27.32025146484375
THERMAL_SENS_OUT_1=28
THERMAL_SENS_OUT_2=-50
THERMAL_SENS_OUT_3=27
THERMAL_SENS_OUT_4=27
THERMAL_SENS_OUT_5=40
THERMAL_SENS_OUT_6=-50
THERMAL_SENS_INT_1=29
THERMAL_SENS_INT_2=30
PG_5=1
PG_9=0
PG_12=1
FLT_P2=0
FLT_P3=0
HEAT_1_TEMP=28
HEAT_1_DUTY=0
HEAT_1_SP=-20.0
HEAT_2_TEMP=27
HEAT_2_DUTY=0
HEAT_2_SP=-20.0
HEAT_3_TEMP=27
HEAT_3_DUTY=0
HEAT_3_SP=-20.0
HEAT_4_TEMP=40
HEAT_4_DUTY=0
HEAT_4_SP=-20.0

[22:13:58.725 CUBESAT]
TS=1786204706.065
PG_5=1
PG_9=0
PG_12=0
FLT_P2=0
FLT_P3=0
HEAT_1_TEMP=0.0
HEAT_1_DUTY=10
HEAT_1_SP=-20.0
ENC_RAW=14565
ENC_ANGLE=320.03173828125
ENC_ACCUM=454.658203125
AUTO_STOP=1
MOTOR_ANGLE=0.0057122093023255814
MOTOR_ACCUM=413.90106104651164
MOTOR_ROT=791

[22:13:59.047 EBOX]
TS=1786202937.602
V_SENSE5=1.24755859375
V_SENSE9=0.03173828125
V_SENSE12=0.15380859375
ADC_V5=5.0091552734375
ADC_V9=9.10675048828125
ADC_V12=11.99188232421875
ADC_V28=28.01055908203125
THERMAL_SENS_OUT_1=32
THERMAL_SENS_OUT_2=-50
THERMAL_SENS_OUT_3=29
THERMAL_SENS_OUT_4=28
THERMAL_SENS_OUT_5=41
THERMAL_SENS_OUT_6=-50
THERMAL_SENS_INT_1=26
THERMAL_SENS_INT_2=32
PG_5=1
PG_9=0
PG_12=1
FLT_P2=0
FLT_P3=0
HEAT_1_TEMP=32
HEAT_1_DUTY=0
HEAT_1_SP=-20.0
HEAT_2_TEMP=29
HEAT_2_DUTY=0
HEAT_2_SP=-20.0
HEAT_3_TEMP=28
HEAT_3_DUTY=0
HEAT_3_SP=-20.0
HEAT_4_TEMP=41
HEAT_4_DUTY=0
HEAT_4_SP=-20.0

[22:14:00.558 CUBESAT]
TS=1786204708.068
PG_5=1
PG_9=0
PG_12=0
FLT_P2=0
FLT_P3=0
HEAT_1_TEMP=0.0
HEAT_1_DUTY=0
HEAT_1_SP=-20.0
ENC_RAW=13939
ENC_ANGLE=306.27685546875
ENC_ACCUM=440.9033203125
AUTO_STOP=1
MOTOR_ANGLE=0.0030377906976744185
MOTOR_ACCUM=401.34024709302327
MOTOR_ROT=767

[22:14:00.878 EBOX]
TS=1786202939.611
V_SENSE5=1.0986328125
V_SENSE9=0.0390625
V_SENSE12=0.1171875
ADC_V5=4.91180419921875
ADC_V9=8.9739990234375
ADC_V12=11.68212890625
ADC_V28=28.02825927734375
THERMAL_SENS_OUT_1=30
THERMAL_SENS_OUT_2=-50
THERMAL_SENS_OUT_3=26
THERMAL_SENS_OUT_4=33
THERMAL_SENS_OUT_5=40
THERMAL_SENS_OUT_6=-50
THERMAL_SENS_INT_1=29
THERMAL_SENS_INT_2=28
PG_5=1
PG_9=0
PG_12=1
FLT_P2=0
FLT_P3=0
HEAT_1_TEMP=30
HEAT_1_DUTY=0
HEAT_1_SP=-20.0
HEAT_2_TEMP=26
HEAT_2_DUTY=0
HEAT_2_SP=-20.0
HEAT_3_TEMP=33
HEAT_3_DUTY=0
HEAT_3_SP=-20.0
HEAT_4_TEMP=40
HEAT_4_DUTY=0
HEAT_4_SP=-20.0

[22:14:02.591 CUBESAT]
TS=1786204710.075
PG_5=1
PG_9=0
PG_12=0
FLT_P2=0
FLT_P3=0
HEAT_1_TEMP=0.0
HEAT_1_DUTY=0
HEAT_1_SP=-20.0
ENC_RAW=13306
ENC_ANGLE=292.3681640625
ENC_ACCUM=426.99462890625
AUTO_STOP=1
MOTOR_ANGLE=0.008749999999999999
MOTOR_ACCUM=388.2645639534884
MOTOR_ROT=742

[22:14:03.119 EBOX]
TS=1786202941.606
V_SENSE5=1.12548828125
V_SENSE9=0.0390625
V_SENSE12=0.1025390625
ADC_V5=5.0091552734375
ADC_V9=9.31915283203125
ADC_V12=11.92108154296875
ADC_V28=27.68310546875
THERMAL_SENS_OUT_1=28
THERMAL_SENS_OUT_2=-50
THERMAL_SENS_OUT_3=26
THERMAL_SENS_OUT_4=29
THERMAL_SENS_OUT_5=38
THERMAL_SENS_OUT_6=-50
THERMAL_SENS_INT_1=24
THERMAL_SENS_INT_2=29
PG_5=1
PG_9=0
PG_12=1
FLT_P2=0
FLT_P3=0
HEAT_1_TEMP=28
HEAT_1_DUTY=0
HEAT_1_SP=-20.0
HEAT_2_TEMP=26
HEAT_2_DUTY=0
HEAT_2_SP=-20.0
HEAT_3_TEMP=29
HEAT_3_DUTY=0
HEAT_3_SP=-20.0
HEAT_4_TEMP=38
HEAT_4_DUTY=0
HEAT_4_SP=-20.0

[22:14:04.734 CUBESAT]
TS=1786204712.078
PG_5=1
PG_9=0
PG_12=0
FLT_P2=0
FLT_P3=0
HEAT_1_TEMP=0.0
HEAT_1_DUTY=0
HEAT_1_SP=-20.0
ENC_RAW=12672
ENC_ANGLE=278.4375
ENC_ACCUM=413.06396484375
AUTO_STOP=1
MOTOR_ANGLE=0.005334302325581395
MOTOR_ACCUM=375.70300872093026
MOTOR_ROT=718

[22:14:05.161 EBOX]
TS=1786202943.607
V_SENSE5=1.37451171875
V_SENSE9=0.0341796875
V_SENSE12=0.09765625
ADC_V5=4.9383544921875
ADC_V9=9.37225341796875
ADC_V12=11.717529296875
ADC_V28=27.8955078125
THERMAL_SENS_OUT_1=31
THERMAL_SENS_OUT_2=-50
THERMAL_SENS_OUT_3=26
THERMAL_SENS_OUT_4=27
THERMAL_SENS_OUT_5=41
THERMAL_SENS_OUT_6=-50
THERMAL_SENS_INT_1=25
THERMAL_SENS_INT_2=30
PG_5=1
PG_9=0
PG_12=1
FLT_P2=0
FLT_P3=0
HEAT_1_TEMP=31
HEAT_1_DUTY=0
HEAT_1_SP=-20.0
HEAT_2_TEMP=26
HEAT_2_DUTY=0
HEAT_2_SP=-20.0
HEAT_3_TEMP=27
HEAT_3_DUTY=0
HEAT_3_SP=-20.0
HEAT_4_TEMP=41
HEAT_4_DUTY=0
HEAT_4_SP=-20.0

[22:14:06.620 CUBESAT]
TS=1786204714.081
PG_5=1
PG_9=0
PG_12=0
FLT_P2=0
FLT_P3=0
HEAT_1_TEMP=0.0
HEAT_1_DUTY=0
HEAT_1_SP=-20.0
ENC_RAW=12041
ENC_ANGLE=264.57275390625
ENC_ACCUM=399.19921875
AUTO_STOP=1
MOTOR_ANGLE=0.0026598837209302327
MOTOR_ACCUM=363.1421947674418
MOTOR_ROT=694

[22:14:08.149 EBOX]
TS=1786202945.609
V_SENSE5=1.16943359375
V_SENSE9=0.03662109375
V_SENSE12=0.11962890625
ADC_V5=4.85870361328125
ADC_V9=9.27490234375
ADC_V12=11.58477783203125
ADC_V28=28.001708984375
THERMAL_SENS_OUT_1=32
THERMAL_SENS_OUT_2=-50
THERMAL_SENS_OUT_3=26
THERMAL_SENS_OUT_4=31
THERMAL_SENS_OUT_5=36
THERMAL_SENS_OUT_6=-50
THERMAL_SENS_INT_1=25
THERMAL_SENS_INT_2=30
PG_5=1
PG_9=0
PG_12=1
FLT_P2=0
FLT_P3=0
HEAT_1_TEMP=32
HEAT_1_DUTY=0
HEAT_1_SP=-20.0
HEAT_2_TEMP=26
HEAT_2_DUTY=0
HEAT_2_SP=-20.0
HEAT_3_TEMP=31
HEAT_3_DUTY=0
HEAT_3_SP=-20.0
HEAT_4_TEMP=36
HEAT_4_DUTY=0
HEAT_4_SP=-20.0

[22:14:08.858 CUBESAT]
TS=1786204716.085
PG_5=1
PG_9=0
PG_12=0
FLT_P2=0
FLT_P3=0
HEAT_1_TEMP=0.0
HEAT_1_DUTY=10
HEAT_1_SP=-20.0
ENC_RAW=11409
ENC_ANGLE=250.68603515625
ENC_ACCUM=385.3125
AUTO_STOP=1
MOTOR_ANGLE=0.007994186046511628
MOTOR_ACCUM=350.0661337209302
MOTOR_ROT=669

[22:14:10.890 EBOX]
TS=1786202947.611
V_SENSE5=1.17431640625
V_SENSE9=0.0341796875
V_SENSE12=0.12451171875
ADC_V5=4.8675537109375
ADC_V9=9.168701171875
ADC_V12=11.51397705078125
ADC_V28=27.82470703125
THERMAL_SENS_OUT_1=32
THERMAL_SENS_OUT_2=-50
THERMAL_SENS_OUT_3=27
THERMAL_SENS_OUT_4=30
THERMAL_SENS_OUT_5=38
THERMAL_SENS_OUT_6=-50
THERMAL_SENS_INT_1=30
THERMAL_SENS_INT_2=27
PG_5=1
PG_9=0
PG_12=1
FLT_P2=0
FLT_P3=0
HEAT_1_TEMP=32
HEAT_1_DUTY=0
HEAT_1_SP=-20.0
HEAT_2_TEMP=27
HEAT_2_DUTY=0
HEAT_2_SP=-20.0
HEAT_3_TEMP=30
HEAT_3_DUTY=0
HEAT_3_SP=-20.0
HEAT_4_TEMP=38
HEAT_4_DUTY=0
HEAT_4_SP=-20.0

[22:14:11.216 EBOX]
TS=1786202949.613
V_SENSE5=1.16943359375
V_SENSE9=0.05615234375
V_SENSE12=0.1220703125
ADC_V5=4.84100341796875
ADC_V9=8.9739990234375
ADC_V12=11.575927734375
ADC_V28=28.0194091796875
THERMAL_SENS_OUT_1=29
THERMAL_SENS_OUT_2=-50
THERMAL_SENS_OUT_3=27
THERMAL_SENS_OUT_4=28
THERMAL_SENS_OUT_5=37
THERMAL_SENS_OUT_6=-50
THERMAL_SENS_INT_1=26
THERMAL_SENS_INT_2=29
PG_5=1
PG_9=0
PG_12=1
FLT_P2=0
FLT_P3=0
HEAT_1_TEMP=29
HEAT_1_DUTY=0
HEAT_1_SP=-20.0
HEAT_2_TEMP=27
HEAT_2_DUTY=0
HEAT_2_SP=-20.0
HEAT_3_TEMP=28
HEAT_3_DUTY=0
HEAT_3_SP=-20.0
HEAT_4_TEMP=37
HEAT_4_DUTY=0
HEAT_4_SP=-20.0

[22:14:11.770 CUBESAT]
TS=1786204718.088
PG_5=1
PG_9=0
PG_12=0
FLT_P2=0
FLT_P3=0
HEAT_1_TEMP=0.0
HEAT_1_DUTY=0
HEAT_1_SP=-20.0
ENC_RAW=10783
ENC_ANGLE=236.93115234375
ENC_ACCUM=371.5576171875
AUTO_STOP=1
MOTOR_ANGLE=0.005334302325581395
MOTOR_ACCUM=337.5053343023256
MOTOR_ROT=645

[22:14:12.579 CUBESAT]
TS=1786204720.091
PG_5=1
PG_9=0
PG_12=0
FLT_P2=0
FLT_P3=0
HEAT_1_TEMP=0.0
HEAT_1_DUTY=0
HEAT_1_SP=-20.0
ENC_RAW=10154
ENC_ANGLE=223.1103515625
ENC_ACCUM=357.73681640625
AUTO_STOP=1
MOTOR_ANGLE=0.002281976744186047
MOTOR_ACCUM=324.9441424418605
MOTOR_ROT=621

[22:14:13.012 EBOX]
TS=1786202951.616
V_SENSE5=1.31103515625
V_SENSE9=0.0390625
V_SENSE12=0.10009765625
ADC_V5=4.94720458984375
ADC_V9=9.49615478515625
ADC_V12=11.92108154296875
ADC_V28=27.99285888671875
THERMAL_SENS_OUT_1=27
THERMAL_SENS_OUT_2=-50
THERMAL_SENS_OUT_3=29
THERMAL_SENS_OUT_4=28
THERMAL_SENS_OUT_5=36
THERMAL_SENS_OUT_6=-50
THERMAL_SENS_INT_1=29
THERMAL_SENS_INT_2=29
PG_5=1
PG_9=0
PG_12=1
FLT_P2=0
FLT_P3=0
HEAT_1_TEMP=27
HEAT_1_DUTY=0
HEAT_1_SP=-20.0
HEAT_2_TEMP=29
HEAT_2_DUTY=0
HEAT_2_SP=-20.0
HEAT_3_TEMP=28
HEAT_3_DUTY=0
HEAT_3_SP=-20.0
HEAT_4_TEMP=36
HEAT_4_DUTY=0
HEAT_4_SP=-20.0

[22:14:14.625 CUBESAT]
TS=1786204722.098
PG_5=1
PG_9=0
PG_12=0
FLT_P2=0
FLT_P3=0
HEAT_1_TEMP=0.0
HEAT_1_DUTY=10
HEAT_1_SP=-20.0
ENC_RAW=9513
ENC_ANGLE=209.02587890625
ENC_ACCUM=343.65234375
AUTO_STOP=1
MOTOR_ANGLE=0.007994186046511628
MOTOR_ACCUM=311.86845930232556
MOTOR_ROT=596

[22:14:15.049 EBOX]
TS=1786202953.617
V_SENSE5=1.24755859375
V_SENSE9=0.03662109375
V_SENSE12=0.1123046875
ADC_V5=4.87640380859375
ADC_V9=9.30145263671875
ADC_V12=11.93878173828125
ADC_V28=27.76275634765625
THERMAL_SENS_OUT_1=31
THERMAL_SENS_OUT_2=-50
THERMAL_SENS_OUT_3=26
THERMAL_SENS_OUT_4=32
THERMAL_SENS_OUT_5=37
THERMAL_SENS_OUT_6=-50
THERMAL_SENS_INT_1=27
THERMAL_SENS_INT_2=32
PG_5=1
PG_9=0
PG_12=1
FLT_P2=0
FLT_P3=0
HEAT_1_TEMP=31
HEAT_1_DUTY=0
HEAT_1_SP=-20.0
HEAT_2_TEMP=26
HEAT_2_DUTY=0
HEAT_2_SP=-20.0
HEAT_3_TEMP=32
HEAT_3_DUTY=0
HEAT_3_SP=-20.0
HEAT_4_TEMP=37
HEAT_4_DUTY=0
HEAT_4_SP=-20.0

[22:14:16.900 CUBESAT]
TS=1786204724.101
PG_5=1
PG_9=0
PG_12=0
FLT_P2=0
FLT_P3=0
HEAT_1_TEMP=0.0
HEAT_1_DUTY=0
HEAT_1_SP=-20.0
ENC_RAW=8875
ENC_ANGLE=195.00732421875
ENC_ACCUM=329.6337890625
AUTO_STOP=1
MOTOR_ANGLE=0.005334302325581395
MOTOR_ACCUM=299.30765988372093
MOTOR_ROT=572

[22:14:18.705 CUBESAT]
TS=1786204726.105
PG_5=1
PG_9=0
PG_12=0
FLT_P2=0
FLT_P3=0
HEAT_1_TEMP=0.0
HEAT_1_DUTY=0
HEAT_1_SP=-20.0
ENC_RAW=8232
ENC_ANGLE=180.87890625
ENC_ACCUM=315.50537109375
AUTO_STOP=1
MOTOR_ANGLE=0.0015261627906976744
MOTOR_ACCUM=286.7457122093023
MOTOR_ROT=548

[22:14:19.445 EBOX]
TS=1786202955.618
V_SENSE5=1.1376953125
V_SENSE9=0.0390625
V_SENSE12=0.09765625
ADC_V5=4.920654296875
ADC_V9=9.168701171875
ADC_V12=11.54937744140625
ADC_V28=27.81585693359375
THERMAL_SENS_OUT_1=28
THERMAL_SENS_OUT_2=-50
THERMAL_SENS_OUT_3=29
THERMAL_SENS_OUT_4=28
THERMAL_SENS_OUT_5=39
THERMAL_SENS_OUT_6=-50
THERMAL_SENS_INT_1=26
THERMAL_SENS_INT_2=32
PG_5=1
PG_9=0
PG_12=1
FLT_P2=0
FLT_P3=0
HEAT_1_TEMP=28
HEAT_1_DUTY=0
HEAT_1_SP=-20.0
HEAT_2_TEMP=29
HEAT_2_DUTY=0
HEAT_2_SP=-20.0
HEAT_3_TEMP=28
HEAT_3_DUTY=0
HEAT_3_SP=-20.0
HEAT_4_TEMP=39
HEAT_4_DUTY=0
HEAT_4_SP=-20.0

[22:14:19.672 EBOX]
TS=1786202957.629
V_SENSE5=1.22314453125
V_SENSE9=0.04150390625
V_SENSE12=0.13427734375
ADC_V5=4.9737548828125
ADC_V9=9.0093994140625
ADC_V12=11.717529296875
ADC_V28=27.5592041015625
THERMAL_SENS_OUT_1=29
THERMAL_SENS_OUT_2=-50
THERMAL_SENS_OUT_3=30
THERMAL_SENS_OUT_4=28
THERMAL_SENS_OUT_5=39
THERMAL_SENS_OUT_6=-50
THERMAL_SENS_INT_1=24
THERMAL_SENS_INT_2=29
PG_5=1
PG_9=0
PG_12=1
FLT_P2=0
FLT_P3=0
HEAT_1_TEMP=29
HEAT_1_DUTY=0
HEAT_1_SP=-20.0
HEAT_2_TEMP=30
HEAT_2_DUTY=0
HEAT_2_SP=-20.0
HEAT_3_TEMP=28
HEAT_3_DUTY=0
HEAT_3_SP=-20.0
HEAT_4_TEMP=39
HEAT_4_DUTY=0
HEAT_4_SP=-20.0

[22:14:20.722 CUBESAT]
TS=1786204728.108
PG_5=1
PG_9=0
PG_12=0
FLT_P2=0
FLT_P3=0
HEAT_1_TEMP=0.0
HEAT_1_DUTY=0
HEAT_1_SP=-20.0
ENC_RAW=7592
ENC_ANGLE=166.81640625
ENC_ACCUM=301.44287109375
AUTO_STOP=1
MOTOR_ANGLE=0.007994186046511628
MOTOR_ACCUM=273.67078488372096
MOTOR_ROT=523

[22:14:21.246 EBOX]
TS=1786202959.623
V_SENSE5=1.19384765625
V_SENSE9=0.0390625
V_SENSE12=0.10498046875
ADC_V5=4.91180419921875
ADC_V9=8.80584716796875
ADC_V12=11.77947998046875
ADC_V28=27.930908203125
THERMAL_SENS_OUT_1=33
THERMAL_SENS_OUT_2=-50
THERMAL_SENS_OUT_3=30
THERMAL_SENS_OUT_4=28
THERMAL_SENS_OUT_5=40
THERMAL_SENS_OUT_6=-50
THERMAL_SENS_INT_1=26
THERMAL_SENS_INT_2=32
PG_5=1
PG_9=0
PG_12=1
FLT_P2=0
FLT_P3=0
HEAT_1_TEMP=33
HEAT_1_DUTY=0
HEAT_1_SP=-20.0
HEAT_2_TEMP=30
HEAT_2_DUTY=0
HEAT_2_SP=-20.0
HEAT_3_TEMP=28
HEAT_3_DUTY=0
HEAT_3_SP=-20.0
HEAT_4_TEMP=40
HEAT_4_DUTY=0
HEAT_4_SP=-20.0

[22:14:22.788 CUBESAT]
TS=1786204730.111
PG_5=1
PG_9=0
PG_12=0
FLT_P2=0
FLT_P3=0
HEAT_1_TEMP=0.0
HEAT_1_DUTY=0
HEAT_1_SP=-20.0
ENC_RAW=6943
ENC_ANGLE=152.55615234375
ENC_ACCUM=287.1826171875
AUTO_STOP=1
MOTOR_ANGLE=0.004941860465116279
MOTOR_ACCUM=261.1095930232558
MOTOR_ROT=499

[22:14:23.165 EBOX]
TS=1786202961.626
V_SENSE5=1.30126953125
V_SENSE9=0.04150390625
V_SENSE12=0.15380859375
ADC_V5=4.9737548828125
ADC_V9=9.310302734375
ADC_V12=11.90338134765625
ADC_V28=27.5238037109375
THERMAL_SENS_OUT_1=26
THERMAL_SENS_OUT_2=-50
THERMAL_SENS_OUT_3=25
THERMAL_SENS_OUT_4=31
THERMAL_SENS_OUT_5=36
THERMAL_SENS_OUT_6=-50
THERMAL_SENS_INT_1=25
THERMAL_SENS_INT_2=31
PG_5=1
PG_9=0
PG_12=1
FLT_P2=0
FLT_P3=0
HEAT_1_TEMP=26
HEAT_1_DUTY=0
HEAT_1_SP=-20.0
HEAT_2_TEMP=25
HEAT_2_DUTY=0
HEAT_2_SP=-20.0
HEAT_3_TEMP=31
HEAT_3_DUTY=0
HEAT_3_SP=-20.0
HEAT_4_TEMP=36
HEAT_4_DUTY=0
HEAT_4_SP=-20.0

[22:14:24.998 CUBESAT]
TS=1786204733.218
PG_5=1
PG_9=0
PG_12=0
FLT_P2=0
FLT_P3=0
HEAT_1_TEMP=0.0
HEAT_1_DUTY=10
HEAT_1_SP=-20.0
ENC_RAW=6291
ENC_ANGLE=138.22998046875
ENC_ACCUM=272.8564453125
AUTO_STOP=1
MOTOR_ANGLE=0.0015261627906976744
MOTOR_ACCUM=248.54803779069766
MOTOR_ROT=475

[22:14:25.217 EBOX]
TS=1786202964.430
V_SENSE5=1.40869140625
V_SENSE9=0.03662109375
V_SENSE12=0.126953125
ADC_V5=4.9383544921875
ADC_V9=9.21295166015625
ADC_V12=11.76177978515625
ADC_V28=28.1787109375
THERMAL_SENS_OUT_1=28
THERMAL_SENS_OUT_2=-50
THERMAL_SENS_OUT_3=29
THERMAL_SENS_OUT_4=27
THERMAL_SENS_OUT_5=41
THERMAL_SENS_OUT_6=-50
THERMAL_SENS_INT_1=31
THERMAL_SENS_INT_2=29
PG_5=1
PG_9=0
PG_12=1
FLT_P2=0
FLT_P3=0
HEAT_1_TEMP=28
HEAT_1_DUTY=0
HEAT_1_SP=-20.0
HEAT_2_TEMP=29
HEAT_2_DUTY=0
HEAT_2_SP=-20.0
HEAT_3_TEMP=27
HEAT_3_DUTY=0
HEAT_3_SP=-20.0
HEAT_4_TEMP=41
HEAT_4_DUTY=0
HEAT_4_SP=-20.0

[22:14:25.422 CUBESAT]
TS=1786204733.721
PG_5=1
PG_9=0
PG_12=0
FLT_P2=0
FLT_P3=0
HEAT_1_TEMP=0.0
HEAT_1_DUTY=10
HEAT_1_SP=-20.0
ENC_RAW=6102
ENC_ANGLE=134.0771484375
ENC_ACCUM=268.70361328125
AUTO_STOP=1
MOTOR_ANGLE=0.008372093023255813
MOTOR_ACCUM=244.36883720930234
MOTOR_ROT=467

[22:14:25.749 EBOX]
TS=1786202964.930
V_SENSE5=1.15478515625
V_SENSE9=0.0341796875
V_SENSE12=0.107421875
ADC_V5=4.8675537109375
ADC_V9=9.345703125
ADC_V12=11.49627685546875
ADC_V28=27.860107421875
THERMAL_SENS_OUT_1=33
THERMAL_SENS_OUT_2=-50
THERMAL_SENS_OUT_3=29
THERMAL_SENS_OUT_4=28
THERMAL_SENS_OUT_5=40
THERMAL_SENS_OUT_6=-50
THERMAL_SENS_INT_1=29
THERMAL_SENS_INT_2=26
PG_5=1
PG_9=0
PG_12=1
FLT_P2=0
FLT_P3=0
HEAT_1_TEMP=33
HEAT_1_DUTY=0
HEAT_1_SP=-20.0
HEAT_2_TEMP=29
HEAT_2_DUTY=0
HEAT_2_SP=-20.0
HEAT_3_TEMP=28
HEAT_3_DUTY=0
HEAT_3_SP=-20.0
HEAT_4_TEMP=40
HEAT_4_DUTY=0
HEAT_4_SP=-20.0

[22:14:25.887 EBOX]
TS=1786202965.433
V_SENSE5=1.40625
V_SENSE9=0.0341796875
V_SENSE12=0.126953125
ADC_V5=5.03570556640625
ADC_V9=9.08905029296875
ADC_V12=11.86798095703125
ADC_V28=27.4176025390625
THERMAL_SENS_OUT_1=26
THERMAL_SENS_OUT_2=-50
THERMAL_SENS_OUT_3=28
THERMAL_SENS_OUT_4=28
THERMAL_SENS_OUT_5=40
THERMAL_SENS_OUT_6=-50
THERMAL_SENS_INT_1=28
THERMAL_SENS_INT_2=30
PG_5=1
PG_9=0
PG_12=1
FLT_P2=0
FLT_P3=0
HEAT_1_TEMP=26
HEAT_1_DUTY=0
HEAT_1_SP=-20.0
HEAT_2_TEMP=28
HEAT_2_DUTY=0
HEAT_2_SP=-20.0
HEAT_3_TEMP=28
HEAT_3_DUTY=0
HEAT_3_SP=-20.0
HEAT_4_TEMP=40
HEAT_4_DUTY=0
HEAT_4_SP=-20.0

[22:14:26.420 EBOX]
TS=1786202965.935
V_SENSE5=1.1962890625
V_SENSE9=0.0390625
V_SENSE12=0.13671875
ADC_V5=4.814453125
ADC_V9=9.13330078125
ADC_V12=11.7529296875
ADC_V28=27.67425537109375
THERMAL_SENS_OUT_1=31
THERMAL_SENS_OUT_2=-50
THERMAL_SENS_OUT_3=26
THERMAL_SENS_OUT_4=32
THERMAL_SENS_OUT_5=37
THERMAL_SENS_OUT_6=-50
THERMAL_SENS_INT_1=27
THERMAL_SENS_INT_2=29
PG_5=1
PG_9=0
PG_12=1
FLT_P2=0
FLT_P3=0
HEAT_1_TEMP=31
HEAT_1_DUTY=0
HEAT_1_SP=-20.0
HEAT_2_TEMP=26
HEAT_2_DUTY=0
HEAT_2_SP=-20.0
HEAT_3_TEMP=32
HEAT_3_DUTY=0
HEAT_3_SP=-20.0
HEAT_4_TEMP=37
HEAT_4_DUTY=0
HEAT_4_SP=-20.0

[22:14:27.666 CUBESAT]
TS=1786204734.223
PG_5=1
PG_9=0
PG_12=0
FLT_P2=0
FLT_P3=0
HEAT_1_TEMP=0.0
HEAT_1_DUTY=0
HEAT_1_SP=-20.0
ENC_RAW=5973
ENC_ANGLE=131.24267578125
ENC_ACCUM=265.869140625
AUTO_STOP=1
MOTOR_ANGLE=0.0003779069767441861
MOTOR_ACCUM=242.26781976744186
MOTOR_ROT=463
TS=1786204734.726
PG_5=1
PG_9=0
PG_12=0
FLT_P2=0
FLT_P3=0
HEAT_1_TEMP=0.0
HEAT_1_DUTY=0
HEAT_1_SP=-20.0
ENC_RAW=5776
ENC_ANGLE=126.9140625
ENC_ACCUM=261.54052734375
AUTO_STOP=1
MOTOR_ANGLE=0.006468023255813954
MOTOR_ACCUM=238.08786337209304
MOTOR_ROT=455

[22:14:28.278 CUBESAT]
TS=1786204735.228
PG_5=1
PG_9=0
PG_12=0
FLT_P2=0
FLT_P3=0
HEAT_1_TEMP=0.0
HEAT_1_DUTY=0
HEAT_1_SP=-20.0
ENC_RAW=5648
ENC_ANGLE=124.1015625
ENC_ACCUM=258.72802734375
AUTO_STOP=1
MOTOR_ANGLE=0.007994186046511628
MOTOR_ACCUM=235.4731104651163
MOTOR_ROT=450
TS=1786204735.730
PG_5=1
PG_9=0
PG_12=0
FLT_P2=0
FLT_P3=0
HEAT_1_TEMP=0.0
HEAT_1_DUTY=0
HEAT_1_SP=-20.0
ENC_RAW=5448
ENC_ANGLE=119.70703125
ENC_ACCUM=254.33349609375
AUTO_STOP=1
MOTOR_ANGLE=0.004941860465116279
MOTOR_ACCUM=231.80726744186046
MOTOR_ROT=443
TS=1786204736.233
PG_5=1
PG_9=0
PG_12=0
FLT_P2=0
FLT_P3=0
HEAT_1_TEMP=0.0
HEAT_1_DUTY=0
HEAT_1_SP=-20.0
ENC_RAW=5320
ENC_ANGLE=116.89453125
ENC_ACCUM=251.52099609375
AUTO_STOP=1
MOTOR_ANGLE=0.006090116279069768
MOTOR_ACCUM=229.192136627907
MOTOR_ROT=438

[22:14:28.704 EBOX]
TS=1786202966.435
V_SENSE5=1.29150390625
V_SENSE9=0.0390625
V_SENSE12=0.1025390625
ADC_V5=4.94720458984375
ADC_V9=8.9208984375
ADC_V12=11.93878173828125
ADC_V28=28.01055908203125
THERMAL_SENS_OUT_1=28
THERMAL_SENS_OUT_2=-50
THERMAL_SENS_OUT_3=25
THERMAL_SENS_OUT_4=32
THERMAL_SENS_OUT_5=38
THERMAL_SENS_OUT_6=-50
THERMAL_SENS_INT_1=29
THERMAL_SENS_INT_2=27
PG_5=1
PG_9=0
PG_12=1
FLT_P2=0
FLT_P3=0
HEAT_1_TEMP=28
HEAT_1_DUTY=0
HEAT_1_SP=-20.0
HEAT_2_TEMP=25
HEAT_2_DUTY=0
HEAT_2_SP=-20.0
HEAT_3_TEMP=32
HEAT_3_DUTY=0
HEAT_3_SP=-20.0
HEAT_4_TEMP=38
HEAT_4_DUTY=0
HEAT_4_SP=-20.0
TS=1786202966.938
V_SENSE5=1.14990234375
V_SENSE9=0.0341796875
V_SENSE12=0.107421875
ADC_V5=4.991455078125
ADC_V9=8.9739990234375
ADC_V12=11.99188232421875
ADC_V28=28.0902099609375
THERMAL_SENS_OUT_1=32
THERMAL_SENS_OUT_2=-50
THERMAL_SENS_OUT_3=26
THERMAL_SENS_OUT_4=32
THERMAL_SENS_OUT_5=38
THERMAL_SENS_OUT_6=-50
THERMAL_SENS_INT_1=30
THERMAL_SENS_INT_2=29
PG_5=1
PG_9=0
PG_12=1
FLT_P2=0
FLT_P3=0
HEAT_1_TEMP=32
HEAT_1_DUTY=0
HEAT_1_SP=-20.0
HEAT_2_TEMP=26
HEAT_2_DUTY=0
HEAT_2_SP=-20.0
HEAT_3_TEMP=32
HEAT_3_DUTY=0
HEAT_3_SP=-20.0
HEAT_4_TEMP=38
HEAT_4_DUTY=0
HEAT_4_SP=-20.0

[22:14:28.708 CUBESAT]
TS=1786204736.735
PG_5=1
PG_9=0
PG_12=0
FLT_P2=0
FLT_P3=0
HEAT_1_TEMP=0.0
HEAT_1_DUTY=0
HEAT_1_SP=-20.0
ENC_RAW=5127
ENC_ANGLE=112.65380859375
ENC_ACCUM=247.2802734375
AUTO_STOP=1
MOTOR_ANGLE=0.003808139534883721
MOTOR_ACCUM=225.52706395348835
MOTOR_ROT=431

[22:14:29.265 EBOX]
TS=1786202967.440
V_SENSE5=1.28662109375
V_SENSE9=0.03662109375
V_SENSE12=0.126953125
ADC_V5=4.920654296875
ADC_V9=8.96514892578125
ADC_V12=11.7529296875
ADC_V28=27.8778076171875
THERMAL_SENS_OUT_1=31
THERMAL_SENS_OUT_2=-50
THERMAL_SENS_OUT_3=24
THERMAL_SENS_OUT_4=28
THERMAL_SENS_OUT_5=40
THERMAL_SENS_OUT_6=-50
THERMAL_SENS_INT_1=24
THERMAL_SENS_INT_2=26
PG_5=1
PG_9=0
PG_12=1
FLT_P2=0
FLT_P3=0
HEAT_1_TEMP=31
HEAT_1_DUTY=0
HEAT_1_SP=-20.0
HEAT_2_TEMP=24
HEAT_2_DUTY=0
HEAT_2_SP=-20.0
HEAT_3_TEMP=28
HEAT_3_DUTY=0
HEAT_3_SP=-20.0
HEAT_4_TEMP=40
HEAT_4_DUTY=0
HEAT_4_SP=-20.0
TS=1786202967.941
V_SENSE5=1.19140625
V_SENSE9=0.0341796875
V_SENSE12=0.1025390625
ADC_V5=5.00030517578125
ADC_V9=8.779296875
ADC_V12=11.859130859375
ADC_V28=27.364501953125
THERMAL_SENS_OUT_1=32
THERMAL_SENS_OUT_2=-50
THERMAL_SENS_OUT_3=29
THERMAL_SENS_OUT_4=27
THERMAL_SENS_OUT_5=40
THERMAL_SENS_OUT_6=-50
THERMAL_SENS_INT_1=30
THERMAL_SENS_INT_2=27
PG_5=1
PG_9=0
PG_12=1
FLT_P2=0
FLT_P3=0
HEAT_1_TEMP=32
HEAT_1_DUTY=0
HEAT_1_SP=-20.0
HEAT_2_TEMP=29
HEAT_2_DUTY=0
HEAT_2_SP=-20.0
HEAT_3_TEMP=27
HEAT_3_DUTY=0
HEAT_3_SP=-20.0
HEAT_4_TEMP=40
HEAT_4_DUTY=0
HEAT_4_SP=-20.0

[22:14:29.269 CUBESAT]
TS=1786204737.236
PG_5=1
PG_9=0
PG_12=0
FLT_P2=0
FLT_P3=0
HEAT_1_TEMP=0.0
HEAT_1_DUTY=0
HEAT_1_SP=-20.0
ENC_RAW=4992
ENC_ANGLE=109.6875
ENC_ACCUM=244.31396484375
AUTO_STOP=1
MOTOR_ANGLE=0.004186046511627906
MOTOR_ACCUM=222.9111627906977
MOTOR_ROT=426

[22:14:29.487 EBOX]
TS=1786202968.447
V_SENSE5=1.14501953125
V_SENSE9=0.0390625
V_SENSE12=0.0927734375
ADC_V5=4.9737548828125
ADC_V9=9.3634033203125
ADC_V12=11.72637939453125
ADC_V28=27.35565185546875
THERMAL_SENS_OUT_1=28
THERMAL_SENS_OUT_2=-50
THERMAL_SENS_OUT_3=24
THERMAL_SENS_OUT_4=27
THERMAL_SENS_OUT_5=39
THERMAL_SENS_OUT_6=-50
THERMAL_SENS_INT_1=25
THERMAL_SENS_INT_2=30
PG_5=1
PG_9=0
PG_12=1
FLT_P2=0
FLT_P3=0
HEAT_1_TEMP=28
HEAT_1_DUTY=0
HEAT_1_SP=-20.0
HEAT_2_TEMP=24
HEAT_2_DUTY=0
HEAT_2_SP=-20.0
HEAT_3_TEMP=27
HEAT_3_DUTY=0
HEAT_3_SP=-20.0
HEAT_4_TEMP=39
HEAT_4_DUTY=0
HEAT_4_SP=-20.0

[22:14:29.911 EBOX]
TS=1786202968.955
V_SENSE5=1.1279296875
V_SENSE9=0.029296875
V_SENSE12=0.0927734375
ADC_V5=4.87640380859375
ADC_V9=9.41650390625
ADC_V12=11.74407958984375
ADC_V28=28.24951171875
THERMAL_SENS_OUT_1=26
THERMAL_SENS_OUT_2=-50
THERMAL_SENS_OUT_3=27
THERMAL_SENS_OUT_4=29
THERMAL_SENS_OUT_5=37
THERMAL_SENS_OUT_6=-50
THERMAL_SENS_INT_1=27
THERMAL_SENS_INT_2=26
PG_5=1
PG_9=0
PG_12=1
FLT_P2=0
FLT_P3=0
HEAT_1_TEMP=26
HEAT_1_DUTY=0
HEAT_1_SP=-20.0
HEAT_2_TEMP=27
HEAT_2_DUTY=0
HEAT_2_SP=-20.0
HEAT_3_TEMP=29
HEAT_3_DUTY=0
HEAT_3_SP=-20.0
HEAT_4_TEMP=37
HEAT_4_DUTY=0
HEAT_4_SP=-20.0

[22:14:31.185 CUBESAT]
TS=1786204737.738
PG_5=1
PG_9=0
PG_12=0
FLT_P2=0
FLT_P3=0
HEAT_1_TEMP=0.0
HEAT_1_DUTY=0
HEAT_1_SP=-20.0
ENC_RAW=4798
ENC_ANGLE=105.4248046875
ENC_ACCUM=240.05126953125
AUTO_STOP=1
MOTOR_ANGLE=0.0019040697674418605
MOTOR_ACCUM=219.24609011627908
MOTOR_ROT=419
TS=1786204738.240
PG_5=1
PG_9=0
PG_12=0
FLT_P2=0
FLT_P3=0
HEAT_1_TEMP=0.0
HEAT_1_DUTY=10
HEAT_1_SP=-20.0
ENC_RAW=4672
ENC_ANGLE=102.65625
ENC_ACCUM=237.28271484375
AUTO_STOP=1
MOTOR_ANGLE=0.0034302325581395347
MOTOR_ACCUM=216.6313372093023
MOTOR_ROT=414
TS=1786204738.743
PG_5=1
PG_9=0
PG_12=0
FLT_P2=0
FLT_P3=0
HEAT_1_TEMP=0.0
HEAT_1_DUTY=10
HEAT_1_SP=-20.0
ENC_RAW=4473
ENC_ANGLE=98.28369140625
ENC_ACCUM=232.91015625
AUTO_STOP=1
MOTOR_ANGLE=0.0
MOTOR_ACCUM=212.96511627906978
MOTOR_ROT=407

[22:14:32.252 EBOX]
TS=1786202969.451
V_SENSE5=1.22314453125
V_SENSE9=0.11474609375
V_SENSE12=0.10009765625
ADC_V5=4.849853515625
ADC_V9=9.33685302734375
ADC_V12=11.575927734375
ADC_V28=27.99285888671875
THERMAL_SENS_OUT_1=32
THERMAL_SENS_OUT_2=-50
THERMAL_SENS_OUT_3=25
THERMAL_SENS_OUT_4=28
THERMAL_SENS_OUT_5=40
THERMAL_SENS_OUT_6=-50
THERMAL_SENS_INT_1=27
THERMAL_SENS_INT_2=31
PG_5=1
PG_9=0
PG_12=1
FLT_P2=0
FLT_P3=0
HEAT_1_TEMP=32
HEAT_1_DUTY=0
HEAT_1_SP=-20.0
HEAT_2_TEMP=25
HEAT_2_DUTY=0
HEAT_2_SP=-20.0
HEAT_3_TEMP=28
HEAT_3_DUTY=0
HEAT_3_SP=-20.0
HEAT_4_TEMP=40
HEAT_4_DUTY=0
HEAT_4_SP=-20.0
TS=1786202969.951
V_SENSE5=1.18896484375
V_SENSE9=0.03662109375
V_SENSE12=0.1025390625
ADC_V5=4.91180419921875
ADC_V9=9.0447998046875
ADC_V12=11.81488037109375
ADC_V28=27.17864990234375
THERMAL_SENS_OUT_1=28
THERMAL_SENS_OUT_2=-50
THERMAL_SENS_OUT_3=30
THERMAL_SENS_OUT_4=28
THERMAL_SENS_OUT_5=40
THERMAL_SENS_OUT_6=-50
THERMAL_SENS_INT_1=29
THERMAL_SENS_INT_2=26
PG_5=1
PG_9=0
PG_12=1
FLT_P2=0
FLT_P3=0
HEAT_1_TEMP=28
HEAT_1_DUTY=0
HEAT_1_SP=-20.0
HEAT_2_TEMP=30
HEAT_2_DUTY=0
HEAT_2_SP=-20.0
HEAT_3_TEMP=28
HEAT_3_DUTY=0
HEAT_3_SP=-20.0
HEAT_4_TEMP=40
HEAT_4_DUTY=0
HEAT_4_SP=-20.0
TS=1786202970.465
V_SENSE5=1.30615234375
V_SENSE9=0.0341796875
V_SENSE12=0.1123046875
ADC_V5=4.8675537109375
ADC_V9=9.07135009765625
ADC_V12=11.6998291015625
ADC_V28=27.647705078125
THERMAL_SENS_OUT_1=28
THERMAL_SENS_OUT_2=-50
THERMAL_SENS_OUT_3=27
THERMAL_SENS_OUT_4=28
THERMAL_SENS_OUT_5=41
THERMAL_SENS_OUT_6=-50
THERMAL_SENS_INT_1=30
THERMAL_SENS_INT_2=28
PG_5=1
PG_9=0
PG_12=1
FLT_P2=0
FLT_P3=0
HEAT_1_TEMP=28
HEAT_1_DUTY=0
HEAT_1_SP=-20.0
HEAT_2_TEMP=27
HEAT_2_DUTY=0
HEAT_2_SP=-20.0
HEAT_3_TEMP=28
HEAT_3_DUTY=0
HEAT_3_SP=-20.0
HEAT_4_TEMP=41
HEAT_4_DUTY=0
HEAT_4_SP=-20.0

[22:14:33.038 EBOX]
TS=1786202970.966
V_SENSE5=1.12548828125
V_SENSE9=0.0390625
V_SENSE12=0.1220703125
ADC_V5=4.9560546875
ADC_V9=9.27490234375
ADC_V12=11.7706298828125
ADC_V28=27.6300048828125
THERMAL_SENS_OUT_1=28
THERMAL_SENS_OUT_2=-50
THERMAL_SENS_OUT_3=29
THERMAL_SENS_OUT_4=28
THERMAL_SENS_OUT_5=38
THERMAL_SENS_OUT_6=-50
THERMAL_SENS_INT_1=25
THERMAL_SENS_INT_2=29
PG_5=1
PG_9=0
PG_12=1
FLT_P2=0
FLT_P3=0
HEAT_1_TEMP=28
HEAT_1_DUTY=0
HEAT_1_SP=-20.0
HEAT_2_TEMP=29
HEAT_2_DUTY=0
HEAT_2_SP=-20.0
HEAT_3_TEMP=28
HEAT_3_DUTY=0
HEAT_3_SP=-20.0
HEAT_4_TEMP=38
HEAT_4_DUTY=0
HEAT_4_SP=-20.0
TS=1786202971.476
V_SENSE5=1.11083984375
V_SENSE9=0.0390625
V_SENSE12=0.12451171875
ADC_V5=4.92950439453125
ADC_V9=9.33685302734375
ADC_V12=12.02728271484375
ADC_V28=27.86895751953125
THERMAL_SENS_OUT_1=33
THERMAL_SENS_OUT_2=-50
THERMAL_SENS_OUT_3=26
THERMAL_SENS_OUT_4=32
THERMAL_SENS_OUT_5=36
THERMAL_SENS_OUT_6=-50
THERMAL_SENS_INT_1=25
THERMAL_SENS_INT_2=32
PG_5=1
PG_9=0
PG_12=1
FLT_P2=0
FLT_P3=0
HEAT_1_TEMP=33
HEAT_1_DUTY=0
HEAT_1_SP=-20.0
HEAT_2_TEMP=26
HEAT_2_DUTY=0
HEAT_2_SP=-20.0
HEAT_3_TEMP=32
HEAT_3_DUTY=0
HEAT_3_SP=-20.0
HEAT_4_TEMP=36
HEAT_4_DUTY=0
HEAT_4_SP=-20.0

[22:14:33.987 EBOX]
TS=1786202971.981
V_SENSE5=1.2646484375
V_SENSE9=0.0390625
V_SENSE12=0.09765625
ADC_V5=4.849853515625
ADC_V9=9.168701171875
ADC_V12=11.5936279296875
ADC_V28=27.97515869140625
THERMAL_SENS_OUT_1=32
THERMAL_SENS_OUT_2=-50
THERMAL_SENS_OUT_3=25
THERMAL_SENS_OUT_4=29
THERMAL_SENS_OUT_5=38
THERMAL_SENS_OUT_6=-50
THERMAL_SENS_INT_1=24
THERMAL_SENS_INT_2=27
PG_5=1
PG_9=0
PG_12=1
FLT_P2=0
FLT_P3=0
HEAT_1_TEMP=32
HEAT_1_DUTY=0
HEAT_1_SP=-20.0
HEAT_2_TEMP=25
HEAT_2_DUTY=0
HEAT_2_SP=-20.0
HEAT_3_TEMP=29
HEAT_3_DUTY=0
HEAT_3_SP=-20.0
HEAT_4_TEMP=38
HEAT_4_DUTY=0
HEAT_4_SP=-20.0
TS=1786202972.482
V_SENSE5=1.21337890625
V_SENSE9=0.03662109375
V_SENSE12=0.09765625
ADC_V5=4.9737548828125
ADC_V9=9.0093994140625
ADC_V12=11.60247802734375
ADC_V28=28.1787109375
THERMAL_SENS_OUT_1=29
THERMAL_SENS_OUT_2=-50
THERMAL_SENS_OUT_3=30
THERMAL_SENS_OUT_4=26
THERMAL_SENS_OUT_5=37
THERMAL_SENS_OUT_6=-50
THERMAL_SENS_INT_1=26
THERMAL_SENS_INT_2=30
PG_5=1
PG_9=0
PG_12=1
FLT_P2=0
FLT_P3=0
HEAT_1_TEMP=29
HEAT_1_DUTY=0
HEAT_1_SP=-20.0
HEAT_2_TEMP=30
HEAT_2_DUTY=0
HEAT_2_SP=-20.0
HEAT_3_TEMP=26
HEAT_3_DUTY=0
HEAT_3_SP=-20.0
HEAT_4_TEMP=37
HEAT_4_DUTY=0
HEAT_4_SP=-20.0

[22:14:35.366 EBOX]
TS=1786202972.984
V_SENSE5=1.13525390625
V_SENSE9=0.03662109375
V_SENSE12=0.09521484375
ADC_V5=4.9560546875
ADC_V9=8.75274658203125
ADC_V12=11.5582275390625
ADC_V28=27.51495361328125
THERMAL_SENS_OUT_1=30
THERMAL_SENS_OUT_2=-50
THERMAL_SENS_OUT_3=29
THERMAL_SENS_OUT_4=27
THERMAL_SENS_OUT_5=39
THERMAL_SENS_OUT_6=-50
THERMAL_SENS_INT_1=24
THERMAL_SENS_INT_2=27
PG_5=1
PG_9=0
PG_12=1
FLT_P2=0
FLT_P3=0
HEAT_1_TEMP=30
HEAT_1_DUTY=0
HEAT_1_SP=-20.0
HEAT_2_TEMP=29
HEAT_2_DUTY=0
HEAT_2_SP=-20.0
HEAT_3_TEMP=27
HEAT_3_DUTY=0
HEAT_3_SP=-20.0
HEAT_4_TEMP=39
HEAT_4_DUTY=0
HEAT_4_SP=-20.0
TS=1786202973.491
V_SENSE5=1.25
V_SENSE9=0.03173828125
V_SENSE12=0.10009765625
ADC_V5=4.920654296875
ADC_V9=9.3634033203125
ADC_V12=11.79718017578125
ADC_V28=27.95745849609375
THERMAL_SENS_OUT_1=28
THERMAL_SENS_OUT_2=-50
THERMAL_SENS_OUT_3=24
THERMAL_SENS_OUT_4=27
THERMAL_SENS_OUT_5=36
THERMAL_SENS_OUT_6=-50
THERMAL_SENS_INT_1=24
THERMAL_SENS_INT_2=28
PG_5=1
PG_9=0
PG_12=1
FLT_P2=0
FLT_P3=0
HEAT_1_TEMP=28
HEAT_1_DUTY=0
HEAT_1_SP=-20.0
HEAT_2_TEMP=24
HEAT_2_DUTY=0
HEAT_2_SP=-20.0
HEAT_3_TEMP=27
HEAT_3_DUTY=0
HEAT_3_SP=-20.0
HEAT_4_TEMP=36
HEAT_4_DUTY=0
HEAT_4_SP=-20.0

[22:14:35.917 EBOX]
TS=1786202973.989
V_SENSE5=1.23779296875
V_SENSE9=0.0390625
V_SENSE12=0.126953125
ADC_V5=4.91180419921875
ADC_V9=9.4696044921875
ADC_V12=11.97418212890625
ADC_V28=28.214111328125
THERMAL_SENS_OUT_1=32
THERMAL_SENS_OUT_2=-50
THERMAL_SENS_OUT_3=27
THERMAL_SENS_OUT_4=28
THERMAL_SENS_OUT_5=37
THERMAL_SENS_OUT_6=-50
THERMAL_SENS_INT_1=30
THERMAL_SENS_INT_2=28
PG_5=1
PG_9=0
PG_12=1
FLT_P2=0
FLT_P3=0
HEAT_1_TEMP=32
HEAT_1_DUTY=0
HEAT_1_SP=-20.0
HEAT_2_TEMP=27
HEAT_2_DUTY=0
HEAT_2_SP=-20.0
HEAT_3_TEMP=28
HEAT_3_DUTY=0
HEAT_3_SP=-20.0
HEAT_4_TEMP=37
HEAT_4_DUTY=0
HEAT_4_SP=-20.0
TS=1786202974.490
V_SENSE5=1.19140625
V_SENSE9=0.0390625
V_SENSE12=0.107421875
ADC_V5=4.920654296875
ADC_V9=9.451904296875
ADC_V12=11.54052734375
ADC_V28=27.97515869140625
THERMAL_SENS_OUT_1=27
THERMAL_SENS_OUT_2=-50
THERMAL_SENS_OUT_3=29
THERMAL_SENS_OUT_4=28
THERMAL_SENS_OUT_5=41
THERMAL_SENS_OUT_6=-50
THERMAL_SENS_INT_1=31
THERMAL_SENS_INT_2=28
PG_5=1
PG_9=0
PG_12=1
FLT_P2=0
FLT_P3=0
HEAT_1_TEMP=27
HEAT_1_DUTY=0
HEAT_1_SP=-20.0
HEAT_2_TEMP=29
HEAT_2_DUTY=0
HEAT_2_SP=-20.0
HEAT_3_TEMP=28
HEAT_3_DUTY=0
HEAT_3_SP=-20.0
HEAT_4_TEMP=41
HEAT_4_DUTY=0
HEAT_4_SP=-20.0

[22:14:36.937 CUBESAT]
TS=1786204739.245
PG_5=1
PG_9=0
PG_12=0
FLT_P2=0
FLT_P3=0
HEAT_1_TEMP=0.0
HEAT_1_DUTY=0
HEAT_1_SP=-20.0
ENC_RAW=4347
ENC_ANGLE=95.51513671875
ENC_ACCUM=230.1416015625
AUTO_STOP=1
MOTOR_ANGLE=0.0015261627906976744
MOTOR_ACCUM=210.350363372093
MOTOR_ROT=402
TS=1786204739.747
PG_5=1
PG_9=0
PG_12=0
FLT_P2=0
FLT_P3=0
HEAT_1_TEMP=0.0
HEAT_1_DUTY=0
HEAT_1_SP=-20.0
ENC_RAW=4156
ENC_ANGLE=91.318359375
ENC_ACCUM=225.94482421875
AUTO_STOP=1
MOTOR_ANGLE=0.007616279069767442
MOTOR_ACCUM=206.17040697674418
MOTOR_ROT=394
TS=1786204740.249
PG_5=1
PG_9=0
PG_12=0
FLT_P2=0
FLT_P3=0
HEAT_1_TEMP=0.0
HEAT_1_DUTY=0
HEAT_1_SP=-20.0
ENC_RAW=4031
ENC_ANGLE=88.57177734375
ENC_ACCUM=223.1982421875
AUTO_STOP=1
MOTOR_ANGLE=0.008749999999999999
MOTOR_ACCUM=203.55526162790696
MOTOR_ROT=389
TS=1786204740.751
PG_5=1
PG_9=0
PG_12=0
FLT_P2=0
FLT_P3=0
HEAT_1_TEMP=0.0
HEAT_1_DUTY=0
HEAT_1_SP=-20.0
ENC_RAW=3838
ENC_ANGLE=84.3310546875
ENC_ACCUM=218.95751953125
AUTO_STOP=1
MOTOR_ANGLE=0.006468023255813954
MOTOR_ACCUM=199.89018895348838
MOTOR_ROT=382

[22:14:37.184 EBOX]
TS=1786202974.992
V_SENSE5=1.3671875
V_SENSE9=0.0390625
V_SENSE12=0.10009765625
ADC_V5=4.849853515625
ADC_V9=9.38995361328125
ADC_V12=11.5228271484375
ADC_V28=27.79815673828125
THERMAL_SENS_OUT_1=27
THERMAL_SENS_OUT_2=-50
THERMAL_SENS_OUT_3=28
THERMAL_SENS_OUT_4=27
THERMAL_SENS_OUT_5=39
THERMAL_SENS_OUT_6=-50
THERMAL_SENS_INT_1=26
THERMAL_SENS_INT_2=32
PG_5=1
PG_9=0
PG_12=1
FLT_P2=0
FLT_P3=0
HEAT_1_TEMP=27
HEAT_1_DUTY=0
HEAT_1_SP=-20.0
HEAT_2_TEMP=28
HEAT_2_DUTY=0
HEAT_2_SP=-20.0
HEAT_3_TEMP=27
HEAT_3_DUTY=0
HEAT_3_SP=-20.0
HEAT_4_TEMP=39
HEAT_4_DUTY=0
HEAT_4_SP=-20.0
TS=1786202975.504
V_SENSE5=1.15234375
V_SENSE9=0.0390625
V_SENSE12=0.09765625
ADC_V5=4.991455078125
ADC_V9=9.1156005859375
ADC_V12=11.77947998046875
ADC_V28=27.506103515625
THERMAL_SENS_OUT_1=32
THERMAL_SENS_OUT_2=-50
THERMAL_SENS_OUT_3=26
THERMAL_SENS_OUT_4=29
THERMAL_SENS_OUT_5=40
THERMAL_SENS_OUT_6=-50
THERMAL_SENS_INT_1=29
THERMAL_SENS_INT_2=27
PG_5=1
PG_9=0
PG_12=1
FLT_P2=0
FLT_P3=0
HEAT_1_TEMP=32
HEAT_1_DUTY=0
HEAT_1_SP=-20.0
HEAT_2_TEMP=26
HEAT_2_DUTY=0
HEAT_2_SP=-20.0
HEAT_3_TEMP=29
HEAT_3_DUTY=0
HEAT_3_SP=-20.0
HEAT_4_TEMP=40
HEAT_4_DUTY=0
HEAT_4_SP=-20.0

[22:14:38.014 CUBESAT]
TS=1786204741.252
PG_5=1
PG_9=0
PG_12=0
FLT_P2=0
FLT_P3=0
HEAT_1_TEMP=0.0
HEAT_1_DUTY=0
HEAT_1_SP=-20.0
ENC_RAW=3710
ENC_ANGLE=81.5185546875
ENC_ACCUM=216.14501953125
AUTO_STOP=1
MOTOR_ANGLE=0.007616279069767442
MOTOR_ACCUM=197.27505813953488
MOTOR_ROT=377
TS=1786204741.753
PG_5=1
PG_9=0
PG_12=0
FLT_P2=0
FLT_P3=0
HEAT_1_TEMP=0.0
HEAT_1_DUTY=0
HEAT_1_SP=-20.0
ENC_RAW=3519
ENC_ANGLE=77.32177734375
ENC_ACCUM=211.9482421875
AUTO_STOP=1
MOTOR_ANGLE=0.004941860465116279
MOTOR_ACCUM=193.6095930232558
MOTOR_ROT=370
TS=1786204742.253
PG_5=1
PG_9=0
PG_12=0
FLT_P2=0
FLT_P3=0
HEAT_1_TEMP=0.0
HEAT_1_DUTY=0
HEAT_1_SP=-20.0
ENC_RAW=3395
ENC_ANGLE=74.59716796875
ENC_ACCUM=209.2236328125
AUTO_STOP=1
MOTOR_ANGLE=0.006468023255813954
MOTOR_ACCUM=190.99484011627908
MOTOR_ROT=365
TS=1786204742.854
PG_5=1
PG_9=0
PG_12=0
FLT_P2=0
FLT_P3=0
HEAT_1_TEMP=0.0
HEAT_1_DUTY=0
HEAT_1_SP=-20.0
ENC_RAW=3202
ENC_ANGLE=70.3564453125
ENC_ACCUM=204.98291015625
AUTO_STOP=1
MOTOR_ANGLE=0.0034302325581395347
MOTOR_ACCUM=187.32901162790697
MOTOR_ROT=358
TS=1786204743.356
PG_5=1
PG_9=0
PG_12=0
FLT_P2=0
FLT_P3=0
HEAT_1_TEMP=0.0
HEAT_1_DUTY=10
HEAT_1_SP=-20.0
ENC_RAW=3078
ENC_ANGLE=67.6318359375
ENC_ACCUM=202.25830078125
AUTO_STOP=1
MOTOR_ANGLE=0.004563953488372094
MOTOR_ACCUM=184.71386627906978
MOTOR_ROT=353
TS=1786204743.858
PG_5=1
PG_9=0
PG_12=0
FLT_P2=0
FLT_P3=0
HEAT_1_TEMP=0.0
HEAT_1_DUTY=10
HEAT_1_SP=-20.0
ENC_RAW=2885
ENC_ANGLE=63.39111328125
ENC_ACCUM=198.017578125
AUTO_STOP=1
MOTOR_ANGLE=0.0019040697674418605
MOTOR_ACCUM=181.04841569767441
MOTOR_ROT=346
TS=1786204744.360
PG_5=1
PG_9=0
PG_12=0
FLT_P2=0
FLT_P3=0
HEAT_1_TEMP=0.0
HEAT_1_DUTY=0
HEAT_1_SP=-20.0
ENC_RAW=2759
ENC_ANGLE=60.62255859375
ENC_ACCUM=195.2490234375
AUTO_STOP=1
MOTOR_ANGLE=0.0026598837209302327
MOTOR_ACCUM=178.43289244186047
MOTOR_ROT=341
TS=1786204744.862
PG_5=1
PG_9=0
PG_12=0
FLT_P2=0
FLT_P3=0
HEAT_1_TEMP=0.0
HEAT_1_DUTY=0
HEAT_1_SP=-20.0
ENC_RAW=2569
ENC_ANGLE=56.44775390625
ENC_ACCUM=191.07421875
AUTO_STOP=1
MOTOR_ANGLE=0.0003779069767441861
MOTOR_ACCUM=174.76781976744186
MOTOR_ROT=334
TS=1786204745.363
PG_5=1
PG_9=0
PG_12=0
FLT_P2=0
FLT_P3=0
HEAT_1_TEMP=0.0
HEAT_1_DUTY=0
HEAT_1_SP=-20.0
ENC_RAW=2442
ENC_ANGLE=53.6572265625
ENC_ACCUM=188.28369140625
AUTO_STOP=1
MOTOR_ANGLE=0.0019040697674418605
MOTOR_ACCUM=172.15306686046512
MOTOR_ROT=329

[22:14:38.135 EBOX]
TS=1786202976.012
V_SENSE5=1.26708984375
V_SENSE9=0.0390625
V_SENSE12=0.09521484375
ADC_V5=5.01800537109375
ADC_V9=8.87664794921875
ADC_V12=11.7706298828125
ADC_V28=27.8778076171875
THERMAL_SENS_OUT_1=28
THERMAL_SENS_OUT_2=-50
THERMAL_SENS_OUT_3=24
THERMAL_SENS_OUT_4=28
THERMAL_SENS_OUT_5=38
THERMAL_SENS_OUT_6=-50
THERMAL_SENS_INT_1=31
THERMAL_SENS_INT_2=28
PG_5=1
PG_9=0
PG_12=1
FLT_P2=0
FLT_P3=0
HEAT_1_TEMP=28
HEAT_1_DUTY=0
HEAT_1_SP=-20.0
HEAT_2_TEMP=24
HEAT_2_DUTY=0
HEAT_2_SP=-20.0
HEAT_3_TEMP=28
HEAT_3_DUTY=0
HEAT_3_SP=-20.0
HEAT_4_TEMP=38
HEAT_4_DUTY=0
HEAT_4_SP=-20.0
TS=1786202976.507
V_SENSE5=1.15478515625
V_SENSE9=0.03173828125
V_SENSE12=0.13427734375
ADC_V5=4.85870361328125
ADC_V9=9.0093994140625
ADC_V12=11.646728515625
ADC_V28=28.01055908203125
THERMAL_SENS_OUT_1=32
THERMAL_SENS_OUT_2=-50
THERMAL_SENS_OUT_3=26
THERMAL_SENS_OUT_4=27
THERMAL_SENS_OUT_5=41
THERMAL_SENS_OUT_6=-50
THERMAL_SENS_INT_1=25
THERMAL_SENS_INT_2=30
PG_5=1
PG_9=0
PG_12=1
FLT_P2=0
FLT_P3=0
HEAT_1_TEMP=32
HEAT_1_DUTY=0
HEAT_1_SP=-20.0
HEAT_2_TEMP=26
HEAT_2_DUTY=0
HEAT_2_SP=-20.0
HEAT_3_TEMP=27
HEAT_3_DUTY=0
HEAT_3_SP=-20.0
HEAT_4_TEMP=41
HEAT_4_DUTY=0
HEAT_4_SP=-20.0

[22:14:38.287 EBOX]
TS=1786202977.023
V_SENSE5=1.1328125
V_SENSE9=0.0341796875
V_SENSE12=0.10009765625
ADC_V5=4.9560546875
ADC_V9=9.03594970703125
ADC_V12=11.611328125
ADC_V28=28.08135986328125
THERMAL_SENS_OUT_1=32
THERMAL_SENS_OUT_2=-50
THERMAL_SENS_OUT_3=29
THERMAL_SENS_OUT_4=30
THERMAL_SENS_OUT_5=36
THERMAL_SENS_OUT_6=-50
THERMAL_SENS_INT_1=31
THERMAL_SENS_INT_2=26
PG_5=1
PG_9=0
PG_12=1
FLT_P2=0
FLT_P3=0
HEAT_1_TEMP=32
HEAT_1_DUTY=0
HEAT_1_SP=-20.0
HEAT_2_TEMP=29
HEAT_2_DUTY=0
HEAT_2_SP=-20.0
HEAT_3_TEMP=30
HEAT_3_DUTY=0
HEAT_3_SP=-20.0
HEAT_4_TEMP=36
HEAT_4_DUTY=0
HEAT_4_SP=-20.0
TS=1786202977.525
V_SENSE5=1.2353515625
V_SENSE9=0.03662109375
V_SENSE12=0.0927734375
ADC_V5=4.9737548828125
ADC_V9=9.07135009765625
ADC_V12=11.7706298828125
ADC_V28=27.6654052734375
THERMAL_SENS_OUT_1=32
THERMAL_SENS_OUT_2=-50
THERMAL_SENS_OUT_3=24
THERMAL_SENS_OUT_4=30
THERMAL_SENS_OUT_5=38
THERMAL_SENS_OUT_6=-50
THERMAL_SENS_INT_1=25
THERMAL_SENS_INT_2=30
PG_5=1
PG_9=0
PG_12=1
FLT_P2=0
FLT_P3=0
HEAT_1_TEMP=32
HEAT_1_DUTY=0
HEAT_1_SP=-20.0
HEAT_2_TEMP=24
HEAT_2_DUTY=0
HEAT_2_SP=-20.0
HEAT_3_TEMP=30
HEAT_3_DUTY=0
HEAT_3_SP=-20.0
HEAT_4_TEMP=38
HEAT_4_DUTY=0
HEAT_4_SP=-20.0

[22:14:38.417 EBOX]
TS=1786202978.026
V_SENSE5=1.20849609375
V_SENSE9=0.05615234375
V_SENSE12=0.09765625
ADC_V5=5.00030517578125
ADC_V9=9.097900390625
ADC_V12=11.5936279296875
ADC_V28=28.01055908203125
THERMAL_SENS_OUT_1=30
THERMAL_SENS_OUT_2=-50
THERMAL_SENS_OUT_3=29
THERMAL_SENS_OUT_4=27
THERMAL_SENS_OUT_5=40
THERMAL_SENS_OUT_6=-50
THERMAL_SENS_INT_1=27
THERMAL_SENS_INT_2=27
PG_5=1
PG_9=0
PG_12=1
FLT_P2=0
FLT_P3=0
HEAT_1_TEMP=30
HEAT_1_DUTY=0
HEAT_1_SP=-20.0
HEAT_2_TEMP=29
HEAT_2_DUTY=0
HEAT_2_SP=-20.0
HEAT_3_TEMP=27
HEAT_3_DUTY=0
HEAT_3_SP=-20.0
HEAT_4_TEMP=40
HEAT_4_DUTY=0
HEAT_4_SP=-20.0

[22:14:38.944 EBOX]
TS=1786202978.526
V_SENSE5=1.28662109375
V_SENSE9=0.03173828125
V_SENSE12=0.13427734375
ADC_V5=4.814453125
ADC_V9=8.80584716796875
ADC_V12=11.859130859375
ADC_V28=27.3114013671875
THERMAL_SENS_OUT_1=32
THERMAL_SENS_OUT_2=-50
THERMAL_SENS_OUT_3=29
THERMAL_SENS_OUT_4=28
THERMAL_SENS_OUT_5=41
THERMAL_SENS_OUT_6=-50
THERMAL_SENS_INT_1=30
THERMAL_SENS_INT_2=28
PG_5=1
PG_9=0
PG_12=1
FLT_P2=0
FLT_P3=0
HEAT_1_TEMP=32
HEAT_1_DUTY=0
HEAT_1_SP=-20.0
HEAT_2_TEMP=29
HEAT_2_DUTY=0
HEAT_2_SP=-20.0
HEAT_3_TEMP=28
HEAT_3_DUTY=0
HEAT_3_SP=-20.0
HEAT_4_TEMP=41
HEAT_4_DUTY=0
HEAT_4_SP=-20.0

[22:14:39.486 EBOX]
TS=1786202979.038
V_SENSE5=1.15478515625
V_SENSE9=0.0341796875
V_SENSE12=0.1220703125
ADC_V5=4.9560546875
ADC_V9=9.41650390625
ADC_V12=11.90338134765625
ADC_V28=28.16986083984375
THERMAL_SENS_OUT_1=28
THERMAL_SENS_OUT_2=-50
THERMAL_SENS_OUT_3=28
THERMAL_SENS_OUT_4=32
THERMAL_SENS_OUT_5=36
THERMAL_SENS_OUT_6=-50
THERMAL_SENS_INT_1=24
THERMAL_SENS_INT_2=31
PG_5=1
PG_9=0
PG_12=1
FLT_P2=0
FLT_P3=0
HEAT_1_TEMP=28
HEAT_1_DUTY=0
HEAT_1_SP=-20.0
HEAT_2_TEMP=28
HEAT_2_DUTY=0
HEAT_2_SP=-20.0
HEAT_3_TEMP=32
HEAT_3_DUTY=0
HEAT_3_SP=-20.0
HEAT_4_TEMP=36
HEAT_4_DUTY=0
HEAT_4_SP=-20.0

[22:14:39.502 CUBESAT]
TS=1786204745.865
PG_5=1
PG_9=0
PG_12=0
FLT_P2=0
FLT_P3=0
HEAT_1_TEMP=0.0
HEAT_1_DUTY=0
HEAT_1_SP=-20.0
ENC_RAW=2247
ENC_ANGLE=49.37255859375
ENC_ACCUM=183.9990234375
AUTO_STOP=1
MOTOR_ANGLE=0.007616279069767442
MOTOR_ACCUM=167.97273255813954
MOTOR_ROT=321
TS=1786204746.366
PG_5=1
PG_9=0
PG_12=0
FLT_P2=0
FLT_P3=0
HEAT_1_TEMP=0.0
HEAT_1_DUTY=0
HEAT_1_SP=-20.0
ENC_RAW=2119
ENC_ANGLE=46.56005859375
ENC_ACCUM=181.1865234375
AUTO_STOP=1
MOTOR_ANGLE=0.008749999999999999
MOTOR_ACCUM=165.35758720930232
MOTOR_ROT=316
TS=1786204746.868
PG_5=1
PG_9=0
PG_12=0
FLT_P2=0
FLT_P3=0
HEAT_1_TEMP=0.0
HEAT_1_DUTY=0
HEAT_1_SP=-20.0
ENC_RAW=1929
ENC_ANGLE=42.38525390625
ENC_ACCUM=177.01171875
AUTO_STOP=1
MOTOR_ANGLE=0.006468023255813954
MOTOR_ACCUM=161.6925145348837
MOTOR_ROT=309
TS=1786204747.370
PG_5=1
PG_9=0
PG_12=0
FLT_P2=0
FLT_P3=0
HEAT_1_TEMP=0.0
HEAT_1_DUTY=0
HEAT_1_SP=-20.0
ENC_RAW=1803
ENC_ANGLE=39.61669921875
ENC_ACCUM=174.2431640625
AUTO_STOP=1
MOTOR_ANGLE=0.007223837209302325
MOTOR_ACCUM=159.07699127906977
MOTOR_ROT=304
TS=1786204747.872
PG_5=1
PG_9=0
PG_12=0
FLT_P2=0
FLT_P3=0
HEAT_1_TEMP=0.0
HEAT_1_DUTY=0
HEAT_1_SP=-20.0
ENC_RAW=1612
ENC_ANGLE=35.419921875
ENC_ACCUM=170.04638671875
AUTO_STOP=1
MOTOR_ANGLE=0.004941860465116279
MOTOR_ACCUM=155.41191860465116
MOTOR_ROT=297

[22:14:39.708 CUBESAT]
TS=1786204748.374
PG_5=1
PG_9=0
PG_12=0
FLT_P2=0
FLT_P3=0
HEAT_1_TEMP=0.0
HEAT_1_DUTY=10
HEAT_1_SP=-20.0
ENC_RAW=1481
ENC_ANGLE=32.54150390625
ENC_ACCUM=167.16796875
AUTO_STOP=1
MOTOR_ANGLE=0.006090116279069768
MOTOR_ACCUM=152.79678779069766
MOTOR_ROT=292

[22:14:39.917 EBOX]
TS=1786202979.539
V_SENSE5=1.2255859375
V_SENSE9=0.03662109375
V_SENSE12=0.1025390625
ADC_V5=4.849853515625
ADC_V9=9.3280029296875
ADC_V12=11.575927734375
ADC_V28=27.95745849609375
THERMAL_SENS_OUT_1=33
THERMAL_SENS_OUT_2=-50
THERMAL_SENS_OUT_3=26
THERMAL_SENS_OUT_4=26
THERMAL_SENS_OUT_5=37
THERMAL_SENS_OUT_6=-50
THERMAL_SENS_INT_1=27
THERMAL_SENS_INT_2=26
PG_5=1
PG_9=0
PG_12=1
FLT_P2=0
FLT_P3=0
HEAT_1_TEMP=33
HEAT_1_DUTY=0
HEAT_1_SP=-20.0
HEAT_2_TEMP=26
HEAT_2_DUTY=0
HEAT_2_SP=-20.0
HEAT_3_TEMP=26
HEAT_3_DUTY=0
HEAT_3_SP=-20.0
HEAT_4_TEMP=37
HEAT_4_DUTY=0
HEAT_4_SP=-20.0

[22:14:40.123 CUBESAT]
TS=1786204748.876
PG_5=1
PG_9=0
PG_12=0
FLT_P2=0
FLT_P3=0
HEAT_1_TEMP=0.0
HEAT_1_DUTY=10
HEAT_1_SP=-20.0
ENC_RAW=1289
ENC_ANGLE=28.32275390625
ENC_ACCUM=162.94921875
AUTO_STOP=1
MOTOR_ANGLE=0.0030377906976744185
MOTOR_ACCUM=149.13094476744186
MOTOR_ROT=285

[22:14:40.412 EBOX]
TS=1786202980.040
V_SENSE5=1.21826171875
V_SENSE9=0.0390625
V_SENSE12=0.0927734375
ADC_V5=4.96490478515625
ADC_V9=9.0447998046875
ADC_V12=11.7352294921875
ADC_V28=27.9840087890625
THERMAL_SENS_OUT_1=27
THERMAL_SENS_OUT_2=-50
THERMAL_SENS_OUT_3=24
THERMAL_SENS_OUT_4=29
THERMAL_SENS_OUT_5=36
THERMAL_SENS_OUT_6=-50
THERMAL_SENS_INT_1=25
THERMAL_SENS_INT_2=30
PG_5=1
PG_9=0
PG_12=1
FLT_P2=0
FLT_P3=0
HEAT_1_TEMP=27
HEAT_1_DUTY=0
HEAT_1_SP=-20.0
HEAT_2_TEMP=24
HEAT_2_DUTY=0
HEAT_2_SP=-20.0
HEAT_3_TEMP=29
HEAT_3_DUTY=0
HEAT_3_SP=-20.0
HEAT_4_TEMP=36
HEAT_4_DUTY=0
HEAT_4_SP=-20.0

[22:14:40.719 CUBESAT]
TS=1786204749.378
PG_5=1
PG_9=0
PG_12=0
FLT_P2=0
FLT_P3=0
HEAT_1_TEMP=0.0
HEAT_1_DUTY=0
HEAT_1_SP=-20.0
ENC_RAW=1162
ENC_ANGLE=25.5322265625
ENC_ACCUM=160.15869140625
AUTO_STOP=1
MOTOR_ANGLE=0.004563953488372094
MOTOR_ACCUM=146.5161918604651
MOTOR_ROT=280

[22:14:40.944 EBOX]
TS=1786202980.549
V_SENSE5=1.15234375
V_SENSE9=0.0390625
V_SENSE12=0.1171875
ADC_V5=5.01800537109375
ADC_V9=8.98284912109375
ADC_V12=11.82373046875
ADC_V28=28.214111328125
THERMAL_SENS_OUT_1=33
THERMAL_SENS_OUT_2=-50
THERMAL_SENS_OUT_3=30
THERMAL_SENS_OUT_4=27
THERMAL_SENS_OUT_5=39
THERMAL_SENS_OUT_6=-50
THERMAL_SENS_INT_1=26
THERMAL_SENS_INT_2=26
PG_5=1
PG_9=0
PG_12=1
FLT_P2=0
FLT_P3=0
HEAT_1_TEMP=33
HEAT_1_DUTY=0
HEAT_1_SP=-20.0
HEAT_2_TEMP=30
HEAT_2_DUTY=0
HEAT_2_SP=-20.0
HEAT_3_TEMP=27
HEAT_3_DUTY=0
HEAT_3_SP=-20.0
HEAT_4_TEMP=39
HEAT_4_DUTY=0
HEAT_4_SP=-20.0

[22:14:45.102 CUBESAT]
TS=1786204749.879
PG_5=1
PG_9=0
PG_12=0
FLT_P2=0
FLT_P3=0
HEAT_1_TEMP=0.0
HEAT_1_DUTY=0
HEAT_1_SP=-20.0
ENC_RAW=972
ENC_ANGLE=21.357421875
ENC_ACCUM=155.98388671875
AUTO_STOP=1
MOTOR_ANGLE=0.0015261627906976744
MOTOR_ACCUM=142.85036337209303
MOTOR_ROT=273
TS=1786204750.381
PG_5=1
PG_9=0
PG_12=0
FLT_P2=0
FLT_P3=0
HEAT_1_TEMP=0.0
HEAT_1_DUTY=0
HEAT_1_SP=-20.0
ENC_RAW=840
ENC_ANGLE=18.45703125
ENC_ACCUM=153.08349609375
AUTO_STOP=1
MOTOR_ANGLE=0.0026598837209302327
MOTOR_ACCUM=140.2352180232558
MOTOR_ROT=268

[22:14:45.258 EBOX]
TS=1786202981.045
V_SENSE5=1.24755859375
V_SENSE9=0.0341796875
V_SENSE12=0.10986328125
ADC_V5=5.08880615234375
ADC_V9=8.99169921875
ADC_V12=11.9122314453125
ADC_V28=27.37335205078125
THERMAL_SENS_OUT_1=28
THERMAL_SENS_OUT_2=-50
THERMAL_SENS_OUT_3=25
THERMAL_SENS_OUT_4=32
THERMAL_SENS_OUT_5=38
THERMAL_SENS_OUT_6=-50
THERMAL_SENS_INT_1=26
THERMAL_SENS_INT_2=29
PG_5=1
PG_9=0
PG_12=1
FLT_P2=0
FLT_P3=0
HEAT_1_TEMP=28
HEAT_1_DUTY=0
HEAT_1_SP=-20.0
HEAT_2_TEMP=25
HEAT_2_DUTY=0
HEAT_2_SP=-20.0
HEAT_3_TEMP=32
HEAT_3_DUTY=0
HEAT_3_SP=-20.0
HEAT_4_TEMP=38
HEAT_4_DUTY=0
HEAT_4_SP=-20.0
TS=1786202981.548
V_SENSE5=1.19873046875
V_SENSE9=0.03662109375
V_SENSE12=0.12939453125
ADC_V5=4.849853515625
ADC_V9=8.885498046875
ADC_V12=11.65557861328125
ADC_V28=27.60345458984375
THERMAL_SENS_OUT_1=32
THERMAL_SENS_OUT_2=-50
THERMAL_SENS_OUT_3=28
THERMAL_SENS_OUT_4=32
THERMAL_SENS_OUT_5=38
THERMAL_SENS_OUT_6=-50
THERMAL_SENS_INT_1=25
THERMAL_SENS_INT_2=27
PG_5=1
PG_9=0
PG_12=1
FLT_P2=0
FLT_P3=0
HEAT_1_TEMP=32
HEAT_1_DUTY=0
HEAT_1_SP=-20.0
HEAT_2_TEMP=28
HEAT_2_DUTY=0
HEAT_2_SP=-20.0
HEAT_3_TEMP=32
HEAT_3_DUTY=0
HEAT_3_SP=-20.0
HEAT_4_TEMP=38
HEAT_4_DUTY=0
HEAT_4_SP=-20.0

[22:14:47.591 CUBESAT]
TS=1786204750.883
PG_5=1
PG_9=0
PG_12=0
FLT_P2=0
FLT_P3=0
HEAT_1_TEMP=0.0
HEAT_1_DUTY=0
HEAT_1_SP=-20.0
ENC_RAW=650
ENC_ANGLE=14.2822265625
ENC_ACCUM=148.90869140625
AUTO_STOP=1
MOTOR_ANGLE=0.0003779069767441861
MOTOR_ACCUM=136.5701453488372
MOTOR_ROT=261
TS=1786204751.385
PG_5=1
PG_9=0
PG_12=0
FLT_P2=0
FLT_P3=0
HEAT_1_TEMP=0.0
HEAT_1_DUTY=0
HEAT_1_SP=-20.0
ENC_RAW=519
ENC_ANGLE=11.40380859375
ENC_ACCUM=146.0302734375
AUTO_STOP=1
MOTOR_ANGLE=0.0007558139534883722
MOTOR_ACCUM=133.9542441860465
MOTOR_ROT=256
TS=1786204751.887
PG_5=1
PG_9=0
PG_12=0
FLT_P2=0
FLT_P3=0
HEAT_1_TEMP=0.0
HEAT_1_DUTY=0
HEAT_1_SP=-20.0
ENC_RAW=328
ENC_ANGLE=7.20703125
ENC_ACCUM=141.83349609375
AUTO_STOP=1
MOTOR_ANGLE=0.007223837209302325
MOTOR_ACCUM=129.7746656976744
MOTOR_ROT=248
TS=1786204752.389
PG_5=1
PG_9=0
PG_12=0
FLT_P2=0
FLT_P3=0
HEAT_1_TEMP=0.0
HEAT_1_DUTY=0
HEAT_1_SP=-20.0
ENC_RAW=201
ENC_ANGLE=4.41650390625
ENC_ACCUM=139.04296875
AUTO_STOP=1
MOTOR_ANGLE=0.0
MOTOR_ACCUM=127.67441860465117
MOTOR_ROT=244
TS=1786204752.891
PG_5=1
PG_9=0
PG_12=0
FLT_P2=0
FLT_P3=0
HEAT_1_TEMP=0.0
HEAT_1_DUTY=0
HEAT_1_SP=-20.0
ENC_RAW=6
ENC_ANGLE=0.1318359375
ENC_ACCUM=134.75830078125
AUTO_STOP=1
MOTOR_ANGLE=0.0057122093023255814
MOTOR_ACCUM=123.49408430232558
MOTOR_ROT=236
TS=1786204753.392
PG_5=1
PG_9=0
PG_12=0
FLT_P2=0
FLT_P3=0
HEAT_1_TEMP=0.0
HEAT_1_DUTY=0
HEAT_1_SP=-20.0
ENC_RAW=16264
ENC_ANGLE=357.36328125
ENC_ACCUM=131.98974609375
AUTO_STOP=1
MOTOR_ANGLE=0.007223837209302325
MOTOR_ACCUM=120.87931686046512
MOTOR_ROT=231
TS=1786204753.894
PG_5=1
PG_9=0
PG_12=0
FLT_P2=0
FLT_P3=0
HEAT_1_TEMP=0.0
HEAT_1_DUTY=0
HEAT_1_SP=-20.0
ENC_RAW=16072
ENC_ANGLE=353.14453125
ENC_ACCUM=127.77099609375
AUTO_STOP=1
MOTOR_ANGLE=0.004941860465116279
MOTOR_ACCUM=117.2142441860465
MOTOR_ROT=224
TS=1786204754.396
PG_5=1
PG_9=0
PG_12=0
FLT_P2=0
FLT_P3=0
HEAT_1_TEMP=0.0
HEAT_1_DUTY=10
HEAT_1_SP=-20.0
ENC_RAW=15946
ENC_ANGLE=350.3759765625
ENC_ACCUM=125.00244140625
AUTO_STOP=1
MOTOR_ANGLE=0.005334302325581395
MOTOR_ACCUM=114.59835755813953
MOTOR_ROT=219

[22:14:47.932 EBOX]
TS=1786202982.063
V_SENSE5=1.17431640625
V_SENSE9=0.03662109375
V_SENSE12=0.10009765625
ADC_V5=4.82330322265625
ADC_V9=9.31915283203125
ADC_V12=11.54052734375
ADC_V28=27.88665771484375
THERMAL_SENS_OUT_1=32
THERMAL_SENS_OUT_2=-50
THERMAL_SENS_OUT_3=29
THERMAL_SENS_OUT_4=27
THERMAL_SENS_OUT_5=40
THERMAL_SENS_OUT_6=-50
THERMAL_SENS_INT_1=27
THERMAL_SENS_INT_2=32
PG_5=1
PG_9=0
PG_12=1
FLT_P2=0
FLT_P3=0
HEAT_1_TEMP=32
HEAT_1_DUTY=0
HEAT_1_SP=-20.0
HEAT_2_TEMP=29
HEAT_2_DUTY=0
HEAT_2_SP=-20.0
HEAT_3_TEMP=27
HEAT_3_DUTY=0
HEAT_3_SP=-20.0
HEAT_4_TEMP=40
HEAT_4_DUTY=0
HEAT_4_SP=-20.0
TS=1786202982.565
V_SENSE5=1.142578125
V_SENSE9=0.0390625
V_SENSE12=0.14892578125
ADC_V5=4.9560546875
ADC_V9=9.08905029296875
ADC_V12=11.9122314453125
ADC_V28=27.44415283203125
THERMAL_SENS_OUT_1=32
THERMAL_SENS_OUT_2=-50
THERMAL_SENS_OUT_3=28
THERMAL_SENS_OUT_4=30
THERMAL_SENS_OUT_5=39
THERMAL_SENS_OUT_6=-50
THERMAL_SENS_INT_1=28
THERMAL_SENS_INT_2=26
PG_5=1
PG_9=0
PG_12=1
FLT_P2=0
FLT_P3=0
HEAT_1_TEMP=32
HEAT_1_DUTY=0
HEAT_1_SP=-20.0
HEAT_2_TEMP=28
HEAT_2_DUTY=0
HEAT_2_SP=-20.0
HEAT_3_TEMP=30
HEAT_3_DUTY=0
HEAT_3_SP=-20.0
HEAT_4_TEMP=39
HEAT_4_DUTY=0
HEAT_4_SP=-20.0
TS=1786202982.974
V_SENSE5=1.17919921875
V_SENSE9=0.0341796875
V_SENSE12=0.1025390625
ADC_V5=4.98260498046875
ADC_V9=9.522705078125
ADC_V12=11.6644287109375
ADC_V28=27.05474853515625
THERMAL_SENS_OUT_1=32
THERMAL_SENS_OUT_2=-50
THERMAL_SENS_OUT_3=26
THERMAL_SENS_OUT_4=30
THERMAL_SENS_OUT_5=40
THERMAL_SENS_OUT_6=-50
THERMAL_SENS_INT_1=31
THERMAL_SENS_INT_2=29
PG_5=1
PG_9=0
PG_12=1
FLT_P2=0
FLT_P3=0
HEAT_1_TEMP=32
HEAT_1_DUTY=0
HEAT_1_SP=-20.0
HEAT_2_TEMP=26
HEAT_2_DUTY=0
HEAT_2_SP=-20.0
HEAT_3_TEMP=30
HEAT_3_DUTY=0
HEAT_3_SP=-20.0
HEAT_4_TEMP=40
HEAT_4_DUTY=0
HEAT_4_SP=-20.0
TS=1786202983.569
V_SENSE5=1.2646484375
V_SENSE9=0.0341796875
V_SENSE12=0.1025390625
ADC_V5=4.92950439453125
ADC_V9=8.885498046875
ADC_V12=11.6290283203125
ADC_V28=27.364501953125
THERMAL_SENS_OUT_1=30
THERMAL_SENS_OUT_2=-50
THERMAL_SENS_OUT_3=28
THERMAL_SENS_OUT_4=31
THERMAL_SENS_OUT_5=37
THERMAL_SENS_OUT_6=-50
THERMAL_SENS_INT_1=25
THERMAL_SENS_INT_2=32
PG_5=1
PG_9=0
PG_12=1
FLT_P2=0
FLT_P3=0
HEAT_1_TEMP=30
HEAT_1_DUTY=0
HEAT_1_SP=-20.0
HEAT_2_TEMP=28
HEAT_2_DUTY=0
HEAT_2_SP=-20.0
HEAT_3_TEMP=31
HEAT_3_DUTY=0
HEAT_3_SP=-20.0
HEAT_4_TEMP=37
HEAT_4_DUTY=0
HEAT_4_SP=-20.0
TS=1786202984.079
V_SENSE5=1.2109375
V_SENSE9=0.0390625
V_SENSE12=0.1025390625
ADC_V5=4.9383544921875
ADC_V9=9.38995361328125
ADC_V12=11.89453125
ADC_V28=27.647705078125
THERMAL_SENS_OUT_1=28
THERMAL_SENS_OUT_2=-50
THERMAL_SENS_OUT_3=28
THERMAL_SENS_OUT_4=26
THERMAL_SENS_OUT_5=38
THERMAL_SENS_OUT_6=-50
THERMAL_SENS_INT_1=26
THERMAL_SENS_INT_2=30
PG_5=1
PG_9=0
PG_12=1
FLT_P2=0
FLT_P3=0
HEAT_1_TEMP=28
HEAT_1_DUTY=0
HEAT_1_SP=-20.0
HEAT_2_TEMP=28
HEAT_2_DUTY=0
HEAT_2_SP=-20.0
HEAT_3_TEMP=26
HEAT_3_DUTY=0
HEAT_3_SP=-20.0
HEAT_4_TEMP=38
HEAT_4_DUTY=0
HEAT_4_SP=-20.0
TS=1786202984.578
V_SENSE5=1.220703125
V_SENSE9=0.0390625
V_SENSE12=0.1318359375
ADC_V5=4.8675537109375
ADC_V9=9.55810546875
ADC_V12=11.70867919921875
ADC_V28=28.13446044921875
THERMAL_SENS_OUT_1=31
THERMAL_SENS_OUT_2=-50
THERMAL_SENS_OUT_3=28
THERMAL_SENS_OUT_4=27
THERMAL_SENS_OUT_5=36
THERMAL_SENS_OUT_6=-50
THERMAL_SENS_INT_1=28
THERMAL_SENS_INT_2=26
PG_5=1
PG_9=0
PG_12=1
FLT_P2=0
FLT_P3=0
HEAT_1_TEMP=31
HEAT_1_DUTY=0
HEAT_1_SP=-20.0
HEAT_2_TEMP=28
HEAT_2_DUTY=0
HEAT_2_SP=-20.0
HEAT_3_TEMP=27
HEAT_3_DUTY=0
HEAT_3_SP=-20.0
HEAT_4_TEMP=36
HEAT_4_DUTY=0
HEAT_4_SP=-20.0
TS=1786202985.080
V_SENSE5=1.18896484375
V_SENSE9=0.0390625
V_SENSE12=0.12939453125
ADC_V5=4.92950439453125
ADC_V9=9.47845458984375
ADC_V12=11.788330078125
ADC_V28=27.46185302734375
THERMAL_SENS_OUT_1=26
THERMAL_SENS_OUT_2=-50
THERMAL_SENS_OUT_3=24
THERMAL_SENS_OUT_4=28
THERMAL_SENS_OUT_5=41
THERMAL_SENS_OUT_6=-50
THERMAL_SENS_INT_1=24
THERMAL_SENS_INT_2=27
PG_5=1
PG_9=0
PG_12=1
FLT_P2=0
FLT_P3=0
HEAT_1_TEMP=26
HEAT_1_DUTY=0
HEAT_1_SP=-20.0
HEAT_2_TEMP=24
HEAT_2_DUTY=0
HEAT_2_SP=-20.0
HEAT_3_TEMP=28
HEAT_3_DUTY=0
HEAT_3_SP=-20.0
HEAT_4_TEMP=41
HEAT_4_DUTY=0
HEAT_4_SP=-20.0
TS=1786202985.581
V_SENSE5=1.3720703125
V_SENSE9=0.0341796875
V_SENSE12=0.1318359375
ADC_V5=4.8675537109375
ADC_V9=9.37225341796875
ADC_V12=11.58477783203125
ADC_V28=27.96630859375
THERMAL_SENS_OUT_1=32
THERMAL_SENS_OUT_2=-50
THERMAL_SENS_OUT_3=29
THERMAL_SENS_OUT_4=27
THERMAL_SENS_OUT_5=40

[22:14:48.500 EBOX]
THERMAL_SENS_OUT_6=-50
THERMAL_SENS_INT_1=29
THERMAL_SENS_INT_2=26
PG_5=1
PG_9=0
PG_12=1
FLT_P2=0
FLT_P3=0
HEAT_1_TEMP=32
HEAT_1_DUTY=0
HEAT_1_SP=-20.0
HEAT_2_TEMP=29
HEAT_2_DUTY=0
HEAT_2_SP=-20.0
HEAT_3_TEMP=27
HEAT_3_DUTY=0
HEAT_3_SP=-20.0
HEAT_4_TEMP=40
HEAT_4_DUTY=0
HEAT_4_SP=-20.0
TS=1786202986.083
V_SENSE5=1.15966796875
V_SENSE9=0.03662109375
V_SENSE12=0.13671875
ADC_V5=4.991455078125
ADC_V9=9.44305419921875
ADC_V12=11.81488037109375
ADC_V28=27.24945068359375
THERMAL_SENS_OUT_1=28
THERMAL_SENS_OUT_2=-50
THERMAL_SENS_OUT_3=24
THERMAL_SENS_OUT_4=31
THERMAL_SENS_OUT_5=36
THERMAL_SENS_OUT_6=-50
THERMAL_SENS_INT_1=24
THERMAL_SENS_INT_2=27
PG_5=1
PG_9=0
PG_12=1
FLT_P2=0
FLT_P3=0
HEAT_1_TEMP=28
HEAT_1_DUTY=0
HEAT_1_SP=-20.0
HEAT_2_TEMP=24
HEAT_2_DUTY=0
HEAT_2_SP=-20.0
HEAT_3_TEMP=31
HEAT_3_DUTY=0
HEAT_3_SP=-20.0
HEAT_4_TEMP=36
HEAT_4_DUTY=0
HEAT_4_SP=-20.0
TS=1786202986.584
V_SENSE5=1.123046875
V_SENSE9=0.0341796875
V_SENSE12=0.12939453125
ADC_V5=4.85870361328125
ADC_V9=9.2926025390625
ADC_V12=11.611328125
ADC_V28=28.072509765625
THERMAL_SENS_OUT_1=31
THERMAL_SENS_OUT_2=-50
THERMAL_SENS_OUT_3=26
THERMAL_SENS_OUT_4=33
THERMAL_SENS_OUT_5=38
THERMAL_SENS_OUT_6=-50
THERMAL_SENS_INT_1=24
THERMAL_SENS_INT_2=28
PG_5=1
PG_9=0
PG_12=1
FLT_P2=0
FLT_P3=0
HEAT_1_TEMP=31
HEAT_1_DUTY=0
HEAT_1_SP=-20.0
HEAT_2_TEMP=26
HEAT_2_DUTY=0
HEAT_2_SP=-20.0
HEAT_3_TEMP=33
HEAT_3_DUTY=0
HEAT_3_SP=-20.0
HEAT_4_TEMP=38
HEAT_4_DUTY=0
HEAT_4_SP=-20.0

[22:14:48.507 CUBESAT]
TS=1786204754.898
PG_5=1
PG_9=0
PG_12=0
FLT_P2=0
FLT_P3=0
HEAT_1_TEMP=0.0
HEAT_1_DUTY=10
HEAT_1_SP=-20.0
ENC_RAW=15755
ENC_ANGLE=346.17919921875
ENC_ACCUM=120.8056640625
AUTO_STOP=1
MOTOR_ANGLE=0.0030377906976744185
MOTOR_ACCUM=110.9332703488372
MOTOR_ROT=212
TS=1786204755.400
PG_5=1
PG_9=0
PG_12=0
FLT_P2=0
FLT_P3=0
HEAT_1_TEMP=0.0
HEAT_1_DUTY=0
HEAT_1_SP=-20.0
ENC_RAW=15630
ENC_ANGLE=343.4326171875
ENC_ACCUM=118.05908203125
AUTO_STOP=1
MOTOR_ANGLE=0.004186046511627906
MOTOR_ACCUM=108.31813953488373
MOTOR_ROT=207
TS=1786204755.901
PG_5=1
PG_9=0
PG_12=0
FLT_P2=0
FLT_P3=0
HEAT_1_TEMP=0.0
HEAT_1_DUTY=0
HEAT_1_SP=-20.0
ENC_RAW=15436
ENC_ANGLE=339.169921875
ENC_ACCUM=113.79638671875
AUTO_STOP=1
MOTOR_ANGLE=0.0011482558139534885
MOTOR_ACCUM=104.65231104651161
MOTOR_ROT=200

[22:14:49.035 CUBESAT]
TS=1786204756.403
PG_5=1
PG_9=0
PG_12=0
FLT_P2=0
FLT_P3=0
HEAT_1_TEMP=0.0
HEAT_1_DUTY=0
HEAT_1_SP=-20.0
ENC_RAW=15313
ENC_ANGLE=336.46728515625
ENC_ACCUM=111.09375
AUTO_STOP=1
MOTOR_ANGLE=0.0026598837209302327
MOTOR_ACCUM=102.03754360465116
MOTOR_ROT=195
TS=1786204756.904
PG_5=1
PG_9=0
PG_12=0
FLT_P2=0
FLT_P3=0
HEAT_1_TEMP=0.0
HEAT_1_DUTY=0
HEAT_1_SP=-20.0
ENC_RAW=15122
ENC_ANGLE=332.2705078125
ENC_ACCUM=106.89697265625
AUTO_STOP=1
MOTOR_ANGLE=0.0
MOTOR_ACCUM=98.37209302325581
MOTOR_ROT=188

[22:14:49.541 CUBESAT]
TS=1786204757.406
PG_5=1
PG_9=0
PG_12=0
FLT_P2=0
FLT_P3=0
HEAT_1_TEMP=0.0
HEAT_1_DUTY=0
HEAT_1_SP=-20.0
ENC_RAW=14995
ENC_ANGLE=329.47998046875
ENC_ACCUM=104.1064453125
AUTO_STOP=1
MOTOR_ANGLE=0.0007558139534883722
MOTOR_ACCUM=95.75656976744186
MOTOR_ROT=183

[22:14:49.946 CUBESAT]
TS=1786204757.907
PG_5=1
PG_9=0
PG_12=0
FLT_P2=0
FLT_P3=0
HEAT_1_TEMP=0.0
HEAT_1_DUTY=0
HEAT_1_SP=-20.0
ENC_RAW=14807
ENC_ANGLE=325.34912109375
ENC_ACCUM=99.9755859375
AUTO_STOP=1
MOTOR_ANGLE=0.007616279069767442
MOTOR_ACCUM=91.57738372093023
MOTOR_ROT=175

[22:14:50.050 CUBESAT]
TS=1786204758.409
PG_5=1
PG_9=0
PG_12=0
FLT_P2=0
FLT_P3=0
HEAT_1_TEMP=0.0
HEAT_1_DUTY=0
HEAT_1_SP=-20.0
ENC_RAW=14679
ENC_ANGLE=322.53662109375
ENC_ACCUM=97.1630859375
AUTO_STOP=1
MOTOR_ANGLE=0.008749999999999999
MOTOR_ACCUM=88.96223837209301
MOTOR_ROT=170

[22:14:50.661 EBOX]
TS=1786202987.087
V_SENSE5=1.2939453125
V_SENSE9=0.03662109375
V_SENSE12=0.1416015625
ADC_V5=4.85870361328125
ADC_V9=9.0625
ADC_V12=11.88568115234375
ADC_V28=27.8955078125
THERMAL_SENS_OUT_1=32
THERMAL_SENS_OUT_2=-50
THERMAL_SENS_OUT_3=30
THERMAL_SENS_OUT_4=28
THERMAL_SENS_OUT_5=40
THERMAL_SENS_OUT_6=-50
THERMAL_SENS_INT_1=30
THERMAL_SENS_INT_2=28
PG_5=1
PG_9=0
PG_12=1
FLT_P2=0
FLT_P3=0
HEAT_1_TEMP=32
HEAT_1_DUTY=0
HEAT_1_SP=-20.0
HEAT_2_TEMP=30
HEAT_2_DUTY=0
HEAT_2_SP=-20.0
HEAT_3_TEMP=28
HEAT_3_DUTY=0
HEAT_3_SP=-20.0
HEAT_4_TEMP=40
HEAT_4_DUTY=0
HEAT_4_SP=-20.0

[22:14:50.887 EBOX]
TS=1786202987.502
V_SENSE5=1.11572265625
V_SENSE9=0.0439453125
V_SENSE12=0.11474609375
ADC_V5=4.991455078125
ADC_V9=9.44305419921875
ADC_V12=11.8768310546875
ADC_V28=27.3114013671875
THERMAL_SENS_OUT_1=32
THERMAL_SENS_OUT_2=-50
THERMAL_SENS_OUT_3=25
THERMAL_SENS_OUT_4=28
THERMAL_SENS_OUT_5=39
THERMAL_SENS_OUT_6=-50
THERMAL_SENS_INT_1=27
THERMAL_SENS_INT_2=32
PG_5=1
PG_9=0
PG_12=1
FLT_P2=0
FLT_P3=0
HEAT_1_TEMP=32
HEAT_1_DUTY=0
HEAT_1_SP=-20.0
HEAT_2_TEMP=25
HEAT_2_DUTY=0
HEAT_2_SP=-20.0
HEAT_3_TEMP=28
HEAT_3_DUTY=0
HEAT_3_SP=-20.0
HEAT_4_TEMP=39
HEAT_4_DUTY=0
HEAT_4_SP=-20.0
TS=1786202988.096
V_SENSE5=1.38427734375
V_SENSE9=0.0390625
V_SENSE12=0.1123046875
ADC_V5=4.91180419921875
ADC_V9=9.1510009765625
ADC_V12=11.72637939453125
ADC_V28=28.02825927734375
THERMAL_SENS_OUT_1=31
THERMAL_SENS_OUT_2=-50
THERMAL_SENS_OUT_3=29
THERMAL_SENS_OUT_4=28
THERMAL_SENS_OUT_5=41
THERMAL_SENS_OUT_6=-50
THERMAL_SENS_INT_1=26
THERMAL_SENS_INT_2=33
PG_5=1
PG_9=0
PG_12=1
FLT_P2=0
FLT_P3=0
HEAT_1_TEMP=31
HEAT_1_DUTY=0
HEAT_1_SP=-20.0
HEAT_2_TEMP=29
HEAT_2_DUTY=0
HEAT_2_SP=-20.0
HEAT_3_TEMP=28
HEAT_3_DUTY=0
HEAT_3_SP=-20.0
HEAT_4_TEMP=41
HEAT_4_DUTY=0
HEAT_4_SP=-20.0
TS=1786202988.595
V_SENSE5=1.1181640625
V_SENSE9=0.03662109375
V_SENSE12=0.1220703125
ADC_V5=5.0091552734375
ADC_V9=9.31915283203125
ADC_V12=11.89453125
ADC_V28=27.49725341796875
THERMAL_SENS_OUT_1=27
THERMAL_SENS_OUT_2=-50
THERMAL_SENS_OUT_3=26
THERMAL_SENS_OUT_4=33
THERMAL_SENS_OUT_5=38
THERMAL_SENS_OUT_6=-50
THERMAL_SENS_INT_1=27
THERMAL_SENS_INT_2=28
PG_5=1
PG_9=0
PG_12=1
FLT_P2=0
FLT_P3=0
HEAT_1_TEMP=27
HEAT_1_DUTY=0
HEAT_1_SP=-20.0
HEAT_2_TEMP=26
HEAT_2_DUTY=0
HEAT_2_SP=-20.0
HEAT_3_TEMP=33
HEAT_3_DUTY=0
HEAT_3_SP=-20.0
HEAT_4_TEMP=38
HEAT_4_DUTY=0
HEAT_4_SP=-20.0
TS=1786202989.100
V_SENSE5=1.1328125
V_SENSE9=0.03662109375
V_SENSE12=0.09765625
ADC_V5=4.85870361328125
ADC_V9=9.4342041015625
ADC_V12=11.54052734375
ADC_V28=27.8955078125
THERMAL_SENS_OUT_1=32
THERMAL_SENS_OUT_2=-50
THERMAL_SENS_OUT_3=28
THERMAL_SENS_OUT_4=26
THERMAL_SENS_OUT_5=39
THERMAL_SENS_OUT_6=-50
THERMAL_SENS_INT_1=26
THERMAL_SENS_INT_2=32
PG_5=1
PG_9=0
PG_12=1
FLT_P2=0
FLT_P3=0
HEAT_1_TEMP=32
HEAT_1_DUTY=0
HEAT_1_SP=-20.0
HEAT_2_TEMP=28
HEAT_2_DUTY=0
HEAT_2_SP=-20.0
HEAT_3_TEMP=26
HEAT_3_DUTY=0
HEAT_3_SP=-20.0
HEAT_4_TEMP=39
HEAT_4_DUTY=0
HEAT_4_SP=-20.0
TS=1786202989.602
V_SENSE5=1.142578125
V_SENSE9=0.0390625
V_SENSE12=0.1025390625
ADC_V5=4.8321533203125
ADC_V9=9.31915283203125
ADC_V12=11.611328125
ADC_V28=28.04595947265625
THERMAL_SENS_OUT_1=32
THERMAL_SENS_OUT_2=-50
THERMAL_SENS_OUT_3=29
THERMAL_SENS_OUT_4=27
THERMAL_SENS_OUT_5=40
THERMAL_SENS_OUT_6=-50
THERMAL_SENS_INT_1=31
THERMAL_SENS_INT_2=29
PG_5=1
PG_9=0
PG_12=1
FLT_P2=0
FLT_P3=0
HEAT_1_TEMP=32
HEAT_1_DUTY=0
HEAT_1_SP=-20.0
HEAT_2_TEMP=29
HEAT_2_DUTY=0
HEAT_2_SP=-20.0
HEAT_3_TEMP=27
HEAT_3_DUTY=0
HEAT_3_SP=-20.0
HEAT_4_TEMP=40
HEAT_4_DUTY=0
HEAT_4_SP=-20.0

[22:14:51.022 EBOX]
TS=1786202990.106
V_SENSE5=1.201171875
V_SENSE9=0.0390625
V_SENSE12=0.1171875
ADC_V5=4.849853515625
ADC_V9=9.3280029296875
ADC_V12=11.717529296875
ADC_V28=28.1610107421875
THERMAL_SENS_OUT_1=29
THERMAL_SENS_OUT_2=-50
THERMAL_SENS_OUT_3=29
THERMAL_SENS_OUT_4=27
THERMAL_SENS_OUT_5=40
THERMAL_SENS_OUT_6=-50
THERMAL_SENS_INT_1=29
THERMAL_SENS_INT_2=29
PG_5=1
PG_9=0
PG_12=1
FLT_P2=0
FLT_P3=0
HEAT_1_TEMP=29
HEAT_1_DUTY=0
HEAT_1_SP=-20.0
HEAT_2_TEMP=29
HEAT_2_DUTY=0
HEAT_2_SP=-20.0
HEAT_3_TEMP=27
HEAT_3_DUTY=0
HEAT_3_SP=-20.0
HEAT_4_TEMP=40
HEAT_4_DUTY=0
HEAT_4_SP=-20.0

[22:14:52.804 EBOX]
TS=1786202990.621
V_SENSE5=1.39404296875
V_SENSE9=0.03662109375
V_SENSE12=0.12939453125
ADC_V5=4.991455078125
ADC_V9=9.3988037109375
ADC_V12=11.74407958984375
ADC_V28=28.0902099609375
THERMAL_SENS_OUT_1=32
THERMAL_SENS_OUT_2=-50
THERMAL_SENS_OUT_3=26
THERMAL_SENS_OUT_4=32
THERMAL_SENS_OUT_5=38
THERMAL_SENS_OUT_6=-50
THERMAL_SENS_INT_1=28
THERMAL_SENS_INT_2=26
PG_5=1
PG_9=0
PG_12=1
FLT_P2=0
FLT_P3=0
HEAT_1_TEMP=32
HEAT_1_DUTY=0
HEAT_1_SP=-20.0
HEAT_2_TEMP=26
HEAT_2_DUTY=0
HEAT_2_SP=-20.0
HEAT_3_TEMP=32
HEAT_3_DUTY=0
HEAT_3_SP=-20.0
HEAT_4_TEMP=38
HEAT_4_DUTY=0
HEAT_4_SP=-20.0
TS=1786202991.121
V_SENSE5=1.14013671875
V_SENSE9=0.0537109375
V_SENSE12=0.09765625
ADC_V5=4.9029541015625
ADC_V9=9.62005615234375
ADC_V12=11.8414306640625
ADC_V28=27.2760009765625
THERMAL_SENS_OUT_1=28
THERMAL_SENS_OUT_2=-50
THERMAL_SENS_OUT_3=28
THERMAL_SENS_OUT_4=28
THERMAL_SENS_OUT_5=40
THERMAL_SENS_OUT_6=-50
THERMAL_SENS_INT_1=29
THERMAL_SENS_INT_2=26
PG_5=1
PG_9=0
PG_12=1
FLT_P2=0
FLT_P3=0
HEAT_1_TEMP=28
HEAT_1_DUTY=0
HEAT_1_SP=-20.0
HEAT_2_TEMP=28
HEAT_2_DUTY=0
HEAT_2_SP=-20.0
HEAT_3_TEMP=28
HEAT_3_DUTY=0
HEAT_3_SP=-20.0
HEAT_4_TEMP=40
HEAT_4_DUTY=0
HEAT_4_SP=-20.0
TS=1786202991.623
V_SENSE5=1.40380859375
V_SENSE9=0.03662109375
V_SENSE12=0.126953125
ADC_V5=4.9029541015625
ADC_V9=9.35455322265625
ADC_V12=11.82373046875
ADC_V28=28.01055908203125
THERMAL_SENS_OUT_1=32
THERMAL_SENS_OUT_2=-50
THERMAL_SENS_OUT_3=30
THERMAL_SENS_OUT_4=28
THERMAL_SENS_OUT_5=41
THERMAL_SENS_OUT_6=-50
THERMAL_SENS_INT_1=24
THERMAL_SENS_INT_2=28
PG_5=1
PG_9=0
PG_12=1
FLT_P2=0
FLT_P3=0
HEAT_1_TEMP=32
HEAT_1_DUTY=0
HEAT_1_SP=-20.0
HEAT_2_TEMP=30
HEAT_2_DUTY=0
HEAT_2_SP=-20.0
HEAT_3_TEMP=28
HEAT_3_DUTY=0
HEAT_3_SP=-20.0
HEAT_4_TEMP=41
HEAT_4_DUTY=0
HEAT_4_SP=-20.0

[22:14:54.045 CUBESAT]
TS=1786204758.911
PG_5=1
PG_9=0
PG_12=0
FLT_P2=0
FLT_P3=0
HEAT_1_TEMP=0.0
HEAT_1_DUTY=0
HEAT_1_SP=-20.0
ENC_RAW=14487
ENC_ANGLE=318.31787109375
ENC_ACCUM=92.9443359375
AUTO_STOP=1
MOTOR_ANGLE=0.005334302325581395
MOTOR_ACCUM=85.29603197674419
MOTOR_ROT=163
TS=1786204759.313
PG_5=1
PG_9=0
PG_12=0
FLT_P2=0
FLT_P3=0
HEAT_1_TEMP=0.0
HEAT_1_DUTY=10
HEAT_1_SP=-20.0
ENC_RAW=14363
ENC_ANGLE=315.59326171875
ENC_ACCUM=90.2197265625
AUTO_STOP=1
MOTOR_ANGLE=0.007223837209302325
MOTOR_ACCUM=82.68164244186046
MOTOR_ROT=158
TS=1786204759.916
PG_5=1
PG_9=0
PG_12=0
FLT_P2=0
FLT_P3=0
HEAT_1_TEMP=0.0
HEAT_1_DUTY=10
HEAT_1_SP=-20.0
ENC_RAW=14173
ENC_ANGLE=311.41845703125
ENC_ACCUM=86.044921875
AUTO_STOP=1
MOTOR_ANGLE=0.004186046511627906
MOTOR_ACCUM=79.01581395348836
MOTOR_ROT=151

[22:14:54.628 EBOX]
TS=1786202992.124
V_SENSE5=1.18896484375
V_SENSE9=0.0390625
V_SENSE12=0.09765625
ADC_V5=4.89410400390625
ADC_V9=9.42535400390625
ADC_V12=11.62017822265625
ADC_V28=28.01055908203125
THERMAL_SENS_OUT_1=33
THERMAL_SENS_OUT_2=-50
THERMAL_SENS_OUT_3=25
THERMAL_SENS_OUT_4=32
THERMAL_SENS_OUT_5=38
THERMAL_SENS_OUT_6=-50
THERMAL_SENS_INT_1=24
THERMAL_SENS_INT_2=27
PG_5=1
PG_9=0
PG_12=1
FLT_P2=0
FLT_P3=0
HEAT_1_TEMP=33
HEAT_1_DUTY=0
HEAT_1_SP=-20.0
HEAT_2_TEMP=25
HEAT_2_DUTY=0
HEAT_2_SP=-20.0
HEAT_3_TEMP=32
HEAT_3_DUTY=0
HEAT_3_SP=-20.0
HEAT_4_TEMP=38
HEAT_4_DUTY=0
HEAT_4_SP=-20.0
TS=1786202992.628
V_SENSE5=1.2451171875
V_SENSE9=0.0390625
V_SENSE12=0.126953125
ADC_V5=4.84100341796875
ADC_V9=9.27490234375
ADC_V12=11.575927734375
ADC_V28=27.96630859375
THERMAL_SENS_OUT_1=32
THERMAL_SENS_OUT_2=-50
THERMAL_SENS_OUT_3=27
THERMAL_SENS_OUT_4=26
THERMAL_SENS_OUT_5=39
THERMAL_SENS_OUT_6=-50
THERMAL_SENS_INT_1=25
THERMAL_SENS_INT_2=31
PG_5=1
PG_9=0
PG_12=1
FLT_P2=0
FLT_P3=0
HEAT_1_TEMP=32
HEAT_1_DUTY=0
HEAT_1_SP=-20.0
HEAT_2_TEMP=27
HEAT_2_DUTY=0
HEAT_2_SP=-20.0
HEAT_3_TEMP=26
HEAT_3_DUTY=0
HEAT_3_SP=-20.0
HEAT_4_TEMP=39
HEAT_4_DUTY=0
HEAT_4_SP=-20.0
TS=1786202993.131
V_SENSE5=1.396484375
V_SENSE9=0.04638671875
V_SENSE12=0.13427734375
ADC_V5=4.920654296875
ADC_V9=9.33685302734375
ADC_V12=11.60247802734375
ADC_V28=27.92205810546875
THERMAL_SENS_OUT_1=29
THERMAL_SENS_OUT_2=-50
THERMAL_SENS_OUT_3=25
THERMAL_SENS_OUT_4=30
THERMAL_SENS_OUT_5=37
THERMAL_SENS_OUT_6=-50
THERMAL_SENS_INT_1=27
THERMAL_SENS_INT_2=28
PG_5=1
PG_9=0
PG_12=1
FLT_P2=0
FLT_P3=0
HEAT_1_TEMP=29
HEAT_1_DUTY=0
HEAT_1_SP=-20.0
HEAT_2_TEMP=25
HEAT_2_DUTY=0
HEAT_2_SP=-20.0
HEAT_3_TEMP=30
HEAT_3_DUTY=0
HEAT_3_SP=-20.0
HEAT_4_TEMP=37
HEAT_4_DUTY=0
HEAT_4_SP=-20.0

[22:14:56.493 CUBESAT]
TS=1786204760.418
PG_5=1
PG_9=0
PG_12=0
FLT_P2=0
FLT_P3=0
HEAT_1_TEMP=0.0
HEAT_1_DUTY=0
HEAT_1_SP=-20.0
ENC_RAW=14046
ENC_ANGLE=308.6279296875
ENC_ACCUM=83.25439453125
AUTO_STOP=1
MOTOR_ANGLE=0.0011482558139534885
MOTOR_ACCUM=75.34998546511628
MOTOR_ROT=144
TS=1786204760.920
PG_5=1
PG_9=0
PG_12=0
FLT_P2=0
FLT_P3=0
HEAT_1_TEMP=0.0
HEAT_1_DUTY=0
HEAT_1_SP=-20.0
ENC_RAW=13862
ENC_ANGLE=304.5849609375
ENC_ACCUM=79.21142578125
AUTO_STOP=1
MOTOR_ANGLE=0.0026598837209302327
MOTOR_ACCUM=72.73521802325581
MOTOR_ROT=139
TS=1786204761.422
PG_5=1
PG_9=0
PG_12=0
FLT_P2=0
FLT_P3=0
HEAT_1_TEMP=0.0
HEAT_1_DUTY=0
HEAT_1_SP=-20.0
ENC_RAW=13733
ENC_ANGLE=301.75048828125
ENC_ACCUM=76.376953125
AUTO_STOP=1
MOTOR_ANGLE=0.008749999999999999
MOTOR_ACCUM=68.55526162790697
MOTOR_ROT=131
TS=1786204761.923
PG_5=1
PG_9=0
PG_12=0
FLT_P2=0
FLT_P3=0
HEAT_1_TEMP=0.0
HEAT_1_DUTY=0
HEAT_1_SP=-20.0
ENC_RAW=13545
ENC_ANGLE=297.61962890625
ENC_ACCUM=72.24609375
AUTO_STOP=1
MOTOR_ANGLE=0.0007558139534883722
MOTOR_ACCUM=66.45424418604651
MOTOR_ROT=127
TS=1786204762.425
PG_5=1
PG_9=0
PG_12=0
FLT_P2=0
FLT_P3=0
HEAT_1_TEMP=0.0
HEAT_1_DUTY=0
HEAT_1_SP=-20.0
ENC_RAW=13420
ENC_ANGLE=294.873046875
ENC_ACCUM=69.49951171875
AUTO_STOP=1
MOTOR_ANGLE=0.007616279069767442
MOTOR_ACCUM=62.27505813953488
MOTOR_ROT=119
TS=1786204762.927
PG_5=1
PG_9=0
PG_12=0
FLT_P2=0
FLT_P3=0
HEAT_1_TEMP=0.0
HEAT_1_DUTY=0
HEAT_1_SP=-20.0
ENC_RAW=13225
ENC_ANGLE=290.58837890625
ENC_ACCUM=65.21484375
AUTO_STOP=1
MOTOR_ANGLE=0.008372093023255813
MOTOR_ACCUM=59.65953488372093
MOTOR_ROT=114
TS=1786204763.429
PG_5=1
PG_9=0
PG_12=0
FLT_P2=0
FLT_P3=0
HEAT_1_TEMP=0.0
HEAT_1_DUTY=0
HEAT_1_SP=-20.0
ENC_RAW=13099
ENC_ANGLE=287.81982421875
ENC_ACCUM=62.4462890625
AUTO_STOP=1
MOTOR_ANGLE=0.005334302325581395
MOTOR_ACCUM=55.99370639534884
MOTOR_ROT=107
TS=1786204763.930
PG_5=1
PG_9=0
PG_12=0
FLT_P2=0
FLT_P3=0
HEAT_1_TEMP=0.0
HEAT_1_DUTY=0
HEAT_1_SP=-20.0
ENC_RAW=12913
ENC_ANGLE=283.73291015625
ENC_ACCUM=58.359375
AUTO_STOP=1
MOTOR_ANGLE=0.007223837209302325
MOTOR_ACCUM=53.37931686046512
MOTOR_ROT=102

[22:14:57.020 EBOX]
TS=1786202993.630
V_SENSE5=1.21826171875
V_SENSE9=0.0390625
V_SENSE12=0.11474609375
ADC_V5=4.87640380859375
ADC_V9=9.1864013671875
ADC_V12=11.611328125
ADC_V28=27.3822021484375
THERMAL_SENS_OUT_1=33
THERMAL_SENS_OUT_2=-50
THERMAL_SENS_OUT_3=28
THERMAL_SENS_OUT_4=31
THERMAL_SENS_OUT_5=37
THERMAL_SENS_OUT_6=-50
THERMAL_SENS_INT_1=26
THERMAL_SENS_INT_2=32
PG_5=1
PG_9=0
PG_12=1
FLT_P2=0
FLT_P3=0
HEAT_1_TEMP=33
HEAT_1_DUTY=0
HEAT_1_SP=-20.0
HEAT_2_TEMP=28
HEAT_2_DUTY=0
HEAT_2_SP=-20.0
HEAT_3_TEMP=31
HEAT_3_DUTY=0
HEAT_3_SP=-20.0
HEAT_4_TEMP=37
HEAT_4_DUTY=0
HEAT_4_SP=-20.0
TS=1786202994.045
V_SENSE5=1.1376953125
V_SENSE9=0.0390625
V_SENSE12=0.13427734375
ADC_V5=4.920654296875
ADC_V9=9.1864013671875
ADC_V12=11.7529296875
ADC_V28=28.08135986328125
THERMAL_SENS_OUT_1=32
THERMAL_SENS_OUT_2=-50
THERMAL_SENS_OUT_3=29
THERMAL_SENS_OUT_4=27
THERMAL_SENS_OUT_5=36
THERMAL_SENS_OUT_6=-50
THERMAL_SENS_INT_1=25
THERMAL_SENS_INT_2=26
PG_5=1
PG_9=0
PG_12=1
FLT_P2=0
FLT_P3=0
HEAT_1_TEMP=32
HEAT_1_DUTY=0
HEAT_1_SP=-20.0
HEAT_2_TEMP=29
HEAT_2_DUTY=0
HEAT_2_SP=-20.0
HEAT_3_TEMP=27
HEAT_3_DUTY=0
HEAT_3_SP=-20.0
HEAT_4_TEMP=36
HEAT_4_DUTY=0
HEAT_4_SP=-20.0
TS=1786202994.542
V_SENSE5=1.240234375
V_SENSE9=0.03662109375
V_SENSE12=0.12451171875
ADC_V5=4.94720458984375
ADC_V9=9.239501953125
ADC_V12=11.7352294921875
ADC_V28=27.86895751953125
THERMAL_SENS_OUT_1=29
THERMAL_SENS_OUT_2=-50
THERMAL_SENS_OUT_3=26
THERMAL_SENS_OUT_4=28
THERMAL_SENS_OUT_5=41
THERMAL_SENS_OUT_6=-50
THERMAL_SENS_INT_1=26
THERMAL_SENS_INT_2=29
PG_5=1
PG_9=0
PG_12=1
FLT_P2=0
FLT_P3=0
HEAT_1_TEMP=29
HEAT_1_DUTY=0
HEAT_1_SP=-20.0
HEAT_2_TEMP=26
HEAT_2_DUTY=0
HEAT_2_SP=-20.0
HEAT_3_TEMP=28
HEAT_3_DUTY=0
HEAT_3_SP=-20.0
HEAT_4_TEMP=41
HEAT_4_DUTY=0
HEAT_4_SP=-20.0
TS=1786202995.043
V_SENSE5=1.19384765625
V_SENSE9=0.0341796875
V_SENSE12=0.10009765625
ADC_V5=4.849853515625
ADC_V9=9.168701171875
ADC_V12=11.54052734375
ADC_V28=27.67425537109375
THERMAL_SENS_OUT_1=32
THERMAL_SENS_OUT_2=-50
THERMAL_SENS_OUT_3=26
THERMAL_SENS_OUT_4=33
THERMAL_SENS_OUT_5=38
THERMAL_SENS_OUT_6=-50
THERMAL_SENS_INT_1=26
THERMAL_SENS_INT_2=31
PG_5=1
PG_9=0
PG_12=1
FLT_P2=0
FLT_P3=0
HEAT_1_TEMP=32
HEAT_1_DUTY=0
HEAT_1_SP=-20.0
HEAT_2_TEMP=26
HEAT_2_DUTY=0
HEAT_2_SP=-20.0
HEAT_3_TEMP=33
HEAT_3_DUTY=0
HEAT_3_SP=-20.0
HEAT_4_TEMP=38
HEAT_4_DUTY=0
HEAT_4_SP=-20.0

[22:14:57.227 CUBESAT]
TS=1786204764.432
PG_5=1
PG_9=0
PG_12=0
FLT_P2=0
FLT_P3=0
HEAT_1_TEMP=0.0
HEAT_1_DUTY=10
HEAT_1_SP=-20.0
ENC_RAW=12782
ENC_ANGLE=280.8544921875
ENC_ACCUM=55.48095703125
AUTO_STOP=1
MOTOR_ANGLE=0.003808139534883721
MOTOR_ACCUM=49.71311046511628
MOTOR_ROT=95
TS=1786204764.934
PG_5=1
PG_9=0
PG_12=0
FLT_P2=0
FLT_P3=0
HEAT_1_TEMP=0.0
HEAT_1_DUTY=10
HEAT_1_SP=-20.0
ENC_RAW=12596
ENC_ANGLE=276.767578125
ENC_ACCUM=51.39404296875
AUTO_STOP=1
MOTOR_ANGLE=0.005334302325581395
MOTOR_ACCUM=47.09835755813953
MOTOR_ROT=90

[22:14:57.382 EBOX]
TS=1786202995.546
V_SENSE5=1.38671875
V_SENSE9=0.03173828125
V_SENSE12=0.107421875
ADC_V5=4.920654296875
ADC_V9=9.03594970703125
ADC_V12=11.54052734375
ADC_V28=27.96630859375
THERMAL_SENS_OUT_1=28
THERMAL_SENS_OUT_2=-50
THERMAL_SENS_OUT_3=28
THERMAL_SENS_OUT_4=27
THERMAL_SENS_OUT_5=38
THERMAL_SENS_OUT_6=-50
THERMAL_SENS_INT_1=25
THERMAL_SENS_INT_2=29
PG_5=1
PG_9=0
PG_12=1
FLT_P2=0
FLT_P3=0
HEAT_1_TEMP=28
HEAT_1_DUTY=0
HEAT_1_SP=-20.0
HEAT_2_TEMP=28
HEAT_2_DUTY=0
HEAT_2_SP=-20.0
HEAT_3_TEMP=27
HEAT_3_DUTY=0
HEAT_3_SP=-20.0
HEAT_4_TEMP=38
HEAT_4_DUTY=0
HEAT_4_SP=-20.0
TS=1786202996.048
V_SENSE5=1.201171875
V_SENSE9=0.0341796875
V_SENSE12=0.10009765625
ADC_V5=4.920654296875
ADC_V9=8.9739990234375
ADC_V12=11.575927734375
ADC_V28=28.02825927734375
THERMAL_SENS_OUT_1=32
THERMAL_SENS_OUT_2=-50
THERMAL_SENS_OUT_3=28
THERMAL_SENS_OUT_4=31
THERMAL_SENS_OUT_5=39
THERMAL_SENS_OUT_6=-50
THERMAL_SENS_INT_1=26
THERMAL_SENS_INT_2=30
PG_5=1
PG_9=0
PG_12=1
FLT_P2=0
FLT_P3=0
HEAT_1_TEMP=32
HEAT_1_DUTY=0
HEAT_1_SP=-20.0
HEAT_2_TEMP=28
HEAT_2_DUTY=0
HEAT_2_SP=-20.0
HEAT_3_TEMP=31
HEAT_3_DUTY=0
HEAT_3_SP=-20.0
HEAT_4_TEMP=39
HEAT_4_DUTY=0
HEAT_4_SP=-20.0

[22:15:00.839 CUBESAT]
TS=1786204765.436
PG_5=1
PG_9=0
PG_12=0
FLT_P2=0
FLT_P3=0
HEAT_1_TEMP=0.0
HEAT_1_DUTY=0
HEAT_1_SP=-20.0
ENC_RAW=12402
ENC_ANGLE=272.5048828125
ENC_ACCUM=47.13134765625
AUTO_STOP=1
MOTOR_ANGLE=0.0026598837209302327
MOTOR_ACCUM=43.43289244186047
MOTOR_ROT=83
TS=1786204765.937
PG_5=1
PG_9=0
PG_12=0
FLT_P2=0
FLT_P3=0
HEAT_1_TEMP=0.0
HEAT_1_DUTY=0
HEAT_1_SP=-20.0
ENC_RAW=12277
ENC_ANGLE=269.75830078125
ENC_ACCUM=44.384765625
AUTO_STOP=1
MOTOR_ANGLE=0.0030377906976744185
MOTOR_ACCUM=40.81699127906977
MOTOR_ROT=78
TS=1786204766.439
PG_5=1
PG_9=0
PG_12=0
FLT_P2=0
FLT_P3=0
HEAT_1_TEMP=0.0
HEAT_1_DUTY=0
HEAT_1_SP=-20.0
ENC_RAW=12088
ENC_ANGLE=265.60546875
ENC_ACCUM=40.23193359375
AUTO_STOP=1
MOTOR_ANGLE=0.0015261627906976744
MOTOR_ACCUM=37.15268895348837
MOTOR_ROT=71
TS=1786204766.941
PG_5=1
PG_9=0
PG_12=0
FLT_P2=0
FLT_P3=0
HEAT_1_TEMP=0.0
HEAT_1_DUTY=0
HEAT_1_SP=-20.0
ENC_RAW=11963
ENC_ANGLE=262.85888671875
ENC_ACCUM=37.4853515625
AUTO_STOP=1
MOTOR_ANGLE=0.0026598837209302327
MOTOR_ACCUM=34.53754360465116
MOTOR_ROT=66

[22:26:12.783 EBOX]
TS=1786200910.381
V_SENSE5=1.14990234375
V_SENSE9=0.0341796875
V_SENSE12=0.0927734375
ADC_V5=4.94720458984375
ADC_V9=9.46075439453125
ADC_V12=11.859130859375
ADC_V28=27.75390625
THERMAL_SENS_OUT_1=31
THERMAL_SENS_OUT_2=-50
THERMAL_SENS_OUT_3=24
THERMAL_SENS_OUT_4=25
THERMAL_SENS_OUT_5=30
THERMAL_SENS_OUT_6=-50
THERMAL_SENS_INT_1=24
THERMAL_SENS_INT_2=25
PG_5=0
PG_9=0
PG_12=0
FLT_P2=0
FLT_P3=0
HEAT_1_TEMP=31
HEAT_1_DUTY=0
HEAT_1_SP=-20.0
HEAT_2_TEMP=24
HEAT_2_DUTY=0
HEAT_2_SP=-20.0
HEAT_3_TEMP=25
HEAT_3_DUTY=0
HEAT_3_SP=-20.0
HEAT_4_TEMP=30
HEAT_4_DUTY=0
HEAT_4_SP=-20.0
MOTOR_ANGLE=-0.0003779069767441861
MOTOR_ACCUM=-0.0003779069767441861
MOTOR_ROT=0

[22:26:15.833 EBOX]
TS=1786200912.383
V_SENSE5=1.09375
V_SENSE9=0.06591796875
V_SENSE12=0.0927734375
ADC_V5=4.91180419921875
ADC_V9=9.47845458984375
ADC_V12=11.81488037109375
ADC_V28=28.001708984375
THERMAL_SENS_OUT_1=28
THERMAL_SENS_OUT_2=-50
THERMAL_SENS_OUT_3=25
THERMAL_SENS_OUT_4=28
THERMAL_SENS_OUT_5=32
THERMAL_SENS_OUT_6=-50
THERMAL_SENS_INT_1=24
THERMAL_SENS_INT_2=28
PG_5=0
PG_9=0
PG_12=0
FLT_P2=0
FLT_P3=0
HEAT_1_TEMP=28
HEAT_1_DUTY=0
HEAT_1_SP=-20.0
HEAT_2_TEMP=25
HEAT_2_DUTY=0
HEAT_2_SP=-20.0
HEAT_3_TEMP=28
HEAT_3_DUTY=0
HEAT_3_SP=-20.0
HEAT_4_TEMP=32
HEAT_4_DUTY=0
HEAT_4_SP=-20.0
MOTOR_ANGLE=-0.0003779069767441861
MOTOR_ACCUM=-0.0003779069767441861
MOTOR_ROT=0

[22:26:17.464 EBOX]
TS=1786200914.385
V_SENSE5=1.1279296875
V_SENSE9=0.04150390625
V_SENSE12=0.09033203125
ADC_V5=4.920654296875
ADC_V9=9.27490234375
ADC_V12=12.00958251953125
ADC_V28=28.143310546875
THERMAL_SENS_OUT_1=29
THERMAL_SENS_OUT_2=-50
THERMAL_SENS_OUT_3=28
THERMAL_SENS_OUT_4=25
THERMAL_SENS_OUT_5=34
THERMAL_SENS_OUT_6=-50
THERMAL_SENS_INT_1=27
THERMAL_SENS_INT_2=27
PG_5=0
PG_9=0
PG_12=0
FLT_P2=0
FLT_P3=0
HEAT_1_TEMP=29
HEAT_1_DUTY=0
HEAT_1_SP=-20.0
HEAT_2_TEMP=28
HEAT_2_DUTY=0
HEAT_2_SP=-20.0
HEAT_3_TEMP=25
HEAT_3_DUTY=0
HEAT_3_SP=-20.0
HEAT_4_TEMP=34
HEAT_4_DUTY=0
HEAT_4_SP=-20.0
MOTOR_ANGLE=-0.0003779069767441861
MOTOR_ACCUM=-0.0003779069767441861
MOTOR_ROT=0

[22:26:19.703 EBOX]
TS=1786200916.387
V_SENSE5=1.11328125
V_SENSE9=0.0341796875
V_SENSE12=0.08544921875
ADC_V5=4.87640380859375
ADC_V9=9.41650390625
ADC_V12=11.72637939453125
ADC_V28=28.01055908203125
THERMAL_SENS_OUT_1=30
THERMAL_SENS_OUT_2=-50
THERMAL_SENS_OUT_3=24
THERMAL_SENS_OUT_4=27
THERMAL_SENS_OUT_5=34
THERMAL_SENS_OUT_6=-50
THERMAL_SENS_INT_1=25
THERMAL_SENS_INT_2=24
PG_5=0
PG_9=0
PG_12=0
FLT_P2=0
FLT_P3=0
HEAT_1_TEMP=30
HEAT_1_DUTY=0
HEAT_1_SP=-20.0
HEAT_2_TEMP=24
HEAT_2_DUTY=0
HEAT_2_SP=-20.0
HEAT_3_TEMP=27
HEAT_3_DUTY=0
HEAT_3_SP=-20.0
HEAT_4_TEMP=34
HEAT_4_DUTY=0
HEAT_4_SP=-20.0
MOTOR_ANGLE=-0.0003779069767441861
MOTOR_ACCUM=-0.0003779069767441861
MOTOR_ROT=0

[22:26:19.923 EBOX]
TS=1786200916.387
V_SENSE5=1.11328125
V_SENSE9=0.0341796875
V_SENSE12=0.08544921875
ADC_V5=4.87640380859375
ADC_V9=9.41650390625
ADC_V12=11.72637939453125
ADC_V28=28.01055908203125
THERMAL_SENS_OUT_1=30
THERMAL_SENS_OUT_2=-50
THERMAL_SENS_OUT_3=24
THERMAL_SENS_OUT_4=27
THERMAL_SENS_OUT_5=34
THERMAL_SENS_OUT_6=-50
THERMAL_SENS_INT_1=25
THERMAL_SENS_INT_2=24
PG_5=0
PG_9=0
PG_12=0
FLT_P2=0
FLT_P3=0
HEAT_1_TEMP=30
HEAT_1_DUTY=0
HEAT_1_SP=-20.0
HEAT_2_TEMP=24
HEAT_2_DUTY=0
HEAT_2_SP=-20.0
HEAT_3_TEMP=27
HEAT_3_DUTY=0
HEAT_3_SP=-20.0
HEAT_4_TEMP=34
HEAT_4_DUTY=0
HEAT_4_SP=-20.0
MOTOR_ANGLE=-0.0003779069767441861
MOTOR_ACCUM=-0.0003779069767441861
MOTOR_ROT=0

[22:26:20.045 EBOX]
TS=1786200918.697
V_SENSE5=1.015625
V_SENSE9=0.06591796875
V_SENSE12=0.08056640625
ADC_V5=4.96490478515625
ADC_V9=8.69964599609375
ADC_V12=11.88568115234375
ADC_V28=27.4530029296875
THERMAL_SENS_OUT_1=26
THERMAL_SENS_OUT_2=-50
THERMAL_SENS_OUT_3=26
THERMAL_SENS_OUT_4=28
THERMAL_SENS_OUT_5=35
THERMAL_SENS_OUT_6=-50
THERMAL_SENS_INT_1=30
THERMAL_SENS_INT_2=27
PG_5=0
PG_9=0
PG_12=0
FLT_P2=0
FLT_P3=0
HEAT_1_TEMP=26
HEAT_1_DUTY=0
HEAT_1_SP=-20.0
HEAT_2_TEMP=26
HEAT_2_DUTY=0
HEAT_2_SP=-20.0
HEAT_3_TEMP=28
HEAT_3_DUTY=0
HEAT_3_SP=-20.0
HEAT_4_TEMP=35
HEAT_4_DUTY=0
HEAT_4_SP=-20.0
MOTOR_ANGLE=-0.0003779069767441861
MOTOR_ACCUM=-0.0003779069767441861
MOTOR_ROT=0

[22:26:20.270 EBOX]
TS=1786200919.193
V_SENSE5=1.28662109375
V_SENSE9=0.06591796875
V_SENSE12=0.08056640625
ADC_V5=4.91180419921875
ADC_V9=8.814697265625
ADC_V12=11.83258056640625
ADC_V28=27.81585693359375
THERMAL_SENS_OUT_1=25
THERMAL_SENS_OUT_2=-50
THERMAL_SENS_OUT_3=25
THERMAL_SENS_OUT_4=28
THERMAL_SENS_OUT_5=29
THERMAL_SENS_OUT_6=-50
THERMAL_SENS_INT_1=29
THERMAL_SENS_INT_2=27
PG_5=0
PG_9=0
PG_12=0
FLT_P2=0
FLT_P3=0
HEAT_1_TEMP=25
HEAT_1_DUTY=0
HEAT_1_SP=-20.0
HEAT_2_TEMP=25
HEAT_2_DUTY=0
HEAT_2_SP=-20.0
HEAT_3_TEMP=28
HEAT_3_DUTY=0
HEAT_3_SP=-20.0
HEAT_4_TEMP=29
HEAT_4_DUTY=0
HEAT_4_SP=-20.0
MOTOR_ANGLE=-0.0003779069767441861
MOTOR_ACCUM=-0.0003779069767441861
MOTOR_ROT=0

[22:26:20.797 EBOX]
TS=1786200919.693
V_SENSE5=1.14501953125
V_SENSE9=0.07568359375
V_SENSE12=0.087890625
ADC_V5=4.9737548828125
ADC_V9=9.03594970703125
ADC_V12=11.70867919921875
ADC_V28=27.860107421875
THERMAL_SENS_OUT_1=27
THERMAL_SENS_OUT_2=-50
THERMAL_SENS_OUT_3=27
THERMAL_SENS_OUT_4=27
THERMAL_SENS_OUT_5=29
THERMAL_SENS_OUT_6=-50
THERMAL_SENS_INT_1=24
THERMAL_SENS_INT_2=27
PG_5=0
PG_9=0
PG_12=0
FLT_P2=0
FLT_P3=0
HEAT_1_TEMP=27
HEAT_1_DUTY=0
HEAT_1_SP=-20.0
HEAT_2_TEMP=27
HEAT_2_DUTY=0
HEAT_2_SP=-20.0
HEAT_3_TEMP=27
HEAT_3_DUTY=0
HEAT_3_SP=-20.0
HEAT_4_TEMP=29
HEAT_4_DUTY=0
HEAT_4_SP=-20.0
MOTOR_ANGLE=-0.0003779069767441861
MOTOR_ACCUM=-0.0003779069767441861
MOTOR_ROT=0

[22:26:21.321 EBOX]
TS=1786200920.194
V_SENSE5=1.1474609375
V_SENSE9=0.03662109375
V_SENSE12=0.0927734375
ADC_V5=5.0091552734375
ADC_V9=8.70849609375
ADC_V12=11.82373046875
ADC_V28=27.3822021484375
THERMAL_SENS_OUT_1=26
THERMAL_SENS_OUT_2=-50
THERMAL_SENS_OUT_3=24
THERMAL_SENS_OUT_4=26
THERMAL_SENS_OUT_5=33
THERMAL_SENS_OUT_6=-50
THERMAL_SENS_INT_1=29
THERMAL_SENS_INT_2=25
PG_5=0
PG_9=0
PG_12=0
FLT_P2=0
FLT_P3=0
HEAT_1_TEMP=26
HEAT_1_DUTY=0
HEAT_1_SP=-20.0
HEAT_2_TEMP=24
HEAT_2_DUTY=0
HEAT_2_SP=-20.0
HEAT_3_TEMP=26
HEAT_3_DUTY=0
HEAT_3_SP=-20.0
HEAT_4_TEMP=33
HEAT_4_DUTY=0
HEAT_4_SP=-20.0
MOTOR_ANGLE=-0.0003779069767441861
MOTOR_ACCUM=-0.0003779069767441861
MOTOR_ROT=0

[22:26:21.746 EBOX]
TS=1786200920.695
V_SENSE5=1.11572265625
V_SENSE9=0.0341796875
V_SENSE12=0.087890625
ADC_V5=4.96490478515625
ADC_V9=8.68194580078125
ADC_V12=11.7529296875
ADC_V28=27.5946044921875
THERMAL_SENS_OUT_1=26
THERMAL_SENS_OUT_2=-50
THERMAL_SENS_OUT_3=26
THERMAL_SENS_OUT_4=25
THERMAL_SENS_OUT_5=31
THERMAL_SENS_OUT_6=-50
THERMAL_SENS_INT_1=27
THERMAL_SENS_INT_2=27
PG_5=0
PG_9=0
PG_12=0
FLT_P2=0
FLT_P3=0
HEAT_1_TEMP=26
HEAT_1_DUTY=0
HEAT_1_SP=-20.0
HEAT_2_TEMP=26
HEAT_2_DUTY=0
HEAT_2_SP=-20.0
HEAT_3_TEMP=25
HEAT_3_DUTY=0
HEAT_3_SP=-20.0
HEAT_4_TEMP=31
HEAT_4_DUTY=0
HEAT_4_SP=-20.0
MOTOR_ANGLE=-0.0003779069767441861
MOTOR_ACCUM=-0.0003779069767441861
MOTOR_ROT=0

[22:26:22.273 EBOX]
TS=1786200921.201
V_SENSE5=1.03515625
V_SENSE9=0.0341796875
V_SENSE12=0.08544921875
ADC_V5=4.9737548828125
ADC_V9=9.56695556640625
ADC_V12=11.97418212890625
ADC_V28=27.44415283203125
THERMAL_SENS_OUT_1=29
THERMAL_SENS_OUT_2=-50
THERMAL_SENS_OUT_3=27
THERMAL_SENS_OUT_4=28
THERMAL_SENS_OUT_5=32
THERMAL_SENS_OUT_6=-50
THERMAL_SENS_INT_1=27
THERMAL_SENS_INT_2=28
PG_5=0
PG_9=0
PG_12=0
FLT_P2=0
FLT_P3=0
HEAT_1_TEMP=29
HEAT_1_DUTY=0
HEAT_1_SP=-20.0
HEAT_2_TEMP=27
HEAT_2_DUTY=0
HEAT_2_SP=-20.0
HEAT_3_TEMP=28
HEAT_3_DUTY=0
HEAT_3_SP=-20.0
HEAT_4_TEMP=32
HEAT_4_DUTY=0
HEAT_4_SP=-20.0
MOTOR_ANGLE=-0.0003779069767441861
MOTOR_ACCUM=-0.0003779069767441861
MOTOR_ROT=0

[22:26:22.796 EBOX]
TS=1786200921.704
V_SENSE5=1.0693359375
V_SENSE9=0.0341796875
V_SENSE12=0.09033203125
ADC_V5=4.96490478515625
ADC_V9=9.23065185546875
ADC_V12=11.6998291015625
ADC_V28=28.1256103515625
THERMAL_SENS_OUT_1=28
THERMAL_SENS_OUT_2=-50
THERMAL_SENS_OUT_3=27
THERMAL_SENS_OUT_4=25
THERMAL_SENS_OUT_5=31
THERMAL_SENS_OUT_6=-50
THERMAL_SENS_INT_1=24
THERMAL_SENS_INT_2=32
PG_5=0
PG_9=0
PG_12=0
FLT_P2=0
FLT_P3=0
HEAT_1_TEMP=28
HEAT_1_DUTY=0
HEAT_1_SP=-20.0
HEAT_2_TEMP=27
HEAT_2_DUTY=0
HEAT_2_SP=-20.0
HEAT_3_TEMP=25
HEAT_3_DUTY=0
HEAT_3_SP=-20.0
HEAT_4_TEMP=31
HEAT_4_DUTY=0
HEAT_4_SP=-20.0
MOTOR_ANGLE=-0.0003779069767441861
MOTOR_ACCUM=-0.0003779069767441861
MOTOR_ROT=0

[22:26:23.321 EBOX]
TS=1786200922.202
V_SENSE5=1.1962890625
V_SENSE9=0.0390625
V_SENSE12=0.087890625
ADC_V5=4.92950439453125
ADC_V9=9.33685302734375
ADC_V12=11.8768310546875
ADC_V28=28.24066162109375
THERMAL_SENS_OUT_1=28
THERMAL_SENS_OUT_2=-50
THERMAL_SENS_OUT_3=24
THERMAL_SENS_OUT_4=29
THERMAL_SENS_OUT_5=34
THERMAL_SENS_OUT_6=-50
THERMAL_SENS_INT_1=28
THERMAL_SENS_INT_2=29
PG_5=0
PG_9=0
PG_12=0
FLT_P2=0
FLT_P3=0
HEAT_1_TEMP=28
HEAT_1_DUTY=0
HEAT_1_SP=-20.0
HEAT_2_TEMP=24
HEAT_2_DUTY=0
HEAT_2_SP=-20.0
HEAT_3_TEMP=29
HEAT_3_DUTY=0
HEAT_3_SP=-20.0
HEAT_4_TEMP=34
HEAT_4_DUTY=0
HEAT_4_SP=-20.0
MOTOR_ANGLE=-0.0003779069767441861
MOTOR_ACCUM=-0.0003779069767441861
MOTOR_ROT=0

[22:26:23.743 EBOX]
TS=1786200922.701
V_SENSE5=1.11083984375
V_SENSE9=0.0341796875
V_SENSE12=0.08056640625
ADC_V5=4.8321533203125
ADC_V9=9.4873046875
ADC_V12=11.54052734375
ADC_V28=27.8778076171875
THERMAL_SENS_OUT_1=31
THERMAL_SENS_OUT_2=-50
THERMAL_SENS_OUT_3=29
THERMAL_SENS_OUT_4=26
THERMAL_SENS_OUT_5=28
THERMAL_SENS_OUT_6=-50
THERMAL_SENS_INT_1=24
THERMAL_SENS_INT_2=27
PG_5=0
PG_9=0
PG_12=0
FLT_P2=0
FLT_P3=0
HEAT_1_TEMP=31
HEAT_1_DUTY=0
HEAT_1_SP=-20.0
HEAT_2_TEMP=29
HEAT_2_DUTY=0
HEAT_2_SP=-20.0
HEAT_3_TEMP=26
HEAT_3_DUTY=0
HEAT_3_SP=-20.0
HEAT_4_TEMP=28
HEAT_4_DUTY=0
HEAT_4_SP=-20.0
MOTOR_ANGLE=-0.0003779069767441861
MOTOR_ACCUM=-0.0003779069767441861
MOTOR_ROT=0

[22:26:24.267 EBOX]
TS=1786200923.203
V_SENSE5=1.1279296875
V_SENSE9=0.0341796875
V_SENSE12=0.0830078125
ADC_V5=4.849853515625
ADC_V9=9.3280029296875
ADC_V12=11.6998291015625
ADC_V28=27.68310546875
THERMAL_SENS_OUT_1=31
THERMAL_SENS_OUT_2=-50
THERMAL_SENS_OUT_3=25
THERMAL_SENS_OUT_4=28
THERMAL_SENS_OUT_5=33
THERMAL_SENS_OUT_6=-50
THERMAL_SENS_INT_1=27
THERMAL_SENS_INT_2=30
PG_5=0
PG_9=0
PG_12=0
FLT_P2=0
FLT_P3=0
HEAT_1_TEMP=31
HEAT_1_DUTY=0
HEAT_1_SP=-20.0
HEAT_2_TEMP=25
HEAT_2_DUTY=0
HEAT_2_SP=-20.0
HEAT_3_TEMP=28
HEAT_3_DUTY=0
HEAT_3_SP=-20.0
HEAT_4_TEMP=33
HEAT_4_DUTY=0
HEAT_4_SP=-20.0
MOTOR_ANGLE=-0.0003779069767441861
MOTOR_ACCUM=-0.0003779069767441861
MOTOR_ROT=0

[22:26:24.802 EBOX]
TS=1786200923.706
V_SENSE5=1.19384765625
V_SENSE9=0.0390625
V_SENSE12=0.087890625
ADC_V5=4.9029541015625
ADC_V9=9.46075439453125
ADC_V12=11.6290283203125
ADC_V28=27.9132080078125
THERMAL_SENS_OUT_1=26
THERMAL_SENS_OUT_2=-50
THERMAL_SENS_OUT_3=28
THERMAL_SENS_OUT_4=25
THERMAL_SENS_OUT_5=33
THERMAL_SENS_OUT_6=-50
THERMAL_SENS_INT_1=25
THERMAL_SENS_INT_2=29
PG_5=0
PG_9=0
PG_12=0
FLT_P2=0
FLT_P3=0
HEAT_1_TEMP=26
HEAT_1_DUTY=0
HEAT_1_SP=-20.0
HEAT_2_TEMP=28
HEAT_2_DUTY=0
HEAT_2_SP=-20.0
HEAT_3_TEMP=25
HEAT_3_DUTY=0
HEAT_3_SP=-20.0
HEAT_4_TEMP=33
HEAT_4_DUTY=0
HEAT_4_SP=-20.0
MOTOR_ANGLE=-0.0003779069767441861
MOTOR_ACCUM=-0.0003779069767441861
MOTOR_ROT=0

[22:26:25.428 EBOX]
TS=1786200924.213
V_SENSE5=1.02783203125
V_SENSE9=0.0390625
V_SENSE12=0.087890625
ADC_V5=5.0091552734375
ADC_V9=9.27490234375
ADC_V12=11.86798095703125
ADC_V28=27.0635986328125
THERMAL_SENS_OUT_1=31
THERMAL_SENS_OUT_2=-50
THERMAL_SENS_OUT_3=26
THERMAL_SENS_OUT_4=31
THERMAL_SENS_OUT_5=29
THERMAL_SENS_OUT_6=-50
THERMAL_SENS_INT_1=29
THERMAL_SENS_INT_2=26
PG_5=0
PG_9=0
PG_12=0
FLT_P2=0
FLT_P3=0
HEAT_1_TEMP=31
HEAT_1_DUTY=0
HEAT_1_SP=-20.0
HEAT_2_TEMP=26
HEAT_2_DUTY=0
HEAT_2_SP=-20.0
HEAT_3_TEMP=31
HEAT_3_DUTY=0
HEAT_3_SP=-20.0
HEAT_4_TEMP=29
HEAT_4_DUTY=0
HEAT_4_SP=-20.0
MOTOR_ANGLE=-0.0003779069767441861
MOTOR_ACCUM=-0.0003779069767441861
MOTOR_ROT=0

[22:26:26.455 EBOX]
TS=1786200924.716
V_SENSE5=1.0791015625
V_SENSE9=0.0341796875
V_SENSE12=0.08056640625
ADC_V5=4.84100341796875
ADC_V9=9.3988037109375
ADC_V12=11.79718017578125
ADC_V28=28.22296142578125
THERMAL_SENS_OUT_1=27
THERMAL_SENS_OUT_2=-50
THERMAL_SENS_OUT_3=29
THERMAL_SENS_OUT_4=27
THERMAL_SENS_OUT_5=35
THERMAL_SENS_OUT_6=-50
THERMAL_SENS_INT_1=29
THERMAL_SENS_INT_2=27
PG_5=0
PG_9=0
PG_12=0
FLT_P2=0
FLT_P3=0
HEAT_1_TEMP=27
HEAT_1_DUTY=0
HEAT_1_SP=-20.0
HEAT_2_TEMP=29
HEAT_2_DUTY=0
HEAT_2_SP=-20.0
HEAT_3_TEMP=27
HEAT_3_DUTY=0
HEAT_3_SP=-20.0
HEAT_4_TEMP=35
HEAT_4_DUTY=0
HEAT_4_SP=-20.0
MOTOR_ANGLE=-0.0003779069767441861
MOTOR_ACCUM=-0.0003779069767441861
MOTOR_ROT=0

[22:26:27.382 EBOX]
TS=1786200925.217
V_SENSE5=1.0693359375
V_SENSE9=0.03662109375
V_SENSE12=0.08056640625
ADC_V5=4.98260498046875
ADC_V9=9.28375244140625
ADC_V12=11.929931640625
ADC_V28=28.24066162109375
THERMAL_SENS_OUT_1=28
THERMAL_SENS_OUT_2=-50
THERMAL_SENS_OUT_3=24
THERMAL_SENS_OUT_4=28
THERMAL_SENS_OUT_5=31
THERMAL_SENS_OUT_6=-50
THERMAL_SENS_INT_1=24
THERMAL_SENS_INT_2=26
PG_5=0
PG_9=0
PG_12=0
FLT_P2=0
FLT_P3=0
HEAT_1_TEMP=28
HEAT_1_DUTY=0
HEAT_1_SP=-20.0
HEAT_2_TEMP=24
HEAT_2_DUTY=0
HEAT_2_SP=-20.0
HEAT_3_TEMP=28
HEAT_3_DUTY=0
HEAT_3_SP=-20.0
HEAT_4_TEMP=31
HEAT_4_DUTY=0
HEAT_4_SP=-20.0
MOTOR_ANGLE=-0.0003779069767441861
MOTOR_ACCUM=-0.0003779069767441861
MOTOR_ROT=0

[22:26:27.537 EBOX]
TS=1786200925.712
V_SENSE5=1.1962890625
V_SENSE9=0.03173828125
V_SENSE12=0.0927734375
ADC_V5=4.8675537109375
ADC_V9=9.33685302734375
ADC_V12=11.70867919921875
ADC_V28=27.35565185546875
THERMAL_SENS_OUT_1=25
THERMAL_SENS_OUT_2=-50
THERMAL_SENS_OUT_3=28
THERMAL_SENS_OUT_4=28
THERMAL_SENS_OUT_5=29
THERMAL_SENS_OUT_6=-50
THERMAL_SENS_INT_1=25
THERMAL_SENS_INT_2=28
PG_5=0
PG_9=0
PG_12=0
FLT_P2=0
FLT_P3=0
HEAT_1_TEMP=25
HEAT_1_DUTY=0
HEAT_1_SP=-20.0
HEAT_2_TEMP=28
HEAT_2_DUTY=0
HEAT_2_SP=-20.0
HEAT_3_TEMP=28
HEAT_3_DUTY=0
HEAT_3_SP=-20.0
HEAT_4_TEMP=29
HEAT_4_DUTY=0
HEAT_4_SP=-20.0
MOTOR_ANGLE=-0.0003779069767441861
MOTOR_ACCUM=-0.0003779069767441861
MOTOR_ROT=0

[22:27:02.449 CUBESAT]
TS=1786202290.393
V_SENSE5=159.99755859375
V_SENSE9=159.99755859375
V_SENSE12=159.99755859375
ADC_V5=579.9911499023438
ADC_V9=579.9911499023438
ADC_V12=579.9911499023438
ADC_V28=579.9911499023438
THERMAL_SENS_OUT_1=-50
THERMAL_SENS_OUT_2=-50
THERMAL_SENS_OUT_3=-50
THERMAL_SENS_OUT_4=-50
THERMAL_SENS_OUT_5=-50
THERMAL_SENS_OUT_6=-50
THERMAL_SENS_INT_1=-50
THERMAL_SENS_INT_2=-50
PG_5=1
PG_9=0
PG_12=0
FLT_P2=0
FLT_P3=0
HEAT_1_TEMP=-50
HEAT_1_DUTY=0
HEAT_1_SP=-20.0
HEAT_2_TEMP=-50
HEAT_2_DUTY=0
HEAT_2_SP=-20.0
HEAT_3_TEMP=-50
HEAT_3_DUTY=10
HEAT_3_SP=-20.0
HEAT_4_TEMP=-50
HEAT_4_DUTY=0
HEAT_4_SP=-20.0
MOTOR_ANGLE=0.0015261627906976744
MOTOR_ACCUM=0.0015261627906976744
MOTOR_ROT=0

[22:27:04.831 CUBESAT]
TS=1786202292.405
V_SENSE5=159.99755859375
V_SENSE9=159.99755859375
V_SENSE12=159.99755859375
ADC_V5=579.9911499023438
ADC_V9=579.9911499023438
ADC_V12=579.9911499023438
ADC_V28=579.9911499023438
THERMAL_SENS_OUT_1=-50
THERMAL_SENS_OUT_2=-50
THERMAL_SENS_OUT_3=-50
THERMAL_SENS_OUT_4=-50
THERMAL_SENS_OUT_5=-50
THERMAL_SENS_OUT_6=-50
THERMAL_SENS_INT_1=-50
THERMAL_SENS_INT_2=-50
PG_5=1
PG_9=0
PG_12=0
FLT_P2=0
FLT_P3=0
HEAT_1_TEMP=-50
HEAT_1_DUTY=10
HEAT_1_SP=-20.0
HEAT_2_TEMP=-50
HEAT_2_DUTY=0
HEAT_2_SP=-20.0
HEAT_3_TEMP=-50
HEAT_3_DUTY=0
HEAT_3_SP=-20.0
HEAT_4_TEMP=-50
HEAT_4_DUTY=0
HEAT_4_SP=-20.0
MOTOR_ANGLE=0.0015261627906976744
MOTOR_ACCUM=0.0015261627906976744
MOTOR_ROT=0

[22:27:06.747 CUBESAT]
TS=1786202294.397
V_SENSE5=159.99755859375
V_SENSE9=159.99755859375
V_SENSE12=159.99755859375
ADC_V5=579.9911499023438
ADC_V9=579.9911499023438
ADC_V12=579.9911499023438
ADC_V28=579.9911499023438
THERMAL_SENS_OUT_1=-50
THERMAL_SENS_OUT_2=-50
THERMAL_SENS_OUT_3=-50
THERMAL_SENS_OUT_4=-50
THERMAL_SENS_OUT_5=-50
THERMAL_SENS_OUT_6=-50
THERMAL_SENS_INT_1=-50
THERMAL_SENS_INT_2=-50
PG_5=1
PG_9=0
PG_12=0
FLT_P2=0
FLT_P3=0
HEAT_1_TEMP=-50
HEAT_1_DUTY=0
HEAT_1_SP=-20.0
HEAT_2_TEMP=-50
HEAT_2_DUTY=0
HEAT_2_SP=-20.0
HEAT_3_TEMP=-50
HEAT_3_DUTY=10
HEAT_3_SP=-20.0
HEAT_4_TEMP=-50
HEAT_4_DUTY=0
HEAT_4_SP=-20.0
MOTOR_ANGLE=0.0015261627906976744
MOTOR_ACCUM=0.0015261627906976744
MOTOR_ROT=0

[22:27:08.905 CUBESAT]
TS=1786202296.407
V_SENSE5=159.99755859375
V_SENSE9=159.99755859375
V_SENSE12=159.99755859375
ADC_V5=579.9911499023438
ADC_V9=579.9911499023438
ADC_V12=579.9911499023438
ADC_V28=579.9911499023438
THERMAL_SENS_OUT_1=-50
THERMAL_SENS_OUT_2=-50
THERMAL_SENS_OUT_3=-50
THERMAL_SENS_OUT_4=-50
THERMAL_SENS_OUT_5=-50
THERMAL_SENS_OUT_6=-50
THERMAL_SENS_INT_1=-50
THERMAL_SENS_INT_2=-50
PG_5=1
PG_9=0
PG_12=0
FLT_P2=0
FLT_P3=0
HEAT_1_TEMP=-50
HEAT_1_DUTY=10
HEAT_1_SP=-20.0
HEAT_2_TEMP=-50
HEAT_2_DUTY=0
HEAT_2_SP=-20.0
HEAT_3_TEMP=-50
HEAT_3_DUTY=0
HEAT_3_SP=-20.0
HEAT_4_TEMP=-50
HEAT_4_DUTY=0
HEAT_4_SP=-20.0
MOTOR_ANGLE=0.0015261627906976744
MOTOR_ACCUM=0.0015261627906976744
MOTOR_ROT=0

[22:27:10.321 CUBESAT]
TS=1786202298.401
V_SENSE5=159.99755859375
V_SENSE9=159.99755859375
V_SENSE12=159.99755859375
ADC_V5=579.9911499023438
ADC_V9=579.9911499023438
ADC_V12=579.9911499023438
ADC_V28=579.9911499023438
THERMAL_SENS_OUT_1=-50
THERMAL_SENS_OUT_2=-50
THERMAL_SENS_OUT_3=-50
THERMAL_SENS_OUT_4=-50
THERMAL_SENS_OUT_5=-50
THERMAL_SENS_OUT_6=-50
THERMAL_SENS_INT_1=-50
THERMAL_SENS_INT_2=-50
PG_5=1
PG_9=0
PG_12=0
FLT_P2=0
FLT_P3=0
HEAT_1_TEMP=-50
HEAT_1_DUTY=0
HEAT_1_SP=-20.0
HEAT_2_TEMP=-50
HEAT_2_DUTY=0
HEAT_2_SP=-20.0
HEAT_3_TEMP=-50
HEAT_3_DUTY=10
HEAT_3_SP=-20.0
HEAT_4_TEMP=-50
HEAT_4_DUTY=0
HEAT_4_SP=-20.0
MOTOR_ANGLE=0.0015261627906976744
MOTOR_ACCUM=0.0015261627906976744
MOTOR_ROT=0

[22:27:28.496 CUBESAT]
TS=1786202300.412
V_SENSE5=159.99755859375
V_SENSE9=159.99755859375
V_SENSE12=159.99755859375
ADC_V5=579.9911499023438
ADC_V9=579.9911499023438
ADC_V12=579.9911499023438
ADC_V28=579.9911499023438
THERMAL_SENS_OUT_1=-50
THERMAL_SENS_OUT_2=-50
THERMAL_SENS_OUT_3=-50
THERMAL_SENS_OUT_4=-50
THERMAL_SENS_OUT_5=-50
THERMAL_SENS_OUT_6=-50
THERMAL_SENS_INT_1=-50
THERMAL_SENS_INT_2=-50
PG_5=1
PG_9=0
PG_12=0
FLT_P2=0
FLT_P3=0
HEAT_1_TEMP=-50
HEAT_1_DUTY=10
HEAT_1_SP=-20.0
HEAT_2_TEMP=-50
HEAT_2_DUTY=0
HEAT_2_SP=-20.0
HEAT_3_TEMP=-50
HEAT_3_DUTY=0
HEAT_3_SP=-20.0
HEAT_4_TEMP=-50
HEAT_4_DUTY=0
HEAT_4_SP=-20.0
MOTOR_ANGLE=0.0015261627906976744
MOTOR_ACCUM=0.0015261627906976744
MOTOR_ROT=0
TS=1786202302.401
V_SENSE5=159.99755859375
V_SENSE9=159.99755859375
V_SENSE12=159.99755859375
ADC_V5=579.9911499023438
ADC_V9=579.9911499023438
ADC_V12=579.9911499023438
ADC_V28=579.9911499023438
THERMAL_SENS_OUT_1=-50
THERMAL_SENS_OUT_2=-50
THERMAL_SENS_OUT_3=-50
THERMAL_SENS_OUT_4=-50
THERMAL_SENS_OUT_5=-50
THERMAL_SENS_OUT_6=-50
THERMAL_SENS_INT_1=-50
THERMAL_SENS_INT_2=-50
PG_5=1
PG_9=0
PG_12=0
FLT_P2=0
FLT_P3=0
HEAT_1_TEMP=-50
HEAT_1_DUTY=0
HEAT_1_SP=-20.0
HEAT_2_TEMP=-50
HEAT_2_DUTY=0
HEAT_2_SP=-20.0
HEAT_3_TEMP=-50
HEAT_3_DUTY=10
HEAT_3_SP=-20.0
HEAT_4_TEMP=-50
HEAT_4_DUTY=0
HEAT_4_SP=-20.0
MOTOR_ANGLE=0.0015261627906976744
MOTOR_ACCUM=0.0015261627906976744
MOTOR_ROT=0

[22:27:36.240 CUBESAT]
TS=1786202304.404
V_SENSE5=159.99755859375
V_SENSE9=159.99755859375
V_SENSE12=159.99755859375
ADC_V5=579.9911499023438
ADC_V9=579.9911499023438
ADC_V12=579.9911499023438
ADC_V28=579.9911499023438
THERMAL_SENS_OUT_1=-50
THERMAL_SENS_OUT_2=-50
THERMAL_SENS_OUT_3=-50
THERMAL_SENS_OUT_4=-50
THERMAL_SENS_OUT_5=-50
THERMAL_SENS_OUT_6=-50
THERMAL_SENS_INT_1=-50
THERMAL_SENS_INT_2=-50
PG_5=1
PG_9=0
PG_12=0
FLT_P2=0
FLT_P3=0
HEAT_1_TEMP=-50
HEAT_1_DUTY=10
HEAT_1_SP=-20.0
HEAT_2_TEMP=-50
HEAT_2_DUTY=0
HEAT_2_SP=-20.0
HEAT_3_TEMP=-50
HEAT_3_DUTY=0
HEAT_3_SP=-20.0
HEAT_4_TEMP=-50
HEAT_4_DUTY=0
HEAT_4_SP=-20.0
MOTOR_ANGLE=0.0015261627906976744
MOTOR_ACCUM=0.0015261627906976744
MOTOR_ROT=0
TS=1786202306.415
V_SENSE5=159.99755859375
V_SENSE9=159.99755859375
V_SENSE12=159.99755859375
ADC_V5=579.9911499023438
ADC_V9=579.9911499023438
ADC_V12=579.9911499023438
ADC_V28=579.9911499023438
THERMAL_SENS_OUT_1=-50
THERMAL_SENS_OUT_2=-50
THERMAL_SENS_OUT_3=-50
THERMAL_SENS_OUT_4=-50
THERMAL_SENS_OUT_5=-50
THERMAL_SENS_OUT_6=-50
THERMAL_SENS_INT_1=-50
THERMAL_SENS_INT_2=-50
PG_5=1
PG_9=0
PG_12=0
FLT_P2=0
FLT_P3=0
HEAT_1_TEMP=-50
HEAT_1_DUTY=0
HEAT_1_SP=-20.0
HEAT_2_TEMP=-50
HEAT_2_DUTY=0
HEAT_2_SP=-20.0
HEAT_3_TEMP=-50
HEAT_3_DUTY=10
HEAT_3_SP=-20.0
HEAT_4_TEMP=-50
HEAT_4_DUTY=0
HEAT_4_SP=-20.0
MOTOR_ANGLE=0.0015261627906976744
MOTOR_ACCUM=0.0015261627906976744
MOTOR_ROT=0
TS=1786202308.408
V_SENSE5=159.99755859375
V_SENSE9=159.99755859375

[22:27:37.079 CUBESAT]
V_SENSE12=159.99755859375
ADC_V5=579.9911499023438
ADC_V9=579.9911499023438
ADC_V12=579.9911499023438
ADC_V28=579.9911499023438
THERMAL_SENS_OUT_1=-50
THERMAL_SENS_OUT_2=-50
THERMAL_SENS_OUT_3=-50
THERMAL_SENS_OUT_4=-50
THERMAL_SENS_OUT_5=-50
THERMAL_SENS_OUT_6=-50
THERMAL_SENS_INT_1=-50
THERMAL_SENS_INT_2=-50
PG_5=1
PG_9=0
PG_12=0
FLT_P2=0
FLT_P3=0
HEAT_1_TEMP=-50
HEAT_1_DUTY=10
HEAT_1_SP=-20.0
HEAT_2_TEMP=-50
HEAT_2_DUTY=0
HEAT_2_SP=-20.0
HEAT_3_TEMP=-50
HEAT_3_DUTY=0
HEAT_3_SP=-20.0
HEAT_4_TEMP=-50
HEAT_4_DUTY=0
HEAT_4_SP=-20.0
MOTOR_ANGLE=0.0015261627906976744
MOTOR_ACCUM=0.0015261627906976744
MOTOR_ROT=0
TS=1786202310.421
V_SENSE5=159.99755859375
V_SENSE9=159.99755859375
V_SENSE12=159.99755859375
ADC_V5=579.9911499023438
ADC_V9=579.9911499023438
ADC_V12=579.9911499023438
ADC_V28=579.9911499023438
THERMAL_SENS_OUT_1=-50
THERMAL_SENS_OUT_2=-50
THERMAL_SENS_OUT_3=-50
THERMAL_SENS_OUT_4=-50
THERMAL_SENS_OUT_5=-50
THERMAL_SENS_OUT_6=-50
THERMAL_SENS_INT_1=-50
THERMAL_SENS_INT_2=-50
PG_5=1
PG_9=0
PG_12=0
FLT_P2=0
FLT_P3=0
HEAT_1_TEMP=-50
HEAT_1_DUTY=0
HEAT_1_SP=-20.0
HEAT_2_TEMP=-50
HEAT_2_DUTY=0
HEAT_2_SP=-20.0
HEAT_3_TEMP=-50
HEAT_3_DUTY=10
HEAT_3_SP=-20.0
HEAT_4_TEMP=-50
HEAT_4_DUTY=0
HEAT_4_SP=-20.0
MOTOR_ANGLE=0.0015261627906976744
MOTOR_ACCUM=0.0015261627906976744
MOTOR_ROT=0
TS=1786202312.423
V_SENSE5=159.99755859375
V_SENSE9=159.99755859375
V_SENSE12=159.99755859375
ADC_V5=579.9911499023438
ADC_V9=579.9911499023438
ADC_V12=579.9911499023438
ADC_V28=579.9911499023438
THERMAL_SENS_OUT_1=-50
THERMAL_SENS_OUT_2=-50
THERMAL_SENS_OUT_3=-50
THERMAL_SENS_OUT_4=-50
THERMAL_SENS_OUT_5=-50
THERMAL_SENS_OUT_6=-50
THERMAL_SENS_INT_1=-50
THERMAL_SENS_INT_2=-50
PG_5=1
PG_9=0
PG_12=0
FLT_P2=0
FLT_P3=0
HEAT_1_TEMP=-50
HEAT_1_DUTY=10
HEAT_1_SP=-20.0
HEAT_2_TEMP=-50
HEAT_2_DUTY=0
HEAT_2_SP=-20.0
HEAT_3_TEMP=-50
HEAT_3_DUTY=0
HEAT_3_SP=-20.0
HEAT_4_TEMP=-50
HEAT_4_DUTY=0
HEAT_4_SP=-20.0
MOTOR_ANGLE=0.0015261627906976744
MOTOR_ACCUM=0.0015261627906976744
MOTOR_ROT=0
TS=1786202314.414
V_SENSE5=159.99755859375
V_SENSE9=159.99755859375
V_SENSE12=159.99755859375
ADC_V5=579.9911499023438
ADC_V9=579.9911499023438
ADC_V12=579.9911499023438
ADC_V28=579.9911499023438
THERMAL_SENS_OUT_1=-50
THERMAL_SENS_OUT_2=-50
THERMAL_SENS_OUT_3=-50
THERMAL_SENS_OUT_4=-50
THERMAL_SENS_OUT_5=-50
THERMAL_SENS_OUT_6=-50
THERMAL_SENS_INT_1=-50
THERMAL_SENS_INT_2=-50
PG_5=1
PG_9=0
PG_12=0
FLT_P2=0
FLT_P3=0
HEAT_1_TEMP=-50
HEAT_1_DUTY=0
HEAT_1_SP=-20.0
HEAT_2_TEMP=-50
HEAT_2_DUTY=0
HEAT_2_SP=-20.0
HEAT_3_TEMP=-50
HEAT_3_DUTY=10
HEAT_3_SP=-20.0
HEAT_4_TEMP=-50
HEAT_4_DUTY=0
HEAT_4_SP=-20.0
MOTOR_ANGLE=0.0015261627906976744
MOTOR_ACCUM=0.0015261627906976744
MOTOR_ROT=0
TS=1786202316.414
V_SENSE5=159.99755859375
V_SENSE9=159.99755859375
V_SENSE12=159.99755859375
ADC_V5=579.9911499023438
ADC_V9=579.9911499023438
ADC_V12=579.9911499023438
ADC_V28=579.9911499023438
THERMAL_SENS_OUT_1=-50

[22:27:38.314 CUBESAT]
THERMAL_SENS_OUT_2=-50
THERMAL_SENS_OUT_3=-50
THERMAL_SENS_OUT_4=-50
THERMAL_SENS_OUT_5=-50
THERMAL_SENS_OUT_6=-50
THERMAL_SENS_INT_1=-50
THERMAL_SENS_INT_2=-50
PG_5=1
PG_9=0
PG_12=0
FLT_P2=0
FLT_P3=0
HEAT_1_TEMP=-50
HEAT_1_DUTY=10
HEAT_1_SP=-20.0
HEAT_2_TEMP=-50
HEAT_2_DUTY=0
HEAT_2_SP=-20.0
HEAT_3_TEMP=-50
HEAT_3_DUTY=0
HEAT_3_SP=-20.0
HEAT_4_TEMP=-50
HEAT_4_DUTY=0
HEAT_4_SP=-20.0
MOTOR_ANGLE=0.0015261627906976744
MOTOR_ACCUM=0.0015261627906976744
MOTOR_ROT=0
TS=1786202318.423
V_SENSE5=159.99755859375
V_SENSE9=159.99755859375
V_SENSE12=159.99755859375
ADC_V5=579.9911499023438
ADC_V9=579.9911499023438
ADC_V12=579.9911499023438
ADC_V28=579.9911499023438
THERMAL_SENS_OUT_1=-50
THERMAL_SENS_OUT_2=-50
THERMAL_SENS_OUT_3=-50
THERMAL_SENS_OUT_4=-50
THERMAL_SENS_OUT_5=-50
THERMAL_SENS_OUT_6=-50
THERMAL_SENS_INT_1=-50
THERMAL_SENS_INT_2=-50
PG_5=1
PG_9=0
PG_12=0
FLT_P2=0
FLT_P3=0
HEAT_1_TEMP=-50
HEAT_1_DUTY=0
HEAT_1_SP=-20.0
HEAT_2_TEMP=-50
HEAT_2_DUTY=0
HEAT_2_SP=-20.0
HEAT_3_TEMP=-50
HEAT_3_DUTY=10
HEAT_3_SP=-20.0
HEAT_4_TEMP=-50
HEAT_4_DUTY=0
HEAT_4_SP=-20.0
MOTOR_ANGLE=0.0015261627906976744
MOTOR_ACCUM=0.0015261627906976744
MOTOR_ROT=0
TS=1786202320.418
V_SENSE5=159.99755859375
V_SENSE9=159.99755859375
V_SENSE12=159.99755859375
ADC_V5=579.9911499023438
ADC_V9=579.9911499023438
ADC_V12=579.9911499023438
ADC_V28=579.9911499023438
THERMAL_SENS_OUT_1=-50
THERMAL_SENS_OUT_2=-50
THERMAL_SENS_OUT_3=-50
THERMAL_SENS_OUT_4=-50
THERMAL_SENS_OUT_5=-50
THERMAL_SENS_OUT_6=-50
THERMAL_SENS_INT_1=-50
THERMAL_SENS_INT_2=-50
PG_5=1
PG_9=0
PG_12=0
FLT_P2=0
FLT_P3=0
HEAT_1_TEMP=-50
HEAT_1_DUTY=10
HEAT_1_SP=-20.0
HEAT_2_TEMP=-50
HEAT_2_DUTY=0
HEAT_2_SP=-20.0
HEAT_3_TEMP=-50
HEAT_3_DUTY=0
HEAT_3_SP=-20.0
HEAT_4_TEMP=-50
HEAT_4_DUTY=0
HEAT_4_SP=-20.0
MOTOR_ANGLE=0.0015261627906976744
MOTOR_ACCUM=0.0015261627906976744
MOTOR_ROT=0
TS=1786202322.419
V_SENSE5=159.99755859375
V_SENSE9=159.99755859375
V_SENSE12=159.99755859375
ADC_V5=579.9911499023438
ADC_V9=579.9911499023438
ADC_V12=579.9911499023438
ADC_V28=579.9911499023438
THERMAL_SENS_OUT_1=-50
THERMAL_SENS_OUT_2=-50
THERMAL_SENS_OUT_3=-50
THERMAL_SENS_OUT_4=-50
THERMAL_SENS_OUT_5=-50
THERMAL_SENS_OUT_6=-50
THERMAL_SENS_INT_1=-50
THERMAL_SENS_INT_2=-50
PG_5=1
PG_9=0
PG_12=0
FLT_P2=0
FLT_P3=0
HEAT_1_TEMP=-50
HEAT_1_DUTY=0
HEAT_1_SP=-20.0
HEAT_2_TEMP=-50
HEAT_2_DUTY=0
HEAT_2_SP=-20.0
HEAT_3_TEMP=-50
HEAT_3_DUTY=10
HEAT_3_SP=-20.0
HEAT_4_TEMP=-50
HEAT_4_DUTY=0
HEAT_4_SP=-20.0
MOTOR_ANGLE=0.0015261627906976744
MOTOR_ACCUM=0.0015261627906976744
MOTOR_ROT=0
TS=1786202324.430
V_SENSE5=159.99755859375
V_SENSE9=159.99755859375
V_SENSE12=159.99755859375
ADC_V5=579.9911499023438
ADC_V9=579.9911499023438
ADC_V12=579.9911499023438
ADC_V28=579.9911499023438
THERMAL_SENS_OUT_1=-50
THERMAL_SENS_OUT_2=-50
THERMAL_SENS_OUT_3=-50
THERMAL_SENS_OUT_4=-50
THERMAL_SENS_OUT_5=-50
THERMAL_SENS_OUT_6=-50
THERMAL_SENS_INT_1=-50
THERMAL_SENS_INT_2=-50
PG_5=1

[22:27:38.929 CUBESAT]
PG_9=0
PG_12=0
FLT_P2=0
FLT_P3=0
HEAT_1_TEMP=-50
HEAT_1_DUTY=10
HEAT_1_SP=-20.0
HEAT_2_TEMP=-50
HEAT_2_DUTY=0
HEAT_2_SP=-20.0
HEAT_3_TEMP=-50
HEAT_3_DUTY=0
HEAT_3_SP=-20.0
HEAT_4_TEMP=-50
HEAT_4_DUTY=0
HEAT_4_SP=-20.0
MOTOR_ANGLE=0.0015261627906976744
MOTOR_ACCUM=0.0015261627906976744
MOTOR_ROT=0
TS=1786202326.424
V_SENSE5=159.99755859375
V_SENSE9=159.99755859375
V_SENSE12=159.99755859375
ADC_V5=579.9911499023438
ADC_V9=579.9911499023438
ADC_V12=579.9911499023438
ADC_V28=579.9911499023438
THERMAL_SENS_OUT_1=-50
THERMAL_SENS_OUT_2=-50
THERMAL_SENS_OUT_3=-50
THERMAL_SENS_OUT_4=-50
THERMAL_SENS_OUT_5=-50
THERMAL_SENS_OUT_6=-50
THERMAL_SENS_INT_1=-50
THERMAL_SENS_INT_2=-50
PG_5=1
PG_9=0
PG_12=0
FLT_P2=0
FLT_P3=0
HEAT_1_TEMP=-50
HEAT_1_DUTY=0
HEAT_1_SP=-20.0
HEAT_2_TEMP=-50
HEAT_2_DUTY=0
HEAT_2_SP=-20.0
HEAT_3_TEMP=-50
HEAT_3_DUTY=10
HEAT_3_SP=-20.0
HEAT_4_TEMP=-50
HEAT_4_DUTY=0
HEAT_4_SP=-20.0
MOTOR_ANGLE=0.0015261627906976744
MOTOR_ACCUM=0.0015261627906976744
MOTOR_ROT=0

[22:27:40.762 CUBESAT]
TS=1786202328.435
V_SENSE5=159.99755859375
V_SENSE9=159.99755859375
V_SENSE12=159.99755859375
ADC_V5=579.9911499023438
ADC_V9=579.9911499023438
ADC_V12=579.9911499023438
ADC_V28=579.9911499023438
THERMAL_SENS_OUT_1=-50
THERMAL_SENS_OUT_2=-50
THERMAL_SENS_OUT_3=-50
THERMAL_SENS_OUT_4=-50
THERMAL_SENS_OUT_5=-50
THERMAL_SENS_OUT_6=-50
THERMAL_SENS_INT_1=-50
THERMAL_SENS_INT_2=-50
PG_5=1
PG_9=0
PG_12=0
FLT_P2=0
FLT_P3=0
HEAT_1_TEMP=-50
HEAT_1_DUTY=10
HEAT_1_SP=-20.0
HEAT_2_TEMP=-50
HEAT_2_DUTY=0
HEAT_2_SP=-20.0
HEAT_3_TEMP=-50
HEAT_3_DUTY=0
HEAT_3_SP=-20.0
HEAT_4_TEMP=-50
HEAT_4_DUTY=0
HEAT_4_SP=-20.0
MOTOR_ANGLE=0.0015261627906976744
MOTOR_ACCUM=0.0015261627906976744
MOTOR_ROT=0

[22:27:42.498 CUBESAT]
TS=1786202330.428
V_SENSE5=159.99755859375
V_SENSE9=159.99755859375
V_SENSE12=159.99755859375
ADC_V5=579.9911499023438
ADC_V9=579.9911499023438
ADC_V12=579.9911499023438
ADC_V28=579.9911499023438
THERMAL_SENS_OUT_1=-50
THERMAL_SENS_OUT_2=-50
THERMAL_SENS_OUT_3=-50
THERMAL_SENS_OUT_4=-50
THERMAL_SENS_OUT_5=-50
THERMAL_SENS_OUT_6=-50
THERMAL_SENS_INT_1=-50
THERMAL_SENS_INT_2=-50
PG_5=1
PG_9=0
PG_12=0
FLT_P2=0
FLT_P3=0
HEAT_1_TEMP=-50
HEAT_1_DUTY=0
HEAT_1_SP=-20.0
HEAT_2_TEMP=-50
HEAT_2_DUTY=0
HEAT_2_SP=-20.0
HEAT_3_TEMP=-50
HEAT_3_DUTY=10
HEAT_3_SP=-20.0
HEAT_4_TEMP=-50
HEAT_4_DUTY=0
HEAT_4_SP=-20.0
MOTOR_ANGLE=0.0015261627906976744
MOTOR_ACCUM=0.0015261627906976744
MOTOR_ROT=0

[22:27:44.117 CUBESAT]
TS=1786202332.430
V_SENSE5=159.99755859375
V_SENSE9=159.99755859375
V_SENSE12=159.99755859375
ADC_V5=579.9911499023438
ADC_V9=579.9911499023438
ADC_V12=579.9911499023438
ADC_V28=579.9911499023438
THERMAL_SENS_OUT_1=-50
THERMAL_SENS_OUT_2=-50
THERMAL_SENS_OUT_3=-50
THERMAL_SENS_OUT_4=-50
THERMAL_SENS_OUT_5=-50
THERMAL_SENS_OUT_6=-50
THERMAL_SENS_INT_1=-50
THERMAL_SENS_INT_2=-50
PG_5=1
PG_9=0
PG_12=0
FLT_P2=0
FLT_P3=0
HEAT_1_TEMP=-50
HEAT_1_DUTY=10
HEAT_1_SP=-20.0
HEAT_2_TEMP=-50
HEAT_2_DUTY=0
HEAT_2_SP=-20.0
HEAT_3_TEMP=-50
HEAT_3_DUTY=0
HEAT_3_SP=-20.0
HEAT_4_TEMP=-50
HEAT_4_DUTY=0
HEAT_4_SP=-20.0
MOTOR_ANGLE=0.0015261627906976744
MOTOR_ACCUM=0.0015261627906976744
MOTOR_ROT=0

[22:27:46.342 CUBESAT]
TS=1786202334.442
V_SENSE5=159.99755859375
V_SENSE9=159.99755859375
V_SENSE12=159.99755859375
ADC_V5=579.9911499023438
ADC_V9=579.9911499023438
ADC_V12=579.9911499023438
ADC_V28=579.9911499023438
THERMAL_SENS_OUT_1=-50
THERMAL_SENS_OUT_2=-50
THERMAL_SENS_OUT_3=-50
THERMAL_SENS_OUT_4=-50
THERMAL_SENS_OUT_5=-50
THERMAL_SENS_OUT_6=-50
THERMAL_SENS_INT_1=-50
THERMAL_SENS_INT_2=-50
PG_5=1
PG_9=0
PG_12=0
FLT_P2=0
FLT_P3=0
HEAT_1_TEMP=-50
HEAT_1_DUTY=0
HEAT_1_SP=-20.0
HEAT_2_TEMP=-50
HEAT_2_DUTY=0
HEAT_2_SP=-20.0
HEAT_3_TEMP=-50
HEAT_3_DUTY=10
HEAT_3_SP=-20.0
HEAT_4_TEMP=-50
HEAT_4_DUTY=0
HEAT_4_SP=-20.0
MOTOR_ANGLE=0.0015261627906976744
MOTOR_ACCUM=0.0015261627906976744
MOTOR_ROT=0

[22:27:48.162 CUBESAT]
TS=1786202336.446
V_SENSE5=159.99755859375
V_SENSE9=159.99755859375
V_SENSE12=159.99755859375
ADC_V5=579.9911499023438
ADC_V9=579.9911499023438
ADC_V12=579.9911499023438
ADC_V28=579.9911499023438
THERMAL_SENS_OUT_1=-50
THERMAL_SENS_OUT_2=-50
THERMAL_SENS_OUT_3=-50
THERMAL_SENS_OUT_4=-50
THERMAL_SENS_OUT_5=-50
THERMAL_SENS_OUT_6=-50
THERMAL_SENS_INT_1=-50
THERMAL_SENS_INT_2=-50
PG_5=1
PG_9=0
PG_12=0
FLT_P2=0
FLT_P3=0
HEAT_1_TEMP=-50
HEAT_1_DUTY=10
HEAT_1_SP=-20.0
HEAT_2_TEMP=-50
HEAT_2_DUTY=0
HEAT_2_SP=-20.0
HEAT_3_TEMP=-50
HEAT_3_DUTY=0
HEAT_3_SP=-20.0
HEAT_4_TEMP=-50
HEAT_4_DUTY=0
HEAT_4_SP=-20.0
MOTOR_ANGLE=0.0015261627906976744
MOTOR_ACCUM=0.0015261627906976744
MOTOR_ROT=0

[22:27:51.825 CUBESAT]
TS=1786202338.434
V_SENSE5=159.99755859375
V_SENSE9=159.99755859375
V_SENSE12=159.99755859375
ADC_V5=579.9911499023438
ADC_V9=579.9911499023438
ADC_V12=579.9911499023438
ADC_V28=579.9911499023438
THERMAL_SENS_OUT_1=-50
THERMAL_SENS_OUT_2=-50
THERMAL_SENS_OUT_3=-50
THERMAL_SENS_OUT_4=-50
THERMAL_SENS_OUT_5=-50
THERMAL_SENS_OUT_6=-50
THERMAL_SENS_INT_1=-50
THERMAL_SENS_INT_2=-50
PG_5=1
PG_9=0
PG_12=0
FLT_P2=0
FLT_P3=0
HEAT_1_TEMP=-50
HEAT_1_DUTY=0
HEAT_1_SP=-20.0
HEAT_2_TEMP=-50
HEAT_2_DUTY=0
HEAT_2_SP=-20.0
HEAT_3_TEMP=-50
HEAT_3_DUTY=10
HEAT_3_SP=-20.0
HEAT_4_TEMP=-50
HEAT_4_DUTY=0
HEAT_4_SP=-20.0
MOTOR_ANGLE=0.0015261627906976744
MOTOR_ACCUM=0.0015261627906976744
MOTOR_ROT=0

[22:27:52.137 CUBESAT]
TS=1786202340.435
V_SENSE5=159.99755859375
V_SENSE9=159.99755859375
V_SENSE12=159.99755859375
ADC_V5=579.9911499023438
ADC_V9=579.9911499023438
ADC_V12=579.9911499023438
ADC_V28=579.9911499023438
THERMAL_SENS_OUT_1=-50
THERMAL_SENS_OUT_2=-50
THERMAL_SENS_OUT_3=-50
THERMAL_SENS_OUT_4=-50
THERMAL_SENS_OUT_5=-50
THERMAL_SENS_OUT_6=-50
THERMAL_SENS_INT_1=-50
THERMAL_SENS_INT_2=-50
PG_5=1
PG_9=0
PG_12=0
FLT_P2=0
FLT_P3=0
HEAT_1_TEMP=-50
HEAT_1_DUTY=10
HEAT_1_SP=-20.0
HEAT_2_TEMP=-50
HEAT_2_DUTY=0
HEAT_2_SP=-20.0
HEAT_3_TEMP=-50
HEAT_3_DUTY=0
HEAT_3_SP=-20.0
HEAT_4_TEMP=-50
HEAT_4_DUTY=0
HEAT_4_SP=-20.0
MOTOR_ANGLE=0.0015261627906976744
MOTOR_ACCUM=0.0015261627906976744
MOTOR_ROT=0

[22:27:55.370 CUBESAT]
TS=1786202342.451
V_SENSE5=159.99755859375
V_SENSE9=159.99755859375
V_SENSE12=159.99755859375
ADC_V5=579.9911499023438
ADC_V9=579.9911499023438
ADC_V12=579.9911499023438
ADC_V28=579.9911499023438
THERMAL_SENS_OUT_1=-50
THERMAL_SENS_OUT_2=-50
THERMAL_SENS_OUT_3=-50
THERMAL_SENS_OUT_4=-50
THERMAL_SENS_OUT_5=-50
THERMAL_SENS_OUT_6=-50
THERMAL_SENS_INT_1=-50
THERMAL_SENS_INT_2=-50
PG_5=1
PG_9=0
PG_12=0
FLT_P2=0
FLT_P3=0
HEAT_1_TEMP=-50
HEAT_1_DUTY=0
HEAT_1_SP=-20.0
HEAT_2_TEMP=-50
HEAT_2_DUTY=0
HEAT_2_SP=-20.0
HEAT_3_TEMP=-50
HEAT_3_DUTY=10
HEAT_3_SP=-20.0
HEAT_4_TEMP=-50
HEAT_4_DUTY=0
HEAT_4_SP=-20.0
MOTOR_ANGLE=0.0015261627906976744
MOTOR_ACCUM=0.0015261627906976744
MOTOR_ROT=0

[22:27:58.736 CUBESAT]
TS=1786202344.448
V_SENSE5=159.99755859375
V_SENSE9=159.99755859375
V_SENSE12=159.99755859375
ADC_V5=579.9911499023438
ADC_V9=579.9911499023438
ADC_V12=579.9911499023438
ADC_V28=579.9911499023438
THERMAL_SENS_OUT_1=-50
THERMAL_SENS_OUT_2=-50
THERMAL_SENS_OUT_3=-50
THERMAL_SENS_OUT_4=-50
THERMAL_SENS_OUT_5=-50
THERMAL_SENS_OUT_6=-50
THERMAL_SENS_INT_1=-50
THERMAL_SENS_INT_2=-50
PG_5=1
PG_9=0
PG_12=0
FLT_P2=0
FLT_P3=0
HEAT_1_TEMP=-50
HEAT_1_DUTY=10
HEAT_1_SP=-20.0
HEAT_2_TEMP=-50
HEAT_2_DUTY=0
HEAT_2_SP=-20.0
HEAT_3_TEMP=-50
HEAT_3_DUTY=0
HEAT_3_SP=-20.0
HEAT_4_TEMP=-50
HEAT_4_DUTY=0
HEAT_4_SP=-20.0
MOTOR_ANGLE=0.0015261627906976744
MOTOR_ACCUM=0.0015261627906976744
MOTOR_ROT=0

[22:28:00.876 CUBESAT]
TS=1786202346.441
V_SENSE5=159.99755859375
V_SENSE9=159.99755859375
V_SENSE12=159.99755859375
ADC_V5=579.9911499023438
ADC_V9=579.9911499023438
ADC_V12=579.9911499023438
ADC_V28=579.9911499023438
THERMAL_SENS_OUT_1=-50
THERMAL_SENS_OUT_2=-50
THERMAL_SENS_OUT_3=-50
THERMAL_SENS_OUT_4=-50
THERMAL_SENS_OUT_5=-50
THERMAL_SENS_OUT_6=-50
THERMAL_SENS_INT_1=-50
THERMAL_SENS_INT_2=-50
PG_5=1
PG_9=0
PG_12=0
FLT_P2=0
FLT_P3=0
HEAT_1_TEMP=-50
HEAT_1_DUTY=0
HEAT_1_SP=-20.0
HEAT_2_TEMP=-50
HEAT_2_DUTY=0
HEAT_2_SP=-20.0
HEAT_3_TEMP=-50
HEAT_3_DUTY=10
HEAT_3_SP=-20.0
HEAT_4_TEMP=-50
HEAT_4_DUTY=0
HEAT_4_SP=-20.0
MOTOR_ANGLE=0.0015261627906976744
MOTOR_ACCUM=0.0015261627906976744
MOTOR_ROT=0

[22:28:01.896 CUBESAT]
TS=1786202348.453
V_SENSE5=159.99755859375
V_SENSE9=159.99755859375
V_SENSE12=159.99755859375
ADC_V5=579.9911499023438
ADC_V9=579.9911499023438
ADC_V12=579.9911499023438
ADC_V28=579.9911499023438
THERMAL_SENS_OUT_1=-50
THERMAL_SENS_OUT_2=-50
THERMAL_SENS_OUT_3=-50
THERMAL_SENS_OUT_4=-50
THERMAL_SENS_OUT_5=-50
THERMAL_SENS_OUT_6=-50
THERMAL_SENS_INT_1=-50
THERMAL_SENS_INT_2=-50
PG_5=1
PG_9=0
PG_12=0
FLT_P2=0
FLT_P3=0
HEAT_1_TEMP=-50
HEAT_1_DUTY=10
HEAT_1_SP=-20.0
HEAT_2_TEMP=-50
HEAT_2_DUTY=0
HEAT_2_SP=-20.0
HEAT_3_TEMP=-50
HEAT_3_DUTY=0
HEAT_3_SP=-20.0
HEAT_4_TEMP=-50
HEAT_4_DUTY=0
HEAT_4_SP=-20.0
MOTOR_ANGLE=0.0015261627906976744
MOTOR_ACCUM=0.0015261627906976744
MOTOR_ROT=0

[22:28:03.717 CUBESAT]
TS=1786202350.443
V_SENSE5=159.99755859375
V_SENSE9=159.99755859375
V_SENSE12=159.99755859375
ADC_V5=579.9911499023438
ADC_V9=579.9911499023438
ADC_V12=579.9911499023438
ADC_V28=579.9911499023438
THERMAL_SENS_OUT_1=-50
THERMAL_SENS_OUT_2=-50
THERMAL_SENS_OUT_3=-50
THERMAL_SENS_OUT_4=-50
THERMAL_SENS_OUT_5=-50
THERMAL_SENS_OUT_6=-50
THERMAL_SENS_INT_1=-50
THERMAL_SENS_INT_2=-50
PG_5=1
PG_9=0
PG_12=0
FLT_P2=0
FLT_P3=0
HEAT_1_TEMP=-50
HEAT_1_DUTY=0
HEAT_1_SP=-20.0
HEAT_2_TEMP=-50
HEAT_2_DUTY=0
HEAT_2_SP=-20.0
HEAT_3_TEMP=-50
HEAT_3_DUTY=10
HEAT_3_SP=-20.0
HEAT_4_TEMP=-50
HEAT_4_DUTY=0
HEAT_4_SP=-20.0
MOTOR_ANGLE=0.0015261627906976744
MOTOR_ACCUM=0.0015261627906976744
MOTOR_ROT=0

[22:28:04.130 CUBESAT]
TS=1786202352.447
V_SENSE5=159.99755859375
V_SENSE9=159.99755859375
V_SENSE12=159.99755859375
ADC_V5=579.9911499023438
ADC_V9=579.9911499023438
ADC_V12=579.9911499023438
ADC_V28=579.9911499023438
THERMAL_SENS_OUT_1=-50
THERMAL_SENS_OUT_2=-50
THERMAL_SENS_OUT_3=-50
THERMAL_SENS_OUT_4=-50
THERMAL_SENS_OUT_5=-50
THERMAL_SENS_OUT_6=-50
THERMAL_SENS_INT_1=-50
THERMAL_SENS_INT_2=-50
PG_5=1
PG_9=0
PG_12=0
FLT_P2=0
FLT_P3=0
HEAT_1_TEMP=-50
HEAT_1_DUTY=10
HEAT_1_SP=-20.0
HEAT_2_TEMP=-50
HEAT_2_DUTY=0
HEAT_2_SP=-20.0
HEAT_3_TEMP=-50
HEAT_3_DUTY=0
HEAT_3_SP=-20.0
HEAT_4_TEMP=-50
HEAT_4_DUTY=0
HEAT_4_SP=-20.0
MOTOR_ANGLE=0.0015261627906976744
MOTOR_ACCUM=0.0015261627906976744
MOTOR_ROT=0

[22:28:06.306 CUBESAT]
TS=1786202354.455
V_SENSE5=159.99755859375
V_SENSE9=159.99755859375
V_SENSE12=159.99755859375
ADC_V5=579.9911499023438
ADC_V9=579.9911499023438
ADC_V12=579.9911499023438
ADC_V28=579.9911499023438
THERMAL_SENS_OUT_1=-50
THERMAL_SENS_OUT_2=-50
THERMAL_SENS_OUT_3=-50
THERMAL_SENS_OUT_4=-50
THERMAL_SENS_OUT_5=-50
THERMAL_SENS_OUT_6=-50
THERMAL_SENS_INT_1=-50
THERMAL_SENS_INT_2=-50
PG_5=1
PG_9=0
PG_12=0
FLT_P2=0
FLT_P3=0
HEAT_1_TEMP=-50
HEAT_1_DUTY=0
HEAT_1_SP=-20.0
HEAT_2_TEMP=-50
HEAT_2_DUTY=0
HEAT_2_SP=-20.0
HEAT_3_TEMP=-50
HEAT_3_DUTY=10
HEAT_3_SP=-20.0
HEAT_4_TEMP=-50
HEAT_4_DUTY=0
HEAT_4_SP=-20.0
MOTOR_ANGLE=0.0015261627906976744
MOTOR_ACCUM=0.0015261627906976744
MOTOR_ROT=0

[22:28:08.329 CUBESAT]
TS=1786202356.451
V_SENSE5=159.99755859375
V_SENSE9=159.99755859375
V_SENSE12=159.99755859375
ADC_V5=579.9911499023438
ADC_V9=579.9911499023438
ADC_V12=579.9911499023438
ADC_V28=579.9911499023438
THERMAL_SENS_OUT_1=-50
THERMAL_SENS_OUT_2=-50
THERMAL_SENS_OUT_3=-50
THERMAL_SENS_OUT_4=-50
THERMAL_SENS_OUT_5=-50
THERMAL_SENS_OUT_6=-50
THERMAL_SENS_INT_1=-50
THERMAL_SENS_INT_2=-50
PG_5=1
PG_9=0
PG_12=0
FLT_P2=0
FLT_P3=0
HEAT_1_TEMP=-50
HEAT_1_DUTY=10
HEAT_1_SP=-20.0
HEAT_2_TEMP=-50
HEAT_2_DUTY=0
HEAT_2_SP=-20.0
HEAT_3_TEMP=-50
HEAT_3_DUTY=0
HEAT_3_SP=-20.0
HEAT_4_TEMP=-50
HEAT_4_DUTY=0
HEAT_4_SP=-20.0
MOTOR_ANGLE=0.0015261627906976744
MOTOR_ACCUM=0.0015261627906976744
MOTOR_ROT=0

[22:28:10.392 CUBESAT]
TS=1786202358.459
V_SENSE5=159.99755859375
V_SENSE9=159.99755859375
V_SENSE12=159.99755859375
ADC_V5=579.9911499023438
ADC_V9=579.9911499023438
ADC_V12=579.9911499023438
ADC_V28=579.9911499023438
THERMAL_SENS_OUT_1=-50
THERMAL_SENS_OUT_2=-50
THERMAL_SENS_OUT_3=-50
THERMAL_SENS_OUT_4=-50
THERMAL_SENS_OUT_5=-50
THERMAL_SENS_OUT_6=-50
THERMAL_SENS_INT_1=-50
THERMAL_SENS_INT_2=-50
PG_5=1
PG_9=0
PG_12=0
FLT_P2=0
FLT_P3=0
HEAT_1_TEMP=-50
HEAT_1_DUTY=0
HEAT_1_SP=-20.0
HEAT_2_TEMP=-50
HEAT_2_DUTY=0
HEAT_2_SP=-20.0
HEAT_3_TEMP=-50
HEAT_3_DUTY=10
HEAT_3_SP=-20.0
HEAT_4_TEMP=-50
HEAT_4_DUTY=0
HEAT_4_SP=-20.0
MOTOR_ANGLE=0.0015261627906976744
MOTOR_ACCUM=0.0015261627906976744
MOTOR_ROT=0

[22:28:12.216 CUBESAT]
TS=1786202360.454
V_SENSE5=159.99755859375
V_SENSE9=159.99755859375
V_SENSE12=159.99755859375
ADC_V5=579.9911499023438
ADC_V9=579.9911499023438
ADC_V12=579.9911499023438
ADC_V28=579.9911499023438
THERMAL_SENS_OUT_1=-50
THERMAL_SENS_OUT_2=-50
THERMAL_SENS_OUT_3=-50
THERMAL_SENS_OUT_4=-50
THERMAL_SENS_OUT_5=-50
THERMAL_SENS_OUT_6=-50
THERMAL_SENS_INT_1=-50
THERMAL_SENS_INT_2=-50
PG_5=1
PG_9=0
PG_12=0
FLT_P2=0
FLT_P3=0
HEAT_1_TEMP=-50
HEAT_1_DUTY=10
HEAT_1_SP=-20.0
HEAT_2_TEMP=-50
HEAT_2_DUTY=0
HEAT_2_SP=-20.0
HEAT_3_TEMP=-50
HEAT_3_DUTY=0
HEAT_3_SP=-20.0
HEAT_4_TEMP=-50
HEAT_4_DUTY=0
HEAT_4_SP=-20.0
MOTOR_ANGLE=0.0015261627906976744
MOTOR_ACCUM=0.0015261627906976744
MOTOR_ROT=0

[22:28:14.543 CUBESAT]
TS=1786202362.457
V_SENSE5=159.99755859375
V_SENSE9=159.99755859375
V_SENSE12=159.99755859375
ADC_V5=579.9911499023438
ADC_V9=579.9911499023438
ADC_V12=579.9911499023438
ADC_V28=579.9911499023438
THERMAL_SENS_OUT_1=-50
THERMAL_SENS_OUT_2=-50
THERMAL_SENS_OUT_3=-50
THERMAL_SENS_OUT_4=-50
THERMAL_SENS_OUT_5=-50
THERMAL_SENS_OUT_6=-50
THERMAL_SENS_INT_1=-50
THERMAL_SENS_INT_2=-50
PG_5=1
PG_9=0
PG_12=0
FLT_P2=0
FLT_P3=0
HEAT_1_TEMP=-50
HEAT_1_DUTY=0
HEAT_1_SP=-20.0
HEAT_2_TEMP=-50
HEAT_2_DUTY=0
HEAT_2_SP=-20.0
HEAT_3_TEMP=-50
HEAT_3_DUTY=10
HEAT_3_SP=-20.0
HEAT_4_TEMP=-50
HEAT_4_DUTY=0
HEAT_4_SP=-20.0
MOTOR_ANGLE=0.0015261627906976744
MOTOR_ACCUM=0.0015261627906976744
MOTOR_ROT=0

[22:28:16.370 CUBESAT]
TS=1786202364.470
V_SENSE5=159.99755859375
V_SENSE9=159.99755859375
V_SENSE12=159.99755859375
ADC_V5=579.9911499023438
ADC_V9=579.9911499023438
ADC_V12=579.9911499023438
ADC_V28=579.9911499023438
THERMAL_SENS_OUT_1=-50
THERMAL_SENS_OUT_2=-50
THERMAL_SENS_OUT_3=-50
THERMAL_SENS_OUT_4=-50
THERMAL_SENS_OUT_5=-50
THERMAL_SENS_OUT_6=-50
THERMAL_SENS_INT_1=-50
THERMAL_SENS_INT_2=-50
PG_5=1
PG_9=0
PG_12=0
FLT_P2=0
FLT_P3=0
HEAT_1_TEMP=-50
HEAT_1_DUTY=10
HEAT_1_SP=-20.0
HEAT_2_TEMP=-50
HEAT_2_DUTY=0
HEAT_2_SP=-20.0
HEAT_3_TEMP=-50
HEAT_3_DUTY=0
HEAT_3_SP=-20.0
HEAT_4_TEMP=-50
HEAT_4_DUTY=0
HEAT_4_SP=-20.0
MOTOR_ANGLE=0.0015261627906976744
MOTOR_ACCUM=0.0015261627906976744
MOTOR_ROT=0

[22:28:18.196 CUBESAT]
TS=1786202366.476
V_SENSE5=159.99755859375
V_SENSE9=159.99755859375
V_SENSE12=159.99755859375
ADC_V5=579.9911499023438
ADC_V9=579.9911499023438
ADC_V12=579.9911499023438
ADC_V28=579.9911499023438
THERMAL_SENS_OUT_1=-50
THERMAL_SENS_OUT_2=-50
THERMAL_SENS_OUT_3=-50
THERMAL_SENS_OUT_4=-50
THERMAL_SENS_OUT_5=-50
THERMAL_SENS_OUT_6=-50
THERMAL_SENS_INT_1=-50
THERMAL_SENS_INT_2=-50
PG_5=1
PG_9=0
PG_12=0
FLT_P2=0
FLT_P3=0
HEAT_1_TEMP=-50
HEAT_1_DUTY=0
HEAT_1_SP=-20.0
HEAT_2_TEMP=-50
HEAT_2_DUTY=0
HEAT_2_SP=-20.0
HEAT_3_TEMP=-50
HEAT_3_DUTY=10
HEAT_3_SP=-20.0
HEAT_4_TEMP=-50
HEAT_4_DUTY=0
HEAT_4_SP=-20.0
MOTOR_ANGLE=0.0015261627906976744
MOTOR_ACCUM=0.0015261627906976744
MOTOR_ROT=0

[22:28:20.436 CUBESAT]
TS=1786202368.463
V_SENSE5=159.99755859375
V_SENSE9=159.99755859375
V_SENSE12=159.99755859375
ADC_V5=579.9911499023438
ADC_V9=579.9911499023438
ADC_V12=579.9911499023438
ADC_V28=579.9911499023438
THERMAL_SENS_OUT_1=-50
THERMAL_SENS_OUT_2=-50
THERMAL_SENS_OUT_3=-50
THERMAL_SENS_OUT_4=-50
THERMAL_SENS_OUT_5=-50
THERMAL_SENS_OUT_6=-50
THERMAL_SENS_INT_1=-50
THERMAL_SENS_INT_2=-50
PG_5=1
PG_9=0
PG_12=0
FLT_P2=0
FLT_P3=0
HEAT_1_TEMP=-50
HEAT_1_DUTY=10
HEAT_1_SP=-20.0
HEAT_2_TEMP=-50
HEAT_2_DUTY=0
HEAT_2_SP=-20.0
HEAT_3_TEMP=-50
HEAT_3_DUTY=0
HEAT_3_SP=-20.0
HEAT_4_TEMP=-50
HEAT_4_DUTY=0
HEAT_4_SP=-20.0
MOTOR_ANGLE=0.0015261627906976744
MOTOR_ACCUM=0.0015261627906976744
MOTOR_ROT=0

[22:28:22.461 CUBESAT]
TS=1786202370.464
V_SENSE5=159.99755859375
V_SENSE9=159.99755859375
V_SENSE12=159.99755859375
ADC_V5=579.9911499023438
ADC_V9=579.9911499023438
ADC_V12=579.9911499023438
ADC_V28=579.9911499023438
THERMAL_SENS_OUT_1=-50
THERMAL_SENS_OUT_2=-50
THERMAL_SENS_OUT_3=-50
THERMAL_SENS_OUT_4=-50
THERMAL_SENS_OUT_5=-50
THERMAL_SENS_OUT_6=-50
THERMAL_SENS_INT_1=-50
THERMAL_SENS_INT_2=-50
PG_5=1
PG_9=0
PG_12=0
FLT_P2=0
FLT_P3=0
HEAT_1_TEMP=-50
HEAT_1_DUTY=0
HEAT_1_SP=-20.0
HEAT_2_TEMP=-50
HEAT_2_DUTY=0
HEAT_2_SP=-20.0
HEAT_3_TEMP=-50
HEAT_3_DUTY=10
HEAT_3_SP=-20.0
HEAT_4_TEMP=-50
HEAT_4_DUTY=0
HEAT_4_SP=-20.0
MOTOR_ANGLE=0.0015261627906976744
MOTOR_ACCUM=0.0015261627906976744
MOTOR_ROT=0

[22:28:24.488 CUBESAT]
TS=1786202372.479
V_SENSE5=159.99755859375
V_SENSE9=159.99755859375
V_SENSE12=159.99755859375
ADC_V5=579.9911499023438
ADC_V9=579.9911499023438
ADC_V12=579.9911499023438
ADC_V28=579.9911499023438
THERMAL_SENS_OUT_1=-50
THERMAL_SENS_OUT_2=-50
THERMAL_SENS_OUT_3=-50
THERMAL_SENS_OUT_4=-50
THERMAL_SENS_OUT_5=-50
THERMAL_SENS_OUT_6=-50
THERMAL_SENS_INT_1=-50
THERMAL_SENS_INT_2=-50
PG_5=1
PG_9=0
PG_12=0
FLT_P2=0
FLT_P3=0
HEAT_1_TEMP=-50
HEAT_1_DUTY=10
HEAT_1_SP=-20.0
HEAT_2_TEMP=-50
HEAT_2_DUTY=0
HEAT_2_SP=-20.0
HEAT_3_TEMP=-50
HEAT_3_DUTY=0
HEAT_3_SP=-20.0
HEAT_4_TEMP=-50
HEAT_4_DUTY=0
HEAT_4_SP=-20.0
MOTOR_ANGLE=0.0015261627906976744
MOTOR_ACCUM=0.0015261627906976744
MOTOR_ROT=0

[22:28:26.514 CUBESAT]
TS=1786202374.469
V_SENSE5=159.99755859375
V_SENSE9=159.99755859375
V_SENSE12=159.99755859375
ADC_V5=579.9911499023438
ADC_V9=579.9911499023438
ADC_V12=579.9911499023438
ADC_V28=579.9911499023438
THERMAL_SENS_OUT_1=-50
THERMAL_SENS_OUT_2=-50
THERMAL_SENS_OUT_3=-50
THERMAL_SENS_OUT_4=-50
THERMAL_SENS_OUT_5=-50
THERMAL_SENS_OUT_6=-50
THERMAL_SENS_INT_1=-50
THERMAL_SENS_INT_2=-50
PG_5=1
PG_9=0
PG_12=0
FLT_P2=0
FLT_P3=0
HEAT_1_TEMP=-50
HEAT_1_DUTY=0
HEAT_1_SP=-20.0
HEAT_2_TEMP=-50
HEAT_2_DUTY=0
HEAT_2_SP=-20.0
HEAT_3_TEMP=-50
HEAT_3_DUTY=10
HEAT_3_SP=-20.0
HEAT_4_TEMP=-50
HEAT_4_DUTY=0
HEAT_4_SP=-20.0
MOTOR_ANGLE=0.0015261627906976744
MOTOR_ACCUM=0.0015261627906976744
MOTOR_ROT=0

[22:28:28.569 CUBESAT]
TS=1786202376.471
V_SENSE5=159.99755859375
V_SENSE9=159.99755859375
V_SENSE12=159.99755859375
ADC_V5=579.9911499023438
ADC_V9=579.9911499023438
ADC_V12=579.9911499023438
ADC_V28=579.9911499023438
THERMAL_SENS_OUT_1=-50
THERMAL_SENS_OUT_2=-50
THERMAL_SENS_OUT_3=-50
THERMAL_SENS_OUT_4=-50
THERMAL_SENS_OUT_5=-50
THERMAL_SENS_OUT_6=-50
THERMAL_SENS_INT_1=-50
THERMAL_SENS_INT_2=-50
PG_5=1
PG_9=0
PG_12=0
FLT_P2=0
FLT_P3=0
HEAT_1_TEMP=-50
HEAT_1_DUTY=10
HEAT_1_SP=-20.0
HEAT_2_TEMP=-50
HEAT_2_DUTY=0
HEAT_2_SP=-20.0
HEAT_3_TEMP=-50
HEAT_3_DUTY=0
HEAT_3_SP=-20.0
HEAT_4_TEMP=-50
HEAT_4_DUTY=0
HEAT_4_SP=-20.0
MOTOR_ANGLE=0.0015261627906976744
MOTOR_ACCUM=0.0015261627906976744
MOTOR_ROT=0

[22:28:31.553 CUBESAT]
TS=1786202378.488
V_SENSE5=159.99755859375
V_SENSE9=159.99755859375
V_SENSE12=159.99755859375
ADC_V5=579.9911499023438
ADC_V9=579.9911499023438
ADC_V12=579.9911499023438
ADC_V28=579.9911499023438
THERMAL_SENS_OUT_1=-50
THERMAL_SENS_OUT_2=-50
THERMAL_SENS_OUT_3=-50
THERMAL_SENS_OUT_4=-50
THERMAL_SENS_OUT_5=-50
THERMAL_SENS_OUT_6=-50
THERMAL_SENS_INT_1=-50
THERMAL_SENS_INT_2=-50
PG_5=1
PG_9=0
PG_12=0
FLT_P2=0
FLT_P3=0
HEAT_1_TEMP=-50
HEAT_1_DUTY=0
HEAT_1_SP=-20.0
HEAT_2_TEMP=-50
HEAT_2_DUTY=0
HEAT_2_SP=-20.0
HEAT_3_TEMP=-50
HEAT_3_DUTY=10
HEAT_3_SP=-20.0
HEAT_4_TEMP=-50
HEAT_4_DUTY=0
HEAT_4_SP=-20.0
MOTOR_ANGLE=0.0015261627906976744
MOTOR_ACCUM=0.0015261627906976744
MOTOR_ROT=0

[22:28:32.470 CUBESAT]
TS=1786202380.475
V_SENSE5=159.99755859375
V_SENSE9=159.99755859375
V_SENSE12=159.99755859375
ADC_V5=579.9911499023438
ADC_V9=579.9911499023438
ADC_V12=579.9911499023438
ADC_V28=579.9911499023438
THERMAL_SENS_OUT_1=-50
THERMAL_SENS_OUT_2=-50
THERMAL_SENS_OUT_3=-50
THERMAL_SENS_OUT_4=-50
THERMAL_SENS_OUT_5=-50
THERMAL_SENS_OUT_6=-50
THERMAL_SENS_INT_1=-50
THERMAL_SENS_INT_2=-50
PG_5=1
PG_9=0
PG_12=0
FLT_P2=0
FLT_P3=0
HEAT_1_TEMP=-50
HEAT_1_DUTY=10
HEAT_1_SP=-20.0
HEAT_2_TEMP=-50
HEAT_2_DUTY=0
HEAT_2_SP=-20.0
HEAT_3_TEMP=-50
HEAT_3_DUTY=0
HEAT_3_SP=-20.0
HEAT_4_TEMP=-50
HEAT_4_DUTY=0
HEAT_4_SP=-20.0
MOTOR_ANGLE=0.0015261627906976744
MOTOR_ACCUM=0.0015261627906976744
MOTOR_ROT=0

[22:28:34.400 CUBESAT]
TS=1786202382.491
V_SENSE5=159.99755859375
V_SENSE9=159.99755859375
V_SENSE12=159.99755859375
ADC_V5=579.9911499023438
ADC_V9=579.9911499023438
ADC_V12=579.9911499023438
ADC_V28=579.9911499023438
THERMAL_SENS_OUT_1=-50
THERMAL_SENS_OUT_2=-50
THERMAL_SENS_OUT_3=-50
THERMAL_SENS_OUT_4=-50
THERMAL_SENS_OUT_5=-50
THERMAL_SENS_OUT_6=-50
THERMAL_SENS_INT_1=-50
THERMAL_SENS_INT_2=-50
PG_5=1
PG_9=0
PG_12=0
FLT_P2=0
FLT_P3=0
HEAT_1_TEMP=-50
HEAT_1_DUTY=0
HEAT_1_SP=-20.0
HEAT_2_TEMP=-50
HEAT_2_DUTY=0
HEAT_2_SP=-20.0
HEAT_3_TEMP=-50
HEAT_3_DUTY=10
HEAT_3_SP=-20.0
HEAT_4_TEMP=-50
HEAT_4_DUTY=0
HEAT_4_SP=-20.0
MOTOR_ANGLE=0.0015261627906976744
MOTOR_ACCUM=0.0015261627906976744
MOTOR_ROT=0

[22:28:36.758 CUBESAT]
TS=1786202384.480
V_SENSE5=159.99755859375
V_SENSE9=159.99755859375
V_SENSE12=159.99755859375
ADC_V5=579.9911499023438
ADC_V9=579.9911499023438
ADC_V12=579.9911499023438
ADC_V28=579.9911499023438
THERMAL_SENS_OUT_1=-50
THERMAL_SENS_OUT_2=-50
THERMAL_SENS_OUT_3=-50
THERMAL_SENS_OUT_4=-50
THERMAL_SENS_OUT_5=-50
THERMAL_SENS_OUT_6=-50
THERMAL_SENS_INT_1=-50
THERMAL_SENS_INT_2=-50
PG_5=1
PG_9=0
PG_12=0
FLT_P2=0
FLT_P3=0
HEAT_1_TEMP=-50
HEAT_1_DUTY=10
HEAT_1_SP=-20.0
HEAT_2_TEMP=-50
HEAT_2_DUTY=0
HEAT_2_SP=-20.0
HEAT_3_TEMP=-50
HEAT_3_DUTY=0
HEAT_3_SP=-20.0
HEAT_4_TEMP=-50
HEAT_4_DUTY=0
HEAT_4_SP=-20.0
MOTOR_ANGLE=0.0015261627906976744
MOTOR_ACCUM=0.0015261627906976744
MOTOR_ROT=0

[22:28:38.479 CUBESAT]
TS=1786202386.488
V_SENSE5=159.99755859375
V_SENSE9=159.99755859375
V_SENSE12=159.99755859375
ADC_V5=579.9911499023438
ADC_V9=579.9911499023438
ADC_V12=579.9911499023438
ADC_V28=579.9911499023438
THERMAL_SENS_OUT_1=-50
THERMAL_SENS_OUT_2=-50
THERMAL_SENS_OUT_3=-50
THERMAL_SENS_OUT_4=-50
THERMAL_SENS_OUT_5=-50
THERMAL_SENS_OUT_6=-50
THERMAL_SENS_INT_1=-50
THERMAL_SENS_INT_2=-50
PG_5=1
PG_9=0
PG_12=0
FLT_P2=0
FLT_P3=0
HEAT_1_TEMP=-50
HEAT_1_DUTY=0
HEAT_1_SP=-20.0
HEAT_2_TEMP=-50
HEAT_2_DUTY=0
HEAT_2_SP=-20.0
HEAT_3_TEMP=-50
HEAT_3_DUTY=10
HEAT_3_SP=-20.0
HEAT_4_TEMP=-50
HEAT_4_DUTY=0
HEAT_4_SP=-20.0
MOTOR_ANGLE=0.0015261627906976744
MOTOR_ACCUM=0.0015261627906976744
MOTOR_ROT=0

[22:28:40.404 CUBESAT]
TS=1786202388.489
V_SENSE5=159.99755859375
V_SENSE9=159.99755859375
V_SENSE12=159.99755859375
ADC_V5=579.9911499023438
ADC_V9=579.9911499023438
ADC_V12=579.9911499023438
ADC_V28=579.9911499023438
THERMAL_SENS_OUT_1=-50
THERMAL_SENS_OUT_2=-50
THERMAL_SENS_OUT_3=-50
THERMAL_SENS_OUT_4=-50
THERMAL_SENS_OUT_5=-50
THERMAL_SENS_OUT_6=-50
THERMAL_SENS_INT_1=-50
THERMAL_SENS_INT_2=-50
PG_5=1
PG_9=0
PG_12=0
FLT_P2=0
FLT_P3=0
HEAT_1_TEMP=-50
HEAT_1_DUTY=10
HEAT_1_SP=-20.0
HEAT_2_TEMP=-50
HEAT_2_DUTY=0
HEAT_2_SP=-20.0
HEAT_3_TEMP=-50
HEAT_3_DUTY=0
HEAT_3_SP=-20.0
HEAT_4_TEMP=-50
HEAT_4_DUTY=0
HEAT_4_SP=-20.0
MOTOR_ANGLE=0.0015261627906976744
MOTOR_ACCUM=0.0015261627906976744
MOTOR_ROT=0

[22:28:43.537 CUBESAT]
TS=1786202390.494
V_SENSE5=159.99755859375
V_SENSE9=159.99755859375
V_SENSE12=159.99755859375
ADC_V5=579.9911499023438
ADC_V9=579.9911499023438
ADC_V12=579.9911499023438
ADC_V28=579.9911499023438
THERMAL_SENS_OUT_1=-50
THERMAL_SENS_OUT_2=-50
THERMAL_SENS_OUT_3=-50
THERMAL_SENS_OUT_4=-50
THERMAL_SENS_OUT_5=-50
THERMAL_SENS_OUT_6=-50
THERMAL_SENS_INT_1=-50
THERMAL_SENS_INT_2=-50
PG_5=1
PG_9=0
PG_12=0
FLT_P2=0
FLT_P3=0
HEAT_1_TEMP=-50
HEAT_1_DUTY=0
HEAT_1_SP=-20.0
HEAT_2_TEMP=-50
HEAT_2_DUTY=0
HEAT_2_SP=-20.0
HEAT_3_TEMP=-50
HEAT_3_DUTY=10
HEAT_3_SP=-20.0
HEAT_4_TEMP=-50
HEAT_4_DUTY=0
HEAT_4_SP=-20.0
MOTOR_ANGLE=0.0015261627906976744
MOTOR_ACCUM=0.0015261627906976744
MOTOR_ROT=0

[22:28:45.797 CUBESAT]
TS=1786202392.488
V_SENSE5=159.99755859375
V_SENSE9=159.99755859375
V_SENSE12=159.99755859375
ADC_V5=579.9911499023438
ADC_V9=579.9911499023438
ADC_V12=579.9911499023438
ADC_V28=579.9911499023438
THERMAL_SENS_OUT_1=-50
THERMAL_SENS_OUT_2=-50
THERMAL_SENS_OUT_3=-50
THERMAL_SENS_OUT_4=-50
THERMAL_SENS_OUT_5=-50
THERMAL_SENS_OUT_6=-50
THERMAL_SENS_INT_1=-50
THERMAL_SENS_INT_2=-50
PG_5=1
PG_9=0
PG_12=0
FLT_P2=0
FLT_P3=0
HEAT_1_TEMP=-50
HEAT_1_DUTY=10
HEAT_1_SP=-20.0
HEAT_2_TEMP=-50
HEAT_2_DUTY=0
HEAT_2_SP=-20.0
HEAT_3_TEMP=-50
HEAT_3_DUTY=0
HEAT_3_SP=-20.0
HEAT_4_TEMP=-50
HEAT_4_DUTY=0
HEAT_4_SP=-20.0
MOTOR_ANGLE=0.0015261627906976744
MOTOR_ACCUM=0.0015261627906976744
MOTOR_ROT=0

[22:28:46.314 CUBESAT]
TS=1786202394.497
V_SENSE5=159.99755859375
V_SENSE9=159.99755859375
V_SENSE12=159.99755859375
ADC_V5=579.9911499023438
ADC_V9=579.9911499023438
ADC_V12=579.9911499023438
ADC_V28=579.9911499023438
THERMAL_SENS_OUT_1=-50
THERMAL_SENS_OUT_2=-50
THERMAL_SENS_OUT_3=-50
THERMAL_SENS_OUT_4=-50
THERMAL_SENS_OUT_5=-50
THERMAL_SENS_OUT_6=-50
THERMAL_SENS_INT_1=-50
THERMAL_SENS_INT_2=-50
PG_5=1
PG_9=0
PG_12=0
FLT_P2=0
FLT_P3=0
HEAT_1_TEMP=-50
HEAT_1_DUTY=0
HEAT_1_SP=-20.0
HEAT_2_TEMP=-50
HEAT_2_DUTY=0
HEAT_2_SP=-20.0
HEAT_3_TEMP=-50
HEAT_3_DUTY=10
HEAT_3_SP=-20.0
HEAT_4_TEMP=-50
HEAT_4_DUTY=0
HEAT_4_SP=-20.0
MOTOR_ANGLE=0.0015261627906976744
MOTOR_ACCUM=0.0015261627906976744
MOTOR_ROT=0

[22:28:49.764 CUBESAT]
TS=1786202396.492
V_SENSE5=159.99755859375
V_SENSE9=159.99755859375
V_SENSE12=159.99755859375
ADC_V5=579.9911499023438
ADC_V9=579.9911499023438
ADC_V12=579.9911499023438
ADC_V28=579.9911499023438
THERMAL_SENS_OUT_1=-50
THERMAL_SENS_OUT_2=-50
THERMAL_SENS_OUT_3=-50
THERMAL_SENS_OUT_4=-50
THERMAL_SENS_OUT_5=-50
THERMAL_SENS_OUT_6=-50
THERMAL_SENS_INT_1=-50
THERMAL_SENS_INT_2=-50
PG_5=1
PG_9=0
PG_12=0
FLT_P2=0
FLT_P3=0
HEAT_1_TEMP=-50
HEAT_1_DUTY=10
HEAT_1_SP=-20.0
HEAT_2_TEMP=-50
HEAT_2_DUTY=0
HEAT_2_SP=-20.0
HEAT_3_TEMP=-50
HEAT_3_DUTY=0
HEAT_3_SP=-20.0
HEAT_4_TEMP=-50
HEAT_4_DUTY=0
HEAT_4_SP=-20.0
MOTOR_ANGLE=0.0015261627906976744
MOTOR_ACCUM=0.0015261627906976744
MOTOR_ROT=0

[22:28:50.185 CUBESAT]
TS=1786202398.504
V_SENSE5=159.99755859375
V_SENSE9=159.99755859375
V_SENSE12=159.99755859375
ADC_V5=579.9911499023438
ADC_V9=579.9911499023438
ADC_V12=579.9911499023438
ADC_V28=579.9911499023438
THERMAL_SENS_OUT_1=-50
THERMAL_SENS_OUT_2=-50
THERMAL_SENS_OUT_3=-50
THERMAL_SENS_OUT_4=-50
THERMAL_SENS_OUT_5=-50
THERMAL_SENS_OUT_6=-50
THERMAL_SENS_INT_1=-50
THERMAL_SENS_INT_2=-50
PG_5=1
PG_9=0
PG_12=0
FLT_P2=0
FLT_P3=0
HEAT_1_TEMP=-50
HEAT_1_DUTY=0
HEAT_1_SP=-20.0
HEAT_2_TEMP=-50
HEAT_2_DUTY=0
HEAT_2_SP=-20.0
HEAT_3_TEMP=-50
HEAT_3_DUTY=10
HEAT_3_SP=-20.0
HEAT_4_TEMP=-50
HEAT_4_DUTY=0
HEAT_4_SP=-20.0
MOTOR_ANGLE=0.0015261627906976744
MOTOR_ACCUM=0.0015261627906976744
MOTOR_ROT=0

[22:28:52.215 CUBESAT]
TS=1786202400.497
V_SENSE5=159.99755859375
V_SENSE9=159.99755859375
V_SENSE12=159.99755859375
ADC_V5=579.9911499023438
ADC_V9=579.9911499023438
ADC_V12=579.9911499023438
ADC_V28=579.9911499023438
THERMAL_SENS_OUT_1=-50
THERMAL_SENS_OUT_2=-50
THERMAL_SENS_OUT_3=-50
THERMAL_SENS_OUT_4=-50
THERMAL_SENS_OUT_5=-50
THERMAL_SENS_OUT_6=-50
THERMAL_SENS_INT_1=-50
THERMAL_SENS_INT_2=-50
PG_5=1
PG_9=0
PG_12=0
FLT_P2=0
FLT_P3=0
HEAT_1_TEMP=-50
HEAT_1_DUTY=10
HEAT_1_SP=-20.0
HEAT_2_TEMP=-50
HEAT_2_DUTY=0
HEAT_2_SP=-20.0
HEAT_3_TEMP=-50
HEAT_3_DUTY=0
HEAT_3_SP=-20.0
HEAT_4_TEMP=-50
HEAT_4_DUTY=0
HEAT_4_SP=-20.0
MOTOR_ANGLE=0.0015261627906976744
MOTOR_ACCUM=0.0015261627906976744
MOTOR_ROT=0

[22:28:55.564 CUBESAT]
TS=1786202404.501
V_SENSE5=159.99755859375
V_SENSE9=159.99755859375
V_SENSE12=159.99755859375
ADC_V5=579.9911499023438
ADC_V9=579.9911499023438
ADC_V12=579.9911499023438
ADC_V28=579.9911499023438
THERMAL_SENS_OUT_1=-50
THERMAL_SENS_OUT_2=-50
THERMAL_SENS_OUT_3=-50
THERMAL_SENS_OUT_4=-50
THERMAL_SENS_OUT_5=-50
THERMAL_SENS_OUT_6=-50
THERMAL_SENS_INT_1=-50
THERMAL_SENS_INT_2=-50
PG_5=1
PG_9=0
PG_12=0
FLT_P2=0
FLT_P3=0
HEAT_1_TEMP=-50
HEAT_1_DUTY=0
HEAT_1_SP=-20.0
HEAT_2_TEMP=-50
HEAT_2_DUTY=0
HEAT_2_SP=-20.0
HEAT_3_TEMP=-50
HEAT_3_DUTY=0
HEAT_3_SP=-20.0
HEAT_4_TEMP=-50
HEAT_4_DUTY=10
HEAT_4_SP=-20.0
MOTOR_ANGLE=0.0015261627906976744
MOTOR_ACCUM=0.0015261627906976744
MOTOR_ROT=0

[22:28:57.779 EBOX]
TS=1786201075.027
V_SENSE5=1.12060546875
V_SENSE9=0.07568359375
V_SENSE12=0.09033203125
ADC_V5=4.92950439453125
ADC_V9=9.1510009765625
ADC_V12=11.81488037109375
ADC_V28=27.97515869140625
THERMAL_SENS_OUT_1=26
THERMAL_SENS_OUT_2=-50
THERMAL_SENS_OUT_3=29
THERMAL_SENS_OUT_4=27
THERMAL_SENS_OUT_5=36
THERMAL_SENS_OUT_6=-50
THERMAL_SENS_INT_1=25
THERMAL_SENS_INT_2=29
PG_5=0
PG_9=0
PG_12=0
FLT_P2=0
FLT_P3=0
HEAT_1_TEMP=26
HEAT_1_DUTY=0
HEAT_1_SP=-20.0
HEAT_2_TEMP=29
HEAT_2_DUTY=0
HEAT_2_SP=-20.0
HEAT_3_TEMP=27
HEAT_3_DUTY=0
HEAT_3_SP=-20.0
HEAT_4_TEMP=36
HEAT_4_DUTY=0
HEAT_4_SP=-20.0
MOTOR_ANGLE=-0.0003779069767441861
MOTOR_ACCUM=-0.0003779069767441861
MOTOR_ROT=0

[22:28:58.267 CUBESAT]
TS=1786202406.503
V_SENSE5=159.99755859375
V_SENSE9=159.99755859375
V_SENSE12=159.99755859375
ADC_V5=579.9911499023438
ADC_V9=579.9911499023438
ADC_V12=579.9911499023438
ADC_V28=579.9911499023438
THERMAL_SENS_OUT_1=-50
THERMAL_SENS_OUT_2=-50
THERMAL_SENS_OUT_3=-50
THERMAL_SENS_OUT_4=-50
THERMAL_SENS_OUT_5=-50
THERMAL_SENS_OUT_6=-50
THERMAL_SENS_INT_1=-50
THERMAL_SENS_INT_2=-50
PG_5=1
PG_9=0
PG_12=0
FLT_P2=0
FLT_P3=0
HEAT_1_TEMP=-50
HEAT_1_DUTY=0
HEAT_1_SP=-20.0
HEAT_2_TEMP=-50
HEAT_2_DUTY=10
HEAT_2_SP=-20.0
HEAT_3_TEMP=-50
HEAT_3_DUTY=0
HEAT_3_SP=-20.0
HEAT_4_TEMP=-50
HEAT_4_DUTY=0
HEAT_4_SP=-20.0
MOTOR_ANGLE=0.0015261627906976744
MOTOR_ACCUM=0.0015261627906976744
MOTOR_ROT=0

[22:28:59.392 CUBESAT]
TS=1786202408.513
V_SENSE5=159.99755859375
V_SENSE9=159.99755859375
V_SENSE12=159.99755859375
ADC_V5=579.9911499023438
ADC_V9=579.9911499023438
ADC_V12=579.9911499023438
ADC_V28=579.9911499023438
THERMAL_SENS_OUT_1=-50
THERMAL_SENS_OUT_2=-50
THERMAL_SENS_OUT_3=-50
THERMAL_SENS_OUT_4=-50
THERMAL_SENS_OUT_5=-50
THERMAL_SENS_OUT_6=-50
THERMAL_SENS_INT_1=-50
THERMAL_SENS_INT_2=-50
PG_5=1
PG_9=0
PG_12=0
FLT_P2=0
FLT_P3=0
HEAT_1_TEMP=-50
HEAT_1_DUTY=0
HEAT_1_SP=-20.0
HEAT_2_TEMP=-50
HEAT_2_DUTY=0
HEAT_2_SP=-20.0
HEAT_3_TEMP=-50
HEAT_3_DUTY=0
HEAT_3_SP=-20.0
HEAT_4_TEMP=-50
HEAT_4_DUTY=10
HEAT_4_SP=-20.0
MOTOR_ANGLE=0.0015261627906976744
MOTOR_ACCUM=0.0015261627906976744
MOTOR_ROT=0

[22:28:59.516 EBOX]
TS=1786201077.040
V_SENSE5=1.05712890625
V_SENSE9=0.0390625
V_SENSE12=0.0732421875
ADC_V5=4.89410400390625
ADC_V9=9.07135009765625
ADC_V12=11.58477783203125
ADC_V28=28.037109375
THERMAL_SENS_OUT_1=27
THERMAL_SENS_OUT_2=-50
THERMAL_SENS_OUT_3=23
THERMAL_SENS_OUT_4=27
THERMAL_SENS_OUT_5=32
THERMAL_SENS_OUT_6=-50
THERMAL_SENS_INT_1=25
THERMAL_SENS_INT_2=30
PG_5=0
PG_9=0
PG_12=0
FLT_P2=0
FLT_P3=0
HEAT_1_TEMP=27
HEAT_1_DUTY=0
HEAT_1_SP=-20.0
HEAT_2_TEMP=23
HEAT_2_DUTY=0
HEAT_2_SP=-20.0
HEAT_3_TEMP=27
HEAT_3_DUTY=0
HEAT_3_SP=-20.0
HEAT_4_TEMP=32
HEAT_4_DUTY=0
HEAT_4_SP=-20.0
MOTOR_ANGLE=-0.0003779069767441861
MOTOR_ACCUM=-0.0003779069767441861
MOTOR_ROT=0

[22:29:01.423 CUBESAT]
TS=1786202410.506
V_SENSE5=159.99755859375
V_SENSE9=159.99755859375
V_SENSE12=159.99755859375
ADC_V5=579.9911499023438
ADC_V9=579.9911499023438
ADC_V12=579.9911499023438
ADC_V28=579.9911499023438
THERMAL_SENS_OUT_1=-50
THERMAL_SENS_OUT_2=-50
THERMAL_SENS_OUT_3=-50
THERMAL_SENS_OUT_4=-50
THERMAL_SENS_OUT_5=-50
THERMAL_SENS_OUT_6=-50
THERMAL_SENS_INT_1=-50
THERMAL_SENS_INT_2=-50
PG_5=1
PG_9=0
PG_12=0
FLT_P2=0
FLT_P3=0
HEAT_1_TEMP=-50
HEAT_1_DUTY=0
HEAT_1_SP=-20.0
HEAT_2_TEMP=-50
HEAT_2_DUTY=10
HEAT_2_SP=-20.0
HEAT_3_TEMP=-50
HEAT_3_DUTY=0
HEAT_3_SP=-20.0
HEAT_4_TEMP=-50
HEAT_4_DUTY=0
HEAT_4_SP=-20.0
MOTOR_ANGLE=0.0015261627906976744
MOTOR_ACCUM=0.0015261627906976744
MOTOR_ROT=0

[22:29:01.459 EBOX]
TS=1786201079.048
V_SENSE5=1.09619140625
V_SENSE9=0.0341796875
V_SENSE12=0.14404296875
ADC_V5=4.920654296875
ADC_V9=9.01824951171875
ADC_V12=11.77947998046875
ADC_V28=28.1964111328125
THERMAL_SENS_OUT_1=27
THERMAL_SENS_OUT_2=-50
THERMAL_SENS_OUT_3=25
THERMAL_SENS_OUT_4=30
THERMAL_SENS_OUT_5=33
THERMAL_SENS_OUT_6=-50
THERMAL_SENS_INT_1=25
THERMAL_SENS_INT_2=30
PG_5=0
PG_9=0
PG_12=0
FLT_P2=0
FLT_P3=0
HEAT_1_TEMP=27
HEAT_1_DUTY=0
HEAT_1_SP=-20.0
HEAT_2_TEMP=25
HEAT_2_DUTY=0
HEAT_2_SP=-20.0
HEAT_3_TEMP=30
HEAT_3_DUTY=0
HEAT_3_SP=-20.0
HEAT_4_TEMP=33
HEAT_4_DUTY=0
HEAT_4_SP=-20.0
MOTOR_ANGLE=-0.0003779069767441861
MOTOR_ACCUM=-0.0003779069767441861
MOTOR_ROT=0

[22:29:03.456 CUBESAT]
TS=1786202412.514
V_SENSE5=159.99755859375
V_SENSE9=159.99755859375
V_SENSE12=159.99755859375
ADC_V5=579.9911499023438
ADC_V9=579.9911499023438
ADC_V12=579.9911499023438
ADC_V28=579.9911499023438
THERMAL_SENS_OUT_1=-50
THERMAL_SENS_OUT_2=-50
THERMAL_SENS_OUT_3=-50
THERMAL_SENS_OUT_4=-50
THERMAL_SENS_OUT_5=-50
THERMAL_SENS_OUT_6=-50
THERMAL_SENS_INT_1=-50
THERMAL_SENS_INT_2=-50
PG_5=1
PG_9=0
PG_12=0
FLT_P2=0
FLT_P3=0
HEAT_1_TEMP=-50
HEAT_1_DUTY=0
HEAT_1_SP=-20.0
HEAT_2_TEMP=-50
HEAT_2_DUTY=0
HEAT_2_SP=-20.0
HEAT_3_TEMP=-50
HEAT_3_DUTY=0
HEAT_3_SP=-20.0
HEAT_4_TEMP=-50
HEAT_4_DUTY=10
HEAT_4_SP=-20.0
MOTOR_ANGLE=0.0015261627906976744
MOTOR_ACCUM=0.0015261627906976744
MOTOR_ROT=0

[22:29:03.501 EBOX]
TS=1786201081.043
V_SENSE5=1.103515625
V_SENSE9=0.04150390625
V_SENSE12=0.07080078125
ADC_V5=4.9560546875
ADC_V9=9.26605224609375
ADC_V12=11.77947998046875
ADC_V28=28.10791015625
THERMAL_SENS_OUT_1=32
THERMAL_SENS_OUT_2=-50
THERMAL_SENS_OUT_3=30
THERMAL_SENS_OUT_4=27
THERMAL_SENS_OUT_5=36
THERMAL_SENS_OUT_6=-50
THERMAL_SENS_INT_1=28
THERMAL_SENS_INT_2=27
PG_5=0
PG_9=0
PG_12=0
FLT_P2=0
FLT_P3=0
HEAT_1_TEMP=32
HEAT_1_DUTY=0
HEAT_1_SP=-20.0
HEAT_2_TEMP=30
HEAT_2_DUTY=0
HEAT_2_SP=-20.0
HEAT_3_TEMP=27
HEAT_3_DUTY=0
HEAT_3_SP=-20.0
HEAT_4_TEMP=36
HEAT_4_DUTY=0
HEAT_4_SP=-20.0
MOTOR_ANGLE=-0.0003779069767441861
MOTOR_ACCUM=-0.0003779069767441861
MOTOR_ROT=0

[22:29:05.396 CUBESAT]
TS=1786202414.510
V_SENSE5=159.99755859375
V_SENSE9=159.99755859375
V_SENSE12=159.99755859375
ADC_V5=579.9911499023438
ADC_V9=579.9911499023438
ADC_V12=579.9911499023438
ADC_V28=579.9911499023438
THERMAL_SENS_OUT_1=-50
THERMAL_SENS_OUT_2=-50
THERMAL_SENS_OUT_3=-50
THERMAL_SENS_OUT_4=-50
THERMAL_SENS_OUT_5=-50
THERMAL_SENS_OUT_6=-50
THERMAL_SENS_INT_1=-50
THERMAL_SENS_INT_2=-50
PG_5=1
PG_9=0
PG_12=0
FLT_P2=0
FLT_P3=0
HEAT_1_TEMP=-50
HEAT_1_DUTY=0
HEAT_1_SP=-20.0
HEAT_2_TEMP=-50
HEAT_2_DUTY=10
HEAT_2_SP=-20.0
HEAT_3_TEMP=-50
HEAT_3_DUTY=0
HEAT_3_SP=-20.0
HEAT_4_TEMP=-50
HEAT_4_DUTY=0
HEAT_4_SP=-20.0
MOTOR_ANGLE=0.0015261627906976744
MOTOR_ACCUM=0.0015261627906976744
MOTOR_ROT=0

[22:29:05.542 EBOX]
TS=1786201083.050
V_SENSE5=1.00341796875
V_SENSE9=0.03173828125
V_SENSE12=0.087890625
ADC_V5=5.23040771484375
ADC_V9=9.00054931640625
ADC_V12=11.7706298828125
ADC_V28=28.1787109375
THERMAL_SENS_OUT_1=28
THERMAL_SENS_OUT_2=-50
THERMAL_SENS_OUT_3=24
THERMAL_SENS_OUT_4=28
THERMAL_SENS_OUT_5=30
THERMAL_SENS_OUT_6=-50
THERMAL_SENS_INT_1=27
THERMAL_SENS_INT_2=26
PG_5=0
PG_9=0
PG_12=0
FLT_P2=0
FLT_P3=0
HEAT_1_TEMP=28
HEAT_1_DUTY=0
HEAT_1_SP=-20.0
HEAT_2_TEMP=24
HEAT_2_DUTY=0
HEAT_2_SP=-20.0
HEAT_3_TEMP=28
HEAT_3_DUTY=0
HEAT_3_SP=-20.0
HEAT_4_TEMP=30
HEAT_4_DUTY=0
HEAT_4_SP=-20.0
MOTOR_ANGLE=-0.0003779069767441861
MOTOR_ACCUM=-0.0003779069767441861
MOTOR_ROT=0

[22:29:07.431 CUBESAT]
TS=1786202416.512
V_SENSE5=159.99755859375
V_SENSE9=159.99755859375
V_SENSE12=159.99755859375
ADC_V5=579.9911499023438
ADC_V9=579.9911499023438
ADC_V12=579.9911499023438
ADC_V28=579.9911499023438
THERMAL_SENS_OUT_1=-50
THERMAL_SENS_OUT_2=-50
THERMAL_SENS_OUT_3=-50
THERMAL_SENS_OUT_4=-50
THERMAL_SENS_OUT_5=-50
THERMAL_SENS_OUT_6=-50
THERMAL_SENS_INT_1=-50
THERMAL_SENS_INT_2=-50
PG_5=1
PG_9=0
PG_12=0
FLT_P2=0
FLT_P3=0
HEAT_1_TEMP=-50
HEAT_1_DUTY=0
HEAT_1_SP=-20.0
HEAT_2_TEMP=-50
HEAT_2_DUTY=0
HEAT_2_SP=-20.0
HEAT_3_TEMP=-50
HEAT_3_DUTY=0
HEAT_3_SP=-20.0
HEAT_4_TEMP=-50
HEAT_4_DUTY=10
HEAT_4_SP=-20.0
MOTOR_ANGLE=0.0015261627906976744
MOTOR_ACCUM=0.0015261627906976744
MOTOR_ROT=0

[22:29:07.489 EBOX]
TS=1786201085.049
V_SENSE5=1.14990234375
V_SENSE9=0.029296875
V_SENSE12=0.07568359375
ADC_V5=4.91180419921875
ADC_V9=9.2218017578125
ADC_V12=11.86798095703125
ADC_V28=27.647705078125
THERMAL_SENS_OUT_1=28
THERMAL_SENS_OUT_2=-50
THERMAL_SENS_OUT_3=26
THERMAL_SENS_OUT_4=28
THERMAL_SENS_OUT_5=35
THERMAL_SENS_OUT_6=-50
THERMAL_SENS_INT_1=29
THERMAL_SENS_INT_2=26
PG_5=0
PG_9=0
PG_12=0
FLT_P2=0
FLT_P3=0
HEAT_1_TEMP=28
HEAT_1_DUTY=0
HEAT_1_SP=-20.0
HEAT_2_TEMP=26
HEAT_2_DUTY=0
HEAT_2_SP=-20.0
HEAT_3_TEMP=28
HEAT_3_DUTY=0
HEAT_3_SP=-20.0
HEAT_4_TEMP=35
HEAT_4_DUTY=0
HEAT_4_SP=-20.0
MOTOR_ANGLE=-0.0003779069767441861
MOTOR_ACCUM=-0.0003779069767441861
MOTOR_ROT=0

[22:29:09.458 CUBESAT]
TS=1786202418.515
V_SENSE5=159.99755859375
V_SENSE9=159.99755859375
V_SENSE12=159.99755859375
ADC_V5=579.9911499023438
ADC_V9=579.9911499023438
ADC_V12=579.9911499023438
ADC_V28=579.9911499023438
THERMAL_SENS_OUT_1=-50
THERMAL_SENS_OUT_2=-50
THERMAL_SENS_OUT_3=-50
THERMAL_SENS_OUT_4=-50
THERMAL_SENS_OUT_5=-50
THERMAL_SENS_OUT_6=-50
THERMAL_SENS_INT_1=-50
THERMAL_SENS_INT_2=-50
PG_5=1
PG_9=0
PG_12=0
FLT_P2=0
FLT_P3=0
HEAT_1_TEMP=-50
HEAT_1_DUTY=0
HEAT_1_SP=-20.0
HEAT_2_TEMP=-50
HEAT_2_DUTY=10
HEAT_2_SP=-20.0
HEAT_3_TEMP=-50
HEAT_3_DUTY=0
HEAT_3_SP=-20.0
HEAT_4_TEMP=-50
HEAT_4_DUTY=0
HEAT_4_SP=-20.0
MOTOR_ANGLE=0.0015261627906976744
MOTOR_ACCUM=0.0015261627906976744
MOTOR_ROT=0

[22:29:11.435 EBOX]
TS=1786201087.051
V_SENSE5=1.123046875
V_SENSE9=0.0390625
V_SENSE12=0.08056640625
ADC_V5=4.9737548828125
ADC_V9=8.96514892578125
ADC_V12=11.5228271484375
ADC_V28=28.01055908203125
THERMAL_SENS_OUT_1=28
THERMAL_SENS_OUT_2=-50
THERMAL_SENS_OUT_3=27
THERMAL_SENS_OUT_4=30
THERMAL_SENS_OUT_5=33
THERMAL_SENS_OUT_6=-50
THERMAL_SENS_INT_1=28
THERMAL_SENS_INT_2=28
PG_5=0
PG_9=0
PG_12=0
FLT_P2=0
FLT_P3=0
HEAT_1_TEMP=28
HEAT_1_DUTY=0
HEAT_1_SP=-20.0
HEAT_2_TEMP=27
HEAT_2_DUTY=0
HEAT_2_SP=-20.0
HEAT_3_TEMP=30
HEAT_3_DUTY=0
HEAT_3_SP=-20.0
HEAT_4_TEMP=33
HEAT_4_DUTY=0
HEAT_4_SP=-20.0
MOTOR_ANGLE=-0.0003779069767441861
MOTOR_ACCUM=-0.0003779069767441861
MOTOR_ROT=0

[22:29:11.997 CUBESAT]
TS=1786202420.524
V_SENSE5=159.99755859375
V_SENSE9=159.99755859375
V_SENSE12=159.99755859375
ADC_V5=579.9911499023438
ADC_V9=579.9911499023438
ADC_V12=579.9911499023438
ADC_V28=579.9911499023438
THERMAL_SENS_OUT_1=-50
THERMAL_SENS_OUT_2=-50
THERMAL_SENS_OUT_3=-50
THERMAL_SENS_OUT_4=-50
THERMAL_SENS_OUT_5=-50
THERMAL_SENS_OUT_6=-50
THERMAL_SENS_INT_1=-50
THERMAL_SENS_INT_2=-50
PG_5=1
PG_9=0
PG_12=0
FLT_P2=0
FLT_P3=0
HEAT_1_TEMP=-50
HEAT_1_DUTY=0
HEAT_1_SP=-20.0
HEAT_2_TEMP=-50
HEAT_2_DUTY=0
HEAT_2_SP=-20.0
HEAT_3_TEMP=-50
HEAT_3_DUTY=0
HEAT_3_SP=-20.0
HEAT_4_TEMP=-50
HEAT_4_DUTY=10
HEAT_4_SP=-20.0
MOTOR_ANGLE=0.0015261627906976744
MOTOR_ACCUM=0.0015261627906976744
MOTOR_ROT=0

[22:29:12.068 EBOX]
TS=1786201089.060
V_SENSE5=1.0498046875
V_SENSE9=0.0341796875
V_SENSE12=0.078125
ADC_V5=5.00030517578125
ADC_V9=8.85894775390625
ADC_V12=11.47857666015625
ADC_V28=27.96630859375
THERMAL_SENS_OUT_1=26
THERMAL_SENS_OUT_2=-50
THERMAL_SENS_OUT_3=30
THERMAL_SENS_OUT_4=28
THERMAL_SENS_OUT_5=31
THERMAL_SENS_OUT_6=-50
THERMAL_SENS_INT_1=30
THERMAL_SENS_INT_2=24
PG_5=0
PG_9=0
PG_12=0
FLT_P2=0
FLT_P3=0
HEAT_1_TEMP=26
HEAT_1_DUTY=0
HEAT_1_SP=-20.0
HEAT_2_TEMP=30
HEAT_2_DUTY=0
HEAT_2_SP=-20.0
HEAT_3_TEMP=28
HEAT_3_DUTY=0
HEAT_3_SP=-20.0
HEAT_4_TEMP=31
HEAT_4_DUTY=0
HEAT_4_SP=-20.0
MOTOR_ANGLE=-0.0003779069767441861
MOTOR_ACCUM=-0.0003779069767441861
MOTOR_ROT=0

[22:29:13.929 CUBESAT]
TS=1786202422.517
V_SENSE5=159.99755859375
V_SENSE9=159.99755859375
V_SENSE12=159.99755859375
ADC_V5=579.9911499023438
ADC_V9=579.9911499023438
ADC_V12=579.9911499023438
ADC_V28=579.9911499023438
THERMAL_SENS_OUT_1=-50
THERMAL_SENS_OUT_2=-50
THERMAL_SENS_OUT_3=-50
THERMAL_SENS_OUT_4=-50
THERMAL_SENS_OUT_5=-50
THERMAL_SENS_OUT_6=-50
THERMAL_SENS_INT_1=-50
THERMAL_SENS_INT_2=-50
PG_5=1
PG_9=0
PG_12=0
FLT_P2=0
FLT_P3=0
HEAT_1_TEMP=-50
HEAT_1_DUTY=0
HEAT_1_SP=-20.0
HEAT_2_TEMP=-50
HEAT_2_DUTY=10
HEAT_2_SP=-20.0
HEAT_3_TEMP=-50
HEAT_3_DUTY=0
HEAT_3_SP=-20.0
HEAT_4_TEMP=-50
HEAT_4_DUTY=0
HEAT_4_SP=-20.0
MOTOR_ANGLE=0.0015261627906976744
MOTOR_ACCUM=0.0015261627906976744
MOTOR_ROT=0

[22:29:15.309 EBOX]
TS=1786201091.057
V_SENSE5=1.14501953125
V_SENSE9=0.03173828125
V_SENSE12=0.07568359375
ADC_V5=4.9560546875
ADC_V9=9.310302734375
ADC_V12=11.92108154296875
ADC_V28=28.1610107421875
THERMAL_SENS_OUT_1=26
THERMAL_SENS_OUT_2=-50
THERMAL_SENS_OUT_3=26
THERMAL_SENS_OUT_4=28
THERMAL_SENS_OUT_5=35
THERMAL_SENS_OUT_6=-50
THERMAL_SENS_INT_1=24
THERMAL_SENS_INT_2=27
PG_5=0
PG_9=0
PG_12=0
FLT_P2=0
FLT_P3=0
HEAT_1_TEMP=26
HEAT_1_DUTY=0
HEAT_1_SP=-20.0
HEAT_2_TEMP=26
HEAT_2_DUTY=0
HEAT_2_SP=-20.0
HEAT_3_TEMP=28
HEAT_3_DUTY=0
HEAT_3_SP=-20.0
HEAT_4_TEMP=35
HEAT_4_DUTY=0
HEAT_4_SP=-20.0
MOTOR_ANGLE=-0.0003779069767441861
MOTOR_ACCUM=-0.0003779069767441861
MOTOR_ROT=0

[22:29:17.366 CUBESAT]
TS=1786202424.520
V_SENSE5=159.99755859375
V_SENSE9=159.99755859375
V_SENSE12=159.99755859375
ADC_V5=579.9911499023438
ADC_V9=579.9911499023438
ADC_V12=579.9911499023438
ADC_V28=579.9911499023438
THERMAL_SENS_OUT_1=-50
THERMAL_SENS_OUT_2=-50
THERMAL_SENS_OUT_3=-50
THERMAL_SENS_OUT_4=-50
THERMAL_SENS_OUT_5=-50
THERMAL_SENS_OUT_6=-50
THERMAL_SENS_INT_1=-50
THERMAL_SENS_INT_2=-50
PG_5=1
PG_9=0
PG_12=0
FLT_P2=0
FLT_P3=0
HEAT_1_TEMP=-50
HEAT_1_DUTY=10
HEAT_1_SP=-20.0
HEAT_2_TEMP=-50
HEAT_2_DUTY=0
HEAT_2_SP=-20.0
HEAT_3_TEMP=-50
HEAT_3_DUTY=0
HEAT_3_SP=-20.0
HEAT_4_TEMP=-50
HEAT_4_DUTY=0
HEAT_4_SP=-20.0
MOTOR_ANGLE=0.0015261627906976744
MOTOR_ACCUM=0.0015261627906976744
MOTOR_ROT=0

[22:29:17.445 EBOX]
TS=1786201093.063
V_SENSE5=1.1181640625
V_SENSE9=0.03173828125
V_SENSE12=0.087890625
ADC_V5=4.98260498046875
ADC_V9=9.1510009765625
ADC_V12=11.88568115234375
ADC_V28=27.28485107421875
THERMAL_SENS_OUT_1=27
THERMAL_SENS_OUT_2=-50
THERMAL_SENS_OUT_3=26
THERMAL_SENS_OUT_4=26
THERMAL_SENS_OUT_5=34
THERMAL_SENS_OUT_6=-50
THERMAL_SENS_INT_1=29
THERMAL_SENS_INT_2=26
PG_5=0
PG_9=0
PG_12=0
FLT_P2=0
FLT_P3=0
HEAT_1_TEMP=27
HEAT_1_DUTY=0
HEAT_1_SP=-20.0
HEAT_2_TEMP=26
HEAT_2_DUTY=0
HEAT_2_SP=-20.0
HEAT_3_TEMP=26
HEAT_3_DUTY=0
HEAT_3_SP=-20.0
HEAT_4_TEMP=34
HEAT_4_DUTY=0
HEAT_4_SP=-20.0
MOTOR_ANGLE=-0.0003779069767441861
MOTOR_ACCUM=-0.0003779069767441861
MOTOR_ROT=0

[22:29:19.478 EBOX]
TS=1786201095.067
V_SENSE5=1.13037109375
V_SENSE9=0.0341796875
V_SENSE12=0.09033203125
ADC_V5=4.91180419921875
ADC_V9=9.2572021484375
ADC_V12=11.90338134765625
ADC_V28=28.1256103515625
THERMAL_SENS_OUT_1=27
THERMAL_SENS_OUT_2=-50
THERMAL_SENS_OUT_3=27
THERMAL_SENS_OUT_4=27
THERMAL_SENS_OUT_5=34
THERMAL_SENS_OUT_6=-50
THERMAL_SENS_INT_1=29
THERMAL_SENS_INT_2=28
PG_5=0
PG_9=0
PG_12=0
FLT_P2=0
FLT_P3=0
HEAT_1_TEMP=27
HEAT_1_DUTY=0
HEAT_1_SP=-20.0
HEAT_2_TEMP=27
HEAT_2_DUTY=0
HEAT_2_SP=-20.0
HEAT_3_TEMP=27
HEAT_3_DUTY=0
HEAT_3_SP=-20.0
HEAT_4_TEMP=34
HEAT_4_DUTY=0
HEAT_4_SP=-20.0
MOTOR_ANGLE=-0.0003779069767441861
MOTOR_ACCUM=-0.0003779069767441861
MOTOR_ROT=0

[22:29:20.112 CUBESAT]
TS=1786202426.520
V_SENSE5=159.99755859375
V_SENSE9=159.99755859375
V_SENSE12=159.99755859375
ADC_V5=579.9911499023438
ADC_V9=579.9911499023438
ADC_V12=579.9911499023438
ADC_V28=579.9911499023438
THERMAL_SENS_OUT_1=-50
THERMAL_SENS_OUT_2=-50
THERMAL_SENS_OUT_3=-50
THERMAL_SENS_OUT_4=-50
THERMAL_SENS_OUT_5=-50
THERMAL_SENS_OUT_6=-50
THERMAL_SENS_INT_1=-50
THERMAL_SENS_INT_2=-50
PG_5=1
PG_9=0
PG_12=0
FLT_P2=0
FLT_P3=0
HEAT_1_TEMP=-50
HEAT_1_DUTY=0
HEAT_1_SP=-20.0
HEAT_2_TEMP=-50
HEAT_2_DUTY=0
HEAT_2_SP=-20.0
HEAT_3_TEMP=-50
HEAT_3_DUTY=10
HEAT_3_SP=-20.0
HEAT_4_TEMP=-50
HEAT_4_DUTY=0
HEAT_4_SP=-20.0
MOTOR_ANGLE=0.0015261627906976744
MOTOR_ACCUM=0.0015261627906976744
MOTOR_ROT=0

[22:29:21.009 EBOX]
TS=1786201097.067
V_SENSE5=1.1279296875
V_SENSE9=0.03173828125
V_SENSE12=0.09521484375
ADC_V5=4.94720458984375
ADC_V9=9.38995361328125
ADC_V12=11.95648193359375
ADC_V28=27.95745849609375
THERMAL_SENS_OUT_1=28
THERMAL_SENS_OUT_2=-50
THERMAL_SENS_OUT_3=25
THERMAL_SENS_OUT_4=29
THERMAL_SENS_OUT_5=36
THERMAL_SENS_OUT_6=-50
THERMAL_SENS_INT_1=26
THERMAL_SENS_INT_2=29
PG_5=0
PG_9=0
PG_12=0
FLT_P2=0
FLT_P3=0
HEAT_1_TEMP=28
HEAT_1_DUTY=0
HEAT_1_SP=-20.0
HEAT_2_TEMP=25
HEAT_2_DUTY=0
HEAT_2_SP=-20.0
HEAT_3_TEMP=29
HEAT_3_DUTY=0
HEAT_3_SP=-20.0
HEAT_4_TEMP=36
HEAT_4_DUTY=0
HEAT_4_SP=-20.0
MOTOR_ANGLE=-0.0003779069767441861
MOTOR_ACCUM=-0.0003779069767441861
MOTOR_ROT=0

[22:29:21.944 CUBESAT]
TS=1786202428.523
V_SENSE5=159.99755859375
V_SENSE9=159.99755859375
V_SENSE12=159.99755859375
ADC_V5=579.9911499023438
ADC_V9=579.9911499023438
ADC_V12=579.9911499023438
ADC_V28=579.9911499023438
THERMAL_SENS_OUT_1=-50
THERMAL_SENS_OUT_2=-50
THERMAL_SENS_OUT_3=-50
THERMAL_SENS_OUT_4=-50
THERMAL_SENS_OUT_5=-50
THERMAL_SENS_OUT_6=-50
THERMAL_SENS_INT_1=-50
THERMAL_SENS_INT_2=-50
PG_5=1
PG_9=0
PG_12=0
FLT_P2=0
FLT_P3=0
HEAT_1_TEMP=-50
HEAT_1_DUTY=10
HEAT_1_SP=-20.0
HEAT_2_TEMP=-50
HEAT_2_DUTY=0
HEAT_2_SP=-20.0
HEAT_3_TEMP=-50
HEAT_3_DUTY=0
HEAT_3_SP=-20.0
HEAT_4_TEMP=-50
HEAT_4_DUTY=0
HEAT_4_SP=-20.0
MOTOR_ANGLE=0.0015261627906976744
MOTOR_ACCUM=0.0015261627906976744
MOTOR_ROT=0

[22:29:23.069 CUBESAT]
TS=1786202430.524
V_SENSE5=159.99755859375
V_SENSE9=159.99755859375
V_SENSE12=159.99755859375
ADC_V5=579.9911499023438
ADC_V9=579.9911499023438
ADC_V12=579.9911499023438
ADC_V28=579.9911499023438
THERMAL_SENS_OUT_1=-50
THERMAL_SENS_OUT_2=-50
THERMAL_SENS_OUT_3=-50
THERMAL_SENS_OUT_4=-50
THERMAL_SENS_OUT_5=-50
THERMAL_SENS_OUT_6=-50
THERMAL_SENS_INT_1=-50
THERMAL_SENS_INT_2=-50
PG_5=1
PG_9=0
PG_12=0
FLT_P2=0
FLT_P3=0
HEAT_1_TEMP=-50
HEAT_1_DUTY=0
HEAT_1_SP=-20.0
HEAT_2_TEMP=-50
HEAT_2_DUTY=0
HEAT_2_SP=-20.0
HEAT_3_TEMP=-50
HEAT_3_DUTY=10
HEAT_3_SP=-20.0
HEAT_4_TEMP=-50
HEAT_4_DUTY=0
HEAT_4_SP=-20.0
MOTOR_ANGLE=0.0015261627906976744
MOTOR_ACCUM=0.0015261627906976744
MOTOR_ROT=0

[22:29:24.697 CUBESAT]
TS=1786202432.527
V_SENSE5=159.99755859375
V_SENSE9=159.99755859375
V_SENSE12=159.99755859375
ADC_V5=579.9911499023438
ADC_V9=579.9911499023438
ADC_V12=579.9911499023438
ADC_V28=579.9911499023438
THERMAL_SENS_OUT_1=-50
THERMAL_SENS_OUT_2=-50
THERMAL_SENS_OUT_3=-50
THERMAL_SENS_OUT_4=-50
THERMAL_SENS_OUT_5=-50
THERMAL_SENS_OUT_6=-50
THERMAL_SENS_INT_1=-50
THERMAL_SENS_INT_2=-50
PG_5=1
PG_9=0
PG_12=0
FLT_P2=0
FLT_P3=0
HEAT_1_TEMP=-50
HEAT_1_DUTY=10
HEAT_1_SP=-20.0
HEAT_2_TEMP=-50
HEAT_2_DUTY=0
HEAT_2_SP=-20.0
HEAT_3_TEMP=-50
HEAT_3_DUTY=0
HEAT_3_SP=-20.0
HEAT_4_TEMP=-50
HEAT_4_DUTY=0
HEAT_4_SP=-20.0
MOTOR_ANGLE=0.0015261627906976744
MOTOR_ACCUM=0.0015261627906976744
MOTOR_ROT=0

[22:29:25.688 EBOX]
TS=1786201099.073
V_SENSE5=1.1181640625
V_SENSE9=0.0390625
V_SENSE12=0.078125
ADC_V5=4.8321533203125
ADC_V9=9.10675048828125
ADC_V12=11.85028076171875
ADC_V28=28.01055908203125
THERMAL_SENS_OUT_1=31
THERMAL_SENS_OUT_2=-50
THERMAL_SENS_OUT_3=30
THERMAL_SENS_OUT_4=28
THERMAL_SENS_OUT_5=33
THERMAL_SENS_OUT_6=-50
THERMAL_SENS_INT_1=27
THERMAL_SENS_INT_2=25
PG_5=0
PG_9=0
PG_12=0
FLT_P2=0
FLT_P3=0
HEAT_1_TEMP=31
HEAT_1_DUTY=0
HEAT_1_SP=-20.0
HEAT_2_TEMP=30
HEAT_2_DUTY=0
HEAT_2_SP=-20.0
HEAT_3_TEMP=28
HEAT_3_DUTY=0
HEAT_3_SP=-20.0
HEAT_4_TEMP=33
HEAT_4_DUTY=0
HEAT_4_SP=-20.0
MOTOR_ANGLE=-0.0003779069767441861
MOTOR_ACCUM=-0.0003779069767441861
MOTOR_ROT=0
TS=1786201101.076
V_SENSE5=1.2548828125
V_SENSE9=0.04638671875
V_SENSE12=0.087890625
ADC_V5=4.98260498046875
ADC_V9=8.85009765625
ADC_V12=11.859130859375
ADC_V28=27.9486083984375
THERMAL_SENS_OUT_1=29
THERMAL_SENS_OUT_2=-50
THERMAL_SENS_OUT_3=27
THERMAL_SENS_OUT_4=30
THERMAL_SENS_OUT_5=31
THERMAL_SENS_OUT_6=-50
THERMAL_SENS_INT_1=29
THERMAL_SENS_INT_2=27
PG_5=0
PG_9=0
PG_12=0
FLT_P2=0
FLT_P3=0
HEAT_1_TEMP=29
HEAT_1_DUTY=0
HEAT_1_SP=-20.0
HEAT_2_TEMP=27
HEAT_2_DUTY=0
HEAT_2_SP=-20.0
HEAT_3_TEMP=30
HEAT_3_DUTY=0
HEAT_3_SP=-20.0
HEAT_4_TEMP=31
HEAT_4_DUTY=0
HEAT_4_SP=-20.0
MOTOR_ANGLE=-0.0003779069767441861
MOTOR_ACCUM=-0.0003779069767441861
MOTOR_ROT=0

[22:29:26.526 CUBESAT]
TS=1786202434.532
V_SENSE5=159.99755859375
V_SENSE9=159.99755859375
V_SENSE12=159.99755859375
ADC_V5=579.9911499023438
ADC_V9=579.9911499023438
ADC_V12=579.9911499023438
ADC_V28=579.9911499023438
THERMAL_SENS_OUT_1=-50
THERMAL_SENS_OUT_2=-50
THERMAL_SENS_OUT_3=-50
THERMAL_SENS_OUT_4=-50
THERMAL_SENS_OUT_5=-50
THERMAL_SENS_OUT_6=-50
THERMAL_SENS_INT_1=-50
THERMAL_SENS_INT_2=-50
PG_5=1
PG_9=0
PG_12=0
FLT_P2=0
FLT_P3=0
HEAT_1_TEMP=-50
HEAT_1_DUTY=0
HEAT_1_SP=-20.0
HEAT_2_TEMP=-50
HEAT_2_DUTY=0
HEAT_2_SP=-20.0
HEAT_3_TEMP=-50
HEAT_3_DUTY=10
HEAT_3_SP=-20.0
HEAT_4_TEMP=-50
HEAT_4_DUTY=0
HEAT_4_SP=-20.0
MOTOR_ANGLE=0.0015261627906976744
MOTOR_ACCUM=0.0015261627906976744
MOTOR_ROT=0

[22:29:26.718 EBOX]
TS=1786201103.078
V_SENSE5=1.12548828125
V_SENSE9=0.04638671875
V_SENSE12=0.0732421875
ADC_V5=4.87640380859375
ADC_V9=9.3280029296875
ADC_V12=11.8414306640625
ADC_V28=27.70965576171875
THERMAL_SENS_OUT_1=27
THERMAL_SENS_OUT_2=-50
THERMAL_SENS_OUT_3=29
THERMAL_SENS_OUT_4=29
THERMAL_SENS_OUT_5=31
THERMAL_SENS_OUT_6=-50
THERMAL_SENS_INT_1=26
THERMAL_SENS_INT_2=29
PG_5=0
PG_9=0
PG_12=0
FLT_P2=0
FLT_P3=0
HEAT_1_TEMP=27
HEAT_1_DUTY=0
HEAT_1_SP=-20.0
HEAT_2_TEMP=29
HEAT_2_DUTY=0
HEAT_2_SP=-20.0
HEAT_3_TEMP=29
HEAT_3_DUTY=0
HEAT_3_SP=-20.0
HEAT_4_TEMP=31
HEAT_4_DUTY=0
HEAT_4_SP=-20.0
MOTOR_ANGLE=-0.0003779069767441861
MOTOR_ACCUM=-0.0003779069767441861
MOTOR_ROT=0

[22:29:28.451 EBOX]
TS=1786201105.080
V_SENSE5=1.11572265625
V_SENSE9=0.029296875
V_SENSE12=0.07568359375
ADC_V5=4.8321533203125
ADC_V9=9.2218017578125
ADC_V12=11.81488037109375
ADC_V28=27.0281982421875
THERMAL_SENS_OUT_1=29
THERMAL_SENS_OUT_2=-50
THERMAL_SENS_OUT_3=25
THERMAL_SENS_OUT_4=29
THERMAL_SENS_OUT_5=30
THERMAL_SENS_OUT_6=-50
THERMAL_SENS_INT_1=25
THERMAL_SENS_INT_2=29
PG_5=0
PG_9=0
PG_12=0
FLT_P2=0
FLT_P3=0
HEAT_1_TEMP=29
HEAT_1_DUTY=0
HEAT_1_SP=-20.0
HEAT_2_TEMP=25
HEAT_2_DUTY=0
HEAT_2_SP=-20.0
HEAT_3_TEMP=29
HEAT_3_DUTY=0
HEAT_3_SP=-20.0
HEAT_4_TEMP=30
HEAT_4_DUTY=0
HEAT_4_SP=-20.0
MOTOR_ANGLE=-0.0003779069767441861
MOTOR_ACCUM=-0.0003779069767441861
MOTOR_ROT=0

[22:29:28.468 CUBESAT]
TS=1786202436.529
V_SENSE5=159.99755859375
V_SENSE9=159.99755859375
V_SENSE12=159.99755859375
ADC_V5=579.9911499023438
ADC_V9=579.9911499023438
ADC_V12=579.9911499023438
ADC_V28=579.9911499023438
THERMAL_SENS_OUT_1=-50
THERMAL_SENS_OUT_2=-50
THERMAL_SENS_OUT_3=-50
THERMAL_SENS_OUT_4=-50
THERMAL_SENS_OUT_5=-50
THERMAL_SENS_OUT_6=-50
THERMAL_SENS_INT_1=-50
THERMAL_SENS_INT_2=-50
PG_5=1
PG_9=0
PG_12=0
FLT_P2=0
FLT_P3=0
HEAT_1_TEMP=-50
HEAT_1_DUTY=10
HEAT_1_SP=-20.0
HEAT_2_TEMP=-50
HEAT_2_DUTY=0
HEAT_2_SP=-20.0
HEAT_3_TEMP=-50
HEAT_3_DUTY=0
HEAT_3_SP=-20.0
HEAT_4_TEMP=-50
HEAT_4_DUTY=0
HEAT_4_SP=-20.0
MOTOR_ANGLE=0.0015261627906976744
MOTOR_ACCUM=0.0015261627906976744
MOTOR_ROT=0

[22:29:30.398 CUBESAT]
TS=1786202438.532
V_SENSE5=159.99755859375
V_SENSE9=159.99755859375
V_SENSE12=159.99755859375
ADC_V5=579.9911499023438
ADC_V9=579.9911499023438
ADC_V12=579.9911499023438
ADC_V28=579.9911499023438
THERMAL_SENS_OUT_1=-50
THERMAL_SENS_OUT_2=-50
THERMAL_SENS_OUT_3=-50
THERMAL_SENS_OUT_4=-50
THERMAL_SENS_OUT_5=-50
THERMAL_SENS_OUT_6=-50
THERMAL_SENS_INT_1=-50
THERMAL_SENS_INT_2=-50
PG_5=1
PG_9=0
PG_12=0
FLT_P2=0
FLT_P3=0
HEAT_1_TEMP=-50
HEAT_1_DUTY=0
HEAT_1_SP=-20.0
HEAT_2_TEMP=-50
HEAT_2_DUTY=0
HEAT_2_SP=-20.0
HEAT_3_TEMP=-50
HEAT_3_DUTY=10
HEAT_3_SP=-20.0
HEAT_4_TEMP=-50
HEAT_4_DUTY=0
HEAT_4_SP=-20.0
MOTOR_ANGLE=0.0015261627906976744
MOTOR_ACCUM=0.0015261627906976744
MOTOR_ROT=0

[22:29:30.587 EBOX]
TS=1786201107.087
V_SENSE5=1.27197265625
V_SENSE9=0.0439453125
V_SENSE12=0.0927734375
ADC_V5=4.9029541015625
ADC_V9=9.42535400390625
ADC_V12=11.5582275390625
ADC_V28=27.96630859375
THERMAL_SENS_OUT_1=27
THERMAL_SENS_OUT_2=-50
THERMAL_SENS_OUT_3=28
THERMAL_SENS_OUT_4=31
THERMAL_SENS_OUT_5=31
THERMAL_SENS_OUT_6=-50
THERMAL_SENS_INT_1=25
THERMAL_SENS_INT_2=29
PG_5=0
PG_9=0
PG_12=0
FLT_P2=0
FLT_P3=0
HEAT_1_TEMP=27
HEAT_1_DUTY=0
HEAT_1_SP=-20.0
HEAT_2_TEMP=28
HEAT_2_DUTY=0
HEAT_2_SP=-20.0
HEAT_3_TEMP=31
HEAT_3_DUTY=0
HEAT_3_SP=-20.0
HEAT_4_TEMP=31
HEAT_4_DUTY=0
HEAT_4_SP=-20.0
MOTOR_ANGLE=-0.0003779069767441861
MOTOR_ACCUM=-0.0003779069767441861
MOTOR_ROT=0

[22:29:42.713 CUBESAT]
TS=1786202440.533
V_SENSE5=159.99755859375
V_SENSE9=159.99755859375
V_SENSE12=159.99755859375
ADC_V5=579.9911499023438
ADC_V9=579.9911499023438
ADC_V12=579.9911499023438
ADC_V28=579.9911499023438
THERMAL_SENS_OUT_1=-50
THERMAL_SENS_OUT_2=-50
THERMAL_SENS_OUT_3=-50
THERMAL_SENS_OUT_4=-50
THERMAL_SENS_OUT_5=-50
THERMAL_SENS_OUT_6=-50
THERMAL_SENS_INT_1=-50
THERMAL_SENS_INT_2=-50
PG_5=1
PG_9=0
PG_12=0
FLT_P2=0
FLT_P3=0
HEAT_1_TEMP=-50
HEAT_1_DUTY=10
HEAT_1_SP=-20.0
HEAT_2_TEMP=-50
HEAT_2_DUTY=0
HEAT_2_SP=-20.0
HEAT_3_TEMP=-50
HEAT_3_DUTY=0
HEAT_3_SP=-20.0
HEAT_4_TEMP=-50
HEAT_4_DUTY=0
HEAT_4_SP=-20.0
MOTOR_ANGLE=0.0015261627906976744
MOTOR_ACCUM=0.0015261627906976744
MOTOR_ROT=0
TS=1786202442.534
V_SENSE5=159.99755859375
V_SENSE9=159.99755859375
V_SENSE12=159.99755859375
ADC_V5=579.9911499023438
ADC_V9=579.9911499023438
ADC_V12=579.9911499023438
ADC_V28=579.9911499023438
THERMAL_SENS_OUT_1=-50
THERMAL_SENS_OUT_2=-50
THERMAL_SENS_OUT_3=-50
THERMAL_SENS_OUT_4=-50
THERMAL_SENS_OUT_5=-50
THERMAL_SENS_OUT_6=-50
THERMAL_SENS_INT_1=-50
THERMAL_SENS_INT_2=-50
PG_5=1
PG_9=0
PG_12=0
FLT_P2=0
FLT_P3=0
HEAT_1_TEMP=-50
HEAT_1_DUTY=0
HEAT_1_SP=-20.0
HEAT_2_TEMP=-50
HEAT_2_DUTY=0
HEAT_2_SP=-20.0
HEAT_3_TEMP=-50
HEAT_3_DUTY=0
HEAT_3_SP=-20.0
HEAT_4_TEMP=-50
HEAT_4_DUTY=0
HEAT_4_SP=-20.0
MOTOR_ANGLE=0.0015261627906976744
MOTOR_ACCUM=0.0015261627906976744
MOTOR_ROT=0

[22:29:43.415 EBOX]
TS=1786201109.087
V_SENSE5=1.14990234375
V_SENSE9=0.029296875
V_SENSE12=0.0732421875
ADC_V5=4.991455078125
ADC_V9=9.01824951171875
ADC_V12=11.69097900390625
ADC_V28=27.152099609375
THERMAL_SENS_OUT_1=28
THERMAL_SENS_OUT_2=-50
THERMAL_SENS_OUT_3=25
THERMAL_SENS_OUT_4=30
THERMAL_SENS_OUT_5=31
THERMAL_SENS_OUT_6=-50
THERMAL_SENS_INT_1=25
THERMAL_SENS_INT_2=28
PG_5=0
PG_9=0
PG_12=0
FLT_P2=0
FLT_P3=0
HEAT_1_TEMP=28
HEAT_1_DUTY=0
HEAT_1_SP=-20.0
HEAT_2_TEMP=25
HEAT_2_DUTY=0
HEAT_2_SP=-20.0
HEAT_3_TEMP=30
HEAT_3_DUTY=0
HEAT_3_SP=-20.0
HEAT_4_TEMP=31
HEAT_4_DUTY=0
HEAT_4_SP=-20.0
MOTOR_ANGLE=-0.0003779069767441861
MOTOR_ACCUM=-0.0003779069767441861
MOTOR_ROT=0
TS=1786201111.089
V_SENSE5=1.19384765625
V_SENSE9=0.0439453125
V_SENSE12=0.0732421875
ADC_V5=4.91180419921875
ADC_V9=9.35455322265625
ADC_V12=11.89453125
ADC_V28=28.09906005859375
THERMAL_SENS_OUT_1=28
THERMAL_SENS_OUT_2=-50
THERMAL_SENS_OUT_3=26
THERMAL_SENS_OUT_4=29
THERMAL_SENS_OUT_5=32
THERMAL_SENS_OUT_6=-50
THERMAL_SENS_INT_1=27
THERMAL_SENS_INT_2=30
PG_5=0
PG_9=0
PG_12=0
FLT_P2=0
FLT_P3=0
HEAT_1_TEMP=28
HEAT_1_DUTY=0
HEAT_1_SP=-20.0
HEAT_2_TEMP=26
HEAT_2_DUTY=0
HEAT_2_SP=-20.0
HEAT_3_TEMP=29
HEAT_3_DUTY=0
HEAT_3_SP=-20.0
HEAT_4_TEMP=32
HEAT_4_DUTY=0
HEAT_4_SP=-20.0
MOTOR_ANGLE=-0.0003779069767441861
MOTOR_ACCUM=-0.0003779069767441861
MOTOR_ROT=0

[22:29:46.384 EBOX]
TS=1786201113.094
V_SENSE5=1.17431640625
V_SENSE9=0.0244140625
V_SENSE12=0.0927734375
ADC_V5=5.01800537109375
ADC_V9=8.9031982421875
ADC_V12=11.85028076171875
ADC_V28=27.5238037109375
THERMAL_SENS_OUT_1=27
THERMAL_SENS_OUT_2=-50
THERMAL_SENS_OUT_3=28
THERMAL_SENS_OUT_4=26
THERMAL_SENS_OUT_5=30
THERMAL_SENS_OUT_6=-50
THERMAL_SENS_INT_1=27
THERMAL_SENS_INT_2=26
PG_5=0
PG_9=0
PG_12=0
FLT_P2=0
FLT_P3=0
HEAT_1_TEMP=27
HEAT_1_DUTY=0
HEAT_1_SP=-20.0
HEAT_2_TEMP=28
HEAT_2_DUTY=0
HEAT_2_SP=-20.0
HEAT_3_TEMP=26
HEAT_3_DUTY=0
HEAT_3_SP=-20.0
HEAT_4_TEMP=30
HEAT_4_DUTY=0
HEAT_4_SP=-20.0
MOTOR_ANGLE=-0.0003779069767441861
MOTOR_ACCUM=-0.0003779069767441861
MOTOR_ROT=0
TS=1786201115.098
V_SENSE5=1.171875
V_SENSE9=0.0341796875
V_SENSE12=0.0830078125
ADC_V5=5.19500732421875
ADC_V9=9.5050048828125
ADC_V12=11.93878173828125
ADC_V28=27.506103515625
THERMAL_SENS_OUT_1=28
THERMAL_SENS_OUT_2=-50
THERMAL_SENS_OUT_3=24
THERMAL_SENS_OUT_4=29
THERMAL_SENS_OUT_5=31
THERMAL_SENS_OUT_6=-50
THERMAL_SENS_INT_1=25
THERMAL_SENS_INT_2=27
PG_5=0
PG_9=0
PG_12=0
FLT_P2=0
FLT_P3=0
HEAT_1_TEMP=28
HEAT_1_DUTY=0
HEAT_1_SP=-20.0
HEAT_2_TEMP=24
HEAT_2_DUTY=0
HEAT_2_SP=-20.0
HEAT_3_TEMP=29
HEAT_3_DUTY=0
HEAT_3_SP=-20.0
HEAT_4_TEMP=31
HEAT_4_DUTY=0
HEAT_4_SP=-20.0
MOTOR_ANGLE=-0.0003779069767441861
MOTOR_ACCUM=-0.0003779069767441861
MOTOR_ROT=0
TS=1786201117.104
V_SENSE5=1.16455078125
V_SENSE9=0.029296875
V_SENSE12=0.0830078125
ADC_V5=4.91180419921875

[22:29:57.397 CUBESAT]
TS=1786202444.538
V_SENSE5=159.99755859375
V_SENSE9=159.99755859375
V_SENSE12=159.99755859375
ADC_V5=579.9911499023438
ADC_V9=579.9911499023438
ADC_V12=579.9911499023438
ADC_V28=579.9911499023438
THERMAL_SENS_OUT_1=-50
THERMAL_SENS_OUT_2=-50
THERMAL_SENS_OUT_3=-50
THERMAL_SENS_OUT_4=-50
THERMAL_SENS_OUT_5=-50
THERMAL_SENS_OUT_6=-50
THERMAL_SENS_INT_1=-50
THERMAL_SENS_INT_2=-50
PG_5=1
PG_9=0
PG_12=0
FLT_P2=0
FLT_P3=0
HEAT_1_TEMP=-50
HEAT_1_DUTY=10
HEAT_1_SP=-20.0
HEAT_2_TEMP=-50
HEAT_2_DUTY=0
HEAT_2_SP=-20.0
HEAT_3_TEMP=-50
HEAT_3_DUTY=0
HEAT_3_SP=-20.0
HEAT_4_TEMP=-50
HEAT_4_DUTY=0
HEAT_4_SP=-20.0
MOTOR_ANGLE=0.0015261627906976744
MOTOR_ACCUM=0.0015261627906976744
MOTOR_ROT=0
TS=1786202446.539
V_SENSE5=159.99755859375
V_SENSE9=159.99755859375
V_SENSE12=159.99755859375
ADC_V5=579.9911499023438
ADC_V9=579.9911499023438
ADC_V12=579.9911499023438
ADC_V28=579.9911499023438
THERMAL_SENS_OUT_1=-50
THERMAL_SENS_OUT_2=-50
THERMAL_SENS_OUT_3=-50
THERMAL_SENS_OUT_4=-50
THERMAL_SENS_OUT_5=-50
THERMAL_SENS_OUT_6=-50
THERMAL_SENS_INT_1=-50
THERMAL_SENS_INT_2=-50
PG_5=1
PG_9=0
PG_12=0
FLT_P2=0
FLT_P3=0
HEAT_1_TEMP=-50
HEAT_1_DUTY=0
HEAT_1_SP=-20.0
HEAT_2_TEMP=-50
HEAT_2_DUTY=10
HEAT_2_SP=-20.0
HEAT_3_TEMP=-50
HEAT_3_DUTY=0
HEAT_3_SP=-20.0
HEAT_4_TEMP=-50
HEAT_4_DUTY=0
HEAT_4_SP=-20.0
MOTOR_ANGLE=0.0015261627906976744
MOTOR_ACCUM=0.0015261627906976744
MOTOR_ROT=0
TS=1786202448.538
V_SENSE5=159.99755859375
V_SENSE9=159.99755859375

[22:29:59.635 EBOX]
ADC_V9=8.7969970703125
ADC_V12=11.7706298828125
ADC_V28=28.08135986328125
THERMAL_SENS_OUT_1=30
THERMAL_SENS_OUT_2=-50
THERMAL_SENS_OUT_3=27
THERMAL_SENS_OUT_4=25
THERMAL_SENS_OUT_5=33
THERMAL_SENS_OUT_6=-50
THERMAL_SENS_INT_1=27
THERMAL_SENS_INT_2=28
PG_5=0
PG_9=0
PG_12=0
FLT_P2=0
FLT_P3=0
HEAT_1_TEMP=30
HEAT_1_DUTY=0
HEAT_1_SP=-20.0
HEAT_2_TEMP=27
HEAT_2_DUTY=0
HEAT_2_SP=-20.0
HEAT_3_TEMP=25
HEAT_3_DUTY=0
HEAT_3_SP=-20.0
HEAT_4_TEMP=33
HEAT_4_DUTY=0
HEAT_4_SP=-20.0
MOTOR_ANGLE=-0.0003779069767441861
MOTOR_ACCUM=-0.0003779069767441861
MOTOR_ROT=0
TS=1786201119.115
V_SENSE5=1.10595703125
V_SENSE9=0.0341796875
V_SENSE12=0.10009765625
ADC_V5=4.9560546875
ADC_V9=9.17755126953125
ADC_V12=11.81488037109375
ADC_V28=27.789306640625
THERMAL_SENS_OUT_1=32
THERMAL_SENS_OUT_2=-50
THERMAL_SENS_OUT_3=30
THERMAL_SENS_OUT_4=25
THERMAL_SENS_OUT_5=33
THERMAL_SENS_OUT_6=-50
THERMAL_SENS_INT_1=25
THERMAL_SENS_INT_2=31
PG_5=0
PG_9=0
PG_12=0
FLT_P2=0
FLT_P3=0
HEAT_1_TEMP=32
HEAT_1_DUTY=0
HEAT_1_SP=-20.0
HEAT_2_TEMP=30
HEAT_2_DUTY=0
HEAT_2_SP=-20.0
HEAT_3_TEMP=25
HEAT_3_DUTY=0
HEAT_3_SP=-20.0
HEAT_4_TEMP=33
HEAT_4_DUTY=0
HEAT_4_SP=-20.0
MOTOR_ANGLE=-0.0003779069767441861
MOTOR_ACCUM=-0.0003779069767441861
MOTOR_ROT=0
TS=1786201121.108
V_SENSE5=1.3134765625
V_SENSE9=0.03662109375
V_SENSE12=0.08544921875
ADC_V5=4.84100341796875
ADC_V9=9.1510009765625
ADC_V12=11.575927734375
ADC_V28=27.88665771484375
THERMAL_SENS_OUT_1=32
THERMAL_SENS_OUT_2=-50
THERMAL_SENS_OUT_3=29
THERMAL_SENS_OUT_4=26
THERMAL_SENS_OUT_5=35
THERMAL_SENS_OUT_6=-50
THERMAL_SENS_INT_1=27
THERMAL_SENS_INT_2=28
PG_5=0
PG_9=0
PG_12=0
FLT_P2=0
FLT_P3=0
HEAT_1_TEMP=32
HEAT_1_DUTY=0
HEAT_1_SP=-20.0
HEAT_2_TEMP=29
HEAT_2_DUTY=0
HEAT_2_SP=-20.0
HEAT_3_TEMP=26
HEAT_3_DUTY=0
HEAT_3_SP=-20.0
HEAT_4_TEMP=35
HEAT_4_DUTY=0
HEAT_4_SP=-20.0
MOTOR_ANGLE=-0.0003779069767441861
MOTOR_ACCUM=-0.0003779069767441861
MOTOR_ROT=0
TS=1786201123.112
V_SENSE5=1.2158203125
V_SENSE9=0.0341796875
V_SENSE12=0.07568359375
ADC_V5=4.94720458984375
ADC_V9=8.9385986328125
ADC_V12=11.69097900390625
ADC_V28=27.92205810546875
THERMAL_SENS_OUT_1=26
THERMAL_SENS_OUT_2=-50
THERMAL_SENS_OUT_3=29
THERMAL_SENS_OUT_4=28
THERMAL_SENS_OUT_5=34
THERMAL_SENS_OUT_6=-50
THERMAL_SENS_INT_1=25
THERMAL_SENS_INT_2=30
PG_5=0
PG_9=0
PG_12=0
FLT_P2=0
FLT_P3=0
HEAT_1_TEMP=26
HEAT_1_DUTY=0
HEAT_1_SP=-20.0
HEAT_2_TEMP=29
HEAT_2_DUTY=0
HEAT_2_SP=-20.0
HEAT_3_TEMP=28
HEAT_3_DUTY=0
HEAT_3_SP=-20.0
HEAT_4_TEMP=34
HEAT_4_DUTY=0
HEAT_4_SP=-20.0
MOTOR_ANGLE=-0.0003779069767441861
MOTOR_ACCUM=-0.0003779069767441861
MOTOR_ROT=0
TS=1786201125.117
V_SENSE5=1.3720703125
V_SENSE9=0.0390625
V_SENSE12=0.09033203125
ADC_V5=5.0091552734375
ADC_V9=9.2041015625
ADC_V12=11.717529296875
ADC_V28=27.95745849609375
THERMAL_SENS_OUT_1=28
THERMAL_SENS_OUT_2=-50
THERMAL_SENS_OUT_3=24
THERMAL_SENS_OUT_4=29
THERMAL_SENS_OUT_5=33
THERMAL_SENS_OUT_6=-50
THERMAL_SENS_INT_1=27
THERMAL_SENS_INT_2=25
PG_5=0
PG_9=0
PG_12=0
FLT_P2=0
FLT_P3=0
HEAT_1_TEMP=28
HEAT_1_DUTY=0
HEAT_1_SP=-20.0
HEAT_2_TEMP=24
HEAT_2_DUTY=0
HEAT_2_SP=-20.0
HEAT_3_TEMP=29
HEAT_3_DUTY=0
HEAT_3_SP=-20.0
HEAT_4_TEMP=33
HEAT_4_DUTY=0
HEAT_4_SP=-20.0
MOTOR_ANGLE=-0.0003779069767441861
MOTOR_ACCUM=-0.0003779069767441861
MOTOR_ROT=0
TS=1786201127.118
V_SENSE5=1.32080078125
V_SENSE9=0.03662109375
V_SENSE12=0.078125
ADC_V5=4.98260498046875
ADC_V9=8.77044677734375
ADC_V12=11.62017822265625
ADC_V28=27.67425537109375
THERMAL_SENS_OUT_1=32
THERMAL_SENS_OUT_2=-50
THERMAL_SENS_OUT_3=29
THERMAL_SENS_OUT_4=26
THERMAL_SENS_OUT_5=34
THERMAL_SENS_OUT_6=-50
THERMAL_SENS_INT_1=25
THERMAL_SENS_INT_2=30
PG_5=0
PG_9=0
PG_12=0
FLT_P2=0
FLT_P3=0
HEAT_1_TEMP=32
HEAT_1_DUTY=0
HEAT_1_SP=-20.0
HEAT_2_TEMP=29
HEAT_2_DUTY=0
HEAT_2_SP=-20.0
HEAT_3_TEMP=26
HEAT_3_DUTY=0
HEAT_3_SP=-20.0
HEAT_4_TEMP=34
HEAT_4_DUTY=0
HEAT_4_SP=-20.0
MOTOR_ANGLE=-0.0003779069767441861
MOTOR_ACCUM=-0.0003779069767441861
MOTOR_ROT=0
TS=1786201129.121
V_SENSE5=1.1572265625
V_SENSE9=0.029296875
V_SENSE12=0.078125
ADC_V5=4.8675537109375
ADC_V9=8.85894775390625
ADC_V12=11.788330078125
ADC_V28=27.9132080078125
THERMAL_SENS_OUT_1=30
THERMAL_SENS_OUT_2=-50
THERMAL_SENS_OUT_3=24
THERMAL_SENS_OUT_4=28
THERMAL_SENS_OUT_5=35
THERMAL_SENS_OUT_6=-50
THERMAL_SENS_INT_1=30
THERMAL_SENS_INT_2=25
PG_5=0
PG_9=0
PG_12=0
FLT_P2=0
FLT_P3=0
HEAT_1_TEMP=30
HEAT_1_DUTY=0
HEAT_1_SP=-20.0
HEAT_2_TEMP=24
HEAT_2_DUTY=0
HEAT_2_SP=-20.0
HEAT_3_TEMP=28
HEAT_3_DUTY=0
HEAT_3_SP=-20.0
HEAT_4_TEMP=35
HEAT_4_DUTY=0
HEAT_4_SP=-20.0
MOTOR_ANGLE=-0.0003779069767441861
MOTOR_ACCUM=-0.0003779069767441861
MOTOR_ROT=0
TS=1786201131.126
V_SENSE5=1.2939453125
V_SENSE9=0.05126953125
V_SENSE12=0.15380859375
ADC_V5=4.8675537109375
ADC_V9=9.2041015625
ADC_V12=11.4874267578125
ADC_V28=27.576904296875
THERMAL_SENS_OUT_1=26
THERMAL_SENS_OUT_2=-50
THERMAL_SENS_OUT_3=28
THERMAL_SENS_OUT_4=26
THERMAL_SENS_OUT_5=36
THERMAL_SENS_OUT_6=-50
THERMAL_SENS_INT_1=25
THERMAL_SENS_INT_2=31
PG_5=0
PG_9=0
PG_12=0
FLT_P2=0
FLT_P3=0
HEAT_1_TEMP=26
HEAT_1_DUTY=0
HEAT_1_SP=-20.0
HEAT_2_TEMP=28
HEAT_2_DUTY=0
HEAT_2_SP=-20.0
HEAT_3_TEMP=26
HEAT_3_DUTY=0
HEAT_3_SP=-20.0
HEAT_4_TEMP=36
HEAT_4_DUTY=0
HEAT_4_SP=-20.0
MOTOR_ANGLE=-0.0003779069767441861
MOTOR_ACCUM=-0.0003779069767441861
MOTOR_ROT=0
TS=1786201133.130
V_SENSE5=1.20849609375
V_SENSE9=0.0439453125
V_SENSE12=0.078125
ADC_V5=4.8675537109375
ADC_V9=9.26605224609375

[22:29:59.699 CUBESAT]
V_SENSE12=159.99755859375
ADC_V5=579.9911499023438
ADC_V9=579.9911499023438
ADC_V12=579.9911499023438
ADC_V28=579.9911499023438
THERMAL_SENS_OUT_1=-50
THERMAL_SENS_OUT_2=-50
THERMAL_SENS_OUT_3=-50
THERMAL_SENS_OUT_4=-50
THERMAL_SENS_OUT_5=-50
THERMAL_SENS_OUT_6=-50
THERMAL_SENS_INT_1=-50
THERMAL_SENS_INT_2=-50
PG_5=1
PG_9=0
PG_12=0
FLT_P2=0
FLT_P3=0
HEAT_1_TEMP=-50
HEAT_1_DUTY=10
HEAT_1_SP=-20.0
HEAT_2_TEMP=-50
HEAT_2_DUTY=0
HEAT_2_SP=-20.0
HEAT_3_TEMP=-50
HEAT_3_DUTY=0
HEAT_3_SP=-20.0
HEAT_4_TEMP=-50
HEAT_4_DUTY=0
HEAT_4_SP=-20.0
MOTOR_ANGLE=0.0015261627906976744
MOTOR_ACCUM=0.0015261627906976744
MOTOR_ROT=0
TS=1786202450.544
V_SENSE5=159.99755859375
V_SENSE9=159.99755859375
V_SENSE12=159.99755859375
ADC_V5=579.9911499023438
ADC_V9=579.9911499023438
ADC_V12=579.9911499023438
ADC_V28=579.9911499023438
THERMAL_SENS_OUT_1=-50
THERMAL_SENS_OUT_2=-50
THERMAL_SENS_OUT_3=-50
THERMAL_SENS_OUT_4=-50
THERMAL_SENS_OUT_5=-50
THERMAL_SENS_OUT_6=-50
THERMAL_SENS_INT_1=-50
THERMAL_SENS_INT_2=-50
PG_5=1
PG_9=0
PG_12=0
FLT_P2=0
FLT_P3=0
HEAT_1_TEMP=-50
HEAT_1_DUTY=0
HEAT_1_SP=-20.0
HEAT_2_TEMP=-50
HEAT_2_DUTY=10
HEAT_2_SP=-20.0
HEAT_3_TEMP=-50
HEAT_3_DUTY=0
HEAT_3_SP=-20.0
HEAT_4_TEMP=-50
HEAT_4_DUTY=0
HEAT_4_SP=-20.0
MOTOR_ANGLE=0.0015261627906976744
MOTOR_ACCUM=0.0015261627906976744
MOTOR_ROT=0
TS=1786202452.542
V_SENSE5=159.99755859375
V_SENSE9=159.99755859375
V_SENSE12=159.99755859375
ADC_V5=579.9911499023438
ADC_V9=579.9911499023438
ADC_V12=579.9911499023438
ADC_V28=579.9911499023438
THERMAL_SENS_OUT_1=-50
THERMAL_SENS_OUT_2=-50
THERMAL_SENS_OUT_3=-50
THERMAL_SENS_OUT_4=-50
THERMAL_SENS_OUT_5=-50
THERMAL_SENS_OUT_6=-50
THERMAL_SENS_INT_1=-50
THERMAL_SENS_INT_2=-50
PG_5=1
PG_9=0
PG_12=0
FLT_P2=0
FLT_P3=0
HEAT_1_TEMP=-50
HEAT_1_DUTY=0
HEAT_1_SP=-20.0
HEAT_2_TEMP=-50
HEAT_2_DUTY=0
HEAT_2_SP=-20.0
HEAT_3_TEMP=-50
HEAT_3_DUTY=0
HEAT_3_SP=-20.0
HEAT_4_TEMP=-50
HEAT_4_DUTY=10
HEAT_4_SP=-20.0
MOTOR_ANGLE=0.0015261627906976744
MOTOR_ACCUM=0.0015261627906976744
MOTOR_ROT=0
TS=1786202454.544
V_SENSE5=159.99755859375
V_SENSE9=159.99755859375
V_SENSE12=159.99755859375
ADC_V5=579.9911499023438
ADC_V9=579.9911499023438
ADC_V12=579.9911499023438
ADC_V28=579.9911499023438
THERMAL_SENS_OUT_1=-50
THERMAL_SENS_OUT_2=-50
THERMAL_SENS_OUT_3=-50
THERMAL_SENS_OUT_4=-50
THERMAL_SENS_OUT_5=-50
THERMAL_SENS_OUT_6=-50
THERMAL_SENS_INT_1=-50
THERMAL_SENS_INT_2=-50
PG_5=1
PG_9=0
PG_12=0
FLT_P2=0
FLT_P3=0
HEAT_1_TEMP=-50
HEAT_1_DUTY=0
HEAT_1_SP=-20.0
HEAT_2_TEMP=-50
HEAT_2_DUTY=0
HEAT_2_SP=-20.0
HEAT_3_TEMP=-50
HEAT_3_DUTY=10
HEAT_3_SP=-20.0
HEAT_4_TEMP=-50
HEAT_4_DUTY=0
HEAT_4_SP=-20.0
MOTOR_ANGLE=0.0015261627906976744
MOTOR_ACCUM=0.0015261627906976744
MOTOR_ROT=0

[22:29:59.864 CUBESAT]
TS=1786202456.549
V_SENSE5=159.99755859375
V_SENSE9=159.99755859375
V_SENSE12=159.99755859375
ADC_V5=579.9911499023438
ADC_V9=579.9911499023438
ADC_V12=579.9911499023438
ADC_V28=579.9911499023438
THERMAL_SENS_OUT_1=-50
THERMAL_SENS_OUT_2=-50
THERMAL_SENS_OUT_3=-50
THERMAL_SENS_OUT_4=-50
THERMAL_SENS_OUT_5=-50
THERMAL_SENS_OUT_6=-50
THERMAL_SENS_INT_1=-50
THERMAL_SENS_INT_2=-50
PG_5=1
PG_9=0
PG_12=0
FLT_P2=0
FLT_P3=0
HEAT_1_TEMP=-50
HEAT_1_DUTY=10
HEAT_1_SP=-20.0
HEAT_2_TEMP=-50
HEAT_2_DUTY=0
HEAT_2_SP=-20.0
HEAT_3_TEMP=-50
HEAT_3_DUTY=0
HEAT_3_SP=-20.0
HEAT_4_TEMP=-50
HEAT_4_DUTY=0
HEAT_4_SP=-20.0
MOTOR_ANGLE=0.0015261627906976744
MOTOR_ACCUM=0.0015261627906976744
MOTOR_ROT=0
TS=1786202458.549
V_SENSE5=159.99755859375
V_SENSE9=159.99755859375
V_SENSE12=159.99755859375
ADC_V5=579.9911499023438
ADC_V9=579.9911499023438
ADC_V12=579.9911499023438
ADC_V28=579.9911499023438
THERMAL_SENS_OUT_1=-50
THERMAL_SENS_OUT_2=-50
THERMAL_SENS_OUT_3=-50
THERMAL_SENS_OUT_4=-50
THERMAL_SENS_OUT_5=-50
THERMAL_SENS_OUT_6=-50
THERMAL_SENS_INT_1=-50
THERMAL_SENS_INT_2=-50
PG_5=1
PG_9=0
PG_12=0
FLT_P2=0
FLT_P3=0
HEAT_1_TEMP=-50
HEAT_1_DUTY=0
HEAT_1_SP=-20.0
HEAT_2_TEMP=-50
HEAT_2_DUTY=0
HEAT_2_SP=-20.0
HEAT_3_TEMP=-50
HEAT_3_DUTY=10
HEAT_3_SP=-20.0
HEAT_4_TEMP=-50
HEAT_4_DUTY=0
HEAT_4_SP=-20.0
MOTOR_ANGLE=0.0015261627906976744
MOTOR_ACCUM=0.0015261627906976744
MOTOR_ROT=0
TS=1786202460.557
V_SENSE5=159.99755859375
V_SENSE9=159.99755859375

[22:30:02.846 EBOX]
ADC_V12=11.6290283203125
ADC_V28=27.3468017578125
THERMAL_SENS_OUT_1=28
THERMAL_SENS_OUT_2=-50
THERMAL_SENS_OUT_3=26
THERMAL_SENS_OUT_4=30
THERMAL_SENS_OUT_5=31
THERMAL_SENS_OUT_6=-50
THERMAL_SENS_INT_1=30
THERMAL_SENS_INT_2=26
PG_5=0
PG_9=0
PG_12=0
FLT_P2=0
FLT_P3=0
HEAT_1_TEMP=28
HEAT_1_DUTY=0
HEAT_1_SP=-20.0
HEAT_2_TEMP=26
HEAT_2_DUTY=0
HEAT_2_SP=-20.0
HEAT_3_TEMP=30
HEAT_3_DUTY=0
HEAT_3_SP=-20.0
HEAT_4_TEMP=31
HEAT_4_DUTY=0
HEAT_4_SP=-20.0
MOTOR_ANGLE=-0.0003779069767441861
MOTOR_ACCUM=-0.0003779069767441861
MOTOR_ROT=0
TS=1786201135.132
V_SENSE5=1.162109375
V_SENSE9=0.029296875
V_SENSE12=0.087890625
ADC_V5=4.91180419921875
ADC_V9=9.097900390625
ADC_V12=11.788330078125
ADC_V28=27.47955322265625
THERMAL_SENS_OUT_1=28
THERMAL_SENS_OUT_2=-50
THERMAL_SENS_OUT_3=24
THERMAL_SENS_OUT_4=27
THERMAL_SENS_OUT_5=35
THERMAL_SENS_OUT_6=-50
THERMAL_SENS_INT_1=28
THERMAL_SENS_INT_2=30
PG_5=0
PG_9=0
PG_12=0
FLT_P2=0
FLT_P3=0
HEAT_1_TEMP=28
HEAT_1_DUTY=0
HEAT_1_SP=-20.0
HEAT_2_TEMP=24
HEAT_2_DUTY=0
HEAT_2_SP=-20.0
HEAT_3_TEMP=27
HEAT_3_DUTY=0
HEAT_3_SP=-20.0
HEAT_4_TEMP=35
HEAT_4_DUTY=0
HEAT_4_SP=-20.0
MOTOR_ANGLE=-0.0003779069767441861
MOTOR_ACCUM=-0.0003779069767441861
MOTOR_ROT=0
TS=1786201137.133
V_SENSE5=1.1181640625
V_SENSE9=0.04150390625
V_SENSE12=0.0830078125
ADC_V5=4.8321533203125
ADC_V9=9.41650390625
ADC_V12=11.99188232421875
ADC_V28=27.23175048828125
THERMAL_SENS_OUT_1=27
THERMAL_SENS_OUT_2=-50
THERMAL_SENS_OUT_3=24
THERMAL_SENS_OUT_4=29
THERMAL_SENS_OUT_5=32
THERMAL_SENS_OUT_6=-50
THERMAL_SENS_INT_1=26
THERMAL_SENS_INT_2=27
PG_5=0
PG_9=0
PG_12=0
FLT_P2=0
FLT_P3=0
HEAT_1_TEMP=27
HEAT_1_DUTY=0
HEAT_1_SP=-20.0
HEAT_2_TEMP=24
HEAT_2_DUTY=0
HEAT_2_SP=-20.0
HEAT_3_TEMP=29
HEAT_3_DUTY=0
HEAT_3_SP=-20.0
HEAT_4_TEMP=32
HEAT_4_DUTY=0
HEAT_4_SP=-20.0
MOTOR_ANGLE=-0.0003779069767441861
MOTOR_ACCUM=-0.0003779069767441861
MOTOR_ROT=0

[22:30:02.946 CUBESAT]
V_SENSE12=159.99755859375
ADC_V5=579.9911499023438
ADC_V9=579.9911499023438
ADC_V12=579.9911499023438
ADC_V28=579.9911499023438
THERMAL_SENS_OUT_1=-50
THERMAL_SENS_OUT_2=-50
THERMAL_SENS_OUT_3=-50
THERMAL_SENS_OUT_4=-50
THERMAL_SENS_OUT_5=-50
THERMAL_SENS_OUT_6=-50
THERMAL_SENS_INT_1=-50
THERMAL_SENS_INT_2=-50
PG_5=1
PG_9=0
PG_12=0
FLT_P2=0
FLT_P3=0
HEAT_1_TEMP=-50
HEAT_1_DUTY=10
HEAT_1_SP=-20.0
HEAT_2_TEMP=-50
HEAT_2_DUTY=0
HEAT_2_SP=-20.0
HEAT_3_TEMP=-50
HEAT_3_DUTY=0
HEAT_3_SP=-20.0
HEAT_4_TEMP=-50
HEAT_4_DUTY=0
HEAT_4_SP=-20.0
MOTOR_ANGLE=0.0015261627906976744
MOTOR_ACCUM=0.0015261627906976744
MOTOR_ROT=0
TS=1786202462.555
V_SENSE5=159.99755859375
V_SENSE9=159.99755859375
V_SENSE12=159.99755859375
ADC_V5=579.9911499023438
ADC_V9=579.9911499023438
ADC_V12=579.9911499023438
ADC_V28=579.9911499023438
THERMAL_SENS_OUT_1=-50
THERMAL_SENS_OUT_2=-50
THERMAL_SENS_OUT_3=-50
THERMAL_SENS_OUT_4=-50
THERMAL_SENS_OUT_5=-50
THERMAL_SENS_OUT_6=-50
THERMAL_SENS_INT_1=-50
THERMAL_SENS_INT_2=-50
PG_5=1
PG_9=0
PG_12=0
FLT_P2=0
FLT_P3=0
HEAT_1_TEMP=-50
HEAT_1_DUTY=0
HEAT_1_SP=-20.0
HEAT_2_TEMP=-50
HEAT_2_DUTY=0
HEAT_2_SP=-20.0
HEAT_3_TEMP=-50
HEAT_3_DUTY=10
HEAT_3_SP=-20.0
HEAT_4_TEMP=-50
HEAT_4_DUTY=0
HEAT_4_SP=-20.0
MOTOR_ANGLE=0.0015261627906976744
MOTOR_ACCUM=0.0015261627906976744
MOTOR_ROT=0
TS=1786202464.556
V_SENSE5=159.99755859375
V_SENSE9=159.99755859375
V_SENSE12=159.99755859375
ADC_V5=579.9911499023438
ADC_V9=579.9911499023438

[22:30:03.204 CUBESAT]
ADC_V12=579.9911499023438
ADC_V28=579.9911499023438
THERMAL_SENS_OUT_1=-50
THERMAL_SENS_OUT_2=-50
THERMAL_SENS_OUT_3=-50
THERMAL_SENS_OUT_4=-50
THERMAL_SENS_OUT_5=-50
THERMAL_SENS_OUT_6=-50
THERMAL_SENS_INT_1=-50
THERMAL_SENS_INT_2=-50
PG_5=1
PG_9=0
PG_12=0
FLT_P2=0
FLT_P3=0
HEAT_1_TEMP=-50
HEAT_1_DUTY=10
HEAT_1_SP=-20.0
HEAT_2_TEMP=-50
HEAT_2_DUTY=0
HEAT_2_SP=-20.0
HEAT_3_TEMP=-50
HEAT_3_DUTY=0
HEAT_3_SP=-20.0
HEAT_4_TEMP=-50
HEAT_4_DUTY=0
HEAT_4_SP=-20.0
MOTOR_ANGLE=0.0015261627906976744
MOTOR_ACCUM=0.0015261627906976744
MOTOR_ROT=0
TS=1786202466.557
V_SENSE5=159.99755859375
V_SENSE9=159.99755859375
V_SENSE12=159.99755859375
ADC_V5=579.9911499023438
ADC_V9=579.9911499023438
ADC_V12=579.9911499023438
ADC_V28=579.9911499023438
THERMAL_SENS_OUT_1=-50
THERMAL_SENS_OUT_2=-50
THERMAL_SENS_OUT_3=-50
THERMAL_SENS_OUT_4=-50
THERMAL_SENS_OUT_5=-50
THERMAL_SENS_OUT_6=-50
THERMAL_SENS_INT_1=-50
THERMAL_SENS_INT_2=-50
PG_5=1
PG_9=0
PG_12=0
FLT_P2=0
FLT_P3=0
HEAT_1_TEMP=-50
HEAT_1_DUTY=0
HEAT_1_SP=-20.0
HEAT_2_TEMP=-50
HEAT_2_DUTY=0
HEAT_2_SP=-20.0
HEAT_3_TEMP=-50
HEAT_3_DUTY=10
HEAT_3_SP=-20.0
HEAT_4_TEMP=-50
HEAT_4_DUTY=0
HEAT_4_SP=-20.0
MOTOR_ANGLE=0.0015261627906976744
MOTOR_ACCUM=0.0015261627906976744
MOTOR_ROT=0
TS=1786202468.559
V_SENSE5=159.99755859375
V_SENSE9=159.99755859375
V_SENSE12=159.99755859375
ADC_V5=579.9911499023438
ADC_V9=579.9911499023438
ADC_V12=579.9911499023438
ADC_V28=579.9911499023438
THERMAL_SENS_OUT_1=-50
THERMAL_SENS_OUT_2=-50
THERMAL_SENS_OUT_3=-50
THERMAL_SENS_OUT_4=-50
THERMAL_SENS_OUT_5=-50
THERMAL_SENS_OUT_6=-50
THERMAL_SENS_INT_1=-50
THERMAL_SENS_INT_2=-50
PG_5=1
PG_9=0
PG_12=0
FLT_P2=0
FLT_P3=0
HEAT_1_TEMP=-50
HEAT_1_DUTY=10
HEAT_1_SP=-20.0
HEAT_2_TEMP=-50
HEAT_2_DUTY=0
HEAT_2_SP=-20.0
HEAT_3_TEMP=-50
HEAT_3_DUTY=0
HEAT_3_SP=-20.0
HEAT_4_TEMP=-50
HEAT_4_DUTY=0
HEAT_4_SP=-20.0
MOTOR_ANGLE=0.0015261627906976744
MOTOR_ACCUM=0.0015261627906976744
MOTOR_ROT=0

[22:30:05.644 EBOX]
TS=1786201139.137
V_SENSE5=1.1865234375
V_SENSE9=0.0390625
V_SENSE12=0.08544921875
ADC_V5=4.9560546875
ADC_V9=8.80584716796875
ADC_V12=11.8414306640625
ADC_V28=27.3822021484375
THERMAL_SENS_OUT_1=31
THERMAL_SENS_OUT_2=-50
THERMAL_SENS_OUT_3=29
THERMAL_SENS_OUT_4=27
THERMAL_SENS_OUT_5=34
THERMAL_SENS_OUT_6=-50
THERMAL_SENS_INT_1=24
THERMAL_SENS_INT_2=26
PG_5=0
PG_9=0
PG_12=0
FLT_P2=0
FLT_P3=0
HEAT_1_TEMP=31
HEAT_1_DUTY=0
HEAT_1_SP=-20.0
HEAT_2_TEMP=29
HEAT_2_DUTY=0
HEAT_2_SP=-20.0
HEAT_3_TEMP=27
HEAT_3_DUTY=0
HEAT_3_SP=-20.0
HEAT_4_TEMP=34
HEAT_4_DUTY=0
HEAT_4_SP=-20.0
MOTOR_ANGLE=-0.0003779069767441861
MOTOR_ACCUM=-0.0003779069767441861
MOTOR_ROT=0

[22:30:05.744 CUBESAT]
TS=1786202470.562
V_SENSE5=159.99755859375
V_SENSE9=159.99755859375
V_SENSE12=159.99755859375
ADC_V5=579.9911499023438
ADC_V9=579.9911499023438
ADC_V12=579.9911499023438
ADC_V28=579.9911499023438
THERMAL_SENS_OUT_1=-50
THERMAL_SENS_OUT_2=-50
THERMAL_SENS_OUT_3=-50
THERMAL_SENS_OUT_4=-50
THERMAL_SENS_OUT_5=-50
THERMAL_SENS_OUT_6=-50
THERMAL_SENS_INT_1=-50
THERMAL_SENS_INT_2=-50
PG_5=1
PG_9=0
PG_12=0
FLT_P2=0
FLT_P3=0
HEAT_1_TEMP=-50
HEAT_1_DUTY=0
HEAT_1_SP=-20.0
HEAT_2_TEMP=-50
HEAT_2_DUTY=0
HEAT_2_SP=-20.0
HEAT_3_TEMP=-50
HEAT_3_DUTY=10
HEAT_3_SP=-20.0
HEAT_4_TEMP=-50
HEAT_4_DUTY=0
HEAT_4_SP=-20.0
MOTOR_ANGLE=0.0015261627906976744
MOTOR_ACCUM=0.0015261627906976744
MOTOR_ROT=0

[22:30:08.000 EBOX]
TS=1786201141.141
V_SENSE5=1.20849609375
V_SENSE9=0.11474609375
V_SENSE12=0.08056640625
ADC_V5=4.8675537109375
ADC_V9=9.24835205078125
ADC_V12=11.859130859375
ADC_V28=27.95745849609375
THERMAL_SENS_OUT_1=30
THERMAL_SENS_OUT_2=-50
THERMAL_SENS_OUT_3=24
THERMAL_SENS_OUT_4=29
THERMAL_SENS_OUT_5=36
THERMAL_SENS_OUT_6=-50
THERMAL_SENS_INT_1=29
THERMAL_SENS_INT_2=25
PG_5=0
PG_9=0
PG_12=0
FLT_P2=0
FLT_P3=0
HEAT_1_TEMP=30
HEAT_1_DUTY=0
HEAT_1_SP=-20.0
HEAT_2_TEMP=24
HEAT_2_DUTY=0
HEAT_2_SP=-20.0
HEAT_3_TEMP=29
HEAT_3_DUTY=0
HEAT_3_SP=-20.0
HEAT_4_TEMP=36
HEAT_4_DUTY=0
HEAT_4_SP=-20.0
MOTOR_ANGLE=-0.0003779069767441861
MOTOR_ACCUM=-0.0003779069767441861
MOTOR_ROT=0
TS=1786201143.143
V_SENSE5=1.31103515625
V_SENSE9=0.0390625
V_SENSE12=0.078125
ADC_V5=4.849853515625
ADC_V9=8.75274658203125
ADC_V12=11.88568115234375
ADC_V28=27.35565185546875
THERMAL_SENS_OUT_1=26
THERMAL_SENS_OUT_2=-50
THERMAL_SENS_OUT_3=24
THERMAL_SENS_OUT_4=27
THERMAL_SENS_OUT_5=36
THERMAL_SENS_OUT_6=-50
THERMAL_SENS_INT_1=29
THERMAL_SENS_INT_2=26
PG_5=0
PG_9=0
PG_12=0
FLT_P2=0
FLT_P3=0
HEAT_1_TEMP=26
HEAT_1_DUTY=0
HEAT_1_SP=-20.0
HEAT_2_TEMP=24
HEAT_2_DUTY=0
HEAT_2_SP=-20.0
HEAT_3_TEMP=27
HEAT_3_DUTY=0
HEAT_3_SP=-20.0
HEAT_4_TEMP=36
HEAT_4_DUTY=0
HEAT_4_SP=-20.0
MOTOR_ANGLE=-0.0003779069767441861
MOTOR_ACCUM=-0.0003779069767441861
MOTOR_ROT=0

[22:30:08.103 CUBESAT]
TS=1786202472.564
V_SENSE5=159.99755859375
V_SENSE9=159.99755859375
V_SENSE12=159.99755859375
ADC_V5=579.9911499023438
ADC_V9=579.9911499023438
ADC_V12=579.9911499023438
ADC_V28=579.9911499023438
THERMAL_SENS_OUT_1=-50
THERMAL_SENS_OUT_2=-50
THERMAL_SENS_OUT_3=-50
THERMAL_SENS_OUT_4=-50
THERMAL_SENS_OUT_5=-50
THERMAL_SENS_OUT_6=-50
THERMAL_SENS_INT_1=-50
THERMAL_SENS_INT_2=-50
PG_5=1
PG_9=0
PG_12=0
FLT_P2=0
FLT_P3=0
HEAT_1_TEMP=-50
HEAT_1_DUTY=10
HEAT_1_SP=-20.0
HEAT_2_TEMP=-50
HEAT_2_DUTY=0
HEAT_2_SP=-20.0
HEAT_3_TEMP=-50
HEAT_3_DUTY=0
HEAT_3_SP=-20.0
HEAT_4_TEMP=-50
HEAT_4_DUTY=0
HEAT_4_SP=-20.0
MOTOR_ANGLE=0.0015261627906976744
MOTOR_ACCUM=0.0015261627906976744
MOTOR_ROT=0
TS=1786202474.566
V_SENSE5=159.99755859375
V_SENSE9=159.99755859375
V_SENSE12=159.99755859375
ADC_V5=579.9911499023438
ADC_V9=579.9911499023438
ADC_V12=579.9911499023438
ADC_V28=579.9911499023438
THERMAL_SENS_OUT_1=-50
THERMAL_SENS_OUT_2=-50
THERMAL_SENS_OUT_3=-50
THERMAL_SENS_OUT_4=-50
THERMAL_SENS_OUT_5=-50
THERMAL_SENS_OUT_6=-50
THERMAL_SENS_INT_1=-50
THERMAL_SENS_INT_2=-50
PG_5=1
PG_9=0
PG_12=0
FLT_P2=0
FLT_P3=0
HEAT_1_TEMP=-50
HEAT_1_DUTY=0
HEAT_1_SP=-20.0
HEAT_2_TEMP=-50
HEAT_2_DUTY=0
HEAT_2_SP=-20.0
HEAT_3_TEMP=-50
HEAT_3_DUTY=10
HEAT_3_SP=-20.0
HEAT_4_TEMP=-50
HEAT_4_DUTY=0
HEAT_4_SP=-20.0
MOTOR_ANGLE=0.0015261627906976744
MOTOR_ACCUM=0.0015261627906976744
MOTOR_ROT=0

[22:30:10.343 CUBESAT]
TS=1786202476.569
V_SENSE5=159.99755859375
V_SENSE9=159.99755859375
V_SENSE12=159.99755859375
ADC_V5=579.9911499023438
ADC_V9=579.9911499023438
ADC_V12=579.9911499023438
ADC_V28=579.9911499023438
THERMAL_SENS_OUT_1=-50
THERMAL_SENS_OUT_2=-50
THERMAL_SENS_OUT_3=-50
THERMAL_SENS_OUT_4=-50
THERMAL_SENS_OUT_5=-50
THERMAL_SENS_OUT_6=-50
THERMAL_SENS_INT_1=-50
THERMAL_SENS_INT_2=-50
PG_5=1
PG_9=0
PG_12=0
FLT_P2=0
FLT_P3=0
HEAT_1_TEMP=-50
HEAT_1_DUTY=10
HEAT_1_SP=-20.0
HEAT_2_TEMP=-50
HEAT_2_DUTY=0
HEAT_2_SP=-20.0
HEAT_3_TEMP=-50
HEAT_3_DUTY=0
HEAT_3_SP=-20.0
HEAT_4_TEMP=-50
HEAT_4_DUTY=0
HEAT_4_SP=-20.0
MOTOR_ANGLE=0.0015261627906976744
MOTOR_ACCUM=0.0015261627906976744
MOTOR_ROT=0

[22:30:12.678 CUBESAT]
TS=1786202478.571
V_SENSE5=159.99755859375
V_SENSE9=159.99755859375
V_SENSE12=159.99755859375
ADC_V5=579.9911499023438
ADC_V9=579.9911499023438
ADC_V12=579.9911499023438
ADC_V28=579.9911499023438
THERMAL_SENS_OUT_1=-50
THERMAL_SENS_OUT_2=-50
THERMAL_SENS_OUT_3=-50
THERMAL_SENS_OUT_4=-50
THERMAL_SENS_OUT_5=-50
THERMAL_SENS_OUT_6=-50
THERMAL_SENS_INT_1=-50
THERMAL_SENS_INT_2=-50
PG_5=1
PG_9=0
PG_12=0
FLT_P2=0
FLT_P3=0
HEAT_1_TEMP=-50
HEAT_1_DUTY=0
HEAT_1_SP=-20.0
HEAT_2_TEMP=-50
HEAT_2_DUTY=0
HEAT_2_SP=-20.0
HEAT_3_TEMP=-50
HEAT_3_DUTY=10
HEAT_3_SP=-20.0
HEAT_4_TEMP=-50
HEAT_4_DUTY=0
HEAT_4_SP=-20.0
MOTOR_ANGLE=0.0015261627906976744
MOTOR_ACCUM=0.0015261627906976744
MOTOR_ROT=0

[22:30:14.514 CUBESAT]
TS=1786202480.582
V_SENSE5=159.99755859375
V_SENSE9=159.99755859375
V_SENSE12=159.99755859375
ADC_V5=579.9911499023438
ADC_V9=579.9911499023438
ADC_V12=579.9911499023438
ADC_V28=579.9911499023438
THERMAL_SENS_OUT_1=-50
THERMAL_SENS_OUT_2=-50
THERMAL_SENS_OUT_3=-50
THERMAL_SENS_OUT_4=-50
THERMAL_SENS_OUT_5=-50
THERMAL_SENS_OUT_6=-50
THERMAL_SENS_INT_1=-50
THERMAL_SENS_INT_2=-50
PG_5=1
PG_9=0
PG_12=0
FLT_P2=0
FLT_P3=0
HEAT_1_TEMP=-50
HEAT_1_DUTY=10
HEAT_1_SP=-20.0
HEAT_2_TEMP=-50
HEAT_2_DUTY=0
HEAT_2_SP=-20.0
HEAT_3_TEMP=-50
HEAT_3_DUTY=0
HEAT_3_SP=-20.0
HEAT_4_TEMP=-50
HEAT_4_DUTY=0
HEAT_4_SP=-20.0
MOTOR_ANGLE=0.0015261627906976744
MOTOR_ACCUM=0.0015261627906976744
MOTOR_ROT=0

[22:30:15.745 CUBESAT]
TS=1786202482.586
V_SENSE5=159.99755859375
V_SENSE9=159.99755859375
V_SENSE12=159.99755859375
ADC_V5=579.9911499023438
ADC_V9=579.9911499023438
ADC_V12=579.9911499023438
ADC_V28=579.9911499023438
THERMAL_SENS_OUT_1=-50
THERMAL_SENS_OUT_2=-50
THERMAL_SENS_OUT_3=-50
THERMAL_SENS_OUT_4=-50
THERMAL_SENS_OUT_5=-50
THERMAL_SENS_OUT_6=-50
THERMAL_SENS_INT_1=-50
THERMAL_SENS_INT_2=-50
PG_5=1
PG_9=0
PG_12=0
FLT_P2=0
FLT_P3=0
HEAT_1_TEMP=-50
HEAT_1_DUTY=0
HEAT_1_SP=-20.0
HEAT_2_TEMP=-50
HEAT_2_DUTY=0
HEAT_2_SP=-20.0
HEAT_3_TEMP=-50
HEAT_3_DUTY=10
HEAT_3_SP=-20.0
HEAT_4_TEMP=-50
HEAT_4_DUTY=0
HEAT_4_SP=-20.0
MOTOR_ANGLE=0.0015261627906976744
MOTOR_ACCUM=0.0015261627906976744
MOTOR_ROT=0

[22:30:15.903 EBOX]
TS=1786201145.147
V_SENSE5=1.3134765625
V_SENSE9=0.04150390625
V_SENSE12=0.087890625
ADC_V5=4.89410400390625
ADC_V9=9.01824951171875
ADC_V12=11.79718017578125
ADC_V28=27.0989990234375
THERMAL_SENS_OUT_1=27
THERMAL_SENS_OUT_2=-50
THERMAL_SENS_OUT_3=27
THERMAL_SENS_OUT_4=27
THERMAL_SENS_OUT_5=32
THERMAL_SENS_OUT_6=-50
THERMAL_SENS_INT_1=24
THERMAL_SENS_INT_2=28
PG_5=0
PG_9=0
PG_12=0
FLT_P2=0
FLT_P3=0
HEAT_1_TEMP=27
HEAT_1_DUTY=0
HEAT_1_SP=-20.0
HEAT_2_TEMP=27
HEAT_2_DUTY=0
HEAT_2_SP=-20.0
HEAT_3_TEMP=27
HEAT_3_DUTY=0
HEAT_3_SP=-20.0
HEAT_4_TEMP=32
HEAT_4_DUTY=0
HEAT_4_SP=-20.0
MOTOR_ANGLE=-0.0003779069767441861
MOTOR_ACCUM=-0.0003779069767441861
MOTOR_ROT=0
TS=1786201147.150
V_SENSE5=1.13037109375
V_SENSE9=0.03662109375
V_SENSE12=0.0732421875
ADC_V5=4.991455078125
ADC_V9=9.38995361328125
ADC_V12=11.7706298828125
ADC_V28=27.90435791015625
THERMAL_SENS_OUT_1=32
THERMAL_SENS_OUT_2=-50
THERMAL_SENS_OUT_3=29
THERMAL_SENS_OUT_4=28
THERMAL_SENS_OUT_5=33
THERMAL_SENS_OUT_6=-50
THERMAL_SENS_INT_1=29
THERMAL_SENS_INT_2=26
PG_5=0
PG_9=0
PG_12=0
FLT_P2=0
FLT_P3=0
HEAT_1_TEMP=32
HEAT_1_DUTY=0
HEAT_1_SP=-20.0
HEAT_2_TEMP=29
HEAT_2_DUTY=0
HEAT_2_SP=-20.0
HEAT_3_TEMP=28
HEAT_3_DUTY=0
HEAT_3_SP=-20.0
HEAT_4_TEMP=33
HEAT_4_DUTY=0
HEAT_4_SP=-20.0
MOTOR_ANGLE=-0.0003779069767441861
MOTOR_ACCUM=-0.0003779069767441861
MOTOR_ROT=0
TS=1786201149.153
V_SENSE5=1.11328125
V_SENSE9=0.0244140625
V_SENSE12=0.07080078125
ADC_V5=5.08880615234375
ADC_V9=9.1510009765625
ADC_V12=11.67327880859375
ADC_V28=28.13446044921875
THERMAL_SENS_OUT_1=29
THERMAL_SENS_OUT_2=-50
THERMAL_SENS_OUT_3=26
THERMAL_SENS_OUT_4=31
THERMAL_SENS_OUT_5=33
THERMAL_SENS_OUT_6=-50
THERMAL_SENS_INT_1=25
THERMAL_SENS_INT_2=30
PG_5=0
PG_9=0
PG_12=0
FLT_P2=0
FLT_P3=0
HEAT_1_TEMP=29
HEAT_1_DUTY=0
HEAT_1_SP=-20.0
HEAT_2_TEMP=26
HEAT_2_DUTY=0
HEAT_2_SP=-20.0
HEAT_3_TEMP=31
HEAT_3_DUTY=0
HEAT_3_SP=-20.0
HEAT_4_TEMP=33
HEAT_4_DUTY=0
HEAT_4_SP=-20.0
MOTOR_ANGLE=-0.0003779069767441861
MOTOR_ACCUM=-0.0003779069767441861
MOTOR_ROT=0

[22:30:16.067 CUBESAT]
TS=1786202484.578
V_SENSE5=159.99755859375
V_SENSE9=159.99755859375
V_SENSE12=159.99755859375
ADC_V5=579.9911499023438
ADC_V9=579.9911499023438
ADC_V12=579.9911499023438
ADC_V28=579.9911499023438
THERMAL_SENS_OUT_1=-50
THERMAL_SENS_OUT_2=-50
THERMAL_SENS_OUT_3=-50
THERMAL_SENS_OUT_4=-50
THERMAL_SENS_OUT_5=-50
THERMAL_SENS_OUT_6=-50
THERMAL_SENS_INT_1=-50
THERMAL_SENS_INT_2=-50
PG_5=1
PG_9=0
PG_12=0
FLT_P2=0
FLT_P3=0
HEAT_1_TEMP=-50
HEAT_1_DUTY=10
HEAT_1_SP=-20.0
HEAT_2_TEMP=-50
HEAT_2_DUTY=0
HEAT_2_SP=-20.0
HEAT_3_TEMP=-50
HEAT_3_DUTY=0
HEAT_3_SP=-20.0
HEAT_4_TEMP=-50
HEAT_4_DUTY=0
HEAT_4_SP=-20.0
MOTOR_ANGLE=0.0015261627906976744
MOTOR_ACCUM=0.0015261627906976744
MOTOR_ROT=0

[22:30:16.246 EBOX]
TS=1786201151.161
V_SENSE5=1.26953125
V_SENSE9=0.03173828125
V_SENSE12=0.078125
ADC_V5=4.8675537109375
ADC_V9=9.239501953125
ADC_V12=11.717529296875
ADC_V28=27.37335205078125
THERMAL_SENS_OUT_1=27
THERMAL_SENS_OUT_2=-50
THERMAL_SENS_OUT_3=27
THERMAL_SENS_OUT_4=29
THERMAL_SENS_OUT_5=32
THERMAL_SENS_OUT_6=-50
THERMAL_SENS_INT_1=26
THERMAL_SENS_INT_2=29
PG_5=0
PG_9=0
PG_12=0
FLT_P2=0
FLT_P3=0
HEAT_1_TEMP=27
HEAT_1_DUTY=0
HEAT_1_SP=-20.0
HEAT_2_TEMP=27
HEAT_2_DUTY=0
HEAT_2_SP=-20.0
HEAT_3_TEMP=29
HEAT_3_DUTY=0
HEAT_3_SP=-20.0
HEAT_4_TEMP=32
HEAT_4_DUTY=0
HEAT_4_SP=-20.0
MOTOR_ANGLE=-0.0003779069767441861
MOTOR_ACCUM=-0.0003779069767441861
MOTOR_ROT=0
TS=1786201153.161
V_SENSE5=1.13525390625
V_SENSE9=0.04150390625
V_SENSE12=0.09521484375
ADC_V5=4.88525390625
ADC_V9=9.42535400390625
ADC_V12=11.6290283203125
ADC_V28=27.99285888671875
THERMAL_SENS_OUT_1=27
THERMAL_SENS_OUT_2=-50
THERMAL_SENS_OUT_3=24
THERMAL_SENS_OUT_4=29
THERMAL_SENS_OUT_5=34
THERMAL_SENS_OUT_6=-50
THERMAL_SENS_INT_1=25
THERMAL_SENS_INT_2=25
PG_5=0
PG_9=0
PG_12=0
FLT_P2=0
FLT_P3=0
HEAT_1_TEMP=27
HEAT_1_DUTY=0
HEAT_1_SP=-20.0
HEAT_2_TEMP=24
HEAT_2_DUTY=0
HEAT_2_SP=-20.0
HEAT_3_TEMP=29
HEAT_3_DUTY=0
HEAT_3_SP=-20.0
HEAT_4_TEMP=34
HEAT_4_DUTY=0
HEAT_4_SP=-20.0
MOTOR_ANGLE=-0.0003779069767441861
MOTOR_ACCUM=-0.0003779069767441861
MOTOR_ROT=0

[22:30:17.598 CUBESAT]
TS=1786202486.580
V_SENSE5=159.99755859375
V_SENSE9=159.99755859375
V_SENSE12=159.99755859375
ADC_V5=579.9911499023438
ADC_V9=579.9911499023438
ADC_V12=579.9911499023438
ADC_V28=579.9911499023438
THERMAL_SENS_OUT_1=-50
THERMAL_SENS_OUT_2=-50
THERMAL_SENS_OUT_3=-50
THERMAL_SENS_OUT_4=-50
THERMAL_SENS_OUT_5=-50
THERMAL_SENS_OUT_6=-50
THERMAL_SENS_INT_1=-50
THERMAL_SENS_INT_2=-50
PG_5=1
PG_9=0
PG_12=0
FLT_P2=0
FLT_P3=0
HEAT_1_TEMP=-50
HEAT_1_DUTY=0
HEAT_1_SP=-20.0
HEAT_2_TEMP=-50
HEAT_2_DUTY=0
HEAT_2_SP=-20.0
HEAT_3_TEMP=-50
HEAT_3_DUTY=10
HEAT_3_SP=-20.0
HEAT_4_TEMP=-50
HEAT_4_DUTY=0
HEAT_4_SP=-20.0
MOTOR_ANGLE=0.0015261627906976744
MOTOR_ACCUM=0.0015261627906976744
MOTOR_ROT=0

[22:30:17.683 EBOX]
TS=1786201155.164
V_SENSE5=1.13037109375
V_SENSE9=0.0439453125
V_SENSE12=0.068359375
ADC_V5=4.9383544921875
ADC_V9=9.4873046875
ADC_V12=11.5582275390625
ADC_V28=27.930908203125
THERMAL_SENS_OUT_1=31
THERMAL_SENS_OUT_2=-50
THERMAL_SENS_OUT_3=23
THERMAL_SENS_OUT_4=26
THERMAL_SENS_OUT_5=34
THERMAL_SENS_OUT_6=-50
THERMAL_SENS_INT_1=26
THERMAL_SENS_INT_2=29
PG_5=0
PG_9=0
PG_12=0
FLT_P2=0
FLT_P3=0
HEAT_1_TEMP=31
HEAT_1_DUTY=0
HEAT_1_SP=-20.0
HEAT_2_TEMP=23
HEAT_2_DUTY=0
HEAT_2_SP=-20.0
HEAT_3_TEMP=26
HEAT_3_DUTY=0
HEAT_3_SP=-20.0
HEAT_4_TEMP=34
HEAT_4_DUTY=0
HEAT_4_SP=-20.0
MOTOR_ANGLE=-0.0003779069767441861
MOTOR_ACCUM=-0.0003779069767441861
MOTOR_ROT=0

[22:30:19.530 CUBESAT]
TS=1786202488.582
V_SENSE5=159.99755859375
V_SENSE9=159.99755859375
V_SENSE12=159.99755859375
ADC_V5=579.9911499023438
ADC_V9=579.9911499023438
ADC_V12=579.9911499023438
ADC_V28=579.9911499023438
THERMAL_SENS_OUT_1=-50
THERMAL_SENS_OUT_2=-50
THERMAL_SENS_OUT_3=-50
THERMAL_SENS_OUT_4=-50
THERMAL_SENS_OUT_5=-50
THERMAL_SENS_OUT_6=-50
THERMAL_SENS_INT_1=-50
THERMAL_SENS_INT_2=-50
PG_5=1
PG_9=0
PG_12=0
FLT_P2=0
FLT_P3=0
HEAT_1_TEMP=-50
HEAT_1_DUTY=10
HEAT_1_SP=-20.0
HEAT_2_TEMP=-50
HEAT_2_DUTY=0
HEAT_2_SP=-20.0
HEAT_3_TEMP=-50
HEAT_3_DUTY=0
HEAT_3_SP=-20.0
HEAT_4_TEMP=-50
HEAT_4_DUTY=0
HEAT_4_SP=-20.0
MOTOR_ANGLE=0.0015261627906976744
MOTOR_ACCUM=0.0015261627906976744
MOTOR_ROT=0

[22:30:19.617 EBOX]
TS=1786201157.183
V_SENSE5=1.025390625
V_SENSE9=0.03173828125
V_SENSE12=0.08544921875
ADC_V5=4.87640380859375
ADC_V9=9.13330078125
ADC_V12=12.02728271484375
ADC_V28=27.28485107421875
THERMAL_SENS_OUT_1=31
THERMAL_SENS_OUT_2=-50
THERMAL_SENS_OUT_3=25
THERMAL_SENS_OUT_4=30
THERMAL_SENS_OUT_5=36
THERMAL_SENS_OUT_6=-50
THERMAL_SENS_INT_1=30
THERMAL_SENS_INT_2=25
PG_5=0
PG_9=0
PG_12=0
FLT_P2=0
FLT_P3=0
HEAT_1_TEMP=31
HEAT_1_DUTY=0
HEAT_1_SP=-20.0
HEAT_2_TEMP=25
HEAT_2_DUTY=0
HEAT_2_SP=-20.0
HEAT_3_TEMP=30
HEAT_3_DUTY=0
HEAT_3_SP=-20.0
HEAT_4_TEMP=36
HEAT_4_DUTY=0
HEAT_4_SP=-20.0
MOTOR_ANGLE=-0.0003779069767441861
MOTOR_ACCUM=-0.0003779069767441861
MOTOR_ROT=0

[22:30:21.566 CUBESAT]
TS=1786202490.590
V_SENSE5=159.99755859375
V_SENSE9=159.99755859375
V_SENSE12=159.99755859375
ADC_V5=579.9911499023438
ADC_V9=579.9911499023438
ADC_V12=579.9911499023438
ADC_V28=579.9911499023438
THERMAL_SENS_OUT_1=-50
THERMAL_SENS_OUT_2=-50
THERMAL_SENS_OUT_3=-50
THERMAL_SENS_OUT_4=-50
THERMAL_SENS_OUT_5=-50
THERMAL_SENS_OUT_6=-50
THERMAL_SENS_INT_1=-50
THERMAL_SENS_INT_2=-50
PG_5=1
PG_9=0
PG_12=0
FLT_P2=0
FLT_P3=0
HEAT_1_TEMP=-50
HEAT_1_DUTY=0
HEAT_1_SP=-20.0
HEAT_2_TEMP=-50
HEAT_2_DUTY=0
HEAT_2_SP=-20.0
HEAT_3_TEMP=-50
HEAT_3_DUTY=10
HEAT_3_SP=-20.0
HEAT_4_TEMP=-50
HEAT_4_DUTY=0
HEAT_4_SP=-20.0
MOTOR_ANGLE=0.0015261627906976744
MOTOR_ACCUM=0.0015261627906976744
MOTOR_ROT=0

[22:30:21.654 EBOX]
TS=1786201159.173
V_SENSE5=1.1376953125
V_SENSE9=0.0390625
V_SENSE12=0.078125
ADC_V5=4.9737548828125
ADC_V9=8.96514892578125
ADC_V12=11.82373046875
ADC_V28=27.0989990234375
THERMAL_SENS_OUT_1=28
THERMAL_SENS_OUT_2=-50
THERMAL_SENS_OUT_3=25
THERMAL_SENS_OUT_4=31
THERMAL_SENS_OUT_5=32
THERMAL_SENS_OUT_6=-50
THERMAL_SENS_INT_1=25
THERMAL_SENS_INT_2=30
PG_5=0
PG_9=0
PG_12=0
FLT_P2=0
FLT_P3=0
HEAT_1_TEMP=28
HEAT_1_DUTY=0
HEAT_1_SP=-20.0
HEAT_2_TEMP=25
HEAT_2_DUTY=0
HEAT_2_SP=-20.0
HEAT_3_TEMP=31
HEAT_3_DUTY=0
HEAT_3_SP=-20.0
HEAT_4_TEMP=32
HEAT_4_DUTY=0
HEAT_4_SP=-20.0
MOTOR_ANGLE=-0.0003779069767441861
MOTOR_ACCUM=-0.0003779069767441861
MOTOR_ROT=0

[22:30:23.586 EBOX]
TS=1786201161.176
V_SENSE5=1.142578125
V_SENSE9=0.029296875
V_SENSE12=0.07568359375
ADC_V5=4.82330322265625
ADC_V9=9.381103515625
ADC_V12=11.65557861328125
ADC_V28=28.09906005859375
THERMAL_SENS_OUT_1=30
THERMAL_SENS_OUT_2=-50
THERMAL_SENS_OUT_3=24
THERMAL_SENS_OUT_4=30
THERMAL_SENS_OUT_5=31
THERMAL_SENS_OUT_6=-50
THERMAL_SENS_INT_1=27
THERMAL_SENS_INT_2=25
PG_5=0
PG_9=0
PG_12=0
FLT_P2=0
FLT_P3=0
HEAT_1_TEMP=30
HEAT_1_DUTY=0
HEAT_1_SP=-20.0
HEAT_2_TEMP=24
HEAT_2_DUTY=0
HEAT_2_SP=-20.0
HEAT_3_TEMP=30
HEAT_3_DUTY=0
HEAT_3_SP=-20.0
HEAT_4_TEMP=31
HEAT_4_DUTY=0
HEAT_4_SP=-20.0
MOTOR_ANGLE=-0.0003779069767441861
MOTOR_ACCUM=-0.0003779069767441861
MOTOR_ROT=0

[22:30:23.606 CUBESAT]
TS=1786202492.586
V_SENSE5=159.99755859375
V_SENSE9=159.99755859375
V_SENSE12=159.99755859375
ADC_V5=579.9911499023438
ADC_V9=579.9911499023438
ADC_V12=579.9911499023438
ADC_V28=579.9911499023438
THERMAL_SENS_OUT_1=-50
THERMAL_SENS_OUT_2=-50
THERMAL_SENS_OUT_3=-50
THERMAL_SENS_OUT_4=-50
THERMAL_SENS_OUT_5=-50
THERMAL_SENS_OUT_6=-50
THERMAL_SENS_INT_1=-50
THERMAL_SENS_INT_2=-50
PG_5=1
PG_9=0
PG_12=0
FLT_P2=0
FLT_P3=0
HEAT_1_TEMP=-50
HEAT_1_DUTY=10
HEAT_1_SP=-20.0
HEAT_2_TEMP=-50
HEAT_2_DUTY=0
HEAT_2_SP=-20.0
HEAT_3_TEMP=-50
HEAT_3_DUTY=0
HEAT_3_SP=-20.0
HEAT_4_TEMP=-50
HEAT_4_DUTY=0
HEAT_4_SP=-20.0
MOTOR_ANGLE=0.0015261627906976744
MOTOR_ACCUM=0.0015261627906976744
MOTOR_ROT=0

[22:30:25.621 EBOX]
TS=1786201163.178
V_SENSE5=1.201171875
V_SENSE9=0.02685546875
V_SENSE12=0.087890625
ADC_V5=5.0091552734375
ADC_V9=8.9208984375
ADC_V12=11.88568115234375
ADC_V28=27.81585693359375
THERMAL_SENS_OUT_1=31
THERMAL_SENS_OUT_2=-50
THERMAL_SENS_OUT_3=26
THERMAL_SENS_OUT_4=27
THERMAL_SENS_OUT_5=36
THERMAL_SENS_OUT_6=-50
THERMAL_SENS_INT_1=24
THERMAL_SENS_INT_2=27
PG_5=0
PG_9=0
PG_12=0
FLT_P2=0
FLT_P3=0
HEAT_1_TEMP=31
HEAT_1_DUTY=0
HEAT_1_SP=-20.0
HEAT_2_TEMP=26
HEAT_2_DUTY=0
HEAT_2_SP=-20.0
HEAT_3_TEMP=27
HEAT_3_DUTY=0
HEAT_3_SP=-20.0
HEAT_4_TEMP=36
HEAT_4_DUTY=0
HEAT_4_SP=-20.0
MOTOR_ANGLE=-0.0003779069767441861
MOTOR_ACCUM=-0.0003779069767441861
MOTOR_ROT=0

[22:30:27.555 EBOX]
TS=1786201165.180
V_SENSE5=1.15234375
V_SENSE9=0.04150390625
V_SENSE12=0.08056640625
ADC_V5=4.9560546875
ADC_V9=9.097900390625
ADC_V12=11.54937744140625
ADC_V28=27.5946044921875
THERMAL_SENS_OUT_1=28
THERMAL_SENS_OUT_2=-50
THERMAL_SENS_OUT_3=29
THERMAL_SENS_OUT_4=28
THERMAL_SENS_OUT_5=36
THERMAL_SENS_OUT_6=-50
THERMAL_SENS_INT_1=25
THERMAL_SENS_INT_2=28
PG_5=0
PG_9=0
PG_12=0
FLT_P2=0
FLT_P3=0
HEAT_1_TEMP=28
HEAT_1_DUTY=0
HEAT_1_SP=-20.0
HEAT_2_TEMP=29
HEAT_2_DUTY=0
HEAT_2_SP=-20.0
HEAT_3_TEMP=28
HEAT_3_DUTY=0
HEAT_3_SP=-20.0
HEAT_4_TEMP=36
HEAT_4_DUTY=0
HEAT_4_SP=-20.0
MOTOR_ANGLE=-0.0003779069767441861
MOTOR_ACCUM=-0.0003779069767441861
MOTOR_ROT=0

[22:30:29.909 EBOX]
TS=1786201167.183
V_SENSE5=1.15966796875
V_SENSE9=0.03662109375
V_SENSE12=0.078125
ADC_V5=5.0091552734375
ADC_V9=9.5404052734375
ADC_V12=11.8768310546875
ADC_V28=27.30255126953125
THERMAL_SENS_OUT_1=28
THERMAL_SENS_OUT_2=-50
THERMAL_SENS_OUT_3=25
THERMAL_SENS_OUT_4=27
THERMAL_SENS_OUT_5=35
THERMAL_SENS_OUT_6=-50
THERMAL_SENS_INT_1=30
THERMAL_SENS_INT_2=29
PG_5=0
PG_9=0
PG_12=0
FLT_P2=0
FLT_P3=0
HEAT_1_TEMP=28
HEAT_1_DUTY=0
HEAT_1_SP=-20.0
HEAT_2_TEMP=25
HEAT_2_DUTY=0
HEAT_2_SP=-20.0
HEAT_3_TEMP=27
HEAT_3_DUTY=0
HEAT_3_SP=-20.0
HEAT_4_TEMP=35
HEAT_4_DUTY=0
HEAT_4_SP=-20.0
MOTOR_ANGLE=-0.0003779069767441861
MOTOR_ACCUM=-0.0003779069767441861
MOTOR_ROT=0

[22:30:31.648 EBOX]
TS=1786201169.201
V_SENSE5=1.015625
V_SENSE9=0.029296875
V_SENSE12=0.0927734375
ADC_V5=4.814453125
ADC_V9=9.30145263671875
ADC_V12=11.4697265625
ADC_V28=27.4176025390625
THERMAL_SENS_OUT_1=26
THERMAL_SENS_OUT_2=-50
THERMAL_SENS_OUT_3=25
THERMAL_SENS_OUT_4=25
THERMAL_SENS_OUT_5=32
THERMAL_SENS_OUT_6=-50
THERMAL_SENS_INT_1=29
THERMAL_SENS_INT_2=25
PG_5=0
PG_9=0
PG_12=0
FLT_P2=0
FLT_P3=0
HEAT_1_TEMP=26
HEAT_1_DUTY=0
HEAT_1_SP=-20.0
HEAT_2_TEMP=25
HEAT_2_DUTY=0
HEAT_2_SP=-20.0
HEAT_3_TEMP=25
HEAT_3_DUTY=0
HEAT_3_SP=-20.0
HEAT_4_TEMP=32
HEAT_4_DUTY=0
HEAT_4_SP=-20.0
MOTOR_ANGLE=-0.0003779069767441861
MOTOR_ACCUM=-0.0003779069767441861
MOTOR_ROT=0

[22:30:32.094 CUBESAT]
TS=1786202494.597
V_SENSE5=159.99755859375
V_SENSE9=159.99755859375
V_SENSE12=159.99755859375
ADC_V5=579.9911499023438
ADC_V9=579.9911499023438
ADC_V12=579.9911499023438
ADC_V28=579.9911499023438
THERMAL_SENS_OUT_1=-50
THERMAL_SENS_OUT_2=-50
THERMAL_SENS_OUT_3=-50
THERMAL_SENS_OUT_4=-50
THERMAL_SENS_OUT_5=-50
THERMAL_SENS_OUT_6=-50
THERMAL_SENS_INT_1=-50
THERMAL_SENS_INT_2=-50
PG_5=1
PG_9=0
PG_12=0
FLT_P2=0
FLT_P3=0
HEAT_1_TEMP=-50
HEAT_1_DUTY=0
HEAT_1_SP=-20.0
HEAT_2_TEMP=-50
HEAT_2_DUTY=0
HEAT_2_SP=-20.0
HEAT_3_TEMP=-50
HEAT_3_DUTY=10
HEAT_3_SP=-20.0
HEAT_4_TEMP=-50
HEAT_4_DUTY=0
HEAT_4_SP=-20.0
MOTOR_ANGLE=0.0015261627906976744
MOTOR_ACCUM=0.0015261627906976744
MOTOR_ROT=0
TS=1786202496.590
V_SENSE5=159.99755859375
V_SENSE9=159.99755859375
V_SENSE12=159.99755859375
ADC_V5=579.9911499023438
ADC_V9=579.9911499023438
ADC_V12=579.9911499023438
ADC_V28=579.9911499023438
THERMAL_SENS_OUT_1=-50
THERMAL_SENS_OUT_2=-50
THERMAL_SENS_OUT_3=-50
THERMAL_SENS_OUT_4=-50
THERMAL_SENS_OUT_5=-50
THERMAL_SENS_OUT_6=-50
THERMAL_SENS_INT_1=-50
THERMAL_SENS_INT_2=-50
PG_5=1
PG_9=0
PG_12=0
FLT_P2=0
FLT_P3=0
HEAT_1_TEMP=-50
HEAT_1_DUTY=10
HEAT_1_SP=-20.0
HEAT_2_TEMP=-50
HEAT_2_DUTY=0
HEAT_2_SP=-20.0
HEAT_3_TEMP=-50
HEAT_3_DUTY=0
HEAT_3_SP=-20.0
HEAT_4_TEMP=-50
HEAT_4_DUTY=0
HEAT_4_SP=-20.0
MOTOR_ANGLE=0.0015261627906976744
MOTOR_ACCUM=0.0015261627906976744
MOTOR_ROT=0

[22:30:32.239 CUBESAT]
TS=1786202498.597
V_SENSE5=159.99755859375
V_SENSE9=159.99755859375
V_SENSE12=159.99755859375
ADC_V5=579.9911499023438
ADC_V9=579.9911499023438
ADC_V12=579.9911499023438
ADC_V28=579.9911499023438
THERMAL_SENS_OUT_1=-50
THERMAL_SENS_OUT_2=-50
THERMAL_SENS_OUT_3=-50
THERMAL_SENS_OUT_4=-50
THERMAL_SENS_OUT_5=-50
THERMAL_SENS_OUT_6=-50
THERMAL_SENS_INT_1=-50
THERMAL_SENS_INT_2=-50
PG_5=1
PG_9=0
PG_12=0
FLT_P2=0
FLT_P3=0
HEAT_1_TEMP=-50
HEAT_1_DUTY=0
HEAT_1_SP=-20.0
HEAT_2_TEMP=-50
HEAT_2_DUTY=0
HEAT_2_SP=-20.0
HEAT_3_TEMP=-50
HEAT_3_DUTY=10
HEAT_3_SP=-20.0
HEAT_4_TEMP=-50
HEAT_4_DUTY=0
HEAT_4_SP=-20.0
MOTOR_ANGLE=0.0015261627906976744
MOTOR_ACCUM=0.0015261627906976744
MOTOR_ROT=0
TS=1786202500.593
V_SENSE5=159.99755859375
V_SENSE9=159.99755859375
V_SENSE12=159.99755859375
ADC_V5=579.9911499023438
ADC_V9=579.9911499023438
ADC_V12=579.9911499023438
ADC_V28=579.9911499023438
THERMAL_SENS_OUT_1=-50
THERMAL_SENS_OUT_2=-50
THERMAL_SENS_OUT_3=-50
THERMAL_SENS_OUT_4=-50
THERMAL_SENS_OUT_5=-50
THERMAL_SENS_OUT_6=-50
THERMAL_SENS_INT_1=-50
THERMAL_SENS_INT_2=-50
PG_5=1
PG_9=0
PG_12=0
FLT_P2=0
FLT_P3=0
HEAT_1_TEMP=-50
HEAT_1_DUTY=10
HEAT_1_SP=-20.0
HEAT_2_TEMP=-50
HEAT_2_DUTY=0
HEAT_2_SP=-20.0
HEAT_3_TEMP=-50
HEAT_3_DUTY=0
HEAT_3_SP=-20.0
HEAT_4_TEMP=-50
HEAT_4_DUTY=0
HEAT_4_SP=-20.0
MOTOR_ANGLE=0.0015261627906976744
MOTOR_ACCUM=0.0015261627906976744
MOTOR_ROT=0

[22:30:35.393 EBOX]
TS=1786201171.189
V_SENSE5=1.171875
V_SENSE9=0.04150390625
V_SENSE12=0.087890625
ADC_V5=4.991455078125
ADC_V9=9.05364990234375
ADC_V12=11.88568115234375
ADC_V28=27.28485107421875
THERMAL_SENS_OUT_1=28
THERMAL_SENS_OUT_2=-50
THERMAL_SENS_OUT_3=26
THERMAL_SENS_OUT_4=26
THERMAL_SENS_OUT_5=36
THERMAL_SENS_OUT_6=-50
THERMAL_SENS_INT_1=29
THERMAL_SENS_INT_2=27
PG_5=0
PG_9=0
PG_12=0
FLT_P2=0
FLT_P3=0
HEAT_1_TEMP=28
HEAT_1_DUTY=0
HEAT_1_SP=-20.0
HEAT_2_TEMP=26
HEAT_2_DUTY=0
HEAT_2_SP=-20.0
HEAT_3_TEMP=26
HEAT_3_DUTY=0
HEAT_3_SP=-20.0
HEAT_4_TEMP=36
HEAT_4_DUTY=0
HEAT_4_SP=-20.0
MOTOR_ANGLE=-0.0003779069767441861
MOTOR_ACCUM=-0.0003779069767441861
MOTOR_ROT=0

[22:30:35.485 CUBESAT]
TS=1786202502.596
V_SENSE5=159.99755859375
V_SENSE9=159.99755859375
V_SENSE12=159.99755859375
ADC_V5=579.9911499023438
ADC_V9=579.9911499023438
ADC_V12=579.9911499023438
ADC_V28=579.9911499023438
THERMAL_SENS_OUT_1=-50
THERMAL_SENS_OUT_2=-50
THERMAL_SENS_OUT_3=-50
THERMAL_SENS_OUT_4=-50
THERMAL_SENS_OUT_5=-50
THERMAL_SENS_OUT_6=-50
THERMAL_SENS_INT_1=-50
THERMAL_SENS_INT_2=-50
PG_5=1
PG_9=0
PG_12=0
FLT_P2=0
FLT_P3=0
HEAT_1_TEMP=-50
HEAT_1_DUTY=0
HEAT_1_SP=-20.0
HEAT_2_TEMP=-50
HEAT_2_DUTY=0
HEAT_2_SP=-20.0
HEAT_3_TEMP=-50
HEAT_3_DUTY=10
HEAT_3_SP=-20.0
HEAT_4_TEMP=-50
HEAT_4_DUTY=0
HEAT_4_SP=-20.0
MOTOR_ANGLE=0.0015261627906976744
MOTOR_ACCUM=0.0015261627906976744
MOTOR_ROT=0

[22:30:45.575 CUBESAT]
TS=1786202504.612
V_SENSE5=159.99755859375
V_SENSE9=159.99755859375
V_SENSE12=159.99755859375
ADC_V5=579.9911499023438
ADC_V9=579.9911499023438
ADC_V12=579.9911499023438
ADC_V28=579.9911499023438
THERMAL_SENS_OUT_1=-50
THERMAL_SENS_OUT_2=-50
THERMAL_SENS_OUT_3=-50
THERMAL_SENS_OUT_4=-50
THERMAL_SENS_OUT_5=-50
THERMAL_SENS_OUT_6=-50
THERMAL_SENS_INT_1=-50
THERMAL_SENS_INT_2=-50
PG_5=1
PG_9=0
PG_12=0
FLT_P2=0
FLT_P3=0
HEAT_1_TEMP=-50
HEAT_1_DUTY=10
HEAT_1_SP=-20.0
HEAT_2_TEMP=-50
HEAT_2_DUTY=0
HEAT_2_SP=-20.0
HEAT_3_TEMP=-50
HEAT_3_DUTY=0
HEAT_3_SP=-20.0
HEAT_4_TEMP=-50
HEAT_4_DUTY=0
HEAT_4_SP=-20.0
MOTOR_ANGLE=0.0015261627906976744
MOTOR_ACCUM=0.0015261627906976744
MOTOR_ROT=0

[22:30:47.008 EBOX]
TS=1786201173.191
V_SENSE5=1.13525390625
V_SENSE9=0.029296875
V_SENSE12=0.11474609375
ADC_V5=4.89410400390625
ADC_V9=9.345703125
ADC_V12=12.02728271484375
ADC_V28=27.76275634765625
THERMAL_SENS_OUT_1=28
THERMAL_SENS_OUT_2=-50
THERMAL_SENS_OUT_3=26
THERMAL_SENS_OUT_4=27
THERMAL_SENS_OUT_5=34
THERMAL_SENS_OUT_6=-50
THERMAL_SENS_INT_1=25
THERMAL_SENS_INT_2=30
PG_5=0
PG_9=0
PG_12=0
FLT_P2=0
FLT_P3=0
HEAT_1_TEMP=28
HEAT_1_DUTY=0
HEAT_1_SP=-20.0
HEAT_2_TEMP=26
HEAT_2_DUTY=0
HEAT_2_SP=-20.0
HEAT_3_TEMP=27
HEAT_3_DUTY=0
HEAT_3_SP=-20.0
HEAT_4_TEMP=34
HEAT_4_DUTY=0
HEAT_4_SP=-20.0
MOTOR_ANGLE=-0.0003779069767441861
MOTOR_ACCUM=-0.0003779069767441861
MOTOR_ROT=0

[22:30:47.161 EBOX]
TS=1786201175.194
V_SENSE5=1.201171875
V_SENSE9=0.03662109375
V_SENSE12=0.08544921875
ADC_V5=4.92950439453125
ADC_V9=9.56695556640625
ADC_V12=11.646728515625
ADC_V28=28.16986083984375
THERMAL_SENS_OUT_1=29
THERMAL_SENS_OUT_2=-50
THERMAL_SENS_OUT_3=30
THERMAL_SENS_OUT_4=28
THERMAL_SENS_OUT_5=34
THERMAL_SENS_OUT_6=-50
THERMAL_SENS_INT_1=25
THERMAL_SENS_INT_2=30
PG_5=0
PG_9=0
PG_12=0
FLT_P2=0
FLT_P3=0
HEAT_1_TEMP=29
HEAT_1_DUTY=0
HEAT_1_SP=-20.0
HEAT_2_TEMP=30
HEAT_2_DUTY=0
HEAT_2_SP=-20.0
HEAT_3_TEMP=28
HEAT_3_DUTY=0
HEAT_3_SP=-20.0
HEAT_4_TEMP=34
HEAT_4_DUTY=0
HEAT_4_SP=-20.0
MOTOR_ANGLE=-0.0003779069767441861
MOTOR_ACCUM=-0.0003779069767441861
MOTOR_ROT=0
TS=1786201177.198
V_SENSE5=1.26220703125
V_SENSE9=0.029296875
V_SENSE12=0.0830078125
ADC_V5=4.92950439453125
ADC_V9=9.097900390625
ADC_V12=11.79718017578125
ADC_V28=27.4884033203125
THERMAL_SENS_OUT_1=28
THERMAL_SENS_OUT_2=-50
THERMAL_SENS_OUT_3=24
THERMAL_SENS_OUT_4=29
THERMAL_SENS_OUT_5=32
THERMAL_SENS_OUT_6=-50
THERMAL_SENS_INT_1=24
THERMAL_SENS_INT_2=29
PG_5=0
PG_9=0
PG_12=0
FLT_P2=0
FLT_P3=0
HEAT_1_TEMP=28
HEAT_1_DUTY=0
HEAT_1_SP=-20.0
HEAT_2_TEMP=24
HEAT_2_DUTY=0
HEAT_2_SP=-20.0
HEAT_3_TEMP=29
HEAT_3_DUTY=0
HEAT_3_SP=-20.0
HEAT_4_TEMP=32
HEAT_4_DUTY=0
HEAT_4_SP=-20.0
MOTOR_ANGLE=-0.0003779069767441861
MOTOR_ACCUM=-0.0003779069767441861
MOTOR_ROT=0
TS=1786201179.201
V_SENSE5=1.18896484375
V_SENSE9=0.03662109375
V_SENSE12=0.087890625
ADC_V5=4.91180419921875

[22:30:47.315 EBOX]
ADC_V9=9.2572021484375
ADC_V12=11.89453125
ADC_V28=27.25830078125
THERMAL_SENS_OUT_1=31
THERMAL_SENS_OUT_2=-50
THERMAL_SENS_OUT_3=27
THERMAL_SENS_OUT_4=27
THERMAL_SENS_OUT_5=35
THERMAL_SENS_OUT_6=-50
THERMAL_SENS_INT_1=29
THERMAL_SENS_INT_2=29
PG_5=0
PG_9=0
PG_12=0
FLT_P2=0
FLT_P3=0
HEAT_1_TEMP=31
HEAT_1_DUTY=0
HEAT_1_SP=-20.0
HEAT_2_TEMP=27
HEAT_2_DUTY=0
HEAT_2_SP=-20.0
HEAT_3_TEMP=27
HEAT_3_DUTY=0
HEAT_3_SP=-20.0
HEAT_4_TEMP=35
HEAT_4_DUTY=0
HEAT_4_SP=-20.0
MOTOR_ANGLE=-0.0003779069767441861
MOTOR_ACCUM=-0.0003779069767441861
MOTOR_ROT=0
TS=1786201181.217
V_SENSE5=1.19873046875
V_SENSE9=0.0341796875
V_SENSE12=0.09765625
ADC_V5=4.8675537109375
ADC_V9=9.2218017578125
ADC_V12=11.77947998046875
ADC_V28=28.02825927734375
THERMAL_SENS_OUT_1=33
THERMAL_SENS_OUT_2=-50
THERMAL_SENS_OUT_3=29
THERMAL_SENS_OUT_4=30
THERMAL_SENS_OUT_5=36
THERMAL_SENS_OUT_6=-50
THERMAL_SENS_INT_1=29
THERMAL_SENS_INT_2=29
PG_5=0
PG_9=0
PG_12=0
FLT_P2=0
FLT_P3=0
HEAT_1_TEMP=33
HEAT_1_DUTY=0
HEAT_1_SP=-20.0
HEAT_2_TEMP=29
HEAT_2_DUTY=0
HEAT_2_SP=-20.0
HEAT_3_TEMP=30
HEAT_3_DUTY=0
HEAT_3_SP=-20.0
HEAT_4_TEMP=36
HEAT_4_DUTY=0
HEAT_4_SP=-20.0
MOTOR_ANGLE=-0.0003779069767441861
MOTOR_ACCUM=-0.0003779069767441861
MOTOR_ROT=0
TS=1786201183.207
V_SENSE5=1.10107421875
V_SENSE9=0.03173828125
V_SENSE12=0.078125
ADC_V5=4.991455078125
ADC_V9=8.814697265625
ADC_V12=11.9476318359375
ADC_V28=27.860107421875
THERMAL_SENS_OUT_1=32
THERMAL_SENS_OUT_2=-50
THERMAL_SENS_OUT_3=26

[22:30:47.440 EBOX]
THERMAL_SENS_OUT_4=27
THERMAL_SENS_OUT_5=37
THERMAL_SENS_OUT_6=-50
THERMAL_SENS_INT_1=25
THERMAL_SENS_INT_2=30
PG_5=0
PG_9=0
PG_12=0
FLT_P2=0
FLT_P3=0
HEAT_1_TEMP=32
HEAT_1_DUTY=0
HEAT_1_SP=-20.0
HEAT_2_TEMP=26
HEAT_2_DUTY=0
HEAT_2_SP=-20.0
HEAT_3_TEMP=27
HEAT_3_DUTY=0
HEAT_3_SP=-20.0
HEAT_4_TEMP=37
HEAT_4_DUTY=0
HEAT_4_SP=-20.0
MOTOR_ANGLE=-0.0003779069767441861
MOTOR_ACCUM=-0.0003779069767441861
MOTOR_ROT=0

[22:30:47.689 EBOX]
TS=1786201185.210
V_SENSE5=1.1376953125
V_SENSE9=0.03662109375
V_SENSE12=0.0732421875
ADC_V5=4.9560546875
ADC_V9=9.027099609375
ADC_V12=11.74407958984375
ADC_V28=27.28485107421875
THERMAL_SENS_OUT_1=27
THERMAL_SENS_OUT_2=-50
THERMAL_SENS_OUT_3=24
THERMAL_SENS_OUT_4=30
THERMAL_SENS_OUT_5=31
THERMAL_SENS_OUT_6=-50
THERMAL_SENS_INT_1=27
THERMAL_SENS_INT_2=27
PG_5=0
PG_9=0
PG_12=0
FLT_P2=0
FLT_P3=0
HEAT_1_TEMP=27
HEAT_1_DUTY=0
HEAT_1_SP=-20.0
HEAT_2_TEMP=24
HEAT_2_DUTY=0
HEAT_2_SP=-20.0
HEAT_3_TEMP=30
HEAT_3_DUTY=0
HEAT_3_SP=-20.0
HEAT_4_TEMP=31
HEAT_4_DUTY=0
HEAT_4_SP=-20.0
MOTOR_ANGLE=-0.0003779069767441861
MOTOR_ACCUM=-0.0003779069767441861
MOTOR_ROT=0

[22:30:49.611 EBOX]
TS=1786201187.212
V_SENSE5=1.11083984375
V_SENSE9=0.05126953125
V_SENSE12=0.08056640625
ADC_V5=4.96490478515625
ADC_V9=9.2041015625
ADC_V12=11.7706298828125
ADC_V28=27.10784912109375
THERMAL_SENS_OUT_1=28
THERMAL_SENS_OUT_2=-50
THERMAL_SENS_OUT_3=27
THERMAL_SENS_OUT_4=27
THERMAL_SENS_OUT_5=33
THERMAL_SENS_OUT_6=-50
THERMAL_SENS_INT_1=30
THERMAL_SENS_INT_2=27
PG_5=0
PG_9=0
PG_12=0
FLT_P2=0
FLT_P3=0
HEAT_1_TEMP=28
HEAT_1_DUTY=0
HEAT_1_SP=-20.0
HEAT_2_TEMP=27
HEAT_2_DUTY=0
HEAT_2_SP=-20.0
HEAT_3_TEMP=27
HEAT_3_DUTY=0
HEAT_3_SP=-20.0
HEAT_4_TEMP=33
HEAT_4_DUTY=0
HEAT_4_SP=-20.0
MOTOR_ANGLE=-0.0003779069767441861
MOTOR_ACCUM=-0.0003779069767441861
MOTOR_ROT=0

[22:30:50.360 CUBESAT]
TS=1786202506.613
V_SENSE5=159.99755859375
V_SENSE9=159.99755859375
V_SENSE12=159.99755859375
ADC_V5=579.9911499023438
ADC_V9=579.9911499023438
ADC_V12=579.9911499023438
ADC_V28=579.9911499023438
THERMAL_SENS_OUT_1=-50
THERMAL_SENS_OUT_2=-50
THERMAL_SENS_OUT_3=-50
THERMAL_SENS_OUT_4=-50
THERMAL_SENS_OUT_5=-50
THERMAL_SENS_OUT_6=-50
THERMAL_SENS_INT_1=-50
THERMAL_SENS_INT_2=-50
PG_5=1
PG_9=0
PG_12=0
FLT_P2=0
FLT_P3=0
HEAT_1_TEMP=-50
HEAT_1_DUTY=0
HEAT_1_SP=-20.0
HEAT_2_TEMP=-50
HEAT_2_DUTY=0
HEAT_2_SP=-20.0
HEAT_3_TEMP=-50
HEAT_3_DUTY=10
HEAT_3_SP=-20.0
HEAT_4_TEMP=-50
HEAT_4_DUTY=0
HEAT_4_SP=-20.0
MOTOR_ANGLE=0.0015261627906976744
MOTOR_ACCUM=0.0015261627906976744
MOTOR_ROT=0
TS=1786202508.609
V_SENSE5=159.99755859375
V_SENSE9=159.99755859375
V_SENSE12=159.99755859375
ADC_V5=579.9911499023438
ADC_V9=579.9911499023438
ADC_V12=579.9911499023438
ADC_V28=579.9911499023438
THERMAL_SENS_OUT_1=-50
THERMAL_SENS_OUT_2=-50
THERMAL_SENS_OUT_3=-50
THERMAL_SENS_OUT_4=-50
THERMAL_SENS_OUT_5=-50
THERMAL_SENS_OUT_6=-50
THERMAL_SENS_INT_1=-50
THERMAL_SENS_INT_2=-50
PG_5=1
PG_9=0
PG_12=0
FLT_P2=0
FLT_P3=0
HEAT_1_TEMP=-50
HEAT_1_DUTY=10
HEAT_1_SP=-20.0
HEAT_2_TEMP=-50
HEAT_2_DUTY=0
HEAT_2_SP=-20.0
HEAT_3_TEMP=-50
HEAT_3_DUTY=0
HEAT_3_SP=-20.0
HEAT_4_TEMP=-50
HEAT_4_DUTY=0
HEAT_4_SP=-20.0
MOTOR_ANGLE=0.0015261627906976744
MOTOR_ACCUM=0.0015261627906976744
MOTOR_ROT=0
TS=1786202510.612
V_SENSE5=159.99755859375
V_SENSE9=159.99755859375

[22:30:50.513 CUBESAT]
V_SENSE12=159.99755859375
ADC_V5=579.9911499023438
ADC_V9=579.9911499023438
ADC_V12=579.9911499023438
ADC_V28=579.9911499023438
THERMAL_SENS_OUT_1=-50
THERMAL_SENS_OUT_2=-50
THERMAL_SENS_OUT_3=-50
THERMAL_SENS_OUT_4=-50
THERMAL_SENS_OUT_5=-50
THERMAL_SENS_OUT_6=-50
THERMAL_SENS_INT_1=-50
THERMAL_SENS_INT_2=-50
PG_5=1
PG_9=0
PG_12=0
FLT_P2=0
FLT_P3=0
HEAT_1_TEMP=-50
HEAT_1_DUTY=0
HEAT_1_SP=-20.0
HEAT_2_TEMP=-50
HEAT_2_DUTY=0
HEAT_2_SP=-20.0
HEAT_3_TEMP=-50
HEAT_3_DUTY=10
HEAT_3_SP=-20.0
HEAT_4_TEMP=-50
HEAT_4_DUTY=0
HEAT_4_SP=-20.0
MOTOR_ANGLE=0.0015261627906976744
MOTOR_ACCUM=0.0015261627906976744
MOTOR_ROT=0
TS=1786202512.621
V_SENSE5=159.99755859375
V_SENSE9=159.99755859375
V_SENSE12=159.99755859375
ADC_V5=579.9911499023438
ADC_V9=579.9911499023438
ADC_V12=579.9911499023438
ADC_V28=579.9911499023438
THERMAL_SENS_OUT_1=-50
THERMAL_SENS_OUT_2=-50
THERMAL_SENS_OUT_3=-50
THERMAL_SENS_OUT_4=-50
THERMAL_SENS_OUT_5=-50
THERMAL_SENS_OUT_6=-50
THERMAL_SENS_INT_1=-50
THERMAL_SENS_INT_2=-50
PG_5=1
PG_9=0
PG_12=0
FLT_P2=0
FLT_P3=0
HEAT_1_TEMP=-50
HEAT_1_DUTY=10
HEAT_1_SP=-20.0
HEAT_2_TEMP=-50
HEAT_2_DUTY=0
HEAT_2_SP=-20.0
HEAT_3_TEMP=-50
HEAT_3_DUTY=0
HEAT_3_SP=-20.0
HEAT_4_TEMP=-50
HEAT_4_DUTY=0
HEAT_4_SP=-20.0
MOTOR_ANGLE=0.0015261627906976744
MOTOR_ACCUM=0.0015261627906976744
MOTOR_ROT=0
TS=1786202514.616
V_SENSE5=159.99755859375
V_SENSE9=159.99755859375
V_SENSE12=159.99755859375
ADC_V5=579.9911499023438
ADC_V9=579.9911499023438
ADC_V12=579.9911499023438
ADC_V28=579.9911499023438
THERMAL_SENS_OUT_1=-50
THERMAL_SENS_OUT_2=-50
THERMAL_SENS_OUT_3=-50
THERMAL_SENS_OUT_4=-50
THERMAL_SENS_OUT_5=-50
THERMAL_SENS_OUT_6=-50
THERMAL_SENS_INT_1=-50
THERMAL_SENS_INT_2=-50
PG_5=1
PG_9=0
PG_12=0
FLT_P2=0
FLT_P3=0
HEAT_1_TEMP=-50
HEAT_1_DUTY=0
HEAT_1_SP=-20.0
HEAT_2_TEMP=-50
HEAT_2_DUTY=0
HEAT_2_SP=-20.0
HEAT_3_TEMP=-50
HEAT_3_DUTY=10
HEAT_3_SP=-20.0
HEAT_4_TEMP=-50
HEAT_4_DUTY=0
HEAT_4_SP=-20.0
MOTOR_ANGLE=0.0015261627906976744
MOTOR_ACCUM=0.0015261627906976744
MOTOR_ROT=0

[22:30:50.652 CUBESAT]
TS=1786202516.620
V_SENSE5=159.99755859375
V_SENSE9=159.99755859375
V_SENSE12=159.99755859375
ADC_V5=579.9911499023438
ADC_V9=579.9911499023438
ADC_V12=579.9911499023438
ADC_V28=579.9911499023438
THERMAL_SENS_OUT_1=-50
THERMAL_SENS_OUT_2=-50
THERMAL_SENS_OUT_3=-50
THERMAL_SENS_OUT_4=-50
THERMAL_SENS_OUT_5=-50
THERMAL_SENS_OUT_6=-50
THERMAL_SENS_INT_1=-50
THERMAL_SENS_INT_2=-50
PG_5=1
PG_9=0
PG_12=0
FLT_P2=0
FLT_P3=0
HEAT_1_TEMP=-50
HEAT_1_DUTY=10
HEAT_1_SP=-20.0
HEAT_2_TEMP=-50
HEAT_2_DUTY=0
HEAT_2_SP=-20.0
HEAT_3_TEMP=-50
HEAT_3_DUTY=0
HEAT_3_SP=-20.0
HEAT_4_TEMP=-50
HEAT_4_DUTY=0
HEAT_4_SP=-20.0
MOTOR_ANGLE=0.0015261627906976744
MOTOR_ACCUM=0.0015261627906976744
MOTOR_ROT=0
TS=1786202518.623
V_SENSE5=159.99755859375
V_SENSE9=159.99755859375
V_SENSE12=159.99755859375
ADC_V5=579.9911499023438
ADC_V9=579.9911499023438
ADC_V12=579.9911499023438
ADC_V28=579.9911499023438
THERMAL_SENS_OUT_1=-50
THERMAL_SENS_OUT_2=-50
THERMAL_SENS_OUT_3=-50
THERMAL_SENS_OUT_4=-50
THERMAL_SENS_OUT_5=-50
THERMAL_SENS_OUT_6=-50
THERMAL_SENS_INT_1=-50
THERMAL_SENS_INT_2=-50
PG_5=1
PG_9=0
PG_12=0
FLT_P2=0
FLT_P3=0
HEAT_1_TEMP=-50
HEAT_1_DUTY=0
HEAT_1_SP=-20.0
HEAT_2_TEMP=-50
HEAT_2_DUTY=0
HEAT_2_SP=-20.0
HEAT_3_TEMP=-50
HEAT_3_DUTY=10
HEAT_3_SP=-20.0
HEAT_4_TEMP=-50
HEAT_4_DUTY=0
HEAT_4_SP=-20.0
MOTOR_ANGLE=0.0015261627906976744
MOTOR_ACCUM=0.0015261627906976744
MOTOR_ROT=0

[22:30:51.578 CUBESAT]
TS=1786202520.616
V_SENSE5=159.99755859375
V_SENSE9=159.99755859375
V_SENSE12=159.99755859375
ADC_V5=579.9911499023438
ADC_V9=579.9911499023438
ADC_V12=579.9911499023438
ADC_V28=579.9911499023438
THERMAL_SENS_OUT_1=-50
THERMAL_SENS_OUT_2=-50
THERMAL_SENS_OUT_3=-50
THERMAL_SENS_OUT_4=-50
THERMAL_SENS_OUT_5=-50
THERMAL_SENS_OUT_6=-50
THERMAL_SENS_INT_1=-50
THERMAL_SENS_INT_2=-50
PG_5=1
PG_9=0
PG_12=0
FLT_P2=0
FLT_P3=0
HEAT_1_TEMP=-50
HEAT_1_DUTY=10
HEAT_1_SP=-20.0
HEAT_2_TEMP=-50
HEAT_2_DUTY=0
HEAT_2_SP=-20.0
HEAT_3_TEMP=-50
HEAT_3_DUTY=0
HEAT_3_SP=-20.0
HEAT_4_TEMP=-50
HEAT_4_DUTY=0
HEAT_4_SP=-20.0
MOTOR_ANGLE=0.0015261627906976744
MOTOR_ACCUM=0.0015261627906976744
MOTOR_ROT=0

[22:30:51.688 EBOX]
TS=1786201189.214
V_SENSE5=1.18408203125
V_SENSE9=0.06103515625
V_SENSE12=0.08056640625
ADC_V5=4.85870361328125
ADC_V9=9.13330078125
ADC_V12=11.56707763671875
ADC_V28=27.8778076171875
THERMAL_SENS_OUT_1=32
THERMAL_SENS_OUT_2=-50
THERMAL_SENS_OUT_3=29
THERMAL_SENS_OUT_4=26
THERMAL_SENS_OUT_5=33
THERMAL_SENS_OUT_6=-50
THERMAL_SENS_INT_1=28
THERMAL_SENS_INT_2=27
PG_5=0
PG_9=0
PG_12=0
FLT_P2=0
FLT_P3=0
HEAT_1_TEMP=32
HEAT_1_DUTY=0
HEAT_1_SP=-20.0
HEAT_2_TEMP=29
HEAT_2_DUTY=0
HEAT_2_SP=-20.0
HEAT_3_TEMP=26
HEAT_3_DUTY=0
HEAT_3_SP=-20.0
HEAT_4_TEMP=33
HEAT_4_DUTY=0
HEAT_4_SP=-20.0
MOTOR_ANGLE=-0.0003779069767441861
MOTOR_ACCUM=-0.0003779069767441861
MOTOR_ROT=0

[22:30:53.610 EBOX]
TS=1786201191.217
V_SENSE5=1.1181640625
V_SENSE9=0.05615234375
V_SENSE12=0.09033203125
ADC_V5=4.87640380859375
ADC_V9=9.37225341796875
ADC_V12=11.77947998046875
ADC_V28=27.14324951171875
THERMAL_SENS_OUT_1=28
THERMAL_SENS_OUT_2=-50
THERMAL_SENS_OUT_3=27
THERMAL_SENS_OUT_4=30
THERMAL_SENS_OUT_5=32
THERMAL_SENS_OUT_6=-50
THERMAL_SENS_INT_1=26
THERMAL_SENS_INT_2=29
PG_5=0
PG_9=0
PG_12=0
FLT_P2=0
FLT_P3=0
HEAT_1_TEMP=28
HEAT_1_DUTY=0
HEAT_1_SP=-20.0
HEAT_2_TEMP=27
HEAT_2_DUTY=0
HEAT_2_SP=-20.0
HEAT_3_TEMP=30
HEAT_3_DUTY=0
HEAT_3_SP=-20.0
HEAT_4_TEMP=32
HEAT_4_DUTY=0
HEAT_4_SP=-20.0
MOTOR_ANGLE=-0.0003779069767441861
MOTOR_ACCUM=-0.0003779069767441861
MOTOR_ROT=0

[22:30:55.635 EBOX]
TS=1786201193.228
V_SENSE5=0.99365234375
V_SENSE9=0.0390625
V_SENSE12=0.068359375
ADC_V5=4.9383544921875
ADC_V9=9.35455322265625
ADC_V12=11.717529296875
ADC_V28=27.6300048828125
THERMAL_SENS_OUT_1=33
THERMAL_SENS_OUT_2=-50
THERMAL_SENS_OUT_3=28
THERMAL_SENS_OUT_4=27
THERMAL_SENS_OUT_5=36
THERMAL_SENS_OUT_6=-50
THERMAL_SENS_INT_1=26
THERMAL_SENS_INT_2=28
PG_5=0
PG_9=0
PG_12=0
FLT_P2=0
FLT_P3=0
HEAT_1_TEMP=33
HEAT_1_DUTY=0
HEAT_1_SP=-20.0
HEAT_2_TEMP=28
HEAT_2_DUTY=0
HEAT_2_SP=-20.0
HEAT_3_TEMP=27
HEAT_3_DUTY=0
HEAT_3_SP=-20.0
HEAT_4_TEMP=36
HEAT_4_DUTY=0
HEAT_4_SP=-20.0
MOTOR_ANGLE=-0.0003779069767441861
MOTOR_ACCUM=-0.0003779069767441861
MOTOR_ROT=0

[22:30:57.659 EBOX]
TS=1786201195.223
V_SENSE5=1.123046875
V_SENSE9=0.029296875
V_SENSE12=0.0830078125
ADC_V5=4.94720458984375
ADC_V9=9.21295166015625
ADC_V12=11.62017822265625
ADC_V28=27.5946044921875
THERMAL_SENS_OUT_1=26
THERMAL_SENS_OUT_2=-50
THERMAL_SENS_OUT_3=26
THERMAL_SENS_OUT_4=28
THERMAL_SENS_OUT_5=36
THERMAL_SENS_OUT_6=-50
THERMAL_SENS_INT_1=29
THERMAL_SENS_INT_2=26
PG_5=0
PG_9=0
PG_12=0
FLT_P2=0
FLT_P3=0
HEAT_1_TEMP=26
HEAT_1_DUTY=0
HEAT_1_SP=-20.0
HEAT_2_TEMP=26
HEAT_2_DUTY=0
HEAT_2_SP=-20.0
HEAT_3_TEMP=28
HEAT_3_DUTY=0
HEAT_3_SP=-20.0
HEAT_4_TEMP=36
HEAT_4_DUTY=0
HEAT_4_SP=-20.0
MOTOR_ANGLE=-0.0003779069767441861
MOTOR_ACCUM=-0.0003779069767441861
MOTOR_ROT=0

[22:30:59.682 EBOX]
TS=1786201197.227
V_SENSE5=1.0986328125
V_SENSE9=0.029296875
V_SENSE12=0.09765625
ADC_V5=4.94720458984375
ADC_V9=9.44305419921875
ADC_V12=11.93878173828125
ADC_V28=28.15216064453125
THERMAL_SENS_OUT_1=29
THERMAL_SENS_OUT_2=-50
THERMAL_SENS_OUT_3=25
THERMAL_SENS_OUT_4=30
THERMAL_SENS_OUT_5=31
THERMAL_SENS_OUT_6=-50
THERMAL_SENS_INT_1=26
THERMAL_SENS_INT_2=30
PG_5=0
PG_9=0
PG_12=0
FLT_P2=0
FLT_P3=0
HEAT_1_TEMP=29
HEAT_1_DUTY=0
HEAT_1_SP=-20.0
HEAT_2_TEMP=25
HEAT_2_DUTY=0
HEAT_2_SP=-20.0
HEAT_3_TEMP=30
HEAT_3_DUTY=0
HEAT_3_SP=-20.0
HEAT_4_TEMP=31
HEAT_4_DUTY=0
HEAT_4_SP=-20.0
MOTOR_ANGLE=-0.0003779069767441861
MOTOR_ACCUM=-0.0003779069767441861
MOTOR_ROT=0

[22:31:01.607 EBOX]
TS=1786201199.230
V_SENSE5=1.13037109375
V_SENSE9=0.0341796875
V_SENSE12=0.087890625
ADC_V5=4.94720458984375
ADC_V9=8.78814697265625
ADC_V12=11.92108154296875
ADC_V28=27.46185302734375
THERMAL_SENS_OUT_1=28
THERMAL_SENS_OUT_2=-50
THERMAL_SENS_OUT_3=29
THERMAL_SENS_OUT_4=28
THERMAL_SENS_OUT_5=33
THERMAL_SENS_OUT_6=-50
THERMAL_SENS_INT_1=25
THERMAL_SENS_INT_2=27
PG_5=0
PG_9=0
PG_12=0
FLT_P2=0
FLT_P3=0
HEAT_1_TEMP=28
HEAT_1_DUTY=0
HEAT_1_SP=-20.0
HEAT_2_TEMP=29
HEAT_2_DUTY=0
HEAT_2_SP=-20.0
HEAT_3_TEMP=28
HEAT_3_DUTY=0
HEAT_3_SP=-20.0
HEAT_4_TEMP=33
HEAT_4_DUTY=0
HEAT_4_SP=-20.0
MOTOR_ANGLE=-0.0003779069767441861
MOTOR_ACCUM=-0.0003779069767441861
MOTOR_ROT=0

[22:31:02.570 CUBESAT]
TS=1786202522.629
V_SENSE5=159.99755859375
V_SENSE9=159.99755859375
V_SENSE12=159.99755859375
ADC_V5=579.9911499023438
ADC_V9=579.9911499023438
ADC_V12=579.9911499023438
ADC_V28=579.9911499023438
THERMAL_SENS_OUT_1=-50
THERMAL_SENS_OUT_2=-50
THERMAL_SENS_OUT_3=-50
THERMAL_SENS_OUT_4=-50
THERMAL_SENS_OUT_5=-50
THERMAL_SENS_OUT_6=-50
THERMAL_SENS_INT_1=-50
THERMAL_SENS_INT_2=-50
PG_5=1
PG_9=0
PG_12=0
FLT_P2=0
FLT_P3=0
HEAT_1_TEMP=-50
HEAT_1_DUTY=0
HEAT_1_SP=-20.0
HEAT_2_TEMP=-50
HEAT_2_DUTY=0
HEAT_2_SP=-20.0
HEAT_3_TEMP=-50
HEAT_3_DUTY=10
HEAT_3_SP=-20.0
HEAT_4_TEMP=-50
HEAT_4_DUTY=0
HEAT_4_SP=-20.0
MOTOR_ANGLE=0.0015261627906976744
MOTOR_ACCUM=0.0015261627906976744
MOTOR_ROT=0

[22:31:02.955 CUBESAT]
TS=1786202524.629
V_SENSE5=159.99755859375
V_SENSE9=159.99755859375
V_SENSE12=159.99755859375
ADC_V5=579.9911499023438
ADC_V9=579.9911499023438
ADC_V12=579.9911499023438
ADC_V28=579.9911499023438
THERMAL_SENS_OUT_1=-50
THERMAL_SENS_OUT_2=-50
THERMAL_SENS_OUT_3=-50
THERMAL_SENS_OUT_4=-50
THERMAL_SENS_OUT_5=-50
THERMAL_SENS_OUT_6=-50
THERMAL_SENS_INT_1=-50
THERMAL_SENS_INT_2=-50
PG_5=1
PG_9=0
PG_12=0
FLT_P2=0
FLT_P3=0
HEAT_1_TEMP=-50
HEAT_1_DUTY=10
HEAT_1_SP=-20.0
HEAT_2_TEMP=-50
HEAT_2_DUTY=0
HEAT_2_SP=-20.0
HEAT_3_TEMP=-50
HEAT_3_DUTY=0
HEAT_3_SP=-20.0
HEAT_4_TEMP=-50
HEAT_4_DUTY=0
HEAT_4_SP=-20.0
MOTOR_ANGLE=0.0015261627906976744
MOTOR_ACCUM=0.0015261627906976744
MOTOR_ROT=0
TS=1786202526.629
V_SENSE5=159.99755859375
V_SENSE9=159.99755859375
V_SENSE12=159.99755859375
ADC_V5=579.9911499023438
ADC_V9=579.9911499023438
ADC_V12=579.9911499023438
ADC_V28=579.9911499023438
THERMAL_SENS_OUT_1=-50
THERMAL_SENS_OUT_2=-50
THERMAL_SENS_OUT_3=-50
THERMAL_SENS_OUT_4=-50
THERMAL_SENS_OUT_5=-50
THERMAL_SENS_OUT_6=-50
THERMAL_SENS_INT_1=-50
THERMAL_SENS_INT_2=-50
PG_5=1
PG_9=0
PG_12=0
FLT_P2=0
FLT_P3=0
HEAT_1_TEMP=-50
HEAT_1_DUTY=0
HEAT_1_SP=-20.0
HEAT_2_TEMP=-50
HEAT_2_DUTY=0
HEAT_2_SP=-20.0
HEAT_3_TEMP=-50
HEAT_3_DUTY=10
HEAT_3_SP=-20.0
HEAT_4_TEMP=-50
HEAT_4_DUTY=0
HEAT_4_SP=-20.0
MOTOR_ANGLE=0.0015261627906976744
MOTOR_ACCUM=0.0015261627906976744
MOTOR_ROT=0
TS=1786202528.629
V_SENSE5=159.99755859375
V_SENSE9=159.99755859375
V_SENSE12=159.99755859375
ADC_V5=579.9911499023438
ADC_V9=579.9911499023438
ADC_V12=579.9911499023438
ADC_V28=579.9911499023438
THERMAL_SENS_OUT_1=-50
THERMAL_SENS_OUT_2=-50
THERMAL_SENS_OUT_3=-50
THERMAL_SENS_OUT_4=-50
THERMAL_SENS_OUT_5=-50
THERMAL_SENS_OUT_6=-50
THERMAL_SENS_INT_1=-50
THERMAL_SENS_INT_2=-50
PG_5=1
PG_9=0
PG_12=0
FLT_P2=0
FLT_P3=0
HEAT_1_TEMP=-50
HEAT_1_DUTY=10
HEAT_1_SP=-20.0
HEAT_2_TEMP=-50
HEAT_2_DUTY=0
HEAT_2_SP=-20.0
HEAT_3_TEMP=-50
HEAT_3_DUTY=0
HEAT_3_SP=-20.0
HEAT_4_TEMP=-50
HEAT_4_DUTY=0
HEAT_4_SP=-20.0
MOTOR_ANGLE=0.0015261627906976744
MOTOR_ACCUM=0.0015261627906976744
MOTOR_ROT=0
TS=1786202530.631
V_SENSE5=159.99755859375
V_SENSE9=159.99755859375
V_SENSE12=159.99755859375
ADC_V5=579.9911499023438
ADC_V9=579.9911499023438
ADC_V12=579.9911499023438
ADC_V28=579.9911499023438
THERMAL_SENS_OUT_1=-50
THERMAL_SENS_OUT_2=-50
THERMAL_SENS_OUT_3=-50
THERMAL_SENS_OUT_4=-50
THERMAL_SENS_OUT_5=-50
THERMAL_SENS_OUT_6=-50
THERMAL_SENS_INT_1=-50
THERMAL_SENS_INT_2=-50
PG_5=1
PG_9=0
PG_12=0
FLT_P2=0
FLT_P3=0
HEAT_1_TEMP=-50
HEAT_1_DUTY=0
HEAT_1_SP=-20.0
HEAT_2_TEMP=-50
HEAT_2_DUTY=0
HEAT_2_SP=-20.0
HEAT_3_TEMP=-50
HEAT_3_DUTY=10
HEAT_3_SP=-20.0
HEAT_4_TEMP=-50
HEAT_4_DUTY=0
HEAT_4_SP=-20.0
MOTOR_ANGLE=0.0015261627906976744
MOTOR_ACCUM=0.0015261627906976744
MOTOR_ROT=0

[22:31:03.581 CUBESAT]
TS=1786202532.642
V_SENSE5=159.99755859375
V_SENSE9=159.99755859375
V_SENSE12=159.99755859375
ADC_V5=579.9911499023438
ADC_V9=579.9911499023438
ADC_V12=579.9911499023438
ADC_V28=579.9911499023438
THERMAL_SENS_OUT_1=-50
THERMAL_SENS_OUT_2=-50
THERMAL_SENS_OUT_3=-50
THERMAL_SENS_OUT_4=-50
THERMAL_SENS_OUT_5=-50
THERMAL_SENS_OUT_6=-50
THERMAL_SENS_INT_1=-50
THERMAL_SENS_INT_2=-50
PG_5=1
PG_9=0
PG_12=0
FLT_P2=0
FLT_P3=0
HEAT_1_TEMP=-50
HEAT_1_DUTY=10
HEAT_1_SP=-20.0
HEAT_2_TEMP=-50
HEAT_2_DUTY=0
HEAT_2_SP=-20.0
HEAT_3_TEMP=-50
HEAT_3_DUTY=0
HEAT_3_SP=-20.0
HEAT_4_TEMP=-50
HEAT_4_DUTY=0
HEAT_4_SP=-20.0
MOTOR_ANGLE=0.0015261627906976744
MOTOR_ACCUM=0.0015261627906976744
MOTOR_ROT=0

[22:31:03.692 EBOX]
TS=1786201201.235
V_SENSE5=1.1962890625
V_SENSE9=0.0439453125
V_SENSE12=0.08056640625
ADC_V5=4.94720458984375
ADC_V9=8.99169921875
ADC_V12=11.82373046875
ADC_V28=27.2052001953125
THERMAL_SENS_OUT_1=27
THERMAL_SENS_OUT_2=-50
THERMAL_SENS_OUT_3=25
THERMAL_SENS_OUT_4=31
THERMAL_SENS_OUT_5=36
THERMAL_SENS_OUT_6=-50
THERMAL_SENS_INT_1=25
THERMAL_SENS_INT_2=28
PG_5=0
PG_9=0
PG_12=0
FLT_P2=0
FLT_P3=0
HEAT_1_TEMP=27
HEAT_1_DUTY=0
HEAT_1_SP=-20.0
HEAT_2_TEMP=25
HEAT_2_DUTY=0
HEAT_2_SP=-20.0
HEAT_3_TEMP=31
HEAT_3_DUTY=0
HEAT_3_SP=-20.0
HEAT_4_TEMP=36
HEAT_4_DUTY=0
HEAT_4_SP=-20.0
MOTOR_ANGLE=-0.0003779069767441861
MOTOR_ACCUM=-0.0003779069767441861
MOTOR_ROT=0

[22:31:05.619 CUBESAT]
TS=1786202534.648
V_SENSE5=159.99755859375
V_SENSE9=159.99755859375
V_SENSE12=159.99755859375
ADC_V5=579.9911499023438
ADC_V9=579.9911499023438
ADC_V12=579.9911499023438
ADC_V28=579.9911499023438
THERMAL_SENS_OUT_1=-50
THERMAL_SENS_OUT_2=-50
THERMAL_SENS_OUT_3=-50
THERMAL_SENS_OUT_4=-50
THERMAL_SENS_OUT_5=-50
THERMAL_SENS_OUT_6=-50
THERMAL_SENS_INT_1=-50
THERMAL_SENS_INT_2=-50
PG_5=1
PG_9=0
PG_12=0
FLT_P2=0
FLT_P3=0
HEAT_1_TEMP=-50
HEAT_1_DUTY=0
HEAT_1_SP=-20.0
HEAT_2_TEMP=-50
HEAT_2_DUTY=0
HEAT_2_SP=-20.0
HEAT_3_TEMP=-50
HEAT_3_DUTY=10
HEAT_3_SP=-20.0
HEAT_4_TEMP=-50
HEAT_4_DUTY=0
HEAT_4_SP=-20.0
MOTOR_ANGLE=0.0015261627906976744
MOTOR_ACCUM=0.0015261627906976744
MOTOR_ROT=0

[22:31:06.233 EBOX]
TS=1786201203.237
V_SENSE5=1.1279296875
V_SENSE9=0.0439453125
V_SENSE12=0.09033203125
ADC_V5=4.96490478515625
ADC_V9=9.40765380859375
ADC_V12=11.7706298828125
ADC_V28=27.07244873046875
THERMAL_SENS_OUT_1=28
THERMAL_SENS_OUT_2=-50
THERMAL_SENS_OUT_3=27
THERMAL_SENS_OUT_4=27
THERMAL_SENS_OUT_5=33
THERMAL_SENS_OUT_6=-50
THERMAL_SENS_INT_1=25
THERMAL_SENS_INT_2=30
PG_5=0
PG_9=0
PG_12=0
FLT_P2=0
FLT_P3=0
HEAT_1_TEMP=28
HEAT_1_DUTY=0
HEAT_1_SP=-20.0
HEAT_2_TEMP=27
HEAT_2_DUTY=0
HEAT_2_SP=-20.0
HEAT_3_TEMP=27
HEAT_3_DUTY=0
HEAT_3_SP=-20.0
HEAT_4_TEMP=33
HEAT_4_DUTY=0
HEAT_4_SP=-20.0
MOTOR_ANGLE=-0.0003779069767441861
MOTOR_ACCUM=-0.0003779069767441861
MOTOR_ROT=0

[22:31:07.758 CUBESAT]
TS=1786202536.651
V_SENSE5=159.99755859375
V_SENSE9=159.99755859375
V_SENSE12=159.99755859375
ADC_V5=579.9911499023438
ADC_V9=579.9911499023438
ADC_V12=579.9911499023438
ADC_V28=579.9911499023438
THERMAL_SENS_OUT_1=-50
THERMAL_SENS_OUT_2=-50
THERMAL_SENS_OUT_3=-50
THERMAL_SENS_OUT_4=-50
THERMAL_SENS_OUT_5=-50
THERMAL_SENS_OUT_6=-50
THERMAL_SENS_INT_1=-50
THERMAL_SENS_INT_2=-50
PG_5=1
PG_9=0
PG_12=0
FLT_P2=0
FLT_P3=0
HEAT_1_TEMP=-50
HEAT_1_DUTY=10
HEAT_1_SP=-20.0
HEAT_2_TEMP=-50
HEAT_2_DUTY=0
HEAT_2_SP=-20.0
HEAT_3_TEMP=-50
HEAT_3_DUTY=0
HEAT_3_SP=-20.0
HEAT_4_TEMP=-50
HEAT_4_DUTY=0
HEAT_4_SP=-20.0
MOTOR_ANGLE=0.0015261627906976744
MOTOR_ACCUM=0.0015261627906976744
MOTOR_ROT=0

[22:31:07.871 EBOX]
TS=1786201205.249
V_SENSE5=1.07421875
V_SENSE9=0.05615234375
V_SENSE12=0.07568359375
ADC_V5=4.9737548828125
ADC_V9=8.7261962890625
ADC_V12=11.90338134765625
ADC_V28=27.58575439453125
THERMAL_SENS_OUT_1=31
THERMAL_SENS_OUT_2=-50
THERMAL_SENS_OUT_3=28
THERMAL_SENS_OUT_4=27
THERMAL_SENS_OUT_5=33
THERMAL_SENS_OUT_6=-50
THERMAL_SENS_INT_1=27
THERMAL_SENS_INT_2=31
PG_5=0
PG_9=0
PG_12=0
FLT_P2=0
FLT_P3=0
HEAT_1_TEMP=31
HEAT_1_DUTY=0
HEAT_1_SP=-20.0
HEAT_2_TEMP=28
HEAT_2_DUTY=0
HEAT_2_SP=-20.0
HEAT_3_TEMP=27
HEAT_3_DUTY=0
HEAT_3_SP=-20.0
HEAT_4_TEMP=33
HEAT_4_DUTY=0
HEAT_4_SP=-20.0
MOTOR_ANGLE=-0.0003779069767441861
MOTOR_ACCUM=-0.0003779069767441861
MOTOR_ROT=0

[22:31:09.690 CUBESAT]
TS=1786202538.654
V_SENSE5=159.99755859375
V_SENSE9=159.99755859375
V_SENSE12=159.99755859375
ADC_V5=579.9911499023438
ADC_V9=579.9911499023438
ADC_V12=579.9911499023438
ADC_V28=579.9911499023438
THERMAL_SENS_OUT_1=-50
THERMAL_SENS_OUT_2=-50
THERMAL_SENS_OUT_3=-50
THERMAL_SENS_OUT_4=-50
THERMAL_SENS_OUT_5=-50
THERMAL_SENS_OUT_6=-50
THERMAL_SENS_INT_1=-50
THERMAL_SENS_INT_2=-50
PG_5=1
PG_9=0
PG_12=0
FLT_P2=0
FLT_P3=0
HEAT_1_TEMP=-50
HEAT_1_DUTY=0
HEAT_1_SP=-20.0
HEAT_2_TEMP=-50
HEAT_2_DUTY=0
HEAT_2_SP=-20.0
HEAT_3_TEMP=-50
HEAT_3_DUTY=10
HEAT_3_SP=-20.0
HEAT_4_TEMP=-50
HEAT_4_DUTY=0
HEAT_4_SP=-20.0
MOTOR_ANGLE=0.0015261627906976744
MOTOR_ACCUM=0.0015261627906976744
MOTOR_ROT=0

[22:31:09.700 EBOX]
TS=1786201207.244
V_SENSE5=1.14990234375
V_SENSE9=0.04150390625
V_SENSE12=0.0830078125
ADC_V5=4.9560546875
ADC_V9=9.28375244140625
ADC_V12=11.74407958984375
ADC_V28=28.01055908203125
THERMAL_SENS_OUT_1=28
THERMAL_SENS_OUT_2=-50
THERMAL_SENS_OUT_3=30
THERMAL_SENS_OUT_4=31
THERMAL_SENS_OUT_5=34
THERMAL_SENS_OUT_6=-50
THERMAL_SENS_INT_1=27
THERMAL_SENS_INT_2=30
PG_5=0
PG_9=0
PG_12=0
FLT_P2=0
FLT_P3=0
HEAT_1_TEMP=28
HEAT_1_DUTY=0
HEAT_1_SP=-20.0
HEAT_2_TEMP=30
HEAT_2_DUTY=0
HEAT_2_SP=-20.0
HEAT_3_TEMP=31
HEAT_3_DUTY=0
HEAT_3_SP=-20.0
HEAT_4_TEMP=34
HEAT_4_DUTY=0
HEAT_4_SP=-20.0
MOTOR_ANGLE=-0.0003779069767441861
MOTOR_ACCUM=-0.0003779069767441861
MOTOR_ROT=0

[22:31:11.623 CUBESAT]
TS=1786202540.650
V_SENSE5=159.99755859375
V_SENSE9=159.99755859375
V_SENSE12=159.99755859375
ADC_V5=579.9911499023438
ADC_V9=579.9911499023438
ADC_V12=579.9911499023438
ADC_V28=579.9911499023438
THERMAL_SENS_OUT_1=-50
THERMAL_SENS_OUT_2=-50
THERMAL_SENS_OUT_3=-50
THERMAL_SENS_OUT_4=-50
THERMAL_SENS_OUT_5=-50
THERMAL_SENS_OUT_6=-50
THERMAL_SENS_INT_1=-50
THERMAL_SENS_INT_2=-50
PG_5=1
PG_9=0
PG_12=0
FLT_P2=0
FLT_P3=0
HEAT_1_TEMP=-50
HEAT_1_DUTY=10
HEAT_1_SP=-20.0
HEAT_2_TEMP=-50
HEAT_2_DUTY=0
HEAT_2_SP=-20.0
HEAT_3_TEMP=-50
HEAT_3_DUTY=0
HEAT_3_SP=-20.0
HEAT_4_TEMP=-50
HEAT_4_DUTY=0
HEAT_4_SP=-20.0
MOTOR_ANGLE=0.0015261627906976744
MOTOR_ACCUM=0.0015261627906976744
MOTOR_ROT=0

[22:31:11.736 EBOX]
TS=1786201209.247
V_SENSE5=1.0888671875
V_SENSE9=0.09033203125
V_SENSE12=0.0927734375
ADC_V5=4.9029541015625
ADC_V9=9.37225341796875
ADC_V12=11.72637939453125
ADC_V28=28.15216064453125
THERMAL_SENS_OUT_1=28
THERMAL_SENS_OUT_2=-50
THERMAL_SENS_OUT_3=26
THERMAL_SENS_OUT_4=31
THERMAL_SENS_OUT_5=32
THERMAL_SENS_OUT_6=-50
THERMAL_SENS_INT_1=28
THERMAL_SENS_INT_2=25
PG_5=0
PG_9=0
PG_12=0
FLT_P2=0
FLT_P3=0
HEAT_1_TEMP=28
HEAT_1_DUTY=0
HEAT_1_SP=-20.0
HEAT_2_TEMP=26
HEAT_2_DUTY=0
HEAT_2_SP=-20.0
HEAT_3_TEMP=31
HEAT_3_DUTY=0
HEAT_3_SP=-20.0
HEAT_4_TEMP=32
HEAT_4_DUTY=0
HEAT_4_SP=-20.0
MOTOR_ANGLE=-0.0003779069767441861
MOTOR_ACCUM=-0.0003779069767441861
MOTOR_ROT=0

[22:31:13.658 CUBESAT]
TS=1786202542.658
V_SENSE5=159.99755859375
V_SENSE9=159.99755859375
V_SENSE12=159.99755859375
ADC_V5=579.9911499023438
ADC_V9=579.9911499023438
ADC_V12=579.9911499023438
ADC_V28=579.9911499023438
THERMAL_SENS_OUT_1=-50
THERMAL_SENS_OUT_2=-50
THERMAL_SENS_OUT_3=-50
THERMAL_SENS_OUT_4=-50
THERMAL_SENS_OUT_5=-50
THERMAL_SENS_OUT_6=-50
THERMAL_SENS_INT_1=-50
THERMAL_SENS_INT_2=-50
PG_5=1
PG_9=0
PG_12=0
FLT_P2=0
FLT_P3=0
HEAT_1_TEMP=-50
HEAT_1_DUTY=0
HEAT_1_SP=-20.0
HEAT_2_TEMP=-50
HEAT_2_DUTY=0
HEAT_2_SP=-20.0
HEAT_3_TEMP=-50
HEAT_3_DUTY=10
HEAT_3_SP=-20.0
HEAT_4_TEMP=-50
HEAT_4_DUTY=0
HEAT_4_SP=-20.0
MOTOR_ANGLE=0.0015261627906976744
MOTOR_ACCUM=0.0015261627906976744
MOTOR_ROT=0

[22:31:13.672 EBOX]
TS=1786201211.251
V_SENSE5=1.12060546875
V_SENSE9=0.0341796875
V_SENSE12=0.09765625
ADC_V5=4.89410400390625
ADC_V9=9.00054931640625
ADC_V12=11.88568115234375
ADC_V28=27.39105224609375
THERMAL_SENS_OUT_1=26
THERMAL_SENS_OUT_2=-50
THERMAL_SENS_OUT_3=27
THERMAL_SENS_OUT_4=28
THERMAL_SENS_OUT_5=33
THERMAL_SENS_OUT_6=-50
THERMAL_SENS_INT_1=26
THERMAL_SENS_INT_2=27
PG_5=0
PG_9=0
PG_12=0
FLT_P2=0
FLT_P3=0
HEAT_1_TEMP=26
HEAT_1_DUTY=0
HEAT_1_SP=-20.0
HEAT_2_TEMP=27
HEAT_2_DUTY=0
HEAT_2_SP=-20.0
HEAT_3_TEMP=28
HEAT_3_DUTY=0
HEAT_3_SP=-20.0
HEAT_4_TEMP=33
HEAT_4_DUTY=0
HEAT_4_SP=-20.0
MOTOR_ANGLE=-0.0003779069767441861
MOTOR_ACCUM=-0.0003779069767441861
MOTOR_ROT=0

[22:31:15.695 CUBESAT]
TS=1786202544.660
V_SENSE5=159.99755859375
V_SENSE9=159.99755859375
V_SENSE12=159.99755859375
ADC_V5=579.9911499023438
ADC_V9=579.9911499023438
ADC_V12=579.9911499023438
ADC_V28=579.9911499023438
THERMAL_SENS_OUT_1=-50
THERMAL_SENS_OUT_2=-50
THERMAL_SENS_OUT_3=-50
THERMAL_SENS_OUT_4=-50
THERMAL_SENS_OUT_5=-50
THERMAL_SENS_OUT_6=-50
THERMAL_SENS_INT_1=-50
THERMAL_SENS_INT_2=-50
PG_5=1
PG_9=0
PG_12=0
FLT_P2=0
FLT_P3=0
HEAT_1_TEMP=-50
HEAT_1_DUTY=10
HEAT_1_SP=-20.0
HEAT_2_TEMP=-50
HEAT_2_DUTY=0
HEAT_2_SP=-20.0
HEAT_3_TEMP=-50
HEAT_3_DUTY=0
HEAT_3_SP=-20.0
HEAT_4_TEMP=-50
HEAT_4_DUTY=0
HEAT_4_SP=-20.0
MOTOR_ANGLE=0.0015261627906976744
MOTOR_ACCUM=0.0015261627906976744
MOTOR_ROT=0

[22:31:15.708 EBOX]
TS=1786201213.254
V_SENSE5=1.1181640625
V_SENSE9=0.03173828125
V_SENSE12=0.068359375
ADC_V5=4.9560546875
ADC_V9=9.2218017578125
ADC_V12=11.89453125
ADC_V28=27.5946044921875
THERMAL_SENS_OUT_1=30
THERMAL_SENS_OUT_2=-50
THERMAL_SENS_OUT_3=23
THERMAL_SENS_OUT_4=28
THERMAL_SENS_OUT_5=35
THERMAL_SENS_OUT_6=-50
THERMAL_SENS_INT_1=29
THERMAL_SENS_INT_2=26
PG_5=0
PG_9=0
PG_12=0
FLT_P2=0
FLT_P3=0
HEAT_1_TEMP=30
HEAT_1_DUTY=0
HEAT_1_SP=-20.0
HEAT_2_TEMP=23
HEAT_2_DUTY=0
HEAT_2_SP=-20.0
HEAT_3_TEMP=28
HEAT_3_DUTY=0
HEAT_3_SP=-20.0
HEAT_4_TEMP=35
HEAT_4_DUTY=0
HEAT_4_SP=-20.0
MOTOR_ANGLE=-0.0003779069767441861
MOTOR_ACCUM=-0.0003779069767441861
MOTOR_ROT=0

[22:31:18.437 EBOX]
TS=1786201215.257
V_SENSE5=1.14501953125
V_SENSE9=0.04150390625
V_SENSE12=0.07080078125
ADC_V5=4.84100341796875
ADC_V9=9.26605224609375
ADC_V12=11.85028076171875
ADC_V28=27.152099609375
THERMAL_SENS_OUT_1=28
THERMAL_SENS_OUT_2=-50
THERMAL_SENS_OUT_3=24
THERMAL_SENS_OUT_4=26
THERMAL_SENS_OUT_5=35
THERMAL_SENS_OUT_6=-50
THERMAL_SENS_INT_1=28
THERMAL_SENS_INT_2=27
PG_5=0
PG_9=0
PG_12=0
FLT_P2=0
FLT_P3=0
HEAT_1_TEMP=28
HEAT_1_DUTY=0
HEAT_1_SP=-20.0
HEAT_2_TEMP=24
HEAT_2_DUTY=0
HEAT_2_SP=-20.0
HEAT_3_TEMP=26
HEAT_3_DUTY=0
HEAT_3_SP=-20.0
HEAT_4_TEMP=35
HEAT_4_DUTY=0
HEAT_4_SP=-20.0
MOTOR_ANGLE=-0.0003779069767441861
MOTOR_ACCUM=-0.0003779069767441861
MOTOR_ROT=0

[22:31:18.534 CUBESAT]
TS=1786202546.664
V_SENSE5=159.99755859375
V_SENSE9=159.99755859375
V_SENSE12=159.99755859375
ADC_V5=579.9911499023438
ADC_V9=579.9911499023438
ADC_V12=579.9911499023438
ADC_V28=579.9911499023438
THERMAL_SENS_OUT_1=-50
THERMAL_SENS_OUT_2=-50
THERMAL_SENS_OUT_3=-50
THERMAL_SENS_OUT_4=-50
THERMAL_SENS_OUT_5=-50
THERMAL_SENS_OUT_6=-50
THERMAL_SENS_INT_1=-50
THERMAL_SENS_INT_2=-50
PG_5=1
PG_9=0
PG_12=0
FLT_P2=0
FLT_P3=0
HEAT_1_TEMP=-50
HEAT_1_DUTY=0
HEAT_1_SP=-20.0
HEAT_2_TEMP=-50
HEAT_2_DUTY=0
HEAT_2_SP=-20.0
HEAT_3_TEMP=-50
HEAT_3_DUTY=10
HEAT_3_SP=-20.0
HEAT_4_TEMP=-50
HEAT_4_DUTY=0
HEAT_4_SP=-20.0
MOTOR_ANGLE=0.0015261627906976744
MOTOR_ACCUM=0.0015261627906976744
MOTOR_ROT=0

[22:31:19.659 CUBESAT]
TS=1786202548.674
V_SENSE5=159.99755859375
V_SENSE9=159.99755859375
V_SENSE12=159.99755859375
ADC_V5=579.9911499023438
ADC_V9=579.9911499023438
ADC_V12=579.9911499023438
ADC_V28=579.9911499023438
THERMAL_SENS_OUT_1=-50
THERMAL_SENS_OUT_2=-50
THERMAL_SENS_OUT_3=-50
THERMAL_SENS_OUT_4=-50
THERMAL_SENS_OUT_5=-50
THERMAL_SENS_OUT_6=-50
THERMAL_SENS_INT_1=-50
THERMAL_SENS_INT_2=-50
PG_5=1
PG_9=0
PG_12=0
FLT_P2=0
FLT_P3=0
HEAT_1_TEMP=-50
HEAT_1_DUTY=10
HEAT_1_SP=-20.0
HEAT_2_TEMP=-50
HEAT_2_DUTY=0
HEAT_2_SP=-20.0
HEAT_3_TEMP=-50
HEAT_3_DUTY=0
HEAT_3_SP=-20.0
HEAT_4_TEMP=-50
HEAT_4_DUTY=0
HEAT_4_SP=-20.0
MOTOR_ANGLE=0.0015261627906976744
MOTOR_ACCUM=0.0015261627906976744
MOTOR_ROT=0

[22:31:19.771 EBOX]
TS=1786201217.266
V_SENSE5=1.12548828125
V_SENSE9=0.0390625
V_SENSE12=0.07080078125
ADC_V5=4.849853515625
ADC_V9=9.0802001953125
ADC_V12=11.49627685546875
ADC_V28=27.70965576171875
THERMAL_SENS_OUT_1=26
THERMAL_SENS_OUT_2=-50
THERMAL_SENS_OUT_3=27
THERMAL_SENS_OUT_4=26
THERMAL_SENS_OUT_5=33
THERMAL_SENS_OUT_6=-50
THERMAL_SENS_INT_1=29
THERMAL_SENS_INT_2=28
PG_5=0
PG_9=0
PG_12=0
FLT_P2=0
FLT_P3=0
HEAT_1_TEMP=26
HEAT_1_DUTY=0
HEAT_1_SP=-20.0
HEAT_2_TEMP=27
HEAT_2_DUTY=0
HEAT_2_SP=-20.0
HEAT_3_TEMP=26
HEAT_3_DUTY=0
HEAT_3_SP=-20.0
HEAT_4_TEMP=33
HEAT_4_DUTY=0
HEAT_4_SP=-20.0
MOTOR_ANGLE=-0.0003779069767441861
MOTOR_ACCUM=-0.0003779069767441861
MOTOR_ROT=0

[22:31:21.692 CUBESAT]
TS=1786202550.672
V_SENSE5=159.99755859375
V_SENSE9=159.99755859375
V_SENSE12=159.99755859375
ADC_V5=579.9911499023438
ADC_V9=579.9911499023438
ADC_V12=579.9911499023438
ADC_V28=579.9911499023438
THERMAL_SENS_OUT_1=-50
THERMAL_SENS_OUT_2=-50
THERMAL_SENS_OUT_3=-50
THERMAL_SENS_OUT_4=-50
THERMAL_SENS_OUT_5=-50
THERMAL_SENS_OUT_6=-50
THERMAL_SENS_INT_1=-50
THERMAL_SENS_INT_2=-50
PG_5=1
PG_9=0
PG_12=0
FLT_P2=0
FLT_P3=0
HEAT_1_TEMP=-50
HEAT_1_DUTY=0
HEAT_1_SP=-20.0
HEAT_2_TEMP=-50
HEAT_2_DUTY=0
HEAT_2_SP=-20.0
HEAT_3_TEMP=-50
HEAT_3_DUTY=10
HEAT_3_SP=-20.0
HEAT_4_TEMP=-50
HEAT_4_DUTY=0
HEAT_4_SP=-20.0
MOTOR_ANGLE=0.0015261627906976744
MOTOR_ACCUM=0.0015261627906976744
MOTOR_ROT=0

[22:31:23.625 CUBESAT]
TS=1786202552.681
V_SENSE5=159.99755859375
V_SENSE9=159.99755859375
V_SENSE12=159.99755859375
ADC_V5=579.9911499023438
ADC_V9=579.9911499023438
ADC_V12=579.9911499023438
ADC_V28=579.9911499023438
THERMAL_SENS_OUT_1=-50
THERMAL_SENS_OUT_2=-50
THERMAL_SENS_OUT_3=-50
THERMAL_SENS_OUT_4=-50
THERMAL_SENS_OUT_5=-50
THERMAL_SENS_OUT_6=-50
THERMAL_SENS_INT_1=-50
THERMAL_SENS_INT_2=-50
PG_5=1
PG_9=0
PG_12=0
FLT_P2=0
FLT_P3=0
HEAT_1_TEMP=-50
HEAT_1_DUTY=10
HEAT_1_SP=-20.0
HEAT_2_TEMP=-50
HEAT_2_DUTY=0
HEAT_2_SP=-20.0
HEAT_3_TEMP=-50
HEAT_3_DUTY=0
HEAT_3_SP=-20.0
HEAT_4_TEMP=-50
HEAT_4_DUTY=0
HEAT_4_SP=-20.0
MOTOR_ANGLE=0.0015261627906976744
MOTOR_ACCUM=0.0015261627906976744
MOTOR_ROT=0

[22:31:27.083 CUBESAT]
TS=1786202554.681
V_SENSE5=159.99755859375
V_SENSE9=159.99755859375
V_SENSE12=159.99755859375
ADC_V5=579.9911499023438
ADC_V9=579.9911499023438
ADC_V12=579.9911499023438
ADC_V28=579.9911499023438
THERMAL_SENS_OUT_1=-50
THERMAL_SENS_OUT_2=-50
THERMAL_SENS_OUT_3=-50
THERMAL_SENS_OUT_4=-50
THERMAL_SENS_OUT_5=-50
THERMAL_SENS_OUT_6=-50
THERMAL_SENS_INT_1=-50
THERMAL_SENS_INT_2=-50
PG_5=1
PG_9=0
PG_12=0
FLT_P2=0
FLT_P3=0
HEAT_1_TEMP=-50
HEAT_1_DUTY=0
HEAT_1_SP=-20.0
HEAT_2_TEMP=-50
HEAT_2_DUTY=0
HEAT_2_SP=-20.0
HEAT_3_TEMP=-50
HEAT_3_DUTY=10
HEAT_3_SP=-20.0
HEAT_4_TEMP=-50
HEAT_4_DUTY=0
HEAT_4_SP=-20.0
MOTOR_ANGLE=0.0015261627906976744
MOTOR_ACCUM=0.0015261627906976744
MOTOR_ROT=0

[22:31:27.711 CUBESAT]
TS=1786202556.685
V_SENSE5=159.99755859375
V_SENSE9=159.99755859375
V_SENSE12=159.99755859375
ADC_V5=579.9911499023438
ADC_V9=579.9911499023438
ADC_V12=579.9911499023438
ADC_V28=579.9911499023438
THERMAL_SENS_OUT_1=-50
THERMAL_SENS_OUT_2=-50
THERMAL_SENS_OUT_3=-50
THERMAL_SENS_OUT_4=-50
THERMAL_SENS_OUT_5=-50
THERMAL_SENS_OUT_6=-50
THERMAL_SENS_INT_1=-50
THERMAL_SENS_INT_2=-50
PG_5=1
PG_9=0
PG_12=0
FLT_P2=0
FLT_P3=0
HEAT_1_TEMP=-50
HEAT_1_DUTY=10
HEAT_1_SP=-20.0
HEAT_2_TEMP=-50
HEAT_2_DUTY=0
HEAT_2_SP=-20.0
HEAT_3_TEMP=-50
HEAT_3_DUTY=0
HEAT_3_SP=-20.0
HEAT_4_TEMP=-50
HEAT_4_DUTY=0
HEAT_4_SP=-20.0
MOTOR_ANGLE=0.0015261627906976744
MOTOR_ACCUM=0.0015261627906976744
MOTOR_ROT=0

[22:31:29.643 CUBESAT]
TS=1786202558.686
V_SENSE5=159.99755859375
V_SENSE9=159.99755859375
V_SENSE12=159.99755859375
ADC_V5=579.9911499023438
ADC_V9=579.9911499023438
ADC_V12=579.9911499023438
ADC_V28=579.9911499023438
THERMAL_SENS_OUT_1=-50
THERMAL_SENS_OUT_2=-50
THERMAL_SENS_OUT_3=-50
THERMAL_SENS_OUT_4=-50
THERMAL_SENS_OUT_5=-50
THERMAL_SENS_OUT_6=-50
THERMAL_SENS_INT_1=-50
THERMAL_SENS_INT_2=-50
PG_5=1
PG_9=0
PG_12=0
FLT_P2=0
FLT_P3=0
HEAT_1_TEMP=-50
HEAT_1_DUTY=0
HEAT_1_SP=-20.0
HEAT_2_TEMP=-50
HEAT_2_DUTY=0
HEAT_2_SP=-20.0
HEAT_3_TEMP=-50
HEAT_3_DUTY=10
HEAT_3_SP=-20.0
HEAT_4_TEMP=-50
HEAT_4_DUTY=0
HEAT_4_SP=-20.0
MOTOR_ANGLE=0.0015261627906976744
MOTOR_ACCUM=0.0015261627906976744
MOTOR_ROT=0

[22:31:31.678 CUBESAT]
TS=1786202560.697
V_SENSE5=159.99755859375
V_SENSE9=159.99755859375
V_SENSE12=159.99755859375
ADC_V5=579.9911499023438
ADC_V9=579.9911499023438
ADC_V12=579.9911499023438
ADC_V28=579.9911499023438
THERMAL_SENS_OUT_1=-50
THERMAL_SENS_OUT_2=-50
THERMAL_SENS_OUT_3=-50
THERMAL_SENS_OUT_4=-50
THERMAL_SENS_OUT_5=-50
THERMAL_SENS_OUT_6=-50
THERMAL_SENS_INT_1=-50
THERMAL_SENS_INT_2=-50
PG_5=1
PG_9=0
PG_12=0
FLT_P2=0
FLT_P3=0
HEAT_1_TEMP=-50
HEAT_1_DUTY=10
HEAT_1_SP=-20.0
HEAT_2_TEMP=-50
HEAT_2_DUTY=0
HEAT_2_SP=-20.0
HEAT_3_TEMP=-50
HEAT_3_DUTY=0
HEAT_3_SP=-20.0
HEAT_4_TEMP=-50
HEAT_4_DUTY=0
HEAT_4_SP=-20.0
MOTOR_ANGLE=0.0015261627906976744
MOTOR_ACCUM=0.0015261627906976744
MOTOR_ROT=0

[22:31:33.812 CUBESAT]
TS=1786202562.684
V_SENSE5=159.99755859375
V_SENSE9=159.99755859375
V_SENSE12=159.99755859375
ADC_V5=579.9911499023438
ADC_V9=579.9911499023438
ADC_V12=579.9911499023438
ADC_V28=579.9911499023438
THERMAL_SENS_OUT_1=-50
THERMAL_SENS_OUT_2=-50
THERMAL_SENS_OUT_3=-50
THERMAL_SENS_OUT_4=-50
THERMAL_SENS_OUT_5=-50
THERMAL_SENS_OUT_6=-50
THERMAL_SENS_INT_1=-50
THERMAL_SENS_INT_2=-50
PG_5=1
PG_9=0
PG_12=0
FLT_P2=0
FLT_P3=0
HEAT_1_TEMP=-50
HEAT_1_DUTY=0
HEAT_1_SP=-20.0
HEAT_2_TEMP=-50
HEAT_2_DUTY=0
HEAT_2_SP=-20.0
HEAT_3_TEMP=-50
HEAT_3_DUTY=10
HEAT_3_SP=-20.0
HEAT_4_TEMP=-50
HEAT_4_DUTY=0
HEAT_4_SP=-20.0
MOTOR_ANGLE=0.0015261627906976744
MOTOR_ACCUM=0.0015261627906976744
MOTOR_ROT=0

[22:31:35.749 CUBESAT]
TS=1786202564.689
V_SENSE5=159.99755859375
V_SENSE9=159.99755859375
V_SENSE12=159.99755859375
ADC_V5=579.9911499023438
ADC_V9=579.9911499023438
ADC_V12=579.9911499023438
ADC_V28=579.9911499023438
THERMAL_SENS_OUT_1=-50
THERMAL_SENS_OUT_2=-50
THERMAL_SENS_OUT_3=-50
THERMAL_SENS_OUT_4=-50
THERMAL_SENS_OUT_5=-50
THERMAL_SENS_OUT_6=-50
THERMAL_SENS_INT_1=-50
THERMAL_SENS_INT_2=-50
PG_5=1
PG_9=0
PG_12=0
FLT_P2=0
FLT_P3=0
HEAT_1_TEMP=-50
HEAT_1_DUTY=10
HEAT_1_SP=-20.0
HEAT_2_TEMP=-50
HEAT_2_DUTY=0
HEAT_2_SP=-20.0
HEAT_3_TEMP=-50
HEAT_3_DUTY=0
HEAT_3_SP=-20.0
HEAT_4_TEMP=-50
HEAT_4_DUTY=0
HEAT_4_SP=-20.0
MOTOR_ANGLE=0.0015261627906976744
MOTOR_ACCUM=0.0015261627906976744
MOTOR_ROT=0

[22:31:37.685 CUBESAT]
TS=1786202566.694
V_SENSE5=159.99755859375
V_SENSE9=159.99755859375
V_SENSE12=159.99755859375
ADC_V5=579.9911499023438
ADC_V9=579.9911499023438
ADC_V12=579.9911499023438
ADC_V28=579.9911499023438
THERMAL_SENS_OUT_1=-50
THERMAL_SENS_OUT_2=-50
THERMAL_SENS_OUT_3=-50
THERMAL_SENS_OUT_4=-50
THERMAL_SENS_OUT_5=-50
THERMAL_SENS_OUT_6=-50
THERMAL_SENS_INT_1=-50
THERMAL_SENS_INT_2=-50
PG_5=1
PG_9=0
PG_12=0
FLT_P2=0
FLT_P3=0
HEAT_1_TEMP=-50
HEAT_1_DUTY=0
HEAT_1_SP=-20.0
HEAT_2_TEMP=-50
HEAT_2_DUTY=0
HEAT_2_SP=-20.0
HEAT_3_TEMP=-50
HEAT_3_DUTY=10
HEAT_3_SP=-20.0
HEAT_4_TEMP=-50
HEAT_4_DUTY=0
HEAT_4_SP=-20.0
MOTOR_ANGLE=0.0015261627906976744
MOTOR_ACCUM=0.0015261627906976744
MOTOR_ROT=0

[22:31:40.225 CUBESAT]
TS=1786202568.686
V_SENSE5=159.99755859375
V_SENSE9=159.99755859375
V_SENSE12=159.99755859375
ADC_V5=579.9911499023438
ADC_V9=579.9911499023438
ADC_V12=579.9911499023438
ADC_V28=579.9911499023438
THERMAL_SENS_OUT_1=-50
THERMAL_SENS_OUT_2=-50
THERMAL_SENS_OUT_3=-50
THERMAL_SENS_OUT_4=-50
THERMAL_SENS_OUT_5=-50
THERMAL_SENS_OUT_6=-50
THERMAL_SENS_INT_1=-50
THERMAL_SENS_INT_2=-50
PG_5=1
PG_9=0
PG_12=0
FLT_P2=0
FLT_P3=0
HEAT_1_TEMP=-50
HEAT_1_DUTY=10
HEAT_1_SP=-20.0
HEAT_2_TEMP=-50
HEAT_2_DUTY=0
HEAT_2_SP=-20.0
HEAT_3_TEMP=-50
HEAT_3_DUTY=0
HEAT_3_SP=-20.0
HEAT_4_TEMP=-50
HEAT_4_DUTY=0
HEAT_4_SP=-20.0
MOTOR_ANGLE=0.0015261627906976744
MOTOR_ACCUM=0.0015261627906976744
MOTOR_ROT=0

[22:31:41.758 CUBESAT]
TS=1786202570.689
V_SENSE5=159.99755859375
V_SENSE9=159.99755859375
V_SENSE12=159.99755859375
ADC_V5=579.9911499023438
ADC_V9=579.9911499023438
ADC_V12=579.9911499023438
ADC_V28=579.9911499023438
THERMAL_SENS_OUT_1=-50
THERMAL_SENS_OUT_2=-50
THERMAL_SENS_OUT_3=-50
THERMAL_SENS_OUT_4=-50
THERMAL_SENS_OUT_5=-50
THERMAL_SENS_OUT_6=-50
THERMAL_SENS_INT_1=-50
THERMAL_SENS_INT_2=-50
PG_5=1
PG_9=0
PG_12=0
FLT_P2=0
FLT_P3=0
HEAT_1_TEMP=-50
HEAT_1_DUTY=0
HEAT_1_SP=-20.0
HEAT_2_TEMP=-50
HEAT_2_DUTY=0
HEAT_2_SP=-20.0
HEAT_3_TEMP=-50
HEAT_3_DUTY=10
HEAT_3_SP=-20.0
HEAT_4_TEMP=-50
HEAT_4_DUTY=0
HEAT_4_SP=-20.0
MOTOR_ANGLE=0.0015261627906976744
MOTOR_ACCUM=0.0015261627906976744
MOTOR_ROT=0

[22:31:44.199 CUBESAT]
TS=1786202572.692
V_SENSE5=159.99755859375
V_SENSE9=159.99755859375
V_SENSE12=159.99755859375
ADC_V5=579.9911499023438
ADC_V9=579.9911499023438
ADC_V12=579.9911499023438
ADC_V28=579.9911499023438
THERMAL_SENS_OUT_1=-50
THERMAL_SENS_OUT_2=-50
THERMAL_SENS_OUT_3=-50
THERMAL_SENS_OUT_4=-50
THERMAL_SENS_OUT_5=-50
THERMAL_SENS_OUT_6=-50
THERMAL_SENS_INT_1=-50
THERMAL_SENS_INT_2=-50
PG_5=1
PG_9=0
PG_12=0
FLT_P2=0
FLT_P3=0
HEAT_1_TEMP=-50
HEAT_1_DUTY=10
HEAT_1_SP=-20.0
HEAT_2_TEMP=-50
HEAT_2_DUTY=0
HEAT_2_SP=-20.0
HEAT_3_TEMP=-50
HEAT_3_DUTY=0
HEAT_3_SP=-20.0
HEAT_4_TEMP=-50
HEAT_4_DUTY=0
HEAT_4_SP=-20.0
MOTOR_ANGLE=0.0015261627906976744
MOTOR_ACCUM=0.0015261627906976744
MOTOR_ROT=0

[22:31:45.934 CUBESAT]
TS=1786202574.693
V_SENSE5=159.99755859375
V_SENSE9=159.99755859375
V_SENSE12=159.99755859375
ADC_V5=579.9911499023438
ADC_V9=579.9911499023438
ADC_V12=579.9911499023438
ADC_V28=579.9911499023438
THERMAL_SENS_OUT_1=-50
THERMAL_SENS_OUT_2=-50
THERMAL_SENS_OUT_3=-50
THERMAL_SENS_OUT_4=-50
THERMAL_SENS_OUT_5=-50
THERMAL_SENS_OUT_6=-50
THERMAL_SENS_INT_1=-50
THERMAL_SENS_INT_2=-50
PG_5=1
PG_9=0
PG_12=0
FLT_P2=0
FLT_P3=0
HEAT_1_TEMP=-50
HEAT_1_DUTY=0
HEAT_1_SP=-20.0
HEAT_2_TEMP=-50
HEAT_2_DUTY=0
HEAT_2_SP=-20.0
HEAT_3_TEMP=-50
HEAT_3_DUTY=10
HEAT_3_SP=-20.0
HEAT_4_TEMP=-50
HEAT_4_DUTY=0
HEAT_4_SP=-20.0
MOTOR_ANGLE=0.0015261627906976744
MOTOR_ACCUM=0.0015261627906976744
MOTOR_ROT=0

[22:31:48.069 CUBESAT]
TS=1786202576.695
V_SENSE5=159.99755859375
V_SENSE9=159.99755859375
V_SENSE12=159.99755859375
ADC_V5=579.9911499023438
ADC_V9=579.9911499023438
ADC_V12=579.9911499023438
ADC_V28=579.9911499023438
THERMAL_SENS_OUT_1=-50
THERMAL_SENS_OUT_2=-50
THERMAL_SENS_OUT_3=-50
THERMAL_SENS_OUT_4=-50
THERMAL_SENS_OUT_5=-50
THERMAL_SENS_OUT_6=-50
THERMAL_SENS_INT_1=-50
THERMAL_SENS_INT_2=-50
PG_5=1
PG_9=0
PG_12=0
FLT_P2=0
FLT_P3=0
HEAT_1_TEMP=-50
HEAT_1_DUTY=10
HEAT_1_SP=-20.0
HEAT_2_TEMP=-50
HEAT_2_DUTY=0
HEAT_2_SP=-20.0
HEAT_3_TEMP=-50
HEAT_3_DUTY=0
HEAT_3_SP=-20.0
HEAT_4_TEMP=-50
HEAT_4_DUTY=0
HEAT_4_SP=-20.0
MOTOR_ANGLE=0.0015261627906976744
MOTOR_ACCUM=0.0015261627906976744
MOTOR_ROT=0

[22:31:49.699 CUBESAT]
TS=1786202578.698
V_SENSE5=159.99755859375
V_SENSE9=159.99755859375
V_SENSE12=159.99755859375
ADC_V5=579.9911499023438
ADC_V9=579.9911499023438
ADC_V12=579.9911499023438
ADC_V28=579.9911499023438
THERMAL_SENS_OUT_1=-50
THERMAL_SENS_OUT_2=-50
THERMAL_SENS_OUT_3=-50
THERMAL_SENS_OUT_4=-50
THERMAL_SENS_OUT_5=-50
THERMAL_SENS_OUT_6=-50
THERMAL_SENS_INT_1=-50
THERMAL_SENS_INT_2=-50
PG_5=1
PG_9=0
PG_12=0
FLT_P2=0
FLT_P3=0
HEAT_1_TEMP=-50
HEAT_1_DUTY=0
HEAT_1_SP=-20.0
HEAT_2_TEMP=-50
HEAT_2_DUTY=0
HEAT_2_SP=-20.0
HEAT_3_TEMP=-50
HEAT_3_DUTY=10
HEAT_3_SP=-20.0
HEAT_4_TEMP=-50
HEAT_4_DUTY=0
HEAT_4_SP=-20.0
MOTOR_ANGLE=0.0015261627906976744
MOTOR_ACCUM=0.0015261627906976744
MOTOR_ROT=0

[22:31:51.742 CUBESAT]
TS=1786202580.694
V_SENSE5=159.99755859375
V_SENSE9=159.99755859375
V_SENSE12=159.99755859375
ADC_V5=579.9911499023438
ADC_V9=579.9911499023438
ADC_V12=579.9911499023438
ADC_V28=579.9911499023438
THERMAL_SENS_OUT_1=-50
THERMAL_SENS_OUT_2=-50
THERMAL_SENS_OUT_3=-50
THERMAL_SENS_OUT_4=-50
THERMAL_SENS_OUT_5=-50
THERMAL_SENS_OUT_6=-50
THERMAL_SENS_INT_1=-50
THERMAL_SENS_INT_2=-50
PG_5=1
PG_9=0
PG_12=0
FLT_P2=0
FLT_P3=0
HEAT_1_TEMP=-50
HEAT_1_DUTY=10
HEAT_1_SP=-20.0
HEAT_2_TEMP=-50
HEAT_2_DUTY=0
HEAT_2_SP=-20.0
HEAT_3_TEMP=-50
HEAT_3_DUTY=0
HEAT_3_SP=-20.0
HEAT_4_TEMP=-50
HEAT_4_DUTY=0
HEAT_4_SP=-20.0
MOTOR_ANGLE=0.0015261627906976744
MOTOR_ACCUM=0.0015261627906976744
MOTOR_ROT=0

[22:31:53.776 CUBESAT]
TS=1786202582.705
V_SENSE5=159.99755859375
V_SENSE9=159.99755859375
V_SENSE12=159.99755859375
ADC_V5=579.9911499023438
ADC_V9=579.9911499023438
ADC_V12=579.9911499023438
ADC_V28=579.9911499023438
THERMAL_SENS_OUT_1=-50
THERMAL_SENS_OUT_2=-50
THERMAL_SENS_OUT_3=-50
THERMAL_SENS_OUT_4=-50
THERMAL_SENS_OUT_5=-50
THERMAL_SENS_OUT_6=-50
THERMAL_SENS_INT_1=-50
THERMAL_SENS_INT_2=-50
PG_5=1
PG_9=0
PG_12=0
FLT_P2=0
FLT_P3=0
HEAT_1_TEMP=-50
HEAT_1_DUTY=0
HEAT_1_SP=-20.0
HEAT_2_TEMP=-50
HEAT_2_DUTY=0
HEAT_2_SP=-20.0
HEAT_3_TEMP=-50
HEAT_3_DUTY=10
HEAT_3_SP=-20.0
HEAT_4_TEMP=-50
HEAT_4_DUTY=0
HEAT_4_SP=-20.0
MOTOR_ANGLE=0.0015261627906976744
MOTOR_ACCUM=0.0015261627906976744
MOTOR_ROT=0

[22:31:56.214 CUBESAT]
TS=1786202584.703
V_SENSE5=159.99755859375
V_SENSE9=159.99755859375
V_SENSE12=159.99755859375
ADC_V5=579.9911499023438
ADC_V9=579.9911499023438
ADC_V12=579.9911499023438
ADC_V28=579.9911499023438
THERMAL_SENS_OUT_1=-50
THERMAL_SENS_OUT_2=-50
THERMAL_SENS_OUT_3=-50
THERMAL_SENS_OUT_4=-50
THERMAL_SENS_OUT_5=-50
THERMAL_SENS_OUT_6=-50
THERMAL_SENS_INT_1=-50
THERMAL_SENS_INT_2=-50
PG_5=1
PG_9=0
PG_12=0
FLT_P2=0
FLT_P3=0
HEAT_1_TEMP=-50
HEAT_1_DUTY=10
HEAT_1_SP=-20.0
HEAT_2_TEMP=-50
HEAT_2_DUTY=0
HEAT_2_SP=-20.0
HEAT_3_TEMP=-50
HEAT_3_DUTY=0
HEAT_3_SP=-20.0
HEAT_4_TEMP=-50
HEAT_4_DUTY=0
HEAT_4_SP=-20.0
MOTOR_ANGLE=0.0015261627906976744
MOTOR_ACCUM=0.0015261627906976744
MOTOR_ROT=0

[22:31:57.744 CUBESAT]
TS=1786202586.711
V_SENSE5=159.99755859375
V_SENSE9=159.99755859375
V_SENSE12=159.99755859375
ADC_V5=579.9911499023438
ADC_V9=579.9911499023438
ADC_V12=579.9911499023438
ADC_V28=579.9911499023438
THERMAL_SENS_OUT_1=-50
THERMAL_SENS_OUT_2=-50
THERMAL_SENS_OUT_3=-50
THERMAL_SENS_OUT_4=-50
THERMAL_SENS_OUT_5=-50
THERMAL_SENS_OUT_6=-50
THERMAL_SENS_INT_1=-50
THERMAL_SENS_INT_2=-50
PG_5=1
PG_9=0
PG_12=0
FLT_P2=0
FLT_P3=0
HEAT_1_TEMP=-50
HEAT_1_DUTY=0
HEAT_1_SP=-20.0
HEAT_2_TEMP=-50
HEAT_2_DUTY=0
HEAT_2_SP=-20.0
HEAT_3_TEMP=-50
HEAT_3_DUTY=10
HEAT_3_SP=-20.0
HEAT_4_TEMP=-50
HEAT_4_DUTY=0
HEAT_4_SP=-20.0
MOTOR_ANGLE=0.0015261627906976744
MOTOR_ACCUM=0.0015261627906976744
MOTOR_ROT=0

[22:31:59.777 CUBESAT]
TS=1786202588.711
V_SENSE5=159.99755859375
V_SENSE9=159.99755859375
V_SENSE12=159.99755859375
ADC_V5=579.9911499023438
ADC_V9=579.9911499023438
ADC_V12=579.9911499023438
ADC_V28=579.9911499023438
THERMAL_SENS_OUT_1=-50
THERMAL_SENS_OUT_2=-50
THERMAL_SENS_OUT_3=-50
THERMAL_SENS_OUT_4=-50
THERMAL_SENS_OUT_5=-50
THERMAL_SENS_OUT_6=-50
THERMAL_SENS_INT_1=-50
THERMAL_SENS_INT_2=-50
PG_5=1
PG_9=0
PG_12=0
FLT_P2=0
FLT_P3=0
HEAT_1_TEMP=-50
HEAT_1_DUTY=10
HEAT_1_SP=-20.0
HEAT_2_TEMP=-50
HEAT_2_DUTY=0
HEAT_2_SP=-20.0
HEAT_3_TEMP=-50
HEAT_3_DUTY=0
HEAT_3_SP=-20.0
HEAT_4_TEMP=-50
HEAT_4_DUTY=0
HEAT_4_SP=-20.0
MOTOR_ANGLE=0.0015261627906976744
MOTOR_ACCUM=0.0015261627906976744
MOTOR_ROT=0

[22:32:01.712 CUBESAT]
TS=1786202590.718
V_SENSE5=159.99755859375
V_SENSE9=159.99755859375
V_SENSE12=159.99755859375
ADC_V5=579.9911499023438
ADC_V9=579.9911499023438
ADC_V12=579.9911499023438
ADC_V28=579.9911499023438
THERMAL_SENS_OUT_1=-50
THERMAL_SENS_OUT_2=-50
THERMAL_SENS_OUT_3=-50
THERMAL_SENS_OUT_4=-50
THERMAL_SENS_OUT_5=-50
THERMAL_SENS_OUT_6=-50
THERMAL_SENS_INT_1=-50
THERMAL_SENS_INT_2=-50
PG_5=1
PG_9=0
PG_12=0
FLT_P2=0
FLT_P3=0
HEAT_1_TEMP=-50
HEAT_1_DUTY=0
HEAT_1_SP=-20.0
HEAT_2_TEMP=-50
HEAT_2_DUTY=0
HEAT_2_SP=-20.0
HEAT_3_TEMP=-50
HEAT_3_DUTY=10
HEAT_3_SP=-20.0
HEAT_4_TEMP=-50
HEAT_4_DUTY=0
HEAT_4_SP=-20.0
MOTOR_ANGLE=0.0015261627906976744
MOTOR_ACCUM=0.0015261627906976744
MOTOR_ROT=0

[22:32:03.752 CUBESAT]
TS=1786202592.715
V_SENSE5=159.99755859375
V_SENSE9=159.99755859375
V_SENSE12=159.99755859375
ADC_V5=579.9911499023438
ADC_V9=579.9911499023438
ADC_V12=579.9911499023438
ADC_V28=579.9911499023438
THERMAL_SENS_OUT_1=-50
THERMAL_SENS_OUT_2=-50
THERMAL_SENS_OUT_3=-50
THERMAL_SENS_OUT_4=-50
THERMAL_SENS_OUT_5=-50
THERMAL_SENS_OUT_6=-50
THERMAL_SENS_INT_1=-50
THERMAL_SENS_INT_2=-50
PG_5=1
PG_9=0
PG_12=0
FLT_P2=0
FLT_P3=0
HEAT_1_TEMP=-50
HEAT_1_DUTY=10
HEAT_1_SP=-20.0
HEAT_2_TEMP=-50
HEAT_2_DUTY=0
HEAT_2_SP=-20.0
HEAT_3_TEMP=-50
HEAT_3_DUTY=0
HEAT_3_SP=-20.0
HEAT_4_TEMP=-50
HEAT_4_DUTY=0
HEAT_4_SP=-20.0
MOTOR_ANGLE=0.0015261627906976744
MOTOR_ACCUM=0.0015261627906976744
MOTOR_ROT=0

[22:32:06.189 CUBESAT]
TS=1786202594.714
V_SENSE5=159.99755859375
V_SENSE9=159.99755859375
V_SENSE12=159.99755859375
ADC_V5=579.9911499023438
ADC_V9=579.9911499023438
ADC_V12=579.9911499023438
ADC_V28=579.9911499023438
THERMAL_SENS_OUT_1=-50
THERMAL_SENS_OUT_2=-50
THERMAL_SENS_OUT_3=-50
THERMAL_SENS_OUT_4=-50
THERMAL_SENS_OUT_5=-50
THERMAL_SENS_OUT_6=-50
THERMAL_SENS_INT_1=-50
THERMAL_SENS_INT_2=-50
PG_5=1
PG_9=0
PG_12=0
FLT_P2=0
FLT_P3=0
HEAT_1_TEMP=-50
HEAT_1_DUTY=0
HEAT_1_SP=-20.0
HEAT_2_TEMP=-50
HEAT_2_DUTY=0
HEAT_2_SP=-20.0
HEAT_3_TEMP=-50
HEAT_3_DUTY=10
HEAT_3_SP=-20.0
HEAT_4_TEMP=-50
HEAT_4_DUTY=0
HEAT_4_SP=-20.0
MOTOR_ANGLE=0.0015261627906976744
MOTOR_ACCUM=0.0015261627906976744
MOTOR_ROT=0

[22:32:07.819 CUBESAT]
TS=1786202596.718
V_SENSE5=159.99755859375
V_SENSE9=159.99755859375
V_SENSE12=159.99755859375
ADC_V5=579.9911499023438
ADC_V9=579.9911499023438
ADC_V12=579.9911499023438
ADC_V28=579.9911499023438
THERMAL_SENS_OUT_1=-50
THERMAL_SENS_OUT_2=-50
THERMAL_SENS_OUT_3=-50
THERMAL_SENS_OUT_4=-50
THERMAL_SENS_OUT_5=-50
THERMAL_SENS_OUT_6=-50
THERMAL_SENS_INT_1=-50
THERMAL_SENS_INT_2=-50
PG_5=1
PG_9=0
PG_12=0
FLT_P2=0
FLT_P3=0
HEAT_1_TEMP=-50
HEAT_1_DUTY=10
HEAT_1_SP=-20.0
HEAT_2_TEMP=-50
HEAT_2_DUTY=0
HEAT_2_SP=-20.0
HEAT_3_TEMP=-50
HEAT_3_DUTY=0
HEAT_3_SP=-20.0
HEAT_4_TEMP=-50
HEAT_4_DUTY=0
HEAT_4_SP=-20.0
MOTOR_ANGLE=0.0015261627906976744
MOTOR_ACCUM=0.0015261627906976744
MOTOR_ROT=0

[22:32:10.267 CUBESAT]
TS=1786202598.725
V_SENSE5=159.99755859375
V_SENSE9=159.99755859375
V_SENSE12=159.99755859375
ADC_V5=579.9911499023438
ADC_V9=579.9911499023438
ADC_V12=579.9911499023438
ADC_V28=579.9911499023438
THERMAL_SENS_OUT_1=-50
THERMAL_SENS_OUT_2=-50
THERMAL_SENS_OUT_3=-50
THERMAL_SENS_OUT_4=-50
THERMAL_SENS_OUT_5=-50
THERMAL_SENS_OUT_6=-50
THERMAL_SENS_INT_1=-50
THERMAL_SENS_INT_2=-50
PG_5=1
PG_9=0
PG_12=0
FLT_P2=0
FLT_P3=0
HEAT_1_TEMP=-50
HEAT_1_DUTY=0
HEAT_1_SP=-20.0
HEAT_2_TEMP=-50
HEAT_2_DUTY=0
HEAT_2_SP=-20.0
HEAT_3_TEMP=-50
HEAT_3_DUTY=10
HEAT_3_SP=-20.0
HEAT_4_TEMP=-50
HEAT_4_DUTY=0
HEAT_4_SP=-20.0
MOTOR_ANGLE=0.0015261627906976744
MOTOR_ACCUM=0.0015261627906976744
MOTOR_ROT=0

[22:32:11.800 CUBESAT]
TS=1786202600.718
V_SENSE5=159.99755859375
V_SENSE9=159.99755859375
V_SENSE12=159.99755859375
ADC_V5=579.9911499023438
ADC_V9=579.9911499023438
ADC_V12=579.9911499023438
ADC_V28=579.9911499023438
THERMAL_SENS_OUT_1=-50
THERMAL_SENS_OUT_2=-50
THERMAL_SENS_OUT_3=-50
THERMAL_SENS_OUT_4=-50
THERMAL_SENS_OUT_5=-50
THERMAL_SENS_OUT_6=-50
THERMAL_SENS_INT_1=-50
THERMAL_SENS_INT_2=-50
PG_5=1
PG_9=0
PG_12=0
FLT_P2=0
FLT_P3=0
HEAT_1_TEMP=-50
HEAT_1_DUTY=10
HEAT_1_SP=-20.0
HEAT_2_TEMP=-50
HEAT_2_DUTY=0
HEAT_2_SP=-20.0
HEAT_3_TEMP=-50
HEAT_3_DUTY=0
HEAT_3_SP=-20.0
HEAT_4_TEMP=-50
HEAT_4_DUTY=0
HEAT_4_SP=-20.0
MOTOR_ANGLE=0.0015261627906976744
MOTOR_ACCUM=0.0015261627906976744
MOTOR_ROT=0

[22:32:13.738 CUBESAT]
TS=1786202602.722
V_SENSE5=159.99755859375
V_SENSE9=159.99755859375
V_SENSE12=159.99755859375
ADC_V5=579.9911499023438
ADC_V9=579.9911499023438
ADC_V12=579.9911499023438
ADC_V28=579.9911499023438
THERMAL_SENS_OUT_1=-50
THERMAL_SENS_OUT_2=-50
THERMAL_SENS_OUT_3=-50
THERMAL_SENS_OUT_4=-50
THERMAL_SENS_OUT_5=-50
THERMAL_SENS_OUT_6=-50
THERMAL_SENS_INT_1=-50
THERMAL_SENS_INT_2=-50
PG_5=1
PG_9=0
PG_12=0
FLT_P2=0
FLT_P3=0
HEAT_1_TEMP=-50
HEAT_1_DUTY=0
HEAT_1_SP=-20.0
HEAT_2_TEMP=-50
HEAT_2_DUTY=0
HEAT_2_SP=-20.0
HEAT_3_TEMP=-50
HEAT_3_DUTY=10
HEAT_3_SP=-20.0
HEAT_4_TEMP=-50
HEAT_4_DUTY=0
HEAT_4_SP=-20.0
MOTOR_ANGLE=0.0015261627906976744
MOTOR_ACCUM=0.0015261627906976744
MOTOR_ROT=0

[22:32:15.780 CUBESAT]
TS=1786202604.731
V_SENSE5=159.99755859375
V_SENSE9=159.99755859375
V_SENSE12=159.99755859375
ADC_V5=579.9911499023438
ADC_V9=579.9911499023438
ADC_V12=579.9911499023438
ADC_V28=579.9911499023438
THERMAL_SENS_OUT_1=-50
THERMAL_SENS_OUT_2=-50
THERMAL_SENS_OUT_3=-50
THERMAL_SENS_OUT_4=-50
THERMAL_SENS_OUT_5=-50
THERMAL_SENS_OUT_6=-50
THERMAL_SENS_INT_1=-50
THERMAL_SENS_INT_2=-50
PG_5=1
PG_9=0
PG_12=0
FLT_P2=0
FLT_P3=0
HEAT_1_TEMP=-50
HEAT_1_DUTY=10
HEAT_1_SP=-20.0
HEAT_2_TEMP=-50
HEAT_2_DUTY=0
HEAT_2_SP=-20.0
HEAT_3_TEMP=-50
HEAT_3_DUTY=0
HEAT_3_SP=-20.0
HEAT_4_TEMP=-50
HEAT_4_DUTY=0
HEAT_4_SP=-20.0
MOTOR_ANGLE=0.0015261627906976744
MOTOR_ACCUM=0.0015261627906976744
MOTOR_ROT=0

[22:32:17.820 CUBESAT]
TS=1786202606.732
V_SENSE5=159.99755859375
V_SENSE9=159.99755859375
V_SENSE12=159.99755859375
ADC_V5=579.9911499023438
ADC_V9=579.9911499023438
ADC_V12=579.9911499023438
ADC_V28=579.9911499023438
THERMAL_SENS_OUT_1=-50
THERMAL_SENS_OUT_2=-50
THERMAL_SENS_OUT_3=-50
THERMAL_SENS_OUT_4=-50
THERMAL_SENS_OUT_5=-50
THERMAL_SENS_OUT_6=-50
THERMAL_SENS_INT_1=-50
THERMAL_SENS_INT_2=-50
PG_5=1
PG_9=0
PG_12=0
FLT_P2=0
FLT_P3=0
HEAT_1_TEMP=-50
HEAT_1_DUTY=0
HEAT_1_SP=-20.0
HEAT_2_TEMP=-50
HEAT_2_DUTY=0
HEAT_2_SP=-20.0
HEAT_3_TEMP=-50
HEAT_3_DUTY=10
HEAT_3_SP=-20.0
HEAT_4_TEMP=-50
HEAT_4_DUTY=0
HEAT_4_SP=-20.0
MOTOR_ANGLE=0.0015261627906976744
MOTOR_ACCUM=0.0015261627906976744
MOTOR_ROT=0

[22:32:19.751 CUBESAT]
TS=1786202608.731
V_SENSE5=159.99755859375
V_SENSE9=159.99755859375
V_SENSE12=159.99755859375
ADC_V5=579.9911499023438
ADC_V9=579.9911499023438
ADC_V12=579.9911499023438
ADC_V28=579.9911499023438
THERMAL_SENS_OUT_1=-50
THERMAL_SENS_OUT_2=-50
THERMAL_SENS_OUT_3=-50
THERMAL_SENS_OUT_4=-50
THERMAL_SENS_OUT_5=-50
THERMAL_SENS_OUT_6=-50
THERMAL_SENS_INT_1=-50
THERMAL_SENS_INT_2=-50
PG_5=1
PG_9=0
PG_12=0
FLT_P2=0
FLT_P3=0
HEAT_1_TEMP=-50
HEAT_1_DUTY=10
HEAT_1_SP=-20.0
HEAT_2_TEMP=-50
HEAT_2_DUTY=0
HEAT_2_SP=-20.0
HEAT_3_TEMP=-50
HEAT_3_DUTY=0
HEAT_3_SP=-20.0
HEAT_4_TEMP=-50
HEAT_4_DUTY=0
HEAT_4_SP=-20.0
MOTOR_ANGLE=0.0015261627906976744
MOTOR_ACCUM=0.0015261627906976744
MOTOR_ROT=0

[22:32:22.692 CUBESAT]
TS=1786202610.731
V_SENSE5=159.99755859375
V_SENSE9=159.99755859375
V_SENSE12=159.99755859375
ADC_V5=579.9911499023438
ADC_V9=579.9911499023438
ADC_V12=579.9911499023438
ADC_V28=579.9911499023438
THERMAL_SENS_OUT_1=-50
THERMAL_SENS_OUT_2=-50
THERMAL_SENS_OUT_3=-50
THERMAL_SENS_OUT_4=-50
THERMAL_SENS_OUT_5=-50
THERMAL_SENS_OUT_6=-50
THERMAL_SENS_INT_1=-50
THERMAL_SENS_INT_2=-50
PG_5=1
PG_9=0
PG_12=0
FLT_P2=0
FLT_P3=0
HEAT_1_TEMP=-50
HEAT_1_DUTY=0
HEAT_1_SP=-20.0
HEAT_2_TEMP=-50
HEAT_2_DUTY=0
HEAT_2_SP=-20.0
HEAT_3_TEMP=-50
HEAT_3_DUTY=10
HEAT_3_SP=-20.0
HEAT_4_TEMP=-50
HEAT_4_DUTY=0
HEAT_4_SP=-20.0
MOTOR_ANGLE=0.0015261627906976744
MOTOR_ACCUM=0.0015261627906976744
MOTOR_ROT=0

[22:32:24.225 CUBESAT]
TS=1786202612.734
V_SENSE5=159.99755859375
V_SENSE9=159.99755859375
V_SENSE12=159.99755859375
ADC_V5=579.9911499023438
ADC_V9=579.9911499023438
ADC_V12=579.9911499023438
ADC_V28=579.9911499023438
THERMAL_SENS_OUT_1=-50
THERMAL_SENS_OUT_2=-50
THERMAL_SENS_OUT_3=-50
THERMAL_SENS_OUT_4=-50
THERMAL_SENS_OUT_5=-50
THERMAL_SENS_OUT_6=-50
THERMAL_SENS_INT_1=-50
THERMAL_SENS_INT_2=-50
PG_5=1
PG_9=0
PG_12=0
FLT_P2=0
FLT_P3=0
HEAT_1_TEMP=-50
HEAT_1_DUTY=10
HEAT_1_SP=-20.0
HEAT_2_TEMP=-50
HEAT_2_DUTY=0
HEAT_2_SP=-20.0
HEAT_3_TEMP=-50
HEAT_3_DUTY=0
HEAT_3_SP=-20.0
HEAT_4_TEMP=-50
HEAT_4_DUTY=0
HEAT_4_SP=-20.0
MOTOR_ANGLE=0.0015261627906976744
MOTOR_ACCUM=0.0015261627906976744
MOTOR_ROT=0

[22:32:25.856 CUBESAT]
TS=1786202614.739
V_SENSE5=159.99755859375
V_SENSE9=159.99755859375
V_SENSE12=159.99755859375
ADC_V5=579.9911499023438
ADC_V9=579.9911499023438
ADC_V12=579.9911499023438
ADC_V28=579.9911499023438
THERMAL_SENS_OUT_1=-50
THERMAL_SENS_OUT_2=-50
THERMAL_SENS_OUT_3=-50
THERMAL_SENS_OUT_4=-50
THERMAL_SENS_OUT_5=-50
THERMAL_SENS_OUT_6=-50
THERMAL_SENS_INT_1=-50
THERMAL_SENS_INT_2=-50
PG_5=1
PG_9=0
PG_12=0
FLT_P2=0
FLT_P3=0
HEAT_1_TEMP=-50
HEAT_1_DUTY=0
HEAT_1_SP=-20.0
HEAT_2_TEMP=-50
HEAT_2_DUTY=0
HEAT_2_SP=-20.0
HEAT_3_TEMP=-50
HEAT_3_DUTY=10
HEAT_3_SP=-20.0
HEAT_4_TEMP=-50
HEAT_4_DUTY=0
HEAT_4_SP=-20.0
MOTOR_ANGLE=0.0015261627906976744
MOTOR_ACCUM=0.0015261627906976744
MOTOR_ROT=0

[22:32:27.793 CUBESAT]
TS=1786202616.737
V_SENSE5=159.99755859375
V_SENSE9=159.99755859375
V_SENSE12=159.99755859375
ADC_V5=579.9911499023438
ADC_V9=579.9911499023438
ADC_V12=579.9911499023438
ADC_V28=579.9911499023438
THERMAL_SENS_OUT_1=-50
THERMAL_SENS_OUT_2=-50
THERMAL_SENS_OUT_3=-50
THERMAL_SENS_OUT_4=-50
THERMAL_SENS_OUT_5=-50
THERMAL_SENS_OUT_6=-50
THERMAL_SENS_INT_1=-50
THERMAL_SENS_INT_2=-50
PG_5=1
PG_9=0
PG_12=0
FLT_P2=0
FLT_P3=0
HEAT_1_TEMP=-50
HEAT_1_DUTY=10
HEAT_1_SP=-20.0
HEAT_2_TEMP=-50
HEAT_2_DUTY=0
HEAT_2_SP=-20.0
HEAT_3_TEMP=-50
HEAT_3_DUTY=0
HEAT_3_SP=-20.0
HEAT_4_TEMP=-50
HEAT_4_DUTY=0
HEAT_4_SP=-20.0
MOTOR_ANGLE=0.0015261627906976744
MOTOR_ACCUM=0.0015261627906976744
MOTOR_ROT=0

[22:32:29.830 CUBESAT]
TS=1786202618.739
V_SENSE5=159.99755859375
V_SENSE9=159.99755859375
V_SENSE12=159.99755859375
ADC_V5=579.9911499023438
ADC_V9=579.9911499023438
ADC_V12=579.9911499023438
ADC_V28=579.9911499023438
THERMAL_SENS_OUT_1=-50
THERMAL_SENS_OUT_2=-50
THERMAL_SENS_OUT_3=-50
THERMAL_SENS_OUT_4=-50
THERMAL_SENS_OUT_5=-50
THERMAL_SENS_OUT_6=-50
THERMAL_SENS_INT_1=-50
THERMAL_SENS_INT_2=-50
PG_5=1
PG_9=0
PG_12=0
FLT_P2=0
FLT_P3=0
HEAT_1_TEMP=-50
HEAT_1_DUTY=0
HEAT_1_SP=-20.0
HEAT_2_TEMP=-50
HEAT_2_DUTY=0
HEAT_2_SP=-20.0
HEAT_3_TEMP=-50
HEAT_3_DUTY=10
HEAT_3_SP=-20.0
HEAT_4_TEMP=-50
HEAT_4_DUTY=0
HEAT_4_SP=-20.0
MOTOR_ANGLE=0.0015261627906976744
MOTOR_ACCUM=0.0015261627906976744
MOTOR_ROT=0

[22:32:32.166 CUBESAT]
TS=1786202620.741
V_SENSE5=159.99755859375
V_SENSE9=159.99755859375
V_SENSE12=159.99755859375
ADC_V5=579.9911499023438
ADC_V9=579.9911499023438
ADC_V12=579.9911499023438
ADC_V28=579.9911499023438
THERMAL_SENS_OUT_1=-50
THERMAL_SENS_OUT_2=-50
THERMAL_SENS_OUT_3=-50
THERMAL_SENS_OUT_4=-50
THERMAL_SENS_OUT_5=-50
THERMAL_SENS_OUT_6=-50
THERMAL_SENS_INT_1=-50
THERMAL_SENS_INT_2=-50
PG_5=1
PG_9=0
PG_12=0
FLT_P2=0
FLT_P3=0
HEAT_1_TEMP=-50
HEAT_1_DUTY=10
HEAT_1_SP=-20.0
HEAT_2_TEMP=-50
HEAT_2_DUTY=0
HEAT_2_SP=-20.0
HEAT_3_TEMP=-50
HEAT_3_DUTY=0
HEAT_3_SP=-20.0
HEAT_4_TEMP=-50
HEAT_4_DUTY=0
HEAT_4_SP=-20.0
MOTOR_ANGLE=0.0015261627906976744
MOTOR_ACCUM=0.0015261627906976744
MOTOR_ROT=0

[22:32:33.797 CUBESAT]
TS=1786202622.743
V_SENSE5=159.99755859375
V_SENSE9=159.99755859375
V_SENSE12=159.99755859375
ADC_V5=579.9911499023438
ADC_V9=579.9911499023438
ADC_V12=579.9911499023438
ADC_V28=579.9911499023438
THERMAL_SENS_OUT_1=-50
THERMAL_SENS_OUT_2=-50
THERMAL_SENS_OUT_3=-50
THERMAL_SENS_OUT_4=-50
THERMAL_SENS_OUT_5=-50
THERMAL_SENS_OUT_6=-50
THERMAL_SENS_INT_1=-50
THERMAL_SENS_INT_2=-50
PG_5=1
PG_9=0
PG_12=0
FLT_P2=0
FLT_P3=0
HEAT_1_TEMP=-50
HEAT_1_DUTY=0
HEAT_1_SP=-20.0
HEAT_2_TEMP=-50
HEAT_2_DUTY=0
HEAT_2_SP=-20.0
HEAT_3_TEMP=-50
HEAT_3_DUTY=10
HEAT_3_SP=-20.0
HEAT_4_TEMP=-50
HEAT_4_DUTY=0
HEAT_4_SP=-20.0
MOTOR_ANGLE=0.0015261627906976744
MOTOR_ACCUM=0.0015261627906976744
MOTOR_ROT=0

[22:32:35.831 CUBESAT]
TS=1786202624.751
V_SENSE5=159.99755859375
V_SENSE9=159.99755859375
V_SENSE12=159.99755859375
ADC_V5=579.9911499023438
ADC_V9=579.9911499023438
ADC_V12=579.9911499023438
ADC_V28=579.9911499023438
THERMAL_SENS_OUT_1=-50
THERMAL_SENS_OUT_2=-50
THERMAL_SENS_OUT_3=-50
THERMAL_SENS_OUT_4=-50
THERMAL_SENS_OUT_5=-50
THERMAL_SENS_OUT_6=-50
THERMAL_SENS_INT_1=-50
THERMAL_SENS_INT_2=-50
PG_5=1
PG_9=0
PG_12=0
FLT_P2=0
FLT_P3=0
HEAT_1_TEMP=-50
HEAT_1_DUTY=10
HEAT_1_SP=-20.0
HEAT_2_TEMP=-50
HEAT_2_DUTY=0
HEAT_2_SP=-20.0
HEAT_3_TEMP=-50
HEAT_3_DUTY=0
HEAT_3_SP=-20.0
HEAT_4_TEMP=-50
HEAT_4_DUTY=0
HEAT_4_SP=-20.0
MOTOR_ANGLE=0.0015261627906976744
MOTOR_ACCUM=0.0015261627906976744
MOTOR_ROT=0

[22:32:37.868 CUBESAT]
TS=1786202626.747
V_SENSE5=159.99755859375
V_SENSE9=159.99755859375
V_SENSE12=159.99755859375
ADC_V5=579.9911499023438
ADC_V9=579.9911499023438
ADC_V12=579.9911499023438
ADC_V28=579.9911499023438
THERMAL_SENS_OUT_1=-50
THERMAL_SENS_OUT_2=-50
THERMAL_SENS_OUT_3=-50
THERMAL_SENS_OUT_4=-50
THERMAL_SENS_OUT_5=-50
THERMAL_SENS_OUT_6=-50
THERMAL_SENS_INT_1=-50
THERMAL_SENS_INT_2=-50
PG_5=1
PG_9=0
PG_12=0
FLT_P2=0
FLT_P3=0
HEAT_1_TEMP=-50
HEAT_1_DUTY=0
HEAT_1_SP=-20.0
HEAT_2_TEMP=-50
HEAT_2_DUTY=0
HEAT_2_SP=-20.0
HEAT_3_TEMP=-50
HEAT_3_DUTY=10
HEAT_3_SP=-20.0
HEAT_4_TEMP=-50
HEAT_4_DUTY=0
HEAT_4_SP=-20.0
MOTOR_ANGLE=0.0015261627906976744
MOTOR_ACCUM=0.0015261627906976744
MOTOR_ROT=0

[22:32:39.802 CUBESAT]
TS=1786202628.748
V_SENSE5=159.99755859375
V_SENSE9=159.99755859375
V_SENSE12=159.99755859375
ADC_V5=579.9911499023438
ADC_V9=579.9911499023438
ADC_V12=579.9911499023438
ADC_V28=579.9911499023438
THERMAL_SENS_OUT_1=-50
THERMAL_SENS_OUT_2=-50
THERMAL_SENS_OUT_3=-50
THERMAL_SENS_OUT_4=-50
THERMAL_SENS_OUT_5=-50
THERMAL_SENS_OUT_6=-50
THERMAL_SENS_INT_1=-50
THERMAL_SENS_INT_2=-50
PG_5=1
PG_9=0
PG_12=0
FLT_P2=0
FLT_P3=0
HEAT_1_TEMP=-50
HEAT_1_DUTY=10
HEAT_1_SP=-20.0
HEAT_2_TEMP=-50
HEAT_2_DUTY=0
HEAT_2_SP=-20.0
HEAT_3_TEMP=-50
HEAT_3_DUTY=0
HEAT_3_SP=-20.0
HEAT_4_TEMP=-50
HEAT_4_DUTY=0
HEAT_4_SP=-20.0
MOTOR_ANGLE=0.0015261627906976744
MOTOR_ACCUM=0.0015261627906976744
MOTOR_ROT=0

[22:32:41.837 CUBESAT]
TS=1786202630.754
V_SENSE5=159.99755859375
V_SENSE9=159.99755859375
V_SENSE12=159.99755859375
ADC_V5=579.9911499023438
ADC_V9=579.9911499023438
ADC_V12=579.9911499023438
ADC_V28=579.9911499023438
THERMAL_SENS_OUT_1=-50
THERMAL_SENS_OUT_2=-50
THERMAL_SENS_OUT_3=-50
THERMAL_SENS_OUT_4=-50
THERMAL_SENS_OUT_5=-50
THERMAL_SENS_OUT_6=-50
THERMAL_SENS_INT_1=-50
THERMAL_SENS_INT_2=-50
PG_5=1
PG_9=0
PG_12=0
FLT_P2=0
FLT_P3=0
HEAT_1_TEMP=-50
HEAT_1_DUTY=0
HEAT_1_SP=-20.0
HEAT_2_TEMP=-50
HEAT_2_DUTY=0
HEAT_2_SP=-20.0
HEAT_3_TEMP=-50
HEAT_3_DUTY=10
HEAT_3_SP=-20.0
HEAT_4_TEMP=-50
HEAT_4_DUTY=0
HEAT_4_SP=-20.0
MOTOR_ANGLE=0.0015261627906976744
MOTOR_ACCUM=0.0015261627906976744
MOTOR_ROT=0

[22:32:43.873 CUBESAT]
TS=1786202632.760
V_SENSE5=159.99755859375
V_SENSE9=159.99755859375
V_SENSE12=159.99755859375
ADC_V5=579.9911499023438
ADC_V9=579.9911499023438
ADC_V12=579.9911499023438
ADC_V28=579.9911499023438
THERMAL_SENS_OUT_1=-50
THERMAL_SENS_OUT_2=-50
THERMAL_SENS_OUT_3=-50
THERMAL_SENS_OUT_4=-50
THERMAL_SENS_OUT_5=-50
THERMAL_SENS_OUT_6=-50
THERMAL_SENS_INT_1=-50
THERMAL_SENS_INT_2=-50
PG_5=1
PG_9=0
PG_12=0
FLT_P2=0
FLT_P3=0
HEAT_1_TEMP=-50
HEAT_1_DUTY=10
HEAT_1_SP=-20.0
HEAT_2_TEMP=-50
HEAT_2_DUTY=0
HEAT_2_SP=-20.0
HEAT_3_TEMP=-50
HEAT_3_DUTY=0
HEAT_3_SP=-20.0
HEAT_4_TEMP=-50
HEAT_4_DUTY=0
HEAT_4_SP=-20.0
MOTOR_ANGLE=0.0015261627906976744
MOTOR_ACCUM=0.0015261627906976744
MOTOR_ROT=0

[22:32:45.807 CUBESAT]
TS=1786202634.755
V_SENSE5=159.99755859375
V_SENSE9=159.99755859375
V_SENSE12=159.99755859375
ADC_V5=579.9911499023438
ADC_V9=579.9911499023438
ADC_V12=579.9911499023438
ADC_V28=579.9911499023438
THERMAL_SENS_OUT_1=-50
THERMAL_SENS_OUT_2=-50
THERMAL_SENS_OUT_3=-50
THERMAL_SENS_OUT_4=-50
THERMAL_SENS_OUT_5=-50
THERMAL_SENS_OUT_6=-50
THERMAL_SENS_INT_1=-50
THERMAL_SENS_INT_2=-50
PG_5=1
PG_9=0
PG_12=0
FLT_P2=0
FLT_P3=0
HEAT_1_TEMP=-50
HEAT_1_DUTY=0
HEAT_1_SP=-20.0
HEAT_2_TEMP=-50
HEAT_2_DUTY=0
HEAT_2_SP=-20.0
HEAT_3_TEMP=-50
HEAT_3_DUTY=10
HEAT_3_SP=-20.0
HEAT_4_TEMP=-50
HEAT_4_DUTY=0
HEAT_4_SP=-20.0
MOTOR_ANGLE=0.0015261627906976744
MOTOR_ACCUM=0.0015261627906976744
MOTOR_ROT=0

[22:32:47.841 CUBESAT]
TS=1786202636.760
V_SENSE5=159.99755859375
V_SENSE9=159.99755859375
V_SENSE12=159.99755859375
ADC_V5=579.9911499023438
ADC_V9=579.9911499023438
ADC_V12=579.9911499023438
ADC_V28=579.9911499023438
THERMAL_SENS_OUT_1=-50
THERMAL_SENS_OUT_2=-50
THERMAL_SENS_OUT_3=-50
THERMAL_SENS_OUT_4=-50
THERMAL_SENS_OUT_5=-50
THERMAL_SENS_OUT_6=-50
THERMAL_SENS_INT_1=-50
THERMAL_SENS_INT_2=-50
PG_5=1
PG_9=0
PG_12=0
FLT_P2=0
FLT_P3=0
HEAT_1_TEMP=-50
HEAT_1_DUTY=10
HEAT_1_SP=-20.0
HEAT_2_TEMP=-50
HEAT_2_DUTY=0
HEAT_2_SP=-20.0
HEAT_3_TEMP=-50
HEAT_3_DUTY=0
HEAT_3_SP=-20.0
HEAT_4_TEMP=-50
HEAT_4_DUTY=0
HEAT_4_SP=-20.0
MOTOR_ANGLE=0.0015261627906976744
MOTOR_ACCUM=0.0015261627906976744
MOTOR_ROT=0

[22:32:50.481 CUBESAT]
TS=1786202638.763
V_SENSE5=159.99755859375
V_SENSE9=159.99755859375
V_SENSE12=159.99755859375
ADC_V5=579.9911499023438
ADC_V9=579.9911499023438
ADC_V12=579.9911499023438
ADC_V28=579.9911499023438
THERMAL_SENS_OUT_1=-50
THERMAL_SENS_OUT_2=-50
THERMAL_SENS_OUT_3=-50
THERMAL_SENS_OUT_4=-50
THERMAL_SENS_OUT_5=-50
THERMAL_SENS_OUT_6=-50
THERMAL_SENS_INT_1=-50
THERMAL_SENS_INT_2=-50
PG_5=1
PG_9=0
PG_12=0
FLT_P2=0
FLT_P3=0
HEAT_1_TEMP=-50
HEAT_1_DUTY=0
HEAT_1_SP=-20.0
HEAT_2_TEMP=-50
HEAT_2_DUTY=0
HEAT_2_SP=-20.0
HEAT_3_TEMP=-50
HEAT_3_DUTY=10
HEAT_3_SP=-20.0
HEAT_4_TEMP=-50
HEAT_4_DUTY=0
HEAT_4_SP=-20.0
MOTOR_ANGLE=0.0015261627906976744
MOTOR_ACCUM=0.0015261627906976744
MOTOR_ROT=0

[22:32:51.810 CUBESAT]
TS=1786202640.764
V_SENSE5=159.99755859375
V_SENSE9=159.99755859375
V_SENSE12=159.99755859375
ADC_V5=579.9911499023438
ADC_V9=579.9911499023438
ADC_V12=579.9911499023438
ADC_V28=579.9911499023438
THERMAL_SENS_OUT_1=-50
THERMAL_SENS_OUT_2=-50
THERMAL_SENS_OUT_3=-50
THERMAL_SENS_OUT_4=-50
THERMAL_SENS_OUT_5=-50
THERMAL_SENS_OUT_6=-50
THERMAL_SENS_INT_1=-50
THERMAL_SENS_INT_2=-50
PG_5=1
PG_9=0
PG_12=0
FLT_P2=0
FLT_P3=0
HEAT_1_TEMP=-50
HEAT_1_DUTY=10
HEAT_1_SP=-20.0
HEAT_2_TEMP=-50
HEAT_2_DUTY=0
HEAT_2_SP=-20.0
HEAT_3_TEMP=-50
HEAT_3_DUTY=0
HEAT_3_SP=-20.0
HEAT_4_TEMP=-50
HEAT_4_DUTY=0
HEAT_4_SP=-20.0
MOTOR_ANGLE=0.0015261627906976744
MOTOR_ACCUM=0.0015261627906976744
MOTOR_ROT=0

[22:32:53.846 CUBESAT]
TS=1786202642.758
V_SENSE5=159.99755859375
V_SENSE9=159.99755859375
V_SENSE12=159.99755859375
ADC_V5=579.9911499023438
ADC_V9=579.9911499023438
ADC_V12=579.9911499023438
ADC_V28=579.9911499023438
THERMAL_SENS_OUT_1=-50
THERMAL_SENS_OUT_2=-50
THERMAL_SENS_OUT_3=-50
THERMAL_SENS_OUT_4=-50
THERMAL_SENS_OUT_5=-50
THERMAL_SENS_OUT_6=-50
THERMAL_SENS_INT_1=-50
THERMAL_SENS_INT_2=-50
PG_5=1
PG_9=0
PG_12=0
FLT_P2=0
FLT_P3=0
HEAT_1_TEMP=-50
HEAT_1_DUTY=0
HEAT_1_SP=-20.0
HEAT_2_TEMP=-50
HEAT_2_DUTY=0
HEAT_2_SP=-20.0
HEAT_3_TEMP=-50
HEAT_3_DUTY=10
HEAT_3_SP=-20.0
HEAT_4_TEMP=-50
HEAT_4_DUTY=0
HEAT_4_SP=-20.0
MOTOR_ANGLE=0.0015261627906976744
MOTOR_ACCUM=0.0015261627906976744
MOTOR_ROT=0

[22:32:55.882 CUBESAT]
TS=1786202644.768
V_SENSE5=159.99755859375
V_SENSE9=159.99755859375
V_SENSE12=159.99755859375
ADC_V5=579.9911499023438
ADC_V9=579.9911499023438
ADC_V12=579.9911499023438
ADC_V28=579.9911499023438
THERMAL_SENS_OUT_1=-50
THERMAL_SENS_OUT_2=-50
THERMAL_SENS_OUT_3=-50
THERMAL_SENS_OUT_4=-50
THERMAL_SENS_OUT_5=-50
THERMAL_SENS_OUT_6=-50
THERMAL_SENS_INT_1=-50
THERMAL_SENS_INT_2=-50
PG_5=1
PG_9=0
PG_12=0
FLT_P2=0
FLT_P3=0
HEAT_1_TEMP=-50
HEAT_1_DUTY=10
HEAT_1_SP=-20.0
HEAT_2_TEMP=-50
HEAT_2_DUTY=0
HEAT_2_SP=-20.0
HEAT_3_TEMP=-50
HEAT_3_DUTY=0
HEAT_3_SP=-20.0
HEAT_4_TEMP=-50
HEAT_4_DUTY=0
HEAT_4_SP=-20.0
MOTOR_ANGLE=0.0015261627906976744
MOTOR_ACCUM=0.0015261627906976744
MOTOR_ROT=0

[22:32:57.917 CUBESAT]
TS=1786202646.770
V_SENSE5=159.99755859375
V_SENSE9=159.99755859375
V_SENSE12=159.99755859375
ADC_V5=579.9911499023438
ADC_V9=579.9911499023438
ADC_V12=579.9911499023438
ADC_V28=579.9911499023438
THERMAL_SENS_OUT_1=-50
THERMAL_SENS_OUT_2=-50
THERMAL_SENS_OUT_3=-50
THERMAL_SENS_OUT_4=-50
THERMAL_SENS_OUT_5=-50
THERMAL_SENS_OUT_6=-50
THERMAL_SENS_INT_1=-50
THERMAL_SENS_INT_2=-50
PG_5=1
PG_9=0
PG_12=0
FLT_P2=0
FLT_P3=0
HEAT_1_TEMP=-50
HEAT_1_DUTY=0
HEAT_1_SP=-20.0
HEAT_2_TEMP=-50
HEAT_2_DUTY=0
HEAT_2_SP=-20.0
HEAT_3_TEMP=-50
HEAT_3_DUTY=10
HEAT_3_SP=-20.0
HEAT_4_TEMP=-50
HEAT_4_DUTY=0
HEAT_4_SP=-20.0
MOTOR_ANGLE=0.0015261627906976744
MOTOR_ACCUM=0.0015261627906976744
MOTOR_ROT=0

[22:32:59.850 CUBESAT]
TS=1786202648.769
V_SENSE5=159.99755859375
V_SENSE9=159.99755859375
V_SENSE12=159.99755859375
ADC_V5=579.9911499023438
ADC_V9=579.9911499023438
ADC_V12=579.9911499023438
ADC_V28=579.9911499023438
THERMAL_SENS_OUT_1=-50
THERMAL_SENS_OUT_2=-50
THERMAL_SENS_OUT_3=-50
THERMAL_SENS_OUT_4=-50
THERMAL_SENS_OUT_5=-50
THERMAL_SENS_OUT_6=-50
THERMAL_SENS_INT_1=-50
THERMAL_SENS_INT_2=-50
PG_5=1
PG_9=0
PG_12=0
FLT_P2=0
FLT_P3=0
HEAT_1_TEMP=-50
HEAT_1_DUTY=10
HEAT_1_SP=-20.0
HEAT_2_TEMP=-50
HEAT_2_DUTY=0
HEAT_2_SP=-20.0
HEAT_3_TEMP=-50
HEAT_3_DUTY=0
HEAT_3_SP=-20.0
HEAT_4_TEMP=-50
HEAT_4_DUTY=0
HEAT_4_SP=-20.0
MOTOR_ANGLE=0.0015261627906976744
MOTOR_ACCUM=0.0015261627906976744
MOTOR_ROT=0

[22:33:01.886 CUBESAT]
TS=1786202650.779
V_SENSE5=159.99755859375
V_SENSE9=159.99755859375
V_SENSE12=159.99755859375
ADC_V5=579.9911499023438
ADC_V9=579.9911499023438
ADC_V12=579.9911499023438
ADC_V28=579.9911499023438
THERMAL_SENS_OUT_1=-50
THERMAL_SENS_OUT_2=-50
THERMAL_SENS_OUT_3=-50
THERMAL_SENS_OUT_4=-50
THERMAL_SENS_OUT_5=-50
THERMAL_SENS_OUT_6=-50
THERMAL_SENS_INT_1=-50
THERMAL_SENS_INT_2=-50
PG_5=1
PG_9=0
PG_12=0
FLT_P2=0
FLT_P3=0
HEAT_1_TEMP=-50
HEAT_1_DUTY=0
HEAT_1_SP=-20.0
HEAT_2_TEMP=-50
HEAT_2_DUTY=0
HEAT_2_SP=-20.0
HEAT_3_TEMP=-50
HEAT_3_DUTY=10
HEAT_3_SP=-20.0
HEAT_4_TEMP=-50
HEAT_4_DUTY=0
HEAT_4_SP=-20.0
MOTOR_ANGLE=0.0015261627906976744
MOTOR_ACCUM=0.0015261627906976744
MOTOR_ROT=0

[22:33:03.918 CUBESAT]
TS=1786202652.774
V_SENSE5=159.99755859375
V_SENSE9=159.99755859375
V_SENSE12=159.99755859375
ADC_V5=579.9911499023438
ADC_V9=579.9911499023438
ADC_V12=579.9911499023438
ADC_V28=579.9911499023438
THERMAL_SENS_OUT_1=-50
THERMAL_SENS_OUT_2=-50
THERMAL_SENS_OUT_3=-50
THERMAL_SENS_OUT_4=-50
THERMAL_SENS_OUT_5=-50
THERMAL_SENS_OUT_6=-50
THERMAL_SENS_INT_1=-50
THERMAL_SENS_INT_2=-50
PG_5=1
PG_9=0
PG_12=0
FLT_P2=0
FLT_P3=0
HEAT_1_TEMP=-50
HEAT_1_DUTY=10
HEAT_1_SP=-20.0
HEAT_2_TEMP=-50
HEAT_2_DUTY=0
HEAT_2_SP=-20.0
HEAT_3_TEMP=-50
HEAT_3_DUTY=0
HEAT_3_SP=-20.0
HEAT_4_TEMP=-50
HEAT_4_DUTY=0
HEAT_4_SP=-20.0
MOTOR_ANGLE=0.0015261627906976744
MOTOR_ACCUM=0.0015261627906976744
MOTOR_ROT=0

[22:33:06.456 CUBESAT]
TS=1786202654.777
V_SENSE5=159.99755859375
V_SENSE9=159.99755859375
V_SENSE12=159.99755859375
ADC_V5=579.9911499023438
ADC_V9=579.9911499023438
ADC_V12=579.9911499023438
ADC_V28=579.9911499023438
THERMAL_SENS_OUT_1=-50
THERMAL_SENS_OUT_2=-50
THERMAL_SENS_OUT_3=-50
THERMAL_SENS_OUT_4=-50
THERMAL_SENS_OUT_5=-50
THERMAL_SENS_OUT_6=-50
THERMAL_SENS_INT_1=-50
THERMAL_SENS_INT_2=-50
PG_5=1
PG_9=0
PG_12=0
FLT_P2=0
FLT_P3=0
HEAT_1_TEMP=-50
HEAT_1_DUTY=0
HEAT_1_SP=-20.0
HEAT_2_TEMP=-50
HEAT_2_DUTY=0
HEAT_2_SP=-20.0
HEAT_3_TEMP=-50
HEAT_3_DUTY=10
HEAT_3_SP=-20.0
HEAT_4_TEMP=-50
HEAT_4_DUTY=0
HEAT_4_SP=-20.0
MOTOR_ANGLE=0.0015261627906976744
MOTOR_ACCUM=0.0015261627906976744
MOTOR_ROT=0

[22:33:07.886 CUBESAT]
TS=1786202656.779
V_SENSE5=159.99755859375
V_SENSE9=159.99755859375
V_SENSE12=159.99755859375
ADC_V5=579.9911499023438
ADC_V9=579.9911499023438
ADC_V12=579.9911499023438
ADC_V28=579.9911499023438
THERMAL_SENS_OUT_1=-50
THERMAL_SENS_OUT_2=-50
THERMAL_SENS_OUT_3=-50
THERMAL_SENS_OUT_4=-50
THERMAL_SENS_OUT_5=-50
THERMAL_SENS_OUT_6=-50
THERMAL_SENS_INT_1=-50
THERMAL_SENS_INT_2=-50
PG_5=1
PG_9=0
PG_12=0
FLT_P2=0
FLT_P3=0
HEAT_1_TEMP=-50
HEAT_1_DUTY=10
HEAT_1_SP=-20.0
HEAT_2_TEMP=-50
HEAT_2_DUTY=0
HEAT_2_SP=-20.0
HEAT_3_TEMP=-50
HEAT_3_DUTY=0
HEAT_3_SP=-20.0
HEAT_4_TEMP=-50
HEAT_4_DUTY=0
HEAT_4_SP=-20.0
MOTOR_ANGLE=0.0015261627906976744
MOTOR_ACCUM=0.0015261627906976744
MOTOR_ROT=0

[22:33:10.225 CUBESAT]
TS=1786202658.781
V_SENSE5=159.99755859375
V_SENSE9=159.99755859375
V_SENSE12=159.99755859375
ADC_V5=579.9911499023438
ADC_V9=579.9911499023438
ADC_V12=579.9911499023438
ADC_V28=579.9911499023438
THERMAL_SENS_OUT_1=-50
THERMAL_SENS_OUT_2=-50
THERMAL_SENS_OUT_3=-50
THERMAL_SENS_OUT_4=-50
THERMAL_SENS_OUT_5=-50
THERMAL_SENS_OUT_6=-50
THERMAL_SENS_INT_1=-50
THERMAL_SENS_INT_2=-50
PG_5=1
PG_9=0
PG_12=0
FLT_P2=0
FLT_P3=0
HEAT_1_TEMP=-50
HEAT_1_DUTY=0
HEAT_1_SP=-20.0
HEAT_2_TEMP=-50
HEAT_2_DUTY=0
HEAT_2_SP=-20.0
HEAT_3_TEMP=-50
HEAT_3_DUTY=10
HEAT_3_SP=-20.0
HEAT_4_TEMP=-50
HEAT_4_DUTY=0
HEAT_4_SP=-20.0
MOTOR_ANGLE=0.0015261627906976744
MOTOR_ACCUM=0.0015261627906976744
MOTOR_ROT=0

[22:33:11.854 CUBESAT]
TS=1786202660.784
V_SENSE5=159.99755859375
V_SENSE9=159.99755859375
V_SENSE12=159.99755859375
ADC_V5=579.9911499023438
ADC_V9=579.9911499023438
ADC_V12=579.9911499023438
ADC_V28=579.9911499023438
THERMAL_SENS_OUT_1=-50
THERMAL_SENS_OUT_2=-50
THERMAL_SENS_OUT_3=-50
THERMAL_SENS_OUT_4=-50
THERMAL_SENS_OUT_5=-50
THERMAL_SENS_OUT_6=-50
THERMAL_SENS_INT_1=-50
THERMAL_SENS_INT_2=-50
PG_5=1
PG_9=0
PG_12=0
FLT_P2=0
FLT_P3=0
HEAT_1_TEMP=-50
HEAT_1_DUTY=10
HEAT_1_SP=-20.0
HEAT_2_TEMP=-50
HEAT_2_DUTY=0
HEAT_2_SP=-20.0
HEAT_3_TEMP=-50
HEAT_3_DUTY=0
HEAT_3_SP=-20.0
HEAT_4_TEMP=-50
HEAT_4_DUTY=0
HEAT_4_SP=-20.0
MOTOR_ANGLE=0.0015261627906976744
MOTOR_ACCUM=0.0015261627906976744
MOTOR_ROT=0

