[16:13:19.273 EBOX]
TS=1786201425.982
V_SENSE5=0.87890625
V_SENSE9=0.07568359375
V_SENSE12=0.09521484375
ADC_V5=4.9560546875
ADC_V9=9.42535400390625
ADC_V12=11.6290283203125
ADC_V28=28.001708984375
THERMAL_SENS_OUT_1=27
THERMAL_SENS_OUT_2=-50
THERMAL_SENS_OUT_3=25
THERMAL_SENS_OUT_4=23
THERMAL_SENS_OUT_5=28
THERMAL_SENS_OUT_6=-50
THERMAL_SENS_INT_1=25
THERMAL_SENS_INT_2=26
PG_5=0
PG_9=0
PG_12=0
FLT_P2=0
FLT_P3=0
HEAT_1_TEMP=27
HEAT_1_DUTY=0
HEAT_1_SP=-20.0
HEAT_2_TEMP=25
HEAT_2_DUTY=0
HEAT_2_SP=-20.0
HEAT_3_TEMP=23
HEAT_3_DUTY=0
HEAT_3_SP=-20.0
HEAT_4_TEMP=28
HEAT_4_DUTY=0
HEAT_4_SP=-20.0
MOTOR_ANGLE=-0.0003779069767441861
MOTOR_ACCUM=-0.0003779069767441861
MOTOR_ROT=0

[16:13:21.310 EBOX]
TS=1786201427.986
V_SENSE5=0.88623046875
V_SENSE9=0.0390625
V_SENSE12=0.08544921875
ADC_V5=4.87640380859375
ADC_V9=9.0447998046875
ADC_V12=11.86798095703125
ADC_V28=28.02825927734375
THERMAL_SENS_OUT_1=26
THERMAL_SENS_OUT_2=-50
THERMAL_SENS_OUT_3=28
THERMAL_SENS_OUT_4=23
THERMAL_SENS_OUT_5=23
THERMAL_SENS_OUT_6=-50
THERMAL_SENS_INT_1=28
THERMAL_SENS_INT_2=28
PG_5=0
PG_9=0
PG_12=0
FLT_P2=0
FLT_P3=0
HEAT_1_TEMP=26
HEAT_1_DUTY=0
HEAT_1_SP=-20.0
HEAT_2_TEMP=28
HEAT_2_DUTY=0
HEAT_2_SP=-20.0
HEAT_3_TEMP=23
HEAT_3_DUTY=0
HEAT_3_SP=-20.0
HEAT_4_TEMP=23
HEAT_4_DUTY=0
HEAT_4_SP=-20.0
MOTOR_ANGLE=-0.0003779069767441861
MOTOR_ACCUM=-0.0003779069767441861
MOTOR_ROT=0

[16:13:23.194 EBOX]
TS=1786201429.978
V_SENSE5=0.92529296875
V_SENSE9=0.05615234375
V_SENSE12=0.1025390625
ADC_V5=4.92950439453125
ADC_V9=9.19525146484375
ADC_V12=11.859130859375
ADC_V28=27.16094970703125
THERMAL_SENS_OUT_1=24
THERMAL_SENS_OUT_2=-50
THERMAL_SENS_OUT_3=28
THERMAL_SENS_OUT_4=24
THERMAL_SENS_OUT_5=26
THERMAL_SENS_OUT_6=-50
THERMAL_SENS_INT_1=27
THERMAL_SENS_INT_2=25
PG_5=0
PG_9=0
PG_12=0
FLT_P2=0
FLT_P3=0
HEAT_1_TEMP=24
HEAT_1_DUTY=0
HEAT_1_SP=-20.0
HEAT_2_TEMP=28
HEAT_2_DUTY=0
HEAT_2_SP=-20.0
HEAT_3_TEMP=24
HEAT_3_DUTY=0
HEAT_3_SP=-20.0
HEAT_4_TEMP=26
HEAT_4_DUTY=0
HEAT_4_SP=-20.0
MOTOR_ANGLE=-0.0003779069767441861
MOTOR_ACCUM=-0.0003779069767441861
MOTOR_ROT=0

[16:13:26.823 EBOX]
TS=1786201431.981
V_SENSE5=1.19140625
V_SENSE9=0.0390625
V_SENSE12=0.087890625
ADC_V5=4.991455078125
ADC_V9=8.9739990234375
ADC_V12=11.9830322265625
ADC_V28=27.44415283203125
THERMAL_SENS_OUT_1=25
THERMAL_SENS_OUT_2=-50
THERMAL_SENS_OUT_3=28
THERMAL_SENS_OUT_4=23
THERMAL_SENS_OUT_5=27
THERMAL_SENS_OUT_6=-50
THERMAL_SENS_INT_1=24
THERMAL_SENS_INT_2=25
PG_5=0
PG_9=0
PG_12=0
FLT_P2=0
FLT_P3=0
HEAT_1_TEMP=25
HEAT_1_DUTY=0
HEAT_1_SP=-20.0
HEAT_2_TEMP=28
HEAT_2_DUTY=0
HEAT_2_SP=-20.0
HEAT_3_TEMP=23
HEAT_3_DUTY=0
HEAT_3_SP=-20.0
HEAT_4_TEMP=27
HEAT_4_DUTY=0
HEAT_4_SP=-20.0
MOTOR_ANGLE=-0.0003779069767441861
MOTOR_ACCUM=-0.0003779069767441861
MOTOR_ROT=0

[16:13:28.849 EBOX]
TS=1786201433.984
V_SENSE5=1.26953125
V_SENSE9=0.0439453125
V_SENSE12=0.09765625
ADC_V5=5.08880615234375
ADC_V9=8.91204833984375
ADC_V12=11.90338134765625
ADC_V28=27.88665771484375
THERMAL_SENS_OUT_1=25
THERMAL_SENS_OUT_2=-50
THERMAL_SENS_OUT_3=24
THERMAL_SENS_OUT_4=26
THERMAL_SENS_OUT_5=27
THERMAL_SENS_OUT_6=-50
THERMAL_SENS_INT_1=26
THERMAL_SENS_INT_2=28
PG_5=0
PG_9=0
PG_12=0
FLT_P2=0
FLT_P3=0
HEAT_1_TEMP=25
HEAT_1_DUTY=0
HEAT_1_SP=-20.0
HEAT_2_TEMP=24
HEAT_2_DUTY=0
HEAT_2_SP=-20.0
HEAT_3_TEMP=26
HEAT_3_DUTY=0
HEAT_3_SP=-20.0
HEAT_4_TEMP=27
HEAT_4_DUTY=0
HEAT_4_SP=-20.0
MOTOR_ANGLE=-0.0003779069767441861
MOTOR_ACCUM=-0.0003779069767441861
MOTOR_ROT=0

[16:13:29.370 EBOX]
TS=1786201435.985
V_SENSE5=1.201171875
V_SENSE9=0.0390625
V_SENSE12=0.1025390625
ADC_V5=4.96490478515625
ADC_V9=9.310302734375
ADC_V12=11.859130859375
ADC_V28=27.2406005859375
THERMAL_SENS_OUT_1=23
THERMAL_SENS_OUT_2=-50
THERMAL_SENS_OUT_3=24
THERMAL_SENS_OUT_4=26
THERMAL_SENS_OUT_5=25
THERMAL_SENS_OUT_6=-50
THERMAL_SENS_INT_1=26
THERMAL_SENS_INT_2=25
PG_5=0
PG_9=0
PG_12=0
FLT_P2=0
FLT_P3=0
HEAT_1_TEMP=23
HEAT_1_DUTY=0
HEAT_1_SP=-20.0
HEAT_2_TEMP=24
HEAT_2_DUTY=0
HEAT_2_SP=-20.0
HEAT_3_TEMP=26
HEAT_3_DUTY=0
HEAT_3_SP=-20.0
HEAT_4_TEMP=25
HEAT_4_DUTY=0
HEAT_4_SP=-20.0
MOTOR_ANGLE=-0.0003779069767441861
MOTOR_ACCUM=-0.0003779069767441861
MOTOR_ROT=0

[16:13:31.727 EBOX]
TS=1786201437.997
V_SENSE5=1.34521484375
V_SENSE9=0.04150390625
V_SENSE12=0.107421875
ADC_V5=4.991455078125
ADC_V9=9.19525146484375
ADC_V12=11.788330078125
ADC_V28=27.23175048828125
THERMAL_SENS_OUT_1=27
THERMAL_SENS_OUT_2=-50
THERMAL_SENS_OUT_3=27
THERMAL_SENS_OUT_4=24
THERMAL_SENS_OUT_5=23
THERMAL_SENS_OUT_6=-50
THERMAL_SENS_INT_1=23
THERMAL_SENS_INT_2=25
PG_5=0
PG_9=0
PG_12=0
FLT_P2=0
FLT_P3=0
HEAT_1_TEMP=27
HEAT_1_DUTY=0
HEAT_1_SP=-20.0
HEAT_2_TEMP=27
HEAT_2_DUTY=0
HEAT_2_SP=-20.0
HEAT_3_TEMP=24
HEAT_3_DUTY=0
HEAT_3_SP=-20.0
HEAT_4_TEMP=23
HEAT_4_DUTY=0
HEAT_4_SP=-20.0
MOTOR_ANGLE=-0.0003779069767441861
MOTOR_ACCUM=-0.0003779069767441861
MOTOR_ROT=0

[16:13:33.642 EBOX]
TS=1786201438.489
V_SENSE5=1.19140625
V_SENSE9=0.0390625
V_SENSE12=0.10986328125
ADC_V5=5.01800537109375
ADC_V9=9.0802001953125
ADC_V12=11.8060302734375
ADC_V28=27.96630859375
THERMAL_SENS_OUT_1=22
THERMAL_SENS_OUT_2=-50
THERMAL_SENS_OUT_3=24
THERMAL_SENS_OUT_4=24
THERMAL_SENS_OUT_5=26
THERMAL_SENS_OUT_6=-50
THERMAL_SENS_INT_1=24
THERMAL_SENS_INT_2=26
PG_5=0
PG_9=0
PG_12=0
FLT_P2=0
FLT_P3=0
HEAT_1_TEMP=22
HEAT_1_DUTY=0
HEAT_1_SP=-20.0
HEAT_2_TEMP=24
HEAT_2_DUTY=0
HEAT_2_SP=-20.0
HEAT_3_TEMP=24
HEAT_3_DUTY=0
HEAT_3_SP=-20.0
HEAT_4_TEMP=26
HEAT_4_DUTY=0
HEAT_4_SP=-20.0
MOTOR_ANGLE=-0.0003779069767441861
MOTOR_ACCUM=-0.0003779069767441861
MOTOR_ROT=0

[16:13:34.155 EBOX]
TS=1786201438.991
V_SENSE5=1.23291015625
V_SENSE9=0.03173828125
V_SENSE12=0.107421875
ADC_V5=4.98260498046875
ADC_V9=8.89434814453125
ADC_V12=11.8060302734375
ADC_V28=27.83355712890625
THERMAL_SENS_OUT_1=23
THERMAL_SENS_OUT_2=-50
THERMAL_SENS_OUT_3=27
THERMAL_SENS_OUT_4=28
THERMAL_SENS_OUT_5=24
THERMAL_SENS_OUT_6=-50
THERMAL_SENS_INT_1=24
THERMAL_SENS_INT_2=28
PG_5=0
PG_9=0
PG_12=0
FLT_P2=0
FLT_P3=0
HEAT_1_TEMP=23
HEAT_1_DUTY=0
HEAT_1_SP=-20.0
HEAT_2_TEMP=27
HEAT_2_DUTY=0
HEAT_2_SP=-20.0
HEAT_3_TEMP=28
HEAT_3_DUTY=0
HEAT_3_SP=-20.0
HEAT_4_TEMP=24
HEAT_4_DUTY=0
HEAT_4_SP=-20.0
MOTOR_ANGLE=-0.0003779069767441861
MOTOR_ACCUM=-0.0003779069767441861
MOTOR_ROT=0
TS=1786201439.491
V_SENSE5=1.19384765625
V_SENSE9=0.0390625
V_SENSE12=0.1025390625
ADC_V5=4.9737548828125
ADC_V9=9.345703125
ADC_V12=11.9122314453125
ADC_V28=27.54150390625
THERMAL_SENS_OUT_1=24
THERMAL_SENS_OUT_2=-50
THERMAL_SENS_OUT_3=24
THERMAL_SENS_OUT_4=24
THERMAL_SENS_OUT_5=24
THERMAL_SENS_OUT_6=-50
THERMAL_SENS_INT_1=26
THERMAL_SENS_INT_2=25
PG_5=0
PG_9=0
PG_12=0
FLT_P2=0
FLT_P3=0
HEAT_1_TEMP=24
HEAT_1_DUTY=0
HEAT_1_SP=-20.0
HEAT_2_TEMP=24
HEAT_2_DUTY=0
HEAT_2_SP=-20.0
HEAT_3_TEMP=24
HEAT_3_DUTY=0
HEAT_3_SP=-20.0
HEAT_4_TEMP=24
HEAT_4_DUTY=0
HEAT_4_SP=-20.0
MOTOR_ANGLE=-0.0003779069767441861
MOTOR_ACCUM=-0.0003779069767441861
MOTOR_ROT=0

[16:13:35.673 EBOX]
TS=1786201439.992
V_SENSE5=1.22802734375
V_SENSE9=0.03662109375
V_SENSE12=0.10986328125
ADC_V5=4.991455078125
ADC_V9=9.21295166015625
ADC_V12=11.9122314453125
ADC_V28=27.470703125
THERMAL_SENS_OUT_1=23
THERMAL_SENS_OUT_2=-50
THERMAL_SENS_OUT_3=28
THERMAL_SENS_OUT_4=24
THERMAL_SENS_OUT_5=27
THERMAL_SENS_OUT_6=-50
THERMAL_SENS_INT_1=23
THERMAL_SENS_INT_2=25
PG_5=0
PG_9=0
PG_12=0
FLT_P2=0
FLT_P3=0
HEAT_1_TEMP=23
HEAT_1_DUTY=0
HEAT_1_SP=-20.0
HEAT_2_TEMP=28
HEAT_2_DUTY=0
HEAT_2_SP=-20.0
HEAT_3_TEMP=24
HEAT_3_DUTY=0
HEAT_3_SP=-20.0
HEAT_4_TEMP=27
HEAT_4_DUTY=0
HEAT_4_SP=-20.0
MOTOR_ANGLE=-0.0003779069767441861
MOTOR_ACCUM=-0.0003779069767441861
MOTOR_ROT=0
TS=1786201440.504
V_SENSE5=1.1181640625
V_SENSE9=0.03662109375
V_SENSE12=0.15380859375
ADC_V5=4.87640380859375
ADC_V9=8.82354736328125
ADC_V12=11.6290283203125
ADC_V28=27.26715087890625
THERMAL_SENS_OUT_1=25
THERMAL_SENS_OUT_2=-50
THERMAL_SENS_OUT_3=26
THERMAL_SENS_OUT_4=23
THERMAL_SENS_OUT_5=23
THERMAL_SENS_OUT_6=-50
THERMAL_SENS_INT_1=27
THERMAL_SENS_INT_2=26
PG_5=0
PG_9=0
PG_12=0
FLT_P2=0
FLT_P3=0
HEAT_1_TEMP=25
HEAT_1_DUTY=0
HEAT_1_SP=-20.0
HEAT_2_TEMP=26
HEAT_2_DUTY=0
HEAT_2_SP=-20.0
HEAT_3_TEMP=23
HEAT_3_DUTY=0
HEAT_3_SP=-20.0
HEAT_4_TEMP=23
HEAT_4_DUTY=0
HEAT_4_SP=-20.0
MOTOR_ANGLE=-0.0003779069767441861
MOTOR_ACCUM=-0.0003779069767441861
MOTOR_ROT=0

[16:13:36.390 EBOX]
TS=1786201440.995
V_SENSE5=1.181640625
V_SENSE9=0.04638671875
V_SENSE12=0.1220703125
ADC_V5=4.91180419921875
ADC_V9=9.51385498046875
ADC_V12=11.70867919921875
ADC_V28=27.95745849609375
THERMAL_SENS_OUT_1=22
THERMAL_SENS_OUT_2=-50
THERMAL_SENS_OUT_3=27
THERMAL_SENS_OUT_4=23
THERMAL_SENS_OUT_5=25
THERMAL_SENS_OUT_6=-50
THERMAL_SENS_INT_1=24
THERMAL_SENS_INT_2=29
PG_5=0
PG_9=0
PG_12=0
FLT_P2=0
FLT_P3=0
HEAT_1_TEMP=22
HEAT_1_DUTY=0
HEAT_1_SP=-20.0
HEAT_2_TEMP=27
HEAT_2_DUTY=0
HEAT_2_SP=-20.0
HEAT_3_TEMP=23
HEAT_3_DUTY=0
HEAT_3_SP=-20.0
HEAT_4_TEMP=25
HEAT_4_DUTY=0
HEAT_4_SP=-20.0
MOTOR_ANGLE=-0.0003779069767441861
MOTOR_ACCUM=-0.0003779069767441861
MOTOR_ROT=0
TS=1786201441.497
V_SENSE5=1.34033203125
V_SENSE9=0.03662109375
V_SENSE12=0.10986328125
ADC_V5=5.00030517578125
ADC_V9=9.168701171875
ADC_V12=11.77947998046875
ADC_V28=27.81585693359375
THERMAL_SENS_OUT_1=24
THERMAL_SENS_OUT_2=-50
THERMAL_SENS_OUT_3=27
THERMAL_SENS_OUT_4=28
THERMAL_SENS_OUT_5=25
THERMAL_SENS_OUT_6=-50
THERMAL_SENS_INT_1=27
THERMAL_SENS_INT_2=24
PG_5=0
PG_9=0
PG_12=0
FLT_P2=0
FLT_P3=0
HEAT_1_TEMP=24
HEAT_1_DUTY=0
HEAT_1_SP=-20.0
HEAT_2_TEMP=27
HEAT_2_DUTY=0
HEAT_2_SP=-20.0
HEAT_3_TEMP=28
HEAT_3_DUTY=0
HEAT_3_SP=-20.0
HEAT_4_TEMP=25
HEAT_4_DUTY=0
HEAT_4_SP=-20.0
MOTOR_ANGLE=-0.0003779069767441861
MOTOR_ACCUM=-0.0003779069767441861
MOTOR_ROT=0
TS=1786201441.998
V_SENSE5=1.18896484375
V_SENSE9=0.0390625
V_SENSE12=0.0927734375
ADC_V5=4.9560546875

[16:13:36.498 EBOX]
ADC_V9=9.03594970703125
ADC_V12=11.8414306640625
ADC_V28=27.33795166015625
THERMAL_SENS_OUT_1=22
THERMAL_SENS_OUT_2=-50
THERMAL_SENS_OUT_3=27
THERMAL_SENS_OUT_4=23
THERMAL_SENS_OUT_5=25
THERMAL_SENS_OUT_6=-50
THERMAL_SENS_INT_1=25
THERMAL_SENS_INT_2=24
PG_5=0
PG_9=0
PG_12=0
FLT_P2=0
FLT_P3=0
HEAT_1_TEMP=22
HEAT_1_DUTY=0
HEAT_1_SP=-20.0
HEAT_2_TEMP=27
HEAT_2_DUTY=0
HEAT_2_SP=-20.0
HEAT_3_TEMP=23
HEAT_3_DUTY=0
HEAT_3_SP=-20.0
HEAT_4_TEMP=25
HEAT_4_DUTY=0
HEAT_4_SP=-20.0
MOTOR_ANGLE=-0.0003779069767441861
MOTOR_ACCUM=-0.0003779069767441861
MOTOR_ROT=0

[16:13:37.045 EBOX]
TS=1786201442.500
V_SENSE5=1.2109375
V_SENSE9=0.04150390625
V_SENSE12=0.10498046875
ADC_V5=4.94720458984375
ADC_V9=9.37225341796875
ADC_V12=11.6290283203125
ADC_V28=27.49725341796875
THERMAL_SENS_OUT_1=27
THERMAL_SENS_OUT_2=-50
THERMAL_SENS_OUT_3=29
THERMAL_SENS_OUT_4=23
THERMAL_SENS_OUT_5=25
THERMAL_SENS_OUT_6=-50
THERMAL_SENS_INT_1=28
THERMAL_SENS_INT_2=28
PG_5=0
PG_9=0
PG_12=0
FLT_P2=0
FLT_P3=0
HEAT_1_TEMP=27
HEAT_1_DUTY=0
HEAT_1_SP=-20.0
HEAT_2_TEMP=29
HEAT_2_DUTY=0
HEAT_2_SP=-20.0
HEAT_3_TEMP=23
HEAT_3_DUTY=0
HEAT_3_SP=-20.0
HEAT_4_TEMP=25
HEAT_4_DUTY=0
HEAT_4_SP=-20.0
MOTOR_ANGLE=-0.0003779069767441861
MOTOR_ACCUM=-0.0003779069767441861
MOTOR_ROT=0
TS=1786201443.008
V_SENSE5=1.12548828125
V_SENSE9=0.04638671875
V_SENSE12=0.107421875
ADC_V5=4.98260498046875
ADC_V9=9.37225341796875
ADC_V12=11.95648193359375
ADC_V28=27.72735595703125
THERMAL_SENS_OUT_1=22
THERMAL_SENS_OUT_2=-50
THERMAL_SENS_OUT_3=24
THERMAL_SENS_OUT_4=24
THERMAL_SENS_OUT_5=27
THERMAL_SENS_OUT_6=-50
THERMAL_SENS_INT_1=23
THERMAL_SENS_INT_2=25
PG_5=0
PG_9=0
PG_12=0
FLT_P2=0
FLT_P3=0
HEAT_1_TEMP=22
HEAT_1_DUTY=0
HEAT_1_SP=-20.0
HEAT_2_TEMP=24
HEAT_2_DUTY=0
HEAT_2_SP=-20.0
HEAT_3_TEMP=24
HEAT_3_DUTY=0
HEAT_3_SP=-20.0
HEAT_4_TEMP=27
HEAT_4_DUTY=0
HEAT_4_SP=-20.0
MOTOR_ANGLE=-0.0003779069767441861
MOTOR_ACCUM=-0.0003779069767441861
MOTOR_ROT=0

[16:13:37.205 EBOX]
TS=1786201443.503
V_SENSE5=1.201171875
V_SENSE9=0.0390625
V_SENSE12=0.1171875
ADC_V5=4.9560546875
ADC_V9=9.07135009765625
ADC_V12=11.7529296875
ADC_V28=27.79815673828125
THERMAL_SENS_OUT_1=23
THERMAL_SENS_OUT_2=-50
THERMAL_SENS_OUT_3=24
THERMAL_SENS_OUT_4=23
THERMAL_SENS_OUT_5=24
THERMAL_SENS_OUT_6=-50
THERMAL_SENS_INT_1=24
THERMAL_SENS_INT_2=26
PG_5=0
PG_9=0
PG_12=0
FLT_P2=0
FLT_P3=0
HEAT_1_TEMP=23
HEAT_1_DUTY=0
HEAT_1_SP=-20.0
HEAT_2_TEMP=24
HEAT_2_DUTY=0
HEAT_2_SP=-20.0
HEAT_3_TEMP=23
HEAT_3_DUTY=0
HEAT_3_SP=-20.0
HEAT_4_TEMP=24
HEAT_4_DUTY=0
HEAT_4_SP=-20.0
MOTOR_ANGLE=-0.0003779069767441861
MOTOR_ACCUM=-0.0003779069767441861
MOTOR_ROT=0

[16:13:37.414 EBOX]
TS=1786201444.004
V_SENSE5=1.1962890625
V_SENSE9=0.0390625
V_SENSE12=0.1025390625
ADC_V5=4.9560546875
ADC_V9=8.89434814453125
ADC_V12=11.9122314453125
ADC_V28=27.54150390625
THERMAL_SENS_OUT_1=26
THERMAL_SENS_OUT_2=-50
THERMAL_SENS_OUT_3=24
THERMAL_SENS_OUT_4=25
THERMAL_SENS_OUT_5=26
THERMAL_SENS_OUT_6=-50
THERMAL_SENS_INT_1=25
THERMAL_SENS_INT_2=24
PG_5=0
PG_9=0
PG_12=0
FLT_P2=0
FLT_P3=0
HEAT_1_TEMP=26
HEAT_1_DUTY=0
HEAT_1_SP=-20.0
HEAT_2_TEMP=24
HEAT_2_DUTY=0
HEAT_2_SP=-20.0
HEAT_3_TEMP=25
HEAT_3_DUTY=0
HEAT_3_SP=-20.0
HEAT_4_TEMP=26
HEAT_4_DUTY=0
HEAT_4_SP=-20.0
MOTOR_ANGLE=-0.0003779069767441861
MOTOR_ACCUM=-0.0003779069767441861
MOTOR_ROT=0

[16:13:40.055 EBOX]
TS=1786201444.507
V_SENSE5=1.25
V_SENSE9=0.03662109375
V_SENSE12=0.12451171875
ADC_V5=4.9560546875
ADC_V9=9.24835205078125
ADC_V12=11.92108154296875
ADC_V28=27.4530029296875
THERMAL_SENS_OUT_1=24
THERMAL_SENS_OUT_2=-50
THERMAL_SENS_OUT_3=25
THERMAL_SENS_OUT_4=24
THERMAL_SENS_OUT_5=24
THERMAL_SENS_OUT_6=-50
THERMAL_SENS_INT_1=26
THERMAL_SENS_INT_2=28
PG_5=0
PG_9=0
PG_12=0
FLT_P2=0
FLT_P3=0
HEAT_1_TEMP=24
HEAT_1_DUTY=0
HEAT_1_SP=-20.0
HEAT_2_TEMP=25
HEAT_2_DUTY=0
HEAT_2_SP=-20.0
HEAT_3_TEMP=24
HEAT_3_DUTY=0
HEAT_3_SP=-20.0
HEAT_4_TEMP=24
HEAT_4_DUTY=0
HEAT_4_SP=-20.0
MOTOR_ANGLE=-0.0003779069767441861
MOTOR_ACCUM=-0.0003779069767441861
MOTOR_ROT=0
TS=1786201445.006
V_SENSE5=1.29638671875
V_SENSE9=0.0390625
V_SENSE12=0.10498046875
ADC_V5=4.9383544921875
ADC_V9=9.2041015625
ADC_V12=11.68212890625
ADC_V28=27.85125732421875
THERMAL_SENS_OUT_1=25
THERMAL_SENS_OUT_2=-50
THERMAL_SENS_OUT_3=27
THERMAL_SENS_OUT_4=23
THERMAL_SENS_OUT_5=25
THERMAL_SENS_OUT_6=-50
THERMAL_SENS_INT_1=25
THERMAL_SENS_INT_2=25
PG_5=0
PG_9=0
PG_12=0
FLT_P2=0
FLT_P3=0
HEAT_1_TEMP=25
HEAT_1_DUTY=0
HEAT_1_SP=-20.0
HEAT_2_TEMP=27
HEAT_2_DUTY=0
HEAT_2_SP=-20.0
HEAT_3_TEMP=23
HEAT_3_DUTY=0
HEAT_3_SP=-20.0
HEAT_4_TEMP=25
HEAT_4_DUTY=0
HEAT_4_SP=-20.0
MOTOR_ANGLE=-0.0003779069767441861
MOTOR_ACCUM=-0.0003779069767441861
MOTOR_ROT=0
TS=1786201445.514
V_SENSE5=1.1181640625
V_SENSE9=0.0341796875
V_SENSE12=0.1025390625
ADC_V5=4.9737548828125
ADC_V9=9.01824951171875
ADC_V12=11.575927734375
ADC_V28=27.85125732421875
THERMAL_SENS_OUT_1=24
THERMAL_SENS_OUT_2=-50
THERMAL_SENS_OUT_3=24
THERMAL_SENS_OUT_4=24
THERMAL_SENS_OUT_5=26
THERMAL_SENS_OUT_6=-50
THERMAL_SENS_INT_1=24
THERMAL_SENS_INT_2=24
PG_5=0
PG_9=0
PG_12=0
FLT_P2=0
FLT_P3=0
HEAT_1_TEMP=24
HEAT_1_DUTY=0
HEAT_1_SP=-20.0
HEAT_2_TEMP=24
HEAT_2_DUTY=0
HEAT_2_SP=-20.0
HEAT_3_TEMP=24
HEAT_3_DUTY=0
HEAT_3_SP=-20.0
HEAT_4_TEMP=26
HEAT_4_DUTY=0
HEAT_4_SP=-20.0
MOTOR_ANGLE=-0.0003779069767441861
MOTOR_ACCUM=-0.0003779069767441861
MOTOR_ROT=0
TS=1786201446.016
V_SENSE5=1.1376953125
V_SENSE9=0.0390625
V_SENSE12=0.10986328125
ADC_V5=4.89410400390625
ADC_V9=9.345703125

[16:13:40.276 EBOX]
ADC_V12=11.646728515625
ADC_V28=28.001708984375
THERMAL_SENS_OUT_1=24
THERMAL_SENS_OUT_2=-50
THERMAL_SENS_OUT_3=25
THERMAL_SENS_OUT_4=28
THERMAL_SENS_OUT_5=25
THERMAL_SENS_OUT_6=-50
THERMAL_SENS_INT_1=25
THERMAL_SENS_INT_2=28
PG_5=0
PG_9=0
PG_12=0
FLT_P2=0
FLT_P3=0
HEAT_1_TEMP=24
HEAT_1_DUTY=0
HEAT_1_SP=-20.0
HEAT_2_TEMP=25
HEAT_2_DUTY=0
HEAT_2_SP=-20.0
HEAT_3_TEMP=28
HEAT_3_DUTY=0
HEAT_3_SP=-20.0
HEAT_4_TEMP=25
HEAT_4_DUTY=0
HEAT_4_SP=-20.0
MOTOR_ANGLE=-0.0003779069767441861
MOTOR_ACCUM=-0.0003779069767441861
MOTOR_ROT=0
TS=1786201446.512
V_SENSE5=1.201171875
V_SENSE9=0.0390625
V_SENSE12=0.1123046875
ADC_V5=4.9560546875
ADC_V9=9.2218017578125
ADC_V12=11.929931640625
ADC_V28=27.28485107421875
THERMAL_SENS_OUT_1=22
THERMAL_SENS_OUT_2=-50
THERMAL_SENS_OUT_3=28
THERMAL_SENS_OUT_4=24
THERMAL_SENS_OUT_5=26
THERMAL_SENS_OUT_6=-50
THERMAL_SENS_INT_1=22
THERMAL_SENS_INT_2=26
PG_5=0
PG_9=0
PG_12=0
FLT_P2=0
FLT_P3=0
HEAT_1_TEMP=22
HEAT_1_DUTY=0
HEAT_1_SP=-20.0
HEAT_2_TEMP=28
HEAT_2_DUTY=0
HEAT_2_SP=-20.0
HEAT_3_TEMP=24
HEAT_3_DUTY=0
HEAT_3_SP=-20.0
HEAT_4_TEMP=26
HEAT_4_DUTY=0
HEAT_4_SP=-20.0
MOTOR_ANGLE=-0.0003779069767441861
MOTOR_ACCUM=-0.0003779069767441861
MOTOR_ROT=0

[16:13:40.494 EBOX]
TS=1786201447.013
V_SENSE5=1.20361328125
V_SENSE9=0.0341796875
V_SENSE12=0.13916015625
ADC_V5=5.0091552734375
ADC_V9=9.03594970703125
ADC_V12=11.89453125
ADC_V28=27.88665771484375
THERMAL_SENS_OUT_1=24
THERMAL_SENS_OUT_2=-50
THERMAL_SENS_OUT_3=25
THERMAL_SENS_OUT_4=26
THERMAL_SENS_OUT_5=28
THERMAL_SENS_OUT_6=-50
THERMAL_SENS_INT_1=26
THERMAL_SENS_INT_2=28
PG_5=0
PG_9=0
PG_12=0
FLT_P2=0
FLT_P3=0
HEAT_1_TEMP=24
HEAT_1_DUTY=0
HEAT_1_SP=-20.0
HEAT_2_TEMP=25
HEAT_2_DUTY=0
HEAT_2_SP=-20.0
HEAT_3_TEMP=26
HEAT_3_DUTY=0
HEAT_3_SP=-20.0
HEAT_4_TEMP=28
HEAT_4_DUTY=0
HEAT_4_SP=-20.0
MOTOR_ANGLE=-0.0003779069767441861
MOTOR_ACCUM=-0.0003779069767441861
MOTOR_ROT=0

[16:13:41.106 EBOX]
TS=1786201447.515
V_SENSE5=1.181640625
V_SENSE9=0.0341796875
V_SENSE12=0.1025390625
ADC_V5=5.00030517578125
ADC_V9=9.310302734375
ADC_V12=11.82373046875
ADC_V28=27.46185302734375
THERMAL_SENS_OUT_1=27
THERMAL_SENS_OUT_2=-50
THERMAL_SENS_OUT_3=27
THERMAL_SENS_OUT_4=26
THERMAL_SENS_OUT_5=28
THERMAL_SENS_OUT_6=-50
THERMAL_SENS_INT_1=23
THERMAL_SENS_INT_2=24
PG_5=0
PG_9=0
PG_12=0
FLT_P2=0
FLT_P3=0
HEAT_1_TEMP=27
HEAT_1_DUTY=0
HEAT_1_SP=-20.0
HEAT_2_TEMP=27
HEAT_2_DUTY=0
HEAT_2_SP=-20.0
HEAT_3_TEMP=26
HEAT_3_DUTY=0
HEAT_3_SP=-20.0
HEAT_4_TEMP=28
HEAT_4_DUTY=0
HEAT_4_SP=-20.0
MOTOR_ANGLE=-0.0003779069767441861
MOTOR_ACCUM=-0.0003779069767441861
MOTOR_ROT=0

[16:13:41.520 EBOX]
TS=1786201448.016
V_SENSE5=1.21337890625
V_SENSE9=0.0341796875
V_SENSE12=0.09765625
ADC_V5=4.9737548828125
ADC_V9=9.13330078125
ADC_V12=11.92108154296875
ADC_V28=27.62115478515625
THERMAL_SENS_OUT_1=25
THERMAL_SENS_OUT_2=-50
THERMAL_SENS_OUT_3=25
THERMAL_SENS_OUT_4=23
THERMAL_SENS_OUT_5=27
THERMAL_SENS_OUT_6=-50
THERMAL_SENS_INT_1=23
THERMAL_SENS_INT_2=27
PG_5=0
PG_9=0
PG_12=0
FLT_P2=0
FLT_P3=0
HEAT_1_TEMP=25
HEAT_1_DUTY=0
HEAT_1_SP=-20.0
HEAT_2_TEMP=25
HEAT_2_DUTY=0
HEAT_2_SP=-20.0
HEAT_3_TEMP=23
HEAT_3_DUTY=0
HEAT_3_SP=-20.0
HEAT_4_TEMP=27
HEAT_4_DUTY=0
HEAT_4_SP=-20.0
MOTOR_ANGLE=-0.0003779069767441861
MOTOR_ACCUM=-0.0003779069767441861
MOTOR_ROT=0

[16:13:42.235 EBOX]
TS=1786201448.520
V_SENSE5=1.12548828125
V_SENSE9=0.03173828125
V_SENSE12=0.12939453125
ADC_V5=4.991455078125
ADC_V9=9.01824951171875
ADC_V12=11.8414306640625
ADC_V28=27.90435791015625
THERMAL_SENS_OUT_1=26
THERMAL_SENS_OUT_2=-50
THERMAL_SENS_OUT_3=25
THERMAL_SENS_OUT_4=27
THERMAL_SENS_OUT_5=25
THERMAL_SENS_OUT_6=-50
THERMAL_SENS_INT_1=24
THERMAL_SENS_INT_2=27
PG_5=0
PG_9=0
PG_12=0
FLT_P2=0
FLT_P3=0
HEAT_1_TEMP=26
HEAT_1_DUTY=0
HEAT_1_SP=-20.0
HEAT_2_TEMP=25
HEAT_2_DUTY=0
HEAT_2_SP=-20.0
HEAT_3_TEMP=27
HEAT_3_DUTY=0
HEAT_3_SP=-20.0
HEAT_4_TEMP=25
HEAT_4_DUTY=0
HEAT_4_SP=-20.0
MOTOR_ANGLE=-0.0003779069767441861
MOTOR_ACCUM=-0.0003779069767441861
MOTOR_ROT=0

[16:13:42.948 EBOX]
TS=1786201449.019
V_SENSE5=1.19873046875
V_SENSE9=0.04150390625
V_SENSE12=0.10498046875
ADC_V5=4.88525390625
ADC_V9=9.451904296875
ADC_V12=11.81488037109375
ADC_V28=27.68310546875
THERMAL_SENS_OUT_1=26
THERMAL_SENS_OUT_2=-50
THERMAL_SENS_OUT_3=26
THERMAL_SENS_OUT_4=24
THERMAL_SENS_OUT_5=25
THERMAL_SENS_OUT_6=-50
THERMAL_SENS_INT_1=23
THERMAL_SENS_INT_2=28
PG_5=0
PG_9=0
PG_12=0
FLT_P2=0
FLT_P3=0
HEAT_1_TEMP=26
HEAT_1_DUTY=0
HEAT_1_SP=-20.0
HEAT_2_TEMP=26
HEAT_2_DUTY=0
HEAT_2_SP=-20.0
HEAT_3_TEMP=24
HEAT_3_DUTY=0
HEAT_3_SP=-20.0
HEAT_4_TEMP=25
HEAT_4_DUTY=0
HEAT_4_SP=-20.0
MOTOR_ANGLE=-0.0003779069767441861
MOTOR_ACCUM=-0.0003779069767441861
MOTOR_ROT=0

[16:13:43.721 EBOX]
TS=1786201449.520
V_SENSE5=1.162109375
V_SENSE9=0.0341796875
V_SENSE12=0.12451171875
ADC_V5=4.89410400390625
ADC_V9=9.239501953125
ADC_V12=12.00958251953125
ADC_V28=27.30255126953125
THERMAL_SENS_OUT_1=25
THERMAL_SENS_OUT_2=-50
THERMAL_SENS_OUT_3=28
THERMAL_SENS_OUT_4=23
THERMAL_SENS_OUT_5=25
THERMAL_SENS_OUT_6=-50
THERMAL_SENS_INT_1=27
THERMAL_SENS_INT_2=24
PG_5=0
PG_9=0
PG_12=0
FLT_P2=0
FLT_P3=0
HEAT_1_TEMP=25
HEAT_1_DUTY=0
HEAT_1_SP=-20.0
HEAT_2_TEMP=28
HEAT_2_DUTY=0
HEAT_2_SP=-20.0
HEAT_3_TEMP=23
HEAT_3_DUTY=0
HEAT_3_SP=-20.0
HEAT_4_TEMP=25
HEAT_4_DUTY=0
HEAT_4_SP=-20.0
MOTOR_ANGLE=-0.0003779069767441861
MOTOR_ACCUM=-0.0003779069767441861
MOTOR_ROT=0

[16:13:45.671 EBOX]
TS=1786201450.021
V_SENSE5=1.18896484375
V_SENSE9=0.03173828125
V_SENSE12=0.09765625
ADC_V5=4.9029541015625
ADC_V9=9.1864013671875
ADC_V12=11.82373046875
ADC_V28=27.23175048828125
THERMAL_SENS_OUT_1=23
THERMAL_SENS_OUT_2=-50
THERMAL_SENS_OUT_3=26
THERMAL_SENS_OUT_4=26
THERMAL_SENS_OUT_5=24
THERMAL_SENS_OUT_6=-50
THERMAL_SENS_INT_1=24
THERMAL_SENS_INT_2=26
PG_5=0
PG_9=0
PG_12=0
FLT_P2=0
FLT_P3=0
HEAT_1_TEMP=23
HEAT_1_DUTY=0
HEAT_1_SP=-20.0
HEAT_2_TEMP=26
HEAT_2_DUTY=0
HEAT_2_SP=-20.0
HEAT_3_TEMP=26
HEAT_3_DUTY=0
HEAT_3_SP=-20.0
HEAT_4_TEMP=24
HEAT_4_DUTY=0
HEAT_4_SP=-20.0
MOTOR_ANGLE=-0.0003779069767441861
MOTOR_ACCUM=-0.0003779069767441861
MOTOR_ROT=0
TS=1786201450.530
V_SENSE5=1.13037109375
V_SENSE9=0.0537109375
V_SENSE12=0.107421875
ADC_V5=4.84100341796875
ADC_V9=9.28375244140625
ADC_V12=11.69097900390625
ADC_V28=27.9840087890625
THERMAL_SENS_OUT_1=26
THERMAL_SENS_OUT_2=-50
THERMAL_SENS_OUT_3=29
THERMAL_SENS_OUT_4=25
THERMAL_SENS_OUT_5=25
THERMAL_SENS_OUT_6=-50
THERMAL_SENS_INT_1=24
THERMAL_SENS_INT_2=24
PG_5=0
PG_9=0
PG_12=0
FLT_P2=0
FLT_P3=0
HEAT_1_TEMP=26
HEAT_1_DUTY=0
HEAT_1_SP=-20.0
HEAT_2_TEMP=29
HEAT_2_DUTY=0
HEAT_2_SP=-20.0
HEAT_3_TEMP=25
HEAT_3_DUTY=0
HEAT_3_SP=-20.0
HEAT_4_TEMP=25
HEAT_4_DUTY=0
HEAT_4_SP=-20.0
MOTOR_ANGLE=-0.0003779069767441861
MOTOR_ACCUM=-0.0003779069767441861
MOTOR_ROT=0
TS=1786201451.029
V_SENSE5=1.18408203125
V_SENSE9=0.04150390625
V_SENSE12=0.11474609375
ADC_V5=4.94720458984375
ADC_V9=9.37225341796875
ADC_V12=11.6998291015625
ADC_V28=27.17864990234375
THERMAL_SENS_OUT_1=24
THERMAL_SENS_OUT_2=-50
THERMAL_SENS_OUT_3=29
THERMAL_SENS_OUT_4=28
THERMAL_SENS_OUT_5=26
THERMAL_SENS_OUT_6=-50
THERMAL_SENS_INT_1=23
THERMAL_SENS_INT_2=27
PG_5=0
PG_9=0
PG_12=0
FLT_P2=0
FLT_P3=0
HEAT_1_TEMP=24
HEAT_1_DUTY=0
HEAT_1_SP=-20.0
HEAT_2_TEMP=29
HEAT_2_DUTY=0
HEAT_2_SP=-20.0
HEAT_3_TEMP=28
HEAT_3_DUTY=0
HEAT_3_SP=-20.0
HEAT_4_TEMP=26
HEAT_4_DUTY=0
HEAT_4_SP=-20.0
MOTOR_ANGLE=-0.0003779069767441861
MOTOR_ACCUM=-0.0003779069767441861
MOTOR_ROT=0
TS=1786201451.526
V_SENSE5=1.3623046875
V_SENSE9=0.0341796875
V_SENSE12=0.1123046875
ADC_V5=4.89410400390625
ADC_V9=9.08905029296875
ADC_V12=11.859130859375
ADC_V28=27.63885498046875
THERMAL_SENS_OUT_1=25
THERMAL_SENS_OUT_2=-50
THERMAL_SENS_OUT_3=28
THERMAL_SENS_OUT_4=25
THERMAL_SENS_OUT_5=27
THERMAL_SENS_OUT_6=-50
THERMAL_SENS_INT_1=25
THERMAL_SENS_INT_2=25
PG_5=0
PG_9=0
PG_12=0
FLT_P2=0
FLT_P3=0
HEAT_1_TEMP=25
HEAT_1_DUTY=0
HEAT_1_SP=-20.0
HEAT_2_TEMP=28
HEAT_2_DUTY=0
HEAT_2_SP=-20.0
HEAT_3_TEMP=25
HEAT_3_DUTY=0
HEAT_3_SP=-20.0
HEAT_4_TEMP=27
HEAT_4_DUTY=0
HEAT_4_SP=-20.0
MOTOR_ANGLE=-0.0003779069767441861
MOTOR_ACCUM=-0.0003779069767441861
MOTOR_ROT=0

[16:13:46.188 EBOX]
TS=1786201452.028
V_SENSE5=1.28662109375
V_SENSE9=0.0390625
V_SENSE12=0.10009765625
ADC_V5=5.00030517578125
ADC_V9=8.96514892578125
ADC_V12=11.85028076171875
ADC_V28=27.58575439453125
THERMAL_SENS_OUT_1=26
THERMAL_SENS_OUT_2=-50
THERMAL_SENS_OUT_3=24
THERMAL_SENS_OUT_4=26
THERMAL_SENS_OUT_5=24
THERMAL_SENS_OUT_6=-50
THERMAL_SENS_INT_1=27
THERMAL_SENS_INT_2=25
PG_5=0
PG_9=0
PG_12=0
FLT_P2=0
FLT_P3=0
HEAT_1_TEMP=26
HEAT_1_DUTY=0
HEAT_1_SP=-20.0
HEAT_2_TEMP=24
HEAT_2_DUTY=0
HEAT_2_SP=-20.0
HEAT_3_TEMP=26
HEAT_3_DUTY=0
HEAT_3_SP=-20.0
HEAT_4_TEMP=24
HEAT_4_DUTY=0
HEAT_4_SP=-20.0
MOTOR_ANGLE=-0.0003779069767441861
MOTOR_ACCUM=-0.0003779069767441861
MOTOR_ROT=0

[16:13:48.961 EBOX]
TS=1786201452.530
V_SENSE5=1.22802734375
V_SENSE9=0.0439453125
V_SENSE12=0.107421875
ADC_V5=4.9560546875
ADC_V9=9.31915283203125
ADC_V12=11.79718017578125
ADC_V28=27.364501953125
THERMAL_SENS_OUT_1=22
THERMAL_SENS_OUT_2=-50
THERMAL_SENS_OUT_3=24
THERMAL_SENS_OUT_4=25
THERMAL_SENS_OUT_5=28
THERMAL_SENS_OUT_6=-50
THERMAL_SENS_INT_1=27
THERMAL_SENS_INT_2=24
PG_5=0
PG_9=0
PG_12=0
FLT_P2=0
FLT_P3=0
HEAT_1_TEMP=22
HEAT_1_DUTY=0
HEAT_1_SP=-20.0
HEAT_2_TEMP=24
HEAT_2_DUTY=0
HEAT_2_SP=-20.0
HEAT_3_TEMP=25
HEAT_3_DUTY=0
HEAT_3_SP=-20.0
HEAT_4_TEMP=28
HEAT_4_DUTY=0
HEAT_4_SP=-20.0
MOTOR_ANGLE=-0.0003779069767441861
MOTOR_ACCUM=-0.0003779069767441861
MOTOR_ROT=0
TS=1786201453.030
V_SENSE5=1.27685546875
V_SENSE9=0.0390625
V_SENSE12=0.1025390625
ADC_V5=4.87640380859375
ADC_V9=9.21295166015625
ADC_V12=11.6290283203125
ADC_V28=27.39105224609375
THERMAL_SENS_OUT_1=23
THERMAL_SENS_OUT_2=-50
THERMAL_SENS_OUT_3=29
THERMAL_SENS_OUT_4=27
THERMAL_SENS_OUT_5=27
THERMAL_SENS_OUT_6=-50
THERMAL_SENS_INT_1=23
THERMAL_SENS_INT_2=27
PG_5=0
PG_9=0
PG_12=0
FLT_P2=0
FLT_P3=0
HEAT_1_TEMP=23
HEAT_1_DUTY=0
HEAT_1_SP=-20.0
HEAT_2_TEMP=29
HEAT_2_DUTY=0
HEAT_2_SP=-20.0
HEAT_3_TEMP=27
HEAT_3_DUTY=0
HEAT_3_SP=-20.0
HEAT_4_TEMP=27
HEAT_4_DUTY=0
HEAT_4_SP=-20.0
MOTOR_ANGLE=-0.0003779069767441861
MOTOR_ACCUM=-0.0003779069767441861
MOTOR_ROT=0
TS=1786201453.532
V_SENSE5=1.1767578125
V_SENSE9=0.0390625
V_SENSE12=0.10498046875
ADC_V5=4.991455078125
ADC_V9=8.84124755859375
ADC_V12=11.859130859375
ADC_V28=27.293701171875
THERMAL_SENS_OUT_1=23
THERMAL_SENS_OUT_2=-50
THERMAL_SENS_OUT_3=24
THERMAL_SENS_OUT_4=25
THERMAL_SENS_OUT_5=25
THERMAL_SENS_OUT_6=-50
THERMAL_SENS_INT_1=24
THERMAL_SENS_INT_2=25
PG_5=0
PG_9=0
PG_12=0
FLT_P2=0
FLT_P3=0
HEAT_1_TEMP=23
HEAT_1_DUTY=0
HEAT_1_SP=-20.0
HEAT_2_TEMP=24
HEAT_2_DUTY=0
HEAT_2_SP=-20.0
HEAT_3_TEMP=25
HEAT_3_DUTY=0
HEAT_3_SP=-20.0
HEAT_4_TEMP=25
HEAT_4_DUTY=0
HEAT_4_SP=-20.0
MOTOR_ANGLE=-0.0003779069767441861
MOTOR_ACCUM=-0.0003779069767441861
MOTOR_ROT=0
TS=1786201454.035
V_SENSE5=1.23779296875
V_SENSE9=0.03662109375
V_SENSE12=0.12451171875
ADC_V5=4.9560546875

[16:13:58.251 EBOX]
ADC_V9=9.31915283203125
ADC_V12=11.7352294921875
ADC_V28=27.8778076171875
THERMAL_SENS_OUT_1=23
THERMAL_SENS_OUT_2=-50
THERMAL_SENS_OUT_3=24
THERMAL_SENS_OUT_4=25
THERMAL_SENS_OUT_5=25
THERMAL_SENS_OUT_6=-50
THERMAL_SENS_INT_1=24
THERMAL_SENS_INT_2=25
PG_5=0
PG_9=0
PG_12=0
FLT_P2=0
FLT_P3=0
HEAT_1_TEMP=23
HEAT_1_DUTY=0
HEAT_1_SP=-20.0
HEAT_2_TEMP=24
HEAT_2_DUTY=0
HEAT_2_SP=-20.0
HEAT_3_TEMP=25
HEAT_3_DUTY=0
HEAT_3_SP=-20.0
HEAT_4_TEMP=25
HEAT_4_DUTY=0
HEAT_4_SP=-20.0
MOTOR_ANGLE=-0.0003779069767441861
MOTOR_ACCUM=-0.0003779069767441861
MOTOR_ROT=0
TS=1786201454.535
V_SENSE5=1.376953125
V_SENSE9=0.07568359375
V_SENSE12=0.1025390625
ADC_V5=4.9029541015625
ADC_V9=9.28375244140625
ADC_V12=11.77947998046875
ADC_V28=27.8424072265625
THERMAL_SENS_OUT_1=25
THERMAL_SENS_OUT_2=-50
THERMAL_SENS_OUT_3=25
THERMAL_SENS_OUT_4=23
THERMAL_SENS_OUT_5=24
THERMAL_SENS_OUT_6=-50
THERMAL_SENS_INT_1=23
THERMAL_SENS_INT_2=25
PG_5=0
PG_9=0
PG_12=0
FLT_P2=0
FLT_P3=0
HEAT_1_TEMP=25
HEAT_1_DUTY=0
HEAT_1_SP=-20.0
HEAT_2_TEMP=25
HEAT_2_DUTY=0
HEAT_2_SP=-20.0
HEAT_3_TEMP=23
HEAT_3_DUTY=0
HEAT_3_SP=-20.0
HEAT_4_TEMP=24
HEAT_4_DUTY=0
HEAT_4_SP=-20.0
MOTOR_ANGLE=-0.0003779069767441861
MOTOR_ACCUM=-0.0003779069767441861
MOTOR_ROT=0
TS=1786201455.037
V_SENSE5=1.19873046875
V_SENSE9=0.0341796875
V_SENSE12=0.10986328125
ADC_V5=4.87640380859375
ADC_V9=9.027099609375
ADC_V12=11.5936279296875
ADC_V28=27.56805419921875
THERMAL_SENS_OUT_1=23
THERMAL_SENS_OUT_2=-50
THERMAL_SENS_OUT_3=28
THERMAL_SENS_OUT_4=24
THERMAL_SENS_OUT_5=28
THERMAL_SENS_OUT_6=-50
THERMAL_SENS_INT_1=23
THERMAL_SENS_INT_2=24
PG_5=0
PG_9=0
PG_12=0
FLT_P2=0
FLT_P3=0
HEAT_1_TEMP=23
HEAT_1_DUTY=0
HEAT_1_SP=-20.0
HEAT_2_TEMP=28
HEAT_2_DUTY=0
HEAT_2_SP=-20.0
HEAT_3_TEMP=24
HEAT_3_DUTY=0
HEAT_3_SP=-20.0
HEAT_4_TEMP=28
HEAT_4_DUTY=0
HEAT_4_SP=-20.0
MOTOR_ANGLE=-0.0003779069767441861
MOTOR_ACCUM=-0.0003779069767441861
MOTOR_ROT=0
TS=1786201455.544
V_SENSE5=1.12548828125
V_SENSE9=0.0341796875
V_SENSE12=0.13427734375
ADC_V5=4.9560546875
ADC_V9=9.33685302734375
ADC_V12=11.5582275390625
ADC_V28=27.65655517578125
THERMAL_SENS_OUT_1=24
THERMAL_SENS_OUT_2=-50
THERMAL_SENS_OUT_3=26
THERMAL_SENS_OUT_4=26
THERMAL_SENS_OUT_5=24
THERMAL_SENS_OUT_6=-50
THERMAL_SENS_INT_1=28
THERMAL_SENS_INT_2=25
PG_5=0
PG_9=0
PG_12=0
FLT_P2=0
FLT_P3=0
HEAT_1_TEMP=24
HEAT_1_DUTY=0
HEAT_1_SP=-20.0
HEAT_2_TEMP=26
HEAT_2_DUTY=0
HEAT_2_SP=-20.0
HEAT_3_TEMP=26
HEAT_3_DUTY=0
HEAT_3_SP=-20.0
HEAT_4_TEMP=24
HEAT_4_DUTY=0
HEAT_4_SP=-20.0
MOTOR_ANGLE=-0.0003779069767441861
MOTOR_ACCUM=-0.0003779069767441861
MOTOR_ROT=0

[16:13:58.386 EBOX]
TS=1786201456.039
V_SENSE5=1.22314453125
V_SENSE9=0.0390625
V_SENSE12=0.1025390625
ADC_V5=4.94720458984375
ADC_V9=9.19525146484375
ADC_V12=11.859130859375
ADC_V28=27.789306640625
THERMAL_SENS_OUT_1=26
THERMAL_SENS_OUT_2=-50
THERMAL_SENS_OUT_3=28
THERMAL_SENS_OUT_4=23
THERMAL_SENS_OUT_5=26
THERMAL_SENS_OUT_6=-50
THERMAL_SENS_INT_1=27
THERMAL_SENS_INT_2=24
PG_5=0
PG_9=0
PG_12=0
FLT_P2=0
FLT_P3=0
HEAT_1_TEMP=26
HEAT_1_DUTY=0
HEAT_1_SP=-20.0
HEAT_2_TEMP=28
HEAT_2_DUTY=0
HEAT_2_SP=-20.0
HEAT_3_TEMP=23
HEAT_3_DUTY=0
HEAT_3_SP=-20.0
HEAT_4_TEMP=26
HEAT_4_DUTY=0
HEAT_4_SP=-20.0
MOTOR_ANGLE=-0.0003779069767441861
MOTOR_ACCUM=-0.0003779069767441861
MOTOR_ROT=0
TS=1786201456.540
V_SENSE5=1.18408203125
V_SENSE9=0.03173828125
V_SENSE12=0.10986328125
ADC_V5=4.9560546875
ADC_V9=9.13330078125
ADC_V12=11.72637939453125
ADC_V28=27.46185302734375
THERMAL_SENS_OUT_1=24
THERMAL_SENS_OUT_2=-50
THERMAL_SENS_OUT_3=28
THERMAL_SENS_OUT_4=23
THERMAL_SENS_OUT_5=26
THERMAL_SENS_OUT_6=-50
THERMAL_SENS_INT_1=27
THERMAL_SENS_INT_2=25
PG_5=0
PG_9=0
PG_12=0
FLT_P2=0
FLT_P3=0
HEAT_1_TEMP=24
HEAT_1_DUTY=0
HEAT_1_SP=-20.0
HEAT_2_TEMP=28
HEAT_2_DUTY=0
HEAT_2_SP=-20.0
HEAT_3_TEMP=23
HEAT_3_DUTY=0
HEAT_3_SP=-20.0
HEAT_4_TEMP=26
HEAT_4_DUTY=0
HEAT_4_SP=-20.0
MOTOR_ANGLE=-0.0003779069767441861
MOTOR_ACCUM=-0.0003779069767441861
MOTOR_ROT=0
TS=1786201457.042
V_SENSE5=1.04736328125
V_SENSE9=0.0341796875
V_SENSE12=0.09521484375
ADC_V5=4.98260498046875

[16:14:00.140 EBOX]
ADC_V9=9.46075439453125
ADC_V12=11.85028076171875
ADC_V28=27.26715087890625
THERMAL_SENS_OUT_1=22
THERMAL_SENS_OUT_2=-50
THERMAL_SENS_OUT_3=25
THERMAL_SENS_OUT_4=27
THERMAL_SENS_OUT_5=25
THERMAL_SENS_OUT_6=-50
THERMAL_SENS_INT_1=22
THERMAL_SENS_INT_2=24
PG_5=0
PG_9=0
PG_12=0
FLT_P2=0
FLT_P3=0
HEAT_1_TEMP=22
HEAT_1_DUTY=0
HEAT_1_SP=-20.0
HEAT_2_TEMP=25
HEAT_2_DUTY=0
HEAT_2_SP=-20.0
HEAT_3_TEMP=27
HEAT_3_DUTY=0
HEAT_3_SP=-20.0
HEAT_4_TEMP=25
HEAT_4_DUTY=0
HEAT_4_SP=-20.0
MOTOR_ANGLE=-0.0003779069767441861
MOTOR_ACCUM=-0.0003779069767441861
MOTOR_ROT=0
TS=1786201457.543
V_SENSE5=1.3134765625
V_SENSE9=0.04150390625
V_SENSE12=0.10009765625
ADC_V5=4.88525390625
ADC_V9=9.3280029296875
ADC_V12=11.82373046875
ADC_V28=27.47955322265625
THERMAL_SENS_OUT_1=26
THERMAL_SENS_OUT_2=-50
THERMAL_SENS_OUT_3=26
THERMAL_SENS_OUT_4=24
THERMAL_SENS_OUT_5=26
THERMAL_SENS_OUT_6=-50
THERMAL_SENS_INT_1=26
THERMAL_SENS_INT_2=24
PG_5=0
PG_9=0
PG_12=0
FLT_P2=0
FLT_P3=0
HEAT_1_TEMP=26
HEAT_1_DUTY=0
HEAT_1_SP=-20.0
HEAT_2_TEMP=26
HEAT_2_DUTY=0
HEAT_2_SP=-20.0
HEAT_3_TEMP=24
HEAT_3_DUTY=0
HEAT_3_SP=-20.0
HEAT_4_TEMP=26
HEAT_4_DUTY=0
HEAT_4_SP=-20.0
MOTOR_ANGLE=-0.0003779069767441861
MOTOR_ACCUM=-0.0003779069767441861
MOTOR_ROT=0
TS=1786201458.045
V_SENSE5=1.19384765625
V_SENSE9=0.0390625
V_SENSE12=0.10009765625
ADC_V5=5.01800537109375
ADC_V9=9.10675048828125
ADC_V12=11.82373046875
ADC_V28=27.3468017578125
THERMAL_SENS_OUT_1=23
THERMAL_SENS_OUT_2=-50
THERMAL_SENS_OUT_3=25
THERMAL_SENS_OUT_4=27
THERMAL_SENS_OUT_5=24
THERMAL_SENS_OUT_6=-50
THERMAL_SENS_INT_1=24
THERMAL_SENS_INT_2=26
PG_5=0
PG_9=0
PG_12=0
FLT_P2=0
FLT_P3=0
HEAT_1_TEMP=23
HEAT_1_DUTY=0
HEAT_1_SP=-20.0
HEAT_2_TEMP=25
HEAT_2_DUTY=0
HEAT_2_SP=-20.0
HEAT_3_TEMP=27
HEAT_3_DUTY=0
HEAT_3_SP=-20.0
HEAT_4_TEMP=24
HEAT_4_DUTY=0
HEAT_4_SP=-20.0
MOTOR_ANGLE=-0.0003779069767441861
MOTOR_ACCUM=-0.0003779069767441861
MOTOR_ROT=0
TS=1786201458.546
V_SENSE5=1.2109375
V_SENSE9=0.0390625
V_SENSE12=0.11474609375
ADC_V5=4.9737548828125
ADC_V9=8.814697265625
ADC_V12=11.89453125
ADC_V28=27.4176025390625
THERMAL_SENS_OUT_1=27
THERMAL_SENS_OUT_2=-50
THERMAL_SENS_OUT_3=27
THERMAL_SENS_OUT_4=23
THERMAL_SENS_OUT_5=25
THERMAL_SENS_OUT_6=-50
THERMAL_SENS_INT_1=24
THERMAL_SENS_INT_2=28
PG_5=0
PG_9=0
PG_12=0
FLT_P2=0
FLT_P3=0
HEAT_1_TEMP=27
HEAT_1_DUTY=0
HEAT_1_SP=-20.0
HEAT_2_TEMP=27
HEAT_2_DUTY=0
HEAT_2_SP=-20.0
HEAT_3_TEMP=23
HEAT_3_DUTY=0
HEAT_3_SP=-20.0
HEAT_4_TEMP=25
HEAT_4_DUTY=0
HEAT_4_SP=-20.0
MOTOR_ANGLE=-0.0003779069767441861
MOTOR_ACCUM=-0.0003779069767441861
MOTOR_ROT=0
TS=1786201459.048
V_SENSE5=1.240234375
V_SENSE9=0.0341796875
V_SENSE12=0.0927734375
ADC_V5=5.00030517578125
ADC_V9=9.23065185546875
ADC_V12=11.81488037109375
ADC_V28=27.46185302734375
THERMAL_SENS_OUT_1=23
THERMAL_SENS_OUT_2=-50
THERMAL_SENS_OUT_3=24
THERMAL_SENS_OUT_4=23
THERMAL_SENS_OUT_5=27
THERMAL_SENS_OUT_6=-50
THERMAL_SENS_INT_1=25
THERMAL_SENS_INT_2=24
PG_5=0
PG_9=0
PG_12=0

[16:14:00.630 EBOX]
FLT_P2=0
FLT_P3=0
HEAT_1_TEMP=23
HEAT_1_DUTY=0
HEAT_1_SP=-20.0
HEAT_2_TEMP=24
HEAT_2_DUTY=0
HEAT_2_SP=-20.0
HEAT_3_TEMP=23
HEAT_3_DUTY=0
HEAT_3_SP=-20.0
HEAT_4_TEMP=27
HEAT_4_DUTY=0
HEAT_4_SP=-20.0
MOTOR_ANGLE=-0.0003779069767441861
MOTOR_ACCUM=-0.0003779069767441861
MOTOR_ROT=0
TS=1786201459.549
V_SENSE5=1.1962890625
V_SENSE9=0.0390625
V_SENSE12=0.09033203125
ADC_V5=4.94720458984375
ADC_V9=9.2218017578125
ADC_V12=11.68212890625
ADC_V28=27.90435791015625
THERMAL_SENS_OUT_1=24
THERMAL_SENS_OUT_2=-50
THERMAL_SENS_OUT_3=28
THERMAL_SENS_OUT_4=24
THERMAL_SENS_OUT_5=27
THERMAL_SENS_OUT_6=-50
THERMAL_SENS_INT_1=23
THERMAL_SENS_INT_2=25
PG_5=0
PG_9=0
PG_12=0
FLT_P2=0
FLT_P3=0
HEAT_1_TEMP=24
HEAT_1_DUTY=0
HEAT_1_SP=-20.0
HEAT_2_TEMP=28
HEAT_2_DUTY=0
HEAT_2_SP=-20.0
HEAT_3_TEMP=24
HEAT_3_DUTY=0
HEAT_3_SP=-20.0
HEAT_4_TEMP=27
HEAT_4_DUTY=0
HEAT_4_SP=-20.0
MOTOR_ANGLE=-0.0003779069767441861
MOTOR_ACCUM=-0.0003779069767441861
MOTOR_ROT=0
TS=1786201460.058
V_SENSE5=1.1328125
V_SENSE9=0.03173828125
V_SENSE12=0.13671875
ADC_V5=4.94720458984375
ADC_V9=8.85009765625
ADC_V12=11.60247802734375
ADC_V28=27.95745849609375
THERMAL_SENS_OUT_1=25
THERMAL_SENS_OUT_2=-50
THERMAL_SENS_OUT_3=25
THERMAL_SENS_OUT_4=23
THERMAL_SENS_OUT_5=26
THERMAL_SENS_OUT_6=-50
THERMAL_SENS_INT_1=24
THERMAL_SENS_INT_2=25
PG_5=0
PG_9=0
PG_12=0
FLT_P2=0
FLT_P3=0
HEAT_1_TEMP=25
HEAT_1_DUTY=0
HEAT_1_SP=-20.0
HEAT_2_TEMP=25
HEAT_2_DUTY=0
HEAT_2_SP=-20.0
HEAT_3_TEMP=23

[16:14:00.757 EBOX]
HEAT_3_DUTY=0
HEAT_3_SP=-20.0
HEAT_4_TEMP=26
HEAT_4_DUTY=0
HEAT_4_SP=-20.0
MOTOR_ANGLE=-0.0003779069767441861
MOTOR_ACCUM=-0.0003779069767441861
MOTOR_ROT=0
TS=1786201460.552
V_SENSE5=1.181640625
V_SENSE9=0.04150390625
V_SENSE12=0.10986328125
ADC_V5=4.96490478515625
ADC_V9=9.49615478515625
ADC_V12=11.81488037109375
ADC_V28=27.1697998046875
THERMAL_SENS_OUT_1=23
THERMAL_SENS_OUT_2=-50
THERMAL_SENS_OUT_3=26
THERMAL_SENS_OUT_4=26
THERMAL_SENS_OUT_5=25
THERMAL_SENS_OUT_6=-50
THERMAL_SENS_INT_1=22
THERMAL_SENS_INT_2=24
PG_5=0
PG_9=0
PG_12=0
FLT_P2=0
FLT_P3=0
HEAT_1_TEMP=23
HEAT_1_DUTY=0
HEAT_1_SP=-20.0
HEAT_2_TEMP=26
HEAT_2_DUTY=0
HEAT_2_SP=-20.0
HEAT_3_TEMP=26
HEAT_3_DUTY=0
HEAT_3_SP=-20.0
HEAT_4_TEMP=25
HEAT_4_DUTY=0
HEAT_4_SP=-20.0
MOTOR_ANGLE=-0.0003779069767441861
MOTOR_ACCUM=-0.0003779069767441861
MOTOR_ROT=0
TS=1786201461.053
V_SENSE5=1.24755859375
V_SENSE9=0.0439453125
V_SENSE12=0.10009765625
ADC_V5=5.0091552734375
ADC_V9=9.23065185546875
ADC_V12=11.62017822265625
ADC_V28=27.75390625
THERMAL_SENS_OUT_1=26
THERMAL_SENS_OUT_2=-50
THERMAL_SENS_OUT_3=28
THERMAL_SENS_OUT_4=23
THERMAL_SENS_OUT_5=27
THERMAL_SENS_OUT_6=-50
THERMAL_SENS_INT_1=23
THERMAL_SENS_INT_2=28
PG_5=0
PG_9=0
PG_12=0
FLT_P2=0
FLT_P3=0
HEAT_1_TEMP=26
HEAT_1_DUTY=0
HEAT_1_SP=-20.0
HEAT_2_TEMP=28
HEAT_2_DUTY=0
HEAT_2_SP=-20.0
HEAT_3_TEMP=23
HEAT_3_DUTY=0
HEAT_3_SP=-20.0
HEAT_4_TEMP=27
HEAT_4_DUTY=0
HEAT_4_SP=-20.0
MOTOR_ANGLE=-0.0003779069767441861

[16:14:00.886 EBOX]
MOTOR_ACCUM=-0.0003779069767441861
MOTOR_ROT=0
TS=1786201461.554
V_SENSE5=1.31103515625
V_SENSE9=0.0390625
V_SENSE12=0.107421875
ADC_V5=4.91180419921875
ADC_V9=9.12445068359375
ADC_V12=11.7706298828125
ADC_V28=27.92205810546875
THERMAL_SENS_OUT_1=25
THERMAL_SENS_OUT_2=-50
THERMAL_SENS_OUT_3=28
THERMAL_SENS_OUT_4=23
THERMAL_SENS_OUT_5=27
THERMAL_SENS_OUT_6=-50
THERMAL_SENS_INT_1=23
THERMAL_SENS_INT_2=25
PG_5=0
PG_9=0
PG_12=0
FLT_P2=0
FLT_P3=0
HEAT_1_TEMP=25
HEAT_1_DUTY=0
HEAT_1_SP=-20.0
HEAT_2_TEMP=28
HEAT_2_DUTY=0
HEAT_2_SP=-20.0
HEAT_3_TEMP=23
HEAT_3_DUTY=0
HEAT_3_SP=-20.0
HEAT_4_TEMP=27
HEAT_4_DUTY=0
HEAT_4_SP=-20.0
MOTOR_ANGLE=-0.0003779069767441861
MOTOR_ACCUM=-0.0003779069767441861
MOTOR_ROT=0
TS=1786201462.057
V_SENSE5=1.19384765625
V_SENSE9=0.0341796875
V_SENSE12=0.10498046875
ADC_V5=4.88525390625
ADC_V9=9.5404052734375
ADC_V12=11.646728515625
ADC_V28=27.55035400390625
THERMAL_SENS_OUT_1=25
THERMAL_SENS_OUT_2=-50
THERMAL_SENS_OUT_3=25
THERMAL_SENS_OUT_4=24
THERMAL_SENS_OUT_5=27
THERMAL_SENS_OUT_6=-50
THERMAL_SENS_INT_1=25
THERMAL_SENS_INT_2=28
PG_5=0
PG_9=0
PG_12=0
FLT_P2=0
FLT_P3=0
HEAT_1_TEMP=25
HEAT_1_DUTY=0
HEAT_1_SP=-20.0
HEAT_2_TEMP=25
HEAT_2_DUTY=0
HEAT_2_SP=-20.0
HEAT_3_TEMP=24
HEAT_3_DUTY=0
HEAT_3_SP=-20.0
HEAT_4_TEMP=27
HEAT_4_DUTY=0
HEAT_4_SP=-20.0
MOTOR_ANGLE=-0.0003779069767441861
MOTOR_ACCUM=-0.0003779069767441861
MOTOR_ROT=0
TS=1786201462.558
V_SENSE5=1.19140625
V_SENSE9=0.03662109375
V_SENSE12=0.107421875

[16:14:01.016 EBOX]
ADC_V5=4.991455078125
ADC_V9=9.15985107421875
ADC_V12=11.99188232421875
ADC_V28=27.42645263671875
THERMAL_SENS_OUT_1=22
THERMAL_SENS_OUT_2=-50
THERMAL_SENS_OUT_3=28
THERMAL_SENS_OUT_4=24
THERMAL_SENS_OUT_5=29
THERMAL_SENS_OUT_6=-50
THERMAL_SENS_INT_1=25
THERMAL_SENS_INT_2=24
PG_5=0
PG_9=0
PG_12=0
FLT_P2=0
FLT_P3=0
HEAT_1_TEMP=22
HEAT_1_DUTY=0
HEAT_1_SP=-20.0
HEAT_2_TEMP=28
HEAT_2_DUTY=0
HEAT_2_SP=-20.0
HEAT_3_TEMP=24
HEAT_3_DUTY=0
HEAT_3_SP=-20.0
HEAT_4_TEMP=29
HEAT_4_DUTY=0
HEAT_4_SP=-20.0
MOTOR_ANGLE=-0.0003779069767441861
MOTOR_ACCUM=-0.0003779069767441861
MOTOR_ROT=0
TS=1786201463.059
V_SENSE5=1.17919921875
V_SENSE9=0.0390625
V_SENSE12=0.1171875
ADC_V5=4.9737548828125
ADC_V9=8.956298828125
ADC_V12=11.88568115234375
ADC_V28=27.3291015625
THERMAL_SENS_OUT_1=23
THERMAL_SENS_OUT_2=-50
THERMAL_SENS_OUT_3=24
THERMAL_SENS_OUT_4=25
THERMAL_SENS_OUT_5=29
THERMAL_SENS_OUT_6=-50
THERMAL_SENS_INT_1=26
THERMAL_SENS_INT_2=24
PG_5=0
PG_9=0
PG_12=0
FLT_P2=0
FLT_P3=0
HEAT_1_TEMP=23
HEAT_1_DUTY=0
HEAT_1_SP=-20.0
HEAT_2_TEMP=24
HEAT_2_DUTY=0
HEAT_2_SP=-20.0
HEAT_3_TEMP=25
HEAT_3_DUTY=0
HEAT_3_SP=-20.0
HEAT_4_TEMP=29
HEAT_4_DUTY=0
HEAT_4_SP=-20.0
MOTOR_ANGLE=-0.0003779069767441861
MOTOR_ACCUM=-0.0003779069767441861
MOTOR_ROT=0
TS=1786201463.561
V_SENSE5=1.35498046875
V_SENSE9=0.0390625
V_SENSE12=0.10498046875
ADC_V5=4.991455078125
ADC_V9=9.33685302734375
ADC_V12=11.89453125
ADC_V28=27.42645263671875
THERMAL_SENS_OUT_1=24
THERMAL_SENS_OUT_2=-50

[16:14:01.376 EBOX]
THERMAL_SENS_OUT_3=25
THERMAL_SENS_OUT_4=26
THERMAL_SENS_OUT_5=24
THERMAL_SENS_OUT_6=-50
THERMAL_SENS_INT_1=27
THERMAL_SENS_INT_2=25
PG_5=0
PG_9=0
PG_12=0
FLT_P2=0
FLT_P3=0
HEAT_1_TEMP=24
HEAT_1_DUTY=0
HEAT_1_SP=-20.0
HEAT_2_TEMP=25
HEAT_2_DUTY=0
HEAT_2_SP=-20.0
HEAT_3_TEMP=26
HEAT_3_DUTY=0
HEAT_3_SP=-20.0
HEAT_4_TEMP=24
HEAT_4_DUTY=0
HEAT_4_SP=-20.0
MOTOR_ANGLE=-0.0003779069767441861
MOTOR_ACCUM=-0.0003779069767441861
MOTOR_ROT=0
TS=1786201464.063
V_SENSE5=1.2158203125
V_SENSE9=0.0390625
V_SENSE12=0.126953125
ADC_V5=4.96490478515625
ADC_V9=9.2041015625
ADC_V12=11.90338134765625
ADC_V28=27.44415283203125
THERMAL_SENS_OUT_1=24
THERMAL_SENS_OUT_2=-50
THERMAL_SENS_OUT_3=26
THERMAL_SENS_OUT_4=25
THERMAL_SENS_OUT_5=25
THERMAL_SENS_OUT_6=-50
THERMAL_SENS_INT_1=24
THERMAL_SENS_INT_2=24
PG_5=0
PG_9=0
PG_12=0
FLT_P2=0
FLT_P3=0
HEAT_1_TEMP=24
HEAT_1_DUTY=0
HEAT_1_SP=-20.0
HEAT_2_TEMP=26
HEAT_2_DUTY=0
HEAT_2_SP=-20.0
HEAT_3_TEMP=25
HEAT_3_DUTY=0
HEAT_3_SP=-20.0
HEAT_4_TEMP=25
HEAT_4_DUTY=0
HEAT_4_SP=-20.0
MOTOR_ANGLE=-0.0003779069767441861
MOTOR_ACCUM=-0.0003779069767441861
MOTOR_ROT=0
TS=1786201464.571
V_SENSE5=1.14501953125
V_SENSE9=0.0341796875
V_SENSE12=0.09765625
ADC_V5=4.9737548828125
ADC_V9=9.0802001953125
ADC_V12=11.6998291015625
ADC_V28=27.16094970703125
THERMAL_SENS_OUT_1=23
THERMAL_SENS_OUT_2=-50
THERMAL_SENS_OUT_3=25
THERMAL_SENS_OUT_4=25
THERMAL_SENS_OUT_5=29
THERMAL_SENS_OUT_6=-50
THERMAL_SENS_INT_1=23
THERMAL_SENS_INT_2=24
PG_5=0

[16:14:01.638 EBOX]
PG_9=0
PG_12=0
FLT_P2=0
FLT_P3=0
HEAT_1_TEMP=23
HEAT_1_DUTY=0
HEAT_1_SP=-20.0
HEAT_2_TEMP=25
HEAT_2_DUTY=0
HEAT_2_SP=-20.0
HEAT_3_TEMP=25
HEAT_3_DUTY=0
HEAT_3_SP=-20.0
HEAT_4_TEMP=29
HEAT_4_DUTY=0
HEAT_4_SP=-20.0
MOTOR_ANGLE=-0.0003779069767441861
MOTOR_ACCUM=-0.0003779069767441861
MOTOR_ROT=0
TS=1786201465.065
V_SENSE5=1.25244140625
V_SENSE9=0.04150390625
V_SENSE12=0.10498046875
ADC_V5=5.0091552734375
ADC_V9=8.9385986328125
ADC_V12=11.76177978515625
ADC_V28=27.60345458984375
THERMAL_SENS_OUT_1=26
THERMAL_SENS_OUT_2=-50
THERMAL_SENS_OUT_3=25
THERMAL_SENS_OUT_4=27
THERMAL_SENS_OUT_5=25
THERMAL_SENS_OUT_6=-50
THERMAL_SENS_INT_1=26
THERMAL_SENS_INT_2=28
PG_5=0
PG_9=0
PG_12=0
FLT_P2=0
FLT_P3=0
HEAT_1_TEMP=26
HEAT_1_DUTY=0
HEAT_1_SP=-20.0
HEAT_2_TEMP=25
HEAT_2_DUTY=0
HEAT_2_SP=-20.0
HEAT_3_TEMP=27
HEAT_3_DUTY=0
HEAT_3_SP=-20.0
HEAT_4_TEMP=25
HEAT_4_DUTY=0
HEAT_4_SP=-20.0
MOTOR_ANGLE=-0.0003779069767441861
MOTOR_ACCUM=-0.0003779069767441861
MOTOR_ROT=0
TS=1786201465.566
V_SENSE5=1.201171875
V_SENSE9=0.0341796875
V_SENSE12=0.107421875
ADC_V5=4.92950439453125
ADC_V9=9.3634033203125
ADC_V12=11.9122314453125
ADC_V28=27.67425537109375
THERMAL_SENS_OUT_1=25
THERMAL_SENS_OUT_2=-50
THERMAL_SENS_OUT_3=24
THERMAL_SENS_OUT_4=24
THERMAL_SENS_OUT_5=29
THERMAL_SENS_OUT_6=-50
THERMAL_SENS_INT_1=27
THERMAL_SENS_INT_2=26
PG_5=0
PG_9=0
PG_12=0
FLT_P2=0
FLT_P3=0
HEAT_1_TEMP=25
HEAT_1_DUTY=0
HEAT_1_SP=-20.0
HEAT_2_TEMP=24
HEAT_2_DUTY=0
HEAT_2_SP=-20.0
HEAT_3_TEMP=24
HEAT_3_DUTY=0
HEAT_3_SP=-20.0
HEAT_4_TEMP=29
HEAT_4_DUTY=0
HEAT_4_SP=-20.0
MOTOR_ANGLE=-0.0003779069767441861
MOTOR_ACCUM=-0.0003779069767441861
MOTOR_ROT=0
TS=1786201466.067
V_SENSE5=1.22802734375
V_SENSE9=0.04638671875
V_SENSE12=0.10986328125
ADC_V5=5.0091552734375
ADC_V9=9.21295166015625
ADC_V12=11.6290283203125
ADC_V28=27.81585693359375
THERMAL_SENS_OUT_1=27
THERMAL_SENS_OUT_2=-50
THERMAL_SENS_OUT_3=29
THERMAL_SENS_OUT_4=25
THERMAL_SENS_OUT_5=26
THERMAL_SENS_OUT_6=-50
THERMAL_SENS_INT_1=23
THERMAL_SENS_INT_2=23
PG_5=0
PG_9=0
PG_12=0
FLT_P2=0
FLT_P3=0
HEAT_1_TEMP=27
HEAT_1_DUTY=0
HEAT_1_SP=-20.0
HEAT_2_TEMP=29
HEAT_2_DUTY=0
HEAT_2_SP=-20.0
HEAT_3_TEMP=25
HEAT_3_DUTY=0
HEAT_3_SP=-20.0
HEAT_4_TEMP=26
HEAT_4_DUTY=0
HEAT_4_SP=-20.0
MOTOR_ANGLE=-0.0003779069767441861
MOTOR_ACCUM=-0.0003779069767441861
MOTOR_ROT=0
TS=1786201466.569
V_SENSE5=1.27197265625
V_SENSE9=0.0341796875
V_SENSE12=0.1171875
ADC_V5=4.991455078125
ADC_V9=8.9208984375
ADC_V12=11.89453125
ADC_V28=27.4530029296875
THERMAL_SENS_OUT_1=23
THERMAL_SENS_OUT_2=-50
THERMAL_SENS_OUT_3=26
THERMAL_SENS_OUT_4=24
THERMAL_SENS_OUT_5=27
THERMAL_SENS_OUT_6=-50
THERMAL_SENS_INT_1=26
THERMAL_SENS_INT_2=26
PG_5=0
PG_9=0
PG_12=0
FLT_P2=0
FLT_P3=0
HEAT_1_TEMP=23
HEAT_1_DUTY=0
HEAT_1_SP=-20.0
HEAT_2_TEMP=26
HEAT_2_DUTY=0
HEAT_2_SP=-20.0
HEAT_3_TEMP=24
HEAT_3_DUTY=0
HEAT_3_SP=-20.0
HEAT_4_TEMP=27
HEAT_4_DUTY=0
HEAT_4_SP=-20.0
MOTOR_ANGLE=-0.0003779069767441861

[16:14:01.845 EBOX]
MOTOR_ACCUM=-0.0003779069767441861
MOTOR_ROT=0
TS=1786201467.078
V_SENSE5=1.1181640625
V_SENSE9=0.0341796875
V_SENSE12=0.1123046875
ADC_V5=4.98260498046875
ADC_V9=9.51385498046875
ADC_V12=11.788330078125
ADC_V28=27.9132080078125
THERMAL_SENS_OUT_1=25
THERMAL_SENS_OUT_2=-50
THERMAL_SENS_OUT_3=26
THERMAL_SENS_OUT_4=26
THERMAL_SENS_OUT_5=29
THERMAL_SENS_OUT_6=-50
THERMAL_SENS_INT_1=25
THERMAL_SENS_INT_2=25
PG_5=0
PG_9=0
PG_12=0
FLT_P2=0
FLT_P3=0
HEAT_1_TEMP=25
HEAT_1_DUTY=0
HEAT_1_SP=-20.0
HEAT_2_TEMP=26
HEAT_2_DUTY=0
HEAT_2_SP=-20.0
HEAT_3_TEMP=26
HEAT_3_DUTY=0
HEAT_3_SP=-20.0
HEAT_4_TEMP=29
HEAT_4_DUTY=0
HEAT_4_SP=-20.0
MOTOR_ANGLE=-0.0003779069767441861
MOTOR_ACCUM=-0.0003779069767441861
MOTOR_ROT=0
TS=1786201467.571
V_SENSE5=1.19384765625
V_SENSE9=0.03662109375
V_SENSE12=0.107421875
ADC_V5=4.991455078125
ADC_V9=9.2926025390625
ADC_V12=11.646728515625
ADC_V28=27.72735595703125
THERMAL_SENS_OUT_1=27
THERMAL_SENS_OUT_2=-50
THERMAL_SENS_OUT_3=26
THERMAL_SENS_OUT_4=23
THERMAL_SENS_OUT_5=27
THERMAL_SENS_OUT_6=-50
THERMAL_SENS_INT_1=24
THERMAL_SENS_INT_2=28
PG_5=0
PG_9=0
PG_12=0
FLT_P2=0
FLT_P3=0
HEAT_1_TEMP=27
HEAT_1_DUTY=0
HEAT_1_SP=-20.0
HEAT_2_TEMP=26
HEAT_2_DUTY=0
HEAT_2_SP=-20.0
HEAT_3_TEMP=23
HEAT_3_DUTY=0
HEAT_3_SP=-20.0
HEAT_4_TEMP=27
HEAT_4_DUTY=0
HEAT_4_SP=-20.0
MOTOR_ANGLE=-0.0003779069767441861
MOTOR_ACCUM=-0.0003779069767441861
MOTOR_ROT=0
TS=1786201468.073
V_SENSE5=1.34765625
V_SENSE9=0.03173828125
V_SENSE12=0.1123046875

[16:14:03.418 EBOX]
ADC_V5=4.9737548828125
ADC_V9=8.98284912109375
ADC_V12=11.86798095703125
ADC_V28=27.35565185546875
THERMAL_SENS_OUT_1=23
THERMAL_SENS_OUT_2=-50
THERMAL_SENS_OUT_3=26
THERMAL_SENS_OUT_4=24
THERMAL_SENS_OUT_5=29
THERMAL_SENS_OUT_6=-50
THERMAL_SENS_INT_1=26
THERMAL_SENS_INT_2=25
PG_5=0
PG_9=0
PG_12=0
FLT_P2=0
FLT_P3=0
HEAT_1_TEMP=23
HEAT_1_DUTY=0
HEAT_1_SP=-20.0
HEAT_2_TEMP=26
HEAT_2_DUTY=0
HEAT_2_SP=-20.0
HEAT_3_TEMP=24
HEAT_3_DUTY=0
HEAT_3_SP=-20.0
HEAT_4_TEMP=29
HEAT_4_DUTY=0
HEAT_4_SP=-20.0
MOTOR_ANGLE=-0.0003779069767441861
MOTOR_ACCUM=-0.0003779069767441861
MOTOR_ROT=0
TS=1786201468.574
V_SENSE5=1.20361328125
V_SENSE9=0.05615234375
V_SENSE12=0.1123046875
ADC_V5=4.9029541015625
ADC_V9=8.98284912109375
ADC_V12=11.69097900390625
ADC_V28=27.42645263671875
THERMAL_SENS_OUT_1=23
THERMAL_SENS_OUT_2=-50
THERMAL_SENS_OUT_3=25
THERMAL_SENS_OUT_4=25
THERMAL_SENS_OUT_5=25
THERMAL_SENS_OUT_6=-50
THERMAL_SENS_INT_1=24
THERMAL_SENS_INT_2=25
PG_5=0
PG_9=0
PG_12=0
FLT_P2=0
FLT_P3=0
HEAT_1_TEMP=23
HEAT_1_DUTY=0
HEAT_1_SP=-20.0
HEAT_2_TEMP=25
HEAT_2_DUTY=0
HEAT_2_SP=-20.0
HEAT_3_TEMP=25
HEAT_3_DUTY=0
HEAT_3_SP=-20.0
HEAT_4_TEMP=25
HEAT_4_DUTY=0
HEAT_4_SP=-20.0
MOTOR_ANGLE=-0.0003779069767441861
MOTOR_ACCUM=-0.0003779069767441861
MOTOR_ROT=0
TS=1786201469.077
V_SENSE5=1.27197265625
V_SENSE9=0.0390625
V_SENSE12=0.0927734375
ADC_V5=4.92950439453125
ADC_V9=9.2218017578125
ADC_V12=11.9122314453125
ADC_V28=27.7362060546875
THERMAL_SENS_OUT_1=24
THERMAL_SENS_OUT_2=-50
THERMAL_SENS_OUT_3=24
THERMAL_SENS_OUT_4=26
THERMAL_SENS_OUT_5=24
THERMAL_SENS_OUT_6=-50
THERMAL_SENS_INT_1=26
THERMAL_SENS_INT_2=24
PG_5=0
PG_9=0
PG_12=0
FLT_P2=0
FLT_P3=0
HEAT_1_TEMP=24
HEAT_1_DUTY=0
HEAT_1_SP=-20.0
HEAT_2_TEMP=24
HEAT_2_DUTY=0
HEAT_2_SP=-20.0
HEAT_3_TEMP=26
HEAT_3_DUTY=0
HEAT_3_SP=-20.0
HEAT_4_TEMP=24
HEAT_4_DUTY=0
HEAT_4_SP=-20.0
MOTOR_ANGLE=-0.0003779069767441861
MOTOR_ACCUM=-0.0003779069767441861
MOTOR_ROT=0
TS=1786201469.577
V_SENSE5=1.357421875
V_SENSE9=0.05126953125
V_SENSE12=0.10986328125
ADC_V5=4.88525390625
ADC_V9=9.0625

[16:14:03.867 EBOX]
ADC_V12=11.60247802734375
ADC_V28=27.35565185546875
THERMAL_SENS_OUT_1=26
THERMAL_SENS_OUT_2=-50
THERMAL_SENS_OUT_3=26
THERMAL_SENS_OUT_4=26
THERMAL_SENS_OUT_5=26
THERMAL_SENS_OUT_6=-50
THERMAL_SENS_INT_1=23
THERMAL_SENS_INT_2=24
PG_5=0
PG_9=0
PG_12=0
FLT_P2=0
FLT_P3=0
HEAT_1_TEMP=26
HEAT_1_DUTY=0
HEAT_1_SP=-20.0
HEAT_2_TEMP=26
HEAT_2_DUTY=0
HEAT_2_SP=-20.0
HEAT_3_TEMP=26
HEAT_3_DUTY=0
HEAT_3_SP=-20.0
HEAT_4_TEMP=26
HEAT_4_DUTY=0
HEAT_4_SP=-20.0
MOTOR_ANGLE=-0.0003779069767441861
MOTOR_ACCUM=-0.0003779069767441861
MOTOR_ROT=0
TS=1786201470.078
V_SENSE5=1.24755859375
V_SENSE9=0.0390625
V_SENSE12=0.1220703125
ADC_V5=5.08880615234375
ADC_V9=8.85009765625
ADC_V12=11.89453125
ADC_V28=27.28485107421875
THERMAL_SENS_OUT_1=23
THERMAL_SENS_OUT_2=-50
THERMAL_SENS_OUT_3=25
THERMAL_SENS_OUT_4=26
THERMAL_SENS_OUT_5=27
THERMAL_SENS_OUT_6=-50
THERMAL_SENS_INT_1=23
THERMAL_SENS_INT_2=27
PG_5=0
PG_9=0
PG_12=0
FLT_P2=0
FLT_P3=0
HEAT_1_TEMP=23
HEAT_1_DUTY=0
HEAT_1_SP=-20.0
HEAT_2_TEMP=25
HEAT_2_DUTY=0
HEAT_2_SP=-20.0
HEAT_3_TEMP=26
HEAT_3_DUTY=0
HEAT_3_SP=-20.0
HEAT_4_TEMP=27
HEAT_4_DUTY=0
HEAT_4_SP=-20.0
MOTOR_ANGLE=-0.0003779069767441861
MOTOR_ACCUM=-0.0003779069767441861
MOTOR_ROT=0

[16:14:04.288 EBOX]
TS=1786201470.580
V_SENSE5=1.2939453125
V_SENSE9=0.0341796875
V_SENSE12=0.1220703125
ADC_V5=4.98260498046875
ADC_V9=9.27490234375
ADC_V12=11.88568115234375
ADC_V28=27.33795166015625
THERMAL_SENS_OUT_1=26
THERMAL_SENS_OUT_2=-50
THERMAL_SENS_OUT_3=27
THERMAL_SENS_OUT_4=25
THERMAL_SENS_OUT_5=25
THERMAL_SENS_OUT_6=-50
THERMAL_SENS_INT_1=26
THERMAL_SENS_INT_2=25
PG_5=0
PG_9=0
PG_12=0
FLT_P2=0
FLT_P3=0
HEAT_1_TEMP=26
HEAT_1_DUTY=0
HEAT_1_SP=-20.0
HEAT_2_TEMP=27
HEAT_2_DUTY=0
HEAT_2_SP=-20.0
HEAT_3_TEMP=25
HEAT_3_DUTY=0
HEAT_3_SP=-20.0
HEAT_4_TEMP=25
HEAT_4_DUTY=0
HEAT_4_SP=-20.0
MOTOR_ANGLE=-0.0003779069767441861
MOTOR_ACCUM=-0.0003779069767441861
MOTOR_ROT=0

[16:14:04.505 EBOX]
TS=1786201471.081
V_SENSE5=1.3525390625
V_SENSE9=0.0390625
V_SENSE12=0.10498046875
ADC_V5=5.0091552734375
ADC_V9=9.27490234375
ADC_V12=11.72637939453125
ADC_V28=27.86895751953125
THERMAL_SENS_OUT_1=23
THERMAL_SENS_OUT_2=-50
THERMAL_SENS_OUT_3=27
THERMAL_SENS_OUT_4=25
THERMAL_SENS_OUT_5=26
THERMAL_SENS_OUT_6=-50
THERMAL_SENS_INT_1=24
THERMAL_SENS_INT_2=28
PG_5=0
PG_9=0
PG_12=0
FLT_P2=0
FLT_P3=0
HEAT_1_TEMP=23
HEAT_1_DUTY=0
HEAT_1_SP=-20.0
HEAT_2_TEMP=27
HEAT_2_DUTY=0
HEAT_2_SP=-20.0
HEAT_3_TEMP=25
HEAT_3_DUTY=0
HEAT_3_SP=-20.0
HEAT_4_TEMP=26
HEAT_4_DUTY=0
HEAT_4_SP=-20.0
MOTOR_ANGLE=-0.0003779069767441861
MOTOR_ACCUM=-0.0003779069767441861
MOTOR_ROT=0

[16:14:06.353 EBOX]
TS=1786201471.590
V_SENSE5=1.16455078125
V_SENSE9=0.03173828125
V_SENSE12=0.12939453125
ADC_V5=4.9560546875
ADC_V9=9.027099609375
ADC_V12=11.929931640625
ADC_V28=27.16094970703125
THERMAL_SENS_OUT_1=25
THERMAL_SENS_OUT_2=-50
THERMAL_SENS_OUT_3=25
THERMAL_SENS_OUT_4=23
THERMAL_SENS_OUT_5=30
THERMAL_SENS_OUT_6=-50
THERMAL_SENS_INT_1=27
THERMAL_SENS_INT_2=25
PG_5=0
PG_9=0
PG_12=0
FLT_P2=0
FLT_P3=0
HEAT_1_TEMP=25
HEAT_1_DUTY=0
HEAT_1_SP=-20.0
HEAT_2_TEMP=25
HEAT_2_DUTY=0
HEAT_2_SP=-20.0
HEAT_3_TEMP=23
HEAT_3_DUTY=0
HEAT_3_SP=-20.0
HEAT_4_TEMP=30
HEAT_4_DUTY=0
HEAT_4_SP=-20.0
MOTOR_ANGLE=-0.0003779069767441861
MOTOR_ACCUM=-0.0003779069767441861
MOTOR_ROT=0
TS=1786201472.096
V_SENSE5=1.162109375
V_SENSE9=0.0390625
V_SENSE12=0.12451171875
ADC_V5=4.9383544921875
ADC_V9=9.19525146484375
ADC_V12=11.68212890625
ADC_V28=27.7362060546875
THERMAL_SENS_OUT_1=27
THERMAL_SENS_OUT_2=-50
THERMAL_SENS_OUT_3=29
THERMAL_SENS_OUT_4=25
THERMAL_SENS_OUT_5=25
THERMAL_SENS_OUT_6=-50
THERMAL_SENS_INT_1=22
THERMAL_SENS_INT_2=26
PG_5=0
PG_9=0
PG_12=0
FLT_P2=0
FLT_P3=0
HEAT_1_TEMP=27
HEAT_1_DUTY=0
HEAT_1_SP=-20.0
HEAT_2_TEMP=29
HEAT_2_DUTY=0
HEAT_2_SP=-20.0
HEAT_3_TEMP=25
HEAT_3_DUTY=0
HEAT_3_SP=-20.0
HEAT_4_TEMP=25
HEAT_4_DUTY=0
HEAT_4_SP=-20.0
MOTOR_ANGLE=-0.0003779069767441861
MOTOR_ACCUM=-0.0003779069767441861
MOTOR_ROT=0

[16:14:06.787 EBOX]
TS=1786201472.586
V_SENSE5=1.3134765625
V_SENSE9=0.03173828125
V_SENSE12=0.10009765625
ADC_V5=4.991455078125
ADC_V9=9.1510009765625
ADC_V12=11.69097900390625
ADC_V28=27.53265380859375
THERMAL_SENS_OUT_1=22
THERMAL_SENS_OUT_2=-50
THERMAL_SENS_OUT_3=25
THERMAL_SENS_OUT_4=25
THERMAL_SENS_OUT_5=25
THERMAL_SENS_OUT_6=-50
THERMAL_SENS_INT_1=28
THERMAL_SENS_INT_2=25
PG_5=0
PG_9=0
PG_12=0
FLT_P2=0
FLT_P3=0
HEAT_1_TEMP=22
HEAT_1_DUTY=0
HEAT_1_SP=-20.0
HEAT_2_TEMP=25
HEAT_2_DUTY=0
HEAT_2_SP=-20.0
HEAT_3_TEMP=25
HEAT_3_DUTY=0
HEAT_3_SP=-20.0
HEAT_4_TEMP=25
HEAT_4_DUTY=0
HEAT_4_SP=-20.0
MOTOR_ANGLE=-0.0003779069767441861
MOTOR_ACCUM=-0.0003779069767441861
MOTOR_ROT=0
TS=1786201473.087
V_SENSE5=1.201171875
V_SENSE9=0.03173828125
V_SENSE12=0.1025390625
ADC_V5=5.00030517578125
ADC_V9=9.01824951171875
ADC_V12=11.85028076171875
ADC_V28=27.30255126953125
THERMAL_SENS_OUT_1=24
THERMAL_SENS_OUT_2=-50
THERMAL_SENS_OUT_3=27
THERMAL_SENS_OUT_4=24
THERMAL_SENS_OUT_5=27
THERMAL_SENS_OUT_6=-50
THERMAL_SENS_INT_1=27
THERMAL_SENS_INT_2=26
PG_5=0
PG_9=0
PG_12=0
FLT_P2=0
FLT_P3=0
HEAT_1_TEMP=24
HEAT_1_DUTY=0
HEAT_1_SP=-20.0
HEAT_2_TEMP=27
HEAT_2_DUTY=0
HEAT_2_SP=-20.0
HEAT_3_TEMP=24
HEAT_3_DUTY=0
HEAT_3_SP=-20.0
HEAT_4_TEMP=27
HEAT_4_DUTY=0
HEAT_4_SP=-20.0
MOTOR_ANGLE=-0.0003779069767441861
MOTOR_ACCUM=-0.0003779069767441861
MOTOR_ROT=0

[16:14:09.057 EBOX]
TS=1786201473.588
V_SENSE5=1.2060546875
V_SENSE9=0.0341796875
V_SENSE12=0.09521484375
ADC_V5=4.98260498046875
ADC_V9=9.3280029296875
ADC_V12=11.859130859375
ADC_V28=27.32025146484375
THERMAL_SENS_OUT_1=22
THERMAL_SENS_OUT_2=-50
THERMAL_SENS_OUT_3=27
THERMAL_SENS_OUT_4=26
THERMAL_SENS_OUT_5=25
THERMAL_SENS_OUT_6=-50
THERMAL_SENS_INT_1=25
THERMAL_SENS_INT_2=28
PG_5=0
PG_9=0
PG_12=0
FLT_P2=0
FLT_P3=0
HEAT_1_TEMP=22
HEAT_1_DUTY=0
HEAT_1_SP=-20.0
HEAT_2_TEMP=27
HEAT_2_DUTY=0
HEAT_2_SP=-20.0
HEAT_3_TEMP=26
HEAT_3_DUTY=0
HEAT_3_SP=-20.0
HEAT_4_TEMP=25
HEAT_4_DUTY=0
HEAT_4_SP=-20.0
MOTOR_ANGLE=-0.0003779069767441861
MOTOR_ACCUM=-0.0003779069767441861
MOTOR_ROT=0
TS=1786201474.090
V_SENSE5=1.27685546875
V_SENSE9=0.0390625
V_SENSE12=0.14404296875
ADC_V5=4.96490478515625
ADC_V9=9.46075439453125
ADC_V12=11.92108154296875
ADC_V28=27.58575439453125
THERMAL_SENS_OUT_1=23
THERMAL_SENS_OUT_2=-50
THERMAL_SENS_OUT_3=26
THERMAL_SENS_OUT_4=24
THERMAL_SENS_OUT_5=30
THERMAL_SENS_OUT_6=-50
THERMAL_SENS_INT_1=26
THERMAL_SENS_INT_2=24
PG_5=0
PG_9=0
PG_12=0
FLT_P2=0
FLT_P3=0
HEAT_1_TEMP=23
HEAT_1_DUTY=0
HEAT_1_SP=-20.0
HEAT_2_TEMP=26
HEAT_2_DUTY=0
HEAT_2_SP=-20.0
HEAT_3_TEMP=24
HEAT_3_DUTY=0
HEAT_3_SP=-20.0
HEAT_4_TEMP=30
HEAT_4_DUTY=0
HEAT_4_SP=-20.0
MOTOR_ANGLE=-0.0003779069767441861
MOTOR_ACCUM=-0.0003779069767441861
MOTOR_ROT=0

[16:14:09.498 EBOX]
TS=1786201474.596
V_SENSE5=1.15234375
V_SENSE9=0.0341796875
V_SENSE12=0.1123046875
ADC_V5=5.0091552734375
ADC_V9=9.05364990234375
ADC_V12=11.93878173828125
ADC_V28=27.95745849609375
THERMAL_SENS_OUT_1=25
THERMAL_SENS_OUT_2=-50
THERMAL_SENS_OUT_3=26
THERMAL_SENS_OUT_4=24
THERMAL_SENS_OUT_5=26
THERMAL_SENS_OUT_6=-50
THERMAL_SENS_INT_1=23
THERMAL_SENS_INT_2=28
PG_5=0
PG_9=0
PG_12=0
FLT_P2=0
FLT_P3=0
HEAT_1_TEMP=25
HEAT_1_DUTY=0
HEAT_1_SP=-20.0
HEAT_2_TEMP=26
HEAT_2_DUTY=0
HEAT_2_SP=-20.0
HEAT_3_TEMP=24
HEAT_3_DUTY=0
HEAT_3_SP=-20.0
HEAT_4_TEMP=26
HEAT_4_DUTY=0
HEAT_4_SP=-20.0
MOTOR_ANGLE=-0.0003779069767441861
MOTOR_ACCUM=-0.0003779069767441861
MOTOR_ROT=0
TS=1786201475.095
V_SENSE5=1.24755859375
V_SENSE9=0.0341796875
V_SENSE12=0.09765625
ADC_V5=5.0091552734375
ADC_V9=9.345703125
ADC_V12=11.77947998046875
ADC_V28=27.90435791015625
THERMAL_SENS_OUT_1=24
THERMAL_SENS_OUT_2=-50
THERMAL_SENS_OUT_3=27
THERMAL_SENS_OUT_4=24
THERMAL_SENS_OUT_5=25
THERMAL_SENS_OUT_6=-50
THERMAL_SENS_INT_1=24
THERMAL_SENS_INT_2=26
PG_5=0
PG_9=0
PG_12=0
FLT_P2=0
FLT_P3=0
HEAT_1_TEMP=24
HEAT_1_DUTY=0
HEAT_1_SP=-20.0
HEAT_2_TEMP=27
HEAT_2_DUTY=0
HEAT_2_SP=-20.0
HEAT_3_TEMP=24
HEAT_3_DUTY=0
HEAT_3_SP=-20.0
HEAT_4_TEMP=25
HEAT_4_DUTY=0
HEAT_4_SP=-20.0
MOTOR_ANGLE=-0.0003779069767441861
MOTOR_ACCUM=-0.0003779069767441861
MOTOR_ROT=0
TS=1786201475.595
V_SENSE5=1.24267578125
V_SENSE9=0.07568359375
V_SENSE12=0.09033203125
ADC_V5=4.9737548828125

[16:14:10.653 EBOX]
ADC_V9=9.24835205078125
ADC_V12=11.9122314453125
ADC_V28=27.4884033203125
THERMAL_SENS_OUT_1=25
THERMAL_SENS_OUT_2=-50
THERMAL_SENS_OUT_3=26
THERMAL_SENS_OUT_4=25
THERMAL_SENS_OUT_5=27
THERMAL_SENS_OUT_6=-50
THERMAL_SENS_INT_1=26
THERMAL_SENS_INT_2=24
PG_5=0
PG_9=0
PG_12=0
FLT_P2=0
FLT_P3=0
HEAT_1_TEMP=25
HEAT_1_DUTY=0
HEAT_1_SP=-20.0
HEAT_2_TEMP=26
HEAT_2_DUTY=0
HEAT_2_SP=-20.0
HEAT_3_TEMP=25
HEAT_3_DUTY=0
HEAT_3_SP=-20.0
HEAT_4_TEMP=27
HEAT_4_DUTY=0
HEAT_4_SP=-20.0
MOTOR_ANGLE=-0.0003779069767441861
MOTOR_ACCUM=-0.0003779069767441861
MOTOR_ROT=0
TS=1786201476.096
V_SENSE5=1.201171875
V_SENSE9=0.0390625
V_SENSE12=0.1220703125
ADC_V5=4.8675537109375
ADC_V9=9.14215087890625
ADC_V12=11.717529296875
ADC_V28=27.7362060546875
THERMAL_SENS_OUT_1=25
THERMAL_SENS_OUT_2=-50
THERMAL_SENS_OUT_3=26
THERMAL_SENS_OUT_4=26
THERMAL_SENS_OUT_5=27
THERMAL_SENS_OUT_6=-50
THERMAL_SENS_INT_1=24
THERMAL_SENS_INT_2=27
PG_5=0
PG_9=0
PG_12=0
FLT_P2=0
FLT_P3=0
HEAT_1_TEMP=25
HEAT_1_DUTY=0
HEAT_1_SP=-20.0
HEAT_2_TEMP=26
HEAT_2_DUTY=0
HEAT_2_SP=-20.0
HEAT_3_TEMP=26
HEAT_3_DUTY=0
HEAT_3_SP=-20.0
HEAT_4_TEMP=27
HEAT_4_DUTY=0
HEAT_4_SP=-20.0
MOTOR_ANGLE=-0.0003779069767441861
MOTOR_ACCUM=-0.0003779069767441861
MOTOR_ROT=0
TS=1786201476.597
V_SENSE5=1.1865234375
V_SENSE9=0.0341796875
V_SENSE12=0.1171875
ADC_V5=4.9737548828125
ADC_V9=8.779296875
ADC_V12=11.77947998046875
ADC_V28=27.90435791015625
THERMAL_SENS_OUT_1=25
THERMAL_SENS_OUT_2=-50
THERMAL_SENS_OUT_3=25
THERMAL_SENS_OUT_4=25
THERMAL_SENS_OUT_5=27
THERMAL_SENS_OUT_6=-50
THERMAL_SENS_INT_1=24
THERMAL_SENS_INT_2=28
PG_5=0
PG_9=0
PG_12=0
FLT_P2=0
FLT_P3=0
HEAT_1_TEMP=25
HEAT_1_DUTY=0
HEAT_1_SP=-20.0
HEAT_2_TEMP=25
HEAT_2_DUTY=0
HEAT_2_SP=-20.0
HEAT_3_TEMP=25
HEAT_3_DUTY=0
HEAT_3_SP=-20.0
HEAT_4_TEMP=27
HEAT_4_DUTY=0
HEAT_4_SP=-20.0
MOTOR_ANGLE=-0.0003779069767441861
MOTOR_ACCUM=-0.0003779069767441861
MOTOR_ROT=0

[16:14:10.999 EBOX]
TS=1786201477.106
V_SENSE5=1.1474609375
V_SENSE9=0.07568359375
V_SENSE12=0.1123046875
ADC_V5=4.96490478515625
ADC_V9=9.17755126953125
ADC_V12=11.8060302734375
ADC_V28=27.1875
THERMAL_SENS_OUT_1=23
THERMAL_SENS_OUT_2=-50
THERMAL_SENS_OUT_3=26
THERMAL_SENS_OUT_4=26
THERMAL_SENS_OUT_5=26
THERMAL_SENS_OUT_6=-50
THERMAL_SENS_INT_1=27
THERMAL_SENS_INT_2=24
PG_5=0
PG_9=0
PG_12=0
FLT_P2=0
FLT_P3=0
HEAT_1_TEMP=23
HEAT_1_DUTY=0
HEAT_1_SP=-20.0
HEAT_2_TEMP=26
HEAT_2_DUTY=0
HEAT_2_SP=-20.0
HEAT_3_TEMP=26
HEAT_3_DUTY=0
HEAT_3_SP=-20.0
HEAT_4_TEMP=26
HEAT_4_DUTY=0
HEAT_4_SP=-20.0
MOTOR_ANGLE=-0.0003779069767441861
MOTOR_ACCUM=-0.0003779069767441861
MOTOR_ROT=0

[16:14:11.219 EBOX]
TS=1786201477.600
V_SENSE5=1.20361328125
V_SENSE9=0.0390625
V_SENSE12=0.10498046875
ADC_V5=4.92950439453125
ADC_V9=9.1864013671875
ADC_V12=11.77947998046875
ADC_V28=27.74505615234375
THERMAL_SENS_OUT_1=23
THERMAL_SENS_OUT_2=-50
THERMAL_SENS_OUT_3=26
THERMAL_SENS_OUT_4=26
THERMAL_SENS_OUT_5=27
THERMAL_SENS_OUT_6=-50
THERMAL_SENS_INT_1=27
THERMAL_SENS_INT_2=25
PG_5=0
PG_9=0
PG_12=0
FLT_P2=0
FLT_P3=0
HEAT_1_TEMP=23
HEAT_1_DUTY=0
HEAT_1_SP=-20.0
HEAT_2_TEMP=26
HEAT_2_DUTY=0
HEAT_2_SP=-20.0
HEAT_3_TEMP=26
HEAT_3_DUTY=0
HEAT_3_SP=-20.0
HEAT_4_TEMP=27
HEAT_4_DUTY=0
HEAT_4_SP=-20.0
MOTOR_ANGLE=-0.0003779069767441861
MOTOR_ACCUM=-0.0003779069767441861
MOTOR_ROT=0

[16:14:14.299 EBOX]
TS=1786201478.101
V_SENSE5=1.279296875
V_SENSE9=0.03173828125
V_SENSE12=0.1171875
ADC_V5=4.98260498046875
ADC_V9=8.87664794921875
ADC_V12=11.88568115234375
ADC_V28=27.3468017578125
THERMAL_SENS_OUT_1=24
THERMAL_SENS_OUT_2=-50
THERMAL_SENS_OUT_3=28
THERMAL_SENS_OUT_4=23
THERMAL_SENS_OUT_5=27
THERMAL_SENS_OUT_6=-50
THERMAL_SENS_INT_1=23
THERMAL_SENS_INT_2=27
PG_5=0
PG_9=0
PG_12=0
FLT_P2=0
FLT_P3=0
HEAT_1_TEMP=24
HEAT_1_DUTY=0
HEAT_1_SP=-20.0
HEAT_2_TEMP=28
HEAT_2_DUTY=0
HEAT_2_SP=-20.0
HEAT_3_TEMP=23
HEAT_3_DUTY=0
HEAT_3_SP=-20.0
HEAT_4_TEMP=27
HEAT_4_DUTY=0
HEAT_4_SP=-20.0
MOTOR_ANGLE=-0.0003779069767441861
MOTOR_ACCUM=-0.0003779069767441861
MOTOR_ROT=0
TS=1786201478.603
V_SENSE5=1.19873046875
V_SENSE9=0.04150390625
V_SENSE12=0.11962890625
ADC_V5=5.0091552734375
ADC_V9=9.42535400390625
ADC_V12=11.81488037109375
ADC_V28=27.55035400390625
THERMAL_SENS_OUT_1=24
THERMAL_SENS_OUT_2=-50
THERMAL_SENS_OUT_3=26
THERMAL_SENS_OUT_4=26
THERMAL_SENS_OUT_5=28
THERMAL_SENS_OUT_6=-50
THERMAL_SENS_INT_1=24
THERMAL_SENS_INT_2=27
PG_5=0
PG_9=0
PG_12=0
FLT_P2=0
FLT_P3=0
HEAT_1_TEMP=24
HEAT_1_DUTY=0
HEAT_1_SP=-20.0
HEAT_2_TEMP=26
HEAT_2_DUTY=0
HEAT_2_SP=-20.0
HEAT_3_TEMP=26
HEAT_3_DUTY=0
HEAT_3_SP=-20.0
HEAT_4_TEMP=28
HEAT_4_DUTY=0
HEAT_4_SP=-20.0
MOTOR_ANGLE=-0.0003779069767441861
MOTOR_ACCUM=-0.0003779069767441861
MOTOR_ROT=0

[16:14:14.452 EBOX]
TS=1786201479.104
V_SENSE5=1.18896484375
V_SENSE9=0.0341796875
V_SENSE12=0.107421875
ADC_V5=5.00030517578125
ADC_V9=9.2218017578125
ADC_V12=11.74407958984375
ADC_V28=27.8955078125
THERMAL_SENS_OUT_1=26
THERMAL_SENS_OUT_2=-50
THERMAL_SENS_OUT_3=28
THERMAL_SENS_OUT_4=23
THERMAL_SENS_OUT_5=26
THERMAL_SENS_OUT_6=-50
THERMAL_SENS_INT_1=23
THERMAL_SENS_INT_2=27
PG_5=0
PG_9=0
PG_12=0
FLT_P2=0
FLT_P3=0
HEAT_1_TEMP=26
HEAT_1_DUTY=0
HEAT_1_SP=-20.0
HEAT_2_TEMP=28
HEAT_2_DUTY=0
HEAT_2_SP=-20.0
HEAT_3_TEMP=23
HEAT_3_DUTY=0
HEAT_3_SP=-20.0
HEAT_4_TEMP=26
HEAT_4_DUTY=0
HEAT_4_SP=-20.0
MOTOR_ANGLE=-0.0003779069767441861
MOTOR_ACCUM=-0.0003779069767441861
MOTOR_ROT=0
TS=1786201479.606
V_SENSE5=1.240234375
V_SENSE9=0.05126953125
V_SENSE12=0.1123046875
ADC_V5=4.96490478515625
ADC_V9=8.91204833984375
ADC_V12=11.859130859375
ADC_V28=27.2052001953125
THERMAL_SENS_OUT_1=23
THERMAL_SENS_OUT_2=-50
THERMAL_SENS_OUT_3=27
THERMAL_SENS_OUT_4=25
THERMAL_SENS_OUT_5=29
THERMAL_SENS_OUT_6=-50
THERMAL_SENS_INT_1=26
THERMAL_SENS_INT_2=25
PG_5=0
PG_9=0
PG_12=0
FLT_P2=0
FLT_P3=0
HEAT_1_TEMP=23
HEAT_1_DUTY=0
HEAT_1_SP=-20.0
HEAT_2_TEMP=27
HEAT_2_DUTY=0
HEAT_2_SP=-20.0
HEAT_3_TEMP=25
HEAT_3_DUTY=0
HEAT_3_SP=-20.0
HEAT_4_TEMP=29
HEAT_4_DUTY=0
HEAT_4_SP=-20.0
MOTOR_ANGLE=-0.0003779069767441861
MOTOR_ACCUM=-0.0003779069767441861
MOTOR_ROT=0
TS=1786201480.106
V_SENSE5=1.1962890625
V_SENSE9=0.0390625
V_SENSE12=0.15380859375
ADC_V5=4.991455078125

[16:14:15.632 EBOX]
ADC_V9=9.3634033203125
ADC_V12=11.89453125
ADC_V28=27.30255126953125
THERMAL_SENS_OUT_1=26
THERMAL_SENS_OUT_2=-50
THERMAL_SENS_OUT_3=25
THERMAL_SENS_OUT_4=26
THERMAL_SENS_OUT_5=26
THERMAL_SENS_OUT_6=-50
THERMAL_SENS_INT_1=25
THERMAL_SENS_INT_2=25
PG_5=0
PG_9=0
PG_12=0
FLT_P2=0
FLT_P3=0
HEAT_1_TEMP=26
HEAT_1_DUTY=0
HEAT_1_SP=-20.0
HEAT_2_TEMP=25
HEAT_2_DUTY=0
HEAT_2_SP=-20.0
HEAT_3_TEMP=26
HEAT_3_DUTY=0
HEAT_3_SP=-20.0
HEAT_4_TEMP=26
HEAT_4_DUTY=0
HEAT_4_SP=-20.0
MOTOR_ANGLE=-0.0003779069767441861
MOTOR_ACCUM=-0.0003779069767441861
MOTOR_ROT=0
TS=1786201480.607
V_SENSE5=1.171875
V_SENSE9=0.04150390625
V_SENSE12=0.10986328125
ADC_V5=4.9029541015625
ADC_V9=9.19525146484375
ADC_V12=11.90338134765625
ADC_V28=27.4884033203125
THERMAL_SENS_OUT_1=25
THERMAL_SENS_OUT_2=-50
THERMAL_SENS_OUT_3=26
THERMAL_SENS_OUT_4=24
THERMAL_SENS_OUT_5=28
THERMAL_SENS_OUT_6=-50
THERMAL_SENS_INT_1=24
THERMAL_SENS_INT_2=28
PG_5=0
PG_9=0
PG_12=0
FLT_P2=0
FLT_P3=0
HEAT_1_TEMP=25
HEAT_1_DUTY=0
HEAT_1_SP=-20.0
HEAT_2_TEMP=26
HEAT_2_DUTY=0
HEAT_2_SP=-20.0
HEAT_3_TEMP=24
HEAT_3_DUTY=0
HEAT_3_SP=-20.0
HEAT_4_TEMP=28
HEAT_4_DUTY=0
HEAT_4_SP=-20.0
MOTOR_ANGLE=-0.0003779069767441861
MOTOR_ACCUM=-0.0003779069767441861
MOTOR_ROT=0
TS=1786201481.109
V_SENSE5=1.39404296875
V_SENSE9=0.0390625
V_SENSE12=0.0927734375
ADC_V5=4.9737548828125
ADC_V9=9.03594970703125
ADC_V12=11.92108154296875
ADC_V28=27.6654052734375
THERMAL_SENS_OUT_1=26
THERMAL_SENS_OUT_2=-50
THERMAL_SENS_OUT_3=27
THERMAL_SENS_OUT_4=23
THERMAL_SENS_OUT_5=27
THERMAL_SENS_OUT_6=-50
THERMAL_SENS_INT_1=24
THERMAL_SENS_INT_2=27
PG_5=0
PG_9=0
PG_12=0
FLT_P2=0
FLT_P3=0
HEAT_1_TEMP=26
HEAT_1_DUTY=0
HEAT_1_SP=-20.0
HEAT_2_TEMP=27
HEAT_2_DUTY=0
HEAT_2_SP=-20.0
HEAT_3_TEMP=23
HEAT_3_DUTY=0
HEAT_3_SP=-20.0
HEAT_4_TEMP=27
HEAT_4_DUTY=0
HEAT_4_SP=-20.0
MOTOR_ANGLE=-0.0003779069767441861
MOTOR_ACCUM=-0.0003779069767441861
MOTOR_ROT=0
TS=1786201481.618
V_SENSE5=1.14990234375
V_SENSE9=0.07568359375
V_SENSE12=0.1123046875
ADC_V5=4.920654296875
ADC_V9=9.60235595703125
ADC_V12=11.8060302734375
ADC_V28=27.86895751953125
THERMAL_SENS_OUT_1=23
THERMAL_SENS_OUT_2=-50
THERMAL_SENS_OUT_3=26
THERMAL_SENS_OUT_4=27
THERMAL_SENS_OUT_5=25
THERMAL_SENS_OUT_6=-50
THERMAL_SENS_INT_1=24
THERMAL_SENS_INT_2=26
PG_5=0
PG_9=0
PG_12=0
FLT_P2=0
FLT_P3=0
HEAT_1_TEMP=23
HEAT_1_DUTY=0
HEAT_1_SP=-20.0
HEAT_2_TEMP=26
HEAT_2_DUTY=0
HEAT_2_SP=-20.0
HEAT_3_TEMP=27
HEAT_3_DUTY=0
HEAT_3_SP=-20.0
HEAT_4_TEMP=25
HEAT_4_DUTY=0
HEAT_4_SP=-20.0
MOTOR_ANGLE=-0.0003779069767441861
MOTOR_ACCUM=-0.0003779069767441861
MOTOR_ROT=0

[16:14:16.399 EBOX]
TS=1786201482.114
V_SENSE5=1.24755859375
V_SENSE9=0.0390625
V_SENSE12=0.1171875
ADC_V5=4.9560546875
ADC_V9=9.42535400390625
ADC_V12=11.9122314453125
ADC_V28=27.81585693359375
THERMAL_SENS_OUT_1=22
THERMAL_SENS_OUT_2=-50
THERMAL_SENS_OUT_3=27
THERMAL_SENS_OUT_4=26
THERMAL_SENS_OUT_5=29
THERMAL_SENS_OUT_6=-50
THERMAL_SENS_INT_1=27
THERMAL_SENS_INT_2=26
PG_5=0
PG_9=0
PG_12=0
FLT_P2=0
FLT_P3=0
HEAT_1_TEMP=22
HEAT_1_DUTY=0
HEAT_1_SP=-20.0
HEAT_2_TEMP=27
HEAT_2_DUTY=0
HEAT_2_SP=-20.0
HEAT_3_TEMP=26
HEAT_3_DUTY=0
HEAT_3_SP=-20.0
HEAT_4_TEMP=29
HEAT_4_DUTY=0
HEAT_4_SP=-20.0
MOTOR_ANGLE=-0.0003779069767441861
MOTOR_ACCUM=-0.0003779069767441861
MOTOR_ROT=0
TS=1786201482.613
V_SENSE5=1.3720703125
V_SENSE9=0.0341796875
V_SENSE12=0.1123046875
ADC_V5=4.9383544921875
ADC_V9=9.2218017578125
ADC_V12=11.65557861328125
ADC_V28=27.78045654296875
THERMAL_SENS_OUT_1=25
THERMAL_SENS_OUT_2=-50
THERMAL_SENS_OUT_3=25
THERMAL_SENS_OUT_4=25
THERMAL_SENS_OUT_5=27
THERMAL_SENS_OUT_6=-50
THERMAL_SENS_INT_1=25
THERMAL_SENS_INT_2=26
PG_5=0
PG_9=0
PG_12=0
FLT_P2=0
FLT_P3=0
HEAT_1_TEMP=25
HEAT_1_DUTY=0
HEAT_1_SP=-20.0
HEAT_2_TEMP=25
HEAT_2_DUTY=0
HEAT_2_SP=-20.0
HEAT_3_TEMP=25
HEAT_3_DUTY=0
HEAT_3_SP=-20.0
HEAT_4_TEMP=27
HEAT_4_DUTY=0
HEAT_4_SP=-20.0
MOTOR_ANGLE=-0.0003779069767441861
MOTOR_ACCUM=-0.0003779069767441861
MOTOR_ROT=0

[16:14:17.849 EBOX]
TS=1786201483.115
V_SENSE5=1.22802734375
V_SENSE9=0.0390625
V_SENSE12=0.1025390625
ADC_V5=4.87640380859375
ADC_V9=8.91204833984375
ADC_V12=11.859130859375
ADC_V28=27.7716064453125
THERMAL_SENS_OUT_1=23
THERMAL_SENS_OUT_2=-50
THERMAL_SENS_OUT_3=25
THERMAL_SENS_OUT_4=26
THERMAL_SENS_OUT_5=28
THERMAL_SENS_OUT_6=-50
THERMAL_SENS_INT_1=27
THERMAL_SENS_INT_2=24
PG_5=0
PG_9=0
PG_12=0
FLT_P2=0
FLT_P3=0
HEAT_1_TEMP=23
HEAT_1_DUTY=0
HEAT_1_SP=-20.0
HEAT_2_TEMP=25
HEAT_2_DUTY=0
HEAT_2_SP=-20.0
HEAT_3_TEMP=26
HEAT_3_DUTY=0
HEAT_3_SP=-20.0
HEAT_4_TEMP=28
HEAT_4_DUTY=0
HEAT_4_SP=-20.0
MOTOR_ANGLE=-0.0003779069767441861
MOTOR_ACCUM=-0.0003779069767441861
MOTOR_ROT=0
TS=1786201483.618
V_SENSE5=1.23291015625
V_SENSE9=0.0341796875
V_SENSE12=0.10498046875
ADC_V5=5.03570556640625
ADC_V9=9.41650390625
ADC_V12=11.92108154296875
ADC_V28=27.33795166015625
THERMAL_SENS_OUT_1=22
THERMAL_SENS_OUT_2=-50
THERMAL_SENS_OUT_3=25
THERMAL_SENS_OUT_4=24
THERMAL_SENS_OUT_5=27
THERMAL_SENS_OUT_6=-50
THERMAL_SENS_INT_1=25
THERMAL_SENS_INT_2=27
PG_5=0
PG_9=0
PG_12=0
FLT_P2=0
FLT_P3=0
HEAT_1_TEMP=22
HEAT_1_DUTY=0
HEAT_1_SP=-20.0
HEAT_2_TEMP=25
HEAT_2_DUTY=0
HEAT_2_SP=-20.0
HEAT_3_TEMP=24
HEAT_3_DUTY=0
HEAT_3_SP=-20.0
HEAT_4_TEMP=27
HEAT_4_DUTY=0
HEAT_4_SP=-20.0
MOTOR_ANGLE=-0.0003779069767441861
MOTOR_ACCUM=-0.0003779069767441861
MOTOR_ROT=0

[16:14:18.195 EBOX]
TS=1786201484.122
V_SENSE5=1.2890625
V_SENSE9=0.0341796875
V_SENSE12=0.107421875
ADC_V5=4.9383544921875
ADC_V9=9.24835205078125
ADC_V12=11.81488037109375
ADC_V28=27.82470703125
THERMAL_SENS_OUT_1=25
THERMAL_SENS_OUT_2=-50
THERMAL_SENS_OUT_3=26
THERMAL_SENS_OUT_4=26
THERMAL_SENS_OUT_5=26
THERMAL_SENS_OUT_6=-50
THERMAL_SENS_INT_1=27
THERMAL_SENS_INT_2=26
PG_5=0
PG_9=0
PG_12=0
FLT_P2=0
FLT_P3=0
HEAT_1_TEMP=25
HEAT_1_DUTY=0
HEAT_1_SP=-20.0
HEAT_2_TEMP=26
HEAT_2_DUTY=0
HEAT_2_SP=-20.0
HEAT_3_TEMP=26
HEAT_3_DUTY=0
HEAT_3_SP=-20.0
HEAT_4_TEMP=26
HEAT_4_DUTY=0
HEAT_4_SP=-20.0
MOTOR_ANGLE=-0.0003779069767441861
MOTOR_ACCUM=-0.0003779069767441861
MOTOR_ROT=0
TS=1786201484.619
V_SENSE5=1.23291015625
V_SENSE9=0.0390625
V_SENSE12=0.10498046875
ADC_V5=5.0091552734375
ADC_V9=9.00054931640625
ADC_V12=11.85028076171875
ADC_V28=27.6654052734375
THERMAL_SENS_OUT_1=26
THERMAL_SENS_OUT_2=-50
THERMAL_SENS_OUT_3=25
THERMAL_SENS_OUT_4=27
THERMAL_SENS_OUT_5=26
THERMAL_SENS_OUT_6=-50
THERMAL_SENS_INT_1=23
THERMAL_SENS_INT_2=25
PG_5=0
PG_9=0
PG_12=0
FLT_P2=0
FLT_P3=0
HEAT_1_TEMP=26
HEAT_1_DUTY=0
HEAT_1_SP=-20.0
HEAT_2_TEMP=25
HEAT_2_DUTY=0
HEAT_2_SP=-20.0
HEAT_3_TEMP=27
HEAT_3_DUTY=0
HEAT_3_SP=-20.0
HEAT_4_TEMP=26
HEAT_4_DUTY=0
HEAT_4_SP=-20.0
MOTOR_ANGLE=-0.0003779069767441861
MOTOR_ACCUM=-0.0003779069767441861
MOTOR_ROT=0

[16:14:19.656 EBOX]
TS=1786201485.120
V_SENSE5=1.171875
V_SENSE9=0.04150390625
V_SENSE12=0.11474609375
ADC_V5=4.98260498046875
ADC_V9=9.46075439453125
ADC_V12=11.93878173828125
ADC_V28=27.74505615234375
THERMAL_SENS_OUT_1=27
THERMAL_SENS_OUT_2=-50
THERMAL_SENS_OUT_3=26
THERMAL_SENS_OUT_4=27
THERMAL_SENS_OUT_5=25
THERMAL_SENS_OUT_6=-50
THERMAL_SENS_INT_1=23
THERMAL_SENS_INT_2=27
PG_5=0
PG_9=0
PG_12=0
FLT_P2=0
FLT_P3=0
HEAT_1_TEMP=27
HEAT_1_DUTY=0
HEAT_1_SP=-20.0
HEAT_2_TEMP=26
HEAT_2_DUTY=0
HEAT_2_SP=-20.0
HEAT_3_TEMP=27
HEAT_3_DUTY=0
HEAT_3_SP=-20.0
HEAT_4_TEMP=25
HEAT_4_DUTY=0
HEAT_4_SP=-20.0
MOTOR_ANGLE=-0.0003779069767441861
MOTOR_ACCUM=-0.0003779069767441861
MOTOR_ROT=0
TS=1786201485.621
V_SENSE5=1.26708984375
V_SENSE9=0.0390625
V_SENSE12=0.12939453125
ADC_V5=4.9560546875
ADC_V9=9.17755126953125
ADC_V12=11.9122314453125
ADC_V28=27.46185302734375
THERMAL_SENS_OUT_1=24
THERMAL_SENS_OUT_2=-50
THERMAL_SENS_OUT_3=28
THERMAL_SENS_OUT_4=24
THERMAL_SENS_OUT_5=28
THERMAL_SENS_OUT_6=-50
THERMAL_SENS_INT_1=27
THERMAL_SENS_INT_2=24
PG_5=0
PG_9=0
PG_12=0
FLT_P2=0
FLT_P3=0
HEAT_1_TEMP=24
HEAT_1_DUTY=0
HEAT_1_SP=-20.0
HEAT_2_TEMP=28
HEAT_2_DUTY=0
HEAT_2_SP=-20.0
HEAT_3_TEMP=24
HEAT_3_DUTY=0
HEAT_3_SP=-20.0
HEAT_4_TEMP=28
HEAT_4_DUTY=0
HEAT_4_SP=-20.0
MOTOR_ANGLE=-0.0003779069767441861
MOTOR_ACCUM=-0.0003779069767441861
MOTOR_ROT=0

[16:14:20.397 EBOX]
TS=1786201486.123
V_SENSE5=1.1669921875
V_SENSE9=0.0390625
V_SENSE12=0.11962890625
ADC_V5=4.991455078125
ADC_V9=9.15985107421875
ADC_V12=11.717529296875
ADC_V28=27.5946044921875
THERMAL_SENS_OUT_1=26
THERMAL_SENS_OUT_2=-50
THERMAL_SENS_OUT_3=28
THERMAL_SENS_OUT_4=25
THERMAL_SENS_OUT_5=28
THERMAL_SENS_OUT_6=-50
THERMAL_SENS_INT_1=26
THERMAL_SENS_INT_2=28
PG_5=0
PG_9=0
PG_12=0
FLT_P2=0
FLT_P3=0
HEAT_1_TEMP=26
HEAT_1_DUTY=0
HEAT_1_SP=-20.0
HEAT_2_TEMP=28
HEAT_2_DUTY=0
HEAT_2_SP=-20.0
HEAT_3_TEMP=25
HEAT_3_DUTY=0
HEAT_3_SP=-20.0
HEAT_4_TEMP=28
HEAT_4_DUTY=0
HEAT_4_SP=-20.0
MOTOR_ANGLE=-0.0003779069767441861
MOTOR_ACCUM=-0.0003779069767441861
MOTOR_ROT=0

[16:14:20.830 EBOX]
TS=1786201486.625
V_SENSE5=1.2060546875
V_SENSE9=0.0390625
V_SENSE12=0.1171875
ADC_V5=4.92950439453125
ADC_V9=9.33685302734375
ADC_V12=11.929931640625
ADC_V28=27.5238037109375
THERMAL_SENS_OUT_1=23
THERMAL_SENS_OUT_2=-50
THERMAL_SENS_OUT_3=27
THERMAL_SENS_OUT_4=25
THERMAL_SENS_OUT_5=29
THERMAL_SENS_OUT_6=-50
THERMAL_SENS_INT_1=27
THERMAL_SENS_INT_2=25
PG_5=0
PG_9=0
PG_12=0
FLT_P2=0
FLT_P3=0
HEAT_1_TEMP=23
HEAT_1_DUTY=0
HEAT_1_SP=-20.0
HEAT_2_TEMP=27
HEAT_2_DUTY=0
HEAT_2_SP=-20.0
HEAT_3_TEMP=25
HEAT_3_DUTY=0
HEAT_3_SP=-20.0
HEAT_4_TEMP=29
HEAT_4_DUTY=0
HEAT_4_SP=-20.0
MOTOR_ANGLE=-0.0003779069767441861
MOTOR_ACCUM=-0.0003779069767441861
MOTOR_ROT=0

[16:14:21.158 EBOX]
TS=1786201487.127
V_SENSE5=1.43310546875
V_SENSE9=0.0390625
V_SENSE12=0.09521484375
ADC_V5=4.91180419921875
ADC_V9=9.37225341796875
ADC_V12=11.929931640625
ADC_V28=27.63885498046875
THERMAL_SENS_OUT_1=25
THERMAL_SENS_OUT_2=-50
THERMAL_SENS_OUT_3=26
THERMAL_SENS_OUT_4=24
THERMAL_SENS_OUT_5=29
THERMAL_SENS_OUT_6=-50
THERMAL_SENS_INT_1=23
THERMAL_SENS_INT_2=28
PG_5=0
PG_9=0
PG_12=0
FLT_P2=0
FLT_P3=0
HEAT_1_TEMP=25
HEAT_1_DUTY=0
HEAT_1_SP=-20.0
HEAT_2_TEMP=26
HEAT_2_DUTY=0
HEAT_2_SP=-20.0
HEAT_3_TEMP=24
HEAT_3_DUTY=0
HEAT_3_SP=-20.0
HEAT_4_TEMP=29
HEAT_4_DUTY=0
HEAT_4_SP=-20.0
MOTOR_ANGLE=-0.0003779069767441861
MOTOR_ACCUM=-0.0003779069767441861
MOTOR_ROT=0

[16:14:21.588 EBOX]
TS=1786201487.627
V_SENSE5=1.2255859375
V_SENSE9=0.0341796875
V_SENSE12=0.09521484375
ADC_V5=4.9737548828125
ADC_V9=9.19525146484375
ADC_V12=11.68212890625
ADC_V28=27.9132080078125
THERMAL_SENS_OUT_1=25
THERMAL_SENS_OUT_2=-50
THERMAL_SENS_OUT_3=26
THERMAL_SENS_OUT_4=24
THERMAL_SENS_OUT_5=28
THERMAL_SENS_OUT_6=-50
THERMAL_SENS_INT_1=26
THERMAL_SENS_INT_2=24
PG_5=0
PG_9=0
PG_12=0
FLT_P2=0
FLT_P3=0
HEAT_1_TEMP=25
HEAT_1_DUTY=0
HEAT_1_SP=-20.0
HEAT_2_TEMP=26
HEAT_2_DUTY=0
HEAT_2_SP=-20.0
HEAT_3_TEMP=24
HEAT_3_DUTY=0
HEAT_3_SP=-20.0
HEAT_4_TEMP=28
HEAT_4_DUTY=0
HEAT_4_SP=-20.0
MOTOR_ANGLE=-0.0003779069767441861
MOTOR_ACCUM=-0.0003779069767441861
MOTOR_ROT=0

[16:14:22.215 EBOX]
TS=1786201488.128
V_SENSE5=1.24755859375
V_SENSE9=0.0390625
V_SENSE12=0.10986328125
ADC_V5=4.87640380859375
ADC_V9=9.05364990234375
ADC_V12=11.81488037109375
ADC_V28=27.75390625
THERMAL_SENS_OUT_1=28
THERMAL_SENS_OUT_2=-50
THERMAL_SENS_OUT_3=28
THERMAL_SENS_OUT_4=24
THERMAL_SENS_OUT_5=30
THERMAL_SENS_OUT_6=-50
THERMAL_SENS_INT_1=25
THERMAL_SENS_INT_2=27
PG_5=0
PG_9=0
PG_12=0
FLT_P2=0
FLT_P3=0
HEAT_1_TEMP=28
HEAT_1_DUTY=0
HEAT_1_SP=-20.0
HEAT_2_TEMP=28
HEAT_2_DUTY=0
HEAT_2_SP=-20.0
HEAT_3_TEMP=24
HEAT_3_DUTY=0
HEAT_3_SP=-20.0
HEAT_4_TEMP=30
HEAT_4_DUTY=0
HEAT_4_SP=-20.0
MOTOR_ANGLE=-0.0003779069767441861
MOTOR_ACCUM=-0.0003779069767441861
MOTOR_ROT=0

[16:14:24.749 EBOX]
TS=1786201488.638
V_SENSE5=1.171875
V_SENSE9=0.0341796875
V_SENSE12=0.10009765625
ADC_V5=4.91180419921875
ADC_V9=9.13330078125
ADC_V12=11.7706298828125
ADC_V28=27.88665771484375
THERMAL_SENS_OUT_1=24
THERMAL_SENS_OUT_2=-50
THERMAL_SENS_OUT_3=28
THERMAL_SENS_OUT_4=24
THERMAL_SENS_OUT_5=27
THERMAL_SENS_OUT_6=-50
THERMAL_SENS_INT_1=24
THERMAL_SENS_INT_2=27
PG_5=0
PG_9=0
PG_12=0
FLT_P2=0
FLT_P3=0
HEAT_1_TEMP=24
HEAT_1_DUTY=0
HEAT_1_SP=-20.0
HEAT_2_TEMP=28
HEAT_2_DUTY=0
HEAT_2_SP=-20.0
HEAT_3_TEMP=24
HEAT_3_DUTY=0
HEAT_3_SP=-20.0
HEAT_4_TEMP=27
HEAT_4_DUTY=0
HEAT_4_SP=-20.0
MOTOR_ANGLE=-0.0003779069767441861
MOTOR_ACCUM=-0.0003779069767441861
MOTOR_ROT=0

[16:14:25.753 EBOX]
TS=1786201489.131
V_SENSE5=1.2109375
V_SENSE9=0.0390625
V_SENSE12=0.11474609375
ADC_V5=5.00030517578125
ADC_V9=9.097900390625
ADC_V12=11.92108154296875
ADC_V28=27.55035400390625
THERMAL_SENS_OUT_1=25
THERMAL_SENS_OUT_2=-50
THERMAL_SENS_OUT_3=29
THERMAL_SENS_OUT_4=24
THERMAL_SENS_OUT_5=30
THERMAL_SENS_OUT_6=-50
THERMAL_SENS_INT_1=25
THERMAL_SENS_INT_2=24
PG_5=0
PG_9=0
PG_12=0
FLT_P2=0
FLT_P3=0
HEAT_1_TEMP=25
HEAT_1_DUTY=0
HEAT_1_SP=-20.0
HEAT_2_TEMP=29
HEAT_2_DUTY=0
HEAT_2_SP=-20.0
HEAT_3_TEMP=24
HEAT_3_DUTY=0
HEAT_3_SP=-20.0
HEAT_4_TEMP=30
HEAT_4_DUTY=0
HEAT_4_SP=-20.0
MOTOR_ANGLE=-0.0003779069767441861
MOTOR_ACCUM=-0.0003779069767441861
MOTOR_ROT=0
TS=1786201489.632
V_SENSE5=1.23291015625
V_SENSE9=0.0390625
V_SENSE12=0.10498046875
ADC_V5=4.9737548828125
ADC_V9=8.85894775390625
ADC_V12=11.859130859375
ADC_V28=27.364501953125
THERMAL_SENS_OUT_1=22
THERMAL_SENS_OUT_2=-50
THERMAL_SENS_OUT_3=27
THERMAL_SENS_OUT_4=25
THERMAL_SENS_OUT_5=26
THERMAL_SENS_OUT_6=-50
THERMAL_SENS_INT_1=24
THERMAL_SENS_INT_2=27
PG_5=0
PG_9=0
PG_12=0
FLT_P2=0
FLT_P3=0
HEAT_1_TEMP=22
HEAT_1_DUTY=0
HEAT_1_SP=-20.0
HEAT_2_TEMP=27
HEAT_2_DUTY=0
HEAT_2_SP=-20.0
HEAT_3_TEMP=25
HEAT_3_DUTY=0
HEAT_3_SP=-20.0
HEAT_4_TEMP=26
HEAT_4_DUTY=0
HEAT_4_SP=-20.0
MOTOR_ANGLE=-0.0003779069767441861
MOTOR_ACCUM=-0.0003779069767441861
MOTOR_ROT=0
TS=1786201490.135
V_SENSE5=1.1767578125
V_SENSE9=0.04638671875
V_SENSE12=0.10009765625
ADC_V5=4.9029541015625
ADC_V9=9.40765380859375
ADC_V12=11.8414306640625
ADC_V28=27.5946044921875
THERMAL_SENS_OUT_1=26
THERMAL_SENS_OUT_2=-50
THERMAL_SENS_OUT_3=29
THERMAL_SENS_OUT_4=24
THERMAL_SENS_OUT_5=27
THERMAL_SENS_OUT_6=-50
THERMAL_SENS_INT_1=26
THERMAL_SENS_INT_2=27
PG_5=0
PG_9=0
PG_12=0
FLT_P2=0
FLT_P3=0
HEAT_1_TEMP=26
HEAT_1_DUTY=0
HEAT_1_SP=-20.0
HEAT_2_TEMP=29
HEAT_2_DUTY=0
HEAT_2_SP=-20.0
HEAT_3_TEMP=24
HEAT_3_DUTY=0
HEAT_3_SP=-20.0
HEAT_4_TEMP=27
HEAT_4_DUTY=0
HEAT_4_SP=-20.0
MOTOR_ANGLE=-0.0003779069767441861
MOTOR_ACCUM=-0.0003779069767441861
MOTOR_ROT=0
TS=1786201490.636
V_SENSE5=1.24755859375
V_SENSE9=0.03662109375
V_SENSE12=0.1171875
ADC_V5=4.9560546875
ADC_V9=9.37225341796875
ADC_V12=11.65557861328125
ADC_V28=27.5592041015625
THERMAL_SENS_OUT_1=26
THERMAL_SENS_OUT_2=-50
THERMAL_SENS_OUT_3=29
THERMAL_SENS_OUT_4=27
THERMAL_SENS_OUT_5=29
THERMAL_SENS_OUT_6=-50
THERMAL_SENS_INT_1=23
THERMAL_SENS_INT_2=24
PG_5=0
PG_9=0
PG_12=0
FLT_P2=0
FLT_P3=0
HEAT_1_TEMP=26
HEAT_1_DUTY=0
HEAT_1_SP=-20.0
HEAT_2_TEMP=29
HEAT_2_DUTY=0
HEAT_2_SP=-20.0
HEAT_3_TEMP=27
HEAT_3_DUTY=0
HEAT_3_SP=-20.0
HEAT_4_TEMP=29
HEAT_4_DUTY=0
HEAT_4_SP=-20.0
MOTOR_ANGLE=-0.0003779069767441861
MOTOR_ACCUM=-0.0003779069767441861
MOTOR_ROT=0
TS=1786201491.137
V_SENSE5=1.201171875
V_SENSE9=0.0341796875
V_SENSE12=0.10986328125
ADC_V5=4.92950439453125
ADC_V9=9.0625
ADC_V12=11.611328125
ADC_V28=27.74505615234375
THERMAL_SENS_OUT_1=29
THERMAL_SENS_OUT_2=-50
THERMAL_SENS_OUT_3=28
THERMAL_SENS_OUT_4=24
THERMAL_SENS_OUT_5=29
THERMAL_SENS_OUT_6=-50
THERMAL_SENS_INT_1=27
THERMAL_SENS_INT_2=25
PG_5=0
PG_9=0
PG_12=0
FLT_P2=0
FLT_P3=0
HEAT_1_TEMP=29
HEAT_1_DUTY=0
HEAT_1_SP=-20.0
HEAT_2_TEMP=28
HEAT_2_DUTY=0
HEAT_2_SP=-20.0
HEAT_3_TEMP=24
HEAT_3_DUTY=0
HEAT_3_SP=-20.0
HEAT_4_TEMP=29
HEAT_4_DUTY=0
HEAT_4_SP=-20.0
MOTOR_ANGLE=-0.0003779069767441861
MOTOR_ACCUM=-0.0003779069767441861
MOTOR_ROT=0

[16:14:25.894 EBOX]
TS=1786201491.638
V_SENSE5=1.2060546875
V_SENSE9=0.04150390625
V_SENSE12=0.09521484375
ADC_V5=5.0091552734375
ADC_V9=9.31915283203125
ADC_V12=11.67327880859375
ADC_V28=27.4176025390625
THERMAL_SENS_OUT_1=28
THERMAL_SENS_OUT_2=-50
THERMAL_SENS_OUT_3=29
THERMAL_SENS_OUT_4=23
THERMAL_SENS_OUT_5=26
THERMAL_SENS_OUT_6=-50
THERMAL_SENS_INT_1=24
THERMAL_SENS_INT_2=25
PG_5=0
PG_9=0
PG_12=0
FLT_P2=0
FLT_P3=0
HEAT_1_TEMP=28
HEAT_1_DUTY=0
HEAT_1_SP=-20.0
HEAT_2_TEMP=29
HEAT_2_DUTY=0
HEAT_2_SP=-20.0
HEAT_3_TEMP=23
HEAT_3_DUTY=0
HEAT_3_SP=-20.0
HEAT_4_TEMP=26
HEAT_4_DUTY=0
HEAT_4_SP=-20.0
MOTOR_ANGLE=-0.0003779069767441861
MOTOR_ACCUM=-0.0003779069767441861
MOTOR_ROT=0
TS=1786201492.144
V_SENSE5=1.3232421875
V_SENSE9=0.0390625
V_SENSE12=0.11962890625
ADC_V5=4.92950439453125
ADC_V9=9.12445068359375
ADC_V12=11.67327880859375
ADC_V28=27.19635009765625
THERMAL_SENS_OUT_1=28
THERMAL_SENS_OUT_2=-50
THERMAL_SENS_OUT_3=26
THERMAL_SENS_OUT_4=25
THERMAL_SENS_OUT_5=27
THERMAL_SENS_OUT_6=-50
THERMAL_SENS_INT_1=23
THERMAL_SENS_INT_2=25
PG_5=0
PG_9=0
PG_12=0
FLT_P2=0
FLT_P3=0
HEAT_1_TEMP=28
HEAT_1_DUTY=0
HEAT_1_SP=-20.0
HEAT_2_TEMP=26
HEAT_2_DUTY=0
HEAT_2_SP=-20.0
HEAT_3_TEMP=25
HEAT_3_DUTY=0
HEAT_3_SP=-20.0
HEAT_4_TEMP=27
HEAT_4_DUTY=0
HEAT_4_SP=-20.0
MOTOR_ANGLE=-0.0003779069767441861
MOTOR_ACCUM=-0.0003779069767441861
MOTOR_ROT=0

[16:14:26.721 EBOX]
TS=1786201492.641
V_SENSE5=1.19384765625
V_SENSE9=0.0341796875
V_SENSE12=0.1025390625
ADC_V5=4.920654296875
ADC_V9=8.99169921875
ADC_V12=11.611328125
ADC_V28=27.72735595703125
THERMAL_SENS_OUT_1=27
THERMAL_SENS_OUT_2=-50
THERMAL_SENS_OUT_3=29
THERMAL_SENS_OUT_4=24
THERMAL_SENS_OUT_5=29
THERMAL_SENS_OUT_6=-50
THERMAL_SENS_INT_1=27
THERMAL_SENS_INT_2=25
PG_5=0
PG_9=0
PG_12=0
FLT_P2=0
FLT_P3=0
HEAT_1_TEMP=27
HEAT_1_DUTY=0
HEAT_1_SP=-20.0
HEAT_2_TEMP=29
HEAT_2_DUTY=0
HEAT_2_SP=-20.0
HEAT_3_TEMP=24
HEAT_3_DUTY=0
HEAT_3_SP=-20.0
HEAT_4_TEMP=29
HEAT_4_DUTY=0
HEAT_4_SP=-20.0
MOTOR_ANGLE=-0.0003779069767441861
MOTOR_ACCUM=-0.0003779069767441861
MOTOR_ROT=0

[16:14:27.354 EBOX]
TS=1786201493.149
V_SENSE5=1.12548828125
V_SENSE9=0.04638671875
V_SENSE12=0.11474609375
ADC_V5=4.991455078125
ADC_V9=9.451904296875
ADC_V12=11.95648193359375
ADC_V28=27.470703125
THERMAL_SENS_OUT_1=24
THERMAL_SENS_OUT_2=-50
THERMAL_SENS_OUT_3=26
THERMAL_SENS_OUT_4=28
THERMAL_SENS_OUT_5=26
THERMAL_SENS_OUT_6=-50
THERMAL_SENS_INT_1=24
THERMAL_SENS_INT_2=27
PG_5=0
PG_9=0
PG_12=0
FLT_P2=0
FLT_P3=0
HEAT_1_TEMP=24
HEAT_1_DUTY=0
HEAT_1_SP=-20.0
HEAT_2_TEMP=26
HEAT_2_DUTY=0
HEAT_2_SP=-20.0
HEAT_3_TEMP=28
HEAT_3_DUTY=0
HEAT_3_SP=-20.0
HEAT_4_TEMP=26
HEAT_4_DUTY=0
HEAT_4_SP=-20.0
MOTOR_ANGLE=-0.0003779069767441861
MOTOR_ACCUM=-0.0003779069767441861
MOTOR_ROT=0

[16:14:34.213 EBOX]
TS=1786201493.644
V_SENSE5=1.23291015625
V_SENSE9=0.0390625
V_SENSE12=0.0927734375
ADC_V5=4.96490478515625
ADC_V9=9.1864013671875
ADC_V12=11.86798095703125
ADC_V28=27.4176025390625
THERMAL_SENS_OUT_1=23
THERMAL_SENS_OUT_2=-50
THERMAL_SENS_OUT_3=28
THERMAL_SENS_OUT_4=25
THERMAL_SENS_OUT_5=29
THERMAL_SENS_OUT_6=-50
THERMAL_SENS_INT_1=25
THERMAL_SENS_INT_2=29
PG_5=0
PG_9=0
PG_12=0
FLT_P2=0
FLT_P3=0
HEAT_1_TEMP=23
HEAT_1_DUTY=0
HEAT_1_SP=-20.0
HEAT_2_TEMP=28
HEAT_2_DUTY=0
HEAT_2_SP=-20.0
HEAT_3_TEMP=25
HEAT_3_DUTY=0
HEAT_3_SP=-20.0
HEAT_4_TEMP=29
HEAT_4_DUTY=0
HEAT_4_SP=-20.0
MOTOR_ANGLE=-0.0003779069767441861
MOTOR_ACCUM=-0.0003779069767441861
MOTOR_ROT=0
TS=1786201494.147
V_SENSE5=1.2109375
V_SENSE9=0.0390625
V_SENSE12=0.107421875
ADC_V5=4.96490478515625
ADC_V9=9.07135009765625
ADC_V12=11.611328125
ADC_V28=27.79815673828125
THERMAL_SENS_OUT_1=23
THERMAL_SENS_OUT_2=-50
THERMAL_SENS_OUT_3=26
THERMAL_SENS_OUT_4=23
THERMAL_SENS_OUT_5=27
THERMAL_SENS_OUT_6=-50
THERMAL_SENS_INT_1=27
THERMAL_SENS_INT_2=25
PG_5=0
PG_9=0
PG_12=0
FLT_P2=0
FLT_P3=0
HEAT_1_TEMP=23
HEAT_1_DUTY=0
HEAT_1_SP=-20.0
HEAT_2_TEMP=26
HEAT_2_DUTY=0
HEAT_2_SP=-20.0
HEAT_3_TEMP=23
HEAT_3_DUTY=0
HEAT_3_SP=-20.0
HEAT_4_TEMP=27
HEAT_4_DUTY=0
HEAT_4_SP=-20.0
MOTOR_ANGLE=-0.0003779069767441861
MOTOR_ACCUM=-0.0003779069767441861
MOTOR_ROT=0

[16:14:35.915 EBOX]
TS=1786201494.648
V_SENSE5=1.1962890625
V_SENSE9=0.0341796875
V_SENSE12=0.1171875
ADC_V5=4.91180419921875
ADC_V9=9.01824951171875
ADC_V12=11.79718017578125
ADC_V28=27.58575439453125
THERMAL_SENS_OUT_1=26
THERMAL_SENS_OUT_2=-50
THERMAL_SENS_OUT_3=26
THERMAL_SENS_OUT_4=26
THERMAL_SENS_OUT_5=28
THERMAL_SENS_OUT_6=-50
THERMAL_SENS_INT_1=27
THERMAL_SENS_INT_2=24
PG_5=0
PG_9=0
PG_12=0
FLT_P2=0
FLT_P3=0
HEAT_1_TEMP=26
HEAT_1_DUTY=0
HEAT_1_SP=-20.0
HEAT_2_TEMP=26
HEAT_2_DUTY=0
HEAT_2_SP=-20.0
HEAT_3_TEMP=26
HEAT_3_DUTY=0
HEAT_3_SP=-20.0
HEAT_4_TEMP=28
HEAT_4_DUTY=0
HEAT_4_SP=-20.0
MOTOR_ANGLE=-0.0003779069767441861
MOTOR_ACCUM=-0.0003779069767441861
MOTOR_ROT=0
TS=1786201495.149
V_SENSE5=1.279296875
V_SENSE9=0.04150390625
V_SENSE12=0.1025390625
ADC_V5=4.9737548828125
ADC_V9=9.33685302734375
ADC_V12=11.89453125
ADC_V28=27.40875244140625
THERMAL_SENS_OUT_1=23
THERMAL_SENS_OUT_2=-50
THERMAL_SENS_OUT_3=26
THERMAL_SENS_OUT_4=27
THERMAL_SENS_OUT_5=26
THERMAL_SENS_OUT_6=-50
THERMAL_SENS_INT_1=25
THERMAL_SENS_INT_2=25
PG_5=0
PG_9=0
PG_12=0
FLT_P2=0
FLT_P3=0
HEAT_1_TEMP=23
HEAT_1_DUTY=0
HEAT_1_SP=-20.0
HEAT_2_TEMP=26
HEAT_2_DUTY=0
HEAT_2_SP=-20.0
HEAT_3_TEMP=27
HEAT_3_DUTY=0
HEAT_3_SP=-20.0
HEAT_4_TEMP=26
HEAT_4_DUTY=0
HEAT_4_SP=-20.0
MOTOR_ANGLE=-0.0003779069767441861
MOTOR_ACCUM=-0.0003779069767441861
MOTOR_ROT=0
TS=1786201495.656
V_SENSE5=1.14013671875
V_SENSE9=0.0390625
V_SENSE12=0.107421875
ADC_V5=5.0091552734375
ADC_V9=9.13330078125
ADC_V12=11.86798095703125
ADC_V28=27.14324951171875
THERMAL_SENS_OUT_1=24
THERMAL_SENS_OUT_2=-50
THERMAL_SENS_OUT_3=24
THERMAL_SENS_OUT_4=27
THERMAL_SENS_OUT_5=26
THERMAL_SENS_OUT_6=-50
THERMAL_SENS_INT_1=27
THERMAL_SENS_INT_2=26
PG_5=0
PG_9=0
PG_12=0
FLT_P2=0
FLT_P3=0
HEAT_1_TEMP=24
HEAT_1_DUTY=0
HEAT_1_SP=-20.0
HEAT_2_TEMP=24
HEAT_2_DUTY=0
HEAT_2_SP=-20.0
HEAT_3_TEMP=27
HEAT_3_DUTY=0
HEAT_3_SP=-20.0
HEAT_4_TEMP=26
HEAT_4_DUTY=0
HEAT_4_SP=-20.0
MOTOR_ANGLE=-0.0003779069767441861
MOTOR_ACCUM=-0.0003779069767441861
MOTOR_ROT=0
TS=1786201496.160
V_SENSE5=1.16455078125
V_SENSE9=0.03662109375
V_SENSE12=0.1220703125
ADC_V5=4.9737548828125
ADC_V9=8.94744873046875
ADC_V12=11.8060302734375
ADC_V28=27.35565185546875
THERMAL_SENS_OUT_1=22
THERMAL_SENS_OUT_2=-50
THERMAL_SENS_OUT_3=29
THERMAL_SENS_OUT_4=25
THERMAL_SENS_OUT_5=28
THERMAL_SENS_OUT_6=-50
THERMAL_SENS_INT_1=23
THERMAL_SENS_INT_2=26
PG_5=0
PG_9=0
PG_12=0
FLT_P2=0
FLT_P3=0
HEAT_1_TEMP=22
HEAT_1_DUTY=0
HEAT_1_SP=-20.0
HEAT_2_TEMP=29
HEAT_2_DUTY=0
HEAT_2_SP=-20.0
HEAT_3_TEMP=25
HEAT_3_DUTY=0
HEAT_3_SP=-20.0
HEAT_4_TEMP=28
HEAT_4_DUTY=0
HEAT_4_SP=-20.0
MOTOR_ANGLE=-0.0003779069767441861
MOTOR_ACCUM=-0.0003779069767441861
MOTOR_ROT=0
TS=1786201496.654
V_SENSE5=1.2744140625
V_SENSE9=0.0390625
V_SENSE12=0.09765625
ADC_V5=4.9029541015625

[16:14:36.061 EBOX]
ADC_V9=9.2572021484375
ADC_V12=11.85028076171875
ADC_V28=27.8778076171875
THERMAL_SENS_OUT_1=27
THERMAL_SENS_OUT_2=-50
THERMAL_SENS_OUT_3=25
THERMAL_SENS_OUT_4=25
THERMAL_SENS_OUT_5=27
THERMAL_SENS_OUT_6=-50
THERMAL_SENS_INT_1=26
THERMAL_SENS_INT_2=25
PG_5=0
PG_9=0
PG_12=0
FLT_P2=0
FLT_P3=0
HEAT_1_TEMP=27
HEAT_1_DUTY=0
HEAT_1_SP=-20.0
HEAT_2_TEMP=25
HEAT_2_DUTY=0
HEAT_2_SP=-20.0
HEAT_3_TEMP=25
HEAT_3_DUTY=0
HEAT_3_SP=-20.0
HEAT_4_TEMP=27
HEAT_4_DUTY=0
HEAT_4_SP=-20.0
MOTOR_ANGLE=-0.0003779069767441861
MOTOR_ACCUM=-0.0003779069767441861
MOTOR_ROT=0
TS=1786201497.154
V_SENSE5=1.20361328125
V_SENSE9=0.0390625
V_SENSE12=0.1123046875
ADC_V5=4.94720458984375
ADC_V9=9.14215087890625
ADC_V12=11.9476318359375
ADC_V28=27.92205810546875
THERMAL_SENS_OUT_1=23
THERMAL_SENS_OUT_2=-50
THERMAL_SENS_OUT_3=29
THERMAL_SENS_OUT_4=24
THERMAL_SENS_OUT_5=29
THERMAL_SENS_OUT_6=-50
THERMAL_SENS_INT_1=24
THERMAL_SENS_INT_2=28
PG_5=0
PG_9=0
PG_12=0
FLT_P2=0
FLT_P3=0
HEAT_1_TEMP=23
HEAT_1_DUTY=0
HEAT_1_SP=-20.0
HEAT_2_TEMP=29
HEAT_2_DUTY=0
HEAT_2_SP=-20.0
HEAT_3_TEMP=24
HEAT_3_DUTY=0
HEAT_3_SP=-20.0
HEAT_4_TEMP=29
HEAT_4_DUTY=0
HEAT_4_SP=-20.0
MOTOR_ANGLE=-0.0003779069767441861
MOTOR_ACCUM=-0.0003779069767441861
MOTOR_ROT=0
TS=1786201497.656
V_SENSE5=1.2890625
V_SENSE9=0.0390625
V_SENSE12=0.10009765625
ADC_V5=5.00030517578125
ADC_V9=8.9739990234375
ADC_V12=11.90338134765625
ADC_V28=27.75390625
THERMAL_SENS_OUT_1=25
THERMAL_SENS_OUT_2=-50
THERMAL_SENS_OUT_3=26

[16:14:36.554 EBOX]
THERMAL_SENS_OUT_4=27
THERMAL_SENS_OUT_5=30
THERMAL_SENS_OUT_6=-50
THERMAL_SENS_INT_1=25
THERMAL_SENS_INT_2=27
PG_5=0
PG_9=0
PG_12=0
FLT_P2=0
FLT_P3=0
HEAT_1_TEMP=25
HEAT_1_DUTY=0
HEAT_1_SP=-20.0
HEAT_2_TEMP=26
HEAT_2_DUTY=0
HEAT_2_SP=-20.0
HEAT_3_TEMP=27
HEAT_3_DUTY=0
HEAT_3_SP=-20.0
HEAT_4_TEMP=30
HEAT_4_DUTY=0
HEAT_4_SP=-20.0
MOTOR_ANGLE=-0.0003779069767441861
MOTOR_ACCUM=-0.0003779069767441861
MOTOR_ROT=0
TS=1786201498.158
V_SENSE5=1.2158203125
V_SENSE9=0.0341796875
V_SENSE12=0.1123046875
ADC_V5=5.00030517578125
ADC_V9=9.33685302734375
ADC_V12=11.7529296875
ADC_V28=27.7362060546875
THERMAL_SENS_OUT_1=25
THERMAL_SENS_OUT_2=-50
THERMAL_SENS_OUT_3=29
THERMAL_SENS_OUT_4=26
THERMAL_SENS_OUT_5=29
THERMAL_SENS_OUT_6=-50
THERMAL_SENS_INT_1=27
THERMAL_SENS_INT_2=27
PG_5=0
PG_9=0
PG_12=0
FLT_P2=0
FLT_P3=0
HEAT_1_TEMP=25
HEAT_1_DUTY=0
HEAT_1_SP=-20.0
HEAT_2_TEMP=29
HEAT_2_DUTY=0
HEAT_2_SP=-20.0
HEAT_3_TEMP=26
HEAT_3_DUTY=0
HEAT_3_SP=-20.0
HEAT_4_TEMP=29
HEAT_4_DUTY=0
HEAT_4_SP=-20.0
MOTOR_ANGLE=-0.0003779069767441861
MOTOR_ACCUM=-0.0003779069767441861
MOTOR_ROT=0
TS=1786201498.659
V_SENSE5=1.29150390625
V_SENSE9=0.04150390625
V_SENSE12=0.1171875
ADC_V5=5.00030517578125
ADC_V9=9.31915283203125
ADC_V12=11.788330078125
ADC_V28=27.25830078125
THERMAL_SENS_OUT_1=28
THERMAL_SENS_OUT_2=-50
THERMAL_SENS_OUT_3=29
THERMAL_SENS_OUT_4=24
THERMAL_SENS_OUT_5=25
THERMAL_SENS_OUT_6=-50
THERMAL_SENS_INT_1=26
THERMAL_SENS_INT_2=26
PG_5=0
PG_9=0
PG_12=0
FLT_P2=0
FLT_P3=0
HEAT_1_TEMP=28
HEAT_1_DUTY=0
HEAT_1_SP=-20.0
HEAT_2_TEMP=29
HEAT_2_DUTY=0
HEAT_2_SP=-20.0
HEAT_3_TEMP=24
HEAT_3_DUTY=0
HEAT_3_SP=-20.0
HEAT_4_TEMP=25
HEAT_4_DUTY=0
HEAT_4_SP=-20.0
MOTOR_ANGLE=-0.0003779069767441861
MOTOR_ACCUM=-0.0003779069767441861
MOTOR_ROT=0
TS=1786201499.161
V_SENSE5=1.2744140625
V_SENSE9=0.0390625
V_SENSE12=0.10009765625
ADC_V5=4.88525390625
ADC_V9=8.98284912109375
ADC_V12=11.77947998046875
ADC_V28=27.647705078125
THERMAL_SENS_OUT_1=23
THERMAL_SENS_OUT_2=-50
THERMAL_SENS_OUT_3=25
THERMAL_SENS_OUT_4=26
THERMAL_SENS_OUT_5=26
THERMAL_SENS_OUT_6=-50
THERMAL_SENS_INT_1=24
THERMAL_SENS_INT_2=28
PG_5=0
PG_9=0
PG_12=0
FLT_P2=0
FLT_P3=0
HEAT_1_TEMP=23
HEAT_1_DUTY=0
HEAT_1_SP=-20.0
HEAT_2_TEMP=25
HEAT_2_DUTY=0
HEAT_2_SP=-20.0
HEAT_3_TEMP=26
HEAT_3_DUTY=0
HEAT_3_SP=-20.0
HEAT_4_TEMP=26
HEAT_4_DUTY=0
HEAT_4_SP=-20.0
MOTOR_ANGLE=-0.0003779069767441861
MOTOR_ACCUM=-0.0003779069767441861
MOTOR_ROT=0
TS=1786201499.662
V_SENSE5=1.2109375
V_SENSE9=0.0390625
V_SENSE12=0.1171875
ADC_V5=4.991455078125
ADC_V9=8.9031982421875
ADC_V12=11.859130859375
ADC_V28=27.789306640625
THERMAL_SENS_OUT_1=23
THERMAL_SENS_OUT_2=-50
THERMAL_SENS_OUT_3=26
THERMAL_SENS_OUT_4=27
THERMAL_SENS_OUT_5=26
THERMAL_SENS_OUT_6=-50
THERMAL_SENS_INT_1=27
THERMAL_SENS_INT_2=24
PG_5=0
PG_9=0
PG_12=0
FLT_P2=0
FLT_P3=0
HEAT_1_TEMP=23
HEAT_1_DUTY=0
HEAT_1_SP=-20.0
HEAT_2_TEMP=26
HEAT_2_DUTY=0
HEAT_2_SP=-20.0
HEAT_3_TEMP=27
HEAT_3_DUTY=0

[16:14:36.984 EBOX]
HEAT_3_SP=-20.0
HEAT_4_TEMP=26
HEAT_4_DUTY=0
HEAT_4_SP=-20.0
MOTOR_ANGLE=-0.0003779069767441861
MOTOR_ACCUM=-0.0003779069767441861
MOTOR_ROT=0
TS=1786201500.164
V_SENSE5=1.2744140625
V_SENSE9=0.0390625
V_SENSE12=0.11474609375
ADC_V5=5.00030517578125
ADC_V9=9.3634033203125
ADC_V12=11.69097900390625
ADC_V28=27.3468017578125
THERMAL_SENS_OUT_1=22
THERMAL_SENS_OUT_2=-50
THERMAL_SENS_OUT_3=27
THERMAL_SENS_OUT_4=26
THERMAL_SENS_OUT_5=26
THERMAL_SENS_OUT_6=-50
THERMAL_SENS_INT_1=26
THERMAL_SENS_INT_2=25
PG_5=0
PG_9=0
PG_12=0
FLT_P2=0
FLT_P3=0
HEAT_1_TEMP=22
HEAT_1_DUTY=0
HEAT_1_SP=-20.0
HEAT_2_TEMP=27
HEAT_2_DUTY=0
HEAT_2_SP=-20.0
HEAT_3_TEMP=26
HEAT_3_DUTY=0
HEAT_3_SP=-20.0
HEAT_4_TEMP=26
HEAT_4_DUTY=0
HEAT_4_SP=-20.0
MOTOR_ANGLE=-0.0003779069767441861
MOTOR_ACCUM=-0.0003779069767441861
MOTOR_ROT=0
TS=1786201500.673
V_SENSE5=1.16943359375
V_SENSE9=0.07568359375
V_SENSE12=0.09765625
ADC_V5=4.9560546875
ADC_V9=9.0093994140625
ADC_V12=11.72637939453125
ADC_V28=27.3822021484375
THERMAL_SENS_OUT_1=22
THERMAL_SENS_OUT_2=-50
THERMAL_SENS_OUT_3=24
THERMAL_SENS_OUT_4=24
THERMAL_SENS_OUT_5=28
THERMAL_SENS_OUT_6=-50
THERMAL_SENS_INT_1=24
THERMAL_SENS_INT_2=24
PG_5=0
PG_9=0
PG_12=0
FLT_P2=0
FLT_P3=0
HEAT_1_TEMP=22
HEAT_1_DUTY=0
HEAT_1_SP=-20.0
HEAT_2_TEMP=24
HEAT_2_DUTY=0
HEAT_2_SP=-20.0
HEAT_3_TEMP=24
HEAT_3_DUTY=0
HEAT_3_SP=-20.0
HEAT_4_TEMP=28
HEAT_4_DUTY=0
HEAT_4_SP=-20.0
MOTOR_ANGLE=-0.0003779069767441861
MOTOR_ACCUM=-0.0003779069767441861
MOTOR_ROT=0
TS=1786201501.167
V_SENSE5=1.2109375
V_SENSE9=0.0341796875
V_SENSE12=0.09033203125
ADC_V5=4.9737548828125
ADC_V9=8.9385986328125
ADC_V12=11.929931640625
ADC_V28=27.23175048828125
THERMAL_SENS_OUT_1=26
THERMAL_SENS_OUT_2=-50
THERMAL_SENS_OUT_3=29
THERMAL_SENS_OUT_4=24
THERMAL_SENS_OUT_5=28
THERMAL_SENS_OUT_6=-50
THERMAL_SENS_INT_1=24
THERMAL_SENS_INT_2=26
PG_5=0
PG_9=0
PG_12=0
FLT_P2=0
FLT_P3=0
HEAT_1_TEMP=26
HEAT_1_DUTY=0
HEAT_1_SP=-20.0
HEAT_2_TEMP=29
HEAT_2_DUTY=0
HEAT_2_SP=-20.0
HEAT_3_TEMP=24
HEAT_3_DUTY=0
HEAT_3_SP=-20.0
HEAT_4_TEMP=28
HEAT_4_DUTY=0
HEAT_4_SP=-20.0
MOTOR_ANGLE=-0.0003779069767441861
MOTOR_ACCUM=-0.0003779069767441861
MOTOR_ROT=0
TS=1786201501.669
V_SENSE5=1.30615234375
V_SENSE9=0.05615234375
V_SENSE12=0.09521484375
ADC_V5=4.92950439453125
ADC_V9=9.41650390625
ADC_V12=11.99188232421875
ADC_V28=27.33795166015625
THERMAL_SENS_OUT_1=23
THERMAL_SENS_OUT_2=-50
THERMAL_SENS_OUT_3=27
THERMAL_SENS_OUT_4=25
THERMAL_SENS_OUT_5=30
THERMAL_SENS_OUT_6=-50
THERMAL_SENS_INT_1=25
THERMAL_SENS_INT_2=24
PG_5=0
PG_9=0
PG_12=0
FLT_P2=0
FLT_P3=0
HEAT_1_TEMP=23
HEAT_1_DUTY=0
HEAT_1_SP=-20.0
HEAT_2_TEMP=27
HEAT_2_DUTY=0
HEAT_2_SP=-20.0
HEAT_3_TEMP=25
HEAT_3_DUTY=0
HEAT_3_SP=-20.0
HEAT_4_TEMP=30
HEAT_4_DUTY=0
HEAT_4_SP=-20.0
MOTOR_ANGLE=-0.0003779069767441861
MOTOR_ACCUM=-0.0003779069767441861
MOTOR_ROT=0
TS=1786201502.169
V_SENSE5=1.2353515625
V_SENSE9=0.03662109375
V_SENSE12=0.1025390625
ADC_V5=4.87640380859375
ADC_V9=9.26605224609375
ADC_V12=11.79718017578125
ADC_V28=27.470703125
THERMAL_SENS_OUT_1=28
THERMAL_SENS_OUT_2=-50
THERMAL_SENS_OUT_3=25
THERMAL_SENS_OUT_4=25
THERMAL_SENS_OUT_5=27
THERMAL_SENS_OUT_6=-50
THERMAL_SENS_INT_1=24
THERMAL_SENS_INT_2=26
PG_5=0
PG_9=0
PG_12=0
FLT_P2=0
FLT_P3=0
HEAT_1_TEMP=28
HEAT_1_DUTY=0
HEAT_1_SP=-20.0
HEAT_2_TEMP=25
HEAT_2_DUTY=0
HEAT_2_SP=-20.0
HEAT_3_TEMP=25
HEAT_3_DUTY=0
HEAT_3_SP=-20.0
HEAT_4_TEMP=27
HEAT_4_DUTY=0
HEAT_4_SP=-20.0
MOTOR_ANGLE=-0.0003779069767441861
MOTOR_ACCUM=-0.0003779069767441861
MOTOR_ROT=0
TS=1786201502.671
V_SENSE5=1.24267578125
V_SENSE9=0.03173828125
V_SENSE12=0.1123046875
ADC_V5=5.00030517578125
ADC_V9=8.9739990234375
ADC_V12=11.7352294921875
ADC_V28=27.58575439453125
THERMAL_SENS_OUT_1=25
THERMAL_SENS_OUT_2=-50
THERMAL_SENS_OUT_3=25
THERMAL_SENS_OUT_4=27
THERMAL_SENS_OUT_5=26
THERMAL_SENS_OUT_6=-50
THERMAL_SENS_INT_1=27
THERMAL_SENS_INT_2=24
PG_5=0
PG_9=0
PG_12=0
FLT_P2=0
FLT_P3=0
HEAT_1_TEMP=25
HEAT_1_DUTY=0
HEAT_1_SP=-20.0
HEAT_2_TEMP=25
HEAT_2_DUTY=0
HEAT_2_SP=-20.0
HEAT_3_TEMP=27
HEAT_3_DUTY=0
HEAT_3_SP=-20.0
HEAT_4_TEMP=26
HEAT_4_DUTY=0
HEAT_4_SP=-20.0
MOTOR_ANGLE=-0.0003779069767441861
MOTOR_ACCUM=-0.0003779069767441861
MOTOR_ROT=0
TS=1786201503.179
V_SENSE5=1.20849609375
V_SENSE9=0.0634765625
V_SENSE12=0.10986328125
ADC_V5=4.98260498046875
ADC_V9=9.4873046875
ADC_V12=11.859130859375
ADC_V28=27.47955322265625
THERMAL_SENS_OUT_1=24
THERMAL_SENS_OUT_2=-50

[16:14:37.097 EBOX]
THERMAL_SENS_OUT_3=27
THERMAL_SENS_OUT_4=28
THERMAL_SENS_OUT_5=26
THERMAL_SENS_OUT_6=-50
THERMAL_SENS_INT_1=26
THERMAL_SENS_INT_2=29
PG_5=0
PG_9=0
PG_12=0
FLT_P2=0
FLT_P3=0
HEAT_1_TEMP=24
HEAT_1_DUTY=0
HEAT_1_SP=-20.0
HEAT_2_TEMP=27
HEAT_2_DUTY=0
HEAT_2_SP=-20.0
HEAT_3_TEMP=28
HEAT_3_DUTY=0
HEAT_3_SP=-20.0
HEAT_4_TEMP=26
HEAT_4_DUTY=0
HEAT_4_SP=-20.0
MOTOR_ANGLE=-0.0003779069767441861
MOTOR_ACCUM=-0.0003779069767441861
MOTOR_ROT=0

[16:14:44.597 EBOX]
TS=1786201503.676
V_SENSE5=1.30859375
V_SENSE9=0.0341796875
V_SENSE12=0.09765625
ADC_V5=4.88525390625
ADC_V9=9.2926025390625
ADC_V12=11.81488037109375
ADC_V28=27.26715087890625
THERMAL_SENS_OUT_1=23
THERMAL_SENS_OUT_2=-50
THERMAL_SENS_OUT_3=28
THERMAL_SENS_OUT_4=24
THERMAL_SENS_OUT_5=27
THERMAL_SENS_OUT_6=-50
THERMAL_SENS_INT_1=27
THERMAL_SENS_INT_2=24
PG_5=0
PG_9=0
PG_12=0
FLT_P2=0
FLT_P3=0
HEAT_1_TEMP=23
HEAT_1_DUTY=0
HEAT_1_SP=-20.0
HEAT_2_TEMP=28
HEAT_2_DUTY=0
HEAT_2_SP=-20.0
HEAT_3_TEMP=24
HEAT_3_DUTY=0
HEAT_3_SP=-20.0
HEAT_4_TEMP=27
HEAT_4_DUTY=0
HEAT_4_SP=-20.0
MOTOR_ANGLE=-0.0003779069767441861
MOTOR_ACCUM=-0.0003779069767441861
MOTOR_ROT=0

[16:14:45.374 EBOX]
TS=1786201504.176
V_SENSE5=1.20849609375
V_SENSE9=0.0341796875
V_SENSE12=0.1171875
ADC_V5=4.89410400390625
ADC_V9=9.0447998046875
ADC_V12=11.68212890625
ADC_V28=27.364501953125
THERMAL_SENS_OUT_1=27
THERMAL_SENS_OUT_2=-50
THERMAL_SENS_OUT_3=26
THERMAL_SENS_OUT_4=23
THERMAL_SENS_OUT_5=26
THERMAL_SENS_OUT_6=-50
THERMAL_SENS_INT_1=24
THERMAL_SENS_INT_2=27
PG_5=0
PG_9=0
PG_12=0
FLT_P2=0
FLT_P3=0
HEAT_1_TEMP=27
HEAT_1_DUTY=0
HEAT_1_SP=-20.0
HEAT_2_TEMP=26
HEAT_2_DUTY=0
HEAT_2_SP=-20.0
HEAT_3_TEMP=23
HEAT_3_DUTY=0
HEAT_3_SP=-20.0
HEAT_4_TEMP=26
HEAT_4_DUTY=0
HEAT_4_SP=-20.0
MOTOR_ANGLE=-0.0003779069767441861
MOTOR_ACCUM=-0.0003779069767441861
MOTOR_ROT=0
TS=1786201504.678
V_SENSE5=1.18896484375
V_SENSE9=0.04150390625
V_SENSE12=0.1123046875
ADC_V5=4.9560546875
ADC_V9=9.28375244140625
ADC_V12=11.7352294921875
ADC_V28=27.8424072265625
THERMAL_SENS_OUT_1=24
THERMAL_SENS_OUT_2=-50
THERMAL_SENS_OUT_3=28
THERMAL_SENS_OUT_4=23
THERMAL_SENS_OUT_5=27
THERMAL_SENS_OUT_6=-50
THERMAL_SENS_INT_1=24
THERMAL_SENS_INT_2=28
PG_5=0
PG_9=0
PG_12=0
FLT_P2=0
FLT_P3=0
HEAT_1_TEMP=24
HEAT_1_DUTY=0
HEAT_1_SP=-20.0
HEAT_2_TEMP=28
HEAT_2_DUTY=0
HEAT_2_SP=-20.0
HEAT_3_TEMP=23
HEAT_3_DUTY=0
HEAT_3_SP=-20.0
HEAT_4_TEMP=27
HEAT_4_DUTY=0
HEAT_4_SP=-20.0
MOTOR_ANGLE=-0.0003779069767441861
MOTOR_ACCUM=-0.0003779069767441861
MOTOR_ROT=0
TS=1786201505.178
V_SENSE5=1.35009765625
V_SENSE9=0.0341796875
V_SENSE12=0.10986328125
ADC_V5=4.96490478515625
ADC_V9=9.2041015625
ADC_V12=11.859130859375
ADC_V28=27.21405029296875
THERMAL_SENS_OUT_1=24
THERMAL_SENS_OUT_2=-50
THERMAL_SENS_OUT_3=26
THERMAL_SENS_OUT_4=28
THERMAL_SENS_OUT_5=27
THERMAL_SENS_OUT_6=-50
THERMAL_SENS_INT_1=24
THERMAL_SENS_INT_2=28
PG_5=0
PG_9=0
PG_12=0
FLT_P2=0
FLT_P3=0
HEAT_1_TEMP=24
HEAT_1_DUTY=0
HEAT_1_SP=-20.0
HEAT_2_TEMP=26
HEAT_2_DUTY=0
HEAT_2_SP=-20.0
HEAT_3_TEMP=28
HEAT_3_DUTY=0
HEAT_3_SP=-20.0
HEAT_4_TEMP=27
HEAT_4_DUTY=0
HEAT_4_SP=-20.0
MOTOR_ANGLE=-0.0003779069767441861
MOTOR_ACCUM=-0.0003779069767441861
MOTOR_ROT=0
TS=1786201505.686
V_SENSE5=1.15234375
V_SENSE9=0.0390625
V_SENSE12=0.1171875
ADC_V5=5.08880615234375
ADC_V9=9.097900390625
ADC_V12=11.58477783203125
ADC_V28=27.5946044921875
THERMAL_SENS_OUT_1=26
THERMAL_SENS_OUT_2=-50
THERMAL_SENS_OUT_3=26
THERMAL_SENS_OUT_4=28
THERMAL_SENS_OUT_5=28
THERMAL_SENS_OUT_6=-50
THERMAL_SENS_INT_1=22
THERMAL_SENS_INT_2=26
PG_5=0
PG_9=0
PG_12=0
FLT_P2=0
FLT_P3=0
HEAT_1_TEMP=26
HEAT_1_DUTY=0
HEAT_1_SP=-20.0
HEAT_2_TEMP=26
HEAT_2_DUTY=0
HEAT_2_SP=-20.0
HEAT_3_TEMP=28
HEAT_3_DUTY=0
HEAT_3_SP=-20.0
HEAT_4_TEMP=28
HEAT_4_DUTY=0
HEAT_4_SP=-20.0
MOTOR_ANGLE=-0.0003779069767441861
MOTOR_ACCUM=-0.0003779069767441861
MOTOR_ROT=0
TS=1786201506.182
V_SENSE5=1.2841796875
V_SENSE9=0.03662109375
V_SENSE12=0.09765625
ADC_V5=4.94720458984375
ADC_V9=8.9385986328125
ADC_V12=11.788330078125
ADC_V28=27.8070068359375
THERMAL_SENS_OUT_1=23
THERMAL_SENS_OUT_2=-50
THERMAL_SENS_OUT_3=25
THERMAL_SENS_OUT_4=26
THERMAL_SENS_OUT_5=29
THERMAL_SENS_OUT_6=-50
THERMAL_SENS_INT_1=26
THERMAL_SENS_INT_2=26
PG_5=0
PG_9=0
PG_12=0
FLT_P2=0
FLT_P3=0
HEAT_1_TEMP=23
HEAT_1_DUTY=0
HEAT_1_SP=-20.0
HEAT_2_TEMP=25
HEAT_2_DUTY=0
HEAT_2_SP=-20.0
HEAT_3_TEMP=26
HEAT_3_DUTY=0
HEAT_3_SP=-20.0
HEAT_4_TEMP=29
HEAT_4_DUTY=0
HEAT_4_SP=-20.0
MOTOR_ANGLE=-0.0003779069767441861
MOTOR_ACCUM=-0.0003779069767441861
MOTOR_ROT=0
TS=1786201506.683
V_SENSE5=1.19140625
V_SENSE9=0.03662109375
V_SENSE12=0.1220703125
ADC_V5=5.05340576171875
ADC_V9=9.345703125
ADC_V12=11.99188232421875
ADC_V28=27.58575439453125
THERMAL_SENS_OUT_1=27
THERMAL_SENS_OUT_2=-50
THERMAL_SENS_OUT_3=29
THERMAL_SENS_OUT_4=24
THERMAL_SENS_OUT_5=27
THERMAL_SENS_OUT_6=-50
THERMAL_SENS_INT_1=27
THERMAL_SENS_INT_2=25
PG_5=0
PG_9=0
PG_12=0
FLT_P2=0
FLT_P3=0
HEAT_1_TEMP=27
HEAT_1_DUTY=0
HEAT_1_SP=-20.0
HEAT_2_TEMP=29
HEAT_2_DUTY=0
HEAT_2_SP=-20.0
HEAT_3_TEMP=24
HEAT_3_DUTY=0
HEAT_3_SP=-20.0
HEAT_4_TEMP=27
HEAT_4_DUTY=0
HEAT_4_SP=-20.0
MOTOR_ANGLE=-0.0003779069767441861
MOTOR_ACCUM=-0.0003779069767441861
MOTOR_ROT=0
TS=1786201507.184
V_SENSE5=1.2060546875
V_SENSE9=0.03662109375
V_SENSE12=0.09765625
ADC_V5=4.991455078125
ADC_V9=9.14215087890625
ADC_V12=11.86798095703125
ADC_V28=27.789306640625
THERMAL_SENS_OUT_1=26
THERMAL_SENS_OUT_2=-50
THERMAL_SENS_OUT_3=29

[16:14:45.805 EBOX]
THERMAL_SENS_OUT_4=24
THERMAL_SENS_OUT_5=29
THERMAL_SENS_OUT_6=-50
THERMAL_SENS_INT_1=22
THERMAL_SENS_INT_2=26
PG_5=0
PG_9=0
PG_12=0
FLT_P2=0
FLT_P3=0
HEAT_1_TEMP=26
HEAT_1_DUTY=0
HEAT_1_SP=-20.0
HEAT_2_TEMP=29
HEAT_2_DUTY=0
HEAT_2_SP=-20.0
HEAT_3_TEMP=24
HEAT_3_DUTY=0
HEAT_3_SP=-20.0
HEAT_4_TEMP=29
HEAT_4_DUTY=0
HEAT_4_SP=-20.0
MOTOR_ANGLE=-0.0003779069767441861
MOTOR_ACCUM=-0.0003779069767441861
MOTOR_ROT=0
TS=1786201507.686
V_SENSE5=1.2744140625
V_SENSE9=0.0390625
V_SENSE12=0.1171875
ADC_V5=4.89410400390625
ADC_V9=8.9739990234375
ADC_V12=11.85028076171875
ADC_V28=27.3114013671875
THERMAL_SENS_OUT_1=25
THERMAL_SENS_OUT_2=-50
THERMAL_SENS_OUT_3=28
THERMAL_SENS_OUT_4=24
THERMAL_SENS_OUT_5=28
THERMAL_SENS_OUT_6=-50
THERMAL_SENS_INT_1=25
THERMAL_SENS_INT_2=28
PG_5=0
PG_9=0
PG_12=0
FLT_P2=0
FLT_P3=0
HEAT_1_TEMP=25
HEAT_1_DUTY=0
HEAT_1_SP=-20.0
HEAT_2_TEMP=28
HEAT_2_DUTY=0
HEAT_2_SP=-20.0
HEAT_3_TEMP=24
HEAT_3_DUTY=0
HEAT_3_SP=-20.0
HEAT_4_TEMP=28
HEAT_4_DUTY=0
HEAT_4_SP=-20.0
MOTOR_ANGLE=-0.0003779069767441861
MOTOR_ACCUM=-0.0003779069767441861
MOTOR_ROT=0
TS=1786201508.194
V_SENSE5=1.17919921875
V_SENSE9=0.03662109375
V_SENSE12=0.10986328125
ADC_V5=4.92950439453125
ADC_V9=9.4696044921875
ADC_V12=11.77947998046875
ADC_V28=27.1875
THERMAL_SENS_OUT_1=23
THERMAL_SENS_OUT_2=-50
THERMAL_SENS_OUT_3=25
THERMAL_SENS_OUT_4=25
THERMAL_SENS_OUT_5=25
THERMAL_SENS_OUT_6=-50
THERMAL_SENS_INT_1=25
THERMAL_SENS_INT_2=25
PG_5=0
PG_9=0
PG_12=0
FLT_P2=0

[16:14:45.934 EBOX]
FLT_P3=0
HEAT_1_TEMP=23
HEAT_1_DUTY=0
HEAT_1_SP=-20.0
HEAT_2_TEMP=25
HEAT_2_DUTY=0
HEAT_2_SP=-20.0
HEAT_3_TEMP=25
HEAT_3_DUTY=0
HEAT_3_SP=-20.0
HEAT_4_TEMP=25
HEAT_4_DUTY=0
HEAT_4_SP=-20.0
MOTOR_ANGLE=-0.0003779069767441861
MOTOR_ACCUM=-0.0003779069767441861
MOTOR_ROT=0
TS=1786201508.695
V_SENSE5=1.11083984375
V_SENSE9=0.04638671875
V_SENSE12=0.15380859375
ADC_V5=4.9560546875
ADC_V9=9.21295166015625
ADC_V12=11.6644287109375
ADC_V28=27.86895751953125
THERMAL_SENS_OUT_1=25
THERMAL_SENS_OUT_2=-50
THERMAL_SENS_OUT_3=25
THERMAL_SENS_OUT_4=28
THERMAL_SENS_OUT_5=30
THERMAL_SENS_OUT_6=-50
THERMAL_SENS_INT_1=24
THERMAL_SENS_INT_2=29
PG_5=0
PG_9=0
PG_12=0
FLT_P2=0
FLT_P3=0
HEAT_1_TEMP=25
HEAT_1_DUTY=0
HEAT_1_SP=-20.0
HEAT_2_TEMP=25
HEAT_2_DUTY=0
HEAT_2_SP=-20.0
HEAT_3_TEMP=28
HEAT_3_DUTY=0
HEAT_3_SP=-20.0
HEAT_4_TEMP=30
HEAT_4_DUTY=0
HEAT_4_SP=-20.0
MOTOR_ANGLE=-0.0003779069767441861
MOTOR_ACCUM=-0.0003779069767441861
MOTOR_ROT=0
TS=1786201509.190
V_SENSE5=1.220703125
V_SENSE9=0.0390625
V_SENSE12=0.0927734375
ADC_V5=4.9737548828125
ADC_V9=9.08905029296875
ADC_V12=11.65557861328125
ADC_V28=27.83355712890625
THERMAL_SENS_OUT_1=26
THERMAL_SENS_OUT_2=-50
THERMAL_SENS_OUT_3=25
THERMAL_SENS_OUT_4=26
THERMAL_SENS_OUT_5=27
THERMAL_SENS_OUT_6=-50
THERMAL_SENS_INT_1=23
THERMAL_SENS_INT_2=27
PG_5=0
PG_9=0
PG_12=0
FLT_P2=0
FLT_P3=0
HEAT_1_TEMP=26
HEAT_1_DUTY=0
HEAT_1_SP=-20.0
HEAT_2_TEMP=25
HEAT_2_DUTY=0
HEAT_2_SP=-20.0
HEAT_3_TEMP=26
HEAT_3_DUTY=0

[16:14:47.197 EBOX]
HEAT_3_SP=-20.0
HEAT_4_TEMP=27
HEAT_4_DUTY=0
HEAT_4_SP=-20.0
MOTOR_ANGLE=-0.0003779069767441861
MOTOR_ACCUM=-0.0003779069767441861
MOTOR_ROT=0
TS=1786201509.691
V_SENSE5=1.20849609375
V_SENSE9=0.0390625
V_SENSE12=0.10009765625
ADC_V5=5.00030517578125
ADC_V9=9.381103515625
ADC_V12=11.88568115234375
ADC_V28=27.95745849609375
THERMAL_SENS_OUT_1=25
THERMAL_SENS_OUT_2=-50
THERMAL_SENS_OUT_3=25
THERMAL_SENS_OUT_4=26
THERMAL_SENS_OUT_5=26
THERMAL_SENS_OUT_6=-50
THERMAL_SENS_INT_1=27
THERMAL_SENS_INT_2=25
PG_5=0
PG_9=0
PG_12=0
FLT_P2=0
FLT_P3=0
HEAT_1_TEMP=25
HEAT_1_DUTY=0
HEAT_1_SP=-20.0
HEAT_2_TEMP=25
HEAT_2_DUTY=0
HEAT_2_SP=-20.0
HEAT_3_TEMP=26
HEAT_3_DUTY=0
HEAT_3_SP=-20.0
HEAT_4_TEMP=26
HEAT_4_DUTY=0
HEAT_4_SP=-20.0
MOTOR_ANGLE=-0.0003779069767441861
MOTOR_ACCUM=-0.0003779069767441861
MOTOR_ROT=0
TS=1786201510.193
V_SENSE5=1.20361328125
V_SENSE9=0.04150390625
V_SENSE12=0.10009765625
ADC_V5=4.88525390625
ADC_V9=9.35455322265625
ADC_V12=11.82373046875
ADC_V28=27.5946044921875
THERMAL_SENS_OUT_1=25
THERMAL_SENS_OUT_2=-50
THERMAL_SENS_OUT_3=29
THERMAL_SENS_OUT_4=24
THERMAL_SENS_OUT_5=26
THERMAL_SENS_OUT_6=-50
THERMAL_SENS_INT_1=26
THERMAL_SENS_INT_2=28
PG_5=0
PG_9=0
PG_12=0
FLT_P2=0
FLT_P3=0
HEAT_1_TEMP=25
HEAT_1_DUTY=0
HEAT_1_SP=-20.0
HEAT_2_TEMP=29
HEAT_2_DUTY=0
HEAT_2_SP=-20.0
HEAT_3_TEMP=24
HEAT_3_DUTY=0
HEAT_3_SP=-20.0
HEAT_4_TEMP=26
HEAT_4_DUTY=0
HEAT_4_SP=-20.0
MOTOR_ANGLE=-0.0003779069767441861
MOTOR_ACCUM=-0.0003779069767441861
MOTOR_ROT=0
TS=1786201510.694
V_SENSE5=1.27197265625
V_SENSE9=0.0341796875
V_SENSE12=0.11962890625
ADC_V5=4.991455078125
ADC_V9=9.17755126953125
ADC_V12=11.8414306640625
ADC_V28=27.364501953125
THERMAL_SENS_OUT_1=26
THERMAL_SENS_OUT_2=-50
THERMAL_SENS_OUT_3=26
THERMAL_SENS_OUT_4=25
THERMAL_SENS_OUT_5=27
THERMAL_SENS_OUT_6=-50
THERMAL_SENS_INT_1=24
THERMAL_SENS_INT_2=28
PG_5=0
PG_9=0
PG_12=0
FLT_P2=0
FLT_P3=0
HEAT_1_TEMP=26
HEAT_1_DUTY=0
HEAT_1_SP=-20.0
HEAT_2_TEMP=26
HEAT_2_DUTY=0
HEAT_2_SP=-20.0
HEAT_3_TEMP=25
HEAT_3_DUTY=0
HEAT_3_SP=-20.0
HEAT_4_TEMP=27
HEAT_4_DUTY=0
HEAT_4_SP=-20.0
MOTOR_ANGLE=-0.0003779069767441861
MOTOR_ACCUM=-0.0003779069767441861
MOTOR_ROT=0
TS=1786201511.203
V_SENSE5=1.1376953125
V_SENSE9=0.03173828125
V_SENSE12=0.06591796875
ADC_V5=4.85870361328125
ADC_V9=9.46075439453125
ADC_V12=11.70867919921875
ADC_V28=27.93975830078125
THERMAL_SENS_OUT_1=24
THERMAL_SENS_OUT_2=-50
THERMAL_SENS_OUT_3=25
THERMAL_SENS_OUT_4=24
THERMAL_SENS_OUT_5=27
THERMAL_SENS_OUT_6=-50
THERMAL_SENS_INT_1=25
THERMAL_SENS_INT_2=26
PG_5=0
PG_9=0
PG_12=0
FLT_P2=0
FLT_P3=0
HEAT_1_TEMP=24
HEAT_1_DUTY=0
HEAT_1_SP=-20.0
HEAT_2_TEMP=25
HEAT_2_DUTY=0
HEAT_2_SP=-20.0
HEAT_3_TEMP=24
HEAT_3_DUTY=0
HEAT_3_SP=-20.0
HEAT_4_TEMP=27
HEAT_4_DUTY=0
HEAT_4_SP=-20.0
MOTOR_ANGLE=-0.0003779069767441861
MOTOR_ACCUM=-0.0003779069767441861
MOTOR_ROT=0
TS=1786201511.703
V_SENSE5=1.14501953125
V_SENSE9=0.0390625
V_SENSE12=0.11474609375

[16:14:48.872 EBOX]
ADC_V5=4.9383544921875
ADC_V9=9.44305419921875
ADC_V12=11.788330078125
ADC_V28=27.10784912109375
THERMAL_SENS_OUT_1=25
THERMAL_SENS_OUT_2=-50
THERMAL_SENS_OUT_3=29
THERMAL_SENS_OUT_4=25
THERMAL_SENS_OUT_5=27
THERMAL_SENS_OUT_6=-50
THERMAL_SENS_INT_1=27
THERMAL_SENS_INT_2=24
PG_5=0
PG_9=0
PG_12=0
FLT_P2=0
FLT_P3=0
HEAT_1_TEMP=25
HEAT_1_DUTY=0
HEAT_1_SP=-20.0
HEAT_2_TEMP=29
HEAT_2_DUTY=0
HEAT_2_SP=-20.0
HEAT_3_TEMP=25
HEAT_3_DUTY=0
HEAT_3_SP=-20.0
HEAT_4_TEMP=27
HEAT_4_DUTY=0
HEAT_4_SP=-20.0
MOTOR_ANGLE=-0.0003779069767441861
MOTOR_ACCUM=-0.0003779069767441861
MOTOR_ROT=0
TS=1786201512.205
V_SENSE5=1.12548828125
V_SENSE9=0.05615234375
V_SENSE12=0.1171875
ADC_V5=4.89410400390625
ADC_V9=9.13330078125
ADC_V12=11.62017822265625
ADC_V28=27.69195556640625
THERMAL_SENS_OUT_1=24
THERMAL_SENS_OUT_2=-50
THERMAL_SENS_OUT_3=25
THERMAL_SENS_OUT_4=25
THERMAL_SENS_OUT_5=28
THERMAL_SENS_OUT_6=-50
THERMAL_SENS_INT_1=26
THERMAL_SENS_INT_2=26
PG_5=0
PG_9=0
PG_12=0
FLT_P2=0
FLT_P3=0
HEAT_1_TEMP=24
HEAT_1_DUTY=0
HEAT_1_SP=-20.0
HEAT_2_TEMP=25
HEAT_2_DUTY=0
HEAT_2_SP=-20.0
HEAT_3_TEMP=25
HEAT_3_DUTY=0
HEAT_3_SP=-20.0
HEAT_4_TEMP=28
HEAT_4_DUTY=0
HEAT_4_SP=-20.0
MOTOR_ANGLE=-0.0003779069767441861
MOTOR_ACCUM=-0.0003779069767441861
MOTOR_ROT=0
TS=1786201512.701
V_SENSE5=1.25244140625
V_SENSE9=0.0390625
V_SENSE12=0.10009765625
ADC_V5=4.991455078125
ADC_V9=8.89434814453125
ADC_V12=11.9122314453125
ADC_V28=27.72735595703125
THERMAL_SENS_OUT_1=27
THERMAL_SENS_OUT_2=-50

[16:14:49.226 EBOX]
THERMAL_SENS_OUT_3=25
THERMAL_SENS_OUT_4=26
THERMAL_SENS_OUT_5=27
THERMAL_SENS_OUT_6=-50
THERMAL_SENS_INT_1=26
THERMAL_SENS_INT_2=24
PG_5=0
PG_9=0
PG_12=0
FLT_P2=0
FLT_P3=0
HEAT_1_TEMP=27
HEAT_1_DUTY=0
HEAT_1_SP=-20.0
HEAT_2_TEMP=25
HEAT_2_DUTY=0
HEAT_2_SP=-20.0
HEAT_3_TEMP=26
HEAT_3_DUTY=0
HEAT_3_SP=-20.0
HEAT_4_TEMP=27
HEAT_4_DUTY=0
HEAT_4_SP=-20.0
MOTOR_ANGLE=-0.0003779069767441861
MOTOR_ACCUM=-0.0003779069767441861
MOTOR_ROT=0
TS=1786201513.201
V_SENSE5=1.19384765625
V_SENSE9=0.03662109375
V_SENSE12=0.11474609375
ADC_V5=4.9560546875
ADC_V9=9.44305419921875
ADC_V12=11.72637939453125
ADC_V28=27.9486083984375
THERMAL_SENS_OUT_1=24
THERMAL_SENS_OUT_2=-50
THERMAL_SENS_OUT_3=25
THERMAL_SENS_OUT_4=27
THERMAL_SENS_OUT_5=26
THERMAL_SENS_OUT_6=-50
THERMAL_SENS_INT_1=24
THERMAL_SENS_INT_2=28
PG_5=0
PG_9=0
PG_12=0
FLT_P2=0
FLT_P3=0
HEAT_1_TEMP=24
HEAT_1_DUTY=0
HEAT_1_SP=-20.0
HEAT_2_TEMP=25
HEAT_2_DUTY=0
HEAT_2_SP=-20.0
HEAT_3_TEMP=27
HEAT_3_DUTY=0
HEAT_3_SP=-20.0
HEAT_4_TEMP=26
HEAT_4_DUTY=0
HEAT_4_SP=-20.0
MOTOR_ANGLE=-0.0003779069767441861
MOTOR_ACCUM=-0.0003779069767441861
MOTOR_ROT=0
TS=1786201513.703
V_SENSE5=1.2060546875
V_SENSE9=0.0390625
V_SENSE12=0.107421875
ADC_V5=5.01800537109375
ADC_V9=9.10675048828125
ADC_V12=11.79718017578125
ADC_V28=27.9132080078125
THERMAL_SENS_OUT_1=22
THERMAL_SENS_OUT_2=-50
THERMAL_SENS_OUT_3=27
THERMAL_SENS_OUT_4=27
THERMAL_SENS_OUT_5=30
THERMAL_SENS_OUT_6=-50
THERMAL_SENS_INT_1=27
THERMAL_SENS_INT_2=24
PG_5=0
PG_9=0
PG_12=0
FLT_P2=0
FLT_P3=0
HEAT_1_TEMP=22
HEAT_1_DUTY=0
HEAT_1_SP=-20.0
HEAT_2_TEMP=27
HEAT_2_DUTY=0
HEAT_2_SP=-20.0
HEAT_3_TEMP=27
HEAT_3_DUTY=0
HEAT_3_SP=-20.0
HEAT_4_TEMP=30
HEAT_4_DUTY=0
HEAT_4_SP=-20.0
MOTOR_ANGLE=-0.0003779069767441861
MOTOR_ACCUM=-0.0003779069767441861
MOTOR_ROT=0
TS=1786201514.204
V_SENSE5=1.2353515625
V_SENSE9=0.0390625
V_SENSE12=0.1123046875
ADC_V5=4.96490478515625
ADC_V9=8.94744873046875
ADC_V12=11.9122314453125
ADC_V28=27.53265380859375
THERMAL_SENS_OUT_1=24
THERMAL_SENS_OUT_2=-50
THERMAL_SENS_OUT_3=27
THERMAL_SENS_OUT_4=25
THERMAL_SENS_OUT_5=26
THERMAL_SENS_OUT_6=-50
THERMAL_SENS_INT_1=25
THERMAL_SENS_INT_2=24
PG_5=0
PG_9=0
PG_12=0
FLT_P2=0
FLT_P3=0
HEAT_1_TEMP=24
HEAT_1_DUTY=0
HEAT_1_SP=-20.0
HEAT_2_TEMP=27
HEAT_2_DUTY=0
HEAT_2_SP=-20.0
HEAT_3_TEMP=25
HEAT_3_DUTY=0
HEAT_3_SP=-20.0
HEAT_4_TEMP=26
HEAT_4_DUTY=0
HEAT_4_SP=-20.0
MOTOR_ANGLE=-0.0003779069767441861
MOTOR_ACCUM=-0.0003779069767441861
MOTOR_ROT=0
TS=1786201514.706
V_SENSE5=1.201171875
V_SENSE9=0.0390625
V_SENSE12=0.1171875
ADC_V5=4.920654296875
ADC_V9=9.30145263671875
ADC_V12=11.611328125
ADC_V28=27.435302734375
THERMAL_SENS_OUT_1=26
THERMAL_SENS_OUT_2=-50
THERMAL_SENS_OUT_3=26
THERMAL_SENS_OUT_4=27
THERMAL_SENS_OUT_5=27
THERMAL_SENS_OUT_6=-50
THERMAL_SENS_INT_1=24
THERMAL_SENS_INT_2=28
PG_5=0
PG_9=0
PG_12=0
FLT_P2=0
FLT_P3=0
HEAT_1_TEMP=26
HEAT_1_DUTY=0
HEAT_1_SP=-20.0
HEAT_2_TEMP=26
HEAT_2_DUTY=0
HEAT_2_SP=-20.0

[16:14:49.960 EBOX]
HEAT_3_TEMP=27
HEAT_3_DUTY=0
HEAT_3_SP=-20.0
HEAT_4_TEMP=27
HEAT_4_DUTY=0
HEAT_4_SP=-20.0
MOTOR_ANGLE=-0.0003779069767441861
MOTOR_ACCUM=-0.0003779069767441861
MOTOR_ROT=0
TS=1786201515.208
V_SENSE5=1.2890625
V_SENSE9=0.09521484375
V_SENSE12=0.09765625
ADC_V5=4.96490478515625
ADC_V9=9.1510009765625
ADC_V12=11.92108154296875
ADC_V28=27.7362060546875
THERMAL_SENS_OUT_1=27
THERMAL_SENS_OUT_2=-50
THERMAL_SENS_OUT_3=25
THERMAL_SENS_OUT_4=27
THERMAL_SENS_OUT_5=29
THERMAL_SENS_OUT_6=-50
THERMAL_SENS_INT_1=27
THERMAL_SENS_INT_2=25
PG_5=0
PG_9=0
PG_12=0
FLT_P2=0
FLT_P3=0
HEAT_1_TEMP=27
HEAT_1_DUTY=0
HEAT_1_SP=-20.0
HEAT_2_TEMP=25
HEAT_2_DUTY=0
HEAT_2_SP=-20.0
HEAT_3_TEMP=27
HEAT_3_DUTY=0
HEAT_3_SP=-20.0
HEAT_4_TEMP=29
HEAT_4_DUTY=0
HEAT_4_SP=-20.0
MOTOR_ANGLE=-0.0003779069767441861
MOTOR_ACCUM=-0.0003779069767441861
MOTOR_ROT=0
TS=1786201515.710
V_SENSE5=1.23291015625
V_SENSE9=0.0341796875
V_SENSE12=0.0927734375
ADC_V5=4.991455078125
ADC_V9=9.15985107421875
ADC_V12=11.81488037109375
ADC_V28=27.293701171875
THERMAL_SENS_OUT_1=23
THERMAL_SENS_OUT_2=-50
THERMAL_SENS_OUT_3=27
THERMAL_SENS_OUT_4=27
THERMAL_SENS_OUT_5=29
THERMAL_SENS_OUT_6=-50
THERMAL_SENS_INT_1=25
THERMAL_SENS_INT_2=28
PG_5=0
PG_9=0
PG_12=0
FLT_P2=0
FLT_P3=0
HEAT_1_TEMP=23
HEAT_1_DUTY=0
HEAT_1_SP=-20.0
HEAT_2_TEMP=27
HEAT_2_DUTY=0
HEAT_2_SP=-20.0
HEAT_3_TEMP=27
HEAT_3_DUTY=0
HEAT_3_SP=-20.0
HEAT_4_TEMP=29
HEAT_4_DUTY=0
HEAT_4_SP=-20.0
MOTOR_ANGLE=-0.0003779069767441861
MOTOR_ACCUM=-0.0003779069767441861
MOTOR_ROT=0

[16:14:51.899 EBOX]
TS=1786201516.210
V_SENSE5=1.2646484375
V_SENSE9=0.0341796875
V_SENSE12=0.10986328125
ADC_V5=4.9737548828125
ADC_V9=9.30145263671875
ADC_V12=11.90338134765625
ADC_V28=27.33795166015625
THERMAL_SENS_OUT_1=24
THERMAL_SENS_OUT_2=-50
THERMAL_SENS_OUT_3=25
THERMAL_SENS_OUT_4=27
THERMAL_SENS_OUT_5=27
THERMAL_SENS_OUT_6=-50
THERMAL_SENS_INT_1=24
THERMAL_SENS_INT_2=28
PG_5=0
PG_9=0
PG_12=0
FLT_P2=0
FLT_P3=0
HEAT_1_TEMP=24
HEAT_1_DUTY=0
HEAT_1_SP=-20.0
HEAT_2_TEMP=25
HEAT_2_DUTY=0
HEAT_2_SP=-20.0
HEAT_3_TEMP=27
HEAT_3_DUTY=0
HEAT_3_SP=-20.0
HEAT_4_TEMP=27
HEAT_4_DUTY=0
HEAT_4_SP=-20.0
MOTOR_ANGLE=-0.0003779069767441861
MOTOR_ACCUM=-0.0003779069767441861
MOTOR_ROT=0
TS=1786201516.718
V_SENSE5=1.13525390625
V_SENSE9=0.0341796875
V_SENSE12=0.1025390625
ADC_V5=4.8675537109375
ADC_V9=9.3280029296875
ADC_V12=11.60247802734375
ADC_V28=27.83355712890625
THERMAL_SENS_OUT_1=24
THERMAL_SENS_OUT_2=-50
THERMAL_SENS_OUT_3=27
THERMAL_SENS_OUT_4=23
THERMAL_SENS_OUT_5=27
THERMAL_SENS_OUT_6=-50
THERMAL_SENS_INT_1=28
THERMAL_SENS_INT_2=26
PG_5=0
PG_9=0
PG_12=0
FLT_P2=0
FLT_P3=0
HEAT_1_TEMP=24
HEAT_1_DUTY=0
HEAT_1_SP=-20.0
HEAT_2_TEMP=27
HEAT_2_DUTY=0
HEAT_2_SP=-20.0
HEAT_3_TEMP=23
HEAT_3_DUTY=0
HEAT_3_SP=-20.0
HEAT_4_TEMP=27
HEAT_4_DUTY=0
HEAT_4_SP=-20.0
MOTOR_ANGLE=-0.0003779069767441861
MOTOR_ACCUM=-0.0003779069767441861
MOTOR_ROT=0

[16:14:52.430 EBOX]
TS=1786201517.220
V_SENSE5=1.11328125
V_SENSE9=0.03173828125
V_SENSE12=0.10498046875
ADC_V5=4.96490478515625
ADC_V9=9.10675048828125
ADC_V12=11.83258056640625
ADC_V28=27.97515869140625
THERMAL_SENS_OUT_1=24
THERMAL_SENS_OUT_2=-50
THERMAL_SENS_OUT_3=30
THERMAL_SENS_OUT_4=25
THERMAL_SENS_OUT_5=29
THERMAL_SENS_OUT_6=-50
THERMAL_SENS_INT_1=25
THERMAL_SENS_INT_2=28
PG_5=0
PG_9=0
PG_12=0
FLT_P2=0
FLT_P3=0
HEAT_1_TEMP=24
HEAT_1_DUTY=0
HEAT_1_SP=-20.0
HEAT_2_TEMP=30
HEAT_2_DUTY=0
HEAT_2_SP=-20.0
HEAT_3_TEMP=25
HEAT_3_DUTY=0
HEAT_3_SP=-20.0
HEAT_4_TEMP=29
HEAT_4_DUTY=0
HEAT_4_SP=-20.0
MOTOR_ANGLE=-0.0003779069767441861
MOTOR_ACCUM=-0.0003779069767441861
MOTOR_ROT=0
TS=1786201517.716
V_SENSE5=1.3818359375
V_SENSE9=0.0390625
V_SENSE12=0.09033203125
ADC_V5=4.98260498046875
ADC_V9=8.9385986328125
ADC_V12=11.646728515625
ADC_V28=27.85125732421875
THERMAL_SENS_OUT_1=26
THERMAL_SENS_OUT_2=-50
THERMAL_SENS_OUT_3=25
THERMAL_SENS_OUT_4=26
THERMAL_SENS_OUT_5=27
THERMAL_SENS_OUT_6=-50
THERMAL_SENS_INT_1=25
THERMAL_SENS_INT_2=29
PG_5=0
PG_9=0
PG_12=0
FLT_P2=0
FLT_P3=0
HEAT_1_TEMP=26
HEAT_1_DUTY=0
HEAT_1_SP=-20.0
HEAT_2_TEMP=25
HEAT_2_DUTY=0
HEAT_2_SP=-20.0
HEAT_3_TEMP=26
HEAT_3_DUTY=0
HEAT_3_SP=-20.0
HEAT_4_TEMP=27
HEAT_4_DUTY=0
HEAT_4_SP=-20.0
MOTOR_ANGLE=-0.0003779069767441861
MOTOR_ACCUM=-0.0003779069767441861
MOTOR_ROT=0

[16:14:54.469 EBOX]
TS=1786201518.216
V_SENSE5=1.171875
V_SENSE9=0.0390625
V_SENSE12=0.1123046875
ADC_V5=4.94720458984375
ADC_V9=9.3634033203125
ADC_V12=11.717529296875
ADC_V28=27.56805419921875
THERMAL_SENS_OUT_1=27
THERMAL_SENS_OUT_2=-50
THERMAL_SENS_OUT_3=25
THERMAL_SENS_OUT_4=27
THERMAL_SENS_OUT_5=28
THERMAL_SENS_OUT_6=-50
THERMAL_SENS_INT_1=25
THERMAL_SENS_INT_2=26
PG_5=0
PG_9=0
PG_12=0
FLT_P2=0
FLT_P3=0
HEAT_1_TEMP=27
HEAT_1_DUTY=0
HEAT_1_SP=-20.0
HEAT_2_TEMP=25
HEAT_2_DUTY=0
HEAT_2_SP=-20.0
HEAT_3_TEMP=27
HEAT_3_DUTY=0
HEAT_3_SP=-20.0
HEAT_4_TEMP=28
HEAT_4_DUTY=0
HEAT_4_SP=-20.0
MOTOR_ANGLE=-0.0003779069767441861
MOTOR_ACCUM=-0.0003779069767441861
MOTOR_ROT=0
TS=1786201518.718
V_SENSE5=1.24755859375
V_SENSE9=0.0341796875
V_SENSE12=0.1171875
ADC_V5=4.991455078125
ADC_V9=9.08905029296875
ADC_V12=11.65557861328125
ADC_V28=27.65655517578125
THERMAL_SENS_OUT_1=23
THERMAL_SENS_OUT_2=-50
THERMAL_SENS_OUT_3=27
THERMAL_SENS_OUT_4=25
THERMAL_SENS_OUT_5=29
THERMAL_SENS_OUT_6=-50
THERMAL_SENS_INT_1=26
THERMAL_SENS_INT_2=29
PG_5=0
PG_9=0
PG_12=0
FLT_P2=0
FLT_P3=0
HEAT_1_TEMP=23
HEAT_1_DUTY=0
HEAT_1_SP=-20.0
HEAT_2_TEMP=27
HEAT_2_DUTY=0
HEAT_2_SP=-20.0
HEAT_3_TEMP=25
HEAT_3_DUTY=0
HEAT_3_SP=-20.0
HEAT_4_TEMP=29
HEAT_4_DUTY=0
HEAT_4_SP=-20.0
MOTOR_ANGLE=-0.0003779069767441861
MOTOR_ACCUM=-0.0003779069767441861
MOTOR_ROT=0

[16:14:54.709 EBOX]
TS=1786201519.219
V_SENSE5=1.20361328125
V_SENSE9=0.0390625
V_SENSE12=0.10498046875
ADC_V5=5.0799560546875
ADC_V9=8.9385986328125
ADC_V12=11.82373046875
ADC_V28=27.90435791015625
THERMAL_SENS_OUT_1=23
THERMAL_SENS_OUT_2=-50
THERMAL_SENS_OUT_3=27
THERMAL_SENS_OUT_4=27
THERMAL_SENS_OUT_5=30
THERMAL_SENS_OUT_6=-50
THERMAL_SENS_INT_1=22
THERMAL_SENS_INT_2=25
PG_5=0
PG_9=0
PG_12=0
FLT_P2=0
FLT_P3=0
HEAT_1_TEMP=23
HEAT_1_DUTY=0
HEAT_1_SP=-20.0
HEAT_2_TEMP=27
HEAT_2_DUTY=0
HEAT_2_SP=-20.0
HEAT_3_TEMP=27
HEAT_3_DUTY=0
HEAT_3_SP=-20.0
HEAT_4_TEMP=30
HEAT_4_DUTY=0
HEAT_4_SP=-20.0
MOTOR_ANGLE=-0.0003779069767441861
MOTOR_ACCUM=-0.0003779069767441861
MOTOR_ROT=0
TS=1786201519.722
V_SENSE5=1.2939453125
V_SENSE9=0.06591796875
V_SENSE12=0.11474609375
ADC_V5=4.8675537109375
ADC_V9=9.33685302734375
ADC_V12=11.717529296875
ADC_V28=27.58575439453125
THERMAL_SENS_OUT_1=26
THERMAL_SENS_OUT_2=-50
THERMAL_SENS_OUT_3=29
THERMAL_SENS_OUT_4=24
THERMAL_SENS_OUT_5=29
THERMAL_SENS_OUT_6=-50
THERMAL_SENS_INT_1=23
THERMAL_SENS_INT_2=26
PG_5=0
PG_9=0
PG_12=0
FLT_P2=0
FLT_P3=0
HEAT_1_TEMP=26
HEAT_1_DUTY=0
HEAT_1_SP=-20.0
HEAT_2_TEMP=29
HEAT_2_DUTY=0
HEAT_2_SP=-20.0
HEAT_3_TEMP=24
HEAT_3_DUTY=0
HEAT_3_SP=-20.0
HEAT_4_TEMP=29
HEAT_4_DUTY=0
HEAT_4_SP=-20.0
MOTOR_ANGLE=-0.0003779069767441861
MOTOR_ACCUM=-0.0003779069767441861
MOTOR_ROT=0
TS=1786201520.222
V_SENSE5=1.3134765625
V_SENSE9=0.03662109375
V_SENSE12=0.11962890625
ADC_V5=4.88525390625

[16:14:55.550 EBOX]
ADC_V9=9.27490234375
ADC_V12=11.63787841796875
ADC_V28=27.28485107421875
THERMAL_SENS_OUT_1=24
THERMAL_SENS_OUT_2=-50
THERMAL_SENS_OUT_3=25
THERMAL_SENS_OUT_4=26
THERMAL_SENS_OUT_5=27
THERMAL_SENS_OUT_6=-50
THERMAL_SENS_INT_1=23
THERMAL_SENS_INT_2=27
PG_5=0
PG_9=0
PG_12=0
FLT_P2=0
FLT_P3=0
HEAT_1_TEMP=24
HEAT_1_DUTY=0
HEAT_1_SP=-20.0
HEAT_2_TEMP=25
HEAT_2_DUTY=0
HEAT_2_SP=-20.0
HEAT_3_TEMP=26
HEAT_3_DUTY=0
HEAT_3_SP=-20.0
HEAT_4_TEMP=27
HEAT_4_DUTY=0
HEAT_4_SP=-20.0
MOTOR_ANGLE=-0.0003779069767441861
MOTOR_ACCUM=-0.0003779069767441861
MOTOR_ROT=0
TS=1786201520.722
V_SENSE5=1.2255859375
V_SENSE9=0.0341796875
V_SENSE12=0.10498046875
ADC_V5=4.9737548828125
ADC_V9=8.96514892578125
ADC_V12=11.95648193359375
ADC_V28=27.81585693359375
THERMAL_SENS_OUT_1=26
THERMAL_SENS_OUT_2=-50
THERMAL_SENS_OUT_3=25
THERMAL_SENS_OUT_4=24
THERMAL_SENS_OUT_5=29
THERMAL_SENS_OUT_6=-50
THERMAL_SENS_INT_1=24
THERMAL_SENS_INT_2=27
PG_5=0
PG_9=0
PG_12=0
FLT_P2=0
FLT_P3=0
HEAT_1_TEMP=26
HEAT_1_DUTY=0
HEAT_1_SP=-20.0
HEAT_2_TEMP=25
HEAT_2_DUTY=0
HEAT_2_SP=-20.0
HEAT_3_TEMP=24
HEAT_3_DUTY=0
HEAT_3_SP=-20.0
HEAT_4_TEMP=29
HEAT_4_DUTY=0
HEAT_4_SP=-20.0
MOTOR_ANGLE=-0.0003779069767441861
MOTOR_ACCUM=-0.0003779069767441861
MOTOR_ROT=0
TS=1786201521.224
V_SENSE5=1.2109375
V_SENSE9=0.03662109375
V_SENSE12=0.10009765625
ADC_V5=4.89410400390625
ADC_V9=9.54925537109375
ADC_V12=11.6998291015625
ADC_V28=27.95745849609375
THERMAL_SENS_OUT_1=26
THERMAL_SENS_OUT_2=-50
THERMAL_SENS_OUT_3=25
THERMAL_SENS_OUT_4=26
THERMAL_SENS_OUT_5=27
THERMAL_SENS_OUT_6=-50
THERMAL_SENS_INT_1=23
THERMAL_SENS_INT_2=24
PG_5=0
PG_9=0
PG_12=0
FLT_P2=0
FLT_P3=0
HEAT_1_TEMP=26
HEAT_1_DUTY=0
HEAT_1_SP=-20.0
HEAT_2_TEMP=25
HEAT_2_DUTY=0
HEAT_2_SP=-20.0
HEAT_3_TEMP=26
HEAT_3_DUTY=0
HEAT_3_SP=-20.0
HEAT_4_TEMP=27
HEAT_4_DUTY=0
HEAT_4_SP=-20.0
MOTOR_ANGLE=-0.0003779069767441861
MOTOR_ACCUM=-0.0003779069767441861
MOTOR_ROT=0

[16:14:55.884 EBOX]
TS=1786201521.731
V_SENSE5=1.1376953125
V_SENSE9=0.07568359375
V_SENSE12=0.09765625
ADC_V5=4.9560546875
ADC_V9=9.3280029296875
ADC_V12=11.9122314453125
ADC_V28=27.85125732421875
THERMAL_SENS_OUT_1=25
THERMAL_SENS_OUT_2=-50
THERMAL_SENS_OUT_3=27
THERMAL_SENS_OUT_4=27
THERMAL_SENS_OUT_5=25
THERMAL_SENS_OUT_6=-50
THERMAL_SENS_INT_1=24
THERMAL_SENS_INT_2=24
PG_5=0
PG_9=0
PG_12=0
FLT_P2=0
FLT_P3=0
HEAT_1_TEMP=25
HEAT_1_DUTY=0
HEAT_1_SP=-20.0
HEAT_2_TEMP=27
HEAT_2_DUTY=0
HEAT_2_SP=-20.0
HEAT_3_TEMP=27
HEAT_3_DUTY=0
HEAT_3_SP=-20.0
HEAT_4_TEMP=25
HEAT_4_DUTY=0
HEAT_4_SP=-20.0
MOTOR_ANGLE=-0.0003779069767441861
MOTOR_ACCUM=-0.0003779069767441861
MOTOR_ROT=0
TS=1786201522.226
V_SENSE5=1.279296875
V_SENSE9=0.0390625
V_SENSE12=0.1171875
ADC_V5=4.98260498046875
ADC_V9=9.00054931640625
ADC_V12=11.9122314453125
ADC_V28=27.56805419921875
THERMAL_SENS_OUT_1=23
THERMAL_SENS_OUT_2=-50
THERMAL_SENS_OUT_3=26
THERMAL_SENS_OUT_4=27
THERMAL_SENS_OUT_5=26
THERMAL_SENS_OUT_6=-50
THERMAL_SENS_INT_1=25
THERMAL_SENS_INT_2=27
PG_5=0
PG_9=0
PG_12=0
FLT_P2=0
FLT_P3=0
HEAT_1_TEMP=23
HEAT_1_DUTY=0
HEAT_1_SP=-20.0
HEAT_2_TEMP=26
HEAT_2_DUTY=0
HEAT_2_SP=-20.0
HEAT_3_TEMP=27
HEAT_3_DUTY=0
HEAT_3_SP=-20.0
HEAT_4_TEMP=26
HEAT_4_DUTY=0
HEAT_4_SP=-20.0
MOTOR_ANGLE=-0.0003779069767441861
MOTOR_ACCUM=-0.0003779069767441861
MOTOR_ROT=0

[16:15:01.912 EBOX]
TS=1786201522.728
V_SENSE5=1.2060546875
V_SENSE9=0.0390625
V_SENSE12=0.1220703125
ADC_V5=4.96490478515625
ADC_V9=8.9031982421875
ADC_V12=11.8060302734375
ADC_V28=27.28485107421875
THERMAL_SENS_OUT_1=23
THERMAL_SENS_OUT_2=-50
THERMAL_SENS_OUT_3=28
THERMAL_SENS_OUT_4=25
THERMAL_SENS_OUT_5=30
THERMAL_SENS_OUT_6=-50
THERMAL_SENS_INT_1=27
THERMAL_SENS_INT_2=25
PG_5=0
PG_9=0
PG_12=0
FLT_P2=0
FLT_P3=0
HEAT_1_TEMP=23
HEAT_1_DUTY=0
HEAT_1_SP=-20.0
HEAT_2_TEMP=28
HEAT_2_DUTY=0
HEAT_2_SP=-20.0
HEAT_3_TEMP=25
HEAT_3_DUTY=0
HEAT_3_SP=-20.0
HEAT_4_TEMP=30
HEAT_4_DUTY=0
HEAT_4_SP=-20.0
MOTOR_ANGLE=-0.0003779069767441861
MOTOR_ACCUM=-0.0003779069767441861
MOTOR_ROT=0
TS=1786201523.228
V_SENSE5=1.20849609375
V_SENSE9=0.03662109375
V_SENSE12=0.107421875
ADC_V5=4.9029541015625
ADC_V9=9.4342041015625
ADC_V12=11.67327880859375
ADC_V28=27.860107421875
THERMAL_SENS_OUT_1=26
THERMAL_SENS_OUT_2=-50
THERMAL_SENS_OUT_3=26
THERMAL_SENS_OUT_4=27
THERMAL_SENS_OUT_5=27
THERMAL_SENS_OUT_6=-50
THERMAL_SENS_INT_1=24
THERMAL_SENS_INT_2=27
PG_5=0
PG_9=0
PG_12=0
FLT_P2=0
FLT_P3=0
HEAT_1_TEMP=26
HEAT_1_DUTY=0
HEAT_1_SP=-20.0
HEAT_2_TEMP=26
HEAT_2_DUTY=0
HEAT_2_SP=-20.0
HEAT_3_TEMP=27
HEAT_3_DUTY=0
HEAT_3_SP=-20.0
HEAT_4_TEMP=27
HEAT_4_DUTY=0
HEAT_4_SP=-20.0
MOTOR_ANGLE=-0.0003779069767441861
MOTOR_ACCUM=-0.0003779069767441861
MOTOR_ROT=0
TS=1786201523.730
V_SENSE5=1.19384765625
V_SENSE9=0.03662109375
V_SENSE12=0.09033203125
ADC_V5=5.00030517578125
ADC_V9=9.13330078125
ADC_V12=11.929931640625
ADC_V28=27.88665771484375
THERMAL_SENS_OUT_1=26
THERMAL_SENS_OUT_2=-50
THERMAL_SENS_OUT_3=26
THERMAL_SENS_OUT_4=27
THERMAL_SENS_OUT_5=26
THERMAL_SENS_OUT_6=-50
THERMAL_SENS_INT_1=23
THERMAL_SENS_INT_2=28
PG_5=0
PG_9=0
PG_12=0
FLT_P2=0
FLT_P3=0
HEAT_1_TEMP=26
HEAT_1_DUTY=0
HEAT_1_SP=-20.0
HEAT_2_TEMP=26
HEAT_2_DUTY=0
HEAT_2_SP=-20.0
HEAT_3_TEMP=27
HEAT_3_DUTY=0
HEAT_3_SP=-20.0
HEAT_4_TEMP=26
HEAT_4_DUTY=0
HEAT_4_SP=-20.0
MOTOR_ANGLE=-0.0003779069767441861
MOTOR_ACCUM=-0.0003779069767441861
MOTOR_ROT=0
TS=1786201524.231
V_SENSE5=1.18408203125
V_SENSE9=0.03662109375
V_SENSE12=0.15380859375
ADC_V5=4.991455078125

[16:15:03.063 EBOX]
ADC_V9=8.8677978515625
ADC_V12=11.859130859375
ADC_V28=27.2406005859375
THERMAL_SENS_OUT_1=25
THERMAL_SENS_OUT_2=-50
THERMAL_SENS_OUT_3=25
THERMAL_SENS_OUT_4=27
THERMAL_SENS_OUT_5=26
THERMAL_SENS_OUT_6=-50
THERMAL_SENS_INT_1=22
THERMAL_SENS_INT_2=24
PG_5=0
PG_9=0
PG_12=0
FLT_P2=0
FLT_P3=0
HEAT_1_TEMP=25
HEAT_1_DUTY=0
HEAT_1_SP=-20.0
HEAT_2_TEMP=25
HEAT_2_DUTY=0
HEAT_2_SP=-20.0
HEAT_3_TEMP=27
HEAT_3_DUTY=0
HEAT_3_SP=-20.0
HEAT_4_TEMP=26
HEAT_4_DUTY=0
HEAT_4_SP=-20.0
MOTOR_ANGLE=-0.0003779069767441861
MOTOR_ACCUM=-0.0003779069767441861
MOTOR_ROT=0
TS=1786201524.733
V_SENSE5=1.2109375
V_SENSE9=0.04150390625
V_SENSE12=0.10009765625
ADC_V5=5.00030517578125
ADC_V9=9.27490234375
ADC_V12=11.7352294921875
ADC_V28=27.718505859375
THERMAL_SENS_OUT_1=25
THERMAL_SENS_OUT_2=-50
THERMAL_SENS_OUT_3=29
THERMAL_SENS_OUT_4=26
THERMAL_SENS_OUT_5=26
THERMAL_SENS_OUT_6=-50
THERMAL_SENS_INT_1=26
THERMAL_SENS_INT_2=24
PG_5=0
PG_9=0
PG_12=0
FLT_P2=0
FLT_P3=0
HEAT_1_TEMP=25
HEAT_1_DUTY=0
HEAT_1_SP=-20.0
HEAT_2_TEMP=29
HEAT_2_DUTY=0
HEAT_2_SP=-20.0
HEAT_3_TEMP=26
HEAT_3_DUTY=0
HEAT_3_SP=-20.0
HEAT_4_TEMP=26
HEAT_4_DUTY=0
HEAT_4_SP=-20.0
MOTOR_ANGLE=-0.0003779069767441861
MOTOR_ACCUM=-0.0003779069767441861
MOTOR_ROT=0
TS=1786201525.234
V_SENSE5=1.24755859375
V_SENSE9=0.0341796875
V_SENSE12=0.10498046875
ADC_V5=5.00030517578125
ADC_V9=9.1864013671875
ADC_V12=11.788330078125
ADC_V28=27.8778076171875
THERMAL_SENS_OUT_1=26
THERMAL_SENS_OUT_2=-50
THERMAL_SENS_OUT_3=28

[16:15:03.202 EBOX]
THERMAL_SENS_OUT_4=24
THERMAL_SENS_OUT_5=26
THERMAL_SENS_OUT_6=-50
THERMAL_SENS_INT_1=24
THERMAL_SENS_INT_2=26
PG_5=0
PG_9=0
PG_12=0
FLT_P2=0
FLT_P3=0
HEAT_1_TEMP=26
HEAT_1_DUTY=0
HEAT_1_SP=-20.0
HEAT_2_TEMP=28
HEAT_2_DUTY=0
HEAT_2_SP=-20.0
HEAT_3_TEMP=24
HEAT_3_DUTY=0
HEAT_3_SP=-20.0
HEAT_4_TEMP=26
HEAT_4_DUTY=0
HEAT_4_SP=-20.0
MOTOR_ANGLE=-0.0003779069767441861
MOTOR_ACCUM=-0.0003779069767441861
MOTOR_ROT=0
TS=1786201525.735
V_SENSE5=1.201171875
V_SENSE9=0.0341796875
V_SENSE12=0.09033203125
ADC_V5=4.991455078125
ADC_V9=9.0093994140625
ADC_V12=11.92108154296875
ADC_V28=27.67425537109375
THERMAL_SENS_OUT_1=28
THERMAL_SENS_OUT_2=-50
THERMAL_SENS_OUT_3=28
THERMAL_SENS_OUT_4=23
THERMAL_SENS_OUT_5=26
THERMAL_SENS_OUT_6=-50
THERMAL_SENS_INT_1=23
THERMAL_SENS_INT_2=28
PG_5=0
PG_9=0
PG_12=0
FLT_P2=0
FLT_P3=0
HEAT_1_TEMP=28
HEAT_1_DUTY=0
HEAT_1_SP=-20.0
HEAT_2_TEMP=28
HEAT_2_DUTY=0
HEAT_2_SP=-20.0
HEAT_3_TEMP=23
HEAT_3_DUTY=0
HEAT_3_SP=-20.0
HEAT_4_TEMP=26
HEAT_4_DUTY=0
HEAT_4_SP=-20.0
MOTOR_ANGLE=-0.0003779069767441861
MOTOR_ACCUM=-0.0003779069767441861
MOTOR_ROT=0
TS=1786201526.245
V_SENSE5=1.15478515625
V_SENSE9=0.0390625
V_SENSE12=0.1171875
ADC_V5=4.89410400390625
ADC_V9=9.49615478515625
ADC_V12=11.83258056640625
ADC_V28=27.67425537109375
THERMAL_SENS_OUT_1=26
THERMAL_SENS_OUT_2=-50
THERMAL_SENS_OUT_3=25
THERMAL_SENS_OUT_4=24
THERMAL_SENS_OUT_5=26
THERMAL_SENS_OUT_6=-50
THERMAL_SENS_INT_1=22
THERMAL_SENS_INT_2=28
PG_5=0
PG_9=0

[16:15:04.403 EBOX]
PG_12=0
FLT_P2=0
FLT_P3=0
HEAT_1_TEMP=26
HEAT_1_DUTY=0
HEAT_1_SP=-20.0
HEAT_2_TEMP=25
HEAT_2_DUTY=0
HEAT_2_SP=-20.0
HEAT_3_TEMP=24
HEAT_3_DUTY=0
HEAT_3_SP=-20.0
HEAT_4_TEMP=26
HEAT_4_DUTY=0
HEAT_4_SP=-20.0
MOTOR_ANGLE=-0.0003779069767441861
MOTOR_ACCUM=-0.0003779069767441861
MOTOR_ROT=0
TS=1786201526.738
V_SENSE5=1.1865234375
V_SENSE9=0.03662109375
V_SENSE12=0.107421875
ADC_V5=4.89410400390625
ADC_V9=9.1864013671875
ADC_V12=11.77947998046875
ADC_V28=27.47955322265625
THERMAL_SENS_OUT_1=23
THERMAL_SENS_OUT_2=-50
THERMAL_SENS_OUT_3=26
THERMAL_SENS_OUT_4=27
THERMAL_SENS_OUT_5=27
THERMAL_SENS_OUT_6=-50
THERMAL_SENS_INT_1=25
THERMAL_SENS_INT_2=25
PG_5=0
PG_9=0
PG_12=0
FLT_P2=0
FLT_P3=0
HEAT_1_TEMP=23
HEAT_1_DUTY=0
HEAT_1_SP=-20.0
HEAT_2_TEMP=26
HEAT_2_DUTY=0
HEAT_2_SP=-20.0
HEAT_3_TEMP=27
HEAT_3_DUTY=0
HEAT_3_SP=-20.0
HEAT_4_TEMP=27
HEAT_4_DUTY=0
HEAT_4_SP=-20.0
MOTOR_ANGLE=-0.0003779069767441861
MOTOR_ACCUM=-0.0003779069767441861
MOTOR_ROT=0
TS=1786201527.240
V_SENSE5=1.2255859375
V_SENSE9=0.0390625
V_SENSE12=0.09033203125
ADC_V5=4.9383544921875
ADC_V9=9.13330078125
ADC_V12=11.83258056640625
ADC_V28=27.6123046875
THERMAL_SENS_OUT_1=23
THERMAL_SENS_OUT_2=-50
THERMAL_SENS_OUT_3=27
THERMAL_SENS_OUT_4=27
THERMAL_SENS_OUT_5=30
THERMAL_SENS_OUT_6=-50
THERMAL_SENS_INT_1=26
THERMAL_SENS_INT_2=28
PG_5=0
PG_9=0
PG_12=0
FLT_P2=0
FLT_P3=0
HEAT_1_TEMP=23
HEAT_1_DUTY=0
HEAT_1_SP=-20.0
HEAT_2_TEMP=27
HEAT_2_DUTY=0
HEAT_2_SP=-20.0
HEAT_3_TEMP=27
HEAT_3_DUTY=0
HEAT_3_SP=-20.0
HEAT_4_TEMP=30
HEAT_4_DUTY=0
HEAT_4_SP=-20.0
MOTOR_ANGLE=-0.0003779069767441861
MOTOR_ACCUM=-0.0003779069767441861
MOTOR_ROT=0
TS=1786201527.744
V_SENSE5=1.259765625
V_SENSE9=0.06591796875
V_SENSE12=0.09765625
ADC_V5=5.0091552734375
ADC_V9=9.42535400390625
ADC_V12=11.7352294921875
ADC_V28=27.72735595703125
THERMAL_SENS_OUT_1=23
THERMAL_SENS_OUT_2=-50
THERMAL_SENS_OUT_3=25
THERMAL_SENS_OUT_4=25
THERMAL_SENS_OUT_5=28
THERMAL_SENS_OUT_6=-50
THERMAL_SENS_INT_1=24
THERMAL_SENS_INT_2=28
PG_5=0
PG_9=0
PG_12=0
FLT_P2=0
FLT_P3=0
HEAT_1_TEMP=23
HEAT_1_DUTY=0
HEAT_1_SP=-20.0
HEAT_2_TEMP=25
HEAT_2_DUTY=0
HEAT_2_SP=-20.0
HEAT_3_TEMP=25
HEAT_3_DUTY=0
HEAT_3_SP=-20.0
HEAT_4_TEMP=28
HEAT_4_DUTY=0
HEAT_4_SP=-20.0
MOTOR_ANGLE=-0.0003779069767441861
MOTOR_ACCUM=-0.0003779069767441861
MOTOR_ROT=0
TS=1786201528.242
V_SENSE5=1.2890625
V_SENSE9=0.0341796875
V_SENSE12=0.1220703125
ADC_V5=4.98260498046875
ADC_V9=9.21295166015625
ADC_V12=11.88568115234375
ADC_V28=27.7008056640625
THERMAL_SENS_OUT_1=27
THERMAL_SENS_OUT_2=-50
THERMAL_SENS_OUT_3=26
THERMAL_SENS_OUT_4=24
THERMAL_SENS_OUT_5=30
THERMAL_SENS_OUT_6=-50
THERMAL_SENS_INT_1=25
THERMAL_SENS_INT_2=27
PG_5=0
PG_9=0
PG_12=0
FLT_P2=0
FLT_P3=0
HEAT_1_TEMP=27
HEAT_1_DUTY=0
HEAT_1_SP=-20.0
HEAT_2_TEMP=26
HEAT_2_DUTY=0
HEAT_2_SP=-20.0
HEAT_3_TEMP=24
HEAT_3_DUTY=0
HEAT_3_SP=-20.0
HEAT_4_TEMP=30
HEAT_4_DUTY=0
HEAT_4_SP=-20.0
MOTOR_ANGLE=-0.0003779069767441861
MOTOR_ACCUM=-0.0003779069767441861
MOTOR_ROT=0
TS=1786201528.753
V_SENSE5=1.1669921875
V_SENSE9=0.0341796875
V_SENSE12=0.10986328125
ADC_V5=4.9560546875
ADC_V9=9.14215087890625
ADC_V12=11.9122314453125
ADC_V28=27.67425537109375
THERMAL_SENS_OUT_1=23
THERMAL_SENS_OUT_2=-50
THERMAL_SENS_OUT_3=27
THERMAL_SENS_OUT_4=24
THERMAL_SENS_OUT_5=26
THERMAL_SENS_OUT_6=-50
THERMAL_SENS_INT_1=23
THERMAL_SENS_INT_2=28
PG_5=0
PG_9=0
PG_12=0
FLT_P2=0
FLT_P3=0
HEAT_1_TEMP=23
HEAT_1_DUTY=0
HEAT_1_SP=-20.0
HEAT_2_TEMP=27
HEAT_2_DUTY=0
HEAT_2_SP=-20.0
HEAT_3_TEMP=24
HEAT_3_DUTY=0
HEAT_3_SP=-20.0
HEAT_4_TEMP=26
HEAT_4_DUTY=0
HEAT_4_SP=-20.0
MOTOR_ANGLE=-0.0003779069767441861
MOTOR_ACCUM=-0.0003779069767441861
MOTOR_ROT=0
TS=1786201529.244
V_SENSE5=1.19140625
V_SENSE9=0.03173828125
V_SENSE12=0.1123046875
ADC_V5=4.9560546875
ADC_V9=8.8677978515625
ADC_V12=11.8768310546875
ADC_V28=27.293701171875
THERMAL_SENS_OUT_1=23
THERMAL_SENS_OUT_2=-50
THERMAL_SENS_OUT_3=26
THERMAL_SENS_OUT_4=27
THERMAL_SENS_OUT_5=26
THERMAL_SENS_OUT_6=-50
THERMAL_SENS_INT_1=27
THERMAL_SENS_INT_2=25
PG_5=0
PG_9=0
PG_12=0
FLT_P2=0
FLT_P3=0
HEAT_1_TEMP=23
HEAT_1_DUTY=0
HEAT_1_SP=-20.0
HEAT_2_TEMP=26
HEAT_2_DUTY=0
HEAT_2_SP=-20.0
HEAT_3_TEMP=27
HEAT_3_DUTY=0
HEAT_3_SP=-20.0
HEAT_4_TEMP=26
HEAT_4_DUTY=0
HEAT_4_SP=-20.0
MOTOR_ANGLE=-0.0003779069767441861
MOTOR_ACCUM=-0.0003779069767441861
MOTOR_ROT=0
TS=1786201529.746
V_SENSE5=1.181640625
V_SENSE9=0.0390625
V_SENSE12=0.10009765625

[16:15:04.738 EBOX]
ADC_V5=4.9560546875
ADC_V9=9.4873046875
ADC_V12=11.6644287109375
ADC_V28=27.4884033203125
THERMAL_SENS_OUT_1=26
THERMAL_SENS_OUT_2=-50
THERMAL_SENS_OUT_3=25
THERMAL_SENS_OUT_4=25
THERMAL_SENS_OUT_5=30
THERMAL_SENS_OUT_6=-50
THERMAL_SENS_INT_1=27
THERMAL_SENS_INT_2=27
PG_5=0
PG_9=0
PG_12=0
FLT_P2=0
FLT_P3=0
HEAT_1_TEMP=26
HEAT_1_DUTY=0
HEAT_1_SP=-20.0
HEAT_2_TEMP=25
HEAT_2_DUTY=0
HEAT_2_SP=-20.0
HEAT_3_TEMP=25
HEAT_3_DUTY=0
HEAT_3_SP=-20.0
HEAT_4_TEMP=30
HEAT_4_DUTY=0
HEAT_4_SP=-20.0
MOTOR_ANGLE=-0.0003779069767441861
MOTOR_ACCUM=-0.0003779069767441861
MOTOR_ROT=0
TS=1786201530.248
V_SENSE5=1.3916015625
V_SENSE9=0.04150390625
V_SENSE12=0.1171875
ADC_V5=4.9737548828125
ADC_V9=9.15985107421875
ADC_V12=11.93878173828125
ADC_V28=27.74505615234375
THERMAL_SENS_OUT_1=25
THERMAL_SENS_OUT_2=-50
THERMAL_SENS_OUT_3=26
THERMAL_SENS_OUT_4=27
THERMAL_SENS_OUT_5=26
THERMAL_SENS_OUT_6=-50
THERMAL_SENS_INT_1=22
THERMAL_SENS_INT_2=26
PG_5=0
PG_9=0
PG_12=0
FLT_P2=0
FLT_P3=0
HEAT_1_TEMP=25
HEAT_1_DUTY=0
HEAT_1_SP=-20.0
HEAT_2_TEMP=26
HEAT_2_DUTY=0
HEAT_2_SP=-20.0
HEAT_3_TEMP=27
HEAT_3_DUTY=0
HEAT_3_SP=-20.0
HEAT_4_TEMP=26
HEAT_4_DUTY=0
HEAT_4_SP=-20.0
MOTOR_ANGLE=-0.0003779069767441861
MOTOR_ACCUM=-0.0003779069767441861
MOTOR_ROT=0

[16:15:07.270 EBOX]
TS=1786201530.748
V_SENSE5=1.19873046875
V_SENSE9=0.03173828125
V_SENSE12=0.1123046875
ADC_V5=4.88525390625
ADC_V9=9.0625
ADC_V12=11.6998291015625
ADC_V28=27.8955078125
THERMAL_SENS_OUT_1=23
THERMAL_SENS_OUT_2=-50
THERMAL_SENS_OUT_3=26
THERMAL_SENS_OUT_4=25
THERMAL_SENS_OUT_5=30
THERMAL_SENS_OUT_6=-50
THERMAL_SENS_INT_1=27
THERMAL_SENS_INT_2=25
PG_5=0
PG_9=0
PG_12=0
FLT_P2=0
FLT_P3=0
HEAT_1_TEMP=23
HEAT_1_DUTY=0
HEAT_1_SP=-20.0
HEAT_2_TEMP=26
HEAT_2_DUTY=0
HEAT_2_SP=-20.0
HEAT_3_TEMP=25
HEAT_3_DUTY=0
HEAT_3_SP=-20.0
HEAT_4_TEMP=30
HEAT_4_DUTY=0
HEAT_4_SP=-20.0
MOTOR_ANGLE=-0.0003779069767441861
MOTOR_ACCUM=-0.0003779069767441861
MOTOR_ROT=0
TS=1786201531.250
V_SENSE5=1.2109375
V_SENSE9=0.0390625
V_SENSE12=0.1123046875
ADC_V5=4.87640380859375
ADC_V9=9.4873046875
ADC_V12=11.717529296875
ADC_V28=27.647705078125
THERMAL_SENS_OUT_1=26
THERMAL_SENS_OUT_2=-50
THERMAL_SENS_OUT_3=28
THERMAL_SENS_OUT_4=24
THERMAL_SENS_OUT_5=27
THERMAL_SENS_OUT_6=-50
THERMAL_SENS_INT_1=23
THERMAL_SENS_INT_2=26
PG_5=0
PG_9=0
PG_12=0
FLT_P2=0
FLT_P3=0
HEAT_1_TEMP=26
HEAT_1_DUTY=0
HEAT_1_SP=-20.0
HEAT_2_TEMP=28
HEAT_2_DUTY=0
HEAT_2_SP=-20.0
HEAT_3_TEMP=24
HEAT_3_DUTY=0
HEAT_3_SP=-20.0
HEAT_4_TEMP=27
HEAT_4_DUTY=0
HEAT_4_SP=-20.0
MOTOR_ANGLE=-0.0003779069767441861
MOTOR_ACCUM=-0.0003779069767441861
MOTOR_ROT=0
TS=1786201531.752
V_SENSE5=1.17919921875
V_SENSE9=0.03662109375
V_SENSE12=0.1171875
ADC_V5=5.00030517578125
ADC_V9=9.381103515625
ADC_V12=11.95648193359375
ADC_V28=27.6300048828125
THERMAL_SENS_OUT_1=27
THERMAL_SENS_OUT_2=-50
THERMAL_SENS_OUT_3=27
THERMAL_SENS_OUT_4=27
THERMAL_SENS_OUT_5=28
THERMAL_SENS_OUT_6=-50
THERMAL_SENS_INT_1=24
THERMAL_SENS_INT_2=27
PG_5=0
PG_9=0
PG_12=0
FLT_P2=0
FLT_P3=0
HEAT_1_TEMP=27
HEAT_1_DUTY=0
HEAT_1_SP=-20.0
HEAT_2_TEMP=27
HEAT_2_DUTY=0
HEAT_2_SP=-20.0
HEAT_3_TEMP=27
HEAT_3_DUTY=0
HEAT_3_SP=-20.0
HEAT_4_TEMP=28
HEAT_4_DUTY=0
HEAT_4_SP=-20.0
MOTOR_ANGLE=-0.0003779069767441861
MOTOR_ACCUM=-0.0003779069767441861
MOTOR_ROT=0
TS=1786201532.252
V_SENSE5=1.18408203125
V_SENSE9=0.0341796875
V_SENSE12=0.107421875
ADC_V5=4.991455078125
ADC_V9=9.00054931640625
ADC_V12=11.89453125
ADC_V28=27.46185302734375
THERMAL_SENS_OUT_1=22
THERMAL_SENS_OUT_2=-50
THERMAL_SENS_OUT_3=29
THERMAL_SENS_OUT_4=24
THERMAL_SENS_OUT_5=28
THERMAL_SENS_OUT_6=-50
THERMAL_SENS_INT_1=23
THERMAL_SENS_INT_2=26
PG_5=0
PG_9=0
PG_12=0
FLT_P2=0
FLT_P3=0
HEAT_1_TEMP=22
HEAT_1_DUTY=0
HEAT_1_SP=-20.0
HEAT_2_TEMP=29
HEAT_2_DUTY=0
HEAT_2_SP=-20.0
HEAT_3_TEMP=24
HEAT_3_DUTY=0
HEAT_3_SP=-20.0
HEAT_4_TEMP=28
HEAT_4_DUTY=0
HEAT_4_SP=-20.0
MOTOR_ANGLE=-0.0003779069767441861
MOTOR_ACCUM=-0.0003779069767441861
MOTOR_ROT=0
TS=1786201532.755
V_SENSE5=1.396484375
V_SENSE9=0.0390625
V_SENSE12=0.1123046875
ADC_V5=4.920654296875
ADC_V9=9.37225341796875

[16:15:08.342 EBOX]
ADC_V12=11.9476318359375
ADC_V28=27.6654052734375
THERMAL_SENS_OUT_1=26
THERMAL_SENS_OUT_2=-50
THERMAL_SENS_OUT_3=28
THERMAL_SENS_OUT_4=24
THERMAL_SENS_OUT_5=30
THERMAL_SENS_OUT_6=-50
THERMAL_SENS_INT_1=26
THERMAL_SENS_INT_2=24
PG_5=0
PG_9=0
PG_12=0
FLT_P2=0
FLT_P3=0
HEAT_1_TEMP=26
HEAT_1_DUTY=0
HEAT_1_SP=-20.0
HEAT_2_TEMP=28
HEAT_2_DUTY=0
HEAT_2_SP=-20.0
HEAT_3_TEMP=24
HEAT_3_DUTY=0
HEAT_3_SP=-20.0
HEAT_4_TEMP=30
HEAT_4_DUTY=0
HEAT_4_SP=-20.0
MOTOR_ANGLE=-0.0003779069767441861
MOTOR_ACCUM=-0.0003779069767441861
MOTOR_ROT=0
TS=1786201533.260
V_SENSE5=1.1181640625
V_SENSE9=0.03662109375
V_SENSE12=0.1025390625
ADC_V5=4.88525390625
ADC_V9=9.30145263671875
ADC_V12=11.99188232421875
ADC_V28=27.8070068359375
THERMAL_SENS_OUT_1=26
THERMAL_SENS_OUT_2=-50
THERMAL_SENS_OUT_3=25
THERMAL_SENS_OUT_4=28
THERMAL_SENS_OUT_5=30
THERMAL_SENS_OUT_6=-50
THERMAL_SENS_INT_1=23
THERMAL_SENS_INT_2=24
PG_5=0
PG_9=0
PG_12=0
FLT_P2=0
FLT_P3=0
HEAT_1_TEMP=26
HEAT_1_DUTY=0
HEAT_1_SP=-20.0
HEAT_2_TEMP=25
HEAT_2_DUTY=0
HEAT_2_SP=-20.0
HEAT_3_TEMP=28
HEAT_3_DUTY=0
HEAT_3_SP=-20.0
HEAT_4_TEMP=30
HEAT_4_DUTY=0
HEAT_4_SP=-20.0
MOTOR_ANGLE=-0.0003779069767441861
MOTOR_ACCUM=-0.0003779069767441861
MOTOR_ROT=0
TS=1786201533.767
V_SENSE5=1.14501953125
V_SENSE9=0.07568359375
V_SENSE12=0.10009765625
ADC_V5=4.9737548828125
ADC_V9=9.01824951171875
ADC_V12=11.77947998046875
ADC_V28=27.435302734375
THERMAL_SENS_OUT_1=25
THERMAL_SENS_OUT_2=-50
THERMAL_SENS_OUT_3=25

[16:15:08.461 EBOX]
THERMAL_SENS_OUT_4=23
THERMAL_SENS_OUT_5=29
THERMAL_SENS_OUT_6=-50
THERMAL_SENS_INT_1=26
THERMAL_SENS_INT_2=29
PG_5=0
PG_9=0
PG_12=0
FLT_P2=0
FLT_P3=0
HEAT_1_TEMP=25
HEAT_1_DUTY=0
HEAT_1_SP=-20.0
HEAT_2_TEMP=25
HEAT_2_DUTY=0
HEAT_2_SP=-20.0
HEAT_3_TEMP=23
HEAT_3_DUTY=0
HEAT_3_SP=-20.0
HEAT_4_TEMP=29
HEAT_4_DUTY=0
HEAT_4_SP=-20.0
MOTOR_ANGLE=-0.0003779069767441861
MOTOR_ACCUM=-0.0003779069767441861
MOTOR_ROT=0

[16:15:09.286 EBOX]
TS=1786201534.259
V_SENSE5=1.23779296875
V_SENSE9=0.0341796875
V_SENSE12=0.1171875
ADC_V5=4.98260498046875
ADC_V9=8.9031982421875
ADC_V12=11.88568115234375
ADC_V28=27.8955078125
THERMAL_SENS_OUT_1=25
THERMAL_SENS_OUT_2=-50
THERMAL_SENS_OUT_3=28
THERMAL_SENS_OUT_4=26
THERMAL_SENS_OUT_5=29
THERMAL_SENS_OUT_6=-50
THERMAL_SENS_INT_1=23
THERMAL_SENS_INT_2=26
PG_5=0
PG_9=0
PG_12=0
FLT_P2=0
FLT_P3=0
HEAT_1_TEMP=25
HEAT_1_DUTY=0
HEAT_1_SP=-20.0
HEAT_2_TEMP=28
HEAT_2_DUTY=0
HEAT_2_SP=-20.0
HEAT_3_TEMP=26
HEAT_3_DUTY=0
HEAT_3_SP=-20.0
HEAT_4_TEMP=29
HEAT_4_DUTY=0
HEAT_4_SP=-20.0
MOTOR_ANGLE=-0.0003779069767441861
MOTOR_ACCUM=-0.0003779069767441861
MOTOR_ROT=0
TS=1786201534.761
V_SENSE5=1.25
V_SENSE9=0.0390625
V_SENSE12=0.10986328125
ADC_V5=4.920654296875
ADC_V9=9.37225341796875
ADC_V12=11.69097900390625
ADC_V28=27.9132080078125
THERMAL_SENS_OUT_1=25
THERMAL_SENS_OUT_2=-50
THERMAL_SENS_OUT_3=28
THERMAL_SENS_OUT_4=24
THERMAL_SENS_OUT_5=29
THERMAL_SENS_OUT_6=-50
THERMAL_SENS_INT_1=23
THERMAL_SENS_INT_2=27
PG_5=0
PG_9=0
PG_12=0
FLT_P2=0
FLT_P3=0
HEAT_1_TEMP=25
HEAT_1_DUTY=0
HEAT_1_SP=-20.0
HEAT_2_TEMP=28
HEAT_2_DUTY=0
HEAT_2_SP=-20.0
HEAT_3_TEMP=24
HEAT_3_DUTY=0
HEAT_3_SP=-20.0
HEAT_4_TEMP=29
HEAT_4_DUTY=0
HEAT_4_SP=-20.0
MOTOR_ANGLE=-0.0003779069767441861
MOTOR_ACCUM=-0.0003779069767441861
MOTOR_ROT=0

[16:15:09.880 EBOX]
TS=1786201535.262
V_SENSE5=1.17431640625
V_SENSE9=0.0390625
V_SENSE12=0.09521484375
ADC_V5=4.87640380859375
ADC_V9=9.23065185546875
ADC_V12=11.62017822265625
ADC_V28=27.4884033203125
THERMAL_SENS_OUT_1=25
THERMAL_SENS_OUT_2=-50
THERMAL_SENS_OUT_3=26
THERMAL_SENS_OUT_4=27
THERMAL_SENS_OUT_5=26
THERMAL_SENS_OUT_6=-50
THERMAL_SENS_INT_1=23
THERMAL_SENS_INT_2=26
PG_5=0
PG_9=0
PG_12=0
FLT_P2=0
FLT_P3=0
HEAT_1_TEMP=25
HEAT_1_DUTY=0
HEAT_1_SP=-20.0
HEAT_2_TEMP=26
HEAT_2_DUTY=0
HEAT_2_SP=-20.0
HEAT_3_TEMP=27
HEAT_3_DUTY=0
HEAT_3_SP=-20.0
HEAT_4_TEMP=26
HEAT_4_DUTY=0
HEAT_4_SP=-20.0
MOTOR_ANGLE=-0.0003779069767441861
MOTOR_ACCUM=-0.0003779069767441861
MOTOR_ROT=0
TS=1786201535.764
V_SENSE5=1.20361328125
V_SENSE9=0.03173828125
V_SENSE12=0.09521484375
ADC_V5=4.96490478515625
ADC_V9=9.0802001953125
ADC_V12=11.7529296875
ADC_V28=27.718505859375
THERMAL_SENS_OUT_1=23
THERMAL_SENS_OUT_2=-50
THERMAL_SENS_OUT_3=29
THERMAL_SENS_OUT_4=24
THERMAL_SENS_OUT_5=28
THERMAL_SENS_OUT_6=-50
THERMAL_SENS_INT_1=27
THERMAL_SENS_INT_2=25
PG_5=0
PG_9=0
PG_12=0
FLT_P2=0
FLT_P3=0
HEAT_1_TEMP=23
HEAT_1_DUTY=0
HEAT_1_SP=-20.0
HEAT_2_TEMP=29
HEAT_2_DUTY=0
HEAT_2_SP=-20.0
HEAT_3_TEMP=24
HEAT_3_DUTY=0
HEAT_3_SP=-20.0
HEAT_4_TEMP=28
HEAT_4_DUTY=0
HEAT_4_SP=-20.0
MOTOR_ANGLE=-0.0003779069767441861
MOTOR_ACCUM=-0.0003779069767441861
MOTOR_ROT=0

[16:15:10.605 EBOX]
TS=1786201536.273
V_SENSE5=1.201171875
V_SENSE9=0.0341796875
V_SENSE12=0.13671875
ADC_V5=4.849853515625
ADC_V9=9.168701171875
ADC_V12=11.85028076171875
ADC_V28=27.8778076171875
THERMAL_SENS_OUT_1=23
THERMAL_SENS_OUT_2=-50
THERMAL_SENS_OUT_3=25
THERMAL_SENS_OUT_4=26
THERMAL_SENS_OUT_5=26
THERMAL_SENS_OUT_6=-50
THERMAL_SENS_INT_1=23
THERMAL_SENS_INT_2=24
PG_5=0
PG_9=0
PG_12=0
FLT_P2=0
FLT_P3=0
HEAT_1_TEMP=23
HEAT_1_DUTY=0
HEAT_1_SP=-20.0
HEAT_2_TEMP=25
HEAT_2_DUTY=0
HEAT_2_SP=-20.0
HEAT_3_TEMP=26
HEAT_3_DUTY=0
HEAT_3_SP=-20.0
HEAT_4_TEMP=26
HEAT_4_DUTY=0
HEAT_4_SP=-20.0
MOTOR_ANGLE=-0.0003779069767441861
MOTOR_ACCUM=-0.0003779069767441861
MOTOR_ROT=0

[16:15:11.036 EBOX]
TS=1786201536.773
V_SENSE5=1.142578125
V_SENSE9=0.03662109375
V_SENSE12=0.1123046875
ADC_V5=5.0091552734375
ADC_V9=9.2041015625
ADC_V12=11.77947998046875
ADC_V28=27.32025146484375
THERMAL_SENS_OUT_1=26
THERMAL_SENS_OUT_2=-50
THERMAL_SENS_OUT_3=25
THERMAL_SENS_OUT_4=28
THERMAL_SENS_OUT_5=27
THERMAL_SENS_OUT_6=-50
THERMAL_SENS_INT_1=23
THERMAL_SENS_INT_2=27
PG_5=0
PG_9=0
PG_12=0
FLT_P2=0
FLT_P3=0
HEAT_1_TEMP=26
HEAT_1_DUTY=0
HEAT_1_SP=-20.0
HEAT_2_TEMP=25
HEAT_2_DUTY=0
HEAT_2_SP=-20.0
HEAT_3_TEMP=28
HEAT_3_DUTY=0
HEAT_3_SP=-20.0
HEAT_4_TEMP=27
HEAT_4_DUTY=0
HEAT_4_SP=-20.0
MOTOR_ANGLE=-0.0003779069767441861
MOTOR_ACCUM=-0.0003779069767441861
MOTOR_ROT=0
TS=1786201537.269
V_SENSE5=1.28662109375
V_SENSE9=0.03662109375
V_SENSE12=0.10498046875
ADC_V5=4.9560546875
ADC_V9=9.01824951171875
ADC_V12=11.83258056640625
ADC_V28=27.2052001953125
THERMAL_SENS_OUT_1=24
THERMAL_SENS_OUT_2=-50
THERMAL_SENS_OUT_3=26
THERMAL_SENS_OUT_4=26
THERMAL_SENS_OUT_5=29
THERMAL_SENS_OUT_6=-50
THERMAL_SENS_INT_1=25
THERMAL_SENS_INT_2=25
PG_5=0
PG_9=0
PG_12=0
FLT_P2=0
FLT_P3=0
HEAT_1_TEMP=24
HEAT_1_DUTY=0
HEAT_1_SP=-20.0
HEAT_2_TEMP=26
HEAT_2_DUTY=0
HEAT_2_SP=-20.0
HEAT_3_TEMP=26
HEAT_3_DUTY=0
HEAT_3_SP=-20.0
HEAT_4_TEMP=29
HEAT_4_DUTY=0
HEAT_4_SP=-20.0
MOTOR_ANGLE=-0.0003779069767441861
MOTOR_ACCUM=-0.0003779069767441861
MOTOR_ROT=0

[16:15:11.453 EBOX]
TS=1786201537.770
V_SENSE5=1.2353515625
V_SENSE9=0.03662109375
V_SENSE12=0.10009765625
ADC_V5=4.991455078125
ADC_V9=9.381103515625
ADC_V12=11.82373046875
ADC_V28=27.96630859375
THERMAL_SENS_OUT_1=24
THERMAL_SENS_OUT_2=-50
THERMAL_SENS_OUT_3=25
THERMAL_SENS_OUT_4=25
THERMAL_SENS_OUT_5=30
THERMAL_SENS_OUT_6=-50
THERMAL_SENS_INT_1=24
THERMAL_SENS_INT_2=28
PG_5=0
PG_9=0
PG_12=0
FLT_P2=0
FLT_P3=0
HEAT_1_TEMP=24
HEAT_1_DUTY=0
HEAT_1_SP=-20.0
HEAT_2_TEMP=25
HEAT_2_DUTY=0
HEAT_2_SP=-20.0
HEAT_3_TEMP=25
HEAT_3_DUTY=0
HEAT_3_SP=-20.0
HEAT_4_TEMP=30
HEAT_4_DUTY=0
HEAT_4_SP=-20.0
MOTOR_ANGLE=-0.0003779069767441861
MOTOR_ACCUM=-0.0003779069767441861
MOTOR_ROT=0

[16:15:11.774 EBOX]
TS=1786201538.272
V_SENSE5=1.17919921875
V_SENSE9=0.05615234375
V_SENSE12=0.1025390625
ADC_V5=4.96490478515625
ADC_V9=9.37225341796875
ADC_V12=11.7706298828125
ADC_V28=27.5946044921875
THERMAL_SENS_OUT_1=26
THERMAL_SENS_OUT_2=-50
THERMAL_SENS_OUT_3=26
THERMAL_SENS_OUT_4=28
THERMAL_SENS_OUT_5=27
THERMAL_SENS_OUT_6=-50
THERMAL_SENS_INT_1=24
THERMAL_SENS_INT_2=27
PG_5=0
PG_9=0
PG_12=0
FLT_P2=0
FLT_P3=0
HEAT_1_TEMP=26
HEAT_1_DUTY=0
HEAT_1_SP=-20.0
HEAT_2_TEMP=26
HEAT_2_DUTY=0
HEAT_2_SP=-20.0
HEAT_3_TEMP=28
HEAT_3_DUTY=0
HEAT_3_SP=-20.0
HEAT_4_TEMP=27
HEAT_4_DUTY=0
HEAT_4_SP=-20.0
MOTOR_ANGLE=-0.0003779069767441861
MOTOR_ACCUM=-0.0003779069767441861
MOTOR_ROT=0

[16:15:14.089 EBOX]
TS=1786201538.781
V_SENSE5=1.1474609375
V_SENSE9=0.0341796875
V_SENSE12=0.1318359375
ADC_V5=4.9737548828125
ADC_V9=9.1510009765625
ADC_V12=11.575927734375
ADC_V28=27.83355712890625
THERMAL_SENS_OUT_1=23
THERMAL_SENS_OUT_2=-50
THERMAL_SENS_OUT_3=26
THERMAL_SENS_OUT_4=26
THERMAL_SENS_OUT_5=28
THERMAL_SENS_OUT_6=-50
THERMAL_SENS_INT_1=25
THERMAL_SENS_INT_2=25
PG_5=0
PG_9=0
PG_12=0
FLT_P2=0
FLT_P3=0
HEAT_1_TEMP=23
HEAT_1_DUTY=0
HEAT_1_SP=-20.0
HEAT_2_TEMP=26
HEAT_2_DUTY=0
HEAT_2_SP=-20.0
HEAT_3_TEMP=26
HEAT_3_DUTY=0
HEAT_3_SP=-20.0
HEAT_4_TEMP=28
HEAT_4_DUTY=0
HEAT_4_SP=-20.0
MOTOR_ANGLE=-0.0003779069767441861
MOTOR_ACCUM=-0.0003779069767441861
MOTOR_ROT=0
TS=1786201539.275
V_SENSE5=1.2841796875
V_SENSE9=0.0341796875
V_SENSE12=0.10986328125
ADC_V5=4.9029541015625
ADC_V9=9.451904296875
ADC_V12=11.8414306640625
ADC_V28=27.23175048828125
THERMAL_SENS_OUT_1=26
THERMAL_SENS_OUT_2=-50
THERMAL_SENS_OUT_3=28
THERMAL_SENS_OUT_4=25
THERMAL_SENS_OUT_5=27
THERMAL_SENS_OUT_6=-50
THERMAL_SENS_INT_1=23
THERMAL_SENS_INT_2=27
PG_5=0
PG_9=0
PG_12=0
FLT_P2=0
FLT_P3=0
HEAT_1_TEMP=26
HEAT_1_DUTY=0
HEAT_1_SP=-20.0
HEAT_2_TEMP=28
HEAT_2_DUTY=0
HEAT_2_SP=-20.0
HEAT_3_TEMP=25
HEAT_3_DUTY=0
HEAT_3_SP=-20.0
HEAT_4_TEMP=27
HEAT_4_DUTY=0
HEAT_4_SP=-20.0
MOTOR_ANGLE=-0.0003779069767441861
MOTOR_ACCUM=-0.0003779069767441861
MOTOR_ROT=0
TS=1786201539.776
V_SENSE5=1.18896484375
V_SENSE9=0.0341796875
V_SENSE12=0.107421875
ADC_V5=4.9383544921875
ADC_V9=9.3988037109375
ADC_V12=11.929931640625
ADC_V28=27.39990234375
THERMAL_SENS_OUT_1=25
THERMAL_SENS_OUT_2=-50
THERMAL_SENS_OUT_3=27
THERMAL_SENS_OUT_4=26
THERMAL_SENS_OUT_5=27
THERMAL_SENS_OUT_6=-50
THERMAL_SENS_INT_1=25
THERMAL_SENS_INT_2=25
PG_5=0
PG_9=0
PG_12=0
FLT_P2=0
FLT_P3=0
HEAT_1_TEMP=25
HEAT_1_DUTY=0
HEAT_1_SP=-20.0
HEAT_2_TEMP=27
HEAT_2_DUTY=0
HEAT_2_SP=-20.0
HEAT_3_TEMP=26
HEAT_3_DUTY=0
HEAT_3_SP=-20.0
HEAT_4_TEMP=27
HEAT_4_DUTY=0
HEAT_4_SP=-20.0
MOTOR_ANGLE=-0.0003779069767441861
MOTOR_ACCUM=-0.0003779069767441861
MOTOR_ROT=0
TS=1786201540.277
V_SENSE5=1.220703125
V_SENSE9=0.0390625
V_SENSE12=0.10009765625
ADC_V5=5.00030517578125

[16:15:14.426 EBOX]
ADC_V9=9.21295166015625
ADC_V12=11.7706298828125
ADC_V28=27.33795166015625
THERMAL_SENS_OUT_1=22
THERMAL_SENS_OUT_2=-50
THERMAL_SENS_OUT_3=27
THERMAL_SENS_OUT_4=29
THERMAL_SENS_OUT_5=28
THERMAL_SENS_OUT_6=-50
THERMAL_SENS_INT_1=26
THERMAL_SENS_INT_2=29
PG_5=0
PG_9=0
PG_12=0
FLT_P2=0
FLT_P3=0
HEAT_1_TEMP=22
HEAT_1_DUTY=0
HEAT_1_SP=-20.0
HEAT_2_TEMP=27
HEAT_2_DUTY=0
HEAT_2_SP=-20.0
HEAT_3_TEMP=29
HEAT_3_DUTY=0
HEAT_3_SP=-20.0
HEAT_4_TEMP=28
HEAT_4_DUTY=0
HEAT_4_SP=-20.0
MOTOR_ANGLE=-0.0003779069767441861
MOTOR_ACCUM=-0.0003779069767441861
MOTOR_ROT=0
TS=1786201540.779
V_SENSE5=1.26953125
V_SENSE9=0.0390625
V_SENSE12=0.15380859375
ADC_V5=4.9737548828125
ADC_V9=8.87664794921875
ADC_V12=11.62017822265625
ADC_V28=27.9486083984375
THERMAL_SENS_OUT_1=25
THERMAL_SENS_OUT_2=-50
THERMAL_SENS_OUT_3=28
THERMAL_SENS_OUT_4=24
THERMAL_SENS_OUT_5=28
THERMAL_SENS_OUT_6=-50
THERMAL_SENS_INT_1=24
THERMAL_SENS_INT_2=28
PG_5=0
PG_9=0
PG_12=0
FLT_P2=0
FLT_P3=0
HEAT_1_TEMP=25
HEAT_1_DUTY=0
HEAT_1_SP=-20.0
HEAT_2_TEMP=28
HEAT_2_DUTY=0
HEAT_2_SP=-20.0
HEAT_3_TEMP=24
HEAT_3_DUTY=0
HEAT_3_SP=-20.0
HEAT_4_TEMP=28
HEAT_4_DUTY=0
HEAT_4_SP=-20.0
MOTOR_ANGLE=-0.0003779069767441861
MOTOR_ACCUM=-0.0003779069767441861
MOTOR_ROT=0

[16:15:14.645 EBOX]
TS=1786201541.287
V_SENSE5=1.14990234375
V_SENSE9=0.04150390625
V_SENSE12=0.10498046875
ADC_V5=5.01800537109375
ADC_V9=9.33685302734375
ADC_V12=11.859130859375
ADC_V28=27.83355712890625
THERMAL_SENS_OUT_1=22
THERMAL_SENS_OUT_2=-50
THERMAL_SENS_OUT_3=26
THERMAL_SENS_OUT_4=24
THERMAL_SENS_OUT_5=28
THERMAL_SENS_OUT_6=-50
THERMAL_SENS_INT_1=25
THERMAL_SENS_INT_2=29
PG_5=0
PG_9=0
PG_12=0
FLT_P2=0
FLT_P3=0
HEAT_1_TEMP=22
HEAT_1_DUTY=0
HEAT_1_SP=-20.0
HEAT_2_TEMP=26
HEAT_2_DUTY=0
HEAT_2_SP=-20.0
HEAT_3_TEMP=24
HEAT_3_DUTY=0
HEAT_3_SP=-20.0
HEAT_4_TEMP=28
HEAT_4_DUTY=0
HEAT_4_SP=-20.0
MOTOR_ANGLE=-0.0003779069767441861
MOTOR_ACCUM=-0.0003779069767441861
MOTOR_ROT=0

[16:15:15.164 EBOX]
TS=1786201541.781
V_SENSE5=1.24267578125
V_SENSE9=0.0390625
V_SENSE12=0.107421875
ADC_V5=4.9560546875
ADC_V9=9.097900390625
ADC_V12=11.92108154296875
ADC_V28=27.60345458984375
THERMAL_SENS_OUT_1=28
THERMAL_SENS_OUT_2=-50
THERMAL_SENS_OUT_3=26
THERMAL_SENS_OUT_4=27
THERMAL_SENS_OUT_5=26
THERMAL_SENS_OUT_6=-50
THERMAL_SENS_INT_1=27
THERMAL_SENS_INT_2=24
PG_5=0
PG_9=0
PG_12=0
FLT_P2=0
FLT_P3=0
HEAT_1_TEMP=28
HEAT_1_DUTY=0
HEAT_1_SP=-20.0
HEAT_2_TEMP=26
HEAT_2_DUTY=0
HEAT_2_SP=-20.0
HEAT_3_TEMP=27
HEAT_3_DUTY=0
HEAT_3_SP=-20.0
HEAT_4_TEMP=26
HEAT_4_DUTY=0
HEAT_4_SP=-20.0
MOTOR_ANGLE=-0.0003779069767441861
MOTOR_ACCUM=-0.0003779069767441861
MOTOR_ROT=0

[16:15:16.088 EBOX]
TS=1786201542.282
V_SENSE5=1.18408203125
V_SENSE9=0.048828125
V_SENSE12=0.1318359375
ADC_V5=4.98260498046875
ADC_V9=9.03594970703125
ADC_V12=11.65557861328125
ADC_V28=27.8424072265625
THERMAL_SENS_OUT_1=28
THERMAL_SENS_OUT_2=-50
THERMAL_SENS_OUT_3=28
THERMAL_SENS_OUT_4=24
THERMAL_SENS_OUT_5=28
THERMAL_SENS_OUT_6=-50
THERMAL_SENS_INT_1=26
THERMAL_SENS_INT_2=25
PG_5=0
PG_9=0
PG_12=0
FLT_P2=0
FLT_P3=0
HEAT_1_TEMP=28
HEAT_1_DUTY=0
HEAT_1_SP=-20.0
HEAT_2_TEMP=28
HEAT_2_DUTY=0
HEAT_2_SP=-20.0
HEAT_3_TEMP=24
HEAT_3_DUTY=0
HEAT_3_SP=-20.0
HEAT_4_TEMP=28
HEAT_4_DUTY=0
HEAT_4_SP=-20.0
MOTOR_ANGLE=-0.0003779069767441861
MOTOR_ACCUM=-0.0003779069767441861
MOTOR_ROT=0

[16:15:16.812 EBOX]
TS=1786201542.783
V_SENSE5=1.20849609375
V_SENSE9=0.03662109375
V_SENSE12=0.1025390625
ADC_V5=4.9737548828125
ADC_V9=9.46075439453125
ADC_V12=11.74407958984375
ADC_V28=27.4530029296875
THERMAL_SENS_OUT_1=26
THERMAL_SENS_OUT_2=-50
THERMAL_SENS_OUT_3=26
THERMAL_SENS_OUT_4=27
THERMAL_SENS_OUT_5=29
THERMAL_SENS_OUT_6=-50
THERMAL_SENS_INT_1=24
THERMAL_SENS_INT_2=28
PG_5=0
PG_9=0
PG_12=0
FLT_P2=0
FLT_P3=0
HEAT_1_TEMP=26
HEAT_1_DUTY=0
HEAT_1_SP=-20.0
HEAT_2_TEMP=26
HEAT_2_DUTY=0
HEAT_2_SP=-20.0
HEAT_3_TEMP=27
HEAT_3_DUTY=0
HEAT_3_SP=-20.0
HEAT_4_TEMP=29
HEAT_4_DUTY=0
HEAT_4_SP=-20.0
MOTOR_ANGLE=-0.0003779069767441861
MOTOR_ACCUM=-0.0003779069767441861
MOTOR_ROT=0

[16:15:17.133 EBOX]
TS=1786201543.289
V_SENSE5=1.3671875
V_SENSE9=0.0390625
V_SENSE12=0.107421875
ADC_V5=4.98260498046875
ADC_V9=9.15985107421875
ADC_V12=11.82373046875
ADC_V28=27.4176025390625
THERMAL_SENS_OUT_1=25
THERMAL_SENS_OUT_2=-50
THERMAL_SENS_OUT_3=27
THERMAL_SENS_OUT_4=24
THERMAL_SENS_OUT_5=30
THERMAL_SENS_OUT_6=-50
THERMAL_SENS_INT_1=28
THERMAL_SENS_INT_2=24
PG_5=0
PG_9=0
PG_12=0
FLT_P2=0
FLT_P3=0
HEAT_1_TEMP=25
HEAT_1_DUTY=0
HEAT_1_SP=-20.0
HEAT_2_TEMP=27
HEAT_2_DUTY=0
HEAT_2_SP=-20.0
HEAT_3_TEMP=24
HEAT_3_DUTY=0
HEAT_3_SP=-20.0
HEAT_4_TEMP=30
HEAT_4_DUTY=0
HEAT_4_SP=-20.0
MOTOR_ANGLE=-0.0003779069767441861
MOTOR_ACCUM=-0.0003779069767441861
MOTOR_ROT=0

[16:15:17.248 EBOX]
TS=1786201543.786
V_SENSE5=1.23046875
V_SENSE9=0.04638671875
V_SENSE12=0.1025390625
ADC_V5=4.88525390625
ADC_V9=9.097900390625
ADC_V12=11.8768310546875
ADC_V28=27.4884033203125
THERMAL_SENS_OUT_1=25
THERMAL_SENS_OUT_2=-50
THERMAL_SENS_OUT_3=26
THERMAL_SENS_OUT_4=27
THERMAL_SENS_OUT_5=28
THERMAL_SENS_OUT_6=-50
THERMAL_SENS_INT_1=23
THERMAL_SENS_INT_2=26
PG_5=0
PG_9=0
PG_12=0
FLT_P2=0
FLT_P3=0
HEAT_1_TEMP=25
HEAT_1_DUTY=0
HEAT_1_SP=-20.0
HEAT_2_TEMP=26
HEAT_2_DUTY=0
HEAT_2_SP=-20.0
HEAT_3_TEMP=27
HEAT_3_DUTY=0
HEAT_3_SP=-20.0
HEAT_4_TEMP=28
HEAT_4_DUTY=0
HEAT_4_SP=-20.0
MOTOR_ANGLE=-0.0003779069767441861
MOTOR_ACCUM=-0.0003779069767441861
MOTOR_ROT=0

[16:15:17.571 EBOX]
TS=1786201544.287
V_SENSE5=1.1962890625
V_SENSE9=0.0390625
V_SENSE12=0.1220703125
ADC_V5=4.9029541015625
ADC_V9=8.78814697265625
ADC_V12=11.89453125
ADC_V28=27.30255126953125
THERMAL_SENS_OUT_1=26
THERMAL_SENS_OUT_2=-50
THERMAL_SENS_OUT_3=28
THERMAL_SENS_OUT_4=28
THERMAL_SENS_OUT_5=28
THERMAL_SENS_OUT_6=-50
THERMAL_SENS_INT_1=23
THERMAL_SENS_INT_2=25
PG_5=0
PG_9=0
PG_12=0
FLT_P2=0
FLT_P3=0
HEAT_1_TEMP=26
HEAT_1_DUTY=0
HEAT_1_SP=-20.0
HEAT_2_TEMP=28
HEAT_2_DUTY=0
HEAT_2_SP=-20.0
HEAT_3_TEMP=28
HEAT_3_DUTY=0
HEAT_3_SP=-20.0
HEAT_4_TEMP=28
HEAT_4_DUTY=0
HEAT_4_SP=-20.0
MOTOR_ANGLE=-0.0003779069767441861
MOTOR_ACCUM=-0.0003779069767441861
MOTOR_ROT=0

[16:15:18.192 EBOX]
TS=1786201544.789
V_SENSE5=1.20361328125
V_SENSE9=0.06103515625
V_SENSE12=0.1123046875
ADC_V5=4.9560546875
ADC_V9=9.28375244140625
ADC_V12=11.859130859375
ADC_V28=27.24945068359375
THERMAL_SENS_OUT_1=24
THERMAL_SENS_OUT_2=-50
THERMAL_SENS_OUT_3=25
THERMAL_SENS_OUT_4=26
THERMAL_SENS_OUT_5=31
THERMAL_SENS_OUT_6=-50
THERMAL_SENS_INT_1=25
THERMAL_SENS_INT_2=25
PG_5=0
PG_9=0
PG_12=0
FLT_P2=0
FLT_P3=0
HEAT_1_TEMP=24
HEAT_1_DUTY=0
HEAT_1_SP=-20.0
HEAT_2_TEMP=25
HEAT_2_DUTY=0
HEAT_2_SP=-20.0
HEAT_3_TEMP=26
HEAT_3_DUTY=0
HEAT_3_SP=-20.0
HEAT_4_TEMP=31
HEAT_4_DUTY=0
HEAT_4_SP=-20.0
MOTOR_ANGLE=-0.0003779069767441861
MOTOR_ACCUM=-0.0003779069767441861
MOTOR_ROT=0

[16:15:18.610 EBOX]
TS=1786201545.291
V_SENSE5=1.35009765625
V_SENSE9=0.0341796875
V_SENSE12=0.09765625
ADC_V5=4.96490478515625
ADC_V9=9.0093994140625
ADC_V12=11.859130859375
ADC_V28=27.23175048828125
THERMAL_SENS_OUT_1=23
THERMAL_SENS_OUT_2=-50
THERMAL_SENS_OUT_3=28
THERMAL_SENS_OUT_4=28
THERMAL_SENS_OUT_5=28
THERMAL_SENS_OUT_6=-50
THERMAL_SENS_INT_1=25
THERMAL_SENS_INT_2=27
PG_5=0
PG_9=0
PG_12=0
FLT_P2=0
FLT_P3=0
HEAT_1_TEMP=23
HEAT_1_DUTY=0
HEAT_1_SP=-20.0
HEAT_2_TEMP=28
HEAT_2_DUTY=0
HEAT_2_SP=-20.0
HEAT_3_TEMP=28
HEAT_3_DUTY=0
HEAT_3_SP=-20.0
HEAT_4_TEMP=28
HEAT_4_DUTY=0
HEAT_4_SP=-20.0
MOTOR_ANGLE=-0.0003779069767441861
MOTOR_ACCUM=-0.0003779069767441861
MOTOR_ROT=0

[16:15:21.269 EBOX]
TS=1786201545.798
V_SENSE5=1.15966796875
V_SENSE9=0.0390625
V_SENSE12=0.09765625
ADC_V5=5.01800537109375
ADC_V9=8.956298828125
ADC_V12=11.7529296875
ADC_V28=27.74505615234375
THERMAL_SENS_OUT_1=26
THERMAL_SENS_OUT_2=-50
THERMAL_SENS_OUT_3=27
THERMAL_SENS_OUT_4=27
THERMAL_SENS_OUT_5=28
THERMAL_SENS_OUT_6=-50
THERMAL_SENS_INT_1=26
THERMAL_SENS_INT_2=24
PG_5=0
PG_9=0
PG_12=0
FLT_P2=0
FLT_P3=0
HEAT_1_TEMP=26
HEAT_1_DUTY=0
HEAT_1_SP=-20.0
HEAT_2_TEMP=27
HEAT_2_DUTY=0
HEAT_2_SP=-20.0
HEAT_3_TEMP=27
HEAT_3_DUTY=0
HEAT_3_SP=-20.0
HEAT_4_TEMP=28
HEAT_4_DUTY=0
HEAT_4_SP=-20.0
MOTOR_ANGLE=-0.0003779069767441861
MOTOR_ACCUM=-0.0003779069767441861
MOTOR_ROT=0
TS=1786201546.299
V_SENSE5=1.162109375
V_SENSE9=0.03662109375
V_SENSE12=0.1220703125
ADC_V5=4.9560546875
ADC_V9=9.38995361328125
ADC_V12=11.5936279296875
ADC_V28=27.68310546875
THERMAL_SENS_OUT_1=26
THERMAL_SENS_OUT_2=-50
THERMAL_SENS_OUT_3=28
THERMAL_SENS_OUT_4=26
THERMAL_SENS_OUT_5=27
THERMAL_SENS_OUT_6=-50
THERMAL_SENS_INT_1=28
THERMAL_SENS_INT_2=26
PG_5=0
PG_9=0
PG_12=0
FLT_P2=0
FLT_P3=0
HEAT_1_TEMP=26
HEAT_1_DUTY=0
HEAT_1_SP=-20.0
HEAT_2_TEMP=28
HEAT_2_DUTY=0
HEAT_2_SP=-20.0
HEAT_3_TEMP=26
HEAT_3_DUTY=0
HEAT_3_SP=-20.0
HEAT_4_TEMP=27
HEAT_4_DUTY=0
HEAT_4_SP=-20.0
MOTOR_ANGLE=-0.0003779069767441861
MOTOR_ACCUM=-0.0003779069767441861
MOTOR_ROT=0

[16:15:21.529 EBOX]
TS=1786201546.798
V_SENSE5=1.1474609375
V_SENSE9=0.04638671875
V_SENSE12=0.12451171875
ADC_V5=4.92950439453125
ADC_V9=9.1510009765625
ADC_V12=11.82373046875
ADC_V28=27.647705078125
THERMAL_SENS_OUT_1=26
THERMAL_SENS_OUT_2=-50
THERMAL_SENS_OUT_3=26
THERMAL_SENS_OUT_4=24
THERMAL_SENS_OUT_5=27
THERMAL_SENS_OUT_6=-50
THERMAL_SENS_INT_1=23
THERMAL_SENS_INT_2=24
PG_5=0
PG_9=0
PG_12=0
FLT_P2=0
FLT_P3=0
HEAT_1_TEMP=26
HEAT_1_DUTY=0
HEAT_1_SP=-20.0
HEAT_2_TEMP=26
HEAT_2_DUTY=0
HEAT_2_SP=-20.0
HEAT_3_TEMP=24
HEAT_3_DUTY=0
HEAT_3_SP=-20.0
HEAT_4_TEMP=27
HEAT_4_DUTY=0
HEAT_4_SP=-20.0
MOTOR_ANGLE=-0.0003779069767441861
MOTOR_ACCUM=-0.0003779069767441861
MOTOR_ROT=0
TS=1786201547.303
V_SENSE5=1.30859375
V_SENSE9=0.03173828125
V_SENSE12=0.12939453125
ADC_V5=4.9737548828125
ADC_V9=9.35455322265625
ADC_V12=11.69097900390625
ADC_V28=27.96630859375
THERMAL_SENS_OUT_1=23
THERMAL_SENS_OUT_2=-50
THERMAL_SENS_OUT_3=29
THERMAL_SENS_OUT_4=24
THERMAL_SENS_OUT_5=29
THERMAL_SENS_OUT_6=-50
THERMAL_SENS_INT_1=24
THERMAL_SENS_INT_2=28
PG_5=0
PG_9=0
PG_12=0
FLT_P2=0
FLT_P3=0
HEAT_1_TEMP=23
HEAT_1_DUTY=0
HEAT_1_SP=-20.0
HEAT_2_TEMP=29
HEAT_2_DUTY=0
HEAT_2_SP=-20.0
HEAT_3_TEMP=24
HEAT_3_DUTY=0
HEAT_3_SP=-20.0
HEAT_4_TEMP=29
HEAT_4_DUTY=0
HEAT_4_SP=-20.0
MOTOR_ANGLE=-0.0003779069767441861
MOTOR_ACCUM=-0.0003779069767441861
MOTOR_ROT=0
TS=1786201547.798
V_SENSE5=1.27685546875
V_SENSE9=0.0341796875
V_SENSE12=0.10009765625
ADC_V5=4.9560546875
ADC_V9=9.451904296875
ADC_V12=11.65557861328125
ADC_V28=27.83355712890625
THERMAL_SENS_OUT_1=26
THERMAL_SENS_OUT_2=-50
THERMAL_SENS_OUT_3=27
THERMAL_SENS_OUT_4=28
THERMAL_SENS_OUT_5=27
THERMAL_SENS_OUT_6=-50
THERMAL_SENS_INT_1=23
THERMAL_SENS_INT_2=25
PG_5=0
PG_9=0
PG_12=0
FLT_P2=0
FLT_P3=0
HEAT_1_TEMP=26
HEAT_1_DUTY=0
HEAT_1_SP=-20.0
HEAT_2_TEMP=27
HEAT_2_DUTY=0
HEAT_2_SP=-20.0
HEAT_3_TEMP=28
HEAT_3_DUTY=0
HEAT_3_SP=-20.0
HEAT_4_TEMP=27
HEAT_4_DUTY=0
HEAT_4_SP=-20.0
MOTOR_ANGLE=-0.0003779069767441861
MOTOR_ACCUM=-0.0003779069767441861
MOTOR_ROT=0

[16:15:21.647 EBOX]
TS=1786201548.299
V_SENSE5=1.2060546875
V_SENSE9=0.03662109375
V_SENSE12=0.1123046875
ADC_V5=4.9383544921875
ADC_V9=9.13330078125
ADC_V12=11.79718017578125
ADC_V28=27.860107421875
THERMAL_SENS_OUT_1=22
THERMAL_SENS_OUT_2=-50
THERMAL_SENS_OUT_3=26
THERMAL_SENS_OUT_4=25
THERMAL_SENS_OUT_5=29
THERMAL_SENS_OUT_6=-50
THERMAL_SENS_INT_1=23
THERMAL_SENS_INT_2=29
PG_5=0
PG_9=0
PG_12=0
FLT_P2=0
FLT_P3=0
HEAT_1_TEMP=22
HEAT_1_DUTY=0
HEAT_1_SP=-20.0
HEAT_2_TEMP=26
HEAT_2_DUTY=0
HEAT_2_SP=-20.0
HEAT_3_TEMP=25
HEAT_3_DUTY=0
HEAT_3_SP=-20.0
HEAT_4_TEMP=29
HEAT_4_DUTY=0
HEAT_4_SP=-20.0
MOTOR_ANGLE=-0.0003779069767441861
MOTOR_ACCUM=-0.0003779069767441861
MOTOR_ROT=0

[16:15:22.066 EBOX]
TS=1786201548.801
V_SENSE5=1.1865234375
V_SENSE9=0.0341796875
V_SENSE12=0.1171875
ADC_V5=5.00030517578125
ADC_V9=8.9208984375
ADC_V12=11.77947998046875
ADC_V28=27.81585693359375
THERMAL_SENS_OUT_1=26
THERMAL_SENS_OUT_2=-50
THERMAL_SENS_OUT_3=26
THERMAL_SENS_OUT_4=24
THERMAL_SENS_OUT_5=26
THERMAL_SENS_OUT_6=-50
THERMAL_SENS_INT_1=24
THERMAL_SENS_INT_2=26
PG_5=0
PG_9=0
PG_12=0
FLT_P2=0
FLT_P3=0
HEAT_1_TEMP=26
HEAT_1_DUTY=0
HEAT_1_SP=-20.0
HEAT_2_TEMP=26
HEAT_2_DUTY=0
HEAT_2_SP=-20.0
HEAT_3_TEMP=24
HEAT_3_DUTY=0
HEAT_3_SP=-20.0
HEAT_4_TEMP=26
HEAT_4_DUTY=0
HEAT_4_SP=-20.0
MOTOR_ANGLE=-0.0003779069767441861
MOTOR_ACCUM=-0.0003779069767441861
MOTOR_ROT=0

[16:15:22.585 EBOX]
TS=1786201549.310
V_SENSE5=1.11572265625
V_SENSE9=0.0390625
V_SENSE12=0.107421875
ADC_V5=4.991455078125
ADC_V9=9.3280029296875
ADC_V12=11.95648193359375
ADC_V28=27.647705078125
THERMAL_SENS_OUT_1=28
THERMAL_SENS_OUT_2=-50
THERMAL_SENS_OUT_3=29
THERMAL_SENS_OUT_4=23
THERMAL_SENS_OUT_5=27
THERMAL_SENS_OUT_6=-50
THERMAL_SENS_INT_1=25
THERMAL_SENS_INT_2=29
PG_5=0
PG_9=0
PG_12=0
FLT_P2=0
FLT_P3=0
HEAT_1_TEMP=28
HEAT_1_DUTY=0
HEAT_1_SP=-20.0
HEAT_2_TEMP=29
HEAT_2_DUTY=0
HEAT_2_SP=-20.0
HEAT_3_TEMP=23
HEAT_3_DUTY=0
HEAT_3_SP=-20.0
HEAT_4_TEMP=27
HEAT_4_DUTY=0
HEAT_4_SP=-20.0
MOTOR_ANGLE=-0.0003779069767441861
MOTOR_ACCUM=-0.0003779069767441861
MOTOR_ROT=0

[16:15:24.453 EBOX]
TS=1786201549.803
V_SENSE5=1.23046875
V_SENSE9=0.03662109375
V_SENSE12=0.087890625
ADC_V5=5.07110595703125
ADC_V9=9.35455322265625
ADC_V12=11.9122314453125
ADC_V28=27.8070068359375
THERMAL_SENS_OUT_1=24
THERMAL_SENS_OUT_2=-50
THERMAL_SENS_OUT_3=28
THERMAL_SENS_OUT_4=25
THERMAL_SENS_OUT_5=31
THERMAL_SENS_OUT_6=-50
THERMAL_SENS_INT_1=26
THERMAL_SENS_INT_2=26
PG_5=0
PG_9=0
PG_12=0
FLT_P2=0
FLT_P3=0
HEAT_1_TEMP=24
HEAT_1_DUTY=0
HEAT_1_SP=-20.0
HEAT_2_TEMP=28
HEAT_2_DUTY=0
HEAT_2_SP=-20.0
HEAT_3_TEMP=25
HEAT_3_DUTY=0
HEAT_3_SP=-20.0
HEAT_4_TEMP=31
HEAT_4_DUTY=0
HEAT_4_SP=-20.0
MOTOR_ANGLE=-0.0003779069767441861
MOTOR_ACCUM=-0.0003779069767441861
MOTOR_ROT=0
TS=1786201550.305
V_SENSE5=1.24755859375
V_SENSE9=0.0390625
V_SENSE12=0.1123046875
ADC_V5=4.991455078125
ADC_V9=9.05364990234375
ADC_V12=11.72637939453125
ADC_V28=27.6654052734375
THERMAL_SENS_OUT_1=25
THERMAL_SENS_OUT_2=-50
THERMAL_SENS_OUT_3=25
THERMAL_SENS_OUT_4=24
THERMAL_SENS_OUT_5=30
THERMAL_SENS_OUT_6=-50
THERMAL_SENS_INT_1=26
THERMAL_SENS_INT_2=24
PG_5=0
PG_9=0
PG_12=0
FLT_P2=0
FLT_P3=0
HEAT_1_TEMP=25
HEAT_1_DUTY=0
HEAT_1_SP=-20.0
HEAT_2_TEMP=25
HEAT_2_DUTY=0
HEAT_2_SP=-20.0
HEAT_3_TEMP=24
HEAT_3_DUTY=0
HEAT_3_SP=-20.0
HEAT_4_TEMP=30
HEAT_4_DUTY=0
HEAT_4_SP=-20.0
MOTOR_ANGLE=-0.0003779069767441861
MOTOR_ACCUM=-0.0003779069767441861
MOTOR_ROT=0

[16:15:24.668 EBOX]
TS=1786201550.806
V_SENSE5=1.19140625
V_SENSE9=0.03173828125
V_SENSE12=0.1123046875
ADC_V5=4.87640380859375
ADC_V9=8.956298828125
ADC_V12=11.611328125
ADC_V28=27.70965576171875
THERMAL_SENS_OUT_1=26
THERMAL_SENS_OUT_2=-50
THERMAL_SENS_OUT_3=28
THERMAL_SENS_OUT_4=27
THERMAL_SENS_OUT_5=26
THERMAL_SENS_OUT_6=-50
THERMAL_SENS_INT_1=23
THERMAL_SENS_INT_2=26
PG_5=0
PG_9=0
PG_12=0
FLT_P2=0
FLT_P3=0
HEAT_1_TEMP=26
HEAT_1_DUTY=0
HEAT_1_SP=-20.0
HEAT_2_TEMP=28
HEAT_2_DUTY=0
HEAT_2_SP=-20.0
HEAT_3_TEMP=27
HEAT_3_DUTY=0
HEAT_3_SP=-20.0
HEAT_4_TEMP=26
HEAT_4_DUTY=0
HEAT_4_SP=-20.0
MOTOR_ANGLE=-0.0003779069767441861
MOTOR_ACCUM=-0.0003779069767441861
MOTOR_ROT=0

[16:15:24.988 EBOX]
TS=1786201551.308
V_SENSE5=1.25
V_SENSE9=0.0390625
V_SENSE12=0.09033203125
ADC_V5=4.94720458984375
ADC_V9=9.3634033203125
ADC_V12=11.65557861328125
ADC_V28=27.86895751953125
THERMAL_SENS_OUT_1=27
THERMAL_SENS_OUT_2=-50
THERMAL_SENS_OUT_3=25
THERMAL_SENS_OUT_4=25
THERMAL_SENS_OUT_5=30
THERMAL_SENS_OUT_6=-50
THERMAL_SENS_INT_1=25
THERMAL_SENS_INT_2=26
PG_5=0
PG_9=0
PG_12=0
FLT_P2=0
FLT_P3=0
HEAT_1_TEMP=27
HEAT_1_DUTY=0
HEAT_1_SP=-20.0
HEAT_2_TEMP=25
HEAT_2_DUTY=0
HEAT_2_SP=-20.0
HEAT_3_TEMP=25
HEAT_3_DUTY=0
HEAT_3_SP=-20.0
HEAT_4_TEMP=30
HEAT_4_DUTY=0
HEAT_4_SP=-20.0
MOTOR_ANGLE=-0.0003779069767441861
MOTOR_ACCUM=-0.0003779069767441861
MOTOR_ROT=0

[16:15:26.526 EBOX]
TS=1786201551.810
V_SENSE5=1.2451171875
V_SENSE9=0.0390625
V_SENSE12=0.1025390625
ADC_V5=5.01800537109375
ADC_V9=8.9385986328125
ADC_V12=11.99188232421875
ADC_V28=27.78045654296875
THERMAL_SENS_OUT_1=25
THERMAL_SENS_OUT_2=-50
THERMAL_SENS_OUT_3=25
THERMAL_SENS_OUT_4=26
THERMAL_SENS_OUT_5=27
THERMAL_SENS_OUT_6=-50
THERMAL_SENS_INT_1=23
THERMAL_SENS_INT_2=24
PG_5=0
PG_9=0
PG_12=0
FLT_P2=0
FLT_P3=0
HEAT_1_TEMP=25
HEAT_1_DUTY=0
HEAT_1_SP=-20.0
HEAT_2_TEMP=25
HEAT_2_DUTY=0
HEAT_2_SP=-20.0
HEAT_3_TEMP=26
HEAT_3_DUTY=0
HEAT_3_SP=-20.0
HEAT_4_TEMP=27
HEAT_4_DUTY=0
HEAT_4_SP=-20.0
MOTOR_ANGLE=-0.0003779069767441861
MOTOR_ACCUM=-0.0003779069767441861
MOTOR_ROT=0
TS=1786201552.311
V_SENSE5=1.2158203125
V_SENSE9=0.0390625
V_SENSE12=0.1220703125
ADC_V5=4.96490478515625
ADC_V9=8.9385986328125
ADC_V12=11.8060302734375
ADC_V28=27.79815673828125
THERMAL_SENS_OUT_1=25
THERMAL_SENS_OUT_2=-50
THERMAL_SENS_OUT_3=28
THERMAL_SENS_OUT_4=28
THERMAL_SENS_OUT_5=27
THERMAL_SENS_OUT_6=-50
THERMAL_SENS_INT_1=23
THERMAL_SENS_INT_2=27
PG_5=0
PG_9=0
PG_12=0
FLT_P2=0
FLT_P3=0
HEAT_1_TEMP=25
HEAT_1_DUTY=0
HEAT_1_SP=-20.0
HEAT_2_TEMP=28
HEAT_2_DUTY=0
HEAT_2_SP=-20.0
HEAT_3_TEMP=28
HEAT_3_DUTY=0
HEAT_3_SP=-20.0
HEAT_4_TEMP=27
HEAT_4_DUTY=0
HEAT_4_SP=-20.0
MOTOR_ANGLE=-0.0003779069767441861
MOTOR_ACCUM=-0.0003779069767441861
MOTOR_ROT=0

[16:15:26.864 EBOX]
TS=1786201552.811
V_SENSE5=1.201171875
V_SENSE9=0.04150390625
V_SENSE12=0.1025390625
ADC_V5=4.91180419921875
ADC_V9=9.28375244140625
ADC_V12=11.859130859375
ADC_V28=27.35565185546875
THERMAL_SENS_OUT_1=24
THERMAL_SENS_OUT_2=-50
THERMAL_SENS_OUT_3=26
THERMAL_SENS_OUT_4=27
THERMAL_SENS_OUT_5=27
THERMAL_SENS_OUT_6=-50
THERMAL_SENS_INT_1=23
THERMAL_SENS_INT_2=25
PG_5=0
PG_9=0
PG_12=0
FLT_P2=0
FLT_P3=0
HEAT_1_TEMP=24
HEAT_1_DUTY=0
HEAT_1_SP=-20.0
HEAT_2_TEMP=26
HEAT_2_DUTY=0
HEAT_2_SP=-20.0
HEAT_3_TEMP=27
HEAT_3_DUTY=0
HEAT_3_SP=-20.0
HEAT_4_TEMP=27
HEAT_4_DUTY=0
HEAT_4_SP=-20.0
MOTOR_ANGLE=-0.0003779069767441861
MOTOR_ACCUM=-0.0003779069767441861
MOTOR_ROT=0
TS=1786201553.314
V_SENSE5=1.23291015625
V_SENSE9=0.0341796875
V_SENSE12=0.1123046875
ADC_V5=5.08880615234375
ADC_V9=9.24835205078125
ADC_V12=11.69097900390625
ADC_V28=27.576904296875
THERMAL_SENS_OUT_1=27
THERMAL_SENS_OUT_2=-50
THERMAL_SENS_OUT_3=28
THERMAL_SENS_OUT_4=26
THERMAL_SENS_OUT_5=29
THERMAL_SENS_OUT_6=-50
THERMAL_SENS_INT_1=23
THERMAL_SENS_INT_2=27
PG_5=0
PG_9=0
PG_12=0
FLT_P2=0
FLT_P3=0
HEAT_1_TEMP=27
HEAT_1_DUTY=0
HEAT_1_SP=-20.0
HEAT_2_TEMP=28
HEAT_2_DUTY=0
HEAT_2_SP=-20.0
HEAT_3_TEMP=26
HEAT_3_DUTY=0
HEAT_3_SP=-20.0
HEAT_4_TEMP=29
HEAT_4_DUTY=0
HEAT_4_SP=-20.0
MOTOR_ANGLE=-0.0003779069767441861
MOTOR_ACCUM=-0.0003779069767441861
MOTOR_ROT=0

[16:15:27.384 EBOX]
TS=1786201553.821
V_SENSE5=1.171875
V_SENSE9=0.0390625
V_SENSE12=0.1025390625
ADC_V5=4.9737548828125
ADC_V9=8.87664794921875
ADC_V12=11.929931640625
ADC_V28=27.96630859375
THERMAL_SENS_OUT_1=24
THERMAL_SENS_OUT_2=-50
THERMAL_SENS_OUT_3=26
THERMAL_SENS_OUT_4=28
THERMAL_SENS_OUT_5=26
THERMAL_SENS_OUT_6=-50
THERMAL_SENS_INT_1=25
THERMAL_SENS_INT_2=28
PG_5=0
PG_9=0
PG_12=0
FLT_P2=0
FLT_P3=0
HEAT_1_TEMP=24
HEAT_1_DUTY=0
HEAT_1_SP=-20.0
HEAT_2_TEMP=26
HEAT_2_DUTY=0
HEAT_2_SP=-20.0
HEAT_3_TEMP=28
HEAT_3_DUTY=0
HEAT_3_SP=-20.0
HEAT_4_TEMP=26
HEAT_4_DUTY=0
HEAT_4_SP=-20.0
MOTOR_ANGLE=-0.0003779069767441861
MOTOR_ACCUM=-0.0003779069767441861
MOTOR_ROT=0

[16:15:28.923 EBOX]
TS=1786201554.315
V_SENSE5=1.19140625
V_SENSE9=0.0390625
V_SENSE12=0.11962890625
ADC_V5=4.88525390625
ADC_V9=9.55810546875
ADC_V12=11.77947998046875
ADC_V28=27.4176025390625
THERMAL_SENS_OUT_1=22
THERMAL_SENS_OUT_2=-50
THERMAL_SENS_OUT_3=26
THERMAL_SENS_OUT_4=24
THERMAL_SENS_OUT_5=29
THERMAL_SENS_OUT_6=-50
THERMAL_SENS_INT_1=25
THERMAL_SENS_INT_2=26
PG_5=0
PG_9=0
PG_12=0
FLT_P2=0
FLT_P3=0
HEAT_1_TEMP=22
HEAT_1_DUTY=0
HEAT_1_SP=-20.0
HEAT_2_TEMP=26
HEAT_2_DUTY=0
HEAT_2_SP=-20.0
HEAT_3_TEMP=24
HEAT_3_DUTY=0
HEAT_3_SP=-20.0
HEAT_4_TEMP=29
HEAT_4_DUTY=0
HEAT_4_SP=-20.0
MOTOR_ANGLE=-0.0003779069767441861
MOTOR_ACCUM=-0.0003779069767441861
MOTOR_ROT=0
TS=1786201554.817
V_SENSE5=1.19140625
V_SENSE9=0.0390625
V_SENSE12=0.10986328125
ADC_V5=4.91180419921875
ADC_V9=9.38995361328125
ADC_V12=11.717529296875
ADC_V28=27.96630859375
THERMAL_SENS_OUT_1=27
THERMAL_SENS_OUT_2=-50
THERMAL_SENS_OUT_3=29
THERMAL_SENS_OUT_4=25
THERMAL_SENS_OUT_5=29
THERMAL_SENS_OUT_6=-50
THERMAL_SENS_INT_1=24
THERMAL_SENS_INT_2=28
PG_5=0
PG_9=0
PG_12=0
FLT_P2=0
FLT_P3=0
HEAT_1_TEMP=27
HEAT_1_DUTY=0
HEAT_1_SP=-20.0
HEAT_2_TEMP=29
HEAT_2_DUTY=0
HEAT_2_SP=-20.0
HEAT_3_TEMP=25
HEAT_3_DUTY=0
HEAT_3_SP=-20.0
HEAT_4_TEMP=29
HEAT_4_DUTY=0
HEAT_4_SP=-20.0
MOTOR_ANGLE=-0.0003779069767441861
MOTOR_ACCUM=-0.0003779069767441861
MOTOR_ROT=0

[16:15:29.243 EBOX]
TS=1786201555.317
V_SENSE5=1.21337890625
V_SENSE9=0.0341796875
V_SENSE12=0.0927734375
ADC_V5=4.88525390625
ADC_V9=9.15985107421875
ADC_V12=11.62017822265625
ADC_V28=27.6123046875
THERMAL_SENS_OUT_1=23
THERMAL_SENS_OUT_2=-50
THERMAL_SENS_OUT_3=25
THERMAL_SENS_OUT_4=27
THERMAL_SENS_OUT_5=27
THERMAL_SENS_OUT_6=-50
THERMAL_SENS_INT_1=23
THERMAL_SENS_INT_2=28
PG_5=0
PG_9=0
PG_12=0
FLT_P2=0
FLT_P3=0
HEAT_1_TEMP=23
HEAT_1_DUTY=0
HEAT_1_SP=-20.0
HEAT_2_TEMP=25
HEAT_2_DUTY=0
HEAT_2_SP=-20.0
HEAT_3_TEMP=27
HEAT_3_DUTY=0
HEAT_3_SP=-20.0
HEAT_4_TEMP=27
HEAT_4_DUTY=0
HEAT_4_SP=-20.0
MOTOR_ANGLE=-0.0003779069767441861
MOTOR_ACCUM=-0.0003779069767441861
MOTOR_ROT=0

[16:15:29.514 EBOX]
TS=1786201555.821
V_SENSE5=1.376953125
V_SENSE9=0.0732421875
V_SENSE12=0.09033203125
ADC_V5=4.96490478515625
ADC_V9=8.80584716796875
ADC_V12=11.85028076171875
ADC_V28=27.63885498046875
THERMAL_SENS_OUT_1=27
THERMAL_SENS_OUT_2=-50
THERMAL_SENS_OUT_3=26
THERMAL_SENS_OUT_4=25
THERMAL_SENS_OUT_5=30
THERMAL_SENS_OUT_6=-50
THERMAL_SENS_INT_1=26
THERMAL_SENS_INT_2=25
PG_5=0
PG_9=0
PG_12=0
FLT_P2=0
FLT_P3=0
HEAT_1_TEMP=27
HEAT_1_DUTY=0
HEAT_1_SP=-20.0
HEAT_2_TEMP=26
HEAT_2_DUTY=0
HEAT_2_SP=-20.0
HEAT_3_TEMP=25
HEAT_3_DUTY=0
HEAT_3_SP=-20.0
HEAT_4_TEMP=30
HEAT_4_DUTY=0
HEAT_4_SP=-20.0
MOTOR_ANGLE=-0.0003779069767441861
MOTOR_ACCUM=-0.0003779069767441861
MOTOR_ROT=0

[16:15:29.630 EBOX]
TS=1786201556.325
V_SENSE5=1.10595703125
V_SENSE9=0.0390625
V_SENSE12=0.13427734375
ADC_V5=4.96490478515625
ADC_V9=9.24835205078125
ADC_V12=11.92108154296875
ADC_V28=27.6123046875
THERMAL_SENS_OUT_1=27
THERMAL_SENS_OUT_2=-50
THERMAL_SENS_OUT_3=26
THERMAL_SENS_OUT_4=24
THERMAL_SENS_OUT_5=26
THERMAL_SENS_OUT_6=-50
THERMAL_SENS_INT_1=26
THERMAL_SENS_INT_2=24
PG_5=0
PG_9=0
PG_12=0
FLT_P2=0
FLT_P3=0
HEAT_1_TEMP=27
HEAT_1_DUTY=0
HEAT_1_SP=-20.0
HEAT_2_TEMP=26
HEAT_2_DUTY=0
HEAT_2_SP=-20.0
HEAT_3_TEMP=24
HEAT_3_DUTY=0
HEAT_3_SP=-20.0
HEAT_4_TEMP=26
HEAT_4_DUTY=0
HEAT_4_SP=-20.0
MOTOR_ANGLE=-0.0003779069767441861
MOTOR_ACCUM=-0.0003779069767441861
MOTOR_ROT=0

[16:15:30.050 EBOX]
TS=1786201556.831
V_SENSE5=1.16943359375
V_SENSE9=0.0341796875
V_SENSE12=0.10986328125
ADC_V5=4.98260498046875
ADC_V9=9.15985107421875
ADC_V12=11.81488037109375
ADC_V28=27.72735595703125
THERMAL_SENS_OUT_1=23
THERMAL_SENS_OUT_2=-50
THERMAL_SENS_OUT_3=27
THERMAL_SENS_OUT_4=23
THERMAL_SENS_OUT_5=31
THERMAL_SENS_OUT_6=-50
THERMAL_SENS_INT_1=25
THERMAL_SENS_INT_2=29
PG_5=0
PG_9=0
PG_12=0
FLT_P2=0
FLT_P3=0
HEAT_1_TEMP=23
HEAT_1_DUTY=0
HEAT_1_SP=-20.0
HEAT_2_TEMP=27
HEAT_2_DUTY=0
HEAT_2_SP=-20.0
HEAT_3_TEMP=23
HEAT_3_DUTY=0
HEAT_3_SP=-20.0
HEAT_4_TEMP=31
HEAT_4_DUTY=0
HEAT_4_SP=-20.0
MOTOR_ANGLE=-0.0003779069767441861
MOTOR_ACCUM=-0.0003779069767441861
MOTOR_ROT=0

[16:15:30.870 EBOX]
TS=1786201557.329
V_SENSE5=1.171875
V_SENSE9=0.05615234375
V_SENSE12=0.09765625
ADC_V5=4.87640380859375
ADC_V9=8.956298828125
ADC_V12=11.69097900390625
ADC_V28=27.647705078125
THERMAL_SENS_OUT_1=26
THERMAL_SENS_OUT_2=-50
THERMAL_SENS_OUT_3=28
THERMAL_SENS_OUT_4=26
THERMAL_SENS_OUT_5=28
THERMAL_SENS_OUT_6=-50
THERMAL_SENS_INT_1=25
THERMAL_SENS_INT_2=25
PG_5=0
PG_9=0
PG_12=0
FLT_P2=0
FLT_P3=0
HEAT_1_TEMP=26
HEAT_1_DUTY=0
HEAT_1_SP=-20.0
HEAT_2_TEMP=28
HEAT_2_DUTY=0
HEAT_2_SP=-20.0
HEAT_3_TEMP=26
HEAT_3_DUTY=0
HEAT_3_SP=-20.0
HEAT_4_TEMP=28
HEAT_4_DUTY=0
HEAT_4_SP=-20.0
MOTOR_ANGLE=-0.0003779069767441861
MOTOR_ACCUM=-0.0003779069767441861
MOTOR_ROT=0

[16:15:31.188 EBOX]
TS=1786201557.826
V_SENSE5=1.2548828125
V_SENSE9=0.0390625
V_SENSE12=0.11474609375
ADC_V5=5.0091552734375
ADC_V9=9.4696044921875
ADC_V12=11.69097900390625
ADC_V28=27.92205810546875
THERMAL_SENS_OUT_1=26
THERMAL_SENS_OUT_2=-50
THERMAL_SENS_OUT_3=28
THERMAL_SENS_OUT_4=25
THERMAL_SENS_OUT_5=29
THERMAL_SENS_OUT_6=-50
THERMAL_SENS_INT_1=23
THERMAL_SENS_INT_2=24
PG_5=0
PG_9=0
PG_12=0
FLT_P2=0
FLT_P3=0
HEAT_1_TEMP=26
HEAT_1_DUTY=0
HEAT_1_SP=-20.0
HEAT_2_TEMP=28
HEAT_2_DUTY=0
HEAT_2_SP=-20.0
HEAT_3_TEMP=25
HEAT_3_DUTY=0
HEAT_3_SP=-20.0
HEAT_4_TEMP=29
HEAT_4_DUTY=0
HEAT_4_SP=-20.0
MOTOR_ANGLE=-0.0003779069767441861
MOTOR_ACCUM=-0.0003779069767441861
MOTOR_ROT=0

[16:15:31.906 EBOX]
TS=1786201558.327
V_SENSE5=1.171875
V_SENSE9=0.0390625
V_SENSE12=0.12939453125
ADC_V5=4.96490478515625
ADC_V9=9.1510009765625
ADC_V12=11.88568115234375
ADC_V28=27.32025146484375
THERMAL_SENS_OUT_1=24
THERMAL_SENS_OUT_2=-50
THERMAL_SENS_OUT_3=29
THERMAL_SENS_OUT_4=24
THERMAL_SENS_OUT_5=30
THERMAL_SENS_OUT_6=-50
THERMAL_SENS_INT_1=23
THERMAL_SENS_INT_2=26
PG_5=0
PG_9=0
PG_12=0
FLT_P2=0
FLT_P3=0
HEAT_1_TEMP=24
HEAT_1_DUTY=0
HEAT_1_SP=-20.0
HEAT_2_TEMP=29
HEAT_2_DUTY=0
HEAT_2_SP=-20.0
HEAT_3_TEMP=24
HEAT_3_DUTY=0
HEAT_3_SP=-20.0
HEAT_4_TEMP=30
HEAT_4_DUTY=0
HEAT_4_SP=-20.0
MOTOR_ANGLE=-0.0003779069767441861
MOTOR_ACCUM=-0.0003779069767441861
MOTOR_ROT=0

[16:15:32.426 EBOX]
TS=1786201558.829
V_SENSE5=1.19384765625
V_SENSE9=0.0341796875
V_SENSE12=0.107421875
ADC_V5=4.9560546875
ADC_V9=8.99169921875
ADC_V12=11.6644287109375
ADC_V28=27.293701171875
THERMAL_SENS_OUT_1=26
THERMAL_SENS_OUT_2=-50
THERMAL_SENS_OUT_3=29
THERMAL_SENS_OUT_4=24
THERMAL_SENS_OUT_5=27
THERMAL_SENS_OUT_6=-50
THERMAL_SENS_INT_1=27
THERMAL_SENS_INT_2=25
PG_5=0
PG_9=0
PG_12=0
FLT_P2=0
FLT_P3=0
HEAT_1_TEMP=26
HEAT_1_DUTY=0
HEAT_1_SP=-20.0
HEAT_2_TEMP=29
HEAT_2_DUTY=0
HEAT_2_SP=-20.0
HEAT_3_TEMP=24
HEAT_3_DUTY=0
HEAT_3_SP=-20.0
HEAT_4_TEMP=27
HEAT_4_DUTY=0
HEAT_4_SP=-20.0
MOTOR_ANGLE=-0.0003779069767441861
MOTOR_ACCUM=-0.0003779069767441861
MOTOR_ROT=0

[16:15:32.869 EBOX]
TS=1786201559.330
V_SENSE5=1.19873046875
V_SENSE9=0.0341796875
V_SENSE12=0.1123046875
ADC_V5=4.9737548828125
ADC_V9=9.58465576171875
ADC_V12=11.86798095703125
ADC_V28=27.56805419921875
THERMAL_SENS_OUT_1=25
THERMAL_SENS_OUT_2=-50
THERMAL_SENS_OUT_3=29
THERMAL_SENS_OUT_4=24
THERMAL_SENS_OUT_5=30
THERMAL_SENS_OUT_6=-50
THERMAL_SENS_INT_1=27
THERMAL_SENS_INT_2=25
PG_5=0
PG_9=0
PG_12=0
FLT_P2=0
FLT_P3=0
HEAT_1_TEMP=25
HEAT_1_DUTY=0
HEAT_1_SP=-20.0
HEAT_2_TEMP=29
HEAT_2_DUTY=0
HEAT_2_SP=-20.0
HEAT_3_TEMP=24
HEAT_3_DUTY=0
HEAT_3_SP=-20.0
HEAT_4_TEMP=30
HEAT_4_DUTY=0
HEAT_4_SP=-20.0
MOTOR_ANGLE=-0.0003779069767441861
MOTOR_ACCUM=-0.0003779069767441861
MOTOR_ROT=0

[16:15:33.188 EBOX]
TS=1786201559.831
V_SENSE5=1.2548828125
V_SENSE9=0.03662109375
V_SENSE12=0.107421875
ADC_V5=4.9560546875
ADC_V9=9.10675048828125
ADC_V12=11.81488037109375
ADC_V28=27.3291015625
THERMAL_SENS_OUT_1=24
THERMAL_SENS_OUT_2=-50
THERMAL_SENS_OUT_3=25
THERMAL_SENS_OUT_4=25
THERMAL_SENS_OUT_5=30
THERMAL_SENS_OUT_6=-50
THERMAL_SENS_INT_1=27
THERMAL_SENS_INT_2=25
PG_5=0
PG_9=0
PG_12=0
FLT_P2=0
FLT_P3=0
HEAT_1_TEMP=24
HEAT_1_DUTY=0
HEAT_1_SP=-20.0
HEAT_2_TEMP=25
HEAT_2_DUTY=0
HEAT_2_SP=-20.0
HEAT_3_TEMP=25
HEAT_3_DUTY=0
HEAT_3_SP=-20.0
HEAT_4_TEMP=30
HEAT_4_DUTY=0
HEAT_4_SP=-20.0
MOTOR_ANGLE=-0.0003779069767441861
MOTOR_ACCUM=-0.0003779069767441861
MOTOR_ROT=0

[16:15:33.622 EBOX]
TS=1786201560.333
V_SENSE5=1.220703125
V_SENSE9=0.04638671875
V_SENSE12=0.09765625
ADC_V5=4.9383544921875
ADC_V9=9.08905029296875
ADC_V12=11.8060302734375
ADC_V28=27.42645263671875
THERMAL_SENS_OUT_1=27
THERMAL_SENS_OUT_2=-50
THERMAL_SENS_OUT_3=28
THERMAL_SENS_OUT_4=28
THERMAL_SENS_OUT_5=26
THERMAL_SENS_OUT_6=-50
THERMAL_SENS_INT_1=24
THERMAL_SENS_INT_2=24
PG_5=0
PG_9=0
PG_12=0
FLT_P2=0
FLT_P3=0
HEAT_1_TEMP=27
HEAT_1_DUTY=0
HEAT_1_SP=-20.0
HEAT_2_TEMP=28
HEAT_2_DUTY=0
HEAT_2_SP=-20.0
HEAT_3_TEMP=28
HEAT_3_DUTY=0
HEAT_3_SP=-20.0
HEAT_4_TEMP=26
HEAT_4_DUTY=0
HEAT_4_SP=-20.0
MOTOR_ANGLE=-0.0003779069767441861
MOTOR_ACCUM=-0.0003779069767441861
MOTOR_ROT=0

[16:15:34.342 EBOX]
TS=1786201560.834
V_SENSE5=1.19384765625
V_SENSE9=0.03662109375
V_SENSE12=0.12451171875
ADC_V5=4.88525390625
ADC_V9=8.96514892578125
ADC_V12=11.8414306640625
ADC_V28=27.21405029296875
THERMAL_SENS_OUT_1=25
THERMAL_SENS_OUT_2=-50
THERMAL_SENS_OUT_3=29
THERMAL_SENS_OUT_4=24
THERMAL_SENS_OUT_5=31
THERMAL_SENS_OUT_6=-50
THERMAL_SENS_INT_1=25
THERMAL_SENS_INT_2=27
PG_5=0
PG_9=0
PG_12=0
FLT_P2=0
FLT_P3=0
HEAT_1_TEMP=25
HEAT_1_DUTY=0
HEAT_1_SP=-20.0
HEAT_2_TEMP=29
HEAT_2_DUTY=0
HEAT_2_SP=-20.0
HEAT_3_TEMP=24
HEAT_3_DUTY=0
HEAT_3_SP=-20.0
HEAT_4_TEMP=31
HEAT_4_DUTY=0
HEAT_4_SP=-20.0
MOTOR_ANGLE=-0.0003779069767441861
MOTOR_ACCUM=-0.0003779069767441861
MOTOR_ROT=0

[16:15:34.659 EBOX]
TS=1786201561.335
V_SENSE5=1.24755859375
V_SENSE9=0.0390625
V_SENSE12=0.15380859375
ADC_V5=4.9383544921875
ADC_V9=9.40765380859375
ADC_V12=11.72637939453125
ADC_V28=27.96630859375
THERMAL_SENS_OUT_1=25
THERMAL_SENS_OUT_2=-50
THERMAL_SENS_OUT_3=25
THERMAL_SENS_OUT_4=27
THERMAL_SENS_OUT_5=29
THERMAL_SENS_OUT_6=-50
THERMAL_SENS_INT_1=23
THERMAL_SENS_INT_2=28
PG_5=0
PG_9=0
PG_12=0
FLT_P2=0
FLT_P3=0
HEAT_1_TEMP=25
HEAT_1_DUTY=0
HEAT_1_SP=-20.0
HEAT_2_TEMP=25
HEAT_2_DUTY=0
HEAT_2_SP=-20.0
HEAT_3_TEMP=27
HEAT_3_DUTY=0
HEAT_3_SP=-20.0
HEAT_4_TEMP=29
HEAT_4_DUTY=0
HEAT_4_SP=-20.0
MOTOR_ANGLE=-0.0003779069767441861
MOTOR_ACCUM=-0.0003779069767441861
MOTOR_ROT=0

[16:15:35.181 EBOX]
TS=1786201561.844
V_SENSE5=1.171875
V_SENSE9=0.0341796875
V_SENSE12=0.09765625
ADC_V5=4.96490478515625
ADC_V9=9.21295166015625
ADC_V12=11.8060302734375
ADC_V28=27.1875
THERMAL_SENS_OUT_1=25
THERMAL_SENS_OUT_2=-50
THERMAL_SENS_OUT_3=26
THERMAL_SENS_OUT_4=29
THERMAL_SENS_OUT_5=28
THERMAL_SENS_OUT_6=-50
THERMAL_SENS_INT_1=25
THERMAL_SENS_INT_2=29
PG_5=0
PG_9=0
PG_12=0
FLT_P2=0
FLT_P3=0
HEAT_1_TEMP=25
HEAT_1_DUTY=0
HEAT_1_SP=-20.0
HEAT_2_TEMP=26
HEAT_2_DUTY=0
HEAT_2_SP=-20.0
HEAT_3_TEMP=29
HEAT_3_DUTY=0
HEAT_3_SP=-20.0
HEAT_4_TEMP=28
HEAT_4_DUTY=0
HEAT_4_SP=-20.0
MOTOR_ANGLE=-0.0003779069767441861
MOTOR_ACCUM=-0.0003779069767441861
MOTOR_ROT=0

[16:15:35.904 EBOX]
TS=1786201562.338
V_SENSE5=1.18408203125
V_SENSE9=0.03662109375
V_SENSE12=0.15380859375
ADC_V5=4.991455078125
ADC_V9=8.89434814453125
ADC_V12=11.92108154296875
ADC_V28=27.5238037109375
THERMAL_SENS_OUT_1=23
THERMAL_SENS_OUT_2=-50
THERMAL_SENS_OUT_3=27
THERMAL_SENS_OUT_4=28
THERMAL_SENS_OUT_5=27
THERMAL_SENS_OUT_6=-50
THERMAL_SENS_INT_1=23
THERMAL_SENS_INT_2=26
PG_5=0
PG_9=0
PG_12=0
FLT_P2=0
FLT_P3=0
HEAT_1_TEMP=23
HEAT_1_DUTY=0
HEAT_1_SP=-20.0
HEAT_2_TEMP=27
HEAT_2_DUTY=0
HEAT_2_SP=-20.0
HEAT_3_TEMP=28
HEAT_3_DUTY=0
HEAT_3_SP=-20.0
HEAT_4_TEMP=27
HEAT_4_DUTY=0
HEAT_4_SP=-20.0
MOTOR_ANGLE=-0.0003779069767441861
MOTOR_ACCUM=-0.0003779069767441861
MOTOR_ROT=0

[16:15:36.634 EBOX]
TS=1786201562.840
V_SENSE5=1.19140625
V_SENSE9=0.0341796875
V_SENSE12=0.11474609375
ADC_V5=4.9560546875
ADC_V9=9.310302734375
ADC_V12=11.63787841796875
ADC_V28=27.6300048828125
THERMAL_SENS_OUT_1=26
THERMAL_SENS_OUT_2=-50
THERMAL_SENS_OUT_3=28
THERMAL_SENS_OUT_4=28
THERMAL_SENS_OUT_5=26
THERMAL_SENS_OUT_6=-50
THERMAL_SENS_INT_1=23
THERMAL_SENS_INT_2=26
PG_5=0
PG_9=0
PG_12=0
FLT_P2=0
FLT_P3=0
HEAT_1_TEMP=26
HEAT_1_DUTY=0
HEAT_1_SP=-20.0
HEAT_2_TEMP=28
HEAT_2_DUTY=0
HEAT_2_SP=-20.0
HEAT_3_TEMP=28
HEAT_3_DUTY=0
HEAT_3_SP=-20.0
HEAT_4_TEMP=26
HEAT_4_DUTY=0
HEAT_4_SP=-20.0
MOTOR_ANGLE=-0.0003779069767441861
MOTOR_ACCUM=-0.0003779069767441861
MOTOR_ROT=0

[16:15:37.158 EBOX]
TS=1786201563.342
V_SENSE5=1.240234375
V_SENSE9=0.03662109375
V_SENSE12=0.0927734375
ADC_V5=4.9560546875
ADC_V9=9.097900390625
ADC_V12=11.90338134765625
ADC_V28=27.56805419921875
THERMAL_SENS_OUT_1=27
THERMAL_SENS_OUT_2=-50
THERMAL_SENS_OUT_3=25
THERMAL_SENS_OUT_4=26
THERMAL_SENS_OUT_5=29
THERMAL_SENS_OUT_6=-50
THERMAL_SENS_INT_1=27
THERMAL_SENS_INT_2=25
PG_5=0
PG_9=0
PG_12=0
FLT_P2=0
FLT_P3=0
HEAT_1_TEMP=27
HEAT_1_DUTY=0
HEAT_1_SP=-20.0
HEAT_2_TEMP=25
HEAT_2_DUTY=0
HEAT_2_SP=-20.0
HEAT_3_TEMP=26
HEAT_3_DUTY=0
HEAT_3_SP=-20.0
HEAT_4_TEMP=29
HEAT_4_DUTY=0
HEAT_4_SP=-20.0
MOTOR_ANGLE=-0.0003779069767441861
MOTOR_ACCUM=-0.0003779069767441861
MOTOR_ROT=0

[16:15:37.590 EBOX]
TS=1786201563.842
V_SENSE5=1.240234375
V_SENSE9=0.0390625
V_SENSE12=0.1123046875
ADC_V5=4.9029541015625
ADC_V9=8.885498046875
ADC_V12=11.95648193359375
ADC_V28=27.69195556640625
THERMAL_SENS_OUT_1=29
THERMAL_SENS_OUT_2=-50
THERMAL_SENS_OUT_3=28
THERMAL_SENS_OUT_4=29
THERMAL_SENS_OUT_5=28
THERMAL_SENS_OUT_6=-50
THERMAL_SENS_INT_1=25
THERMAL_SENS_INT_2=29
PG_5=0
PG_9=0
PG_12=0
FLT_P2=0
FLT_P3=0
HEAT_1_TEMP=29
HEAT_1_DUTY=0
HEAT_1_SP=-20.0
HEAT_2_TEMP=28
HEAT_2_DUTY=0
HEAT_2_SP=-20.0
HEAT_3_TEMP=29
HEAT_3_DUTY=0
HEAT_3_SP=-20.0
HEAT_4_TEMP=28
HEAT_4_DUTY=0
HEAT_4_SP=-20.0
MOTOR_ANGLE=-0.0003779069767441861
MOTOR_ACCUM=-0.0003779069767441861
MOTOR_ROT=0

[16:15:38.013 EBOX]
TS=1786201564.366
V_SENSE5=1.2646484375
V_SENSE9=0.0341796875
V_SENSE12=0.1171875
ADC_V5=5.08880615234375
ADC_V9=9.345703125
ADC_V12=11.929931640625
ADC_V28=27.9132080078125
THERMAL_SENS_OUT_1=25
THERMAL_SENS_OUT_2=-50
THERMAL_SENS_OUT_3=29
THERMAL_SENS_OUT_4=28
THERMAL_SENS_OUT_5=30
THERMAL_SENS_OUT_6=-50
THERMAL_SENS_INT_1=26
THERMAL_SENS_INT_2=24
PG_5=0
PG_9=0
PG_12=0
FLT_P2=0
FLT_P3=0
HEAT_1_TEMP=25
HEAT_1_DUTY=0
HEAT_1_SP=-20.0
HEAT_2_TEMP=29
HEAT_2_DUTY=0
HEAT_2_SP=-20.0
HEAT_3_TEMP=28
HEAT_3_DUTY=0
HEAT_3_SP=-20.0
HEAT_4_TEMP=30
HEAT_4_DUTY=0
HEAT_4_SP=-20.0
MOTOR_ANGLE=-0.0003779069767441861
MOTOR_ACCUM=-0.0003779069767441861
MOTOR_ROT=0

[16:15:38.439 EBOX]
TS=1786201564.845
V_SENSE5=1.21337890625
V_SENSE9=0.0390625
V_SENSE12=0.10009765625
ADC_V5=4.9737548828125
ADC_V9=9.1156005859375
ADC_V12=11.8060302734375
ADC_V28=27.74505615234375
THERMAL_SENS_OUT_1=27
THERMAL_SENS_OUT_2=-50
THERMAL_SENS_OUT_3=27
THERMAL_SENS_OUT_4=24
THERMAL_SENS_OUT_5=27
THERMAL_SENS_OUT_6=-50
THERMAL_SENS_INT_1=23
THERMAL_SENS_INT_2=26
PG_5=0
PG_9=0
PG_12=0
FLT_P2=0
FLT_P3=0
HEAT_1_TEMP=27
HEAT_1_DUTY=0
HEAT_1_SP=-20.0
HEAT_2_TEMP=27
HEAT_2_DUTY=0
HEAT_2_SP=-20.0
HEAT_3_TEMP=24
HEAT_3_DUTY=0
HEAT_3_SP=-20.0
HEAT_4_TEMP=27
HEAT_4_DUTY=0
HEAT_4_SP=-20.0
MOTOR_ANGLE=-0.0003779069767441861
MOTOR_ACCUM=-0.0003779069767441861
MOTOR_ROT=0

[16:15:38.965 EBOX]
TS=1786201565.345
V_SENSE5=1.19873046875
V_SENSE9=0.0390625
V_SENSE12=0.1171875
ADC_V5=4.88525390625
ADC_V9=9.168701171875
ADC_V12=11.6290283203125
ADC_V28=27.7362060546875
THERMAL_SENS_OUT_1=29
THERMAL_SENS_OUT_2=-50
THERMAL_SENS_OUT_3=29
THERMAL_SENS_OUT_4=25
THERMAL_SENS_OUT_5=30
THERMAL_SENS_OUT_6=-50
THERMAL_SENS_INT_1=28
THERMAL_SENS_INT_2=26
PG_5=0
PG_9=0
PG_12=0
FLT_P2=0
FLT_P3=0
HEAT_1_TEMP=29
HEAT_1_DUTY=0
HEAT_1_SP=-20.0
HEAT_2_TEMP=29
HEAT_2_DUTY=0
HEAT_2_SP=-20.0
HEAT_3_TEMP=25
HEAT_3_DUTY=0
HEAT_3_SP=-20.0
HEAT_4_TEMP=30
HEAT_4_DUTY=0
HEAT_4_SP=-20.0
MOTOR_ANGLE=-0.0003779069767441861
MOTOR_ACCUM=-0.0003779069767441861
MOTOR_ROT=0

[16:15:39.290 EBOX]
TS=1786201565.848
V_SENSE5=1.27197265625
V_SENSE9=0.03662109375
V_SENSE12=0.11474609375
ADC_V5=4.98260498046875
ADC_V9=8.85009765625
ADC_V12=11.9476318359375
ADC_V28=27.7362060546875
THERMAL_SENS_OUT_1=27
THERMAL_SENS_OUT_2=-50
THERMAL_SENS_OUT_3=29
THERMAL_SENS_OUT_4=24
THERMAL_SENS_OUT_5=30
THERMAL_SENS_OUT_6=-50
THERMAL_SENS_INT_1=25
THERMAL_SENS_INT_2=29
PG_5=0
PG_9=0
PG_12=0
FLT_P2=0
FLT_P3=0
HEAT_1_TEMP=27
HEAT_1_DUTY=0
HEAT_1_SP=-20.0
HEAT_2_TEMP=29
HEAT_2_DUTY=0
HEAT_2_SP=-20.0
HEAT_3_TEMP=24
HEAT_3_DUTY=0
HEAT_3_SP=-20.0
HEAT_4_TEMP=30
HEAT_4_DUTY=0
HEAT_4_SP=-20.0
MOTOR_ANGLE=-0.0003779069767441861
MOTOR_ACCUM=-0.0003779069767441861
MOTOR_ROT=0

[16:15:40.010 EBOX]
TS=1786201566.349
V_SENSE5=1.2744140625
V_SENSE9=0.0341796875
V_SENSE12=0.11962890625
ADC_V5=5.0091552734375
ADC_V9=9.35455322265625
ADC_V12=11.77947998046875
ADC_V28=27.81585693359375
THERMAL_SENS_OUT_1=27
THERMAL_SENS_OUT_2=-50
THERMAL_SENS_OUT_3=27
THERMAL_SENS_OUT_4=28
THERMAL_SENS_OUT_5=28
THERMAL_SENS_OUT_6=-50
THERMAL_SENS_INT_1=24
THERMAL_SENS_INT_2=28
PG_5=0
PG_9=0
PG_12=0
FLT_P2=0
FLT_P3=0
HEAT_1_TEMP=27
HEAT_1_DUTY=0
HEAT_1_SP=-20.0
HEAT_2_TEMP=27
HEAT_2_DUTY=0
HEAT_2_SP=-20.0
HEAT_3_TEMP=28
HEAT_3_DUTY=0
HEAT_3_SP=-20.0
HEAT_4_TEMP=28
HEAT_4_DUTY=0
HEAT_4_SP=-20.0
MOTOR_ANGLE=-0.0003779069767441861
MOTOR_ACCUM=-0.0003779069767441861
MOTOR_ROT=0

[16:15:40.229 EBOX]
TS=1786201566.850
V_SENSE5=1.20849609375
V_SENSE9=0.0341796875
V_SENSE12=0.10009765625
ADC_V5=4.920654296875
ADC_V9=9.19525146484375
ADC_V12=11.60247802734375
ADC_V28=27.7362060546875
THERMAL_SENS_OUT_1=27
THERMAL_SENS_OUT_2=-50
THERMAL_SENS_OUT_3=26
THERMAL_SENS_OUT_4=28
THERMAL_SENS_OUT_5=28
THERMAL_SENS_OUT_6=-50
THERMAL_SENS_INT_1=24
THERMAL_SENS_INT_2=28
PG_5=0
PG_9=0
PG_12=0
FLT_P2=0
FLT_P3=0
HEAT_1_TEMP=27
HEAT_1_DUTY=0
HEAT_1_SP=-20.0
HEAT_2_TEMP=26
HEAT_2_DUTY=0
HEAT_2_SP=-20.0
HEAT_3_TEMP=28
HEAT_3_DUTY=0
HEAT_3_SP=-20.0
HEAT_4_TEMP=28
HEAT_4_DUTY=0
HEAT_4_SP=-20.0
MOTOR_ANGLE=-0.0003779069767441861
MOTOR_ACCUM=-0.0003779069767441861
MOTOR_ROT=0

[16:15:40.649 EBOX]
TS=1786201567.352
V_SENSE5=1.18408203125
V_SENSE9=0.0390625
V_SENSE12=0.10986328125
ADC_V5=4.88525390625
ADC_V9=8.91204833984375
ADC_V12=11.8060302734375
ADC_V28=27.9486083984375
THERMAL_SENS_OUT_1=26
THERMAL_SENS_OUT_2=-50
THERMAL_SENS_OUT_3=29
THERMAL_SENS_OUT_4=24
THERMAL_SENS_OUT_5=30
THERMAL_SENS_OUT_6=-50
THERMAL_SENS_INT_1=23
THERMAL_SENS_INT_2=24
PG_5=0
PG_9=0
PG_12=0
FLT_P2=0
FLT_P3=0
HEAT_1_TEMP=26
HEAT_1_DUTY=0
HEAT_1_SP=-20.0
HEAT_2_TEMP=29
HEAT_2_DUTY=0
HEAT_2_SP=-20.0
HEAT_3_TEMP=24
HEAT_3_DUTY=0
HEAT_3_SP=-20.0
HEAT_4_TEMP=30
HEAT_4_DUTY=0
HEAT_4_SP=-20.0
MOTOR_ANGLE=-0.0003779069767441861
MOTOR_ACCUM=-0.0003779069767441861
MOTOR_ROT=0

[16:15:42.504 EBOX]
TS=1786201567.853
V_SENSE5=1.2158203125
V_SENSE9=0.0390625
V_SENSE12=0.087890625
ADC_V5=4.991455078125
ADC_V9=9.42535400390625
ADC_V12=11.89453125
ADC_V28=27.82470703125
THERMAL_SENS_OUT_1=27
THERMAL_SENS_OUT_2=-50
THERMAL_SENS_OUT_3=28
THERMAL_SENS_OUT_4=28
THERMAL_SENS_OUT_5=29
THERMAL_SENS_OUT_6=-50
THERMAL_SENS_INT_1=26
THERMAL_SENS_INT_2=26
PG_5=0
PG_9=0
PG_12=0
FLT_P2=0
FLT_P3=0
HEAT_1_TEMP=27
HEAT_1_DUTY=0
HEAT_1_SP=-20.0
HEAT_2_TEMP=28
HEAT_2_DUTY=0
HEAT_2_SP=-20.0
HEAT_3_TEMP=28
HEAT_3_DUTY=0
HEAT_3_SP=-20.0
HEAT_4_TEMP=29
HEAT_4_DUTY=0
HEAT_4_SP=-20.0
MOTOR_ANGLE=-0.0003779069767441861
MOTOR_ACCUM=-0.0003779069767441861
MOTOR_ROT=0
TS=1786201568.355
V_SENSE5=1.2158203125
V_SENSE9=0.03662109375
V_SENSE12=0.107421875
ADC_V5=4.96490478515625
ADC_V9=9.21295166015625
ADC_V12=11.69097900390625
ADC_V28=27.51495361328125
THERMAL_SENS_OUT_1=27
THERMAL_SENS_OUT_2=-50
THERMAL_SENS_OUT_3=29
THERMAL_SENS_OUT_4=28
THERMAL_SENS_OUT_5=27
THERMAL_SENS_OUT_6=-50
THERMAL_SENS_INT_1=25
THERMAL_SENS_INT_2=27
PG_5=0
PG_9=0
PG_12=0
FLT_P2=0
FLT_P3=0
HEAT_1_TEMP=27
HEAT_1_DUTY=0
HEAT_1_SP=-20.0
HEAT_2_TEMP=29
HEAT_2_DUTY=0
HEAT_2_SP=-20.0
HEAT_3_TEMP=28
HEAT_3_DUTY=0
HEAT_3_SP=-20.0
HEAT_4_TEMP=27
HEAT_4_DUTY=0
HEAT_4_SP=-20.0
MOTOR_ANGLE=-0.0003779069767441861
MOTOR_ACCUM=-0.0003779069767441861
MOTOR_ROT=0

[16:15:42.931 EBOX]
TS=1786201568.856
V_SENSE5=1.29150390625
V_SENSE9=0.03662109375
V_SENSE12=0.10009765625
ADC_V5=4.98260498046875
ADC_V9=8.9739990234375
ADC_V12=11.7529296875
ADC_V28=27.68310546875
THERMAL_SENS_OUT_1=25
THERMAL_SENS_OUT_2=-50
THERMAL_SENS_OUT_3=29
THERMAL_SENS_OUT_4=24
THERMAL_SENS_OUT_5=28
THERMAL_SENS_OUT_6=-50
THERMAL_SENS_INT_1=23
THERMAL_SENS_INT_2=27
PG_5=0
PG_9=0
PG_12=0
FLT_P2=0
FLT_P3=0
HEAT_1_TEMP=25
HEAT_1_DUTY=0
HEAT_1_SP=-20.0
HEAT_2_TEMP=29
HEAT_2_DUTY=0
HEAT_2_SP=-20.0
HEAT_3_TEMP=24
HEAT_3_DUTY=0
HEAT_3_SP=-20.0
HEAT_4_TEMP=28
HEAT_4_DUTY=0
HEAT_4_SP=-20.0
MOTOR_ANGLE=-0.0003779069767441861
MOTOR_ACCUM=-0.0003779069767441861
MOTOR_ROT=0

[16:15:43.353 EBOX]
TS=1786201569.357
V_SENSE5=1.1962890625
V_SENSE9=0.03662109375
V_SENSE12=0.1025390625
ADC_V5=4.991455078125
ADC_V9=9.345703125
ADC_V12=11.929931640625
ADC_V28=27.62115478515625
THERMAL_SENS_OUT_1=24
THERMAL_SENS_OUT_2=-50
THERMAL_SENS_OUT_3=26
THERMAL_SENS_OUT_4=24
THERMAL_SENS_OUT_5=28
THERMAL_SENS_OUT_6=-50
THERMAL_SENS_INT_1=23
THERMAL_SENS_INT_2=27
PG_5=0
PG_9=0
PG_12=0
FLT_P2=0
FLT_P3=0
HEAT_1_TEMP=24
HEAT_1_DUTY=0
HEAT_1_SP=-20.0
HEAT_2_TEMP=26
HEAT_2_DUTY=0
HEAT_2_SP=-20.0
HEAT_3_TEMP=24
HEAT_3_DUTY=0
HEAT_3_SP=-20.0
HEAT_4_TEMP=28
HEAT_4_DUTY=0
HEAT_4_SP=-20.0
MOTOR_ANGLE=-0.0003779069767441861
MOTOR_ACCUM=-0.0003779069767441861
MOTOR_ROT=0

[16:15:44.413 EBOX]
TS=1786201569.859
V_SENSE5=1.1962890625
V_SENSE9=0.0341796875
V_SENSE12=0.1123046875
ADC_V5=4.920654296875
ADC_V9=9.31915283203125
ADC_V12=11.9122314453125
ADC_V28=27.96630859375
THERMAL_SENS_OUT_1=22
THERMAL_SENS_OUT_2=-50
THERMAL_SENS_OUT_3=25
THERMAL_SENS_OUT_4=24
THERMAL_SENS_OUT_5=27
THERMAL_SENS_OUT_6=-50
THERMAL_SENS_INT_1=27
THERMAL_SENS_INT_2=26
PG_5=0
PG_9=0
PG_12=0
FLT_P2=0
FLT_P3=0
HEAT_1_TEMP=22
HEAT_1_DUTY=0
HEAT_1_SP=-20.0
HEAT_2_TEMP=25
HEAT_2_DUTY=0
HEAT_2_SP=-20.0
HEAT_3_TEMP=24
HEAT_3_DUTY=0
HEAT_3_SP=-20.0
HEAT_4_TEMP=27
HEAT_4_DUTY=0
HEAT_4_SP=-20.0
MOTOR_ANGLE=-0.0003779069767441861
MOTOR_ACCUM=-0.0003779069767441861
MOTOR_ROT=0
TS=1786201570.360
V_SENSE5=1.31103515625
V_SENSE9=0.0341796875
V_SENSE12=0.1171875
ADC_V5=4.98260498046875
ADC_V9=9.2041015625
ADC_V12=11.68212890625
ADC_V28=27.647705078125
THERMAL_SENS_OUT_1=28
THERMAL_SENS_OUT_2=-50
THERMAL_SENS_OUT_3=26
THERMAL_SENS_OUT_4=27
THERMAL_SENS_OUT_5=30
THERMAL_SENS_OUT_6=-50
THERMAL_SENS_INT_1=26
THERMAL_SENS_INT_2=24
PG_5=0
PG_9=0
PG_12=0
FLT_P2=0
FLT_P3=0
HEAT_1_TEMP=28
HEAT_1_DUTY=0
HEAT_1_SP=-20.0
HEAT_2_TEMP=26
HEAT_2_DUTY=0
HEAT_2_SP=-20.0
HEAT_3_TEMP=27
HEAT_3_DUTY=0
HEAT_3_SP=-20.0
HEAT_4_TEMP=30
HEAT_4_DUTY=0
HEAT_4_SP=-20.0
MOTOR_ANGLE=-0.0003779069767441861
MOTOR_ACCUM=-0.0003779069767441861
MOTOR_ROT=0
TS=1786201570.870
V_SENSE5=1.11328125
V_SENSE9=0.0341796875
V_SENSE12=0.1025390625
ADC_V5=4.920654296875
ADC_V9=9.451904296875
ADC_V12=11.68212890625
ADC_V28=27.6654052734375
THERMAL_SENS_OUT_1=23
THERMAL_SENS_OUT_2=-50
THERMAL_SENS_OUT_3=27
THERMAL_SENS_OUT_4=24
THERMAL_SENS_OUT_5=27
THERMAL_SENS_OUT_6=-50
THERMAL_SENS_INT_1=28
THERMAL_SENS_INT_2=28
PG_5=0
PG_9=0
PG_12=0
FLT_P2=0
FLT_P3=0
HEAT_1_TEMP=23
HEAT_1_DUTY=0
HEAT_1_SP=-20.0
HEAT_2_TEMP=27
HEAT_2_DUTY=0
HEAT_2_SP=-20.0
HEAT_3_TEMP=24
HEAT_3_DUTY=0
HEAT_3_SP=-20.0
HEAT_4_TEMP=27
HEAT_4_DUTY=0
HEAT_4_SP=-20.0
MOTOR_ANGLE=-0.0003779069767441861
MOTOR_ACCUM=-0.0003779069767441861
MOTOR_ROT=0

[16:15:44.635 EBOX]
TS=1786201571.371
V_SENSE5=1.11572265625
V_SENSE9=0.0390625
V_SENSE12=0.12451171875
ADC_V5=5.0091552734375
ADC_V9=9.24835205078125
ADC_V12=11.81488037109375
ADC_V28=27.92205810546875
THERMAL_SENS_OUT_1=25
THERMAL_SENS_OUT_2=-50
THERMAL_SENS_OUT_3=30
THERMAL_SENS_OUT_4=24
THERMAL_SENS_OUT_5=26
THERMAL_SENS_OUT_6=-50
THERMAL_SENS_INT_1=24
THERMAL_SENS_INT_2=26
PG_5=0
PG_9=0
PG_12=0
FLT_P2=0
FLT_P3=0
HEAT_1_TEMP=25
HEAT_1_DUTY=0
HEAT_1_SP=-20.0
HEAT_2_TEMP=30
HEAT_2_DUTY=0
HEAT_2_SP=-20.0
HEAT_3_TEMP=24
HEAT_3_DUTY=0
HEAT_3_SP=-20.0
HEAT_4_TEMP=26
HEAT_4_DUTY=0
HEAT_4_SP=-20.0
MOTOR_ANGLE=-0.0003779069767441861
MOTOR_ACCUM=-0.0003779069767441861
MOTOR_ROT=0

[16:15:45.256 EBOX]
TS=1786201571.868
V_SENSE5=1.25
V_SENSE9=0.03662109375
V_SENSE12=0.10009765625
ADC_V5=4.9560546875
ADC_V9=8.91204833984375
ADC_V12=11.8414306640625
ADC_V28=27.5946044921875
THERMAL_SENS_OUT_1=26
THERMAL_SENS_OUT_2=-50
THERMAL_SENS_OUT_3=27
THERMAL_SENS_OUT_4=26
THERMAL_SENS_OUT_5=27
THERMAL_SENS_OUT_6=-50
THERMAL_SENS_INT_1=27
THERMAL_SENS_INT_2=25
PG_5=0
PG_9=0
PG_12=0
FLT_P2=0
FLT_P3=0
HEAT_1_TEMP=26
HEAT_1_DUTY=0
HEAT_1_SP=-20.0
HEAT_2_TEMP=27
HEAT_2_DUTY=0
HEAT_2_SP=-20.0
HEAT_3_TEMP=26
HEAT_3_DUTY=0
HEAT_3_SP=-20.0
HEAT_4_TEMP=27
HEAT_4_DUTY=0
HEAT_4_SP=-20.0
MOTOR_ANGLE=-0.0003779069767441861
MOTOR_ACCUM=-0.0003779069767441861
MOTOR_ROT=0

[16:15:45.780 EBOX]
TS=1786201572.366
V_SENSE5=1.2060546875
V_SENSE9=0.06103515625
V_SENSE12=0.11962890625
ADC_V5=4.8675537109375
ADC_V9=9.00054931640625
ADC_V12=11.58477783203125
ADC_V28=27.67425537109375
THERMAL_SENS_OUT_1=26
THERMAL_SENS_OUT_2=-50
THERMAL_SENS_OUT_3=26
THERMAL_SENS_OUT_4=27
THERMAL_SENS_OUT_5=28
THERMAL_SENS_OUT_6=-50
THERMAL_SENS_INT_1=25
THERMAL_SENS_INT_2=26
PG_5=0
PG_9=0
PG_12=0
FLT_P2=0
FLT_P3=0
HEAT_1_TEMP=26
HEAT_1_DUTY=0
HEAT_1_SP=-20.0
HEAT_2_TEMP=26
HEAT_2_DUTY=0
HEAT_2_SP=-20.0
HEAT_3_TEMP=27
HEAT_3_DUTY=0
HEAT_3_SP=-20.0
HEAT_4_TEMP=28
HEAT_4_DUTY=0
HEAT_4_SP=-20.0
MOTOR_ANGLE=-0.0003779069767441861
MOTOR_ACCUM=-0.0003779069767441861
MOTOR_ROT=0

[16:15:46.202 EBOX]
TS=1786201572.868
V_SENSE5=1.20361328125
V_SENSE9=0.05615234375
V_SENSE12=0.12939453125
ADC_V5=4.88525390625
ADC_V9=9.44305419921875
ADC_V12=11.6290283203125
ADC_V28=27.39105224609375
THERMAL_SENS_OUT_1=25
THERMAL_SENS_OUT_2=-50
THERMAL_SENS_OUT_3=30
THERMAL_SENS_OUT_4=25
THERMAL_SENS_OUT_5=30
THERMAL_SENS_OUT_6=-50
THERMAL_SENS_INT_1=26
THERMAL_SENS_INT_2=25
PG_5=0
PG_9=0
PG_12=0
FLT_P2=0
FLT_P3=0
HEAT_1_TEMP=25
HEAT_1_DUTY=0
HEAT_1_SP=-20.0
HEAT_2_TEMP=30
HEAT_2_DUTY=0
HEAT_2_SP=-20.0
HEAT_3_TEMP=25
HEAT_3_DUTY=0
HEAT_3_SP=-20.0
HEAT_4_TEMP=30
HEAT_4_DUTY=0
HEAT_4_SP=-20.0
MOTOR_ANGLE=-0.0003779069767441861
MOTOR_ACCUM=-0.0003779069767441861
MOTOR_ROT=0

[16:15:46.829 EBOX]
TS=1786201573.369
V_SENSE5=1.240234375
V_SENSE9=0.0390625
V_SENSE12=0.107421875
ADC_V5=4.98260498046875
ADC_V9=9.17755126953125
ADC_V12=11.82373046875
ADC_V28=27.4176025390625
THERMAL_SENS_OUT_1=23
THERMAL_SENS_OUT_2=-50
THERMAL_SENS_OUT_3=26
THERMAL_SENS_OUT_4=26
THERMAL_SENS_OUT_5=28
THERMAL_SENS_OUT_6=-50
THERMAL_SENS_INT_1=23
THERMAL_SENS_INT_2=27
PG_5=0
PG_9=0
PG_12=0
FLT_P2=0
FLT_P3=0
HEAT_1_TEMP=23
HEAT_1_DUTY=0
HEAT_1_SP=-20.0
HEAT_2_TEMP=26
HEAT_2_DUTY=0
HEAT_2_SP=-20.0
HEAT_3_TEMP=26
HEAT_3_DUTY=0
HEAT_3_SP=-20.0
HEAT_4_TEMP=28
HEAT_4_DUTY=0
HEAT_4_SP=-20.0
MOTOR_ANGLE=-0.0003779069767441861
MOTOR_ACCUM=-0.0003779069767441861
MOTOR_ROT=0

[16:15:47.253 EBOX]
TS=1786201573.879
V_SENSE5=1.14501953125
V_SENSE9=0.0341796875
V_SENSE12=0.1171875
ADC_V5=4.94720458984375
ADC_V9=8.85894775390625
ADC_V12=11.83258056640625
ADC_V28=27.83355712890625
THERMAL_SENS_OUT_1=24
THERMAL_SENS_OUT_2=-50
THERMAL_SENS_OUT_3=25
THERMAL_SENS_OUT_4=27
THERMAL_SENS_OUT_5=30
THERMAL_SENS_OUT_6=-50
THERMAL_SENS_INT_1=24
THERMAL_SENS_INT_2=29
PG_5=0
PG_9=0
PG_12=0
FLT_P2=0
FLT_P3=0
HEAT_1_TEMP=24
HEAT_1_DUTY=0
HEAT_1_SP=-20.0
HEAT_2_TEMP=25
HEAT_2_DUTY=0
HEAT_2_SP=-20.0
HEAT_3_TEMP=27
HEAT_3_DUTY=0
HEAT_3_SP=-20.0
HEAT_4_TEMP=30
HEAT_4_DUTY=0
HEAT_4_SP=-20.0
MOTOR_ANGLE=-0.0003779069767441861
MOTOR_ACCUM=-0.0003779069767441861
MOTOR_ROT=0

[16:15:47.675 EBOX]
TS=1786201574.372
V_SENSE5=1.18408203125
V_SENSE9=0.0390625
V_SENSE12=0.10498046875
ADC_V5=4.9383544921875
ADC_V9=9.42535400390625
ADC_V12=11.60247802734375
ADC_V28=27.67425537109375
THERMAL_SENS_OUT_1=28
THERMAL_SENS_OUT_2=-50
THERMAL_SENS_OUT_3=28
THERMAL_SENS_OUT_4=25
THERMAL_SENS_OUT_5=31
THERMAL_SENS_OUT_6=-50
THERMAL_SENS_INT_1=27
THERMAL_SENS_INT_2=28
PG_5=0
PG_9=0
PG_12=0
FLT_P2=0
FLT_P3=0
HEAT_1_TEMP=28
HEAT_1_DUTY=0
HEAT_1_SP=-20.0
HEAT_2_TEMP=28
HEAT_2_DUTY=0
HEAT_2_SP=-20.0
HEAT_3_TEMP=25
HEAT_3_DUTY=0
HEAT_3_SP=-20.0
HEAT_4_TEMP=31
HEAT_4_DUTY=0
HEAT_4_SP=-20.0
MOTOR_ANGLE=-0.0003779069767441861
MOTOR_ACCUM=-0.0003779069767441861
MOTOR_ROT=0

[16:15:48.204 EBOX]
TS=1786201574.874
V_SENSE5=1.30859375
V_SENSE9=0.0390625
V_SENSE12=0.107421875
ADC_V5=4.9383544921875
ADC_V9=9.19525146484375
ADC_V12=11.82373046875
ADC_V28=27.4176025390625
THERMAL_SENS_OUT_1=26
THERMAL_SENS_OUT_2=-50
THERMAL_SENS_OUT_3=29
THERMAL_SENS_OUT_4=26
THERMAL_SENS_OUT_5=29
THERMAL_SENS_OUT_6=-50
THERMAL_SENS_INT_1=25
THERMAL_SENS_INT_2=28
PG_5=0
PG_9=0
PG_12=0
FLT_P2=0
FLT_P3=0
HEAT_1_TEMP=26
HEAT_1_DUTY=0
HEAT_1_SP=-20.0
HEAT_2_TEMP=29
HEAT_2_DUTY=0
HEAT_2_SP=-20.0
HEAT_3_TEMP=26
HEAT_3_DUTY=0
HEAT_3_SP=-20.0
HEAT_4_TEMP=29
HEAT_4_DUTY=0
HEAT_4_SP=-20.0
MOTOR_ANGLE=-0.0003779069767441861
MOTOR_ACCUM=-0.0003779069767441861
MOTOR_ROT=0

[16:15:48.728 EBOX]
TS=1786201575.374
V_SENSE5=1.20849609375
V_SENSE9=0.03662109375
V_SENSE12=0.1123046875
ADC_V5=4.9737548828125
ADC_V9=8.9031982421875
ADC_V12=11.79718017578125
ADC_V28=27.33795166015625
THERMAL_SENS_OUT_1=23
THERMAL_SENS_OUT_2=-50
THERMAL_SENS_OUT_3=30
THERMAL_SENS_OUT_4=25
THERMAL_SENS_OUT_5=31
THERMAL_SENS_OUT_6=-50
THERMAL_SENS_INT_1=27
THERMAL_SENS_INT_2=25
PG_5=0
PG_9=0
PG_12=0
FLT_P2=0
FLT_P3=0
HEAT_1_TEMP=23
HEAT_1_DUTY=0
HEAT_1_SP=-20.0
HEAT_2_TEMP=30
HEAT_2_DUTY=0
HEAT_2_SP=-20.0
HEAT_3_TEMP=25
HEAT_3_DUTY=0
HEAT_3_SP=-20.0
HEAT_4_TEMP=31
HEAT_4_DUTY=0
HEAT_4_SP=-20.0
MOTOR_ANGLE=-0.0003779069767441861
MOTOR_ACCUM=-0.0003779069767441861
MOTOR_ROT=0

[16:15:50.078 EBOX]
TS=1786201575.875
V_SENSE5=1.22314453125
V_SENSE9=0.0341796875
V_SENSE12=0.10986328125
ADC_V5=4.991455078125
ADC_V9=8.85894775390625
ADC_V12=11.83258056640625
ADC_V28=27.68310546875
THERMAL_SENS_OUT_1=23
THERMAL_SENS_OUT_2=-50
THERMAL_SENS_OUT_3=26
THERMAL_SENS_OUT_4=27
THERMAL_SENS_OUT_5=26
THERMAL_SENS_OUT_6=-50
THERMAL_SENS_INT_1=28
THERMAL_SENS_INT_2=26
PG_5=0
PG_9=0
PG_12=0
FLT_P2=0
FLT_P3=0
HEAT_1_TEMP=23
HEAT_1_DUTY=0
HEAT_1_SP=-20.0
HEAT_2_TEMP=26
HEAT_2_DUTY=0
HEAT_2_SP=-20.0
HEAT_3_TEMP=27
HEAT_3_DUTY=0
HEAT_3_SP=-20.0
HEAT_4_TEMP=26
HEAT_4_DUTY=0
HEAT_4_SP=-20.0
MOTOR_ANGLE=-0.0003779069767441861
MOTOR_ACCUM=-0.0003779069767441861
MOTOR_ROT=0
TS=1786201576.378
V_SENSE5=1.240234375
V_SENSE9=0.03662109375
V_SENSE12=0.1025390625
ADC_V5=4.9560546875
ADC_V9=9.3634033203125
ADC_V12=11.6998291015625
ADC_V28=27.6654052734375
THERMAL_SENS_OUT_1=26
THERMAL_SENS_OUT_2=-50
THERMAL_SENS_OUT_3=28
THERMAL_SENS_OUT_4=25
THERMAL_SENS_OUT_5=30
THERMAL_SENS_OUT_6=-50
THERMAL_SENS_INT_1=25
THERMAL_SENS_INT_2=27
PG_5=0
PG_9=0
PG_12=0
FLT_P2=0
FLT_P3=0
HEAT_1_TEMP=26
HEAT_1_DUTY=0
HEAT_1_SP=-20.0
HEAT_2_TEMP=28
HEAT_2_DUTY=0
HEAT_2_SP=-20.0
HEAT_3_TEMP=25
HEAT_3_DUTY=0
HEAT_3_SP=-20.0
HEAT_4_TEMP=30
HEAT_4_DUTY=0
HEAT_4_SP=-20.0
MOTOR_ANGLE=-0.0003779069767441861
MOTOR_ACCUM=-0.0003779069767441861
MOTOR_ROT=0

[16:15:50.379 EBOX]
TS=1786201576.879
V_SENSE5=1.2255859375
V_SENSE9=0.03662109375
V_SENSE12=0.15380859375
ADC_V5=4.9383544921875
ADC_V9=9.17755126953125
ADC_V12=11.717529296875
ADC_V28=27.860107421875
THERMAL_SENS_OUT_1=24
THERMAL_SENS_OUT_2=-50
THERMAL_SENS_OUT_3=28
THERMAL_SENS_OUT_4=25
THERMAL_SENS_OUT_5=30
THERMAL_SENS_OUT_6=-50
THERMAL_SENS_INT_1=25
THERMAL_SENS_INT_2=24
PG_5=0
PG_9=0
PG_12=0
FLT_P2=0
FLT_P3=0
HEAT_1_TEMP=24
HEAT_1_DUTY=0
HEAT_1_SP=-20.0
HEAT_2_TEMP=28
HEAT_2_DUTY=0
HEAT_2_SP=-20.0
HEAT_3_TEMP=25
HEAT_3_DUTY=0
HEAT_3_SP=-20.0
HEAT_4_TEMP=30
HEAT_4_DUTY=0
HEAT_4_SP=-20.0
MOTOR_ANGLE=-0.0003779069767441861
MOTOR_ACCUM=-0.0003779069767441861
MOTOR_ROT=0

[16:15:50.807 EBOX]
TS=1786201577.380
V_SENSE5=1.2060546875
V_SENSE9=0.0341796875
V_SENSE12=0.1123046875
ADC_V5=4.8675537109375
ADC_V9=8.91204833984375
ADC_V12=11.7706298828125
ADC_V28=27.33795166015625
THERMAL_SENS_OUT_1=27
THERMAL_SENS_OUT_2=-50
THERMAL_SENS_OUT_3=25
THERMAL_SENS_OUT_4=24
THERMAL_SENS_OUT_5=28
THERMAL_SENS_OUT_6=-50
THERMAL_SENS_INT_1=25
THERMAL_SENS_INT_2=27
PG_5=0
PG_9=0
PG_12=0
FLT_P2=0
FLT_P3=0
HEAT_1_TEMP=27
HEAT_1_DUTY=0
HEAT_1_SP=-20.0
HEAT_2_TEMP=25
HEAT_2_DUTY=0
HEAT_2_SP=-20.0
HEAT_3_TEMP=24
HEAT_3_DUTY=0
HEAT_3_SP=-20.0
HEAT_4_TEMP=28
HEAT_4_DUTY=0
HEAT_4_SP=-20.0
MOTOR_ANGLE=-0.0003779069767441861
MOTOR_ACCUM=-0.0003779069767441861
MOTOR_ROT=0

[16:15:51.338 EBOX]
TS=1786201577.882
V_SENSE5=1.2939453125
V_SENSE9=0.0341796875
V_SENSE12=0.09765625
ADC_V5=4.94720458984375
ADC_V9=9.381103515625
ADC_V12=11.646728515625
ADC_V28=27.67425537109375
THERMAL_SENS_OUT_1=25
THERMAL_SENS_OUT_2=-50
THERMAL_SENS_OUT_3=27
THERMAL_SENS_OUT_4=27
THERMAL_SENS_OUT_5=29
THERMAL_SENS_OUT_6=-50
THERMAL_SENS_INT_1=27
THERMAL_SENS_INT_2=26
PG_5=0
PG_9=0
PG_12=0
FLT_P2=0
FLT_P3=0
HEAT_1_TEMP=25
HEAT_1_DUTY=0
HEAT_1_SP=-20.0
HEAT_2_TEMP=27
HEAT_2_DUTY=0
HEAT_2_SP=-20.0
HEAT_3_TEMP=27
HEAT_3_DUTY=0
HEAT_3_SP=-20.0
HEAT_4_TEMP=29
HEAT_4_DUTY=0
HEAT_4_SP=-20.0
MOTOR_ANGLE=-0.0003779069767441861
MOTOR_ACCUM=-0.0003779069767441861
MOTOR_ROT=0

[16:15:51.969 EBOX]
TS=1786201578.391
V_SENSE5=1.14990234375
V_SENSE9=0.0341796875
V_SENSE12=0.1220703125
ADC_V5=5.00030517578125
ADC_V9=9.13330078125
ADC_V12=11.93878173828125
ADC_V28=27.3468017578125
THERMAL_SENS_OUT_1=25
THERMAL_SENS_OUT_2=-50
THERMAL_SENS_OUT_3=26
THERMAL_SENS_OUT_4=27
THERMAL_SENS_OUT_5=31
THERMAL_SENS_OUT_6=-50
THERMAL_SENS_INT_1=24
THERMAL_SENS_INT_2=29
PG_5=0
PG_9=0
PG_12=0
FLT_P2=0
FLT_P3=0
HEAT_1_TEMP=25
HEAT_1_DUTY=0
HEAT_1_SP=-20.0
HEAT_2_TEMP=26
HEAT_2_DUTY=0
HEAT_2_SP=-20.0
HEAT_3_TEMP=27
HEAT_3_DUTY=0
HEAT_3_SP=-20.0
HEAT_4_TEMP=31
HEAT_4_DUTY=0
HEAT_4_SP=-20.0
MOTOR_ANGLE=-0.0003779069767441861
MOTOR_ACCUM=-0.0003779069767441861
MOTOR_ROT=0

[16:15:52.500 EBOX]
TS=1786201578.893
V_SENSE5=1.1328125
V_SENSE9=0.0341796875
V_SENSE12=0.1123046875
ADC_V5=5.00030517578125
ADC_V9=8.84124755859375
ADC_V12=11.83258056640625
ADC_V28=27.63885498046875
THERMAL_SENS_OUT_1=22
THERMAL_SENS_OUT_2=-50
THERMAL_SENS_OUT_3=27
THERMAL_SENS_OUT_4=24
THERMAL_SENS_OUT_5=31
THERMAL_SENS_OUT_6=-50
THERMAL_SENS_INT_1=27
THERMAL_SENS_INT_2=27
PG_5=0
PG_9=0
PG_12=0
FLT_P2=0
FLT_P3=0
HEAT_1_TEMP=22
HEAT_1_DUTY=0
HEAT_1_SP=-20.0
HEAT_2_TEMP=27
HEAT_2_DUTY=0
HEAT_2_SP=-20.0
HEAT_3_TEMP=24
HEAT_3_DUTY=0
HEAT_3_SP=-20.0
HEAT_4_TEMP=31
HEAT_4_DUTY=0
HEAT_4_SP=-20.0
MOTOR_ANGLE=-0.0003779069767441861
MOTOR_ACCUM=-0.0003779069767441861
MOTOR_ROT=0

[16:15:53.852 EBOX]
TS=1786201579.386
V_SENSE5=1.2744140625
V_SENSE9=0.0390625
V_SENSE12=0.107421875
ADC_V5=4.9560546875
ADC_V9=9.2926025390625
ADC_V12=11.611328125
ADC_V28=27.70965576171875
THERMAL_SENS_OUT_1=24
THERMAL_SENS_OUT_2=-50
THERMAL_SENS_OUT_3=25
THERMAL_SENS_OUT_4=25
THERMAL_SENS_OUT_5=29
THERMAL_SENS_OUT_6=-50
THERMAL_SENS_INT_1=28
THERMAL_SENS_INT_2=27
PG_5=0
PG_9=0
PG_12=0
FLT_P2=0
FLT_P3=0
HEAT_1_TEMP=24
HEAT_1_DUTY=0
HEAT_1_SP=-20.0
HEAT_2_TEMP=25
HEAT_2_DUTY=0
HEAT_2_SP=-20.0
HEAT_3_TEMP=25
HEAT_3_DUTY=0
HEAT_3_SP=-20.0
HEAT_4_TEMP=29
HEAT_4_DUTY=0
HEAT_4_SP=-20.0
MOTOR_ANGLE=-0.0003779069767441861
MOTOR_ACCUM=-0.0003779069767441861
MOTOR_ROT=0
TS=1786201579.887
V_SENSE5=1.19384765625
V_SENSE9=0.04150390625
V_SENSE12=0.13427734375
ADC_V5=4.9737548828125
ADC_V9=9.097900390625
ADC_V12=11.60247802734375
ADC_V28=27.576904296875
THERMAL_SENS_OUT_1=27
THERMAL_SENS_OUT_2=-50
THERMAL_SENS_OUT_3=27
THERMAL_SENS_OUT_4=26
THERMAL_SENS_OUT_5=30
THERMAL_SENS_OUT_6=-50
THERMAL_SENS_INT_1=24
THERMAL_SENS_INT_2=26
PG_5=0
PG_9=0
PG_12=0
FLT_P2=0
FLT_P3=0
HEAT_1_TEMP=27
HEAT_1_DUTY=0
HEAT_1_SP=-20.0
HEAT_2_TEMP=27
HEAT_2_DUTY=0
HEAT_2_SP=-20.0
HEAT_3_TEMP=26
HEAT_3_DUTY=0
HEAT_3_SP=-20.0
HEAT_4_TEMP=30
HEAT_4_DUTY=0
HEAT_4_SP=-20.0
MOTOR_ANGLE=-0.0003779069767441861
MOTOR_ACCUM=-0.0003779069767441861
MOTOR_ROT=0

[16:15:54.276 EBOX]
TS=1786201580.388
V_SENSE5=1.1669921875
V_SENSE9=0.03662109375
V_SENSE12=0.1171875
ADC_V5=4.89410400390625
ADC_V9=8.956298828125
ADC_V12=11.611328125
ADC_V28=27.74505615234375
THERMAL_SENS_OUT_1=28
THERMAL_SENS_OUT_2=-50
THERMAL_SENS_OUT_3=26
THERMAL_SENS_OUT_4=26
THERMAL_SENS_OUT_5=28
THERMAL_SENS_OUT_6=-50
THERMAL_SENS_INT_1=23
THERMAL_SENS_INT_2=27
PG_5=0
PG_9=0
PG_12=0
FLT_P2=0
FLT_P3=0
HEAT_1_TEMP=28
HEAT_1_DUTY=0
HEAT_1_SP=-20.0
HEAT_2_TEMP=26
HEAT_2_DUTY=0
HEAT_2_SP=-20.0
HEAT_3_TEMP=26
HEAT_3_DUTY=0
HEAT_3_SP=-20.0
HEAT_4_TEMP=28
HEAT_4_DUTY=0
HEAT_4_SP=-20.0
MOTOR_ANGLE=-0.0003779069767441861
MOTOR_ACCUM=-0.0003779069767441861
MOTOR_ROT=0

[16:15:55.749 EBOX]
TS=1786201580.891
V_SENSE5=1.318359375
V_SENSE9=0.05615234375
V_SENSE12=0.1171875
ADC_V5=4.96490478515625
ADC_V9=9.35455322265625
ADC_V12=11.90338134765625
ADC_V28=27.7716064453125
THERMAL_SENS_OUT_1=23
THERMAL_SENS_OUT_2=-50
THERMAL_SENS_OUT_3=28
THERMAL_SENS_OUT_4=24
THERMAL_SENS_OUT_5=29
THERMAL_SENS_OUT_6=-50
THERMAL_SENS_INT_1=24
THERMAL_SENS_INT_2=26
PG_5=0
PG_9=0
PG_12=0
FLT_P2=0
FLT_P3=0
HEAT_1_TEMP=23
HEAT_1_DUTY=0
HEAT_1_SP=-20.0
HEAT_2_TEMP=28
HEAT_2_DUTY=0
HEAT_2_SP=-20.0
HEAT_3_TEMP=24
HEAT_3_DUTY=0
HEAT_3_SP=-20.0
HEAT_4_TEMP=29
HEAT_4_DUTY=0
HEAT_4_SP=-20.0
MOTOR_ANGLE=-0.0003779069767441861
MOTOR_ACCUM=-0.0003779069767441861
MOTOR_ROT=0
TS=1786201581.395
V_SENSE5=1.15478515625
V_SENSE9=0.07568359375
V_SENSE12=0.09765625
ADC_V5=4.920654296875
ADC_V9=9.2218017578125
ADC_V12=11.81488037109375
ADC_V28=27.74505615234375
THERMAL_SENS_OUT_1=23
THERMAL_SENS_OUT_2=-50
THERMAL_SENS_OUT_3=27
THERMAL_SENS_OUT_4=24
THERMAL_SENS_OUT_5=27
THERMAL_SENS_OUT_6=-50
THERMAL_SENS_INT_1=28
THERMAL_SENS_INT_2=26
PG_5=0
PG_9=0
PG_12=0
FLT_P2=0
FLT_P3=0
HEAT_1_TEMP=23
HEAT_1_DUTY=0
HEAT_1_SP=-20.0
HEAT_2_TEMP=27
HEAT_2_DUTY=0
HEAT_2_SP=-20.0
HEAT_3_TEMP=24
HEAT_3_DUTY=0
HEAT_3_SP=-20.0
HEAT_4_TEMP=27
HEAT_4_DUTY=0
HEAT_4_SP=-20.0
MOTOR_ANGLE=-0.0003779069767441861
MOTOR_ACCUM=-0.0003779069767441861
MOTOR_ROT=0

[16:15:55.901 EBOX]
TS=1786201581.900
V_SENSE5=1.13525390625
V_SENSE9=0.03173828125
V_SENSE12=0.11962890625
ADC_V5=5.08880615234375
ADC_V9=9.07135009765625
ADC_V12=11.788330078125
ADC_V28=27.51495361328125
THERMAL_SENS_OUT_1=26
THERMAL_SENS_OUT_2=-50
THERMAL_SENS_OUT_3=30
THERMAL_SENS_OUT_4=28
THERMAL_SENS_OUT_5=28
THERMAL_SENS_OUT_6=-50
THERMAL_SENS_INT_1=25
THERMAL_SENS_INT_2=29
PG_5=0
PG_9=0
PG_12=0
FLT_P2=0
FLT_P3=0
HEAT_1_TEMP=26
HEAT_1_DUTY=0
HEAT_1_SP=-20.0
HEAT_2_TEMP=30
HEAT_2_DUTY=0
HEAT_2_SP=-20.0
HEAT_3_TEMP=28
HEAT_3_DUTY=0
HEAT_3_SP=-20.0
HEAT_4_TEMP=28
HEAT_4_DUTY=0
HEAT_4_SP=-20.0
MOTOR_ANGLE=-0.0003779069767441861
MOTOR_ACCUM=-0.0003779069767441861
MOTOR_ROT=0
TS=1786201582.397
V_SENSE5=1.39892578125
V_SENSE9=0.0390625
V_SENSE12=0.1171875
ADC_V5=4.94720458984375
ADC_V9=9.40765380859375
ADC_V12=11.86798095703125
ADC_V28=27.30255126953125
THERMAL_SENS_OUT_1=23
THERMAL_SENS_OUT_2=-50
THERMAL_SENS_OUT_3=26
THERMAL_SENS_OUT_4=24
THERMAL_SENS_OUT_5=29
THERMAL_SENS_OUT_6=-50
THERMAL_SENS_INT_1=26
THERMAL_SENS_INT_2=27
PG_5=0
PG_9=0
PG_12=0
FLT_P2=0
FLT_P3=0
HEAT_1_TEMP=23
HEAT_1_DUTY=0
HEAT_1_SP=-20.0
HEAT_2_TEMP=26
HEAT_2_DUTY=0
HEAT_2_SP=-20.0
HEAT_3_TEMP=24
HEAT_3_DUTY=0
HEAT_3_SP=-20.0
HEAT_4_TEMP=29
HEAT_4_DUTY=0
HEAT_4_SP=-20.0
MOTOR_ANGLE=-0.0003779069767441861
MOTOR_ACCUM=-0.0003779069767441861
MOTOR_ROT=0

[16:15:56.949 EBOX]
TS=1786201582.896
V_SENSE5=1.201171875
V_SENSE9=0.07568359375
V_SENSE12=0.107421875
ADC_V5=4.9560546875
ADC_V9=9.381103515625
ADC_V12=11.6998291015625
ADC_V28=27.62115478515625
THERMAL_SENS_OUT_1=26
THERMAL_SENS_OUT_2=-50
THERMAL_SENS_OUT_3=30
THERMAL_SENS_OUT_4=24
THERMAL_SENS_OUT_5=28
THERMAL_SENS_OUT_6=-50
THERMAL_SENS_INT_1=24
THERMAL_SENS_INT_2=26
PG_5=0
PG_9=0
PG_12=0
FLT_P2=0
FLT_P3=0
HEAT_1_TEMP=26
HEAT_1_DUTY=0
HEAT_1_SP=-20.0
HEAT_2_TEMP=30
HEAT_2_DUTY=0
HEAT_2_SP=-20.0
HEAT_3_TEMP=24
HEAT_3_DUTY=0
HEAT_3_SP=-20.0
HEAT_4_TEMP=28
HEAT_4_DUTY=0
HEAT_4_SP=-20.0
MOTOR_ANGLE=-0.0003779069767441861
MOTOR_ACCUM=-0.0003779069767441861
MOTOR_ROT=0
TS=1786201583.398
V_SENSE5=1.2744140625
V_SENSE9=0.0341796875
V_SENSE12=0.12939453125
ADC_V5=4.9560546875
ADC_V9=8.9739990234375
ADC_V12=11.7352294921875
ADC_V28=27.44415283203125
THERMAL_SENS_OUT_1=26
THERMAL_SENS_OUT_2=-50
THERMAL_SENS_OUT_3=25
THERMAL_SENS_OUT_4=25
THERMAL_SENS_OUT_5=30
THERMAL_SENS_OUT_6=-50
THERMAL_SENS_INT_1=24
THERMAL_SENS_INT_2=29
PG_5=0
PG_9=0
PG_12=0
FLT_P2=0
FLT_P3=0
HEAT_1_TEMP=26
HEAT_1_DUTY=0
HEAT_1_SP=-20.0
HEAT_2_TEMP=25
HEAT_2_DUTY=0
HEAT_2_SP=-20.0
HEAT_3_TEMP=25
HEAT_3_DUTY=0
HEAT_3_SP=-20.0
HEAT_4_TEMP=30
HEAT_4_DUTY=0
HEAT_4_SP=-20.0
MOTOR_ANGLE=-0.0003779069767441861
MOTOR_ACCUM=-0.0003779069767441861
MOTOR_ROT=0

[16:15:57.197 EBOX]
TS=1786201583.899
V_SENSE5=1.3671875
V_SENSE9=0.0390625
V_SENSE12=0.09521484375
ADC_V5=4.9560546875
ADC_V9=9.1864013671875
ADC_V12=11.92108154296875
ADC_V28=27.92205810546875
THERMAL_SENS_OUT_1=27
THERMAL_SENS_OUT_2=-50
THERMAL_SENS_OUT_3=25
THERMAL_SENS_OUT_4=25
THERMAL_SENS_OUT_5=27
THERMAL_SENS_OUT_6=-50
THERMAL_SENS_INT_1=27
THERMAL_SENS_INT_2=25
PG_5=0
PG_9=0
PG_12=0
FLT_P2=0
FLT_P3=0
HEAT_1_TEMP=27
HEAT_1_DUTY=0
HEAT_1_SP=-20.0
HEAT_2_TEMP=25
HEAT_2_DUTY=0
HEAT_2_SP=-20.0
HEAT_3_TEMP=25
HEAT_3_DUTY=0
HEAT_3_SP=-20.0
HEAT_4_TEMP=27
HEAT_4_DUTY=0
HEAT_4_SP=-20.0
MOTOR_ANGLE=-0.0003779069767441861
MOTOR_ACCUM=-0.0003779069767441861
MOTOR_ROT=0

[16:16:00.199 EBOX]
TS=1786201584.405
V_SENSE5=1.171875
V_SENSE9=0.0390625
V_SENSE12=0.10986328125
ADC_V5=4.96490478515625
ADC_V9=9.38995361328125
ADC_V12=11.82373046875
ADC_V28=27.9486083984375
THERMAL_SENS_OUT_1=25
THERMAL_SENS_OUT_2=-50
THERMAL_SENS_OUT_3=26
THERMAL_SENS_OUT_4=24
THERMAL_SENS_OUT_5=31
THERMAL_SENS_OUT_6=-50
THERMAL_SENS_INT_1=23
THERMAL_SENS_INT_2=24
PG_5=0
PG_9=0
PG_12=0
FLT_P2=0
FLT_P3=0
HEAT_1_TEMP=25
HEAT_1_DUTY=0
HEAT_1_SP=-20.0
HEAT_2_TEMP=26
HEAT_2_DUTY=0
HEAT_2_SP=-20.0
HEAT_3_TEMP=24
HEAT_3_DUTY=0
HEAT_3_SP=-20.0
HEAT_4_TEMP=31
HEAT_4_DUTY=0
HEAT_4_SP=-20.0
MOTOR_ANGLE=-0.0003779069767441861
MOTOR_ACCUM=-0.0003779069767441861
MOTOR_ROT=0
TS=1786201584.910
V_SENSE5=1.171875
V_SENSE9=0.0341796875
V_SENSE12=0.11962890625
ADC_V5=4.991455078125
ADC_V9=9.168701171875
ADC_V12=11.81488037109375
ADC_V28=27.97515869140625
THERMAL_SENS_OUT_1=24
THERMAL_SENS_OUT_2=-50
THERMAL_SENS_OUT_3=30
THERMAL_SENS_OUT_4=25
THERMAL_SENS_OUT_5=31
THERMAL_SENS_OUT_6=-50
THERMAL_SENS_INT_1=24
THERMAL_SENS_INT_2=26
PG_5=0
PG_9=0
PG_12=0
FLT_P2=0
FLT_P3=0
HEAT_1_TEMP=24
HEAT_1_DUTY=0
HEAT_1_SP=-20.0
HEAT_2_TEMP=30
HEAT_2_DUTY=0
HEAT_2_SP=-20.0
HEAT_3_TEMP=25
HEAT_3_DUTY=0
HEAT_3_SP=-20.0
HEAT_4_TEMP=31
HEAT_4_DUTY=0
HEAT_4_SP=-20.0
MOTOR_ANGLE=-0.0003779069767441861
MOTOR_ACCUM=-0.0003779069767441861
MOTOR_ROT=0

[16:16:00.350 EBOX]
TS=1786201585.404
V_SENSE5=1.32568359375
V_SENSE9=0.03173828125
V_SENSE12=0.10009765625
ADC_V5=4.96490478515625
ADC_V9=8.99169921875
ADC_V12=11.70867919921875
ADC_V28=27.69195556640625
THERMAL_SENS_OUT_1=25
THERMAL_SENS_OUT_2=-50
THERMAL_SENS_OUT_3=27
THERMAL_SENS_OUT_4=26
THERMAL_SENS_OUT_5=30
THERMAL_SENS_OUT_6=-50
THERMAL_SENS_INT_1=25
THERMAL_SENS_INT_2=28
PG_5=0
PG_9=0
PG_12=0
FLT_P2=0
FLT_P3=0
HEAT_1_TEMP=25
HEAT_1_DUTY=0
HEAT_1_SP=-20.0
HEAT_2_TEMP=27
HEAT_2_DUTY=0
HEAT_2_SP=-20.0
HEAT_3_TEMP=26
HEAT_3_DUTY=0
HEAT_3_SP=-20.0
HEAT_4_TEMP=30
HEAT_4_DUTY=0
HEAT_4_SP=-20.0
MOTOR_ANGLE=-0.0003779069767441861
MOTOR_ACCUM=-0.0003779069767441861
MOTOR_ROT=0
TS=1786201585.905
V_SENSE5=1.19140625
V_SENSE9=0.03662109375
V_SENSE12=0.1123046875
ADC_V5=5.0091552734375
ADC_V9=9.239501953125
ADC_V12=11.9476318359375
ADC_V28=27.76275634765625
THERMAL_SENS_OUT_1=27
THERMAL_SENS_OUT_2=-50
THERMAL_SENS_OUT_3=26
THERMAL_SENS_OUT_4=25
THERMAL_SENS_OUT_5=31
THERMAL_SENS_OUT_6=-50
THERMAL_SENS_INT_1=26
THERMAL_SENS_INT_2=24
PG_5=0
PG_9=0
PG_12=0
FLT_P2=0
FLT_P3=0
HEAT_1_TEMP=27
HEAT_1_DUTY=0
HEAT_1_SP=-20.0
HEAT_2_TEMP=26
HEAT_2_DUTY=0
HEAT_2_SP=-20.0
HEAT_3_TEMP=25
HEAT_3_DUTY=0
HEAT_3_SP=-20.0
HEAT_4_TEMP=31
HEAT_4_DUTY=0
HEAT_4_SP=-20.0
MOTOR_ANGLE=-0.0003779069767441861
MOTOR_ACCUM=-0.0003779069767441861
MOTOR_ROT=0
TS=1786201586.410
V_SENSE5=1.2939453125
V_SENSE9=0.0439453125
V_SENSE12=0.13671875
ADC_V5=5.00030517578125

[16:16:00.485 EBOX]
ADC_V9=9.07135009765625
ADC_V12=11.788330078125
ADC_V28=27.2406005859375
THERMAL_SENS_OUT_1=26
THERMAL_SENS_OUT_2=-50
THERMAL_SENS_OUT_3=28
THERMAL_SENS_OUT_4=26
THERMAL_SENS_OUT_5=28
THERMAL_SENS_OUT_6=-50
THERMAL_SENS_INT_1=24
THERMAL_SENS_INT_2=28
PG_5=0
PG_9=0
PG_12=0
FLT_P2=0
FLT_P3=0
HEAT_1_TEMP=26
HEAT_1_DUTY=0
HEAT_1_SP=-20.0
HEAT_2_TEMP=28
HEAT_2_DUTY=0
HEAT_2_SP=-20.0
HEAT_3_TEMP=26
HEAT_3_DUTY=0
HEAT_3_SP=-20.0
HEAT_4_TEMP=28
HEAT_4_DUTY=0
HEAT_4_SP=-20.0
MOTOR_ANGLE=-0.0003779069767441861
MOTOR_ACCUM=-0.0003779069767441861
MOTOR_ROT=0
TS=1786201586.907
V_SENSE5=1.2255859375
V_SENSE9=0.0390625
V_SENSE12=0.1123046875
ADC_V5=5.00030517578125
ADC_V9=9.0625
ADC_V12=11.72637939453125
ADC_V28=27.65655517578125
THERMAL_SENS_OUT_1=27
THERMAL_SENS_OUT_2=-50
THERMAL_SENS_OUT_3=29
THERMAL_SENS_OUT_4=24
THERMAL_SENS_OUT_5=29
THERMAL_SENS_OUT_6=-50
THERMAL_SENS_INT_1=26
THERMAL_SENS_INT_2=24
PG_5=0
PG_9=0
PG_12=0
FLT_P2=0
FLT_P3=0
HEAT_1_TEMP=27
HEAT_1_DUTY=0
HEAT_1_SP=-20.0
HEAT_2_TEMP=29
HEAT_2_DUTY=0
HEAT_2_SP=-20.0
HEAT_3_TEMP=24
HEAT_3_DUTY=0
HEAT_3_SP=-20.0
HEAT_4_TEMP=29
HEAT_4_DUTY=0
HEAT_4_SP=-20.0
MOTOR_ANGLE=-0.0003779069767441861
MOTOR_ACCUM=-0.0003779069767441861
MOTOR_ROT=0

[16:16:00.909 EBOX]
TS=1786201587.417
V_SENSE5=1.1328125
V_SENSE9=0.04150390625
V_SENSE12=0.1123046875
ADC_V5=4.89410400390625
ADC_V9=9.35455322265625
ADC_V12=11.575927734375
ADC_V28=27.6654052734375
THERMAL_SENS_OUT_1=25
THERMAL_SENS_OUT_2=-50
THERMAL_SENS_OUT_3=26
THERMAL_SENS_OUT_4=24
THERMAL_SENS_OUT_5=26
THERMAL_SENS_OUT_6=-50
THERMAL_SENS_INT_1=22
THERMAL_SENS_INT_2=24
PG_5=0
PG_9=0
PG_12=0
FLT_P2=0
FLT_P3=0
HEAT_1_TEMP=25
HEAT_1_DUTY=0
HEAT_1_SP=-20.0
HEAT_2_TEMP=26
HEAT_2_DUTY=0
HEAT_2_SP=-20.0
HEAT_3_TEMP=24
HEAT_3_DUTY=0
HEAT_3_SP=-20.0
HEAT_4_TEMP=26
HEAT_4_DUTY=0
HEAT_4_SP=-20.0
MOTOR_ANGLE=-0.0003779069767441861
MOTOR_ACCUM=-0.0003779069767441861
MOTOR_ROT=0

[16:16:01.253 EBOX]
TS=1786201587.911
V_SENSE5=1.27197265625
V_SENSE9=0.048828125
V_SENSE12=0.09765625
ADC_V5=5.0445556640625
ADC_V9=9.27490234375
ADC_V12=11.83258056640625
ADC_V28=27.576904296875
THERMAL_SENS_OUT_1=23
THERMAL_SENS_OUT_2=-50
THERMAL_SENS_OUT_3=29
THERMAL_SENS_OUT_4=25
THERMAL_SENS_OUT_5=27
THERMAL_SENS_OUT_6=-50
THERMAL_SENS_INT_1=27
THERMAL_SENS_INT_2=24
PG_5=0
PG_9=0
PG_12=0
FLT_P2=0
FLT_P3=0
HEAT_1_TEMP=23
HEAT_1_DUTY=0
HEAT_1_SP=-20.0
HEAT_2_TEMP=29
HEAT_2_DUTY=0
HEAT_2_SP=-20.0
HEAT_3_TEMP=25
HEAT_3_DUTY=0
HEAT_3_SP=-20.0
HEAT_4_TEMP=27
HEAT_4_DUTY=0
HEAT_4_SP=-20.0
MOTOR_ANGLE=-0.0003779069767441861
MOTOR_ACCUM=-0.0003779069767441861
MOTOR_ROT=0

[16:16:01.778 EBOX]
TS=1786201588.412
V_SENSE5=1.19384765625
V_SENSE9=0.03662109375
V_SENSE12=0.1025390625
ADC_V5=4.991455078125
ADC_V9=9.12445068359375
ADC_V12=11.7706298828125
ADC_V28=27.6300048828125
THERMAL_SENS_OUT_1=28
THERMAL_SENS_OUT_2=-50
THERMAL_SENS_OUT_3=28
THERMAL_SENS_OUT_4=24
THERMAL_SENS_OUT_5=28
THERMAL_SENS_OUT_6=-50
THERMAL_SENS_INT_1=24
THERMAL_SENS_INT_2=29
PG_5=0
PG_9=0
PG_12=0
FLT_P2=0
FLT_P3=0
HEAT_1_TEMP=28
HEAT_1_DUTY=0
HEAT_1_SP=-20.0
HEAT_2_TEMP=28
HEAT_2_DUTY=0
HEAT_2_SP=-20.0
HEAT_3_TEMP=24
HEAT_3_DUTY=0
HEAT_3_SP=-20.0
HEAT_4_TEMP=28
HEAT_4_DUTY=0
HEAT_4_SP=-20.0
MOTOR_ANGLE=-0.0003779069767441861
MOTOR_ACCUM=-0.0003779069767441861
MOTOR_ROT=0

[16:16:02.805 EBOX]
TS=1786201588.913
V_SENSE5=1.19140625
V_SENSE9=0.0341796875
V_SENSE12=0.126953125
ADC_V5=4.89410400390625
ADC_V9=9.4696044921875
ADC_V12=11.9476318359375
ADC_V28=27.68310546875
THERMAL_SENS_OUT_1=28
THERMAL_SENS_OUT_2=-50
THERMAL_SENS_OUT_3=26
THERMAL_SENS_OUT_4=25
THERMAL_SENS_OUT_5=30
THERMAL_SENS_OUT_6=-50
THERMAL_SENS_INT_1=24
THERMAL_SENS_INT_2=28
PG_5=0
PG_9=0
PG_12=0
FLT_P2=0
FLT_P3=0
HEAT_1_TEMP=28
HEAT_1_DUTY=0
HEAT_1_SP=-20.0
HEAT_2_TEMP=26
HEAT_2_DUTY=0
HEAT_2_SP=-20.0
HEAT_3_TEMP=25
HEAT_3_DUTY=0
HEAT_3_SP=-20.0
HEAT_4_TEMP=30
HEAT_4_DUTY=0
HEAT_4_SP=-20.0
MOTOR_ANGLE=-0.0003779069767441861
MOTOR_ACCUM=-0.0003779069767441861
MOTOR_ROT=0

[16:16:04.170 EBOX]
TS=1786201589.415
V_SENSE5=1.21826171875
V_SENSE9=0.05615234375
V_SENSE12=0.10498046875
ADC_V5=4.920654296875
ADC_V9=9.31915283203125
ADC_V12=11.83258056640625
ADC_V28=27.39105224609375
THERMAL_SENS_OUT_1=24
THERMAL_SENS_OUT_2=-50
THERMAL_SENS_OUT_3=29
THERMAL_SENS_OUT_4=28
THERMAL_SENS_OUT_5=28
THERMAL_SENS_OUT_6=-50
THERMAL_SENS_INT_1=24
THERMAL_SENS_INT_2=28
PG_5=0
PG_9=0
PG_12=0
FLT_P2=0
FLT_P3=0
HEAT_1_TEMP=24
HEAT_1_DUTY=0
HEAT_1_SP=-20.0
HEAT_2_TEMP=29
HEAT_2_DUTY=0
HEAT_2_SP=-20.0
HEAT_3_TEMP=28
HEAT_3_DUTY=0
HEAT_3_SP=-20.0
HEAT_4_TEMP=28
HEAT_4_DUTY=0
HEAT_4_SP=-20.0
MOTOR_ANGLE=-0.0003779069767441861
MOTOR_ACCUM=-0.0003779069767441861
MOTOR_ROT=0

[16:16:05.628 EBOX]
TS=1786201589.916
V_SENSE5=1.2060546875
V_SENSE9=0.0341796875
V_SENSE12=0.09765625
ADC_V5=4.991455078125
ADC_V9=9.15985107421875
ADC_V12=11.69097900390625
ADC_V28=27.67425537109375
THERMAL_SENS_OUT_1=24
THERMAL_SENS_OUT_2=-50
THERMAL_SENS_OUT_3=26
THERMAL_SENS_OUT_4=24
THERMAL_SENS_OUT_5=27
THERMAL_SENS_OUT_6=-50
THERMAL_SENS_INT_1=24
THERMAL_SENS_INT_2=25
PG_5=0
PG_9=0
PG_12=0
FLT_P2=0
FLT_P3=0
HEAT_1_TEMP=24
HEAT_1_DUTY=0
HEAT_1_SP=-20.0
HEAT_2_TEMP=26
HEAT_2_DUTY=0
HEAT_2_SP=-20.0
HEAT_3_TEMP=24
HEAT_3_DUTY=0
HEAT_3_SP=-20.0
HEAT_4_TEMP=27
HEAT_4_DUTY=0
HEAT_4_SP=-20.0
MOTOR_ANGLE=-0.0003779069767441861
MOTOR_ACCUM=-0.0003779069767441861
MOTOR_ROT=0
TS=1786201590.417
V_SENSE5=1.220703125
V_SENSE9=0.05126953125
V_SENSE12=0.1025390625
ADC_V5=5.0091552734375
ADC_V9=9.35455322265625
ADC_V12=11.74407958984375
ADC_V28=27.8778076171875
THERMAL_SENS_OUT_1=25
THERMAL_SENS_OUT_2=-50
THERMAL_SENS_OUT_3=26
THERMAL_SENS_OUT_4=28
THERMAL_SENS_OUT_5=28
THERMAL_SENS_OUT_6=-50
THERMAL_SENS_INT_1=25
THERMAL_SENS_INT_2=29
PG_5=0
PG_9=0
PG_12=0
FLT_P2=0
FLT_P3=0
HEAT_1_TEMP=25
HEAT_1_DUTY=0
HEAT_1_SP=-20.0
HEAT_2_TEMP=26
HEAT_2_DUTY=0
HEAT_2_SP=-20.0
HEAT_3_TEMP=28
HEAT_3_DUTY=0
HEAT_3_SP=-20.0
HEAT_4_TEMP=28
HEAT_4_DUTY=0
HEAT_4_SP=-20.0
MOTOR_ANGLE=-0.0003779069767441861
MOTOR_ACCUM=-0.0003779069767441861
MOTOR_ROT=0
TS=1786201590.918
V_SENSE5=1.19873046875
V_SENSE9=0.04150390625
V_SENSE12=0.1025390625
ADC_V5=4.991455078125

[16:16:05.759 EBOX]
ADC_V9=9.21295166015625
ADC_V12=11.90338134765625
ADC_V28=27.364501953125
THERMAL_SENS_OUT_1=22
THERMAL_SENS_OUT_2=-50
THERMAL_SENS_OUT_3=26
THERMAL_SENS_OUT_4=28
THERMAL_SENS_OUT_5=28
THERMAL_SENS_OUT_6=-50
THERMAL_SENS_INT_1=24
THERMAL_SENS_INT_2=29
PG_5=0
PG_9=0
PG_12=0
FLT_P2=0
FLT_P3=0
HEAT_1_TEMP=22
HEAT_1_DUTY=0
HEAT_1_SP=-20.0
HEAT_2_TEMP=26
HEAT_2_DUTY=0
HEAT_2_SP=-20.0
HEAT_3_TEMP=28
HEAT_3_DUTY=0
HEAT_3_SP=-20.0
HEAT_4_TEMP=28
HEAT_4_DUTY=0
HEAT_4_SP=-20.0
MOTOR_ANGLE=-0.0003779069767441861
MOTOR_ACCUM=-0.0003779069767441861
MOTOR_ROT=0

[16:16:26.061 EBOX]
TS=1786201591.419
V_SENSE5=1.22314453125
V_SENSE9=0.03662109375
V_SENSE12=0.10498046875
ADC_V5=4.96490478515625
ADC_V9=8.96514892578125
ADC_V12=11.83258056640625
ADC_V28=27.2406005859375
THERMAL_SENS_OUT_1=25
THERMAL_SENS_OUT_2=-50
THERMAL_SENS_OUT_3=26
THERMAL_SENS_OUT_4=28
THERMAL_SENS_OUT_5=28
THERMAL_SENS_OUT_6=-50
THERMAL_SENS_INT_1=24
THERMAL_SENS_INT_2=29
PG_5=0
PG_9=0
PG_12=0
FLT_P2=0
FLT_P3=0
HEAT_1_TEMP=25
HEAT_1_DUTY=0
HEAT_1_SP=-20.0
HEAT_2_TEMP=26
HEAT_2_DUTY=0
HEAT_2_SP=-20.0
HEAT_3_TEMP=28
HEAT_3_DUTY=0
HEAT_3_SP=-20.0
HEAT_4_TEMP=28
HEAT_4_DUTY=0
HEAT_4_SP=-20.0
MOTOR_ANGLE=-0.0003779069767441861
MOTOR_ACCUM=-0.0003779069767441861
MOTOR_ROT=0

[16:16:26.517 EBOX]
TS=1786201591.927
V_SENSE5=1.15234375
V_SENSE9=0.0341796875
V_SENSE12=0.13427734375
ADC_V5=4.9560546875
ADC_V9=8.73504638671875
ADC_V12=11.79718017578125
ADC_V28=27.30255126953125
THERMAL_SENS_OUT_1=25
THERMAL_SENS_OUT_2=-50
THERMAL_SENS_OUT_3=29
THERMAL_SENS_OUT_4=24
THERMAL_SENS_OUT_5=31
THERMAL_SENS_OUT_6=-50
THERMAL_SENS_INT_1=25
THERMAL_SENS_INT_2=29
PG_5=0
PG_9=0
PG_12=0
FLT_P2=0
FLT_P3=0
HEAT_1_TEMP=25
HEAT_1_DUTY=0
HEAT_1_SP=-20.0
HEAT_2_TEMP=29
HEAT_2_DUTY=0
HEAT_2_SP=-20.0
HEAT_3_TEMP=24
HEAT_3_DUTY=0
HEAT_3_SP=-20.0
HEAT_4_TEMP=31
HEAT_4_DUTY=0
HEAT_4_SP=-20.0
MOTOR_ANGLE=-0.0003779069767441861
MOTOR_ACCUM=-0.0003779069767441861
MOTOR_ROT=0
TS=1786201592.423
V_SENSE5=1.220703125
V_SENSE9=0.03662109375
V_SENSE12=0.1220703125
ADC_V5=4.9029541015625
ADC_V9=9.53155517578125
ADC_V12=11.85028076171875
ADC_V28=27.92205810546875
THERMAL_SENS_OUT_1=28
THERMAL_SENS_OUT_2=-50
THERMAL_SENS_OUT_3=29
THERMAL_SENS_OUT_4=26
THERMAL_SENS_OUT_5=27
THERMAL_SENS_OUT_6=-50
THERMAL_SENS_INT_1=25
THERMAL_SENS_INT_2=26
PG_5=0
PG_9=0
PG_12=0
FLT_P2=0
FLT_P3=0
HEAT_1_TEMP=28
HEAT_1_DUTY=0
HEAT_1_SP=-20.0
HEAT_2_TEMP=29
HEAT_2_DUTY=0
HEAT_2_SP=-20.0
HEAT_3_TEMP=26
HEAT_3_DUTY=0
HEAT_3_SP=-20.0
HEAT_4_TEMP=27
HEAT_4_DUTY=0
HEAT_4_SP=-20.0
MOTOR_ANGLE=-0.0003779069767441861
MOTOR_ACCUM=-0.0003779069767441861
MOTOR_ROT=0
TS=1786201592.925
V_SENSE5=1.19873046875
V_SENSE9=0.0439453125
V_SENSE12=0.11962890625
ADC_V5=4.8675537109375
ADC_V9=9.1864013671875
ADC_V12=11.63787841796875
ADC_V28=27.69195556640625
THERMAL_SENS_OUT_1=24
THERMAL_SENS_OUT_2=-50
THERMAL_SENS_OUT_3=29
THERMAL_SENS_OUT_4=24
THERMAL_SENS_OUT_5=29
THERMAL_SENS_OUT_6=-50
THERMAL_SENS_INT_1=27
THERMAL_SENS_INT_2=24
PG_5=0
PG_9=0
PG_12=0
FLT_P2=0
FLT_P3=0
HEAT_1_TEMP=24
HEAT_1_DUTY=0
HEAT_1_SP=-20.0
HEAT_2_TEMP=29
HEAT_2_DUTY=0
HEAT_2_SP=-20.0
HEAT_3_TEMP=24
HEAT_3_DUTY=0
HEAT_3_SP=-20.0
HEAT_4_TEMP=29
HEAT_4_DUTY=0
HEAT_4_SP=-20.0
MOTOR_ANGLE=-0.0003779069767441861
MOTOR_ACCUM=-0.0003779069767441861
MOTOR_ROT=0
TS=1786201593.426
V_SENSE5=1.19384765625
V_SENSE9=0.06591796875
V_SENSE12=0.09033203125
ADC_V5=4.9737548828125
ADC_V9=9.12445068359375
ADC_V12=11.74407958984375
ADC_V28=27.69195556640625
THERMAL_SENS_OUT_1=25
THERMAL_SENS_OUT_2=-50
THERMAL_SENS_OUT_3=29
THERMAL_SENS_OUT_4=28
THERMAL_SENS_OUT_5=27
THERMAL_SENS_OUT_6=-50
THERMAL_SENS_INT_1=24
THERMAL_SENS_INT_2=27
PG_5=0
PG_9=0
PG_12=0
FLT_P2=0
FLT_P3=0
HEAT_1_TEMP=25
HEAT_1_DUTY=0
HEAT_1_SP=-20.0
HEAT_2_TEMP=29
HEAT_2_DUTY=0
HEAT_2_SP=-20.0
HEAT_3_TEMP=28
HEAT_3_DUTY=0
HEAT_3_SP=-20.0
HEAT_4_TEMP=27
HEAT_4_DUTY=0
HEAT_4_SP=-20.0
MOTOR_ANGLE=-0.0003779069767441861
MOTOR_ACCUM=-0.0003779069767441861
MOTOR_ROT=0
TS=1786201593.927
V_SENSE5=1.30615234375
V_SENSE9=0.07568359375
V_SENSE12=0.1025390625
ADC_V5=4.88525390625
ADC_V9=9.44305419921875
ADC_V12=11.646728515625
ADC_V28=27.82470703125
THERMAL_SENS_OUT_1=25
THERMAL_SENS_OUT_2=-50
THERMAL_SENS_OUT_3=29
THERMAL_SENS_OUT_4=24
THERMAL_SENS_OUT_5=28
THERMAL_SENS_OUT_6=-50
THERMAL_SENS_INT_1=24
THERMAL_SENS_INT_2=27
PG_5=0
PG_9=0
PG_12=0
FLT_P2=0
FLT_P3=0
HEAT_1_TEMP=25
HEAT_1_DUTY=0
HEAT_1_SP=-20.0
HEAT_2_TEMP=29
HEAT_2_DUTY=0
HEAT_2_SP=-20.0
HEAT_3_TEMP=24
HEAT_3_DUTY=0
HEAT_3_SP=-20.0
HEAT_4_TEMP=28
HEAT_4_DUTY=0
HEAT_4_SP=-20.0
MOTOR_ANGLE=-0.0003779069767441861
MOTOR_ACCUM=-0.0003779069767441861
MOTOR_ROT=0
TS=1786201594.436
V_SENSE5=1.13037109375
V_SENSE9=0.0390625
V_SENSE12=0.1171875
ADC_V5=4.9560546875
ADC_V9=9.27490234375
ADC_V12=11.90338134765625
ADC_V28=27.2406005859375
THERMAL_SENS_OUT_1=24
THERMAL_SENS_OUT_2=-50
THERMAL_SENS_OUT_3=26
THERMAL_SENS_OUT_4=27
THERMAL_SENS_OUT_5=31
THERMAL_SENS_OUT_6=-50
THERMAL_SENS_INT_1=27
THERMAL_SENS_INT_2=24
PG_5=0
PG_9=0
PG_12=0
FLT_P2=0
FLT_P3=0
HEAT_1_TEMP=24
HEAT_1_DUTY=0
HEAT_1_SP=-20.0
HEAT_2_TEMP=26
HEAT_2_DUTY=0
HEAT_2_SP=-20.0
HEAT_3_TEMP=27
HEAT_3_DUTY=0
HEAT_3_SP=-20.0
HEAT_4_TEMP=31
HEAT_4_DUTY=0
HEAT_4_SP=-20.0
MOTOR_ANGLE=-0.0003779069767441861
MOTOR_ACCUM=-0.0003779069767441861
MOTOR_ROT=0
TS=1786201594.933
V_SENSE5=1.2646484375
V_SENSE9=0.07568359375
V_SENSE12=0.126953125
ADC_V5=4.9383544921875
ADC_V9=8.9385986328125
ADC_V12=11.788330078125
ADC_V28=27.35565185546875
THERMAL_SENS_OUT_1=25
THERMAL_SENS_OUT_2=-50
THERMAL_SENS_OUT_3=25
THERMAL_SENS_OUT_4=26
THERMAL_SENS_OUT_5=30
THERMAL_SENS_OUT_6=-50
THERMAL_SENS_INT_1=24
THERMAL_SENS_INT_2=25
PG_5=0
PG_9=0
PG_12=0
FLT_P2=0
FLT_P3=0
HEAT_1_TEMP=25
HEAT_1_DUTY=0
HEAT_1_SP=-20.0
HEAT_2_TEMP=25
HEAT_2_DUTY=0
HEAT_2_SP=-20.0
HEAT_3_TEMP=26
HEAT_3_DUTY=0
HEAT_3_SP=-20.0
HEAT_4_TEMP=30
HEAT_4_DUTY=0
HEAT_4_SP=-20.0
MOTOR_ANGLE=-0.0003779069767441861
MOTOR_ACCUM=-0.0003779069767441861
MOTOR_ROT=0
TS=1786201595.433
V_SENSE5=1.2255859375
V_SENSE9=0.0341796875
V_SENSE12=0.09765625
ADC_V5=5.0091552734375
ADC_V9=9.46075439453125
ADC_V12=11.68212890625
ADC_V28=27.79815673828125
THERMAL_SENS_OUT_1=25
THERMAL_SENS_OUT_2=-50
THERMAL_SENS_OUT_3=27
THERMAL_SENS_OUT_4=28
THERMAL_SENS_OUT_5=27
THERMAL_SENS_OUT_6=-50
THERMAL_SENS_INT_1=27
THERMAL_SENS_INT_2=24
PG_5=0
PG_9=0
PG_12=0
FLT_P2=0
FLT_P3=0
HEAT_1_TEMP=25
HEAT_1_DUTY=0
HEAT_1_SP=-20.0
HEAT_2_TEMP=27
HEAT_2_DUTY=0
HEAT_2_SP=-20.0
HEAT_3_TEMP=28
HEAT_3_DUTY=0
HEAT_3_SP=-20.0
HEAT_4_TEMP=27
HEAT_4_DUTY=0
HEAT_4_SP=-20.0
MOTOR_ANGLE=-0.0003779069767441861
MOTOR_ACCUM=-0.0003779069767441861
MOTOR_ROT=0
TS=1786201595.935
V_SENSE5=1.23291015625
V_SENSE9=0.0341796875
V_SENSE12=0.11474609375
ADC_V5=4.9029541015625
ADC_V9=9.19525146484375
ADC_V12=11.8768310546875
ADC_V28=27.54150390625
THERMAL_SENS_OUT_1=29
THERMAL_SENS_OUT_2=-50
THERMAL_SENS_OUT_3=27
THERMAL_SENS_OUT_4=27
THERMAL_SENS_OUT_5=31
THERMAL_SENS_OUT_6=-50
THERMAL_SENS_INT_1=27
THERMAL_SENS_INT_2=25
PG_5=0
PG_9=0
PG_12=0
FLT_P2=0
FLT_P3=0
HEAT_1_TEMP=29
HEAT_1_DUTY=0
HEAT_1_SP=-20.0
HEAT_2_TEMP=27
HEAT_2_DUTY=0
HEAT_2_SP=-20.0
HEAT_3_TEMP=27

[16:16:27.002 EBOX]
HEAT_3_DUTY=0
HEAT_3_SP=-20.0
HEAT_4_TEMP=31
HEAT_4_DUTY=0
HEAT_4_SP=-20.0
MOTOR_ANGLE=-0.0003779069767441861
MOTOR_ACCUM=-0.0003779069767441861
MOTOR_ROT=0
TS=1786201596.435
V_SENSE5=1.22802734375
V_SENSE9=0.0390625
V_SENSE12=0.1171875
ADC_V5=5.08880615234375
ADC_V9=9.19525146484375
ADC_V12=11.77947998046875
ADC_V28=27.95745849609375
THERMAL_SENS_OUT_1=25
THERMAL_SENS_OUT_2=-50
THERMAL_SENS_OUT_3=27
THERMAL_SENS_OUT_4=28
THERMAL_SENS_OUT_5=28
THERMAL_SENS_OUT_6=-50
THERMAL_SENS_INT_1=24
THERMAL_SENS_INT_2=28
PG_5=0
PG_9=0
PG_12=0
FLT_P2=0
FLT_P3=0
HEAT_1_TEMP=25
HEAT_1_DUTY=0
HEAT_1_SP=-20.0
HEAT_2_TEMP=27
HEAT_2_DUTY=0
HEAT_2_SP=-20.0
HEAT_3_TEMP=28
HEAT_3_DUTY=0
HEAT_3_SP=-20.0
HEAT_4_TEMP=28
HEAT_4_DUTY=0
HEAT_4_SP=-20.0
MOTOR_ANGLE=-0.0003779069767441861
MOTOR_ACCUM=-0.0003779069767441861
MOTOR_ROT=0
TS=1786201596.944
V_SENSE5=1.142578125
V_SENSE9=0.0341796875
V_SENSE12=0.09765625
ADC_V5=4.9737548828125
ADC_V9=9.4873046875
ADC_V12=11.5936279296875
ADC_V28=27.576904296875
THERMAL_SENS_OUT_1=28
THERMAL_SENS_OUT_2=-50
THERMAL_SENS_OUT_3=30
THERMAL_SENS_OUT_4=24
THERMAL_SENS_OUT_5=29
THERMAL_SENS_OUT_6=-50
THERMAL_SENS_INT_1=25
THERMAL_SENS_INT_2=25
PG_5=0
PG_9=0
PG_12=0
FLT_P2=0
FLT_P3=0
HEAT_1_TEMP=28
HEAT_1_DUTY=0
HEAT_1_SP=-20.0
HEAT_2_TEMP=30
HEAT_2_DUTY=0
HEAT_2_SP=-20.0
HEAT_3_TEMP=24
HEAT_3_DUTY=0
HEAT_3_SP=-20.0
HEAT_4_TEMP=29
HEAT_4_DUTY=0
HEAT_4_SP=-20.0
MOTOR_ANGLE=-0.0003779069767441861
MOTOR_ACCUM=-0.0003779069767441861
MOTOR_ROT=0
TS=1786201597.438
V_SENSE5=1.201171875
V_SENSE9=0.0341796875
V_SENSE12=0.1171875
ADC_V5=4.87640380859375
ADC_V9=9.1864013671875
ADC_V12=11.788330078125
ADC_V28=27.82470703125
THERMAL_SENS_OUT_1=26
THERMAL_SENS_OUT_2=-50
THERMAL_SENS_OUT_3=29
THERMAL_SENS_OUT_4=29
THERMAL_SENS_OUT_5=29
THERMAL_SENS_OUT_6=-50
THERMAL_SENS_INT_1=25
THERMAL_SENS_INT_2=28
PG_5=0
PG_9=0
PG_12=0
FLT_P2=0
FLT_P3=0
HEAT_1_TEMP=26
HEAT_1_DUTY=0
HEAT_1_SP=-20.0
HEAT_2_TEMP=29
HEAT_2_DUTY=0
HEAT_2_SP=-20.0
HEAT_3_TEMP=29
HEAT_3_DUTY=0
HEAT_3_SP=-20.0
HEAT_4_TEMP=29
HEAT_4_DUTY=0
HEAT_4_SP=-20.0
MOTOR_ANGLE=-0.0003779069767441861
MOTOR_ACCUM=-0.0003779069767441861
MOTOR_ROT=0
TS=1786201597.940
V_SENSE5=1.38671875
V_SENSE9=0.0390625
V_SENSE12=0.09521484375
ADC_V5=4.87640380859375
ADC_V9=9.097900390625
ADC_V12=11.611328125
ADC_V28=27.30255126953125
THERMAL_SENS_OUT_1=26
THERMAL_SENS_OUT_2=-50
THERMAL_SENS_OUT_3=28
THERMAL_SENS_OUT_4=25
THERMAL_SENS_OUT_5=27
THERMAL_SENS_OUT_6=-50
THERMAL_SENS_INT_1=23
THERMAL_SENS_INT_2=27
PG_5=0
PG_9=0
PG_12=0
FLT_P2=0
FLT_P3=0
HEAT_1_TEMP=26
HEAT_1_DUTY=0
HEAT_1_SP=-20.0
HEAT_2_TEMP=28
HEAT_2_DUTY=0
HEAT_2_SP=-20.0
HEAT_3_TEMP=25
HEAT_3_DUTY=0
HEAT_3_SP=-20.0
HEAT_4_TEMP=27
HEAT_4_DUTY=0
HEAT_4_SP=-20.0
MOTOR_ANGLE=-0.0003779069767441861
MOTOR_ACCUM=-0.0003779069767441861
MOTOR_ROT=0
TS=1786201598.441
V_SENSE5=1.181640625
V_SENSE9=0.0390625
V_SENSE12=0.10498046875
ADC_V5=4.9737548828125

[16:16:27.488 EBOX]
ADC_V9=9.27490234375
ADC_V12=11.81488037109375
ADC_V28=27.26715087890625
THERMAL_SENS_OUT_1=23
THERMAL_SENS_OUT_2=-50
THERMAL_SENS_OUT_3=29
THERMAL_SENS_OUT_4=25
THERMAL_SENS_OUT_5=28
THERMAL_SENS_OUT_6=-50
THERMAL_SENS_INT_1=23
THERMAL_SENS_INT_2=27
PG_5=0
PG_9=0
PG_12=0
FLT_P2=0
FLT_P3=0
HEAT_1_TEMP=23
HEAT_1_DUTY=0
HEAT_1_SP=-20.0
HEAT_2_TEMP=29
HEAT_2_DUTY=0
HEAT_2_SP=-20.0
HEAT_3_TEMP=25
HEAT_3_DUTY=0
HEAT_3_SP=-20.0
HEAT_4_TEMP=28
HEAT_4_DUTY=0
HEAT_4_SP=-20.0
MOTOR_ANGLE=-0.0003779069767441861
MOTOR_ACCUM=-0.0003779069767441861
MOTOR_ROT=0
TS=1786201598.941
V_SENSE5=1.22314453125
V_SENSE9=0.0341796875
V_SENSE12=0.126953125
ADC_V5=4.991455078125
ADC_V9=9.41650390625
ADC_V12=11.85028076171875
ADC_V28=27.2052001953125
THERMAL_SENS_OUT_1=24
THERMAL_SENS_OUT_2=-50
THERMAL_SENS_OUT_3=26
THERMAL_SENS_OUT_4=26
THERMAL_SENS_OUT_5=31
THERMAL_SENS_OUT_6=-50
THERMAL_SENS_INT_1=26
THERMAL_SENS_INT_2=26
PG_5=0
PG_9=0
PG_12=0
FLT_P2=0
FLT_P3=0
HEAT_1_TEMP=24
HEAT_1_DUTY=0
HEAT_1_SP=-20.0
HEAT_2_TEMP=26
HEAT_2_DUTY=0
HEAT_2_SP=-20.0
HEAT_3_TEMP=26
HEAT_3_DUTY=0
HEAT_3_SP=-20.0
HEAT_4_TEMP=31
HEAT_4_DUTY=0
HEAT_4_SP=-20.0
MOTOR_ANGLE=-0.0003779069767441861
MOTOR_ACCUM=-0.0003779069767441861
MOTOR_ROT=0
TS=1786201599.443
V_SENSE5=1.28662109375
V_SENSE9=0.0341796875
V_SENSE12=0.09033203125
ADC_V5=4.991455078125
ADC_V9=9.2218017578125
ADC_V12=11.65557861328125
ADC_V28=27.58575439453125
THERMAL_SENS_OUT_1=28
THERMAL_SENS_OUT_2=-50
THERMAL_SENS_OUT_3=28
THERMAL_SENS_OUT_4=24
THERMAL_SENS_OUT_5=28
THERMAL_SENS_OUT_6=-50
THERMAL_SENS_INT_1=23
THERMAL_SENS_INT_2=27
PG_5=0
PG_9=0
PG_12=0
FLT_P2=0
FLT_P3=0
HEAT_1_TEMP=28
HEAT_1_DUTY=0
HEAT_1_SP=-20.0
HEAT_2_TEMP=28
HEAT_2_DUTY=0
HEAT_2_SP=-20.0
HEAT_3_TEMP=24
HEAT_3_DUTY=0
HEAT_3_SP=-20.0
HEAT_4_TEMP=28
HEAT_4_DUTY=0
HEAT_4_SP=-20.0
MOTOR_ANGLE=-0.0003779069767441861
MOTOR_ACCUM=-0.0003779069767441861
MOTOR_ROT=0
TS=1786201599.945
V_SENSE5=1.2255859375
V_SENSE9=0.0390625
V_SENSE12=0.1171875
ADC_V5=4.94720458984375
ADC_V9=9.03594970703125
ADC_V12=11.8414306640625
ADC_V28=27.30255126953125
THERMAL_SENS_OUT_1=23
THERMAL_SENS_OUT_2=-50
THERMAL_SENS_OUT_3=28
THERMAL_SENS_OUT_4=25
THERMAL_SENS_OUT_5=27
THERMAL_SENS_OUT_6=-50
THERMAL_SENS_INT_1=25
THERMAL_SENS_INT_2=28
PG_5=0
PG_9=0
PG_12=0
FLT_P2=0
FLT_P3=0
HEAT_1_TEMP=23
HEAT_1_DUTY=0
HEAT_1_SP=-20.0
HEAT_2_TEMP=28
HEAT_2_DUTY=0
HEAT_2_SP=-20.0
HEAT_3_TEMP=25
HEAT_3_DUTY=0
HEAT_3_SP=-20.0
HEAT_4_TEMP=27
HEAT_4_DUTY=0
HEAT_4_SP=-20.0
MOTOR_ANGLE=-0.0003779069767441861
MOTOR_ACCUM=-0.0003779069767441861
MOTOR_ROT=0
TS=1786201600.445
V_SENSE5=1.22802734375
V_SENSE9=0.03662109375
V_SENSE12=0.09765625
ADC_V5=4.96490478515625
ADC_V9=9.345703125
ADC_V12=11.90338134765625
ADC_V28=27.81585693359375
THERMAL_SENS_OUT_1=27
THERMAL_SENS_OUT_2=-50
THERMAL_SENS_OUT_3=26
THERMAL_SENS_OUT_4=27
THERMAL_SENS_OUT_5=29
THERMAL_SENS_OUT_6=-50
THERMAL_SENS_INT_1=26
THERMAL_SENS_INT_2=27
PG_5=0
PG_9=0
PG_12=0
FLT_P2=0
FLT_P3=0
HEAT_1_TEMP=27
HEAT_1_DUTY=0
HEAT_1_SP=-20.0
HEAT_2_TEMP=26
HEAT_2_DUTY=0
HEAT_2_SP=-20.0
HEAT_3_TEMP=27
HEAT_3_DUTY=0
HEAT_3_SP=-20.0
HEAT_4_TEMP=29
HEAT_4_DUTY=0
HEAT_4_SP=-20.0
MOTOR_ANGLE=-0.0003779069767441861
MOTOR_ACCUM=-0.0003779069767441861
MOTOR_ROT=0
TS=1786201600.947
V_SENSE5=1.26953125
V_SENSE9=0.04150390625
V_SENSE12=0.10498046875
ADC_V5=4.920654296875
ADC_V9=9.2218017578125
ADC_V12=11.69097900390625
ADC_V28=27.42645263671875
THERMAL_SENS_OUT_1=23
THERMAL_SENS_OUT_2=-50
THERMAL_SENS_OUT_3=29
THERMAL_SENS_OUT_4=24
THERMAL_SENS_OUT_5=30
THERMAL_SENS_OUT_6=-50
THERMAL_SENS_INT_1=26
THERMAL_SENS_INT_2=24
PG_5=0
PG_9=0
PG_12=0
FLT_P2=0
FLT_P3=0
HEAT_1_TEMP=23
HEAT_1_DUTY=0
HEAT_1_SP=-20.0
HEAT_2_TEMP=29
HEAT_2_DUTY=0
HEAT_2_SP=-20.0
HEAT_3_TEMP=24
HEAT_3_DUTY=0
HEAT_3_SP=-20.0
HEAT_4_TEMP=30
HEAT_4_DUTY=0
HEAT_4_SP=-20.0
MOTOR_ANGLE=-0.0003779069767441861
MOTOR_ACCUM=-0.0003779069767441861
MOTOR_ROT=0
TS=1786201601.454
V_SENSE5=1.15234375
V_SENSE9=0.0390625
V_SENSE12=0.09521484375
ADC_V5=4.92950439453125
ADC_V9=9.07135009765625
ADC_V12=11.97418212890625
ADC_V28=27.9132080078125
THERMAL_SENS_OUT_1=25
THERMAL_SENS_OUT_2=-50
THERMAL_SENS_OUT_3=26
THERMAL_SENS_OUT_4=24
THERMAL_SENS_OUT_5=29
THERMAL_SENS_OUT_6=-50
THERMAL_SENS_INT_1=23
THERMAL_SENS_INT_2=24
PG_5=0
PG_9=0
PG_12=0
FLT_P2=0
FLT_P3=0
HEAT_1_TEMP=25
HEAT_1_DUTY=0
HEAT_1_SP=-20.0
HEAT_2_TEMP=26
HEAT_2_DUTY=0
HEAT_2_SP=-20.0

[16:16:27.634 EBOX]
HEAT_3_TEMP=24
HEAT_3_DUTY=0
HEAT_3_SP=-20.0
HEAT_4_TEMP=29
HEAT_4_DUTY=0
HEAT_4_SP=-20.0
MOTOR_ANGLE=-0.0003779069767441861
MOTOR_ACCUM=-0.0003779069767441861
MOTOR_ROT=0
TS=1786201601.958
V_SENSE5=1.15966796875
V_SENSE9=0.0341796875
V_SENSE12=0.09033203125
ADC_V5=4.96490478515625
ADC_V9=9.47845458984375
ADC_V12=11.86798095703125
ADC_V28=27.2052001953125
THERMAL_SENS_OUT_1=22
THERMAL_SENS_OUT_2=-50
THERMAL_SENS_OUT_3=30
THERMAL_SENS_OUT_4=29
THERMAL_SENS_OUT_5=29
THERMAL_SENS_OUT_6=-50
THERMAL_SENS_INT_1=27
THERMAL_SENS_INT_2=29
PG_5=0
PG_9=0
PG_12=0
FLT_P2=0
FLT_P3=0
HEAT_1_TEMP=22
HEAT_1_DUTY=0
HEAT_1_SP=-20.0
HEAT_2_TEMP=30
HEAT_2_DUTY=0
HEAT_2_SP=-20.0
HEAT_3_TEMP=29
HEAT_3_DUTY=0
HEAT_3_SP=-20.0
HEAT_4_TEMP=29
HEAT_4_DUTY=0
HEAT_4_SP=-20.0
MOTOR_ANGLE=-0.0003779069767441861
MOTOR_ACCUM=-0.0003779069767441861
MOTOR_ROT=0
TS=1786201602.452
V_SENSE5=1.279296875
V_SENSE9=0.0341796875
V_SENSE12=0.1123046875
ADC_V5=5.0091552734375
ADC_V9=9.30145263671875
ADC_V12=11.74407958984375
ADC_V28=27.62115478515625
THERMAL_SENS_OUT_1=24
THERMAL_SENS_OUT_2=-50
THERMAL_SENS_OUT_3=28
THERMAL_SENS_OUT_4=24
THERMAL_SENS_OUT_5=29
THERMAL_SENS_OUT_6=-50
THERMAL_SENS_INT_1=23
THERMAL_SENS_INT_2=25
PG_5=0
PG_9=0
PG_12=0
FLT_P2=0
FLT_P3=0
HEAT_1_TEMP=24
HEAT_1_DUTY=0
HEAT_1_SP=-20.0
HEAT_2_TEMP=28
HEAT_2_DUTY=0
HEAT_2_SP=-20.0
HEAT_3_TEMP=24
HEAT_3_DUTY=0
HEAT_3_SP=-20.0
HEAT_4_TEMP=29
HEAT_4_DUTY=0
HEAT_4_SP=-20.0
MOTOR_ANGLE=-0.0003779069767441861

[16:16:27.773 EBOX]
MOTOR_ACCUM=-0.0003779069767441861
MOTOR_ROT=0
TS=1786201602.953
V_SENSE5=1.2353515625
V_SENSE9=0.03662109375
V_SENSE12=0.1025390625
ADC_V5=4.88525390625
ADC_V9=9.00054931640625
ADC_V12=11.85028076171875
ADC_V28=27.7362060546875
THERMAL_SENS_OUT_1=25
THERMAL_SENS_OUT_2=-50
THERMAL_SENS_OUT_3=27
THERMAL_SENS_OUT_4=27
THERMAL_SENS_OUT_5=31
THERMAL_SENS_OUT_6=-50
THERMAL_SENS_INT_1=28
THERMAL_SENS_INT_2=26
PG_5=0
PG_9=0
PG_12=0
FLT_P2=0
FLT_P3=0
HEAT_1_TEMP=25
HEAT_1_DUTY=0
HEAT_1_SP=-20.0
HEAT_2_TEMP=27
HEAT_2_DUTY=0
HEAT_2_SP=-20.0
HEAT_3_TEMP=27
HEAT_3_DUTY=0
HEAT_3_SP=-20.0
HEAT_4_TEMP=31
HEAT_4_DUTY=0
HEAT_4_SP=-20.0
MOTOR_ANGLE=-0.0003779069767441861
MOTOR_ACCUM=-0.0003779069767441861
MOTOR_ROT=0
TS=1786201603.455
V_SENSE5=1.2158203125
V_SENSE9=0.03662109375
V_SENSE12=0.09521484375
ADC_V5=4.8675537109375
ADC_V9=9.41650390625
ADC_V12=11.83258056640625
ADC_V28=27.2406005859375
THERMAL_SENS_OUT_1=25
THERMAL_SENS_OUT_2=-50
THERMAL_SENS_OUT_3=30
THERMAL_SENS_OUT_4=25
THERMAL_SENS_OUT_5=31
THERMAL_SENS_OUT_6=-50
THERMAL_SENS_INT_1=27
THERMAL_SENS_INT_2=29
PG_5=0
PG_9=0
PG_12=0
FLT_P2=0
FLT_P3=0
HEAT_1_TEMP=25
HEAT_1_DUTY=0
HEAT_1_SP=-20.0
HEAT_2_TEMP=30
HEAT_2_DUTY=0
HEAT_2_SP=-20.0
HEAT_3_TEMP=25
HEAT_3_DUTY=0
HEAT_3_SP=-20.0
HEAT_4_TEMP=31
HEAT_4_DUTY=0
HEAT_4_SP=-20.0
MOTOR_ANGLE=-0.0003779069767441861
MOTOR_ACCUM=-0.0003779069767441861
MOTOR_ROT=0
TS=1786201603.956
V_SENSE5=1.19384765625
V_SENSE9=0.0390625

[16:16:29.297 EBOX]
V_SENSE12=0.11474609375
ADC_V5=4.91180419921875
ADC_V9=9.38995361328125
ADC_V12=11.86798095703125
ADC_V28=27.33795166015625
THERMAL_SENS_OUT_1=23
THERMAL_SENS_OUT_2=-50
THERMAL_SENS_OUT_3=30
THERMAL_SENS_OUT_4=24
THERMAL_SENS_OUT_5=29
THERMAL_SENS_OUT_6=-50
THERMAL_SENS_INT_1=26
THERMAL_SENS_INT_2=24
PG_5=0
PG_9=0
PG_12=0
FLT_P2=0
FLT_P3=0
HEAT_1_TEMP=23
HEAT_1_DUTY=0
HEAT_1_SP=-20.0
HEAT_2_TEMP=30
HEAT_2_DUTY=0
HEAT_2_SP=-20.0
HEAT_3_TEMP=24
HEAT_3_DUTY=0
HEAT_3_SP=-20.0
HEAT_4_TEMP=29
HEAT_4_DUTY=0
HEAT_4_SP=-20.0
MOTOR_ANGLE=-0.0003779069767441861
MOTOR_ACCUM=-0.0003779069767441861
MOTOR_ROT=0
TS=1786201604.457
V_SENSE5=1.19384765625
V_SENSE9=0.0341796875
V_SENSE12=0.10498046875
ADC_V5=4.98260498046875
ADC_V9=8.96514892578125
ADC_V12=11.86798095703125
ADC_V28=27.3114013671875
THERMAL_SENS_OUT_1=23
THERMAL_SENS_OUT_2=-50
THERMAL_SENS_OUT_3=29
THERMAL_SENS_OUT_4=24
THERMAL_SENS_OUT_5=29
THERMAL_SENS_OUT_6=-50
THERMAL_SENS_INT_1=26
THERMAL_SENS_INT_2=25
PG_5=0
PG_9=0
PG_12=0
FLT_P2=0
FLT_P3=0
HEAT_1_TEMP=23
HEAT_1_DUTY=0
HEAT_1_SP=-20.0
HEAT_2_TEMP=29
HEAT_2_DUTY=0
HEAT_2_SP=-20.0
HEAT_3_TEMP=24
HEAT_3_DUTY=0
HEAT_3_SP=-20.0
HEAT_4_TEMP=29
HEAT_4_DUTY=0
HEAT_4_SP=-20.0
MOTOR_ANGLE=-0.0003779069767441861
MOTOR_ACCUM=-0.0003779069767441861
MOTOR_ROT=0
TS=1786201604.958
V_SENSE5=1.20849609375
V_SENSE9=0.03173828125
V_SENSE12=0.1123046875
ADC_V5=4.9560546875
ADC_V9=8.9385986328125
ADC_V12=11.63787841796875
ADC_V28=27.76275634765625
THERMAL_SENS_OUT_1=27
THERMAL_SENS_OUT_2=-50
THERMAL_SENS_OUT_3=30
THERMAL_SENS_OUT_4=25
THERMAL_SENS_OUT_5=31
THERMAL_SENS_OUT_6=-50
THERMAL_SENS_INT_1=25
THERMAL_SENS_INT_2=28
PG_5=0
PG_9=0
PG_12=0
FLT_P2=0
FLT_P3=0
HEAT_1_TEMP=27
HEAT_1_DUTY=0
HEAT_1_SP=-20.0
HEAT_2_TEMP=30
HEAT_2_DUTY=0
HEAT_2_SP=-20.0
HEAT_3_TEMP=25
HEAT_3_DUTY=0
HEAT_3_SP=-20.0
HEAT_4_TEMP=31
HEAT_4_DUTY=0
HEAT_4_SP=-20.0
MOTOR_ANGLE=-0.0003779069767441861
MOTOR_ACCUM=-0.0003779069767441861
MOTOR_ROT=0
TS=1786201605.459
V_SENSE5=1.17919921875
V_SENSE9=0.03662109375
V_SENSE12=0.107421875
ADC_V5=4.920654296875
ADC_V9=9.2926025390625
ADC_V12=11.79718017578125
ADC_V28=27.53265380859375
THERMAL_SENS_OUT_1=27
THERMAL_SENS_OUT_2=-50
THERMAL_SENS_OUT_3=27
THERMAL_SENS_OUT_4=29
THERMAL_SENS_OUT_5=28
THERMAL_SENS_OUT_6=-50
THERMAL_SENS_INT_1=23
THERMAL_SENS_INT_2=26
PG_5=0
PG_9=0
PG_12=0
FLT_P2=0
FLT_P3=0
HEAT_1_TEMP=27
HEAT_1_DUTY=0
HEAT_1_SP=-20.0
HEAT_2_TEMP=27
HEAT_2_DUTY=0
HEAT_2_SP=-20.0
HEAT_3_TEMP=29
HEAT_3_DUTY=0
HEAT_3_SP=-20.0
HEAT_4_TEMP=28
HEAT_4_DUTY=0
HEAT_4_SP=-20.0
MOTOR_ANGLE=-0.0003779069767441861
MOTOR_ACCUM=-0.0003779069767441861
MOTOR_ROT=0
TS=1786201605.961
V_SENSE5=1.2353515625
V_SENSE9=0.03662109375
V_SENSE12=0.10986328125
ADC_V5=4.92950439453125
ADC_V9=9.17755126953125
ADC_V12=11.95648193359375
ADC_V28=27.4530029296875
THERMAL_SENS_OUT_1=28
THERMAL_SENS_OUT_2=-50
THERMAL_SENS_OUT_3=29
THERMAL_SENS_OUT_4=27
THERMAL_SENS_OUT_5=31
THERMAL_SENS_OUT_6=-50
THERMAL_SENS_INT_1=24
THERMAL_SENS_INT_2=26
PG_5=0
PG_9=0
PG_12=0
FLT_P2=0
FLT_P3=0
HEAT_1_TEMP=28
HEAT_1_DUTY=0
HEAT_1_SP=-20.0
HEAT_2_TEMP=29
HEAT_2_DUTY=0
HEAT_2_SP=-20.0
HEAT_3_TEMP=27
HEAT_3_DUTY=0
HEAT_3_SP=-20.0
HEAT_4_TEMP=31
HEAT_4_DUTY=0
HEAT_4_SP=-20.0
MOTOR_ANGLE=-0.0003779069767441861
MOTOR_ACCUM=-0.0003779069767441861
MOTOR_ROT=0
TS=1786201606.463
V_SENSE5=1.26708984375
V_SENSE9=0.0341796875
V_SENSE12=0.10009765625
ADC_V5=4.89410400390625
ADC_V9=9.027099609375
ADC_V12=11.70867919921875
ADC_V28=27.92205810546875
THERMAL_SENS_OUT_1=28
THERMAL_SENS_OUT_2=-50
THERMAL_SENS_OUT_3=27
THERMAL_SENS_OUT_4=27
THERMAL_SENS_OUT_5=29
THERMAL_SENS_OUT_6=-50
THERMAL_SENS_INT_1=25
THERMAL_SENS_INT_2=28
PG_5=0
PG_9=0
PG_12=0
FLT_P2=0
FLT_P3=0
HEAT_1_TEMP=28
HEAT_1_DUTY=0
HEAT_1_SP=-20.0
HEAT_2_TEMP=27
HEAT_2_DUTY=0
HEAT_2_SP=-20.0
HEAT_3_TEMP=27
HEAT_3_DUTY=0
HEAT_3_SP=-20.0
HEAT_4_TEMP=29
HEAT_4_DUTY=0
HEAT_4_SP=-20.0
MOTOR_ANGLE=-0.0003779069767441861
MOTOR_ACCUM=-0.0003779069767441861
MOTOR_ROT=0
TS=1786201606.964
V_SENSE5=1.20849609375
V_SENSE9=0.0439453125
V_SENSE12=0.10498046875
ADC_V5=5.0091552734375
ADC_V9=9.24835205078125
ADC_V12=11.9122314453125
ADC_V28=27.5238037109375
THERMAL_SENS_OUT_1=23
THERMAL_SENS_OUT_2=-50
THERMAL_SENS_OUT_3=28
THERMAL_SENS_OUT_4=24
THERMAL_SENS_OUT_5=30
THERMAL_SENS_OUT_6=-50
THERMAL_SENS_INT_1=25
THERMAL_SENS_INT_2=27
PG_5=0
PG_9=0
PG_12=0
FLT_P2=0
FLT_P3=0
HEAT_1_TEMP=23
HEAT_1_DUTY=0
HEAT_1_SP=-20.0
HEAT_2_TEMP=28
HEAT_2_DUTY=0
HEAT_2_SP=-20.0
HEAT_3_TEMP=24
HEAT_3_DUTY=0
HEAT_3_SP=-20.0
HEAT_4_TEMP=30
HEAT_4_DUTY=0
HEAT_4_SP=-20.0
MOTOR_ANGLE=-0.0003779069767441861
MOTOR_ACCUM=-0.0003779069767441861
MOTOR_ROT=0
TS=1786201607.465
V_SENSE5=1.1572265625
V_SENSE9=0.0390625
V_SENSE12=0.10009765625
ADC_V5=4.9029541015625
ADC_V9=9.15985107421875
ADC_V12=11.6644287109375
ADC_V28=27.8778076171875
THERMAL_SENS_OUT_1=27
THERMAL_SENS_OUT_2=-50
THERMAL_SENS_OUT_3=27
THERMAL_SENS_OUT_4=29
THERMAL_SENS_OUT_5=26
THERMAL_SENS_OUT_6=-50
THERMAL_SENS_INT_1=27
THERMAL_SENS_INT_2=27
PG_5=0
PG_9=0
PG_12=0
FLT_P2=0
FLT_P3=0
HEAT_1_TEMP=27
HEAT_1_DUTY=0
HEAT_1_SP=-20.0
HEAT_2_TEMP=27
HEAT_2_DUTY=0
HEAT_2_SP=-20.0
HEAT_3_TEMP=29
HEAT_3_DUTY=0
HEAT_3_SP=-20.0
HEAT_4_TEMP=26
HEAT_4_DUTY=0
HEAT_4_SP=-20.0
MOTOR_ANGLE=-0.0003779069767441861
MOTOR_ACCUM=-0.0003779069767441861
MOTOR_ROT=0
TS=1786201607.966
V_SENSE5=1.2158203125
V_SENSE9=0.03662109375
V_SENSE12=0.10498046875
ADC_V5=5.00030517578125
ADC_V9=8.956298828125
ADC_V12=11.81488037109375
ADC_V28=27.222900390625
THERMAL_SENS_OUT_1=23
THERMAL_SENS_OUT_2=-50
THERMAL_SENS_OUT_3=26
THERMAL_SENS_OUT_4=24
THERMAL_SENS_OUT_5=29
THERMAL_SENS_OUT_6=-50
THERMAL_SENS_INT_1=24
THERMAL_SENS_INT_2=28
PG_5=0
PG_9=0
PG_12=0
FLT_P2=0
FLT_P3=0
HEAT_1_TEMP=23
HEAT_1_DUTY=0
HEAT_1_SP=-20.0
HEAT_2_TEMP=26
HEAT_2_DUTY=0
HEAT_2_SP=-20.0
HEAT_3_TEMP=24
HEAT_3_DUTY=0
HEAT_3_SP=-20.0
HEAT_4_TEMP=29
HEAT_4_DUTY=0
HEAT_4_SP=-20.0
MOTOR_ANGLE=-0.0003779069767441861
MOTOR_ACCUM=-0.0003779069767441861
MOTOR_ROT=0
TS=1786201608.474
V_SENSE5=1.15478515625
V_SENSE9=0.0390625
V_SENSE12=0.11962890625
ADC_V5=4.91180419921875
ADC_V9=9.40765380859375
ADC_V12=11.83258056640625
ADC_V28=27.83355712890625
THERMAL_SENS_OUT_1=28
THERMAL_SENS_OUT_2=-50
THERMAL_SENS_OUT_3=28
THERMAL_SENS_OUT_4=28
THERMAL_SENS_OUT_5=27
THERMAL_SENS_OUT_6=-50
THERMAL_SENS_INT_1=23
THERMAL_SENS_INT_2=27
PG_5=0
PG_9=0
PG_12=0
FLT_P2=0
FLT_P3=0
HEAT_1_TEMP=28
HEAT_1_DUTY=0
HEAT_1_SP=-20.0
HEAT_2_TEMP=28
HEAT_2_DUTY=0
HEAT_2_SP=-20.0
HEAT_3_TEMP=28
HEAT_3_DUTY=0
HEAT_3_SP=-20.0
HEAT_4_TEMP=27
HEAT_4_DUTY=0
HEAT_4_SP=-20.0
MOTOR_ANGLE=-0.0003779069767441861
MOTOR_ACCUM=-0.0003779069767441861
MOTOR_ROT=0
TS=1786201608.975
V_SENSE5=1.1474609375
V_SENSE9=0.07568359375
V_SENSE12=0.1171875
ADC_V5=4.85870361328125
ADC_V9=9.13330078125
ADC_V12=11.5582275390625
ADC_V28=27.62115478515625
THERMAL_SENS_OUT_1=26
THERMAL_SENS_OUT_2=-50
THERMAL_SENS_OUT_3=28
THERMAL_SENS_OUT_4=29
THERMAL_SENS_OUT_5=31
THERMAL_SENS_OUT_6=-50
THERMAL_SENS_INT_1=27
THERMAL_SENS_INT_2=25
PG_5=0
PG_9=0
PG_12=0
FLT_P2=0
FLT_P3=0
HEAT_1_TEMP=26
HEAT_1_DUTY=0
HEAT_1_SP=-20.0
HEAT_2_TEMP=28
HEAT_2_DUTY=0
HEAT_2_SP=-20.0
HEAT_3_TEMP=29
HEAT_3_DUTY=0
HEAT_3_SP=-20.0
HEAT_4_TEMP=31
HEAT_4_DUTY=0
HEAT_4_SP=-20.0
MOTOR_ANGLE=-0.0003779069767441861
MOTOR_ACCUM=-0.0003779069767441861
MOTOR_ROT=0
TS=1786201609.472

[16:16:29.439 EBOX]
V_SENSE5=1.259765625
V_SENSE9=0.0341796875
V_SENSE12=0.1123046875
ADC_V5=5.01800537109375
ADC_V9=9.19525146484375
ADC_V12=11.86798095703125
ADC_V28=27.2760009765625
THERMAL_SENS_OUT_1=24
THERMAL_SENS_OUT_2=-50
THERMAL_SENS_OUT_3=27
THERMAL_SENS_OUT_4=28
THERMAL_SENS_OUT_5=28
THERMAL_SENS_OUT_6=-50
THERMAL_SENS_INT_1=23
THERMAL_SENS_INT_2=25
PG_5=0
PG_9=0
PG_12=0
FLT_P2=0
FLT_P3=0
HEAT_1_TEMP=24
HEAT_1_DUTY=0
HEAT_1_SP=-20.0
HEAT_2_TEMP=27
HEAT_2_DUTY=0
HEAT_2_SP=-20.0
HEAT_3_TEMP=28
HEAT_3_DUTY=0
HEAT_3_SP=-20.0
HEAT_4_TEMP=28
HEAT_4_DUTY=0
HEAT_4_SP=-20.0
MOTOR_ANGLE=-0.0003779069767441861
MOTOR_ACCUM=-0.0003779069767441861
MOTOR_ROT=0
TS=1786201609.971
V_SENSE5=1.1767578125
V_SENSE9=0.03662109375
V_SENSE12=0.09033203125
ADC_V5=4.87640380859375
ADC_V9=9.49615478515625
ADC_V12=11.6290283203125
ADC_V28=27.72735595703125
THERMAL_SENS_OUT_1=28
THERMAL_SENS_OUT_2=-50
THERMAL_SENS_OUT_3=31
THERMAL_SENS_OUT_4=26
THERMAL_SENS_OUT_5=28
THERMAL_SENS_OUT_6=-50
THERMAL_SENS_INT_1=26
THERMAL_SENS_INT_2=26
PG_5=0
PG_9=0
PG_12=0
FLT_P2=0
FLT_P3=0
HEAT_1_TEMP=28
HEAT_1_DUTY=0
HEAT_1_SP=-20.0
HEAT_2_TEMP=31
HEAT_2_DUTY=0
HEAT_2_SP=-20.0
HEAT_3_TEMP=26
HEAT_3_DUTY=0
HEAT_3_SP=-20.0
HEAT_4_TEMP=28
HEAT_4_DUTY=0
HEAT_4_SP=-20.0
MOTOR_ANGLE=-0.0003779069767441861
MOTOR_ACCUM=-0.0003779069767441861
MOTOR_ROT=0
TS=1786201610.474
V_SENSE5=1.2744140625
V_SENSE9=0.0390625
V_SENSE12=0.107421875
ADC_V5=4.9029541015625
ADC_V9=9.37225341796875

[16:16:29.681 EBOX]
ADC_V12=11.68212890625
ADC_V28=27.56805419921875
THERMAL_SENS_OUT_1=27
THERMAL_SENS_OUT_2=-50
THERMAL_SENS_OUT_3=30
THERMAL_SENS_OUT_4=26
THERMAL_SENS_OUT_5=28
THERMAL_SENS_OUT_6=-50
THERMAL_SENS_INT_1=23
THERMAL_SENS_INT_2=27
PG_5=0
PG_9=0
PG_12=0
FLT_P2=0
FLT_P3=0
HEAT_1_TEMP=27
HEAT_1_DUTY=0
HEAT_1_SP=-20.0
HEAT_2_TEMP=30
HEAT_2_DUTY=0
HEAT_2_SP=-20.0
HEAT_3_TEMP=26
HEAT_3_DUTY=0
HEAT_3_SP=-20.0
HEAT_4_TEMP=28
HEAT_4_DUTY=0
HEAT_4_SP=-20.0
MOTOR_ANGLE=-0.0003779069767441861
MOTOR_ACCUM=-0.0003779069767441861
MOTOR_ROT=0
TS=1786201610.975
V_SENSE5=1.23779296875
V_SENSE9=0.0341796875
V_SENSE12=0.1171875
ADC_V5=5.0091552734375
ADC_V9=8.956298828125
ADC_V12=11.70867919921875
ADC_V28=27.82470703125
THERMAL_SENS_OUT_1=23
THERMAL_SENS_OUT_2=-50
THERMAL_SENS_OUT_3=28
THERMAL_SENS_OUT_4=27
THERMAL_SENS_OUT_5=31
THERMAL_SENS_OUT_6=-50
THERMAL_SENS_INT_1=28
THERMAL_SENS_INT_2=25
PG_5=0
PG_9=0
PG_12=0
FLT_P2=0
FLT_P3=0
HEAT_1_TEMP=23
HEAT_1_DUTY=0
HEAT_1_SP=-20.0
HEAT_2_TEMP=28
HEAT_2_DUTY=0
HEAT_2_SP=-20.0
HEAT_3_TEMP=27
HEAT_3_DUTY=0
HEAT_3_SP=-20.0
HEAT_4_TEMP=31
HEAT_4_DUTY=0
HEAT_4_SP=-20.0
MOTOR_ANGLE=-0.0003779069767441861
MOTOR_ACCUM=-0.0003779069767441861
MOTOR_ROT=0
TS=1786201611.485
V_SENSE5=1.14013671875
V_SENSE9=0.0341796875
V_SENSE12=0.107421875
ADC_V5=4.9383544921875
ADC_V9=9.5404052734375
ADC_V12=11.99188232421875
ADC_V28=27.42645263671875
THERMAL_SENS_OUT_1=25
THERMAL_SENS_OUT_2=-50
THERMAL_SENS_OUT_3=31
THERMAL_SENS_OUT_4=29

[16:16:29.931 EBOX]
THERMAL_SENS_OUT_5=29
THERMAL_SENS_OUT_6=-50
THERMAL_SENS_INT_1=25
THERMAL_SENS_INT_2=29
PG_5=0
PG_9=0
PG_12=0
FLT_P2=0
FLT_P3=0
HEAT_1_TEMP=25
HEAT_1_DUTY=0
HEAT_1_SP=-20.0
HEAT_2_TEMP=31
HEAT_2_DUTY=0
HEAT_2_SP=-20.0
HEAT_3_TEMP=29
HEAT_3_DUTY=0
HEAT_3_SP=-20.0
HEAT_4_TEMP=29
HEAT_4_DUTY=0
HEAT_4_SP=-20.0
MOTOR_ANGLE=-0.0003779069767441861
MOTOR_ACCUM=-0.0003779069767441861
MOTOR_ROT=0
TS=1786201611.977
V_SENSE5=1.20361328125
V_SENSE9=0.0341796875
V_SENSE12=0.09765625
ADC_V5=4.89410400390625
ADC_V9=9.27490234375
ADC_V12=11.92108154296875
ADC_V28=27.7008056640625
THERMAL_SENS_OUT_1=27
THERMAL_SENS_OUT_2=-50
THERMAL_SENS_OUT_3=29
THERMAL_SENS_OUT_4=27
THERMAL_SENS_OUT_5=27
THERMAL_SENS_OUT_6=-50
THERMAL_SENS_INT_1=24
THERMAL_SENS_INT_2=28
PG_5=0
PG_9=0
PG_12=0
FLT_P2=0
FLT_P3=0
HEAT_1_TEMP=27
HEAT_1_DUTY=0
HEAT_1_SP=-20.0
HEAT_2_TEMP=29
HEAT_2_DUTY=0
HEAT_2_SP=-20.0
HEAT_3_TEMP=27
HEAT_3_DUTY=0
HEAT_3_SP=-20.0
HEAT_4_TEMP=27
HEAT_4_DUTY=0
HEAT_4_SP=-20.0
MOTOR_ANGLE=-0.0003779069767441861
MOTOR_ACCUM=-0.0003779069767441861
MOTOR_ROT=0
TS=1786201612.479
V_SENSE5=1.30126953125
V_SENSE9=0.0341796875
V_SENSE12=0.12451171875
ADC_V5=4.88525390625
ADC_V9=9.23065185546875
ADC_V12=11.929931640625
ADC_V28=27.70965576171875
THERMAL_SENS_OUT_1=27
THERMAL_SENS_OUT_2=-50
THERMAL_SENS_OUT_3=27
THERMAL_SENS_OUT_4=27
THERMAL_SENS_OUT_5=28
THERMAL_SENS_OUT_6=-50
THERMAL_SENS_INT_1=23
THERMAL_SENS_INT_2=27
PG_5=0
PG_9=0
PG_12=0
FLT_P2=0
FLT_P3=0

[16:16:30.073 EBOX]
HEAT_1_TEMP=27
HEAT_1_DUTY=0
HEAT_1_SP=-20.0
HEAT_2_TEMP=27
HEAT_2_DUTY=0
HEAT_2_SP=-20.0
HEAT_3_TEMP=27
HEAT_3_DUTY=0
HEAT_3_SP=-20.0
HEAT_4_TEMP=28
HEAT_4_DUTY=0
HEAT_4_SP=-20.0
MOTOR_ANGLE=-0.0003779069767441861
MOTOR_ACCUM=-0.0003779069767441861
MOTOR_ROT=0
TS=1786201612.981
V_SENSE5=1.22314453125
V_SENSE9=0.03173828125
V_SENSE12=0.1025390625
ADC_V5=4.9560546875
ADC_V9=9.1510009765625
ADC_V12=11.68212890625
ADC_V28=27.60345458984375
THERMAL_SENS_OUT_1=26
THERMAL_SENS_OUT_2=-50
THERMAL_SENS_OUT_3=31
THERMAL_SENS_OUT_4=24
THERMAL_SENS_OUT_5=27
THERMAL_SENS_OUT_6=-50
THERMAL_SENS_INT_1=25
THERMAL_SENS_INT_2=26
PG_5=0
PG_9=0
PG_12=0
FLT_P2=0
FLT_P3=0
HEAT_1_TEMP=26
HEAT_1_DUTY=0
HEAT_1_SP=-20.0
HEAT_2_TEMP=31
HEAT_2_DUTY=0
HEAT_2_SP=-20.0
HEAT_3_TEMP=24
HEAT_3_DUTY=0
HEAT_3_SP=-20.0
HEAT_4_TEMP=27
HEAT_4_DUTY=0
HEAT_4_SP=-20.0
MOTOR_ANGLE=-0.0003779069767441861
MOTOR_ACCUM=-0.0003779069767441861
MOTOR_ROT=0
TS=1786201613.481
V_SENSE5=1.220703125
V_SENSE9=0.0732421875
V_SENSE12=0.10498046875
ADC_V5=4.920654296875
ADC_V9=9.40765380859375
ADC_V12=11.611328125
ADC_V28=27.8955078125
THERMAL_SENS_OUT_1=24
THERMAL_SENS_OUT_2=-50
THERMAL_SENS_OUT_3=30
THERMAL_SENS_OUT_4=24
THERMAL_SENS_OUT_5=27
THERMAL_SENS_OUT_6=-50
THERMAL_SENS_INT_1=26
THERMAL_SENS_INT_2=25
PG_5=0
PG_9=0
PG_12=0
FLT_P2=0
FLT_P3=0
HEAT_1_TEMP=24
HEAT_1_DUTY=0
HEAT_1_SP=-20.0
HEAT_2_TEMP=30
HEAT_2_DUTY=0
HEAT_2_SP=-20.0
HEAT_3_TEMP=24
HEAT_3_DUTY=0
HEAT_3_SP=-20.0

[16:16:30.252 EBOX]
HEAT_4_TEMP=27
HEAT_4_DUTY=0
HEAT_4_SP=-20.0
MOTOR_ANGLE=-0.0003779069767441861
MOTOR_ACCUM=-0.0003779069767441861
MOTOR_ROT=0
TS=1786201613.983
V_SENSE5=1.2841796875
V_SENSE9=0.0390625
V_SENSE12=0.10986328125
ADC_V5=4.96490478515625
ADC_V9=9.07135009765625
ADC_V12=11.86798095703125
ADC_V28=27.19635009765625
THERMAL_SENS_OUT_1=23
THERMAL_SENS_OUT_2=-50
THERMAL_SENS_OUT_3=28
THERMAL_SENS_OUT_4=26
THERMAL_SENS_OUT_5=30
THERMAL_SENS_OUT_6=-50
THERMAL_SENS_INT_1=25
THERMAL_SENS_INT_2=27
PG_5=0
PG_9=0
PG_12=0
FLT_P2=0
FLT_P3=0
HEAT_1_TEMP=23
HEAT_1_DUTY=0
HEAT_1_SP=-20.0
HEAT_2_TEMP=28
HEAT_2_DUTY=0
HEAT_2_SP=-20.0
HEAT_3_TEMP=26
HEAT_3_DUTY=0
HEAT_3_SP=-20.0
HEAT_4_TEMP=30
HEAT_4_DUTY=0
HEAT_4_SP=-20.0
MOTOR_ANGLE=-0.0003779069767441861
MOTOR_ACCUM=-0.0003779069767441861
MOTOR_ROT=0
TS=1786201614.484
V_SENSE5=1.220703125
V_SENSE9=0.03173828125
V_SENSE12=0.09765625
ADC_V5=5.0091552734375
ADC_V9=8.92974853515625
ADC_V12=11.81488037109375
ADC_V28=27.93975830078125
THERMAL_SENS_OUT_1=25
THERMAL_SENS_OUT_2=-50
THERMAL_SENS_OUT_3=29
THERMAL_SENS_OUT_4=26
THERMAL_SENS_OUT_5=27
THERMAL_SENS_OUT_6=-50
THERMAL_SENS_INT_1=23
THERMAL_SENS_INT_2=27
PG_5=0
PG_9=0
PG_12=0
FLT_P2=0
FLT_P3=0
HEAT_1_TEMP=25
HEAT_1_DUTY=0
HEAT_1_SP=-20.0
HEAT_2_TEMP=29
HEAT_2_DUTY=0
HEAT_2_SP=-20.0
HEAT_3_TEMP=26
HEAT_3_DUTY=0
HEAT_3_SP=-20.0
HEAT_4_TEMP=27
HEAT_4_DUTY=0
HEAT_4_SP=-20.0
MOTOR_ANGLE=-0.0003779069767441861
MOTOR_ACCUM=-0.0003779069767441861
MOTOR_ROT=0

[16:16:30.910 EBOX]
TS=1786201614.986
V_SENSE5=1.2939453125
V_SENSE9=0.0390625
V_SENSE12=0.10009765625
ADC_V5=5.08880615234375
ADC_V9=9.4696044921875
ADC_V12=11.77947998046875
ADC_V28=27.24945068359375
THERMAL_SENS_OUT_1=26
THERMAL_SENS_OUT_2=-50
THERMAL_SENS_OUT_3=30
THERMAL_SENS_OUT_4=24
THERMAL_SENS_OUT_5=28
THERMAL_SENS_OUT_6=-50
THERMAL_SENS_INT_1=26
THERMAL_SENS_INT_2=26
PG_5=0
PG_9=0
PG_12=0
FLT_P2=0
FLT_P3=0
HEAT_1_TEMP=26
HEAT_1_DUTY=0
HEAT_1_SP=-20.0
HEAT_2_TEMP=30
HEAT_2_DUTY=0
HEAT_2_SP=-20.0
HEAT_3_TEMP=24
HEAT_3_DUTY=0
HEAT_3_SP=-20.0
HEAT_4_TEMP=28
HEAT_4_DUTY=0
HEAT_4_SP=-20.0
MOTOR_ANGLE=-0.0003779069767441861
MOTOR_ACCUM=-0.0003779069767441861
MOTOR_ROT=0
TS=1786201615.487
V_SENSE5=1.16455078125
V_SENSE9=0.0341796875
V_SENSE12=0.10009765625
ADC_V5=5.00030517578125
ADC_V9=9.2041015625
ADC_V12=11.8414306640625
ADC_V28=27.65655517578125
THERMAL_SENS_OUT_1=29
THERMAL_SENS_OUT_2=-50
THERMAL_SENS_OUT_3=27
THERMAL_SENS_OUT_4=25
THERMAL_SENS_OUT_5=31
THERMAL_SENS_OUT_6=-50
THERMAL_SENS_INT_1=27
THERMAL_SENS_INT_2=25
PG_5=0
PG_9=0
PG_12=0
FLT_P2=0
FLT_P3=0
HEAT_1_TEMP=29
HEAT_1_DUTY=0
HEAT_1_SP=-20.0
HEAT_2_TEMP=27
HEAT_2_DUTY=0
HEAT_2_SP=-20.0
HEAT_3_TEMP=25
HEAT_3_DUTY=0
HEAT_3_SP=-20.0
HEAT_4_TEMP=31
HEAT_4_DUTY=0
HEAT_4_SP=-20.0
MOTOR_ANGLE=-0.0003779069767441861
MOTOR_ACCUM=-0.0003779069767441861
MOTOR_ROT=0
TS=1786201615.994
V_SENSE5=1.1328125
V_SENSE9=0.0390625
V_SENSE12=0.12451171875
ADC_V5=5.05340576171875
ADC_V9=8.9208984375
ADC_V12=11.93878173828125
ADC_V28=27.435302734375
THERMAL_SENS_OUT_1=28
THERMAL_SENS_OUT_2=-50
THERMAL_SENS_OUT_3=26
THERMAL_SENS_OUT_4=26
THERMAL_SENS_OUT_5=32
THERMAL_SENS_OUT_6=-50
THERMAL_SENS_INT_1=23
THERMAL_SENS_INT_2=25
PG_5=0
PG_9=0
PG_12=0
FLT_P2=0
FLT_P3=0
HEAT_1_TEMP=28
HEAT_1_DUTY=0
HEAT_1_SP=-20.0
HEAT_2_TEMP=26
HEAT_2_DUTY=0
HEAT_2_SP=-20.0
HEAT_3_TEMP=26
HEAT_3_DUTY=0
HEAT_3_SP=-20.0
HEAT_4_TEMP=32
HEAT_4_DUTY=0
HEAT_4_SP=-20.0
MOTOR_ANGLE=-0.0003779069767441861
MOTOR_ACCUM=-0.0003779069767441861
MOTOR_ROT=0
TS=1786201616.495
V_SENSE5=1.16943359375
V_SENSE9=0.0390625
V_SENSE12=0.11962890625
ADC_V5=4.9560546875
ADC_V9=9.522705078125
ADC_V12=11.788330078125
ADC_V28=27.86895751953125
THERMAL_SENS_OUT_1=28
THERMAL_SENS_OUT_2=-50
THERMAL_SENS_OUT_3=26
THERMAL_SENS_OUT_4=23
THERMAL_SENS_OUT_5=31
THERMAL_SENS_OUT_6=-50
THERMAL_SENS_INT_1=24
THERMAL_SENS_INT_2=24
PG_5=0
PG_9=0
PG_12=0
FLT_P2=0
FLT_P3=0
HEAT_1_TEMP=28
HEAT_1_DUTY=0
HEAT_1_SP=-20.0
HEAT_2_TEMP=26
HEAT_2_DUTY=0
HEAT_2_SP=-20.0
HEAT_3_TEMP=23
HEAT_3_DUTY=0
HEAT_3_SP=-20.0
HEAT_4_TEMP=31
HEAT_4_DUTY=0
HEAT_4_SP=-20.0
MOTOR_ANGLE=-0.0003779069767441861
MOTOR_ACCUM=-0.0003779069767441861
MOTOR_ROT=0

[16:16:31.250 EBOX]
TS=1786201616.992
V_SENSE5=1.18896484375
V_SENSE9=0.0390625
V_SENSE12=0.107421875
ADC_V5=5.08880615234375
ADC_V9=9.1510009765625
ADC_V12=11.92108154296875
ADC_V28=27.51495361328125
THERMAL_SENS_OUT_1=24
THERMAL_SENS_OUT_2=-50
THERMAL_SENS_OUT_3=27
THERMAL_SENS_OUT_4=26
THERMAL_SENS_OUT_5=31
THERMAL_SENS_OUT_6=-50
THERMAL_SENS_INT_1=23
THERMAL_SENS_INT_2=27
PG_5=0
PG_9=0
PG_12=0
FLT_P2=0
FLT_P3=0
HEAT_1_TEMP=24
HEAT_1_DUTY=0
HEAT_1_SP=-20.0
HEAT_2_TEMP=27
HEAT_2_DUTY=0
HEAT_2_SP=-20.0
HEAT_3_TEMP=26
HEAT_3_DUTY=0
HEAT_3_SP=-20.0
HEAT_4_TEMP=31
HEAT_4_DUTY=0
HEAT_4_SP=-20.0
MOTOR_ANGLE=-0.0003779069767441861
MOTOR_ACCUM=-0.0003779069767441861
MOTOR_ROT=0
TS=1786201617.494
V_SENSE5=1.18408203125
V_SENSE9=0.04150390625
V_SENSE12=0.10986328125
ADC_V5=4.96490478515625
ADC_V9=9.24835205078125
ADC_V12=11.7352294921875
ADC_V28=27.76275634765625
THERMAL_SENS_OUT_1=26
THERMAL_SENS_OUT_2=-50
THERMAL_SENS_OUT_3=30
THERMAL_SENS_OUT_4=28
THERMAL_SENS_OUT_5=28
THERMAL_SENS_OUT_6=-50
THERMAL_SENS_INT_1=24
THERMAL_SENS_INT_2=26
PG_5=0
PG_9=0
PG_12=0
FLT_P2=0
FLT_P3=0
HEAT_1_TEMP=26
HEAT_1_DUTY=0
HEAT_1_SP=-20.0
HEAT_2_TEMP=30
HEAT_2_DUTY=0
HEAT_2_SP=-20.0
HEAT_3_TEMP=28
HEAT_3_DUTY=0
HEAT_3_SP=-20.0
HEAT_4_TEMP=28
HEAT_4_DUTY=0
HEAT_4_SP=-20.0
MOTOR_ANGLE=-0.0003779069767441861
MOTOR_ACCUM=-0.0003779069767441861
MOTOR_ROT=0

[16:16:31.669 EBOX]
TS=1786201617.995
V_SENSE5=1.1865234375
V_SENSE9=0.0390625
V_SENSE12=0.0927734375
ADC_V5=4.94720458984375
ADC_V9=9.1510009765625
ADC_V12=11.93878173828125
ADC_V28=27.88665771484375
THERMAL_SENS_OUT_1=29
THERMAL_SENS_OUT_2=-50
THERMAL_SENS_OUT_3=27
THERMAL_SENS_OUT_4=28
THERMAL_SENS_OUT_5=27
THERMAL_SENS_OUT_6=-50
THERMAL_SENS_INT_1=26
THERMAL_SENS_INT_2=25
PG_5=0
PG_9=0
PG_12=0
FLT_P2=0
FLT_P3=0
HEAT_1_TEMP=29
HEAT_1_DUTY=0
HEAT_1_SP=-20.0
HEAT_2_TEMP=27
HEAT_2_DUTY=0
HEAT_2_SP=-20.0
HEAT_3_TEMP=28
HEAT_3_DUTY=0
HEAT_3_SP=-20.0
HEAT_4_TEMP=27
HEAT_4_DUTY=0
HEAT_4_SP=-20.0
MOTOR_ANGLE=-0.0003779069767441861
MOTOR_ACCUM=-0.0003779069767441861
MOTOR_ROT=0

[16:16:31.788 EBOX]
TS=1786201618.496
V_SENSE5=1.201171875
V_SENSE9=0.03662109375
V_SENSE12=0.1220703125
ADC_V5=4.9737548828125
ADC_V9=9.42535400390625
ADC_V12=11.646728515625
ADC_V28=27.53265380859375
THERMAL_SENS_OUT_1=23
THERMAL_SENS_OUT_2=-50
THERMAL_SENS_OUT_3=27
THERMAL_SENS_OUT_4=27
THERMAL_SENS_OUT_5=31
THERMAL_SENS_OUT_6=-50
THERMAL_SENS_INT_1=27
THERMAL_SENS_INT_2=26
PG_5=0
PG_9=0
PG_12=0
FLT_P2=0
FLT_P3=0
HEAT_1_TEMP=23
HEAT_1_DUTY=0
HEAT_1_SP=-20.0
HEAT_2_TEMP=27
HEAT_2_DUTY=0
HEAT_2_SP=-20.0
HEAT_3_TEMP=27
HEAT_3_DUTY=0
HEAT_3_SP=-20.0
HEAT_4_TEMP=31
HEAT_4_DUTY=0
HEAT_4_SP=-20.0
MOTOR_ANGLE=-0.0003779069767441861
MOTOR_ACCUM=-0.0003779069767441861
MOTOR_ROT=0

[16:16:32.318 EBOX]
TS=1786201619.006
V_SENSE5=1.12060546875
V_SENSE9=0.0390625
V_SENSE12=0.12451171875
ADC_V5=4.98260498046875
ADC_V9=9.0625
ADC_V12=11.859130859375
ADC_V28=27.70965576171875
THERMAL_SENS_OUT_1=25
THERMAL_SENS_OUT_2=-50
THERMAL_SENS_OUT_3=28
THERMAL_SENS_OUT_4=29
THERMAL_SENS_OUT_5=30
THERMAL_SENS_OUT_6=-50
THERMAL_SENS_INT_1=24
THERMAL_SENS_INT_2=26
PG_5=0
PG_9=0
PG_12=0
FLT_P2=0
FLT_P3=0
HEAT_1_TEMP=25
HEAT_1_DUTY=0
HEAT_1_SP=-20.0
HEAT_2_TEMP=28
HEAT_2_DUTY=0
HEAT_2_SP=-20.0
HEAT_3_TEMP=29
HEAT_3_DUTY=0
HEAT_3_SP=-20.0
HEAT_4_TEMP=30
HEAT_4_DUTY=0
HEAT_4_SP=-20.0
MOTOR_ANGLE=-0.0003779069767441861
MOTOR_ACCUM=-0.0003779069767441861
MOTOR_ROT=0

[16:16:34.007 EBOX]
TS=1786201619.499
V_SENSE5=1.23291015625
V_SENSE9=0.0341796875
V_SENSE12=0.10498046875
ADC_V5=4.920654296875
ADC_V9=8.94744873046875
ADC_V12=11.62017822265625
ADC_V28=27.81585693359375
THERMAL_SENS_OUT_1=27
THERMAL_SENS_OUT_2=-50
THERMAL_SENS_OUT_3=30
THERMAL_SENS_OUT_4=26
THERMAL_SENS_OUT_5=28
THERMAL_SENS_OUT_6=-50
THERMAL_SENS_INT_1=25
THERMAL_SENS_INT_2=28
PG_5=0
PG_9=0
PG_12=0
FLT_P2=0
FLT_P3=0
HEAT_1_TEMP=27
HEAT_1_DUTY=0
HEAT_1_SP=-20.0
HEAT_2_TEMP=30
HEAT_2_DUTY=0
HEAT_2_SP=-20.0
HEAT_3_TEMP=26
HEAT_3_DUTY=0
HEAT_3_SP=-20.0
HEAT_4_TEMP=28
HEAT_4_DUTY=0
HEAT_4_SP=-20.0
MOTOR_ANGLE=-0.0003779069767441861
MOTOR_ACCUM=-0.0003779069767441861
MOTOR_ROT=0
TS=1786201619.999
V_SENSE5=1.18408203125
V_SENSE9=0.03662109375
V_SENSE12=0.10986328125
ADC_V5=4.9383544921875
ADC_V9=9.49615478515625
ADC_V12=11.88568115234375
ADC_V28=27.40875244140625
THERMAL_SENS_OUT_1=24
THERMAL_SENS_OUT_2=-50
THERMAL_SENS_OUT_3=29
THERMAL_SENS_OUT_4=25
THERMAL_SENS_OUT_5=31
THERMAL_SENS_OUT_6=-50
THERMAL_SENS_INT_1=26
THERMAL_SENS_INT_2=24
PG_5=0
PG_9=0
PG_12=0
FLT_P2=0
FLT_P3=0
HEAT_1_TEMP=24
HEAT_1_DUTY=0
HEAT_1_SP=-20.0
HEAT_2_TEMP=29
HEAT_2_DUTY=0
HEAT_2_SP=-20.0
HEAT_3_TEMP=25
HEAT_3_DUTY=0
HEAT_3_SP=-20.0
HEAT_4_TEMP=31
HEAT_4_DUTY=0
HEAT_4_SP=-20.0
MOTOR_ANGLE=-0.0003779069767441861
MOTOR_ACCUM=-0.0003779069767441861
MOTOR_ROT=0
TS=1786201620.501
V_SENSE5=0.96435546875
V_SENSE9=0.0390625
V_SENSE12=0.1171875
ADC_V5=4.991455078125
ADC_V9=9.33685302734375
ADC_V12=11.8414306640625
ADC_V28=27.24945068359375
THERMAL_SENS_OUT_1=24
THERMAL_SENS_OUT_2=-50
THERMAL_SENS_OUT_3=26
THERMAL_SENS_OUT_4=26
THERMAL_SENS_OUT_5=31
THERMAL_SENS_OUT_6=-50
THERMAL_SENS_INT_1=27
THERMAL_SENS_INT_2=28
PG_5=0
PG_9=0
PG_12=0
FLT_P2=0
FLT_P3=0
HEAT_1_TEMP=24
HEAT_1_DUTY=0
HEAT_1_SP=-20.0
HEAT_2_TEMP=26
HEAT_2_DUTY=0
HEAT_2_SP=-20.0
HEAT_3_TEMP=26
HEAT_3_DUTY=0
HEAT_3_SP=-20.0
HEAT_4_TEMP=31
HEAT_4_DUTY=0
HEAT_4_SP=-20.0
MOTOR_ANGLE=-0.0003779069767441861
MOTOR_ACCUM=-0.0003779069767441861
MOTOR_ROT=0

[16:16:36.629 EBOX]
TS=1786201621.003
V_SENSE5=0.9228515625
V_SENSE9=0.0341796875
V_SENSE12=0.10498046875
ADC_V5=4.9737548828125
ADC_V9=8.85894775390625
ADC_V12=11.88568115234375
ADC_V28=27.39105224609375
THERMAL_SENS_OUT_1=23
THERMAL_SENS_OUT_2=-50
THERMAL_SENS_OUT_3=27
THERMAL_SENS_OUT_4=28
THERMAL_SENS_OUT_5=28
THERMAL_SENS_OUT_6=-50
THERMAL_SENS_INT_1=23
THERMAL_SENS_INT_2=26
PG_5=0
PG_9=0
PG_12=0
FLT_P2=0
FLT_P3=0
HEAT_1_TEMP=23
HEAT_1_DUTY=0
HEAT_1_SP=-20.0
HEAT_2_TEMP=27
HEAT_2_DUTY=0
HEAT_2_SP=-20.0
HEAT_3_TEMP=28
HEAT_3_DUTY=0
HEAT_3_SP=-20.0
HEAT_4_TEMP=28
HEAT_4_DUTY=0
HEAT_4_SP=-20.0
MOTOR_ANGLE=-0.0003779069767441861
MOTOR_ACCUM=-0.0003779069767441861
MOTOR_ROT=0
TS=1786201621.512
V_SENSE5=0.869140625
V_SENSE9=0.0341796875
V_SENSE12=0.1025390625
ADC_V5=4.9560546875
ADC_V9=9.31915283203125
ADC_V12=11.8414306640625
ADC_V28=27.81585693359375
THERMAL_SENS_OUT_1=25
THERMAL_SENS_OUT_2=-50
THERMAL_SENS_OUT_3=28
THERMAL_SENS_OUT_4=29
THERMAL_SENS_OUT_5=29
THERMAL_SENS_OUT_6=-50
THERMAL_SENS_INT_1=26
THERMAL_SENS_INT_2=26
PG_5=0
PG_9=0
PG_12=0
FLT_P2=0
FLT_P3=0
HEAT_1_TEMP=25
HEAT_1_DUTY=0
HEAT_1_SP=-20.0
HEAT_2_TEMP=28
HEAT_2_DUTY=0
HEAT_2_SP=-20.0
HEAT_3_TEMP=29
HEAT_3_DUTY=0
HEAT_3_SP=-20.0
HEAT_4_TEMP=29
HEAT_4_DUTY=0
HEAT_4_SP=-20.0
MOTOR_ANGLE=-0.0003779069767441861
MOTOR_ACCUM=-0.0003779069767441861
MOTOR_ROT=0

[16:16:36.785 EBOX]
TS=1786201622.015
V_SENSE5=0.8740234375
V_SENSE9=0.0341796875
V_SENSE12=0.10009765625
ADC_V5=4.91180419921875
ADC_V9=9.1156005859375
ADC_V12=11.92108154296875
ADC_V28=27.74505615234375
THERMAL_SENS_OUT_1=23
THERMAL_SENS_OUT_2=-50
THERMAL_SENS_OUT_3=30
THERMAL_SENS_OUT_4=28
THERMAL_SENS_OUT_5=27
THERMAL_SENS_OUT_6=-50
THERMAL_SENS_INT_1=28
THERMAL_SENS_INT_2=24
PG_5=0
PG_9=0
PG_12=0
FLT_P2=0
FLT_P3=0
HEAT_1_TEMP=23
HEAT_1_DUTY=0
HEAT_1_SP=-20.0
HEAT_2_TEMP=30
HEAT_2_DUTY=0
HEAT_2_SP=-20.0
HEAT_3_TEMP=28
HEAT_3_DUTY=0
HEAT_3_SP=-20.0
HEAT_4_TEMP=27
HEAT_4_DUTY=0
HEAT_4_SP=-20.0
MOTOR_ANGLE=-0.0003779069767441861
MOTOR_ACCUM=-0.0003779069767441861
MOTOR_ROT=0
TS=1786201622.515
V_SENSE5=0.85205078125
V_SENSE9=0.0341796875
V_SENSE12=0.12451171875
ADC_V5=4.92950439453125
ADC_V9=9.47845458984375
ADC_V12=11.79718017578125
ADC_V28=27.789306640625
THERMAL_SENS_OUT_1=24
THERMAL_SENS_OUT_2=-50
THERMAL_SENS_OUT_3=28
THERMAL_SENS_OUT_4=25
THERMAL_SENS_OUT_5=32
THERMAL_SENS_OUT_6=-50
THERMAL_SENS_INT_1=28
THERMAL_SENS_INT_2=24
PG_5=0
PG_9=0
PG_12=0
FLT_P2=0
FLT_P3=0
HEAT_1_TEMP=24
HEAT_1_DUTY=0
HEAT_1_SP=-20.0
HEAT_2_TEMP=28
HEAT_2_DUTY=0
HEAT_2_SP=-20.0
HEAT_3_TEMP=25
HEAT_3_DUTY=0
HEAT_3_SP=-20.0
HEAT_4_TEMP=32
HEAT_4_DUTY=0
HEAT_4_SP=-20.0
MOTOR_ANGLE=-0.0003779069767441861
MOTOR_ACCUM=-0.0003779069767441861
MOTOR_ROT=0
TS=1786201623.017
V_SENSE5=0.8544921875
V_SENSE9=0.03662109375
V_SENSE12=0.12939453125
ADC_V5=4.89410400390625
ADC_V9=9.19525146484375
ADC_V12=11.95648193359375
ADC_V28=27.76275634765625
THERMAL_SENS_OUT_1=23
THERMAL_SENS_OUT_2=-50
THERMAL_SENS_OUT_3=28
THERMAL_SENS_OUT_4=25
THERMAL_SENS_OUT_5=29
THERMAL_SENS_OUT_6=-50
THERMAL_SENS_INT_1=23
THERMAL_SENS_INT_2=27
PG_5=0
PG_9=0
PG_12=0
FLT_P2=0
FLT_P3=0
HEAT_1_TEMP=23
HEAT_1_DUTY=0
HEAT_1_SP=-20.0
HEAT_2_TEMP=28
HEAT_2_DUTY=0
HEAT_2_SP=-20.0
HEAT_3_TEMP=25
HEAT_3_DUTY=0
HEAT_3_SP=-20.0
HEAT_4_TEMP=29
HEAT_4_DUTY=0
HEAT_4_SP=-20.0
MOTOR_ANGLE=-0.0003779069767441861
MOTOR_ACCUM=-0.0003779069767441861
MOTOR_ROT=0

[16:16:36.909 EBOX]
TS=1786201623.510
V_SENSE5=0.93017578125
V_SENSE9=0.03173828125
V_SENSE12=0.10498046875
ADC_V5=4.9737548828125
ADC_V9=8.91204833984375
ADC_V12=11.8060302734375
ADC_V28=27.79815673828125
THERMAL_SENS_OUT_1=26
THERMAL_SENS_OUT_2=-50
THERMAL_SENS_OUT_3=28
THERMAL_SENS_OUT_4=25
THERMAL_SENS_OUT_5=28
THERMAL_SENS_OUT_6=-50
THERMAL_SENS_INT_1=25
THERMAL_SENS_INT_2=27
PG_5=0
PG_9=0
PG_12=0
FLT_P2=0
FLT_P3=0
HEAT_1_TEMP=26
HEAT_1_DUTY=0
HEAT_1_SP=-20.0
HEAT_2_TEMP=28
HEAT_2_DUTY=0
HEAT_2_SP=-20.0
HEAT_3_TEMP=25
HEAT_3_DUTY=0
HEAT_3_SP=-20.0
HEAT_4_TEMP=28
HEAT_4_DUTY=0
HEAT_4_SP=-20.0
MOTOR_ANGLE=-0.0003779069767441861
MOTOR_ACCUM=-0.0003779069767441861
MOTOR_ROT=0

[16:16:37.347 EBOX]
TS=1786201624.011
V_SENSE5=0.91796875
V_SENSE9=0.0390625
V_SENSE12=0.10009765625
ADC_V5=5.00030517578125
ADC_V9=9.3634033203125
ADC_V12=11.646728515625
ADC_V28=27.6123046875
THERMAL_SENS_OUT_1=26
THERMAL_SENS_OUT_2=-50
THERMAL_SENS_OUT_3=30
THERMAL_SENS_OUT_4=24
THERMAL_SENS_OUT_5=28
THERMAL_SENS_OUT_6=-50
THERMAL_SENS_INT_1=26
THERMAL_SENS_INT_2=29
PG_5=0
PG_9=0
PG_12=0
FLT_P2=0
FLT_P3=0
HEAT_1_TEMP=26
HEAT_1_DUTY=0
HEAT_1_SP=-20.0
HEAT_2_TEMP=30
HEAT_2_DUTY=0
HEAT_2_SP=-20.0
HEAT_3_TEMP=24
HEAT_3_DUTY=0
HEAT_3_SP=-20.0
HEAT_4_TEMP=28
HEAT_4_DUTY=0
HEAT_4_SP=-20.0
MOTOR_ANGLE=-0.0003779069767441861
MOTOR_ACCUM=-0.0003779069767441861
MOTOR_ROT=0

[16:16:38.587 EBOX]
TS=1786201624.512
V_SENSE5=0.92529296875
V_SENSE9=0.0390625
V_SENSE12=0.1220703125
ADC_V5=4.9737548828125
ADC_V9=8.89434814453125
ADC_V12=11.8414306640625
ADC_V28=27.30255126953125
THERMAL_SENS_OUT_1=25
THERMAL_SENS_OUT_2=-50
THERMAL_SENS_OUT_3=26
THERMAL_SENS_OUT_4=27
THERMAL_SENS_OUT_5=27
THERMAL_SENS_OUT_6=-50
THERMAL_SENS_INT_1=26
THERMAL_SENS_INT_2=25
PG_5=0
PG_9=0
PG_12=0
FLT_P2=0
FLT_P3=0
HEAT_1_TEMP=25
HEAT_1_DUTY=0
HEAT_1_SP=-20.0
HEAT_2_TEMP=26
HEAT_2_DUTY=0
HEAT_2_SP=-20.0
HEAT_3_TEMP=27
HEAT_3_DUTY=0
HEAT_3_SP=-20.0
HEAT_4_TEMP=27
HEAT_4_DUTY=0
HEAT_4_SP=-20.0
MOTOR_ANGLE=-0.0003779069767441861
MOTOR_ACCUM=-0.0003779069767441861
MOTOR_ROT=0
TS=1786201625.013
V_SENSE5=0.92041015625
V_SENSE9=0.0390625
V_SENSE12=0.13427734375
ADC_V5=4.9737548828125
ADC_V9=9.46075439453125
ADC_V12=11.646728515625
ADC_V28=27.8424072265625
THERMAL_SENS_OUT_1=28
THERMAL_SENS_OUT_2=-50
THERMAL_SENS_OUT_3=29
THERMAL_SENS_OUT_4=26
THERMAL_SENS_OUT_5=31
THERMAL_SENS_OUT_6=-50
THERMAL_SENS_INT_1=23
THERMAL_SENS_INT_2=24
PG_5=0
PG_9=0
PG_12=0
FLT_P2=0
FLT_P3=0
HEAT_1_TEMP=28
HEAT_1_DUTY=0
HEAT_1_SP=-20.0
HEAT_2_TEMP=29
HEAT_2_DUTY=0
HEAT_2_SP=-20.0
HEAT_3_TEMP=26
HEAT_3_DUTY=0
HEAT_3_SP=-20.0
HEAT_4_TEMP=31
HEAT_4_DUTY=0
HEAT_4_SP=-20.0
MOTOR_ANGLE=-0.0003779069767441861
MOTOR_ACCUM=-0.0003779069767441861
MOTOR_ROT=0

[16:16:38.911 EBOX]
TS=1786201625.521
V_SENSE5=0.8642578125
V_SENSE9=0.07568359375
V_SENSE12=0.1025390625
ADC_V5=4.89410400390625
ADC_V9=9.24835205078125
ADC_V12=11.93878173828125
ADC_V28=27.7008056640625
THERMAL_SENS_OUT_1=29
THERMAL_SENS_OUT_2=-50
THERMAL_SENS_OUT_3=28
THERMAL_SENS_OUT_4=27
THERMAL_SENS_OUT_5=30
THERMAL_SENS_OUT_6=-50
THERMAL_SENS_INT_1=28
THERMAL_SENS_INT_2=25
PG_5=0
PG_9=0
PG_12=0
FLT_P2=0
FLT_P3=0
HEAT_1_TEMP=29
HEAT_1_DUTY=0
HEAT_1_SP=-20.0
HEAT_2_TEMP=28
HEAT_2_DUTY=0
HEAT_2_SP=-20.0
HEAT_3_TEMP=27
HEAT_3_DUTY=0
HEAT_3_SP=-20.0
HEAT_4_TEMP=30
HEAT_4_DUTY=0
HEAT_4_SP=-20.0
MOTOR_ANGLE=-0.0003779069767441861
MOTOR_ACCUM=-0.0003779069767441861
MOTOR_ROT=0

[16:16:41.857 EBOX]
TS=1786201626.026
V_SENSE5=0.87890625
V_SENSE9=0.0390625
V_SENSE12=0.107421875
ADC_V5=4.9737548828125
ADC_V9=8.99169921875
ADC_V12=11.9476318359375
ADC_V28=28.0194091796875
THERMAL_SENS_OUT_1=26
THERMAL_SENS_OUT_2=-50
THERMAL_SENS_OUT_3=28
THERMAL_SENS_OUT_4=25
THERMAL_SENS_OUT_5=30
THERMAL_SENS_OUT_6=-50
THERMAL_SENS_INT_1=28
THERMAL_SENS_INT_2=28
PG_5=0
PG_9=0
PG_12=0
FLT_P2=0
FLT_P3=0
HEAT_1_TEMP=26
HEAT_1_DUTY=0
HEAT_1_SP=-20.0
HEAT_2_TEMP=28
HEAT_2_DUTY=0
HEAT_2_SP=-20.0
HEAT_3_TEMP=25
HEAT_3_DUTY=0
HEAT_3_SP=-20.0
HEAT_4_TEMP=30
HEAT_4_DUTY=0
HEAT_4_SP=-20.0
MOTOR_ANGLE=-0.0003779069767441861
MOTOR_ACCUM=-0.0003779069767441861
MOTOR_ROT=0
TS=1786201626.519
V_SENSE5=0.9130859375
V_SENSE9=0.0390625
V_SENSE12=0.126953125
ADC_V5=4.9383544921875
ADC_V9=9.4342041015625
ADC_V12=11.93878173828125
ADC_V28=27.86895751953125
THERMAL_SENS_OUT_1=26
THERMAL_SENS_OUT_2=-50
THERMAL_SENS_OUT_3=29
THERMAL_SENS_OUT_4=25
THERMAL_SENS_OUT_5=31
THERMAL_SENS_OUT_6=-50
THERMAL_SENS_INT_1=26
THERMAL_SENS_INT_2=28
PG_5=0
PG_9=0
PG_12=0
FLT_P2=0
FLT_P3=0
HEAT_1_TEMP=26
HEAT_1_DUTY=0
HEAT_1_SP=-20.0
HEAT_2_TEMP=29
HEAT_2_DUTY=0
HEAT_2_SP=-20.0
HEAT_3_TEMP=25
HEAT_3_DUTY=0
HEAT_3_SP=-20.0
HEAT_4_TEMP=31
HEAT_4_DUTY=0
HEAT_4_SP=-20.0
MOTOR_ANGLE=-0.0003779069767441861
MOTOR_ACCUM=-0.0003779069767441861
MOTOR_ROT=0

[16:16:42.037 EBOX]
TS=1786201627.020
V_SENSE5=0.91064453125
V_SENSE9=0.0390625
V_SENSE12=0.107421875
ADC_V5=4.94720458984375
ADC_V9=9.2218017578125
ADC_V12=11.859130859375
ADC_V28=27.5946044921875
THERMAL_SENS_OUT_1=27
THERMAL_SENS_OUT_2=-50
THERMAL_SENS_OUT_3=27
THERMAL_SENS_OUT_4=26
THERMAL_SENS_OUT_5=29
THERMAL_SENS_OUT_6=-50
THERMAL_SENS_INT_1=25
THERMAL_SENS_INT_2=25
PG_5=0
PG_9=0
PG_12=0
FLT_P2=0
FLT_P3=0
HEAT_1_TEMP=27
HEAT_1_DUTY=0
HEAT_1_SP=-20.0
HEAT_2_TEMP=27
HEAT_2_DUTY=0
HEAT_2_SP=-20.0
HEAT_3_TEMP=26
HEAT_3_DUTY=0
HEAT_3_SP=-20.0
HEAT_4_TEMP=29
HEAT_4_DUTY=0
HEAT_4_SP=-20.0
MOTOR_ANGLE=-0.0003779069767441861
MOTOR_ACCUM=-0.0003779069767441861
MOTOR_ROT=0
TS=1786201627.522
V_SENSE5=0.908203125
V_SENSE9=0.0341796875
V_SENSE12=0.10986328125
ADC_V5=4.96490478515625
ADC_V9=9.239501953125
ADC_V12=11.929931640625
ADC_V28=27.1875
THERMAL_SENS_OUT_1=25
THERMAL_SENS_OUT_2=-50
THERMAL_SENS_OUT_3=28
THERMAL_SENS_OUT_4=27
THERMAL_SENS_OUT_5=31
THERMAL_SENS_OUT_6=-50
THERMAL_SENS_INT_1=24
THERMAL_SENS_INT_2=27
PG_5=0
PG_9=0
PG_12=0
FLT_P2=0
FLT_P3=0
HEAT_1_TEMP=25
HEAT_1_DUTY=0
HEAT_1_SP=-20.0
HEAT_2_TEMP=28
HEAT_2_DUTY=0
HEAT_2_SP=-20.0
HEAT_3_TEMP=27
HEAT_3_DUTY=0
HEAT_3_SP=-20.0
HEAT_4_TEMP=31
HEAT_4_DUTY=0
HEAT_4_SP=-20.0
MOTOR_ANGLE=-0.0003779069767441861
MOTOR_ACCUM=-0.0003779069767441861
MOTOR_ROT=0
TS=1786201628.023
V_SENSE5=0.93505859375
V_SENSE9=0.03662109375
V_SENSE12=0.1171875
ADC_V5=5.00030517578125
ADC_V9=9.24835205078125
ADC_V12=11.859130859375
ADC_V28=27.9840087890625
THERMAL_SENS_OUT_1=25
THERMAL_SENS_OUT_2=-50
THERMAL_SENS_OUT_3=27
THERMAL_SENS_OUT_4=27
THERMAL_SENS_OUT_5=31
THERMAL_SENS_OUT_6=-50
THERMAL_SENS_INT_1=24
THERMAL_SENS_INT_2=26
PG_5=0
PG_9=0
PG_12=0
FLT_P2=0
FLT_P3=0
HEAT_1_TEMP=25
HEAT_1_DUTY=0
HEAT_1_SP=-20.0
HEAT_2_TEMP=27
HEAT_2_DUTY=0
HEAT_2_SP=-20.0
HEAT_3_TEMP=27
HEAT_3_DUTY=0
HEAT_3_SP=-20.0
HEAT_4_TEMP=31
HEAT_4_DUTY=0
HEAT_4_SP=-20.0
MOTOR_ANGLE=-0.0003779069767441861
MOTOR_ACCUM=-0.0003779069767441861
MOTOR_ROT=0
TS=1786201628.552
V_SENSE5=0.85693359375
V_SENSE9=0.05615234375
V_SENSE12=0.1123046875
ADC_V5=4.920654296875
ADC_V9=9.0093994140625
ADC_V12=11.575927734375
ADC_V28=27.24945068359375
THERMAL_SENS_OUT_1=26
THERMAL_SENS_OUT_2=-50
THERMAL_SENS_OUT_3=28
THERMAL_SENS_OUT_4=28
THERMAL_SENS_OUT_5=32
THERMAL_SENS_OUT_6=-50
THERMAL_SENS_INT_1=27
THERMAL_SENS_INT_2=29
PG_5=0
PG_9=0
PG_12=0
FLT_P2=0
FLT_P3=0
HEAT_1_TEMP=26
HEAT_1_DUTY=0
HEAT_1_SP=-20.0
HEAT_2_TEMP=28
HEAT_2_DUTY=0
HEAT_2_SP=-20.0
HEAT_3_TEMP=28
HEAT_3_DUTY=0
HEAT_3_SP=-20.0
HEAT_4_TEMP=32
HEAT_4_DUTY=0
HEAT_4_SP=-20.0
MOTOR_ANGLE=-0.0003779069767441861
MOTOR_ACCUM=-0.0003779069767441861
MOTOR_ROT=0

[16:16:42.365 EBOX]
TS=1786201629.034
V_SENSE5=0.86669921875
V_SENSE9=0.04150390625
V_SENSE12=0.1171875
ADC_V5=4.98260498046875
ADC_V9=9.4696044921875
ADC_V12=11.69097900390625
ADC_V28=27.3114013671875
THERMAL_SENS_OUT_1=27
THERMAL_SENS_OUT_2=-50
THERMAL_SENS_OUT_3=27
THERMAL_SENS_OUT_4=24
THERMAL_SENS_OUT_5=26
THERMAL_SENS_OUT_6=-50
THERMAL_SENS_INT_1=23
THERMAL_SENS_INT_2=24
PG_5=0
PG_9=0
PG_12=0
FLT_P2=0
FLT_P3=0
HEAT_1_TEMP=27
HEAT_1_DUTY=0
HEAT_1_SP=-20.0
HEAT_2_TEMP=27
HEAT_2_DUTY=0
HEAT_2_SP=-20.0
HEAT_3_TEMP=24
HEAT_3_DUTY=0
HEAT_3_SP=-20.0
HEAT_4_TEMP=26
HEAT_4_DUTY=0
HEAT_4_SP=-20.0
MOTOR_ANGLE=-0.0003779069767441861
MOTOR_ACCUM=-0.0003779069767441861
MOTOR_ROT=0

[16:16:42.790 EBOX]
TS=1786201629.533
V_SENSE5=0.87646484375
V_SENSE9=0.0390625
V_SENSE12=0.13427734375
ADC_V5=4.9383544921875
ADC_V9=9.1864013671875
ADC_V12=11.717529296875
ADC_V28=27.92205810546875
THERMAL_SENS_OUT_1=25
THERMAL_SENS_OUT_2=-50
THERMAL_SENS_OUT_3=26
THERMAL_SENS_OUT_4=25
THERMAL_SENS_OUT_5=27
THERMAL_SENS_OUT_6=-50
THERMAL_SENS_INT_1=28
THERMAL_SENS_INT_2=25
PG_5=0
PG_9=0
PG_12=0
FLT_P2=0
FLT_P3=0
HEAT_1_TEMP=25
HEAT_1_DUTY=0
HEAT_1_SP=-20.0
HEAT_2_TEMP=26
HEAT_2_DUTY=0
HEAT_2_SP=-20.0
HEAT_3_TEMP=25
HEAT_3_DUTY=0
HEAT_3_SP=-20.0
HEAT_4_TEMP=27
HEAT_4_DUTY=0
HEAT_4_SP=-20.0
MOTOR_ANGLE=-0.0003779069767441861
MOTOR_ACCUM=-0.0003779069767441861
MOTOR_ROT=0

[16:16:43.317 EBOX]
TS=1786201630.038
V_SENSE5=0.869140625
V_SENSE9=0.0634765625
V_SENSE12=0.107421875
ADC_V5=4.85870361328125
ADC_V9=9.2572021484375
ADC_V12=11.60247802734375
ADC_V28=27.364501953125
THERMAL_SENS_OUT_1=26
THERMAL_SENS_OUT_2=-50
THERMAL_SENS_OUT_3=27
THERMAL_SENS_OUT_4=25
THERMAL_SENS_OUT_5=27
THERMAL_SENS_OUT_6=-50
THERMAL_SENS_INT_1=28
THERMAL_SENS_INT_2=26
PG_5=0
PG_9=0
PG_12=0
FLT_P2=0
FLT_P3=0
HEAT_1_TEMP=26
HEAT_1_DUTY=0
HEAT_1_SP=-20.0
HEAT_2_TEMP=27
HEAT_2_DUTY=0
HEAT_2_SP=-20.0
HEAT_3_TEMP=25
HEAT_3_DUTY=0
HEAT_3_SP=-20.0
HEAT_4_TEMP=27
HEAT_4_DUTY=0
HEAT_4_SP=-20.0
MOTOR_ANGLE=-0.0003779069767441861
MOTOR_ACCUM=-0.0003779069767441861
MOTOR_ROT=0

[16:16:43.843 EBOX]
TS=1786201630.538
V_SENSE5=0.83251953125
V_SENSE9=0.0390625
V_SENSE12=0.10009765625
ADC_V5=4.8675537109375
ADC_V9=9.26605224609375
ADC_V12=11.74407958984375
ADC_V28=27.88665771484375
THERMAL_SENS_OUT_1=25
THERMAL_SENS_OUT_2=-50
THERMAL_SENS_OUT_3=28
THERMAL_SENS_OUT_4=29
THERMAL_SENS_OUT_5=28
THERMAL_SENS_OUT_6=-50
THERMAL_SENS_INT_1=25
THERMAL_SENS_INT_2=25
PG_5=0
PG_9=0
PG_12=0
FLT_P2=0
FLT_P3=0
HEAT_1_TEMP=25
HEAT_1_DUTY=0
HEAT_1_SP=-20.0
HEAT_2_TEMP=28
HEAT_2_DUTY=0
HEAT_2_SP=-20.0
HEAT_3_TEMP=29
HEAT_3_DUTY=0
HEAT_3_SP=-20.0
HEAT_4_TEMP=28
HEAT_4_DUTY=0
HEAT_4_SP=-20.0
MOTOR_ANGLE=-0.0003779069767441861
MOTOR_ACCUM=-0.0003779069767441861
MOTOR_ROT=0

[16:16:44.368 EBOX]
TS=1786201631.032
V_SENSE5=0.9130859375
V_SENSE9=0.03662109375
V_SENSE12=0.1025390625
ADC_V5=5.0091552734375
ADC_V9=9.0625
ADC_V12=11.95648193359375
ADC_V28=27.92205810546875
THERMAL_SENS_OUT_1=25
THERMAL_SENS_OUT_2=-50
THERMAL_SENS_OUT_3=26
THERMAL_SENS_OUT_4=26
THERMAL_SENS_OUT_5=31
THERMAL_SENS_OUT_6=-50
THERMAL_SENS_INT_1=27
THERMAL_SENS_INT_2=24
PG_5=0
PG_9=0
PG_12=0
FLT_P2=0
FLT_P3=0
HEAT_1_TEMP=25
HEAT_1_DUTY=0
HEAT_1_SP=-20.0
HEAT_2_TEMP=26
HEAT_2_DUTY=0
HEAT_2_SP=-20.0
HEAT_3_TEMP=26
HEAT_3_DUTY=0
HEAT_3_SP=-20.0
HEAT_4_TEMP=31
HEAT_4_DUTY=0
HEAT_4_SP=-20.0
MOTOR_ANGLE=-0.0003779069767441861
MOTOR_ACCUM=-0.0003779069767441861
MOTOR_ROT=0

[16:16:44.796 EBOX]
TS=1786201631.535
V_SENSE5=0.9814453125
V_SENSE9=0.0390625
V_SENSE12=0.10498046875
ADC_V5=5.0091552734375
ADC_V9=9.381103515625
ADC_V12=11.93878173828125
ADC_V28=27.3468017578125
THERMAL_SENS_OUT_1=25
THERMAL_SENS_OUT_2=-50
THERMAL_SENS_OUT_3=30
THERMAL_SENS_OUT_4=25
THERMAL_SENS_OUT_5=31
THERMAL_SENS_OUT_6=-50
THERMAL_SENS_INT_1=26
THERMAL_SENS_INT_2=25
PG_5=0
PG_9=0
PG_12=0
FLT_P2=0
FLT_P3=0
HEAT_1_TEMP=25
HEAT_1_DUTY=0
HEAT_1_SP=-20.0
HEAT_2_TEMP=30
HEAT_2_DUTY=0
HEAT_2_SP=-20.0
HEAT_3_TEMP=25
HEAT_3_DUTY=0
HEAT_3_SP=-20.0
HEAT_4_TEMP=31
HEAT_4_DUTY=0
HEAT_4_SP=-20.0
MOTOR_ANGLE=-0.0003779069767441861
MOTOR_ACCUM=-0.0003779069767441861
MOTOR_ROT=0

[16:16:45.305 EBOX]
TS=1786201632.035
V_SENSE5=0.88623046875
V_SENSE9=0.0390625
V_SENSE12=0.107421875
ADC_V5=4.9383544921875
ADC_V9=9.345703125
ADC_V12=11.929931640625
ADC_V28=27.58575439453125
THERMAL_SENS_OUT_1=28
THERMAL_SENS_OUT_2=-50
THERMAL_SENS_OUT_3=27
THERMAL_SENS_OUT_4=26
THERMAL_SENS_OUT_5=29
THERMAL_SENS_OUT_6=-50
THERMAL_SENS_INT_1=25
THERMAL_SENS_INT_2=28
PG_5=0
PG_9=0
PG_12=0
FLT_P2=0
FLT_P3=0
HEAT_1_TEMP=28
HEAT_1_DUTY=0
HEAT_1_SP=-20.0
HEAT_2_TEMP=27
HEAT_2_DUTY=0
HEAT_2_SP=-20.0
HEAT_3_TEMP=26
HEAT_3_DUTY=0
HEAT_3_SP=-20.0
HEAT_4_TEMP=29
HEAT_4_DUTY=0
HEAT_4_SP=-20.0
MOTOR_ANGLE=-0.0003779069767441861
MOTOR_ACCUM=-0.0003779069767441861
MOTOR_ROT=0

[16:16:45.812 EBOX]
TS=1786201632.536
V_SENSE5=0.927734375
V_SENSE9=0.03662109375
V_SENSE12=0.11474609375
ADC_V5=4.9560546875
ADC_V9=9.0447998046875
ADC_V12=11.58477783203125
ADC_V28=27.860107421875
THERMAL_SENS_OUT_1=23
THERMAL_SENS_OUT_2=-50
THERMAL_SENS_OUT_3=28
THERMAL_SENS_OUT_4=25
THERMAL_SENS_OUT_5=28
THERMAL_SENS_OUT_6=-50
THERMAL_SENS_INT_1=25
THERMAL_SENS_INT_2=25
PG_5=0
PG_9=0
PG_12=0
FLT_P2=0
FLT_P3=0
HEAT_1_TEMP=23
HEAT_1_DUTY=0
HEAT_1_SP=-20.0
HEAT_2_TEMP=28
HEAT_2_DUTY=0
HEAT_2_SP=-20.0
HEAT_3_TEMP=25
HEAT_3_DUTY=0
HEAT_3_SP=-20.0
HEAT_4_TEMP=28
HEAT_4_DUTY=0
HEAT_4_SP=-20.0
MOTOR_ANGLE=-0.0003779069767441861
MOTOR_ACCUM=-0.0003779069767441861
MOTOR_ROT=0

[16:16:46.321 EBOX]
TS=1786201633.043
V_SENSE5=0.83984375
V_SENSE9=0.0390625
V_SENSE12=0.126953125
ADC_V5=4.92950439453125
ADC_V9=9.53155517578125
ADC_V12=11.9122314453125
ADC_V28=27.74505615234375
THERMAL_SENS_OUT_1=29
THERMAL_SENS_OUT_2=-50
THERMAL_SENS_OUT_3=25
THERMAL_SENS_OUT_4=27
THERMAL_SENS_OUT_5=27
THERMAL_SENS_OUT_6=-50
THERMAL_SENS_INT_1=25
THERMAL_SENS_INT_2=29
PG_5=0
PG_9=0
PG_12=0
FLT_P2=0
FLT_P3=0
HEAT_1_TEMP=29
HEAT_1_DUTY=0
HEAT_1_SP=-20.0
HEAT_2_TEMP=25
HEAT_2_DUTY=0
HEAT_2_SP=-20.0
HEAT_3_TEMP=27
HEAT_3_DUTY=0
HEAT_3_SP=-20.0
HEAT_4_TEMP=27
HEAT_4_DUTY=0
HEAT_4_SP=-20.0
MOTOR_ANGLE=-0.0003779069767441861
MOTOR_ACCUM=-0.0003779069767441861
MOTOR_ROT=0

[16:16:47.550 EBOX]
TS=1786201633.545
V_SENSE5=0.8740234375
V_SENSE9=0.07568359375
V_SENSE12=0.107421875
ADC_V5=5.15960693359375
ADC_V9=9.33685302734375
ADC_V12=11.9122314453125
ADC_V28=27.5592041015625
THERMAL_SENS_OUT_1=24
THERMAL_SENS_OUT_2=-50
THERMAL_SENS_OUT_3=30
THERMAL_SENS_OUT_4=24
THERMAL_SENS_OUT_5=27
THERMAL_SENS_OUT_6=-50
THERMAL_SENS_INT_1=25
THERMAL_SENS_INT_2=29
PG_5=0
PG_9=0
PG_12=0
FLT_P2=0
FLT_P3=0
HEAT_1_TEMP=24
HEAT_1_DUTY=0
HEAT_1_SP=-20.0
HEAT_2_TEMP=30
HEAT_2_DUTY=0
HEAT_2_SP=-20.0
HEAT_3_TEMP=24
HEAT_3_DUTY=0
HEAT_3_SP=-20.0
HEAT_4_TEMP=27
HEAT_4_DUTY=0
HEAT_4_SP=-20.0
MOTOR_ANGLE=-0.0003779069767441861
MOTOR_ACCUM=-0.0003779069767441861
MOTOR_ROT=0

[16:16:48.300 EBOX]
TS=1786201634.047
V_SENSE5=0.859375
V_SENSE9=0.03662109375
V_SENSE12=0.15380859375
ADC_V5=4.98260498046875
ADC_V9=8.87664794921875
ADC_V12=11.9122314453125
ADC_V28=27.74505615234375
THERMAL_SENS_OUT_1=26
THERMAL_SENS_OUT_2=-50
THERMAL_SENS_OUT_3=25
THERMAL_SENS_OUT_4=26
THERMAL_SENS_OUT_5=32
THERMAL_SENS_OUT_6=-50
THERMAL_SENS_INT_1=24
THERMAL_SENS_INT_2=25
PG_5=0
PG_9=0
PG_12=0
FLT_P2=0
FLT_P3=0
HEAT_1_TEMP=26
HEAT_1_DUTY=0
HEAT_1_SP=-20.0
HEAT_2_TEMP=25
HEAT_2_DUTY=0
HEAT_2_SP=-20.0
HEAT_3_TEMP=26
HEAT_3_DUTY=0
HEAT_3_SP=-20.0
HEAT_4_TEMP=32
HEAT_4_DUTY=0
HEAT_4_SP=-20.0
MOTOR_ANGLE=-0.0003779069767441861
MOTOR_ACCUM=-0.0003779069767441861
MOTOR_ROT=0
TS=1786201634.548
V_SENSE5=0.8740234375
V_SENSE9=0.03662109375
V_SENSE12=0.10498046875
ADC_V5=5.01800537109375
ADC_V9=9.3634033203125
ADC_V12=11.58477783203125
ADC_V28=27.79815673828125
THERMAL_SENS_OUT_1=31
THERMAL_SENS_OUT_2=-50
THERMAL_SENS_OUT_3=25
THERMAL_SENS_OUT_4=29
THERMAL_SENS_OUT_5=27
THERMAL_SENS_OUT_6=-50
THERMAL_SENS_INT_1=22
THERMAL_SENS_INT_2=28
PG_5=0
PG_9=0
PG_12=0
FLT_P2=0
FLT_P3=0
HEAT_1_TEMP=31
HEAT_1_DUTY=0
HEAT_1_SP=-20.0
HEAT_2_TEMP=25
HEAT_2_DUTY=0
HEAT_2_SP=-20.0
HEAT_3_TEMP=29
HEAT_3_DUTY=0
HEAT_3_SP=-20.0
HEAT_4_TEMP=27
HEAT_4_DUTY=0
HEAT_4_SP=-20.0
MOTOR_ANGLE=-0.0003779069767441861
MOTOR_ACCUM=-0.0003779069767441861
MOTOR_ROT=0

[16:16:48.421 EBOX]
TS=1786201635.052
V_SENSE5=0.8544921875
V_SENSE9=0.0341796875
V_SENSE12=0.10009765625
ADC_V5=4.96490478515625
ADC_V9=9.2218017578125
ADC_V12=11.90338134765625
ADC_V28=27.9840087890625
THERMAL_SENS_OUT_1=26
THERMAL_SENS_OUT_2=-50
THERMAL_SENS_OUT_3=28
THERMAL_SENS_OUT_4=25
THERMAL_SENS_OUT_5=27
THERMAL_SENS_OUT_6=-50
THERMAL_SENS_INT_1=25
THERMAL_SENS_INT_2=26
PG_5=0
PG_9=0
PG_12=0
FLT_P2=0
FLT_P3=0
HEAT_1_TEMP=26
HEAT_1_DUTY=0
HEAT_1_SP=-20.0
HEAT_2_TEMP=28
HEAT_2_DUTY=0
HEAT_2_SP=-20.0
HEAT_3_TEMP=25
HEAT_3_DUTY=0
HEAT_3_SP=-20.0
HEAT_4_TEMP=27
HEAT_4_DUTY=0
HEAT_4_SP=-20.0
MOTOR_ANGLE=-0.0003779069767441861
MOTOR_ACCUM=-0.0003779069767441861
MOTOR_ROT=0

[16:16:48.846 EBOX]
TS=1786201635.553
V_SENSE5=0.86669921875
V_SENSE9=0.0341796875
V_SENSE12=0.11474609375
ADC_V5=4.96490478515625
ADC_V9=9.17755126953125
ADC_V12=11.62017822265625
ADC_V28=27.35565185546875
THERMAL_SENS_OUT_1=25
THERMAL_SENS_OUT_2=-50
THERMAL_SENS_OUT_3=26
THERMAL_SENS_OUT_4=24
THERMAL_SENS_OUT_5=30
THERMAL_SENS_OUT_6=-50
THERMAL_SENS_INT_1=28
THERMAL_SENS_INT_2=26
PG_5=0
PG_9=0
PG_12=0
FLT_P2=0
FLT_P3=0
HEAT_1_TEMP=25
HEAT_1_DUTY=0
HEAT_1_SP=-20.0
HEAT_2_TEMP=26
HEAT_2_DUTY=0
HEAT_2_SP=-20.0
HEAT_3_TEMP=24
HEAT_3_DUTY=0
HEAT_3_SP=-20.0
HEAT_4_TEMP=30
HEAT_4_DUTY=0
HEAT_4_SP=-20.0
MOTOR_ANGLE=-0.0003779069767441861
MOTOR_ACCUM=-0.0003779069767441861
MOTOR_ROT=0

[16:16:49.370 EBOX]
TS=1786201636.054
V_SENSE5=0.859375
V_SENSE9=0.07568359375
V_SENSE12=0.107421875
ADC_V5=4.92950439453125
ADC_V9=9.3280029296875
ADC_V12=11.79718017578125
ADC_V28=27.3468017578125
THERMAL_SENS_OUT_1=24
THERMAL_SENS_OUT_2=-50
THERMAL_SENS_OUT_3=26
THERMAL_SENS_OUT_4=24
THERMAL_SENS_OUT_5=29
THERMAL_SENS_OUT_6=-50
THERMAL_SENS_INT_1=25
THERMAL_SENS_INT_2=29
PG_5=0
PG_9=0
PG_12=0
FLT_P2=0
FLT_P3=0
HEAT_1_TEMP=24
HEAT_1_DUTY=0
HEAT_1_SP=-20.0
HEAT_2_TEMP=26
HEAT_2_DUTY=0
HEAT_2_SP=-20.0
HEAT_3_TEMP=24
HEAT_3_DUTY=0
HEAT_3_SP=-20.0
HEAT_4_TEMP=29
HEAT_4_DUTY=0
HEAT_4_SP=-20.0
MOTOR_ANGLE=-0.0003779069767441861
MOTOR_ACCUM=-0.0003779069767441861
MOTOR_ROT=0

[16:16:50.197 EBOX]
TS=1786201636.557
V_SENSE5=0.8740234375
V_SENSE9=0.0341796875
V_SENSE12=0.107421875
ADC_V5=4.8675537109375
ADC_V9=8.98284912109375
ADC_V12=11.93878173828125
ADC_V28=27.24945068359375
THERMAL_SENS_OUT_1=25
THERMAL_SENS_OUT_2=-50
THERMAL_SENS_OUT_3=27
THERMAL_SENS_OUT_4=25
THERMAL_SENS_OUT_5=28
THERMAL_SENS_OUT_6=-50
THERMAL_SENS_INT_1=24
THERMAL_SENS_INT_2=25
PG_5=0
PG_9=0
PG_12=0
FLT_P2=0
FLT_P3=0
HEAT_1_TEMP=25
HEAT_1_DUTY=0
HEAT_1_SP=-20.0
HEAT_2_TEMP=27
HEAT_2_DUTY=0
HEAT_2_SP=-20.0
HEAT_3_TEMP=25
HEAT_3_DUTY=0
HEAT_3_SP=-20.0
HEAT_4_TEMP=28
HEAT_4_DUTY=0
HEAT_4_SP=-20.0
MOTOR_ANGLE=-0.0003779069767441861
MOTOR_ACCUM=-0.0003779069767441861
MOTOR_ROT=0

[16:16:50.320 EBOX]
TS=1786201637.058
V_SENSE5=0.84228515625
V_SENSE9=0.03173828125
V_SENSE12=0.1806640625
ADC_V5=5.08880615234375
ADC_V9=9.35455322265625
ADC_V12=11.9476318359375
ADC_V28=27.42645263671875
THERMAL_SENS_OUT_1=25
THERMAL_SENS_OUT_2=-50
THERMAL_SENS_OUT_3=26
THERMAL_SENS_OUT_4=24
THERMAL_SENS_OUT_5=26
THERMAL_SENS_OUT_6=-50
THERMAL_SENS_INT_1=28
THERMAL_SENS_INT_2=25
PG_5=0
PG_9=0
PG_12=0
FLT_P2=0
FLT_P3=0
HEAT_1_TEMP=25
HEAT_1_DUTY=0
HEAT_1_SP=-20.0
HEAT_2_TEMP=26
HEAT_2_DUTY=0
HEAT_2_SP=-20.0
HEAT_3_TEMP=24
HEAT_3_DUTY=0
HEAT_3_SP=-20.0
HEAT_4_TEMP=26
HEAT_4_DUTY=0
HEAT_4_SP=-20.0
MOTOR_ANGLE=-0.0003779069767441861
MOTOR_ACCUM=-0.0003779069767441861
MOTOR_ROT=0

[16:16:50.846 EBOX]
TS=1786201637.557
V_SENSE5=0.869140625
V_SENSE9=0.0537109375
V_SENSE12=0.1025390625
ADC_V5=4.91180419921875
ADC_V9=9.28375244140625
ADC_V12=11.5936279296875
ADC_V28=27.6300048828125
THERMAL_SENS_OUT_1=26
THERMAL_SENS_OUT_2=-50
THERMAL_SENS_OUT_3=27
THERMAL_SENS_OUT_4=29
THERMAL_SENS_OUT_5=28
THERMAL_SENS_OUT_6=-50
THERMAL_SENS_INT_1=23
THERMAL_SENS_INT_2=27
PG_5=0
PG_9=0
PG_12=0
FLT_P2=0
FLT_P3=0
HEAT_1_TEMP=26
HEAT_1_DUTY=0
HEAT_1_SP=-20.0
HEAT_2_TEMP=27
HEAT_2_DUTY=0
HEAT_2_SP=-20.0
HEAT_3_TEMP=29
HEAT_3_DUTY=0
HEAT_3_SP=-20.0
HEAT_4_TEMP=28
HEAT_4_DUTY=0
HEAT_4_SP=-20.0
MOTOR_ANGLE=-0.0003779069767441861
MOTOR_ACCUM=-0.0003779069767441861
MOTOR_ROT=0

[16:16:51.370 EBOX]
TS=1786201638.053
V_SENSE5=0.92041015625
V_SENSE9=0.0341796875
V_SENSE12=0.1171875
ADC_V5=4.85870361328125
ADC_V9=9.07135009765625
ADC_V12=11.788330078125
ADC_V28=27.74505615234375
THERMAL_SENS_OUT_1=24
THERMAL_SENS_OUT_2=-50
THERMAL_SENS_OUT_3=29
THERMAL_SENS_OUT_4=24
THERMAL_SENS_OUT_5=28
THERMAL_SENS_OUT_6=-50
THERMAL_SENS_INT_1=24
THERMAL_SENS_INT_2=28
PG_5=0
PG_9=0
PG_12=0
FLT_P2=0
FLT_P3=0
HEAT_1_TEMP=24
HEAT_1_DUTY=0
HEAT_1_SP=-20.0
HEAT_2_TEMP=29
HEAT_2_DUTY=0
HEAT_2_SP=-20.0
HEAT_3_TEMP=24
HEAT_3_DUTY=0
HEAT_3_SP=-20.0
HEAT_4_TEMP=28
HEAT_4_DUTY=0
HEAT_4_SP=-20.0
MOTOR_ANGLE=-0.0003779069767441861
MOTOR_ACCUM=-0.0003779069767441861
MOTOR_ROT=0

[16:16:52.198 EBOX]
TS=1786201638.554
V_SENSE5=0.9375
V_SENSE9=0.0390625
V_SENSE12=0.12451171875
ADC_V5=4.96490478515625
ADC_V9=9.47845458984375
ADC_V12=11.7529296875
ADC_V28=27.67425537109375
THERMAL_SENS_OUT_1=26
THERMAL_SENS_OUT_2=-50
THERMAL_SENS_OUT_3=26
THERMAL_SENS_OUT_4=28
THERMAL_SENS_OUT_5=30
THERMAL_SENS_OUT_6=-50
THERMAL_SENS_INT_1=27
THERMAL_SENS_INT_2=25
PG_5=0
PG_9=0
PG_12=0
FLT_P2=0
FLT_P3=0
HEAT_1_TEMP=26
HEAT_1_DUTY=0
HEAT_1_SP=-20.0
HEAT_2_TEMP=26
HEAT_2_DUTY=0
HEAT_2_SP=-20.0
HEAT_3_TEMP=28
HEAT_3_DUTY=0
HEAT_3_SP=-20.0
HEAT_4_TEMP=30
HEAT_4_DUTY=0
HEAT_4_SP=-20.0
MOTOR_ANGLE=-0.0003779069767441861
MOTOR_ACCUM=-0.0003779069767441861
MOTOR_ROT=0

[16:16:52.321 EBOX]
TS=1786201639.056
V_SENSE5=0.92529296875
V_SENSE9=0.0390625
V_SENSE12=0.10498046875
ADC_V5=4.991455078125
ADC_V9=9.3280029296875
ADC_V12=11.74407958984375
ADC_V28=27.74505615234375
THERMAL_SENS_OUT_1=27
THERMAL_SENS_OUT_2=-50
THERMAL_SENS_OUT_3=29
THERMAL_SENS_OUT_4=26
THERMAL_SENS_OUT_5=29
THERMAL_SENS_OUT_6=-50
THERMAL_SENS_INT_1=24
THERMAL_SENS_INT_2=26
PG_5=0
PG_9=0
PG_12=0
FLT_P2=0
FLT_P3=0
HEAT_1_TEMP=27
HEAT_1_DUTY=0
HEAT_1_SP=-20.0
HEAT_2_TEMP=29
HEAT_2_DUTY=0
HEAT_2_SP=-20.0
HEAT_3_TEMP=26
HEAT_3_DUTY=0
HEAT_3_SP=-20.0
HEAT_4_TEMP=29
HEAT_4_DUTY=0
HEAT_4_SP=-20.0
MOTOR_ANGLE=-0.0003779069767441861
MOTOR_ACCUM=-0.0003779069767441861
MOTOR_ROT=0

[16:16:52.848 EBOX]
TS=1786201639.557
V_SENSE5=0.95458984375
V_SENSE9=0.0341796875
V_SENSE12=0.1123046875
ADC_V5=4.9560546875
ADC_V9=9.1510009765625
ADC_V12=11.77947998046875
ADC_V28=27.74505615234375
THERMAL_SENS_OUT_1=28
THERMAL_SENS_OUT_2=-50
THERMAL_SENS_OUT_3=26
THERMAL_SENS_OUT_4=26
THERMAL_SENS_OUT_5=30
THERMAL_SENS_OUT_6=-50
THERMAL_SENS_INT_1=23
THERMAL_SENS_INT_2=28
PG_5=0
PG_9=0
PG_12=0
FLT_P2=0
FLT_P3=0
HEAT_1_TEMP=28
HEAT_1_DUTY=0
HEAT_1_SP=-20.0
HEAT_2_TEMP=26
HEAT_2_DUTY=0
HEAT_2_SP=-20.0
HEAT_3_TEMP=26
HEAT_3_DUTY=0
HEAT_3_SP=-20.0
HEAT_4_TEMP=30
HEAT_4_DUTY=0
HEAT_4_SP=-20.0
MOTOR_ANGLE=-0.0003779069767441861
MOTOR_ACCUM=-0.0003779069767441861
MOTOR_ROT=0

[16:16:53.378 EBOX]
TS=1786201640.072
V_SENSE5=0.83740234375
V_SENSE9=0.04150390625
V_SENSE12=0.107421875
ADC_V5=4.92950439453125
ADC_V9=9.33685302734375
ADC_V12=11.88568115234375
ADC_V28=27.5238037109375
THERMAL_SENS_OUT_1=25
THERMAL_SENS_OUT_2=-50
THERMAL_SENS_OUT_3=29
THERMAL_SENS_OUT_4=26
THERMAL_SENS_OUT_5=31
THERMAL_SENS_OUT_6=-50
THERMAL_SENS_INT_1=27
THERMAL_SENS_INT_2=25
PG_5=0
PG_9=0
PG_12=0
FLT_P2=0
FLT_P3=0
HEAT_1_TEMP=25
HEAT_1_DUTY=0
HEAT_1_SP=-20.0
HEAT_2_TEMP=29
HEAT_2_DUTY=0
HEAT_2_SP=-20.0
HEAT_3_TEMP=26
HEAT_3_DUTY=0
HEAT_3_SP=-20.0
HEAT_4_TEMP=31
HEAT_4_DUTY=0
HEAT_4_SP=-20.0
MOTOR_ANGLE=-0.0003779069767441861
MOTOR_ACCUM=-0.0003779069767441861
MOTOR_ROT=0

[16:16:53.802 EBOX]
TS=1786201640.568
V_SENSE5=0.859375
V_SENSE9=0.04150390625
V_SENSE12=0.11962890625
ADC_V5=5.00030517578125
ADC_V9=9.2218017578125
ADC_V12=11.81488037109375
ADC_V28=27.65655517578125
THERMAL_SENS_OUT_1=23
THERMAL_SENS_OUT_2=-50
THERMAL_SENS_OUT_3=28
THERMAL_SENS_OUT_4=24
THERMAL_SENS_OUT_5=28
THERMAL_SENS_OUT_6=-50
THERMAL_SENS_INT_1=26
THERMAL_SENS_INT_2=26
PG_5=0
PG_9=0
PG_12=0
FLT_P2=0
FLT_P3=0
HEAT_1_TEMP=23
HEAT_1_DUTY=0
HEAT_1_SP=-20.0
HEAT_2_TEMP=28
HEAT_2_DUTY=0
HEAT_2_SP=-20.0
HEAT_3_TEMP=24
HEAT_3_DUTY=0
HEAT_3_SP=-20.0
HEAT_4_TEMP=28
HEAT_4_DUTY=0
HEAT_4_SP=-20.0
MOTOR_ANGLE=-0.0003779069767441861
MOTOR_ACCUM=-0.0003779069767441861
MOTOR_ROT=0

[16:16:54.329 EBOX]
TS=1786201641.069
V_SENSE5=0.89111328125
V_SENSE9=0.0341796875
V_SENSE12=0.15380859375
ADC_V5=4.87640380859375
ADC_V9=9.27490234375
ADC_V12=11.82373046875
ADC_V28=27.74505615234375
THERMAL_SENS_OUT_1=29
THERMAL_SENS_OUT_2=-50
THERMAL_SENS_OUT_3=26
THERMAL_SENS_OUT_4=26
THERMAL_SENS_OUT_5=28
THERMAL_SENS_OUT_6=-50
THERMAL_SENS_INT_1=25
THERMAL_SENS_INT_2=29
PG_5=0
PG_9=0
PG_12=0
FLT_P2=0
FLT_P3=0
HEAT_1_TEMP=29
HEAT_1_DUTY=0
HEAT_1_SP=-20.0
HEAT_2_TEMP=26
HEAT_2_DUTY=0
HEAT_2_SP=-20.0
HEAT_3_TEMP=26
HEAT_3_DUTY=0
HEAT_3_SP=-20.0
HEAT_4_TEMP=28
HEAT_4_DUTY=0
HEAT_4_SP=-20.0
MOTOR_ANGLE=-0.0003779069767441861
MOTOR_ACCUM=-0.0003779069767441861
MOTOR_ROT=0

[16:16:54.855 EBOX]
TS=1786201641.571
V_SENSE5=0.8642578125
V_SENSE9=0.09521484375
V_SENSE12=0.087890625
ADC_V5=4.991455078125
ADC_V9=9.35455322265625
ADC_V12=11.8414306640625
ADC_V28=27.78045654296875
THERMAL_SENS_OUT_1=26
THERMAL_SENS_OUT_2=-50
THERMAL_SENS_OUT_3=26
THERMAL_SENS_OUT_4=27
THERMAL_SENS_OUT_5=26
THERMAL_SENS_OUT_6=-50
THERMAL_SENS_INT_1=23
THERMAL_SENS_INT_2=25
PG_5=0
PG_9=0
PG_12=0
FLT_P2=0
FLT_P3=0
HEAT_1_TEMP=26
HEAT_1_DUTY=0
HEAT_1_SP=-20.0
HEAT_2_TEMP=26
HEAT_2_DUTY=0
HEAT_2_SP=-20.0
HEAT_3_TEMP=27
HEAT_3_DUTY=0
HEAT_3_SP=-20.0
HEAT_4_TEMP=26
HEAT_4_DUTY=0
HEAT_4_SP=-20.0
MOTOR_ANGLE=-0.0003779069767441861
MOTOR_ACCUM=-0.0003779069767441861
MOTOR_ROT=0

[16:16:55.383 EBOX]
TS=1786201642.073
V_SENSE5=0.87646484375
V_SENSE9=0.0390625
V_SENSE12=0.10986328125
ADC_V5=4.9383544921875
ADC_V9=8.91204833984375
ADC_V12=11.575927734375
ADC_V28=27.17864990234375
THERMAL_SENS_OUT_1=24
THERMAL_SENS_OUT_2=-50
THERMAL_SENS_OUT_3=30
THERMAL_SENS_OUT_4=27
THERMAL_SENS_OUT_5=30
THERMAL_SENS_OUT_6=-50
THERMAL_SENS_INT_1=24
THERMAL_SENS_INT_2=25
PG_5=0
PG_9=0
PG_12=0
FLT_P2=0
FLT_P3=0
HEAT_1_TEMP=24
HEAT_1_DUTY=0
HEAT_1_SP=-20.0
HEAT_2_TEMP=30
HEAT_2_DUTY=0
HEAT_2_SP=-20.0
HEAT_3_TEMP=27
HEAT_3_DUTY=0
HEAT_3_SP=-20.0
HEAT_4_TEMP=30
HEAT_4_DUTY=0
HEAT_4_SP=-20.0
MOTOR_ANGLE=-0.0003779069767441861
MOTOR_ACCUM=-0.0003779069767441861
MOTOR_ROT=0

[16:16:55.909 EBOX]
TS=1786201642.566
V_SENSE5=0.9033203125
V_SENSE9=0.0341796875
V_SENSE12=0.11962890625
ADC_V5=4.88525390625
ADC_V9=9.46075439453125
ADC_V12=11.65557861328125
ADC_V28=27.8424072265625
THERMAL_SENS_OUT_1=27
THERMAL_SENS_OUT_2=-50
THERMAL_SENS_OUT_3=26
THERMAL_SENS_OUT_4=24
THERMAL_SENS_OUT_5=31
THERMAL_SENS_OUT_6=-50
THERMAL_SENS_INT_1=26
THERMAL_SENS_INT_2=25
PG_5=0
PG_9=0
PG_12=0
FLT_P2=0
FLT_P3=0
HEAT_1_TEMP=27
HEAT_1_DUTY=0
HEAT_1_SP=-20.0
HEAT_2_TEMP=26
HEAT_2_DUTY=0
HEAT_2_SP=-20.0
HEAT_3_TEMP=24
HEAT_3_DUTY=0
HEAT_3_SP=-20.0
HEAT_4_TEMP=31
HEAT_4_DUTY=0
HEAT_4_SP=-20.0
MOTOR_ANGLE=-0.0003779069767441861
MOTOR_ACCUM=-0.0003779069767441861
MOTOR_ROT=0

[16:16:56.349 EBOX]
TS=1786201643.168
V_SENSE5=0.9375
V_SENSE9=0.06591796875
V_SENSE12=0.11474609375
ADC_V5=4.9737548828125
ADC_V9=9.522705078125
ADC_V12=11.70867919921875
ADC_V28=27.97515869140625
THERMAL_SENS_OUT_1=24
THERMAL_SENS_OUT_2=-50
THERMAL_SENS_OUT_3=27
THERMAL_SENS_OUT_4=29
THERMAL_SENS_OUT_5=28
THERMAL_SENS_OUT_6=-50
THERMAL_SENS_INT_1=25
THERMAL_SENS_INT_2=29
PG_5=0
PG_9=0
PG_12=0
FLT_P2=0
FLT_P3=0
HEAT_1_TEMP=24
HEAT_1_DUTY=0
HEAT_1_SP=-20.0
HEAT_2_TEMP=27
HEAT_2_DUTY=0
HEAT_2_SP=-20.0
HEAT_3_TEMP=29
HEAT_3_DUTY=0
HEAT_3_SP=-20.0
HEAT_4_TEMP=28
HEAT_4_DUTY=0
HEAT_4_SP=-20.0
MOTOR_ANGLE=-0.0003779069767441861
MOTOR_ACCUM=-0.0003779069767441861
MOTOR_ROT=0

[16:16:57.194 EBOX]
TS=1786201643.669
V_SENSE5=0.8984375
V_SENSE9=0.07568359375
V_SENSE12=0.0927734375
ADC_V5=4.94720458984375
ADC_V9=9.19525146484375
ADC_V12=11.8414306640625
ADC_V28=27.62115478515625
THERMAL_SENS_OUT_1=25
THERMAL_SENS_OUT_2=-50
THERMAL_SENS_OUT_3=26
THERMAL_SENS_OUT_4=28
THERMAL_SENS_OUT_5=27
THERMAL_SENS_OUT_6=-50
THERMAL_SENS_INT_1=25
THERMAL_SENS_INT_2=28
PG_5=0
PG_9=0
PG_12=0
FLT_P2=0
FLT_P3=0
HEAT_1_TEMP=25
HEAT_1_DUTY=0
HEAT_1_SP=-20.0
HEAT_2_TEMP=26
HEAT_2_DUTY=0
HEAT_2_SP=-20.0
HEAT_3_TEMP=28
HEAT_3_DUTY=0
HEAT_3_SP=-20.0
HEAT_4_TEMP=27
HEAT_4_DUTY=0
HEAT_4_SP=-20.0
MOTOR_ANGLE=-0.0003779069767441861
MOTOR_ACCUM=-0.0003779069767441861
MOTOR_ROT=0

[16:16:57.426 EBOX]
TS=1786201644.170
V_SENSE5=0.9033203125
V_SENSE9=0.0390625
V_SENSE12=0.1123046875
ADC_V5=4.96490478515625
ADC_V9=9.0802001953125
ADC_V12=11.717529296875
ADC_V28=27.8070068359375
THERMAL_SENS_OUT_1=27
THERMAL_SENS_OUT_2=-50
THERMAL_SENS_OUT_3=29
THERMAL_SENS_OUT_4=28
THERMAL_SENS_OUT_5=27
THERMAL_SENS_OUT_6=-50
THERMAL_SENS_INT_1=26
THERMAL_SENS_INT_2=28
PG_5=0
PG_9=0
PG_12=0
FLT_P2=0
FLT_P3=0
HEAT_1_TEMP=27
HEAT_1_DUTY=0
HEAT_1_SP=-20.0
HEAT_2_TEMP=29
HEAT_2_DUTY=0
HEAT_2_SP=-20.0
HEAT_3_TEMP=28
HEAT_3_DUTY=0
HEAT_3_SP=-20.0
HEAT_4_TEMP=27
HEAT_4_DUTY=0
HEAT_4_SP=-20.0
MOTOR_ANGLE=-0.0003779069767441861
MOTOR_ACCUM=-0.0003779069767441861
MOTOR_ROT=0

[16:16:57.857 EBOX]
TS=1786201644.580
V_SENSE5=0.849609375
V_SENSE9=0.0390625
V_SENSE12=0.09521484375
ADC_V5=4.85870361328125
ADC_V9=9.027099609375
ADC_V12=11.7352294921875
ADC_V28=27.99285888671875
THERMAL_SENS_OUT_1=29
THERMAL_SENS_OUT_2=-50
THERMAL_SENS_OUT_3=29
THERMAL_SENS_OUT_4=26
THERMAL_SENS_OUT_5=26
THERMAL_SENS_OUT_6=-50
THERMAL_SENS_INT_1=26
THERMAL_SENS_INT_2=26
PG_5=0
PG_9=0
PG_12=0
FLT_P2=0
FLT_P3=0
HEAT_1_TEMP=29
HEAT_1_DUTY=0
HEAT_1_SP=-20.0
HEAT_2_TEMP=29
HEAT_2_DUTY=0
HEAT_2_SP=-20.0
HEAT_3_TEMP=26
HEAT_3_DUTY=0
HEAT_3_SP=-20.0
HEAT_4_TEMP=26
HEAT_4_DUTY=0
HEAT_4_SP=-20.0
MOTOR_ANGLE=-0.0003779069767441861
MOTOR_ACCUM=-0.0003779069767441861
MOTOR_ROT=0

[16:16:58.385 EBOX]
TS=1786201645.179
V_SENSE5=0.8544921875
V_SENSE9=0.0341796875
V_SENSE12=0.09033203125
ADC_V5=4.96490478515625
ADC_V9=9.10675048828125
ADC_V12=11.5936279296875
ADC_V28=27.6300048828125
THERMAL_SENS_OUT_1=27
THERMAL_SENS_OUT_2=-50
THERMAL_SENS_OUT_3=27
THERMAL_SENS_OUT_4=24
THERMAL_SENS_OUT_5=28
THERMAL_SENS_OUT_6=-50
THERMAL_SENS_INT_1=25
THERMAL_SENS_INT_2=27
PG_5=0
PG_9=0
PG_12=0
FLT_P2=0
FLT_P3=0
HEAT_1_TEMP=27
HEAT_1_DUTY=0
HEAT_1_SP=-20.0
HEAT_2_TEMP=27
HEAT_2_DUTY=0
HEAT_2_SP=-20.0
HEAT_3_TEMP=24
HEAT_3_DUTY=0
HEAT_3_SP=-20.0
HEAT_4_TEMP=28
HEAT_4_DUTY=0
HEAT_4_SP=-20.0
MOTOR_ANGLE=-0.0003779069767441861
MOTOR_ACCUM=-0.0003779069767441861
MOTOR_ROT=0

[16:16:58.847 EBOX]
TS=1786201645.682
V_SENSE5=0.8349609375
V_SENSE9=0.0390625
V_SENSE12=0.11474609375
ADC_V5=4.85870361328125
ADC_V9=9.49615478515625
ADC_V12=11.929931640625
ADC_V28=27.58575439453125
THERMAL_SENS_OUT_1=24
THERMAL_SENS_OUT_2=-50
THERMAL_SENS_OUT_3=31
THERMAL_SENS_OUT_4=26
THERMAL_SENS_OUT_5=30
THERMAL_SENS_OUT_6=-50
THERMAL_SENS_INT_1=28
THERMAL_SENS_INT_2=27
PG_5=0
PG_9=0
PG_12=0
FLT_P2=0
FLT_P3=0
HEAT_1_TEMP=24
HEAT_1_DUTY=0
HEAT_1_SP=-20.0
HEAT_2_TEMP=31
HEAT_2_DUTY=0
HEAT_2_SP=-20.0
HEAT_3_TEMP=26
HEAT_3_DUTY=0
HEAT_3_SP=-20.0
HEAT_4_TEMP=30
HEAT_4_DUTY=0
HEAT_4_SP=-20.0
MOTOR_ANGLE=-0.0003779069767441861
MOTOR_ACCUM=-0.0003779069767441861
MOTOR_ROT=0

[16:16:59.384 EBOX]
TS=1786201646.182
V_SENSE5=0.888671875
V_SENSE9=0.0341796875
V_SENSE12=0.107421875
ADC_V5=4.9383544921875
ADC_V9=9.310302734375
ADC_V12=11.56707763671875
ADC_V28=27.62115478515625
THERMAL_SENS_OUT_1=28
THERMAL_SENS_OUT_2=-50
THERMAL_SENS_OUT_3=30
THERMAL_SENS_OUT_4=25
THERMAL_SENS_OUT_5=27
THERMAL_SENS_OUT_6=-50
THERMAL_SENS_INT_1=23
THERMAL_SENS_INT_2=24
PG_5=0
PG_9=0
PG_12=0
FLT_P2=0
FLT_P3=0
HEAT_1_TEMP=28
HEAT_1_DUTY=0
HEAT_1_SP=-20.0
HEAT_2_TEMP=30
HEAT_2_DUTY=0
HEAT_2_SP=-20.0
HEAT_3_TEMP=25
HEAT_3_DUTY=0
HEAT_3_SP=-20.0
HEAT_4_TEMP=27
HEAT_4_DUTY=0
HEAT_4_SP=-20.0
MOTOR_ANGLE=-0.0003779069767441861
MOTOR_ACCUM=-0.0003779069767441861
MOTOR_ROT=0

[16:16:59.909 EBOX]
TS=1786201646.678
V_SENSE5=0.91064453125
V_SENSE9=0.0390625
V_SENSE12=0.1171875
ADC_V5=4.9737548828125
ADC_V9=9.05364990234375
ADC_V12=11.74407958984375
ADC_V28=27.789306640625
THERMAL_SENS_OUT_1=25
THERMAL_SENS_OUT_2=-50
THERMAL_SENS_OUT_3=26
THERMAL_SENS_OUT_4=27
THERMAL_SENS_OUT_5=27
THERMAL_SENS_OUT_6=-50
THERMAL_SENS_INT_1=27
THERMAL_SENS_INT_2=25
PG_5=0
PG_9=0
PG_12=0
FLT_P2=0
FLT_P3=0
HEAT_1_TEMP=25
HEAT_1_DUTY=0
HEAT_1_SP=-20.0
HEAT_2_TEMP=26
HEAT_2_DUTY=0
HEAT_2_SP=-20.0
HEAT_3_TEMP=27
HEAT_3_DUTY=0
HEAT_3_SP=-20.0
HEAT_4_TEMP=27
HEAT_4_DUTY=0
HEAT_4_SP=-20.0
MOTOR_ANGLE=-0.0003779069767441861
MOTOR_ACCUM=-0.0003779069767441861
MOTOR_ROT=0

[16:17:00.396 EBOX]
TS=1786201647.179
V_SENSE5=0.9130859375
V_SENSE9=0.07568359375
V_SENSE12=0.10009765625
ADC_V5=4.9737548828125
ADC_V9=9.49615478515625
ADC_V12=11.85028076171875
ADC_V28=27.32025146484375
THERMAL_SENS_OUT_1=23
THERMAL_SENS_OUT_2=-50
THERMAL_SENS_OUT_3=30
THERMAL_SENS_OUT_4=23
THERMAL_SENS_OUT_5=30
THERMAL_SENS_OUT_6=-50
THERMAL_SENS_INT_1=23
THERMAL_SENS_INT_2=27
PG_5=0
PG_9=0
PG_12=0
FLT_P2=0
FLT_P3=0
HEAT_1_TEMP=23
HEAT_1_DUTY=0
HEAT_1_SP=-20.0
HEAT_2_TEMP=30
HEAT_2_DUTY=0
HEAT_2_SP=-20.0
HEAT_3_TEMP=23
HEAT_3_DUTY=0
HEAT_3_SP=-20.0
HEAT_4_TEMP=30
HEAT_4_DUTY=0
HEAT_4_SP=-20.0
MOTOR_ANGLE=-0.0003779069767441861
MOTOR_ACCUM=-0.0003779069767441861
MOTOR_ROT=0

[16:17:00.921 EBOX]
TS=1786201647.680
V_SENSE5=0.92041015625
V_SENSE9=0.03662109375
V_SENSE12=0.1025390625
ADC_V5=4.96490478515625
ADC_V9=9.27490234375
ADC_V12=11.646728515625
ADC_V28=27.4884033203125
THERMAL_SENS_OUT_1=24
THERMAL_SENS_OUT_2=-50
THERMAL_SENS_OUT_3=28
THERMAL_SENS_OUT_4=28
THERMAL_SENS_OUT_5=27
THERMAL_SENS_OUT_6=-50
THERMAL_SENS_INT_1=25
THERMAL_SENS_INT_2=28
PG_5=0
PG_9=0
PG_12=0
FLT_P2=0
FLT_P3=0
HEAT_1_TEMP=24
HEAT_1_DUTY=0
HEAT_1_SP=-20.0
HEAT_2_TEMP=28
HEAT_2_DUTY=0
HEAT_2_SP=-20.0
HEAT_3_TEMP=28
HEAT_3_DUTY=0
HEAT_3_SP=-20.0
HEAT_4_TEMP=27
HEAT_4_DUTY=0
HEAT_4_SP=-20.0
MOTOR_ANGLE=-0.0003779069767441861
MOTOR_ACCUM=-0.0003779069767441861
MOTOR_ROT=0

[16:17:01.448 EBOX]
TS=1786201648.181
V_SENSE5=0.90576171875
V_SENSE9=0.03662109375
V_SENSE12=0.1123046875
ADC_V5=4.991455078125
ADC_V9=9.027099609375
ADC_V12=11.76177978515625
ADC_V28=27.53265380859375
THERMAL_SENS_OUT_1=24
THERMAL_SENS_OUT_2=-50
THERMAL_SENS_OUT_3=29
THERMAL_SENS_OUT_4=26
THERMAL_SENS_OUT_5=29
THERMAL_SENS_OUT_6=-50
THERMAL_SENS_INT_1=25
THERMAL_SENS_INT_2=26
PG_5=0
PG_9=0
PG_12=0
FLT_P2=0
FLT_P3=0
HEAT_1_TEMP=24
HEAT_1_DUTY=0
HEAT_1_SP=-20.0
HEAT_2_TEMP=29
HEAT_2_DUTY=0
HEAT_2_SP=-20.0
HEAT_3_TEMP=26
HEAT_3_DUTY=0
HEAT_3_SP=-20.0
HEAT_4_TEMP=29
HEAT_4_DUTY=0
HEAT_4_SP=-20.0
MOTOR_ANGLE=-0.0003779069767441861
MOTOR_ACCUM=-0.0003779069767441861
MOTOR_ROT=0

[16:17:01.974 EBOX]
TS=1786201648.691
V_SENSE5=0.8544921875
V_SENSE9=0.0390625
V_SENSE12=0.107421875
ADC_V5=4.98260498046875
ADC_V9=9.30145263671875
ADC_V12=11.90338134765625
ADC_V28=27.72735595703125
THERMAL_SENS_OUT_1=25
THERMAL_SENS_OUT_2=-50
THERMAL_SENS_OUT_3=26
THERMAL_SENS_OUT_4=29
THERMAL_SENS_OUT_5=27
THERMAL_SENS_OUT_6=-50
THERMAL_SENS_INT_1=24
THERMAL_SENS_INT_2=25
PG_5=0
PG_9=0
PG_12=0
FLT_P2=0
FLT_P3=0
HEAT_1_TEMP=25
HEAT_1_DUTY=0
HEAT_1_SP=-20.0
HEAT_2_TEMP=26
HEAT_2_DUTY=0
HEAT_2_SP=-20.0
HEAT_3_TEMP=29
HEAT_3_DUTY=0
HEAT_3_SP=-20.0
HEAT_4_TEMP=27
HEAT_4_DUTY=0
HEAT_4_SP=-20.0
MOTOR_ANGLE=-0.0003779069767441861
MOTOR_ACCUM=-0.0003779069767441861
MOTOR_ROT=0

[16:17:02.399 EBOX]
TS=1786201649.193
V_SENSE5=0.85205078125
V_SENSE9=0.03173828125
V_SENSE12=0.12451171875
ADC_V5=4.88525390625
ADC_V9=9.0802001953125
ADC_V12=11.72637939453125
ADC_V28=27.8778076171875
THERMAL_SENS_OUT_1=25
THERMAL_SENS_OUT_2=-50
THERMAL_SENS_OUT_3=28
THERMAL_SENS_OUT_4=28
THERMAL_SENS_OUT_5=27
THERMAL_SENS_OUT_6=-50
THERMAL_SENS_INT_1=24
THERMAL_SENS_INT_2=24
PG_5=0
PG_9=0
PG_12=0
FLT_P2=0
FLT_P3=0
HEAT_1_TEMP=25
HEAT_1_DUTY=0
HEAT_1_SP=-20.0
HEAT_2_TEMP=28
HEAT_2_DUTY=0
HEAT_2_SP=-20.0
HEAT_3_TEMP=28
HEAT_3_DUTY=0
HEAT_3_SP=-20.0
HEAT_4_TEMP=27
HEAT_4_DUTY=0
HEAT_4_SP=-20.0
MOTOR_ANGLE=-0.0003779069767441861
MOTOR_ACCUM=-0.0003779069767441861
MOTOR_ROT=0

[16:17:02.941 EBOX]
TS=1786201649.690
V_SENSE5=0.85693359375
V_SENSE9=0.03662109375
V_SENSE12=0.10986328125
ADC_V5=4.991455078125
ADC_V9=9.451904296875
ADC_V12=11.81488037109375
ADC_V28=27.2760009765625
THERMAL_SENS_OUT_1=25
THERMAL_SENS_OUT_2=-50
THERMAL_SENS_OUT_3=30
THERMAL_SENS_OUT_4=24
THERMAL_SENS_OUT_5=30
THERMAL_SENS_OUT_6=-50
THERMAL_SENS_INT_1=24
THERMAL_SENS_INT_2=24
PG_5=0
PG_9=0
PG_12=0
FLT_P2=0
FLT_P3=0
HEAT_1_TEMP=25
HEAT_1_DUTY=0
HEAT_1_SP=-20.0
HEAT_2_TEMP=30
HEAT_2_DUTY=0
HEAT_2_SP=-20.0
HEAT_3_TEMP=24
HEAT_3_DUTY=0
HEAT_3_SP=-20.0
HEAT_4_TEMP=30
HEAT_4_DUTY=0
HEAT_4_SP=-20.0
MOTOR_ANGLE=-0.0003779069767441861
MOTOR_ACCUM=-0.0003779069767441861
MOTOR_ROT=0

[16:17:03.688 EBOX]
TS=1786201650.194
V_SENSE5=0.8544921875
V_SENSE9=0.0341796875
V_SENSE12=0.12939453125
ADC_V5=5.00030517578125
ADC_V9=9.31915283203125
ADC_V12=11.9476318359375
ADC_V28=27.12554931640625
THERMAL_SENS_OUT_1=25
THERMAL_SENS_OUT_2=-50
THERMAL_SENS_OUT_3=26
THERMAL_SENS_OUT_4=27
THERMAL_SENS_OUT_5=30
THERMAL_SENS_OUT_6=-50
THERMAL_SENS_INT_1=24
THERMAL_SENS_INT_2=24
PG_5=0
PG_9=0
PG_12=0
FLT_P2=0
FLT_P3=0
HEAT_1_TEMP=25
HEAT_1_DUTY=0
HEAT_1_SP=-20.0
HEAT_2_TEMP=26
HEAT_2_DUTY=0
HEAT_2_SP=-20.0
HEAT_3_TEMP=27
HEAT_3_DUTY=0
HEAT_3_SP=-20.0
HEAT_4_TEMP=30
HEAT_4_DUTY=0
HEAT_4_SP=-20.0
MOTOR_ANGLE=-0.0003779069767441861
MOTOR_ACCUM=-0.0003779069767441861
MOTOR_ROT=0

[16:17:04.267 EBOX]
TS=1786201650.693
V_SENSE5=0.859375
V_SENSE9=0.0390625
V_SENSE12=0.1318359375
ADC_V5=5.0091552734375
ADC_V9=8.98284912109375
ADC_V12=11.788330078125
ADC_V28=27.4884033203125
THERMAL_SENS_OUT_1=26
THERMAL_SENS_OUT_2=-50
THERMAL_SENS_OUT_3=30
THERMAL_SENS_OUT_4=25
THERMAL_SENS_OUT_5=26
THERMAL_SENS_OUT_6=-50
THERMAL_SENS_INT_1=28
THERMAL_SENS_INT_2=24
PG_5=0
PG_9=0
PG_12=0
FLT_P2=0
FLT_P3=0
HEAT_1_TEMP=26
HEAT_1_DUTY=0
HEAT_1_SP=-20.0
HEAT_2_TEMP=30
HEAT_2_DUTY=0
HEAT_2_SP=-20.0
HEAT_3_TEMP=25
HEAT_3_DUTY=0
HEAT_3_SP=-20.0
HEAT_4_TEMP=26
HEAT_4_DUTY=0
HEAT_4_SP=-20.0
MOTOR_ANGLE=-0.0003779069767441861
MOTOR_ACCUM=-0.0003779069767441861
MOTOR_ROT=0

[16:17:04.404 EBOX]
TS=1786201651.196
V_SENSE5=0.89599609375
V_SENSE9=0.03662109375
V_SENSE12=0.107421875
ADC_V5=4.96490478515625
ADC_V9=9.239501953125
ADC_V12=11.76177978515625
ADC_V28=27.14324951171875
THERMAL_SENS_OUT_1=25
THERMAL_SENS_OUT_2=-50
THERMAL_SENS_OUT_3=27
THERMAL_SENS_OUT_4=26
THERMAL_SENS_OUT_5=31
THERMAL_SENS_OUT_6=-50
THERMAL_SENS_INT_1=25
THERMAL_SENS_INT_2=29
PG_5=0
PG_9=0
PG_12=0
FLT_P2=0
FLT_P3=0
HEAT_1_TEMP=25
HEAT_1_DUTY=0
HEAT_1_SP=-20.0
HEAT_2_TEMP=27
HEAT_2_DUTY=0
HEAT_2_SP=-20.0
HEAT_3_TEMP=26
HEAT_3_DUTY=0
HEAT_3_SP=-20.0
HEAT_4_TEMP=31
HEAT_4_DUTY=0
HEAT_4_SP=-20.0
MOTOR_ANGLE=-0.0003779069767441861
MOTOR_ACCUM=-0.0003779069767441861
MOTOR_ROT=0

[16:17:05.235 EBOX]
TS=1786201651.692
V_SENSE5=0.92529296875
V_SENSE9=0.03662109375
V_SENSE12=0.09765625
ADC_V5=5.00030517578125
ADC_V9=9.10675048828125
ADC_V12=11.8768310546875
ADC_V28=27.3822021484375
THERMAL_SENS_OUT_1=24
THERMAL_SENS_OUT_2=-50
THERMAL_SENS_OUT_3=26
THERMAL_SENS_OUT_4=28
THERMAL_SENS_OUT_5=27
THERMAL_SENS_OUT_6=-50
THERMAL_SENS_INT_1=23
THERMAL_SENS_INT_2=27
PG_5=0
PG_9=0
PG_12=0
FLT_P2=0
FLT_P3=0
HEAT_1_TEMP=24
HEAT_1_DUTY=0
HEAT_1_SP=-20.0
HEAT_2_TEMP=26
HEAT_2_DUTY=0
HEAT_2_SP=-20.0
HEAT_3_TEMP=28
HEAT_3_DUTY=0
HEAT_3_SP=-20.0
HEAT_4_TEMP=27
HEAT_4_DUTY=0
HEAT_4_SP=-20.0
MOTOR_ANGLE=-0.0003779069767441861
MOTOR_ACCUM=-0.0003779069767441861
MOTOR_ROT=0

[16:17:07.479 EBOX]
TS=1786201652.194
V_SENSE5=0.93505859375
V_SENSE9=0.0390625
V_SENSE12=0.10986328125
ADC_V5=5.00030517578125
ADC_V9=9.05364990234375
ADC_V12=11.69097900390625
ADC_V28=27.576904296875
THERMAL_SENS_OUT_1=28
THERMAL_SENS_OUT_2=-50
THERMAL_SENS_OUT_3=25
THERMAL_SENS_OUT_4=26
THERMAL_SENS_OUT_5=29
THERMAL_SENS_OUT_6=-50
THERMAL_SENS_INT_1=26
THERMAL_SENS_INT_2=28
PG_5=0
PG_9=0
PG_12=0
FLT_P2=0
FLT_P3=0
HEAT_1_TEMP=28
HEAT_1_DUTY=0
HEAT_1_SP=-20.0
HEAT_2_TEMP=25
HEAT_2_DUTY=0
HEAT_2_SP=-20.0
HEAT_3_TEMP=26
HEAT_3_DUTY=0
HEAT_3_SP=-20.0
HEAT_4_TEMP=29
HEAT_4_DUTY=0
HEAT_4_SP=-20.0
MOTOR_ANGLE=-0.0003779069767441861
MOTOR_ACCUM=-0.0003779069767441861
MOTOR_ROT=0

[16:17:07.649 EBOX]
TS=1786201652.695
V_SENSE5=0.97900390625
V_SENSE9=0.04150390625
V_SENSE12=0.1025390625
ADC_V5=4.92950439453125
ADC_V9=9.51385498046875
ADC_V12=11.88568115234375
ADC_V28=27.37335205078125
THERMAL_SENS_OUT_1=25
THERMAL_SENS_OUT_2=-50
THERMAL_SENS_OUT_3=26
THERMAL_SENS_OUT_4=24
THERMAL_SENS_OUT_5=30
THERMAL_SENS_OUT_6=-50
THERMAL_SENS_INT_1=27
THERMAL_SENS_INT_2=25
PG_5=0
PG_9=0
PG_12=0
FLT_P2=0
FLT_P3=0
HEAT_1_TEMP=25
HEAT_1_DUTY=0
HEAT_1_SP=-20.0
HEAT_2_TEMP=26
HEAT_2_DUTY=0
HEAT_2_SP=-20.0
HEAT_3_TEMP=24
HEAT_3_DUTY=0
HEAT_3_SP=-20.0
HEAT_4_TEMP=30
HEAT_4_DUTY=0
HEAT_4_SP=-20.0
MOTOR_ANGLE=-0.0003779069767441861
MOTOR_ACCUM=-0.0003779069767441861
MOTOR_ROT=0
TS=1786201653.196
V_SENSE5=0.927734375
V_SENSE9=0.03662109375
V_SENSE12=0.10009765625
ADC_V5=5.00030517578125
ADC_V9=9.168701171875
ADC_V12=11.859130859375
ADC_V28=27.4176025390625
THERMAL_SENS_OUT_1=25
THERMAL_SENS_OUT_2=-50
THERMAL_SENS_OUT_3=27
THERMAL_SENS_OUT_4=27
THERMAL_SENS_OUT_5=26
THERMAL_SENS_OUT_6=-50
THERMAL_SENS_INT_1=28
THERMAL_SENS_INT_2=26
PG_5=0
PG_9=0
PG_12=0
FLT_P2=0
FLT_P3=0
HEAT_1_TEMP=25
HEAT_1_DUTY=0
HEAT_1_SP=-20.0
HEAT_2_TEMP=27
HEAT_2_DUTY=0
HEAT_2_SP=-20.0
HEAT_3_TEMP=27
HEAT_3_DUTY=0
HEAT_3_SP=-20.0
HEAT_4_TEMP=26
HEAT_4_DUTY=0
HEAT_4_SP=-20.0
MOTOR_ANGLE=-0.0003779069767441861
MOTOR_ACCUM=-0.0003779069767441861
MOTOR_ROT=0
TS=1786201653.711
V_SENSE5=0.80810546875
V_SENSE9=0.0390625
V_SENSE12=0.09521484375
ADC_V5=4.88525390625

[16:17:07.794 EBOX]
ADC_V9=9.33685302734375
ADC_V12=11.6290283203125
ADC_V28=27.88665771484375
THERMAL_SENS_OUT_1=26
THERMAL_SENS_OUT_2=-50
THERMAL_SENS_OUT_3=29
THERMAL_SENS_OUT_4=25
THERMAL_SENS_OUT_5=26
THERMAL_SENS_OUT_6=-50
THERMAL_SENS_INT_1=28
THERMAL_SENS_INT_2=25
PG_5=0
PG_9=0
PG_12=0
FLT_P2=0
FLT_P3=0
HEAT_1_TEMP=26
HEAT_1_DUTY=0
HEAT_1_SP=-20.0
HEAT_2_TEMP=29
HEAT_2_DUTY=0
HEAT_2_SP=-20.0
HEAT_3_TEMP=25
HEAT_3_DUTY=0
HEAT_3_SP=-20.0
HEAT_4_TEMP=26
HEAT_4_DUTY=0
HEAT_4_SP=-20.0
MOTOR_ANGLE=-0.0003779069767441861
MOTOR_ACCUM=-0.0003779069767441861
MOTOR_ROT=0
TS=1786201654.198
V_SENSE5=0.93505859375
V_SENSE9=0.04638671875
V_SENSE12=0.14404296875
ADC_V5=4.87640380859375
ADC_V9=9.3280029296875
ADC_V12=11.79718017578125
ADC_V28=27.42645263671875
THERMAL_SENS_OUT_1=24
THERMAL_SENS_OUT_2=-50
THERMAL_SENS_OUT_3=25
THERMAL_SENS_OUT_4=26
THERMAL_SENS_OUT_5=30
THERMAL_SENS_OUT_6=-50
THERMAL_SENS_INT_1=26
THERMAL_SENS_INT_2=26
PG_5=0
PG_9=0
PG_12=0
FLT_P2=0
FLT_P3=0
HEAT_1_TEMP=24
HEAT_1_DUTY=0
HEAT_1_SP=-20.0
HEAT_2_TEMP=25
HEAT_2_DUTY=0
HEAT_2_SP=-20.0
HEAT_3_TEMP=26
HEAT_3_DUTY=0
HEAT_3_SP=-20.0
HEAT_4_TEMP=30
HEAT_4_DUTY=0
HEAT_4_SP=-20.0
MOTOR_ANGLE=-0.0003779069767441861
MOTOR_ACCUM=-0.0003779069767441861
MOTOR_ROT=0

[16:17:07.924 EBOX]
TS=1786201654.700
V_SENSE5=0.90576171875
V_SENSE9=0.0390625
V_SENSE12=0.1220703125
ADC_V5=4.9383544921875
ADC_V9=9.1156005859375
ADC_V12=11.85028076171875
ADC_V28=27.35565185546875
THERMAL_SENS_OUT_1=23
THERMAL_SENS_OUT_2=-50
THERMAL_SENS_OUT_3=26
THERMAL_SENS_OUT_4=28
THERMAL_SENS_OUT_5=26
THERMAL_SENS_OUT_6=-50
THERMAL_SENS_INT_1=25
THERMAL_SENS_INT_2=29
PG_5=0
PG_9=0
PG_12=0
FLT_P2=0
FLT_P3=0
HEAT_1_TEMP=23
HEAT_1_DUTY=0
HEAT_1_SP=-20.0
HEAT_2_TEMP=26
HEAT_2_DUTY=0
HEAT_2_SP=-20.0
HEAT_3_TEMP=28
HEAT_3_DUTY=0
HEAT_3_SP=-20.0
HEAT_4_TEMP=26
HEAT_4_DUTY=0
HEAT_4_SP=-20.0
MOTOR_ANGLE=-0.0003779069767441861
MOTOR_ACCUM=-0.0003779069767441861
MOTOR_ROT=0

[16:17:08.860 EBOX]
TS=1786201655.201
V_SENSE5=0.927734375
V_SENSE9=0.0390625
V_SENSE12=0.09765625
ADC_V5=4.98260498046875
ADC_V9=9.381103515625
ADC_V12=11.83258056640625
ADC_V28=27.51495361328125
THERMAL_SENS_OUT_1=24
THERMAL_SENS_OUT_2=-50
THERMAL_SENS_OUT_3=27
THERMAL_SENS_OUT_4=28
THERMAL_SENS_OUT_5=26
THERMAL_SENS_OUT_6=-50
THERMAL_SENS_INT_1=24
THERMAL_SENS_INT_2=27
PG_5=0
PG_9=0
PG_12=0
FLT_P2=0
FLT_P3=0
HEAT_1_TEMP=24
HEAT_1_DUTY=0
HEAT_1_SP=-20.0
HEAT_2_TEMP=27
HEAT_2_DUTY=0
HEAT_2_SP=-20.0
HEAT_3_TEMP=28
HEAT_3_DUTY=0
HEAT_3_SP=-20.0
HEAT_4_TEMP=26
HEAT_4_DUTY=0
HEAT_4_SP=-20.0
MOTOR_ANGLE=-0.0003779069767441861
MOTOR_ACCUM=-0.0003779069767441861
MOTOR_ROT=0

[16:17:09.002 EBOX]
TS=1786201655.702
V_SENSE5=0.927734375
V_SENSE9=0.03662109375
V_SENSE12=0.1025390625
ADC_V5=5.0091552734375
ADC_V9=9.17755126953125
ADC_V12=11.83258056640625
ADC_V28=27.26715087890625
THERMAL_SENS_OUT_1=23
THERMAL_SENS_OUT_2=-50
THERMAL_SENS_OUT_3=27
THERMAL_SENS_OUT_4=29
THERMAL_SENS_OUT_5=27
THERMAL_SENS_OUT_6=-50
THERMAL_SENS_INT_1=25
THERMAL_SENS_INT_2=24
PG_5=0
PG_9=0
PG_12=0
FLT_P2=0
FLT_P3=0
HEAT_1_TEMP=23
HEAT_1_DUTY=0
HEAT_1_SP=-20.0
HEAT_2_TEMP=27
HEAT_2_DUTY=0
HEAT_2_SP=-20.0
HEAT_3_TEMP=29
HEAT_3_DUTY=0
HEAT_3_SP=-20.0
HEAT_4_TEMP=27
HEAT_4_DUTY=0
HEAT_4_SP=-20.0
MOTOR_ANGLE=-0.0003779069767441861
MOTOR_ACCUM=-0.0003779069767441861
MOTOR_ROT=0

[16:17:09.430 EBOX]
TS=1786201656.209
V_SENSE5=0.859375
V_SENSE9=0.0390625
V_SENSE12=0.1318359375
ADC_V5=4.96490478515625
ADC_V9=8.77044677734375
ADC_V12=11.7529296875
ADC_V28=27.74505615234375
THERMAL_SENS_OUT_1=24
THERMAL_SENS_OUT_2=-50
THERMAL_SENS_OUT_3=25
THERMAL_SENS_OUT_4=23
THERMAL_SENS_OUT_5=27
THERMAL_SENS_OUT_6=-50
THERMAL_SENS_INT_1=28
THERMAL_SENS_INT_2=25
PG_5=0
PG_9=0
PG_12=0
FLT_P2=0
FLT_P3=0
HEAT_1_TEMP=24
HEAT_1_DUTY=0
HEAT_1_SP=-20.0
HEAT_2_TEMP=25
HEAT_2_DUTY=0
HEAT_2_SP=-20.0
HEAT_3_TEMP=23
HEAT_3_DUTY=0
HEAT_3_SP=-20.0
HEAT_4_TEMP=27
HEAT_4_DUTY=0
HEAT_4_SP=-20.0
MOTOR_ANGLE=-0.0003779069767441861
MOTOR_ACCUM=-0.0003779069767441861
MOTOR_ROT=0

[16:17:10.256 EBOX]
TS=1786201656.714
V_SENSE5=0.83740234375
V_SENSE9=0.0341796875
V_SENSE12=0.11962890625
ADC_V5=4.92950439453125
ADC_V9=9.15985107421875
ADC_V12=11.575927734375
ADC_V28=27.21405029296875
THERMAL_SENS_OUT_1=25
THERMAL_SENS_OUT_2=-50
THERMAL_SENS_OUT_3=30
THERMAL_SENS_OUT_4=27
THERMAL_SENS_OUT_5=28
THERMAL_SENS_OUT_6=-50
THERMAL_SENS_INT_1=24
THERMAL_SENS_INT_2=25
PG_5=0
PG_9=0
PG_12=0
FLT_P2=0
FLT_P3=0
HEAT_1_TEMP=25
HEAT_1_DUTY=0
HEAT_1_SP=-20.0
HEAT_2_TEMP=30
HEAT_2_DUTY=0
HEAT_2_SP=-20.0
HEAT_3_TEMP=27
HEAT_3_DUTY=0
HEAT_3_SP=-20.0
HEAT_4_TEMP=28
HEAT_4_DUTY=0
HEAT_4_SP=-20.0
MOTOR_ANGLE=-0.0003779069767441861
MOTOR_ACCUM=-0.0003779069767441861
MOTOR_ROT=0

[16:17:10.485 EBOX]
TS=1786201657.213
V_SENSE5=0.869140625
V_SENSE9=0.04150390625
V_SENSE12=0.08544921875
ADC_V5=4.98260498046875
ADC_V9=9.0802001953125
ADC_V12=11.92108154296875
ADC_V28=27.33795166015625
THERMAL_SENS_OUT_1=26
THERMAL_SENS_OUT_2=-50
THERMAL_SENS_OUT_3=29
THERMAL_SENS_OUT_4=25
THERMAL_SENS_OUT_5=26
THERMAL_SENS_OUT_6=-50
THERMAL_SENS_INT_1=24
THERMAL_SENS_INT_2=24
PG_5=0
PG_9=0
PG_12=0
FLT_P2=0
FLT_P3=0
HEAT_1_TEMP=26
HEAT_1_DUTY=0
HEAT_1_SP=-20.0
HEAT_2_TEMP=29
HEAT_2_DUTY=0
HEAT_2_SP=-20.0
HEAT_3_TEMP=25
HEAT_3_DUTY=0
HEAT_3_SP=-20.0
HEAT_4_TEMP=26
HEAT_4_DUTY=0
HEAT_4_SP=-20.0
MOTOR_ANGLE=-0.0003779069767441861
MOTOR_ACCUM=-0.0003779069767441861
MOTOR_ROT=0

[16:17:10.924 EBOX]
TS=1786201657.718
V_SENSE5=0.85205078125
V_SENSE9=0.04150390625
V_SENSE12=0.11474609375
ADC_V5=4.85870361328125
ADC_V9=9.27490234375
ADC_V12=11.6998291015625
ADC_V28=27.75390625
THERMAL_SENS_OUT_1=28
THERMAL_SENS_OUT_2=-50
THERMAL_SENS_OUT_3=27
THERMAL_SENS_OUT_4=24
THERMAL_SENS_OUT_5=26
THERMAL_SENS_OUT_6=-50
THERMAL_SENS_INT_1=24
THERMAL_SENS_INT_2=27
PG_5=0
PG_9=0
PG_12=0
FLT_P2=0
FLT_P3=0
HEAT_1_TEMP=28
HEAT_1_DUTY=0
HEAT_1_SP=-20.0
HEAT_2_TEMP=27
HEAT_2_DUTY=0
HEAT_2_SP=-20.0
HEAT_3_TEMP=24
HEAT_3_DUTY=0
HEAT_3_SP=-20.0
HEAT_4_TEMP=26
HEAT_4_DUTY=0
HEAT_4_SP=-20.0
MOTOR_ANGLE=-0.0003779069767441861
MOTOR_ACCUM=-0.0003779069767441861
MOTOR_ROT=0

[16:17:11.449 EBOX]
TS=1786201658.215
V_SENSE5=0.849609375
V_SENSE9=0.0341796875
V_SENSE12=0.1123046875
ADC_V5=4.9029541015625
ADC_V9=9.2572021484375
ADC_V12=11.8060302734375
ADC_V28=27.9132080078125
THERMAL_SENS_OUT_1=24
THERMAL_SENS_OUT_2=-50
THERMAL_SENS_OUT_3=28
THERMAL_SENS_OUT_4=24
THERMAL_SENS_OUT_5=26
THERMAL_SENS_OUT_6=-50
THERMAL_SENS_INT_1=28
THERMAL_SENS_INT_2=25
PG_5=0
PG_9=0
PG_12=0
FLT_P2=0
FLT_P3=0
HEAT_1_TEMP=24
HEAT_1_DUTY=0
HEAT_1_SP=-20.0
HEAT_2_TEMP=28
HEAT_2_DUTY=0
HEAT_2_SP=-20.0
HEAT_3_TEMP=24
HEAT_3_DUTY=0
HEAT_3_SP=-20.0
HEAT_4_TEMP=26
HEAT_4_DUTY=0
HEAT_4_SP=-20.0
MOTOR_ANGLE=-0.0003779069767441861
MOTOR_ACCUM=-0.0003779069767441861
MOTOR_ROT=0

[16:17:11.980 EBOX]
TS=1786201658.718
V_SENSE5=0.85693359375
V_SENSE9=0.0341796875
V_SENSE12=0.107421875
ADC_V5=4.920654296875
ADC_V9=9.0093994140625
ADC_V12=11.81488037109375
ADC_V28=27.53265380859375
THERMAL_SENS_OUT_1=27
THERMAL_SENS_OUT_2=-50
THERMAL_SENS_OUT_3=25
THERMAL_SENS_OUT_4=25
THERMAL_SENS_OUT_5=26
THERMAL_SENS_OUT_6=-50
THERMAL_SENS_INT_1=25
THERMAL_SENS_INT_2=27
PG_5=0
PG_9=0
PG_12=0
FLT_P2=0
FLT_P3=0
HEAT_1_TEMP=27
HEAT_1_DUTY=0
HEAT_1_SP=-20.0
HEAT_2_TEMP=25
HEAT_2_DUTY=0
HEAT_2_SP=-20.0
HEAT_3_TEMP=25
HEAT_3_DUTY=0
HEAT_3_SP=-20.0
HEAT_4_TEMP=26
HEAT_4_DUTY=0
HEAT_4_SP=-20.0
MOTOR_ANGLE=-0.0003779069767441861
MOTOR_ACCUM=-0.0003779069767441861
MOTOR_ROT=0

[16:17:12.417 EBOX]
TS=1786201659.222
V_SENSE5=0.830078125
V_SENSE9=0.0439453125
V_SENSE12=0.10986328125
ADC_V5=5.00030517578125
ADC_V9=9.310302734375
ADC_V12=11.788330078125
ADC_V28=27.96630859375
THERMAL_SENS_OUT_1=24
THERMAL_SENS_OUT_2=-50
THERMAL_SENS_OUT_3=26
THERMAL_SENS_OUT_4=25
THERMAL_SENS_OUT_5=30
THERMAL_SENS_OUT_6=-50
THERMAL_SENS_INT_1=26
THERMAL_SENS_INT_2=25
PG_5=0
PG_9=0
PG_12=0
FLT_P2=0
FLT_P3=0
HEAT_1_TEMP=24
HEAT_1_DUTY=0
HEAT_1_SP=-20.0
HEAT_2_TEMP=26
HEAT_2_DUTY=0
HEAT_2_SP=-20.0
HEAT_3_TEMP=25
HEAT_3_DUTY=0
HEAT_3_SP=-20.0
HEAT_4_TEMP=30
HEAT_4_DUTY=0
HEAT_4_SP=-20.0
MOTOR_ANGLE=-0.0003779069767441861
MOTOR_ACCUM=-0.0003779069767441861
MOTOR_ROT=0

[16:17:12.957 EBOX]
TS=1786201659.725
V_SENSE5=0.89599609375
V_SENSE9=0.03662109375
V_SENSE12=0.08544921875
ADC_V5=5.01800537109375
ADC_V9=8.84124755859375
ADC_V12=11.575927734375
ADC_V28=27.152099609375
THERMAL_SENS_OUT_1=27
THERMAL_SENS_OUT_2=-50
THERMAL_SENS_OUT_3=30
THERMAL_SENS_OUT_4=27
THERMAL_SENS_OUT_5=27
THERMAL_SENS_OUT_6=-50
THERMAL_SENS_INT_1=25
THERMAL_SENS_INT_2=25
PG_5=0
PG_9=0
PG_12=0
FLT_P2=0
FLT_P3=0
HEAT_1_TEMP=27
HEAT_1_DUTY=0
HEAT_1_SP=-20.0
HEAT_2_TEMP=30
HEAT_2_DUTY=0
HEAT_2_SP=-20.0
HEAT_3_TEMP=27
HEAT_3_DUTY=0
HEAT_3_SP=-20.0
HEAT_4_TEMP=27
HEAT_4_DUTY=0
HEAT_4_SP=-20.0
MOTOR_ANGLE=-0.0003779069767441861
MOTOR_ACCUM=-0.0003779069767441861
MOTOR_ROT=0

[16:17:13.785 EBOX]
TS=1786201660.226
V_SENSE5=0.8447265625
V_SENSE9=0.04150390625
V_SENSE12=0.10009765625
ADC_V5=5.0091552734375
ADC_V9=9.4873046875
ADC_V12=11.93878173828125
ADC_V28=27.7362060546875
THERMAL_SENS_OUT_1=27
THERMAL_SENS_OUT_2=-50
THERMAL_SENS_OUT_3=27
THERMAL_SENS_OUT_4=29
THERMAL_SENS_OUT_5=28
THERMAL_SENS_OUT_6=-50
THERMAL_SENS_INT_1=26
THERMAL_SENS_INT_2=27
PG_5=0
PG_9=0
PG_12=0
FLT_P2=0
FLT_P3=0
HEAT_1_TEMP=27
HEAT_1_DUTY=0
HEAT_1_SP=-20.0
HEAT_2_TEMP=27
HEAT_2_DUTY=0
HEAT_2_SP=-20.0
HEAT_3_TEMP=29
HEAT_3_DUTY=0
HEAT_3_SP=-20.0
HEAT_4_TEMP=28
HEAT_4_DUTY=0
HEAT_4_SP=-20.0
MOTOR_ANGLE=-0.0003779069767441861
MOTOR_ACCUM=-0.0003779069767441861
MOTOR_ROT=0

[16:17:13.907 EBOX]
TS=1786201660.719
V_SENSE5=0.91552734375
V_SENSE9=0.0390625
V_SENSE12=0.1220703125
ADC_V5=4.96490478515625
ADC_V9=9.168701171875
ADC_V12=11.76177978515625
ADC_V28=27.74505615234375
THERMAL_SENS_OUT_1=26
THERMAL_SENS_OUT_2=-50
THERMAL_SENS_OUT_3=29
THERMAL_SENS_OUT_4=24
THERMAL_SENS_OUT_5=28
THERMAL_SENS_OUT_6=-50
THERMAL_SENS_INT_1=26
THERMAL_SENS_INT_2=29
PG_5=0
PG_9=0
PG_12=0
FLT_P2=0
FLT_P3=0
HEAT_1_TEMP=26
HEAT_1_DUTY=0
HEAT_1_SP=-20.0
HEAT_2_TEMP=29
HEAT_2_DUTY=0
HEAT_2_SP=-20.0
HEAT_3_TEMP=24
HEAT_3_DUTY=0
HEAT_3_SP=-20.0
HEAT_4_TEMP=28
HEAT_4_DUTY=0
HEAT_4_SP=-20.0
MOTOR_ANGLE=-0.0003779069767441861
MOTOR_ACCUM=-0.0003779069767441861
MOTOR_ROT=0

[16:17:14.438 EBOX]
TS=1786201661.220
V_SENSE5=0.91796875
V_SENSE9=0.07568359375
V_SENSE12=0.11474609375
ADC_V5=4.920654296875
ADC_V9=9.0447998046875
ADC_V12=11.9122314453125
ADC_V28=27.96630859375
THERMAL_SENS_OUT_1=23
THERMAL_SENS_OUT_2=-50
THERMAL_SENS_OUT_3=27
THERMAL_SENS_OUT_4=28
THERMAL_SENS_OUT_5=27
THERMAL_SENS_OUT_6=-50
THERMAL_SENS_INT_1=24
THERMAL_SENS_INT_2=29
PG_5=0
PG_9=0
PG_12=0
FLT_P2=0
FLT_P3=0
HEAT_1_TEMP=23
HEAT_1_DUTY=0
HEAT_1_SP=-20.0
HEAT_2_TEMP=27
HEAT_2_DUTY=0
HEAT_2_SP=-20.0
HEAT_3_TEMP=28
HEAT_3_DUTY=0
HEAT_3_SP=-20.0
HEAT_4_TEMP=27
HEAT_4_DUTY=0
HEAT_4_SP=-20.0
MOTOR_ANGLE=-0.0003779069767441861
MOTOR_ACCUM=-0.0003779069767441861
MOTOR_ROT=0

[16:17:14.967 EBOX]
TS=1786201661.721
V_SENSE5=0.89111328125
V_SENSE9=0.0341796875
V_SENSE12=0.1123046875
ADC_V5=5.0091552734375
ADC_V9=9.53155517578125
ADC_V12=11.65557861328125
ADC_V28=27.68310546875
THERMAL_SENS_OUT_1=28
THERMAL_SENS_OUT_2=-50
THERMAL_SENS_OUT_3=26
THERMAL_SENS_OUT_4=29
THERMAL_SENS_OUT_5=27
THERMAL_SENS_OUT_6=-50
THERMAL_SENS_INT_1=25
THERMAL_SENS_INT_2=28
PG_5=0
PG_9=0
PG_12=0
FLT_P2=0
FLT_P3=0
HEAT_1_TEMP=28
HEAT_1_DUTY=0
HEAT_1_SP=-20.0
HEAT_2_TEMP=26
HEAT_2_DUTY=0
HEAT_2_SP=-20.0
HEAT_3_TEMP=29
HEAT_3_DUTY=0
HEAT_3_SP=-20.0
HEAT_4_TEMP=27
HEAT_4_DUTY=0
HEAT_4_SP=-20.0
MOTOR_ANGLE=-0.0003779069767441861
MOTOR_ACCUM=-0.0003779069767441861
MOTOR_ROT=0

[16:17:15.492 EBOX]
TS=1786201662.223
V_SENSE5=0.99365234375
V_SENSE9=0.0341796875
V_SENSE12=0.1220703125
ADC_V5=4.9029541015625
ADC_V9=9.24835205078125
ADC_V12=11.76177978515625
ADC_V28=27.930908203125
THERMAL_SENS_OUT_1=24
THERMAL_SENS_OUT_2=-50
THERMAL_SENS_OUT_3=30
THERMAL_SENS_OUT_4=24
THERMAL_SENS_OUT_5=27
THERMAL_SENS_OUT_6=-50
THERMAL_SENS_INT_1=24
THERMAL_SENS_INT_2=29
PG_5=0
PG_9=0
PG_12=0
FLT_P2=0
FLT_P3=0
HEAT_1_TEMP=24
HEAT_1_DUTY=0
HEAT_1_SP=-20.0
HEAT_2_TEMP=30
HEAT_2_DUTY=0
HEAT_2_SP=-20.0
HEAT_3_TEMP=24
HEAT_3_DUTY=0
HEAT_3_SP=-20.0
HEAT_4_TEMP=27
HEAT_4_DUTY=0
HEAT_4_SP=-20.0
MOTOR_ANGLE=-0.0003779069767441861
MOTOR_ACCUM=-0.0003779069767441861
MOTOR_ROT=0

[16:17:15.919 EBOX]
TS=1786201662.732
V_SENSE5=0.8349609375
V_SENSE9=0.0390625
V_SENSE12=0.10498046875
ADC_V5=5.00030517578125
ADC_V9=9.4696044921875
ADC_V12=11.8768310546875
ADC_V28=27.97515869140625
THERMAL_SENS_OUT_1=28
THERMAL_SENS_OUT_2=-50
THERMAL_SENS_OUT_3=30
THERMAL_SENS_OUT_4=27
THERMAL_SENS_OUT_5=28
THERMAL_SENS_OUT_6=-50
THERMAL_SENS_INT_1=24
THERMAL_SENS_INT_2=26
PG_5=0
PG_9=0
PG_12=0
FLT_P2=0
FLT_P3=0
HEAT_1_TEMP=28
HEAT_1_DUTY=0
HEAT_1_SP=-20.0
HEAT_2_TEMP=30
HEAT_2_DUTY=0
HEAT_2_SP=-20.0
HEAT_3_TEMP=27
HEAT_3_DUTY=0
HEAT_3_SP=-20.0
HEAT_4_TEMP=28
HEAT_4_DUTY=0
HEAT_4_SP=-20.0
MOTOR_ANGLE=-0.0003779069767441861
MOTOR_ACCUM=-0.0003779069767441861
MOTOR_ROT=0

[16:17:16.445 EBOX]
TS=1786201663.234
V_SENSE5=0.8642578125
V_SENSE9=0.03662109375
V_SENSE12=0.11474609375
ADC_V5=4.991455078125
ADC_V9=9.38995361328125
ADC_V12=11.90338134765625
ADC_V28=27.9132080078125
THERMAL_SENS_OUT_1=24
THERMAL_SENS_OUT_2=-50
THERMAL_SENS_OUT_3=26
THERMAL_SENS_OUT_4=24
THERMAL_SENS_OUT_5=26
THERMAL_SENS_OUT_6=-50
THERMAL_SENS_INT_1=29
THERMAL_SENS_INT_2=27
PG_5=0
PG_9=0
PG_12=0
FLT_P2=0
FLT_P3=0
HEAT_1_TEMP=24
HEAT_1_DUTY=0
HEAT_1_SP=-20.0
HEAT_2_TEMP=26
HEAT_2_DUTY=0
HEAT_2_SP=-20.0
HEAT_3_TEMP=24
HEAT_3_DUTY=0
HEAT_3_SP=-20.0
HEAT_4_TEMP=26
HEAT_4_DUTY=0
HEAT_4_SP=-20.0
MOTOR_ANGLE=-0.0003779069767441861
MOTOR_ACCUM=-0.0003779069767441861
MOTOR_ROT=0

[16:17:16.977 EBOX]
TS=1786201663.735
V_SENSE5=0.859375
V_SENSE9=0.0341796875
V_SENSE12=0.0830078125
ADC_V5=4.991455078125
ADC_V9=9.2041015625
ADC_V12=11.5936279296875
ADC_V28=27.62115478515625
THERMAL_SENS_OUT_1=29
THERMAL_SENS_OUT_2=-50
THERMAL_SENS_OUT_3=26
THERMAL_SENS_OUT_4=25
THERMAL_SENS_OUT_5=26
THERMAL_SENS_OUT_6=-50
THERMAL_SENS_INT_1=27
THERMAL_SENS_INT_2=28
PG_5=0
PG_9=0
PG_12=0
FLT_P2=0
FLT_P3=0
HEAT_1_TEMP=29
HEAT_1_DUTY=0
HEAT_1_SP=-20.0
HEAT_2_TEMP=26
HEAT_2_DUTY=0
HEAT_2_SP=-20.0
HEAT_3_TEMP=25
HEAT_3_DUTY=0
HEAT_3_SP=-20.0
HEAT_4_TEMP=26
HEAT_4_DUTY=0
HEAT_4_SP=-20.0
MOTOR_ANGLE=-0.0003779069767441861
MOTOR_ACCUM=-0.0003779069767441861
MOTOR_ROT=0

[16:17:17.502 EBOX]
TS=1786201664.236
V_SENSE5=0.87158203125
V_SENSE9=0.0341796875
V_SENSE12=0.1123046875
ADC_V5=4.9383544921875
ADC_V9=9.49615478515625
ADC_V12=11.859130859375
ADC_V28=28.001708984375
THERMAL_SENS_OUT_1=28
THERMAL_SENS_OUT_2=-50
THERMAL_SENS_OUT_3=28
THERMAL_SENS_OUT_4=24
THERMAL_SENS_OUT_5=30
THERMAL_SENS_OUT_6=-50
THERMAL_SENS_INT_1=25
THERMAL_SENS_INT_2=29
PG_5=0
PG_9=0
PG_12=0
FLT_P2=0
FLT_P3=0
HEAT_1_TEMP=28
HEAT_1_DUTY=0
HEAT_1_SP=-20.0
HEAT_2_TEMP=28
HEAT_2_DUTY=0
HEAT_2_SP=-20.0
HEAT_3_TEMP=24
HEAT_3_DUTY=0
HEAT_3_SP=-20.0
HEAT_4_TEMP=30
HEAT_4_DUTY=0
HEAT_4_SP=-20.0
MOTOR_ANGLE=-0.0003779069767441861
MOTOR_ACCUM=-0.0003779069767441861
MOTOR_ROT=0

[16:17:17.927 EBOX]
TS=1786201664.730
V_SENSE5=0.90576171875
V_SENSE9=0.03662109375
V_SENSE12=0.1220703125
ADC_V5=5.00030517578125
ADC_V9=9.27490234375
ADC_V12=11.929931640625
ADC_V28=27.83355712890625
THERMAL_SENS_OUT_1=27
THERMAL_SENS_OUT_2=-50
THERMAL_SENS_OUT_3=25
THERMAL_SENS_OUT_4=25
THERMAL_SENS_OUT_5=28
THERMAL_SENS_OUT_6=-50
THERMAL_SENS_INT_1=23
THERMAL_SENS_INT_2=27
PG_5=0
PG_9=0
PG_12=0
FLT_P2=0
FLT_P3=0
HEAT_1_TEMP=27
HEAT_1_DUTY=0
HEAT_1_SP=-20.0
HEAT_2_TEMP=25
HEAT_2_DUTY=0
HEAT_2_SP=-20.0
HEAT_3_TEMP=25
HEAT_3_DUTY=0
HEAT_3_SP=-20.0
HEAT_4_TEMP=28
HEAT_4_DUTY=0
HEAT_4_SP=-20.0
MOTOR_ANGLE=-0.0003779069767441861
MOTOR_ACCUM=-0.0003779069767441861
MOTOR_ROT=0

[16:17:19.663 EBOX]
TS=1786201665.231
V_SENSE5=0.91796875
V_SENSE9=0.03662109375
V_SENSE12=0.09765625
ADC_V5=4.89410400390625
ADC_V9=9.07135009765625
ADC_V12=11.83258056640625
ADC_V28=27.95745849609375
THERMAL_SENS_OUT_1=23
THERMAL_SENS_OUT_2=-50
THERMAL_SENS_OUT_3=27
THERMAL_SENS_OUT_4=27
THERMAL_SENS_OUT_5=30
THERMAL_SENS_OUT_6=-50
THERMAL_SENS_INT_1=25
THERMAL_SENS_INT_2=28
PG_5=0
PG_9=0
PG_12=0
FLT_P2=0
FLT_P3=0
HEAT_1_TEMP=23
HEAT_1_DUTY=0
HEAT_1_SP=-20.0
HEAT_2_TEMP=27
HEAT_2_DUTY=0
HEAT_2_SP=-20.0
HEAT_3_TEMP=27
HEAT_3_DUTY=0
HEAT_3_SP=-20.0
HEAT_4_TEMP=30
HEAT_4_DUTY=0
HEAT_4_SP=-20.0
MOTOR_ANGLE=-0.0003779069767441861
MOTOR_ACCUM=-0.0003779069767441861
MOTOR_ROT=0

[16:17:20.421 EBOX]
TS=1786201665.733
V_SENSE5=0.908203125
V_SENSE9=0.0390625
V_SENSE12=0.09521484375
ADC_V5=4.88525390625
ADC_V9=8.8677978515625
ADC_V12=11.85028076171875
ADC_V28=27.647705078125
THERMAL_SENS_OUT_1=25
THERMAL_SENS_OUT_2=-50
THERMAL_SENS_OUT_3=27
THERMAL_SENS_OUT_4=27
THERMAL_SENS_OUT_5=30
THERMAL_SENS_OUT_6=-50
THERMAL_SENS_INT_1=25
THERMAL_SENS_INT_2=27
PG_5=0
PG_9=0
PG_12=0
FLT_P2=0
FLT_P3=0
HEAT_1_TEMP=25
HEAT_1_DUTY=0
HEAT_1_SP=-20.0
HEAT_2_TEMP=27
HEAT_2_DUTY=0
HEAT_2_SP=-20.0
HEAT_3_TEMP=27
HEAT_3_DUTY=0
HEAT_3_SP=-20.0
HEAT_4_TEMP=30
HEAT_4_DUTY=0
HEAT_4_SP=-20.0
MOTOR_ANGLE=-0.0003779069767441861
MOTOR_ACCUM=-0.0003779069767441861
MOTOR_ROT=0
TS=1786201666.233
V_SENSE5=0.908203125
V_SENSE9=0.0341796875
V_SENSE12=0.12451171875
ADC_V5=4.991455078125
ADC_V9=9.4342041015625
ADC_V12=11.72637939453125
ADC_V28=27.576904296875
THERMAL_SENS_OUT_1=25
THERMAL_SENS_OUT_2=-50
THERMAL_SENS_OUT_3=28
THERMAL_SENS_OUT_4=26
THERMAL_SENS_OUT_5=26
THERMAL_SENS_OUT_6=-50
THERMAL_SENS_INT_1=23
THERMAL_SENS_INT_2=24
PG_5=0
PG_9=0
PG_12=0
FLT_P2=0
FLT_P3=0
HEAT_1_TEMP=25
HEAT_1_DUTY=0
HEAT_1_SP=-20.0
HEAT_2_TEMP=28
HEAT_2_DUTY=0
HEAT_2_SP=-20.0
HEAT_3_TEMP=26
HEAT_3_DUTY=0
HEAT_3_SP=-20.0
HEAT_4_TEMP=26
HEAT_4_DUTY=0
HEAT_4_SP=-20.0
MOTOR_ANGLE=-0.0003779069767441861
MOTOR_ACCUM=-0.0003779069767441861
MOTOR_ROT=0

[16:17:20.566 EBOX]
TS=1786201666.741
V_SENSE5=0.87646484375
V_SENSE9=0.03662109375
V_SENSE12=0.1220703125
ADC_V5=4.9737548828125
ADC_V9=9.33685302734375
ADC_V12=11.7529296875
ADC_V28=28.001708984375
THERMAL_SENS_OUT_1=25
THERMAL_SENS_OUT_2=-50
THERMAL_SENS_OUT_3=25
THERMAL_SENS_OUT_4=25
THERMAL_SENS_OUT_5=26
THERMAL_SENS_OUT_6=-50
THERMAL_SENS_INT_1=24
THERMAL_SENS_INT_2=25
PG_5=0
PG_9=0
PG_12=0
FLT_P2=0
FLT_P3=0
HEAT_1_TEMP=25
HEAT_1_DUTY=0
HEAT_1_SP=-20.0
HEAT_2_TEMP=25
HEAT_2_DUTY=0
HEAT_2_SP=-20.0
HEAT_3_TEMP=25
HEAT_3_DUTY=0
HEAT_3_SP=-20.0
HEAT_4_TEMP=26
HEAT_4_DUTY=0
HEAT_4_SP=-20.0
MOTOR_ANGLE=-0.0003779069767441861
MOTOR_ACCUM=-0.0003779069767441861
MOTOR_ROT=0
TS=1786201667.242
V_SENSE5=0.85693359375
V_SENSE9=0.05615234375
V_SENSE12=0.12451171875
ADC_V5=4.91180419921875
ADC_V9=9.30145263671875
ADC_V12=11.88568115234375
ADC_V28=27.85125732421875
THERMAL_SENS_OUT_1=24
THERMAL_SENS_OUT_2=-50
THERMAL_SENS_OUT_3=28
THERMAL_SENS_OUT_4=28
THERMAL_SENS_OUT_5=26
THERMAL_SENS_OUT_6=-50
THERMAL_SENS_INT_1=25
THERMAL_SENS_INT_2=29
PG_5=0
PG_9=0
PG_12=0
FLT_P2=0
FLT_P3=0
HEAT_1_TEMP=24
HEAT_1_DUTY=0
HEAT_1_SP=-20.0
HEAT_2_TEMP=28
HEAT_2_DUTY=0
HEAT_2_SP=-20.0
HEAT_3_TEMP=28
HEAT_3_DUTY=0
HEAT_3_SP=-20.0
HEAT_4_TEMP=26
HEAT_4_DUTY=0
HEAT_4_SP=-20.0
MOTOR_ANGLE=-0.0003779069767441861
MOTOR_ACCUM=-0.0003779069767441861
MOTOR_ROT=0

[16:17:21.616 EBOX]
TS=1786201667.742
V_SENSE5=0.86669921875
V_SENSE9=0.0390625
V_SENSE12=0.15380859375
ADC_V5=4.920654296875
ADC_V9=9.2572021484375
ADC_V12=11.82373046875
ADC_V28=27.90435791015625
THERMAL_SENS_OUT_1=28
THERMAL_SENS_OUT_2=-50
THERMAL_SENS_OUT_3=27
THERMAL_SENS_OUT_4=25
THERMAL_SENS_OUT_5=26
THERMAL_SENS_OUT_6=-50
THERMAL_SENS_INT_1=25
THERMAL_SENS_INT_2=26
PG_5=0
PG_9=0
PG_12=0
FLT_P2=0
FLT_P3=0
HEAT_1_TEMP=28
HEAT_1_DUTY=0
HEAT_1_SP=-20.0
HEAT_2_TEMP=27
HEAT_2_DUTY=0
HEAT_2_SP=-20.0
HEAT_3_TEMP=25
HEAT_3_DUTY=0
HEAT_3_SP=-20.0
HEAT_4_TEMP=26
HEAT_4_DUTY=0
HEAT_4_SP=-20.0
MOTOR_ANGLE=-0.0003779069767441861
MOTOR_ACCUM=-0.0003779069767441861
MOTOR_ROT=0
TS=1786201668.245
V_SENSE5=0.869140625
V_SENSE9=0.0390625
V_SENSE12=0.14404296875
ADC_V5=5.02685546875
ADC_V9=9.1864013671875
ADC_V12=11.65557861328125
ADC_V28=27.23175048828125
THERMAL_SENS_OUT_1=25
THERMAL_SENS_OUT_2=-50
THERMAL_SENS_OUT_3=27
THERMAL_SENS_OUT_4=23
THERMAL_SENS_OUT_5=28
THERMAL_SENS_OUT_6=-50
THERMAL_SENS_INT_1=25
THERMAL_SENS_INT_2=25
PG_5=0
PG_9=0
PG_12=0
FLT_P2=0
FLT_P3=0
HEAT_1_TEMP=25
HEAT_1_DUTY=0
HEAT_1_SP=-20.0
HEAT_2_TEMP=27
HEAT_2_DUTY=0
HEAT_2_SP=-20.0
HEAT_3_TEMP=23
HEAT_3_DUTY=0
HEAT_3_SP=-20.0
HEAT_4_TEMP=28
HEAT_4_DUTY=0
HEAT_4_SP=-20.0
MOTOR_ANGLE=-0.0003779069767441861
MOTOR_ACCUM=-0.0003779069767441861
MOTOR_ROT=0

[16:17:21.940 EBOX]
TS=1786201668.742
V_SENSE5=0.927734375
V_SENSE9=0.03662109375
V_SENSE12=0.11962890625
ADC_V5=4.9737548828125
ADC_V9=9.05364990234375
ADC_V12=11.92108154296875
ADC_V28=27.82470703125
THERMAL_SENS_OUT_1=22
THERMAL_SENS_OUT_2=-50
THERMAL_SENS_OUT_3=28
THERMAL_SENS_OUT_4=28
THERMAL_SENS_OUT_5=25
THERMAL_SENS_OUT_6=-50
THERMAL_SENS_INT_1=24
THERMAL_SENS_INT_2=27
PG_5=0
PG_9=0
PG_12=0
FLT_P2=0
FLT_P3=0
HEAT_1_TEMP=22
HEAT_1_DUTY=0
HEAT_1_SP=-20.0
HEAT_2_TEMP=28
HEAT_2_DUTY=0
HEAT_2_SP=-20.0
HEAT_3_TEMP=28
HEAT_3_DUTY=0
HEAT_3_SP=-20.0
HEAT_4_TEMP=25
HEAT_4_DUTY=0
HEAT_4_SP=-20.0
MOTOR_ANGLE=-0.0003779069767441861
MOTOR_ACCUM=-0.0003779069767441861
MOTOR_ROT=0

[16:17:22.774 EBOX]
TS=1786201669.242
V_SENSE5=0.96435546875
V_SENSE9=0.03662109375
V_SENSE12=0.09765625
ADC_V5=4.91180419921875
ADC_V9=9.345703125
ADC_V12=11.7529296875
ADC_V28=27.76275634765625
THERMAL_SENS_OUT_1=24
THERMAL_SENS_OUT_2=-50
THERMAL_SENS_OUT_3=26
THERMAL_SENS_OUT_4=24
THERMAL_SENS_OUT_5=27
THERMAL_SENS_OUT_6=-50
THERMAL_SENS_INT_1=23
THERMAL_SENS_INT_2=26
PG_5=0
PG_9=0
PG_12=0
FLT_P2=0
FLT_P3=0
HEAT_1_TEMP=24
HEAT_1_DUTY=0
HEAT_1_SP=-20.0
HEAT_2_TEMP=26
HEAT_2_DUTY=0
HEAT_2_SP=-20.0
HEAT_3_TEMP=24
HEAT_3_DUTY=0
HEAT_3_SP=-20.0
HEAT_4_TEMP=27
HEAT_4_DUTY=0
HEAT_4_SP=-20.0
MOTOR_ANGLE=-0.0003779069767441861
MOTOR_ACCUM=-0.0003779069767441861
MOTOR_ROT=0

[16:17:23.000 EBOX]
TS=1786201669.744
V_SENSE5=0.9326171875
V_SENSE9=0.0390625
V_SENSE12=0.1318359375
ADC_V5=4.9560546875
ADC_V9=9.03594970703125
ADC_V12=11.9122314453125
ADC_V28=27.12554931640625
THERMAL_SENS_OUT_1=29
THERMAL_SENS_OUT_2=-50
THERMAL_SENS_OUT_3=28
THERMAL_SENS_OUT_4=28
THERMAL_SENS_OUT_5=26
THERMAL_SENS_OUT_6=-50
THERMAL_SENS_INT_1=27
THERMAL_SENS_INT_2=29
PG_5=0
PG_9=0
PG_12=0
FLT_P2=0
FLT_P3=0
HEAT_1_TEMP=29
HEAT_1_DUTY=0
HEAT_1_SP=-20.0
HEAT_2_TEMP=28
HEAT_2_DUTY=0
HEAT_2_SP=-20.0
HEAT_3_TEMP=28
HEAT_3_DUTY=0
HEAT_3_SP=-20.0
HEAT_4_TEMP=26
HEAT_4_DUTY=0
HEAT_4_SP=-20.0
MOTOR_ANGLE=-0.0003779069767441861
MOTOR_ACCUM=-0.0003779069767441861
MOTOR_ROT=0

[16:17:23.524 EBOX]
TS=1786201670.245
V_SENSE5=0.947265625
V_SENSE9=0.0390625
V_SENSE12=0.107421875
ADC_V5=5.00030517578125
ADC_V9=9.47845458984375
ADC_V12=11.7352294921875
ADC_V28=27.7362060546875
THERMAL_SENS_OUT_1=26
THERMAL_SENS_OUT_2=-50
THERMAL_SENS_OUT_3=26
THERMAL_SENS_OUT_4=29
THERMAL_SENS_OUT_5=27
THERMAL_SENS_OUT_6=-50
THERMAL_SENS_INT_1=24
THERMAL_SENS_INT_2=25
PG_5=0
PG_9=0
PG_12=0
FLT_P2=0
FLT_P3=0
HEAT_1_TEMP=26
HEAT_1_DUTY=0
HEAT_1_SP=-20.0
HEAT_2_TEMP=26
HEAT_2_DUTY=0
HEAT_2_SP=-20.0
HEAT_3_TEMP=29
HEAT_3_DUTY=0
HEAT_3_SP=-20.0
HEAT_4_TEMP=27
HEAT_4_DUTY=0
HEAT_4_SP=-20.0
MOTOR_ANGLE=-0.0003779069767441861
MOTOR_ACCUM=-0.0003779069767441861
MOTOR_ROT=0

[16:17:23.952 EBOX]
TS=1786201670.758
V_SENSE5=0.830078125
V_SENSE9=0.07568359375
V_SENSE12=0.1171875
ADC_V5=5.0091552734375
ADC_V9=9.12445068359375
ADC_V12=11.6644287109375
ADC_V28=27.23175048828125
THERMAL_SENS_OUT_1=28
THERMAL_SENS_OUT_2=-50
THERMAL_SENS_OUT_3=28
THERMAL_SENS_OUT_4=25
THERMAL_SENS_OUT_5=25
THERMAL_SENS_OUT_6=-50
THERMAL_SENS_INT_1=23
THERMAL_SENS_INT_2=28
PG_5=0
PG_9=0
PG_12=0
FLT_P2=0
FLT_P3=0
HEAT_1_TEMP=28
HEAT_1_DUTY=0
HEAT_1_SP=-20.0
HEAT_2_TEMP=28
HEAT_2_DUTY=0
HEAT_2_SP=-20.0
HEAT_3_TEMP=25
HEAT_3_DUTY=0
HEAT_3_SP=-20.0
HEAT_4_TEMP=25
HEAT_4_DUTY=0
HEAT_4_SP=-20.0
MOTOR_ANGLE=-0.0003779069767441861
MOTOR_ACCUM=-0.0003779069767441861
MOTOR_ROT=0

[16:17:24.781 EBOX]
TS=1786201671.256
V_SENSE5=0.88623046875
V_SENSE9=0.03662109375
V_SENSE12=0.1123046875
ADC_V5=4.991455078125
ADC_V9=9.0093994140625
ADC_V12=11.85028076171875
ADC_V28=27.7008056640625
THERMAL_SENS_OUT_1=25
THERMAL_SENS_OUT_2=-50
THERMAL_SENS_OUT_3=30
THERMAL_SENS_OUT_4=26
THERMAL_SENS_OUT_5=27
THERMAL_SENS_OUT_6=-50
THERMAL_SENS_INT_1=24
THERMAL_SENS_INT_2=25
PG_5=0
PG_9=0
PG_12=0
FLT_P2=0
FLT_P3=0
HEAT_1_TEMP=25
HEAT_1_DUTY=0
HEAT_1_SP=-20.0
HEAT_2_TEMP=30
HEAT_2_DUTY=0
HEAT_2_SP=-20.0
HEAT_3_TEMP=26
HEAT_3_DUTY=0
HEAT_3_SP=-20.0
HEAT_4_TEMP=27
HEAT_4_DUTY=0
HEAT_4_SP=-20.0
MOTOR_ANGLE=-0.0003779069767441861
MOTOR_ACCUM=-0.0003779069767441861
MOTOR_ROT=0

[16:17:25.006 EBOX]
TS=1786201671.760
V_SENSE5=0.93505859375
V_SENSE9=0.07568359375
V_SENSE12=0.1123046875
ADC_V5=4.89410400390625
ADC_V9=9.3280029296875
ADC_V12=11.85028076171875
ADC_V28=27.85125732421875
THERMAL_SENS_OUT_1=28
THERMAL_SENS_OUT_2=-50
THERMAL_SENS_OUT_3=26
THERMAL_SENS_OUT_4=28
THERMAL_SENS_OUT_5=27
THERMAL_SENS_OUT_6=-50
THERMAL_SENS_INT_1=28
THERMAL_SENS_INT_2=24
PG_5=0
PG_9=0
PG_12=0
FLT_P2=0
FLT_P3=0
HEAT_1_TEMP=28
HEAT_1_DUTY=0
HEAT_1_SP=-20.0
HEAT_2_TEMP=26
HEAT_2_DUTY=0
HEAT_2_SP=-20.0
HEAT_3_TEMP=28
HEAT_3_DUTY=0
HEAT_3_SP=-20.0
HEAT_4_TEMP=27
HEAT_4_DUTY=0
HEAT_4_SP=-20.0
MOTOR_ANGLE=-0.0003779069767441861
MOTOR_ACCUM=-0.0003779069767441861
MOTOR_ROT=0

[16:17:25.532 EBOX]
TS=1786201672.257
V_SENSE5=0.8251953125
V_SENSE9=0.03662109375
V_SENSE12=0.12451171875
ADC_V5=4.991455078125
ADC_V9=9.13330078125
ADC_V12=11.9122314453125
ADC_V28=27.76275634765625
THERMAL_SENS_OUT_1=27
THERMAL_SENS_OUT_2=-50
THERMAL_SENS_OUT_3=26
THERMAL_SENS_OUT_4=25
THERMAL_SENS_OUT_5=26
THERMAL_SENS_OUT_6=-50
THERMAL_SENS_INT_1=26
THERMAL_SENS_INT_2=26
PG_5=0
PG_9=0
PG_12=0
FLT_P2=0
FLT_P3=0
HEAT_1_TEMP=27
HEAT_1_DUTY=0
HEAT_1_SP=-20.0
HEAT_2_TEMP=26
HEAT_2_DUTY=0
HEAT_2_SP=-20.0
HEAT_3_TEMP=25
HEAT_3_DUTY=0
HEAT_3_SP=-20.0
HEAT_4_TEMP=26
HEAT_4_DUTY=0
HEAT_4_SP=-20.0
MOTOR_ANGLE=-0.0003779069767441861
MOTOR_ACCUM=-0.0003779069767441861
MOTOR_ROT=0

[16:17:25.959 EBOX]
TS=1786201672.758
V_SENSE5=0.8642578125
V_SENSE9=0.03662109375
V_SENSE12=0.11962890625
ADC_V5=4.87640380859375
ADC_V9=8.96514892578125
ADC_V12=11.69097900390625
ADC_V28=27.95745849609375
THERMAL_SENS_OUT_1=23
THERMAL_SENS_OUT_2=-50
THERMAL_SENS_OUT_3=29
THERMAL_SENS_OUT_4=27
THERMAL_SENS_OUT_5=31
THERMAL_SENS_OUT_6=-50
THERMAL_SENS_INT_1=28
THERMAL_SENS_INT_2=26
PG_5=0
PG_9=0
PG_12=0
FLT_P2=0
FLT_P3=0
HEAT_1_TEMP=23
HEAT_1_DUTY=0
HEAT_1_SP=-20.0
HEAT_2_TEMP=29
HEAT_2_DUTY=0
HEAT_2_SP=-20.0
HEAT_3_TEMP=27
HEAT_3_DUTY=0
HEAT_3_SP=-20.0
HEAT_4_TEMP=31
HEAT_4_DUTY=0
HEAT_4_SP=-20.0
MOTOR_ANGLE=-0.0003779069767441861
MOTOR_ACCUM=-0.0003779069767441861
MOTOR_ROT=0

[16:17:27.088 EBOX]
TS=1786201673.255
V_SENSE5=0.9423828125
V_SENSE9=0.03662109375
V_SENSE12=0.10986328125
ADC_V5=4.9737548828125
ADC_V9=9.3280029296875
ADC_V12=11.82373046875
ADC_V28=27.92205810546875
THERMAL_SENS_OUT_1=24
THERMAL_SENS_OUT_2=-50
THERMAL_SENS_OUT_3=29
THERMAL_SENS_OUT_4=25
THERMAL_SENS_OUT_5=28
THERMAL_SENS_OUT_6=-50
THERMAL_SENS_INT_1=28
THERMAL_SENS_INT_2=24
PG_5=0
PG_9=0
PG_12=0
FLT_P2=0
FLT_P3=0
HEAT_1_TEMP=24
HEAT_1_DUTY=0
HEAT_1_SP=-20.0
HEAT_2_TEMP=29
HEAT_2_DUTY=0
HEAT_2_SP=-20.0
HEAT_3_TEMP=25
HEAT_3_DUTY=0
HEAT_3_SP=-20.0
HEAT_4_TEMP=28
HEAT_4_DUTY=0
HEAT_4_SP=-20.0
MOTOR_ANGLE=-0.0003779069767441861
MOTOR_ACCUM=-0.0003779069767441861
MOTOR_ROT=0

[16:17:27.721 EBOX]
TS=1786201673.755
V_SENSE5=0.90087890625
V_SENSE9=0.03662109375
V_SENSE12=0.1123046875
ADC_V5=4.991455078125
ADC_V9=9.2218017578125
ADC_V12=11.83258056640625
ADC_V28=27.19635009765625
THERMAL_SENS_OUT_1=24
THERMAL_SENS_OUT_2=-50
THERMAL_SENS_OUT_3=26
THERMAL_SENS_OUT_4=28
THERMAL_SENS_OUT_5=26
THERMAL_SENS_OUT_6=-50
THERMAL_SENS_INT_1=24
THERMAL_SENS_INT_2=26
PG_5=0
PG_9=0
PG_12=0
FLT_P2=0
FLT_P3=0
HEAT_1_TEMP=24
HEAT_1_DUTY=0
HEAT_1_SP=-20.0
HEAT_2_TEMP=26
HEAT_2_DUTY=0
HEAT_2_SP=-20.0
HEAT_3_TEMP=28
HEAT_3_DUTY=0
HEAT_3_SP=-20.0
HEAT_4_TEMP=26
HEAT_4_DUTY=0
HEAT_4_SP=-20.0
MOTOR_ANGLE=-0.0003779069767441861
MOTOR_ACCUM=-0.0003779069767441861
MOTOR_ROT=0

[16:17:27.845 EBOX]
TS=1786201674.256
V_SENSE5=0.92529296875
V_SENSE9=0.03662109375
V_SENSE12=0.1123046875
ADC_V5=5.00030517578125
ADC_V9=8.91204833984375
ADC_V12=11.88568115234375
ADC_V28=27.47955322265625
THERMAL_SENS_OUT_1=28
THERMAL_SENS_OUT_2=-50
THERMAL_SENS_OUT_3=28
THERMAL_SENS_OUT_4=24
THERMAL_SENS_OUT_5=27
THERMAL_SENS_OUT_6=-50
THERMAL_SENS_INT_1=27
THERMAL_SENS_INT_2=25
PG_5=0
PG_9=0
PG_12=0
FLT_P2=0
FLT_P3=0
HEAT_1_TEMP=28
HEAT_1_DUTY=0
HEAT_1_SP=-20.0
HEAT_2_TEMP=28
HEAT_2_DUTY=0
HEAT_2_SP=-20.0
HEAT_3_TEMP=24
HEAT_3_DUTY=0
HEAT_3_SP=-20.0
HEAT_4_TEMP=27
HEAT_4_DUTY=0
HEAT_4_SP=-20.0
MOTOR_ANGLE=-0.0003779069767441861
MOTOR_ACCUM=-0.0003779069767441861
MOTOR_ROT=0

[16:17:29.176 EBOX]
TS=1786201674.757
V_SENSE5=0.93994140625
V_SENSE9=0.0341796875
V_SENSE12=0.1123046875
ADC_V5=4.98260498046875
ADC_V9=9.2926025390625
ADC_V12=11.859130859375
ADC_V28=27.25830078125
THERMAL_SENS_OUT_1=24
THERMAL_SENS_OUT_2=-50
THERMAL_SENS_OUT_3=26
THERMAL_SENS_OUT_4=28
THERMAL_SENS_OUT_5=26
THERMAL_SENS_OUT_6=-50
THERMAL_SENS_INT_1=24
THERMAL_SENS_INT_2=27
PG_5=0
PG_9=0
PG_12=0
FLT_P2=0
FLT_P3=0
HEAT_1_TEMP=24
HEAT_1_DUTY=0
HEAT_1_SP=-20.0
HEAT_2_TEMP=26
HEAT_2_DUTY=0
HEAT_2_SP=-20.0
HEAT_3_TEMP=28
HEAT_3_DUTY=0
HEAT_3_SP=-20.0
HEAT_4_TEMP=26
HEAT_4_DUTY=0
HEAT_4_SP=-20.0
MOTOR_ANGLE=-0.0003779069767441861
MOTOR_ACCUM=-0.0003779069767441861
MOTOR_ROT=0

[16:17:30.046 EBOX]
TS=1786201675.259
V_SENSE5=0.90576171875
V_SENSE9=0.07080078125
V_SENSE12=0.09521484375
ADC_V5=4.920654296875
ADC_V9=9.2041015625
ADC_V12=11.81488037109375
ADC_V28=27.72735595703125
THERMAL_SENS_OUT_1=29
THERMAL_SENS_OUT_2=-50
THERMAL_SENS_OUT_3=26
THERMAL_SENS_OUT_4=28
THERMAL_SENS_OUT_5=26
THERMAL_SENS_OUT_6=-50
THERMAL_SENS_INT_1=25
THERMAL_SENS_INT_2=29
PG_5=0
PG_9=0
PG_12=0
FLT_P2=0
FLT_P3=0
HEAT_1_TEMP=29
HEAT_1_DUTY=0
HEAT_1_SP=-20.0
HEAT_2_TEMP=26
HEAT_2_DUTY=0
HEAT_2_SP=-20.0
HEAT_3_TEMP=28
HEAT_3_DUTY=0
HEAT_3_SP=-20.0
HEAT_4_TEMP=26
HEAT_4_DUTY=0
HEAT_4_SP=-20.0
MOTOR_ANGLE=-0.0003779069767441861
MOTOR_ACCUM=-0.0003779069767441861
MOTOR_ROT=0
TS=1786201675.760
V_SENSE5=0.90576171875
V_SENSE9=0.0390625
V_SENSE12=0.11962890625
ADC_V5=4.9737548828125
ADC_V9=9.08905029296875
ADC_V12=11.646728515625
ADC_V28=27.93975830078125
THERMAL_SENS_OUT_1=24
THERMAL_SENS_OUT_2=-50
THERMAL_SENS_OUT_3=27
THERMAL_SENS_OUT_4=28
THERMAL_SENS_OUT_5=26
THERMAL_SENS_OUT_6=-50
THERMAL_SENS_INT_1=24
THERMAL_SENS_INT_2=29
PG_5=0
PG_9=0
PG_12=0
FLT_P2=0
FLT_P3=0
HEAT_1_TEMP=24
HEAT_1_DUTY=0
HEAT_1_SP=-20.0
HEAT_2_TEMP=27
HEAT_2_DUTY=0
HEAT_2_SP=-20.0
HEAT_3_TEMP=28
HEAT_3_DUTY=0
HEAT_3_SP=-20.0
HEAT_4_TEMP=26
HEAT_4_DUTY=0
HEAT_4_SP=-20.0
MOTOR_ANGLE=-0.0003779069767441861
MOTOR_ACCUM=-0.0003779069767441861
MOTOR_ROT=0
TS=1786201676.261
V_SENSE5=0.92041015625
V_SENSE9=0.0341796875
V_SENSE12=0.10009765625
ADC_V5=4.9560546875
ADC_V9=9.58465576171875
ADC_V12=11.9122314453125
ADC_V28=27.55035400390625
THERMAL_SENS_OUT_1=26
THERMAL_SENS_OUT_2=-50
THERMAL_SENS_OUT_3=27
THERMAL_SENS_OUT_4=26
THERMAL_SENS_OUT_5=27
THERMAL_SENS_OUT_6=-50
THERMAL_SENS_INT_1=23
THERMAL_SENS_INT_2=24
PG_5=0
PG_9=0
PG_12=0
FLT_P2=0
FLT_P3=0
HEAT_1_TEMP=26
HEAT_1_DUTY=0
HEAT_1_SP=-20.0
HEAT_2_TEMP=27
HEAT_2_DUTY=0
HEAT_2_SP=-20.0
HEAT_3_TEMP=26
HEAT_3_DUTY=0
HEAT_3_SP=-20.0
HEAT_4_TEMP=27
HEAT_4_DUTY=0
HEAT_4_SP=-20.0
MOTOR_ANGLE=-0.0003779069767441861
MOTOR_ACCUM=-0.0003779069767441861
MOTOR_ROT=0
TS=1786201676.762
V_SENSE5=0.9130859375
V_SENSE9=0.0341796875
V_SENSE12=0.15380859375
ADC_V5=4.98260498046875
ADC_V9=9.13330078125
ADC_V12=11.859130859375
ADC_V28=27.3114013671875
THERMAL_SENS_OUT_1=24
THERMAL_SENS_OUT_2=-50
THERMAL_SENS_OUT_3=26
THERMAL_SENS_OUT_4=28
THERMAL_SENS_OUT_5=25
THERMAL_SENS_OUT_6=-50
THERMAL_SENS_INT_1=23
THERMAL_SENS_INT_2=27
PG_5=0
PG_9=0
PG_12=0
FLT_P2=0
FLT_P3=0
HEAT_1_TEMP=24
HEAT_1_DUTY=0
HEAT_1_SP=-20.0
HEAT_2_TEMP=26
HEAT_2_DUTY=0
HEAT_2_SP=-20.0
HEAT_3_TEMP=28
HEAT_3_DUTY=0
HEAT_3_SP=-20.0
HEAT_4_TEMP=25
HEAT_4_DUTY=0
HEAT_4_SP=-20.0
MOTOR_ANGLE=-0.0003779069767441861
MOTOR_ACCUM=-0.0003779069767441861
MOTOR_ROT=0

[16:17:30.471 EBOX]
TS=1786201677.274
V_SENSE5=0.91552734375
V_SENSE9=0.0341796875
V_SENSE12=0.1318359375
ADC_V5=4.991455078125
ADC_V9=8.85894775390625
ADC_V12=11.88568115234375
ADC_V28=27.14324951171875
THERMAL_SENS_OUT_1=26
THERMAL_SENS_OUT_2=-50
THERMAL_SENS_OUT_3=25
THERMAL_SENS_OUT_4=24
THERMAL_SENS_OUT_5=28
THERMAL_SENS_OUT_6=-50
THERMAL_SENS_INT_1=23
THERMAL_SENS_INT_2=26
PG_5=0
PG_9=0
PG_12=0
FLT_P2=0
FLT_P3=0
HEAT_1_TEMP=26
HEAT_1_DUTY=0
HEAT_1_SP=-20.0
HEAT_2_TEMP=25
HEAT_2_DUTY=0
HEAT_2_SP=-20.0
HEAT_3_TEMP=24
HEAT_3_DUTY=0
HEAT_3_SP=-20.0
HEAT_4_TEMP=28
HEAT_4_DUTY=0
HEAT_4_SP=-20.0
MOTOR_ANGLE=-0.0003779069767441861
MOTOR_ACCUM=-0.0003779069767441861
MOTOR_ROT=0

[16:17:31.299 EBOX]
TS=1786201677.772
V_SENSE5=0.869140625
V_SENSE9=0.0341796875
V_SENSE12=0.107421875
ADC_V5=4.920654296875
ADC_V9=9.58465576171875
ADC_V12=11.58477783203125
ADC_V28=27.69195556640625
THERMAL_SENS_OUT_1=28
THERMAL_SENS_OUT_2=-50
THERMAL_SENS_OUT_3=29
THERMAL_SENS_OUT_4=26
THERMAL_SENS_OUT_5=29
THERMAL_SENS_OUT_6=-50
THERMAL_SENS_INT_1=27
THERMAL_SENS_INT_2=24
PG_5=0
PG_9=0
PG_12=0
FLT_P2=0
FLT_P3=0
HEAT_1_TEMP=28
HEAT_1_DUTY=0
HEAT_1_SP=-20.0
HEAT_2_TEMP=29
HEAT_2_DUTY=0
HEAT_2_SP=-20.0
HEAT_3_TEMP=26
HEAT_3_DUTY=0
HEAT_3_SP=-20.0
HEAT_4_TEMP=29
HEAT_4_DUTY=0
HEAT_4_SP=-20.0
MOTOR_ANGLE=-0.0003779069767441861
MOTOR_ACCUM=-0.0003779069767441861
MOTOR_ROT=0

[16:17:31.522 EBOX]
TS=1786201678.274
V_SENSE5=0.8447265625
V_SENSE9=0.05615234375
V_SENSE12=0.1025390625
ADC_V5=4.89410400390625
ADC_V9=9.19525146484375
ADC_V12=11.92108154296875
ADC_V28=27.68310546875
THERMAL_SENS_OUT_1=28
THERMAL_SENS_OUT_2=-50
THERMAL_SENS_OUT_3=27
THERMAL_SENS_OUT_4=29
THERMAL_SENS_OUT_5=28
THERMAL_SENS_OUT_6=-50
THERMAL_SENS_INT_1=24
THERMAL_SENS_INT_2=25
PG_5=0
PG_9=0
PG_12=0
FLT_P2=0
FLT_P3=0
HEAT_1_TEMP=28
HEAT_1_DUTY=0
HEAT_1_SP=-20.0
HEAT_2_TEMP=27
HEAT_2_DUTY=0
HEAT_2_SP=-20.0
HEAT_3_TEMP=29
HEAT_3_DUTY=0
HEAT_3_SP=-20.0
HEAT_4_TEMP=28
HEAT_4_DUTY=0
HEAT_4_SP=-20.0
MOTOR_ANGLE=-0.0003779069767441861
MOTOR_ACCUM=-0.0003779069767441861
MOTOR_ROT=0

[16:17:32.349 EBOX]
TS=1786201678.776
V_SENSE5=0.8447265625
V_SENSE9=0.03662109375
V_SENSE12=0.14404296875
ADC_V5=5.0091552734375
ADC_V9=9.027099609375
ADC_V12=11.70867919921875
ADC_V28=28.01055908203125
THERMAL_SENS_OUT_1=24
THERMAL_SENS_OUT_2=-50
THERMAL_SENS_OUT_3=30
THERMAL_SENS_OUT_4=29
THERMAL_SENS_OUT_5=26
THERMAL_SENS_OUT_6=-50
THERMAL_SENS_INT_1=28
THERMAL_SENS_INT_2=25
PG_5=0
PG_9=0
PG_12=0
FLT_P2=0
FLT_P3=0
HEAT_1_TEMP=24
HEAT_1_DUTY=0
HEAT_1_SP=-20.0
HEAT_2_TEMP=30
HEAT_2_DUTY=0
HEAT_2_SP=-20.0
HEAT_3_TEMP=29
HEAT_3_DUTY=0
HEAT_3_SP=-20.0
HEAT_4_TEMP=26
HEAT_4_DUTY=0
HEAT_4_SP=-20.0
MOTOR_ANGLE=-0.0003779069767441861
MOTOR_ACCUM=-0.0003779069767441861
MOTOR_ROT=0

[16:17:32.473 EBOX]
TS=1786201679.279
V_SENSE5=0.859375
V_SENSE9=0.0390625
V_SENSE12=0.11962890625
ADC_V5=4.9560546875
ADC_V9=9.2926025390625
ADC_V12=11.8768310546875
ADC_V28=27.92205810546875
THERMAL_SENS_OUT_1=27
THERMAL_SENS_OUT_2=-50
THERMAL_SENS_OUT_3=30
THERMAL_SENS_OUT_4=25
THERMAL_SENS_OUT_5=25
THERMAL_SENS_OUT_6=-50
THERMAL_SENS_INT_1=28
THERMAL_SENS_INT_2=27
PG_5=0
PG_9=0
PG_12=0
FLT_P2=0
FLT_P3=0
HEAT_1_TEMP=27
HEAT_1_DUTY=0
HEAT_1_SP=-20.0
HEAT_2_TEMP=30
HEAT_2_DUTY=0
HEAT_2_SP=-20.0
HEAT_3_TEMP=25
HEAT_3_DUTY=0
HEAT_3_SP=-20.0
HEAT_4_TEMP=25
HEAT_4_DUTY=0
HEAT_4_SP=-20.0
MOTOR_ANGLE=-0.0003779069767441861
MOTOR_ACCUM=-0.0003779069767441861
MOTOR_ROT=0

[16:17:33.008 EBOX]
TS=1786201679.772
V_SENSE5=0.9228515625
V_SENSE9=0.0341796875
V_SENSE12=0.09033203125
ADC_V5=5.00030517578125
ADC_V9=9.0802001953125
ADC_V12=11.90338134765625
ADC_V28=27.3822021484375
THERMAL_SENS_OUT_1=23
THERMAL_SENS_OUT_2=-50
THERMAL_SENS_OUT_3=26
THERMAL_SENS_OUT_4=28
THERMAL_SENS_OUT_5=29
THERMAL_SENS_OUT_6=-50
THERMAL_SENS_INT_1=24
THERMAL_SENS_INT_2=29
PG_5=0
PG_9=0
PG_12=0
FLT_P2=0
FLT_P3=0
HEAT_1_TEMP=23
HEAT_1_DUTY=0
HEAT_1_SP=-20.0
HEAT_2_TEMP=26
HEAT_2_DUTY=0
HEAT_2_SP=-20.0
HEAT_3_TEMP=28
HEAT_3_DUTY=0
HEAT_3_SP=-20.0
HEAT_4_TEMP=29
HEAT_4_DUTY=0
HEAT_4_SP=-20.0
MOTOR_ANGLE=-0.0003779069767441861
MOTOR_ACCUM=-0.0003779069767441861
MOTOR_ROT=0

[16:17:33.533 EBOX]
TS=1786201680.274
V_SENSE5=0.927734375
V_SENSE9=0.05615234375
V_SENSE12=0.09765625
ADC_V5=4.9737548828125
ADC_V9=8.87664794921875
ADC_V12=11.77947998046875
ADC_V28=27.78045654296875
THERMAL_SENS_OUT_1=28
THERMAL_SENS_OUT_2=-50
THERMAL_SENS_OUT_3=29
THERMAL_SENS_OUT_4=25
THERMAL_SENS_OUT_5=29
THERMAL_SENS_OUT_6=-50
THERMAL_SENS_INT_1=26
THERMAL_SENS_INT_2=24
PG_5=0
PG_9=0
PG_12=0
FLT_P2=0
FLT_P3=0
HEAT_1_TEMP=28
HEAT_1_DUTY=0
HEAT_1_SP=-20.0
HEAT_2_TEMP=29
HEAT_2_DUTY=0
HEAT_2_SP=-20.0
HEAT_3_TEMP=25
HEAT_3_DUTY=0
HEAT_3_SP=-20.0
HEAT_4_TEMP=29
HEAT_4_DUTY=0
HEAT_4_SP=-20.0
MOTOR_ANGLE=-0.0003779069767441861
MOTOR_ACCUM=-0.0003779069767441861
MOTOR_ROT=0

[16:17:34.058 EBOX]
TS=1786201680.774
V_SENSE5=0.97412109375
V_SENSE9=0.0390625
V_SENSE12=0.12451171875
ADC_V5=4.9383544921875
ADC_V9=9.15985107421875
ADC_V12=11.8414306640625
ADC_V28=27.222900390625
THERMAL_SENS_OUT_1=25
THERMAL_SENS_OUT_2=-50
THERMAL_SENS_OUT_3=27
THERMAL_SENS_OUT_4=26
THERMAL_SENS_OUT_5=29
THERMAL_SENS_OUT_6=-50
THERMAL_SENS_INT_1=25
THERMAL_SENS_INT_2=25
PG_5=0
PG_9=0
PG_12=0
FLT_P2=0
FLT_P3=0
HEAT_1_TEMP=25
HEAT_1_DUTY=0
HEAT_1_SP=-20.0
HEAT_2_TEMP=27
HEAT_2_DUTY=0
HEAT_2_SP=-20.0
HEAT_3_TEMP=26
HEAT_3_DUTY=0
HEAT_3_SP=-20.0
HEAT_4_TEMP=29
HEAT_4_DUTY=0
HEAT_4_SP=-20.0
MOTOR_ANGLE=-0.0003779069767441861
MOTOR_ACCUM=-0.0003779069767441861
MOTOR_ROT=0

[16:17:34.482 EBOX]
TS=1786201681.278
V_SENSE5=0.99853515625
V_SENSE9=0.0390625
V_SENSE12=0.09765625
ADC_V5=4.9560546875
ADC_V9=9.0093994140625
ADC_V12=11.7529296875
ADC_V28=27.4176025390625
THERMAL_SENS_OUT_1=25
THERMAL_SENS_OUT_2=-50
THERMAL_SENS_OUT_3=26
THERMAL_SENS_OUT_4=28
THERMAL_SENS_OUT_5=25
THERMAL_SENS_OUT_6=-50
THERMAL_SENS_INT_1=23
THERMAL_SENS_INT_2=25
PG_5=0
PG_9=0
PG_12=0
FLT_P2=0
FLT_P3=0
HEAT_1_TEMP=25
HEAT_1_DUTY=0
HEAT_1_SP=-20.0
HEAT_2_TEMP=26
HEAT_2_DUTY=0
HEAT_2_SP=-20.0
HEAT_3_TEMP=28
HEAT_3_DUTY=0
HEAT_3_SP=-20.0
HEAT_4_TEMP=25
HEAT_4_DUTY=0
HEAT_4_SP=-20.0
MOTOR_ANGLE=-0.0003779069767441861
MOTOR_ACCUM=-0.0003779069767441861
MOTOR_ROT=0

[16:17:35.312 EBOX]
TS=1786201681.786
V_SENSE5=0.85205078125
V_SENSE9=0.04638671875
V_SENSE12=0.1171875
ADC_V5=4.88525390625
ADC_V9=9.4873046875
ADC_V12=11.7352294921875
ADC_V28=27.76275634765625
THERMAL_SENS_OUT_1=26
THERMAL_SENS_OUT_2=-50
THERMAL_SENS_OUT_3=28
THERMAL_SENS_OUT_4=25
THERMAL_SENS_OUT_5=26
THERMAL_SENS_OUT_6=-50
THERMAL_SENS_INT_1=23
THERMAL_SENS_INT_2=26
PG_5=0
PG_9=0
PG_12=0
FLT_P2=0
FLT_P3=0
HEAT_1_TEMP=26
HEAT_1_DUTY=0
HEAT_1_SP=-20.0
HEAT_2_TEMP=28
HEAT_2_DUTY=0
HEAT_2_SP=-20.0
HEAT_3_TEMP=25
HEAT_3_DUTY=0
HEAT_3_SP=-20.0
HEAT_4_TEMP=26
HEAT_4_DUTY=0
HEAT_4_SP=-20.0
MOTOR_ANGLE=-0.0003779069767441861
MOTOR_ACCUM=-0.0003779069767441861
MOTOR_ROT=0

[16:17:35.837 EBOX]
TS=1786201682.287
V_SENSE5=0.84228515625
V_SENSE9=0.03662109375
V_SENSE12=0.1171875
ADC_V5=4.991455078125
ADC_V9=9.27490234375
ADC_V12=11.8060302734375
ADC_V28=27.39990234375
THERMAL_SENS_OUT_1=22
THERMAL_SENS_OUT_2=-50
THERMAL_SENS_OUT_3=30
THERMAL_SENS_OUT_4=26
THERMAL_SENS_OUT_5=30
THERMAL_SENS_OUT_6=-50
THERMAL_SENS_INT_1=26
THERMAL_SENS_INT_2=29
PG_5=0
PG_9=0
PG_12=0
FLT_P2=0
FLT_P3=0
HEAT_1_TEMP=22
HEAT_1_DUTY=0
HEAT_1_SP=-20.0
HEAT_2_TEMP=30
HEAT_2_DUTY=0
HEAT_2_SP=-20.0
HEAT_3_TEMP=26
HEAT_3_DUTY=0
HEAT_3_SP=-20.0
HEAT_4_TEMP=30
HEAT_4_DUTY=0
HEAT_4_SP=-20.0
MOTOR_ANGLE=-0.0003779069767441861
MOTOR_ACCUM=-0.0003779069767441861
MOTOR_ROT=0

[16:17:36.064 EBOX]
TS=1786201682.789
V_SENSE5=0.84228515625
V_SENSE9=0.0390625
V_SENSE12=0.1171875
ADC_V5=4.9560546875
ADC_V9=8.99169921875
ADC_V12=11.85028076171875
ADC_V28=28.001708984375
THERMAL_SENS_OUT_1=28
THERMAL_SENS_OUT_2=-50
THERMAL_SENS_OUT_3=30
THERMAL_SENS_OUT_4=24
THERMAL_SENS_OUT_5=29
THERMAL_SENS_OUT_6=-50
THERMAL_SENS_INT_1=24
THERMAL_SENS_INT_2=29
PG_5=0
PG_9=0
PG_12=0
FLT_P2=0
FLT_P3=0
HEAT_1_TEMP=28
HEAT_1_DUTY=0
HEAT_1_SP=-20.0
HEAT_2_TEMP=30
HEAT_2_DUTY=0
HEAT_2_SP=-20.0
HEAT_3_TEMP=24
HEAT_3_DUTY=0
HEAT_3_SP=-20.0
HEAT_4_TEMP=29
HEAT_4_DUTY=0
HEAT_4_SP=-20.0
MOTOR_ANGLE=-0.0003779069767441861
MOTOR_ACCUM=-0.0003779069767441861
MOTOR_ROT=0

[16:17:36.489 EBOX]
TS=1786201683.291
V_SENSE5=0.88134765625
V_SENSE9=0.03662109375
V_SENSE12=0.10986328125
ADC_V5=5.08880615234375
ADC_V9=9.26605224609375
ADC_V12=11.929931640625
ADC_V28=27.67425537109375
THERMAL_SENS_OUT_1=24
THERMAL_SENS_OUT_2=-50
THERMAL_SENS_OUT_3=25
THERMAL_SENS_OUT_4=29
THERMAL_SENS_OUT_5=30
THERMAL_SENS_OUT_6=-50
THERMAL_SENS_INT_1=28
THERMAL_SENS_INT_2=26
PG_5=0
PG_9=0
PG_12=0
FLT_P2=0
FLT_P3=0
HEAT_1_TEMP=24
HEAT_1_DUTY=0
HEAT_1_SP=-20.0
HEAT_2_TEMP=25
HEAT_2_DUTY=0
HEAT_2_SP=-20.0
HEAT_3_TEMP=29
HEAT_3_DUTY=0
HEAT_3_SP=-20.0
HEAT_4_TEMP=30
HEAT_4_DUTY=0
HEAT_4_SP=-20.0
MOTOR_ANGLE=-0.0003779069767441861
MOTOR_ACCUM=-0.0003779069767441861
MOTOR_ROT=0

[16:17:37.017 EBOX]
TS=1786201683.785
V_SENSE5=0.93505859375
V_SENSE9=0.03662109375
V_SENSE12=0.1025390625
ADC_V5=4.9560546875
ADC_V9=9.310302734375
ADC_V12=11.62017822265625
ADC_V28=27.54150390625
THERMAL_SENS_OUT_1=27
THERMAL_SENS_OUT_2=-50
THERMAL_SENS_OUT_3=25
THERMAL_SENS_OUT_4=26
THERMAL_SENS_OUT_5=28
THERMAL_SENS_OUT_6=-50
THERMAL_SENS_INT_1=25
THERMAL_SENS_INT_2=27
PG_5=0
PG_9=0
PG_12=0
FLT_P2=0
FLT_P3=0
HEAT_1_TEMP=27
HEAT_1_DUTY=0
HEAT_1_SP=-20.0
HEAT_2_TEMP=25
HEAT_2_DUTY=0
HEAT_2_SP=-20.0
HEAT_3_TEMP=26
HEAT_3_DUTY=0
HEAT_3_SP=-20.0
HEAT_4_TEMP=28
HEAT_4_DUTY=0
HEAT_4_SP=-20.0
MOTOR_ANGLE=-0.0003779069767441861
MOTOR_ACCUM=-0.0003779069767441861
MOTOR_ROT=0

[16:17:37.852 EBOX]
TS=1786201684.286
V_SENSE5=0.91552734375
V_SENSE9=0.0341796875
V_SENSE12=0.11474609375
ADC_V5=4.9737548828125
ADC_V9=9.0625
ADC_V12=11.7706298828125
ADC_V28=27.506103515625
THERMAL_SENS_OUT_1=25
THERMAL_SENS_OUT_2=-50
THERMAL_SENS_OUT_3=27
THERMAL_SENS_OUT_4=27
THERMAL_SENS_OUT_5=27
THERMAL_SENS_OUT_6=-50
THERMAL_SENS_INT_1=23
THERMAL_SENS_INT_2=28
PG_5=0
PG_9=0
PG_12=0
FLT_P2=0
FLT_P3=0
HEAT_1_TEMP=25
HEAT_1_DUTY=0
HEAT_1_SP=-20.0
HEAT_2_TEMP=27
HEAT_2_DUTY=0
HEAT_2_SP=-20.0
HEAT_3_TEMP=27
HEAT_3_DUTY=0
HEAT_3_SP=-20.0
HEAT_4_TEMP=27
HEAT_4_DUTY=0
HEAT_4_SP=-20.0
MOTOR_ANGLE=-0.0003779069767441861
MOTOR_ACCUM=-0.0003779069767441861
MOTOR_ROT=0

[16:17:38.091 EBOX]
TS=1786201684.787
V_SENSE5=0.91552734375
V_SENSE9=0.03662109375
V_SENSE12=0.1025390625
ADC_V5=5.01800537109375
ADC_V9=9.239501953125
ADC_V12=11.74407958984375
ADC_V28=27.83355712890625
THERMAL_SENS_OUT_1=24
THERMAL_SENS_OUT_2=-50
THERMAL_SENS_OUT_3=29
THERMAL_SENS_OUT_4=24
THERMAL_SENS_OUT_5=27
THERMAL_SENS_OUT_6=-50
THERMAL_SENS_INT_1=27
THERMAL_SENS_INT_2=28
PG_5=0
PG_9=0
PG_12=0
FLT_P2=0
FLT_P3=0
HEAT_1_TEMP=24
HEAT_1_DUTY=0
HEAT_1_SP=-20.0
HEAT_2_TEMP=29
HEAT_2_DUTY=0
HEAT_2_SP=-20.0
HEAT_3_TEMP=24
HEAT_3_DUTY=0
HEAT_3_SP=-20.0
HEAT_4_TEMP=27
HEAT_4_DUTY=0
HEAT_4_SP=-20.0
MOTOR_ANGLE=-0.0003779069767441861
MOTOR_ACCUM=-0.0003779069767441861
MOTOR_ROT=0

[16:17:38.534 EBOX]
TS=1786201685.289
V_SENSE5=0.8935546875
V_SENSE9=0.03662109375
V_SENSE12=0.1025390625
ADC_V5=5.00030517578125
ADC_V9=9.17755126953125
ADC_V12=11.90338134765625
ADC_V28=27.60345458984375
THERMAL_SENS_OUT_1=26
THERMAL_SENS_OUT_2=-50
THERMAL_SENS_OUT_3=30
THERMAL_SENS_OUT_4=26
THERMAL_SENS_OUT_5=29
THERMAL_SENS_OUT_6=-50
THERMAL_SENS_INT_1=27
THERMAL_SENS_INT_2=29
PG_5=0
PG_9=0
PG_12=0
FLT_P2=0
FLT_P3=0
HEAT_1_TEMP=26
HEAT_1_DUTY=0
HEAT_1_SP=-20.0
HEAT_2_TEMP=30
HEAT_2_DUTY=0
HEAT_2_SP=-20.0
HEAT_3_TEMP=26
HEAT_3_DUTY=0
HEAT_3_SP=-20.0
HEAT_4_TEMP=29
HEAT_4_DUTY=0
HEAT_4_SP=-20.0
MOTOR_ANGLE=-0.0003779069767441861
MOTOR_ACCUM=-0.0003779069767441861
MOTOR_ROT=0

[16:17:39.083 EBOX]
TS=1786201685.794
V_SENSE5=0.87890625
V_SENSE9=0.05615234375
V_SENSE12=0.15380859375
ADC_V5=5.07110595703125
ADC_V9=8.9385986328125
ADC_V12=11.95648193359375
ADC_V28=27.65655517578125
THERMAL_SENS_OUT_1=24
THERMAL_SENS_OUT_2=-50
THERMAL_SENS_OUT_3=26
THERMAL_SENS_OUT_4=25
THERMAL_SENS_OUT_5=26
THERMAL_SENS_OUT_6=-50
THERMAL_SENS_INT_1=27
THERMAL_SENS_INT_2=28
PG_5=0
PG_9=0
PG_12=0
FLT_P2=0
FLT_P3=0
HEAT_1_TEMP=24
HEAT_1_DUTY=0
HEAT_1_SP=-20.0
HEAT_2_TEMP=26
HEAT_2_DUTY=0
HEAT_2_SP=-20.0
HEAT_3_TEMP=25
HEAT_3_DUTY=0
HEAT_3_SP=-20.0
HEAT_4_TEMP=26
HEAT_4_DUTY=0
HEAT_4_SP=-20.0
MOTOR_ANGLE=-0.0003779069767441861
MOTOR_ACCUM=-0.0003779069767441861
MOTOR_ROT=0

[16:17:39.542 EBOX]
TS=1786201686.297
V_SENSE5=0.89599609375
V_SENSE9=0.03662109375
V_SENSE12=0.1220703125
ADC_V5=4.9737548828125
ADC_V9=9.239501953125
ADC_V12=11.611328125
ADC_V28=27.789306640625
THERMAL_SENS_OUT_1=25
THERMAL_SENS_OUT_2=-50
THERMAL_SENS_OUT_3=25
THERMAL_SENS_OUT_4=25
THERMAL_SENS_OUT_5=26
THERMAL_SENS_OUT_6=-50
THERMAL_SENS_INT_1=29
THERMAL_SENS_INT_2=27
PG_5=0
PG_9=0
PG_12=0
FLT_P2=0
FLT_P3=0
HEAT_1_TEMP=25
HEAT_1_DUTY=0
HEAT_1_SP=-20.0
HEAT_2_TEMP=25
HEAT_2_DUTY=0
HEAT_2_SP=-20.0
HEAT_3_TEMP=25
HEAT_3_DUTY=0
HEAT_3_SP=-20.0
HEAT_4_TEMP=26
HEAT_4_DUTY=0
HEAT_4_SP=-20.0
MOTOR_ANGLE=-0.0003779069767441861
MOTOR_ACCUM=-0.0003779069767441861
MOTOR_ROT=0

[16:17:40.389 EBOX]
TS=1786201686.792
V_SENSE5=0.9033203125
V_SENSE9=0.0390625
V_SENSE12=0.12451171875
ADC_V5=4.91180419921875
ADC_V9=9.097900390625
ADC_V12=11.76177978515625
ADC_V28=27.8955078125
THERMAL_SENS_OUT_1=24
THERMAL_SENS_OUT_2=-50
THERMAL_SENS_OUT_3=25
THERMAL_SENS_OUT_4=27
THERMAL_SENS_OUT_5=26
THERMAL_SENS_OUT_6=-50
THERMAL_SENS_INT_1=23
THERMAL_SENS_INT_2=25
PG_5=0
PG_9=0
PG_12=0
FLT_P2=0
FLT_P3=0
HEAT_1_TEMP=24
HEAT_1_DUTY=0
HEAT_1_SP=-20.0
HEAT_2_TEMP=25
HEAT_2_DUTY=0
HEAT_2_SP=-20.0
HEAT_3_TEMP=27
HEAT_3_DUTY=0
HEAT_3_SP=-20.0
HEAT_4_TEMP=26
HEAT_4_DUTY=0
HEAT_4_SP=-20.0
MOTOR_ANGLE=-0.0003779069767441861
MOTOR_ACCUM=-0.0003779069767441861
MOTOR_ROT=0

[16:17:40.524 EBOX]
TS=1786201687.294
V_SENSE5=0.93505859375
V_SENSE9=0.029296875
V_SENSE12=0.14404296875
ADC_V5=4.92950439453125
ADC_V9=9.4342041015625
ADC_V12=11.9122314453125
ADC_V28=27.470703125
THERMAL_SENS_OUT_1=27
THERMAL_SENS_OUT_2=-50
THERMAL_SENS_OUT_3=28
THERMAL_SENS_OUT_4=29
THERMAL_SENS_OUT_5=29
THERMAL_SENS_OUT_6=-50
THERMAL_SENS_INT_1=24
THERMAL_SENS_INT_2=27
PG_5=0
PG_9=0
PG_12=0
FLT_P2=0
FLT_P3=0
HEAT_1_TEMP=27
HEAT_1_DUTY=0
HEAT_1_SP=-20.0
HEAT_2_TEMP=28
HEAT_2_DUTY=0
HEAT_2_SP=-20.0
HEAT_3_TEMP=29
HEAT_3_DUTY=0
HEAT_3_SP=-20.0
HEAT_4_TEMP=29
HEAT_4_DUTY=0
HEAT_4_SP=-20.0
MOTOR_ANGLE=-0.0003779069767441861
MOTOR_ACCUM=-0.0003779069767441861
MOTOR_ROT=0

[16:17:41.062 EBOX]
TS=1786201687.795
V_SENSE5=0.9033203125
V_SENSE9=0.0390625
V_SENSE12=0.10986328125
ADC_V5=4.991455078125
ADC_V9=9.23065185546875
ADC_V12=11.7529296875
ADC_V28=27.28485107421875
THERMAL_SENS_OUT_1=26
THERMAL_SENS_OUT_2=-50
THERMAL_SENS_OUT_3=26
THERMAL_SENS_OUT_4=28
THERMAL_SENS_OUT_5=26
THERMAL_SENS_OUT_6=-50
THERMAL_SENS_INT_1=23
THERMAL_SENS_INT_2=27
PG_5=0
PG_9=0
PG_12=0
FLT_P2=0
FLT_P3=0
HEAT_1_TEMP=26
HEAT_1_DUTY=0
HEAT_1_SP=-20.0
HEAT_2_TEMP=26
HEAT_2_DUTY=0
HEAT_2_SP=-20.0
HEAT_3_TEMP=28
HEAT_3_DUTY=0
HEAT_3_SP=-20.0
HEAT_4_TEMP=26
HEAT_4_DUTY=0
HEAT_4_SP=-20.0
MOTOR_ANGLE=-0.0003779069767441861
MOTOR_ACCUM=-0.0003779069767441861
MOTOR_ROT=0

[16:17:41.594 EBOX]
TS=1786201688.296
V_SENSE5=0.9033203125
V_SENSE9=0.03662109375
V_SENSE12=0.09765625
ADC_V5=5.0091552734375
ADC_V9=9.01824951171875
ADC_V12=11.77947998046875
ADC_V28=27.5946044921875
THERMAL_SENS_OUT_1=24
THERMAL_SENS_OUT_2=-50
THERMAL_SENS_OUT_3=26
THERMAL_SENS_OUT_4=26
THERMAL_SENS_OUT_5=29
THERMAL_SENS_OUT_6=-50
THERMAL_SENS_INT_1=24
THERMAL_SENS_INT_2=28
PG_5=0
PG_9=0
PG_12=0
FLT_P2=0
FLT_P3=0
HEAT_1_TEMP=24
HEAT_1_DUTY=0
HEAT_1_SP=-20.0
HEAT_2_TEMP=26
HEAT_2_DUTY=0
HEAT_2_SP=-20.0
HEAT_3_TEMP=26
HEAT_3_DUTY=0
HEAT_3_SP=-20.0
HEAT_4_TEMP=29
HEAT_4_DUTY=0
HEAT_4_SP=-20.0
MOTOR_ANGLE=-0.0003779069767441861
MOTOR_ACCUM=-0.0003779069767441861
MOTOR_ROT=0

[16:17:42.336 EBOX]
TS=1786201688.812
V_SENSE5=0.810546875
V_SENSE9=0.07568359375
V_SENSE12=0.09765625
ADC_V5=4.9560546875
ADC_V9=9.51385498046875
ADC_V12=11.62017822265625
ADC_V28=27.74505615234375
THERMAL_SENS_OUT_1=28
THERMAL_SENS_OUT_2=-50
THERMAL_SENS_OUT_3=28
THERMAL_SENS_OUT_4=29
THERMAL_SENS_OUT_5=28
THERMAL_SENS_OUT_6=-50
THERMAL_SENS_INT_1=24
THERMAL_SENS_INT_2=24
PG_5=0
PG_9=0
PG_12=0
FLT_P2=0
FLT_P3=0
HEAT_1_TEMP=28
HEAT_1_DUTY=0
HEAT_1_SP=-20.0
HEAT_2_TEMP=28
HEAT_2_DUTY=0
HEAT_2_SP=-20.0
HEAT_3_TEMP=29
HEAT_3_DUTY=0
HEAT_3_SP=-20.0
HEAT_4_TEMP=28
HEAT_4_DUTY=0
HEAT_4_SP=-20.0
MOTOR_ANGLE=-0.0003779069767441861
MOTOR_ACCUM=-0.0003779069767441861
MOTOR_ROT=0

[16:17:42.563 EBOX]
TS=1786201689.309
V_SENSE5=0.80810546875
V_SENSE9=0.03662109375
V_SENSE12=0.1025390625
ADC_V5=4.9560546875
ADC_V9=9.1864013671875
ADC_V12=11.859130859375
ADC_V28=27.789306640625
THERMAL_SENS_OUT_1=25
THERMAL_SENS_OUT_2=-50
THERMAL_SENS_OUT_3=25
THERMAL_SENS_OUT_4=27
THERMAL_SENS_OUT_5=30
THERMAL_SENS_OUT_6=-50
THERMAL_SENS_INT_1=24
THERMAL_SENS_INT_2=26
PG_5=0
PG_9=0
PG_12=0
FLT_P2=0
FLT_P3=0
HEAT_1_TEMP=25
HEAT_1_DUTY=0
HEAT_1_SP=-20.0
HEAT_2_TEMP=25
HEAT_2_DUTY=0
HEAT_2_SP=-20.0
HEAT_3_TEMP=27
HEAT_3_DUTY=0
HEAT_3_SP=-20.0
HEAT_4_TEMP=30
HEAT_4_DUTY=0
HEAT_4_SP=-20.0
MOTOR_ANGLE=-0.0003779069767441861
MOTOR_ACCUM=-0.0003779069767441861
MOTOR_ROT=0

[16:17:43.112 EBOX]
TS=1786201689.808
V_SENSE5=0.859375
V_SENSE9=0.07568359375
V_SENSE12=0.09765625
ADC_V5=5.0091552734375
ADC_V9=8.84124755859375
ADC_V12=11.8060302734375
ADC_V28=27.718505859375
THERMAL_SENS_OUT_1=26
THERMAL_SENS_OUT_2=-50
THERMAL_SENS_OUT_3=28
THERMAL_SENS_OUT_4=24
THERMAL_SENS_OUT_5=28
THERMAL_SENS_OUT_6=-50
THERMAL_SENS_INT_1=27
THERMAL_SENS_INT_2=24
PG_5=0
PG_9=0
PG_12=0
FLT_P2=0
FLT_P3=0
HEAT_1_TEMP=26
HEAT_1_DUTY=0
HEAT_1_SP=-20.0
HEAT_2_TEMP=28
HEAT_2_DUTY=0
HEAT_2_SP=-20.0
HEAT_3_TEMP=24
HEAT_3_DUTY=0
HEAT_3_SP=-20.0
HEAT_4_TEMP=28
HEAT_4_DUTY=0
HEAT_4_SP=-20.0
MOTOR_ANGLE=-0.0003779069767441861
MOTOR_ACCUM=-0.0003779069767441861
MOTOR_ROT=0

[16:17:43.551 EBOX]
TS=1786201690.309
V_SENSE5=0.92529296875
V_SENSE9=0.03662109375
V_SENSE12=0.107421875
ADC_V5=4.8675537109375
ADC_V9=9.46075439453125
ADC_V12=11.859130859375
ADC_V28=27.53265380859375
THERMAL_SENS_OUT_1=24
THERMAL_SENS_OUT_2=-50
THERMAL_SENS_OUT_3=24
THERMAL_SENS_OUT_4=26
THERMAL_SENS_OUT_5=29
THERMAL_SENS_OUT_6=-50
THERMAL_SENS_INT_1=26
THERMAL_SENS_INT_2=29
PG_5=0
PG_9=0
PG_12=0
FLT_P2=0
FLT_P3=0
HEAT_1_TEMP=24
HEAT_1_DUTY=0
HEAT_1_SP=-20.0
HEAT_2_TEMP=24
HEAT_2_DUTY=0
HEAT_2_SP=-20.0
HEAT_3_TEMP=26
HEAT_3_DUTY=0
HEAT_3_SP=-20.0
HEAT_4_TEMP=29
HEAT_4_DUTY=0
HEAT_4_SP=-20.0
MOTOR_ANGLE=-0.0003779069767441861
MOTOR_ACCUM=-0.0003779069767441861
MOTOR_ROT=0

[16:17:45.194 EBOX]
TS=1786201690.814
V_SENSE5=0.87890625
V_SENSE9=0.0390625
V_SENSE12=0.1220703125
ADC_V5=5.01800537109375
ADC_V9=9.2926025390625
ADC_V12=11.929931640625
ADC_V28=27.93975830078125
THERMAL_SENS_OUT_1=25
THERMAL_SENS_OUT_2=-50
THERMAL_SENS_OUT_3=29
THERMAL_SENS_OUT_4=27
THERMAL_SENS_OUT_5=27
THERMAL_SENS_OUT_6=-50
THERMAL_SENS_INT_1=24
THERMAL_SENS_INT_2=26
PG_5=0
PG_9=0
PG_12=0
FLT_P2=0
FLT_P3=0
HEAT_1_TEMP=25
HEAT_1_DUTY=0
HEAT_1_SP=-20.0
HEAT_2_TEMP=29
HEAT_2_DUTY=0
HEAT_2_SP=-20.0
HEAT_3_TEMP=27
HEAT_3_DUTY=0
HEAT_3_SP=-20.0
HEAT_4_TEMP=27
HEAT_4_DUTY=0
HEAT_4_SP=-20.0
MOTOR_ANGLE=-0.0003779069767441861
MOTOR_ACCUM=-0.0003779069767441861
MOTOR_ROT=0

[16:17:45.347 EBOX]
TS=1786201691.315
V_SENSE5=0.97412109375
V_SENSE9=0.0390625
V_SENSE12=0.10009765625
ADC_V5=4.85870361328125
ADC_V9=9.0093994140625
ADC_V12=11.88568115234375
ADC_V28=27.16094970703125
THERMAL_SENS_OUT_1=26
THERMAL_SENS_OUT_2=-50
THERMAL_SENS_OUT_3=25
THERMAL_SENS_OUT_4=24
THERMAL_SENS_OUT_5=25
THERMAL_SENS_OUT_6=-50
THERMAL_SENS_INT_1=25
THERMAL_SENS_INT_2=26
PG_5=0
PG_9=0
PG_12=0
FLT_P2=0
FLT_P3=0
HEAT_1_TEMP=26
HEAT_1_DUTY=0
HEAT_1_SP=-20.0
HEAT_2_TEMP=25
HEAT_2_DUTY=0
HEAT_2_SP=-20.0
HEAT_3_TEMP=24
HEAT_3_DUTY=0
HEAT_3_SP=-20.0
HEAT_4_TEMP=25
HEAT_4_DUTY=0
HEAT_4_SP=-20.0
MOTOR_ANGLE=-0.0003779069767441861
MOTOR_ACCUM=-0.0003779069767441861
MOTOR_ROT=0
TS=1786201691.816
V_SENSE5=0.8447265625
V_SENSE9=0.03662109375
V_SENSE12=0.11474609375
ADC_V5=4.87640380859375
ADC_V9=9.17755126953125
ADC_V12=11.63787841796875
ADC_V28=27.789306640625
THERMAL_SENS_OUT_1=26
THERMAL_SENS_OUT_2=-50
THERMAL_SENS_OUT_3=29
THERMAL_SENS_OUT_4=24
THERMAL_SENS_OUT_5=26
THERMAL_SENS_OUT_6=-50
THERMAL_SENS_INT_1=25
THERMAL_SENS_INT_2=29
PG_5=0
PG_9=0
PG_12=0
FLT_P2=0
FLT_P3=0
HEAT_1_TEMP=26
HEAT_1_DUTY=0
HEAT_1_SP=-20.0
HEAT_2_TEMP=29
HEAT_2_DUTY=0
HEAT_2_SP=-20.0
HEAT_3_TEMP=24
HEAT_3_DUTY=0
HEAT_3_SP=-20.0
HEAT_4_TEMP=26
HEAT_4_DUTY=0
HEAT_4_SP=-20.0
MOTOR_ANGLE=-0.0003779069767441861
MOTOR_ACCUM=-0.0003779069767441861
MOTOR_ROT=0

[16:17:45.579 EBOX]
TS=1786201692.310
V_SENSE5=0.89111328125
V_SENSE9=0.0341796875
V_SENSE12=0.107421875
ADC_V5=4.92950439453125
ADC_V9=9.1864013671875
ADC_V12=11.9122314453125
ADC_V28=27.72735595703125
THERMAL_SENS_OUT_1=27
THERMAL_SENS_OUT_2=-50
THERMAL_SENS_OUT_3=27
THERMAL_SENS_OUT_4=27
THERMAL_SENS_OUT_5=28
THERMAL_SENS_OUT_6=-50
THERMAL_SENS_INT_1=26
THERMAL_SENS_INT_2=29
PG_5=0
PG_9=0
PG_12=0
FLT_P2=0
FLT_P3=0
HEAT_1_TEMP=27
HEAT_1_DUTY=0
HEAT_1_SP=-20.0
HEAT_2_TEMP=27
HEAT_2_DUTY=0
HEAT_2_SP=-20.0
HEAT_3_TEMP=27
HEAT_3_DUTY=0
HEAT_3_SP=-20.0
HEAT_4_TEMP=28
HEAT_4_DUTY=0
HEAT_4_SP=-20.0
MOTOR_ANGLE=-0.0003779069767441861
MOTOR_ACCUM=-0.0003779069767441861
MOTOR_ROT=0

[16:17:46.415 EBOX]
TS=1786201692.811
V_SENSE5=0.93505859375
V_SENSE9=0.0390625
V_SENSE12=0.12451171875
ADC_V5=4.91180419921875
ADC_V9=8.99169921875
ADC_V12=11.89453125
ADC_V28=27.49725341796875
THERMAL_SENS_OUT_1=28
THERMAL_SENS_OUT_2=-50
THERMAL_SENS_OUT_3=28
THERMAL_SENS_OUT_4=28
THERMAL_SENS_OUT_5=28
THERMAL_SENS_OUT_6=-50
THERMAL_SENS_INT_1=25
THERMAL_SENS_INT_2=27
PG_5=0
PG_9=0
PG_12=0
FLT_P2=0
FLT_P3=0
HEAT_1_TEMP=28
HEAT_1_DUTY=0
HEAT_1_SP=-20.0
HEAT_2_TEMP=28
HEAT_2_DUTY=0
HEAT_2_SP=-20.0
HEAT_3_TEMP=28
HEAT_3_DUTY=0
HEAT_3_SP=-20.0
HEAT_4_TEMP=28
HEAT_4_DUTY=0
HEAT_4_SP=-20.0
MOTOR_ANGLE=-0.0003779069767441861
MOTOR_ACCUM=-0.0003779069767441861
MOTOR_ROT=0

[16:17:46.543 EBOX]
TS=1786201693.311
V_SENSE5=0.93994140625
V_SENSE9=0.0341796875
V_SENSE12=0.09521484375
ADC_V5=4.89410400390625
ADC_V9=9.49615478515625
ADC_V12=11.8414306640625
ADC_V28=27.3114013671875
THERMAL_SENS_OUT_1=23
THERMAL_SENS_OUT_2=-50
THERMAL_SENS_OUT_3=25
THERMAL_SENS_OUT_4=27
THERMAL_SENS_OUT_5=27
THERMAL_SENS_OUT_6=-50
THERMAL_SENS_INT_1=24
THERMAL_SENS_INT_2=28
PG_5=0
PG_9=0
PG_12=0
FLT_P2=0
FLT_P3=0
HEAT_1_TEMP=23
HEAT_1_DUTY=0
HEAT_1_SP=-20.0
HEAT_2_TEMP=25
HEAT_2_DUTY=0
HEAT_2_SP=-20.0
HEAT_3_TEMP=27
HEAT_3_DUTY=0
HEAT_3_SP=-20.0
HEAT_4_TEMP=27
HEAT_4_DUTY=0
HEAT_4_SP=-20.0
MOTOR_ANGLE=-0.0003779069767441861
MOTOR_ACCUM=-0.0003779069767441861
MOTOR_ROT=0

[16:17:47.085 EBOX]
TS=1786201693.812
V_SENSE5=0.91796875
V_SENSE9=0.0341796875
V_SENSE12=0.1025390625
ADC_V5=4.89410400390625
ADC_V9=9.2218017578125
ADC_V12=11.6290283203125
ADC_V28=27.74505615234375
THERMAL_SENS_OUT_1=27
THERMAL_SENS_OUT_2=-50
THERMAL_SENS_OUT_3=27
THERMAL_SENS_OUT_4=26
THERMAL_SENS_OUT_5=29
THERMAL_SENS_OUT_6=-50
THERMAL_SENS_INT_1=27
THERMAL_SENS_INT_2=24
PG_5=0
PG_9=0
PG_12=0
FLT_P2=0
FLT_P3=0
HEAT_1_TEMP=27
HEAT_1_DUTY=0
HEAT_1_SP=-20.0
HEAT_2_TEMP=27
HEAT_2_DUTY=0
HEAT_2_SP=-20.0
HEAT_3_TEMP=26
HEAT_3_DUTY=0
HEAT_3_SP=-20.0
HEAT_4_TEMP=29
HEAT_4_DUTY=0
HEAT_4_SP=-20.0
MOTOR_ANGLE=-0.0003779069767441861
MOTOR_ACCUM=-0.0003779069767441861
MOTOR_ROT=0

[16:17:47.621 EBOX]
TS=1786201694.315
V_SENSE5=0.9326171875
V_SENSE9=0.0341796875
V_SENSE12=0.09765625
ADC_V5=5.01800537109375
ADC_V9=8.80584716796875
ADC_V12=11.72637939453125
ADC_V28=27.72735595703125
THERMAL_SENS_OUT_1=27
THERMAL_SENS_OUT_2=-50
THERMAL_SENS_OUT_3=29
THERMAL_SENS_OUT_4=27
THERMAL_SENS_OUT_5=29
THERMAL_SENS_OUT_6=-50
THERMAL_SENS_INT_1=24
THERMAL_SENS_INT_2=25
PG_5=0
PG_9=0
PG_12=0
FLT_P2=0
FLT_P3=0
HEAT_1_TEMP=27
HEAT_1_DUTY=0
HEAT_1_SP=-20.0
HEAT_2_TEMP=29
HEAT_2_DUTY=0
HEAT_2_SP=-20.0
HEAT_3_TEMP=27
HEAT_3_DUTY=0
HEAT_3_SP=-20.0
HEAT_4_TEMP=29
HEAT_4_DUTY=0
HEAT_4_SP=-20.0
MOTOR_ANGLE=-0.0003779069767441861
MOTOR_ACCUM=-0.0003779069767441861
MOTOR_ROT=0

[16:17:48.108 EBOX]
TS=1786201694.815
V_SENSE5=0.91796875
V_SENSE9=0.0341796875
V_SENSE12=0.126953125
ADC_V5=5.00030517578125
ADC_V9=9.2572021484375
ADC_V12=11.929931640625
ADC_V28=27.6654052734375
THERMAL_SENS_OUT_1=26
THERMAL_SENS_OUT_2=-50
THERMAL_SENS_OUT_3=26
THERMAL_SENS_OUT_4=28
THERMAL_SENS_OUT_5=26
THERMAL_SENS_OUT_6=-50
THERMAL_SENS_INT_1=25
THERMAL_SENS_INT_2=28
PG_5=0
PG_9=0
PG_12=0
FLT_P2=0
FLT_P3=0
HEAT_1_TEMP=26
HEAT_1_DUTY=0
HEAT_1_SP=-20.0
HEAT_2_TEMP=26
HEAT_2_DUTY=0
HEAT_2_SP=-20.0
HEAT_3_TEMP=28
HEAT_3_DUTY=0
HEAT_3_SP=-20.0
HEAT_4_TEMP=26
HEAT_4_DUTY=0
HEAT_4_SP=-20.0
MOTOR_ANGLE=-0.0003779069767441861
MOTOR_ACCUM=-0.0003779069767441861
MOTOR_ROT=0

[16:17:48.588 EBOX]
TS=1786201695.317
V_SENSE5=0.91796875
V_SENSE9=0.0390625
V_SENSE12=0.1171875
ADC_V5=4.94720458984375
ADC_V9=9.2041015625
ADC_V12=11.7706298828125
ADC_V28=27.63885498046875
THERMAL_SENS_OUT_1=28
THERMAL_SENS_OUT_2=-50
THERMAL_SENS_OUT_3=29
THERMAL_SENS_OUT_4=24
THERMAL_SENS_OUT_5=26
THERMAL_SENS_OUT_6=-50
THERMAL_SENS_INT_1=28
THERMAL_SENS_INT_2=26
PG_5=0
PG_9=0
PG_12=0
FLT_P2=0
FLT_P3=0
HEAT_1_TEMP=28
HEAT_1_DUTY=0
HEAT_1_SP=-20.0
HEAT_2_TEMP=29
HEAT_2_DUTY=0
HEAT_2_SP=-20.0
HEAT_3_TEMP=24
HEAT_3_DUTY=0
HEAT_3_SP=-20.0
HEAT_4_TEMP=26
HEAT_4_DUTY=0
HEAT_4_SP=-20.0
MOTOR_ANGLE=-0.0003779069767441861
MOTOR_ACCUM=-0.0003779069767441861
MOTOR_ROT=0

[16:17:49.140 EBOX]
TS=1786201695.818
V_SENSE5=0.9375
V_SENSE9=0.0341796875
V_SENSE12=0.09765625
ADC_V5=4.920654296875
ADC_V9=8.92974853515625
ADC_V12=11.8768310546875
ADC_V28=27.5592041015625
THERMAL_SENS_OUT_1=25
THERMAL_SENS_OUT_2=-50
THERMAL_SENS_OUT_3=28
THERMAL_SENS_OUT_4=28
THERMAL_SENS_OUT_5=25
THERMAL_SENS_OUT_6=-50
THERMAL_SENS_INT_1=25
THERMAL_SENS_INT_2=29
PG_5=0
PG_9=0
PG_12=0
FLT_P2=0
FLT_P3=0
HEAT_1_TEMP=25
HEAT_1_DUTY=0
HEAT_1_SP=-20.0
HEAT_2_TEMP=28
HEAT_2_DUTY=0
HEAT_2_SP=-20.0
HEAT_3_TEMP=28
HEAT_3_DUTY=0
HEAT_3_SP=-20.0
HEAT_4_TEMP=25
HEAT_4_DUTY=0
HEAT_4_SP=-20.0
MOTOR_ANGLE=-0.0003779069767441861
MOTOR_ACCUM=-0.0003779069767441861
MOTOR_ROT=0

[16:17:49.568 EBOX]
TS=1786201696.323
V_SENSE5=0.85205078125
V_SENSE9=0.0341796875
V_SENSE12=0.10986328125
ADC_V5=4.9383544921875
ADC_V9=9.26605224609375
ADC_V12=11.60247802734375
ADC_V28=27.95745849609375
THERMAL_SENS_OUT_1=26
THERMAL_SENS_OUT_2=-50
THERMAL_SENS_OUT_3=26
THERMAL_SENS_OUT_4=24
THERMAL_SENS_OUT_5=30
THERMAL_SENS_OUT_6=-50
THERMAL_SENS_INT_1=24
THERMAL_SENS_INT_2=29
PG_5=0
PG_9=0
PG_12=0
FLT_P2=0
FLT_P3=0
HEAT_1_TEMP=26
HEAT_1_DUTY=0
HEAT_1_SP=-20.0
HEAT_2_TEMP=26
HEAT_2_DUTY=0
HEAT_2_SP=-20.0
HEAT_3_TEMP=24
HEAT_3_DUTY=0
HEAT_3_SP=-20.0
HEAT_4_TEMP=30
HEAT_4_DUTY=0
HEAT_4_SP=-20.0
MOTOR_ANGLE=-0.0003779069767441861
MOTOR_ACCUM=-0.0003779069767441861
MOTOR_ROT=0

[16:17:50.096 EBOX]
TS=1786201696.827
V_SENSE5=0.8544921875
V_SENSE9=0.03662109375
V_SENSE12=0.11962890625
ADC_V5=5.08880615234375
ADC_V9=9.03594970703125
ADC_V12=11.82373046875
ADC_V28=27.6654052734375
THERMAL_SENS_OUT_1=28
THERMAL_SENS_OUT_2=-50
THERMAL_SENS_OUT_3=28
THERMAL_SENS_OUT_4=29
THERMAL_SENS_OUT_5=27
THERMAL_SENS_OUT_6=-50
THERMAL_SENS_INT_1=25
THERMAL_SENS_INT_2=29
PG_5=0
PG_9=0
PG_12=0
FLT_P2=0
FLT_P3=0
HEAT_1_TEMP=28
HEAT_1_DUTY=0
HEAT_1_SP=-20.0
HEAT_2_TEMP=28
HEAT_2_DUTY=0
HEAT_2_SP=-20.0
HEAT_3_TEMP=29
HEAT_3_DUTY=0
HEAT_3_SP=-20.0
HEAT_4_TEMP=27
HEAT_4_DUTY=0
HEAT_4_SP=-20.0
MOTOR_ANGLE=-0.0003779069767441861
MOTOR_ACCUM=-0.0003779069767441861
MOTOR_ROT=0

[16:17:50.926 EBOX]
TS=1786201697.328
V_SENSE5=0.87158203125
V_SENSE9=0.05126953125
V_SENSE12=0.10009765625
ADC_V5=4.8675537109375
ADC_V9=9.53155517578125
ADC_V12=11.859130859375
ADC_V28=27.6123046875
THERMAL_SENS_OUT_1=28
THERMAL_SENS_OUT_2=-50
THERMAL_SENS_OUT_3=27
THERMAL_SENS_OUT_4=29
THERMAL_SENS_OUT_5=27
THERMAL_SENS_OUT_6=-50
THERMAL_SENS_INT_1=25
THERMAL_SENS_INT_2=30
PG_5=0
PG_9=0
PG_12=0
FLT_P2=0
FLT_P3=0
HEAT_1_TEMP=28
HEAT_1_DUTY=0
HEAT_1_SP=-20.0
HEAT_2_TEMP=27
HEAT_2_DUTY=0
HEAT_2_SP=-20.0
HEAT_3_TEMP=29
HEAT_3_DUTY=0
HEAT_3_SP=-20.0
HEAT_4_TEMP=27
HEAT_4_DUTY=0
HEAT_4_SP=-20.0
MOTOR_ANGLE=-0.0003779069767441861
MOTOR_ACCUM=-0.0003779069767441861
MOTOR_ROT=0

[16:17:51.052 EBOX]
TS=1786201697.832
V_SENSE5=0.85693359375
V_SENSE9=0.03662109375
V_SENSE12=0.1025390625
ADC_V5=4.96490478515625
ADC_V9=9.239501953125
ADC_V12=11.9122314453125
ADC_V28=27.88665771484375
THERMAL_SENS_OUT_1=28
THERMAL_SENS_OUT_2=-50
THERMAL_SENS_OUT_3=28
THERMAL_SENS_OUT_4=27
THERMAL_SENS_OUT_5=27
THERMAL_SENS_OUT_6=-50
THERMAL_SENS_INT_1=24
THERMAL_SENS_INT_2=27
PG_5=0
PG_9=0
PG_12=0
FLT_P2=0
FLT_P3=0
HEAT_1_TEMP=28
HEAT_1_DUTY=0
HEAT_1_SP=-20.0
HEAT_2_TEMP=28
HEAT_2_DUTY=0
HEAT_2_SP=-20.0
HEAT_3_TEMP=27
HEAT_3_DUTY=0
HEAT_3_SP=-20.0
HEAT_4_TEMP=27
HEAT_4_DUTY=0
HEAT_4_SP=-20.0
MOTOR_ANGLE=-0.0003779069767441861
MOTOR_ACCUM=-0.0003779069767441861
MOTOR_ROT=0

[16:17:51.582 EBOX]
TS=1786201698.326
V_SENSE5=0.8935546875
V_SENSE9=0.0390625
V_SENSE12=0.12451171875
ADC_V5=4.991455078125
ADC_V9=8.91204833984375
ADC_V12=11.86798095703125
ADC_V28=27.3114013671875
THERMAL_SENS_OUT_1=23
THERMAL_SENS_OUT_2=-50
THERMAL_SENS_OUT_3=28
THERMAL_SENS_OUT_4=26
THERMAL_SENS_OUT_5=28
THERMAL_SENS_OUT_6=-50
THERMAL_SENS_INT_1=23
THERMAL_SENS_INT_2=25
PG_5=0
PG_9=0
PG_12=0
FLT_P2=0
FLT_P3=0
HEAT_1_TEMP=23
HEAT_1_DUTY=0
HEAT_1_SP=-20.0
HEAT_2_TEMP=28
HEAT_2_DUTY=0
HEAT_2_SP=-20.0
HEAT_3_TEMP=26
HEAT_3_DUTY=0
HEAT_3_SP=-20.0
HEAT_4_TEMP=28
HEAT_4_DUTY=0
HEAT_4_SP=-20.0
MOTOR_ANGLE=-0.0003779069767441861
MOTOR_ACCUM=-0.0003779069767441861
MOTOR_ROT=0

[16:17:52.425 EBOX]
TS=1786201698.827
V_SENSE5=0.9228515625
V_SENSE9=0.0390625
V_SENSE12=0.1171875
ADC_V5=4.98260498046875
ADC_V9=9.24835205078125
ADC_V12=11.8768310546875
ADC_V28=27.3468017578125
THERMAL_SENS_OUT_1=25
THERMAL_SENS_OUT_2=-50
THERMAL_SENS_OUT_3=29
THERMAL_SENS_OUT_4=27
THERMAL_SENS_OUT_5=26
THERMAL_SENS_OUT_6=-50
THERMAL_SENS_INT_1=25
THERMAL_SENS_INT_2=27
PG_5=0
PG_9=0
PG_12=0
FLT_P2=0
FLT_P3=0
HEAT_1_TEMP=25
HEAT_1_DUTY=0
HEAT_1_SP=-20.0
HEAT_2_TEMP=29
HEAT_2_DUTY=0
HEAT_2_SP=-20.0
HEAT_3_TEMP=27
HEAT_3_DUTY=0
HEAT_3_SP=-20.0
HEAT_4_TEMP=26
HEAT_4_DUTY=0
HEAT_4_SP=-20.0
MOTOR_ANGLE=-0.0003779069767441861
MOTOR_ACCUM=-0.0003779069767441861
MOTOR_ROT=0

[16:17:52.550 EBOX]
TS=1786201699.329
V_SENSE5=0.91064453125
V_SENSE9=0.0390625
V_SENSE12=0.09765625
ADC_V5=4.9029541015625
ADC_V9=9.12445068359375
ADC_V12=11.58477783203125
ADC_V28=27.7008056640625
THERMAL_SENS_OUT_1=28
THERMAL_SENS_OUT_2=-50
THERMAL_SENS_OUT_3=28
THERMAL_SENS_OUT_4=24
THERMAL_SENS_OUT_5=27
THERMAL_SENS_OUT_6=-50
THERMAL_SENS_INT_1=24
THERMAL_SENS_INT_2=25
PG_5=0
PG_9=0
PG_12=0
FLT_P2=0
FLT_P3=0
HEAT_1_TEMP=28
HEAT_1_DUTY=0
HEAT_1_SP=-20.0
HEAT_2_TEMP=28
HEAT_2_DUTY=0
HEAT_2_SP=-20.0
HEAT_3_TEMP=24
HEAT_3_DUTY=0
HEAT_3_SP=-20.0
HEAT_4_TEMP=27
HEAT_4_DUTY=0
HEAT_4_SP=-20.0
MOTOR_ANGLE=-0.0003779069767441861
MOTOR_ACCUM=-0.0003779069767441861
MOTOR_ROT=0

[16:17:53.096 EBOX]
TS=1786201699.829
V_SENSE5=0.8935546875
V_SENSE9=0.0341796875
V_SENSE12=0.10986328125
ADC_V5=4.9383544921875
ADC_V9=8.814697265625
ADC_V12=11.89453125
ADC_V28=27.39105224609375
THERMAL_SENS_OUT_1=24
THERMAL_SENS_OUT_2=-50
THERMAL_SENS_OUT_3=26
THERMAL_SENS_OUT_4=25
THERMAL_SENS_OUT_5=26
THERMAL_SENS_OUT_6=-50
THERMAL_SENS_INT_1=23
THERMAL_SENS_INT_2=25
PG_5=0
PG_9=0
PG_12=0
FLT_P2=0
FLT_P3=0
HEAT_1_TEMP=24
HEAT_1_DUTY=0
HEAT_1_SP=-20.0
HEAT_2_TEMP=26
HEAT_2_DUTY=0
HEAT_2_SP=-20.0
HEAT_3_TEMP=25
HEAT_3_DUTY=0
HEAT_3_SP=-20.0
HEAT_4_TEMP=26
HEAT_4_DUTY=0
HEAT_4_SP=-20.0
MOTOR_ANGLE=-0.0003779069767441861
MOTOR_ACCUM=-0.0003779069767441861
MOTOR_ROT=0

[16:17:53.625 EBOX]
TS=1786201700.358
V_SENSE5=0.849609375
V_SENSE9=0.0390625
V_SENSE12=0.1123046875
ADC_V5=4.91180419921875
ADC_V9=9.2926025390625
ADC_V12=11.86798095703125
ADC_V28=27.9132080078125
THERMAL_SENS_OUT_1=28
THERMAL_SENS_OUT_2=-50
THERMAL_SENS_OUT_3=26
THERMAL_SENS_OUT_4=24
THERMAL_SENS_OUT_5=27
THERMAL_SENS_OUT_6=-50
THERMAL_SENS_INT_1=28
THERMAL_SENS_INT_2=29
PG_5=0
PG_9=0
PG_12=0
FLT_P2=0
FLT_P3=0
HEAT_1_TEMP=28
HEAT_1_DUTY=0
HEAT_1_SP=-20.0
HEAT_2_TEMP=26
HEAT_2_DUTY=0
HEAT_2_SP=-20.0
HEAT_3_TEMP=24
HEAT_3_DUTY=0
HEAT_3_SP=-20.0
HEAT_4_TEMP=27
HEAT_4_DUTY=0
HEAT_4_SP=-20.0
MOTOR_ANGLE=-0.0003779069767441861
MOTOR_ACCUM=-0.0003779069767441861
MOTOR_ROT=0

[16:17:54.055 EBOX]
TS=1786201700.841
V_SENSE5=0.83984375
V_SENSE9=0.0341796875
V_SENSE12=0.13427734375
ADC_V5=5.05340576171875
ADC_V9=8.85894775390625
ADC_V12=11.72637939453125
ADC_V28=27.9840087890625
THERMAL_SENS_OUT_1=25
THERMAL_SENS_OUT_2=-50
THERMAL_SENS_OUT_3=28
THERMAL_SENS_OUT_4=29
THERMAL_SENS_OUT_5=30
THERMAL_SENS_OUT_6=-50
THERMAL_SENS_INT_1=24
THERMAL_SENS_INT_2=26
PG_5=0
PG_9=0
PG_12=0
FLT_P2=0
FLT_P3=0
HEAT_1_TEMP=25
HEAT_1_DUTY=0
HEAT_1_SP=-20.0
HEAT_2_TEMP=28
HEAT_2_DUTY=0
HEAT_2_SP=-20.0
HEAT_3_TEMP=29
HEAT_3_DUTY=0
HEAT_3_SP=-20.0
HEAT_4_TEMP=30
HEAT_4_DUTY=0
HEAT_4_SP=-20.0
MOTOR_ANGLE=-0.0003779069767441861
MOTOR_ACCUM=-0.0003779069767441861
MOTOR_ROT=0

[16:17:54.587 EBOX]
TS=1786201701.342
V_SENSE5=0.888671875
V_SENSE9=0.07568359375
V_SENSE12=0.10009765625
ADC_V5=4.92950439453125
ADC_V9=9.2572021484375
ADC_V12=12.02728271484375
ADC_V28=27.293701171875
THERMAL_SENS_OUT_1=27
THERMAL_SENS_OUT_2=-50
THERMAL_SENS_OUT_3=24
THERMAL_SENS_OUT_4=25
THERMAL_SENS_OUT_5=26
THERMAL_SENS_OUT_6=-50
THERMAL_SENS_INT_1=24
THERMAL_SENS_INT_2=27
PG_5=0
PG_9=0
PG_12=0
FLT_P2=0
FLT_P3=0
HEAT_1_TEMP=27
HEAT_1_DUTY=0
HEAT_1_SP=-20.0
HEAT_2_TEMP=24
HEAT_2_DUTY=0
HEAT_2_SP=-20.0
HEAT_3_TEMP=25
HEAT_3_DUTY=0
HEAT_3_SP=-20.0
HEAT_4_TEMP=26
HEAT_4_DUTY=0
HEAT_4_SP=-20.0
MOTOR_ANGLE=-0.0003779069767441861
MOTOR_ACCUM=-0.0003779069767441861
MOTOR_ROT=0

[16:17:55.121 EBOX]
TS=1786201701.842
V_SENSE5=0.93505859375
V_SENSE9=0.0390625
V_SENSE12=0.0927734375
ADC_V5=4.98260498046875
ADC_V9=9.01824951171875
ADC_V12=11.86798095703125
ADC_V28=27.860107421875
THERMAL_SENS_OUT_1=26
THERMAL_SENS_OUT_2=-50
THERMAL_SENS_OUT_3=27
THERMAL_SENS_OUT_4=29
THERMAL_SENS_OUT_5=27
THERMAL_SENS_OUT_6=-50
THERMAL_SENS_INT_1=24
THERMAL_SENS_INT_2=27
PG_5=0
PG_9=0
PG_12=0
FLT_P2=0
FLT_P3=0
HEAT_1_TEMP=26
HEAT_1_DUTY=0
HEAT_1_SP=-20.0
HEAT_2_TEMP=27
HEAT_2_DUTY=0
HEAT_2_SP=-20.0
HEAT_3_TEMP=29
HEAT_3_DUTY=0
HEAT_3_SP=-20.0
HEAT_4_TEMP=27
HEAT_4_DUTY=0
HEAT_4_SP=-20.0
MOTOR_ANGLE=-0.0003779069767441861
MOTOR_ACCUM=-0.0003779069767441861
MOTOR_ROT=0

[16:17:55.650 EBOX]
TS=1786201702.344
V_SENSE5=0.88623046875
V_SENSE9=0.03662109375
V_SENSE12=0.10009765625
ADC_V5=4.9029541015625
ADC_V9=8.87664794921875
ADC_V12=11.929931640625
ADC_V28=27.47955322265625
THERMAL_SENS_OUT_1=23
THERMAL_SENS_OUT_2=-50
THERMAL_SENS_OUT_3=25
THERMAL_SENS_OUT_4=26
THERMAL_SENS_OUT_5=27
THERMAL_SENS_OUT_6=-50
THERMAL_SENS_INT_1=25
THERMAL_SENS_INT_2=29
PG_5=0
PG_9=0
PG_12=0
FLT_P2=0
FLT_P3=0
HEAT_1_TEMP=23
HEAT_1_DUTY=0
HEAT_1_SP=-20.0
HEAT_2_TEMP=25
HEAT_2_DUTY=0
HEAT_2_SP=-20.0
HEAT_3_TEMP=26
HEAT_3_DUTY=0
HEAT_3_SP=-20.0
HEAT_4_TEMP=27
HEAT_4_DUTY=0
HEAT_4_SP=-20.0
MOTOR_ANGLE=-0.0003779069767441861
MOTOR_ACCUM=-0.0003779069767441861
MOTOR_ROT=0

[16:17:56.079 EBOX]
TS=1786201702.839
V_SENSE5=0.9130859375
V_SENSE9=0.0341796875
V_SENSE12=0.10498046875
ADC_V5=4.9737548828125
ADC_V9=9.23065185546875
ADC_V12=11.85028076171875
ADC_V28=27.32025146484375
THERMAL_SENS_OUT_1=23
THERMAL_SENS_OUT_2=-50
THERMAL_SENS_OUT_3=29
THERMAL_SENS_OUT_4=27
THERMAL_SENS_OUT_5=27
THERMAL_SENS_OUT_6=-50
THERMAL_SENS_INT_1=24
THERMAL_SENS_INT_2=27
PG_5=0
PG_9=0
PG_12=0
FLT_P2=0
FLT_P3=0
HEAT_1_TEMP=23
HEAT_1_DUTY=0
HEAT_1_SP=-20.0
HEAT_2_TEMP=29
HEAT_2_DUTY=0
HEAT_2_SP=-20.0
HEAT_3_TEMP=27
HEAT_3_DUTY=0
HEAT_3_SP=-20.0
HEAT_4_TEMP=27
HEAT_4_DUTY=0
HEAT_4_SP=-20.0
MOTOR_ANGLE=-0.0003779069767441861
MOTOR_ACCUM=-0.0003779069767441861
MOTOR_ROT=0

[16:17:57.108 EBOX]
TS=1786201703.340
V_SENSE5=0.9423828125
V_SENSE9=0.0390625
V_SENSE12=0.1123046875
ADC_V5=4.920654296875
ADC_V9=9.2041015625
ADC_V12=11.8060302734375
ADC_V28=27.860107421875
THERMAL_SENS_OUT_1=24
THERMAL_SENS_OUT_2=-50
THERMAL_SENS_OUT_3=25
THERMAL_SENS_OUT_4=25
THERMAL_SENS_OUT_5=29
THERMAL_SENS_OUT_6=-50
THERMAL_SENS_INT_1=25
THERMAL_SENS_INT_2=29
PG_5=0
PG_9=0
PG_12=0
FLT_P2=0
FLT_P3=0
HEAT_1_TEMP=24
HEAT_1_DUTY=0
HEAT_1_SP=-20.0
HEAT_2_TEMP=25
HEAT_2_DUTY=0
HEAT_2_SP=-20.0
HEAT_3_TEMP=25
HEAT_3_DUTY=0
HEAT_3_SP=-20.0
HEAT_4_TEMP=29
HEAT_4_DUTY=0
HEAT_4_SP=-20.0
MOTOR_ANGLE=-0.0003779069767441861
MOTOR_ACCUM=-0.0003779069767441861
MOTOR_ROT=0
TS=1786201703.842
V_SENSE5=0.9228515625
V_SENSE9=0.03662109375
V_SENSE12=0.0927734375
ADC_V5=5.0091552734375
ADC_V9=8.96514892578125
ADC_V12=11.92108154296875
ADC_V28=27.2760009765625
THERMAL_SENS_OUT_1=25
THERMAL_SENS_OUT_2=-50
THERMAL_SENS_OUT_3=26
THERMAL_SENS_OUT_4=26
THERMAL_SENS_OUT_5=29
THERMAL_SENS_OUT_6=-50
THERMAL_SENS_INT_1=26
THERMAL_SENS_INT_2=27
PG_5=0
PG_9=0
PG_12=0
FLT_P2=0
FLT_P3=0
HEAT_1_TEMP=25
HEAT_1_DUTY=0
HEAT_1_SP=-20.0
HEAT_2_TEMP=26
HEAT_2_DUTY=0
HEAT_2_SP=-20.0
HEAT_3_TEMP=26
HEAT_3_DUTY=0
HEAT_3_SP=-20.0
HEAT_4_TEMP=29
HEAT_4_DUTY=0
HEAT_4_SP=-20.0
MOTOR_ANGLE=-0.0003779069767441861
MOTOR_ACCUM=-0.0003779069767441861
MOTOR_ROT=0

[16:17:57.829 EBOX]
TS=1786201704.342
V_SENSE5=0.8935546875
V_SENSE9=0.07568359375
V_SENSE12=0.1025390625
ADC_V5=5.00030517578125
ADC_V9=9.4342041015625
ADC_V12=11.69097900390625
ADC_V28=27.9486083984375
THERMAL_SENS_OUT_1=27
THERMAL_SENS_OUT_2=-50
THERMAL_SENS_OUT_3=26
THERMAL_SENS_OUT_4=26
THERMAL_SENS_OUT_5=30
THERMAL_SENS_OUT_6=-50
THERMAL_SENS_INT_1=27
THERMAL_SENS_INT_2=25
PG_5=0
PG_9=0
PG_12=0
FLT_P2=0
FLT_P3=0
HEAT_1_TEMP=27
HEAT_1_DUTY=0
HEAT_1_SP=-20.0
HEAT_2_TEMP=26
HEAT_2_DUTY=0
HEAT_2_SP=-20.0
HEAT_3_TEMP=26
HEAT_3_DUTY=0
HEAT_3_SP=-20.0
HEAT_4_TEMP=30
HEAT_4_DUTY=0
HEAT_4_SP=-20.0
MOTOR_ANGLE=-0.0003779069767441861
MOTOR_ACCUM=-0.0003779069767441861
MOTOR_ROT=0

[16:17:58.054 EBOX]
TS=1786201704.853
V_SENSE5=0.83740234375
V_SENSE9=0.0537109375
V_SENSE12=0.09765625
ADC_V5=4.9383544921875
ADC_V9=8.8677978515625
ADC_V12=11.60247802734375
ADC_V28=27.78045654296875
THERMAL_SENS_OUT_1=26
THERMAL_SENS_OUT_2=-50
THERMAL_SENS_OUT_3=26
THERMAL_SENS_OUT_4=25
THERMAL_SENS_OUT_5=29
THERMAL_SENS_OUT_6=-50
THERMAL_SENS_INT_1=23
THERMAL_SENS_INT_2=26
PG_5=0
PG_9=0
PG_12=0
FLT_P2=0
FLT_P3=0
HEAT_1_TEMP=26
HEAT_1_DUTY=0
HEAT_1_SP=-20.0
HEAT_2_TEMP=26
HEAT_2_DUTY=0
HEAT_2_SP=-20.0
HEAT_3_TEMP=25
HEAT_3_DUTY=0
HEAT_3_SP=-20.0
HEAT_4_TEMP=29
HEAT_4_DUTY=0
HEAT_4_SP=-20.0
MOTOR_ANGLE=-0.0003779069767441861
MOTOR_ACCUM=-0.0003779069767441861
MOTOR_ROT=0

[16:17:58.878 EBOX]
TS=1786201705.354
V_SENSE5=0.8447265625
V_SENSE9=0.0341796875
V_SENSE12=0.0927734375
ADC_V5=4.96490478515625
ADC_V9=9.44305419921875
ADC_V12=11.85028076171875
ADC_V28=27.39990234375
THERMAL_SENS_OUT_1=23
THERMAL_SENS_OUT_2=-50
THERMAL_SENS_OUT_3=25
THERMAL_SENS_OUT_4=25
THERMAL_SENS_OUT_5=28
THERMAL_SENS_OUT_6=-50
THERMAL_SENS_INT_1=23
THERMAL_SENS_INT_2=29
PG_5=0
PG_9=0
PG_12=0
FLT_P2=0
FLT_P3=0
HEAT_1_TEMP=23
HEAT_1_DUTY=0
HEAT_1_SP=-20.0
HEAT_2_TEMP=25
HEAT_2_DUTY=0
HEAT_2_SP=-20.0
HEAT_3_TEMP=25
HEAT_3_DUTY=0
HEAT_3_SP=-20.0
HEAT_4_TEMP=28
HEAT_4_DUTY=0
HEAT_4_SP=-20.0
MOTOR_ANGLE=-0.0003779069767441861
MOTOR_ACCUM=-0.0003779069767441861
MOTOR_ROT=0

[16:17:59.302 EBOX]
TS=1786201705.848
V_SENSE5=0.88134765625
V_SENSE9=0.05126953125
V_SENSE12=0.10498046875
ADC_V5=5.00030517578125
ADC_V9=9.37225341796875
ADC_V12=11.85028076171875
ADC_V28=27.33795166015625
THERMAL_SENS_OUT_1=22
THERMAL_SENS_OUT_2=-50
THERMAL_SENS_OUT_3=28
THERMAL_SENS_OUT_4=25
THERMAL_SENS_OUT_5=25
THERMAL_SENS_OUT_6=-50
THERMAL_SENS_INT_1=27
THERMAL_SENS_INT_2=25
PG_5=0
PG_9=0
PG_12=0
FLT_P2=0
FLT_P3=0
HEAT_1_TEMP=22
HEAT_1_DUTY=0
HEAT_1_SP=-20.0
HEAT_2_TEMP=28
HEAT_2_DUTY=0
HEAT_2_SP=-20.0
HEAT_3_TEMP=25
HEAT_3_DUTY=0
HEAT_3_SP=-20.0
HEAT_4_TEMP=25
HEAT_4_DUTY=0
HEAT_4_SP=-20.0
MOTOR_ANGLE=-0.0003779069767441861
MOTOR_ACCUM=-0.0003779069767441861
MOTOR_ROT=0

[16:18:00.013 EBOX]
TS=1786201706.349
V_SENSE5=0.96435546875
V_SENSE9=0.0390625
V_SENSE12=0.1025390625
ADC_V5=4.9737548828125
ADC_V9=8.9739990234375
ADC_V12=11.6290283203125
ADC_V28=27.96630859375
THERMAL_SENS_OUT_1=23
THERMAL_SENS_OUT_2=-50
THERMAL_SENS_OUT_3=25
THERMAL_SENS_OUT_4=28
THERMAL_SENS_OUT_5=27
THERMAL_SENS_OUT_6=-50
THERMAL_SENS_INT_1=28
THERMAL_SENS_INT_2=27
PG_5=0
PG_9=0
PG_12=0
FLT_P2=0
FLT_P3=0
HEAT_1_TEMP=23
HEAT_1_DUTY=0
HEAT_1_SP=-20.0
HEAT_2_TEMP=25
HEAT_2_DUTY=0
HEAT_2_SP=-20.0
HEAT_3_TEMP=28
HEAT_3_DUTY=0
HEAT_3_SP=-20.0
HEAT_4_TEMP=27
HEAT_4_DUTY=0
HEAT_4_SP=-20.0
MOTOR_ANGLE=-0.0003779069767441861
MOTOR_ACCUM=-0.0003779069767441861
MOTOR_ROT=0

[16:18:00.135 EBOX]
TS=1786201706.850
V_SENSE5=0.9033203125
V_SENSE9=0.0341796875
V_SENSE12=0.10986328125
ADC_V5=5.08880615234375
ADC_V9=9.381103515625
ADC_V12=11.82373046875
ADC_V28=27.90435791015625
THERMAL_SENS_OUT_1=25
THERMAL_SENS_OUT_2=-50
THERMAL_SENS_OUT_3=28
THERMAL_SENS_OUT_4=28
THERMAL_SENS_OUT_5=27
THERMAL_SENS_OUT_6=-50
THERMAL_SENS_INT_1=25
THERMAL_SENS_INT_2=28
PG_5=0
PG_9=0
PG_12=0
FLT_P2=0
FLT_P3=0
HEAT_1_TEMP=25
HEAT_1_DUTY=0
HEAT_1_SP=-20.0
HEAT_2_TEMP=28
HEAT_2_DUTY=0
HEAT_2_SP=-20.0
HEAT_3_TEMP=28
HEAT_3_DUTY=0
HEAT_3_SP=-20.0
HEAT_4_TEMP=27
HEAT_4_DUTY=0
HEAT_4_SP=-20.0
MOTOR_ANGLE=-0.0003779069767441861
MOTOR_ACCUM=-0.0003779069767441861
MOTOR_ROT=0

[16:18:00.563 EBOX]
TS=1786201707.351
V_SENSE5=0.90576171875
V_SENSE9=0.03662109375
V_SENSE12=0.09765625
ADC_V5=4.991455078125
ADC_V9=9.14215087890625
ADC_V12=11.93878173828125
ADC_V28=27.47955322265625
THERMAL_SENS_OUT_1=27
THERMAL_SENS_OUT_2=-50
THERMAL_SENS_OUT_3=28
THERMAL_SENS_OUT_4=28
THERMAL_SENS_OUT_5=27
THERMAL_SENS_OUT_6=-50
THERMAL_SENS_INT_1=28
THERMAL_SENS_INT_2=24
PG_5=0
PG_9=0
PG_12=0
FLT_P2=0
FLT_P3=0
HEAT_1_TEMP=27
HEAT_1_DUTY=0
HEAT_1_SP=-20.0
HEAT_2_TEMP=28
HEAT_2_DUTY=0
HEAT_2_SP=-20.0
HEAT_3_TEMP=28
HEAT_3_DUTY=0
HEAT_3_SP=-20.0
HEAT_4_TEMP=27
HEAT_4_DUTY=0
HEAT_4_SP=-20.0
MOTOR_ANGLE=-0.0003779069767441861
MOTOR_ACCUM=-0.0003779069767441861
MOTOR_ROT=0

[16:18:01.120 EBOX]
TS=1786201707.864
V_SENSE5=0.89599609375
V_SENSE9=0.09521484375
V_SENSE12=0.10498046875
ADC_V5=4.9029541015625
ADC_V9=9.3280029296875
ADC_V12=11.5936279296875
ADC_V28=27.39105224609375
THERMAL_SENS_OUT_1=23
THERMAL_SENS_OUT_2=-50
THERMAL_SENS_OUT_3=29
THERMAL_SENS_OUT_4=27
THERMAL_SENS_OUT_5=29
THERMAL_SENS_OUT_6=-50
THERMAL_SENS_INT_1=24
THERMAL_SENS_INT_2=24
PG_5=0
PG_9=0
PG_12=0
FLT_P2=0
FLT_P3=0
HEAT_1_TEMP=23
HEAT_1_DUTY=0
HEAT_1_SP=-20.0
HEAT_2_TEMP=29
HEAT_2_DUTY=0
HEAT_2_SP=-20.0
HEAT_3_TEMP=27
HEAT_3_DUTY=0
HEAT_3_SP=-20.0
HEAT_4_TEMP=29
HEAT_4_DUTY=0
HEAT_4_SP=-20.0
MOTOR_ANGLE=-0.0003779069767441861
MOTOR_ACCUM=-0.0003779069767441861
MOTOR_ROT=0

[16:18:01.655 EBOX]
TS=1786201708.363
V_SENSE5=0.86181640625
V_SENSE9=0.0390625
V_SENSE12=0.10009765625
ADC_V5=4.9737548828125
ADC_V9=9.2218017578125
ADC_V12=11.5582275390625
ADC_V28=27.14324951171875
THERMAL_SENS_OUT_1=25
THERMAL_SENS_OUT_2=-50
THERMAL_SENS_OUT_3=26
THERMAL_SENS_OUT_4=26
THERMAL_SENS_OUT_5=25
THERMAL_SENS_OUT_6=-50
THERMAL_SENS_INT_1=24
THERMAL_SENS_INT_2=29
PG_5=0
PG_9=0
PG_12=0
FLT_P2=0
FLT_P3=0
HEAT_1_TEMP=25
HEAT_1_DUTY=0
HEAT_1_SP=-20.0
HEAT_2_TEMP=26
HEAT_2_DUTY=0
HEAT_2_SP=-20.0
HEAT_3_TEMP=26
HEAT_3_DUTY=0
HEAT_3_SP=-20.0
HEAT_4_TEMP=25
HEAT_4_DUTY=0
HEAT_4_SP=-20.0
MOTOR_ANGLE=-0.0003779069767441861
MOTOR_ACCUM=-0.0003779069767441861
MOTOR_ROT=0

[16:18:02.785 EBOX]
TS=1786201708.861
V_SENSE5=0.859375
V_SENSE9=0.0341796875
V_SENSE12=0.1220703125
ADC_V5=4.849853515625
ADC_V9=8.9208984375
ADC_V12=11.60247802734375
ADC_V28=27.70965576171875
THERMAL_SENS_OUT_1=25
THERMAL_SENS_OUT_2=-50
THERMAL_SENS_OUT_3=27
THERMAL_SENS_OUT_4=29
THERMAL_SENS_OUT_5=30
THERMAL_SENS_OUT_6=-50
THERMAL_SENS_INT_1=24
THERMAL_SENS_INT_2=27
PG_5=0
PG_9=0
PG_12=0
FLT_P2=0
FLT_P3=0
HEAT_1_TEMP=25
HEAT_1_DUTY=0
HEAT_1_SP=-20.0
HEAT_2_TEMP=27
HEAT_2_DUTY=0
HEAT_2_SP=-20.0
HEAT_3_TEMP=29
HEAT_3_DUTY=0
HEAT_3_SP=-20.0
HEAT_4_TEMP=30
HEAT_4_DUTY=0
HEAT_4_SP=-20.0
MOTOR_ANGLE=-0.0003779069767441861
MOTOR_ACCUM=-0.0003779069767441861
MOTOR_ROT=0

[16:18:02.912 EBOX]
TS=1786201709.363
V_SENSE5=0.91552734375
V_SENSE9=0.03662109375
V_SENSE12=0.1123046875
ADC_V5=4.991455078125
ADC_V9=9.51385498046875
ADC_V12=11.9122314453125
ADC_V28=27.67425537109375
THERMAL_SENS_OUT_1=30
THERMAL_SENS_OUT_2=-50
THERMAL_SENS_OUT_3=25
THERMAL_SENS_OUT_4=24
THERMAL_SENS_OUT_5=27
THERMAL_SENS_OUT_6=-50
THERMAL_SENS_INT_1=26
THERMAL_SENS_INT_2=25
PG_5=0
PG_9=0
PG_12=0
FLT_P2=0
FLT_P3=0
HEAT_1_TEMP=30
HEAT_1_DUTY=0
HEAT_1_SP=-20.0
HEAT_2_TEMP=25
HEAT_2_DUTY=0
HEAT_2_SP=-20.0
HEAT_3_TEMP=24
HEAT_3_DUTY=0
HEAT_3_SP=-20.0
HEAT_4_TEMP=27
HEAT_4_DUTY=0
HEAT_4_SP=-20.0
MOTOR_ANGLE=-0.0003779069767441861
MOTOR_ACCUM=-0.0003779069767441861
MOTOR_ROT=0

[16:18:03.145 EBOX]
TS=1786201709.867
V_SENSE5=0.8544921875
V_SENSE9=0.04150390625
V_SENSE12=0.09765625
ADC_V5=4.9560546875
ADC_V9=9.0625
ADC_V12=11.7352294921875
ADC_V28=28.0194091796875
THERMAL_SENS_OUT_1=23
THERMAL_SENS_OUT_2=-50
THERMAL_SENS_OUT_3=30
THERMAL_SENS_OUT_4=27
THERMAL_SENS_OUT_5=28
THERMAL_SENS_OUT_6=-50
THERMAL_SENS_INT_1=25
THERMAL_SENS_INT_2=29
PG_5=0
PG_9=0
PG_12=0
FLT_P2=0
FLT_P3=0
HEAT_1_TEMP=23
HEAT_1_DUTY=0
HEAT_1_SP=-20.0
HEAT_2_TEMP=30
HEAT_2_DUTY=0
HEAT_2_SP=-20.0
HEAT_3_TEMP=27
HEAT_3_DUTY=0
HEAT_3_SP=-20.0
HEAT_4_TEMP=28
HEAT_4_DUTY=0
HEAT_4_SP=-20.0
MOTOR_ANGLE=-0.0003779069767441861
MOTOR_ACCUM=-0.0003779069767441861
MOTOR_ROT=0

[16:18:03.569 EBOX]
TS=1786201710.366
V_SENSE5=0.83740234375
V_SENSE9=0.0390625
V_SENSE12=0.1171875
ADC_V5=5.08880615234375
ADC_V9=9.40765380859375
ADC_V12=11.9476318359375
ADC_V28=27.6654052734375
THERMAL_SENS_OUT_1=28
THERMAL_SENS_OUT_2=-50
THERMAL_SENS_OUT_3=29
THERMAL_SENS_OUT_4=25
THERMAL_SENS_OUT_5=29
THERMAL_SENS_OUT_6=-50
THERMAL_SENS_INT_1=24
THERMAL_SENS_INT_2=29
PG_5=0
PG_9=0
PG_12=0
FLT_P2=0
FLT_P3=0
HEAT_1_TEMP=28
HEAT_1_DUTY=0
HEAT_1_SP=-20.0
HEAT_2_TEMP=29
HEAT_2_DUTY=0
HEAT_2_SP=-20.0
HEAT_3_TEMP=25
HEAT_3_DUTY=0
HEAT_3_SP=-20.0
HEAT_4_TEMP=29
HEAT_4_DUTY=0
HEAT_4_SP=-20.0
MOTOR_ANGLE=-0.0003779069767441861
MOTOR_ACCUM=-0.0003779069767441861
MOTOR_ROT=0

[16:18:04.136 EBOX]
TS=1786201710.870
V_SENSE5=0.869140625
V_SENSE9=0.0341796875
V_SENSE12=0.1025390625
ADC_V5=4.96490478515625
ADC_V9=9.1510009765625
ADC_V12=11.8768310546875
ADC_V28=27.65655517578125
THERMAL_SENS_OUT_1=28
THERMAL_SENS_OUT_2=-50
THERMAL_SENS_OUT_3=25
THERMAL_SENS_OUT_4=28
THERMAL_SENS_OUT_5=26
THERMAL_SENS_OUT_6=-50
THERMAL_SENS_INT_1=23
THERMAL_SENS_INT_2=25
PG_5=0
PG_9=0
PG_12=0
FLT_P2=0
FLT_P3=0
HEAT_1_TEMP=28
HEAT_1_DUTY=0
HEAT_1_SP=-20.0
HEAT_2_TEMP=25
HEAT_2_DUTY=0
HEAT_2_SP=-20.0
HEAT_3_TEMP=28
HEAT_3_DUTY=0
HEAT_3_SP=-20.0
HEAT_4_TEMP=26
HEAT_4_DUTY=0
HEAT_4_SP=-20.0
MOTOR_ANGLE=-0.0003779069767441861
MOTOR_ACCUM=-0.0003779069767441861
MOTOR_ROT=0

[16:18:04.660 EBOX]
TS=1786201711.363
V_SENSE5=0.90576171875
V_SENSE9=0.03662109375
V_SENSE12=0.087890625
ADC_V5=4.94720458984375
ADC_V9=8.98284912109375
ADC_V12=11.89453125
ADC_V28=27.37335205078125
THERMAL_SENS_OUT_1=26
THERMAL_SENS_OUT_2=-50
THERMAL_SENS_OUT_3=30
THERMAL_SENS_OUT_4=24
THERMAL_SENS_OUT_5=26
THERMAL_SENS_OUT_6=-50
THERMAL_SENS_INT_1=25
THERMAL_SENS_INT_2=25
PG_5=0
PG_9=0
PG_12=0
FLT_P2=0
FLT_P3=0
HEAT_1_TEMP=26
HEAT_1_DUTY=0
HEAT_1_SP=-20.0
HEAT_2_TEMP=30
HEAT_2_DUTY=0
HEAT_2_SP=-20.0
HEAT_3_TEMP=24
HEAT_3_DUTY=0
HEAT_3_SP=-20.0
HEAT_4_TEMP=26
HEAT_4_DUTY=0
HEAT_4_SP=-20.0
MOTOR_ANGLE=-0.0003779069767441861
MOTOR_ACCUM=-0.0003779069767441861
MOTOR_ROT=0

[16:18:05.130 EBOX]
TS=1786201711.865
V_SENSE5=0.9033203125
V_SENSE9=0.0341796875
V_SENSE12=0.0927734375
ADC_V5=4.9560546875
ADC_V9=8.9739990234375
ADC_V12=11.95648193359375
ADC_V28=27.63885498046875
THERMAL_SENS_OUT_1=27
THERMAL_SENS_OUT_2=-50
THERMAL_SENS_OUT_3=26
THERMAL_SENS_OUT_4=27
THERMAL_SENS_OUT_5=25
THERMAL_SENS_OUT_6=-50
THERMAL_SENS_INT_1=24
THERMAL_SENS_INT_2=28
PG_5=0
PG_9=0
PG_12=0
FLT_P2=0
FLT_P3=0
HEAT_1_TEMP=27
HEAT_1_DUTY=0
HEAT_1_SP=-20.0
HEAT_2_TEMP=26
HEAT_2_DUTY=0
HEAT_2_SP=-20.0
HEAT_3_TEMP=27
HEAT_3_DUTY=0
HEAT_3_SP=-20.0
HEAT_4_TEMP=25
HEAT_4_DUTY=0
HEAT_4_SP=-20.0
MOTOR_ANGLE=-0.0003779069767441861
MOTOR_ACCUM=-0.0003779069767441861
MOTOR_ROT=0

[16:18:05.656 EBOX]
TS=1786201712.366
V_SENSE5=0.9033203125
V_SENSE9=0.0390625
V_SENSE12=0.12451171875
ADC_V5=4.92950439453125
ADC_V9=9.3634033203125
ADC_V12=11.93878173828125
ADC_V28=27.69195556640625
THERMAL_SENS_OUT_1=28
THERMAL_SENS_OUT_2=-50
THERMAL_SENS_OUT_3=26
THERMAL_SENS_OUT_4=28
THERMAL_SENS_OUT_5=25
THERMAL_SENS_OUT_6=-50
THERMAL_SENS_INT_1=24
THERMAL_SENS_INT_2=27
PG_5=0
PG_9=0
PG_12=0
FLT_P2=0
FLT_P3=0
HEAT_1_TEMP=28
HEAT_1_DUTY=0
HEAT_1_SP=-20.0
HEAT_2_TEMP=26
HEAT_2_DUTY=0
HEAT_2_SP=-20.0
HEAT_3_TEMP=28
HEAT_3_DUTY=0
HEAT_3_SP=-20.0
HEAT_4_TEMP=25
HEAT_4_DUTY=0
HEAT_4_SP=-20.0
MOTOR_ANGLE=-0.0003779069767441861
MOTOR_ACCUM=-0.0003779069767441861
MOTOR_ROT=0

[16:18:06.394 EBOX]
TS=1786201712.867
V_SENSE5=0.91552734375
V_SENSE9=0.03662109375
V_SENSE12=0.10986328125
ADC_V5=4.9560546875
ADC_V9=9.1510009765625
ADC_V12=11.60247802734375
ADC_V28=27.90435791015625
THERMAL_SENS_OUT_1=27
THERMAL_SENS_OUT_2=-50
THERMAL_SENS_OUT_3=27
THERMAL_SENS_OUT_4=27
THERMAL_SENS_OUT_5=25
THERMAL_SENS_OUT_6=-50
THERMAL_SENS_INT_1=28
THERMAL_SENS_INT_2=25
PG_5=0
PG_9=0
PG_12=0
FLT_P2=0
FLT_P3=0
HEAT_1_TEMP=27
HEAT_1_DUTY=0
HEAT_1_SP=-20.0
HEAT_2_TEMP=27
HEAT_2_DUTY=0
HEAT_2_SP=-20.0
HEAT_3_TEMP=27
HEAT_3_DUTY=0
HEAT_3_SP=-20.0
HEAT_4_TEMP=25
HEAT_4_DUTY=0
HEAT_4_SP=-20.0
MOTOR_ANGLE=-0.0003779069767441861
MOTOR_ACCUM=-0.0003779069767441861
MOTOR_ROT=0

[16:18:06.627 EBOX]
TS=1786201713.369
V_SENSE5=0.93505859375
V_SENSE9=0.03662109375
V_SENSE12=0.10986328125
ADC_V5=4.98260498046875
ADC_V9=9.0093994140625
ADC_V12=11.9122314453125
ADC_V28=27.86895751953125
THERMAL_SENS_OUT_1=25
THERMAL_SENS_OUT_2=-50
THERMAL_SENS_OUT_3=28
THERMAL_SENS_OUT_4=29
THERMAL_SENS_OUT_5=28
THERMAL_SENS_OUT_6=-50
THERMAL_SENS_INT_1=24
THERMAL_SENS_INT_2=27
PG_5=0
PG_9=0
PG_12=0
FLT_P2=0
FLT_P3=0
HEAT_1_TEMP=25
HEAT_1_DUTY=0
HEAT_1_SP=-20.0
HEAT_2_TEMP=28
HEAT_2_DUTY=0
HEAT_2_SP=-20.0
HEAT_3_TEMP=29
HEAT_3_DUTY=0
HEAT_3_SP=-20.0
HEAT_4_TEMP=28
HEAT_4_DUTY=0
HEAT_4_SP=-20.0
MOTOR_ANGLE=-0.0003779069767441861
MOTOR_ACCUM=-0.0003779069767441861
MOTOR_ROT=0

[16:18:07.175 EBOX]
TS=1786201713.870
V_SENSE5=0.91064453125
V_SENSE9=0.0439453125
V_SENSE12=0.12451171875
ADC_V5=5.05340576171875
ADC_V9=9.47845458984375
ADC_V12=11.74407958984375
ADC_V28=27.860107421875
THERMAL_SENS_OUT_1=25
THERMAL_SENS_OUT_2=-50
THERMAL_SENS_OUT_3=26
THERMAL_SENS_OUT_4=27
THERMAL_SENS_OUT_5=26
THERMAL_SENS_OUT_6=-50
THERMAL_SENS_INT_1=27
THERMAL_SENS_INT_2=26
PG_5=0
PG_9=0
PG_12=0
FLT_P2=0
FLT_P3=0
HEAT_1_TEMP=25
HEAT_1_DUTY=0
HEAT_1_SP=-20.0
HEAT_2_TEMP=26
HEAT_2_DUTY=0
HEAT_2_SP=-20.0
HEAT_3_TEMP=27
HEAT_3_DUTY=0
HEAT_3_SP=-20.0
HEAT_4_TEMP=26
HEAT_4_DUTY=0
HEAT_4_SP=-20.0
MOTOR_ANGLE=-0.0003779069767441861
MOTOR_ACCUM=-0.0003779069767441861
MOTOR_ROT=0

[16:18:07.920 EBOX]
TS=1786201714.371
V_SENSE5=0.908203125
V_SENSE9=0.03662109375
V_SENSE12=0.1025390625
ADC_V5=5.08880615234375
ADC_V9=9.1510009765625
ADC_V12=11.7352294921875
ADC_V28=27.7008056640625
THERMAL_SENS_OUT_1=25
THERMAL_SENS_OUT_2=-50
THERMAL_SENS_OUT_3=25
THERMAL_SENS_OUT_4=25
THERMAL_SENS_OUT_5=28
THERMAL_SENS_OUT_6=-50
THERMAL_SENS_INT_1=24
THERMAL_SENS_INT_2=27
PG_5=0
PG_9=0
PG_12=0
FLT_P2=0
FLT_P3=0
HEAT_1_TEMP=25
HEAT_1_DUTY=0
HEAT_1_SP=-20.0
HEAT_2_TEMP=25
HEAT_2_DUTY=0
HEAT_2_SP=-20.0
HEAT_3_TEMP=25
HEAT_3_DUTY=0
HEAT_3_SP=-20.0
HEAT_4_TEMP=28
HEAT_4_DUTY=0
HEAT_4_SP=-20.0
MOTOR_ANGLE=-0.0003779069767441861
MOTOR_ACCUM=-0.0003779069767441861
MOTOR_ROT=0

[16:18:08.146 EBOX]
TS=1786201714.872
V_SENSE5=0.89599609375
V_SENSE9=0.0341796875
V_SENSE12=0.09765625
ADC_V5=4.9560546875
ADC_V9=9.00054931640625
ADC_V12=11.8060302734375
ADC_V28=27.54150390625
THERMAL_SENS_OUT_1=24
THERMAL_SENS_OUT_2=-50
THERMAL_SENS_OUT_3=25
THERMAL_SENS_OUT_4=27
THERMAL_SENS_OUT_5=27
THERMAL_SENS_OUT_6=-50
THERMAL_SENS_INT_1=23
THERMAL_SENS_INT_2=27
PG_5=0
PG_9=0
PG_12=0
FLT_P2=0
FLT_P3=0
HEAT_1_TEMP=24
HEAT_1_DUTY=0
HEAT_1_SP=-20.0
HEAT_2_TEMP=25
HEAT_2_DUTY=0
HEAT_2_SP=-20.0
HEAT_3_TEMP=27
HEAT_3_DUTY=0
HEAT_3_SP=-20.0
HEAT_4_TEMP=27
HEAT_4_DUTY=0
HEAT_4_SP=-20.0
MOTOR_ANGLE=-0.0003779069767441861
MOTOR_ACCUM=-0.0003779069767441861
MOTOR_ROT=0

[16:18:08.986 EBOX]
TS=1786201715.379
V_SENSE5=0.8642578125
V_SENSE9=0.0341796875
V_SENSE12=0.11962890625
ADC_V5=5.02685546875
ADC_V9=9.60235595703125
ADC_V12=11.76177978515625
ADC_V28=27.92205810546875
THERMAL_SENS_OUT_1=24
THERMAL_SENS_OUT_2=-50
THERMAL_SENS_OUT_3=26
THERMAL_SENS_OUT_4=27
THERMAL_SENS_OUT_5=25
THERMAL_SENS_OUT_6=-50
THERMAL_SENS_INT_1=23
THERMAL_SENS_INT_2=25
PG_5=0
PG_9=0
PG_12=0
FLT_P2=0
FLT_P3=0
HEAT_1_TEMP=24
HEAT_1_DUTY=0
HEAT_1_SP=-20.0
HEAT_2_TEMP=26
HEAT_2_DUTY=0
HEAT_2_SP=-20.0
HEAT_3_TEMP=27
HEAT_3_DUTY=0
HEAT_3_SP=-20.0
HEAT_4_TEMP=25
HEAT_4_DUTY=0
HEAT_4_SP=-20.0
MOTOR_ANGLE=-0.0003779069767441861
MOTOR_ACCUM=-0.0003779069767441861
MOTOR_ROT=0

[16:18:09.418 EBOX]
TS=1786201715.883
V_SENSE5=0.83740234375
V_SENSE9=0.03662109375
V_SENSE12=0.12939453125
ADC_V5=5.0091552734375
ADC_V9=9.01824951171875
ADC_V12=11.93878173828125
ADC_V28=27.576904296875
THERMAL_SENS_OUT_1=26
THERMAL_SENS_OUT_2=-50
THERMAL_SENS_OUT_3=27
THERMAL_SENS_OUT_4=24
THERMAL_SENS_OUT_5=26
THERMAL_SENS_OUT_6=-50
THERMAL_SENS_INT_1=24
THERMAL_SENS_INT_2=29
PG_5=0
PG_9=0
PG_12=0
FLT_P2=0
FLT_P3=0
HEAT_1_TEMP=26
HEAT_1_DUTY=0
HEAT_1_SP=-20.0
HEAT_2_TEMP=27
HEAT_2_DUTY=0
HEAT_2_SP=-20.0
HEAT_3_TEMP=24
HEAT_3_DUTY=0
HEAT_3_SP=-20.0
HEAT_4_TEMP=26
HEAT_4_DUTY=0
HEAT_4_SP=-20.0
MOTOR_ANGLE=-0.0003779069767441861
MOTOR_ACCUM=-0.0003779069767441861
MOTOR_ROT=0

[16:18:09.655 EBOX]
TS=1786201716.383
V_SENSE5=0.85205078125
V_SENSE9=0.0341796875
V_SENSE12=0.107421875
ADC_V5=4.9383544921875
ADC_V9=8.814697265625
ADC_V12=11.8414306640625
ADC_V28=27.55035400390625
THERMAL_SENS_OUT_1=28
THERMAL_SENS_OUT_2=-50
THERMAL_SENS_OUT_3=29
THERMAL_SENS_OUT_4=25
THERMAL_SENS_OUT_5=30
THERMAL_SENS_OUT_6=-50
THERMAL_SENS_INT_1=27
THERMAL_SENS_INT_2=25
PG_5=0
PG_9=0
PG_12=0
FLT_P2=0
FLT_P3=0
HEAT_1_TEMP=28
HEAT_1_DUTY=0
HEAT_1_SP=-20.0
HEAT_2_TEMP=29
HEAT_2_DUTY=0
HEAT_2_SP=-20.0
HEAT_3_TEMP=25
HEAT_3_DUTY=0
HEAT_3_SP=-20.0
HEAT_4_TEMP=30
HEAT_4_DUTY=0
HEAT_4_SP=-20.0
MOTOR_ANGLE=-0.0003779069767441861
MOTOR_ACCUM=-0.0003779069767441861
MOTOR_ROT=0

[16:18:10.179 EBOX]
TS=1786201716.884
V_SENSE5=0.830078125
V_SENSE9=0.0341796875
V_SENSE12=0.11962890625
ADC_V5=5.00030517578125
ADC_V9=9.40765380859375
ADC_V12=11.88568115234375
ADC_V28=27.9486083984375
THERMAL_SENS_OUT_1=26
THERMAL_SENS_OUT_2=-50
THERMAL_SENS_OUT_3=30
THERMAL_SENS_OUT_4=26
THERMAL_SENS_OUT_5=29
THERMAL_SENS_OUT_6=-50
THERMAL_SENS_INT_1=28
THERMAL_SENS_INT_2=25
PG_5=0
PG_9=0
PG_12=0
FLT_P2=0
FLT_P3=0
HEAT_1_TEMP=26
HEAT_1_DUTY=0
HEAT_1_SP=-20.0
HEAT_2_TEMP=30
HEAT_2_DUTY=0
HEAT_2_SP=-20.0
HEAT_3_TEMP=26
HEAT_3_DUTY=0
HEAT_3_SP=-20.0
HEAT_4_TEMP=29
HEAT_4_DUTY=0
HEAT_4_SP=-20.0
MOTOR_ANGLE=-0.0003779069767441861
MOTOR_ACCUM=-0.0003779069767441861
MOTOR_ROT=0

[16:18:10.605 EBOX]
TS=1786201717.386
V_SENSE5=0.93505859375
V_SENSE9=0.03173828125
V_SENSE12=0.107421875
ADC_V5=5.05340576171875
ADC_V9=9.168701171875
ADC_V12=11.83258056640625
ADC_V28=27.7362060546875
THERMAL_SENS_OUT_1=24
THERMAL_SENS_OUT_2=-50
THERMAL_SENS_OUT_3=26
THERMAL_SENS_OUT_4=26
THERMAL_SENS_OUT_5=25
THERMAL_SENS_OUT_6=-50
THERMAL_SENS_INT_1=27
THERMAL_SENS_INT_2=28
PG_5=0
PG_9=0
PG_12=0
FLT_P2=0
FLT_P3=0
HEAT_1_TEMP=24
HEAT_1_DUTY=0
HEAT_1_SP=-20.0
HEAT_2_TEMP=26
HEAT_2_DUTY=0
HEAT_2_SP=-20.0
HEAT_3_TEMP=26
HEAT_3_DUTY=0
HEAT_3_SP=-20.0
HEAT_4_TEMP=25
HEAT_4_DUTY=0
HEAT_4_SP=-20.0
MOTOR_ANGLE=-0.0003779069767441861
MOTOR_ACCUM=-0.0003779069767441861
MOTOR_ROT=0

[16:18:11.131 EBOX]
TS=1786201717.889
V_SENSE5=0.83251953125
V_SENSE9=0.03662109375
V_SENSE12=0.10498046875
ADC_V5=5.0091552734375
ADC_V9=9.03594970703125
ADC_V12=11.58477783203125
ADC_V28=27.860107421875
THERMAL_SENS_OUT_1=28
THERMAL_SENS_OUT_2=-50
THERMAL_SENS_OUT_3=28
THERMAL_SENS_OUT_4=29
THERMAL_SENS_OUT_5=29
THERMAL_SENS_OUT_6=-50
THERMAL_SENS_INT_1=24
THERMAL_SENS_INT_2=24
PG_5=0
PG_9=0
PG_12=0
FLT_P2=0
FLT_P3=0
HEAT_1_TEMP=28
HEAT_1_DUTY=0
HEAT_1_SP=-20.0
HEAT_2_TEMP=28
HEAT_2_DUTY=0
HEAT_2_SP=-20.0
HEAT_3_TEMP=29
HEAT_3_DUTY=0
HEAT_3_SP=-20.0
HEAT_4_TEMP=29
HEAT_4_DUTY=0
HEAT_4_SP=-20.0
MOTOR_ANGLE=-0.0003779069767441861
MOTOR_ACCUM=-0.0003779069767441861
MOTOR_ROT=0

[16:18:12.266 EBOX]
TS=1786201718.388
V_SENSE5=0.8740234375
V_SENSE9=0.03662109375
V_SENSE12=0.1220703125
ADC_V5=4.991455078125
ADC_V9=9.40765380859375
ADC_V12=11.93878173828125
ADC_V28=27.24945068359375
THERMAL_SENS_OUT_1=23
THERMAL_SENS_OUT_2=-50
THERMAL_SENS_OUT_3=24
THERMAL_SENS_OUT_4=26
THERMAL_SENS_OUT_5=26
THERMAL_SENS_OUT_6=-50
THERMAL_SENS_INT_1=25
THERMAL_SENS_INT_2=26
PG_5=0
PG_9=0
PG_12=0
FLT_P2=0
FLT_P3=0
HEAT_1_TEMP=23
HEAT_1_DUTY=0
HEAT_1_SP=-20.0
HEAT_2_TEMP=24
HEAT_2_DUTY=0
HEAT_2_SP=-20.0
HEAT_3_TEMP=26
HEAT_3_DUTY=0
HEAT_3_SP=-20.0
HEAT_4_TEMP=26
HEAT_4_DUTY=0
HEAT_4_SP=-20.0
MOTOR_ANGLE=-0.0003779069767441861
MOTOR_ACCUM=-0.0003779069767441861
MOTOR_ROT=0

[16:18:12.391 EBOX]
TS=1786201718.891
V_SENSE5=0.8349609375
V_SENSE9=0.0390625
V_SENSE12=0.107421875
ADC_V5=4.94720458984375
ADC_V9=9.13330078125
ADC_V12=11.5936279296875
ADC_V28=27.76275634765625
THERMAL_SENS_OUT_1=25
THERMAL_SENS_OUT_2=-50
THERMAL_SENS_OUT_3=27
THERMAL_SENS_OUT_4=30
THERMAL_SENS_OUT_5=29
THERMAL_SENS_OUT_6=-50
THERMAL_SENS_INT_1=25
THERMAL_SENS_INT_2=30
PG_5=0
PG_9=0
PG_12=0
FLT_P2=0
FLT_P3=0
HEAT_1_TEMP=25
HEAT_1_DUTY=0
HEAT_1_SP=-20.0
HEAT_2_TEMP=27
HEAT_2_DUTY=0
HEAT_2_SP=-20.0
HEAT_3_TEMP=30
HEAT_3_DUTY=0
HEAT_3_SP=-20.0
HEAT_4_TEMP=29
HEAT_4_DUTY=0
HEAT_4_SP=-20.0
MOTOR_ANGLE=-0.0003779069767441861
MOTOR_ACCUM=-0.0003779069767441861
MOTOR_ROT=0

[16:18:13.013 EBOX]
TS=1786201719.393
V_SENSE5=0.86669921875
V_SENSE9=0.04638671875
V_SENSE12=0.10986328125
ADC_V5=4.9737548828125
ADC_V9=9.4696044921875
ADC_V12=11.92108154296875
ADC_V28=27.26715087890625
THERMAL_SENS_OUT_1=27
THERMAL_SENS_OUT_2=-50
THERMAL_SENS_OUT_3=26
THERMAL_SENS_OUT_4=26
THERMAL_SENS_OUT_5=26
THERMAL_SENS_OUT_6=-50
THERMAL_SENS_INT_1=26
THERMAL_SENS_INT_2=26
PG_5=0
PG_9=0
PG_12=0
FLT_P2=0
FLT_P3=0
HEAT_1_TEMP=27
HEAT_1_DUTY=0
HEAT_1_SP=-20.0
HEAT_2_TEMP=26
HEAT_2_DUTY=0
HEAT_2_SP=-20.0
HEAT_3_TEMP=26
HEAT_3_DUTY=0
HEAT_3_SP=-20.0
HEAT_4_TEMP=26
HEAT_4_DUTY=0
HEAT_4_SP=-20.0
MOTOR_ANGLE=-0.0003779069767441861
MOTOR_ACCUM=-0.0003779069767441861
MOTOR_ROT=0

[16:18:13.439 EBOX]
TS=1786201719.898
V_SENSE5=0.8642578125
V_SENSE9=0.04150390625
V_SENSE12=0.10986328125
ADC_V5=4.9560546875
ADC_V9=9.2926025390625
ADC_V12=11.8768310546875
ADC_V28=27.6123046875
THERMAL_SENS_OUT_1=27
THERMAL_SENS_OUT_2=-50
THERMAL_SENS_OUT_3=28
THERMAL_SENS_OUT_4=29
THERMAL_SENS_OUT_5=30
THERMAL_SENS_OUT_6=-50
THERMAL_SENS_INT_1=28
THERMAL_SENS_INT_2=27
PG_5=0
PG_9=0
PG_12=0
FLT_P2=0
FLT_P3=0
HEAT_1_TEMP=27
HEAT_1_DUTY=0
HEAT_1_SP=-20.0
HEAT_2_TEMP=28
HEAT_2_DUTY=0
HEAT_2_SP=-20.0
HEAT_3_TEMP=29
HEAT_3_DUTY=0
HEAT_3_SP=-20.0
HEAT_4_TEMP=30
HEAT_4_DUTY=0
HEAT_4_SP=-20.0
MOTOR_ANGLE=-0.0003779069767441861
MOTOR_ACCUM=-0.0003779069767441861
MOTOR_ROT=0

[16:18:13.963 EBOX]
TS=1786201720.398
V_SENSE5=0.93505859375
V_SENSE9=0.03662109375
V_SENSE12=0.10498046875
ADC_V5=5.00030517578125
ADC_V9=8.99169921875
ADC_V12=11.9476318359375
ADC_V28=27.82470703125
THERMAL_SENS_OUT_1=26
THERMAL_SENS_OUT_2=-50
THERMAL_SENS_OUT_3=29
THERMAL_SENS_OUT_4=26
THERMAL_SENS_OUT_5=24
THERMAL_SENS_OUT_6=-50
THERMAL_SENS_INT_1=25
THERMAL_SENS_INT_2=25
PG_5=0
PG_9=0
PG_12=0
FLT_P2=0
FLT_P3=0
HEAT_1_TEMP=26
HEAT_1_DUTY=0
HEAT_1_SP=-20.0
HEAT_2_TEMP=29
HEAT_2_DUTY=0
HEAT_2_SP=-20.0
HEAT_3_TEMP=26
HEAT_3_DUTY=0
HEAT_3_SP=-20.0
HEAT_4_TEMP=24
HEAT_4_DUTY=0
HEAT_4_SP=-20.0
MOTOR_ANGLE=-0.0003779069767441861
MOTOR_ACCUM=-0.0003779069767441861
MOTOR_ROT=0

[16:18:14.187 EBOX]
TS=1786201720.898
V_SENSE5=0.83984375
V_SENSE9=0.0390625
V_SENSE12=0.12451171875
ADC_V5=5.02685546875
ADC_V9=9.522705078125
ADC_V12=11.92108154296875
ADC_V28=27.65655517578125
THERMAL_SENS_OUT_1=28
THERMAL_SENS_OUT_2=-50
THERMAL_SENS_OUT_3=29
THERMAL_SENS_OUT_4=25
THERMAL_SENS_OUT_5=27
THERMAL_SENS_OUT_6=-50
THERMAL_SENS_INT_1=25
THERMAL_SENS_INT_2=29
PG_5=0
PG_9=0
PG_12=0
FLT_P2=0
FLT_P3=0
HEAT_1_TEMP=28
HEAT_1_DUTY=0
HEAT_1_SP=-20.0
HEAT_2_TEMP=29
HEAT_2_DUTY=0
HEAT_2_SP=-20.0
HEAT_3_TEMP=25
HEAT_3_DUTY=0
HEAT_3_SP=-20.0
HEAT_4_TEMP=27
HEAT_4_DUTY=0
HEAT_4_SP=-20.0
MOTOR_ANGLE=-0.0003779069767441861
MOTOR_ACCUM=-0.0003779069767441861
MOTOR_ROT=0

[16:18:14.952 EBOX]
TS=1786201721.399
V_SENSE5=0.83984375
V_SENSE9=0.07568359375
V_SENSE12=0.10009765625
ADC_V5=5.0091552734375
ADC_V9=9.12445068359375
ADC_V12=11.79718017578125
ADC_V28=27.21405029296875
THERMAL_SENS_OUT_1=23
THERMAL_SENS_OUT_2=-50
THERMAL_SENS_OUT_3=26
THERMAL_SENS_OUT_4=26
THERMAL_SENS_OUT_5=30
THERMAL_SENS_OUT_6=-50
THERMAL_SENS_INT_1=28
THERMAL_SENS_INT_2=27
PG_5=0
PG_9=0
PG_12=0
FLT_P2=0
FLT_P3=0
HEAT_1_TEMP=23
HEAT_1_DUTY=0
HEAT_1_SP=-20.0
HEAT_2_TEMP=26
HEAT_2_DUTY=0
HEAT_2_SP=-20.0
HEAT_3_TEMP=26
HEAT_3_DUTY=0
HEAT_3_SP=-20.0
HEAT_4_TEMP=30
HEAT_4_DUTY=0
HEAT_4_SP=-20.0
MOTOR_ANGLE=-0.0003779069767441861
MOTOR_ACCUM=-0.0003779069767441861
MOTOR_ROT=0

[16:18:15.176 EBOX]
TS=1786201721.896
V_SENSE5=0.9423828125
V_SENSE9=0.0390625
V_SENSE12=0.1025390625
ADC_V5=5.00030517578125
ADC_V9=8.9208984375
ADC_V12=11.74407958984375
ADC_V28=27.30255126953125
THERMAL_SENS_OUT_1=25
THERMAL_SENS_OUT_2=-50
THERMAL_SENS_OUT_3=29
THERMAL_SENS_OUT_4=26
THERMAL_SENS_OUT_5=25
THERMAL_SENS_OUT_6=-50
THERMAL_SENS_INT_1=26
THERMAL_SENS_INT_2=29
PG_5=0
PG_9=0
PG_12=0
FLT_P2=0
FLT_P3=0
HEAT_1_TEMP=25
HEAT_1_DUTY=0
HEAT_1_SP=-20.0
HEAT_2_TEMP=29
HEAT_2_DUTY=0
HEAT_2_SP=-20.0
HEAT_3_TEMP=26
HEAT_3_DUTY=0
HEAT_3_SP=-20.0
HEAT_4_TEMP=25
HEAT_4_DUTY=0
HEAT_4_SP=-20.0
MOTOR_ANGLE=-0.0003779069767441861
MOTOR_ACCUM=-0.0003779069767441861
MOTOR_ROT=0

[16:18:15.703 EBOX]
TS=1786201722.397
V_SENSE5=0.9130859375
V_SENSE9=0.0390625
V_SENSE12=0.1220703125
ADC_V5=4.98260498046875
ADC_V9=9.42535400390625
ADC_V12=11.8768310546875
ADC_V28=27.7008056640625
THERMAL_SENS_OUT_1=27
THERMAL_SENS_OUT_2=-50
THERMAL_SENS_OUT_3=26
THERMAL_SENS_OUT_4=27
THERMAL_SENS_OUT_5=29
THERMAL_SENS_OUT_6=-50
THERMAL_SENS_INT_1=26
THERMAL_SENS_INT_2=29
PG_5=0
PG_9=0
PG_12=0
FLT_P2=0
FLT_P3=0
HEAT_1_TEMP=27
HEAT_1_DUTY=0
HEAT_1_SP=-20.0
HEAT_2_TEMP=26
HEAT_2_DUTY=0
HEAT_2_SP=-20.0
HEAT_3_TEMP=27
HEAT_3_DUTY=0
HEAT_3_SP=-20.0
HEAT_4_TEMP=29
HEAT_4_DUTY=0
HEAT_4_SP=-20.0
MOTOR_ANGLE=-0.0003779069767441861
MOTOR_ACCUM=-0.0003779069767441861
MOTOR_ROT=0

[16:18:16.130 EBOX]
TS=1786201722.898
V_SENSE5=0.908203125
V_SENSE9=0.0390625
V_SENSE12=0.1123046875
ADC_V5=4.9383544921875
ADC_V9=9.239501953125
ADC_V12=11.62017822265625
ADC_V28=27.62115478515625
THERMAL_SENS_OUT_1=26
THERMAL_SENS_OUT_2=-50
THERMAL_SENS_OUT_3=26
THERMAL_SENS_OUT_4=26
THERMAL_SENS_OUT_5=28
THERMAL_SENS_OUT_6=-50
THERMAL_SENS_INT_1=26
THERMAL_SENS_INT_2=27
PG_5=0
PG_9=0
PG_12=0
FLT_P2=0
FLT_P3=0
HEAT_1_TEMP=26
HEAT_1_DUTY=0
HEAT_1_SP=-20.0
HEAT_2_TEMP=26
HEAT_2_DUTY=0
HEAT_2_SP=-20.0
HEAT_3_TEMP=26
HEAT_3_DUTY=0
HEAT_3_SP=-20.0
HEAT_4_TEMP=28
HEAT_4_DUTY=0
HEAT_4_SP=-20.0
MOTOR_ANGLE=-0.0003779069767441861
MOTOR_ACCUM=-0.0003779069767441861
MOTOR_ROT=0

[16:18:16.655 EBOX]
TS=1786201723.399
V_SENSE5=0.927734375
V_SENSE9=0.03662109375
V_SENSE12=0.10009765625
ADC_V5=5.00030517578125
ADC_V9=9.01824951171875
ADC_V12=11.90338134765625
ADC_V28=27.53265380859375
THERMAL_SENS_OUT_1=28
THERMAL_SENS_OUT_2=-50
THERMAL_SENS_OUT_3=25
THERMAL_SENS_OUT_4=26
THERMAL_SENS_OUT_5=30
THERMAL_SENS_OUT_6=-50
THERMAL_SENS_INT_1=26
THERMAL_SENS_INT_2=29
PG_5=0
PG_9=0
PG_12=0
FLT_P2=0
FLT_P3=0
HEAT_1_TEMP=28
HEAT_1_DUTY=0
HEAT_1_SP=-20.0
HEAT_2_TEMP=25
HEAT_2_DUTY=0
HEAT_2_SP=-20.0
HEAT_3_TEMP=26
HEAT_3_DUTY=0
HEAT_3_SP=-20.0
HEAT_4_TEMP=30
HEAT_4_DUTY=0
HEAT_4_SP=-20.0
MOTOR_ANGLE=-0.0003779069767441861
MOTOR_ACCUM=-0.0003779069767441861
MOTOR_ROT=0

[16:18:17.180 EBOX]
TS=1786201723.900
V_SENSE5=0.91552734375
V_SENSE9=0.0390625
V_SENSE12=0.087890625
ADC_V5=4.96490478515625
ADC_V9=9.49615478515625
ADC_V12=11.6644287109375
ADC_V28=27.576904296875
THERMAL_SENS_OUT_1=26
THERMAL_SENS_OUT_2=-50
THERMAL_SENS_OUT_3=27
THERMAL_SENS_OUT_4=28
THERMAL_SENS_OUT_5=29
THERMAL_SENS_OUT_6=-50
THERMAL_SENS_INT_1=26
THERMAL_SENS_INT_2=29
PG_5=0
PG_9=0
PG_12=0
FLT_P2=0
FLT_P3=0
HEAT_1_TEMP=26
HEAT_1_DUTY=0
HEAT_1_SP=-20.0
HEAT_2_TEMP=27
HEAT_2_DUTY=0
HEAT_2_SP=-20.0
HEAT_3_TEMP=28
HEAT_3_DUTY=0
HEAT_3_SP=-20.0
HEAT_4_TEMP=29
HEAT_4_DUTY=0
HEAT_4_SP=-20.0
MOTOR_ANGLE=-0.0003779069767441861
MOTOR_ACCUM=-0.0003779069767441861
MOTOR_ROT=0

[16:18:17.706 EBOX]
TS=1786201724.401
V_SENSE5=0.92529296875
V_SENSE9=0.0341796875
V_SENSE12=0.15380859375
ADC_V5=4.9029541015625
ADC_V9=9.19525146484375
ADC_V12=11.76177978515625
ADC_V28=27.718505859375
THERMAL_SENS_OUT_1=25
THERMAL_SENS_OUT_2=-50
THERMAL_SENS_OUT_3=28
THERMAL_SENS_OUT_4=28
THERMAL_SENS_OUT_5=27
THERMAL_SENS_OUT_6=-50
THERMAL_SENS_INT_1=27
THERMAL_SENS_INT_2=25
PG_5=0
PG_9=0
PG_12=0
FLT_P2=0
FLT_P3=0
HEAT_1_TEMP=25
HEAT_1_DUTY=0
HEAT_1_SP=-20.0
HEAT_2_TEMP=28
HEAT_2_DUTY=0
HEAT_2_SP=-20.0
HEAT_3_TEMP=28
HEAT_3_DUTY=0
HEAT_3_SP=-20.0
HEAT_4_TEMP=27
HEAT_4_DUTY=0
HEAT_4_SP=-20.0
MOTOR_ANGLE=-0.0003779069767441861
MOTOR_ACCUM=-0.0003779069767441861
MOTOR_ROT=0

[16:18:18.432 EBOX]
TS=1786201724.902
V_SENSE5=0.8837890625
V_SENSE9=0.03662109375
V_SENSE12=0.1123046875
ADC_V5=4.9737548828125
ADC_V9=8.9208984375
ADC_V12=11.65557861328125
ADC_V28=27.88665771484375
THERMAL_SENS_OUT_1=26
THERMAL_SENS_OUT_2=-50
THERMAL_SENS_OUT_3=29
THERMAL_SENS_OUT_4=24
THERMAL_SENS_OUT_5=28
THERMAL_SENS_OUT_6=-50
THERMAL_SENS_INT_1=24
THERMAL_SENS_INT_2=27
PG_5=0
PG_9=0
PG_12=0
FLT_P2=0
FLT_P3=0
HEAT_1_TEMP=26
HEAT_1_DUTY=0
HEAT_1_SP=-20.0
HEAT_2_TEMP=29
HEAT_2_DUTY=0
HEAT_2_SP=-20.0
HEAT_3_TEMP=24
HEAT_3_DUTY=0
HEAT_3_SP=-20.0
HEAT_4_TEMP=28
HEAT_4_DUTY=0
HEAT_4_SP=-20.0
MOTOR_ANGLE=-0.0003779069767441861
MOTOR_ACCUM=-0.0003779069767441861
MOTOR_ROT=0

[16:18:18.654 EBOX]
TS=1786201725.403
V_SENSE5=0.947265625
V_SENSE9=0.0390625
V_SENSE12=0.1220703125
ADC_V5=5.00030517578125
ADC_V9=9.37225341796875
ADC_V12=11.58477783203125
ADC_V28=27.62115478515625
THERMAL_SENS_OUT_1=25
THERMAL_SENS_OUT_2=-50
THERMAL_SENS_OUT_3=28
THERMAL_SENS_OUT_4=24
THERMAL_SENS_OUT_5=26
THERMAL_SENS_OUT_6=-50
THERMAL_SENS_INT_1=24
THERMAL_SENS_INT_2=27
PG_5=0
PG_9=0
PG_12=0
FLT_P2=0
FLT_P3=0
HEAT_1_TEMP=25
HEAT_1_DUTY=0
HEAT_1_SP=-20.0
HEAT_2_TEMP=28
HEAT_2_DUTY=0
HEAT_2_SP=-20.0
HEAT_3_TEMP=24
HEAT_3_DUTY=0
HEAT_3_SP=-20.0
HEAT_4_TEMP=26
HEAT_4_DUTY=0
HEAT_4_SP=-20.0
MOTOR_ANGLE=-0.0003779069767441861
MOTOR_ACCUM=-0.0003779069767441861
MOTOR_ROT=0

[16:18:19.180 EBOX]
TS=1786201725.919
V_SENSE5=0.859375
V_SENSE9=0.03662109375
V_SENSE12=0.107421875
ADC_V5=4.87640380859375
ADC_V9=9.26605224609375
ADC_V12=11.6644287109375
ADC_V28=27.26715087890625
THERMAL_SENS_OUT_1=28
THERMAL_SENS_OUT_2=-50
THERMAL_SENS_OUT_3=29
THERMAL_SENS_OUT_4=29
THERMAL_SENS_OUT_5=25
THERMAL_SENS_OUT_6=-50
THERMAL_SENS_INT_1=28
THERMAL_SENS_INT_2=29
PG_5=0
PG_9=0
PG_12=0
FLT_P2=0
FLT_P3=0
HEAT_1_TEMP=28
HEAT_1_DUTY=0
HEAT_1_SP=-20.0
HEAT_2_TEMP=29
HEAT_2_DUTY=0
HEAT_2_SP=-20.0
HEAT_3_TEMP=29
HEAT_3_DUTY=0
HEAT_3_SP=-20.0
HEAT_4_TEMP=25
HEAT_4_DUTY=0
HEAT_4_SP=-20.0
MOTOR_ANGLE=-0.0003779069767441861
MOTOR_ACCUM=-0.0003779069767441861
MOTOR_ROT=0

[16:18:19.796 EBOX]
TS=1786201726.414
V_SENSE5=0.87158203125
V_SENSE9=0.0390625
V_SENSE12=0.126953125
ADC_V5=4.94720458984375
ADC_V9=9.027099609375
ADC_V12=11.8414306640625
ADC_V28=27.90435791015625
THERMAL_SENS_OUT_1=28
THERMAL_SENS_OUT_2=-50
THERMAL_SENS_OUT_3=29
THERMAL_SENS_OUT_4=25
THERMAL_SENS_OUT_5=25
THERMAL_SENS_OUT_6=-50
THERMAL_SENS_INT_1=24
THERMAL_SENS_INT_2=27
PG_5=0
PG_9=0
PG_12=0
FLT_P2=0
FLT_P3=0
HEAT_1_TEMP=28
HEAT_1_DUTY=0
HEAT_1_SP=-20.0
HEAT_2_TEMP=29
HEAT_2_DUTY=0
HEAT_2_SP=-20.0
HEAT_3_TEMP=25
HEAT_3_DUTY=0
HEAT_3_SP=-20.0
HEAT_4_TEMP=25
HEAT_4_DUTY=0
HEAT_4_SP=-20.0
MOTOR_ANGLE=-0.0003779069767441861
MOTOR_ACCUM=-0.0003779069767441861
MOTOR_ROT=0

[16:18:20.219 EBOX]
TS=1786201726.916
V_SENSE5=0.849609375
V_SENSE9=0.06591796875
V_SENSE12=0.11962890625
ADC_V5=5.02685546875
ADC_V9=9.3634033203125
ADC_V12=11.77947998046875
ADC_V28=27.8955078125
THERMAL_SENS_OUT_1=27
THERMAL_SENS_OUT_2=-50
THERMAL_SENS_OUT_3=29
THERMAL_SENS_OUT_4=26
THERMAL_SENS_OUT_5=30
THERMAL_SENS_OUT_6=-50
THERMAL_SENS_INT_1=28
THERMAL_SENS_INT_2=26
PG_5=0
PG_9=0
PG_12=0
FLT_P2=0
FLT_P3=0
HEAT_1_TEMP=27
HEAT_1_DUTY=0
HEAT_1_SP=-20.0
HEAT_2_TEMP=29
HEAT_2_DUTY=0
HEAT_2_SP=-20.0
HEAT_3_TEMP=26
HEAT_3_DUTY=0
HEAT_3_SP=-20.0
HEAT_4_TEMP=30
HEAT_4_DUTY=0
HEAT_4_SP=-20.0
MOTOR_ANGLE=-0.0003779069767441861
MOTOR_ACCUM=-0.0003779069767441861
MOTOR_ROT=0

[16:18:20.645 EBOX]
TS=1786201727.417
V_SENSE5=0.89599609375
V_SENSE9=0.03662109375
V_SENSE12=0.10009765625
ADC_V5=5.03570556640625
ADC_V9=8.99169921875
ADC_V12=11.60247802734375
ADC_V28=27.11669921875
THERMAL_SENS_OUT_1=29
THERMAL_SENS_OUT_2=-50
THERMAL_SENS_OUT_3=25
THERMAL_SENS_OUT_4=24
THERMAL_SENS_OUT_5=29
THERMAL_SENS_OUT_6=-50
THERMAL_SENS_INT_1=25
THERMAL_SENS_INT_2=29
PG_5=0
PG_9=0
PG_12=0
FLT_P2=0
FLT_P3=0
HEAT_1_TEMP=29
HEAT_1_DUTY=0
HEAT_1_SP=-20.0
HEAT_2_TEMP=25
HEAT_2_DUTY=0
HEAT_2_SP=-20.0
HEAT_3_TEMP=24
HEAT_3_DUTY=0
HEAT_3_SP=-20.0
HEAT_4_TEMP=29
HEAT_4_DUTY=0
HEAT_4_SP=-20.0
MOTOR_ANGLE=-0.0003779069767441861
MOTOR_ACCUM=-0.0003779069767441861
MOTOR_ROT=0

[16:18:21.154 EBOX]
TS=1786201727.919
V_SENSE5=0.859375
V_SENSE9=0.03662109375
V_SENSE12=0.11474609375
ADC_V5=4.94720458984375
ADC_V9=8.956298828125
ADC_V12=11.85028076171875
ADC_V28=27.789306640625
THERMAL_SENS_OUT_1=23
THERMAL_SENS_OUT_2=-50
THERMAL_SENS_OUT_3=30
THERMAL_SENS_OUT_4=27
THERMAL_SENS_OUT_5=25
THERMAL_SENS_OUT_6=-50
THERMAL_SENS_INT_1=23
THERMAL_SENS_INT_2=29
PG_5=0
PG_9=0
PG_12=0
FLT_P2=0
FLT_P3=0
HEAT_1_TEMP=23
HEAT_1_DUTY=0
HEAT_1_SP=-20.0
HEAT_2_TEMP=30
HEAT_2_DUTY=0
HEAT_2_SP=-20.0
HEAT_3_TEMP=27
HEAT_3_DUTY=0
HEAT_3_SP=-20.0
HEAT_4_TEMP=25
HEAT_4_DUTY=0
HEAT_4_SP=-20.0
MOTOR_ANGLE=-0.0003779069767441861
MOTOR_ACCUM=-0.0003779069767441861
MOTOR_ROT=0

[16:18:21.683 EBOX]
TS=1786201728.412
V_SENSE5=0.95458984375
V_SENSE9=0.03662109375
V_SENSE12=0.09765625
ADC_V5=4.92950439453125
ADC_V9=9.3280029296875
ADC_V12=11.69097900390625
ADC_V28=27.75390625
THERMAL_SENS_OUT_1=24
THERMAL_SENS_OUT_2=-50
THERMAL_SENS_OUT_3=26
THERMAL_SENS_OUT_4=25
THERMAL_SENS_OUT_5=25
THERMAL_SENS_OUT_6=-50
THERMAL_SENS_INT_1=24
THERMAL_SENS_INT_2=28
PG_5=0
PG_9=0
PG_12=0
FLT_P2=0
FLT_P3=0
HEAT_1_TEMP=24
HEAT_1_DUTY=0
HEAT_1_SP=-20.0
HEAT_2_TEMP=26
HEAT_2_DUTY=0
HEAT_2_SP=-20.0
HEAT_3_TEMP=25
HEAT_3_DUTY=0
HEAT_3_SP=-20.0
HEAT_4_TEMP=25
HEAT_4_DUTY=0
HEAT_4_SP=-20.0
MOTOR_ANGLE=-0.0003779069767441861
MOTOR_ACCUM=-0.0003779069767441861
MOTOR_ROT=0

[16:18:22.207 EBOX]
TS=1786201728.913
V_SENSE5=0.93505859375
V_SENSE9=0.03662109375
V_SENSE12=0.1171875
ADC_V5=4.89410400390625
ADC_V9=9.1864013671875
ADC_V12=11.88568115234375
ADC_V28=27.72735595703125
THERMAL_SENS_OUT_1=28
THERMAL_SENS_OUT_2=-50
THERMAL_SENS_OUT_3=28
THERMAL_SENS_OUT_4=26
THERMAL_SENS_OUT_5=27
THERMAL_SENS_OUT_6=-50
THERMAL_SENS_INT_1=24
THERMAL_SENS_INT_2=27
PG_5=0
PG_9=0
PG_12=0
FLT_P2=0
FLT_P3=0
HEAT_1_TEMP=28
HEAT_1_DUTY=0
HEAT_1_SP=-20.0
HEAT_2_TEMP=28
HEAT_2_DUTY=0
HEAT_2_SP=-20.0
HEAT_3_TEMP=26
HEAT_3_DUTY=0
HEAT_3_SP=-20.0
HEAT_4_TEMP=27
HEAT_4_DUTY=0
HEAT_4_SP=-20.0
MOTOR_ANGLE=-0.0003779069767441861
MOTOR_ACCUM=-0.0003779069767441861
MOTOR_ROT=0

[16:18:22.734 EBOX]
TS=1786201729.415
V_SENSE5=0.91552734375
V_SENSE9=0.03662109375
V_SENSE12=0.12451171875
ADC_V5=5.00030517578125
ADC_V9=9.0093994140625
ADC_V12=11.7352294921875
ADC_V28=27.68310546875
THERMAL_SENS_OUT_1=24
THERMAL_SENS_OUT_2=-50
THERMAL_SENS_OUT_3=26
THERMAL_SENS_OUT_4=26
THERMAL_SENS_OUT_5=28
THERMAL_SENS_OUT_6=-50
THERMAL_SENS_INT_1=24
THERMAL_SENS_INT_2=27
PG_5=0
PG_9=0
PG_12=0
FLT_P2=0
FLT_P3=0
HEAT_1_TEMP=24
HEAT_1_DUTY=0
HEAT_1_SP=-20.0
HEAT_2_TEMP=26
HEAT_2_DUTY=0
HEAT_2_SP=-20.0
HEAT_3_TEMP=26
HEAT_3_DUTY=0
HEAT_3_SP=-20.0
HEAT_4_TEMP=28
HEAT_4_DUTY=0
HEAT_4_SP=-20.0
MOTOR_ANGLE=-0.0003779069767441861
MOTOR_ACCUM=-0.0003779069767441861
MOTOR_ROT=0

[16:18:23.160 EBOX]
TS=1786201729.917
V_SENSE5=1.03271484375
V_SENSE9=0.03662109375
V_SENSE12=0.1025390625
ADC_V5=4.991455078125
ADC_V9=9.24835205078125
ADC_V12=11.8768310546875
ADC_V28=27.37335205078125
THERMAL_SENS_OUT_1=24
THERMAL_SENS_OUT_2=-50
THERMAL_SENS_OUT_3=25
THERMAL_SENS_OUT_4=26
THERMAL_SENS_OUT_5=28
THERMAL_SENS_OUT_6=-50
THERMAL_SENS_INT_1=25
THERMAL_SENS_INT_2=27
PG_5=0
PG_9=0
PG_12=0
FLT_P2=0
FLT_P3=0
HEAT_1_TEMP=24
HEAT_1_DUTY=0
HEAT_1_SP=-20.0
HEAT_2_TEMP=25
HEAT_2_DUTY=0
HEAT_2_SP=-20.0
HEAT_3_TEMP=26
HEAT_3_DUTY=0
HEAT_3_SP=-20.0
HEAT_4_TEMP=28
HEAT_4_DUTY=0
HEAT_4_SP=-20.0
MOTOR_ANGLE=-0.0003779069767441861
MOTOR_ACCUM=-0.0003779069767441861
MOTOR_ROT=0

[16:18:23.686 EBOX]
TS=1786201730.423
V_SENSE5=0.8544921875
V_SENSE9=0.0390625
V_SENSE12=0.11962890625
ADC_V5=5.00030517578125
ADC_V9=9.239501953125
ADC_V12=11.77947998046875
ADC_V28=27.09014892578125
THERMAL_SENS_OUT_1=28
THERMAL_SENS_OUT_2=-50
THERMAL_SENS_OUT_3=29
THERMAL_SENS_OUT_4=24
THERMAL_SENS_OUT_5=26
THERMAL_SENS_OUT_6=-50
THERMAL_SENS_INT_1=25
THERMAL_SENS_INT_2=30
PG_5=0
PG_9=0
PG_12=0
FLT_P2=0
FLT_P3=0
HEAT_1_TEMP=28
HEAT_1_DUTY=0
HEAT_1_SP=-20.0
HEAT_2_TEMP=29
HEAT_2_DUTY=0
HEAT_2_SP=-20.0
HEAT_3_TEMP=24
HEAT_3_DUTY=0
HEAT_3_SP=-20.0
HEAT_4_TEMP=26
HEAT_4_DUTY=0
HEAT_4_SP=-20.0
MOTOR_ANGLE=-0.0003779069767441861
MOTOR_ACCUM=-0.0003779069767441861
MOTOR_ROT=0

[16:18:24.519 EBOX]
TS=1786201730.926
V_SENSE5=0.83740234375
V_SENSE9=0.0341796875
V_SENSE12=0.1123046875
ADC_V5=4.9560546875
ADC_V9=8.89434814453125
ADC_V12=11.6290283203125
ADC_V28=27.718505859375
THERMAL_SENS_OUT_1=26
THERMAL_SENS_OUT_2=-50
THERMAL_SENS_OUT_3=24
THERMAL_SENS_OUT_4=23
THERMAL_SENS_OUT_5=27
THERMAL_SENS_OUT_6=-50
THERMAL_SENS_INT_1=25
THERMAL_SENS_INT_2=26
PG_5=0
PG_9=0
PG_12=0
FLT_P2=0
FLT_P3=0
HEAT_1_TEMP=26
HEAT_1_DUTY=0
HEAT_1_SP=-20.0
HEAT_2_TEMP=24
HEAT_2_DUTY=0
HEAT_2_SP=-20.0
HEAT_3_TEMP=23
HEAT_3_DUTY=0
HEAT_3_SP=-20.0
HEAT_4_TEMP=27
HEAT_4_DUTY=0
HEAT_4_SP=-20.0
MOTOR_ANGLE=-0.0003779069767441861
MOTOR_ACCUM=-0.0003779069767441861
MOTOR_ROT=0

[16:18:24.945 EBOX]
TS=1786201731.429
V_SENSE5=0.84228515625
V_SENSE9=0.03662109375
V_SENSE12=0.107421875
ADC_V5=4.98260498046875
ADC_V9=9.47845458984375
ADC_V12=11.76177978515625
ADC_V28=27.6654052734375
THERMAL_SENS_OUT_1=28
THERMAL_SENS_OUT_2=-50
THERMAL_SENS_OUT_3=28
THERMAL_SENS_OUT_4=23
THERMAL_SENS_OUT_5=28
THERMAL_SENS_OUT_6=-50
THERMAL_SENS_INT_1=25
THERMAL_SENS_INT_2=29
PG_5=0
PG_9=0
PG_12=0
FLT_P2=0
FLT_P3=0
HEAT_1_TEMP=28
HEAT_1_DUTY=0
HEAT_1_SP=-20.0
HEAT_2_TEMP=28
HEAT_2_DUTY=0
HEAT_2_SP=-20.0
HEAT_3_TEMP=23
HEAT_3_DUTY=0
HEAT_3_SP=-20.0
HEAT_4_TEMP=28
HEAT_4_DUTY=0
HEAT_4_SP=-20.0
MOTOR_ANGLE=-0.0003779069767441861
MOTOR_ACCUM=-0.0003779069767441861
MOTOR_ROT=0

[16:18:25.170 EBOX]
TS=1786201731.931
V_SENSE5=0.8447265625
V_SENSE9=0.0341796875
V_SENSE12=0.10986328125
ADC_V5=5.00030517578125
ADC_V9=9.15985107421875
ADC_V12=11.90338134765625
ADC_V28=27.9486083984375
THERMAL_SENS_OUT_1=25
THERMAL_SENS_OUT_2=-50
THERMAL_SENS_OUT_3=27
THERMAL_SENS_OUT_4=26
THERMAL_SENS_OUT_5=30
THERMAL_SENS_OUT_6=-50
THERMAL_SENS_INT_1=28
THERMAL_SENS_INT_2=26
PG_5=0
PG_9=0
PG_12=0
FLT_P2=0
FLT_P3=0
HEAT_1_TEMP=25
HEAT_1_DUTY=0
HEAT_1_SP=-20.0
HEAT_2_TEMP=27
HEAT_2_DUTY=0
HEAT_2_SP=-20.0
HEAT_3_TEMP=26
HEAT_3_DUTY=0
HEAT_3_SP=-20.0
HEAT_4_TEMP=30
HEAT_4_DUTY=0
HEAT_4_SP=-20.0
MOTOR_ANGLE=-0.0003779069767441861
MOTOR_ACCUM=-0.0003779069767441861
MOTOR_ROT=0

[16:18:25.702 EBOX]
TS=1786201732.426
V_SENSE5=0.92041015625
V_SENSE9=0.0390625
V_SENSE12=0.11474609375
ADC_V5=4.98260498046875
ADC_V9=9.0093994140625
ADC_V12=11.83258056640625
ADC_V28=27.46185302734375
THERMAL_SENS_OUT_1=23
THERMAL_SENS_OUT_2=-50
THERMAL_SENS_OUT_3=26
THERMAL_SENS_OUT_4=27
THERMAL_SENS_OUT_5=28
THERMAL_SENS_OUT_6=-50
THERMAL_SENS_INT_1=24
THERMAL_SENS_INT_2=26
PG_5=0
PG_9=0
PG_12=0
FLT_P2=0
FLT_P3=0
HEAT_1_TEMP=23
HEAT_1_DUTY=0
HEAT_1_SP=-20.0
HEAT_2_TEMP=26
HEAT_2_DUTY=0
HEAT_2_SP=-20.0
HEAT_3_TEMP=27
HEAT_3_DUTY=0
HEAT_3_SP=-20.0
HEAT_4_TEMP=28
HEAT_4_DUTY=0
HEAT_4_SP=-20.0
MOTOR_ANGLE=-0.0003779069767441861
MOTOR_ACCUM=-0.0003779069767441861
MOTOR_ROT=0

[16:18:26.227 EBOX]
TS=1786201732.927
V_SENSE5=0.9326171875
V_SENSE9=0.0341796875
V_SENSE12=0.1220703125
ADC_V5=4.9737548828125
ADC_V9=9.42535400390625
ADC_V12=11.63787841796875
ADC_V28=27.58575439453125
THERMAL_SENS_OUT_1=23
THERMAL_SENS_OUT_2=-50
THERMAL_SENS_OUT_3=27
THERMAL_SENS_OUT_4=27
THERMAL_SENS_OUT_5=29
THERMAL_SENS_OUT_6=-50
THERMAL_SENS_INT_1=28
THERMAL_SENS_INT_2=26
PG_5=0
PG_9=0
PG_12=0
FLT_P2=0
FLT_P3=0
HEAT_1_TEMP=23
HEAT_1_DUTY=0
HEAT_1_SP=-20.0
HEAT_2_TEMP=27
HEAT_2_DUTY=0
HEAT_2_SP=-20.0
HEAT_3_TEMP=27
HEAT_3_DUTY=0
HEAT_3_SP=-20.0
HEAT_4_TEMP=29
HEAT_4_DUTY=0
HEAT_4_SP=-20.0
MOTOR_ANGLE=-0.0003779069767441861
MOTOR_ACCUM=-0.0003779069767441861
MOTOR_ROT=0

[16:18:26.662 EBOX]
TS=1786201733.428
V_SENSE5=0.9228515625
V_SENSE9=0.0341796875
V_SENSE12=0.107421875
ADC_V5=5.01800537109375
ADC_V9=8.9739990234375
ADC_V12=11.70867919921875
ADC_V28=27.68310546875
THERMAL_SENS_OUT_1=27
THERMAL_SENS_OUT_2=-50
THERMAL_SENS_OUT_3=25
THERMAL_SENS_OUT_4=27
THERMAL_SENS_OUT_5=29
THERMAL_SENS_OUT_6=-50
THERMAL_SENS_INT_1=27
THERMAL_SENS_INT_2=27
PG_5=0
PG_9=0
PG_12=0
FLT_P2=0
FLT_P3=0
HEAT_1_TEMP=27
HEAT_1_DUTY=0
HEAT_1_SP=-20.0
HEAT_2_TEMP=25
HEAT_2_DUTY=0
HEAT_2_SP=-20.0
HEAT_3_TEMP=27
HEAT_3_DUTY=0
HEAT_3_SP=-20.0
HEAT_4_TEMP=29
HEAT_4_DUTY=0
HEAT_4_SP=-20.0
MOTOR_ANGLE=-0.0003779069767441861
MOTOR_ACCUM=-0.0003779069767441861
MOTOR_ROT=0

[16:18:27.191 EBOX]
TS=1786201733.929
V_SENSE5=0.8935546875
V_SENSE9=0.05615234375
V_SENSE12=0.1025390625
ADC_V5=4.9560546875
ADC_V9=8.9385986328125
ADC_V12=11.65557861328125
ADC_V28=27.56805419921875
THERMAL_SENS_OUT_1=27
THERMAL_SENS_OUT_2=-50
THERMAL_SENS_OUT_3=29
THERMAL_SENS_OUT_4=26
THERMAL_SENS_OUT_5=28
THERMAL_SENS_OUT_6=-50
THERMAL_SENS_INT_1=26
THERMAL_SENS_INT_2=26
PG_5=0
PG_9=0
PG_12=0
FLT_P2=0
FLT_P3=0
HEAT_1_TEMP=27
HEAT_1_DUTY=0
HEAT_1_SP=-20.0
HEAT_2_TEMP=29
HEAT_2_DUTY=0
HEAT_2_SP=-20.0
HEAT_3_TEMP=26
HEAT_3_DUTY=0
HEAT_3_SP=-20.0
HEAT_4_TEMP=28
HEAT_4_DUTY=0
HEAT_4_SP=-20.0
MOTOR_ANGLE=-0.0003779069767441861
MOTOR_ACCUM=-0.0003779069767441861
MOTOR_ROT=0

[16:18:27.722 EBOX]
TS=1786201734.437
V_SENSE5=0.86669921875
V_SENSE9=0.03662109375
V_SENSE12=0.10986328125
ADC_V5=4.94720458984375
ADC_V9=9.30145263671875
ADC_V12=11.76177978515625
ADC_V28=28.001708984375
THERMAL_SENS_OUT_1=25
THERMAL_SENS_OUT_2=-50
THERMAL_SENS_OUT_3=24
THERMAL_SENS_OUT_4=27
THERMAL_SENS_OUT_5=24
THERMAL_SENS_OUT_6=-50
THERMAL_SENS_INT_1=27
THERMAL_SENS_INT_2=26
PG_5=0
PG_9=0
PG_12=0
FLT_P2=0
FLT_P3=0
HEAT_1_TEMP=25
HEAT_1_DUTY=0
HEAT_1_SP=-20.0
HEAT_2_TEMP=24
HEAT_2_DUTY=0
HEAT_2_SP=-20.0
HEAT_3_TEMP=27
HEAT_3_DUTY=0
HEAT_3_SP=-20.0
HEAT_4_TEMP=24
HEAT_4_DUTY=0
HEAT_4_SP=-20.0
MOTOR_ANGLE=-0.0003779069767441861
MOTOR_ACCUM=-0.0003779069767441861
MOTOR_ROT=0

[16:18:28.248 EBOX]
TS=1786201734.938
V_SENSE5=0.86669921875
V_SENSE9=0.03662109375
V_SENSE12=0.15380859375
ADC_V5=4.92950439453125
ADC_V9=9.14215087890625
ADC_V12=11.58477783203125
ADC_V28=27.75390625
THERMAL_SENS_OUT_1=26
THERMAL_SENS_OUT_2=-50
THERMAL_SENS_OUT_3=29
THERMAL_SENS_OUT_4=26
THERMAL_SENS_OUT_5=30
THERMAL_SENS_OUT_6=-50
THERMAL_SENS_INT_1=28
THERMAL_SENS_INT_2=25
PG_5=0
PG_9=0
PG_12=0
FLT_P2=0
FLT_P3=0
HEAT_1_TEMP=26
HEAT_1_DUTY=0
HEAT_1_SP=-20.0
HEAT_2_TEMP=29
HEAT_2_DUTY=0
HEAT_2_SP=-20.0
HEAT_3_TEMP=26
HEAT_3_DUTY=0
HEAT_3_SP=-20.0
HEAT_4_TEMP=30
HEAT_4_DUTY=0
HEAT_4_SP=-20.0
MOTOR_ANGLE=-0.0003779069767441861
MOTOR_ACCUM=-0.0003779069767441861
MOTOR_ROT=0

[16:18:28.976 EBOX]
TS=1786201735.437
V_SENSE5=0.87646484375
V_SENSE9=0.05126953125
V_SENSE12=0.1171875
ADC_V5=4.88525390625
ADC_V9=9.0447998046875
ADC_V12=11.67327880859375
ADC_V28=27.46185302734375
THERMAL_SENS_OUT_1=24
THERMAL_SENS_OUT_2=-50
THERMAL_SENS_OUT_3=25
THERMAL_SENS_OUT_4=29
THERMAL_SENS_OUT_5=29
THERMAL_SENS_OUT_6=-50
THERMAL_SENS_INT_1=23
THERMAL_SENS_INT_2=24
PG_5=0
PG_9=0
PG_12=0
FLT_P2=0
FLT_P3=0
HEAT_1_TEMP=24
HEAT_1_DUTY=0
HEAT_1_SP=-20.0
HEAT_2_TEMP=25
HEAT_2_DUTY=0
HEAT_2_SP=-20.0
HEAT_3_TEMP=29
HEAT_3_DUTY=0
HEAT_3_SP=-20.0
HEAT_4_TEMP=29
HEAT_4_DUTY=0
HEAT_4_SP=-20.0
MOTOR_ANGLE=-0.0003779069767441861
MOTOR_ACCUM=-0.0003779069767441861
MOTOR_ROT=0

[16:18:29.495 EBOX]
TS=1786201735.941
V_SENSE5=0.8447265625
V_SENSE9=0.03662109375
V_SENSE12=0.15380859375
ADC_V5=4.9560546875
ADC_V9=9.381103515625
ADC_V12=11.5582275390625
ADC_V28=27.62115478515625
THERMAL_SENS_OUT_1=28
THERMAL_SENS_OUT_2=-50
THERMAL_SENS_OUT_3=26
THERMAL_SENS_OUT_4=27
THERMAL_SENS_OUT_5=29
THERMAL_SENS_OUT_6=-50
THERMAL_SENS_INT_1=27
THERMAL_SENS_INT_2=25
PG_5=0
PG_9=0
PG_12=0
FLT_P2=0
FLT_P3=0
HEAT_1_TEMP=28
HEAT_1_DUTY=0
HEAT_1_SP=-20.0
HEAT_2_TEMP=26
HEAT_2_DUTY=0
HEAT_2_SP=-20.0
HEAT_3_TEMP=27
HEAT_3_DUTY=0
HEAT_3_SP=-20.0
HEAT_4_TEMP=29
HEAT_4_DUTY=0
HEAT_4_SP=-20.0
MOTOR_ANGLE=-0.0003779069767441861
MOTOR_ACCUM=-0.0003779069767441861
MOTOR_ROT=0

[16:18:30.022 EBOX]
TS=1786201736.441
V_SENSE5=0.849609375
V_SENSE9=0.04150390625
V_SENSE12=0.10009765625
ADC_V5=5.0091552734375
ADC_V9=9.14215087890625
ADC_V12=11.76177978515625
ADC_V28=27.789306640625
THERMAL_SENS_OUT_1=23
THERMAL_SENS_OUT_2=-50
THERMAL_SENS_OUT_3=26
THERMAL_SENS_OUT_4=24
THERMAL_SENS_OUT_5=25
THERMAL_SENS_OUT_6=-50
THERMAL_SENS_INT_1=26
THERMAL_SENS_INT_2=27
PG_5=0
PG_9=0
PG_12=0
FLT_P2=0
FLT_P3=0
HEAT_1_TEMP=23
HEAT_1_DUTY=0
HEAT_1_SP=-20.0
HEAT_2_TEMP=26
HEAT_2_DUTY=0
HEAT_2_SP=-20.0
HEAT_3_TEMP=24
HEAT_3_DUTY=0
HEAT_3_SP=-20.0
HEAT_4_TEMP=25
HEAT_4_DUTY=0
HEAT_4_SP=-20.0
MOTOR_ANGLE=-0.0003779069767441861
MOTOR_ACCUM=-0.0003779069767441861
MOTOR_ROT=0

[16:18:30.252 EBOX]
TS=1786201736.946
V_SENSE5=0.85205078125
V_SENSE9=0.03662109375
V_SENSE12=0.1220703125
ADC_V5=4.89410400390625
ADC_V9=8.814697265625
ADC_V12=11.7529296875
ADC_V28=27.78045654296875
THERMAL_SENS_OUT_1=26
THERMAL_SENS_OUT_2=-50
THERMAL_SENS_OUT_3=26
THERMAL_SENS_OUT_4=29
THERMAL_SENS_OUT_5=29
THERMAL_SENS_OUT_6=-50
THERMAL_SENS_INT_1=25
THERMAL_SENS_INT_2=29
PG_5=0
PG_9=0
PG_12=0
FLT_P2=0
FLT_P3=0
HEAT_1_TEMP=26
HEAT_1_DUTY=0
HEAT_1_SP=-20.0
HEAT_2_TEMP=26
HEAT_2_DUTY=0
HEAT_2_SP=-20.0
HEAT_3_TEMP=29
HEAT_3_DUTY=0
HEAT_3_SP=-20.0
HEAT_4_TEMP=29
HEAT_4_DUTY=0
HEAT_4_SP=-20.0
MOTOR_ANGLE=-0.0003779069767441861
MOTOR_ACCUM=-0.0003779069767441861
MOTOR_ROT=0

[16:18:30.679 EBOX]
TS=1786201737.446
V_SENSE5=0.849609375
V_SENSE9=0.0390625
V_SENSE12=0.09521484375
ADC_V5=4.9383544921875
ADC_V9=9.522705078125
ADC_V12=11.79718017578125
ADC_V28=27.96630859375
THERMAL_SENS_OUT_1=23
THERMAL_SENS_OUT_2=-50
THERMAL_SENS_OUT_3=25
THERMAL_SENS_OUT_4=27
THERMAL_SENS_OUT_5=28
THERMAL_SENS_OUT_6=-50
THERMAL_SENS_INT_1=25
THERMAL_SENS_INT_2=29
PG_5=0
PG_9=0
PG_12=0
FLT_P2=0
FLT_P3=0
HEAT_1_TEMP=23
HEAT_1_DUTY=0
HEAT_1_SP=-20.0
HEAT_2_TEMP=25
HEAT_2_DUTY=0
HEAT_2_SP=-20.0
HEAT_3_TEMP=27
HEAT_3_DUTY=0
HEAT_3_SP=-20.0
HEAT_4_TEMP=28
HEAT_4_DUTY=0
HEAT_4_SP=-20.0
MOTOR_ANGLE=-0.0003779069767441861
MOTOR_ACCUM=-0.0003779069767441861
MOTOR_ROT=0

[16:18:31.932 EBOX]
TS=1786201737.950
V_SENSE5=0.849609375
V_SENSE9=0.03662109375
V_SENSE12=0.126953125
ADC_V5=4.9029541015625
ADC_V9=9.05364990234375
ADC_V12=11.8414306640625
ADC_V28=27.6123046875
THERMAL_SENS_OUT_1=25
THERMAL_SENS_OUT_2=-50
THERMAL_SENS_OUT_3=27
THERMAL_SENS_OUT_4=29
THERMAL_SENS_OUT_5=27
THERMAL_SENS_OUT_6=-50
THERMAL_SENS_INT_1=29
THERMAL_SENS_INT_2=27
PG_5=0
PG_9=0
PG_12=0
FLT_P2=0
FLT_P3=0
HEAT_1_TEMP=25
HEAT_1_DUTY=0
HEAT_1_SP=-20.0
HEAT_2_TEMP=27
HEAT_2_DUTY=0
HEAT_2_SP=-20.0
HEAT_3_TEMP=29
HEAT_3_DUTY=0
HEAT_3_SP=-20.0
HEAT_4_TEMP=27
HEAT_4_DUTY=0
HEAT_4_SP=-20.0
MOTOR_ANGLE=-0.0003779069767441861
MOTOR_ACCUM=-0.0003779069767441861
MOTOR_ROT=0

[16:18:32.062 EBOX]
TS=1786201738.453
V_SENSE5=0.86669921875
V_SENSE9=0.03662109375
V_SENSE12=0.107421875
ADC_V5=5.01800537109375
ADC_V9=9.0447998046875
ADC_V12=11.9122314453125
ADC_V28=27.718505859375
THERMAL_SENS_OUT_1=24
THERMAL_SENS_OUT_2=-50
THERMAL_SENS_OUT_3=29
THERMAL_SENS_OUT_4=26
THERMAL_SENS_OUT_5=28
THERMAL_SENS_OUT_6=-50
THERMAL_SENS_INT_1=24
THERMAL_SENS_INT_2=26
PG_5=0
PG_9=0
PG_12=0
FLT_P2=0
FLT_P3=0
HEAT_1_TEMP=24
HEAT_1_DUTY=0
HEAT_1_SP=-20.0
HEAT_2_TEMP=29
HEAT_2_DUTY=0
HEAT_2_SP=-20.0
HEAT_3_TEMP=26
HEAT_3_DUTY=0
HEAT_3_SP=-20.0
HEAT_4_TEMP=28
HEAT_4_DUTY=0
HEAT_4_SP=-20.0
MOTOR_ANGLE=-0.0003779069767441861
MOTOR_ACCUM=-0.0003779069767441861
MOTOR_ROT=0

[16:18:32.182 EBOX]
TS=1786201738.945
V_SENSE5=0.88623046875
V_SENSE9=0.0341796875
V_SENSE12=0.107421875
ADC_V5=4.920654296875
ADC_V9=8.9208984375
ADC_V12=11.69097900390625
ADC_V28=27.93975830078125
THERMAL_SENS_OUT_1=25
THERMAL_SENS_OUT_2=-50
THERMAL_SENS_OUT_3=25
THERMAL_SENS_OUT_4=27
THERMAL_SENS_OUT_5=25
THERMAL_SENS_OUT_6=-50
THERMAL_SENS_INT_1=24
THERMAL_SENS_INT_2=28
PG_5=0
PG_9=0
PG_12=0
FLT_P2=0
FLT_P3=0
HEAT_1_TEMP=25
HEAT_1_DUTY=0
HEAT_1_SP=-20.0
HEAT_2_TEMP=25
HEAT_2_DUTY=0
HEAT_2_SP=-20.0
HEAT_3_TEMP=27
HEAT_3_DUTY=0
HEAT_3_SP=-20.0
HEAT_4_TEMP=25
HEAT_4_DUTY=0
HEAT_4_SP=-20.0
MOTOR_ANGLE=-0.0003779069767441861
MOTOR_ACCUM=-0.0003779069767441861
MOTOR_ROT=0

[16:18:32.714 EBOX]
TS=1786201739.446
V_SENSE5=0.888671875
V_SENSE9=0.0341796875
V_SENSE12=0.10498046875
ADC_V5=5.0091552734375
ADC_V9=9.2572021484375
ADC_V12=11.93878173828125
ADC_V28=27.65655517578125
THERMAL_SENS_OUT_1=24
THERMAL_SENS_OUT_2=-50
THERMAL_SENS_OUT_3=25
THERMAL_SENS_OUT_4=28
THERMAL_SENS_OUT_5=26
THERMAL_SENS_OUT_6=-50
THERMAL_SENS_INT_1=24
THERMAL_SENS_INT_2=29
PG_5=0
PG_9=0
PG_12=0
FLT_P2=0
FLT_P3=0
HEAT_1_TEMP=24
HEAT_1_DUTY=0
HEAT_1_SP=-20.0
HEAT_2_TEMP=25
HEAT_2_DUTY=0
HEAT_2_SP=-20.0
HEAT_3_TEMP=28
HEAT_3_DUTY=0
HEAT_3_SP=-20.0
HEAT_4_TEMP=26
HEAT_4_DUTY=0
HEAT_4_SP=-20.0
MOTOR_ANGLE=-0.0003779069767441861
MOTOR_ACCUM=-0.0003779069767441861
MOTOR_ROT=0

[16:18:33.642 EBOX]
TS=1786201739.948
V_SENSE5=0.93505859375
V_SENSE9=0.03662109375
V_SENSE12=0.14404296875
ADC_V5=4.92950439453125
ADC_V9=8.99169921875
ADC_V12=11.93878173828125
ADC_V28=27.82470703125
THERMAL_SENS_OUT_1=26
THERMAL_SENS_OUT_2=-50
THERMAL_SENS_OUT_3=29
THERMAL_SENS_OUT_4=24
THERMAL_SENS_OUT_5=26
THERMAL_SENS_OUT_6=-50
THERMAL_SENS_INT_1=26
THERMAL_SENS_INT_2=29
PG_5=0
PG_9=0
PG_12=0
FLT_P2=0
FLT_P3=0
HEAT_1_TEMP=26
HEAT_1_DUTY=0
HEAT_1_SP=-20.0
HEAT_2_TEMP=29
HEAT_2_DUTY=0
HEAT_2_SP=-20.0
HEAT_3_TEMP=24
HEAT_3_DUTY=0
HEAT_3_SP=-20.0
HEAT_4_TEMP=26
HEAT_4_DUTY=0
HEAT_4_SP=-20.0
MOTOR_ANGLE=-0.0003779069767441861
MOTOR_ACCUM=-0.0003779069767441861
MOTOR_ROT=0

[16:18:33.769 EBOX]
TS=1786201740.448
V_SENSE5=0.9619140625
V_SENSE9=0.0341796875
V_SENSE12=0.10986328125
ADC_V5=4.98260498046875
ADC_V9=8.956298828125
ADC_V12=11.97418212890625
ADC_V28=27.789306640625
THERMAL_SENS_OUT_1=28
THERMAL_SENS_OUT_2=-50
THERMAL_SENS_OUT_3=29
THERMAL_SENS_OUT_4=25
THERMAL_SENS_OUT_5=29
THERMAL_SENS_OUT_6=-50
THERMAL_SENS_INT_1=27
THERMAL_SENS_INT_2=25
PG_5=0
PG_9=0
PG_12=0
FLT_P2=0
FLT_P3=0
HEAT_1_TEMP=28
HEAT_1_DUTY=0
HEAT_1_SP=-20.0
HEAT_2_TEMP=29
HEAT_2_DUTY=0
HEAT_2_SP=-20.0
HEAT_3_TEMP=25
HEAT_3_DUTY=0
HEAT_3_SP=-20.0
HEAT_4_TEMP=29
HEAT_4_DUTY=0
HEAT_4_SP=-20.0
MOTOR_ANGLE=-0.0003779069767441861
MOTOR_ACCUM=-0.0003779069767441861
MOTOR_ROT=0

[16:18:34.197 EBOX]
TS=1786201740.958
V_SENSE5=0.849609375
V_SENSE9=0.0390625
V_SENSE12=0.1025390625
ADC_V5=5.00030517578125
ADC_V9=9.42535400390625
ADC_V12=11.62017822265625
ADC_V28=27.33795166015625
THERMAL_SENS_OUT_1=28
THERMAL_SENS_OUT_2=-50
THERMAL_SENS_OUT_3=30
THERMAL_SENS_OUT_4=26
THERMAL_SENS_OUT_5=28
THERMAL_SENS_OUT_6=-50
THERMAL_SENS_INT_1=25
THERMAL_SENS_INT_2=29
PG_5=0
PG_9=0
PG_12=0
FLT_P2=0
FLT_P3=0
HEAT_1_TEMP=28
HEAT_1_DUTY=0
HEAT_1_SP=-20.0
HEAT_2_TEMP=30
HEAT_2_DUTY=0
HEAT_2_SP=-20.0
HEAT_3_TEMP=26
HEAT_3_DUTY=0
HEAT_3_SP=-20.0
HEAT_4_TEMP=28
HEAT_4_DUTY=0
HEAT_4_SP=-20.0
MOTOR_ANGLE=-0.0003779069767441861
MOTOR_ACCUM=-0.0003779069767441861
MOTOR_ROT=0

[16:18:34.733 EBOX]
TS=1786201741.460
V_SENSE5=0.88134765625
V_SENSE9=0.03173828125
V_SENSE12=0.10986328125
ADC_V5=4.8675537109375
ADC_V9=9.01824951171875
ADC_V12=11.92108154296875
ADC_V28=27.78045654296875
THERMAL_SENS_OUT_1=24
THERMAL_SENS_OUT_2=-50
THERMAL_SENS_OUT_3=27
THERMAL_SENS_OUT_4=26
THERMAL_SENS_OUT_5=27
THERMAL_SENS_OUT_6=-50
THERMAL_SENS_INT_1=25
THERMAL_SENS_INT_2=25
PG_5=0
PG_9=0
PG_12=0
FLT_P2=0
FLT_P3=0
HEAT_1_TEMP=24
HEAT_1_DUTY=0
HEAT_1_SP=-20.0
HEAT_2_TEMP=27
HEAT_2_DUTY=0
HEAT_2_SP=-20.0
HEAT_3_TEMP=26
HEAT_3_DUTY=0
HEAT_3_SP=-20.0
HEAT_4_TEMP=27
HEAT_4_DUTY=0
HEAT_4_SP=-20.0
MOTOR_ANGLE=-0.0003779069767441861
MOTOR_ACCUM=-0.0003779069767441861
MOTOR_ROT=0

[16:18:35.258 EBOX]
TS=1786201741.960
V_SENSE5=0.87158203125
V_SENSE9=0.03173828125
V_SENSE12=0.0927734375
ADC_V5=5.0091552734375
ADC_V9=8.9739990234375
ADC_V12=11.8768310546875
ADC_V28=27.25830078125
THERMAL_SENS_OUT_1=25
THERMAL_SENS_OUT_2=-50
THERMAL_SENS_OUT_3=28
THERMAL_SENS_OUT_4=25
THERMAL_SENS_OUT_5=26
THERMAL_SENS_OUT_6=-50
THERMAL_SENS_INT_1=25
THERMAL_SENS_INT_2=29
PG_5=0
PG_9=0
PG_12=0
FLT_P2=0
FLT_P3=0
HEAT_1_TEMP=25
HEAT_1_DUTY=0
HEAT_1_SP=-20.0
HEAT_2_TEMP=28
HEAT_2_DUTY=0
HEAT_2_SP=-20.0
HEAT_3_TEMP=25
HEAT_3_DUTY=0
HEAT_3_SP=-20.0
HEAT_4_TEMP=26
HEAT_4_DUTY=0
HEAT_4_SP=-20.0
MOTOR_ANGLE=-0.0003779069767441861
MOTOR_ACCUM=-0.0003779069767441861
MOTOR_ROT=0

[16:18:35.683 EBOX]
TS=1786201742.461
V_SENSE5=0.859375
V_SENSE9=0.03662109375
V_SENSE12=0.10986328125
ADC_V5=4.88525390625
ADC_V9=9.38995361328125
ADC_V12=11.89453125
ADC_V28=27.79815673828125
THERMAL_SENS_OUT_1=26
THERMAL_SENS_OUT_2=-50
THERMAL_SENS_OUT_3=25
THERMAL_SENS_OUT_4=27
THERMAL_SENS_OUT_5=30
THERMAL_SENS_OUT_6=-50
THERMAL_SENS_INT_1=28
THERMAL_SENS_INT_2=26
PG_5=0
PG_9=0
PG_12=0
FLT_P2=0
FLT_P3=0
HEAT_1_TEMP=26
HEAT_1_DUTY=0
HEAT_1_SP=-20.0
HEAT_2_TEMP=25
HEAT_2_DUTY=0
HEAT_2_SP=-20.0
HEAT_3_TEMP=27
HEAT_3_DUTY=0
HEAT_3_SP=-20.0
HEAT_4_TEMP=30
HEAT_4_DUTY=0
HEAT_4_SP=-20.0
MOTOR_ANGLE=-0.0003779069767441861
MOTOR_ACCUM=-0.0003779069767441861
MOTOR_ROT=0

[16:18:36.609 EBOX]
TS=1786201742.956
V_SENSE5=0.93017578125
V_SENSE9=0.03662109375
V_SENSE12=0.09765625
ADC_V5=5.00030517578125
ADC_V9=9.097900390625
ADC_V12=11.81488037109375
ADC_V28=27.470703125
THERMAL_SENS_OUT_1=24
THERMAL_SENS_OUT_2=-50
THERMAL_SENS_OUT_3=25
THERMAL_SENS_OUT_4=27
THERMAL_SENS_OUT_5=25
THERMAL_SENS_OUT_6=-50
THERMAL_SENS_INT_1=25
THERMAL_SENS_INT_2=29
PG_5=0
PG_9=0
PG_12=0
FLT_P2=0
FLT_P3=0
HEAT_1_TEMP=24
HEAT_1_DUTY=0
HEAT_1_SP=-20.0
HEAT_2_TEMP=25
HEAT_2_DUTY=0
HEAT_2_SP=-20.0
HEAT_3_TEMP=27
HEAT_3_DUTY=0
HEAT_3_SP=-20.0
HEAT_4_TEMP=25
HEAT_4_DUTY=0
HEAT_4_SP=-20.0
MOTOR_ANGLE=-0.0003779069767441861
MOTOR_ACCUM=-0.0003779069767441861
MOTOR_ROT=0

[16:18:36.731 EBOX]
TS=1786201743.458
V_SENSE5=0.91064453125
V_SENSE9=0.03662109375
V_SENSE12=0.09033203125
ADC_V5=4.88525390625
ADC_V9=8.9031982421875
ADC_V12=11.92108154296875
ADC_V28=27.7362060546875
THERMAL_SENS_OUT_1=27
THERMAL_SENS_OUT_2=-50
THERMAL_SENS_OUT_3=28
THERMAL_SENS_OUT_4=25
THERMAL_SENS_OUT_5=25
THERMAL_SENS_OUT_6=-50
THERMAL_SENS_INT_1=24
THERMAL_SENS_INT_2=30
PG_5=0
PG_9=0
PG_12=0
FLT_P2=0
FLT_P3=0
HEAT_1_TEMP=27
HEAT_1_DUTY=0
HEAT_1_SP=-20.0
HEAT_2_TEMP=28
HEAT_2_DUTY=0
HEAT_2_SP=-20.0
HEAT_3_TEMP=25
HEAT_3_DUTY=0
HEAT_3_SP=-20.0
HEAT_4_TEMP=25
HEAT_4_DUTY=0
HEAT_4_SP=-20.0
MOTOR_ANGLE=-0.0003779069767441861
MOTOR_ACCUM=-0.0003779069767441861
MOTOR_ROT=0

[16:18:37.255 EBOX]
TS=1786201743.959
V_SENSE5=0.9375
V_SENSE9=0.03662109375
V_SENSE12=0.10498046875
ADC_V5=4.991455078125
ADC_V9=9.47845458984375
ADC_V12=11.8414306640625
ADC_V28=27.35565185546875
THERMAL_SENS_OUT_1=25
THERMAL_SENS_OUT_2=-50
THERMAL_SENS_OUT_3=25
THERMAL_SENS_OUT_4=26
THERMAL_SENS_OUT_5=26
THERMAL_SENS_OUT_6=-50
THERMAL_SENS_INT_1=23
THERMAL_SENS_INT_2=29
PG_5=0
PG_9=0
PG_12=0
FLT_P2=0
FLT_P3=0
HEAT_1_TEMP=25
HEAT_1_DUTY=0
HEAT_1_SP=-20.0
HEAT_2_TEMP=25
HEAT_2_DUTY=0
HEAT_2_SP=-20.0
HEAT_3_TEMP=26
HEAT_3_DUTY=0
HEAT_3_SP=-20.0
HEAT_4_TEMP=26
HEAT_4_DUTY=0
HEAT_4_SP=-20.0
MOTOR_ANGLE=-0.0003779069767441861
MOTOR_ACCUM=-0.0003779069767441861
MOTOR_ROT=0

[16:18:37.782 EBOX]
TS=1786201744.461
V_SENSE5=0.91064453125
V_SENSE9=0.0341796875
V_SENSE12=0.1220703125
ADC_V5=4.9029541015625
ADC_V9=9.1864013671875
ADC_V12=11.86798095703125
ADC_V28=27.72735595703125
THERMAL_SENS_OUT_1=29
THERMAL_SENS_OUT_2=-50
THERMAL_SENS_OUT_3=26
THERMAL_SENS_OUT_4=26
THERMAL_SENS_OUT_5=27
THERMAL_SENS_OUT_6=-50
THERMAL_SENS_INT_1=26
THERMAL_SENS_INT_2=29
PG_5=0
PG_9=0
PG_12=0
FLT_P2=0
FLT_P3=0
HEAT_1_TEMP=29
HEAT_1_DUTY=0
HEAT_1_SP=-20.0
HEAT_2_TEMP=26
HEAT_2_DUTY=0
HEAT_2_SP=-20.0
HEAT_3_TEMP=26
HEAT_3_DUTY=0
HEAT_3_SP=-20.0
HEAT_4_TEMP=27
HEAT_4_DUTY=0
HEAT_4_SP=-20.0
MOTOR_ANGLE=-0.0003779069767441861
MOTOR_ACCUM=-0.0003779069767441861
MOTOR_ROT=0

[16:18:38.508 EBOX]
TS=1786201744.976
V_SENSE5=0.80322265625
V_SENSE9=0.029296875
V_SENSE12=0.1171875
ADC_V5=4.920654296875
ADC_V9=9.05364990234375
ADC_V12=11.67327880859375
ADC_V28=27.11669921875
THERMAL_SENS_OUT_1=26
THERMAL_SENS_OUT_2=-50
THERMAL_SENS_OUT_3=27
THERMAL_SENS_OUT_4=24
THERMAL_SENS_OUT_5=29
THERMAL_SENS_OUT_6=-50
THERMAL_SENS_INT_1=28
THERMAL_SENS_INT_2=28
PG_5=0
PG_9=0
PG_12=0
FLT_P2=0
FLT_P3=0
HEAT_1_TEMP=26
HEAT_1_DUTY=0
HEAT_1_SP=-20.0
HEAT_2_TEMP=27
HEAT_2_DUTY=0
HEAT_2_SP=-20.0
HEAT_3_TEMP=24
HEAT_3_DUTY=0
HEAT_3_SP=-20.0
HEAT_4_TEMP=29
HEAT_4_DUTY=0
HEAT_4_SP=-20.0
MOTOR_ANGLE=-0.0003779069767441861
MOTOR_ACCUM=-0.0003779069767441861
MOTOR_ROT=0

[16:18:38.730 EBOX]
TS=1786201745.473
V_SENSE5=0.8349609375
V_SENSE9=0.03662109375
V_SENSE12=0.0927734375
ADC_V5=4.9383544921875
ADC_V9=9.40765380859375
ADC_V12=11.5582275390625
ADC_V28=27.0635986328125
THERMAL_SENS_OUT_1=24
THERMAL_SENS_OUT_2=-50
THERMAL_SENS_OUT_3=28
THERMAL_SENS_OUT_4=28
THERMAL_SENS_OUT_5=26
THERMAL_SENS_OUT_6=-50
THERMAL_SENS_INT_1=23
THERMAL_SENS_INT_2=29
PG_5=0
PG_9=0
PG_12=0
FLT_P2=0
FLT_P3=0
HEAT_1_TEMP=24
HEAT_1_DUTY=0
HEAT_1_SP=-20.0
HEAT_2_TEMP=28
HEAT_2_DUTY=0
HEAT_2_SP=-20.0
HEAT_3_TEMP=28
HEAT_3_DUTY=0
HEAT_3_SP=-20.0
HEAT_4_TEMP=26
HEAT_4_DUTY=0
HEAT_4_SP=-20.0
MOTOR_ANGLE=-0.0003779069767441861
MOTOR_ACCUM=-0.0003779069767441861
MOTOR_ROT=0

[16:18:39.266 EBOX]
TS=1786201745.968
V_SENSE5=0.85693359375
V_SENSE9=0.04638671875
V_SENSE12=0.0927734375
ADC_V5=4.92950439453125
ADC_V9=9.19525146484375
ADC_V12=11.76177978515625
ADC_V28=27.83355712890625
THERMAL_SENS_OUT_1=22
THERMAL_SENS_OUT_2=-50
THERMAL_SENS_OUT_3=28
THERMAL_SENS_OUT_4=25
THERMAL_SENS_OUT_5=26
THERMAL_SENS_OUT_6=-50
THERMAL_SENS_INT_1=24
THERMAL_SENS_INT_2=25
PG_5=0
PG_9=0
PG_12=0
FLT_P2=0
FLT_P3=0
HEAT_1_TEMP=22
HEAT_1_DUTY=0
HEAT_1_SP=-20.0
HEAT_2_TEMP=28
HEAT_2_DUTY=0
HEAT_2_SP=-20.0
HEAT_3_TEMP=25
HEAT_3_DUTY=0
HEAT_3_SP=-20.0
HEAT_4_TEMP=26
HEAT_4_DUTY=0
HEAT_4_SP=-20.0
MOTOR_ANGLE=-0.0003779069767441861
MOTOR_ACCUM=-0.0003779069767441861
MOTOR_ROT=0

[16:18:39.693 EBOX]
TS=1786201746.475
V_SENSE5=0.83251953125
V_SENSE9=0.03173828125
V_SENSE12=0.12451171875
ADC_V5=4.8675537109375
ADC_V9=8.85009765625
ADC_V12=11.929931640625
ADC_V28=27.76275634765625
THERMAL_SENS_OUT_1=23
THERMAL_SENS_OUT_2=-50
THERMAL_SENS_OUT_3=24
THERMAL_SENS_OUT_4=28
THERMAL_SENS_OUT_5=27
THERMAL_SENS_OUT_6=-50
THERMAL_SENS_INT_1=27
THERMAL_SENS_INT_2=30
PG_5=0
PG_9=0
PG_12=0
FLT_P2=0
FLT_P3=0
HEAT_1_TEMP=23
HEAT_1_DUTY=0
HEAT_1_SP=-20.0
HEAT_2_TEMP=24
HEAT_2_DUTY=0
HEAT_2_SP=-20.0
HEAT_3_TEMP=28
HEAT_3_DUTY=0
HEAT_3_SP=-20.0
HEAT_4_TEMP=27
HEAT_4_DUTY=0
HEAT_4_SP=-20.0
MOTOR_ANGLE=-0.0003779069767441861
MOTOR_ACCUM=-0.0003779069767441861
MOTOR_ROT=0

[16:18:40.822 EBOX]
TS=1786201746.976
V_SENSE5=0.83251953125
V_SENSE9=0.0390625
V_SENSE12=0.09765625
ADC_V5=4.91180419921875
ADC_V9=9.26605224609375
ADC_V12=11.95648193359375
ADC_V28=27.90435791015625
THERMAL_SENS_OUT_1=28
THERMAL_SENS_OUT_2=-50
THERMAL_SENS_OUT_3=25
THERMAL_SENS_OUT_4=27
THERMAL_SENS_OUT_5=27
THERMAL_SENS_OUT_6=-50
THERMAL_SENS_INT_1=25
THERMAL_SENS_INT_2=27
PG_5=0
PG_9=0
PG_12=0
FLT_P2=0
FLT_P3=0
HEAT_1_TEMP=28
HEAT_1_DUTY=0
HEAT_1_SP=-20.0
HEAT_2_TEMP=25
HEAT_2_DUTY=0
HEAT_2_SP=-20.0
HEAT_3_TEMP=27
HEAT_3_DUTY=0
HEAT_3_SP=-20.0
HEAT_4_TEMP=27
HEAT_4_DUTY=0
HEAT_4_SP=-20.0
MOTOR_ANGLE=-0.0003779069767441861
MOTOR_ACCUM=-0.0003779069767441861
MOTOR_ROT=0

[16:18:40.944 EBOX]
TS=1786201747.479
V_SENSE5=0.888671875
V_SENSE9=0.0390625
V_SENSE12=0.09521484375
ADC_V5=4.8675537109375
ADC_V9=9.03594970703125
ADC_V12=11.88568115234375
ADC_V28=27.16094970703125
THERMAL_SENS_OUT_1=28
THERMAL_SENS_OUT_2=-50
THERMAL_SENS_OUT_3=29
THERMAL_SENS_OUT_4=24
THERMAL_SENS_OUT_5=26
THERMAL_SENS_OUT_6=-50
THERMAL_SENS_INT_1=26
THERMAL_SENS_INT_2=30
PG_5=0
PG_9=0
PG_12=0
FLT_P2=0
FLT_P3=0
HEAT_1_TEMP=28
HEAT_1_DUTY=0
HEAT_1_SP=-20.0
HEAT_2_TEMP=29
HEAT_2_DUTY=0
HEAT_2_SP=-20.0
HEAT_3_TEMP=24
HEAT_3_DUTY=0
HEAT_3_SP=-20.0
HEAT_4_TEMP=26
HEAT_4_DUTY=0
HEAT_4_SP=-20.0
MOTOR_ANGLE=-0.0003779069767441861
MOTOR_ACCUM=-0.0003779069767441861
MOTOR_ROT=0

[16:18:41.267 EBOX]
TS=1786201747.980
V_SENSE5=0.88134765625
V_SENSE9=0.03662109375
V_SENSE12=0.14404296875
ADC_V5=4.96490478515625
ADC_V9=9.00054931640625
ADC_V12=11.90338134765625
ADC_V28=27.69195556640625
THERMAL_SENS_OUT_1=28
THERMAL_SENS_OUT_2=-50
THERMAL_SENS_OUT_3=29
THERMAL_SENS_OUT_4=26
THERMAL_SENS_OUT_5=30
THERMAL_SENS_OUT_6=-50
THERMAL_SENS_INT_1=26
THERMAL_SENS_INT_2=28
PG_5=0
PG_9=0
PG_12=0
FLT_P2=0
FLT_P3=0
HEAT_1_TEMP=28
HEAT_1_DUTY=0
HEAT_1_SP=-20.0
HEAT_2_TEMP=29
HEAT_2_DUTY=0
HEAT_2_SP=-20.0
HEAT_3_TEMP=26
HEAT_3_DUTY=0
HEAT_3_SP=-20.0
HEAT_4_TEMP=30
HEAT_4_DUTY=0
HEAT_4_SP=-20.0
MOTOR_ANGLE=-0.0003779069767441861
MOTOR_ACCUM=-0.0003779069767441861
MOTOR_ROT=0

[16:18:41.797 EBOX]
TS=1786201748.473
V_SENSE5=0.89111328125
V_SENSE9=0.0390625
V_SENSE12=0.09765625
ADC_V5=4.920654296875
ADC_V9=9.51385498046875
ADC_V12=11.86798095703125
ADC_V28=27.33795166015625
THERMAL_SENS_OUT_1=23
THERMAL_SENS_OUT_2=-50
THERMAL_SENS_OUT_3=26
THERMAL_SENS_OUT_4=26
THERMAL_SENS_OUT_5=29
THERMAL_SENS_OUT_6=-50
THERMAL_SENS_INT_1=28
THERMAL_SENS_INT_2=26
PG_5=0
PG_9=0
PG_12=0
FLT_P2=0
FLT_P3=0
HEAT_1_TEMP=23
HEAT_1_DUTY=0
HEAT_1_SP=-20.0
HEAT_2_TEMP=26
HEAT_2_DUTY=0
HEAT_2_SP=-20.0
HEAT_3_TEMP=26
HEAT_3_DUTY=0
HEAT_3_SP=-20.0
HEAT_4_TEMP=29
HEAT_4_DUTY=0
HEAT_4_SP=-20.0
MOTOR_ANGLE=-0.0003779069767441861
MOTOR_ACCUM=-0.0003779069767441861
MOTOR_ROT=0

[16:18:47.055 EBOX]
TS=1786201748.976
V_SENSE5=1.00341796875
V_SENSE9=0.04150390625
V_SENSE12=0.15380859375
ADC_V5=4.991455078125
ADC_V9=9.19525146484375
ADC_V12=11.859130859375
ADC_V28=27.72735595703125
THERMAL_SENS_OUT_1=28
THERMAL_SENS_OUT_2=-50
THERMAL_SENS_OUT_3=24
THERMAL_SENS_OUT_4=26
THERMAL_SENS_OUT_5=29
THERMAL_SENS_OUT_6=-50
THERMAL_SENS_INT_1=27
THERMAL_SENS_INT_2=25
PG_5=0
PG_9=0
PG_12=0
FLT_P2=0
FLT_P3=0
HEAT_1_TEMP=28
HEAT_1_DUTY=0
HEAT_1_SP=-20.0
HEAT_2_TEMP=24
HEAT_2_DUTY=0
HEAT_2_SP=-20.0
HEAT_3_TEMP=26
HEAT_3_DUTY=0
HEAT_3_SP=-20.0
HEAT_4_TEMP=29
HEAT_4_DUTY=0
HEAT_4_SP=-20.0
MOTOR_ANGLE=-0.0003779069767441861
MOTOR_ACCUM=-0.0003779069767441861
MOTOR_ROT=0

[16:18:47.213 EBOX]
TS=1786201749.476
V_SENSE5=0.908203125
V_SENSE9=0.0341796875
V_SENSE12=0.09765625
ADC_V5=5.01800537109375
ADC_V9=8.99169921875
ADC_V12=11.88568115234375
ADC_V28=27.7362060546875
THERMAL_SENS_OUT_1=27
THERMAL_SENS_OUT_2=-50
THERMAL_SENS_OUT_3=27
THERMAL_SENS_OUT_4=27
THERMAL_SENS_OUT_5=29
THERMAL_SENS_OUT_6=-50
THERMAL_SENS_INT_1=25
THERMAL_SENS_INT_2=27
PG_5=0
PG_9=0
PG_12=0
FLT_P2=0
FLT_P3=0
HEAT_1_TEMP=27
HEAT_1_DUTY=0
HEAT_1_SP=-20.0
HEAT_2_TEMP=27
HEAT_2_DUTY=0
HEAT_2_SP=-20.0
HEAT_3_TEMP=27
HEAT_3_DUTY=0
HEAT_3_SP=-20.0
HEAT_4_TEMP=29
HEAT_4_DUTY=0
HEAT_4_SP=-20.0
MOTOR_ANGLE=-0.0003779069767441861
MOTOR_ACCUM=-0.0003779069767441861
MOTOR_ROT=0
TS=1786201749.977
V_SENSE5=0.94482421875
V_SENSE9=0.0390625
V_SENSE12=0.12451171875
ADC_V5=4.991455078125
ADC_V9=9.03594970703125
ADC_V12=11.79718017578125
ADC_V28=27.82470703125
THERMAL_SENS_OUT_1=25
THERMAL_SENS_OUT_2=-50
THERMAL_SENS_OUT_3=28
THERMAL_SENS_OUT_4=24
THERMAL_SENS_OUT_5=28
THERMAL_SENS_OUT_6=-50
THERMAL_SENS_INT_1=27
THERMAL_SENS_INT_2=26
PG_5=0
PG_9=0
PG_12=0
FLT_P2=0
FLT_P3=0
HEAT_1_TEMP=25
HEAT_1_DUTY=0
HEAT_1_SP=-20.0
HEAT_2_TEMP=28
HEAT_2_DUTY=0
HEAT_2_SP=-20.0
HEAT_3_TEMP=24
HEAT_3_DUTY=0
HEAT_3_SP=-20.0
HEAT_4_TEMP=28
HEAT_4_DUTY=0
HEAT_4_SP=-20.0
MOTOR_ANGLE=-0.0003779069767441861
MOTOR_ACCUM=-0.0003779069767441861
MOTOR_ROT=0
TS=1786201750.479
V_SENSE5=0.95458984375
V_SENSE9=0.0390625
V_SENSE12=0.14404296875
ADC_V5=4.9737548828125
ADC_V9=9.47845458984375

[16:18:47.363 EBOX]
ADC_V12=11.83258056640625
ADC_V28=27.32025146484375
THERMAL_SENS_OUT_1=25
THERMAL_SENS_OUT_2=-50
THERMAL_SENS_OUT_3=29
THERMAL_SENS_OUT_4=27
THERMAL_SENS_OUT_5=29
THERMAL_SENS_OUT_6=-50
THERMAL_SENS_INT_1=25
THERMAL_SENS_INT_2=24
PG_5=0
PG_9=0
PG_12=0
FLT_P2=0
FLT_P3=0
HEAT_1_TEMP=25
HEAT_1_DUTY=0
HEAT_1_SP=-20.0
HEAT_2_TEMP=29
HEAT_2_DUTY=0
HEAT_2_SP=-20.0
HEAT_3_TEMP=27
HEAT_3_DUTY=0
HEAT_3_SP=-20.0
HEAT_4_TEMP=29
HEAT_4_DUTY=0
HEAT_4_SP=-20.0
MOTOR_ANGLE=-0.0003779069767441861
MOTOR_ACCUM=-0.0003779069767441861
MOTOR_ROT=0
TS=1786201750.979
V_SENSE5=0.91064453125
V_SENSE9=0.03662109375
V_SENSE12=0.1123046875
ADC_V5=4.89410400390625
ADC_V9=9.19525146484375
ADC_V12=11.82373046875
ADC_V28=27.96630859375
THERMAL_SENS_OUT_1=22
THERMAL_SENS_OUT_2=-50
THERMAL_SENS_OUT_3=25
THERMAL_SENS_OUT_4=24
THERMAL_SENS_OUT_5=28
THERMAL_SENS_OUT_6=-50
THERMAL_SENS_INT_1=23
THERMAL_SENS_INT_2=27
PG_5=0
PG_9=0
PG_12=0
FLT_P2=0
FLT_P3=0
HEAT_1_TEMP=22
HEAT_1_DUTY=0
HEAT_1_SP=-20.0
HEAT_2_TEMP=25
HEAT_2_DUTY=0
HEAT_2_SP=-20.0
HEAT_3_TEMP=24
HEAT_3_DUTY=0
HEAT_3_SP=-20.0
HEAT_4_TEMP=28
HEAT_4_DUTY=0
HEAT_4_SP=-20.0
MOTOR_ANGLE=-0.0003779069767441861
MOTOR_ACCUM=-0.0003779069767441861
MOTOR_ROT=0
TS=1786201751.480
V_SENSE5=0.927734375
V_SENSE9=0.0390625
V_SENSE12=0.10498046875
ADC_V5=4.87640380859375
ADC_V9=8.99169921875
ADC_V12=11.88568115234375
ADC_V28=27.82470703125
THERMAL_SENS_OUT_1=25
THERMAL_SENS_OUT_2=-50
THERMAL_SENS_OUT_3=26

[16:18:47.505 EBOX]
THERMAL_SENS_OUT_4=25
THERMAL_SENS_OUT_5=27
THERMAL_SENS_OUT_6=-50
THERMAL_SENS_INT_1=26
THERMAL_SENS_INT_2=27
PG_5=0
PG_9=0
PG_12=0
FLT_P2=0
FLT_P3=0
HEAT_1_TEMP=25
HEAT_1_DUTY=0
HEAT_1_SP=-20.0
HEAT_2_TEMP=26
HEAT_2_DUTY=0
HEAT_2_SP=-20.0
HEAT_3_TEMP=25
HEAT_3_DUTY=0
HEAT_3_SP=-20.0
HEAT_4_TEMP=27
HEAT_4_DUTY=0
HEAT_4_SP=-20.0
MOTOR_ANGLE=-0.0003779069767441861
MOTOR_ACCUM=-0.0003779069767441861
MOTOR_ROT=0
TS=1786201751.982
V_SENSE5=0.8740234375
V_SENSE9=0.0341796875
V_SENSE12=0.09765625
ADC_V5=4.89410400390625
ADC_V9=9.35455322265625
ADC_V12=11.9476318359375
ADC_V28=27.76275634765625
THERMAL_SENS_OUT_1=27
THERMAL_SENS_OUT_2=-50
THERMAL_SENS_OUT_3=29
THERMAL_SENS_OUT_4=24
THERMAL_SENS_OUT_5=29
THERMAL_SENS_OUT_6=-50
THERMAL_SENS_INT_1=26
THERMAL_SENS_INT_2=28
PG_5=0
PG_9=0
PG_12=0
FLT_P2=0
FLT_P3=0
HEAT_1_TEMP=27
HEAT_1_DUTY=0
HEAT_1_SP=-20.0
HEAT_2_TEMP=29
HEAT_2_DUTY=0
HEAT_2_SP=-20.0
HEAT_3_TEMP=24
HEAT_3_DUTY=0
HEAT_3_SP=-20.0
HEAT_4_TEMP=29
HEAT_4_DUTY=0
HEAT_4_SP=-20.0
MOTOR_ANGLE=-0.0003779069767441861
MOTOR_ACCUM=-0.0003779069767441861
MOTOR_ROT=0
TS=1786201752.490
V_SENSE5=0.8447265625
V_SENSE9=0.0390625
V_SENSE12=0.1025390625
ADC_V5=5.02685546875
ADC_V9=9.08905029296875
ADC_V12=12.02728271484375
ADC_V28=27.09014892578125
THERMAL_SENS_OUT_1=24
THERMAL_SENS_OUT_2=-50
THERMAL_SENS_OUT_3=26
THERMAL_SENS_OUT_4=25
THERMAL_SENS_OUT_5=25
THERMAL_SENS_OUT_6=-50
THERMAL_SENS_INT_1=26
THERMAL_SENS_INT_2=27
PG_5=0
PG_9=0
PG_12=0

[16:18:47.661 EBOX]
FLT_P2=0
FLT_P3=0
HEAT_1_TEMP=24
HEAT_1_DUTY=0
HEAT_1_SP=-20.0
HEAT_2_TEMP=26
HEAT_2_DUTY=0
HEAT_2_SP=-20.0
HEAT_3_TEMP=25
HEAT_3_DUTY=0
HEAT_3_SP=-20.0
HEAT_4_TEMP=25
HEAT_4_DUTY=0
HEAT_4_SP=-20.0
MOTOR_ANGLE=-0.0003779069767441861
MOTOR_ACCUM=-0.0003779069767441861
MOTOR_ROT=0
TS=1786201752.992
V_SENSE5=0.89111328125
V_SENSE9=0.07080078125
V_SENSE12=0.107421875
ADC_V5=4.88525390625
ADC_V9=9.05364990234375
ADC_V12=11.95648193359375
ADC_V28=27.62115478515625
THERMAL_SENS_OUT_1=26
THERMAL_SENS_OUT_2=-50
THERMAL_SENS_OUT_3=24
THERMAL_SENS_OUT_4=25
THERMAL_SENS_OUT_5=25
THERMAL_SENS_OUT_6=-50
THERMAL_SENS_INT_1=29
THERMAL_SENS_INT_2=28
PG_5=0
PG_9=0
PG_12=0
FLT_P2=0
FLT_P3=0
HEAT_1_TEMP=26
HEAT_1_DUTY=0
HEAT_1_SP=-20.0
HEAT_2_TEMP=24
HEAT_2_DUTY=0
HEAT_2_SP=-20.0
HEAT_3_TEMP=25
HEAT_3_DUTY=0
HEAT_3_SP=-20.0
HEAT_4_TEMP=25
HEAT_4_DUTY=0
HEAT_4_SP=-20.0
MOTOR_ANGLE=-0.0003779069767441861
MOTOR_ACCUM=-0.0003779069767441861
MOTOR_ROT=0
TS=1786201753.492
V_SENSE5=0.8642578125
V_SENSE9=0.0390625
V_SENSE12=0.12451171875
ADC_V5=4.96490478515625
ADC_V9=9.42535400390625
ADC_V12=11.95648193359375
ADC_V28=27.16094970703125
THERMAL_SENS_OUT_1=26
THERMAL_SENS_OUT_2=-50
THERMAL_SENS_OUT_3=27
THERMAL_SENS_OUT_4=26
THERMAL_SENS_OUT_5=28
THERMAL_SENS_OUT_6=-50
THERMAL_SENS_INT_1=23
THERMAL_SENS_INT_2=25
PG_5=0
PG_9=0
PG_12=0
FLT_P2=0
FLT_P3=0
HEAT_1_TEMP=26
HEAT_1_DUTY=0
HEAT_1_SP=-20.0
HEAT_2_TEMP=27
HEAT_2_DUTY=0
HEAT_2_SP=-20.0
HEAT_3_TEMP=26

[16:18:47.786 EBOX]
HEAT_3_DUTY=0
HEAT_3_SP=-20.0
HEAT_4_TEMP=28
HEAT_4_DUTY=0
HEAT_4_SP=-20.0
MOTOR_ANGLE=-0.0003779069767441861
MOTOR_ACCUM=-0.0003779069767441861
MOTOR_ROT=0
TS=1786201753.996
V_SENSE5=0.93505859375
V_SENSE9=0.0390625
V_SENSE12=0.09765625
ADC_V5=5.15960693359375
ADC_V9=9.097900390625
ADC_V12=11.7352294921875
ADC_V28=27.9840087890625
THERMAL_SENS_OUT_1=26
THERMAL_SENS_OUT_2=-50
THERMAL_SENS_OUT_3=25
THERMAL_SENS_OUT_4=24
THERMAL_SENS_OUT_5=27
THERMAL_SENS_OUT_6=-50
THERMAL_SENS_INT_1=23
THERMAL_SENS_INT_2=26
PG_5=0
PG_9=0
PG_12=0
FLT_P2=0
FLT_P3=0
HEAT_1_TEMP=26
HEAT_1_DUTY=0
HEAT_1_SP=-20.0
HEAT_2_TEMP=25
HEAT_2_DUTY=0
HEAT_2_SP=-20.0
HEAT_3_TEMP=24
HEAT_3_DUTY=0
HEAT_3_SP=-20.0
HEAT_4_TEMP=27
HEAT_4_DUTY=0
HEAT_4_SP=-20.0
MOTOR_ANGLE=-0.0003779069767441861
MOTOR_ACCUM=-0.0003779069767441861
MOTOR_ROT=0

[16:18:47.906 EBOX]
TS=1786201754.489
V_SENSE5=0.927734375
V_SENSE9=0.05126953125
V_SENSE12=0.11474609375
ADC_V5=4.87640380859375
ADC_V9=9.15985107421875
ADC_V12=11.77947998046875
ADC_V28=27.3114013671875
THERMAL_SENS_OUT_1=22
THERMAL_SENS_OUT_2=-50
THERMAL_SENS_OUT_3=27
THERMAL_SENS_OUT_4=26
THERMAL_SENS_OUT_5=25
THERMAL_SENS_OUT_6=-50
THERMAL_SENS_INT_1=24
THERMAL_SENS_INT_2=26
PG_5=0
PG_9=0
PG_12=0
FLT_P2=0
FLT_P3=0
HEAT_1_TEMP=22
HEAT_1_DUTY=0
HEAT_1_SP=-20.0
HEAT_2_TEMP=27
HEAT_2_DUTY=0
HEAT_2_SP=-20.0
HEAT_3_TEMP=26
HEAT_3_DUTY=0
HEAT_3_SP=-20.0
HEAT_4_TEMP=25
HEAT_4_DUTY=0
HEAT_4_SP=-20.0
MOTOR_ANGLE=-0.0003779069767441861
MOTOR_ACCUM=-0.0003779069767441861
MOTOR_ROT=0

[16:18:48.974 EBOX]
TS=1786201754.990
V_SENSE5=0.93505859375
V_SENSE9=0.04638671875
V_SENSE12=0.1220703125
ADC_V5=4.88525390625
ADC_V9=9.5050048828125
ADC_V12=11.68212890625
ADC_V28=27.81585693359375
THERMAL_SENS_OUT_1=26
THERMAL_SENS_OUT_2=-50
THERMAL_SENS_OUT_3=26
THERMAL_SENS_OUT_4=24
THERMAL_SENS_OUT_5=28
THERMAL_SENS_OUT_6=-50
THERMAL_SENS_INT_1=23
THERMAL_SENS_INT_2=25
PG_5=0
PG_9=0
PG_12=0
FLT_P2=0
FLT_P3=0
HEAT_1_TEMP=26
HEAT_1_DUTY=0
HEAT_1_SP=-20.0
HEAT_2_TEMP=26
HEAT_2_DUTY=0
HEAT_2_SP=-20.0
HEAT_3_TEMP=24
HEAT_3_DUTY=0
HEAT_3_SP=-20.0
HEAT_4_TEMP=28
HEAT_4_DUTY=0
HEAT_4_SP=-20.0
MOTOR_ANGLE=-0.0003779069767441861
MOTOR_ACCUM=-0.0003779069767441861
MOTOR_ROT=0
TS=1786201755.491
V_SENSE5=0.9033203125
V_SENSE9=0.03662109375
V_SENSE12=0.126953125
ADC_V5=4.991455078125
ADC_V9=9.345703125
ADC_V12=11.646728515625
ADC_V28=27.60345458984375
THERMAL_SENS_OUT_1=24
THERMAL_SENS_OUT_2=-50
THERMAL_SENS_OUT_3=28
THERMAL_SENS_OUT_4=25
THERMAL_SENS_OUT_5=27
THERMAL_SENS_OUT_6=-50
THERMAL_SENS_INT_1=28
THERMAL_SENS_INT_2=26
PG_5=0
PG_9=0
PG_12=0
FLT_P2=0
FLT_P3=0
HEAT_1_TEMP=24
HEAT_1_DUTY=0
HEAT_1_SP=-20.0
HEAT_2_TEMP=28
HEAT_2_DUTY=0
HEAT_2_SP=-20.0
HEAT_3_TEMP=25
HEAT_3_DUTY=0
HEAT_3_SP=-20.0
HEAT_4_TEMP=27
HEAT_4_DUTY=0
HEAT_4_SP=-20.0
MOTOR_ANGLE=-0.0003779069767441861
MOTOR_ACCUM=-0.0003779069767441861
MOTOR_ROT=0

[16:18:49.321 EBOX]
TS=1786201755.992
V_SENSE5=0.92041015625
V_SENSE9=0.03662109375
V_SENSE12=0.107421875
ADC_V5=4.9383544921875
ADC_V9=8.9208984375
ADC_V12=11.8414306640625
ADC_V28=27.42645263671875
THERMAL_SENS_OUT_1=23
THERMAL_SENS_OUT_2=-50
THERMAL_SENS_OUT_3=25
THERMAL_SENS_OUT_4=26
THERMAL_SENS_OUT_5=24
THERMAL_SENS_OUT_6=-50
THERMAL_SENS_INT_1=27
THERMAL_SENS_INT_2=25
PG_5=0
PG_9=0
PG_12=0
FLT_P2=0
FLT_P3=0
HEAT_1_TEMP=23
HEAT_1_DUTY=0
HEAT_1_SP=-20.0
HEAT_2_TEMP=25
HEAT_2_DUTY=0
HEAT_2_SP=-20.0
HEAT_3_TEMP=26
HEAT_3_DUTY=0
HEAT_3_SP=-20.0
HEAT_4_TEMP=24
HEAT_4_DUTY=0
HEAT_4_SP=-20.0
MOTOR_ANGLE=-0.0003779069767441861
MOTOR_ACCUM=-0.0003779069767441861
MOTOR_ROT=0

[16:18:49.747 EBOX]
TS=1786201756.521
V_SENSE5=0.849609375
V_SENSE9=0.0390625
V_SENSE12=0.1123046875
ADC_V5=5.08880615234375
ADC_V9=9.42535400390625
ADC_V12=11.83258056640625
ADC_V28=27.16094970703125
THERMAL_SENS_OUT_1=27
THERMAL_SENS_OUT_2=-50
THERMAL_SENS_OUT_3=29
THERMAL_SENS_OUT_4=27
THERMAL_SENS_OUT_5=25
THERMAL_SENS_OUT_6=-50
THERMAL_SENS_INT_1=25
THERMAL_SENS_INT_2=27
PG_5=0
PG_9=0
PG_12=0
FLT_P2=0
FLT_P3=0
HEAT_1_TEMP=27
HEAT_1_DUTY=0
HEAT_1_SP=-20.0
HEAT_2_TEMP=29
HEAT_2_DUTY=0
HEAT_2_SP=-20.0
HEAT_3_TEMP=27
HEAT_3_DUTY=0
HEAT_3_SP=-20.0
HEAT_4_TEMP=25
HEAT_4_DUTY=0
HEAT_4_SP=-20.0
MOTOR_ANGLE=-0.0003779069767441861
MOTOR_ACCUM=-0.0003779069767441861
MOTOR_ROT=0

[16:18:50.277 EBOX]
TS=1786201757.003
V_SENSE5=0.84228515625
V_SENSE9=0.0390625
V_SENSE12=0.11962890625
ADC_V5=4.991455078125
ADC_V9=9.19525146484375
ADC_V12=11.68212890625
ADC_V28=27.930908203125
THERMAL_SENS_OUT_1=25
THERMAL_SENS_OUT_2=-50
THERMAL_SENS_OUT_3=25
THERMAL_SENS_OUT_4=26
THERMAL_SENS_OUT_5=28
THERMAL_SENS_OUT_6=-50
THERMAL_SENS_INT_1=26
THERMAL_SENS_INT_2=24
PG_5=0
PG_9=0
PG_12=0
FLT_P2=0
FLT_P3=0
HEAT_1_TEMP=25
HEAT_1_DUTY=0
HEAT_1_SP=-20.0
HEAT_2_TEMP=25
HEAT_2_DUTY=0
HEAT_2_SP=-20.0
HEAT_3_TEMP=26
HEAT_3_DUTY=0
HEAT_3_SP=-20.0
HEAT_4_TEMP=28
HEAT_4_DUTY=0
HEAT_4_SP=-20.0
MOTOR_ANGLE=-0.0003779069767441861
MOTOR_ACCUM=-0.0003779069767441861
MOTOR_ROT=0

[16:18:50.805 EBOX]
TS=1786201757.504
V_SENSE5=0.8740234375
V_SENSE9=0.0341796875
V_SENSE12=0.087890625
ADC_V5=4.9737548828125
ADC_V9=9.01824951171875
ADC_V12=11.60247802734375
ADC_V28=27.789306640625
THERMAL_SENS_OUT_1=24
THERMAL_SENS_OUT_2=-50
THERMAL_SENS_OUT_3=27
THERMAL_SENS_OUT_4=24
THERMAL_SENS_OUT_5=27
THERMAL_SENS_OUT_6=-50
THERMAL_SENS_INT_1=24
THERMAL_SENS_INT_2=26
PG_5=0
PG_9=0
PG_12=0
FLT_P2=0
FLT_P3=0
HEAT_1_TEMP=24
HEAT_1_DUTY=0
HEAT_1_SP=-20.0
HEAT_2_TEMP=27
HEAT_2_DUTY=0
HEAT_2_SP=-20.0
HEAT_3_TEMP=24
HEAT_3_DUTY=0
HEAT_3_SP=-20.0
HEAT_4_TEMP=27
HEAT_4_DUTY=0
HEAT_4_SP=-20.0
MOTOR_ANGLE=-0.0003779069767441861
MOTOR_ACCUM=-0.0003779069767441861
MOTOR_ROT=0

[16:18:51.233 EBOX]
TS=1786201757.999
V_SENSE5=0.8837890625
V_SENSE9=0.0537109375
V_SENSE12=0.11474609375
ADC_V5=4.9383544921875
ADC_V9=8.96514892578125
ADC_V12=11.9122314453125
ADC_V28=27.4530029296875
THERMAL_SENS_OUT_1=28
THERMAL_SENS_OUT_2=-50
THERMAL_SENS_OUT_3=24
THERMAL_SENS_OUT_4=24
THERMAL_SENS_OUT_5=29
THERMAL_SENS_OUT_6=-50
THERMAL_SENS_INT_1=28
THERMAL_SENS_INT_2=25
PG_5=0
PG_9=0
PG_12=0
FLT_P2=0
FLT_P3=0
HEAT_1_TEMP=28
HEAT_1_DUTY=0
HEAT_1_SP=-20.0
HEAT_2_TEMP=24
HEAT_2_DUTY=0
HEAT_2_SP=-20.0
HEAT_3_TEMP=24
HEAT_3_DUTY=0
HEAT_3_SP=-20.0
HEAT_4_TEMP=29
HEAT_4_DUTY=0
HEAT_4_SP=-20.0
MOTOR_ANGLE=-0.0003779069767441861
MOTOR_ACCUM=-0.0003779069767441861
MOTOR_ROT=0

[16:18:51.759 EBOX]
TS=1786201758.499
V_SENSE5=0.91064453125
V_SENSE9=0.03662109375
V_SENSE12=0.1025390625
ADC_V5=4.9560546875
ADC_V9=9.41650390625
ADC_V12=11.65557861328125
ADC_V28=27.8070068359375
THERMAL_SENS_OUT_1=24
THERMAL_SENS_OUT_2=-50
THERMAL_SENS_OUT_3=27
THERMAL_SENS_OUT_4=27
THERMAL_SENS_OUT_5=29
THERMAL_SENS_OUT_6=-50
THERMAL_SENS_INT_1=27
THERMAL_SENS_INT_2=25
PG_5=0
PG_9=0
PG_12=0
FLT_P2=0
FLT_P3=0
HEAT_1_TEMP=24
HEAT_1_DUTY=0
HEAT_1_SP=-20.0
HEAT_2_TEMP=27
HEAT_2_DUTY=0
HEAT_2_SP=-20.0
HEAT_3_TEMP=27
HEAT_3_DUTY=0
HEAT_3_SP=-20.0
HEAT_4_TEMP=29
HEAT_4_DUTY=0
HEAT_4_SP=-20.0
MOTOR_ANGLE=-0.0003779069767441861
MOTOR_ACCUM=-0.0003779069767441861
MOTOR_ROT=0

[16:18:52.284 EBOX]
TS=1786201759.001
V_SENSE5=0.8984375
V_SENSE9=0.0390625
V_SENSE12=0.11962890625
ADC_V5=4.9560546875
ADC_V9=9.0447998046875
ADC_V12=11.68212890625
ADC_V28=27.55035400390625
THERMAL_SENS_OUT_1=27
THERMAL_SENS_OUT_2=-50
THERMAL_SENS_OUT_3=24
THERMAL_SENS_OUT_4=27
THERMAL_SENS_OUT_5=28
THERMAL_SENS_OUT_6=-50
THERMAL_SENS_INT_1=26
THERMAL_SENS_INT_2=28
PG_5=0
PG_9=0
PG_12=0
FLT_P2=0
FLT_P3=0
HEAT_1_TEMP=27
HEAT_1_DUTY=0
HEAT_1_SP=-20.0
HEAT_2_TEMP=24
HEAT_2_DUTY=0
HEAT_2_SP=-20.0
HEAT_3_TEMP=27
HEAT_3_DUTY=0
HEAT_3_SP=-20.0
HEAT_4_TEMP=28
HEAT_4_DUTY=0
HEAT_4_SP=-20.0
MOTOR_ANGLE=-0.0003779069767441861
MOTOR_ACCUM=-0.0003779069767441861
MOTOR_ROT=0

[16:18:52.817 EBOX]
TS=1786201759.502
V_SENSE5=1.0009765625
V_SENSE9=0.0439453125
V_SENSE12=0.107421875
ADC_V5=4.991455078125
ADC_V9=8.82354736328125
ADC_V12=11.9122314453125
ADC_V28=27.47955322265625
THERMAL_SENS_OUT_1=23
THERMAL_SENS_OUT_2=-50
THERMAL_SENS_OUT_3=24
THERMAL_SENS_OUT_4=26
THERMAL_SENS_OUT_5=27
THERMAL_SENS_OUT_6=-50
THERMAL_SENS_INT_1=24
THERMAL_SENS_INT_2=27
PG_5=0
PG_9=0
PG_12=0
FLT_P2=0
FLT_P3=0
HEAT_1_TEMP=23
HEAT_1_DUTY=0
HEAT_1_SP=-20.0
HEAT_2_TEMP=24
HEAT_2_DUTY=0
HEAT_2_SP=-20.0
HEAT_3_TEMP=26
HEAT_3_DUTY=0
HEAT_3_SP=-20.0
HEAT_4_TEMP=27
HEAT_4_DUTY=0
HEAT_4_SP=-20.0
MOTOR_ANGLE=-0.0003779069767441861
MOTOR_ACCUM=-0.0003779069767441861
MOTOR_ROT=0

[16:18:53.651 EBOX]
TS=1786201760.009
V_SENSE5=0.8544921875
V_SENSE9=0.0390625
V_SENSE12=0.1123046875
ADC_V5=5.02685546875
ADC_V9=9.27490234375
ADC_V12=11.93878173828125
ADC_V28=27.7008056640625
THERMAL_SENS_OUT_1=25
THERMAL_SENS_OUT_2=-50
THERMAL_SENS_OUT_3=25
THERMAL_SENS_OUT_4=24
THERMAL_SENS_OUT_5=27
THERMAL_SENS_OUT_6=-50
THERMAL_SENS_INT_1=26
THERMAL_SENS_INT_2=24
PG_5=0
PG_9=0
PG_12=0
FLT_P2=0
FLT_P3=0
HEAT_1_TEMP=25
HEAT_1_DUTY=0
HEAT_1_SP=-20.0
HEAT_2_TEMP=25
HEAT_2_DUTY=0
HEAT_2_SP=-20.0
HEAT_3_TEMP=24
HEAT_3_DUTY=0
HEAT_3_SP=-20.0
HEAT_4_TEMP=27
HEAT_4_DUTY=0
HEAT_4_SP=-20.0
MOTOR_ANGLE=-0.0003779069767441861
MOTOR_ACCUM=-0.0003779069767441861
MOTOR_ROT=0

[16:18:53.777 EBOX]
TS=1786201760.511
V_SENSE5=0.87158203125
V_SENSE9=0.0390625
V_SENSE12=0.10986328125
ADC_V5=4.8675537109375
ADC_V9=9.15985107421875
ADC_V12=11.7706298828125
ADC_V28=28.01055908203125
THERMAL_SENS_OUT_1=29
THERMAL_SENS_OUT_2=-50
THERMAL_SENS_OUT_3=28
THERMAL_SENS_OUT_4=24
THERMAL_SENS_OUT_5=28
THERMAL_SENS_OUT_6=-50
THERMAL_SENS_INT_1=23
THERMAL_SENS_INT_2=26
PG_5=0
PG_9=0
PG_12=0
FLT_P2=0
FLT_P3=0
HEAT_1_TEMP=29
HEAT_1_DUTY=0
HEAT_1_SP=-20.0
HEAT_2_TEMP=28
HEAT_2_DUTY=0
HEAT_2_SP=-20.0
HEAT_3_TEMP=24
HEAT_3_DUTY=0
HEAT_3_SP=-20.0
HEAT_4_TEMP=28
HEAT_4_DUTY=0
HEAT_4_SP=-20.0
MOTOR_ANGLE=-0.0003779069767441861
MOTOR_ACCUM=-0.0003779069767441861
MOTOR_ROT=0

[16:18:54.310 EBOX]
TS=1786201761.015
V_SENSE5=0.8642578125
V_SENSE9=0.0341796875
V_SENSE12=0.1171875
ADC_V5=5.08880615234375
ADC_V9=8.70849609375
ADC_V12=11.99188232421875
ADC_V28=27.152099609375
THERMAL_SENS_OUT_1=29
THERMAL_SENS_OUT_2=-50
THERMAL_SENS_OUT_3=27
THERMAL_SENS_OUT_4=27
THERMAL_SENS_OUT_5=27
THERMAL_SENS_OUT_6=-50
THERMAL_SENS_INT_1=25
THERMAL_SENS_INT_2=24
PG_5=0
PG_9=0
PG_12=0
FLT_P2=0
FLT_P3=0
HEAT_1_TEMP=29
HEAT_1_DUTY=0
HEAT_1_SP=-20.0
HEAT_2_TEMP=27
HEAT_2_DUTY=0
HEAT_2_SP=-20.0
HEAT_3_TEMP=27
HEAT_3_DUTY=0
HEAT_3_SP=-20.0
HEAT_4_TEMP=27
HEAT_4_DUTY=0
HEAT_4_SP=-20.0
MOTOR_ANGLE=-0.0003779069767441861
MOTOR_ACCUM=-0.0003779069767441861
MOTOR_ROT=0

[16:18:54.843 EBOX]
TS=1786201761.515
V_SENSE5=0.85693359375
V_SENSE9=0.0341796875
V_SENSE12=0.0927734375
ADC_V5=4.96490478515625
ADC_V9=9.13330078125
ADC_V12=11.859130859375
ADC_V28=27.82470703125
THERMAL_SENS_OUT_1=23
THERMAL_SENS_OUT_2=-50
THERMAL_SENS_OUT_3=24
THERMAL_SENS_OUT_4=26
THERMAL_SENS_OUT_5=26
THERMAL_SENS_OUT_6=-50
THERMAL_SENS_INT_1=23
THERMAL_SENS_INT_2=25
PG_5=0
PG_9=0
PG_12=0
FLT_P2=0
FLT_P3=0
HEAT_1_TEMP=23
HEAT_1_DUTY=0
HEAT_1_SP=-20.0
HEAT_2_TEMP=24
HEAT_2_DUTY=0
HEAT_2_SP=-20.0
HEAT_3_TEMP=26
HEAT_3_DUTY=0
HEAT_3_SP=-20.0
HEAT_4_TEMP=26
HEAT_4_DUTY=0
HEAT_4_SP=-20.0
MOTOR_ANGLE=-0.0003779069767441861
MOTOR_ACCUM=-0.0003779069767441861
MOTOR_ROT=0

[16:18:55.280 EBOX]
TS=1786201762.010
V_SENSE5=0.92041015625
V_SENSE9=0.0341796875
V_SENSE12=0.10009765625
ADC_V5=4.920654296875
ADC_V9=9.14215087890625
ADC_V12=11.89453125
ADC_V28=27.47955322265625
THERMAL_SENS_OUT_1=26
THERMAL_SENS_OUT_2=-50
THERMAL_SENS_OUT_3=25
THERMAL_SENS_OUT_4=24
THERMAL_SENS_OUT_5=28
THERMAL_SENS_OUT_6=-50
THERMAL_SENS_INT_1=25
THERMAL_SENS_INT_2=29
PG_5=0
PG_9=0
PG_12=0
FLT_P2=0
FLT_P3=0
HEAT_1_TEMP=26
HEAT_1_DUTY=0
HEAT_1_SP=-20.0
HEAT_2_TEMP=25
HEAT_2_DUTY=0
HEAT_2_SP=-20.0
HEAT_3_TEMP=24
HEAT_3_DUTY=0
HEAT_3_SP=-20.0
HEAT_4_TEMP=28
HEAT_4_DUTY=0
HEAT_4_SP=-20.0
MOTOR_ANGLE=-0.0003779069767441861
MOTOR_ACCUM=-0.0003779069767441861
MOTOR_ROT=0

[16:18:56.114 EBOX]
TS=1786201762.511
V_SENSE5=0.8984375
V_SENSE9=0.0341796875
V_SENSE12=0.13427734375
ADC_V5=4.9560546875
ADC_V9=8.9208984375
ADC_V12=11.575927734375
ADC_V28=27.96630859375
THERMAL_SENS_OUT_1=27
THERMAL_SENS_OUT_2=-50
THERMAL_SENS_OUT_3=28
THERMAL_SENS_OUT_4=28
THERMAL_SENS_OUT_5=26
THERMAL_SENS_OUT_6=-50
THERMAL_SENS_INT_1=26
THERMAL_SENS_INT_2=27
PG_5=0
PG_9=0
PG_12=0
FLT_P2=0
FLT_P3=0
HEAT_1_TEMP=27
HEAT_1_DUTY=0
HEAT_1_SP=-20.0
HEAT_2_TEMP=28
HEAT_2_DUTY=0
HEAT_2_SP=-20.0
HEAT_3_TEMP=28
HEAT_3_DUTY=0
HEAT_3_SP=-20.0
HEAT_4_TEMP=26
HEAT_4_DUTY=0
HEAT_4_SP=-20.0
MOTOR_ANGLE=-0.0003779069767441861
MOTOR_ACCUM=-0.0003779069767441861
MOTOR_ROT=0

[16:18:56.346 EBOX]
TS=1786201763.013
V_SENSE5=0.91796875
V_SENSE9=0.05126953125
V_SENSE12=0.10986328125
ADC_V5=4.920654296875
ADC_V9=9.4342041015625
ADC_V12=11.93878173828125
ADC_V28=27.647705078125
THERMAL_SENS_OUT_1=26
THERMAL_SENS_OUT_2=-50
THERMAL_SENS_OUT_3=27
THERMAL_SENS_OUT_4=28
THERMAL_SENS_OUT_5=25
THERMAL_SENS_OUT_6=-50
THERMAL_SENS_INT_1=28
THERMAL_SENS_INT_2=25
PG_5=0
PG_9=0
PG_12=0
FLT_P2=0
FLT_P3=0
HEAT_1_TEMP=26
HEAT_1_DUTY=0
HEAT_1_SP=-20.0
HEAT_2_TEMP=27
HEAT_2_DUTY=0
HEAT_2_SP=-20.0
HEAT_3_TEMP=28
HEAT_3_DUTY=0
HEAT_3_SP=-20.0
HEAT_4_TEMP=25
HEAT_4_DUTY=0
HEAT_4_SP=-20.0
MOTOR_ANGLE=-0.0003779069767441861
MOTOR_ACCUM=-0.0003779069767441861
MOTOR_ROT=0

[16:18:56.788 EBOX]
TS=1786201763.514
V_SENSE5=0.91796875
V_SENSE9=0.0390625
V_SENSE12=0.10009765625
ADC_V5=4.9029541015625
ADC_V9=9.10675048828125
ADC_V12=11.717529296875
ADC_V28=27.8070068359375
THERMAL_SENS_OUT_1=23
THERMAL_SENS_OUT_2=-50
THERMAL_SENS_OUT_3=28
THERMAL_SENS_OUT_4=28
THERMAL_SENS_OUT_5=27
THERMAL_SENS_OUT_6=-50
THERMAL_SENS_INT_1=26
THERMAL_SENS_INT_2=28
PG_5=0
PG_9=0
PG_12=0
FLT_P2=0
FLT_P3=0
HEAT_1_TEMP=23
HEAT_1_DUTY=0
HEAT_1_SP=-20.0
HEAT_2_TEMP=28
HEAT_2_DUTY=0
HEAT_2_SP=-20.0
HEAT_3_TEMP=28
HEAT_3_DUTY=0
HEAT_3_SP=-20.0
HEAT_4_TEMP=27
HEAT_4_DUTY=0
HEAT_4_SP=-20.0
MOTOR_ANGLE=-0.0003779069767441861
MOTOR_ACCUM=-0.0003779069767441861
MOTOR_ROT=0

[16:18:57.324 EBOX]
TS=1786201764.023
V_SENSE5=0.85693359375
V_SENSE9=0.0341796875
V_SENSE12=0.09765625
ADC_V5=4.920654296875
ADC_V9=9.10675048828125
ADC_V12=11.611328125
ADC_V28=27.28485107421875
THERMAL_SENS_OUT_1=25
THERMAL_SENS_OUT_2=-50
THERMAL_SENS_OUT_3=24
THERMAL_SENS_OUT_4=28
THERMAL_SENS_OUT_5=24
THERMAL_SENS_OUT_6=-50
THERMAL_SENS_INT_1=29
THERMAL_SENS_INT_2=28
PG_5=0
PG_9=0
PG_12=0
FLT_P2=0
FLT_P3=0
HEAT_1_TEMP=25
HEAT_1_DUTY=0
HEAT_1_SP=-20.0
HEAT_2_TEMP=24
HEAT_2_DUTY=0
HEAT_2_SP=-20.0
HEAT_3_TEMP=28
HEAT_3_DUTY=0
HEAT_3_SP=-20.0
HEAT_4_TEMP=24
HEAT_4_DUTY=0
HEAT_4_SP=-20.0
MOTOR_ANGLE=-0.0003779069767441861
MOTOR_ACCUM=-0.0003779069767441861
MOTOR_ROT=0

[16:18:57.858 EBOX]
TS=1786201764.523
V_SENSE5=0.84716796875
V_SENSE9=0.07568359375
V_SENSE12=0.1025390625
ADC_V5=4.92950439453125
ADC_V9=9.69085693359375
ADC_V12=11.60247802734375
ADC_V28=27.70965576171875
THERMAL_SENS_OUT_1=26
THERMAL_SENS_OUT_2=-50
THERMAL_SENS_OUT_3=29
THERMAL_SENS_OUT_4=26
THERMAL_SENS_OUT_5=25
THERMAL_SENS_OUT_6=-50
THERMAL_SENS_INT_1=25
THERMAL_SENS_INT_2=24
PG_5=0
PG_9=0
PG_12=0
FLT_P2=0
FLT_P3=0
HEAT_1_TEMP=26
HEAT_1_DUTY=0
HEAT_1_SP=-20.0
HEAT_2_TEMP=29
HEAT_2_DUTY=0
HEAT_2_SP=-20.0
HEAT_3_TEMP=26
HEAT_3_DUTY=0
HEAT_3_SP=-20.0
HEAT_4_TEMP=25
HEAT_4_DUTY=0
HEAT_4_SP=-20.0
MOTOR_ANGLE=-0.0003779069767441861
MOTOR_ACCUM=-0.0003779069767441861
MOTOR_ROT=0

[16:18:58.318 EBOX]
TS=1786201765.028
V_SENSE5=0.86669921875
V_SENSE9=0.04150390625
V_SENSE12=0.10986328125
ADC_V5=4.85870361328125
ADC_V9=9.168701171875
ADC_V12=11.79718017578125
ADC_V28=27.69195556640625
THERMAL_SENS_OUT_1=23
THERMAL_SENS_OUT_2=-50
THERMAL_SENS_OUT_3=29
THERMAL_SENS_OUT_4=26
THERMAL_SENS_OUT_5=24
THERMAL_SENS_OUT_6=-50
THERMAL_SENS_INT_1=24
THERMAL_SENS_INT_2=24
PG_5=0
PG_9=0
PG_12=0
FLT_P2=0
FLT_P3=0
HEAT_1_TEMP=23
HEAT_1_DUTY=0
HEAT_1_SP=-20.0
HEAT_2_TEMP=29
HEAT_2_DUTY=0
HEAT_2_SP=-20.0
HEAT_3_TEMP=26
HEAT_3_DUTY=0
HEAT_3_SP=-20.0
HEAT_4_TEMP=24
HEAT_4_DUTY=0
HEAT_4_SP=-20.0
MOTOR_ANGLE=-0.0003779069767441861
MOTOR_ACCUM=-0.0003779069767441861
MOTOR_ROT=0

[16:18:58.865 EBOX]
TS=1786201765.529
V_SENSE5=0.859375
V_SENSE9=0.0341796875
V_SENSE12=0.09765625
ADC_V5=4.920654296875
ADC_V9=8.9208984375
ADC_V12=11.86798095703125
ADC_V28=27.99285888671875
THERMAL_SENS_OUT_1=28
THERMAL_SENS_OUT_2=-50
THERMAL_SENS_OUT_3=27
THERMAL_SENS_OUT_4=24
THERMAL_SENS_OUT_5=26
THERMAL_SENS_OUT_6=-50
THERMAL_SENS_INT_1=24
THERMAL_SENS_INT_2=25
PG_5=0
PG_9=0
PG_12=0
FLT_P2=0
FLT_P3=0
HEAT_1_TEMP=28
HEAT_1_DUTY=0
HEAT_1_SP=-20.0
HEAT_2_TEMP=27
HEAT_2_DUTY=0
HEAT_2_SP=-20.0
HEAT_3_TEMP=24
HEAT_3_DUTY=0
HEAT_3_SP=-20.0
HEAT_4_TEMP=26
HEAT_4_DUTY=0
HEAT_4_SP=-20.0
MOTOR_ANGLE=-0.0003779069767441861
MOTOR_ACCUM=-0.0003779069767441861
MOTOR_ROT=0

[16:18:59.305 EBOX]
TS=1786201766.022
V_SENSE5=0.90576171875
V_SENSE9=0.03662109375
V_SENSE12=0.11474609375
ADC_V5=4.8675537109375
ADC_V9=8.956298828125
ADC_V12=11.63787841796875
ADC_V28=27.8070068359375
THERMAL_SENS_OUT_1=25
THERMAL_SENS_OUT_2=-50
THERMAL_SENS_OUT_3=29
THERMAL_SENS_OUT_4=25
THERMAL_SENS_OUT_5=29
THERMAL_SENS_OUT_6=-50
THERMAL_SENS_INT_1=27
THERMAL_SENS_INT_2=27
PG_5=0
PG_9=0
PG_12=0
FLT_P2=0
FLT_P3=0
HEAT_1_TEMP=25
HEAT_1_DUTY=0
HEAT_1_SP=-20.0
HEAT_2_TEMP=29
HEAT_2_DUTY=0
HEAT_2_SP=-20.0
HEAT_3_TEMP=25
HEAT_3_DUTY=0
HEAT_3_SP=-20.0
HEAT_4_TEMP=29
HEAT_4_DUTY=0
HEAT_4_SP=-20.0
MOTOR_ANGLE=-0.0003779069767441861
MOTOR_ACCUM=-0.0003779069767441861
MOTOR_ROT=0

[16:19:00.134 EBOX]
TS=1786201766.523
V_SENSE5=0.91552734375
V_SENSE9=0.03662109375
V_SENSE12=0.10498046875
ADC_V5=4.9029541015625
ADC_V9=9.51385498046875
ADC_V12=11.83258056640625
ADC_V28=27.19635009765625
THERMAL_SENS_OUT_1=23
THERMAL_SENS_OUT_2=-50
THERMAL_SENS_OUT_3=26
THERMAL_SENS_OUT_4=28
THERMAL_SENS_OUT_5=25
THERMAL_SENS_OUT_6=-50
THERMAL_SENS_INT_1=24
THERMAL_SENS_INT_2=27
PG_5=0
PG_9=0
PG_12=0
FLT_P2=0
FLT_P3=0
HEAT_1_TEMP=23
HEAT_1_DUTY=0
HEAT_1_SP=-20.0
HEAT_2_TEMP=26
HEAT_2_DUTY=0
HEAT_2_SP=-20.0
HEAT_3_TEMP=28
HEAT_3_DUTY=0
HEAT_3_SP=-20.0
HEAT_4_TEMP=25
HEAT_4_DUTY=0
HEAT_4_SP=-20.0
MOTOR_ANGLE=-0.0003779069767441861
MOTOR_ACCUM=-0.0003779069767441861
MOTOR_ROT=0

[16:19:00.273 EBOX]
TS=1786201767.025
V_SENSE5=0.908203125
V_SENSE9=0.0341796875
V_SENSE12=0.10986328125
ADC_V5=5.00030517578125
ADC_V9=9.2926025390625
ADC_V12=11.859130859375
ADC_V28=27.3291015625
THERMAL_SENS_OUT_1=23
THERMAL_SENS_OUT_2=-50
THERMAL_SENS_OUT_3=26
THERMAL_SENS_OUT_4=26
THERMAL_SENS_OUT_5=26
THERMAL_SENS_OUT_6=-50
THERMAL_SENS_INT_1=26
THERMAL_SENS_INT_2=25
PG_5=0
PG_9=0
PG_12=0
FLT_P2=0
FLT_P3=0
HEAT_1_TEMP=23
HEAT_1_DUTY=0
HEAT_1_SP=-20.0
HEAT_2_TEMP=26
HEAT_2_DUTY=0
HEAT_2_SP=-20.0
HEAT_3_TEMP=26
HEAT_3_DUTY=0
HEAT_3_SP=-20.0
HEAT_4_TEMP=26
HEAT_4_DUTY=0
HEAT_4_SP=-20.0
MOTOR_ANGLE=-0.0003779069767441861
MOTOR_ACCUM=-0.0003779069767441861
MOTOR_ROT=0

[16:19:00.802 EBOX]
TS=1786201767.526
V_SENSE5=0.90576171875
V_SENSE9=0.04638671875
V_SENSE12=0.1025390625
ADC_V5=4.9737548828125
ADC_V9=9.01824951171875
ADC_V12=11.86798095703125
ADC_V28=27.62115478515625
THERMAL_SENS_OUT_1=28
THERMAL_SENS_OUT_2=-50
THERMAL_SENS_OUT_3=28
THERMAL_SENS_OUT_4=29
THERMAL_SENS_OUT_5=25
THERMAL_SENS_OUT_6=-50
THERMAL_SENS_INT_1=27
THERMAL_SENS_INT_2=29
PG_5=0
PG_9=0
PG_12=0
FLT_P2=0
FLT_P3=0
HEAT_1_TEMP=28
HEAT_1_DUTY=0
HEAT_1_SP=-20.0
HEAT_2_TEMP=28
HEAT_2_DUTY=0
HEAT_2_SP=-20.0
HEAT_3_TEMP=29
HEAT_3_DUTY=0
HEAT_3_SP=-20.0
HEAT_4_TEMP=25
HEAT_4_DUTY=0
HEAT_4_SP=-20.0
MOTOR_ANGLE=-0.0003779069767441861
MOTOR_ACCUM=-0.0003779069767441861
MOTOR_ROT=0

[16:19:01.628 EBOX]
TS=1786201768.042
V_SENSE5=0.85205078125
V_SENSE9=0.0341796875
V_SENSE12=0.10986328125
ADC_V5=4.8675537109375
ADC_V9=9.3634033203125
ADC_V12=11.95648193359375
ADC_V28=27.24945068359375
THERMAL_SENS_OUT_1=28
THERMAL_SENS_OUT_2=-50
THERMAL_SENS_OUT_3=28
THERMAL_SENS_OUT_4=28
THERMAL_SENS_OUT_5=25
THERMAL_SENS_OUT_6=-50
THERMAL_SENS_INT_1=28
THERMAL_SENS_INT_2=28
PG_5=0
PG_9=0
PG_12=0
FLT_P2=0
FLT_P3=0
HEAT_1_TEMP=28
HEAT_1_DUTY=0
HEAT_1_SP=-20.0
HEAT_2_TEMP=28
HEAT_2_DUTY=0
HEAT_2_SP=-20.0
HEAT_3_TEMP=28
HEAT_3_DUTY=0
HEAT_3_SP=-20.0
HEAT_4_TEMP=25
HEAT_4_DUTY=0
HEAT_4_SP=-20.0
MOTOR_ANGLE=-0.0003779069767441861
MOTOR_ACCUM=-0.0003779069767441861
MOTOR_ROT=0

[16:19:01.850 EBOX]
TS=1786201768.537
V_SENSE5=0.86181640625
V_SENSE9=0.0390625
V_SENSE12=0.12939453125
ADC_V5=4.8675537109375
ADC_V9=9.0093994140625
ADC_V12=11.575927734375
ADC_V28=27.97515869140625
THERMAL_SENS_OUT_1=22
THERMAL_SENS_OUT_2=-50
THERMAL_SENS_OUT_3=29
THERMAL_SENS_OUT_4=28
THERMAL_SENS_OUT_5=25
THERMAL_SENS_OUT_6=-50
THERMAL_SENS_INT_1=25
THERMAL_SENS_INT_2=26
PG_5=0
PG_9=0
PG_12=0
FLT_P2=0
FLT_P3=0
HEAT_1_TEMP=22
HEAT_1_DUTY=0
HEAT_1_SP=-20.0
HEAT_2_TEMP=29
HEAT_2_DUTY=0
HEAT_2_SP=-20.0
HEAT_3_TEMP=28
HEAT_3_DUTY=0
HEAT_3_SP=-20.0
HEAT_4_TEMP=25
HEAT_4_DUTY=0
HEAT_4_SP=-20.0
MOTOR_ANGLE=-0.0003779069767441861
MOTOR_ACCUM=-0.0003779069767441861
MOTOR_ROT=0

[16:19:02.372 EBOX]
TS=1786201769.041
V_SENSE5=0.9130859375
V_SENSE9=0.05126953125
V_SENSE12=0.1123046875
ADC_V5=4.991455078125
ADC_V9=8.9385986328125
ADC_V12=12.02728271484375
ADC_V28=27.7362060546875
THERMAL_SENS_OUT_1=22
THERMAL_SENS_OUT_2=-50
THERMAL_SENS_OUT_3=25
THERMAL_SENS_OUT_4=27
THERMAL_SENS_OUT_5=29
THERMAL_SENS_OUT_6=-50
THERMAL_SENS_INT_1=24
THERMAL_SENS_INT_2=29
PG_5=0
PG_9=0
PG_12=0
FLT_P2=0
FLT_P3=0
HEAT_1_TEMP=22
HEAT_1_DUTY=0
HEAT_1_SP=-20.0
HEAT_2_TEMP=25
HEAT_2_DUTY=0
HEAT_2_SP=-20.0
HEAT_3_TEMP=27
HEAT_3_DUTY=0
HEAT_3_SP=-20.0
HEAT_4_TEMP=29
HEAT_4_DUTY=0
HEAT_4_SP=-20.0
MOTOR_ANGLE=-0.0003779069767441861
MOTOR_ACCUM=-0.0003779069767441861
MOTOR_ROT=0

