[18:10:13.466 EBOX]
TS=1786201082.410
V_SENSE5=0.947265625
V_SENSE9=0.0390625
V_SENSE12=0.11474609375
ADC_V5=5.05340576171875
ADC_V9=9.4696044921875
ADC_V12=11.56707763671875
ADC_V28=26.43524169921875
PG_5=0
PG_9=0
PG_12=0
FLT_P2=0
FLT_P3=0
HEAT_1_TEMP=0.0
HEAT_1_DUTY=30
HEAT_2_TEMP=0.0
HEAT_2_DUTY=0
HEAT_3_TEMP=0.0
HEAT_3_DUTY=0
HEAT_4_TEMP=0.0
HEAT_4_DUTY=0

[18:10:15.410 EBOX]
TS=1786201084.415
V_SENSE5=0.8837890625
V_SENSE9=0.03662109375
V_SENSE12=0.1220703125
ADC_V5=4.849853515625
ADC_V9=9.44305419921875
ADC_V12=11.93878173828125
ADC_V28=26.84234619140625
PG_5=0
PG_9=0
PG_12=0
FLT_P2=0
FLT_P3=0
HEAT_1_TEMP=0.0
HEAT_1_DUTY=0
HEAT_2_TEMP=0.0
HEAT_2_DUTY=0
HEAT_3_TEMP=0.0
HEAT_3_DUTY=0
HEAT_4_TEMP=0.0
HEAT_4_DUTY=0

[18:10:15.527 CUBESAT]
TS=1786202415.923
PG_5=1
PG_9=0
PG_12=0
FLT_P2=0
FLT_P3=0
HEAT_1_TEMP=0.0
HEAT_1_DUTY=30

[18:10:17.432 EBOX]
TS=1786201086.412
V_SENSE5=0.95703125
V_SENSE9=0.03662109375
V_SENSE12=0.12451171875
ADC_V5=4.9737548828125
ADC_V9=9.53155517578125
ADC_V12=11.929931640625
ADC_V28=26.48834228515625
PG_5=0
PG_9=0
PG_12=0
FLT_P2=0
FLT_P3=0
HEAT_1_TEMP=0.0
HEAT_1_DUTY=0
HEAT_2_TEMP=0.0
HEAT_2_DUTY=0
HEAT_3_TEMP=0.0
HEAT_3_DUTY=0
HEAT_4_TEMP=0.0
HEAT_4_DUTY=0

[18:10:17.546 CUBESAT]
TS=1786202417.924
PG_5=1
PG_9=0
PG_12=0
FLT_P2=0
FLT_P3=0
HEAT_1_TEMP=0.0
HEAT_1_DUTY=0

[18:10:19.450 EBOX]
TS=1786201088.418
V_SENSE5=0.8837890625
V_SENSE9=0.0341796875
V_SENSE12=0.11962890625
ADC_V5=4.8675537109375
ADC_V9=8.94744873046875
ADC_V12=11.92108154296875
ADC_V28=27.12554931640625
PG_5=0
PG_9=0
PG_12=0
FLT_P2=0
FLT_P3=0
HEAT_1_TEMP=0.0
HEAT_1_DUTY=0
HEAT_2_TEMP=0.0
HEAT_2_DUTY=0
HEAT_3_TEMP=0.0
HEAT_3_DUTY=30
HEAT_4_TEMP=0.0
HEAT_4_DUTY=0

[18:10:19.625 CUBESAT]
TS=1786202419.926
PG_5=1
PG_9=0
PG_12=0
FLT_P2=0
FLT_P3=0
HEAT_1_TEMP=0.0
HEAT_1_DUTY=0

[18:10:21.468 EBOX]
TS=1786201090.416
V_SENSE5=0.93994140625
V_SENSE9=0.0537109375
V_SENSE12=0.1220703125
ADC_V5=4.920654296875
ADC_V9=9.35455322265625
ADC_V12=11.7529296875
ADC_V28=26.75384521484375
PG_5=0
PG_9=0
PG_12=0
FLT_P2=0
FLT_P3=0
HEAT_1_TEMP=0.0
HEAT_1_DUTY=30
HEAT_2_TEMP=0.0
HEAT_2_DUTY=0
HEAT_3_TEMP=0.0
HEAT_3_DUTY=0
HEAT_4_TEMP=0.0
HEAT_4_DUTY=0

[18:10:21.538 CUBESAT]
TS=1786202421.928
PG_5=1
PG_9=0
PG_12=0
FLT_P2=0
FLT_P3=0
HEAT_1_TEMP=0.0
HEAT_1_DUTY=0

[18:10:23.492 EBOX]
TS=1786201092.419
V_SENSE5=0.966796875
V_SENSE9=0.0341796875
V_SENSE12=0.13427734375
ADC_V5=4.92950439453125
ADC_V9=9.21295166015625
ADC_V12=11.54052734375
ADC_V28=26.84234619140625
PG_5=0
PG_9=0
PG_12=0
FLT_P2=0
FLT_P3=0
HEAT_1_TEMP=0.0
HEAT_1_DUTY=0
HEAT_2_TEMP=0.0
HEAT_2_DUTY=0
HEAT_3_TEMP=0.0
HEAT_3_DUTY=0
HEAT_4_TEMP=0.0
HEAT_4_DUTY=0

[18:10:23.560 CUBESAT]
TS=1786202423.930
PG_5=1
PG_9=0
PG_12=0
FLT_P2=0
FLT_P3=0
HEAT_1_TEMP=0.0
HEAT_1_DUTY=0

[18:10:25.410 EBOX]
TS=1786201094.424
V_SENSE5=0.90576171875
V_SENSE9=0.0390625
V_SENSE12=0.1318359375
ADC_V5=4.9560546875
ADC_V9=9.01824951171875
ADC_V12=11.92108154296875
ADC_V28=26.514892578125
PG_5=0
PG_9=0
PG_12=0
FLT_P2=0
FLT_P3=0
HEAT_1_TEMP=0.0
HEAT_1_DUTY=0
HEAT_2_TEMP=0.0
HEAT_2_DUTY=0
HEAT_3_TEMP=0.0
HEAT_3_DUTY=0
HEAT_4_TEMP=0.0
HEAT_4_DUTY=0

[18:10:25.577 CUBESAT]
TS=1786202425.933
PG_5=1
PG_9=0
PG_12=0
FLT_P2=0
FLT_P3=0
HEAT_1_TEMP=0.0
HEAT_1_DUTY=0

[18:10:27.430 EBOX]
TS=1786201096.424
V_SENSE5=0.93505859375
V_SENSE9=0.04638671875
V_SENSE12=0.1416015625
ADC_V5=4.849853515625
ADC_V9=8.96514892578125
ADC_V12=11.9830322265625
ADC_V28=26.514892578125
PG_5=0
PG_9=0
PG_12=0
FLT_P2=0
FLT_P3=0
HEAT_1_TEMP=0.0
HEAT_1_DUTY=0
HEAT_2_TEMP=0.0
HEAT_2_DUTY=0
HEAT_3_TEMP=0.0
HEAT_3_DUTY=30
HEAT_4_TEMP=0.0
HEAT_4_DUTY=0

[18:10:27.592 CUBESAT]
TS=1786202427.935
PG_5=1
PG_9=0
PG_12=0
FLT_P2=0
FLT_P3=0
HEAT_1_TEMP=0.0
HEAT_1_DUTY=0

[18:10:29.451 EBOX]
TS=1786201098.422
V_SENSE5=0.93017578125
V_SENSE9=0.03662109375
V_SENSE12=0.1123046875
ADC_V5=4.92950439453125
ADC_V9=9.0625
ADC_V12=11.65557861328125
ADC_V28=27.0458984375
PG_5=0
PG_9=0
PG_12=0
FLT_P2=0
FLT_P3=0
HEAT_1_TEMP=0.0
HEAT_1_DUTY=30
HEAT_2_TEMP=0.0
HEAT_2_DUTY=0
HEAT_3_TEMP=0.0
HEAT_3_DUTY=0
HEAT_4_TEMP=0.0
HEAT_4_DUTY=0

[18:10:29.606 CUBESAT]
TS=1786202429.937
PG_5=1
PG_9=0
PG_12=0
FLT_P2=0
FLT_P3=0
HEAT_1_TEMP=0.0
HEAT_1_DUTY=0

[18:10:31.471 EBOX]
TS=1786201100.425
V_SENSE5=0.9423828125
V_SENSE9=0.03662109375
V_SENSE12=0.1318359375
ADC_V5=5.00030517578125
ADC_V9=8.9385986328125
ADC_V12=11.90338134765625
ADC_V28=27.11669921875
PG_5=0
PG_9=0
PG_12=0
FLT_P2=0
FLT_P3=0
HEAT_1_TEMP=0.0
HEAT_1_DUTY=0
HEAT_2_TEMP=0.0
HEAT_2_DUTY=0
HEAT_3_TEMP=0.0
HEAT_3_DUTY=0
HEAT_4_TEMP=0.0
HEAT_4_DUTY=0

[18:10:31.623 CUBESAT]
TS=1786202431.939
PG_5=1
PG_9=0
PG_12=0
FLT_P2=0
FLT_P3=0
HEAT_1_TEMP=0.0
HEAT_1_DUTY=30

[18:10:33.499 EBOX]
TS=1786201102.429
V_SENSE5=0.92529296875
V_SENSE9=0.0341796875
V_SENSE12=0.107421875
ADC_V5=4.991455078125
ADC_V9=8.9739990234375
ADC_V12=11.82373046875
ADC_V28=26.55914306640625
PG_5=0
PG_9=0
PG_12=0
FLT_P2=0
FLT_P3=0
HEAT_1_TEMP=0.0
HEAT_1_DUTY=0
HEAT_2_TEMP=0.0
HEAT_2_DUTY=0
HEAT_3_TEMP=0.0
HEAT_3_DUTY=0
HEAT_4_TEMP=0.0
HEAT_4_DUTY=0

[18:10:33.539 CUBESAT]
TS=1786202433.942
PG_5=1
PG_9=0
PG_12=0
FLT_P2=0
FLT_P3=0
HEAT_1_TEMP=0.0
HEAT_1_DUTY=0

[18:10:35.419 EBOX]
TS=1786201104.430
V_SENSE5=0.927734375
V_SENSE9=0.0341796875
V_SENSE12=0.1171875
ADC_V5=4.96490478515625
ADC_V9=8.75274658203125
ADC_V12=11.77947998046875
ADC_V28=26.55029296875
PG_5=0
PG_9=0
PG_12=0
FLT_P2=0
FLT_P3=0
HEAT_1_TEMP=0.0
HEAT_1_DUTY=0
HEAT_2_TEMP=0.0
HEAT_2_DUTY=0
HEAT_3_TEMP=0.0
HEAT_3_DUTY=30
HEAT_4_TEMP=0.0
HEAT_4_DUTY=0

[18:10:35.552 CUBESAT]
TS=1786202435.944
PG_5=1
PG_9=0
PG_12=0
FLT_P2=0
FLT_P3=0
HEAT_1_TEMP=0.0
HEAT_1_DUTY=0

[18:10:37.444 EBOX]
TS=1786201106.430
V_SENSE5=0.95947265625
V_SENSE9=0.03662109375
V_SENSE12=0.126953125
ADC_V5=4.9383544921875
ADC_V9=9.0625
ADC_V12=11.81488037109375
ADC_V28=27.1343994140625
PG_5=0
PG_9=0
PG_12=0
FLT_P2=0
FLT_P3=0
HEAT_1_TEMP=0.0
HEAT_1_DUTY=30
HEAT_2_TEMP=0.0
HEAT_2_DUTY=0
HEAT_3_TEMP=0.0
HEAT_3_DUTY=0
HEAT_4_TEMP=0.0
HEAT_4_DUTY=0

[18:10:37.572 CUBESAT]
TS=1786202437.945
PG_5=1
PG_9=0
PG_12=0
FLT_P2=0
FLT_P3=0
HEAT_1_TEMP=0.0
HEAT_1_DUTY=0

[18:10:39.467 EBOX]
TS=1786201108.432
V_SENSE5=0.91796875
V_SENSE9=0.0341796875
V_SENSE12=0.12451171875
ADC_V5=4.9029541015625
ADC_V9=8.94744873046875
ADC_V12=11.788330078125
ADC_V28=26.36444091796875
PG_5=0
PG_9=0
PG_12=0
FLT_P2=0
FLT_P3=0
HEAT_1_TEMP=0.0
HEAT_1_DUTY=0
HEAT_2_TEMP=0.0
HEAT_2_DUTY=0
HEAT_3_TEMP=0.0
HEAT_3_DUTY=0
HEAT_4_TEMP=0.0
HEAT_4_DUTY=0

[18:10:39.593 CUBESAT]
TS=1786202439.947
PG_5=1
PG_9=0
PG_12=0
FLT_P2=0
FLT_P3=0
HEAT_1_TEMP=0.0
HEAT_1_DUTY=0

[18:10:41.494 EBOX]
TS=1786201110.435
V_SENSE5=0.99853515625
V_SENSE9=0.0341796875
V_SENSE12=0.1220703125
ADC_V5=4.96490478515625
ADC_V9=9.0093994140625
ADC_V12=11.74407958984375
ADC_V28=26.1785888671875
PG_5=0
PG_9=0
PG_12=0
FLT_P2=0
FLT_P3=0
HEAT_1_TEMP=0.0
HEAT_1_DUTY=0
HEAT_2_TEMP=0.0
HEAT_2_DUTY=0
HEAT_3_TEMP=0.0
HEAT_3_DUTY=0
HEAT_4_TEMP=0.0
HEAT_4_DUTY=0

[18:10:41.606 CUBESAT]
TS=1786202441.948
PG_5=1
PG_9=0
PG_12=0
FLT_P2=0
FLT_P3=0
HEAT_1_TEMP=0.0
HEAT_1_DUTY=30

[18:10:43.516 EBOX]
TS=1786201112.438
V_SENSE5=0.8349609375
V_SENSE9=0.0390625
V_SENSE12=0.12939453125
ADC_V5=4.87640380859375
ADC_V9=9.21295166015625
ADC_V12=11.86798095703125
ADC_V28=27.17864990234375
PG_5=0
PG_9=0
PG_12=0
FLT_P2=0
FLT_P3=0
HEAT_1_TEMP=0.0
HEAT_1_DUTY=0
HEAT_2_TEMP=0.0
HEAT_2_DUTY=0
HEAT_3_TEMP=0.0
HEAT_3_DUTY=30
HEAT_4_TEMP=0.0
HEAT_4_DUTY=0

[18:10:43.622 CUBESAT]
TS=1786202443.951
PG_5=1
PG_9=0
PG_12=0
FLT_P2=0
FLT_P3=0
HEAT_1_TEMP=0.0
HEAT_1_DUTY=0

[18:10:45.435 EBOX]
TS=1786201114.439
V_SENSE5=0.9033203125
V_SENSE9=0.0390625
V_SENSE12=0.1123046875
ADC_V5=5.00030517578125
ADC_V9=9.33685302734375
ADC_V12=11.72637939453125
ADC_V28=26.1785888671875
PG_5=0
PG_9=0
PG_12=0
FLT_P2=0
FLT_P3=0
HEAT_1_TEMP=0.0
HEAT_1_DUTY=30
HEAT_2_TEMP=0.0
HEAT_2_DUTY=0
HEAT_3_TEMP=0.0
HEAT_3_DUTY=0
HEAT_4_TEMP=0.0
HEAT_4_DUTY=0

[18:10:45.639 CUBESAT]
TS=1786202445.953
PG_5=1
PG_9=0
PG_12=0
FLT_P2=0
FLT_P3=0
HEAT_1_TEMP=0.0
HEAT_1_DUTY=0

[18:10:47.459 EBOX]
TS=1786201116.439
V_SENSE5=0.966796875
V_SENSE9=0.0390625
V_SENSE12=0.146484375
ADC_V5=4.849853515625
ADC_V9=9.19525146484375
ADC_V12=11.89453125
ADC_V28=26.47064208984375
PG_5=0
PG_9=0
PG_12=0
FLT_P2=0
FLT_P3=0
HEAT_1_TEMP=0.0
HEAT_1_DUTY=0
HEAT_2_TEMP=0.0
HEAT_2_DUTY=0
HEAT_3_TEMP=0.0
HEAT_3_DUTY=0
HEAT_4_TEMP=0.0
HEAT_4_DUTY=0

[18:10:47.564 CUBESAT]
TS=1786202447.955
PG_5=1
PG_9=0
PG_12=0
FLT_P2=0
FLT_P3=0
HEAT_1_TEMP=0.0
HEAT_1_DUTY=0

[18:10:49.485 EBOX]
TS=1786201118.443
V_SENSE5=0.93505859375
V_SENSE9=0.03662109375
V_SENSE12=0.13916015625
ADC_V5=4.814453125
ADC_V9=9.239501953125
ADC_V12=11.77947998046875
ADC_V28=27.1343994140625
PG_5=0
PG_9=0
PG_12=0
FLT_P2=0
FLT_P3=0
HEAT_1_TEMP=0.0
HEAT_1_DUTY=0
HEAT_2_TEMP=0.0
HEAT_2_DUTY=0
HEAT_3_TEMP=0.0
HEAT_3_DUTY=0
HEAT_4_TEMP=0.0
HEAT_4_DUTY=0

[18:10:49.589 CUBESAT]
TS=1786202449.957
PG_5=1
PG_9=0
PG_12=0
FLT_P2=0
FLT_P3=0
HEAT_1_TEMP=0.0
HEAT_1_DUTY=0

[18:10:51.507 EBOX]
TS=1786201120.446
V_SENSE5=0.888671875
V_SENSE9=0.0341796875
V_SENSE12=0.13671875
ADC_V5=4.814453125
ADC_V9=9.42535400390625
ADC_V12=11.90338134765625
ADC_V28=26.798095703125
PG_5=0
PG_9=0
PG_12=0
FLT_P2=0
FLT_P3=0
HEAT_1_TEMP=0.0
HEAT_1_DUTY=0
HEAT_2_TEMP=0.0
HEAT_2_DUTY=0
HEAT_3_TEMP=0.0
HEAT_3_DUTY=30
HEAT_4_TEMP=0.0
HEAT_4_DUTY=0

[18:10:51.610 CUBESAT]
TS=1786202451.960
PG_5=1
PG_9=0
PG_12=0
FLT_P2=0
FLT_P3=0
HEAT_1_TEMP=0.0
HEAT_1_DUTY=30

[18:10:53.536 EBOX]
TS=1786201122.444
V_SENSE5=0.90576171875
V_SENSE9=0.0341796875
V_SENSE12=0.12451171875
ADC_V5=4.9737548828125
ADC_V9=9.0625
ADC_V12=11.74407958984375
ADC_V28=26.4971923828125
PG_5=0
PG_9=0
PG_12=0
FLT_P2=0
FLT_P3=0
HEAT_1_TEMP=0.0
HEAT_1_DUTY=30
HEAT_2_TEMP=0.0
HEAT_2_DUTY=0
HEAT_3_TEMP=0.0
HEAT_3_DUTY=0
HEAT_4_TEMP=0.0
HEAT_4_DUTY=0

[18:10:53.644 CUBESAT]
TS=1786202453.960
PG_5=1
PG_9=0
PG_12=0
FLT_P2=0
FLT_P3=0
HEAT_1_TEMP=0.0
HEAT_1_DUTY=0

[18:10:55.474 EBOX]
TS=1786201124.447
V_SENSE5=0.92529296875
V_SENSE9=0.03662109375
V_SENSE12=0.126953125
ADC_V5=5.01800537109375
ADC_V9=9.3988037109375
ADC_V12=11.82373046875
ADC_V28=26.585693359375
PG_5=0
PG_9=0
PG_12=0
FLT_P2=0
FLT_P3=0
HEAT_1_TEMP=0.0
HEAT_1_DUTY=0
HEAT_2_TEMP=0.0
HEAT_2_DUTY=0
HEAT_3_TEMP=0.0
HEAT_3_DUTY=0
HEAT_4_TEMP=0.0
HEAT_4_DUTY=0

[18:10:55.579 CUBESAT]
TS=1786202455.963
PG_5=1
PG_9=0
PG_12=0
FLT_P2=0
FLT_P3=0
HEAT_1_TEMP=0.0
HEAT_1_DUTY=0

[18:10:57.507 EBOX]
TS=1786201126.453
V_SENSE5=0.91552734375
V_SENSE9=0.03662109375
V_SENSE12=0.1220703125
ADC_V5=4.9560546875
ADC_V9=9.239501953125
ADC_V12=11.58477783203125
ADC_V28=26.302490234375
PG_5=0
PG_9=0
PG_12=0
FLT_P2=0
FLT_P3=0
HEAT_1_TEMP=0.0
HEAT_1_DUTY=0
HEAT_2_TEMP=0.0
HEAT_2_DUTY=0
HEAT_3_TEMP=0.0
HEAT_3_DUTY=0
HEAT_4_TEMP=0.0
HEAT_4_DUTY=0

[18:10:57.616 CUBESAT]
TS=1786202457.964
PG_5=1
PG_9=0
PG_12=0
FLT_P2=0
FLT_P3=0
HEAT_1_TEMP=0.0
HEAT_1_DUTY=30

[18:10:59.537 EBOX]
TS=1786201128.454
V_SENSE5=0.8740234375
V_SENSE9=0.0341796875
V_SENSE12=0.166015625
ADC_V5=5.0091552734375
ADC_V9=9.10675048828125
ADC_V12=11.74407958984375
ADC_V28=26.47064208984375
PG_5=0
PG_9=0
PG_12=0
FLT_P2=0
FLT_P3=0
HEAT_1_TEMP=0.0
HEAT_1_DUTY=0
HEAT_2_TEMP=0.0
HEAT_2_DUTY=0
HEAT_3_TEMP=0.0
HEAT_3_DUTY=30
HEAT_4_TEMP=0.0
HEAT_4_DUTY=0

[18:10:59.641 CUBESAT]
TS=1786202459.966
PG_5=1
PG_9=0
PG_12=0
FLT_P2=0
FLT_P3=0
HEAT_1_TEMP=0.0
HEAT_1_DUTY=0

[18:11:01.462 EBOX]
TS=1786201130.455
V_SENSE5=0.8837890625
V_SENSE9=0.03662109375
V_SENSE12=0.13671875
ADC_V5=4.9560546875
ADC_V9=8.98284912109375
ADC_V12=11.99188232421875
ADC_V28=26.62994384765625
PG_5=0
PG_9=0
PG_12=0
FLT_P2=0
FLT_P3=0
HEAT_1_TEMP=0.0
HEAT_1_DUTY=30
HEAT_2_TEMP=0.0
HEAT_2_DUTY=0
HEAT_3_TEMP=0.0
HEAT_3_DUTY=0
HEAT_4_TEMP=0.0
HEAT_4_DUTY=0

[18:11:03.484 EBOX]
TS=1786201132.456
V_SENSE5=1.00830078125
V_SENSE9=0.0390625
V_SENSE12=0.12939453125
ADC_V5=4.88525390625
ADC_V9=9.15985107421875
ADC_V12=11.8414306640625
ADC_V28=26.9573974609375
PG_5=0
PG_9=0
PG_12=0
FLT_P2=0
FLT_P3=0
HEAT_1_TEMP=0.0
HEAT_1_DUTY=0
HEAT_2_TEMP=0.0
HEAT_2_DUTY=0
HEAT_3_TEMP=0.0
HEAT_3_DUTY=0
HEAT_4_TEMP=0.0
HEAT_4_DUTY=0

[18:11:05.510 EBOX]
TS=1786201134.458
V_SENSE5=0.966796875
V_SENSE9=0.0341796875
V_SENSE12=0.1318359375
ADC_V5=4.991455078125
ADC_V9=8.9739990234375
ADC_V12=11.90338134765625
ADC_V28=26.43524169921875
PG_5=0
PG_9=0
PG_12=0
FLT_P2=0
FLT_P3=0
HEAT_1_TEMP=0.0
HEAT_1_DUTY=0
HEAT_2_TEMP=0.0
HEAT_2_DUTY=0
HEAT_3_TEMP=0.0
HEAT_3_DUTY=0
HEAT_4_TEMP=0.0
HEAT_4_DUTY=0

[18:11:07.535 EBOX]
TS=1786201136.463
V_SENSE5=0.8984375
V_SENSE9=0.0537109375
V_SENSE12=0.15380859375
ADC_V5=5.21270751953125
ADC_V9=9.01824951171875
ADC_V12=11.89453125
ADC_V28=27.081298828125
PG_5=0
PG_9=0
PG_12=0
FLT_P2=0
FLT_P3=0
HEAT_1_TEMP=0.0
HEAT_1_DUTY=0
HEAT_2_TEMP=0.0
HEAT_2_DUTY=0
HEAT_3_TEMP=0.0
HEAT_3_DUTY=30
HEAT_4_TEMP=0.0
HEAT_4_DUTY=0

[18:11:09.463 EBOX]
TS=1786201138.464
V_SENSE5=0.8837890625
V_SENSE9=0.0341796875
V_SENSE12=0.17333984375
ADC_V5=4.92950439453125
ADC_V9=9.40765380859375
ADC_V12=11.60247802734375
ADC_V28=26.1431884765625
PG_5=0
PG_9=0
PG_12=0
FLT_P2=0
FLT_P3=0
HEAT_1_TEMP=0.0
HEAT_1_DUTY=30
HEAT_2_TEMP=0.0
HEAT_2_DUTY=0
HEAT_3_TEMP=0.0
HEAT_3_DUTY=0
HEAT_4_TEMP=0.0
HEAT_4_DUTY=0

[18:11:11.487 EBOX]
TS=1786201140.465
V_SENSE5=0.93994140625
V_SENSE9=0.0390625
V_SENSE12=0.1416015625
ADC_V5=5.00030517578125
ADC_V9=9.310302734375
ADC_V12=11.505126953125
ADC_V28=26.77154541015625
PG_5=0
PG_9=0
PG_12=0
FLT_P2=0
FLT_P3=0
HEAT_1_TEMP=0.0
HEAT_1_DUTY=0
HEAT_2_TEMP=0.0
HEAT_2_DUTY=0
HEAT_3_TEMP=0.0
HEAT_3_DUTY=0
HEAT_4_TEMP=0.0
HEAT_4_DUTY=0

[18:11:13.519 EBOX]
TS=1786201142.469
V_SENSE5=0.888671875
V_SENSE9=0.0341796875
V_SENSE12=0.1318359375
ADC_V5=4.849853515625
ADC_V9=9.3634033203125
ADC_V12=11.86798095703125
ADC_V28=27.1875
PG_5=0
PG_9=0
PG_12=0
FLT_P2=0
FLT_P3=0
HEAT_1_TEMP=0.0
HEAT_1_DUTY=0
HEAT_2_TEMP=0.0
HEAT_2_DUTY=0
HEAT_3_TEMP=0.0
HEAT_3_DUTY=0
HEAT_4_TEMP=0.0
HEAT_4_DUTY=0

[18:11:15.550 EBOX]
TS=1786201144.472
V_SENSE5=0.90087890625
V_SENSE9=0.0341796875
V_SENSE12=0.1416015625
ADC_V5=5.08880615234375
ADC_V9=8.98284912109375
ADC_V12=11.68212890625
ADC_V28=26.57684326171875
PG_5=0
PG_9=0
PG_12=0
FLT_P2=0
FLT_P3=0
HEAT_1_TEMP=0.0
HEAT_1_DUTY=0
HEAT_2_TEMP=0.0
HEAT_2_DUTY=0
HEAT_3_TEMP=0.0
HEAT_3_DUTY=30
HEAT_4_TEMP=0.0
HEAT_4_DUTY=0

[18:11:17.572 EBOX]
TS=1786201146.475
V_SENSE5=0.9130859375
V_SENSE9=0.0390625
V_SENSE12=0.1416015625
ADC_V5=4.92950439453125
ADC_V9=9.1510009765625
ADC_V12=11.9122314453125
ADC_V28=26.160888671875
PG_5=0
PG_9=0
PG_12=0
FLT_P2=0
FLT_P3=0
HEAT_1_TEMP=0.0
HEAT_1_DUTY=30
HEAT_2_TEMP=0.0
HEAT_2_DUTY=0
HEAT_3_TEMP=0.0
HEAT_3_DUTY=0
HEAT_4_TEMP=0.0
HEAT_4_DUTY=0

[18:11:19.498 EBOX]
TS=1786201148.477
V_SENSE5=0.869140625
V_SENSE9=0.03662109375
V_SENSE12=0.14404296875
ADC_V5=4.98260498046875
ADC_V9=9.08905029296875
ADC_V12=11.72637939453125
ADC_V28=26.02813720703125
PG_5=0
PG_9=0
PG_12=0
FLT_P2=0
FLT_P3=0
HEAT_1_TEMP=0.0
HEAT_1_DUTY=0
HEAT_2_TEMP=0.0
HEAT_2_DUTY=0
HEAT_3_TEMP=0.0
HEAT_3_DUTY=0
HEAT_4_TEMP=0.0
HEAT_4_DUTY=0

[18:11:21.523 EBOX]
TS=1786201150.478
V_SENSE5=0.90087890625
V_SENSE9=0.0341796875
V_SENSE12=0.126953125
ADC_V5=4.9560546875
ADC_V9=8.85009765625
ADC_V12=11.60247802734375
ADC_V28=26.798095703125
PG_5=0
PG_9=0
PG_12=0
FLT_P2=0
FLT_P3=0
HEAT_1_TEMP=0.0
HEAT_1_DUTY=0
HEAT_2_TEMP=0.0
HEAT_2_DUTY=0
HEAT_3_TEMP=0.0
HEAT_3_DUTY=0
HEAT_4_TEMP=0.0
HEAT_4_DUTY=0

[18:11:23.557 EBOX]
TS=1786201152.480
V_SENSE5=0.87890625
V_SENSE9=0.0341796875
V_SENSE12=0.11962890625
ADC_V5=4.89410400390625
ADC_V9=9.31915283203125
ADC_V12=11.51397705078125
ADC_V28=26.84234619140625
PG_5=0
PG_9=0
PG_12=0
FLT_P2=0
FLT_P3=0
HEAT_1_TEMP=0.0
HEAT_1_DUTY=0
HEAT_2_TEMP=0.0
HEAT_2_DUTY=0
HEAT_3_TEMP=0.0
HEAT_3_DUTY=30
HEAT_4_TEMP=0.0
HEAT_4_DUTY=0

[18:11:25.588 EBOX]
TS=1786201154.483
V_SENSE5=0.88134765625
V_SENSE9=0.10498046875
V_SENSE12=0.1220703125
ADC_V5=4.8321533203125
ADC_V9=9.31915283203125
ADC_V12=11.54052734375
ADC_V28=26.70074462890625
PG_5=0
PG_9=0
PG_12=0
FLT_P2=0
FLT_P3=0
HEAT_1_TEMP=0.0
HEAT_1_DUTY=30
HEAT_2_TEMP=0.0
HEAT_2_DUTY=0
HEAT_3_TEMP=0.0
HEAT_3_DUTY=0
HEAT_4_TEMP=0.0
HEAT_4_DUTY=0

[18:11:27.514 EBOX]
TS=1786201156.485
V_SENSE5=0.888671875
V_SENSE9=0.10498046875
V_SENSE12=0.13671875
ADC_V5=5.23040771484375
ADC_V9=9.26605224609375
ADC_V12=11.77947998046875
ADC_V28=26.1962890625
PG_5=0
PG_9=0
PG_12=0
FLT_P2=0
FLT_P3=0
HEAT_1_TEMP=0.0
HEAT_1_DUTY=0
HEAT_2_TEMP=0.0
HEAT_2_DUTY=0
HEAT_3_TEMP=0.0
HEAT_3_DUTY=0
HEAT_4_TEMP=0.0
HEAT_4_DUTY=0

[18:11:29.546 EBOX]
TS=1786201158.487
V_SENSE5=0.9228515625
V_SENSE9=0.0341796875
V_SENSE12=0.146484375
ADC_V5=4.9737548828125
ADC_V9=9.0093994140625
ADC_V12=11.68212890625
ADC_V28=27.0281982421875
PG_5=0
PG_9=0
PG_12=0
FLT_P2=0
FLT_P3=0
HEAT_1_TEMP=0.0
HEAT_1_DUTY=0
HEAT_2_TEMP=0.0
HEAT_2_DUTY=0
HEAT_3_TEMP=0.0
HEAT_3_DUTY=0
HEAT_4_TEMP=0.0
HEAT_4_DUTY=0

[18:11:31.578 EBOX]
TS=1786201160.491
V_SENSE5=0.9033203125
V_SENSE9=0.0390625
V_SENSE12=0.1220703125
ADC_V5=4.9737548828125
ADC_V9=8.96514892578125
ADC_V12=11.9122314453125
ADC_V28=27.14324951171875
PG_5=0
PG_9=0
PG_12=0
FLT_P2=0
FLT_P3=0
HEAT_1_TEMP=0.0
HEAT_1_DUTY=0
HEAT_2_TEMP=0.0
HEAT_2_DUTY=0
HEAT_3_TEMP=0.0
HEAT_3_DUTY=30
HEAT_4_TEMP=0.0
HEAT_4_DUTY=0

[18:11:33.606 EBOX]
TS=1786201162.492
V_SENSE5=0.888671875
V_SENSE9=0.06591796875
V_SENSE12=0.11962890625
ADC_V5=4.92950439453125
ADC_V9=9.15985107421875
ADC_V12=11.74407958984375
ADC_V28=26.302490234375
PG_5=0
PG_9=0
PG_12=0
FLT_P2=0
FLT_P3=0
HEAT_1_TEMP=0.0
HEAT_1_DUTY=30
HEAT_2_TEMP=0.0
HEAT_2_DUTY=0
HEAT_3_TEMP=0.0
HEAT_3_DUTY=0
HEAT_4_TEMP=0.0
HEAT_4_DUTY=0

[18:11:35.539 EBOX]
TS=1786201164.495
V_SENSE5=0.86181640625
V_SENSE9=0.03662109375
V_SENSE12=0.15380859375
ADC_V5=4.85870361328125
ADC_V9=9.1864013671875
ADC_V12=11.74407958984375
ADC_V28=27.081298828125
PG_5=0
PG_9=0
PG_12=0
FLT_P2=0
FLT_P3=0
HEAT_1_TEMP=0.0
HEAT_1_DUTY=0
HEAT_2_TEMP=0.0
HEAT_2_DUTY=0
HEAT_3_TEMP=0.0
HEAT_3_DUTY=0
HEAT_4_TEMP=0.0
HEAT_4_DUTY=0

[18:11:37.579 EBOX]
TS=1786201166.497
V_SENSE5=0.8740234375
V_SENSE9=0.0390625
V_SENSE12=0.1416015625
ADC_V5=4.9560546875
ADC_V9=9.1864013671875
ADC_V12=11.8414306640625
ADC_V28=27.1697998046875
PG_5=0
PG_9=0
PG_12=0
FLT_P2=0
FLT_P3=0
HEAT_1_TEMP=0.0
HEAT_1_DUTY=0
HEAT_2_TEMP=0.0
HEAT_2_DUTY=0
HEAT_3_TEMP=0.0
HEAT_3_DUTY=0
HEAT_4_TEMP=0.0
HEAT_4_DUTY=0

[18:11:39.612 EBOX]
TS=1786201168.500
V_SENSE5=0.90087890625
V_SENSE9=0.04150390625
V_SENSE12=0.1318359375
ADC_V5=4.991455078125
ADC_V9=9.381103515625
ADC_V12=11.88568115234375
ADC_V28=26.89544677734375
PG_5=0
PG_9=0
PG_12=0
FLT_P2=0
FLT_P3=0
HEAT_1_TEMP=0.0
HEAT_1_DUTY=0
HEAT_2_TEMP=0.0
HEAT_2_DUTY=0
HEAT_3_TEMP=0.0
HEAT_3_DUTY=30
HEAT_4_TEMP=0.0
HEAT_4_DUTY=0

[18:11:41.537 EBOX]
TS=1786201170.500
V_SENSE5=0.87890625
V_SENSE9=0.0390625
V_SENSE12=0.126953125
ADC_V5=4.89410400390625
ADC_V9=9.12445068359375
ADC_V12=11.929931640625
ADC_V28=26.9573974609375
PG_5=0
PG_9=0
PG_12=0
FLT_P2=0
FLT_P3=0
HEAT_1_TEMP=0.0
HEAT_1_DUTY=30
HEAT_2_TEMP=0.0
HEAT_2_DUTY=0
HEAT_3_TEMP=0.0
HEAT_3_DUTY=0
HEAT_4_TEMP=0.0
HEAT_4_DUTY=0

[18:11:43.570 EBOX]
TS=1786201172.502
V_SENSE5=0.869140625
V_SENSE9=0.07568359375
V_SENSE12=0.15380859375
ADC_V5=4.991455078125
ADC_V9=9.1510009765625
ADC_V12=11.90338134765625
ADC_V28=26.41754150390625
PG_5=0
PG_9=0
PG_12=0
FLT_P2=0
FLT_P3=0
HEAT_1_TEMP=0.0
HEAT_1_DUTY=0
HEAT_2_TEMP=0.0
HEAT_2_DUTY=0
HEAT_3_TEMP=0.0
HEAT_3_DUTY=0
HEAT_4_TEMP=0.0
HEAT_4_DUTY=0

[18:11:45.601 EBOX]
TS=1786201174.503
V_SENSE5=0.95458984375
V_SENSE9=0.0341796875
V_SENSE12=0.1220703125
ADC_V5=4.9029541015625
ADC_V9=9.31915283203125
ADC_V12=11.89453125
ADC_V28=26.6741943359375
PG_5=0
PG_9=0
PG_12=0
FLT_P2=0
FLT_P3=0
HEAT_1_TEMP=0.0
HEAT_1_DUTY=0
HEAT_2_TEMP=0.0
HEAT_2_DUTY=0
HEAT_3_TEMP=0.0
HEAT_3_DUTY=0
HEAT_4_TEMP=0.0
HEAT_4_DUTY=0

[18:11:47.638 EBOX]
TS=1786201176.506
V_SENSE5=0.90576171875
V_SENSE9=0.0390625
V_SENSE12=0.15625
ADC_V5=5.0091552734375
ADC_V9=9.00054931640625
ADC_V12=11.70867919921875
ADC_V28=26.6387939453125
PG_5=0
PG_9=0
PG_12=0
FLT_P2=0
FLT_P3=0
HEAT_1_TEMP=0.0
HEAT_1_DUTY=0
HEAT_2_TEMP=0.0
HEAT_2_DUTY=0
HEAT_3_TEMP=0.0
HEAT_3_DUTY=30
HEAT_4_TEMP=0.0
HEAT_4_DUTY=0

[18:11:49.584 EBOX]
TS=1786201178.507
V_SENSE5=0.91064453125
V_SENSE9=0.0390625
V_SENSE12=0.126953125
ADC_V5=5.0091552734375
ADC_V9=9.58465576171875
ADC_V12=11.70867919921875
ADC_V28=27.1875
PG_5=0
PG_9=0
PG_12=0
FLT_P2=0
FLT_P3=0
HEAT_1_TEMP=0.0
HEAT_1_DUTY=30
HEAT_2_TEMP=0.0
HEAT_2_DUTY=0
HEAT_3_TEMP=0.0
HEAT_3_DUTY=0
HEAT_4_TEMP=0.0
HEAT_4_DUTY=0

[18:11:51.612 EBOX]
TS=1786201180.509
V_SENSE5=0.86181640625
V_SENSE9=0.03662109375
V_SENSE12=0.1220703125
ADC_V5=4.92950439453125
ADC_V9=9.40765380859375
ADC_V12=11.5228271484375
ADC_V28=26.16973876953125
PG_5=0
PG_9=0
PG_12=0
FLT_P2=0
FLT_P3=0
HEAT_1_TEMP=0.0
HEAT_1_DUTY=0
HEAT_2_TEMP=0.0
HEAT_2_DUTY=0
HEAT_3_TEMP=0.0
HEAT_3_DUTY=0
HEAT_4_TEMP=0.0
HEAT_4_DUTY=0

[18:11:53.538 EBOX]
TS=1786201182.510
V_SENSE5=0.8935546875
V_SENSE9=0.03662109375
V_SENSE12=0.1123046875
ADC_V5=5.0091552734375
ADC_V9=9.3988037109375
ADC_V12=11.788330078125
ADC_V28=26.514892578125
PG_5=0
PG_9=0
PG_12=0
FLT_P2=0
FLT_P3=0
HEAT_1_TEMP=0.0
HEAT_1_DUTY=0
HEAT_2_TEMP=0.0
HEAT_2_DUTY=0
HEAT_3_TEMP=0.0
HEAT_3_DUTY=0
HEAT_4_TEMP=0.0
HEAT_4_DUTY=0

[18:11:55.566 EBOX]
TS=1786201184.513
V_SENSE5=0.88134765625
V_SENSE9=0.0390625
V_SENSE12=0.11962890625
ADC_V5=4.8321533203125
ADC_V9=9.27490234375
ADC_V12=11.89453125
ADC_V28=26.11663818359375
PG_5=0
PG_9=0
PG_12=0
FLT_P2=0
FLT_P3=0
HEAT_1_TEMP=0.0
HEAT_1_DUTY=0
HEAT_2_TEMP=0.0
HEAT_2_DUTY=0
HEAT_3_TEMP=0.0
HEAT_3_DUTY=30
HEAT_4_TEMP=0.0
HEAT_4_DUTY=0

[18:11:57.593 EBOX]
TS=1786201186.514
V_SENSE5=0.87646484375
V_SENSE9=0.0341796875
V_SENSE12=0.13671875
ADC_V5=4.8321533203125
ADC_V9=8.96514892578125
ADC_V12=11.92108154296875
ADC_V28=26.1962890625
PG_5=0
PG_9=0
PG_12=0
FLT_P2=0
FLT_P3=0
HEAT_1_TEMP=0.0
HEAT_1_DUTY=30
HEAT_2_TEMP=0.0
HEAT_2_DUTY=0
HEAT_3_TEMP=0.0
HEAT_3_DUTY=0
HEAT_4_TEMP=0.0
HEAT_4_DUTY=0

[18:11:59.628 EBOX]
TS=1786201188.518
V_SENSE5=0.85693359375
V_SENSE9=0.03662109375
V_SENSE12=0.13671875
ADC_V5=4.84100341796875
ADC_V9=8.85894775390625
ADC_V12=11.6290283203125
ADC_V28=26.27593994140625
PG_5=0
PG_9=0
PG_12=0
FLT_P2=0
FLT_P3=0
HEAT_1_TEMP=0.0
HEAT_1_DUTY=0
HEAT_2_TEMP=0.0
HEAT_2_DUTY=0
HEAT_3_TEMP=0.0
HEAT_3_DUTY=0
HEAT_4_TEMP=0.0
HEAT_4_DUTY=0

[18:12:01.564 EBOX]
TS=1786201190.519
V_SENSE5=0.92529296875
V_SENSE9=0.0341796875
V_SENSE12=0.12451171875
ADC_V5=4.98260498046875
ADC_V9=9.19525146484375
ADC_V12=11.70867919921875
ADC_V28=27.010498046875
PG_5=0
PG_9=0
PG_12=0
FLT_P2=0
FLT_P3=0
HEAT_1_TEMP=0.0
HEAT_1_DUTY=0
HEAT_2_TEMP=0.0
HEAT_2_DUTY=0
HEAT_3_TEMP=0.0
HEAT_3_DUTY=0
HEAT_4_TEMP=0.0
HEAT_4_DUTY=0

[18:12:03.591 EBOX]
TS=1786201192.524
V_SENSE5=0.90576171875
V_SENSE9=0.0341796875
V_SENSE12=0.1611328125
ADC_V5=5.01800537109375
ADC_V9=9.42535400390625
ADC_V12=11.929931640625
ADC_V28=26.1962890625
PG_5=0
PG_9=0
PG_12=0
FLT_P2=0
FLT_P3=0
HEAT_1_TEMP=0.0
HEAT_1_DUTY=0
HEAT_2_TEMP=0.0
HEAT_2_DUTY=0
HEAT_3_TEMP=0.0
HEAT_3_DUTY=30
HEAT_4_TEMP=0.0
HEAT_4_DUTY=0

[18:12:05.628 EBOX]
TS=1786201194.523
V_SENSE5=0.93505859375
V_SENSE9=0.0341796875
V_SENSE12=0.1318359375
ADC_V5=4.9737548828125
ADC_V9=9.0625
ADC_V12=11.8768310546875
ADC_V28=27.01934814453125
PG_5=0
PG_9=0
PG_12=0
FLT_P2=0
FLT_P3=0
HEAT_1_TEMP=0.0
HEAT_1_DUTY=30
HEAT_2_TEMP=0.0
HEAT_2_DUTY=0
HEAT_3_TEMP=0.0
HEAT_3_DUTY=0
HEAT_4_TEMP=0.0
HEAT_4_DUTY=0

[18:12:07.660 EBOX]
TS=1786201196.525
V_SENSE5=0.8544921875
V_SENSE9=0.03662109375
V_SENSE12=0.14404296875
ADC_V5=5.0091552734375
ADC_V9=8.9385986328125
ADC_V12=11.788330078125
ADC_V28=27.09014892578125
PG_5=0
PG_9=0
PG_12=0
FLT_P2=0
FLT_P3=0
HEAT_1_TEMP=0.0
HEAT_1_DUTY=0
HEAT_2_TEMP=0.0
HEAT_2_DUTY=0
HEAT_3_TEMP=0.0
HEAT_3_DUTY=0
HEAT_4_TEMP=0.0
HEAT_4_DUTY=0

[18:12:09.602 EBOX]
TS=1786201198.526
V_SENSE5=0.8740234375
V_SENSE9=0.0341796875
V_SENSE12=0.1171875
ADC_V5=4.9383544921875
ADC_V9=9.17755126953125
ADC_V12=11.88568115234375
ADC_V28=26.68304443359375
PG_5=0
PG_9=0
PG_12=0
FLT_P2=0
FLT_P3=0
HEAT_1_TEMP=0.0
HEAT_1_DUTY=0
HEAT_2_TEMP=0.0
HEAT_2_DUTY=0
HEAT_3_TEMP=0.0
HEAT_3_DUTY=0
HEAT_4_TEMP=0.0
HEAT_4_DUTY=0

[18:12:11.653 EBOX]
TS=1786201200.526
V_SENSE5=0.95703125
V_SENSE9=0.0341796875
V_SENSE12=0.126953125
ADC_V5=4.84100341796875
ADC_V9=9.10675048828125
ADC_V12=11.7706298828125
ADC_V28=27.081298828125
PG_5=0
PG_9=0
PG_12=0
FLT_P2=0
FLT_P3=0
HEAT_1_TEMP=0.0
HEAT_1_DUTY=0
HEAT_2_TEMP=0.0
HEAT_2_DUTY=0
HEAT_3_TEMP=0.0
HEAT_3_DUTY=30
HEAT_4_TEMP=0.0
HEAT_4_DUTY=0

[18:12:13.581 EBOX]
TS=1786201202.531
V_SENSE5=0.888671875
V_SENSE9=0.0341796875
V_SENSE12=0.14404296875
ADC_V5=5.23040771484375
ADC_V9=9.027099609375
ADC_V12=11.85028076171875
ADC_V28=26.36444091796875
PG_5=0
PG_9=0
PG_12=0
FLT_P2=0
FLT_P3=0
HEAT_1_TEMP=0.0
HEAT_1_DUTY=30
HEAT_2_TEMP=0.0
HEAT_2_DUTY=0
HEAT_3_TEMP=0.0
HEAT_3_DUTY=0
HEAT_4_TEMP=0.0
HEAT_4_DUTY=0

[18:15:32.393 CUBESAT]
TS=1786202731.244
PG_5=1
PG_9=0
PG_12=0
FLT_P2=0
FLT_P3=0
HEAT_1_TEMP=0.0
HEAT_1_DUTY=30

[18:15:34.411 CUBESAT]
TS=1786202733.246
PG_5=1
PG_9=0
PG_12=0
FLT_P2=0
FLT_P3=0
HEAT_1_TEMP=0.0
HEAT_1_DUTY=0

[18:15:36.328 CUBESAT]
TS=1786202735.248
PG_5=1
PG_9=0
PG_12=0
FLT_P2=0
FLT_P3=0
HEAT_1_TEMP=0.0
HEAT_1_DUTY=0

[18:15:38.347 CUBESAT]
TS=1786202737.250
PG_5=1
PG_9=0
PG_12=0
FLT_P2=0
FLT_P3=0
HEAT_1_TEMP=0.0
HEAT_1_DUTY=0

[18:15:40.365 CUBESAT]
TS=1786202739.253
PG_5=1
PG_9=0
PG_12=0
FLT_P2=0
FLT_P3=0
HEAT_1_TEMP=0.0
HEAT_1_DUTY=0

[18:15:42.384 CUBESAT]
TS=1786202741.255
PG_5=1
PG_9=0
PG_12=0
FLT_P2=0
FLT_P3=0
HEAT_1_TEMP=0.0
HEAT_1_DUTY=0

[18:15:44.403 CUBESAT]
TS=1786202743.257
PG_5=1
PG_9=0
PG_12=0
FLT_P2=0
FLT_P3=0
HEAT_1_TEMP=0.0
HEAT_1_DUTY=0

[18:15:46.419 CUBESAT]
TS=1786202745.259
PG_5=1
PG_9=0
PG_12=0
FLT_P2=0
FLT_P3=0
HEAT_1_TEMP=0.0
HEAT_1_DUTY=0

[18:15:48.436 CUBESAT]
TS=1786202747.261
PG_5=1
PG_9=0
PG_12=0
FLT_P2=0
FLT_P3=0
HEAT_1_TEMP=0.0
HEAT_1_DUTY=0

[18:15:50.350 CUBESAT]
TS=1786202749.263
PG_5=1
PG_9=0
PG_12=0
FLT_P2=0
FLT_P3=0
HEAT_1_TEMP=0.0
HEAT_1_DUTY=0

[18:15:52.367 CUBESAT]
TS=1786202751.266
PG_5=1
PG_9=0
PG_12=0
FLT_P2=0
FLT_P3=0
HEAT_1_TEMP=0.0
HEAT_1_DUTY=30

[18:15:54.386 CUBESAT]
TS=1786202753.267
PG_5=1
PG_9=0
PG_12=0
FLT_P2=0
FLT_P3=0
HEAT_1_TEMP=0.0
HEAT_1_DUTY=0

[18:15:56.402 CUBESAT]
TS=1786202755.269
PG_5=1
PG_9=0
PG_12=0
FLT_P2=0
FLT_P3=0
HEAT_1_TEMP=0.0
HEAT_1_DUTY=0

[18:15:58.421 CUBESAT]
TS=1786202757.271
PG_5=1
PG_9=0
PG_12=0
FLT_P2=0
FLT_P3=0
HEAT_1_TEMP=0.0
HEAT_1_DUTY=0

[18:16:00.438 CUBESAT]
TS=1786202759.272
PG_5=1
PG_9=0
PG_12=0
FLT_P2=0
FLT_P3=0
HEAT_1_TEMP=0.0
HEAT_1_DUTY=0

[18:16:02.454 CUBESAT]
TS=1786202761.273
PG_5=1
PG_9=0
PG_12=0
FLT_P2=0
FLT_P3=0
HEAT_1_TEMP=0.0
HEAT_1_DUTY=30

[18:16:04.371 CUBESAT]
TS=1786202763.276
PG_5=1
PG_9=0
PG_12=0
FLT_P2=0
FLT_P3=0
HEAT_1_TEMP=0.0
HEAT_1_DUTY=0

[18:16:06.389 CUBESAT]
TS=1786202765.278
PG_5=1
PG_9=0
PG_12=0
FLT_P2=0
FLT_P3=0
HEAT_1_TEMP=0.0
HEAT_1_DUTY=0

[18:16:08.406 CUBESAT]
TS=1786202767.280
PG_5=1
PG_9=0
PG_12=0
FLT_P2=0
FLT_P3=0
HEAT_1_TEMP=0.0
HEAT_1_DUTY=0

[18:16:10.422 CUBESAT]
TS=1786202769.281
PG_5=1
PG_9=0
PG_12=0
FLT_P2=0
FLT_P3=0
HEAT_1_TEMP=0.0
HEAT_1_DUTY=0

[18:16:12.440 CUBESAT]
TS=1786202771.282
PG_5=1
PG_9=0
PG_12=0
FLT_P2=0
FLT_P3=0
HEAT_1_TEMP=0.0
HEAT_1_DUTY=30

[18:16:14.459 CUBESAT]
TS=1786202773.284
PG_5=1
PG_9=0
PG_12=0
FLT_P2=0
FLT_P3=0
HEAT_1_TEMP=0.0
HEAT_1_DUTY=0

[18:16:16.477 CUBESAT]
TS=1786202775.285
PG_5=1
PG_9=0
PG_12=0
FLT_P2=0
FLT_P3=0
HEAT_1_TEMP=0.0
HEAT_1_DUTY=0

[18:16:18.392 CUBESAT]
TS=1786202777.287
PG_5=1
PG_9=0
PG_12=0
FLT_P2=0
FLT_P3=0
HEAT_1_TEMP=0.0
HEAT_1_DUTY=30

[18:16:20.410 CUBESAT]
TS=1786202779.289
PG_5=1
PG_9=0
PG_12=0
FLT_P2=0
FLT_P3=0
HEAT_1_TEMP=0.0
HEAT_1_DUTY=0

[18:16:22.426 CUBESAT]
TS=1786202781.290
PG_5=1
PG_9=0
PG_12=0
FLT_P2=0
FLT_P3=0
HEAT_1_TEMP=0.0
HEAT_1_DUTY=0

[18:16:24.441 CUBESAT]
TS=1786202783.291
PG_5=1
PG_9=0
PG_12=0
FLT_P2=0
FLT_P3=0
HEAT_1_TEMP=0.0
HEAT_1_DUTY=0

[18:16:26.467 CUBESAT]
TS=1786202785.293
PG_5=1
PG_9=0
PG_12=0
FLT_P2=0
FLT_P3=0
HEAT_1_TEMP=0.0
HEAT_1_DUTY=0

[18:16:28.483 CUBESAT]
TS=1786202787.294
PG_5=1
PG_9=0
PG_12=0
FLT_P2=0
FLT_P3=0
HEAT_1_TEMP=0.0
HEAT_1_DUTY=30

[18:16:30.400 CUBESAT]
TS=1786202789.295
PG_5=1
PG_9=0
PG_12=0
FLT_P2=0
FLT_P3=0
HEAT_1_TEMP=0.0
HEAT_1_DUTY=0

[18:16:32.414 CUBESAT]
TS=1786202791.296
PG_5=1
PG_9=0
PG_12=0
FLT_P2=0
FLT_P3=0
HEAT_1_TEMP=0.0
HEAT_1_DUTY=0

[18:16:34.498 CUBESAT]
TS=1786202793.297
PG_5=1
PG_9=0
PG_12=0
FLT_P2=0
FLT_P3=0
HEAT_1_TEMP=0.0
HEAT_1_DUTY=0

[18:16:36.414 CUBESAT]
TS=1786202795.299
PG_5=1
PG_9=0
PG_12=0
FLT_P2=0
FLT_P3=0
HEAT_1_TEMP=0.0
HEAT_1_DUTY=0

[18:16:38.431 CUBESAT]
TS=1786202797.301
PG_5=1
PG_9=0
PG_12=0
FLT_P2=0
FLT_P3=0
HEAT_1_TEMP=0.0
HEAT_1_DUTY=30

[18:16:40.447 CUBESAT]
TS=1786202799.301
PG_5=1
PG_9=0
PG_12=0
FLT_P2=0
FLT_P3=0
HEAT_1_TEMP=0.0
HEAT_1_DUTY=0

[18:16:42.462 CUBESAT]
TS=1786202801.304
PG_5=1
PG_9=0
PG_12=0
FLT_P2=0
FLT_P3=0
HEAT_1_TEMP=0.0
HEAT_1_DUTY=0

[18:16:44.477 CUBESAT]
TS=1786202803.306
PG_5=1
PG_9=0
PG_12=0
FLT_P2=0
FLT_P3=0
HEAT_1_TEMP=0.0
HEAT_1_DUTY=0

[18:16:46.503 CUBESAT]
TS=1786202805.308
PG_5=1
PG_9=0
PG_12=0
FLT_P2=0
FLT_P3=0
HEAT_1_TEMP=0.0
HEAT_1_DUTY=0

[18:16:48.144 EBOX]
TS=1786201476.740
V_SENSE5=0.94970703125
V_SENSE9=0.0341796875
V_SENSE12=0.1416015625
ADC_V5=5.0091552734375
ADC_V9=9.24835205078125
ADC_V12=11.99188232421875
ADC_V28=26.9219970703125
PG_5=0
PG_9=0
PG_12=0
FLT_P2=0
FLT_P3=0
HEAT_1_TEMP=0.0
HEAT_1_DUTY=0
HEAT_2_TEMP=0.0
HEAT_2_DUTY=0
HEAT_3_TEMP=0.0
HEAT_3_DUTY=0
HEAT_4_TEMP=0.0
HEAT_4_DUTY=0

[18:16:48.524 CUBESAT]
TS=1786202807.310
PG_5=1
PG_9=0
PG_12=0
FLT_P2=0
FLT_P3=0
HEAT_1_TEMP=0.0
HEAT_1_DUTY=0

[18:16:50.175 EBOX]
TS=1786201478.744
V_SENSE5=0.9130859375
V_SENSE9=0.0390625
V_SENSE12=0.1318359375
ADC_V5=5.15960693359375
ADC_V9=9.1864013671875
ADC_V12=11.859130859375
ADC_V28=26.69189453125
PG_5=0
PG_9=0
PG_12=0
FLT_P2=0
FLT_P3=0
HEAT_1_TEMP=0.0
HEAT_1_DUTY=0
HEAT_2_TEMP=0.0
HEAT_2_DUTY=30
HEAT_3_TEMP=0.0
HEAT_3_DUTY=0
HEAT_4_TEMP=0.0
HEAT_4_DUTY=0

[18:16:50.439 CUBESAT]
TS=1786202809.312
PG_5=1
PG_9=0
PG_12=0
FLT_P2=0
FLT_P3=0
HEAT_1_TEMP=0.0
HEAT_1_DUTY=0

[18:16:52.110 EBOX]
TS=1786201480.746
V_SENSE5=0.9228515625
V_SENSE9=0.0390625
V_SENSE12=0.1416015625
ADC_V5=4.98260498046875
ADC_V9=9.381103515625
ADC_V12=11.82373046875
ADC_V28=26.98394775390625
PG_5=0
PG_9=0
PG_12=0
FLT_P2=0
FLT_P3=0
HEAT_1_TEMP=0.0
HEAT_1_DUTY=0
HEAT_2_TEMP=0.0
HEAT_2_DUTY=0
HEAT_3_TEMP=0.0
HEAT_3_DUTY=0
HEAT_4_TEMP=0.0
HEAT_4_DUTY=30

[18:16:52.457 CUBESAT]
TS=1786202811.314
PG_5=1
PG_9=0
PG_12=0
FLT_P2=0
FLT_P3=0
HEAT_1_TEMP=0.0
HEAT_1_DUTY=0

[18:16:54.143 EBOX]
TS=1786201482.745
V_SENSE5=0.94970703125
V_SENSE9=0.03662109375
V_SENSE12=0.14404296875
ADC_V5=4.96490478515625
ADC_V9=9.51385498046875
ADC_V12=11.76177978515625
ADC_V28=26.2847900390625
PG_5=0
PG_9=0
PG_12=0
FLT_P2=0
FLT_P3=0
HEAT_1_TEMP=0.0
HEAT_1_DUTY=0
HEAT_2_TEMP=0.0
HEAT_2_DUTY=0
HEAT_3_TEMP=0.0
HEAT_3_DUTY=0
HEAT_4_TEMP=0.0
HEAT_4_DUTY=0

[18:16:54.475 CUBESAT]
TS=1786202813.316
PG_5=1
PG_9=0
PG_12=0
FLT_P2=0
FLT_P3=0
HEAT_1_TEMP=0.0
HEAT_1_DUTY=30

[18:16:56.179 EBOX]
TS=1786201484.750
V_SENSE5=0.93505859375
V_SENSE9=0.0390625
V_SENSE12=0.13671875
ADC_V5=4.98260498046875
ADC_V9=8.9208984375
ADC_V12=11.58477783203125
ADC_V28=26.9573974609375
PG_5=0
PG_9=0
PG_12=0
FLT_P2=0
FLT_P3=0
HEAT_1_TEMP=0.0
HEAT_1_DUTY=0
HEAT_2_TEMP=0.0
HEAT_2_DUTY=0
HEAT_3_TEMP=0.0
HEAT_3_DUTY=0
HEAT_4_TEMP=0.0
HEAT_4_DUTY=0

[18:16:56.493 CUBESAT]
TS=1786202815.319
PG_5=1
PG_9=0
PG_12=0
FLT_P2=0
FLT_P3=0
HEAT_1_TEMP=0.0
HEAT_1_DUTY=0

[18:16:58.117 EBOX]
TS=1786201486.749
V_SENSE5=0.8935546875
V_SENSE9=0.0341796875
V_SENSE12=0.1416015625
ADC_V5=4.82330322265625
ADC_V9=9.1156005859375
ADC_V12=11.646728515625
ADC_V28=27.19635009765625
PG_5=0
PG_9=0
PG_12=0
FLT_P2=0
FLT_P3=0
HEAT_1_TEMP=0.0
HEAT_1_DUTY=0
HEAT_2_TEMP=0.0
HEAT_2_DUTY=30
HEAT_3_TEMP=0.0
HEAT_3_DUTY=0
HEAT_4_TEMP=0.0
HEAT_4_DUTY=0

[18:16:58.522 CUBESAT]
TS=1786202817.321
PG_5=1
PG_9=0
PG_12=0
FLT_P2=0
FLT_P3=0
HEAT_1_TEMP=0.0
HEAT_1_DUTY=0

[18:17:00.152 EBOX]
TS=1786201488.749
V_SENSE5=1.01318359375
V_SENSE9=0.0341796875
V_SENSE12=0.13671875
ADC_V5=4.89410400390625
ADC_V9=8.8323974609375
ADC_V12=11.8414306640625
ADC_V28=26.71844482421875
PG_5=0
PG_9=0
PG_12=0
FLT_P2=0
FLT_P3=0
HEAT_1_TEMP=0.0
HEAT_1_DUTY=0
HEAT_2_TEMP=0.0
HEAT_2_DUTY=0
HEAT_3_TEMP=0.0
HEAT_3_DUTY=0
HEAT_4_TEMP=0.0
HEAT_4_DUTY=30

[18:17:00.460 CUBESAT]
TS=1786202819.323
PG_5=1
PG_9=0
PG_12=0
FLT_P2=0
FLT_P3=0
HEAT_1_TEMP=0.0
HEAT_1_DUTY=0

[18:17:02.188 EBOX]
TS=1786201490.753
V_SENSE5=0.89111328125
V_SENSE9=0.0341796875
V_SENSE12=0.1318359375
ADC_V5=4.88525390625
ADC_V9=9.26605224609375
ADC_V12=11.53167724609375
ADC_V28=27.010498046875
PG_5=0
PG_9=0
PG_12=0
FLT_P2=0
FLT_P3=0
HEAT_1_TEMP=0.0
HEAT_1_DUTY=0
HEAT_2_TEMP=0.0
HEAT_2_DUTY=0
HEAT_3_TEMP=0.0
HEAT_3_DUTY=0
HEAT_4_TEMP=0.0
HEAT_4_DUTY=0

[18:17:02.494 CUBESAT]
TS=1786202821.324
PG_5=1
PG_9=0
PG_12=0
FLT_P2=0
FLT_P3=0
HEAT_1_TEMP=0.0
HEAT_1_DUTY=0

[18:17:04.127 EBOX]
TS=1786201492.752
V_SENSE5=0.9521484375
V_SENSE9=0.0537109375
V_SENSE12=0.14404296875
ADC_V5=5.00030517578125
ADC_V9=9.027099609375
ADC_V12=11.788330078125
ADC_V28=26.160888671875
PG_5=0
PG_9=0
PG_12=0
FLT_P2=0
FLT_P3=0
HEAT_1_TEMP=0.0
HEAT_1_DUTY=0
HEAT_2_TEMP=0.0
HEAT_2_DUTY=0
HEAT_3_TEMP=0.0
HEAT_3_DUTY=0
HEAT_4_TEMP=0.0
HEAT_4_DUTY=0

[18:17:04.533 CUBESAT]
TS=1786202823.326
PG_5=1
PG_9=0
PG_12=0
FLT_P2=0
FLT_P3=0
HEAT_1_TEMP=0.0
HEAT_1_DUTY=30

[18:17:06.163 EBOX]
TS=1786201494.757
V_SENSE5=0.86669921875
V_SENSE9=0.0390625
V_SENSE12=0.14404296875
ADC_V5=5.03570556640625
ADC_V9=9.2572021484375
ADC_V12=11.859130859375
ADC_V28=27.01934814453125
PG_5=0
PG_9=0
PG_12=0
FLT_P2=0
FLT_P3=0
HEAT_1_TEMP=0.0
HEAT_1_DUTY=0
HEAT_2_TEMP=0.0
HEAT_2_DUTY=30
HEAT_3_TEMP=0.0
HEAT_3_DUTY=0
HEAT_4_TEMP=0.0
HEAT_4_DUTY=0

[18:17:06.469 CUBESAT]
TS=1786202825.329
PG_5=1
PG_9=0
PG_12=0
FLT_P2=0
FLT_P3=0
HEAT_1_TEMP=0.0
HEAT_1_DUTY=0

[18:17:08.221 EBOX]
TS=1786201496.756
V_SENSE5=1.01318359375
V_SENSE9=0.0341796875
V_SENSE12=0.1416015625
ADC_V5=4.9560546875
ADC_V9=8.956298828125
ADC_V12=11.8768310546875
ADC_V28=26.2139892578125
PG_5=0
PG_9=0
PG_12=0
FLT_P2=0
FLT_P3=0
HEAT_1_TEMP=0.0
HEAT_1_DUTY=0
HEAT_2_TEMP=0.0
HEAT_2_DUTY=0
HEAT_3_TEMP=0.0
HEAT_3_DUTY=0
HEAT_4_TEMP=0.0
HEAT_4_DUTY=30

[18:17:08.529 CUBESAT]
TS=1786202827.330
PG_5=1
PG_9=0
PG_12=0
FLT_P2=0
FLT_P3=0
HEAT_1_TEMP=0.0
HEAT_1_DUTY=0

[18:17:10.159 EBOX]
TS=1786201498.761
V_SENSE5=0.87890625
V_SENSE9=0.0390625
V_SENSE12=0.14892578125
ADC_V5=4.92950439453125
ADC_V9=9.0093994140625
ADC_V12=11.60247802734375
ADC_V28=27.12554931640625
PG_5=0
PG_9=0
PG_12=0
FLT_P2=0
FLT_P3=0
HEAT_1_TEMP=0.0
HEAT_1_DUTY=0
HEAT_2_TEMP=0.0
HEAT_2_DUTY=0
HEAT_3_TEMP=0.0
HEAT_3_DUTY=0
HEAT_4_TEMP=0.0
HEAT_4_DUTY=0

[18:17:10.465 CUBESAT]
TS=1786202829.333
PG_5=1
PG_9=0
PG_12=0
FLT_P2=0
FLT_P3=0
HEAT_1_TEMP=0.0
HEAT_1_DUTY=0

[18:17:12.204 EBOX]
TS=1786201500.761
V_SENSE5=0.93994140625
V_SENSE9=0.0390625
V_SENSE12=0.146484375
ADC_V5=4.9560546875
ADC_V9=8.9739990234375
ADC_V12=11.7352294921875
ADC_V28=26.62994384765625
PG_5=0
PG_9=0
PG_12=0
FLT_P2=0
FLT_P3=0
HEAT_1_TEMP=0.0
HEAT_1_DUTY=0
HEAT_2_TEMP=0.0
HEAT_2_DUTY=0
HEAT_3_TEMP=0.0
HEAT_3_DUTY=0
HEAT_4_TEMP=0.0
HEAT_4_DUTY=0

[18:17:12.509 CUBESAT]
TS=1786202831.335
PG_5=1
PG_9=0
PG_12=0
FLT_P2=0
FLT_P3=0
HEAT_1_TEMP=0.0
HEAT_1_DUTY=0

[18:17:14.143 EBOX]
TS=1786201502.762
V_SENSE5=0.9619140625
V_SENSE9=0.0341796875
V_SENSE12=0.12939453125
ADC_V5=4.82330322265625
ADC_V9=9.168701171875
ADC_V12=11.82373046875
ADC_V28=26.75384521484375
PG_5=0
PG_9=0
PG_12=0
FLT_P2=0
FLT_P3=0
HEAT_1_TEMP=0.0
HEAT_1_DUTY=0
HEAT_2_TEMP=0.0
HEAT_2_DUTY=30
HEAT_3_TEMP=0.0
HEAT_3_DUTY=0
HEAT_4_TEMP=0.0
HEAT_4_DUTY=0

[18:17:14.551 CUBESAT]
TS=1786202833.337
PG_5=1
PG_9=0
PG_12=0
FLT_P2=0
FLT_P3=0
HEAT_1_TEMP=0.0
HEAT_1_DUTY=0

[18:17:16.198 EBOX]
TS=1786201504.765
V_SENSE5=0.93994140625
V_SENSE9=0.03662109375
V_SENSE12=0.1318359375
ADC_V5=4.91180419921875
ADC_V9=9.0093994140625
ADC_V12=11.505126953125
ADC_V28=27.081298828125
PG_5=0
PG_9=0
PG_12=0
FLT_P2=0
FLT_P3=0
HEAT_1_TEMP=0.0
HEAT_1_DUTY=0
HEAT_2_TEMP=0.0
HEAT_2_DUTY=0
HEAT_3_TEMP=0.0
HEAT_3_DUTY=0
HEAT_4_TEMP=0.0
HEAT_4_DUTY=30

[18:17:16.507 CUBESAT]
TS=1786202835.339
PG_5=1
PG_9=0
PG_12=0
FLT_P2=0
FLT_P3=0
HEAT_1_TEMP=0.0
HEAT_1_DUTY=0

[18:17:18.243 EBOX]
TS=1786201506.767
V_SENSE5=0.8642578125
V_SENSE9=0.03173828125
V_SENSE12=0.1220703125
ADC_V5=4.87640380859375
ADC_V9=8.7969970703125
ADC_V12=11.8768310546875
ADC_V28=27.00164794921875
PG_5=0
PG_9=0
PG_12=0
FLT_P2=0
FLT_P3=0
HEAT_1_TEMP=0.0
HEAT_1_DUTY=0
HEAT_2_TEMP=0.0
HEAT_2_DUTY=0
HEAT_3_TEMP=0.0
HEAT_3_DUTY=0
HEAT_4_TEMP=0.0
HEAT_4_DUTY=0

[18:17:18.549 CUBESAT]
TS=1786202837.342
PG_5=1
PG_9=0
PG_12=0
FLT_P2=0
FLT_P3=0
HEAT_1_TEMP=0.0
HEAT_1_DUTY=0

[18:17:20.178 EBOX]
TS=1786201508.767
V_SENSE5=0.95947265625
V_SENSE9=0.03662109375
V_SENSE12=0.1123046875
ADC_V5=4.991455078125
ADC_V9=9.1864013671875
ADC_V12=11.58477783203125
ADC_V28=26.87774658203125
PG_5=0
PG_9=0
PG_12=0
FLT_P2=0
FLT_P3=0
HEAT_1_TEMP=0.0
HEAT_1_DUTY=0
HEAT_2_TEMP=0.0
HEAT_2_DUTY=0
HEAT_3_TEMP=0.0
HEAT_3_DUTY=0
HEAT_4_TEMP=0.0
HEAT_4_DUTY=0

[18:17:20.485 CUBESAT]
TS=1786202839.344
PG_5=1
PG_9=0
PG_12=0
FLT_P2=0
FLT_P3=0
HEAT_1_TEMP=0.0
HEAT_1_DUTY=30

[18:17:22.212 EBOX]
TS=1786201510.773
V_SENSE5=0.8935546875
V_SENSE9=0.0390625
V_SENSE12=0.1318359375
ADC_V5=4.98260498046875
ADC_V9=9.239501953125
ADC_V12=11.9122314453125
ADC_V28=26.50604248046875
PG_5=0
PG_9=0
PG_12=0
FLT_P2=0
FLT_P3=0
HEAT_1_TEMP=0.0
HEAT_1_DUTY=0
HEAT_2_TEMP=0.0
HEAT_2_DUTY=30
HEAT_3_TEMP=0.0
HEAT_3_DUTY=0
HEAT_4_TEMP=0.0
HEAT_4_DUTY=0

[18:17:22.518 CUBESAT]
TS=1786202841.346
PG_5=1
PG_9=0
PG_12=0
FLT_P2=0
FLT_P3=0
HEAT_1_TEMP=0.0
HEAT_1_DUTY=0

[18:17:24.144 EBOX]
TS=1786201512.772
V_SENSE5=0.9326171875
V_SENSE9=0.03662109375
V_SENSE12=0.1220703125
ADC_V5=4.88525390625
ADC_V9=9.01824951171875
ADC_V12=11.8060302734375
ADC_V28=26.22283935546875
PG_5=0
PG_9=0
PG_12=0
FLT_P2=0
FLT_P3=0
HEAT_1_TEMP=0.0
HEAT_1_DUTY=0
HEAT_2_TEMP=0.0
HEAT_2_DUTY=0
HEAT_3_TEMP=0.0
HEAT_3_DUTY=0
HEAT_4_TEMP=0.0
HEAT_4_DUTY=30

[18:17:24.552 CUBESAT]
TS=1786202843.348
PG_5=1
PG_9=0
PG_12=0
FLT_P2=0
FLT_P3=0
HEAT_1_TEMP=0.0
HEAT_1_DUTY=0

[18:17:26.177 EBOX]
TS=1786201514.773
V_SENSE5=0.9619140625
V_SENSE9=0.0341796875
V_SENSE12=0.13916015625
ADC_V5=4.9737548828125
ADC_V9=9.027099609375
ADC_V12=11.58477783203125
ADC_V28=26.91314697265625
PG_5=0
PG_9=0
PG_12=0
FLT_P2=0
FLT_P3=0
HEAT_1_TEMP=0.0
HEAT_1_DUTY=0
HEAT_2_TEMP=0.0
HEAT_2_DUTY=0
HEAT_3_TEMP=0.0
HEAT_3_DUTY=0
HEAT_4_TEMP=0.0
HEAT_4_DUTY=0

[18:17:26.483 CUBESAT]
TS=1786202845.351
PG_5=1
PG_9=0
PG_12=0
FLT_P2=0
FLT_P3=0
HEAT_1_TEMP=0.0
HEAT_1_DUTY=0

[18:17:28.214 EBOX]
TS=1786201516.778
V_SENSE5=0.859375
V_SENSE9=0.07568359375
V_SENSE12=0.1318359375
ADC_V5=4.92950439453125
ADC_V9=9.027099609375
ADC_V12=11.4874267578125
ADC_V28=27.152099609375
PG_5=0
PG_9=0
PG_12=0
FLT_P2=0
FLT_P3=0
HEAT_1_TEMP=0.0
HEAT_1_DUTY=0
HEAT_2_TEMP=0.0
HEAT_2_DUTY=0
HEAT_3_TEMP=0.0
HEAT_3_DUTY=0
HEAT_4_TEMP=0.0
HEAT_4_DUTY=0

[18:17:28.520 CUBESAT]
TS=1786202847.353
PG_5=1
PG_9=0
PG_12=0
FLT_P2=0
FLT_P3=0
HEAT_1_TEMP=0.0
HEAT_1_DUTY=0

[18:17:30.250 EBOX]
TS=1786201518.778
V_SENSE5=0.97412109375
V_SENSE9=0.0341796875
V_SENSE12=0.13427734375
ADC_V5=4.89410400390625
ADC_V9=8.885498046875
ADC_V12=11.82373046875
ADC_V28=26.57684326171875
PG_5=0
PG_9=0
PG_12=0
FLT_P2=0
FLT_P3=0
HEAT_1_TEMP=0.0
HEAT_1_DUTY=0
HEAT_2_TEMP=0.0
HEAT_2_DUTY=30
HEAT_3_TEMP=0.0
HEAT_3_DUTY=0
HEAT_4_TEMP=0.0
HEAT_4_DUTY=0

[18:17:30.554 CUBESAT]
TS=1786202849.355
PG_5=1
PG_9=0
PG_12=0
FLT_P2=0
FLT_P3=0
HEAT_1_TEMP=0.0
HEAT_1_DUTY=30

[18:17:32.183 EBOX]
TS=1786201520.784
V_SENSE5=0.8837890625
V_SENSE9=0.05615234375
V_SENSE12=0.1416015625
ADC_V5=5.01800537109375
ADC_V9=8.91204833984375
ADC_V12=11.646728515625
ADC_V28=26.939697265625
PG_5=0
PG_9=0
PG_12=0
FLT_P2=0
FLT_P3=0
HEAT_1_TEMP=0.0
HEAT_1_DUTY=0
HEAT_2_TEMP=0.0
HEAT_2_DUTY=0
HEAT_3_TEMP=0.0
HEAT_3_DUTY=0
HEAT_4_TEMP=0.0
HEAT_4_DUTY=30

[18:17:32.488 CUBESAT]
TS=1786202851.357
PG_5=1
PG_9=0
PG_12=0
FLT_P2=0
FLT_P3=0
HEAT_1_TEMP=0.0
HEAT_1_DUTY=0

[18:17:34.220 EBOX]
TS=1786201522.781
V_SENSE5=0.537109375
V_SENSE9=1.35498046875
V_SENSE12=0.0244140625
ADC_V5=4.991455078125
ADC_V9=9.2218017578125
ADC_V12=11.9122314453125
ADC_V28=26.13433837890625
PG_5=0
PG_9=0
PG_12=0
FLT_P2=0
FLT_P3=0
HEAT_1_TEMP=0.0
HEAT_1_DUTY=0
HEAT_2_TEMP=0.0
HEAT_2_DUTY=0
HEAT_3_TEMP=0.0
HEAT_3_DUTY=0
HEAT_4_TEMP=0.0
HEAT_4_DUTY=0

[18:17:34.525 CUBESAT]
TS=1786202853.359
PG_5=1
PG_9=0
PG_12=0
FLT_P2=0
FLT_P3=0
HEAT_1_TEMP=0.0
HEAT_1_DUTY=0

[18:17:36.257 EBOX]
TS=1786201524.783
V_SENSE5=0.576171875
V_SENSE9=1.11083984375
V_SENSE12=0.03173828125
ADC_V5=4.91180419921875
ADC_V9=9.27490234375
ADC_V12=11.86798095703125
ADC_V28=26.337890625
PG_5=0
PG_9=0
PG_12=0
FLT_P2=0
FLT_P3=0
HEAT_1_TEMP=0.0
HEAT_1_DUTY=0
HEAT_2_TEMP=0.0
HEAT_2_DUTY=0
HEAT_3_TEMP=0.0
HEAT_3_DUTY=0
HEAT_4_TEMP=0.0
HEAT_4_DUTY=0

[18:17:36.564 CUBESAT]
TS=1786202855.361
PG_5=1
PG_9=0
PG_12=0
FLT_P2=0
FLT_P3=0
HEAT_1_TEMP=0.0
HEAT_1_DUTY=0

[18:17:38.200 EBOX]
TS=1786201526.789
V_SENSE5=0.87890625
V_SENSE9=0.0390625
V_SENSE12=0.1123046875
ADC_V5=4.9737548828125
ADC_V9=9.42535400390625
ADC_V12=12.02728271484375
ADC_V28=27.0281982421875
PG_5=0
PG_9=0
PG_12=0
FLT_P2=0
FLT_P3=0
HEAT_1_TEMP=0.0
HEAT_1_DUTY=0
HEAT_2_TEMP=0.0
HEAT_2_DUTY=30
HEAT_3_TEMP=0.0
HEAT_3_DUTY=0
HEAT_4_TEMP=0.0
HEAT_4_DUTY=0

[18:17:38.510 CUBESAT]
TS=1786202857.363
PG_5=1
PG_9=0
PG_12=0
FLT_P2=0
FLT_P3=0
HEAT_1_TEMP=0.0
HEAT_1_DUTY=0

[18:17:40.237 EBOX]
TS=1786201528.788
V_SENSE5=1.01318359375
V_SENSE9=0.0390625
V_SENSE12=0.17333984375
ADC_V5=5.01800537109375
ADC_V9=9.097900390625
ADC_V12=11.4874267578125
ADC_V28=26.64764404296875
PG_5=0
PG_9=0
PG_12=0
FLT_P2=0
FLT_P3=0
HEAT_1_TEMP=0.0
HEAT_1_DUTY=0
HEAT_2_TEMP=0.0
HEAT_2_DUTY=0
HEAT_3_TEMP=0.0
HEAT_3_DUTY=0
HEAT_4_TEMP=0.0
HEAT_4_DUTY=30

[18:17:40.544 CUBESAT]
TS=1786202859.366
PG_5=1
PG_9=0
PG_12=0
FLT_P2=0
FLT_P3=0
HEAT_1_TEMP=0.0
HEAT_1_DUTY=30

[18:17:42.177 EBOX]
TS=1786201530.791
V_SENSE5=0.908203125
V_SENSE9=0.03662109375
V_SENSE12=0.1123046875
ADC_V5=4.87640380859375
ADC_V9=9.027099609375
ADC_V12=11.8768310546875
ADC_V28=26.61224365234375
PG_5=0
PG_9=0
PG_12=0
FLT_P2=0
FLT_P3=0
HEAT_1_TEMP=0.0
HEAT_1_DUTY=0
HEAT_2_TEMP=0.0
HEAT_2_DUTY=0
HEAT_3_TEMP=0.0
HEAT_3_DUTY=0
HEAT_4_TEMP=0.0
HEAT_4_DUTY=0

[18:17:42.584 CUBESAT]
TS=1786202861.367
PG_5=1
PG_9=0
PG_12=0
FLT_P2=0
FLT_P3=0
HEAT_1_TEMP=0.0
HEAT_1_DUTY=0

[18:17:44.215 EBOX]
TS=1786201532.795
V_SENSE5=0.8837890625
V_SENSE9=0.04150390625
V_SENSE12=0.146484375
ADC_V5=4.991455078125
ADC_V9=9.0802001953125
ADC_V12=11.505126953125
ADC_V28=26.96624755859375
PG_5=0
PG_9=0
PG_12=0
FLT_P2=0
FLT_P3=0
HEAT_1_TEMP=0.0
HEAT_1_DUTY=0
HEAT_2_TEMP=0.0
HEAT_2_DUTY=0
HEAT_3_TEMP=0.0
HEAT_3_DUTY=0
HEAT_4_TEMP=0.0
HEAT_4_DUTY=0

[18:17:44.522 CUBESAT]
TS=1786202863.369
PG_5=1
PG_9=0
PG_12=0
FLT_P2=0
FLT_P3=0
HEAT_1_TEMP=0.0
HEAT_1_DUTY=0

[18:17:46.259 EBOX]
TS=1786201534.795
V_SENSE5=0.9814453125
V_SENSE9=0.03662109375
V_SENSE12=0.1416015625
ADC_V5=5.08880615234375
ADC_V9=8.87664794921875
ADC_V12=11.58477783203125
ADC_V28=26.1962890625
PG_5=0
PG_9=0
PG_12=0
FLT_P2=0
FLT_P3=0
HEAT_1_TEMP=0.0
HEAT_1_DUTY=0
HEAT_2_TEMP=0.0
HEAT_2_DUTY=30
HEAT_3_TEMP=0.0
HEAT_3_DUTY=0
HEAT_4_TEMP=0.0
HEAT_4_DUTY=0

[18:17:46.565 CUBESAT]
TS=1786202865.370
PG_5=1
PG_9=0
PG_12=0
FLT_P2=0
FLT_P3=0
HEAT_1_TEMP=0.0
HEAT_1_DUTY=30

[18:17:48.201 EBOX]
TS=1786201536.797
V_SENSE5=0.94482421875
V_SENSE9=0.07568359375
V_SENSE12=0.13671875
ADC_V5=4.9383544921875
ADC_V9=8.99169921875
ADC_V12=11.93878173828125
ADC_V28=26.090087890625
PG_5=0
PG_9=0
PG_12=0
FLT_P2=0
FLT_P3=0
HEAT_1_TEMP=0.0
HEAT_1_DUTY=0
HEAT_2_TEMP=0.0
HEAT_2_DUTY=0
HEAT_3_TEMP=0.0
HEAT_3_DUTY=0
HEAT_4_TEMP=0.0
HEAT_4_DUTY=30

[18:17:48.608 CUBESAT]
TS=1786202867.373
PG_5=1
PG_9=0
PG_12=0
FLT_P2=0
FLT_P3=0
HEAT_1_TEMP=0.0
HEAT_1_DUTY=0

[18:17:50.240 EBOX]
TS=1786201538.799
V_SENSE5=0.92041015625
V_SENSE9=0.0341796875
V_SENSE12=0.13671875
ADC_V5=4.920654296875
ADC_V9=9.13330078125
ADC_V12=11.93878173828125
ADC_V28=26.29364013671875
PG_5=0
PG_9=0
PG_12=0
FLT_P2=0
FLT_P3=0
HEAT_1_TEMP=0.0
HEAT_1_DUTY=0
HEAT_2_TEMP=0.0
HEAT_2_DUTY=0
HEAT_3_TEMP=0.0
HEAT_3_DUTY=0
HEAT_4_TEMP=0.0
HEAT_4_DUTY=0

[18:17:50.548 CUBESAT]
TS=1786202869.375
PG_5=1
PG_9=0
PG_12=0
FLT_P2=0
FLT_P3=0
HEAT_1_TEMP=0.0
HEAT_1_DUTY=0

[18:17:52.283 EBOX]
TS=1786201540.802
V_SENSE5=0.90576171875
V_SENSE9=0.0341796875
V_SENSE12=0.1416015625
ADC_V5=4.91180419921875
ADC_V9=9.310302734375
ADC_V12=11.859130859375
ADC_V28=26.11663818359375
PG_5=0
PG_9=0
PG_12=0
FLT_P2=0
FLT_P3=0
HEAT_1_TEMP=0.0
HEAT_1_DUTY=0
HEAT_2_TEMP=0.0
HEAT_2_DUTY=0
HEAT_3_TEMP=0.0
HEAT_3_DUTY=0
HEAT_4_TEMP=0.0
HEAT_4_DUTY=0

[18:17:52.589 CUBESAT]
TS=1786202871.377
PG_5=1
PG_9=0
PG_12=0
FLT_P2=0
FLT_P3=0
HEAT_1_TEMP=0.0
HEAT_1_DUTY=0

[18:17:54.235 EBOX]
TS=1786201542.802
V_SENSE5=0.94482421875
V_SENSE9=0.0341796875
V_SENSE12=0.13916015625
ADC_V5=4.9560546875
ADC_V9=9.1156005859375
ADC_V12=11.86798095703125
ADC_V28=27.0635986328125
PG_5=0
PG_9=0
PG_12=0
FLT_P2=0
FLT_P3=0
HEAT_1_TEMP=0.0
HEAT_1_DUTY=0
HEAT_2_TEMP=0.0
HEAT_2_DUTY=30
HEAT_3_TEMP=0.0
HEAT_3_DUTY=0
HEAT_4_TEMP=0.0
HEAT_4_DUTY=0

[18:17:54.542 CUBESAT]
TS=1786202873.379
PG_5=1
PG_9=0
PG_12=0
FLT_P2=0
FLT_P3=0
HEAT_1_TEMP=0.0
HEAT_1_DUTY=0

[18:17:56.273 EBOX]
TS=1786201544.806
V_SENSE5=0.91796875
V_SENSE9=0.0390625
V_SENSE12=0.1171875
ADC_V5=4.87640380859375
ADC_V9=8.956298828125
ADC_V12=11.92108154296875
ADC_V28=25.92193603515625
PG_5=0
PG_9=0
PG_12=0
FLT_P2=0
FLT_P3=0
HEAT_1_TEMP=0.0
HEAT_1_DUTY=0
HEAT_2_TEMP=0.0
HEAT_2_DUTY=0
HEAT_3_TEMP=0.0
HEAT_3_DUTY=0
HEAT_4_TEMP=0.0
HEAT_4_DUTY=30

[18:17:56.579 CUBESAT]
TS=1786202875.382
PG_5=1
PG_9=0
PG_12=0
FLT_P2=0
FLT_P3=0
HEAT_1_TEMP=0.0
HEAT_1_DUTY=30

[18:17:58.214 EBOX]
TS=1786201546.805
V_SENSE5=0.96435546875
V_SENSE9=0.04638671875
V_SENSE12=0.13671875
ADC_V5=4.991455078125
ADC_V9=9.62005615234375
ADC_V12=11.54937744140625
ADC_V28=26.24053955078125
PG_5=0
PG_9=0
PG_12=0
FLT_P2=0
FLT_P3=0
HEAT_1_TEMP=0.0
HEAT_1_DUTY=0
HEAT_2_TEMP=0.0
HEAT_2_DUTY=0
HEAT_3_TEMP=0.0
HEAT_3_DUTY=0
HEAT_4_TEMP=0.0
HEAT_4_DUTY=0

[18:17:58.620 CUBESAT]
TS=1786202877.384
PG_5=1
PG_9=0
PG_12=0
FLT_P2=0
FLT_P3=0
HEAT_1_TEMP=0.0
HEAT_1_DUTY=0

[18:18:00.250 EBOX]
TS=1786201548.807
V_SENSE5=0.927734375
V_SENSE9=0.0390625
V_SENSE12=0.1416015625
ADC_V5=5.00030517578125
ADC_V9=9.345703125
ADC_V12=11.56707763671875
ADC_V28=26.70074462890625
PG_5=0
PG_9=0
PG_12=0
FLT_P2=0
FLT_P3=0
HEAT_1_TEMP=0.0
HEAT_1_DUTY=0
HEAT_2_TEMP=0.0
HEAT_2_DUTY=0
HEAT_3_TEMP=0.0
HEAT_3_DUTY=0
HEAT_4_TEMP=0.0
HEAT_4_DUTY=0

[18:18:00.556 CUBESAT]
TS=1786202879.385
PG_5=1
PG_9=0
PG_12=0
FLT_P2=0
FLT_P3=0
HEAT_1_TEMP=0.0
HEAT_1_DUTY=0

[18:18:02.291 EBOX]
TS=1786201550.809
V_SENSE5=0.927734375
V_SENSE9=0.0341796875
V_SENSE12=0.1220703125
ADC_V5=4.9383544921875
ADC_V9=9.35455322265625
ADC_V12=11.8414306640625
ADC_V28=27.0281982421875
PG_5=0
PG_9=0
PG_12=0
FLT_P2=0
FLT_P3=0
HEAT_1_TEMP=0.0
HEAT_1_DUTY=0
HEAT_2_TEMP=0.0
HEAT_2_DUTY=30
HEAT_3_TEMP=0.0
HEAT_3_DUTY=0
HEAT_4_TEMP=0.0
HEAT_4_DUTY=0

[18:18:02.597 CUBESAT]
TS=1786202881.387
PG_5=1
PG_9=0
PG_12=0
FLT_P2=0
FLT_P3=0
HEAT_1_TEMP=0.0
HEAT_1_DUTY=0

[18:18:04.229 EBOX]
TS=1786201552.814
V_SENSE5=0.908203125
V_SENSE9=0.0390625
V_SENSE12=0.13916015625
ADC_V5=5.23040771484375
ADC_V9=9.03594970703125
ADC_V12=11.81488037109375
ADC_V28=26.4617919921875
PG_5=0
PG_9=0
PG_12=0
FLT_P2=0
FLT_P3=0
HEAT_1_TEMP=0.0
HEAT_1_DUTY=0
HEAT_2_TEMP=0.0
HEAT_2_DUTY=0
HEAT_3_TEMP=0.0
HEAT_3_DUTY=0
HEAT_4_TEMP=0.0
HEAT_4_DUTY=30

[18:18:04.534 CUBESAT]
TS=1786202883.389
PG_5=1
PG_9=0
PG_12=0
FLT_P2=0
FLT_P3=0
HEAT_1_TEMP=0.0
HEAT_1_DUTY=0

[18:18:06.263 EBOX]
TS=1786201554.814
V_SENSE5=0.99365234375
V_SENSE9=0.03662109375
V_SENSE12=0.12939453125
ADC_V5=4.9737548828125
ADC_V9=9.19525146484375
ADC_V12=11.86798095703125
ADC_V28=27.07244873046875
PG_5=0
PG_9=0
PG_12=0
FLT_P2=0
FLT_P3=0
HEAT_1_TEMP=0.0
HEAT_1_DUTY=0
HEAT_2_TEMP=0.0
HEAT_2_DUTY=0
HEAT_3_TEMP=0.0
HEAT_3_DUTY=0
HEAT_4_TEMP=0.0
HEAT_4_DUTY=0

[18:18:06.569 CUBESAT]
TS=1786202885.391
PG_5=1
PG_9=0
PG_12=0
FLT_P2=0
FLT_P3=0
HEAT_1_TEMP=0.0
HEAT_1_DUTY=30

[18:18:08.313 EBOX]
TS=1786201556.818
V_SENSE5=0.8837890625
V_SENSE9=0.0341796875
V_SENSE12=0.13427734375
ADC_V5=4.89410400390625
ADC_V9=8.91204833984375
ADC_V12=11.9122314453125
ADC_V28=25.99273681640625
PG_5=0
PG_9=0
PG_12=0
FLT_P2=0
FLT_P3=0
HEAT_1_TEMP=0.0
HEAT_1_DUTY=0
HEAT_2_TEMP=0.0
HEAT_2_DUTY=0
HEAT_3_TEMP=0.0
HEAT_3_DUTY=0
HEAT_4_TEMP=0.0
HEAT_4_DUTY=0

[18:18:08.621 CUBESAT]
TS=1786202887.394
PG_5=1
PG_9=0
PG_12=0
FLT_P2=0
FLT_P3=0
HEAT_1_TEMP=0.0
HEAT_1_DUTY=0

[18:18:10.264 EBOX]
TS=1786201558.818
V_SENSE5=0.9326171875
V_SENSE9=0.0390625
V_SENSE12=0.14404296875
ADC_V5=4.9560546875
ADC_V9=9.4873046875
ADC_V12=11.86798095703125
ADC_V28=27.11669921875
PG_5=0
PG_9=0
PG_12=0
FLT_P2=0
FLT_P3=0
HEAT_1_TEMP=0.0
HEAT_1_DUTY=0
HEAT_2_TEMP=0.0
HEAT_2_DUTY=30
HEAT_3_TEMP=0.0
HEAT_3_DUTY=0
HEAT_4_TEMP=0.0
HEAT_4_DUTY=0

[18:18:10.571 CUBESAT]
TS=1786202889.396
PG_5=1
PG_9=0
PG_12=0
FLT_P2=0
FLT_P3=0
HEAT_1_TEMP=0.0
HEAT_1_DUTY=0

[18:18:12.318 EBOX]
TS=1786201560.821
V_SENSE5=1.0546875
V_SENSE9=0.0390625
V_SENSE12=0.15869140625
ADC_V5=4.98260498046875
ADC_V9=9.05364990234375
ADC_V12=11.83258056640625
ADC_V28=26.38214111328125
PG_5=0
PG_9=0
PG_12=0
FLT_P2=0
FLT_P3=0
HEAT_1_TEMP=0.0
HEAT_1_DUTY=0
HEAT_2_TEMP=0.0
HEAT_2_DUTY=0
HEAT_3_TEMP=0.0
HEAT_3_DUTY=0
HEAT_4_TEMP=0.0
HEAT_4_DUTY=30

[18:18:12.625 CUBESAT]
TS=1786202891.397
PG_5=1
PG_9=0
PG_12=0
FLT_P2=0
FLT_P3=0
HEAT_1_TEMP=0.0
HEAT_1_DUTY=0

[18:18:14.276 EBOX]
TS=1786201562.824
V_SENSE5=0.908203125
V_SENSE9=0.0390625
V_SENSE12=0.12939453125
ADC_V5=4.92950439453125
ADC_V9=9.24835205078125
ADC_V12=11.5582275390625
ADC_V28=26.20513916015625
PG_5=0
PG_9=0
PG_12=0
FLT_P2=0
FLT_P3=0
HEAT_1_TEMP=0.0
HEAT_1_DUTY=0
HEAT_2_TEMP=0.0
HEAT_2_DUTY=0
HEAT_3_TEMP=0.0
HEAT_3_DUTY=0
HEAT_4_TEMP=0.0
HEAT_4_DUTY=0

[18:18:14.583 CUBESAT]
TS=1786202893.399
PG_5=1
PG_9=0
PG_12=0
FLT_P2=0
FLT_P3=0
HEAT_1_TEMP=0.0
HEAT_1_DUTY=0

[18:18:16.323 EBOX]
TS=1786201564.826
V_SENSE5=0.87890625
V_SENSE9=0.03662109375
V_SENSE12=0.11474609375
ADC_V5=4.84100341796875
ADC_V9=9.3988037109375
ADC_V12=11.92108154296875
ADC_V28=26.5325927734375
PG_5=0
PG_9=0
PG_12=0
FLT_P2=0
FLT_P3=0
HEAT_1_TEMP=0.0
HEAT_1_DUTY=0
HEAT_2_TEMP=0.0
HEAT_2_DUTY=0
HEAT_3_TEMP=0.0
HEAT_3_DUTY=0
HEAT_4_TEMP=0.0
HEAT_4_DUTY=0

[18:18:16.629 CUBESAT]
TS=1786202895.400
PG_5=1
PG_9=0
PG_12=0
FLT_P2=0
FLT_P3=0
HEAT_1_TEMP=0.0
HEAT_1_DUTY=0

[18:18:18.265 EBOX]
TS=1786201566.827
V_SENSE5=0.92529296875
V_SENSE9=0.03662109375
V_SENSE12=0.1416015625
ADC_V5=4.849853515625
ADC_V9=9.19525146484375
ADC_V12=11.6644287109375
ADC_V28=26.2493896484375
PG_5=0
PG_9=0
PG_12=0
FLT_P2=0
FLT_P3=0
HEAT_1_TEMP=0.0
HEAT_1_DUTY=0
HEAT_2_TEMP=0.0
HEAT_2_DUTY=30
HEAT_3_TEMP=0.0
HEAT_3_DUTY=0
HEAT_4_TEMP=0.0
HEAT_4_DUTY=0

[18:18:18.572 CUBESAT]
TS=1786202897.403
PG_5=1
PG_9=0
PG_12=0
FLT_P2=0
FLT_P3=0
HEAT_1_TEMP=0.0
HEAT_1_DUTY=0

[18:18:20.315 EBOX]
TS=1786201568.832
V_SENSE5=0.88623046875
V_SENSE9=0.05615234375
V_SENSE12=0.1171875
ADC_V5=4.920654296875
ADC_V9=8.743896484375
ADC_V12=11.90338134765625
ADC_V28=26.86004638671875
PG_5=0
PG_9=0
PG_12=0
FLT_P2=0
FLT_P3=0
HEAT_1_TEMP=0.0
HEAT_1_DUTY=0
HEAT_2_TEMP=0.0
HEAT_2_DUTY=0
HEAT_3_TEMP=0.0
HEAT_3_DUTY=0
HEAT_4_TEMP=0.0
HEAT_4_DUTY=30

[18:18:20.633 CUBESAT]
TS=1786202899.405
PG_5=1
PG_9=0
PG_12=0
FLT_P2=0
FLT_P3=0
HEAT_1_TEMP=0.0
HEAT_1_DUTY=0

[18:18:22.265 EBOX]
TS=1786201570.832
V_SENSE5=0.95703125
V_SENSE9=0.0341796875
V_SENSE12=0.1171875
ADC_V5=5.00030517578125
ADC_V9=9.12445068359375
ADC_V12=11.69097900390625
ADC_V28=26.75384521484375
PG_5=0
PG_9=0
PG_12=0
FLT_P2=0
FLT_P3=0
HEAT_1_TEMP=0.0
HEAT_1_DUTY=0
HEAT_2_TEMP=0.0
HEAT_2_DUTY=0
HEAT_3_TEMP=0.0
HEAT_3_DUTY=0
HEAT_4_TEMP=0.0
HEAT_4_DUTY=0

[18:18:22.570 CUBESAT]
TS=1786202901.407
PG_5=1
PG_9=0
PG_12=0
FLT_P2=0
FLT_P3=0
HEAT_1_TEMP=0.0
HEAT_1_DUTY=30

[18:18:24.318 EBOX]
TS=1786201572.833
V_SENSE5=0.97412109375
V_SENSE9=0.0390625
V_SENSE12=0.17822265625
ADC_V5=4.9029541015625
ADC_V9=9.05364990234375
ADC_V12=11.7529296875
ADC_V28=26.302490234375
PG_5=0
PG_9=0
PG_12=0
FLT_P2=0
FLT_P3=0
HEAT_1_TEMP=0.0
HEAT_1_DUTY=0
HEAT_2_TEMP=0.0
HEAT_2_DUTY=0
HEAT_3_TEMP=0.0
HEAT_3_DUTY=0
HEAT_4_TEMP=0.0
HEAT_4_DUTY=0

[18:18:24.627 CUBESAT]
TS=1786202903.409
PG_5=1
PG_9=0
PG_12=0
FLT_P2=0
FLT_P3=0
HEAT_1_TEMP=0.0
HEAT_1_DUTY=0

[18:18:26.262 EBOX]
TS=1786201574.837
V_SENSE5=0.90576171875
V_SENSE9=0.0341796875
V_SENSE12=0.11962890625
ADC_V5=5.19500732421875
ADC_V9=9.2218017578125
ADC_V12=11.47857666015625
ADC_V28=26.68304443359375
PG_5=0
PG_9=0
PG_12=0
FLT_P2=0
FLT_P3=0
HEAT_1_TEMP=0.0
HEAT_1_DUTY=0
HEAT_2_TEMP=0.0
HEAT_2_DUTY=30
HEAT_3_TEMP=0.0
HEAT_3_DUTY=0
HEAT_4_TEMP=0.0
HEAT_4_DUTY=0

[18:18:26.568 CUBESAT]
TS=1786202905.412
PG_5=1
PG_9=0
PG_12=0
FLT_P2=0
FLT_P3=0
HEAT_1_TEMP=0.0
HEAT_1_DUTY=0

[18:18:28.299 EBOX]
TS=1786201576.840
V_SENSE5=0.93505859375
V_SENSE9=0.0390625
V_SENSE12=0.15380859375
ADC_V5=4.849853515625
ADC_V9=9.23065185546875
ADC_V12=11.77947998046875
ADC_V28=26.94854736328125
PG_5=0
PG_9=0
PG_12=0
FLT_P2=0
FLT_P3=0
HEAT_1_TEMP=0.0
HEAT_1_DUTY=0
HEAT_2_TEMP=0.0
HEAT_2_DUTY=0
HEAT_3_TEMP=0.0
HEAT_3_DUTY=0
HEAT_4_TEMP=0.0
HEAT_4_DUTY=30

[18:18:28.607 CUBESAT]
TS=1786202907.414
PG_5=1
PG_9=0
PG_12=0
FLT_P2=0
FLT_P3=0
HEAT_1_TEMP=0.0
HEAT_1_DUTY=0

[18:18:30.342 EBOX]
TS=1786201578.837
V_SENSE5=0.94970703125
V_SENSE9=0.0341796875
V_SENSE12=0.13427734375
ADC_V5=4.89410400390625
ADC_V9=9.0093994140625
ADC_V12=11.81488037109375
ADC_V28=27.010498046875
PG_5=0
PG_9=0
PG_12=0
FLT_P2=0
FLT_P3=0
HEAT_1_TEMP=0.0
HEAT_1_DUTY=0
HEAT_2_TEMP=0.0
HEAT_2_DUTY=0
HEAT_3_TEMP=0.0
HEAT_3_DUTY=0
HEAT_4_TEMP=0.0
HEAT_4_DUTY=0

[18:18:30.649 CUBESAT]
TS=1786202909.415
PG_5=1
PG_9=0
PG_12=0
FLT_P2=0
FLT_P3=0
HEAT_1_TEMP=0.0
HEAT_1_DUTY=0

[18:18:32.280 EBOX]
TS=1786201580.839
V_SENSE5=0.90087890625
V_SENSE9=0.0390625
V_SENSE12=0.12939453125
ADC_V5=4.88525390625
ADC_V9=9.239501953125
ADC_V12=11.77947998046875
ADC_V28=26.160888671875
PG_5=0
PG_9=0
PG_12=0
FLT_P2=0
FLT_P3=0
HEAT_1_TEMP=0.0
HEAT_1_DUTY=0
HEAT_2_TEMP=0.0
HEAT_2_DUTY=0
HEAT_3_TEMP=0.0
HEAT_3_DUTY=0
HEAT_4_TEMP=0.0
HEAT_4_DUTY=0

[18:18:32.586 CUBESAT]
TS=1786202911.417
PG_5=1
PG_9=0
PG_12=0
FLT_P2=0
FLT_P3=0
HEAT_1_TEMP=0.0
HEAT_1_DUTY=30

[18:18:34.315 EBOX]
TS=1786201582.846
V_SENSE5=0.8544921875
V_SENSE9=0.0341796875
V_SENSE12=0.12939453125
ADC_V5=4.9737548828125
ADC_V9=9.38995361328125
ADC_V12=11.82373046875
ADC_V28=26.11663818359375
PG_5=0
PG_9=0
PG_12=0
FLT_P2=0
FLT_P3=0
HEAT_1_TEMP=0.0
HEAT_1_DUTY=0
HEAT_2_TEMP=0.0
HEAT_2_DUTY=30
HEAT_3_TEMP=0.0
HEAT_3_DUTY=0
HEAT_4_TEMP=0.0
HEAT_4_DUTY=0

[18:18:34.624 CUBESAT]
TS=1786202913.419
PG_5=1
PG_9=0
PG_12=0
FLT_P2=0
FLT_P3=0
HEAT_1_TEMP=0.0
HEAT_1_DUTY=0

[18:18:36.354 EBOX]
TS=1786201584.843
V_SENSE5=0.9716796875
V_SENSE9=0.0341796875
V_SENSE12=0.10986328125
ADC_V5=5.00030517578125
ADC_V9=8.8677978515625
ADC_V12=11.90338134765625
ADC_V28=26.373291015625
PG_5=0
PG_9=0
PG_12=0
FLT_P2=0
FLT_P3=0
HEAT_1_TEMP=0.0
HEAT_1_DUTY=0
HEAT_2_TEMP=0.0
HEAT_2_DUTY=0
HEAT_3_TEMP=0.0
HEAT_3_DUTY=0
HEAT_4_TEMP=0.0
HEAT_4_DUTY=30

[18:18:36.663 CUBESAT]
TS=1786202915.421
PG_5=1
PG_9=0
PG_12=0
FLT_P2=0
FLT_P3=0
HEAT_1_TEMP=0.0
HEAT_1_DUTY=0

[18:18:38.294 EBOX]
TS=1786201586.845
V_SENSE5=0.9423828125
V_SENSE9=0.0341796875
V_SENSE12=0.13916015625
ADC_V5=5.01800537109375
ADC_V9=8.9031982421875
ADC_V12=11.69097900390625
ADC_V28=27.07244873046875
PG_5=0
PG_9=0
PG_12=0
FLT_P2=0
FLT_P3=0
HEAT_1_TEMP=0.0
HEAT_1_DUTY=0
HEAT_2_TEMP=0.0
HEAT_2_DUTY=0
HEAT_3_TEMP=0.0
HEAT_3_DUTY=0
HEAT_4_TEMP=0.0
HEAT_4_DUTY=0

[18:18:38.603 CUBESAT]
TS=1786202917.423
PG_5=1
PG_9=0
PG_12=0
FLT_P2=0
FLT_P3=0
HEAT_1_TEMP=0.0
HEAT_1_DUTY=0

[18:18:40.338 EBOX]
TS=1786201588.848
V_SENSE5=0.95703125
V_SENSE9=0.0341796875
V_SENSE12=0.1171875
ADC_V5=4.89410400390625
ADC_V9=9.27490234375
ADC_V12=11.82373046875
ADC_V28=27.09014892578125
PG_5=0
PG_9=0
PG_12=0
FLT_P2=0
FLT_P3=0
HEAT_1_TEMP=0.0
HEAT_1_DUTY=0
HEAT_2_TEMP=0.0
HEAT_2_DUTY=0
HEAT_3_TEMP=0.0
HEAT_3_DUTY=0
HEAT_4_TEMP=0.0
HEAT_4_DUTY=0

[18:18:40.643 CUBESAT]
TS=1786202919.426
PG_5=1
PG_9=0
PG_12=0
FLT_P2=0
FLT_P3=0
HEAT_1_TEMP=0.0
HEAT_1_DUTY=0

[18:18:42.309 EBOX]
TS=1786201590.849
V_SENSE5=0.95458984375
V_SENSE9=0.0341796875
V_SENSE12=0.12451171875
ADC_V5=4.98260498046875
ADC_V9=9.3634033203125
ADC_V12=12.00958251953125
ADC_V28=26.1785888671875
PG_5=0
PG_9=0
PG_12=0
FLT_P2=0
FLT_P3=0
HEAT_1_TEMP=0.0
HEAT_1_DUTY=0
HEAT_2_TEMP=0.0
HEAT_2_DUTY=30
HEAT_3_TEMP=0.0
HEAT_3_DUTY=0
HEAT_4_TEMP=0.0
HEAT_4_DUTY=0

[18:18:42.615 CUBESAT]
TS=1786202921.428
PG_5=1
PG_9=0
PG_12=0
FLT_P2=0
FLT_P3=0
HEAT_1_TEMP=0.0
HEAT_1_DUTY=30

[18:18:44.349 EBOX]
TS=1786201592.855
V_SENSE5=0.8984375
V_SENSE9=0.0341796875
V_SENSE12=0.19287109375
ADC_V5=4.98260498046875
ADC_V9=9.0625
ADC_V12=11.788330078125
ADC_V28=25.81573486328125
PG_5=0
PG_9=0
PG_12=0
FLT_P2=0
FLT_P3=0
HEAT_1_TEMP=0.0
HEAT_1_DUTY=0
HEAT_2_TEMP=0.0
HEAT_2_DUTY=0
HEAT_3_TEMP=0.0
HEAT_3_DUTY=0
HEAT_4_TEMP=0.0
HEAT_4_DUTY=30

[18:18:44.654 CUBESAT]
TS=1786202923.430
PG_5=1
PG_9=0
PG_12=0
FLT_P2=0
FLT_P3=0
HEAT_1_TEMP=0.0
HEAT_1_DUTY=0

[18:18:46.303 EBOX]
TS=1786201594.852
V_SENSE5=0.93994140625
V_SENSE9=0.0390625
V_SENSE12=0.126953125
ADC_V5=4.89410400390625
ADC_V9=9.44305419921875
ADC_V12=11.90338134765625
ADC_V28=26.34674072265625
PG_5=0
PG_9=0
PG_12=0
FLT_P2=0
FLT_P3=0
HEAT_1_TEMP=0.0
HEAT_1_DUTY=0
HEAT_2_TEMP=0.0
HEAT_2_DUTY=0
HEAT_3_TEMP=0.0
HEAT_3_DUTY=0
HEAT_4_TEMP=0.0
HEAT_4_DUTY=0

[18:18:46.611 CUBESAT]
TS=1786202925.433
PG_5=1
PG_9=0
PG_12=0
FLT_P2=0
FLT_P3=0
HEAT_1_TEMP=0.0
HEAT_1_DUTY=0

[18:18:48.342 EBOX]
TS=1786201596.858
V_SENSE5=0.93505859375
V_SENSE9=0.0341796875
V_SENSE12=0.13427734375
ADC_V5=4.88525390625
ADC_V9=9.13330078125
ADC_V12=11.9122314453125
ADC_V28=26.4263916015625
PG_5=0
PG_9=0
PG_12=0
FLT_P2=0
FLT_P3=0
HEAT_1_TEMP=0.0
HEAT_1_DUTY=0
HEAT_2_TEMP=0.0
HEAT_2_DUTY=0
HEAT_3_TEMP=0.0
HEAT_3_DUTY=0
HEAT_4_TEMP=0.0
HEAT_4_DUTY=0

[18:18:48.649 CUBESAT]
TS=1786202927.435
PG_5=1
PG_9=0
PG_12=0
FLT_P2=0
FLT_P3=0
HEAT_1_TEMP=0.0
HEAT_1_DUTY=30

[18:18:50.276 EBOX]
TS=1786201598.859
V_SENSE5=0.91796875
V_SENSE9=0.0341796875
V_SENSE12=0.10986328125
ADC_V5=4.88525390625
ADC_V9=8.75274658203125
ADC_V12=11.81488037109375
ADC_V28=26.27593994140625
PG_5=0
PG_9=0
PG_12=0
FLT_P2=0
FLT_P3=0
HEAT_1_TEMP=0.0
HEAT_1_DUTY=0
HEAT_2_TEMP=0.0
HEAT_2_DUTY=30
HEAT_3_TEMP=0.0
HEAT_3_DUTY=0
HEAT_4_TEMP=0.0
HEAT_4_DUTY=0

[18:18:50.681 CUBESAT]
TS=1786202929.437
PG_5=1
PG_9=0
PG_12=0
FLT_P2=0
FLT_P3=0
HEAT_1_TEMP=0.0
HEAT_1_DUTY=0

[18:18:52.318 EBOX]
TS=1786201600.862
V_SENSE5=0.93505859375
V_SENSE9=0.0390625
V_SENSE12=0.126953125
ADC_V5=4.9560546875
ADC_V9=9.38995361328125
ADC_V12=11.82373046875
ADC_V28=26.6033935546875
PG_5=0
PG_9=0
PG_12=0
FLT_P2=0
FLT_P3=0
HEAT_1_TEMP=0.0
HEAT_1_DUTY=0
HEAT_2_TEMP=0.0
HEAT_2_DUTY=0
HEAT_3_TEMP=0.0
HEAT_3_DUTY=0
HEAT_4_TEMP=0.0
HEAT_4_DUTY=30

[18:18:52.626 CUBESAT]
TS=1786202931.439
PG_5=1
PG_9=0
PG_12=0
FLT_P2=0
FLT_P3=0
HEAT_1_TEMP=0.0
HEAT_1_DUTY=0

[18:18:54.364 EBOX]
TS=1786201602.860
V_SENSE5=0.947265625
V_SENSE9=0.03662109375
V_SENSE12=0.14404296875
ADC_V5=5.08880615234375
ADC_V9=8.7615966796875
ADC_V12=11.6644287109375
ADC_V28=26.66534423828125
PG_5=0
PG_9=0
PG_12=0
FLT_P2=0
FLT_P3=0
HEAT_1_TEMP=0.0
HEAT_1_DUTY=0
HEAT_2_TEMP=0.0
HEAT_2_DUTY=0
HEAT_3_TEMP=0.0
HEAT_3_DUTY=0
HEAT_4_TEMP=0.0
HEAT_4_DUTY=0

[18:18:54.669 CUBESAT]
TS=1786202933.441
PG_5=1
PG_9=0
PG_12=0
FLT_P2=0
FLT_P3=0
HEAT_1_TEMP=0.0
HEAT_1_DUTY=0

[18:18:56.298 EBOX]
TS=1786201604.862
V_SENSE5=0.94482421875
V_SENSE9=0.03662109375
V_SENSE12=0.146484375
ADC_V5=4.9560546875
ADC_V9=9.2926025390625
ADC_V12=11.69097900390625
ADC_V28=27.09014892578125
PG_5=0
PG_9=0
PG_12=0
FLT_P2=0
FLT_P3=0
HEAT_1_TEMP=0.0
HEAT_1_DUTY=0
HEAT_2_TEMP=0.0
HEAT_2_DUTY=0
HEAT_3_TEMP=0.0
HEAT_3_DUTY=0
HEAT_4_TEMP=0.0
HEAT_4_DUTY=0

[18:18:56.604 CUBESAT]
TS=1786202935.444
PG_5=1
PG_9=0
PG_12=0
FLT_P2=0
FLT_P3=0
HEAT_1_TEMP=0.0
HEAT_1_DUTY=0

[18:18:58.359 EBOX]
TS=1786201606.867
V_SENSE5=0.8984375
V_SENSE9=0.05615234375
V_SENSE12=0.1611328125
ADC_V5=4.96490478515625
ADC_V9=8.956298828125
ADC_V12=11.86798095703125
ADC_V28=27.17864990234375
PG_5=0
PG_9=0
PG_12=0
FLT_P2=0
FLT_P3=0
HEAT_1_TEMP=0.0
HEAT_1_DUTY=0
HEAT_2_TEMP=0.0
HEAT_2_DUTY=30
HEAT_3_TEMP=0.0
HEAT_3_DUTY=0
HEAT_4_TEMP=0.0
HEAT_4_DUTY=0

[18:18:58.664 CUBESAT]
TS=1786202937.446
PG_5=1
PG_9=0
PG_12=0
FLT_P2=0
FLT_P3=0
HEAT_1_TEMP=0.0
HEAT_1_DUTY=30

[18:19:00.306 EBOX]
TS=1786201608.866
V_SENSE5=0.9375
V_SENSE9=0.0341796875
V_SENSE12=0.10986328125
ADC_V5=4.98260498046875
ADC_V9=8.9031982421875
ADC_V12=11.58477783203125
ADC_V28=26.75384521484375
PG_5=0
PG_9=0
PG_12=0
FLT_P2=0
FLT_P3=0
HEAT_1_TEMP=0.0
HEAT_1_DUTY=0
HEAT_2_TEMP=0.0
HEAT_2_DUTY=0
HEAT_3_TEMP=0.0
HEAT_3_DUTY=0
HEAT_4_TEMP=0.0
HEAT_4_DUTY=30

[18:19:00.627 CUBESAT]
TS=1786202939.448
PG_5=1
PG_9=0
PG_12=0
FLT_P2=0
FLT_P3=0
HEAT_1_TEMP=0.0
HEAT_1_DUTY=0

[18:19:02.362 EBOX]
TS=1786201610.872
V_SENSE5=0.91552734375
V_SENSE9=0.0341796875
V_SENSE12=0.126953125
ADC_V5=4.9029541015625
ADC_V9=9.03594970703125
ADC_V12=11.4697265625
ADC_V28=27.16094970703125
PG_5=0
PG_9=0
PG_12=0
FLT_P2=0
FLT_P3=0
HEAT_1_TEMP=0.0
HEAT_1_DUTY=0
HEAT_2_TEMP=0.0
HEAT_2_DUTY=0
HEAT_3_TEMP=0.0
HEAT_3_DUTY=0
HEAT_4_TEMP=0.0
HEAT_4_DUTY=0

[18:19:02.668 CUBESAT]
TS=1786202941.450
PG_5=1
PG_9=0
PG_12=0
FLT_P2=0
FLT_P3=0
HEAT_1_TEMP=0.0
HEAT_1_DUTY=0

[18:19:04.309 EBOX]
TS=1786201612.872
V_SENSE5=0.87890625
V_SENSE9=0.0341796875
V_SENSE12=0.1123046875
ADC_V5=5.0091552734375
ADC_V9=9.1864013671875
ADC_V12=11.58477783203125
ADC_V28=26.43524169921875
PG_5=0
PG_9=0
PG_12=0
FLT_P2=0
FLT_P3=0
HEAT_1_TEMP=0.0
HEAT_1_DUTY=0
HEAT_2_TEMP=0.0
HEAT_2_DUTY=0
HEAT_3_TEMP=0.0
HEAT_3_DUTY=0
HEAT_4_TEMP=0.0
HEAT_4_DUTY=0

[18:19:04.615 CUBESAT]
TS=1786202943.452
PG_5=1
PG_9=0
PG_12=0
FLT_P2=0
FLT_P3=0
HEAT_1_TEMP=0.0
HEAT_1_DUTY=0

[18:19:06.349 EBOX]
TS=1786201614.873
V_SENSE5=0.91796875
V_SENSE9=0.0341796875
V_SENSE12=0.107421875
ADC_V5=4.94720458984375
ADC_V9=8.85009765625
ADC_V12=11.70867919921875
ADC_V28=26.52374267578125
PG_5=0
PG_9=0
PG_12=0
FLT_P2=0
FLT_P3=0
HEAT_1_TEMP=0.0
HEAT_1_DUTY=0
HEAT_2_TEMP=0.0
HEAT_2_DUTY=30
HEAT_3_TEMP=0.0
HEAT_3_DUTY=0
HEAT_4_TEMP=0.0
HEAT_4_DUTY=0

[18:19:06.658 CUBESAT]
TS=1786202945.454
PG_5=1
PG_9=0
PG_12=0
FLT_P2=0
FLT_P3=0
HEAT_1_TEMP=0.0
HEAT_1_DUTY=0

[18:19:08.389 EBOX]
TS=1786201616.874
V_SENSE5=0.9765625
V_SENSE9=0.10498046875
V_SENSE12=0.1220703125
ADC_V5=4.849853515625
ADC_V9=9.3634033203125
ADC_V12=11.74407958984375
ADC_V28=26.82464599609375
PG_5=0
PG_9=0
PG_12=0
FLT_P2=0
FLT_P3=0
HEAT_1_TEMP=0.0
HEAT_1_DUTY=0
HEAT_2_TEMP=0.0
HEAT_2_DUTY=0
HEAT_3_TEMP=0.0
HEAT_3_DUTY=0
HEAT_4_TEMP=0.0
HEAT_4_DUTY=30

[18:19:08.695 CUBESAT]
TS=1786202947.456
PG_5=1
PG_9=0
PG_12=0
FLT_P2=0
FLT_P3=0
HEAT_1_TEMP=0.0
HEAT_1_DUTY=30

[18:19:10.326 EBOX]
TS=1786201618.878
V_SENSE5=0.93505859375
V_SENSE9=0.0390625
V_SENSE12=0.15380859375
ADC_V5=4.96490478515625
ADC_V9=9.07135009765625
ADC_V12=11.60247802734375
ADC_V28=26.939697265625
PG_5=0
PG_9=0
PG_12=0
FLT_P2=0
FLT_P3=0
HEAT_1_TEMP=0.0
HEAT_1_DUTY=0
HEAT_2_TEMP=0.0
HEAT_2_DUTY=0
HEAT_3_TEMP=0.0
HEAT_3_DUTY=0
HEAT_4_TEMP=0.0
HEAT_4_DUTY=0

[18:19:10.631 CUBESAT]
TS=1786202949.458
PG_5=1
PG_9=0
PG_12=0
FLT_P2=0
FLT_P3=0
HEAT_1_TEMP=0.0
HEAT_1_DUTY=0

[18:19:12.363 EBOX]
TS=1786201620.879
V_SENSE5=0.9912109375
V_SENSE9=0.03662109375
V_SENSE12=0.13916015625
ADC_V5=4.84100341796875
ADC_V9=9.027099609375
ADC_V12=11.6290283203125
ADC_V28=27.16094970703125
PG_5=0
PG_9=0
PG_12=0
FLT_P2=0
FLT_P3=0
HEAT_1_TEMP=0.0
HEAT_1_DUTY=0
HEAT_2_TEMP=0.0
HEAT_2_DUTY=0
HEAT_3_TEMP=0.0
HEAT_3_DUTY=0
HEAT_4_TEMP=0.0
HEAT_4_DUTY=0

[18:19:12.668 CUBESAT]
TS=1786202951.461
PG_5=1
PG_9=0
PG_12=0
FLT_P2=0
FLT_P3=0
HEAT_1_TEMP=0.0
HEAT_1_DUTY=0

[18:19:14.397 EBOX]
TS=1786201622.881
V_SENSE5=0.98876953125
V_SENSE9=0.0341796875
V_SENSE12=0.1220703125
ADC_V5=4.96490478515625
ADC_V9=9.0093994140625
ADC_V12=11.54052734375
ADC_V28=27.010498046875
PG_5=0
PG_9=0
PG_12=0
FLT_P2=0
FLT_P3=0
HEAT_1_TEMP=0.0
HEAT_1_DUTY=0
HEAT_2_TEMP=0.0
HEAT_2_DUTY=30
HEAT_3_TEMP=0.0
HEAT_3_DUTY=0
HEAT_4_TEMP=0.0
HEAT_4_DUTY=0

[18:19:14.705 CUBESAT]
TS=1786202953.463
PG_5=1
PG_9=0
PG_12=0
FLT_P2=0
FLT_P3=0
HEAT_1_TEMP=0.0
HEAT_1_DUTY=30

[18:19:16.332 EBOX]
TS=1786201624.886
V_SENSE5=0.90087890625
V_SENSE9=0.0341796875
V_SENSE12=0.1416015625
ADC_V5=4.8675537109375
ADC_V9=9.5404052734375
ADC_V12=11.575927734375
ADC_V28=26.8865966796875
PG_5=0
PG_9=0
PG_12=0
FLT_P2=0
FLT_P3=0
HEAT_1_TEMP=0.0
HEAT_1_DUTY=0
HEAT_2_TEMP=0.0
HEAT_2_DUTY=0
HEAT_3_TEMP=0.0
HEAT_3_DUTY=0
HEAT_4_TEMP=0.0
HEAT_4_DUTY=30

[18:19:16.637 CUBESAT]
TS=1786202955.465
PG_5=1
PG_9=0
PG_12=0
FLT_P2=0
FLT_P3=0
HEAT_1_TEMP=0.0
HEAT_1_DUTY=0

[18:19:18.372 EBOX]
TS=1786201626.885
V_SENSE5=0.97412109375
V_SENSE9=0.0390625
V_SENSE12=0.13427734375
ADC_V5=4.9737548828125
ADC_V9=9.03594970703125
ADC_V12=11.7529296875
ADC_V28=26.727294921875
PG_5=0
PG_9=0
PG_12=0
FLT_P2=0
FLT_P3=0
HEAT_1_TEMP=0.0
HEAT_1_DUTY=0
HEAT_2_TEMP=0.0
HEAT_2_DUTY=0
HEAT_3_TEMP=0.0
HEAT_3_DUTY=0
HEAT_4_TEMP=0.0
HEAT_4_DUTY=0

[18:19:18.677 CUBESAT]
TS=1786202957.467
PG_5=1
PG_9=0
PG_12=0
FLT_P2=0
FLT_P3=0
HEAT_1_TEMP=0.0
HEAT_1_DUTY=0

[18:19:20.407 EBOX]
TS=1786201628.889
V_SENSE5=0.90576171875
V_SENSE9=0.03662109375
V_SENSE12=0.1416015625
ADC_V5=4.87640380859375
ADC_V9=9.30145263671875
ADC_V12=11.85028076171875
ADC_V28=26.5679931640625
PG_5=0
PG_9=0
PG_12=0
FLT_P2=0
FLT_P3=0
HEAT_1_TEMP=0.0
HEAT_1_DUTY=0
HEAT_2_TEMP=0.0
HEAT_2_DUTY=0
HEAT_3_TEMP=0.0
HEAT_3_DUTY=0
HEAT_4_TEMP=0.0
HEAT_4_DUTY=0

[18:19:20.714 CUBESAT]
TS=1786202959.470
PG_5=1
PG_9=0
PG_12=0
FLT_P2=0
FLT_P3=0
HEAT_1_TEMP=0.0
HEAT_1_DUTY=0

[18:19:22.348 EBOX]
TS=1786201630.890
V_SENSE5=0.8984375
V_SENSE9=0.0390625
V_SENSE12=0.1416015625
ADC_V5=4.87640380859375
ADC_V9=9.30145263671875
ADC_V12=11.575927734375
ADC_V28=26.69189453125
PG_5=0
PG_9=0
PG_12=0
FLT_P2=0
FLT_P3=0
HEAT_1_TEMP=0.0
HEAT_1_DUTY=0
HEAT_2_TEMP=0.0
HEAT_2_DUTY=30
HEAT_3_TEMP=0.0
HEAT_3_DUTY=0
HEAT_4_TEMP=0.0
HEAT_4_DUTY=0

[18:19:22.655 CUBESAT]
TS=1786202961.472
PG_5=1
PG_9=0
PG_12=0
FLT_P2=0
FLT_P3=0
HEAT_1_TEMP=0.0
HEAT_1_DUTY=0

[18:19:24.408 EBOX]
TS=1786201632.894
V_SENSE5=0.8447265625
V_SENSE9=0.03662109375
V_SENSE12=0.14404296875
ADC_V5=5.00030517578125
ADC_V9=9.01824951171875
ADC_V12=11.99188232421875
ADC_V28=27.10784912109375
PG_5=0
PG_9=0
PG_12=0
FLT_P2=0
FLT_P3=0
HEAT_1_TEMP=0.0
HEAT_1_DUTY=0
HEAT_2_TEMP=0.0
HEAT_2_DUTY=0
HEAT_3_TEMP=0.0
HEAT_3_DUTY=0
HEAT_4_TEMP=0.0
HEAT_4_DUTY=30

[18:19:24.713 CUBESAT]
TS=1786202963.474
PG_5=1
PG_9=0
PG_12=0
FLT_P2=0
FLT_P3=0
HEAT_1_TEMP=0.0
HEAT_1_DUTY=30

[18:19:26.354 EBOX]
TS=1786201634.893
V_SENSE5=1.025390625
V_SENSE9=0.0341796875
V_SENSE12=0.11474609375
ADC_V5=4.96490478515625
ADC_V9=9.19525146484375
ADC_V12=11.92108154296875
ADC_V28=26.1431884765625
PG_5=0
PG_9=0
PG_12=0
FLT_P2=0
FLT_P3=0
HEAT_1_TEMP=0.0
HEAT_1_DUTY=0
HEAT_2_TEMP=0.0
HEAT_2_DUTY=0
HEAT_3_TEMP=0.0
HEAT_3_DUTY=0
HEAT_4_TEMP=0.0
HEAT_4_DUTY=0

[18:19:26.661 CUBESAT]
TS=1786202965.475
PG_5=1
PG_9=0
PG_12=0
FLT_P2=0
FLT_P3=0
HEAT_1_TEMP=0.0
HEAT_1_DUTY=0

[18:19:28.410 EBOX]
TS=1786201636.898
V_SENSE5=0.869140625
V_SENSE9=0.03662109375
V_SENSE12=0.1318359375
ADC_V5=5.0091552734375
ADC_V9=9.30145263671875
ADC_V12=11.8768310546875
ADC_V28=26.20513916015625
PG_5=0
PG_9=0
PG_12=0
FLT_P2=0
FLT_P3=0
HEAT_1_TEMP=0.0
HEAT_1_DUTY=0
HEAT_2_TEMP=0.0
HEAT_2_DUTY=0
HEAT_3_TEMP=0.0
HEAT_3_DUTY=0
HEAT_4_TEMP=0.0
HEAT_4_DUTY=0

[18:19:28.717 CUBESAT]
TS=1786202967.477
PG_5=1
PG_9=0
PG_12=0
FLT_P2=0
FLT_P3=0
HEAT_1_TEMP=0.0
HEAT_1_DUTY=0

[18:19:30.358 EBOX]
TS=1786201638.898
V_SENSE5=0.8642578125
V_SENSE9=0.0390625
V_SENSE12=0.1416015625
ADC_V5=4.991455078125
ADC_V9=9.0802001953125
ADC_V12=11.76177978515625
ADC_V28=26.02813720703125
PG_5=0
PG_9=0
PG_12=0
FLT_P2=0
FLT_P3=0
HEAT_1_TEMP=0.0
HEAT_1_DUTY=0
HEAT_2_TEMP=0.0
HEAT_2_DUTY=30
HEAT_3_TEMP=0.0
HEAT_3_DUTY=0
HEAT_4_TEMP=0.0
HEAT_4_DUTY=0

[18:19:30.665 CUBESAT]
TS=1786202969.478
PG_5=1
PG_9=0
PG_12=0
FLT_P2=0
FLT_P3=0
HEAT_1_TEMP=0.0
HEAT_1_DUTY=0

[18:19:32.399 EBOX]
TS=1786201640.897
V_SENSE5=0.947265625
V_SENSE9=0.0341796875
V_SENSE12=0.1123046875
ADC_V5=4.9029541015625
ADC_V9=8.9739990234375
ADC_V12=11.53167724609375
ADC_V28=25.8245849609375
PG_5=0
PG_9=0
PG_12=0
FLT_P2=0
FLT_P3=0
HEAT_1_TEMP=0.0
HEAT_1_DUTY=0
HEAT_2_TEMP=0.0
HEAT_2_DUTY=0
HEAT_3_TEMP=0.0
HEAT_3_DUTY=0
HEAT_4_TEMP=0.0
HEAT_4_DUTY=30

[18:19:32.704 CUBESAT]
TS=1786202971.480
PG_5=1
PG_9=0
PG_12=0
FLT_P2=0
FLT_P3=0
HEAT_1_TEMP=0.0
HEAT_1_DUTY=0

[18:19:34.439 EBOX]
TS=1786201642.899
V_SENSE5=1.02783203125
V_SENSE9=0.0390625
V_SENSE12=0.1171875
ADC_V5=4.9029541015625
ADC_V9=9.41650390625
ADC_V12=11.69097900390625
ADC_V28=26.4263916015625
PG_5=0
PG_9=0
PG_12=0
FLT_P2=0
FLT_P3=0
HEAT_1_TEMP=0.0
HEAT_1_DUTY=0
HEAT_2_TEMP=0.0
HEAT_2_DUTY=0
HEAT_3_TEMP=0.0
HEAT_3_DUTY=0
HEAT_4_TEMP=0.0
HEAT_4_DUTY=0

[18:19:34.746 CUBESAT]
TS=1786202973.483
PG_5=1
PG_9=0
PG_12=0
FLT_P2=0
FLT_P3=0
HEAT_1_TEMP=0.0
HEAT_1_DUTY=30

[18:19:36.385 EBOX]
TS=1786201644.903
V_SENSE5=0.888671875
V_SENSE9=0.0390625
V_SENSE12=0.15380859375
ADC_V5=5.00030517578125
ADC_V9=9.19525146484375
ADC_V12=11.47857666015625
ADC_V28=26.52374267578125
PG_5=0
PG_9=0
PG_12=0
FLT_P2=0
FLT_P3=0
HEAT_1_TEMP=0.0
HEAT_1_DUTY=0
HEAT_2_TEMP=0.0
HEAT_2_DUTY=0
HEAT_3_TEMP=0.0
HEAT_3_DUTY=0
HEAT_4_TEMP=0.0
HEAT_4_DUTY=0

[18:19:36.690 CUBESAT]
TS=1786202975.485
PG_5=1
PG_9=0
PG_12=0
FLT_P2=0
FLT_P3=0
HEAT_1_TEMP=0.0
HEAT_1_DUTY=0

[18:19:38.420 EBOX]
TS=1786201646.902
V_SENSE5=0.95458984375
V_SENSE9=0.03662109375
V_SENSE12=0.1220703125
ADC_V5=4.849853515625
ADC_V9=8.9208984375
ADC_V12=11.7529296875
ADC_V28=25.92193603515625
PG_5=0
PG_9=0
PG_12=0
FLT_P2=0
FLT_P3=0
HEAT_1_TEMP=0.0
HEAT_1_DUTY=0
HEAT_2_TEMP=0.0
HEAT_2_DUTY=30
HEAT_3_TEMP=0.0
HEAT_3_DUTY=0
HEAT_4_TEMP=0.0
HEAT_4_DUTY=0

[18:19:38.725 CUBESAT]
TS=1786202977.487
PG_5=1
PG_9=0
PG_12=0
FLT_P2=0
FLT_P3=0
HEAT_1_TEMP=0.0
HEAT_1_DUTY=0

[18:19:40.356 EBOX]
TS=1786201648.908
V_SENSE5=0.89599609375
V_SENSE9=0.07568359375
V_SENSE12=0.12451171875
ADC_V5=4.991455078125
ADC_V9=9.17755126953125
ADC_V12=11.575927734375
ADC_V28=26.62994384765625
PG_5=0
PG_9=0
PG_12=0
FLT_P2=0
FLT_P3=0
HEAT_1_TEMP=0.0
HEAT_1_DUTY=0
HEAT_2_TEMP=0.0
HEAT_2_DUTY=0
HEAT_3_TEMP=0.0
HEAT_3_DUTY=0
HEAT_4_TEMP=0.0
HEAT_4_DUTY=30

[18:19:40.761 CUBESAT]
TS=1786202979.489
PG_5=1
PG_9=0
PG_12=0
FLT_P2=0
FLT_P3=0
HEAT_1_TEMP=0.0
HEAT_1_DUTY=0

[18:19:42.407 EBOX]
TS=1786201650.908
V_SENSE5=0.88134765625
V_SENSE9=0.03662109375
V_SENSE12=0.12939453125
ADC_V5=4.991455078125
ADC_V9=8.9031982421875
ADC_V12=11.68212890625
ADC_V28=26.302490234375
PG_5=0
PG_9=0
PG_12=0
FLT_P2=0
FLT_P3=0
HEAT_1_TEMP=0.0
HEAT_1_DUTY=0
HEAT_2_TEMP=0.0
HEAT_2_DUTY=0
HEAT_3_TEMP=0.0
HEAT_3_DUTY=0
HEAT_4_TEMP=0.0
HEAT_4_DUTY=0

[18:19:42.713 CUBESAT]
TS=1786202981.492
PG_5=1
PG_9=0
PG_12=0
FLT_P2=0
FLT_P3=0
HEAT_1_TEMP=0.0
HEAT_1_DUTY=0

[18:19:44.441 EBOX]
TS=1786201652.908
V_SENSE5=0.9423828125
V_SENSE9=0.01953125
V_SENSE12=0.126953125
ADC_V5=5.08880615234375
ADC_V9=9.24835205078125
ADC_V12=11.6998291015625
ADC_V28=26.798095703125
PG_5=0
PG_9=0
PG_12=0
FLT_P2=0
FLT_P3=0
HEAT_1_TEMP=0.0
HEAT_1_DUTY=0
HEAT_2_TEMP=0.0
HEAT_2_DUTY=0
HEAT_3_TEMP=0.0
HEAT_3_DUTY=0
HEAT_4_TEMP=0.0
HEAT_4_DUTY=0

[18:19:44.746 CUBESAT]
TS=1786202983.494
PG_5=1
PG_9=0
PG_12=0
FLT_P2=0
FLT_P3=0
HEAT_1_TEMP=0.0
HEAT_1_DUTY=0

[18:19:46.380 EBOX]
TS=1786201654.910
V_SENSE5=0.95458984375
V_SENSE9=0.03662109375
V_SENSE12=0.1220703125
ADC_V5=4.98260498046875
ADC_V9=9.37225341796875
ADC_V12=11.8060302734375
ADC_V28=27.081298828125
PG_5=0
PG_9=0
PG_12=0
FLT_P2=0
FLT_P3=0
HEAT_1_TEMP=0.0
HEAT_1_DUTY=0
HEAT_2_TEMP=0.0
HEAT_2_DUTY=30
HEAT_3_TEMP=0.0
HEAT_3_DUTY=0
HEAT_4_TEMP=0.0
HEAT_4_DUTY=0

[18:19:46.686 CUBESAT]
TS=1786202985.496
PG_5=1
PG_9=0
PG_12=0
FLT_P2=0
FLT_P3=0
HEAT_1_TEMP=0.0
HEAT_1_DUTY=0

[18:19:48.416 EBOX]
TS=1786201656.915
V_SENSE5=0.90087890625
V_SENSE9=0.07568359375
V_SENSE12=0.126953125
ADC_V5=4.91180419921875
ADC_V9=8.85009765625
ADC_V12=11.93878173828125
ADC_V28=26.9573974609375
PG_5=0
PG_9=0
PG_12=0
FLT_P2=0
FLT_P3=0
HEAT_1_TEMP=0.0
HEAT_1_DUTY=0
HEAT_2_TEMP=0.0
HEAT_2_DUTY=0
HEAT_3_TEMP=0.0
HEAT_3_DUTY=0
HEAT_4_TEMP=0.0
HEAT_4_DUTY=30

[18:19:48.722 CUBESAT]
TS=1786202987.497
PG_5=1
PG_9=0
PG_12=0
FLT_P2=0
FLT_P3=0
HEAT_1_TEMP=0.0
HEAT_1_DUTY=0

[18:19:50.456 EBOX]
TS=1786201658.913
V_SENSE5=0.908203125
V_SENSE9=0.0341796875
V_SENSE12=0.1123046875
ADC_V5=4.82330322265625
ADC_V9=8.89434814453125
ADC_V12=11.8414306640625
ADC_V28=26.4971923828125
PG_5=0
PG_9=0
PG_12=0
FLT_P2=0
FLT_P3=0
HEAT_1_TEMP=0.0
HEAT_1_DUTY=0
HEAT_2_TEMP=0.0
HEAT_2_DUTY=0
HEAT_3_TEMP=0.0
HEAT_3_DUTY=0
HEAT_4_TEMP=0.0
HEAT_4_DUTY=0

[18:19:50.761 CUBESAT]
TS=1786202989.499
PG_5=1
PG_9=0
PG_12=0
FLT_P2=0
FLT_P3=0
HEAT_1_TEMP=0.0
HEAT_1_DUTY=30

[18:19:52.397 EBOX]
TS=1786201660.917
V_SENSE5=0.8837890625
V_SENSE9=0.04150390625
V_SENSE12=0.13671875
ADC_V5=4.991455078125
ADC_V9=9.2218017578125
ADC_V12=11.7706298828125
ADC_V28=26.40869140625
PG_5=0
PG_9=0
PG_12=0
FLT_P2=0
FLT_P3=0
HEAT_1_TEMP=0.0
HEAT_1_DUTY=0
HEAT_2_TEMP=0.0
HEAT_2_DUTY=0
HEAT_3_TEMP=0.0
HEAT_3_DUTY=0
HEAT_4_TEMP=0.0
HEAT_4_DUTY=0

[18:19:52.703 CUBESAT]
TS=1786202991.501
PG_5=1
PG_9=0
PG_12=0
FLT_P2=0
FLT_P3=0
HEAT_1_TEMP=0.0
HEAT_1_DUTY=0

[18:19:54.437 EBOX]
TS=1786201662.918
V_SENSE5=0.9619140625
V_SENSE9=0.0390625
V_SENSE12=0.126953125
ADC_V5=4.85870361328125
ADC_V9=9.2218017578125
ADC_V12=11.86798095703125
ADC_V28=26.47064208984375
PG_5=0
PG_9=0
PG_12=0
FLT_P2=0
FLT_P3=0
HEAT_1_TEMP=0.0
HEAT_1_DUTY=0
HEAT_2_TEMP=0.0
HEAT_2_DUTY=30
HEAT_3_TEMP=0.0
HEAT_3_DUTY=0
HEAT_4_TEMP=0.0
HEAT_4_DUTY=0

[18:19:54.742 CUBESAT]
TS=1786202993.503
PG_5=1
PG_9=0
PG_12=0
FLT_P2=0
FLT_P3=0
HEAT_1_TEMP=0.0
HEAT_1_DUTY=0

[18:19:56.373 EBOX]
TS=1786201664.920
V_SENSE5=0.95458984375
V_SENSE9=0.03662109375
V_SENSE12=0.13671875
ADC_V5=4.9737548828125
ADC_V9=9.24835205078125
ADC_V12=11.95648193359375
ADC_V28=26.91314697265625
PG_5=0
PG_9=0
PG_12=0
FLT_P2=0
FLT_P3=0
HEAT_1_TEMP=0.0
HEAT_1_DUTY=0
HEAT_2_TEMP=0.0
HEAT_2_DUTY=0
HEAT_3_TEMP=0.0
HEAT_3_DUTY=0
HEAT_4_TEMP=0.0
HEAT_4_DUTY=30

[18:19:56.779 CUBESAT]
TS=1786202995.504
PG_5=1
PG_9=0
PG_12=0
FLT_P2=0
FLT_P3=0
HEAT_1_TEMP=0.0
HEAT_1_DUTY=0

[18:19:58.409 EBOX]
TS=1786201666.923
V_SENSE5=0.9130859375
V_SENSE9=0.0390625
V_SENSE12=0.1318359375
ADC_V5=4.8321533203125
ADC_V9=9.3988037109375
ADC_V12=11.611328125
ADC_V28=25.86883544921875
PG_5=0
PG_9=0
PG_12=0
FLT_P2=0
FLT_P3=0
HEAT_1_TEMP=0.0
HEAT_1_DUTY=0
HEAT_2_TEMP=0.0
HEAT_2_DUTY=0
HEAT_3_TEMP=0.0
HEAT_3_DUTY=0
HEAT_4_TEMP=0.0
HEAT_4_DUTY=0

[18:19:58.715 CUBESAT]
TS=1786202997.506
PG_5=1
PG_9=0
PG_12=0
FLT_P2=0
FLT_P3=0
HEAT_1_TEMP=0.0
HEAT_1_DUTY=0

[18:20:00.444 EBOX]
TS=1786201668.925
V_SENSE5=0.85693359375
V_SENSE9=0.0341796875
V_SENSE12=0.15380859375
ADC_V5=4.9383544921875
ADC_V9=9.01824951171875
ADC_V12=11.76177978515625
ADC_V28=25.9661865234375
PG_5=0
PG_9=0
PG_12=0
FLT_P2=0
FLT_P3=0
HEAT_1_TEMP=0.0
HEAT_1_DUTY=0
HEAT_2_TEMP=0.0
HEAT_2_DUTY=0
HEAT_3_TEMP=0.0
HEAT_3_DUTY=0
HEAT_4_TEMP=0.0
HEAT_4_DUTY=0

[18:20:00.749 CUBESAT]
TS=1786202999.508
PG_5=1
PG_9=0
PG_12=0
FLT_P2=0
FLT_P3=0
HEAT_1_TEMP=0.0
HEAT_1_DUTY=30

[18:20:02.390 EBOX]
TS=1786201670.925
V_SENSE5=0.88623046875
V_SENSE9=0.0341796875
V_SENSE12=0.126953125
ADC_V5=4.991455078125
ADC_V9=9.10675048828125
ADC_V12=11.9122314453125
ADC_V28=26.7626953125
PG_5=0
PG_9=0
PG_12=0
FLT_P2=0
FLT_P3=0
HEAT_1_TEMP=0.0
HEAT_1_DUTY=0
HEAT_2_TEMP=0.0
HEAT_2_DUTY=30
HEAT_3_TEMP=0.0
HEAT_3_DUTY=0
HEAT_4_TEMP=0.0
HEAT_4_DUTY=0

[18:20:02.796 CUBESAT]
TS=1786203001.510
PG_5=1
PG_9=0
PG_12=0
FLT_P2=0
FLT_P3=0
HEAT_1_TEMP=0.0
HEAT_1_DUTY=0

[18:20:04.428 EBOX]
TS=1786201672.925
V_SENSE5=0.9326171875
V_SENSE9=0.0341796875
V_SENSE12=0.13427734375
ADC_V5=4.9383544921875
ADC_V9=9.451904296875
ADC_V12=11.72637939453125
ADC_V28=26.727294921875
PG_5=0
PG_9=0
PG_12=0
FLT_P2=0
FLT_P3=0
HEAT_1_TEMP=0.0
HEAT_1_DUTY=0
HEAT_2_TEMP=0.0
HEAT_2_DUTY=0
HEAT_3_TEMP=0.0
HEAT_3_DUTY=0
HEAT_4_TEMP=0.0
HEAT_4_DUTY=30

[18:20:04.734 CUBESAT]
TS=1786203003.513
PG_5=1
PG_9=0
PG_12=0
FLT_P2=0
FLT_P3=0
HEAT_1_TEMP=0.0
HEAT_1_DUTY=0

[18:20:06.473 EBOX]
TS=1786201674.928
V_SENSE5=0.93505859375
V_SENSE9=0.03662109375
V_SENSE12=0.11962890625
ADC_V5=4.8321533203125
ADC_V9=9.21295166015625
ADC_V12=11.95648193359375
ADC_V28=26.13433837890625
PG_5=0
PG_9=0
PG_12=0
FLT_P2=0
FLT_P3=0
HEAT_1_TEMP=0.0
HEAT_1_DUTY=0
HEAT_2_TEMP=0.0
HEAT_2_DUTY=0
HEAT_3_TEMP=0.0
HEAT_3_DUTY=0
HEAT_4_TEMP=0.0
HEAT_4_DUTY=0

[18:20:06.779 CUBESAT]
TS=1786203005.515
PG_5=1
PG_9=0
PG_12=0
FLT_P2=0
FLT_P3=0
HEAT_1_TEMP=0.0
HEAT_1_DUTY=0

[18:20:08.408 EBOX]
TS=1786201676.929
V_SENSE5=0.9130859375
V_SENSE9=0.0341796875
V_SENSE12=0.13427734375
ADC_V5=4.9029541015625
ADC_V9=8.8677978515625
ADC_V12=11.72637939453125
ADC_V28=26.7803955078125
PG_5=0
PG_9=0
PG_12=0
FLT_P2=0
FLT_P3=0
HEAT_1_TEMP=0.0
HEAT_1_DUTY=0
HEAT_2_TEMP=0.0
HEAT_2_DUTY=0
HEAT_3_TEMP=0.0
HEAT_3_DUTY=0
HEAT_4_TEMP=0.0
HEAT_4_DUTY=0

[18:20:08.713 CUBESAT]
TS=1786203007.517
PG_5=1
PG_9=0
PG_12=0
FLT_P2=0
FLT_P3=0
HEAT_1_TEMP=0.0
HEAT_1_DUTY=0

[18:20:10.445 EBOX]
TS=1786201678.931
V_SENSE5=0.9423828125
V_SENSE9=0.0390625
V_SENSE12=0.13916015625
ADC_V5=4.91180419921875
ADC_V9=9.24835205078125
ADC_V12=11.611328125
ADC_V28=26.24053955078125
PG_5=0
PG_9=0
PG_12=0
FLT_P2=0
FLT_P3=0
HEAT_1_TEMP=0.0
HEAT_1_DUTY=0
HEAT_2_TEMP=0.0
HEAT_2_DUTY=30
HEAT_3_TEMP=0.0
HEAT_3_DUTY=0
HEAT_4_TEMP=0.0
HEAT_4_DUTY=0

[18:20:10.749 CUBESAT]
TS=1786203009.519
PG_5=1
PG_9=0
PG_12=0
FLT_P2=0
FLT_P3=0
HEAT_1_TEMP=0.0
HEAT_1_DUTY=30

[18:20:12.480 EBOX]
TS=1786201680.935
V_SENSE5=0.91552734375
V_SENSE9=0.03662109375
V_SENSE12=0.1416015625
ADC_V5=4.98260498046875
ADC_V9=9.07135009765625
ADC_V12=11.8060302734375
ADC_V28=26.93084716796875
PG_5=0
PG_9=0
PG_12=0
FLT_P2=0
FLT_P3=0
HEAT_1_TEMP=0.0
HEAT_1_DUTY=0
HEAT_2_TEMP=0.0
HEAT_2_DUTY=0
HEAT_3_TEMP=0.0
HEAT_3_DUTY=0
HEAT_4_TEMP=0.0
HEAT_4_DUTY=30

[18:20:12.786 CUBESAT]
TS=1786203011.522
PG_5=1
PG_9=0
PG_12=0
FLT_P2=0
FLT_P3=0
HEAT_1_TEMP=0.0
HEAT_1_DUTY=0

[18:20:14.422 EBOX]
TS=1786201682.935
V_SENSE5=0.92529296875
V_SENSE9=0.0341796875
V_SENSE12=0.1318359375
ADC_V5=4.9383544921875
ADC_V9=9.10675048828125
ADC_V12=11.82373046875
ADC_V28=26.91314697265625
PG_5=0
PG_9=0
PG_12=0
FLT_P2=0
FLT_P3=0
HEAT_1_TEMP=0.0
HEAT_1_DUTY=0
HEAT_2_TEMP=0.0
HEAT_2_DUTY=0
HEAT_3_TEMP=0.0
HEAT_3_DUTY=0
HEAT_4_TEMP=0.0
HEAT_4_DUTY=0

[18:20:14.729 CUBESAT]
TS=1786203013.524
PG_5=1
PG_9=0
PG_12=0
FLT_P2=0
FLT_P3=0
HEAT_1_TEMP=0.0
HEAT_1_DUTY=0

[18:20:16.459 EBOX]
TS=1786201684.938
V_SENSE5=0.93505859375
V_SENSE9=0.03662109375
V_SENSE12=0.14404296875
ADC_V5=4.991455078125
ADC_V9=9.345703125
ADC_V12=12.02728271484375
ADC_V28=26.3555908203125
PG_5=0
PG_9=0
PG_12=0
FLT_P2=0
FLT_P3=0
HEAT_1_TEMP=0.0
HEAT_1_DUTY=0
HEAT_2_TEMP=0.0
HEAT_2_DUTY=0
HEAT_3_TEMP=0.0
HEAT_3_DUTY=0
HEAT_4_TEMP=0.0
HEAT_4_DUTY=0

[18:20:16.767 CUBESAT]
TS=1786203015.526
PG_5=1
PG_9=0
PG_12=0
FLT_P2=0
FLT_P3=0
HEAT_1_TEMP=0.0
HEAT_1_DUTY=30

[18:20:18.494 EBOX]
TS=1786201686.942
V_SENSE5=0.90576171875
V_SENSE9=0.04638671875
V_SENSE12=0.11474609375
ADC_V5=5.00030517578125
ADC_V9=9.0625
ADC_V12=11.646728515625
ADC_V28=25.90423583984375
PG_5=0
PG_9=0
PG_12=0
FLT_P2=0
FLT_P3=0
HEAT_1_TEMP=0.0
HEAT_1_DUTY=0
HEAT_2_TEMP=0.0
HEAT_2_DUTY=30
HEAT_3_TEMP=0.0
HEAT_3_DUTY=0
HEAT_4_TEMP=0.0
HEAT_4_DUTY=0

[18:20:18.798 CUBESAT]
TS=1786203017.528
PG_5=1
PG_9=0
PG_12=0
FLT_P2=0
FLT_P3=0
HEAT_1_TEMP=0.0
HEAT_1_DUTY=0

[18:20:20.427 EBOX]
TS=1786201688.944
V_SENSE5=0.9326171875
V_SENSE9=0.04638671875
V_SENSE12=0.10986328125
ADC_V5=4.85870361328125
ADC_V9=8.9208984375
ADC_V12=11.96533203125
ADC_V28=27.07244873046875
PG_5=0
PG_9=0
PG_12=0
FLT_P2=0
FLT_P3=0
HEAT_1_TEMP=0.0
HEAT_1_DUTY=0
HEAT_2_TEMP=0.0
HEAT_2_DUTY=0
HEAT_3_TEMP=0.0
HEAT_3_DUTY=0
HEAT_4_TEMP=0.0
HEAT_4_DUTY=30

[18:20:20.733 CUBESAT]
TS=1786203019.531
PG_5=1
PG_9=0
PG_12=0
FLT_P2=0
FLT_P3=0
HEAT_1_TEMP=0.0
HEAT_1_DUTY=0

[18:20:22.467 EBOX]
TS=1786201690.943
V_SENSE5=0.96923828125
V_SENSE9=0.03662109375
V_SENSE12=0.1318359375
ADC_V5=4.92950439453125
ADC_V9=9.2926025390625
ADC_V12=11.8414306640625
ADC_V28=26.1962890625
PG_5=0
PG_9=0
PG_12=0
FLT_P2=0
FLT_P3=0
HEAT_1_TEMP=0.0
HEAT_1_DUTY=0
HEAT_2_TEMP=0.0
HEAT_2_DUTY=0
HEAT_3_TEMP=0.0
HEAT_3_DUTY=0
HEAT_4_TEMP=0.0
HEAT_4_DUTY=0

[18:20:22.771 CUBESAT]
TS=1786203021.533
PG_5=1
PG_9=0
PG_12=0
FLT_P2=0
FLT_P3=0
HEAT_1_TEMP=0.0
HEAT_1_DUTY=0

[18:20:24.501 EBOX]
TS=1786201692.947
V_SENSE5=0.8642578125
V_SENSE9=0.03662109375
V_SENSE12=0.12939453125
ADC_V5=4.991455078125
ADC_V9=9.00054931640625
ADC_V12=11.6998291015625
ADC_V28=27.1875
PG_5=0
PG_9=0
PG_12=0
FLT_P2=0
FLT_P3=0
HEAT_1_TEMP=0.0
HEAT_1_DUTY=0
HEAT_2_TEMP=0.0
HEAT_2_DUTY=0
HEAT_3_TEMP=0.0
HEAT_3_DUTY=0
HEAT_4_TEMP=0.0
HEAT_4_DUTY=0

[18:20:24.806 CUBESAT]
TS=1786203023.534
PG_5=1
PG_9=0
PG_12=0
FLT_P2=0
FLT_P3=0
HEAT_1_TEMP=0.0
HEAT_1_DUTY=0

[18:20:26.432 EBOX]
TS=1786201694.947
V_SENSE5=0.9521484375
V_SENSE9=0.0390625
V_SENSE12=0.1171875
ADC_V5=4.920654296875
ADC_V9=9.239501953125
ADC_V12=11.99188232421875
ADC_V28=26.29364013671875
PG_5=0
PG_9=0
PG_12=0
FLT_P2=0
FLT_P3=0
HEAT_1_TEMP=0.0
HEAT_1_DUTY=0
HEAT_2_TEMP=0.0
HEAT_2_DUTY=30
HEAT_3_TEMP=0.0
HEAT_3_DUTY=0
HEAT_4_TEMP=0.0
HEAT_4_DUTY=0

[18:20:26.838 CUBESAT]
TS=1786203025.535
PG_5=1
PG_9=0
PG_12=0
FLT_P2=0
FLT_P3=0
HEAT_1_TEMP=0.0
HEAT_1_DUTY=30

[18:20:28.464 EBOX]
TS=1786201696.952
V_SENSE5=0.8740234375
V_SENSE9=0.03662109375
V_SENSE12=0.10986328125
ADC_V5=4.991455078125
ADC_V9=8.91204833984375
ADC_V12=11.85028076171875
ADC_V28=26.16973876953125
PG_5=0
PG_9=0
PG_12=0
FLT_P2=0
FLT_P3=0
HEAT_1_TEMP=0.0
HEAT_1_DUTY=0
HEAT_2_TEMP=0.0
HEAT_2_DUTY=0
HEAT_3_TEMP=0.0
HEAT_3_DUTY=0
HEAT_4_TEMP=0.0
HEAT_4_DUTY=30

[18:20:28.769 CUBESAT]
TS=1786203027.537
PG_5=1
PG_9=0
PG_12=0
FLT_P2=0
FLT_P3=0
HEAT_1_TEMP=0.0
HEAT_1_DUTY=0

[18:20:30.499 EBOX]
TS=1786201698.952
V_SENSE5=0.96435546875
V_SENSE9=0.0390625
V_SENSE12=0.146484375
ADC_V5=4.9029541015625
ADC_V9=9.42535400390625
ADC_V12=11.79718017578125
ADC_V28=26.9219970703125
PG_5=0
PG_9=0
PG_12=0
FLT_P2=0
FLT_P3=0
HEAT_1_TEMP=0.0
HEAT_1_DUTY=0
HEAT_2_TEMP=0.0
HEAT_2_DUTY=0
HEAT_3_TEMP=0.0
HEAT_3_DUTY=0
HEAT_4_TEMP=0.0
HEAT_4_DUTY=0

[18:20:30.805 CUBESAT]
TS=1786203029.540
PG_5=1
PG_9=0
PG_12=0
FLT_P2=0
FLT_P3=0
HEAT_1_TEMP=0.0
HEAT_1_DUTY=0

[18:20:32.437 EBOX]
TS=1786201700.956
V_SENSE5=0.8984375
V_SENSE9=0.0390625
V_SENSE12=0.14892578125
ADC_V5=4.89410400390625
ADC_V9=9.27490234375
ADC_V12=11.51397705078125
ADC_V28=26.8157958984375
PG_5=0
PG_9=0
PG_12=0
FLT_P2=0
FLT_P3=0
HEAT_1_TEMP=0.0
HEAT_1_DUTY=0
HEAT_2_TEMP=0.0
HEAT_2_DUTY=0
HEAT_3_TEMP=0.0
HEAT_3_DUTY=0
HEAT_4_TEMP=0.0
HEAT_4_DUTY=0

[18:20:32.843 CUBESAT]
TS=1786203031.540
PG_5=1
PG_9=0
PG_12=0
FLT_P2=0
FLT_P3=0
HEAT_1_TEMP=0.0
HEAT_1_DUTY=0

[18:20:34.487 EBOX]
TS=1786201702.956
V_SENSE5=0.95458984375
V_SENSE9=0.0341796875
V_SENSE12=0.1171875
ADC_V5=4.9560546875
ADC_V9=8.92974853515625
ADC_V12=11.8060302734375
ADC_V28=26.50604248046875
PG_5=0
PG_9=0
PG_12=0
FLT_P2=0
FLT_P3=0
HEAT_1_TEMP=0.0
HEAT_1_DUTY=0
HEAT_2_TEMP=0.0
HEAT_2_DUTY=30
HEAT_3_TEMP=0.0
HEAT_3_DUTY=0
HEAT_4_TEMP=0.0
HEAT_4_DUTY=0

[18:20:34.794 CUBESAT]
TS=1786203033.543
PG_5=1
PG_9=0
PG_12=0
FLT_P2=0
FLT_P3=0
HEAT_1_TEMP=0.0
HEAT_1_DUTY=0

[18:20:36.530 EBOX]
TS=1786201704.962
V_SENSE5=0.8984375
V_SENSE9=0.03662109375
V_SENSE12=0.11962890625
ADC_V5=4.89410400390625
ADC_V9=9.097900390625
ADC_V12=11.85028076171875
ADC_V28=26.77154541015625
PG_5=0
PG_9=0
PG_12=0
FLT_P2=0
FLT_P3=0
HEAT_1_TEMP=0.0
HEAT_1_DUTY=0
HEAT_2_TEMP=0.0
HEAT_2_DUTY=0
HEAT_3_TEMP=0.0
HEAT_3_DUTY=0
HEAT_4_TEMP=0.0
HEAT_4_DUTY=30

[18:20:36.836 CUBESAT]
TS=1786203035.544
PG_5=1
PG_9=0
PG_12=0
FLT_P2=0
FLT_P3=0
HEAT_1_TEMP=0.0
HEAT_1_DUTY=30

[18:20:38.488 EBOX]
TS=1786201706.961
V_SENSE5=0.9375
V_SENSE9=0.03662109375
V_SENSE12=0.13427734375
ADC_V5=4.991455078125
ADC_V9=8.96514892578125
ADC_V12=11.89453125
ADC_V28=26.31134033203125
PG_5=0
PG_9=0
PG_12=0
FLT_P2=0
FLT_P3=0
HEAT_1_TEMP=0.0
HEAT_1_DUTY=0
HEAT_2_TEMP=0.0
HEAT_2_DUTY=0
HEAT_3_TEMP=0.0
HEAT_3_DUTY=0
HEAT_4_TEMP=0.0
HEAT_4_DUTY=0

[18:20:38.794 CUBESAT]
TS=1786203037.546
PG_5=1
PG_9=0
PG_12=0
FLT_P2=0
FLT_P3=0
HEAT_1_TEMP=0.0
HEAT_1_DUTY=0

[18:20:40.523 EBOX]
TS=1786201708.965
V_SENSE5=0.87890625
V_SENSE9=0.0390625
V_SENSE12=0.1513671875
ADC_V5=4.9560546875
ADC_V9=9.2041015625
ADC_V12=11.859130859375
ADC_V28=26.16973876953125
PG_5=0
PG_9=0
PG_12=0
FLT_P2=0
FLT_P3=0
HEAT_1_TEMP=0.0
HEAT_1_DUTY=0
HEAT_2_TEMP=0.0
HEAT_2_DUTY=0
HEAT_3_TEMP=0.0
HEAT_3_DUTY=0
HEAT_4_TEMP=0.0
HEAT_4_DUTY=0

[18:20:40.828 CUBESAT]
TS=1786203039.548
PG_5=1
PG_9=0
PG_12=0
FLT_P2=0
FLT_P3=0
HEAT_1_TEMP=0.0
HEAT_1_DUTY=0

[18:20:42.460 EBOX]
TS=1786201710.965
V_SENSE5=0.9521484375
V_SENSE9=0.0390625
V_SENSE12=0.11962890625
ADC_V5=5.0091552734375
ADC_V9=9.239501953125
ADC_V12=11.76177978515625
ADC_V28=26.96624755859375
PG_5=0
PG_9=0
PG_12=0
FLT_P2=0
FLT_P3=0
HEAT_1_TEMP=0.0
HEAT_1_DUTY=0
HEAT_2_TEMP=0.0
HEAT_2_DUTY=30
HEAT_3_TEMP=0.0
HEAT_3_DUTY=0
HEAT_4_TEMP=0.0
HEAT_4_DUTY=0

[18:20:42.766 CUBESAT]
TS=1786203041.550
PG_5=1
PG_9=0
PG_12=0
FLT_P2=0
FLT_P3=0
HEAT_1_TEMP=0.0
HEAT_1_DUTY=30

[18:20:44.522 EBOX]
TS=1786201712.969
V_SENSE5=0.88623046875
V_SENSE9=0.0341796875
V_SENSE12=0.107421875
ADC_V5=4.91180419921875
ADC_V9=9.1156005859375
ADC_V12=11.4874267578125
ADC_V28=26.41754150390625
PG_5=0
PG_9=0
PG_12=0
FLT_P2=0
FLT_P3=0
HEAT_1_TEMP=0.0
HEAT_1_DUTY=0
HEAT_2_TEMP=0.0
HEAT_2_DUTY=0
HEAT_3_TEMP=0.0
HEAT_3_DUTY=0
HEAT_4_TEMP=0.0
HEAT_4_DUTY=30

[18:20:44.828 CUBESAT]
TS=1786203043.553
PG_5=1
PG_9=0
PG_12=0
FLT_P2=0
FLT_P3=0
HEAT_1_TEMP=0.0
HEAT_1_DUTY=0

[18:20:46.471 EBOX]
TS=1786201714.969
V_SENSE5=0.95947265625
V_SENSE9=0.03173828125
V_SENSE12=0.1171875
ADC_V5=5.01800537109375
ADC_V9=9.381103515625
ADC_V12=11.82373046875
ADC_V28=26.94854736328125
PG_5=0
PG_9=0
PG_12=0
FLT_P2=0
FLT_P3=0
HEAT_1_TEMP=0.0
HEAT_1_DUTY=0
HEAT_2_TEMP=0.0
HEAT_2_DUTY=0
HEAT_3_TEMP=0.0
HEAT_3_DUTY=0
HEAT_4_TEMP=0.0
HEAT_4_DUTY=0

[18:20:46.776 CUBESAT]
TS=1786203045.555
PG_5=1
PG_9=0
PG_12=0
FLT_P2=0
FLT_P3=0
HEAT_1_TEMP=0.0
HEAT_1_DUTY=0

[18:20:48.524 EBOX]
TS=1786201716.970
V_SENSE5=0.93994140625
V_SENSE9=0.03662109375
V_SENSE12=0.1416015625
ADC_V5=4.94720458984375
ADC_V9=9.12445068359375
ADC_V12=11.89453125
ADC_V28=26.8511962890625
PG_5=0
PG_9=0
PG_12=0
FLT_P2=0
FLT_P3=0
HEAT_1_TEMP=0.0
HEAT_1_DUTY=0
HEAT_2_TEMP=0.0
HEAT_2_DUTY=0
HEAT_3_TEMP=0.0
HEAT_3_DUTY=0
HEAT_4_TEMP=0.0
HEAT_4_DUTY=0

[18:20:48.830 CUBESAT]
TS=1786203047.557
PG_5=1
PG_9=0
PG_12=0
FLT_P2=0
FLT_P3=0
HEAT_1_TEMP=0.0
HEAT_1_DUTY=0

[18:20:50.460 EBOX]
TS=1786201718.975
V_SENSE5=0.927734375
V_SENSE9=0.03662109375
V_SENSE12=0.12451171875
ADC_V5=5.0091552734375
ADC_V9=9.239501953125
ADC_V12=11.788330078125
ADC_V28=26.93084716796875
PG_5=0
PG_9=0
PG_12=0
FLT_P2=0
FLT_P3=0
HEAT_1_TEMP=0.0
HEAT_1_DUTY=0
HEAT_2_TEMP=0.0
HEAT_2_DUTY=30
HEAT_3_TEMP=0.0
HEAT_3_DUTY=0
HEAT_4_TEMP=0.0
HEAT_4_DUTY=0

[18:20:50.868 CUBESAT]
TS=1786203049.557
PG_5=1
PG_9=0
PG_12=0
FLT_P2=0
FLT_P3=0
HEAT_1_TEMP=0.0
HEAT_1_DUTY=0

[18:20:52.499 EBOX]
TS=1786201720.974
V_SENSE5=0.95947265625
V_SENSE9=0.03662109375
V_SENSE12=0.15380859375
ADC_V5=4.9383544921875
ADC_V9=9.24835205078125
ADC_V12=11.717529296875
ADC_V28=26.87774658203125
PG_5=0
PG_9=0
PG_12=0
FLT_P2=0
FLT_P3=0
HEAT_1_TEMP=0.0
HEAT_1_DUTY=0
HEAT_2_TEMP=0.0
HEAT_2_DUTY=0
HEAT_3_TEMP=0.0
HEAT_3_DUTY=0
HEAT_4_TEMP=0.0
HEAT_4_DUTY=30

[18:20:52.804 CUBESAT]
TS=1786203051.559
PG_5=1
PG_9=0
PG_12=0
FLT_P2=0
FLT_P3=0
HEAT_1_TEMP=0.0
HEAT_1_DUTY=30

[18:20:54.542 EBOX]
TS=1786201722.981
V_SENSE5=0.90576171875
V_SENSE9=0.0341796875
V_SENSE12=0.11962890625
ADC_V5=4.98260498046875
ADC_V9=9.0093994140625
ADC_V12=11.65557861328125
ADC_V28=26.93084716796875
PG_5=0
PG_9=0
PG_12=0
FLT_P2=0
FLT_P3=0
HEAT_1_TEMP=0.0
HEAT_1_DUTY=0
HEAT_2_TEMP=0.0
HEAT_2_DUTY=0
HEAT_3_TEMP=0.0
HEAT_3_DUTY=0
HEAT_4_TEMP=0.0
HEAT_4_DUTY=0

[18:20:54.849 CUBESAT]
TS=1786203053.561
PG_5=1
PG_9=0
PG_12=0
FLT_P2=0
FLT_P3=0
HEAT_1_TEMP=0.0
HEAT_1_DUTY=0

[18:20:56.484 EBOX]
TS=1786201724.979
V_SENSE5=0.93994140625
V_SENSE9=0.03662109375
V_SENSE12=0.1220703125
ADC_V5=4.9560546875
ADC_V9=9.2218017578125
ADC_V12=11.89453125
ADC_V28=26.727294921875
PG_5=0
PG_9=0
PG_12=0
FLT_P2=0
FLT_P3=0
HEAT_1_TEMP=0.0
HEAT_1_DUTY=0
HEAT_2_TEMP=0.0
HEAT_2_DUTY=0
HEAT_3_TEMP=0.0
HEAT_3_DUTY=0
HEAT_4_TEMP=0.0
HEAT_4_DUTY=0

[18:20:56.790 CUBESAT]
TS=1786203055.562
PG_5=1
PG_9=0
PG_12=0
FLT_P2=0
FLT_P3=0
HEAT_1_TEMP=0.0
HEAT_1_DUTY=0

[18:20:58.521 EBOX]
TS=1786201726.984
V_SENSE5=0.8740234375
V_SENSE9=0.0390625
V_SENSE12=0.12939453125
ADC_V5=5.0091552734375
ADC_V9=9.12445068359375
ADC_V12=11.76177978515625
ADC_V28=26.0546875
PG_5=0
PG_9=0
PG_12=0
FLT_P2=0
FLT_P3=0
HEAT_1_TEMP=0.0
HEAT_1_DUTY=0
HEAT_2_TEMP=0.0
HEAT_2_DUTY=30
HEAT_3_TEMP=0.0
HEAT_3_DUTY=0
HEAT_4_TEMP=0.0
HEAT_4_DUTY=0

[18:20:58.826 CUBESAT]
TS=1786203057.564
PG_5=1
PG_9=0
PG_12=0
FLT_P2=0
FLT_P3=0
HEAT_1_TEMP=0.0
HEAT_1_DUTY=0

[18:21:00.557 EBOX]
TS=1786201728.985
V_SENSE5=0.9033203125
V_SENSE9=0.0390625
V_SENSE12=0.107421875
ADC_V5=4.9029541015625
ADC_V9=8.78814697265625
ADC_V12=11.788330078125
ADC_V28=27.17864990234375
PG_5=0
PG_9=0
PG_12=0
FLT_P2=0
FLT_P3=0
HEAT_1_TEMP=0.0
HEAT_1_DUTY=0
HEAT_2_TEMP=0.0
HEAT_2_DUTY=0
HEAT_3_TEMP=0.0
HEAT_3_DUTY=0
HEAT_4_TEMP=0.0
HEAT_4_DUTY=30

[18:21:00.862 CUBESAT]
TS=1786203059.565
PG_5=1
PG_9=0
PG_12=0
FLT_P2=0
FLT_P3=0
HEAT_1_TEMP=0.0
HEAT_1_DUTY=0

[18:21:02.499 EBOX]
TS=1786201730.987
V_SENSE5=0.90087890625
V_SENSE9=0.0390625
V_SENSE12=0.1171875
ADC_V5=4.920654296875
ADC_V9=9.21295166015625
ADC_V12=11.9476318359375
ADC_V28=26.71844482421875
PG_5=0
PG_9=0
PG_12=0
FLT_P2=0
FLT_P3=0
HEAT_1_TEMP=0.0
HEAT_1_DUTY=0
HEAT_2_TEMP=0.0
HEAT_2_DUTY=0
HEAT_3_TEMP=0.0
HEAT_3_DUTY=0
HEAT_4_TEMP=0.0
HEAT_4_DUTY=0

[18:21:02.805 CUBESAT]
TS=1786203061.567
PG_5=1
PG_9=0
PG_12=0
FLT_P2=0
FLT_P3=0
HEAT_1_TEMP=0.0
HEAT_1_DUTY=30

[18:21:04.535 EBOX]
TS=1786201732.987
V_SENSE5=0.93994140625
V_SENSE9=0.0341796875
V_SENSE12=0.126953125
ADC_V5=4.991455078125
ADC_V9=9.3280029296875
ADC_V12=11.90338134765625
ADC_V28=26.6387939453125
PG_5=0
PG_9=0
PG_12=0
FLT_P2=0
FLT_P3=0
HEAT_1_TEMP=0.0
HEAT_1_DUTY=0
HEAT_2_TEMP=0.0
HEAT_2_DUTY=0
HEAT_3_TEMP=0.0
HEAT_3_DUTY=0
HEAT_4_TEMP=0.0
HEAT_4_DUTY=0

[18:21:04.841 CUBESAT]
TS=1786203063.569
PG_5=1
PG_9=0
PG_12=0
FLT_P2=0
FLT_P3=0
HEAT_1_TEMP=0.0
HEAT_1_DUTY=0

[18:21:06.482 EBOX]
TS=1786201734.989
V_SENSE5=1.00341796875
V_SENSE9=0.0341796875
V_SENSE12=0.126953125
ADC_V5=5.00030517578125
ADC_V9=9.12445068359375
ADC_V12=11.81488037109375
ADC_V28=26.868896484375
PG_5=0
PG_9=0
PG_12=0
FLT_P2=0
FLT_P3=0
HEAT_1_TEMP=0.0
HEAT_1_DUTY=0
HEAT_2_TEMP=0.0
HEAT_2_DUTY=30
HEAT_3_TEMP=0.0
HEAT_3_DUTY=0
HEAT_4_TEMP=0.0
HEAT_4_DUTY=0

[18:21:06.889 CUBESAT]
TS=1786203065.570
PG_5=1
PG_9=0
PG_12=0
FLT_P2=0
FLT_P3=0
HEAT_1_TEMP=0.0
HEAT_1_DUTY=0

[18:21:08.518 EBOX]
TS=1786201736.994
V_SENSE5=0.8837890625
V_SENSE9=0.07568359375
V_SENSE12=0.13671875
ADC_V5=4.98260498046875
ADC_V9=9.0802001953125
ADC_V12=11.929931640625
ADC_V28=26.9219970703125
PG_5=0
PG_9=0
PG_12=0
FLT_P2=0
FLT_P3=0
HEAT_1_TEMP=0.0
HEAT_1_DUTY=0
HEAT_2_TEMP=0.0
HEAT_2_DUTY=0
HEAT_3_TEMP=0.0
HEAT_3_DUTY=0
HEAT_4_TEMP=0.0
HEAT_4_DUTY=30

[18:21:08.823 CUBESAT]
TS=1786203067.573
PG_5=1
PG_9=0
PG_12=0
FLT_P2=0
FLT_P3=0
HEAT_1_TEMP=0.0
HEAT_1_DUTY=0

[18:21:10.560 EBOX]
TS=1786201738.993
V_SENSE5=0.9716796875
V_SENSE9=0.03662109375
V_SENSE12=0.14892578125
ADC_V5=4.849853515625
ADC_V9=9.0447998046875
ADC_V12=11.86798095703125
ADC_V28=26.41754150390625
PG_5=0
PG_9=0
PG_12=0
FLT_P2=0
FLT_P3=0
HEAT_1_TEMP=0.0
HEAT_1_DUTY=0
HEAT_2_TEMP=0.0
HEAT_2_DUTY=0
HEAT_3_TEMP=0.0
HEAT_3_DUTY=0
HEAT_4_TEMP=0.0
HEAT_4_DUTY=0

[18:21:10.865 CUBESAT]
TS=1786203069.575
PG_5=1
PG_9=0
PG_12=0
FLT_P2=0
FLT_P3=0
HEAT_1_TEMP=0.0
HEAT_1_DUTY=0

[18:21:12.499 EBOX]
TS=1786201740.995
V_SENSE5=1.05224609375
V_SENSE9=0.03662109375
V_SENSE12=0.13671875
ADC_V5=4.91180419921875
ADC_V9=9.24835205078125
ADC_V12=11.5582275390625
ADC_V28=26.93084716796875
PG_5=0
PG_9=0
PG_12=0
FLT_P2=0
FLT_P3=0
HEAT_1_TEMP=0.0
HEAT_1_DUTY=0
HEAT_2_TEMP=0.0
HEAT_2_DUTY=0
HEAT_3_TEMP=0.0
HEAT_3_DUTY=0
HEAT_4_TEMP=0.0
HEAT_4_DUTY=0

[18:21:12.905 CUBESAT]
TS=1786203071.577
PG_5=1
PG_9=0
PG_12=0
FLT_P2=0
FLT_P3=0
HEAT_1_TEMP=0.0
HEAT_1_DUTY=0

[18:21:14.541 EBOX]
TS=1786201743.001
V_SENSE5=0.91552734375
V_SENSE9=0.05615234375
V_SENSE12=0.1416015625
ADC_V5=5.03570556640625
ADC_V9=9.027099609375
ADC_V12=11.7706298828125
ADC_V28=26.75384521484375
PG_5=0
PG_9=0
PG_12=0
FLT_P2=0
FLT_P3=0
HEAT_1_TEMP=0.0
HEAT_1_DUTY=0
HEAT_2_TEMP=0.0
HEAT_2_DUTY=30
HEAT_3_TEMP=0.0
HEAT_3_DUTY=0
HEAT_4_TEMP=0.0
HEAT_4_DUTY=0

[18:21:14.846 CUBESAT]
TS=1786203073.579
PG_5=1
PG_9=0
PG_12=0
FLT_P2=0
FLT_P3=0
HEAT_1_TEMP=0.0
HEAT_1_DUTY=0

[18:21:16.577 EBOX]
TS=1786201745.000
V_SENSE5=0.92529296875
V_SENSE9=0.0341796875
V_SENSE12=0.12451171875
ADC_V5=4.920654296875
ADC_V9=9.23065185546875
ADC_V12=11.8060302734375
ADC_V28=26.96624755859375
PG_5=0
PG_9=0
PG_12=0
FLT_P2=0
FLT_P3=0
HEAT_1_TEMP=0.0
HEAT_1_DUTY=0
HEAT_2_TEMP=0.0
HEAT_2_DUTY=0
HEAT_3_TEMP=0.0
HEAT_3_DUTY=0
HEAT_4_TEMP=0.0
HEAT_4_DUTY=30

[18:21:16.883 CUBESAT]
TS=1786203075.582
PG_5=1
PG_9=0
PG_12=0
FLT_P2=0
FLT_P3=0
HEAT_1_TEMP=0.0
HEAT_1_DUTY=0

[18:21:18.511 EBOX]
TS=1786201747.001
V_SENSE5=0.95703125
V_SENSE9=0.0341796875
V_SENSE12=0.146484375
ADC_V5=4.96490478515625
ADC_V9=9.1510009765625
ADC_V12=11.7706298828125
ADC_V28=27.01934814453125
PG_5=0
PG_9=0
PG_12=0
FLT_P2=0
FLT_P3=0
HEAT_1_TEMP=0.0
HEAT_1_DUTY=0
HEAT_2_TEMP=0.0
HEAT_2_DUTY=0
HEAT_3_TEMP=0.0
HEAT_3_DUTY=0
HEAT_4_TEMP=0.0
HEAT_4_DUTY=0

[18:21:18.917 CUBESAT]
TS=1786203077.584
PG_5=1
PG_9=0
PG_12=0
FLT_P2=0
FLT_P3=0
HEAT_1_TEMP=0.0
HEAT_1_DUTY=30

[18:21:20.554 EBOX]
TS=1786201749.004
V_SENSE5=0.94970703125
V_SENSE9=0.0341796875
V_SENSE12=0.14404296875
ADC_V5=4.88525390625
ADC_V9=9.1510009765625
ADC_V12=11.76177978515625
ADC_V28=26.54144287109375
PG_5=0
PG_9=0
PG_12=0
FLT_P2=0
FLT_P3=0
HEAT_1_TEMP=0.0
HEAT_1_DUTY=0
HEAT_2_TEMP=0.0
HEAT_2_DUTY=0
HEAT_3_TEMP=0.0
HEAT_3_DUTY=0
HEAT_4_TEMP=0.0
HEAT_4_DUTY=0

[18:21:20.862 CUBESAT]
TS=1786203079.585
PG_5=1
PG_9=0
PG_12=0
FLT_P2=0
FLT_P3=0
HEAT_1_TEMP=0.0
HEAT_1_DUTY=0

[18:21:22.491 EBOX]
TS=1786201751.006
V_SENSE5=0.9228515625
V_SENSE9=0.03662109375
V_SENSE12=0.146484375
ADC_V5=5.0091552734375
ADC_V9=8.9208984375
ADC_V12=11.575927734375
ADC_V28=26.444091796875
PG_5=0
PG_9=0
PG_12=0
FLT_P2=0
FLT_P3=0
HEAT_1_TEMP=0.0
HEAT_1_DUTY=0
HEAT_2_TEMP=0.0
HEAT_2_DUTY=30
HEAT_3_TEMP=0.0
HEAT_3_DUTY=0
HEAT_4_TEMP=0.0
HEAT_4_DUTY=0

[18:21:22.898 CUBESAT]
TS=1786203081.587
PG_5=1
PG_9=0
PG_12=0
FLT_P2=0
FLT_P3=0
HEAT_1_TEMP=0.0
HEAT_1_DUTY=0

[18:21:24.536 EBOX]
TS=1786201753.010
V_SENSE5=0.9033203125
V_SENSE9=0.0390625
V_SENSE12=0.12939453125
ADC_V5=4.92950439453125
ADC_V9=9.4696044921875
ADC_V12=11.7529296875
ADC_V28=26.70074462890625
PG_5=0
PG_9=0
PG_12=0
FLT_P2=0
FLT_P3=0
HEAT_1_TEMP=0.0
HEAT_1_DUTY=0
HEAT_2_TEMP=0.0
HEAT_2_DUTY=0
HEAT_3_TEMP=0.0
HEAT_3_DUTY=0
HEAT_4_TEMP=0.0
HEAT_4_DUTY=30

[18:21:24.841 CUBESAT]
TS=1786203083.589
PG_5=1
PG_9=0
PG_12=0
FLT_P2=0
FLT_P3=0
HEAT_1_TEMP=0.0
HEAT_1_DUTY=0

[18:21:26.571 EBOX]
TS=1786201755.010
V_SENSE5=0.947265625
V_SENSE9=0.0341796875
V_SENSE12=0.14404296875
ADC_V5=4.920654296875
ADC_V9=9.0625
ADC_V12=11.70867919921875
ADC_V28=27.10784912109375
PG_5=0
PG_9=0
PG_12=0
FLT_P2=0
FLT_P3=0
HEAT_1_TEMP=0.0
HEAT_1_DUTY=0
HEAT_2_TEMP=0.0
HEAT_2_DUTY=0
HEAT_3_TEMP=0.0
HEAT_3_DUTY=0
HEAT_4_TEMP=0.0
HEAT_4_DUTY=0

[18:21:26.877 CUBESAT]
TS=1786203085.592
PG_5=1
PG_9=0
PG_12=0
FLT_P2=0
FLT_P3=0
HEAT_1_TEMP=0.0
HEAT_1_DUTY=0

[18:21:28.506 EBOX]
TS=1786201757.013
V_SENSE5=0.8935546875
V_SENSE9=0.03662109375
V_SENSE12=0.15380859375
ADC_V5=5.08880615234375
ADC_V9=9.19525146484375
ADC_V12=11.92108154296875
ADC_V28=27.081298828125
PG_5=0
PG_9=0
PG_12=0
FLT_P2=0
FLT_P3=0
HEAT_1_TEMP=0.0
HEAT_1_DUTY=0
HEAT_2_TEMP=0.0
HEAT_2_DUTY=0
HEAT_3_TEMP=0.0
HEAT_3_DUTY=0
HEAT_4_TEMP=0.0
HEAT_4_DUTY=0

[18:21:28.912 CUBESAT]
TS=1786203087.594
PG_5=1
PG_9=0
PG_12=0
FLT_P2=0
FLT_P3=0
HEAT_1_TEMP=0.0
HEAT_1_DUTY=30

[18:21:30.541 EBOX]
TS=1786201759.013
V_SENSE5=0.92041015625
V_SENSE9=0.03662109375
V_SENSE12=0.13916015625
ADC_V5=4.87640380859375
ADC_V9=8.9385986328125
ADC_V12=11.79718017578125
ADC_V28=26.91314697265625
PG_5=0
PG_9=0
PG_12=0
FLT_P2=0
FLT_P3=0
HEAT_1_TEMP=0.0
HEAT_1_DUTY=0
HEAT_2_TEMP=0.0
HEAT_2_DUTY=30
HEAT_3_TEMP=0.0
HEAT_3_DUTY=0
HEAT_4_TEMP=0.0
HEAT_4_DUTY=0

[18:21:30.847 CUBESAT]
TS=1786203089.596
PG_5=1
PG_9=0
PG_12=0
FLT_P2=0
FLT_P3=0
HEAT_1_TEMP=0.0
HEAT_1_DUTY=0

[18:21:32.604 EBOX]
TS=1786201761.017
V_SENSE5=1.00341796875
V_SENSE9=0.0390625
V_SENSE12=0.1318359375
ADC_V5=4.89410400390625
ADC_V9=9.31915283203125
ADC_V12=11.6998291015625
ADC_V28=26.97509765625
PG_5=0
PG_9=0
PG_12=0
FLT_P2=0
FLT_P3=0
HEAT_1_TEMP=0.0
HEAT_1_DUTY=0
HEAT_2_TEMP=0.0
HEAT_2_DUTY=0
HEAT_3_TEMP=0.0
HEAT_3_DUTY=0
HEAT_4_TEMP=0.0
HEAT_4_DUTY=30

[18:21:32.909 CUBESAT]
TS=1786203091.598
PG_5=1
PG_9=0
PG_12=0
FLT_P2=0
FLT_P3=0
HEAT_1_TEMP=0.0
HEAT_1_DUTY=0

[18:21:34.538 EBOX]
TS=1786201763.018
V_SENSE5=0.67138671875
V_SENSE9=1.181640625
V_SENSE12=0.29541015625
ADC_V5=4.88525390625
ADC_V9=9.310302734375
ADC_V12=11.859130859375
ADC_V28=26.80694580078125
PG_5=0
PG_9=0
PG_12=0
FLT_P2=0
FLT_P3=0
HEAT_1_TEMP=0.0
HEAT_1_DUTY=0
HEAT_2_TEMP=0.0
HEAT_2_DUTY=0
HEAT_3_TEMP=0.0
HEAT_3_DUTY=0
HEAT_4_TEMP=0.0
HEAT_4_DUTY=0

[18:21:34.844 CUBESAT]
TS=1786203093.600
PG_5=1
PG_9=0
PG_12=0
FLT_P2=0
FLT_P3=0
HEAT_1_TEMP=0.0
HEAT_1_DUTY=0

[18:21:36.585 EBOX]
TS=1786201765.022
V_SENSE5=0.8984375
V_SENSE9=0.03662109375
V_SENSE12=0.12939453125
ADC_V5=5.08880615234375
ADC_V9=9.19525146484375
ADC_V12=11.53167724609375
ADC_V28=26.585693359375
PG_5=0
PG_9=0
PG_12=0
FLT_P2=0
FLT_P3=0
HEAT_1_TEMP=0.0
HEAT_1_DUTY=0
HEAT_2_TEMP=0.0
HEAT_2_DUTY=0
HEAT_3_TEMP=0.0
HEAT_3_DUTY=0
HEAT_4_TEMP=0.0
HEAT_4_DUTY=0

[18:21:36.893 CUBESAT]
TS=1786203095.603
PG_5=1
PG_9=0
PG_12=0
FLT_P2=0
FLT_P3=0
HEAT_1_TEMP=0.0
HEAT_1_DUTY=0

[18:21:38.521 EBOX]
TS=1786201767.021
V_SENSE5=0.96435546875
V_SENSE9=0.03662109375
V_SENSE12=0.1171875
ADC_V5=4.89410400390625
ADC_V9=9.23065185546875
ADC_V12=11.82373046875
ADC_V28=26.24053955078125
PG_5=0
PG_9=0
PG_12=0
FLT_P2=0
FLT_P3=0
HEAT_1_TEMP=0.0
HEAT_1_DUTY=0
HEAT_2_TEMP=0.0
HEAT_2_DUTY=30
HEAT_3_TEMP=0.0
HEAT_3_DUTY=0
HEAT_4_TEMP=0.0
HEAT_4_DUTY=0

[18:21:38.929 CUBESAT]
TS=1786203097.605
PG_5=1
PG_9=0
PG_12=0
FLT_P2=0
FLT_P3=0
HEAT_1_TEMP=0.0
HEAT_1_DUTY=30

[18:21:40.556 EBOX]
TS=1786201769.025
V_SENSE5=0.8740234375
V_SENSE9=0.03662109375
V_SENSE12=0.11962890625
ADC_V5=4.92950439453125
ADC_V9=9.17755126953125
ADC_V12=11.40777587890625
ADC_V28=26.47064208984375
PG_5=0
PG_9=0
PG_12=0
FLT_P2=0
FLT_P3=0
HEAT_1_TEMP=0.0
HEAT_1_DUTY=0
HEAT_2_TEMP=0.0
HEAT_2_DUTY=0
HEAT_3_TEMP=0.0
HEAT_3_DUTY=0
HEAT_4_TEMP=0.0
HEAT_4_DUTY=30

[18:21:40.861 CUBESAT]
TS=1786203099.607
PG_5=1
PG_9=0
PG_12=0
FLT_P2=0
FLT_P3=0
HEAT_1_TEMP=0.0
HEAT_1_DUTY=0

[18:21:42.594 EBOX]
TS=1786201771.026
V_SENSE5=0.94482421875
V_SENSE9=0.03662109375
V_SENSE12=0.13671875
ADC_V5=4.94720458984375
ADC_V9=9.00054931640625
ADC_V12=11.60247802734375
ADC_V28=26.38214111328125
PG_5=0
PG_9=0
PG_12=0
FLT_P2=0
FLT_P3=0
HEAT_1_TEMP=0.0
HEAT_1_DUTY=0
HEAT_2_TEMP=0.0
HEAT_2_DUTY=0
HEAT_3_TEMP=0.0
HEAT_3_DUTY=0
HEAT_4_TEMP=0.0
HEAT_4_DUTY=0

[18:21:42.900 CUBESAT]
TS=1786203101.608
PG_5=1
PG_9=0
PG_12=0
FLT_P2=0
FLT_P3=0
HEAT_1_TEMP=0.0
HEAT_1_DUTY=0

[18:21:44.540 EBOX]
TS=1786201773.028
V_SENSE5=0.92529296875
V_SENSE9=0.0390625
V_SENSE12=0.126953125
ADC_V5=5.00030517578125
ADC_V9=9.3280029296875
ADC_V12=11.7529296875
ADC_V28=26.86004638671875
PG_5=0
PG_9=0
PG_12=0
FLT_P2=0
FLT_P3=0
HEAT_1_TEMP=0.0
HEAT_1_DUTY=0
HEAT_2_TEMP=0.0
HEAT_2_DUTY=0
HEAT_3_TEMP=0.0
HEAT_3_DUTY=0
HEAT_4_TEMP=0.0
HEAT_4_DUTY=0

[18:21:44.950 CUBESAT]
TS=1786203103.610
PG_5=1
PG_9=0
PG_12=0
FLT_P2=0
FLT_P3=0
HEAT_1_TEMP=0.0
HEAT_1_DUTY=30

[18:21:46.581 EBOX]
TS=1786201775.029
V_SENSE5=0.947265625
V_SENSE9=0.03662109375
V_SENSE12=0.12939453125
ADC_V5=4.94720458984375
ADC_V9=9.17755126953125
ADC_V12=11.505126953125
ADC_V28=25.98388671875
PG_5=0
PG_9=0
PG_12=0
FLT_P2=0
FLT_P3=0
HEAT_1_TEMP=0.0
HEAT_1_DUTY=0
HEAT_2_TEMP=0.0
HEAT_2_DUTY=30
HEAT_3_TEMP=0.0
HEAT_3_DUTY=0
HEAT_4_TEMP=0.0
HEAT_4_DUTY=0

[18:21:46.886 CUBESAT]
TS=1786203105.613
PG_5=1
PG_9=0
PG_12=0
FLT_P2=0
FLT_P3=0
HEAT_1_TEMP=0.0
HEAT_1_DUTY=0

[18:21:48.637 EBOX]
TS=1786201777.033
V_SENSE5=0.91552734375
V_SENSE9=0.048828125
V_SENSE12=0.107421875
ADC_V5=4.9383544921875
ADC_V9=8.8677978515625
ADC_V12=11.89453125
ADC_V28=26.3555908203125
PG_5=0
PG_9=0
PG_12=0
FLT_P2=0
FLT_P3=0
HEAT_1_TEMP=0.0
HEAT_1_DUTY=0
HEAT_2_TEMP=0.0
HEAT_2_DUTY=0
HEAT_3_TEMP=0.0
HEAT_3_DUTY=0
HEAT_4_TEMP=0.0
HEAT_4_DUTY=30

[18:21:48.947 CUBESAT]
TS=1786203107.615
PG_5=1
PG_9=0
PG_12=0
FLT_P2=0
FLT_P3=0
HEAT_1_TEMP=0.0
HEAT_1_DUTY=0

[18:21:50.573 EBOX]
TS=1786201779.034
V_SENSE5=0.8740234375
V_SENSE9=0.0390625
V_SENSE12=0.11962890625
ADC_V5=4.9737548828125
ADC_V9=9.05364990234375
ADC_V12=11.83258056640625
ADC_V28=27.17864990234375
PG_5=0
PG_9=0
PG_12=0
FLT_P2=0
FLT_P3=0
HEAT_1_TEMP=0.0
HEAT_1_DUTY=0
HEAT_2_TEMP=0.0
HEAT_2_DUTY=0
HEAT_3_TEMP=0.0
HEAT_3_DUTY=0
HEAT_4_TEMP=0.0
HEAT_4_DUTY=0

[18:21:50.881 CUBESAT]
TS=1786203109.617
PG_5=1
PG_9=0
PG_12=0
FLT_P2=0
FLT_P3=0
HEAT_1_TEMP=0.0
HEAT_1_DUTY=0

[18:21:52.628 EBOX]
TS=1786201781.034
V_SENSE5=0.9375
V_SENSE9=0.03662109375
V_SENSE12=0.107421875
ADC_V5=4.991455078125
ADC_V9=9.38995361328125
ADC_V12=11.7706298828125
ADC_V28=26.93084716796875
PG_5=0
PG_9=0
PG_12=0
FLT_P2=0
FLT_P3=0
HEAT_1_TEMP=0.0
HEAT_1_DUTY=0
HEAT_2_TEMP=0.0
HEAT_2_DUTY=0
HEAT_3_TEMP=0.0
HEAT_3_DUTY=0
HEAT_4_TEMP=0.0
HEAT_4_DUTY=0

[18:21:52.933 CUBESAT]
TS=1786203111.618
PG_5=1
PG_9=0
PG_12=0
FLT_P2=0
FLT_P3=0
HEAT_1_TEMP=0.0
HEAT_1_DUTY=0

[18:21:54.569 EBOX]
TS=1786201783.036
V_SENSE5=0.95703125
V_SENSE9=0.03662109375
V_SENSE12=0.11474609375
ADC_V5=4.96490478515625
ADC_V9=9.381103515625
ADC_V12=11.49627685546875
ADC_V28=26.71844482421875
PG_5=0
PG_9=0
PG_12=0
FLT_P2=0
FLT_P3=0
HEAT_1_TEMP=0.0
HEAT_1_DUTY=0
HEAT_2_TEMP=0.0
HEAT_2_DUTY=30
HEAT_3_TEMP=0.0
HEAT_3_DUTY=0
HEAT_4_TEMP=0.0
HEAT_4_DUTY=0

[18:21:54.974 CUBESAT]
TS=1786203113.620
PG_5=1
PG_9=0
PG_12=0
FLT_P2=0
FLT_P3=0
HEAT_1_TEMP=0.0
HEAT_1_DUTY=30

[18:21:56.602 EBOX]
TS=1786201785.041
V_SENSE5=0.87890625
V_SENSE9=0.03662109375
V_SENSE12=0.1220703125
ADC_V5=4.84100341796875
ADC_V9=9.28375244140625
ADC_V12=11.5228271484375
ADC_V28=25.65643310546875
PG_5=0
PG_9=0
PG_12=0
FLT_P2=0
FLT_P3=0
HEAT_1_TEMP=0.0
HEAT_1_DUTY=0
HEAT_2_TEMP=0.0
HEAT_2_DUTY=0
HEAT_3_TEMP=0.0
HEAT_3_DUTY=0
HEAT_4_TEMP=0.0
HEAT_4_DUTY=30

[18:21:56.907 CUBESAT]
TS=1786203115.623
PG_5=1
PG_9=0
PG_12=0
FLT_P2=0
FLT_P3=0
HEAT_1_TEMP=0.0
HEAT_1_DUTY=0

[18:21:58.640 EBOX]
TS=1786201787.041
V_SENSE5=0.9814453125
V_SENSE9=0.0341796875
V_SENSE12=0.126953125
ADC_V5=4.9560546875
ADC_V9=9.168701171875
ADC_V12=11.90338134765625
ADC_V28=26.16973876953125
PG_5=0
PG_9=0
PG_12=0
FLT_P2=0
FLT_P3=0
HEAT_1_TEMP=0.0
HEAT_1_DUTY=0
HEAT_2_TEMP=0.0
HEAT_2_DUTY=0
HEAT_3_TEMP=0.0
HEAT_3_DUTY=0
HEAT_4_TEMP=0.0
HEAT_4_DUTY=0

[18:21:58.946 CUBESAT]
TS=1786203117.625
PG_5=1
PG_9=0
PG_12=0
FLT_P2=0
FLT_P3=0
HEAT_1_TEMP=0.0
HEAT_1_DUTY=0

[18:22:00.579 EBOX]
TS=1786201789.045
V_SENSE5=0.86669921875
V_SENSE9=0.0341796875
V_SENSE12=0.15380859375
ADC_V5=4.84100341796875
ADC_V9=9.1864013671875
ADC_V12=11.929931640625
ADC_V28=27.11669921875
PG_5=0
PG_9=0
PG_12=0
FLT_P2=0
FLT_P3=0
HEAT_1_TEMP=0.0
HEAT_1_DUTY=0
HEAT_2_TEMP=0.0
HEAT_2_DUTY=0
HEAT_3_TEMP=0.0
HEAT_3_DUTY=0
HEAT_4_TEMP=0.0
HEAT_4_DUTY=0

[18:22:00.985 CUBESAT]
TS=1786203119.627
PG_5=1
PG_9=0
PG_12=0
FLT_P2=0
FLT_P3=0
HEAT_1_TEMP=0.0
HEAT_1_DUTY=0

[18:22:02.617 EBOX]
TS=1786201791.045
V_SENSE5=1.01318359375
V_SENSE9=0.03662109375
V_SENSE12=0.13427734375
ADC_V5=4.91180419921875
ADC_V9=8.85009765625
ADC_V12=11.929931640625
ADC_V28=27.00164794921875
PG_5=0
PG_9=0
PG_12=0
FLT_P2=0
FLT_P3=0
HEAT_1_TEMP=0.0
HEAT_1_DUTY=0
HEAT_2_TEMP=0.0
HEAT_2_DUTY=30
HEAT_3_TEMP=0.0
HEAT_3_DUTY=0
HEAT_4_TEMP=0.0
HEAT_4_DUTY=0

[18:22:02.922 CUBESAT]
TS=1786203121.629
PG_5=1
PG_9=0
PG_12=0
FLT_P2=0
FLT_P3=0
HEAT_1_TEMP=0.0
HEAT_1_DUTY=0

[18:22:04.652 EBOX]
TS=1786201793.046
V_SENSE5=0.947265625
V_SENSE9=0.0390625
V_SENSE12=0.12939453125
ADC_V5=4.9560546875
ADC_V9=9.41650390625
ADC_V12=11.93878173828125
ADC_V28=25.76263427734375
PG_5=0
PG_9=0
PG_12=0
FLT_P2=0
FLT_P3=0
HEAT_1_TEMP=0.0
HEAT_1_DUTY=0
HEAT_2_TEMP=0.0
HEAT_2_DUTY=0
HEAT_3_TEMP=0.0
HEAT_3_DUTY=0
HEAT_4_TEMP=0.0
HEAT_4_DUTY=30

[18:22:04.957 CUBESAT]
TS=1786203123.631
PG_5=1
PG_9=0
PG_12=0
FLT_P2=0
FLT_P3=0
HEAT_1_TEMP=0.0
HEAT_1_DUTY=30

[18:22:06.601 EBOX]
TS=1786201795.053
V_SENSE5=0.91064453125
V_SENSE9=0.03662109375
V_SENSE12=0.10986328125
ADC_V5=5.0091552734375
ADC_V9=9.49615478515625
ADC_V12=11.8060302734375
ADC_V28=26.0723876953125
PG_5=0
PG_9=0
PG_12=0
FLT_P2=0
FLT_P3=0
HEAT_1_TEMP=0.0
HEAT_1_DUTY=0
HEAT_2_TEMP=0.0
HEAT_2_DUTY=0
HEAT_3_TEMP=0.0
HEAT_3_DUTY=0
HEAT_4_TEMP=0.0
HEAT_4_DUTY=0

[18:22:06.908 CUBESAT]
TS=1786203125.634
PG_5=1
PG_9=0
PG_12=0
FLT_P2=0
FLT_P3=0
HEAT_1_TEMP=0.0
HEAT_1_DUTY=0

[18:22:08.646 EBOX]
TS=1786201797.053
V_SENSE5=0.93505859375
V_SENSE9=0.03662109375
V_SENSE12=0.13671875
ADC_V5=4.849853515625
ADC_V9=8.814697265625
ADC_V12=11.9476318359375
ADC_V28=26.96624755859375
PG_5=0
PG_9=0
PG_12=0
FLT_P2=0
FLT_P3=0
HEAT_1_TEMP=0.0
HEAT_1_DUTY=0
HEAT_2_TEMP=0.0
HEAT_2_DUTY=0
HEAT_3_TEMP=0.0
HEAT_3_DUTY=0
HEAT_4_TEMP=0.0
HEAT_4_DUTY=0

[18:22:08.951 CUBESAT]
TS=1786203127.636
PG_5=1
PG_9=0
PG_12=0
FLT_P2=0
FLT_P3=0
HEAT_1_TEMP=0.0
HEAT_1_DUTY=0

[18:22:10.580 EBOX]
TS=1786201799.051
V_SENSE5=0.9716796875
V_SENSE9=0.04638671875
V_SENSE12=0.146484375
ADC_V5=4.9737548828125
ADC_V9=9.168701171875
ADC_V12=11.56707763671875
ADC_V28=26.4263916015625
PG_5=0
PG_9=0
PG_12=0
FLT_P2=0
FLT_P3=0
HEAT_1_TEMP=0.0
HEAT_1_DUTY=0
HEAT_2_TEMP=0.0
HEAT_2_DUTY=30
HEAT_3_TEMP=0.0
HEAT_3_DUTY=0
HEAT_4_TEMP=0.0
HEAT_4_DUTY=0

[18:22:10.986 CUBESAT]
TS=1786203129.638
PG_5=1
PG_9=0
PG_12=0
FLT_P2=0
FLT_P3=0
HEAT_1_TEMP=0.0
HEAT_1_DUTY=30

[18:22:12.618 EBOX]
TS=1786201801.053
V_SENSE5=0.9765625
V_SENSE9=1.54296875
V_SENSE12=0.07568359375
ADC_V5=4.9029541015625
ADC_V9=9.239501953125
ADC_V12=11.76177978515625
ADC_V28=26.55914306640625
PG_5=0
PG_9=0
PG_12=0
FLT_P2=0
FLT_P3=0
HEAT_1_TEMP=0.0
HEAT_1_DUTY=0
HEAT_2_TEMP=0.0
HEAT_2_DUTY=0
HEAT_3_TEMP=0.0
HEAT_3_DUTY=0
HEAT_4_TEMP=0.0
HEAT_4_DUTY=30

[18:22:12.925 CUBESAT]
TS=1786203131.641
PG_5=1
PG_9=0
PG_12=0
FLT_P2=0
FLT_P3=0
HEAT_1_TEMP=0.0
HEAT_1_DUTY=0

[18:22:14.673 EBOX]
TS=1786201803.059
V_SENSE5=0.95458984375
V_SENSE9=1.5185546875
V_SENSE12=0.0439453125
ADC_V5=5.0091552734375
ADC_V9=9.13330078125
ADC_V12=11.9122314453125
ADC_V28=26.727294921875
PG_5=0
PG_9=0
PG_12=0
FLT_P2=0
FLT_P3=0
HEAT_1_TEMP=0.0
HEAT_1_DUTY=0
HEAT_2_TEMP=0.0
HEAT_2_DUTY=0
HEAT_3_TEMP=0.0
HEAT_3_DUTY=0
HEAT_4_TEMP=0.0
HEAT_4_DUTY=0

[18:22:14.979 CUBESAT]
TS=1786203133.643
PG_5=1
PG_9=0
PG_12=0
FLT_P2=0
FLT_P3=0
HEAT_1_TEMP=0.0
HEAT_1_DUTY=0

[18:22:16.614 EBOX]
TS=1786201805.058
V_SENSE5=0.97900390625
V_SENSE9=0.05615234375
V_SENSE12=0.1318359375
ADC_V5=4.92950439453125
ADC_V9=9.41650390625
ADC_V12=11.859130859375
ADC_V28=27.10784912109375
PG_5=0
PG_9=0
PG_12=0
FLT_P2=0
FLT_P3=0
HEAT_1_TEMP=0.0
HEAT_1_DUTY=0
HEAT_2_TEMP=0.0
HEAT_2_DUTY=0
HEAT_3_TEMP=0.0
HEAT_3_DUTY=0
HEAT_4_TEMP=0.0
HEAT_4_DUTY=0

[18:22:16.919 CUBESAT]
TS=1786203135.645
PG_5=1
PG_9=0
PG_12=0
FLT_P2=0
FLT_P3=0
HEAT_1_TEMP=0.0
HEAT_1_DUTY=0

[18:22:18.651 EBOX]
TS=1786201807.066
V_SENSE5=0.8740234375
V_SENSE9=0.0341796875
V_SENSE12=0.1416015625
ADC_V5=5.00030517578125
ADC_V9=9.19525146484375
ADC_V12=11.49627685546875
ADC_V28=26.24053955078125
PG_5=0
PG_9=0
PG_12=0
FLT_P2=0
FLT_P3=0
HEAT_1_TEMP=0.0
HEAT_1_DUTY=0
HEAT_2_TEMP=0.0
HEAT_2_DUTY=30
HEAT_3_TEMP=0.0
HEAT_3_DUTY=0
HEAT_4_TEMP=0.0
HEAT_4_DUTY=0

[18:22:18.957 CUBESAT]
TS=1786203137.647
PG_5=1
PG_9=0
PG_12=0
FLT_P2=0
FLT_P3=0
HEAT_1_TEMP=0.0
HEAT_1_DUTY=0

[18:22:20.589 EBOX]
TS=1786201809.062
V_SENSE5=0.71533203125
V_SENSE9=1.30126953125
V_SENSE12=0.146484375
ADC_V5=4.9383544921875
ADC_V9=9.44305419921875
ADC_V12=11.63787841796875
ADC_V28=26.8511962890625
PG_5=0
PG_9=0
PG_12=0
FLT_P2=0
FLT_P3=0
HEAT_1_TEMP=0.0
HEAT_1_DUTY=0
HEAT_2_TEMP=0.0
HEAT_2_DUTY=0
HEAT_3_TEMP=0.0
HEAT_3_DUTY=0
HEAT_4_TEMP=0.0
HEAT_4_DUTY=30

[18:22:20.997 CUBESAT]
TS=1786203139.650
PG_5=1
PG_9=0
PG_12=0
FLT_P2=0
FLT_P3=0
HEAT_1_TEMP=0.0
HEAT_1_DUTY=30

[18:22:22.630 EBOX]
TS=1786201811.064
V_SENSE5=0.6640625
V_SENSE9=2.861328125
V_SENSE12=0.10009765625
ADC_V5=5.0091552734375
ADC_V9=9.26605224609375
ADC_V12=11.79718017578125
ADC_V28=26.7095947265625
PG_5=0
PG_9=0
PG_12=0
FLT_P2=0
FLT_P3=0
HEAT_1_TEMP=0.0
HEAT_1_DUTY=0
HEAT_2_TEMP=0.0
HEAT_2_DUTY=0
HEAT_3_TEMP=0.0
HEAT_3_DUTY=0
HEAT_4_TEMP=0.0
HEAT_4_DUTY=0

[18:22:22.937 CUBESAT]
TS=1786203141.652
PG_5=1
PG_9=0
PG_12=0
FLT_P2=0
FLT_P3=0
HEAT_1_TEMP=0.0
HEAT_1_DUTY=0

[18:22:24.681 EBOX]
TS=1786201813.069
V_SENSE5=0.90576171875
V_SENSE9=0.03662109375
V_SENSE12=0.15380859375
ADC_V5=4.94720458984375
ADC_V9=8.99169921875
ADC_V12=11.6644287109375
ADC_V28=27.1875
PG_5=0
PG_9=0
PG_12=0
FLT_P2=0
FLT_P3=0
HEAT_1_TEMP=0.0
HEAT_1_DUTY=0
HEAT_2_TEMP=0.0
HEAT_2_DUTY=0
HEAT_3_TEMP=0.0
HEAT_3_DUTY=0
HEAT_4_TEMP=0.0
HEAT_4_DUTY=0

[18:22:24.991 CUBESAT]
TS=1786203143.654
PG_5=1
PG_9=0
PG_12=0
FLT_P2=0
FLT_P3=0
HEAT_1_TEMP=0.0
HEAT_1_DUTY=0

[18:22:26.627 EBOX]
TS=1786201815.071
V_SENSE5=0.86181640625
V_SENSE9=0.0341796875
V_SENSE12=0.12939453125
ADC_V5=4.9737548828125
ADC_V9=9.24835205078125
ADC_V12=11.86798095703125
ADC_V28=26.96624755859375
PG_5=0
PG_9=0
PG_12=0
FLT_P2=0
FLT_P3=0
HEAT_1_TEMP=0.0
HEAT_1_DUTY=0
HEAT_2_TEMP=0.0
HEAT_2_DUTY=30
HEAT_3_TEMP=0.0
HEAT_3_DUTY=0
HEAT_4_TEMP=0.0
HEAT_4_DUTY=0

[18:22:26.933 CUBESAT]
TS=1786203145.657
PG_5=1
PG_9=0
PG_12=0
FLT_P2=0
FLT_P3=0
HEAT_1_TEMP=0.0
HEAT_1_DUTY=0

[18:22:28.667 EBOX]
TS=1786201817.071
V_SENSE5=1.552734375
V_SENSE9=2.10693359375
V_SENSE12=0.06591796875
ADC_V5=4.89410400390625
ADC_V9=9.381103515625
ADC_V12=11.6998291015625
ADC_V28=26.91314697265625
PG_5=0
PG_9=0
PG_12=0
FLT_P2=0
FLT_P3=0
HEAT_1_TEMP=0.0
HEAT_1_DUTY=0
HEAT_2_TEMP=0.0
HEAT_2_DUTY=0
HEAT_3_TEMP=0.0
HEAT_3_DUTY=0
HEAT_4_TEMP=0.0
HEAT_4_DUTY=30

[18:22:28.972 CUBESAT]
TS=1786203147.659
PG_5=1
PG_9=0
PG_12=0
FLT_P2=0
FLT_P3=0
HEAT_1_TEMP=0.0
HEAT_1_DUTY=0

[18:22:30.603 EBOX]
TS=1786201819.073
V_SENSE5=0.966796875
V_SENSE9=0.0341796875
V_SENSE12=0.1220703125
ADC_V5=4.82330322265625
ADC_V9=9.2041015625
ADC_V12=11.67327880859375
ADC_V28=27.12554931640625
PG_5=0
PG_9=0
PG_12=0
FLT_P2=0
FLT_P3=0
HEAT_1_TEMP=0.0
HEAT_1_DUTY=0
HEAT_2_TEMP=0.0
HEAT_2_DUTY=0
HEAT_3_TEMP=0.0
HEAT_3_DUTY=0
HEAT_4_TEMP=0.0
HEAT_4_DUTY=0

[18:22:31.010 CUBESAT]
TS=1786203149.661
PG_5=1
PG_9=0
PG_12=0
FLT_P2=0
FLT_P3=0
HEAT_1_TEMP=0.0
HEAT_1_DUTY=30

[18:22:32.645 EBOX]
TS=1786201821.078
V_SENSE5=0.85205078125
V_SENSE9=0.03662109375
V_SENSE12=0.14404296875
ADC_V5=4.920654296875
ADC_V9=9.15985107421875
ADC_V12=11.49627685546875
ADC_V28=26.6387939453125
PG_5=0
PG_9=0
PG_12=0
FLT_P2=0
FLT_P3=0
HEAT_1_TEMP=0.0
HEAT_1_DUTY=0
HEAT_2_TEMP=0.0
HEAT_2_DUTY=0
HEAT_3_TEMP=0.0
HEAT_3_DUTY=0
HEAT_4_TEMP=0.0
HEAT_4_DUTY=0

[18:22:32.950 CUBESAT]
TS=1786203151.663
PG_5=1
PG_9=0
PG_12=0
FLT_P2=0
FLT_P3=0
HEAT_1_TEMP=0.0
HEAT_1_DUTY=0

[18:22:34.684 EBOX]
TS=1786201823.077
V_SENSE5=0.95703125
V_SENSE9=0.06591796875
V_SENSE12=0.13671875
ADC_V5=4.89410400390625
ADC_V9=9.19525146484375
ADC_V12=11.79718017578125
ADC_V28=26.94854736328125
PG_5=0
PG_9=0
PG_12=0
FLT_P2=0
FLT_P3=0
HEAT_1_TEMP=0.0
HEAT_1_DUTY=0
HEAT_2_TEMP=0.0
HEAT_2_DUTY=30
HEAT_3_TEMP=0.0
HEAT_3_DUTY=0
HEAT_4_TEMP=0.0
HEAT_4_DUTY=0

[18:22:34.995 CUBESAT]
TS=1786203153.666
PG_5=1
PG_9=0
PG_12=0
FLT_P2=0
FLT_P3=0
HEAT_1_TEMP=0.0
HEAT_1_DUTY=0

[18:22:36.644 EBOX]
TS=1786201825.078
V_SENSE5=1.005859375
V_SENSE9=0.03662109375
V_SENSE12=0.1416015625
ADC_V5=4.8675537109375
ADC_V9=8.956298828125
ADC_V12=11.56707763671875
ADC_V28=27.0635986328125
PG_5=0
PG_9=0
PG_12=0
FLT_P2=0
FLT_P3=0
HEAT_1_TEMP=0.0
HEAT_1_DUTY=0
HEAT_2_TEMP=0.0
HEAT_2_DUTY=0
HEAT_3_TEMP=0.0
HEAT_3_DUTY=0
HEAT_4_TEMP=0.0
HEAT_4_DUTY=30

[18:22:36.949 CUBESAT]
TS=1786203155.667
PG_5=1
PG_9=0
PG_12=0
FLT_P2=0
FLT_P3=0
HEAT_1_TEMP=0.0
HEAT_1_DUTY=0

[18:22:38.680 EBOX]
TS=1786201827.083
V_SENSE5=0.93505859375
V_SENSE9=0.05615234375
V_SENSE12=0.1318359375
ADC_V5=4.9383544921875
ADC_V9=9.239501953125
ADC_V12=11.7529296875
ADC_V28=26.656494140625
PG_5=0
PG_9=0
PG_12=0
FLT_P2=0
FLT_P3=0
HEAT_1_TEMP=0.0
HEAT_1_DUTY=0
HEAT_2_TEMP=0.0
HEAT_2_DUTY=0
HEAT_3_TEMP=0.0
HEAT_3_DUTY=0
HEAT_4_TEMP=0.0
HEAT_4_DUTY=0

[18:22:38.985 CUBESAT]
TS=1786203157.669
PG_5=1
PG_9=0
PG_12=0
FLT_P2=0
FLT_P3=0
HEAT_1_TEMP=0.0
HEAT_1_DUTY=0

[18:22:40.617 EBOX]
TS=1786201829.083
V_SENSE5=0.9716796875
V_SENSE9=0.04638671875
V_SENSE12=0.11962890625
ADC_V5=4.991455078125
ADC_V9=9.28375244140625
ADC_V12=11.74407958984375
ADC_V28=27.00164794921875
PG_5=0
PG_9=0
PG_12=0
FLT_P2=0
FLT_P3=0
HEAT_1_TEMP=0.0
HEAT_1_DUTY=0
HEAT_2_TEMP=0.0
HEAT_2_DUTY=0
HEAT_3_TEMP=0.0
HEAT_3_DUTY=0
HEAT_4_TEMP=0.0
HEAT_4_DUTY=0

[18:22:41.024 CUBESAT]
TS=1786203159.672
PG_5=1
PG_9=0
PG_12=0
FLT_P2=0
FLT_P3=0
HEAT_1_TEMP=0.0
HEAT_1_DUTY=0

[18:22:42.664 EBOX]
TS=1786201831.088
V_SENSE5=0.87158203125
V_SENSE9=0.0341796875
V_SENSE12=0.14892578125
ADC_V5=4.9737548828125
ADC_V9=9.33685302734375
ADC_V12=11.611328125
ADC_V28=26.52374267578125
PG_5=0
PG_9=0
PG_12=0
FLT_P2=0
FLT_P3=0
HEAT_1_TEMP=0.0
HEAT_1_DUTY=0
HEAT_2_TEMP=0.0
HEAT_2_DUTY=0
HEAT_3_TEMP=0.0
HEAT_3_DUTY=30
HEAT_4_TEMP=0.0
HEAT_4_DUTY=0

[18:22:42.970 CUBESAT]
TS=1786203161.674
PG_5=1
PG_9=0
PG_12=0
FLT_P2=0
FLT_P3=0
HEAT_1_TEMP=0.0
HEAT_1_DUTY=0

[18:22:44.708 EBOX]
TS=1786201833.086
V_SENSE5=0.966796875
V_SENSE9=2.18017578125
V_SENSE12=0.048828125
ADC_V5=4.8321533203125
ADC_V9=9.40765380859375
ADC_V12=11.86798095703125
ADC_V28=26.06353759765625
PG_5=0
PG_9=0
PG_12=0
FLT_P2=0
FLT_P3=0
HEAT_1_TEMP=0.0
HEAT_1_DUTY=30
HEAT_2_TEMP=0.0
HEAT_2_DUTY=0
HEAT_3_TEMP=0.0
HEAT_3_DUTY=0
HEAT_4_TEMP=0.0
HEAT_4_DUTY=0

[18:22:45.014 CUBESAT]
TS=1786203163.676
PG_5=1
PG_9=0
PG_12=0
FLT_P2=0
FLT_P3=0
HEAT_1_TEMP=0.0
HEAT_1_DUTY=0

[18:22:46.643 EBOX]
TS=1786201835.092
V_SENSE5=0.46875
V_SENSE9=2.421875
V_SENSE12=0.166015625
ADC_V5=4.82330322265625
ADC_V9=9.15985107421875
ADC_V12=11.9476318359375
ADC_V28=26.69189453125
PG_5=0
PG_9=0
PG_12=0
FLT_P2=0
FLT_P3=0
HEAT_1_TEMP=0.0
HEAT_1_DUTY=0
HEAT_2_TEMP=0.0
HEAT_2_DUTY=0
HEAT_3_TEMP=0.0
HEAT_3_DUTY=0
HEAT_4_TEMP=0.0
HEAT_4_DUTY=0

[18:22:47.051 CUBESAT]
TS=1786203165.678
PG_5=1
PG_9=0
PG_12=0
FLT_P2=0
FLT_P3=0
HEAT_1_TEMP=0.0
HEAT_1_DUTY=30

[18:22:48.681 EBOX]
TS=1786201837.090
V_SENSE5=0.97412109375
V_SENSE9=0.03173828125
V_SENSE12=0.146484375
ADC_V5=4.87640380859375
ADC_V9=9.0802001953125
ADC_V12=11.575927734375
ADC_V28=27.07244873046875
PG_5=0
PG_9=0
PG_12=0
FLT_P2=0
FLT_P3=0
HEAT_1_TEMP=0.0
HEAT_1_DUTY=0
HEAT_2_TEMP=0.0
HEAT_2_DUTY=0
HEAT_3_TEMP=0.0
HEAT_3_DUTY=0
HEAT_4_TEMP=0.0
HEAT_4_DUTY=0

[18:22:48.988 CUBESAT]
TS=1786203167.680
PG_5=1
PG_9=0
PG_12=0
FLT_P2=0
FLT_P3=0
HEAT_1_TEMP=0.0
HEAT_1_DUTY=0

[18:22:50.721 EBOX]
TS=1786201839.093
V_SENSE5=0.94970703125
V_SENSE9=0.03662109375
V_SENSE12=0.1220703125
ADC_V5=5.00030517578125
ADC_V9=8.9031982421875
ADC_V12=11.6644287109375
ADC_V28=26.9219970703125
PG_5=0
PG_9=0
PG_12=0
FLT_P2=0
FLT_P3=0
HEAT_1_TEMP=0.0
HEAT_1_DUTY=0
HEAT_2_TEMP=0.0
HEAT_2_DUTY=30
HEAT_3_TEMP=0.0
HEAT_3_DUTY=0
HEAT_4_TEMP=0.0
HEAT_4_DUTY=0

[18:22:51.029 CUBESAT]
TS=1786203169.683
PG_5=1
PG_9=0
PG_12=0
FLT_P2=0
FLT_P3=0
HEAT_1_TEMP=0.0
HEAT_1_DUTY=0

[18:22:52.674 EBOX]
TS=1786201841.095
V_SENSE5=0.71533203125
V_SENSE9=2.1337890625
V_SENSE12=0.078125
ADC_V5=4.9383544921875
ADC_V9=9.2926025390625
ADC_V12=11.5228271484375
ADC_V28=26.7803955078125
PG_5=0
PG_9=0
PG_12=0
FLT_P2=0
FLT_P3=0
HEAT_1_TEMP=0.0
HEAT_1_DUTY=0
HEAT_2_TEMP=0.0
HEAT_2_DUTY=0
HEAT_3_TEMP=0.0
HEAT_3_DUTY=0
HEAT_4_TEMP=0.0
HEAT_4_DUTY=30

[18:22:52.981 CUBESAT]
TS=1786203171.685
PG_5=1
PG_9=0
PG_12=0
FLT_P2=0
FLT_P3=0
HEAT_1_TEMP=0.0
HEAT_1_DUTY=0

[18:22:54.715 EBOX]
TS=1786201843.098
V_SENSE5=0.70068359375
V_SENSE9=1.1328125
V_SENSE12=0.23681640625
ADC_V5=4.89410400390625
ADC_V9=9.17755126953125
ADC_V12=11.8768310546875
ADC_V28=26.38214111328125
PG_5=0
PG_9=0
PG_12=0
FLT_P2=0
FLT_P3=0
HEAT_1_TEMP=0.0
HEAT_1_DUTY=0
HEAT_2_TEMP=0.0
HEAT_2_DUTY=0
HEAT_3_TEMP=0.0
HEAT_3_DUTY=0
HEAT_4_TEMP=0.0
HEAT_4_DUTY=0

[18:22:55.022 CUBESAT]
TS=1786203173.687
PG_5=1
PG_9=0
PG_12=0
FLT_P2=0
FLT_P3=0
HEAT_1_TEMP=0.0
HEAT_1_DUTY=0

[18:22:56.650 EBOX]
TS=1786201845.098
V_SENSE5=0.9423828125
V_SENSE9=0.029296875
V_SENSE12=0.13427734375
ADC_V5=4.9383544921875
ADC_V9=9.38995361328125
ADC_V12=11.5582275390625
ADC_V28=26.7449951171875
PG_5=0
PG_9=0
PG_12=0
FLT_P2=0
FLT_P3=0
HEAT_1_TEMP=0.0
HEAT_1_DUTY=0
HEAT_2_TEMP=0.0
HEAT_2_DUTY=0
HEAT_3_TEMP=0.0
HEAT_3_DUTY=0
HEAT_4_TEMP=0.0
HEAT_4_DUTY=0

[18:22:57.055 CUBESAT]
TS=1786203175.689
PG_5=1
PG_9=0
PG_12=0
FLT_P2=0
FLT_P3=0
HEAT_1_TEMP=0.0
HEAT_1_DUTY=30

[18:22:58.690 EBOX]
TS=1786201847.101
V_SENSE5=0.9228515625
V_SENSE9=0.0390625
V_SENSE12=0.15380859375
ADC_V5=4.84100341796875
ADC_V9=9.08905029296875
ADC_V12=11.6644287109375
ADC_V28=26.6387939453125
PG_5=0
PG_9=0
PG_12=0
FLT_P2=0
FLT_P3=0
HEAT_1_TEMP=0.0
HEAT_1_DUTY=0
HEAT_2_TEMP=0.0
HEAT_2_DUTY=30
HEAT_3_TEMP=0.0
HEAT_3_DUTY=0
HEAT_4_TEMP=0.0
HEAT_4_DUTY=0

[18:22:58.995 CUBESAT]
TS=1786203177.690
PG_5=1
PG_9=0
PG_12=0
FLT_P2=0
FLT_P3=0
HEAT_1_TEMP=0.0
HEAT_1_DUTY=0

[18:23:00.743 EBOX]
TS=1786201849.102
V_SENSE5=0.67138671875
V_SENSE9=1.884765625
V_SENSE12=0.04150390625
ADC_V5=4.849853515625
ADC_V9=9.168701171875
ADC_V12=11.90338134765625
ADC_V28=26.25823974609375
PG_5=0
PG_9=0
PG_12=0
FLT_P2=0
FLT_P3=0
HEAT_1_TEMP=0.0
HEAT_1_DUTY=0
HEAT_2_TEMP=0.0
HEAT_2_DUTY=0
HEAT_3_TEMP=0.0
HEAT_3_DUTY=0
HEAT_4_TEMP=0.0
HEAT_4_DUTY=30

[18:23:01.049 CUBESAT]
TS=1786203179.692
PG_5=1
PG_9=0
PG_12=0
FLT_P2=0
FLT_P3=0
HEAT_1_TEMP=0.0
HEAT_1_DUTY=0

[18:23:02.691 EBOX]
TS=1786201851.108
V_SENSE5=0.63720703125
V_SENSE9=1.35498046875
V_SENSE12=0.0341796875
ADC_V5=4.991455078125
ADC_V9=9.19525146484375
ADC_V12=11.89453125
ADC_V28=25.97503662109375
PG_5=0
PG_9=0
PG_12=0
FLT_P2=0
FLT_P3=0
HEAT_1_TEMP=0.0
HEAT_1_DUTY=0
HEAT_2_TEMP=0.0
HEAT_2_DUTY=0
HEAT_3_TEMP=0.0
HEAT_3_DUTY=0
HEAT_4_TEMP=0.0
HEAT_4_DUTY=0

[18:23:02.997 CUBESAT]
TS=1786203181.693
PG_5=1
PG_9=0
PG_12=0
FLT_P2=0
FLT_P3=0
HEAT_1_TEMP=0.0
HEAT_1_DUTY=0

[18:23:04.732 EBOX]
TS=1786201853.110
V_SENSE5=0.888671875
V_SENSE9=0.03662109375
V_SENSE12=0.19287109375
ADC_V5=5.08880615234375
ADC_V9=9.08905029296875
ADC_V12=11.5936279296875
ADC_V28=26.83349609375
PG_5=0
PG_9=0
PG_12=0
FLT_P2=0
FLT_P3=0
HEAT_1_TEMP=0.0
HEAT_1_DUTY=0
HEAT_2_TEMP=0.0
HEAT_2_DUTY=0
HEAT_3_TEMP=0.0
HEAT_3_DUTY=0
HEAT_4_TEMP=0.0
HEAT_4_DUTY=0

[18:23:05.037 CUBESAT]
TS=1786203185.697
PG_5=1
PG_9=0
PG_12=0
FLT_P2=0
FLT_P3=0
HEAT_1_TEMP=0.0
HEAT_1_DUTY=0

[18:23:06.674 EBOX]
TS=1786201855.109
V_SENSE5=0.96435546875
V_SENSE9=0.03662109375
V_SENSE12=0.126953125
ADC_V5=4.94720458984375
ADC_V9=9.2572021484375
ADC_V12=11.8768310546875
ADC_V28=26.20513916015625
PG_5=0
PG_9=0
PG_12=0
FLT_P2=0
FLT_P3=0
HEAT_1_TEMP=0.0
HEAT_1_DUTY=0
HEAT_2_TEMP=0.0
HEAT_2_DUTY=30
HEAT_3_TEMP=0.0
HEAT_3_DUTY=0
HEAT_4_TEMP=0.0
HEAT_4_DUTY=0

[18:23:07.079 CUBESAT]
TS=1786203187.699
PG_5=1
PG_9=0
PG_12=0
FLT_P2=0
FLT_P3=0
HEAT_1_TEMP=0.0
HEAT_1_DUTY=0

[18:23:08.721 EBOX]
TS=1786201857.115
V_SENSE5=1.04248046875
V_SENSE9=1.29638671875
V_SENSE12=0.30517578125
ADC_V5=4.9383544921875
ADC_V9=9.2572021484375
ADC_V12=11.82373046875
ADC_V28=26.13433837890625
PG_5=0
PG_9=0
PG_12=0
FLT_P2=0
FLT_P3=0
HEAT_1_TEMP=0.0
HEAT_1_DUTY=0
HEAT_2_TEMP=0.0
HEAT_2_DUTY=0
HEAT_3_TEMP=0.0
HEAT_3_DUTY=0
HEAT_4_TEMP=0.0
HEAT_4_DUTY=30

[18:23:09.027 CUBESAT]
TS=1786203189.701
PG_5=1
PG_9=0
PG_12=0
FLT_P2=0
FLT_P3=0
HEAT_1_TEMP=0.0
HEAT_1_DUTY=0

[18:23:10.657 EBOX]
TS=1786201859.113
V_SENSE5=1.20849609375
V_SENSE9=0.99853515625
V_SENSE12=0.09765625
ADC_V5=4.920654296875
ADC_V9=9.3634033203125
ADC_V12=11.90338134765625
ADC_V28=25.78033447265625
PG_5=0
PG_9=0
PG_12=0
FLT_P2=0
FLT_P3=0
HEAT_1_TEMP=0.0
HEAT_1_DUTY=0
HEAT_2_TEMP=0.0
HEAT_2_DUTY=0
HEAT_3_TEMP=0.0
HEAT_3_DUTY=0
HEAT_4_TEMP=0.0
HEAT_4_DUTY=0

[18:23:11.065 CUBESAT]
TS=1786203191.703
PG_5=1
PG_9=0
PG_12=0
FLT_P2=0
FLT_P3=0
HEAT_1_TEMP=0.0
HEAT_1_DUTY=0

[18:23:12.704 EBOX]
TS=1786201861.115
V_SENSE5=0.97412109375
V_SENSE9=0.03662109375
V_SENSE12=0.18310546875
ADC_V5=4.94720458984375
ADC_V9=9.27490234375
ADC_V12=11.85028076171875
ADC_V28=26.77154541015625
PG_5=0
PG_9=0
PG_12=0
FLT_P2=0
FLT_P3=0
HEAT_1_TEMP=0.0
HEAT_1_DUTY=0
HEAT_2_TEMP=0.0
HEAT_2_DUTY=0
HEAT_3_TEMP=0.0
HEAT_3_DUTY=0
HEAT_4_TEMP=0.0
HEAT_4_DUTY=0

[18:23:13.011 CUBESAT]
TS=1786203193.706
PG_5=1
PG_9=0
PG_12=0
FLT_P2=0
FLT_P3=0
HEAT_1_TEMP=0.0
HEAT_1_DUTY=30

[18:23:14.752 EBOX]
TS=1786201863.116
V_SENSE5=0.9375
V_SENSE9=0.03662109375
V_SENSE12=0.1416015625
ADC_V5=4.9560546875
ADC_V9=9.027099609375
ADC_V12=11.6998291015625
ADC_V28=26.4617919921875
PG_5=0
PG_9=0
PG_12=0
FLT_P2=0
FLT_P3=0
HEAT_1_TEMP=0.0
HEAT_1_DUTY=0
HEAT_2_TEMP=0.0
HEAT_2_DUTY=0
HEAT_3_TEMP=0.0
HEAT_3_DUTY=30
HEAT_4_TEMP=0.0
HEAT_4_DUTY=0

[18:23:15.058 CUBESAT]
TS=1786203195.708
PG_5=1
PG_9=0
PG_12=0
FLT_P2=0
FLT_P3=0
HEAT_1_TEMP=0.0
HEAT_1_DUTY=0

[18:23:16.687 EBOX]
TS=1786201865.120
V_SENSE5=0.80810546875
V_SENSE9=1.5869140625
V_SENSE12=0.07568359375
ADC_V5=5.00030517578125
ADC_V9=9.31915283203125
ADC_V12=11.505126953125
ADC_V28=26.4794921875
PG_5=0
PG_9=0
PG_12=0
FLT_P2=0
FLT_P3=0
HEAT_1_TEMP=0.0
HEAT_1_DUTY=30
HEAT_2_TEMP=0.0
HEAT_2_DUTY=0
HEAT_3_TEMP=0.0
HEAT_3_DUTY=0
HEAT_4_TEMP=0.0
HEAT_4_DUTY=0

[18:23:17.096 CUBESAT]
TS=1786203197.710
PG_5=1
PG_9=0
PG_12=0
FLT_P2=0
FLT_P3=0
HEAT_1_TEMP=0.0
HEAT_1_DUTY=0

[18:23:18.740 EBOX]
TS=1786201867.122
V_SENSE5=1.3134765625
V_SENSE9=1.42822265625
V_SENSE12=0.08544921875
ADC_V5=4.9737548828125
ADC_V9=9.168701171875
ADC_V12=11.788330078125
ADC_V28=25.90423583984375
PG_5=0
PG_9=0
PG_12=0
FLT_P2=0
FLT_P3=0
HEAT_1_TEMP=0.0
HEAT_1_DUTY=0
HEAT_2_TEMP=0.0
HEAT_2_DUTY=0
HEAT_3_TEMP=0.0
HEAT_3_DUTY=0
HEAT_4_TEMP=0.0
HEAT_4_DUTY=0

[18:23:19.046 CUBESAT]
TS=1786203199.711
PG_5=1
PG_9=0
PG_12=0
FLT_P2=0
FLT_P3=0
HEAT_1_TEMP=0.0
HEAT_1_DUTY=0

[18:23:20.674 EBOX]
TS=1786201869.125
V_SENSE5=0.87646484375
V_SENSE9=0.03662109375
V_SENSE12=0.1171875
ADC_V5=4.87640380859375
ADC_V9=9.21295166015625
ADC_V12=11.8414306640625
ADC_V28=27.12554931640625
PG_5=0
PG_9=0
PG_12=0
FLT_P2=0
FLT_P3=0
HEAT_1_TEMP=0.0
HEAT_1_DUTY=0
HEAT_2_TEMP=0.0
HEAT_2_DUTY=0
HEAT_3_TEMP=0.0
HEAT_3_DUTY=0
HEAT_4_TEMP=0.0
HEAT_4_DUTY=0

[18:23:21.080 CUBESAT]
TS=1786203201.714
PG_5=1
PG_9=0
PG_12=0
FLT_P2=0
FLT_P3=0
HEAT_1_TEMP=0.0
HEAT_1_DUTY=0

[18:23:22.710 EBOX]
TS=1786201871.125
V_SENSE5=0.9228515625
V_SENSE9=0.03662109375
V_SENSE12=0.11962890625
ADC_V5=4.8675537109375
ADC_V9=9.27490234375
ADC_V12=11.54052734375
ADC_V28=26.8865966796875
PG_5=0
PG_9=0
PG_12=0
FLT_P2=0
FLT_P3=0
HEAT_1_TEMP=0.0
HEAT_1_DUTY=0
HEAT_2_TEMP=0.0
HEAT_2_DUTY=0
HEAT_3_TEMP=0.0
HEAT_3_DUTY=30
HEAT_4_TEMP=0.0
HEAT_4_DUTY=0

[18:23:23.016 CUBESAT]
TS=1786203203.716
PG_5=1
PG_9=0
PG_12=0
FLT_P2=0
FLT_P3=0
HEAT_1_TEMP=0.0
HEAT_1_DUTY=30

[18:23:24.768 EBOX]
TS=1786201873.130
V_SENSE5=0.99609375
V_SENSE9=1.26953125
V_SENSE12=0.03173828125
ADC_V5=5.0091552734375
ADC_V9=9.27490234375
ADC_V12=11.95648193359375
ADC_V28=26.7626953125
PG_5=0
PG_9=0
PG_12=0
FLT_P2=0
FLT_P3=0
HEAT_1_TEMP=0.0
HEAT_1_DUTY=30
HEAT_2_TEMP=0.0
HEAT_2_DUTY=0
HEAT_3_TEMP=0.0
HEAT_3_DUTY=0
HEAT_4_TEMP=0.0
HEAT_4_DUTY=0

[18:23:25.073 CUBESAT]
TS=1786203205.718
PG_5=1
PG_9=0
PG_12=0
FLT_P2=0
FLT_P3=0
HEAT_1_TEMP=0.0
HEAT_1_DUTY=0

[18:23:26.702 EBOX]
TS=1786201875.129
V_SENSE5=1.22802734375
V_SENSE9=0.87890625
V_SENSE12=0.04638671875
ADC_V5=5.0091552734375
ADC_V9=9.3634033203125
ADC_V12=11.611328125
ADC_V28=25.97503662109375
PG_5=0
PG_9=0
PG_12=0
FLT_P2=0
FLT_P3=0
HEAT_1_TEMP=0.0
HEAT_1_DUTY=0
HEAT_2_TEMP=0.0
HEAT_2_DUTY=0
HEAT_3_TEMP=0.0
HEAT_3_DUTY=0
HEAT_4_TEMP=0.0
HEAT_4_DUTY=0

[18:23:27.108 CUBESAT]
TS=1786203207.720
PG_5=1
PG_9=0
PG_12=0
FLT_P2=0
FLT_P3=0
HEAT_1_TEMP=0.0
HEAT_1_DUTY=0

[18:23:28.739 EBOX]
TS=1786201877.134
V_SENSE5=0.8984375
V_SENSE9=0.0341796875
V_SENSE12=0.146484375
ADC_V5=4.92950439453125
ADC_V9=9.3634033203125
ADC_V12=11.8060302734375
ADC_V28=27.09014892578125
PG_5=0
PG_9=0
PG_12=0
FLT_P2=0
FLT_P3=0
HEAT_1_TEMP=0.0
HEAT_1_DUTY=0
HEAT_2_TEMP=0.0
HEAT_2_DUTY=0
HEAT_3_TEMP=0.0
HEAT_3_DUTY=0
HEAT_4_TEMP=0.0
HEAT_4_DUTY=0

[18:23:29.046 CUBESAT]
TS=1786203209.723
PG_5=1
PG_9=0
PG_12=0
FLT_P2=0
FLT_P3=0
HEAT_1_TEMP=0.0
HEAT_1_DUTY=0

[18:23:30.776 EBOX]
TS=1786201879.136
V_SENSE5=0.8984375
V_SENSE9=0.0341796875
V_SENSE12=0.1171875
ADC_V5=4.920654296875
ADC_V9=9.05364990234375
ADC_V12=11.5228271484375
ADC_V28=26.12548828125
PG_5=0
PG_9=0
PG_12=0
FLT_P2=0
FLT_P3=0
HEAT_1_TEMP=0.0
HEAT_1_DUTY=0
HEAT_2_TEMP=0.0
HEAT_2_DUTY=0
HEAT_3_TEMP=0.0
HEAT_3_DUTY=30
HEAT_4_TEMP=0.0
HEAT_4_DUTY=0

[18:23:31.083 CUBESAT]
TS=1786203211.725
PG_5=1
PG_9=0
PG_12=0
FLT_P2=0
FLT_P3=0
HEAT_1_TEMP=0.0
HEAT_1_DUTY=0

[18:23:32.712 EBOX]
TS=1786201881.136
V_SENSE5=1.46240234375
V_SENSE9=1.12060546875
V_SENSE12=0.0439453125
ADC_V5=4.91180419921875
ADC_V9=9.33685302734375
ADC_V12=11.575927734375
ADC_V28=26.70074462890625
PG_5=0
PG_9=0
PG_12=0
FLT_P2=0
FLT_P3=0
HEAT_1_TEMP=0.0
HEAT_1_DUTY=30
HEAT_2_TEMP=0.0
HEAT_2_DUTY=0
HEAT_3_TEMP=0.0
HEAT_3_DUTY=0
HEAT_4_TEMP=0.0
HEAT_4_DUTY=0

[18:23:33.020 CUBESAT]
TS=1786203213.727
PG_5=1
PG_9=0
PG_12=0
FLT_P2=0
FLT_P3=0
HEAT_1_TEMP=0.0
HEAT_1_DUTY=30

[18:23:34.752 EBOX]
TS=1786201883.141
V_SENSE5=0.5712890625
V_SENSE9=1.53076171875
V_SENSE12=0.09765625
ADC_V5=5.02685546875
ADC_V9=9.44305419921875
ADC_V12=11.5228271484375
ADC_V28=26.86004638671875
PG_5=0
PG_9=0
PG_12=0
FLT_P2=0
FLT_P3=0
HEAT_1_TEMP=0.0
HEAT_1_DUTY=0
HEAT_2_TEMP=0.0
HEAT_2_DUTY=0
HEAT_3_TEMP=0.0
HEAT_3_DUTY=0
HEAT_4_TEMP=0.0
HEAT_4_DUTY=0

[18:23:35.057 CUBESAT]
TS=1786203215.729
PG_5=1
PG_9=0
PG_12=0
FLT_P2=0
FLT_P3=0
HEAT_1_TEMP=0.0
HEAT_1_DUTY=0

[18:23:36.713 EBOX]
TS=1786201885.140
V_SENSE5=0.9521484375
V_SENSE9=0.0390625
V_SENSE12=0.126953125
ADC_V5=4.98260498046875
ADC_V9=9.2041015625
ADC_V12=11.63787841796875
ADC_V28=26.55914306640625
PG_5=0
PG_9=0
PG_12=0
FLT_P2=0
FLT_P3=0
HEAT_1_TEMP=0.0
HEAT_1_DUTY=0
HEAT_2_TEMP=0.0
HEAT_2_DUTY=0
HEAT_3_TEMP=0.0
HEAT_3_DUTY=0
HEAT_4_TEMP=0.0
HEAT_4_DUTY=0

[18:23:37.121 CUBESAT]
TS=1786203217.732
PG_5=1
PG_9=0
PG_12=0
FLT_P2=0
FLT_P3=0
HEAT_1_TEMP=0.0
HEAT_1_DUTY=0

[18:23:38.779 EBOX]
TS=1786201887.144
V_SENSE5=0.9033203125
V_SENSE9=0.03662109375
V_SENSE12=0.15380859375
ADC_V5=4.9737548828125
ADC_V9=9.2926025390625
ADC_V12=11.63787841796875
ADC_V28=26.86004638671875
PG_5=0
PG_9=0
PG_12=0
FLT_P2=0
FLT_P3=0
HEAT_1_TEMP=0.0
HEAT_1_DUTY=0
HEAT_2_TEMP=0.0
HEAT_2_DUTY=0
HEAT_3_TEMP=0.0
HEAT_3_DUTY=30
HEAT_4_TEMP=0.0
HEAT_4_DUTY=0

[18:23:39.085 CUBESAT]
TS=1786203219.734
PG_5=1
PG_9=0
PG_12=0
FLT_P2=0
FLT_P3=0
HEAT_1_TEMP=0.0
HEAT_1_DUTY=30

[18:23:40.715 EBOX]
TS=1786201889.144
V_SENSE5=1.4013671875
V_SENSE9=1.630859375
V_SENSE12=0.322265625
ADC_V5=5.0091552734375
ADC_V9=9.345703125
ADC_V12=11.58477783203125
ADC_V28=26.32904052734375
PG_5=0
PG_9=0
PG_12=0
FLT_P2=0
FLT_P3=0
HEAT_1_TEMP=0.0
HEAT_1_DUTY=30
HEAT_2_TEMP=0.0
HEAT_2_DUTY=0
HEAT_3_TEMP=0.0
HEAT_3_DUTY=0
HEAT_4_TEMP=0.0
HEAT_4_DUTY=0

[18:23:41.122 CUBESAT]
TS=1786203221.736
PG_5=1
PG_9=0
PG_12=0
FLT_P2=0
FLT_P3=0
HEAT_1_TEMP=0.0
HEAT_1_DUTY=0

[18:23:42.762 EBOX]
TS=1786201891.149
V_SENSE5=0.69091796875
V_SENSE9=1.93603515625
V_SENSE12=0.16845703125
ADC_V5=4.9560546875
ADC_V9=9.33685302734375
ADC_V12=11.95648193359375
ADC_V28=26.86004638671875
PG_5=0
PG_9=0
PG_12=0
FLT_P2=0
FLT_P3=0
HEAT_1_TEMP=0.0
HEAT_1_DUTY=0
HEAT_2_TEMP=0.0
HEAT_2_DUTY=0
HEAT_3_TEMP=0.0
HEAT_3_DUTY=0
HEAT_4_TEMP=0.0
HEAT_4_DUTY=0

[18:23:43.067 CUBESAT]
TS=1786203223.737
PG_5=1
PG_9=0
PG_12=0
FLT_P2=0
FLT_P3=0
HEAT_1_TEMP=0.0
HEAT_1_DUTY=0

[18:23:44.796 EBOX]
TS=1786201893.147
V_SENSE5=0.99609375
V_SENSE9=0.0390625
V_SENSE12=0.1416015625
ADC_V5=4.8675537109375
ADC_V9=9.4873046875
ADC_V12=11.79718017578125
ADC_V28=26.18743896484375
PG_5=0
PG_9=0
PG_12=0
FLT_P2=0
FLT_P3=0
HEAT_1_TEMP=0.0
HEAT_1_DUTY=0
HEAT_2_TEMP=0.0
HEAT_2_DUTY=0
HEAT_3_TEMP=0.0
HEAT_3_DUTY=0
HEAT_4_TEMP=0.0
HEAT_4_DUTY=0

[18:23:45.105 CUBESAT]
TS=1786203225.740
PG_5=1
PG_9=0
PG_12=0
FLT_P2=0
FLT_P3=0
HEAT_1_TEMP=0.0
HEAT_1_DUTY=0

[18:23:46.747 EBOX]
TS=1786201895.151
V_SENSE5=0.8544921875
V_SENSE9=0.03662109375
V_SENSE12=0.1220703125
ADC_V5=5.0091552734375
ADC_V9=9.01824951171875
ADC_V12=11.6644287109375
ADC_V28=26.52374267578125
PG_5=0
PG_9=0
PG_12=0
FLT_P2=0
FLT_P3=0
HEAT_1_TEMP=0.0
HEAT_1_DUTY=0
HEAT_2_TEMP=0.0
HEAT_2_DUTY=0
HEAT_3_TEMP=0.0
HEAT_3_DUTY=30
HEAT_4_TEMP=0.0
HEAT_4_DUTY=0

[18:23:47.053 CUBESAT]
TS=1786203227.742
PG_5=1
PG_9=0
PG_12=0
FLT_P2=0
FLT_P3=0
HEAT_1_TEMP=0.0
HEAT_1_DUTY=0

[18:23:48.805 EBOX]
TS=1786201897.151
V_SENSE5=0.62744140625
V_SENSE9=1.00830078125
V_SENSE12=0.263671875
ADC_V5=4.82330322265625
ADC_V9=9.310302734375
ADC_V12=11.49627685546875
ADC_V28=26.55914306640625
PG_5=0
PG_9=0
PG_12=0
FLT_P2=0
FLT_P3=0
HEAT_1_TEMP=0.0
HEAT_1_DUTY=30
HEAT_2_TEMP=0.0
HEAT_2_DUTY=0
HEAT_3_TEMP=0.0
HEAT_3_DUTY=0
HEAT_4_TEMP=0.0
HEAT_4_DUTY=0

[18:23:49.109 CUBESAT]
TS=1786203229.744
PG_5=1
PG_9=0
PG_12=0
FLT_P2=0
FLT_P3=0
HEAT_1_TEMP=0.0
HEAT_1_DUTY=30

[18:23:50.741 EBOX]
TS=1786201899.154
V_SENSE5=0.49072265625
V_SENSE9=1.34765625
V_SENSE12=0.2294921875
ADC_V5=4.91180419921875
ADC_V9=9.3988037109375
ADC_V12=11.68212890625
ADC_V28=26.70074462890625
PG_5=0
PG_9=0
PG_12=0
FLT_P2=0
FLT_P3=0
HEAT_1_TEMP=0.0
HEAT_1_DUTY=0
HEAT_2_TEMP=0.0
HEAT_2_DUTY=0
HEAT_3_TEMP=0.0
HEAT_3_DUTY=0
HEAT_4_TEMP=0.0
HEAT_4_DUTY=0

[18:23:51.047 CUBESAT]
TS=1786203231.746
PG_5=1
PG_9=0
PG_12=0
FLT_P2=0
FLT_P3=0
HEAT_1_TEMP=0.0
HEAT_1_DUTY=0

[18:23:52.776 EBOX]
TS=1786201901.155
V_SENSE5=0.97412109375
V_SENSE9=0.0390625
V_SENSE12=0.11962890625
ADC_V5=5.03570556640625
ADC_V9=9.40765380859375
ADC_V12=11.83258056640625
ADC_V28=26.9573974609375
PG_5=0
PG_9=0
PG_12=0
FLT_P2=0
FLT_P3=0
HEAT_1_TEMP=0.0
HEAT_1_DUTY=0
HEAT_2_TEMP=0.0
HEAT_2_DUTY=0
HEAT_3_TEMP=0.0
HEAT_3_DUTY=0
HEAT_4_TEMP=0.0
HEAT_4_DUTY=0

[18:23:53.081 CUBESAT]
TS=1786203233.748
PG_5=1
PG_9=0
PG_12=0
FLT_P2=0
FLT_P3=0
HEAT_1_TEMP=0.0
HEAT_1_DUTY=0

[18:23:54.813 EBOX]
TS=1786201903.158
V_SENSE5=0.95703125
V_SENSE9=0.03662109375
V_SENSE12=0.1171875
ADC_V5=4.94720458984375
ADC_V9=9.44305419921875
ADC_V12=11.929931640625
ADC_V28=26.2847900390625
PG_5=0
PG_9=0
PG_12=0
FLT_P2=0
FLT_P3=0
HEAT_1_TEMP=0.0
HEAT_1_DUTY=0
HEAT_2_TEMP=0.0
HEAT_2_DUTY=0
HEAT_3_TEMP=0.0
HEAT_3_DUTY=30
HEAT_4_TEMP=0.0
HEAT_4_DUTY=0

[18:23:55.118 CUBESAT]
TS=1786203235.750
PG_5=1
PG_9=0
PG_12=0
FLT_P2=0
FLT_P3=0
HEAT_1_TEMP=0.0
HEAT_1_DUTY=0

[18:23:56.749 EBOX]
TS=1786201905.162
V_SENSE5=0.81787109375
V_SENSE9=1.337890625
V_SENSE12=0.029296875
ADC_V5=4.87640380859375
ADC_V9=9.2926025390625
ADC_V12=11.58477783203125
ADC_V28=26.80694580078125
PG_5=0
PG_9=0
PG_12=0
FLT_P2=0
FLT_P3=0
HEAT_1_TEMP=0.0
HEAT_1_DUTY=30
HEAT_2_TEMP=0.0
HEAT_2_DUTY=0
HEAT_3_TEMP=0.0
HEAT_3_DUTY=0
HEAT_4_TEMP=0.0
HEAT_4_DUTY=0

[18:23:57.055 CUBESAT]
TS=1786203237.751
PG_5=1
PG_9=0
PG_12=0
FLT_P2=0
FLT_P3=0
HEAT_1_TEMP=0.0
HEAT_1_DUTY=0

[18:23:58.806 EBOX]
TS=1786201907.166
V_SENSE5=1.36474609375
V_SENSE9=2.685546875
V_SENSE12=0.263671875
ADC_V5=5.23040771484375
ADC_V9=9.17755126953125
ADC_V12=11.8768310546875
ADC_V28=26.9573974609375
PG_5=0
PG_9=0
PG_12=0
FLT_P2=0
FLT_P3=0
HEAT_1_TEMP=0.0
HEAT_1_DUTY=0
HEAT_2_TEMP=0.0
HEAT_2_DUTY=0
HEAT_3_TEMP=0.0
HEAT_3_DUTY=0
HEAT_4_TEMP=0.0
HEAT_4_DUTY=0

[18:23:59.110 CUBESAT]
TS=1786203239.754
PG_5=1
PG_9=0
PG_12=0
FLT_P2=0
FLT_P3=0
HEAT_1_TEMP=0.0
HEAT_1_DUTY=30

[18:24:00.740 EBOX]
TS=1786201909.163
V_SENSE5=0.9130859375
V_SENSE9=0.0341796875
V_SENSE12=0.126953125
ADC_V5=5.0091552734375
ADC_V9=9.28375244140625
ADC_V12=11.929931640625
ADC_V28=26.8865966796875
PG_5=0
PG_9=0
PG_12=0
FLT_P2=0
FLT_P3=0
HEAT_1_TEMP=0.0
HEAT_1_DUTY=0
HEAT_2_TEMP=0.0
HEAT_2_DUTY=0
HEAT_3_TEMP=0.0
HEAT_3_DUTY=0
HEAT_4_TEMP=0.0
HEAT_4_DUTY=0

[18:24:01.148 CUBESAT]
TS=1786203241.756
PG_5=1
PG_9=0
PG_12=0
FLT_P2=0
FLT_P3=0
HEAT_1_TEMP=0.0
HEAT_1_DUTY=0

[18:24:02.778 EBOX]
TS=1786201911.165
V_SENSE5=0.927734375
V_SENSE9=0.0390625
V_SENSE12=0.1123046875
ADC_V5=4.91180419921875
ADC_V9=9.1156005859375
ADC_V12=11.9122314453125
ADC_V28=27.07244873046875
PG_5=0
PG_9=0
PG_12=0
FLT_P2=0
FLT_P3=0
HEAT_1_TEMP=0.0
HEAT_1_DUTY=0
HEAT_2_TEMP=0.0
HEAT_2_DUTY=0
HEAT_3_TEMP=0.0
HEAT_3_DUTY=30
HEAT_4_TEMP=0.0
HEAT_4_DUTY=0

[18:24:03.083 CUBESAT]
TS=1786203243.758
PG_5=1
PG_9=0
PG_12=0
FLT_P2=0
FLT_P3=0
HEAT_1_TEMP=0.0
HEAT_1_DUTY=0

[18:24:04.815 EBOX]
TS=1786201913.167
V_SENSE5=1.00341796875
V_SENSE9=1.57958984375
V_SENSE12=0.0341796875
ADC_V5=4.85870361328125
ADC_V9=9.27490234375
ADC_V12=11.9476318359375
ADC_V28=25.90423583984375
PG_5=0
PG_9=0
PG_12=0
FLT_P2=0
FLT_P3=0
HEAT_1_TEMP=0.0
HEAT_1_DUTY=30
HEAT_2_TEMP=0.0
HEAT_2_DUTY=0
HEAT_3_TEMP=0.0
HEAT_3_DUTY=0
HEAT_4_TEMP=0.0
HEAT_4_DUTY=0

[18:24:05.121 CUBESAT]
TS=1786203245.760
PG_5=1
PG_9=0
PG_12=0
FLT_P2=0
FLT_P3=0
HEAT_1_TEMP=0.0
HEAT_1_DUTY=30

[18:24:06.758 EBOX]
TS=1786201915.169
V_SENSE5=0.47607421875
V_SENSE9=1.5380859375
V_SENSE12=0.29296875
ADC_V5=5.15960693359375
ADC_V9=9.0802001953125
ADC_V12=11.7352294921875
ADC_V28=25.8953857421875
PG_5=0
PG_9=0
PG_12=0
FLT_P2=0
FLT_P3=0
HEAT_1_TEMP=0.0
HEAT_1_DUTY=0
HEAT_2_TEMP=0.0
HEAT_2_DUTY=0
HEAT_3_TEMP=0.0
HEAT_3_DUTY=0
HEAT_4_TEMP=0.0
HEAT_4_DUTY=0

[18:24:07.064 CUBESAT]
TS=1786203247.763
PG_5=1
PG_9=0
PG_12=0
FLT_P2=0
FLT_P3=0
HEAT_1_TEMP=0.0
HEAT_1_DUTY=0

[18:24:08.816 EBOX]
TS=1786201917.170
V_SENSE5=0.88623046875
V_SENSE9=0.0390625
V_SENSE12=0.13427734375
ADC_V5=4.89410400390625
ADC_V9=9.168701171875
ADC_V12=11.60247802734375
ADC_V28=26.47064208984375
PG_5=0
PG_9=0
PG_12=0
FLT_P2=0
FLT_P3=0
HEAT_1_TEMP=0.0
HEAT_1_DUTY=0
HEAT_2_TEMP=0.0
HEAT_2_DUTY=0
HEAT_3_TEMP=0.0
HEAT_3_DUTY=0
HEAT_4_TEMP=0.0
HEAT_4_DUTY=0

[18:24:10.777 EBOX]
TS=1786201919.172
V_SENSE5=0.87890625
V_SENSE9=0.0341796875
V_SENSE12=0.12939453125
ADC_V5=5.0091552734375
ADC_V9=9.0625
ADC_V12=11.88568115234375
ADC_V28=26.2847900390625
PG_5=0
PG_9=0
PG_12=0
FLT_P2=0
FLT_P3=0
HEAT_1_TEMP=0.0
HEAT_1_DUTY=0
HEAT_2_TEMP=0.0
HEAT_2_DUTY=0
HEAT_3_TEMP=0.0
HEAT_3_DUTY=30
HEAT_4_TEMP=0.0
HEAT_4_DUTY=0

[18:24:12.831 EBOX]
TS=1786201921.172
V_SENSE5=1.44287109375
V_SENSE9=1.416015625
V_SENSE12=0.078125
ADC_V5=5.01800537109375
ADC_V9=9.28375244140625
ADC_V12=11.86798095703125
ADC_V28=26.904296875
PG_5=0
PG_9=0
PG_12=0
FLT_P2=0
FLT_P3=0
HEAT_1_TEMP=0.0
HEAT_1_DUTY=30
HEAT_2_TEMP=0.0
HEAT_2_DUTY=0
HEAT_3_TEMP=0.0
HEAT_3_DUTY=0
HEAT_4_TEMP=0.0
HEAT_4_DUTY=0

[18:24:14.766 EBOX]
TS=1786201923.178
V_SENSE5=0.4931640625
V_SENSE9=1.14990234375
V_SENSE12=0.3125
ADC_V5=5.08880615234375
ADC_V9=9.0802001953125
ADC_V12=11.89453125
ADC_V28=26.02813720703125
PG_5=0
PG_9=0
PG_12=0
FLT_P2=0
FLT_P3=0
HEAT_1_TEMP=0.0
HEAT_1_DUTY=0
HEAT_2_TEMP=0.0
HEAT_2_DUTY=0
HEAT_3_TEMP=0.0
HEAT_3_DUTY=0
HEAT_4_TEMP=0.0
HEAT_4_DUTY=0

[18:24:16.803 EBOX]
TS=1786201925.179
V_SENSE5=0.93505859375
V_SENSE9=0.0390625
V_SENSE12=0.146484375
ADC_V5=5.0091552734375
ADC_V9=9.0802001953125
ADC_V12=11.82373046875
ADC_V28=26.7626953125
PG_5=0
PG_9=0
PG_12=0
FLT_P2=0
FLT_P3=0
HEAT_1_TEMP=0.0
HEAT_1_DUTY=0
HEAT_2_TEMP=0.0
HEAT_2_DUTY=0
HEAT_3_TEMP=0.0
HEAT_3_DUTY=0
HEAT_4_TEMP=0.0
HEAT_4_DUTY=0

[18:24:18.841 EBOX]
TS=1786201927.180
V_SENSE5=0.89111328125
V_SENSE9=0.0390625
V_SENSE12=0.1220703125
ADC_V5=4.85870361328125
ADC_V9=8.98284912109375
ADC_V12=11.70867919921875
ADC_V28=26.231689453125
PG_5=0
PG_9=0
PG_12=0
FLT_P2=0
FLT_P3=0
HEAT_1_TEMP=0.0
HEAT_1_DUTY=0
HEAT_2_TEMP=0.0
HEAT_2_DUTY=0
HEAT_3_TEMP=0.0
HEAT_3_DUTY=30
HEAT_4_TEMP=0.0
HEAT_4_DUTY=0

[18:24:20.776 EBOX]
TS=1786201929.184
V_SENSE5=1.298828125
V_SENSE9=1.4306640625
V_SENSE12=0.1513671875
ADC_V5=4.84100341796875
ADC_V9=9.33685302734375
ADC_V12=11.6998291015625
ADC_V28=26.444091796875
PG_5=0
PG_9=0
PG_12=0
FLT_P2=0
FLT_P3=0
HEAT_1_TEMP=0.0
HEAT_1_DUTY=30
HEAT_2_TEMP=0.0
HEAT_2_DUTY=0
HEAT_3_TEMP=0.0
HEAT_3_DUTY=0
HEAT_4_TEMP=0.0
HEAT_4_DUTY=0

[18:24:22.825 EBOX]
TS=1786201931.185
V_SENSE5=0.99365234375
V_SENSE9=1.0693359375
V_SENSE12=0.087890625
ADC_V5=4.92950439453125
ADC_V9=9.3988037109375
ADC_V12=11.859130859375
ADC_V28=26.13433837890625
PG_5=0
PG_9=0
PG_12=0
FLT_P2=0
FLT_P3=0
HEAT_1_TEMP=0.0
HEAT_1_DUTY=0
HEAT_2_TEMP=0.0
HEAT_2_DUTY=0
HEAT_3_TEMP=0.0
HEAT_3_DUTY=0
HEAT_4_TEMP=0.0
HEAT_4_DUTY=0

[18:24:24.777 EBOX]
TS=1786201933.187
V_SENSE5=0.9130859375
V_SENSE9=0.03662109375
V_SENSE12=0.12939453125
ADC_V5=5.01800537109375
ADC_V9=8.956298828125
ADC_V12=11.859130859375
ADC_V28=26.9219970703125
PG_5=0
PG_9=0
PG_12=0
FLT_P2=0
FLT_P3=0
HEAT_1_TEMP=0.0
HEAT_1_DUTY=0
HEAT_2_TEMP=0.0
HEAT_2_DUTY=0
HEAT_3_TEMP=0.0
HEAT_3_DUTY=0
HEAT_4_TEMP=0.0
HEAT_4_DUTY=0

[18:24:26.812 EBOX]
TS=1786201935.189
V_SENSE5=0.9033203125
V_SENSE9=0.0390625
V_SENSE12=0.13427734375
ADC_V5=4.98260498046875
ADC_V9=9.12445068359375
ADC_V12=11.76177978515625
ADC_V28=27.10784912109375
PG_5=0
PG_9=0
PG_12=0
FLT_P2=0
FLT_P3=0
HEAT_1_TEMP=0.0
HEAT_1_DUTY=0
HEAT_2_TEMP=0.0
HEAT_2_DUTY=0
HEAT_3_TEMP=0.0
HEAT_3_DUTY=30
HEAT_4_TEMP=0.0
HEAT_4_DUTY=0

[18:24:28.846 EBOX]
TS=1786201937.191
V_SENSE5=0.7568359375
V_SENSE9=3.01025390625
V_SENSE12=0.029296875
ADC_V5=5.00030517578125
ADC_V9=9.310302734375
ADC_V12=11.51397705078125
ADC_V28=25.86883544921875
PG_5=0
PG_9=0
PG_12=0
FLT_P2=0
FLT_P3=0
HEAT_1_TEMP=0.0
HEAT_1_DUTY=30
HEAT_2_TEMP=0.0
HEAT_2_DUTY=0
HEAT_3_TEMP=0.0
HEAT_3_DUTY=0
HEAT_4_TEMP=0.0
HEAT_4_DUTY=0

[18:24:30.793 EBOX]
TS=1786201939.191
V_SENSE5=0.87890625
V_SENSE9=2.06298828125
V_SENSE12=0.0439453125
ADC_V5=4.9029541015625
ADC_V9=9.3988037109375
ADC_V12=11.62017822265625
ADC_V28=26.73614501953125
PG_5=0
PG_9=0
PG_12=0
FLT_P2=0
FLT_P3=0
HEAT_1_TEMP=0.0
HEAT_1_DUTY=0
HEAT_2_TEMP=0.0
HEAT_2_DUTY=0
HEAT_3_TEMP=0.0
HEAT_3_DUTY=0
HEAT_4_TEMP=0.0
HEAT_4_DUTY=0

[18:24:32.826 EBOX]
TS=1786201941.193
V_SENSE5=0.88134765625
V_SENSE9=0.04638671875
V_SENSE12=0.1416015625
ADC_V5=4.91180419921875
ADC_V9=9.1156005859375
ADC_V12=11.82373046875
ADC_V28=26.96624755859375
PG_5=0
PG_9=0
PG_12=0
FLT_P2=0
FLT_P3=0
HEAT_1_TEMP=0.0
HEAT_1_DUTY=0
HEAT_2_TEMP=0.0
HEAT_2_DUTY=0
HEAT_3_TEMP=0.0
HEAT_3_DUTY=0
HEAT_4_TEMP=0.0
HEAT_4_DUTY=0

[18:24:34.861 EBOX]
TS=1786201943.196
V_SENSE5=0.91796875
V_SENSE9=0.0341796875
V_SENSE12=0.126953125
ADC_V5=4.8675537109375
ADC_V9=9.0093994140625
ADC_V12=11.93878173828125
ADC_V28=26.3201904296875
PG_5=0
PG_9=0
PG_12=0
FLT_P2=0
FLT_P3=0
HEAT_1_TEMP=0.0
HEAT_1_DUTY=0
HEAT_2_TEMP=0.0
HEAT_2_DUTY=0
HEAT_3_TEMP=0.0
HEAT_3_DUTY=30
HEAT_4_TEMP=0.0
HEAT_4_DUTY=0

[18:24:36.795 EBOX]
TS=1786201945.198
V_SENSE5=0.90087890625
V_SENSE9=1.4892578125
V_SENSE12=0.0341796875
ADC_V5=5.03570556640625
ADC_V9=9.381103515625
ADC_V12=11.717529296875
ADC_V28=26.83349609375
PG_5=0
PG_9=0
PG_12=0
FLT_P2=0
FLT_P3=0
HEAT_1_TEMP=0.0
HEAT_1_DUTY=30
HEAT_2_TEMP=0.0
HEAT_2_DUTY=0
HEAT_3_TEMP=0.0
HEAT_3_DUTY=0
HEAT_4_TEMP=0.0
HEAT_4_DUTY=0

[18:24:38.832 EBOX]
TS=1786201947.200
V_SENSE5=0.47607421875
V_SENSE9=0.93994140625
V_SENSE12=0.02685546875
ADC_V5=4.991455078125
ADC_V9=9.0802001953125
ADC_V12=11.68212890625
ADC_V28=26.7449951171875
PG_5=0
PG_9=0
PG_12=0
FLT_P2=0
FLT_P3=0
HEAT_1_TEMP=0.0
HEAT_1_DUTY=0
HEAT_2_TEMP=0.0
HEAT_2_DUTY=0
HEAT_3_TEMP=0.0
HEAT_3_DUTY=0
HEAT_4_TEMP=0.0
HEAT_4_DUTY=0

[18:24:40.864 EBOX]
TS=1786201949.203
V_SENSE5=0.88623046875
V_SENSE9=0.0390625
V_SENSE12=0.12451171875
ADC_V5=4.82330322265625
ADC_V9=9.2218017578125
ADC_V12=11.51397705078125
ADC_V28=26.656494140625
PG_5=0
PG_9=0
PG_12=0
FLT_P2=0
FLT_P3=0
HEAT_1_TEMP=0.0
HEAT_1_DUTY=0
HEAT_2_TEMP=0.0
HEAT_2_DUTY=0
HEAT_3_TEMP=0.0
HEAT_3_DUTY=0
HEAT_4_TEMP=0.0
HEAT_4_DUTY=0

[18:24:42.797 EBOX]
TS=1786201951.206
V_SENSE5=0.8740234375
V_SENSE9=0.03662109375
V_SENSE12=0.13916015625
ADC_V5=4.9737548828125
ADC_V9=8.96514892578125
ADC_V12=11.90338134765625
ADC_V28=27.07244873046875
PG_5=0
PG_9=0
PG_12=0
FLT_P2=0
FLT_P3=0
HEAT_1_TEMP=0.0
HEAT_1_DUTY=0
HEAT_2_TEMP=0.0
HEAT_2_DUTY=0
HEAT_3_TEMP=0.0
HEAT_3_DUTY=30
HEAT_4_TEMP=0.0
HEAT_4_DUTY=0

[18:24:44.847 EBOX]
TS=1786201953.207
V_SENSE5=0.54931640625
V_SENSE9=0.99853515625
V_SENSE12=0.2001953125
ADC_V5=4.92950439453125
ADC_V9=9.3988037109375
ADC_V12=11.76177978515625
ADC_V28=26.939697265625
PG_5=0
PG_9=0
PG_12=0
FLT_P2=0
FLT_P3=0
HEAT_1_TEMP=0.0
HEAT_1_DUTY=30
HEAT_2_TEMP=0.0
HEAT_2_DUTY=0
HEAT_3_TEMP=0.0
HEAT_3_DUTY=0
HEAT_4_TEMP=0.0
HEAT_4_DUTY=0

[18:24:46.879 EBOX]
TS=1786201955.209
V_SENSE5=0.87890625
V_SENSE9=2.109375
V_SENSE12=0.25146484375
ADC_V5=4.9560546875
ADC_V9=9.0802001953125
ADC_V12=11.77947998046875
ADC_V28=26.89544677734375
PG_5=0
PG_9=0
PG_12=0
FLT_P2=0
FLT_P3=0
HEAT_1_TEMP=0.0
HEAT_1_DUTY=0
HEAT_2_TEMP=0.0
HEAT_2_DUTY=0
HEAT_3_TEMP=0.0
HEAT_3_DUTY=0
HEAT_4_TEMP=0.0
HEAT_4_DUTY=0

[18:24:48.812 EBOX]
TS=1786201957.210
V_SENSE5=0.8837890625
V_SENSE9=0.07568359375
V_SENSE12=0.126953125
ADC_V5=5.0091552734375
ADC_V9=9.05364990234375
ADC_V12=11.74407958984375
ADC_V28=26.78924560546875
PG_5=0
PG_9=0
PG_12=0
FLT_P2=0
FLT_P3=0
HEAT_1_TEMP=0.0
HEAT_1_DUTY=0
HEAT_2_TEMP=0.0
HEAT_2_DUTY=0
HEAT_3_TEMP=0.0
HEAT_3_DUTY=0
HEAT_4_TEMP=0.0
HEAT_4_DUTY=0

[18:24:50.848 EBOX]
TS=1786201959.213
V_SENSE5=0.86181640625
V_SENSE9=0.03662109375
V_SENSE12=0.1318359375
ADC_V5=4.80560302734375
ADC_V9=8.6907958984375
ADC_V12=11.6998291015625
ADC_V28=27.081298828125
PG_5=0
PG_9=0
PG_12=0
FLT_P2=0
FLT_P3=0
HEAT_1_TEMP=0.0
HEAT_1_DUTY=0
HEAT_2_TEMP=0.0
HEAT_2_DUTY=0
HEAT_3_TEMP=0.0
HEAT_3_DUTY=30
HEAT_4_TEMP=0.0
HEAT_4_DUTY=0

[18:24:52.883 EBOX]
TS=1786201961.214
V_SENSE5=0.8544921875
V_SENSE9=1.54541015625
V_SENSE12=0.03173828125
ADC_V5=4.9560546875
ADC_V9=9.0802001953125
ADC_V12=11.859130859375
ADC_V28=25.948486328125
PG_5=0
PG_9=0
PG_12=0
FLT_P2=0
FLT_P3=0
HEAT_1_TEMP=0.0
HEAT_1_DUTY=30
HEAT_2_TEMP=0.0
HEAT_2_DUTY=0
HEAT_3_TEMP=0.0
HEAT_3_DUTY=0
HEAT_4_TEMP=0.0
HEAT_4_DUTY=0

[18:24:54.821 EBOX]
TS=1786201963.217
V_SENSE5=0.5712890625
V_SENSE9=1.0693359375
V_SENSE12=0.05859375
ADC_V5=4.8675537109375
ADC_V9=9.44305419921875
ADC_V12=11.77947998046875
ADC_V28=26.0369873046875
PG_5=0
PG_9=0
PG_12=0
FLT_P2=0
FLT_P3=0
HEAT_1_TEMP=0.0
HEAT_1_DUTY=0
HEAT_2_TEMP=0.0
HEAT_2_DUTY=0
HEAT_3_TEMP=0.0
HEAT_3_DUTY=0
HEAT_4_TEMP=0.0
HEAT_4_DUTY=0

[18:24:56.859 EBOX]
TS=1786201965.218
V_SENSE5=0.8984375
V_SENSE9=0.0390625
V_SENSE12=0.13671875
ADC_V5=4.9737548828125
ADC_V9=9.27490234375
ADC_V12=11.67327880859375
ADC_V28=26.1431884765625
PG_5=0
PG_9=0
PG_12=0
FLT_P2=0
FLT_P3=0
HEAT_1_TEMP=0.0
HEAT_1_DUTY=0
HEAT_2_TEMP=0.0
HEAT_2_DUTY=0
HEAT_3_TEMP=0.0
HEAT_3_DUTY=0
HEAT_4_TEMP=0.0
HEAT_4_DUTY=0

[18:24:58.903 EBOX]
TS=1786201969.220
V_SENSE5=0.703125
V_SENSE9=1.63818359375
V_SENSE12=0.30029296875
ADC_V5=5.08880615234375
ADC_V9=9.2926025390625
ADC_V12=11.929931640625
ADC_V28=26.160888671875
PG_5=0
PG_9=0
PG_12=0
FLT_P2=0
FLT_P3=0
HEAT_1_TEMP=0.0
HEAT_1_DUTY=0
HEAT_2_TEMP=0.0
HEAT_2_DUTY=0
HEAT_3_TEMP=0.0
HEAT_3_DUTY=30
HEAT_4_TEMP=0.0
HEAT_4_DUTY=0

[18:25:00.837 EBOX]
TS=1786201971.223
V_SENSE5=0.81787109375
V_SENSE9=1.064453125
V_SENSE12=0.19287109375
ADC_V5=4.92950439453125
ADC_V9=9.26605224609375
ADC_V12=11.7529296875
ADC_V28=26.9573974609375
PG_5=0
PG_9=0
PG_12=0
FLT_P2=0
FLT_P3=0
HEAT_1_TEMP=0.0
HEAT_1_DUTY=30
HEAT_2_TEMP=0.0
HEAT_2_DUTY=0
HEAT_3_TEMP=0.0
HEAT_3_DUTY=0
HEAT_4_TEMP=0.0
HEAT_4_DUTY=0

[18:25:02.873 EBOX]
TS=1786201973.224
V_SENSE5=0.97412109375
V_SENSE9=0.03662109375
V_SENSE12=0.10986328125
ADC_V5=4.9737548828125
ADC_V9=9.07135009765625
ADC_V12=11.9476318359375
ADC_V28=26.5679931640625
PG_5=0
PG_9=0
PG_12=0
FLT_P2=0
FLT_P3=0
HEAT_1_TEMP=0.0
HEAT_1_DUTY=0
HEAT_2_TEMP=0.0
HEAT_2_DUTY=0
HEAT_3_TEMP=0.0
HEAT_3_DUTY=0
HEAT_4_TEMP=0.0
HEAT_4_DUTY=0

[18:25:04.910 EBOX]
TS=1786201975.226
V_SENSE5=0.91064453125
V_SENSE9=0.0390625
V_SENSE12=0.14892578125
ADC_V5=5.00030517578125
ADC_V9=9.0625
ADC_V12=11.929931640625
ADC_V28=26.4794921875
PG_5=0
PG_9=0
PG_12=0
FLT_P2=0
FLT_P3=0
HEAT_1_TEMP=0.0
HEAT_1_DUTY=0
HEAT_2_TEMP=0.0
HEAT_2_DUTY=0
HEAT_3_TEMP=0.0
HEAT_3_DUTY=0
HEAT_4_TEMP=0.0
HEAT_4_DUTY=0

[18:25:06.842 EBOX]
TS=1786201977.228
V_SENSE5=0.4736328125
V_SENSE9=1.19384765625
V_SENSE12=0.048828125
ADC_V5=4.9383544921875
ADC_V9=9.41650390625
ADC_V12=11.9122314453125
ADC_V28=26.4617919921875
PG_5=0
PG_9=0
PG_12=0
FLT_P2=0
FLT_P3=0
HEAT_1_TEMP=0.0
HEAT_1_DUTY=0
HEAT_2_TEMP=0.0
HEAT_2_DUTY=0
HEAT_3_TEMP=0.0
HEAT_3_DUTY=30
HEAT_4_TEMP=0.0
HEAT_4_DUTY=0

[18:25:08.882 EBOX]
TS=1786201979.230
V_SENSE5=1.2158203125
V_SENSE9=1.7431640625
V_SENSE12=0.09521484375
ADC_V5=4.8675537109375
ADC_V9=9.310302734375
ADC_V12=11.58477783203125
ADC_V28=26.94854736328125
PG_5=0
PG_9=0
PG_12=0
FLT_P2=0
FLT_P3=0
HEAT_1_TEMP=0.0
HEAT_1_DUTY=30
HEAT_2_TEMP=0.0
HEAT_2_DUTY=0
HEAT_3_TEMP=0.0
HEAT_3_DUTY=0
HEAT_4_TEMP=0.0
HEAT_4_DUTY=0

[18:25:10.917 EBOX]
TS=1786201981.231
V_SENSE5=0.99365234375
V_SENSE9=0.0390625
V_SENSE12=0.13671875
ADC_V5=4.88525390625
ADC_V9=9.10675048828125
ADC_V12=11.7529296875
ADC_V28=26.868896484375
PG_5=0
PG_9=0
PG_12=0
FLT_P2=0
FLT_P3=0
HEAT_1_TEMP=0.0
HEAT_1_DUTY=0
HEAT_2_TEMP=0.0
HEAT_2_DUTY=0
HEAT_3_TEMP=0.0
HEAT_3_DUTY=0
HEAT_4_TEMP=0.0
HEAT_4_DUTY=0

[18:25:12.853 EBOX]
TS=1786201983.235
V_SENSE5=0.8642578125
V_SENSE9=0.06103515625
V_SENSE12=0.13671875
ADC_V5=4.991455078125
ADC_V9=9.10675048828125
ADC_V12=11.65557861328125
ADC_V28=26.5679931640625
PG_5=0
PG_9=0
PG_12=0
FLT_P2=0
FLT_P3=0
HEAT_1_TEMP=0.0
HEAT_1_DUTY=0
HEAT_2_TEMP=0.0
HEAT_2_DUTY=0
HEAT_3_TEMP=0.0
HEAT_3_DUTY=0
HEAT_4_TEMP=0.0
HEAT_4_DUTY=0

[18:25:14.890 EBOX]
TS=1786201985.238
V_SENSE5=0.91064453125
V_SENSE9=2.82470703125
V_SENSE12=0.07080078125
ADC_V5=4.92950439453125
ADC_V9=9.3988037109375
ADC_V12=11.8768310546875
ADC_V28=26.27593994140625
PG_5=0
PG_9=0
PG_12=0
FLT_P2=0
FLT_P3=0
HEAT_1_TEMP=0.0
HEAT_1_DUTY=0
HEAT_2_TEMP=0.0
HEAT_2_DUTY=0
HEAT_3_TEMP=0.0
HEAT_3_DUTY=30
HEAT_4_TEMP=0.0
HEAT_4_DUTY=0

[18:25:16.959 EBOX]
TS=1786201987.238
V_SENSE5=0.556640625
V_SENSE9=0.908203125
V_SENSE12=0.0390625
ADC_V5=4.8321533203125
ADC_V9=9.4342041015625
ADC_V12=11.717529296875
ADC_V28=25.90423583984375
PG_5=0
PG_9=0
PG_12=0
FLT_P2=0
FLT_P3=0
HEAT_1_TEMP=0.0
HEAT_1_DUTY=30
HEAT_2_TEMP=0.0
HEAT_2_DUTY=0
HEAT_3_TEMP=0.0
HEAT_3_DUTY=0
HEAT_4_TEMP=0.0
HEAT_4_DUTY=0

[18:25:18.894 EBOX]
TS=1786201989.242
V_SENSE5=0.8935546875
V_SENSE9=0.03662109375
V_SENSE12=0.11962890625
ADC_V5=4.9737548828125
ADC_V9=9.12445068359375
ADC_V12=11.9476318359375
ADC_V28=26.514892578125
PG_5=0
PG_9=0
PG_12=0
FLT_P2=0
FLT_P3=0
HEAT_1_TEMP=0.0
HEAT_1_DUTY=0
HEAT_2_TEMP=0.0
HEAT_2_DUTY=0
HEAT_3_TEMP=0.0
HEAT_3_DUTY=0
HEAT_4_TEMP=0.0
HEAT_4_DUTY=0

[18:25:20.951 EBOX]
TS=1786201991.244
V_SENSE5=0.93994140625
V_SENSE9=0.0341796875
V_SENSE12=0.12939453125
ADC_V5=4.8675537109375
ADC_V9=9.0093994140625
ADC_V12=11.51397705078125
ADC_V28=27.1697998046875
PG_5=0
PG_9=0
PG_12=0
FLT_P2=0
FLT_P3=0
HEAT_1_TEMP=0.0
HEAT_1_DUTY=0
HEAT_2_TEMP=0.0
HEAT_2_DUTY=0
HEAT_3_TEMP=0.0
HEAT_3_DUTY=0
HEAT_4_TEMP=0.0
HEAT_4_DUTY=0

[18:25:22.884 EBOX]
TS=1786201993.246
V_SENSE5=1.03515625
V_SENSE9=1.44775390625
V_SENSE12=0.22216796875
ADC_V5=4.92950439453125
ADC_V9=9.26605224609375
ADC_V12=11.8768310546875
ADC_V28=25.85113525390625
PG_5=0
PG_9=0
PG_12=0
FLT_P2=0
FLT_P3=0
HEAT_1_TEMP=0.0
HEAT_1_DUTY=0
HEAT_2_TEMP=0.0
HEAT_2_DUTY=0
HEAT_3_TEMP=0.0
HEAT_3_DUTY=30
HEAT_4_TEMP=0.0
HEAT_4_DUTY=0

[18:25:24.921 EBOX]
TS=1786201995.248
V_SENSE5=1.18408203125
V_SENSE9=2.64404296875
V_SENSE12=0.40771484375
ADC_V5=5.00030517578125
ADC_V9=9.239501953125
ADC_V12=11.7706298828125
ADC_V28=26.94854736328125
PG_5=0
PG_9=0
PG_12=0
FLT_P2=0
FLT_P3=0
HEAT_1_TEMP=0.0
HEAT_1_DUTY=30
HEAT_2_TEMP=0.0
HEAT_2_DUTY=0
HEAT_3_TEMP=0.0
HEAT_3_DUTY=0
HEAT_4_TEMP=0.0
HEAT_4_DUTY=0

[18:25:26.957 EBOX]
TS=1786201997.252
V_SENSE5=0.8740234375
V_SENSE9=0.0390625
V_SENSE12=0.13671875
ADC_V5=4.9029541015625
ADC_V9=9.35455322265625
ADC_V12=11.60247802734375
ADC_V28=26.3909912109375
PG_5=0
PG_9=0
PG_12=0
FLT_P2=0
FLT_P3=0
HEAT_1_TEMP=0.0
HEAT_1_DUTY=0
HEAT_2_TEMP=0.0
HEAT_2_DUTY=0
HEAT_3_TEMP=0.0
HEAT_3_DUTY=0
HEAT_4_TEMP=0.0
HEAT_4_DUTY=0

[18:25:28.908 EBOX]
TS=1786201999.253
V_SENSE5=0.8984375
V_SENSE9=0.0390625
V_SENSE12=0.146484375
ADC_V5=5.00030517578125
ADC_V9=9.40765380859375
ADC_V12=12.02728271484375
ADC_V28=25.98388671875
PG_5=0
PG_9=0
PG_12=0
FLT_P2=0
FLT_P3=0
HEAT_1_TEMP=0.0
HEAT_1_DUTY=0
HEAT_2_TEMP=0.0
HEAT_2_DUTY=0
HEAT_3_TEMP=0.0
HEAT_3_DUTY=0
HEAT_4_TEMP=0.0
HEAT_4_DUTY=0

[18:25:30.950 EBOX]
TS=1786202001.255
V_SENSE5=0.9521484375
V_SENSE9=1.56005859375
V_SENSE12=0.06103515625
ADC_V5=4.9029541015625
ADC_V9=9.2218017578125
ADC_V12=12.02728271484375
ADC_V28=26.939697265625
PG_5=0
PG_9=0
PG_12=0
FLT_P2=0
FLT_P3=0
HEAT_1_TEMP=0.0
HEAT_1_DUTY=0
HEAT_2_TEMP=0.0
HEAT_2_DUTY=0
HEAT_3_TEMP=0.0
HEAT_3_DUTY=30
HEAT_4_TEMP=0.0
HEAT_4_DUTY=0

[18:25:32.889 EBOX]
TS=1786202003.260
V_SENSE5=0.6396484375
V_SENSE9=2.45361328125
V_SENSE12=0.21728515625
ADC_V5=4.9560546875
ADC_V9=9.54925537109375
ADC_V12=11.929931640625
ADC_V28=26.798095703125
PG_5=0
PG_9=0
PG_12=0
FLT_P2=0
FLT_P3=0
HEAT_1_TEMP=0.0
HEAT_1_DUTY=30
HEAT_2_TEMP=0.0
HEAT_2_DUTY=0
HEAT_3_TEMP=0.0
HEAT_3_DUTY=0
HEAT_4_TEMP=0.0
HEAT_4_DUTY=0

[18:25:34.925 EBOX]
TS=1786202005.260
V_SENSE5=0.89599609375
V_SENSE9=0.04638671875
V_SENSE12=0.14404296875
ADC_V5=5.02685546875
ADC_V9=8.68194580078125
ADC_V12=11.54937744140625
ADC_V28=26.02813720703125
PG_5=0
PG_9=0
PG_12=0
FLT_P2=0
FLT_P3=0
HEAT_1_TEMP=0.0
HEAT_1_DUTY=0
HEAT_2_TEMP=0.0
HEAT_2_DUTY=0
HEAT_3_TEMP=0.0
HEAT_3_DUTY=0
HEAT_4_TEMP=0.0
HEAT_4_DUTY=0

[18:25:36.972 EBOX]
TS=1786202007.261
V_SENSE5=0.88134765625
V_SENSE9=0.0390625
V_SENSE12=0.13916015625
ADC_V5=4.814453125
ADC_V9=9.38995361328125
ADC_V12=11.929931640625
ADC_V28=26.31134033203125
PG_5=0
PG_9=0
PG_12=0
FLT_P2=0
FLT_P3=0
HEAT_1_TEMP=0.0
HEAT_1_DUTY=0
HEAT_2_TEMP=0.0
HEAT_2_DUTY=0
HEAT_3_TEMP=0.0
HEAT_3_DUTY=0
HEAT_4_TEMP=0.0
HEAT_4_DUTY=0

[18:25:38.918 EBOX]
TS=1786202009.263
V_SENSE5=0.62744140625
V_SENSE9=1.15478515625
V_SENSE12=0.0439453125
ADC_V5=4.84100341796875
ADC_V9=9.24835205078125
ADC_V12=11.86798095703125
ADC_V28=26.1077880859375
PG_5=0
PG_9=0
PG_12=0
FLT_P2=0
FLT_P3=0
HEAT_1_TEMP=0.0
HEAT_1_DUTY=0
HEAT_2_TEMP=0.0
HEAT_2_DUTY=0
HEAT_3_TEMP=0.0
HEAT_3_DUTY=30
HEAT_4_TEMP=0.0
HEAT_4_DUTY=0

[18:25:40.960 EBOX]
TS=1786202011.267
V_SENSE5=1.3671875
V_SENSE9=2.7734375
V_SENSE12=0.078125
ADC_V5=4.9560546875
ADC_V9=9.35455322265625
ADC_V12=11.4697265625
ADC_V28=26.84234619140625
PG_5=0
PG_9=0
PG_12=0
FLT_P2=0
FLT_P3=0
HEAT_1_TEMP=0.0
HEAT_1_DUTY=30
HEAT_2_TEMP=0.0
HEAT_2_DUTY=0
HEAT_3_TEMP=0.0
HEAT_3_DUTY=0
HEAT_4_TEMP=0.0
HEAT_4_DUTY=0

[18:25:42.910 EBOX]
TS=1786202013.269
V_SENSE5=0.85693359375
V_SENSE9=0.0390625
V_SENSE12=0.13916015625
ADC_V5=4.9560546875
ADC_V9=9.381103515625
ADC_V12=11.505126953125
ADC_V28=26.7449951171875
PG_5=0
PG_9=0
PG_12=0
FLT_P2=0
FLT_P3=0
HEAT_1_TEMP=0.0
HEAT_1_DUTY=0
HEAT_2_TEMP=0.0
HEAT_2_DUTY=0
HEAT_3_TEMP=0.0
HEAT_3_DUTY=0
HEAT_4_TEMP=0.0
HEAT_4_DUTY=0

[18:25:44.947 EBOX]
TS=1786202015.269
V_SENSE5=0.91064453125
V_SENSE9=0.0390625
V_SENSE12=0.15380859375
ADC_V5=4.98260498046875
ADC_V9=9.31915283203125
ADC_V12=11.49627685546875
ADC_V28=26.9219970703125
PG_5=0
PG_9=0
PG_12=0
FLT_P2=0
FLT_P3=0
HEAT_1_TEMP=0.0
HEAT_1_DUTY=0
HEAT_2_TEMP=0.0
HEAT_2_DUTY=0
HEAT_3_TEMP=0.0
HEAT_3_DUTY=0
HEAT_4_TEMP=0.0
HEAT_4_DUTY=0

[18:25:46.981 EBOX]
TS=1786202017.271
V_SENSE5=1.18896484375
V_SENSE9=1.47705078125
V_SENSE12=0.029296875
ADC_V5=4.9383544921875
ADC_V9=9.41650390625
ADC_V12=11.83258056640625
ADC_V28=26.43524169921875
PG_5=0
PG_9=0
PG_12=0
FLT_P2=0
FLT_P3=0
HEAT_1_TEMP=0.0
HEAT_1_DUTY=0
HEAT_2_TEMP=0.0
HEAT_2_DUTY=0
HEAT_3_TEMP=0.0
HEAT_3_DUTY=30
HEAT_4_TEMP=0.0
HEAT_4_DUTY=0

[18:25:48.928 EBOX]
TS=1786202019.274
V_SENSE5=1.35986328125
V_SENSE9=1.16455078125
V_SENSE12=0.1416015625
ADC_V5=4.9737548828125
ADC_V9=9.310302734375
ADC_V12=11.6644287109375
ADC_V28=25.7891845703125
PG_5=0
PG_9=0
PG_12=0
FLT_P2=0
FLT_P3=0
HEAT_1_TEMP=0.0
HEAT_1_DUTY=30
HEAT_2_TEMP=0.0
HEAT_2_DUTY=0
HEAT_3_TEMP=0.0
HEAT_3_DUTY=0
HEAT_4_TEMP=0.0
HEAT_4_DUTY=0

[18:25:50.977 EBOX]
TS=1786202021.275
V_SENSE5=0.8984375
V_SENSE9=0.0341796875
V_SENSE12=0.1416015625
ADC_V5=4.8321533203125
ADC_V9=9.0447998046875
ADC_V12=11.51397705078125
ADC_V28=26.86004638671875
PG_5=0
PG_9=0
PG_12=0
FLT_P2=0
FLT_P3=0
HEAT_1_TEMP=0.0
HEAT_1_DUTY=0
HEAT_2_TEMP=0.0
HEAT_2_DUTY=0
HEAT_3_TEMP=0.0
HEAT_3_DUTY=0
HEAT_4_TEMP=0.0
HEAT_4_DUTY=0

[18:25:52.910 EBOX]
TS=1786202023.277
V_SENSE5=0.888671875
V_SENSE9=0.0341796875
V_SENSE12=0.13671875
ADC_V5=4.8321533203125
ADC_V9=8.96514892578125
ADC_V12=11.5582275390625
ADC_V28=27.0635986328125
PG_5=0
PG_9=0
PG_12=0
FLT_P2=0
FLT_P3=0
HEAT_1_TEMP=0.0
HEAT_1_DUTY=0
HEAT_2_TEMP=0.0
HEAT_2_DUTY=0
HEAT_3_TEMP=0.0
HEAT_3_DUTY=0
HEAT_4_TEMP=0.0
HEAT_4_DUTY=0

[18:25:54.953 EBOX]
TS=1786202025.278
V_SENSE5=0.4931640625
V_SENSE9=1.23779296875
V_SENSE12=0.1806640625
ADC_V5=4.9560546875
ADC_V9=9.381103515625
ADC_V12=11.68212890625
ADC_V28=26.39984130859375
PG_5=0
PG_9=0
PG_12=0
FLT_P2=0
FLT_P3=0
HEAT_1_TEMP=0.0
HEAT_1_DUTY=0
HEAT_2_TEMP=0.0
HEAT_2_DUTY=0
HEAT_3_TEMP=0.0
HEAT_3_DUTY=30
HEAT_4_TEMP=0.0
HEAT_4_DUTY=0

[18:25:56.986 EBOX]
TS=1786202027.280
V_SENSE5=1.025390625
V_SENSE9=1.533203125
V_SENSE12=0.0537109375
ADC_V5=5.08880615234375
ADC_V9=9.4342041015625
ADC_V12=11.93878173828125
ADC_V28=26.73614501953125
PG_5=0
PG_9=0
PG_12=0
FLT_P2=0
FLT_P3=0
HEAT_1_TEMP=0.0
HEAT_1_DUTY=30
HEAT_2_TEMP=0.0
HEAT_2_DUTY=0
HEAT_3_TEMP=0.0
HEAT_3_DUTY=0
HEAT_4_TEMP=0.0
HEAT_4_DUTY=0

[18:25:58.924 EBOX]
TS=1786202029.283
V_SENSE5=0.9375
V_SENSE9=0.048828125
V_SENSE12=0.15380859375
ADC_V5=4.9029541015625
ADC_V9=9.33685302734375
ADC_V12=11.58477783203125
ADC_V28=26.1431884765625
PG_5=0
PG_9=0
PG_12=0
FLT_P2=0
FLT_P3=0
HEAT_1_TEMP=0.0
HEAT_1_DUTY=0
HEAT_2_TEMP=0.0
HEAT_2_DUTY=0
HEAT_3_TEMP=0.0
HEAT_3_DUTY=0
HEAT_4_TEMP=0.0
HEAT_4_DUTY=0

[18:26:00.965 EBOX]
TS=1786202031.285
V_SENSE5=0.88134765625
V_SENSE9=0.03662109375
V_SENSE12=0.18310546875
ADC_V5=4.88525390625
ADC_V9=8.89434814453125
ADC_V12=11.88568115234375
ADC_V28=26.64764404296875
PG_5=0
PG_9=0
PG_12=0
FLT_P2=0
FLT_P3=0
HEAT_1_TEMP=0.0
HEAT_1_DUTY=0
HEAT_2_TEMP=0.0
HEAT_2_DUTY=0
HEAT_3_TEMP=0.0
HEAT_3_DUTY=0
HEAT_4_TEMP=0.0
HEAT_4_DUTY=0

[18:26:03.033 EBOX]
TS=1786202033.286
V_SENSE5=0.498046875
V_SENSE9=1.650390625
V_SENSE12=0.0390625
ADC_V5=4.98260498046875
ADC_V9=9.0625
ADC_V12=11.717529296875
ADC_V28=26.9219970703125
PG_5=0
PG_9=0
PG_12=0
FLT_P2=0
FLT_P3=0
HEAT_1_TEMP=0.0
HEAT_1_DUTY=0
HEAT_2_TEMP=0.0
HEAT_2_DUTY=0
HEAT_3_TEMP=0.0
HEAT_3_DUTY=30
HEAT_4_TEMP=0.0
HEAT_4_DUTY=0

[18:26:04.969 EBOX]
TS=1786202035.288
V_SENSE5=0.77392578125
V_SENSE9=1.1376953125
V_SENSE12=0.28076171875
ADC_V5=4.9029541015625
ADC_V9=9.41650390625
ADC_V12=11.86798095703125
ADC_V28=25.97503662109375
PG_5=0
PG_9=0
PG_12=0
FLT_P2=0
FLT_P3=0
HEAT_1_TEMP=0.0
HEAT_1_DUTY=30
HEAT_2_TEMP=0.0
HEAT_2_DUTY=0
HEAT_3_TEMP=0.0
HEAT_3_DUTY=0
HEAT_4_TEMP=0.0
HEAT_4_DUTY=0

[18:26:07.002 EBOX]
TS=1786202037.292
V_SENSE5=0.91552734375
V_SENSE9=0.0341796875
V_SENSE12=0.1318359375
ADC_V5=4.88525390625
ADC_V9=9.26605224609375
ADC_V12=11.929931640625
ADC_V28=27.081298828125
PG_5=0
PG_9=0
PG_12=0
FLT_P2=0
FLT_P3=0
HEAT_1_TEMP=0.0
HEAT_1_DUTY=0
HEAT_2_TEMP=0.0
HEAT_2_DUTY=0
HEAT_3_TEMP=0.0
HEAT_3_DUTY=0
HEAT_4_TEMP=0.0
HEAT_4_DUTY=0

[18:26:08.938 EBOX]
TS=1786202039.293
V_SENSE5=0.888671875
V_SENSE9=0.03662109375
V_SENSE12=0.11962890625
ADC_V5=4.9029541015625
ADC_V9=9.0093994140625
ADC_V12=11.54052734375
ADC_V28=25.97503662109375
PG_5=0
PG_9=0
PG_12=0
FLT_P2=0
FLT_P3=0
HEAT_1_TEMP=0.0
HEAT_1_DUTY=0
HEAT_2_TEMP=0.0
HEAT_2_DUTY=0
HEAT_3_TEMP=0.0
HEAT_3_DUTY=0
HEAT_4_TEMP=0.0
HEAT_4_DUTY=0

[18:26:10.976 EBOX]
TS=1786202041.292
V_SENSE5=0.95947265625
V_SENSE9=1.2158203125
V_SENSE12=0.1123046875
ADC_V5=4.9737548828125
ADC_V9=9.35455322265625
ADC_V12=11.60247802734375
ADC_V28=26.52374267578125
PG_5=0
PG_9=0
PG_12=0
FLT_P2=0
FLT_P3=0
HEAT_1_TEMP=0.0
HEAT_1_DUTY=0
HEAT_2_TEMP=0.0
HEAT_2_DUTY=0
HEAT_3_TEMP=0.0
HEAT_3_DUTY=30
HEAT_4_TEMP=0.0
HEAT_4_DUTY=0

[18:26:13.028 EBOX]
TS=1786202043.297
V_SENSE5=0.5615234375
V_SENSE9=1.4306640625
V_SENSE12=0.22705078125
ADC_V5=4.87640380859375
ADC_V9=9.28375244140625
ADC_V12=11.74407958984375
ADC_V28=25.67413330078125
PG_5=0
PG_9=0
PG_12=0
FLT_P2=0
FLT_P3=0
HEAT_1_TEMP=0.0
HEAT_1_DUTY=30
HEAT_2_TEMP=0.0
HEAT_2_DUTY=0
HEAT_3_TEMP=0.0
HEAT_3_DUTY=0
HEAT_4_TEMP=0.0
HEAT_4_DUTY=0

[18:26:14.967 EBOX]
TS=1786202045.299
V_SENSE5=0.8984375
V_SENSE9=0.0341796875
V_SENSE12=0.1318359375
ADC_V5=4.92950439453125
ADC_V9=8.75274658203125
ADC_V12=11.83258056640625
ADC_V28=26.0015869140625
PG_5=0
PG_9=0
PG_12=0
FLT_P2=0
FLT_P3=0
HEAT_1_TEMP=0.0
HEAT_1_DUTY=0
HEAT_2_TEMP=0.0
HEAT_2_DUTY=0
HEAT_3_TEMP=0.0
HEAT_3_DUTY=0
HEAT_4_TEMP=0.0
HEAT_4_DUTY=0

[18:26:17.003 EBOX]
TS=1786202047.301
V_SENSE5=0.8544921875
V_SENSE9=0.0390625
V_SENSE12=0.14892578125
ADC_V5=4.991455078125
ADC_V9=8.92974853515625
ADC_V12=11.81488037109375
ADC_V28=26.7803955078125
PG_5=0
PG_9=0
PG_12=0
FLT_P2=0
FLT_P3=0
HEAT_1_TEMP=0.0
HEAT_1_DUTY=0
HEAT_2_TEMP=0.0
HEAT_2_DUTY=0
HEAT_3_TEMP=0.0
HEAT_3_DUTY=0
HEAT_4_TEMP=0.0
HEAT_4_DUTY=0

[18:26:19.058 EBOX]
TS=1786202049.304
V_SENSE5=0.5419921875
V_SENSE9=1.29150390625
V_SENSE12=0.029296875
ADC_V5=4.920654296875
ADC_V9=9.07135009765625
ADC_V12=11.83258056640625
ADC_V28=26.1077880859375
PG_5=0
PG_9=0
PG_12=0
FLT_P2=0
FLT_P3=0
HEAT_1_TEMP=0.0
HEAT_1_DUTY=0
HEAT_2_TEMP=0.0
HEAT_2_DUTY=0
HEAT_3_TEMP=0.0
HEAT_3_DUTY=30
HEAT_4_TEMP=0.0
HEAT_4_DUTY=0

[18:26:20.996 EBOX]
TS=1786202051.306
V_SENSE5=0.98876953125
V_SENSE9=2.48046875
V_SENSE12=0.029296875
ADC_V5=4.88525390625
ADC_V9=9.38995361328125
ADC_V12=11.83258056640625
ADC_V28=25.88653564453125
PG_5=0
PG_9=0
PG_12=0
FLT_P2=0
FLT_P3=0
HEAT_1_TEMP=0.0
HEAT_1_DUTY=30
HEAT_2_TEMP=0.0
HEAT_2_DUTY=0
HEAT_3_TEMP=0.0
HEAT_3_DUTY=0
HEAT_4_TEMP=0.0
HEAT_4_DUTY=0

[18:26:23.029 EBOX]
TS=1786202053.309
V_SENSE5=0.869140625
V_SENSE9=0.0341796875
V_SENSE12=0.12451171875
ADC_V5=4.87640380859375
ADC_V9=9.08905029296875
ADC_V12=11.60247802734375
ADC_V28=26.7626953125
PG_5=0
PG_9=0
PG_12=0
FLT_P2=0
FLT_P3=0
HEAT_1_TEMP=0.0
HEAT_1_DUTY=0
HEAT_2_TEMP=0.0
HEAT_2_DUTY=0
HEAT_3_TEMP=0.0
HEAT_3_DUTY=0
HEAT_4_TEMP=0.0
HEAT_4_DUTY=0

[18:26:24.990 EBOX]
TS=1786202055.312
V_SENSE5=0.86669921875
V_SENSE9=0.0390625
V_SENSE12=0.19287109375
ADC_V5=4.96490478515625
ADC_V9=9.1156005859375
ADC_V12=11.8414306640625
ADC_V28=26.2493896484375
PG_5=0
PG_9=0
PG_12=0
FLT_P2=0
FLT_P3=0
HEAT_1_TEMP=0.0
HEAT_1_DUTY=0
HEAT_2_TEMP=0.0
HEAT_2_DUTY=0
HEAT_3_TEMP=0.0
HEAT_3_DUTY=0
HEAT_4_TEMP=0.0
HEAT_4_DUTY=0

[18:26:27.028 EBOX]
TS=1786202057.314
V_SENSE5=1.0546875
V_SENSE9=1.23291015625
V_SENSE12=0.107421875
ADC_V5=4.98260498046875
ADC_V9=9.30145263671875
ADC_V12=11.46087646484375
ADC_V28=26.904296875
PG_5=0
PG_9=0
PG_12=0
FLT_P2=0
FLT_P3=0
HEAT_1_TEMP=0.0
HEAT_1_DUTY=0
HEAT_2_TEMP=0.0
HEAT_2_DUTY=0
HEAT_3_TEMP=0.0
HEAT_3_DUTY=30
HEAT_4_TEMP=0.0
HEAT_4_DUTY=0

[18:26:28.974 EBOX]
TS=1786202059.316
V_SENSE5=0.859375
V_SENSE9=1.80908203125
V_SENSE12=0.31005859375
ADC_V5=4.9560546875
ADC_V9=9.2572021484375
ADC_V12=11.7352294921875
ADC_V28=25.9307861328125
PG_5=0
PG_9=0
PG_12=0
FLT_P2=0
FLT_P3=0
HEAT_1_TEMP=0.0
HEAT_1_DUTY=30
HEAT_2_TEMP=0.0
HEAT_2_DUTY=0
HEAT_3_TEMP=0.0
HEAT_3_DUTY=0
HEAT_4_TEMP=0.0
HEAT_4_DUTY=0

[18:26:31.009 EBOX]
TS=1786202061.318
V_SENSE5=0.869140625
V_SENSE9=0.0341796875
V_SENSE12=0.13427734375
ADC_V5=5.19500732421875
ADC_V9=9.41650390625
ADC_V12=11.7529296875
ADC_V28=26.66534423828125
PG_5=0
PG_9=0
PG_12=0
FLT_P2=0
FLT_P3=0
HEAT_1_TEMP=0.0
HEAT_1_DUTY=0
HEAT_2_TEMP=0.0
HEAT_2_DUTY=0
HEAT_3_TEMP=0.0
HEAT_3_DUTY=0
HEAT_4_TEMP=0.0
HEAT_4_DUTY=0

[18:26:33.045 EBOX]
TS=1786202063.319
V_SENSE5=0.87646484375
V_SENSE9=0.03662109375
V_SENSE12=0.13671875
ADC_V5=4.9029541015625
ADC_V9=9.12445068359375
ADC_V12=11.4874267578125
ADC_V28=26.70074462890625
PG_5=0
PG_9=0
PG_12=0
FLT_P2=0
FLT_P3=0
HEAT_1_TEMP=0.0
HEAT_1_DUTY=0
HEAT_2_TEMP=0.0
HEAT_2_DUTY=0
HEAT_3_TEMP=0.0
HEAT_3_DUTY=0
HEAT_4_TEMP=0.0
HEAT_4_DUTY=0

[18:26:34.985 EBOX]
TS=1786202065.320
V_SENSE5=0.9814453125
V_SENSE9=1.31103515625
V_SENSE12=0.15380859375
ADC_V5=5.00030517578125
ADC_V9=9.2218017578125
ADC_V12=11.89453125
ADC_V28=25.88653564453125
PG_5=0
PG_9=0
PG_12=0
FLT_P2=0
FLT_P3=0
HEAT_1_TEMP=0.0
HEAT_1_DUTY=0
HEAT_2_TEMP=0.0
HEAT_2_DUTY=0
HEAT_3_TEMP=0.0
HEAT_3_DUTY=30
HEAT_4_TEMP=0.0
HEAT_4_DUTY=0

[18:26:37.035 EBOX]
TS=1786202067.326
V_SENSE5=0.68359375
V_SENSE9=1.34521484375
V_SENSE12=0.0341796875
ADC_V5=4.96490478515625
ADC_V9=9.381103515625
ADC_V12=11.99188232421875
ADC_V28=25.9130859375
PG_5=0
PG_9=0
PG_12=0
FLT_P2=0
FLT_P3=0
HEAT_1_TEMP=0.0
HEAT_1_DUTY=30
HEAT_2_TEMP=0.0
HEAT_2_DUTY=0
HEAT_3_TEMP=0.0
HEAT_3_DUTY=0
HEAT_4_TEMP=0.0
HEAT_4_DUTY=0

[18:26:39.084 EBOX]
TS=1786202069.325
V_SENSE5=0.97412109375
V_SENSE9=0.07568359375
V_SENSE12=0.12451171875
ADC_V5=4.89410400390625
ADC_V9=9.10675048828125
ADC_V12=11.47857666015625
ADC_V28=27.081298828125
PG_5=0
PG_9=0
PG_12=0
FLT_P2=0
FLT_P3=0
HEAT_1_TEMP=0.0
HEAT_1_DUTY=0
HEAT_2_TEMP=0.0
HEAT_2_DUTY=0
HEAT_3_TEMP=0.0
HEAT_3_DUTY=0
HEAT_4_TEMP=0.0
HEAT_4_DUTY=0

[18:26:41.024 EBOX]
TS=1786202071.326
V_SENSE5=0.91552734375
V_SENSE9=0.0390625
V_SENSE12=0.1318359375
ADC_V5=5.0091552734375
ADC_V9=9.14215087890625
ADC_V12=11.93878173828125
ADC_V28=26.89544677734375
PG_5=0
PG_9=0
PG_12=0
FLT_P2=0
FLT_P3=0
HEAT_1_TEMP=0.0
HEAT_1_DUTY=0
HEAT_2_TEMP=0.0
HEAT_2_DUTY=0
HEAT_3_TEMP=0.0
HEAT_3_DUTY=0
HEAT_4_TEMP=0.0
HEAT_4_DUTY=0

[18:26:43.078 EBOX]
TS=1786202073.329
V_SENSE5=0.8251953125
V_SENSE9=1.19873046875
V_SENSE12=0.029296875
ADC_V5=4.9737548828125
ADC_V9=9.10675048828125
ADC_V12=11.788330078125
ADC_V28=26.57684326171875
PG_5=0
PG_9=0
PG_12=0
FLT_P2=0
FLT_P3=0
HEAT_1_TEMP=0.0
HEAT_1_DUTY=0
HEAT_2_TEMP=0.0
HEAT_2_DUTY=0
HEAT_3_TEMP=0.0
HEAT_3_DUTY=30
HEAT_4_TEMP=0.0
HEAT_4_DUTY=0

[18:26:45.019 EBOX]
TS=1786202075.330
V_SENSE5=1.220703125
V_SENSE9=2.1875
V_SENSE12=0.0341796875
ADC_V5=4.98260498046875
ADC_V9=9.239501953125
ADC_V12=11.86798095703125
ADC_V28=25.8953857421875
PG_5=0
PG_9=0
PG_12=0
FLT_P2=0
FLT_P3=0
HEAT_1_TEMP=0.0
HEAT_1_DUTY=30
HEAT_2_TEMP=0.0
HEAT_2_DUTY=0
HEAT_3_TEMP=0.0
HEAT_3_DUTY=0
HEAT_4_TEMP=0.0
HEAT_4_DUTY=0

[18:26:47.069 EBOX]
TS=1786202077.333
V_SENSE5=0.97412109375
V_SENSE9=0.0390625
V_SENSE12=0.126953125
ADC_V5=5.0091552734375
ADC_V9=9.027099609375
ADC_V12=11.7352294921875
ADC_V28=27.1697998046875
PG_5=0
PG_9=0
PG_12=0
FLT_P2=0
FLT_P3=0
HEAT_1_TEMP=0.0
HEAT_1_DUTY=0
HEAT_2_TEMP=0.0
HEAT_2_DUTY=0
HEAT_3_TEMP=0.0
HEAT_3_DUTY=0
HEAT_4_TEMP=0.0
HEAT_4_DUTY=0

[18:26:49.031 EBOX]
TS=1786202079.335
V_SENSE5=0.888671875
V_SENSE9=0.03662109375
V_SENSE12=0.13671875
ADC_V5=4.920654296875
ADC_V9=9.5404052734375
ADC_V12=11.85028076171875
ADC_V28=26.04583740234375
PG_5=0
PG_9=0
PG_12=0
FLT_P2=0
FLT_P3=0
HEAT_1_TEMP=0.0
HEAT_1_DUTY=0
HEAT_2_TEMP=0.0
HEAT_2_DUTY=0
HEAT_3_TEMP=0.0
HEAT_3_DUTY=0
HEAT_4_TEMP=0.0
HEAT_4_DUTY=0

[18:26:51.085 EBOX]
TS=1786202081.337
V_SENSE5=0.72509765625
V_SENSE9=1.20849609375
V_SENSE12=0.11962890625
ADC_V5=4.920654296875
ADC_V9=9.40765380859375
ADC_V12=11.6644287109375
ADC_V28=26.12548828125
PG_5=0
PG_9=0
PG_12=0
FLT_P2=0
FLT_P3=0
HEAT_1_TEMP=0.0
HEAT_1_DUTY=0
HEAT_2_TEMP=0.0
HEAT_2_DUTY=0
HEAT_3_TEMP=0.0
HEAT_3_DUTY=30
HEAT_4_TEMP=0.0
HEAT_4_DUTY=0

[18:26:53.021 EBOX]
TS=1786202083.340
V_SENSE5=0.54931640625
V_SENSE9=2.1240234375
V_SENSE12=0.0244140625
ADC_V5=4.9737548828125
ADC_V9=9.13330078125
ADC_V12=11.83258056640625
ADC_V28=25.877685546875
PG_5=0
PG_9=0
PG_12=0
FLT_P2=0
FLT_P3=0
HEAT_1_TEMP=0.0
HEAT_1_DUTY=30
HEAT_2_TEMP=0.0
HEAT_2_DUTY=0
HEAT_3_TEMP=0.0
HEAT_3_DUTY=0
HEAT_4_TEMP=0.0
HEAT_4_DUTY=0

[18:26:55.058 EBOX]
TS=1786202085.341
V_SENSE5=0.8740234375
V_SENSE9=0.03662109375
V_SENSE12=0.14404296875
ADC_V5=5.08880615234375
ADC_V9=9.1510009765625
ADC_V12=11.49627685546875
ADC_V28=27.081298828125
PG_5=0
PG_9=0
PG_12=0
FLT_P2=0
FLT_P3=0
HEAT_1_TEMP=0.0
HEAT_1_DUTY=0
HEAT_2_TEMP=0.0
HEAT_2_DUTY=0
HEAT_3_TEMP=0.0
HEAT_3_DUTY=0
HEAT_4_TEMP=0.0
HEAT_4_DUTY=0

[18:26:57.093 EBOX]
TS=1786202087.342
V_SENSE5=0.87158203125
V_SENSE9=0.0341796875
V_SENSE12=0.146484375
ADC_V5=4.9737548828125
ADC_V9=9.0625
ADC_V12=11.4874267578125
ADC_V28=26.82464599609375
PG_5=0
PG_9=0
PG_12=0
FLT_P2=0
FLT_P3=0
HEAT_1_TEMP=0.0
HEAT_1_DUTY=0
HEAT_2_TEMP=0.0
HEAT_2_DUTY=0
HEAT_3_TEMP=0.0
HEAT_3_DUTY=0
HEAT_4_TEMP=0.0
HEAT_4_DUTY=0

[18:26:59.043 EBOX]
TS=1786202089.345
V_SENSE5=0.8935546875
V_SENSE9=0.04150390625
V_SENSE12=0.1416015625
ADC_V5=4.87640380859375
ADC_V9=9.41650390625
ADC_V12=11.575927734375
ADC_V28=27.10784912109375
PG_5=0
PG_9=0
PG_12=0
FLT_P2=0
FLT_P3=0
HEAT_1_TEMP=0.0
HEAT_1_DUTY=0
HEAT_2_TEMP=0.0
HEAT_2_DUTY=0
HEAT_3_TEMP=0.0
HEAT_3_DUTY=30
HEAT_4_TEMP=0.0
HEAT_4_DUTY=0

[18:27:01.079 EBOX]
TS=1786202091.347
V_SENSE5=0.888671875
V_SENSE9=0.0390625
V_SENSE12=0.13671875
ADC_V5=4.87640380859375
ADC_V9=9.23065185546875
ADC_V12=11.8060302734375
ADC_V28=26.98394775390625
PG_5=0
PG_9=0
PG_12=0
FLT_P2=0
FLT_P3=0
HEAT_1_TEMP=0.0
HEAT_1_DUTY=30
HEAT_2_TEMP=0.0
HEAT_2_DUTY=0
HEAT_3_TEMP=0.0
HEAT_3_DUTY=0
HEAT_4_TEMP=0.0
HEAT_4_DUTY=0

[18:27:03.035 EBOX]
TS=1786202093.347
V_SENSE5=0.859375
V_SENSE9=0.03662109375
V_SENSE12=0.126953125
ADC_V5=5.01800537109375
ADC_V9=9.2926025390625
ADC_V12=11.9476318359375
ADC_V28=26.08123779296875
PG_5=0
PG_9=0
PG_12=0
FLT_P2=0
FLT_P3=0
HEAT_1_TEMP=0.0
HEAT_1_DUTY=0
HEAT_2_TEMP=0.0
HEAT_2_DUTY=0
HEAT_3_TEMP=0.0
HEAT_3_DUTY=0
HEAT_4_TEMP=0.0
HEAT_4_DUTY=0

[18:27:05.078 EBOX]
TS=1786202095.350
V_SENSE5=0.8544921875
V_SENSE9=0.0390625
V_SENSE12=0.15380859375
ADC_V5=4.94720458984375
ADC_V9=9.1864013671875
ADC_V12=11.47857666015625
ADC_V28=27.1875
PG_5=0
PG_9=0
PG_12=0
FLT_P2=0
FLT_P3=0
HEAT_1_TEMP=0.0
HEAT_1_DUTY=0
HEAT_2_TEMP=0.0
HEAT_2_DUTY=0
HEAT_3_TEMP=0.0
HEAT_3_DUTY=0
HEAT_4_TEMP=0.0
HEAT_4_DUTY=0

[18:27:07.116 EBOX]
TS=1786202097.352
V_SENSE5=0.68359375
V_SENSE9=1.2060546875
V_SENSE12=0.126953125
ADC_V5=4.920654296875
ADC_V9=9.345703125
ADC_V12=11.88568115234375
ADC_V28=26.70074462890625
PG_5=0
PG_9=0
PG_12=0
FLT_P2=0
FLT_P3=0
HEAT_1_TEMP=0.0
HEAT_1_DUTY=0
HEAT_2_TEMP=0.0
HEAT_2_DUTY=0
HEAT_3_TEMP=0.0
HEAT_3_DUTY=30
HEAT_4_TEMP=0.0
HEAT_4_DUTY=0

[18:27:09.070 EBOX]
TS=1786202099.354
V_SENSE5=0.89599609375
V_SENSE9=1.21337890625
V_SENSE12=0.35888671875
ADC_V5=4.9383544921875
ADC_V9=9.27490234375
ADC_V12=11.68212890625
ADC_V28=26.798095703125
PG_5=0
PG_9=0
PG_12=0
FLT_P2=0
FLT_P3=0
HEAT_1_TEMP=0.0
HEAT_1_DUTY=30
HEAT_2_TEMP=0.0
HEAT_2_DUTY=0
HEAT_3_TEMP=0.0
HEAT_3_DUTY=0
HEAT_4_TEMP=0.0
HEAT_4_DUTY=0

[18:27:11.106 EBOX]
TS=1786202101.353
V_SENSE5=1.01318359375
V_SENSE9=0.0390625
V_SENSE12=0.1220703125
ADC_V5=5.0091552734375
ADC_V9=9.097900390625
ADC_V12=11.60247802734375
ADC_V28=26.97509765625
PG_5=0
PG_9=0
PG_12=0
FLT_P2=0
FLT_P3=0
HEAT_1_TEMP=0.0
HEAT_1_DUTY=0
HEAT_2_TEMP=0.0
HEAT_2_DUTY=0
HEAT_3_TEMP=0.0
HEAT_3_DUTY=0
HEAT_4_TEMP=0.0
HEAT_4_DUTY=0

[18:27:13.040 EBOX]
TS=1786202103.358
V_SENSE5=0.88134765625
V_SENSE9=0.03662109375
V_SENSE12=0.12451171875
ADC_V5=4.9029541015625
ADC_V9=9.00054931640625
ADC_V12=11.5936279296875
ADC_V28=26.25823974609375
PG_5=0
PG_9=0
PG_12=0
FLT_P2=0
FLT_P3=0
HEAT_1_TEMP=0.0
HEAT_1_DUTY=0
HEAT_2_TEMP=0.0
HEAT_2_DUTY=0
HEAT_3_TEMP=0.0
HEAT_3_DUTY=0
HEAT_4_TEMP=0.0
HEAT_4_DUTY=0

[18:27:15.101 EBOX]
TS=1786202105.362
V_SENSE5=0.478515625
V_SENSE9=0.96435546875
V_SENSE12=0.3125
ADC_V5=4.920654296875
ADC_V9=9.38995361328125
ADC_V12=11.54052734375
ADC_V28=25.8953857421875
PG_5=0
PG_9=0
PG_12=0
FLT_P2=0
FLT_P3=0
HEAT_1_TEMP=0.0
HEAT_1_DUTY=0
HEAT_2_TEMP=0.0
HEAT_2_DUTY=0
HEAT_3_TEMP=0.0
HEAT_3_DUTY=30
HEAT_4_TEMP=0.0
HEAT_4_DUTY=0

[18:27:17.137 EBOX]
TS=1786202107.362
V_SENSE5=1.15234375
V_SENSE9=1.16943359375
V_SENSE12=0.10009765625
ADC_V5=4.80560302734375
ADC_V9=9.24835205078125
ADC_V12=11.90338134765625
ADC_V28=26.22283935546875
PG_5=0
PG_9=0
PG_12=0
FLT_P2=0
FLT_P3=0
HEAT_1_TEMP=0.0
HEAT_1_DUTY=30
HEAT_2_TEMP=0.0
HEAT_2_DUTY=0
HEAT_3_TEMP=0.0
HEAT_3_DUTY=0
HEAT_4_TEMP=0.0
HEAT_4_DUTY=0

[18:27:19.073 EBOX]
TS=1786202109.366
V_SENSE5=0.8837890625
V_SENSE9=0.0390625
V_SENSE12=0.13916015625
ADC_V5=4.88525390625
ADC_V9=9.05364990234375
ADC_V12=11.54052734375
ADC_V28=26.9573974609375
PG_5=0
PG_9=0
PG_12=0
FLT_P2=0
FLT_P3=0
HEAT_1_TEMP=0.0
HEAT_1_DUTY=0
HEAT_2_TEMP=0.0
HEAT_2_DUTY=0
HEAT_3_TEMP=0.0
HEAT_3_DUTY=0
HEAT_4_TEMP=0.0
HEAT_4_DUTY=0

[18:27:21.113 EBOX]
TS=1786202111.365
V_SENSE5=0.92041015625
V_SENSE9=0.07568359375
V_SENSE12=0.13671875
ADC_V5=4.94720458984375
ADC_V9=8.96514892578125
ADC_V12=11.83258056640625
ADC_V28=26.31134033203125
PG_5=0
PG_9=0
PG_12=0
FLT_P2=0
FLT_P3=0
HEAT_1_TEMP=0.0
HEAT_1_DUTY=0
HEAT_2_TEMP=0.0
HEAT_2_DUTY=0
HEAT_3_TEMP=0.0
HEAT_3_DUTY=0
HEAT_4_TEMP=0.0
HEAT_4_DUTY=0

[18:27:23.052 EBOX]
TS=1786202113.368
V_SENSE5=0.90087890625
V_SENSE9=0.0390625
V_SENSE12=0.1123046875
ADC_V5=5.02685546875
ADC_V9=9.522705078125
ADC_V12=11.505126953125
ADC_V28=26.62109375
PG_5=0
PG_9=0
PG_12=0
FLT_P2=0
FLT_P3=0
HEAT_1_TEMP=0.0
HEAT_1_DUTY=0
HEAT_2_TEMP=0.0
HEAT_2_DUTY=0
HEAT_3_TEMP=0.0
HEAT_3_DUTY=30
HEAT_4_TEMP=0.0
HEAT_4_DUTY=0

[18:27:25.095 EBOX]
TS=1786202115.371
V_SENSE5=0.97412109375
V_SENSE9=0.03662109375
V_SENSE12=0.146484375
ADC_V5=4.85870361328125
ADC_V9=8.84124755859375
ADC_V12=11.505126953125
ADC_V28=25.806884765625
PG_5=0
PG_9=0
PG_12=0
FLT_P2=0
FLT_P3=0
HEAT_1_TEMP=0.0
HEAT_1_DUTY=30
HEAT_2_TEMP=0.0
HEAT_2_DUTY=0
HEAT_3_TEMP=0.0
HEAT_3_DUTY=0
HEAT_4_TEMP=0.0
HEAT_4_DUTY=0

[18:27:27.127 EBOX]
TS=1786202117.372
V_SENSE5=0.85693359375
V_SENSE9=0.0390625
V_SENSE12=0.1416015625
ADC_V5=4.91180419921875
ADC_V9=9.4342041015625
ADC_V12=11.4697265625
ADC_V28=26.2139892578125
PG_5=0
PG_9=0
PG_12=0
FLT_P2=0
FLT_P3=0
HEAT_1_TEMP=0.0
HEAT_1_DUTY=0
HEAT_2_TEMP=0.0
HEAT_2_DUTY=0
HEAT_3_TEMP=0.0
HEAT_3_DUTY=0
HEAT_4_TEMP=0.0
HEAT_4_DUTY=0

[18:27:29.161 EBOX]
TS=1786202119.374
V_SENSE5=0.8740234375
V_SENSE9=0.0390625
V_SENSE12=0.146484375
ADC_V5=5.00030517578125
ADC_V9=9.3280029296875
ADC_V12=11.76177978515625
ADC_V28=27.10784912109375
PG_5=0
PG_9=0
PG_12=0
FLT_P2=0
FLT_P3=0
HEAT_1_TEMP=0.0
HEAT_1_DUTY=0
HEAT_2_TEMP=0.0
HEAT_2_DUTY=0
HEAT_3_TEMP=0.0
HEAT_3_DUTY=0
HEAT_4_TEMP=0.0
HEAT_4_DUTY=0

[18:27:31.106 EBOX]
TS=1786202121.377
V_SENSE5=0.91552734375
V_SENSE9=0.03662109375
V_SENSE12=0.1416015625
ADC_V5=4.85870361328125
ADC_V9=9.027099609375
ADC_V12=11.95648193359375
ADC_V28=27.11669921875
PG_5=0
PG_9=0
PG_12=0
FLT_P2=0
FLT_P3=0
HEAT_1_TEMP=0.0
HEAT_1_DUTY=0
HEAT_2_TEMP=0.0
HEAT_2_DUTY=0
HEAT_3_TEMP=0.0
HEAT_3_DUTY=30
HEAT_4_TEMP=0.0
HEAT_4_DUTY=0

[18:27:33.144 EBOX]
TS=1786202123.379
V_SENSE5=0.8837890625
V_SENSE9=0.0390625
V_SENSE12=0.126953125
ADC_V5=4.991455078125
ADC_V9=9.54925537109375
ADC_V12=11.86798095703125
ADC_V28=26.6387939453125
PG_5=0
PG_9=0
PG_12=0
FLT_P2=0
FLT_P3=0
HEAT_1_TEMP=0.0
HEAT_1_DUTY=30
HEAT_2_TEMP=0.0
HEAT_2_DUTY=0
HEAT_3_TEMP=0.0
HEAT_3_DUTY=0
HEAT_4_TEMP=0.0
HEAT_4_DUTY=0

[18:27:35.095 EBOX]
TS=1786202125.381
V_SENSE5=0.908203125
V_SENSE9=0.0390625
V_SENSE12=0.11474609375
ADC_V5=4.9560546875
ADC_V9=9.21295166015625
ADC_V12=11.5936279296875
ADC_V28=26.32904052734375
PG_5=0
PG_9=0
PG_12=0
FLT_P2=0
FLT_P3=0
HEAT_1_TEMP=0.0
HEAT_1_DUTY=0
HEAT_2_TEMP=0.0
HEAT_2_DUTY=0
HEAT_3_TEMP=0.0
HEAT_3_DUTY=0
HEAT_4_TEMP=0.0
HEAT_4_DUTY=0

[18:27:37.134 EBOX]
TS=1786202127.386
V_SENSE5=0.87158203125
V_SENSE9=0.0390625
V_SENSE12=0.14404296875
ADC_V5=4.84100341796875
ADC_V9=9.28375244140625
ADC_V12=11.82373046875
ADC_V28=26.96624755859375
PG_5=0
PG_9=0
PG_12=0
FLT_P2=0
FLT_P3=0
HEAT_1_TEMP=0.0
HEAT_1_DUTY=0
HEAT_2_TEMP=0.0
HEAT_2_DUTY=0
HEAT_3_TEMP=0.0
HEAT_3_DUTY=0
HEAT_4_TEMP=0.0
HEAT_4_DUTY=0

[18:27:39.177 EBOX]
TS=1786202129.386
V_SENSE5=0.97412109375
V_SENSE9=0.0390625
V_SENSE12=0.13427734375
ADC_V5=4.9560546875
ADC_V9=9.92095947265625
ADC_V12=11.93878173828125
ADC_V28=27.1343994140625
PG_5=0
PG_9=0
PG_12=0
FLT_P2=0
FLT_P3=0
HEAT_1_TEMP=0.0
HEAT_1_DUTY=0
HEAT_2_TEMP=0.0
HEAT_2_DUTY=0
HEAT_3_TEMP=0.0
HEAT_3_DUTY=30
HEAT_4_TEMP=0.0
HEAT_4_DUTY=0

[18:27:41.124 EBOX]
TS=1786202131.386
V_SENSE5=0.89599609375
V_SENSE9=0.04638671875
V_SENSE12=0.1318359375
ADC_V5=5.23040771484375
ADC_V9=9.2926025390625
ADC_V12=11.7529296875
ADC_V28=26.08123779296875
PG_5=0
PG_9=0
PG_12=0
FLT_P2=0
FLT_P3=0
HEAT_1_TEMP=0.0
HEAT_1_DUTY=30
HEAT_2_TEMP=0.0
HEAT_2_DUTY=0
HEAT_3_TEMP=0.0
HEAT_3_DUTY=0
HEAT_4_TEMP=0.0
HEAT_4_DUTY=0

[18:27:43.165 EBOX]
TS=1786202133.387
V_SENSE5=0.90576171875
V_SENSE9=0.03662109375
V_SENSE12=0.13916015625
ADC_V5=5.02685546875
ADC_V9=8.91204833984375
ADC_V12=11.70867919921875
ADC_V28=27.16094970703125
PG_5=0
PG_9=0
PG_12=0
FLT_P2=0
FLT_P3=0
HEAT_1_TEMP=0.0
HEAT_1_DUTY=0
HEAT_2_TEMP=0.0
HEAT_2_DUTY=0
HEAT_3_TEMP=0.0
HEAT_3_DUTY=0
HEAT_4_TEMP=0.0
HEAT_4_DUTY=0

[18:27:45.105 EBOX]
TS=1786202135.388
V_SENSE5=0.8935546875
V_SENSE9=0.0341796875
V_SENSE12=0.1123046875
ADC_V5=4.91180419921875
ADC_V9=8.9031982421875
ADC_V12=11.81488037109375
ADC_V28=26.62109375
PG_5=0
PG_9=0
PG_12=0
FLT_P2=0
FLT_P3=0
HEAT_1_TEMP=0.0
HEAT_1_DUTY=0
HEAT_2_TEMP=0.0
HEAT_2_DUTY=0
HEAT_3_TEMP=0.0
HEAT_3_DUTY=0
HEAT_4_TEMP=0.0
HEAT_4_DUTY=0

[18:27:47.150 EBOX]
TS=1786202137.390
V_SENSE5=0.87890625
V_SENSE9=0.03662109375
V_SENSE12=0.1416015625
ADC_V5=4.94720458984375
ADC_V9=8.743896484375
ADC_V12=11.58477783203125
ADC_V28=26.73614501953125
PG_5=0
PG_9=0
PG_12=0
FLT_P2=0
FLT_P3=0
HEAT_1_TEMP=0.0
HEAT_1_DUTY=0
HEAT_2_TEMP=0.0
HEAT_2_DUTY=0
HEAT_3_TEMP=0.0
HEAT_3_DUTY=30
HEAT_4_TEMP=0.0
HEAT_4_DUTY=0

[18:27:49.188 EBOX]
TS=1786202139.393
V_SENSE5=0.9033203125
V_SENSE9=0.0390625
V_SENSE12=0.15380859375
ADC_V5=4.991455078125
ADC_V9=9.168701171875
ADC_V12=11.9476318359375
ADC_V28=27.05474853515625
PG_5=0
PG_9=0
PG_12=0
FLT_P2=0
FLT_P3=0
HEAT_1_TEMP=0.0
HEAT_1_DUTY=30
HEAT_2_TEMP=0.0
HEAT_2_DUTY=0
HEAT_3_TEMP=0.0
HEAT_3_DUTY=0
HEAT_4_TEMP=0.0
HEAT_4_DUTY=0

[18:27:51.126 EBOX]
TS=1786202141.396
V_SENSE5=0.85205078125
V_SENSE9=0.03662109375
V_SENSE12=0.126953125
ADC_V5=5.0091552734375
ADC_V9=9.47845458984375
ADC_V12=11.44317626953125
ADC_V28=27.152099609375
PG_5=0
PG_9=0
PG_12=0
FLT_P2=0
FLT_P3=0
HEAT_1_TEMP=0.0
HEAT_1_DUTY=0
HEAT_2_TEMP=0.0
HEAT_2_DUTY=0
HEAT_3_TEMP=0.0
HEAT_3_DUTY=0
HEAT_4_TEMP=0.0
HEAT_4_DUTY=0

[18:27:53.162 EBOX]
TS=1786202143.399
V_SENSE5=0.91064453125
V_SENSE9=0.09521484375
V_SENSE12=0.1416015625
ADC_V5=4.9383544921875
ADC_V9=9.10675048828125
ADC_V12=11.4697265625
ADC_V28=26.939697265625
PG_5=0
PG_9=0
PG_12=0
FLT_P2=0
FLT_P3=0
HEAT_1_TEMP=0.0
HEAT_1_DUTY=0
HEAT_2_TEMP=0.0
HEAT_2_DUTY=0
HEAT_3_TEMP=0.0
HEAT_3_DUTY=0
HEAT_4_TEMP=0.0
HEAT_4_DUTY=0

[18:27:55.100 EBOX]
TS=1786202145.399
V_SENSE5=0.90087890625
V_SENSE9=0.0390625
V_SENSE12=0.12451171875
ADC_V5=5.00030517578125
ADC_V9=8.99169921875
ADC_V12=11.88568115234375
ADC_V28=26.25823974609375
PG_5=0
PG_9=0
PG_12=0
FLT_P2=0
FLT_P3=0
HEAT_1_TEMP=0.0
HEAT_1_DUTY=0
HEAT_2_TEMP=0.0
HEAT_2_DUTY=0
HEAT_3_TEMP=0.0
HEAT_3_DUTY=30
HEAT_4_TEMP=0.0
HEAT_4_DUTY=0

[18:27:57.152 EBOX]
TS=1786202147.404
V_SENSE5=0.859375
V_SENSE9=0.0341796875
V_SENSE12=0.146484375
ADC_V5=5.03570556640625
ADC_V9=9.41650390625
ADC_V12=11.788330078125
ADC_V28=26.82464599609375
PG_5=0
PG_9=0
PG_12=0
FLT_P2=0
FLT_P3=0
HEAT_1_TEMP=0.0
HEAT_1_DUTY=30
HEAT_2_TEMP=0.0
HEAT_2_DUTY=0
HEAT_3_TEMP=0.0
HEAT_3_DUTY=0
HEAT_4_TEMP=0.0
HEAT_4_DUTY=0

[18:27:59.189 EBOX]
TS=1786202149.408
V_SENSE5=0.87158203125
V_SENSE9=0.0390625
V_SENSE12=0.19287109375
ADC_V5=5.01800537109375
ADC_V9=9.42535400390625
ADC_V12=11.76177978515625
ADC_V28=26.59454345703125
PG_5=0
PG_9=0
PG_12=0
FLT_P2=0
FLT_P3=0
HEAT_1_TEMP=0.0
HEAT_1_DUTY=0
HEAT_2_TEMP=0.0
HEAT_2_DUTY=0
HEAT_3_TEMP=0.0
HEAT_3_DUTY=0
HEAT_4_TEMP=0.0
HEAT_4_DUTY=0

[18:28:01.124 EBOX]
TS=1786202151.410
V_SENSE5=0.87158203125
V_SENSE9=0.0390625
V_SENSE12=0.13671875
ADC_V5=4.9029541015625
ADC_V9=9.21295166015625
ADC_V12=11.505126953125
ADC_V28=26.09893798828125
PG_5=0
PG_9=0
PG_12=0
FLT_P2=0
FLT_P3=0
HEAT_1_TEMP=0.0
HEAT_1_DUTY=0
HEAT_2_TEMP=0.0
HEAT_2_DUTY=0
HEAT_3_TEMP=0.0
HEAT_3_DUTY=0
HEAT_4_TEMP=0.0
HEAT_4_DUTY=0

[18:28:03.161 EBOX]
TS=1786202153.408
V_SENSE5=0.89599609375
V_SENSE9=0.04150390625
V_SENSE12=0.126953125
ADC_V5=4.94720458984375
ADC_V9=8.7969970703125
ADC_V12=11.51397705078125
ADC_V28=26.798095703125
PG_5=0
PG_9=0
PG_12=0
FLT_P2=0
FLT_P3=0
HEAT_1_TEMP=0.0
HEAT_1_DUTY=0
HEAT_2_TEMP=0.0
HEAT_2_DUTY=0
HEAT_3_TEMP=0.0
HEAT_3_DUTY=30
HEAT_4_TEMP=0.0
HEAT_4_DUTY=0

[18:28:05.196 EBOX]
TS=1786202155.410
V_SENSE5=0.91064453125
V_SENSE9=0.11474609375
V_SENSE12=0.11474609375
ADC_V5=4.9737548828125
ADC_V9=9.168701171875
ADC_V12=11.7706298828125
ADC_V28=26.12548828125
PG_5=0
PG_9=0
PG_12=0
FLT_P2=0
FLT_P3=0
HEAT_1_TEMP=0.0
HEAT_1_DUTY=30
HEAT_2_TEMP=0.0
HEAT_2_DUTY=0
HEAT_3_TEMP=0.0
HEAT_3_DUTY=0
HEAT_4_TEMP=0.0
HEAT_4_DUTY=0

[18:28:07.131 EBOX]
TS=1786202157.413
V_SENSE5=0.90087890625
V_SENSE9=0.03662109375
V_SENSE12=0.12939453125
ADC_V5=4.96490478515625
ADC_V9=9.35455322265625
ADC_V12=11.89453125
ADC_V28=27.0281982421875
PG_5=0
PG_9=0
PG_12=0
FLT_P2=0
FLT_P3=0
HEAT_1_TEMP=0.0
HEAT_1_DUTY=0
HEAT_2_TEMP=0.0
HEAT_2_DUTY=0
HEAT_3_TEMP=0.0
HEAT_3_DUTY=0
HEAT_4_TEMP=0.0
HEAT_4_DUTY=0

[18:28:09.170 EBOX]
TS=1786202159.418
V_SENSE5=0.888671875
V_SENSE9=0.0341796875
V_SENSE12=0.14892578125
ADC_V5=4.849853515625
ADC_V9=8.9031982421875
ADC_V12=11.505126953125
ADC_V28=26.160888671875
PG_5=0
PG_9=0
PG_12=0
FLT_P2=0
FLT_P3=0
HEAT_1_TEMP=0.0
HEAT_1_DUTY=0
HEAT_2_TEMP=0.0
HEAT_2_DUTY=0
HEAT_3_TEMP=0.0
HEAT_3_DUTY=0
HEAT_4_TEMP=0.0
HEAT_4_DUTY=0

[18:28:11.216 EBOX]
TS=1786202161.415
V_SENSE5=0.9521484375
V_SENSE9=0.0390625
V_SENSE12=0.1220703125
ADC_V5=5.19500732421875
ADC_V9=9.2218017578125
ADC_V12=11.6290283203125
ADC_V28=26.52374267578125
PG_5=0
PG_9=0
PG_12=0
FLT_P2=0
FLT_P3=0
HEAT_1_TEMP=0.0
HEAT_1_DUTY=0
HEAT_2_TEMP=0.0
HEAT_2_DUTY=0
HEAT_3_TEMP=0.0
HEAT_3_DUTY=30
HEAT_4_TEMP=0.0
HEAT_4_DUTY=0

[18:28:13.152 EBOX]
TS=1786202163.420
V_SENSE5=0.87158203125
V_SENSE9=0.04150390625
V_SENSE12=0.1318359375
ADC_V5=4.9737548828125
ADC_V9=8.9739990234375
ADC_V12=11.51397705078125
ADC_V28=27.0281982421875
PG_5=0
PG_9=0
PG_12=0
FLT_P2=0
FLT_P3=0
HEAT_1_TEMP=0.0
HEAT_1_DUTY=30
HEAT_2_TEMP=0.0
HEAT_2_DUTY=0
HEAT_3_TEMP=0.0
HEAT_3_DUTY=0
HEAT_4_TEMP=0.0
HEAT_4_DUTY=0

[18:28:15.190 EBOX]
TS=1786202165.419
V_SENSE5=0.88134765625
V_SENSE9=0.0390625
V_SENSE12=0.146484375
ADC_V5=4.84100341796875
ADC_V9=8.9739990234375
ADC_V12=11.93878173828125
ADC_V28=27.10784912109375
PG_5=0
PG_9=0
PG_12=0
FLT_P2=0
FLT_P3=0
HEAT_1_TEMP=0.0
HEAT_1_DUTY=0
HEAT_2_TEMP=0.0
HEAT_2_DUTY=0
HEAT_3_TEMP=0.0
HEAT_3_DUTY=0
HEAT_4_TEMP=0.0
HEAT_4_DUTY=0

[18:28:17.212 EBOX]
TS=1786202167.422
V_SENSE5=0.9130859375
V_SENSE9=0.07568359375
V_SENSE12=0.1171875
ADC_V5=5.00030517578125
ADC_V9=8.99169921875
ADC_V12=11.4874267578125
ADC_V28=26.69189453125
PG_5=0
PG_9=0
PG_12=0
FLT_P2=0
FLT_P3=0
HEAT_1_TEMP=0.0
HEAT_1_DUTY=0
HEAT_2_TEMP=0.0
HEAT_2_DUTY=0
HEAT_3_TEMP=0.0
HEAT_3_DUTY=0
HEAT_4_TEMP=0.0
HEAT_4_DUTY=0

