[20:24:29.489 CUBESAT]
TS=1786202588.553
PG_5=1
PG_9=0
PG_12=0
FLT_P2=0
FLT_P3=0
HEAT_1_TEMP=0.0
HEAT_1_DUTY=0
HEAT_1_SP=-20.0
ENC_RAW=11651
ENC_ANGLE=256.00341796875
ENC_ACCUM=0.02197265625
AUTO_STOP=1
MOTOR_ANGLE=0.0007558139534883722
MOTOR_ACCUM=0.0007558139534883722
MOTOR_ROT=0

[20:24:29.936 EBOX]
TS=1786201258.814
V_SENSE5=0.83740234375
V_SENSE9=0.0341796875
V_SENSE12=0.11962890625
ADC_V5=4.9560546875
ADC_V9=9.31915283203125
ADC_V12=11.95648193359375
ADC_V28=27.293701171875
THERMAL_SENS_OUT_1=26
THERMAL_SENS_OUT_2=-50
THERMAL_SENS_OUT_3=27
THERMAL_SENS_OUT_4=26
THERMAL_SENS_OUT_5=29
THERMAL_SENS_OUT_6=-50
THERMAL_SENS_INT_1=28
THERMAL_SENS_INT_2=28
PG_5=0
PG_9=0
PG_12=0
FLT_P2=0
FLT_P3=0
HEAT_1_TEMP=26
HEAT_1_DUTY=0
HEAT_1_SP=-20.0
HEAT_2_TEMP=27
HEAT_2_DUTY=0
HEAT_2_SP=-20.0
HEAT_3_TEMP=26
HEAT_3_DUTY=0
HEAT_3_SP=-20.0
HEAT_4_TEMP=29
HEAT_4_DUTY=0
HEAT_4_SP=-20.0
MOTOR_ANGLE=0.0011482558139534885
MOTOR_ACCUM=0.0011482558139534885
MOTOR_ROT=0

[20:24:31.423 CUBESAT]
TS=1786202590.554
PG_5=1
PG_9=0
PG_12=0
FLT_P2=0
FLT_P3=0
HEAT_1_TEMP=0.0
HEAT_1_DUTY=0
HEAT_1_SP=-20.0
ENC_RAW=11650
ENC_ANGLE=255.9814453125
ENC_ACCUM=0.0
AUTO_STOP=1
MOTOR_ANGLE=0.0007558139534883722
MOTOR_ACCUM=0.0007558139534883722
MOTOR_ROT=0

[20:24:31.628 EBOX]
TS=1786201260.812
V_SENSE5=0.87158203125
V_SENSE9=0.0341796875
V_SENSE12=0.126953125
ADC_V5=4.96490478515625
ADC_V9=8.92974853515625
ADC_V12=11.92108154296875
ADC_V28=27.7008056640625
THERMAL_SENS_OUT_1=26
THERMAL_SENS_OUT_2=-50
THERMAL_SENS_OUT_3=25
THERMAL_SENS_OUT_4=26
THERMAL_SENS_OUT_5=24
THERMAL_SENS_OUT_6=-50
THERMAL_SENS_INT_1=29
THERMAL_SENS_INT_2=26
PG_5=0
PG_9=0
PG_12=0
FLT_P2=0
FLT_P3=0
HEAT_1_TEMP=26
HEAT_1_DUTY=0
HEAT_1_SP=-20.0
HEAT_2_TEMP=25
HEAT_2_DUTY=0
HEAT_2_SP=-20.0
HEAT_3_TEMP=26
HEAT_3_DUTY=0
HEAT_3_SP=-20.0
HEAT_4_TEMP=24
HEAT_4_DUTY=0
HEAT_4_SP=-20.0
MOTOR_ANGLE=0.0011482558139534885
MOTOR_ACCUM=0.0011482558139534885
MOTOR_ROT=0

[20:24:33.446 CUBESAT]
TS=1786202592.556
PG_5=1
PG_9=0
PG_12=0
FLT_P2=0
FLT_P3=0
HEAT_1_TEMP=0.0
HEAT_1_DUTY=0
HEAT_1_SP=-20.0
ENC_RAW=11649
ENC_ANGLE=255.95947265625
ENC_ACCUM=-0.02197265625
AUTO_STOP=1
MOTOR_ANGLE=0.0007558139534883722
MOTOR_ACCUM=0.0007558139534883722
MOTOR_ROT=0

[20:24:33.651 EBOX]
TS=1786201262.808
V_SENSE5=1.11083984375
V_SENSE9=0.0390625
V_SENSE12=0.1220703125
ADC_V5=4.9560546875
ADC_V9=8.99169921875
ADC_V12=11.89453125
ADC_V28=27.74505615234375
THERMAL_SENS_OUT_1=25
THERMAL_SENS_OUT_2=-50
THERMAL_SENS_OUT_3=27
THERMAL_SENS_OUT_4=26
THERMAL_SENS_OUT_5=27
THERMAL_SENS_OUT_6=-50
THERMAL_SENS_INT_1=25
THERMAL_SENS_INT_2=27
PG_5=0
PG_9=0
PG_12=0
FLT_P2=0
FLT_P3=0
HEAT_1_TEMP=25
HEAT_1_DUTY=0
HEAT_1_SP=-20.0
HEAT_2_TEMP=27
HEAT_2_DUTY=0
HEAT_2_SP=-20.0
HEAT_3_TEMP=26
HEAT_3_DUTY=0
HEAT_3_SP=-20.0
HEAT_4_TEMP=27
HEAT_4_DUTY=0
HEAT_4_SP=-20.0
MOTOR_ANGLE=0.0011482558139534885
MOTOR_ACCUM=0.0011482558139534885
MOTOR_ROT=0

[20:24:35.466 CUBESAT]
TS=1786202594.559
PG_5=1
PG_9=0
PG_12=0
FLT_P2=0
FLT_P3=0
HEAT_1_TEMP=0.0
HEAT_1_DUTY=0
HEAT_1_SP=-20.0
ENC_RAW=11651
ENC_ANGLE=256.00341796875
ENC_ACCUM=0.02197265625
AUTO_STOP=1
MOTOR_ANGLE=0.0007558139534883722
MOTOR_ACCUM=0.0007558139534883722
MOTOR_ROT=0

[20:24:35.672 EBOX]
TS=1786201264.810
V_SENSE5=1.162109375
V_SENSE9=0.0390625
V_SENSE12=0.13916015625
ADC_V5=4.9560546875
ADC_V9=9.3280029296875
ADC_V12=11.8060302734375
ADC_V28=27.46185302734375
THERMAL_SENS_OUT_1=24
THERMAL_SENS_OUT_2=-50
THERMAL_SENS_OUT_3=30
THERMAL_SENS_OUT_4=25
THERMAL_SENS_OUT_5=28
THERMAL_SENS_OUT_6=-50
THERMAL_SENS_INT_1=24
THERMAL_SENS_INT_2=27
PG_5=0
PG_9=0
PG_12=0
FLT_P2=0
FLT_P3=0
HEAT_1_TEMP=24
HEAT_1_DUTY=0
HEAT_1_SP=-20.0
HEAT_2_TEMP=30
HEAT_2_DUTY=0
HEAT_2_SP=-20.0
HEAT_3_TEMP=25
HEAT_3_DUTY=0
HEAT_3_SP=-20.0
HEAT_4_TEMP=28
HEAT_4_DUTY=0
HEAT_4_SP=-20.0
MOTOR_ANGLE=0.0011482558139534885
MOTOR_ACCUM=0.0011482558139534885
MOTOR_ROT=0

[20:24:37.488 CUBESAT]
TS=1786202596.561
PG_5=1
PG_9=0
PG_12=0
FLT_P2=0
FLT_P3=0
HEAT_1_TEMP=0.0
HEAT_1_DUTY=10
HEAT_1_SP=-20.0
ENC_RAW=11651
ENC_ANGLE=256.00341796875
ENC_ACCUM=0.02197265625
AUTO_STOP=1
MOTOR_ANGLE=0.0007558139534883722
MOTOR_ACCUM=0.0007558139534883722
MOTOR_ROT=0

[20:24:37.592 EBOX]
TS=1786201266.811
V_SENSE5=1.13525390625
V_SENSE9=0.03662109375
V_SENSE12=0.13671875
ADC_V5=4.991455078125
ADC_V9=9.19525146484375
ADC_V12=11.9122314453125
ADC_V28=27.92205810546875
THERMAL_SENS_OUT_1=33
THERMAL_SENS_OUT_2=-50
THERMAL_SENS_OUT_3=28
THERMAL_SENS_OUT_4=26
THERMAL_SENS_OUT_5=26
THERMAL_SENS_OUT_6=-50
THERMAL_SENS_INT_1=26
THERMAL_SENS_INT_2=26
PG_5=0
PG_9=0
PG_12=0
FLT_P2=0
FLT_P3=0
HEAT_1_TEMP=33
HEAT_1_DUTY=0
HEAT_1_SP=-20.0
HEAT_2_TEMP=28
HEAT_2_DUTY=0
HEAT_2_SP=-20.0
HEAT_3_TEMP=26
HEAT_3_DUTY=0
HEAT_3_SP=-20.0
HEAT_4_TEMP=26
HEAT_4_DUTY=0
HEAT_4_SP=-20.0
MOTOR_ANGLE=0.0011482558139534885
MOTOR_ACCUM=0.0011482558139534885
MOTOR_ROT=0

[20:24:39.619 EBOX]
TS=1786201268.813
V_SENSE5=1.142578125
V_SENSE9=0.0341796875
V_SENSE12=0.14892578125
ADC_V5=4.9737548828125
ADC_V9=9.35455322265625
ADC_V12=11.85028076171875
ADC_V28=27.718505859375
THERMAL_SENS_OUT_1=28
THERMAL_SENS_OUT_2=-50
THERMAL_SENS_OUT_3=29
THERMAL_SENS_OUT_4=26
THERMAL_SENS_OUT_5=26
THERMAL_SENS_OUT_6=-50
THERMAL_SENS_INT_1=25
THERMAL_SENS_INT_2=25
PG_5=0
PG_9=0
PG_12=0
FLT_P2=0
FLT_P3=0
HEAT_1_TEMP=28
HEAT_1_DUTY=0
HEAT_1_SP=-20.0
HEAT_2_TEMP=29
HEAT_2_DUTY=0
HEAT_2_SP=-20.0
HEAT_3_TEMP=26
HEAT_3_DUTY=0
HEAT_3_SP=-20.0
HEAT_4_TEMP=26
HEAT_4_DUTY=0
HEAT_4_SP=-20.0
MOTOR_ANGLE=0.0011482558139534885
MOTOR_ACCUM=0.0011482558139534885
MOTOR_ROT=0

[20:24:39.722 CUBESAT]
TS=1786202598.563
PG_5=1
PG_9=0
PG_12=0
FLT_P2=0
FLT_P3=0
HEAT_1_TEMP=0.0
HEAT_1_DUTY=0
HEAT_1_SP=-20.0
ENC_RAW=11649
ENC_ANGLE=255.95947265625
ENC_ACCUM=-0.02197265625
AUTO_STOP=1
MOTOR_ANGLE=0.0007558139534883722
MOTOR_ACCUM=0.0007558139534883722
MOTOR_ROT=0

[20:24:41.435 CUBESAT]
TS=1786202600.565
PG_5=1
PG_9=0
PG_12=0
FLT_P2=0
FLT_P3=0
HEAT_1_TEMP=0.0
HEAT_1_DUTY=0
HEAT_1_SP=-20.0
ENC_RAW=11649
ENC_ANGLE=255.95947265625
ENC_ACCUM=-0.02197265625
AUTO_STOP=1
MOTOR_ANGLE=0.0007558139534883722
MOTOR_ACCUM=0.0007558139534883722
MOTOR_ROT=0

[20:24:41.640 EBOX]
TS=1786201270.815
V_SENSE5=1.103515625
V_SENSE9=0.0341796875
V_SENSE12=0.1220703125
ADC_V5=4.98260498046875
ADC_V9=9.4342041015625
ADC_V12=11.646728515625
ADC_V28=28.06365966796875
THERMAL_SENS_OUT_1=30
THERMAL_SENS_OUT_2=-50
THERMAL_SENS_OUT_3=25
THERMAL_SENS_OUT_4=27
THERMAL_SENS_OUT_5=29
THERMAL_SENS_OUT_6=-50
THERMAL_SENS_INT_1=27
THERMAL_SENS_INT_2=27
PG_5=0
PG_9=0
PG_12=0
FLT_P2=0
FLT_P3=0
HEAT_1_TEMP=30
HEAT_1_DUTY=0
HEAT_1_SP=-20.0
HEAT_2_TEMP=25
HEAT_2_DUTY=0
HEAT_2_SP=-20.0
HEAT_3_TEMP=27
HEAT_3_DUTY=0
HEAT_3_SP=-20.0
HEAT_4_TEMP=29
HEAT_4_DUTY=0
HEAT_4_SP=-20.0
MOTOR_ANGLE=0.0011482558139534885
MOTOR_ACCUM=0.0011482558139534885
MOTOR_ROT=0

[20:24:43.666 EBOX]
TS=1786201272.817
V_SENSE5=1.14990234375
V_SENSE9=0.03662109375
V_SENSE12=0.13427734375
ADC_V5=5.00030517578125
ADC_V9=9.41650390625
ADC_V12=11.60247802734375
ADC_V28=28.01055908203125
THERMAL_SENS_OUT_1=26
THERMAL_SENS_OUT_2=-50
THERMAL_SENS_OUT_3=29
THERMAL_SENS_OUT_4=28
THERMAL_SENS_OUT_5=25
THERMAL_SENS_OUT_6=-50
THERMAL_SENS_INT_1=25
THERMAL_SENS_INT_2=29
PG_5=0
PG_9=0
PG_12=0
FLT_P2=0
FLT_P3=0
HEAT_1_TEMP=26
HEAT_1_DUTY=0
HEAT_1_SP=-20.0
HEAT_2_TEMP=29
HEAT_2_DUTY=0
HEAT_2_SP=-20.0
HEAT_3_TEMP=28
HEAT_3_DUTY=0
HEAT_3_SP=-20.0
HEAT_4_TEMP=25
HEAT_4_DUTY=0
HEAT_4_SP=-20.0
MOTOR_ANGLE=0.0011482558139534885
MOTOR_ACCUM=0.0011482558139534885
MOTOR_ROT=0

[20:24:43.670 CUBESAT]
TS=1786202602.568
PG_5=1
PG_9=0
PG_12=0
FLT_P2=0
FLT_P3=0
HEAT_1_TEMP=0.0
HEAT_1_DUTY=10
HEAT_1_SP=-20.0
ENC_RAW=11651
ENC_ANGLE=256.00341796875
ENC_ACCUM=0.02197265625
AUTO_STOP=1
MOTOR_ANGLE=0.0007558139534883722
MOTOR_ACCUM=0.0007558139534883722
MOTOR_ROT=0

[20:24:45.487 CUBESAT]
TS=1786202604.570
PG_5=1
PG_9=0
PG_12=0
FLT_P2=0
FLT_P3=0
HEAT_1_TEMP=0.0
HEAT_1_DUTY=0
HEAT_1_SP=-20.0
ENC_RAW=11648
ENC_ANGLE=255.9375
ENC_ACCUM=-0.0439453125
AUTO_STOP=1
MOTOR_ANGLE=0.0007558139534883722
MOTOR_ACCUM=0.0007558139534883722
MOTOR_ROT=0

[20:24:45.584 EBOX]
TS=1786201274.826
V_SENSE5=1.03759765625
V_SENSE9=0.03662109375
V_SENSE12=0.11962890625
ADC_V5=4.94720458984375
ADC_V9=9.46075439453125
ADC_V12=11.5582275390625
ADC_V28=27.25830078125
THERMAL_SENS_OUT_1=34
THERMAL_SENS_OUT_2=-50
THERMAL_SENS_OUT_3=24
THERMAL_SENS_OUT_4=26
THERMAL_SENS_OUT_5=27
THERMAL_SENS_OUT_6=-50
THERMAL_SENS_INT_1=29
THERMAL_SENS_INT_2=25
PG_5=0
PG_9=0
PG_12=0
FLT_P2=0
FLT_P3=0
HEAT_1_TEMP=34
HEAT_1_DUTY=0
HEAT_1_SP=-20.0
HEAT_2_TEMP=24
HEAT_2_DUTY=0
HEAT_2_SP=-20.0
HEAT_3_TEMP=26
HEAT_3_DUTY=0
HEAT_3_SP=-20.0
HEAT_4_TEMP=27
HEAT_4_DUTY=0
HEAT_4_SP=-20.0
MOTOR_ANGLE=0.0011482558139534885
MOTOR_ACCUM=0.0011482558139534885
MOTOR_ROT=0

[20:24:47.606 EBOX]
TS=1786201276.822
V_SENSE5=1.1962890625
V_SENSE9=0.048828125
V_SENSE12=0.12451171875
ADC_V5=4.88525390625
ADC_V9=9.4873046875
ADC_V12=11.86798095703125
ADC_V28=27.63885498046875
THERMAL_SENS_OUT_1=24
THERMAL_SENS_OUT_2=-50
THERMAL_SENS_OUT_3=27
THERMAL_SENS_OUT_4=29
THERMAL_SENS_OUT_5=25
THERMAL_SENS_OUT_6=-50
THERMAL_SENS_INT_1=28
THERMAL_SENS_INT_2=27
PG_5=0
PG_9=0
PG_12=0
FLT_P2=0
FLT_P3=0
HEAT_1_TEMP=24
HEAT_1_DUTY=0
HEAT_1_SP=-20.0
HEAT_2_TEMP=27
HEAT_2_DUTY=0
HEAT_2_SP=-20.0
HEAT_3_TEMP=29
HEAT_3_DUTY=0
HEAT_3_SP=-20.0
HEAT_4_TEMP=25
HEAT_4_DUTY=0
HEAT_4_SP=-20.0
MOTOR_ANGLE=0.0011482558139534885
MOTOR_ACCUM=0.0011482558139534885
MOTOR_ROT=0

[20:24:47.711 CUBESAT]
TS=1786202606.572
PG_5=1
PG_9=0
PG_12=0
FLT_P2=0
FLT_P3=0
HEAT_1_TEMP=0.0
HEAT_1_DUTY=0
HEAT_1_SP=-20.0
ENC_RAW=11648
ENC_ANGLE=255.9375
ENC_ACCUM=-0.0439453125
AUTO_STOP=1
MOTOR_ANGLE=0.0007558139534883722
MOTOR_ACCUM=0.0007558139534883722
MOTOR_ROT=0

[20:24:49.426 CUBESAT]
TS=1786202608.575
PG_5=1
PG_9=0
PG_12=0
FLT_P2=0
FLT_P3=0
HEAT_1_TEMP=0.0
HEAT_1_DUTY=0
HEAT_1_SP=-20.0
ENC_RAW=11650
ENC_ANGLE=255.9814453125
ENC_ACCUM=0.0
AUTO_STOP=1
MOTOR_ANGLE=0.0007558139534883722
MOTOR_ACCUM=0.0007558139534883722
MOTOR_ROT=0

[20:24:51.544 CUBESAT]
TS=1786202610.577
PG_5=1
PG_9=0
PG_12=0
FLT_P2=0
FLT_P3=0
HEAT_1_TEMP=0.0
HEAT_1_DUTY=0
HEAT_1_SP=-20.0
ENC_RAW=11651
ENC_ANGLE=256.00341796875
ENC_ACCUM=0.02197265625
AUTO_STOP=1
MOTOR_ANGLE=0.0007558139534883722
MOTOR_ACCUM=0.0007558139534883722
MOTOR_ROT=0

[20:24:53.472 EBOX]
TS=1786201282.838
V_SENSE5=1.15478515625
V_SENSE9=0.0341796875
V_SENSE12=0.12939453125
ADC_V5=4.9383544921875
ADC_V9=9.3634033203125
ADC_V12=11.6998291015625
ADC_V28=28.18756103515625
THERMAL_SENS_OUT_1=28
THERMAL_SENS_OUT_2=-50
THERMAL_SENS_OUT_3=28
THERMAL_SENS_OUT_4=26
THERMAL_SENS_OUT_5=26
THERMAL_SENS_OUT_6=-50
THERMAL_SENS_INT_1=25
THERMAL_SENS_INT_2=29
PG_5=0
PG_9=0
PG_12=0
FLT_P2=0
FLT_P3=0
HEAT_1_TEMP=28
HEAT_1_DUTY=0
HEAT_1_SP=-20.0
HEAT_2_TEMP=28
HEAT_2_DUTY=0
HEAT_2_SP=-20.0
HEAT_3_TEMP=26
HEAT_3_DUTY=0
HEAT_3_SP=-20.0
HEAT_4_TEMP=26
HEAT_4_DUTY=0
HEAT_4_SP=-20.0

[20:24:53.678 CUBESAT]
TS=1786202612.579
PG_5=1
PG_9=0
PG_12=0
FLT_P2=0
FLT_P3=0
HEAT_1_TEMP=0.0
HEAT_1_DUTY=10
HEAT_1_SP=-20.0
ENC_RAW=11655
ENC_ANGLE=256.09130859375
ENC_ACCUM=0.10986328125
AUTO_STOP=1
MOTOR_ANGLE=0.0007558139534883722
MOTOR_ACCUM=0.0007558139534883722
MOTOR_ROT=0

[20:24:55.494 CUBESAT]
TS=1786202614.581
PG_5=1
PG_9=0
PG_12=0
FLT_P2=0
FLT_P3=0
HEAT_1_TEMP=0.0
HEAT_1_DUTY=0
HEAT_1_SP=-20.0
ENC_RAW=11650
ENC_ANGLE=255.9814453125
ENC_ACCUM=0.0
AUTO_STOP=1
MOTOR_ANGLE=0.0007558139534883722
MOTOR_ACCUM=0.0007558139534883722
MOTOR_ROT=0

[20:24:55.812 EBOX]
TS=1786201284.840
V_SENSE5=0.99365234375
V_SENSE9=0.04150390625
V_SENSE12=0.126953125
ADC_V5=4.991455078125
ADC_V9=9.3280029296875
ADC_V12=11.8768310546875
ADC_V28=27.7716064453125
THERMAL_SENS_OUT_1=25
THERMAL_SENS_OUT_2=-50
THERMAL_SENS_OUT_3=25
THERMAL_SENS_OUT_4=26
THERMAL_SENS_OUT_5=30
THERMAL_SENS_OUT_6=-50
THERMAL_SENS_INT_1=28
THERMAL_SENS_INT_2=25
PG_5=0
PG_9=0
PG_12=0
FLT_P2=0
FLT_P3=0
HEAT_1_TEMP=25
HEAT_1_DUTY=0
HEAT_1_SP=-20.0
HEAT_2_TEMP=25
HEAT_2_DUTY=0
HEAT_2_SP=-20.0
HEAT_3_TEMP=26
HEAT_3_DUTY=0
HEAT_3_SP=-20.0
HEAT_4_TEMP=30
HEAT_4_DUTY=0
HEAT_4_SP=-20.0

[20:24:57.537 EBOX]
TS=1786201286.840
V_SENSE5=1.11572265625
V_SENSE9=0.0390625
V_SENSE12=0.1416015625
ADC_V5=4.9029541015625
ADC_V9=9.44305419921875
ADC_V12=11.6998291015625
ADC_V28=28.1787109375
THERMAL_SENS_OUT_1=28
THERMAL_SENS_OUT_2=-50
THERMAL_SENS_OUT_3=25
THERMAL_SENS_OUT_4=28
THERMAL_SENS_OUT_5=26
THERMAL_SENS_OUT_6=-50
THERMAL_SENS_INT_1=25
THERMAL_SENS_INT_2=30
PG_5=0
PG_9=0
PG_12=0
FLT_P2=0
FLT_P3=0
HEAT_1_TEMP=28
HEAT_1_DUTY=0
HEAT_1_SP=-20.0
HEAT_2_TEMP=25
HEAT_2_DUTY=0
HEAT_2_SP=-20.0
HEAT_3_TEMP=28
HEAT_3_DUTY=0
HEAT_3_SP=-20.0
HEAT_4_TEMP=26
HEAT_4_DUTY=0
HEAT_4_SP=-20.0
MOTOR_ANGLE=0.0011482558139534885
MOTOR_ACCUM=0.0011482558139534885
MOTOR_ROT=0

[20:24:57.544 CUBESAT]
TS=1786202616.583
PG_5=1
PG_9=0
PG_12=0
FLT_P2=0
FLT_P3=0
HEAT_1_TEMP=0.0
HEAT_1_DUTY=0
HEAT_1_SP=-20.0
ENC_RAW=11652
ENC_ANGLE=256.025390625
ENC_ACCUM=0.0439453125
AUTO_STOP=1
MOTOR_ANGLE=0.0007558139534883722
MOTOR_ACCUM=0.0007558139534883722
MOTOR_ROT=0

[20:24:59.465 EBOX]
TS=1786201288.843
V_SENSE5=1.22314453125
V_SENSE9=0.0341796875
V_SENSE12=0.13427734375
ADC_V5=4.991455078125
ADC_V9=9.21295166015625
ADC_V12=11.8768310546875
ADC_V28=27.435302734375
THERMAL_SENS_OUT_1=29
THERMAL_SENS_OUT_2=-50
THERMAL_SENS_OUT_3=25
THERMAL_SENS_OUT_4=28
THERMAL_SENS_OUT_5=26
THERMAL_SENS_OUT_6=-50
THERMAL_SENS_INT_1=27
THERMAL_SENS_INT_2=25
PG_5=0
PG_9=0
PG_12=0
FLT_P2=0
FLT_P3=0
HEAT_1_TEMP=29
HEAT_1_DUTY=0
HEAT_1_SP=-20.0
HEAT_2_TEMP=25
HEAT_2_DUTY=0
HEAT_2_SP=-20.0
HEAT_3_TEMP=28
HEAT_3_DUTY=0
HEAT_3_SP=-20.0
HEAT_4_TEMP=26
HEAT_4_DUTY=0
HEAT_4_SP=-20.0
MOTOR_ANGLE=0.0011482558139534885
MOTOR_ACCUM=0.0011482558139534885
MOTOR_ROT=0

[20:24:59.573 CUBESAT]
TS=1786202618.585
PG_5=1
PG_9=0
PG_12=0
FLT_P2=0
FLT_P3=0
HEAT_1_TEMP=0.0
HEAT_1_DUTY=0
HEAT_1_SP=-20.0
ENC_RAW=11651
ENC_ANGLE=256.00341796875
ENC_ACCUM=0.02197265625
AUTO_STOP=1
MOTOR_ANGLE=0.0007558139534883722
MOTOR_ACCUM=0.0007558139534883722
MOTOR_ROT=0

[20:25:01.499 EBOX]
TS=1786201290.844
V_SENSE5=1.09130859375
V_SENSE9=0.03662109375
V_SENSE12=0.14892578125
ADC_V5=4.9560546875
ADC_V9=8.9739990234375
ADC_V12=11.69097900390625
ADC_V28=28.1256103515625
THERMAL_SENS_OUT_1=24
THERMAL_SENS_OUT_2=-50
THERMAL_SENS_OUT_3=29
THERMAL_SENS_OUT_4=26
THERMAL_SENS_OUT_5=29
THERMAL_SENS_OUT_6=-50
THERMAL_SENS_INT_1=27
THERMAL_SENS_INT_2=27
PG_5=0
PG_9=0
PG_12=0
FLT_P2=0
FLT_P3=0
HEAT_1_TEMP=24
HEAT_1_DUTY=0
HEAT_1_SP=-20.0
HEAT_2_TEMP=29
HEAT_2_DUTY=0
HEAT_2_SP=-20.0
HEAT_3_TEMP=26
HEAT_3_DUTY=0
HEAT_3_SP=-20.0
HEAT_4_TEMP=29
HEAT_4_DUTY=0
HEAT_4_SP=-20.0
MOTOR_ANGLE=0.0011482558139534885
MOTOR_ACCUM=0.0011482558139534885
MOTOR_ROT=0

[20:25:01.506 CUBESAT]
TS=1786202620.586
PG_5=1
PG_9=0
PG_12=0
FLT_P2=0
FLT_P3=0
HEAT_1_TEMP=0.0
HEAT_1_DUTY=0
HEAT_1_SP=-20.0
ENC_RAW=11650
ENC_ANGLE=255.9814453125
ENC_ACCUM=0.0
AUTO_STOP=1
MOTOR_ANGLE=0.0007558139534883722
MOTOR_ACCUM=0.0007558139534883722
MOTOR_ROT=0

[20:25:03.529 EBOX]
TS=1786201292.846
V_SENSE5=1.0888671875
V_SENSE9=0.0341796875
V_SENSE12=0.13671875
ADC_V5=4.991455078125
ADC_V9=8.9385986328125
ADC_V12=11.9830322265625
ADC_V28=27.90435791015625
THERMAL_SENS_OUT_1=26
THERMAL_SENS_OUT_2=-50
THERMAL_SENS_OUT_3=29
THERMAL_SENS_OUT_4=29
THERMAL_SENS_OUT_5=26
THERMAL_SENS_OUT_6=-50
THERMAL_SENS_INT_1=24
THERMAL_SENS_INT_2=28
PG_5=0
PG_9=0
PG_12=0
FLT_P2=0
FLT_P3=0
HEAT_1_TEMP=26
HEAT_1_DUTY=0
HEAT_1_SP=-20.0
HEAT_2_TEMP=29
HEAT_2_DUTY=0
HEAT_2_SP=-20.0
HEAT_3_TEMP=29
HEAT_3_DUTY=0
HEAT_3_SP=-20.0
HEAT_4_TEMP=26
HEAT_4_DUTY=0
HEAT_4_SP=-20.0
MOTOR_ANGLE=0.0011482558139534885
MOTOR_ACCUM=0.0011482558139534885
MOTOR_ROT=0

[20:25:03.533 CUBESAT]
TS=1786202622.588
PG_5=1
PG_9=0
PG_12=0
FLT_P2=0
FLT_P3=0
HEAT_1_TEMP=0.0
HEAT_1_DUTY=10
HEAT_1_SP=-20.0
ENC_RAW=11648
ENC_ANGLE=255.9375
ENC_ACCUM=-0.0439453125
AUTO_STOP=1
MOTOR_ANGLE=0.0007558139534883722
MOTOR_ACCUM=0.0007558139534883722
MOTOR_ROT=0

[20:25:05.448 CUBESAT]
TS=1786202624.590
PG_5=1
PG_9=0
PG_12=0
FLT_P2=0
FLT_P3=0
HEAT_1_TEMP=0.0
HEAT_1_DUTY=0
HEAT_1_SP=-20.0
ENC_RAW=11650
ENC_ANGLE=255.9814453125
ENC_ACCUM=0.0
AUTO_STOP=1
MOTOR_ANGLE=0.0007558139534883722
MOTOR_ACCUM=0.0007558139534883722
MOTOR_ROT=0

[20:25:05.758 EBOX]
TS=1786201294.852
V_SENSE5=1.0693359375
V_SENSE9=0.05615234375
V_SENSE12=0.17333984375
ADC_V5=4.9560546875
ADC_V9=9.0093994140625
ADC_V12=11.88568115234375
ADC_V28=27.7008056640625
THERMAL_SENS_OUT_1=24
THERMAL_SENS_OUT_2=-50
THERMAL_SENS_OUT_3=25
THERMAL_SENS_OUT_4=26
THERMAL_SENS_OUT_5=29
THERMAL_SENS_OUT_6=-50
THERMAL_SENS_INT_1=29
THERMAL_SENS_INT_2=26
PG_5=0
PG_9=0
PG_12=0
FLT_P2=0
FLT_P3=0
HEAT_1_TEMP=24
HEAT_1_DUTY=0
HEAT_1_SP=-20.0
HEAT_2_TEMP=25
HEAT_2_DUTY=0
HEAT_2_SP=-20.0
HEAT_3_TEMP=26
HEAT_3_DUTY=0
HEAT_3_SP=-20.0
HEAT_4_TEMP=29
HEAT_4_DUTY=0
HEAT_4_SP=-20.0
MOTOR_ANGLE=0.0011482558139534885
MOTOR_ACCUM=0.0011482558139534885
MOTOR_ROT=0

[20:25:07.491 EBOX]
TS=1786201296.857
V_SENSE5=1.11328125
V_SENSE9=0.0390625
V_SENSE12=0.13671875
ADC_V5=4.96490478515625
ADC_V9=9.13330078125
ADC_V12=11.89453125
ADC_V28=27.39990234375
THERMAL_SENS_OUT_1=27
THERMAL_SENS_OUT_2=-50
THERMAL_SENS_OUT_3=28
THERMAL_SENS_OUT_4=31
THERMAL_SENS_OUT_5=27
THERMAL_SENS_OUT_6=-50
THERMAL_SENS_INT_1=26
THERMAL_SENS_INT_2=30
PG_5=0
PG_9=0
PG_12=0
FLT_P2=0
FLT_P3=0
HEAT_1_TEMP=27
HEAT_1_DUTY=0
HEAT_1_SP=-20.0
HEAT_2_TEMP=28
HEAT_2_DUTY=0
HEAT_2_SP=-20.0
HEAT_3_TEMP=31
HEAT_3_DUTY=0
HEAT_3_SP=-20.0
HEAT_4_TEMP=27
HEAT_4_DUTY=0
HEAT_4_SP=-20.0
MOTOR_ANGLE=0.0011482558139534885
MOTOR_ACCUM=0.0011482558139534885
MOTOR_ROT=0

[20:25:07.997 CUBESAT]
TS=1786202626.592
PG_5=1
PG_9=0
PG_12=0
FLT_P2=0
FLT_P3=0
HEAT_1_TEMP=0.0
HEAT_1_DUTY=0
HEAT_1_SP=-20.0
ENC_RAW=11649
ENC_ANGLE=255.95947265625
ENC_ACCUM=-0.02197265625
AUTO_STOP=1
MOTOR_ANGLE=0.0007558139534883722
MOTOR_ACCUM=0.0007558139534883722
MOTOR_ROT=0

[20:25:09.508 CUBESAT]
TS=1786202628.593
PG_5=1
PG_9=0
PG_12=0
FLT_P2=0
FLT_P3=0
HEAT_1_TEMP=0.0
HEAT_1_DUTY=0
HEAT_1_SP=-20.0
ENC_RAW=11651
ENC_ANGLE=256.00341796875
ENC_ACCUM=0.02197265625
AUTO_STOP=1
MOTOR_ANGLE=0.0007558139534883722
MOTOR_ACCUM=0.0007558139534883722
MOTOR_ROT=0

[20:25:09.820 EBOX]
TS=1786201298.852
V_SENSE5=1.1181640625
V_SENSE9=0.0390625
V_SENSE12=0.15380859375
ADC_V5=5.0091552734375
ADC_V9=9.1156005859375
ADC_V12=11.77947998046875
ADC_V28=27.435302734375
THERMAL_SENS_OUT_1=25
THERMAL_SENS_OUT_2=-50
THERMAL_SENS_OUT_3=29
THERMAL_SENS_OUT_4=25
THERMAL_SENS_OUT_5=30
THERMAL_SENS_OUT_6=-50
THERMAL_SENS_INT_1=25
THERMAL_SENS_INT_2=30
PG_5=0
PG_9=0
PG_12=0
FLT_P2=0
FLT_P3=0
HEAT_1_TEMP=25
HEAT_1_DUTY=0
HEAT_1_SP=-20.0
HEAT_2_TEMP=29
HEAT_2_DUTY=0
HEAT_2_SP=-20.0
HEAT_3_TEMP=25
HEAT_3_DUTY=0
HEAT_3_SP=-20.0
HEAT_4_TEMP=30
HEAT_4_DUTY=0
HEAT_4_SP=-20.0
MOTOR_ANGLE=0.0011482558139534885
MOTOR_ACCUM=0.0011482558139534885
MOTOR_ROT=0

[20:25:11.437 CUBESAT]
TS=1786202630.595
PG_5=1
PG_9=0
PG_12=0
FLT_P2=0
FLT_P3=0
HEAT_1_TEMP=0.0
HEAT_1_DUTY=0
HEAT_1_SP=-20.0
ENC_RAW=11649
ENC_ANGLE=255.95947265625
ENC_ACCUM=-0.02197265625
AUTO_STOP=1
MOTOR_ANGLE=0.0007558139534883722
MOTOR_ACCUM=0.0007558139534883722
MOTOR_ROT=0

[20:25:11.847 EBOX]
TS=1786201300.854
V_SENSE5=1.09375
V_SENSE9=0.0341796875
V_SENSE12=0.13427734375
ADC_V5=4.98260498046875
ADC_V9=9.027099609375
ADC_V12=11.79718017578125
ADC_V28=27.9132080078125
THERMAL_SENS_OUT_1=26
THERMAL_SENS_OUT_2=-50
THERMAL_SENS_OUT_3=25
THERMAL_SENS_OUT_4=28
THERMAL_SENS_OUT_5=28
THERMAL_SENS_OUT_6=-50
THERMAL_SENS_INT_1=24
THERMAL_SENS_INT_2=26
PG_5=0
PG_9=0
PG_12=0
FLT_P2=0
FLT_P3=0
HEAT_1_TEMP=26
HEAT_1_DUTY=0
HEAT_1_SP=-20.0
HEAT_2_TEMP=25
HEAT_2_DUTY=0
HEAT_2_SP=-20.0
HEAT_3_TEMP=28
HEAT_3_DUTY=0
HEAT_3_SP=-20.0
HEAT_4_TEMP=28
HEAT_4_DUTY=0
HEAT_4_SP=-20.0
MOTOR_ANGLE=0.0011482558139534885
MOTOR_ACCUM=0.0011482558139534885
MOTOR_ROT=0

[20:25:13.459 CUBESAT]
TS=1786202632.597
PG_5=1
PG_9=0
PG_12=0
FLT_P2=0
FLT_P3=0
HEAT_1_TEMP=0.0
HEAT_1_DUTY=10
HEAT_1_SP=-20.0
ENC_RAW=11653
ENC_ANGLE=256.04736328125
ENC_ACCUM=0.06591796875
AUTO_STOP=1
MOTOR_ANGLE=0.0007558139534883722
MOTOR_ACCUM=0.0007558139534883722
MOTOR_ROT=0

[20:25:13.769 EBOX]
TS=1786201302.858
V_SENSE5=1.26708984375
V_SENSE9=0.0439453125
V_SENSE12=0.146484375
ADC_V5=4.9029541015625
ADC_V9=9.13330078125
ADC_V12=11.90338134765625
ADC_V28=27.72735595703125
THERMAL_SENS_OUT_1=25
THERMAL_SENS_OUT_2=-50
THERMAL_SENS_OUT_3=29
THERMAL_SENS_OUT_4=25
THERMAL_SENS_OUT_5=29
THERMAL_SENS_OUT_6=-50
THERMAL_SENS_INT_1=24
THERMAL_SENS_INT_2=29
PG_5=0
PG_9=0
PG_12=0
FLT_P2=0
FLT_P3=0
HEAT_1_TEMP=25
HEAT_1_DUTY=0
HEAT_1_SP=-20.0
HEAT_2_TEMP=29
HEAT_2_DUTY=0
HEAT_2_SP=-20.0
HEAT_3_TEMP=25
HEAT_3_DUTY=0
HEAT_3_SP=-20.0
HEAT_4_TEMP=29
HEAT_4_DUTY=0
HEAT_4_SP=-20.0
MOTOR_ANGLE=0.0011482558139534885
MOTOR_ACCUM=0.0011482558139534885
MOTOR_ROT=0

[20:25:15.484 CUBESAT]
TS=1786202634.597
PG_5=1
PG_9=0
PG_12=0
FLT_P2=0
FLT_P3=0
HEAT_1_TEMP=0.0
HEAT_1_DUTY=0
HEAT_1_SP=-20.0
ENC_RAW=11651
ENC_ANGLE=256.00341796875
ENC_ACCUM=0.02197265625
AUTO_STOP=1
MOTOR_ANGLE=0.0007558139534883722
MOTOR_ACCUM=0.0007558139534883722
MOTOR_ROT=0

[20:25:15.595 EBOX]
TS=1786201304.858
V_SENSE5=1.142578125
V_SENSE9=0.0390625
V_SENSE12=0.13427734375
ADC_V5=4.89410400390625
ADC_V9=9.0625
ADC_V12=11.788330078125
ADC_V28=27.8424072265625
THERMAL_SENS_OUT_1=27
THERMAL_SENS_OUT_2=-50
THERMAL_SENS_OUT_3=29
THERMAL_SENS_OUT_4=26
THERMAL_SENS_OUT_5=29
THERMAL_SENS_OUT_6=-50
THERMAL_SENS_INT_1=27
THERMAL_SENS_INT_2=25
PG_5=0
PG_9=0
PG_12=0
FLT_P2=0
FLT_P3=0
HEAT_1_TEMP=27
HEAT_1_DUTY=0
HEAT_1_SP=-20.0
HEAT_2_TEMP=29
HEAT_2_DUTY=0
HEAT_2_SP=-20.0
HEAT_3_TEMP=26
HEAT_3_DUTY=0
HEAT_3_SP=-20.0
HEAT_4_TEMP=29
HEAT_4_DUTY=0
HEAT_4_SP=-20.0
MOTOR_ANGLE=0.0011482558139534885
MOTOR_ACCUM=0.0011482558139534885
MOTOR_ROT=0

[20:25:17.510 CUBESAT]
TS=1786202636.600
PG_5=1
PG_9=0
PG_12=0
FLT_P2=0
FLT_P3=0
HEAT_1_TEMP=0.0
HEAT_1_DUTY=0
HEAT_1_SP=-20.0
ENC_RAW=11649
ENC_ANGLE=255.95947265625
ENC_ACCUM=-0.02197265625
AUTO_STOP=1
MOTOR_ANGLE=0.0007558139534883722
MOTOR_ACCUM=0.0007558139534883722
MOTOR_ROT=0

[20:25:17.621 EBOX]
TS=1786201306.861
V_SENSE5=1.10107421875
V_SENSE9=0.0390625
V_SENSE12=0.1220703125
ADC_V5=5.0091552734375
ADC_V9=9.13330078125
ADC_V12=11.88568115234375
ADC_V28=27.67425537109375
THERMAL_SENS_OUT_1=26
THERMAL_SENS_OUT_2=-50
THERMAL_SENS_OUT_3=26
THERMAL_SENS_OUT_4=29
THERMAL_SENS_OUT_5=26
THERMAL_SENS_OUT_6=-50
THERMAL_SENS_INT_1=26
THERMAL_SENS_INT_2=29
PG_5=0
PG_9=0
PG_12=0
FLT_P2=0
FLT_P3=0
HEAT_1_TEMP=26
HEAT_1_DUTY=0
HEAT_1_SP=-20.0
HEAT_2_TEMP=26
HEAT_2_DUTY=0
HEAT_2_SP=-20.0
HEAT_3_TEMP=29
HEAT_3_DUTY=0
HEAT_3_SP=-20.0
HEAT_4_TEMP=26
HEAT_4_DUTY=0
HEAT_4_SP=-20.0
MOTOR_ANGLE=0.0011482558139534885
MOTOR_ACCUM=0.0011482558139534885
MOTOR_ROT=0

[20:25:19.541 EBOX]
TS=1786201308.865
V_SENSE5=1.26708984375
V_SENSE9=0.0341796875
V_SENSE12=0.15380859375
ADC_V5=5.08880615234375
ADC_V9=9.33685302734375
ADC_V12=11.82373046875
ADC_V28=27.53265380859375
THERMAL_SENS_OUT_1=26
THERMAL_SENS_OUT_2=-50
THERMAL_SENS_OUT_3=25
THERMAL_SENS_OUT_4=27
THERMAL_SENS_OUT_5=29
THERMAL_SENS_OUT_6=-50
THERMAL_SENS_INT_1=27
THERMAL_SENS_INT_2=27
PG_5=0
PG_9=0
PG_12=0
FLT_P2=0
FLT_P3=0
HEAT_1_TEMP=26
HEAT_1_DUTY=0
HEAT_1_SP=-20.0
HEAT_2_TEMP=25
HEAT_2_DUTY=0
HEAT_2_SP=-20.0
HEAT_3_TEMP=27
HEAT_3_DUTY=0
HEAT_3_SP=-20.0
HEAT_4_TEMP=29
HEAT_4_DUTY=0
HEAT_4_SP=-20.0
MOTOR_ANGLE=0.0011482558139534885
MOTOR_ACCUM=0.0011482558139534885
MOTOR_ROT=0

[20:25:20.048 CUBESAT]
TS=1786202638.602
PG_5=1
PG_9=0
PG_12=0
FLT_P2=0
FLT_P3=0
HEAT_1_TEMP=0.0
HEAT_1_DUTY=0
HEAT_1_SP=-20.0
ENC_RAW=11650
ENC_ANGLE=255.9814453125
ENC_ACCUM=0.0
AUTO_STOP=1
MOTOR_ANGLE=0.0007558139534883722
MOTOR_ACCUM=0.0007558139534883722
MOTOR_ROT=0

[20:25:21.460 CUBESAT]
TS=1786202640.604
PG_5=1
PG_9=0
PG_12=0
FLT_P2=0
FLT_P3=0
HEAT_1_TEMP=0.0
HEAT_1_DUTY=0
HEAT_1_SP=-20.0
ENC_RAW=11652
ENC_ANGLE=256.025390625
ENC_ACCUM=0.0439453125
AUTO_STOP=1
MOTOR_ANGLE=0.0007558139534883722
MOTOR_ACCUM=0.0007558139534883722
MOTOR_ROT=0

[20:25:21.566 EBOX]
TS=1786201310.865
V_SENSE5=1.16943359375
V_SENSE9=0.0390625
V_SENSE12=0.1220703125
ADC_V5=4.9560546875
ADC_V9=9.23065185546875
ADC_V12=11.88568115234375
ADC_V28=27.53265380859375
THERMAL_SENS_OUT_1=25
THERMAL_SENS_OUT_2=-50
THERMAL_SENS_OUT_3=28
THERMAL_SENS_OUT_4=25
THERMAL_SENS_OUT_5=30
THERMAL_SENS_OUT_6=-50
THERMAL_SENS_INT_1=27
THERMAL_SENS_INT_2=27
PG_5=0
PG_9=0
PG_12=0
FLT_P2=0
FLT_P3=0
HEAT_1_TEMP=25
HEAT_1_DUTY=0
HEAT_1_SP=-20.0
HEAT_2_TEMP=28
HEAT_2_DUTY=0
HEAT_2_SP=-20.0
HEAT_3_TEMP=25
HEAT_3_DUTY=0
HEAT_3_SP=-20.0
HEAT_4_TEMP=30
HEAT_4_DUTY=0
HEAT_4_SP=-20.0
MOTOR_ANGLE=0.0011482558139534885
MOTOR_ACCUM=0.0011482558139534885
MOTOR_ROT=0

[20:25:23.480 CUBESAT]
TS=1786202642.605
PG_5=1
PG_9=0
PG_12=0
FLT_P2=0
FLT_P3=0
HEAT_1_TEMP=0.0
HEAT_1_DUTY=10
HEAT_1_SP=-20.0
ENC_RAW=11652
ENC_ANGLE=256.025390625
ENC_ACCUM=0.0439453125
AUTO_STOP=1
MOTOR_ANGLE=0.0007558139534883722
MOTOR_ACCUM=0.0007558139534883722
MOTOR_ROT=0

[20:25:23.793 EBOX]
TS=1786201312.867
V_SENSE5=1.19140625
V_SENSE9=0.0341796875
V_SENSE12=0.12451171875
ADC_V5=4.920654296875
ADC_V9=9.54925537109375
ADC_V12=11.9122314453125
ADC_V28=27.99285888671875
THERMAL_SENS_OUT_1=28
THERMAL_SENS_OUT_2=-50
THERMAL_SENS_OUT_3=25
THERMAL_SENS_OUT_4=28
THERMAL_SENS_OUT_5=26
THERMAL_SENS_OUT_6=-50
THERMAL_SENS_INT_1=24
THERMAL_SENS_INT_2=26
PG_5=0
PG_9=0
PG_12=0
FLT_P2=0
FLT_P3=0
HEAT_1_TEMP=28
HEAT_1_DUTY=0
HEAT_1_SP=-20.0
HEAT_2_TEMP=25
HEAT_2_DUTY=0
HEAT_2_SP=-20.0
HEAT_3_TEMP=28
HEAT_3_DUTY=0
HEAT_3_SP=-20.0
HEAT_4_TEMP=26
HEAT_4_DUTY=0
HEAT_4_SP=-20.0
MOTOR_ANGLE=0.0011482558139534885
MOTOR_ACCUM=0.0011482558139534885
MOTOR_ROT=0

[20:25:25.505 CUBESAT]
TS=1786202644.607
PG_5=1
PG_9=0
PG_12=0
FLT_P2=0
FLT_P3=0
HEAT_1_TEMP=0.0
HEAT_1_DUTY=0
HEAT_1_SP=-20.0
ENC_RAW=11649
ENC_ANGLE=255.95947265625
ENC_ACCUM=-0.02197265625
AUTO_STOP=1
MOTOR_ANGLE=0.0007558139534883722
MOTOR_ACCUM=0.0007558139534883722
MOTOR_ROT=0

[20:25:25.613 EBOX]
TS=1786201314.871
V_SENSE5=1.3037109375
V_SENSE9=0.048828125
V_SENSE12=0.1220703125
ADC_V5=4.9383544921875
ADC_V9=9.44305419921875
ADC_V12=11.8060302734375
ADC_V28=27.76275634765625
THERMAL_SENS_OUT_1=25
THERMAL_SENS_OUT_2=-50
THERMAL_SENS_OUT_3=30
THERMAL_SENS_OUT_4=27
THERMAL_SENS_OUT_5=31
THERMAL_SENS_OUT_6=-50
THERMAL_SENS_INT_1=26
THERMAL_SENS_INT_2=26
PG_5=0
PG_9=0
PG_12=0
FLT_P2=0
FLT_P3=0
HEAT_1_TEMP=25
HEAT_1_DUTY=0
HEAT_1_SP=-20.0
HEAT_2_TEMP=30
HEAT_2_DUTY=0
HEAT_2_SP=-20.0
HEAT_3_TEMP=27
HEAT_3_DUTY=0
HEAT_3_SP=-20.0
HEAT_4_TEMP=31
HEAT_4_DUTY=0
HEAT_4_SP=-20.0
MOTOR_ANGLE=0.0011482558139534885
MOTOR_ACCUM=0.0011482558139534885
MOTOR_ROT=0

[20:25:27.535 EBOX]
TS=1786201316.873
V_SENSE5=1.1279296875
V_SENSE9=0.03662109375
V_SENSE12=0.12939453125
ADC_V5=4.9737548828125
ADC_V9=9.44305419921875
ADC_V12=11.8414306640625
ADC_V28=28.15216064453125
THERMAL_SENS_OUT_1=27
THERMAL_SENS_OUT_2=-50
THERMAL_SENS_OUT_3=28
THERMAL_SENS_OUT_4=25
THERMAL_SENS_OUT_5=29
THERMAL_SENS_OUT_6=-50
THERMAL_SENS_INT_1=27
THERMAL_SENS_INT_2=27
PG_5=0
PG_9=0
PG_12=0
FLT_P2=0
FLT_P3=0
HEAT_1_TEMP=27
HEAT_1_DUTY=0
HEAT_1_SP=-20.0
HEAT_2_TEMP=28
HEAT_2_DUTY=0
HEAT_2_SP=-20.0
HEAT_3_TEMP=25
HEAT_3_DUTY=0
HEAT_3_SP=-20.0
HEAT_4_TEMP=29
HEAT_4_DUTY=0
HEAT_4_SP=-20.0
MOTOR_ANGLE=0.0011482558139534885
MOTOR_ACCUM=0.0011482558139534885
MOTOR_ROT=0

[20:25:27.739 CUBESAT]
TS=1786202646.607
PG_5=1
PG_9=0
PG_12=0
FLT_P2=0
FLT_P3=0
HEAT_1_TEMP=0.0
HEAT_1_DUTY=0
HEAT_1_SP=-20.0
ENC_RAW=11653
ENC_ANGLE=256.04736328125
ENC_ACCUM=0.06591796875
AUTO_STOP=1
MOTOR_ANGLE=0.0007558139534883722
MOTOR_ACCUM=0.0007558139534883722
MOTOR_ROT=0

[20:25:29.651 CUBESAT]
TS=1786202648.610
PG_5=1
PG_9=0
PG_12=0
FLT_P2=0
FLT_P3=0
HEAT_1_TEMP=0.0
HEAT_1_DUTY=0
HEAT_1_SP=-20.0
ENC_RAW=11651
ENC_ANGLE=256.00341796875
ENC_ACCUM=0.02197265625
AUTO_STOP=1
MOTOR_ANGLE=0.0007558139534883722
MOTOR_ACCUM=0.0007558139534883722
MOTOR_ROT=0

[20:25:29.868 EBOX]
TS=1786201318.876
V_SENSE5=1.142578125
V_SENSE9=0.03662109375
V_SENSE12=0.15625
ADC_V5=4.94720458984375
ADC_V9=9.41650390625
ADC_V12=11.81488037109375
ADC_V28=27.576904296875
THERMAL_SENS_OUT_1=24
THERMAL_SENS_OUT_2=-50
THERMAL_SENS_OUT_3=27
THERMAL_SENS_OUT_4=26
THERMAL_SENS_OUT_5=30
THERMAL_SENS_OUT_6=-50
THERMAL_SENS_INT_1=26
THERMAL_SENS_INT_2=25
PG_5=0
PG_9=0
PG_12=0
FLT_P2=0
FLT_P3=0
HEAT_1_TEMP=24
HEAT_1_DUTY=0
HEAT_1_SP=-20.0
HEAT_2_TEMP=27
HEAT_2_DUTY=0
HEAT_2_SP=-20.0
HEAT_3_TEMP=26
HEAT_3_DUTY=0
HEAT_3_SP=-20.0
HEAT_4_TEMP=30
HEAT_4_DUTY=0
HEAT_4_SP=-20.0
MOTOR_ANGLE=0.0011482558139534885
MOTOR_ACCUM=0.0011482558139534885
MOTOR_ROT=0

[20:25:31.479 CUBESAT]
TS=1786202650.612
PG_5=1
PG_9=0
PG_12=0
FLT_P2=0
FLT_P3=0
HEAT_1_TEMP=0.0
HEAT_1_DUTY=0
HEAT_1_SP=-20.0
ENC_RAW=11651
ENC_ANGLE=256.00341796875
ENC_ACCUM=0.02197265625
AUTO_STOP=1
MOTOR_ANGLE=0.0007558139534883722
MOTOR_ACCUM=0.0007558139534883722
MOTOR_ROT=0

[20:25:31.586 EBOX]
TS=1786201320.884
V_SENSE5=1.07177734375
V_SENSE9=0.0390625
V_SENSE12=0.146484375
ADC_V5=5.00030517578125
ADC_V9=9.42535400390625
ADC_V12=11.76177978515625
ADC_V28=28.16986083984375
THERMAL_SENS_OUT_1=29
THERMAL_SENS_OUT_2=-50
THERMAL_SENS_OUT_3=26
THERMAL_SENS_OUT_4=29
THERMAL_SENS_OUT_5=30
THERMAL_SENS_OUT_6=-50
THERMAL_SENS_INT_1=24
THERMAL_SENS_INT_2=29
PG_5=0
PG_9=0
PG_12=0
FLT_P2=0
FLT_P3=0
HEAT_1_TEMP=29
HEAT_1_DUTY=0
HEAT_1_SP=-20.0
HEAT_2_TEMP=26
HEAT_2_DUTY=0
HEAT_2_SP=-20.0
HEAT_3_TEMP=29
HEAT_3_DUTY=0
HEAT_3_SP=-20.0
HEAT_4_TEMP=30
HEAT_4_DUTY=0
HEAT_4_SP=-20.0
MOTOR_ANGLE=0.0011482558139534885
MOTOR_ACCUM=0.0011482558139534885
MOTOR_ROT=0

[20:25:33.499 CUBESAT]
TS=1786202652.614
PG_5=1
PG_9=0
PG_12=0
FLT_P2=0
FLT_P3=0
HEAT_1_TEMP=0.0
HEAT_1_DUTY=10
HEAT_1_SP=-20.0
ENC_RAW=11652
ENC_ANGLE=256.025390625
ENC_ACCUM=0.0439453125
AUTO_STOP=1
MOTOR_ANGLE=0.0007558139534883722
MOTOR_ACCUM=0.0007558139534883722
MOTOR_ROT=0

[20:25:33.608 EBOX]
TS=1786201322.880
V_SENSE5=1.08642578125
V_SENSE9=0.04150390625
V_SENSE12=0.13427734375
ADC_V5=4.98260498046875
ADC_V9=9.51385498046875
ADC_V12=11.9122314453125
ADC_V28=27.74505615234375
THERMAL_SENS_OUT_1=25
THERMAL_SENS_OUT_2=-50
THERMAL_SENS_OUT_3=25
THERMAL_SENS_OUT_4=27
THERMAL_SENS_OUT_5=31
THERMAL_SENS_OUT_6=-50
THERMAL_SENS_INT_1=28
THERMAL_SENS_INT_2=25
PG_5=0
PG_9=0
PG_12=0
FLT_P2=0
FLT_P3=0
HEAT_1_TEMP=25
HEAT_1_DUTY=0
HEAT_1_SP=-20.0
HEAT_2_TEMP=25
HEAT_2_DUTY=0
HEAT_2_SP=-20.0
HEAT_3_TEMP=27
HEAT_3_DUTY=0
HEAT_3_SP=-20.0
HEAT_4_TEMP=31
HEAT_4_DUTY=0
HEAT_4_SP=-20.0
MOTOR_ANGLE=0.0011482558139534885
MOTOR_ACCUM=0.0011482558139534885
MOTOR_ROT=0

[20:25:35.534 EBOX]
TS=1786201324.881
V_SENSE5=1.23046875
V_SENSE9=0.0341796875
V_SENSE12=0.1220703125
ADC_V5=4.9560546875
ADC_V9=9.03594970703125
ADC_V12=11.8414306640625
ADC_V28=27.2760009765625
THERMAL_SENS_OUT_1=28
THERMAL_SENS_OUT_2=-50
THERMAL_SENS_OUT_3=27
THERMAL_SENS_OUT_4=26
THERMAL_SENS_OUT_5=27
THERMAL_SENS_OUT_6=-50
THERMAL_SENS_INT_1=24
THERMAL_SENS_INT_2=28
PG_5=0
PG_9=0
PG_12=0
FLT_P2=0
FLT_P3=0
HEAT_1_TEMP=28
HEAT_1_DUTY=0
HEAT_1_SP=-20.0
HEAT_2_TEMP=27
HEAT_2_DUTY=0
HEAT_2_SP=-20.0
HEAT_3_TEMP=26
HEAT_3_DUTY=0
HEAT_3_SP=-20.0
HEAT_4_TEMP=27
HEAT_4_DUTY=0
HEAT_4_SP=-20.0
MOTOR_ANGLE=0.0011482558139534885
MOTOR_ACCUM=0.0011482558139534885
MOTOR_ROT=0

[20:25:35.738 CUBESAT]
TS=1786202654.616
PG_5=1
PG_9=0
PG_12=0
FLT_P2=0
FLT_P3=0
HEAT_1_TEMP=0.0
HEAT_1_DUTY=0
HEAT_1_SP=-20.0
ENC_RAW=11651
ENC_ANGLE=256.00341796875
ENC_ACCUM=0.02197265625
AUTO_STOP=1
MOTOR_ANGLE=0.0007558139534883722
MOTOR_ACCUM=0.0007558139534883722
MOTOR_ROT=0

[20:25:37.570 EBOX]
TS=1786201326.884
V_SENSE5=1.259765625
V_SENSE9=0.0341796875
V_SENSE12=0.13671875
ADC_V5=4.9560546875
ADC_V9=8.77044677734375
ADC_V12=11.929931640625
ADC_V28=27.7362060546875
THERMAL_SENS_OUT_1=25
THERMAL_SENS_OUT_2=-50
THERMAL_SENS_OUT_3=27
THERMAL_SENS_OUT_4=25
THERMAL_SENS_OUT_5=29
THERMAL_SENS_OUT_6=-50
THERMAL_SENS_INT_1=24
THERMAL_SENS_INT_2=29
PG_5=0
PG_9=0
PG_12=0
FLT_P2=0
FLT_P3=0
HEAT_1_TEMP=25
HEAT_1_DUTY=0
HEAT_1_SP=-20.0
HEAT_2_TEMP=27
HEAT_2_DUTY=0
HEAT_2_SP=-20.0
HEAT_3_TEMP=25
HEAT_3_DUTY=0
HEAT_3_SP=-20.0
HEAT_4_TEMP=29
HEAT_4_DUTY=0
HEAT_4_SP=-20.0
MOTOR_ANGLE=0.0011482558139534885
MOTOR_ACCUM=0.0011482558139534885
MOTOR_ROT=0

[20:25:37.574 CUBESAT]
TS=1786202656.618
PG_5=1
PG_9=0
PG_12=0
FLT_P2=0
FLT_P3=0
HEAT_1_TEMP=0.0
HEAT_1_DUTY=0
HEAT_1_SP=-20.0
ENC_RAW=11650
ENC_ANGLE=255.9814453125
ENC_ACCUM=0.0
AUTO_STOP=1
MOTOR_ANGLE=0.0007558139534883722
MOTOR_ACCUM=0.0007558139534883722
MOTOR_ROT=0

[20:25:39.488 CUBESAT]
TS=1786202658.620
PG_5=1
PG_9=0
PG_12=0
FLT_P2=0
FLT_P3=0
HEAT_1_TEMP=0.0
HEAT_1_DUTY=10
HEAT_1_SP=-20.0
ENC_RAW=11654
ENC_ANGLE=256.0693359375
ENC_ACCUM=0.087890625
AUTO_STOP=1
MOTOR_ANGLE=0.0007558139534883722
MOTOR_ACCUM=0.0007558139534883722
MOTOR_ROT=0

[20:25:39.595 EBOX]
TS=1786201328.884
V_SENSE5=1.12548828125
V_SENSE9=0.0390625
V_SENSE12=0.1318359375
ADC_V5=4.8675537109375
ADC_V9=9.027099609375
ADC_V12=11.6290283203125
ADC_V28=28.02825927734375
THERMAL_SENS_OUT_1=28
THERMAL_SENS_OUT_2=-50
THERMAL_SENS_OUT_3=30
THERMAL_SENS_OUT_4=27
THERMAL_SENS_OUT_5=31
THERMAL_SENS_OUT_6=-50
THERMAL_SENS_INT_1=28
THERMAL_SENS_INT_2=25
PG_5=0
PG_9=0
PG_12=0
FLT_P2=0
FLT_P3=0
HEAT_1_TEMP=28
HEAT_1_DUTY=0
HEAT_1_SP=-20.0
HEAT_2_TEMP=30
HEAT_2_DUTY=0
HEAT_2_SP=-20.0
HEAT_3_TEMP=27
HEAT_3_DUTY=0
HEAT_3_SP=-20.0
HEAT_4_TEMP=31
HEAT_4_DUTY=0
HEAT_4_SP=-20.0
MOTOR_ANGLE=0.0011482558139534885
MOTOR_ACCUM=0.0011482558139534885
MOTOR_ROT=0

[20:25:41.510 CUBESAT]
TS=1786202660.621
PG_5=1
PG_9=0
PG_12=0
FLT_P2=0
FLT_P3=0
HEAT_1_TEMP=0.0
HEAT_1_DUTY=0
HEAT_1_SP=-20.0
ENC_RAW=11649
ENC_ANGLE=255.95947265625
ENC_ACCUM=-0.02197265625
AUTO_STOP=1
MOTOR_ANGLE=0.0007558139534883722
MOTOR_ACCUM=0.0007558139534883722
MOTOR_ROT=0

[20:25:41.937 EBOX]
TS=1786201330.885
V_SENSE5=1.25732421875
V_SENSE9=0.0390625
V_SENSE12=0.1171875
ADC_V5=4.991455078125
ADC_V9=9.00054931640625
ADC_V12=11.65557861328125
ADC_V28=27.293701171875
THERMAL_SENS_OUT_1=29
THERMAL_SENS_OUT_2=-50
THERMAL_SENS_OUT_3=28
THERMAL_SENS_OUT_4=30
THERMAL_SENS_OUT_5=30
THERMAL_SENS_OUT_6=-50
THERMAL_SENS_INT_1=24
THERMAL_SENS_INT_2=25
PG_5=0
PG_9=0
PG_12=0
FLT_P2=0
FLT_P3=0
HEAT_1_TEMP=29
HEAT_1_DUTY=0
HEAT_1_SP=-20.0
HEAT_2_TEMP=28
HEAT_2_DUTY=0
HEAT_2_SP=-20.0
HEAT_3_TEMP=30
HEAT_3_DUTY=0
HEAT_3_SP=-20.0
HEAT_4_TEMP=30
HEAT_4_DUTY=0
HEAT_4_SP=-20.0
MOTOR_ANGLE=0.0011482558139534885
MOTOR_ACCUM=0.0011482558139534885
MOTOR_ROT=0

[20:25:43.557 CUBESAT]
TS=1786202662.623
PG_5=1
PG_9=0
PG_12=0
FLT_P2=0
FLT_P3=0
HEAT_1_TEMP=0.0
HEAT_1_DUTY=0
HEAT_1_SP=-20.0
ENC_RAW=11650
ENC_ANGLE=255.9814453125
ENC_ACCUM=0.0
AUTO_STOP=1
MOTOR_ANGLE=0.0007558139534883722
MOTOR_ACCUM=0.0007558139534883722
MOTOR_ROT=0

[20:25:43.876 EBOX]
TS=1786201332.889
V_SENSE5=1.162109375
V_SENSE9=0.05615234375
V_SENSE12=0.146484375
ADC_V5=5.08880615234375
ADC_V9=9.027099609375
ADC_V12=11.7529296875
ADC_V28=28.1256103515625
THERMAL_SENS_OUT_1=26
THERMAL_SENS_OUT_2=-50
THERMAL_SENS_OUT_3=25
THERMAL_SENS_OUT_4=27
THERMAL_SENS_OUT_5=27
THERMAL_SENS_OUT_6=-50
THERMAL_SENS_INT_1=28
THERMAL_SENS_INT_2=26
PG_5=0
PG_9=0
PG_12=0
FLT_P2=0
FLT_P3=0
HEAT_1_TEMP=26
HEAT_1_DUTY=0
HEAT_1_SP=-20.0
HEAT_2_TEMP=25
HEAT_2_DUTY=0
HEAT_2_SP=-20.0
HEAT_3_TEMP=27
HEAT_3_DUTY=0
HEAT_3_SP=-20.0
HEAT_4_TEMP=27
HEAT_4_DUTY=0
HEAT_4_SP=-20.0
MOTOR_ANGLE=0.0011482558139534885
MOTOR_ACCUM=0.0011482558139534885
MOTOR_ROT=0

[20:25:45.490 CUBESAT]
TS=1786202664.625
PG_5=1
PG_9=0
PG_12=0
FLT_P2=0
FLT_P3=0
HEAT_1_TEMP=0.0
HEAT_1_DUTY=0
HEAT_1_SP=-20.0
ENC_RAW=11652
ENC_ANGLE=256.025390625
ENC_ACCUM=0.0439453125
AUTO_STOP=1
MOTOR_ANGLE=0.0007558139534883722
MOTOR_ACCUM=0.0007558139534883722
MOTOR_ROT=0

[20:25:45.614 EBOX]
TS=1786201334.890
V_SENSE5=1.1328125
V_SENSE9=0.0390625
V_SENSE12=0.146484375
ADC_V5=4.9737548828125
ADC_V9=9.097900390625
ADC_V12=11.6998291015625
ADC_V28=28.20526123046875
THERMAL_SENS_OUT_1=27
THERMAL_SENS_OUT_2=-50
THERMAL_SENS_OUT_3=25
THERMAL_SENS_OUT_4=28
THERMAL_SENS_OUT_5=29
THERMAL_SENS_OUT_6=-50
THERMAL_SENS_INT_1=27
THERMAL_SENS_INT_2=26
PG_5=0
PG_9=0
PG_12=0
FLT_P2=0
FLT_P3=0
HEAT_1_TEMP=27
HEAT_1_DUTY=0
HEAT_1_SP=-20.0
HEAT_2_TEMP=25
HEAT_2_DUTY=0
HEAT_2_SP=-20.0
HEAT_3_TEMP=28
HEAT_3_DUTY=0
HEAT_3_SP=-20.0
HEAT_4_TEMP=29
HEAT_4_DUTY=0
HEAT_4_SP=-20.0
MOTOR_ANGLE=0.0011482558139534885
MOTOR_ACCUM=0.0011482558139534885
MOTOR_ROT=0

[20:25:47.646 EBOX]
TS=1786201336.893
V_SENSE5=1.28662109375
V_SENSE9=0.0390625
V_SENSE12=0.12451171875
ADC_V5=4.96490478515625
ADC_V9=8.91204833984375
ADC_V12=11.7529296875
ADC_V28=27.506103515625
THERMAL_SENS_OUT_1=29
THERMAL_SENS_OUT_2=-50
THERMAL_SENS_OUT_3=29
THERMAL_SENS_OUT_4=26
THERMAL_SENS_OUT_5=29
THERMAL_SENS_OUT_6=-50
THERMAL_SENS_INT_1=25
THERMAL_SENS_INT_2=29
PG_5=0
PG_9=0
PG_12=0
FLT_P2=0
FLT_P3=0
HEAT_1_TEMP=29
HEAT_1_DUTY=0
HEAT_1_SP=-20.0
HEAT_2_TEMP=29
HEAT_2_DUTY=0
HEAT_2_SP=-20.0
HEAT_3_TEMP=26
HEAT_3_DUTY=0
HEAT_3_SP=-20.0
HEAT_4_TEMP=29
HEAT_4_DUTY=0
HEAT_4_SP=-20.0
MOTOR_ANGLE=0.0011482558139534885
MOTOR_ACCUM=0.0011482558139534885
MOTOR_ROT=0

[20:25:48.053 CUBESAT]
TS=1786202666.628
PG_5=1
PG_9=0
PG_12=0
FLT_P2=0
FLT_P3=0
HEAT_1_TEMP=0.0
HEAT_1_DUTY=0
HEAT_1_SP=-20.0
ENC_RAW=11654
ENC_ANGLE=256.0693359375
ENC_ACCUM=0.087890625
AUTO_STOP=1
MOTOR_ANGLE=0.0007558139534883722
MOTOR_ACCUM=0.0007558139534883722
MOTOR_ROT=0

[20:25:49.585 EBOX]
TS=1786201338.895
V_SENSE5=1.1572265625
V_SENSE9=0.06103515625
V_SENSE12=0.13671875
ADC_V5=4.98260498046875
ADC_V9=8.99169921875
ADC_V12=11.86798095703125
ADC_V28=27.5238037109375
THERMAL_SENS_OUT_1=26
THERMAL_SENS_OUT_2=-50
THERMAL_SENS_OUT_3=26
THERMAL_SENS_OUT_4=30
THERMAL_SENS_OUT_5=27
THERMAL_SENS_OUT_6=-50
THERMAL_SENS_INT_1=27
THERMAL_SENS_INT_2=29
PG_5=0
PG_9=0
PG_12=0
FLT_P2=0
FLT_P3=0
HEAT_1_TEMP=26
HEAT_1_DUTY=0
HEAT_1_SP=-20.0
HEAT_2_TEMP=26
HEAT_2_DUTY=0
HEAT_2_SP=-20.0
HEAT_3_TEMP=30
HEAT_3_DUTY=0
HEAT_3_SP=-20.0
HEAT_4_TEMP=27
HEAT_4_DUTY=0
HEAT_4_SP=-20.0
MOTOR_ANGLE=0.0011482558139534885
MOTOR_ACCUM=0.0011482558139534885
MOTOR_ROT=0

[20:25:49.590 CUBESAT]
TS=1786202668.630
PG_5=1
PG_9=0
PG_12=0
FLT_P2=0
FLT_P3=0
HEAT_1_TEMP=0.0
HEAT_1_DUTY=10
HEAT_1_SP=-20.0
ENC_RAW=11650
ENC_ANGLE=255.9814453125
ENC_ACCUM=0.0
AUTO_STOP=1
MOTOR_ANGLE=0.0007558139534883722
MOTOR_ACCUM=0.0007558139534883722
MOTOR_ROT=0

[20:25:51.503 CUBESAT]
TS=1786202670.631
PG_5=1
PG_9=0
PG_12=0
FLT_P2=0
FLT_P3=0
HEAT_1_TEMP=0.0
HEAT_1_DUTY=0
HEAT_1_SP=-20.0
ENC_RAW=11651
ENC_ANGLE=256.00341796875
ENC_ACCUM=0.02197265625
AUTO_STOP=1
MOTOR_ANGLE=0.0007558139534883722
MOTOR_ACCUM=0.0007558139534883722
MOTOR_ROT=0

[20:25:51.917 EBOX]
TS=1786201340.896
V_SENSE5=1.12060546875
V_SENSE9=0.048828125
V_SENSE12=0.13671875
ADC_V5=4.92950439453125
ADC_V9=9.00054931640625
ADC_V12=11.646728515625
ADC_V28=28.10791015625
THERMAL_SENS_OUT_1=30
THERMAL_SENS_OUT_2=-50
THERMAL_SENS_OUT_3=27
THERMAL_SENS_OUT_4=28
THERMAL_SENS_OUT_5=30
THERMAL_SENS_OUT_6=-50
THERMAL_SENS_INT_1=24
THERMAL_SENS_INT_2=26
PG_5=0
PG_9=0
PG_12=0
FLT_P2=0
FLT_P3=0
HEAT_1_TEMP=30
HEAT_1_DUTY=0
HEAT_1_SP=-20.0
HEAT_2_TEMP=27
HEAT_2_DUTY=0
HEAT_2_SP=-20.0
HEAT_3_TEMP=28
HEAT_3_DUTY=0
HEAT_3_SP=-20.0
HEAT_4_TEMP=30
HEAT_4_DUTY=0
HEAT_4_SP=-20.0
MOTOR_ANGLE=0.0011482558139534885
MOTOR_ACCUM=0.0011482558139534885
MOTOR_ROT=0

[20:25:53.532 CUBESAT]
TS=1786202672.633
PG_5=1
PG_9=0
PG_12=0
FLT_P2=0
FLT_P3=0
HEAT_1_TEMP=0.0
HEAT_1_DUTY=0
HEAT_1_SP=-20.0
ENC_RAW=11653
ENC_ANGLE=256.04736328125
ENC_ACCUM=0.06591796875
AUTO_STOP=1
MOTOR_ANGLE=0.0007558139534883722
MOTOR_ACCUM=0.0007558139534883722
MOTOR_ROT=0

[20:25:53.642 EBOX]
TS=1786201342.898
V_SENSE5=1.1962890625
V_SENSE9=0.03662109375
V_SENSE12=0.14404296875
ADC_V5=5.07110595703125
ADC_V9=9.310302734375
ADC_V12=11.83258056640625
ADC_V28=27.51495361328125
THERMAL_SENS_OUT_1=21
THERMAL_SENS_OUT_2=-50
THERMAL_SENS_OUT_3=25
THERMAL_SENS_OUT_4=28
THERMAL_SENS_OUT_5=27
THERMAL_SENS_OUT_6=-50
THERMAL_SENS_INT_1=27
THERMAL_SENS_INT_2=27
PG_5=0
PG_9=0
PG_12=0
FLT_P2=0
FLT_P3=0
HEAT_1_TEMP=21
HEAT_1_DUTY=0
HEAT_1_SP=-20.0
HEAT_2_TEMP=25
HEAT_2_DUTY=0
HEAT_2_SP=-20.0
HEAT_3_TEMP=28
HEAT_3_DUTY=0
HEAT_3_SP=-20.0
HEAT_4_TEMP=27
HEAT_4_DUTY=0
HEAT_4_SP=-20.0
MOTOR_ANGLE=0.0011482558139534885
MOTOR_ACCUM=0.0011482558139534885
MOTOR_ROT=0

[20:25:55.556 CUBESAT]
TS=1786202674.635
PG_5=1
PG_9=0
PG_12=0
FLT_P2=0
FLT_P3=0
HEAT_1_TEMP=0.0
HEAT_1_DUTY=0
HEAT_1_SP=-20.0
ENC_RAW=11651
ENC_ANGLE=256.00341796875
ENC_ACCUM=0.02197265625
AUTO_STOP=1
MOTOR_ANGLE=0.0007558139534883722
MOTOR_ACCUM=0.0007558139534883722
MOTOR_ROT=0

[20:25:55.668 EBOX]
TS=1786201344.898
V_SENSE5=1.22802734375
V_SENSE9=0.0390625
V_SENSE12=0.13427734375
ADC_V5=4.9560546875
ADC_V9=9.40765380859375
ADC_V12=11.8414306640625
ADC_V28=27.4884033203125
THERMAL_SENS_OUT_1=27
THERMAL_SENS_OUT_2=-50
THERMAL_SENS_OUT_3=28
THERMAL_SENS_OUT_4=28
THERMAL_SENS_OUT_5=27
THERMAL_SENS_OUT_6=-50
THERMAL_SENS_INT_1=27
THERMAL_SENS_INT_2=26
PG_5=0
PG_9=0
PG_12=0
FLT_P2=0
FLT_P3=0
HEAT_1_TEMP=27
HEAT_1_DUTY=0
HEAT_1_SP=-20.0
HEAT_2_TEMP=28
HEAT_2_DUTY=0
HEAT_2_SP=-20.0
HEAT_3_TEMP=28
HEAT_3_DUTY=0
HEAT_3_SP=-20.0
HEAT_4_TEMP=27
HEAT_4_DUTY=0
HEAT_4_SP=-20.0
MOTOR_ANGLE=0.0011482558139534885
MOTOR_ACCUM=0.0011482558139534885
MOTOR_ROT=0

[20:25:57.597 EBOX]
TS=1786201346.900
V_SENSE5=1.16455078125
V_SENSE9=0.0390625
V_SENSE12=0.1513671875
ADC_V5=5.0091552734375
ADC_V9=9.2572021484375
ADC_V12=11.89453125
ADC_V28=27.718505859375
THERMAL_SENS_OUT_1=26
THERMAL_SENS_OUT_2=-50
THERMAL_SENS_OUT_3=28
THERMAL_SENS_OUT_4=27
THERMAL_SENS_OUT_5=32
THERMAL_SENS_OUT_6=-50
THERMAL_SENS_INT_1=24
THERMAL_SENS_INT_2=28
PG_5=0
PG_9=0
PG_12=0
FLT_P2=0
FLT_P3=0
HEAT_1_TEMP=26
HEAT_1_DUTY=0
HEAT_1_SP=-20.0
HEAT_2_TEMP=28
HEAT_2_DUTY=0
HEAT_2_SP=-20.0
HEAT_3_TEMP=27
HEAT_3_DUTY=0
HEAT_3_SP=-20.0
HEAT_4_TEMP=32
HEAT_4_DUTY=0
HEAT_4_SP=-20.0
MOTOR_ANGLE=0.0011482558139534885
MOTOR_ACCUM=0.0011482558139534885
MOTOR_ROT=0

[20:25:57.802 CUBESAT]
TS=1786202676.637
PG_5=1
PG_9=0
PG_12=0
FLT_P2=0
FLT_P3=0
HEAT_1_TEMP=0.0
HEAT_1_DUTY=0
HEAT_1_SP=-20.0
ENC_RAW=11649
ENC_ANGLE=255.95947265625
ENC_ACCUM=-0.02197265625
AUTO_STOP=1
MOTOR_ANGLE=0.0007558139534883722
MOTOR_ACCUM=0.0007558139534883722
MOTOR_ROT=0

[20:25:59.515 CUBESAT]
TS=1786202678.638
PG_5=1
PG_9=0
PG_12=0
FLT_P2=0
FLT_P3=0
HEAT_1_TEMP=0.0
HEAT_1_DUTY=10
HEAT_1_SP=-20.0
ENC_RAW=11651
ENC_ANGLE=256.00341796875
ENC_ACCUM=0.02197265625
AUTO_STOP=1
MOTOR_ANGLE=0.0007558139534883722
MOTOR_ACCUM=0.0007558139534883722
MOTOR_ROT=0

[20:25:59.633 EBOX]
TS=1786201348.902
V_SENSE5=1.27685546875
V_SENSE9=0.0390625
V_SENSE12=0.12451171875
ADC_V5=5.0091552734375
ADC_V9=9.33685302734375
ADC_V12=11.5936279296875
ADC_V28=27.9486083984375
THERMAL_SENS_OUT_1=31
THERMAL_SENS_OUT_2=-50
THERMAL_SENS_OUT_3=27
THERMAL_SENS_OUT_4=26
THERMAL_SENS_OUT_5=28
THERMAL_SENS_OUT_6=-50
THERMAL_SENS_INT_1=26
THERMAL_SENS_INT_2=27
PG_5=0
PG_9=0
PG_12=0
FLT_P2=0
FLT_P3=0
HEAT_1_TEMP=31
HEAT_1_DUTY=0
HEAT_1_SP=-20.0
HEAT_2_TEMP=27
HEAT_2_DUTY=0
HEAT_2_SP=-20.0
HEAT_3_TEMP=26
HEAT_3_DUTY=0
HEAT_3_SP=-20.0
HEAT_4_TEMP=28
HEAT_4_DUTY=0
HEAT_4_SP=-20.0
MOTOR_ANGLE=0.0011482558139534885
MOTOR_ACCUM=0.0011482558139534885
MOTOR_ROT=0

[20:26:01.549 CUBESAT]
TS=1786202680.640
PG_5=1
PG_9=0
PG_12=0
FLT_P2=0
FLT_P3=0
HEAT_1_TEMP=0.0
HEAT_1_DUTY=0
HEAT_1_SP=-20.0
ENC_RAW=11650
ENC_ANGLE=255.9814453125
ENC_ACCUM=0.0
AUTO_STOP=1
MOTOR_ANGLE=0.0007558139534883722
MOTOR_ACCUM=0.0007558139534883722
MOTOR_ROT=0

[20:26:01.671 EBOX]
TS=1786201350.905
V_SENSE5=1.19140625
V_SENSE9=0.0341796875
V_SENSE12=0.146484375
ADC_V5=4.9560546875
ADC_V9=9.35455322265625
ADC_V12=11.717529296875
ADC_V28=27.53265380859375
THERMAL_SENS_OUT_1=26
THERMAL_SENS_OUT_2=-50
THERMAL_SENS_OUT_3=29
THERMAL_SENS_OUT_4=26
THERMAL_SENS_OUT_5=32
THERMAL_SENS_OUT_6=-50
THERMAL_SENS_INT_1=28
THERMAL_SENS_INT_2=26
PG_5=0
PG_9=0
PG_12=0
FLT_P2=0
FLT_P3=0
HEAT_1_TEMP=26
HEAT_1_DUTY=0
HEAT_1_SP=-20.0
HEAT_2_TEMP=29
HEAT_2_DUTY=0
HEAT_2_SP=-20.0
HEAT_3_TEMP=26
HEAT_3_DUTY=0
HEAT_3_SP=-20.0
HEAT_4_TEMP=32
HEAT_4_DUTY=0
HEAT_4_SP=-20.0
MOTOR_ANGLE=0.0011482558139534885
MOTOR_ACCUM=0.0011482558139534885
MOTOR_ROT=0

[20:26:03.614 EBOX]
TS=1786201352.907
V_SENSE5=1.1083984375
V_SENSE9=0.0390625
V_SENSE12=0.146484375
ADC_V5=4.88525390625
ADC_V9=9.27490234375
ADC_V12=11.81488037109375
ADC_V28=27.85125732421875
THERMAL_SENS_OUT_1=27
THERMAL_SENS_OUT_2=-50
THERMAL_SENS_OUT_3=26
THERMAL_SENS_OUT_4=28
THERMAL_SENS_OUT_5=28
THERMAL_SENS_OUT_6=-50
THERMAL_SENS_INT_1=25
THERMAL_SENS_INT_2=29
PG_5=0
PG_9=0
PG_12=0
FLT_P2=0
FLT_P3=0
HEAT_1_TEMP=27
HEAT_1_DUTY=0
HEAT_1_SP=-20.0
HEAT_2_TEMP=26
HEAT_2_DUTY=0
HEAT_2_SP=-20.0
HEAT_3_TEMP=28
HEAT_3_DUTY=0
HEAT_3_SP=-20.0
HEAT_4_TEMP=28
HEAT_4_DUTY=0
HEAT_4_SP=-20.0
MOTOR_ANGLE=0.0011482558139534885
MOTOR_ACCUM=0.0011482558139534885
MOTOR_ROT=0

[20:26:04.125 CUBESAT]
TS=1786202682.642
PG_5=1
PG_9=0
PG_12=0
FLT_P2=0
FLT_P3=0
HEAT_1_TEMP=0.0
HEAT_1_DUTY=0
HEAT_1_SP=-20.0
ENC_RAW=11652
ENC_ANGLE=256.025390625
ENC_ACCUM=0.0439453125
AUTO_STOP=1
MOTOR_ANGLE=0.0007558139534883722
MOTOR_ACCUM=0.0007558139534883722
MOTOR_ROT=0

[20:26:05.838 CUBESAT]
TS=1786202684.644
PG_5=1
PG_9=0
PG_12=0
FLT_P2=0
FLT_P3=0
HEAT_1_TEMP=0.0
HEAT_1_DUTY=0
HEAT_1_SP=-20.0
ENC_RAW=11651
ENC_ANGLE=256.00341796875
ENC_ACCUM=0.02197265625
AUTO_STOP=1
MOTOR_ANGLE=0.0007558139534883722
MOTOR_ACCUM=0.0007558139534883722
MOTOR_ROT=0

[20:26:05.952 EBOX]
TS=1786201354.910
V_SENSE5=1.21826171875
V_SENSE9=0.04150390625
V_SENSE12=0.13916015625
ADC_V5=4.9737548828125
ADC_V9=9.44305419921875
ADC_V12=11.6998291015625
ADC_V28=28.0194091796875
THERMAL_SENS_OUT_1=27
THERMAL_SENS_OUT_2=-50
THERMAL_SENS_OUT_3=24
THERMAL_SENS_OUT_4=28
THERMAL_SENS_OUT_5=30
THERMAL_SENS_OUT_6=-50
THERMAL_SENS_INT_1=25
THERMAL_SENS_INT_2=28
PG_5=0
PG_9=0
PG_12=0
FLT_P2=0
FLT_P3=0
HEAT_1_TEMP=27
HEAT_1_DUTY=0
HEAT_1_SP=-20.0
HEAT_2_TEMP=24
HEAT_2_DUTY=0
HEAT_2_SP=-20.0
HEAT_3_TEMP=28
HEAT_3_DUTY=0
HEAT_3_SP=-20.0
HEAT_4_TEMP=30
HEAT_4_DUTY=0
HEAT_4_SP=-20.0
MOTOR_ANGLE=0.0011482558139534885
MOTOR_ACCUM=0.0011482558139534885
MOTOR_ROT=0

[20:26:07.568 CUBESAT]
TS=1786202686.647
PG_5=1
PG_9=0
PG_12=0
FLT_P2=0
FLT_P3=0
HEAT_1_TEMP=0.0
HEAT_1_DUTY=0
HEAT_1_SP=-20.0
ENC_RAW=11648
ENC_ANGLE=255.9375
ENC_ACCUM=-0.0439453125
AUTO_STOP=1
MOTOR_ANGLE=0.0007558139534883722
MOTOR_ACCUM=0.0007558139534883722
MOTOR_ROT=0

[20:26:08.602 EBOX]
TS=1786201356.910
V_SENSE5=1.22314453125
V_SENSE9=0.0390625
V_SENSE12=0.12939453125
ADC_V5=4.920654296875
ADC_V9=9.44305419921875
ADC_V12=11.88568115234375
ADC_V28=28.0902099609375
THERMAL_SENS_OUT_1=29
THERMAL_SENS_OUT_2=-50
THERMAL_SENS_OUT_3=27
THERMAL_SENS_OUT_4=27
THERMAL_SENS_OUT_5=31
THERMAL_SENS_OUT_6=-50
THERMAL_SENS_INT_1=29
THERMAL_SENS_INT_2=26
PG_5=0
PG_9=0
PG_12=0
FLT_P2=0
FLT_P3=0
HEAT_1_TEMP=29
HEAT_1_DUTY=0
HEAT_1_SP=-20.0
HEAT_2_TEMP=27
HEAT_2_DUTY=0
HEAT_2_SP=-20.0
HEAT_3_TEMP=27
HEAT_3_DUTY=0
HEAT_3_SP=-20.0
HEAT_4_TEMP=31
HEAT_4_DUTY=0
HEAT_4_SP=-20.0
MOTOR_ANGLE=0.0011482558139534885
MOTOR_ACCUM=0.0011482558139534885
MOTOR_ROT=0

[20:26:09.621 CUBESAT]
TS=1786202688.648
PG_5=1
PG_9=0
PG_12=0
FLT_P2=0
FLT_P3=0
HEAT_1_TEMP=0.0
HEAT_1_DUTY=0
HEAT_1_SP=-20.0
ENC_RAW=11651
ENC_ANGLE=256.00341796875
ENC_ACCUM=0.02197265625
AUTO_STOP=1
MOTOR_ANGLE=0.0007558139534883722
MOTOR_ACCUM=0.0007558139534883722
MOTOR_ROT=0

[20:26:09.957 EBOX]
TS=1786201358.911
V_SENSE5=1.1279296875
V_SENSE9=0.03662109375
V_SENSE12=0.1123046875
ADC_V5=5.00030517578125
ADC_V9=9.37225341796875
ADC_V12=11.90338134765625
ADC_V28=27.718505859375
THERMAL_SENS_OUT_1=25
THERMAL_SENS_OUT_2=-50
THERMAL_SENS_OUT_3=29
THERMAL_SENS_OUT_4=26
THERMAL_SENS_OUT_5=30
THERMAL_SENS_OUT_6=-50
THERMAL_SENS_INT_1=29
THERMAL_SENS_INT_2=27
PG_5=0
PG_9=0
PG_12=0
FLT_P2=0
FLT_P3=0
HEAT_1_TEMP=25
HEAT_1_DUTY=0
HEAT_1_SP=-20.0
HEAT_2_TEMP=29
HEAT_2_DUTY=0
HEAT_2_SP=-20.0
HEAT_3_TEMP=26
HEAT_3_DUTY=0
HEAT_3_SP=-20.0
HEAT_4_TEMP=30
HEAT_4_DUTY=0
HEAT_4_SP=-20.0
MOTOR_ANGLE=0.0011482558139534885
MOTOR_ACCUM=0.0011482558139534885
MOTOR_ROT=0

[20:26:11.574 CUBESAT]
TS=1786202690.649
PG_5=1
PG_9=0
PG_12=0
FLT_P2=0
FLT_P3=0
HEAT_1_TEMP=0.0
HEAT_1_DUTY=0
HEAT_1_SP=-20.0
ENC_RAW=11649
ENC_ANGLE=255.95947265625
ENC_ACCUM=-0.02197265625
AUTO_STOP=1
MOTOR_ANGLE=0.0007558139534883722
MOTOR_ACCUM=0.0007558139534883722
MOTOR_ROT=0

[20:26:11.825 EBOX]
TS=1786201360.916
V_SENSE5=1.21337890625
V_SENSE9=0.04150390625
V_SENSE12=0.14892578125
ADC_V5=4.89410400390625
ADC_V9=9.2926025390625
ADC_V12=11.77947998046875
ADC_V28=27.7716064453125
THERMAL_SENS_OUT_1=28
THERMAL_SENS_OUT_2=-50
THERMAL_SENS_OUT_3=27
THERMAL_SENS_OUT_4=27
THERMAL_SENS_OUT_5=28
THERMAL_SENS_OUT_6=-50
THERMAL_SENS_INT_1=25
THERMAL_SENS_INT_2=30
PG_5=0
PG_9=0
PG_12=0
FLT_P2=0
FLT_P3=0
HEAT_1_TEMP=28
HEAT_1_DUTY=0
HEAT_1_SP=-20.0
HEAT_2_TEMP=27
HEAT_2_DUTY=0
HEAT_2_SP=-20.0
HEAT_3_TEMP=27
HEAT_3_DUTY=0
HEAT_3_SP=-20.0
HEAT_4_TEMP=28
HEAT_4_DUTY=0
HEAT_4_SP=-20.0
MOTOR_ANGLE=0.0011482558139534885
MOTOR_ACCUM=0.0011482558139534885
MOTOR_ROT=0

[20:26:13.539 CUBESAT]
TS=1786202692.651
PG_5=1
PG_9=0
PG_12=0
FLT_P2=0
FLT_P3=0
HEAT_1_TEMP=0.0
HEAT_1_DUTY=0
HEAT_1_SP=-20.0
ENC_RAW=11653
ENC_ANGLE=256.04736328125
ENC_ACCUM=0.06591796875
AUTO_STOP=1
MOTOR_ANGLE=0.0007558139534883722
MOTOR_ACCUM=0.0007558139534883722
MOTOR_ROT=0

[20:26:13.664 EBOX]
TS=1786201362.915
V_SENSE5=1.20361328125
V_SENSE9=0.0390625
V_SENSE12=0.1220703125
ADC_V5=4.92950439453125
ADC_V9=8.98284912109375
ADC_V12=11.6290283203125
ADC_V28=28.06365966796875
THERMAL_SENS_OUT_1=28
THERMAL_SENS_OUT_2=-50
THERMAL_SENS_OUT_3=27
THERMAL_SENS_OUT_4=25
THERMAL_SENS_OUT_5=29
THERMAL_SENS_OUT_6=-50
THERMAL_SENS_INT_1=24
THERMAL_SENS_INT_2=27
PG_5=0
PG_9=0
PG_12=0
FLT_P2=0
FLT_P3=0
HEAT_1_TEMP=28
HEAT_1_DUTY=0
HEAT_1_SP=-20.0
HEAT_2_TEMP=27
HEAT_2_DUTY=0
HEAT_2_SP=-20.0
HEAT_3_TEMP=25
HEAT_3_DUTY=0
HEAT_3_SP=-20.0
HEAT_4_TEMP=29
HEAT_4_DUTY=0
HEAT_4_SP=-20.0
MOTOR_ANGLE=0.0011482558139534885
MOTOR_ACCUM=0.0011482558139534885
MOTOR_ROT=0

[20:26:15.580 CUBESAT]
TS=1786202694.653
PG_5=1
PG_9=0
PG_12=0
FLT_P2=0
FLT_P3=0
HEAT_1_TEMP=0.0
HEAT_1_DUTY=10
HEAT_1_SP=-20.0
ENC_RAW=11652
ENC_ANGLE=256.025390625
ENC_ACCUM=0.0439453125
AUTO_STOP=1
MOTOR_ANGLE=0.0007558139534883722
MOTOR_ACCUM=0.0007558139534883722
MOTOR_ROT=0

[20:26:16.001 EBOX]
TS=1786201364.916
V_SENSE5=1.14501953125
V_SENSE9=0.0341796875
V_SENSE12=0.17333984375
ADC_V5=4.91180419921875
ADC_V9=8.9739990234375
ADC_V12=11.67327880859375
ADC_V28=28.1610107421875
THERMAL_SENS_OUT_1=22
THERMAL_SENS_OUT_2=-50
THERMAL_SENS_OUT_3=25
THERMAL_SENS_OUT_4=28
THERMAL_SENS_OUT_5=27
THERMAL_SENS_OUT_6=-50
THERMAL_SENS_INT_1=28
THERMAL_SENS_INT_2=26
PG_5=0
PG_9=0
PG_12=0
FLT_P2=0
FLT_P3=0
HEAT_1_TEMP=22
HEAT_1_DUTY=0
HEAT_1_SP=-20.0
HEAT_2_TEMP=25
HEAT_2_DUTY=0
HEAT_2_SP=-20.0
HEAT_3_TEMP=28
HEAT_3_DUTY=0
HEAT_3_SP=-20.0
HEAT_4_TEMP=27
HEAT_4_DUTY=0
HEAT_4_SP=-20.0
MOTOR_ANGLE=0.0011482558139534885
MOTOR_ACCUM=0.0011482558139534885
MOTOR_ROT=0

[20:26:17.617 CUBESAT]
TS=1786202696.655
PG_5=1
PG_9=0
PG_12=0
FLT_P2=0
FLT_P3=0
HEAT_1_TEMP=0.0
HEAT_1_DUTY=0
HEAT_1_SP=-20.0
ENC_RAW=11651
ENC_ANGLE=256.00341796875
ENC_ACCUM=0.02197265625
AUTO_STOP=1
MOTOR_ANGLE=0.0007558139534883722
MOTOR_ACCUM=0.0007558139534883722
MOTOR_ROT=0

[20:26:17.940 EBOX]
TS=1786201366.917
V_SENSE5=1.25
V_SENSE9=0.0341796875
V_SENSE12=0.1171875
ADC_V5=4.9737548828125
ADC_V9=8.92974853515625
ADC_V12=11.5936279296875
ADC_V28=27.97515869140625
THERMAL_SENS_OUT_1=28
THERMAL_SENS_OUT_2=-50
THERMAL_SENS_OUT_3=26
THERMAL_SENS_OUT_4=30
THERMAL_SENS_OUT_5=29
THERMAL_SENS_OUT_6=-50
THERMAL_SENS_INT_1=25
THERMAL_SENS_INT_2=29
PG_5=0
PG_9=0
PG_12=0
FLT_P2=0
FLT_P3=0
HEAT_1_TEMP=28
HEAT_1_DUTY=0
HEAT_1_SP=-20.0
HEAT_2_TEMP=26
HEAT_2_DUTY=0
HEAT_2_SP=-20.0
HEAT_3_TEMP=30
HEAT_3_DUTY=0
HEAT_3_SP=-20.0
HEAT_4_TEMP=29
HEAT_4_DUTY=0
HEAT_4_SP=-20.0
MOTOR_ANGLE=0.0011482558139534885
MOTOR_ACCUM=0.0011482558139534885
MOTOR_ROT=0

[20:26:19.753 CUBESAT]
TS=1786202698.657
PG_5=1
PG_9=0
PG_12=0
FLT_P2=0
FLT_P3=0
HEAT_1_TEMP=0.0
HEAT_1_DUTY=0
HEAT_1_SP=-20.0
ENC_RAW=11651
ENC_ANGLE=256.00341796875
ENC_ACCUM=0.02197265625
AUTO_STOP=1
MOTOR_ANGLE=0.0007558139534883722
MOTOR_ACCUM=0.0007558139534883722
MOTOR_ROT=0

[20:26:19.988 EBOX]
TS=1786201368.922
V_SENSE5=1.23046875
V_SENSE9=0.0390625
V_SENSE12=0.13427734375
ADC_V5=5.01800537109375
ADC_V9=9.13330078125
ADC_V12=11.92108154296875
ADC_V28=28.001708984375
THERMAL_SENS_OUT_1=26
THERMAL_SENS_OUT_2=-50
THERMAL_SENS_OUT_3=28
THERMAL_SENS_OUT_4=26
THERMAL_SENS_OUT_5=29
THERMAL_SENS_OUT_6=-50
THERMAL_SENS_INT_1=29
THERMAL_SENS_INT_2=26
PG_5=0
PG_9=0
PG_12=0
FLT_P2=0
FLT_P3=0
HEAT_1_TEMP=26
HEAT_1_DUTY=0
HEAT_1_SP=-20.0
HEAT_2_TEMP=28
HEAT_2_DUTY=0
HEAT_2_SP=-20.0
HEAT_3_TEMP=26
HEAT_3_DUTY=0
HEAT_3_SP=-20.0
HEAT_4_TEMP=29
HEAT_4_DUTY=0
HEAT_4_SP=-20.0
MOTOR_ANGLE=0.0011482558139534885
MOTOR_ACCUM=0.0011482558139534885
MOTOR_ROT=0

[20:26:21.603 CUBESAT]
TS=1786202700.660
PG_5=1
PG_9=0
PG_12=0
FLT_P2=0
FLT_P3=0
HEAT_1_TEMP=0.0
HEAT_1_DUTY=0
HEAT_1_SP=-20.0
ENC_RAW=11652
ENC_ANGLE=256.025390625
ENC_ACCUM=0.0439453125
AUTO_STOP=1
MOTOR_ANGLE=0.0007558139534883722
MOTOR_ACCUM=0.0007558139534883722
MOTOR_ROT=0

[20:26:21.729 EBOX]
TS=1786201370.922
V_SENSE5=1.13037109375
V_SENSE9=0.0341796875
V_SENSE12=0.1123046875
ADC_V5=5.01800537109375
ADC_V9=9.0625
ADC_V12=11.5936279296875
ADC_V28=28.0194091796875
THERMAL_SENS_OUT_1=27
THERMAL_SENS_OUT_2=-50
THERMAL_SENS_OUT_3=25
THERMAL_SENS_OUT_4=27
THERMAL_SENS_OUT_5=32
THERMAL_SENS_OUT_6=-50
THERMAL_SENS_INT_1=27
THERMAL_SENS_INT_2=27
PG_5=0
PG_9=0
PG_12=0
FLT_P2=0
FLT_P3=0
HEAT_1_TEMP=27
HEAT_1_DUTY=0
HEAT_1_SP=-20.0
HEAT_2_TEMP=25
HEAT_2_DUTY=0
HEAT_2_SP=-20.0
HEAT_3_TEMP=27
HEAT_3_DUTY=0
HEAT_3_SP=-20.0
HEAT_4_TEMP=32
HEAT_4_DUTY=0
HEAT_4_SP=-20.0
MOTOR_ANGLE=0.0011482558139534885
MOTOR_ACCUM=0.0011482558139534885
MOTOR_ROT=0

[20:26:23.645 CUBESAT]
TS=1786202702.662
PG_5=1
PG_9=0
PG_12=0
FLT_P2=0
FLT_P3=0
HEAT_1_TEMP=0.0
HEAT_1_DUTY=0
HEAT_1_SP=-20.0
ENC_RAW=11649
ENC_ANGLE=255.95947265625
ENC_ACCUM=-0.02197265625
AUTO_STOP=1
MOTOR_ANGLE=0.0007558139534883722
MOTOR_ACCUM=0.0007558139534883722
MOTOR_ROT=0

[20:26:23.770 EBOX]
TS=1786201372.925
V_SENSE5=1.15234375
V_SENSE9=0.0341796875
V_SENSE12=0.146484375
ADC_V5=4.89410400390625
ADC_V9=9.239501953125
ADC_V12=11.646728515625
ADC_V28=28.072509765625
THERMAL_SENS_OUT_1=27
THERMAL_SENS_OUT_2=-50
THERMAL_SENS_OUT_3=30
THERMAL_SENS_OUT_4=26
THERMAL_SENS_OUT_5=31
THERMAL_SENS_OUT_6=-50
THERMAL_SENS_INT_1=24
THERMAL_SENS_INT_2=28
PG_5=0
PG_9=0
PG_12=0
FLT_P2=0
FLT_P3=0
HEAT_1_TEMP=27
HEAT_1_DUTY=0
HEAT_1_SP=-20.0
HEAT_2_TEMP=30
HEAT_2_DUTY=0
HEAT_2_SP=-20.0
HEAT_3_TEMP=26
HEAT_3_DUTY=0
HEAT_3_SP=-20.0
HEAT_4_TEMP=31
HEAT_4_DUTY=0
HEAT_4_SP=-20.0
MOTOR_ANGLE=0.0011482558139534885
MOTOR_ACCUM=0.0011482558139534885
MOTOR_ROT=0

[20:26:25.587 CUBESAT]
TS=1786202704.664
PG_5=1
PG_9=0
PG_12=0
FLT_P2=0
FLT_P3=0
HEAT_1_TEMP=0.0
HEAT_1_DUTY=10
HEAT_1_SP=-20.0
ENC_RAW=11654
ENC_ANGLE=256.0693359375
ENC_ACCUM=0.087890625
AUTO_STOP=1
MOTOR_ANGLE=0.0007558139534883722
MOTOR_ACCUM=0.0007558139534883722
MOTOR_ROT=0

[20:26:25.709 EBOX]
TS=1786201374.926
V_SENSE5=1.16943359375
V_SENSE9=0.03662109375
V_SENSE12=0.10986328125
ADC_V5=4.9560546875
ADC_V9=9.24835205078125
ADC_V12=11.646728515625
ADC_V28=28.04595947265625
THERMAL_SENS_OUT_1=30
THERMAL_SENS_OUT_2=-50
THERMAL_SENS_OUT_3=25
THERMAL_SENS_OUT_4=30
THERMAL_SENS_OUT_5=29
THERMAL_SENS_OUT_6=-50
THERMAL_SENS_INT_1=26
THERMAL_SENS_INT_2=30
PG_5=0
PG_9=0
PG_12=0
FLT_P2=0
FLT_P3=0
HEAT_1_TEMP=30
HEAT_1_DUTY=0
HEAT_1_SP=-20.0
HEAT_2_TEMP=25
HEAT_2_DUTY=0
HEAT_2_SP=-20.0
HEAT_3_TEMP=30
HEAT_3_DUTY=0
HEAT_3_SP=-20.0
HEAT_4_TEMP=29
HEAT_4_DUTY=0
HEAT_4_SP=-20.0
MOTOR_ANGLE=0.0011482558139534885
MOTOR_ACCUM=0.0011482558139534885
MOTOR_ROT=0

[20:26:27.674 EBOX]
TS=1786201376.928
V_SENSE5=1.1669921875
V_SENSE9=0.0341796875
V_SENSE12=0.16845703125
ADC_V5=5.0091552734375
ADC_V9=9.097900390625
ADC_V12=11.8768310546875
ADC_V28=27.7362060546875
THERMAL_SENS_OUT_1=29
THERMAL_SENS_OUT_2=-50
THERMAL_SENS_OUT_3=30
THERMAL_SENS_OUT_4=29
THERMAL_SENS_OUT_5=28
THERMAL_SENS_OUT_6=-50
THERMAL_SENS_INT_1=25
THERMAL_SENS_INT_2=30
PG_5=0
PG_9=0
PG_12=0
FLT_P2=0
FLT_P3=0
HEAT_1_TEMP=29
HEAT_1_DUTY=0
HEAT_1_SP=-20.0
HEAT_2_TEMP=30
HEAT_2_DUTY=0
HEAT_2_SP=-20.0
HEAT_3_TEMP=29
HEAT_3_DUTY=0
HEAT_3_SP=-20.0
HEAT_4_TEMP=28
HEAT_4_DUTY=0
HEAT_4_SP=-20.0
MOTOR_ANGLE=0.0011482558139534885
MOTOR_ACCUM=0.0011482558139534885
MOTOR_ROT=0

[20:26:27.679 CUBESAT]
TS=1786202706.665
PG_5=1
PG_9=0
PG_12=0
FLT_P2=0
FLT_P3=0
HEAT_1_TEMP=0.0
HEAT_1_DUTY=0
HEAT_1_SP=-20.0
ENC_RAW=11651
ENC_ANGLE=256.00341796875
ENC_ACCUM=0.02197265625
AUTO_STOP=1
MOTOR_ANGLE=0.0007558139534883722
MOTOR_ACCUM=0.0007558139534883722
MOTOR_ROT=0

[20:26:29.722 EBOX]
TS=1786201378.930
V_SENSE5=1.23291015625
V_SENSE9=0.05126953125
V_SENSE12=0.15380859375
ADC_V5=4.96490478515625
ADC_V9=9.1864013671875
ADC_V12=11.79718017578125
ADC_V28=28.1964111328125
THERMAL_SENS_OUT_1=32
THERMAL_SENS_OUT_2=-50
THERMAL_SENS_OUT_3=28
THERMAL_SENS_OUT_4=30
THERMAL_SENS_OUT_5=28
THERMAL_SENS_OUT_6=-50
THERMAL_SENS_INT_1=24
THERMAL_SENS_INT_2=27
PG_5=0
PG_9=0
PG_12=0
FLT_P2=0
FLT_P3=0
HEAT_1_TEMP=32
HEAT_1_DUTY=0
HEAT_1_SP=-20.0
HEAT_2_TEMP=28
HEAT_2_DUTY=0
HEAT_2_SP=-20.0
HEAT_3_TEMP=30
HEAT_3_DUTY=0
HEAT_3_SP=-20.0
HEAT_4_TEMP=28
HEAT_4_DUTY=0
HEAT_4_SP=-20.0
MOTOR_ANGLE=0.0011482558139534885
MOTOR_ACCUM=0.0011482558139534885
MOTOR_ROT=0

[20:26:30.031 CUBESAT]
TS=1786202708.667
PG_5=1
PG_9=0
PG_12=0
FLT_P2=0
FLT_P3=0
HEAT_1_TEMP=0.0
HEAT_1_DUTY=0
HEAT_1_SP=-20.0
ENC_RAW=11648
ENC_ANGLE=255.9375
ENC_ACCUM=-0.0439453125
AUTO_STOP=1
MOTOR_ANGLE=0.0007558139534883722
MOTOR_ACCUM=0.0007558139534883722
MOTOR_ROT=0

[20:26:31.664 EBOX]
TS=1786201380.937
V_SENSE5=1.04736328125
V_SENSE9=0.03662109375
V_SENSE12=0.1513671875
ADC_V5=4.9383544921875
ADC_V9=9.24835205078125
ADC_V12=11.77947998046875
ADC_V28=28.001708984375
THERMAL_SENS_OUT_1=31
THERMAL_SENS_OUT_2=-50
THERMAL_SENS_OUT_3=29
THERMAL_SENS_OUT_4=26
THERMAL_SENS_OUT_5=31
THERMAL_SENS_OUT_6=-50
THERMAL_SENS_INT_1=29
THERMAL_SENS_INT_2=27
PG_5=0
PG_9=0
PG_12=0
FLT_P2=0
FLT_P3=0
HEAT_1_TEMP=31
HEAT_1_DUTY=0
HEAT_1_SP=-20.0
HEAT_2_TEMP=29
HEAT_2_DUTY=0
HEAT_2_SP=-20.0
HEAT_3_TEMP=26
HEAT_3_DUTY=0
HEAT_3_SP=-20.0
HEAT_4_TEMP=31
HEAT_4_DUTY=0
HEAT_4_SP=-20.0
MOTOR_ANGLE=0.0011482558139534885
MOTOR_ACCUM=0.0011482558139534885
MOTOR_ROT=0

[20:26:31.669 CUBESAT]
TS=1786202710.667
PG_5=1
PG_9=0
PG_12=0
FLT_P2=0
FLT_P3=0
HEAT_1_TEMP=0.0
HEAT_1_DUTY=0
HEAT_1_SP=-20.0
ENC_RAW=11654
ENC_ANGLE=256.0693359375
ENC_ACCUM=0.087890625
AUTO_STOP=1
MOTOR_ANGLE=0.0007558139534883722
MOTOR_ACCUM=0.0007558139534883722
MOTOR_ROT=0

[20:26:33.584 CUBESAT]
TS=1786202712.668
PG_5=1
PG_9=0
PG_12=0
FLT_P2=0
FLT_P3=0
HEAT_1_TEMP=0.0
HEAT_1_DUTY=0
HEAT_1_SP=-20.0
ENC_RAW=11649
ENC_ANGLE=255.95947265625
ENC_ACCUM=-0.02197265625
AUTO_STOP=1
MOTOR_ANGLE=0.0007558139534883722
MOTOR_ACCUM=0.0007558139534883722
MOTOR_ROT=0

[20:26:33.707 EBOX]
TS=1786201382.932
V_SENSE5=1.10107421875
V_SENSE9=0.03662109375
V_SENSE12=0.146484375
ADC_V5=4.98260498046875
ADC_V9=9.37225341796875
ADC_V12=11.56707763671875
ADC_V28=27.8778076171875
THERMAL_SENS_OUT_1=30
THERMAL_SENS_OUT_2=-50
THERMAL_SENS_OUT_3=29
THERMAL_SENS_OUT_4=26
THERMAL_SENS_OUT_5=28
THERMAL_SENS_OUT_6=-50
THERMAL_SENS_INT_1=24
THERMAL_SENS_INT_2=27
PG_5=0
PG_9=0
PG_12=0
FLT_P2=0
FLT_P3=0
HEAT_1_TEMP=30
HEAT_1_DUTY=0
HEAT_1_SP=-20.0
HEAT_2_TEMP=29
HEAT_2_DUTY=0
HEAT_2_SP=-20.0
HEAT_3_TEMP=26
HEAT_3_DUTY=0
HEAT_3_SP=-20.0
HEAT_4_TEMP=28
HEAT_4_DUTY=0
HEAT_4_SP=-20.0
MOTOR_ANGLE=0.0011482558139534885
MOTOR_ACCUM=0.0011482558139534885
MOTOR_ROT=0

[20:26:35.623 CUBESAT]
TS=1786202714.668
PG_5=1
PG_9=0
PG_12=0
FLT_P2=0
FLT_P3=0
HEAT_1_TEMP=0.0
HEAT_1_DUTY=10
HEAT_1_SP=-20.0
ENC_RAW=11653
ENC_ANGLE=256.04736328125
ENC_ACCUM=0.06591796875
AUTO_STOP=1
MOTOR_ANGLE=0.0007558139534883722
MOTOR_ACCUM=0.0007558139534883722
MOTOR_ROT=0

[20:26:35.740 EBOX]
TS=1786201384.933
V_SENSE5=1.14501953125
V_SENSE9=0.0341796875
V_SENSE12=0.13427734375
ADC_V5=4.96490478515625
ADC_V9=9.2572021484375
ADC_V12=11.9122314453125
ADC_V28=27.647705078125
THERMAL_SENS_OUT_1=29
THERMAL_SENS_OUT_2=-50
THERMAL_SENS_OUT_3=27
THERMAL_SENS_OUT_4=29
THERMAL_SENS_OUT_5=29
THERMAL_SENS_OUT_6=-50
THERMAL_SENS_INT_1=27
THERMAL_SENS_INT_2=25
PG_5=0
PG_9=0
PG_12=0
FLT_P2=0
FLT_P3=0
HEAT_1_TEMP=29
HEAT_1_DUTY=0
HEAT_1_SP=-20.0
HEAT_2_TEMP=27
HEAT_2_DUTY=0
HEAT_2_SP=-20.0
HEAT_3_TEMP=29
HEAT_3_DUTY=0
HEAT_3_SP=-20.0
HEAT_4_TEMP=29
HEAT_4_DUTY=0
HEAT_4_SP=-20.0
MOTOR_ANGLE=0.0011482558139534885
MOTOR_ACCUM=0.0011482558139534885
MOTOR_ROT=0

[20:26:37.681 EBOX]
TS=1786201386.937
V_SENSE5=1.171875
V_SENSE9=0.07568359375
V_SENSE12=0.15380859375
ADC_V5=4.89410400390625
ADC_V9=9.381103515625
ADC_V12=11.88568115234375
ADC_V28=27.63885498046875
THERMAL_SENS_OUT_1=31
THERMAL_SENS_OUT_2=-50
THERMAL_SENS_OUT_3=28
THERMAL_SENS_OUT_4=27
THERMAL_SENS_OUT_5=31
THERMAL_SENS_OUT_6=-50
THERMAL_SENS_INT_1=28
THERMAL_SENS_INT_2=29
PG_5=0
PG_9=0
PG_12=0
FLT_P2=0
FLT_P3=0
HEAT_1_TEMP=31
HEAT_1_DUTY=0
HEAT_1_SP=-20.0
HEAT_2_TEMP=28
HEAT_2_DUTY=0
HEAT_2_SP=-20.0
HEAT_3_TEMP=27
HEAT_3_DUTY=0
HEAT_3_SP=-20.0
HEAT_4_TEMP=31
HEAT_4_DUTY=0
HEAT_4_SP=-20.0
MOTOR_ANGLE=0.0011482558139534885
MOTOR_ACCUM=0.0011482558139534885
MOTOR_ROT=0

[20:26:37.685 CUBESAT]
TS=1786202716.670
PG_5=1
PG_9=0
PG_12=0
FLT_P2=0
FLT_P3=0
HEAT_1_TEMP=0.0
HEAT_1_DUTY=0
HEAT_1_SP=-20.0
ENC_RAW=11650
ENC_ANGLE=255.9814453125
ENC_ACCUM=0.0
AUTO_STOP=1
MOTOR_ANGLE=0.0007558139534883722
MOTOR_ACCUM=0.0007558139534883722
MOTOR_ROT=0

[20:26:39.721 EBOX]
TS=1786201388.937
V_SENSE5=1.1083984375
V_SENSE9=0.0390625
V_SENSE12=0.1416015625
ADC_V5=4.9029541015625
ADC_V9=9.4873046875
ADC_V12=11.575927734375
ADC_V28=27.88665771484375
THERMAL_SENS_OUT_1=28
THERMAL_SENS_OUT_2=-50
THERMAL_SENS_OUT_3=28
THERMAL_SENS_OUT_4=26
THERMAL_SENS_OUT_5=30
THERMAL_SENS_OUT_6=-50
THERMAL_SENS_INT_1=29
THERMAL_SENS_INT_2=27
PG_5=0
PG_9=0
PG_12=0
FLT_P2=0
FLT_P3=0
HEAT_1_TEMP=28
HEAT_1_DUTY=0
HEAT_1_SP=-20.0
HEAT_2_TEMP=28
HEAT_2_DUTY=0
HEAT_2_SP=-20.0
HEAT_3_TEMP=26
HEAT_3_DUTY=0
HEAT_3_SP=-20.0
HEAT_4_TEMP=30
HEAT_4_DUTY=0
HEAT_4_SP=-20.0
MOTOR_ANGLE=0.0011482558139534885
MOTOR_ACCUM=0.0011482558139534885
MOTOR_ROT=0

[20:26:39.927 CUBESAT]
TS=1786202718.672
PG_5=1
PG_9=0
PG_12=0
FLT_P2=0
FLT_P3=0
HEAT_1_TEMP=0.0
HEAT_1_DUTY=0
HEAT_1_SP=-20.0
ENC_RAW=11650
ENC_ANGLE=255.9814453125
ENC_ACCUM=0.0
AUTO_STOP=1
MOTOR_ANGLE=0.0007558139534883722
MOTOR_ACCUM=0.0007558139534883722
MOTOR_ROT=0

[20:26:41.639 CUBESAT]
TS=1786202720.675
PG_5=1
PG_9=0
PG_12=0
FLT_P2=0
FLT_P3=0
HEAT_1_TEMP=0.0
HEAT_1_DUTY=0
HEAT_1_SP=-20.0
ENC_RAW=11652
ENC_ANGLE=256.025390625
ENC_ACCUM=0.0439453125
AUTO_STOP=1
MOTOR_ANGLE=0.0007558139534883722
MOTOR_ACCUM=0.0007558139534883722
MOTOR_ROT=0

[20:26:41.770 EBOX]
TS=1786201390.941
V_SENSE5=1.13525390625
V_SENSE9=0.0390625
V_SENSE12=0.14892578125
ADC_V5=4.9737548828125
ADC_V9=9.3988037109375
ADC_V12=11.6290283203125
ADC_V28=28.0902099609375
THERMAL_SENS_OUT_1=28
THERMAL_SENS_OUT_2=-50
THERMAL_SENS_OUT_3=25
THERMAL_SENS_OUT_4=26
THERMAL_SENS_OUT_5=29
THERMAL_SENS_OUT_6=-50
THERMAL_SENS_INT_1=28
THERMAL_SENS_INT_2=26
PG_5=0
PG_9=0
PG_12=0
FLT_P2=0
FLT_P3=0
HEAT_1_TEMP=28
HEAT_1_DUTY=0
HEAT_1_SP=-20.0
HEAT_2_TEMP=25
HEAT_2_DUTY=0
HEAT_2_SP=-20.0
HEAT_3_TEMP=26
HEAT_3_DUTY=0
HEAT_3_SP=-20.0
HEAT_4_TEMP=29
HEAT_4_DUTY=0
HEAT_4_SP=-20.0
MOTOR_ANGLE=0.0011482558139534885
MOTOR_ACCUM=0.0011482558139534885
MOTOR_ROT=0

[20:26:43.587 CUBESAT]
TS=1786202722.677
PG_5=1
PG_9=0
PG_12=0
FLT_P2=0
FLT_P3=0
HEAT_1_TEMP=0.0
HEAT_1_DUTY=0
HEAT_1_SP=-20.0
ENC_RAW=11649
ENC_ANGLE=255.95947265625
ENC_ACCUM=-0.02197265625
AUTO_STOP=1
MOTOR_ANGLE=0.0007558139534883722
MOTOR_ACCUM=0.0007558139534883722
MOTOR_ROT=0

[20:26:43.717 EBOX]
TS=1786201392.944
V_SENSE5=1.1279296875
V_SENSE9=0.0390625
V_SENSE12=0.14892578125
ADC_V5=4.991455078125
ADC_V9=9.37225341796875
ADC_V12=11.90338134765625
ADC_V28=27.576904296875
THERMAL_SENS_OUT_1=26
THERMAL_SENS_OUT_2=-50
THERMAL_SENS_OUT_3=28
THERMAL_SENS_OUT_4=28
THERMAL_SENS_OUT_5=31
THERMAL_SENS_OUT_6=-50
THERMAL_SENS_INT_1=24
THERMAL_SENS_INT_2=27
PG_5=0
PG_9=0
PG_12=0
FLT_P2=0
FLT_P3=0
HEAT_1_TEMP=26
HEAT_1_DUTY=0
HEAT_1_SP=-20.0
HEAT_2_TEMP=28
HEAT_2_DUTY=0
HEAT_2_SP=-20.0
HEAT_3_TEMP=28
HEAT_3_DUTY=0
HEAT_3_SP=-20.0
HEAT_4_TEMP=31
HEAT_4_DUTY=0
HEAT_4_SP=-20.0
MOTOR_ANGLE=0.0011482558139534885
MOTOR_ACCUM=0.0011482558139534885
MOTOR_ROT=0

[20:26:45.639 CUBESAT]
TS=1786202724.679
PG_5=1
PG_9=0
PG_12=0
FLT_P2=0
FLT_P3=0
HEAT_1_TEMP=0.0
HEAT_1_DUTY=0
HEAT_1_SP=-20.0
ENC_RAW=11651
ENC_ANGLE=256.00341796875
ENC_ACCUM=0.02197265625
AUTO_STOP=1
MOTOR_ANGLE=0.0007558139534883722
MOTOR_ACCUM=0.0007558139534883722
MOTOR_ROT=0

[20:26:45.753 EBOX]
TS=1786201394.947
V_SENSE5=1.09619140625
V_SENSE9=0.03662109375
V_SENSE12=0.12939453125
ADC_V5=4.98260498046875
ADC_V9=9.35455322265625
ADC_V12=11.88568115234375
ADC_V28=27.62115478515625
THERMAL_SENS_OUT_1=25
THERMAL_SENS_OUT_2=-50
THERMAL_SENS_OUT_3=26
THERMAL_SENS_OUT_4=30
THERMAL_SENS_OUT_5=28
THERMAL_SENS_OUT_6=-50
THERMAL_SENS_INT_1=24
THERMAL_SENS_INT_2=28
PG_5=0
PG_9=0
PG_12=0
FLT_P2=0
FLT_P3=0
HEAT_1_TEMP=25
HEAT_1_DUTY=0
HEAT_1_SP=-20.0
HEAT_2_TEMP=26
HEAT_2_DUTY=0
HEAT_2_SP=-20.0
HEAT_3_TEMP=30
HEAT_3_DUTY=0
HEAT_3_SP=-20.0
HEAT_4_TEMP=28
HEAT_4_DUTY=0
HEAT_4_SP=-20.0
MOTOR_ANGLE=0.0011482558139534885
MOTOR_ACCUM=0.0011482558139534885
MOTOR_ROT=0

[20:26:47.691 EBOX]
TS=1786201396.950
V_SENSE5=1.22314453125
V_SENSE9=0.04150390625
V_SENSE12=0.12939453125
ADC_V5=4.96490478515625
ADC_V9=9.381103515625
ADC_V12=11.92108154296875
ADC_V28=27.63885498046875
THERMAL_SENS_OUT_1=25
THERMAL_SENS_OUT_2=-50
THERMAL_SENS_OUT_3=25
THERMAL_SENS_OUT_4=26
THERMAL_SENS_OUT_5=31
THERMAL_SENS_OUT_6=-50
THERMAL_SENS_INT_1=27
THERMAL_SENS_INT_2=25
PG_5=0
PG_9=0
PG_12=0
FLT_P2=0
FLT_P3=0
HEAT_1_TEMP=25
HEAT_1_DUTY=0
HEAT_1_SP=-20.0
HEAT_2_TEMP=25
HEAT_2_DUTY=0
HEAT_2_SP=-20.0
HEAT_3_TEMP=26
HEAT_3_DUTY=0
HEAT_3_SP=-20.0
HEAT_4_TEMP=31
HEAT_4_DUTY=0
HEAT_4_SP=-20.0
MOTOR_ANGLE=0.0011482558139534885
MOTOR_ACCUM=0.0011482558139534885
MOTOR_ROT=0

[20:26:47.697 CUBESAT]
TS=1786202726.681
PG_5=1
PG_9=0
PG_12=0
FLT_P2=0
FLT_P3=0
HEAT_1_TEMP=0.0
HEAT_1_DUTY=0
HEAT_1_SP=-20.0
ENC_RAW=11652
ENC_ANGLE=256.025390625
ENC_ACCUM=0.0439453125
AUTO_STOP=1
MOTOR_ANGLE=0.0007558139534883722
MOTOR_ACCUM=0.0007558139534883722
MOTOR_ROT=0

[20:26:49.611 CUBESAT]
TS=1786202728.683
PG_5=1
PG_9=0
PG_12=0
FLT_P2=0
FLT_P3=0
HEAT_1_TEMP=0.0
HEAT_1_DUTY=0
HEAT_1_SP=-20.0
ENC_RAW=11648
ENC_ANGLE=255.9375
ENC_ACCUM=-0.0439453125
AUTO_STOP=1
MOTOR_ANGLE=0.0007558139534883722
MOTOR_ACCUM=0.0007558139534883722
MOTOR_ROT=0

[20:26:49.727 EBOX]
TS=1786201398.954
V_SENSE5=1.1279296875
V_SENSE9=0.0390625
V_SENSE12=0.13916015625
ADC_V5=4.991455078125
ADC_V9=9.37225341796875
ADC_V12=11.60247802734375
ADC_V28=28.10791015625
THERMAL_SENS_OUT_1=26
THERMAL_SENS_OUT_2=-50
THERMAL_SENS_OUT_3=27
THERMAL_SENS_OUT_4=29
THERMAL_SENS_OUT_5=32
THERMAL_SENS_OUT_6=-50
THERMAL_SENS_INT_1=27
THERMAL_SENS_INT_2=30
PG_5=0
PG_9=0
PG_12=0
FLT_P2=0
FLT_P3=0
HEAT_1_TEMP=26
HEAT_1_DUTY=0
HEAT_1_SP=-20.0
HEAT_2_TEMP=27
HEAT_2_DUTY=0
HEAT_2_SP=-20.0
HEAT_3_TEMP=29
HEAT_3_DUTY=0
HEAT_3_SP=-20.0
HEAT_4_TEMP=32
HEAT_4_DUTY=0
HEAT_4_SP=-20.0
MOTOR_ANGLE=0.0011482558139534885
MOTOR_ACCUM=0.0011482558139534885
MOTOR_ROT=0

[20:26:51.643 CUBESAT]
TS=1786202730.686
PG_5=1
PG_9=0
PG_12=0
FLT_P2=0
FLT_P3=0
HEAT_1_TEMP=0.0
HEAT_1_DUTY=10
HEAT_1_SP=-20.0
ENC_RAW=11650
ENC_ANGLE=255.9814453125
ENC_ACCUM=0.0
AUTO_STOP=1
MOTOR_ANGLE=0.0007558139534883722
MOTOR_ACCUM=0.0007558139534883722
MOTOR_ROT=0

[20:26:51.962 EBOX]
TS=1786201400.957
V_SENSE5=1.11083984375
V_SENSE9=0.03662109375
V_SENSE12=0.13671875
ADC_V5=4.91180419921875
ADC_V9=9.51385498046875
ADC_V12=11.68212890625
ADC_V28=27.76275634765625
THERMAL_SENS_OUT_1=27
THERMAL_SENS_OUT_2=-50
THERMAL_SENS_OUT_3=27
THERMAL_SENS_OUT_4=30
THERMAL_SENS_OUT_5=29
THERMAL_SENS_OUT_6=-50
THERMAL_SENS_INT_1=25
THERMAL_SENS_INT_2=29
PG_5=0
PG_9=0
PG_12=0
FLT_P2=0
FLT_P3=0
HEAT_1_TEMP=27
HEAT_1_DUTY=0
HEAT_1_SP=-20.0
HEAT_2_TEMP=27
HEAT_2_DUTY=0
HEAT_2_SP=-20.0
HEAT_3_TEMP=30
HEAT_3_DUTY=0
HEAT_3_SP=-20.0
HEAT_4_TEMP=29
HEAT_4_DUTY=0
HEAT_4_SP=-20.0
MOTOR_ANGLE=0.0011482558139534885
MOTOR_ACCUM=0.0011482558139534885
MOTOR_ROT=0

[20:26:53.695 EBOX]
TS=1786201402.965
V_SENSE5=1.29150390625
V_SENSE9=0.03662109375
V_SENSE12=0.13427734375
ADC_V5=4.9029541015625
ADC_V9=9.49615478515625
ADC_V12=11.8768310546875
ADC_V28=27.92205810546875
THERMAL_SENS_OUT_1=29
THERMAL_SENS_OUT_2=-50
THERMAL_SENS_OUT_3=28
THERMAL_SENS_OUT_4=28
THERMAL_SENS_OUT_5=29
THERMAL_SENS_OUT_6=-50
THERMAL_SENS_INT_1=24
THERMAL_SENS_INT_2=29
PG_5=0
PG_9=0
PG_12=0
FLT_P2=0
FLT_P3=0
HEAT_1_TEMP=29
HEAT_1_DUTY=0
HEAT_1_SP=-20.0
HEAT_2_TEMP=28
HEAT_2_DUTY=0
HEAT_2_SP=-20.0
HEAT_3_TEMP=28
HEAT_3_DUTY=0
HEAT_3_SP=-20.0
HEAT_4_TEMP=29
HEAT_4_DUTY=0
HEAT_4_SP=-20.0
MOTOR_ANGLE=0.0011482558139534885
MOTOR_ACCUM=0.0011482558139534885
MOTOR_ROT=0

[20:26:53.700 CUBESAT]
TS=1786202732.688
PG_5=1
PG_9=0
PG_12=0
FLT_P2=0
FLT_P3=0
HEAT_1_TEMP=0.0
HEAT_1_DUTY=0
HEAT_1_SP=-20.0
ENC_RAW=11651
ENC_ANGLE=256.00341796875
ENC_ACCUM=0.02197265625
AUTO_STOP=1
MOTOR_ANGLE=0.0007558139534883722
MOTOR_ACCUM=0.0007558139534883722
MOTOR_ROT=0

[20:26:55.615 CUBESAT]
TS=1786202734.688
PG_5=1
PG_9=0
PG_12=0
FLT_P2=0
FLT_P3=0
HEAT_1_TEMP=0.0
HEAT_1_DUTY=0
HEAT_1_SP=-20.0
ENC_RAW=11651
ENC_ANGLE=256.00341796875
ENC_ACCUM=0.02197265625
AUTO_STOP=1
MOTOR_ANGLE=0.0007558139534883722
MOTOR_ACCUM=0.0007558139534883722
MOTOR_ROT=0

[20:26:55.733 EBOX]
TS=1786201404.966
V_SENSE5=1.12548828125
V_SENSE9=0.0390625
V_SENSE12=0.1318359375
ADC_V5=4.87640380859375
ADC_V9=9.51385498046875
ADC_V12=11.6290283203125
ADC_V28=28.04595947265625
THERMAL_SENS_OUT_1=28
THERMAL_SENS_OUT_2=-50
THERMAL_SENS_OUT_3=28
THERMAL_SENS_OUT_4=28
THERMAL_SENS_OUT_5=30
THERMAL_SENS_OUT_6=-50
THERMAL_SENS_INT_1=24
THERMAL_SENS_INT_2=29
PG_5=0
PG_9=0
PG_12=0
FLT_P2=0
FLT_P3=0
HEAT_1_TEMP=28
HEAT_1_DUTY=0
HEAT_1_SP=-20.0
HEAT_2_TEMP=28
HEAT_2_DUTY=0
HEAT_2_SP=-20.0
HEAT_3_TEMP=28
HEAT_3_DUTY=0
HEAT_3_SP=-20.0
HEAT_4_TEMP=30
HEAT_4_DUTY=0
HEAT_4_SP=-20.0
MOTOR_ANGLE=0.0011482558139534885
MOTOR_ACCUM=0.0011482558139534885
MOTOR_ROT=0

[20:26:57.670 EBOX]
TS=1786201406.968
V_SENSE5=1.16943359375
V_SENSE9=0.0341796875
V_SENSE12=0.12451171875
ADC_V5=4.9029541015625
ADC_V9=9.35455322265625
ADC_V12=11.70867919921875
ADC_V28=27.6654052734375
THERMAL_SENS_OUT_1=30
THERMAL_SENS_OUT_2=-50
THERMAL_SENS_OUT_3=30
THERMAL_SENS_OUT_4=27
THERMAL_SENS_OUT_5=29
THERMAL_SENS_OUT_6=-50
THERMAL_SENS_INT_1=26
THERMAL_SENS_INT_2=29
PG_5=0
PG_9=0
PG_12=0
FLT_P2=0
FLT_P3=0
HEAT_1_TEMP=30
HEAT_1_DUTY=0
HEAT_1_SP=-20.0
HEAT_2_TEMP=30
HEAT_2_DUTY=0
HEAT_2_SP=-20.0
HEAT_3_TEMP=27
HEAT_3_DUTY=0
HEAT_3_SP=-20.0
HEAT_4_TEMP=29
HEAT_4_DUTY=0
HEAT_4_SP=-20.0
MOTOR_ANGLE=0.0011482558139534885
MOTOR_ACCUM=0.0011482558139534885
MOTOR_ROT=0

[20:26:57.875 CUBESAT]
TS=1786202736.690
PG_5=1
PG_9=0
PG_12=0
FLT_P2=0
FLT_P3=0
HEAT_1_TEMP=0.0
HEAT_1_DUTY=0
HEAT_1_SP=-20.0
ENC_RAW=11652
ENC_ANGLE=256.025390625
ENC_ACCUM=0.0439453125
AUTO_STOP=1
MOTOR_ANGLE=0.0007558139534883722
MOTOR_ACCUM=0.0007558139534883722
MOTOR_ROT=0

[20:26:59.691 CUBESAT]
TS=1786202738.691
PG_5=1
PG_9=0
PG_12=0
FLT_P2=0
FLT_P3=0
HEAT_1_TEMP=0.0
HEAT_1_DUTY=0
HEAT_1_SP=-20.0
ENC_RAW=11650
ENC_ANGLE=255.9814453125
ENC_ACCUM=0.0
AUTO_STOP=1
MOTOR_ANGLE=0.0007558139534883722
MOTOR_ACCUM=0.0007558139534883722
MOTOR_ROT=0

[20:26:59.816 EBOX]
TS=1786201408.970
V_SENSE5=1.35498046875
V_SENSE9=0.0341796875
V_SENSE12=0.146484375
ADC_V5=4.98260498046875
ADC_V9=9.3988037109375
ADC_V12=11.76177978515625
ADC_V28=27.7716064453125
THERMAL_SENS_OUT_1=25
THERMAL_SENS_OUT_2=-50
THERMAL_SENS_OUT_3=29
THERMAL_SENS_OUT_4=27
THERMAL_SENS_OUT_5=32
THERMAL_SENS_OUT_6=-50
THERMAL_SENS_INT_1=29
THERMAL_SENS_INT_2=26
PG_5=0
PG_9=0
PG_12=0
FLT_P2=0
FLT_P3=0
HEAT_1_TEMP=25
HEAT_1_DUTY=0
HEAT_1_SP=-20.0
HEAT_2_TEMP=29
HEAT_2_DUTY=0
HEAT_2_SP=-20.0
HEAT_3_TEMP=27
HEAT_3_DUTY=0
HEAT_3_SP=-20.0
HEAT_4_TEMP=32
HEAT_4_DUTY=0
HEAT_4_SP=-20.0
MOTOR_ANGLE=0.0011482558139534885
MOTOR_ACCUM=0.0011482558139534885
MOTOR_ROT=0

[20:27:01.634 CUBESAT]
TS=1786202740.693
PG_5=1
PG_9=0
PG_12=0
FLT_P2=0
FLT_P3=0
HEAT_1_TEMP=0.0
HEAT_1_DUTY=10
HEAT_1_SP=-20.0
ENC_RAW=11651
ENC_ANGLE=256.00341796875
ENC_ACCUM=0.02197265625
AUTO_STOP=1
MOTOR_ANGLE=0.0007558139534883722
MOTOR_ACCUM=0.0007558139534883722
MOTOR_ROT=0

[20:27:01.769 EBOX]
TS=1786201410.974
V_SENSE5=1.15234375
V_SENSE9=0.0390625
V_SENSE12=0.13427734375
ADC_V5=4.920654296875
ADC_V9=9.5050048828125
ADC_V12=11.6998291015625
ADC_V28=28.001708984375
THERMAL_SENS_OUT_1=27
THERMAL_SENS_OUT_2=-50
THERMAL_SENS_OUT_3=26
THERMAL_SENS_OUT_4=30
THERMAL_SENS_OUT_5=30
THERMAL_SENS_OUT_6=-50
THERMAL_SENS_INT_1=24
THERMAL_SENS_INT_2=27
PG_5=0
PG_9=0
PG_12=0
FLT_P2=0
FLT_P3=0
HEAT_1_TEMP=27
HEAT_1_DUTY=0
HEAT_1_SP=-20.0
HEAT_2_TEMP=26
HEAT_2_DUTY=0
HEAT_2_SP=-20.0
HEAT_3_TEMP=30
HEAT_3_DUTY=0
HEAT_3_SP=-20.0
HEAT_4_TEMP=30
HEAT_4_DUTY=0
HEAT_4_SP=-20.0
MOTOR_ANGLE=0.0011482558139534885
MOTOR_ACCUM=0.0011482558139534885
MOTOR_ROT=0

[20:27:03.717 EBOX]
TS=1786201412.977
V_SENSE5=1.14501953125
V_SENSE9=0.03662109375
V_SENSE12=0.1416015625
ADC_V5=4.9560546875
ADC_V9=9.27490234375
ADC_V12=11.82373046875
ADC_V28=27.39990234375
THERMAL_SENS_OUT_1=28
THERMAL_SENS_OUT_2=-50
THERMAL_SENS_OUT_3=28
THERMAL_SENS_OUT_4=26
THERMAL_SENS_OUT_5=30
THERMAL_SENS_OUT_6=-50
THERMAL_SENS_INT_1=26
THERMAL_SENS_INT_2=27
PG_5=0
PG_9=0
PG_12=0
FLT_P2=0
FLT_P3=0
HEAT_1_TEMP=28
HEAT_1_DUTY=0
HEAT_1_SP=-20.0
HEAT_2_TEMP=28
HEAT_2_DUTY=0
HEAT_2_SP=-20.0
HEAT_3_TEMP=26
HEAT_3_DUTY=0
HEAT_3_SP=-20.0
HEAT_4_TEMP=30
HEAT_4_DUTY=0
HEAT_4_SP=-20.0
MOTOR_ANGLE=0.0011482558139534885
MOTOR_ACCUM=0.0011482558139534885
MOTOR_ROT=0

[20:27:04.227 CUBESAT]
TS=1786202742.695
PG_5=1
PG_9=0
PG_12=0
FLT_P2=0
FLT_P3=0
HEAT_1_TEMP=0.0
HEAT_1_DUTY=0
HEAT_1_SP=-20.0
ENC_RAW=11650
ENC_ANGLE=255.9814453125
ENC_ACCUM=0.0
AUTO_STOP=1
MOTOR_ANGLE=0.0007558139534883722
MOTOR_ACCUM=0.0007558139534883722
MOTOR_ROT=0

[20:27:05.638 CUBESAT]
TS=1786202744.697
PG_5=1
PG_9=0
PG_12=0
FLT_P2=0
FLT_P3=0
HEAT_1_TEMP=0.0
HEAT_1_DUTY=0
HEAT_1_SP=-20.0
ENC_RAW=11650
ENC_ANGLE=255.9814453125
ENC_ACCUM=0.0
AUTO_STOP=1
MOTOR_ANGLE=0.0007558139534883722
MOTOR_ACCUM=0.0007558139534883722
MOTOR_ROT=0

[20:27:05.760 EBOX]
TS=1786201414.983
V_SENSE5=1.240234375
V_SENSE9=0.0390625
V_SENSE12=0.1318359375
ADC_V5=5.01800537109375
ADC_V9=9.53155517578125
ADC_V12=11.83258056640625
ADC_V28=27.51495361328125
THERMAL_SENS_OUT_1=23
THERMAL_SENS_OUT_2=-50
THERMAL_SENS_OUT_3=27
THERMAL_SENS_OUT_4=26
THERMAL_SENS_OUT_5=29
THERMAL_SENS_OUT_6=-50
THERMAL_SENS_INT_1=26
THERMAL_SENS_INT_2=29
PG_5=0
PG_9=0
PG_12=0
FLT_P2=0
FLT_P3=0
HEAT_1_TEMP=23
HEAT_1_DUTY=0
HEAT_1_SP=-20.0
HEAT_2_TEMP=27
HEAT_2_DUTY=0
HEAT_2_SP=-20.0
HEAT_3_TEMP=26
HEAT_3_DUTY=0
HEAT_3_SP=-20.0
HEAT_4_TEMP=29
HEAT_4_DUTY=0
HEAT_4_SP=-20.0
MOTOR_ANGLE=0.0011482558139534885
MOTOR_ACCUM=0.0011482558139534885
MOTOR_ROT=0

[20:27:07.703 EBOX]
TS=1786201416.984
V_SENSE5=1.14013671875
V_SENSE9=0.0390625
V_SENSE12=0.13671875
ADC_V5=4.96490478515625
ADC_V9=9.522705078125
ADC_V12=11.788330078125
ADC_V28=27.54150390625
THERMAL_SENS_OUT_1=26
THERMAL_SENS_OUT_2=-50
THERMAL_SENS_OUT_3=26
THERMAL_SENS_OUT_4=28
THERMAL_SENS_OUT_5=31
THERMAL_SENS_OUT_6=-50
THERMAL_SENS_INT_1=26
THERMAL_SENS_INT_2=28
PG_5=0
PG_9=0
PG_12=0
FLT_P2=0
FLT_P3=0
HEAT_1_TEMP=26
HEAT_1_DUTY=0
HEAT_1_SP=-20.0
HEAT_2_TEMP=26
HEAT_2_DUTY=0
HEAT_2_SP=-20.0
HEAT_3_TEMP=28
HEAT_3_DUTY=0
HEAT_3_SP=-20.0
HEAT_4_TEMP=31
HEAT_4_DUTY=0
HEAT_4_SP=-20.0
MOTOR_ANGLE=0.0011482558139534885
MOTOR_ACCUM=0.0011482558139534885
MOTOR_ROT=0

[20:27:07.709 CUBESAT]
TS=1786202746.700
PG_5=1
PG_9=0
PG_12=0
FLT_P2=0
FLT_P3=0
HEAT_1_TEMP=0.0
HEAT_1_DUTY=0
HEAT_1_SP=-20.0
ENC_RAW=11648
ENC_ANGLE=255.9375
ENC_ACCUM=-0.0439453125
AUTO_STOP=1
MOTOR_ANGLE=0.0007558139534883722
MOTOR_ACCUM=0.0007558139534883722
MOTOR_ROT=0

[20:27:09.624 CUBESAT]
TS=1786202748.702
PG_5=1
PG_9=0
PG_12=0
FLT_P2=0
FLT_P3=0
HEAT_1_TEMP=0.0
HEAT_1_DUTY=0
HEAT_1_SP=-20.0
ENC_RAW=11650
ENC_ANGLE=255.9814453125
ENC_ACCUM=0.0
AUTO_STOP=1
MOTOR_ANGLE=0.0007558139534883722
MOTOR_ACCUM=0.0007558139534883722
MOTOR_ROT=0

[20:27:10.048 EBOX]
TS=1786201418.987
V_SENSE5=1.142578125
V_SENSE9=0.03662109375
V_SENSE12=0.13671875
ADC_V5=4.89410400390625
ADC_V9=9.26605224609375
ADC_V12=11.68212890625
ADC_V28=27.69195556640625
THERMAL_SENS_OUT_1=26
THERMAL_SENS_OUT_2=-50
THERMAL_SENS_OUT_3=29
THERMAL_SENS_OUT_4=31
THERMAL_SENS_OUT_5=28
THERMAL_SENS_OUT_6=-50
THERMAL_SENS_INT_1=28
THERMAL_SENS_INT_2=28
PG_5=0
PG_9=0
PG_12=0
FLT_P2=0
FLT_P3=0
HEAT_1_TEMP=26
HEAT_1_DUTY=0
HEAT_1_SP=-20.0
HEAT_2_TEMP=29
HEAT_2_DUTY=0
HEAT_2_SP=-20.0
HEAT_3_TEMP=31
HEAT_3_DUTY=0
HEAT_3_SP=-20.0
HEAT_4_TEMP=28
HEAT_4_DUTY=0
HEAT_4_SP=-20.0
MOTOR_ANGLE=0.0011482558139534885
MOTOR_ACCUM=0.0011482558139534885
MOTOR_ROT=0

[20:27:11.664 CUBESAT]
TS=1786202750.704
PG_5=1
PG_9=0
PG_12=0
FLT_P2=0
FLT_P3=0
HEAT_1_TEMP=0.0
HEAT_1_DUTY=10
HEAT_1_SP=-20.0
ENC_RAW=11651
ENC_ANGLE=256.00341796875
ENC_ACCUM=0.02197265625
AUTO_STOP=1
MOTOR_ANGLE=0.0007558139534883722
MOTOR_ACCUM=0.0007558139534883722
MOTOR_ROT=0

[20:27:11.801 EBOX]
TS=1786201420.991
V_SENSE5=1.2646484375
V_SENSE9=0.0390625
V_SENSE12=0.1416015625
ADC_V5=4.991455078125
ADC_V9=9.41650390625
ADC_V12=11.56707763671875
ADC_V28=28.0548095703125
THERMAL_SENS_OUT_1=29
THERMAL_SENS_OUT_2=-50
THERMAL_SENS_OUT_3=25
THERMAL_SENS_OUT_4=28
THERMAL_SENS_OUT_5=32
THERMAL_SENS_OUT_6=-50
THERMAL_SENS_INT_1=28
THERMAL_SENS_INT_2=26
PG_5=0
PG_9=0
PG_12=0
FLT_P2=0
FLT_P3=0
HEAT_1_TEMP=29
HEAT_1_DUTY=0
HEAT_1_SP=-20.0
HEAT_2_TEMP=25
HEAT_2_DUTY=0
HEAT_2_SP=-20.0
HEAT_3_TEMP=28
HEAT_3_DUTY=0
HEAT_3_SP=-20.0
HEAT_4_TEMP=32
HEAT_4_DUTY=0
HEAT_4_SP=-20.0
MOTOR_ANGLE=0.0011482558139534885
MOTOR_ACCUM=0.0011482558139534885
MOTOR_ROT=0

[20:27:13.634 CUBESAT]
TS=1786202752.706
PG_5=1
PG_9=0
PG_12=0
FLT_P2=0
FLT_P3=0
HEAT_1_TEMP=0.0
HEAT_1_DUTY=0
HEAT_1_SP=-20.0
ENC_RAW=11654
ENC_ANGLE=256.0693359375
ENC_ACCUM=0.087890625
AUTO_STOP=1
MOTOR_ANGLE=0.0007558139534883722
MOTOR_ACCUM=0.0007558139534883722
MOTOR_ROT=0

[20:27:13.758 EBOX]
TS=1786201422.997
V_SENSE5=1.1181640625
V_SENSE9=0.03662109375
V_SENSE12=0.16357421875
ADC_V5=5.08880615234375
ADC_V9=9.37225341796875
ADC_V12=11.8060302734375
ADC_V28=27.9486083984375
THERMAL_SENS_OUT_1=25
THERMAL_SENS_OUT_2=-50
THERMAL_SENS_OUT_3=25
THERMAL_SENS_OUT_4=27
THERMAL_SENS_OUT_5=32
THERMAL_SENS_OUT_6=-50
THERMAL_SENS_INT_1=26
THERMAL_SENS_INT_2=27
PG_5=0
PG_9=0
PG_12=0
FLT_P2=0
FLT_P3=0
HEAT_1_TEMP=25
HEAT_1_DUTY=0
HEAT_1_SP=-20.0
HEAT_2_TEMP=25
HEAT_2_DUTY=0
HEAT_2_SP=-20.0
HEAT_3_TEMP=27
HEAT_3_DUTY=0
HEAT_3_SP=-20.0
HEAT_4_TEMP=32
HEAT_4_DUTY=0
HEAT_4_SP=-20.0
MOTOR_ANGLE=0.0011482558139534885
MOTOR_ACCUM=0.0011482558139534885
MOTOR_ROT=0

[20:27:15.674 CUBESAT]
TS=1786202754.708
PG_5=1
PG_9=0
PG_12=0
FLT_P2=0
FLT_P3=0
HEAT_1_TEMP=0.0
HEAT_1_DUTY=0
HEAT_1_SP=-20.0
ENC_RAW=11651
ENC_ANGLE=256.00341796875
ENC_ACCUM=0.02197265625
AUTO_STOP=1
MOTOR_ANGLE=0.0007558139534883722
MOTOR_ACCUM=0.0007558139534883722
MOTOR_ROT=0

[20:27:15.805 EBOX]
TS=1786201424.998
V_SENSE5=1.12548828125
V_SENSE9=0.0341796875
V_SENSE12=0.13916015625
ADC_V5=4.9737548828125
ADC_V9=9.53155517578125
ADC_V12=11.81488037109375
ADC_V28=28.13446044921875
THERMAL_SENS_OUT_1=23
THERMAL_SENS_OUT_2=-50
THERMAL_SENS_OUT_3=29
THERMAL_SENS_OUT_4=29
THERMAL_SENS_OUT_5=32
THERMAL_SENS_OUT_6=-50
THERMAL_SENS_INT_1=25
THERMAL_SENS_INT_2=29
PG_5=0
PG_9=0
PG_12=0
FLT_P2=0
FLT_P3=0
HEAT_1_TEMP=23
HEAT_1_DUTY=0
HEAT_1_SP=-20.0
HEAT_2_TEMP=29
HEAT_2_DUTY=0
HEAT_2_SP=-20.0
HEAT_3_TEMP=29
HEAT_3_DUTY=0
HEAT_3_SP=-20.0
HEAT_4_TEMP=32
HEAT_4_DUTY=0
HEAT_4_SP=-20.0
MOTOR_ANGLE=0.0011482558139534885
MOTOR_ACCUM=0.0011482558139534885
MOTOR_ROT=0

[20:27:17.745 EBOX]
TS=1786201427.007
V_SENSE5=1.25
V_SENSE9=0.0341796875
V_SENSE12=0.1416015625
ADC_V5=4.920654296875
ADC_V9=9.35455322265625
ADC_V12=11.85028076171875
ADC_V28=28.10791015625
THERMAL_SENS_OUT_1=25
THERMAL_SENS_OUT_2=-50
THERMAL_SENS_OUT_3=26
THERMAL_SENS_OUT_4=28
THERMAL_SENS_OUT_5=32
THERMAL_SENS_OUT_6=-50
THERMAL_SENS_INT_1=29
THERMAL_SENS_INT_2=26
PG_5=0
PG_9=0
PG_12=0
FLT_P2=0
FLT_P3=0
HEAT_1_TEMP=25
HEAT_1_DUTY=0
HEAT_1_SP=-20.0
HEAT_2_TEMP=26
HEAT_2_DUTY=0
HEAT_2_SP=-20.0
HEAT_3_TEMP=28
HEAT_3_DUTY=0
HEAT_3_SP=-20.0
HEAT_4_TEMP=32
HEAT_4_DUTY=0
HEAT_4_SP=-20.0
MOTOR_ANGLE=0.0011482558139534885
MOTOR_ACCUM=0.0011482558139534885
MOTOR_ROT=0

[20:27:17.953 CUBESAT]
TS=1786202756.711
PG_5=1
PG_9=0
PG_12=0
FLT_P2=0
FLT_P3=0
HEAT_1_TEMP=0.0
HEAT_1_DUTY=10
HEAT_1_SP=-20.0
ENC_RAW=11651
ENC_ANGLE=256.00341796875
ENC_ACCUM=0.02197265625
AUTO_STOP=1
MOTOR_ANGLE=0.0007558139534883722
MOTOR_ACCUM=0.0007558139534883722
MOTOR_ROT=0

[20:27:19.668 CUBESAT]
TS=1786202758.713
PG_5=1
PG_9=0
PG_12=0
FLT_P2=0
FLT_P3=0
HEAT_1_TEMP=0.0
HEAT_1_DUTY=0
HEAT_1_SP=-20.0
ENC_RAW=11650
ENC_ANGLE=255.9814453125
ENC_ACCUM=0.0
AUTO_STOP=1
MOTOR_ANGLE=0.0007558139534883722
MOTOR_ACCUM=0.0007558139534883722
MOTOR_ROT=0

[20:27:19.793 EBOX]
TS=1786201429.006
V_SENSE5=1.12060546875
V_SENSE9=0.03662109375
V_SENSE12=0.15380859375
ADC_V5=4.98260498046875
ADC_V9=9.58465576171875
ADC_V12=11.8768310546875
ADC_V28=27.70965576171875
THERMAL_SENS_OUT_1=27
THERMAL_SENS_OUT_2=-50
THERMAL_SENS_OUT_3=27
THERMAL_SENS_OUT_4=26
THERMAL_SENS_OUT_5=32
THERMAL_SENS_OUT_6=-50
THERMAL_SENS_INT_1=28
THERMAL_SENS_INT_2=26
PG_5=0
PG_9=0
PG_12=0
FLT_P2=0
FLT_P3=0
HEAT_1_TEMP=27
HEAT_1_DUTY=0
HEAT_1_SP=-20.0
HEAT_2_TEMP=27
HEAT_2_DUTY=0
HEAT_2_SP=-20.0
HEAT_3_TEMP=26
HEAT_3_DUTY=0
HEAT_3_SP=-20.0
HEAT_4_TEMP=32
HEAT_4_DUTY=0
HEAT_4_SP=-20.0
MOTOR_ANGLE=0.0011482558139534885
MOTOR_ACCUM=0.0011482558139534885
MOTOR_ROT=0

[20:27:21.740 EBOX]
TS=1786201431.008
V_SENSE5=1.12060546875
V_SENSE9=0.03662109375
V_SENSE12=0.12451171875
ADC_V5=4.92950439453125
ADC_V9=9.4342041015625
ADC_V12=11.9122314453125
ADC_V28=27.93975830078125
THERMAL_SENS_OUT_1=29
THERMAL_SENS_OUT_2=-50
THERMAL_SENS_OUT_3=28
THERMAL_SENS_OUT_4=27
THERMAL_SENS_OUT_5=30
THERMAL_SENS_OUT_6=-50
THERMAL_SENS_INT_1=29
THERMAL_SENS_INT_2=26
PG_5=0
PG_9=0
PG_12=0
FLT_P2=0
FLT_P3=0
HEAT_1_TEMP=29
HEAT_1_DUTY=0
HEAT_1_SP=-20.0
HEAT_2_TEMP=28
HEAT_2_DUTY=0
HEAT_2_SP=-20.0
HEAT_3_TEMP=27
HEAT_3_DUTY=0
HEAT_3_SP=-20.0
HEAT_4_TEMP=30
HEAT_4_DUTY=0
HEAT_4_SP=-20.0
MOTOR_ANGLE=0.0011482558139534885
MOTOR_ACCUM=0.0011482558139534885
MOTOR_ROT=0

[20:27:21.747 CUBESAT]
TS=1786202760.715
PG_5=1
PG_9=0
PG_12=0
FLT_P2=0
FLT_P3=0
HEAT_1_TEMP=0.0
HEAT_1_DUTY=0
HEAT_1_SP=-20.0
ENC_RAW=11651
ENC_ANGLE=256.00341796875
ENC_ACCUM=0.02197265625
AUTO_STOP=1
MOTOR_ANGLE=0.0007558139534883722
MOTOR_ACCUM=0.0007558139534883722
MOTOR_ROT=0

[20:27:23.666 CUBESAT]
TS=1786202762.715
PG_5=1
PG_9=0
PG_12=0
FLT_P2=0
FLT_P3=0
HEAT_1_TEMP=0.0
HEAT_1_DUTY=0
HEAT_1_SP=-20.0
ENC_RAW=11649
ENC_ANGLE=255.95947265625
ENC_ACCUM=-0.02197265625
AUTO_STOP=1
MOTOR_ANGLE=0.0007558139534883722
MOTOR_ACCUM=0.0007558139534883722
MOTOR_ROT=0

[20:27:23.782 EBOX]
TS=1786201433.012
V_SENSE5=1.27197265625
V_SENSE9=0.03662109375
V_SENSE12=0.13671875
ADC_V5=5.08880615234375
ADC_V9=9.41650390625
ADC_V12=11.74407958984375
ADC_V28=27.55035400390625
THERMAL_SENS_OUT_1=28
THERMAL_SENS_OUT_2=-50
THERMAL_SENS_OUT_3=28
THERMAL_SENS_OUT_4=30
THERMAL_SENS_OUT_5=31
THERMAL_SENS_OUT_6=-50
THERMAL_SENS_INT_1=24
THERMAL_SENS_INT_2=28
PG_5=0
PG_9=0
PG_12=0
FLT_P2=0
FLT_P3=0
HEAT_1_TEMP=28
HEAT_1_DUTY=0
HEAT_1_SP=-20.0
HEAT_2_TEMP=28
HEAT_2_DUTY=0
HEAT_2_SP=-20.0
HEAT_3_TEMP=30
HEAT_3_DUTY=0
HEAT_3_SP=-20.0
HEAT_4_TEMP=31
HEAT_4_DUTY=0
HEAT_4_SP=-20.0
MOTOR_ANGLE=0.0011482558139534885
MOTOR_ACCUM=0.0011482558139534885
MOTOR_ROT=0

[20:27:25.744 EBOX]
TS=1786201435.014
V_SENSE5=1.1083984375
V_SENSE9=0.0390625
V_SENSE12=0.12451171875
ADC_V5=4.98260498046875
ADC_V9=9.54925537109375
ADC_V12=11.93878173828125
ADC_V28=27.85125732421875
THERMAL_SENS_OUT_1=31
THERMAL_SENS_OUT_2=-50
THERMAL_SENS_OUT_3=29
THERMAL_SENS_OUT_4=26
THERMAL_SENS_OUT_5=31
THERMAL_SENS_OUT_6=-50
THERMAL_SENS_INT_1=25
THERMAL_SENS_INT_2=29
PG_5=0
PG_9=0
PG_12=0
FLT_P2=0
FLT_P3=0
HEAT_1_TEMP=31
HEAT_1_DUTY=0
HEAT_1_SP=-20.0
HEAT_2_TEMP=29
HEAT_2_DUTY=0
HEAT_2_SP=-20.0
HEAT_3_TEMP=26
HEAT_3_DUTY=0
HEAT_3_SP=-20.0
HEAT_4_TEMP=31
HEAT_4_DUTY=0
HEAT_4_SP=-20.0
MOTOR_ANGLE=0.0011482558139534885
MOTOR_ACCUM=0.0011482558139534885
MOTOR_ROT=0

[20:27:25.751 CUBESAT]
TS=1786202764.718
PG_5=1
PG_9=0
PG_12=0
FLT_P2=0
FLT_P3=0
HEAT_1_TEMP=0.0
HEAT_1_DUTY=0
HEAT_1_SP=-20.0
ENC_RAW=11651
ENC_ANGLE=256.00341796875
ENC_ACCUM=0.02197265625
AUTO_STOP=1
MOTOR_ANGLE=0.0007558139534883722
MOTOR_ACCUM=0.0007558139534883722
MOTOR_ROT=0

[20:27:27.665 CUBESAT]
TS=1786202766.725
PG_5=1
PG_9=0
PG_12=0
FLT_P2=0
FLT_P3=0
HEAT_1_TEMP=0.0
HEAT_1_DUTY=10
HEAT_1_SP=-20.0
ENC_RAW=11652
ENC_ANGLE=256.025390625
ENC_ACCUM=0.0439453125
AUTO_STOP=1
MOTOR_ANGLE=0.0007558139534883722
MOTOR_ACCUM=0.0007558139534883722
MOTOR_ROT=0

[20:27:27.795 EBOX]
TS=1786201437.017
V_SENSE5=1.13037109375
V_SENSE9=0.07568359375
V_SENSE12=0.1416015625
ADC_V5=4.88525390625
ADC_V9=9.5404052734375
ADC_V12=11.6644287109375
ADC_V28=27.93975830078125
THERMAL_SENS_OUT_1=27
THERMAL_SENS_OUT_2=-50
THERMAL_SENS_OUT_3=26
THERMAL_SENS_OUT_4=30
THERMAL_SENS_OUT_5=29
THERMAL_SENS_OUT_6=-50
THERMAL_SENS_INT_1=24
THERMAL_SENS_INT_2=26
PG_5=0
PG_9=0
PG_12=0
FLT_P2=0
FLT_P3=0
HEAT_1_TEMP=27
HEAT_1_DUTY=0
HEAT_1_SP=-20.0
HEAT_2_TEMP=26
HEAT_2_DUTY=0
HEAT_2_SP=-20.0
HEAT_3_TEMP=30
HEAT_3_DUTY=0
HEAT_3_SP=-20.0
HEAT_4_TEMP=29
HEAT_4_DUTY=0
HEAT_4_SP=-20.0
MOTOR_ANGLE=0.0011482558139534885
MOTOR_ACCUM=0.0011482558139534885
MOTOR_ROT=0

[20:27:29.744 EBOX]
TS=1786201439.023
V_SENSE5=1.31103515625
V_SENSE9=0.05126953125
V_SENSE12=0.126953125
ADC_V5=4.9737548828125
ADC_V9=9.4342041015625
ADC_V12=11.74407958984375
ADC_V28=27.62115478515625
THERMAL_SENS_OUT_1=29
THERMAL_SENS_OUT_2=-50
THERMAL_SENS_OUT_3=26
THERMAL_SENS_OUT_4=26
THERMAL_SENS_OUT_5=29
THERMAL_SENS_OUT_6=-50
THERMAL_SENS_INT_1=24
THERMAL_SENS_INT_2=26
PG_5=0
PG_9=0
PG_12=0
FLT_P2=0
FLT_P3=0
HEAT_1_TEMP=29
HEAT_1_DUTY=0
HEAT_1_SP=-20.0
HEAT_2_TEMP=26
HEAT_2_DUTY=0
HEAT_2_SP=-20.0
HEAT_3_TEMP=26
HEAT_3_DUTY=0
HEAT_3_SP=-20.0
HEAT_4_TEMP=29
HEAT_4_DUTY=0
HEAT_4_SP=-20.0
MOTOR_ANGLE=0.0011482558139534885
MOTOR_ACCUM=0.0011482558139534885
MOTOR_ROT=0

[20:27:29.747 CUBESAT]
TS=1786202768.727
PG_5=1
PG_9=0
PG_12=0
FLT_P2=0
FLT_P3=0
HEAT_1_TEMP=0.0
HEAT_1_DUTY=0
HEAT_1_SP=-20.0
ENC_RAW=11649
ENC_ANGLE=255.95947265625
ENC_ACCUM=-0.02197265625
AUTO_STOP=1
MOTOR_ANGLE=0.0007558139534883722
MOTOR_ACCUM=0.0007558139534883722
MOTOR_ROT=0

[20:27:31.776 CUBESAT]
TS=1786202770.729
PG_5=1
PG_9=0
PG_12=0
FLT_P2=0
FLT_P3=0
HEAT_1_TEMP=0.0
HEAT_1_DUTY=0
HEAT_1_SP=-20.0
ENC_RAW=11652
ENC_ANGLE=256.025390625
ENC_ACCUM=0.0439453125
AUTO_STOP=1
MOTOR_ANGLE=0.0007558139534883722
MOTOR_ACCUM=0.0007558139534883722
MOTOR_ROT=0

[20:27:31.920 EBOX]
TS=1786201441.024
V_SENSE5=1.13037109375
V_SENSE9=0.0732421875
V_SENSE12=0.11962890625
ADC_V5=4.89410400390625
ADC_V9=9.54925537109375
ADC_V12=11.65557861328125
ADC_V28=28.10791015625
THERMAL_SENS_OUT_1=31
THERMAL_SENS_OUT_2=-50
THERMAL_SENS_OUT_3=29
THERMAL_SENS_OUT_4=27
THERMAL_SENS_OUT_5=31
THERMAL_SENS_OUT_6=-50
THERMAL_SENS_INT_1=24
THERMAL_SENS_INT_2=28
PG_5=0
PG_9=0
PG_12=0
FLT_P2=0
FLT_P3=0
HEAT_1_TEMP=31
HEAT_1_DUTY=0
HEAT_1_SP=-20.0
HEAT_2_TEMP=29
HEAT_2_DUTY=0
HEAT_2_SP=-20.0
HEAT_3_TEMP=27
HEAT_3_DUTY=0
HEAT_3_SP=-20.0
HEAT_4_TEMP=31
HEAT_4_DUTY=0
HEAT_4_SP=-20.0
MOTOR_ANGLE=0.0011482558139534885
MOTOR_ACCUM=0.0011482558139534885
MOTOR_ROT=0

[20:27:33.641 CUBESAT]
TS=1786202772.731
PG_5=1
PG_9=0
PG_12=0
FLT_P2=0
FLT_P3=0
HEAT_1_TEMP=0.0
HEAT_1_DUTY=0
HEAT_1_SP=-20.0
ENC_RAW=11648
ENC_ANGLE=255.9375
ENC_ACCUM=-0.0439453125
AUTO_STOP=1
MOTOR_ANGLE=0.0007558139534883722
MOTOR_ACCUM=0.0007558139534883722
MOTOR_ROT=0

[20:27:33.793 EBOX]
TS=1786201443.027
V_SENSE5=1.11572265625
V_SENSE9=0.03662109375
V_SENSE12=0.1220703125
ADC_V5=4.89410400390625
ADC_V9=9.37225341796875
ADC_V12=11.99188232421875
ADC_V28=27.9840087890625
THERMAL_SENS_OUT_1=31
THERMAL_SENS_OUT_2=-50
THERMAL_SENS_OUT_3=26
THERMAL_SENS_OUT_4=30
THERMAL_SENS_OUT_5=32
THERMAL_SENS_OUT_6=-50
THERMAL_SENS_INT_1=28
THERMAL_SENS_INT_2=26
PG_5=0
PG_9=0
PG_12=0
FLT_P2=0
FLT_P3=0
HEAT_1_TEMP=31
HEAT_1_DUTY=0
HEAT_1_SP=-20.0
HEAT_2_TEMP=26
HEAT_2_DUTY=0
HEAT_2_SP=-20.0
HEAT_3_TEMP=30
HEAT_3_DUTY=0
HEAT_3_SP=-20.0
HEAT_4_TEMP=32
HEAT_4_DUTY=0
HEAT_4_SP=-20.0
MOTOR_ANGLE=0.0011482558139534885
MOTOR_ACCUM=0.0011482558139534885
MOTOR_ROT=0

[20:27:35.734 EBOX]
TS=1786201445.036
V_SENSE5=1.28173828125
V_SENSE9=0.07568359375
V_SENSE12=0.1318359375
ADC_V5=4.9029541015625
ADC_V9=9.26605224609375
ADC_V12=11.70867919921875
ADC_V28=27.7362060546875
THERMAL_SENS_OUT_1=26
THERMAL_SENS_OUT_2=-50
THERMAL_SENS_OUT_3=28
THERMAL_SENS_OUT_4=28
THERMAL_SENS_OUT_5=33
THERMAL_SENS_OUT_6=-50
THERMAL_SENS_INT_1=27
THERMAL_SENS_INT_2=28
PG_5=0
PG_9=0
PG_12=0
FLT_P2=0
FLT_P3=0
HEAT_1_TEMP=26
HEAT_1_DUTY=0
HEAT_1_SP=-20.0
HEAT_2_TEMP=28
HEAT_2_DUTY=0
HEAT_2_SP=-20.0
HEAT_3_TEMP=28
HEAT_3_DUTY=0
HEAT_3_SP=-20.0
HEAT_4_TEMP=33
HEAT_4_DUTY=0
HEAT_4_SP=-20.0
MOTOR_ANGLE=0.0011482558139534885
MOTOR_ACCUM=0.0011482558139534885
MOTOR_ROT=0

[20:27:36.041 CUBESAT]
TS=1786202774.733
PG_5=1
PG_9=0
PG_12=0
FLT_P2=0
FLT_P3=0
HEAT_1_TEMP=0.0
HEAT_1_DUTY=0
HEAT_1_SP=-20.0
ENC_RAW=11648
ENC_ANGLE=255.9375
ENC_ACCUM=-0.0439453125
AUTO_STOP=1
MOTOR_ANGLE=0.0007558139534883722
MOTOR_ACCUM=0.0007558139534883722
MOTOR_ROT=0

[20:27:37.654 CUBESAT]
TS=1786202776.738
PG_5=1
PG_9=0
PG_12=0
FLT_P2=0
FLT_P3=0
HEAT_1_TEMP=0.0
HEAT_1_DUTY=10
HEAT_1_SP=-20.0
ENC_RAW=11651
ENC_ANGLE=256.00341796875
ENC_ACCUM=0.02197265625
AUTO_STOP=1
MOTOR_ANGLE=0.0007558139534883722
MOTOR_ACCUM=0.0007558139534883722
MOTOR_ROT=0

[20:27:37.782 EBOX]
TS=1786201447.036
V_SENSE5=1.14990234375
V_SENSE9=0.0390625
V_SENSE12=0.146484375
ADC_V5=4.9737548828125
ADC_V9=9.31915283203125
ADC_V12=11.86798095703125
ADC_V28=27.54150390625
THERMAL_SENS_OUT_1=27
THERMAL_SENS_OUT_2=-50
THERMAL_SENS_OUT_3=26
THERMAL_SENS_OUT_4=31
THERMAL_SENS_OUT_5=30
THERMAL_SENS_OUT_6=-50
THERMAL_SENS_INT_1=29
THERMAL_SENS_INT_2=27
PG_5=0
PG_9=0
PG_12=0
FLT_P2=0
FLT_P3=0
HEAT_1_TEMP=27
HEAT_1_DUTY=0
HEAT_1_SP=-20.0
HEAT_2_TEMP=26
HEAT_2_DUTY=0
HEAT_2_SP=-20.0
HEAT_3_TEMP=31
HEAT_3_DUTY=0
HEAT_3_SP=-20.0
HEAT_4_TEMP=30
HEAT_4_DUTY=0
HEAT_4_SP=-20.0
MOTOR_ANGLE=0.0011482558139534885
MOTOR_ACCUM=0.0011482558139534885
MOTOR_ROT=0

[20:27:39.698 CUBESAT]
TS=1786202778.740
PG_5=1
PG_9=0
PG_12=0
FLT_P2=0
FLT_P3=0
HEAT_1_TEMP=0.0
HEAT_1_DUTY=0
HEAT_1_SP=-20.0
ENC_RAW=11650
ENC_ANGLE=255.9814453125
ENC_ACCUM=0.0
AUTO_STOP=1
MOTOR_ANGLE=0.0007558139534883722
MOTOR_ACCUM=0.0007558139534883722
MOTOR_ROT=0

[20:27:40.138 EBOX]
TS=1786201449.038
V_SENSE5=1.1572265625
V_SENSE9=0.0390625
V_SENSE12=0.146484375
ADC_V5=5.0091552734375
ADC_V9=9.42535400390625
ADC_V12=11.9122314453125
ADC_V28=27.6300048828125
THERMAL_SENS_OUT_1=27
THERMAL_SENS_OUT_2=-50
THERMAL_SENS_OUT_3=28
THERMAL_SENS_OUT_4=28
THERMAL_SENS_OUT_5=29
THERMAL_SENS_OUT_6=-50
THERMAL_SENS_INT_1=26
THERMAL_SENS_INT_2=30
PG_5=0
PG_9=0
PG_12=0
FLT_P2=0
FLT_P3=0
HEAT_1_TEMP=27
HEAT_1_DUTY=0
HEAT_1_SP=-20.0
HEAT_2_TEMP=28
HEAT_2_DUTY=0
HEAT_2_SP=-20.0
HEAT_3_TEMP=28
HEAT_3_DUTY=0
HEAT_3_SP=-20.0
HEAT_4_TEMP=29
HEAT_4_DUTY=0
HEAT_4_SP=-20.0
MOTOR_ANGLE=0.0011482558139534885
MOTOR_ACCUM=0.0011482558139534885
MOTOR_ROT=0

[20:27:41.650 CUBESAT]
TS=1786202780.741
PG_5=1
PG_9=0
PG_12=0
FLT_P2=0
FLT_P3=0
HEAT_1_TEMP=0.0
HEAT_1_DUTY=0
HEAT_1_SP=-20.0
ENC_RAW=11652
ENC_ANGLE=256.025390625
ENC_ACCUM=0.0439453125
AUTO_STOP=1
MOTOR_ANGLE=0.0007558139534883722
MOTOR_ACCUM=0.0007558139534883722
MOTOR_ROT=0

[20:27:41.776 EBOX]
TS=1786201451.050
V_SENSE5=1.1474609375
V_SENSE9=0.05126953125
V_SENSE12=0.1220703125
ADC_V5=4.88525390625
ADC_V9=9.381103515625
ADC_V12=11.5936279296875
ADC_V28=28.037109375
THERMAL_SENS_OUT_1=33
THERMAL_SENS_OUT_2=-50
THERMAL_SENS_OUT_3=29
THERMAL_SENS_OUT_4=31
THERMAL_SENS_OUT_5=29
THERMAL_SENS_OUT_6=-50
THERMAL_SENS_INT_1=28
THERMAL_SENS_INT_2=27
PG_5=0
PG_9=0
PG_12=0
FLT_P2=0
FLT_P3=0
HEAT_1_TEMP=33
HEAT_1_DUTY=0
HEAT_1_SP=-20.0
HEAT_2_TEMP=29
HEAT_2_DUTY=0
HEAT_2_SP=-20.0
HEAT_3_TEMP=31
HEAT_3_DUTY=0
HEAT_3_SP=-20.0
HEAT_4_TEMP=29
HEAT_4_DUTY=0
HEAT_4_SP=-20.0
MOTOR_ANGLE=0.0011482558139534885
MOTOR_ACCUM=0.0011482558139534885
MOTOR_ROT=0

[20:27:43.692 CUBESAT]
TS=1786202782.742
PG_5=1
PG_9=0
PG_12=0
FLT_P2=0
FLT_P3=0
HEAT_1_TEMP=0.0
HEAT_1_DUTY=0
HEAT_1_SP=-20.0
ENC_RAW=11650
ENC_ANGLE=255.9814453125
ENC_ACCUM=0.0
AUTO_STOP=1
MOTOR_ANGLE=0.0007558139534883722
MOTOR_ACCUM=0.0007558139534883722
MOTOR_ROT=0

[20:27:43.827 EBOX]
TS=1786201453.042
V_SENSE5=1.12060546875
V_SENSE9=0.0341796875
V_SENSE12=0.126953125
ADC_V5=5.00030517578125
ADC_V9=9.3988037109375
ADC_V12=11.74407958984375
ADC_V28=28.01055908203125
THERMAL_SENS_OUT_1=34
THERMAL_SENS_OUT_2=-50
THERMAL_SENS_OUT_3=30
THERMAL_SENS_OUT_4=30
THERMAL_SENS_OUT_5=31
THERMAL_SENS_OUT_6=-50
THERMAL_SENS_INT_1=28
THERMAL_SENS_INT_2=26
PG_5=0
PG_9=0
PG_12=0
FLT_P2=0
FLT_P3=0
HEAT_1_TEMP=34
HEAT_1_DUTY=0
HEAT_1_SP=-20.0
HEAT_2_TEMP=30
HEAT_2_DUTY=0
HEAT_2_SP=-20.0
HEAT_3_TEMP=30
HEAT_3_DUTY=0
HEAT_3_SP=-20.0
HEAT_4_TEMP=31
HEAT_4_DUTY=0
HEAT_4_SP=-20.0
MOTOR_ANGLE=0.0011482558139534885
MOTOR_ACCUM=0.0011482558139534885
MOTOR_ROT=0

[20:27:45.848 CUBESAT]
TS=1786202784.748
PG_5=1
PG_9=0
PG_12=0
FLT_P2=0
FLT_P3=0
HEAT_1_TEMP=0.0
HEAT_1_DUTY=0
HEAT_1_SP=-20.0
ENC_RAW=11653
ENC_ANGLE=256.04736328125
ENC_ACCUM=0.06591796875
AUTO_STOP=1
MOTOR_ANGLE=0.0007558139534883722
MOTOR_ACCUM=0.0007558139534883722
MOTOR_ROT=0

[20:27:45.987 EBOX]
TS=1786201455.044
V_SENSE5=1.123046875
V_SENSE9=0.03662109375
V_SENSE12=0.13671875
ADC_V5=4.9737548828125
ADC_V9=9.0093994140625
ADC_V12=11.646728515625
ADC_V28=28.06365966796875
THERMAL_SENS_OUT_1=27
THERMAL_SENS_OUT_2=-50
THERMAL_SENS_OUT_3=27
THERMAL_SENS_OUT_4=29
THERMAL_SENS_OUT_5=29
THERMAL_SENS_OUT_6=-50
THERMAL_SENS_INT_1=24
THERMAL_SENS_INT_2=29
PG_5=0
PG_9=0
PG_12=0
FLT_P2=0
FLT_P3=0
HEAT_1_TEMP=27
HEAT_1_DUTY=0
HEAT_1_SP=-20.0
HEAT_2_TEMP=27
HEAT_2_DUTY=0
HEAT_2_SP=-20.0
HEAT_3_TEMP=29
HEAT_3_DUTY=0
HEAT_3_SP=-20.0
HEAT_4_TEMP=29
HEAT_4_DUTY=0
HEAT_4_SP=-20.0
MOTOR_ANGLE=0.0011482558139534885
MOTOR_ACCUM=0.0011482558139534885
MOTOR_ROT=0

[20:27:47.702 CUBESAT]
TS=1786202786.751
PG_5=1
PG_9=0
PG_12=0
FLT_P2=0
FLT_P3=0
HEAT_1_TEMP=0.0
HEAT_1_DUTY=0
HEAT_1_SP=-20.0
ENC_RAW=11653
ENC_ANGLE=256.04736328125
ENC_ACCUM=0.06591796875
AUTO_STOP=1
MOTOR_ANGLE=0.0007558139534883722
MOTOR_ACCUM=0.0007558139534883722
MOTOR_ROT=0

[20:27:47.824 EBOX]
TS=1786201457.047
V_SENSE5=1.25244140625
V_SENSE9=0.0341796875
V_SENSE12=0.11962890625
ADC_V5=4.9737548828125
ADC_V9=8.885498046875
ADC_V12=11.8060302734375
ADC_V28=27.8424072265625
THERMAL_SENS_OUT_1=29
THERMAL_SENS_OUT_2=-50
THERMAL_SENS_OUT_3=29
THERMAL_SENS_OUT_4=26
THERMAL_SENS_OUT_5=32
THERMAL_SENS_OUT_6=-50
THERMAL_SENS_INT_1=28
THERMAL_SENS_INT_2=26
PG_5=0
PG_9=0
PG_12=0
FLT_P2=0
FLT_P3=0
HEAT_1_TEMP=29
HEAT_1_DUTY=0
HEAT_1_SP=-20.0
HEAT_2_TEMP=29
HEAT_2_DUTY=0
HEAT_2_SP=-20.0
HEAT_3_TEMP=26
HEAT_3_DUTY=0
HEAT_3_SP=-20.0
HEAT_4_TEMP=32
HEAT_4_DUTY=0
HEAT_4_SP=-20.0
MOTOR_ANGLE=0.0011482558139534885
MOTOR_ACCUM=0.0011482558139534885
MOTOR_ROT=0

[20:27:49.741 CUBESAT]
TS=1786202788.754
PG_5=1
PG_9=0
PG_12=0
FLT_P2=0
FLT_P3=0
HEAT_1_TEMP=0.0
HEAT_1_DUTY=0
HEAT_1_SP=-20.0
ENC_RAW=11652
ENC_ANGLE=256.025390625
ENC_ACCUM=0.0439453125
AUTO_STOP=1
MOTOR_ANGLE=0.0007558139534883722
MOTOR_ACCUM=0.0007558139534883722
MOTOR_ROT=0

[20:27:51.664 CUBESAT]
TS=1786202790.758
PG_5=1
PG_9=0
PG_12=0
FLT_P2=0
FLT_P3=0
HEAT_1_TEMP=0.0
HEAT_1_DUTY=0
HEAT_1_SP=-20.0
ENC_RAW=11654
ENC_ANGLE=256.0693359375
ENC_ACCUM=0.087890625
AUTO_STOP=1
MOTOR_ANGLE=0.0007558139534883722
MOTOR_ACCUM=0.0007558139534883722
MOTOR_ROT=0

[20:27:53.680 CUBESAT]
TS=1786202792.761
PG_5=1
PG_9=0
PG_12=0
FLT_P2=0
FLT_P3=0
HEAT_1_TEMP=0.0
HEAT_1_DUTY=10
HEAT_1_SP=-20.0
ENC_RAW=11654
ENC_ANGLE=256.0693359375
ENC_ACCUM=0.087890625
AUTO_STOP=1
MOTOR_ANGLE=0.0007558139534883722
MOTOR_ACCUM=0.0007558139534883722
MOTOR_ROT=0

[20:27:55.796 CUBESAT]
TS=1786202794.765
PG_5=1
PG_9=0
PG_12=0
FLT_P2=0
FLT_P3=0
HEAT_1_TEMP=0.0
HEAT_1_DUTY=0
HEAT_1_SP=-20.0
ENC_RAW=11653
ENC_ANGLE=256.04736328125
ENC_ACCUM=0.06591796875
AUTO_STOP=1
MOTOR_ANGLE=0.0007558139534883722
MOTOR_ACCUM=0.0007558139534883722
MOTOR_ROT=0

[20:27:58.311 CUBESAT]
TS=1786202796.768
PG_5=1
PG_9=0
PG_12=0
FLT_P2=0
FLT_P3=0
HEAT_1_TEMP=0.0
HEAT_1_DUTY=0
HEAT_1_SP=-20.0
ENC_RAW=11648
ENC_ANGLE=255.9375
ENC_ACCUM=-0.0439453125
AUTO_STOP=1
MOTOR_ANGLE=0.0007558139534883722
MOTOR_ACCUM=0.0007558139534883722
MOTOR_ROT=0

[20:27:59.722 CUBESAT]
TS=1786202798.771
PG_5=1
PG_9=0
PG_12=0
FLT_P2=0
FLT_P3=0
HEAT_1_TEMP=0.0
HEAT_1_DUTY=0
HEAT_1_SP=-20.0
ENC_RAW=11649
ENC_ANGLE=255.95947265625
ENC_ACCUM=-0.02197265625
AUTO_STOP=1
MOTOR_ANGLE=0.0007558139534883722
MOTOR_ACCUM=0.0007558139534883722
MOTOR_ROT=0

[20:28:01.737 CUBESAT]
TS=1786202800.774
PG_5=1
PG_9=0
PG_12=0
FLT_P2=0
FLT_P3=0
HEAT_1_TEMP=0.0
HEAT_1_DUTY=0
HEAT_1_SP=-20.0
ENC_RAW=11651
ENC_ANGLE=256.00341796875
ENC_ACCUM=0.02197265625
AUTO_STOP=1
MOTOR_ANGLE=0.0007558139534883722
MOTOR_ACCUM=0.0007558139534883722
MOTOR_ROT=0

[20:28:03.751 CUBESAT]
TS=1786202802.778
PG_5=1
PG_9=0
PG_12=0
FLT_P2=0
FLT_P3=0
HEAT_1_TEMP=0.0
HEAT_1_DUTY=10
HEAT_1_SP=-20.0
ENC_RAW=11652
ENC_ANGLE=256.025390625
ENC_ACCUM=0.0439453125
AUTO_STOP=1
MOTOR_ANGLE=0.0007558139534883722
MOTOR_ACCUM=0.0007558139534883722
MOTOR_ROT=0

[20:28:05.768 CUBESAT]
TS=1786202804.781
PG_5=1
PG_9=0
PG_12=0
FLT_P2=0
FLT_P3=0
HEAT_1_TEMP=0.0
HEAT_1_DUTY=0
HEAT_1_SP=-20.0
ENC_RAW=11650
ENC_ANGLE=255.9814453125
ENC_ACCUM=0.0
AUTO_STOP=1
MOTOR_ANGLE=0.0007558139534883722
MOTOR_ACCUM=0.0007558139534883722
MOTOR_ROT=0

[20:28:07.983 CUBESAT]
TS=1786202806.784
PG_5=1
PG_9=0
PG_12=0
FLT_P2=0
FLT_P3=0
HEAT_1_TEMP=0.0
HEAT_1_DUTY=0
HEAT_1_SP=-20.0
ENC_RAW=11648
ENC_ANGLE=255.9375
ENC_ACCUM=-0.0439453125
AUTO_STOP=1
MOTOR_ANGLE=0.0007558139534883722
MOTOR_ACCUM=0.0007558139534883722
MOTOR_ROT=0

[20:28:09.703 CUBESAT]
TS=1786202808.786
PG_5=1
PG_9=0
PG_12=0
FLT_P2=0
FLT_P3=0
HEAT_1_TEMP=0.0
HEAT_1_DUTY=0
HEAT_1_SP=-20.0
ENC_RAW=11648
ENC_ANGLE=255.9375
ENC_ACCUM=-0.0439453125
AUTO_STOP=1
MOTOR_ANGLE=0.0007558139534883722
MOTOR_ACCUM=0.0007558139534883722
MOTOR_ROT=0

[20:28:11.721 CUBESAT]
TS=1786202810.791
PG_5=1
PG_9=0
PG_12=0
FLT_P2=0
FLT_P3=0
HEAT_1_TEMP=0.0
HEAT_1_DUTY=0
HEAT_1_SP=-20.0
ENC_RAW=11651
ENC_ANGLE=256.00341796875
ENC_ACCUM=0.02197265625
AUTO_STOP=1
MOTOR_ANGLE=0.0007558139534883722
MOTOR_ACCUM=0.0007558139534883722
MOTOR_ROT=0

[20:28:13.740 CUBESAT]
TS=1786202812.793
PG_5=1
PG_9=0
PG_12=0
FLT_P2=0
FLT_P3=0
HEAT_1_TEMP=0.0
HEAT_1_DUTY=10
HEAT_1_SP=-20.0
ENC_RAW=11651
ENC_ANGLE=256.00341796875
ENC_ACCUM=0.02197265625
AUTO_STOP=1
MOTOR_ANGLE=0.0007558139534883722
MOTOR_ACCUM=0.0007558139534883722
MOTOR_ROT=0

[20:28:15.758 CUBESAT]
TS=1786202814.795
PG_5=1
PG_9=0
PG_12=0
FLT_P2=0
FLT_P3=0
HEAT_1_TEMP=0.0
HEAT_1_DUTY=0
HEAT_1_SP=-20.0
ENC_RAW=11652
ENC_ANGLE=256.025390625
ENC_ACCUM=0.0439453125
AUTO_STOP=1
MOTOR_ANGLE=0.0007558139534883722
MOTOR_ACCUM=0.0007558139534883722
MOTOR_ROT=0

[20:28:17.775 CUBESAT]
TS=1786202816.798
PG_5=1
PG_9=0
PG_12=0
FLT_P2=0
FLT_P3=0
HEAT_1_TEMP=0.0
HEAT_1_DUTY=0
HEAT_1_SP=-20.0
ENC_RAW=11652
ENC_ANGLE=256.025390625
ENC_ACCUM=0.0439453125
AUTO_STOP=1
MOTOR_ANGLE=0.0007558139534883722
MOTOR_ACCUM=0.0007558139534883722
MOTOR_ROT=0

[20:28:19.792 CUBESAT]
TS=1786202818.801
PG_5=1
PG_9=0
PG_12=0
FLT_P2=0
FLT_P3=0
HEAT_1_TEMP=0.0
HEAT_1_DUTY=0
HEAT_1_SP=-20.0
ENC_RAW=11652
ENC_ANGLE=256.025390625
ENC_ACCUM=0.0439453125
AUTO_STOP=1
MOTOR_ANGLE=0.0007558139534883722
MOTOR_ACCUM=0.0007558139534883722
MOTOR_ROT=0

[20:28:22.013 CUBESAT]
TS=1786202820.805
PG_5=1
PG_9=0
PG_12=0
FLT_P2=0
FLT_P3=0
HEAT_1_TEMP=0.0
HEAT_1_DUTY=0
HEAT_1_SP=-20.0
ENC_RAW=11650
ENC_ANGLE=255.9814453125
ENC_ACCUM=0.0
AUTO_STOP=1
MOTOR_ANGLE=0.0007558139534883722
MOTOR_ACCUM=0.0007558139534883722
MOTOR_ROT=0

[20:28:23.729 CUBESAT]
TS=1786202822.808
PG_5=1
PG_9=0
PG_12=0
FLT_P2=0
FLT_P3=0
HEAT_1_TEMP=0.0
HEAT_1_DUTY=0
HEAT_1_SP=-20.0
ENC_RAW=11653
ENC_ANGLE=256.04736328125
ENC_ACCUM=0.06591796875
AUTO_STOP=1
MOTOR_ANGLE=0.0007558139534883722
MOTOR_ACCUM=0.0007558139534883722
MOTOR_ROT=0

[20:28:26.050 CUBESAT]
TS=1786202824.811
PG_5=1
PG_9=0
PG_12=0
FLT_P2=0
FLT_P3=0
HEAT_1_TEMP=0.0
HEAT_1_DUTY=0
HEAT_1_SP=-20.0
ENC_RAW=11650
ENC_ANGLE=255.9814453125
ENC_ACCUM=0.0
AUTO_STOP=1
MOTOR_ANGLE=0.0007558139534883722
MOTOR_ACCUM=0.0007558139534883722
MOTOR_ROT=0

[20:28:27.766 CUBESAT]
TS=1786202826.814
PG_5=1
PG_9=0
PG_12=0
FLT_P2=0
FLT_P3=0
HEAT_1_TEMP=0.0
HEAT_1_DUTY=0
HEAT_1_SP=-20.0
ENC_RAW=11651
ENC_ANGLE=256.00341796875
ENC_ACCUM=0.02197265625
AUTO_STOP=1
MOTOR_ANGLE=0.0007558139534883722
MOTOR_ACCUM=0.0007558139534883722
MOTOR_ROT=0

[20:28:29.883 CUBESAT]
TS=1786202828.817
PG_5=1
PG_9=0
PG_12=0
FLT_P2=0
FLT_P3=0
HEAT_1_TEMP=0.0
HEAT_1_DUTY=10
HEAT_1_SP=-20.0
ENC_RAW=11650
ENC_ANGLE=255.9814453125
ENC_ACCUM=0.0
AUTO_STOP=1
MOTOR_ANGLE=0.0007558139534883722
MOTOR_ACCUM=0.0007558139534883722
MOTOR_ROT=0

[20:28:33.930 CUBESAT]
TS=1786202830.821
PG_5=1
PG_9=0
PG_12=0
FLT_P2=0
FLT_P3=0
HEAT_1_TEMP=0.0
HEAT_1_DUTY=0
HEAT_1_SP=-20.0
ENC_RAW=11651
ENC_ANGLE=256.00341796875
ENC_ACCUM=0.02197265625
AUTO_STOP=1
MOTOR_ANGLE=0.0007558139534883722
MOTOR_ACCUM=0.0007558139534883722
MOTOR_ROT=0
TS=1786202832.824
PG_5=1
PG_9=0
PG_12=0
FLT_P2=0
FLT_P3=0
HEAT_1_TEMP=0.0
HEAT_1_DUTY=0
HEAT_1_SP=-20.0
ENC_RAW=11654
ENC_ANGLE=256.0693359375
ENC_ACCUM=0.087890625
AUTO_STOP=1
MOTOR_ANGLE=0.0007558139534883722
MOTOR_ACCUM=0.0007558139534883722
MOTOR_ROT=0

[20:28:36.062 CUBESAT]
TS=1786202834.828
PG_5=1
PG_9=0
PG_12=0
FLT_P2=0
FLT_P3=0
HEAT_1_TEMP=0.0
HEAT_1_DUTY=0
HEAT_1_SP=-20.0
ENC_RAW=11651
ENC_ANGLE=256.00341796875
ENC_ACCUM=0.02197265625
AUTO_STOP=1
MOTOR_ANGLE=0.0007558139534883722
MOTOR_ACCUM=0.0007558139534883722
MOTOR_ROT=0

[20:28:37.786 CUBESAT]
TS=1786202836.830
PG_5=1
PG_9=0
PG_12=0
FLT_P2=0
FLT_P3=0
HEAT_1_TEMP=0.0
HEAT_1_DUTY=0
HEAT_1_SP=-20.0
ENC_RAW=11652
ENC_ANGLE=256.025390625
ENC_ACCUM=0.0439453125
AUTO_STOP=1
MOTOR_ANGLE=0.0007558139534883722
MOTOR_ACCUM=0.0007558139534883722
MOTOR_ROT=0

[20:28:40.322 CUBESAT]
TS=1786202838.831
PG_5=1
PG_9=0
PG_12=0
FLT_P2=0
FLT_P3=0
HEAT_1_TEMP=0.0
HEAT_1_DUTY=10
HEAT_1_SP=-20.0
ENC_RAW=11651
ENC_ANGLE=256.00341796875
ENC_ACCUM=0.02197265625
AUTO_STOP=1
MOTOR_ANGLE=0.0007558139534883722
MOTOR_ACCUM=0.0007558139534883722
MOTOR_ROT=0

[20:28:41.741 CUBESAT]
TS=1786202840.835
PG_5=1
PG_9=0
PG_12=0
FLT_P2=0
FLT_P3=0
HEAT_1_TEMP=0.0
HEAT_1_DUTY=0
HEAT_1_SP=-20.0
ENC_RAW=11650
ENC_ANGLE=255.9814453125
ENC_ACCUM=0.0
AUTO_STOP=1
MOTOR_ANGLE=0.0007558139534883722
MOTOR_ACCUM=0.0007558139534883722
MOTOR_ROT=0

[20:28:44.770 CUBESAT]
TS=1786202842.837
PG_5=1
PG_9=0
PG_12=0
FLT_P2=0
FLT_P3=0
HEAT_1_TEMP=0.0
HEAT_1_DUTY=0
HEAT_1_SP=-20.0
ENC_RAW=11651
ENC_ANGLE=256.00341796875
ENC_ACCUM=0.02197265625
AUTO_STOP=1
MOTOR_ANGLE=0.0007558139534883722
MOTOR_ACCUM=0.0007558139534883722
MOTOR_ROT=0

[20:28:48.407 CUBESAT]
TS=1786202844.841
PG_5=1
PG_9=0
PG_12=0
FLT_P2=0
FLT_P3=0
HEAT_1_TEMP=0.0
HEAT_1_DUTY=0
HEAT_1_SP=-20.0
ENC_RAW=11651
ENC_ANGLE=256.00341796875
ENC_ACCUM=0.02197265625
AUTO_STOP=1
MOTOR_ANGLE=0.0007558139534883722
MOTOR_ACCUM=0.0007558139534883722
MOTOR_ROT=0

[20:28:50.227 CUBESAT]
TS=1786202846.848
PG_5=1
PG_9=0
PG_12=0
FLT_P2=0
FLT_P3=0
HEAT_1_TEMP=0.0
HEAT_1_DUTY=0
HEAT_1_SP=-20.0
ENC_RAW=11650
ENC_ANGLE=255.9814453125
ENC_ACCUM=0.0
AUTO_STOP=1
MOTOR_ANGLE=0.0007558139534883722
MOTOR_ACCUM=0.0007558139534883722
MOTOR_ROT=0

[20:28:51.444 CUBESAT]
TS=1786202848.850
PG_5=1
PG_9=0
PG_12=0
FLT_P2=0
FLT_P3=0
HEAT_1_TEMP=0.0
HEAT_1_DUTY=10
HEAT_1_SP=-20.0
ENC_RAW=11651
ENC_ANGLE=256.00341796875
ENC_ACCUM=0.02197265625
AUTO_STOP=1
MOTOR_ANGLE=0.0007558139534883722
MOTOR_ACCUM=0.0007558139534883722
MOTOR_ROT=0

[20:28:51.756 CUBESAT]
TS=1786202850.855
PG_5=1
PG_9=0
PG_12=0
FLT_P2=0
FLT_P3=0
HEAT_1_TEMP=0.0
HEAT_1_DUTY=0
HEAT_1_SP=-20.0
ENC_RAW=11651
ENC_ANGLE=256.00341796875
ENC_ACCUM=0.02197265625
AUTO_STOP=1
MOTOR_ANGLE=0.0007558139534883722
MOTOR_ACCUM=0.0007558139534883722
MOTOR_ROT=0

[20:28:55.388 CUBESAT]
TS=1786202852.855
PG_5=1
PG_9=0
PG_12=0
FLT_P2=0
FLT_P3=0
HEAT_1_TEMP=0.0
HEAT_1_DUTY=0
HEAT_1_SP=-20.0
ENC_RAW=11650
ENC_ANGLE=255.9814453125
ENC_ACCUM=0.0
AUTO_STOP=1
MOTOR_ANGLE=0.0007558139534883722
MOTOR_ACCUM=0.0007558139534883722
MOTOR_ROT=0

[20:28:58.210 CUBESAT]
TS=1786202854.858
PG_5=1
PG_9=0
PG_12=0
FLT_P2=0
FLT_P3=0
HEAT_1_TEMP=0.0
HEAT_1_DUTY=10
HEAT_1_SP=-20.0
ENC_RAW=11653
ENC_ANGLE=256.04736328125
ENC_ACCUM=0.06591796875
AUTO_STOP=1
MOTOR_ANGLE=0.0007558139534883722
MOTOR_ACCUM=0.0007558139534883722
MOTOR_ROT=0

[20:29:00.531 CUBESAT]
TS=1786202856.861
PG_5=1
PG_9=0
PG_12=0
FLT_P2=0
FLT_P3=0
HEAT_1_TEMP=0.0
HEAT_1_DUTY=0
HEAT_1_SP=-20.0
ENC_RAW=11653
ENC_ANGLE=256.04736328125
ENC_ACCUM=0.06591796875
AUTO_STOP=1
MOTOR_ANGLE=0.0007558139534883722
MOTOR_ACCUM=0.0007558139534883722
MOTOR_ROT=0

[20:29:00.939 CUBESAT]
TS=1786202858.865
PG_5=1
PG_9=0
PG_12=0
FLT_P2=0
FLT_P3=0
HEAT_1_TEMP=0.0
HEAT_1_DUTY=0
HEAT_1_SP=-20.0
ENC_RAW=11646
ENC_ANGLE=255.8935546875
ENC_ACCUM=-0.087890625
AUTO_STOP=1
MOTOR_ANGLE=0.0007558139534883722
MOTOR_ACCUM=0.0007558139534883722
MOTOR_ROT=0

[20:29:02.856 CUBESAT]
TS=1786202860.868
PG_5=1
PG_9=0
PG_12=0
FLT_P2=0
FLT_P3=0
HEAT_1_TEMP=0.0
HEAT_1_DUTY=0
HEAT_1_SP=-20.0
ENC_RAW=11651
ENC_ANGLE=256.00341796875
ENC_ACCUM=0.02197265625
AUTO_STOP=1
MOTOR_ANGLE=0.0007558139534883722
MOTOR_ACCUM=0.0007558139534883722
MOTOR_ROT=0

[20:29:05.076 CUBESAT]
TS=1786202862.871
PG_5=1
PG_9=0
PG_12=0
FLT_P2=0
FLT_P3=0
HEAT_1_TEMP=0.0
HEAT_1_DUTY=0
HEAT_1_SP=-20.0
ENC_RAW=11649
ENC_ANGLE=255.95947265625
ENC_ACCUM=-0.02197265625
AUTO_STOP=1
MOTOR_ANGLE=0.0007558139534883722
MOTOR_ACCUM=0.0007558139534883722
MOTOR_ROT=0

[20:29:06.597 CUBESAT]
TS=1786202864.874
PG_5=1
PG_9=0
PG_12=0
FLT_P2=0
FLT_P3=0
HEAT_1_TEMP=0.0
HEAT_1_DUTY=10
HEAT_1_SP=-20.0
ENC_RAW=11649
ENC_ANGLE=255.95947265625
ENC_ACCUM=-0.02197265625
AUTO_STOP=1
MOTOR_ANGLE=0.0007558139534883722
MOTOR_ACCUM=0.0007558139534883722
MOTOR_ROT=0

[20:29:08.016 CUBESAT]
TS=1786202866.878
PG_5=1
PG_9=0
PG_12=0
FLT_P2=0
FLT_P3=0
HEAT_1_TEMP=0.0
HEAT_1_DUTY=0
HEAT_1_SP=-20.0
ENC_RAW=11649
ENC_ANGLE=255.95947265625
ENC_ACCUM=-0.02197265625
AUTO_STOP=1
MOTOR_ANGLE=0.0007558139534883722
MOTOR_ACCUM=0.0007558139534883722
MOTOR_ROT=0

[20:29:09.845 CUBESAT]
TS=1786202868.881
PG_5=1
PG_9=0
PG_12=0
FLT_P2=0
FLT_P3=0
HEAT_1_TEMP=0.0
HEAT_1_DUTY=0
HEAT_1_SP=-20.0
ENC_RAW=11651
ENC_ANGLE=256.00341796875
ENC_ACCUM=0.02197265625
AUTO_STOP=1
MOTOR_ANGLE=0.0007558139534883722
MOTOR_ACCUM=0.0007558139534883722
MOTOR_ROT=0

[20:29:11.860 CUBESAT]
TS=1786202870.884
PG_5=1
PG_9=0
PG_12=0
FLT_P2=0
FLT_P3=0
HEAT_1_TEMP=0.0
HEAT_1_DUTY=0
HEAT_1_SP=-20.0
ENC_RAW=11652
ENC_ANGLE=256.025390625
ENC_ACCUM=0.0439453125
AUTO_STOP=1
MOTOR_ANGLE=0.0007558139534883722
MOTOR_ACCUM=0.0007558139534883722
MOTOR_ROT=0

[20:29:13.877 CUBESAT]
TS=1786202872.888
PG_5=1
PG_9=0
PG_12=0
FLT_P2=0
FLT_P3=0
HEAT_1_TEMP=0.0
HEAT_1_DUTY=0
HEAT_1_SP=-20.0
ENC_RAW=11652
ENC_ANGLE=256.025390625
ENC_ACCUM=0.0439453125
AUTO_STOP=1
MOTOR_ANGLE=0.0007558139534883722
MOTOR_ACCUM=0.0007558139534883722
MOTOR_ROT=0

[20:29:15.797 CUBESAT]
TS=1786202874.891
PG_5=1
PG_9=0
PG_12=0
FLT_P2=0
FLT_P3=0
HEAT_1_TEMP=0.0
HEAT_1_DUTY=10
HEAT_1_SP=-20.0
ENC_RAW=11651
ENC_ANGLE=256.00341796875
ENC_ACCUM=0.02197265625
AUTO_STOP=1
MOTOR_ANGLE=0.0007558139534883722
MOTOR_ACCUM=0.0007558139534883722
MOTOR_ROT=0

[20:29:17.818 CUBESAT]
TS=1786202876.894
PG_5=1
PG_9=0
PG_12=0
FLT_P2=0
FLT_P3=0
HEAT_1_TEMP=0.0
HEAT_1_DUTY=0
HEAT_1_SP=-20.0
ENC_RAW=11650
ENC_ANGLE=255.9814453125
ENC_ACCUM=0.0
AUTO_STOP=1
MOTOR_ANGLE=0.0007558139534883722
MOTOR_ACCUM=0.0007558139534883722
MOTOR_ROT=0

[20:29:21.040 CUBESAT]
TS=1786202878.898
PG_5=1
PG_9=0
PG_12=0
FLT_P2=0
FLT_P3=0
HEAT_1_TEMP=0.0
HEAT_1_DUTY=0
HEAT_1_SP=-20.0
ENC_RAW=11653
ENC_ANGLE=256.04736328125
ENC_ACCUM=0.06591796875
AUTO_STOP=1
MOTOR_ANGLE=0.0007558139534883722
MOTOR_ACCUM=0.0007558139534883722
MOTOR_ROT=0

[20:29:21.851 CUBESAT]
TS=1786202880.901
PG_5=1
PG_9=0
PG_12=0
FLT_P2=0
FLT_P3=0
HEAT_1_TEMP=0.0
HEAT_1_DUTY=0
HEAT_1_SP=-20.0
ENC_RAW=11650
ENC_ANGLE=255.9814453125
ENC_ACCUM=0.0
AUTO_STOP=1
MOTOR_ANGLE=0.0007558139534883722
MOTOR_ACCUM=0.0007558139534883722
MOTOR_ROT=0

[20:29:23.867 CUBESAT]
TS=1786202882.904
PG_5=1
PG_9=0
PG_12=0
FLT_P2=0
FLT_P3=0
HEAT_1_TEMP=0.0
HEAT_1_DUTY=0
HEAT_1_SP=-20.0
ENC_RAW=11647
ENC_ANGLE=255.91552734375
ENC_ACCUM=-0.06591796875
AUTO_STOP=1
MOTOR_ANGLE=0.0007558139534883722
MOTOR_ACCUM=0.0007558139534883722
MOTOR_ROT=0

[20:33:30.157 EBOX]
TS=1786200735.135
V_SENSE5=0.8837890625
V_SENSE9=0.0390625
V_SENSE12=0.126953125
ADC_V5=4.991455078125
ADC_V9=9.47845458984375
ADC_V12=11.54937744140625
ADC_V28=27.81585693359375
THERMAL_SENS_OUT_1=32
THERMAL_SENS_OUT_2=-50
THERMAL_SENS_OUT_3=31
THERMAL_SENS_OUT_4=28
THERMAL_SENS_OUT_5=33
THERMAL_SENS_OUT_6=-50
THERMAL_SENS_INT_1=29
THERMAL_SENS_INT_2=28
PG_5=0
PG_9=0
PG_12=0
FLT_P2=0
FLT_P3=0
HEAT_1_TEMP=32
HEAT_1_DUTY=0
HEAT_1_SP=-20.0
HEAT_2_TEMP=31
HEAT_2_DUTY=0
HEAT_2_SP=-20.0
HEAT_3_TEMP=28
HEAT_3_DUTY=0
HEAT_3_SP=-20.0
HEAT_4_TEMP=33
HEAT_4_DUTY=0
HEAT_4_SP=-20.0
MOTOR_ANGLE=0.0011482558139534885
MOTOR_ACCUM=0.0011482558139534885
MOTOR_ROT=0

[20:33:31.159 CUBESAT]
TS=1786203130.214
PG_5=1
PG_9=0
PG_12=0
FLT_P2=0
FLT_P3=0
HEAT_1_TEMP=0.0
HEAT_1_DUTY=0
HEAT_1_SP=-20.0
ENC_RAW=11648
ENC_ANGLE=255.9375
ENC_ACCUM=-0.0439453125
AUTO_STOP=1
MOTOR_ANGLE=0.0007558139534883722
MOTOR_ACCUM=0.0007558139534883722
MOTOR_ROT=0

[20:33:32.197 EBOX]
TS=1786200737.138
V_SENSE5=0.859375
V_SENSE9=0.03662109375
V_SENSE12=0.13916015625
ADC_V5=5.00030517578125
ADC_V9=9.5050048828125
ADC_V12=11.72637939453125
ADC_V28=27.293701171875
THERMAL_SENS_OUT_1=28
THERMAL_SENS_OUT_2=-50
THERMAL_SENS_OUT_3=27
THERMAL_SENS_OUT_4=32
THERMAL_SENS_OUT_5=31
THERMAL_SENS_OUT_6=-50
THERMAL_SENS_INT_1=26
THERMAL_SENS_INT_2=31
PG_5=0
PG_9=0
PG_12=0
FLT_P2=0
FLT_P3=0
HEAT_1_TEMP=28
HEAT_1_DUTY=0
HEAT_1_SP=-20.0
HEAT_2_TEMP=27
HEAT_2_DUTY=0
HEAT_2_SP=-20.0
HEAT_3_TEMP=32
HEAT_3_DUTY=0
HEAT_3_SP=-20.0
HEAT_4_TEMP=31
HEAT_4_DUTY=0
HEAT_4_SP=-20.0
MOTOR_ANGLE=0.0011482558139534885
MOTOR_ACCUM=0.0011482558139534885
MOTOR_ROT=0

[20:33:33.175 CUBESAT]
TS=1786203132.214
PG_5=1
PG_9=0
PG_12=0
FLT_P2=0
FLT_P3=0
HEAT_1_TEMP=0.0
HEAT_1_DUTY=10
HEAT_1_SP=-20.0
ENC_RAW=11654
ENC_ANGLE=256.0693359375
ENC_ACCUM=0.087890625
AUTO_STOP=1
MOTOR_ANGLE=0.0007558139534883722
MOTOR_ACCUM=0.0007558139534883722
MOTOR_ROT=0

[20:33:34.160 EBOX]
TS=1786200739.142
V_SENSE5=0.87158203125
V_SENSE9=0.0341796875
V_SENSE12=0.11474609375
ADC_V5=4.920654296875
ADC_V9=8.91204833984375
ADC_V12=11.65557861328125
ADC_V28=27.576904296875
THERMAL_SENS_OUT_1=25
THERMAL_SENS_OUT_2=-50
THERMAL_SENS_OUT_3=25
THERMAL_SENS_OUT_4=27
THERMAL_SENS_OUT_5=28
THERMAL_SENS_OUT_6=-50
THERMAL_SENS_INT_1=30
THERMAL_SENS_INT_2=31
PG_5=0
PG_9=0
PG_12=0
FLT_P2=0
FLT_P3=0
HEAT_1_TEMP=25
HEAT_1_DUTY=0
HEAT_1_SP=-20.0
HEAT_2_TEMP=25
HEAT_2_DUTY=0
HEAT_2_SP=-20.0
HEAT_3_TEMP=27
HEAT_3_DUTY=0
HEAT_3_SP=-20.0
HEAT_4_TEMP=28
HEAT_4_DUTY=0
HEAT_4_SP=-20.0
MOTOR_ANGLE=0.0011482558139534885
MOTOR_ACCUM=0.0011482558139534885
MOTOR_ROT=0

[20:33:35.339 CUBESAT]
TS=1786203134.215
PG_5=1
PG_9=0
PG_12=0
FLT_P2=0
FLT_P3=0
HEAT_1_TEMP=0.0
HEAT_1_DUTY=0
HEAT_1_SP=-20.0
ENC_RAW=11653
ENC_ANGLE=256.04736328125
ENC_ACCUM=0.06591796875
AUTO_STOP=1
MOTOR_ANGLE=0.0007558139534883722
MOTOR_ACCUM=0.0007558139534883722
MOTOR_ROT=0

[20:33:36.302 EBOX]
TS=1786200741.135
V_SENSE5=0.94970703125
V_SENSE9=0.0390625
V_SENSE12=0.126953125
ADC_V5=5.08880615234375
ADC_V9=8.9208984375
ADC_V12=11.74407958984375
ADC_V28=27.93975830078125
THERMAL_SENS_OUT_1=29
THERMAL_SENS_OUT_2=-50
THERMAL_SENS_OUT_3=28
THERMAL_SENS_OUT_4=31
THERMAL_SENS_OUT_5=29
THERMAL_SENS_OUT_6=-50
THERMAL_SENS_INT_1=29
THERMAL_SENS_INT_2=27
PG_5=0
PG_9=0
PG_12=0
FLT_P2=0
FLT_P3=0
HEAT_1_TEMP=29
HEAT_1_DUTY=0
HEAT_1_SP=-20.0
HEAT_2_TEMP=28
HEAT_2_DUTY=0
HEAT_2_SP=-20.0
HEAT_3_TEMP=31
HEAT_3_DUTY=0
HEAT_3_SP=-20.0
HEAT_4_TEMP=29
HEAT_4_DUTY=0
HEAT_4_SP=-20.0
MOTOR_ANGLE=0.0011482558139534885
MOTOR_ACCUM=0.0011482558139534885
MOTOR_ROT=0

[20:33:39.676 CUBESAT]
TS=1786203136.218
PG_5=1
PG_9=0
PG_12=0
FLT_P2=0
FLT_P3=0
HEAT_1_TEMP=0.0
HEAT_1_DUTY=0
HEAT_1_SP=-20.0
ENC_RAW=11651
ENC_ANGLE=256.00341796875
ENC_ACCUM=0.02197265625
AUTO_STOP=1
MOTOR_ANGLE=0.0007558139534883722
MOTOR_ACCUM=0.0007558139534883722
MOTOR_ROT=0

[20:33:39.853 EBOX]
TS=1786200743.138
V_SENSE5=1.15478515625
V_SENSE9=0.0390625
V_SENSE12=0.14404296875
ADC_V5=4.91180419921875
ADC_V9=9.03594970703125
ADC_V12=11.8768310546875
ADC_V28=27.82470703125
THERMAL_SENS_OUT_1=30
THERMAL_SENS_OUT_2=-50
THERMAL_SENS_OUT_3=30
THERMAL_SENS_OUT_4=28
THERMAL_SENS_OUT_5=29
THERMAL_SENS_OUT_6=-50
THERMAL_SENS_INT_1=29
THERMAL_SENS_INT_2=29
PG_5=0
PG_9=0
PG_12=0
FLT_P2=0
FLT_P3=0
HEAT_1_TEMP=30
HEAT_1_DUTY=0
HEAT_1_SP=-20.0
HEAT_2_TEMP=30
HEAT_2_DUTY=0
HEAT_2_SP=-20.0
HEAT_3_TEMP=28
HEAT_3_DUTY=0
HEAT_3_SP=-20.0
HEAT_4_TEMP=29
HEAT_4_DUTY=0
HEAT_4_SP=-20.0
MOTOR_ANGLE=0.0011482558139534885
MOTOR_ACCUM=0.0011482558139534885
MOTOR_ROT=0

[20:33:42.293 EBOX]
TS=1786200745.156
V_SENSE5=1.064453125
V_SENSE9=0.07568359375
V_SENSE12=0.1416015625
ADC_V5=5.08880615234375
ADC_V9=8.82354736328125
ADC_V12=11.54937744140625
ADC_V28=27.32025146484375
THERMAL_SENS_OUT_1=27
THERMAL_SENS_OUT_2=-50
THERMAL_SENS_OUT_3=31
THERMAL_SENS_OUT_4=31
THERMAL_SENS_OUT_5=33
THERMAL_SENS_OUT_6=-50
THERMAL_SENS_INT_1=29
THERMAL_SENS_INT_2=31
PG_5=0
PG_9=0
PG_12=0
FLT_P2=0
FLT_P3=0
HEAT_1_TEMP=27
HEAT_1_DUTY=0
HEAT_1_SP=-20.0
HEAT_2_TEMP=31
HEAT_2_DUTY=0
HEAT_2_SP=-20.0
HEAT_3_TEMP=31
HEAT_3_DUTY=0
HEAT_3_SP=-20.0
HEAT_4_TEMP=33
HEAT_4_DUTY=0
HEAT_4_SP=-20.0
MOTOR_ANGLE=0.0011482558139534885
MOTOR_ACCUM=0.0011482558139534885
MOTOR_ROT=0

[20:33:43.453 EBOX]
TS=1786200747.142
V_SENSE5=1.1376953125
V_SENSE9=0.03662109375
V_SENSE12=0.13916015625
ADC_V5=4.87640380859375
ADC_V9=8.99169921875
ADC_V12=11.859130859375
ADC_V28=27.62115478515625
THERMAL_SENS_OUT_1=27
THERMAL_SENS_OUT_2=-50
THERMAL_SENS_OUT_3=30
THERMAL_SENS_OUT_4=28
THERMAL_SENS_OUT_5=32
THERMAL_SENS_OUT_6=-50
THERMAL_SENS_INT_1=26
THERMAL_SENS_INT_2=28
PG_5=0
PG_9=0
PG_12=0
FLT_P2=0
FLT_P3=0
HEAT_1_TEMP=27
HEAT_1_DUTY=0
HEAT_1_SP=-20.0
HEAT_2_TEMP=30
HEAT_2_DUTY=0
HEAT_2_SP=-20.0
HEAT_3_TEMP=28
HEAT_3_DUTY=0
HEAT_3_SP=-20.0
HEAT_4_TEMP=32
HEAT_4_DUTY=0
HEAT_4_SP=-20.0
MOTOR_ANGLE=0.0011482558139534885
MOTOR_ACCUM=0.0011482558139534885
MOTOR_ROT=0

[20:33:45.475 CUBESAT]
TS=1786203138.220
PG_5=1
PG_9=0
PG_12=0
FLT_P2=0
FLT_P3=0
HEAT_1_TEMP=0.0
HEAT_1_DUTY=0
HEAT_1_SP=-20.0
ENC_RAW=11649
ENC_ANGLE=255.95947265625
ENC_ACCUM=-0.02197265625
AUTO_STOP=1
MOTOR_ANGLE=0.0007558139534883722
MOTOR_ACCUM=0.0007558139534883722
MOTOR_ROT=0

[20:33:47.102 EBOX]
TS=1786200749.144
V_SENSE5=1.13525390625
V_SENSE9=0.0341796875
V_SENSE12=0.14404296875
ADC_V5=4.89410400390625
ADC_V9=9.1156005859375
ADC_V12=11.89453125
ADC_V28=27.51495361328125
THERMAL_SENS_OUT_1=28
THERMAL_SENS_OUT_2=-50
THERMAL_SENS_OUT_3=29
THERMAL_SENS_OUT_4=29
THERMAL_SENS_OUT_5=29
THERMAL_SENS_OUT_6=-50
THERMAL_SENS_INT_1=25
THERMAL_SENS_INT_2=30
PG_5=0
PG_9=0
PG_12=0
FLT_P2=0
FLT_P3=0
HEAT_1_TEMP=28
HEAT_1_DUTY=0
HEAT_1_SP=-20.0
HEAT_2_TEMP=29
HEAT_2_DUTY=0
HEAT_2_SP=-20.0
HEAT_3_TEMP=29
HEAT_3_DUTY=0
HEAT_3_SP=-20.0
HEAT_4_TEMP=29
HEAT_4_DUTY=0
HEAT_4_SP=-20.0
MOTOR_ANGLE=0.0011482558139534885
MOTOR_ACCUM=0.0011482558139534885
MOTOR_ROT=0

[20:33:48.318 CUBESAT]
TS=1786203140.222
PG_5=1
PG_9=0
PG_12=0
FLT_P2=0
FLT_P3=0
HEAT_1_TEMP=0.0
HEAT_1_DUTY=0
HEAT_1_SP=-20.0
ENC_RAW=11652
ENC_ANGLE=256.025390625
ENC_ACCUM=0.0439453125
AUTO_STOP=1
MOTOR_ANGLE=0.0007558139534883722
MOTOR_ACCUM=0.0007558139534883722
MOTOR_ROT=0
TS=1786203142.224
PG_5=1
PG_9=0
PG_12=0
FLT_P2=0
FLT_P3=0
HEAT_1_TEMP=0.0
HEAT_1_DUTY=10
HEAT_1_SP=-20.0
ENC_RAW=11654
ENC_ANGLE=256.0693359375
ENC_ACCUM=0.087890625
AUTO_STOP=1
MOTOR_ANGLE=0.0007558139534883722
MOTOR_ACCUM=0.0007558139534883722
MOTOR_ROT=0
TS=1786203144.227
PG_5=1
PG_9=0
PG_12=0
FLT_P2=0
FLT_P3=0
HEAT_1_TEMP=0.0
HEAT_1_DUTY=0
HEAT_1_SP=-20.0
ENC_RAW=11649
ENC_ANGLE=255.95947265625
ENC_ACCUM=-0.02197265625
AUTO_STOP=1
MOTOR_ANGLE=0.0007558139534883722
MOTOR_ACCUM=0.0007558139534883722
MOTOR_ROT=0

[20:33:49.967 EBOX]
TS=1786200751.146
V_SENSE5=1.26708984375
V_SENSE9=0.03662109375
V_SENSE12=0.1318359375
ADC_V5=5.0091552734375
ADC_V9=8.9031982421875
ADC_V12=11.89453125
ADC_V28=27.7362060546875
THERMAL_SENS_OUT_1=31
THERMAL_SENS_OUT_2=-50
THERMAL_SENS_OUT_3=26
THERMAL_SENS_OUT_4=29
THERMAL_SENS_OUT_5=30
THERMAL_SENS_OUT_6=-50
THERMAL_SENS_INT_1=27
THERMAL_SENS_INT_2=28
PG_5=0
PG_9=0
PG_12=0
FLT_P2=0
FLT_P3=0
HEAT_1_TEMP=31
HEAT_1_DUTY=0
HEAT_1_SP=-20.0
HEAT_2_TEMP=26
HEAT_2_DUTY=0
HEAT_2_SP=-20.0
HEAT_3_TEMP=29
HEAT_3_DUTY=0
HEAT_3_SP=-20.0
HEAT_4_TEMP=30
HEAT_4_DUTY=0
HEAT_4_SP=-20.0
MOTOR_ANGLE=0.0011482558139534885
MOTOR_ACCUM=0.0011482558139534885
MOTOR_ROT=0

[20:33:51.079 CUBESAT]
TS=1786203146.229
PG_5=1
PG_9=0
PG_12=0
FLT_P2=0
FLT_P3=0
HEAT_1_TEMP=0.0
HEAT_1_DUTY=0
HEAT_1_SP=-20.0
ENC_RAW=11652
ENC_ANGLE=256.025390625
ENC_ACCUM=0.0439453125
AUTO_STOP=1
MOTOR_ANGLE=0.0007558139534883722
MOTOR_ACCUM=0.0007558139534883722
MOTOR_ROT=0

[20:33:51.503 EBOX]
TS=1786200753.148
V_SENSE5=1.142578125
V_SENSE9=0.03662109375
V_SENSE12=0.13916015625
ADC_V5=5.07110595703125
ADC_V9=9.15985107421875
ADC_V12=11.5936279296875
ADC_V28=28.01055908203125
THERMAL_SENS_OUT_1=33
THERMAL_SENS_OUT_2=-50
THERMAL_SENS_OUT_3=27
THERMAL_SENS_OUT_4=30
THERMAL_SENS_OUT_5=29
THERMAL_SENS_OUT_6=-50
THERMAL_SENS_INT_1=29
THERMAL_SENS_INT_2=27
PG_5=0
PG_9=0
PG_12=0
FLT_P2=0
FLT_P3=0
HEAT_1_TEMP=33
HEAT_1_DUTY=0
HEAT_1_SP=-20.0
HEAT_2_TEMP=27
HEAT_2_DUTY=0
HEAT_2_SP=-20.0
HEAT_3_TEMP=30
HEAT_3_DUTY=0
HEAT_3_SP=-20.0
HEAT_4_TEMP=29
HEAT_4_DUTY=0
HEAT_4_SP=-20.0
MOTOR_ANGLE=0.0011482558139534885
MOTOR_ACCUM=0.0011482558139534885
MOTOR_ROT=0

[20:33:52.918 CUBESAT]
TS=1786203148.231
PG_5=1
PG_9=0
PG_12=0
FLT_P2=0
FLT_P3=0
HEAT_1_TEMP=0.0
HEAT_1_DUTY=0
HEAT_1_SP=-20.0
ENC_RAW=11652
ENC_ANGLE=256.025390625
ENC_ACCUM=0.0439453125
AUTO_STOP=1
MOTOR_ANGLE=0.0007558139534883722
MOTOR_ACCUM=0.0007558139534883722
MOTOR_ROT=0

[20:33:54.148 EBOX]
TS=1786200755.165
V_SENSE5=1.0595703125
V_SENSE9=0.03662109375
V_SENSE12=0.17333984375
ADC_V5=4.849853515625
ADC_V9=8.779296875
ADC_V12=11.62017822265625
ADC_V28=27.67425537109375
THERMAL_SENS_OUT_1=28
THERMAL_SENS_OUT_2=-50
THERMAL_SENS_OUT_3=30
THERMAL_SENS_OUT_4=28
THERMAL_SENS_OUT_5=34
THERMAL_SENS_OUT_6=-50
THERMAL_SENS_INT_1=24
THERMAL_SENS_INT_2=32
PG_5=0
PG_9=0
PG_12=0
FLT_P2=0
FLT_P3=0
HEAT_1_TEMP=28
HEAT_1_DUTY=0
HEAT_1_SP=-20.0
HEAT_2_TEMP=30
HEAT_2_DUTY=0
HEAT_2_SP=-20.0
HEAT_3_TEMP=28
HEAT_3_DUTY=0
HEAT_3_SP=-20.0
HEAT_4_TEMP=34
HEAT_4_DUTY=0
HEAT_4_SP=-20.0
MOTOR_ANGLE=0.0011482558139534885
MOTOR_ACCUM=0.0011482558139534885
MOTOR_ROT=0

[20:33:55.261 CUBESAT]
TS=1786203150.233
PG_5=1
PG_9=0
PG_12=0
FLT_P2=0
FLT_P3=0
HEAT_1_TEMP=0.0
HEAT_1_DUTY=0
HEAT_1_SP=-20.0
ENC_RAW=11652
ENC_ANGLE=256.025390625
ENC_ACCUM=0.0439453125
AUTO_STOP=1
MOTOR_ANGLE=0.0007558139534883722
MOTOR_ACCUM=0.0007558139534883722
MOTOR_ROT=0

[20:33:57.079 CUBESAT]
TS=1786203152.236
PG_5=1
PG_9=0
PG_12=0
FLT_P2=0
FLT_P3=0
HEAT_1_TEMP=0.0
HEAT_1_DUTY=0
HEAT_1_SP=-20.0
ENC_RAW=11651
ENC_ANGLE=256.00341796875
ENC_ACCUM=0.02197265625
AUTO_STOP=1
MOTOR_ANGLE=0.0007558139534883722
MOTOR_ACCUM=0.0007558139534883722
MOTOR_ROT=0
TS=1786203154.237
PG_5=1
PG_9=0
PG_12=0
FLT_P2=0
FLT_P3=0
HEAT_1_TEMP=0.0
HEAT_1_DUTY=0
HEAT_1_SP=-20.0
ENC_RAW=11651
ENC_ANGLE=256.00341796875
ENC_ACCUM=0.02197265625
AUTO_STOP=1
MOTOR_ANGLE=0.0007558139534883722
MOTOR_ACCUM=0.0007558139534883722
MOTOR_ROT=0

[20:34:03.584 EBOX]
TS=1786200757.152
V_SENSE5=1.1328125
V_SENSE9=0.0341796875
V_SENSE12=0.16357421875
ADC_V5=4.9029541015625
ADC_V9=9.08905029296875
ADC_V12=11.68212890625
ADC_V28=28.06365966796875
THERMAL_SENS_OUT_1=28
THERMAL_SENS_OUT_2=-50
THERMAL_SENS_OUT_3=30
THERMAL_SENS_OUT_4=28
THERMAL_SENS_OUT_5=34
THERMAL_SENS_OUT_6=-50
THERMAL_SENS_INT_1=27
THERMAL_SENS_INT_2=26
PG_5=0
PG_9=0
PG_12=0
FLT_P2=0
FLT_P3=0
HEAT_1_TEMP=28
HEAT_1_DUTY=0
HEAT_1_SP=-20.0
HEAT_2_TEMP=30
HEAT_2_DUTY=0
HEAT_2_SP=-20.0
HEAT_3_TEMP=28
HEAT_3_DUTY=0
HEAT_3_SP=-20.0
HEAT_4_TEMP=34
HEAT_4_DUTY=0
HEAT_4_SP=-20.0
MOTOR_ANGLE=0.0011482558139534885
MOTOR_ACCUM=0.0011482558139534885
MOTOR_ROT=0
TS=1786200759.155
V_SENSE5=1.1279296875
V_SENSE9=0.0390625
V_SENSE12=0.1318359375
ADC_V5=4.920654296875
ADC_V9=9.097900390625
ADC_V12=11.89453125
ADC_V28=28.143310546875
THERMAL_SENS_OUT_1=26
THERMAL_SENS_OUT_2=-50
THERMAL_SENS_OUT_3=26
THERMAL_SENS_OUT_4=27
THERMAL_SENS_OUT_5=29
THERMAL_SENS_OUT_6=-50
THERMAL_SENS_INT_1=29
THERMAL_SENS_INT_2=30
PG_5=0
PG_9=0
PG_12=0
FLT_P2=0
FLT_P3=0
HEAT_1_TEMP=26
HEAT_1_DUTY=0
HEAT_1_SP=-20.0
HEAT_2_TEMP=26
HEAT_2_DUTY=0
HEAT_2_SP=-20.0
HEAT_3_TEMP=27
HEAT_3_DUTY=0
HEAT_3_SP=-20.0
HEAT_4_TEMP=29
HEAT_4_DUTY=0
HEAT_4_SP=-20.0
MOTOR_ANGLE=0.0011482558139534885
MOTOR_ACCUM=0.0011482558139534885
MOTOR_ROT=0

[20:34:03.965 EBOX]
TS=1786200761.156
V_SENSE5=1.12548828125
V_SENSE9=0.0341796875
V_SENSE12=0.1123046875
ADC_V5=4.9737548828125
ADC_V9=9.2041015625
ADC_V12=11.611328125
ADC_V28=27.5946044921875
THERMAL_SENS_OUT_1=31
THERMAL_SENS_OUT_2=-50
THERMAL_SENS_OUT_3=28
THERMAL_SENS_OUT_4=30
THERMAL_SENS_OUT_5=32
THERMAL_SENS_OUT_6=-50
THERMAL_SENS_INT_1=25
THERMAL_SENS_INT_2=28
PG_5=0
PG_9=0
PG_12=0
FLT_P2=0
FLT_P3=0
HEAT_1_TEMP=31
HEAT_1_DUTY=0
HEAT_1_SP=-20.0
HEAT_2_TEMP=28
HEAT_2_DUTY=0
HEAT_2_SP=-20.0
HEAT_3_TEMP=30
HEAT_3_DUTY=0
HEAT_3_SP=-20.0
HEAT_4_TEMP=32
HEAT_4_DUTY=0
HEAT_4_SP=-20.0
MOTOR_ANGLE=0.0011482558139534885
MOTOR_ACCUM=0.0011482558139534885
MOTOR_ROT=0
TS=1786200763.164
V_SENSE5=1.0986328125
V_SENSE9=0.0439453125
V_SENSE12=0.1513671875
ADC_V5=5.00030517578125
ADC_V9=8.92974853515625
ADC_V12=11.93878173828125
ADC_V28=27.26715087890625
THERMAL_SENS_OUT_1=31
THERMAL_SENS_OUT_2=-50
THERMAL_SENS_OUT_3=27
THERMAL_SENS_OUT_4=32
THERMAL_SENS_OUT_5=29
THERMAL_SENS_OUT_6=-50
THERMAL_SENS_INT_1=26
THERMAL_SENS_INT_2=26
PG_5=0
PG_9=0
PG_12=0
FLT_P2=0
FLT_P3=0
HEAT_1_TEMP=31
HEAT_1_DUTY=0
HEAT_1_SP=-20.0
HEAT_2_TEMP=27
HEAT_2_DUTY=0
HEAT_2_SP=-20.0
HEAT_3_TEMP=32
HEAT_3_DUTY=0
HEAT_3_SP=-20.0
HEAT_4_TEMP=29
HEAT_4_DUTY=0
HEAT_4_SP=-20.0
MOTOR_ANGLE=0.0011482558139534885
MOTOR_ACCUM=0.0011482558139534885
MOTOR_ROT=0
TS=1786200765.159
V_SENSE5=1.14501953125
V_SENSE9=0.0390625
V_SENSE12=0.1171875
ADC_V5=5.08880615234375
ADC_V9=9.03594970703125
ADC_V12=11.81488037109375
ADC_V28=28.04595947265625
THERMAL_SENS_OUT_1=30
THERMAL_SENS_OUT_2=-50
THERMAL_SENS_OUT_3=29
THERMAL_SENS_OUT_4=32
THERMAL_SENS_OUT_5=31
THERMAL_SENS_OUT_6=-50
THERMAL_SENS_INT_1=29
THERMAL_SENS_INT_2=28
PG_5=0
PG_9=0
PG_12=0
FLT_P2=0
FLT_P3=0
HEAT_1_TEMP=30
HEAT_1_DUTY=0
HEAT_1_SP=-20.0
HEAT_2_TEMP=29
HEAT_2_DUTY=0
HEAT_2_SP=-20.0
HEAT_3_TEMP=32
HEAT_3_DUTY=0
HEAT_3_SP=-20.0
HEAT_4_TEMP=31
HEAT_4_DUTY=0
HEAT_4_SP=-20.0
MOTOR_ANGLE=0.0011482558139534885
MOTOR_ACCUM=0.0011482558139534885
MOTOR_ROT=0
TS=1786200767.160
V_SENSE5=1.14501953125
V_SENSE9=0.0341796875
V_SENSE12=0.1123046875
ADC_V5=4.9029541015625

[20:34:05.126 EBOX]
ADC_V9=9.14215087890625
ADC_V12=11.7352294921875
ADC_V28=27.8955078125
THERMAL_SENS_OUT_1=30
THERMAL_SENS_OUT_2=-50
THERMAL_SENS_OUT_3=27
THERMAL_SENS_OUT_4=27
THERMAL_SENS_OUT_5=33
THERMAL_SENS_OUT_6=-50
THERMAL_SENS_INT_1=26
THERMAL_SENS_INT_2=32
PG_5=0
PG_9=0
PG_12=0
FLT_P2=0
FLT_P3=0
HEAT_1_TEMP=30
HEAT_1_DUTY=0
HEAT_1_SP=-20.0
HEAT_2_TEMP=27
HEAT_2_DUTY=0
HEAT_2_SP=-20.0
HEAT_3_TEMP=27
HEAT_3_DUTY=0
HEAT_3_SP=-20.0
HEAT_4_TEMP=33
HEAT_4_DUTY=0
HEAT_4_SP=-20.0
MOTOR_ANGLE=0.0011482558139534885
MOTOR_ACCUM=0.0011482558139534885
MOTOR_ROT=0

[20:34:06.259 EBOX]
TS=1786200769.166
V_SENSE5=1.2353515625
V_SENSE9=0.03662109375
V_SENSE12=0.13427734375
ADC_V5=4.96490478515625
ADC_V9=9.027099609375
ADC_V12=11.56707763671875
ADC_V28=28.1964111328125
THERMAL_SENS_OUT_1=31
THERMAL_SENS_OUT_2=-50
THERMAL_SENS_OUT_3=31
THERMAL_SENS_OUT_4=29
THERMAL_SENS_OUT_5=31
THERMAL_SENS_OUT_6=-50
THERMAL_SENS_INT_1=24
THERMAL_SENS_INT_2=28
PG_5=0
PG_9=0
PG_12=0
FLT_P2=0
FLT_P3=0
HEAT_1_TEMP=31
HEAT_1_DUTY=0
HEAT_1_SP=-20.0
HEAT_2_TEMP=31
HEAT_2_DUTY=0
HEAT_2_SP=-20.0
HEAT_3_TEMP=29
HEAT_3_DUTY=0
HEAT_3_SP=-20.0
HEAT_4_TEMP=31
HEAT_4_DUTY=0
HEAT_4_SP=-20.0
MOTOR_ANGLE=0.0011482558139534885
MOTOR_ACCUM=0.0011482558139534885
MOTOR_ROT=0

[20:34:07.288 EBOX]
TS=1786200771.165
V_SENSE5=1.15234375
V_SENSE9=0.03662109375
V_SENSE12=0.12939453125
ADC_V5=4.98260498046875
ADC_V9=8.956298828125
ADC_V12=11.7706298828125
ADC_V28=28.1610107421875
THERMAL_SENS_OUT_1=31
THERMAL_SENS_OUT_2=-50
THERMAL_SENS_OUT_3=30
THERMAL_SENS_OUT_4=28
THERMAL_SENS_OUT_5=31
THERMAL_SENS_OUT_6=-50
THERMAL_SENS_INT_1=26
THERMAL_SENS_INT_2=30
PG_5=0
PG_9=0
PG_12=0
FLT_P2=0
FLT_P3=0
HEAT_1_TEMP=31
HEAT_1_DUTY=0
HEAT_1_SP=-20.0
HEAT_2_TEMP=30
HEAT_2_DUTY=0
HEAT_2_SP=-20.0
HEAT_3_TEMP=28
HEAT_3_DUTY=0
HEAT_3_SP=-20.0
HEAT_4_TEMP=31
HEAT_4_DUTY=0
HEAT_4_SP=-20.0
MOTOR_ANGLE=0.0011482558139534885
MOTOR_ACCUM=0.0011482558139534885
MOTOR_ROT=0

[20:34:10.594 CUBESAT]
TS=1786203156.240
PG_5=1
PG_9=0
PG_12=0
FLT_P2=0
FLT_P3=0
HEAT_1_TEMP=0.0
HEAT_1_DUTY=0
HEAT_1_SP=-20.0
ENC_RAW=11652
ENC_ANGLE=256.025390625
ENC_ACCUM=0.0439453125
AUTO_STOP=1
MOTOR_ANGLE=0.0007558139534883722
MOTOR_ACCUM=0.0007558139534883722
MOTOR_ROT=0
TS=1786203158.242
PG_5=1
PG_9=0
PG_12=0
FLT_P2=0
FLT_P3=0
HEAT_1_TEMP=0.0
HEAT_1_DUTY=10
HEAT_1_SP=-20.0
ENC_RAW=11651
ENC_ANGLE=256.00341796875
ENC_ACCUM=0.02197265625
AUTO_STOP=1
MOTOR_ANGLE=0.0007558139534883722
MOTOR_ACCUM=0.0007558139534883722
MOTOR_ROT=0

[20:34:12.420 CUBESAT]
TS=1786203160.244
PG_5=1
PG_9=0
PG_12=0
FLT_P2=0
FLT_P3=0
HEAT_1_TEMP=0.0
HEAT_1_DUTY=0
HEAT_1_SP=-20.0
ENC_RAW=11651
ENC_ANGLE=256.00341796875
ENC_ACCUM=0.02197265625
AUTO_STOP=1
MOTOR_ANGLE=0.0007558139534883722
MOTOR_ACCUM=0.0007558139534883722
MOTOR_ROT=0
TS=1786203162.245
PG_5=1
PG_9=0
PG_12=0
FLT_P2=0
FLT_P3=0
HEAT_1_TEMP=0.0
HEAT_1_DUTY=0
HEAT_1_SP=-20.0
ENC_RAW=11650
ENC_ANGLE=255.9814453125
ENC_ACCUM=0.0
AUTO_STOP=1
MOTOR_ANGLE=0.0007558139534883722
MOTOR_ACCUM=0.0007558139534883722
MOTOR_ROT=0
TS=1786203164.247
PG_5=1
PG_9=0
PG_12=0
FLT_P2=0
FLT_P3=0
HEAT_1_TEMP=0.0
HEAT_1_DUTY=0
HEAT_1_SP=-20.0
ENC_RAW=11651
ENC_ANGLE=256.00341796875
ENC_ACCUM=0.02197265625
AUTO_STOP=1
MOTOR_ANGLE=0.0007558139534883722
MOTOR_ACCUM=0.0007558139534883722
MOTOR_ROT=0
TS=1786203166.249
PG_5=1
PG_9=0
PG_12=0
FLT_P2=0
FLT_P3=0
HEAT_1_TEMP=0.0
HEAT_1_DUTY=0
HEAT_1_SP=-20.0
ENC_RAW=11652
ENC_ANGLE=256.025390625
ENC_ACCUM=0.0439453125
AUTO_STOP=1
MOTOR_ANGLE=0.0007558139534883722
MOTOR_ACCUM=0.0007558139534883722
MOTOR_ROT=0
TS=1786203168.252
PG_5=1
PG_9=0
PG_12=0
FLT_P2=0
FLT_P3=0
HEAT_1_TEMP=0.0
HEAT_1_DUTY=10
HEAT_1_SP=-20.0
ENC_RAW=11652
ENC_ANGLE=256.025390625
ENC_ACCUM=0.0439453125
AUTO_STOP=1
MOTOR_ANGLE=0.0007558139534883722
MOTOR_ACCUM=0.0007558139534883722
MOTOR_ROT=0

[20:34:13.941 CUBESAT]
TS=1786203170.254
PG_5=1
PG_9=0
PG_12=0
FLT_P2=0
FLT_P3=0
HEAT_1_TEMP=0.0
HEAT_1_DUTY=0
HEAT_1_SP=-20.0
ENC_RAW=11652
ENC_ANGLE=256.025390625
ENC_ACCUM=0.0439453125
AUTO_STOP=1
MOTOR_ANGLE=0.0007558139534883722
MOTOR_ACCUM=0.0007558139534883722
MOTOR_ROT=0

[20:34:14.054 EBOX]
TS=1786200773.173
V_SENSE5=1.103515625
V_SENSE9=0.0341796875
V_SENSE12=0.14892578125
ADC_V5=4.849853515625
ADC_V9=9.33685302734375
ADC_V12=11.9476318359375
ADC_V28=28.15216064453125
THERMAL_SENS_OUT_1=25
THERMAL_SENS_OUT_2=-50
THERMAL_SENS_OUT_3=27
THERMAL_SENS_OUT_4=31
THERMAL_SENS_OUT_5=29
THERMAL_SENS_OUT_6=-50
THERMAL_SENS_INT_1=30
THERMAL_SENS_INT_2=28
PG_5=0
PG_9=0
PG_12=0
FLT_P2=0
FLT_P3=0
HEAT_1_TEMP=25
HEAT_1_DUTY=0
HEAT_1_SP=-20.0
HEAT_2_TEMP=27
HEAT_2_DUTY=0
HEAT_2_SP=-20.0
HEAT_3_TEMP=31
HEAT_3_DUTY=0
HEAT_3_SP=-20.0
HEAT_4_TEMP=29
HEAT_4_DUTY=0
HEAT_4_SP=-20.0
MOTOR_ANGLE=0.0011482558139534885
MOTOR_ACCUM=0.0011482558139534885
MOTOR_ROT=0
TS=1786200775.168
V_SENSE5=1.171875
V_SENSE9=0.0390625
V_SENSE12=0.1220703125
ADC_V5=4.94720458984375
ADC_V9=9.239501953125
ADC_V12=11.67327880859375
ADC_V28=27.5238037109375
THERMAL_SENS_OUT_1=27
THERMAL_SENS_OUT_2=-50
THERMAL_SENS_OUT_3=27
THERMAL_SENS_OUT_4=31
THERMAL_SENS_OUT_5=34
THERMAL_SENS_OUT_6=-50
THERMAL_SENS_INT_1=29
THERMAL_SENS_INT_2=27
PG_5=0
PG_9=0
PG_12=0
FLT_P2=0
FLT_P3=0
HEAT_1_TEMP=27
HEAT_1_DUTY=0
HEAT_1_SP=-20.0
HEAT_2_TEMP=27
HEAT_2_DUTY=0
HEAT_2_SP=-20.0
HEAT_3_TEMP=31
HEAT_3_DUTY=0
HEAT_3_SP=-20.0
HEAT_4_TEMP=34
HEAT_4_DUTY=0
HEAT_4_SP=-20.0
MOTOR_ANGLE=0.0011482558139534885
MOTOR_ACCUM=0.0011482558139534885
MOTOR_ROT=0

[20:34:15.985 EBOX]
TS=1786200777.169
V_SENSE5=1.15234375
V_SENSE9=0.03662109375
V_SENSE12=0.146484375
ADC_V5=4.8675537109375
ADC_V9=9.2218017578125
ADC_V12=11.60247802734375
ADC_V28=28.08135986328125
THERMAL_SENS_OUT_1=32
THERMAL_SENS_OUT_2=-50
THERMAL_SENS_OUT_3=26
THERMAL_SENS_OUT_4=29
THERMAL_SENS_OUT_5=34
THERMAL_SENS_OUT_6=-50
THERMAL_SENS_INT_1=29
THERMAL_SENS_INT_2=28
PG_5=0
PG_9=0
PG_12=0
FLT_P2=0
FLT_P3=0
HEAT_1_TEMP=32
HEAT_1_DUTY=0
HEAT_1_SP=-20.0
HEAT_2_TEMP=26
HEAT_2_DUTY=0
HEAT_2_SP=-20.0
HEAT_3_TEMP=29
HEAT_3_DUTY=0
HEAT_3_SP=-20.0
HEAT_4_TEMP=34
HEAT_4_DUTY=0
HEAT_4_SP=-20.0
MOTOR_ANGLE=0.0011482558139534885
MOTOR_ACCUM=0.0011482558139534885
MOTOR_ROT=0

[20:34:15.990 CUBESAT]
TS=1786203172.256
PG_5=1
PG_9=0
PG_12=0
FLT_P2=0
FLT_P3=0
HEAT_1_TEMP=0.0
HEAT_1_DUTY=0
HEAT_1_SP=-20.0
ENC_RAW=11651
ENC_ANGLE=256.00341796875
ENC_ACCUM=0.02197265625
AUTO_STOP=1
MOTOR_ANGLE=0.0007558139534883722
MOTOR_ACCUM=0.0007558139534883722
MOTOR_ROT=0

[20:34:19.330 EBOX]
TS=1786200779.175
V_SENSE5=1.171875
V_SENSE9=0.0341796875
V_SENSE12=0.11962890625
ADC_V5=4.89410400390625
ADC_V9=9.168701171875
ADC_V12=11.7352294921875
ADC_V28=27.74505615234375
THERMAL_SENS_OUT_1=28
THERMAL_SENS_OUT_2=-50
THERMAL_SENS_OUT_3=31
THERMAL_SENS_OUT_4=29
THERMAL_SENS_OUT_5=30
THERMAL_SENS_OUT_6=-50
THERMAL_SENS_INT_1=28
THERMAL_SENS_INT_2=28
PG_5=0
PG_9=0
PG_12=0
FLT_P2=0
FLT_P3=0
HEAT_1_TEMP=28
HEAT_1_DUTY=0
HEAT_1_SP=-20.0
HEAT_2_TEMP=31
HEAT_2_DUTY=0
HEAT_2_SP=-20.0
HEAT_3_TEMP=29
HEAT_3_DUTY=0
HEAT_3_SP=-20.0
HEAT_4_TEMP=30
HEAT_4_DUTY=0
HEAT_4_SP=-20.0
MOTOR_ANGLE=0.0011482558139534885
MOTOR_ACCUM=0.0011482558139534885
MOTOR_ROT=0

[20:34:27.726 CUBESAT]
TS=1786203174.258
PG_5=1
PG_9=0
PG_12=0
FLT_P2=0
FLT_P3=0
HEAT_1_TEMP=0.0
HEAT_1_DUTY=0
HEAT_1_SP=-20.0
ENC_RAW=11653
ENC_ANGLE=256.04736328125
ENC_ACCUM=0.06591796875
AUTO_STOP=1
MOTOR_ANGLE=0.0007558139534883722
MOTOR_ACCUM=0.0007558139534883722
MOTOR_ROT=0
TS=1786203176.260
PG_5=1
PG_9=0
PG_12=0
FLT_P2=0
FLT_P3=0
HEAT_1_TEMP=0.0
HEAT_1_DUTY=0
HEAT_1_SP=-20.0
ENC_RAW=11652
ENC_ANGLE=256.025390625
ENC_ACCUM=0.0439453125
AUTO_STOP=1
MOTOR_ANGLE=0.0007558139534883722
MOTOR_ACCUM=0.0007558139534883722
MOTOR_ROT=0
TS=1786203178.262
PG_5=1
PG_9=0
PG_12=0
FLT_P2=0
FLT_P3=0
HEAT_1_TEMP=0.0
HEAT_1_DUTY=10
HEAT_1_SP=-20.0
ENC_RAW=11652
ENC_ANGLE=256.025390625
ENC_ACCUM=0.0439453125
AUTO_STOP=1
MOTOR_ANGLE=0.0007558139534883722
MOTOR_ACCUM=0.0007558139534883722
MOTOR_ROT=0

[20:34:28.042 EBOX]
TS=1786200781.178
V_SENSE5=1.17431640625
V_SENSE9=0.07568359375
V_SENSE12=0.126953125
ADC_V5=4.920654296875
ADC_V9=9.14215087890625
ADC_V12=11.95648193359375
ADC_V28=28.0548095703125
THERMAL_SENS_OUT_1=28
THERMAL_SENS_OUT_2=-50
THERMAL_SENS_OUT_3=27
THERMAL_SENS_OUT_4=28
THERMAL_SENS_OUT_5=34
THERMAL_SENS_OUT_6=-50
THERMAL_SENS_INT_1=28
THERMAL_SENS_INT_2=29
PG_5=0
PG_9=0
PG_12=0
FLT_P2=0
FLT_P3=0
HEAT_1_TEMP=28
HEAT_1_DUTY=0
HEAT_1_SP=-20.0
HEAT_2_TEMP=27
HEAT_2_DUTY=0
HEAT_2_SP=-20.0
HEAT_3_TEMP=28
HEAT_3_DUTY=0
HEAT_3_SP=-20.0
HEAT_4_TEMP=34
HEAT_4_DUTY=0
HEAT_4_SP=-20.0
MOTOR_ANGLE=0.0011482558139534885
MOTOR_ACCUM=0.0011482558139534885
MOTOR_ROT=0
TS=1786200783.178
V_SENSE5=1.19140625
V_SENSE9=0.0390625
V_SENSE12=0.146484375
ADC_V5=4.94720458984375
ADC_V9=9.027099609375
ADC_V12=11.70867919921875
ADC_V28=28.08135986328125
THERMAL_SENS_OUT_1=30
THERMAL_SENS_OUT_2=-50
THERMAL_SENS_OUT_3=27
THERMAL_SENS_OUT_4=31
THERMAL_SENS_OUT_5=30
THERMAL_SENS_OUT_6=-50
THERMAL_SENS_INT_1=29
THERMAL_SENS_INT_2=27
PG_5=0
PG_9=0
PG_12=0
FLT_P2=0
FLT_P3=0
HEAT_1_TEMP=30
HEAT_1_DUTY=0
HEAT_1_SP=-20.0
HEAT_2_TEMP=27
HEAT_2_DUTY=0
HEAT_2_SP=-20.0
HEAT_3_TEMP=31
HEAT_3_DUTY=0
HEAT_3_SP=-20.0
HEAT_4_TEMP=30
HEAT_4_DUTY=0
HEAT_4_SP=-20.0
MOTOR_ANGLE=0.0011482558139534885
MOTOR_ACCUM=0.0011482558139534885
MOTOR_ROT=0

[20:34:30.785 CUBESAT]
TS=1786203180.265
PG_5=1
PG_9=0
PG_12=0
FLT_P2=0
FLT_P3=0
HEAT_1_TEMP=0.0
HEAT_1_DUTY=0
HEAT_1_SP=-20.0
ENC_RAW=11651
ENC_ANGLE=256.00341796875
ENC_ACCUM=0.02197265625
AUTO_STOP=1
MOTOR_ANGLE=0.0007558139534883722
MOTOR_ACCUM=0.0007558139534883722
MOTOR_ROT=0
TS=1786203182.267
PG_5=1
PG_9=0
PG_12=0
FLT_P2=0
FLT_P3=0
HEAT_1_TEMP=0.0
HEAT_1_DUTY=0
HEAT_1_SP=-20.0
ENC_RAW=11652
ENC_ANGLE=256.025390625
ENC_ACCUM=0.0439453125
AUTO_STOP=1
MOTOR_ANGLE=0.0007558139534883722
MOTOR_ACCUM=0.0007558139534883722
MOTOR_ROT=0
TS=1786203184.269
PG_5=1
PG_9=0
PG_12=0
FLT_P2=0
FLT_P3=0
HEAT_1_TEMP=0.0
HEAT_1_DUTY=0
HEAT_1_SP=-20.0
ENC_RAW=11653
ENC_ANGLE=256.04736328125
ENC_ACCUM=0.06591796875
AUTO_STOP=1
MOTOR_ANGLE=0.0007558139534883722
MOTOR_ACCUM=0.0007558139534883722
MOTOR_ROT=0
TS=1786203186.271
PG_5=1
PG_9=0
PG_12=0
FLT_P2=0
FLT_P3=0
HEAT_1_TEMP=0.0
HEAT_1_DUTY=0
HEAT_1_SP=-20.0
ENC_RAW=11651
ENC_ANGLE=256.00341796875
ENC_ACCUM=0.02197265625
AUTO_STOP=1
MOTOR_ANGLE=0.0007558139534883722
MOTOR_ACCUM=0.0007558139534883722
MOTOR_ROT=0

[20:34:31.217 EBOX]
TS=1786200785.190
V_SENSE5=1.09375
V_SENSE9=0.0341796875
V_SENSE12=0.1220703125
ADC_V5=4.8321533203125
ADC_V9=9.0802001953125
ADC_V12=11.60247802734375
ADC_V28=27.39990234375
THERMAL_SENS_OUT_1=33
THERMAL_SENS_OUT_2=-50
THERMAL_SENS_OUT_3=30
THERMAL_SENS_OUT_4=28
THERMAL_SENS_OUT_5=31
THERMAL_SENS_OUT_6=-50
THERMAL_SENS_INT_1=28
THERMAL_SENS_INT_2=26
PG_5=0
PG_9=0
PG_12=0
FLT_P2=0
FLT_P3=0
HEAT_1_TEMP=33
HEAT_1_DUTY=0
HEAT_1_SP=-20.0
HEAT_2_TEMP=30
HEAT_2_DUTY=0
HEAT_2_SP=-20.0
HEAT_3_TEMP=28
HEAT_3_DUTY=0
HEAT_3_SP=-20.0
HEAT_4_TEMP=31
HEAT_4_DUTY=0
HEAT_4_SP=-20.0
MOTOR_ANGLE=0.0011482558139534885
MOTOR_ACCUM=0.0011482558139534885
MOTOR_ROT=0
TS=1786200787.185
V_SENSE5=1.15478515625
V_SENSE9=0.06103515625
V_SENSE12=0.1220703125
ADC_V5=4.9560546875
ADC_V9=8.9739990234375
ADC_V12=11.611328125
ADC_V28=28.1256103515625
THERMAL_SENS_OUT_1=31
THERMAL_SENS_OUT_2=-50
THERMAL_SENS_OUT_3=30
THERMAL_SENS_OUT_4=31
THERMAL_SENS_OUT_5=31
THERMAL_SENS_OUT_6=-50
THERMAL_SENS_INT_1=28
THERMAL_SENS_INT_2=31
PG_5=0
PG_9=0
PG_12=0
FLT_P2=0
FLT_P3=0
HEAT_1_TEMP=31
HEAT_1_DUTY=0
HEAT_1_SP=-20.0
HEAT_2_TEMP=30
HEAT_2_DUTY=0
HEAT_2_SP=-20.0
HEAT_3_TEMP=31
HEAT_3_DUTY=0
HEAT_3_SP=-20.0
HEAT_4_TEMP=31
HEAT_4_DUTY=0
HEAT_4_SP=-20.0
MOTOR_ANGLE=-0.0007558139534883722
MOTOR_ACCUM=-0.0007558139534883722
MOTOR_ROT=0
TS=1786200789.188
V_SENSE5=1.14990234375
V_SENSE9=0.0439453125
V_SENSE12=0.1220703125
ADC_V5=4.9560546875
ADC_V9=8.9208984375

[20:34:31.345 EBOX]
ADC_V12=11.929931640625
ADC_V28=27.85125732421875
THERMAL_SENS_OUT_1=27
THERMAL_SENS_OUT_2=-50
THERMAL_SENS_OUT_3=27
THERMAL_SENS_OUT_4=30
THERMAL_SENS_OUT_5=31
THERMAL_SENS_OUT_6=-50
THERMAL_SENS_INT_1=26
THERMAL_SENS_INT_2=27
PG_5=0
PG_9=0
PG_12=0
FLT_P2=0
FLT_P3=0
HEAT_1_TEMP=27
HEAT_1_DUTY=0
HEAT_1_SP=-20.0
HEAT_2_TEMP=27
HEAT_2_DUTY=0
HEAT_2_SP=-20.0
HEAT_3_TEMP=30
HEAT_3_DUTY=0
HEAT_3_SP=-20.0
HEAT_4_TEMP=31
HEAT_4_DUTY=0
HEAT_4_SP=-20.0
MOTOR_ANGLE=-0.0007558139534883722
MOTOR_ACCUM=-0.0007558139534883722
MOTOR_ROT=0
TS=1786200791.191
V_SENSE5=1.14013671875
V_SENSE9=0.0390625
V_SENSE12=0.1220703125
ADC_V5=5.08880615234375
ADC_V9=9.0093994140625
ADC_V12=11.60247802734375
ADC_V28=28.001708984375
THERMAL_SENS_OUT_1=31
THERMAL_SENS_OUT_2=-50
THERMAL_SENS_OUT_3=27
THERMAL_SENS_OUT_4=30
THERMAL_SENS_OUT_5=30
THERMAL_SENS_OUT_6=-50
THERMAL_SENS_INT_1=30
THERMAL_SENS_INT_2=27
PG_5=0
PG_9=0
PG_12=0
FLT_P2=0
FLT_P3=0
HEAT_1_TEMP=31
HEAT_1_DUTY=0
HEAT_1_SP=-20.0
HEAT_2_TEMP=27
HEAT_2_DUTY=0
HEAT_2_SP=-20.0
HEAT_3_TEMP=30
HEAT_3_DUTY=0
HEAT_3_SP=-20.0
HEAT_4_TEMP=30
HEAT_4_DUTY=0
HEAT_4_SP=-20.0
MOTOR_ANGLE=-0.004563953488372094
MOTOR_ACCUM=-0.004563953488372094
MOTOR_ROT=0

[20:34:32.499 CUBESAT]
TS=1786203188.274
PG_5=1
PG_9=0
PG_12=0
FLT_P2=0
FLT_P3=0
HEAT_1_TEMP=0.0
HEAT_1_DUTY=0
HEAT_1_SP=-20.0
ENC_RAW=11648
ENC_ANGLE=255.9375
ENC_ACCUM=-0.0439453125
AUTO_STOP=1
MOTOR_ANGLE=0.0007558139534883722
MOTOR_ACCUM=0.0007558139534883722
MOTOR_ROT=0

[20:34:32.841 EBOX]
TS=1786200793.201
V_SENSE5=1.1279296875
V_SENSE9=0.0390625
V_SENSE12=0.1123046875
ADC_V5=5.0091552734375
ADC_V9=9.23065185546875
ADC_V12=11.88568115234375
ADC_V28=27.56805419921875
THERMAL_SENS_OUT_1=25
THERMAL_SENS_OUT_2=-50
THERMAL_SENS_OUT_3=28
THERMAL_SENS_OUT_4=30
THERMAL_SENS_OUT_5=30
THERMAL_SENS_OUT_6=-50
THERMAL_SENS_INT_1=25
THERMAL_SENS_INT_2=30
PG_5=0
PG_9=0
PG_12=0
FLT_P2=0
FLT_P3=0
HEAT_1_TEMP=25
HEAT_1_DUTY=0
HEAT_1_SP=-20.0
HEAT_2_TEMP=28
HEAT_2_DUTY=0
HEAT_2_SP=-20.0
HEAT_3_TEMP=30
HEAT_3_DUTY=0
HEAT_3_SP=-20.0
HEAT_4_TEMP=30
HEAT_4_DUTY=0
HEAT_4_SP=-20.0
MOTOR_ANGLE=-0.005334302325581395
MOTOR_ACCUM=-3.144869186046512
MOTOR_ROT=-6
TS=1786200795.221
V_SENSE5=0.869140625
V_SENSE9=0.0390625
V_SENSE12=0.11962890625
ADC_V5=4.85870361328125
ADC_V9=9.12445068359375
ADC_V12=11.5582275390625
ADC_V28=27.47955322265625
THERMAL_SENS_OUT_1=26
THERMAL_SENS_OUT_2=-50
THERMAL_SENS_OUT_3=31
THERMAL_SENS_OUT_4=32
THERMAL_SENS_OUT_5=30
THERMAL_SENS_OUT_6=-50
THERMAL_SENS_INT_1=29
THERMAL_SENS_INT_2=27
PG_5=0
PG_9=0
PG_12=0
FLT_P2=0
FLT_P3=0
HEAT_1_TEMP=26
HEAT_1_DUTY=0
HEAT_1_SP=-20.0
HEAT_2_TEMP=31
HEAT_2_DUTY=0
HEAT_2_SP=-20.0
HEAT_3_TEMP=32
HEAT_3_DUTY=0
HEAT_3_SP=-20.0
HEAT_4_TEMP=30
HEAT_4_DUTY=0
HEAT_4_SP=-20.0
MOTOR_ANGLE=-0.007223837209302325
MOTOR_ACCUM=-6.809549418604652
MOTOR_ROT=-13

[20:34:33.756 CUBESAT]
TS=1786203190.276
PG_5=1
PG_9=0
PG_12=0
FLT_P2=0
FLT_P3=0
HEAT_1_TEMP=0.0
HEAT_1_DUTY=0
HEAT_1_SP=-20.0
ENC_RAW=11651
ENC_ANGLE=256.00341796875
ENC_ACCUM=0.02197265625
AUTO_STOP=1
MOTOR_ANGLE=0.0007558139534883722
MOTOR_ACCUM=0.0007558139534883722
MOTOR_ROT=0

[20:34:34.204 EBOX]
TS=1786200797.211
V_SENSE5=0.91796875
V_SENSE9=0.0390625
V_SENSE12=0.1318359375
ADC_V5=5.0091552734375
ADC_V9=9.310302734375
ADC_V12=11.88568115234375
ADC_V28=28.143310546875
THERMAL_SENS_OUT_1=28
THERMAL_SENS_OUT_2=-50
THERMAL_SENS_OUT_3=27
THERMAL_SENS_OUT_4=31
THERMAL_SENS_OUT_5=30
THERMAL_SENS_OUT_6=-50
THERMAL_SENS_INT_1=26
THERMAL_SENS_INT_2=26
PG_5=0
PG_9=0
PG_12=0
FLT_P2=0
FLT_P3=0
HEAT_1_TEMP=28
HEAT_1_DUTY=0
HEAT_1_SP=-20.0
HEAT_2_TEMP=27
HEAT_2_DUTY=0
HEAT_2_SP=-20.0
HEAT_3_TEMP=31
HEAT_3_DUTY=0
HEAT_3_SP=-20.0
HEAT_4_TEMP=30
HEAT_4_DUTY=0
HEAT_4_SP=-20.0
MOTOR_ANGLE=-0.008749999999999999
MOTOR_ACCUM=-6.811075581395349
MOTOR_ROT=-13

[20:34:35.519 CUBESAT]
TS=1786203192.278
PG_5=1
PG_9=0
PG_12=0
FLT_P2=0
FLT_P3=0
HEAT_1_TEMP=0.0
HEAT_1_DUTY=0
HEAT_1_SP=-20.0
ENC_RAW=11652
ENC_ANGLE=256.025390625
ENC_ACCUM=0.0439453125
AUTO_STOP=1
MOTOR_ANGLE=0.0007558139534883722
MOTOR_ACCUM=0.0007558139534883722
MOTOR_ROT=0

[20:34:36.237 EBOX]
TS=1786200799.217
V_SENSE5=1.22314453125
V_SENSE9=0.0390625
V_SENSE12=0.12939453125
ADC_V5=4.9737548828125
ADC_V9=9.3988037109375
ADC_V12=11.9122314453125
ADC_V28=27.69195556640625
THERMAL_SENS_OUT_1=31
THERMAL_SENS_OUT_2=-50
THERMAL_SENS_OUT_3=28
THERMAL_SENS_OUT_4=27
THERMAL_SENS_OUT_5=31
THERMAL_SENS_OUT_6=-50
THERMAL_SENS_INT_1=25
THERMAL_SENS_INT_2=30
PG_5=0
PG_9=0
PG_12=0
FLT_P2=0
FLT_P3=0
HEAT_1_TEMP=31
HEAT_1_DUTY=0
HEAT_1_SP=-20.0
HEAT_2_TEMP=28
HEAT_2_DUTY=0
HEAT_2_SP=-20.0
HEAT_3_TEMP=27
HEAT_3_DUTY=0
HEAT_3_SP=-20.0
HEAT_4_TEMP=31
HEAT_4_DUTY=0
HEAT_4_SP=-20.0
MOTOR_ANGLE=-0.0003779069767441861
MOTOR_ACCUM=-7.325959302325582
MOTOR_ROT=-14

[20:34:37.553 CUBESAT]
TS=1786203194.279
PG_5=1
PG_9=0
PG_12=0
FLT_P2=0
FLT_P3=0
HEAT_1_TEMP=0.0
HEAT_1_DUTY=10
HEAT_1_SP=-20.0
ENC_RAW=11651
ENC_ANGLE=256.00341796875
ENC_ACCUM=0.02197265625
AUTO_STOP=1
MOTOR_ANGLE=0.0007558139534883722
MOTOR_ACCUM=0.0007558139534883722
MOTOR_ROT=0

[20:34:38.380 EBOX]
TS=1786200801.218
V_SENSE5=1.2451171875
V_SENSE9=0.03662109375
V_SENSE12=0.1171875
ADC_V5=4.98260498046875
ADC_V9=9.44305419921875
ADC_V12=11.646728515625
ADC_V28=28.1610107421875
THERMAL_SENS_OUT_1=27
THERMAL_SENS_OUT_2=-50
THERMAL_SENS_OUT_3=31
THERMAL_SENS_OUT_4=27
THERMAL_SENS_OUT_5=32
THERMAL_SENS_OUT_6=-50
THERMAL_SENS_INT_1=27
THERMAL_SENS_INT_2=27
PG_5=0
PG_9=0
PG_12=0
FLT_P2=0
FLT_P3=0
HEAT_1_TEMP=27
HEAT_1_DUTY=0
HEAT_1_SP=-20.0
HEAT_2_TEMP=31
HEAT_2_DUTY=0
HEAT_2_SP=-20.0
HEAT_3_TEMP=27
HEAT_3_DUTY=0
HEAT_3_SP=-20.0
HEAT_4_TEMP=32
HEAT_4_DUTY=0
HEAT_4_SP=-20.0
MOTOR_ANGLE=-0.006468023255813954
MOTOR_ACCUM=-7.332049418604651
MOTOR_ROT=-14

[20:34:39.934 CUBESAT]
TS=1786203196.281
PG_5=1
PG_9=0
PG_12=0
FLT_P2=0
FLT_P3=0
HEAT_1_TEMP=0.0
HEAT_1_DUTY=0
HEAT_1_SP=-20.0
ENC_RAW=11652
ENC_ANGLE=256.025390625
ENC_ACCUM=0.0439453125
AUTO_STOP=1
MOTOR_ANGLE=0.0007558139534883722
MOTOR_ACCUM=0.0007558139534883722
MOTOR_ROT=0

[20:34:41.265 EBOX]
TS=1786200803.229
V_SENSE5=1.44775390625
V_SENSE9=0.0341796875
V_SENSE12=0.12939453125
ADC_V5=5.15960693359375
ADC_V9=9.23065185546875
ADC_V12=11.611328125
ADC_V28=27.6123046875
THERMAL_SENS_OUT_1=26
THERMAL_SENS_OUT_2=-50
THERMAL_SENS_OUT_3=29
THERMAL_SENS_OUT_4=32
THERMAL_SENS_OUT_5=34
THERMAL_SENS_OUT_6=-50
THERMAL_SENS_INT_1=25
THERMAL_SENS_INT_2=31
PG_5=0
PG_9=0
PG_12=0
FLT_P2=0
FLT_P3=0
HEAT_1_TEMP=26
HEAT_1_DUTY=0
HEAT_1_SP=-20.0
HEAT_2_TEMP=29
HEAT_2_DUTY=0
HEAT_2_SP=-20.0
HEAT_3_TEMP=32
HEAT_3_DUTY=0
HEAT_3_SP=-20.0
HEAT_4_TEMP=34
HEAT_4_DUTY=0
HEAT_4_SP=-20.0
MOTOR_ANGLE=-0.0003779069767441861
MOTOR_ACCUM=-8.37247093023256
MOTOR_ROT=-16

[20:34:43.189 CUBESAT]
TS=1786203198.283
PG_5=1
PG_9=0
PG_12=0
FLT_P2=0
FLT_P3=0
HEAT_1_TEMP=0.0
HEAT_1_DUTY=0
HEAT_1_SP=-20.0
ENC_RAW=11650
ENC_ANGLE=255.9814453125
ENC_ACCUM=0.0
AUTO_STOP=1
MOTOR_ANGLE=0.0007558139534883722
MOTOR_ACCUM=0.0007558139534883722
MOTOR_ROT=0

[20:34:54.014 EBOX]
TS=1786200805.222
V_SENSE5=1.2646484375
V_SENSE9=0.03662109375
V_SENSE12=0.1318359375
ADC_V5=5.00030517578125
ADC_V9=9.37225341796875
ADC_V12=11.90338134765625
ADC_V28=27.60345458984375
THERMAL_SENS_OUT_1=26
THERMAL_SENS_OUT_2=-50
THERMAL_SENS_OUT_3=27
THERMAL_SENS_OUT_4=28
THERMAL_SENS_OUT_5=34
THERMAL_SENS_OUT_6=-50
THERMAL_SENS_INT_1=26
THERMAL_SENS_INT_2=31
PG_5=0
PG_9=0
PG_12=0
FLT_P2=0
FLT_P3=0
HEAT_1_TEMP=26
HEAT_1_DUTY=0
HEAT_1_SP=-20.0
HEAT_2_TEMP=27
HEAT_2_DUTY=0
HEAT_2_SP=-20.0
HEAT_3_TEMP=28
HEAT_3_DUTY=0
HEAT_3_SP=-20.0
HEAT_4_TEMP=34
HEAT_4_DUTY=0
HEAT_4_SP=-20.0
MOTOR_ANGLE=-0.0003779069767441861
MOTOR_ACCUM=-8.37247093023256
MOTOR_ROT=-16
TS=1786200807.226
V_SENSE5=1.3427734375
V_SENSE9=0.03662109375
V_SENSE12=0.11962890625
ADC_V5=4.991455078125
ADC_V9=9.08905029296875
ADC_V12=11.69097900390625
ADC_V28=27.78045654296875
THERMAL_SENS_OUT_1=29
THERMAL_SENS_OUT_2=-50
THERMAL_SENS_OUT_3=29
THERMAL_SENS_OUT_4=30
THERMAL_SENS_OUT_5=30
THERMAL_SENS_OUT_6=-50
THERMAL_SENS_INT_1=29
THERMAL_SENS_INT_2=27
PG_5=0
PG_9=0
PG_12=0
FLT_P2=0
FLT_P3=0
HEAT_1_TEMP=29
HEAT_1_DUTY=0
HEAT_1_SP=-20.0
HEAT_2_TEMP=29
HEAT_2_DUTY=0
HEAT_2_SP=-20.0
HEAT_3_TEMP=30
HEAT_3_DUTY=0
HEAT_3_SP=-20.0
HEAT_4_TEMP=30
HEAT_4_DUTY=0
HEAT_4_SP=-20.0
MOTOR_ANGLE=-0.0003779069767441861
MOTOR_ACCUM=-8.37247093023256
MOTOR_ROT=-16
TS=1786200809.237
V_SENSE5=1.11328125
V_SENSE9=0.0390625
V_SENSE12=0.13916015625
ADC_V5=4.9737548828125
ADC_V9=9.33685302734375
ADC_V12=11.95648193359375
ADC_V28=27.4176025390625
THERMAL_SENS_OUT_1=31
THERMAL_SENS_OUT_2=-50
THERMAL_SENS_OUT_3=30
THERMAL_SENS_OUT_4=33
THERMAL_SENS_OUT_5=31
THERMAL_SENS_OUT_6=-50
THERMAL_SENS_INT_1=30
THERMAL_SENS_INT_2=29
PG_5=0
PG_9=0
PG_12=0
FLT_P2=0
FLT_P3=0
HEAT_1_TEMP=31
HEAT_1_DUTY=0
HEAT_1_SP=-20.0
HEAT_2_TEMP=30
HEAT_2_DUTY=0
HEAT_2_SP=-20.0
HEAT_3_TEMP=33
HEAT_3_DUTY=0
HEAT_3_SP=-20.0
HEAT_4_TEMP=31
HEAT_4_DUTY=0
HEAT_4_SP=-20.0
MOTOR_ANGLE=-0.0003779069767441861
MOTOR_ACCUM=-8.37247093023256
MOTOR_ROT=-16

[20:34:54.255 EBOX]
TS=1786200811.242
V_SENSE5=0.89599609375
V_SENSE9=0.0439453125
V_SENSE12=0.10986328125
ADC_V5=4.9560546875
ADC_V9=8.9739990234375
ADC_V12=11.89453125
ADC_V28=27.92205810546875
THERMAL_SENS_OUT_1=31
THERMAL_SENS_OUT_2=-50
THERMAL_SENS_OUT_3=29
THERMAL_SENS_OUT_4=32
THERMAL_SENS_OUT_5=31
THERMAL_SENS_OUT_6=-50
THERMAL_SENS_INT_1=30
THERMAL_SENS_INT_2=28
PG_5=0
PG_9=0
PG_12=0
FLT_P2=0
FLT_P3=0
HEAT_1_TEMP=31
HEAT_1_DUTY=0
HEAT_1_SP=-20.0
HEAT_2_TEMP=29
HEAT_2_DUTY=0
HEAT_2_SP=-20.0
HEAT_3_TEMP=32
HEAT_3_DUTY=0
HEAT_3_SP=-20.0
HEAT_4_TEMP=31
HEAT_4_DUTY=0
HEAT_4_SP=-20.0
MOTOR_ANGLE=-0.0003779069767441861
MOTOR_ACCUM=-8.37247093023256
MOTOR_ROT=-16
TS=1786200813.252
V_SENSE5=0.8642578125
V_SENSE9=0.04638671875
V_SENSE12=0.15380859375
ADC_V5=4.849853515625
ADC_V9=8.9208984375
ADC_V12=11.65557861328125
ADC_V28=27.54150390625
THERMAL_SENS_OUT_1=29
THERMAL_SENS_OUT_2=-50
THERMAL_SENS_OUT_3=32
THERMAL_SENS_OUT_4=28
THERMAL_SENS_OUT_5=36
THERMAL_SENS_OUT_6=-50
THERMAL_SENS_INT_1=26
THERMAL_SENS_INT_2=31
PG_5=0
PG_9=0
PG_12=0
FLT_P2=0
FLT_P3=0
HEAT_1_TEMP=29
HEAT_1_DUTY=0
HEAT_1_SP=-20.0
HEAT_2_TEMP=32
HEAT_2_DUTY=0
HEAT_2_SP=-20.0
HEAT_3_TEMP=28
HEAT_3_DUTY=0
HEAT_3_SP=-20.0
HEAT_4_TEMP=36
HEAT_4_DUTY=0
HEAT_4_SP=-20.0
MOTOR_ANGLE=-0.0003779069767441861
MOTOR_ACCUM=-8.37247093023256
MOTOR_ROT=-16
TS=1786200815.241
V_SENSE5=1.1328125
V_SENSE9=0.0341796875
V_SENSE12=0.12451171875
ADC_V5=5.0091552734375
ADC_V9=9.19525146484375

[20:34:54.425 EBOX]
ADC_V12=11.79718017578125
ADC_V28=27.55035400390625
THERMAL_SENS_OUT_1=27
THERMAL_SENS_OUT_2=-50
THERMAL_SENS_OUT_3=27
THERMAL_SENS_OUT_4=31
THERMAL_SENS_OUT_5=31
THERMAL_SENS_OUT_6=-50
THERMAL_SENS_INT_1=26
THERMAL_SENS_INT_2=30
PG_5=0
PG_9=0
PG_12=0
FLT_P2=0
FLT_P3=0
HEAT_1_TEMP=27
HEAT_1_DUTY=0
HEAT_1_SP=-20.0
HEAT_2_TEMP=27
HEAT_2_DUTY=0
HEAT_2_SP=-20.0
HEAT_3_TEMP=31
HEAT_3_DUTY=0
HEAT_3_SP=-20.0
HEAT_4_TEMP=31
HEAT_4_DUTY=0
HEAT_4_SP=-20.0
MOTOR_ANGLE=-0.0003779069767441861
MOTOR_ACCUM=-8.37247093023256
MOTOR_ROT=-16
TS=1786200817.249
V_SENSE5=1.07177734375
V_SENSE9=0.0341796875
V_SENSE12=0.14404296875
ADC_V5=4.991455078125
ADC_V9=9.03594970703125
ADC_V12=11.88568115234375
ADC_V28=27.5238037109375
THERMAL_SENS_OUT_1=27
THERMAL_SENS_OUT_2=-50
THERMAL_SENS_OUT_3=27
THERMAL_SENS_OUT_4=31
THERMAL_SENS_OUT_5=31
THERMAL_SENS_OUT_6=-50
THERMAL_SENS_INT_1=26
THERMAL_SENS_INT_2=29
PG_5=0
PG_9=0
PG_12=0
FLT_P2=0
FLT_P3=0
HEAT_1_TEMP=27
HEAT_1_DUTY=0
HEAT_1_SP=-20.0
HEAT_2_TEMP=27
HEAT_2_DUTY=0
HEAT_2_SP=-20.0
HEAT_3_TEMP=31
HEAT_3_DUTY=0
HEAT_3_SP=-20.0
HEAT_4_TEMP=31
HEAT_4_DUTY=0
HEAT_4_SP=-20.0
MOTOR_ANGLE=-0.0003779069767441861
MOTOR_ACCUM=-8.37247093023256
MOTOR_ROT=-16

[20:34:54.548 EBOX]
TS=1786200819.266
V_SENSE5=1.0693359375
V_SENSE9=0.07568359375
V_SENSE12=0.12451171875
ADC_V5=4.84100341796875
ADC_V9=8.814697265625
ADC_V12=11.60247802734375
ADC_V28=27.44415283203125
THERMAL_SENS_OUT_1=32
THERMAL_SENS_OUT_2=-50
THERMAL_SENS_OUT_3=32
THERMAL_SENS_OUT_4=31
THERMAL_SENS_OUT_5=34
THERMAL_SENS_OUT_6=-50
THERMAL_SENS_INT_1=30
THERMAL_SENS_INT_2=30
PG_5=0
PG_9=0
PG_12=0
FLT_P2=0
FLT_P3=0
HEAT_1_TEMP=32
HEAT_1_DUTY=0
HEAT_1_SP=-20.0
HEAT_2_TEMP=32
HEAT_2_DUTY=0
HEAT_2_SP=-20.0
HEAT_3_TEMP=31
HEAT_3_DUTY=0
HEAT_3_SP=-20.0
HEAT_4_TEMP=34
HEAT_4_DUTY=0
HEAT_4_SP=-20.0
MOTOR_ANGLE=-0.0003779069767441861
MOTOR_ACCUM=-8.37247093023256
MOTOR_ROT=-16

[20:34:56.278 EBOX]
TS=1786200821.252
V_SENSE5=0.927734375
V_SENSE9=0.07568359375
V_SENSE12=0.1220703125
ADC_V5=4.96490478515625
ADC_V9=9.23065185546875
ADC_V12=11.7352294921875
ADC_V28=28.15216064453125
THERMAL_SENS_OUT_1=29
THERMAL_SENS_OUT_2=-50
THERMAL_SENS_OUT_3=28
THERMAL_SENS_OUT_4=32
THERMAL_SENS_OUT_5=31
THERMAL_SENS_OUT_6=-50
THERMAL_SENS_INT_1=26
THERMAL_SENS_INT_2=27
PG_5=0
PG_9=0
PG_12=0
FLT_P2=0
FLT_P3=0
HEAT_1_TEMP=29
HEAT_1_DUTY=0
HEAT_1_SP=-20.0
HEAT_2_TEMP=28
HEAT_2_DUTY=0
HEAT_2_SP=-20.0
HEAT_3_TEMP=32
HEAT_3_DUTY=0
HEAT_3_SP=-20.0
HEAT_4_TEMP=31
HEAT_4_DUTY=0
HEAT_4_SP=-20.0
MOTOR_ANGLE=-0.0003779069767441861
MOTOR_ACCUM=-8.37247093023256
MOTOR_ROT=-16

[20:35:06.672 CUBESAT]
TS=1786203200.285
PG_5=1
PG_9=0
PG_12=0
FLT_P2=0
FLT_P3=0
HEAT_1_TEMP=0.0
HEAT_1_DUTY=0
HEAT_1_SP=-20.0
ENC_RAW=11651
ENC_ANGLE=256.00341796875
ENC_ACCUM=0.02197265625
AUTO_STOP=1
MOTOR_ANGLE=0.0007558139534883722
MOTOR_ACCUM=0.0007558139534883722
MOTOR_ROT=0
TS=1786203202.288
PG_5=1
PG_9=0
PG_12=0
FLT_P2=0
FLT_P3=0
HEAT_1_TEMP=0.0
HEAT_1_DUTY=0
HEAT_1_SP=-20.0
ENC_RAW=11651
ENC_ANGLE=256.00341796875
ENC_ACCUM=0.02197265625
AUTO_STOP=1
MOTOR_ANGLE=0.0007558139534883722
MOTOR_ACCUM=0.0007558139534883722
MOTOR_ROT=0
TS=1786203204.289
PG_5=1
PG_9=0
PG_12=0
FLT_P2=0
FLT_P3=0
HEAT_1_TEMP=0.0
HEAT_1_DUTY=10
HEAT_1_SP=-20.0
ENC_RAW=11655
ENC_ANGLE=256.09130859375
ENC_ACCUM=0.10986328125
AUTO_STOP=1
MOTOR_ANGLE=0.0007558139534883722
MOTOR_ACCUM=0.0007558139534883722
MOTOR_ROT=0
TS=1786203206.291
PG_5=1
PG_9=0
PG_12=0
FLT_P2=0
FLT_P3=0
HEAT_1_TEMP=0.0
HEAT_1_DUTY=0
HEAT_1_SP=-20.0
ENC_RAW=11649
ENC_ANGLE=255.95947265625
ENC_ACCUM=-0.02197265625
AUTO_STOP=1
MOTOR_ANGLE=0.0007558139534883722
MOTOR_ACCUM=0.0007558139534883722
MOTOR_ROT=0

[20:35:07.199 CUBESAT]
TS=1786203208.293
PG_5=1
PG_9=0
PG_12=0
FLT_P2=0
FLT_P3=0
HEAT_1_TEMP=0.0
HEAT_1_DUTY=0
HEAT_1_SP=-20.0
ENC_RAW=11651
ENC_ANGLE=256.00341796875
ENC_ACCUM=0.02197265625
AUTO_STOP=1
MOTOR_ANGLE=0.0007558139534883722
MOTOR_ACCUM=0.0007558139534883722
MOTOR_ROT=0
TS=1786203210.295
PG_5=1
PG_9=0
PG_12=0
FLT_P2=0
FLT_P3=0
HEAT_1_TEMP=0.0
HEAT_1_DUTY=0
HEAT_1_SP=-20.0
ENC_RAW=11648
ENC_ANGLE=255.9375
ENC_ACCUM=-0.0439453125
AUTO_STOP=1
MOTOR_ANGLE=0.0007558139534883722
MOTOR_ACCUM=0.0007558139534883722
MOTOR_ROT=0
TS=1786203212.298
PG_5=1
PG_9=0
PG_12=0
FLT_P2=0
FLT_P3=0
HEAT_1_TEMP=0.0
HEAT_1_DUTY=0
HEAT_1_SP=-20.0
ENC_RAW=11652
ENC_ANGLE=256.025390625
ENC_ACCUM=0.0439453125
AUTO_STOP=1
MOTOR_ANGLE=0.0007558139534883722
MOTOR_ACCUM=0.0007558139534883722
MOTOR_ROT=0
TS=1786203214.300
PG_5=1
PG_9=0
PG_12=0
FLT_P2=0
FLT_P3=0
HEAT_1_TEMP=0.0
HEAT_1_DUTY=10
HEAT_1_SP=-20.0
ENC_RAW=11652
ENC_ANGLE=256.025390625
ENC_ACCUM=0.0439453125
AUTO_STOP=1
MOTOR_ANGLE=0.0007558139534883722
MOTOR_ACCUM=0.0007558139534883722
MOTOR_ROT=0
TS=1786203216.300
PG_5=1
PG_9=0
PG_12=0
FLT_P2=0
FLT_P3=0
HEAT_1_TEMP=0.0
HEAT_1_DUTY=0
HEAT_1_SP=-20.0
ENC_RAW=11651
ENC_ANGLE=256.00341796875
ENC_ACCUM=0.02197265625
AUTO_STOP=1
MOTOR_ANGLE=0.0007558139534883722
MOTOR_ACCUM=0.0007558139534883722
MOTOR_ROT=0
TS=1786203218.302
PG_5=1
PG_9=0
PG_12=0
FLT_P2=0
FLT_P3=0
HEAT_1_TEMP=0.0
HEAT_1_DUTY=0
HEAT_1_SP=-20.0
ENC_RAW=11653
ENC_ANGLE=256.04736328125
ENC_ACCUM=0.06591796875
AUTO_STOP=1
MOTOR_ANGLE=0.0007558139534883722
MOTOR_ACCUM=0.0007558139534883722
MOTOR_ROT=0
TS=1786203220.305
PG_5=1
PG_9=0
PG_12=0
FLT_P2=0
FLT_P3=0
HEAT_1_TEMP=0.0
HEAT_1_DUTY=10
HEAT_1_SP=-20.0
ENC_RAW=11651
ENC_ANGLE=256.00341796875
ENC_ACCUM=0.02197265625
AUTO_STOP=1
MOTOR_ANGLE=0.0007558139534883722
MOTOR_ACCUM=0.0007558139534883722
MOTOR_ROT=0
TS=1786203222.307
PG_5=1
PG_9=0
PG_12=0
FLT_P2=0
FLT_P3=0
HEAT_1_TEMP=0.0
HEAT_1_DUTY=0
HEAT_1_SP=-20.0
ENC_RAW=11652
ENC_ANGLE=256.025390625
ENC_ACCUM=0.0439453125
AUTO_STOP=1
MOTOR_ANGLE=0.0007558139534883722
MOTOR_ACCUM=0.0007558139534883722
MOTOR_ROT=0
TS=1786203224.309
PG_5=1
PG_9=0
PG_12=0
FLT_P2=0
FLT_P3=0
HEAT_1_TEMP=0.0
HEAT_1_DUTY=0
HEAT_1_SP=-20.0
ENC_RAW=11654
ENC_ANGLE=256.0693359375
ENC_ACCUM=0.087890625
AUTO_STOP=1
MOTOR_ANGLE=0.0007558139534883722
MOTOR_ACCUM=0.0007558139534883722
MOTOR_ROT=0

[20:35:07.405 CUBESAT]
TS=1786203226.311
PG_5=1
PG_9=0
PG_12=0
FLT_P2=0
FLT_P3=0
HEAT_1_TEMP=0.0
HEAT_1_DUTY=0
HEAT_1_SP=-20.0
ENC_RAW=11650
ENC_ANGLE=255.9814453125
ENC_ACCUM=0.0
AUTO_STOP=1
MOTOR_ANGLE=0.0007558139534883722
MOTOR_ACCUM=0.0007558139534883722
MOTOR_ROT=0

[20:35:09.330 CUBESAT]
TS=1786203228.314
PG_5=1
PG_9=0
PG_12=0
FLT_P2=0
FLT_P3=0
HEAT_1_TEMP=0.0
HEAT_1_DUTY=0
HEAT_1_SP=-20.0
ENC_RAW=11651
ENC_ANGLE=256.00341796875
ENC_ACCUM=0.02197265625
AUTO_STOP=1
MOTOR_ANGLE=0.0007558139534883722
MOTOR_ACCUM=0.0007558139534883722
MOTOR_ROT=0

[20:35:11.245 CUBESAT]
TS=1786203230.316
PG_5=1
PG_9=0
PG_12=0
FLT_P2=0
FLT_P3=0
HEAT_1_TEMP=0.0
HEAT_1_DUTY=10
HEAT_1_SP=-20.0
ENC_RAW=11651
ENC_ANGLE=256.00341796875
ENC_ACCUM=0.02197265625
AUTO_STOP=1
MOTOR_ANGLE=0.0007558139534883722
MOTOR_ACCUM=0.0007558139534883722
MOTOR_ROT=0

[20:35:13.263 CUBESAT]
TS=1786203232.318
PG_5=1
PG_9=0
PG_12=0
FLT_P2=0
FLT_P3=0
HEAT_1_TEMP=0.0
HEAT_1_DUTY=0
HEAT_1_SP=-20.0
ENC_RAW=11651
ENC_ANGLE=256.00341796875
ENC_ACCUM=0.02197265625
AUTO_STOP=1
MOTOR_ANGLE=0.0007558139534883722
MOTOR_ACCUM=0.0007558139534883722
MOTOR_ROT=0

[20:35:22.239 CUBESAT]
TS=1786203234.320
PG_5=1
PG_9=0
PG_12=0
FLT_P2=0
FLT_P3=0
HEAT_1_TEMP=0.0
HEAT_1_DUTY=0
HEAT_1_SP=-20.0
ENC_RAW=11650
ENC_ANGLE=255.9814453125
ENC_ACCUM=0.0
AUTO_STOP=1
MOTOR_ANGLE=0.0007558139534883722
MOTOR_ACCUM=0.0007558139534883722
MOTOR_ROT=0
TS=1786203236.322
PG_5=1
PG_9=0
PG_12=0
FLT_P2=0
FLT_P3=0
HEAT_1_TEMP=0.0
HEAT_1_DUTY=0
HEAT_1_SP=-20.0
ENC_RAW=11651
ENC_ANGLE=256.00341796875
ENC_ACCUM=0.02197265625
AUTO_STOP=1
MOTOR_ANGLE=0.0007558139534883722
MOTOR_ACCUM=0.0007558139534883722
MOTOR_ROT=0

[20:35:24.569 CUBESAT]
TS=1786203238.325
PG_5=1
PG_9=0
PG_12=0
FLT_P2=0
FLT_P3=0
HEAT_1_TEMP=0.0
HEAT_1_DUTY=0
HEAT_1_SP=-20.0
ENC_RAW=11652
ENC_ANGLE=256.025390625
ENC_ACCUM=0.0439453125
AUTO_STOP=1
MOTOR_ANGLE=0.0007558139534883722
MOTOR_ACCUM=0.0007558139534883722
MOTOR_ROT=0
TS=1786203240.327
PG_5=1
PG_9=0
PG_12=0
FLT_P2=0
FLT_P3=0
HEAT_1_TEMP=0.0
HEAT_1_DUTY=10
HEAT_1_SP=-20.0
ENC_RAW=11654
ENC_ANGLE=256.0693359375
ENC_ACCUM=0.087890625
AUTO_STOP=1
MOTOR_ANGLE=0.0007558139534883722
MOTOR_ACCUM=0.0007558139534883722
MOTOR_ROT=0
TS=1786203242.329
PG_5=1
PG_9=0
PG_12=0
FLT_P2=0
FLT_P3=0
HEAT_1_TEMP=0.0
HEAT_1_DUTY=0
HEAT_1_SP=-20.0
ENC_RAW=11653
ENC_ANGLE=256.04736328125
ENC_ACCUM=0.06591796875
AUTO_STOP=1
MOTOR_ANGLE=0.0007558139534883722
MOTOR_ACCUM=0.0007558139534883722
MOTOR_ROT=0

[20:35:25.280 CUBESAT]
TS=1786203244.331
PG_5=1
PG_9=0
PG_12=0
FLT_P2=0
FLT_P3=0
HEAT_1_TEMP=0.0
HEAT_1_DUTY=0
HEAT_1_SP=-20.0
ENC_RAW=11651
ENC_ANGLE=256.00341796875
ENC_ACCUM=0.02197265625
AUTO_STOP=1
MOTOR_ANGLE=0.0007558139534883722
MOTOR_ACCUM=0.0007558139534883722
MOTOR_ROT=0

[20:35:27.297 CUBESAT]
TS=1786203246.333
PG_5=1
PG_9=0
PG_12=0
FLT_P2=0
FLT_P3=0
HEAT_1_TEMP=0.0
HEAT_1_DUTY=0
HEAT_1_SP=-20.0
ENC_RAW=11649
ENC_ANGLE=255.95947265625
ENC_ACCUM=-0.02197265625
AUTO_STOP=1
MOTOR_ANGLE=0.0007558139534883722
MOTOR_ACCUM=0.0007558139534883722
MOTOR_ROT=0

[20:35:29.314 CUBESAT]
TS=1786203248.336
PG_5=1
PG_9=0
PG_12=0
FLT_P2=0
FLT_P3=0
HEAT_1_TEMP=0.0
HEAT_1_DUTY=0
HEAT_1_SP=-20.0
ENC_RAW=11648
ENC_ANGLE=255.9375
ENC_ACCUM=-0.0439453125
AUTO_STOP=1
MOTOR_ANGLE=0.0007558139534883722
MOTOR_ACCUM=0.0007558139534883722
MOTOR_ROT=0

[20:35:31.337 CUBESAT]
TS=1786203250.338
PG_5=1
PG_9=0
PG_12=0
FLT_P2=0
FLT_P3=0
HEAT_1_TEMP=0.0
HEAT_1_DUTY=0
HEAT_1_SP=-20.0
ENC_RAW=11649
ENC_ANGLE=255.95947265625
ENC_ACCUM=-0.02197265625
AUTO_STOP=1
MOTOR_ANGLE=0.0007558139534883722
MOTOR_ACCUM=0.0007558139534883722
MOTOR_ROT=0

[20:35:33.367 CUBESAT]
TS=1786203252.340
PG_5=1
PG_9=0
PG_12=0
FLT_P2=0
FLT_P3=0
HEAT_1_TEMP=0.0
HEAT_1_DUTY=0
HEAT_1_SP=-20.0
ENC_RAW=11649
ENC_ANGLE=255.95947265625
ENC_ACCUM=-0.02197265625
AUTO_STOP=1
MOTOR_ANGLE=0.0007558139534883722
MOTOR_ACCUM=0.0007558139534883722
MOTOR_ROT=0

[20:35:35.283 CUBESAT]
TS=1786203254.343
PG_5=1
PG_9=0
PG_12=0
FLT_P2=0
FLT_P3=0
HEAT_1_TEMP=0.0
HEAT_1_DUTY=0
HEAT_1_SP=-20.0
ENC_RAW=11652
ENC_ANGLE=256.025390625
ENC_ACCUM=0.0439453125
AUTO_STOP=1
MOTOR_ANGLE=0.0007558139534883722
MOTOR_ACCUM=0.0007558139534883722
MOTOR_ROT=0

[20:35:37.302 CUBESAT]
TS=1786203256.345
PG_5=1
PG_9=0
PG_12=0
FLT_P2=0
FLT_P3=0
HEAT_1_TEMP=0.0
HEAT_1_DUTY=10
HEAT_1_SP=-20.0
ENC_RAW=11651
ENC_ANGLE=256.00341796875
ENC_ACCUM=0.02197265625
AUTO_STOP=1
MOTOR_ANGLE=0.0007558139534883722
MOTOR_ACCUM=0.0007558139534883722
MOTOR_ROT=0

[20:35:39.320 CUBESAT]
TS=1786203258.347
PG_5=1
PG_9=0
PG_12=0
FLT_P2=0
FLT_P3=0
HEAT_1_TEMP=0.0
HEAT_1_DUTY=0
HEAT_1_SP=-20.0
ENC_RAW=11652
ENC_ANGLE=256.025390625
ENC_ACCUM=0.0439453125
AUTO_STOP=1
MOTOR_ANGLE=0.0007558139534883722
MOTOR_ACCUM=0.0007558139534883722
MOTOR_ROT=0

[20:35:41.340 CUBESAT]
TS=1786203260.349
PG_5=1
PG_9=0
PG_12=0
FLT_P2=0
FLT_P3=0
HEAT_1_TEMP=0.0
HEAT_1_DUTY=0
HEAT_1_SP=-20.0
ENC_RAW=11651
ENC_ANGLE=256.00341796875
ENC_ACCUM=0.02197265625
AUTO_STOP=1
MOTOR_ANGLE=0.0007558139534883722
MOTOR_ACCUM=0.0007558139534883722
MOTOR_ROT=0

[20:35:43.360 CUBESAT]
TS=1786203262.352
PG_5=1
PG_9=0
PG_12=0
FLT_P2=0
FLT_P3=0
HEAT_1_TEMP=0.0
HEAT_1_DUTY=0
HEAT_1_SP=-20.0
ENC_RAW=11651
ENC_ANGLE=256.00341796875
ENC_ACCUM=0.02197265625
AUTO_STOP=1
MOTOR_ANGLE=0.0007558139534883722
MOTOR_ACCUM=0.0007558139534883722
MOTOR_ROT=0

[20:35:45.580 CUBESAT]
TS=1786203264.354
PG_5=1
PG_9=0
PG_12=0
FLT_P2=0
FLT_P3=0
HEAT_1_TEMP=0.0
HEAT_1_DUTY=0
HEAT_1_SP=-20.0
ENC_RAW=11651
ENC_ANGLE=256.00341796875
ENC_ACCUM=0.02197265625
AUTO_STOP=1
MOTOR_ANGLE=0.0007558139534883722
MOTOR_ACCUM=0.0007558139534883722
MOTOR_ROT=0

[20:35:47.396 CUBESAT]
TS=1786203266.355
PG_5=1
PG_9=0
PG_12=0
FLT_P2=0
FLT_P3=0
HEAT_1_TEMP=0.0
HEAT_1_DUTY=10
HEAT_1_SP=-20.0
ENC_RAW=11648
ENC_ANGLE=255.9375
ENC_ACCUM=-0.0439453125
AUTO_STOP=1
MOTOR_ANGLE=0.0007558139534883722
MOTOR_ACCUM=0.0007558139534883722
MOTOR_ROT=0

[20:35:49.554 CUBESAT]
TS=1786203268.357
PG_5=1
PG_9=0
PG_12=0
FLT_P2=0
FLT_P3=0
HEAT_1_TEMP=0.0
HEAT_1_DUTY=0
HEAT_1_SP=-20.0
ENC_RAW=11652
ENC_ANGLE=256.025390625
ENC_ACCUM=0.0439453125
AUTO_STOP=1
MOTOR_ANGLE=0.0007558139534883722
MOTOR_ACCUM=0.0007558139534883722
MOTOR_ROT=0

[20:35:52.277 CUBESAT]
TS=1786203270.359
PG_5=1
PG_9=0
PG_12=0
FLT_P2=0
FLT_P3=0
HEAT_1_TEMP=0.0
HEAT_1_DUTY=0
HEAT_1_SP=-20.0
ENC_RAW=11651
ENC_ANGLE=256.00341796875
ENC_ACCUM=0.02197265625
AUTO_STOP=1
MOTOR_ANGLE=0.0007558139534883722
MOTOR_ACCUM=0.0007558139534883722
MOTOR_ROT=0

[20:35:58.025 CUBESAT]
TS=1786203272.361
PG_5=1
PG_9=0
PG_12=0
FLT_P2=0
FLT_P3=0
HEAT_1_TEMP=0.0
HEAT_1_DUTY=10
HEAT_1_SP=-20.0
ENC_RAW=11651
ENC_ANGLE=256.00341796875
ENC_ACCUM=0.02197265625
AUTO_STOP=1
MOTOR_ANGLE=0.0007558139534883722
MOTOR_ACCUM=0.0007558139534883722
MOTOR_ROT=0

[20:35:58.536 CUBESAT]
TS=1786203274.362
PG_5=1
PG_9=0
PG_12=0
FLT_P2=0
FLT_P3=0
HEAT_1_TEMP=0.0
HEAT_1_DUTY=0
HEAT_1_SP=-20.0
ENC_RAW=11654
ENC_ANGLE=256.0693359375
ENC_ACCUM=0.087890625
AUTO_STOP=1
MOTOR_ANGLE=0.0007558139534883722
MOTOR_ACCUM=0.0007558139534883722
MOTOR_ROT=0
TS=1786203276.362
PG_5=1
PG_9=0
PG_12=0
FLT_P2=0
FLT_P3=0
HEAT_1_TEMP=0.0
HEAT_1_DUTY=0
HEAT_1_SP=-20.0
ENC_RAW=11648
ENC_ANGLE=255.9375
ENC_ACCUM=-0.0439453125
AUTO_STOP=1
MOTOR_ANGLE=0.0007558139534883722
MOTOR_ACCUM=0.0007558139534883722
MOTOR_ROT=0

[20:35:59.851 CUBESAT]
TS=1786203278.365
PG_5=1
PG_9=0
PG_12=0
FLT_P2=0
FLT_P3=0
HEAT_1_TEMP=0.0
HEAT_1_DUTY=0
HEAT_1_SP=-20.0
ENC_RAW=11651
ENC_ANGLE=256.00341796875
ENC_ACCUM=0.02197265625
AUTO_STOP=1
MOTOR_ANGLE=0.0007558139534883722
MOTOR_ACCUM=0.0007558139534883722
MOTOR_ROT=0

[20:36:01.541 CUBESAT]
TS=1786203280.366
PG_5=1
PG_9=0
PG_12=0
FLT_P2=0
FLT_P3=0
HEAT_1_TEMP=0.0
HEAT_1_DUTY=0
HEAT_1_SP=-20.0
ENC_RAW=11650
ENC_ANGLE=255.9814453125
ENC_ACCUM=0.0
AUTO_STOP=1
MOTOR_ANGLE=0.0007558139534883722
MOTOR_ACCUM=0.0007558139534883722
MOTOR_ROT=0

[20:36:03.357 CUBESAT]
TS=1786203282.368
PG_5=1
PG_9=0
PG_12=0
FLT_P2=0
FLT_P3=0
HEAT_1_TEMP=0.0
HEAT_1_DUTY=10
HEAT_1_SP=-20.0
ENC_RAW=11651
ENC_ANGLE=256.00341796875
ENC_ACCUM=0.02197265625
AUTO_STOP=1
MOTOR_ANGLE=0.0007558139534883722
MOTOR_ACCUM=0.0007558139534883722
MOTOR_ROT=0

[20:36:05.579 CUBESAT]
TS=1786203284.371
PG_5=1
PG_9=0
PG_12=0
FLT_P2=0
FLT_P3=0
HEAT_1_TEMP=0.0
HEAT_1_DUTY=0
HEAT_1_SP=-20.0
ENC_RAW=11652
ENC_ANGLE=256.025390625
ENC_ACCUM=0.0439453125
AUTO_STOP=1
MOTOR_ANGLE=0.0007558139534883722
MOTOR_ACCUM=0.0007558139534883722
MOTOR_ROT=0

[20:36:07.623 CUBESAT]
TS=1786203286.373
PG_5=1
PG_9=0
PG_12=0
FLT_P2=0
FLT_P3=0
HEAT_1_TEMP=0.0
HEAT_1_DUTY=0
HEAT_1_SP=-20.0
ENC_RAW=11653
ENC_ANGLE=256.04736328125
ENC_ACCUM=0.06591796875
AUTO_STOP=1
MOTOR_ANGLE=0.0007558139534883722
MOTOR_ACCUM=0.0007558139534883722
MOTOR_ROT=0

[20:36:09.340 CUBESAT]
TS=1786203288.375
PG_5=1
PG_9=0
PG_12=0
FLT_P2=0
FLT_P3=0
HEAT_1_TEMP=0.0
HEAT_1_DUTY=0
HEAT_1_SP=-20.0
ENC_RAW=11651
ENC_ANGLE=256.00341796875
ENC_ACCUM=0.02197265625
AUTO_STOP=1
MOTOR_ANGLE=0.0007558139534883722
MOTOR_ACCUM=0.0007558139534883722
MOTOR_ROT=0

[20:36:11.561 CUBESAT]
TS=1786203290.377
PG_5=1
PG_9=0
PG_12=0
FLT_P2=0
FLT_P3=0
HEAT_1_TEMP=0.0
HEAT_1_DUTY=0
HEAT_1_SP=-20.0
ENC_RAW=11651
ENC_ANGLE=256.00341796875
ENC_ACCUM=0.02197265625
AUTO_STOP=1
MOTOR_ANGLE=0.0007558139534883722
MOTOR_ACCUM=0.0007558139534883722
MOTOR_ROT=0

[20:36:13.596 CUBESAT]
TS=1786203292.378
PG_5=1
PG_9=0
PG_12=0
FLT_P2=0
FLT_P3=0
HEAT_1_TEMP=0.0
HEAT_1_DUTY=10
HEAT_1_SP=-20.0
ENC_RAW=11650
ENC_ANGLE=255.9814453125
ENC_ACCUM=0.0
AUTO_STOP=1
MOTOR_ANGLE=0.0007558139534883722
MOTOR_ACCUM=0.0007558139534883722
MOTOR_ROT=0

[20:36:15.863 CUBESAT]
TS=1786203294.380
PG_5=1
PG_9=0
PG_12=0
FLT_P2=0
FLT_P3=0
HEAT_1_TEMP=0.0
HEAT_1_DUTY=0
HEAT_1_SP=-20.0
ENC_RAW=11648
ENC_ANGLE=255.9375
ENC_ACCUM=-0.0439453125
AUTO_STOP=1
MOTOR_ANGLE=0.0007558139534883722
MOTOR_ACCUM=0.0007558139534883722
MOTOR_ROT=0

[20:36:17.686 CUBESAT]
TS=1786203296.382
PG_5=1
PG_9=0
PG_12=0
FLT_P2=0
FLT_P3=0
HEAT_1_TEMP=0.0
HEAT_1_DUTY=0
HEAT_1_SP=-20.0
ENC_RAW=11651
ENC_ANGLE=256.00341796875
ENC_ACCUM=0.02197265625
AUTO_STOP=1
MOTOR_ANGLE=0.0007558139534883722
MOTOR_ACCUM=0.0007558139534883722
MOTOR_ROT=0

[20:36:19.822 CUBESAT]
TS=1786203298.383
PG_5=1
PG_9=0
PG_12=0
FLT_P2=0
FLT_P3=0
HEAT_1_TEMP=0.0
HEAT_1_DUTY=0
HEAT_1_SP=-20.0
ENC_RAW=11652
ENC_ANGLE=256.025390625
ENC_ACCUM=0.0439453125
AUTO_STOP=1
MOTOR_ANGLE=0.0007558139534883722
MOTOR_ACCUM=0.0007558139534883722
MOTOR_ROT=0

[20:36:21.843 CUBESAT]
TS=1786203300.384
PG_5=1
PG_9=0
PG_12=0
FLT_P2=0
FLT_P3=0
HEAT_1_TEMP=0.0
HEAT_1_DUTY=0
HEAT_1_SP=-20.0
ENC_RAW=11649
ENC_ANGLE=255.95947265625
ENC_ACCUM=-0.02197265625
AUTO_STOP=1
MOTOR_ANGLE=0.0007558139534883722
MOTOR_ACCUM=0.0007558139534883722
MOTOR_ROT=0

[20:36:23.858 CUBESAT]
TS=1786203302.386
PG_5=1
PG_9=0
PG_12=0
FLT_P2=0
FLT_P3=0
HEAT_1_TEMP=0.0
HEAT_1_DUTY=10
HEAT_1_SP=-20.0
ENC_RAW=11652
ENC_ANGLE=256.025390625
ENC_ACCUM=0.0439453125
AUTO_STOP=1
MOTOR_ANGLE=0.0007558139534883722
MOTOR_ACCUM=0.0007558139534883722
MOTOR_ROT=0

[20:36:25.878 CUBESAT]
TS=1786203304.389
PG_5=1
PG_9=0
PG_12=0
FLT_P2=0
FLT_P3=0
HEAT_1_TEMP=0.0
HEAT_1_DUTY=0
HEAT_1_SP=-20.0
ENC_RAW=11650
ENC_ANGLE=255.9814453125
ENC_ACCUM=0.0
AUTO_STOP=1
MOTOR_ANGLE=0.0007558139534883722
MOTOR_ACCUM=0.0007558139534883722
MOTOR_ROT=0

[20:36:28.755 CUBESAT]
TS=1786203306.390
PG_5=1
PG_9=0
PG_12=0
FLT_P2=0
FLT_P3=0
HEAT_1_TEMP=0.0
HEAT_1_DUTY=0
HEAT_1_SP=-20.0
ENC_RAW=11651
ENC_ANGLE=256.00341796875
ENC_ACCUM=0.02197265625
AUTO_STOP=1
MOTOR_ANGLE=0.0007558139534883722
MOTOR_ACCUM=0.0007558139534883722
MOTOR_ROT=0

[20:36:31.687 CUBESAT]
TS=1786203308.391
PG_5=1
PG_9=0
PG_12=0
FLT_P2=0
FLT_P3=0
HEAT_1_TEMP=0.0
HEAT_1_DUTY=10
HEAT_1_SP=-20.0
ENC_RAW=11650
ENC_ANGLE=255.9814453125
ENC_ACCUM=0.0
AUTO_STOP=1
MOTOR_ANGLE=0.0007558139534883722
MOTOR_ACCUM=0.0007558139534883722
MOTOR_ROT=0

[20:36:32.698 CUBESAT]
TS=1786203310.393
PG_5=1
PG_9=0
PG_12=0
FLT_P2=0
FLT_P3=0
HEAT_1_TEMP=0.0
HEAT_1_DUTY=0
HEAT_1_SP=-20.0
ENC_RAW=11652
ENC_ANGLE=256.025390625
ENC_ACCUM=0.0439453125
AUTO_STOP=1
MOTOR_ANGLE=0.0007558139534883722
MOTOR_ACCUM=0.0007558139534883722
MOTOR_ROT=0

[20:36:34.259 CUBESAT]
TS=1786203312.395
PG_5=1
PG_9=0
PG_12=0
FLT_P2=0
FLT_P3=0
HEAT_1_TEMP=0.0
HEAT_1_DUTY=0
HEAT_1_SP=-20.0
ENC_RAW=11651
ENC_ANGLE=256.00341796875
ENC_ACCUM=0.02197265625
AUTO_STOP=1
MOTOR_ANGLE=0.0007558139534883722
MOTOR_ACCUM=0.0007558139534883722
MOTOR_ROT=0

[20:36:36.377 CUBESAT]
TS=1786203314.397
PG_5=1
PG_9=0
PG_12=0
FLT_P2=0
FLT_P3=0
HEAT_1_TEMP=0.0
HEAT_1_DUTY=0
HEAT_1_SP=-20.0
ENC_RAW=11650
ENC_ANGLE=255.9814453125
ENC_ACCUM=0.0
AUTO_STOP=1
MOTOR_ANGLE=0.0007558139534883722
MOTOR_ACCUM=0.0007558139534883722
MOTOR_ROT=0

[20:36:37.994 CUBESAT]
TS=1786203316.398
PG_5=1
PG_9=0
PG_12=0
FLT_P2=0
FLT_P3=0
HEAT_1_TEMP=0.0
HEAT_1_DUTY=0
HEAT_1_SP=-20.0
ENC_RAW=11651
ENC_ANGLE=256.00341796875
ENC_ACCUM=0.02197265625
AUTO_STOP=1
MOTOR_ANGLE=0.0007558139534883722
MOTOR_ACCUM=0.0007558139534883722
MOTOR_ROT=0

[20:36:39.407 CUBESAT]
TS=1786203318.400
PG_5=1
PG_9=0
PG_12=0
FLT_P2=0
FLT_P3=0
HEAT_1_TEMP=0.0
HEAT_1_DUTY=10
HEAT_1_SP=-20.0
ENC_RAW=11648
ENC_ANGLE=255.9375
ENC_ACCUM=-0.0439453125
AUTO_STOP=1
MOTOR_ANGLE=0.0007558139534883722
MOTOR_ACCUM=0.0007558139534883722
MOTOR_ROT=0

[20:36:41.728 CUBESAT]
TS=1786203320.401
PG_5=1
PG_9=0
PG_12=0
FLT_P2=0
FLT_P3=0
HEAT_1_TEMP=0.0
HEAT_1_DUTY=0
HEAT_1_SP=-20.0
ENC_RAW=11653
ENC_ANGLE=256.04736328125
ENC_ACCUM=0.06591796875
AUTO_STOP=1
MOTOR_ANGLE=0.0007558139534883722
MOTOR_ACCUM=0.0007558139534883722
MOTOR_ROT=0

[20:36:43.443 CUBESAT]
TS=1786203322.403
PG_5=1
PG_9=0
PG_12=0
FLT_P2=0
FLT_P3=0
HEAT_1_TEMP=0.0
HEAT_1_DUTY=0
HEAT_1_SP=-20.0
ENC_RAW=11653
ENC_ANGLE=256.04736328125
ENC_ACCUM=0.06591796875
AUTO_STOP=1
MOTOR_ANGLE=0.0007558139534883722
MOTOR_ACCUM=0.0007558139534883722
MOTOR_ROT=0

[20:36:45.500 CUBESAT]
TS=1786203324.405
PG_5=1
PG_9=0
PG_12=0
FLT_P2=0
FLT_P3=0
HEAT_1_TEMP=0.0
HEAT_1_DUTY=0
HEAT_1_SP=-20.0
ENC_RAW=11651
ENC_ANGLE=256.00341796875
ENC_ACCUM=0.02197265625
AUTO_STOP=1
MOTOR_ANGLE=0.0007558139534883722
MOTOR_ACCUM=0.0007558139534883722
MOTOR_ROT=0

[20:36:47.517 CUBESAT]
TS=1786203326.408
PG_5=1
PG_9=0
PG_12=0
FLT_P2=0
FLT_P3=0
HEAT_1_TEMP=0.0
HEAT_1_DUTY=0
HEAT_1_SP=-20.0
ENC_RAW=11651
ENC_ANGLE=256.00341796875
ENC_ACCUM=0.02197265625
AUTO_STOP=1
MOTOR_ANGLE=0.0007558139534883722
MOTOR_ACCUM=0.0007558139534883722
MOTOR_ROT=0

[20:36:49.652 CUBESAT]
TS=1786203328.411
PG_5=1
PG_9=0
PG_12=0
FLT_P2=0
FLT_P3=0
HEAT_1_TEMP=0.0
HEAT_1_DUTY=10
HEAT_1_SP=-20.0
ENC_RAW=11651
ENC_ANGLE=256.00341796875
ENC_ACCUM=0.02197265625
AUTO_STOP=1
MOTOR_ANGLE=0.0007558139534883722
MOTOR_ACCUM=0.0007558139534883722
MOTOR_ROT=0

[20:36:51.566 CUBESAT]
TS=1786203330.411
PG_5=1
PG_9=0
PG_12=0
FLT_P2=0
FLT_P3=0
HEAT_1_TEMP=0.0
HEAT_1_DUTY=0
HEAT_1_SP=-20.0
ENC_RAW=11650
ENC_ANGLE=255.9814453125
ENC_ACCUM=0.0
AUTO_STOP=1
MOTOR_ANGLE=0.0007558139534883722
MOTOR_ACCUM=0.0007558139534883722
MOTOR_ROT=0

[20:36:53.482 CUBESAT]
TS=1786203332.414
PG_5=1
PG_9=0
PG_12=0
FLT_P2=0
FLT_P3=0
HEAT_1_TEMP=0.0
HEAT_1_DUTY=0
HEAT_1_SP=-20.0
ENC_RAW=11652
ENC_ANGLE=256.025390625
ENC_ACCUM=0.0439453125
AUTO_STOP=1
MOTOR_ANGLE=0.0007558139534883722
MOTOR_ACCUM=0.0007558139534883722
MOTOR_ROT=0

[20:36:55.534 CUBESAT]
TS=1786203334.415
PG_5=1
PG_9=0
PG_12=0
FLT_P2=0
FLT_P3=0
HEAT_1_TEMP=0.0
HEAT_1_DUTY=0
HEAT_1_SP=-20.0
ENC_RAW=11652
ENC_ANGLE=256.025390625
ENC_ACCUM=0.0439453125
AUTO_STOP=1
MOTOR_ANGLE=0.0007558139534883722
MOTOR_ACCUM=0.0007558139534883722
MOTOR_ROT=0

[20:36:57.450 CUBESAT]
TS=1786203336.418
PG_5=1
PG_9=0
PG_12=0
FLT_P2=0
FLT_P3=0
HEAT_1_TEMP=0.0
HEAT_1_DUTY=0
HEAT_1_SP=-20.0
ENC_RAW=11649
ENC_ANGLE=255.95947265625
ENC_ACCUM=-0.02197265625
AUTO_STOP=1
MOTOR_ANGLE=0.0007558139534883722
MOTOR_ACCUM=0.0007558139534883722
MOTOR_ROT=0

[20:36:59.690 CUBESAT]
TS=1786203338.420
PG_5=1
PG_9=0
PG_12=0
FLT_P2=0
FLT_P3=0
HEAT_1_TEMP=0.0
HEAT_1_DUTY=0
HEAT_1_SP=-20.0
ENC_RAW=11651
ENC_ANGLE=256.00341796875
ENC_ACCUM=0.02197265625
AUTO_STOP=1
MOTOR_ANGLE=0.0007558139534883722
MOTOR_ACCUM=0.0007558139534883722
MOTOR_ROT=0

[20:37:01.610 CUBESAT]
TS=1786203340.421
PG_5=1
PG_9=0
PG_12=0
FLT_P2=0
FLT_P3=0
HEAT_1_TEMP=0.0
HEAT_1_DUTY=0
HEAT_1_SP=-20.0
ENC_RAW=11652
ENC_ANGLE=256.025390625
ENC_ACCUM=0.0439453125
AUTO_STOP=1
MOTOR_ANGLE=0.0007558139534883722
MOTOR_ACCUM=0.0007558139534883722
MOTOR_ROT=0

[20:37:03.627 CUBESAT]
TS=1786203342.423
PG_5=1
PG_9=0
PG_12=0
FLT_P2=0
FLT_P3=0
HEAT_1_TEMP=0.0
HEAT_1_DUTY=0
HEAT_1_SP=-20.0
ENC_RAW=11653
ENC_ANGLE=256.04736328125
ENC_ACCUM=0.06591796875
AUTO_STOP=1
MOTOR_ANGLE=0.0007558139534883722
MOTOR_ACCUM=0.0007558139534883722
MOTOR_ROT=0

[20:37:05.876 CUBESAT]
TS=1786203344.425
PG_5=1
PG_9=0
PG_12=0
FLT_P2=0
FLT_P3=0
HEAT_1_TEMP=0.0
HEAT_1_DUTY=10
HEAT_1_SP=-20.0
ENC_RAW=11650
ENC_ANGLE=255.9814453125
ENC_ACCUM=0.0
AUTO_STOP=1
MOTOR_ANGLE=0.0007558139534883722
MOTOR_ACCUM=0.0007558139534883722
MOTOR_ROT=0

[20:37:08.425 CUBESAT]
TS=1786203346.428
PG_5=1
PG_9=0
PG_12=0
FLT_P2=0
FLT_P3=0
HEAT_1_TEMP=0.0
HEAT_1_DUTY=0
HEAT_1_SP=-20.0
ENC_RAW=11648
ENC_ANGLE=255.9375
ENC_ACCUM=-0.0439453125
AUTO_STOP=1
MOTOR_ANGLE=0.0007558139534883722
MOTOR_ACCUM=0.0007558139534883722
MOTOR_ROT=0

[20:37:09.637 CUBESAT]
TS=1786203348.430
PG_5=1
PG_9=0
PG_12=0
FLT_P2=0
FLT_P3=0
HEAT_1_TEMP=0.0
HEAT_1_DUTY=0
HEAT_1_SP=-20.0
ENC_RAW=11649
ENC_ANGLE=255.95947265625
ENC_ACCUM=-0.02197265625
AUTO_STOP=1
MOTOR_ANGLE=0.0007558139534883722
MOTOR_ACCUM=0.0007558139534883722
MOTOR_ROT=0

[20:37:11.651 CUBESAT]
TS=1786203350.432
PG_5=1
PG_9=0
PG_12=0
FLT_P2=0
FLT_P3=0
HEAT_1_TEMP=0.0
HEAT_1_DUTY=0
HEAT_1_SP=-20.0
ENC_RAW=11649
ENC_ANGLE=255.95947265625
ENC_ACCUM=-0.02197265625
AUTO_STOP=1
MOTOR_ANGLE=0.0007558139534883722
MOTOR_ACCUM=0.0007558139534883722
MOTOR_ROT=0

[20:37:13.571 CUBESAT]
TS=1786203352.435
PG_5=1
PG_9=0
PG_12=0
FLT_P2=0
FLT_P3=0
HEAT_1_TEMP=0.0
HEAT_1_DUTY=0
HEAT_1_SP=-20.0
ENC_RAW=11652
ENC_ANGLE=256.025390625
ENC_ACCUM=0.0439453125
AUTO_STOP=1
MOTOR_ANGLE=0.0007558139534883722
MOTOR_ACCUM=0.0007558139534883722
MOTOR_ROT=0

[20:37:15.488 CUBESAT]
TS=1786203354.437
PG_5=1
PG_9=0
PG_12=0
FLT_P2=0
FLT_P3=0
HEAT_1_TEMP=0.0
HEAT_1_DUTY=10
HEAT_1_SP=-20.0
ENC_RAW=11652
ENC_ANGLE=256.025390625
ENC_ACCUM=0.0439453125
AUTO_STOP=1
MOTOR_ANGLE=0.0007558139534883722
MOTOR_ACCUM=0.0007558139534883722
MOTOR_ROT=0

[20:37:18.224 CUBESAT]
TS=1786203356.439
PG_5=1
PG_9=0
PG_12=0
FLT_P2=0
FLT_P3=0
HEAT_1_TEMP=0.0
HEAT_1_DUTY=0
HEAT_1_SP=-20.0
ENC_RAW=11650
ENC_ANGLE=255.9814453125
ENC_ACCUM=0.0
AUTO_STOP=1
MOTOR_ANGLE=0.0007558139534883722
MOTOR_ACCUM=0.0007558139534883722
MOTOR_ROT=0

[20:37:25.027 CUBESAT]
TS=1786203358.441
PG_5=1
PG_9=0
PG_12=0
FLT_P2=0
FLT_P3=0
HEAT_1_TEMP=0.0
HEAT_1_DUTY=0
HEAT_1_SP=-20.0
ENC_RAW=11653
ENC_ANGLE=256.04736328125
ENC_ACCUM=0.06591796875
AUTO_STOP=1
MOTOR_ANGLE=0.0007558139534883722
MOTOR_ACCUM=0.0007558139534883722
MOTOR_ROT=0

[20:37:25.337 CUBESAT]
TS=1786203360.443
PG_5=1
PG_9=0
PG_12=0
FLT_P2=0
FLT_P3=0
HEAT_1_TEMP=0.0
HEAT_1_DUTY=0
HEAT_1_SP=-20.0
ENC_RAW=11652
ENC_ANGLE=256.025390625
ENC_ACCUM=0.0439453125
AUTO_STOP=1
MOTOR_ANGLE=0.0007558139534883722
MOTOR_ACCUM=0.0007558139534883722
MOTOR_ROT=0
TS=1786203362.446
PG_5=1
PG_9=0
PG_12=0
FLT_P2=0
FLT_P3=0
HEAT_1_TEMP=0.0
HEAT_1_DUTY=0
HEAT_1_SP=-20.0
ENC_RAW=11651
ENC_ANGLE=256.00341796875
ENC_ACCUM=0.02197265625
AUTO_STOP=1
MOTOR_ANGLE=0.0007558139534883722
MOTOR_ACCUM=0.0007558139534883722
MOTOR_ROT=0

[20:37:26.050 CUBESAT]
TS=1786203364.448
PG_5=1
PG_9=0
PG_12=0
FLT_P2=0
FLT_P3=0
HEAT_1_TEMP=0.0
HEAT_1_DUTY=0
HEAT_1_SP=-20.0
ENC_RAW=11651
ENC_ANGLE=256.00341796875
ENC_ACCUM=0.02197265625
AUTO_STOP=1
MOTOR_ANGLE=0.0007558139534883722
MOTOR_ACCUM=0.0007558139534883722
MOTOR_ROT=0

[20:37:27.770 CUBESAT]
TS=1786203366.450
PG_5=1
PG_9=0
PG_12=0
FLT_P2=0
FLT_P3=0
HEAT_1_TEMP=0.0
HEAT_1_DUTY=0
HEAT_1_SP=-20.0
ENC_RAW=11651
ENC_ANGLE=256.00341796875
ENC_ACCUM=0.02197265625
AUTO_STOP=1
MOTOR_ANGLE=0.0007558139534883722
MOTOR_ACCUM=0.0007558139534883722
MOTOR_ROT=0

[20:37:29.896 CUBESAT]
TS=1786203368.452
PG_5=1
PG_9=0
PG_12=0
FLT_P2=0
FLT_P3=0
HEAT_1_TEMP=0.0
HEAT_1_DUTY=0
HEAT_1_SP=-20.0
ENC_RAW=11648
ENC_ANGLE=255.9375
ENC_ACCUM=-0.0439453125
AUTO_STOP=1
MOTOR_ANGLE=0.0007558139534883722
MOTOR_ACCUM=0.0007558139534883722
MOTOR_ROT=0

[20:37:33.222 CUBESAT]
TS=1786203370.454
PG_5=1
PG_9=0
PG_12=0
FLT_P2=0
FLT_P3=0
HEAT_1_TEMP=0.0
HEAT_1_DUTY=0
HEAT_1_SP=-20.0
ENC_RAW=11651
ENC_ANGLE=256.00341796875
ENC_ACCUM=0.02197265625
AUTO_STOP=1
MOTOR_ANGLE=0.0007558139534883722
MOTOR_ACCUM=0.0007558139534883722
MOTOR_ROT=0

[20:37:34.142 CUBESAT]
TS=1786203372.455
PG_5=1
PG_9=0
PG_12=0
FLT_P2=0
FLT_P3=0
HEAT_1_TEMP=0.0
HEAT_1_DUTY=0
HEAT_1_SP=-20.0
ENC_RAW=11650
ENC_ANGLE=255.9814453125
ENC_ACCUM=0.0
AUTO_STOP=1
MOTOR_ANGLE=0.0007558139534883722
MOTOR_ACCUM=0.0007558139534883722
MOTOR_ROT=0

[20:37:36.626 CUBESAT]
TS=1786203374.458
PG_5=1
PG_9=0
PG_12=0
FLT_P2=0
FLT_P3=0
HEAT_1_TEMP=0.0
HEAT_1_DUTY=10
HEAT_1_SP=-20.0
ENC_RAW=11651
ENC_ANGLE=256.00341796875
ENC_ACCUM=0.02197265625
AUTO_STOP=1
MOTOR_ANGLE=0.0007558139534883722
MOTOR_ACCUM=0.0007558139534883722
MOTOR_ROT=0

[20:37:38.144 CUBESAT]
TS=1786203376.460
PG_5=1
PG_9=0
PG_12=0
FLT_P2=0
FLT_P3=0
HEAT_1_TEMP=0.0
HEAT_1_DUTY=0
HEAT_1_SP=-20.0
ENC_RAW=11651
ENC_ANGLE=256.00341796875
ENC_ACCUM=0.02197265625
AUTO_STOP=1
MOTOR_ANGLE=0.0007558139534883722
MOTOR_ACCUM=0.0007558139534883722
MOTOR_ROT=0

