[21:37:32.546 EBOX]
TS=1786200750.455
V_SENSE5=1.11328125
V_SENSE9=0.03662109375
V_SENSE12=0.126953125
ADC_V5=4.9383544921875
ADC_V9=9.21295166015625
ADC_V12=11.9122314453125
ADC_V28=28.02825927734375
THERMAL_SENS_OUT_1=25
THERMAL_SENS_OUT_2=-50
THERMAL_SENS_OUT_3=27
THERMAL_SENS_OUT_4=29
THERMAL_SENS_OUT_5=29
THERMAL_SENS_OUT_6=-50
THERMAL_SENS_INT_1=30
THERMAL_SENS_INT_2=31
PG_5=1
PG_9=0
PG_12=1
FLT_P2=0
FLT_P3=0
HEAT_1_TEMP=25
HEAT_1_DUTY=0
HEAT_1_SP=-20.0
HEAT_2_TEMP=27
HEAT_2_DUTY=0
HEAT_2_SP=-20.0
HEAT_3_TEMP=29
HEAT_3_DUTY=0
HEAT_3_SP=-20.0
HEAT_4_TEMP=29
HEAT_4_DUTY=0
HEAT_4_SP=-20.0

[21:37:34.899 EBOX]
TS=1786200752.463
V_SENSE5=1.09619140625
V_SENSE9=0.06591796875
V_SENSE12=0.13916015625
ADC_V5=5.21270751953125
ADC_V9=9.027099609375
ADC_V12=11.67327880859375
ADC_V28=27.718505859375
THERMAL_SENS_OUT_1=26
THERMAL_SENS_OUT_2=-50
THERMAL_SENS_OUT_3=24
THERMAL_SENS_OUT_4=31
THERMAL_SENS_OUT_5=29
THERMAL_SENS_OUT_6=-50
THERMAL_SENS_INT_1=26
THERMAL_SENS_INT_2=32
PG_5=1
PG_9=0
PG_12=1
FLT_P2=0
FLT_P3=0
HEAT_1_TEMP=26
HEAT_1_DUTY=0
HEAT_1_SP=-20.0
HEAT_2_TEMP=24
HEAT_2_DUTY=0
HEAT_2_SP=-20.0
HEAT_3_TEMP=31
HEAT_3_DUTY=0
HEAT_3_SP=-20.0
HEAT_4_TEMP=29
HEAT_4_DUTY=0
HEAT_4_SP=-20.0

[21:37:36.640 EBOX]
TS=1786200754.458
V_SENSE5=1.20361328125
V_SENSE9=0.0341796875
V_SENSE12=0.1171875
ADC_V5=4.91180419921875
ADC_V9=9.17755126953125
ADC_V12=11.6644287109375
ADC_V28=27.5946044921875
THERMAL_SENS_OUT_1=26
THERMAL_SENS_OUT_2=-50
THERMAL_SENS_OUT_3=24
THERMAL_SENS_OUT_4=26
THERMAL_SENS_OUT_5=32
THERMAL_SENS_OUT_6=-50
THERMAL_SENS_INT_1=29
THERMAL_SENS_INT_2=26
PG_5=1
PG_9=0
PG_12=1
FLT_P2=0
FLT_P3=0
HEAT_1_TEMP=26
HEAT_1_DUTY=0
HEAT_1_SP=-20.0
HEAT_2_TEMP=24
HEAT_2_DUTY=0
HEAT_2_SP=-20.0
HEAT_3_TEMP=26
HEAT_3_DUTY=0
HEAT_3_SP=-20.0
HEAT_4_TEMP=32
HEAT_4_DUTY=0
HEAT_4_SP=-20.0

[21:37:38.725 EBOX]
TS=1786200756.460
V_SENSE5=1.1279296875
V_SENSE9=0.0390625
V_SENSE12=0.12451171875
ADC_V5=4.991455078125
ADC_V9=9.08905029296875
ADC_V12=11.65557861328125
ADC_V28=28.20526123046875
THERMAL_SENS_OUT_1=28
THERMAL_SENS_OUT_2=-50
THERMAL_SENS_OUT_3=29
THERMAL_SENS_OUT_4=26
THERMAL_SENS_OUT_5=29
THERMAL_SENS_OUT_6=-50
THERMAL_SENS_INT_1=31
THERMAL_SENS_INT_2=28
PG_5=1
PG_9=0
PG_12=1
FLT_P2=0
FLT_P3=0
HEAT_1_TEMP=28
HEAT_1_DUTY=0
HEAT_1_SP=-20.0
HEAT_2_TEMP=29
HEAT_2_DUTY=0
HEAT_2_SP=-20.0
HEAT_3_TEMP=26
HEAT_3_DUTY=0
HEAT_3_SP=-20.0
HEAT_4_TEMP=29
HEAT_4_DUTY=0
HEAT_4_SP=-20.0

[21:37:40.811 EBOX]
TS=1786200758.463
V_SENSE5=1.14013671875
V_SENSE9=0.0341796875
V_SENSE12=0.15380859375
ADC_V5=4.89410400390625
ADC_V9=8.87664794921875
ADC_V12=11.788330078125
ADC_V28=27.17864990234375
THERMAL_SENS_OUT_1=25
THERMAL_SENS_OUT_2=-50
THERMAL_SENS_OUT_3=26
THERMAL_SENS_OUT_4=30
THERMAL_SENS_OUT_5=27
THERMAL_SENS_OUT_6=-50
THERMAL_SENS_INT_1=27
THERMAL_SENS_INT_2=26
PG_5=1
PG_9=0
PG_12=1
FLT_P2=0
FLT_P3=0
HEAT_1_TEMP=25
HEAT_1_DUTY=0
HEAT_1_SP=-20.0
HEAT_2_TEMP=26
HEAT_2_DUTY=0
HEAT_2_SP=-20.0
HEAT_3_TEMP=30
HEAT_3_DUTY=0
HEAT_3_SP=-20.0
HEAT_4_TEMP=27
HEAT_4_DUTY=0
HEAT_4_SP=-20.0

[21:37:42.736 EBOX]
TS=1786200760.463
V_SENSE5=1.26953125
V_SENSE9=0.0390625
V_SENSE12=0.10009765625
ADC_V5=5.08880615234375
ADC_V9=8.99169921875
ADC_V12=11.54937744140625
ADC_V28=27.860107421875
THERMAL_SENS_OUT_1=29
THERMAL_SENS_OUT_2=-50
THERMAL_SENS_OUT_3=25
THERMAL_SENS_OUT_4=26
THERMAL_SENS_OUT_5=31
THERMAL_SENS_OUT_6=-50
THERMAL_SENS_INT_1=30
THERMAL_SENS_INT_2=27
PG_5=1
PG_9=0
PG_12=1
FLT_P2=0
FLT_P3=0
HEAT_1_TEMP=29
HEAT_1_DUTY=0
HEAT_1_SP=-20.0
HEAT_2_TEMP=25
HEAT_2_DUTY=0
HEAT_2_SP=-20.0
HEAT_3_TEMP=26
HEAT_3_DUTY=0
HEAT_3_SP=-20.0
HEAT_4_TEMP=31
HEAT_4_DUTY=0
HEAT_4_SP=-20.0

[21:37:44.553 EBOX]
TS=1786200764.274
V_SENSE5=1.142578125
V_SENSE9=0.0390625
V_SENSE12=0.126953125
ADC_V5=5.0091552734375
ADC_V9=9.42535400390625
ADC_V12=11.9122314453125
ADC_V28=27.860107421875
THERMAL_SENS_OUT_1=31
THERMAL_SENS_OUT_2=-50
THERMAL_SENS_OUT_3=30
THERMAL_SENS_OUT_4=27
THERMAL_SENS_OUT_5=33
THERMAL_SENS_OUT_6=-50
THERMAL_SENS_INT_1=30
THERMAL_SENS_INT_2=27
PG_5=1
PG_9=0
PG_12=1
FLT_P2=0
FLT_P3=0
HEAT_1_TEMP=31
HEAT_1_DUTY=0
HEAT_1_SP=-20.0
HEAT_2_TEMP=30
HEAT_2_DUTY=0
HEAT_2_SP=-20.0
HEAT_3_TEMP=27
HEAT_3_DUTY=0
HEAT_3_SP=-20.0
HEAT_4_TEMP=33
HEAT_4_DUTY=0
HEAT_4_SP=-20.0

[21:37:45.206 EBOX]
TS=1786200764.785
V_SENSE5=1.0595703125
V_SENSE9=0.048828125
V_SENSE12=0.107421875
ADC_V5=4.9383544921875
ADC_V9=9.3634033203125
ADC_V12=11.76177978515625
ADC_V28=27.76275634765625
THERMAL_SENS_OUT_1=28
THERMAL_SENS_OUT_2=-50
THERMAL_SENS_OUT_3=24
THERMAL_SENS_OUT_4=27
THERMAL_SENS_OUT_5=29
THERMAL_SENS_OUT_6=-50
THERMAL_SENS_INT_1=31
THERMAL_SENS_INT_2=26
PG_5=1
PG_9=0
PG_12=1
FLT_P2=0
FLT_P3=0
HEAT_1_TEMP=28
HEAT_1_DUTY=0
HEAT_1_SP=-20.0
HEAT_2_TEMP=24
HEAT_2_DUTY=0
HEAT_2_SP=-20.0
HEAT_3_TEMP=27
HEAT_3_DUTY=0
HEAT_3_SP=-20.0
HEAT_4_TEMP=29
HEAT_4_DUTY=0
HEAT_4_SP=-20.0

[21:37:45.716 EBOX]
TS=1786200765.284
V_SENSE5=0.99365234375
V_SENSE9=0.03662109375
V_SENSE12=0.09765625
ADC_V5=4.96490478515625
ADC_V9=9.62005615234375
ADC_V12=11.49627685546875
ADC_V28=28.214111328125
THERMAL_SENS_OUT_1=26
THERMAL_SENS_OUT_2=-50
THERMAL_SENS_OUT_3=26
THERMAL_SENS_OUT_4=28
THERMAL_SENS_OUT_5=33
THERMAL_SENS_OUT_6=-50
THERMAL_SENS_INT_1=27
THERMAL_SENS_INT_2=25
PG_5=1
PG_9=0
PG_12=1
FLT_P2=0
FLT_P3=0
HEAT_1_TEMP=26
HEAT_1_DUTY=0
HEAT_1_SP=-20.0
HEAT_2_TEMP=26
HEAT_2_DUTY=0
HEAT_2_SP=-20.0
HEAT_3_TEMP=28
HEAT_3_DUTY=0
HEAT_3_SP=-20.0
HEAT_4_TEMP=33
HEAT_4_DUTY=0
HEAT_4_SP=-20.0

[21:37:46.227 EBOX]
TS=1786200765.779
V_SENSE5=1.1328125
V_SENSE9=0.03662109375
V_SENSE12=0.0927734375
ADC_V5=4.88525390625
ADC_V9=9.49615478515625
ADC_V12=11.76177978515625
ADC_V28=27.6300048828125
THERMAL_SENS_OUT_1=27
THERMAL_SENS_OUT_2=-50
THERMAL_SENS_OUT_3=28
THERMAL_SENS_OUT_4=28
THERMAL_SENS_OUT_5=28
THERMAL_SENS_OUT_6=-50
THERMAL_SENS_INT_1=29
THERMAL_SENS_INT_2=26
PG_5=1
PG_9=0
PG_12=1
FLT_P2=0
FLT_P3=0
HEAT_1_TEMP=27
HEAT_1_DUTY=0
HEAT_1_SP=-20.0
HEAT_2_TEMP=28
HEAT_2_DUTY=0
HEAT_2_SP=-20.0
HEAT_3_TEMP=28
HEAT_3_DUTY=0
HEAT_3_SP=-20.0
HEAT_4_TEMP=28
HEAT_4_DUTY=0
HEAT_4_SP=-20.0

[21:37:46.537 EBOX]
TS=1786200766.281
V_SENSE5=1.3671875
V_SENSE9=0.0341796875
V_SENSE12=0.13427734375
ADC_V5=5.00030517578125
ADC_V9=9.345703125
ADC_V12=11.575927734375
ADC_V28=27.97515869140625
THERMAL_SENS_OUT_1=31
THERMAL_SENS_OUT_2=-50
THERMAL_SENS_OUT_3=26
THERMAL_SENS_OUT_4=30
THERMAL_SENS_OUT_5=28
THERMAL_SENS_OUT_6=-50
THERMAL_SENS_INT_1=25
THERMAL_SENS_INT_2=29
PG_5=1
PG_9=0
PG_12=1
FLT_P2=0
FLT_P3=0
HEAT_1_TEMP=31
HEAT_1_DUTY=0
HEAT_1_SP=-20.0
HEAT_2_TEMP=26
HEAT_2_DUTY=0
HEAT_2_SP=-20.0
HEAT_3_TEMP=30
HEAT_3_DUTY=0
HEAT_3_SP=-20.0
HEAT_4_TEMP=28
HEAT_4_DUTY=0
HEAT_4_SP=-20.0

[21:37:48.394 EBOX]
TS=1786200766.782
V_SENSE5=1.1328125
V_SENSE9=0.03662109375
V_SENSE12=0.1025390625
ADC_V5=4.89410400390625
ADC_V9=9.3988037109375
ADC_V12=11.717529296875
ADC_V28=27.7008056640625
THERMAL_SENS_OUT_1=29
THERMAL_SENS_OUT_2=-50
THERMAL_SENS_OUT_3=30
THERMAL_SENS_OUT_4=27
THERMAL_SENS_OUT_5=31
THERMAL_SENS_OUT_6=-50
THERMAL_SENS_INT_1=29
THERMAL_SENS_INT_2=27
PG_5=1
PG_9=0
PG_12=1
FLT_P2=0
FLT_P3=0
HEAT_1_TEMP=29
HEAT_1_DUTY=0
HEAT_1_SP=-20.0
HEAT_2_TEMP=30
HEAT_2_DUTY=0
HEAT_2_SP=-20.0
HEAT_3_TEMP=27
HEAT_3_DUTY=0
HEAT_3_SP=-20.0
HEAT_4_TEMP=31
HEAT_4_DUTY=0
HEAT_4_SP=-20.0

[21:37:48.717 EBOX]
TS=1786200767.283
V_SENSE5=1.14501953125
V_SENSE9=0.0341796875
V_SENSE12=0.10498046875
ADC_V5=4.8321533203125
ADC_V9=9.239501953125
ADC_V12=11.8414306640625
ADC_V28=27.72735595703125
THERMAL_SENS_OUT_1=28
THERMAL_SENS_OUT_2=-50
THERMAL_SENS_OUT_3=27
THERMAL_SENS_OUT_4=27
THERMAL_SENS_OUT_5=33
THERMAL_SENS_OUT_6=-50
THERMAL_SENS_INT_1=28
THERMAL_SENS_INT_2=26
PG_5=1
PG_9=0
PG_12=1
FLT_P2=0
FLT_P3=0
HEAT_1_TEMP=28
HEAT_1_DUTY=0
HEAT_1_SP=-20.0
HEAT_2_TEMP=27
HEAT_2_DUTY=0
HEAT_2_SP=-20.0
HEAT_3_TEMP=27
HEAT_3_DUTY=0
HEAT_3_SP=-20.0
HEAT_4_TEMP=33
HEAT_4_DUTY=0
HEAT_4_SP=-20.0
TS=1786200767.789
V_SENSE5=1.09375
V_SENSE9=0.0390625
V_SENSE12=0.09765625
ADC_V5=4.9560546875
ADC_V9=9.2218017578125
ADC_V12=11.859130859375
ADC_V28=28.20526123046875
THERMAL_SENS_OUT_1=32
THERMAL_SENS_OUT_2=-50
THERMAL_SENS_OUT_3=26
THERMAL_SENS_OUT_4=27
THERMAL_SENS_OUT_5=29
THERMAL_SENS_OUT_6=-50
THERMAL_SENS_INT_1=25
THERMAL_SENS_INT_2=26
PG_5=1
PG_9=0
PG_12=1
FLT_P2=0
FLT_P3=0
HEAT_1_TEMP=32
HEAT_1_DUTY=0
HEAT_1_SP=-20.0
HEAT_2_TEMP=26
HEAT_2_DUTY=0
HEAT_2_SP=-20.0
HEAT_3_TEMP=27
HEAT_3_DUTY=0
HEAT_3_SP=-20.0
HEAT_4_TEMP=29
HEAT_4_DUTY=0
HEAT_4_SP=-20.0

[21:37:48.929 EBOX]
TS=1786200768.293
V_SENSE5=1.005859375
V_SENSE9=0.0341796875
V_SENSE12=0.1220703125
ADC_V5=4.9737548828125
ADC_V9=9.40765380859375
ADC_V12=11.77947998046875
ADC_V28=27.69195556640625
THERMAL_SENS_OUT_1=32
THERMAL_SENS_OUT_2=-50
THERMAL_SENS_OUT_3=27
THERMAL_SENS_OUT_4=30
THERMAL_SENS_OUT_5=27
THERMAL_SENS_OUT_6=-50
THERMAL_SENS_INT_1=31
THERMAL_SENS_INT_2=29
PG_5=1
PG_9=0
PG_12=1
FLT_P2=0
FLT_P3=0
HEAT_1_TEMP=32
HEAT_1_DUTY=0
HEAT_1_SP=-20.0
HEAT_2_TEMP=27
HEAT_2_DUTY=0
HEAT_2_SP=-20.0
HEAT_3_TEMP=30
HEAT_3_DUTY=0
HEAT_3_SP=-20.0
HEAT_4_TEMP=27
HEAT_4_DUTY=0
HEAT_4_SP=-20.0

[21:37:49.140 EBOX]
TS=1786200768.796
V_SENSE5=0.9912109375
V_SENSE9=0.03662109375
V_SENSE12=0.15380859375
ADC_V5=4.920654296875
ADC_V9=9.33685302734375
ADC_V12=11.90338134765625
ADC_V28=27.28485107421875
THERMAL_SENS_OUT_1=25
THERMAL_SENS_OUT_2=-50
THERMAL_SENS_OUT_3=24
THERMAL_SENS_OUT_4=26
THERMAL_SENS_OUT_5=29
THERMAL_SENS_OUT_6=-50
THERMAL_SENS_INT_1=24
THERMAL_SENS_INT_2=32
PG_5=1
PG_9=0
PG_12=1
FLT_P2=0
FLT_P3=0
HEAT_1_TEMP=25
HEAT_1_DUTY=0
HEAT_1_SP=-20.0
HEAT_2_TEMP=24
HEAT_2_DUTY=0
HEAT_2_SP=-20.0
HEAT_3_TEMP=26
HEAT_3_DUTY=0
HEAT_3_SP=-20.0
HEAT_4_TEMP=29
HEAT_4_DUTY=0
HEAT_4_SP=-20.0

[21:37:49.781 EBOX]
TS=1786200769.294
V_SENSE5=0.99365234375
V_SENSE9=0.0390625
V_SENSE12=0.09765625
ADC_V5=4.85870361328125
ADC_V9=9.0625
ADC_V12=11.47857666015625
ADC_V28=27.647705078125
THERMAL_SENS_OUT_1=25
THERMAL_SENS_OUT_2=-50
THERMAL_SENS_OUT_3=29
THERMAL_SENS_OUT_4=25
THERMAL_SENS_OUT_5=31
THERMAL_SENS_OUT_6=-50
THERMAL_SENS_INT_1=27
THERMAL_SENS_INT_2=26
PG_5=1
PG_9=0
PG_12=1
FLT_P2=0
FLT_P3=0
HEAT_1_TEMP=25
HEAT_1_DUTY=0
HEAT_1_SP=-20.0
HEAT_2_TEMP=29
HEAT_2_DUTY=0
HEAT_2_SP=-20.0
HEAT_3_TEMP=25
HEAT_3_DUTY=0
HEAT_3_SP=-20.0
HEAT_4_TEMP=31
HEAT_4_DUTY=0
HEAT_4_SP=-20.0

[21:37:50.157 CUBESAT]
TS=1786202538.282
PG_5=1
PG_9=0
PG_12=0
FLT_P2=0
FLT_P3=0
HEAT_1_TEMP=0.0
HEAT_1_DUTY=0
HEAT_1_SP=-20.0
ENC_RAW=10255
ENC_ANGLE=225.32958984375
ENC_ACCUM=-0.0439453125
AUTO_STOP=1
MOTOR_ANGLE=0.0011482558139534885
MOTOR_ACCUM=0.0011482558139534885
MOTOR_ROT=0

[21:37:52.201 EBOX]
TS=1786200769.796
V_SENSE5=1.26708984375
V_SENSE9=0.03662109375
V_SENSE12=0.09765625
ADC_V5=4.96490478515625
ADC_V9=9.0802001953125
ADC_V12=11.77947998046875
ADC_V28=27.68310546875
THERMAL_SENS_OUT_1=30
THERMAL_SENS_OUT_2=-50
THERMAL_SENS_OUT_3=29
THERMAL_SENS_OUT_4=27
THERMAL_SENS_OUT_5=29
THERMAL_SENS_OUT_6=-50
THERMAL_SENS_INT_1=29
THERMAL_SENS_INT_2=26
PG_5=1
PG_9=0
PG_12=1
FLT_P2=0
FLT_P3=0
HEAT_1_TEMP=30
HEAT_1_DUTY=0
HEAT_1_SP=-20.0
HEAT_2_TEMP=29
HEAT_2_DUTY=0
HEAT_2_SP=-20.0
HEAT_3_TEMP=27
HEAT_3_DUTY=0
HEAT_3_SP=-20.0
HEAT_4_TEMP=29
HEAT_4_DUTY=0
HEAT_4_SP=-20.0
TS=1786200770.297
V_SENSE5=1.10107421875
V_SENSE9=0.0341796875
V_SENSE12=0.12939453125
ADC_V5=4.92950439453125
ADC_V9=9.03594970703125
ADC_V12=11.82373046875
ADC_V28=27.74505615234375
THERMAL_SENS_OUT_1=26
THERMAL_SENS_OUT_2=-50
THERMAL_SENS_OUT_3=25
THERMAL_SENS_OUT_4=30
THERMAL_SENS_OUT_5=29
THERMAL_SENS_OUT_6=-50
THERMAL_SENS_INT_1=26
THERMAL_SENS_INT_2=29
PG_5=1
PG_9=0
PG_12=1
FLT_P2=0
FLT_P3=0
HEAT_1_TEMP=26
HEAT_1_DUTY=0
HEAT_1_SP=-20.0
HEAT_2_TEMP=25
HEAT_2_DUTY=0
HEAT_2_SP=-20.0
HEAT_3_TEMP=30
HEAT_3_DUTY=0
HEAT_3_SP=-20.0
HEAT_4_TEMP=29
HEAT_4_DUTY=0
HEAT_4_SP=-20.0

[21:37:52.612 CUBESAT]
TS=1786202540.284
PG_5=1
PG_9=0
PG_12=0
FLT_P2=0
FLT_P3=0
HEAT_1_TEMP=0.0
HEAT_1_DUTY=10
HEAT_1_SP=-20.0
ENC_RAW=10258
ENC_ANGLE=225.3955078125
ENC_ACCUM=0.02197265625
AUTO_STOP=1
MOTOR_ANGLE=0.0011482558139534885
MOTOR_ACCUM=0.0011482558139534885
MOTOR_ROT=0

[21:37:53.138 EBOX]
TS=1786200770.799
V_SENSE5=1.18896484375
V_SENSE9=0.0341796875
V_SENSE12=0.1025390625
ADC_V5=4.91180419921875
ADC_V9=8.9739990234375
ADC_V12=11.575927734375
ADC_V28=28.06365966796875
THERMAL_SENS_OUT_1=28
THERMAL_SENS_OUT_2=-50
THERMAL_SENS_OUT_3=26
THERMAL_SENS_OUT_4=31
THERMAL_SENS_OUT_5=29
THERMAL_SENS_OUT_6=-50
THERMAL_SENS_INT_1=28
THERMAL_SENS_INT_2=26
PG_5=1
PG_9=0
PG_12=1
FLT_P2=0
FLT_P3=0
HEAT_1_TEMP=28
HEAT_1_DUTY=0
HEAT_1_SP=-20.0
HEAT_2_TEMP=26
HEAT_2_DUTY=0
HEAT_2_SP=-20.0
HEAT_3_TEMP=31
HEAT_3_DUTY=0
HEAT_3_SP=-20.0
HEAT_4_TEMP=29
HEAT_4_DUTY=0
HEAT_4_SP=-20.0
TS=1786200771.308
V_SENSE5=1.28662109375
V_SENSE9=0.0390625
V_SENSE12=0.1123046875
ADC_V5=4.98260498046875
ADC_V9=9.5758056640625
ADC_V12=11.72637939453125
ADC_V28=28.13446044921875
THERMAL_SENS_OUT_1=28
THERMAL_SENS_OUT_2=-50
THERMAL_SENS_OUT_3=28
THERMAL_SENS_OUT_4=30
THERMAL_SENS_OUT_5=33
THERMAL_SENS_OUT_6=-50
THERMAL_SENS_INT_1=25
THERMAL_SENS_INT_2=30
PG_5=1
PG_9=0
PG_12=1
FLT_P2=0
FLT_P3=0
HEAT_1_TEMP=28
HEAT_1_DUTY=0
HEAT_1_SP=-20.0
HEAT_2_TEMP=28
HEAT_2_DUTY=0
HEAT_2_SP=-20.0
HEAT_3_TEMP=30
HEAT_3_DUTY=0
HEAT_3_SP=-20.0
HEAT_4_TEMP=33
HEAT_4_DUTY=0
HEAT_4_SP=-20.0
TS=1786200771.801
V_SENSE5=1.15478515625
V_SENSE9=0.0390625
V_SENSE12=0.107421875
ADC_V5=4.9560546875
ADC_V9=9.381103515625
ADC_V12=11.89453125
ADC_V28=27.54150390625
THERMAL_SENS_OUT_1=26
THERMAL_SENS_OUT_2=-50
THERMAL_SENS_OUT_3=28
THERMAL_SENS_OUT_4=25
THERMAL_SENS_OUT_5=30
THERMAL_SENS_OUT_6=-50
THERMAL_SENS_INT_1=25
THERMAL_SENS_INT_2=29
PG_5=1
PG_9=0
PG_12=1
FLT_P2=0
FLT_P3=0
HEAT_1_TEMP=26
HEAT_1_DUTY=0
HEAT_1_SP=-20.0
HEAT_2_TEMP=28
HEAT_2_DUTY=0
HEAT_2_SP=-20.0
HEAT_3_TEMP=25
HEAT_3_DUTY=0
HEAT_3_SP=-20.0
HEAT_4_TEMP=30
HEAT_4_DUTY=0
HEAT_4_SP=-20.0

[21:37:53.848 CUBESAT]
TS=1786202542.286
PG_5=1
PG_9=0
PG_12=0
FLT_P2=0
FLT_P3=0
HEAT_1_TEMP=0.0
HEAT_1_DUTY=0
HEAT_1_SP=-20.0
ENC_RAW=10258
ENC_ANGLE=225.3955078125
ENC_ACCUM=0.02197265625
AUTO_STOP=1
MOTOR_ANGLE=0.0011482558139534885
MOTOR_ACCUM=0.0011482558139534885
MOTOR_ROT=0

[21:37:56.268 CUBESAT]
TS=1786202544.288
PG_5=1
PG_9=0
PG_12=0
FLT_P2=0
FLT_P3=0
HEAT_1_TEMP=0.0
HEAT_1_DUTY=0
HEAT_1_SP=-20.0
ENC_RAW=10262
ENC_ANGLE=225.4833984375
ENC_ACCUM=0.10986328125
AUTO_STOP=1
MOTOR_ANGLE=0.0011482558139534885
MOTOR_ACCUM=0.0011482558139534885
MOTOR_ROT=0

[21:37:56.853 EBOX]
TS=1786200772.303
V_SENSE5=1.14990234375
V_SENSE9=0.0390625
V_SENSE12=0.11474609375
ADC_V5=4.8675537109375
ADC_V9=9.345703125
ADC_V12=11.6644287109375
ADC_V28=27.74505615234375
THERMAL_SENS_OUT_1=29
THERMAL_SENS_OUT_2=-50
THERMAL_SENS_OUT_3=29
THERMAL_SENS_OUT_4=26
THERMAL_SENS_OUT_5=29
THERMAL_SENS_OUT_6=-50
THERMAL_SENS_INT_1=27
THERMAL_SENS_INT_2=30
PG_5=1
PG_9=0
PG_12=1
FLT_P2=0
FLT_P3=0
HEAT_1_TEMP=29
HEAT_1_DUTY=0
HEAT_1_SP=-20.0
HEAT_2_TEMP=29
HEAT_2_DUTY=0
HEAT_2_SP=-20.0
HEAT_3_TEMP=26
HEAT_3_DUTY=0
HEAT_3_SP=-20.0
HEAT_4_TEMP=29
HEAT_4_DUTY=0
HEAT_4_SP=-20.0
TS=1786200772.803
V_SENSE5=1.19140625
V_SENSE9=0.04638671875
V_SENSE12=0.10009765625
ADC_V5=4.82330322265625
ADC_V9=9.47845458984375
ADC_V12=11.77947998046875
ADC_V28=27.789306640625
THERMAL_SENS_OUT_1=31
THERMAL_SENS_OUT_2=-50
THERMAL_SENS_OUT_3=29
THERMAL_SENS_OUT_4=26
THERMAL_SENS_OUT_5=31
THERMAL_SENS_OUT_6=-50
THERMAL_SENS_INT_1=26
THERMAL_SENS_INT_2=30
PG_5=1
PG_9=0
PG_12=1
FLT_P2=0
FLT_P3=0
HEAT_1_TEMP=31
HEAT_1_DUTY=0
HEAT_1_SP=-20.0
HEAT_2_TEMP=29
HEAT_2_DUTY=0
HEAT_2_SP=-20.0
HEAT_3_TEMP=26
HEAT_3_DUTY=0
HEAT_3_SP=-20.0
HEAT_4_TEMP=31
HEAT_4_DUTY=0
HEAT_4_SP=-20.0
TS=1786200773.305
V_SENSE5=1.1474609375
V_SENSE9=0.03662109375
V_SENSE12=0.10009765625
ADC_V5=4.98260498046875
ADC_V9=9.239501953125
ADC_V12=11.8060302734375
ADC_V28=27.51495361328125
THERMAL_SENS_OUT_1=26
THERMAL_SENS_OUT_2=-50
THERMAL_SENS_OUT_3=25
THERMAL_SENS_OUT_4=29
THERMAL_SENS_OUT_5=32
THERMAL_SENS_OUT_6=-50
THERMAL_SENS_INT_1=30
THERMAL_SENS_INT_2=28
PG_5=1
PG_9=0
PG_12=1
FLT_P2=0
FLT_P3=0
HEAT_1_TEMP=26
HEAT_1_DUTY=0
HEAT_1_SP=-20.0
HEAT_2_TEMP=25
HEAT_2_DUTY=0
HEAT_2_SP=-20.0
HEAT_3_TEMP=29
HEAT_3_DUTY=0
HEAT_3_SP=-20.0
HEAT_4_TEMP=32
HEAT_4_DUTY=0
HEAT_4_SP=-20.0
TS=1786200773.807
V_SENSE5=1.22314453125
V_SENSE9=0.03662109375
V_SENSE12=0.1171875
ADC_V5=4.991455078125
ADC_V9=9.35455322265625
ADC_V12=11.62017822265625
ADC_V28=27.83355712890625
THERMAL_SENS_OUT_1=30
THERMAL_SENS_OUT_2=-50
THERMAL_SENS_OUT_3=26
THERMAL_SENS_OUT_4=28

[21:37:57.405 EBOX]
THERMAL_SENS_OUT_5=32
THERMAL_SENS_OUT_6=-50
THERMAL_SENS_INT_1=26
THERMAL_SENS_INT_2=28
PG_5=1
PG_9=0
PG_12=1
FLT_P2=0
FLT_P3=0
HEAT_1_TEMP=30
HEAT_1_DUTY=0
HEAT_1_SP=-20.0
HEAT_2_TEMP=26
HEAT_2_DUTY=0
HEAT_2_SP=-20.0
HEAT_3_TEMP=28
HEAT_3_DUTY=0
HEAT_3_SP=-20.0
HEAT_4_TEMP=32
HEAT_4_DUTY=0
HEAT_4_SP=-20.0
TS=1786200774.308
V_SENSE5=1.1376953125
V_SENSE9=0.0390625
V_SENSE12=0.11474609375
ADC_V5=4.94720458984375
ADC_V9=9.4342041015625
ADC_V12=11.5936279296875
ADC_V28=27.5592041015625
THERMAL_SENS_OUT_1=26
THERMAL_SENS_OUT_2=-50
THERMAL_SENS_OUT_3=24
THERMAL_SENS_OUT_4=29
THERMAL_SENS_OUT_5=27
THERMAL_SENS_OUT_6=-50
THERMAL_SENS_INT_1=29
THERMAL_SENS_INT_2=27
PG_5=1
PG_9=0
PG_12=1
FLT_P2=0
FLT_P3=0
HEAT_1_TEMP=26
HEAT_1_DUTY=0
HEAT_1_SP=-20.0
HEAT_2_TEMP=24
HEAT_2_DUTY=0
HEAT_2_SP=-20.0
HEAT_3_TEMP=29
HEAT_3_DUTY=0
HEAT_3_SP=-20.0
HEAT_4_TEMP=27
HEAT_4_DUTY=0
HEAT_4_SP=-20.0
TS=1786200774.810
V_SENSE5=1.1181640625
V_SENSE9=0.0341796875
V_SENSE12=0.14404296875
ADC_V5=4.9383544921875
ADC_V9=9.33685302734375
ADC_V12=11.88568115234375
ADC_V28=27.3822021484375
THERMAL_SENS_OUT_1=26
THERMAL_SENS_OUT_2=-50
THERMAL_SENS_OUT_3=28
THERMAL_SENS_OUT_4=25
THERMAL_SENS_OUT_5=30
THERMAL_SENS_OUT_6=-50
THERMAL_SENS_INT_1=26
THERMAL_SENS_INT_2=26
PG_5=1
PG_9=0
PG_12=1
FLT_P2=0
FLT_P3=0
HEAT_1_TEMP=26
HEAT_1_DUTY=0
HEAT_1_SP=-20.0
HEAT_2_TEMP=28
HEAT_2_DUTY=0
HEAT_2_SP=-20.0
HEAT_3_TEMP=25
HEAT_3_DUTY=0
HEAT_3_SP=-20.0
HEAT_4_TEMP=30
HEAT_4_DUTY=0

[21:37:57.527 EBOX]
HEAT_4_SP=-20.0
TS=1786200775.311
V_SENSE5=1.0009765625
V_SENSE9=0.0390625
V_SENSE12=0.1171875
ADC_V5=5.05340576171875
ADC_V9=9.381103515625
ADC_V12=11.65557861328125
ADC_V28=28.1787109375
THERMAL_SENS_OUT_1=26
THERMAL_SENS_OUT_2=-50
THERMAL_SENS_OUT_3=26
THERMAL_SENS_OUT_4=31
THERMAL_SENS_OUT_5=30
THERMAL_SENS_OUT_6=-50
THERMAL_SENS_INT_1=25
THERMAL_SENS_INT_2=28
PG_5=1
PG_9=0
PG_12=1
FLT_P2=0
FLT_P3=0
HEAT_1_TEMP=26
HEAT_1_DUTY=0
HEAT_1_SP=-20.0
HEAT_2_TEMP=26
HEAT_2_DUTY=0
HEAT_2_SP=-20.0
HEAT_3_TEMP=31
HEAT_3_DUTY=0
HEAT_3_SP=-20.0
HEAT_4_TEMP=30
HEAT_4_DUTY=0
HEAT_4_SP=-20.0
TS=1786200775.828
V_SENSE5=0.85693359375
V_SENSE9=0.0390625
V_SENSE12=0.12939453125
ADC_V5=4.85870361328125
ADC_V9=9.24835205078125
ADC_V12=11.86798095703125
ADC_V28=27.88665771484375
THERMAL_SENS_OUT_1=26
THERMAL_SENS_OUT_2=-50
THERMAL_SENS_OUT_3=25
THERMAL_SENS_OUT_4=25
THERMAL_SENS_OUT_5=28
THERMAL_SENS_OUT_6=-50
THERMAL_SENS_INT_1=25
THERMAL_SENS_INT_2=27
PG_5=1
PG_9=0
PG_12=1
FLT_P2=0
FLT_P3=0
HEAT_1_TEMP=26
HEAT_1_DUTY=0
HEAT_1_SP=-20.0
HEAT_2_TEMP=25
HEAT_2_DUTY=0
HEAT_2_SP=-20.0
HEAT_3_TEMP=25
HEAT_3_DUTY=0
HEAT_3_SP=-20.0
HEAT_4_TEMP=28
HEAT_4_DUTY=0
HEAT_4_SP=-20.0
TS=1786200776.314
V_SENSE5=1.07177734375
V_SENSE9=0.05126953125
V_SENSE12=0.1025390625
ADC_V5=4.92950439453125
ADC_V9=9.40765380859375
ADC_V12=12.00958251953125
ADC_V28=27.54150390625
THERMAL_SENS_OUT_1=26
THERMAL_SENS_OUT_2=-50
THERMAL_SENS_OUT_3=25
THERMAL_SENS_OUT_4=31

[21:37:58.247 EBOX]
THERMAL_SENS_OUT_5=30
THERMAL_SENS_OUT_6=-50
THERMAL_SENS_INT_1=28
THERMAL_SENS_INT_2=26
PG_5=1
PG_9=0
PG_12=1
FLT_P2=0
FLT_P3=0
HEAT_1_TEMP=26
HEAT_1_DUTY=0
HEAT_1_SP=-20.0
HEAT_2_TEMP=25
HEAT_2_DUTY=0
HEAT_2_SP=-20.0
HEAT_3_TEMP=31
HEAT_3_DUTY=0
HEAT_3_SP=-20.0
HEAT_4_TEMP=30
HEAT_4_DUTY=0
HEAT_4_SP=-20.0
TS=1786200776.828
V_SENSE5=1.298828125
V_SENSE9=0.0341796875
V_SENSE12=0.10986328125
ADC_V5=4.9737548828125
ADC_V9=8.99169921875
ADC_V12=11.646728515625
ADC_V28=28.10791015625
THERMAL_SENS_OUT_1=26
THERMAL_SENS_OUT_2=-50
THERMAL_SENS_OUT_3=25
THERMAL_SENS_OUT_4=26
THERMAL_SENS_OUT_5=30
THERMAL_SENS_OUT_6=-50
THERMAL_SENS_INT_1=26
THERMAL_SENS_INT_2=30
PG_5=1
PG_9=0
PG_12=1
FLT_P2=0
FLT_P3=0
HEAT_1_TEMP=26
HEAT_1_DUTY=0
HEAT_1_SP=-20.0
HEAT_2_TEMP=25
HEAT_2_DUTY=0
HEAT_2_SP=-20.0
HEAT_3_TEMP=26
HEAT_3_DUTY=0
HEAT_3_SP=-20.0
HEAT_4_TEMP=30
HEAT_4_DUTY=0
HEAT_4_SP=-20.0

[21:37:59.430 EBOX]
TS=1786200777.330
V_SENSE5=1.1279296875
V_SENSE9=0.0390625
V_SENSE12=0.10986328125
ADC_V5=4.9737548828125
ADC_V9=9.62005615234375
ADC_V12=11.611328125
ADC_V28=27.6123046875
THERMAL_SENS_OUT_1=31
THERMAL_SENS_OUT_2=-50
THERMAL_SENS_OUT_3=24
THERMAL_SENS_OUT_4=26
THERMAL_SENS_OUT_5=30
THERMAL_SENS_OUT_6=-50
THERMAL_SENS_INT_1=24
THERMAL_SENS_INT_2=26
PG_5=1
PG_9=0
PG_12=1
FLT_P2=0
FLT_P3=0
HEAT_1_TEMP=31
HEAT_1_DUTY=0
HEAT_1_SP=-20.0
HEAT_2_TEMP=24
HEAT_2_DUTY=0
HEAT_2_SP=-20.0
HEAT_3_TEMP=26
HEAT_3_DUTY=0
HEAT_3_SP=-20.0
HEAT_4_TEMP=30
HEAT_4_DUTY=0
HEAT_4_SP=-20.0
TS=1786200777.830
V_SENSE5=1.181640625
V_SENSE9=0.0341796875
V_SENSE12=0.1513671875
ADC_V5=4.89410400390625
ADC_V9=9.593505859375
ADC_V12=11.70867919921875
ADC_V28=28.1610107421875
THERMAL_SENS_OUT_1=28
THERMAL_SENS_OUT_2=-50
THERMAL_SENS_OUT_3=24
THERMAL_SENS_OUT_4=28
THERMAL_SENS_OUT_5=30
THERMAL_SENS_OUT_6=-50
THERMAL_SENS_INT_1=29
THERMAL_SENS_INT_2=27
PG_5=1
PG_9=0
PG_12=1
FLT_P2=0
FLT_P3=0
HEAT_1_TEMP=28
HEAT_1_DUTY=0
HEAT_1_SP=-20.0
HEAT_2_TEMP=24
HEAT_2_DUTY=0
HEAT_2_SP=-20.0
HEAT_3_TEMP=28
HEAT_3_DUTY=0
HEAT_3_SP=-20.0
HEAT_4_TEMP=30
HEAT_4_DUTY=0
HEAT_4_SP=-20.0

[21:38:00.037 CUBESAT]
TS=1786202546.290
PG_5=1
PG_9=0
PG_12=0
FLT_P2=0
FLT_P3=0
HEAT_1_TEMP=0.0
HEAT_1_DUTY=10
HEAT_1_SP=-20.0
ENC_RAW=10257
ENC_ANGLE=225.37353515625
ENC_ACCUM=0.0
AUTO_STOP=1
MOTOR_ANGLE=0.0011482558139534885
MOTOR_ACCUM=0.0011482558139534885
MOTOR_ROT=0

[21:38:01.247 EBOX]
TS=1786200778.246
V_SENSE5=1.16943359375
V_SENSE9=0.0341796875
V_SENSE12=0.10498046875
ADC_V5=4.9383544921875
ADC_V9=8.85009765625
ADC_V12=11.82373046875
ADC_V28=28.01055908203125
THERMAL_SENS_OUT_1=32
THERMAL_SENS_OUT_2=-50
THERMAL_SENS_OUT_3=30
THERMAL_SENS_OUT_4=27
THERMAL_SENS_OUT_5=31
THERMAL_SENS_OUT_6=-50
THERMAL_SENS_INT_1=24
THERMAL_SENS_INT_2=32
PG_5=1
PG_9=0
PG_12=1
FLT_P2=0
FLT_P3=0
HEAT_1_TEMP=32
HEAT_1_DUTY=0
HEAT_1_SP=-20.0
HEAT_2_TEMP=30
HEAT_2_DUTY=0
HEAT_2_SP=-20.0
HEAT_3_TEMP=27
HEAT_3_DUTY=0
HEAT_3_SP=-20.0
HEAT_4_TEMP=31
HEAT_4_DUTY=0
HEAT_4_SP=-20.0
TS=1786200778.839
V_SENSE5=1.32568359375
V_SENSE9=0.0341796875
V_SENSE12=0.1220703125
ADC_V5=4.9560546875
ADC_V9=9.27490234375
ADC_V12=11.89453125
ADC_V28=27.47955322265625
THERMAL_SENS_OUT_1=31
THERMAL_SENS_OUT_2=-50
THERMAL_SENS_OUT_3=27
THERMAL_SENS_OUT_4=30
THERMAL_SENS_OUT_5=29
THERMAL_SENS_OUT_6=-50
THERMAL_SENS_INT_1=28
THERMAL_SENS_INT_2=27
PG_5=1
PG_9=0
PG_12=1
FLT_P2=0
FLT_P3=0
HEAT_1_TEMP=31
HEAT_1_DUTY=0
HEAT_1_SP=-20.0
HEAT_2_TEMP=27
HEAT_2_DUTY=0
HEAT_2_SP=-20.0
HEAT_3_TEMP=30
HEAT_3_DUTY=0
HEAT_3_SP=-20.0
HEAT_4_TEMP=29
HEAT_4_DUTY=0
HEAT_4_SP=-20.0

[21:38:01.958 CUBESAT]
TS=1786202548.292
PG_5=1
PG_9=0
PG_12=0
FLT_P2=0
FLT_P3=0
HEAT_1_TEMP=0.0
HEAT_1_DUTY=0
HEAT_1_SP=-20.0
ENC_RAW=10256
ENC_ANGLE=225.3515625
ENC_ACCUM=-0.02197265625
AUTO_STOP=1
MOTOR_ANGLE=0.0011482558139534885
MOTOR_ACCUM=0.0011482558139534885
MOTOR_ROT=0

[21:38:03.571 CUBESAT]
TS=1786202550.295
PG_5=1
PG_9=0
PG_12=0
FLT_P2=0
FLT_P3=0
HEAT_1_TEMP=0.0
HEAT_1_DUTY=0
HEAT_1_SP=-20.0
ENC_RAW=10259
ENC_ANGLE=225.41748046875
ENC_ACCUM=0.0439453125
AUTO_STOP=1
MOTOR_ANGLE=0.0011482558139534885
MOTOR_ACCUM=0.0011482558139534885
MOTOR_ROT=0

[21:38:05.189 CUBESAT]
TS=1786202552.297
PG_5=1
PG_9=0
PG_12=0
FLT_P2=0
FLT_P3=0
HEAT_1_TEMP=0.0
HEAT_1_DUTY=0
HEAT_1_SP=-20.0
ENC_RAW=10257
ENC_ANGLE=225.37353515625
ENC_ACCUM=0.0
AUTO_STOP=1
MOTOR_ANGLE=0.0011482558139534885
MOTOR_ACCUM=0.0011482558139534885
MOTOR_ROT=0

[21:38:06.687 CUBESAT]
TS=1786202554.299
PG_5=1
PG_9=0
PG_12=0
FLT_P2=0
FLT_P3=0
HEAT_1_TEMP=0.0
HEAT_1_DUTY=0
HEAT_1_SP=-20.0
ENC_RAW=10258
ENC_ANGLE=225.3955078125
ENC_ACCUM=0.02197265625
AUTO_STOP=1
MOTOR_ANGLE=0.0011482558139534885
MOTOR_ACCUM=0.0011482558139534885
MOTOR_ROT=0

[21:38:08.196 CUBESAT]
TS=1786202556.301
PG_5=1
PG_9=0
PG_12=0
FLT_P2=0
FLT_P3=0
HEAT_1_TEMP=0.0
HEAT_1_DUTY=10
HEAT_1_SP=-20.0
ENC_RAW=10259
ENC_ANGLE=225.41748046875
ENC_ACCUM=0.0439453125
AUTO_STOP=1
MOTOR_ANGLE=0.0011482558139534885
MOTOR_ACCUM=0.0011482558139534885
MOTOR_ROT=0

[21:38:08.468 EBOX]
TS=1786200779.340
V_SENSE5=1.1083984375
V_SENSE9=0.03662109375
V_SENSE12=0.10498046875
ADC_V5=4.96490478515625
ADC_V9=9.37225341796875
ADC_V12=11.7352294921875
ADC_V28=27.4176025390625
THERMAL_SENS_OUT_1=31
THERMAL_SENS_OUT_2=-50
THERMAL_SENS_OUT_3=26
THERMAL_SENS_OUT_4=31
THERMAL_SENS_OUT_5=30
THERMAL_SENS_OUT_6=-50
THERMAL_SENS_INT_1=26
THERMAL_SENS_INT_2=31
PG_5=1
PG_9=0
PG_12=1
FLT_P2=0
FLT_P3=0
HEAT_1_TEMP=31
HEAT_1_DUTY=0
HEAT_1_SP=-20.0
HEAT_2_TEMP=26
HEAT_2_DUTY=0
HEAT_2_SP=-20.0
HEAT_3_TEMP=31
HEAT_3_DUTY=0
HEAT_3_SP=-20.0
HEAT_4_TEMP=30
HEAT_4_DUTY=0
HEAT_4_SP=-20.0
TS=1786200779.841
V_SENSE5=1.1474609375
V_SENSE9=0.0341796875
V_SENSE12=0.107421875
ADC_V5=4.920654296875
ADC_V9=9.027099609375
ADC_V12=11.9122314453125
ADC_V28=27.9486083984375
THERMAL_SENS_OUT_1=29
THERMAL_SENS_OUT_2=-50
THERMAL_SENS_OUT_3=27
THERMAL_SENS_OUT_4=30
THERMAL_SENS_OUT_5=27
THERMAL_SENS_OUT_6=-50
THERMAL_SENS_INT_1=29
THERMAL_SENS_INT_2=27
PG_5=1
PG_9=0
PG_12=1
FLT_P2=0
FLT_P3=0
HEAT_1_TEMP=29
HEAT_1_DUTY=0
HEAT_1_SP=-20.0
HEAT_2_TEMP=27
HEAT_2_DUTY=0
HEAT_2_SP=-20.0
HEAT_3_TEMP=30
HEAT_3_DUTY=0
HEAT_3_SP=-20.0
HEAT_4_TEMP=27
HEAT_4_DUTY=0
HEAT_4_SP=-20.0
TS=1786200780.345
V_SENSE5=1.21826171875
V_SENSE9=0.0390625
V_SENSE12=0.1123046875
ADC_V5=5.00030517578125
ADC_V9=9.12445068359375
ADC_V12=11.859130859375
ADC_V28=27.40875244140625
THERMAL_SENS_OUT_1=27
THERMAL_SENS_OUT_2=-50
THERMAL_SENS_OUT_3=24
THERMAL_SENS_OUT_4=26
THERMAL_SENS_OUT_5=29
THERMAL_SENS_OUT_6=-50
THERMAL_SENS_INT_1=30
THERMAL_SENS_INT_2=28
PG_5=1
PG_9=0
PG_12=1
FLT_P2=0
FLT_P3=0
HEAT_1_TEMP=27
HEAT_1_DUTY=0
HEAT_1_SP=-20.0
HEAT_2_TEMP=24
HEAT_2_DUTY=0
HEAT_2_SP=-20.0
HEAT_3_TEMP=26
HEAT_3_DUTY=0
HEAT_3_SP=-20.0
HEAT_4_TEMP=29
HEAT_4_DUTY=0
HEAT_4_SP=-20.0
TS=1786200780.846
V_SENSE5=1.25244140625
V_SENSE9=0.0341796875
V_SENSE12=0.09765625
ADC_V5=4.87640380859375
ADC_V9=9.10675048828125
ADC_V12=11.88568115234375
ADC_V28=27.3468017578125
THERMAL_SENS_OUT_1=31
THERMAL_SENS_OUT_2=-50
THERMAL_SENS_OUT_3=29
THERMAL_SENS_OUT_4=26
THERMAL_SENS_OUT_5=32
THERMAL_SENS_OUT_6=-50
THERMAL_SENS_INT_1=29
THERMAL_SENS_INT_2=26
PG_5=1
PG_9=0
PG_12=1
FLT_P2=0
FLT_P3=0
HEAT_1_TEMP=31
HEAT_1_DUTY=0
HEAT_1_SP=-20.0
HEAT_2_TEMP=29
HEAT_2_DUTY=0
HEAT_2_SP=-20.0
HEAT_3_TEMP=26
HEAT_3_DUTY=0
HEAT_3_SP=-20.0
HEAT_4_TEMP=32
HEAT_4_DUTY=0
HEAT_4_SP=-20.0
TS=1786200781.347
V_SENSE5=1.22802734375
V_SENSE9=0.03662109375
V_SENSE12=0.09521484375
ADC_V5=4.98260498046875
ADC_V9=8.956298828125
ADC_V12=11.89453125
ADC_V28=27.435302734375
THERMAL_SENS_OUT_1=26
THERMAL_SENS_OUT_2=-50
THERMAL_SENS_OUT_3=25
THERMAL_SENS_OUT_4=31
THERMAL_SENS_OUT_5=30
THERMAL_SENS_OUT_6=-50
THERMAL_SENS_INT_1=29
THERMAL_SENS_INT_2=27
PG_5=1
PG_9=0
PG_12=1
FLT_P2=0
FLT_P3=0
HEAT_1_TEMP=26
HEAT_1_DUTY=0
HEAT_1_SP=-20.0
HEAT_2_TEMP=25
HEAT_2_DUTY=0
HEAT_2_SP=-20.0
HEAT_3_TEMP=31
HEAT_3_DUTY=0
HEAT_3_SP=-20.0
HEAT_4_TEMP=30
HEAT_4_DUTY=0
HEAT_4_SP=-20.0
TS=1786200781.848
V_SENSE5=1.1376953125
V_SENSE9=0.0341796875
V_SENSE12=0.09765625
ADC_V5=4.9029541015625
ADC_V9=9.05364990234375
ADC_V12=11.8414306640625
ADC_V28=27.3468017578125
THERMAL_SENS_OUT_1=27
THERMAL_SENS_OUT_2=-50
THERMAL_SENS_OUT_3=28
THERMAL_SENS_OUT_4=27
THERMAL_SENS_OUT_5=29
THERMAL_SENS_OUT_6=-50
THERMAL_SENS_INT_1=29
THERMAL_SENS_INT_2=26
PG_5=1
PG_9=0
PG_12=1
FLT_P2=0
FLT_P3=0
HEAT_1_TEMP=27
HEAT_1_DUTY=0
HEAT_1_SP=-20.0
HEAT_2_TEMP=28
HEAT_2_DUTY=0
HEAT_2_SP=-20.0
HEAT_3_TEMP=27
HEAT_3_DUTY=0
HEAT_3_SP=-20.0
HEAT_4_TEMP=29
HEAT_4_DUTY=0
HEAT_4_SP=-20.0
TS=1786200782.349
V_SENSE5=1.1474609375
V_SENSE9=0.03662109375
V_SENSE12=0.13671875
ADC_V5=4.9560546875
ADC_V9=9.027099609375
ADC_V12=11.6644287109375
ADC_V28=28.1610107421875
THERMAL_SENS_OUT_1=28
THERMAL_SENS_OUT_2=-50
THERMAL_SENS_OUT_3=26
THERMAL_SENS_OUT_4=29
THERMAL_SENS_OUT_5=28

[21:38:08.903 EBOX]
THERMAL_SENS_OUT_6=-50
THERMAL_SENS_INT_1=28
THERMAL_SENS_INT_2=25
PG_5=1
PG_9=0
PG_12=1
FLT_P2=0
FLT_P3=0
HEAT_1_TEMP=28
HEAT_1_DUTY=0
HEAT_1_SP=-20.0
HEAT_2_TEMP=26
HEAT_2_DUTY=0
HEAT_2_SP=-20.0
HEAT_3_TEMP=29
HEAT_3_DUTY=0
HEAT_3_SP=-20.0
HEAT_4_TEMP=28
HEAT_4_DUTY=0
HEAT_4_SP=-20.0
TS=1786200782.771
V_SENSE5=1.04736328125
V_SENSE9=0.03662109375
V_SENSE12=0.10498046875
ADC_V5=4.85870361328125
ADC_V9=9.31915283203125
ADC_V12=11.8768310546875
ADC_V28=28.1964111328125
THERMAL_SENS_OUT_1=28
THERMAL_SENS_OUT_2=-50
THERMAL_SENS_OUT_3=25
THERMAL_SENS_OUT_4=29
THERMAL_SENS_OUT_5=29
THERMAL_SENS_OUT_6=-50
THERMAL_SENS_INT_1=30
THERMAL_SENS_INT_2=26
PG_5=1
PG_9=0
PG_12=1
FLT_P2=0
FLT_P3=0
HEAT_1_TEMP=28
HEAT_1_DUTY=0
HEAT_1_SP=-20.0
HEAT_2_TEMP=25
HEAT_2_DUTY=0
HEAT_2_SP=-20.0
HEAT_3_TEMP=29
HEAT_3_DUTY=0
HEAT_3_SP=-20.0
HEAT_4_TEMP=29
HEAT_4_DUTY=0
HEAT_4_SP=-20.0
TS=1786200783.361
V_SENSE5=0.91796875
V_SENSE9=0.0341796875
V_SENSE12=0.1123046875
ADC_V5=5.0091552734375
ADC_V9=8.885498046875
ADC_V12=11.6290283203125
ADC_V28=28.1256103515625
THERMAL_SENS_OUT_1=27
THERMAL_SENS_OUT_2=-50
THERMAL_SENS_OUT_3=27
THERMAL_SENS_OUT_4=31
THERMAL_SENS_OUT_5=27
THERMAL_SENS_OUT_6=-50
THERMAL_SENS_INT_1=26
THERMAL_SENS_INT_2=32
PG_5=1
PG_9=0
PG_12=1
FLT_P2=0
FLT_P3=0
HEAT_1_TEMP=27
HEAT_1_DUTY=0
HEAT_1_SP=-20.0
HEAT_2_TEMP=27
HEAT_2_DUTY=0
HEAT_2_SP=-20.0
HEAT_3_TEMP=31
HEAT_3_DUTY=0
HEAT_3_SP=-20.0
HEAT_4_TEMP=27
HEAT_4_DUTY=0
HEAT_4_SP=-20.0

[21:38:09.159 EBOX]
TS=1786200783.855
V_SENSE5=1.1572265625
V_SENSE9=0.0341796875
V_SENSE12=0.09765625
ADC_V5=4.9560546875
ADC_V9=8.96514892578125
ADC_V12=11.65557861328125
ADC_V28=27.26715087890625
THERMAL_SENS_OUT_1=28
THERMAL_SENS_OUT_2=-50
THERMAL_SENS_OUT_3=26
THERMAL_SENS_OUT_4=28
THERMAL_SENS_OUT_5=32
THERMAL_SENS_OUT_6=-50
THERMAL_SENS_INT_1=28
THERMAL_SENS_INT_2=31
PG_5=1
PG_9=0
PG_12=1
FLT_P2=0
FLT_P3=0
HEAT_1_TEMP=28
HEAT_1_DUTY=0
HEAT_1_SP=-20.0
HEAT_2_TEMP=26
HEAT_2_DUTY=0
HEAT_2_SP=-20.0
HEAT_3_TEMP=28
HEAT_3_DUTY=0
HEAT_3_SP=-20.0
HEAT_4_TEMP=32
HEAT_4_DUTY=0
HEAT_4_SP=-20.0
TS=1786200784.356
V_SENSE5=1.34521484375
V_SENSE9=0.03662109375
V_SENSE12=0.107421875
ADC_V5=4.82330322265625
ADC_V9=9.0093994140625
ADC_V12=11.76177978515625
ADC_V28=28.1256103515625
THERMAL_SENS_OUT_1=29
THERMAL_SENS_OUT_2=-50
THERMAL_SENS_OUT_3=29
THERMAL_SENS_OUT_4=26
THERMAL_SENS_OUT_5=32
THERMAL_SENS_OUT_6=-50
THERMAL_SENS_INT_1=29
THERMAL_SENS_INT_2=27
PG_5=1
PG_9=0
PG_12=1
FLT_P2=0
FLT_P3=0
HEAT_1_TEMP=29
HEAT_1_DUTY=0
HEAT_1_SP=-20.0
HEAT_2_TEMP=29
HEAT_2_DUTY=0
HEAT_2_SP=-20.0
HEAT_3_TEMP=26
HEAT_3_DUTY=0
HEAT_3_SP=-20.0
HEAT_4_TEMP=32
HEAT_4_DUTY=0
HEAT_4_SP=-20.0
TS=1786200784.858
V_SENSE5=1.2353515625
V_SENSE9=0.04638671875
V_SENSE12=0.1318359375
ADC_V5=5.0445556640625
ADC_V9=9.4342041015625
ADC_V12=11.8414306640625
ADC_V28=28.20526123046875
THERMAL_SENS_OUT_1=27
THERMAL_SENS_OUT_2=-50
THERMAL_SENS_OUT_3=27
THERMAL_SENS_OUT_4=30
THERMAL_SENS_OUT_5=32

[21:38:09.869 CUBESAT]
TS=1786202558.304
PG_5=1
PG_9=0
PG_12=0
FLT_P2=0
FLT_P3=0
HEAT_1_TEMP=0.0
HEAT_1_DUTY=0
HEAT_1_SP=-20.0
ENC_RAW=10256
ENC_ANGLE=225.3515625
ENC_ACCUM=-0.02197265625
AUTO_STOP=1
MOTOR_ANGLE=0.0011482558139534885
MOTOR_ACCUM=0.0011482558139534885
MOTOR_ROT=0

[21:38:11.570 EBOX]
THERMAL_SENS_OUT_6=-50
THERMAL_SENS_INT_1=29
THERMAL_SENS_INT_2=26
PG_5=1
PG_9=0
PG_12=1
FLT_P2=0
FLT_P3=0
HEAT_1_TEMP=27
HEAT_1_DUTY=0
HEAT_1_SP=-20.0
HEAT_2_TEMP=27
HEAT_2_DUTY=0
HEAT_2_SP=-20.0
HEAT_3_TEMP=30
HEAT_3_DUTY=0
HEAT_3_SP=-20.0
HEAT_4_TEMP=32
HEAT_4_DUTY=0
HEAT_4_SP=-20.0
TS=1786200785.361
V_SENSE5=1.34521484375
V_SENSE9=0.0341796875
V_SENSE12=0.11474609375
ADC_V5=4.9383544921875
ADC_V9=9.44305419921875
ADC_V12=11.58477783203125
ADC_V28=27.9840087890625
THERMAL_SENS_OUT_1=31
THERMAL_SENS_OUT_2=-50
THERMAL_SENS_OUT_3=29
THERMAL_SENS_OUT_4=30
THERMAL_SENS_OUT_5=28
THERMAL_SENS_OUT_6=-50
THERMAL_SENS_INT_1=24
THERMAL_SENS_INT_2=30
PG_5=1
PG_9=0
PG_12=1
FLT_P2=0
FLT_P3=0
HEAT_1_TEMP=31
HEAT_1_DUTY=0
HEAT_1_SP=-20.0
HEAT_2_TEMP=29
HEAT_2_DUTY=0
HEAT_2_SP=-20.0
HEAT_3_TEMP=30
HEAT_3_DUTY=0
HEAT_3_SP=-20.0
HEAT_4_TEMP=28
HEAT_4_DUTY=0
HEAT_4_SP=-20.0
TS=1786200785.862
V_SENSE5=1.15478515625
V_SENSE9=0.0390625
V_SENSE12=0.09765625
ADC_V5=4.98260498046875
ADC_V9=9.239501953125
ADC_V12=12.00958251953125
ADC_V28=28.15216064453125
THERMAL_SENS_OUT_1=31
THERMAL_SENS_OUT_2=-50
THERMAL_SENS_OUT_3=26
THERMAL_SENS_OUT_4=30
THERMAL_SENS_OUT_5=30
THERMAL_SENS_OUT_6=-50
THERMAL_SENS_INT_1=27
THERMAL_SENS_INT_2=28
PG_5=1
PG_9=0
PG_12=1
FLT_P2=0
FLT_P3=0
HEAT_1_TEMP=31
HEAT_1_DUTY=0
HEAT_1_SP=-20.0
HEAT_2_TEMP=26
HEAT_2_DUTY=0
HEAT_2_SP=-20.0
HEAT_3_TEMP=30
HEAT_3_DUTY=0
HEAT_3_SP=-20.0
HEAT_4_TEMP=30
HEAT_4_DUTY=0
HEAT_4_SP=-20.0

[21:38:12.146 EBOX]
TS=1786200786.365
V_SENSE5=1.220703125
V_SENSE9=0.0341796875
V_SENSE12=0.12451171875
ADC_V5=5.00030517578125
ADC_V9=9.30145263671875
ADC_V12=11.54052734375
ADC_V28=27.95745849609375
THERMAL_SENS_OUT_1=28
THERMAL_SENS_OUT_2=-50
THERMAL_SENS_OUT_3=26
THERMAL_SENS_OUT_4=31
THERMAL_SENS_OUT_5=29
THERMAL_SENS_OUT_6=-50
THERMAL_SENS_INT_1=24
THERMAL_SENS_INT_2=28
PG_5=1
PG_9=0
PG_12=1
FLT_P2=0
FLT_P3=0
HEAT_1_TEMP=28
HEAT_1_DUTY=0
HEAT_1_SP=-20.0
HEAT_2_TEMP=26
HEAT_2_DUTY=0
HEAT_2_SP=-20.0
HEAT_3_TEMP=31
HEAT_3_DUTY=0
HEAT_3_SP=-20.0
HEAT_4_TEMP=29
HEAT_4_DUTY=0
HEAT_4_SP=-20.0
TS=1786200786.872
V_SENSE5=1.3037109375
V_SENSE9=0.0341796875
V_SENSE12=0.15380859375
ADC_V5=4.87640380859375
ADC_V9=9.1510009765625
ADC_V12=11.54052734375
ADC_V28=27.93975830078125
THERMAL_SENS_OUT_1=31
THERMAL_SENS_OUT_2=-50
THERMAL_SENS_OUT_3=25
THERMAL_SENS_OUT_4=27
THERMAL_SENS_OUT_5=32
THERMAL_SENS_OUT_6=-50
THERMAL_SENS_INT_1=28
THERMAL_SENS_INT_2=31
PG_5=1
PG_9=0
PG_12=1
FLT_P2=0
FLT_P3=0
HEAT_1_TEMP=31
HEAT_1_DUTY=0
HEAT_1_SP=-20.0
HEAT_2_TEMP=25
HEAT_2_DUTY=0
HEAT_2_SP=-20.0
HEAT_3_TEMP=27
HEAT_3_DUTY=0
HEAT_3_SP=-20.0
HEAT_4_TEMP=32
HEAT_4_DUTY=0
HEAT_4_SP=-20.0
TS=1786200787.372
V_SENSE5=1.1328125
V_SENSE9=0.07568359375
V_SENSE12=0.09765625
ADC_V5=4.9029541015625
ADC_V9=9.19525146484375
ADC_V12=11.89453125
ADC_V28=27.8955078125
THERMAL_SENS_OUT_1=28
THERMAL_SENS_OUT_2=-50
THERMAL_SENS_OUT_3=25
THERMAL_SENS_OUT_4=26
THERMAL_SENS_OUT_5=29
THERMAL_SENS_OUT_6=-50
THERMAL_SENS_INT_1=28
THERMAL_SENS_INT_2=31
PG_5=1
PG_9=0
PG_12=1
FLT_P2=0
FLT_P3=0
HEAT_1_TEMP=28
HEAT_1_DUTY=0
HEAT_1_SP=-20.0
HEAT_2_TEMP=25
HEAT_2_DUTY=0
HEAT_2_SP=-20.0
HEAT_3_TEMP=26
HEAT_3_DUTY=0
HEAT_3_SP=-20.0
HEAT_4_TEMP=29
HEAT_4_DUTY=0
HEAT_4_SP=-20.0
TS=1786200787.782
V_SENSE5=1.0791015625
V_SENSE9=0.0390625
V_SENSE12=0.1220703125
ADC_V5=4.87640380859375
ADC_V9=9.53155517578125
ADC_V12=11.69097900390625
ADC_V28=27.68310546875
THERMAL_SENS_OUT_1=27
THERMAL_SENS_OUT_2=-50
THERMAL_SENS_OUT_3=26
THERMAL_SENS_OUT_4=32
THERMAL_SENS_OUT_5=34
THERMAL_SENS_OUT_6=-50
THERMAL_SENS_INT_1=26
THERMAL_SENS_INT_2=29
PG_5=1
PG_9=0
PG_12=1
FLT_P2=0
FLT_P3=0
HEAT_1_TEMP=27
HEAT_1_DUTY=0
HEAT_1_SP=-20.0
HEAT_2_TEMP=26
HEAT_2_DUTY=0
HEAT_2_SP=-20.0
HEAT_3_TEMP=32
HEAT_3_DUTY=0
HEAT_3_SP=-20.0
HEAT_4_TEMP=34
HEAT_4_DUTY=0
HEAT_4_SP=-20.0
TS=1786200788.375
V_SENSE5=1.1474609375
V_SENSE9=0.0341796875
V_SENSE12=0.13671875
ADC_V5=4.88525390625
ADC_V9=9.13330078125
ADC_V12=11.575927734375
ADC_V28=27.95745849609375
THERMAL_SENS_OUT_1=32
THERMAL_SENS_OUT_2=-50
THERMAL_SENS_OUT_3=29
THERMAL_SENS_OUT_4=26
THERMAL_SENS_OUT_5=32
THERMAL_SENS_OUT_6=-50
THERMAL_SENS_INT_1=29
THERMAL_SENS_INT_2=26
PG_5=1
PG_9=0
PG_12=1
FLT_P2=0
FLT_P3=0
HEAT_1_TEMP=32
HEAT_1_DUTY=0
HEAT_1_SP=-20.0
HEAT_2_TEMP=29
HEAT_2_DUTY=0
HEAT_2_SP=-20.0
HEAT_3_TEMP=26
HEAT_3_DUTY=0
HEAT_3_SP=-20.0
HEAT_4_TEMP=32
HEAT_4_DUTY=0
HEAT_4_SP=-20.0
TS=1786200788.877

[21:38:12.296 EBOX]
V_SENSE5=1.15966796875
V_SENSE9=0.03662109375
V_SENSE12=0.13427734375
ADC_V5=4.96490478515625
ADC_V9=8.8323974609375
ADC_V12=11.7706298828125
ADC_V28=27.930908203125
THERMAL_SENS_OUT_1=29
THERMAL_SENS_OUT_2=-50
THERMAL_SENS_OUT_3=25
THERMAL_SENS_OUT_4=27
THERMAL_SENS_OUT_5=31
THERMAL_SENS_OUT_6=-50
THERMAL_SENS_INT_1=26
THERMAL_SENS_INT_2=29
PG_5=1
PG_9=0
PG_12=1
FLT_P2=0
FLT_P3=0
HEAT_1_TEMP=29
HEAT_1_DUTY=0
HEAT_1_SP=-20.0
HEAT_2_TEMP=25
HEAT_2_DUTY=0
HEAT_2_SP=-20.0
HEAT_3_TEMP=27
HEAT_3_DUTY=0
HEAT_3_SP=-20.0
HEAT_4_TEMP=31
HEAT_4_DUTY=0
HEAT_4_SP=-20.0
TS=1786200789.379
V_SENSE5=1.35986328125
V_SENSE9=0.0341796875
V_SENSE12=0.10009765625
ADC_V5=4.85870361328125
ADC_V9=9.05364990234375
ADC_V12=11.611328125
ADC_V28=28.16986083984375
THERMAL_SENS_OUT_1=29
THERMAL_SENS_OUT_2=-50
THERMAL_SENS_OUT_3=29
THERMAL_SENS_OUT_4=26
THERMAL_SENS_OUT_5=32
THERMAL_SENS_OUT_6=-50
THERMAL_SENS_INT_1=25
THERMAL_SENS_INT_2=29
PG_5=1
PG_9=0
PG_12=1
FLT_P2=0
FLT_P3=0
HEAT_1_TEMP=29
HEAT_1_DUTY=0
HEAT_1_SP=-20.0
HEAT_2_TEMP=29
HEAT_2_DUTY=0
HEAT_2_SP=-20.0
HEAT_3_TEMP=26
HEAT_3_DUTY=0
HEAT_3_SP=-20.0
HEAT_4_TEMP=32
HEAT_4_DUTY=0
HEAT_4_SP=-20.0
TS=1786200789.879
V_SENSE5=1.18896484375
V_SENSE9=0.06591796875
V_SENSE12=0.12451171875
ADC_V5=4.88525390625
ADC_V9=8.9385986328125
ADC_V12=11.99188232421875
ADC_V28=28.001708984375
THERMAL_SENS_OUT_1=31
THERMAL_SENS_OUT_2=-50
THERMAL_SENS_OUT_3=28
THERMAL_SENS_OUT_4=25
THERMAL_SENS_OUT_5=29

[21:38:12.298 CUBESAT]
TS=1786202560.305
PG_5=1
PG_9=0
PG_12=0
FLT_P2=0
FLT_P3=0
HEAT_1_TEMP=0.0
HEAT_1_DUTY=0
HEAT_1_SP=-20.0
ENC_RAW=10256
ENC_ANGLE=225.3515625
ENC_ACCUM=-0.02197265625
AUTO_STOP=1
MOTOR_ANGLE=0.0011482558139534885
MOTOR_ACCUM=0.0011482558139534885
MOTOR_ROT=0

[21:38:13.010 EBOX]
THERMAL_SENS_OUT_6=-50
THERMAL_SENS_INT_1=25
THERMAL_SENS_INT_2=30
PG_5=1
PG_9=0
PG_12=1
FLT_P2=0
FLT_P3=0
HEAT_1_TEMP=31
HEAT_1_DUTY=0
HEAT_1_SP=-20.0
HEAT_2_TEMP=28
HEAT_2_DUTY=0
HEAT_2_SP=-20.0
HEAT_3_TEMP=25
HEAT_3_DUTY=0
HEAT_3_SP=-20.0
HEAT_4_TEMP=29
HEAT_4_DUTY=0
HEAT_4_SP=-20.0
TS=1786200790.294
V_SENSE5=1.11328125
V_SENSE9=0.03662109375
V_SENSE12=0.1416015625
ADC_V5=5.0091552734375
ADC_V9=9.10675048828125
ADC_V12=11.7352294921875
ADC_V28=27.35565185546875
THERMAL_SENS_OUT_1=27
THERMAL_SENS_OUT_2=-50
THERMAL_SENS_OUT_3=26
THERMAL_SENS_OUT_4=31
THERMAL_SENS_OUT_5=30
THERMAL_SENS_OUT_6=-50
THERMAL_SENS_INT_1=30
THERMAL_SENS_INT_2=28
PG_5=1
PG_9=0
PG_12=1
FLT_P2=0
FLT_P3=0
HEAT_1_TEMP=27
HEAT_1_DUTY=0
HEAT_1_SP=-20.0
HEAT_2_TEMP=26
HEAT_2_DUTY=0
HEAT_2_SP=-20.0
HEAT_3_TEMP=31
HEAT_3_DUTY=0
HEAT_3_SP=-20.0
HEAT_4_TEMP=30
HEAT_4_DUTY=0
HEAT_4_SP=-20.0
TS=1786200790.797
V_SENSE5=1.15966796875
V_SENSE9=0.0341796875
V_SENSE12=0.10009765625
ADC_V5=4.88525390625
ADC_V9=9.07135009765625
ADC_V12=11.6998291015625
ADC_V28=28.214111328125
THERMAL_SENS_OUT_1=28
THERMAL_SENS_OUT_2=-50
THERMAL_SENS_OUT_3=26
THERMAL_SENS_OUT_4=30
THERMAL_SENS_OUT_5=29
THERMAL_SENS_OUT_6=-50
THERMAL_SENS_INT_1=27
THERMAL_SENS_INT_2=27
PG_5=1
PG_9=0
PG_12=1
FLT_P2=0
FLT_P3=0
HEAT_1_TEMP=28
HEAT_1_DUTY=0
HEAT_1_SP=-20.0
HEAT_2_TEMP=26
HEAT_2_DUTY=0
HEAT_2_SP=-20.0
HEAT_3_TEMP=30
HEAT_3_DUTY=0
HEAT_3_SP=-20.0
HEAT_4_TEMP=29
HEAT_4_DUTY=0
HEAT_4_SP=-20.0

[21:38:14.223 CUBESAT]
TS=1786202562.307
PG_5=1
PG_9=0
PG_12=0
FLT_P2=0
FLT_P3=0
HEAT_1_TEMP=0.0
HEAT_1_DUTY=0
HEAT_1_SP=-20.0
ENC_RAW=10257
ENC_ANGLE=225.37353515625
ENC_ACCUM=0.0
AUTO_STOP=1
MOTOR_ANGLE=0.0011482558139534885
MOTOR_ACCUM=0.0011482558139534885
MOTOR_ROT=0

[21:38:14.489 EBOX]
TS=1786200791.297
V_SENSE5=1.123046875
V_SENSE9=0.0341796875
V_SENSE12=0.1123046875
ADC_V5=4.9560546875
ADC_V9=8.7969970703125
ADC_V12=11.859130859375
ADC_V28=27.3114013671875
THERMAL_SENS_OUT_1=27
THERMAL_SENS_OUT_2=-50
THERMAL_SENS_OUT_3=24
THERMAL_SENS_OUT_4=28
THERMAL_SENS_OUT_5=30
THERMAL_SENS_OUT_6=-50
THERMAL_SENS_INT_1=27
THERMAL_SENS_INT_2=28
PG_5=1
PG_9=0
PG_12=1
FLT_P2=0
FLT_P3=0
HEAT_1_TEMP=27
HEAT_1_DUTY=0
HEAT_1_SP=-20.0
HEAT_2_TEMP=24
HEAT_2_DUTY=0
HEAT_2_SP=-20.0
HEAT_3_TEMP=28
HEAT_3_DUTY=0
HEAT_3_SP=-20.0
HEAT_4_TEMP=30
HEAT_4_DUTY=0
HEAT_4_SP=-20.0
TS=1786200791.903
V_SENSE5=1.18896484375
V_SENSE9=0.0341796875
V_SENSE12=0.10009765625
ADC_V5=4.9029541015625
ADC_V9=9.15985107421875
ADC_V12=11.575927734375
ADC_V28=27.7008056640625
THERMAL_SENS_OUT_1=27
THERMAL_SENS_OUT_2=-50
THERMAL_SENS_OUT_3=24
THERMAL_SENS_OUT_4=28
THERMAL_SENS_OUT_5=30
THERMAL_SENS_OUT_6=-50
THERMAL_SENS_INT_1=29
THERMAL_SENS_INT_2=27
PG_5=1
PG_9=0
PG_12=1
FLT_P2=0
FLT_P3=0
HEAT_1_TEMP=27
HEAT_1_DUTY=0
HEAT_1_SP=-20.0
HEAT_2_TEMP=24
HEAT_2_DUTY=0
HEAT_2_SP=-20.0
HEAT_3_TEMP=28
HEAT_3_DUTY=0
HEAT_3_SP=-20.0
HEAT_4_TEMP=30
HEAT_4_DUTY=0
HEAT_4_SP=-20.0
TS=1786200792.404
V_SENSE5=1.14990234375
V_SENSE9=0.0390625
V_SENSE12=0.13671875
ADC_V5=4.84100341796875
ADC_V9=8.99169921875
ADC_V12=11.9830322265625
ADC_V28=28.1256103515625
THERMAL_SENS_OUT_1=26
THERMAL_SENS_OUT_2=-50
THERMAL_SENS_OUT_3=24
THERMAL_SENS_OUT_4=28
THERMAL_SENS_OUT_5=29
THERMAL_SENS_OUT_6=-50
THERMAL_SENS_INT_1=26
THERMAL_SENS_INT_2=30
PG_5=1
PG_9=0
PG_12=1
FLT_P2=0
FLT_P3=0
HEAT_1_TEMP=26
HEAT_1_DUTY=0
HEAT_1_SP=-20.0
HEAT_2_TEMP=24
HEAT_2_DUTY=0
HEAT_2_SP=-20.0
HEAT_3_TEMP=28
HEAT_3_DUTY=0
HEAT_3_SP=-20.0
HEAT_4_TEMP=29
HEAT_4_DUTY=0
HEAT_4_SP=-20.0
TS=1786200792.907
V_SENSE5=1.21826171875
V_SENSE9=0.0341796875
V_SENSE12=0.10986328125
ADC_V5=4.991455078125
ADC_V9=9.05364990234375
ADC_V12=11.82373046875
ADC_V28=27.75390625
THERMAL_SENS_OUT_1=31
THERMAL_SENS_OUT_2=-50
THERMAL_SENS_OUT_3=30
THERMAL_SENS_OUT_4=25
THERMAL_SENS_OUT_5=30
THERMAL_SENS_OUT_6=-50
THERMAL_SENS_INT_1=30
THERMAL_SENS_INT_2=26
PG_5=1
PG_9=0
PG_12=1
FLT_P2=0
FLT_P3=0
HEAT_1_TEMP=31
HEAT_1_DUTY=0
HEAT_1_SP=-20.0
HEAT_2_TEMP=30
HEAT_2_DUTY=0
HEAT_2_SP=-20.0
HEAT_3_TEMP=25
HEAT_3_DUTY=0
HEAT_3_SP=-20.0
HEAT_4_TEMP=30
HEAT_4_DUTY=0
HEAT_4_SP=-20.0
TS=1786200793.408
V_SENSE5=1.2353515625
V_SENSE9=0.0341796875
V_SENSE12=0.10498046875
ADC_V5=4.8675537109375
ADC_V9=8.84124755859375
ADC_V12=11.859130859375
ADC_V28=27.56805419921875
THERMAL_SENS_OUT_1=26
THERMAL_SENS_OUT_2=-50
THERMAL_SENS_OUT_3=27
THERMAL_SENS_OUT_4=26
THERMAL_SENS_OUT_5=29

[21:38:15.045 EBOX]
THERMAL_SENS_OUT_6=-50
THERMAL_SENS_INT_1=26
THERMAL_SENS_INT_2=32
PG_5=1
PG_9=0
PG_12=1
FLT_P2=0
FLT_P3=0
HEAT_1_TEMP=26
HEAT_1_DUTY=0
HEAT_1_SP=-20.0
HEAT_2_TEMP=27
HEAT_2_DUTY=0
HEAT_2_SP=-20.0
HEAT_3_TEMP=26
HEAT_3_DUTY=0
HEAT_3_SP=-20.0
HEAT_4_TEMP=29
HEAT_4_DUTY=0
HEAT_4_SP=-20.0
TS=1786200793.909
V_SENSE5=1.1279296875
V_SENSE9=0.0341796875
V_SENSE12=0.15380859375
ADC_V5=5.01800537109375
ADC_V9=8.9208984375
ADC_V12=11.5582275390625
ADC_V28=27.930908203125
THERMAL_SENS_OUT_1=31
THERMAL_SENS_OUT_2=-50
THERMAL_SENS_OUT_3=29
THERMAL_SENS_OUT_4=26
THERMAL_SENS_OUT_5=32
THERMAL_SENS_OUT_6=-50
THERMAL_SENS_INT_1=28
THERMAL_SENS_INT_2=26
PG_5=1
PG_9=0
PG_12=1
FLT_P2=0
FLT_P3=0
HEAT_1_TEMP=31
HEAT_1_DUTY=0
HEAT_1_SP=-20.0
HEAT_2_TEMP=29
HEAT_2_DUTY=0
HEAT_2_SP=-20.0
HEAT_3_TEMP=26
HEAT_3_DUTY=0
HEAT_3_SP=-20.0
HEAT_4_TEMP=32
HEAT_4_DUTY=0
HEAT_4_SP=-20.0

[21:38:16.833 EBOX]
TS=1786200794.410
V_SENSE5=1.11083984375
V_SENSE9=0.0341796875
V_SENSE12=0.17333984375
ADC_V5=4.89410400390625
ADC_V9=8.8323974609375
ADC_V12=11.74407958984375
ADC_V28=27.789306640625
THERMAL_SENS_OUT_1=29
THERMAL_SENS_OUT_2=-50
THERMAL_SENS_OUT_3=25
THERMAL_SENS_OUT_4=28
THERMAL_SENS_OUT_5=32
THERMAL_SENS_OUT_6=-50
THERMAL_SENS_INT_1=25
THERMAL_SENS_INT_2=28
PG_5=1
PG_9=0
PG_12=1
FLT_P2=0
FLT_P3=0
HEAT_1_TEMP=29
HEAT_1_DUTY=0
HEAT_1_SP=-20.0
HEAT_2_TEMP=25
HEAT_2_DUTY=0
HEAT_2_SP=-20.0
HEAT_3_TEMP=28
HEAT_3_DUTY=0
HEAT_3_SP=-20.0
HEAT_4_TEMP=32
HEAT_4_DUTY=0
HEAT_4_SP=-20.0
TS=1786200794.820
V_SENSE5=1.11572265625
V_SENSE9=0.0390625
V_SENSE12=0.09765625
ADC_V5=4.91180419921875
ADC_V9=8.9739990234375
ADC_V12=11.83258056640625
ADC_V28=28.09906005859375
THERMAL_SENS_OUT_1=27
THERMAL_SENS_OUT_2=-50
THERMAL_SENS_OUT_3=28
THERMAL_SENS_OUT_4=30
THERMAL_SENS_OUT_5=33
THERMAL_SENS_OUT_6=-50
THERMAL_SENS_INT_1=26
THERMAL_SENS_INT_2=31
PG_5=1
PG_9=0
PG_12=1
FLT_P2=0
FLT_P3=0
HEAT_1_TEMP=27
HEAT_1_DUTY=0
HEAT_1_SP=-20.0
HEAT_2_TEMP=28
HEAT_2_DUTY=0
HEAT_2_SP=-20.0
HEAT_3_TEMP=30
HEAT_3_DUTY=0
HEAT_3_SP=-20.0
HEAT_4_TEMP=33
HEAT_4_DUTY=0
HEAT_4_SP=-20.0
TS=1786200795.418
V_SENSE5=1.259765625
V_SENSE9=0.0390625
V_SENSE12=0.14404296875
ADC_V5=5.0091552734375
ADC_V9=9.37225341796875
ADC_V12=11.90338134765625
ADC_V28=27.81585693359375
THERMAL_SENS_OUT_1=26
THERMAL_SENS_OUT_2=-50
THERMAL_SENS_OUT_3=28
THERMAL_SENS_OUT_4=26
THERMAL_SENS_OUT_5=32
THERMAL_SENS_OUT_6=-50
THERMAL_SENS_INT_1=25
THERMAL_SENS_INT_2=28
PG_5=1
PG_9=0
PG_12=1
FLT_P2=0
FLT_P3=0
HEAT_1_TEMP=26
HEAT_1_DUTY=0
HEAT_1_SP=-20.0
HEAT_2_TEMP=28
HEAT_2_DUTY=0
HEAT_2_SP=-20.0
HEAT_3_TEMP=26
HEAT_3_DUTY=0
HEAT_3_SP=-20.0
HEAT_4_TEMP=32
HEAT_4_DUTY=0
HEAT_4_SP=-20.0
TS=1786200795.918
V_SENSE5=1.18896484375
V_SENSE9=0.0390625
V_SENSE12=0.09765625
ADC_V5=4.9560546875
ADC_V9=9.168701171875
ADC_V12=11.77947998046875
ADC_V28=27.8070068359375
THERMAL_SENS_OUT_1=31
THERMAL_SENS_OUT_2=-50
THERMAL_SENS_OUT_3=27
THERMAL_SENS_OUT_4=26
THERMAL_SENS_OUT_5=32

[21:38:17.262 EBOX]
THERMAL_SENS_OUT_6=-50
THERMAL_SENS_INT_1=27
THERMAL_SENS_INT_2=26
PG_5=1
PG_9=0
PG_12=1
FLT_P2=0
FLT_P3=0
HEAT_1_TEMP=31
HEAT_1_DUTY=0
HEAT_1_SP=-20.0
HEAT_2_TEMP=27
HEAT_2_DUTY=0
HEAT_2_SP=-20.0
HEAT_3_TEMP=26
HEAT_3_DUTY=0
HEAT_3_SP=-20.0
HEAT_4_TEMP=32
HEAT_4_DUTY=0
HEAT_4_SP=-20.0
TS=1786200796.420
V_SENSE5=1.16943359375
V_SENSE9=0.09521484375
V_SENSE12=0.10009765625
ADC_V5=5.15960693359375
ADC_V9=9.2041015625
ADC_V12=11.60247802734375
ADC_V28=27.56805419921875
THERMAL_SENS_OUT_1=28
THERMAL_SENS_OUT_2=-50
THERMAL_SENS_OUT_3=27
THERMAL_SENS_OUT_4=30
THERMAL_SENS_OUT_5=28
THERMAL_SENS_OUT_6=-50
THERMAL_SENS_INT_1=25
THERMAL_SENS_INT_2=27
PG_5=1
PG_9=0
PG_12=1
FLT_P2=0
FLT_P3=0
HEAT_1_TEMP=28
HEAT_1_DUTY=0
HEAT_1_SP=-20.0
HEAT_2_TEMP=27
HEAT_2_DUTY=0
HEAT_2_SP=-20.0
HEAT_3_TEMP=30
HEAT_3_DUTY=0
HEAT_3_SP=-20.0
HEAT_4_TEMP=28
HEAT_4_DUTY=0
HEAT_4_SP=-20.0

[21:38:17.689 EBOX]
TS=1786200796.921
V_SENSE5=1.3818359375
V_SENSE9=0.0390625
V_SENSE12=0.15380859375
ADC_V5=4.9737548828125
ADC_V9=9.17755126953125
ADC_V12=11.8768310546875
ADC_V28=27.47955322265625
THERMAL_SENS_OUT_1=25
THERMAL_SENS_OUT_2=-50
THERMAL_SENS_OUT_3=27
THERMAL_SENS_OUT_4=28
THERMAL_SENS_OUT_5=28
THERMAL_SENS_OUT_6=-50
THERMAL_SENS_INT_1=30
THERMAL_SENS_INT_2=28
PG_5=1
PG_9=0
PG_12=1
FLT_P2=0
FLT_P3=0
HEAT_1_TEMP=25
HEAT_1_DUTY=0
HEAT_1_SP=-20.0
HEAT_2_TEMP=27
HEAT_2_DUTY=0
HEAT_2_SP=-20.0
HEAT_3_TEMP=28
HEAT_3_DUTY=0
HEAT_3_SP=-20.0
HEAT_4_TEMP=28
HEAT_4_DUTY=0
HEAT_4_SP=-20.0

[21:38:17.691 CUBESAT]
TS=1786202564.310
PG_5=1
PG_9=0
PG_12=0
FLT_P2=0
FLT_P3=0
HEAT_1_TEMP=0.0
HEAT_1_DUTY=0
HEAT_1_SP=-20.0
ENC_RAW=10257
ENC_ANGLE=225.37353515625
ENC_ACCUM=0.0
AUTO_STOP=1
MOTOR_ANGLE=0.0011482558139534885
MOTOR_ACCUM=0.0011482558139534885
MOTOR_ROT=0

[21:38:17.909 EBOX]
TS=1786200797.435
V_SENSE5=1.07177734375
V_SENSE9=0.0341796875
V_SENSE12=0.10009765625
ADC_V5=4.84100341796875
ADC_V9=9.15985107421875
ADC_V12=11.5228271484375
ADC_V28=27.70965576171875
THERMAL_SENS_OUT_1=26
THERMAL_SENS_OUT_2=-50
THERMAL_SENS_OUT_3=26
THERMAL_SENS_OUT_4=25
THERMAL_SENS_OUT_5=30
THERMAL_SENS_OUT_6=-50
THERMAL_SENS_INT_1=30
THERMAL_SENS_INT_2=29
PG_5=1
PG_9=0
PG_12=1
FLT_P2=0
FLT_P3=0
HEAT_1_TEMP=26
HEAT_1_DUTY=0
HEAT_1_SP=-20.0
HEAT_2_TEMP=26
HEAT_2_DUTY=0
HEAT_2_SP=-20.0
HEAT_3_TEMP=25
HEAT_3_DUTY=0
HEAT_3_SP=-20.0
HEAT_4_TEMP=30
HEAT_4_DUTY=0
HEAT_4_SP=-20.0

[21:38:17.911 CUBESAT]
TS=1786202566.312
PG_5=1
PG_9=0
PG_12=0
FLT_P2=0
FLT_P3=0
HEAT_1_TEMP=0.0
HEAT_1_DUTY=10
HEAT_1_SP=-20.0
ENC_RAW=10259
ENC_ANGLE=225.41748046875
ENC_ACCUM=0.0439453125
AUTO_STOP=1
MOTOR_ANGLE=0.0011482558139534885
MOTOR_ACCUM=0.0011482558139534885
MOTOR_ROT=0

[21:38:18.236 EBOX]
TS=1786200797.930
V_SENSE5=1.20849609375
V_SENSE9=0.0390625
V_SENSE12=0.0927734375
ADC_V5=4.84100341796875
ADC_V9=8.8677978515625
ADC_V12=11.54937744140625
ADC_V28=27.32025146484375
THERMAL_SENS_OUT_1=25
THERMAL_SENS_OUT_2=-50
THERMAL_SENS_OUT_3=28
THERMAL_SENS_OUT_4=29
THERMAL_SENS_OUT_5=33
THERMAL_SENS_OUT_6=-50
THERMAL_SENS_INT_1=25
THERMAL_SENS_INT_2=27
PG_5=1
PG_9=0
PG_12=1
FLT_P2=0
FLT_P3=0
HEAT_1_TEMP=25
HEAT_1_DUTY=0
HEAT_1_SP=-20.0
HEAT_2_TEMP=28
HEAT_2_DUTY=0
HEAT_2_SP=-20.0
HEAT_3_TEMP=29
HEAT_3_DUTY=0
HEAT_3_SP=-20.0
HEAT_4_TEMP=33
HEAT_4_DUTY=0
HEAT_4_SP=-20.0

[21:38:18.762 EBOX]
TS=1786200798.431
V_SENSE5=1.1328125
V_SENSE9=0.05615234375
V_SENSE12=0.12939453125
ADC_V5=4.814453125
ADC_V9=8.99169921875
ADC_V12=11.93878173828125
ADC_V28=27.74505615234375
THERMAL_SENS_OUT_1=28
THERMAL_SENS_OUT_2=-50
THERMAL_SENS_OUT_3=30
THERMAL_SENS_OUT_4=26
THERMAL_SENS_OUT_5=29
THERMAL_SENS_OUT_6=-50
THERMAL_SENS_INT_1=25
THERMAL_SENS_INT_2=29
PG_5=1
PG_9=0
PG_12=1
FLT_P2=0
FLT_P3=0
HEAT_1_TEMP=28
HEAT_1_DUTY=0
HEAT_1_SP=-20.0
HEAT_2_TEMP=30
HEAT_2_DUTY=0
HEAT_2_SP=-20.0
HEAT_3_TEMP=26
HEAT_3_DUTY=0
HEAT_3_SP=-20.0
HEAT_4_TEMP=29
HEAT_4_DUTY=0
HEAT_4_SP=-20.0

[21:38:19.468 EBOX]
TS=1786200798.844
V_SENSE5=1.15234375
V_SENSE9=0.05126953125
V_SENSE12=0.09765625
ADC_V5=5.0091552734375
ADC_V9=9.0447998046875
ADC_V12=11.70867919921875
ADC_V28=28.18756103515625
THERMAL_SENS_OUT_1=29
THERMAL_SENS_OUT_2=-50
THERMAL_SENS_OUT_3=25
THERMAL_SENS_OUT_4=31
THERMAL_SENS_OUT_5=30
THERMAL_SENS_OUT_6=-50
THERMAL_SENS_INT_1=30
THERMAL_SENS_INT_2=27
PG_5=1
PG_9=0
PG_12=1
FLT_P2=0
FLT_P3=0
HEAT_1_TEMP=29
HEAT_1_DUTY=0
HEAT_1_SP=-20.0
HEAT_2_TEMP=25
HEAT_2_DUTY=0
HEAT_2_SP=-20.0
HEAT_3_TEMP=31
HEAT_3_DUTY=0
HEAT_3_SP=-20.0
HEAT_4_TEMP=30
HEAT_4_DUTY=0
HEAT_4_SP=-20.0

[21:38:19.795 EBOX]
TS=1786200799.449
V_SENSE5=1.181640625
V_SENSE9=0.0390625
V_SENSE12=0.10498046875
ADC_V5=5.00030517578125
ADC_V9=9.35455322265625
ADC_V12=11.929931640625
ADC_V28=28.09906005859375
THERMAL_SENS_OUT_1=28
THERMAL_SENS_OUT_2=-50
THERMAL_SENS_OUT_3=26
THERMAL_SENS_OUT_4=26
THERMAL_SENS_OUT_5=33
THERMAL_SENS_OUT_6=-50
THERMAL_SENS_INT_1=30
THERMAL_SENS_INT_2=28
PG_5=1
PG_9=0
PG_12=1
FLT_P2=0
FLT_P3=0
HEAT_1_TEMP=28
HEAT_1_DUTY=0
HEAT_1_SP=-20.0
HEAT_2_TEMP=26
HEAT_2_DUTY=0
HEAT_2_SP=-20.0
HEAT_3_TEMP=26
HEAT_3_DUTY=0
HEAT_3_SP=-20.0
HEAT_4_TEMP=33
HEAT_4_DUTY=0
HEAT_4_SP=-20.0

[21:38:19.999 CUBESAT]
TS=1786202568.314
PG_5=1
PG_9=0
PG_12=0
FLT_P2=0
FLT_P3=0
HEAT_1_TEMP=0.0
HEAT_1_DUTY=0
HEAT_1_SP=-20.0
ENC_RAW=10259
ENC_ANGLE=225.41748046875
ENC_ACCUM=0.0439453125
AUTO_STOP=1
MOTOR_ANGLE=0.0011482558139534885
MOTOR_ACCUM=0.0011482558139534885
MOTOR_ROT=0

[21:38:20.523 EBOX]
TS=1786200799.855
V_SENSE5=1.2939453125
V_SENSE9=0.0341796875
V_SENSE12=0.11474609375
ADC_V5=4.82330322265625
ADC_V9=9.0802001953125
ADC_V12=11.7706298828125
ADC_V28=27.1875
THERMAL_SENS_OUT_1=26
THERMAL_SENS_OUT_2=-50
THERMAL_SENS_OUT_3=28
THERMAL_SENS_OUT_4=32
THERMAL_SENS_OUT_5=29
THERMAL_SENS_OUT_6=-50
THERMAL_SENS_INT_1=24
THERMAL_SENS_INT_2=28
PG_5=1
PG_9=0
PG_12=1
FLT_P2=0
FLT_P3=0
HEAT_1_TEMP=26
HEAT_1_DUTY=0
HEAT_1_SP=-20.0
HEAT_2_TEMP=28
HEAT_2_DUTY=0
HEAT_2_SP=-20.0
HEAT_3_TEMP=32
HEAT_3_DUTY=0
HEAT_3_SP=-20.0
HEAT_4_TEMP=29
HEAT_4_DUTY=0
HEAT_4_SP=-20.0

[21:38:21.052 EBOX]
TS=1786200800.460
V_SENSE5=1.123046875
V_SENSE9=0.0390625
V_SENSE12=0.10009765625
ADC_V5=5.01800537109375
ADC_V9=8.94744873046875
ADC_V12=11.69097900390625
ADC_V28=27.9840087890625
THERMAL_SENS_OUT_1=26
THERMAL_SENS_OUT_2=-50
THERMAL_SENS_OUT_3=25
THERMAL_SENS_OUT_4=30
THERMAL_SENS_OUT_5=29
THERMAL_SENS_OUT_6=-50
THERMAL_SENS_INT_1=25
THERMAL_SENS_INT_2=29
PG_5=1
PG_9=0
PG_12=1
FLT_P2=0
FLT_P3=0
HEAT_1_TEMP=26
HEAT_1_DUTY=0
HEAT_1_SP=-20.0
HEAT_2_TEMP=25
HEAT_2_DUTY=0
HEAT_2_SP=-20.0
HEAT_3_TEMP=30
HEAT_3_DUTY=0
HEAT_3_SP=-20.0
HEAT_4_TEMP=29
HEAT_4_DUTY=0
HEAT_4_SP=-20.0

[21:38:21.378 EBOX]
TS=1786200800.963
V_SENSE5=1.21337890625
V_SENSE9=0.06591796875
V_SENSE12=0.09765625
ADC_V5=5.07110595703125
ADC_V9=9.0802001953125
ADC_V12=11.69097900390625
ADC_V28=28.143310546875
THERMAL_SENS_OUT_1=30
THERMAL_SENS_OUT_2=-50
THERMAL_SENS_OUT_3=29
THERMAL_SENS_OUT_4=27
THERMAL_SENS_OUT_5=31
THERMAL_SENS_OUT_6=-50
THERMAL_SENS_INT_1=28
THERMAL_SENS_INT_2=25
PG_5=1
PG_9=0
PG_12=1
FLT_P2=0
FLT_P3=0
HEAT_1_TEMP=30
HEAT_1_DUTY=0
HEAT_1_SP=-20.0
HEAT_2_TEMP=29
HEAT_2_DUTY=0
HEAT_2_SP=-20.0
HEAT_3_TEMP=27
HEAT_3_DUTY=0
HEAT_3_SP=-20.0
HEAT_4_TEMP=31
HEAT_4_DUTY=0
HEAT_4_SP=-20.0

[21:38:22.004 EBOX]
TS=1786200801.463
V_SENSE5=1.2060546875
V_SENSE9=0.03662109375
V_SENSE12=0.09765625
ADC_V5=4.89410400390625
ADC_V9=8.73504638671875
ADC_V12=11.9122314453125
ADC_V28=27.8070068359375
THERMAL_SENS_OUT_1=31
THERMAL_SENS_OUT_2=-50
THERMAL_SENS_OUT_3=26
THERMAL_SENS_OUT_4=30
THERMAL_SENS_OUT_5=30
THERMAL_SENS_OUT_6=-50
THERMAL_SENS_INT_1=25
THERMAL_SENS_INT_2=28
PG_5=1
PG_9=0
PG_12=1
FLT_P2=0
FLT_P3=0
HEAT_1_TEMP=31
HEAT_1_DUTY=0
HEAT_1_SP=-20.0
HEAT_2_TEMP=26
HEAT_2_DUTY=0
HEAT_2_SP=-20.0
HEAT_3_TEMP=30
HEAT_3_DUTY=0
HEAT_3_SP=-20.0
HEAT_4_TEMP=30
HEAT_4_DUTY=0
HEAT_4_SP=-20.0

[21:38:22.309 CUBESAT]
TS=1786202570.317
PG_5=1
PG_9=0
PG_12=0
FLT_P2=0
FLT_P3=0
HEAT_1_TEMP=0.0
HEAT_1_DUTY=0
HEAT_1_SP=-20.0
ENC_RAW=10257
ENC_ANGLE=225.37353515625
ENC_ACCUM=0.0
AUTO_STOP=1
MOTOR_ANGLE=0.0011482558139534885
MOTOR_ACCUM=0.0011482558139534885
MOTOR_ROT=0

[21:38:22.437 EBOX]
TS=1786200801.964
V_SENSE5=1.20361328125
V_SENSE9=0.0390625
V_SENSE12=0.10009765625
ADC_V5=4.96490478515625
ADC_V9=8.78814697265625
ADC_V12=11.859130859375
ADC_V28=27.39990234375
THERMAL_SENS_OUT_1=26
THERMAL_SENS_OUT_2=-50
THERMAL_SENS_OUT_3=25
THERMAL_SENS_OUT_4=29
THERMAL_SENS_OUT_5=29
THERMAL_SENS_OUT_6=-50
THERMAL_SENS_INT_1=29
THERMAL_SENS_INT_2=26
PG_5=1
PG_9=0
PG_12=1
FLT_P2=0
FLT_P3=0
HEAT_1_TEMP=26
HEAT_1_DUTY=0
HEAT_1_SP=-20.0
HEAT_2_TEMP=25
HEAT_2_DUTY=0
HEAT_2_SP=-20.0
HEAT_3_TEMP=29
HEAT_3_DUTY=0
HEAT_3_SP=-20.0
HEAT_4_TEMP=29
HEAT_4_DUTY=0
HEAT_4_SP=-20.0

[21:38:22.974 EBOX]
TS=1786200802.375
V_SENSE5=1.0595703125
V_SENSE9=0.0390625
V_SENSE12=0.14892578125
ADC_V5=5.01800537109375
ADC_V9=9.23065185546875
ADC_V12=11.74407958984375
ADC_V28=28.24951171875
THERMAL_SENS_OUT_1=28
THERMAL_SENS_OUT_2=-50
THERMAL_SENS_OUT_3=29
THERMAL_SENS_OUT_4=28
THERMAL_SENS_OUT_5=29
THERMAL_SENS_OUT_6=-50
THERMAL_SENS_INT_1=28
THERMAL_SENS_INT_2=30
PG_5=1
PG_9=0
PG_12=1
FLT_P2=0
FLT_P3=0
HEAT_1_TEMP=28
HEAT_1_DUTY=0
HEAT_1_SP=-20.0
HEAT_2_TEMP=29
HEAT_2_DUTY=0
HEAT_2_SP=-20.0
HEAT_3_TEMP=28
HEAT_3_DUTY=0
HEAT_3_SP=-20.0
HEAT_4_TEMP=29
HEAT_4_DUTY=0
HEAT_4_SP=-20.0

[21:38:23.329 EBOX]
TS=1786200802.980
V_SENSE5=1.0498046875
V_SENSE9=0.0341796875
V_SENSE12=0.11962890625
ADC_V5=5.0091552734375
ADC_V9=9.42535400390625
ADC_V12=11.53167724609375
ADC_V28=27.1697998046875
THERMAL_SENS_OUT_1=30
THERMAL_SENS_OUT_2=-50
THERMAL_SENS_OUT_3=27
THERMAL_SENS_OUT_4=25
THERMAL_SENS_OUT_5=33
THERMAL_SENS_OUT_6=-50
THERMAL_SENS_INT_1=28
THERMAL_SENS_INT_2=26
PG_5=1
PG_9=0
PG_12=1
FLT_P2=0
FLT_P3=0
HEAT_1_TEMP=30
HEAT_1_DUTY=0
HEAT_1_SP=-20.0
HEAT_2_TEMP=27
HEAT_2_DUTY=0
HEAT_2_SP=-20.0
HEAT_3_TEMP=25
HEAT_3_DUTY=0
HEAT_3_SP=-20.0
HEAT_4_TEMP=33
HEAT_4_DUTY=0
HEAT_4_SP=-20.0

[21:38:23.936 CUBESAT]
TS=1786202572.319
PG_5=1
PG_9=0
PG_12=0
FLT_P2=0
FLT_P3=0
HEAT_1_TEMP=0.0
HEAT_1_DUTY=0
HEAT_1_SP=-20.0
ENC_RAW=10257
ENC_ANGLE=225.37353515625
ENC_ACCUM=0.0
AUTO_STOP=1
MOTOR_ANGLE=0.0011482558139534885
MOTOR_ACCUM=0.0011482558139534885
MOTOR_ROT=0

[21:38:24.888 EBOX]
TS=1786200803.475
V_SENSE5=1.0693359375
V_SENSE9=0.03662109375
V_SENSE12=0.1220703125
ADC_V5=4.9383544921875
ADC_V9=9.345703125
ADC_V12=11.575927734375
ADC_V28=27.95745849609375
THERMAL_SENS_OUT_1=28
THERMAL_SENS_OUT_2=-50
THERMAL_SENS_OUT_3=25
THERMAL_SENS_OUT_4=29
THERMAL_SENS_OUT_5=28
THERMAL_SENS_OUT_6=-50
THERMAL_SENS_INT_1=30
THERMAL_SENS_INT_2=27
PG_5=1
PG_9=0
PG_12=1
FLT_P2=0
FLT_P3=0
HEAT_1_TEMP=28
HEAT_1_DUTY=0
HEAT_1_SP=-20.0
HEAT_2_TEMP=25
HEAT_2_DUTY=0
HEAT_2_SP=-20.0
HEAT_3_TEMP=29
HEAT_3_DUTY=0
HEAT_3_SP=-20.0
HEAT_4_TEMP=28
HEAT_4_DUTY=0
HEAT_4_SP=-20.0
TS=1786200803.981
V_SENSE5=0.96923828125
V_SENSE9=0.0390625
V_SENSE12=0.1220703125
ADC_V5=4.98260498046875
ADC_V9=9.13330078125
ADC_V12=11.65557861328125
ADC_V28=28.2318115234375
THERMAL_SENS_OUT_1=27
THERMAL_SENS_OUT_2=-50
THERMAL_SENS_OUT_3=26
THERMAL_SENS_OUT_4=30
THERMAL_SENS_OUT_5=30
THERMAL_SENS_OUT_6=-50
THERMAL_SENS_INT_1=26
THERMAL_SENS_INT_2=29
PG_5=1
PG_9=0
PG_12=1
FLT_P2=0
FLT_P3=0
HEAT_1_TEMP=27
HEAT_1_DUTY=0
HEAT_1_SP=-20.0
HEAT_2_TEMP=26
HEAT_2_DUTY=0
HEAT_2_SP=-20.0
HEAT_3_TEMP=30
HEAT_3_DUTY=0
HEAT_3_SP=-20.0
HEAT_4_TEMP=30
HEAT_4_DUTY=0
HEAT_4_SP=-20.0

[21:38:25.029 EBOX]
TS=1786200804.481
V_SENSE5=1.11328125
V_SENSE9=0.0341796875
V_SENSE12=0.1025390625
ADC_V5=4.8675537109375
ADC_V9=9.239501953125
ADC_V12=11.60247802734375
ADC_V28=28.04595947265625
THERMAL_SENS_OUT_1=31
THERMAL_SENS_OUT_2=-50
THERMAL_SENS_OUT_3=29
THERMAL_SENS_OUT_4=27
THERMAL_SENS_OUT_5=34
THERMAL_SENS_OUT_6=-50
THERMAL_SENS_INT_1=29
THERMAL_SENS_INT_2=27
PG_5=1
PG_9=0
PG_12=1
FLT_P2=0
FLT_P3=0
HEAT_1_TEMP=31
HEAT_1_DUTY=0
HEAT_1_SP=-20.0
HEAT_2_TEMP=29
HEAT_2_DUTY=0
HEAT_2_SP=-20.0
HEAT_3_TEMP=27
HEAT_3_DUTY=0
HEAT_3_SP=-20.0
HEAT_4_TEMP=34
HEAT_4_DUTY=0
HEAT_4_SP=-20.0

[21:38:25.264 EBOX]
TS=1786200804.983
V_SENSE5=1.2646484375
V_SENSE9=0.0341796875
V_SENSE12=0.10009765625
ADC_V5=4.8675537109375
ADC_V9=9.21295166015625
ADC_V12=11.58477783203125
ADC_V28=27.9486083984375
THERMAL_SENS_OUT_1=30
THERMAL_SENS_OUT_2=-50
THERMAL_SENS_OUT_3=26
THERMAL_SENS_OUT_4=30
THERMAL_SENS_OUT_5=29
THERMAL_SENS_OUT_6=-50
THERMAL_SENS_INT_1=25
THERMAL_SENS_INT_2=30
PG_5=1
PG_9=0
PG_12=1
FLT_P2=0
FLT_P3=0
HEAT_1_TEMP=30
HEAT_1_DUTY=0
HEAT_1_SP=-20.0
HEAT_2_TEMP=26
HEAT_2_DUTY=0
HEAT_2_SP=-20.0
HEAT_3_TEMP=30
HEAT_3_DUTY=0
HEAT_3_SP=-20.0
HEAT_4_TEMP=29
HEAT_4_DUTY=0
HEAT_4_SP=-20.0

[21:38:26.102 EBOX]
TS=1786200805.391
V_SENSE5=1.10107421875
V_SENSE9=0.0390625
V_SENSE12=0.14404296875
ADC_V5=4.96490478515625
ADC_V9=9.37225341796875
ADC_V12=11.575927734375
ADC_V28=28.02825927734375
THERMAL_SENS_OUT_1=29
THERMAL_SENS_OUT_2=-50
THERMAL_SENS_OUT_3=30
THERMAL_SENS_OUT_4=25
THERMAL_SENS_OUT_5=32
THERMAL_SENS_OUT_6=-50
THERMAL_SENS_INT_1=25
THERMAL_SENS_INT_2=31
PG_5=1
PG_9=0
PG_12=1
FLT_P2=0
FLT_P3=0
HEAT_1_TEMP=29
HEAT_1_DUTY=0
HEAT_1_SP=-20.0
HEAT_2_TEMP=30
HEAT_2_DUTY=0
HEAT_2_SP=-20.0
HEAT_3_TEMP=25
HEAT_3_DUTY=0
HEAT_3_SP=-20.0
HEAT_4_TEMP=32
HEAT_4_DUTY=0
HEAT_4_SP=-20.0

[21:38:26.112 CUBESAT]
TS=1786202574.321
PG_5=1
PG_9=0
PG_12=0
FLT_P2=0
FLT_P3=0
HEAT_1_TEMP=0.0
HEAT_1_DUTY=0
HEAT_1_SP=-20.0
ENC_RAW=10259
ENC_ANGLE=225.41748046875
ENC_ACCUM=0.0439453125
AUTO_STOP=1
MOTOR_ANGLE=0.0011482558139534885
MOTOR_ACCUM=0.0011482558139534885
MOTOR_ROT=0

[21:38:26.236 EBOX]
TS=1786200805.994
V_SENSE5=1.2109375
V_SENSE9=0.03662109375
V_SENSE12=0.1171875
ADC_V5=4.9737548828125
ADC_V9=9.0625
ADC_V12=11.6998291015625
ADC_V28=27.47955322265625
THERMAL_SENS_OUT_1=27
THERMAL_SENS_OUT_2=-50
THERMAL_SENS_OUT_3=25
THERMAL_SENS_OUT_4=29
THERMAL_SENS_OUT_5=33
THERMAL_SENS_OUT_6=-50
THERMAL_SENS_INT_1=27
THERMAL_SENS_INT_2=29
PG_5=1
PG_9=0
PG_12=1
FLT_P2=0
FLT_P3=0
HEAT_1_TEMP=27
HEAT_1_DUTY=0
HEAT_1_SP=-20.0
HEAT_2_TEMP=25
HEAT_2_DUTY=0
HEAT_2_SP=-20.0
HEAT_3_TEMP=29
HEAT_3_DUTY=0
HEAT_3_SP=-20.0
HEAT_4_TEMP=33
HEAT_4_DUTY=0
HEAT_4_SP=-20.0

[21:38:26.866 EBOX]
TS=1786200806.493
V_SENSE5=1.35009765625
V_SENSE9=0.0341796875
V_SENSE12=0.126953125
ADC_V5=4.94720458984375
ADC_V9=8.779296875
ADC_V12=11.7706298828125
ADC_V28=27.21405029296875
THERMAL_SENS_OUT_1=26
THERMAL_SENS_OUT_2=-50
THERMAL_SENS_OUT_3=24
THERMAL_SENS_OUT_4=28
THERMAL_SENS_OUT_5=30
THERMAL_SENS_OUT_6=-50
THERMAL_SENS_INT_1=29
THERMAL_SENS_INT_2=27
PG_5=1
PG_9=0
PG_12=1
FLT_P2=0
FLT_P3=0
HEAT_1_TEMP=26
HEAT_1_DUTY=0
HEAT_1_SP=-20.0
HEAT_2_TEMP=24
HEAT_2_DUTY=0
HEAT_2_SP=-20.0
HEAT_3_TEMP=28
HEAT_3_DUTY=0
HEAT_3_SP=-20.0
HEAT_4_TEMP=30
HEAT_4_DUTY=0
HEAT_4_SP=-20.0

[21:38:27.641 EBOX]
TS=1786200806.995
V_SENSE5=1.1279296875
V_SENSE9=0.03173828125
V_SENSE12=0.1171875
ADC_V5=5.00030517578125
ADC_V9=8.9031982421875
ADC_V12=11.90338134765625
ADC_V28=27.9132080078125
THERMAL_SENS_OUT_1=29
THERMAL_SENS_OUT_2=-50
THERMAL_SENS_OUT_3=27
THERMAL_SENS_OUT_4=30
THERMAL_SENS_OUT_5=29
THERMAL_SENS_OUT_6=-50
THERMAL_SENS_INT_1=30
THERMAL_SENS_INT_2=28
PG_5=1
PG_9=0
PG_12=1
FLT_P2=0
FLT_P3=0
HEAT_1_TEMP=29
HEAT_1_DUTY=0
HEAT_1_SP=-20.0
HEAT_2_TEMP=27
HEAT_2_DUTY=0
HEAT_2_SP=-20.0
HEAT_3_TEMP=30
HEAT_3_DUTY=0
HEAT_3_SP=-20.0
HEAT_4_TEMP=29
HEAT_4_DUTY=0
HEAT_4_SP=-20.0

[21:38:27.974 EBOX]
TS=1786200807.501
V_SENSE5=1.1669921875
V_SENSE9=0.0390625
V_SENSE12=0.13671875
ADC_V5=5.0091552734375
ADC_V9=9.381103515625
ADC_V12=11.72637939453125
ADC_V28=27.28485107421875
THERMAL_SENS_OUT_1=27
THERMAL_SENS_OUT_2=-50
THERMAL_SENS_OUT_3=25
THERMAL_SENS_OUT_4=30
THERMAL_SENS_OUT_5=31
THERMAL_SENS_OUT_6=-50
THERMAL_SENS_INT_1=25
THERMAL_SENS_INT_2=27
PG_5=1
PG_9=0
PG_12=1
FLT_P2=0
FLT_P3=0
HEAT_1_TEMP=27
HEAT_1_DUTY=0
HEAT_1_SP=-20.0
HEAT_2_TEMP=25
HEAT_2_DUTY=0
HEAT_2_SP=-20.0
HEAT_3_TEMP=30
HEAT_3_DUTY=0
HEAT_3_SP=-20.0
HEAT_4_TEMP=31
HEAT_4_DUTY=0
HEAT_4_SP=-20.0

[21:38:28.379 CUBESAT]
TS=1786202576.323
PG_5=1
PG_9=0
PG_12=0
FLT_P2=0
FLT_P3=0
HEAT_1_TEMP=0.0
HEAT_1_DUTY=0
HEAT_1_SP=-20.0
ENC_RAW=10259
ENC_ANGLE=225.41748046875
ENC_ACCUM=0.0439453125
AUTO_STOP=1
MOTOR_ANGLE=0.0011482558139534885
MOTOR_ACCUM=0.0011482558139534885
MOTOR_ROT=0

[21:38:29.998 CUBESAT]
TS=1786202578.326
PG_5=1
PG_9=0
PG_12=0
FLT_P2=0
FLT_P3=0
HEAT_1_TEMP=0.0
HEAT_1_DUTY=0
HEAT_1_SP=-20.0
ENC_RAW=10259
ENC_ANGLE=225.41748046875
ENC_ACCUM=0.0439453125
AUTO_STOP=1
MOTOR_ANGLE=0.0011482558139534885
MOTOR_ACCUM=0.0011482558139534885
MOTOR_ROT=0

[21:38:30.165 EBOX]
TS=1786200807.902
V_SENSE5=1.14501953125
V_SENSE9=0.0390625
V_SENSE12=0.107421875
ADC_V5=5.0091552734375
ADC_V9=9.1510009765625
ADC_V12=11.8060302734375
ADC_V28=28.0902099609375
THERMAL_SENS_OUT_1=28
THERMAL_SENS_OUT_2=-50
THERMAL_SENS_OUT_3=25
THERMAL_SENS_OUT_4=25
THERMAL_SENS_OUT_5=32
THERMAL_SENS_OUT_6=-50
THERMAL_SENS_INT_1=25
THERMAL_SENS_INT_2=28
PG_5=1
PG_9=0
PG_12=1
FLT_P2=0
FLT_P3=0
HEAT_1_TEMP=28
HEAT_1_DUTY=0
HEAT_1_SP=-20.0
HEAT_2_TEMP=25
HEAT_2_DUTY=0
HEAT_2_SP=-20.0
HEAT_3_TEMP=25
HEAT_3_DUTY=0
HEAT_3_SP=-20.0
HEAT_4_TEMP=32
HEAT_4_DUTY=0
HEAT_4_SP=-20.0
TS=1786200808.512
V_SENSE5=1.09130859375
V_SENSE9=0.04638671875
V_SENSE12=0.15380859375
ADC_V5=4.98260498046875
ADC_V9=9.239501953125
ADC_V12=11.92108154296875
ADC_V28=27.860107421875
THERMAL_SENS_OUT_1=28
THERMAL_SENS_OUT_2=-50
THERMAL_SENS_OUT_3=25
THERMAL_SENS_OUT_4=31
THERMAL_SENS_OUT_5=32
THERMAL_SENS_OUT_6=-50
THERMAL_SENS_INT_1=30
THERMAL_SENS_INT_2=29
PG_5=1
PG_9=0
PG_12=1
FLT_P2=0
FLT_P3=0
HEAT_1_TEMP=28
HEAT_1_DUTY=0
HEAT_1_SP=-20.0
HEAT_2_TEMP=25
HEAT_2_DUTY=0
HEAT_2_SP=-20.0
HEAT_3_TEMP=31
HEAT_3_DUTY=0
HEAT_3_SP=-20.0
HEAT_4_TEMP=32
HEAT_4_DUTY=0
HEAT_4_SP=-20.0

[21:38:30.657 EBOX]
TS=1786200809.005
V_SENSE5=1.11083984375
V_SENSE9=0.0341796875
V_SENSE12=0.10009765625
ADC_V5=4.8675537109375
ADC_V9=9.345703125
ADC_V12=11.54937744140625
ADC_V28=27.83355712890625
THERMAL_SENS_OUT_1=26
THERMAL_SENS_OUT_2=-50
THERMAL_SENS_OUT_3=25
THERMAL_SENS_OUT_4=30
THERMAL_SENS_OUT_5=30
THERMAL_SENS_OUT_6=-50
THERMAL_SENS_INT_1=27
THERMAL_SENS_INT_2=28
PG_5=1
PG_9=0
PG_12=1
FLT_P2=0
FLT_P3=0
HEAT_1_TEMP=26
HEAT_1_DUTY=0
HEAT_1_SP=-20.0
HEAT_2_TEMP=25
HEAT_2_DUTY=0
HEAT_2_SP=-20.0
HEAT_3_TEMP=30
HEAT_3_DUTY=0
HEAT_3_SP=-20.0
HEAT_4_TEMP=30
HEAT_4_DUTY=0
HEAT_4_SP=-20.0
TS=1786200809.506
V_SENSE5=1.3525390625
V_SENSE9=0.0390625
V_SENSE12=0.0927734375
ADC_V5=4.849853515625
ADC_V9=9.24835205078125
ADC_V12=11.85028076171875
ADC_V28=27.4176025390625
THERMAL_SENS_OUT_1=31
THERMAL_SENS_OUT_2=-50
THERMAL_SENS_OUT_3=30
THERMAL_SENS_OUT_4=27
THERMAL_SENS_OUT_5=32
THERMAL_SENS_OUT_6=-50
THERMAL_SENS_INT_1=26
THERMAL_SENS_INT_2=31
PG_5=1
PG_9=0
PG_12=1
FLT_P2=0
FLT_P3=0
HEAT_1_TEMP=31
HEAT_1_DUTY=0
HEAT_1_SP=-20.0
HEAT_2_TEMP=30
HEAT_2_DUTY=0
HEAT_2_SP=-20.0
HEAT_3_TEMP=27
HEAT_3_DUTY=0
HEAT_3_SP=-20.0
HEAT_4_TEMP=32
HEAT_4_DUTY=0
HEAT_4_SP=-20.0

[21:38:31.000 EBOX]
TS=1786200810.010
V_SENSE5=1.2451171875
V_SENSE9=0.03662109375
V_SENSE12=0.11474609375
ADC_V5=4.9029541015625
ADC_V9=9.2926025390625
ADC_V12=11.83258056640625
ADC_V28=27.72735595703125
THERMAL_SENS_OUT_1=27
THERMAL_SENS_OUT_2=-50
THERMAL_SENS_OUT_3=29
THERMAL_SENS_OUT_4=28
THERMAL_SENS_OUT_5=30
THERMAL_SENS_OUT_6=-50
THERMAL_SENS_INT_1=25
THERMAL_SENS_INT_2=28
PG_5=1
PG_9=0
PG_12=1
FLT_P2=0
FLT_P3=0
HEAT_1_TEMP=27
HEAT_1_DUTY=0
HEAT_1_SP=-20.0
HEAT_2_TEMP=29
HEAT_2_DUTY=0
HEAT_2_SP=-20.0
HEAT_3_TEMP=28
HEAT_3_DUTY=0
HEAT_3_SP=-20.0
HEAT_4_TEMP=30
HEAT_4_DUTY=0
HEAT_4_SP=-20.0

[21:38:31.326 EBOX]
TS=1786200810.508
V_SENSE5=1.30615234375
V_SENSE9=0.0341796875
V_SENSE12=0.1171875
ADC_V5=4.9560546875
ADC_V9=9.19525146484375
ADC_V12=11.929931640625
ADC_V28=27.67425537109375
THERMAL_SENS_OUT_1=31
THERMAL_SENS_OUT_2=-50
THERMAL_SENS_OUT_3=24
THERMAL_SENS_OUT_4=26
THERMAL_SENS_OUT_5=33
THERMAL_SENS_OUT_6=-50
THERMAL_SENS_INT_1=29
THERMAL_SENS_INT_2=26
PG_5=1
PG_9=0
PG_12=1
FLT_P2=0
FLT_P3=0
HEAT_1_TEMP=31
HEAT_1_DUTY=0
HEAT_1_SP=-20.0
HEAT_2_TEMP=24
HEAT_2_DUTY=0
HEAT_2_SP=-20.0
HEAT_3_TEMP=26
HEAT_3_DUTY=0
HEAT_3_SP=-20.0
HEAT_4_TEMP=33
HEAT_4_DUTY=0
HEAT_4_SP=-20.0

[21:38:31.762 EBOX]
TS=1786200810.925
V_SENSE5=1.09375
V_SENSE9=0.04638671875
V_SENSE12=0.126953125
ADC_V5=4.91180419921875
ADC_V9=9.451904296875
ADC_V12=11.6644287109375
ADC_V28=28.072509765625
THERMAL_SENS_OUT_1=26
THERMAL_SENS_OUT_2=-50
THERMAL_SENS_OUT_3=24
THERMAL_SENS_OUT_4=29
THERMAL_SENS_OUT_5=30
THERMAL_SENS_OUT_6=-50
THERMAL_SENS_INT_1=25
THERMAL_SENS_INT_2=26
PG_5=1
PG_9=0
PG_12=1
FLT_P2=0
FLT_P3=0
HEAT_1_TEMP=26
HEAT_1_DUTY=0
HEAT_1_SP=-20.0
HEAT_2_TEMP=24
HEAT_2_DUTY=0
HEAT_2_SP=-20.0
HEAT_3_TEMP=29
HEAT_3_DUTY=0
HEAT_3_SP=-20.0
HEAT_4_TEMP=30
HEAT_4_DUTY=0
HEAT_4_SP=-20.0

[21:38:32.096 EBOX]
TS=1786200811.527
V_SENSE5=1.11572265625
V_SENSE9=0.06591796875
V_SENSE12=0.10498046875
ADC_V5=4.91180419921875
ADC_V9=8.85894775390625
ADC_V12=11.859130859375
ADC_V28=27.37335205078125
THERMAL_SENS_OUT_1=28
THERMAL_SENS_OUT_2=-50
THERMAL_SENS_OUT_3=28
THERMAL_SENS_OUT_4=26
THERMAL_SENS_OUT_5=32
THERMAL_SENS_OUT_6=-50
THERMAL_SENS_INT_1=30
THERMAL_SENS_INT_2=26
PG_5=1
PG_9=0
PG_12=1
FLT_P2=0
FLT_P3=0
HEAT_1_TEMP=28
HEAT_1_DUTY=0
HEAT_1_SP=-20.0
HEAT_2_TEMP=28
HEAT_2_DUTY=0
HEAT_2_SP=-20.0
HEAT_3_TEMP=26
HEAT_3_DUTY=0
HEAT_3_SP=-20.0
HEAT_4_TEMP=32
HEAT_4_DUTY=0
HEAT_4_SP=-20.0

[21:38:32.655 EBOX]
TS=1786200812.021
V_SENSE5=1.142578125
V_SENSE9=0.0341796875
V_SENSE12=0.10009765625
ADC_V5=4.920654296875
ADC_V9=9.00054931640625
ADC_V12=11.575927734375
ADC_V28=28.02825927734375
THERMAL_SENS_OUT_1=29
THERMAL_SENS_OUT_2=-50
THERMAL_SENS_OUT_3=29
THERMAL_SENS_OUT_4=26
THERMAL_SENS_OUT_5=33
THERMAL_SENS_OUT_6=-50
THERMAL_SENS_INT_1=25
THERMAL_SENS_INT_2=27
PG_5=1
PG_9=0
PG_12=1
FLT_P2=0
FLT_P3=0
HEAT_1_TEMP=29
HEAT_1_DUTY=0
HEAT_1_SP=-20.0
HEAT_2_TEMP=29
HEAT_2_DUTY=0
HEAT_2_SP=-20.0
HEAT_3_TEMP=26
HEAT_3_DUTY=0
HEAT_3_SP=-20.0
HEAT_4_TEMP=33
HEAT_4_DUTY=0
HEAT_4_SP=-20.0

[21:38:32.879 EBOX]
TS=1786200812.533
V_SENSE5=1.29638671875
V_SENSE9=0.0390625
V_SENSE12=0.1025390625
ADC_V5=5.00030517578125
ADC_V9=9.1864013671875
ADC_V12=11.859130859375
ADC_V28=27.32025146484375
THERMAL_SENS_OUT_1=29
THERMAL_SENS_OUT_2=-50
THERMAL_SENS_OUT_3=24
THERMAL_SENS_OUT_4=27
THERMAL_SENS_OUT_5=33
THERMAL_SENS_OUT_6=-50
THERMAL_SENS_INT_1=29
THERMAL_SENS_INT_2=27
PG_5=1
PG_9=0
PG_12=1
FLT_P2=0
FLT_P3=0
HEAT_1_TEMP=29
HEAT_1_DUTY=0
HEAT_1_SP=-20.0
HEAT_2_TEMP=24
HEAT_2_DUTY=0
HEAT_2_SP=-20.0
HEAT_3_TEMP=27
HEAT_3_DUTY=0
HEAT_3_SP=-20.0
HEAT_4_TEMP=33
HEAT_4_DUTY=0
HEAT_4_SP=-20.0

[21:38:33.285 CUBESAT]
TS=1786202580.328
PG_5=1
PG_9=0
PG_12=0
FLT_P2=0
FLT_P3=0
HEAT_1_TEMP=0.0
HEAT_1_DUTY=0
HEAT_1_SP=-20.0
ENC_RAW=10258
ENC_ANGLE=225.3955078125
ENC_ACCUM=0.02197265625
AUTO_STOP=1
MOTOR_ANGLE=0.0011482558139534885
MOTOR_ACCUM=0.0011482558139534885
MOTOR_ROT=0

[21:38:33.624 EBOX]
TS=1786200813.035
V_SENSE5=1.1572265625
V_SENSE9=0.03662109375
V_SENSE12=0.11962890625
ADC_V5=4.991455078125
ADC_V9=9.35455322265625
ADC_V12=11.90338134765625
ADC_V28=27.5946044921875
THERMAL_SENS_OUT_1=29
THERMAL_SENS_OUT_2=-50
THERMAL_SENS_OUT_3=29
THERMAL_SENS_OUT_4=27
THERMAL_SENS_OUT_5=32
THERMAL_SENS_OUT_6=-50
THERMAL_SENS_INT_1=25
THERMAL_SENS_INT_2=29
PG_5=1
PG_9=0
PG_12=1
FLT_P2=0
FLT_P3=0
HEAT_1_TEMP=29
HEAT_1_DUTY=0
HEAT_1_SP=-20.0
HEAT_2_TEMP=29
HEAT_2_DUTY=0
HEAT_2_SP=-20.0
HEAT_3_TEMP=27
HEAT_3_DUTY=0
HEAT_3_SP=-20.0
HEAT_4_TEMP=32
HEAT_4_DUTY=0
HEAT_4_SP=-20.0

[21:38:34.206 EBOX]
TS=1786200813.537
V_SENSE5=1.10595703125
V_SENSE9=0.0341796875
V_SENSE12=0.09765625
ADC_V5=5.00030517578125
ADC_V9=9.10675048828125
ADC_V12=11.82373046875
ADC_V28=28.02825927734375
THERMAL_SENS_OUT_1=28
THERMAL_SENS_OUT_2=-50
THERMAL_SENS_OUT_3=25
THERMAL_SENS_OUT_4=27
THERMAL_SENS_OUT_5=31
THERMAL_SENS_OUT_6=-50
THERMAL_SENS_INT_1=27
THERMAL_SENS_INT_2=27
PG_5=1
PG_9=0
PG_12=1
FLT_P2=0
FLT_P3=0
HEAT_1_TEMP=28
HEAT_1_DUTY=0
HEAT_1_SP=-20.0
HEAT_2_TEMP=25
HEAT_2_DUTY=0
HEAT_2_SP=-20.0
HEAT_3_TEMP=27
HEAT_3_DUTY=0
HEAT_3_SP=-20.0
HEAT_4_TEMP=31
HEAT_4_DUTY=0
HEAT_4_SP=-20.0

[21:38:34.209 CUBESAT]
TS=1786202582.330
PG_5=1
PG_9=0
PG_12=0
FLT_P2=0
FLT_P3=0
HEAT_1_TEMP=0.0
HEAT_1_DUTY=10
HEAT_1_SP=-20.0
ENC_RAW=10257
ENC_ANGLE=225.37353515625
ENC_ACCUM=0.0
AUTO_STOP=1
MOTOR_ANGLE=0.0011482558139534885
MOTOR_ACCUM=0.0011482558139534885
MOTOR_ROT=0

[21:38:34.641 EBOX]
TS=1786200813.953
V_SENSE5=1.25
V_SENSE9=0.0390625
V_SENSE12=0.09765625
ADC_V5=4.9029541015625
ADC_V9=9.47845458984375
ADC_V12=11.859130859375
ADC_V28=27.17864990234375
THERMAL_SENS_OUT_1=26
THERMAL_SENS_OUT_2=-50
THERMAL_SENS_OUT_3=27
THERMAL_SENS_OUT_4=25
THERMAL_SENS_OUT_5=29
THERMAL_SENS_OUT_6=-50
THERMAL_SENS_INT_1=27
THERMAL_SENS_INT_2=26
PG_5=1
PG_9=0
PG_12=1
FLT_P2=0
FLT_P3=0
HEAT_1_TEMP=26
HEAT_1_DUTY=0
HEAT_1_SP=-20.0
HEAT_2_TEMP=27
HEAT_2_DUTY=0
HEAT_2_SP=-20.0
HEAT_3_TEMP=25
HEAT_3_DUTY=0
HEAT_3_SP=-20.0
HEAT_4_TEMP=29
HEAT_4_DUTY=0
HEAT_4_SP=-20.0

[21:38:35.171 EBOX]
TS=1786200814.445
V_SENSE5=1.14013671875
V_SENSE9=0.03662109375
V_SENSE12=0.09765625
ADC_V5=4.9560546875
ADC_V9=9.24835205078125
ADC_V12=11.8414306640625
ADC_V28=27.930908203125
THERMAL_SENS_OUT_1=32
THERMAL_SENS_OUT_2=-50
THERMAL_SENS_OUT_3=27
THERMAL_SENS_OUT_4=26
THERMAL_SENS_OUT_5=34
THERMAL_SENS_OUT_6=-50
THERMAL_SENS_INT_1=27
THERMAL_SENS_INT_2=26
PG_5=1
PG_9=0
PG_12=1
FLT_P2=0
FLT_P3=0
HEAT_1_TEMP=32
HEAT_1_DUTY=0
HEAT_1_SP=-20.0
HEAT_2_TEMP=27
HEAT_2_DUTY=0
HEAT_2_SP=-20.0
HEAT_3_TEMP=26
HEAT_3_DUTY=0
HEAT_3_SP=-20.0
HEAT_4_TEMP=34
HEAT_4_DUTY=0
HEAT_4_SP=-20.0

[21:38:36.179 CUBESAT]
TS=1786202584.332
PG_5=1
PG_9=0
PG_12=0
FLT_P2=0
FLT_P3=0
HEAT_1_TEMP=0.0
HEAT_1_DUTY=0
HEAT_1_SP=-20.0
ENC_RAW=10256
ENC_ANGLE=225.3515625
ENC_ACCUM=-0.02197265625
AUTO_STOP=1
MOTOR_ANGLE=0.0011482558139534885
MOTOR_ACCUM=0.0011482558139534885
MOTOR_ROT=0

[21:38:36.953 EBOX]
TS=1786200814.946
V_SENSE5=1.15234375
V_SENSE9=0.03662109375
V_SENSE12=0.12939453125
ADC_V5=4.8321533203125
ADC_V9=9.35455322265625
ADC_V12=11.89453125
ADC_V28=27.47955322265625
THERMAL_SENS_OUT_1=26
THERMAL_SENS_OUT_2=-50
THERMAL_SENS_OUT_3=26
THERMAL_SENS_OUT_4=30
THERMAL_SENS_OUT_5=29
THERMAL_SENS_OUT_6=-50
THERMAL_SENS_INT_1=26
THERMAL_SENS_INT_2=28
PG_5=1
PG_9=0
PG_12=1
FLT_P2=0
FLT_P3=0
HEAT_1_TEMP=26
HEAT_1_DUTY=0
HEAT_1_SP=-20.0
HEAT_2_TEMP=26
HEAT_2_DUTY=0
HEAT_2_SP=-20.0
HEAT_3_TEMP=30
HEAT_3_DUTY=0
HEAT_3_SP=-20.0
HEAT_4_TEMP=29
HEAT_4_DUTY=0
HEAT_4_SP=-20.0
TS=1786200815.448
V_SENSE5=1.18896484375
V_SENSE9=0.07568359375
V_SENSE12=0.10498046875
ADC_V5=4.8675537109375
ADC_V9=9.38995361328125
ADC_V12=11.54937744140625
ADC_V28=27.82470703125
THERMAL_SENS_OUT_1=26
THERMAL_SENS_OUT_2=-50
THERMAL_SENS_OUT_3=25
THERMAL_SENS_OUT_4=30
THERMAL_SENS_OUT_5=28
THERMAL_SENS_OUT_6=-50
THERMAL_SENS_INT_1=26
THERMAL_SENS_INT_2=30
PG_5=1
PG_9=0
PG_12=1
FLT_P2=0
FLT_P3=0
HEAT_1_TEMP=26
HEAT_1_DUTY=0
HEAT_1_SP=-20.0
HEAT_2_TEMP=25
HEAT_2_DUTY=0
HEAT_2_SP=-20.0
HEAT_3_TEMP=30
HEAT_3_DUTY=0
HEAT_3_SP=-20.0
HEAT_4_TEMP=28
HEAT_4_DUTY=0
HEAT_4_SP=-20.0

[21:38:37.559 EBOX]
TS=1786200815.951
V_SENSE5=1.4599609375
V_SENSE9=0.04150390625
V_SENSE12=0.10009765625
ADC_V5=4.92950439453125
ADC_V9=9.35455322265625
ADC_V12=11.65557861328125
ADC_V28=28.1787109375
THERMAL_SENS_OUT_1=26
THERMAL_SENS_OUT_2=-50
THERMAL_SENS_OUT_3=28
THERMAL_SENS_OUT_4=27
THERMAL_SENS_OUT_5=32
THERMAL_SENS_OUT_6=-50
THERMAL_SENS_INT_1=24
THERMAL_SENS_INT_2=29
PG_5=1
PG_9=0
PG_12=1
FLT_P2=0
FLT_P3=0
HEAT_1_TEMP=26
HEAT_1_DUTY=0
HEAT_1_SP=-20.0
HEAT_2_TEMP=28
HEAT_2_DUTY=0
HEAT_2_SP=-20.0
HEAT_3_TEMP=27
HEAT_3_DUTY=0
HEAT_3_SP=-20.0
HEAT_4_TEMP=32
HEAT_4_DUTY=0
HEAT_4_SP=-20.0
TS=1786200816.458
V_SENSE5=1.06689453125
V_SENSE9=0.0390625
V_SENSE12=0.09765625
ADC_V5=4.9383544921875
ADC_V9=9.05364990234375
ADC_V12=11.74407958984375
ADC_V28=27.3291015625
THERMAL_SENS_OUT_1=26
THERMAL_SENS_OUT_2=-50
THERMAL_SENS_OUT_3=27
THERMAL_SENS_OUT_4=30
THERMAL_SENS_OUT_5=34
THERMAL_SENS_OUT_6=-50
THERMAL_SENS_INT_1=31
THERMAL_SENS_INT_2=30
PG_5=1
PG_9=0
PG_12=1
FLT_P2=0
FLT_P3=0
HEAT_1_TEMP=26
HEAT_1_DUTY=0
HEAT_1_SP=-20.0
HEAT_2_TEMP=27
HEAT_2_DUTY=0
HEAT_2_SP=-20.0
HEAT_3_TEMP=30
HEAT_3_DUTY=0
HEAT_3_SP=-20.0
HEAT_4_TEMP=34
HEAT_4_DUTY=0
HEAT_4_SP=-20.0

[21:38:37.900 EBOX]
TS=1786200816.962
V_SENSE5=1.1279296875
V_SENSE9=0.0341796875
V_SENSE12=0.15380859375
ADC_V5=4.88525390625
ADC_V9=8.96514892578125
ADC_V12=11.8768310546875
ADC_V28=27.8424072265625
THERMAL_SENS_OUT_1=26
THERMAL_SENS_OUT_2=-50
THERMAL_SENS_OUT_3=27
THERMAL_SENS_OUT_4=28
THERMAL_SENS_OUT_5=35
THERMAL_SENS_OUT_6=-50
THERMAL_SENS_INT_1=30
THERMAL_SENS_INT_2=26
PG_5=1
PG_9=0
PG_12=1
FLT_P2=0
FLT_P3=0
HEAT_1_TEMP=26
HEAT_1_DUTY=0
HEAT_1_SP=-20.0
HEAT_2_TEMP=27
HEAT_2_DUTY=0
HEAT_2_SP=-20.0
HEAT_3_TEMP=28
HEAT_3_DUTY=0
HEAT_3_SP=-20.0
HEAT_4_TEMP=35
HEAT_4_DUTY=0
HEAT_4_SP=-20.0

[21:38:38.650 EBOX]
TS=1786200817.453
V_SENSE5=1.2744140625
V_SENSE9=0.0390625
V_SENSE12=0.126953125
ADC_V5=4.9737548828125
ADC_V9=9.13330078125
ADC_V12=11.92108154296875
ADC_V28=28.1964111328125
THERMAL_SENS_OUT_1=31
THERMAL_SENS_OUT_2=-50
THERMAL_SENS_OUT_3=27
THERMAL_SENS_OUT_4=25
THERMAL_SENS_OUT_5=30
THERMAL_SENS_OUT_6=-50
THERMAL_SENS_INT_1=26
THERMAL_SENS_INT_2=31
PG_5=1
PG_9=0
PG_12=1
FLT_P2=0
FLT_P3=0
HEAT_1_TEMP=31
HEAT_1_DUTY=0
HEAT_1_SP=-20.0
HEAT_2_TEMP=27
HEAT_2_DUTY=0
HEAT_2_SP=-20.0
HEAT_3_TEMP=25
HEAT_3_DUTY=0
HEAT_3_SP=-20.0
HEAT_4_TEMP=30
HEAT_4_DUTY=0
HEAT_4_SP=-20.0

[21:38:39.307 EBOX]
TS=1786200818.063
V_SENSE5=1.15478515625
V_SENSE9=0.0390625
V_SENSE12=0.1025390625
ADC_V5=4.991455078125
ADC_V9=9.07135009765625
ADC_V12=11.82373046875
ADC_V28=27.60345458984375
THERMAL_SENS_OUT_1=26
THERMAL_SENS_OUT_2=-50
THERMAL_SENS_OUT_3=24
THERMAL_SENS_OUT_4=27
THERMAL_SENS_OUT_5=35
THERMAL_SENS_OUT_6=-50
THERMAL_SENS_INT_1=27
THERMAL_SENS_INT_2=28
PG_5=1
PG_9=0
PG_12=1
FLT_P2=0
FLT_P3=0
HEAT_1_TEMP=26
HEAT_1_DUTY=0
HEAT_1_SP=-20.0
HEAT_2_TEMP=24
HEAT_2_DUTY=0
HEAT_2_SP=-20.0
HEAT_3_TEMP=27
HEAT_3_DUTY=0
HEAT_3_SP=-20.0
HEAT_4_TEMP=35
HEAT_4_DUTY=0
HEAT_4_SP=-20.0

[21:38:39.412 CUBESAT]
TS=1786202586.332
PG_5=1
PG_9=0
PG_12=0
FLT_P2=0
FLT_P3=0
HEAT_1_TEMP=0.0
HEAT_1_DUTY=0
HEAT_1_SP=-20.0
ENC_RAW=10257
ENC_ANGLE=225.37353515625
ENC_ACCUM=0.0
AUTO_STOP=1
MOTOR_ANGLE=0.0011482558139534885
MOTOR_ACCUM=0.0011482558139534885
MOTOR_ROT=0

[21:38:40.643 EBOX]
TS=1786200818.564
V_SENSE5=1.30615234375
V_SENSE9=0.07568359375
V_SENSE12=0.0927734375
ADC_V5=4.88525390625
ADC_V9=9.28375244140625
ADC_V12=11.611328125
ADC_V28=28.02825927734375
THERMAL_SENS_OUT_1=31
THERMAL_SENS_OUT_2=-50
THERMAL_SENS_OUT_3=29
THERMAL_SENS_OUT_4=26
THERMAL_SENS_OUT_5=34
THERMAL_SENS_OUT_6=-50
THERMAL_SENS_INT_1=27
THERMAL_SENS_INT_2=28
PG_5=1
PG_9=0
PG_12=1
FLT_P2=0
FLT_P3=0
HEAT_1_TEMP=31
HEAT_1_DUTY=0
HEAT_1_SP=-20.0
HEAT_2_TEMP=29
HEAT_2_DUTY=0
HEAT_2_SP=-20.0
HEAT_3_TEMP=26
HEAT_3_DUTY=0
HEAT_3_SP=-20.0
HEAT_4_TEMP=34
HEAT_4_DUTY=0
HEAT_4_SP=-20.0
TS=1786200818.965
V_SENSE5=1.3037109375
V_SENSE9=0.0341796875
V_SENSE12=0.09765625
ADC_V5=4.991455078125
ADC_V9=8.77044677734375
ADC_V12=11.51397705078125
ADC_V28=27.78045654296875
THERMAL_SENS_OUT_1=28
THERMAL_SENS_OUT_2=-50
THERMAL_SENS_OUT_3=28
THERMAL_SENS_OUT_4=28
THERMAL_SENS_OUT_5=30
THERMAL_SENS_OUT_6=-50
THERMAL_SENS_INT_1=26
THERMAL_SENS_INT_2=30
PG_5=1
PG_9=0
PG_12=1
FLT_P2=0
FLT_P3=0
HEAT_1_TEMP=28
HEAT_1_DUTY=0
HEAT_1_SP=-20.0
HEAT_2_TEMP=28
HEAT_2_DUTY=0
HEAT_2_SP=-20.0
HEAT_3_TEMP=28
HEAT_3_DUTY=0
HEAT_3_SP=-20.0
HEAT_4_TEMP=30
HEAT_4_DUTY=0
HEAT_4_SP=-20.0

[21:38:42.154 EBOX]
TS=1786200819.574
V_SENSE5=1.1572265625
V_SENSE9=0.03173828125
V_SENSE12=0.1318359375
ADC_V5=4.98260498046875
ADC_V9=8.78814697265625
ADC_V12=11.82373046875
ADC_V28=27.718505859375
THERMAL_SENS_OUT_1=26
THERMAL_SENS_OUT_2=-50
THERMAL_SENS_OUT_3=27
THERMAL_SENS_OUT_4=26
THERMAL_SENS_OUT_5=33
THERMAL_SENS_OUT_6=-50
THERMAL_SENS_INT_1=27
THERMAL_SENS_INT_2=27
PG_5=1
PG_9=0
PG_12=1
FLT_P2=0
FLT_P3=0
HEAT_1_TEMP=26
HEAT_1_DUTY=0
HEAT_1_SP=-20.0
HEAT_2_TEMP=27
HEAT_2_DUTY=0
HEAT_2_SP=-20.0
HEAT_3_TEMP=26
HEAT_3_DUTY=0
HEAT_3_SP=-20.0
HEAT_4_TEMP=33
HEAT_4_DUTY=0
HEAT_4_SP=-20.0
TS=1786200820.075
V_SENSE5=1.15478515625
V_SENSE9=0.0341796875
V_SENSE12=0.1171875
ADC_V5=4.9737548828125
ADC_V9=8.78814697265625
ADC_V12=11.8414306640625
ADC_V28=27.3114013671875
THERMAL_SENS_OUT_1=28
THERMAL_SENS_OUT_2=-50
THERMAL_SENS_OUT_3=24
THERMAL_SENS_OUT_4=30
THERMAL_SENS_OUT_5=30
THERMAL_SENS_OUT_6=-50
THERMAL_SENS_INT_1=27
THERMAL_SENS_INT_2=27
PG_5=1
PG_9=0
PG_12=1
FLT_P2=0
FLT_P3=0
HEAT_1_TEMP=28
HEAT_1_DUTY=0
HEAT_1_SP=-20.0
HEAT_2_TEMP=24
HEAT_2_DUTY=0
HEAT_2_SP=-20.0
HEAT_3_TEMP=30
HEAT_3_DUTY=0
HEAT_3_SP=-20.0
HEAT_4_TEMP=30
HEAT_4_DUTY=0
HEAT_4_SP=-20.0

[21:38:43.350 EBOX]
TS=1786200820.577
V_SENSE5=1.11328125
V_SENSE9=0.0341796875
V_SENSE12=0.10498046875
ADC_V5=4.849853515625
ADC_V9=8.9739990234375
ADC_V12=11.86798095703125
ADC_V28=28.037109375
THERMAL_SENS_OUT_1=30
THERMAL_SENS_OUT_2=-50
THERMAL_SENS_OUT_3=29
THERMAL_SENS_OUT_4=28
THERMAL_SENS_OUT_5=33
THERMAL_SENS_OUT_6=-50
THERMAL_SENS_INT_1=29
THERMAL_SENS_INT_2=29
PG_5=1
PG_9=0
PG_12=1
FLT_P2=0
FLT_P3=0
HEAT_1_TEMP=30
HEAT_1_DUTY=0
HEAT_1_SP=-20.0
HEAT_2_TEMP=29
HEAT_2_DUTY=0
HEAT_2_SP=-20.0
HEAT_3_TEMP=28
HEAT_3_DUTY=0
HEAT_3_SP=-20.0
HEAT_4_TEMP=33
HEAT_4_DUTY=0
HEAT_4_SP=-20.0
TS=1786200820.990
V_SENSE5=1.3037109375
V_SENSE9=0.0390625
V_SENSE12=0.09765625
ADC_V5=4.85870361328125
ADC_V9=9.01824951171875
ADC_V12=11.54937744140625
ADC_V28=27.86895751953125
THERMAL_SENS_OUT_1=28
THERMAL_SENS_OUT_2=-50
THERMAL_SENS_OUT_3=26
THERMAL_SENS_OUT_4=31
THERMAL_SENS_OUT_5=31
THERMAL_SENS_OUT_6=-50
THERMAL_SENS_INT_1=30
THERMAL_SENS_INT_2=28
PG_5=1
PG_9=0
PG_12=1
FLT_P2=0
FLT_P3=0
HEAT_1_TEMP=28
HEAT_1_DUTY=0
HEAT_1_SP=-20.0
HEAT_2_TEMP=26
HEAT_2_DUTY=0
HEAT_2_SP=-20.0
HEAT_3_TEMP=31
HEAT_3_DUTY=0
HEAT_3_SP=-20.0
HEAT_4_TEMP=31
HEAT_4_DUTY=0
HEAT_4_SP=-20.0
TS=1786200821.498
V_SENSE5=1.0546875
V_SENSE9=0.09521484375
V_SENSE12=0.1123046875
ADC_V5=5.05340576171875
ADC_V9=8.885498046875
ADC_V12=11.93878173828125
ADC_V28=28.13446044921875
THERMAL_SENS_OUT_1=26
THERMAL_SENS_OUT_2=-50
THERMAL_SENS_OUT_3=26
THERMAL_SENS_OUT_4=27
THERMAL_SENS_OUT_5=35

[21:38:43.685 EBOX]
THERMAL_SENS_OUT_6=-50
THERMAL_SENS_INT_1=24
THERMAL_SENS_INT_2=27
PG_5=1
PG_9=0
PG_12=1
FLT_P2=0
FLT_P3=0
HEAT_1_TEMP=26
HEAT_1_DUTY=0
HEAT_1_SP=-20.0
HEAT_2_TEMP=26
HEAT_2_DUTY=0
HEAT_2_SP=-20.0
HEAT_3_TEMP=27
HEAT_3_DUTY=0
HEAT_3_SP=-20.0
HEAT_4_TEMP=35
HEAT_4_DUTY=0
HEAT_4_SP=-20.0

[21:38:44.329 CUBESAT]
TS=1786202588.333
PG_5=1
PG_9=0
PG_12=0
FLT_P2=0
FLT_P3=0
HEAT_1_TEMP=0.0
HEAT_1_DUTY=0
HEAT_1_SP=-20.0
ENC_RAW=10260
ENC_ANGLE=225.439453125
ENC_ACCUM=0.06591796875
AUTO_STOP=1
MOTOR_ANGLE=0.0015261627906976744
MOTOR_ACCUM=0.0015261627906976744
MOTOR_ROT=0

[21:38:45.640 CUBESAT]
TS=1786202590.335
PG_5=1
PG_9=0
PG_12=0
FLT_P2=0
FLT_P3=0
HEAT_1_TEMP=0.0
HEAT_1_DUTY=0
HEAT_1_SP=-20.0
ENC_RAW=10433
ENC_ANGLE=229.24072265625
ENC_ACCUM=3.8671875
AUTO_STOP=1
MOTOR_ANGLE=0.0026598837209302327
MOTOR_ACCUM=3.6654505813953486
MOTOR_ROT=7
TS=1786202592.337
PG_5=1
PG_9=0
PG_12=0
FLT_P2=0
FLT_P3=0
HEAT_1_TEMP=0.0
HEAT_1_DUTY=10
HEAT_1_SP=-20.0
ENC_RAW=10578
ENC_ANGLE=232.4267578125
ENC_ACCUM=7.05322265625
AUTO_STOP=1
MOTOR_ANGLE=0.002281976744186047
MOTOR_ACCUM=6.804607558139534
MOTOR_ROT=13

[21:38:47.656 CUBESAT]
TS=1786202594.340
PG_5=1
PG_9=0
PG_12=0
FLT_P2=0
FLT_P3=0
HEAT_1_TEMP=0.0
HEAT_1_DUTY=0
HEAT_1_SP=-20.0
ENC_RAW=10737
ENC_ANGLE=235.92041015625
ENC_ACCUM=10.546875
AUTO_STOP=1
MOTOR_ANGLE=0.004563953488372094
MOTOR_ACCUM=9.946424418604652
MOTOR_ROT=19

[21:38:47.981 EBOX]
TS=1786200821.994
V_SENSE5=1.1279296875
V_SENSE9=0.06591796875
V_SENSE12=0.1171875
ADC_V5=5.08880615234375
ADC_V9=9.0093994140625
ADC_V12=11.611328125
ADC_V28=28.04595947265625
THERMAL_SENS_OUT_1=29
THERMAL_SENS_OUT_2=-50
THERMAL_SENS_OUT_3=27
THERMAL_SENS_OUT_4=31
THERMAL_SENS_OUT_5=30
THERMAL_SENS_OUT_6=-50
THERMAL_SENS_INT_1=26
THERMAL_SENS_INT_2=31
PG_5=1
PG_9=0
PG_12=1
FLT_P2=0
FLT_P3=0
HEAT_1_TEMP=29
HEAT_1_DUTY=0
HEAT_1_SP=-20.0
HEAT_2_TEMP=27
HEAT_2_DUTY=0
HEAT_2_SP=-20.0
HEAT_3_TEMP=31
HEAT_3_DUTY=0
HEAT_3_SP=-20.0
HEAT_4_TEMP=30
HEAT_4_DUTY=0
HEAT_4_SP=-20.0
TS=1786200822.494
V_SENSE5=1.15234375
V_SENSE9=0.03662109375
V_SENSE12=0.12939453125
ADC_V5=4.920654296875
ADC_V9=8.99169921875
ADC_V12=11.63787841796875
ADC_V28=28.09906005859375
THERMAL_SENS_OUT_1=31
THERMAL_SENS_OUT_2=-50
THERMAL_SENS_OUT_3=30
THERMAL_SENS_OUT_4=26
THERMAL_SENS_OUT_5=34
THERMAL_SENS_OUT_6=-50
THERMAL_SENS_INT_1=29
THERMAL_SENS_INT_2=26
PG_5=1
PG_9=0
PG_12=1
FLT_P2=0
FLT_P3=0
HEAT_1_TEMP=31
HEAT_1_DUTY=0
HEAT_1_SP=-20.0
HEAT_2_TEMP=30
HEAT_2_DUTY=0
HEAT_2_SP=-20.0
HEAT_3_TEMP=26
HEAT_3_DUTY=0
HEAT_3_SP=-20.0
HEAT_4_TEMP=34
HEAT_4_DUTY=0
HEAT_4_SP=-20.0
TS=1786200822.998
V_SENSE5=1.0205078125
V_SENSE9=0.0390625
V_SENSE12=0.1025390625
ADC_V5=4.94720458984375
ADC_V9=9.593505859375
ADC_V12=11.859130859375
ADC_V28=27.506103515625
THERMAL_SENS_OUT_1=26
THERMAL_SENS_OUT_2=-50
THERMAL_SENS_OUT_3=30
THERMAL_SENS_OUT_4=27
THERMAL_SENS_OUT_5=34

[21:38:49.224 CUBESAT]
TS=1786202596.342
PG_5=1
PG_9=0
PG_12=0
FLT_P2=0
FLT_P3=0
HEAT_1_TEMP=0.0
HEAT_1_DUTY=0
HEAT_1_SP=-20.0
ENC_RAW=10897
ENC_ANGLE=239.43603515625
ENC_ACCUM=14.0625
AUTO_STOP=1
MOTOR_ANGLE=0.006090116279069768
MOTOR_ACCUM=13.08748546511628
MOTOR_ROT=25

[21:38:50.854 EBOX]
THERMAL_SENS_OUT_6=-50
THERMAL_SENS_INT_1=29
THERMAL_SENS_INT_2=27
PG_5=1
PG_9=0
PG_12=1
FLT_P2=0
FLT_P3=0
HEAT_1_TEMP=26
HEAT_1_DUTY=0
HEAT_1_SP=-20.0
HEAT_2_TEMP=30
HEAT_2_DUTY=0
HEAT_2_SP=-20.0
HEAT_3_TEMP=27
HEAT_3_DUTY=0
HEAT_3_SP=-20.0
HEAT_4_TEMP=34
HEAT_4_DUTY=0
HEAT_4_SP=-20.0
TS=1786200823.499
V_SENSE5=0.92529296875
V_SENSE9=0.0390625
V_SENSE12=0.1318359375
ADC_V5=4.8675537109375
ADC_V9=9.55810546875
ADC_V12=11.788330078125
ADC_V28=28.02825927734375
THERMAL_SENS_OUT_1=32
THERMAL_SENS_OUT_2=-50
THERMAL_SENS_OUT_3=27
THERMAL_SENS_OUT_4=29
THERMAL_SENS_OUT_5=34
THERMAL_SENS_OUT_6=-50
THERMAL_SENS_INT_1=25
THERMAL_SENS_INT_2=28
PG_5=1
PG_9=0
PG_12=1
FLT_P2=0
FLT_P3=0
HEAT_1_TEMP=32
HEAT_1_DUTY=0
HEAT_1_SP=-20.0
HEAT_2_TEMP=27
HEAT_2_DUTY=0
HEAT_2_SP=-20.0
HEAT_3_TEMP=29
HEAT_3_DUTY=0
HEAT_3_SP=-20.0
HEAT_4_TEMP=34
HEAT_4_DUTY=0
HEAT_4_SP=-20.0
TS=1786200824.013
V_SENSE5=0.849609375
V_SENSE9=0.04150390625
V_SENSE12=0.12939453125
ADC_V5=4.84100341796875
ADC_V9=9.17755126953125
ADC_V12=11.5582275390625
ADC_V28=27.6654052734375
THERMAL_SENS_OUT_1=30
THERMAL_SENS_OUT_2=-50
THERMAL_SENS_OUT_3=27
THERMAL_SENS_OUT_4=28
THERMAL_SENS_OUT_5=30
THERMAL_SENS_OUT_6=-50
THERMAL_SENS_INT_1=24
THERMAL_SENS_INT_2=31
PG_5=1
PG_9=0
PG_12=1
FLT_P2=0
FLT_P3=0
HEAT_1_TEMP=30
HEAT_1_DUTY=0
HEAT_1_SP=-20.0
HEAT_2_TEMP=27
HEAT_2_DUTY=0
HEAT_2_SP=-20.0
HEAT_3_TEMP=28
HEAT_3_DUTY=0
HEAT_3_SP=-20.0
HEAT_4_TEMP=30
HEAT_4_DUTY=0
HEAT_4_SP=-20.0
TS=1786200824.503
V_SENSE5=1.14013671875
V_SENSE9=0.0390625
V_SENSE12=0.13427734375
ADC_V5=5.00030517578125
ADC_V9=9.49615478515625
ADC_V12=11.83258056640625
ADC_V28=28.22296142578125
THERMAL_SENS_OUT_1=31
THERMAL_SENS_OUT_2=-50
THERMAL_SENS_OUT_3=27
THERMAL_SENS_OUT_4=31
THERMAL_SENS_OUT_5=31
THERMAL_SENS_OUT_6=-50
THERMAL_SENS_INT_1=25
THERMAL_SENS_INT_2=28
PG_5=1
PG_9=0
PG_12=1
FLT_P2=0
FLT_P3=0
HEAT_1_TEMP=31
HEAT_1_DUTY=0
HEAT_1_SP=-20.0
HEAT_2_TEMP=27
HEAT_2_DUTY=0
HEAT_2_SP=-20.0
HEAT_3_TEMP=31
HEAT_3_DUTY=0
HEAT_3_SP=-20.0
HEAT_4_TEMP=31
HEAT_4_DUTY=0
HEAT_4_SP=-20.0
TS=1786200825.003
V_SENSE5=1.298828125
V_SENSE9=0.03662109375
V_SENSE12=0.09033203125
ADC_V5=4.94720458984375
ADC_V9=9.15985107421875
ADC_V12=11.788330078125
ADC_V28=27.23175048828125
THERMAL_SENS_OUT_1=28
THERMAL_SENS_OUT_2=-50
THERMAL_SENS_OUT_3=26
THERMAL_SENS_OUT_4=29
THERMAL_SENS_OUT_5=31
THERMAL_SENS_OUT_6=-50
THERMAL_SENS_INT_1=27
THERMAL_SENS_INT_2=27
PG_5=1
PG_9=0
PG_12=1
FLT_P2=0
FLT_P3=0
HEAT_1_TEMP=28
HEAT_1_DUTY=0
HEAT_1_SP=-20.0
HEAT_2_TEMP=26
HEAT_2_DUTY=0
HEAT_2_SP=-20.0
HEAT_3_TEMP=29
HEAT_3_DUTY=0
HEAT_3_SP=-20.0
HEAT_4_TEMP=31
HEAT_4_DUTY=0
HEAT_4_SP=-20.0
TS=1786200825.504
V_SENSE5=1.2158203125
V_SENSE9=0.0341796875
V_SENSE12=0.10009765625
ADC_V5=4.920654296875
ADC_V9=9.37225341796875
ADC_V12=11.7706298828125
ADC_V28=28.2318115234375
THERMAL_SENS_OUT_1=29
THERMAL_SENS_OUT_2=-50
THERMAL_SENS_OUT_3=27
THERMAL_SENS_OUT_4=30
THERMAL_SENS_OUT_5=30
THERMAL_SENS_OUT_6=-50
THERMAL_SENS_INT_1=27
THERMAL_SENS_INT_2=30
PG_5=1
PG_9=0
PG_12=1
FLT_P2=0
FLT_P3=0
HEAT_1_TEMP=29
HEAT_1_DUTY=0
HEAT_1_SP=-20.0
HEAT_2_TEMP=27
HEAT_2_DUTY=0
HEAT_2_SP=-20.0
HEAT_3_TEMP=30
HEAT_3_DUTY=0
HEAT_3_SP=-20.0
HEAT_4_TEMP=30
HEAT_4_DUTY=0
HEAT_4_SP=-20.0
TS=1786200826.006
V_SENSE5=1.34033203125
V_SENSE9=0.0390625
V_SENSE12=0.10009765625
ADC_V5=4.991455078125
ADC_V9=9.1510009765625
ADC_V12=11.58477783203125
ADC_V28=27.25830078125
THERMAL_SENS_OUT_1=26
THERMAL_SENS_OUT_2=-50
THERMAL_SENS_OUT_3=29
THERMAL_SENS_OUT_4=25
THERMAL_SENS_OUT_5=31
THERMAL_SENS_OUT_6=-50
THERMAL_SENS_INT_1=27
THERMAL_SENS_INT_2=30
PG_5=1
PG_9=0
PG_12=1
FLT_P2=0
FLT_P3=0
HEAT_1_TEMP=26
HEAT_1_DUTY=0
HEAT_1_SP=-20.0
HEAT_2_TEMP=29
HEAT_2_DUTY=0
HEAT_2_SP=-20.0
HEAT_3_TEMP=25
HEAT_3_DUTY=0
HEAT_3_SP=-20.0
HEAT_4_TEMP=31
HEAT_4_DUTY=0
HEAT_4_SP=-20.0
TS=1786200826.515
V_SENSE5=1.05224609375
V_SENSE9=0.0341796875
V_SENSE12=0.107421875
ADC_V5=4.8675537109375
ADC_V9=9.19525146484375
ADC_V12=11.51397705078125
ADC_V28=27.63885498046875
THERMAL_SENS_OUT_1=26
THERMAL_SENS_OUT_2=-50
THERMAL_SENS_OUT_3=24
THERMAL_SENS_OUT_4=28
THERMAL_SENS_OUT_5=34
THERMAL_SENS_OUT_6=-50
THERMAL_SENS_INT_1=31
THERMAL_SENS_INT_2=28
PG_5=1
PG_9=0
PG_12=1
FLT_P2=0
FLT_P3=0
HEAT_1_TEMP=26
HEAT_1_DUTY=0
HEAT_1_SP=-20.0
HEAT_2_TEMP=24
HEAT_2_DUTY=0
HEAT_2_SP=-20.0
HEAT_3_TEMP=28
HEAT_3_DUTY=0
HEAT_3_SP=-20.0
HEAT_4_TEMP=34
HEAT_4_DUTY=0
HEAT_4_SP=-20.0
TS=1786200827.010
V_SENSE5=1.31591796875
V_SENSE9=0.0341796875
V_SENSE12=0.09765625
ADC_V5=4.94720458984375
ADC_V9=9.27490234375
ADC_V12=11.88568115234375
ADC_V28=27.74505615234375
THERMAL_SENS_OUT_1=30
THERMAL_SENS_OUT_2=-50
THERMAL_SENS_OUT_3=25
THERMAL_SENS_OUT_4=27

[21:38:50.965 CUBESAT]
TS=1786202598.344
PG_5=1
PG_9=0
PG_12=0
FLT_P2=0
FLT_P3=0
HEAT_1_TEMP=0.0
HEAT_1_DUTY=0
HEAT_1_SP=-20.0
ENC_RAW=11095
ENC_ANGLE=243.78662109375
ENC_ACCUM=18.4130859375
AUTO_STOP=1
MOTOR_ANGLE=0.0019040697674418605
MOTOR_ACCUM=19.36236918604651
MOTOR_ROT=37

[21:38:51.715 EBOX]
THERMAL_SENS_OUT_5=32
THERMAL_SENS_OUT_6=-50
THERMAL_SENS_INT_1=26
THERMAL_SENS_INT_2=30
PG_5=1
PG_9=0
PG_12=1
FLT_P2=0
FLT_P3=0
HEAT_1_TEMP=30
HEAT_1_DUTY=0
HEAT_1_SP=-20.0
HEAT_2_TEMP=25
HEAT_2_DUTY=0
HEAT_2_SP=-20.0
HEAT_3_TEMP=27
HEAT_3_DUTY=0
HEAT_3_SP=-20.0
HEAT_4_TEMP=32
HEAT_4_DUTY=0
HEAT_4_SP=-20.0
TS=1786200827.510
V_SENSE5=1.1572265625
V_SENSE9=0.0390625
V_SENSE12=0.1318359375
ADC_V5=4.849853515625
ADC_V9=9.2041015625
ADC_V12=11.6290283203125
ADC_V28=28.06365966796875
THERMAL_SENS_OUT_1=31
THERMAL_SENS_OUT_2=-50
THERMAL_SENS_OUT_3=26
THERMAL_SENS_OUT_4=31
THERMAL_SENS_OUT_5=31
THERMAL_SENS_OUT_6=-50
THERMAL_SENS_INT_1=25
THERMAL_SENS_INT_2=30
PG_5=1
PG_9=0
PG_12=1
FLT_P2=0
FLT_P3=0
HEAT_1_TEMP=31
HEAT_1_DUTY=0
HEAT_1_SP=-20.0
HEAT_2_TEMP=26
HEAT_2_DUTY=0
HEAT_2_SP=-20.0
HEAT_3_TEMP=31
HEAT_3_DUTY=0
HEAT_3_SP=-20.0
HEAT_4_TEMP=31
HEAT_4_DUTY=0
HEAT_4_SP=-20.0
TS=1786200828.012
V_SENSE5=1.1474609375
V_SENSE9=0.0390625
V_SENSE12=0.11474609375
ADC_V5=4.991455078125
ADC_V9=8.9739990234375
ADC_V12=11.7706298828125
ADC_V28=27.83355712890625
THERMAL_SENS_OUT_1=31
THERMAL_SENS_OUT_2=-50
THERMAL_SENS_OUT_3=28
THERMAL_SENS_OUT_4=25
THERMAL_SENS_OUT_5=31
THERMAL_SENS_OUT_6=-50
THERMAL_SENS_INT_1=25
THERMAL_SENS_INT_2=27
PG_5=1
PG_9=0
PG_12=1
FLT_P2=0
FLT_P3=0
HEAT_1_TEMP=31
HEAT_1_DUTY=0
HEAT_1_SP=-20.0
HEAT_2_TEMP=28
HEAT_2_DUTY=0
HEAT_2_SP=-20.0
HEAT_3_TEMP=25
HEAT_3_DUTY=0
HEAT_3_SP=-20.0
HEAT_4_TEMP=31
HEAT_4_DUTY=0
HEAT_4_SP=-20.0

[21:38:51.860 EBOX]
TS=1786200828.514
V_SENSE5=1.23291015625
V_SENSE9=0.0390625
V_SENSE12=0.09765625
ADC_V5=4.85870361328125
ADC_V9=9.1156005859375
ADC_V12=11.575927734375
ADC_V28=27.8955078125
THERMAL_SENS_OUT_1=28
THERMAL_SENS_OUT_2=-50
THERMAL_SENS_OUT_3=26
THERMAL_SENS_OUT_4=29
THERMAL_SENS_OUT_5=28
THERMAL_SENS_OUT_6=-50
THERMAL_SENS_INT_1=30
THERMAL_SENS_INT_2=28
PG_5=1
PG_9=0
PG_12=1
FLT_P2=0
FLT_P3=0
HEAT_1_TEMP=28
HEAT_1_DUTY=0
HEAT_1_SP=-20.0
HEAT_2_TEMP=26
HEAT_2_DUTY=0
HEAT_2_SP=-20.0
HEAT_3_TEMP=29
HEAT_3_DUTY=0
HEAT_3_SP=-20.0
HEAT_4_TEMP=28
HEAT_4_DUTY=0
HEAT_4_SP=-20.0
TS=1786200829.024
V_SENSE5=1.06689453125
V_SENSE9=0.0390625
V_SENSE12=0.126953125
ADC_V5=4.920654296875
ADC_V9=8.85009765625
ADC_V12=11.5936279296875
ADC_V28=28.08135986328125
THERMAL_SENS_OUT_1=28
THERMAL_SENS_OUT_2=-50
THERMAL_SENS_OUT_3=26
THERMAL_SENS_OUT_4=29
THERMAL_SENS_OUT_5=29
THERMAL_SENS_OUT_6=-50
THERMAL_SENS_INT_1=26
THERMAL_SENS_INT_2=27
PG_5=1
PG_9=0
PG_12=1
FLT_P2=0
FLT_P3=0
HEAT_1_TEMP=28
HEAT_1_DUTY=0
HEAT_1_SP=-20.0
HEAT_2_TEMP=26
HEAT_2_DUTY=0
HEAT_2_SP=-20.0
HEAT_3_TEMP=29
HEAT_3_DUTY=0
HEAT_3_SP=-20.0
HEAT_4_TEMP=29
HEAT_4_DUTY=0
HEAT_4_SP=-20.0
TS=1786200829.516
V_SENSE5=1.259765625
V_SENSE9=0.06591796875
V_SENSE12=0.107421875
ADC_V5=5.00030517578125
ADC_V9=9.14215087890625
ADC_V12=11.7352294921875
ADC_V28=27.30255126953125
THERMAL_SENS_OUT_1=28
THERMAL_SENS_OUT_2=-50
THERMAL_SENS_OUT_3=25
THERMAL_SENS_OUT_4=27
THERMAL_SENS_OUT_5=34

[21:38:52.818 EBOX]
THERMAL_SENS_OUT_6=-50
THERMAL_SENS_INT_1=26
THERMAL_SENS_INT_2=27
PG_5=1
PG_9=0
PG_12=1
FLT_P2=0
FLT_P3=0
HEAT_1_TEMP=28
HEAT_1_DUTY=0
HEAT_1_SP=-20.0
HEAT_2_TEMP=25
HEAT_2_DUTY=0
HEAT_2_SP=-20.0
HEAT_3_TEMP=27
HEAT_3_DUTY=0
HEAT_3_SP=-20.0
HEAT_4_TEMP=34
HEAT_4_DUTY=0
HEAT_4_SP=-20.0
TS=1786200830.018
V_SENSE5=1.23779296875
V_SENSE9=0.0341796875
V_SENSE12=0.09765625
ADC_V5=4.89410400390625
ADC_V9=8.8677978515625
ADC_V12=11.6290283203125
ADC_V28=28.13446044921875
THERMAL_SENS_OUT_1=28
THERMAL_SENS_OUT_2=-50
THERMAL_SENS_OUT_3=26
THERMAL_SENS_OUT_4=25
THERMAL_SENS_OUT_5=29
THERMAL_SENS_OUT_6=-50
THERMAL_SENS_INT_1=25
THERMAL_SENS_INT_2=29
PG_5=1
PG_9=0
PG_12=1
FLT_P2=0
FLT_P3=0
HEAT_1_TEMP=28
HEAT_1_DUTY=0
HEAT_1_SP=-20.0
HEAT_2_TEMP=26
HEAT_2_DUTY=0
HEAT_2_SP=-20.0
HEAT_3_TEMP=25
HEAT_3_DUTY=0
HEAT_3_SP=-20.0
HEAT_4_TEMP=29
HEAT_4_DUTY=0
HEAT_4_SP=-20.0
TS=1786200830.519
V_SENSE5=1.09375
V_SENSE9=0.0390625
V_SENSE12=0.1171875
ADC_V5=4.85870361328125
ADC_V9=9.0625
ADC_V12=11.88568115234375
ADC_V28=27.72735595703125
THERMAL_SENS_OUT_1=31
THERMAL_SENS_OUT_2=-50
THERMAL_SENS_OUT_3=30
THERMAL_SENS_OUT_4=26
THERMAL_SENS_OUT_5=30
THERMAL_SENS_OUT_6=-50
THERMAL_SENS_INT_1=30
THERMAL_SENS_INT_2=28
PG_5=1
PG_9=0
PG_12=1
FLT_P2=0
FLT_P3=0
HEAT_1_TEMP=31
HEAT_1_DUTY=0
HEAT_1_SP=-20.0
HEAT_2_TEMP=30
HEAT_2_DUTY=0
HEAT_2_SP=-20.0
HEAT_3_TEMP=26
HEAT_3_DUTY=0
HEAT_3_SP=-20.0
HEAT_4_TEMP=30
HEAT_4_DUTY=0
HEAT_4_SP=-20.0
TS=1786200831.022

[21:38:52.939 EBOX]
V_SENSE5=1.2255859375
V_SENSE9=0.0390625
V_SENSE12=0.09765625
ADC_V5=4.87640380859375
ADC_V9=9.0093994140625
ADC_V12=11.74407958984375
ADC_V28=27.97515869140625
THERMAL_SENS_OUT_1=29
THERMAL_SENS_OUT_2=-50
THERMAL_SENS_OUT_3=28
THERMAL_SENS_OUT_4=26
THERMAL_SENS_OUT_5=31
THERMAL_SENS_OUT_6=-50
THERMAL_SENS_INT_1=26
THERMAL_SENS_INT_2=29
PG_5=1
PG_9=0
PG_12=1
FLT_P2=0
FLT_P3=0
HEAT_1_TEMP=29
HEAT_1_DUTY=0
HEAT_1_SP=-20.0
HEAT_2_TEMP=28
HEAT_2_DUTY=0
HEAT_2_SP=-20.0
HEAT_3_TEMP=26
HEAT_3_DUTY=0
HEAT_3_SP=-20.0
HEAT_4_TEMP=31
HEAT_4_DUTY=0
HEAT_4_SP=-20.0

[21:38:52.943 CUBESAT]
TS=1786202600.346
PG_5=1
PG_9=0
PG_12=0
FLT_P2=0
FLT_P3=0
HEAT_1_TEMP=0.0
HEAT_1_DUTY=0
HEAT_1_SP=-20.0
ENC_RAW=11107
ENC_ANGLE=244.05029296875
ENC_ACCUM=18.6767578125
AUTO_STOP=1
MOTOR_ANGLE=0.0003779069767441861
MOTOR_ACCUM=32.965494186046506
MOTOR_ROT=63

[21:38:54.100 EBOX]
TS=1786200831.531
V_SENSE5=1.25
V_SENSE9=0.0537109375
V_SENSE12=0.1171875
ADC_V5=5.08880615234375
ADC_V9=9.51385498046875
ADC_V12=11.4697265625
ADC_V28=27.9132080078125
THERMAL_SENS_OUT_1=33
THERMAL_SENS_OUT_2=-50
THERMAL_SENS_OUT_3=28
THERMAL_SENS_OUT_4=26
THERMAL_SENS_OUT_5=30
THERMAL_SENS_OUT_6=-50
THERMAL_SENS_INT_1=25
THERMAL_SENS_INT_2=29
PG_5=1
PG_9=0
PG_12=1
FLT_P2=0
FLT_P3=0
HEAT_1_TEMP=33
HEAT_1_DUTY=0
HEAT_1_SP=-20.0
HEAT_2_TEMP=28
HEAT_2_DUTY=0
HEAT_2_SP=-20.0
HEAT_3_TEMP=26
HEAT_3_DUTY=0
HEAT_3_SP=-20.0
HEAT_4_TEMP=30
HEAT_4_DUTY=0
HEAT_4_SP=-20.0
TS=1786200832.026
V_SENSE5=1.1181640625
V_SENSE9=0.07568359375
V_SENSE12=0.10498046875
ADC_V5=5.0091552734375
ADC_V9=9.451904296875
ADC_V12=11.611328125
ADC_V28=28.037109375
THERMAL_SENS_OUT_1=31
THERMAL_SENS_OUT_2=-50
THERMAL_SENS_OUT_3=28
THERMAL_SENS_OUT_4=26
THERMAL_SENS_OUT_5=32
THERMAL_SENS_OUT_6=-50
THERMAL_SENS_INT_1=25
THERMAL_SENS_INT_2=30
PG_5=1
PG_9=0
PG_12=1
FLT_P2=0
FLT_P3=0
HEAT_1_TEMP=31
HEAT_1_DUTY=0
HEAT_1_SP=-20.0
HEAT_2_TEMP=28
HEAT_2_DUTY=0
HEAT_2_SP=-20.0
HEAT_3_TEMP=26
HEAT_3_DUTY=0
HEAT_3_SP=-20.0
HEAT_4_TEMP=32
HEAT_4_DUTY=0
HEAT_4_SP=-20.0
TS=1786200832.527
V_SENSE5=1.15234375
V_SENSE9=0.0390625
V_SENSE12=0.12939453125
ADC_V5=4.920654296875
ADC_V9=9.3634033203125
ADC_V12=11.5228271484375
ADC_V28=27.82470703125
THERMAL_SENS_OUT_1=31
THERMAL_SENS_OUT_2=-50
THERMAL_SENS_OUT_3=30
THERMAL_SENS_OUT_4=27
THERMAL_SENS_OUT_5=34
THERMAL_SENS_OUT_6=-50
THERMAL_SENS_INT_1=29
THERMAL_SENS_INT_2=27
PG_5=1
PG_9=0
PG_12=1
FLT_P2=0
FLT_P3=0
HEAT_1_TEMP=31
HEAT_1_DUTY=0
HEAT_1_SP=-20.0
HEAT_2_TEMP=30
HEAT_2_DUTY=0
HEAT_2_SP=-20.0
HEAT_3_TEMP=27
HEAT_3_DUTY=0
HEAT_3_SP=-20.0
HEAT_4_TEMP=34
HEAT_4_DUTY=0
HEAT_4_SP=-20.0

[21:38:55.029 CUBESAT]
TS=1786202602.349
PG_5=1
PG_9=0
PG_12=0
FLT_P2=0
FLT_P3=0
HEAT_1_TEMP=0.0
HEAT_1_DUTY=0
HEAT_1_SP=-20.0
ENC_RAW=11286
ENC_ANGLE=247.9833984375
ENC_ACCUM=22.60986328125
AUTO_STOP=1
MOTOR_ANGLE=0.0026598837209302327
MOTOR_ACCUM=45.52591569767442
MOTOR_ROT=87

[21:38:55.169 EBOX]
TS=1786200833.040
V_SENSE5=1.298828125
V_SENSE9=0.0341796875
V_SENSE12=0.09765625
ADC_V5=4.991455078125
ADC_V9=9.0802001953125
ADC_V12=11.54937744140625
ADC_V28=27.83355712890625
THERMAL_SENS_OUT_1=28
THERMAL_SENS_OUT_2=-50
THERMAL_SENS_OUT_3=27
THERMAL_SENS_OUT_4=28
THERMAL_SENS_OUT_5=29
THERMAL_SENS_OUT_6=-50
THERMAL_SENS_INT_1=25
THERMAL_SENS_INT_2=27
PG_5=1
PG_9=0
PG_12=1
FLT_P2=0
FLT_P3=0
HEAT_1_TEMP=28
HEAT_1_DUTY=0
HEAT_1_SP=-20.0
HEAT_2_TEMP=27
HEAT_2_DUTY=0
HEAT_2_SP=-20.0
HEAT_3_TEMP=28
HEAT_3_DUTY=0
HEAT_3_SP=-20.0
HEAT_4_TEMP=29
HEAT_4_DUTY=0
HEAT_4_SP=-20.0
TS=1786200833.542
V_SENSE5=1.1376953125
V_SENSE9=0.0390625
V_SENSE12=0.09765625
ADC_V5=4.8675537109375
ADC_V9=8.9739990234375
ADC_V12=11.89453125
ADC_V28=27.40875244140625
THERMAL_SENS_OUT_1=26
THERMAL_SENS_OUT_2=-50
THERMAL_SENS_OUT_3=28
THERMAL_SENS_OUT_4=30
THERMAL_SENS_OUT_5=30
THERMAL_SENS_OUT_6=-50
THERMAL_SENS_INT_1=29
THERMAL_SENS_INT_2=28
PG_5=1
PG_9=0
PG_12=1
FLT_P2=0
FLT_P3=0
HEAT_1_TEMP=26
HEAT_1_DUTY=0
HEAT_1_SP=-20.0
HEAT_2_TEMP=28
HEAT_2_DUTY=0
HEAT_2_SP=-20.0
HEAT_3_TEMP=30
HEAT_3_DUTY=0
HEAT_3_SP=-20.0
HEAT_4_TEMP=30
HEAT_4_DUTY=0
HEAT_4_SP=-20.0

[21:38:56.785 CUBESAT]
TS=1786202604.351
PG_5=1
PG_9=0
PG_12=0
FLT_P2=0
FLT_P3=0
HEAT_1_TEMP=0.0
HEAT_1_DUTY=0
HEAT_1_SP=-20.0
ENC_RAW=11907
ENC_ANGLE=261.62841796875
ENC_ACCUM=36.2548828125
AUTO_STOP=1
MOTOR_ANGLE=0.0068459302325581395
MOTOR_ACCUM=58.08824127906976
MOTOR_ROT=111

[21:38:57.890 EBOX]
TS=1786200834.052
V_SENSE5=1.06201171875
V_SENSE9=0.03173828125
V_SENSE12=0.13671875
ADC_V5=4.82330322265625
ADC_V9=8.9208984375
ADC_V12=11.505126953125
ADC_V28=27.647705078125
THERMAL_SENS_OUT_1=29
THERMAL_SENS_OUT_2=-50
THERMAL_SENS_OUT_3=24
THERMAL_SENS_OUT_4=25
THERMAL_SENS_OUT_5=30
THERMAL_SENS_OUT_6=-50
THERMAL_SENS_INT_1=27
THERMAL_SENS_INT_2=28
PG_5=1
PG_9=0
PG_12=1
FLT_P2=0
FLT_P3=0
HEAT_1_TEMP=29
HEAT_1_DUTY=0
HEAT_1_SP=-20.0
HEAT_2_TEMP=24
HEAT_2_DUTY=0
HEAT_2_SP=-20.0
HEAT_3_TEMP=25
HEAT_3_DUTY=0
HEAT_3_SP=-20.0
HEAT_4_TEMP=30
HEAT_4_DUTY=0
HEAT_4_SP=-20.0
TS=1786200834.553
V_SENSE5=1.142578125
V_SENSE9=0.10498046875
V_SENSE12=0.1025390625
ADC_V5=5.08880615234375
ADC_V9=8.9031982421875
ADC_V12=11.9476318359375
ADC_V28=27.85125732421875
THERMAL_SENS_OUT_1=32
THERMAL_SENS_OUT_2=-50
THERMAL_SENS_OUT_3=25
THERMAL_SENS_OUT_4=27
THERMAL_SENS_OUT_5=32
THERMAL_SENS_OUT_6=-50
THERMAL_SENS_INT_1=27
THERMAL_SENS_INT_2=29
PG_5=1
PG_9=0
PG_12=1
FLT_P2=0
FLT_P3=0
HEAT_1_TEMP=32
HEAT_1_DUTY=0
HEAT_1_SP=-20.0
HEAT_2_TEMP=25
HEAT_2_DUTY=0
HEAT_2_SP=-20.0
HEAT_3_TEMP=27
HEAT_3_DUTY=0
HEAT_3_SP=-20.0
HEAT_4_TEMP=32
HEAT_4_DUTY=0
HEAT_4_SP=-20.0
TS=1786200835.051
V_SENSE5=1.39892578125
V_SENSE9=0.03662109375
V_SENSE12=0.11474609375
ADC_V5=4.991455078125
ADC_V9=9.30145263671875
ADC_V12=11.83258056640625
ADC_V28=28.0194091796875
THERMAL_SENS_OUT_1=26
THERMAL_SENS_OUT_2=-50
THERMAL_SENS_OUT_3=24
THERMAL_SENS_OUT_4=27
THERMAL_SENS_OUT_5=30
THERMAL_SENS_OUT_6=-50
THERMAL_SENS_INT_1=27
THERMAL_SENS_INT_2=28
PG_5=1
PG_9=0
PG_12=1
FLT_P2=0
FLT_P3=0
HEAT_1_TEMP=26
HEAT_1_DUTY=0
HEAT_1_SP=-20.0
HEAT_2_TEMP=24
HEAT_2_DUTY=0
HEAT_2_SP=-20.0
HEAT_3_TEMP=27
HEAT_3_DUTY=0
HEAT_3_SP=-20.0
HEAT_4_TEMP=30
HEAT_4_DUTY=0
HEAT_4_SP=-20.0
TS=1786200835.553
V_SENSE5=1.142578125
V_SENSE9=0.0390625
V_SENSE12=0.126953125
ADC_V5=4.98260498046875
ADC_V9=9.62005615234375
ADC_V12=11.717529296875
ADC_V28=27.8070068359375
THERMAL_SENS_OUT_1=30
THERMAL_SENS_OUT_2=-50
THERMAL_SENS_OUT_3=26
THERMAL_SENS_OUT_4=28
THERMAL_SENS_OUT_5=33
THERMAL_SENS_OUT_6=-50
THERMAL_SENS_INT_1=29
THERMAL_SENS_INT_2=27
PG_5=1
PG_9=0
PG_12=1
FLT_P2=0
FLT_P3=0
HEAT_1_TEMP=30
HEAT_1_DUTY=0
HEAT_1_SP=-20.0
HEAT_2_TEMP=26
HEAT_2_DUTY=0
HEAT_2_SP=-20.0
HEAT_3_TEMP=28
HEAT_3_DUTY=0
HEAT_3_SP=-20.0
HEAT_4_TEMP=33
HEAT_4_DUTY=0
HEAT_4_SP=-20.0
TS=1786200836.054
V_SENSE5=1.1328125
V_SENSE9=0.03662109375
V_SENSE12=0.1025390625
ADC_V5=4.9383544921875
ADC_V9=9.3988037109375
ADC_V12=11.99188232421875
ADC_V28=27.95745849609375
THERMAL_SENS_OUT_1=29
THERMAL_SENS_OUT_2=-50
THERMAL_SENS_OUT_3=26
THERMAL_SENS_OUT_4=31

[21:38:58.447 EBOX]
THERMAL_SENS_OUT_5=31
THERMAL_SENS_OUT_6=-50
THERMAL_SENS_INT_1=28
THERMAL_SENS_INT_2=26
PG_5=1
PG_9=0
PG_12=1
FLT_P2=0
FLT_P3=0
HEAT_1_TEMP=29
HEAT_1_DUTY=0
HEAT_1_SP=-20.0
HEAT_2_TEMP=26
HEAT_2_DUTY=0
HEAT_2_SP=-20.0
HEAT_3_TEMP=31
HEAT_3_DUTY=0
HEAT_3_SP=-20.0
HEAT_4_TEMP=31
HEAT_4_DUTY=0
HEAT_4_SP=-20.0
TS=1786200836.555
V_SENSE5=1.20361328125
V_SENSE9=0.03662109375
V_SENSE12=0.1171875
ADC_V5=4.94720458984375
ADC_V9=9.40765380859375
ADC_V12=11.82373046875
ADC_V28=27.76275634765625
THERMAL_SENS_OUT_1=27
THERMAL_SENS_OUT_2=-50
THERMAL_SENS_OUT_3=29
THERMAL_SENS_OUT_4=28
THERMAL_SENS_OUT_5=34
THERMAL_SENS_OUT_6=-50
THERMAL_SENS_INT_1=26
THERMAL_SENS_INT_2=30
PG_5=1
PG_9=0
PG_12=1
FLT_P2=0
FLT_P3=0
HEAT_1_TEMP=27
HEAT_1_DUTY=0
HEAT_1_SP=-20.0
HEAT_2_TEMP=29
HEAT_2_DUTY=0
HEAT_2_SP=-20.0
HEAT_3_TEMP=28
HEAT_3_DUTY=0
HEAT_3_SP=-20.0
HEAT_4_TEMP=34
HEAT_4_DUTY=0
HEAT_4_SP=-20.0
TS=1786200837.056
V_SENSE5=1.1572265625
V_SENSE9=0.03662109375
V_SENSE12=0.14404296875
ADC_V5=4.991455078125
ADC_V9=9.12445068359375
ADC_V12=11.788330078125
ADC_V28=27.3114013671875
THERMAL_SENS_OUT_1=28
THERMAL_SENS_OUT_2=-50
THERMAL_SENS_OUT_3=27
THERMAL_SENS_OUT_4=26
THERMAL_SENS_OUT_5=31
THERMAL_SENS_OUT_6=-50
THERMAL_SENS_INT_1=25
THERMAL_SENS_INT_2=30
PG_5=1
PG_9=0
PG_12=1
FLT_P2=0
FLT_P3=0
HEAT_1_TEMP=28
HEAT_1_DUTY=0
HEAT_1_SP=-20.0
HEAT_2_TEMP=27
HEAT_2_DUTY=0
HEAT_2_SP=-20.0
HEAT_3_TEMP=26
HEAT_3_DUTY=0
HEAT_3_SP=-20.0
HEAT_4_TEMP=31
HEAT_4_DUTY=0
HEAT_4_SP=-20.0

[21:38:58.573 EBOX]
TS=1786200837.558
V_SENSE5=1.11328125
V_SENSE9=0.03662109375
V_SENSE12=0.10498046875
ADC_V5=4.94720458984375
ADC_V9=9.24835205078125
ADC_V12=11.92108154296875
ADC_V28=27.6654052734375
THERMAL_SENS_OUT_1=26
THERMAL_SENS_OUT_2=-50
THERMAL_SENS_OUT_3=28
THERMAL_SENS_OUT_4=30
THERMAL_SENS_OUT_5=32
THERMAL_SENS_OUT_6=-50
THERMAL_SENS_INT_1=28
THERMAL_SENS_INT_2=31
PG_5=1
PG_9=0
PG_12=1
FLT_P2=0
FLT_P3=0
HEAT_1_TEMP=26
HEAT_1_DUTY=0
HEAT_1_SP=-20.0
HEAT_2_TEMP=28
HEAT_2_DUTY=0
HEAT_2_SP=-20.0
HEAT_3_TEMP=30
HEAT_3_DUTY=0
HEAT_3_SP=-20.0
HEAT_4_TEMP=32
HEAT_4_DUTY=0
HEAT_4_SP=-20.0

[21:38:58.675 CUBESAT]
TS=1786202606.351
PG_5=1
PG_9=0
PG_12=0
FLT_P2=0
FLT_P3=0
HEAT_1_TEMP=0.0
HEAT_1_DUTY=0
HEAT_1_SP=-20.0
ENC_RAW=12645
ENC_ANGLE=277.84423828125
ENC_ACCUM=52.470703125
AUTO_STOP=1
MOTOR_ANGLE=0.0030377906976744185
MOTOR_ACCUM=71.16582848837209
MOTOR_ROT=136

[21:39:00.310 CUBESAT]
TS=1786202608.353
PG_5=1
PG_9=0
PG_12=0
FLT_P2=0
FLT_P3=0
HEAT_1_TEMP=0.0
HEAT_1_DUTY=10
HEAT_1_SP=-20.0
ENC_RAW=13007
ENC_ANGLE=285.79833984375
ENC_ACCUM=60.4248046875
AUTO_STOP=1
MOTOR_ANGLE=0.006468023255813954
MOTOR_ACCUM=75.35530523255814
MOTOR_ROT=144

[21:39:00.468 EBOX]
TS=1786200838.060
V_SENSE5=1.11328125
V_SENSE9=0.0390625
V_SENSE12=0.1025390625
ADC_V5=5.00030517578125
ADC_V9=9.28375244140625
ADC_V12=11.717529296875
ADC_V28=27.86895751953125
THERMAL_SENS_OUT_1=32
THERMAL_SENS_OUT_2=-50
THERMAL_SENS_OUT_3=30
THERMAL_SENS_OUT_4=27
THERMAL_SENS_OUT_5=34
THERMAL_SENS_OUT_6=-50
THERMAL_SENS_INT_1=30
THERMAL_SENS_INT_2=27
PG_5=1
PG_9=0
PG_12=1
FLT_P2=0
FLT_P3=0
HEAT_1_TEMP=32
HEAT_1_DUTY=0
HEAT_1_SP=-20.0
HEAT_2_TEMP=30
HEAT_2_DUTY=0
HEAT_2_SP=-20.0
HEAT_3_TEMP=27
HEAT_3_DUTY=0
HEAT_3_SP=-20.0
HEAT_4_TEMP=34
HEAT_4_DUTY=0
HEAT_4_SP=-20.0
TS=1786200838.561
V_SENSE5=1.02294921875
V_SENSE9=0.0390625
V_SENSE12=0.10986328125
ADC_V5=4.9383544921875
ADC_V9=9.2218017578125
ADC_V12=11.4874267578125
ADC_V28=27.99285888671875
THERMAL_SENS_OUT_1=30
THERMAL_SENS_OUT_2=-50
THERMAL_SENS_OUT_3=27
THERMAL_SENS_OUT_4=27
THERMAL_SENS_OUT_5=35
THERMAL_SENS_OUT_6=-50
THERMAL_SENS_INT_1=29
THERMAL_SENS_INT_2=27
PG_5=1
PG_9=0
PG_12=1
FLT_P2=0
FLT_P3=0
HEAT_1_TEMP=30
HEAT_1_DUTY=0
HEAT_1_SP=-20.0
HEAT_2_TEMP=27
HEAT_2_DUTY=0
HEAT_2_SP=-20.0
HEAT_3_TEMP=27
HEAT_3_DUTY=0
HEAT_3_SP=-20.0
HEAT_4_TEMP=35
HEAT_4_DUTY=0
HEAT_4_SP=-20.0
TS=1786200839.063
V_SENSE5=1.083984375
V_SENSE9=0.0390625
V_SENSE12=0.09521484375
ADC_V5=4.89410400390625
ADC_V9=9.2041015625
ADC_V12=11.54937744140625
ADC_V28=27.7008056640625
THERMAL_SENS_OUT_1=26
THERMAL_SENS_OUT_2=-50
THERMAL_SENS_OUT_3=26
THERMAL_SENS_OUT_4=31
THERMAL_SENS_OUT_5=31
THERMAL_SENS_OUT_6=-50
THERMAL_SENS_INT_1=26
THERMAL_SENS_INT_2=31
PG_5=1
PG_9=0
PG_12=1
FLT_P2=0
FLT_P3=0
HEAT_1_TEMP=26
HEAT_1_DUTY=0
HEAT_1_SP=-20.0
HEAT_2_TEMP=26
HEAT_2_DUTY=0
HEAT_2_SP=-20.0
HEAT_3_TEMP=31
HEAT_3_DUTY=0
HEAT_3_SP=-20.0
HEAT_4_TEMP=31
HEAT_4_DUTY=0
HEAT_4_SP=-20.0
TS=1786200839.564
V_SENSE5=1.1083984375
V_SENSE9=0.0341796875
V_SENSE12=0.1025390625
ADC_V5=4.849853515625
ADC_V9=9.1510009765625
ADC_V12=11.717529296875
ADC_V28=28.01055908203125
THERMAL_SENS_OUT_1=31
THERMAL_SENS_OUT_2=-50
THERMAL_SENS_OUT_3=28
THERMAL_SENS_OUT_4=28
THERMAL_SENS_OUT_5=29

[21:39:00.805 EBOX]
THERMAL_SENS_OUT_6=-50
THERMAL_SENS_INT_1=24
THERMAL_SENS_INT_2=27
PG_5=1
PG_9=0
PG_12=1
FLT_P2=0
FLT_P3=0
HEAT_1_TEMP=31
HEAT_1_DUTY=0
HEAT_1_SP=-20.0
HEAT_2_TEMP=28
HEAT_2_DUTY=0
HEAT_2_SP=-20.0
HEAT_3_TEMP=28
HEAT_3_DUTY=0
HEAT_3_SP=-20.0
HEAT_4_TEMP=29
HEAT_4_DUTY=0
HEAT_4_SP=-20.0
TS=1786200840.066
V_SENSE5=1.1474609375
V_SENSE9=0.03662109375
V_SENSE12=0.1220703125
ADC_V5=4.9737548828125
ADC_V9=8.99169921875
ADC_V12=11.81488037109375
ADC_V28=28.13446044921875
THERMAL_SENS_OUT_1=26
THERMAL_SENS_OUT_2=-50
THERMAL_SENS_OUT_3=27
THERMAL_SENS_OUT_4=25
THERMAL_SENS_OUT_5=31
THERMAL_SENS_OUT_6=-50
THERMAL_SENS_INT_1=25
THERMAL_SENS_INT_2=30
PG_5=1
PG_9=0
PG_12=1
FLT_P2=0
FLT_P3=0
HEAT_1_TEMP=26
HEAT_1_DUTY=0
HEAT_1_SP=-20.0
HEAT_2_TEMP=27
HEAT_2_DUTY=0
HEAT_2_SP=-20.0
HEAT_3_TEMP=25
HEAT_3_DUTY=0
HEAT_3_SP=-20.0
HEAT_4_TEMP=31
HEAT_4_DUTY=0
HEAT_4_SP=-20.0

[21:39:02.021 CUBESAT]
TS=1786202610.356
PG_5=1
PG_9=0
PG_12=0
FLT_P2=0
FLT_P3=0
HEAT_1_TEMP=0.0
HEAT_1_DUTY=0
HEAT_1_SP=-20.0
ENC_RAW=13008
ENC_ANGLE=285.8203125
ENC_ACCUM=60.44677734375
AUTO_STOP=1
MOTOR_ANGLE=0.0057122093023255814
MOTOR_ACCUM=61.74989825581395
MOTOR_ROT=118

[21:39:02.572 EBOX]
TS=1786200840.567
V_SENSE5=1.142578125
V_SENSE9=0.03662109375
V_SENSE12=0.09521484375
ADC_V5=5.0091552734375
ADC_V9=8.96514892578125
ADC_V12=11.60247802734375
ADC_V28=27.9840087890625
THERMAL_SENS_OUT_1=31
THERMAL_SENS_OUT_2=-50
THERMAL_SENS_OUT_3=29
THERMAL_SENS_OUT_4=26
THERMAL_SENS_OUT_5=32
THERMAL_SENS_OUT_6=-50
THERMAL_SENS_INT_1=27
THERMAL_SENS_INT_2=29
PG_5=1
PG_9=0
PG_12=1
FLT_P2=0
FLT_P3=0
HEAT_1_TEMP=31
HEAT_1_DUTY=0
HEAT_1_SP=-20.0
HEAT_2_TEMP=29
HEAT_2_DUTY=0
HEAT_2_SP=-20.0
HEAT_3_TEMP=26
HEAT_3_DUTY=0
HEAT_3_SP=-20.0
HEAT_4_TEMP=32
HEAT_4_DUTY=0
HEAT_4_SP=-20.0
TS=1786200841.077
V_SENSE5=1.11328125
V_SENSE9=0.0341796875
V_SENSE12=0.1025390625
ADC_V5=4.84100341796875
ADC_V9=8.9208984375
ADC_V12=11.51397705078125
ADC_V28=27.1343994140625
THERMAL_SENS_OUT_1=27
THERMAL_SENS_OUT_2=-50
THERMAL_SENS_OUT_3=26
THERMAL_SENS_OUT_4=32
THERMAL_SENS_OUT_5=33
THERMAL_SENS_OUT_6=-50
THERMAL_SENS_INT_1=27
THERMAL_SENS_INT_2=30
PG_5=1
PG_9=0
PG_12=1
FLT_P2=0
FLT_P3=0
HEAT_1_TEMP=27
HEAT_1_DUTY=0
HEAT_1_SP=-20.0
HEAT_2_TEMP=26
HEAT_2_DUTY=0
HEAT_2_SP=-20.0
HEAT_3_TEMP=32
HEAT_3_DUTY=0
HEAT_3_SP=-20.0
HEAT_4_TEMP=33
HEAT_4_DUTY=0
HEAT_4_SP=-20.0
TS=1786200841.571
V_SENSE5=1.15478515625
V_SENSE9=0.03662109375
V_SENSE12=0.09765625
ADC_V5=4.8321533203125
ADC_V9=9.027099609375
ADC_V12=11.67327880859375
ADC_V28=28.10791015625
THERMAL_SENS_OUT_1=25
THERMAL_SENS_OUT_2=-50
THERMAL_SENS_OUT_3=25
THERMAL_SENS_OUT_4=30
THERMAL_SENS_OUT_5=31
THERMAL_SENS_OUT_6=-50
THERMAL_SENS_INT_1=29
THERMAL_SENS_INT_2=28
PG_5=1
PG_9=0
PG_12=1
FLT_P2=0
FLT_P3=0
HEAT_1_TEMP=25
HEAT_1_DUTY=0
HEAT_1_SP=-20.0
HEAT_2_TEMP=25
HEAT_2_DUTY=0
HEAT_2_SP=-20.0
HEAT_3_TEMP=30
HEAT_3_DUTY=0
HEAT_3_SP=-20.0
HEAT_4_TEMP=31
HEAT_4_DUTY=0
HEAT_4_SP=-20.0
TS=1786200842.072
V_SENSE5=1.21337890625
V_SENSE9=0.03662109375
V_SENSE12=0.1025390625
ADC_V5=4.9560546875
ADC_V9=8.96514892578125
ADC_V12=11.68212890625
ADC_V28=27.7362060546875
THERMAL_SENS_OUT_1=26
THERMAL_SENS_OUT_2=-50
THERMAL_SENS_OUT_3=27
THERMAL_SENS_OUT_4=30
THERMAL_SENS_OUT_5=32

[21:39:02.687 EBOX]
THERMAL_SENS_OUT_6=-50
THERMAL_SENS_INT_1=29
THERMAL_SENS_INT_2=29
PG_5=1
PG_9=0
PG_12=1
FLT_P2=0
FLT_P3=0
HEAT_1_TEMP=26
HEAT_1_DUTY=0
HEAT_1_SP=-20.0
HEAT_2_TEMP=27
HEAT_2_DUTY=0
HEAT_2_SP=-20.0
HEAT_3_TEMP=30
HEAT_3_DUTY=0
HEAT_3_SP=-20.0
HEAT_4_TEMP=32
HEAT_4_DUTY=0
HEAT_4_SP=-20.0

[21:39:02.904 EBOX]
TS=1786200842.573
V_SENSE5=1.15478515625
V_SENSE9=0.06591796875
V_SENSE12=0.126953125
ADC_V5=4.9383544921875
ADC_V9=9.3280029296875
ADC_V12=11.82373046875
ADC_V28=27.2760009765625
THERMAL_SENS_OUT_1=29
THERMAL_SENS_OUT_2=-50
THERMAL_SENS_OUT_3=29
THERMAL_SENS_OUT_4=26
THERMAL_SENS_OUT_5=33
THERMAL_SENS_OUT_6=-50
THERMAL_SENS_INT_1=27
THERMAL_SENS_INT_2=27
PG_5=1
PG_9=0
PG_12=1
FLT_P2=0
FLT_P3=0
HEAT_1_TEMP=29
HEAT_1_DUTY=0
HEAT_1_SP=-20.0
HEAT_2_TEMP=29
HEAT_2_DUTY=0
HEAT_2_SP=-20.0
HEAT_3_TEMP=26
HEAT_3_DUTY=0
HEAT_3_SP=-20.0
HEAT_4_TEMP=33
HEAT_4_DUTY=0
HEAT_4_SP=-20.0

[21:39:04.012 CUBESAT]
TS=1786202612.358
PG_5=1
PG_9=0
PG_12=0
FLT_P2=0
FLT_P3=0
HEAT_1_TEMP=0.0
HEAT_1_DUTY=0
HEAT_1_SP=-20.0
ENC_RAW=12664
ENC_ANGLE=278.26171875
ENC_ACCUM=52.88818359375
AUTO_STOP=1
MOTOR_ANGLE=0.003808139534883721
MOTOR_ACCUM=49.1898546511628
MOTOR_ROT=94

[21:39:05.354 EBOX]
TS=1786200843.074
V_SENSE5=1.14990234375
V_SENSE9=0.0390625
V_SENSE12=0.09765625
ADC_V5=4.87640380859375
ADC_V9=9.41650390625
ADC_V12=11.79718017578125
ADC_V28=27.33795166015625
THERMAL_SENS_OUT_1=27
THERMAL_SENS_OUT_2=-50
THERMAL_SENS_OUT_3=25
THERMAL_SENS_OUT_4=29
THERMAL_SENS_OUT_5=34
THERMAL_SENS_OUT_6=-50
THERMAL_SENS_INT_1=29
THERMAL_SENS_INT_2=27
PG_5=1
PG_9=0
PG_12=1
FLT_P2=0
FLT_P3=0
HEAT_1_TEMP=27
HEAT_1_DUTY=0
HEAT_1_SP=-20.0
HEAT_2_TEMP=25
HEAT_2_DUTY=0
HEAT_2_SP=-20.0
HEAT_3_TEMP=29
HEAT_3_DUTY=0
HEAT_3_SP=-20.0
HEAT_4_TEMP=34
HEAT_4_DUTY=0
HEAT_4_SP=-20.0
TS=1786200843.587
V_SENSE5=1.11083984375
V_SENSE9=0.0390625
V_SENSE12=0.1416015625
ADC_V5=4.88525390625
ADC_V9=9.381103515625
ADC_V12=11.7529296875
ADC_V28=27.10784912109375
THERMAL_SENS_OUT_1=32
THERMAL_SENS_OUT_2=-50
THERMAL_SENS_OUT_3=25
THERMAL_SENS_OUT_4=31
THERMAL_SENS_OUT_5=31
THERMAL_SENS_OUT_6=-50
THERMAL_SENS_INT_1=26
THERMAL_SENS_INT_2=28
PG_5=1
PG_9=0
PG_12=1
FLT_P2=0
FLT_P3=0
HEAT_1_TEMP=32
HEAT_1_DUTY=0
HEAT_1_SP=-20.0
HEAT_2_TEMP=25
HEAT_2_DUTY=0
HEAT_2_SP=-20.0
HEAT_3_TEMP=31
HEAT_3_DUTY=0
HEAT_3_SP=-20.0
HEAT_4_TEMP=31
HEAT_4_DUTY=0
HEAT_4_SP=-20.0
TS=1786200844.090
V_SENSE5=1.04248046875
V_SENSE9=0.03662109375
V_SENSE12=0.13916015625
ADC_V5=5.0091552734375
ADC_V9=9.12445068359375
ADC_V12=11.89453125
ADC_V28=27.56805419921875
THERMAL_SENS_OUT_1=27
THERMAL_SENS_OUT_2=-50
THERMAL_SENS_OUT_3=27
THERMAL_SENS_OUT_4=26
THERMAL_SENS_OUT_5=35
THERMAL_SENS_OUT_6=-50
THERMAL_SENS_INT_1=24
THERMAL_SENS_INT_2=27
PG_5=1
PG_9=0
PG_12=1
FLT_P2=0
FLT_P3=0
HEAT_1_TEMP=27
HEAT_1_DUTY=0
HEAT_1_SP=-20.0
HEAT_2_TEMP=27
HEAT_2_DUTY=0
HEAT_2_SP=-20.0
HEAT_3_TEMP=26
HEAT_3_DUTY=0
HEAT_3_SP=-20.0
HEAT_4_TEMP=35
HEAT_4_DUTY=0
HEAT_4_SP=-20.0

[21:39:06.004 EBOX]
TS=1786200844.581
V_SENSE5=1.0107421875
V_SENSE9=0.0341796875
V_SENSE12=0.1025390625
ADC_V5=4.88525390625
ADC_V9=9.10675048828125
ADC_V12=11.86798095703125
ADC_V28=27.3468017578125
THERMAL_SENS_OUT_1=27
THERMAL_SENS_OUT_2=-50
THERMAL_SENS_OUT_3=25
THERMAL_SENS_OUT_4=27
THERMAL_SENS_OUT_5=30
THERMAL_SENS_OUT_6=-50
THERMAL_SENS_INT_1=26
THERMAL_SENS_INT_2=30
PG_5=1
PG_9=0
PG_12=1
FLT_P2=0
FLT_P3=0
HEAT_1_TEMP=27
HEAT_1_DUTY=0
HEAT_1_SP=-20.0
HEAT_2_TEMP=25
HEAT_2_DUTY=0
HEAT_2_SP=-20.0
HEAT_3_TEMP=27
HEAT_3_DUTY=0
HEAT_3_SP=-20.0
HEAT_4_TEMP=30
HEAT_4_DUTY=0
HEAT_4_SP=-20.0

[21:39:06.411 CUBESAT]
TS=1786202614.359
PG_5=1
PG_9=0
PG_12=0
FLT_P2=0
FLT_P3=0
HEAT_1_TEMP=0.0
HEAT_1_DUTY=0
HEAT_1_SP=-20.0
ENC_RAW=12042
ENC_ANGLE=264.5947265625
ENC_ACCUM=39.22119140625
AUTO_STOP=1
MOTOR_ANGLE=0.0011482558139534885
MOTOR_ACCUM=36.62905523255814
MOTOR_ROT=70

[21:39:06.949 EBOX]
TS=1786200845.087
V_SENSE5=0.9326171875
V_SENSE9=0.0390625
V_SENSE12=0.10986328125
ADC_V5=4.9029541015625
ADC_V9=9.2218017578125
ADC_V12=11.575927734375
ADC_V28=27.86895751953125
THERMAL_SENS_OUT_1=28
THERMAL_SENS_OUT_2=-50
THERMAL_SENS_OUT_3=25
THERMAL_SENS_OUT_4=30
THERMAL_SENS_OUT_5=29
THERMAL_SENS_OUT_6=-50
THERMAL_SENS_INT_1=24
THERMAL_SENS_INT_2=29
PG_5=1
PG_9=0
PG_12=1
FLT_P2=0
FLT_P3=0
HEAT_1_TEMP=28
HEAT_1_DUTY=0
HEAT_1_SP=-20.0
HEAT_2_TEMP=25
HEAT_2_DUTY=0
HEAT_2_SP=-20.0
HEAT_3_TEMP=30
HEAT_3_DUTY=0
HEAT_3_SP=-20.0
HEAT_4_TEMP=29
HEAT_4_DUTY=0
HEAT_4_SP=-20.0
TS=1786200845.589
V_SENSE5=1.03759765625
V_SENSE9=0.0341796875
V_SENSE12=0.1025390625
ADC_V5=4.92950439453125
ADC_V9=9.1156005859375
ADC_V12=11.51397705078125
ADC_V28=27.9132080078125
THERMAL_SENS_OUT_1=31
THERMAL_SENS_OUT_2=-50
THERMAL_SENS_OUT_3=29
THERMAL_SENS_OUT_4=27
THERMAL_SENS_OUT_5=34
THERMAL_SENS_OUT_6=-50
THERMAL_SENS_INT_1=29
THERMAL_SENS_INT_2=26
PG_5=1
PG_9=0
PG_12=1
FLT_P2=0
FLT_P3=0
HEAT_1_TEMP=31
HEAT_1_DUTY=0
HEAT_1_SP=-20.0
HEAT_2_TEMP=29
HEAT_2_DUTY=0
HEAT_2_SP=-20.0
HEAT_3_TEMP=27
HEAT_3_DUTY=0
HEAT_3_SP=-20.0
HEAT_4_TEMP=34
HEAT_4_DUTY=0
HEAT_4_SP=-20.0

[21:39:07.715 EBOX]
TS=1786200846.090
V_SENSE5=1.27197265625
V_SENSE9=0.0341796875
V_SENSE12=0.15380859375
ADC_V5=5.15960693359375
ADC_V9=9.168701171875
ADC_V12=11.6644287109375
ADC_V28=28.16986083984375
THERMAL_SENS_OUT_1=28
THERMAL_SENS_OUT_2=-50
THERMAL_SENS_OUT_3=26
THERMAL_SENS_OUT_4=30
THERMAL_SENS_OUT_5=30
THERMAL_SENS_OUT_6=-50
THERMAL_SENS_INT_1=25
THERMAL_SENS_INT_2=30
PG_5=1
PG_9=0
PG_12=1
FLT_P2=0
FLT_P3=0
HEAT_1_TEMP=28
HEAT_1_DUTY=0
HEAT_1_SP=-20.0
HEAT_2_TEMP=26
HEAT_2_DUTY=0
HEAT_2_SP=-20.0
HEAT_3_TEMP=30
HEAT_3_DUTY=0
HEAT_3_SP=-20.0
HEAT_4_TEMP=30
HEAT_4_DUTY=0
HEAT_4_SP=-20.0
TS=1786200846.611
V_SENSE5=1.07177734375
V_SENSE9=0.11474609375
V_SENSE12=0.10498046875
ADC_V5=4.98260498046875
ADC_V9=9.42535400390625
ADC_V12=11.788330078125
ADC_V28=27.718505859375
THERMAL_SENS_OUT_1=28
THERMAL_SENS_OUT_2=-50
THERMAL_SENS_OUT_3=26
THERMAL_SENS_OUT_4=26
THERMAL_SENS_OUT_5=30
THERMAL_SENS_OUT_6=-50
THERMAL_SENS_INT_1=30
THERMAL_SENS_INT_2=25
PG_5=1
PG_9=0
PG_12=1
FLT_P2=0
FLT_P3=0
HEAT_1_TEMP=28
HEAT_1_DUTY=0
HEAT_1_SP=-20.0
HEAT_2_TEMP=26
HEAT_2_DUTY=0
HEAT_2_SP=-20.0
HEAT_3_TEMP=26
HEAT_3_DUTY=0
HEAT_3_SP=-20.0
HEAT_4_TEMP=30
HEAT_4_DUTY=0
HEAT_4_SP=-20.0

[21:39:08.734 EBOX]
TS=1786200847.108
V_SENSE5=1.0986328125
V_SENSE9=0.0390625
V_SENSE12=0.1318359375
ADC_V5=5.05340576171875
ADC_V9=9.42535400390625
ADC_V12=11.49627685546875
ADC_V28=28.1787109375
THERMAL_SENS_OUT_1=26
THERMAL_SENS_OUT_2=-50
THERMAL_SENS_OUT_3=28
THERMAL_SENS_OUT_4=30
THERMAL_SENS_OUT_5=30
THERMAL_SENS_OUT_6=-50
THERMAL_SENS_INT_1=27
THERMAL_SENS_INT_2=26
PG_5=1
PG_9=0
PG_12=1
FLT_P2=0
FLT_P3=0
HEAT_1_TEMP=26
HEAT_1_DUTY=0
HEAT_1_SP=-20.0
HEAT_2_TEMP=28
HEAT_2_DUTY=0
HEAT_2_SP=-20.0
HEAT_3_TEMP=30
HEAT_3_DUTY=0
HEAT_3_SP=-20.0
HEAT_4_TEMP=30
HEAT_4_DUTY=0
HEAT_4_SP=-20.0

[21:39:08.838 CUBESAT]
TS=1786202616.361
PG_5=1
PG_9=0
PG_12=0
FLT_P2=0
FLT_P3=0
HEAT_1_TEMP=0.0
HEAT_1_DUTY=0
HEAT_1_SP=-20.0
ENC_RAW=11470
ENC_ANGLE=252.0263671875
ENC_ACCUM=26.65283203125
AUTO_STOP=1
MOTOR_ANGLE=0.0030377906976744185
MOTOR_ACCUM=24.59606104651163
MOTOR_ROT=47

[21:39:10.594 EBOX]
TS=1786200847.603
V_SENSE5=1.1962890625
V_SENSE9=0.03662109375
V_SENSE12=0.10009765625
ADC_V5=4.98260498046875
ADC_V9=9.30145263671875
ADC_V12=11.77947998046875
ADC_V28=28.001708984375
THERMAL_SENS_OUT_1=32
THERMAL_SENS_OUT_2=-50
THERMAL_SENS_OUT_3=24
THERMAL_SENS_OUT_4=28
THERMAL_SENS_OUT_5=32
THERMAL_SENS_OUT_6=-50
THERMAL_SENS_INT_1=26
THERMAL_SENS_INT_2=29
PG_5=1
PG_9=0
PG_12=1
FLT_P2=0
FLT_P3=0
HEAT_1_TEMP=32
HEAT_1_DUTY=0
HEAT_1_SP=-20.0
HEAT_2_TEMP=24
HEAT_2_DUTY=0
HEAT_2_SP=-20.0
HEAT_3_TEMP=28
HEAT_3_DUTY=0
HEAT_3_SP=-20.0
HEAT_4_TEMP=32
HEAT_4_DUTY=0
HEAT_4_SP=-20.0
TS=1786200848.105
V_SENSE5=1.1376953125
V_SENSE9=0.0390625
V_SENSE12=0.1220703125
ADC_V5=4.89410400390625
ADC_V9=9.3988037109375
ADC_V12=11.82373046875
ADC_V28=27.39990234375
THERMAL_SENS_OUT_1=26
THERMAL_SENS_OUT_2=-50
THERMAL_SENS_OUT_3=29
THERMAL_SENS_OUT_4=28
THERMAL_SENS_OUT_5=31
THERMAL_SENS_OUT_6=-50
THERMAL_SENS_INT_1=25
THERMAL_SENS_INT_2=31
PG_5=1
PG_9=0
PG_12=1
FLT_P2=0
FLT_P3=0
HEAT_1_TEMP=26
HEAT_1_DUTY=0
HEAT_1_SP=-20.0
HEAT_2_TEMP=29
HEAT_2_DUTY=0
HEAT_2_SP=-20.0
HEAT_3_TEMP=28
HEAT_3_DUTY=0
HEAT_3_SP=-20.0
HEAT_4_TEMP=31
HEAT_4_DUTY=0
HEAT_4_SP=-20.0

[21:39:11.534 EBOX]
TS=1786200848.614
V_SENSE5=1.1328125
V_SENSE9=0.0390625
V_SENSE12=0.15380859375
ADC_V5=4.9560546875
ADC_V9=8.9385986328125
ADC_V12=11.79718017578125
ADC_V28=27.35565185546875
THERMAL_SENS_OUT_1=27
THERMAL_SENS_OUT_2=-50
THERMAL_SENS_OUT_3=29
THERMAL_SENS_OUT_4=25
THERMAL_SENS_OUT_5=32
THERMAL_SENS_OUT_6=-50
THERMAL_SENS_INT_1=29
THERMAL_SENS_INT_2=30
PG_5=1
PG_9=0
PG_12=1
FLT_P2=0
FLT_P3=0
HEAT_1_TEMP=27
HEAT_1_DUTY=0
HEAT_1_SP=-20.0
HEAT_2_TEMP=29
HEAT_2_DUTY=0
HEAT_2_SP=-20.0
HEAT_3_TEMP=25
HEAT_3_DUTY=0
HEAT_3_SP=-20.0
HEAT_4_TEMP=32
HEAT_4_DUTY=0
HEAT_4_SP=-20.0
TS=1786200849.116
V_SENSE5=1.1767578125
V_SENSE9=0.03662109375
V_SENSE12=0.10009765625
ADC_V5=4.991455078125
ADC_V9=9.12445068359375
ADC_V12=11.60247802734375
ADC_V28=27.32025146484375
THERMAL_SENS_OUT_1=31
THERMAL_SENS_OUT_2=-50
THERMAL_SENS_OUT_3=26
THERMAL_SENS_OUT_4=29
THERMAL_SENS_OUT_5=32
THERMAL_SENS_OUT_6=-50
THERMAL_SENS_INT_1=29
THERMAL_SENS_INT_2=28
PG_5=1
PG_9=0
PG_12=1
FLT_P2=0
FLT_P3=0
HEAT_1_TEMP=31
HEAT_1_DUTY=0
HEAT_1_SP=-20.0
HEAT_2_TEMP=26
HEAT_2_DUTY=0
HEAT_2_SP=-20.0
HEAT_3_TEMP=29
HEAT_3_DUTY=0
HEAT_3_SP=-20.0
HEAT_4_TEMP=32
HEAT_4_DUTY=0
HEAT_4_SP=-20.0
TS=1786200849.621
V_SENSE5=1.240234375
V_SENSE9=0.0341796875
V_SENSE12=0.11962890625
ADC_V5=4.98260498046875
ADC_V9=9.03594970703125
ADC_V12=11.79718017578125
ADC_V28=28.1964111328125
THERMAL_SENS_OUT_1=29
THERMAL_SENS_OUT_2=-50
THERMAL_SENS_OUT_3=25
THERMAL_SENS_OUT_4=27

[21:39:11.538 CUBESAT]
TS=1786202618.363
PG_5=1
PG_9=0
PG_12=0
FLT_P2=0
FLT_P3=0
HEAT_1_TEMP=0.0
HEAT_1_DUTY=10
HEAT_1_SP=-20.0
ENC_RAW=11518
ENC_ANGLE=253.0810546875
ENC_ACCUM=27.70751953125
AUTO_STOP=1
MOTOR_ANGLE=0.0019040697674418605
MOTOR_ACCUM=25.641438953488375
MOTOR_ROT=49

[21:39:12.565 EBOX]
THERMAL_SENS_OUT_5=30
THERMAL_SENS_OUT_6=-50
THERMAL_SENS_INT_1=26
THERMAL_SENS_INT_2=28
PG_5=1
PG_9=0
PG_12=1
FLT_P2=0
FLT_P3=0
HEAT_1_TEMP=29
HEAT_1_DUTY=0
HEAT_1_SP=-20.0
HEAT_2_TEMP=25
HEAT_2_DUTY=0
HEAT_2_SP=-20.0
HEAT_3_TEMP=27
HEAT_3_DUTY=0
HEAT_3_SP=-20.0
HEAT_4_TEMP=30
HEAT_4_DUTY=0
HEAT_4_SP=-20.0
TS=1786200850.119
V_SENSE5=1.12060546875
V_SENSE9=0.0341796875
V_SENSE12=0.11474609375
ADC_V5=4.8675537109375
ADC_V9=8.9385986328125
ADC_V12=11.53167724609375
ADC_V28=28.037109375
THERMAL_SENS_OUT_1=31
THERMAL_SENS_OUT_2=-50
THERMAL_SENS_OUT_3=25
THERMAL_SENS_OUT_4=29
THERMAL_SENS_OUT_5=29
THERMAL_SENS_OUT_6=-50
THERMAL_SENS_INT_1=27
THERMAL_SENS_INT_2=27
PG_5=1
PG_9=0
PG_12=1
FLT_P2=0
FLT_P3=0
HEAT_1_TEMP=31
HEAT_1_DUTY=0
HEAT_1_SP=-20.0
HEAT_2_TEMP=25
HEAT_2_DUTY=0
HEAT_2_SP=-20.0
HEAT_3_TEMP=29
HEAT_3_DUTY=0
HEAT_3_SP=-20.0
HEAT_4_TEMP=29
HEAT_4_DUTY=0
HEAT_4_SP=-20.0

[21:39:14.033 EBOX]
TS=1786200850.621
V_SENSE5=1.15478515625
V_SENSE9=0.0341796875
V_SENSE12=0.1318359375
ADC_V5=4.849853515625
ADC_V9=8.80584716796875
ADC_V12=11.7352294921875
ADC_V28=27.88665771484375
THERMAL_SENS_OUT_1=29
THERMAL_SENS_OUT_2=-50
THERMAL_SENS_OUT_3=26
THERMAL_SENS_OUT_4=28
THERMAL_SENS_OUT_5=34
THERMAL_SENS_OUT_6=-50
THERMAL_SENS_INT_1=26
THERMAL_SENS_INT_2=32
PG_5=1
PG_9=0
PG_12=1
FLT_P2=0
FLT_P3=0
HEAT_1_TEMP=29
HEAT_1_DUTY=0
HEAT_1_SP=-20.0
HEAT_2_TEMP=26
HEAT_2_DUTY=0
HEAT_2_SP=-20.0
HEAT_3_TEMP=28
HEAT_3_DUTY=0
HEAT_3_SP=-20.0
HEAT_4_TEMP=34
HEAT_4_DUTY=0
HEAT_4_SP=-20.0
TS=1786200851.121
V_SENSE5=1.1572265625
V_SENSE9=0.0341796875
V_SENSE12=0.1318359375
ADC_V5=4.89410400390625
ADC_V9=9.027099609375
ADC_V12=11.8768310546875
ADC_V28=27.53265380859375
THERMAL_SENS_OUT_1=26
THERMAL_SENS_OUT_2=-50
THERMAL_SENS_OUT_3=29
THERMAL_SENS_OUT_4=26
THERMAL_SENS_OUT_5=34
THERMAL_SENS_OUT_6=-50
THERMAL_SENS_INT_1=25
THERMAL_SENS_INT_2=30
PG_5=1
PG_9=0
PG_12=1
FLT_P2=0
FLT_P3=0
HEAT_1_TEMP=26
HEAT_1_DUTY=0
HEAT_1_SP=-20.0
HEAT_2_TEMP=29
HEAT_2_DUTY=0
HEAT_2_SP=-20.0
HEAT_3_TEMP=26
HEAT_3_DUTY=0
HEAT_3_SP=-20.0
HEAT_4_TEMP=34
HEAT_4_DUTY=0
HEAT_4_SP=-20.0
TS=1786200851.622
V_SENSE5=1.3232421875
V_SENSE9=0.03662109375
V_SENSE12=0.1318359375
ADC_V5=4.849853515625
ADC_V9=9.21295166015625
ADC_V12=11.58477783203125
ADC_V28=27.97515869140625
THERMAL_SENS_OUT_1=31
THERMAL_SENS_OUT_2=-50
THERMAL_SENS_OUT_3=29
THERMAL_SENS_OUT_4=26

[21:39:14.038 CUBESAT]
TS=1786202620.366
PG_5=1
PG_9=0
PG_12=0
FLT_P2=0
FLT_P3=0
HEAT_1_TEMP=0.0
HEAT_1_DUTY=0
HEAT_1_SP=-20.0
ENC_RAW=11516
ENC_ANGLE=253.037109375
ENC_ACCUM=27.66357421875
AUTO_STOP=1
MOTOR_ANGLE=0.0019040697674418605
MOTOR_ACCUM=25.641438953488375
MOTOR_ROT=49

[21:39:14.360 EBOX]
THERMAL_SENS_OUT_5=34
THERMAL_SENS_OUT_6=-50
THERMAL_SENS_INT_1=30
THERMAL_SENS_INT_2=28
PG_5=1
PG_9=0
PG_12=1
FLT_P2=0
FLT_P3=0
HEAT_1_TEMP=31
HEAT_1_DUTY=0
HEAT_1_SP=-20.0
HEAT_2_TEMP=29
HEAT_2_DUTY=0
HEAT_2_SP=-20.0
HEAT_3_TEMP=26
HEAT_3_DUTY=0
HEAT_3_SP=-20.0
HEAT_4_TEMP=34
HEAT_4_DUTY=0
HEAT_4_SP=-20.0
TS=1786200852.130
V_SENSE5=1.10107421875
V_SENSE9=0.07568359375
V_SENSE12=0.10009765625
ADC_V5=4.920654296875
ADC_V9=9.60235595703125
ADC_V12=11.6644287109375
ADC_V28=27.90435791015625
THERMAL_SENS_OUT_1=30
THERMAL_SENS_OUT_2=-50
THERMAL_SENS_OUT_3=27
THERMAL_SENS_OUT_4=32
THERMAL_SENS_OUT_5=30
THERMAL_SENS_OUT_6=-50
THERMAL_SENS_INT_1=24
THERMAL_SENS_INT_2=32
PG_5=1
PG_9=0
PG_12=1
FLT_P2=0
FLT_P3=0
HEAT_1_TEMP=30
HEAT_1_DUTY=0
HEAT_1_SP=-20.0
HEAT_2_TEMP=27
HEAT_2_DUTY=0
HEAT_2_SP=-20.0
HEAT_3_TEMP=32
HEAT_3_DUTY=0
HEAT_3_SP=-20.0
HEAT_4_TEMP=30
HEAT_4_DUTY=0
HEAT_4_SP=-20.0

[21:39:15.710 EBOX]
TS=1786200852.636
V_SENSE5=1.1279296875
V_SENSE9=0.03662109375
V_SENSE12=0.1123046875
ADC_V5=4.8321533203125
ADC_V9=9.15985107421875
ADC_V12=11.5936279296875
ADC_V28=27.576904296875
THERMAL_SENS_OUT_1=28
THERMAL_SENS_OUT_2=-50
THERMAL_SENS_OUT_3=26
THERMAL_SENS_OUT_4=30
THERMAL_SENS_OUT_5=30
THERMAL_SENS_OUT_6=-50
THERMAL_SENS_INT_1=29
THERMAL_SENS_INT_2=29
PG_5=1
PG_9=0
PG_12=1
FLT_P2=0
FLT_P3=0
HEAT_1_TEMP=28
HEAT_1_DUTY=0
HEAT_1_SP=-20.0
HEAT_2_TEMP=26
HEAT_2_DUTY=0
HEAT_2_SP=-20.0
HEAT_3_TEMP=30
HEAT_3_DUTY=0
HEAT_3_SP=-20.0
HEAT_4_TEMP=30
HEAT_4_DUTY=0
HEAT_4_SP=-20.0
TS=1786200853.127
V_SENSE5=1.15966796875
V_SENSE9=0.0390625
V_SENSE12=0.10009765625
ADC_V5=4.849853515625
ADC_V9=9.4342041015625
ADC_V12=11.88568115234375
ADC_V28=27.51495361328125
THERMAL_SENS_OUT_1=26
THERMAL_SENS_OUT_2=-50
THERMAL_SENS_OUT_3=25
THERMAL_SENS_OUT_4=30
THERMAL_SENS_OUT_5=30
THERMAL_SENS_OUT_6=-50
THERMAL_SENS_INT_1=30
THERMAL_SENS_INT_2=27
PG_5=1
PG_9=0
PG_12=1
FLT_P2=0
FLT_P3=0
HEAT_1_TEMP=26
HEAT_1_DUTY=0
HEAT_1_SP=-20.0
HEAT_2_TEMP=25
HEAT_2_DUTY=0
HEAT_2_SP=-20.0
HEAT_3_TEMP=30
HEAT_3_DUTY=0
HEAT_3_SP=-20.0
HEAT_4_TEMP=30
HEAT_4_DUTY=0
HEAT_4_SP=-20.0
TS=1786200853.627
V_SENSE5=1.14013671875
V_SENSE9=0.03173828125
V_SENSE12=0.12939453125
ADC_V5=4.89410400390625
ADC_V9=9.5050048828125
ADC_V12=11.6290283203125
ADC_V28=28.0548095703125
THERMAL_SENS_OUT_1=31
THERMAL_SENS_OUT_2=-50
THERMAL_SENS_OUT_3=28
THERMAL_SENS_OUT_4=26

[21:39:15.922 EBOX]
THERMAL_SENS_OUT_5=33
THERMAL_SENS_OUT_6=-50
THERMAL_SENS_INT_1=29
THERMAL_SENS_INT_2=27
PG_5=1
PG_9=0
PG_12=1
FLT_P2=0
FLT_P3=0
HEAT_1_TEMP=31
HEAT_1_DUTY=0
HEAT_1_SP=-20.0
HEAT_2_TEMP=28
HEAT_2_DUTY=0
HEAT_2_SP=-20.0
HEAT_3_TEMP=26
HEAT_3_DUTY=0
HEAT_3_SP=-20.0
HEAT_4_TEMP=33
HEAT_4_DUTY=0
HEAT_4_SP=-20.0

[21:39:17.117 EBOX]
TS=1786200854.129
V_SENSE5=0.93017578125
V_SENSE9=0.03662109375
V_SENSE12=0.11474609375
ADC_V5=4.849853515625
ADC_V9=9.33685302734375
ADC_V12=11.611328125
ADC_V28=27.3468017578125
THERMAL_SENS_OUT_1=29
THERMAL_SENS_OUT_2=-50
THERMAL_SENS_OUT_3=29
THERMAL_SENS_OUT_4=26
THERMAL_SENS_OUT_5=34
THERMAL_SENS_OUT_6=-50
THERMAL_SENS_INT_1=29
THERMAL_SENS_INT_2=27
PG_5=1
PG_9=0
PG_12=1
FLT_P2=0
FLT_P3=0
HEAT_1_TEMP=29
HEAT_1_DUTY=0
HEAT_1_SP=-20.0
HEAT_2_TEMP=29
HEAT_2_DUTY=0
HEAT_2_SP=-20.0
HEAT_3_TEMP=26
HEAT_3_DUTY=0
HEAT_3_SP=-20.0
HEAT_4_TEMP=34
HEAT_4_DUTY=0
HEAT_4_SP=-20.0
TS=1786200854.631
V_SENSE5=0.8935546875
V_SENSE9=0.0341796875
V_SENSE12=0.10498046875
ADC_V5=4.9560546875
ADC_V9=9.310302734375
ADC_V12=11.82373046875
ADC_V28=27.74505615234375
THERMAL_SENS_OUT_1=31
THERMAL_SENS_OUT_2=-50
THERMAL_SENS_OUT_3=25
THERMAL_SENS_OUT_4=26
THERMAL_SENS_OUT_5=30
THERMAL_SENS_OUT_6=-50
THERMAL_SENS_INT_1=27
THERMAL_SENS_INT_2=29
PG_5=1
PG_9=0
PG_12=1
FLT_P2=0
FLT_P3=0
HEAT_1_TEMP=31
HEAT_1_DUTY=0
HEAT_1_SP=-20.0
HEAT_2_TEMP=25
HEAT_2_DUTY=0
HEAT_2_SP=-20.0
HEAT_3_TEMP=26
HEAT_3_DUTY=0
HEAT_3_SP=-20.0
HEAT_4_TEMP=30
HEAT_4_DUTY=0
HEAT_4_SP=-20.0
TS=1786200855.137
V_SENSE5=0.87158203125
V_SENSE9=0.03662109375
V_SENSE12=0.10009765625
ADC_V5=4.991455078125
ADC_V9=9.47845458984375
ADC_V12=11.717529296875
ADC_V28=27.75390625
THERMAL_SENS_OUT_1=28
THERMAL_SENS_OUT_2=-50
THERMAL_SENS_OUT_3=29
THERMAL_SENS_OUT_4=30
THERMAL_SENS_OUT_5=31

[21:39:17.728 CUBESAT]
TS=1786202622.368
PG_5=1
PG_9=0
PG_12=0
FLT_P2=0
FLT_P3=0
HEAT_1_TEMP=0.0
HEAT_1_DUTY=0
HEAT_1_SP=-20.0
ENC_RAW=11518
ENC_ANGLE=253.0810546875
ENC_ACCUM=27.70751953125
AUTO_STOP=1
MOTOR_ANGLE=0.0019040697674418605
MOTOR_ACCUM=25.641438953488375
MOTOR_ROT=49
TS=1786202624.370
PG_5=1
PG_9=0
PG_12=0
FLT_P2=0
FLT_P3=0
HEAT_1_TEMP=0.0
HEAT_1_DUTY=0
HEAT_1_SP=-20.0
ENC_RAW=11519
ENC_ANGLE=253.10302734375
ENC_ACCUM=27.7294921875
AUTO_STOP=1
MOTOR_ANGLE=0.0019040697674418605
MOTOR_ACCUM=25.641438953488375
MOTOR_ROT=49

[21:39:18.840 CUBESAT]
TS=1786202626.372
PG_5=1
PG_9=0
PG_12=0
FLT_P2=0
FLT_P3=0
HEAT_1_TEMP=0.0
HEAT_1_DUTY=0
HEAT_1_SP=-20.0
ENC_RAW=11514
ENC_ANGLE=252.9931640625
ENC_ACCUM=27.61962890625
AUTO_STOP=1
MOTOR_ANGLE=0.0019040697674418605
MOTOR_ACCUM=25.641438953488375
MOTOR_ROT=49

[21:39:20.557 CUBESAT]
TS=1786202628.374
PG_5=1
PG_9=0
PG_12=0
FLT_P2=0
FLT_P3=0
HEAT_1_TEMP=0.0
HEAT_1_DUTY=10
HEAT_1_SP=-20.0
ENC_RAW=11527
ENC_ANGLE=253.27880859375
ENC_ACCUM=27.9052734375
AUTO_STOP=1
MOTOR_ANGLE=0.0019040697674418605
MOTOR_ACCUM=25.641438953488375
MOTOR_ROT=49

[21:39:22.456 CUBESAT]
TS=1786202630.377
PG_5=1
PG_9=0
PG_12=0
FLT_P2=0
FLT_P3=0
HEAT_1_TEMP=0.0
HEAT_1_DUTY=0
HEAT_1_SP=-20.0
ENC_RAW=12169
ENC_ANGLE=267.38525390625
ENC_ACCUM=42.01171875
AUTO_STOP=1
MOTOR_ANGLE=0.008749999999999999
MOTOR_ACCUM=38.206424418604655
MOTOR_ROT=73

[21:39:23.410 EBOX]
THERMAL_SENS_OUT_6=-50
THERMAL_SENS_INT_1=25
THERMAL_SENS_INT_2=26
PG_5=1
PG_9=0
PG_12=1
FLT_P2=0
FLT_P3=0
HEAT_1_TEMP=28
HEAT_1_DUTY=0
HEAT_1_SP=-20.0
HEAT_2_TEMP=29
HEAT_2_DUTY=0
HEAT_2_SP=-20.0
HEAT_3_TEMP=30
HEAT_3_DUTY=0
HEAT_3_SP=-20.0
HEAT_4_TEMP=31
HEAT_4_DUTY=0
HEAT_4_SP=-20.0
TS=1786200855.640
V_SENSE5=0.89111328125
V_SENSE9=0.03662109375
V_SENSE12=0.10009765625
ADC_V5=5.05340576171875
ADC_V9=9.30145263671875
ADC_V12=11.44317626953125
ADC_V28=27.70965576171875
THERMAL_SENS_OUT_1=29
THERMAL_SENS_OUT_2=-50
THERMAL_SENS_OUT_3=30
THERMAL_SENS_OUT_4=28
THERMAL_SENS_OUT_5=29
THERMAL_SENS_OUT_6=-50
THERMAL_SENS_INT_1=26
THERMAL_SENS_INT_2=25
PG_5=1
PG_9=0
PG_12=1
FLT_P2=0
FLT_P3=0
HEAT_1_TEMP=29
HEAT_1_DUTY=0
HEAT_1_SP=-20.0
HEAT_2_TEMP=30
HEAT_2_DUTY=0
HEAT_2_SP=-20.0
HEAT_3_TEMP=28
HEAT_3_DUTY=0
HEAT_3_SP=-20.0
HEAT_4_TEMP=29
HEAT_4_DUTY=0
HEAT_4_SP=-20.0
TS=1786200856.134
V_SENSE5=0.93505859375
V_SENSE9=0.0390625
V_SENSE12=0.11962890625
ADC_V5=4.91180419921875
ADC_V9=9.40765380859375
ADC_V12=11.82373046875
ADC_V28=27.39105224609375
THERMAL_SENS_OUT_1=31
THERMAL_SENS_OUT_2=-50
THERMAL_SENS_OUT_3=29
THERMAL_SENS_OUT_4=26
THERMAL_SENS_OUT_5=33
THERMAL_SENS_OUT_6=-50
THERMAL_SENS_INT_1=28
THERMAL_SENS_INT_2=28
PG_5=1
PG_9=0
PG_12=1
FLT_P2=0
FLT_P3=0
HEAT_1_TEMP=31
HEAT_1_DUTY=0
HEAT_1_SP=-20.0
HEAT_2_TEMP=29
HEAT_2_DUTY=0
HEAT_2_SP=-20.0
HEAT_3_TEMP=26
HEAT_3_DUTY=0
HEAT_3_SP=-20.0
HEAT_4_TEMP=33
HEAT_4_DUTY=0
HEAT_4_SP=-20.0
TS=1786200856.636
V_SENSE5=1.14013671875
V_SENSE9=0.03662109375
V_SENSE12=0.10009765625
ADC_V5=4.8675537109375
ADC_V9=9.3280029296875
ADC_V12=11.929931640625
ADC_V28=27.82470703125
THERMAL_SENS_OUT_1=32
THERMAL_SENS_OUT_2=-50
THERMAL_SENS_OUT_3=30
THERMAL_SENS_OUT_4=27
THERMAL_SENS_OUT_5=34
THERMAL_SENS_OUT_6=-50
THERMAL_SENS_INT_1=29
THERMAL_SENS_INT_2=26
PG_5=1
PG_9=0
PG_12=1
FLT_P2=0
FLT_P3=0
HEAT_1_TEMP=32
HEAT_1_DUTY=0
HEAT_1_SP=-20.0
HEAT_2_TEMP=30
HEAT_2_DUTY=0
HEAT_2_SP=-20.0
HEAT_3_TEMP=27
HEAT_3_DUTY=0
HEAT_3_SP=-20.0
HEAT_4_TEMP=34
HEAT_4_DUTY=0
HEAT_4_SP=-20.0
TS=1786200857.140
V_SENSE5=1.41845703125
V_SENSE9=0.0390625
V_SENSE12=0.1171875
ADC_V5=4.89410400390625
ADC_V9=9.0625
ADC_V12=11.788330078125
ADC_V28=27.39105224609375
THERMAL_SENS_OUT_1=29
THERMAL_SENS_OUT_2=-50
THERMAL_SENS_OUT_3=26
THERMAL_SENS_OUT_4=30
THERMAL_SENS_OUT_5=30

[21:39:23.844 EBOX]
THERMAL_SENS_OUT_6=-50
THERMAL_SENS_INT_1=27
THERMAL_SENS_INT_2=27
PG_5=1
PG_9=0
PG_12=1
FLT_P2=0
FLT_P3=0
HEAT_1_TEMP=29
HEAT_1_DUTY=0
HEAT_1_SP=-20.0
HEAT_2_TEMP=26
HEAT_2_DUTY=0
HEAT_2_SP=-20.0
HEAT_3_TEMP=30
HEAT_3_DUTY=0
HEAT_3_SP=-20.0
HEAT_4_TEMP=30
HEAT_4_DUTY=0
HEAT_4_SP=-20.0
TS=1786200857.639
V_SENSE5=1.142578125
V_SENSE9=0.0341796875
V_SENSE12=0.10986328125
ADC_V5=4.94720458984375
ADC_V9=9.239501953125
ADC_V12=11.74407958984375
ADC_V28=27.85125732421875
THERMAL_SENS_OUT_1=29
THERMAL_SENS_OUT_2=-50
THERMAL_SENS_OUT_3=26
THERMAL_SENS_OUT_4=29
THERMAL_SENS_OUT_5=32
THERMAL_SENS_OUT_6=-50
THERMAL_SENS_INT_1=29
THERMAL_SENS_INT_2=27
PG_5=1
PG_9=0
PG_12=1
FLT_P2=0
FLT_P3=0
HEAT_1_TEMP=29
HEAT_1_DUTY=0
HEAT_1_SP=-20.0
HEAT_2_TEMP=26
HEAT_2_DUTY=0
HEAT_2_SP=-20.0
HEAT_3_TEMP=29
HEAT_3_DUTY=0
HEAT_3_SP=-20.0
HEAT_4_TEMP=32
HEAT_4_DUTY=0
HEAT_4_SP=-20.0
TS=1786200858.141
V_SENSE5=1.3427734375
V_SENSE9=0.03662109375
V_SENSE12=0.10009765625
ADC_V5=4.920654296875
ADC_V9=9.00054931640625
ADC_V12=11.82373046875
ADC_V28=27.56805419921875
THERMAL_SENS_OUT_1=32
THERMAL_SENS_OUT_2=-50
THERMAL_SENS_OUT_3=25
THERMAL_SENS_OUT_4=29
THERMAL_SENS_OUT_5=34
THERMAL_SENS_OUT_6=-50
THERMAL_SENS_INT_1=29
THERMAL_SENS_INT_2=30
PG_5=1
PG_9=0
PG_12=1
FLT_P2=0
FLT_P3=0
HEAT_1_TEMP=32
HEAT_1_DUTY=0
HEAT_1_SP=-20.0
HEAT_2_TEMP=25
HEAT_2_DUTY=0
HEAT_2_SP=-20.0
HEAT_3_TEMP=29
HEAT_3_DUTY=0
HEAT_3_SP=-20.0
HEAT_4_TEMP=34
HEAT_4_DUTY=0
HEAT_4_SP=-20.0

[21:39:23.985 EBOX]
TS=1786200858.643
V_SENSE5=1.21826171875
V_SENSE9=0.0341796875
V_SENSE12=0.10498046875
ADC_V5=4.920654296875
ADC_V9=9.2041015625
ADC_V12=11.8060302734375
ADC_V28=27.7716064453125
THERMAL_SENS_OUT_1=28
THERMAL_SENS_OUT_2=-50
THERMAL_SENS_OUT_3=26
THERMAL_SENS_OUT_4=30
THERMAL_SENS_OUT_5=32
THERMAL_SENS_OUT_6=-50
THERMAL_SENS_INT_1=25
THERMAL_SENS_INT_2=26
PG_5=1
PG_9=0
PG_12=1
FLT_P2=0
FLT_P3=0
HEAT_1_TEMP=28
HEAT_1_DUTY=0
HEAT_1_SP=-20.0
HEAT_2_TEMP=26
HEAT_2_DUTY=0
HEAT_2_SP=-20.0
HEAT_3_TEMP=30
HEAT_3_DUTY=0
HEAT_3_SP=-20.0
HEAT_4_TEMP=32
HEAT_4_DUTY=0
HEAT_4_SP=-20.0
TS=1786200859.144
V_SENSE5=1.298828125
V_SENSE9=0.0390625
V_SENSE12=0.10498046875
ADC_V5=4.9737548828125
ADC_V9=9.1156005859375
ADC_V12=11.8060302734375
ADC_V28=27.76275634765625
THERMAL_SENS_OUT_1=29
THERMAL_SENS_OUT_2=-50
THERMAL_SENS_OUT_3=24
THERMAL_SENS_OUT_4=26
THERMAL_SENS_OUT_5=30
THERMAL_SENS_OUT_6=-50
THERMAL_SENS_INT_1=27
THERMAL_SENS_INT_2=30
PG_5=1
PG_9=0
PG_12=1
FLT_P2=0
FLT_P3=0
HEAT_1_TEMP=29
HEAT_1_DUTY=0
HEAT_1_SP=-20.0
HEAT_2_TEMP=24
HEAT_2_DUTY=0
HEAT_2_SP=-20.0
HEAT_3_TEMP=26
HEAT_3_DUTY=0
HEAT_3_SP=-20.0
HEAT_4_TEMP=30
HEAT_4_DUTY=0
HEAT_4_SP=-20.0
TS=1786200859.644
V_SENSE5=1.15966796875
V_SENSE9=0.0390625
V_SENSE12=0.10498046875
ADC_V5=5.08880615234375
ADC_V9=8.9385986328125
ADC_V12=11.93878173828125
ADC_V28=27.860107421875
THERMAL_SENS_OUT_1=31
THERMAL_SENS_OUT_2=-50
THERMAL_SENS_OUT_3=28
THERMAL_SENS_OUT_4=26
THERMAL_SENS_OUT_5=32

[21:39:24.621 EBOX]
THERMAL_SENS_OUT_6=-50
THERMAL_SENS_INT_1=29
THERMAL_SENS_INT_2=29
PG_5=1
PG_9=0
PG_12=1
FLT_P2=0
FLT_P3=0
HEAT_1_TEMP=31
HEAT_1_DUTY=0
HEAT_1_SP=-20.0
HEAT_2_TEMP=28
HEAT_2_DUTY=0
HEAT_2_SP=-20.0
HEAT_3_TEMP=26
HEAT_3_DUTY=0
HEAT_3_SP=-20.0
HEAT_4_TEMP=32
HEAT_4_DUTY=0
HEAT_4_SP=-20.0
TS=1786200860.154
V_SENSE5=1.2841796875
V_SENSE9=0.03173828125
V_SENSE12=0.15380859375
ADC_V5=4.98260498046875
ADC_V9=9.05364990234375
ADC_V12=11.68212890625
ADC_V28=28.13446044921875
THERMAL_SENS_OUT_1=30
THERMAL_SENS_OUT_2=-50
THERMAL_SENS_OUT_3=27
THERMAL_SENS_OUT_4=26
THERMAL_SENS_OUT_5=30
THERMAL_SENS_OUT_6=-50
THERMAL_SENS_INT_1=26
THERMAL_SENS_INT_2=28
PG_5=1
PG_9=0
PG_12=1
FLT_P2=0
FLT_P3=0
HEAT_1_TEMP=30
HEAT_1_DUTY=0
HEAT_1_SP=-20.0
HEAT_2_TEMP=27
HEAT_2_DUTY=0
HEAT_2_SP=-20.0
HEAT_3_TEMP=26
HEAT_3_DUTY=0
HEAT_3_SP=-20.0
HEAT_4_TEMP=30
HEAT_4_DUTY=0
HEAT_4_SP=-20.0
TS=1786200860.647
V_SENSE5=1.11572265625
V_SENSE9=0.0390625
V_SENSE12=0.12939453125
ADC_V5=4.89410400390625
ADC_V9=8.91204833984375
ADC_V12=11.76177978515625
ADC_V28=27.72735595703125
THERMAL_SENS_OUT_1=29
THERMAL_SENS_OUT_2=-50
THERMAL_SENS_OUT_3=25
THERMAL_SENS_OUT_4=31
THERMAL_SENS_OUT_5=32
THERMAL_SENS_OUT_6=-50
THERMAL_SENS_INT_1=24
THERMAL_SENS_INT_2=28
PG_5=1
PG_9=0
PG_12=1
FLT_P2=0
FLT_P3=0
HEAT_1_TEMP=29
HEAT_1_DUTY=0
HEAT_1_SP=-20.0
HEAT_2_TEMP=25
HEAT_2_DUTY=0
HEAT_2_SP=-20.0
HEAT_3_TEMP=31
HEAT_3_DUTY=0
HEAT_3_SP=-20.0
HEAT_4_TEMP=32
HEAT_4_DUTY=0
HEAT_4_SP=-20.0

[21:39:24.759 EBOX]
TS=1786200861.148
V_SENSE5=1.220703125
V_SENSE9=0.03173828125
V_SENSE12=0.10986328125
ADC_V5=5.00030517578125
ADC_V9=9.1864013671875
ADC_V12=11.92108154296875
ADC_V28=28.02825927734375
THERMAL_SENS_OUT_1=31
THERMAL_SENS_OUT_2=-50
THERMAL_SENS_OUT_3=28
THERMAL_SENS_OUT_4=25
THERMAL_SENS_OUT_5=34
THERMAL_SENS_OUT_6=-50
THERMAL_SENS_INT_1=29
THERMAL_SENS_INT_2=26
PG_5=1
PG_9=0
PG_12=1
FLT_P2=0
FLT_P3=0
HEAT_1_TEMP=31
HEAT_1_DUTY=0
HEAT_1_SP=-20.0
HEAT_2_TEMP=28
HEAT_2_DUTY=0
HEAT_2_SP=-20.0
HEAT_3_TEMP=25
HEAT_3_DUTY=0
HEAT_3_SP=-20.0
HEAT_4_TEMP=34
HEAT_4_DUTY=0
HEAT_4_SP=-20.0
TS=1786200861.650
V_SENSE5=1.13037109375
V_SENSE9=0.0390625
V_SENSE12=0.12939453125
ADC_V5=4.9029541015625
ADC_V9=9.4873046875
ADC_V12=11.77947998046875
ADC_V28=28.001708984375
THERMAL_SENS_OUT_1=29
THERMAL_SENS_OUT_2=-50
THERMAL_SENS_OUT_3=25
THERMAL_SENS_OUT_4=26
THERMAL_SENS_OUT_5=30
THERMAL_SENS_OUT_6=-50
THERMAL_SENS_INT_1=29
THERMAL_SENS_INT_2=27
PG_5=1
PG_9=0
PG_12=1
FLT_P2=0
FLT_P3=0
HEAT_1_TEMP=29
HEAT_1_DUTY=0
HEAT_1_SP=-20.0
HEAT_2_TEMP=25
HEAT_2_DUTY=0
HEAT_2_SP=-20.0
HEAT_3_TEMP=26
HEAT_3_DUTY=0
HEAT_3_SP=-20.0
HEAT_4_TEMP=30
HEAT_4_DUTY=0
HEAT_4_SP=-20.0
TS=1786200862.151
V_SENSE5=1.220703125
V_SENSE9=0.0439453125
V_SENSE12=0.1416015625
ADC_V5=4.9383544921875
ADC_V9=9.28375244140625
ADC_V12=11.86798095703125
ADC_V28=27.7716064453125
THERMAL_SENS_OUT_1=31
THERMAL_SENS_OUT_2=-50
THERMAL_SENS_OUT_3=27
THERMAL_SENS_OUT_4=26
THERMAL_SENS_OUT_5=33

[21:39:24.919 EBOX]
THERMAL_SENS_OUT_6=-50
THERMAL_SENS_INT_1=30
THERMAL_SENS_INT_2=28
PG_5=1
PG_9=0
PG_12=1
FLT_P2=0
FLT_P3=0
HEAT_1_TEMP=31
HEAT_1_DUTY=0
HEAT_1_SP=-20.0
HEAT_2_TEMP=27
HEAT_2_DUTY=0
HEAT_2_SP=-20.0
HEAT_3_TEMP=26
HEAT_3_DUTY=0
HEAT_3_SP=-20.0
HEAT_4_TEMP=33
HEAT_4_DUTY=0
HEAT_4_SP=-20.0
TS=1786200862.660
V_SENSE5=1.22314453125
V_SENSE9=0.0390625
V_SENSE12=0.09765625
ADC_V5=4.9737548828125
ADC_V9=9.15985107421875
ADC_V12=11.6998291015625
ADC_V28=28.22296142578125
THERMAL_SENS_OUT_1=29
THERMAL_SENS_OUT_2=-50
THERMAL_SENS_OUT_3=24
THERMAL_SENS_OUT_4=29
THERMAL_SENS_OUT_5=33
THERMAL_SENS_OUT_6=-50
THERMAL_SENS_INT_1=24
THERMAL_SENS_INT_2=30
PG_5=1
PG_9=0
PG_12=1
FLT_P2=0
FLT_P3=0
HEAT_1_TEMP=29
HEAT_1_DUTY=0
HEAT_1_SP=-20.0
HEAT_2_TEMP=24
HEAT_2_DUTY=0
HEAT_2_SP=-20.0
HEAT_3_TEMP=29
HEAT_3_DUTY=0
HEAT_3_SP=-20.0
HEAT_4_TEMP=33
HEAT_4_DUTY=0
HEAT_4_SP=-20.0
TS=1786200863.163
V_SENSE5=1.1328125
V_SENSE9=0.07080078125
V_SENSE12=0.126953125
ADC_V5=4.849853515625
ADC_V9=9.1510009765625
ADC_V12=11.47857666015625
ADC_V28=27.6654052734375
THERMAL_SENS_OUT_1=27
THERMAL_SENS_OUT_2=-50
THERMAL_SENS_OUT_3=29
THERMAL_SENS_OUT_4=27
THERMAL_SENS_OUT_5=33
THERMAL_SENS_OUT_6=-50
THERMAL_SENS_INT_1=29
THERMAL_SENS_INT_2=27
PG_5=1
PG_9=0
PG_12=1
FLT_P2=0
FLT_P3=0
HEAT_1_TEMP=27
HEAT_1_DUTY=0
HEAT_1_SP=-20.0
HEAT_2_TEMP=29
HEAT_2_DUTY=0
HEAT_2_SP=-20.0
HEAT_3_TEMP=27
HEAT_3_DUTY=0
HEAT_3_SP=-20.0
HEAT_4_TEMP=33
HEAT_4_DUTY=0
HEAT_4_SP=-20.0

[21:39:24.922 CUBESAT]
TS=1786202632.379
PG_5=1
PG_9=0
PG_12=0
FLT_P2=0
FLT_P3=0
HEAT_1_TEMP=0.0
HEAT_1_DUTY=0
HEAT_1_SP=-20.0
ENC_RAW=12818
ENC_ANGLE=281.6455078125
ENC_ACCUM=56.27197265625
AUTO_STOP=1
MOTOR_ANGLE=0.0003779069767441861
MOTOR_ACCUM=51.802703488372096
MOTOR_ROT=99

[21:39:25.173 EBOX]
TS=1786200863.665
V_SENSE5=1.220703125
V_SENSE9=0.0341796875
V_SENSE12=0.1025390625
ADC_V5=4.920654296875
ADC_V9=9.17755126953125
ADC_V12=11.611328125
ADC_V28=27.2760009765625
THERMAL_SENS_OUT_1=28
THERMAL_SENS_OUT_2=-50
THERMAL_SENS_OUT_3=28
THERMAL_SENS_OUT_4=26
THERMAL_SENS_OUT_5=34
THERMAL_SENS_OUT_6=-50
THERMAL_SENS_INT_1=27
THERMAL_SENS_INT_2=27
PG_5=1
PG_9=0
PG_12=1
FLT_P2=0
FLT_P3=0
HEAT_1_TEMP=28
HEAT_1_DUTY=0
HEAT_1_SP=-20.0
HEAT_2_TEMP=28
HEAT_2_DUTY=0
HEAT_2_SP=-20.0
HEAT_3_TEMP=26
HEAT_3_DUTY=0
HEAT_3_SP=-20.0
HEAT_4_TEMP=34
HEAT_4_DUTY=0
HEAT_4_SP=-20.0
TS=1786200864.166
V_SENSE5=1.15234375
V_SENSE9=0.0390625
V_SENSE12=0.126953125
ADC_V5=4.9737548828125
ADC_V9=8.9031982421875
ADC_V12=11.82373046875
ADC_V28=27.7008056640625
THERMAL_SENS_OUT_1=29
THERMAL_SENS_OUT_2=-50
THERMAL_SENS_OUT_3=30
THERMAL_SENS_OUT_4=31
THERMAL_SENS_OUT_5=31
THERMAL_SENS_OUT_6=-50
THERMAL_SENS_INT_1=30
THERMAL_SENS_INT_2=28
PG_5=1
PG_9=0
PG_12=1
FLT_P2=0
FLT_P3=0
HEAT_1_TEMP=29
HEAT_1_DUTY=0
HEAT_1_SP=-20.0
HEAT_2_TEMP=30
HEAT_2_DUTY=0
HEAT_2_SP=-20.0
HEAT_3_TEMP=31
HEAT_3_DUTY=0
HEAT_3_SP=-20.0
HEAT_4_TEMP=31
HEAT_4_DUTY=0
HEAT_4_SP=-20.0

[21:39:25.388 EBOX]
TS=1786200864.667
V_SENSE5=1.11572265625
V_SENSE9=0.0390625
V_SENSE12=0.1123046875
ADC_V5=4.88525390625
ADC_V9=8.99169921875
ADC_V12=11.67327880859375
ADC_V28=27.3822021484375
THERMAL_SENS_OUT_1=29
THERMAL_SENS_OUT_2=-50
THERMAL_SENS_OUT_3=25
THERMAL_SENS_OUT_4=29
THERMAL_SENS_OUT_5=29
THERMAL_SENS_OUT_6=-50
THERMAL_SENS_INT_1=25
THERMAL_SENS_INT_2=26
PG_5=1
PG_9=0
PG_12=1
FLT_P2=0
FLT_P3=0
HEAT_1_TEMP=29
HEAT_1_DUTY=0
HEAT_1_SP=-20.0
HEAT_2_TEMP=25
HEAT_2_DUTY=0
HEAT_2_SP=-20.0
HEAT_3_TEMP=29
HEAT_3_DUTY=0
HEAT_3_SP=-20.0
HEAT_4_TEMP=29
HEAT_4_DUTY=0
HEAT_4_SP=-20.0

[21:39:25.601 EBOX]
TS=1786200865.183
V_SENSE5=1.24267578125
V_SENSE9=0.04150390625
V_SENSE12=0.10986328125
ADC_V5=5.08880615234375
ADC_V9=9.37225341796875
ADC_V12=11.81488037109375
ADC_V28=27.860107421875
THERMAL_SENS_OUT_1=26
THERMAL_SENS_OUT_2=-50
THERMAL_SENS_OUT_3=24
THERMAL_SENS_OUT_4=28
THERMAL_SENS_OUT_5=32
THERMAL_SENS_OUT_6=-50
THERMAL_SENS_INT_1=29
THERMAL_SENS_INT_2=31
PG_5=1
PG_9=0
PG_12=1
FLT_P2=0
FLT_P3=0
HEAT_1_TEMP=26
HEAT_1_DUTY=0
HEAT_1_SP=-20.0
HEAT_2_TEMP=24
HEAT_2_DUTY=0
HEAT_2_SP=-20.0
HEAT_3_TEMP=28
HEAT_3_DUTY=0
HEAT_3_SP=-20.0
HEAT_4_TEMP=32
HEAT_4_DUTY=0
HEAT_4_SP=-20.0

[21:39:26.326 EBOX]
TS=1786200865.673
V_SENSE5=1.162109375
V_SENSE9=0.11474609375
V_SENSE12=0.1123046875
ADC_V5=4.89410400390625
ADC_V9=9.49615478515625
ADC_V12=11.8414306640625
ADC_V28=27.68310546875
THERMAL_SENS_OUT_1=26
THERMAL_SENS_OUT_2=-50
THERMAL_SENS_OUT_3=29
THERMAL_SENS_OUT_4=26
THERMAL_SENS_OUT_5=31
THERMAL_SENS_OUT_6=-50
THERMAL_SENS_INT_1=30
THERMAL_SENS_INT_2=26
PG_5=1
PG_9=0
PG_12=1
FLT_P2=0
FLT_P3=0
HEAT_1_TEMP=26
HEAT_1_DUTY=0
HEAT_1_SP=-20.0
HEAT_2_TEMP=29
HEAT_2_DUTY=0
HEAT_2_SP=-20.0
HEAT_3_TEMP=26
HEAT_3_DUTY=0
HEAT_3_SP=-20.0
HEAT_4_TEMP=31
HEAT_4_DUTY=0
HEAT_4_SP=-20.0

[21:39:26.329 CUBESAT]
TS=1786202634.380
PG_5=1
PG_9=0
PG_12=0
FLT_P2=0
FLT_P3=0
HEAT_1_TEMP=0.0
HEAT_1_DUTY=10
HEAT_1_SP=-20.0
ENC_RAW=13453
ENC_ANGLE=295.59814453125
ENC_ACCUM=70.224609375
AUTO_STOP=1
MOTOR_ANGLE=0.004941860465116279
MOTOR_ACCUM=64.36540697674418
MOTOR_ROT=123

[21:39:27.060 EBOX]
TS=1786200866.174
V_SENSE5=1.1181640625
V_SENSE9=0.03662109375
V_SENSE12=0.09521484375
ADC_V5=4.92950439453125
ADC_V9=9.33685302734375
ADC_V12=11.9122314453125
ADC_V28=28.1256103515625
THERMAL_SENS_OUT_1=30
THERMAL_SENS_OUT_2=-50
THERMAL_SENS_OUT_3=26
THERMAL_SENS_OUT_4=30
THERMAL_SENS_OUT_5=30
THERMAL_SENS_OUT_6=-50
THERMAL_SENS_INT_1=25
THERMAL_SENS_INT_2=31
PG_5=1
PG_9=0
PG_12=1
FLT_P2=0
FLT_P3=0
HEAT_1_TEMP=30
HEAT_1_DUTY=0
HEAT_1_SP=-20.0
HEAT_2_TEMP=26
HEAT_2_DUTY=0
HEAT_2_SP=-20.0
HEAT_3_TEMP=30
HEAT_3_DUTY=0
HEAT_3_SP=-20.0
HEAT_4_TEMP=30
HEAT_4_DUTY=0
HEAT_4_SP=-20.0

[21:39:28.105 CUBESAT]
TS=1786202636.382
PG_5=1
PG_9=0
PG_12=0
FLT_P2=0
FLT_P3=0
HEAT_1_TEMP=0.0
HEAT_1_DUTY=0
HEAT_1_SP=-20.0
ENC_RAW=14084
ENC_ANGLE=309.462890625
ENC_ACCUM=84.08935546875
AUTO_STOP=1
MOTOR_ANGLE=0.0
MOTOR_ACCUM=77.44186046511628
MOTOR_ROT=148

[21:39:29.727 EBOX]
TS=1786200866.675
V_SENSE5=1.1279296875
V_SENSE9=0.0390625
V_SENSE12=0.1025390625
ADC_V5=4.991455078125
ADC_V9=9.5050048828125
ADC_V12=11.83258056640625
ADC_V28=27.81585693359375
THERMAL_SENS_OUT_1=26
THERMAL_SENS_OUT_2=-50
THERMAL_SENS_OUT_3=25
THERMAL_SENS_OUT_4=29
THERMAL_SENS_OUT_5=29
THERMAL_SENS_OUT_6=-50
THERMAL_SENS_INT_1=29
THERMAL_SENS_INT_2=26
PG_5=1
PG_9=0
PG_12=1
FLT_P2=0
FLT_P3=0
HEAT_1_TEMP=26
HEAT_1_DUTY=0
HEAT_1_SP=-20.0
HEAT_2_TEMP=25
HEAT_2_DUTY=0
HEAT_2_SP=-20.0
HEAT_3_TEMP=29
HEAT_3_DUTY=0
HEAT_3_SP=-20.0
HEAT_4_TEMP=29
HEAT_4_DUTY=0
HEAT_4_SP=-20.0

[21:39:30.116 EBOX]
TS=1786200867.177
V_SENSE5=1.181640625
V_SENSE9=0.0390625
V_SENSE12=0.1220703125
ADC_V5=4.85870361328125
ADC_V9=9.2572021484375
ADC_V12=11.611328125
ADC_V28=27.56805419921875
THERMAL_SENS_OUT_1=31
THERMAL_SENS_OUT_2=-50
THERMAL_SENS_OUT_3=26
THERMAL_SENS_OUT_4=29
THERMAL_SENS_OUT_5=35
THERMAL_SENS_OUT_6=-50
THERMAL_SENS_INT_1=26
THERMAL_SENS_INT_2=29
PG_5=1
PG_9=0
PG_12=1
FLT_P2=0
FLT_P3=0
HEAT_1_TEMP=31
HEAT_1_DUTY=0
HEAT_1_SP=-20.0
HEAT_2_TEMP=26
HEAT_2_DUTY=0
HEAT_2_SP=-20.0
HEAT_3_TEMP=29
HEAT_3_DUTY=0
HEAT_3_SP=-20.0
HEAT_4_TEMP=35
HEAT_4_DUTY=0
HEAT_4_SP=-20.0
TS=1786200867.677
V_SENSE5=1.15234375
V_SENSE9=0.04638671875
V_SENSE12=0.1318359375
ADC_V5=5.08880615234375
ADC_V9=9.42535400390625
ADC_V12=11.56707763671875
ADC_V28=27.92205810546875
THERMAL_SENS_OUT_1=32
THERMAL_SENS_OUT_2=-50
THERMAL_SENS_OUT_3=26
THERMAL_SENS_OUT_4=26
THERMAL_SENS_OUT_5=33
THERMAL_SENS_OUT_6=-50
THERMAL_SENS_INT_1=27
THERMAL_SENS_INT_2=28
PG_5=1
PG_9=0
PG_12=1
FLT_P2=0
FLT_P3=0
HEAT_1_TEMP=32
HEAT_1_DUTY=0
HEAT_1_SP=-20.0
HEAT_2_TEMP=26
HEAT_2_DUTY=0
HEAT_2_SP=-20.0
HEAT_3_TEMP=26
HEAT_3_DUTY=0
HEAT_3_SP=-20.0
HEAT_4_TEMP=33
HEAT_4_DUTY=0
HEAT_4_SP=-20.0
TS=1786200868.179
V_SENSE5=1.15234375
V_SENSE9=0.0341796875
V_SENSE12=0.15380859375
ADC_V5=4.98260498046875
ADC_V9=9.4342041015625
ADC_V12=11.4697265625
ADC_V28=27.83355712890625
THERMAL_SENS_OUT_1=27
THERMAL_SENS_OUT_2=-50
THERMAL_SENS_OUT_3=28
THERMAL_SENS_OUT_4=26
THERMAL_SENS_OUT_5=30
THERMAL_SENS_OUT_6=-50
THERMAL_SENS_INT_1=27
THERMAL_SENS_INT_2=27
PG_5=1
PG_9=0
PG_12=1
FLT_P2=0
FLT_P3=0
HEAT_1_TEMP=27
HEAT_1_DUTY=0
HEAT_1_SP=-20.0
HEAT_2_TEMP=28
HEAT_2_DUTY=0
HEAT_2_SP=-20.0
HEAT_3_TEMP=26
HEAT_3_DUTY=0
HEAT_3_SP=-20.0
HEAT_4_TEMP=30
HEAT_4_DUTY=0
HEAT_4_SP=-20.0
TS=1786200868.680
V_SENSE5=1.14501953125
V_SENSE9=0.0390625
V_SENSE12=0.09765625
ADC_V5=4.88525390625
ADC_V9=9.41650390625
ADC_V12=11.7529296875
ADC_V28=27.2052001953125
THERMAL_SENS_OUT_1=27
THERMAL_SENS_OUT_2=-50
THERMAL_SENS_OUT_3=25
THERMAL_SENS_OUT_4=31
THERMAL_SENS_OUT_5=31
THERMAL_SENS_OUT_6=-50
THERMAL_SENS_INT_1=26
THERMAL_SENS_INT_2=31
PG_5=1
PG_9=0
PG_12=1
FLT_P2=0
FLT_P3=0
HEAT_1_TEMP=27
HEAT_1_DUTY=0
HEAT_1_SP=-20.0
HEAT_2_TEMP=25
HEAT_2_DUTY=0
HEAT_2_SP=-20.0
HEAT_3_TEMP=31
HEAT_3_DUTY=0
HEAT_3_SP=-20.0
HEAT_4_TEMP=31
HEAT_4_DUTY=0
HEAT_4_SP=-20.0
TS=1786200869.181
V_SENSE5=1.14501953125
V_SENSE9=0.09521484375
V_SENSE12=0.126953125
ADC_V5=4.84100341796875
ADC_V9=9.310302734375
ADC_V12=11.65557861328125
ADC_V28=27.99285888671875
THERMAL_SENS_OUT_1=31
THERMAL_SENS_OUT_2=-50
THERMAL_SENS_OUT_3=28
THERMAL_SENS_OUT_4=26
THERMAL_SENS_OUT_5=32
THERMAL_SENS_OUT_6=-50
THERMAL_SENS_INT_1=25
THERMAL_SENS_INT_2=30
PG_5=1
PG_9=0
PG_12=1
FLT_P2=0
FLT_P3=0
HEAT_1_TEMP=31
HEAT_1_DUTY=0
HEAT_1_SP=-20.0
HEAT_2_TEMP=28
HEAT_2_DUTY=0
HEAT_2_SP=-20.0
HEAT_3_TEMP=26
HEAT_3_DUTY=0
HEAT_3_SP=-20.0
HEAT_4_TEMP=32
HEAT_4_DUTY=0
HEAT_4_SP=-20.0

[21:39:31.628 CUBESAT]
TS=1786202638.383
PG_5=1
PG_9=0
PG_12=0
FLT_P2=0
FLT_P3=0
HEAT_1_TEMP=0.0
HEAT_1_DUTY=0
HEAT_1_SP=-20.0
ENC_RAW=14706
ENC_ANGLE=323.1298828125
ENC_ACCUM=97.75634765625
AUTO_STOP=1
MOTOR_ANGLE=0.004563953488372094
MOTOR_ACCUM=90.00456395348837
MOTOR_ROT=172

[21:39:33.853 EBOX]
TS=1786200869.692
V_SENSE5=1.083984375
V_SENSE9=0.03662109375
V_SENSE12=0.1416015625
ADC_V5=4.9737548828125
ADC_V9=9.2041015625
ADC_V12=11.9122314453125
ADC_V28=28.2318115234375
THERMAL_SENS_OUT_1=31
THERMAL_SENS_OUT_2=-50
THERMAL_SENS_OUT_3=30
THERMAL_SENS_OUT_4=31
THERMAL_SENS_OUT_5=35
THERMAL_SENS_OUT_6=-50
THERMAL_SENS_INT_1=24
THERMAL_SENS_INT_2=26
PG_5=1
PG_9=0
PG_12=1
FLT_P2=0
FLT_P3=0
HEAT_1_TEMP=31
HEAT_1_DUTY=0
HEAT_1_SP=-20.0
HEAT_2_TEMP=30
HEAT_2_DUTY=0
HEAT_2_SP=-20.0
HEAT_3_TEMP=31
HEAT_3_DUTY=0
HEAT_3_SP=-20.0
HEAT_4_TEMP=35
HEAT_4_DUTY=0
HEAT_4_SP=-20.0

[21:39:34.562 CUBESAT]
TS=1786202640.386
PG_5=1
PG_9=0
PG_12=0
FLT_P2=0
FLT_P3=0
HEAT_1_TEMP=0.0
HEAT_1_DUTY=0
HEAT_1_SP=-20.0
ENC_RAW=15333
ENC_ANGLE=336.90673828125
ENC_ACCUM=111.533203125
AUTO_STOP=1
MOTOR_ANGLE=0.008749999999999999
MOTOR_ACCUM=102.56688953488373
MOTOR_ROT=196

[21:39:35.274 EBOX]
TS=1786200870.185
V_SENSE5=1.08154296875
V_SENSE9=0.0341796875
V_SENSE12=0.1220703125
ADC_V5=4.9560546875
ADC_V9=9.24835205078125
ADC_V12=11.95648193359375
ADC_V28=27.576904296875
THERMAL_SENS_OUT_1=32
THERMAL_SENS_OUT_2=-50
THERMAL_SENS_OUT_3=27
THERMAL_SENS_OUT_4=30
THERMAL_SENS_OUT_5=33
THERMAL_SENS_OUT_6=-50
THERMAL_SENS_INT_1=24
THERMAL_SENS_INT_2=27
PG_5=1
PG_9=0
PG_12=1
FLT_P2=0
FLT_P3=0
HEAT_1_TEMP=32
HEAT_1_DUTY=0
HEAT_1_SP=-20.0
HEAT_2_TEMP=27
HEAT_2_DUTY=0
HEAT_2_SP=-20.0
HEAT_3_TEMP=30
HEAT_3_DUTY=0
HEAT_3_SP=-20.0
HEAT_4_TEMP=33
HEAT_4_DUTY=0
HEAT_4_SP=-20.0
TS=1786200870.686
V_SENSE5=0.88623046875
V_SENSE9=0.0390625
V_SENSE12=0.126953125
ADC_V5=4.88525390625
ADC_V9=9.28375244140625
ADC_V12=11.7706298828125
ADC_V28=27.74505615234375
THERMAL_SENS_OUT_1=28
THERMAL_SENS_OUT_2=-50
THERMAL_SENS_OUT_3=25
THERMAL_SENS_OUT_4=30
THERMAL_SENS_OUT_5=31
THERMAL_SENS_OUT_6=-50
THERMAL_SENS_INT_1=29
THERMAL_SENS_INT_2=26
PG_5=1
PG_9=0
PG_12=1
FLT_P2=0
FLT_P3=0
HEAT_1_TEMP=28
HEAT_1_DUTY=0
HEAT_1_SP=-20.0
HEAT_2_TEMP=25
HEAT_2_DUTY=0
HEAT_2_SP=-20.0
HEAT_3_TEMP=30
HEAT_3_DUTY=0
HEAT_3_SP=-20.0
HEAT_4_TEMP=31
HEAT_4_DUTY=0
HEAT_4_SP=-20.0
TS=1786200871.187
V_SENSE5=0.947265625
V_SENSE9=0.03662109375
V_SENSE12=0.12451171875
ADC_V5=5.0091552734375
ADC_V9=9.2218017578125
ADC_V12=11.93878173828125
ADC_V28=27.4530029296875
THERMAL_SENS_OUT_1=27
THERMAL_SENS_OUT_2=-50
THERMAL_SENS_OUT_3=30
THERMAL_SENS_OUT_4=25
THERMAL_SENS_OUT_5=29
THERMAL_SENS_OUT_6=-50
THERMAL_SENS_INT_1=27
THERMAL_SENS_INT_2=30
PG_5=1
PG_9=0
PG_12=1
FLT_P2=0
FLT_P3=0
HEAT_1_TEMP=27
HEAT_1_DUTY=0
HEAT_1_SP=-20.0
HEAT_2_TEMP=30
HEAT_2_DUTY=0
HEAT_2_SP=-20.0
HEAT_3_TEMP=25
HEAT_3_DUTY=0
HEAT_3_SP=-20.0
HEAT_4_TEMP=29
HEAT_4_DUTY=0
HEAT_4_SP=-20.0
TS=1786200871.688
V_SENSE5=0.9423828125
V_SENSE9=0.03173828125
V_SENSE12=0.1025390625
ADC_V5=4.92950439453125
ADC_V9=9.17755126953125
ADC_V12=11.54052734375
ADC_V28=28.04595947265625
THERMAL_SENS_OUT_1=31
THERMAL_SENS_OUT_2=-50
THERMAL_SENS_OUT_3=28
THERMAL_SENS_OUT_4=30
THERMAL_SENS_OUT_5=32
THERMAL_SENS_OUT_6=-50
THERMAL_SENS_INT_1=29
THERMAL_SENS_INT_2=27
PG_5=1
PG_9=0
PG_12=1
FLT_P2=0
FLT_P3=0
HEAT_1_TEMP=31
HEAT_1_DUTY=0
HEAT_1_SP=-20.0
HEAT_2_TEMP=28
HEAT_2_DUTY=0
HEAT_2_SP=-20.0
HEAT_3_TEMP=30
HEAT_3_DUTY=0
HEAT_3_SP=-20.0
HEAT_4_TEMP=32
HEAT_4_DUTY=0
HEAT_4_SP=-20.0
TS=1786200872.195
V_SENSE5=1.14990234375
V_SENSE9=0.0390625
V_SENSE12=0.11474609375
ADC_V5=4.920654296875
ADC_V9=8.87664794921875
ADC_V12=11.4874267578125
ADC_V28=27.82470703125
THERMAL_SENS_OUT_1=32
THERMAL_SENS_OUT_2=-50
THERMAL_SENS_OUT_3=24
THERMAL_SENS_OUT_4=26
THERMAL_SENS_OUT_5=30
THERMAL_SENS_OUT_6=-50
THERMAL_SENS_INT_1=25
THERMAL_SENS_INT_2=31
PG_5=1
PG_9=0
PG_12=1
FLT_P2=0
FLT_P3=0
HEAT_1_TEMP=32
HEAT_1_DUTY=0
HEAT_1_SP=-20.0
HEAT_2_TEMP=24
HEAT_2_DUTY=0
HEAT_2_SP=-20.0
HEAT_3_TEMP=26
HEAT_3_DUTY=0
HEAT_3_SP=-20.0
HEAT_4_TEMP=30
HEAT_4_DUTY=0
HEAT_4_SP=-20.0
TS=1786200872.691
V_SENSE5=1.29150390625
V_SENSE9=0.03662109375
V_SENSE12=0.1123046875
ADC_V5=4.991455078125
ADC_V9=8.9385986328125
ADC_V12=11.8768310546875
ADC_V28=27.5946044921875
THERMAL_SENS_OUT_1=27
THERMAL_SENS_OUT_2=-50
THERMAL_SENS_OUT_3=30
THERMAL_SENS_OUT_4=27
THERMAL_SENS_OUT_5=35
THERMAL_SENS_OUT_6=-50
THERMAL_SENS_INT_1=29
THERMAL_SENS_INT_2=26
PG_5=1
PG_9=0
PG_12=1
FLT_P2=0
FLT_P3=0
HEAT_1_TEMP=27
HEAT_1_DUTY=0
HEAT_1_SP=-20.0
HEAT_2_TEMP=30
HEAT_2_DUTY=0
HEAT_2_SP=-20.0
HEAT_3_TEMP=27
HEAT_3_DUTY=0
HEAT_3_SP=-20.0
HEAT_4_TEMP=35
HEAT_4_DUTY=0
HEAT_4_SP=-20.0
TS=1786200873.192
V_SENSE5=1.1328125
V_SENSE9=0.03662109375
V_SENSE12=0.09765625
ADC_V5=4.88525390625
ADC_V9=9.14215087890625
ADC_V12=11.68212890625
ADC_V28=28.20526123046875
THERMAL_SENS_OUT_1=29
THERMAL_SENS_OUT_2=-50
THERMAL_SENS_OUT_3=26
THERMAL_SENS_OUT_4=30
THERMAL_SENS_OUT_5=31
THERMAL_SENS_OUT_6=-50
THERMAL_SENS_INT_1=26
THERMAL_SENS_INT_2=28
PG_5=1
PG_9=0
PG_12=1
FLT_P2=0
FLT_P3=0
HEAT_1_TEMP=29
HEAT_1_DUTY=0
HEAT_1_SP=-20.0
HEAT_2_TEMP=26
HEAT_2_DUTY=0
HEAT_2_SP=-20.0
HEAT_3_TEMP=30
HEAT_3_DUTY=0
HEAT_3_SP=-20.0
HEAT_4_TEMP=31
HEAT_4_DUTY=0
HEAT_4_SP=-20.0

[21:39:35.619 EBOX]
TS=1786200873.698
V_SENSE5=1.1279296875
V_SENSE9=0.0390625
V_SENSE12=0.13671875
ADC_V5=4.94720458984375
ADC_V9=8.78814697265625
ADC_V12=11.8768310546875
ADC_V28=27.46185302734375
THERMAL_SENS_OUT_1=26
THERMAL_SENS_OUT_2=-50
THERMAL_SENS_OUT_3=25
THERMAL_SENS_OUT_4=30
THERMAL_SENS_OUT_5=32
THERMAL_SENS_OUT_6=-50
THERMAL_SENS_INT_1=29
THERMAL_SENS_INT_2=27
PG_5=1
PG_9=0
PG_12=1
FLT_P2=0
FLT_P3=0
HEAT_1_TEMP=26
HEAT_1_DUTY=0
HEAT_1_SP=-20.0
HEAT_2_TEMP=25
HEAT_2_DUTY=0
HEAT_2_SP=-20.0
HEAT_3_TEMP=30
HEAT_3_DUTY=0
HEAT_3_SP=-20.0
HEAT_4_TEMP=32
HEAT_4_DUTY=0
HEAT_4_SP=-20.0
TS=1786200874.198
V_SENSE5=1.3427734375
V_SENSE9=0.05126953125
V_SENSE12=0.1025390625
ADC_V5=4.849853515625
ADC_V9=9.31915283203125
ADC_V12=11.53167724609375
ADC_V28=27.95745849609375
THERMAL_SENS_OUT_1=28
THERMAL_SENS_OUT_2=-50
THERMAL_SENS_OUT_3=25
THERMAL_SENS_OUT_4=29
THERMAL_SENS_OUT_5=29
THERMAL_SENS_OUT_6=-50
THERMAL_SENS_INT_1=28
THERMAL_SENS_INT_2=25
PG_5=1
PG_9=0
PG_12=1
FLT_P2=0
FLT_P3=0
HEAT_1_TEMP=28
HEAT_1_DUTY=0
HEAT_1_SP=-20.0
HEAT_2_TEMP=25
HEAT_2_DUTY=0
HEAT_2_SP=-20.0
HEAT_3_TEMP=29
HEAT_3_DUTY=0
HEAT_3_SP=-20.0
HEAT_4_TEMP=29
HEAT_4_DUTY=0
HEAT_4_SP=-20.0
TS=1786200874.701
V_SENSE5=1.18896484375
V_SENSE9=0.0390625
V_SENSE12=0.107421875
ADC_V5=4.84100341796875
ADC_V9=9.345703125
ADC_V12=11.60247802734375
ADC_V28=27.92205810546875
THERMAL_SENS_OUT_1=28
THERMAL_SENS_OUT_2=-50
THERMAL_SENS_OUT_3=26
THERMAL_SENS_OUT_4=30
THERMAL_SENS_OUT_5=30

[21:39:35.731 EBOX]
THERMAL_SENS_OUT_6=-50
THERMAL_SENS_INT_1=28
THERMAL_SENS_INT_2=30
PG_5=1
PG_9=0
PG_12=1
FLT_P2=0
FLT_P3=0
HEAT_1_TEMP=28
HEAT_1_DUTY=0
HEAT_1_SP=-20.0
HEAT_2_TEMP=26
HEAT_2_DUTY=0
HEAT_2_SP=-20.0
HEAT_3_TEMP=30
HEAT_3_DUTY=0
HEAT_3_SP=-20.0
HEAT_4_TEMP=30
HEAT_4_DUTY=0
HEAT_4_SP=-20.0

[21:39:36.154 EBOX]
TS=1786200875.204
V_SENSE5=1.11083984375
V_SENSE9=0.0390625
V_SENSE12=0.09765625
ADC_V5=4.85870361328125
ADC_V9=9.38995361328125
ADC_V12=11.8414306640625
ADC_V28=27.7362060546875
THERMAL_SENS_OUT_1=31
THERMAL_SENS_OUT_2=-50
THERMAL_SENS_OUT_3=30
THERMAL_SENS_OUT_4=25
THERMAL_SENS_OUT_5=33
THERMAL_SENS_OUT_6=-50
THERMAL_SENS_INT_1=30
THERMAL_SENS_INT_2=30
PG_5=1
PG_9=0
PG_12=1
FLT_P2=0
FLT_P3=0
HEAT_1_TEMP=31
HEAT_1_DUTY=0
HEAT_1_SP=-20.0
HEAT_2_TEMP=30
HEAT_2_DUTY=0
HEAT_2_SP=-20.0
HEAT_3_TEMP=25
HEAT_3_DUTY=0
HEAT_3_SP=-20.0
HEAT_4_TEMP=33
HEAT_4_DUTY=0
HEAT_4_SP=-20.0

[21:39:36.261 CUBESAT]
TS=1786202642.388
PG_5=1
PG_9=0
PG_12=0
FLT_P2=0
FLT_P3=0
HEAT_1_TEMP=0.0
HEAT_1_DUTY=0
HEAT_1_SP=-20.0
ENC_RAW=15961
ENC_ANGLE=350.70556640625
ENC_ACCUM=125.33203125
AUTO_STOP=1
MOTOR_ANGLE=0.004563953488372094
MOTOR_ACCUM=115.6440988372093
MOTOR_ROT=221

[21:39:36.471 EBOX]
TS=1786200875.705
V_SENSE5=1.14013671875
V_SENSE9=0.0390625
V_SENSE12=0.107421875
ADC_V5=4.9560546875
ADC_V9=9.168701171875
ADC_V12=11.82373046875
ADC_V28=27.17864990234375
THERMAL_SENS_OUT_1=28
THERMAL_SENS_OUT_2=-50
THERMAL_SENS_OUT_3=27
THERMAL_SENS_OUT_4=31
THERMAL_SENS_OUT_5=29
THERMAL_SENS_OUT_6=-50
THERMAL_SENS_INT_1=26
THERMAL_SENS_INT_2=31
PG_5=1
PG_9=0
PG_12=1
FLT_P2=0
FLT_P3=0
HEAT_1_TEMP=28
HEAT_1_DUTY=0
HEAT_1_SP=-20.0
HEAT_2_TEMP=27
HEAT_2_DUTY=0
HEAT_2_SP=-20.0
HEAT_3_TEMP=31
HEAT_3_DUTY=0
HEAT_3_SP=-20.0
HEAT_4_TEMP=29
HEAT_4_DUTY=0
HEAT_4_SP=-20.0

[21:39:36.575 CUBESAT]
TS=1786202644.391
PG_5=1
PG_9=0
PG_12=0
FLT_P2=0
FLT_P3=0
HEAT_1_TEMP=0.0
HEAT_1_DUTY=10
HEAT_1_SP=-20.0
ENC_RAW=209
ENC_ANGLE=4.59228515625
ENC_ACCUM=139.21875
AUTO_STOP=1
MOTOR_ANGLE=0.0
MOTOR_ACCUM=128.72093023255815
MOTOR_ROT=246

[21:39:36.787 EBOX]
TS=1786200876.207
V_SENSE5=1.2109375
V_SENSE9=0.03662109375
V_SENSE12=0.13427734375
ADC_V5=4.8321533203125
ADC_V9=9.14215087890625
ADC_V12=11.646728515625
ADC_V28=27.70965576171875
THERMAL_SENS_OUT_1=30
THERMAL_SENS_OUT_2=-50
THERMAL_SENS_OUT_3=26
THERMAL_SENS_OUT_4=27
THERMAL_SENS_OUT_5=32
THERMAL_SENS_OUT_6=-50
THERMAL_SENS_INT_1=25
THERMAL_SENS_INT_2=29
PG_5=1
PG_9=0
PG_12=1
FLT_P2=0
FLT_P3=0
HEAT_1_TEMP=30
HEAT_1_DUTY=0
HEAT_1_SP=-20.0
HEAT_2_TEMP=26
HEAT_2_DUTY=0
HEAT_2_SP=-20.0
HEAT_3_TEMP=27
HEAT_3_DUTY=0
HEAT_3_SP=-20.0
HEAT_4_TEMP=32
HEAT_4_DUTY=0
HEAT_4_SP=-20.0

[21:39:36.998 EBOX]
TS=1786200876.717
V_SENSE5=1.220703125
V_SENSE9=0.0390625
V_SENSE12=0.1220703125
ADC_V5=4.920654296875
ADC_V9=9.12445068359375
ADC_V12=11.717529296875
ADC_V28=28.22296142578125
THERMAL_SENS_OUT_1=27
THERMAL_SENS_OUT_2=-50
THERMAL_SENS_OUT_3=26
THERMAL_SENS_OUT_4=27
THERMAL_SENS_OUT_5=36
THERMAL_SENS_OUT_6=-50
THERMAL_SENS_INT_1=24
THERMAL_SENS_INT_2=31
PG_5=1
PG_9=0
PG_12=1
FLT_P2=0
FLT_P3=0
HEAT_1_TEMP=27
HEAT_1_DUTY=0
HEAT_1_SP=-20.0
HEAT_2_TEMP=26
HEAT_2_DUTY=0
HEAT_2_SP=-20.0
HEAT_3_TEMP=27
HEAT_3_DUTY=0
HEAT_3_SP=-20.0
HEAT_4_TEMP=36
HEAT_4_DUTY=0
HEAT_4_SP=-20.0

[21:39:37.516 EBOX]
TS=1786200877.209
V_SENSE5=1.22802734375
V_SENSE9=0.0341796875
V_SENSE12=0.0927734375
ADC_V5=4.85870361328125
ADC_V9=9.2218017578125
ADC_V12=11.82373046875
ADC_V28=27.24945068359375
THERMAL_SENS_OUT_1=26
THERMAL_SENS_OUT_2=-50
THERMAL_SENS_OUT_3=28
THERMAL_SENS_OUT_4=30
THERMAL_SENS_OUT_5=30
THERMAL_SENS_OUT_6=-50
THERMAL_SENS_INT_1=30
THERMAL_SENS_INT_2=28
PG_5=1
PG_9=0
PG_12=1
FLT_P2=0
FLT_P3=0
HEAT_1_TEMP=26
HEAT_1_DUTY=0
HEAT_1_SP=-20.0
HEAT_2_TEMP=28
HEAT_2_DUTY=0
HEAT_2_SP=-20.0
HEAT_3_TEMP=30
HEAT_3_DUTY=0
HEAT_3_SP=-20.0
HEAT_4_TEMP=30
HEAT_4_DUTY=0
HEAT_4_SP=-20.0

[21:39:38.038 EBOX]
TS=1786200877.711
V_SENSE5=1.16943359375
V_SENSE9=0.0390625
V_SENSE12=0.09765625
ADC_V5=4.98260498046875
ADC_V9=9.1864013671875
ADC_V12=11.85028076171875
ADC_V28=28.08135986328125
THERMAL_SENS_OUT_1=28
THERMAL_SENS_OUT_2=-50
THERMAL_SENS_OUT_3=26
THERMAL_SENS_OUT_4=29
THERMAL_SENS_OUT_5=33
THERMAL_SENS_OUT_6=-50
THERMAL_SENS_INT_1=24
THERMAL_SENS_INT_2=27
PG_5=1
PG_9=0
PG_12=1
FLT_P2=0
FLT_P3=0
HEAT_1_TEMP=28
HEAT_1_DUTY=0
HEAT_1_SP=-20.0
HEAT_2_TEMP=26
HEAT_2_DUTY=0
HEAT_2_SP=-20.0
HEAT_3_TEMP=29
HEAT_3_DUTY=0
HEAT_3_SP=-20.0
HEAT_4_TEMP=33
HEAT_4_DUTY=0
HEAT_4_SP=-20.0

[21:39:38.042 CUBESAT]
TS=1786202646.391
PG_5=1
PG_9=0
PG_12=0
FLT_P2=0
FLT_P3=0
HEAT_1_TEMP=0.0
HEAT_1_DUTY=0
HEAT_1_SP=-20.0
ENC_RAW=865
ENC_ANGLE=19.00634765625
ENC_ACCUM=153.6328125
AUTO_STOP=1
MOTOR_ANGLE=0.004563953488372094
MOTOR_ACCUM=141.28363372093023
MOTOR_ROT=270

[21:39:38.555 EBOX]
TS=1786200878.215
V_SENSE5=1.14501953125
V_SENSE9=0.0390625
V_SENSE12=0.1025390625
ADC_V5=4.9383544921875
ADC_V9=8.9031982421875
ADC_V12=11.8768310546875
ADC_V28=27.39990234375
THERMAL_SENS_OUT_1=27
THERMAL_SENS_OUT_2=-50
THERMAL_SENS_OUT_3=28
THERMAL_SENS_OUT_4=27
THERMAL_SENS_OUT_5=29
THERMAL_SENS_OUT_6=-50
THERMAL_SENS_INT_1=29
THERMAL_SENS_INT_2=27
PG_5=1
PG_9=0
PG_12=1
FLT_P2=0
FLT_P3=0
HEAT_1_TEMP=27
HEAT_1_DUTY=0
HEAT_1_SP=-20.0
HEAT_2_TEMP=28
HEAT_2_DUTY=0
HEAT_2_SP=-20.0
HEAT_3_TEMP=27
HEAT_3_DUTY=0
HEAT_3_SP=-20.0
HEAT_4_TEMP=29
HEAT_4_DUTY=0
HEAT_4_SP=-20.0

[21:39:40.182 CUBESAT]
TS=1786202648.394
PG_5=1
PG_9=0
PG_12=0
FLT_P2=0
FLT_P3=0
HEAT_1_TEMP=0.0
HEAT_1_DUTY=0
HEAT_1_SP=-20.0
ENC_RAW=1506
ENC_ANGLE=33.0908203125
ENC_ACCUM=167.71728515625
AUTO_STOP=1
MOTOR_ANGLE=0.0
MOTOR_ACCUM=154.36046511627907
MOTOR_ROT=295

[21:39:41.214 EBOX]
TS=1786200878.716
V_SENSE5=1.23779296875
V_SENSE9=0.05126953125
V_SENSE12=0.126953125
ADC_V5=5.0091552734375
ADC_V9=8.96514892578125
ADC_V12=11.93878173828125
ADC_V28=27.97515869140625
THERMAL_SENS_OUT_1=31
THERMAL_SENS_OUT_2=-50
THERMAL_SENS_OUT_3=29
THERMAL_SENS_OUT_4=26
THERMAL_SENS_OUT_5=34
THERMAL_SENS_OUT_6=-50
THERMAL_SENS_INT_1=26
THERMAL_SENS_INT_2=31
PG_5=1
PG_9=0
PG_12=1
FLT_P2=0
FLT_P3=0
HEAT_1_TEMP=31
HEAT_1_DUTY=0
HEAT_1_SP=-20.0
HEAT_2_TEMP=29
HEAT_2_DUTY=0
HEAT_2_SP=-20.0
HEAT_3_TEMP=26
HEAT_3_DUTY=0
HEAT_3_SP=-20.0
HEAT_4_TEMP=34
HEAT_4_DUTY=0
HEAT_4_SP=-20.0
TS=1786200879.226
V_SENSE5=0.9375
V_SENSE9=0.0341796875
V_SENSE12=0.107421875
ADC_V5=4.849853515625
ADC_V9=9.08905029296875
ADC_V12=11.85028076171875
ADC_V28=27.93975830078125
THERMAL_SENS_OUT_1=28
THERMAL_SENS_OUT_2=-50
THERMAL_SENS_OUT_3=26
THERMAL_SENS_OUT_4=30
THERMAL_SENS_OUT_5=29
THERMAL_SENS_OUT_6=-50
THERMAL_SENS_INT_1=28
THERMAL_SENS_INT_2=27
PG_5=1
PG_9=0
PG_12=1
FLT_P2=0
FLT_P3=0
HEAT_1_TEMP=28
HEAT_1_DUTY=0
HEAT_1_SP=-20.0
HEAT_2_TEMP=26
HEAT_2_DUTY=0
HEAT_2_SP=-20.0
HEAT_3_TEMP=30
HEAT_3_DUTY=0
HEAT_3_SP=-20.0
HEAT_4_TEMP=29
HEAT_4_DUTY=0
HEAT_4_SP=-20.0

[21:39:41.958 EBOX]
TS=1786200879.728
V_SENSE5=0.869140625
V_SENSE9=0.0341796875
V_SENSE12=0.107421875
ADC_V5=4.9383544921875
ADC_V9=9.0093994140625
ADC_V12=11.646728515625
ADC_V28=27.222900390625
THERMAL_SENS_OUT_1=27
THERMAL_SENS_OUT_2=-50
THERMAL_SENS_OUT_3=26
THERMAL_SENS_OUT_4=25
THERMAL_SENS_OUT_5=30
THERMAL_SENS_OUT_6=-50
THERMAL_SENS_INT_1=28
THERMAL_SENS_INT_2=31
PG_5=1
PG_9=0
PG_12=1
FLT_P2=0
FLT_P3=0
HEAT_1_TEMP=27
HEAT_1_DUTY=0
HEAT_1_SP=-20.0
HEAT_2_TEMP=26
HEAT_2_DUTY=0
HEAT_2_SP=-20.0
HEAT_3_TEMP=25
HEAT_3_DUTY=0
HEAT_3_SP=-20.0
HEAT_4_TEMP=30
HEAT_4_DUTY=0
HEAT_4_SP=-20.0
TS=1786200880.224
V_SENSE5=0.99365234375
V_SENSE9=0.03662109375
V_SENSE12=0.09765625
ADC_V5=4.991455078125
ADC_V9=9.33685302734375
ADC_V12=11.5582275390625
ADC_V28=27.4884033203125
THERMAL_SENS_OUT_1=29
THERMAL_SENS_OUT_2=-50
THERMAL_SENS_OUT_3=26
THERMAL_SENS_OUT_4=32
THERMAL_SENS_OUT_5=35
THERMAL_SENS_OUT_6=-50
THERMAL_SENS_INT_1=24
THERMAL_SENS_INT_2=28
PG_5=1
PG_9=0
PG_12=1
FLT_P2=0
FLT_P3=0
HEAT_1_TEMP=29
HEAT_1_DUTY=0
HEAT_1_SP=-20.0
HEAT_2_TEMP=26
HEAT_2_DUTY=0
HEAT_2_SP=-20.0
HEAT_3_TEMP=32
HEAT_3_DUTY=0
HEAT_3_SP=-20.0
HEAT_4_TEMP=35
HEAT_4_DUTY=0
HEAT_4_SP=-20.0
TS=1786200880.725
V_SENSE5=0.91552734375
V_SENSE9=0.04150390625
V_SENSE12=0.15380859375
ADC_V5=5.07110595703125
ADC_V9=9.4696044921875
ADC_V12=11.85028076171875
ADC_V28=27.4530029296875
THERMAL_SENS_OUT_1=32
THERMAL_SENS_OUT_2=-50
THERMAL_SENS_OUT_3=25
THERMAL_SENS_OUT_4=29
THERMAL_SENS_OUT_5=31
THERMAL_SENS_OUT_6=-50
THERMAL_SENS_INT_1=26
THERMAL_SENS_INT_2=31
PG_5=1
PG_9=0
PG_12=1
FLT_P2=0
FLT_P3=0
HEAT_1_TEMP=32
HEAT_1_DUTY=0
HEAT_1_SP=-20.0
HEAT_2_TEMP=25
HEAT_2_DUTY=0
HEAT_2_SP=-20.0
HEAT_3_TEMP=29
HEAT_3_DUTY=0
HEAT_3_SP=-20.0
HEAT_4_TEMP=31
HEAT_4_DUTY=0
HEAT_4_SP=-20.0

[21:39:42.269 CUBESAT]
TS=1786202650.395
PG_5=1
PG_9=0
PG_12=0
FLT_P2=0
FLT_P3=0
HEAT_1_TEMP=0.0
HEAT_1_DUTY=0
HEAT_1_SP=-20.0
ENC_RAW=2150
ENC_ANGLE=47.2412109375
ENC_ACCUM=181.86767578125
AUTO_STOP=1
MOTOR_ANGLE=0.004563953488372094
MOTOR_ACCUM=166.92316860465115
MOTOR_ROT=319

[21:39:44.740 EBOX]
TS=1786200881.227
V_SENSE5=1.12548828125
V_SENSE9=0.0390625
V_SENSE12=0.10009765625
ADC_V5=5.05340576171875
ADC_V9=9.55810546875
ADC_V12=11.85028076171875
ADC_V28=28.143310546875
THERMAL_SENS_OUT_1=29
THERMAL_SENS_OUT_2=-50
THERMAL_SENS_OUT_3=25
THERMAL_SENS_OUT_4=27
THERMAL_SENS_OUT_5=30
THERMAL_SENS_OUT_6=-50
THERMAL_SENS_INT_1=28
THERMAL_SENS_INT_2=29
PG_5=1
PG_9=0
PG_12=1
FLT_P2=0
FLT_P3=0
HEAT_1_TEMP=29
HEAT_1_DUTY=0
HEAT_1_SP=-20.0
HEAT_2_TEMP=25
HEAT_2_DUTY=0
HEAT_2_SP=-20.0
HEAT_3_TEMP=27
HEAT_3_DUTY=0
HEAT_3_SP=-20.0
HEAT_4_TEMP=30
HEAT_4_DUTY=0
HEAT_4_SP=-20.0
TS=1786200881.728
V_SENSE5=1.35498046875
V_SENSE9=0.0390625
V_SENSE12=0.11474609375
ADC_V5=4.98260498046875
ADC_V9=9.2926025390625
ADC_V12=11.83258056640625
ADC_V28=27.2760009765625
THERMAL_SENS_OUT_1=28
THERMAL_SENS_OUT_2=-50
THERMAL_SENS_OUT_3=25
THERMAL_SENS_OUT_4=27
THERMAL_SENS_OUT_5=33
THERMAL_SENS_OUT_6=-50
THERMAL_SENS_INT_1=28
THERMAL_SENS_INT_2=26
PG_5=1
PG_9=0
PG_12=1
FLT_P2=0
FLT_P3=0
HEAT_1_TEMP=28
HEAT_1_DUTY=0
HEAT_1_SP=-20.0
HEAT_2_TEMP=25
HEAT_2_DUTY=0
HEAT_2_SP=-20.0
HEAT_3_TEMP=27
HEAT_3_DUTY=0
HEAT_3_SP=-20.0
HEAT_4_TEMP=33
HEAT_4_DUTY=0
HEAT_4_SP=-20.0
TS=1786200882.237
V_SENSE5=1.083984375
V_SENSE9=0.0390625
V_SENSE12=0.1318359375
ADC_V5=5.15960693359375
ADC_V9=9.19525146484375
ADC_V12=11.88568115234375
ADC_V28=27.1697998046875
THERMAL_SENS_OUT_1=29
THERMAL_SENS_OUT_2=-50
THERMAL_SENS_OUT_3=31
THERMAL_SENS_OUT_4=27
THERMAL_SENS_OUT_5=35
THERMAL_SENS_OUT_6=-50
THERMAL_SENS_INT_1=25
THERMAL_SENS_INT_2=26
PG_5=1
PG_9=0
PG_12=1
FLT_P2=0
FLT_P3=0
HEAT_1_TEMP=29
HEAT_1_DUTY=0
HEAT_1_SP=-20.0
HEAT_2_TEMP=31
HEAT_2_DUTY=0
HEAT_2_SP=-20.0
HEAT_3_TEMP=27
HEAT_3_DUTY=0
HEAT_3_SP=-20.0
HEAT_4_TEMP=35
HEAT_4_DUTY=0
HEAT_4_SP=-20.0

[21:39:45.476 EBOX]
TS=1786200882.731
V_SENSE5=1.181640625
V_SENSE9=0.0390625
V_SENSE12=0.10009765625
ADC_V5=4.82330322265625
ADC_V9=9.35455322265625
ADC_V12=11.86798095703125
ADC_V28=27.39990234375
THERMAL_SENS_OUT_1=27
THERMAL_SENS_OUT_2=-50
THERMAL_SENS_OUT_3=26
THERMAL_SENS_OUT_4=31
THERMAL_SENS_OUT_5=31
THERMAL_SENS_OUT_6=-50
THERMAL_SENS_INT_1=25
THERMAL_SENS_INT_2=27
PG_5=1
PG_9=0
PG_12=1
FLT_P2=0
FLT_P3=0
HEAT_1_TEMP=27
HEAT_1_DUTY=0
HEAT_1_SP=-20.0
HEAT_2_TEMP=26
HEAT_2_DUTY=0
HEAT_2_SP=-20.0
HEAT_3_TEMP=31
HEAT_3_DUTY=0
HEAT_3_SP=-20.0
HEAT_4_TEMP=31
HEAT_4_DUTY=0
HEAT_4_SP=-20.0
TS=1786200883.233
V_SENSE5=1.396484375
V_SENSE9=0.0390625
V_SENSE12=0.0927734375
ADC_V5=5.00030517578125
ADC_V9=9.27490234375
ADC_V12=11.76177978515625
ADC_V28=27.9132080078125
THERMAL_SENS_OUT_1=29
THERMAL_SENS_OUT_2=-50
THERMAL_SENS_OUT_3=27
THERMAL_SENS_OUT_4=28
THERMAL_SENS_OUT_5=30
THERMAL_SENS_OUT_6=-50
THERMAL_SENS_INT_1=26
THERMAL_SENS_INT_2=31
PG_5=1
PG_9=0
PG_12=1
FLT_P2=0
FLT_P3=0
HEAT_1_TEMP=29
HEAT_1_DUTY=0
HEAT_1_SP=-20.0
HEAT_2_TEMP=27
HEAT_2_DUTY=0
HEAT_2_SP=-20.0
HEAT_3_TEMP=28
HEAT_3_DUTY=0
HEAT_3_SP=-20.0
HEAT_4_TEMP=30
HEAT_4_DUTY=0
HEAT_4_SP=-20.0
TS=1786200883.734
V_SENSE5=1.142578125
V_SENSE9=0.03662109375
V_SENSE12=0.12451171875
ADC_V5=5.00030517578125
ADC_V9=9.35455322265625
ADC_V12=11.60247802734375
ADC_V28=27.9486083984375
THERMAL_SENS_OUT_1=28
THERMAL_SENS_OUT_2=-50
THERMAL_SENS_OUT_3=26
THERMAL_SENS_OUT_4=27
THERMAL_SENS_OUT_5=33

[21:39:45.615 EBOX]
THERMAL_SENS_OUT_6=-50
THERMAL_SENS_INT_1=27
THERMAL_SENS_INT_2=27
PG_5=1
PG_9=0
PG_12=1
FLT_P2=0
FLT_P3=0
HEAT_1_TEMP=28
HEAT_1_DUTY=0
HEAT_1_SP=-20.0
HEAT_2_TEMP=26
HEAT_2_DUTY=0
HEAT_2_SP=-20.0
HEAT_3_TEMP=27
HEAT_3_DUTY=0
HEAT_3_SP=-20.0
HEAT_4_TEMP=33
HEAT_4_DUTY=0
HEAT_4_SP=-20.0
TS=1786200884.235
V_SENSE5=1.1669921875
V_SENSE9=0.0390625
V_SENSE12=0.10009765625
ADC_V5=4.9560546875
ADC_V9=9.27490234375
ADC_V12=11.65557861328125
ADC_V28=27.35565185546875
THERMAL_SENS_OUT_1=25
THERMAL_SENS_OUT_2=-50
THERMAL_SENS_OUT_3=27
THERMAL_SENS_OUT_4=30
THERMAL_SENS_OUT_5=30
THERMAL_SENS_OUT_6=-50
THERMAL_SENS_INT_1=29
THERMAL_SENS_INT_2=26
PG_5=1
PG_9=0
PG_12=1
FLT_P2=0
FLT_P3=0
HEAT_1_TEMP=25
HEAT_1_DUTY=0
HEAT_1_SP=-20.0
HEAT_2_TEMP=27
HEAT_2_DUTY=0
HEAT_2_SP=-20.0
HEAT_3_TEMP=30
HEAT_3_DUTY=0
HEAT_3_SP=-20.0
HEAT_4_TEMP=30
HEAT_4_DUTY=0
HEAT_4_SP=-20.0

[21:39:46.257 EBOX]
TS=1786200884.746
V_SENSE5=1.142578125
V_SENSE9=0.03662109375
V_SENSE12=0.09765625
ADC_V5=4.9560546875
ADC_V9=8.92974853515625
ADC_V12=11.89453125
ADC_V28=27.7008056640625
THERMAL_SENS_OUT_1=28
THERMAL_SENS_OUT_2=-50
THERMAL_SENS_OUT_3=27
THERMAL_SENS_OUT_4=30
THERMAL_SENS_OUT_5=29
THERMAL_SENS_OUT_6=-50
THERMAL_SENS_INT_1=24
THERMAL_SENS_INT_2=28
PG_5=1
PG_9=0
PG_12=1
FLT_P2=0
FLT_P3=0
HEAT_1_TEMP=28
HEAT_1_DUTY=0
HEAT_1_SP=-20.0
HEAT_2_TEMP=27
HEAT_2_DUTY=0
HEAT_2_SP=-20.0
HEAT_3_TEMP=30
HEAT_3_DUTY=0
HEAT_3_SP=-20.0
HEAT_4_TEMP=29
HEAT_4_DUTY=0
HEAT_4_SP=-20.0

[21:39:46.885 EBOX]
TS=1786200885.241
V_SENSE5=1.22802734375
V_SENSE9=0.0390625
V_SENSE12=0.12451171875
ADC_V5=4.91180419921875
ADC_V9=9.097900390625
ADC_V12=11.89453125
ADC_V28=27.81585693359375
THERMAL_SENS_OUT_1=29
THERMAL_SENS_OUT_2=-50
THERMAL_SENS_OUT_3=29
THERMAL_SENS_OUT_4=27
THERMAL_SENS_OUT_5=29
THERMAL_SENS_OUT_6=-50
THERMAL_SENS_INT_1=28
THERMAL_SENS_INT_2=32
PG_5=1
PG_9=0
PG_12=1
FLT_P2=0
FLT_P3=0
HEAT_1_TEMP=29
HEAT_1_DUTY=0
HEAT_1_SP=-20.0
HEAT_2_TEMP=29
HEAT_2_DUTY=0
HEAT_2_SP=-20.0
HEAT_3_TEMP=27
HEAT_3_DUTY=0
HEAT_3_SP=-20.0
HEAT_4_TEMP=29
HEAT_4_DUTY=0
HEAT_4_SP=-20.0
TS=1786200885.741
V_SENSE5=1.103515625
V_SENSE9=0.0341796875
V_SENSE12=0.107421875
ADC_V5=4.849853515625
ADC_V9=9.05364990234375
ADC_V12=11.88568115234375
ADC_V28=27.53265380859375
THERMAL_SENS_OUT_1=26
THERMAL_SENS_OUT_2=-50
THERMAL_SENS_OUT_3=26
THERMAL_SENS_OUT_4=29
THERMAL_SENS_OUT_5=32
THERMAL_SENS_OUT_6=-50
THERMAL_SENS_INT_1=30
THERMAL_SENS_INT_2=29
PG_5=1
PG_9=0
PG_12=1
FLT_P2=0
FLT_P3=0
HEAT_1_TEMP=26
HEAT_1_DUTY=0
HEAT_1_SP=-20.0
HEAT_2_TEMP=26
HEAT_2_DUTY=0
HEAT_2_SP=-20.0
HEAT_3_TEMP=29
HEAT_3_DUTY=0
HEAT_3_SP=-20.0
HEAT_4_TEMP=32
HEAT_4_DUTY=0
HEAT_4_SP=-20.0

[21:39:46.897 CUBESAT]
TS=1786202652.397
PG_5=1
PG_9=0
PG_12=0
FLT_P2=0
FLT_P3=0
HEAT_1_TEMP=0.0
HEAT_1_DUTY=0
HEAT_1_SP=-20.0
ENC_RAW=2788
ENC_ANGLE=61.259765625
ENC_ACCUM=195.88623046875
AUTO_STOP=1
MOTOR_ANGLE=0.0
MOTOR_ACCUM=180.0
MOTOR_ROT=344

[21:39:47.299 EBOX]
TS=1786200886.243
V_SENSE5=1.52099609375
V_SENSE9=0.0390625
V_SENSE12=0.1025390625
ADC_V5=4.96490478515625
ADC_V9=8.814697265625
ADC_V12=11.79718017578125
ADC_V28=27.70965576171875
THERMAL_SENS_OUT_1=26
THERMAL_SENS_OUT_2=-50
THERMAL_SENS_OUT_3=24
THERMAL_SENS_OUT_4=30
THERMAL_SENS_OUT_5=31
THERMAL_SENS_OUT_6=-50
THERMAL_SENS_INT_1=27
THERMAL_SENS_INT_2=27
PG_5=1
PG_9=0
PG_12=1
FLT_P2=0
FLT_P3=0
HEAT_1_TEMP=26
HEAT_1_DUTY=0
HEAT_1_SP=-20.0
HEAT_2_TEMP=24
HEAT_2_DUTY=0
HEAT_2_SP=-20.0
HEAT_3_TEMP=30
HEAT_3_DUTY=0
HEAT_3_SP=-20.0
HEAT_4_TEMP=31
HEAT_4_DUTY=0
HEAT_4_SP=-20.0

[21:39:47.503 CUBESAT]
TS=1786202654.399
PG_5=1
PG_9=0
PG_12=0
FLT_P2=0
FLT_P3=0
HEAT_1_TEMP=0.0
HEAT_1_DUTY=10
HEAT_1_SP=-20.0
ENC_RAW=3420
ENC_ANGLE=75.146484375
ENC_ACCUM=209.77294921875
AUTO_STOP=1
MOTOR_ANGLE=0.004563953488372094
MOTOR_ACCUM=192.5627034883721
MOTOR_ROT=368

[21:39:48.081 EBOX]
TS=1786200886.744
V_SENSE5=1.19873046875
V_SENSE9=0.0341796875
V_SENSE12=0.09765625
ADC_V5=4.8675537109375
ADC_V9=9.027099609375
ADC_V12=11.60247802734375
ADC_V28=28.02825927734375
THERMAL_SENS_OUT_1=30
THERMAL_SENS_OUT_2=-50
THERMAL_SENS_OUT_3=26
THERMAL_SENS_OUT_4=30
THERMAL_SENS_OUT_5=30
THERMAL_SENS_OUT_6=-50
THERMAL_SENS_INT_1=25
THERMAL_SENS_INT_2=27
PG_5=1
PG_9=0
PG_12=1
FLT_P2=0
FLT_P3=0
HEAT_1_TEMP=30
HEAT_1_DUTY=0
HEAT_1_SP=-20.0
HEAT_2_TEMP=26
HEAT_2_DUTY=0
HEAT_2_SP=-20.0
HEAT_3_TEMP=30
HEAT_3_DUTY=0
HEAT_3_SP=-20.0
HEAT_4_TEMP=30
HEAT_4_DUTY=0
HEAT_4_SP=-20.0

[21:39:48.488 CUBESAT]
TS=1786202656.401
PG_5=1
PG_9=0
PG_12=0
FLT_P2=0
FLT_P3=0
HEAT_1_TEMP=0.0
HEAT_1_DUTY=0
HEAT_1_SP=-20.0
ENC_RAW=4045
ENC_ANGLE=88.87939453125
ENC_ACCUM=223.505859375
AUTO_STOP=1
MOTOR_ANGLE=0.008749999999999999
MOTOR_ACCUM=205.12502906976744
MOTOR_ROT=392

[21:39:48.613 EBOX]
TS=1786200887.245
V_SENSE5=1.09375
V_SENSE9=0.03662109375
V_SENSE12=0.10009765625
ADC_V5=4.9560546875
ADC_V9=8.9385986328125
ADC_V12=11.6290283203125
ADC_V28=27.42645263671875
THERMAL_SENS_OUT_1=26
THERMAL_SENS_OUT_2=-50
THERMAL_SENS_OUT_3=29
THERMAL_SENS_OUT_4=26
THERMAL_SENS_OUT_5=34
THERMAL_SENS_OUT_6=-50
THERMAL_SENS_INT_1=29
THERMAL_SENS_INT_2=26
PG_5=1
PG_9=0
PG_12=1
FLT_P2=0
FLT_P3=0
HEAT_1_TEMP=26
HEAT_1_DUTY=0
HEAT_1_SP=-20.0
HEAT_2_TEMP=29
HEAT_2_DUTY=0
HEAT_2_SP=-20.0
HEAT_3_TEMP=26
HEAT_3_DUTY=0
HEAT_3_SP=-20.0
HEAT_4_TEMP=34
HEAT_4_DUTY=0
HEAT_4_SP=-20.0
TS=1786200887.746
V_SENSE5=1.1669921875
V_SENSE9=0.0341796875
V_SENSE12=0.1171875
ADC_V5=4.87640380859375
ADC_V9=8.98284912109375
ADC_V12=11.6998291015625
ADC_V28=27.96630859375
THERMAL_SENS_OUT_1=26
THERMAL_SENS_OUT_2=-50
THERMAL_SENS_OUT_3=26
THERMAL_SENS_OUT_4=28
THERMAL_SENS_OUT_5=30
THERMAL_SENS_OUT_6=-50
THERMAL_SENS_INT_1=26
THERMAL_SENS_INT_2=28
PG_5=1
PG_9=0
PG_12=1
FLT_P2=0
FLT_P3=0
HEAT_1_TEMP=26
HEAT_1_DUTY=0
HEAT_1_SP=-20.0
HEAT_2_TEMP=26
HEAT_2_DUTY=0
HEAT_2_SP=-20.0
HEAT_3_TEMP=28
HEAT_3_DUTY=0
HEAT_3_SP=-20.0
HEAT_4_TEMP=30
HEAT_4_DUTY=0
HEAT_4_SP=-20.0

[21:39:49.037 EBOX]
TS=1786200888.248
V_SENSE5=1.27197265625
V_SENSE9=0.05615234375
V_SENSE12=0.13427734375
ADC_V5=4.94720458984375
ADC_V9=9.62005615234375
ADC_V12=11.788330078125
ADC_V28=27.7716064453125
THERMAL_SENS_OUT_1=26
THERMAL_SENS_OUT_2=-50
THERMAL_SENS_OUT_3=25
THERMAL_SENS_OUT_4=31
THERMAL_SENS_OUT_5=31
THERMAL_SENS_OUT_6=-50
THERMAL_SENS_INT_1=26
THERMAL_SENS_INT_2=28
PG_5=1
PG_9=0
PG_12=1
FLT_P2=0
FLT_P3=0
HEAT_1_TEMP=26
HEAT_1_DUTY=0
HEAT_1_SP=-20.0
HEAT_2_TEMP=25
HEAT_2_DUTY=0
HEAT_2_SP=-20.0
HEAT_3_TEMP=31
HEAT_3_DUTY=0
HEAT_3_SP=-20.0
HEAT_4_TEMP=31
HEAT_4_DUTY=0
HEAT_4_SP=-20.0

[21:39:51.359 CUBESAT]
TS=1786202658.404
PG_5=1
PG_9=0
PG_12=0
FLT_P2=0
FLT_P3=0
HEAT_1_TEMP=0.0
HEAT_1_DUTY=0
HEAT_1_SP=-20.0
ENC_RAW=4674
ENC_ANGLE=102.7001953125
ENC_ACCUM=237.32666015625
AUTO_STOP=1
MOTOR_ANGLE=0.004186046511627906
MOTOR_ACCUM=218.20186046511628
MOTOR_ROT=417

[21:39:52.448 EBOX]
TS=1786200888.750
V_SENSE5=1.142578125
V_SENSE9=0.03662109375
V_SENSE12=0.10986328125
ADC_V5=4.8675537109375
ADC_V9=9.51385498046875
ADC_V12=11.54937744140625
ADC_V28=27.8424072265625
THERMAL_SENS_OUT_1=31
THERMAL_SENS_OUT_2=-50
THERMAL_SENS_OUT_3=29
THERMAL_SENS_OUT_4=26
THERMAL_SENS_OUT_5=32
THERMAL_SENS_OUT_6=-50
THERMAL_SENS_INT_1=27
THERMAL_SENS_INT_2=31
PG_5=1
PG_9=0
PG_12=1
FLT_P2=0
FLT_P3=0
HEAT_1_TEMP=31
HEAT_1_DUTY=0
HEAT_1_SP=-20.0
HEAT_2_TEMP=29
HEAT_2_DUTY=0
HEAT_2_SP=-20.0
HEAT_3_TEMP=26
HEAT_3_DUTY=0
HEAT_3_SP=-20.0
HEAT_4_TEMP=32
HEAT_4_DUTY=0
HEAT_4_SP=-20.0
TS=1786200889.261
V_SENSE5=1.06689453125
V_SENSE9=0.0341796875
V_SENSE12=0.1025390625
ADC_V5=4.8321533203125
ADC_V9=9.41650390625
ADC_V12=11.575927734375
ADC_V28=28.10791015625
THERMAL_SENS_OUT_1=29
THERMAL_SENS_OUT_2=-50
THERMAL_SENS_OUT_3=25
THERMAL_SENS_OUT_4=29
THERMAL_SENS_OUT_5=31
THERMAL_SENS_OUT_6=-50
THERMAL_SENS_INT_1=27
THERMAL_SENS_INT_2=26
PG_5=1
PG_9=0
PG_12=1
FLT_P2=0
FLT_P3=0
HEAT_1_TEMP=29
HEAT_1_DUTY=0
HEAT_1_SP=-20.0
HEAT_2_TEMP=25
HEAT_2_DUTY=0
HEAT_2_SP=-20.0
HEAT_3_TEMP=29
HEAT_3_DUTY=0
HEAT_3_SP=-20.0
HEAT_4_TEMP=31
HEAT_4_DUTY=0
HEAT_4_SP=-20.0
TS=1786200889.754
V_SENSE5=1.14990234375
V_SENSE9=0.0390625
V_SENSE12=0.1025390625
ADC_V5=4.991455078125
ADC_V9=9.2041015625
ADC_V12=11.83258056640625
ADC_V28=27.26715087890625
THERMAL_SENS_OUT_1=26
THERMAL_SENS_OUT_2=-50
THERMAL_SENS_OUT_3=30
THERMAL_SENS_OUT_4=27
THERMAL_SENS_OUT_5=34
THERMAL_SENS_OUT_6=-50
THERMAL_SENS_INT_1=28
THERMAL_SENS_INT_2=30
PG_5=1
PG_9=0
PG_12=1
FLT_P2=0
FLT_P3=0
HEAT_1_TEMP=26
HEAT_1_DUTY=0
HEAT_1_SP=-20.0
HEAT_2_TEMP=30
HEAT_2_DUTY=0
HEAT_2_SP=-20.0
HEAT_3_TEMP=27
HEAT_3_DUTY=0
HEAT_3_SP=-20.0
HEAT_4_TEMP=34
HEAT_4_DUTY=0
HEAT_4_SP=-20.0

[21:39:52.452 CUBESAT]
TS=1786202660.406
PG_5=1
PG_9=0
PG_12=0
FLT_P2=0
FLT_P3=0
HEAT_1_TEMP=0.0
HEAT_1_DUTY=10
HEAT_1_SP=-20.0
ENC_RAW=5319
ENC_ANGLE=116.87255859375
ENC_ACCUM=251.4990234375
AUTO_STOP=1
MOTOR_ANGLE=0.008749999999999999
MOTOR_ACCUM=230.76456395348836
MOTOR_ROT=441

[21:39:52.792 EBOX]
TS=1786200890.257
V_SENSE5=1.36962890625
V_SENSE9=0.0341796875
V_SENSE12=0.107421875
ADC_V5=4.9383544921875
ADC_V9=9.31915283203125
ADC_V12=11.611328125
ADC_V28=27.76275634765625
THERMAL_SENS_OUT_1=29
THERMAL_SENS_OUT_2=-50
THERMAL_SENS_OUT_3=27
THERMAL_SENS_OUT_4=31
THERMAL_SENS_OUT_5=31
THERMAL_SENS_OUT_6=-50
THERMAL_SENS_INT_1=26
THERMAL_SENS_INT_2=31
PG_5=1
PG_9=0
PG_12=1
FLT_P2=0
FLT_P3=0
HEAT_1_TEMP=29
HEAT_1_DUTY=0
HEAT_1_SP=-20.0
HEAT_2_TEMP=27
HEAT_2_DUTY=0
HEAT_2_SP=-20.0
HEAT_3_TEMP=31
HEAT_3_DUTY=0
HEAT_3_SP=-20.0
HEAT_4_TEMP=31
HEAT_4_DUTY=0
HEAT_4_SP=-20.0
TS=1786200890.761
V_SENSE5=1.14990234375
V_SENSE9=0.0341796875
V_SENSE12=0.09765625
ADC_V5=4.991455078125
ADC_V9=9.13330078125
ADC_V12=11.9122314453125
ADC_V28=27.6654052734375
THERMAL_SENS_OUT_1=31
THERMAL_SENS_OUT_2=-50
THERMAL_SENS_OUT_3=26
THERMAL_SENS_OUT_4=31
THERMAL_SENS_OUT_5=32
THERMAL_SENS_OUT_6=-50
THERMAL_SENS_INT_1=30
THERMAL_SENS_INT_2=28
PG_5=1
PG_9=0
PG_12=1
FLT_P2=0
FLT_P3=0
HEAT_1_TEMP=31
HEAT_1_DUTY=0
HEAT_1_SP=-20.0
HEAT_2_TEMP=26
HEAT_2_DUTY=0
HEAT_2_SP=-20.0
HEAT_3_TEMP=31
HEAT_3_DUTY=0
HEAT_3_SP=-20.0
HEAT_4_TEMP=32
HEAT_4_DUTY=0
HEAT_4_SP=-20.0
TS=1786200891.263
V_SENSE5=1.12548828125
V_SENSE9=0.0390625
V_SENSE12=0.1220703125
ADC_V5=4.9560546875
ADC_V9=9.00054931640625
ADC_V12=11.92108154296875
ADC_V28=27.97515869140625
THERMAL_SENS_OUT_1=32
THERMAL_SENS_OUT_2=-50
THERMAL_SENS_OUT_3=29
THERMAL_SENS_OUT_4=26
THERMAL_SENS_OUT_5=34

[21:39:52.923 EBOX]
THERMAL_SENS_OUT_6=-50
THERMAL_SENS_INT_1=29
THERMAL_SENS_INT_2=27
PG_5=1
PG_9=0
PG_12=1
FLT_P2=0
FLT_P3=0
HEAT_1_TEMP=32
HEAT_1_DUTY=0
HEAT_1_SP=-20.0
HEAT_2_TEMP=29
HEAT_2_DUTY=0
HEAT_2_SP=-20.0
HEAT_3_TEMP=26
HEAT_3_DUTY=0
HEAT_3_SP=-20.0
HEAT_4_TEMP=34
HEAT_4_DUTY=0
HEAT_4_SP=-20.0
TS=1786200891.773
V_SENSE5=1.3818359375
V_SENSE9=0.0341796875
V_SENSE12=0.15380859375
ADC_V5=4.92950439453125
ADC_V9=8.9385986328125
ADC_V12=11.72637939453125
ADC_V28=27.16094970703125
THERMAL_SENS_OUT_1=29
THERMAL_SENS_OUT_2=-50
THERMAL_SENS_OUT_3=29
THERMAL_SENS_OUT_4=25
THERMAL_SENS_OUT_5=31
THERMAL_SENS_OUT_6=-50
THERMAL_SENS_INT_1=28
THERMAL_SENS_INT_2=27
PG_5=1
PG_9=0
PG_12=1
FLT_P2=0
FLT_P3=0
HEAT_1_TEMP=29
HEAT_1_DUTY=0
HEAT_1_SP=-20.0
HEAT_2_TEMP=29
HEAT_2_DUTY=0
HEAT_2_SP=-20.0
HEAT_3_TEMP=25
HEAT_3_DUTY=0
HEAT_3_SP=-20.0
HEAT_4_TEMP=31
HEAT_4_DUTY=0
HEAT_4_SP=-20.0

[21:39:54.338 CUBESAT]
TS=1786202662.408
PG_5=1
PG_9=0
PG_12=0
FLT_P2=0
FLT_P3=0
HEAT_1_TEMP=0.0
HEAT_1_DUTY=0
HEAT_1_SP=-20.0
ENC_RAW=5971
ENC_ANGLE=131.19873046875
ENC_ACCUM=265.8251953125
AUTO_STOP=1
MOTOR_ANGLE=0.004186046511627906
MOTOR_ACCUM=243.8413953488372
MOTOR_ROT=466

[21:39:54.592 EBOX]
TS=1786200892.266
V_SENSE5=1.1279296875
V_SENSE9=0.03662109375
V_SENSE12=0.1318359375
ADC_V5=4.8675537109375
ADC_V9=8.89434814453125
ADC_V12=11.72637939453125
ADC_V28=27.7362060546875
THERMAL_SENS_OUT_1=31
THERMAL_SENS_OUT_2=-50
THERMAL_SENS_OUT_3=27
THERMAL_SENS_OUT_4=31
THERMAL_SENS_OUT_5=32
THERMAL_SENS_OUT_6=-50
THERMAL_SENS_INT_1=28
THERMAL_SENS_INT_2=32
PG_5=1
PG_9=0
PG_12=1
FLT_P2=0
FLT_P3=0
HEAT_1_TEMP=31
HEAT_1_DUTY=0
HEAT_1_SP=-20.0
HEAT_2_TEMP=27
HEAT_2_DUTY=0
HEAT_2_SP=-20.0
HEAT_3_TEMP=31
HEAT_3_DUTY=0
HEAT_3_SP=-20.0
HEAT_4_TEMP=32
HEAT_4_DUTY=0
HEAT_4_SP=-20.0
TS=1786200892.768
V_SENSE5=1.22802734375
V_SENSE9=0.0341796875
V_SENSE12=0.13671875
ADC_V5=4.9029541015625
ADC_V9=8.9208984375
ADC_V12=11.88568115234375
ADC_V28=27.3822021484375
THERMAL_SENS_OUT_1=26
THERMAL_SENS_OUT_2=-50
THERMAL_SENS_OUT_3=25
THERMAL_SENS_OUT_4=30
THERMAL_SENS_OUT_5=31
THERMAL_SENS_OUT_6=-50
THERMAL_SENS_INT_1=26
THERMAL_SENS_INT_2=32
PG_5=1
PG_9=0
PG_12=1
FLT_P2=0
FLT_P3=0
HEAT_1_TEMP=26
HEAT_1_DUTY=0
HEAT_1_SP=-20.0
HEAT_2_TEMP=25
HEAT_2_DUTY=0
HEAT_2_SP=-20.0
HEAT_3_TEMP=30
HEAT_3_DUTY=0
HEAT_3_SP=-20.0
HEAT_4_TEMP=31
HEAT_4_DUTY=0
HEAT_4_SP=-20.0
TS=1786200893.269
V_SENSE5=1.22802734375
V_SENSE9=0.0341796875
V_SENSE12=0.126953125
ADC_V5=5.00030517578125
ADC_V9=9.05364990234375
ADC_V12=11.8768310546875
ADC_V28=27.435302734375
THERMAL_SENS_OUT_1=26
THERMAL_SENS_OUT_2=-50
THERMAL_SENS_OUT_3=30
THERMAL_SENS_OUT_4=27
THERMAL_SENS_OUT_5=34
THERMAL_SENS_OUT_6=-50
THERMAL_SENS_INT_1=29
THERMAL_SENS_INT_2=27
PG_5=1
PG_9=0
PG_12=1
FLT_P2=0
FLT_P3=0
HEAT_1_TEMP=26
HEAT_1_DUTY=0
HEAT_1_SP=-20.0
HEAT_2_TEMP=30
HEAT_2_DUTY=0
HEAT_2_SP=-20.0
HEAT_3_TEMP=27
HEAT_3_DUTY=0
HEAT_3_SP=-20.0
HEAT_4_TEMP=34
HEAT_4_DUTY=0
HEAT_4_SP=-20.0

[21:39:55.239 EBOX]
TS=1786200893.770
V_SENSE5=1.1328125
V_SENSE9=0.03662109375
V_SENSE12=0.0927734375
ADC_V5=5.08880615234375
ADC_V9=9.2926025390625
ADC_V12=11.6644287109375
ADC_V28=28.037109375
THERMAL_SENS_OUT_1=27
THERMAL_SENS_OUT_2=-50
THERMAL_SENS_OUT_3=25
THERMAL_SENS_OUT_4=29
THERMAL_SENS_OUT_5=31
THERMAL_SENS_OUT_6=-50
THERMAL_SENS_INT_1=26
THERMAL_SENS_INT_2=31
PG_5=1
PG_9=0
PG_12=1
FLT_P2=0
FLT_P3=0
HEAT_1_TEMP=27
HEAT_1_DUTY=0
HEAT_1_SP=-20.0
HEAT_2_TEMP=25
HEAT_2_DUTY=0
HEAT_2_SP=-20.0
HEAT_3_TEMP=29
HEAT_3_DUTY=0
HEAT_3_SP=-20.0
HEAT_4_TEMP=31
HEAT_4_DUTY=0
HEAT_4_SP=-20.0
TS=1786200894.273
V_SENSE5=1.23291015625
V_SENSE9=0.0390625
V_SENSE12=0.107421875
ADC_V5=5.01800537109375
ADC_V9=9.51385498046875
ADC_V12=11.788330078125
ADC_V28=27.93975830078125
THERMAL_SENS_OUT_1=31
THERMAL_SENS_OUT_2=-50
THERMAL_SENS_OUT_3=24
THERMAL_SENS_OUT_4=27
THERMAL_SENS_OUT_5=35
THERMAL_SENS_OUT_6=-50
THERMAL_SENS_INT_1=29
THERMAL_SENS_INT_2=27
PG_5=1
PG_9=0
PG_12=1
FLT_P2=0
FLT_P3=0
HEAT_1_TEMP=31
HEAT_1_DUTY=0
HEAT_1_SP=-20.0
HEAT_2_TEMP=24
HEAT_2_DUTY=0
HEAT_2_SP=-20.0
HEAT_3_TEMP=27
HEAT_3_DUTY=0
HEAT_3_SP=-20.0
HEAT_4_TEMP=35
HEAT_4_DUTY=0
HEAT_4_SP=-20.0

[21:39:55.669 EBOX]
TS=1786200894.774
V_SENSE5=1.28173828125
V_SENSE9=0.0390625
V_SENSE12=0.10009765625
ADC_V5=4.87640380859375
ADC_V9=9.381103515625
ADC_V12=11.6998291015625
ADC_V28=27.718505859375
THERMAL_SENS_OUT_1=32
THERMAL_SENS_OUT_2=-50
THERMAL_SENS_OUT_3=29
THERMAL_SENS_OUT_4=25
THERMAL_SENS_OUT_5=31
THERMAL_SENS_OUT_6=-50
THERMAL_SENS_INT_1=26
THERMAL_SENS_INT_2=31
PG_5=1
PG_9=0
PG_12=1
FLT_P2=0
FLT_P3=0
HEAT_1_TEMP=32
HEAT_1_DUTY=0
HEAT_1_SP=-20.0
HEAT_2_TEMP=29
HEAT_2_DUTY=0
HEAT_2_SP=-20.0
HEAT_3_TEMP=25
HEAT_3_DUTY=0
HEAT_3_SP=-20.0
HEAT_4_TEMP=31
HEAT_4_DUTY=0
HEAT_4_SP=-20.0

[21:39:56.292 EBOX]
TS=1786200895.274
V_SENSE5=1.12548828125
V_SENSE9=0.0341796875
V_SENSE12=0.107421875
ADC_V5=5.08880615234375
ADC_V9=9.30145263671875
ADC_V12=11.70867919921875
ADC_V28=27.86895751953125
THERMAL_SENS_OUT_1=29
THERMAL_SENS_OUT_2=-50
THERMAL_SENS_OUT_3=27
THERMAL_SENS_OUT_4=26
THERMAL_SENS_OUT_5=35
THERMAL_SENS_OUT_6=-50
THERMAL_SENS_INT_1=29
THERMAL_SENS_INT_2=30
PG_5=1
PG_9=0
PG_12=1
FLT_P2=0
FLT_P3=0
HEAT_1_TEMP=29
HEAT_1_DUTY=0
HEAT_1_SP=-20.0
HEAT_2_TEMP=27
HEAT_2_DUTY=0
HEAT_2_SP=-20.0
HEAT_3_TEMP=26
HEAT_3_DUTY=0
HEAT_3_SP=-20.0
HEAT_4_TEMP=35
HEAT_4_DUTY=0
HEAT_4_SP=-20.0

[21:39:56.598 CUBESAT]
TS=1786202664.410
PG_5=1
PG_9=0
PG_12=0
FLT_P2=0
FLT_P3=0
HEAT_1_TEMP=0.0
HEAT_1_DUTY=0
HEAT_1_SP=-20.0
ENC_RAW=6620
ENC_ANGLE=145.458984375
ENC_ACCUM=280.08544921875
AUTO_STOP=1
MOTOR_ANGLE=0.008372093023255813
MOTOR_ACCUM=256.40372093023257
MOTOR_ROT=490

[21:39:58.855 CUBESAT]
TS=1786202666.412
PG_5=1
PG_9=0
PG_12=0
FLT_P2=0
FLT_P3=0
HEAT_1_TEMP=0.0
HEAT_1_DUTY=0
HEAT_1_SP=-20.0
ENC_RAW=7285
ENC_ANGLE=160.07080078125
ENC_ACCUM=294.697265625
AUTO_STOP=1
MOTOR_ANGLE=0.003808139534883721
MOTOR_ACCUM=269.4805523255814
MOTOR_ROT=515

[21:39:59.517 EBOX]
TS=1786200895.775
V_SENSE5=1.1328125
V_SENSE9=0.0439453125
V_SENSE12=0.15380859375
ADC_V5=4.9737548828125
ADC_V9=9.1864013671875
ADC_V12=11.8060302734375
ADC_V28=27.79815673828125
THERMAL_SENS_OUT_1=31
THERMAL_SENS_OUT_2=-50
THERMAL_SENS_OUT_3=25
THERMAL_SENS_OUT_4=30
THERMAL_SENS_OUT_5=35
THERMAL_SENS_OUT_6=-50
THERMAL_SENS_INT_1=30
THERMAL_SENS_INT_2=27
PG_5=1
PG_9=0
PG_12=1
FLT_P2=0
FLT_P3=0
HEAT_1_TEMP=31
HEAT_1_DUTY=0
HEAT_1_SP=-20.0
HEAT_2_TEMP=25
HEAT_2_DUTY=0
HEAT_2_SP=-20.0
HEAT_3_TEMP=30
HEAT_3_DUTY=0
HEAT_3_SP=-20.0
HEAT_4_TEMP=35
HEAT_4_DUTY=0
HEAT_4_SP=-20.0
TS=1786200896.285
V_SENSE5=1.08642578125
V_SENSE9=0.04638671875
V_SENSE12=0.11474609375
ADC_V5=4.9737548828125
ADC_V9=9.2218017578125
ADC_V12=11.611328125
ADC_V28=27.789306640625
THERMAL_SENS_OUT_1=29
THERMAL_SENS_OUT_2=-50
THERMAL_SENS_OUT_3=29
THERMAL_SENS_OUT_4=26
THERMAL_SENS_OUT_5=32
THERMAL_SENS_OUT_6=-50
THERMAL_SENS_INT_1=26
THERMAL_SENS_INT_2=28
PG_5=1
PG_9=0
PG_12=1
FLT_P2=0
FLT_P3=0
HEAT_1_TEMP=29
HEAT_1_DUTY=0
HEAT_1_SP=-20.0
HEAT_2_TEMP=29
HEAT_2_DUTY=0
HEAT_2_SP=-20.0
HEAT_3_TEMP=26
HEAT_3_DUTY=0
HEAT_3_SP=-20.0
HEAT_4_TEMP=32
HEAT_4_DUTY=0
HEAT_4_SP=-20.0
TS=1786200896.780
V_SENSE5=1.13525390625
V_SENSE9=0.048828125
V_SENSE12=0.1123046875
ADC_V5=4.9383544921875
ADC_V9=9.28375244140625
ADC_V12=11.83258056640625
ADC_V28=27.28485107421875
THERMAL_SENS_OUT_1=28
THERMAL_SENS_OUT_2=-50
THERMAL_SENS_OUT_3=29
THERMAL_SENS_OUT_4=31
THERMAL_SENS_OUT_5=34
THERMAL_SENS_OUT_6=-50
THERMAL_SENS_INT_1=27
THERMAL_SENS_INT_2=30
PG_5=1
PG_9=0
PG_12=1
FLT_P2=0
FLT_P3=0
HEAT_1_TEMP=28
HEAT_1_DUTY=0
HEAT_1_SP=-20.0
HEAT_2_TEMP=29
HEAT_2_DUTY=0
HEAT_2_SP=-20.0
HEAT_3_TEMP=31
HEAT_3_DUTY=0
HEAT_3_SP=-20.0
HEAT_4_TEMP=34
HEAT_4_DUTY=0
HEAT_4_SP=-20.0

[21:40:00.172 EBOX]
TS=1786200897.280
V_SENSE5=1.25
V_SENSE9=0.0341796875
V_SENSE12=0.13671875
ADC_V5=4.96490478515625
ADC_V9=9.1864013671875
ADC_V12=11.9476318359375
ADC_V28=27.74505615234375
THERMAL_SENS_OUT_1=31
THERMAL_SENS_OUT_2=-50
THERMAL_SENS_OUT_3=29
THERMAL_SENS_OUT_4=27
THERMAL_SENS_OUT_5=35
THERMAL_SENS_OUT_6=-50
THERMAL_SENS_INT_1=24
THERMAL_SENS_INT_2=28
PG_5=1
PG_9=0
PG_12=1
FLT_P2=0
FLT_P3=0
HEAT_1_TEMP=31
HEAT_1_DUTY=0
HEAT_1_SP=-20.0
HEAT_2_TEMP=29
HEAT_2_DUTY=0
HEAT_2_SP=-20.0
HEAT_3_TEMP=27
HEAT_3_DUTY=0
HEAT_3_SP=-20.0
HEAT_4_TEMP=35
HEAT_4_DUTY=0
HEAT_4_SP=-20.0
TS=1786200897.781
V_SENSE5=1.14990234375
V_SENSE9=0.0439453125
V_SENSE12=0.09765625
ADC_V5=4.9383544921875
ADC_V9=9.26605224609375
ADC_V12=11.53167724609375
ADC_V28=27.82470703125
THERMAL_SENS_OUT_1=32
THERMAL_SENS_OUT_2=-50
THERMAL_SENS_OUT_3=29
THERMAL_SENS_OUT_4=27
THERMAL_SENS_OUT_5=34
THERMAL_SENS_OUT_6=-50
THERMAL_SENS_INT_1=28
THERMAL_SENS_INT_2=28
PG_5=1
PG_9=0
PG_12=1
FLT_P2=0
FLT_P3=0
HEAT_1_TEMP=32
HEAT_1_DUTY=0
HEAT_1_SP=-20.0
HEAT_2_TEMP=29
HEAT_2_DUTY=0
HEAT_2_SP=-20.0
HEAT_3_TEMP=27
HEAT_3_DUTY=0
HEAT_3_SP=-20.0
HEAT_4_TEMP=34
HEAT_4_DUTY=0
HEAT_4_SP=-20.0
TS=1786200898.282
V_SENSE5=1.30859375
V_SENSE9=0.0341796875
V_SENSE12=0.10009765625
ADC_V5=5.03570556640625
ADC_V9=9.1864013671875
ADC_V12=11.82373046875
ADC_V28=27.26715087890625
THERMAL_SENS_OUT_1=28
THERMAL_SENS_OUT_2=-50
THERMAL_SENS_OUT_3=27
THERMAL_SENS_OUT_4=26
THERMAL_SENS_OUT_5=30

[21:40:00.295 EBOX]
THERMAL_SENS_OUT_6=-50
THERMAL_SENS_INT_1=26
THERMAL_SENS_INT_2=27
PG_5=1
PG_9=0
PG_12=1
FLT_P2=0
FLT_P3=0
HEAT_1_TEMP=28
HEAT_1_DUTY=0
HEAT_1_SP=-20.0
HEAT_2_TEMP=27
HEAT_2_DUTY=0
HEAT_2_SP=-20.0
HEAT_3_TEMP=26
HEAT_3_DUTY=0
HEAT_3_SP=-20.0
HEAT_4_TEMP=30
HEAT_4_DUTY=0
HEAT_4_SP=-20.0
TS=1786200898.790
V_SENSE5=1.103515625
V_SENSE9=0.0341796875
V_SENSE12=0.107421875
ADC_V5=5.05340576171875
ADC_V9=9.03594970703125
ADC_V12=11.95648193359375
ADC_V28=27.860107421875
THERMAL_SENS_OUT_1=32
THERMAL_SENS_OUT_2=-50
THERMAL_SENS_OUT_3=31
THERMAL_SENS_OUT_4=29
THERMAL_SENS_OUT_5=30
THERMAL_SENS_OUT_6=-50
THERMAL_SENS_INT_1=24
THERMAL_SENS_INT_2=29
PG_5=1
PG_9=0
PG_12=1
FLT_P2=0
FLT_P3=0
HEAT_1_TEMP=32
HEAT_1_DUTY=0
HEAT_1_SP=-20.0
HEAT_2_TEMP=31
HEAT_2_DUTY=0
HEAT_2_SP=-20.0
HEAT_3_TEMP=29
HEAT_3_DUTY=0
HEAT_3_SP=-20.0
HEAT_4_TEMP=30
HEAT_4_DUTY=0
HEAT_4_SP=-20.0

[21:40:00.866 EBOX]
TS=1786200899.284
V_SENSE5=1.220703125
V_SENSE9=0.0390625
V_SENSE12=0.15380859375
ADC_V5=4.96490478515625
ADC_V9=8.92974853515625
ADC_V12=11.77947998046875
ADC_V28=27.83355712890625
THERMAL_SENS_OUT_1=29
THERMAL_SENS_OUT_2=-50
THERMAL_SENS_OUT_3=26
THERMAL_SENS_OUT_4=27
THERMAL_SENS_OUT_5=35
THERMAL_SENS_OUT_6=-50
THERMAL_SENS_INT_1=28
THERMAL_SENS_INT_2=27
PG_5=1
PG_9=0
PG_12=1
FLT_P2=0
FLT_P3=0
HEAT_1_TEMP=29
HEAT_1_DUTY=0
HEAT_1_SP=-20.0
HEAT_2_TEMP=26
HEAT_2_DUTY=0
HEAT_2_SP=-20.0
HEAT_3_TEMP=27
HEAT_3_DUTY=0
HEAT_3_SP=-20.0
HEAT_4_TEMP=35
HEAT_4_DUTY=0
HEAT_4_SP=-20.0
TS=1786200899.788
V_SENSE5=1.42822265625
V_SENSE9=0.0341796875
V_SENSE12=0.1220703125
ADC_V5=4.94720458984375
ADC_V9=9.07135009765625
ADC_V12=11.72637939453125
ADC_V28=27.3468017578125
THERMAL_SENS_OUT_1=26
THERMAL_SENS_OUT_2=-50
THERMAL_SENS_OUT_3=25
THERMAL_SENS_OUT_4=26
THERMAL_SENS_OUT_5=31
THERMAL_SENS_OUT_6=-50
THERMAL_SENS_INT_1=29
THERMAL_SENS_INT_2=27
PG_5=1
PG_9=0
PG_12=1
FLT_P2=0
FLT_P3=0
HEAT_1_TEMP=26
HEAT_1_DUTY=0
HEAT_1_SP=-20.0
HEAT_2_TEMP=25
HEAT_2_DUTY=0
HEAT_2_SP=-20.0
HEAT_3_TEMP=26
HEAT_3_DUTY=0
HEAT_3_SP=-20.0
HEAT_4_TEMP=31
HEAT_4_DUTY=0
HEAT_4_SP=-20.0

[21:40:01.292 EBOX]
TS=1786200900.287
V_SENSE5=1.14501953125
V_SENSE9=0.0341796875
V_SENSE12=0.11474609375
ADC_V5=4.991455078125
ADC_V9=8.9385986328125
ADC_V12=11.717529296875
ADC_V28=27.76275634765625
THERMAL_SENS_OUT_1=29
THERMAL_SENS_OUT_2=-50
THERMAL_SENS_OUT_3=25
THERMAL_SENS_OUT_4=26
THERMAL_SENS_OUT_5=35
THERMAL_SENS_OUT_6=-50
THERMAL_SENS_INT_1=24
THERMAL_SENS_INT_2=28
PG_5=1
PG_9=0
PG_12=1
FLT_P2=0
FLT_P3=0
HEAT_1_TEMP=29
HEAT_1_DUTY=0
HEAT_1_SP=-20.0
HEAT_2_TEMP=25
HEAT_2_DUTY=0
HEAT_2_SP=-20.0
HEAT_3_TEMP=26
HEAT_3_DUTY=0
HEAT_3_SP=-20.0
HEAT_4_TEMP=35
HEAT_4_DUTY=0
HEAT_4_SP=-20.0

[21:40:01.598 CUBESAT]
TS=1786202668.414
PG_5=1
PG_9=0
PG_12=0
FLT_P2=0
FLT_P3=0
HEAT_1_TEMP=0.0
HEAT_1_DUTY=0
HEAT_1_SP=-20.0
ENC_RAW=7962
ENC_ANGLE=174.9462890625
ENC_ACCUM=309.57275390625
AUTO_STOP=1
MOTOR_ANGLE=0.008372093023255813
MOTOR_ACCUM=282.0432558139535
MOTOR_ROT=539

[21:40:01.711 EBOX]
TS=1786200900.789
V_SENSE5=1.21826171875
V_SENSE9=0.0341796875
V_SENSE12=0.09765625
ADC_V5=4.87640380859375
ADC_V9=9.1156005859375
ADC_V12=11.68212890625
ADC_V28=28.18756103515625
THERMAL_SENS_OUT_1=28
THERMAL_SENS_OUT_2=-50
THERMAL_SENS_OUT_3=29
THERMAL_SENS_OUT_4=31
THERMAL_SENS_OUT_5=33
THERMAL_SENS_OUT_6=-50
THERMAL_SENS_INT_1=25
THERMAL_SENS_INT_2=28
PG_5=1
PG_9=0
PG_12=1
FLT_P2=0
FLT_P3=0
HEAT_1_TEMP=28
HEAT_1_DUTY=0
HEAT_1_SP=-20.0
HEAT_2_TEMP=29
HEAT_2_DUTY=0
HEAT_2_SP=-20.0
HEAT_3_TEMP=31
HEAT_3_DUTY=0
HEAT_3_SP=-20.0
HEAT_4_TEMP=33
HEAT_4_DUTY=0
HEAT_4_SP=-20.0

[21:40:02.134 EBOX]
TS=1786200901.301
V_SENSE5=1.259765625
V_SENSE9=0.0390625
V_SENSE12=0.10498046875
ADC_V5=4.89410400390625
ADC_V9=9.310302734375
ADC_V12=11.7352294921875
ADC_V28=27.72735595703125
THERMAL_SENS_OUT_1=31
THERMAL_SENS_OUT_2=-50
THERMAL_SENS_OUT_3=29
THERMAL_SENS_OUT_4=27
THERMAL_SENS_OUT_5=33
THERMAL_SENS_OUT_6=-50
THERMAL_SENS_INT_1=30
THERMAL_SENS_INT_2=27
PG_5=1
PG_9=0
PG_12=1
FLT_P2=0
FLT_P3=0
HEAT_1_TEMP=31
HEAT_1_DUTY=0
HEAT_1_SP=-20.0
HEAT_2_TEMP=29
HEAT_2_DUTY=0
HEAT_2_SP=-20.0
HEAT_3_TEMP=27
HEAT_3_DUTY=0
HEAT_3_SP=-20.0
HEAT_4_TEMP=33
HEAT_4_DUTY=0
HEAT_4_SP=-20.0

[21:40:02.351 EBOX]
TS=1786200901.802
V_SENSE5=1.162109375
V_SENSE9=0.03662109375
V_SENSE12=0.10498046875
ADC_V5=4.9560546875
ADC_V9=9.23065185546875
ADC_V12=11.9122314453125
ADC_V28=28.1610107421875
THERMAL_SENS_OUT_1=27
THERMAL_SENS_OUT_2=-50
THERMAL_SENS_OUT_3=26
THERMAL_SENS_OUT_4=30
THERMAL_SENS_OUT_5=31
THERMAL_SENS_OUT_6=-50
THERMAL_SENS_INT_1=28
THERMAL_SENS_INT_2=27
PG_5=1
PG_9=0
PG_12=1
FLT_P2=0
FLT_P3=0
HEAT_1_TEMP=27
HEAT_1_DUTY=0
HEAT_1_SP=-20.0
HEAT_2_TEMP=26
HEAT_2_DUTY=0
HEAT_2_SP=-20.0
HEAT_3_TEMP=30
HEAT_3_DUTY=0
HEAT_3_SP=-20.0
HEAT_4_TEMP=31
HEAT_4_DUTY=0
HEAT_4_SP=-20.0

[21:40:02.569 EBOX]
TS=1786200902.303
V_SENSE5=1.1328125
V_SENSE9=0.03662109375
V_SENSE12=0.15380859375
ADC_V5=4.89410400390625
ADC_V9=9.51385498046875
ADC_V12=11.83258056640625
ADC_V28=27.28485107421875
THERMAL_SENS_OUT_1=28
THERMAL_SENS_OUT_2=-50
THERMAL_SENS_OUT_3=25
THERMAL_SENS_OUT_4=31
THERMAL_SENS_OUT_5=33
THERMAL_SENS_OUT_6=-50
THERMAL_SENS_INT_1=25
THERMAL_SENS_INT_2=27
PG_5=1
PG_9=0
PG_12=1
FLT_P2=0
FLT_P3=0
HEAT_1_TEMP=28
HEAT_1_DUTY=0
HEAT_1_SP=-20.0
HEAT_2_TEMP=25
HEAT_2_DUTY=0
HEAT_2_SP=-20.0
HEAT_3_TEMP=31
HEAT_3_DUTY=0
HEAT_3_SP=-20.0
HEAT_4_TEMP=33
HEAT_4_DUTY=0
HEAT_4_SP=-20.0

[21:40:03.091 EBOX]
TS=1786200902.804
V_SENSE5=1.15478515625
V_SENSE9=0.03662109375
V_SENSE12=0.10009765625
ADC_V5=4.92950439453125
ADC_V9=9.37225341796875
ADC_V12=11.6290283203125
ADC_V28=28.1610107421875
THERMAL_SENS_OUT_1=29
THERMAL_SENS_OUT_2=-50
THERMAL_SENS_OUT_3=25
THERMAL_SENS_OUT_4=30
THERMAL_SENS_OUT_5=30
THERMAL_SENS_OUT_6=-50
THERMAL_SENS_INT_1=25
THERMAL_SENS_INT_2=29
PG_5=1
PG_9=0
PG_12=1
FLT_P2=0
FLT_P3=0
HEAT_1_TEMP=29
HEAT_1_DUTY=0
HEAT_1_SP=-20.0
HEAT_2_TEMP=25
HEAT_2_DUTY=0
HEAT_2_SP=-20.0
HEAT_3_TEMP=30
HEAT_3_DUTY=0
HEAT_3_SP=-20.0
HEAT_4_TEMP=30
HEAT_4_DUTY=0
HEAT_4_SP=-20.0

[21:40:03.295 CUBESAT]
TS=1786202670.416
PG_5=1
PG_9=0
PG_12=0
FLT_P2=0
FLT_P3=0
HEAT_1_TEMP=0.0
HEAT_1_DUTY=10
HEAT_1_SP=-20.0
ENC_RAW=8632
ENC_ANGLE=189.66796875
ENC_ACCUM=324.29443359375
AUTO_STOP=1
MOTOR_ANGLE=0.003808139534883721
MOTOR_ACCUM=295.1200872093023
MOTOR_ROT=564

[21:40:04.102 CUBESAT]
TS=1786202672.419
PG_5=1
PG_9=0
PG_12=0
FLT_P2=0
FLT_P3=0
HEAT_1_TEMP=0.0
HEAT_1_DUTY=0
HEAT_1_SP=-20.0
ENC_RAW=9293
ENC_ANGLE=204.19189453125
ENC_ACCUM=338.818359375
AUTO_STOP=1
MOTOR_ANGLE=0.007994186046511628
MOTOR_ACCUM=307.6824127906977
MOTOR_ROT=588

[21:40:05.565 EBOX]
TS=1786200903.316
V_SENSE5=1.08154296875
V_SENSE9=0.029296875
V_SENSE12=0.1171875
ADC_V5=4.91180419921875
ADC_V9=8.92974853515625
ADC_V12=11.575927734375
ADC_V28=28.11676025390625
THERMAL_SENS_OUT_1=30
THERMAL_SENS_OUT_2=-50
THERMAL_SENS_OUT_3=27
THERMAL_SENS_OUT_4=28
THERMAL_SENS_OUT_5=30
THERMAL_SENS_OUT_6=-50
THERMAL_SENS_INT_1=24
THERMAL_SENS_INT_2=28
PG_5=1
PG_9=0
PG_12=1
FLT_P2=0
FLT_P3=0
HEAT_1_TEMP=30
HEAT_1_DUTY=0
HEAT_1_SP=-20.0
HEAT_2_TEMP=27
HEAT_2_DUTY=0
HEAT_2_SP=-20.0
HEAT_3_TEMP=28
HEAT_3_DUTY=0
HEAT_3_SP=-20.0
HEAT_4_TEMP=30
HEAT_4_DUTY=0
HEAT_4_SP=-20.0
TS=1786200903.820
V_SENSE5=0.966796875
V_SENSE9=0.0341796875
V_SENSE12=0.09765625
ADC_V5=5.05340576171875
ADC_V9=9.168701171875
ADC_V12=11.7529296875
ADC_V28=27.74505615234375
THERMAL_SENS_OUT_1=29
THERMAL_SENS_OUT_2=-50
THERMAL_SENS_OUT_3=24
THERMAL_SENS_OUT_4=26
THERMAL_SENS_OUT_5=30
THERMAL_SENS_OUT_6=-50
THERMAL_SENS_INT_1=24
THERMAL_SENS_INT_2=32
PG_5=1
PG_9=0
PG_12=1
FLT_P2=0
FLT_P3=0
HEAT_1_TEMP=29
HEAT_1_DUTY=0
HEAT_1_SP=-20.0
HEAT_2_TEMP=24
HEAT_2_DUTY=0
HEAT_2_SP=-20.0
HEAT_3_TEMP=26
HEAT_3_DUTY=0
HEAT_3_SP=-20.0
HEAT_4_TEMP=30
HEAT_4_DUTY=0
HEAT_4_SP=-20.0

[21:40:06.026 EBOX]
TS=1786200904.312
V_SENSE5=1.103515625
V_SENSE9=0.0341796875
V_SENSE12=0.09521484375
ADC_V5=4.9383544921875
ADC_V9=9.33685302734375
ADC_V12=11.8060302734375
ADC_V28=28.06365966796875
THERMAL_SENS_OUT_1=28
THERMAL_SENS_OUT_2=-50
THERMAL_SENS_OUT_3=30
THERMAL_SENS_OUT_4=25
THERMAL_SENS_OUT_5=32
THERMAL_SENS_OUT_6=-50
THERMAL_SENS_INT_1=27
THERMAL_SENS_INT_2=30
PG_5=1
PG_9=0
PG_12=1
FLT_P2=0
FLT_P3=0
HEAT_1_TEMP=28
HEAT_1_DUTY=0
HEAT_1_SP=-20.0
HEAT_2_TEMP=30
HEAT_2_DUTY=0
HEAT_2_SP=-20.0
HEAT_3_TEMP=25
HEAT_3_DUTY=0
HEAT_3_SP=-20.0
HEAT_4_TEMP=32
HEAT_4_DUTY=0
HEAT_4_SP=-20.0
TS=1786200904.822
V_SENSE5=1.32568359375
V_SENSE9=0.0390625
V_SENSE12=0.12939453125
ADC_V5=5.08880615234375
ADC_V9=8.94744873046875
ADC_V12=11.79718017578125
ADC_V28=27.53265380859375
THERMAL_SENS_OUT_1=26
THERMAL_SENS_OUT_2=-50
THERMAL_SENS_OUT_3=26
THERMAL_SENS_OUT_4=31
THERMAL_SENS_OUT_5=31
THERMAL_SENS_OUT_6=-50
THERMAL_SENS_INT_1=26
THERMAL_SENS_INT_2=31
PG_5=1
PG_9=0
PG_12=1
FLT_P2=0
FLT_P3=0
HEAT_1_TEMP=26
HEAT_1_DUTY=0
HEAT_1_SP=-20.0
HEAT_2_TEMP=26
HEAT_2_DUTY=0
HEAT_2_SP=-20.0
HEAT_3_TEMP=31
HEAT_3_DUTY=0
HEAT_3_SP=-20.0
HEAT_4_TEMP=31
HEAT_4_DUTY=0
HEAT_4_SP=-20.0

[21:40:06.587 EBOX]
TS=1786200905.322
V_SENSE5=1.16455078125
V_SENSE9=0.0341796875
V_SENSE12=0.09521484375
ADC_V5=4.98260498046875
ADC_V9=9.40765380859375
ADC_V12=11.5936279296875
ADC_V28=27.5238037109375
THERMAL_SENS_OUT_1=29
THERMAL_SENS_OUT_2=-50
THERMAL_SENS_OUT_3=26
THERMAL_SENS_OUT_4=27
THERMAL_SENS_OUT_5=35
THERMAL_SENS_OUT_6=-50
THERMAL_SENS_INT_1=30
THERMAL_SENS_INT_2=28
PG_5=1
PG_9=0
PG_12=1
FLT_P2=0
FLT_P3=0
HEAT_1_TEMP=29
HEAT_1_DUTY=0
HEAT_1_SP=-20.0
HEAT_2_TEMP=26
HEAT_2_DUTY=0
HEAT_2_SP=-20.0
HEAT_3_TEMP=27
HEAT_3_DUTY=0
HEAT_3_SP=-20.0
HEAT_4_TEMP=35
HEAT_4_DUTY=0
HEAT_4_SP=-20.0

[21:40:06.592 CUBESAT]
TS=1786202674.421
PG_5=1
PG_9=0
PG_12=0
FLT_P2=0
FLT_P3=0
HEAT_1_TEMP=0.0
HEAT_1_DUTY=0
HEAT_1_SP=-20.0
ENC_RAW=9949
ENC_ANGLE=218.60595703125
ENC_ACCUM=353.232421875
AUTO_STOP=1
MOTOR_ANGLE=0.0034302325581395347
MOTOR_ACCUM=320.7592441860465
MOTOR_ROT=613

[21:40:06.808 EBOX]
TS=1786200905.824
V_SENSE5=1.16455078125
V_SENSE9=0.0341796875
V_SENSE12=0.1025390625
ADC_V5=4.9383544921875
ADC_V9=9.5758056640625
ADC_V12=11.51397705078125
ADC_V28=27.2406005859375
THERMAL_SENS_OUT_1=28
THERMAL_SENS_OUT_2=-50
THERMAL_SENS_OUT_3=31
THERMAL_SENS_OUT_4=29
THERMAL_SENS_OUT_5=32
THERMAL_SENS_OUT_6=-50
THERMAL_SENS_INT_1=28
THERMAL_SENS_INT_2=26
PG_5=1
PG_9=0
PG_12=1
FLT_P2=0
FLT_P3=0
HEAT_1_TEMP=28
HEAT_1_DUTY=0
HEAT_1_SP=-20.0
HEAT_2_TEMP=31
HEAT_2_DUTY=0
HEAT_2_SP=-20.0
HEAT_3_TEMP=29
HEAT_3_DUTY=0
HEAT_3_SP=-20.0
HEAT_4_TEMP=32
HEAT_4_DUTY=0
HEAT_4_SP=-20.0

[21:40:08.356 CUBESAT]
TS=1786202676.423
PG_5=1
PG_9=0
PG_12=0
FLT_P2=0
FLT_P3=0
HEAT_1_TEMP=0.0
HEAT_1_DUTY=0
HEAT_1_SP=-20.0
ENC_RAW=10583
ENC_ANGLE=232.53662109375
ENC_ACCUM=367.1630859375
AUTO_STOP=1
MOTOR_ANGLE=0.007616279069767442
MOTOR_ACCUM=333.3215697674419
MOTOR_ROT=637

[21:40:08.522 EBOX]
TS=1786200906.235
V_SENSE5=1.28662109375
V_SENSE9=0.0390625
V_SENSE12=0.10009765625
ADC_V5=4.8321533203125
ADC_V9=9.05364990234375
ADC_V12=11.7352294921875
ADC_V28=27.78045654296875
THERMAL_SENS_OUT_1=31
THERMAL_SENS_OUT_2=-50
THERMAL_SENS_OUT_3=25
THERMAL_SENS_OUT_4=26
THERMAL_SENS_OUT_5=33
THERMAL_SENS_OUT_6=-50
THERMAL_SENS_INT_1=30
THERMAL_SENS_INT_2=28
PG_5=1
PG_9=0
PG_12=1
FLT_P2=0
FLT_P3=0
HEAT_1_TEMP=31
HEAT_1_DUTY=0
HEAT_1_SP=-20.0
HEAT_2_TEMP=25
HEAT_2_DUTY=0
HEAT_2_SP=-20.0
HEAT_3_TEMP=26
HEAT_3_DUTY=0
HEAT_3_SP=-20.0
HEAT_4_TEMP=33
HEAT_4_DUTY=0
HEAT_4_SP=-20.0
TS=1786200906.831
V_SENSE5=1.142578125
V_SENSE9=0.03662109375
V_SENSE12=0.12939453125
ADC_V5=4.88525390625
ADC_V9=9.26605224609375
ADC_V12=11.8060302734375
ADC_V28=27.470703125
THERMAL_SENS_OUT_1=26
THERMAL_SENS_OUT_2=-50
THERMAL_SENS_OUT_3=26
THERMAL_SENS_OUT_4=31
THERMAL_SENS_OUT_5=31
THERMAL_SENS_OUT_6=-50
THERMAL_SENS_INT_1=25
THERMAL_SENS_INT_2=30
PG_5=1
PG_9=0
PG_12=1
FLT_P2=0
FLT_P3=0
HEAT_1_TEMP=26
HEAT_1_DUTY=0
HEAT_1_SP=-20.0
HEAT_2_TEMP=26
HEAT_2_DUTY=0
HEAT_2_SP=-20.0
HEAT_3_TEMP=31
HEAT_3_DUTY=0
HEAT_3_SP=-20.0
HEAT_4_TEMP=31
HEAT_4_DUTY=0
HEAT_4_SP=-20.0
TS=1786200907.333
V_SENSE5=1.1865234375
V_SENSE9=0.04150390625
V_SENSE12=0.1318359375
ADC_V5=5.00030517578125
ADC_V9=9.27490234375
ADC_V12=11.8768310546875
ADC_V28=28.1256103515625
THERMAL_SENS_OUT_1=27
THERMAL_SENS_OUT_2=-50
THERMAL_SENS_OUT_3=30
THERMAL_SENS_OUT_4=26
THERMAL_SENS_OUT_5=34
THERMAL_SENS_OUT_6=-50
THERMAL_SENS_INT_1=30
THERMAL_SENS_INT_2=26
PG_5=1
PG_9=0
PG_12=1
FLT_P2=0
FLT_P3=0
HEAT_1_TEMP=27
HEAT_1_DUTY=0
HEAT_1_SP=-20.0
HEAT_2_TEMP=30
HEAT_2_DUTY=0
HEAT_2_SP=-20.0
HEAT_3_TEMP=26
HEAT_3_DUTY=0
HEAT_3_SP=-20.0
HEAT_4_TEMP=34
HEAT_4_DUTY=0
HEAT_4_SP=-20.0

[21:40:08.746 EBOX]
TS=1786200907.834
V_SENSE5=1.1962890625
V_SENSE9=0.03662109375
V_SENSE12=0.1025390625
ADC_V5=4.9383544921875
ADC_V9=9.08905029296875
ADC_V12=11.92108154296875
ADC_V28=27.6123046875
THERMAL_SENS_OUT_1=28
THERMAL_SENS_OUT_2=-50
THERMAL_SENS_OUT_3=25
THERMAL_SENS_OUT_4=31
THERMAL_SENS_OUT_5=33
THERMAL_SENS_OUT_6=-50
THERMAL_SENS_INT_1=28
THERMAL_SENS_INT_2=26
PG_5=1
PG_9=0
PG_12=1
FLT_P2=0
FLT_P3=0
HEAT_1_TEMP=28
HEAT_1_DUTY=0
HEAT_1_SP=-20.0
HEAT_2_TEMP=25
HEAT_2_DUTY=0
HEAT_2_SP=-20.0
HEAT_3_TEMP=31
HEAT_3_DUTY=0
HEAT_3_SP=-20.0
HEAT_4_TEMP=33
HEAT_4_DUTY=0
HEAT_4_SP=-20.0

[21:40:08.997 EBOX]
TS=1786200908.337
V_SENSE5=1.18408203125
V_SENSE9=0.0390625
V_SENSE12=0.09765625
ADC_V5=4.9737548828125
ADC_V9=9.027099609375
ADC_V12=11.53167724609375
ADC_V28=28.01055908203125
THERMAL_SENS_OUT_1=31
THERMAL_SENS_OUT_2=-50
THERMAL_SENS_OUT_3=28
THERMAL_SENS_OUT_4=26
THERMAL_SENS_OUT_5=33
THERMAL_SENS_OUT_6=-50
THERMAL_SENS_INT_1=25
THERMAL_SENS_INT_2=29
PG_5=1
PG_9=0
PG_12=1
FLT_P2=0
FLT_P3=0
HEAT_1_TEMP=31
HEAT_1_DUTY=0
HEAT_1_SP=-20.0
HEAT_2_TEMP=28
HEAT_2_DUTY=0
HEAT_2_SP=-20.0
HEAT_3_TEMP=26
HEAT_3_DUTY=0
HEAT_3_SP=-20.0
HEAT_4_TEMP=33
HEAT_4_DUTY=0
HEAT_4_SP=-20.0

[21:40:09.424 EBOX]
TS=1786200908.746
V_SENSE5=1.0400390625
V_SENSE9=0.0341796875
V_SENSE12=0.12451171875
ADC_V5=4.991455078125
ADC_V9=9.38995361328125
ADC_V12=11.60247802734375
ADC_V28=27.78045654296875
THERMAL_SENS_OUT_1=28
THERMAL_SENS_OUT_2=-50
THERMAL_SENS_OUT_3=28
THERMAL_SENS_OUT_4=25
THERMAL_SENS_OUT_5=31
THERMAL_SENS_OUT_6=-50
THERMAL_SENS_INT_1=27
THERMAL_SENS_INT_2=32
PG_5=1
PG_9=0
PG_12=1
FLT_P2=0
FLT_P3=0
HEAT_1_TEMP=28
HEAT_1_DUTY=0
HEAT_1_SP=-20.0
HEAT_2_TEMP=28
HEAT_2_DUTY=0
HEAT_2_SP=-20.0
HEAT_3_TEMP=25
HEAT_3_DUTY=0
HEAT_3_SP=-20.0
HEAT_4_TEMP=31
HEAT_4_DUTY=0
HEAT_4_SP=-20.0

[21:40:09.662 EBOX]
TS=1786200909.342
V_SENSE5=1.1767578125
V_SENSE9=0.0341796875
V_SENSE12=0.1025390625
ADC_V5=5.08880615234375
ADC_V9=9.0802001953125
ADC_V12=11.5582275390625
ADC_V28=27.99285888671875
THERMAL_SENS_OUT_1=31
THERMAL_SENS_OUT_2=-50
THERMAL_SENS_OUT_3=26
THERMAL_SENS_OUT_4=31
THERMAL_SENS_OUT_5=31
THERMAL_SENS_OUT_6=-50
THERMAL_SENS_INT_1=25
THERMAL_SENS_INT_2=30
PG_5=1
PG_9=0
PG_12=1
FLT_P2=0
FLT_P3=0
HEAT_1_TEMP=31
HEAT_1_DUTY=0
HEAT_1_SP=-20.0
HEAT_2_TEMP=26
HEAT_2_DUTY=0
HEAT_2_SP=-20.0
HEAT_3_TEMP=31
HEAT_3_DUTY=0
HEAT_3_SP=-20.0
HEAT_4_TEMP=31
HEAT_4_DUTY=0
HEAT_4_SP=-20.0

[21:40:10.390 EBOX]
TS=1786200909.847
V_SENSE5=1.318359375
V_SENSE9=0.03662109375
V_SENSE12=0.1025390625
ADC_V5=4.920654296875
ADC_V9=8.779296875
ADC_V12=11.88568115234375
ADC_V28=27.1875
THERMAL_SENS_OUT_1=28
THERMAL_SENS_OUT_2=-50
THERMAL_SENS_OUT_3=29
THERMAL_SENS_OUT_4=26
THERMAL_SENS_OUT_5=34
THERMAL_SENS_OUT_6=-50
THERMAL_SENS_INT_1=27
THERMAL_SENS_INT_2=28
PG_5=1
PG_9=0
PG_12=1
FLT_P2=0
FLT_P3=0
HEAT_1_TEMP=28
HEAT_1_DUTY=0
HEAT_1_SP=-20.0
HEAT_2_TEMP=29
HEAT_2_DUTY=0
HEAT_2_SP=-20.0
HEAT_3_TEMP=26
HEAT_3_DUTY=0
HEAT_3_SP=-20.0
HEAT_4_TEMP=34
HEAT_4_DUTY=0
HEAT_4_SP=-20.0

[21:40:10.394 CUBESAT]
TS=1786202678.426
PG_5=1
PG_9=0
PG_12=0
FLT_P2=0
FLT_P3=0
HEAT_1_TEMP=0.0
HEAT_1_DUTY=0
HEAT_1_SP=-20.0
ENC_RAW=11211
ENC_ANGLE=246.33544921875
ENC_ACCUM=380.9619140625
AUTO_STOP=1
MOTOR_ANGLE=0.0034302325581395347
MOTOR_ACCUM=346.39877906976744
MOTOR_ROT=662

[21:40:10.810 EBOX]
TS=1786200910.349
V_SENSE5=1.19140625
V_SENSE9=0.0439453125
V_SENSE12=0.1025390625
ADC_V5=4.96490478515625
ADC_V9=9.47845458984375
ADC_V12=11.56707763671875
ADC_V28=28.0194091796875
THERMAL_SENS_OUT_1=32
THERMAL_SENS_OUT_2=-50
THERMAL_SENS_OUT_3=29
THERMAL_SENS_OUT_4=27
THERMAL_SENS_OUT_5=35
THERMAL_SENS_OUT_6=-50
THERMAL_SENS_INT_1=30
THERMAL_SENS_INT_2=28
PG_5=1
PG_9=0
PG_12=1
FLT_P2=0
FLT_P3=0
HEAT_1_TEMP=32
HEAT_1_DUTY=0
HEAT_1_SP=-20.0
HEAT_2_TEMP=29
HEAT_2_DUTY=0
HEAT_2_SP=-20.0
HEAT_3_TEMP=27
HEAT_3_DUTY=0
HEAT_3_SP=-20.0
HEAT_4_TEMP=35
HEAT_4_DUTY=0
HEAT_4_SP=-20.0

[21:40:11.239 EBOX]
TS=1786200910.850
V_SENSE5=1.31103515625
V_SENSE9=0.0390625
V_SENSE12=0.1025390625
ADC_V5=4.9560546875
ADC_V9=9.310302734375
ADC_V12=11.68212890625
ADC_V28=27.68310546875
THERMAL_SENS_OUT_1=28
THERMAL_SENS_OUT_2=-50
THERMAL_SENS_OUT_3=25
THERMAL_SENS_OUT_4=26
THERMAL_SENS_OUT_5=31
THERMAL_SENS_OUT_6=-50
THERMAL_SENS_INT_1=30
THERMAL_SENS_INT_2=25
PG_5=1
PG_9=0
PG_12=1
FLT_P2=0
FLT_P3=0
HEAT_1_TEMP=28
HEAT_1_DUTY=0
HEAT_1_SP=-20.0
HEAT_2_TEMP=25
HEAT_2_DUTY=0
HEAT_2_SP=-20.0
HEAT_3_TEMP=26
HEAT_3_DUTY=0
HEAT_3_SP=-20.0
HEAT_4_TEMP=31
HEAT_4_DUTY=0
HEAT_4_SP=-20.0

[21:40:11.799 EBOX]
TS=1786200911.359
V_SENSE5=1.12060546875
V_SENSE9=0.05615234375
V_SENSE12=0.126953125
ADC_V5=4.9383544921875
ADC_V9=9.47845458984375
ADC_V12=11.7352294921875
ADC_V28=27.79815673828125
THERMAL_SENS_OUT_1=31
THERMAL_SENS_OUT_2=-50
THERMAL_SENS_OUT_3=27
THERMAL_SENS_OUT_4=26
THERMAL_SENS_OUT_5=31
THERMAL_SENS_OUT_6=-50
THERMAL_SENS_INT_1=27
THERMAL_SENS_INT_2=26
PG_5=1
PG_9=0
PG_12=1
FLT_P2=0
FLT_P3=0
HEAT_1_TEMP=31
HEAT_1_DUTY=0
HEAT_1_SP=-20.0
HEAT_2_TEMP=27
HEAT_2_DUTY=0
HEAT_2_SP=-20.0
HEAT_3_TEMP=26
HEAT_3_DUTY=0
HEAT_3_SP=-20.0
HEAT_4_TEMP=31
HEAT_4_DUTY=0
HEAT_4_SP=-20.0

[21:40:12.454 EBOX]
TS=1786200911.864
V_SENSE5=1.16943359375
V_SENSE9=0.0341796875
V_SENSE12=0.1318359375
ADC_V5=4.9737548828125
ADC_V9=8.91204833984375
ADC_V12=11.7706298828125
ADC_V28=27.92205810546875
THERMAL_SENS_OUT_1=28
THERMAL_SENS_OUT_2=-50
THERMAL_SENS_OUT_3=28
THERMAL_SENS_OUT_4=26
THERMAL_SENS_OUT_5=33
THERMAL_SENS_OUT_6=-50
THERMAL_SENS_INT_1=29
THERMAL_SENS_INT_2=28
PG_5=1
PG_9=0
PG_12=1
FLT_P2=0
FLT_P3=0
HEAT_1_TEMP=28
HEAT_1_DUTY=0
HEAT_1_SP=-20.0
HEAT_2_TEMP=28
HEAT_2_DUTY=0
HEAT_2_SP=-20.0
HEAT_3_TEMP=26
HEAT_3_DUTY=0
HEAT_3_SP=-20.0
HEAT_4_TEMP=33
HEAT_4_DUTY=0
HEAT_4_SP=-20.0

[21:40:12.458 CUBESAT]
TS=1786202680.428
PG_5=1
PG_9=0
PG_12=0
FLT_P2=0
FLT_P3=0
HEAT_1_TEMP=0.0
HEAT_1_DUTY=10
HEAT_1_SP=-20.0
ENC_RAW=11842
ENC_ANGLE=260.2001953125
ENC_ACCUM=394.82666015625
AUTO_STOP=1
MOTOR_ANGLE=0.007616279069767442
MOTOR_ACCUM=358.96110465116277
MOTOR_ROT=686

[21:40:12.680 EBOX]
TS=1786200912.367
V_SENSE5=1.21826171875
V_SENSE9=0.0390625
V_SENSE12=0.09521484375
ADC_V5=4.920654296875
ADC_V9=9.01824951171875
ADC_V12=11.9476318359375
ADC_V28=27.470703125
THERMAL_SENS_OUT_1=28
THERMAL_SENS_OUT_2=-50
THERMAL_SENS_OUT_3=27
THERMAL_SENS_OUT_4=26
THERMAL_SENS_OUT_5=32
THERMAL_SENS_OUT_6=-50
THERMAL_SENS_INT_1=25
THERMAL_SENS_INT_2=31
PG_5=1
PG_9=0
PG_12=1
FLT_P2=0
FLT_P3=0
HEAT_1_TEMP=28
HEAT_1_DUTY=0
HEAT_1_SP=-20.0
HEAT_2_TEMP=27
HEAT_2_DUTY=0
HEAT_2_SP=-20.0
HEAT_3_TEMP=26
HEAT_3_DUTY=0
HEAT_3_SP=-20.0
HEAT_4_TEMP=32
HEAT_4_DUTY=0
HEAT_4_SP=-20.0

[21:40:13.853 EBOX]
TS=1786200912.868
V_SENSE5=1.18408203125
V_SENSE9=0.03662109375
V_SENSE12=0.10009765625
ADC_V5=4.9560546875
ADC_V9=9.07135009765625
ADC_V12=11.90338134765625
ADC_V28=27.7716064453125
THERMAL_SENS_OUT_1=31
THERMAL_SENS_OUT_2=-50
THERMAL_SENS_OUT_3=29
THERMAL_SENS_OUT_4=32
THERMAL_SENS_OUT_5=31
THERMAL_SENS_OUT_6=-50
THERMAL_SENS_INT_1=29
THERMAL_SENS_INT_2=27
PG_5=1
PG_9=0
PG_12=1
FLT_P2=0
FLT_P3=0
HEAT_1_TEMP=31
HEAT_1_DUTY=0
HEAT_1_SP=-20.0
HEAT_2_TEMP=29
HEAT_2_DUTY=0
HEAT_2_SP=-20.0
HEAT_3_TEMP=32
HEAT_3_DUTY=0
HEAT_3_SP=-20.0
HEAT_4_TEMP=31
HEAT_4_DUTY=0
HEAT_4_SP=-20.0
TS=1786200913.281
V_SENSE5=1.1279296875
V_SENSE9=0.0341796875
V_SENSE12=0.1025390625
ADC_V5=4.9737548828125
ADC_V9=8.91204833984375
ADC_V12=11.717529296875
ADC_V28=27.2052001953125
THERMAL_SENS_OUT_1=28
THERMAL_SENS_OUT_2=-50
THERMAL_SENS_OUT_3=26
THERMAL_SENS_OUT_4=31
THERMAL_SENS_OUT_5=32
THERMAL_SENS_OUT_6=-50
THERMAL_SENS_INT_1=26
THERMAL_SENS_INT_2=31
PG_5=1
PG_9=0
PG_12=1
FLT_P2=0
FLT_P3=0
HEAT_1_TEMP=28
HEAT_1_DUTY=0
HEAT_1_SP=-20.0
HEAT_2_TEMP=26
HEAT_2_DUTY=0
HEAT_2_SP=-20.0
HEAT_3_TEMP=31
HEAT_3_DUTY=0
HEAT_3_SP=-20.0
HEAT_4_TEMP=32
HEAT_4_DUTY=0
HEAT_4_SP=-20.0

[21:40:14.804 EBOX]
TS=1786200913.790
V_SENSE5=1.11328125
V_SENSE9=0.0390625
V_SENSE12=0.1416015625
ADC_V5=4.92950439453125
ADC_V9=8.89434814453125
ADC_V12=12.00958251953125
ADC_V28=28.02825927734375
THERMAL_SENS_OUT_1=31
THERMAL_SENS_OUT_2=-50
THERMAL_SENS_OUT_3=30
THERMAL_SENS_OUT_4=29
THERMAL_SENS_OUT_5=31
THERMAL_SENS_OUT_6=-50
THERMAL_SENS_INT_1=27
THERMAL_SENS_INT_2=31
PG_5=1
PG_9=0
PG_12=1
FLT_P2=0
FLT_P3=0
HEAT_1_TEMP=31
HEAT_1_DUTY=0
HEAT_1_SP=-20.0
HEAT_2_TEMP=30
HEAT_2_DUTY=0
HEAT_2_SP=-20.0
HEAT_3_TEMP=29
HEAT_3_DUTY=0
HEAT_3_SP=-20.0
HEAT_4_TEMP=31
HEAT_4_DUTY=0
HEAT_4_SP=-20.0
TS=1786200914.283
V_SENSE5=1.19384765625
V_SENSE9=0.06591796875
V_SENSE12=0.1220703125
ADC_V5=4.87640380859375
ADC_V9=9.08905029296875
ADC_V12=11.60247802734375
ADC_V28=28.037109375
THERMAL_SENS_OUT_1=31
THERMAL_SENS_OUT_2=-50
THERMAL_SENS_OUT_3=24
THERMAL_SENS_OUT_4=29
THERMAL_SENS_OUT_5=35
THERMAL_SENS_OUT_6=-50
THERMAL_SENS_INT_1=30
THERMAL_SENS_INT_2=26
PG_5=1
PG_9=0
PG_12=1
FLT_P2=0
FLT_P3=0
HEAT_1_TEMP=31
HEAT_1_DUTY=0
HEAT_1_SP=-20.0
HEAT_2_TEMP=24
HEAT_2_DUTY=0
HEAT_2_SP=-20.0
HEAT_3_TEMP=29
HEAT_3_DUTY=0
HEAT_3_SP=-20.0
HEAT_4_TEMP=35
HEAT_4_DUTY=0
HEAT_4_SP=-20.0

[21:40:15.129 EBOX]
TS=1786200914.785
V_SENSE5=1.1279296875
V_SENSE9=0.03662109375
V_SENSE12=0.10009765625
ADC_V5=4.9560546875
ADC_V9=9.027099609375
ADC_V12=11.7529296875
ADC_V28=27.39105224609375
THERMAL_SENS_OUT_1=28
THERMAL_SENS_OUT_2=-50
THERMAL_SENS_OUT_3=30
THERMAL_SENS_OUT_4=28
THERMAL_SENS_OUT_5=33
THERMAL_SENS_OUT_6=-50
THERMAL_SENS_INT_1=29
THERMAL_SENS_INT_2=27
PG_5=1
PG_9=0
PG_12=1
FLT_P2=0
FLT_P3=0
HEAT_1_TEMP=28
HEAT_1_DUTY=0
HEAT_1_SP=-20.0
HEAT_2_TEMP=30
HEAT_2_DUTY=0
HEAT_2_SP=-20.0
HEAT_3_TEMP=28
HEAT_3_DUTY=0
HEAT_3_SP=-20.0
HEAT_4_TEMP=33
HEAT_4_DUTY=0
HEAT_4_SP=-20.0

[21:40:15.657 EBOX]
TS=1786200915.389
V_SENSE5=1.03271484375
V_SENSE9=0.0341796875
V_SENSE12=0.09765625
ADC_V5=4.849853515625
ADC_V9=9.2218017578125
ADC_V12=11.88568115234375
ADC_V28=27.6300048828125
THERMAL_SENS_OUT_1=29
THERMAL_SENS_OUT_2=-50
THERMAL_SENS_OUT_3=29
THERMAL_SENS_OUT_4=31
THERMAL_SENS_OUT_5=31
THERMAL_SENS_OUT_6=-50
THERMAL_SENS_INT_1=29
THERMAL_SENS_INT_2=27
PG_5=1
PG_9=0
PG_12=1
FLT_P2=0
FLT_P3=0
HEAT_1_TEMP=29
HEAT_1_DUTY=0
HEAT_1_SP=-20.0
HEAT_2_TEMP=29
HEAT_2_DUTY=0
HEAT_2_SP=-20.0
HEAT_3_TEMP=31
HEAT_3_DUTY=0
HEAT_3_SP=-20.0
HEAT_4_TEMP=31
HEAT_4_DUTY=0
HEAT_4_SP=-20.0

[21:40:15.862 CUBESAT]
TS=1786202682.429
PG_5=1
PG_9=0
PG_12=0
FLT_P2=0
FLT_P3=0
HEAT_1_TEMP=0.0
HEAT_1_DUTY=0
HEAT_1_SP=-20.0
ENC_RAW=12472
ENC_ANGLE=274.04296875
ENC_ACCUM=408.66943359375
AUTO_STOP=1
MOTOR_ANGLE=0.0030377906976744185
MOTOR_ACCUM=372.0379215116279
MOTOR_ROT=711

[21:40:16.368 CUBESAT]
TS=1786202684.431
PG_5=1
PG_9=0
PG_12=0
FLT_P2=0
FLT_P3=0
HEAT_1_TEMP=0.0
HEAT_1_DUTY=0
HEAT_1_SP=-20.0
ENC_RAW=13101
ENC_ANGLE=287.86376953125
ENC_ACCUM=422.490234375
AUTO_STOP=1
MOTOR_ANGLE=0.007616279069767442
MOTOR_ACCUM=384.6006395348837
MOTOR_ROT=735

[21:40:16.485 EBOX]
TS=1786200915.890
V_SENSE5=0.91796875
V_SENSE9=0.0341796875
V_SENSE12=0.14404296875
ADC_V5=5.00030517578125
ADC_V9=8.9739990234375
ADC_V12=11.8414306640625
ADC_V28=27.56805419921875
THERMAL_SENS_OUT_1=29
THERMAL_SENS_OUT_2=-50
THERMAL_SENS_OUT_3=29
THERMAL_SENS_OUT_4=27
THERMAL_SENS_OUT_5=34
THERMAL_SENS_OUT_6=-50
THERMAL_SENS_INT_1=29
THERMAL_SENS_INT_2=28
PG_5=1
PG_9=0
PG_12=1
FLT_P2=0
FLT_P3=0
HEAT_1_TEMP=29
HEAT_1_DUTY=0
HEAT_1_SP=-20.0
HEAT_2_TEMP=29
HEAT_2_DUTY=0
HEAT_2_SP=-20.0
HEAT_3_TEMP=27
HEAT_3_DUTY=0
HEAT_3_SP=-20.0
HEAT_4_TEMP=34
HEAT_4_DUTY=0
HEAT_4_SP=-20.0

[21:40:16.886 EBOX]
TS=1786200916.399
V_SENSE5=0.87890625
V_SENSE9=0.0390625
V_SENSE12=0.1025390625
ADC_V5=4.991455078125
ADC_V9=8.814697265625
ADC_V12=11.72637939453125
ADC_V28=28.08135986328125
THERMAL_SENS_OUT_1=26
THERMAL_SENS_OUT_2=-50
THERMAL_SENS_OUT_3=24
THERMAL_SENS_OUT_4=28
THERMAL_SENS_OUT_5=32
THERMAL_SENS_OUT_6=-50
THERMAL_SENS_INT_1=31
THERMAL_SENS_INT_2=27
PG_5=1
PG_9=0
PG_12=1
FLT_P2=0
FLT_P3=0
HEAT_1_TEMP=26
HEAT_1_DUTY=0
HEAT_1_SP=-20.0
HEAT_2_TEMP=24
HEAT_2_DUTY=0
HEAT_2_SP=-20.0
HEAT_3_TEMP=28
HEAT_3_DUTY=0
HEAT_3_SP=-20.0
HEAT_4_TEMP=32
HEAT_4_DUTY=0
HEAT_4_SP=-20.0

[21:40:17.513 EBOX]
TS=1786200916.894
V_SENSE5=0.93505859375
V_SENSE9=0.0390625
V_SENSE12=0.15380859375
ADC_V5=4.8675537109375
ADC_V9=8.956298828125
ADC_V12=11.7529296875
ADC_V28=27.930908203125
THERMAL_SENS_OUT_1=29
THERMAL_SENS_OUT_2=-50
THERMAL_SENS_OUT_3=26
THERMAL_SENS_OUT_4=28
THERMAL_SENS_OUT_5=35
THERMAL_SENS_OUT_6=-50
THERMAL_SENS_INT_1=29
THERMAL_SENS_INT_2=27
PG_5=1
PG_9=0
PG_12=1
FLT_P2=0
FLT_P3=0
HEAT_1_TEMP=29
HEAT_1_DUTY=0
HEAT_1_SP=-20.0
HEAT_2_TEMP=26
HEAT_2_DUTY=0
HEAT_2_SP=-20.0
HEAT_3_TEMP=28
HEAT_3_DUTY=0
HEAT_3_SP=-20.0
HEAT_4_TEMP=35
HEAT_4_DUTY=0
HEAT_4_SP=-20.0

[21:40:17.852 EBOX]
TS=1786200917.394
V_SENSE5=1.19873046875
V_SENSE9=0.0390625
V_SENSE12=0.1025390625
ADC_V5=4.8321533203125
ADC_V9=8.98284912109375
ADC_V12=11.90338134765625
ADC_V28=27.40875244140625
THERMAL_SENS_OUT_1=32
THERMAL_SENS_OUT_2=-50
THERMAL_SENS_OUT_3=25
THERMAL_SENS_OUT_4=29
THERMAL_SENS_OUT_5=30
THERMAL_SENS_OUT_6=-50
THERMAL_SENS_INT_1=26
THERMAL_SENS_INT_2=31
PG_5=1
PG_9=0
PG_12=1
FLT_P2=0
FLT_P3=0
HEAT_1_TEMP=32
HEAT_1_DUTY=0
HEAT_1_SP=-20.0
HEAT_2_TEMP=25
HEAT_2_DUTY=0
HEAT_2_SP=-20.0
HEAT_3_TEMP=29
HEAT_3_DUTY=0
HEAT_3_SP=-20.0
HEAT_4_TEMP=30
HEAT_4_DUTY=0
HEAT_4_SP=-20.0

[21:40:18.262 CUBESAT]
TS=1786202686.434
PG_5=1
PG_9=0
PG_12=0
FLT_P2=0
FLT_P3=0
HEAT_1_TEMP=0.0
HEAT_1_DUTY=0
HEAT_1_SP=-20.0
ENC_RAW=13736
ENC_ANGLE=301.81640625
ENC_ACCUM=436.44287109375
AUTO_STOP=1
MOTOR_ANGLE=0.0030377906976744185
MOTOR_ACCUM=397.6774563953489
MOTOR_ROT=760

[21:40:18.393 EBOX]
TS=1786200917.896
V_SENSE5=1.31103515625
V_SENSE9=0.03662109375
V_SENSE12=0.11474609375
ADC_V5=4.92950439453125
ADC_V9=8.8677978515625
ADC_V12=11.82373046875
ADC_V28=27.789306640625
THERMAL_SENS_OUT_1=27
THERMAL_SENS_OUT_2=-50
THERMAL_SENS_OUT_3=30
THERMAL_SENS_OUT_4=32
THERMAL_SENS_OUT_5=32
THERMAL_SENS_OUT_6=-50
THERMAL_SENS_INT_1=26
THERMAL_SENS_INT_2=31
PG_5=1
PG_9=0
PG_12=1
FLT_P2=0
FLT_P3=0
HEAT_1_TEMP=27
HEAT_1_DUTY=0
HEAT_1_SP=-20.0
HEAT_2_TEMP=30
HEAT_2_DUTY=0
HEAT_2_SP=-20.0
HEAT_3_TEMP=32
HEAT_3_DUTY=0
HEAT_3_SP=-20.0
HEAT_4_TEMP=32
HEAT_4_DUTY=0
HEAT_4_SP=-20.0

[21:40:20.004 EBOX]
TS=1786200918.400
V_SENSE5=1.45263671875
V_SENSE9=0.0390625
V_SENSE12=0.1025390625
ADC_V5=4.9560546875
ADC_V9=9.42535400390625
ADC_V12=11.90338134765625
ADC_V28=28.20526123046875
THERMAL_SENS_OUT_1=26
THERMAL_SENS_OUT_2=-50
THERMAL_SENS_OUT_3=28
THERMAL_SENS_OUT_4=26
THERMAL_SENS_OUT_5=34
THERMAL_SENS_OUT_6=-50
THERMAL_SENS_INT_1=29
THERMAL_SENS_INT_2=27
PG_5=1
PG_9=0
PG_12=1
FLT_P2=0
FLT_P3=0
HEAT_1_TEMP=26
HEAT_1_DUTY=0
HEAT_1_SP=-20.0
HEAT_2_TEMP=28
HEAT_2_DUTY=0
HEAT_2_SP=-20.0
HEAT_3_TEMP=26
HEAT_3_DUTY=0
HEAT_3_SP=-20.0
HEAT_4_TEMP=34
HEAT_4_DUTY=0
HEAT_4_SP=-20.0
TS=1786200918.911
V_SENSE5=1.0791015625
V_SENSE9=0.0341796875
V_SENSE12=0.1123046875
ADC_V5=5.01800537109375
ADC_V9=9.42535400390625
ADC_V12=11.8414306640625
ADC_V28=27.60345458984375
THERMAL_SENS_OUT_1=26
THERMAL_SENS_OUT_2=-50
THERMAL_SENS_OUT_3=27
THERMAL_SENS_OUT_4=32
THERMAL_SENS_OUT_5=33
THERMAL_SENS_OUT_6=-50
THERMAL_SENS_INT_1=25
THERMAL_SENS_INT_2=26
PG_5=1
PG_9=0
PG_12=1
FLT_P2=0
FLT_P3=0
HEAT_1_TEMP=26
HEAT_1_DUTY=0
HEAT_1_SP=-20.0
HEAT_2_TEMP=27
HEAT_2_DUTY=0
HEAT_2_SP=-20.0
HEAT_3_TEMP=32
HEAT_3_DUTY=0
HEAT_3_SP=-20.0
HEAT_4_TEMP=33
HEAT_4_DUTY=0
HEAT_4_SP=-20.0

[21:40:20.327 EBOX]
TS=1786200919.404
V_SENSE5=1.13037109375
V_SENSE9=0.0390625
V_SENSE12=0.1220703125
ADC_V5=4.991455078125
ADC_V9=9.31915283203125
ADC_V12=11.88568115234375
ADC_V28=28.08135986328125
THERMAL_SENS_OUT_1=31
THERMAL_SENS_OUT_2=-50
THERMAL_SENS_OUT_3=29
THERMAL_SENS_OUT_4=26
THERMAL_SENS_OUT_5=33
THERMAL_SENS_OUT_6=-50
THERMAL_SENS_INT_1=28
THERMAL_SENS_INT_2=27
PG_5=1
PG_9=0
PG_12=1
FLT_P2=0
FLT_P3=0
HEAT_1_TEMP=31
HEAT_1_DUTY=0
HEAT_1_SP=-20.0
HEAT_2_TEMP=29
HEAT_2_DUTY=0
HEAT_2_SP=-20.0
HEAT_3_TEMP=26
HEAT_3_DUTY=0
HEAT_3_SP=-20.0
HEAT_4_TEMP=33
HEAT_4_DUTY=0
HEAT_4_SP=-20.0

[21:40:21.163 EBOX]
TS=1786200919.905
V_SENSE5=1.11328125
V_SENSE9=0.0390625
V_SENSE12=0.10498046875
ADC_V5=4.96490478515625
ADC_V9=9.2218017578125
ADC_V12=11.82373046875
ADC_V28=27.51495361328125
THERMAL_SENS_OUT_1=26
THERMAL_SENS_OUT_2=-50
THERMAL_SENS_OUT_3=24
THERMAL_SENS_OUT_4=26
THERMAL_SENS_OUT_5=32
THERMAL_SENS_OUT_6=-50
THERMAL_SENS_INT_1=25
THERMAL_SENS_INT_2=28
PG_5=1
PG_9=0
PG_12=1
FLT_P2=0
FLT_P3=0
HEAT_1_TEMP=26
HEAT_1_DUTY=0
HEAT_1_SP=-20.0
HEAT_2_TEMP=24
HEAT_2_DUTY=0
HEAT_2_SP=-20.0
HEAT_3_TEMP=26
HEAT_3_DUTY=0
HEAT_3_SP=-20.0
HEAT_4_TEMP=32
HEAT_4_DUTY=0
HEAT_4_SP=-20.0

[21:40:22.225 CUBESAT]
TS=1786202688.436
PG_5=1
PG_9=0
PG_12=0
FLT_P2=0
FLT_P3=0
HEAT_1_TEMP=0.0
HEAT_1_DUTY=0
HEAT_1_SP=-20.0
ENC_RAW=14365
ENC_ANGLE=315.63720703125
ENC_ACCUM=450.263671875
AUTO_STOP=1
MOTOR_ANGLE=0.007223837209302325
MOTOR_ACCUM=410.23978197674415
MOTOR_ROT=784

[21:40:23.135 CUBESAT]
TS=1786202690.438
PG_5=1
PG_9=0
PG_12=0
FLT_P2=0
FLT_P3=0
HEAT_1_TEMP=0.0
HEAT_1_DUTY=0
HEAT_1_SP=-20.0
ENC_RAW=14993
ENC_ANGLE=329.43603515625
ENC_ACCUM=464.0625
AUTO_STOP=1
MOTOR_ANGLE=0.0030377906976744185
MOTOR_ACCUM=423.3169912790698
MOTOR_ROT=809

[21:40:23.312 EBOX]
TS=1786200920.407
V_SENSE5=1.318359375
V_SENSE9=0.03662109375
V_SENSE12=0.13671875
ADC_V5=4.9737548828125
ADC_V9=9.44305419921875
ADC_V12=11.83258056640625
ADC_V28=27.4884033203125
THERMAL_SENS_OUT_1=27
THERMAL_SENS_OUT_2=-50
THERMAL_SENS_OUT_3=26
THERMAL_SENS_OUT_4=28
THERMAL_SENS_OUT_5=35
THERMAL_SENS_OUT_6=-50
THERMAL_SENS_INT_1=29
THERMAL_SENS_INT_2=26
PG_5=1
PG_9=0
PG_12=1
FLT_P2=0
FLT_P3=0
HEAT_1_TEMP=27
HEAT_1_DUTY=0
HEAT_1_SP=-20.0
HEAT_2_TEMP=26
HEAT_2_DUTY=0
HEAT_2_SP=-20.0
HEAT_3_TEMP=28
HEAT_3_DUTY=0
HEAT_3_SP=-20.0
HEAT_4_TEMP=35
HEAT_4_DUTY=0
HEAT_4_SP=-20.0
TS=1786200920.908
V_SENSE5=1.41845703125
V_SENSE9=0.05615234375
V_SENSE12=0.1171875
ADC_V5=5.07110595703125
ADC_V9=9.53155517578125
ADC_V12=11.6644287109375
ADC_V28=27.860107421875
THERMAL_SENS_OUT_1=30
THERMAL_SENS_OUT_2=-50
THERMAL_SENS_OUT_3=25
THERMAL_SENS_OUT_4=28
THERMAL_SENS_OUT_5=30
THERMAL_SENS_OUT_6=-50
THERMAL_SENS_INT_1=30
THERMAL_SENS_INT_2=28
PG_5=1
PG_9=0
PG_12=1
FLT_P2=0
FLT_P3=0
HEAT_1_TEMP=30
HEAT_1_DUTY=0
HEAT_1_SP=-20.0
HEAT_2_TEMP=25
HEAT_2_DUTY=0
HEAT_2_SP=-20.0
HEAT_3_TEMP=28
HEAT_3_DUTY=0
HEAT_3_SP=-20.0
HEAT_4_TEMP=30
HEAT_4_DUTY=0
HEAT_4_SP=-20.0
TS=1786200921.418
V_SENSE5=1.03515625
V_SENSE9=0.0341796875
V_SENSE12=0.13427734375
ADC_V5=4.9383544921875
ADC_V9=9.13330078125
ADC_V12=11.505126953125
ADC_V28=27.2406005859375
THERMAL_SENS_OUT_1=32
THERMAL_SENS_OUT_2=-50
THERMAL_SENS_OUT_3=24
THERMAL_SENS_OUT_4=26
THERMAL_SENS_OUT_5=30
THERMAL_SENS_OUT_6=-50
THERMAL_SENS_INT_1=26
THERMAL_SENS_INT_2=27
PG_5=1
PG_9=0
PG_12=1
FLT_P2=0
FLT_P3=0
HEAT_1_TEMP=32
HEAT_1_DUTY=0
HEAT_1_SP=-20.0
HEAT_2_TEMP=24
HEAT_2_DUTY=0
HEAT_2_SP=-20.0
HEAT_3_TEMP=26
HEAT_3_DUTY=0
HEAT_3_SP=-20.0
HEAT_4_TEMP=30
HEAT_4_DUTY=0
HEAT_4_SP=-20.0
TS=1786200921.911
V_SENSE5=1.24755859375
V_SENSE9=0.0341796875
V_SENSE12=0.1171875
ADC_V5=5.0445556640625
ADC_V9=9.13330078125
ADC_V12=11.8768310546875
ADC_V28=27.33795166015625
THERMAL_SENS_OUT_1=27
THERMAL_SENS_OUT_2=-50
THERMAL_SENS_OUT_3=27
THERMAL_SENS_OUT_4=28
THERMAL_SENS_OUT_5=30

[21:40:24.377 EBOX]
THERMAL_SENS_OUT_6=-50
THERMAL_SENS_INT_1=29
THERMAL_SENS_INT_2=27
PG_5=1
PG_9=0
PG_12=1
FLT_P2=0
FLT_P3=0
HEAT_1_TEMP=27
HEAT_1_DUTY=0
HEAT_1_SP=-20.0
HEAT_2_TEMP=27
HEAT_2_DUTY=0
HEAT_2_SP=-20.0
HEAT_3_TEMP=28
HEAT_3_DUTY=0
HEAT_3_SP=-20.0
HEAT_4_TEMP=30
HEAT_4_DUTY=0
HEAT_4_SP=-20.0
TS=1786200922.412
V_SENSE5=1.15478515625
V_SENSE9=0.0390625
V_SENSE12=0.12939453125
ADC_V5=4.92950439453125
ADC_V9=9.24835205078125
ADC_V12=11.8768310546875
ADC_V28=27.42645263671875
THERMAL_SENS_OUT_1=26
THERMAL_SENS_OUT_2=-50
THERMAL_SENS_OUT_3=26
THERMAL_SENS_OUT_4=26
THERMAL_SENS_OUT_5=34
THERMAL_SENS_OUT_6=-50
THERMAL_SENS_INT_1=25
THERMAL_SENS_INT_2=31
PG_5=1
PG_9=0
PG_12=1
FLT_P2=0
FLT_P3=0
HEAT_1_TEMP=26
HEAT_1_DUTY=0
HEAT_1_SP=-20.0
HEAT_2_TEMP=26
HEAT_2_DUTY=0
HEAT_2_SP=-20.0
HEAT_3_TEMP=26
HEAT_3_DUTY=0
HEAT_3_SP=-20.0
HEAT_4_TEMP=34
HEAT_4_DUTY=0
HEAT_4_SP=-20.0
TS=1786200922.913
V_SENSE5=1.09375
V_SENSE9=0.03662109375
V_SENSE12=0.107421875
ADC_V5=4.920654296875
ADC_V9=8.91204833984375
ADC_V12=11.79718017578125
ADC_V28=27.4176025390625
THERMAL_SENS_OUT_1=26
THERMAL_SENS_OUT_2=-50
THERMAL_SENS_OUT_3=27
THERMAL_SENS_OUT_4=28
THERMAL_SENS_OUT_5=30
THERMAL_SENS_OUT_6=-50
THERMAL_SENS_INT_1=24
THERMAL_SENS_INT_2=30
PG_5=1
PG_9=0
PG_12=1
FLT_P2=0
FLT_P3=0
HEAT_1_TEMP=26
HEAT_1_DUTY=0
HEAT_1_SP=-20.0
HEAT_2_TEMP=27
HEAT_2_DUTY=0
HEAT_2_SP=-20.0
HEAT_3_TEMP=28
HEAT_3_DUTY=0
HEAT_3_SP=-20.0
HEAT_4_TEMP=30
HEAT_4_DUTY=0
HEAT_4_SP=-20.0

[21:40:24.685 CUBESAT]
TS=1786202692.439
PG_5=1
PG_9=0
PG_12=0
FLT_P2=0
FLT_P3=0
HEAT_1_TEMP=0.0
HEAT_1_DUTY=0
HEAT_1_SP=-20.0
ENC_RAW=15622
ENC_ANGLE=343.2568359375
ENC_ACCUM=477.88330078125
AUTO_STOP=1
MOTOR_ANGLE=0.007223837209302325
MOTOR_ACCUM=435.87931686046505
MOTOR_ROT=833

[21:40:26.537 CUBESAT]
TS=1786202694.439
PG_5=1
PG_9=0
PG_12=0
FLT_P2=0
FLT_P3=0
HEAT_1_TEMP=0.0
HEAT_1_DUTY=0
HEAT_1_SP=-20.0
ENC_RAW=16245
ENC_ANGLE=356.94580078125
ENC_ACCUM=491.572265625
AUTO_STOP=1
MOTOR_ANGLE=0.0026598837209302327
MOTOR_ACCUM=448.95614825581396
MOTOR_ROT=858

[21:40:26.831 EBOX]
TS=1786200923.424
V_SENSE5=1.2890625
V_SENSE9=0.0390625
V_SENSE12=0.10986328125
ADC_V5=4.91180419921875
ADC_V9=9.53155517578125
ADC_V12=11.70867919921875
ADC_V28=28.0194091796875
THERMAL_SENS_OUT_1=27
THERMAL_SENS_OUT_2=-50
THERMAL_SENS_OUT_3=25
THERMAL_SENS_OUT_4=30
THERMAL_SENS_OUT_5=30
THERMAL_SENS_OUT_6=-50
THERMAL_SENS_INT_1=25
THERMAL_SENS_INT_2=29
PG_5=1
PG_9=0
PG_12=1
FLT_P2=0
FLT_P3=0
HEAT_1_TEMP=27
HEAT_1_DUTY=0
HEAT_1_SP=-20.0
HEAT_2_TEMP=25
HEAT_2_DUTY=0
HEAT_2_SP=-20.0
HEAT_3_TEMP=30
HEAT_3_DUTY=0
HEAT_3_SP=-20.0
HEAT_4_TEMP=30
HEAT_4_DUTY=0
HEAT_4_SP=-20.0
TS=1786200923.925
V_SENSE5=1.18896484375
V_SENSE9=0.06591796875
V_SENSE12=0.126953125
ADC_V5=4.849853515625
ADC_V9=9.6112060546875
ADC_V12=11.8414306640625
ADC_V28=27.576904296875
THERMAL_SENS_OUT_1=31
THERMAL_SENS_OUT_2=-50
THERMAL_SENS_OUT_3=29
THERMAL_SENS_OUT_4=25
THERMAL_SENS_OUT_5=30
THERMAL_SENS_OUT_6=-50
THERMAL_SENS_INT_1=30
THERMAL_SENS_INT_2=26
PG_5=1
PG_9=0
PG_12=1
FLT_P2=0
FLT_P3=0
HEAT_1_TEMP=31
HEAT_1_DUTY=0
HEAT_1_SP=-20.0
HEAT_2_TEMP=29
HEAT_2_DUTY=0
HEAT_2_SP=-20.0
HEAT_3_TEMP=25
HEAT_3_DUTY=0
HEAT_3_SP=-20.0
HEAT_4_TEMP=30
HEAT_4_DUTY=0
HEAT_4_SP=-20.0
TS=1786200924.426
V_SENSE5=1.10595703125
V_SENSE9=0.0390625
V_SENSE12=0.14892578125
ADC_V5=4.89410400390625
ADC_V9=9.40765380859375
ADC_V12=11.7706298828125
ADC_V28=27.92205810546875
THERMAL_SENS_OUT_1=29
THERMAL_SENS_OUT_2=-50
THERMAL_SENS_OUT_3=25
THERMAL_SENS_OUT_4=28
THERMAL_SENS_OUT_5=34
THERMAL_SENS_OUT_6=-50
THERMAL_SENS_INT_1=29
THERMAL_SENS_INT_2=26
PG_5=1
PG_9=0
PG_12=1
FLT_P2=0
FLT_P3=0
HEAT_1_TEMP=29
HEAT_1_DUTY=0
HEAT_1_SP=-20.0
HEAT_2_TEMP=25
HEAT_2_DUTY=0
HEAT_2_SP=-20.0
HEAT_3_TEMP=28
HEAT_3_DUTY=0
HEAT_3_SP=-20.0
HEAT_4_TEMP=34
HEAT_4_DUTY=0
HEAT_4_SP=-20.0
TS=1786200924.927
V_SENSE5=1.123046875
V_SENSE9=0.0390625
V_SENSE12=0.0927734375
ADC_V5=4.9029541015625
ADC_V9=9.62005615234375
ADC_V12=11.77947998046875
ADC_V28=27.97515869140625
THERMAL_SENS_OUT_1=32
THERMAL_SENS_OUT_2=-50
THERMAL_SENS_OUT_3=28
THERMAL_SENS_OUT_4=26
THERMAL_SENS_OUT_5=34
THERMAL_SENS_OUT_6=-50
THERMAL_SENS_INT_1=29
THERMAL_SENS_INT_2=26
PG_5=1
PG_9=0
PG_12=1
FLT_P2=0
FLT_P3=0
HEAT_1_TEMP=32
HEAT_1_DUTY=0
HEAT_1_SP=-20.0
HEAT_2_TEMP=28
HEAT_2_DUTY=0
HEAT_2_SP=-20.0
HEAT_3_TEMP=26
HEAT_3_DUTY=0
HEAT_3_SP=-20.0
HEAT_4_TEMP=34
HEAT_4_DUTY=0
HEAT_4_SP=-20.0
TS=1786200925.337
V_SENSE5=1.1376953125
V_SENSE9=0.0390625
V_SENSE12=0.09765625
ADC_V5=4.9560546875
ADC_V9=8.8323974609375
ADC_V12=11.92108154296875
ADC_V28=27.62115478515625
THERMAL_SENS_OUT_1=26
THERMAL_SENS_OUT_2=-50
THERMAL_SENS_OUT_3=29
THERMAL_SENS_OUT_4=27
THERMAL_SENS_OUT_5=34

[21:40:27.192 EBOX]
THERMAL_SENS_OUT_6=-50
THERMAL_SENS_INT_1=28
THERMAL_SENS_INT_2=28
PG_5=1
PG_9=0
PG_12=1
FLT_P2=0
FLT_P3=0
HEAT_1_TEMP=26
HEAT_1_DUTY=0
HEAT_1_SP=-20.0
HEAT_2_TEMP=29
HEAT_2_DUTY=0
HEAT_2_SP=-20.0
HEAT_3_TEMP=27
HEAT_3_DUTY=0
HEAT_3_SP=-20.0
HEAT_4_TEMP=34
HEAT_4_DUTY=0
HEAT_4_SP=-20.0
TS=1786200925.838
V_SENSE5=1.03271484375
V_SENSE9=0.06591796875
V_SENSE12=0.09521484375
ADC_V5=4.8675537109375
ADC_V9=8.94744873046875
ADC_V12=11.575927734375
ADC_V28=28.037109375
THERMAL_SENS_OUT_1=31
THERMAL_SENS_OUT_2=-50
THERMAL_SENS_OUT_3=25
THERMAL_SENS_OUT_4=26
THERMAL_SENS_OUT_5=33
THERMAL_SENS_OUT_6=-50
THERMAL_SENS_INT_1=25
THERMAL_SENS_INT_2=31
PG_5=1
PG_9=0
PG_12=1
FLT_P2=0
FLT_P3=0
HEAT_1_TEMP=31
HEAT_1_DUTY=0
HEAT_1_SP=-20.0
HEAT_2_TEMP=25
HEAT_2_DUTY=0
HEAT_2_SP=-20.0
HEAT_3_TEMP=26
HEAT_3_DUTY=0
HEAT_3_SP=-20.0
HEAT_4_TEMP=33
HEAT_4_DUTY=0
HEAT_4_SP=-20.0
TS=1786200926.351
V_SENSE5=0.888671875
V_SENSE9=0.0390625
V_SENSE12=0.1025390625
ADC_V5=5.0445556640625
ADC_V9=9.0625
ADC_V12=11.81488037109375
ADC_V28=27.35565185546875
THERMAL_SENS_OUT_1=26
THERMAL_SENS_OUT_2=-50
THERMAL_SENS_OUT_3=25
THERMAL_SENS_OUT_4=26
THERMAL_SENS_OUT_5=34
THERMAL_SENS_OUT_6=-50
THERMAL_SENS_INT_1=25
THERMAL_SENS_INT_2=30
PG_5=1
PG_9=0
PG_12=1
FLT_P2=0
FLT_P3=0
HEAT_1_TEMP=26
HEAT_1_DUTY=0
HEAT_1_SP=-20.0
HEAT_2_TEMP=25
HEAT_2_DUTY=0
HEAT_2_SP=-20.0
HEAT_3_TEMP=26
HEAT_3_DUTY=0
HEAT_3_SP=-20.0
HEAT_4_TEMP=34
HEAT_4_DUTY=0
HEAT_4_SP=-20.0

[21:40:28.303 CUBESAT]
TS=1786202696.442
PG_5=1
PG_9=0
PG_12=0
FLT_P2=0
FLT_P3=0
HEAT_1_TEMP=0.0
HEAT_1_DUTY=10
HEAT_1_SP=-20.0
ENC_RAW=511
ENC_ANGLE=11.22802734375
ENC_ACCUM=505.8544921875
AUTO_STOP=1
MOTOR_ANGLE=0.0068459302325581395
MOTOR_ACCUM=461.51847383720934
MOTOR_ROT=882

[21:40:29.067 EBOX]
TS=1786200926.857
V_SENSE5=1.13525390625
V_SENSE9=0.07568359375
V_SENSE12=0.1220703125
ADC_V5=4.9383544921875
ADC_V9=9.14215087890625
ADC_V12=11.505126953125
ADC_V28=27.88665771484375
THERMAL_SENS_OUT_1=32
THERMAL_SENS_OUT_2=-50
THERMAL_SENS_OUT_3=29
THERMAL_SENS_OUT_4=26
THERMAL_SENS_OUT_5=34
THERMAL_SENS_OUT_6=-50
THERMAL_SENS_INT_1=28
THERMAL_SENS_INT_2=27
PG_5=1
PG_9=0
PG_12=1
FLT_P2=0
FLT_P3=0
HEAT_1_TEMP=32
HEAT_1_DUTY=0
HEAT_1_SP=-20.0
HEAT_2_TEMP=29
HEAT_2_DUTY=0
HEAT_2_SP=-20.0
HEAT_3_TEMP=26
HEAT_3_DUTY=0
HEAT_3_SP=-20.0
HEAT_4_TEMP=34
HEAT_4_DUTY=0
HEAT_4_SP=-20.0
TS=1786200927.358
V_SENSE5=1.23779296875
V_SENSE9=0.0390625
V_SENSE12=0.10009765625
ADC_V5=4.8675537109375
ADC_V9=9.097900390625
ADC_V12=11.611328125
ADC_V28=27.9840087890625
THERMAL_SENS_OUT_1=28
THERMAL_SENS_OUT_2=-50
THERMAL_SENS_OUT_3=28
THERMAL_SENS_OUT_4=27
THERMAL_SENS_OUT_5=35
THERMAL_SENS_OUT_6=-50
THERMAL_SENS_INT_1=29
THERMAL_SENS_INT_2=27
PG_5=1
PG_9=0
PG_12=1
FLT_P2=0
FLT_P3=0
HEAT_1_TEMP=28
HEAT_1_DUTY=0
HEAT_1_SP=-20.0
HEAT_2_TEMP=28
HEAT_2_DUTY=0
HEAT_2_SP=-20.0
HEAT_3_TEMP=27
HEAT_3_DUTY=0
HEAT_3_SP=-20.0
HEAT_4_TEMP=35
HEAT_4_DUTY=0
HEAT_4_SP=-20.0
TS=1786200927.859
V_SENSE5=1.171875
V_SENSE9=0.0390625
V_SENSE12=0.1220703125
ADC_V5=4.9737548828125
ADC_V9=8.87664794921875
ADC_V12=11.859130859375
ADC_V28=27.3468017578125
THERMAL_SENS_OUT_1=27
THERMAL_SENS_OUT_2=-50
THERMAL_SENS_OUT_3=25
THERMAL_SENS_OUT_4=28
THERMAL_SENS_OUT_5=31
THERMAL_SENS_OUT_6=-50
THERMAL_SENS_INT_1=26
THERMAL_SENS_INT_2=31
PG_5=1
PG_9=0
PG_12=1
FLT_P2=0
FLT_P3=0
HEAT_1_TEMP=27
HEAT_1_DUTY=0
HEAT_1_SP=-20.0
HEAT_2_TEMP=25
HEAT_2_DUTY=0
HEAT_2_SP=-20.0
HEAT_3_TEMP=28
HEAT_3_DUTY=0
HEAT_3_SP=-20.0
HEAT_4_TEMP=31
HEAT_4_DUTY=0
HEAT_4_SP=-20.0

[21:40:29.216 EBOX]
TS=1786200928.361
V_SENSE5=1.3330078125
V_SENSE9=0.03662109375
V_SENSE12=0.1025390625
ADC_V5=4.9737548828125
ADC_V9=8.78814697265625
ADC_V12=11.67327880859375
ADC_V28=27.67425537109375
THERMAL_SENS_OUT_1=32
THERMAL_SENS_OUT_2=-50
THERMAL_SENS_OUT_3=27
THERMAL_SENS_OUT_4=29
THERMAL_SENS_OUT_5=35
THERMAL_SENS_OUT_6=-50
THERMAL_SENS_INT_1=24
THERMAL_SENS_INT_2=29
PG_5=1
PG_9=0
PG_12=1
FLT_P2=0
FLT_P3=0
HEAT_1_TEMP=32
HEAT_1_DUTY=0
HEAT_1_SP=-20.0
HEAT_2_TEMP=27
HEAT_2_DUTY=0
HEAT_2_SP=-20.0
HEAT_3_TEMP=29
HEAT_3_DUTY=0
HEAT_3_SP=-20.0
HEAT_4_TEMP=35
HEAT_4_DUTY=0
HEAT_4_SP=-20.0
TS=1786200928.865
V_SENSE5=1.21826171875
V_SENSE9=0.0390625
V_SENSE12=0.1220703125
ADC_V5=4.92950439453125
ADC_V9=9.40765380859375
ADC_V12=11.89453125
ADC_V28=27.81585693359375
THERMAL_SENS_OUT_1=26
THERMAL_SENS_OUT_2=-50
THERMAL_SENS_OUT_3=26
THERMAL_SENS_OUT_4=29
THERMAL_SENS_OUT_5=31
THERMAL_SENS_OUT_6=-50
THERMAL_SENS_INT_1=29
THERMAL_SENS_INT_2=27
PG_5=1
PG_9=0
PG_12=1
FLT_P2=0
FLT_P3=0
HEAT_1_TEMP=26
HEAT_1_DUTY=0
HEAT_1_SP=-20.0
HEAT_2_TEMP=26
HEAT_2_DUTY=0
HEAT_2_SP=-20.0
HEAT_3_TEMP=29
HEAT_3_DUTY=0
HEAT_3_SP=-20.0
HEAT_4_TEMP=31
HEAT_4_DUTY=0
HEAT_4_SP=-20.0

[21:40:29.753 EBOX]
TS=1786200929.365
V_SENSE5=1.259765625
V_SENSE9=0.0390625
V_SENSE12=0.1220703125
ADC_V5=4.87640380859375
ADC_V9=9.5758056640625
ADC_V12=11.6290283203125
ADC_V28=28.1610107421875
THERMAL_SENS_OUT_1=28
THERMAL_SENS_OUT_2=-50
THERMAL_SENS_OUT_3=30
THERMAL_SENS_OUT_4=27
THERMAL_SENS_OUT_5=36
THERMAL_SENS_OUT_6=-50
THERMAL_SENS_INT_1=30
THERMAL_SENS_INT_2=27
PG_5=1
PG_9=0
PG_12=1
FLT_P2=0
FLT_P3=0
HEAT_1_TEMP=28
HEAT_1_DUTY=0
HEAT_1_SP=-20.0
HEAT_2_TEMP=30
HEAT_2_DUTY=0
HEAT_2_SP=-20.0
HEAT_3_TEMP=27
HEAT_3_DUTY=0
HEAT_3_SP=-20.0
HEAT_4_TEMP=36
HEAT_4_DUTY=0
HEAT_4_SP=-20.0

[21:40:30.163 CUBESAT]
TS=1786202698.444
PG_5=1
PG_9=0
PG_12=0
FLT_P2=0
FLT_P3=0
HEAT_1_TEMP=0.0
HEAT_1_DUTY=0
HEAT_1_SP=-20.0
ENC_RAW=1159
ENC_ANGLE=25.46630859375
ENC_ACCUM=520.0927734375
AUTO_STOP=1
MOTOR_ANGLE=0.002281976744186047
MOTOR_ACCUM=474.59530523255813
MOTOR_ROT=907

[21:40:30.291 EBOX]
TS=1786200929.867
V_SENSE5=1.19873046875
V_SENSE9=0.0390625
V_SENSE12=0.10986328125
ADC_V5=4.991455078125
ADC_V9=9.31915283203125
ADC_V12=11.92108154296875
ADC_V28=27.51495361328125
THERMAL_SENS_OUT_1=26
THERMAL_SENS_OUT_2=-50
THERMAL_SENS_OUT_3=29
THERMAL_SENS_OUT_4=26
THERMAL_SENS_OUT_5=31
THERMAL_SENS_OUT_6=-50
THERMAL_SENS_INT_1=25
THERMAL_SENS_INT_2=30
PG_5=1
PG_9=0
PG_12=1
FLT_P2=0
FLT_P3=0
HEAT_1_TEMP=26
HEAT_1_DUTY=0
HEAT_1_SP=-20.0
HEAT_2_TEMP=29
HEAT_2_DUTY=0
HEAT_2_SP=-20.0
HEAT_3_TEMP=26
HEAT_3_DUTY=0
HEAT_3_SP=-20.0
HEAT_4_TEMP=31
HEAT_4_DUTY=0
HEAT_4_SP=-20.0

[21:40:31.744 EBOX]
TS=1786200930.390
V_SENSE5=1.09375
V_SENSE9=0.0341796875
V_SENSE12=0.126953125
ADC_V5=5.00030517578125
ADC_V9=9.097900390625
ADC_V12=11.646728515625
ADC_V28=27.99285888671875
THERMAL_SENS_OUT_1=28
THERMAL_SENS_OUT_2=-50
THERMAL_SENS_OUT_3=24
THERMAL_SENS_OUT_4=26
THERMAL_SENS_OUT_5=31
THERMAL_SENS_OUT_6=-50
THERMAL_SENS_INT_1=24
THERMAL_SENS_INT_2=27
PG_5=1
PG_9=0
PG_12=1
FLT_P2=0
FLT_P3=0
HEAT_1_TEMP=28
HEAT_1_DUTY=0
HEAT_1_SP=-20.0
HEAT_2_TEMP=24
HEAT_2_DUTY=0
HEAT_2_SP=-20.0
HEAT_3_TEMP=26
HEAT_3_DUTY=0
HEAT_3_SP=-20.0
HEAT_4_TEMP=31
HEAT_4_DUTY=0
HEAT_4_SP=-20.0
TS=1786200930.888
V_SENSE5=1.0986328125
V_SENSE9=0.0390625
V_SENSE12=0.107421875
ADC_V5=4.88525390625
ADC_V9=9.08905029296875
ADC_V12=11.93878173828125
ADC_V28=27.25830078125
THERMAL_SENS_OUT_1=26
THERMAL_SENS_OUT_2=-50
THERMAL_SENS_OUT_3=24
THERMAL_SENS_OUT_4=27
THERMAL_SENS_OUT_5=36
THERMAL_SENS_OUT_6=-50
THERMAL_SENS_INT_1=28
THERMAL_SENS_INT_2=27
PG_5=1
PG_9=0
PG_12=1
FLT_P2=0
FLT_P3=0
HEAT_1_TEMP=26
HEAT_1_DUTY=0
HEAT_1_SP=-20.0
HEAT_2_TEMP=24
HEAT_2_DUTY=0
HEAT_2_SP=-20.0
HEAT_3_TEMP=27
HEAT_3_DUTY=0
HEAT_3_SP=-20.0
HEAT_4_TEMP=36
HEAT_4_DUTY=0
HEAT_4_SP=-20.0

[21:40:32.452 CUBESAT]
TS=1786202700.446
PG_5=1
PG_9=0
PG_12=0
FLT_P2=0
FLT_P3=0
HEAT_1_TEMP=0.0
HEAT_1_DUTY=0
HEAT_1_SP=-20.0
ENC_RAW=1806
ENC_ANGLE=39.6826171875
ENC_ACCUM=534.30908203125
AUTO_STOP=1
MOTOR_ANGLE=0.0068459302325581395
MOTOR_ACCUM=487.15800872093024
MOTOR_ROT=931

[21:40:32.800 EBOX]
TS=1786200931.390
V_SENSE5=1.09375
V_SENSE9=0.0341796875
V_SENSE12=0.09765625
ADC_V5=5.01800537109375
ADC_V9=8.98284912109375
ADC_V12=11.7706298828125
ADC_V28=28.1610107421875
THERMAL_SENS_OUT_1=32
THERMAL_SENS_OUT_2=-50
THERMAL_SENS_OUT_3=25
THERMAL_SENS_OUT_4=25
THERMAL_SENS_OUT_5=35
THERMAL_SENS_OUT_6=-50
THERMAL_SENS_INT_1=26
THERMAL_SENS_INT_2=27
PG_5=1
PG_9=0
PG_12=1
FLT_P2=0
FLT_P3=0
HEAT_1_TEMP=32
HEAT_1_DUTY=0
HEAT_1_SP=-20.0
HEAT_2_TEMP=25
HEAT_2_DUTY=0
HEAT_2_SP=-20.0
HEAT_3_TEMP=25
HEAT_3_DUTY=0
HEAT_3_SP=-20.0
HEAT_4_TEMP=35
HEAT_4_DUTY=0
HEAT_4_SP=-20.0
TS=1786200931.893
V_SENSE5=0.908203125
V_SENSE9=0.0390625
V_SENSE12=0.10498046875
ADC_V5=5.15960693359375
ADC_V9=8.92974853515625
ADC_V12=11.88568115234375
ADC_V28=28.2318115234375
THERMAL_SENS_OUT_1=28
THERMAL_SENS_OUT_2=-50
THERMAL_SENS_OUT_3=25
THERMAL_SENS_OUT_4=28
THERMAL_SENS_OUT_5=32
THERMAL_SENS_OUT_6=-50
THERMAL_SENS_INT_1=27
THERMAL_SENS_INT_2=32
PG_5=1
PG_9=0
PG_12=1
FLT_P2=0
FLT_P3=0
HEAT_1_TEMP=28
HEAT_1_DUTY=0
HEAT_1_SP=-20.0
HEAT_2_TEMP=25
HEAT_2_DUTY=0
HEAT_2_SP=-20.0
HEAT_3_TEMP=28
HEAT_3_DUTY=0
HEAT_3_SP=-20.0
HEAT_4_TEMP=32
HEAT_4_DUTY=0
HEAT_4_SP=-20.0

[21:40:33.666 EBOX]
TS=1786200932.386
V_SENSE5=1.03271484375
V_SENSE9=0.06103515625
V_SENSE12=0.15380859375
ADC_V5=4.94720458984375
ADC_V9=8.8323974609375
ADC_V12=11.69097900390625
ADC_V28=27.85125732421875
THERMAL_SENS_OUT_1=32
THERMAL_SENS_OUT_2=-50
THERMAL_SENS_OUT_3=26
THERMAL_SENS_OUT_4=26
THERMAL_SENS_OUT_5=33
THERMAL_SENS_OUT_6=-50
THERMAL_SENS_INT_1=26
THERMAL_SENS_INT_2=31
PG_5=1
PG_9=0
PG_12=1
FLT_P2=0
FLT_P3=0
HEAT_1_TEMP=32
HEAT_1_DUTY=0
HEAT_1_SP=-20.0
HEAT_2_TEMP=26
HEAT_2_DUTY=0
HEAT_2_SP=-20.0
HEAT_3_TEMP=26
HEAT_3_DUTY=0
HEAT_3_SP=-20.0
HEAT_4_TEMP=33
HEAT_4_DUTY=0
HEAT_4_SP=-20.0
TS=1786200932.889
V_SENSE5=1.279296875
V_SENSE9=0.03662109375
V_SENSE12=0.09765625
ADC_V5=5.08880615234375
ADC_V9=8.92974853515625
ADC_V12=11.54052734375
ADC_V28=28.06365966796875
THERMAL_SENS_OUT_1=31
THERMAL_SENS_OUT_2=-50
THERMAL_SENS_OUT_3=30
THERMAL_SENS_OUT_4=27
THERMAL_SENS_OUT_5=34
THERMAL_SENS_OUT_6=-50
THERMAL_SENS_INT_1=31
THERMAL_SENS_INT_2=29
PG_5=1
PG_9=0
PG_12=1
FLT_P2=0
FLT_P3=0
HEAT_1_TEMP=31
HEAT_1_DUTY=0
HEAT_1_SP=-20.0
HEAT_2_TEMP=30
HEAT_2_DUTY=0
HEAT_2_SP=-20.0
HEAT_3_TEMP=27
HEAT_3_DUTY=0
HEAT_3_SP=-20.0
HEAT_4_TEMP=34
HEAT_4_DUTY=0
HEAT_4_SP=-20.0

[21:40:34.909 EBOX]
TS=1786200933.391
V_SENSE5=1.259765625
V_SENSE9=0.0390625
V_SENSE12=0.15380859375
ADC_V5=5.01800537109375
ADC_V9=9.5758056640625
ADC_V12=11.54052734375
ADC_V28=27.8424072265625
THERMAL_SENS_OUT_1=28
THERMAL_SENS_OUT_2=-50
THERMAL_SENS_OUT_3=26
THERMAL_SENS_OUT_4=28
THERMAL_SENS_OUT_5=34
THERMAL_SENS_OUT_6=-50
THERMAL_SENS_INT_1=28
THERMAL_SENS_INT_2=30
PG_5=1
PG_9=0
PG_12=1
FLT_P2=0
FLT_P3=0
HEAT_1_TEMP=28
HEAT_1_DUTY=0
HEAT_1_SP=-20.0
HEAT_2_TEMP=26
HEAT_2_DUTY=0
HEAT_2_SP=-20.0
HEAT_3_TEMP=28
HEAT_3_DUTY=0
HEAT_3_SP=-20.0
HEAT_4_TEMP=34
HEAT_4_DUTY=0
HEAT_4_SP=-20.0

[21:40:35.435 EBOX]
TS=1786200933.892
V_SENSE5=1.13037109375
V_SENSE9=0.0390625
V_SENSE12=0.1318359375
ADC_V5=4.96490478515625
ADC_V9=9.55810546875
ADC_V12=11.74407958984375
ADC_V28=27.74505615234375
THERMAL_SENS_OUT_1=31
THERMAL_SENS_OUT_2=-50
THERMAL_SENS_OUT_3=24
THERMAL_SENS_OUT_4=28
THERMAL_SENS_OUT_5=35
THERMAL_SENS_OUT_6=-50
THERMAL_SENS_INT_1=26
THERMAL_SENS_INT_2=30
PG_5=1
PG_9=0
PG_12=1
FLT_P2=0
FLT_P3=0
HEAT_1_TEMP=31
HEAT_1_DUTY=0
HEAT_1_SP=-20.0
HEAT_2_TEMP=24
HEAT_2_DUTY=0
HEAT_2_SP=-20.0
HEAT_3_TEMP=28
HEAT_3_DUTY=0
HEAT_3_SP=-20.0
HEAT_4_TEMP=35
HEAT_4_DUTY=0
HEAT_4_SP=-20.0

[21:40:35.438 CUBESAT]
TS=1786202702.448
PG_5=1
PG_9=0
PG_12=0
FLT_P2=0
FLT_P3=0
HEAT_1_TEMP=0.0
HEAT_1_DUTY=0
HEAT_1_SP=-20.0
ENC_RAW=2436
ENC_ANGLE=53.525390625
ENC_ACCUM=548.15185546875
AUTO_STOP=1
MOTOR_ANGLE=0.0019040697674418605
MOTOR_ACCUM=500.2344622093023
MOTOR_ROT=956

[21:40:36.319 EBOX]
TS=1786200934.402
V_SENSE5=1.1083984375
V_SENSE9=0.0341796875
V_SENSE12=0.1318359375
ADC_V5=4.849853515625
ADC_V9=9.451904296875
ADC_V12=11.54937744140625
ADC_V28=28.08135986328125
THERMAL_SENS_OUT_1=29
THERMAL_SENS_OUT_2=-50
THERMAL_SENS_OUT_3=25
THERMAL_SENS_OUT_4=29
THERMAL_SENS_OUT_5=36
THERMAL_SENS_OUT_6=-50
THERMAL_SENS_INT_1=26
THERMAL_SENS_INT_2=30
PG_5=1
PG_9=0
PG_12=1
FLT_P2=0
FLT_P3=0
HEAT_1_TEMP=29
HEAT_1_DUTY=0
HEAT_1_SP=-20.0
HEAT_2_TEMP=25
HEAT_2_DUTY=0
HEAT_2_SP=-20.0
HEAT_3_TEMP=29
HEAT_3_DUTY=0
HEAT_3_SP=-20.0
HEAT_4_TEMP=36
HEAT_4_DUTY=0
HEAT_4_SP=-20.0
TS=1786200934.895
V_SENSE5=1.2109375
V_SENSE9=0.0390625
V_SENSE12=0.15380859375
ADC_V5=5.0091552734375
ADC_V9=9.345703125
ADC_V12=11.95648193359375
ADC_V28=27.81585693359375
THERMAL_SENS_OUT_1=26
THERMAL_SENS_OUT_2=-50
THERMAL_SENS_OUT_3=26
THERMAL_SENS_OUT_4=27
THERMAL_SENS_OUT_5=35
THERMAL_SENS_OUT_6=-50
THERMAL_SENS_INT_1=28
THERMAL_SENS_INT_2=26
PG_5=1
PG_9=0
PG_12=1
FLT_P2=0
FLT_P3=0
HEAT_1_TEMP=26
HEAT_1_DUTY=0
HEAT_1_SP=-20.0
HEAT_2_TEMP=26
HEAT_2_DUTY=0
HEAT_2_SP=-20.0
HEAT_3_TEMP=27
HEAT_3_DUTY=0
HEAT_3_SP=-20.0
HEAT_4_TEMP=35
HEAT_4_DUTY=0
HEAT_4_SP=-20.0

[21:40:36.726 CUBESAT]
TS=1786202704.450
PG_5=1
PG_9=0
PG_12=0
FLT_P2=0
FLT_P3=0
HEAT_1_TEMP=0.0
HEAT_1_DUTY=0
HEAT_1_SP=-20.0
ENC_RAW=3067
ENC_ANGLE=67.39013671875
ENC_ACCUM=562.0166015625
AUTO_STOP=1
MOTOR_ANGLE=0.006468023255813954
MOTOR_ACCUM=512.7971656976745
MOTOR_ROT=980

[21:40:36.971 EBOX]
TS=1786200935.396
V_SENSE5=1.14501953125
V_SENSE9=0.04150390625
V_SENSE12=0.1025390625
ADC_V5=4.991455078125
ADC_V9=9.58465576171875
ADC_V12=11.575927734375
ADC_V28=27.42645263671875
THERMAL_SENS_OUT_1=27
THERMAL_SENS_OUT_2=-50
THERMAL_SENS_OUT_3=30
THERMAL_SENS_OUT_4=28
THERMAL_SENS_OUT_5=35
THERMAL_SENS_OUT_6=-50
THERMAL_SENS_INT_1=29
THERMAL_SENS_INT_2=28
PG_5=1
PG_9=0
PG_12=1
FLT_P2=0
FLT_P3=0
HEAT_1_TEMP=27
HEAT_1_DUTY=0
HEAT_1_SP=-20.0
HEAT_2_TEMP=30
HEAT_2_DUTY=0
HEAT_2_SP=-20.0
HEAT_3_TEMP=28
HEAT_3_DUTY=0
HEAT_3_SP=-20.0
HEAT_4_TEMP=35
HEAT_4_DUTY=0
HEAT_4_SP=-20.0
TS=1786200935.898
V_SENSE5=1.1767578125
V_SENSE9=0.0341796875
V_SENSE12=0.10498046875
ADC_V5=4.91180419921875
ADC_V9=9.310302734375
ADC_V12=11.788330078125
ADC_V28=28.01055908203125
THERMAL_SENS_OUT_1=29
THERMAL_SENS_OUT_2=-50
THERMAL_SENS_OUT_3=26
THERMAL_SENS_OUT_4=27
THERMAL_SENS_OUT_5=34
THERMAL_SENS_OUT_6=-50
THERMAL_SENS_INT_1=30
THERMAL_SENS_INT_2=27
PG_5=1
PG_9=0
PG_12=1
FLT_P2=0
FLT_P3=0
HEAT_1_TEMP=29
HEAT_1_DUTY=0
HEAT_1_SP=-20.0
HEAT_2_TEMP=26
HEAT_2_DUTY=0
HEAT_2_SP=-20.0
HEAT_3_TEMP=27
HEAT_3_DUTY=0
HEAT_3_SP=-20.0
HEAT_4_TEMP=34
HEAT_4_DUTY=0
HEAT_4_SP=-20.0

[21:40:37.496 EBOX]
TS=1786200936.398
V_SENSE5=1.1328125
V_SENSE9=0.0390625
V_SENSE12=0.1025390625
ADC_V5=5.00030517578125
ADC_V9=9.21295166015625
ADC_V12=11.90338134765625
ADC_V28=27.4530029296875
THERMAL_SENS_OUT_1=26
THERMAL_SENS_OUT_2=-50
THERMAL_SENS_OUT_3=27
THERMAL_SENS_OUT_4=28
THERMAL_SENS_OUT_5=34
THERMAL_SENS_OUT_6=-50
THERMAL_SENS_INT_1=27
THERMAL_SENS_INT_2=26
PG_5=1
PG_9=0
PG_12=1
FLT_P2=0
FLT_P3=0
HEAT_1_TEMP=26
HEAT_1_DUTY=0
HEAT_1_SP=-20.0
HEAT_2_TEMP=27
HEAT_2_DUTY=0
HEAT_2_SP=-20.0
HEAT_3_TEMP=28
HEAT_3_DUTY=0
HEAT_3_SP=-20.0
HEAT_4_TEMP=34
HEAT_4_DUTY=0
HEAT_4_SP=-20.0

[21:40:38.124 EBOX]
TS=1786200936.901
V_SENSE5=1.15478515625
V_SENSE9=0.06103515625
V_SENSE12=0.1220703125
ADC_V5=4.9383544921875
ADC_V9=9.27490234375
ADC_V12=11.53167724609375
ADC_V28=27.9486083984375
THERMAL_SENS_OUT_1=32
THERMAL_SENS_OUT_2=-50
THERMAL_SENS_OUT_3=29
THERMAL_SENS_OUT_4=26
THERMAL_SENS_OUT_5=33
THERMAL_SENS_OUT_6=-50
THERMAL_SENS_INT_1=30
THERMAL_SENS_INT_2=28
PG_5=1
PG_9=0
PG_12=1
FLT_P2=0
FLT_P3=0
HEAT_1_TEMP=32
HEAT_1_DUTY=0
HEAT_1_SP=-20.0
HEAT_2_TEMP=29
HEAT_2_DUTY=0
HEAT_2_SP=-20.0
HEAT_3_TEMP=26
HEAT_3_DUTY=0
HEAT_3_SP=-20.0
HEAT_4_TEMP=33
HEAT_4_DUTY=0
HEAT_4_SP=-20.0

[21:40:38.555 EBOX]
TS=1786200937.402
V_SENSE5=1.15478515625
V_SENSE9=0.03662109375
V_SENSE12=0.126953125
ADC_V5=4.9737548828125
ADC_V9=9.17755126953125
ADC_V12=11.646728515625
ADC_V28=28.10791015625
THERMAL_SENS_OUT_1=29
THERMAL_SENS_OUT_2=-50
THERMAL_SENS_OUT_3=25
THERMAL_SENS_OUT_4=29
THERMAL_SENS_OUT_5=32
THERMAL_SENS_OUT_6=-50
THERMAL_SENS_INT_1=26
THERMAL_SENS_INT_2=31
PG_5=1
PG_9=0
PG_12=1
FLT_P2=0
FLT_P3=0
HEAT_1_TEMP=29
HEAT_1_DUTY=0
HEAT_1_SP=-20.0
HEAT_2_TEMP=25
HEAT_2_DUTY=0
HEAT_2_SP=-20.0
HEAT_3_TEMP=29
HEAT_3_DUTY=0
HEAT_3_SP=-20.0
HEAT_4_TEMP=32
HEAT_4_DUTY=0
HEAT_4_SP=-20.0

[21:40:38.558 CUBESAT]
TS=1786202706.453
PG_5=1
PG_9=0
PG_12=0
FLT_P2=0
FLT_P3=0
HEAT_1_TEMP=0.0
HEAT_1_DUTY=10
HEAT_1_SP=-20.0
ENC_RAW=3697
ENC_ANGLE=81.23291015625
ENC_ACCUM=575.859375
AUTO_STOP=1
MOTOR_ANGLE=0.0019040697674418605
MOTOR_ACCUM=525.8739970930233
MOTOR_ROT=1005

[21:40:41.535 CUBESAT]
TS=1786202708.455
PG_5=1
PG_9=0
PG_12=0
FLT_P2=0
FLT_P3=0
HEAT_1_TEMP=0.0
HEAT_1_DUTY=0
HEAT_1_SP=-20.0
ENC_RAW=4317
ENC_ANGLE=94.85595703125
ENC_ACCUM=589.482421875
AUTO_STOP=1
MOTOR_ANGLE=0.006090116279069768
MOTOR_ACCUM=538.4363226744186
MOTOR_ROT=1029

[21:40:43.361 CUBESAT]
TS=1786202710.457
PG_5=1
PG_9=0
PG_12=0
FLT_P2=0
FLT_P3=0
HEAT_1_TEMP=0.0
HEAT_1_DUTY=0
HEAT_1_SP=-20.0
ENC_RAW=4958
ENC_ANGLE=108.9404296875
ENC_ACCUM=603.56689453125
AUTO_STOP=1
MOTOR_ANGLE=0.0015261627906976744
MOTOR_ACCUM=551.5131540697674
MOTOR_ROT=1054

[21:40:44.544 EBOX]
TS=1786200937.903
V_SENSE5=1.201171875
V_SENSE9=0.03662109375
V_SENSE12=0.1220703125
ADC_V5=5.00030517578125
ADC_V9=9.1510009765625
ADC_V12=11.575927734375
ADC_V28=28.072509765625
THERMAL_SENS_OUT_1=30
THERMAL_SENS_OUT_2=-50
THERMAL_SENS_OUT_3=26
THERMAL_SENS_OUT_4=30
THERMAL_SENS_OUT_5=30
THERMAL_SENS_OUT_6=-50
THERMAL_SENS_INT_1=24
THERMAL_SENS_INT_2=27
PG_5=1
PG_9=0
PG_12=1
FLT_P2=0
FLT_P3=0
HEAT_1_TEMP=30
HEAT_1_DUTY=0
HEAT_1_SP=-20.0
HEAT_2_TEMP=26
HEAT_2_DUTY=0
HEAT_2_SP=-20.0
HEAT_3_TEMP=30
HEAT_3_DUTY=0
HEAT_3_SP=-20.0
HEAT_4_TEMP=30
HEAT_4_DUTY=0
HEAT_4_SP=-20.0
TS=1786200938.405
V_SENSE5=1.17919921875
V_SENSE9=0.0390625
V_SENSE12=0.10498046875
ADC_V5=4.98260498046875
ADC_V9=9.1864013671875
ADC_V12=11.74407958984375
ADC_V28=27.7008056640625
THERMAL_SENS_OUT_1=31
THERMAL_SENS_OUT_2=-50
THERMAL_SENS_OUT_3=29
THERMAL_SENS_OUT_4=28
THERMAL_SENS_OUT_5=34
THERMAL_SENS_OUT_6=-50
THERMAL_SENS_INT_1=24
THERMAL_SENS_INT_2=26
PG_5=1
PG_9=0
PG_12=1
FLT_P2=0
FLT_P3=0
HEAT_1_TEMP=31
HEAT_1_DUTY=0
HEAT_1_SP=-20.0
HEAT_2_TEMP=29
HEAT_2_DUTY=0
HEAT_2_SP=-20.0
HEAT_3_TEMP=28
HEAT_3_DUTY=0
HEAT_3_SP=-20.0
HEAT_4_TEMP=34
HEAT_4_DUTY=0
HEAT_4_SP=-20.0
TS=1786200938.912
V_SENSE5=1.0888671875
V_SENSE9=0.0341796875
V_SENSE12=0.107421875
ADC_V5=5.00030517578125
ADC_V9=9.05364990234375
ADC_V12=11.611328125
ADC_V28=27.860107421875
THERMAL_SENS_OUT_1=32
THERMAL_SENS_OUT_2=-50
THERMAL_SENS_OUT_3=25
THERMAL_SENS_OUT_4=30
THERMAL_SENS_OUT_5=32
THERMAL_SENS_OUT_6=-50
THERMAL_SENS_INT_1=28
THERMAL_SENS_INT_2=26
PG_5=1
PG_9=0
PG_12=1
FLT_P2=0
FLT_P3=0
HEAT_1_TEMP=32
HEAT_1_DUTY=0
HEAT_1_SP=-20.0
HEAT_2_TEMP=25
HEAT_2_DUTY=0
HEAT_2_SP=-20.0
HEAT_3_TEMP=30
HEAT_3_DUTY=0
HEAT_3_SP=-20.0
HEAT_4_TEMP=32
HEAT_4_DUTY=0
HEAT_4_SP=-20.0
TS=1786200939.408
V_SENSE5=1.04736328125
V_SENSE9=0.04150390625
V_SENSE12=0.09521484375
ADC_V5=4.9737548828125
ADC_V9=9.1156005859375
ADC_V12=11.77947998046875
ADC_V28=27.65655517578125
THERMAL_SENS_OUT_1=28
THERMAL_SENS_OUT_2=-50
THERMAL_SENS_OUT_3=24
THERMAL_SENS_OUT_4=29
THERMAL_SENS_OUT_5=31
THERMAL_SENS_OUT_6=-50
THERMAL_SENS_INT_1=26
THERMAL_SENS_INT_2=31
PG_5=1
PG_9=0
PG_12=1
FLT_P2=0
FLT_P3=0
HEAT_1_TEMP=28
HEAT_1_DUTY=0
HEAT_1_SP=-20.0
HEAT_2_TEMP=24
HEAT_2_DUTY=0
HEAT_2_SP=-20.0
HEAT_3_TEMP=29
HEAT_3_DUTY=0
HEAT_3_SP=-20.0
HEAT_4_TEMP=31
HEAT_4_DUTY=0
HEAT_4_SP=-20.0
TS=1786200939.909
V_SENSE5=1.1669921875
V_SENSE9=0.03662109375
V_SENSE12=0.10009765625
ADC_V5=4.94720458984375
ADC_V9=8.9385986328125
ADC_V12=11.8060302734375
ADC_V28=27.3822021484375
THERMAL_SENS_OUT_1=26
THERMAL_SENS_OUT_2=-50
THERMAL_SENS_OUT_3=30
THERMAL_SENS_OUT_4=28
THERMAL_SENS_OUT_5=34
THERMAL_SENS_OUT_6=-50
THERMAL_SENS_INT_1=29
THERMAL_SENS_INT_2=27
PG_5=1
PG_9=0
PG_12=1
FLT_P2=0
FLT_P3=0
HEAT_1_TEMP=26
HEAT_1_DUTY=0
HEAT_1_SP=-20.0
HEAT_2_TEMP=30
HEAT_2_DUTY=0
HEAT_2_SP=-20.0
HEAT_3_TEMP=28
HEAT_3_DUTY=0
HEAT_3_SP=-20.0
HEAT_4_TEMP=34
HEAT_4_DUTY=0
HEAT_4_SP=-20.0
TS=1786200940.411
V_SENSE5=1.162109375
V_SENSE9=0.0341796875
V_SENSE12=0.1025390625
ADC_V5=4.92950439453125
ADC_V9=9.0093994140625
ADC_V12=11.88568115234375
ADC_V28=27.79815673828125
THERMAL_SENS_OUT_1=31
THERMAL_SENS_OUT_2=-50
THERMAL_SENS_OUT_3=29
THERMAL_SENS_OUT_4=26
THERMAL_SENS_OUT_5=32
THERMAL_SENS_OUT_6=-50
THERMAL_SENS_INT_1=26
THERMAL_SENS_INT_2=27
PG_5=1
PG_9=0
PG_12=1
FLT_P2=0
FLT_P3=0
HEAT_1_TEMP=31
HEAT_1_DUTY=0
HEAT_1_SP=-20.0
HEAT_2_TEMP=29
HEAT_2_DUTY=0
HEAT_2_SP=-20.0
HEAT_3_TEMP=26
HEAT_3_DUTY=0
HEAT_3_SP=-20.0
HEAT_4_TEMP=32
HEAT_4_DUTY=0
HEAT_4_SP=-20.0
TS=1786200940.911
V_SENSE5=1.1376953125
V_SENSE9=0.0341796875
V_SENSE12=0.1025390625
ADC_V5=5.01800537109375
ADC_V9=8.96514892578125
ADC_V12=11.5582275390625
ADC_V28=27.92205810546875
THERMAL_SENS_OUT_1=31
THERMAL_SENS_OUT_2=-50
THERMAL_SENS_OUT_3=29
THERMAL_SENS_OUT_4=26
THERMAL_SENS_OUT_5=33
THERMAL_SENS_OUT_6=-50
THERMAL_SENS_INT_1=29
THERMAL_SENS_INT_2=27
PG_5=1
PG_9=0
PG_12=1
FLT_P2=0
FLT_P3=0
HEAT_1_TEMP=31
HEAT_1_DUTY=0
HEAT_1_SP=-20.0
HEAT_2_TEMP=29
HEAT_2_DUTY=0
HEAT_2_SP=-20.0
HEAT_3_TEMP=26
HEAT_3_DUTY=0
HEAT_3_SP=-20.0
HEAT_4_TEMP=33
HEAT_4_DUTY=0
HEAT_4_SP=-20.0
TS=1786200941.419
V_SENSE5=1.123046875
V_SENSE9=0.0341796875
V_SENSE12=0.1171875
ADC_V5=4.87640380859375
ADC_V9=9.38995361328125
ADC_V12=11.88568115234375
ADC_V28=27.81585693359375
THERMAL_SENS_OUT_1=27
THERMAL_SENS_OUT_2=-50
THERMAL_SENS_OUT_3=25
THERMAL_SENS_OUT_4=32

[21:40:45.053 CUBESAT]
TS=1786202712.460
PG_5=1
PG_9=0
PG_12=0
FLT_P2=0
FLT_P3=0
HEAT_1_TEMP=0.0
HEAT_1_DUTY=0
HEAT_1_SP=-20.0
ENC_RAW=5609
ENC_ANGLE=123.24462890625
ENC_ACCUM=617.87109375
AUTO_STOP=1
MOTOR_ANGLE=0.0057122093023255814
MOTOR_ACCUM=564.0754796511628
MOTOR_ROT=1078

[21:40:45.554 EBOX]
THERMAL_SENS_OUT_5=32
THERMAL_SENS_OUT_6=-50
THERMAL_SENS_INT_1=25
THERMAL_SENS_INT_2=31
PG_5=1
PG_9=0
PG_12=1
FLT_P2=0
FLT_P3=0
HEAT_1_TEMP=27
HEAT_1_DUTY=0
HEAT_1_SP=-20.0
HEAT_2_TEMP=25
HEAT_2_DUTY=0
HEAT_2_SP=-20.0
HEAT_3_TEMP=32
HEAT_3_DUTY=0
HEAT_3_SP=-20.0
HEAT_4_TEMP=32
HEAT_4_DUTY=0
HEAT_4_SP=-20.0
TS=1786200941.914
V_SENSE5=1.1279296875
V_SENSE9=0.0390625
V_SENSE12=0.12939453125
ADC_V5=5.01800537109375
ADC_V9=9.35455322265625
ADC_V12=11.7706298828125
ADC_V28=28.15216064453125
THERMAL_SENS_OUT_1=30
THERMAL_SENS_OUT_2=-50
THERMAL_SENS_OUT_3=27
THERMAL_SENS_OUT_4=27
THERMAL_SENS_OUT_5=36
THERMAL_SENS_OUT_6=-50
THERMAL_SENS_INT_1=30
THERMAL_SENS_INT_2=27
PG_5=1
PG_9=0
PG_12=1
FLT_P2=0
FLT_P3=0
HEAT_1_TEMP=30
HEAT_1_DUTY=0
HEAT_1_SP=-20.0
HEAT_2_TEMP=27
HEAT_2_DUTY=0
HEAT_2_SP=-20.0
HEAT_3_TEMP=27
HEAT_3_DUTY=0
HEAT_3_SP=-20.0
HEAT_4_TEMP=36
HEAT_4_DUTY=0
HEAT_4_SP=-20.0
TS=1786200942.416
V_SENSE5=1.1181640625
V_SENSE9=0.0390625
V_SENSE12=0.1025390625
ADC_V5=4.9029541015625
ADC_V9=9.40765380859375
ADC_V12=11.89453125
ADC_V28=27.49725341796875
THERMAL_SENS_OUT_1=26
THERMAL_SENS_OUT_2=-50
THERMAL_SENS_OUT_3=30
THERMAL_SENS_OUT_4=26
THERMAL_SENS_OUT_5=32
THERMAL_SENS_OUT_6=-50
THERMAL_SENS_INT_1=29
THERMAL_SENS_INT_2=27
PG_5=1
PG_9=0
PG_12=1
FLT_P2=0
FLT_P3=0
HEAT_1_TEMP=26
HEAT_1_DUTY=0
HEAT_1_SP=-20.0
HEAT_2_TEMP=30
HEAT_2_DUTY=0
HEAT_2_SP=-20.0
HEAT_3_TEMP=26
HEAT_3_DUTY=0
HEAT_3_SP=-20.0
HEAT_4_TEMP=32
HEAT_4_DUTY=0
HEAT_4_SP=-20.0

[21:40:45.715 EBOX]
TS=1786200942.917
V_SENSE5=1.1572265625
V_SENSE9=0.03662109375
V_SENSE12=0.1025390625
ADC_V5=5.0091552734375
ADC_V9=9.41650390625
ADC_V12=11.49627685546875
ADC_V28=27.789306640625
THERMAL_SENS_OUT_1=29
THERMAL_SENS_OUT_2=-50
THERMAL_SENS_OUT_3=28
THERMAL_SENS_OUT_4=27
THERMAL_SENS_OUT_5=33
THERMAL_SENS_OUT_6=-50
THERMAL_SENS_INT_1=27
THERMAL_SENS_INT_2=26
PG_5=1
PG_9=0
PG_12=1
FLT_P2=0
FLT_P3=0
HEAT_1_TEMP=29
HEAT_1_DUTY=0
HEAT_1_SP=-20.0
HEAT_2_TEMP=28
HEAT_2_DUTY=0
HEAT_2_SP=-20.0
HEAT_3_TEMP=27
HEAT_3_DUTY=0
HEAT_3_SP=-20.0
HEAT_4_TEMP=33
HEAT_4_DUTY=0
HEAT_4_SP=-20.0
TS=1786200943.418
V_SENSE5=1.19140625
V_SENSE9=0.04150390625
V_SENSE12=0.09765625
ADC_V5=4.991455078125
ADC_V9=9.60235595703125
ADC_V12=11.8414306640625
ADC_V28=27.32025146484375
THERMAL_SENS_OUT_1=27
THERMAL_SENS_OUT_2=-50
THERMAL_SENS_OUT_3=26
THERMAL_SENS_OUT_4=30
THERMAL_SENS_OUT_5=31
THERMAL_SENS_OUT_6=-50
THERMAL_SENS_INT_1=29
THERMAL_SENS_INT_2=27
PG_5=1
PG_9=0
PG_12=1
FLT_P2=0
FLT_P3=0
HEAT_1_TEMP=27
HEAT_1_DUTY=0
HEAT_1_SP=-20.0
HEAT_2_TEMP=26
HEAT_2_DUTY=0
HEAT_2_SP=-20.0
HEAT_3_TEMP=30
HEAT_3_DUTY=0
HEAT_3_SP=-20.0
HEAT_4_TEMP=31
HEAT_4_DUTY=0
HEAT_4_SP=-20.0
TS=1786200943.919
V_SENSE5=1.15234375
V_SENSE9=0.0390625
V_SENSE12=0.1025390625
ADC_V5=4.9560546875
ADC_V9=9.42535400390625
ADC_V12=11.79718017578125
ADC_V28=27.3468017578125
THERMAL_SENS_OUT_1=32
THERMAL_SENS_OUT_2=-50
THERMAL_SENS_OUT_3=28
THERMAL_SENS_OUT_4=29
THERMAL_SENS_OUT_5=30

[21:40:46.776 EBOX]
THERMAL_SENS_OUT_6=-50
THERMAL_SENS_INT_1=25
THERMAL_SENS_INT_2=31
PG_5=1
PG_9=0
PG_12=1
FLT_P2=0
FLT_P3=0
HEAT_1_TEMP=32
HEAT_1_DUTY=0
HEAT_1_SP=-20.0
HEAT_2_TEMP=28
HEAT_2_DUTY=0
HEAT_2_SP=-20.0
HEAT_3_TEMP=29
HEAT_3_DUTY=0
HEAT_3_SP=-20.0
HEAT_4_TEMP=30
HEAT_4_DUTY=0
HEAT_4_SP=-20.0
TS=1786200944.420
V_SENSE5=1.16943359375
V_SENSE9=0.0390625
V_SENSE12=0.1318359375
ADC_V5=4.87640380859375
ADC_V9=9.2572021484375
ADC_V12=11.82373046875
ADC_V28=28.08135986328125
THERMAL_SENS_OUT_1=28
THERMAL_SENS_OUT_2=-50
THERMAL_SENS_OUT_3=26
THERMAL_SENS_OUT_4=31
THERMAL_SENS_OUT_5=35
THERMAL_SENS_OUT_6=-50
THERMAL_SENS_INT_1=27
THERMAL_SENS_INT_2=30
PG_5=1
PG_9=0
PG_12=1
FLT_P2=0
FLT_P3=0
HEAT_1_TEMP=28
HEAT_1_DUTY=0
HEAT_1_SP=-20.0
HEAT_2_TEMP=26
HEAT_2_DUTY=0
HEAT_2_SP=-20.0
HEAT_3_TEMP=31
HEAT_3_DUTY=0
HEAT_3_SP=-20.0
HEAT_4_TEMP=35
HEAT_4_DUTY=0
HEAT_4_SP=-20.0
TS=1786200944.921
V_SENSE5=1.1181640625
V_SENSE9=0.03662109375
V_SENSE12=0.0927734375
ADC_V5=4.89410400390625
ADC_V9=9.08905029296875
ADC_V12=11.77947998046875
ADC_V28=27.42645263671875
THERMAL_SENS_OUT_1=26
THERMAL_SENS_OUT_2=-50
THERMAL_SENS_OUT_3=26
THERMAL_SENS_OUT_4=31
THERMAL_SENS_OUT_5=32
THERMAL_SENS_OUT_6=-50
THERMAL_SENS_INT_1=26
THERMAL_SENS_INT_2=27
PG_5=1
PG_9=0
PG_12=1
FLT_P2=0
FLT_P3=0
HEAT_1_TEMP=26
HEAT_1_DUTY=0
HEAT_1_SP=-20.0
HEAT_2_TEMP=26
HEAT_2_DUTY=0
HEAT_2_SP=-20.0
HEAT_3_TEMP=31
HEAT_3_DUTY=0
HEAT_3_SP=-20.0
HEAT_4_TEMP=32
HEAT_4_DUTY=0
HEAT_4_SP=-20.0

[21:40:48.041 EBOX]
TS=1786200945.423
V_SENSE5=1.18896484375
V_SENSE9=0.0390625
V_SENSE12=0.10498046875
ADC_V5=5.01800537109375
ADC_V9=9.2218017578125
ADC_V12=11.54937744140625
ADC_V28=28.001708984375
THERMAL_SENS_OUT_1=31
THERMAL_SENS_OUT_2=-50
THERMAL_SENS_OUT_3=29
THERMAL_SENS_OUT_4=26
THERMAL_SENS_OUT_5=32
THERMAL_SENS_OUT_6=-50
THERMAL_SENS_INT_1=24
THERMAL_SENS_INT_2=28
PG_5=1
PG_9=0
PG_12=1
FLT_P2=0
FLT_P3=0
HEAT_1_TEMP=31
HEAT_1_DUTY=0
HEAT_1_SP=-20.0
HEAT_2_TEMP=29
HEAT_2_DUTY=0
HEAT_2_SP=-20.0
HEAT_3_TEMP=26
HEAT_3_DUTY=0
HEAT_3_SP=-20.0
HEAT_4_TEMP=32
HEAT_4_DUTY=0
HEAT_4_SP=-20.0
TS=1786200945.934
V_SENSE5=1.12548828125
V_SENSE9=0.03662109375
V_SENSE12=0.107421875
ADC_V5=5.08880615234375
ADC_V9=8.956298828125
ADC_V12=11.7529296875
ADC_V28=27.8424072265625
THERMAL_SENS_OUT_1=26
THERMAL_SENS_OUT_2=-50
THERMAL_SENS_OUT_3=25
THERMAL_SENS_OUT_4=27
THERMAL_SENS_OUT_5=32
THERMAL_SENS_OUT_6=-50
THERMAL_SENS_INT_1=26
THERMAL_SENS_INT_2=27
PG_5=1
PG_9=0
PG_12=1
FLT_P2=0
FLT_P3=0
HEAT_1_TEMP=26
HEAT_1_DUTY=0
HEAT_1_SP=-20.0
HEAT_2_TEMP=25
HEAT_2_DUTY=0
HEAT_2_SP=-20.0
HEAT_3_TEMP=27
HEAT_3_DUTY=0
HEAT_3_SP=-20.0
HEAT_4_TEMP=32
HEAT_4_DUTY=0
HEAT_4_SP=-20.0
TS=1786200946.426
V_SENSE5=1.14501953125
V_SENSE9=0.0341796875
V_SENSE12=0.107421875
ADC_V5=5.00030517578125
ADC_V9=9.1510009765625
ADC_V12=11.72637939453125
ADC_V28=28.04595947265625
THERMAL_SENS_OUT_1=28
THERMAL_SENS_OUT_2=-50
THERMAL_SENS_OUT_3=28
THERMAL_SENS_OUT_4=31

[21:40:48.169 EBOX]
THERMAL_SENS_OUT_5=32
THERMAL_SENS_OUT_6=-50
THERMAL_SENS_INT_1=29
THERMAL_SENS_INT_2=26
PG_5=1
PG_9=0
PG_12=1
FLT_P2=0
FLT_P3=0
HEAT_1_TEMP=28
HEAT_1_DUTY=0
HEAT_1_SP=-20.0
HEAT_2_TEMP=28
HEAT_2_DUTY=0
HEAT_2_SP=-20.0
HEAT_3_TEMP=31
HEAT_3_DUTY=0
HEAT_3_SP=-20.0
HEAT_4_TEMP=32
HEAT_4_DUTY=0
HEAT_4_SP=-20.0

[21:40:48.789 CUBESAT]
TS=1786202714.462
PG_5=1
PG_9=0
PG_12=0
FLT_P2=0
FLT_P3=0
HEAT_1_TEMP=0.0
HEAT_1_DUTY=0
HEAT_1_SP=-20.0
ENC_RAW=6261
ENC_ANGLE=137.57080078125
ENC_ACCUM=632.197265625
AUTO_STOP=1
MOTOR_ANGLE=0.0011482558139534885
MOTOR_ACCUM=577.1523110465116
MOTOR_ROT=1103

[21:40:49.216 EBOX]
TS=1786200946.926
V_SENSE5=1.142578125
V_SENSE9=0.03662109375
V_SENSE12=0.1025390625
ADC_V5=4.84100341796875
ADC_V9=9.13330078125
ADC_V12=11.7529296875
ADC_V28=27.62115478515625
THERMAL_SENS_OUT_1=32
THERMAL_SENS_OUT_2=-50
THERMAL_SENS_OUT_3=25
THERMAL_SENS_OUT_4=29
THERMAL_SENS_OUT_5=35
THERMAL_SENS_OUT_6=-50
THERMAL_SENS_INT_1=29
THERMAL_SENS_INT_2=28
PG_5=1
PG_9=0
PG_12=1
FLT_P2=0
FLT_P3=0
HEAT_1_TEMP=32
HEAT_1_DUTY=0
HEAT_1_SP=-20.0
HEAT_2_TEMP=25
HEAT_2_DUTY=0
HEAT_2_SP=-20.0
HEAT_3_TEMP=29
HEAT_3_DUTY=0
HEAT_3_SP=-20.0
HEAT_4_TEMP=35
HEAT_4_DUTY=0
HEAT_4_SP=-20.0
TS=1786200947.431
V_SENSE5=1.28662109375
V_SENSE9=0.0341796875
V_SENSE12=0.1025390625
ADC_V5=4.9029541015625
ADC_V9=8.99169921875
ADC_V12=11.5582275390625
ADC_V28=28.10791015625
THERMAL_SENS_OUT_1=27
THERMAL_SENS_OUT_2=-50
THERMAL_SENS_OUT_3=25
THERMAL_SENS_OUT_4=27
THERMAL_SENS_OUT_5=30
THERMAL_SENS_OUT_6=-50
THERMAL_SENS_INT_1=27
THERMAL_SENS_INT_2=25
PG_5=1
PG_9=0
PG_12=1
FLT_P2=0
FLT_P3=0
HEAT_1_TEMP=27
HEAT_1_DUTY=0
HEAT_1_SP=-20.0
HEAT_2_TEMP=25
HEAT_2_DUTY=0
HEAT_2_SP=-20.0
HEAT_3_TEMP=27
HEAT_3_DUTY=0
HEAT_3_SP=-20.0
HEAT_4_TEMP=30
HEAT_4_DUTY=0
HEAT_4_SP=-20.0

[21:40:51.576 EBOX]
TS=1786200947.928
V_SENSE5=1.13525390625
V_SENSE9=0.03662109375
V_SENSE12=0.09521484375
ADC_V5=4.98260498046875
ADC_V9=8.9031982421875
ADC_V12=11.859130859375
ADC_V28=27.32025146484375
THERMAL_SENS_OUT_1=28
THERMAL_SENS_OUT_2=-50
THERMAL_SENS_OUT_3=27
THERMAL_SENS_OUT_4=26
THERMAL_SENS_OUT_5=33
THERMAL_SENS_OUT_6=-50
THERMAL_SENS_INT_1=24
THERMAL_SENS_INT_2=27
PG_5=1
PG_9=0
PG_12=1
FLT_P2=0
FLT_P3=0
HEAT_1_TEMP=28
HEAT_1_DUTY=0
HEAT_1_SP=-20.0
HEAT_2_TEMP=27
HEAT_2_DUTY=0
HEAT_2_SP=-20.0
HEAT_3_TEMP=26
HEAT_3_DUTY=0
HEAT_3_SP=-20.0
HEAT_4_TEMP=33
HEAT_4_DUTY=0
HEAT_4_SP=-20.0
TS=1786200948.439
V_SENSE5=1.10107421875
V_SENSE9=0.03662109375
V_SENSE12=0.10498046875
ADC_V5=4.920654296875
ADC_V9=9.0093994140625
ADC_V12=11.77947998046875
ADC_V28=27.16094970703125
THERMAL_SENS_OUT_1=27
THERMAL_SENS_OUT_2=-50
THERMAL_SENS_OUT_3=26
THERMAL_SENS_OUT_4=27
THERMAL_SENS_OUT_5=32
THERMAL_SENS_OUT_6=-50
THERMAL_SENS_INT_1=27
THERMAL_SENS_INT_2=29
PG_5=1
PG_9=0
PG_12=1
FLT_P2=0
FLT_P3=0
HEAT_1_TEMP=27
HEAT_1_DUTY=0
HEAT_1_SP=-20.0
HEAT_2_TEMP=26
HEAT_2_DUTY=0
HEAT_2_SP=-20.0
HEAT_3_TEMP=27
HEAT_3_DUTY=0
HEAT_3_SP=-20.0
HEAT_4_TEMP=32
HEAT_4_DUTY=0
HEAT_4_SP=-20.0
TS=1786200948.940
V_SENSE5=1.06201171875
V_SENSE9=0.0341796875
V_SENSE12=0.1025390625
ADC_V5=4.849853515625
ADC_V9=8.82354736328125
ADC_V12=11.95648193359375
ADC_V28=27.6654052734375
THERMAL_SENS_OUT_1=27
THERMAL_SENS_OUT_2=-50
THERMAL_SENS_OUT_3=25
THERMAL_SENS_OUT_4=32
THERMAL_SENS_OUT_5=33
THERMAL_SENS_OUT_6=-50
THERMAL_SENS_INT_1=24
THERMAL_SENS_INT_2=29
PG_5=1
PG_9=0
PG_12=1
FLT_P2=0
FLT_P3=0
HEAT_1_TEMP=27
HEAT_1_DUTY=0
HEAT_1_SP=-20.0
HEAT_2_TEMP=25
HEAT_2_DUTY=0
HEAT_2_SP=-20.0
HEAT_3_TEMP=32
HEAT_3_DUTY=0
HEAT_3_SP=-20.0
HEAT_4_TEMP=33
HEAT_4_DUTY=0
HEAT_4_SP=-20.0
TS=1786200949.438
V_SENSE5=1.0986328125
V_SENSE9=0.03662109375
V_SENSE12=0.13671875
ADC_V5=4.94720458984375
ADC_V9=8.8677978515625
ADC_V12=11.76177978515625
ADC_V28=27.88665771484375
THERMAL_SENS_OUT_1=28
THERMAL_SENS_OUT_2=-50
THERMAL_SENS_OUT_3=26
THERMAL_SENS_OUT_4=26
THERMAL_SENS_OUT_5=31
THERMAL_SENS_OUT_6=-50
THERMAL_SENS_INT_1=26
THERMAL_SENS_INT_2=26
PG_5=1
PG_9=0
PG_12=1
FLT_P2=0
FLT_P3=0
HEAT_1_TEMP=28
HEAT_1_DUTY=0
HEAT_1_SP=-20.0
HEAT_2_TEMP=26
HEAT_2_DUTY=0
HEAT_2_SP=-20.0
HEAT_3_TEMP=26
HEAT_3_DUTY=0
HEAT_3_SP=-20.0
HEAT_4_TEMP=31
HEAT_4_DUTY=0
HEAT_4_SP=-20.0
TS=1786200949.936
V_SENSE5=1.1865234375
V_SENSE9=0.0390625
V_SENSE12=0.1171875
ADC_V5=5.0091552734375
ADC_V9=9.42535400390625
ADC_V12=11.88568115234375
ADC_V28=27.96630859375
THERMAL_SENS_OUT_1=32
THERMAL_SENS_OUT_2=-50
THERMAL_SENS_OUT_3=26
THERMAL_SENS_OUT_4=27
THERMAL_SENS_OUT_5=35

[21:40:51.581 CUBESAT]
TS=1786202716.464
PG_5=1
PG_9=0
PG_12=0
FLT_P2=0
FLT_P3=0
HEAT_1_TEMP=0.0
HEAT_1_DUTY=10
HEAT_1_SP=-20.0
ENC_RAW=6923
ENC_ANGLE=152.11669921875
ENC_ACCUM=646.7431640625
AUTO_STOP=1
MOTOR_ANGLE=0.005334302325581395
MOTOR_ACCUM=589.714636627907
MOTOR_ROT=1127

[21:40:51.829 CUBESAT]
TS=1786202718.466
PG_5=1
PG_9=0
PG_12=0
FLT_P2=0
FLT_P3=0
HEAT_1_TEMP=0.0
HEAT_1_DUTY=0
HEAT_1_SP=-20.0
ENC_RAW=7593
ENC_ANGLE=166.83837890625
ENC_ACCUM=661.46484375
AUTO_STOP=1
MOTOR_ANGLE=0.0007558139534883722
MOTOR_ACCUM=602.7914534883721
MOTOR_ROT=1152

[21:40:53.946 CUBESAT]
TS=1786202720.468
PG_5=1
PG_9=0
PG_12=0
FLT_P2=0
FLT_P3=0
HEAT_1_TEMP=0.0
HEAT_1_DUTY=0
HEAT_1_SP=-20.0
ENC_RAW=8264
ENC_ANGLE=181.58203125
ENC_ACCUM=676.20849609375
AUTO_STOP=1
MOTOR_ANGLE=0.004941860465116279
MOTOR_ACCUM=615.3537790697675
MOTOR_ROT=1176

[21:40:54.556 CUBESAT]
TS=1786202722.470
PG_5=1
PG_9=0
PG_12=0
FLT_P2=0
FLT_P3=0
HEAT_1_TEMP=0.0
HEAT_1_DUTY=10
HEAT_1_SP=-20.0
ENC_RAW=8932
ENC_ANGLE=196.259765625
ENC_ACCUM=690.88623046875
AUTO_STOP=1
MOTOR_ANGLE=0.0003779069767441861
MOTOR_ACCUM=628.4306104651163
MOTOR_ROT=1201

[21:40:55.386 EBOX]
THERMAL_SENS_OUT_6=-50
THERMAL_SENS_INT_1=29
THERMAL_SENS_INT_2=27
PG_5=1
PG_9=0
PG_12=1
FLT_P2=0
FLT_P3=0
HEAT_1_TEMP=32
HEAT_1_DUTY=0
HEAT_1_SP=-20.0
HEAT_2_TEMP=26
HEAT_2_DUTY=0
HEAT_2_SP=-20.0
HEAT_3_TEMP=27
HEAT_3_DUTY=0
HEAT_3_SP=-20.0
HEAT_4_TEMP=35
HEAT_4_DUTY=0
HEAT_4_SP=-20.0
TS=1786200950.437
V_SENSE5=1.15478515625
V_SENSE9=0.0390625
V_SENSE12=0.1025390625
ADC_V5=4.94720458984375
ADC_V9=9.5050048828125
ADC_V12=11.85028076171875
ADC_V28=28.04595947265625
THERMAL_SENS_OUT_1=29
THERMAL_SENS_OUT_2=-50
THERMAL_SENS_OUT_3=26
THERMAL_SENS_OUT_4=30
THERMAL_SENS_OUT_5=34
THERMAL_SENS_OUT_6=-50
THERMAL_SENS_INT_1=29
THERMAL_SENS_INT_2=26
PG_5=1
PG_9=0
PG_12=1
FLT_P2=0
FLT_P3=0
HEAT_1_TEMP=29
HEAT_1_DUTY=0
HEAT_1_SP=-20.0
HEAT_2_TEMP=26
HEAT_2_DUTY=0
HEAT_2_SP=-20.0
HEAT_3_TEMP=30
HEAT_3_DUTY=0
HEAT_3_SP=-20.0
HEAT_4_TEMP=34
HEAT_4_DUTY=0
HEAT_4_SP=-20.0
TS=1786200950.938
V_SENSE5=1.19873046875
V_SENSE9=0.0390625
V_SENSE12=0.1171875
ADC_V5=4.9383544921875
ADC_V9=9.4873046875
ADC_V12=11.5936279296875
ADC_V28=27.28485107421875
THERMAL_SENS_OUT_1=27
THERMAL_SENS_OUT_2=-50
THERMAL_SENS_OUT_3=25
THERMAL_SENS_OUT_4=28
THERMAL_SENS_OUT_5=31
THERMAL_SENS_OUT_6=-50
THERMAL_SENS_INT_1=25
THERMAL_SENS_INT_2=30
PG_5=1
PG_9=0
PG_12=1
FLT_P2=0
FLT_P3=0
HEAT_1_TEMP=27
HEAT_1_DUTY=0
HEAT_1_SP=-20.0
HEAT_2_TEMP=25
HEAT_2_DUTY=0
HEAT_2_SP=-20.0
HEAT_3_TEMP=28
HEAT_3_DUTY=0
HEAT_3_SP=-20.0
HEAT_4_TEMP=31
HEAT_4_DUTY=0
HEAT_4_SP=-20.0

[21:40:55.646 EBOX]
TS=1786200951.440
V_SENSE5=1.19140625
V_SENSE9=0.0390625
V_SENSE12=0.1318359375
ADC_V5=5.00030517578125
ADC_V9=9.1864013671875
ADC_V12=11.8768310546875
ADC_V28=27.42645263671875
THERMAL_SENS_OUT_1=26
THERMAL_SENS_OUT_2=-50
THERMAL_SENS_OUT_3=24
THERMAL_SENS_OUT_4=27
THERMAL_SENS_OUT_5=36
THERMAL_SENS_OUT_6=-50
THERMAL_SENS_INT_1=29
THERMAL_SENS_INT_2=27
PG_5=1
PG_9=0
PG_12=1
FLT_P2=0
FLT_P3=0
HEAT_1_TEMP=26
HEAT_1_DUTY=0
HEAT_1_SP=-20.0
HEAT_2_TEMP=24
HEAT_2_DUTY=0
HEAT_2_SP=-20.0
HEAT_3_TEMP=27
HEAT_3_DUTY=0
HEAT_3_SP=-20.0
HEAT_4_TEMP=36
HEAT_4_DUTY=0
HEAT_4_SP=-20.0
TS=1786200951.948
V_SENSE5=1.07177734375
V_SENSE9=0.03662109375
V_SENSE12=0.09521484375
ADC_V5=4.991455078125
ADC_V9=9.451904296875
ADC_V12=11.6644287109375
ADC_V28=28.0902099609375
THERMAL_SENS_OUT_1=29
THERMAL_SENS_OUT_2=-50
THERMAL_SENS_OUT_3=26
THERMAL_SENS_OUT_4=32
THERMAL_SENS_OUT_5=33
THERMAL_SENS_OUT_6=-50
THERMAL_SENS_INT_1=25
THERMAL_SENS_INT_2=31
PG_5=1
PG_9=0
PG_12=1
FLT_P2=0
FLT_P3=0
HEAT_1_TEMP=29
HEAT_1_DUTY=0
HEAT_1_SP=-20.0
HEAT_2_TEMP=26
HEAT_2_DUTY=0
HEAT_2_SP=-20.0
HEAT_3_TEMP=32
HEAT_3_DUTY=0
HEAT_3_SP=-20.0
HEAT_4_TEMP=33
HEAT_4_DUTY=0
HEAT_4_SP=-20.0
TS=1786200952.443
V_SENSE5=0.90576171875
V_SENSE9=0.03662109375
V_SENSE12=0.107421875
ADC_V5=4.920654296875
ADC_V9=9.37225341796875
ADC_V12=11.9122314453125
ADC_V28=27.789306640625
THERMAL_SENS_OUT_1=28
THERMAL_SENS_OUT_2=-50
THERMAL_SENS_OUT_3=26
THERMAL_SENS_OUT_4=29
THERMAL_SENS_OUT_5=30
THERMAL_SENS_OUT_6=-50
THERMAL_SENS_INT_1=25
THERMAL_SENS_INT_2=30
PG_5=1
PG_9=0
PG_12=1
FLT_P2=0
FLT_P3=0
HEAT_1_TEMP=28
HEAT_1_DUTY=0
HEAT_1_SP=-20.0
HEAT_2_TEMP=26
HEAT_2_DUTY=0
HEAT_2_SP=-20.0
HEAT_3_TEMP=29
HEAT_3_DUTY=0
HEAT_3_SP=-20.0
HEAT_4_TEMP=30
HEAT_4_DUTY=0
HEAT_4_SP=-20.0
TS=1786200952.945
V_SENSE5=1.16455078125
V_SENSE9=0.03662109375
V_SENSE12=0.09765625
ADC_V5=4.991455078125
ADC_V9=9.14215087890625
ADC_V12=11.90338134765625
ADC_V28=27.51495361328125
THERMAL_SENS_OUT_1=28
THERMAL_SENS_OUT_2=-50
THERMAL_SENS_OUT_3=30
THERMAL_SENS_OUT_4=28
THERMAL_SENS_OUT_5=33
THERMAL_SENS_OUT_6=-50
THERMAL_SENS_INT_1=27
THERMAL_SENS_INT_2=31
PG_5=1
PG_9=0
PG_12=1
FLT_P2=0
FLT_P3=0
HEAT_1_TEMP=28
HEAT_1_DUTY=0
HEAT_1_SP=-20.0
HEAT_2_TEMP=30
HEAT_2_DUTY=0
HEAT_2_SP=-20.0
HEAT_3_TEMP=28
HEAT_3_DUTY=0
HEAT_3_SP=-20.0
HEAT_4_TEMP=33
HEAT_4_DUTY=0
HEAT_4_SP=-20.0
TS=1786200953.445
V_SENSE5=1.24755859375
V_SENSE9=0.0341796875
V_SENSE12=0.10986328125
ADC_V5=4.9029541015625
ADC_V9=9.027099609375
ADC_V12=11.7529296875
ADC_V28=27.74505615234375
THERMAL_SENS_OUT_1=28
THERMAL_SENS_OUT_2=-50
THERMAL_SENS_OUT_3=25
THERMAL_SENS_OUT_4=29
THERMAL_SENS_OUT_5=33
THERMAL_SENS_OUT_6=-50
THERMAL_SENS_INT_1=29
THERMAL_SENS_INT_2=28
PG_5=1
PG_9=0
PG_12=1
FLT_P2=0
FLT_P3=0
HEAT_1_TEMP=28
HEAT_1_DUTY=0
HEAT_1_SP=-20.0
HEAT_2_TEMP=25
HEAT_2_DUTY=0
HEAT_2_SP=-20.0
HEAT_3_TEMP=29
HEAT_3_DUTY=0
HEAT_3_SP=-20.0
HEAT_4_TEMP=33
HEAT_4_DUTY=0
HEAT_4_SP=-20.0

[21:40:56.153 CUBESAT]
TS=1786202724.472
PG_5=1
PG_9=0
PG_12=0
FLT_P2=0
FLT_P3=0
HEAT_1_TEMP=0.0
HEAT_1_DUTY=0
HEAT_1_SP=-20.0
ENC_RAW=9595
ENC_ANGLE=210.82763671875
ENC_ACCUM=705.4541015625
AUTO_STOP=1
MOTOR_ANGLE=0.004941860465116279
MOTOR_ACCUM=640.9933139534884
MOTOR_ROT=1225

[21:40:58.767 EBOX]
TS=1786200953.950
V_SENSE5=1.181640625
V_SENSE9=0.07568359375
V_SENSE12=0.1220703125
ADC_V5=4.94720458984375
ADC_V9=8.956298828125
ADC_V12=11.90338134765625
ADC_V28=27.6123046875
THERMAL_SENS_OUT_1=27
THERMAL_SENS_OUT_2=-50
THERMAL_SENS_OUT_3=29
THERMAL_SENS_OUT_4=27
THERMAL_SENS_OUT_5=31
THERMAL_SENS_OUT_6=-50
THERMAL_SENS_INT_1=30
THERMAL_SENS_INT_2=28
PG_5=1
PG_9=0
PG_12=1
FLT_P2=0
FLT_P3=0
HEAT_1_TEMP=27
HEAT_1_DUTY=0
HEAT_1_SP=-20.0
HEAT_2_TEMP=29
HEAT_2_DUTY=0
HEAT_2_SP=-20.0
HEAT_3_TEMP=27
HEAT_3_DUTY=0
HEAT_3_SP=-20.0
HEAT_4_TEMP=31
HEAT_4_DUTY=0
HEAT_4_SP=-20.0
TS=1786200954.457
V_SENSE5=1.06689453125
V_SENSE9=0.03173828125
V_SENSE12=0.09765625
ADC_V5=4.9560546875
ADC_V9=8.8677978515625
ADC_V12=11.86798095703125
ADC_V28=27.10784912109375
THERMAL_SENS_OUT_1=28
THERMAL_SENS_OUT_2=-50
THERMAL_SENS_OUT_3=28
THERMAL_SENS_OUT_4=27
THERMAL_SENS_OUT_5=37
THERMAL_SENS_OUT_6=-50
THERMAL_SENS_INT_1=24
THERMAL_SENS_INT_2=27
PG_5=1
PG_9=0
PG_12=1
FLT_P2=0
FLT_P3=0
HEAT_1_TEMP=28
HEAT_1_DUTY=0
HEAT_1_SP=-20.0
HEAT_2_TEMP=28
HEAT_2_DUTY=0
HEAT_2_SP=-20.0
HEAT_3_TEMP=27
HEAT_3_DUTY=0
HEAT_3_SP=-20.0
HEAT_4_TEMP=37
HEAT_4_DUTY=0
HEAT_4_SP=-20.0
TS=1786200954.960
V_SENSE5=1.15234375
V_SENSE9=0.0341796875
V_SENSE12=0.10009765625
ADC_V5=4.98260498046875
ADC_V9=8.7969970703125
ADC_V12=11.788330078125
ADC_V28=28.1610107421875
THERMAL_SENS_OUT_1=26
THERMAL_SENS_OUT_2=-50
THERMAL_SENS_OUT_3=25
THERMAL_SENS_OUT_4=28
THERMAL_SENS_OUT_5=31
THERMAL_SENS_OUT_6=-50
THERMAL_SENS_INT_1=25
THERMAL_SENS_INT_2=30
PG_5=1
PG_9=0
PG_12=1
FLT_P2=0
FLT_P3=0
HEAT_1_TEMP=26
HEAT_1_DUTY=0
HEAT_1_SP=-20.0
HEAT_2_TEMP=25
HEAT_2_DUTY=0
HEAT_2_SP=-20.0
HEAT_3_TEMP=28
HEAT_3_DUTY=0
HEAT_3_SP=-20.0
HEAT_4_TEMP=31
HEAT_4_DUTY=0
HEAT_4_SP=-20.0

[21:41:00.086 EBOX]
TS=1786200955.462
V_SENSE5=0.95947265625
V_SENSE9=0.03662109375
V_SENSE12=0.1318359375
ADC_V5=4.87640380859375
ADC_V9=9.345703125
ADC_V12=11.85028076171875
ADC_V28=27.97515869140625
THERMAL_SENS_OUT_1=31
THERMAL_SENS_OUT_2=-50
THERMAL_SENS_OUT_3=28
THERMAL_SENS_OUT_4=30
THERMAL_SENS_OUT_5=30
THERMAL_SENS_OUT_6=-50
THERMAL_SENS_INT_1=29
THERMAL_SENS_INT_2=27
PG_5=1
PG_9=0
PG_12=1
FLT_P2=0
FLT_P3=0
HEAT_1_TEMP=31
HEAT_1_DUTY=0
HEAT_1_SP=-20.0
HEAT_2_TEMP=28
HEAT_2_DUTY=0
HEAT_2_SP=-20.0
HEAT_3_TEMP=30
HEAT_3_DUTY=0
HEAT_3_SP=-20.0
HEAT_4_TEMP=30
HEAT_4_DUTY=0
HEAT_4_SP=-20.0
TS=1786200955.964
V_SENSE5=0.95458984375
V_SENSE9=0.0390625
V_SENSE12=0.09765625
ADC_V5=5.0091552734375
ADC_V9=9.60235595703125
ADC_V12=11.8060302734375
ADC_V28=28.06365966796875
THERMAL_SENS_OUT_1=27
THERMAL_SENS_OUT_2=-50
THERMAL_SENS_OUT_3=26
THERMAL_SENS_OUT_4=29
THERMAL_SENS_OUT_5=35
THERMAL_SENS_OUT_6=-50
THERMAL_SENS_INT_1=26
THERMAL_SENS_INT_2=29
PG_5=1
PG_9=0
PG_12=1
FLT_P2=0
FLT_P3=0
HEAT_1_TEMP=27
HEAT_1_DUTY=0
HEAT_1_SP=-20.0
HEAT_2_TEMP=26
HEAT_2_DUTY=0
HEAT_2_SP=-20.0
HEAT_3_TEMP=29
HEAT_3_DUTY=0
HEAT_3_SP=-20.0
HEAT_4_TEMP=35
HEAT_4_DUTY=0
HEAT_4_SP=-20.0
TS=1786200956.464
V_SENSE5=0.91796875
V_SENSE9=0.0341796875
V_SENSE12=0.12939453125
ADC_V5=4.991455078125
ADC_V9=9.5050048828125
ADC_V12=11.63787841796875
ADC_V28=28.08135986328125
THERMAL_SENS_OUT_1=31
THERMAL_SENS_OUT_2=-50
THERMAL_SENS_OUT_3=30
THERMAL_SENS_OUT_4=28
THERMAL_SENS_OUT_5=31
THERMAL_SENS_OUT_6=-50
THERMAL_SENS_INT_1=26
THERMAL_SENS_INT_2=29
PG_5=1
PG_9=0
PG_12=1
FLT_P2=0
FLT_P3=0
HEAT_1_TEMP=31
HEAT_1_DUTY=0
HEAT_1_SP=-20.0
HEAT_2_TEMP=30
HEAT_2_DUTY=0
HEAT_2_SP=-20.0
HEAT_3_TEMP=28
HEAT_3_DUTY=0
HEAT_3_SP=-20.0
HEAT_4_TEMP=31
HEAT_4_DUTY=0
HEAT_4_SP=-20.0
TS=1786200956.966
V_SENSE5=0.9375
V_SENSE9=0.0390625
V_SENSE12=0.1171875
ADC_V5=4.9737548828125
ADC_V9=9.62005615234375
ADC_V12=11.611328125
ADC_V28=28.16986083984375
THERMAL_SENS_OUT_1=29
THERMAL_SENS_OUT_2=-50
THERMAL_SENS_OUT_3=24
THERMAL_SENS_OUT_4=26
THERMAL_SENS_OUT_5=35
THERMAL_SENS_OUT_6=-50
THERMAL_SENS_INT_1=29
THERMAL_SENS_INT_2=31
PG_5=1
PG_9=0
PG_12=1
FLT_P2=0
FLT_P3=0
HEAT_1_TEMP=29
HEAT_1_DUTY=0
HEAT_1_SP=-20.0
HEAT_2_TEMP=24
HEAT_2_DUTY=0
HEAT_2_SP=-20.0
HEAT_3_TEMP=26
HEAT_3_DUTY=0
HEAT_3_SP=-20.0
HEAT_4_TEMP=35
HEAT_4_DUTY=0
HEAT_4_SP=-20.0
TS=1786200957.468
V_SENSE5=1.25732421875
V_SENSE9=0.07568359375
V_SENSE12=0.1171875
ADC_V5=4.85870361328125
ADC_V9=9.47845458984375
ADC_V12=11.54052734375
ADC_V28=27.85125732421875
THERMAL_SENS_OUT_1=28
THERMAL_SENS_OUT_2=-50
THERMAL_SENS_OUT_3=26
THERMAL_SENS_OUT_4=31
THERMAL_SENS_OUT_5=32
THERMAL_SENS_OUT_6=-50
THERMAL_SENS_INT_1=29
THERMAL_SENS_INT_2=27
PG_5=1
PG_9=0
PG_12=1
FLT_P2=0
FLT_P3=0
HEAT_1_TEMP=28
HEAT_1_DUTY=0
HEAT_1_SP=-20.0
HEAT_2_TEMP=26
HEAT_2_DUTY=0
HEAT_2_SP=-20.0
HEAT_3_TEMP=31
HEAT_3_DUTY=0
HEAT_3_SP=-20.0
HEAT_4_TEMP=32
HEAT_4_DUTY=0
HEAT_4_SP=-20.0
TS=1786200957.978
V_SENSE5=1.27685546875
V_SENSE9=0.0390625
V_SENSE12=0.1318359375
ADC_V5=4.9383544921875
ADC_V9=9.3988037109375
ADC_V12=11.8414306640625
ADC_V28=27.74505615234375
THERMAL_SENS_OUT_1=29
THERMAL_SENS_OUT_2=-50
THERMAL_SENS_OUT_3=25
THERMAL_SENS_OUT_4=29
THERMAL_SENS_OUT_5=30
THERMAL_SENS_OUT_6=-50
THERMAL_SENS_INT_1=26
THERMAL_SENS_INT_2=29
PG_5=1
PG_9=0
PG_12=1
FLT_P2=0
FLT_P3=0
HEAT_1_TEMP=29
HEAT_1_DUTY=0
HEAT_1_SP=-20.0
HEAT_2_TEMP=25
HEAT_2_DUTY=0
HEAT_2_SP=-20.0
HEAT_3_TEMP=29
HEAT_3_DUTY=0
HEAT_3_SP=-20.0
HEAT_4_TEMP=30
HEAT_4_DUTY=0
HEAT_4_SP=-20.0
TS=1786200958.482
V_SENSE5=1.15234375
V_SENSE9=0.03173828125
V_SENSE12=0.09765625
ADC_V5=4.9560546875
ADC_V9=8.9208984375
ADC_V12=11.6998291015625
ADC_V28=27.53265380859375
THERMAL_SENS_OUT_1=27
THERMAL_SENS_OUT_2=-50
THERMAL_SENS_OUT_3=27
THERMAL_SENS_OUT_4=30
THERMAL_SENS_OUT_5=31
THERMAL_SENS_OUT_6=-50
THERMAL_SENS_INT_1=28
THERMAL_SENS_INT_2=31
PG_5=1
PG_9=0
PG_12=1
FLT_P2=0
FLT_P3=0
HEAT_1_TEMP=27
HEAT_1_DUTY=0
HEAT_1_SP=-20.0
HEAT_2_TEMP=27
HEAT_2_DUTY=0
HEAT_2_SP=-20.0
HEAT_3_TEMP=30
HEAT_3_DUTY=0
HEAT_3_SP=-20.0
HEAT_4_TEMP=31
HEAT_4_DUTY=0
HEAT_4_SP=-20.0
TS=1786200958.991
V_SENSE5=1.044921875
V_SENSE9=0.0390625
V_SENSE12=0.11962890625
ADC_V5=4.8675537109375
ADC_V9=9.00054931640625
ADC_V12=11.53167724609375
ADC_V28=28.037109375
THERMAL_SENS_OUT_1=28
THERMAL_SENS_OUT_2=-50
THERMAL_SENS_OUT_3=25
THERMAL_SENS_OUT_4=28
THERMAL_SENS_OUT_5=35
THERMAL_SENS_OUT_6=-50

[21:41:00.092 CUBESAT]
TS=1786202726.475
PG_5=1
PG_9=0
PG_12=0
FLT_P2=0
FLT_P3=0
HEAT_1_TEMP=0.0
HEAT_1_DUTY=0
HEAT_1_SP=-20.0
ENC_RAW=10238
ENC_ANGLE=224.9560546875
ENC_ACCUM=719.58251953125
AUTO_STOP=1
MOTOR_ANGLE=0.0003779069767441861
MOTOR_ACCUM=654.0701453488372
MOTOR_ROT=1250

[21:41:00.621 EBOX]
THERMAL_SENS_INT_1=27
THERMAL_SENS_INT_2=26
PG_5=1
PG_9=0
PG_12=1
FLT_P2=0
FLT_P3=0
HEAT_1_TEMP=28
HEAT_1_DUTY=0
HEAT_1_SP=-20.0
HEAT_2_TEMP=25
HEAT_2_DUTY=0
HEAT_2_SP=-20.0
HEAT_3_TEMP=28
HEAT_3_DUTY=0
HEAT_3_SP=-20.0
HEAT_4_TEMP=35
HEAT_4_DUTY=0
HEAT_4_SP=-20.0
TS=1786200959.493
V_SENSE5=0.8740234375
V_SENSE9=0.04150390625
V_SENSE12=0.13916015625
ADC_V5=4.91180419921875
ADC_V9=8.91204833984375
ADC_V12=11.63787841796875
ADC_V28=28.18756103515625
THERMAL_SENS_OUT_1=27
THERMAL_SENS_OUT_2=-50
THERMAL_SENS_OUT_3=29
THERMAL_SENS_OUT_4=32
THERMAL_SENS_OUT_5=37
THERMAL_SENS_OUT_6=-50
THERMAL_SENS_INT_1=30
THERMAL_SENS_INT_2=29
PG_5=1
PG_9=0
PG_12=1
FLT_P2=0
FLT_P3=0
HEAT_1_TEMP=27
HEAT_1_DUTY=0
HEAT_1_SP=-20.0
HEAT_2_TEMP=29
HEAT_2_DUTY=0
HEAT_2_SP=-20.0
HEAT_3_TEMP=32
HEAT_3_DUTY=0
HEAT_3_SP=-20.0
HEAT_4_TEMP=37
HEAT_4_DUTY=0
HEAT_4_SP=-20.0

[21:41:00.626 CUBESAT]
TS=1786202728.477
PG_5=1
PG_9=0
PG_12=0
FLT_P2=0
FLT_P3=0
HEAT_1_TEMP=0.0
HEAT_1_DUTY=0
HEAT_1_SP=-20.0
ENC_RAW=10866
ENC_ANGLE=238.7548828125
ENC_ACCUM=733.38134765625
AUTO_STOP=1
MOTOR_ANGLE=0.004563953488372094
MOTOR_ACCUM=666.6324709302326
MOTOR_ROT=1274

[21:41:01.343 EBOX]
TS=1786200959.987
V_SENSE5=1.142578125
V_SENSE9=0.07568359375
V_SENSE12=0.0927734375
ADC_V5=4.91180419921875
ADC_V9=8.89434814453125
ADC_V12=11.90338134765625
ADC_V28=27.9840087890625
THERMAL_SENS_OUT_1=32
THERMAL_SENS_OUT_2=-50
THERMAL_SENS_OUT_3=27
THERMAL_SENS_OUT_4=27
THERMAL_SENS_OUT_5=36
THERMAL_SENS_OUT_6=-50
THERMAL_SENS_INT_1=25
THERMAL_SENS_INT_2=28
PG_5=1
PG_9=0
PG_12=1
FLT_P2=0
FLT_P3=0
HEAT_1_TEMP=32
HEAT_1_DUTY=0
HEAT_1_SP=-20.0
HEAT_2_TEMP=27
HEAT_2_DUTY=0
HEAT_2_SP=-20.0
HEAT_3_TEMP=27
HEAT_3_DUTY=0
HEAT_3_SP=-20.0
HEAT_4_TEMP=36
HEAT_4_DUTY=0
HEAT_4_SP=-20.0

[21:41:02.296 EBOX]
TS=1786200960.488
V_SENSE5=1.1279296875
V_SENSE9=0.0341796875
V_SENSE12=0.09521484375
ADC_V5=5.0091552734375
ADC_V9=8.82354736328125
ADC_V12=11.9122314453125
ADC_V28=27.718505859375
THERMAL_SENS_OUT_1=31
THERMAL_SENS_OUT_2=-50
THERMAL_SENS_OUT_3=27
THERMAL_SENS_OUT_4=25
THERMAL_SENS_OUT_5=31
THERMAL_SENS_OUT_6=-50
THERMAL_SENS_INT_1=24
THERMAL_SENS_INT_2=29
PG_5=1
PG_9=0
PG_12=1
FLT_P2=0
FLT_P3=0
HEAT_1_TEMP=31
HEAT_1_DUTY=0
HEAT_1_SP=-20.0
HEAT_2_TEMP=27
HEAT_2_DUTY=0
HEAT_2_SP=-20.0
HEAT_3_TEMP=25
HEAT_3_DUTY=0
HEAT_3_SP=-20.0
HEAT_4_TEMP=31
HEAT_4_DUTY=0
HEAT_4_SP=-20.0
TS=1786200960.991
V_SENSE5=1.21337890625
V_SENSE9=0.0439453125
V_SENSE12=0.09765625
ADC_V5=5.00030517578125
ADC_V9=9.40765380859375
ADC_V12=11.7706298828125
ADC_V28=27.96630859375
THERMAL_SENS_OUT_1=28
THERMAL_SENS_OUT_2=-50
THERMAL_SENS_OUT_3=28
THERMAL_SENS_OUT_4=31
THERMAL_SENS_OUT_5=32
THERMAL_SENS_OUT_6=-50
THERMAL_SENS_INT_1=25
THERMAL_SENS_INT_2=26
PG_5=1
PG_9=0
PG_12=1
FLT_P2=0
FLT_P3=0
HEAT_1_TEMP=28
HEAT_1_DUTY=0
HEAT_1_SP=-20.0
HEAT_2_TEMP=28
HEAT_2_DUTY=0
HEAT_2_SP=-20.0
HEAT_3_TEMP=31
HEAT_3_DUTY=0
HEAT_3_SP=-20.0
HEAT_4_TEMP=32
HEAT_4_DUTY=0
HEAT_4_SP=-20.0

[21:41:02.300 CUBESAT]
TS=1786202730.479
PG_5=1
PG_9=0
PG_12=0
FLT_P2=0
FLT_P3=0
HEAT_1_TEMP=0.0
HEAT_1_DUTY=0
HEAT_1_SP=-20.0
ENC_RAW=11504
ENC_ANGLE=252.7734375
ENC_ACCUM=747.39990234375
AUTO_STOP=1
MOTOR_ANGLE=0.0
MOTOR_ACCUM=679.7093023255813
MOTOR_ROT=1299

[21:41:02.533 EBOX]
TS=1786200961.491
V_SENSE5=1.142578125
V_SENSE9=0.0390625
V_SENSE12=0.09765625
ADC_V5=5.0091552734375
ADC_V9=9.60235595703125
ADC_V12=11.6290283203125
ADC_V28=28.04595947265625
THERMAL_SENS_OUT_1=31
THERMAL_SENS_OUT_2=-50
THERMAL_SENS_OUT_3=30
THERMAL_SENS_OUT_4=28
THERMAL_SENS_OUT_5=34
THERMAL_SENS_OUT_6=-50
THERMAL_SENS_INT_1=28
THERMAL_SENS_INT_2=26
PG_5=1
PG_9=0
PG_12=1
FLT_P2=0
FLT_P3=0
HEAT_1_TEMP=31
HEAT_1_DUTY=0
HEAT_1_SP=-20.0
HEAT_2_TEMP=30
HEAT_2_DUTY=0
HEAT_2_SP=-20.0
HEAT_3_TEMP=28
HEAT_3_DUTY=0
HEAT_3_SP=-20.0
HEAT_4_TEMP=34
HEAT_4_DUTY=0
HEAT_4_SP=-20.0
TS=1786200962.007
V_SENSE5=1.09375
V_SENSE9=0.03662109375
V_SENSE12=0.0927734375
ADC_V5=4.9383544921875
ADC_V9=9.3988037109375
ADC_V12=11.49627685546875
ADC_V28=27.12554931640625
THERMAL_SENS_OUT_1=31
THERMAL_SENS_OUT_2=-50
THERMAL_SENS_OUT_3=26
THERMAL_SENS_OUT_4=26
THERMAL_SENS_OUT_5=33
THERMAL_SENS_OUT_6=-50
THERMAL_SENS_INT_1=27
THERMAL_SENS_INT_2=29
PG_5=1
PG_9=0
PG_12=1
FLT_P2=0
FLT_P3=0
HEAT_1_TEMP=31
HEAT_1_DUTY=0
HEAT_1_SP=-20.0
HEAT_2_TEMP=26
HEAT_2_DUTY=0
HEAT_2_SP=-20.0
HEAT_3_TEMP=26
HEAT_3_DUTY=0
HEAT_3_SP=-20.0
HEAT_4_TEMP=33
HEAT_4_DUTY=0
HEAT_4_SP=-20.0

[21:41:02.853 EBOX]
TS=1786200962.493
V_SENSE5=0.96923828125
V_SENSE9=0.0341796875
V_SENSE12=0.1025390625
ADC_V5=5.01800537109375
ADC_V9=9.381103515625
ADC_V12=11.8768310546875
ADC_V28=27.435302734375
THERMAL_SENS_OUT_1=26
THERMAL_SENS_OUT_2=-50
THERMAL_SENS_OUT_3=24
THERMAL_SENS_OUT_4=28
THERMAL_SENS_OUT_5=36
THERMAL_SENS_OUT_6=-50
THERMAL_SENS_INT_1=30
THERMAL_SENS_INT_2=27
PG_5=1
PG_9=0
PG_12=1
FLT_P2=0
FLT_P3=0
HEAT_1_TEMP=26
HEAT_1_DUTY=0
HEAT_1_SP=-20.0
HEAT_2_TEMP=24
HEAT_2_DUTY=0
HEAT_2_SP=-20.0
HEAT_3_TEMP=28
HEAT_3_DUTY=0
HEAT_3_SP=-20.0
HEAT_4_TEMP=36
HEAT_4_DUTY=0
HEAT_4_SP=-20.0

[21:41:03.475 EBOX]
TS=1786200962.994
V_SENSE5=0.927734375
V_SENSE9=0.03662109375
V_SENSE12=0.1171875
ADC_V5=4.8675537109375
ADC_V9=9.5404052734375
ADC_V12=11.788330078125
ADC_V28=27.53265380859375
THERMAL_SENS_OUT_1=31
THERMAL_SENS_OUT_2=-50
THERMAL_SENS_OUT_3=30
THERMAL_SENS_OUT_4=28
THERMAL_SENS_OUT_5=31
THERMAL_SENS_OUT_6=-50
THERMAL_SENS_INT_1=25
THERMAL_SENS_INT_2=28
PG_5=1
PG_9=0
PG_12=1
FLT_P2=0
FLT_P3=0
HEAT_1_TEMP=31
HEAT_1_DUTY=0
HEAT_1_SP=-20.0
HEAT_2_TEMP=30
HEAT_2_DUTY=0
HEAT_2_SP=-20.0
HEAT_3_TEMP=28
HEAT_3_DUTY=0
HEAT_3_SP=-20.0
HEAT_4_TEMP=31
HEAT_4_DUTY=0
HEAT_4_SP=-20.0

[21:41:04.006 EBOX]
TS=1786200963.500
V_SENSE5=0.91796875
V_SENSE9=0.03662109375
V_SENSE12=0.107421875
ADC_V5=4.9737548828125
ADC_V9=9.14215087890625
ADC_V12=11.88568115234375
ADC_V28=27.39990234375
THERMAL_SENS_OUT_1=27
THERMAL_SENS_OUT_2=-50
THERMAL_SENS_OUT_3=25
THERMAL_SENS_OUT_4=29
THERMAL_SENS_OUT_5=30
THERMAL_SENS_OUT_6=-50
THERMAL_SENS_INT_1=30
THERMAL_SENS_INT_2=27
PG_5=1
PG_9=0
PG_12=1
FLT_P2=0
FLT_P3=0
HEAT_1_TEMP=27
HEAT_1_DUTY=0
HEAT_1_SP=-20.0
HEAT_2_TEMP=25
HEAT_2_DUTY=0
HEAT_2_SP=-20.0
HEAT_3_TEMP=29
HEAT_3_DUTY=0
HEAT_3_SP=-20.0
HEAT_4_TEMP=30
HEAT_4_DUTY=0
HEAT_4_SP=-20.0

[21:41:04.529 EBOX]
TS=1786200964.002
V_SENSE5=0.9375
V_SENSE9=0.03662109375
V_SENSE12=0.10986328125
ADC_V5=4.9560546875
ADC_V9=9.08905029296875
ADC_V12=11.54937744140625
ADC_V28=27.8424072265625
THERMAL_SENS_OUT_1=29
THERMAL_SENS_OUT_2=-50
THERMAL_SENS_OUT_3=26
THERMAL_SENS_OUT_4=30
THERMAL_SENS_OUT_5=31
THERMAL_SENS_OUT_6=-50
THERMAL_SENS_INT_1=24
THERMAL_SENS_INT_2=28
PG_5=1
PG_9=0
PG_12=1
FLT_P2=0
FLT_P3=0
HEAT_1_TEMP=29
HEAT_1_DUTY=0
HEAT_1_SP=-20.0
HEAT_2_TEMP=26
HEAT_2_DUTY=0
HEAT_2_SP=-20.0
HEAT_3_TEMP=30
HEAT_3_DUTY=0
HEAT_3_SP=-20.0
HEAT_4_TEMP=31
HEAT_4_DUTY=0
HEAT_4_SP=-20.0

[21:41:05.162 EBOX]
TS=1786200964.504
V_SENSE5=0.927734375
V_SENSE9=0.03662109375
V_SENSE12=0.1220703125
ADC_V5=4.88525390625
ADC_V9=9.2926025390625
ADC_V12=11.68212890625
ADC_V28=27.7716064453125
THERMAL_SENS_OUT_1=28
THERMAL_SENS_OUT_2=-50
THERMAL_SENS_OUT_3=24
THERMAL_SENS_OUT_4=27
THERMAL_SENS_OUT_5=35
THERMAL_SENS_OUT_6=-50
THERMAL_SENS_INT_1=28
THERMAL_SENS_INT_2=26
PG_5=1
PG_9=0
PG_12=1
FLT_P2=0
FLT_P3=0
HEAT_1_TEMP=28
HEAT_1_DUTY=0
HEAT_1_SP=-20.0
HEAT_2_TEMP=24
HEAT_2_DUTY=0
HEAT_2_SP=-20.0
HEAT_3_TEMP=27
HEAT_3_DUTY=0
HEAT_3_SP=-20.0
HEAT_4_TEMP=35
HEAT_4_DUTY=0
HEAT_4_SP=-20.0

[21:41:05.486 EBOX]
TS=1786200965.013
V_SENSE5=1.220703125
V_SENSE9=0.03662109375
V_SENSE12=0.10009765625
ADC_V5=4.87640380859375
ADC_V9=9.0625
ADC_V12=11.58477783203125
ADC_V28=28.02825927734375
THERMAL_SENS_OUT_1=32
THERMAL_SENS_OUT_2=-50
THERMAL_SENS_OUT_3=29
THERMAL_SENS_OUT_4=27
THERMAL_SENS_OUT_5=35
THERMAL_SENS_OUT_6=-50
THERMAL_SENS_INT_1=29
THERMAL_SENS_INT_2=27
PG_5=1
PG_9=0
PG_12=1
FLT_P2=0
FLT_P3=0
HEAT_1_TEMP=32
HEAT_1_DUTY=0
HEAT_1_SP=-20.0
HEAT_2_TEMP=29
HEAT_2_DUTY=0
HEAT_2_SP=-20.0
HEAT_3_TEMP=27
HEAT_3_DUTY=0
HEAT_3_SP=-20.0
HEAT_4_TEMP=35
HEAT_4_DUTY=0
HEAT_4_SP=-20.0

[21:41:05.490 CUBESAT]
TS=1786202732.481
PG_5=1
PG_9=0
PG_12=0
FLT_P2=0
FLT_P3=0
HEAT_1_TEMP=0.0
HEAT_1_DUTY=10
HEAT_1_SP=-20.0
ENC_RAW=12130
ENC_ANGLE=266.5283203125
ENC_ACCUM=761.15478515625
AUTO_STOP=1
MOTOR_ANGLE=0.004186046511627906
MOTOR_ACCUM=692.2716279069767
MOTOR_ROT=1323

[21:41:06.007 EBOX]
TS=1786200965.515
V_SENSE5=1.123046875
V_SENSE9=0.0341796875
V_SENSE12=0.1123046875
ADC_V5=4.85870361328125
ADC_V9=9.0625
ADC_V12=11.67327880859375
ADC_V28=28.15216064453125
THERMAL_SENS_OUT_1=29
THERMAL_SENS_OUT_2=-50
THERMAL_SENS_OUT_3=26
THERMAL_SENS_OUT_4=30
THERMAL_SENS_OUT_5=31
THERMAL_SENS_OUT_6=-50
THERMAL_SENS_INT_1=25
THERMAL_SENS_INT_2=30
PG_5=1
PG_9=0
PG_12=1
FLT_P2=0
FLT_P3=0
HEAT_1_TEMP=29
HEAT_1_DUTY=0
HEAT_1_SP=-20.0
HEAT_2_TEMP=26
HEAT_2_DUTY=0
HEAT_2_SP=-20.0
HEAT_3_TEMP=30
HEAT_3_DUTY=0
HEAT_3_SP=-20.0
HEAT_4_TEMP=31
HEAT_4_DUTY=0
HEAT_4_SP=-20.0

[21:41:06.432 EBOX]
TS=1786200966.016
V_SENSE5=1.142578125
V_SENSE9=0.0341796875
V_SENSE12=0.10498046875
ADC_V5=5.0091552734375
ADC_V9=8.80584716796875
ADC_V12=11.90338134765625
ADC_V28=27.2760009765625
THERMAL_SENS_OUT_1=28
THERMAL_SENS_OUT_2=-50
THERMAL_SENS_OUT_3=26
THERMAL_SENS_OUT_4=31
THERMAL_SENS_OUT_5=32
THERMAL_SENS_OUT_6=-50
THERMAL_SENS_INT_1=25
THERMAL_SENS_INT_2=30
PG_5=1
PG_9=0
PG_12=1
FLT_P2=0
FLT_P3=0
HEAT_1_TEMP=28
HEAT_1_DUTY=0
HEAT_1_SP=-20.0
HEAT_2_TEMP=26
HEAT_2_DUTY=0
HEAT_2_SP=-20.0
HEAT_3_TEMP=31
HEAT_3_DUTY=0
HEAT_3_SP=-20.0
HEAT_4_TEMP=32
HEAT_4_DUTY=0
HEAT_4_SP=-20.0

[21:41:07.154 EBOX]
TS=1786200966.526
V_SENSE5=1.07666015625
V_SENSE9=0.0341796875
V_SENSE12=0.10498046875
ADC_V5=4.88525390625
ADC_V9=9.4696044921875
ADC_V12=11.95648193359375
ADC_V28=28.09906005859375
THERMAL_SENS_OUT_1=27
THERMAL_SENS_OUT_2=-50
THERMAL_SENS_OUT_3=27
THERMAL_SENS_OUT_4=32
THERMAL_SENS_OUT_5=37
THERMAL_SENS_OUT_6=-50
THERMAL_SENS_INT_1=28
THERMAL_SENS_INT_2=27
PG_5=1
PG_9=0
PG_12=1
FLT_P2=0
FLT_P3=0
HEAT_1_TEMP=27
HEAT_1_DUTY=0
HEAT_1_SP=-20.0
HEAT_2_TEMP=27
HEAT_2_DUTY=0
HEAT_2_SP=-20.0
HEAT_3_TEMP=32
HEAT_3_DUTY=0
HEAT_3_SP=-20.0
HEAT_4_TEMP=37
HEAT_4_DUTY=0
HEAT_4_SP=-20.0

[21:41:07.475 EBOX]
TS=1786200967.035
V_SENSE5=1.123046875
V_SENSE9=0.0390625
V_SENSE12=0.1025390625
ADC_V5=4.9560546875
ADC_V9=9.15985107421875
ADC_V12=11.8060302734375
ADC_V28=27.2760009765625
THERMAL_SENS_OUT_1=28
THERMAL_SENS_OUT_2=-50
THERMAL_SENS_OUT_3=24
THERMAL_SENS_OUT_4=29
THERMAL_SENS_OUT_5=31
THERMAL_SENS_OUT_6=-50
THERMAL_SENS_INT_1=25
THERMAL_SENS_INT_2=26
PG_5=1
PG_9=0
PG_12=1
FLT_P2=0
FLT_P3=0
HEAT_1_TEMP=28
HEAT_1_DUTY=0
HEAT_1_SP=-20.0
HEAT_2_TEMP=24
HEAT_2_DUTY=0
HEAT_2_SP=-20.0
HEAT_3_TEMP=29
HEAT_3_DUTY=0
HEAT_3_SP=-20.0
HEAT_4_TEMP=31
HEAT_4_DUTY=0
HEAT_4_SP=-20.0

[21:41:10.231 EBOX]
TS=1786200967.536
V_SENSE5=0.830078125
V_SENSE9=0.03173828125
V_SENSE12=0.10498046875
ADC_V5=4.814453125
ADC_V9=9.17755126953125
ADC_V12=11.929931640625
ADC_V28=28.02825927734375
THERMAL_SENS_OUT_1=29
THERMAL_SENS_OUT_2=-50
THERMAL_SENS_OUT_3=30
THERMAL_SENS_OUT_4=29
THERMAL_SENS_OUT_5=31
THERMAL_SENS_OUT_6=-50
THERMAL_SENS_INT_1=26
THERMAL_SENS_INT_2=32
PG_5=1
PG_9=0
PG_12=1
FLT_P2=0
FLT_P3=0
HEAT_1_TEMP=29
HEAT_1_DUTY=0
HEAT_1_SP=-20.0
HEAT_2_TEMP=30
HEAT_2_DUTY=0
HEAT_2_SP=-20.0
HEAT_3_TEMP=29
HEAT_3_DUTY=0
HEAT_3_SP=-20.0
HEAT_4_TEMP=31
HEAT_4_DUTY=0
HEAT_4_SP=-20.0
TS=1786200968.038
V_SENSE5=0.849609375
V_SENSE9=0.03662109375
V_SENSE12=0.107421875
ADC_V5=4.9560546875
ADC_V9=9.05364990234375
ADC_V12=11.82373046875
ADC_V28=26.96624755859375
THERMAL_SENS_OUT_1=29
THERMAL_SENS_OUT_2=-50
THERMAL_SENS_OUT_3=25
THERMAL_SENS_OUT_4=28
THERMAL_SENS_OUT_5=30
THERMAL_SENS_OUT_6=-50
THERMAL_SENS_INT_1=31
THERMAL_SENS_INT_2=29
PG_5=1
PG_9=0
PG_12=1
FLT_P2=0
FLT_P3=0
HEAT_1_TEMP=29
HEAT_1_DUTY=0
HEAT_1_SP=-20.0
HEAT_2_TEMP=25
HEAT_2_DUTY=0
HEAT_2_SP=-20.0
HEAT_3_TEMP=28
HEAT_3_DUTY=0
HEAT_3_SP=-20.0
HEAT_4_TEMP=30
HEAT_4_DUTY=0
HEAT_4_SP=-20.0

[21:41:10.473 EBOX]
TS=1786200968.544
V_SENSE5=1.01318359375
V_SENSE9=0.03662109375
V_SENSE12=0.11962890625
ADC_V5=4.85870361328125
ADC_V9=8.9208984375
ADC_V12=11.5228271484375
ADC_V28=27.95745849609375
THERMAL_SENS_OUT_1=31
THERMAL_SENS_OUT_2=-50
THERMAL_SENS_OUT_3=29
THERMAL_SENS_OUT_4=26
THERMAL_SENS_OUT_5=33
THERMAL_SENS_OUT_6=-50
THERMAL_SENS_INT_1=28
THERMAL_SENS_INT_2=26
PG_5=1
PG_9=0
PG_12=1
FLT_P2=0
FLT_P3=0
HEAT_1_TEMP=31
HEAT_1_DUTY=0
HEAT_1_SP=-20.0
HEAT_2_TEMP=29
HEAT_2_DUTY=0
HEAT_2_SP=-20.0
HEAT_3_TEMP=26
HEAT_3_DUTY=0
HEAT_3_SP=-20.0
HEAT_4_TEMP=33
HEAT_4_DUTY=0
HEAT_4_SP=-20.0
TS=1786200969.045
V_SENSE5=1.2060546875
V_SENSE9=0.0390625
V_SENSE12=0.09765625
ADC_V5=4.94720458984375
ADC_V9=9.4342041015625
ADC_V12=11.4874267578125
ADC_V28=27.69195556640625
THERMAL_SENS_OUT_1=27
THERMAL_SENS_OUT_2=-50
THERMAL_SENS_OUT_3=26
THERMAL_SENS_OUT_4=27
THERMAL_SENS_OUT_5=35
THERMAL_SENS_OUT_6=-50
THERMAL_SENS_INT_1=30
THERMAL_SENS_INT_2=26
PG_5=1
PG_9=0
PG_12=1
FLT_P2=0
FLT_P3=0
HEAT_1_TEMP=27
HEAT_1_DUTY=0
HEAT_1_SP=-20.0
HEAT_2_TEMP=26
HEAT_2_DUTY=0
HEAT_2_SP=-20.0
HEAT_3_TEMP=27
HEAT_3_DUTY=0
HEAT_3_SP=-20.0
HEAT_4_TEMP=35
HEAT_4_DUTY=0
HEAT_4_SP=-20.0
TS=1786200969.547
V_SENSE5=1.14013671875
V_SENSE9=0.0390625
V_SENSE12=0.11962890625
ADC_V5=4.920654296875
ADC_V9=9.49615478515625
ADC_V12=11.99188232421875
ADC_V28=28.0548095703125
THERMAL_SENS_OUT_1=29
THERMAL_SENS_OUT_2=-50
THERMAL_SENS_OUT_3=27
THERMAL_SENS_OUT_4=30

[21:41:10.590 EBOX]
THERMAL_SENS_OUT_5=30
THERMAL_SENS_OUT_6=-50
THERMAL_SENS_INT_1=25
THERMAL_SENS_INT_2=31
PG_5=1
PG_9=0
PG_12=1
FLT_P2=0
FLT_P3=0
HEAT_1_TEMP=29
HEAT_1_DUTY=0
HEAT_1_SP=-20.0
HEAT_2_TEMP=27
HEAT_2_DUTY=0
HEAT_2_SP=-20.0
HEAT_3_TEMP=30
HEAT_3_DUTY=0
HEAT_3_SP=-20.0
HEAT_4_TEMP=30
HEAT_4_DUTY=0
HEAT_4_SP=-20.0

[21:41:10.813 EBOX]
TS=1786200970.048
V_SENSE5=1.12060546875
V_SENSE9=0.0341796875
V_SENSE12=0.12451171875
ADC_V5=5.0091552734375
ADC_V9=9.42535400390625
ADC_V12=11.9122314453125
ADC_V28=27.55035400390625
THERMAL_SENS_OUT_1=26
THERMAL_SENS_OUT_2=-50
THERMAL_SENS_OUT_3=27
THERMAL_SENS_OUT_4=26
THERMAL_SENS_OUT_5=32
THERMAL_SENS_OUT_6=-50
THERMAL_SENS_INT_1=29
THERMAL_SENS_INT_2=26
PG_5=1
PG_9=0
PG_12=1
FLT_P2=0
FLT_P3=0
HEAT_1_TEMP=26
HEAT_1_DUTY=0
HEAT_1_SP=-20.0
HEAT_2_TEMP=27
HEAT_2_DUTY=0
HEAT_2_SP=-20.0
HEAT_3_TEMP=26
HEAT_3_DUTY=0
HEAT_3_SP=-20.0
HEAT_4_TEMP=32
HEAT_4_DUTY=0
HEAT_4_SP=-20.0

[21:41:11.029 EBOX]
TS=1786200970.569
V_SENSE5=1.044921875
V_SENSE9=0.03662109375
V_SENSE12=0.10498046875
ADC_V5=5.00030517578125
ADC_V9=9.30145263671875
ADC_V12=11.9122314453125
ADC_V28=27.88665771484375
THERMAL_SENS_OUT_1=32
THERMAL_SENS_OUT_2=-50
THERMAL_SENS_OUT_3=30
THERMAL_SENS_OUT_4=30
THERMAL_SENS_OUT_5=32
THERMAL_SENS_OUT_6=-50
THERMAL_SENS_INT_1=26
THERMAL_SENS_INT_2=30
PG_5=1
PG_9=0
PG_12=1
FLT_P2=0
FLT_P3=0
HEAT_1_TEMP=32
HEAT_1_DUTY=0
HEAT_1_SP=-20.0
HEAT_2_TEMP=30
HEAT_2_DUTY=0
HEAT_2_SP=-20.0
HEAT_3_TEMP=30
HEAT_3_DUTY=0
HEAT_3_SP=-20.0
HEAT_4_TEMP=32
HEAT_4_DUTY=0
HEAT_4_SP=-20.0

[21:41:11.335 CUBESAT]
TS=1786202734.483
PG_5=1
PG_9=0
PG_12=0
FLT_P2=0
FLT_P3=0
HEAT_1_TEMP=0.0
HEAT_1_DUTY=0
HEAT_1_SP=-20.0
ENC_RAW=12761
ENC_ANGLE=280.39306640625
ENC_ACCUM=775.01953125
AUTO_STOP=1
MOTOR_ANGLE=0.008749999999999999
MOTOR_ACCUM=704.8343313953488
MOTOR_ROT=1347

[21:41:11.446 EBOX]
TS=1786200971.075
V_SENSE5=0.966796875
V_SENSE9=0.0341796875
V_SENSE12=0.15380859375
ADC_V5=4.849853515625
ADC_V9=8.8677978515625
ADC_V12=11.77947998046875
ADC_V28=27.12554931640625
THERMAL_SENS_OUT_1=33
THERMAL_SENS_OUT_2=-50
THERMAL_SENS_OUT_3=27
THERMAL_SENS_OUT_4=29
THERMAL_SENS_OUT_5=35
THERMAL_SENS_OUT_6=-50
THERMAL_SENS_INT_1=29
THERMAL_SENS_INT_2=28
PG_5=1
PG_9=0
PG_12=1
FLT_P2=0
FLT_P3=0
HEAT_1_TEMP=33
HEAT_1_DUTY=0
HEAT_1_SP=-20.0
HEAT_2_TEMP=27
HEAT_2_DUTY=0
HEAT_2_SP=-20.0
HEAT_3_TEMP=29
HEAT_3_DUTY=0
HEAT_3_SP=-20.0
HEAT_4_TEMP=35
HEAT_4_DUTY=0
HEAT_4_SP=-20.0

[21:41:12.265 EBOX]
TS=1786200971.565
V_SENSE5=1.14501953125
V_SENSE9=0.0341796875
V_SENSE12=0.1025390625
ADC_V5=4.9737548828125
ADC_V9=8.956298828125
ADC_V12=11.82373046875
ADC_V28=28.13446044921875
THERMAL_SENS_OUT_1=29
THERMAL_SENS_OUT_2=-50
THERMAL_SENS_OUT_3=29
THERMAL_SENS_OUT_4=26
THERMAL_SENS_OUT_5=34
THERMAL_SENS_OUT_6=-50
THERMAL_SENS_INT_1=29
THERMAL_SENS_INT_2=26
PG_5=1
PG_9=0
PG_12=1
FLT_P2=0
FLT_P3=0
HEAT_1_TEMP=29
HEAT_1_DUTY=0
HEAT_1_SP=-20.0
HEAT_2_TEMP=29
HEAT_2_DUTY=0
HEAT_2_SP=-20.0
HEAT_3_TEMP=26
HEAT_3_DUTY=0
HEAT_3_SP=-20.0
HEAT_4_TEMP=34
HEAT_4_DUTY=0
HEAT_4_SP=-20.0

[21:41:12.980 CUBESAT]
TS=1786202736.486
PG_5=1
PG_9=0
PG_12=0
FLT_P2=0
FLT_P3=0
HEAT_1_TEMP=0.0
HEAT_1_DUTY=0
HEAT_1_SP=-20.0
ENC_RAW=13394
ENC_ANGLE=294.3017578125
ENC_ACCUM=788.92822265625
AUTO_STOP=1
MOTOR_ANGLE=0.004186046511627906
MOTOR_ACCUM=717.9111627906976
MOTOR_ROT=1372
TS=1786202738.488
PG_5=1
PG_9=0
PG_12=0
FLT_P2=0
FLT_P3=0
HEAT_1_TEMP=0.0
HEAT_1_DUTY=0
HEAT_1_SP=-20.0
ENC_RAW=14016
ENC_ANGLE=307.96875
ENC_ACCUM=802.59521484375
AUTO_STOP=1
MOTOR_ANGLE=0.008749999999999999
MOTOR_ACCUM=730.4738662790697
MOTOR_ROT=1396
TS=1786202740.491
PG_5=1
PG_9=0
PG_12=0
FLT_P2=0
FLT_P3=0
HEAT_1_TEMP=0.0
HEAT_1_DUTY=0
HEAT_1_SP=-20.0
ENC_RAW=14646
ENC_ANGLE=321.8115234375
ENC_ACCUM=816.43798828125
AUTO_STOP=1
MOTOR_ANGLE=0.004186046511627906
MOTOR_ACCUM=743.5506976744186
MOTOR_ROT=1421

[21:41:13.496 EBOX]
TS=1786200972.067
V_SENSE5=1.10107421875
V_SENSE9=0.0341796875
V_SENSE12=0.09765625
ADC_V5=4.9737548828125
ADC_V9=8.9208984375
ADC_V12=11.93878173828125
ADC_V28=27.647705078125
THERMAL_SENS_OUT_1=28
THERMAL_SENS_OUT_2=-50
THERMAL_SENS_OUT_3=28
THERMAL_SENS_OUT_4=26
THERMAL_SENS_OUT_5=33
THERMAL_SENS_OUT_6=-50
THERMAL_SENS_INT_1=27
THERMAL_SENS_INT_2=30
PG_5=1
PG_9=0
PG_12=1
FLT_P2=0
FLT_P3=0
HEAT_1_TEMP=28
HEAT_1_DUTY=0
HEAT_1_SP=-20.0
HEAT_2_TEMP=28
HEAT_2_DUTY=0
HEAT_2_SP=-20.0
HEAT_3_TEMP=26
HEAT_3_DUTY=0
HEAT_3_SP=-20.0
HEAT_4_TEMP=33
HEAT_4_DUTY=0
HEAT_4_SP=-20.0
TS=1786200972.569
V_SENSE5=1.14013671875
V_SENSE9=0.0341796875
V_SENSE12=0.1123046875
ADC_V5=4.920654296875
ADC_V9=8.9739990234375
ADC_V12=11.79718017578125
ADC_V28=27.65655517578125
THERMAL_SENS_OUT_1=31
THERMAL_SENS_OUT_2=-50
THERMAL_SENS_OUT_3=28
THERMAL_SENS_OUT_4=31
THERMAL_SENS_OUT_5=30
THERMAL_SENS_OUT_6=-50
THERMAL_SENS_INT_1=27
THERMAL_SENS_INT_2=29
PG_5=1
PG_9=0
PG_12=1
FLT_P2=0
FLT_P3=0
HEAT_1_TEMP=31
HEAT_1_DUTY=0
HEAT_1_SP=-20.0
HEAT_2_TEMP=28
HEAT_2_DUTY=0
HEAT_2_SP=-20.0
HEAT_3_TEMP=31
HEAT_3_DUTY=0
HEAT_3_SP=-20.0
HEAT_4_TEMP=30
HEAT_4_DUTY=0
HEAT_4_SP=-20.0

[21:41:13.914 EBOX]
TS=1786200973.071
V_SENSE5=1.142578125
V_SENSE9=0.0390625
V_SENSE12=0.126953125
ADC_V5=4.87640380859375
ADC_V9=8.87664794921875
ADC_V12=11.82373046875
ADC_V28=27.92205810546875
THERMAL_SENS_OUT_1=28
THERMAL_SENS_OUT_2=-50
THERMAL_SENS_OUT_3=24
THERMAL_SENS_OUT_4=27
THERMAL_SENS_OUT_5=32
THERMAL_SENS_OUT_6=-50
THERMAL_SENS_INT_1=25
THERMAL_SENS_INT_2=27
PG_5=1
PG_9=0
PG_12=1
FLT_P2=0
FLT_P3=0
HEAT_1_TEMP=28
HEAT_1_DUTY=0
HEAT_1_SP=-20.0
HEAT_2_TEMP=24
HEAT_2_DUTY=0
HEAT_2_SP=-20.0
HEAT_3_TEMP=27
HEAT_3_DUTY=0
HEAT_3_SP=-20.0
HEAT_4_TEMP=32
HEAT_4_DUTY=0
HEAT_4_SP=-20.0

[21:41:14.233 EBOX]
TS=1786200973.574
V_SENSE5=1.15478515625
V_SENSE9=0.03662109375
V_SENSE12=0.1318359375
ADC_V5=5.0091552734375
ADC_V9=9.46075439453125
ADC_V12=11.51397705078125
ADC_V28=27.95745849609375
THERMAL_SENS_OUT_1=32
THERMAL_SENS_OUT_2=-50
THERMAL_SENS_OUT_3=29
THERMAL_SENS_OUT_4=27
THERMAL_SENS_OUT_5=34
THERMAL_SENS_OUT_6=-50
THERMAL_SENS_INT_1=29
THERMAL_SENS_INT_2=26
PG_5=1
PG_9=0
PG_12=1
FLT_P2=0
FLT_P3=0
HEAT_1_TEMP=32
HEAT_1_DUTY=0
HEAT_1_SP=-20.0
HEAT_2_TEMP=29
HEAT_2_DUTY=0
HEAT_2_SP=-20.0
HEAT_3_TEMP=27
HEAT_3_DUTY=0
HEAT_3_SP=-20.0
HEAT_4_TEMP=34
HEAT_4_DUTY=0
HEAT_4_SP=-20.0

[21:41:14.650 EBOX]
TS=1786200974.075
V_SENSE5=0.966796875
V_SENSE9=0.0390625
V_SENSE12=0.09765625
ADC_V5=5.0091552734375
ADC_V9=9.3280029296875
ADC_V12=11.95648193359375
ADC_V28=27.85125732421875
THERMAL_SENS_OUT_1=32
THERMAL_SENS_OUT_2=-50
THERMAL_SENS_OUT_3=28
THERMAL_SENS_OUT_4=26
THERMAL_SENS_OUT_5=32
THERMAL_SENS_OUT_6=-50
THERMAL_SENS_INT_1=29
THERMAL_SENS_INT_2=30
PG_5=1
PG_9=0
PG_12=1
FLT_P2=0
FLT_P3=0
HEAT_1_TEMP=32
HEAT_1_DUTY=0
HEAT_1_SP=-20.0
HEAT_2_TEMP=28
HEAT_2_DUTY=0
HEAT_2_SP=-20.0
HEAT_3_TEMP=26
HEAT_3_DUTY=0
HEAT_3_SP=-20.0
HEAT_4_TEMP=32
HEAT_4_DUTY=0
HEAT_4_SP=-20.0

[21:41:15.285 EBOX]
TS=1786200974.576
V_SENSE5=0.93505859375
V_SENSE9=0.03662109375
V_SENSE12=0.10009765625
ADC_V5=4.96490478515625
ADC_V9=9.33685302734375
ADC_V12=11.788330078125
ADC_V28=27.44415283203125
THERMAL_SENS_OUT_1=27
THERMAL_SENS_OUT_2=-50
THERMAL_SENS_OUT_3=29
THERMAL_SENS_OUT_4=30
THERMAL_SENS_OUT_5=31
THERMAL_SENS_OUT_6=-50
THERMAL_SENS_INT_1=28
THERMAL_SENS_INT_2=26
PG_5=1
PG_9=0
PG_12=1
FLT_P2=0
FLT_P3=0
HEAT_1_TEMP=27
HEAT_1_DUTY=0
HEAT_1_SP=-20.0
HEAT_2_TEMP=29
HEAT_2_DUTY=0
HEAT_2_SP=-20.0
HEAT_3_TEMP=30
HEAT_3_DUTY=0
HEAT_3_SP=-20.0
HEAT_4_TEMP=31
HEAT_4_DUTY=0
HEAT_4_SP=-20.0

[21:41:15.590 CUBESAT]
TS=1786202742.492
PG_5=1
PG_9=0
PG_12=0
FLT_P2=0
FLT_P3=0
HEAT_1_TEMP=0.0
HEAT_1_DUTY=10
HEAT_1_SP=-20.0
ENC_RAW=15247
ENC_ANGLE=335.01708984375
ENC_ACCUM=829.6435546875
AUTO_STOP=1
MOTOR_ANGLE=0.008372093023255813
MOTOR_ACCUM=756.1130232558139
MOTOR_ROT=1445

[21:41:16.601 CUBESAT]
TS=1786202744.493
PG_5=1
PG_9=0
PG_12=0
FLT_P2=0
FLT_P3=0
HEAT_1_TEMP=0.0
HEAT_1_DUTY=0
HEAT_1_SP=-20.0
ENC_RAW=15881
ENC_ANGLE=348.94775390625
ENC_ACCUM=843.57421875
AUTO_STOP=1
MOTOR_ANGLE=0.003808139534883721
MOTOR_ACCUM=769.1898546511628
MOTOR_ROT=1470

[21:41:16.724 EBOX]
TS=1786200975.077
V_SENSE5=1.02294921875
V_SENSE9=0.0390625
V_SENSE12=0.10009765625
ADC_V5=4.91180419921875
ADC_V9=9.3634033203125
ADC_V12=11.79718017578125
ADC_V28=27.70965576171875
THERMAL_SENS_OUT_1=26
THERMAL_SENS_OUT_2=-50
THERMAL_SENS_OUT_3=25
THERMAL_SENS_OUT_4=29
THERMAL_SENS_OUT_5=30
THERMAL_SENS_OUT_6=-50
THERMAL_SENS_INT_1=30
THERMAL_SENS_INT_2=27
PG_5=1
PG_9=0
PG_12=1
FLT_P2=0
FLT_P3=0
HEAT_1_TEMP=26
HEAT_1_DUTY=0
HEAT_1_SP=-20.0
HEAT_2_TEMP=25
HEAT_2_DUTY=0
HEAT_2_SP=-20.0
HEAT_3_TEMP=29
HEAT_3_DUTY=0
HEAT_3_SP=-20.0
HEAT_4_TEMP=30
HEAT_4_DUTY=0
HEAT_4_SP=-20.0
TS=1786200975.587
V_SENSE5=1.181640625
V_SENSE9=0.05615234375
V_SENSE12=0.10986328125
ADC_V5=5.0091552734375
ADC_V9=9.47845458984375
ADC_V12=11.56707763671875
ADC_V28=28.10791015625
THERMAL_SENS_OUT_1=27
THERMAL_SENS_OUT_2=-50
THERMAL_SENS_OUT_3=25
THERMAL_SENS_OUT_4=26
THERMAL_SENS_OUT_5=30
THERMAL_SENS_OUT_6=-50
THERMAL_SENS_INT_1=24
THERMAL_SENS_INT_2=31
PG_5=1
PG_9=0
PG_12=1
FLT_P2=0
FLT_P3=0
HEAT_1_TEMP=27
HEAT_1_DUTY=0
HEAT_1_SP=-20.0
HEAT_2_TEMP=25
HEAT_2_DUTY=0
HEAT_2_SP=-20.0
HEAT_3_TEMP=26
HEAT_3_DUTY=0
HEAT_3_SP=-20.0
HEAT_4_TEMP=30
HEAT_4_DUTY=0
HEAT_4_SP=-20.0

[21:41:17.062 EBOX]
TS=1786200976.083
V_SENSE5=1.1474609375
V_SENSE9=0.0341796875
V_SENSE12=0.11474609375
ADC_V5=4.991455078125
ADC_V9=9.12445068359375
ADC_V12=11.68212890625
ADC_V28=28.01055908203125
THERMAL_SENS_OUT_1=28
THERMAL_SENS_OUT_2=-50
THERMAL_SENS_OUT_3=25
THERMAL_SENS_OUT_4=30
THERMAL_SENS_OUT_5=30
THERMAL_SENS_OUT_6=-50
THERMAL_SENS_INT_1=24
THERMAL_SENS_INT_2=28
PG_5=1
PG_9=0
PG_12=1
FLT_P2=0
FLT_P3=0
HEAT_1_TEMP=28
HEAT_1_DUTY=0
HEAT_1_SP=-20.0
HEAT_2_TEMP=25
HEAT_2_DUTY=0
HEAT_2_SP=-20.0
HEAT_3_TEMP=30
HEAT_3_DUTY=0
HEAT_3_SP=-20.0
HEAT_4_TEMP=30
HEAT_4_DUTY=0
HEAT_4_SP=-20.0

[21:41:17.386 EBOX]
TS=1786200976.584
V_SENSE5=1.123046875
V_SENSE9=0.0390625
V_SENSE12=0.107421875
ADC_V5=5.07110595703125
ADC_V9=9.027099609375
ADC_V12=11.611328125
ADC_V28=27.506103515625
THERMAL_SENS_OUT_1=31
THERMAL_SENS_OUT_2=-50
THERMAL_SENS_OUT_3=29
THERMAL_SENS_OUT_4=25
THERMAL_SENS_OUT_5=35
THERMAL_SENS_OUT_6=-50
THERMAL_SENS_INT_1=26
THERMAL_SENS_INT_2=28
PG_5=1
PG_9=0
PG_12=1
FLT_P2=0
FLT_P3=0
HEAT_1_TEMP=31
HEAT_1_DUTY=0
HEAT_1_SP=-20.0
HEAT_2_TEMP=29
HEAT_2_DUTY=0
HEAT_2_SP=-20.0
HEAT_3_TEMP=25
HEAT_3_DUTY=0
HEAT_3_SP=-20.0
HEAT_4_TEMP=35
HEAT_4_DUTY=0
HEAT_4_SP=-20.0

[21:41:17.616 EBOX]
TS=1786200977.087
V_SENSE5=1.1083984375
V_SENSE9=0.0341796875
V_SENSE12=0.107421875
ADC_V5=4.96490478515625
ADC_V9=9.00054931640625
ADC_V12=11.4874267578125
ADC_V28=27.97515869140625
THERMAL_SENS_OUT_1=29
THERMAL_SENS_OUT_2=-50
THERMAL_SENS_OUT_3=26
THERMAL_SENS_OUT_4=30
THERMAL_SENS_OUT_5=36
THERMAL_SENS_OUT_6=-50
THERMAL_SENS_INT_1=26
THERMAL_SENS_INT_2=30
PG_5=1
PG_9=0
PG_12=1
FLT_P2=0
FLT_P3=0
HEAT_1_TEMP=29
HEAT_1_DUTY=0
HEAT_1_SP=-20.0
HEAT_2_TEMP=26
HEAT_2_DUTY=0
HEAT_2_SP=-20.0
HEAT_3_TEMP=30
HEAT_3_DUTY=0
HEAT_3_SP=-20.0
HEAT_4_TEMP=36
HEAT_4_DUTY=0
HEAT_4_SP=-20.0

[21:41:18.141 EBOX]
TS=1786200977.588
V_SENSE5=1.01318359375
V_SENSE9=0.0341796875
V_SENSE12=0.1220703125
ADC_V5=4.88525390625
ADC_V9=9.05364990234375
ADC_V12=11.929931640625
ADC_V28=28.06365966796875
THERMAL_SENS_OUT_1=31
THERMAL_SENS_OUT_2=-50
THERMAL_SENS_OUT_3=30
THERMAL_SENS_OUT_4=31
THERMAL_SENS_OUT_5=32
THERMAL_SENS_OUT_6=-50
THERMAL_SENS_INT_1=27
THERMAL_SENS_INT_2=28
PG_5=1
PG_9=0
PG_12=1
FLT_P2=0
FLT_P3=0
HEAT_1_TEMP=31
HEAT_1_DUTY=0
HEAT_1_SP=-20.0
HEAT_2_TEMP=30
HEAT_2_DUTY=0
HEAT_2_SP=-20.0
HEAT_3_TEMP=31
HEAT_3_DUTY=0
HEAT_3_SP=-20.0
HEAT_4_TEMP=32
HEAT_4_DUTY=0
HEAT_4_SP=-20.0

[21:41:18.548 CUBESAT]
TS=1786202746.495
PG_5=1
PG_9=0
PG_12=0
FLT_P2=0
FLT_P3=0
HEAT_1_TEMP=0.0
HEAT_1_DUTY=0
HEAT_1_SP=-20.0
ENC_RAW=145
ENC_ANGLE=3.18603515625
ENC_ACCUM=857.8125
AUTO_STOP=1
MOTOR_ANGLE=0.007994186046511628
MOTOR_ACCUM=781.7521802325581
MOTOR_ROT=1494

[21:41:18.659 EBOX]
TS=1786200978.091
V_SENSE5=0.97900390625
V_SENSE9=0.03662109375
V_SENSE12=0.1025390625
ADC_V5=4.9029541015625
ADC_V9=9.1864013671875
ADC_V12=11.68212890625
ADC_V28=28.15216064453125
THERMAL_SENS_OUT_1=29
THERMAL_SENS_OUT_2=-50
THERMAL_SENS_OUT_3=27
THERMAL_SENS_OUT_4=27
THERMAL_SENS_OUT_5=30
THERMAL_SENS_OUT_6=-50
THERMAL_SENS_INT_1=26
THERMAL_SENS_INT_2=28
PG_5=1
PG_9=0
PG_12=1
FLT_P2=0
FLT_P3=0
HEAT_1_TEMP=29
HEAT_1_DUTY=0
HEAT_1_SP=-20.0
HEAT_2_TEMP=27
HEAT_2_DUTY=0
HEAT_2_SP=-20.0
HEAT_3_TEMP=27
HEAT_3_DUTY=0
HEAT_3_SP=-20.0
HEAT_4_TEMP=30
HEAT_4_DUTY=0
HEAT_4_SP=-20.0

[21:41:19.285 EBOX]
TS=1786200978.592
V_SENSE5=1.171875
V_SENSE9=0.0390625
V_SENSE12=0.12939453125
ADC_V5=4.96490478515625
ADC_V9=8.85009765625
ADC_V12=11.69097900390625
ADC_V28=28.1610107421875
THERMAL_SENS_OUT_1=28
THERMAL_SENS_OUT_2=-50
THERMAL_SENS_OUT_3=25
THERMAL_SENS_OUT_4=27
THERMAL_SENS_OUT_5=35
THERMAL_SENS_OUT_6=-50
THERMAL_SENS_INT_1=25
THERMAL_SENS_INT_2=29
PG_5=1
PG_9=0
PG_12=1
FLT_P2=0
FLT_P3=0
HEAT_1_TEMP=28
HEAT_1_DUTY=0
HEAT_1_SP=-20.0
HEAT_2_TEMP=25
HEAT_2_DUTY=0
HEAT_2_SP=-20.0
HEAT_3_TEMP=27
HEAT_3_DUTY=0
HEAT_3_SP=-20.0
HEAT_4_TEMP=35
HEAT_4_DUTY=0
HEAT_4_SP=-20.0

[21:41:19.706 EBOX]
TS=1786200979.094
V_SENSE5=1.1572265625
V_SENSE9=0.0390625
V_SENSE12=0.1171875
ADC_V5=5.0091552734375
ADC_V9=9.00054931640625
ADC_V12=11.575927734375
ADC_V28=28.13446044921875
THERMAL_SENS_OUT_1=31
THERMAL_SENS_OUT_2=-50
THERMAL_SENS_OUT_3=29
THERMAL_SENS_OUT_4=27
THERMAL_SENS_OUT_5=35
THERMAL_SENS_OUT_6=-50
THERMAL_SENS_INT_1=28
THERMAL_SENS_INT_2=28
PG_5=1
PG_9=0
PG_12=1
FLT_P2=0
FLT_P3=0
HEAT_1_TEMP=31
HEAT_1_DUTY=0
HEAT_1_SP=-20.0
HEAT_2_TEMP=29
HEAT_2_DUTY=0
HEAT_2_SP=-20.0
HEAT_3_TEMP=27
HEAT_3_DUTY=0
HEAT_3_SP=-20.0
HEAT_4_TEMP=35
HEAT_4_DUTY=0
HEAT_4_SP=-20.0

[21:41:20.161 EBOX]
TS=1786200979.596
V_SENSE5=1.1572265625
V_SENSE9=0.0341796875
V_SENSE12=0.09765625
ADC_V5=5.03570556640625
ADC_V9=8.85009765625
ADC_V12=11.859130859375
ADC_V28=28.1964111328125
THERMAL_SENS_OUT_1=26
THERMAL_SENS_OUT_2=-50
THERMAL_SENS_OUT_3=29
THERMAL_SENS_OUT_4=30
THERMAL_SENS_OUT_5=34
THERMAL_SENS_OUT_6=-50
THERMAL_SENS_INT_1=30
THERMAL_SENS_INT_2=30
PG_5=1
PG_9=0
PG_12=1
FLT_P2=0
FLT_P3=0
HEAT_1_TEMP=26
HEAT_1_DUTY=0
HEAT_1_SP=-20.0
HEAT_2_TEMP=29
HEAT_2_DUTY=0
HEAT_2_SP=-20.0
HEAT_3_TEMP=30
HEAT_3_DUTY=0
HEAT_3_SP=-20.0
HEAT_4_TEMP=34
HEAT_4_DUTY=0
HEAT_4_SP=-20.0

[21:41:20.367 CUBESAT]
TS=1786202748.495
PG_5=1
PG_9=0
PG_12=0
FLT_P2=0
FLT_P3=0
HEAT_1_TEMP=0.0
HEAT_1_DUTY=0
HEAT_1_SP=-20.0
ENC_RAW=781
ENC_ANGLE=17.16064453125
ENC_ACCUM=871.787109375
AUTO_STOP=1
MOTOR_ANGLE=0.0034302325581395347
MOTOR_ACCUM=794.829011627907
MOTOR_ROT=1519

[21:41:20.582 EBOX]
TS=1786200980.105
V_SENSE5=1.07177734375
V_SENSE9=0.03173828125
V_SENSE12=0.1318359375
ADC_V5=4.98260498046875
ADC_V9=9.55810546875
ADC_V12=11.788330078125
ADC_V28=27.53265380859375
THERMAL_SENS_OUT_1=29
THERMAL_SENS_OUT_2=-50
THERMAL_SENS_OUT_3=26
THERMAL_SENS_OUT_4=28
THERMAL_SENS_OUT_5=31
THERMAL_SENS_OUT_6=-50
THERMAL_SENS_INT_1=25
THERMAL_SENS_INT_2=27
PG_5=1
PG_9=0
PG_12=1
FLT_P2=0
FLT_P3=0
HEAT_1_TEMP=29
HEAT_1_DUTY=0
HEAT_1_SP=-20.0
HEAT_2_TEMP=26
HEAT_2_DUTY=0
HEAT_2_SP=-20.0
HEAT_3_TEMP=28
HEAT_3_DUTY=0
HEAT_3_SP=-20.0
HEAT_4_TEMP=31
HEAT_4_DUTY=0
HEAT_4_SP=-20.0

[21:41:21.110 EBOX]
TS=1786200980.606
V_SENSE5=1.1181640625
V_SENSE9=0.04150390625
V_SENSE12=0.10498046875
ADC_V5=4.98260498046875
ADC_V9=9.593505859375
ADC_V12=11.9122314453125
ADC_V28=27.12554931640625
THERMAL_SENS_OUT_1=26
THERMAL_SENS_OUT_2=-50
THERMAL_SENS_OUT_3=30
THERMAL_SENS_OUT_4=31
THERMAL_SENS_OUT_5=32
THERMAL_SENS_OUT_6=-50
THERMAL_SENS_INT_1=28
THERMAL_SENS_INT_2=27
PG_5=1
PG_9=0
PG_12=1
FLT_P2=0
FLT_P3=0
HEAT_1_TEMP=26
HEAT_1_DUTY=0
HEAT_1_SP=-20.0
HEAT_2_TEMP=30
HEAT_2_DUTY=0
HEAT_2_SP=-20.0
HEAT_3_TEMP=31
HEAT_3_DUTY=0
HEAT_3_SP=-20.0
HEAT_4_TEMP=32
HEAT_4_DUTY=0
HEAT_4_SP=-20.0

[21:41:21.739 EBOX]
TS=1786200981.108
V_SENSE5=0.88623046875
V_SENSE9=0.0390625
V_SENSE12=0.1025390625
ADC_V5=4.94720458984375
ADC_V9=9.62005615234375
ADC_V12=11.79718017578125
ADC_V28=27.14324951171875
THERMAL_SENS_OUT_1=27
THERMAL_SENS_OUT_2=-50
THERMAL_SENS_OUT_3=24
THERMAL_SENS_OUT_4=28
THERMAL_SENS_OUT_5=37
THERMAL_SENS_OUT_6=-50
THERMAL_SENS_INT_1=30
THERMAL_SENS_INT_2=28
PG_5=1
PG_9=0
PG_12=1
FLT_P2=0
FLT_P3=0
HEAT_1_TEMP=27
HEAT_1_DUTY=0
HEAT_1_SP=-20.0
HEAT_2_TEMP=24
HEAT_2_DUTY=0
HEAT_2_SP=-20.0
HEAT_3_TEMP=28
HEAT_3_DUTY=0
HEAT_3_SP=-20.0
HEAT_4_TEMP=37
HEAT_4_DUTY=0
HEAT_4_SP=-20.0

[21:41:22.261 EBOX]
TS=1786200981.601
V_SENSE5=1.14501953125
V_SENSE9=0.0390625
V_SENSE12=0.1123046875
ADC_V5=4.991455078125
ADC_V9=9.31915283203125
ADC_V12=11.83258056640625
ADC_V28=27.25830078125
THERMAL_SENS_OUT_1=28
THERMAL_SENS_OUT_2=-50
THERMAL_SENS_OUT_3=27
THERMAL_SENS_OUT_4=27
THERMAL_SENS_OUT_5=35
THERMAL_SENS_OUT_6=-50
THERMAL_SENS_INT_1=27
THERMAL_SENS_INT_2=31
PG_5=1
PG_9=0
PG_12=1
FLT_P2=0
FLT_P3=0
HEAT_1_TEMP=28
HEAT_1_DUTY=0
HEAT_1_SP=-20.0
HEAT_2_TEMP=27
HEAT_2_DUTY=0
HEAT_2_SP=-20.0
HEAT_3_TEMP=27
HEAT_3_DUTY=0
HEAT_3_SP=-20.0
HEAT_4_TEMP=35
HEAT_4_DUTY=0
HEAT_4_SP=-20.0

[21:41:22.586 EBOX]
TS=1786200982.108
V_SENSE5=1.1279296875
V_SENSE9=0.0390625
V_SENSE12=0.1171875
ADC_V5=4.92950439453125
ADC_V9=9.2572021484375
ADC_V12=11.7706298828125
ADC_V28=28.0194091796875
THERMAL_SENS_OUT_1=29
THERMAL_SENS_OUT_2=-50
THERMAL_SENS_OUT_3=30
THERMAL_SENS_OUT_4=26
THERMAL_SENS_OUT_5=32
THERMAL_SENS_OUT_6=-50
THERMAL_SENS_INT_1=30
THERMAL_SENS_INT_2=26
PG_5=1
PG_9=0
PG_12=1
FLT_P2=0
FLT_P3=0
HEAT_1_TEMP=29
HEAT_1_DUTY=0
HEAT_1_SP=-20.0
HEAT_2_TEMP=30
HEAT_2_DUTY=0
HEAT_2_SP=-20.0
HEAT_3_TEMP=26
HEAT_3_DUTY=0
HEAT_3_SP=-20.0
HEAT_4_TEMP=32
HEAT_4_DUTY=0
HEAT_4_SP=-20.0

[21:41:22.590 CUBESAT]
TS=1786202750.498
PG_5=1
PG_9=0
PG_12=0
FLT_P2=0
FLT_P3=0
HEAT_1_TEMP=0.0
HEAT_1_DUTY=0
HEAT_1_SP=-20.0
ENC_RAW=1428
ENC_ANGLE=31.376953125
ENC_ACCUM=886.00341796875
AUTO_STOP=1
MOTOR_ANGLE=0.007994186046511628
MOTOR_ACCUM=807.3917151162791
MOTOR_ROT=1543

[21:41:23.106 EBOX]
TS=1786200982.610
V_SENSE5=1.2646484375
V_SENSE9=0.0341796875
V_SENSE12=0.10986328125
ADC_V5=4.91180419921875
ADC_V9=9.30145263671875
ADC_V12=11.85028076171875
ADC_V28=27.55035400390625
THERMAL_SENS_OUT_1=31
THERMAL_SENS_OUT_2=-50
THERMAL_SENS_OUT_3=29
THERMAL_SENS_OUT_4=26
THERMAL_SENS_OUT_5=33
THERMAL_SENS_OUT_6=-50
THERMAL_SENS_INT_1=29
THERMAL_SENS_INT_2=27
PG_5=1
PG_9=0
PG_12=1
FLT_P2=0
FLT_P3=0
HEAT_1_TEMP=31
HEAT_1_DUTY=0
HEAT_1_SP=-20.0
HEAT_2_TEMP=29
HEAT_2_DUTY=0
HEAT_2_SP=-20.0
HEAT_3_TEMP=26
HEAT_3_DUTY=0
HEAT_3_SP=-20.0
HEAT_4_TEMP=33
HEAT_4_DUTY=0
HEAT_4_SP=-20.0

[21:41:23.623 EBOX]
TS=1786200983.110
V_SENSE5=1.1572265625
V_SENSE9=0.03662109375
V_SENSE12=0.1123046875
ADC_V5=4.9560546875
ADC_V9=9.35455322265625
ADC_V12=12.00958251953125
ADC_V28=28.214111328125
THERMAL_SENS_OUT_1=26
THERMAL_SENS_OUT_2=-50
THERMAL_SENS_OUT_3=29
THERMAL_SENS_OUT_4=27
THERMAL_SENS_OUT_5=36
THERMAL_SENS_OUT_6=-50
THERMAL_SENS_INT_1=24
THERMAL_SENS_INT_2=27
PG_5=1
PG_9=0
PG_12=1
FLT_P2=0
FLT_P3=0
HEAT_1_TEMP=26
HEAT_1_DUTY=0
HEAT_1_SP=-20.0
HEAT_2_TEMP=29
HEAT_2_DUTY=0
HEAT_2_SP=-20.0
HEAT_3_TEMP=27
HEAT_3_DUTY=0
HEAT_3_SP=-20.0
HEAT_4_TEMP=36
HEAT_4_DUTY=0
HEAT_4_SP=-20.0

[21:41:23.944 EBOX]
TS=1786200983.620
V_SENSE5=0.9814453125
V_SENSE9=0.0390625
V_SENSE12=0.1220703125
ADC_V5=5.01800537109375
ADC_V9=9.28375244140625
ADC_V12=11.7529296875
ADC_V28=27.222900390625
THERMAL_SENS_OUT_1=27
THERMAL_SENS_OUT_2=-50
THERMAL_SENS_OUT_3=30
THERMAL_SENS_OUT_4=31
THERMAL_SENS_OUT_5=31
THERMAL_SENS_OUT_6=-50
THERMAL_SENS_INT_1=24
THERMAL_SENS_INT_2=26
PG_5=1
PG_9=0
PG_12=1
FLT_P2=0
FLT_P3=0
HEAT_1_TEMP=27
HEAT_1_DUTY=0
HEAT_1_SP=-20.0
HEAT_2_TEMP=30
HEAT_2_DUTY=0
HEAT_2_SP=-20.0
HEAT_3_TEMP=31
HEAT_3_DUTY=0
HEAT_3_SP=-20.0
HEAT_4_TEMP=31
HEAT_4_DUTY=0
HEAT_4_SP=-20.0

[21:41:24.251 CUBESAT]
TS=1786202752.501
PG_5=1
PG_9=0
PG_12=0
FLT_P2=0
FLT_P3=0
HEAT_1_TEMP=0.0
HEAT_1_DUTY=10
HEAT_1_SP=-20.0
ENC_RAW=2078
ENC_ANGLE=45.6591796875
ENC_ACCUM=900.28564453125
AUTO_STOP=1
MOTOR_ANGLE=0.0034302325581395347
MOTOR_ACCUM=820.4685465116279
MOTOR_ROT=1568

[21:41:24.470 EBOX]
TS=1786200984.120
V_SENSE5=0.8740234375
V_SENSE9=0.0390625
V_SENSE12=0.10498046875
ADC_V5=4.9737548828125
ADC_V9=9.21295166015625
ADC_V12=11.72637939453125
ADC_V28=27.2052001953125
THERMAL_SENS_OUT_1=28
THERMAL_SENS_OUT_2=-50
THERMAL_SENS_OUT_3=26
THERMAL_SENS_OUT_4=32
THERMAL_SENS_OUT_5=33
THERMAL_SENS_OUT_6=-50
THERMAL_SENS_INT_1=25
THERMAL_SENS_INT_2=29
PG_5=1
PG_9=0
PG_12=1
FLT_P2=0
FLT_P3=0
HEAT_1_TEMP=28
HEAT_1_DUTY=0
HEAT_1_SP=-20.0
HEAT_2_TEMP=26
HEAT_2_DUTY=0
HEAT_2_SP=-20.0
HEAT_3_TEMP=32
HEAT_3_DUTY=0
HEAT_3_SP=-20.0
HEAT_4_TEMP=33
HEAT_4_DUTY=0
HEAT_4_SP=-20.0

[21:41:24.889 EBOX]
TS=1786200984.621
V_SENSE5=0.87890625
V_SENSE9=0.0390625
V_SENSE12=0.13671875
ADC_V5=4.991455078125
ADC_V9=9.027099609375
ADC_V12=11.859130859375
ADC_V28=27.152099609375
THERMAL_SENS_OUT_1=29
THERMAL_SENS_OUT_2=-50
THERMAL_SENS_OUT_3=27
THERMAL_SENS_OUT_4=27
THERMAL_SENS_OUT_5=35
THERMAL_SENS_OUT_6=-50
THERMAL_SENS_INT_1=29
THERMAL_SENS_INT_2=26
PG_5=1
PG_9=0
PG_12=1
FLT_P2=0
FLT_P3=0
HEAT_1_TEMP=29
HEAT_1_DUTY=0
HEAT_1_SP=-20.0
HEAT_2_TEMP=27
HEAT_2_DUTY=0
HEAT_2_SP=-20.0
HEAT_3_TEMP=27
HEAT_3_DUTY=0
HEAT_3_SP=-20.0
HEAT_4_TEMP=35
HEAT_4_DUTY=0
HEAT_4_SP=-20.0

[21:41:26.031 EBOX]
TS=1786200985.122
V_SENSE5=0.859375
V_SENSE9=0.03662109375
V_SENSE12=0.13427734375
ADC_V5=4.920654296875
ADC_V9=8.814697265625
ADC_V12=11.7352294921875
ADC_V28=27.17864990234375
THERMAL_SENS_OUT_1=29
THERMAL_SENS_OUT_2=-50
THERMAL_SENS_OUT_3=24
THERMAL_SENS_OUT_4=28
THERMAL_SENS_OUT_5=30
THERMAL_SENS_OUT_6=-50
THERMAL_SENS_INT_1=27
THERMAL_SENS_INT_2=32
PG_5=1
PG_9=0
PG_12=1
FLT_P2=0
FLT_P3=0
HEAT_1_TEMP=29
HEAT_1_DUTY=0
HEAT_1_SP=-20.0
HEAT_2_TEMP=24
HEAT_2_DUTY=0
HEAT_2_SP=-20.0
HEAT_3_TEMP=28
HEAT_3_DUTY=0
HEAT_3_SP=-20.0
HEAT_4_TEMP=30
HEAT_4_DUTY=0
HEAT_4_SP=-20.0
TS=1786200985.623
V_SENSE5=0.849609375
V_SENSE9=0.0341796875
V_SENSE12=0.19287109375
ADC_V5=5.01800537109375
ADC_V9=9.168701171875
ADC_V12=11.7352294921875
ADC_V28=28.1787109375
THERMAL_SENS_OUT_1=26
THERMAL_SENS_OUT_2=-50
THERMAL_SENS_OUT_3=27
THERMAL_SENS_OUT_4=30
THERMAL_SENS_OUT_5=33
THERMAL_SENS_OUT_6=-50
THERMAL_SENS_INT_1=27
THERMAL_SENS_INT_2=32
PG_5=1
PG_9=0
PG_12=1
FLT_P2=0
FLT_P3=0
HEAT_1_TEMP=26
HEAT_1_DUTY=0
HEAT_1_SP=-20.0
HEAT_2_TEMP=27
HEAT_2_DUTY=0
HEAT_2_SP=-20.0
HEAT_3_TEMP=30
HEAT_3_DUTY=0
HEAT_3_SP=-20.0
HEAT_4_TEMP=33
HEAT_4_DUTY=0
HEAT_4_SP=-20.0

[21:41:26.237 CUBESAT]
TS=1786202754.505
PG_5=1
PG_9=0
PG_12=0
FLT_P2=0
FLT_P3=0
HEAT_1_TEMP=0.0
HEAT_1_DUTY=0
HEAT_1_SP=-20.0
ENC_RAW=2203
ENC_ANGLE=48.40576171875
ENC_ACCUM=903.0322265625
AUTO_STOP=1
MOTOR_ANGLE=0.0007558139534883722
MOTOR_ACCUM=822.5588953488373
MOTOR_ROT=1572

[21:41:26.451 EBOX]
TS=1786200986.120
V_SENSE5=0.93505859375
V_SENSE9=0.0341796875
V_SENSE12=0.09521484375
ADC_V5=4.91180419921875
ADC_V9=9.027099609375
ADC_V12=11.74407958984375
ADC_V28=28.15216064453125
THERMAL_SENS_OUT_1=26
THERMAL_SENS_OUT_2=-50
THERMAL_SENS_OUT_3=25
THERMAL_SENS_OUT_4=29
THERMAL_SENS_OUT_5=34
THERMAL_SENS_OUT_6=-50
THERMAL_SENS_INT_1=25
THERMAL_SENS_INT_2=29
PG_5=1
PG_9=0
PG_12=1
FLT_P2=0
FLT_P3=0
HEAT_1_TEMP=26
HEAT_1_DUTY=0
HEAT_1_SP=-20.0
HEAT_2_TEMP=25
HEAT_2_DUTY=0
HEAT_2_SP=-20.0
HEAT_3_TEMP=29
HEAT_3_DUTY=0
HEAT_3_SP=-20.0
HEAT_4_TEMP=34
HEAT_4_DUTY=0
HEAT_4_SP=-20.0

[21:41:26.970 EBOX]
TS=1786200986.620
V_SENSE5=0.9033203125
V_SENSE9=0.03662109375
V_SENSE12=0.09765625
ADC_V5=4.88525390625
ADC_V9=8.99169921875
ADC_V12=11.611328125
ADC_V28=28.01055908203125
THERMAL_SENS_OUT_1=29
THERMAL_SENS_OUT_2=-50
THERMAL_SENS_OUT_3=24
THERMAL_SENS_OUT_4=26
THERMAL_SENS_OUT_5=29
THERMAL_SENS_OUT_6=-50
THERMAL_SENS_INT_1=26
THERMAL_SENS_INT_2=27
PG_5=1
PG_9=0
PG_12=1
FLT_P2=0
FLT_P3=0
HEAT_1_TEMP=29
HEAT_1_DUTY=0
HEAT_1_SP=-20.0
HEAT_2_TEMP=24
HEAT_2_DUTY=0
HEAT_2_SP=-20.0
HEAT_3_TEMP=26
HEAT_3_DUTY=0
HEAT_3_SP=-20.0
HEAT_4_TEMP=29
HEAT_4_DUTY=0
HEAT_4_SP=-20.0

[21:41:27.403 EBOX]
TS=1786200987.121
V_SENSE5=0.9375
V_SENSE9=0.0341796875
V_SENSE12=0.1220703125
ADC_V5=4.94720458984375
ADC_V9=9.12445068359375
ADC_V12=11.68212890625
ADC_V28=28.214111328125
THERMAL_SENS_OUT_1=28
THERMAL_SENS_OUT_2=-50
THERMAL_SENS_OUT_3=27
THERMAL_SENS_OUT_4=27
THERMAL_SENS_OUT_5=35
THERMAL_SENS_OUT_6=-50
THERMAL_SENS_INT_1=30
THERMAL_SENS_INT_2=28
PG_5=1
PG_9=0
PG_12=1
FLT_P2=0
FLT_P3=0
HEAT_1_TEMP=28
HEAT_1_DUTY=0
HEAT_1_SP=-20.0
HEAT_2_TEMP=27
HEAT_2_DUTY=0
HEAT_2_SP=-20.0
HEAT_3_TEMP=27
HEAT_3_DUTY=0
HEAT_3_SP=-20.0
HEAT_4_TEMP=35
HEAT_4_DUTY=0
HEAT_4_SP=-20.0

