[11:57:37.532 EBOX]
TS=1786204145.966
V_SENSE5=1.28173828125
V_SENSE9=0.0341796875
V_SENSE12=0.11962890625
ADC_V5=5.08880615234375
ADC_V9=9.5050048828125
ADC_V12=11.62017822265625
ADC_V28=27.85125732421875
THERMAL_SENS_OUT_1=31
THERMAL_SENS_OUT_2=-50
THERMAL_SENS_OUT_3=34
THERMAL_SENS_OUT_4=27
THERMAL_SENS_OUT_5=37
THERMAL_SENS_OUT_6=-50
THERMAL_SENS_INT_1=25
THERMAL_SENS_INT_2=31
PG_5=0
PG_9=0
PG_12=0
FLT_P2=0
FLT_P3=0
HEAT_1_TEMP=31
HEAT_1_DUTY=0
HEAT_1_SP=-20.0
HEAT_2_TEMP=34
HEAT_2_DUTY=0
HEAT_2_SP=-20.0
HEAT_3_TEMP=27
HEAT_3_DUTY=0
HEAT_3_SP=-20.0
HEAT_4_TEMP=37
HEAT_4_DUTY=0
HEAT_4_SP=-20.0
MOTOR_ANGLE=0.004186046511627906
MOTOR_ACCUM=1.0506976744186047
MOTOR_ROT=2

[11:57:39.504 EBOX]
TS=1786204147.968
V_SENSE5=1.30615234375
V_SENSE9=0.0341796875
V_SENSE12=0.1220703125
ADC_V5=4.991455078125
ADC_V9=9.027099609375
ADC_V12=11.859130859375
ADC_V28=26.91314697265625
THERMAL_SENS_OUT_1=32
THERMAL_SENS_OUT_2=-50
THERMAL_SENS_OUT_3=36
THERMAL_SENS_OUT_4=28
THERMAL_SENS_OUT_5=37
THERMAL_SENS_OUT_6=-50
THERMAL_SENS_INT_1=26
THERMAL_SENS_INT_2=31
PG_5=0
PG_9=0
PG_12=0
FLT_P2=0
FLT_P3=0
HEAT_1_TEMP=32
HEAT_1_DUTY=0
HEAT_1_SP=-20.0
HEAT_2_TEMP=36
HEAT_2_DUTY=0
HEAT_2_SP=-20.0
HEAT_3_TEMP=28
HEAT_3_DUTY=0
HEAT_3_SP=-20.0
HEAT_4_TEMP=37
HEAT_4_DUTY=0
HEAT_4_SP=-20.0
MOTOR_ANGLE=0.004186046511627906
MOTOR_ACCUM=1.0506976744186047
MOTOR_ROT=2

[11:57:40.214 EBOX]
TS=1786204150.371
V_SENSE5=1.3671875
V_SENSE9=0.0390625
V_SENSE12=0.11962890625
ADC_V5=4.9560546875
ADC_V9=8.98284912109375
ADC_V12=11.88568115234375
ADC_V28=27.05474853515625
THERMAL_SENS_OUT_1=28
THERMAL_SENS_OUT_2=-50
THERMAL_SENS_OUT_3=33
THERMAL_SENS_OUT_4=27
THERMAL_SENS_OUT_5=34
THERMAL_SENS_OUT_6=-50
THERMAL_SENS_INT_1=24
THERMAL_SENS_INT_2=31
PG_5=0
PG_9=0
PG_12=0
FLT_P2=0
FLT_P3=0
HEAT_1_TEMP=28
HEAT_1_DUTY=0
HEAT_1_SP=-20.0
HEAT_2_TEMP=33
HEAT_2_DUTY=0
HEAT_2_SP=-20.0
HEAT_3_TEMP=27
HEAT_3_DUTY=0
HEAT_3_SP=-20.0
HEAT_4_TEMP=34
HEAT_4_DUTY=0
HEAT_4_SP=-20.0
MOTOR_ANGLE=0.004186046511627906
MOTOR_ACCUM=1.0506976744186047
MOTOR_ROT=2

[11:57:40.522 EBOX]
TS=1786204150.872
V_SENSE5=1.2353515625
V_SENSE9=0.0390625
V_SENSE12=0.1123046875
ADC_V5=4.9029541015625
ADC_V9=9.56695556640625
ADC_V12=11.83258056640625
ADC_V28=27.1697998046875
THERMAL_SENS_OUT_1=28
THERMAL_SENS_OUT_2=-50
THERMAL_SENS_OUT_3=32
THERMAL_SENS_OUT_4=27
THERMAL_SENS_OUT_5=38
THERMAL_SENS_OUT_6=-50
THERMAL_SENS_INT_1=28
THERMAL_SENS_INT_2=25
PG_5=0
PG_9=0
PG_12=0
FLT_P2=0
FLT_P3=0
HEAT_1_TEMP=28
HEAT_1_DUTY=0
HEAT_1_SP=-20.0
HEAT_2_TEMP=32
HEAT_2_DUTY=0
HEAT_2_SP=-20.0
HEAT_3_TEMP=27
HEAT_3_DUTY=0
HEAT_3_SP=-20.0
HEAT_4_TEMP=38
HEAT_4_DUTY=0
HEAT_4_SP=-20.0
MOTOR_ANGLE=0.004186046511627906
MOTOR_ACCUM=1.0506976744186047
MOTOR_ROT=2

[11:57:41.031 EBOX]
TS=1786204151.374
V_SENSE5=1.23046875
V_SENSE9=0.0341796875
V_SENSE12=0.107421875
ADC_V5=4.96490478515625
ADC_V9=9.05364990234375
ADC_V12=11.79718017578125
ADC_V28=27.10784912109375
THERMAL_SENS_OUT_1=28
THERMAL_SENS_OUT_2=-50
THERMAL_SENS_OUT_3=33
THERMAL_SENS_OUT_4=25
THERMAL_SENS_OUT_5=33
THERMAL_SENS_OUT_6=-50
THERMAL_SENS_INT_1=25
THERMAL_SENS_INT_2=26
PG_5=0
PG_9=0
PG_12=0
FLT_P2=0
FLT_P3=0
HEAT_1_TEMP=28
HEAT_1_DUTY=0
HEAT_1_SP=-20.0
HEAT_2_TEMP=33
HEAT_2_DUTY=0
HEAT_2_SP=-20.0
HEAT_3_TEMP=25
HEAT_3_DUTY=0
HEAT_3_SP=-20.0
HEAT_4_TEMP=33
HEAT_4_DUTY=0
HEAT_4_SP=-20.0
MOTOR_ANGLE=0.004186046511627906
MOTOR_ACCUM=1.0506976744186047
MOTOR_ROT=2

[11:57:41.540 EBOX]
TS=1786204151.881
V_SENSE5=1.1669921875
V_SENSE9=0.05126953125
V_SENSE12=0.1123046875
ADC_V5=4.91180419921875
ADC_V9=8.99169921875
ADC_V12=11.79718017578125
ADC_V28=27.6123046875
THERMAL_SENS_OUT_1=28
THERMAL_SENS_OUT_2=-50
THERMAL_SENS_OUT_3=35
THERMAL_SENS_OUT_4=25
THERMAL_SENS_OUT_5=37
THERMAL_SENS_OUT_6=-50
THERMAL_SENS_INT_1=27
THERMAL_SENS_INT_2=26
PG_5=0
PG_9=0
PG_12=0
FLT_P2=0
FLT_P3=0
HEAT_1_TEMP=28
HEAT_1_DUTY=0
HEAT_1_SP=-20.0
HEAT_2_TEMP=35
HEAT_2_DUTY=0
HEAT_2_SP=-20.0
HEAT_3_TEMP=25
HEAT_3_DUTY=0
HEAT_3_SP=-20.0
HEAT_4_TEMP=37
HEAT_4_DUTY=0
HEAT_4_SP=-20.0
MOTOR_ANGLE=0.004186046511627906
MOTOR_ACCUM=1.0506976744186047
MOTOR_ROT=2

[11:57:42.050 EBOX]
TS=1786204152.378
V_SENSE5=1.29638671875
V_SENSE9=0.03662109375
V_SENSE12=0.11962890625
ADC_V5=4.9029541015625
ADC_V9=9.2572021484375
ADC_V12=11.6290283203125
ADC_V28=27.88665771484375
THERMAL_SENS_OUT_1=31
THERMAL_SENS_OUT_2=-50
THERMAL_SENS_OUT_3=34
THERMAL_SENS_OUT_4=25
THERMAL_SENS_OUT_5=37
THERMAL_SENS_OUT_6=-50
THERMAL_SENS_INT_1=27
THERMAL_SENS_INT_2=25
PG_5=0
PG_9=0
PG_12=0
FLT_P2=0
FLT_P3=0
HEAT_1_TEMP=31
HEAT_1_DUTY=0
HEAT_1_SP=-20.0
HEAT_2_TEMP=34
HEAT_2_DUTY=0
HEAT_2_SP=-20.0
HEAT_3_TEMP=25
HEAT_3_DUTY=0
HEAT_3_SP=-20.0
HEAT_4_TEMP=37
HEAT_4_DUTY=0
HEAT_4_SP=-20.0
MOTOR_ANGLE=0.004186046511627906
MOTOR_ACCUM=1.0506976744186047
MOTOR_ROT=2

[11:57:42.759 EBOX]
TS=1786204152.881
V_SENSE5=1.45263671875
V_SENSE9=0.029296875
V_SENSE12=0.11474609375
ADC_V5=4.9737548828125
ADC_V9=9.01824951171875
ADC_V12=11.92108154296875
ADC_V28=27.21405029296875
THERMAL_SENS_OUT_1=26
THERMAL_SENS_OUT_2=-50
THERMAL_SENS_OUT_3=35
THERMAL_SENS_OUT_4=28
THERMAL_SENS_OUT_5=36
THERMAL_SENS_OUT_6=-50
THERMAL_SENS_INT_1=25
THERMAL_SENS_INT_2=29
PG_5=0
PG_9=0
PG_12=0
FLT_P2=0
FLT_P3=0
HEAT_1_TEMP=26
HEAT_1_DUTY=0
HEAT_1_SP=-20.0
HEAT_2_TEMP=35
HEAT_2_DUTY=0
HEAT_2_SP=-20.0
HEAT_3_TEMP=28
HEAT_3_DUTY=0
HEAT_3_SP=-20.0
HEAT_4_TEMP=36
HEAT_4_DUTY=0
HEAT_4_SP=-20.0
MOTOR_ANGLE=0.004186046511627906
MOTOR_ACCUM=1.0506976744186047
MOTOR_ROT=2

[11:57:42.967 EBOX]
TS=1786204153.380
V_SENSE5=1.4013671875
V_SENSE9=0.05615234375
V_SENSE12=0.10009765625
ADC_V5=4.920654296875
ADC_V9=8.92974853515625
ADC_V12=11.54052734375
ADC_V28=27.47955322265625
THERMAL_SENS_OUT_1=26
THERMAL_SENS_OUT_2=-50
THERMAL_SENS_OUT_3=35
THERMAL_SENS_OUT_4=27
THERMAL_SENS_OUT_5=37
THERMAL_SENS_OUT_6=-50
THERMAL_SENS_INT_1=30
THERMAL_SENS_INT_2=28
PG_5=0
PG_9=0
PG_12=0
FLT_P2=0
FLT_P3=0
HEAT_1_TEMP=26
HEAT_1_DUTY=0
HEAT_1_SP=-20.0
HEAT_2_TEMP=35
HEAT_2_DUTY=0
HEAT_2_SP=-20.0
HEAT_3_TEMP=27
HEAT_3_DUTY=0
HEAT_3_SP=-20.0
HEAT_4_TEMP=37
HEAT_4_DUTY=0
HEAT_4_SP=-20.0
MOTOR_ANGLE=0.004186046511627906
MOTOR_ACCUM=1.0506976744186047
MOTOR_ROT=2

[11:57:43.475 EBOX]
TS=1786204153.881
V_SENSE5=1.28662109375
V_SENSE9=0.0390625
V_SENSE12=0.126953125
ADC_V5=4.8321533203125
ADC_V9=9.3280029296875
ADC_V12=11.63787841796875
ADC_V28=27.9486083984375
THERMAL_SENS_OUT_1=30
THERMAL_SENS_OUT_2=-50
THERMAL_SENS_OUT_3=33
THERMAL_SENS_OUT_4=26
THERMAL_SENS_OUT_5=37
THERMAL_SENS_OUT_6=-50
THERMAL_SENS_INT_1=28
THERMAL_SENS_INT_2=26
PG_5=0
PG_9=0
PG_12=0
FLT_P2=0
FLT_P3=0
HEAT_1_TEMP=30
HEAT_1_DUTY=0
HEAT_1_SP=-20.0
HEAT_2_TEMP=33
HEAT_2_DUTY=0
HEAT_2_SP=-20.0
HEAT_3_TEMP=26
HEAT_3_DUTY=0
HEAT_3_SP=-20.0
HEAT_4_TEMP=37
HEAT_4_DUTY=0
HEAT_4_SP=-20.0
MOTOR_ANGLE=0.004186046511627906
MOTOR_ACCUM=1.0506976744186047
MOTOR_ROT=2

[11:57:43.985 EBOX]
TS=1786204154.387
V_SENSE5=1.171875
V_SENSE9=0.03662109375
V_SENSE12=0.1220703125
ADC_V5=4.920654296875
ADC_V9=9.05364990234375
ADC_V12=11.7706298828125
ADC_V28=27.647705078125
THERMAL_SENS_OUT_1=32
THERMAL_SENS_OUT_2=-50
THERMAL_SENS_OUT_3=33
THERMAL_SENS_OUT_4=27
THERMAL_SENS_OUT_5=33
THERMAL_SENS_OUT_6=-50
THERMAL_SENS_INT_1=22
THERMAL_SENS_INT_2=30
PG_5=0
PG_9=0
PG_12=0
FLT_P2=0
FLT_P3=0
HEAT_1_TEMP=32
HEAT_1_DUTY=0
HEAT_1_SP=-20.0
HEAT_2_TEMP=33
HEAT_2_DUTY=0
HEAT_2_SP=-20.0
HEAT_3_TEMP=27
HEAT_3_DUTY=0
HEAT_3_SP=-20.0
HEAT_4_TEMP=33
HEAT_4_DUTY=0
HEAT_4_SP=-20.0
MOTOR_ANGLE=0.004186046511627906
MOTOR_ACCUM=1.0506976744186047
MOTOR_ROT=2

[11:57:45.373 EBOX]
TS=1786204154.884
V_SENSE5=1.18896484375
V_SENSE9=0.03662109375
V_SENSE12=0.107421875
ADC_V5=4.94720458984375
ADC_V9=9.4873046875
ADC_V12=11.8414306640625
ADC_V28=26.91314697265625
THERMAL_SENS_OUT_1=29
THERMAL_SENS_OUT_2=-50
THERMAL_SENS_OUT_3=32
THERMAL_SENS_OUT_4=27
THERMAL_SENS_OUT_5=33
THERMAL_SENS_OUT_6=-50
THERMAL_SENS_INT_1=24
THERMAL_SENS_INT_2=29
PG_5=0
PG_9=0
PG_12=0
FLT_P2=0
FLT_P3=0
HEAT_1_TEMP=29
HEAT_1_DUTY=0
HEAT_1_SP=-20.0
HEAT_2_TEMP=32
HEAT_2_DUTY=0
HEAT_2_SP=-20.0
HEAT_3_TEMP=27
HEAT_3_DUTY=0
HEAT_3_SP=-20.0
HEAT_4_TEMP=33
HEAT_4_DUTY=0
HEAT_4_SP=-20.0
MOTOR_ANGLE=0.004186046511627906
MOTOR_ACCUM=1.0506976744186047
MOTOR_ROT=2

[11:57:45.682 EBOX]
TS=1786204155.386
V_SENSE5=1.30126953125
V_SENSE9=0.0341796875
V_SENSE12=0.1123046875
ADC_V5=4.9737548828125
ADC_V9=9.0625
ADC_V12=12.02728271484375
ADC_V28=27.60345458984375
THERMAL_SENS_OUT_1=31
THERMAL_SENS_OUT_2=-50
THERMAL_SENS_OUT_3=31
THERMAL_SENS_OUT_4=28
THERMAL_SENS_OUT_5=37
THERMAL_SENS_OUT_6=-50
THERMAL_SENS_INT_1=29
THERMAL_SENS_INT_2=27
PG_5=0
PG_9=0
PG_12=0
FLT_P2=0
FLT_P3=0
HEAT_1_TEMP=31
HEAT_1_DUTY=0
HEAT_1_SP=-20.0
HEAT_2_TEMP=31
HEAT_2_DUTY=0
HEAT_2_SP=-20.0
HEAT_3_TEMP=28
HEAT_3_DUTY=0
HEAT_3_SP=-20.0
HEAT_4_TEMP=37
HEAT_4_DUTY=0
HEAT_4_SP=-20.0
MOTOR_ANGLE=0.004186046511627906
MOTOR_ACCUM=1.0506976744186047
MOTOR_ROT=2

[11:57:47.292 EBOX]
TS=1786204155.887
V_SENSE5=1.30126953125
V_SENSE9=0.0341796875
V_SENSE12=0.1171875
ADC_V5=4.88525390625
ADC_V9=8.7615966796875
ADC_V12=11.8768310546875
ADC_V28=27.03704833984375
THERMAL_SENS_OUT_1=28
THERMAL_SENS_OUT_2=-50
THERMAL_SENS_OUT_3=36
THERMAL_SENS_OUT_4=25
THERMAL_SENS_OUT_5=34
THERMAL_SENS_OUT_6=-50
THERMAL_SENS_INT_1=26
THERMAL_SENS_INT_2=27
PG_5=0
PG_9=0
PG_12=0
FLT_P2=0
FLT_P3=0
HEAT_1_TEMP=28
HEAT_1_DUTY=0
HEAT_1_SP=-20.0
HEAT_2_TEMP=36
HEAT_2_DUTY=0
HEAT_2_SP=-20.0
HEAT_3_TEMP=25
HEAT_3_DUTY=0
HEAT_3_SP=-20.0
HEAT_4_TEMP=34
HEAT_4_DUTY=0
HEAT_4_SP=-20.0
MOTOR_ANGLE=0.004186046511627906
MOTOR_ACCUM=1.0506976744186047
MOTOR_ROT=2
TS=1786204156.387
V_SENSE5=1.2939453125
V_SENSE9=0.0390625
V_SENSE12=0.11962890625
ADC_V5=5.08880615234375
ADC_V9=9.38995361328125
ADC_V12=11.79718017578125
ADC_V28=26.9219970703125
THERMAL_SENS_OUT_1=27
THERMAL_SENS_OUT_2=-50
THERMAL_SENS_OUT_3=31
THERMAL_SENS_OUT_4=31
THERMAL_SENS_OUT_5=33
THERMAL_SENS_OUT_6=-50
THERMAL_SENS_INT_1=24
THERMAL_SENS_INT_2=30
PG_5=0
PG_9=0
PG_12=0
FLT_P2=0
FLT_P3=0
HEAT_1_TEMP=27
HEAT_1_DUTY=0
HEAT_1_SP=-20.0
HEAT_2_TEMP=31
HEAT_2_DUTY=0
HEAT_2_SP=-20.0
HEAT_3_TEMP=31
HEAT_3_DUTY=0
HEAT_3_SP=-20.0
HEAT_4_TEMP=33
HEAT_4_DUTY=0
HEAT_4_SP=-20.0
MOTOR_ANGLE=0.004186046511627906
MOTOR_ACCUM=1.0506976744186047
MOTOR_ROT=2

[11:57:48.615 EBOX]
TS=1786204156.891
V_SENSE5=1.3232421875
V_SENSE9=0.0390625
V_SENSE12=0.10498046875
ADC_V5=4.9737548828125
ADC_V9=9.07135009765625
ADC_V12=11.54052734375
ADC_V28=27.8424072265625
THERMAL_SENS_OUT_1=29
THERMAL_SENS_OUT_2=-50
THERMAL_SENS_OUT_3=36
THERMAL_SENS_OUT_4=27
THERMAL_SENS_OUT_5=37
THERMAL_SENS_OUT_6=-50
THERMAL_SENS_INT_1=26
THERMAL_SENS_INT_2=27
PG_5=0
PG_9=0
PG_12=0
FLT_P2=0
FLT_P3=0
HEAT_1_TEMP=29
HEAT_1_DUTY=0
HEAT_1_SP=-20.0
HEAT_2_TEMP=36
HEAT_2_DUTY=0
HEAT_2_SP=-20.0
HEAT_3_TEMP=27
HEAT_3_DUTY=0
HEAT_3_SP=-20.0
HEAT_4_TEMP=37
HEAT_4_DUTY=0
HEAT_4_SP=-20.0
MOTOR_ANGLE=0.004186046511627906
MOTOR_ACCUM=1.0506976744186047
MOTOR_ROT=2
TS=1786204157.391
V_SENSE5=1.3330078125
V_SENSE9=0.0341796875
V_SENSE12=0.1123046875
ADC_V5=4.94720458984375
ADC_V9=9.00054931640625
ADC_V12=11.67327880859375
ADC_V28=27.470703125
THERMAL_SENS_OUT_1=26
THERMAL_SENS_OUT_2=-50
THERMAL_SENS_OUT_3=30
THERMAL_SENS_OUT_4=27
THERMAL_SENS_OUT_5=37
THERMAL_SENS_OUT_6=-50
THERMAL_SENS_INT_1=23
THERMAL_SENS_INT_2=28
PG_5=0
PG_9=0
PG_12=0
FLT_P2=0
FLT_P3=0
HEAT_1_TEMP=26
HEAT_1_DUTY=0
HEAT_1_SP=-20.0
HEAT_2_TEMP=30
HEAT_2_DUTY=0
HEAT_2_SP=-20.0
HEAT_3_TEMP=27
HEAT_3_DUTY=0
HEAT_3_SP=-20.0
HEAT_4_TEMP=37
HEAT_4_DUTY=0
HEAT_4_SP=-20.0
MOTOR_ANGLE=0.004186046511627906
MOTOR_ACCUM=1.0506976744186047
MOTOR_ROT=2

[11:57:51.358 EBOX]
TS=1786204157.892
V_SENSE5=1.22802734375
V_SENSE9=0.0390625
V_SENSE12=0.11474609375
ADC_V5=5.00030517578125
ADC_V9=9.1510009765625
ADC_V12=11.86798095703125
ADC_V28=27.03704833984375
THERMAL_SENS_OUT_1=27
THERMAL_SENS_OUT_2=-50
THERMAL_SENS_OUT_3=33
THERMAL_SENS_OUT_4=27
THERMAL_SENS_OUT_5=36
THERMAL_SENS_OUT_6=-50
THERMAL_SENS_INT_1=28
THERMAL_SENS_INT_2=25
PG_5=0
PG_9=0
PG_12=0
FLT_P2=0
FLT_P3=0
HEAT_1_TEMP=27
HEAT_1_DUTY=0
HEAT_1_SP=-20.0
HEAT_2_TEMP=33
HEAT_2_DUTY=0
HEAT_2_SP=-20.0
HEAT_3_TEMP=27
HEAT_3_DUTY=0
HEAT_3_SP=-20.0
HEAT_4_TEMP=36
HEAT_4_DUTY=0
HEAT_4_SP=-20.0
MOTOR_ANGLE=0.004186046511627906
MOTOR_ACCUM=1.0506976744186047
MOTOR_ROT=2
TS=1786204158.393
V_SENSE5=1.1865234375
V_SENSE9=0.0390625
V_SENSE12=0.1220703125
ADC_V5=4.9383544921875
ADC_V9=9.1510009765625
ADC_V12=11.92108154296875
ADC_V28=27.718505859375
THERMAL_SENS_OUT_1=31
THERMAL_SENS_OUT_2=-50
THERMAL_SENS_OUT_3=32
THERMAL_SENS_OUT_4=30
THERMAL_SENS_OUT_5=36
THERMAL_SENS_OUT_6=-50
THERMAL_SENS_INT_1=25
THERMAL_SENS_INT_2=26
PG_5=0
PG_9=0
PG_12=0
FLT_P2=0
FLT_P3=0
HEAT_1_TEMP=31
HEAT_1_DUTY=0
HEAT_1_SP=-20.0
HEAT_2_TEMP=32
HEAT_2_DUTY=0
HEAT_2_SP=-20.0
HEAT_3_TEMP=30
HEAT_3_DUTY=0
HEAT_3_SP=-20.0
HEAT_4_TEMP=36
HEAT_4_DUTY=0
HEAT_4_SP=-20.0
MOTOR_ANGLE=0.004186046511627906
MOTOR_ACCUM=1.0506976744186047
MOTOR_ROT=2

[11:57:56.085 EBOX]
TS=1786204158.899
V_SENSE5=1.31103515625
V_SENSE9=0.03662109375
V_SENSE12=0.10498046875
ADC_V5=4.84100341796875
ADC_V9=9.5404052734375
ADC_V12=11.9476318359375
ADC_V28=27.65655517578125
THERMAL_SENS_OUT_1=27
THERMAL_SENS_OUT_2=-50
THERMAL_SENS_OUT_3=30
THERMAL_SENS_OUT_4=28
THERMAL_SENS_OUT_5=38
THERMAL_SENS_OUT_6=-50
THERMAL_SENS_INT_1=27
THERMAL_SENS_INT_2=28
PG_5=0
PG_9=0
PG_12=0
FLT_P2=0
FLT_P3=0
HEAT_1_TEMP=27
HEAT_1_DUTY=0
HEAT_1_SP=-20.0
HEAT_2_TEMP=30
HEAT_2_DUTY=0
HEAT_2_SP=-20.0
HEAT_3_TEMP=28
HEAT_3_DUTY=0
HEAT_3_SP=-20.0
HEAT_4_TEMP=38
HEAT_4_DUTY=0
HEAT_4_SP=-20.0
MOTOR_ANGLE=0.004186046511627906
MOTOR_ACCUM=1.0506976744186047
MOTOR_ROT=2
TS=1786204159.396
V_SENSE5=1.27197265625
V_SENSE9=0.0341796875
V_SENSE12=0.1220703125
ADC_V5=4.89410400390625
ADC_V9=9.33685302734375
ADC_V12=11.82373046875
ADC_V28=26.9927978515625
THERMAL_SENS_OUT_1=28
THERMAL_SENS_OUT_2=-50
THERMAL_SENS_OUT_3=32
THERMAL_SENS_OUT_4=28
THERMAL_SENS_OUT_5=32
THERMAL_SENS_OUT_6=-50
THERMAL_SENS_INT_1=25
THERMAL_SENS_INT_2=31
PG_5=0
PG_9=0
PG_12=0
FLT_P2=0
FLT_P3=0
HEAT_1_TEMP=28
HEAT_1_DUTY=0
HEAT_1_SP=-20.0
HEAT_2_TEMP=32
HEAT_2_DUTY=0
HEAT_2_SP=-20.0
HEAT_3_TEMP=28
HEAT_3_DUTY=0
HEAT_3_SP=-20.0
HEAT_4_TEMP=32
HEAT_4_DUTY=0
HEAT_4_SP=-20.0
MOTOR_ANGLE=0.004186046511627906
MOTOR_ACCUM=1.0506976744186047
MOTOR_ROT=2
TS=1786204159.899
V_SENSE5=1.48681640625
V_SENSE9=0.03173828125
V_SENSE12=0.11962890625
ADC_V5=4.92950439453125
ADC_V9=8.7615966796875
ADC_V12=11.74407958984375
ADC_V28=27.37335205078125
THERMAL_SENS_OUT_1=29
THERMAL_SENS_OUT_2=-50
THERMAL_SENS_OUT_3=31
THERMAL_SENS_OUT_4=28
THERMAL_SENS_OUT_5=34
THERMAL_SENS_OUT_6=-50
THERMAL_SENS_INT_1=23
THERMAL_SENS_INT_2=29
PG_5=0
PG_9=0
PG_12=0
FLT_P2=0
FLT_P3=0
HEAT_1_TEMP=29
HEAT_1_DUTY=0
HEAT_1_SP=-20.0
HEAT_2_TEMP=31
HEAT_2_DUTY=0
HEAT_2_SP=-20.0
HEAT_3_TEMP=28
HEAT_3_DUTY=0
HEAT_3_SP=-20.0
HEAT_4_TEMP=34
HEAT_4_DUTY=0
HEAT_4_SP=-20.0
MOTOR_ANGLE=0.004186046511627906
MOTOR_ACCUM=1.0506976744186047
MOTOR_ROT=2
TS=1786204160.398
V_SENSE5=1.31103515625
V_SENSE9=0.0390625
V_SENSE12=0.107421875
ADC_V5=4.8675537109375
ADC_V9=9.2926025390625
ADC_V12=11.51397705078125
ADC_V28=27.96630859375
THERMAL_SENS_OUT_1=29
THERMAL_SENS_OUT_2=-50
THERMAL_SENS_OUT_3=31
THERMAL_SENS_OUT_4=29
THERMAL_SENS_OUT_5=37
THERMAL_SENS_OUT_6=-50
THERMAL_SENS_INT_1=30
THERMAL_SENS_INT_2=28
PG_5=0
PG_9=0
PG_12=0
FLT_P2=0
FLT_P3=0
HEAT_1_TEMP=29
HEAT_1_DUTY=0
HEAT_1_SP=-20.0
HEAT_2_TEMP=31
HEAT_2_DUTY=0
HEAT_2_SP=-20.0
HEAT_3_TEMP=29
HEAT_3_DUTY=0
HEAT_3_SP=-20.0
HEAT_4_TEMP=37
HEAT_4_DUTY=0
HEAT_4_SP=-20.0
MOTOR_ANGLE=0.004186046511627906
MOTOR_ACCUM=1.0506976744186047
MOTOR_ROT=2
TS=1786204160.900
V_SENSE5=1.23291015625
V_SENSE9=0.0341796875
V_SENSE12=0.1171875
ADC_V5=5.08880615234375
ADC_V9=9.0093994140625
ADC_V12=11.89453125
ADC_V28=27.4884033203125
THERMAL_SENS_OUT_1=30
THERMAL_SENS_OUT_2=-50
THERMAL_SENS_OUT_3=31
THERMAL_SENS_OUT_4=26
THERMAL_SENS_OUT_5=36
THERMAL_SENS_OUT_6=-50
THERMAL_SENS_INT_1=27
THERMAL_SENS_INT_2=25
PG_5=0
PG_9=0
PG_12=0
FLT_P2=0
FLT_P3=0
HEAT_1_TEMP=30
HEAT_1_DUTY=0
HEAT_1_SP=-20.0
HEAT_2_TEMP=31
HEAT_2_DUTY=0
HEAT_2_SP=-20.0
HEAT_3_TEMP=26
HEAT_3_DUTY=0
HEAT_3_SP=-20.0
HEAT_4_TEMP=36
HEAT_4_DUTY=0
HEAT_4_SP=-20.0
MOTOR_ANGLE=0.004186046511627906
MOTOR_ACCUM=1.0506976744186047
MOTOR_ROT=2
TS=1786204161.407
V_SENSE5=1.14013671875
V_SENSE9=0.03173828125
V_SENSE12=0.11474609375
ADC_V5=4.9029541015625
ADC_V9=9.27490234375
ADC_V12=11.505126953125
ADC_V28=27.4884033203125
THERMAL_SENS_OUT_1=28
THERMAL_SENS_OUT_2=-50
THERMAL_SENS_OUT_3=30
THERMAL_SENS_OUT_4=25
THERMAL_SENS_OUT_5=35
THERMAL_SENS_OUT_6=-50
THERMAL_SENS_INT_1=27
THERMAL_SENS_INT_2=28
PG_5=0
PG_9=0
PG_12=0
FLT_P2=0
FLT_P3=0
HEAT_1_TEMP=28
HEAT_1_DUTY=0
HEAT_1_SP=-20.0
HEAT_2_TEMP=30
HEAT_2_DUTY=0
HEAT_2_SP=-20.0
HEAT_3_TEMP=25
HEAT_3_DUTY=0
HEAT_3_SP=-20.0
HEAT_4_TEMP=35
HEAT_4_DUTY=0
HEAT_4_SP=-20.0
MOTOR_ANGLE=0.004186046511627906
MOTOR_ACCUM=1.0506976744186047
MOTOR_ROT=2

[11:57:59.796 EBOX]
TS=1786204161.902
V_SENSE5=1.21826171875
V_SENSE9=0.03662109375
V_SENSE12=0.10986328125
ADC_V5=4.9383544921875
ADC_V9=9.239501953125
ADC_V12=11.8414306640625
ADC_V28=26.98394775390625
THERMAL_SENS_OUT_1=26
THERMAL_SENS_OUT_2=-50
THERMAL_SENS_OUT_3=32
THERMAL_SENS_OUT_4=26
THERMAL_SENS_OUT_5=36
THERMAL_SENS_OUT_6=-50
THERMAL_SENS_INT_1=23
THERMAL_SENS_INT_2=29
PG_5=0
PG_9=0
PG_12=0
FLT_P2=0
FLT_P3=0
HEAT_1_TEMP=26
HEAT_1_DUTY=0
HEAT_1_SP=-20.0
HEAT_2_TEMP=32
HEAT_2_DUTY=0
HEAT_2_SP=-20.0
HEAT_3_TEMP=26
HEAT_3_DUTY=0
HEAT_3_SP=-20.0
HEAT_4_TEMP=36
HEAT_4_DUTY=0
HEAT_4_SP=-20.0
MOTOR_ANGLE=0.004186046511627906
MOTOR_ACCUM=1.0506976744186047
MOTOR_ROT=2
TS=1786204162.405
V_SENSE5=1.2646484375
V_SENSE9=0.0390625
V_SENSE12=0.1171875
ADC_V5=4.88525390625
ADC_V9=8.7969970703125
ADC_V12=11.82373046875
ADC_V28=26.97509765625
THERMAL_SENS_OUT_1=26
THERMAL_SENS_OUT_2=-50
THERMAL_SENS_OUT_3=35
THERMAL_SENS_OUT_4=27
THERMAL_SENS_OUT_5=31
THERMAL_SENS_OUT_6=-50
THERMAL_SENS_INT_1=26
THERMAL_SENS_INT_2=29
PG_5=0
PG_9=0
PG_12=0
FLT_P2=0
FLT_P3=0
HEAT_1_TEMP=26
HEAT_1_DUTY=0
HEAT_1_SP=-20.0
HEAT_2_TEMP=35
HEAT_2_DUTY=0
HEAT_2_SP=-20.0
HEAT_3_TEMP=27
HEAT_3_DUTY=0
HEAT_3_SP=-20.0
HEAT_4_TEMP=31
HEAT_4_DUTY=0
HEAT_4_SP=-20.0
MOTOR_ANGLE=0.004186046511627906
MOTOR_ACCUM=1.0506976744186047
MOTOR_ROT=2
TS=1786204162.905
V_SENSE5=1.36474609375
V_SENSE9=0.0390625
V_SENSE12=0.1025390625
ADC_V5=5.08880615234375
ADC_V9=9.49615478515625
ADC_V12=11.4874267578125
ADC_V28=27.53265380859375
THERMAL_SENS_OUT_1=32
THERMAL_SENS_OUT_2=-50
THERMAL_SENS_OUT_3=36
THERMAL_SENS_OUT_4=30
THERMAL_SENS_OUT_5=32
THERMAL_SENS_OUT_6=-50
THERMAL_SENS_INT_1=23
THERMAL_SENS_INT_2=26
PG_5=0
PG_9=0
PG_12=0
FLT_P2=0
FLT_P3=0
HEAT_1_TEMP=32
HEAT_1_DUTY=0
HEAT_1_SP=-20.0
HEAT_2_TEMP=36
HEAT_2_DUTY=0
HEAT_2_SP=-20.0
HEAT_3_TEMP=30
HEAT_3_DUTY=0
HEAT_3_SP=-20.0
HEAT_4_TEMP=32
HEAT_4_DUTY=0
HEAT_4_SP=-20.0
MOTOR_ANGLE=0.004186046511627906
MOTOR_ACCUM=1.0506976744186047
MOTOR_ROT=2
TS=1786204163.406
V_SENSE5=1.30859375
V_SENSE9=0.0390625
V_SENSE12=0.13671875
ADC_V5=5.08880615234375
ADC_V9=9.310302734375
ADC_V12=11.82373046875
ADC_V28=26.939697265625
THERMAL_SENS_OUT_1=28
THERMAL_SENS_OUT_2=-50
THERMAL_SENS_OUT_3=34
THERMAL_SENS_OUT_4=25
THERMAL_SENS_OUT_5=35
THERMAL_SENS_OUT_6=-50
THERMAL_SENS_INT_1=25
THERMAL_SENS_INT_2=30
PG_5=0
PG_9=0
PG_12=0
FLT_P2=0
FLT_P3=0
HEAT_1_TEMP=28
HEAT_1_DUTY=0
HEAT_1_SP=-20.0
HEAT_2_TEMP=34
HEAT_2_DUTY=0
HEAT_2_SP=-20.0
HEAT_3_TEMP=25
HEAT_3_DUTY=0
HEAT_3_SP=-20.0
HEAT_4_TEMP=35
HEAT_4_DUTY=0
HEAT_4_SP=-20.0
MOTOR_ANGLE=0.004186046511627906
MOTOR_ACCUM=1.0506976744186047
MOTOR_ROT=2
TS=1786204163.908
V_SENSE5=1.23291015625
V_SENSE9=0.0341796875
V_SENSE12=0.1171875
ADC_V5=4.9560546875
ADC_V9=8.7261962890625
ADC_V12=11.859130859375
ADC_V28=27.789306640625
THERMAL_SENS_OUT_1=32
THERMAL_SENS_OUT_2=-50
THERMAL_SENS_OUT_3=34
THERMAL_SENS_OUT_4=25
THERMAL_SENS_OUT_5=32

[11:58:00.020 EBOX]
THERMAL_SENS_OUT_6=-50
THERMAL_SENS_INT_1=28
THERMAL_SENS_INT_2=25
PG_5=0
PG_9=0
PG_12=0
FLT_P2=0
FLT_P3=0
HEAT_1_TEMP=32
HEAT_1_DUTY=0
HEAT_1_SP=-20.0
HEAT_2_TEMP=34
HEAT_2_DUTY=0
HEAT_2_SP=-20.0
HEAT_3_TEMP=25
HEAT_3_DUTY=0
HEAT_3_SP=-20.0
HEAT_4_TEMP=32
HEAT_4_DUTY=0
HEAT_4_SP=-20.0
MOTOR_ANGLE=0.004186046511627906
MOTOR_ACCUM=1.0506976744186047
MOTOR_ROT=2
TS=1786204164.410
V_SENSE5=1.18408203125
V_SENSE9=0.05126953125
V_SENSE12=0.126953125
ADC_V5=4.920654296875
ADC_V9=9.35455322265625
ADC_V12=11.8768310546875
ADC_V28=27.92205810546875
THERMAL_SENS_OUT_1=27
THERMAL_SENS_OUT_2=-50
THERMAL_SENS_OUT_3=30
THERMAL_SENS_OUT_4=28
THERMAL_SENS_OUT_5=34
THERMAL_SENS_OUT_6=-50
THERMAL_SENS_INT_1=27
THERMAL_SENS_INT_2=25
PG_5=0
PG_9=0
PG_12=0
FLT_P2=0
FLT_P3=0
HEAT_1_TEMP=27
HEAT_1_DUTY=0
HEAT_1_SP=-20.0
HEAT_2_TEMP=30
HEAT_2_DUTY=0
HEAT_2_SP=-20.0
HEAT_3_TEMP=28
HEAT_3_DUTY=0
HEAT_3_SP=-20.0
HEAT_4_TEMP=34
HEAT_4_DUTY=0
HEAT_4_SP=-20.0
MOTOR_ANGLE=0.004186046511627906
MOTOR_ACCUM=1.0506976744186047
MOTOR_ROT=2
TS=1786204164.911
V_SENSE5=1.181640625
V_SENSE9=0.0390625
V_SENSE12=0.126953125
ADC_V5=4.9029541015625
ADC_V9=9.13330078125
ADC_V12=11.68212890625
ADC_V28=27.930908203125
THERMAL_SENS_OUT_1=27
THERMAL_SENS_OUT_2=-50
THERMAL_SENS_OUT_3=31
THERMAL_SENS_OUT_4=30
THERMAL_SENS_OUT_5=32
THERMAL_SENS_OUT_6=-50
THERMAL_SENS_INT_1=24
THERMAL_SENS_INT_2=29
PG_5=0
PG_9=0
PG_12=0
FLT_P2=0
FLT_P3=0
HEAT_1_TEMP=27
HEAT_1_DUTY=0
HEAT_1_SP=-20.0

[11:58:00.963 EBOX]
HEAT_2_TEMP=31
HEAT_2_DUTY=0
HEAT_2_SP=-20.0
HEAT_3_TEMP=30
HEAT_3_DUTY=0
HEAT_3_SP=-20.0
HEAT_4_TEMP=32
HEAT_4_DUTY=0
HEAT_4_SP=-20.0
MOTOR_ANGLE=0.004186046511627906
MOTOR_ACCUM=1.0506976744186047
MOTOR_ROT=2
TS=1786204165.412
V_SENSE5=1.3525390625
V_SENSE9=0.0390625
V_SENSE12=0.1025390625
ADC_V5=4.991455078125
ADC_V9=9.3280029296875
ADC_V12=11.929931640625
ADC_V28=27.293701171875
THERMAL_SENS_OUT_1=28
THERMAL_SENS_OUT_2=-50
THERMAL_SENS_OUT_3=30
THERMAL_SENS_OUT_4=27
THERMAL_SENS_OUT_5=38
THERMAL_SENS_OUT_6=-50
THERMAL_SENS_INT_1=29
THERMAL_SENS_INT_2=26
PG_5=0
PG_9=0
PG_12=0
FLT_P2=0
FLT_P3=0
HEAT_1_TEMP=28
HEAT_1_DUTY=0
HEAT_1_SP=-20.0
HEAT_2_TEMP=30
HEAT_2_DUTY=0
HEAT_2_SP=-20.0
HEAT_3_TEMP=27
HEAT_3_DUTY=0
HEAT_3_SP=-20.0
HEAT_4_TEMP=38
HEAT_4_DUTY=0
HEAT_4_SP=-20.0
MOTOR_ANGLE=0.004186046511627906
MOTOR_ACCUM=1.0506976744186047
MOTOR_ROT=2
TS=1786204165.923
V_SENSE5=1.318359375
V_SENSE9=0.0341796875
V_SENSE12=0.12451171875
ADC_V5=4.98260498046875
ADC_V9=9.3280029296875
ADC_V12=11.7352294921875
ADC_V28=27.85125732421875
THERMAL_SENS_OUT_1=27
THERMAL_SENS_OUT_2=-50
THERMAL_SENS_OUT_3=36
THERMAL_SENS_OUT_4=26
THERMAL_SENS_OUT_5=31
THERMAL_SENS_OUT_6=-50
THERMAL_SENS_INT_1=24
THERMAL_SENS_INT_2=27
PG_5=0
PG_9=0
PG_12=0
FLT_P2=0
FLT_P3=0
HEAT_1_TEMP=27
HEAT_1_DUTY=0
HEAT_1_SP=-20.0
HEAT_2_TEMP=36
HEAT_2_DUTY=0
HEAT_2_SP=-20.0
HEAT_3_TEMP=26
HEAT_3_DUTY=0
HEAT_3_SP=-20.0
HEAT_4_TEMP=31
HEAT_4_DUTY=0
HEAT_4_SP=-20.0
MOTOR_ANGLE=0.004186046511627906
MOTOR_ACCUM=1.0506976744186047
MOTOR_ROT=2
TS=1786204166.416
V_SENSE5=1.2841796875
V_SENSE9=0.07568359375
V_SENSE12=0.11962890625
ADC_V5=4.814453125
ADC_V9=8.956298828125
ADC_V12=11.77947998046875
ADC_V28=27.56805419921875
THERMAL_SENS_OUT_1=29
THERMAL_SENS_OUT_2=-50
THERMAL_SENS_OUT_3=32
THERMAL_SENS_OUT_4=32
THERMAL_SENS_OUT_5=34
THERMAL_SENS_OUT_6=-50
THERMAL_SENS_INT_1=26
THERMAL_SENS_INT_2=26
PG_5=0
PG_9=0
PG_12=0
FLT_P2=0
FLT_P3=0
HEAT_1_TEMP=29
HEAT_1_DUTY=0
HEAT_1_SP=-20.0
HEAT_2_TEMP=32
HEAT_2_DUTY=0
HEAT_2_SP=-20.0
HEAT_3_TEMP=32
HEAT_3_DUTY=0
HEAT_3_SP=-20.0
HEAT_4_TEMP=34
HEAT_4_DUTY=0
HEAT_4_SP=-20.0
MOTOR_ANGLE=0.004186046511627906
MOTOR_ACCUM=1.0506976744186047
MOTOR_ROT=2
TS=1786204166.917
V_SENSE5=1.29638671875
V_SENSE9=0.0341796875
V_SENSE12=0.1220703125
ADC_V5=4.82330322265625
ADC_V9=9.3988037109375
ADC_V12=11.56707763671875
ADC_V28=27.19635009765625
THERMAL_SENS_OUT_1=26
THERMAL_SENS_OUT_2=-50
THERMAL_SENS_OUT_3=32
THERMAL_SENS_OUT_4=25
THERMAL_SENS_OUT_5=35
THERMAL_SENS_OUT_6=-50
THERMAL_SENS_INT_1=27
THERMAL_SENS_INT_2=27
PG_5=0
PG_9=0
PG_12=0
FLT_P2=0
FLT_P3=0
HEAT_1_TEMP=26
HEAT_1_DUTY=0
HEAT_1_SP=-20.0
HEAT_2_TEMP=32
HEAT_2_DUTY=0
HEAT_2_SP=-20.0
HEAT_3_TEMP=25
HEAT_3_DUTY=0
HEAT_3_SP=-20.0
HEAT_4_TEMP=35
HEAT_4_DUTY=0
HEAT_4_SP=-20.0
MOTOR_ANGLE=0.004186046511627906
MOTOR_ACCUM=1.0506976744186047
MOTOR_ROT=2
TS=1786204167.417
V_SENSE5=1.2158203125
V_SENSE9=0.03173828125

[11:58:01.396 EBOX]
V_SENSE12=0.11474609375
ADC_V5=4.89410400390625
ADC_V9=8.9208984375
ADC_V12=11.86798095703125
ADC_V28=27.35565185546875
THERMAL_SENS_OUT_1=28
THERMAL_SENS_OUT_2=-50
THERMAL_SENS_OUT_3=35
THERMAL_SENS_OUT_4=27
THERMAL_SENS_OUT_5=34
THERMAL_SENS_OUT_6=-50
THERMAL_SENS_INT_1=23
THERMAL_SENS_INT_2=28
PG_5=0
PG_9=0
PG_12=0
FLT_P2=0
FLT_P3=0
HEAT_1_TEMP=28
HEAT_1_DUTY=0
HEAT_1_SP=-20.0
HEAT_2_TEMP=35
HEAT_2_DUTY=0
HEAT_2_SP=-20.0
HEAT_3_TEMP=27
HEAT_3_DUTY=0
HEAT_3_SP=-20.0
HEAT_4_TEMP=34
HEAT_4_DUTY=0
HEAT_4_SP=-20.0
MOTOR_ANGLE=0.004186046511627906
MOTOR_ACCUM=1.0506976744186047
MOTOR_ROT=2
TS=1786204167.920
V_SENSE5=1.28173828125
V_SENSE9=0.11474609375
V_SENSE12=0.1318359375
ADC_V5=4.8675537109375
ADC_V9=8.8323974609375
ADC_V12=11.77947998046875
ADC_V28=27.0458984375
THERMAL_SENS_OUT_1=29
THERMAL_SENS_OUT_2=-50
THERMAL_SENS_OUT_3=35
THERMAL_SENS_OUT_4=27
THERMAL_SENS_OUT_5=36
THERMAL_SENS_OUT_6=-50
THERMAL_SENS_INT_1=28
THERMAL_SENS_INT_2=26
PG_5=0
PG_9=0
PG_12=0
FLT_P2=0
FLT_P3=0
HEAT_1_TEMP=29
HEAT_1_DUTY=0
HEAT_1_SP=-20.0
HEAT_2_TEMP=35
HEAT_2_DUTY=0
HEAT_2_SP=-20.0
HEAT_3_TEMP=27
HEAT_3_DUTY=0
HEAT_3_SP=-20.0
HEAT_4_TEMP=36
HEAT_4_DUTY=0
HEAT_4_SP=-20.0
MOTOR_ANGLE=0.004186046511627906
MOTOR_ACCUM=1.0506976744186047
MOTOR_ROT=2
TS=1786204168.428
V_SENSE5=1.30615234375
V_SENSE9=0.0341796875
V_SENSE12=0.126953125
ADC_V5=5.00030517578125
ADC_V9=9.097900390625
ADC_V12=11.7352294921875
ADC_V28=27.92205810546875
THERMAL_SENS_OUT_1=28

[11:58:01.520 EBOX]
THERMAL_SENS_OUT_2=-50
THERMAL_SENS_OUT_3=34
THERMAL_SENS_OUT_4=25
THERMAL_SENS_OUT_5=31
THERMAL_SENS_OUT_6=-50
THERMAL_SENS_INT_1=25
THERMAL_SENS_INT_2=24
PG_5=0
PG_9=0
PG_12=0
FLT_P2=0
FLT_P3=0
HEAT_1_TEMP=28
HEAT_1_DUTY=0
HEAT_1_SP=-20.0
HEAT_2_TEMP=34
HEAT_2_DUTY=0
HEAT_2_SP=-20.0
HEAT_3_TEMP=25
HEAT_3_DUTY=0
HEAT_3_SP=-20.0
HEAT_4_TEMP=31
HEAT_4_DUTY=0
HEAT_4_SP=-20.0
MOTOR_ANGLE=0.004186046511627906
MOTOR_ACCUM=1.0506976744186047
MOTOR_ROT=2
TS=1786204168.922
V_SENSE5=1.2109375
V_SENSE9=0.03662109375
V_SENSE12=0.10986328125
ADC_V5=5.00030517578125
ADC_V9=9.07135009765625
ADC_V12=11.62017822265625
ADC_V28=27.789306640625
THERMAL_SENS_OUT_1=26
THERMAL_SENS_OUT_2=-50
THERMAL_SENS_OUT_3=35
THERMAL_SENS_OUT_4=26
THERMAL_SENS_OUT_5=36
THERMAL_SENS_OUT_6=-50
THERMAL_SENS_INT_1=28
THERMAL_SENS_INT_2=25
PG_5=0
PG_9=0
PG_12=0
FLT_P2=0
FLT_P3=0
HEAT_1_TEMP=26
HEAT_1_DUTY=0
HEAT_1_SP=-20.0
HEAT_2_TEMP=35
HEAT_2_DUTY=0
HEAT_2_SP=-20.0
HEAT_3_TEMP=26
HEAT_3_DUTY=0
HEAT_3_SP=-20.0
HEAT_4_TEMP=36
HEAT_4_DUTY=0
HEAT_4_SP=-20.0
MOTOR_ANGLE=0.004186046511627906
MOTOR_ACCUM=1.0506976744186047
MOTOR_ROT=2
TS=1786204169.426
V_SENSE5=1.2451171875
V_SENSE9=0.0390625
V_SENSE12=0.107421875
ADC_V5=4.9029541015625
ADC_V9=9.62005615234375
ADC_V12=11.6644287109375
ADC_V28=27.21405029296875
THERMAL_SENS_OUT_1=31
THERMAL_SENS_OUT_2=-50
THERMAL_SENS_OUT_3=33
THERMAL_SENS_OUT_4=27
THERMAL_SENS_OUT_5=34
THERMAL_SENS_OUT_6=-50
THERMAL_SENS_INT_1=28

[11:58:02.370 EBOX]
THERMAL_SENS_INT_2=30
PG_5=0
PG_9=0
PG_12=0
FLT_P2=0
FLT_P3=0
HEAT_1_TEMP=31
HEAT_1_DUTY=0
HEAT_1_SP=-20.0
HEAT_2_TEMP=33
HEAT_2_DUTY=0
HEAT_2_SP=-20.0
HEAT_3_TEMP=27
HEAT_3_DUTY=0
HEAT_3_SP=-20.0
HEAT_4_TEMP=34
HEAT_4_DUTY=0
HEAT_4_SP=-20.0
MOTOR_ANGLE=0.004186046511627906
MOTOR_ACCUM=1.0506976744186047
MOTOR_ROT=2
TS=1786204169.925
V_SENSE5=1.30126953125
V_SENSE9=0.09521484375
V_SENSE12=0.1220703125
ADC_V5=5.00030517578125
ADC_V9=9.0802001953125
ADC_V12=11.86798095703125
ADC_V28=27.152099609375
THERMAL_SENS_OUT_1=27
THERMAL_SENS_OUT_2=-50
THERMAL_SENS_OUT_3=31
THERMAL_SENS_OUT_4=30
THERMAL_SENS_OUT_5=36
THERMAL_SENS_OUT_6=-50
THERMAL_SENS_INT_1=25
THERMAL_SENS_INT_2=28
PG_5=0
PG_9=0
PG_12=0
FLT_P2=0
FLT_P3=0
HEAT_1_TEMP=27
HEAT_1_DUTY=0
HEAT_1_SP=-20.0
HEAT_2_TEMP=31
HEAT_2_DUTY=0
HEAT_2_SP=-20.0
HEAT_3_TEMP=30
HEAT_3_DUTY=0
HEAT_3_SP=-20.0
HEAT_4_TEMP=36
HEAT_4_DUTY=0
HEAT_4_SP=-20.0
MOTOR_ANGLE=0.004186046511627906
MOTOR_ACCUM=1.0506976744186047
MOTOR_ROT=2
TS=1786204170.426
V_SENSE5=1.2060546875
V_SENSE9=0.0341796875
V_SENSE12=0.13427734375
ADC_V5=4.9560546875
ADC_V9=8.77044677734375
ADC_V12=11.77947998046875
ADC_V28=27.4884033203125
THERMAL_SENS_OUT_1=26
THERMAL_SENS_OUT_2=-50
THERMAL_SENS_OUT_3=35
THERMAL_SENS_OUT_4=27
THERMAL_SENS_OUT_5=38
THERMAL_SENS_OUT_6=-50
THERMAL_SENS_INT_1=24
THERMAL_SENS_INT_2=28
PG_5=0
PG_9=0
PG_12=0
FLT_P2=0
FLT_P3=0
HEAT_1_TEMP=26
HEAT_1_DUTY=0
HEAT_1_SP=-20.0
HEAT_2_TEMP=35
HEAT_2_DUTY=0
HEAT_2_SP=-20.0
HEAT_3_TEMP=27
HEAT_3_DUTY=0
HEAT_3_SP=-20.0
HEAT_4_TEMP=38
HEAT_4_DUTY=0
HEAT_4_SP=-20.0
MOTOR_ANGLE=0.004186046511627906
MOTOR_ACCUM=1.0506976744186047
MOTOR_ROT=2
TS=1786204170.933
V_SENSE5=1.1328125
V_SENSE9=0.0341796875
V_SENSE12=0.15380859375
ADC_V5=4.94720458984375
ADC_V9=9.451904296875
ADC_V12=11.63787841796875
ADC_V28=27.56805419921875
THERMAL_SENS_OUT_1=33
THERMAL_SENS_OUT_2=-50
THERMAL_SENS_OUT_3=31
THERMAL_SENS_OUT_4=25
THERMAL_SENS_OUT_5=35
THERMAL_SENS_OUT_6=-50
THERMAL_SENS_INT_1=27
THERMAL_SENS_INT_2=26
PG_5=0
PG_9=0
PG_12=0
FLT_P2=0
FLT_P3=0
HEAT_1_TEMP=33
HEAT_1_DUTY=0
HEAT_1_SP=-20.0
HEAT_2_TEMP=31
HEAT_2_DUTY=0
HEAT_2_SP=-20.0
HEAT_3_TEMP=25
HEAT_3_DUTY=0
HEAT_3_SP=-20.0
HEAT_4_TEMP=35
HEAT_4_DUTY=0
HEAT_4_SP=-20.0
MOTOR_ANGLE=0.004186046511627906
MOTOR_ACCUM=1.0506976744186047
MOTOR_ROT=2
TS=1786204171.428
V_SENSE5=1.3037109375
V_SENSE9=0.04638671875
V_SENSE12=0.11962890625
ADC_V5=4.92950439453125
ADC_V9=9.19525146484375
ADC_V12=11.505126953125
ADC_V28=27.53265380859375
THERMAL_SENS_OUT_1=26
THERMAL_SENS_OUT_2=-50
THERMAL_SENS_OUT_3=30
THERMAL_SENS_OUT_4=30
THERMAL_SENS_OUT_5=33
THERMAL_SENS_OUT_6=-50
THERMAL_SENS_INT_1=26
THERMAL_SENS_INT_2=25
PG_5=0
PG_9=0
PG_12=0
FLT_P2=0
FLT_P3=0
HEAT_1_TEMP=26
HEAT_1_DUTY=0
HEAT_1_SP=-20.0
HEAT_2_TEMP=30
HEAT_2_DUTY=0
HEAT_2_SP=-20.0
HEAT_3_TEMP=30
HEAT_3_DUTY=0
HEAT_3_SP=-20.0
HEAT_4_TEMP=33
HEAT_4_DUTY=0
HEAT_4_SP=-20.0
MOTOR_ANGLE=0.004186046511627906

[11:58:02.901 EBOX]
MOTOR_ACCUM=1.0506976744186047
MOTOR_ROT=2
TS=1786204171.930
V_SENSE5=1.20849609375
V_SENSE9=0.0341796875
V_SENSE12=0.1220703125
ADC_V5=4.814453125
ADC_V9=9.14215087890625
ADC_V12=11.9476318359375
ADC_V28=27.63885498046875
THERMAL_SENS_OUT_1=32
THERMAL_SENS_OUT_2=-50
THERMAL_SENS_OUT_3=32
THERMAL_SENS_OUT_4=30
THERMAL_SENS_OUT_5=33
THERMAL_SENS_OUT_6=-50
THERMAL_SENS_INT_1=26
THERMAL_SENS_INT_2=25
PG_5=0
PG_9=0
PG_12=0
FLT_P2=0
FLT_P3=0
HEAT_1_TEMP=32
HEAT_1_DUTY=0
HEAT_1_SP=-20.0
HEAT_2_TEMP=32
HEAT_2_DUTY=0
HEAT_2_SP=-20.0
HEAT_3_TEMP=30
HEAT_3_DUTY=0
HEAT_3_SP=-20.0
HEAT_4_TEMP=33
HEAT_4_DUTY=0
HEAT_4_SP=-20.0
MOTOR_ANGLE=0.004186046511627906
MOTOR_ACCUM=1.0506976744186047
MOTOR_ROT=2
TS=1786204172.432
V_SENSE5=1.46484375
V_SENSE9=0.0341796875
V_SENSE12=0.12451171875
ADC_V5=5.0091552734375
ADC_V9=9.21295166015625
ADC_V12=11.788330078125
ADC_V28=27.364501953125
THERMAL_SENS_OUT_1=27
THERMAL_SENS_OUT_2=-50
THERMAL_SENS_OUT_3=34
THERMAL_SENS_OUT_4=26
THERMAL_SENS_OUT_5=37
THERMAL_SENS_OUT_6=-50
THERMAL_SENS_INT_1=27
THERMAL_SENS_INT_2=28
PG_5=0
PG_9=0
PG_12=0
FLT_P2=0
FLT_P3=0
HEAT_1_TEMP=27
HEAT_1_DUTY=0
HEAT_1_SP=-20.0
HEAT_2_TEMP=34
HEAT_2_DUTY=0
HEAT_2_SP=-20.0
HEAT_3_TEMP=26
HEAT_3_DUTY=0
HEAT_3_SP=-20.0
HEAT_4_TEMP=37
HEAT_4_DUTY=0
HEAT_4_SP=-20.0
MOTOR_ANGLE=0.004186046511627906
MOTOR_ACCUM=1.0506976744186047
MOTOR_ROT=2

[11:58:05.080 EBOX]
TS=1786204172.934
V_SENSE5=1.33056640625
V_SENSE9=0.0390625
V_SENSE12=0.10986328125
ADC_V5=4.96490478515625
ADC_V9=8.96514892578125
ADC_V12=11.54937744140625
ADC_V28=27.26715087890625
THERMAL_SENS_OUT_1=26
THERMAL_SENS_OUT_2=-50
THERMAL_SENS_OUT_3=34
THERMAL_SENS_OUT_4=28
THERMAL_SENS_OUT_5=32
THERMAL_SENS_OUT_6=-50
THERMAL_SENS_INT_1=24
THERMAL_SENS_INT_2=29
PG_5=0
PG_9=0
PG_12=0
FLT_P2=0
FLT_P3=0
HEAT_1_TEMP=26
HEAT_1_DUTY=0
HEAT_1_SP=-20.0
HEAT_2_TEMP=34
HEAT_2_DUTY=0
HEAT_2_SP=-20.0
HEAT_3_TEMP=28
HEAT_3_DUTY=0
HEAT_3_SP=-20.0
HEAT_4_TEMP=32
HEAT_4_DUTY=0
HEAT_4_SP=-20.0
MOTOR_ANGLE=0.004186046511627906
MOTOR_ACCUM=1.0506976744186047
MOTOR_ROT=2
TS=1786204173.437
V_SENSE5=1.35498046875
V_SENSE9=0.0390625
V_SENSE12=0.1123046875
ADC_V5=5.00030517578125
ADC_V9=9.3988037109375
ADC_V12=11.99188232421875
ADC_V28=27.1697998046875
THERMAL_SENS_OUT_1=27
THERMAL_SENS_OUT_2=-50
THERMAL_SENS_OUT_3=31
THERMAL_SENS_OUT_4=30
THERMAL_SENS_OUT_5=33
THERMAL_SENS_OUT_6=-50
THERMAL_SENS_INT_1=25
THERMAL_SENS_INT_2=27
PG_5=0
PG_9=0
PG_12=0
FLT_P2=0
FLT_P3=0
HEAT_1_TEMP=27
HEAT_1_DUTY=0
HEAT_1_SP=-20.0
HEAT_2_TEMP=31
HEAT_2_DUTY=0
HEAT_2_SP=-20.0
HEAT_3_TEMP=30
HEAT_3_DUTY=0
HEAT_3_SP=-20.0
HEAT_4_TEMP=33
HEAT_4_DUTY=0
HEAT_4_SP=-20.0
MOTOR_ANGLE=0.004186046511627906
MOTOR_ACCUM=1.0506976744186047
MOTOR_ROT=2
TS=1786204173.937
V_SENSE5=1.201171875
V_SENSE9=0.04150390625
V_SENSE12=0.1220703125
ADC_V5=5.0091552734375
ADC_V9=9.28375244140625
ADC_V12=11.97418212890625
ADC_V28=27.01934814453125
THERMAL_SENS_OUT_1=31
THERMAL_SENS_OUT_2=-50
THERMAL_SENS_OUT_3=32
THERMAL_SENS_OUT_4=31
THERMAL_SENS_OUT_5=34
THERMAL_SENS_OUT_6=-50
THERMAL_SENS_INT_1=26
THERMAL_SENS_INT_2=26
PG_5=0
PG_9=0
PG_12=0
FLT_P2=0
FLT_P3=0
HEAT_1_TEMP=31
HEAT_1_DUTY=0
HEAT_1_SP=-20.0
HEAT_2_TEMP=32
HEAT_2_DUTY=0
HEAT_2_SP=-20.0
HEAT_3_TEMP=31
HEAT_3_DUTY=0
HEAT_3_SP=-20.0
HEAT_4_TEMP=34
HEAT_4_DUTY=0
HEAT_4_SP=-20.0
MOTOR_ANGLE=0.004186046511627906
MOTOR_ACCUM=1.0506976744186047
MOTOR_ROT=2
TS=1786204174.438
V_SENSE5=1.36962890625
V_SENSE9=0.03173828125
V_SENSE12=0.11962890625
ADC_V5=4.991455078125
ADC_V9=8.8677978515625
ADC_V12=11.79718017578125
ADC_V28=27.35565185546875
THERMAL_SENS_OUT_1=27
THERMAL_SENS_OUT_2=-50
THERMAL_SENS_OUT_3=32
THERMAL_SENS_OUT_4=30
THERMAL_SENS_OUT_5=36
THERMAL_SENS_OUT_6=-50
THERMAL_SENS_INT_1=25
THERMAL_SENS_INT_2=30
PG_5=0
PG_9=0
PG_12=0
FLT_P2=0
FLT_P3=0
HEAT_1_TEMP=27
HEAT_1_DUTY=0
HEAT_1_SP=-20.0
HEAT_2_TEMP=32
HEAT_2_DUTY=0
HEAT_2_SP=-20.0
HEAT_3_TEMP=30
HEAT_3_DUTY=0
HEAT_3_SP=-20.0
HEAT_4_TEMP=36
HEAT_4_DUTY=0
HEAT_4_SP=-20.0
MOTOR_ANGLE=0.004186046511627906
MOTOR_ACCUM=1.0506976744186047
MOTOR_ROT=2

[11:58:05.413 EBOX]
TS=1786204174.941
V_SENSE5=1.32568359375
V_SENSE9=0.03662109375
V_SENSE12=0.1171875
ADC_V5=4.8675537109375
ADC_V9=9.62005615234375
ADC_V12=11.68212890625
ADC_V28=27.97515869140625
THERMAL_SENS_OUT_1=30
THERMAL_SENS_OUT_2=-50
THERMAL_SENS_OUT_3=31
THERMAL_SENS_OUT_4=30
THERMAL_SENS_OUT_5=33
THERMAL_SENS_OUT_6=-50
THERMAL_SENS_INT_1=24
THERMAL_SENS_INT_2=30
PG_5=0
PG_9=0
PG_12=0
FLT_P2=0
FLT_P3=0
HEAT_1_TEMP=30
HEAT_1_DUTY=0
HEAT_1_SP=-20.0
HEAT_2_TEMP=31
HEAT_2_DUTY=0
HEAT_2_SP=-20.0
HEAT_3_TEMP=30
HEAT_3_DUTY=0
HEAT_3_SP=-20.0
HEAT_4_TEMP=33
HEAT_4_DUTY=0
HEAT_4_SP=-20.0
MOTOR_ANGLE=0.004186046511627906
MOTOR_ACCUM=1.0506976744186047
MOTOR_ROT=2
TS=1786204175.449
V_SENSE5=1.30126953125
V_SENSE9=0.0341796875
V_SENSE12=0.11962890625
ADC_V5=4.96490478515625
ADC_V9=9.12445068359375
ADC_V12=11.8060302734375
ADC_V28=27.2406005859375
THERMAL_SENS_OUT_1=29
THERMAL_SENS_OUT_2=-50
THERMAL_SENS_OUT_3=36
THERMAL_SENS_OUT_4=29
THERMAL_SENS_OUT_5=33
THERMAL_SENS_OUT_6=-50
THERMAL_SENS_INT_1=26
THERMAL_SENS_INT_2=25
PG_5=0
PG_9=0
PG_12=0
FLT_P2=0
FLT_P3=0
HEAT_1_TEMP=29
HEAT_1_DUTY=0
HEAT_1_SP=-20.0
HEAT_2_TEMP=36
HEAT_2_DUTY=0
HEAT_2_SP=-20.0
HEAT_3_TEMP=29
HEAT_3_DUTY=0
HEAT_3_SP=-20.0
HEAT_4_TEMP=33
HEAT_4_DUTY=0
HEAT_4_SP=-20.0
MOTOR_ANGLE=0.004186046511627906
MOTOR_ACCUM=1.0506976744186047
MOTOR_ROT=2

[11:58:05.631 EBOX]
TS=1786204175.943
V_SENSE5=1.2939453125
V_SENSE9=0.04150390625
V_SENSE12=0.1171875
ADC_V5=4.8321533203125
ADC_V9=9.5050048828125
ADC_V12=11.83258056640625
ADC_V28=27.0635986328125
THERMAL_SENS_OUT_1=32
THERMAL_SENS_OUT_2=-50
THERMAL_SENS_OUT_3=35
THERMAL_SENS_OUT_4=27
THERMAL_SENS_OUT_5=37
THERMAL_SENS_OUT_6=-50
THERMAL_SENS_INT_1=28
THERMAL_SENS_INT_2=26
PG_5=0
PG_9=0
PG_12=0
FLT_P2=0
FLT_P3=0
HEAT_1_TEMP=32
HEAT_1_DUTY=0
HEAT_1_SP=-20.0
HEAT_2_TEMP=35
HEAT_2_DUTY=0
HEAT_2_SP=-20.0
HEAT_3_TEMP=27
HEAT_3_DUTY=0
HEAT_3_SP=-20.0
HEAT_4_TEMP=37
HEAT_4_DUTY=0
HEAT_4_SP=-20.0
MOTOR_ANGLE=0.004186046511627906
MOTOR_ACCUM=1.0506976744186047
MOTOR_ROT=2

[11:58:07.487 EBOX]
TS=1786204176.444
V_SENSE5=1.2890625
V_SENSE9=0.03173828125
V_SENSE12=0.1220703125
ADC_V5=4.94720458984375
ADC_V9=9.1510009765625
ADC_V12=11.86798095703125
ADC_V28=27.55035400390625
THERMAL_SENS_OUT_1=28
THERMAL_SENS_OUT_2=-50
THERMAL_SENS_OUT_3=31
THERMAL_SENS_OUT_4=27
THERMAL_SENS_OUT_5=37
THERMAL_SENS_OUT_6=-50
THERMAL_SENS_INT_1=24
THERMAL_SENS_INT_2=26
PG_5=0
PG_9=0
PG_12=0
FLT_P2=0
FLT_P3=0
HEAT_1_TEMP=28
HEAT_1_DUTY=0
HEAT_1_SP=-20.0
HEAT_2_TEMP=31
HEAT_2_DUTY=0
HEAT_2_SP=-20.0
HEAT_3_TEMP=27
HEAT_3_DUTY=0
HEAT_3_SP=-20.0
HEAT_4_TEMP=37
HEAT_4_DUTY=0
HEAT_4_SP=-20.0
MOTOR_ANGLE=0.004186046511627906
MOTOR_ACCUM=1.0506976744186047
MOTOR_ROT=2
TS=1786204176.945
V_SENSE5=1.18408203125
V_SENSE9=0.0390625
V_SENSE12=0.10986328125
ADC_V5=4.94720458984375
ADC_V9=9.12445068359375
ADC_V12=11.7529296875
ADC_V28=27.92205810546875
THERMAL_SENS_OUT_1=27
THERMAL_SENS_OUT_2=-50
THERMAL_SENS_OUT_3=31
THERMAL_SENS_OUT_4=25
THERMAL_SENS_OUT_5=35
THERMAL_SENS_OUT_6=-50
THERMAL_SENS_INT_1=27
THERMAL_SENS_INT_2=25
PG_5=0
PG_9=0
PG_12=0
FLT_P2=0
FLT_P3=0
HEAT_1_TEMP=27
HEAT_1_DUTY=0
HEAT_1_SP=-20.0
HEAT_2_TEMP=31
HEAT_2_DUTY=0
HEAT_2_SP=-20.0
HEAT_3_TEMP=25
HEAT_3_DUTY=0
HEAT_3_SP=-20.0
HEAT_4_TEMP=35
HEAT_4_DUTY=0
HEAT_4_SP=-20.0
MOTOR_ANGLE=0.004186046511627906
MOTOR_ACCUM=1.0506976744186047
MOTOR_ROT=2
TS=1786204177.446
V_SENSE5=1.2646484375
V_SENSE9=0.0341796875
V_SENSE12=0.12451171875
ADC_V5=4.84100341796875
ADC_V9=9.38995361328125
ADC_V12=11.859130859375
ADC_V28=27.56805419921875
THERMAL_SENS_OUT_1=31
THERMAL_SENS_OUT_2=-50
THERMAL_SENS_OUT_3=32
THERMAL_SENS_OUT_4=26
THERMAL_SENS_OUT_5=36
THERMAL_SENS_OUT_6=-50
THERMAL_SENS_INT_1=28
THERMAL_SENS_INT_2=27
PG_5=0
PG_9=0
PG_12=0
FLT_P2=0
FLT_P3=0
HEAT_1_TEMP=31
HEAT_1_DUTY=0
HEAT_1_SP=-20.0
HEAT_2_TEMP=32
HEAT_2_DUTY=0
HEAT_2_SP=-20.0
HEAT_3_TEMP=26
HEAT_3_DUTY=0
HEAT_3_SP=-20.0
HEAT_4_TEMP=36
HEAT_4_DUTY=0
HEAT_4_SP=-20.0
MOTOR_ANGLE=0.004186046511627906
MOTOR_ACCUM=1.0506976744186047
MOTOR_ROT=2

[11:58:07.806 EBOX]
TS=1786204177.950
V_SENSE5=1.54052734375
V_SENSE9=0.0341796875
V_SENSE12=0.1220703125
ADC_V5=4.9383544921875
ADC_V9=9.00054931640625
ADC_V12=11.89453125
ADC_V28=27.46185302734375
THERMAL_SENS_OUT_1=29
THERMAL_SENS_OUT_2=-50
THERMAL_SENS_OUT_3=29
THERMAL_SENS_OUT_4=29
THERMAL_SENS_OUT_5=34
THERMAL_SENS_OUT_6=-50
THERMAL_SENS_INT_1=29
THERMAL_SENS_INT_2=27
PG_5=0
PG_9=0
PG_12=0
FLT_P2=0
FLT_P3=0
HEAT_1_TEMP=29
HEAT_1_DUTY=0
HEAT_1_SP=-20.0
HEAT_2_TEMP=29
HEAT_2_DUTY=0
HEAT_2_SP=-20.0
HEAT_3_TEMP=29
HEAT_3_DUTY=0
HEAT_3_SP=-20.0
HEAT_4_TEMP=34
HEAT_4_DUTY=0
HEAT_4_SP=-20.0
MOTOR_ANGLE=0.004186046511627906
MOTOR_ACCUM=1.0506976744186047
MOTOR_ROT=2

[11:58:08.325 EBOX]
TS=1786204178.450
V_SENSE5=1.40869140625
V_SENSE9=0.0390625
V_SENSE12=0.10986328125
ADC_V5=5.15960693359375
ADC_V9=8.71734619140625
ADC_V12=11.60247802734375
ADC_V28=27.28485107421875
THERMAL_SENS_OUT_1=29
THERMAL_SENS_OUT_2=-50
THERMAL_SENS_OUT_3=32
THERMAL_SENS_OUT_4=29
THERMAL_SENS_OUT_5=37
THERMAL_SENS_OUT_6=-50
THERMAL_SENS_INT_1=27
THERMAL_SENS_INT_2=25
PG_5=0
PG_9=0
PG_12=0
FLT_P2=0
FLT_P3=0
HEAT_1_TEMP=29
HEAT_1_DUTY=0
HEAT_1_SP=-20.0
HEAT_2_TEMP=32
HEAT_2_DUTY=0
HEAT_2_SP=-20.0
HEAT_3_TEMP=29
HEAT_3_DUTY=0
HEAT_3_SP=-20.0
HEAT_4_TEMP=37
HEAT_4_DUTY=0
HEAT_4_SP=-20.0
MOTOR_ANGLE=0.004186046511627906
MOTOR_ACCUM=1.0506976744186047
MOTOR_ROT=2

[11:58:08.646 EBOX]
TS=1786204178.952
V_SENSE5=1.3916015625
V_SENSE9=0.0341796875
V_SENSE12=0.1318359375
ADC_V5=4.89410400390625
ADC_V9=9.33685302734375
ADC_V12=11.76177978515625
ADC_V28=26.97509765625
THERMAL_SENS_OUT_1=28
THERMAL_SENS_OUT_2=-50
THERMAL_SENS_OUT_3=31
THERMAL_SENS_OUT_4=29
THERMAL_SENS_OUT_5=33
THERMAL_SENS_OUT_6=-50
THERMAL_SENS_INT_1=29
THERMAL_SENS_INT_2=26
PG_5=0
PG_9=0
PG_12=0
FLT_P2=0
FLT_P3=0
HEAT_1_TEMP=28
HEAT_1_DUTY=0
HEAT_1_SP=-20.0
HEAT_2_TEMP=31
HEAT_2_DUTY=0
HEAT_2_SP=-20.0
HEAT_3_TEMP=29
HEAT_3_DUTY=0
HEAT_3_SP=-20.0
HEAT_4_TEMP=33
HEAT_4_DUTY=0
HEAT_4_SP=-20.0
MOTOR_ANGLE=0.004186046511627906
MOTOR_ACCUM=1.0506976744186047
MOTOR_ROT=2

[11:58:09.065 EBOX]
TS=1786204179.452
V_SENSE5=1.2158203125
V_SENSE9=0.03662109375
V_SENSE12=0.13427734375
ADC_V5=4.991455078125
ADC_V9=8.85894775390625
ADC_V12=11.79718017578125
ADC_V28=26.9927978515625
THERMAL_SENS_OUT_1=28
THERMAL_SENS_OUT_2=-50
THERMAL_SENS_OUT_3=30
THERMAL_SENS_OUT_4=31
THERMAL_SENS_OUT_5=36
THERMAL_SENS_OUT_6=-50
THERMAL_SENS_INT_1=27
THERMAL_SENS_INT_2=25
PG_5=0
PG_9=0
PG_12=0
FLT_P2=0
FLT_P3=0
HEAT_1_TEMP=28
HEAT_1_DUTY=0
HEAT_1_SP=-20.0
HEAT_2_TEMP=30
HEAT_2_DUTY=0
HEAT_2_SP=-20.0
HEAT_3_TEMP=31
HEAT_3_DUTY=0
HEAT_3_SP=-20.0
HEAT_4_TEMP=36
HEAT_4_DUTY=0
HEAT_4_SP=-20.0
MOTOR_ANGLE=0.004186046511627906
MOTOR_ACCUM=1.0506976744186047
MOTOR_ROT=2

[11:58:09.790 EBOX]
TS=1786204179.958
V_SENSE5=1.15478515625
V_SENSE9=0.07568359375
V_SENSE12=0.1220703125
ADC_V5=4.89410400390625
ADC_V9=9.3634033203125
ADC_V12=11.6998291015625
ADC_V28=27.86895751953125
THERMAL_SENS_OUT_1=28
THERMAL_SENS_OUT_2=-50
THERMAL_SENS_OUT_3=30
THERMAL_SENS_OUT_4=29
THERMAL_SENS_OUT_5=35
THERMAL_SENS_OUT_6=-50
THERMAL_SENS_INT_1=22
THERMAL_SENS_INT_2=24
PG_5=0
PG_9=0
PG_12=0
FLT_P2=0
FLT_P3=0
HEAT_1_TEMP=28
HEAT_1_DUTY=0
HEAT_1_SP=-20.0
HEAT_2_TEMP=30
HEAT_2_DUTY=0
HEAT_2_SP=-20.0
HEAT_3_TEMP=29
HEAT_3_DUTY=0
HEAT_3_SP=-20.0
HEAT_4_TEMP=35
HEAT_4_DUTY=0
HEAT_4_SP=-20.0
MOTOR_ANGLE=0.004186046511627906
MOTOR_ACCUM=1.0506976744186047
MOTOR_ROT=2

[11:58:10.311 EBOX]
TS=1786204180.456
V_SENSE5=1.32568359375
V_SENSE9=0.03173828125
V_SENSE12=0.11474609375
ADC_V5=4.89410400390625
ADC_V9=9.310302734375
ADC_V12=11.575927734375
ADC_V28=27.70965576171875
THERMAL_SENS_OUT_1=32
THERMAL_SENS_OUT_2=-50
THERMAL_SENS_OUT_3=35
THERMAL_SENS_OUT_4=27
THERMAL_SENS_OUT_5=34
THERMAL_SENS_OUT_6=-50
THERMAL_SENS_INT_1=28
THERMAL_SENS_INT_2=28
PG_5=0
PG_9=0
PG_12=0
FLT_P2=0
FLT_P3=0
HEAT_1_TEMP=32
HEAT_1_DUTY=0
HEAT_1_SP=-20.0
HEAT_2_TEMP=35
HEAT_2_DUTY=0
HEAT_2_SP=-20.0
HEAT_3_TEMP=27
HEAT_3_DUTY=0
HEAT_3_SP=-20.0
HEAT_4_TEMP=34
HEAT_4_DUTY=0
HEAT_4_SP=-20.0
MOTOR_ANGLE=0.004186046511627906
MOTOR_ACCUM=1.0506976744186047
MOTOR_ROT=2

[11:58:10.631 EBOX]
TS=1786204180.959
V_SENSE5=1.328125
V_SENSE9=0.0341796875
V_SENSE12=0.14892578125
ADC_V5=4.89410400390625
ADC_V9=9.05364990234375
ADC_V12=11.90338134765625
ADC_V28=27.26715087890625
THERMAL_SENS_OUT_1=26
THERMAL_SENS_OUT_2=-50
THERMAL_SENS_OUT_3=30
THERMAL_SENS_OUT_4=31
THERMAL_SENS_OUT_5=33
THERMAL_SENS_OUT_6=-50
THERMAL_SENS_INT_1=23
THERMAL_SENS_INT_2=26
PG_5=0
PG_9=0
PG_12=0
FLT_P2=0
FLT_P3=0
HEAT_1_TEMP=26
HEAT_1_DUTY=0
HEAT_1_SP=-20.0
HEAT_2_TEMP=30
HEAT_2_DUTY=0
HEAT_2_SP=-20.0
HEAT_3_TEMP=31
HEAT_3_DUTY=0
HEAT_3_SP=-20.0
HEAT_4_TEMP=33
HEAT_4_DUTY=0
HEAT_4_SP=-20.0
MOTOR_ANGLE=0.004186046511627906
MOTOR_ACCUM=1.0506976744186047
MOTOR_ROT=2

[11:58:12.176 EBOX]
TS=1786204181.459
V_SENSE5=1.2451171875
V_SENSE9=0.03662109375
V_SENSE12=0.11962890625
ADC_V5=4.9383544921875
ADC_V9=9.62005615234375
ADC_V12=11.86798095703125
ADC_V28=27.8955078125
THERMAL_SENS_OUT_1=27
THERMAL_SENS_OUT_2=-50
THERMAL_SENS_OUT_3=34
THERMAL_SENS_OUT_4=32
THERMAL_SENS_OUT_5=32
THERMAL_SENS_OUT_6=-50
THERMAL_SENS_INT_1=29
THERMAL_SENS_INT_2=26
PG_5=0
PG_9=0
PG_12=0
FLT_P2=0
FLT_P3=0
HEAT_1_TEMP=27
HEAT_1_DUTY=0
HEAT_1_SP=-20.0
HEAT_2_TEMP=34
HEAT_2_DUTY=0
HEAT_2_SP=-20.0
HEAT_3_TEMP=32
HEAT_3_DUTY=0
HEAT_3_SP=-20.0
HEAT_4_TEMP=32
HEAT_4_DUTY=0
HEAT_4_SP=-20.0
MOTOR_ANGLE=0.004186046511627906
MOTOR_ACCUM=1.0506976744186047
MOTOR_ROT=2
TS=1786204181.961
V_SENSE5=1.26220703125
V_SENSE9=0.0341796875
V_SENSE12=0.15380859375
ADC_V5=4.82330322265625
ADC_V9=9.08905029296875
ADC_V12=11.505126953125
ADC_V28=27.152099609375
THERMAL_SENS_OUT_1=30
THERMAL_SENS_OUT_2=-50
THERMAL_SENS_OUT_3=30
THERMAL_SENS_OUT_4=29
THERMAL_SENS_OUT_5=34
THERMAL_SENS_OUT_6=-50
THERMAL_SENS_INT_1=27
THERMAL_SENS_INT_2=25
PG_5=0
PG_9=0
PG_12=0
FLT_P2=0
FLT_P3=0
HEAT_1_TEMP=30
HEAT_1_DUTY=0
HEAT_1_SP=-20.0
HEAT_2_TEMP=30
HEAT_2_DUTY=0
HEAT_2_SP=-20.0
HEAT_3_TEMP=29
HEAT_3_DUTY=0
HEAT_3_SP=-20.0
HEAT_4_TEMP=34
HEAT_4_DUTY=0
HEAT_4_SP=-20.0
MOTOR_ANGLE=0.004186046511627906
MOTOR_ACCUM=1.0506976744186047
MOTOR_ROT=2

[11:58:13.458 EBOX]
TS=1786204182.462
V_SENSE5=1.24755859375
V_SENSE9=0.0390625
V_SENSE12=0.1171875
ADC_V5=4.94720458984375
ADC_V9=9.40765380859375
ADC_V12=11.9476318359375
ADC_V28=27.506103515625
THERMAL_SENS_OUT_1=28
THERMAL_SENS_OUT_2=-50
THERMAL_SENS_OUT_3=31
THERMAL_SENS_OUT_4=30
THERMAL_SENS_OUT_5=33
THERMAL_SENS_OUT_6=-50
THERMAL_SENS_INT_1=26
THERMAL_SENS_INT_2=25
PG_5=0
PG_9=0
PG_12=0
FLT_P2=0
FLT_P3=0
HEAT_1_TEMP=28
HEAT_1_DUTY=0
HEAT_1_SP=-20.0
HEAT_2_TEMP=31
HEAT_2_DUTY=0
HEAT_2_SP=-20.0
HEAT_3_TEMP=30
HEAT_3_DUTY=0
HEAT_3_SP=-20.0
HEAT_4_TEMP=33
HEAT_4_DUTY=0
HEAT_4_SP=-20.0
MOTOR_ANGLE=0.004186046511627906
MOTOR_ACCUM=1.0506976744186047
MOTOR_ROT=2
TS=1786204182.963
V_SENSE5=1.19384765625
V_SENSE9=0.0390625
V_SENSE12=0.11474609375
ADC_V5=5.0091552734375
ADC_V9=9.24835205078125
ADC_V12=11.4697265625
ADC_V28=27.435302734375
THERMAL_SENS_OUT_1=26
THERMAL_SENS_OUT_2=-50
THERMAL_SENS_OUT_3=34
THERMAL_SENS_OUT_4=29
THERMAL_SENS_OUT_5=31
THERMAL_SENS_OUT_6=-50
THERMAL_SENS_INT_1=29
THERMAL_SENS_INT_2=26
PG_5=0
PG_9=0
PG_12=0
FLT_P2=0
FLT_P3=0
HEAT_1_TEMP=26
HEAT_1_DUTY=0
HEAT_1_SP=-20.0
HEAT_2_TEMP=34
HEAT_2_DUTY=0
HEAT_2_SP=-20.0
HEAT_3_TEMP=29
HEAT_3_DUTY=0
HEAT_3_SP=-20.0
HEAT_4_TEMP=31
HEAT_4_DUTY=0
HEAT_4_SP=-20.0
MOTOR_ANGLE=0.004186046511627906
MOTOR_ACCUM=1.0506976744186047
MOTOR_ROT=2

[11:58:14.510 EBOX]
TS=1786204183.465
V_SENSE5=1.22314453125
V_SENSE9=0.0341796875
V_SENSE12=0.1318359375
ADC_V5=4.849853515625
ADC_V9=9.03594970703125
ADC_V12=11.85028076171875
ADC_V28=27.11669921875
THERMAL_SENS_OUT_1=27
THERMAL_SENS_OUT_2=-50
THERMAL_SENS_OUT_3=32
THERMAL_SENS_OUT_4=27
THERMAL_SENS_OUT_5=38
THERMAL_SENS_OUT_6=-50
THERMAL_SENS_INT_1=24
THERMAL_SENS_INT_2=27
PG_5=0
PG_9=0
PG_12=0
FLT_P2=0
FLT_P3=0
HEAT_1_TEMP=27
HEAT_1_DUTY=0
HEAT_1_SP=-20.0
HEAT_2_TEMP=32
HEAT_2_DUTY=0
HEAT_2_SP=-20.0
HEAT_3_TEMP=27
HEAT_3_DUTY=0
HEAT_3_SP=-20.0
HEAT_4_TEMP=38
HEAT_4_DUTY=0
HEAT_4_SP=-20.0
MOTOR_ANGLE=0.004186046511627906
MOTOR_ACCUM=1.0506976744186047
MOTOR_ROT=2
TS=1786204183.967
V_SENSE5=1.5625
V_SENSE9=0.03662109375
V_SENSE12=0.10986328125
ADC_V5=4.9737548828125
ADC_V9=9.41650390625
ADC_V12=11.717529296875
ADC_V28=27.14324951171875
THERMAL_SENS_OUT_1=27
THERMAL_SENS_OUT_2=-50
THERMAL_SENS_OUT_3=34
THERMAL_SENS_OUT_4=30
THERMAL_SENS_OUT_5=32
THERMAL_SENS_OUT_6=-50
THERMAL_SENS_INT_1=25
THERMAL_SENS_INT_2=27
PG_5=0
PG_9=0
PG_12=0
FLT_P2=0
FLT_P3=0
HEAT_1_TEMP=27
HEAT_1_DUTY=0
HEAT_1_SP=-20.0
HEAT_2_TEMP=34
HEAT_2_DUTY=0
HEAT_2_SP=-20.0
HEAT_3_TEMP=30
HEAT_3_DUTY=0
HEAT_3_SP=-20.0
HEAT_4_TEMP=32
HEAT_4_DUTY=0
HEAT_4_SP=-20.0
MOTOR_ANGLE=0.004186046511627906
MOTOR_ACCUM=1.0506976744186047
MOTOR_ROT=2
TS=1786204184.472
V_SENSE5=1.3330078125
V_SENSE9=0.0341796875
V_SENSE12=0.10009765625
ADC_V5=4.94720458984375
ADC_V9=9.0802001953125
ADC_V12=11.8060302734375
ADC_V28=27.74505615234375
THERMAL_SENS_OUT_1=28
THERMAL_SENS_OUT_2=-50
THERMAL_SENS_OUT_3=34
THERMAL_SENS_OUT_4=31
THERMAL_SENS_OUT_5=38
THERMAL_SENS_OUT_6=-50
THERMAL_SENS_INT_1=23
THERMAL_SENS_INT_2=25
PG_5=0
PG_9=0
PG_12=0
FLT_P2=0
FLT_P3=0
HEAT_1_TEMP=28
HEAT_1_DUTY=0
HEAT_1_SP=-20.0
HEAT_2_TEMP=34
HEAT_2_DUTY=0
HEAT_2_SP=-20.0
HEAT_3_TEMP=31
HEAT_3_DUTY=0
HEAT_3_SP=-20.0
HEAT_4_TEMP=38
HEAT_4_DUTY=0
HEAT_4_SP=-20.0
MOTOR_ANGLE=0.004186046511627906
MOTOR_ACCUM=1.0506976744186047
MOTOR_ROT=2

[11:58:14.631 EBOX]
TS=1786204184.969
V_SENSE5=1.19384765625
V_SENSE9=0.03173828125
V_SENSE12=0.107421875
ADC_V5=4.9560546875
ADC_V9=8.71734619140625
ADC_V12=11.79718017578125
ADC_V28=27.44415283203125
THERMAL_SENS_OUT_1=27
THERMAL_SENS_OUT_2=-50
THERMAL_SENS_OUT_3=36
THERMAL_SENS_OUT_4=27
THERMAL_SENS_OUT_5=37
THERMAL_SENS_OUT_6=-50
THERMAL_SENS_INT_1=29
THERMAL_SENS_INT_2=26
PG_5=0
PG_9=0
PG_12=0
FLT_P2=0
FLT_P3=0
HEAT_1_TEMP=27
HEAT_1_DUTY=0
HEAT_1_SP=-20.0
HEAT_2_TEMP=36
HEAT_2_DUTY=0
HEAT_2_SP=-20.0
HEAT_3_TEMP=27
HEAT_3_DUTY=0
HEAT_3_SP=-20.0
HEAT_4_TEMP=37
HEAT_4_DUTY=0
HEAT_4_SP=-20.0
MOTOR_ANGLE=0.004186046511627906
MOTOR_ACCUM=1.0506976744186047
MOTOR_ROT=2

[11:58:15.872 EBOX]
TS=1786204185.470
V_SENSE5=1.22314453125
V_SENSE9=0.0390625
V_SENSE12=0.1318359375
ADC_V5=5.08880615234375
ADC_V9=9.33685302734375
ADC_V12=11.505126953125
ADC_V28=27.53265380859375
THERMAL_SENS_OUT_1=28
THERMAL_SENS_OUT_2=-50
THERMAL_SENS_OUT_3=30
THERMAL_SENS_OUT_4=30
THERMAL_SENS_OUT_5=33
THERMAL_SENS_OUT_6=-50
THERMAL_SENS_INT_1=26
THERMAL_SENS_INT_2=26
PG_5=0
PG_9=0
PG_12=0
FLT_P2=0
FLT_P3=0
HEAT_1_TEMP=28
HEAT_1_DUTY=0
HEAT_1_SP=-20.0
HEAT_2_TEMP=30
HEAT_2_DUTY=0
HEAT_2_SP=-20.0
HEAT_3_TEMP=30
HEAT_3_DUTY=0
HEAT_3_SP=-20.0
HEAT_4_TEMP=33
HEAT_4_DUTY=0
HEAT_4_SP=-20.0
MOTOR_ANGLE=0.004186046511627906
MOTOR_ACCUM=1.0506976744186047
MOTOR_ROT=2
TS=1786204185.971
V_SENSE5=1.1767578125
V_SENSE9=0.0341796875
V_SENSE12=0.126953125
ADC_V5=4.849853515625
ADC_V9=9.13330078125
ADC_V12=11.83258056640625
ADC_V28=27.4176025390625
THERMAL_SENS_OUT_1=32
THERMAL_SENS_OUT_2=-50
THERMAL_SENS_OUT_3=34
THERMAL_SENS_OUT_4=26
THERMAL_SENS_OUT_5=37
THERMAL_SENS_OUT_6=-50
THERMAL_SENS_INT_1=30
THERMAL_SENS_INT_2=28
PG_5=0
PG_9=0
PG_12=0
FLT_P2=0
FLT_P3=0
HEAT_1_TEMP=32
HEAT_1_DUTY=0
HEAT_1_SP=-20.0
HEAT_2_TEMP=34
HEAT_2_DUTY=0
HEAT_2_SP=-20.0
HEAT_3_TEMP=26
HEAT_3_DUTY=0
HEAT_3_SP=-20.0
HEAT_4_TEMP=37
HEAT_4_DUTY=0
HEAT_4_SP=-20.0
MOTOR_ANGLE=0.004186046511627906
MOTOR_ACCUM=1.0506976744186047
MOTOR_ROT=2

[11:58:16.817 EBOX]
TS=1786204186.474
V_SENSE5=1.28173828125
V_SENSE9=0.0390625
V_SENSE12=0.1123046875
ADC_V5=5.01800537109375
ADC_V9=9.41650390625
ADC_V12=11.54937744140625
ADC_V28=27.85125732421875
THERMAL_SENS_OUT_1=28
THERMAL_SENS_OUT_2=-50
THERMAL_SENS_OUT_3=36
THERMAL_SENS_OUT_4=26
THERMAL_SENS_OUT_5=37
THERMAL_SENS_OUT_6=-50
THERMAL_SENS_INT_1=29
THERMAL_SENS_INT_2=26
PG_5=0
PG_9=0
PG_12=0
FLT_P2=0
FLT_P3=0
HEAT_1_TEMP=28
HEAT_1_DUTY=0
HEAT_1_SP=-20.0
HEAT_2_TEMP=36
HEAT_2_DUTY=0
HEAT_2_SP=-20.0
HEAT_3_TEMP=26
HEAT_3_DUTY=0
HEAT_3_SP=-20.0
HEAT_4_TEMP=37
HEAT_4_DUTY=0
HEAT_4_SP=-20.0
MOTOR_ANGLE=0.004186046511627906
MOTOR_ACCUM=1.0506976744186047
MOTOR_ROT=2
TS=1786204186.983
V_SENSE5=1.33056640625
V_SENSE9=0.03662109375
V_SENSE12=0.10986328125
ADC_V5=4.9383544921875
ADC_V9=9.24835205078125
ADC_V12=11.88568115234375
ADC_V28=27.53265380859375
THERMAL_SENS_OUT_1=28
THERMAL_SENS_OUT_2=-50
THERMAL_SENS_OUT_3=31
THERMAL_SENS_OUT_4=30
THERMAL_SENS_OUT_5=37
THERMAL_SENS_OUT_6=-50
THERMAL_SENS_INT_1=22
THERMAL_SENS_INT_2=30
PG_5=0
PG_9=0
PG_12=0
FLT_P2=0
FLT_P3=0
HEAT_1_TEMP=28
HEAT_1_DUTY=0
HEAT_1_SP=-20.0
HEAT_2_TEMP=31
HEAT_2_DUTY=0
HEAT_2_SP=-20.0
HEAT_3_TEMP=30
HEAT_3_DUTY=0
HEAT_3_SP=-20.0
HEAT_4_TEMP=37
HEAT_4_DUTY=0
HEAT_4_SP=-20.0
MOTOR_ANGLE=0.004186046511627906
MOTOR_ACCUM=1.0506976744186047
MOTOR_ROT=2

[11:58:17.140 EBOX]
TS=1786204187.477
V_SENSE5=1.40380859375
V_SENSE9=0.03173828125
V_SENSE12=0.126953125
ADC_V5=5.00030517578125
ADC_V9=8.9385986328125
ADC_V12=11.8768310546875
ADC_V28=27.96630859375
THERMAL_SENS_OUT_1=26
THERMAL_SENS_OUT_2=-50
THERMAL_SENS_OUT_3=34
THERMAL_SENS_OUT_4=27
THERMAL_SENS_OUT_5=36
THERMAL_SENS_OUT_6=-50
THERMAL_SENS_INT_1=29
THERMAL_SENS_INT_2=25
PG_5=0
PG_9=0
PG_12=0
FLT_P2=0
FLT_P3=0
HEAT_1_TEMP=26
HEAT_1_DUTY=0
HEAT_1_SP=-20.0
HEAT_2_TEMP=34
HEAT_2_DUTY=0
HEAT_2_SP=-20.0
HEAT_3_TEMP=27
HEAT_3_DUTY=0
HEAT_3_SP=-20.0
HEAT_4_TEMP=36
HEAT_4_DUTY=0
HEAT_4_SP=-20.0
MOTOR_ANGLE=0.004186046511627906
MOTOR_ACCUM=1.0506976744186047
MOTOR_ROT=2

[11:58:17.664 EBOX]
TS=1786204187.978
V_SENSE5=1.2890625
V_SENSE9=0.0390625
V_SENSE12=0.11962890625
ADC_V5=4.9383544921875
ADC_V9=9.2926025390625
ADC_V12=11.54052734375
ADC_V28=27.7716064453125
THERMAL_SENS_OUT_1=30
THERMAL_SENS_OUT_2=-50
THERMAL_SENS_OUT_3=34
THERMAL_SENS_OUT_4=29
THERMAL_SENS_OUT_5=32
THERMAL_SENS_OUT_6=-50
THERMAL_SENS_INT_1=28
THERMAL_SENS_INT_2=25
PG_5=0
PG_9=0
PG_12=0
FLT_P2=0
FLT_P3=0
HEAT_1_TEMP=30
HEAT_1_DUTY=0
HEAT_1_SP=-20.0
HEAT_2_TEMP=34
HEAT_2_DUTY=0
HEAT_2_SP=-20.0
HEAT_3_TEMP=29
HEAT_3_DUTY=0
HEAT_3_SP=-20.0
HEAT_4_TEMP=32
HEAT_4_DUTY=0
HEAT_4_SP=-20.0
MOTOR_ANGLE=0.004186046511627906
MOTOR_ACCUM=1.0506976744186047
MOTOR_ROT=2

[11:58:18.086 EBOX]
TS=1786204188.479
V_SENSE5=1.30126953125
V_SENSE9=0.0390625
V_SENSE12=0.1171875
ADC_V5=4.89410400390625
ADC_V9=8.85009765625
ADC_V12=11.88568115234375
ADC_V28=27.5238037109375
THERMAL_SENS_OUT_1=26
THERMAL_SENS_OUT_2=-50
THERMAL_SENS_OUT_3=30
THERMAL_SENS_OUT_4=28
THERMAL_SENS_OUT_5=34
THERMAL_SENS_OUT_6=-50
THERMAL_SENS_INT_1=23
THERMAL_SENS_INT_2=28
PG_5=0
PG_9=0
PG_12=0
FLT_P2=0
FLT_P3=0
HEAT_1_TEMP=26
HEAT_1_DUTY=0
HEAT_1_SP=-20.0
HEAT_2_TEMP=30
HEAT_2_DUTY=0
HEAT_2_SP=-20.0
HEAT_3_TEMP=28
HEAT_3_DUTY=0
HEAT_3_SP=-20.0
HEAT_4_TEMP=34
HEAT_4_DUTY=0
HEAT_4_SP=-20.0
MOTOR_ANGLE=0.004186046511627906
MOTOR_ACCUM=1.0506976744186047
MOTOR_ROT=2

[11:58:19.113 EBOX]
TS=1786204188.981
V_SENSE5=1.17431640625
V_SENSE9=0.03662109375
V_SENSE12=0.1171875
ADC_V5=5.07110595703125
ADC_V9=9.345703125
ADC_V12=11.6290283203125
ADC_V28=27.30255126953125
THERMAL_SENS_OUT_1=32
THERMAL_SENS_OUT_2=-50
THERMAL_SENS_OUT_3=31
THERMAL_SENS_OUT_4=29
THERMAL_SENS_OUT_5=38
THERMAL_SENS_OUT_6=-50
THERMAL_SENS_INT_1=25
THERMAL_SENS_INT_2=29
PG_5=0
PG_9=0
PG_12=0
FLT_P2=0
FLT_P3=0
HEAT_1_TEMP=32
HEAT_1_DUTY=0
HEAT_1_SP=-20.0
HEAT_2_TEMP=31
HEAT_2_DUTY=0
HEAT_2_SP=-20.0
HEAT_3_TEMP=29
HEAT_3_DUTY=0
HEAT_3_SP=-20.0
HEAT_4_TEMP=38
HEAT_4_DUTY=0
HEAT_4_SP=-20.0
MOTOR_ANGLE=0.004186046511627906
MOTOR_ACCUM=1.0506976744186047
MOTOR_ROT=2

[11:58:19.336 EBOX]
TS=1786204189.486
V_SENSE5=1.20849609375
V_SENSE9=0.0341796875
V_SENSE12=0.1220703125
ADC_V5=4.9560546875
ADC_V9=8.956298828125
ADC_V12=12.02728271484375
ADC_V28=27.56805419921875
THERMAL_SENS_OUT_1=30
THERMAL_SENS_OUT_2=-50
THERMAL_SENS_OUT_3=31
THERMAL_SENS_OUT_4=29
THERMAL_SENS_OUT_5=35
THERMAL_SENS_OUT_6=-50
THERMAL_SENS_INT_1=27
THERMAL_SENS_INT_2=25
PG_5=0
PG_9=0
PG_12=0
FLT_P2=0
FLT_P3=0
HEAT_1_TEMP=30
HEAT_1_DUTY=0
HEAT_1_SP=-20.0
HEAT_2_TEMP=31
HEAT_2_DUTY=0
HEAT_2_SP=-20.0
HEAT_3_TEMP=29
HEAT_3_DUTY=0
HEAT_3_SP=-20.0
HEAT_4_TEMP=35
HEAT_4_DUTY=0
HEAT_4_SP=-20.0
MOTOR_ANGLE=0.004186046511627906
MOTOR_ACCUM=1.0506976744186047
MOTOR_ROT=2

[11:58:20.489 EBOX]
TS=1786204189.983
V_SENSE5=1.3330078125
V_SENSE9=0.0390625
V_SENSE12=0.1171875
ADC_V5=5.0091552734375
ADC_V9=9.01824951171875
ADC_V12=11.58477783203125
ADC_V28=27.63885498046875
THERMAL_SENS_OUT_1=30
THERMAL_SENS_OUT_2=-50
THERMAL_SENS_OUT_3=34
THERMAL_SENS_OUT_4=26
THERMAL_SENS_OUT_5=33
THERMAL_SENS_OUT_6=-50
THERMAL_SENS_INT_1=25
THERMAL_SENS_INT_2=31
PG_5=0
PG_9=0
PG_12=0
FLT_P2=0
FLT_P3=0
HEAT_1_TEMP=30
HEAT_1_DUTY=0
HEAT_1_SP=-20.0
HEAT_2_TEMP=34
HEAT_2_DUTY=0
HEAT_2_SP=-20.0
HEAT_3_TEMP=26
HEAT_3_DUTY=0
HEAT_3_SP=-20.0
HEAT_4_TEMP=33
HEAT_4_DUTY=0
HEAT_4_SP=-20.0
MOTOR_ANGLE=0.004186046511627906
MOTOR_ACCUM=1.0506976744186047
MOTOR_ROT=2

[11:58:20.609 EBOX]
TS=1786204190.485
V_SENSE5=1.42333984375
V_SENSE9=0.07568359375
V_SENSE12=0.1171875
ADC_V5=5.0091552734375
ADC_V9=9.310302734375
ADC_V12=11.76177978515625
ADC_V28=27.506103515625
THERMAL_SENS_OUT_1=31
THERMAL_SENS_OUT_2=-50
THERMAL_SENS_OUT_3=37
THERMAL_SENS_OUT_4=29
THERMAL_SENS_OUT_5=32
THERMAL_SENS_OUT_6=-50
THERMAL_SENS_INT_1=23
THERMAL_SENS_INT_2=29
PG_5=0
PG_9=0
PG_12=0
FLT_P2=0
FLT_P3=0
HEAT_1_TEMP=31
HEAT_1_DUTY=0
HEAT_1_SP=-20.0
HEAT_2_TEMP=37
HEAT_2_DUTY=0
HEAT_2_SP=-20.0
HEAT_3_TEMP=29
HEAT_3_DUTY=0
HEAT_3_SP=-20.0
HEAT_4_TEMP=32
HEAT_4_DUTY=0
HEAT_4_SP=-20.0
MOTOR_ANGLE=0.004186046511627906
MOTOR_ACCUM=1.0506976744186047
MOTOR_ROT=2

[11:58:24.806 EBOX]
TS=1786204190.986
V_SENSE5=1.337890625
V_SENSE9=0.0341796875
V_SENSE12=0.1171875
ADC_V5=4.94720458984375
ADC_V9=9.19525146484375
ADC_V12=11.54052734375
ADC_V28=27.6300048828125
THERMAL_SENS_OUT_1=31
THERMAL_SENS_OUT_2=-50
THERMAL_SENS_OUT_3=32
THERMAL_SENS_OUT_4=29
THERMAL_SENS_OUT_5=32
THERMAL_SENS_OUT_6=-50
THERMAL_SENS_INT_1=24
THERMAL_SENS_INT_2=30
PG_5=0
PG_9=0
PG_12=0
FLT_P2=0
FLT_P3=0
HEAT_1_TEMP=31
HEAT_1_DUTY=0
HEAT_1_SP=-20.0
HEAT_2_TEMP=32
HEAT_2_DUTY=0
HEAT_2_SP=-20.0
HEAT_3_TEMP=29
HEAT_3_DUTY=0
HEAT_3_SP=-20.0
HEAT_4_TEMP=32
HEAT_4_DUTY=0
HEAT_4_SP=-20.0
MOTOR_ANGLE=0.004186046511627906
MOTOR_ACCUM=1.0506976744186047
MOTOR_ROT=2
TS=1786204191.495
V_SENSE5=1.16943359375
V_SENSE9=0.0390625
V_SENSE12=0.1171875
ADC_V5=4.94720458984375
ADC_V9=9.451904296875
ADC_V12=11.72637939453125
ADC_V28=26.9219970703125
THERMAL_SENS_OUT_1=28
THERMAL_SENS_OUT_2=-50
THERMAL_SENS_OUT_3=33
THERMAL_SENS_OUT_4=26
THERMAL_SENS_OUT_5=34
THERMAL_SENS_OUT_6=-50
THERMAL_SENS_INT_1=25
THERMAL_SENS_INT_2=32
PG_5=0
PG_9=0
PG_12=0
FLT_P2=0
FLT_P3=0
HEAT_1_TEMP=28
HEAT_1_DUTY=0
HEAT_1_SP=-20.0
HEAT_2_TEMP=33
HEAT_2_DUTY=0
HEAT_2_SP=-20.0
HEAT_3_TEMP=26
HEAT_3_DUTY=0
HEAT_3_SP=-20.0
HEAT_4_TEMP=34
HEAT_4_DUTY=0
HEAT_4_SP=-20.0
MOTOR_ANGLE=0.004186046511627906
MOTOR_ACCUM=1.0506976744186047
MOTOR_ROT=2

[11:58:24.952 EBOX]
TS=1786204191.990
V_SENSE5=1.3720703125
V_SENSE9=0.0341796875
V_SENSE12=0.13427734375
ADC_V5=5.0091552734375
ADC_V9=9.19525146484375
ADC_V12=11.67327880859375
ADC_V28=26.82464599609375
THERMAL_SENS_OUT_1=27
THERMAL_SENS_OUT_2=-50
THERMAL_SENS_OUT_3=36
THERMAL_SENS_OUT_4=28
THERMAL_SENS_OUT_5=32
THERMAL_SENS_OUT_6=-50
THERMAL_SENS_INT_1=25
THERMAL_SENS_INT_2=27
PG_5=0
PG_9=0
PG_12=0
FLT_P2=0
FLT_P3=0
HEAT_1_TEMP=27
HEAT_1_DUTY=0
HEAT_1_SP=-20.0
HEAT_2_TEMP=36
HEAT_2_DUTY=0
HEAT_2_SP=-20.0
HEAT_3_TEMP=28
HEAT_3_DUTY=0
HEAT_3_SP=-20.0
HEAT_4_TEMP=32
HEAT_4_DUTY=0
HEAT_4_SP=-20.0
MOTOR_ANGLE=0.004186046511627906
MOTOR_ACCUM=1.0506976744186047
MOTOR_ROT=2
TS=1786204192.490
V_SENSE5=1.2109375
V_SENSE9=0.03662109375
V_SENSE12=0.107421875
ADC_V5=4.814453125
ADC_V9=9.0093994140625
ADC_V12=11.788330078125
ADC_V28=27.3468017578125
THERMAL_SENS_OUT_1=27
THERMAL_SENS_OUT_2=-50
THERMAL_SENS_OUT_3=34
THERMAL_SENS_OUT_4=26
THERMAL_SENS_OUT_5=34
THERMAL_SENS_OUT_6=-50
THERMAL_SENS_INT_1=24
THERMAL_SENS_INT_2=31
PG_5=0
PG_9=0
PG_12=0
FLT_P2=0
FLT_P3=0
HEAT_1_TEMP=27
HEAT_1_DUTY=0
HEAT_1_SP=-20.0
HEAT_2_TEMP=34
HEAT_2_DUTY=0
HEAT_2_SP=-20.0
HEAT_3_TEMP=26
HEAT_3_DUTY=0
HEAT_3_SP=-20.0
HEAT_4_TEMP=34
HEAT_4_DUTY=0
HEAT_4_SP=-20.0
MOTOR_ANGLE=0.004186046511627906
MOTOR_ACCUM=1.0506976744186047
MOTOR_ROT=2
TS=1786204192.991
V_SENSE5=1.36474609375
V_SENSE9=0.03173828125
V_SENSE12=0.15380859375
ADC_V5=4.9029541015625
ADC_V9=9.42535400390625

[11:58:25.097 EBOX]
ADC_V12=11.93878173828125
ADC_V28=27.75390625
THERMAL_SENS_OUT_1=31
THERMAL_SENS_OUT_2=-50
THERMAL_SENS_OUT_3=35
THERMAL_SENS_OUT_4=26
THERMAL_SENS_OUT_5=37
THERMAL_SENS_OUT_6=-50
THERMAL_SENS_INT_1=27
THERMAL_SENS_INT_2=25
PG_5=0
PG_9=0
PG_12=0
FLT_P2=0
FLT_P3=0
HEAT_1_TEMP=31
HEAT_1_DUTY=0
HEAT_1_SP=-20.0
HEAT_2_TEMP=35
HEAT_2_DUTY=0
HEAT_2_SP=-20.0
HEAT_3_TEMP=26
HEAT_3_DUTY=0
HEAT_3_SP=-20.0
HEAT_4_TEMP=37
HEAT_4_DUTY=0
HEAT_4_SP=-20.0
MOTOR_ANGLE=0.004186046511627906
MOTOR_ACCUM=1.0506976744186047
MOTOR_ROT=2
TS=1786204193.492
V_SENSE5=1.2109375
V_SENSE9=0.0341796875
V_SENSE12=0.126953125
ADC_V5=4.96490478515625
ADC_V9=9.0625
ADC_V12=11.646728515625
ADC_V28=27.789306640625
THERMAL_SENS_OUT_1=28
THERMAL_SENS_OUT_2=-50
THERMAL_SENS_OUT_3=31
THERMAL_SENS_OUT_4=31
THERMAL_SENS_OUT_5=33
THERMAL_SENS_OUT_6=-50
THERMAL_SENS_INT_1=25
THERMAL_SENS_INT_2=30
PG_5=0
PG_9=0
PG_12=0
FLT_P2=0
FLT_P3=0
HEAT_1_TEMP=28
HEAT_1_DUTY=0
HEAT_1_SP=-20.0
HEAT_2_TEMP=31
HEAT_2_DUTY=0
HEAT_2_SP=-20.0
HEAT_3_TEMP=31
HEAT_3_DUTY=0
HEAT_3_SP=-20.0
HEAT_4_TEMP=33
HEAT_4_DUTY=0
HEAT_4_SP=-20.0
MOTOR_ANGLE=0.004186046511627906
MOTOR_ACCUM=1.0506976744186047
MOTOR_ROT=2
TS=1786204194.003
V_SENSE5=1.31591796875
V_SENSE9=0.03173828125
V_SENSE12=0.11962890625
ADC_V5=4.85870361328125
ADC_V9=9.097900390625
ADC_V12=11.88568115234375
ADC_V28=27.96630859375
THERMAL_SENS_OUT_1=26
THERMAL_SENS_OUT_2=-50
THERMAL_SENS_OUT_3=37
THERMAL_SENS_OUT_4=29
THERMAL_SENS_OUT_5=32

[11:58:25.248 EBOX]
THERMAL_SENS_OUT_6=-50
THERMAL_SENS_INT_1=30
THERMAL_SENS_INT_2=27
PG_5=0
PG_9=0
PG_12=0
FLT_P2=0
FLT_P3=0
HEAT_1_TEMP=26
HEAT_1_DUTY=0
HEAT_1_SP=-20.0
HEAT_2_TEMP=37
HEAT_2_DUTY=0
HEAT_2_SP=-20.0
HEAT_3_TEMP=29
HEAT_3_DUTY=0
HEAT_3_SP=-20.0
HEAT_4_TEMP=32
HEAT_4_DUTY=0
HEAT_4_SP=-20.0
MOTOR_ANGLE=0.004186046511627906
MOTOR_ACCUM=1.0506976744186047
MOTOR_ROT=2
TS=1786204194.496
V_SENSE5=1.2548828125
V_SENSE9=0.0390625
V_SENSE12=0.107421875
ADC_V5=4.849853515625
ADC_V9=9.381103515625
ADC_V12=11.82373046875
ADC_V28=27.081298828125
THERMAL_SENS_OUT_1=28
THERMAL_SENS_OUT_2=-50
THERMAL_SENS_OUT_3=36
THERMAL_SENS_OUT_4=28
THERMAL_SENS_OUT_5=34
THERMAL_SENS_OUT_6=-50
THERMAL_SENS_INT_1=23
THERMAL_SENS_INT_2=28
PG_5=0
PG_9=0
PG_12=0
FLT_P2=0
FLT_P3=0
HEAT_1_TEMP=28
HEAT_1_DUTY=0
HEAT_1_SP=-20.0
HEAT_2_TEMP=36
HEAT_2_DUTY=0
HEAT_2_SP=-20.0
HEAT_3_TEMP=28
HEAT_3_DUTY=0
HEAT_3_SP=-20.0
HEAT_4_TEMP=34
HEAT_4_DUTY=0
HEAT_4_SP=-20.0
MOTOR_ANGLE=0.004186046511627906
MOTOR_ACCUM=1.0506976744186047
MOTOR_ROT=2
TS=1786204194.997
V_SENSE5=1.26953125
V_SENSE9=0.03173828125
V_SENSE12=0.1171875
ADC_V5=4.814453125
ADC_V9=8.9208984375
ADC_V12=11.6290283203125
ADC_V28=27.3822021484375
THERMAL_SENS_OUT_1=29
THERMAL_SENS_OUT_2=-50
THERMAL_SENS_OUT_3=31
THERMAL_SENS_OUT_4=30
THERMAL_SENS_OUT_5=33
THERMAL_SENS_OUT_6=-50
THERMAL_SENS_INT_1=26
THERMAL_SENS_INT_2=25
PG_5=0
PG_9=0
PG_12=0
FLT_P2=0
FLT_P3=0
HEAT_1_TEMP=29
HEAT_1_DUTY=0
HEAT_1_SP=-20.0
HEAT_2_TEMP=31
HEAT_2_DUTY=0
HEAT_2_SP=-20.0
HEAT_3_TEMP=30
HEAT_3_DUTY=0
HEAT_3_SP=-20.0
HEAT_4_TEMP=33
HEAT_4_DUTY=0
HEAT_4_SP=-20.0
MOTOR_ANGLE=0.004186046511627906
MOTOR_ACCUM=1.0506976744186047
MOTOR_ROT=2

[11:58:25.369 EBOX]
TS=1786204195.498
V_SENSE5=1.18408203125
V_SENSE9=0.0390625
V_SENSE12=0.1171875
ADC_V5=4.9737548828125
ADC_V9=9.310302734375
ADC_V12=11.83258056640625
ADC_V28=27.05474853515625
THERMAL_SENS_OUT_1=27
THERMAL_SENS_OUT_2=-50
THERMAL_SENS_OUT_3=30
THERMAL_SENS_OUT_4=30
THERMAL_SENS_OUT_5=32
THERMAL_SENS_OUT_6=-50
THERMAL_SENS_INT_1=24
THERMAL_SENS_INT_2=25
PG_5=0
PG_9=0
PG_12=0
FLT_P2=0
FLT_P3=0
HEAT_1_TEMP=27
HEAT_1_DUTY=0
HEAT_1_SP=-20.0
HEAT_2_TEMP=30
HEAT_2_DUTY=0
HEAT_2_SP=-20.0
HEAT_3_TEMP=30
HEAT_3_DUTY=0
HEAT_3_SP=-20.0
HEAT_4_TEMP=32
HEAT_4_DUTY=0
HEAT_4_SP=-20.0
MOTOR_ANGLE=0.004186046511627906
MOTOR_ACCUM=1.0506976744186047
MOTOR_ROT=2

[11:58:25.692 EBOX]
TS=1786204195.999
V_SENSE5=1.34765625
V_SENSE9=0.0390625
V_SENSE12=0.11474609375
ADC_V5=5.15960693359375
ADC_V9=9.27490234375
ADC_V12=11.505126953125
ADC_V28=27.55035400390625
THERMAL_SENS_OUT_1=28
THERMAL_SENS_OUT_2=-50
THERMAL_SENS_OUT_3=32
THERMAL_SENS_OUT_4=30
THERMAL_SENS_OUT_5=32
THERMAL_SENS_OUT_6=-50
THERMAL_SENS_INT_1=29
THERMAL_SENS_INT_2=25
PG_5=0
PG_9=0
PG_12=0
FLT_P2=0
FLT_P3=0
HEAT_1_TEMP=28
HEAT_1_DUTY=0
HEAT_1_SP=-20.0
HEAT_2_TEMP=32
HEAT_2_DUTY=0
HEAT_2_SP=-20.0
HEAT_3_TEMP=30
HEAT_3_DUTY=0
HEAT_3_SP=-20.0
HEAT_4_TEMP=32
HEAT_4_DUTY=0
HEAT_4_SP=-20.0
MOTOR_ANGLE=0.004186046511627906
MOTOR_ACCUM=1.0506976744186047
MOTOR_ROT=2

[11:58:26.115 EBOX]
TS=1786204196.501
V_SENSE5=1.27685546875
V_SENSE9=0.0390625
V_SENSE12=0.1171875
ADC_V5=4.9383544921875
ADC_V9=8.814697265625
ADC_V12=11.85028076171875
ADC_V28=27.21405029296875
THERMAL_SENS_OUT_1=25
THERMAL_SENS_OUT_2=-50
THERMAL_SENS_OUT_3=32
THERMAL_SENS_OUT_4=31
THERMAL_SENS_OUT_5=32
THERMAL_SENS_OUT_6=-50
THERMAL_SENS_INT_1=29
THERMAL_SENS_INT_2=27
PG_5=0
PG_9=0
PG_12=0
FLT_P2=0
FLT_P3=0
HEAT_1_TEMP=25
HEAT_1_DUTY=0
HEAT_1_SP=-20.0
HEAT_2_TEMP=32
HEAT_2_DUTY=0
HEAT_2_SP=-20.0
HEAT_3_TEMP=31
HEAT_3_DUTY=0
HEAT_3_SP=-20.0
HEAT_4_TEMP=32
HEAT_4_DUTY=0
HEAT_4_SP=-20.0
MOTOR_ANGLE=0.004186046511627906
MOTOR_ACCUM=1.0506976744186047
MOTOR_ROT=2

[11:58:26.639 EBOX]
TS=1786204197.002
V_SENSE5=1.38916015625
V_SENSE9=0.03662109375
V_SENSE12=0.1171875
ADC_V5=4.991455078125
ADC_V9=9.2218017578125
ADC_V12=11.51397705078125
ADC_V28=27.56805419921875
THERMAL_SENS_OUT_1=32
THERMAL_SENS_OUT_2=-50
THERMAL_SENS_OUT_3=36
THERMAL_SENS_OUT_4=27
THERMAL_SENS_OUT_5=37
THERMAL_SENS_OUT_6=-50
THERMAL_SENS_INT_1=29
THERMAL_SENS_INT_2=26
PG_5=0
PG_9=0
PG_12=0
FLT_P2=0
FLT_P3=0
HEAT_1_TEMP=32
HEAT_1_DUTY=0
HEAT_1_SP=-20.0
HEAT_2_TEMP=36
HEAT_2_DUTY=0
HEAT_2_SP=-20.0
HEAT_3_TEMP=27
HEAT_3_DUTY=0
HEAT_3_SP=-20.0
HEAT_4_TEMP=37
HEAT_4_DUTY=0
HEAT_4_SP=-20.0
MOTOR_ANGLE=0.004186046511627906
MOTOR_ACCUM=1.0506976744186047
MOTOR_ROT=2

[11:58:27.163 EBOX]
TS=1786204197.504
V_SENSE5=1.25244140625
V_SENSE9=0.03662109375
V_SENSE12=0.1123046875
ADC_V5=4.89410400390625
ADC_V9=9.2218017578125
ADC_V12=11.58477783203125
ADC_V28=27.53265380859375
THERMAL_SENS_OUT_1=26
THERMAL_SENS_OUT_2=-50
THERMAL_SENS_OUT_3=34
THERMAL_SENS_OUT_4=26
THERMAL_SENS_OUT_5=37
THERMAL_SENS_OUT_6=-50
THERMAL_SENS_INT_1=24
THERMAL_SENS_INT_2=31
PG_5=0
PG_9=0
PG_12=0
FLT_P2=0
FLT_P3=0
HEAT_1_TEMP=26
HEAT_1_DUTY=0
HEAT_1_SP=-20.0
HEAT_2_TEMP=34
HEAT_2_DUTY=0
HEAT_2_SP=-20.0
HEAT_3_TEMP=26
HEAT_3_DUTY=0
HEAT_3_SP=-20.0
HEAT_4_TEMP=37
HEAT_4_DUTY=0
HEAT_4_SP=-20.0
MOTOR_ANGLE=0.004186046511627906
MOTOR_ACCUM=1.0506976744186047
MOTOR_ROT=2

[11:58:27.688 EBOX]
TS=1786204198.006
V_SENSE5=1.19384765625
V_SENSE9=0.03662109375
V_SENSE12=0.1123046875
ADC_V5=4.94720458984375
ADC_V9=8.9739990234375
ADC_V12=11.646728515625
ADC_V28=27.54150390625
THERMAL_SENS_OUT_1=31
THERMAL_SENS_OUT_2=-50
THERMAL_SENS_OUT_3=32
THERMAL_SENS_OUT_4=30
THERMAL_SENS_OUT_5=36
THERMAL_SENS_OUT_6=-50
THERMAL_SENS_INT_1=23
THERMAL_SENS_INT_2=27
PG_5=0
PG_9=0
PG_12=0
FLT_P2=0
FLT_P3=0
HEAT_1_TEMP=31
HEAT_1_DUTY=0
HEAT_1_SP=-20.0
HEAT_2_TEMP=32
HEAT_2_DUTY=0
HEAT_2_SP=-20.0
HEAT_3_TEMP=30
HEAT_3_DUTY=0
HEAT_3_SP=-20.0
HEAT_4_TEMP=36
HEAT_4_DUTY=0
HEAT_4_SP=-20.0
MOTOR_ANGLE=0.004186046511627906
MOTOR_ACCUM=1.0506976744186047
MOTOR_ROT=2

[11:58:28.414 EBOX]
TS=1786204198.513
V_SENSE5=1.12548828125
V_SENSE9=0.03662109375
V_SENSE12=0.1220703125
ADC_V5=4.8675537109375
ADC_V9=9.1864013671875
ADC_V12=11.7529296875
ADC_V28=27.69195556640625
THERMAL_SENS_OUT_1=29
THERMAL_SENS_OUT_2=-50
THERMAL_SENS_OUT_3=33
THERMAL_SENS_OUT_4=30
THERMAL_SENS_OUT_5=35
THERMAL_SENS_OUT_6=-50
THERMAL_SENS_INT_1=26
THERMAL_SENS_INT_2=31
PG_5=0
PG_9=0
PG_12=0
FLT_P2=0
FLT_P3=0
HEAT_1_TEMP=29
HEAT_1_DUTY=0
HEAT_1_SP=-20.0
HEAT_2_TEMP=33
HEAT_2_DUTY=0
HEAT_2_SP=-20.0
HEAT_3_TEMP=30
HEAT_3_DUTY=0
HEAT_3_SP=-20.0
HEAT_4_TEMP=35
HEAT_4_DUTY=0
HEAT_4_SP=-20.0
MOTOR_ANGLE=0.004186046511627906
MOTOR_ACCUM=1.0506976744186047
MOTOR_ROT=2

[11:58:29.138 EBOX]
TS=1786204199.008
V_SENSE5=1.240234375
V_SENSE9=0.03173828125
V_SENSE12=0.10498046875
ADC_V5=4.85870361328125
ADC_V9=9.10675048828125
ADC_V12=11.5936279296875
ADC_V28=27.75390625
THERMAL_SENS_OUT_1=32
THERMAL_SENS_OUT_2=-50
THERMAL_SENS_OUT_3=35
THERMAL_SENS_OUT_4=27
THERMAL_SENS_OUT_5=37
THERMAL_SENS_OUT_6=-50
THERMAL_SENS_INT_1=28
THERMAL_SENS_INT_2=26
PG_5=0
PG_9=0
PG_12=0
FLT_P2=0
FLT_P3=0
HEAT_1_TEMP=32
HEAT_1_DUTY=0
HEAT_1_SP=-20.0
HEAT_2_TEMP=35
HEAT_2_DUTY=0
HEAT_2_SP=-20.0
HEAT_3_TEMP=27
HEAT_3_DUTY=0
HEAT_3_SP=-20.0
HEAT_4_TEMP=37
HEAT_4_DUTY=0
HEAT_4_SP=-20.0
MOTOR_ANGLE=0.004186046511627906
MOTOR_ACCUM=1.0506976744186047
MOTOR_ROT=2

[11:58:29.461 EBOX]
TS=1786204199.510
V_SENSE5=1.3525390625
V_SENSE9=0.03662109375
V_SENSE12=0.14404296875
ADC_V5=5.01800537109375
ADC_V9=9.4873046875
ADC_V12=11.4874267578125
ADC_V28=27.53265380859375
THERMAL_SENS_OUT_1=32
THERMAL_SENS_OUT_2=-50
THERMAL_SENS_OUT_3=36
THERMAL_SENS_OUT_4=27
THERMAL_SENS_OUT_5=38
THERMAL_SENS_OUT_6=-50
THERMAL_SENS_INT_1=29
THERMAL_SENS_INT_2=27
PG_5=0
PG_9=0
PG_12=0
FLT_P2=0
FLT_P3=0
HEAT_1_TEMP=32
HEAT_1_DUTY=0
HEAT_1_SP=-20.0
HEAT_2_TEMP=36
HEAT_2_DUTY=0
HEAT_2_SP=-20.0
HEAT_3_TEMP=27
HEAT_3_DUTY=0
HEAT_3_SP=-20.0
HEAT_4_TEMP=38
HEAT_4_DUTY=0
HEAT_4_SP=-20.0
MOTOR_ANGLE=0.004186046511627906
MOTOR_ACCUM=1.0506976744186047
MOTOR_ROT=2

[11:58:31.215 EBOX]
TS=1786204200.012
V_SENSE5=1.26220703125
V_SENSE9=0.0390625
V_SENSE12=0.126953125
ADC_V5=4.814453125
ADC_V9=9.0447998046875
ADC_V12=11.90338134765625
ADC_V28=27.11669921875
THERMAL_SENS_OUT_1=29
THERMAL_SENS_OUT_2=-50
THERMAL_SENS_OUT_3=32
THERMAL_SENS_OUT_4=31
THERMAL_SENS_OUT_5=33
THERMAL_SENS_OUT_6=-50
THERMAL_SENS_INT_1=24
THERMAL_SENS_INT_2=30
PG_5=0
PG_9=0
PG_12=0
FLT_P2=0
FLT_P3=0
HEAT_1_TEMP=29
HEAT_1_DUTY=0
HEAT_1_SP=-20.0
HEAT_2_TEMP=32
HEAT_2_DUTY=0
HEAT_2_SP=-20.0
HEAT_3_TEMP=31
HEAT_3_DUTY=0
HEAT_3_SP=-20.0
HEAT_4_TEMP=33
HEAT_4_DUTY=0
HEAT_4_SP=-20.0
MOTOR_ANGLE=0.004186046511627906
MOTOR_ACCUM=1.0506976744186047
MOTOR_ROT=2
TS=1786204200.513
V_SENSE5=1.2060546875
V_SENSE9=0.05615234375
V_SENSE12=0.10986328125
ADC_V5=4.98260498046875
ADC_V9=8.75274658203125
ADC_V12=11.788330078125
ADC_V28=27.58575439453125
THERMAL_SENS_OUT_1=32
THERMAL_SENS_OUT_2=-50
THERMAL_SENS_OUT_3=35
THERMAL_SENS_OUT_4=26
THERMAL_SENS_OUT_5=36
THERMAL_SENS_OUT_6=-50
THERMAL_SENS_INT_1=29
THERMAL_SENS_INT_2=26
PG_5=0
PG_9=0
PG_12=0
FLT_P2=0
FLT_P3=0
HEAT_1_TEMP=32
HEAT_1_DUTY=0
HEAT_1_SP=-20.0
HEAT_2_TEMP=35
HEAT_2_DUTY=0
HEAT_2_SP=-20.0
HEAT_3_TEMP=26
HEAT_3_DUTY=0
HEAT_3_SP=-20.0
HEAT_4_TEMP=36
HEAT_4_DUTY=0
HEAT_4_SP=-20.0
MOTOR_ANGLE=0.004186046511627906
MOTOR_ACCUM=1.0506976744186047
MOTOR_ROT=2

[11:58:31.658 EBOX]
TS=1786204201.038
V_SENSE5=1.14990234375
V_SENSE9=0.0341796875
V_SENSE12=0.1123046875
ADC_V5=5.08880615234375
ADC_V9=8.99169921875
ADC_V12=11.92108154296875
ADC_V28=27.2052001953125
THERMAL_SENS_OUT_1=26
THERMAL_SENS_OUT_2=-50
THERMAL_SENS_OUT_3=31
THERMAL_SENS_OUT_4=32
THERMAL_SENS_OUT_5=38
THERMAL_SENS_OUT_6=-50
THERMAL_SENS_INT_1=27
THERMAL_SENS_INT_2=31
PG_5=0
PG_9=0
PG_12=0
FLT_P2=0
FLT_P3=0
HEAT_1_TEMP=26
HEAT_1_DUTY=0
HEAT_1_SP=-20.0
HEAT_2_TEMP=31
HEAT_2_DUTY=0
HEAT_2_SP=-20.0
HEAT_3_TEMP=32
HEAT_3_DUTY=0
HEAT_3_SP=-20.0
HEAT_4_TEMP=38
HEAT_4_DUTY=0
HEAT_4_SP=-20.0
MOTOR_ANGLE=0.004186046511627906
MOTOR_ACCUM=1.0506976744186047
MOTOR_ROT=2
TS=1786204201.516
V_SENSE5=1.19873046875
V_SENSE9=0.0390625
V_SENSE12=0.1220703125
ADC_V5=4.87640380859375
ADC_V9=9.05364990234375
ADC_V12=11.88568115234375
ADC_V28=27.35565185546875
THERMAL_SENS_OUT_1=27
THERMAL_SENS_OUT_2=-50
THERMAL_SENS_OUT_3=31
THERMAL_SENS_OUT_4=28
THERMAL_SENS_OUT_5=34
THERMAL_SENS_OUT_6=-50
THERMAL_SENS_INT_1=24
THERMAL_SENS_INT_2=30
PG_5=0
PG_9=0
PG_12=0
FLT_P2=0
FLT_P3=0
HEAT_1_TEMP=27
HEAT_1_DUTY=0
HEAT_1_SP=-20.0
HEAT_2_TEMP=31
HEAT_2_DUTY=0
HEAT_2_SP=-20.0
HEAT_3_TEMP=28
HEAT_3_DUTY=0
HEAT_3_SP=-20.0
HEAT_4_TEMP=34
HEAT_4_DUTY=0
HEAT_4_SP=-20.0
MOTOR_ANGLE=0.004186046511627906
MOTOR_ACCUM=1.0506976744186047
MOTOR_ROT=2

[11:58:32.080 EBOX]
TS=1786204202.018
V_SENSE5=1.31103515625
V_SENSE9=0.0341796875
V_SENSE12=0.1171875
ADC_V5=4.89410400390625
ADC_V9=9.451904296875
ADC_V12=11.788330078125
ADC_V28=26.8865966796875
THERMAL_SENS_OUT_1=27
THERMAL_SENS_OUT_2=-50
THERMAL_SENS_OUT_3=35
THERMAL_SENS_OUT_4=26
THERMAL_SENS_OUT_5=34
THERMAL_SENS_OUT_6=-50
THERMAL_SENS_INT_1=29
THERMAL_SENS_INT_2=25
PG_5=0
PG_9=0
PG_12=0
FLT_P2=0
FLT_P3=0
HEAT_1_TEMP=27
HEAT_1_DUTY=0
HEAT_1_SP=-20.0
HEAT_2_TEMP=35
HEAT_2_DUTY=0
HEAT_2_SP=-20.0
HEAT_3_TEMP=26
HEAT_3_DUTY=0
HEAT_3_SP=-20.0
HEAT_4_TEMP=34
HEAT_4_DUTY=0
HEAT_4_SP=-20.0
MOTOR_ANGLE=0.004186046511627906
MOTOR_ACCUM=1.0506976744186047
MOTOR_ROT=2

[11:58:32.403 EBOX]
TS=1786204202.518
V_SENSE5=1.2841796875
V_SENSE9=0.0390625
V_SENSE12=0.1123046875
ADC_V5=4.920654296875
ADC_V9=9.3634033203125
ADC_V12=11.67327880859375
ADC_V28=27.96630859375
THERMAL_SENS_OUT_1=28
THERMAL_SENS_OUT_2=-50
THERMAL_SENS_OUT_3=36
THERMAL_SENS_OUT_4=27
THERMAL_SENS_OUT_5=34
THERMAL_SENS_OUT_6=-50
THERMAL_SENS_INT_1=23
THERMAL_SENS_INT_2=28
PG_5=0
PG_9=0
PG_12=0
FLT_P2=0
FLT_P3=0
HEAT_1_TEMP=28
HEAT_1_DUTY=0
HEAT_1_SP=-20.0
HEAT_2_TEMP=36
HEAT_2_DUTY=0
HEAT_2_SP=-20.0
HEAT_3_TEMP=27
HEAT_3_DUTY=0
HEAT_3_SP=-20.0
HEAT_4_TEMP=34
HEAT_4_DUTY=0
HEAT_4_SP=-20.0
MOTOR_ANGLE=0.004186046511627906
MOTOR_ACCUM=1.0506976744186047
MOTOR_ROT=2

[11:58:32.931 EBOX]
TS=1786204203.020
V_SENSE5=1.34521484375
V_SENSE9=0.03173828125
V_SENSE12=0.11962890625
ADC_V5=4.94720458984375
ADC_V9=9.027099609375
ADC_V12=11.54937744140625
ADC_V28=27.78045654296875
THERMAL_SENS_OUT_1=31
THERMAL_SENS_OUT_2=-50
THERMAL_SENS_OUT_3=32
THERMAL_SENS_OUT_4=29
THERMAL_SENS_OUT_5=32
THERMAL_SENS_OUT_6=-50
THERMAL_SENS_INT_1=24
THERMAL_SENS_INT_2=31
PG_5=0
PG_9=0
PG_12=0
FLT_P2=0
FLT_P3=0
HEAT_1_TEMP=31
HEAT_1_DUTY=0
HEAT_1_SP=-20.0
HEAT_2_TEMP=32
HEAT_2_DUTY=0
HEAT_2_SP=-20.0
HEAT_3_TEMP=29
HEAT_3_DUTY=0
HEAT_3_SP=-20.0
HEAT_4_TEMP=32
HEAT_4_DUTY=0
HEAT_4_SP=-20.0
MOTOR_ANGLE=0.004186046511627906
MOTOR_ACCUM=1.0506976744186047
MOTOR_ROT=2

[11:58:33.655 EBOX]
TS=1786204203.523
V_SENSE5=1.33544921875
V_SENSE9=0.0390625
V_SENSE12=0.1318359375
ADC_V5=4.98260498046875
ADC_V9=9.4696044921875
ADC_V12=11.67327880859375
ADC_V28=27.90435791015625
THERMAL_SENS_OUT_1=31
THERMAL_SENS_OUT_2=-50
THERMAL_SENS_OUT_3=33
THERMAL_SENS_OUT_4=31
THERMAL_SENS_OUT_5=34
THERMAL_SENS_OUT_6=-50
THERMAL_SENS_INT_1=25
THERMAL_SENS_INT_2=31
PG_5=0
PG_9=0
PG_12=0
FLT_P2=0
FLT_P3=0
HEAT_1_TEMP=31
HEAT_1_DUTY=0
HEAT_1_SP=-20.0
HEAT_2_TEMP=33
HEAT_2_DUTY=0
HEAT_2_SP=-20.0
HEAT_3_TEMP=31
HEAT_3_DUTY=0
HEAT_3_SP=-20.0
HEAT_4_TEMP=34
HEAT_4_DUTY=0
HEAT_4_SP=-20.0
MOTOR_ANGLE=0.004186046511627906
MOTOR_ACCUM=1.0506976744186047
MOTOR_ROT=2

[11:58:33.881 EBOX]
TS=1786204204.025
V_SENSE5=1.357421875
V_SENSE9=0.0390625
V_SENSE12=0.1171875
ADC_V5=4.9560546875
ADC_V9=8.96514892578125
ADC_V12=11.90338134765625
ADC_V28=27.26715087890625
THERMAL_SENS_OUT_1=26
THERMAL_SENS_OUT_2=-50
THERMAL_SENS_OUT_3=32
THERMAL_SENS_OUT_4=28
THERMAL_SENS_OUT_5=31
THERMAL_SENS_OUT_6=-50
THERMAL_SENS_INT_1=27
THERMAL_SENS_INT_2=24
PG_5=0
PG_9=0
PG_12=0
FLT_P2=0
FLT_P3=0
HEAT_1_TEMP=26
HEAT_1_DUTY=0
HEAT_1_SP=-20.0
HEAT_2_TEMP=32
HEAT_2_DUTY=0
HEAT_2_SP=-20.0
HEAT_3_TEMP=28
HEAT_3_DUTY=0
HEAT_3_SP=-20.0
HEAT_4_TEMP=31
HEAT_4_DUTY=0
HEAT_4_SP=-20.0
MOTOR_ANGLE=0.004186046511627906
MOTOR_ACCUM=1.0506976744186047
MOTOR_ROT=2

[11:58:34.206 EBOX]
TS=1786204204.524
V_SENSE5=1.2841796875
V_SENSE9=0.0341796875
V_SENSE12=0.14892578125
ADC_V5=4.92950439453125
ADC_V9=9.47845458984375
ADC_V12=11.5936279296875
ADC_V28=27.85125732421875
THERMAL_SENS_OUT_1=30
THERMAL_SENS_OUT_2=-50
THERMAL_SENS_OUT_3=35
THERMAL_SENS_OUT_4=27
THERMAL_SENS_OUT_5=37
THERMAL_SENS_OUT_6=-50
THERMAL_SENS_INT_1=27
THERMAL_SENS_INT_2=25
PG_5=0
PG_9=0
PG_12=0
FLT_P2=0
FLT_P3=0
HEAT_1_TEMP=30
HEAT_1_DUTY=0
HEAT_1_SP=-20.0
HEAT_2_TEMP=35
HEAT_2_DUTY=0
HEAT_2_SP=-20.0
HEAT_3_TEMP=27
HEAT_3_DUTY=0
HEAT_3_SP=-20.0
HEAT_4_TEMP=37
HEAT_4_DUTY=0
HEAT_4_SP=-20.0
MOTOR_ANGLE=0.004186046511627906
MOTOR_ACCUM=1.0506976744186047
MOTOR_ROT=2

[11:58:34.735 EBOX]
TS=1786204205.026
V_SENSE5=1.2451171875
V_SENSE9=0.0341796875
V_SENSE12=0.12939453125
ADC_V5=4.9560546875
ADC_V9=9.3634033203125
ADC_V12=11.611328125
ADC_V28=27.85125732421875
THERMAL_SENS_OUT_1=31
THERMAL_SENS_OUT_2=-50
THERMAL_SENS_OUT_3=33
THERMAL_SENS_OUT_4=25
THERMAL_SENS_OUT_5=34
THERMAL_SENS_OUT_6=-50
THERMAL_SENS_INT_1=24
THERMAL_SENS_INT_2=29
PG_5=0
PG_9=0
PG_12=0
FLT_P2=0
FLT_P3=0
HEAT_1_TEMP=31
HEAT_1_DUTY=0
HEAT_1_SP=-20.0
HEAT_2_TEMP=33
HEAT_2_DUTY=0
HEAT_2_SP=-20.0
HEAT_3_TEMP=25
HEAT_3_DUTY=0
HEAT_3_SP=-20.0
HEAT_4_TEMP=34
HEAT_4_DUTY=0
HEAT_4_SP=-20.0
MOTOR_ANGLE=0.004186046511627906
MOTOR_ACCUM=1.0506976744186047
MOTOR_ROT=2

[11:58:35.580 EBOX]
TS=1786204205.532
V_SENSE5=1.318359375
V_SENSE9=0.0341796875
V_SENSE12=0.13916015625
ADC_V5=4.920654296875
ADC_V9=9.08905029296875
ADC_V12=11.88568115234375
ADC_V28=27.4176025390625
THERMAL_SENS_OUT_1=29
THERMAL_SENS_OUT_2=-50
THERMAL_SENS_OUT_3=31
THERMAL_SENS_OUT_4=25
THERMAL_SENS_OUT_5=32
THERMAL_SENS_OUT_6=-50
THERMAL_SENS_INT_1=22
THERMAL_SENS_INT_2=24
PG_5=0
PG_9=0
PG_12=0
FLT_P2=0
FLT_P3=0
HEAT_1_TEMP=29
HEAT_1_DUTY=0
HEAT_1_SP=-20.0
HEAT_2_TEMP=31
HEAT_2_DUTY=0
HEAT_2_SP=-20.0
HEAT_3_TEMP=25
HEAT_3_DUTY=0
HEAT_3_SP=-20.0
HEAT_4_TEMP=32
HEAT_4_DUTY=0
HEAT_4_SP=-20.0
MOTOR_ANGLE=0.004186046511627906
MOTOR_ACCUM=1.0506976744186047
MOTOR_ROT=2

[11:58:36.005 EBOX]
TS=1786204206.030
V_SENSE5=1.36474609375
V_SENSE9=0.0341796875
V_SENSE12=0.126953125
ADC_V5=4.9560546875
ADC_V9=9.21295166015625
ADC_V12=11.90338134765625
ADC_V28=27.12554931640625
THERMAL_SENS_OUT_1=26
THERMAL_SENS_OUT_2=-50
THERMAL_SENS_OUT_3=36
THERMAL_SENS_OUT_4=25
THERMAL_SENS_OUT_5=35
THERMAL_SENS_OUT_6=-50
THERMAL_SENS_INT_1=28
THERMAL_SENS_INT_2=26
PG_5=0
PG_9=0
PG_12=0
FLT_P2=0
FLT_P3=0
HEAT_1_TEMP=26
HEAT_1_DUTY=0
HEAT_1_SP=-20.0
HEAT_2_TEMP=36
HEAT_2_DUTY=0
HEAT_2_SP=-20.0
HEAT_3_TEMP=25
HEAT_3_DUTY=0
HEAT_3_SP=-20.0
HEAT_4_TEMP=35
HEAT_4_DUTY=0
HEAT_4_SP=-20.0
MOTOR_ANGLE=0.004186046511627906
MOTOR_ACCUM=1.0506976744186047
MOTOR_ROT=2

[11:58:36.542 EBOX]
TS=1786204206.531
V_SENSE5=1.35498046875
V_SENSE9=0.03173828125
V_SENSE12=0.10986328125
ADC_V5=4.87640380859375
ADC_V9=8.9385986328125
ADC_V12=11.79718017578125
ADC_V28=26.8865966796875
THERMAL_SENS_OUT_1=28
THERMAL_SENS_OUT_2=-50
THERMAL_SENS_OUT_3=31
THERMAL_SENS_OUT_4=31
THERMAL_SENS_OUT_5=33
THERMAL_SENS_OUT_6=-50
THERMAL_SENS_INT_1=25
THERMAL_SENS_INT_2=27
PG_5=0
PG_9=0
PG_12=0
FLT_P2=0
FLT_P3=0
HEAT_1_TEMP=28
HEAT_1_DUTY=0
HEAT_1_SP=-20.0
HEAT_2_TEMP=31
HEAT_2_DUTY=0
HEAT_2_SP=-20.0
HEAT_3_TEMP=31
HEAT_3_DUTY=0
HEAT_3_SP=-20.0
HEAT_4_TEMP=33
HEAT_4_DUTY=0
HEAT_4_SP=-20.0
MOTOR_ANGLE=0.004186046511627906
MOTOR_ACCUM=1.0506976744186047
MOTOR_ROT=2

[11:58:37.169 EBOX]
TS=1786204207.033
V_SENSE5=1.3134765625
V_SENSE9=0.0341796875
V_SENSE12=0.11474609375
ADC_V5=4.920654296875
ADC_V9=8.91204833984375
ADC_V12=11.81488037109375
ADC_V28=27.930908203125
THERMAL_SENS_OUT_1=26
THERMAL_SENS_OUT_2=-50
THERMAL_SENS_OUT_3=32
THERMAL_SENS_OUT_4=29
THERMAL_SENS_OUT_5=35
THERMAL_SENS_OUT_6=-50
THERMAL_SENS_INT_1=23
THERMAL_SENS_INT_2=31
PG_5=0
PG_9=0
PG_12=0
FLT_P2=0
FLT_P3=0
HEAT_1_TEMP=26
HEAT_1_DUTY=0
HEAT_1_SP=-20.0
HEAT_2_TEMP=32
HEAT_2_DUTY=0
HEAT_2_SP=-20.0
HEAT_3_TEMP=29
HEAT_3_DUTY=0
HEAT_3_SP=-20.0
HEAT_4_TEMP=35
HEAT_4_DUTY=0
HEAT_4_SP=-20.0
MOTOR_ANGLE=0.004186046511627906
MOTOR_ACCUM=1.0506976744186047
MOTOR_ROT=2

[11:58:39.298 EBOX]
TS=1786204207.533
V_SENSE5=1.2939453125
V_SENSE9=0.0341796875
V_SENSE12=0.1123046875
ADC_V5=4.96490478515625
ADC_V9=9.168701171875
ADC_V12=11.929931640625
ADC_V28=27.39105224609375
THERMAL_SENS_OUT_1=28
THERMAL_SENS_OUT_2=-50
THERMAL_SENS_OUT_3=36
THERMAL_SENS_OUT_4=27
THERMAL_SENS_OUT_5=38
THERMAL_SENS_OUT_6=-50
THERMAL_SENS_INT_1=28
THERMAL_SENS_INT_2=30
PG_5=0
PG_9=0
PG_12=0
FLT_P2=0
FLT_P3=0
HEAT_1_TEMP=28
HEAT_1_DUTY=0
HEAT_1_SP=-20.0
HEAT_2_TEMP=36
HEAT_2_DUTY=0
HEAT_2_SP=-20.0
HEAT_3_TEMP=27
HEAT_3_DUTY=0
HEAT_3_SP=-20.0
HEAT_4_TEMP=38
HEAT_4_DUTY=0
HEAT_4_SP=-20.0
MOTOR_ANGLE=0.004186046511627906
MOTOR_ACCUM=1.0506976744186047
MOTOR_ROT=2
TS=1786204208.038
V_SENSE5=1.181640625
V_SENSE9=0.07568359375
V_SENSE12=0.11474609375
ADC_V5=4.920654296875
ADC_V9=9.01824951171875
ADC_V12=11.7529296875
ADC_V28=27.9840087890625
THERMAL_SENS_OUT_1=25
THERMAL_SENS_OUT_2=-50
THERMAL_SENS_OUT_3=30
THERMAL_SENS_OUT_4=25
THERMAL_SENS_OUT_5=31
THERMAL_SENS_OUT_6=-50
THERMAL_SENS_INT_1=24
THERMAL_SENS_INT_2=26
PG_5=0
PG_9=0
PG_12=0
FLT_P2=0
FLT_P3=0
HEAT_1_TEMP=25
HEAT_1_DUTY=0
HEAT_1_SP=-20.0
HEAT_2_TEMP=30
HEAT_2_DUTY=0
HEAT_2_SP=-20.0
HEAT_3_TEMP=25
HEAT_3_DUTY=0
HEAT_3_SP=-20.0
HEAT_4_TEMP=31
HEAT_4_DUTY=0
HEAT_4_SP=-20.0
MOTOR_ANGLE=0.004186046511627906
MOTOR_ACCUM=1.0506976744186047
MOTOR_ROT=2

[11:58:40.062 EBOX]
TS=1786204208.637
V_SENSE5=1.34521484375
V_SENSE9=0.03173828125
V_SENSE12=0.107421875
ADC_V5=4.920654296875
ADC_V9=8.9385986328125
ADC_V12=11.6290283203125
ADC_V28=27.19635009765625
THERMAL_SENS_OUT_1=27
THERMAL_SENS_OUT_2=-50
THERMAL_SENS_OUT_3=30
THERMAL_SENS_OUT_4=27
THERMAL_SENS_OUT_5=36
THERMAL_SENS_OUT_6=-50
THERMAL_SENS_INT_1=24
THERMAL_SENS_INT_2=25
PG_5=0
PG_9=0
PG_12=0
FLT_P2=0
FLT_P3=0
HEAT_1_TEMP=27
HEAT_1_DUTY=0
HEAT_1_SP=-20.0
HEAT_2_TEMP=30
HEAT_2_DUTY=0
HEAT_2_SP=-20.0
HEAT_3_TEMP=27
HEAT_3_DUTY=0
HEAT_3_SP=-20.0
HEAT_4_TEMP=36
HEAT_4_DUTY=0
HEAT_4_SP=-20.0
MOTOR_ANGLE=0.004186046511627906
MOTOR_ACCUM=1.0506976744186047
MOTOR_ROT=2
TS=1786204209.138
V_SENSE5=1.22802734375
V_SENSE9=0.0390625
V_SENSE12=0.107421875
ADC_V5=4.91180419921875
ADC_V9=9.40765380859375
ADC_V12=11.8414306640625
ADC_V28=26.904296875
THERMAL_SENS_OUT_1=29
THERMAL_SENS_OUT_2=-50
THERMAL_SENS_OUT_3=31
THERMAL_SENS_OUT_4=31
THERMAL_SENS_OUT_5=34
THERMAL_SENS_OUT_6=-50
THERMAL_SENS_INT_1=26
THERMAL_SENS_INT_2=27
PG_5=0
PG_9=0
PG_12=0
FLT_P2=0
FLT_P3=0
HEAT_1_TEMP=29
HEAT_1_DUTY=0
HEAT_1_SP=-20.0
HEAT_2_TEMP=31
HEAT_2_DUTY=0
HEAT_2_SP=-20.0
HEAT_3_TEMP=31
HEAT_3_DUTY=0
HEAT_3_SP=-20.0
HEAT_4_TEMP=34
HEAT_4_DUTY=0
HEAT_4_SP=-20.0
MOTOR_ANGLE=0.004186046511627906
MOTOR_ACCUM=1.0506976744186047
MOTOR_ROT=2
TS=1786204209.639
V_SENSE5=1.43310546875
V_SENSE9=0.0341796875
V_SENSE12=0.11474609375
ADC_V5=4.9737548828125
ADC_V9=9.097900390625
ADC_V12=11.85028076171875
ADC_V28=27.8778076171875
THERMAL_SENS_OUT_1=28
THERMAL_SENS_OUT_2=-50
THERMAL_SENS_OUT_3=35
THERMAL_SENS_OUT_4=27
THERMAL_SENS_OUT_5=36
THERMAL_SENS_OUT_6=-50
THERMAL_SENS_INT_1=24
THERMAL_SENS_INT_2=30
PG_5=0
PG_9=0
PG_12=0
FLT_P2=0
FLT_P3=0
HEAT_1_TEMP=28
HEAT_1_DUTY=0
HEAT_1_SP=-20.0
HEAT_2_TEMP=35
HEAT_2_DUTY=0
HEAT_2_SP=-20.0
HEAT_3_TEMP=27
HEAT_3_DUTY=0
HEAT_3_SP=-20.0
HEAT_4_TEMP=36
HEAT_4_DUTY=0
HEAT_4_SP=-20.0
MOTOR_ANGLE=0.004186046511627906
MOTOR_ACCUM=1.0506976744186047
MOTOR_ROT=2

[11:58:40.385 EBOX]
TS=1786204210.141
V_SENSE5=1.4208984375
V_SENSE9=0.0341796875
V_SENSE12=0.1123046875
ADC_V5=4.9560546875
ADC_V9=8.7261962890625
ADC_V12=11.929931640625
ADC_V28=27.44415283203125
THERMAL_SENS_OUT_1=28
THERMAL_SENS_OUT_2=-50
THERMAL_SENS_OUT_3=35
THERMAL_SENS_OUT_4=26
THERMAL_SENS_OUT_5=36
THERMAL_SENS_OUT_6=-50
THERMAL_SENS_INT_1=27
THERMAL_SENS_INT_2=25
PG_5=0
PG_9=0
PG_12=0
FLT_P2=0
FLT_P3=0
HEAT_1_TEMP=28
HEAT_1_DUTY=0
HEAT_1_SP=-20.0
HEAT_2_TEMP=35
HEAT_2_DUTY=0
HEAT_2_SP=-20.0
HEAT_3_TEMP=26
HEAT_3_DUTY=0
HEAT_3_SP=-20.0
HEAT_4_TEMP=36
HEAT_4_DUTY=0
HEAT_4_SP=-20.0
MOTOR_ANGLE=0.004186046511627906
MOTOR_ACCUM=1.0506976744186047
MOTOR_ROT=2

[11:58:40.709 EBOX]
TS=1786204210.643
V_SENSE5=1.40625
V_SENSE9=0.03173828125
V_SENSE12=0.12451171875
ADC_V5=4.9383544921875
ADC_V9=9.14215087890625
ADC_V12=11.859130859375
ADC_V28=27.7716064453125
THERMAL_SENS_OUT_1=28
THERMAL_SENS_OUT_2=-50
THERMAL_SENS_OUT_3=32
THERMAL_SENS_OUT_4=30
THERMAL_SENS_OUT_5=34
THERMAL_SENS_OUT_6=-50
THERMAL_SENS_INT_1=24
THERMAL_SENS_INT_2=30
PG_5=0
PG_9=0
PG_12=0
FLT_P2=0
FLT_P3=0
HEAT_1_TEMP=28
HEAT_1_DUTY=0
HEAT_1_SP=-20.0
HEAT_2_TEMP=32
HEAT_2_DUTY=0
HEAT_2_SP=-20.0
HEAT_3_TEMP=30
HEAT_3_DUTY=0
HEAT_3_SP=-20.0
HEAT_4_TEMP=34
HEAT_4_DUTY=0
HEAT_4_SP=-20.0
MOTOR_ANGLE=0.004186046511627906
MOTOR_ACCUM=1.0506976744186047
MOTOR_ROT=2

[11:58:40.932 EBOX]
TS=1786204211.144
V_SENSE5=1.20361328125
V_SENSE9=0.03173828125
V_SENSE12=0.107421875
ADC_V5=4.94720458984375
ADC_V9=8.9385986328125
ADC_V12=11.70867919921875
ADC_V28=27.506103515625
THERMAL_SENS_OUT_1=31
THERMAL_SENS_OUT_2=-50
THERMAL_SENS_OUT_3=30
THERMAL_SENS_OUT_4=27
THERMAL_SENS_OUT_5=35
THERMAL_SENS_OUT_6=-50
THERMAL_SENS_INT_1=27
THERMAL_SENS_INT_2=25
PG_5=0
PG_9=0
PG_12=0
FLT_P2=0
FLT_P3=0
HEAT_1_TEMP=31
HEAT_1_DUTY=0
HEAT_1_SP=-20.0
HEAT_2_TEMP=30
HEAT_2_DUTY=0
HEAT_2_SP=-20.0
HEAT_3_TEMP=27
HEAT_3_DUTY=0
HEAT_3_SP=-20.0
HEAT_4_TEMP=35
HEAT_4_DUTY=0
HEAT_4_SP=-20.0
MOTOR_ANGLE=0.004186046511627906
MOTOR_ACCUM=1.0506976744186047
MOTOR_ROT=2

[11:58:41.658 EBOX]
TS=1786204211.644
V_SENSE5=1.34521484375
V_SENSE9=0.0390625
V_SENSE12=0.1416015625
ADC_V5=4.849853515625
ADC_V9=9.53155517578125
ADC_V12=11.6998291015625
ADC_V28=27.90435791015625
THERMAL_SENS_OUT_1=29
THERMAL_SENS_OUT_2=-50
THERMAL_SENS_OUT_3=30
THERMAL_SENS_OUT_4=27
THERMAL_SENS_OUT_5=36
THERMAL_SENS_OUT_6=-50
THERMAL_SENS_INT_1=29
THERMAL_SENS_INT_2=26
PG_5=0
PG_9=0
PG_12=0
FLT_P2=0
FLT_P3=0
HEAT_1_TEMP=29
HEAT_1_DUTY=0
HEAT_1_SP=-20.0
HEAT_2_TEMP=30
HEAT_2_DUTY=0
HEAT_2_SP=-20.0
HEAT_3_TEMP=27
HEAT_3_DUTY=0
HEAT_3_SP=-20.0
HEAT_4_TEMP=36
HEAT_4_DUTY=0
HEAT_4_SP=-20.0
MOTOR_ANGLE=0.004186046511627906
MOTOR_ACCUM=1.0506976744186047
MOTOR_ROT=2

[11:58:42.243 EBOX]
TS=1786204212.146
V_SENSE5=1.21337890625
V_SENSE9=0.0390625
V_SENSE12=0.1171875
ADC_V5=5.0091552734375
ADC_V9=9.1510009765625
ADC_V12=11.85028076171875
ADC_V28=27.10784912109375
THERMAL_SENS_OUT_1=27
THERMAL_SENS_OUT_2=-50
THERMAL_SENS_OUT_3=31
THERMAL_SENS_OUT_4=31
THERMAL_SENS_OUT_5=33
THERMAL_SENS_OUT_6=-50
THERMAL_SENS_INT_1=28
THERMAL_SENS_INT_2=26
PG_5=0
PG_9=0
PG_12=0
FLT_P2=0
FLT_P3=0
HEAT_1_TEMP=27
HEAT_1_DUTY=0
HEAT_1_SP=-20.0
HEAT_2_TEMP=31
HEAT_2_DUTY=0
HEAT_2_SP=-20.0
HEAT_3_TEMP=31
HEAT_3_DUTY=0
HEAT_3_SP=-20.0
HEAT_4_TEMP=33
HEAT_4_DUTY=0
HEAT_4_SP=-20.0
MOTOR_ANGLE=0.004186046511627906
MOTOR_ACCUM=1.0506976744186047
MOTOR_ROT=2

[11:58:43.272 EBOX]
TS=1786204212.655
V_SENSE5=1.34033203125
V_SENSE9=0.04150390625
V_SENSE12=0.11474609375
ADC_V5=4.9737548828125
ADC_V9=9.2218017578125
ADC_V12=11.70867919921875
ADC_V28=27.74505615234375
THERMAL_SENS_OUT_1=29
THERMAL_SENS_OUT_2=-50
THERMAL_SENS_OUT_3=36
THERMAL_SENS_OUT_4=29
THERMAL_SENS_OUT_5=31
THERMAL_SENS_OUT_6=-50
THERMAL_SENS_INT_1=22
THERMAL_SENS_INT_2=29
PG_5=0
PG_9=0
PG_12=0
FLT_P2=0
FLT_P3=0
HEAT_1_TEMP=29
HEAT_1_DUTY=0
HEAT_1_SP=-20.0
HEAT_2_TEMP=36
HEAT_2_DUTY=0
HEAT_2_SP=-20.0
HEAT_3_TEMP=29
HEAT_3_DUTY=0
HEAT_3_SP=-20.0
HEAT_4_TEMP=31
HEAT_4_DUTY=0
HEAT_4_SP=-20.0
MOTOR_ANGLE=0.004186046511627906
MOTOR_ACCUM=1.0506976744186047
MOTOR_ROT=2

[11:58:43.715 EBOX]
TS=1786204213.150
V_SENSE5=1.25
V_SENSE9=0.0390625
V_SENSE12=0.107421875
ADC_V5=4.9737548828125
ADC_V9=9.10675048828125
ADC_V12=11.7529296875
ADC_V28=27.435302734375
THERMAL_SENS_OUT_1=27
THERMAL_SENS_OUT_2=-50
THERMAL_SENS_OUT_3=31
THERMAL_SENS_OUT_4=30
THERMAL_SENS_OUT_5=33
THERMAL_SENS_OUT_6=-50
THERMAL_SENS_INT_1=23
THERMAL_SENS_INT_2=27
PG_5=0
PG_9=0
PG_12=0
FLT_P2=0
FLT_P3=0
HEAT_1_TEMP=27
HEAT_1_DUTY=0
HEAT_1_SP=-20.0
HEAT_2_TEMP=31
HEAT_2_DUTY=0
HEAT_2_SP=-20.0
HEAT_3_TEMP=30
HEAT_3_DUTY=0
HEAT_3_SP=-20.0
HEAT_4_TEMP=33
HEAT_4_DUTY=0
HEAT_4_SP=-20.0
MOTOR_ANGLE=0.004186046511627906
MOTOR_ACCUM=1.0506976744186047
MOTOR_ROT=2
TS=1786204213.652
V_SENSE5=1.30615234375
V_SENSE9=0.04638671875
V_SENSE12=0.11962890625
ADC_V5=4.89410400390625
ADC_V9=9.0447998046875
ADC_V12=11.70867919921875
ADC_V28=27.09014892578125
THERMAL_SENS_OUT_1=28
THERMAL_SENS_OUT_2=-50
THERMAL_SENS_OUT_3=33
THERMAL_SENS_OUT_4=30
THERMAL_SENS_OUT_5=32
THERMAL_SENS_OUT_6=-50
THERMAL_SENS_INT_1=27
THERMAL_SENS_INT_2=31
PG_5=0
PG_9=0
PG_12=0
FLT_P2=0
FLT_P3=0
HEAT_1_TEMP=28
HEAT_1_DUTY=0
HEAT_1_SP=-20.0
HEAT_2_TEMP=33
HEAT_2_DUTY=0
HEAT_2_SP=-20.0
HEAT_3_TEMP=30
HEAT_3_DUTY=0
HEAT_3_SP=-20.0
HEAT_4_TEMP=32
HEAT_4_DUTY=0
HEAT_4_SP=-20.0
MOTOR_ANGLE=0.004186046511627906
MOTOR_ACCUM=1.0506976744186047
MOTOR_ROT=2

[11:58:44.644 EBOX]
TS=1786204214.152
V_SENSE5=1.2158203125
V_SENSE9=0.0390625
V_SENSE12=0.1123046875
ADC_V5=4.9029541015625
ADC_V9=9.54925537109375
ADC_V12=11.859130859375
ADC_V28=27.05474853515625
THERMAL_SENS_OUT_1=27
THERMAL_SENS_OUT_2=-50
THERMAL_SENS_OUT_3=32
THERMAL_SENS_OUT_4=29
THERMAL_SENS_OUT_5=34
THERMAL_SENS_OUT_6=-50
THERMAL_SENS_INT_1=26
THERMAL_SENS_INT_2=25
PG_5=0
PG_9=0
PG_12=0
FLT_P2=0
FLT_P3=0
HEAT_1_TEMP=27
HEAT_1_DUTY=0
HEAT_1_SP=-20.0
HEAT_2_TEMP=32
HEAT_2_DUTY=0
HEAT_2_SP=-20.0
HEAT_3_TEMP=29
HEAT_3_DUTY=0
HEAT_3_SP=-20.0
HEAT_4_TEMP=34
HEAT_4_DUTY=0
HEAT_4_SP=-20.0
MOTOR_ANGLE=0.004186046511627906
MOTOR_ACCUM=1.0506976744186047
MOTOR_ROT=2

[11:58:46.338 EBOX]
TS=1786204214.654
V_SENSE5=1.240234375
V_SENSE9=0.0341796875
V_SENSE12=0.10986328125
ADC_V5=5.01800537109375
ADC_V9=9.10675048828125
ADC_V12=11.97418212890625
ADC_V28=27.6300048828125
THERMAL_SENS_OUT_1=32
THERMAL_SENS_OUT_2=-50
THERMAL_SENS_OUT_3=34
THERMAL_SENS_OUT_4=25
THERMAL_SENS_OUT_5=35
THERMAL_SENS_OUT_6=-50
THERMAL_SENS_INT_1=27
THERMAL_SENS_INT_2=25
PG_5=0
PG_9=0
PG_12=0
FLT_P2=0
FLT_P3=0
HEAT_1_TEMP=32
HEAT_1_DUTY=0
HEAT_1_SP=-20.0
HEAT_2_TEMP=34
HEAT_2_DUTY=0
HEAT_2_SP=-20.0
HEAT_3_TEMP=25
HEAT_3_DUTY=0
HEAT_3_SP=-20.0
HEAT_4_TEMP=35
HEAT_4_DUTY=0
HEAT_4_SP=-20.0
MOTOR_ANGLE=0.004186046511627906
MOTOR_ACCUM=1.0506976744186047
MOTOR_ROT=2
TS=1786204215.157
V_SENSE5=1.28173828125
V_SENSE9=0.05615234375
V_SENSE12=0.1123046875
ADC_V5=4.849853515625
ADC_V9=9.0093994140625
ADC_V12=11.5936279296875
ADC_V28=27.860107421875
THERMAL_SENS_OUT_1=26
THERMAL_SENS_OUT_2=-50
THERMAL_SENS_OUT_3=33
THERMAL_SENS_OUT_4=26
THERMAL_SENS_OUT_5=36
THERMAL_SENS_OUT_6=-50
THERMAL_SENS_INT_1=26
THERMAL_SENS_INT_2=25
PG_5=0
PG_9=0
PG_12=0
FLT_P2=0
FLT_P3=0
HEAT_1_TEMP=26
HEAT_1_DUTY=0
HEAT_1_SP=-20.0
HEAT_2_TEMP=33
HEAT_2_DUTY=0
HEAT_2_SP=-20.0
HEAT_3_TEMP=26
HEAT_3_DUTY=0
HEAT_3_SP=-20.0
HEAT_4_TEMP=36
HEAT_4_DUTY=0
HEAT_4_SP=-20.0
MOTOR_ANGLE=0.004186046511627906
MOTOR_ACCUM=1.0506976744186047
MOTOR_ROT=2
TS=1786204215.658
V_SENSE5=1.43798828125
V_SENSE9=0.0341796875
V_SENSE12=0.1171875
ADC_V5=4.85870361328125
ADC_V9=9.3280029296875
ADC_V12=11.5582275390625
ADC_V28=27.75390625
THERMAL_SENS_OUT_1=29
THERMAL_SENS_OUT_2=-50
THERMAL_SENS_OUT_3=30
THERMAL_SENS_OUT_4=26
THERMAL_SENS_OUT_5=32
THERMAL_SENS_OUT_6=-50
THERMAL_SENS_INT_1=28
THERMAL_SENS_INT_2=26
PG_5=0
PG_9=0
PG_12=0
FLT_P2=0
FLT_P3=0
HEAT_1_TEMP=29
HEAT_1_DUTY=0
HEAT_1_SP=-20.0
HEAT_2_TEMP=30
HEAT_2_DUTY=0
HEAT_2_SP=-20.0
HEAT_3_TEMP=26
HEAT_3_DUTY=0
HEAT_3_SP=-20.0
HEAT_4_TEMP=32
HEAT_4_DUTY=0
HEAT_4_SP=-20.0
MOTOR_ANGLE=0.004186046511627906
MOTOR_ACCUM=1.0506976744186047
MOTOR_ROT=2
TS=1786204216.158
V_SENSE5=1.23291015625
V_SENSE9=0.03662109375
V_SENSE12=0.1220703125
ADC_V5=4.98260498046875
ADC_V9=8.885498046875

[11:58:46.571 EBOX]
ADC_V12=11.7352294921875
ADC_V28=27.44415283203125
THERMAL_SENS_OUT_1=26
THERMAL_SENS_OUT_2=-50
THERMAL_SENS_OUT_3=35
THERMAL_SENS_OUT_4=28
THERMAL_SENS_OUT_5=37
THERMAL_SENS_OUT_6=-50
THERMAL_SENS_INT_1=29
THERMAL_SENS_INT_2=28
PG_5=0
PG_9=0
PG_12=0
FLT_P2=0
FLT_P3=0
HEAT_1_TEMP=26
HEAT_1_DUTY=0
HEAT_1_SP=-20.0
HEAT_2_TEMP=35
HEAT_2_DUTY=0
HEAT_2_SP=-20.0
HEAT_3_TEMP=28
HEAT_3_DUTY=0
HEAT_3_SP=-20.0
HEAT_4_TEMP=37
HEAT_4_DUTY=0
HEAT_4_SP=-20.0
MOTOR_ANGLE=0.004186046511627906
MOTOR_ACCUM=1.0506976744186047
MOTOR_ROT=2
TS=1786204216.660
V_SENSE5=1.220703125
V_SENSE9=0.0390625
V_SENSE12=0.107421875
ADC_V5=4.991455078125
ADC_V9=9.4696044921875
ADC_V12=11.611328125
ADC_V28=26.9927978515625
THERMAL_SENS_OUT_1=27
THERMAL_SENS_OUT_2=-50
THERMAL_SENS_OUT_3=32
THERMAL_SENS_OUT_4=26
THERMAL_SENS_OUT_5=38
THERMAL_SENS_OUT_6=-50
THERMAL_SENS_INT_1=25
THERMAL_SENS_INT_2=28
PG_5=0
PG_9=0
PG_12=0
FLT_P2=0
FLT_P3=0
HEAT_1_TEMP=27
HEAT_1_DUTY=0
HEAT_1_SP=-20.0
HEAT_2_TEMP=32
HEAT_2_DUTY=0
HEAT_2_SP=-20.0
HEAT_3_TEMP=26
HEAT_3_DUTY=0
HEAT_3_SP=-20.0
HEAT_4_TEMP=38
HEAT_4_DUTY=0
HEAT_4_SP=-20.0
MOTOR_ANGLE=0.004186046511627906
MOTOR_ACCUM=1.0506976744186047
MOTOR_ROT=2

[11:58:46.794 EBOX]
TS=1786204217.166
V_SENSE5=1.16455078125
V_SENSE9=0.0390625
V_SENSE12=0.13427734375
ADC_V5=4.9737548828125
ADC_V9=9.24835205078125
ADC_V12=11.58477783203125
ADC_V28=27.3114013671875
THERMAL_SENS_OUT_1=29
THERMAL_SENS_OUT_2=-50
THERMAL_SENS_OUT_3=34
THERMAL_SENS_OUT_4=29
THERMAL_SENS_OUT_5=36
THERMAL_SENS_OUT_6=-50
THERMAL_SENS_INT_1=24
THERMAL_SENS_INT_2=29
PG_5=0
PG_9=0
PG_12=0
FLT_P2=0
FLT_P3=0
HEAT_1_TEMP=29
HEAT_1_DUTY=0
HEAT_1_SP=-20.0
HEAT_2_TEMP=34
HEAT_2_DUTY=0
HEAT_2_SP=-20.0
HEAT_3_TEMP=29
HEAT_3_DUTY=0
HEAT_3_SP=-20.0
HEAT_4_TEMP=36
HEAT_4_DUTY=0
HEAT_4_SP=-20.0
MOTOR_ANGLE=0.004186046511627906
MOTOR_ACCUM=1.0506976744186047
MOTOR_ROT=2

[11:58:47.319 EBOX]
TS=1786204217.670
V_SENSE5=1.20361328125
V_SENSE9=0.06591796875
V_SENSE12=0.1318359375
ADC_V5=4.9383544921875
ADC_V9=8.814697265625
ADC_V12=11.83258056640625
ADC_V28=26.89544677734375
THERMAL_SENS_OUT_1=28
THERMAL_SENS_OUT_2=-50
THERMAL_SENS_OUT_3=32
THERMAL_SENS_OUT_4=32
THERMAL_SENS_OUT_5=35
THERMAL_SENS_OUT_6=-50
THERMAL_SENS_INT_1=29
THERMAL_SENS_INT_2=27
PG_5=0
PG_9=0
PG_12=0
FLT_P2=0
FLT_P3=0
HEAT_1_TEMP=28
HEAT_1_DUTY=0
HEAT_1_SP=-20.0
HEAT_2_TEMP=32
HEAT_2_DUTY=0
HEAT_2_SP=-20.0
HEAT_3_TEMP=32
HEAT_3_DUTY=0
HEAT_3_SP=-20.0
HEAT_4_TEMP=35
HEAT_4_DUTY=0
HEAT_4_SP=-20.0
MOTOR_ANGLE=0.004186046511627906
MOTOR_ACCUM=1.0506976744186047
MOTOR_ROT=2

[11:58:47.742 EBOX]
TS=1786204218.165
V_SENSE5=1.38671875
V_SENSE9=0.0341796875
V_SENSE12=0.1220703125
ADC_V5=5.0091552734375
ADC_V9=9.345703125
ADC_V12=11.74407958984375
ADC_V28=27.647705078125
THERMAL_SENS_OUT_1=30
THERMAL_SENS_OUT_2=-50
THERMAL_SENS_OUT_3=32
THERMAL_SENS_OUT_4=27
THERMAL_SENS_OUT_5=36
THERMAL_SENS_OUT_6=-50
THERMAL_SENS_INT_1=28
THERMAL_SENS_INT_2=30
PG_5=0
PG_9=0
PG_12=0
FLT_P2=0
FLT_P3=0
HEAT_1_TEMP=30
HEAT_1_DUTY=0
HEAT_1_SP=-20.0
HEAT_2_TEMP=32
HEAT_2_DUTY=0
HEAT_2_SP=-20.0
HEAT_3_TEMP=27
HEAT_3_DUTY=0
HEAT_3_SP=-20.0
HEAT_4_TEMP=36
HEAT_4_DUTY=0
HEAT_4_SP=-20.0
MOTOR_ANGLE=0.004186046511627906
MOTOR_ACCUM=1.0506976744186047
MOTOR_ROT=2

[11:58:49.189 EBOX]
TS=1786204218.666
V_SENSE5=1.32568359375
V_SENSE9=0.0341796875
V_SENSE12=0.1025390625
ADC_V5=4.920654296875
ADC_V9=9.1156005859375
ADC_V12=11.8768310546875
ADC_V28=27.90435791015625
THERMAL_SENS_OUT_1=28
THERMAL_SENS_OUT_2=-50
THERMAL_SENS_OUT_3=36
THERMAL_SENS_OUT_4=25
THERMAL_SENS_OUT_5=33
THERMAL_SENS_OUT_6=-50
THERMAL_SENS_INT_1=30
THERMAL_SENS_INT_2=25
PG_5=0
PG_9=0
PG_12=0
FLT_P2=0
FLT_P3=0
HEAT_1_TEMP=28
HEAT_1_DUTY=0
HEAT_1_SP=-20.0
HEAT_2_TEMP=36
HEAT_2_DUTY=0
HEAT_2_SP=-20.0
HEAT_3_TEMP=25
HEAT_3_DUTY=0
HEAT_3_SP=-20.0
HEAT_4_TEMP=33
HEAT_4_DUTY=0
HEAT_4_SP=-20.0
MOTOR_ANGLE=0.004186046511627906
MOTOR_ACCUM=1.0506976744186047
MOTOR_ROT=2
TS=1786204219.167
V_SENSE5=1.2451171875
V_SENSE9=0.0390625
V_SENSE12=0.107421875
ADC_V5=4.8675537109375
ADC_V9=9.5758056640625
ADC_V12=11.611328125
ADC_V28=27.74505615234375
THERMAL_SENS_OUT_1=32
THERMAL_SENS_OUT_2=-50
THERMAL_SENS_OUT_3=35
THERMAL_SENS_OUT_4=27
THERMAL_SENS_OUT_5=36
THERMAL_SENS_OUT_6=-50
THERMAL_SENS_INT_1=28
THERMAL_SENS_INT_2=26
PG_5=0
PG_9=0
PG_12=0
FLT_P2=0
FLT_P3=0
HEAT_1_TEMP=32
HEAT_1_DUTY=0
HEAT_1_SP=-20.0
HEAT_2_TEMP=35
HEAT_2_DUTY=0
HEAT_2_SP=-20.0
HEAT_3_TEMP=27
HEAT_3_DUTY=0
HEAT_3_SP=-20.0
HEAT_4_TEMP=36
HEAT_4_DUTY=0
HEAT_4_SP=-20.0
MOTOR_ANGLE=0.004186046511627906
MOTOR_ACCUM=1.0506976744186047
MOTOR_ROT=2

[11:58:49.310 EBOX]
TS=1786204219.670
V_SENSE5=1.25732421875
V_SENSE9=0.0341796875
V_SENSE12=0.1171875
ADC_V5=4.849853515625
ADC_V9=9.31915283203125
ADC_V12=11.5582275390625
ADC_V28=27.789306640625
THERMAL_SENS_OUT_1=31
THERMAL_SENS_OUT_2=-50
THERMAL_SENS_OUT_3=36
THERMAL_SENS_OUT_4=27
THERMAL_SENS_OUT_5=35
THERMAL_SENS_OUT_6=-50
THERMAL_SENS_INT_1=29
THERMAL_SENS_INT_2=27
PG_5=0
PG_9=0
PG_12=0
FLT_P2=0
FLT_P3=0
HEAT_1_TEMP=31
HEAT_1_DUTY=0
HEAT_1_SP=-20.0
HEAT_2_TEMP=36
HEAT_2_DUTY=0
HEAT_2_SP=-20.0
HEAT_3_TEMP=27
HEAT_3_DUTY=0
HEAT_3_SP=-20.0
HEAT_4_TEMP=35
HEAT_4_DUTY=0
HEAT_4_SP=-20.0
MOTOR_ANGLE=0.004186046511627906
MOTOR_ACCUM=1.0506976744186047
MOTOR_ROT=2

[11:58:49.735 EBOX]
TS=1786204220.170
V_SENSE5=1.30615234375
V_SENSE9=0.03173828125
V_SENSE12=0.11474609375
ADC_V5=4.9737548828125
ADC_V9=8.779296875
ADC_V12=11.7529296875
ADC_V28=27.152099609375
THERMAL_SENS_OUT_1=27
THERMAL_SENS_OUT_2=-50
THERMAL_SENS_OUT_3=34
THERMAL_SENS_OUT_4=25
THERMAL_SENS_OUT_5=35
THERMAL_SENS_OUT_6=-50
THERMAL_SENS_INT_1=27
THERMAL_SENS_INT_2=27
PG_5=0
PG_9=0
PG_12=0
FLT_P2=0
FLT_P3=0
HEAT_1_TEMP=27
HEAT_1_DUTY=0
HEAT_1_SP=-20.0
HEAT_2_TEMP=34
HEAT_2_DUTY=0
HEAT_2_SP=-20.0
HEAT_3_TEMP=25
HEAT_3_DUTY=0
HEAT_3_SP=-20.0
HEAT_4_TEMP=35
HEAT_4_DUTY=0
HEAT_4_SP=-20.0
MOTOR_ANGLE=0.004186046511627906
MOTOR_ACCUM=1.0506976744186047
MOTOR_ROT=2

[11:58:50.261 EBOX]
TS=1786204220.672
V_SENSE5=1.20361328125
V_SENSE9=0.06591796875
V_SENSE12=0.10986328125
ADC_V5=4.849853515625
ADC_V9=9.2572021484375
ADC_V12=11.6290283203125
ADC_V28=27.4530029296875
THERMAL_SENS_OUT_1=32
THERMAL_SENS_OUT_2=-50
THERMAL_SENS_OUT_3=30
THERMAL_SENS_OUT_4=27
THERMAL_SENS_OUT_5=33
THERMAL_SENS_OUT_6=-50
THERMAL_SENS_INT_1=26
THERMAL_SENS_INT_2=27
PG_5=0
PG_9=0
PG_12=0
FLT_P2=0
FLT_P3=0
HEAT_1_TEMP=32
HEAT_1_DUTY=0
HEAT_1_SP=-20.0
HEAT_2_TEMP=30
HEAT_2_DUTY=0
HEAT_2_SP=-20.0
HEAT_3_TEMP=27
HEAT_3_DUTY=0
HEAT_3_SP=-20.0
HEAT_4_TEMP=33
HEAT_4_DUTY=0
HEAT_4_SP=-20.0
MOTOR_ANGLE=0.004186046511627906
MOTOR_ACCUM=1.0506976744186047
MOTOR_ROT=2

[11:58:50.783 EBOX]
TS=1786204221.173
V_SENSE5=1.376953125
V_SENSE9=0.0390625
V_SENSE12=0.10986328125
ADC_V5=5.00030517578125
ADC_V9=9.1156005859375
ADC_V12=11.79718017578125
ADC_V28=27.860107421875
THERMAL_SENS_OUT_1=32
THERMAL_SENS_OUT_2=-50
THERMAL_SENS_OUT_3=36
THERMAL_SENS_OUT_4=27
THERMAL_SENS_OUT_5=38
THERMAL_SENS_OUT_6=-50
THERMAL_SENS_INT_1=29
THERMAL_SENS_INT_2=27
PG_5=0
PG_9=0
PG_12=0
FLT_P2=0
FLT_P3=0
HEAT_1_TEMP=32
HEAT_1_DUTY=0
HEAT_1_SP=-20.0
HEAT_2_TEMP=36
HEAT_2_DUTY=0
HEAT_2_SP=-20.0
HEAT_3_TEMP=27
HEAT_3_DUTY=0
HEAT_3_SP=-20.0
HEAT_4_TEMP=38
HEAT_4_DUTY=0
HEAT_4_SP=-20.0
MOTOR_ANGLE=0.004186046511627906
MOTOR_ACCUM=1.0506976744186047
MOTOR_ROT=2

[11:58:51.410 EBOX]
TS=1786204221.674
V_SENSE5=1.220703125
V_SENSE9=0.0341796875
V_SENSE12=0.126953125
ADC_V5=4.9029541015625
ADC_V9=8.8323974609375
ADC_V12=11.929931640625
ADC_V28=27.4884033203125
THERMAL_SENS_OUT_1=27
THERMAL_SENS_OUT_2=-50
THERMAL_SENS_OUT_3=35
THERMAL_SENS_OUT_4=27
THERMAL_SENS_OUT_5=38
THERMAL_SENS_OUT_6=-50
THERMAL_SENS_INT_1=24
THERMAL_SENS_INT_2=27
PG_5=0
PG_9=0
PG_12=0
FLT_P2=0
FLT_P3=0
HEAT_1_TEMP=27
HEAT_1_DUTY=0
HEAT_1_SP=-20.0
HEAT_2_TEMP=35
HEAT_2_DUTY=0
HEAT_2_SP=-20.0
HEAT_3_TEMP=27
HEAT_3_DUTY=0
HEAT_3_SP=-20.0
HEAT_4_TEMP=38
HEAT_4_DUTY=0
HEAT_4_SP=-20.0
MOTOR_ANGLE=0.004186046511627906
MOTOR_ACCUM=1.0506976744186047
MOTOR_ROT=2

[11:58:51.848 EBOX]
TS=1786204222.177
V_SENSE5=1.31103515625
V_SENSE9=0.03173828125
V_SENSE12=0.11474609375
ADC_V5=4.82330322265625
ADC_V9=9.097900390625
ADC_V12=11.86798095703125
ADC_V28=27.435302734375
THERMAL_SENS_OUT_1=30
THERMAL_SENS_OUT_2=-50
THERMAL_SENS_OUT_3=33
THERMAL_SENS_OUT_4=29
THERMAL_SENS_OUT_5=36
THERMAL_SENS_OUT_6=-50
THERMAL_SENS_INT_1=25
THERMAL_SENS_INT_2=29
PG_5=0
PG_9=0
PG_12=0
FLT_P2=0
FLT_P3=0
HEAT_1_TEMP=30
HEAT_1_DUTY=0
HEAT_1_SP=-20.0
HEAT_2_TEMP=33
HEAT_2_DUTY=0
HEAT_2_SP=-20.0
HEAT_3_TEMP=29
HEAT_3_DUTY=0
HEAT_3_SP=-20.0
HEAT_4_TEMP=36
HEAT_4_DUTY=0
HEAT_4_SP=-20.0
MOTOR_ANGLE=0.004186046511627906
MOTOR_ACCUM=1.0506976744186047
MOTOR_ROT=2

[11:58:53.903 EBOX]
TS=1786204222.677
V_SENSE5=1.21337890625
V_SENSE9=0.03173828125
V_SENSE12=0.1220703125
ADC_V5=5.08880615234375
ADC_V9=9.05364990234375
ADC_V12=11.51397705078125
ADC_V28=27.5592041015625
THERMAL_SENS_OUT_1=27
THERMAL_SENS_OUT_2=-50
THERMAL_SENS_OUT_3=35
THERMAL_SENS_OUT_4=27
THERMAL_SENS_OUT_5=34
THERMAL_SENS_OUT_6=-50
THERMAL_SENS_INT_1=27
THERMAL_SENS_INT_2=27
PG_5=0
PG_9=0
PG_12=0
FLT_P2=0
FLT_P3=0
HEAT_1_TEMP=27
HEAT_1_DUTY=0
HEAT_1_SP=-20.0
HEAT_2_TEMP=35
HEAT_2_DUTY=0
HEAT_2_SP=-20.0
HEAT_3_TEMP=27
HEAT_3_DUTY=0
HEAT_3_SP=-20.0
HEAT_4_TEMP=34
HEAT_4_DUTY=0
HEAT_4_SP=-20.0
MOTOR_ANGLE=0.004186046511627906
MOTOR_ACCUM=1.0506976744186047
MOTOR_ROT=2
TS=1786204223.179
V_SENSE5=1.3134765625
V_SENSE9=0.0341796875
V_SENSE12=0.107421875
ADC_V5=4.82330322265625
ADC_V9=9.41650390625
ADC_V12=11.7529296875
ADC_V28=27.12554931640625
THERMAL_SENS_OUT_1=26
THERMAL_SENS_OUT_2=-50
THERMAL_SENS_OUT_3=33
THERMAL_SENS_OUT_4=26
THERMAL_SENS_OUT_5=33
THERMAL_SENS_OUT_6=-50
THERMAL_SENS_INT_1=25
THERMAL_SENS_INT_2=31
PG_5=0
PG_9=0
PG_12=0
FLT_P2=0
FLT_P3=0
HEAT_1_TEMP=26
HEAT_1_DUTY=0
HEAT_1_SP=-20.0
HEAT_2_TEMP=33
HEAT_2_DUTY=0
HEAT_2_SP=-20.0
HEAT_3_TEMP=26
HEAT_3_DUTY=0
HEAT_3_SP=-20.0
HEAT_4_TEMP=33
HEAT_4_DUTY=0
HEAT_4_SP=-20.0
MOTOR_ANGLE=0.004186046511627906
MOTOR_ACCUM=1.0506976744186047
MOTOR_ROT=2

[11:58:54.785 EBOX]
TS=1786204223.680
V_SENSE5=1.23046875
V_SENSE9=0.05615234375
V_SENSE12=0.1171875
ADC_V5=4.849853515625
ADC_V9=9.0625
ADC_V12=11.99188232421875
ADC_V28=27.79815673828125
THERMAL_SENS_OUT_1=32
THERMAL_SENS_OUT_2=-50
THERMAL_SENS_OUT_3=34
THERMAL_SENS_OUT_4=30
THERMAL_SENS_OUT_5=37
THERMAL_SENS_OUT_6=-50
THERMAL_SENS_INT_1=29
THERMAL_SENS_INT_2=27
PG_5=0
PG_9=0
PG_12=0
FLT_P2=0
FLT_P3=0
HEAT_1_TEMP=32
HEAT_1_DUTY=0
HEAT_1_SP=-20.0
HEAT_2_TEMP=34
HEAT_2_DUTY=0
HEAT_2_SP=-20.0
HEAT_3_TEMP=30
HEAT_3_DUTY=0
HEAT_3_SP=-20.0
HEAT_4_TEMP=37
HEAT_4_DUTY=0
HEAT_4_SP=-20.0
MOTOR_ANGLE=0.004186046511627906
MOTOR_ACCUM=1.0506976744186047
MOTOR_ROT=2
TS=1786204224.187
V_SENSE5=1.32080078125
V_SENSE9=0.03662109375
V_SENSE12=0.11474609375
ADC_V5=4.98260498046875
ADC_V9=8.80584716796875
ADC_V12=11.70867919921875
ADC_V28=27.7008056640625
THERMAL_SENS_OUT_1=26
THERMAL_SENS_OUT_2=-50
THERMAL_SENS_OUT_3=32
THERMAL_SENS_OUT_4=25
THERMAL_SENS_OUT_5=37
THERMAL_SENS_OUT_6=-50
THERMAL_SENS_INT_1=27
THERMAL_SENS_INT_2=29
PG_5=0
PG_9=0
PG_12=0
FLT_P2=0
FLT_P3=0
HEAT_1_TEMP=26
HEAT_1_DUTY=0
HEAT_1_SP=-20.0
HEAT_2_TEMP=32
HEAT_2_DUTY=0
HEAT_2_SP=-20.0
HEAT_3_TEMP=25
HEAT_3_DUTY=0
HEAT_3_SP=-20.0
HEAT_4_TEMP=37
HEAT_4_DUTY=0
HEAT_4_SP=-20.0
MOTOR_ANGLE=0.004186046511627906
MOTOR_ACCUM=1.0506976744186047
MOTOR_ROT=2
TS=1786204224.683
V_SENSE5=1.22314453125
V_SENSE9=0.03662109375
V_SENSE12=0.10009765625
ADC_V5=5.00030517578125
ADC_V9=9.27490234375
ADC_V12=11.86798095703125
ADC_V28=27.14324951171875
THERMAL_SENS_OUT_1=26
THERMAL_SENS_OUT_2=-50
THERMAL_SENS_OUT_3=30
THERMAL_SENS_OUT_4=29
THERMAL_SENS_OUT_5=33
THERMAL_SENS_OUT_6=-50
THERMAL_SENS_INT_1=24
THERMAL_SENS_INT_2=30
PG_5=0
PG_9=0
PG_12=0
FLT_P2=0
FLT_P3=0
HEAT_1_TEMP=26
HEAT_1_DUTY=0
HEAT_1_SP=-20.0
HEAT_2_TEMP=30
HEAT_2_DUTY=0
HEAT_2_SP=-20.0
HEAT_3_TEMP=29
HEAT_3_DUTY=0
HEAT_3_SP=-20.0
HEAT_4_TEMP=33
HEAT_4_DUTY=0
HEAT_4_SP=-20.0
MOTOR_ANGLE=0.004186046511627906
MOTOR_ACCUM=1.0506976744186047
MOTOR_ROT=2

[11:58:54.909 EBOX]
TS=1786204225.185
V_SENSE5=1.4453125
V_SENSE9=0.0341796875
V_SENSE12=0.1171875
ADC_V5=4.91180419921875
ADC_V9=9.15985107421875
ADC_V12=11.72637939453125
ADC_V28=27.42645263671875
THERMAL_SENS_OUT_1=26
THERMAL_SENS_OUT_2=-50
THERMAL_SENS_OUT_3=35
THERMAL_SENS_OUT_4=26
THERMAL_SENS_OUT_5=36
THERMAL_SENS_OUT_6=-50
THERMAL_SENS_INT_1=26
THERMAL_SENS_INT_2=29
PG_5=0
PG_9=0
PG_12=0
FLT_P2=0
FLT_P3=0
HEAT_1_TEMP=26
HEAT_1_DUTY=0
HEAT_1_SP=-20.0
HEAT_2_TEMP=35
HEAT_2_DUTY=0
HEAT_2_SP=-20.0
HEAT_3_TEMP=26
HEAT_3_DUTY=0
HEAT_3_SP=-20.0
HEAT_4_TEMP=36
HEAT_4_DUTY=0
HEAT_4_SP=-20.0
MOTOR_ANGLE=0.004186046511627906
MOTOR_ACCUM=1.0506976744186047
MOTOR_ROT=2

[11:58:55.335 EBOX]
TS=1786204225.687
V_SENSE5=1.3671875
V_SENSE9=0.06591796875
V_SENSE12=0.11962890625
ADC_V5=4.849853515625
ADC_V9=9.46075439453125
ADC_V12=11.859130859375
ADC_V28=27.28485107421875
THERMAL_SENS_OUT_1=29
THERMAL_SENS_OUT_2=-50
THERMAL_SENS_OUT_3=30
THERMAL_SENS_OUT_4=27
THERMAL_SENS_OUT_5=37
THERMAL_SENS_OUT_6=-50
THERMAL_SENS_INT_1=27
THERMAL_SENS_INT_2=26
PG_5=0
PG_9=0
PG_12=0
FLT_P2=0
FLT_P3=0
HEAT_1_TEMP=29
HEAT_1_DUTY=0
HEAT_1_SP=-20.0
HEAT_2_TEMP=30
HEAT_2_DUTY=0
HEAT_2_SP=-20.0
HEAT_3_TEMP=27
HEAT_3_DUTY=0
HEAT_3_SP=-20.0
HEAT_4_TEMP=37
HEAT_4_DUTY=0
HEAT_4_SP=-20.0
MOTOR_ANGLE=0.004186046511627906
MOTOR_ACCUM=1.0506976744186047
MOTOR_ROT=2

[11:58:56.062 EBOX]
TS=1786204226.188
V_SENSE5=1.26220703125
V_SENSE9=0.0341796875
V_SENSE12=0.11962890625
ADC_V5=4.849853515625
ADC_V9=9.0625
ADC_V12=11.8768310546875
ADC_V28=27.09014892578125
THERMAL_SENS_OUT_1=27
THERMAL_SENS_OUT_2=-50
THERMAL_SENS_OUT_3=32
THERMAL_SENS_OUT_4=32
THERMAL_SENS_OUT_5=34
THERMAL_SENS_OUT_6=-50
THERMAL_SENS_INT_1=24
THERMAL_SENS_INT_2=30
PG_5=0
PG_9=0
PG_12=0
FLT_P2=0
FLT_P3=0
HEAT_1_TEMP=27
HEAT_1_DUTY=0
HEAT_1_SP=-20.0
HEAT_2_TEMP=32
HEAT_2_DUTY=0
HEAT_2_SP=-20.0
HEAT_3_TEMP=32
HEAT_3_DUTY=0
HEAT_3_SP=-20.0
HEAT_4_TEMP=34
HEAT_4_DUTY=0
HEAT_4_SP=-20.0
MOTOR_ANGLE=0.004186046511627906
MOTOR_ACCUM=1.0506976744186047
MOTOR_ROT=2

[11:58:56.386 EBOX]
TS=1786204226.695
V_SENSE5=1.11328125
V_SENSE9=0.11474609375
V_SENSE12=0.15380859375
ADC_V5=4.9560546875
ADC_V9=8.98284912109375
ADC_V12=11.46087646484375
ADC_V28=27.3822021484375
THERMAL_SENS_OUT_1=25
THERMAL_SENS_OUT_2=-50
THERMAL_SENS_OUT_3=31
THERMAL_SENS_OUT_4=25
THERMAL_SENS_OUT_5=37
THERMAL_SENS_OUT_6=-50
THERMAL_SENS_INT_1=23
THERMAL_SENS_INT_2=28
PG_5=0
PG_9=0
PG_12=0
FLT_P2=0
FLT_P3=0
HEAT_1_TEMP=25
HEAT_1_DUTY=0
HEAT_1_SP=-20.0
HEAT_2_TEMP=31
HEAT_2_DUTY=0
HEAT_2_SP=-20.0
HEAT_3_TEMP=25
HEAT_3_DUTY=0
HEAT_3_SP=-20.0
HEAT_4_TEMP=37
HEAT_4_DUTY=0
HEAT_4_SP=-20.0
MOTOR_ANGLE=0.004186046511627906
MOTOR_ACCUM=1.0506976744186047
MOTOR_ROT=2

[11:58:56.810 EBOX]
TS=1786204227.191
V_SENSE5=1.279296875
V_SENSE9=0.03662109375
V_SENSE12=0.11474609375
ADC_V5=4.9029541015625
ADC_V9=9.58465576171875
ADC_V12=11.8060302734375
ADC_V28=26.96624755859375
THERMAL_SENS_OUT_1=28
THERMAL_SENS_OUT_2=-50
THERMAL_SENS_OUT_3=37
THERMAL_SENS_OUT_4=29
THERMAL_SENS_OUT_5=32
THERMAL_SENS_OUT_6=-50
THERMAL_SENS_INT_1=23
THERMAL_SENS_INT_2=28
PG_5=0
PG_9=0
PG_12=0
FLT_P2=0
FLT_P3=0
HEAT_1_TEMP=28
HEAT_1_DUTY=0
HEAT_1_SP=-20.0
HEAT_2_TEMP=37
HEAT_2_DUTY=0
HEAT_2_SP=-20.0
HEAT_3_TEMP=29
HEAT_3_DUTY=0
HEAT_3_SP=-20.0
HEAT_4_TEMP=32
HEAT_4_DUTY=0
HEAT_4_SP=-20.0
MOTOR_ANGLE=0.004186046511627906
MOTOR_ACCUM=1.0506976744186047
MOTOR_ROT=2

[11:58:57.338 EBOX]
TS=1786204227.693
V_SENSE5=1.38427734375
V_SENSE9=0.0390625
V_SENSE12=0.1220703125
ADC_V5=4.9383544921875
ADC_V9=8.92974853515625
ADC_V12=11.9476318359375
ADC_V28=27.39105224609375
THERMAL_SENS_OUT_1=26
THERMAL_SENS_OUT_2=-50
THERMAL_SENS_OUT_3=36
THERMAL_SENS_OUT_4=27
THERMAL_SENS_OUT_5=35
THERMAL_SENS_OUT_6=-50
THERMAL_SENS_INT_1=28
THERMAL_SENS_INT_2=26
PG_5=0
PG_9=0
PG_12=0
FLT_P2=0
FLT_P3=0
HEAT_1_TEMP=26
HEAT_1_DUTY=0
HEAT_1_SP=-20.0
HEAT_2_TEMP=36
HEAT_2_DUTY=0
HEAT_2_SP=-20.0
HEAT_3_TEMP=27
HEAT_3_DUTY=0
HEAT_3_SP=-20.0
HEAT_4_TEMP=35
HEAT_4_DUTY=0
HEAT_4_SP=-20.0
MOTOR_ANGLE=0.004186046511627906
MOTOR_ACCUM=1.0506976744186047
MOTOR_ROT=2

[11:58:57.764 EBOX]
TS=1786204228.197
V_SENSE5=1.484375
V_SENSE9=0.0341796875
V_SENSE12=0.11474609375
ADC_V5=4.85870361328125
ADC_V9=9.42535400390625
ADC_V12=11.86798095703125
ADC_V28=27.96630859375
THERMAL_SENS_OUT_1=29
THERMAL_SENS_OUT_2=-50
THERMAL_SENS_OUT_3=34
THERMAL_SENS_OUT_4=30
THERMAL_SENS_OUT_5=32
THERMAL_SENS_OUT_6=-50
THERMAL_SENS_INT_1=24
THERMAL_SENS_INT_2=31
PG_5=0
PG_9=0
PG_12=0
FLT_P2=0
FLT_P3=0
HEAT_1_TEMP=29
HEAT_1_DUTY=0
HEAT_1_SP=-20.0
HEAT_2_TEMP=34
HEAT_2_DUTY=0
HEAT_2_SP=-20.0
HEAT_3_TEMP=30
HEAT_3_DUTY=0
HEAT_3_SP=-20.0
HEAT_4_TEMP=32
HEAT_4_DUTY=0
HEAT_4_SP=-20.0
MOTOR_ANGLE=0.004186046511627906
MOTOR_ACCUM=1.0506976744186047
MOTOR_ROT=2

[11:58:58.289 EBOX]
TS=1786204228.695
V_SENSE5=1.25
V_SENSE9=0.06591796875
V_SENSE12=0.107421875
ADC_V5=4.8321533203125
ADC_V9=9.239501953125
ADC_V12=11.6644287109375
ADC_V28=27.97515869140625
THERMAL_SENS_OUT_1=32
THERMAL_SENS_OUT_2=-50
THERMAL_SENS_OUT_3=31
THERMAL_SENS_OUT_4=31
THERMAL_SENS_OUT_5=33
THERMAL_SENS_OUT_6=-50
THERMAL_SENS_INT_1=25
THERMAL_SENS_INT_2=30
PG_5=0
PG_9=0
PG_12=0
FLT_P2=0
FLT_P3=0
HEAT_1_TEMP=32
HEAT_1_DUTY=0
HEAT_1_SP=-20.0
HEAT_2_TEMP=31
HEAT_2_DUTY=0
HEAT_2_SP=-20.0
HEAT_3_TEMP=31
HEAT_3_DUTY=0
HEAT_3_SP=-20.0
HEAT_4_TEMP=33
HEAT_4_DUTY=0
HEAT_4_SP=-20.0
MOTOR_ANGLE=0.004186046511627906
MOTOR_ACCUM=1.0506976744186047
MOTOR_ROT=2

[11:58:58.816 EBOX]
TS=1786204229.197
V_SENSE5=1.23291015625
V_SENSE9=0.03662109375
V_SENSE12=0.107421875
ADC_V5=4.92950439453125
ADC_V9=9.03594970703125
ADC_V12=11.89453125
ADC_V28=27.92205810546875
THERMAL_SENS_OUT_1=26
THERMAL_SENS_OUT_2=-50
THERMAL_SENS_OUT_3=34
THERMAL_SENS_OUT_4=26
THERMAL_SENS_OUT_5=32
THERMAL_SENS_OUT_6=-50
THERMAL_SENS_INT_1=24
THERMAL_SENS_INT_2=29
PG_5=0
PG_9=0
PG_12=0
FLT_P2=0
FLT_P3=0
HEAT_1_TEMP=26
HEAT_1_DUTY=0
HEAT_1_SP=-20.0
HEAT_2_TEMP=34
HEAT_2_DUTY=0
HEAT_2_SP=-20.0
HEAT_3_TEMP=26
HEAT_3_DUTY=0
HEAT_3_SP=-20.0
HEAT_4_TEMP=32
HEAT_4_DUTY=0
HEAT_4_SP=-20.0
MOTOR_ANGLE=0.004186046511627906
MOTOR_ACCUM=1.0506976744186047
MOTOR_ROT=2

[11:58:59.240 EBOX]
TS=1786204229.699
V_SENSE5=1.23779296875
V_SENSE9=0.0390625
V_SENSE12=0.13671875
ADC_V5=4.96490478515625
ADC_V9=9.4873046875
ADC_V12=11.62017822265625
ADC_V28=27.37335205078125
THERMAL_SENS_OUT_1=27
THERMAL_SENS_OUT_2=-50
THERMAL_SENS_OUT_3=34
THERMAL_SENS_OUT_4=26
THERMAL_SENS_OUT_5=32
THERMAL_SENS_OUT_6=-50
THERMAL_SENS_INT_1=29
THERMAL_SENS_INT_2=27
PG_5=0
PG_9=0
PG_12=0
FLT_P2=0
FLT_P3=0
HEAT_1_TEMP=27
HEAT_1_DUTY=0
HEAT_1_SP=-20.0
HEAT_2_TEMP=34
HEAT_2_DUTY=0
HEAT_2_SP=-20.0
HEAT_3_TEMP=26
HEAT_3_DUTY=0
HEAT_3_SP=-20.0
HEAT_4_TEMP=32
HEAT_4_DUTY=0
HEAT_4_SP=-20.0
MOTOR_ANGLE=0.004186046511627906
MOTOR_ACCUM=1.0506976744186047
MOTOR_ROT=2

[11:58:59.768 EBOX]
TS=1786204230.199
V_SENSE5=1.19384765625
V_SENSE9=0.0341796875
V_SENSE12=0.1171875
ADC_V5=5.00030517578125
ADC_V9=9.08905029296875
ADC_V12=11.92108154296875
ADC_V28=27.23175048828125
THERMAL_SENS_OUT_1=26
THERMAL_SENS_OUT_2=-50
THERMAL_SENS_OUT_3=32
THERMAL_SENS_OUT_4=25
THERMAL_SENS_OUT_5=35
THERMAL_SENS_OUT_6=-50
THERMAL_SENS_INT_1=24
THERMAL_SENS_INT_2=30
PG_5=0
PG_9=0
PG_12=0
FLT_P2=0
FLT_P3=0
HEAT_1_TEMP=26
HEAT_1_DUTY=0
HEAT_1_SP=-20.0
HEAT_2_TEMP=32
HEAT_2_DUTY=0
HEAT_2_SP=-20.0
HEAT_3_TEMP=25
HEAT_3_DUTY=0
HEAT_3_SP=-20.0
HEAT_4_TEMP=35
HEAT_4_DUTY=0
HEAT_4_SP=-20.0
MOTOR_ANGLE=0.004186046511627906
MOTOR_ACCUM=1.0506976744186047
MOTOR_ROT=2

[11:59:00.408 EBOX]
TS=1786204230.703
V_SENSE5=1.39404296875
V_SENSE9=0.0341796875
V_SENSE12=0.10986328125
ADC_V5=4.92950439453125
ADC_V9=8.82354736328125
ADC_V12=11.63787841796875
ADC_V28=27.54150390625
THERMAL_SENS_OUT_1=26
THERMAL_SENS_OUT_2=-50
THERMAL_SENS_OUT_3=31
THERMAL_SENS_OUT_4=26
THERMAL_SENS_OUT_5=37
THERMAL_SENS_OUT_6=-50
THERMAL_SENS_INT_1=24
THERMAL_SENS_INT_2=26
PG_5=0
PG_9=0
PG_12=0
FLT_P2=0
FLT_P3=0
HEAT_1_TEMP=26
HEAT_1_DUTY=0
HEAT_1_SP=-20.0
HEAT_2_TEMP=31
HEAT_2_DUTY=0
HEAT_2_SP=-20.0
HEAT_3_TEMP=26
HEAT_3_DUTY=0
HEAT_3_SP=-20.0
HEAT_4_TEMP=37
HEAT_4_DUTY=0
HEAT_4_SP=-20.0
MOTOR_ANGLE=0.004186046511627906
MOTOR_ACCUM=1.0506976744186047
MOTOR_ROT=2

[11:59:01.367 EBOX]
TS=1786204231.211
V_SENSE5=1.31103515625
V_SENSE9=0.0390625
V_SENSE12=0.107421875
ADC_V5=4.96490478515625
ADC_V9=9.2572021484375
ADC_V12=11.717529296875
ADC_V28=27.1875
THERMAL_SENS_OUT_1=26
THERMAL_SENS_OUT_2=-50
THERMAL_SENS_OUT_3=33
THERMAL_SENS_OUT_4=30
THERMAL_SENS_OUT_5=33
THERMAL_SENS_OUT_6=-50
THERMAL_SENS_INT_1=26
THERMAL_SENS_INT_2=25
PG_5=0
PG_9=0
PG_12=0
FLT_P2=0
FLT_P3=0
HEAT_1_TEMP=26
HEAT_1_DUTY=0
HEAT_1_SP=-20.0
HEAT_2_TEMP=33
HEAT_2_DUTY=0
HEAT_2_SP=-20.0
HEAT_3_TEMP=30
HEAT_3_DUTY=0
HEAT_3_SP=-20.0
HEAT_4_TEMP=33
HEAT_4_DUTY=0
HEAT_4_SP=-20.0
MOTOR_ANGLE=0.004186046511627906
MOTOR_ACCUM=1.0506976744186047
MOTOR_ROT=2

[11:59:01.590 EBOX]
TS=1786204231.705
V_SENSE5=1.26220703125
V_SENSE9=0.0341796875
V_SENSE12=0.126953125
ADC_V5=4.8675537109375
ADC_V9=8.89434814453125
ADC_V12=11.89453125
ADC_V28=27.16094970703125
THERMAL_SENS_OUT_1=26
THERMAL_SENS_OUT_2=-50
THERMAL_SENS_OUT_3=32
THERMAL_SENS_OUT_4=29
THERMAL_SENS_OUT_5=34
THERMAL_SENS_OUT_6=-50
THERMAL_SENS_INT_1=23
THERMAL_SENS_INT_2=29
PG_5=0
PG_9=0
PG_12=0
FLT_P2=0
FLT_P3=0
HEAT_1_TEMP=26
HEAT_1_DUTY=0
HEAT_1_SP=-20.0
HEAT_2_TEMP=32
HEAT_2_DUTY=0
HEAT_2_SP=-20.0
HEAT_3_TEMP=29
HEAT_3_DUTY=0
HEAT_3_SP=-20.0
HEAT_4_TEMP=34
HEAT_4_DUTY=0
HEAT_4_SP=-20.0
MOTOR_ANGLE=0.004186046511627906
MOTOR_ACCUM=1.0506976744186047
MOTOR_ROT=2

[11:59:02.017 EBOX]
TS=1786204232.207
V_SENSE5=1.33056640625
V_SENSE9=0.0390625
V_SENSE12=0.1220703125
ADC_V5=4.91180419921875
ADC_V9=9.3280029296875
ADC_V12=11.70867919921875
ADC_V28=27.96630859375
THERMAL_SENS_OUT_1=27
THERMAL_SENS_OUT_2=-50
THERMAL_SENS_OUT_3=31
THERMAL_SENS_OUT_4=30
THERMAL_SENS_OUT_5=32
THERMAL_SENS_OUT_6=-50
THERMAL_SENS_INT_1=23
THERMAL_SENS_INT_2=29
PG_5=0
PG_9=0
PG_12=0
FLT_P2=0
FLT_P3=0
HEAT_1_TEMP=27
HEAT_1_DUTY=0
HEAT_1_SP=-20.0
HEAT_2_TEMP=31
HEAT_2_DUTY=0
HEAT_2_SP=-20.0
HEAT_3_TEMP=30
HEAT_3_DUTY=0
HEAT_3_SP=-20.0
HEAT_4_TEMP=32
HEAT_4_DUTY=0
HEAT_4_SP=-20.0
MOTOR_ANGLE=0.004186046511627906
MOTOR_ACCUM=1.0506976744186047
MOTOR_ROT=2

[11:59:02.543 EBOX]
TS=1786204232.708
V_SENSE5=1.1962890625
V_SENSE9=0.03662109375
V_SENSE12=0.1025390625
ADC_V5=4.94720458984375
ADC_V9=9.23065185546875
ADC_V12=11.63787841796875
ADC_V28=27.8778076171875
THERMAL_SENS_OUT_1=31
THERMAL_SENS_OUT_2=-50
THERMAL_SENS_OUT_3=34
THERMAL_SENS_OUT_4=26
THERMAL_SENS_OUT_5=35
THERMAL_SENS_OUT_6=-50
THERMAL_SENS_INT_1=25
THERMAL_SENS_INT_2=30
PG_5=0
PG_9=0
PG_12=0
FLT_P2=0
FLT_P3=0
HEAT_1_TEMP=31
HEAT_1_DUTY=0
HEAT_1_SP=-20.0
HEAT_2_TEMP=34
HEAT_2_DUTY=0
HEAT_2_SP=-20.0
HEAT_3_TEMP=26
HEAT_3_DUTY=0
HEAT_3_SP=-20.0
HEAT_4_TEMP=35
HEAT_4_DUTY=0
HEAT_4_SP=-20.0
MOTOR_ANGLE=0.004186046511627906
MOTOR_ACCUM=1.0506976744186047
MOTOR_ROT=2

[11:59:02.765 EBOX]
TS=1786204233.211
V_SENSE5=1.34521484375
V_SENSE9=0.0341796875
V_SENSE12=0.1171875
ADC_V5=4.991455078125
ADC_V9=9.00054931640625
ADC_V12=11.51397705078125
ADC_V28=27.54150390625
THERMAL_SENS_OUT_1=28
THERMAL_SENS_OUT_2=-50
THERMAL_SENS_OUT_3=34
THERMAL_SENS_OUT_4=31
THERMAL_SENS_OUT_5=32
THERMAL_SENS_OUT_6=-50
THERMAL_SENS_INT_1=26
THERMAL_SENS_INT_2=29
PG_5=0
PG_9=0
PG_12=0
FLT_P2=0
FLT_P3=0
HEAT_1_TEMP=28
HEAT_1_DUTY=0
HEAT_1_SP=-20.0
HEAT_2_TEMP=34
HEAT_2_DUTY=0
HEAT_2_SP=-20.0
HEAT_3_TEMP=31
HEAT_3_DUTY=0
HEAT_3_SP=-20.0
HEAT_4_TEMP=32
HEAT_4_DUTY=0
HEAT_4_SP=-20.0
MOTOR_ANGLE=0.004186046511627906
MOTOR_ACCUM=1.0506976744186047
MOTOR_ROT=2

[11:59:04.817 EBOX]
TS=1786204233.718
V_SENSE5=1.32568359375
V_SENSE9=0.03173828125
V_SENSE12=0.1171875
ADC_V5=5.01800537109375
ADC_V9=9.3280029296875
ADC_V12=11.6644287109375
ADC_V28=27.76275634765625
THERMAL_SENS_OUT_1=28
THERMAL_SENS_OUT_2=-50
THERMAL_SENS_OUT_3=32
THERMAL_SENS_OUT_4=32
THERMAL_SENS_OUT_5=36
THERMAL_SENS_OUT_6=-50
THERMAL_SENS_INT_1=29
THERMAL_SENS_INT_2=28
PG_5=0
PG_9=0
PG_12=0
FLT_P2=0
FLT_P3=0
HEAT_1_TEMP=28
HEAT_1_DUTY=0
HEAT_1_SP=-20.0
HEAT_2_TEMP=32
HEAT_2_DUTY=0
HEAT_2_SP=-20.0
HEAT_3_TEMP=32
HEAT_3_DUTY=0
HEAT_3_SP=-20.0
HEAT_4_TEMP=36
HEAT_4_DUTY=0
HEAT_4_SP=-20.0
MOTOR_ANGLE=0.004186046511627906
MOTOR_ACCUM=1.0506976744186047
MOTOR_ROT=2
TS=1786204234.211
V_SENSE5=1.2109375
V_SENSE9=0.0341796875
V_SENSE12=0.1171875
ADC_V5=5.0091552734375
ADC_V9=9.0625
ADC_V12=11.70867919921875
ADC_V28=27.55035400390625
THERMAL_SENS_OUT_1=27
THERMAL_SENS_OUT_2=-50
THERMAL_SENS_OUT_3=33
THERMAL_SENS_OUT_4=28
THERMAL_SENS_OUT_5=34
THERMAL_SENS_OUT_6=-50
THERMAL_SENS_INT_1=25
THERMAL_SENS_INT_2=27
PG_5=0
PG_9=0
PG_12=0
FLT_P2=0
FLT_P3=0
HEAT_1_TEMP=27
HEAT_1_DUTY=0
HEAT_1_SP=-20.0
HEAT_2_TEMP=33
HEAT_2_DUTY=0
HEAT_2_SP=-20.0
HEAT_3_TEMP=28
HEAT_3_DUTY=0
HEAT_3_SP=-20.0
HEAT_4_TEMP=34
HEAT_4_DUTY=0
HEAT_4_SP=-20.0
MOTOR_ANGLE=0.004186046511627906
MOTOR_ACCUM=1.0506976744186047
MOTOR_ROT=2

[11:59:05.168 EBOX]
TS=1786204234.714
V_SENSE5=1.32080078125
V_SENSE9=0.0341796875
V_SENSE12=0.107421875
ADC_V5=4.96490478515625
ADC_V9=9.41650390625
ADC_V12=11.89453125
ADC_V28=27.83355712890625
THERMAL_SENS_OUT_1=29
THERMAL_SENS_OUT_2=-50
THERMAL_SENS_OUT_3=34
THERMAL_SENS_OUT_4=25
THERMAL_SENS_OUT_5=34
THERMAL_SENS_OUT_6=-50
THERMAL_SENS_INT_1=25
THERMAL_SENS_INT_2=28
PG_5=0
PG_9=0
PG_12=0
FLT_P2=0
FLT_P3=0
HEAT_1_TEMP=29
HEAT_1_DUTY=0
HEAT_1_SP=-20.0
HEAT_2_TEMP=34
HEAT_2_DUTY=0
HEAT_2_SP=-20.0
HEAT_3_TEMP=25
HEAT_3_DUTY=0
HEAT_3_SP=-20.0
HEAT_4_TEMP=34
HEAT_4_DUTY=0
HEAT_4_SP=-20.0
MOTOR_ANGLE=0.004186046511627906
MOTOR_ACCUM=1.0506976744186047
MOTOR_ROT=2
TS=1786204235.215
V_SENSE5=1.3330078125
V_SENSE9=0.0390625
V_SENSE12=0.1123046875
ADC_V5=4.92950439453125
ADC_V9=9.03594970703125
ADC_V12=11.88568115234375
ADC_V28=27.17864990234375
THERMAL_SENS_OUT_1=28
THERMAL_SENS_OUT_2=-50
THERMAL_SENS_OUT_3=36
THERMAL_SENS_OUT_4=28
THERMAL_SENS_OUT_5=32
THERMAL_SENS_OUT_6=-50
THERMAL_SENS_INT_1=24
THERMAL_SENS_INT_2=30
PG_5=0
PG_9=0
PG_12=0
FLT_P2=0
FLT_P3=0
HEAT_1_TEMP=28
HEAT_1_DUTY=0
HEAT_1_SP=-20.0
HEAT_2_TEMP=36
HEAT_2_DUTY=0
HEAT_2_SP=-20.0
HEAT_3_TEMP=28
HEAT_3_DUTY=0
HEAT_3_SP=-20.0
HEAT_4_TEMP=32
HEAT_4_DUTY=0
HEAT_4_SP=-20.0
MOTOR_ANGLE=0.004186046511627906
MOTOR_ACCUM=1.0506976744186047
MOTOR_ROT=2

[11:59:05.595 EBOX]
TS=1786204235.717
V_SENSE5=1.28662109375
V_SENSE9=0.0390625
V_SENSE12=0.11474609375
ADC_V5=4.920654296875
ADC_V9=8.956298828125
ADC_V12=11.68212890625
ADC_V28=27.010498046875
THERMAL_SENS_OUT_1=26
THERMAL_SENS_OUT_2=-50
THERMAL_SENS_OUT_3=33
THERMAL_SENS_OUT_4=26
THERMAL_SENS_OUT_5=33
THERMAL_SENS_OUT_6=-50
THERMAL_SENS_INT_1=24
THERMAL_SENS_INT_2=29
PG_5=0
PG_9=0
PG_12=0
FLT_P2=0
FLT_P3=0
HEAT_1_TEMP=26
HEAT_1_DUTY=0
HEAT_1_SP=-20.0
HEAT_2_TEMP=33
HEAT_2_DUTY=0
HEAT_2_SP=-20.0
HEAT_3_TEMP=26
HEAT_3_DUTY=0
HEAT_3_SP=-20.0
HEAT_4_TEMP=33
HEAT_4_DUTY=0
HEAT_4_SP=-20.0
MOTOR_ANGLE=0.004186046511627906
MOTOR_ACCUM=1.0506976744186047
MOTOR_ROT=2

[11:59:06.020 EBOX]
TS=1786204236.226
V_SENSE5=1.1376953125
V_SENSE9=0.0341796875
V_SENSE12=0.1123046875
ADC_V5=4.96490478515625
ADC_V9=9.3988037109375
ADC_V12=11.47857666015625
ADC_V28=27.62115478515625
THERMAL_SENS_OUT_1=26
THERMAL_SENS_OUT_2=-50
THERMAL_SENS_OUT_3=33
THERMAL_SENS_OUT_4=26
THERMAL_SENS_OUT_5=37
THERMAL_SENS_OUT_6=-50
THERMAL_SENS_INT_1=23
THERMAL_SENS_INT_2=29
PG_5=0
PG_9=0
PG_12=0
FLT_P2=0
FLT_P3=0
HEAT_1_TEMP=26
HEAT_1_DUTY=0
HEAT_1_SP=-20.0
HEAT_2_TEMP=33
HEAT_2_DUTY=0
HEAT_2_SP=-20.0
HEAT_3_TEMP=26
HEAT_3_DUTY=0
HEAT_3_SP=-20.0
HEAT_4_TEMP=37
HEAT_4_DUTY=0
HEAT_4_SP=-20.0
MOTOR_ANGLE=0.004186046511627906
MOTOR_ACCUM=1.0506976744186047
MOTOR_ROT=2

[11:59:07.172 EBOX]
TS=1786204236.718
V_SENSE5=1.26953125
V_SENSE9=0.03662109375
V_SENSE12=0.1171875
ADC_V5=4.9383544921875
ADC_V9=9.0802001953125
ADC_V12=11.8414306640625
ADC_V28=27.8070068359375
THERMAL_SENS_OUT_1=33
THERMAL_SENS_OUT_2=-50
THERMAL_SENS_OUT_3=31
THERMAL_SENS_OUT_4=32
THERMAL_SENS_OUT_5=35
THERMAL_SENS_OUT_6=-50
THERMAL_SENS_INT_1=24
THERMAL_SENS_INT_2=32
PG_5=0
PG_9=0
PG_12=0
FLT_P2=0
FLT_P3=0
HEAT_1_TEMP=33
HEAT_1_DUTY=0
HEAT_1_SP=-20.0
HEAT_2_TEMP=31
HEAT_2_DUTY=0
HEAT_2_SP=-20.0
HEAT_3_TEMP=32
HEAT_3_DUTY=0
HEAT_3_SP=-20.0
HEAT_4_TEMP=35
HEAT_4_DUTY=0
HEAT_4_SP=-20.0
MOTOR_ANGLE=0.004186046511627906
MOTOR_ACCUM=1.0506976744186047
MOTOR_ROT=2
TS=1786204237.220
V_SENSE5=1.220703125
V_SENSE9=0.0537109375
V_SENSE12=0.1123046875
ADC_V5=4.9737548828125
ADC_V9=9.310302734375
ADC_V12=11.575927734375
ADC_V28=27.8778076171875
THERMAL_SENS_OUT_1=32
THERMAL_SENS_OUT_2=-50
THERMAL_SENS_OUT_3=31
THERMAL_SENS_OUT_4=31
THERMAL_SENS_OUT_5=34
THERMAL_SENS_OUT_6=-50
THERMAL_SENS_INT_1=29
THERMAL_SENS_INT_2=27
PG_5=0
PG_9=0
PG_12=0
FLT_P2=0
FLT_P3=0
HEAT_1_TEMP=32
HEAT_1_DUTY=0
HEAT_1_SP=-20.0
HEAT_2_TEMP=31
HEAT_2_DUTY=0
HEAT_2_SP=-20.0
HEAT_3_TEMP=31
HEAT_3_DUTY=0
HEAT_3_SP=-20.0
HEAT_4_TEMP=34
HEAT_4_DUTY=0
HEAT_4_SP=-20.0
MOTOR_ANGLE=0.004186046511627906
MOTOR_ACCUM=1.0506976744186047
MOTOR_ROT=2

[11:59:07.395 EBOX]
TS=1786204237.723
V_SENSE5=1.24267578125
V_SENSE9=0.0390625
V_SENSE12=0.11962890625
ADC_V5=4.849853515625
ADC_V9=9.3280029296875
ADC_V12=11.56707763671875
ADC_V28=27.789306640625
THERMAL_SENS_OUT_1=28
THERMAL_SENS_OUT_2=-50
THERMAL_SENS_OUT_3=29
THERMAL_SENS_OUT_4=29
THERMAL_SENS_OUT_5=35
THERMAL_SENS_OUT_6=-50
THERMAL_SENS_INT_1=26
THERMAL_SENS_INT_2=25
PG_5=0
PG_9=0
PG_12=0
FLT_P2=0
FLT_P3=0
HEAT_1_TEMP=28
HEAT_1_DUTY=0
HEAT_1_SP=-20.0
HEAT_2_TEMP=29
HEAT_2_DUTY=0
HEAT_2_SP=-20.0
HEAT_3_TEMP=29
HEAT_3_DUTY=0
HEAT_3_SP=-20.0
HEAT_4_TEMP=35
HEAT_4_DUTY=0
HEAT_4_SP=-20.0
MOTOR_ANGLE=0.004186046511627906
MOTOR_ACCUM=1.0506976744186047
MOTOR_ROT=2

[11:59:08.053 EBOX]
TS=1786204238.223
V_SENSE5=1.2939453125
V_SENSE9=0.0341796875
V_SENSE12=0.1123046875
ADC_V5=5.0091552734375
ADC_V9=8.9385986328125
ADC_V12=11.85028076171875
ADC_V28=27.67425537109375
THERMAL_SENS_OUT_1=32
THERMAL_SENS_OUT_2=-50
THERMAL_SENS_OUT_3=31
THERMAL_SENS_OUT_4=25
THERMAL_SENS_OUT_5=34
THERMAL_SENS_OUT_6=-50
THERMAL_SENS_INT_1=24
THERMAL_SENS_INT_2=31
PG_5=0
PG_9=0
PG_12=0
FLT_P2=0
FLT_P3=0
HEAT_1_TEMP=32
HEAT_1_DUTY=0
HEAT_1_SP=-20.0
HEAT_2_TEMP=31
HEAT_2_DUTY=0
HEAT_2_SP=-20.0
HEAT_3_TEMP=25
HEAT_3_DUTY=0
HEAT_3_SP=-20.0
HEAT_4_TEMP=34
HEAT_4_DUTY=0
HEAT_4_SP=-20.0
MOTOR_ANGLE=0.004186046511627906
MOTOR_ACCUM=1.0506976744186047
MOTOR_ROT=2

[11:59:08.476 EBOX]
TS=1786204238.725
V_SENSE5=1.34521484375
V_SENSE9=0.03662109375
V_SENSE12=0.1123046875
ADC_V5=4.84100341796875
ADC_V9=9.44305419921875
ADC_V12=11.49627685546875
ADC_V28=27.72735595703125
THERMAL_SENS_OUT_1=32
THERMAL_SENS_OUT_2=-50
THERMAL_SENS_OUT_3=31
THERMAL_SENS_OUT_4=29
THERMAL_SENS_OUT_5=37
THERMAL_SENS_OUT_6=-50
THERMAL_SENS_INT_1=29
THERMAL_SENS_INT_2=29
PG_5=0
PG_9=0
PG_12=0
FLT_P2=0
FLT_P3=0
HEAT_1_TEMP=32
HEAT_1_DUTY=0
HEAT_1_SP=-20.0
HEAT_2_TEMP=31
HEAT_2_DUTY=0
HEAT_2_SP=-20.0
HEAT_3_TEMP=29
HEAT_3_DUTY=0
HEAT_3_SP=-20.0
HEAT_4_TEMP=37
HEAT_4_DUTY=0
HEAT_4_SP=-20.0
MOTOR_ANGLE=0.004186046511627906
MOTOR_ACCUM=1.0506976744186047
MOTOR_ROT=2

[11:59:09.003 EBOX]
TS=1786204239.227
V_SENSE5=1.2060546875
V_SENSE9=0.0341796875
V_SENSE12=0.15380859375
ADC_V5=5.0091552734375
ADC_V9=9.23065185546875
ADC_V12=11.74407958984375
ADC_V28=27.435302734375
THERMAL_SENS_OUT_1=26
THERMAL_SENS_OUT_2=-50
THERMAL_SENS_OUT_3=36
THERMAL_SENS_OUT_4=27
THERMAL_SENS_OUT_5=36
THERMAL_SENS_OUT_6=-50
THERMAL_SENS_INT_1=28
THERMAL_SENS_INT_2=25
PG_5=0
PG_9=0
PG_12=0
FLT_P2=0
FLT_P3=0
HEAT_1_TEMP=26
HEAT_1_DUTY=0
HEAT_1_SP=-20.0
HEAT_2_TEMP=36
HEAT_2_DUTY=0
HEAT_2_SP=-20.0
HEAT_3_TEMP=27
HEAT_3_DUTY=0
HEAT_3_SP=-20.0
HEAT_4_TEMP=36
HEAT_4_DUTY=0
HEAT_4_SP=-20.0
MOTOR_ANGLE=0.004186046511627906
MOTOR_ACCUM=1.0506976744186047
MOTOR_ROT=2

[11:59:09.734 EBOX]
TS=1786204239.728
V_SENSE5=1.28173828125
V_SENSE9=0.03173828125
V_SENSE12=0.1220703125
ADC_V5=4.87640380859375
ADC_V9=8.96514892578125
ADC_V12=11.51397705078125
ADC_V28=27.53265380859375
THERMAL_SENS_OUT_1=26
THERMAL_SENS_OUT_2=-50
THERMAL_SENS_OUT_3=30
THERMAL_SENS_OUT_4=25
THERMAL_SENS_OUT_5=33
THERMAL_SENS_OUT_6=-50
THERMAL_SENS_INT_1=26
THERMAL_SENS_INT_2=25
PG_5=0
PG_9=0
PG_12=0
FLT_P2=0
FLT_P3=0
HEAT_1_TEMP=26
HEAT_1_DUTY=0
HEAT_1_SP=-20.0
HEAT_2_TEMP=30
HEAT_2_DUTY=0
HEAT_2_SP=-20.0
HEAT_3_TEMP=25
HEAT_3_DUTY=0
HEAT_3_SP=-20.0
HEAT_4_TEMP=33
HEAT_4_DUTY=0
HEAT_4_SP=-20.0
MOTOR_ANGLE=0.004186046511627906
MOTOR_ACCUM=1.0506976744186047
MOTOR_ROT=2

[11:59:10.358 EBOX]
TS=1786204240.230
V_SENSE5=1.328125
V_SENSE9=0.0390625
V_SENSE12=0.107421875
ADC_V5=4.9737548828125
ADC_V9=9.12445068359375
ADC_V12=11.88568115234375
ADC_V28=27.10784912109375
THERMAL_SENS_OUT_1=26
THERMAL_SENS_OUT_2=-50
THERMAL_SENS_OUT_3=34
THERMAL_SENS_OUT_4=28
THERMAL_SENS_OUT_5=31
THERMAL_SENS_OUT_6=-50
THERMAL_SENS_INT_1=25
THERMAL_SENS_INT_2=29
PG_5=0
PG_9=0
PG_12=0
FLT_P2=0
FLT_P3=0
HEAT_1_TEMP=26
HEAT_1_DUTY=0
HEAT_1_SP=-20.0
HEAT_2_TEMP=34
HEAT_2_DUTY=0
HEAT_2_SP=-20.0
HEAT_3_TEMP=28
HEAT_3_DUTY=0
HEAT_3_SP=-20.0
HEAT_4_TEMP=31
HEAT_4_DUTY=0
HEAT_4_SP=-20.0
MOTOR_ANGLE=0.004186046511627906
MOTOR_ACCUM=1.0506976744186047
MOTOR_ROT=2

[11:59:11.283 EBOX]
TS=1786204240.741
V_SENSE5=1.34521484375
V_SENSE9=0.03662109375
V_SENSE12=0.11962890625
ADC_V5=5.08880615234375
ADC_V9=8.73504638671875
ADC_V12=11.89453125
ADC_V28=27.11669921875
THERMAL_SENS_OUT_1=26
THERMAL_SENS_OUT_2=-50
THERMAL_SENS_OUT_3=30
THERMAL_SENS_OUT_4=28
THERMAL_SENS_OUT_5=32
THERMAL_SENS_OUT_6=-50
THERMAL_SENS_INT_1=24
THERMAL_SENS_INT_2=26
PG_5=0
PG_9=0
PG_12=0
FLT_P2=0
FLT_P3=0
HEAT_1_TEMP=26
HEAT_1_DUTY=0
HEAT_1_SP=-20.0
HEAT_2_TEMP=30
HEAT_2_DUTY=0
HEAT_2_SP=-20.0
HEAT_3_TEMP=28
HEAT_3_DUTY=0
HEAT_3_SP=-20.0
HEAT_4_TEMP=32
HEAT_4_DUTY=0
HEAT_4_SP=-20.0
MOTOR_ANGLE=0.004186046511627906
MOTOR_ACCUM=1.0506976744186047
MOTOR_ROT=2

[11:59:11.828 EBOX]
TS=1786204241.233
V_SENSE5=1.259765625
V_SENSE9=0.03662109375
V_SENSE12=0.107421875
ADC_V5=4.9383544921875
ADC_V9=9.2926025390625
ADC_V12=11.929931640625
ADC_V28=27.293701171875
THERMAL_SENS_OUT_1=29
THERMAL_SENS_OUT_2=-50
THERMAL_SENS_OUT_3=32
THERMAL_SENS_OUT_4=31
THERMAL_SENS_OUT_5=33
THERMAL_SENS_OUT_6=-50
THERMAL_SENS_INT_1=25
THERMAL_SENS_INT_2=31
PG_5=0
PG_9=0
PG_12=0
FLT_P2=0
FLT_P3=0
HEAT_1_TEMP=29
HEAT_1_DUTY=0
HEAT_1_SP=-20.0
HEAT_2_TEMP=32
HEAT_2_DUTY=0
HEAT_2_SP=-20.0
HEAT_3_TEMP=31
HEAT_3_DUTY=0
HEAT_3_SP=-20.0
HEAT_4_TEMP=33
HEAT_4_DUTY=0
HEAT_4_SP=-20.0
MOTOR_ANGLE=0.004186046511627906
MOTOR_ACCUM=1.0506976744186047
MOTOR_ROT=2

[11:59:15.513 EBOX]
TS=1786204241.735
V_SENSE5=1.28662109375
V_SENSE9=0.0390625
V_SENSE12=0.1220703125
ADC_V5=4.9560546875
ADC_V9=8.92974853515625
ADC_V12=11.72637939453125
ADC_V28=27.39990234375
THERMAL_SENS_OUT_1=29
THERMAL_SENS_OUT_2=-50
THERMAL_SENS_OUT_3=30
THERMAL_SENS_OUT_4=25
THERMAL_SENS_OUT_5=34
THERMAL_SENS_OUT_6=-50
THERMAL_SENS_INT_1=25
THERMAL_SENS_INT_2=27
PG_5=0
PG_9=0
PG_12=0
FLT_P2=0
FLT_P3=0
HEAT_1_TEMP=29
HEAT_1_DUTY=0
HEAT_1_SP=-20.0
HEAT_2_TEMP=30
HEAT_2_DUTY=0
HEAT_2_SP=-20.0
HEAT_3_TEMP=25
HEAT_3_DUTY=0
HEAT_3_SP=-20.0
HEAT_4_TEMP=34
HEAT_4_DUTY=0
HEAT_4_SP=-20.0
MOTOR_ANGLE=0.004186046511627906
MOTOR_ACCUM=1.0506976744186047
MOTOR_ROT=2
TS=1786204242.237
V_SENSE5=1.28662109375
V_SENSE9=0.0390625
V_SENSE12=0.1123046875
ADC_V5=4.96490478515625
ADC_V9=8.9739990234375
ADC_V12=11.575927734375
ADC_V28=27.74505615234375
THERMAL_SENS_OUT_1=32
THERMAL_SENS_OUT_2=-50
THERMAL_SENS_OUT_3=32
THERMAL_SENS_OUT_4=27
THERMAL_SENS_OUT_5=31
THERMAL_SENS_OUT_6=-50
THERMAL_SENS_INT_1=27
THERMAL_SENS_INT_2=25
PG_5=0
PG_9=0
PG_12=0
FLT_P2=0
FLT_P3=0
HEAT_1_TEMP=32
HEAT_1_DUTY=0
HEAT_1_SP=-20.0
HEAT_2_TEMP=32
HEAT_2_DUTY=0
HEAT_2_SP=-20.0
HEAT_3_TEMP=27
HEAT_3_DUTY=0
HEAT_3_SP=-20.0
HEAT_4_TEMP=31
HEAT_4_DUTY=0
HEAT_4_SP=-20.0
MOTOR_ANGLE=0.004186046511627906
MOTOR_ACCUM=1.0506976744186047
MOTOR_ROT=2

[11:59:16.039 EBOX]
TS=1786204242.740
V_SENSE5=1.298828125
V_SENSE9=0.03662109375
V_SENSE12=0.10986328125
ADC_V5=4.849853515625
ADC_V9=9.27490234375
ADC_V12=11.8060302734375
ADC_V28=27.03704833984375
THERMAL_SENS_OUT_1=31
THERMAL_SENS_OUT_2=-50
THERMAL_SENS_OUT_3=33
THERMAL_SENS_OUT_4=25
THERMAL_SENS_OUT_5=34
THERMAL_SENS_OUT_6=-50
THERMAL_SENS_INT_1=24
THERMAL_SENS_INT_2=29
PG_5=0
PG_9=0
PG_12=0
FLT_P2=0
FLT_P3=0
HEAT_1_TEMP=31
HEAT_1_DUTY=0
HEAT_1_SP=-20.0
HEAT_2_TEMP=33
HEAT_2_DUTY=0
HEAT_2_SP=-20.0
HEAT_3_TEMP=25
HEAT_3_DUTY=0
HEAT_3_SP=-20.0
HEAT_4_TEMP=34
HEAT_4_DUTY=0
HEAT_4_SP=-20.0
MOTOR_ANGLE=0.004186046511627906
MOTOR_ACCUM=1.0506976744186047
MOTOR_ROT=2
TS=1786204243.250
V_SENSE5=1.30126953125
V_SENSE9=0.0341796875
V_SENSE12=0.11962890625
ADC_V5=4.88525390625
ADC_V9=8.80584716796875
ADC_V12=11.7706298828125
ADC_V28=27.6654052734375
THERMAL_SENS_OUT_1=28
THERMAL_SENS_OUT_2=-50
THERMAL_SENS_OUT_3=31
THERMAL_SENS_OUT_4=30
THERMAL_SENS_OUT_5=34
THERMAL_SENS_OUT_6=-50
THERMAL_SENS_INT_1=27
THERMAL_SENS_INT_2=26
PG_5=0
PG_9=0
PG_12=0
FLT_P2=0
FLT_P3=0
HEAT_1_TEMP=28
HEAT_1_DUTY=0
HEAT_1_SP=-20.0
HEAT_2_TEMP=31
HEAT_2_DUTY=0
HEAT_2_SP=-20.0
HEAT_3_TEMP=30
HEAT_3_DUTY=0
HEAT_3_SP=-20.0
HEAT_4_TEMP=34
HEAT_4_DUTY=0
HEAT_4_SP=-20.0
MOTOR_ANGLE=0.004186046511627906
MOTOR_ACCUM=1.0506976744186047
MOTOR_ROT=2
TS=1786204243.742
V_SENSE5=1.44287109375
V_SENSE9=0.04150390625
V_SENSE12=0.11474609375
ADC_V5=4.8675537109375
ADC_V9=9.5050048828125
ADC_V12=11.90338134765625
ADC_V28=27.53265380859375
THERMAL_SENS_OUT_1=30
THERMAL_SENS_OUT_2=-50
THERMAL_SENS_OUT_3=33
THERMAL_SENS_OUT_4=31
THERMAL_SENS_OUT_5=37
THERMAL_SENS_OUT_6=-50
THERMAL_SENS_INT_1=23
THERMAL_SENS_INT_2=27
PG_5=0
PG_9=0
PG_12=0
FLT_P2=0
FLT_P3=0
HEAT_1_TEMP=30
HEAT_1_DUTY=0
HEAT_1_SP=-20.0
HEAT_2_TEMP=33
HEAT_2_DUTY=0
HEAT_2_SP=-20.0
HEAT_3_TEMP=31
HEAT_3_DUTY=0
HEAT_3_SP=-20.0
HEAT_4_TEMP=37
HEAT_4_DUTY=0
HEAT_4_SP=-20.0
MOTOR_ANGLE=0.004186046511627906
MOTOR_ACCUM=1.0506976744186047
MOTOR_ROT=2
TS=1786204244.244
V_SENSE5=1.2451171875
V_SENSE9=0.06591796875
V_SENSE12=0.12939453125
ADC_V5=4.8675537109375
ADC_V9=9.26605224609375
ADC_V12=11.81488037109375
ADC_V28=27.03704833984375
THERMAL_SENS_OUT_1=27
THERMAL_SENS_OUT_2=-50
THERMAL_SENS_OUT_3=35
THERMAL_SENS_OUT_4=26
THERMAL_SENS_OUT_5=37
THERMAL_SENS_OUT_6=-50
THERMAL_SENS_INT_1=25
THERMAL_SENS_INT_2=29
PG_5=0
PG_9=0
PG_12=0
FLT_P2=0
FLT_P3=0
HEAT_1_TEMP=27
HEAT_1_DUTY=0
HEAT_1_SP=-20.0
HEAT_2_TEMP=35
HEAT_2_DUTY=0
HEAT_2_SP=-20.0
HEAT_3_TEMP=26
HEAT_3_DUTY=0
HEAT_3_SP=-20.0
HEAT_4_TEMP=37
HEAT_4_DUTY=0
HEAT_4_SP=-20.0
MOTOR_ANGLE=0.004186046511627906
MOTOR_ACCUM=1.0506976744186047
MOTOR_ROT=2
TS=1786204244.745
V_SENSE5=1.20361328125
V_SENSE9=0.0341796875
V_SENSE12=0.107421875
ADC_V5=5.0091552734375
ADC_V9=8.92974853515625
ADC_V12=11.83258056640625
ADC_V28=26.98394775390625
THERMAL_SENS_OUT_1=27
THERMAL_SENS_OUT_2=-50
THERMAL_SENS_OUT_3=31
THERMAL_SENS_OUT_4=31
THERMAL_SENS_OUT_5=33
THERMAL_SENS_OUT_6=-50
THERMAL_SENS_INT_1=24
THERMAL_SENS_INT_2=30
PG_5=0
PG_9=0
PG_12=0
FLT_P2=0
FLT_P3=0
HEAT_1_TEMP=27
HEAT_1_DUTY=0
HEAT_1_SP=-20.0
HEAT_2_TEMP=31
HEAT_2_DUTY=0
HEAT_2_SP=-20.0
HEAT_3_TEMP=31
HEAT_3_DUTY=0
HEAT_3_SP=-20.0
HEAT_4_TEMP=33
HEAT_4_DUTY=0
HEAT_4_SP=-20.0
MOTOR_ANGLE=0.004186046511627906
MOTOR_ACCUM=1.0506976744186047
MOTOR_ROT=2
TS=1786204245.246
V_SENSE5=1.2255859375
V_SENSE9=0.0341796875
V_SENSE12=0.1171875
ADC_V5=4.92950439453125
ADC_V9=9.35455322265625
ADC_V12=11.5936279296875
ADC_V28=27.74505615234375
THERMAL_SENS_OUT_1=32
THERMAL_SENS_OUT_2=-50
THERMAL_SENS_OUT_3=36
THERMAL_SENS_OUT_4=27
THERMAL_SENS_OUT_5=37
THERMAL_SENS_OUT_6=-50
THERMAL_SENS_INT_1=28
THERMAL_SENS_INT_2=26
PG_5=0
PG_9=0
PG_12=0
FLT_P2=0
FLT_P3=0
HEAT_1_TEMP=32
HEAT_1_DUTY=0
HEAT_1_SP=-20.0
HEAT_2_TEMP=36
HEAT_2_DUTY=0
HEAT_2_SP=-20.0
HEAT_3_TEMP=27
HEAT_3_DUTY=0
HEAT_3_SP=-20.0
HEAT_4_TEMP=37
HEAT_4_DUTY=0
HEAT_4_SP=-20.0
MOTOR_ANGLE=0.004186046511627906
MOTOR_ACCUM=1.0506976744186047
MOTOR_ROT=2
TS=1786204245.748
V_SENSE5=1.26708984375
V_SENSE9=0.03662109375
V_SENSE12=0.13427734375
ADC_V5=5.0091552734375
ADC_V9=9.0093994140625
ADC_V12=11.97418212890625
ADC_V28=27.58575439453125
THERMAL_SENS_OUT_1=32
THERMAL_SENS_OUT_2=-50
THERMAL_SENS_OUT_3=35

[11:59:16.168 EBOX]
THERMAL_SENS_OUT_4=26
THERMAL_SENS_OUT_5=32
THERMAL_SENS_OUT_6=-50
THERMAL_SENS_INT_1=29
THERMAL_SENS_INT_2=26
PG_5=0
PG_9=0
PG_12=0
FLT_P2=0
FLT_P3=0
HEAT_1_TEMP=32
HEAT_1_DUTY=0
HEAT_1_SP=-20.0
HEAT_2_TEMP=35
HEAT_2_DUTY=0
HEAT_2_SP=-20.0
HEAT_3_TEMP=26
HEAT_3_DUTY=0
HEAT_3_SP=-20.0
HEAT_4_TEMP=32
HEAT_4_DUTY=0
HEAT_4_SP=-20.0
MOTOR_ANGLE=0.004186046511627906
MOTOR_ACCUM=1.0506976744186047
MOTOR_ROT=2
TS=1786204246.250
V_SENSE5=1.44775390625
V_SENSE9=0.0390625
V_SENSE12=0.11962890625
ADC_V5=4.8321533203125
ADC_V9=9.49615478515625
ADC_V12=11.70867919921875
ADC_V28=27.90435791015625
THERMAL_SENS_OUT_1=30
THERMAL_SENS_OUT_2=-50
THERMAL_SENS_OUT_3=30
THERMAL_SENS_OUT_4=30
THERMAL_SENS_OUT_5=35
THERMAL_SENS_OUT_6=-50
THERMAL_SENS_INT_1=26
THERMAL_SENS_INT_2=27
PG_5=0
PG_9=0
PG_12=0
FLT_P2=0
FLT_P3=0
HEAT_1_TEMP=30
HEAT_1_DUTY=0
HEAT_1_SP=-20.0
HEAT_2_TEMP=30
HEAT_2_DUTY=0
HEAT_2_SP=-20.0
HEAT_3_TEMP=30
HEAT_3_DUTY=0
HEAT_3_SP=-20.0
HEAT_4_TEMP=35
HEAT_4_DUTY=0
HEAT_4_SP=-20.0
MOTOR_ANGLE=0.004186046511627906
MOTOR_ACCUM=1.0506976744186047
MOTOR_ROT=2

[11:59:16.391 EBOX]
TS=1786204246.750
V_SENSE5=1.30126953125
V_SENSE9=0.0341796875
V_SENSE12=0.1220703125
ADC_V5=4.849853515625
ADC_V9=9.27490234375
ADC_V12=11.58477783203125
ADC_V28=27.75390625
THERMAL_SENS_OUT_1=32
THERMAL_SENS_OUT_2=-50
THERMAL_SENS_OUT_3=35
THERMAL_SENS_OUT_4=26
THERMAL_SENS_OUT_5=36
THERMAL_SENS_OUT_6=-50
THERMAL_SENS_INT_1=28
THERMAL_SENS_INT_2=25
PG_5=0
PG_9=0
PG_12=0
FLT_P2=0
FLT_P3=0
HEAT_1_TEMP=32
HEAT_1_DUTY=0
HEAT_1_SP=-20.0
HEAT_2_TEMP=35
HEAT_2_DUTY=0
HEAT_2_SP=-20.0
HEAT_3_TEMP=26
HEAT_3_DUTY=0
HEAT_3_SP=-20.0
HEAT_4_TEMP=36
HEAT_4_DUTY=0
HEAT_4_SP=-20.0
MOTOR_ANGLE=0.004186046511627906
MOTOR_ACCUM=1.0506976744186047
MOTOR_ROT=2

[11:59:16.817 EBOX]
TS=1786204247.252
V_SENSE5=1.220703125
V_SENSE9=0.0341796875
V_SENSE12=0.1123046875
ADC_V5=4.82330322265625
ADC_V9=8.96514892578125
ADC_V12=11.99188232421875
ADC_V28=27.58575439453125
THERMAL_SENS_OUT_1=32
THERMAL_SENS_OUT_2=-50
THERMAL_SENS_OUT_3=32
THERMAL_SENS_OUT_4=26
THERMAL_SENS_OUT_5=37
THERMAL_SENS_OUT_6=-50
THERMAL_SENS_INT_1=30
THERMAL_SENS_INT_2=28
PG_5=0
PG_9=0
PG_12=0
FLT_P2=0
FLT_P3=0
HEAT_1_TEMP=32
HEAT_1_DUTY=0
HEAT_1_SP=-20.0
HEAT_2_TEMP=32
HEAT_2_DUTY=0
HEAT_2_SP=-20.0
HEAT_3_TEMP=26
HEAT_3_DUTY=0
HEAT_3_SP=-20.0
HEAT_4_TEMP=37
HEAT_4_DUTY=0
HEAT_4_SP=-20.0
MOTOR_ANGLE=0.004186046511627906
MOTOR_ACCUM=1.0506976744186047
MOTOR_ROT=2

[11:59:17.341 EBOX]
TS=1786204247.755
V_SENSE5=1.17919921875
V_SENSE9=0.04150390625
V_SENSE12=0.126953125
ADC_V5=4.96490478515625
ADC_V9=9.168701171875
ADC_V12=11.788330078125
ADC_V28=27.0635986328125
THERMAL_SENS_OUT_1=26
THERMAL_SENS_OUT_2=-50
THERMAL_SENS_OUT_3=36
THERMAL_SENS_OUT_4=27
THERMAL_SENS_OUT_5=37
THERMAL_SENS_OUT_6=-50
THERMAL_SENS_INT_1=29
THERMAL_SENS_INT_2=24
PG_5=0
PG_9=0
PG_12=0
FLT_P2=0
FLT_P3=0
HEAT_1_TEMP=26
HEAT_1_DUTY=0
HEAT_1_SP=-20.0
HEAT_2_TEMP=36
HEAT_2_DUTY=0
HEAT_2_SP=-20.0
HEAT_3_TEMP=27
HEAT_3_DUTY=0
HEAT_3_SP=-20.0
HEAT_4_TEMP=37
HEAT_4_DUTY=0
HEAT_4_SP=-20.0
MOTOR_ANGLE=0.004186046511627906
MOTOR_ACCUM=1.0506976744186047
MOTOR_ROT=2

[11:59:17.868 EBOX]
TS=1786204248.256
V_SENSE5=1.23046875
V_SENSE9=0.03662109375
V_SENSE12=0.126953125
ADC_V5=4.9560546875
ADC_V9=9.05364990234375
ADC_V12=11.60247802734375
ADC_V28=27.12554931640625
THERMAL_SENS_OUT_1=30
THERMAL_SENS_OUT_2=-50
THERMAL_SENS_OUT_3=32
THERMAL_SENS_OUT_4=27
THERMAL_SENS_OUT_5=36
THERMAL_SENS_OUT_6=-50
THERMAL_SENS_INT_1=30
THERMAL_SENS_INT_2=26
PG_5=0
PG_9=0
PG_12=0
FLT_P2=0
FLT_P3=0
HEAT_1_TEMP=30
HEAT_1_DUTY=0
HEAT_1_SP=-20.0
HEAT_2_TEMP=32
HEAT_2_DUTY=0
HEAT_2_SP=-20.0
HEAT_3_TEMP=27
HEAT_3_DUTY=0
HEAT_3_SP=-20.0
HEAT_4_TEMP=36
HEAT_4_DUTY=0
HEAT_4_SP=-20.0
MOTOR_ANGLE=0.004186046511627906
MOTOR_ACCUM=1.0506976744186047
MOTOR_ROT=2

[11:59:18.394 EBOX]
TS=1786204248.758
V_SENSE5=1.240234375
V_SENSE9=0.04150390625
V_SENSE12=0.1171875
ADC_V5=4.991455078125
ADC_V9=9.58465576171875
ADC_V12=11.611328125
ADC_V28=27.8424072265625
THERMAL_SENS_OUT_1=31
THERMAL_SENS_OUT_2=-50
THERMAL_SENS_OUT_3=34
THERMAL_SENS_OUT_4=25
THERMAL_SENS_OUT_5=33
THERMAL_SENS_OUT_6=-50
THERMAL_SENS_INT_1=25
THERMAL_SENS_INT_2=30
PG_5=0
PG_9=0
PG_12=0
FLT_P2=0
FLT_P3=0
HEAT_1_TEMP=31
HEAT_1_DUTY=0
HEAT_1_SP=-20.0
HEAT_2_TEMP=34
HEAT_2_DUTY=0
HEAT_2_SP=-20.0
HEAT_3_TEMP=25
HEAT_3_DUTY=0
HEAT_3_SP=-20.0
HEAT_4_TEMP=33
HEAT_4_DUTY=0
HEAT_4_SP=-20.0
MOTOR_ANGLE=0.004186046511627906
MOTOR_ACCUM=1.0506976744186047
MOTOR_ROT=2

[11:59:18.823 EBOX]
TS=1786204249.260
V_SENSE5=1.3671875
V_SENSE9=0.0390625
V_SENSE12=0.1220703125
ADC_V5=4.9383544921875
ADC_V9=9.0625
ADC_V12=11.82373046875
ADC_V28=27.76275634765625
THERMAL_SENS_OUT_1=28
THERMAL_SENS_OUT_2=-50
THERMAL_SENS_OUT_3=33
THERMAL_SENS_OUT_4=28
THERMAL_SENS_OUT_5=35
THERMAL_SENS_OUT_6=-50
THERMAL_SENS_INT_1=29
THERMAL_SENS_INT_2=27
PG_5=0
PG_9=0
PG_12=0
FLT_P2=0
FLT_P3=0
HEAT_1_TEMP=28
HEAT_1_DUTY=0
HEAT_1_SP=-20.0
HEAT_2_TEMP=33
HEAT_2_DUTY=0
HEAT_2_SP=-20.0
HEAT_3_TEMP=28
HEAT_3_DUTY=0
HEAT_3_SP=-20.0
HEAT_4_TEMP=35
HEAT_4_DUTY=0
HEAT_4_SP=-20.0
MOTOR_ANGLE=0.004186046511627906
MOTOR_ACCUM=1.0506976744186047
MOTOR_ROT=2

[11:59:19.348 EBOX]
TS=1786204249.760
V_SENSE5=1.21826171875
V_SENSE9=0.0341796875
V_SENSE12=0.1220703125
ADC_V5=4.991455078125
ADC_V9=8.84124755859375
ADC_V12=11.8060302734375
ADC_V28=26.97509765625
THERMAL_SENS_OUT_1=28
THERMAL_SENS_OUT_2=-50
THERMAL_SENS_OUT_3=33
THERMAL_SENS_OUT_4=27
THERMAL_SENS_OUT_5=33
THERMAL_SENS_OUT_6=-50
THERMAL_SENS_INT_1=28
THERMAL_SENS_INT_2=26
PG_5=0
PG_9=0
PG_12=0
FLT_P2=0
FLT_P3=0
HEAT_1_TEMP=28
HEAT_1_DUTY=0
HEAT_1_SP=-20.0
HEAT_2_TEMP=33
HEAT_2_DUTY=0
HEAT_2_SP=-20.0
HEAT_3_TEMP=27
HEAT_3_DUTY=0
HEAT_3_SP=-20.0
HEAT_4_TEMP=33
HEAT_4_DUTY=0
HEAT_4_SP=-20.0
MOTOR_ANGLE=0.004186046511627906
MOTOR_ACCUM=1.0506976744186047
MOTOR_ROT=2

[11:59:19.874 EBOX]
TS=1786204250.263
V_SENSE5=1.259765625
V_SENSE9=0.0341796875
V_SENSE12=0.1171875
ADC_V5=4.9029541015625
ADC_V9=9.23065185546875
ADC_V12=11.89453125
ADC_V28=27.23175048828125
THERMAL_SENS_OUT_1=31
THERMAL_SENS_OUT_2=-50
THERMAL_SENS_OUT_3=34
THERMAL_SENS_OUT_4=31
THERMAL_SENS_OUT_5=32
THERMAL_SENS_OUT_6=-50
THERMAL_SENS_INT_1=27
THERMAL_SENS_INT_2=26
PG_5=0
PG_9=0
PG_12=0
FLT_P2=0
FLT_P3=0
HEAT_1_TEMP=31
HEAT_1_DUTY=0
HEAT_1_SP=-20.0
HEAT_2_TEMP=34
HEAT_2_DUTY=0
HEAT_2_SP=-20.0
HEAT_3_TEMP=31
HEAT_3_DUTY=0
HEAT_3_SP=-20.0
HEAT_4_TEMP=32
HEAT_4_DUTY=0
HEAT_4_SP=-20.0
MOTOR_ANGLE=0.004186046511627906
MOTOR_ACCUM=1.0506976744186047
MOTOR_ROT=2

[11:59:20.415 EBOX]
TS=1786204250.764
V_SENSE5=1.3134765625
V_SENSE9=0.03662109375
V_SENSE12=0.10498046875
ADC_V5=4.87640380859375
ADC_V9=8.9739990234375
ADC_V12=11.89453125
ADC_V28=27.152099609375
THERMAL_SENS_OUT_1=26
THERMAL_SENS_OUT_2=-50
THERMAL_SENS_OUT_3=35
THERMAL_SENS_OUT_4=29
THERMAL_SENS_OUT_5=37
THERMAL_SENS_OUT_6=-50
THERMAL_SENS_INT_1=28
THERMAL_SENS_INT_2=25
PG_5=0
PG_9=0
PG_12=0
FLT_P2=0
FLT_P3=0
HEAT_1_TEMP=26
HEAT_1_DUTY=0
HEAT_1_SP=-20.0
HEAT_2_TEMP=35
HEAT_2_DUTY=0
HEAT_2_SP=-20.0
HEAT_3_TEMP=29
HEAT_3_DUTY=0
HEAT_3_SP=-20.0
HEAT_4_TEMP=37
HEAT_4_DUTY=0
HEAT_4_SP=-20.0
MOTOR_ANGLE=0.004186046511627906
MOTOR_ACCUM=1.0506976744186047
MOTOR_ROT=2

[11:59:20.864 EBOX]
TS=1786204251.263
V_SENSE5=1.23779296875
V_SENSE9=0.0390625
V_SENSE12=0.10986328125
ADC_V5=4.98260498046875
ADC_V9=8.71734619140625
ADC_V12=11.7706298828125
ADC_V28=27.83355712890625
THERMAL_SENS_OUT_1=32
THERMAL_SENS_OUT_2=-50
THERMAL_SENS_OUT_3=32
THERMAL_SENS_OUT_4=26
THERMAL_SENS_OUT_5=37
THERMAL_SENS_OUT_6=-50
THERMAL_SENS_INT_1=24
THERMAL_SENS_INT_2=30
PG_5=0
PG_9=0
PG_12=0
FLT_P2=0
FLT_P3=0
HEAT_1_TEMP=32
HEAT_1_DUTY=0
HEAT_1_SP=-20.0
HEAT_2_TEMP=32
HEAT_2_DUTY=0
HEAT_2_SP=-20.0
HEAT_3_TEMP=26
HEAT_3_DUTY=0
HEAT_3_SP=-20.0
HEAT_4_TEMP=37
HEAT_4_DUTY=0
HEAT_4_SP=-20.0
MOTOR_ANGLE=0.004186046511627906
MOTOR_ACCUM=1.0506976744186047
MOTOR_ROT=2

[11:59:21.520 EBOX]
TS=1786204251.774
V_SENSE5=1.21826171875
V_SENSE9=0.04638671875
V_SENSE12=0.1220703125
ADC_V5=4.8321533203125
ADC_V9=9.2926025390625
ADC_V12=11.8414306640625
ADC_V28=27.30255126953125
THERMAL_SENS_OUT_1=26
THERMAL_SENS_OUT_2=-50
THERMAL_SENS_OUT_3=33
THERMAL_SENS_OUT_4=26
THERMAL_SENS_OUT_5=38
THERMAL_SENS_OUT_6=-50
THERMAL_SENS_INT_1=28
THERMAL_SENS_INT_2=29
PG_5=0
PG_9=0
PG_12=0
FLT_P2=0
FLT_P3=0
HEAT_1_TEMP=26
HEAT_1_DUTY=0
HEAT_1_SP=-20.0
HEAT_2_TEMP=33
HEAT_2_DUTY=0
HEAT_2_SP=-20.0
HEAT_3_TEMP=26
HEAT_3_DUTY=0
HEAT_3_SP=-20.0
HEAT_4_TEMP=38
HEAT_4_DUTY=0
HEAT_4_SP=-20.0
MOTOR_ANGLE=0.004186046511627906
MOTOR_ACCUM=1.0506976744186047
MOTOR_ROT=2

[11:59:22.045 EBOX]
TS=1786204252.268
V_SENSE5=1.38671875
V_SENSE9=0.0341796875
V_SENSE12=0.11962890625
ADC_V5=5.0091552734375
ADC_V9=8.98284912109375
ADC_V12=11.82373046875
ADC_V28=27.23175048828125
THERMAL_SENS_OUT_1=26
THERMAL_SENS_OUT_2=-50
THERMAL_SENS_OUT_3=31
THERMAL_SENS_OUT_4=25
THERMAL_SENS_OUT_5=37
THERMAL_SENS_OUT_6=-50
THERMAL_SENS_INT_1=26
THERMAL_SENS_INT_2=30
PG_5=0
PG_9=0
PG_12=0
FLT_P2=0
FLT_P3=0
HEAT_1_TEMP=26
HEAT_1_DUTY=0
HEAT_1_SP=-20.0
HEAT_2_TEMP=31
HEAT_2_DUTY=0
HEAT_2_SP=-20.0
HEAT_3_TEMP=25
HEAT_3_DUTY=0
HEAT_3_SP=-20.0
HEAT_4_TEMP=37
HEAT_4_DUTY=0
HEAT_4_SP=-20.0
MOTOR_ANGLE=0.004186046511627906
MOTOR_ACCUM=1.0506976744186047
MOTOR_ROT=2

[11:59:22.569 EBOX]
TS=1786204252.775
V_SENSE5=1.36474609375
V_SENSE9=0.0390625
V_SENSE12=0.10986328125
ADC_V5=4.92950439453125
ADC_V9=9.15985107421875
ADC_V12=11.86798095703125
ADC_V28=27.12554931640625
THERMAL_SENS_OUT_1=27
THERMAL_SENS_OUT_2=-50
THERMAL_SENS_OUT_3=32
THERMAL_SENS_OUT_4=26
THERMAL_SENS_OUT_5=37
THERMAL_SENS_OUT_6=-50
THERMAL_SENS_INT_1=26
THERMAL_SENS_INT_2=25
PG_5=0
PG_9=0
PG_12=0
FLT_P2=0
FLT_P3=0
HEAT_1_TEMP=27
HEAT_1_DUTY=0
HEAT_1_SP=-20.0
HEAT_2_TEMP=32
HEAT_2_DUTY=0
HEAT_2_SP=-20.0
HEAT_3_TEMP=26
HEAT_3_DUTY=0
HEAT_3_SP=-20.0
HEAT_4_TEMP=37
HEAT_4_DUTY=0
HEAT_4_SP=-20.0
MOTOR_ANGLE=0.004186046511627906
MOTOR_ACCUM=1.0506976744186047
MOTOR_ROT=2

[11:59:22.892 EBOX]
TS=1786204253.271
V_SENSE5=1.3232421875
V_SENSE9=0.03662109375
V_SENSE12=0.10986328125
ADC_V5=4.87640380859375
ADC_V9=9.30145263671875
ADC_V12=11.92108154296875
ADC_V28=27.17864990234375
THERMAL_SENS_OUT_1=28
THERMAL_SENS_OUT_2=-50
THERMAL_SENS_OUT_3=35
THERMAL_SENS_OUT_4=26
THERMAL_SENS_OUT_5=37
THERMAL_SENS_OUT_6=-50
THERMAL_SENS_INT_1=25
THERMAL_SENS_INT_2=31
PG_5=0
PG_9=0
PG_12=0
FLT_P2=0
FLT_P3=0
HEAT_1_TEMP=28
HEAT_1_DUTY=0
HEAT_1_SP=-20.0
HEAT_2_TEMP=35
HEAT_2_DUTY=0
HEAT_2_SP=-20.0
HEAT_3_TEMP=26
HEAT_3_DUTY=0
HEAT_3_SP=-20.0
HEAT_4_TEMP=37
HEAT_4_DUTY=0
HEAT_4_SP=-20.0
MOTOR_ANGLE=0.004186046511627906
MOTOR_ACCUM=1.0506976744186047
MOTOR_ROT=2

[11:59:23.416 EBOX]
TS=1786204253.772
V_SENSE5=1.2841796875
V_SENSE9=0.0341796875
V_SENSE12=0.10986328125
ADC_V5=5.08880615234375
ADC_V9=8.9739990234375
ADC_V12=11.5582275390625
ADC_V28=27.7008056640625
THERMAL_SENS_OUT_1=32
THERMAL_SENS_OUT_2=-50
THERMAL_SENS_OUT_3=34
THERMAL_SENS_OUT_4=25
THERMAL_SENS_OUT_5=35
THERMAL_SENS_OUT_6=-50
THERMAL_SENS_INT_1=24
THERMAL_SENS_INT_2=30
PG_5=0
PG_9=0
PG_12=0
FLT_P2=0
FLT_P3=0
HEAT_1_TEMP=32
HEAT_1_DUTY=0
HEAT_1_SP=-20.0
HEAT_2_TEMP=34
HEAT_2_DUTY=0
HEAT_2_SP=-20.0
HEAT_3_TEMP=25
HEAT_3_DUTY=0
HEAT_3_SP=-20.0
HEAT_4_TEMP=35
HEAT_4_DUTY=0
HEAT_4_SP=-20.0
MOTOR_ANGLE=0.004186046511627906
MOTOR_ACCUM=1.0506976744186047
MOTOR_ROT=2

[11:59:24.143 EBOX]
TS=1786204254.274
V_SENSE5=1.40380859375
V_SENSE9=0.0390625
V_SENSE12=0.15380859375
ADC_V5=4.87640380859375
ADC_V9=9.42535400390625
ADC_V12=11.69097900390625
ADC_V28=27.65655517578125
THERMAL_SENS_OUT_1=29
THERMAL_SENS_OUT_2=-50
THERMAL_SENS_OUT_3=31
THERMAL_SENS_OUT_4=31
THERMAL_SENS_OUT_5=33
THERMAL_SENS_OUT_6=-50
THERMAL_SENS_INT_1=26
THERMAL_SENS_INT_2=30
PG_5=0
PG_9=0
PG_12=0
FLT_P2=0
FLT_P3=0
HEAT_1_TEMP=29
HEAT_1_DUTY=0
HEAT_1_SP=-20.0
HEAT_2_TEMP=31
HEAT_2_DUTY=0
HEAT_2_SP=-20.0
HEAT_3_TEMP=31
HEAT_3_DUTY=0
HEAT_3_SP=-20.0
HEAT_4_TEMP=33
HEAT_4_DUTY=0
HEAT_4_SP=-20.0
MOTOR_ANGLE=0.004186046511627906
MOTOR_ACCUM=1.0506976744186047
MOTOR_ROT=2

[11:59:24.369 EBOX]
TS=1786204254.775
V_SENSE5=1.18408203125
V_SENSE9=0.0341796875
V_SENSE12=0.1220703125
ADC_V5=4.82330322265625
ADC_V9=9.0625
ADC_V12=11.54052734375
ADC_V28=27.81585693359375
THERMAL_SENS_OUT_1=31
THERMAL_SENS_OUT_2=-50
THERMAL_SENS_OUT_3=36
THERMAL_SENS_OUT_4=27
THERMAL_SENS_OUT_5=34
THERMAL_SENS_OUT_6=-50
THERMAL_SENS_INT_1=26
THERMAL_SENS_INT_2=26
PG_5=0
PG_9=0
PG_12=0
FLT_P2=0
FLT_P3=0
HEAT_1_TEMP=31
HEAT_1_DUTY=0
HEAT_1_SP=-20.0
HEAT_2_TEMP=36
HEAT_2_DUTY=0
HEAT_2_SP=-20.0
HEAT_3_TEMP=27
HEAT_3_DUTY=0
HEAT_3_SP=-20.0
HEAT_4_TEMP=34
HEAT_4_DUTY=0
HEAT_4_SP=-20.0
MOTOR_ANGLE=0.004186046511627906
MOTOR_ACCUM=1.0506976744186047
MOTOR_ROT=2

[11:59:26.341 EBOX]
TS=1786204255.276
V_SENSE5=1.30615234375
V_SENSE9=0.0390625
V_SENSE12=0.107421875
ADC_V5=4.9560546875
ADC_V9=9.3988037109375
ADC_V12=11.81488037109375
ADC_V28=27.55035400390625
THERMAL_SENS_OUT_1=31
THERMAL_SENS_OUT_2=-50
THERMAL_SENS_OUT_3=34
THERMAL_SENS_OUT_4=28
THERMAL_SENS_OUT_5=34
THERMAL_SENS_OUT_6=-50
THERMAL_SENS_INT_1=23
THERMAL_SENS_INT_2=28
PG_5=0
PG_9=0
PG_12=0
FLT_P2=0
FLT_P3=0
HEAT_1_TEMP=31
HEAT_1_DUTY=0
HEAT_1_SP=-20.0
HEAT_2_TEMP=34
HEAT_2_DUTY=0
HEAT_2_SP=-20.0
HEAT_3_TEMP=28
HEAT_3_DUTY=0
HEAT_3_SP=-20.0
HEAT_4_TEMP=34
HEAT_4_DUTY=0
HEAT_4_SP=-20.0
MOTOR_ANGLE=0.004186046511627906
MOTOR_ACCUM=1.0506976744186047
MOTOR_ROT=2
TS=1786204255.777
V_SENSE5=1.19873046875
V_SENSE9=0.0390625
V_SENSE12=0.1123046875
ADC_V5=4.920654296875
ADC_V9=9.097900390625
ADC_V12=11.9122314453125
ADC_V28=27.7716064453125
THERMAL_SENS_OUT_1=32
THERMAL_SENS_OUT_2=-50
THERMAL_SENS_OUT_3=33
THERMAL_SENS_OUT_4=28
THERMAL_SENS_OUT_5=33
THERMAL_SENS_OUT_6=-50
THERMAL_SENS_INT_1=24
THERMAL_SENS_INT_2=31
PG_5=0
PG_9=0
PG_12=0
FLT_P2=0
FLT_P3=0
HEAT_1_TEMP=32
HEAT_1_DUTY=0
HEAT_1_SP=-20.0
HEAT_2_TEMP=33
HEAT_2_DUTY=0
HEAT_2_SP=-20.0
HEAT_3_TEMP=28
HEAT_3_DUTY=0
HEAT_3_SP=-20.0
HEAT_4_TEMP=33
HEAT_4_DUTY=0
HEAT_4_SP=-20.0
MOTOR_ANGLE=0.004186046511627906
MOTOR_ACCUM=1.0506976744186047
MOTOR_ROT=2
TS=1786204256.288
V_SENSE5=1.32568359375
V_SENSE9=0.03662109375
V_SENSE12=0.21240234375
ADC_V5=4.9383544921875
ADC_V9=8.85009765625
ADC_V12=11.90338134765625
ADC_V28=27.79815673828125
THERMAL_SENS_OUT_1=33
THERMAL_SENS_OUT_2=-50
THERMAL_SENS_OUT_3=37
THERMAL_SENS_OUT_4=29
THERMAL_SENS_OUT_5=35
THERMAL_SENS_OUT_6=-50
THERMAL_SENS_INT_1=30
THERMAL_SENS_INT_2=26
PG_5=0
PG_9=0
PG_12=0
FLT_P2=0
FLT_P3=0
HEAT_1_TEMP=33
HEAT_1_DUTY=0
HEAT_1_SP=-20.0
HEAT_2_TEMP=37
HEAT_2_DUTY=0
HEAT_2_SP=-20.0
HEAT_3_TEMP=29
HEAT_3_DUTY=0
HEAT_3_SP=-20.0
HEAT_4_TEMP=35
HEAT_4_DUTY=0
HEAT_4_SP=-20.0
MOTOR_ANGLE=0.004186046511627906
MOTOR_ACCUM=1.0506976744186047
MOTOR_ROT=2

[11:59:27.090 EBOX]
TS=1786204256.780
V_SENSE5=1.2646484375
V_SENSE9=0.0341796875
V_SENSE12=0.10498046875
ADC_V5=4.9560546875
ADC_V9=9.13330078125
ADC_V12=11.7529296875
ADC_V28=26.93084716796875
THERMAL_SENS_OUT_1=28
THERMAL_SENS_OUT_2=-50
THERMAL_SENS_OUT_3=32
THERMAL_SENS_OUT_4=31
THERMAL_SENS_OUT_5=33
THERMAL_SENS_OUT_6=-50
THERMAL_SENS_INT_1=25
THERMAL_SENS_INT_2=30
PG_5=0
PG_9=0
PG_12=0
FLT_P2=0
FLT_P3=0
HEAT_1_TEMP=28
HEAT_1_DUTY=0
HEAT_1_SP=-20.0
HEAT_2_TEMP=32
HEAT_2_DUTY=0
HEAT_2_SP=-20.0
HEAT_3_TEMP=31
HEAT_3_DUTY=0
HEAT_3_SP=-20.0
HEAT_4_TEMP=33
HEAT_4_DUTY=0
HEAT_4_SP=-20.0
MOTOR_ANGLE=0.004186046511627906
MOTOR_ACCUM=1.0506976744186047
MOTOR_ROT=2
TS=1786204257.282
V_SENSE5=1.24755859375
V_SENSE9=0.0341796875
V_SENSE12=0.107421875
ADC_V5=5.00030517578125
ADC_V9=9.0093994140625
ADC_V12=11.83258056640625
ADC_V28=27.11669921875
THERMAL_SENS_OUT_1=28
THERMAL_SENS_OUT_2=-50
THERMAL_SENS_OUT_3=32
THERMAL_SENS_OUT_4=25
THERMAL_SENS_OUT_5=38
THERMAL_SENS_OUT_6=-50
THERMAL_SENS_INT_1=23
THERMAL_SENS_INT_2=25
PG_5=0
PG_9=0
PG_12=0
FLT_P2=0
FLT_P3=0
HEAT_1_TEMP=28
HEAT_1_DUTY=0
HEAT_1_SP=-20.0
HEAT_2_TEMP=32
HEAT_2_DUTY=0
HEAT_2_SP=-20.0
HEAT_3_TEMP=25
HEAT_3_DUTY=0
HEAT_3_SP=-20.0
HEAT_4_TEMP=38
HEAT_4_DUTY=0
HEAT_4_SP=-20.0
MOTOR_ANGLE=0.004186046511627906
MOTOR_ACCUM=1.0506976744186047
MOTOR_ROT=2

[11:59:27.414 EBOX]
TS=1786204257.784
V_SENSE5=1.24755859375
V_SENSE9=0.0390625
V_SENSE12=0.08544921875
ADC_V5=4.920654296875
ADC_V9=9.31915283203125
ADC_V12=11.7706298828125
ADC_V28=27.65655517578125
THERMAL_SENS_OUT_1=31
THERMAL_SENS_OUT_2=-50
THERMAL_SENS_OUT_3=33
THERMAL_SENS_OUT_4=31
THERMAL_SENS_OUT_5=32
THERMAL_SENS_OUT_6=-50
THERMAL_SENS_INT_1=26
THERMAL_SENS_INT_2=29
PG_5=0
PG_9=0
PG_12=0
FLT_P2=0
FLT_P3=0
HEAT_1_TEMP=31
HEAT_1_DUTY=0
HEAT_1_SP=-20.0
HEAT_2_TEMP=33
HEAT_2_DUTY=0
HEAT_2_SP=-20.0
HEAT_3_TEMP=31
HEAT_3_DUTY=0
HEAT_3_SP=-20.0
HEAT_4_TEMP=32
HEAT_4_DUTY=0
HEAT_4_SP=-20.0
MOTOR_ANGLE=0.004186046511627906
MOTOR_ACCUM=1.0506976744186047
MOTOR_ROT=2

[11:59:28.044 EBOX]
TS=1786204258.285
V_SENSE5=1.1865234375
V_SENSE9=0.0341796875
V_SENSE12=0.126953125
ADC_V5=5.00030517578125
ADC_V9=9.1156005859375
ADC_V12=11.8414306640625
ADC_V28=26.939697265625
THERMAL_SENS_OUT_1=28
THERMAL_SENS_OUT_2=-50
THERMAL_SENS_OUT_3=31
THERMAL_SENS_OUT_4=31
THERMAL_SENS_OUT_5=32
THERMAL_SENS_OUT_6=-50
THERMAL_SENS_INT_1=26
THERMAL_SENS_INT_2=29
PG_5=0
PG_9=0
PG_12=0
FLT_P2=0
FLT_P3=0
HEAT_1_TEMP=28
HEAT_1_DUTY=0
HEAT_1_SP=-20.0
HEAT_2_TEMP=31
HEAT_2_DUTY=0
HEAT_2_SP=-20.0
HEAT_3_TEMP=31
HEAT_3_DUTY=0
HEAT_3_SP=-20.0
HEAT_4_TEMP=32
HEAT_4_DUTY=0
HEAT_4_SP=-20.0
MOTOR_ANGLE=0.004186046511627906
MOTOR_ACCUM=1.0506976744186047
MOTOR_ROT=2

[11:59:28.674 EBOX]
TS=1786204258.788
V_SENSE5=1.27685546875
V_SENSE9=0.07080078125
V_SENSE12=0.10498046875
ADC_V5=4.8321533203125
ADC_V9=9.0093994140625
ADC_V12=11.85028076171875
ADC_V28=27.152099609375
THERMAL_SENS_OUT_1=26
THERMAL_SENS_OUT_2=-50
THERMAL_SENS_OUT_3=30
THERMAL_SENS_OUT_4=29
THERMAL_SENS_OUT_5=32
THERMAL_SENS_OUT_6=-50
THERMAL_SENS_INT_1=27
THERMAL_SENS_INT_2=28
PG_5=0
PG_9=0
PG_12=0
FLT_P2=0
FLT_P3=0
HEAT_1_TEMP=26
HEAT_1_DUTY=0
HEAT_1_SP=-20.0
HEAT_2_TEMP=30
HEAT_2_DUTY=0
HEAT_2_SP=-20.0
HEAT_3_TEMP=29
HEAT_3_DUTY=0
HEAT_3_SP=-20.0
HEAT_4_TEMP=32
HEAT_4_DUTY=0
HEAT_4_SP=-20.0
MOTOR_ANGLE=0.004186046511627906
MOTOR_ACCUM=1.0506976744186047
MOTOR_ROT=2

[11:59:29.096 EBOX]
TS=1786204259.289
V_SENSE5=1.26708984375
V_SENSE9=0.03173828125
V_SENSE12=0.107421875
ADC_V5=4.991455078125
ADC_V9=9.239501953125
ADC_V12=11.82373046875
ADC_V28=26.93084716796875
THERMAL_SENS_OUT_1=28
THERMAL_SENS_OUT_2=-50
THERMAL_SENS_OUT_3=32
THERMAL_SENS_OUT_4=25
THERMAL_SENS_OUT_5=33
THERMAL_SENS_OUT_6=-50
THERMAL_SENS_INT_1=24
THERMAL_SENS_INT_2=27
PG_5=0
PG_9=0
PG_12=0
FLT_P2=0
FLT_P3=0
HEAT_1_TEMP=28
HEAT_1_DUTY=0
HEAT_1_SP=-20.0
HEAT_2_TEMP=32
HEAT_2_DUTY=0
HEAT_2_SP=-20.0
HEAT_3_TEMP=25
HEAT_3_DUTY=0
HEAT_3_SP=-20.0
HEAT_4_TEMP=33
HEAT_4_DUTY=0
HEAT_4_SP=-20.0
MOTOR_ANGLE=0.004186046511627906
MOTOR_ACCUM=1.0506976744186047
MOTOR_ROT=2

[11:59:29.519 EBOX]
TS=1786204259.790
V_SENSE5=1.25
V_SENSE9=0.04150390625
V_SENSE12=0.1220703125
ADC_V5=4.9029541015625
ADC_V9=8.9739990234375
ADC_V12=11.8060302734375
ADC_V28=27.010498046875
THERMAL_SENS_OUT_1=27
THERMAL_SENS_OUT_2=-50
THERMAL_SENS_OUT_3=30
THERMAL_SENS_OUT_4=29
THERMAL_SENS_OUT_5=33
THERMAL_SENS_OUT_6=-50
THERMAL_SENS_INT_1=28
THERMAL_SENS_INT_2=25
PG_5=0
PG_9=0
PG_12=0
FLT_P2=0
FLT_P3=0
HEAT_1_TEMP=27
HEAT_1_DUTY=0
HEAT_1_SP=-20.0
HEAT_2_TEMP=30
HEAT_2_DUTY=0
HEAT_2_SP=-20.0
HEAT_3_TEMP=29
HEAT_3_DUTY=0
HEAT_3_SP=-20.0
HEAT_4_TEMP=33
HEAT_4_DUTY=0
HEAT_4_SP=-20.0
MOTOR_ANGLE=0.004186046511627906
MOTOR_ACCUM=1.0506976744186047
MOTOR_ROT=2

[11:59:29.840 EBOX]
TS=1786204260.291
V_SENSE5=1.2890625
V_SENSE9=0.03662109375
V_SENSE12=0.1220703125
ADC_V5=4.94720458984375
ADC_V9=8.814697265625
ADC_V12=11.92108154296875
ADC_V28=27.364501953125
THERMAL_SENS_OUT_1=29
THERMAL_SENS_OUT_2=-50
THERMAL_SENS_OUT_3=33
THERMAL_SENS_OUT_4=29
THERMAL_SENS_OUT_5=31
THERMAL_SENS_OUT_6=-50
THERMAL_SENS_INT_1=29
THERMAL_SENS_INT_2=26
PG_5=0
PG_9=0
PG_12=0
FLT_P2=0
FLT_P3=0
HEAT_1_TEMP=29
HEAT_1_DUTY=0
HEAT_1_SP=-20.0
HEAT_2_TEMP=33
HEAT_2_DUTY=0
HEAT_2_SP=-20.0
HEAT_3_TEMP=29
HEAT_3_DUTY=0
HEAT_3_SP=-20.0
HEAT_4_TEMP=31
HEAT_4_DUTY=0
HEAT_4_SP=-20.0
MOTOR_ANGLE=0.004186046511627906
MOTOR_ACCUM=1.0506976744186047
MOTOR_ROT=2

[11:59:31.607 EBOX]
TS=1786204260.798
V_SENSE5=1.1328125
V_SENSE9=0.0390625
V_SENSE12=0.14404296875
ADC_V5=4.920654296875
ADC_V9=9.19525146484375
ADC_V12=11.7352294921875
ADC_V28=27.46185302734375
THERMAL_SENS_OUT_1=28
THERMAL_SENS_OUT_2=-50
THERMAL_SENS_OUT_3=32
THERMAL_SENS_OUT_4=26
THERMAL_SENS_OUT_5=34
THERMAL_SENS_OUT_6=-50
THERMAL_SENS_INT_1=29
THERMAL_SENS_INT_2=28
PG_5=0
PG_9=0
PG_12=0
FLT_P2=0
FLT_P3=0
HEAT_1_TEMP=28
HEAT_1_DUTY=0
HEAT_1_SP=-20.0
HEAT_2_TEMP=32
HEAT_2_DUTY=0
HEAT_2_SP=-20.0
HEAT_3_TEMP=26
HEAT_3_DUTY=0
HEAT_3_SP=-20.0
HEAT_4_TEMP=34
HEAT_4_DUTY=0
HEAT_4_SP=-20.0
MOTOR_ANGLE=0.004186046511627906
MOTOR_ACCUM=1.0506976744186047
MOTOR_ROT=2
TS=1786204261.297
V_SENSE5=1.2744140625
V_SENSE9=0.0390625
V_SENSE12=0.10986328125
ADC_V5=4.87640380859375
ADC_V9=9.07135009765625
ADC_V12=11.86798095703125
ADC_V28=27.01934814453125
THERMAL_SENS_OUT_1=28
THERMAL_SENS_OUT_2=-50
THERMAL_SENS_OUT_3=35
THERMAL_SENS_OUT_4=26
THERMAL_SENS_OUT_5=36
THERMAL_SENS_OUT_6=-50
THERMAL_SENS_INT_1=28
THERMAL_SENS_INT_2=25
PG_5=0
PG_9=0
PG_12=0
FLT_P2=0
FLT_P3=0
HEAT_1_TEMP=28
HEAT_1_DUTY=0
HEAT_1_SP=-20.0
HEAT_2_TEMP=35
HEAT_2_DUTY=0
HEAT_2_SP=-20.0
HEAT_3_TEMP=26
HEAT_3_DUTY=0
HEAT_3_SP=-20.0
HEAT_4_TEMP=36
HEAT_4_DUTY=0
HEAT_4_SP=-20.0
MOTOR_ANGLE=0.004186046511627906
MOTOR_ACCUM=1.0506976744186047
MOTOR_ROT=2

[11:59:32.331 EBOX]
TS=1786204261.797
V_SENSE5=1.27685546875
V_SENSE9=0.0390625
V_SENSE12=0.1171875
ADC_V5=4.88525390625
ADC_V9=9.55810546875
ADC_V12=11.63787841796875
ADC_V28=27.42645263671875
THERMAL_SENS_OUT_1=26
THERMAL_SENS_OUT_2=-50
THERMAL_SENS_OUT_3=35
THERMAL_SENS_OUT_4=26
THERMAL_SENS_OUT_5=36
THERMAL_SENS_OUT_6=-50
THERMAL_SENS_INT_1=23
THERMAL_SENS_INT_2=25
PG_5=0
PG_9=0
PG_12=0
FLT_P2=0
FLT_P3=0
HEAT_1_TEMP=26
HEAT_1_DUTY=0
HEAT_1_SP=-20.0
HEAT_2_TEMP=35
HEAT_2_DUTY=0
HEAT_2_SP=-20.0
HEAT_3_TEMP=26
HEAT_3_DUTY=0
HEAT_3_SP=-20.0
HEAT_4_TEMP=36
HEAT_4_DUTY=0
HEAT_4_SP=-20.0
MOTOR_ANGLE=0.004186046511627906
MOTOR_ACCUM=1.0506976744186047
MOTOR_ROT=2

[11:59:32.954 EBOX]
TS=1786204262.298
V_SENSE5=1.3427734375
V_SENSE9=0.0390625
V_SENSE12=0.1171875
ADC_V5=4.98260498046875
ADC_V9=9.27490234375
ADC_V12=11.63787841796875
ADC_V28=27.9486083984375
THERMAL_SENS_OUT_1=29
THERMAL_SENS_OUT_2=-50
THERMAL_SENS_OUT_3=32
THERMAL_SENS_OUT_4=32
THERMAL_SENS_OUT_5=34
THERMAL_SENS_OUT_6=-50
THERMAL_SENS_INT_1=27
THERMAL_SENS_INT_2=27
PG_5=0
PG_9=0
PG_12=0
FLT_P2=0
FLT_P3=0
HEAT_1_TEMP=29
HEAT_1_DUTY=0
HEAT_1_SP=-20.0
HEAT_2_TEMP=32
HEAT_2_DUTY=0
HEAT_2_SP=-20.0
HEAT_3_TEMP=32
HEAT_3_DUTY=0
HEAT_3_SP=-20.0
HEAT_4_TEMP=34
HEAT_4_DUTY=0
HEAT_4_SP=-20.0
MOTOR_ANGLE=0.004186046511627906
MOTOR_ACCUM=1.0506976744186047
MOTOR_ROT=2

[11:59:33.496 EBOX]
TS=1786204262.799
V_SENSE5=1.25244140625
V_SENSE9=0.0341796875
V_SENSE12=0.1171875
ADC_V5=4.92950439453125
ADC_V9=8.71734619140625
ADC_V12=11.788330078125
ADC_V28=27.8955078125
THERMAL_SENS_OUT_1=33
THERMAL_SENS_OUT_2=-50
THERMAL_SENS_OUT_3=36
THERMAL_SENS_OUT_4=25
THERMAL_SENS_OUT_5=37
THERMAL_SENS_OUT_6=-50
THERMAL_SENS_INT_1=30
THERMAL_SENS_INT_2=28
PG_5=0
PG_9=0
PG_12=0
FLT_P2=0
FLT_P3=0
HEAT_1_TEMP=33
HEAT_1_DUTY=0
HEAT_1_SP=-20.0
HEAT_2_TEMP=36
HEAT_2_DUTY=0
HEAT_2_SP=-20.0
HEAT_3_TEMP=25
HEAT_3_DUTY=0
HEAT_3_SP=-20.0
HEAT_4_TEMP=37
HEAT_4_DUTY=0
HEAT_4_SP=-20.0
MOTOR_ANGLE=0.004186046511627906
MOTOR_ACCUM=1.0506976744186047
MOTOR_ROT=2
TS=1786204263.306
V_SENSE5=1.15478515625
V_SENSE9=0.0341796875
V_SENSE12=0.09765625
ADC_V5=4.920654296875
ADC_V9=9.2926025390625
ADC_V12=11.8414306640625
ADC_V28=27.9840087890625
THERMAL_SENS_OUT_1=33
THERMAL_SENS_OUT_2=-50
THERMAL_SENS_OUT_3=30
THERMAL_SENS_OUT_4=28
THERMAL_SENS_OUT_5=31
THERMAL_SENS_OUT_6=-50
THERMAL_SENS_INT_1=25
THERMAL_SENS_INT_2=26
PG_5=0
PG_9=0
PG_12=0
FLT_P2=0
FLT_P3=0
HEAT_1_TEMP=33
HEAT_1_DUTY=0
HEAT_1_SP=-20.0
HEAT_2_TEMP=30
HEAT_2_DUTY=0
HEAT_2_SP=-20.0
HEAT_3_TEMP=28
HEAT_3_DUTY=0
HEAT_3_SP=-20.0
HEAT_4_TEMP=31
HEAT_4_DUTY=0
HEAT_4_SP=-20.0
MOTOR_ANGLE=0.004186046511627906
MOTOR_ACCUM=1.0506976744186047
MOTOR_ROT=2

[11:59:33.821 EBOX]
TS=1786204263.802
V_SENSE5=1.23046875
V_SENSE9=0.0341796875
V_SENSE12=0.1171875
ADC_V5=4.814453125
ADC_V9=9.08905029296875
ADC_V12=11.859130859375
ADC_V28=27.82470703125
THERMAL_SENS_OUT_1=27
THERMAL_SENS_OUT_2=-50
THERMAL_SENS_OUT_3=31
THERMAL_SENS_OUT_4=29
THERMAL_SENS_OUT_5=36
THERMAL_SENS_OUT_6=-50
THERMAL_SENS_INT_1=25
THERMAL_SENS_INT_2=30
PG_5=0
PG_9=0
PG_12=0
FLT_P2=0
FLT_P3=0
HEAT_1_TEMP=27
HEAT_1_DUTY=0
HEAT_1_SP=-20.0
HEAT_2_TEMP=31
HEAT_2_DUTY=0
HEAT_2_SP=-20.0
HEAT_3_TEMP=29
HEAT_3_DUTY=0
HEAT_3_SP=-20.0
HEAT_4_TEMP=36
HEAT_4_DUTY=0
HEAT_4_SP=-20.0
MOTOR_ANGLE=0.004186046511627906
MOTOR_ACCUM=1.0506976744186047
MOTOR_ROT=2

[11:59:34.245 EBOX]
TS=1786204264.305
V_SENSE5=1.24267578125
V_SENSE9=0.0390625
V_SENSE12=0.12451171875
ADC_V5=5.08880615234375
ADC_V9=9.4342041015625
ADC_V12=11.89453125
ADC_V28=27.470703125
THERMAL_SENS_OUT_1=28
THERMAL_SENS_OUT_2=-50
THERMAL_SENS_OUT_3=31
THERMAL_SENS_OUT_4=31
THERMAL_SENS_OUT_5=33
THERMAL_SENS_OUT_6=-50
THERMAL_SENS_INT_1=23
THERMAL_SENS_INT_2=29
PG_5=0
PG_9=0
PG_12=0
FLT_P2=0
FLT_P3=0
HEAT_1_TEMP=28
HEAT_1_DUTY=0
HEAT_1_SP=-20.0
HEAT_2_TEMP=31
HEAT_2_DUTY=0
HEAT_2_SP=-20.0
HEAT_3_TEMP=31
HEAT_3_DUTY=0
HEAT_3_SP=-20.0
HEAT_4_TEMP=33
HEAT_4_DUTY=0
HEAT_4_SP=-20.0
MOTOR_ANGLE=0.004186046511627906
MOTOR_ACCUM=1.0506976744186047
MOTOR_ROT=2

[11:59:35.819 EBOX]
TS=1786204264.805
V_SENSE5=1.48193359375
V_SENSE9=0.0341796875
V_SENSE12=0.1220703125
ADC_V5=4.84100341796875
ADC_V9=9.1156005859375
ADC_V12=11.8768310546875
ADC_V28=26.9927978515625
THERMAL_SENS_OUT_1=27
THERMAL_SENS_OUT_2=-50
THERMAL_SENS_OUT_3=32
THERMAL_SENS_OUT_4=29
THERMAL_SENS_OUT_5=32
THERMAL_SENS_OUT_6=-50
THERMAL_SENS_INT_1=27
THERMAL_SENS_INT_2=25
PG_5=0
PG_9=0
PG_12=0
FLT_P2=0
FLT_P3=0
HEAT_1_TEMP=27
HEAT_1_DUTY=0
HEAT_1_SP=-20.0
HEAT_2_TEMP=32
HEAT_2_DUTY=0
HEAT_2_SP=-20.0
HEAT_3_TEMP=29
HEAT_3_DUTY=0
HEAT_3_SP=-20.0
HEAT_4_TEMP=32
HEAT_4_DUTY=0
HEAT_4_SP=-20.0
MOTOR_ANGLE=0.004186046511627906
MOTOR_ACCUM=1.0506976744186047
MOTOR_ROT=2
TS=1786204265.307
V_SENSE5=1.3818359375
V_SENSE9=0.05615234375
V_SENSE12=0.1171875
ADC_V5=4.87640380859375
ADC_V9=8.885498046875
ADC_V12=11.77947998046875
ADC_V28=27.2760009765625
THERMAL_SENS_OUT_1=32
THERMAL_SENS_OUT_2=-50
THERMAL_SENS_OUT_3=30
THERMAL_SENS_OUT_4=27
THERMAL_SENS_OUT_5=38
THERMAL_SENS_OUT_6=-50
THERMAL_SENS_INT_1=25
THERMAL_SENS_INT_2=30
PG_5=0
PG_9=0
PG_12=0
FLT_P2=0
FLT_P3=0
HEAT_1_TEMP=32
HEAT_1_DUTY=0
HEAT_1_SP=-20.0
HEAT_2_TEMP=30
HEAT_2_DUTY=0
HEAT_2_SP=-20.0
HEAT_3_TEMP=27
HEAT_3_DUTY=0
HEAT_3_SP=-20.0
HEAT_4_TEMP=38
HEAT_4_DUTY=0
HEAT_4_SP=-20.0
MOTOR_ANGLE=0.004186046511627906
MOTOR_ACCUM=1.0506976744186047
MOTOR_ROT=2

[11:59:37.325 EBOX]
TS=1786204265.808
V_SENSE5=1.26708984375
V_SENSE9=0.03662109375
V_SENSE12=0.1220703125
ADC_V5=4.89410400390625
ADC_V9=9.31915283203125
ADC_V12=11.92108154296875
ADC_V28=27.11669921875
THERMAL_SENS_OUT_1=28
THERMAL_SENS_OUT_2=-50
THERMAL_SENS_OUT_3=35
THERMAL_SENS_OUT_4=28
THERMAL_SENS_OUT_5=36
THERMAL_SENS_OUT_6=-50
THERMAL_SENS_INT_1=29
THERMAL_SENS_INT_2=31
PG_5=0
PG_9=0
PG_12=0
FLT_P2=0
FLT_P3=0
HEAT_1_TEMP=28
HEAT_1_DUTY=0
HEAT_1_SP=-20.0
HEAT_2_TEMP=35
HEAT_2_DUTY=0
HEAT_2_SP=-20.0
HEAT_3_TEMP=28
HEAT_3_DUTY=0
HEAT_3_SP=-20.0
HEAT_4_TEMP=36
HEAT_4_DUTY=0
HEAT_4_SP=-20.0
MOTOR_ANGLE=0.004186046511627906
MOTOR_ACCUM=1.0506976744186047
MOTOR_ROT=2
TS=1786204266.311
V_SENSE5=1.27685546875
V_SENSE9=0.11474609375
V_SENSE12=0.12939453125
ADC_V5=4.92950439453125
ADC_V9=8.9031982421875
ADC_V12=11.97418212890625
ADC_V28=27.6654052734375
THERMAL_SENS_OUT_1=31
THERMAL_SENS_OUT_2=-50
THERMAL_SENS_OUT_3=32
THERMAL_SENS_OUT_4=30
THERMAL_SENS_OUT_5=31
THERMAL_SENS_OUT_6=-50
THERMAL_SENS_INT_1=26
THERMAL_SENS_INT_2=25
PG_5=0
PG_9=0
PG_12=0
FLT_P2=0
FLT_P3=0
HEAT_1_TEMP=31
HEAT_1_DUTY=0
HEAT_1_SP=-20.0
HEAT_2_TEMP=32
HEAT_2_DUTY=0
HEAT_2_SP=-20.0
HEAT_3_TEMP=30
HEAT_3_DUTY=0
HEAT_3_SP=-20.0
HEAT_4_TEMP=31
HEAT_4_DUTY=0
HEAT_4_SP=-20.0
MOTOR_ANGLE=0.004186046511627906
MOTOR_ACCUM=1.0506976744186047
MOTOR_ROT=2
TS=1786204266.812
V_SENSE5=1.26708984375
V_SENSE9=0.04150390625
V_SENSE12=0.1123046875
ADC_V5=5.03570556640625
ADC_V9=9.62005615234375
ADC_V12=11.83258056640625
ADC_V28=26.8511962890625
THERMAL_SENS_OUT_1=28
THERMAL_SENS_OUT_2=-50
THERMAL_SENS_OUT_3=32
THERMAL_SENS_OUT_4=30
THERMAL_SENS_OUT_5=33
THERMAL_SENS_OUT_6=-50
THERMAL_SENS_INT_1=24
THERMAL_SENS_INT_2=28
PG_5=0
PG_9=0
PG_12=0
FLT_P2=0
FLT_P3=0
HEAT_1_TEMP=28
HEAT_1_DUTY=0
HEAT_1_SP=-20.0
HEAT_2_TEMP=32
HEAT_2_DUTY=0
HEAT_2_SP=-20.0
HEAT_3_TEMP=30
HEAT_3_DUTY=0
HEAT_3_SP=-20.0
HEAT_4_TEMP=33
HEAT_4_DUTY=0
HEAT_4_SP=-20.0
MOTOR_ANGLE=0.004186046511627906
MOTOR_ACCUM=1.0506976744186047
MOTOR_ROT=2

[11:59:37.448 EBOX]
TS=1786204267.314
V_SENSE5=1.28173828125
V_SENSE9=0.07568359375
V_SENSE12=0.1025390625
ADC_V5=4.87640380859375
ADC_V9=9.239501953125
ADC_V12=11.611328125
ADC_V28=27.88665771484375
THERMAL_SENS_OUT_1=26
THERMAL_SENS_OUT_2=-50
THERMAL_SENS_OUT_3=30
THERMAL_SENS_OUT_4=28
THERMAL_SENS_OUT_5=34
THERMAL_SENS_OUT_6=-50
THERMAL_SENS_INT_1=25
THERMAL_SENS_INT_2=30
PG_5=0
PG_9=0
PG_12=0
FLT_P2=0
FLT_P3=0
HEAT_1_TEMP=26
HEAT_1_DUTY=0
HEAT_1_SP=-20.0
HEAT_2_TEMP=30
HEAT_2_DUTY=0
HEAT_2_SP=-20.0
HEAT_3_TEMP=28
HEAT_3_DUTY=0
HEAT_3_SP=-20.0
HEAT_4_TEMP=34
HEAT_4_DUTY=0
HEAT_4_SP=-20.0
MOTOR_ANGLE=0.004186046511627906
MOTOR_ACCUM=1.0506976744186047
MOTOR_ROT=2

[11:59:37.771 EBOX]
TS=1786204267.840
V_SENSE5=1.27685546875
V_SENSE9=0.0390625
V_SENSE12=0.1220703125
ADC_V5=4.7967529296875
ADC_V9=8.70849609375
ADC_V12=11.6290283203125
ADC_V28=27.75390625
THERMAL_SENS_OUT_1=28
THERMAL_SENS_OUT_2=-50
THERMAL_SENS_OUT_3=31
THERMAL_SENS_OUT_4=30
THERMAL_SENS_OUT_5=35
THERMAL_SENS_OUT_6=-50
THERMAL_SENS_INT_1=24
THERMAL_SENS_INT_2=31
PG_5=0
PG_9=0
PG_12=0
FLT_P2=0
FLT_P3=0
HEAT_1_TEMP=28
HEAT_1_DUTY=0
HEAT_1_SP=-20.0
HEAT_2_TEMP=31
HEAT_2_DUTY=0
HEAT_2_SP=-20.0
HEAT_3_TEMP=30
HEAT_3_DUTY=0
HEAT_3_SP=-20.0
HEAT_4_TEMP=35
HEAT_4_DUTY=0
HEAT_4_SP=-20.0
MOTOR_ANGLE=0.004186046511627906
MOTOR_ACCUM=1.0506976744186047
MOTOR_ROT=2

[11:59:38.195 EBOX]
TS=1786204268.315
V_SENSE5=1.21337890625
V_SENSE9=0.0390625
V_SENSE12=0.1123046875
ADC_V5=4.84100341796875
ADC_V9=9.42535400390625
ADC_V12=11.46087646484375
ADC_V28=27.470703125
THERMAL_SENS_OUT_1=32
THERMAL_SENS_OUT_2=-50
THERMAL_SENS_OUT_3=36
THERMAL_SENS_OUT_4=30
THERMAL_SENS_OUT_5=32
THERMAL_SENS_OUT_6=-50
THERMAL_SENS_INT_1=23
THERMAL_SENS_INT_2=28
PG_5=0
PG_9=0
PG_12=0
FLT_P2=0
FLT_P3=0
HEAT_1_TEMP=32
HEAT_1_DUTY=0
HEAT_1_SP=-20.0
HEAT_2_TEMP=36
HEAT_2_DUTY=0
HEAT_2_SP=-20.0
HEAT_3_TEMP=30
HEAT_3_DUTY=0
HEAT_3_SP=-20.0
HEAT_4_TEMP=32
HEAT_4_DUTY=0
HEAT_4_SP=-20.0
MOTOR_ANGLE=0.004186046511627906
MOTOR_ACCUM=1.0506976744186047
MOTOR_ROT=2

[11:59:38.420 EBOX]
TS=1786204268.819
V_SENSE5=1.32568359375
V_SENSE9=0.10498046875
V_SENSE12=0.107421875
ADC_V5=4.88525390625
ADC_V9=9.23065185546875
ADC_V12=11.92108154296875
ADC_V28=27.39105224609375
THERMAL_SENS_OUT_1=28
THERMAL_SENS_OUT_2=-50
THERMAL_SENS_OUT_3=30
THERMAL_SENS_OUT_4=27
THERMAL_SENS_OUT_5=37
THERMAL_SENS_OUT_6=-50
THERMAL_SENS_INT_1=28
THERMAL_SENS_INT_2=26
PG_5=0
PG_9=0
PG_12=0
FLT_P2=0
FLT_P3=0
HEAT_1_TEMP=28
HEAT_1_DUTY=0
HEAT_1_SP=-20.0
HEAT_2_TEMP=30
HEAT_2_DUTY=0
HEAT_2_SP=-20.0
HEAT_3_TEMP=27
HEAT_3_DUTY=0
HEAT_3_SP=-20.0
HEAT_4_TEMP=37
HEAT_4_DUTY=0
HEAT_4_SP=-20.0
MOTOR_ANGLE=0.004186046511627906
MOTOR_ACCUM=1.0506976744186047
MOTOR_ROT=2

[11:59:38.945 EBOX]
TS=1786204269.321
V_SENSE5=1.26708984375
V_SENSE9=0.0390625
V_SENSE12=0.107421875
ADC_V5=4.814453125
ADC_V9=9.56695556640625
ADC_V12=11.65557861328125
ADC_V28=27.63885498046875
THERMAL_SENS_OUT_1=30
THERMAL_SENS_OUT_2=-50
THERMAL_SENS_OUT_3=30
THERMAL_SENS_OUT_4=28
THERMAL_SENS_OUT_5=32
THERMAL_SENS_OUT_6=-50
THERMAL_SENS_INT_1=24
THERMAL_SENS_INT_2=29
PG_5=0
PG_9=0
PG_12=0
FLT_P2=0
FLT_P3=0
HEAT_1_TEMP=30
HEAT_1_DUTY=0
HEAT_1_SP=-20.0
HEAT_2_TEMP=30
HEAT_2_DUTY=0
HEAT_2_SP=-20.0
HEAT_3_TEMP=28
HEAT_3_DUTY=0
HEAT_3_SP=-20.0
HEAT_4_TEMP=32
HEAT_4_DUTY=0
HEAT_4_SP=-20.0
MOTOR_ANGLE=0.004186046511627906
MOTOR_ACCUM=1.0506976744186047
MOTOR_ROT=2

[11:59:39.669 EBOX]
TS=1786204269.821
V_SENSE5=1.21826171875
V_SENSE9=0.0390625
V_SENSE12=0.126953125
ADC_V5=5.08880615234375
ADC_V9=9.33685302734375
ADC_V12=11.67327880859375
ADC_V28=27.95745849609375
THERMAL_SENS_OUT_1=30
THERMAL_SENS_OUT_2=-50
THERMAL_SENS_OUT_3=32
THERMAL_SENS_OUT_4=30
THERMAL_SENS_OUT_5=32
THERMAL_SENS_OUT_6=-50
THERMAL_SENS_INT_1=25
THERMAL_SENS_INT_2=30
PG_5=0
PG_9=0
PG_12=0
FLT_P2=0
FLT_P3=0
HEAT_1_TEMP=30
HEAT_1_DUTY=0
HEAT_1_SP=-20.0
HEAT_2_TEMP=32
HEAT_2_DUTY=0
HEAT_2_SP=-20.0
HEAT_3_TEMP=30
HEAT_3_DUTY=0
HEAT_3_SP=-20.0
HEAT_4_TEMP=32
HEAT_4_DUTY=0
HEAT_4_SP=-20.0
MOTOR_ANGLE=0.004186046511627906
MOTOR_ACCUM=1.0506976744186047
MOTOR_ROT=2

[11:59:39.893 EBOX]
TS=1786204270.324
V_SENSE5=1.318359375
V_SENSE9=0.03173828125
V_SENSE12=0.1123046875
ADC_V5=4.9737548828125
ADC_V9=9.1156005859375
ADC_V12=11.6998291015625
ADC_V28=27.93975830078125
THERMAL_SENS_OUT_1=29
THERMAL_SENS_OUT_2=-50
THERMAL_SENS_OUT_3=35
THERMAL_SENS_OUT_4=27
THERMAL_SENS_OUT_5=38
THERMAL_SENS_OUT_6=-50
THERMAL_SENS_INT_1=26
THERMAL_SENS_INT_2=29
PG_5=0
PG_9=0
PG_12=0
FLT_P2=0
FLT_P3=0
HEAT_1_TEMP=29
HEAT_1_DUTY=0
HEAT_1_SP=-20.0
HEAT_2_TEMP=35
HEAT_2_DUTY=0
HEAT_2_SP=-20.0
HEAT_3_TEMP=27
HEAT_3_DUTY=0
HEAT_3_SP=-20.0
HEAT_4_TEMP=38
HEAT_4_DUTY=0
HEAT_4_SP=-20.0
MOTOR_ANGLE=0.004186046511627906
MOTOR_ACCUM=1.0506976744186047
MOTOR_ROT=2

[11:59:41.147 EBOX]
TS=1786204270.824
V_SENSE5=1.40869140625
V_SENSE9=0.03662109375
V_SENSE12=0.1025390625
ADC_V5=4.96490478515625
ADC_V9=9.49615478515625
ADC_V12=11.611328125
ADC_V28=27.40875244140625
THERMAL_SENS_OUT_1=29
THERMAL_SENS_OUT_2=-50
THERMAL_SENS_OUT_3=35
THERMAL_SENS_OUT_4=26
THERMAL_SENS_OUT_5=36
THERMAL_SENS_OUT_6=-50
THERMAL_SENS_INT_1=28
THERMAL_SENS_INT_2=26
PG_5=0
PG_9=0
PG_12=0
FLT_P2=0
FLT_P3=0
HEAT_1_TEMP=29
HEAT_1_DUTY=0
HEAT_1_SP=-20.0
HEAT_2_TEMP=35
HEAT_2_DUTY=0
HEAT_2_SP=-20.0
HEAT_3_TEMP=26
HEAT_3_DUTY=0
HEAT_3_SP=-20.0
HEAT_4_TEMP=36
HEAT_4_DUTY=0
HEAT_4_SP=-20.0
MOTOR_ANGLE=0.004186046511627906
MOTOR_ACCUM=1.0506976744186047
MOTOR_ROT=2
TS=1786204271.325
V_SENSE5=1.26220703125
V_SENSE9=0.0341796875
V_SENSE12=0.10986328125
ADC_V5=4.84100341796875
ADC_V9=9.17755126953125
ADC_V12=11.5582275390625
ADC_V28=27.6654052734375
THERMAL_SENS_OUT_1=32
THERMAL_SENS_OUT_2=-50
THERMAL_SENS_OUT_3=35
THERMAL_SENS_OUT_4=25
THERMAL_SENS_OUT_5=32
THERMAL_SENS_OUT_6=-50
THERMAL_SENS_INT_1=27
THERMAL_SENS_INT_2=24
PG_5=0
PG_9=0
PG_12=0
FLT_P2=0
FLT_P3=0
HEAT_1_TEMP=32
HEAT_1_DUTY=0
HEAT_1_SP=-20.0
HEAT_2_TEMP=35
HEAT_2_DUTY=0
HEAT_2_SP=-20.0
HEAT_3_TEMP=25
HEAT_3_DUTY=0
HEAT_3_SP=-20.0
HEAT_4_TEMP=32
HEAT_4_DUTY=0
HEAT_4_SP=-20.0
MOTOR_ANGLE=0.004186046511627906
MOTOR_ACCUM=1.0506976744186047
MOTOR_ROT=2

[11:59:41.473 EBOX]
TS=1786204271.828
V_SENSE5=1.25
V_SENSE9=0.0390625
V_SENSE12=0.126953125
ADC_V5=4.9029541015625
ADC_V9=8.9385986328125
ADC_V12=11.6998291015625
ADC_V28=27.435302734375
THERMAL_SENS_OUT_1=27
THERMAL_SENS_OUT_2=-50
THERMAL_SENS_OUT_3=34
THERMAL_SENS_OUT_4=30
THERMAL_SENS_OUT_5=37
THERMAL_SENS_OUT_6=-50
THERMAL_SENS_INT_1=27
THERMAL_SENS_INT_2=29
PG_5=0
PG_9=0
PG_12=0
FLT_P2=0
FLT_P3=0
HEAT_1_TEMP=27
HEAT_1_DUTY=0
HEAT_1_SP=-20.0
HEAT_2_TEMP=34
HEAT_2_DUTY=0
HEAT_2_SP=-20.0
HEAT_3_TEMP=30
HEAT_3_DUTY=0
HEAT_3_SP=-20.0
HEAT_4_TEMP=37
HEAT_4_DUTY=0
HEAT_4_SP=-20.0
MOTOR_ANGLE=0.004186046511627906
MOTOR_ACCUM=1.0506976744186047
MOTOR_ROT=2

[11:59:42.950 EBOX]
TS=1786204272.330
V_SENSE5=1.18408203125
V_SENSE9=0.0341796875
V_SENSE12=0.12939453125
ADC_V5=4.87640380859375
ADC_V9=9.1864013671875
ADC_V12=11.8768310546875
ADC_V28=27.7716064453125
THERMAL_SENS_OUT_1=32
THERMAL_SENS_OUT_2=-50
THERMAL_SENS_OUT_3=34
THERMAL_SENS_OUT_4=26
THERMAL_SENS_OUT_5=37
THERMAL_SENS_OUT_6=-50
THERMAL_SENS_INT_1=29
THERMAL_SENS_INT_2=27
PG_5=0
PG_9=0
PG_12=0
FLT_P2=0
FLT_P3=0
HEAT_1_TEMP=32
HEAT_1_DUTY=0
HEAT_1_SP=-20.0
HEAT_2_TEMP=34
HEAT_2_DUTY=0
HEAT_2_SP=-20.0
HEAT_3_TEMP=26
HEAT_3_DUTY=0
HEAT_3_SP=-20.0
HEAT_4_TEMP=37
HEAT_4_DUTY=0
HEAT_4_SP=-20.0
MOTOR_ANGLE=0.004186046511627906
MOTOR_ACCUM=1.0506976744186047
MOTOR_ROT=2
TS=1786204272.830
V_SENSE5=1.2939453125
V_SENSE9=0.0390625
V_SENSE12=0.1123046875
ADC_V5=4.8675537109375
ADC_V9=9.0802001953125
ADC_V12=11.56707763671875
ADC_V28=27.9486083984375
THERMAL_SENS_OUT_1=26
THERMAL_SENS_OUT_2=-50
THERMAL_SENS_OUT_3=36
THERMAL_SENS_OUT_4=27
THERMAL_SENS_OUT_5=37
THERMAL_SENS_OUT_6=-50
THERMAL_SENS_INT_1=24
THERMAL_SENS_INT_2=26
PG_5=0
PG_9=0
PG_12=0
FLT_P2=0
FLT_P3=0
HEAT_1_TEMP=26
HEAT_1_DUTY=0
HEAT_1_SP=-20.0
HEAT_2_TEMP=36
HEAT_2_DUTY=0
HEAT_2_SP=-20.0
HEAT_3_TEMP=27
HEAT_3_DUTY=0
HEAT_3_SP=-20.0
HEAT_4_TEMP=37
HEAT_4_DUTY=0
HEAT_4_SP=-20.0
MOTOR_ANGLE=0.004186046511627906
MOTOR_ACCUM=1.0506976744186047
MOTOR_ROT=2

[11:59:43.273 EBOX]
TS=1786204273.331
V_SENSE5=1.2109375
V_SENSE9=0.0390625
V_SENSE12=0.14404296875
ADC_V5=4.9737548828125
ADC_V9=9.2041015625
ADC_V12=11.717529296875
ADC_V28=27.6300048828125
THERMAL_SENS_OUT_1=31
THERMAL_SENS_OUT_2=-50
THERMAL_SENS_OUT_3=36
THERMAL_SENS_OUT_4=27
THERMAL_SENS_OUT_5=38
THERMAL_SENS_OUT_6=-50
THERMAL_SENS_INT_1=26
THERMAL_SENS_INT_2=28
PG_5=0
PG_9=0
PG_12=0
FLT_P2=0
FLT_P3=0
HEAT_1_TEMP=31
HEAT_1_DUTY=0
HEAT_1_SP=-20.0
HEAT_2_TEMP=36
HEAT_2_DUTY=0
HEAT_2_SP=-20.0
HEAT_3_TEMP=27
HEAT_3_DUTY=0
HEAT_3_SP=-20.0
HEAT_4_TEMP=38
HEAT_4_DUTY=0
HEAT_4_SP=-20.0
MOTOR_ANGLE=0.004186046511627906
MOTOR_ACCUM=1.0506976744186047
MOTOR_ROT=2

[11:59:43.497 EBOX]
TS=1786204273.833
V_SENSE5=1.34765625
V_SENSE9=0.03662109375
V_SENSE12=0.13916015625
ADC_V5=4.991455078125
ADC_V9=9.17755126953125
ADC_V12=11.82373046875
ADC_V28=26.87774658203125
THERMAL_SENS_OUT_1=27
THERMAL_SENS_OUT_2=-50
THERMAL_SENS_OUT_3=36
THERMAL_SENS_OUT_4=25
THERMAL_SENS_OUT_5=33
THERMAL_SENS_OUT_6=-50
THERMAL_SENS_INT_1=27
THERMAL_SENS_INT_2=31
PG_5=0
PG_9=0
PG_12=0
FLT_P2=0
FLT_P3=0
HEAT_1_TEMP=27
HEAT_1_DUTY=0
HEAT_1_SP=-20.0
HEAT_2_TEMP=36
HEAT_2_DUTY=0
HEAT_2_SP=-20.0
HEAT_3_TEMP=25
HEAT_3_DUTY=0
HEAT_3_SP=-20.0
HEAT_4_TEMP=33
HEAT_4_DUTY=0
HEAT_4_SP=-20.0
MOTOR_ANGLE=0.004186046511627906
MOTOR_ACCUM=1.0506976744186047
MOTOR_ROT=2

[11:59:44.123 EBOX]
TS=1786204274.340
V_SENSE5=1.16455078125
V_SENSE9=0.0537109375
V_SENSE12=0.1123046875
ADC_V5=4.96490478515625
ADC_V9=9.027099609375
ADC_V12=11.9476318359375
ADC_V28=28.0194091796875
THERMAL_SENS_OUT_1=32
THERMAL_SENS_OUT_2=-50
THERMAL_SENS_OUT_3=29
THERMAL_SENS_OUT_4=27
THERMAL_SENS_OUT_5=32
THERMAL_SENS_OUT_6=-50
THERMAL_SENS_INT_1=26
THERMAL_SENS_INT_2=29
PG_5=0
PG_9=0
PG_12=0
FLT_P2=0
FLT_P3=0
HEAT_1_TEMP=32
HEAT_1_DUTY=0
HEAT_1_SP=-20.0
HEAT_2_TEMP=29
HEAT_2_DUTY=0
HEAT_2_SP=-20.0
HEAT_3_TEMP=27
HEAT_3_DUTY=0
HEAT_3_SP=-20.0
HEAT_4_TEMP=32
HEAT_4_DUTY=0
HEAT_4_SP=-20.0
MOTOR_ANGLE=0.004186046511627906
MOTOR_ACCUM=1.0506976744186047
MOTOR_ROT=2

[11:59:44.544 EBOX]
TS=1786204274.843
V_SENSE5=1.2890625
V_SENSE9=0.0341796875
V_SENSE12=0.11962890625
ADC_V5=4.87640380859375
ADC_V9=9.21295166015625
ADC_V12=11.74407958984375
ADC_V28=27.47955322265625
THERMAL_SENS_OUT_1=29
THERMAL_SENS_OUT_2=-50
THERMAL_SENS_OUT_3=30
THERMAL_SENS_OUT_4=27
THERMAL_SENS_OUT_5=37
THERMAL_SENS_OUT_6=-50
THERMAL_SENS_INT_1=23
THERMAL_SENS_INT_2=28
PG_5=0
PG_9=0
PG_12=0
FLT_P2=0
FLT_P3=0
HEAT_1_TEMP=29
HEAT_1_DUTY=0
HEAT_1_SP=-20.0
HEAT_2_TEMP=30
HEAT_2_DUTY=0
HEAT_2_SP=-20.0
HEAT_3_TEMP=27
HEAT_3_DUTY=0
HEAT_3_SP=-20.0
HEAT_4_TEMP=37
HEAT_4_DUTY=0
HEAT_4_SP=-20.0
MOTOR_ANGLE=0.004186046511627906
MOTOR_ACCUM=1.0506976744186047
MOTOR_ROT=2

[11:59:45.069 EBOX]
TS=1786204275.338
V_SENSE5=1.25732421875
V_SENSE9=0.0341796875
V_SENSE12=0.126953125
ADC_V5=4.991455078125
ADC_V9=9.0093994140625
ADC_V12=11.6290283203125
ADC_V28=27.79815673828125
THERMAL_SENS_OUT_1=31
THERMAL_SENS_OUT_2=-50
THERMAL_SENS_OUT_3=32
THERMAL_SENS_OUT_4=31
THERMAL_SENS_OUT_5=33
THERMAL_SENS_OUT_6=-50
THERMAL_SENS_INT_1=23
THERMAL_SENS_INT_2=29
PG_5=0
PG_9=0
PG_12=0
FLT_P2=0
FLT_P3=0
HEAT_1_TEMP=31
HEAT_1_DUTY=0
HEAT_1_SP=-20.0
HEAT_2_TEMP=32
HEAT_2_DUTY=0
HEAT_2_SP=-20.0
HEAT_3_TEMP=31
HEAT_3_DUTY=0
HEAT_3_SP=-20.0
HEAT_4_TEMP=33
HEAT_4_DUTY=0
HEAT_4_SP=-20.0
MOTOR_ANGLE=0.004186046511627906
MOTOR_ACCUM=1.0506976744186047
MOTOR_ROT=2

[11:59:45.594 EBOX]
TS=1786204275.839
V_SENSE5=1.38671875
V_SENSE9=0.0390625
V_SENSE12=0.1171875
ADC_V5=4.9383544921875
ADC_V9=9.47845458984375
ADC_V12=11.8768310546875
ADC_V28=27.10784912109375
THERMAL_SENS_OUT_1=30
THERMAL_SENS_OUT_2=-50
THERMAL_SENS_OUT_3=30
THERMAL_SENS_OUT_4=29
THERMAL_SENS_OUT_5=32
THERMAL_SENS_OUT_6=-50
THERMAL_SENS_INT_1=28
THERMAL_SENS_INT_2=26
PG_5=0
PG_9=0
PG_12=0
FLT_P2=0
FLT_P3=0
HEAT_1_TEMP=30
HEAT_1_DUTY=0
HEAT_1_SP=-20.0
HEAT_2_TEMP=30
HEAT_2_DUTY=0
HEAT_2_SP=-20.0
HEAT_3_TEMP=29
HEAT_3_DUTY=0
HEAT_3_SP=-20.0
HEAT_4_TEMP=32
HEAT_4_DUTY=0
HEAT_4_SP=-20.0
MOTOR_ANGLE=0.004186046511627906
MOTOR_ACCUM=1.0506976744186047
MOTOR_ROT=2

[11:59:46.543 EBOX]
TS=1786204276.340
V_SENSE5=1.18408203125
V_SENSE9=0.0390625
V_SENSE12=0.11962890625
ADC_V5=4.9737548828125
ADC_V9=9.33685302734375
ADC_V12=11.646728515625
ADC_V28=27.8778076171875
THERMAL_SENS_OUT_1=31
THERMAL_SENS_OUT_2=-50
THERMAL_SENS_OUT_3=36
THERMAL_SENS_OUT_4=27
THERMAL_SENS_OUT_5=36
THERMAL_SENS_OUT_6=-50
THERMAL_SENS_INT_1=28
THERMAL_SENS_INT_2=26
PG_5=0
PG_9=0
PG_12=0
FLT_P2=0
FLT_P3=0
HEAT_1_TEMP=31
HEAT_1_DUTY=0
HEAT_1_SP=-20.0
HEAT_2_TEMP=36
HEAT_2_DUTY=0
HEAT_2_SP=-20.0
HEAT_3_TEMP=27
HEAT_3_DUTY=0
HEAT_3_SP=-20.0
HEAT_4_TEMP=36
HEAT_4_DUTY=0
HEAT_4_SP=-20.0
MOTOR_ANGLE=0.004186046511627906
MOTOR_ACCUM=1.0506976744186047
MOTOR_ROT=2
TS=1786204276.842
V_SENSE5=1.26953125
V_SENSE9=0.03662109375
V_SENSE12=0.1171875
ADC_V5=4.849853515625
ADC_V9=9.097900390625
ADC_V12=11.788330078125
ADC_V28=27.222900390625
THERMAL_SENS_OUT_1=32
THERMAL_SENS_OUT_2=-50
THERMAL_SENS_OUT_3=34
THERMAL_SENS_OUT_4=31
THERMAL_SENS_OUT_5=32
THERMAL_SENS_OUT_6=-50
THERMAL_SENS_INT_1=28
THERMAL_SENS_INT_2=24
PG_5=0
PG_9=0
PG_12=0
FLT_P2=0
FLT_P3=0
HEAT_1_TEMP=32
HEAT_1_DUTY=0
HEAT_1_SP=-20.0
HEAT_2_TEMP=34
HEAT_2_DUTY=0
HEAT_2_SP=-20.0
HEAT_3_TEMP=31
HEAT_3_DUTY=0
HEAT_3_SP=-20.0
HEAT_4_TEMP=32
HEAT_4_DUTY=0
HEAT_4_SP=-20.0
MOTOR_ANGLE=0.004186046511627906
MOTOR_ACCUM=1.0506976744186047
MOTOR_ROT=2

[11:59:47.073 EBOX]
TS=1786204277.344
V_SENSE5=1.25
V_SENSE9=0.0390625
V_SENSE12=0.10986328125
ADC_V5=4.96490478515625
ADC_V9=9.30145263671875
ADC_V12=11.86798095703125
ADC_V28=27.88665771484375
THERMAL_SENS_OUT_1=29
THERMAL_SENS_OUT_2=-50
THERMAL_SENS_OUT_3=30
THERMAL_SENS_OUT_4=28
THERMAL_SENS_OUT_5=32
THERMAL_SENS_OUT_6=-50
THERMAL_SENS_INT_1=24
THERMAL_SENS_INT_2=30
PG_5=0
PG_9=0
PG_12=0
FLT_P2=0
FLT_P3=0
HEAT_1_TEMP=29
HEAT_1_DUTY=0
HEAT_1_SP=-20.0
HEAT_2_TEMP=30
HEAT_2_DUTY=0
HEAT_2_SP=-20.0
HEAT_3_TEMP=28
HEAT_3_DUTY=0
HEAT_3_SP=-20.0
HEAT_4_TEMP=32
HEAT_4_DUTY=0
HEAT_4_SP=-20.0
MOTOR_ANGLE=0.004186046511627906
MOTOR_ACCUM=1.0506976744186047
MOTOR_ROT=2

[11:59:47.998 EBOX]
TS=1786204277.846
V_SENSE5=1.43310546875
V_SENSE9=0.0341796875
V_SENSE12=0.13427734375
ADC_V5=5.00030517578125
ADC_V9=9.21295166015625
ADC_V12=11.76177978515625
ADC_V28=27.860107421875
THERMAL_SENS_OUT_1=28
THERMAL_SENS_OUT_2=-50
THERMAL_SENS_OUT_3=36
THERMAL_SENS_OUT_4=26
THERMAL_SENS_OUT_5=36
THERMAL_SENS_OUT_6=-50
THERMAL_SENS_INT_1=30
THERMAL_SENS_INT_2=31
PG_5=0
PG_9=0
PG_12=0
FLT_P2=0
FLT_P3=0
HEAT_1_TEMP=28
HEAT_1_DUTY=0
HEAT_1_SP=-20.0
HEAT_2_TEMP=36
HEAT_2_DUTY=0
HEAT_2_SP=-20.0
HEAT_3_TEMP=26
HEAT_3_DUTY=0
HEAT_3_SP=-20.0
HEAT_4_TEMP=36
HEAT_4_DUTY=0
HEAT_4_SP=-20.0
MOTOR_ANGLE=0.004186046511627906
MOTOR_ACCUM=1.0506976744186047
MOTOR_ROT=2

[11:59:48.221 EBOX]
TS=1786204278.348
V_SENSE5=1.44287109375
V_SENSE9=0.0390625
V_SENSE12=0.1171875
ADC_V5=4.920654296875
ADC_V9=9.56695556640625
ADC_V12=11.54052734375
ADC_V28=27.7008056640625
THERMAL_SENS_OUT_1=32
THERMAL_SENS_OUT_2=-50
THERMAL_SENS_OUT_3=36
THERMAL_SENS_OUT_4=27
THERMAL_SENS_OUT_5=36
THERMAL_SENS_OUT_6=-50
THERMAL_SENS_INT_1=28
THERMAL_SENS_INT_2=26
PG_5=0
PG_9=0
PG_12=0
FLT_P2=0
FLT_P3=0
HEAT_1_TEMP=32
HEAT_1_DUTY=0
HEAT_1_SP=-20.0
HEAT_2_TEMP=36
HEAT_2_DUTY=0
HEAT_2_SP=-20.0
HEAT_3_TEMP=27
HEAT_3_DUTY=0
HEAT_3_SP=-20.0
HEAT_4_TEMP=36
HEAT_4_DUTY=0
HEAT_4_SP=-20.0
MOTOR_ANGLE=0.004186046511627906
MOTOR_ACCUM=1.0506976744186047
MOTOR_ROT=2

[11:59:48.443 EBOX]
TS=1786204278.849
V_SENSE5=1.26708984375
V_SENSE9=0.0390625
V_SENSE12=0.1171875
ADC_V5=5.0091552734375
ADC_V9=9.239501953125
ADC_V12=11.5582275390625
ADC_V28=27.718505859375
THERMAL_SENS_OUT_1=31
THERMAL_SENS_OUT_2=-50
THERMAL_SENS_OUT_3=31
THERMAL_SENS_OUT_4=30
THERMAL_SENS_OUT_5=32
THERMAL_SENS_OUT_6=-50
THERMAL_SENS_INT_1=24
THERMAL_SENS_INT_2=30
PG_5=0
PG_9=0
PG_12=0
FLT_P2=0
FLT_P3=0
HEAT_1_TEMP=31
HEAT_1_DUTY=0
HEAT_1_SP=-20.0
HEAT_2_TEMP=31
HEAT_2_DUTY=0
HEAT_2_SP=-20.0
HEAT_3_TEMP=30
HEAT_3_DUTY=0
HEAT_3_SP=-20.0
HEAT_4_TEMP=32
HEAT_4_DUTY=0
HEAT_4_SP=-20.0
MOTOR_ANGLE=0.004186046511627906
MOTOR_ACCUM=1.0506976744186047
MOTOR_ROT=2

[11:59:48.967 EBOX]
TS=1786204279.354
V_SENSE5=1.1376953125
V_SENSE9=0.0341796875
V_SENSE12=0.10498046875
ADC_V5=4.9560546875
ADC_V9=9.027099609375
ADC_V12=11.99188232421875
ADC_V28=27.24945068359375
THERMAL_SENS_OUT_1=29
THERMAL_SENS_OUT_2=-50
THERMAL_SENS_OUT_3=32
THERMAL_SENS_OUT_4=27
THERMAL_SENS_OUT_5=34
THERMAL_SENS_OUT_6=-50
THERMAL_SENS_INT_1=25
THERMAL_SENS_INT_2=27
PG_5=0
PG_9=0
PG_12=0
FLT_P2=0
FLT_P3=0
HEAT_1_TEMP=29
HEAT_1_DUTY=0
HEAT_1_SP=-20.0
HEAT_2_TEMP=32
HEAT_2_DUTY=0
HEAT_2_SP=-20.0
HEAT_3_TEMP=27
HEAT_3_DUTY=0
HEAT_3_SP=-20.0
HEAT_4_TEMP=34
HEAT_4_DUTY=0
HEAT_4_SP=-20.0
MOTOR_ANGLE=0.004186046511627906
MOTOR_ACCUM=1.0506976744186047
MOTOR_ROT=2

[11:59:49.825 EBOX]
TS=1786204279.852
V_SENSE5=1.24755859375
V_SENSE9=0.0341796875
V_SENSE12=0.1171875
ADC_V5=4.8675537109375
ADC_V9=9.37225341796875
ADC_V12=11.62017822265625
ADC_V28=27.03704833984375
THERMAL_SENS_OUT_1=27
THERMAL_SENS_OUT_2=-50
THERMAL_SENS_OUT_3=30
THERMAL_SENS_OUT_4=27
THERMAL_SENS_OUT_5=35
THERMAL_SENS_OUT_6=-50
THERMAL_SENS_INT_1=23
THERMAL_SENS_INT_2=25
PG_5=0
PG_9=0
PG_12=0
FLT_P2=0
FLT_P3=0
HEAT_1_TEMP=27
HEAT_1_DUTY=0
HEAT_1_SP=-20.0
HEAT_2_TEMP=30
HEAT_2_DUTY=0
HEAT_2_SP=-20.0
HEAT_3_TEMP=27
HEAT_3_DUTY=0
HEAT_3_SP=-20.0
HEAT_4_TEMP=35
HEAT_4_DUTY=0
HEAT_4_SP=-20.0
MOTOR_ANGLE=0.004186046511627906
MOTOR_ACCUM=1.0506976744186047
MOTOR_ROT=2

[11:59:50.047 EBOX]
TS=1786204280.352
V_SENSE5=1.49658203125
V_SENSE9=0.03173828125
V_SENSE12=0.1318359375
ADC_V5=4.84100341796875
ADC_V9=9.2218017578125
ADC_V12=11.54937744140625
ADC_V28=27.67425537109375
THERMAL_SENS_OUT_1=31
THERMAL_SENS_OUT_2=-50
THERMAL_SENS_OUT_3=33
THERMAL_SENS_OUT_4=28
THERMAL_SENS_OUT_5=34
THERMAL_SENS_OUT_6=-50
THERMAL_SENS_INT_1=25
THERMAL_SENS_INT_2=26
PG_5=0
PG_9=0
PG_12=0
FLT_P2=0
FLT_P3=0
HEAT_1_TEMP=31
HEAT_1_DUTY=0
HEAT_1_SP=-20.0
HEAT_2_TEMP=33
HEAT_2_DUTY=0
HEAT_2_SP=-20.0
HEAT_3_TEMP=28
HEAT_3_DUTY=0
HEAT_3_SP=-20.0
HEAT_4_TEMP=34
HEAT_4_DUTY=0
HEAT_4_SP=-20.0
MOTOR_ANGLE=0.004186046511627906
MOTOR_ACCUM=1.0506976744186047
MOTOR_ROT=2

[11:59:50.675 EBOX]
TS=1786204280.855
V_SENSE5=1.318359375
V_SENSE9=0.0341796875
V_SENSE12=0.15380859375
ADC_V5=4.92950439453125
ADC_V9=9.1864013671875
ADC_V12=11.6644287109375
ADC_V28=27.39990234375
THERMAL_SENS_OUT_1=26
THERMAL_SENS_OUT_2=-50
THERMAL_SENS_OUT_3=31
THERMAL_SENS_OUT_4=31
THERMAL_SENS_OUT_5=34
THERMAL_SENS_OUT_6=-50
THERMAL_SENS_INT_1=25
THERMAL_SENS_INT_2=28
PG_5=0
PG_9=0
PG_12=0
FLT_P2=0
FLT_P3=0
HEAT_1_TEMP=26
HEAT_1_DUTY=0
HEAT_1_SP=-20.0
HEAT_2_TEMP=31
HEAT_2_DUTY=0
HEAT_2_SP=-20.0
HEAT_3_TEMP=31
HEAT_3_DUTY=0
HEAT_3_SP=-20.0
HEAT_4_TEMP=34
HEAT_4_DUTY=0
HEAT_4_SP=-20.0
MOTOR_ANGLE=0.004186046511627906
MOTOR_ACCUM=1.0506976744186047
MOTOR_ROT=2

[11:59:51.202 EBOX]
TS=1786204281.357
V_SENSE5=1.23291015625
V_SENSE9=0.0390625
V_SENSE12=0.09765625
ADC_V5=4.94720458984375
ADC_V9=9.28375244140625
ADC_V12=11.58477783203125
ADC_V28=27.5238037109375
THERMAL_SENS_OUT_1=26
THERMAL_SENS_OUT_2=-50
THERMAL_SENS_OUT_3=32
THERMAL_SENS_OUT_4=27
THERMAL_SENS_OUT_5=36
THERMAL_SENS_OUT_6=-50
THERMAL_SENS_INT_1=28
THERMAL_SENS_INT_2=25
PG_5=0
PG_9=0
PG_12=0
FLT_P2=0
FLT_P3=0
HEAT_1_TEMP=26
HEAT_1_DUTY=0
HEAT_1_SP=-20.0
HEAT_2_TEMP=32
HEAT_2_DUTY=0
HEAT_2_SP=-20.0
HEAT_3_TEMP=27
HEAT_3_DUTY=0
HEAT_3_SP=-20.0
HEAT_4_TEMP=36
HEAT_4_DUTY=0
HEAT_4_SP=-20.0
MOTOR_ANGLE=0.004186046511627906
MOTOR_ACCUM=1.0506976744186047
MOTOR_ROT=2

[11:59:52.828 EBOX]
TS=1786204281.864
V_SENSE5=1.14990234375
V_SENSE9=0.0390625
V_SENSE12=0.1171875
ADC_V5=5.23040771484375
ADC_V9=8.98284912109375
ADC_V12=11.8060302734375
ADC_V28=27.0458984375
THERMAL_SENS_OUT_1=33
THERMAL_SENS_OUT_2=-50
THERMAL_SENS_OUT_3=32
THERMAL_SENS_OUT_4=28
THERMAL_SENS_OUT_5=38
THERMAL_SENS_OUT_6=-50
THERMAL_SENS_INT_1=29
THERMAL_SENS_INT_2=25
PG_5=0
PG_9=0
PG_12=0
FLT_P2=0
FLT_P3=0
HEAT_1_TEMP=33
HEAT_1_DUTY=0
HEAT_1_SP=-20.0
HEAT_2_TEMP=32
HEAT_2_DUTY=0
HEAT_2_SP=-20.0
HEAT_3_TEMP=28
HEAT_3_DUTY=0
HEAT_3_SP=-20.0
HEAT_4_TEMP=38
HEAT_4_DUTY=0
HEAT_4_SP=-20.0
MOTOR_ANGLE=0.004186046511627906
MOTOR_ACCUM=1.0506976744186047
MOTOR_ROT=2
TS=1786204282.359
V_SENSE5=1.22802734375
V_SENSE9=0.0390625
V_SENSE12=0.11474609375
ADC_V5=4.92950439453125
ADC_V9=9.56695556640625
ADC_V12=11.7352294921875
ADC_V28=27.576904296875
THERMAL_SENS_OUT_1=26
THERMAL_SENS_OUT_2=-50
THERMAL_SENS_OUT_3=31
THERMAL_SENS_OUT_4=32
THERMAL_SENS_OUT_5=35
THERMAL_SENS_OUT_6=-50
THERMAL_SENS_INT_1=26
THERMAL_SENS_INT_2=25
PG_5=0
PG_9=0
PG_12=0
FLT_P2=0
FLT_P3=0
HEAT_1_TEMP=26
HEAT_1_DUTY=0
HEAT_1_SP=-20.0
HEAT_2_TEMP=31
HEAT_2_DUTY=0
HEAT_2_SP=-20.0
HEAT_3_TEMP=32
HEAT_3_DUTY=0
HEAT_3_SP=-20.0
HEAT_4_TEMP=35
HEAT_4_DUTY=0
HEAT_4_SP=-20.0
MOTOR_ANGLE=0.004186046511627906
MOTOR_ACCUM=1.0506976744186047
MOTOR_ROT=2

[11:59:53.454 EBOX]
TS=1786204282.861
V_SENSE5=1.28173828125
V_SENSE9=0.0341796875
V_SENSE12=0.10009765625
ADC_V5=4.991455078125
ADC_V9=9.07135009765625
ADC_V12=11.8414306640625
ADC_V28=27.67425537109375
THERMAL_SENS_OUT_1=33
THERMAL_SENS_OUT_2=-50
THERMAL_SENS_OUT_3=35
THERMAL_SENS_OUT_4=26
THERMAL_SENS_OUT_5=36
THERMAL_SENS_OUT_6=-50
THERMAL_SENS_INT_1=29
THERMAL_SENS_INT_2=28
PG_5=0
PG_9=0
PG_12=0
FLT_P2=0
FLT_P3=0
HEAT_1_TEMP=33
HEAT_1_DUTY=0
HEAT_1_SP=-20.0
HEAT_2_TEMP=35
HEAT_2_DUTY=0
HEAT_2_SP=-20.0
HEAT_3_TEMP=26
HEAT_3_DUTY=0
HEAT_3_SP=-20.0
HEAT_4_TEMP=36
HEAT_4_DUTY=0
HEAT_4_SP=-20.0
MOTOR_ANGLE=0.004186046511627906
MOTOR_ACCUM=1.0506976744186047
MOTOR_ROT=2

[11:59:56.842 EBOX]
TS=1786204283.362
V_SENSE5=1.337890625
V_SENSE9=0.0341796875
V_SENSE12=0.10498046875
ADC_V5=4.849853515625
ADC_V9=8.956298828125
ADC_V12=11.434326171875
ADC_V28=27.35565185546875
THERMAL_SENS_OUT_1=26
THERMAL_SENS_OUT_2=-50
THERMAL_SENS_OUT_3=30
THERMAL_SENS_OUT_4=29
THERMAL_SENS_OUT_5=32
THERMAL_SENS_OUT_6=-50
THERMAL_SENS_INT_1=23
THERMAL_SENS_INT_2=29
PG_5=0
PG_9=0
PG_12=0
FLT_P2=0
FLT_P3=0
HEAT_1_TEMP=26
HEAT_1_DUTY=0
HEAT_1_SP=-20.0
HEAT_2_TEMP=30
HEAT_2_DUTY=0
HEAT_2_SP=-20.0
HEAT_3_TEMP=29
HEAT_3_DUTY=0
HEAT_3_SP=-20.0
HEAT_4_TEMP=32
HEAT_4_DUTY=0
HEAT_4_SP=-20.0
MOTOR_ANGLE=0.004186046511627906
MOTOR_ACCUM=1.0506976744186047
MOTOR_ROT=2
TS=1786204283.863
V_SENSE5=1.41845703125
V_SENSE9=0.0390625
V_SENSE12=0.1220703125
ADC_V5=4.89410400390625
ADC_V9=9.30145263671875
ADC_V12=11.93878173828125
ADC_V28=27.44415283203125
THERMAL_SENS_OUT_1=26
THERMAL_SENS_OUT_2=-50
THERMAL_SENS_OUT_3=35
THERMAL_SENS_OUT_4=28
THERMAL_SENS_OUT_5=37
THERMAL_SENS_OUT_6=-50
THERMAL_SENS_INT_1=23
THERMAL_SENS_INT_2=27
PG_5=0
PG_9=0
PG_12=0
FLT_P2=0
FLT_P3=0
HEAT_1_TEMP=26
HEAT_1_DUTY=0
HEAT_1_SP=-20.0
HEAT_2_TEMP=35
HEAT_2_DUTY=0
HEAT_2_SP=-20.0
HEAT_3_TEMP=28
HEAT_3_DUTY=0
HEAT_3_SP=-20.0
HEAT_4_TEMP=37
HEAT_4_DUTY=0
HEAT_4_SP=-20.0
MOTOR_ANGLE=0.004186046511627906
MOTOR_ACCUM=1.0506976744186047
MOTOR_ROT=2
TS=1786204284.366
V_SENSE5=1.30859375
V_SENSE9=0.0341796875
V_SENSE12=0.1171875
ADC_V5=5.00030517578125
ADC_V9=9.26605224609375
ADC_V12=11.7529296875
ADC_V28=27.97515869140625
THERMAL_SENS_OUT_1=27
THERMAL_SENS_OUT_2=-50
THERMAL_SENS_OUT_3=30
THERMAL_SENS_OUT_4=30
THERMAL_SENS_OUT_5=33
THERMAL_SENS_OUT_6=-50
THERMAL_SENS_INT_1=25
THERMAL_SENS_INT_2=27
PG_5=0
PG_9=0
PG_12=0
FLT_P2=0
FLT_P3=0
HEAT_1_TEMP=27
HEAT_1_DUTY=0
HEAT_1_SP=-20.0
HEAT_2_TEMP=30
HEAT_2_DUTY=0
HEAT_2_SP=-20.0
HEAT_3_TEMP=30
HEAT_3_DUTY=0
HEAT_3_SP=-20.0
HEAT_4_TEMP=33
HEAT_4_DUTY=0
HEAT_4_SP=-20.0
MOTOR_ANGLE=0.004186046511627906
MOTOR_ACCUM=1.0506976744186047
MOTOR_ROT=2

[11:59:57.096 EBOX]
TS=1786204284.867
V_SENSE5=1.298828125
V_SENSE9=0.048828125
V_SENSE12=0.107421875
ADC_V5=4.9737548828125
ADC_V9=9.3988037109375
ADC_V12=11.72637939453125
ADC_V28=27.86895751953125
THERMAL_SENS_OUT_1=31
THERMAL_SENS_OUT_2=-50
THERMAL_SENS_OUT_3=35
THERMAL_SENS_OUT_4=27
THERMAL_SENS_OUT_5=37
THERMAL_SENS_OUT_6=-50
THERMAL_SENS_INT_1=24
THERMAL_SENS_INT_2=31
PG_5=0
PG_9=0
PG_12=0
FLT_P2=0
FLT_P3=0
HEAT_1_TEMP=31
HEAT_1_DUTY=0
HEAT_1_SP=-20.0
HEAT_2_TEMP=35
HEAT_2_DUTY=0
HEAT_2_SP=-20.0
HEAT_3_TEMP=27
HEAT_3_DUTY=0
HEAT_3_SP=-20.0
HEAT_4_TEMP=37
HEAT_4_DUTY=0
HEAT_4_SP=-20.0
MOTOR_ANGLE=0.004186046511627906
MOTOR_ACCUM=1.0506976744186047
MOTOR_ROT=2
TS=1786204285.369
V_SENSE5=1.25244140625
V_SENSE9=0.0390625
V_SENSE12=0.11962890625
ADC_V5=4.849853515625
ADC_V9=9.2572021484375
ADC_V12=11.54937744140625
ADC_V28=27.5592041015625
THERMAL_SENS_OUT_1=29
THERMAL_SENS_OUT_2=-50
THERMAL_SENS_OUT_3=31
THERMAL_SENS_OUT_4=26
THERMAL_SENS_OUT_5=37
THERMAL_SENS_OUT_6=-50
THERMAL_SENS_INT_1=29
THERMAL_SENS_INT_2=27
PG_5=0
PG_9=0
PG_12=0
FLT_P2=0
FLT_P3=0
HEAT_1_TEMP=29
HEAT_1_DUTY=0
HEAT_1_SP=-20.0
HEAT_2_TEMP=31
HEAT_2_DUTY=0
HEAT_2_SP=-20.0
HEAT_3_TEMP=26
HEAT_3_DUTY=0
HEAT_3_SP=-20.0
HEAT_4_TEMP=37
HEAT_4_DUTY=0
HEAT_4_SP=-20.0
MOTOR_ANGLE=0.004186046511627906
MOTOR_ACCUM=1.0506976744186047
MOTOR_ROT=2
TS=1786204285.870
V_SENSE5=1.22314453125
V_SENSE9=0.03662109375
V_SENSE12=0.19287109375
ADC_V5=4.920654296875
ADC_V9=8.9031982421875

[11:59:57.240 EBOX]
ADC_V12=11.6998291015625
ADC_V28=27.930908203125
THERMAL_SENS_OUT_1=28
THERMAL_SENS_OUT_2=-50
THERMAL_SENS_OUT_3=31
THERMAL_SENS_OUT_4=30
THERMAL_SENS_OUT_5=33
THERMAL_SENS_OUT_6=-50
THERMAL_SENS_INT_1=24
THERMAL_SENS_INT_2=30
PG_5=0
PG_9=0
PG_12=0
FLT_P2=0
FLT_P3=0
HEAT_1_TEMP=28
HEAT_1_DUTY=0
HEAT_1_SP=-20.0
HEAT_2_TEMP=31
HEAT_2_DUTY=0
HEAT_2_SP=-20.0
HEAT_3_TEMP=30
HEAT_3_DUTY=0
HEAT_3_SP=-20.0
HEAT_4_TEMP=33
HEAT_4_DUTY=0
HEAT_4_SP=-20.0
MOTOR_ANGLE=0.004186046511627906
MOTOR_ACCUM=1.0506976744186047
MOTOR_ROT=2
TS=1786204286.371
V_SENSE5=1.396484375
V_SENSE9=0.09521484375
V_SENSE12=0.11962890625
ADC_V5=4.920654296875
ADC_V9=9.15985107421875
ADC_V12=11.88568115234375
ADC_V28=27.647705078125
THERMAL_SENS_OUT_1=30
THERMAL_SENS_OUT_2=-50
THERMAL_SENS_OUT_3=30
THERMAL_SENS_OUT_4=27
THERMAL_SENS_OUT_5=35
THERMAL_SENS_OUT_6=-50
THERMAL_SENS_INT_1=24
THERMAL_SENS_INT_2=29
PG_5=0
PG_9=0
PG_12=0
FLT_P2=0
FLT_P3=0
HEAT_1_TEMP=30
HEAT_1_DUTY=0
HEAT_1_SP=-20.0
HEAT_2_TEMP=30
HEAT_2_DUTY=0
HEAT_2_SP=-20.0
HEAT_3_TEMP=27
HEAT_3_DUTY=0
HEAT_3_SP=-20.0
HEAT_4_TEMP=35
HEAT_4_DUTY=0
HEAT_4_SP=-20.0
MOTOR_ANGLE=0.004186046511627906
MOTOR_ACCUM=1.0506976744186047
MOTOR_ROT=2
TS=1786204286.872
V_SENSE5=1.23291015625
V_SENSE9=0.07568359375
V_SENSE12=0.1123046875
ADC_V5=4.8675537109375
ADC_V9=9.239501953125
ADC_V12=11.7529296875
ADC_V28=27.01934814453125
THERMAL_SENS_OUT_1=26
THERMAL_SENS_OUT_2=-50
THERMAL_SENS_OUT_3=31
THERMAL_SENS_OUT_4=28

[11:59:58.174 EBOX]
THERMAL_SENS_OUT_5=31
THERMAL_SENS_OUT_6=-50
THERMAL_SENS_INT_1=29
THERMAL_SENS_INT_2=27
PG_5=0
PG_9=0
PG_12=0
FLT_P2=0
FLT_P3=0
HEAT_1_TEMP=26
HEAT_1_DUTY=0
HEAT_1_SP=-20.0
HEAT_2_TEMP=31
HEAT_2_DUTY=0
HEAT_2_SP=-20.0
HEAT_3_TEMP=28
HEAT_3_DUTY=0
HEAT_3_SP=-20.0
HEAT_4_TEMP=31
HEAT_4_DUTY=0
HEAT_4_SP=-20.0
MOTOR_ANGLE=0.004186046511627906
MOTOR_ACCUM=1.0506976744186047
MOTOR_ROT=2
TS=1786204287.374
V_SENSE5=1.279296875
V_SENSE9=0.0341796875
V_SENSE12=0.107421875
ADC_V5=4.9029541015625
ADC_V9=9.381103515625
ADC_V12=11.8060302734375
ADC_V28=27.46185302734375
THERMAL_SENS_OUT_1=29
THERMAL_SENS_OUT_2=-50
THERMAL_SENS_OUT_3=30
THERMAL_SENS_OUT_4=29
THERMAL_SENS_OUT_5=32
THERMAL_SENS_OUT_6=-50
THERMAL_SENS_INT_1=23
THERMAL_SENS_INT_2=29
PG_5=0
PG_9=0
PG_12=0
FLT_P2=0
FLT_P3=0
HEAT_1_TEMP=29
HEAT_1_DUTY=0
HEAT_1_SP=-20.0
HEAT_2_TEMP=30
HEAT_2_DUTY=0
HEAT_2_SP=-20.0
HEAT_3_TEMP=29
HEAT_3_DUTY=0
HEAT_3_SP=-20.0
HEAT_4_TEMP=32
HEAT_4_DUTY=0
HEAT_4_SP=-20.0
MOTOR_ANGLE=0.004186046511627906
MOTOR_ACCUM=1.0506976744186047
MOTOR_ROT=2

[11:59:58.619 EBOX]
TS=1786204287.874
V_SENSE5=1.33056640625
V_SENSE9=0.07568359375
V_SENSE12=0.1171875
ADC_V5=4.9560546875
ADC_V9=9.0802001953125
ADC_V12=11.85028076171875
ADC_V28=26.9219970703125
THERMAL_SENS_OUT_1=28
THERMAL_SENS_OUT_2=-50
THERMAL_SENS_OUT_3=34
THERMAL_SENS_OUT_4=26
THERMAL_SENS_OUT_5=37
THERMAL_SENS_OUT_6=-50
THERMAL_SENS_INT_1=29
THERMAL_SENS_INT_2=27
PG_5=0
PG_9=0
PG_12=0
FLT_P2=0
FLT_P3=0
HEAT_1_TEMP=28
HEAT_1_DUTY=0
HEAT_1_SP=-20.0
HEAT_2_TEMP=34
HEAT_2_DUTY=0
HEAT_2_SP=-20.0
HEAT_3_TEMP=26
HEAT_3_DUTY=0
HEAT_3_SP=-20.0
HEAT_4_TEMP=37
HEAT_4_DUTY=0
HEAT_4_SP=-20.0
MOTOR_ANGLE=0.004186046511627906
MOTOR_ACCUM=1.0506976744186047
MOTOR_ROT=2
TS=1786204288.377
V_SENSE5=1.16943359375
V_SENSE9=0.03662109375
V_SENSE12=0.15380859375
ADC_V5=4.9029541015625
ADC_V9=9.0093994140625
ADC_V12=11.8060302734375
ADC_V28=27.16094970703125
THERMAL_SENS_OUT_1=28
THERMAL_SENS_OUT_2=-50
THERMAL_SENS_OUT_3=30
THERMAL_SENS_OUT_4=27
THERMAL_SENS_OUT_5=36
THERMAL_SENS_OUT_6=-50
THERMAL_SENS_INT_1=28
THERMAL_SENS_INT_2=25
PG_5=0
PG_9=0
PG_12=0
FLT_P2=0
FLT_P3=0
HEAT_1_TEMP=28
HEAT_1_DUTY=0
HEAT_1_SP=-20.0
HEAT_2_TEMP=30
HEAT_2_DUTY=0
HEAT_2_SP=-20.0
HEAT_3_TEMP=27
HEAT_3_DUTY=0
HEAT_3_SP=-20.0
HEAT_4_TEMP=36
HEAT_4_DUTY=0
HEAT_4_SP=-20.0
MOTOR_ANGLE=0.004186046511627906
MOTOR_ACCUM=1.0506976744186047
MOTOR_ROT=2

[11:59:58.744 EBOX]
TS=1786204288.878
V_SENSE5=1.279296875
V_SENSE9=0.03662109375
V_SENSE12=0.10498046875
ADC_V5=4.87640380859375
ADC_V9=9.5404052734375
ADC_V12=11.6290283203125
ADC_V28=27.90435791015625
THERMAL_SENS_OUT_1=29
THERMAL_SENS_OUT_2=-50
THERMAL_SENS_OUT_3=31
THERMAL_SENS_OUT_4=31
THERMAL_SENS_OUT_5=37
THERMAL_SENS_OUT_6=-50
THERMAL_SENS_INT_1=28
THERMAL_SENS_INT_2=25
PG_5=0
PG_9=0
PG_12=0
FLT_P2=0
FLT_P3=0
HEAT_1_TEMP=29
HEAT_1_DUTY=0
HEAT_1_SP=-20.0
HEAT_2_TEMP=31
HEAT_2_DUTY=0
HEAT_2_SP=-20.0
HEAT_3_TEMP=31
HEAT_3_DUTY=0
HEAT_3_SP=-20.0
HEAT_4_TEMP=37
HEAT_4_DUTY=0
HEAT_4_SP=-20.0
MOTOR_ANGLE=0.004186046511627906
MOTOR_ACCUM=1.0506976744186047
MOTOR_ROT=2

[11:59:58.968 EBOX]
TS=1786204289.379
V_SENSE5=1.36474609375
V_SENSE9=0.03662109375
V_SENSE12=0.1123046875
ADC_V5=4.96490478515625
ADC_V9=9.0802001953125
ADC_V12=11.5228271484375
ADC_V28=27.05474853515625
THERMAL_SENS_OUT_1=27
THERMAL_SENS_OUT_2=-50
THERMAL_SENS_OUT_3=34
THERMAL_SENS_OUT_4=31
THERMAL_SENS_OUT_5=32
THERMAL_SENS_OUT_6=-50
THERMAL_SENS_INT_1=29
THERMAL_SENS_INT_2=32
PG_5=0
PG_9=0
PG_12=0
FLT_P2=0
FLT_P3=0
HEAT_1_TEMP=27
HEAT_1_DUTY=0
HEAT_1_SP=-20.0
HEAT_2_TEMP=34
HEAT_2_DUTY=0
HEAT_2_SP=-20.0
HEAT_3_TEMP=31
HEAT_3_DUTY=0
HEAT_3_SP=-20.0
HEAT_4_TEMP=32
HEAT_4_DUTY=0
HEAT_4_SP=-20.0
MOTOR_ANGLE=0.004186046511627906
MOTOR_ACCUM=1.0506976744186047
MOTOR_ROT=2

[12:00:01.123 EBOX]
TS=1786204289.882
V_SENSE5=1.279296875
V_SENSE9=0.04638671875
V_SENSE12=0.1123046875
ADC_V5=4.814453125
ADC_V9=8.87664794921875
ADC_V12=11.69097900390625
ADC_V28=27.6123046875
THERMAL_SENS_OUT_1=28
THERMAL_SENS_OUT_2=-50
THERMAL_SENS_OUT_3=34
THERMAL_SENS_OUT_4=31
THERMAL_SENS_OUT_5=37
THERMAL_SENS_OUT_6=-50
THERMAL_SENS_INT_1=27
THERMAL_SENS_INT_2=31
PG_5=0
PG_9=0
PG_12=0
FLT_P2=0
FLT_P3=0
HEAT_1_TEMP=28
HEAT_1_DUTY=0
HEAT_1_SP=-20.0
HEAT_2_TEMP=34
HEAT_2_DUTY=0
HEAT_2_SP=-20.0
HEAT_3_TEMP=31
HEAT_3_DUTY=0
HEAT_3_SP=-20.0
HEAT_4_TEMP=37
HEAT_4_DUTY=0
HEAT_4_SP=-20.0
MOTOR_ANGLE=0.004186046511627906
MOTOR_ACCUM=1.0506976744186047
MOTOR_ROT=2
TS=1786204290.391
V_SENSE5=1.20849609375
V_SENSE9=0.0341796875
V_SENSE12=0.12451171875
ADC_V5=4.82330322265625
ADC_V9=9.310302734375
ADC_V12=11.70867919921875
ADC_V28=26.904296875
THERMAL_SENS_OUT_1=26
THERMAL_SENS_OUT_2=-50
THERMAL_SENS_OUT_3=32
THERMAL_SENS_OUT_4=32
THERMAL_SENS_OUT_5=34
THERMAL_SENS_OUT_6=-50
THERMAL_SENS_INT_1=24
THERMAL_SENS_INT_2=26
PG_5=0
PG_9=0
PG_12=0
FLT_P2=0
FLT_P3=0
HEAT_1_TEMP=26
HEAT_1_DUTY=0
HEAT_1_SP=-20.0
HEAT_2_TEMP=32
HEAT_2_DUTY=0
HEAT_2_SP=-20.0
HEAT_3_TEMP=32
HEAT_3_DUTY=0
HEAT_3_SP=-20.0
HEAT_4_TEMP=34
HEAT_4_DUTY=0
HEAT_4_SP=-20.0
MOTOR_ANGLE=0.004186046511627906
MOTOR_ACCUM=1.0506976744186047
MOTOR_ROT=2

[12:00:01.266 EBOX]
TS=1786204290.886
V_SENSE5=1.357421875
V_SENSE9=0.0390625
V_SENSE12=0.10986328125
ADC_V5=4.9737548828125
ADC_V9=8.94744873046875
ADC_V12=11.717529296875
ADC_V28=27.5592041015625
THERMAL_SENS_OUT_1=29
THERMAL_SENS_OUT_2=-50
THERMAL_SENS_OUT_3=34
THERMAL_SENS_OUT_4=28
THERMAL_SENS_OUT_5=32
THERMAL_SENS_OUT_6=-50
THERMAL_SENS_INT_1=24
THERMAL_SENS_INT_2=26
PG_5=0
PG_9=0
PG_12=0
FLT_P2=0
FLT_P3=0
HEAT_1_TEMP=29
HEAT_1_DUTY=0
HEAT_1_SP=-20.0
HEAT_2_TEMP=34
HEAT_2_DUTY=0
HEAT_2_SP=-20.0
HEAT_3_TEMP=28
HEAT_3_DUTY=0
HEAT_3_SP=-20.0
HEAT_4_TEMP=32
HEAT_4_DUTY=0
HEAT_4_SP=-20.0
MOTOR_ANGLE=0.004186046511627906
MOTOR_ACCUM=1.0506976744186047
MOTOR_ROT=2
TS=1786204291.386
V_SENSE5=1.2646484375
V_SENSE9=0.03662109375
V_SENSE12=0.10498046875
ADC_V5=4.94720458984375
ADC_V9=9.2041015625
ADC_V12=11.76177978515625
ADC_V28=27.12554931640625
THERMAL_SENS_OUT_1=26
THERMAL_SENS_OUT_2=-50
THERMAL_SENS_OUT_3=34
THERMAL_SENS_OUT_4=30
THERMAL_SENS_OUT_5=32
THERMAL_SENS_OUT_6=-50
THERMAL_SENS_INT_1=23
THERMAL_SENS_INT_2=29
PG_5=0
PG_9=0
PG_12=0
FLT_P2=0
FLT_P3=0
HEAT_1_TEMP=26
HEAT_1_DUTY=0
HEAT_1_SP=-20.0
HEAT_2_TEMP=34
HEAT_2_DUTY=0
HEAT_2_SP=-20.0
HEAT_3_TEMP=30
HEAT_3_DUTY=0
HEAT_3_SP=-20.0
HEAT_4_TEMP=32
HEAT_4_DUTY=0
HEAT_4_SP=-20.0
MOTOR_ANGLE=0.004186046511627906
MOTOR_ACCUM=1.0506976744186047
MOTOR_ROT=2

[12:00:01.488 EBOX]
TS=1786204291.888
V_SENSE5=1.2548828125
V_SENSE9=0.0341796875
V_SENSE12=0.1171875
ADC_V5=4.84100341796875
ADC_V9=9.28375244140625
ADC_V12=11.63787841796875
ADC_V28=27.506103515625
THERMAL_SENS_OUT_1=28
THERMAL_SENS_OUT_2=-50
THERMAL_SENS_OUT_3=30
THERMAL_SENS_OUT_4=29
THERMAL_SENS_OUT_5=32
THERMAL_SENS_OUT_6=-50
THERMAL_SENS_INT_1=30
THERMAL_SENS_INT_2=28
PG_5=0
PG_9=0
PG_12=0
FLT_P2=0
FLT_P3=0
HEAT_1_TEMP=28
HEAT_1_DUTY=0
HEAT_1_SP=-20.0
HEAT_2_TEMP=30
HEAT_2_DUTY=0
HEAT_2_SP=-20.0
HEAT_3_TEMP=29
HEAT_3_DUTY=0
HEAT_3_SP=-20.0
HEAT_4_TEMP=32
HEAT_4_DUTY=0
HEAT_4_SP=-20.0
MOTOR_ANGLE=0.004186046511627906
MOTOR_ACCUM=1.0506976744186047
MOTOR_ROT=2

[12:00:02.938 EBOX]
TS=1786204292.389
V_SENSE5=1.35498046875
V_SENSE9=0.0390625
V_SENSE12=0.10986328125
ADC_V5=4.98260498046875
ADC_V9=8.78814697265625
ADC_V12=11.859130859375
ADC_V28=26.98394775390625
THERMAL_SENS_OUT_1=27
THERMAL_SENS_OUT_2=-50
THERMAL_SENS_OUT_3=31
THERMAL_SENS_OUT_4=30
THERMAL_SENS_OUT_5=32
THERMAL_SENS_OUT_6=-50
THERMAL_SENS_INT_1=23
THERMAL_SENS_INT_2=28
PG_5=0
PG_9=0
PG_12=0
FLT_P2=0
FLT_P3=0
HEAT_1_TEMP=27
HEAT_1_DUTY=0
HEAT_1_SP=-20.0
HEAT_2_TEMP=31
HEAT_2_DUTY=0
HEAT_2_SP=-20.0
HEAT_3_TEMP=30
HEAT_3_DUTY=0
HEAT_3_SP=-20.0
HEAT_4_TEMP=32
HEAT_4_DUTY=0
HEAT_4_SP=-20.0
MOTOR_ANGLE=0.004186046511627906
MOTOR_ACCUM=1.0506976744186047
MOTOR_ROT=2
TS=1786204292.891
V_SENSE5=1.26220703125
V_SENSE9=0.03662109375
V_SENSE12=0.14892578125
ADC_V5=4.9737548828125
ADC_V9=9.1156005859375
ADC_V12=11.92108154296875
ADC_V28=27.32025146484375
THERMAL_SENS_OUT_1=27
THERMAL_SENS_OUT_2=-50
THERMAL_SENS_OUT_3=33
THERMAL_SENS_OUT_4=26
THERMAL_SENS_OUT_5=37
THERMAL_SENS_OUT_6=-50
THERMAL_SENS_INT_1=23
THERMAL_SENS_INT_2=27
PG_5=0
PG_9=0
PG_12=0
FLT_P2=0
FLT_P3=0
HEAT_1_TEMP=27
HEAT_1_DUTY=0
HEAT_1_SP=-20.0
HEAT_2_TEMP=33
HEAT_2_DUTY=0
HEAT_2_SP=-20.0
HEAT_3_TEMP=26
HEAT_3_DUTY=0
HEAT_3_SP=-20.0
HEAT_4_TEMP=37
HEAT_4_DUTY=0
HEAT_4_SP=-20.0
MOTOR_ANGLE=0.004186046511627906
MOTOR_ACCUM=1.0506976744186047
MOTOR_ROT=2

[12:00:05.020 EBOX]
TS=1786204293.394
V_SENSE5=1.52099609375
V_SENSE9=0.0390625
V_SENSE12=0.1123046875
ADC_V5=4.9383544921875
ADC_V9=8.85894775390625
ADC_V12=11.88568115234375
ADC_V28=27.23175048828125
THERMAL_SENS_OUT_1=26
THERMAL_SENS_OUT_2=-50
THERMAL_SENS_OUT_3=33
THERMAL_SENS_OUT_4=28
THERMAL_SENS_OUT_5=34
THERMAL_SENS_OUT_6=-50
THERMAL_SENS_INT_1=28
THERMAL_SENS_INT_2=27
PG_5=0
PG_9=0
PG_12=0
FLT_P2=0
FLT_P3=0
HEAT_1_TEMP=26
HEAT_1_DUTY=0
HEAT_1_SP=-20.0
HEAT_2_TEMP=33
HEAT_2_DUTY=0
HEAT_2_SP=-20.0
HEAT_3_TEMP=28
HEAT_3_DUTY=0
HEAT_3_SP=-20.0
HEAT_4_TEMP=34
HEAT_4_DUTY=0
HEAT_4_SP=-20.0
MOTOR_ANGLE=0.004186046511627906
MOTOR_ACCUM=1.0506976744186047
MOTOR_ROT=2
TS=1786204293.894
V_SENSE5=1.279296875
V_SENSE9=0.03662109375
V_SENSE12=0.15380859375
ADC_V5=4.991455078125
ADC_V9=9.310302734375
ADC_V12=11.85028076171875
ADC_V28=27.010498046875
THERMAL_SENS_OUT_1=28
THERMAL_SENS_OUT_2=-50
THERMAL_SENS_OUT_3=31
THERMAL_SENS_OUT_4=30
THERMAL_SENS_OUT_5=33
THERMAL_SENS_OUT_6=-50
THERMAL_SENS_INT_1=26
THERMAL_SENS_INT_2=27
PG_5=0
PG_9=0
PG_12=0
FLT_P2=0
FLT_P3=0
HEAT_1_TEMP=28
HEAT_1_DUTY=0
HEAT_1_SP=-20.0
HEAT_2_TEMP=31
HEAT_2_DUTY=0
HEAT_2_SP=-20.0
HEAT_3_TEMP=30
HEAT_3_DUTY=0
HEAT_3_SP=-20.0
HEAT_4_TEMP=33
HEAT_4_DUTY=0
HEAT_4_SP=-20.0
MOTOR_ANGLE=0.004186046511627906
MOTOR_ACCUM=1.0506976744186047
MOTOR_ROT=2

[12:00:05.376 EBOX]
TS=1786204294.395
V_SENSE5=1.2255859375
V_SENSE9=0.0341796875
V_SENSE12=0.11962890625
ADC_V5=4.9383544921875
ADC_V9=9.2041015625
ADC_V12=11.63787841796875
ADC_V28=27.4530029296875
THERMAL_SENS_OUT_1=26
THERMAL_SENS_OUT_2=-50
THERMAL_SENS_OUT_3=36
THERMAL_SENS_OUT_4=27
THERMAL_SENS_OUT_5=37
THERMAL_SENS_OUT_6=-50
THERMAL_SENS_INT_1=25
THERMAL_SENS_INT_2=29
PG_5=0
PG_9=0
PG_12=0
FLT_P2=0
FLT_P3=0
HEAT_1_TEMP=26
HEAT_1_DUTY=0
HEAT_1_SP=-20.0
HEAT_2_TEMP=36
HEAT_2_DUTY=0
HEAT_2_SP=-20.0
HEAT_3_TEMP=27
HEAT_3_DUTY=0
HEAT_3_SP=-20.0
HEAT_4_TEMP=37
HEAT_4_DUTY=0
HEAT_4_SP=-20.0
MOTOR_ANGLE=0.004186046511627906
MOTOR_ACCUM=1.0506976744186047
MOTOR_ROT=2
TS=1786204294.900
V_SENSE5=1.1572265625
V_SENSE9=0.11474609375
V_SENSE12=0.11474609375
ADC_V5=4.9029541015625
ADC_V9=8.89434814453125
ADC_V12=11.70867919921875
ADC_V28=27.53265380859375
THERMAL_SENS_OUT_1=29
THERMAL_SENS_OUT_2=-50
THERMAL_SENS_OUT_3=32
THERMAL_SENS_OUT_4=27
THERMAL_SENS_OUT_5=33
THERMAL_SENS_OUT_6=-50
THERMAL_SENS_INT_1=23
THERMAL_SENS_INT_2=31
PG_5=0
PG_9=0
PG_12=0
FLT_P2=0
FLT_P3=0
HEAT_1_TEMP=29
HEAT_1_DUTY=0
HEAT_1_SP=-20.0
HEAT_2_TEMP=32
HEAT_2_DUTY=0
HEAT_2_SP=-20.0
HEAT_3_TEMP=27
HEAT_3_DUTY=0
HEAT_3_SP=-20.0
HEAT_4_TEMP=33
HEAT_4_DUTY=0
HEAT_4_SP=-20.0
MOTOR_ANGLE=0.004186046511627906
MOTOR_ACCUM=1.0506976744186047
MOTOR_ROT=2
TS=1786204295.398
V_SENSE5=1.21826171875
V_SENSE9=0.09521484375
V_SENSE12=0.11962890625
ADC_V5=4.991455078125
ADC_V9=9.23065185546875

[12:00:07.239 EBOX]
ADC_V12=11.86798095703125
ADC_V28=27.10784912109375
THERMAL_SENS_OUT_1=28
THERMAL_SENS_OUT_2=-50
THERMAL_SENS_OUT_3=33
THERMAL_SENS_OUT_4=32
THERMAL_SENS_OUT_5=34
THERMAL_SENS_OUT_6=-50
THERMAL_SENS_INT_1=23
THERMAL_SENS_INT_2=25
PG_5=0
PG_9=0
PG_12=0
FLT_P2=0
FLT_P3=0
HEAT_1_TEMP=28
HEAT_1_DUTY=0
HEAT_1_SP=-20.0
HEAT_2_TEMP=33
HEAT_2_DUTY=0
HEAT_2_SP=-20.0
HEAT_3_TEMP=32
HEAT_3_DUTY=0
HEAT_3_SP=-20.0
HEAT_4_TEMP=34
HEAT_4_DUTY=0
HEAT_4_SP=-20.0
MOTOR_ANGLE=0.004186046511627906
MOTOR_ACCUM=1.0506976744186047
MOTOR_ROT=2
TS=1786204295.901
V_SENSE5=1.2744140625
V_SENSE9=0.0390625
V_SENSE12=0.15380859375
ADC_V5=5.00030517578125
ADC_V9=9.1510009765625
ADC_V12=11.575927734375
ADC_V28=27.789306640625
THERMAL_SENS_OUT_1=32
THERMAL_SENS_OUT_2=-50
THERMAL_SENS_OUT_3=36
THERMAL_SENS_OUT_4=27
THERMAL_SENS_OUT_5=33
THERMAL_SENS_OUT_6=-50
THERMAL_SENS_INT_1=26
THERMAL_SENS_INT_2=29
PG_5=0
PG_9=0
PG_12=0
FLT_P2=0
FLT_P3=0
HEAT_1_TEMP=32
HEAT_1_DUTY=0
HEAT_1_SP=-20.0
HEAT_2_TEMP=36
HEAT_2_DUTY=0
HEAT_2_SP=-20.0
HEAT_3_TEMP=27
HEAT_3_DUTY=0
HEAT_3_SP=-20.0
HEAT_4_TEMP=33
HEAT_4_DUTY=0
HEAT_4_SP=-20.0
MOTOR_ANGLE=0.004186046511627906
MOTOR_ACCUM=1.0506976744186047
MOTOR_ROT=2
TS=1786204296.402
V_SENSE5=1.34033203125
V_SENSE9=0.03662109375
V_SENSE12=0.11962890625
ADC_V5=4.87640380859375
ADC_V9=9.58465576171875
ADC_V12=11.56707763671875
ADC_V28=27.7008056640625
THERMAL_SENS_OUT_1=32
THERMAL_SENS_OUT_2=-50
THERMAL_SENS_OUT_3=34
THERMAL_SENS_OUT_4=25
THERMAL_SENS_OUT_5=33
THERMAL_SENS_OUT_6=-50
THERMAL_SENS_INT_1=28
THERMAL_SENS_INT_2=25
PG_5=0
PG_9=0
PG_12=0
FLT_P2=0
FLT_P3=0
HEAT_1_TEMP=32
HEAT_1_DUTY=0
HEAT_1_SP=-20.0
HEAT_2_TEMP=34
HEAT_2_DUTY=0
HEAT_2_SP=-20.0
HEAT_3_TEMP=25
HEAT_3_DUTY=0
HEAT_3_SP=-20.0
HEAT_4_TEMP=33
HEAT_4_DUTY=0
HEAT_4_SP=-20.0
MOTOR_ANGLE=0.004186046511627906
MOTOR_ACCUM=1.0506976744186047
MOTOR_ROT=2

[12:00:07.384 EBOX]
TS=1786204296.903
V_SENSE5=1.26220703125
V_SENSE9=0.0341796875
V_SENSE12=0.15380859375
ADC_V5=4.9737548828125
ADC_V9=9.027099609375
ADC_V12=11.788330078125
ADC_V28=26.8511962890625
THERMAL_SENS_OUT_1=29
THERMAL_SENS_OUT_2=-50
THERMAL_SENS_OUT_3=31
THERMAL_SENS_OUT_4=27
THERMAL_SENS_OUT_5=38
THERMAL_SENS_OUT_6=-50
THERMAL_SENS_INT_1=25
THERMAL_SENS_INT_2=31
PG_5=0
PG_9=0
PG_12=0
FLT_P2=0
FLT_P3=0
HEAT_1_TEMP=29
HEAT_1_DUTY=0
HEAT_1_SP=-20.0
HEAT_2_TEMP=31
HEAT_2_DUTY=0
HEAT_2_SP=-20.0
HEAT_3_TEMP=27
HEAT_3_DUTY=0
HEAT_3_SP=-20.0
HEAT_4_TEMP=38
HEAT_4_DUTY=0
HEAT_4_SP=-20.0
MOTOR_ANGLE=0.004186046511627906
MOTOR_ACCUM=1.0506976744186047
MOTOR_ROT=2
TS=1786204297.405
V_SENSE5=1.2646484375
V_SENSE9=0.0390625
V_SENSE12=0.10498046875
ADC_V5=4.8675537109375
ADC_V9=9.0447998046875
ADC_V12=11.505126953125
ADC_V28=27.4884033203125
THERMAL_SENS_OUT_1=28
THERMAL_SENS_OUT_2=-50
THERMAL_SENS_OUT_3=34
THERMAL_SENS_OUT_4=27
THERMAL_SENS_OUT_5=37
THERMAL_SENS_OUT_6=-50
THERMAL_SENS_INT_1=28
THERMAL_SENS_INT_2=27
PG_5=0
PG_9=0
PG_12=0
FLT_P2=0
FLT_P3=0
HEAT_1_TEMP=28
HEAT_1_DUTY=0
HEAT_1_SP=-20.0
HEAT_2_TEMP=34
HEAT_2_DUTY=0
HEAT_2_SP=-20.0
HEAT_3_TEMP=27
HEAT_3_DUTY=0
HEAT_3_SP=-20.0
HEAT_4_TEMP=37
HEAT_4_DUTY=0
HEAT_4_SP=-20.0
MOTOR_ANGLE=0.004186046511627906
MOTOR_ACCUM=1.0506976744186047
MOTOR_ROT=2

[12:00:07.507 EBOX]
TS=1786204297.906
V_SENSE5=1.20361328125
V_SENSE9=0.0341796875
V_SENSE12=0.11962890625
ADC_V5=4.82330322265625
ADC_V9=9.4342041015625
ADC_V12=11.47857666015625
ADC_V28=27.96630859375
THERMAL_SENS_OUT_1=29
THERMAL_SENS_OUT_2=-50
THERMAL_SENS_OUT_3=32
THERMAL_SENS_OUT_4=26
THERMAL_SENS_OUT_5=36
THERMAL_SENS_OUT_6=-50
THERMAL_SENS_INT_1=24
THERMAL_SENS_INT_2=30
PG_5=0
PG_9=0
PG_12=0
FLT_P2=0
FLT_P3=0
HEAT_1_TEMP=29
HEAT_1_DUTY=0
HEAT_1_SP=-20.0
HEAT_2_TEMP=32
HEAT_2_DUTY=0
HEAT_2_SP=-20.0
HEAT_3_TEMP=26
HEAT_3_DUTY=0
HEAT_3_SP=-20.0
HEAT_4_TEMP=36
HEAT_4_DUTY=0
HEAT_4_SP=-20.0
MOTOR_ANGLE=0.004186046511627906
MOTOR_ACCUM=1.0506976744186047
MOTOR_ROT=2

[12:00:08.033 EBOX]
TS=1786204298.407
V_SENSE5=1.220703125
V_SENSE9=0.0390625
V_SENSE12=0.11962890625
ADC_V5=4.92950439453125
ADC_V9=8.9208984375
ADC_V12=11.70867919921875
ADC_V28=27.39105224609375
THERMAL_SENS_OUT_1=31
THERMAL_SENS_OUT_2=-50
THERMAL_SENS_OUT_3=31
THERMAL_SENS_OUT_4=30
THERMAL_SENS_OUT_5=33
THERMAL_SENS_OUT_6=-50
THERMAL_SENS_INT_1=25
THERMAL_SENS_INT_2=31
PG_5=0
PG_9=0
PG_12=0
FLT_P2=0
FLT_P3=0
HEAT_1_TEMP=31
HEAT_1_DUTY=0
HEAT_1_SP=-20.0
HEAT_2_TEMP=31
HEAT_2_DUTY=0
HEAT_2_SP=-20.0
HEAT_3_TEMP=30
HEAT_3_DUTY=0
HEAT_3_SP=-20.0
HEAT_4_TEMP=33
HEAT_4_DUTY=0
HEAT_4_SP=-20.0
MOTOR_ANGLE=0.004186046511627906
MOTOR_ACCUM=1.0506976744186047
MOTOR_ROT=2

[12:00:08.458 EBOX]
TS=1786204298.910
V_SENSE5=1.3330078125
V_SENSE9=0.04150390625
V_SENSE12=0.1171875
ADC_V5=4.8321533203125
ADC_V9=8.94744873046875
ADC_V12=11.611328125
ADC_V28=27.90435791015625
THERMAL_SENS_OUT_1=29
THERMAL_SENS_OUT_2=-50
THERMAL_SENS_OUT_3=30
THERMAL_SENS_OUT_4=28
THERMAL_SENS_OUT_5=33
THERMAL_SENS_OUT_6=-50
THERMAL_SENS_INT_1=26
THERMAL_SENS_INT_2=30
PG_5=0
PG_9=0
PG_12=0
FLT_P2=0
FLT_P3=0
HEAT_1_TEMP=29
HEAT_1_DUTY=0
HEAT_1_SP=-20.0
HEAT_2_TEMP=30
HEAT_2_DUTY=0
HEAT_2_SP=-20.0
HEAT_3_TEMP=28
HEAT_3_DUTY=0
HEAT_3_SP=-20.0
HEAT_4_TEMP=33
HEAT_4_DUTY=0
HEAT_4_SP=-20.0
MOTOR_ANGLE=0.004186046511627906
MOTOR_ACCUM=1.0506976744186047
MOTOR_ROT=2

[12:00:08.980 EBOX]
TS=1786204299.417
V_SENSE5=1.26708984375
V_SENSE9=0.0390625
V_SENSE12=0.10986328125
ADC_V5=4.9560546875
ADC_V9=9.33685302734375
ADC_V12=11.717529296875
ADC_V28=27.9132080078125
THERMAL_SENS_OUT_1=33
THERMAL_SENS_OUT_2=-50
THERMAL_SENS_OUT_3=36
THERMAL_SENS_OUT_4=29
THERMAL_SENS_OUT_5=31
THERMAL_SENS_OUT_6=-50
THERMAL_SENS_INT_1=25
THERMAL_SENS_INT_2=27
PG_5=0
PG_9=0
PG_12=0
FLT_P2=0
FLT_P3=0
HEAT_1_TEMP=33
HEAT_1_DUTY=0
HEAT_1_SP=-20.0
HEAT_2_TEMP=36
HEAT_2_DUTY=0
HEAT_2_SP=-20.0
HEAT_3_TEMP=29
HEAT_3_DUTY=0
HEAT_3_SP=-20.0
HEAT_4_TEMP=31
HEAT_4_DUTY=0
HEAT_4_SP=-20.0
MOTOR_ANGLE=0.004186046511627906
MOTOR_ACCUM=1.0506976744186047
MOTOR_ROT=2

[12:00:09.809 EBOX]
TS=1786204299.911
V_SENSE5=1.26220703125
V_SENSE9=0.03173828125
V_SENSE12=0.10986328125
ADC_V5=4.920654296875
ADC_V9=9.13330078125
ADC_V12=11.6644287109375
ADC_V28=26.97509765625
THERMAL_SENS_OUT_1=28
THERMAL_SENS_OUT_2=-50
THERMAL_SENS_OUT_3=32
THERMAL_SENS_OUT_4=29
THERMAL_SENS_OUT_5=34
THERMAL_SENS_OUT_6=-50
THERMAL_SENS_INT_1=29
THERMAL_SENS_INT_2=27
PG_5=0
PG_9=0
PG_12=0
FLT_P2=0
FLT_P3=0
HEAT_1_TEMP=28
HEAT_1_DUTY=0
HEAT_1_SP=-20.0
HEAT_2_TEMP=32
HEAT_2_DUTY=0
HEAT_2_SP=-20.0
HEAT_3_TEMP=29
HEAT_3_DUTY=0
HEAT_3_SP=-20.0
HEAT_4_TEMP=34
HEAT_4_DUTY=0
HEAT_4_SP=-20.0
MOTOR_ANGLE=0.004186046511627906
MOTOR_ACCUM=1.0506976744186047
MOTOR_ROT=2

[12:00:10.131 EBOX]
TS=1786204300.412
V_SENSE5=1.23046875
V_SENSE9=0.0390625
V_SENSE12=0.1171875
ADC_V5=4.92950439453125
ADC_V9=9.26605224609375
ADC_V12=11.65557861328125
ADC_V28=26.8511962890625
THERMAL_SENS_OUT_1=29
THERMAL_SENS_OUT_2=-50
THERMAL_SENS_OUT_3=32
THERMAL_SENS_OUT_4=31
THERMAL_SENS_OUT_5=34
THERMAL_SENS_OUT_6=-50
THERMAL_SENS_INT_1=24
THERMAL_SENS_INT_2=31
PG_5=0
PG_9=0
PG_12=0
FLT_P2=0
FLT_P3=0
HEAT_1_TEMP=29
HEAT_1_DUTY=0
HEAT_1_SP=-20.0
HEAT_2_TEMP=32
HEAT_2_DUTY=0
HEAT_2_SP=-20.0
HEAT_3_TEMP=31
HEAT_3_DUTY=0
HEAT_3_SP=-20.0
HEAT_4_TEMP=34
HEAT_4_DUTY=0
HEAT_4_SP=-20.0
MOTOR_ANGLE=0.004186046511627906
MOTOR_ACCUM=1.0506976744186047
MOTOR_ROT=2

[12:00:11.577 EBOX]
TS=1786204300.915
V_SENSE5=1.171875
V_SENSE9=0.0390625
V_SENSE12=0.10498046875
ADC_V5=5.15960693359375
ADC_V9=9.03594970703125
ADC_V12=11.859130859375
ADC_V28=27.0281982421875
THERMAL_SENS_OUT_1=28
THERMAL_SENS_OUT_2=-50
THERMAL_SENS_OUT_3=34
THERMAL_SENS_OUT_4=32
THERMAL_SENS_OUT_5=33
THERMAL_SENS_OUT_6=-50
THERMAL_SENS_INT_1=26
THERMAL_SENS_INT_2=30
PG_5=0
PG_9=0
PG_12=0
FLT_P2=0
FLT_P3=0
HEAT_1_TEMP=28
HEAT_1_DUTY=0
HEAT_1_SP=-20.0
HEAT_2_TEMP=34
HEAT_2_DUTY=0
HEAT_2_SP=-20.0
HEAT_3_TEMP=32
HEAT_3_DUTY=0
HEAT_3_SP=-20.0
HEAT_4_TEMP=33
HEAT_4_DUTY=0
HEAT_4_SP=-20.0
MOTOR_ANGLE=0.004186046511627906
MOTOR_ACCUM=1.0506976744186047
MOTOR_ROT=2
TS=1786204301.415
V_SENSE5=1.279296875
V_SENSE9=0.0390625
V_SENSE12=0.10986328125
ADC_V5=4.87640380859375
ADC_V9=9.0447998046875
ADC_V12=11.611328125
ADC_V28=27.470703125
THERMAL_SENS_OUT_1=30
THERMAL_SENS_OUT_2=-50
THERMAL_SENS_OUT_3=34
THERMAL_SENS_OUT_4=26
THERMAL_SENS_OUT_5=37
THERMAL_SENS_OUT_6=-50
THERMAL_SENS_INT_1=27
THERMAL_SENS_INT_2=25
PG_5=0
PG_9=0
PG_12=0
FLT_P2=0
FLT_P3=0
HEAT_1_TEMP=30
HEAT_1_DUTY=0
HEAT_1_SP=-20.0
HEAT_2_TEMP=34
HEAT_2_DUTY=0
HEAT_2_SP=-20.0
HEAT_3_TEMP=26
HEAT_3_DUTY=0
HEAT_3_SP=-20.0
HEAT_4_TEMP=37
HEAT_4_DUTY=0
HEAT_4_SP=-20.0
MOTOR_ANGLE=0.004186046511627906
MOTOR_ACCUM=1.0506976744186047
MOTOR_ROT=2

[12:00:11.899 EBOX]
TS=1786204301.942
V_SENSE5=1.220703125
V_SENSE9=0.0341796875
V_SENSE12=0.11962890625
ADC_V5=4.9383544921875
ADC_V9=9.40765380859375
ADC_V12=11.82373046875
ADC_V28=27.24945068359375
THERMAL_SENS_OUT_1=33
THERMAL_SENS_OUT_2=-50
THERMAL_SENS_OUT_3=30
THERMAL_SENS_OUT_4=31
THERMAL_SENS_OUT_5=34
THERMAL_SENS_OUT_6=-50
THERMAL_SENS_INT_1=30
THERMAL_SENS_INT_2=32
PG_5=0
PG_9=0
PG_12=0
FLT_P2=0
FLT_P3=0
HEAT_1_TEMP=33
HEAT_1_DUTY=0
HEAT_1_SP=-20.0
HEAT_2_TEMP=30
HEAT_2_DUTY=0
HEAT_2_SP=-20.0
HEAT_3_TEMP=31
HEAT_3_DUTY=0
HEAT_3_SP=-20.0
HEAT_4_TEMP=34
HEAT_4_DUTY=0
HEAT_4_SP=-20.0
MOTOR_ANGLE=0.004186046511627906
MOTOR_ACCUM=1.0506976744186047
MOTOR_ROT=2

[12:00:12.527 EBOX]
TS=1786204302.418
V_SENSE5=1.3818359375
V_SENSE9=0.0390625
V_SENSE12=0.1171875
ADC_V5=4.96490478515625
ADC_V9=8.89434814453125
ADC_V12=11.76177978515625
ADC_V28=27.8424072265625
THERMAL_SENS_OUT_1=31
THERMAL_SENS_OUT_2=-50
THERMAL_SENS_OUT_3=34
THERMAL_SENS_OUT_4=26
THERMAL_SENS_OUT_5=33
THERMAL_SENS_OUT_6=-50
THERMAL_SENS_INT_1=25
THERMAL_SENS_INT_2=30
PG_5=0
PG_9=0
PG_12=0
FLT_P2=0
FLT_P3=0
HEAT_1_TEMP=31
HEAT_1_DUTY=0
HEAT_1_SP=-20.0
HEAT_2_TEMP=34
HEAT_2_DUTY=0
HEAT_2_SP=-20.0
HEAT_3_TEMP=26
HEAT_3_DUTY=0
HEAT_3_SP=-20.0
HEAT_4_TEMP=33
HEAT_4_DUTY=0
HEAT_4_SP=-20.0
MOTOR_ANGLE=0.004186046511627906
MOTOR_ACCUM=1.0506976744186047
MOTOR_ROT=2

[12:00:12.751 EBOX]
TS=1786204302.920
V_SENSE5=1.30126953125
V_SENSE9=0.0341796875
V_SENSE12=0.1171875
ADC_V5=4.9383544921875
ADC_V9=9.60235595703125
ADC_V12=11.68212890625
ADC_V28=27.364501953125
THERMAL_SENS_OUT_1=28
THERMAL_SENS_OUT_2=-50
THERMAL_SENS_OUT_3=36
THERMAL_SENS_OUT_4=27
THERMAL_SENS_OUT_5=37
THERMAL_SENS_OUT_6=-50
THERMAL_SENS_INT_1=29
THERMAL_SENS_INT_2=27
PG_5=0
PG_9=0
PG_12=0
FLT_P2=0
FLT_P3=0
HEAT_1_TEMP=28
HEAT_1_DUTY=0
HEAT_1_SP=-20.0
HEAT_2_TEMP=36
HEAT_2_DUTY=0
HEAT_2_SP=-20.0
HEAT_3_TEMP=27
HEAT_3_DUTY=0
HEAT_3_SP=-20.0
HEAT_4_TEMP=37
HEAT_4_DUTY=0
HEAT_4_SP=-20.0
MOTOR_ANGLE=0.004186046511627906
MOTOR_ACCUM=1.0506976744186047
MOTOR_ROT=2

[12:00:13.075 EBOX]
TS=1786204303.422
V_SENSE5=1.33056640625
V_SENSE9=0.0341796875
V_SENSE12=0.1123046875
ADC_V5=4.9737548828125
ADC_V9=9.0802001953125
ADC_V12=11.8768310546875
ADC_V28=27.1875
THERMAL_SENS_OUT_1=26
THERMAL_SENS_OUT_2=-50
THERMAL_SENS_OUT_3=32
THERMAL_SENS_OUT_4=28
THERMAL_SENS_OUT_5=34
THERMAL_SENS_OUT_6=-50
THERMAL_SENS_INT_1=23
THERMAL_SENS_INT_2=28
PG_5=0
PG_9=0
PG_12=0
FLT_P2=0
FLT_P3=0
HEAT_1_TEMP=26
HEAT_1_DUTY=0
HEAT_1_SP=-20.0
HEAT_2_TEMP=32
HEAT_2_DUTY=0
HEAT_2_SP=-20.0
HEAT_3_TEMP=28
HEAT_3_DUTY=0
HEAT_3_SP=-20.0
HEAT_4_TEMP=34
HEAT_4_DUTY=0
HEAT_4_SP=-20.0
MOTOR_ANGLE=0.004186046511627906
MOTOR_ACCUM=1.0506976744186047
MOTOR_ROT=2

[12:00:13.500 EBOX]
TS=1786204303.923
V_SENSE5=1.2109375
V_SENSE9=0.03173828125
V_SENSE12=0.12451171875
ADC_V5=4.920654296875
ADC_V9=9.01824951171875
ADC_V12=11.54937744140625
ADC_V28=27.9132080078125
THERMAL_SENS_OUT_1=30
THERMAL_SENS_OUT_2=-50
THERMAL_SENS_OUT_3=30
THERMAL_SENS_OUT_4=25
THERMAL_SENS_OUT_5=37
THERMAL_SENS_OUT_6=-50
THERMAL_SENS_INT_1=27
THERMAL_SENS_INT_2=28
PG_5=0
PG_9=0
PG_12=0
FLT_P2=0
FLT_P3=0
HEAT_1_TEMP=30
HEAT_1_DUTY=0
HEAT_1_SP=-20.0
HEAT_2_TEMP=30
HEAT_2_DUTY=0
HEAT_2_SP=-20.0
HEAT_3_TEMP=25
HEAT_3_DUTY=0
HEAT_3_SP=-20.0
HEAT_4_TEMP=37
HEAT_4_DUTY=0
HEAT_4_SP=-20.0
MOTOR_ANGLE=0.004186046511627906
MOTOR_ACCUM=1.0506976744186047
MOTOR_ROT=2

[12:00:14.026 EBOX]
TS=1786204304.424
V_SENSE5=1.32568359375
V_SENSE9=0.0390625
V_SENSE12=0.1171875
ADC_V5=4.9029541015625
ADC_V9=9.46075439453125
ADC_V12=11.6998291015625
ADC_V28=27.6300048828125
THERMAL_SENS_OUT_1=30
THERMAL_SENS_OUT_2=-50
THERMAL_SENS_OUT_3=34
THERMAL_SENS_OUT_4=25
THERMAL_SENS_OUT_5=34
THERMAL_SENS_OUT_6=-50
THERMAL_SENS_INT_1=23
THERMAL_SENS_INT_2=28
PG_5=0
PG_9=0
PG_12=0
FLT_P2=0
FLT_P3=0
HEAT_1_TEMP=30
HEAT_1_DUTY=0
HEAT_1_SP=-20.0
HEAT_2_TEMP=34
HEAT_2_DUTY=0
HEAT_2_SP=-20.0
HEAT_3_TEMP=25
HEAT_3_DUTY=0
HEAT_3_SP=-20.0
HEAT_4_TEMP=34
HEAT_4_DUTY=0
HEAT_4_SP=-20.0
MOTOR_ANGLE=0.004186046511627906
MOTOR_ACCUM=1.0506976744186047
MOTOR_ROT=2

[12:00:16.310 EBOX]
TS=1786204304.924
V_SENSE5=1.3671875
V_SENSE9=0.07568359375
V_SENSE12=0.10986328125
ADC_V5=4.814453125
ADC_V9=9.2572021484375
ADC_V12=11.6644287109375
ADC_V28=27.95745849609375
THERMAL_SENS_OUT_1=29
THERMAL_SENS_OUT_2=-50
THERMAL_SENS_OUT_3=33
THERMAL_SENS_OUT_4=28
THERMAL_SENS_OUT_5=35
THERMAL_SENS_OUT_6=-50
THERMAL_SENS_INT_1=29
THERMAL_SENS_INT_2=27
PG_5=0
PG_9=0
PG_12=0
FLT_P2=0
FLT_P3=0
HEAT_1_TEMP=29
HEAT_1_DUTY=0
HEAT_1_SP=-20.0
HEAT_2_TEMP=33
HEAT_2_DUTY=0
HEAT_2_SP=-20.0
HEAT_3_TEMP=28
HEAT_3_DUTY=0
HEAT_3_SP=-20.0
HEAT_4_TEMP=35
HEAT_4_DUTY=0
HEAT_4_SP=-20.0
MOTOR_ANGLE=0.004186046511627906
MOTOR_ACCUM=1.0506976744186047
MOTOR_ROT=2
TS=1786204305.426
V_SENSE5=1.27685546875
V_SENSE9=0.03662109375
V_SENSE12=0.107421875
ADC_V5=4.920654296875
ADC_V9=9.0447998046875
ADC_V12=11.72637939453125
ADC_V28=27.718505859375
THERMAL_SENS_OUT_1=27
THERMAL_SENS_OUT_2=-50
THERMAL_SENS_OUT_3=31
THERMAL_SENS_OUT_4=32
THERMAL_SENS_OUT_5=34
THERMAL_SENS_OUT_6=-50
THERMAL_SENS_INT_1=25
THERMAL_SENS_INT_2=31
PG_5=0
PG_9=0
PG_12=0
FLT_P2=0
FLT_P3=0
HEAT_1_TEMP=27
HEAT_1_DUTY=0
HEAT_1_SP=-20.0
HEAT_2_TEMP=31
HEAT_2_DUTY=0
HEAT_2_SP=-20.0
HEAT_3_TEMP=32
HEAT_3_DUTY=0
HEAT_3_SP=-20.0
HEAT_4_TEMP=34
HEAT_4_DUTY=0
HEAT_4_SP=-20.0
MOTOR_ANGLE=0.004186046511627906
MOTOR_ACCUM=1.0506976744186047
MOTOR_ROT=2

[12:00:16.671 EBOX]
TS=1786204305.928
V_SENSE5=1.2255859375
V_SENSE9=0.0390625
V_SENSE12=0.12451171875
ADC_V5=4.849853515625
ADC_V9=9.41650390625
ADC_V12=11.646728515625
ADC_V28=27.90435791015625
THERMAL_SENS_OUT_1=26
THERMAL_SENS_OUT_2=-50
THERMAL_SENS_OUT_3=31
THERMAL_SENS_OUT_4=27
THERMAL_SENS_OUT_5=38
THERMAL_SENS_OUT_6=-50
THERMAL_SENS_INT_1=24
THERMAL_SENS_INT_2=24
PG_5=0
PG_9=0
PG_12=0
FLT_P2=0
FLT_P3=0
HEAT_1_TEMP=26
HEAT_1_DUTY=0
HEAT_1_SP=-20.0
HEAT_2_TEMP=31
HEAT_2_DUTY=0
HEAT_2_SP=-20.0
HEAT_3_TEMP=27
HEAT_3_DUTY=0
HEAT_3_SP=-20.0
HEAT_4_TEMP=38
HEAT_4_DUTY=0
HEAT_4_SP=-20.0
MOTOR_ANGLE=0.004186046511627906
MOTOR_ACCUM=1.0506976744186047
MOTOR_ROT=2
TS=1786204306.431
V_SENSE5=1.38427734375
V_SENSE9=0.0390625
V_SENSE12=0.15380859375
ADC_V5=4.88525390625
ADC_V9=8.9385986328125
ADC_V12=11.7529296875
ADC_V28=27.46185302734375
THERMAL_SENS_OUT_1=28
THERMAL_SENS_OUT_2=-50
THERMAL_SENS_OUT_3=35
THERMAL_SENS_OUT_4=26
THERMAL_SENS_OUT_5=37
THERMAL_SENS_OUT_6=-50
THERMAL_SENS_INT_1=28
THERMAL_SENS_INT_2=26
PG_5=0
PG_9=0
PG_12=0
FLT_P2=0
FLT_P3=0
HEAT_1_TEMP=28
HEAT_1_DUTY=0
HEAT_1_SP=-20.0
HEAT_2_TEMP=35
HEAT_2_DUTY=0
HEAT_2_SP=-20.0
HEAT_3_TEMP=26
HEAT_3_DUTY=0
HEAT_3_SP=-20.0
HEAT_4_TEMP=37
HEAT_4_DUTY=0
HEAT_4_SP=-20.0
MOTOR_ANGLE=0.004186046511627906
MOTOR_ACCUM=1.0506976744186047
MOTOR_ROT=2
TS=1786204306.931
V_SENSE5=1.2060546875
V_SENSE9=0.0341796875
V_SENSE12=0.107421875
ADC_V5=4.87640380859375
ADC_V9=9.51385498046875
ADC_V12=11.54052734375
ADC_V28=27.69195556640625
THERMAL_SENS_OUT_1=32
THERMAL_SENS_OUT_2=-50
THERMAL_SENS_OUT_3=33
THERMAL_SENS_OUT_4=27
THERMAL_SENS_OUT_5=33
THERMAL_SENS_OUT_6=-50
THERMAL_SENS_INT_1=26
THERMAL_SENS_INT_2=25
PG_5=0
PG_9=0
PG_12=0
FLT_P2=0
FLT_P3=0
HEAT_1_TEMP=32
HEAT_1_DUTY=0
HEAT_1_SP=-20.0
HEAT_2_TEMP=33
HEAT_2_DUTY=0
HEAT_2_SP=-20.0
HEAT_3_TEMP=27
HEAT_3_DUTY=0
HEAT_3_SP=-20.0
HEAT_4_TEMP=33
HEAT_4_DUTY=0
HEAT_4_SP=-20.0
MOTOR_ANGLE=0.004186046511627906
MOTOR_ACCUM=1.0506976744186047
MOTOR_ROT=2

[12:00:16.997 EBOX]
TS=1786204307.434
V_SENSE5=1.30859375
V_SENSE9=0.0341796875
V_SENSE12=0.13916015625
ADC_V5=4.91180419921875
ADC_V9=9.0093994140625
ADC_V12=11.89453125
ADC_V28=27.0281982421875
THERMAL_SENS_OUT_1=26
THERMAL_SENS_OUT_2=-50
THERMAL_SENS_OUT_3=36
THERMAL_SENS_OUT_4=29
THERMAL_SENS_OUT_5=33
THERMAL_SENS_OUT_6=-50
THERMAL_SENS_INT_1=28
THERMAL_SENS_INT_2=29
PG_5=0
PG_9=0
PG_12=0
FLT_P2=0
FLT_P3=0
HEAT_1_TEMP=26
HEAT_1_DUTY=0
HEAT_1_SP=-20.0
HEAT_2_TEMP=36
HEAT_2_DUTY=0
HEAT_2_SP=-20.0
HEAT_3_TEMP=29
HEAT_3_DUTY=0
HEAT_3_SP=-20.0
HEAT_4_TEMP=33
HEAT_4_DUTY=0
HEAT_4_SP=-20.0
MOTOR_ANGLE=0.004186046511627906
MOTOR_ACCUM=1.0506976744186047
MOTOR_ROT=2

[12:00:17.654 EBOX]
TS=1786204307.934
V_SENSE5=1.3671875
V_SENSE9=0.0341796875
V_SENSE12=0.1171875
ADC_V5=4.920654296875
ADC_V9=8.89434814453125
ADC_V12=11.79718017578125
ADC_V28=27.72735595703125
THERMAL_SENS_OUT_1=28
THERMAL_SENS_OUT_2=-50
THERMAL_SENS_OUT_3=31
THERMAL_SENS_OUT_4=29
THERMAL_SENS_OUT_5=37
THERMAL_SENS_OUT_6=-50
THERMAL_SENS_INT_1=23
THERMAL_SENS_INT_2=24
PG_5=0
PG_9=0
PG_12=0
FLT_P2=0
FLT_P3=0
HEAT_1_TEMP=28
HEAT_1_DUTY=0
HEAT_1_SP=-20.0
HEAT_2_TEMP=31
HEAT_2_DUTY=0
HEAT_2_SP=-20.0
HEAT_3_TEMP=29
HEAT_3_DUTY=0
HEAT_3_SP=-20.0
HEAT_4_TEMP=37
HEAT_4_DUTY=0
HEAT_4_SP=-20.0
MOTOR_ANGLE=0.004186046511627906
MOTOR_ACCUM=1.0506976744186047
MOTOR_ROT=2

[12:00:19.325 EBOX]
TS=1786204308.441
V_SENSE5=1.13525390625
V_SENSE9=0.0390625
V_SENSE12=0.12451171875
ADC_V5=4.92950439453125
ADC_V9=9.239501953125
ADC_V12=11.76177978515625
ADC_V28=27.718505859375
THERMAL_SENS_OUT_1=26
THERMAL_SENS_OUT_2=-50
THERMAL_SENS_OUT_3=30
THERMAL_SENS_OUT_4=28
THERMAL_SENS_OUT_5=34
THERMAL_SENS_OUT_6=-50
THERMAL_SENS_INT_1=25
THERMAL_SENS_INT_2=27
PG_5=0
PG_9=0
PG_12=0
FLT_P2=0
FLT_P3=0
HEAT_1_TEMP=26
HEAT_1_DUTY=0
HEAT_1_SP=-20.0
HEAT_2_TEMP=30
HEAT_2_DUTY=0
HEAT_2_SP=-20.0
HEAT_3_TEMP=28
HEAT_3_DUTY=0
HEAT_3_SP=-20.0
HEAT_4_TEMP=34
HEAT_4_DUTY=0
HEAT_4_SP=-20.0
MOTOR_ANGLE=0.004186046511627906
MOTOR_ACCUM=1.0506976744186047
MOTOR_ROT=2
TS=1786204308.938
V_SENSE5=1.25
V_SENSE9=0.0390625
V_SENSE12=0.1171875
ADC_V5=4.9383544921875
ADC_V9=9.1510009765625
ADC_V12=11.7529296875
ADC_V28=27.40875244140625
THERMAL_SENS_OUT_1=30
THERMAL_SENS_OUT_2=-50
THERMAL_SENS_OUT_3=34
THERMAL_SENS_OUT_4=27
THERMAL_SENS_OUT_5=33
THERMAL_SENS_OUT_6=-50
THERMAL_SENS_INT_1=29
THERMAL_SENS_INT_2=25
PG_5=0
PG_9=0
PG_12=0
FLT_P2=0
FLT_P3=0
HEAT_1_TEMP=30
HEAT_1_DUTY=0
HEAT_1_SP=-20.0
HEAT_2_TEMP=34
HEAT_2_DUTY=0
HEAT_2_SP=-20.0
HEAT_3_TEMP=27
HEAT_3_DUTY=0
HEAT_3_SP=-20.0
HEAT_4_TEMP=33
HEAT_4_DUTY=0
HEAT_4_SP=-20.0
MOTOR_ANGLE=0.004186046511627906
MOTOR_ACCUM=1.0506976744186047
MOTOR_ROT=2

[12:00:19.973 EBOX]
TS=1786204309.442
V_SENSE5=1.31103515625
V_SENSE9=0.0341796875
V_SENSE12=0.1123046875
ADC_V5=4.91180419921875
ADC_V9=9.46075439453125
ADC_V12=11.788330078125
ADC_V28=27.17864990234375
THERMAL_SENS_OUT_1=28
THERMAL_SENS_OUT_2=-50
THERMAL_SENS_OUT_3=31
THERMAL_SENS_OUT_4=29
THERMAL_SENS_OUT_5=36
THERMAL_SENS_OUT_6=-50
THERMAL_SENS_INT_1=28
THERMAL_SENS_INT_2=26
PG_5=0
PG_9=0
PG_12=0
FLT_P2=0
FLT_P3=0
HEAT_1_TEMP=28
HEAT_1_DUTY=0
HEAT_1_SP=-20.0
HEAT_2_TEMP=31
HEAT_2_DUTY=0
HEAT_2_SP=-20.0
HEAT_3_TEMP=29
HEAT_3_DUTY=0
HEAT_3_SP=-20.0
HEAT_4_TEMP=36
HEAT_4_DUTY=0
HEAT_4_SP=-20.0
MOTOR_ANGLE=0.004186046511627906
MOTOR_ACCUM=1.0506976744186047
MOTOR_ROT=2

[12:00:20.232 EBOX]
TS=1786204309.940
V_SENSE5=1.201171875
V_SENSE9=0.0390625
V_SENSE12=0.14404296875
ADC_V5=4.84100341796875
ADC_V9=9.0093994140625
ADC_V12=11.76177978515625
ADC_V28=27.222900390625
THERMAL_SENS_OUT_1=31
THERMAL_SENS_OUT_2=-50
THERMAL_SENS_OUT_3=32
THERMAL_SENS_OUT_4=31
THERMAL_SENS_OUT_5=33
THERMAL_SENS_OUT_6=-50
THERMAL_SENS_INT_1=25
THERMAL_SENS_INT_2=31
PG_5=0
PG_9=0
PG_12=0
FLT_P2=0
FLT_P3=0
HEAT_1_TEMP=31
HEAT_1_DUTY=0
HEAT_1_SP=-20.0
HEAT_2_TEMP=32
HEAT_2_DUTY=0
HEAT_2_SP=-20.0
HEAT_3_TEMP=31
HEAT_3_DUTY=0
HEAT_3_SP=-20.0
HEAT_4_TEMP=33
HEAT_4_DUTY=0
HEAT_4_SP=-20.0
MOTOR_ANGLE=0.004186046511627906
MOTOR_ACCUM=1.0506976744186047
MOTOR_ROT=2

[12:00:20.862 EBOX]
TS=1786204310.443
V_SENSE5=1.328125
V_SENSE9=0.0390625
V_SENSE12=0.1123046875
ADC_V5=4.9560546875
ADC_V9=9.0447998046875
ADC_V12=11.95648193359375
ADC_V28=27.435302734375
THERMAL_SENS_OUT_1=31
THERMAL_SENS_OUT_2=-50
THERMAL_SENS_OUT_3=33
THERMAL_SENS_OUT_4=26
THERMAL_SENS_OUT_5=36
THERMAL_SENS_OUT_6=-50
THERMAL_SENS_INT_1=27
THERMAL_SENS_INT_2=26
PG_5=0
PG_9=0
PG_12=0
FLT_P2=0
FLT_P3=0
HEAT_1_TEMP=31
HEAT_1_DUTY=0
HEAT_1_SP=-20.0
HEAT_2_TEMP=33
HEAT_2_DUTY=0
HEAT_2_SP=-20.0
HEAT_3_TEMP=26
HEAT_3_DUTY=0
HEAT_3_SP=-20.0
HEAT_4_TEMP=36
HEAT_4_DUTY=0
HEAT_4_SP=-20.0
MOTOR_ANGLE=0.004186046511627906
MOTOR_ACCUM=1.0506976744186047
MOTOR_ROT=2

[12:00:21.386 EBOX]
TS=1786204310.952
V_SENSE5=1.3134765625
V_SENSE9=0.0390625
V_SENSE12=0.1171875
ADC_V5=4.96490478515625
ADC_V9=9.54925537109375
ADC_V12=11.79718017578125
ADC_V28=27.53265380859375
THERMAL_SENS_OUT_1=26
THERMAL_SENS_OUT_2=-50
THERMAL_SENS_OUT_3=34
THERMAL_SENS_OUT_4=29
THERMAL_SENS_OUT_5=32
THERMAL_SENS_OUT_6=-50
THERMAL_SENS_INT_1=27
THERMAL_SENS_INT_2=25
PG_5=0
PG_9=0
PG_12=0
FLT_P2=0
FLT_P3=0
HEAT_1_TEMP=26
HEAT_1_DUTY=0
HEAT_1_SP=-20.0
HEAT_2_TEMP=34
HEAT_2_DUTY=0
HEAT_2_SP=-20.0
HEAT_3_TEMP=29
HEAT_3_DUTY=0
HEAT_3_SP=-20.0
HEAT_4_TEMP=32
HEAT_4_DUTY=0
HEAT_4_SP=-20.0
MOTOR_ANGLE=0.004186046511627906
MOTOR_ACCUM=1.0506976744186047
MOTOR_ROT=2

[12:00:21.608 EBOX]
TS=1786204311.444
V_SENSE5=1.201171875
V_SENSE9=0.04150390625
V_SENSE12=0.10986328125
ADC_V5=4.96490478515625
ADC_V9=8.85009765625
ADC_V12=11.717529296875
ADC_V28=27.33795166015625
THERMAL_SENS_OUT_1=26
THERMAL_SENS_OUT_2=-50
THERMAL_SENS_OUT_3=30
THERMAL_SENS_OUT_4=28
THERMAL_SENS_OUT_5=38
THERMAL_SENS_OUT_6=-50
THERMAL_SENS_INT_1=25
THERMAL_SENS_INT_2=30
PG_5=0
PG_9=0
PG_12=0
FLT_P2=0
FLT_P3=0
HEAT_1_TEMP=26
HEAT_1_DUTY=0
HEAT_1_SP=-20.0
HEAT_2_TEMP=30
HEAT_2_DUTY=0
HEAT_2_SP=-20.0
HEAT_3_TEMP=28
HEAT_3_DUTY=0
HEAT_3_SP=-20.0
HEAT_4_TEMP=38
HEAT_4_DUTY=0
HEAT_4_SP=-20.0
MOTOR_ANGLE=0.004186046511627906
MOTOR_ACCUM=1.0506976744186047
MOTOR_ROT=2

[12:00:21.854 EBOX]
TS=1786204311.947
V_SENSE5=1.29638671875
V_SENSE9=0.0341796875
V_SENSE12=0.11962890625
ADC_V5=4.9383544921875
ADC_V9=9.2926025390625
ADC_V12=11.6644287109375
ADC_V28=27.79815673828125
THERMAL_SENS_OUT_1=31
THERMAL_SENS_OUT_2=-50
THERMAL_SENS_OUT_3=34
THERMAL_SENS_OUT_4=25
THERMAL_SENS_OUT_5=34
THERMAL_SENS_OUT_6=-50
THERMAL_SENS_INT_1=23
THERMAL_SENS_INT_2=28
PG_5=0
PG_9=0
PG_12=0
FLT_P2=0
FLT_P3=0
HEAT_1_TEMP=31
HEAT_1_DUTY=0
HEAT_1_SP=-20.0
HEAT_2_TEMP=34
HEAT_2_DUTY=0
HEAT_2_SP=-20.0
HEAT_3_TEMP=25
HEAT_3_DUTY=0
HEAT_3_SP=-20.0
HEAT_4_TEMP=34
HEAT_4_DUTY=0
HEAT_4_SP=-20.0
MOTOR_ANGLE=0.004186046511627906
MOTOR_ACCUM=1.0506976744186047
MOTOR_ROT=2

[12:00:22.276 EBOX]
TS=1786204312.448
V_SENSE5=1.26953125
V_SENSE9=0.0341796875
V_SENSE12=0.1171875
ADC_V5=4.88525390625
ADC_V9=9.381103515625
ADC_V12=11.788330078125
ADC_V28=26.939697265625
THERMAL_SENS_OUT_1=28
THERMAL_SENS_OUT_2=-50
THERMAL_SENS_OUT_3=32
THERMAL_SENS_OUT_4=28
THERMAL_SENS_OUT_5=34
THERMAL_SENS_OUT_6=-50
THERMAL_SENS_INT_1=28
THERMAL_SENS_INT_2=26
PG_5=0
PG_9=0
PG_12=0
FLT_P2=0
FLT_P3=0
HEAT_1_TEMP=28
HEAT_1_DUTY=0
HEAT_1_SP=-20.0
HEAT_2_TEMP=32
HEAT_2_DUTY=0
HEAT_2_SP=-20.0
HEAT_3_TEMP=28
HEAT_3_DUTY=0
HEAT_3_SP=-20.0
HEAT_4_TEMP=34
HEAT_4_DUTY=0
HEAT_4_SP=-20.0
MOTOR_ANGLE=0.004186046511627906
MOTOR_ACCUM=1.0506976744186047
MOTOR_ROT=2

[12:00:22.800 EBOX]
TS=1786204312.950
V_SENSE5=1.2890625
V_SENSE9=0.0341796875
V_SENSE12=0.10986328125
ADC_V5=4.9737548828125
ADC_V9=8.8677978515625
ADC_V12=11.859130859375
ADC_V28=27.46185302734375
THERMAL_SENS_OUT_1=27
THERMAL_SENS_OUT_2=-50
THERMAL_SENS_OUT_3=35
THERMAL_SENS_OUT_4=26
THERMAL_SENS_OUT_5=37
THERMAL_SENS_OUT_6=-50
THERMAL_SENS_INT_1=25
THERMAL_SENS_INT_2=30
PG_5=0
PG_9=0
PG_12=0
FLT_P2=0
FLT_P3=0
HEAT_1_TEMP=27
HEAT_1_DUTY=0
HEAT_1_SP=-20.0
HEAT_2_TEMP=35
HEAT_2_DUTY=0
HEAT_2_SP=-20.0
HEAT_3_TEMP=26
HEAT_3_DUTY=0
HEAT_3_SP=-20.0
HEAT_4_TEMP=37
HEAT_4_DUTY=0
HEAT_4_SP=-20.0
MOTOR_ANGLE=0.004186046511627906
MOTOR_ACCUM=1.0506976744186047
MOTOR_ROT=2

[12:00:23.222 EBOX]
TS=1786204313.457
V_SENSE5=1.20849609375
V_SENSE9=0.0341796875
V_SENSE12=0.1171875
ADC_V5=4.7967529296875
ADC_V9=9.15985107421875
ADC_V12=11.717529296875
ADC_V28=27.97515869140625
THERMAL_SENS_OUT_1=28
THERMAL_SENS_OUT_2=-50
THERMAL_SENS_OUT_3=32
THERMAL_SENS_OUT_4=32
THERMAL_SENS_OUT_5=33
THERMAL_SENS_OUT_6=-50
THERMAL_SENS_INT_1=24
THERMAL_SENS_INT_2=30
PG_5=0
PG_9=0
PG_12=0
FLT_P2=0
FLT_P3=0
HEAT_1_TEMP=28
HEAT_1_DUTY=0
HEAT_1_SP=-20.0
HEAT_2_TEMP=32
HEAT_2_DUTY=0
HEAT_2_SP=-20.0
HEAT_3_TEMP=32
HEAT_3_DUTY=0
HEAT_3_SP=-20.0
HEAT_4_TEMP=33
HEAT_4_DUTY=0
HEAT_4_SP=-20.0
MOTOR_ANGLE=0.004186046511627906
MOTOR_ACCUM=1.0506976744186047
MOTOR_ROT=2

[12:00:23.545 EBOX]
TS=1786204313.952
V_SENSE5=1.36962890625
V_SENSE9=0.0341796875
V_SENSE12=0.1171875
ADC_V5=4.94720458984375
ADC_V9=9.03594970703125
ADC_V12=11.60247802734375
ADC_V28=26.84234619140625
THERMAL_SENS_OUT_1=29
THERMAL_SENS_OUT_2=-50
THERMAL_SENS_OUT_3=34
THERMAL_SENS_OUT_4=26
THERMAL_SENS_OUT_5=33
THERMAL_SENS_OUT_6=-50
THERMAL_SENS_INT_1=27
THERMAL_SENS_INT_2=25
PG_5=0
PG_9=0
PG_12=0
FLT_P2=0
FLT_P3=0
HEAT_1_TEMP=29
HEAT_1_DUTY=0
HEAT_1_SP=-20.0
HEAT_2_TEMP=34
HEAT_2_DUTY=0
HEAT_2_SP=-20.0
HEAT_3_TEMP=26
HEAT_3_DUTY=0
HEAT_3_SP=-20.0
HEAT_4_TEMP=33
HEAT_4_DUTY=0
HEAT_4_SP=-20.0
MOTOR_ANGLE=0.004186046511627906
MOTOR_ACCUM=1.0506976744186047
MOTOR_ROT=2

[12:00:24.072 EBOX]
TS=1786204314.454
V_SENSE5=1.19384765625
V_SENSE9=0.0390625
V_SENSE12=0.15380859375
ADC_V5=4.8675537109375
ADC_V9=9.1510009765625
ADC_V12=11.7352294921875
ADC_V28=27.6300048828125
THERMAL_SENS_OUT_1=27
THERMAL_SENS_OUT_2=-50
THERMAL_SENS_OUT_3=32
THERMAL_SENS_OUT_4=28
THERMAL_SENS_OUT_5=34
THERMAL_SENS_OUT_6=-50
THERMAL_SENS_INT_1=24
THERMAL_SENS_INT_2=30
PG_5=0
PG_9=0
PG_12=0
FLT_P2=0
FLT_P3=0
HEAT_1_TEMP=27
HEAT_1_DUTY=0
HEAT_1_SP=-20.0
HEAT_2_TEMP=32
HEAT_2_DUTY=0
HEAT_2_SP=-20.0
HEAT_3_TEMP=28
HEAT_3_DUTY=0
HEAT_3_SP=-20.0
HEAT_4_TEMP=34
HEAT_4_DUTY=0
HEAT_4_SP=-20.0
MOTOR_ANGLE=0.004186046511627906
MOTOR_ACCUM=1.0506976744186047
MOTOR_ROT=2

[12:00:24.707 EBOX]
TS=1786204314.956
V_SENSE5=1.25244140625
V_SENSE9=0.0341796875
V_SENSE12=0.10986328125
ADC_V5=4.9383544921875
ADC_V9=9.2926025390625
ADC_V12=11.54937744140625
ADC_V28=27.00164794921875
THERMAL_SENS_OUT_1=27
THERMAL_SENS_OUT_2=-50
THERMAL_SENS_OUT_3=34
THERMAL_SENS_OUT_4=31
THERMAL_SENS_OUT_5=34
THERMAL_SENS_OUT_6=-50
THERMAL_SENS_INT_1=24
THERMAL_SENS_INT_2=30
PG_5=0
PG_9=0
PG_12=0
FLT_P2=0
FLT_P3=0
HEAT_1_TEMP=27
HEAT_1_DUTY=0
HEAT_1_SP=-20.0
HEAT_2_TEMP=34
HEAT_2_DUTY=0
HEAT_2_SP=-20.0
HEAT_3_TEMP=31
HEAT_3_DUTY=0
HEAT_3_SP=-20.0
HEAT_4_TEMP=34
HEAT_4_DUTY=0
HEAT_4_SP=-20.0
MOTOR_ANGLE=0.004186046511627906
MOTOR_ACCUM=1.0506976744186047
MOTOR_ROT=2

[12:00:27.224 EBOX]
TS=1786204315.457
V_SENSE5=1.240234375
V_SENSE9=0.0341796875
V_SENSE12=0.12939453125
ADC_V5=4.849853515625
ADC_V9=8.87664794921875
ADC_V12=11.89453125
ADC_V28=27.28485107421875
THERMAL_SENS_OUT_1=32
THERMAL_SENS_OUT_2=-50
THERMAL_SENS_OUT_3=32
THERMAL_SENS_OUT_4=27
THERMAL_SENS_OUT_5=38
THERMAL_SENS_OUT_6=-50
THERMAL_SENS_INT_1=23
THERMAL_SENS_INT_2=30
PG_5=0
PG_9=0
PG_12=0
FLT_P2=0
FLT_P3=0
HEAT_1_TEMP=32
HEAT_1_DUTY=0
HEAT_1_SP=-20.0
HEAT_2_TEMP=32
HEAT_2_DUTY=0
HEAT_2_SP=-20.0
HEAT_3_TEMP=27
HEAT_3_DUTY=0
HEAT_3_SP=-20.0
HEAT_4_TEMP=38
HEAT_4_DUTY=0
HEAT_4_SP=-20.0
MOTOR_ANGLE=0.004186046511627906
MOTOR_ACCUM=1.0506976744186047
MOTOR_ROT=2
TS=1786204315.958
V_SENSE5=1.30126953125
V_SENSE9=0.03662109375
V_SENSE12=0.11962890625
ADC_V5=4.82330322265625
ADC_V9=9.40765380859375
ADC_V12=11.85028076171875
ADC_V28=27.85125732421875
THERMAL_SENS_OUT_1=32
THERMAL_SENS_OUT_2=-50
THERMAL_SENS_OUT_3=35
THERMAL_SENS_OUT_4=25
THERMAL_SENS_OUT_5=35
THERMAL_SENS_OUT_6=-50
THERMAL_SENS_INT_1=24
THERMAL_SENS_INT_2=27
PG_5=0
PG_9=0
PG_12=0
FLT_P2=0
FLT_P3=0
HEAT_1_TEMP=32
HEAT_1_DUTY=0
HEAT_1_SP=-20.0
HEAT_2_TEMP=35
HEAT_2_DUTY=0
HEAT_2_SP=-20.0
HEAT_3_TEMP=25
HEAT_3_DUTY=0
HEAT_3_SP=-20.0
HEAT_4_TEMP=35
HEAT_4_DUTY=0
HEAT_4_SP=-20.0
MOTOR_ANGLE=0.004186046511627906
MOTOR_ACCUM=1.0506976744186047
MOTOR_ROT=2

[12:00:28.090 EBOX]
TS=1786204316.460
V_SENSE5=1.21337890625
V_SENSE9=0.10498046875
V_SENSE12=0.1220703125
ADC_V5=4.92950439453125
ADC_V9=9.0447998046875
ADC_V12=11.79718017578125
ADC_V28=27.293701171875
THERMAL_SENS_OUT_1=32
THERMAL_SENS_OUT_2=-50
THERMAL_SENS_OUT_3=31
THERMAL_SENS_OUT_4=28
THERMAL_SENS_OUT_5=37
THERMAL_SENS_OUT_6=-50
THERMAL_SENS_INT_1=24
THERMAL_SENS_INT_2=26
PG_5=0
PG_9=0
PG_12=0
FLT_P2=0
FLT_P3=0
HEAT_1_TEMP=32
HEAT_1_DUTY=0
HEAT_1_SP=-20.0
HEAT_2_TEMP=31
HEAT_2_DUTY=0
HEAT_2_SP=-20.0
HEAT_3_TEMP=28
HEAT_3_DUTY=0
HEAT_3_SP=-20.0
HEAT_4_TEMP=37
HEAT_4_DUTY=0
HEAT_4_SP=-20.0
MOTOR_ANGLE=0.004186046511627906
MOTOR_ACCUM=1.0506976744186047
MOTOR_ROT=2
TS=1786204316.961
V_SENSE5=1.40869140625
V_SENSE9=0.03662109375
V_SENSE12=0.1220703125
ADC_V5=4.98260498046875
ADC_V9=8.779296875
ADC_V12=11.90338134765625
ADC_V28=27.07244873046875
THERMAL_SENS_OUT_1=28
THERMAL_SENS_OUT_2=-50
THERMAL_SENS_OUT_3=31
THERMAL_SENS_OUT_4=31
THERMAL_SENS_OUT_5=31
THERMAL_SENS_OUT_6=-50
THERMAL_SENS_INT_1=23
THERMAL_SENS_INT_2=30
PG_5=0
PG_9=0
PG_12=0
FLT_P2=0
FLT_P3=0
HEAT_1_TEMP=28
HEAT_1_DUTY=0
HEAT_1_SP=-20.0
HEAT_2_TEMP=31
HEAT_2_DUTY=0
HEAT_2_SP=-20.0
HEAT_3_TEMP=31
HEAT_3_DUTY=0
HEAT_3_SP=-20.0
HEAT_4_TEMP=31
HEAT_4_DUTY=0
HEAT_4_SP=-20.0
MOTOR_ANGLE=0.004186046511627906
MOTOR_ACCUM=1.0506976744186047
MOTOR_ROT=2
TS=1786204317.463
V_SENSE5=1.18408203125
V_SENSE9=0.03662109375
V_SENSE12=0.1123046875
ADC_V5=4.8675537109375
ADC_V9=9.381103515625
ADC_V12=11.611328125
ADC_V28=27.82470703125
THERMAL_SENS_OUT_1=30
THERMAL_SENS_OUT_2=-50
THERMAL_SENS_OUT_3=32
THERMAL_SENS_OUT_4=27
THERMAL_SENS_OUT_5=37
THERMAL_SENS_OUT_6=-50
THERMAL_SENS_INT_1=28
THERMAL_SENS_INT_2=26
PG_5=0
PG_9=0
PG_12=0
FLT_P2=0
FLT_P3=0
HEAT_1_TEMP=30
HEAT_1_DUTY=0
HEAT_1_SP=-20.0
HEAT_2_TEMP=32
HEAT_2_DUTY=0
HEAT_2_SP=-20.0
HEAT_3_TEMP=27
HEAT_3_DUTY=0
HEAT_3_SP=-20.0
HEAT_4_TEMP=37
HEAT_4_DUTY=0
HEAT_4_SP=-20.0
MOTOR_ANGLE=0.004186046511627906
MOTOR_ACCUM=1.0506976744186047
MOTOR_ROT=2

[12:00:29.561 EBOX]
TS=1786204317.964
V_SENSE5=1.22802734375
V_SENSE9=0.0390625
V_SENSE12=0.126953125
ADC_V5=4.98260498046875
ADC_V9=8.8677978515625
ADC_V12=11.82373046875
ADC_V28=26.9219970703125
THERMAL_SENS_OUT_1=28
THERMAL_SENS_OUT_2=-50
THERMAL_SENS_OUT_3=31
THERMAL_SENS_OUT_4=31
THERMAL_SENS_OUT_5=34
THERMAL_SENS_OUT_6=-50
THERMAL_SENS_INT_1=25
THERMAL_SENS_INT_2=25
PG_5=0
PG_9=0
PG_12=0
FLT_P2=0
FLT_P3=0
HEAT_1_TEMP=28
HEAT_1_DUTY=0
HEAT_1_SP=-20.0
HEAT_2_TEMP=31
HEAT_2_DUTY=0
HEAT_2_SP=-20.0
HEAT_3_TEMP=31
HEAT_3_DUTY=0
HEAT_3_SP=-20.0
HEAT_4_TEMP=34
HEAT_4_DUTY=0
HEAT_4_SP=-20.0
MOTOR_ANGLE=0.004186046511627906
MOTOR_ACCUM=1.0506976744186047
MOTOR_ROT=2
TS=1786204318.469
V_SENSE5=1.39404296875
V_SENSE9=0.0390625
V_SENSE12=0.1220703125
ADC_V5=4.87640380859375
ADC_V9=9.55810546875
ADC_V12=11.58477783203125
ADC_V28=27.60345458984375
THERMAL_SENS_OUT_1=29
THERMAL_SENS_OUT_2=-50
THERMAL_SENS_OUT_3=34
THERMAL_SENS_OUT_4=26
THERMAL_SENS_OUT_5=33
THERMAL_SENS_OUT_6=-50
THERMAL_SENS_INT_1=24
THERMAL_SENS_INT_2=30
PG_5=0
PG_9=0
PG_12=0
FLT_P2=0
FLT_P3=0
HEAT_1_TEMP=29
HEAT_1_DUTY=0
HEAT_1_SP=-20.0
HEAT_2_TEMP=34
HEAT_2_DUTY=0
HEAT_2_SP=-20.0
HEAT_3_TEMP=26
HEAT_3_DUTY=0
HEAT_3_SP=-20.0
HEAT_4_TEMP=33
HEAT_4_DUTY=0
HEAT_4_SP=-20.0
MOTOR_ANGLE=0.004186046511627906
MOTOR_ACCUM=1.0506976744186047
MOTOR_ROT=2
TS=1786204318.968
V_SENSE5=1.2890625
V_SENSE9=0.0341796875
V_SENSE12=0.1318359375
ADC_V5=4.991455078125
ADC_V9=9.0625
ADC_V12=11.8768310546875
ADC_V28=27.14324951171875
THERMAL_SENS_OUT_1=27
THERMAL_SENS_OUT_2=-50
THERMAL_SENS_OUT_3=31
THERMAL_SENS_OUT_4=26
THERMAL_SENS_OUT_5=36
THERMAL_SENS_OUT_6=-50
THERMAL_SENS_INT_1=23
THERMAL_SENS_INT_2=28
PG_5=0
PG_9=0
PG_12=0
FLT_P2=0
FLT_P3=0
HEAT_1_TEMP=27
HEAT_1_DUTY=0
HEAT_1_SP=-20.0
HEAT_2_TEMP=31
HEAT_2_DUTY=0
HEAT_2_SP=-20.0
HEAT_3_TEMP=26
HEAT_3_DUTY=0
HEAT_3_SP=-20.0
HEAT_4_TEMP=36
HEAT_4_DUTY=0
HEAT_4_SP=-20.0
MOTOR_ANGLE=0.004186046511627906
MOTOR_ACCUM=1.0506976744186047
MOTOR_ROT=2

[12:00:30.002 EBOX]
TS=1786204319.469
V_SENSE5=1.2158203125
V_SENSE9=0.0341796875
V_SENSE12=0.107421875
ADC_V5=5.0091552734375
ADC_V9=8.8677978515625
ADC_V12=11.65557861328125
ADC_V28=27.7362060546875
THERMAL_SENS_OUT_1=32
THERMAL_SENS_OUT_2=-50
THERMAL_SENS_OUT_3=35
THERMAL_SENS_OUT_4=27
THERMAL_SENS_OUT_5=37
THERMAL_SENS_OUT_6=-50
THERMAL_SENS_INT_1=29
THERMAL_SENS_INT_2=26
PG_5=0
PG_9=0
PG_12=0
FLT_P2=0
FLT_P3=0
HEAT_1_TEMP=32
HEAT_1_DUTY=0
HEAT_1_SP=-20.0
HEAT_2_TEMP=35
HEAT_2_DUTY=0
HEAT_2_SP=-20.0
HEAT_3_TEMP=27
HEAT_3_DUTY=0
HEAT_3_SP=-20.0
HEAT_4_TEMP=37
HEAT_4_DUTY=0
HEAT_4_SP=-20.0
MOTOR_ANGLE=0.004186046511627906
MOTOR_ACCUM=1.0506976744186047
MOTOR_ROT=2
TS=1786204319.976
V_SENSE5=1.2646484375
V_SENSE9=0.0390625
V_SENSE12=0.1220703125
ADC_V5=4.9560546875
ADC_V9=9.41650390625
ADC_V12=11.93878173828125
ADC_V28=27.576904296875
THERMAL_SENS_OUT_1=27
THERMAL_SENS_OUT_2=-50
THERMAL_SENS_OUT_3=30
THERMAL_SENS_OUT_4=28
THERMAL_SENS_OUT_5=37
THERMAL_SENS_OUT_6=-50
THERMAL_SENS_INT_1=27
THERMAL_SENS_INT_2=28
PG_5=0
PG_9=0
PG_12=0
FLT_P2=0
FLT_P3=0
HEAT_1_TEMP=27
HEAT_1_DUTY=0
HEAT_1_SP=-20.0
HEAT_2_TEMP=30
HEAT_2_DUTY=0
HEAT_2_SP=-20.0
HEAT_3_TEMP=28
HEAT_3_DUTY=0
HEAT_3_SP=-20.0
HEAT_4_TEMP=37
HEAT_4_DUTY=0
HEAT_4_SP=-20.0
MOTOR_ANGLE=0.004186046511627906
MOTOR_ACCUM=1.0506976744186047
MOTOR_ROT=2

[12:00:30.432 EBOX]
TS=1786204320.472
V_SENSE5=1.19140625
V_SENSE9=0.0390625
V_SENSE12=0.1220703125
ADC_V5=4.9560546875
ADC_V9=8.9031982421875
ADC_V12=11.77947998046875
ADC_V28=27.5946044921875
THERMAL_SENS_OUT_1=32
THERMAL_SENS_OUT_2=-50
THERMAL_SENS_OUT_3=33
THERMAL_SENS_OUT_4=28
THERMAL_SENS_OUT_5=33
THERMAL_SENS_OUT_6=-50
THERMAL_SENS_INT_1=24
THERMAL_SENS_INT_2=30
PG_5=0
PG_9=0
PG_12=0
FLT_P2=0
FLT_P3=0
HEAT_1_TEMP=32
HEAT_1_DUTY=0
HEAT_1_SP=-20.0
HEAT_2_TEMP=33
HEAT_2_DUTY=0
HEAT_2_SP=-20.0
HEAT_3_TEMP=28
HEAT_3_DUTY=0
HEAT_3_SP=-20.0
HEAT_4_TEMP=33
HEAT_4_DUTY=0
HEAT_4_SP=-20.0
MOTOR_ANGLE=0.004186046511627906
MOTOR_ACCUM=1.0506976744186047
MOTOR_ROT=2

[12:00:30.956 EBOX]
TS=1786204320.973
V_SENSE5=1.4111328125
V_SENSE9=0.0390625
V_SENSE12=0.1025390625
ADC_V5=4.849853515625
ADC_V9=9.5404052734375
ADC_V12=11.5582275390625
ADC_V28=27.6654052734375
THERMAL_SENS_OUT_1=32
THERMAL_SENS_OUT_2=-50
THERMAL_SENS_OUT_3=32
THERMAL_SENS_OUT_4=32
THERMAL_SENS_OUT_5=35
THERMAL_SENS_OUT_6=-50
THERMAL_SENS_INT_1=23
THERMAL_SENS_INT_2=27
PG_5=0
PG_9=0
PG_12=0
FLT_P2=0
FLT_P3=0
HEAT_1_TEMP=32
HEAT_1_DUTY=0
HEAT_1_SP=-20.0
HEAT_2_TEMP=32
HEAT_2_DUTY=0
HEAT_2_SP=-20.0
HEAT_3_TEMP=32
HEAT_3_DUTY=0
HEAT_3_SP=-20.0
HEAT_4_TEMP=35
HEAT_4_DUTY=0
HEAT_4_SP=-20.0
MOTOR_ANGLE=0.004186046511627906
MOTOR_ACCUM=1.0506976744186047
MOTOR_ROT=2

[12:00:31.484 EBOX]
TS=1786204321.475
V_SENSE5=1.35009765625
V_SENSE9=0.03662109375
V_SENSE12=0.11474609375
ADC_V5=5.0091552734375
ADC_V9=9.15985107421875
ADC_V12=11.95648193359375
ADC_V28=27.56805419921875
THERMAL_SENS_OUT_1=30
THERMAL_SENS_OUT_2=-50
THERMAL_SENS_OUT_3=36
THERMAL_SENS_OUT_4=27
THERMAL_SENS_OUT_5=36
THERMAL_SENS_OUT_6=-50
THERMAL_SENS_INT_1=25
THERMAL_SENS_INT_2=30
PG_5=0
PG_9=0
PG_12=0
FLT_P2=0
FLT_P3=0
HEAT_1_TEMP=30
HEAT_1_DUTY=0
HEAT_1_SP=-20.0
HEAT_2_TEMP=36
HEAT_2_DUTY=0
HEAT_2_SP=-20.0
HEAT_3_TEMP=27
HEAT_3_DUTY=0
HEAT_3_SP=-20.0
HEAT_4_TEMP=36
HEAT_4_DUTY=0
HEAT_4_SP=-20.0
MOTOR_ANGLE=0.004186046511627906
MOTOR_ACCUM=1.0506976744186047
MOTOR_ROT=2

[12:00:33.235 EBOX]
TS=1786204321.977
V_SENSE5=1.259765625
V_SENSE9=0.0390625
V_SENSE12=0.1171875
ADC_V5=4.98260498046875
ADC_V9=8.98284912109375
ADC_V12=11.859130859375
ADC_V28=27.9486083984375
THERMAL_SENS_OUT_1=26
THERMAL_SENS_OUT_2=-50
THERMAL_SENS_OUT_3=34
THERMAL_SENS_OUT_4=32
THERMAL_SENS_OUT_5=32
THERMAL_SENS_OUT_6=-50
THERMAL_SENS_INT_1=27
THERMAL_SENS_INT_2=31
PG_5=0
PG_9=0
PG_12=0
FLT_P2=0
FLT_P3=0
HEAT_1_TEMP=26
HEAT_1_DUTY=0
HEAT_1_SP=-20.0
HEAT_2_TEMP=34
HEAT_2_DUTY=0
HEAT_2_SP=-20.0
HEAT_3_TEMP=32
HEAT_3_DUTY=0
HEAT_3_SP=-20.0
HEAT_4_TEMP=32
HEAT_4_DUTY=0
HEAT_4_SP=-20.0
MOTOR_ANGLE=0.004186046511627906
MOTOR_ACCUM=1.0506976744186047
MOTOR_ROT=2
TS=1786204322.477
V_SENSE5=1.20361328125
V_SENSE9=0.0390625
V_SENSE12=0.1220703125
ADC_V5=4.98260498046875
ADC_V9=9.21295166015625
ADC_V12=11.81488037109375
ADC_V28=26.939697265625
THERMAL_SENS_OUT_1=28
THERMAL_SENS_OUT_2=-50
THERMAL_SENS_OUT_3=31
THERMAL_SENS_OUT_4=31
THERMAL_SENS_OUT_5=33
THERMAL_SENS_OUT_6=-50
THERMAL_SENS_INT_1=24
THERMAL_SENS_INT_2=29
PG_5=0
PG_9=0
PG_12=0
FLT_P2=0
FLT_P3=0
HEAT_1_TEMP=28
HEAT_1_DUTY=0
HEAT_1_SP=-20.0
HEAT_2_TEMP=31
HEAT_2_DUTY=0
HEAT_2_SP=-20.0
HEAT_3_TEMP=31
HEAT_3_DUTY=0
HEAT_3_SP=-20.0
HEAT_4_TEMP=33
HEAT_4_DUTY=0
HEAT_4_SP=-20.0
MOTOR_ANGLE=0.004186046511627906
MOTOR_ACCUM=1.0506976744186047
MOTOR_ROT=2

[12:00:34.196 EBOX]
TS=1786204322.979
V_SENSE5=1.37939453125
V_SENSE9=0.03173828125
V_SENSE12=0.1123046875
ADC_V5=4.8321533203125
ADC_V9=9.168701171875
ADC_V12=11.4697265625
ADC_V28=27.5238037109375
THERMAL_SENS_OUT_1=32
THERMAL_SENS_OUT_2=-50
THERMAL_SENS_OUT_3=35
THERMAL_SENS_OUT_4=26
THERMAL_SENS_OUT_5=36
THERMAL_SENS_OUT_6=-50
THERMAL_SENS_INT_1=23
THERMAL_SENS_INT_2=28
PG_5=0
PG_9=0
PG_12=0
FLT_P2=0
FLT_P3=0
HEAT_1_TEMP=32
HEAT_1_DUTY=0
HEAT_1_SP=-20.0
HEAT_2_TEMP=35
HEAT_2_DUTY=0
HEAT_2_SP=-20.0
HEAT_3_TEMP=26
HEAT_3_DUTY=0
HEAT_3_SP=-20.0
HEAT_4_TEMP=36
HEAT_4_DUTY=0
HEAT_4_SP=-20.0
MOTOR_ANGLE=0.004186046511627906
MOTOR_ACCUM=1.0506976744186047
MOTOR_ROT=2
TS=1786204323.479
V_SENSE5=1.279296875
V_SENSE9=0.0341796875
V_SENSE12=0.1123046875
ADC_V5=4.88525390625
ADC_V9=8.99169921875
ADC_V12=11.56707763671875
ADC_V28=27.6654052734375
THERMAL_SENS_OUT_1=32
THERMAL_SENS_OUT_2=-50
THERMAL_SENS_OUT_3=36
THERMAL_SENS_OUT_4=28
THERMAL_SENS_OUT_5=33
THERMAL_SENS_OUT_6=-50
THERMAL_SENS_INT_1=28
THERMAL_SENS_INT_2=26
PG_5=0
PG_9=0
PG_12=0
FLT_P2=0
FLT_P3=0
HEAT_1_TEMP=32
HEAT_1_DUTY=0
HEAT_1_SP=-20.0
HEAT_2_TEMP=36
HEAT_2_DUTY=0
HEAT_2_SP=-20.0
HEAT_3_TEMP=28
HEAT_3_DUTY=0
HEAT_3_SP=-20.0
HEAT_4_TEMP=33
HEAT_4_DUTY=0
HEAT_4_SP=-20.0
MOTOR_ANGLE=0.004186046511627906
MOTOR_ACCUM=1.0506976744186047
MOTOR_ROT=2

[12:00:34.723 EBOX]
TS=1786204323.981
V_SENSE5=1.35009765625
V_SENSE9=0.03173828125
V_SENSE12=0.14892578125
ADC_V5=4.96490478515625
ADC_V9=9.097900390625
ADC_V12=11.82373046875
ADC_V28=27.07244873046875
THERMAL_SENS_OUT_1=27
THERMAL_SENS_OUT_2=-50
THERMAL_SENS_OUT_3=31
THERMAL_SENS_OUT_4=29
THERMAL_SENS_OUT_5=34
THERMAL_SENS_OUT_6=-50
THERMAL_SENS_INT_1=27
THERMAL_SENS_INT_2=27
PG_5=0
PG_9=0
PG_12=0
FLT_P2=0
FLT_P3=0
HEAT_1_TEMP=27
HEAT_1_DUTY=0
HEAT_1_SP=-20.0
HEAT_2_TEMP=31
HEAT_2_DUTY=0
HEAT_2_SP=-20.0
HEAT_3_TEMP=29
HEAT_3_DUTY=0
HEAT_3_SP=-20.0
HEAT_4_TEMP=34
HEAT_4_DUTY=0
HEAT_4_SP=-20.0
MOTOR_ANGLE=0.004186046511627906
MOTOR_ACCUM=1.0506976744186047
MOTOR_ROT=2

[12:00:35.769 EBOX]
TS=1786204324.491
V_SENSE5=1.31591796875
V_SENSE9=0.0390625
V_SENSE12=0.12451171875
ADC_V5=4.9560546875
ADC_V9=9.10675048828125
ADC_V12=11.7352294921875
ADC_V28=27.79815673828125
THERMAL_SENS_OUT_1=26
THERMAL_SENS_OUT_2=-50
THERMAL_SENS_OUT_3=30
THERMAL_SENS_OUT_4=29
THERMAL_SENS_OUT_5=35
THERMAL_SENS_OUT_6=-50
THERMAL_SENS_INT_1=23
THERMAL_SENS_INT_2=28
PG_5=0
PG_9=0
PG_12=0
FLT_P2=0
FLT_P3=0
HEAT_1_TEMP=26
HEAT_1_DUTY=0
HEAT_1_SP=-20.0
HEAT_2_TEMP=30
HEAT_2_DUTY=0
HEAT_2_SP=-20.0
HEAT_3_TEMP=29
HEAT_3_DUTY=0
HEAT_3_SP=-20.0
HEAT_4_TEMP=35
HEAT_4_DUTY=0
HEAT_4_SP=-20.0
MOTOR_ANGLE=0.004186046511627906
MOTOR_ACCUM=1.0506976744186047
MOTOR_ROT=2
TS=1786204324.985
V_SENSE5=1.36474609375
V_SENSE9=0.03662109375
V_SENSE12=0.10986328125
ADC_V5=5.00030517578125
ADC_V9=9.40765380859375
ADC_V12=11.82373046875
ADC_V28=27.081298828125
THERMAL_SENS_OUT_1=28
THERMAL_SENS_OUT_2=-50
THERMAL_SENS_OUT_3=35
THERMAL_SENS_OUT_4=29
THERMAL_SENS_OUT_5=37
THERMAL_SENS_OUT_6=-50
THERMAL_SENS_INT_1=27
THERMAL_SENS_INT_2=26
PG_5=0
PG_9=0
PG_12=0
FLT_P2=0
FLT_P3=0
HEAT_1_TEMP=28
HEAT_1_DUTY=0
HEAT_1_SP=-20.0
HEAT_2_TEMP=35
HEAT_2_DUTY=0
HEAT_2_SP=-20.0
HEAT_3_TEMP=29
HEAT_3_DUTY=0
HEAT_3_SP=-20.0
HEAT_4_TEMP=37
HEAT_4_DUTY=0
HEAT_4_SP=-20.0
MOTOR_ANGLE=0.004186046511627906
MOTOR_ACCUM=1.0506976744186047
MOTOR_ROT=2

[12:00:36.245 EBOX]
TS=1786204325.486
V_SENSE5=1.22802734375
V_SENSE9=0.0390625
V_SENSE12=0.10986328125
ADC_V5=4.96490478515625
ADC_V9=9.28375244140625
ADC_V12=11.7529296875
ADC_V28=27.17864990234375
THERMAL_SENS_OUT_1=31
THERMAL_SENS_OUT_2=-50
THERMAL_SENS_OUT_3=32
THERMAL_SENS_OUT_4=26
THERMAL_SENS_OUT_5=35
THERMAL_SENS_OUT_6=-50
THERMAL_SENS_INT_1=23
THERMAL_SENS_INT_2=29
PG_5=0
PG_9=0
PG_12=0
FLT_P2=0
FLT_P3=0
HEAT_1_TEMP=31
HEAT_1_DUTY=0
HEAT_1_SP=-20.0
HEAT_2_TEMP=32
HEAT_2_DUTY=0
HEAT_2_SP=-20.0
HEAT_3_TEMP=26
HEAT_3_DUTY=0
HEAT_3_SP=-20.0
HEAT_4_TEMP=35
HEAT_4_DUTY=0
HEAT_4_SP=-20.0
MOTOR_ANGLE=0.004186046511627906
MOTOR_ACCUM=1.0506976744186047
MOTOR_ROT=2
TS=1786204325.987
V_SENSE5=1.328125
V_SENSE9=0.09521484375
V_SENSE12=0.1171875
ADC_V5=4.85870361328125
ADC_V9=9.07135009765625
ADC_V12=11.68212890625
ADC_V28=27.9132080078125
THERMAL_SENS_OUT_1=28
THERMAL_SENS_OUT_2=-50
THERMAL_SENS_OUT_3=31
THERMAL_SENS_OUT_4=30
THERMAL_SENS_OUT_5=32
THERMAL_SENS_OUT_6=-50
THERMAL_SENS_INT_1=24
THERMAL_SENS_INT_2=30
PG_5=0
PG_9=0
PG_12=0
FLT_P2=0
FLT_P3=0
HEAT_1_TEMP=28
HEAT_1_DUTY=0
HEAT_1_SP=-20.0
HEAT_2_TEMP=31
HEAT_2_DUTY=0
HEAT_2_SP=-20.0
HEAT_3_TEMP=30
HEAT_3_DUTY=0
HEAT_3_SP=-20.0
HEAT_4_TEMP=32
HEAT_4_DUTY=0
HEAT_4_SP=-20.0
MOTOR_ANGLE=0.004186046511627906
MOTOR_ACCUM=1.0506976744186047
MOTOR_ROT=2

[12:00:37.483 EBOX]
TS=1786204326.488
V_SENSE5=1.46728515625
V_SENSE9=0.07568359375
V_SENSE12=0.1171875
ADC_V5=4.920654296875
ADC_V9=9.4873046875
ADC_V12=11.7352294921875
ADC_V28=27.930908203125
THERMAL_SENS_OUT_1=28
THERMAL_SENS_OUT_2=-50
THERMAL_SENS_OUT_3=32
THERMAL_SENS_OUT_4=28
THERMAL_SENS_OUT_5=33
THERMAL_SENS_OUT_6=-50
THERMAL_SENS_INT_1=24
THERMAL_SENS_INT_2=30
PG_5=0
PG_9=0
PG_12=0
FLT_P2=0
FLT_P3=0
HEAT_1_TEMP=28
HEAT_1_DUTY=0
HEAT_1_SP=-20.0
HEAT_2_TEMP=32
HEAT_2_DUTY=0
HEAT_2_SP=-20.0
HEAT_3_TEMP=28
HEAT_3_DUTY=0
HEAT_3_SP=-20.0
HEAT_4_TEMP=33
HEAT_4_DUTY=0
HEAT_4_SP=-20.0
MOTOR_ANGLE=0.004186046511627906
MOTOR_ACCUM=1.0506976744186047
MOTOR_ROT=2

[12:00:38.850 EBOX]
TS=1786204327.000
V_SENSE5=1.35498046875
V_SENSE9=0.0390625
V_SENSE12=0.12939453125
ADC_V5=4.92950439453125
ADC_V9=9.0447998046875
ADC_V12=11.89453125
ADC_V28=26.94854736328125
THERMAL_SENS_OUT_1=28
THERMAL_SENS_OUT_2=-50
THERMAL_SENS_OUT_3=31
THERMAL_SENS_OUT_4=31
THERMAL_SENS_OUT_5=33
THERMAL_SENS_OUT_6=-50
THERMAL_SENS_INT_1=27
THERMAL_SENS_INT_2=25
PG_5=0
PG_9=0
PG_12=0
FLT_P2=0
FLT_P3=0
HEAT_1_TEMP=28
HEAT_1_DUTY=0
HEAT_1_SP=-20.0
HEAT_2_TEMP=31
HEAT_2_DUTY=0
HEAT_2_SP=-20.0
HEAT_3_TEMP=31
HEAT_3_DUTY=0
HEAT_3_SP=-20.0
HEAT_4_TEMP=33
HEAT_4_DUTY=0
HEAT_4_SP=-20.0
MOTOR_ANGLE=0.004186046511627906
MOTOR_ACCUM=1.0506976744186047
MOTOR_ROT=2
TS=1786204327.492
V_SENSE5=1.23046875
V_SENSE9=0.03662109375
V_SENSE12=0.107421875
ADC_V5=4.96490478515625
ADC_V9=9.593505859375
ADC_V12=11.65557861328125
ADC_V28=27.93975830078125
THERMAL_SENS_OUT_1=29
THERMAL_SENS_OUT_2=-50
THERMAL_SENS_OUT_3=32
THERMAL_SENS_OUT_4=25
THERMAL_SENS_OUT_5=35
THERMAL_SENS_OUT_6=-50
THERMAL_SENS_INT_1=25
THERMAL_SENS_INT_2=26
PG_5=0
PG_9=0
PG_12=0
FLT_P2=0
FLT_P3=0
HEAT_1_TEMP=29
HEAT_1_DUTY=0
HEAT_1_SP=-20.0
HEAT_2_TEMP=32
HEAT_2_DUTY=0
HEAT_2_SP=-20.0
HEAT_3_TEMP=25
HEAT_3_DUTY=0
HEAT_3_SP=-20.0
HEAT_4_TEMP=35
HEAT_4_DUTY=0
HEAT_4_SP=-20.0
MOTOR_ANGLE=0.004186046511627906
MOTOR_ACCUM=1.0506976744186047
MOTOR_ROT=2

[12:00:39.105 EBOX]
TS=1786204327.994
V_SENSE5=1.240234375
V_SENSE9=0.0390625
V_SENSE12=0.11962890625
ADC_V5=4.9029541015625
ADC_V9=9.19525146484375
ADC_V12=11.5936279296875
ADC_V28=27.58575439453125
THERMAL_SENS_OUT_1=31
THERMAL_SENS_OUT_2=-50
THERMAL_SENS_OUT_3=30
THERMAL_SENS_OUT_4=28
THERMAL_SENS_OUT_5=37
THERMAL_SENS_OUT_6=-50
THERMAL_SENS_INT_1=29
THERMAL_SENS_INT_2=26
PG_5=0
PG_9=0
PG_12=0
FLT_P2=0
FLT_P3=0
HEAT_1_TEMP=31
HEAT_1_DUTY=0
HEAT_1_SP=-20.0
HEAT_2_TEMP=30
HEAT_2_DUTY=0
HEAT_2_SP=-20.0
HEAT_3_TEMP=28
HEAT_3_DUTY=0
HEAT_3_SP=-20.0
HEAT_4_TEMP=37
HEAT_4_DUTY=0
HEAT_4_SP=-20.0
MOTOR_ANGLE=0.004186046511627906
MOTOR_ACCUM=1.0506976744186047
MOTOR_ROT=2
TS=1786204328.495
V_SENSE5=1.19384765625
V_SENSE9=0.0341796875
V_SENSE12=0.1171875
ADC_V5=4.9560546875
ADC_V9=8.779296875
ADC_V12=11.7529296875
ADC_V28=27.69195556640625
THERMAL_SENS_OUT_1=32
THERMAL_SENS_OUT_2=-50
THERMAL_SENS_OUT_3=34
THERMAL_SENS_OUT_4=28
THERMAL_SENS_OUT_5=32
THERMAL_SENS_OUT_6=-50
THERMAL_SENS_INT_1=25
THERMAL_SENS_INT_2=30
PG_5=0
PG_9=0
PG_12=0
FLT_P2=0
FLT_P3=0
HEAT_1_TEMP=32
HEAT_1_DUTY=0
HEAT_1_SP=-20.0
HEAT_2_TEMP=34
HEAT_2_DUTY=0
HEAT_2_SP=-20.0
HEAT_3_TEMP=28
HEAT_3_DUTY=0
HEAT_3_SP=-20.0
HEAT_4_TEMP=32
HEAT_4_DUTY=0
HEAT_4_SP=-20.0
MOTOR_ANGLE=0.004186046511627906
MOTOR_ACCUM=1.0506976744186047
MOTOR_ROT=2
TS=1786204328.997
V_SENSE5=1.171875
V_SENSE9=0.03662109375
V_SENSE12=0.1123046875
ADC_V5=4.9029541015625
ADC_V9=9.31915283203125

[12:00:39.725 EBOX]
ADC_V12=11.79718017578125
ADC_V28=27.03704833984375
THERMAL_SENS_OUT_1=27
THERMAL_SENS_OUT_2=-50
THERMAL_SENS_OUT_3=31
THERMAL_SENS_OUT_4=27
THERMAL_SENS_OUT_5=32
THERMAL_SENS_OUT_6=-50
THERMAL_SENS_INT_1=23
THERMAL_SENS_INT_2=29
PG_5=0
PG_9=0
PG_12=0
FLT_P2=0
FLT_P3=0
HEAT_1_TEMP=27
HEAT_1_DUTY=0
HEAT_1_SP=-20.0
HEAT_2_TEMP=31
HEAT_2_DUTY=0
HEAT_2_SP=-20.0
HEAT_3_TEMP=27
HEAT_3_DUTY=0
HEAT_3_SP=-20.0
HEAT_4_TEMP=32
HEAT_4_DUTY=0
HEAT_4_SP=-20.0
MOTOR_ANGLE=0.004186046511627906
MOTOR_ACCUM=1.0506976744186047
MOTOR_ROT=2

[12:00:43.030 EBOX]
TS=1786204329.509
V_SENSE5=1.3037109375
V_SENSE9=0.0341796875
V_SENSE12=0.19287109375
ADC_V5=4.8675537109375
ADC_V9=8.96514892578125
ADC_V12=11.88568115234375
ADC_V28=27.28485107421875
THERMAL_SENS_OUT_1=27
THERMAL_SENS_OUT_2=-50
THERMAL_SENS_OUT_3=30
THERMAL_SENS_OUT_4=26
THERMAL_SENS_OUT_5=33
THERMAL_SENS_OUT_6=-50
THERMAL_SENS_INT_1=24
THERMAL_SENS_INT_2=28
PG_5=0
PG_9=0
PG_12=0
FLT_P2=0
FLT_P3=0
HEAT_1_TEMP=27
HEAT_1_DUTY=0
HEAT_1_SP=-20.0
HEAT_2_TEMP=30
HEAT_2_DUTY=0
HEAT_2_SP=-20.0
HEAT_3_TEMP=26
HEAT_3_DUTY=0
HEAT_3_SP=-20.0
HEAT_4_TEMP=33
HEAT_4_DUTY=0
HEAT_4_SP=-20.0
MOTOR_ANGLE=0.004186046511627906
MOTOR_ACCUM=1.0506976744186047
MOTOR_ROT=2
TS=1786204329.999
V_SENSE5=1.34765625
V_SENSE9=0.03173828125
V_SENSE12=0.1171875
ADC_V5=4.96490478515625
ADC_V9=8.814697265625
ADC_V12=11.929931640625
ADC_V28=27.2406005859375
THERMAL_SENS_OUT_1=26
THERMAL_SENS_OUT_2=-50
THERMAL_SENS_OUT_3=35
THERMAL_SENS_OUT_4=26
THERMAL_SENS_OUT_5=36
THERMAL_SENS_OUT_6=-50
THERMAL_SENS_INT_1=28
THERMAL_SENS_INT_2=26
PG_5=0
PG_9=0
PG_12=0
FLT_P2=0
FLT_P3=0
HEAT_1_TEMP=26
HEAT_1_DUTY=0
HEAT_1_SP=-20.0
HEAT_2_TEMP=35
HEAT_2_DUTY=0
HEAT_2_SP=-20.0
HEAT_3_TEMP=26
HEAT_3_DUTY=0
HEAT_3_SP=-20.0
HEAT_4_TEMP=36
HEAT_4_DUTY=0
HEAT_4_SP=-20.0
MOTOR_ANGLE=0.004186046511627906
MOTOR_ACCUM=1.0506976744186047
MOTOR_ROT=2
TS=1786204330.500
V_SENSE5=1.2255859375
V_SENSE9=0.0390625
V_SENSE12=0.1220703125
ADC_V5=4.920654296875
ADC_V9=9.381103515625
ADC_V12=11.89453125
ADC_V28=27.79815673828125
THERMAL_SENS_OUT_1=28
THERMAL_SENS_OUT_2=-50
THERMAL_SENS_OUT_3=32
THERMAL_SENS_OUT_4=27
THERMAL_SENS_OUT_5=34
THERMAL_SENS_OUT_6=-50
THERMAL_SENS_INT_1=28
THERMAL_SENS_INT_2=26
PG_5=0
PG_9=0
PG_12=0
FLT_P2=0
FLT_P3=0
HEAT_1_TEMP=28
HEAT_1_DUTY=0
HEAT_1_SP=-20.0
HEAT_2_TEMP=32
HEAT_2_DUTY=0
HEAT_2_SP=-20.0
HEAT_3_TEMP=27
HEAT_3_DUTY=0
HEAT_3_SP=-20.0
HEAT_4_TEMP=34
HEAT_4_DUTY=0
HEAT_4_SP=-20.0
MOTOR_ANGLE=0.004186046511627906
MOTOR_ACCUM=1.0506976744186047
MOTOR_ROT=2
TS=1786204331.002
V_SENSE5=1.22314453125
V_SENSE9=0.03662109375
V_SENSE12=0.10986328125
ADC_V5=5.08880615234375
ADC_V9=9.13330078125
ADC_V12=11.7529296875
ADC_V28=27.12554931640625
THERMAL_SENS_OUT_1=29
THERMAL_SENS_OUT_2=-50
THERMAL_SENS_OUT_3=32
THERMAL_SENS_OUT_4=31
THERMAL_SENS_OUT_5=34
THERMAL_SENS_OUT_6=-50
THERMAL_SENS_INT_1=24
THERMAL_SENS_INT_2=30
PG_5=0
PG_9=0
PG_12=0
FLT_P2=0
FLT_P3=0
HEAT_1_TEMP=29
HEAT_1_DUTY=0
HEAT_1_SP=-20.0
HEAT_2_TEMP=32
HEAT_2_DUTY=0
HEAT_2_SP=-20.0
HEAT_3_TEMP=31
HEAT_3_DUTY=0
HEAT_3_SP=-20.0
HEAT_4_TEMP=34
HEAT_4_DUTY=0
HEAT_4_SP=-20.0
MOTOR_ANGLE=0.004186046511627906
MOTOR_ACCUM=1.0506976744186047
MOTOR_ROT=2
TS=1786204331.503
V_SENSE5=1.201171875
V_SENSE9=0.0341796875
V_SENSE12=0.10498046875
ADC_V5=4.94720458984375
ADC_V9=9.4696044921875

[12:00:44.389 EBOX]
ADC_V12=11.611328125
ADC_V28=27.860107421875
THERMAL_SENS_OUT_1=31
THERMAL_SENS_OUT_2=-50
THERMAL_SENS_OUT_3=36
THERMAL_SENS_OUT_4=31
THERMAL_SENS_OUT_5=33
THERMAL_SENS_OUT_6=-50
THERMAL_SENS_INT_1=25
THERMAL_SENS_INT_2=31
PG_5=0
PG_9=0
PG_12=0
FLT_P2=0
FLT_P3=0
HEAT_1_TEMP=31
HEAT_1_DUTY=0
HEAT_1_SP=-20.0
HEAT_2_TEMP=36
HEAT_2_DUTY=0
HEAT_2_SP=-20.0
HEAT_3_TEMP=31
HEAT_3_DUTY=0
HEAT_3_SP=-20.0
HEAT_4_TEMP=33
HEAT_4_DUTY=0
HEAT_4_SP=-20.0
MOTOR_ANGLE=0.004186046511627906
MOTOR_ACCUM=1.0506976744186047
MOTOR_ROT=2
TS=1786204332.006
V_SENSE5=1.2646484375
V_SENSE9=0.03173828125
V_SENSE12=0.19287109375
ADC_V5=4.92950439453125
ADC_V9=9.01824951171875
ADC_V12=11.90338134765625
ADC_V28=27.1697998046875
THERMAL_SENS_OUT_1=26
THERMAL_SENS_OUT_2=-50
THERMAL_SENS_OUT_3=31
THERMAL_SENS_OUT_4=26
THERMAL_SENS_OUT_5=32
THERMAL_SENS_OUT_6=-50
THERMAL_SENS_INT_1=26
THERMAL_SENS_INT_2=26
PG_5=0
PG_9=0
PG_12=0
FLT_P2=0
FLT_P3=0
HEAT_1_TEMP=26
HEAT_1_DUTY=0
HEAT_1_SP=-20.0
HEAT_2_TEMP=31
HEAT_2_DUTY=0
HEAT_2_SP=-20.0
HEAT_3_TEMP=26
HEAT_3_DUTY=0
HEAT_3_SP=-20.0
HEAT_4_TEMP=32
HEAT_4_DUTY=0
HEAT_4_SP=-20.0
MOTOR_ANGLE=0.004186046511627906
MOTOR_ACCUM=1.0506976744186047
MOTOR_ROT=2
TS=1786204332.506
V_SENSE5=1.34521484375
V_SENSE9=0.0341796875
V_SENSE12=0.1171875
ADC_V5=4.8675537109375
ADC_V9=8.78814697265625
ADC_V12=11.86798095703125
ADC_V28=27.3291015625
THERMAL_SENS_OUT_1=28
THERMAL_SENS_OUT_2=-50
THERMAL_SENS_OUT_3=35
THERMAL_SENS_OUT_4=25
THERMAL_SENS_OUT_5=36
THERMAL_SENS_OUT_6=-50
THERMAL_SENS_INT_1=28
THERMAL_SENS_INT_2=25
PG_5=0
PG_9=0
PG_12=0
FLT_P2=0
FLT_P3=0
HEAT_1_TEMP=28
HEAT_1_DUTY=0
HEAT_1_SP=-20.0
HEAT_2_TEMP=35
HEAT_2_DUTY=0
HEAT_2_SP=-20.0
HEAT_3_TEMP=25
HEAT_3_DUTY=0
HEAT_3_SP=-20.0
HEAT_4_TEMP=36
HEAT_4_DUTY=0
HEAT_4_SP=-20.0
MOTOR_ANGLE=0.004186046511627906
MOTOR_ACCUM=1.0506976744186047
MOTOR_ROT=2
TS=1786204333.007
V_SENSE5=1.43798828125
V_SENSE9=0.03662109375
V_SENSE12=0.107421875
ADC_V5=4.9560546875
ADC_V9=9.08905029296875
ADC_V12=11.7529296875
ADC_V28=27.75390625
THERMAL_SENS_OUT_1=26
THERMAL_SENS_OUT_2=-50
THERMAL_SENS_OUT_3=35
THERMAL_SENS_OUT_4=26
THERMAL_SENS_OUT_5=36
THERMAL_SENS_OUT_6=-50
THERMAL_SENS_INT_1=28
THERMAL_SENS_INT_2=31
PG_5=0
PG_9=0
PG_12=0
FLT_P2=0
FLT_P3=0
HEAT_1_TEMP=26
HEAT_1_DUTY=0
HEAT_1_SP=-20.0
HEAT_2_TEMP=35
HEAT_2_DUTY=0
HEAT_2_SP=-20.0
HEAT_3_TEMP=26
HEAT_3_DUTY=0
HEAT_3_SP=-20.0
HEAT_4_TEMP=36
HEAT_4_DUTY=0
HEAT_4_SP=-20.0
MOTOR_ANGLE=0.004186046511627906
MOTOR_ACCUM=1.0506976744186047
MOTOR_ROT=2

[12:00:45.638 EBOX]
TS=1786204333.509
V_SENSE5=1.24267578125
V_SENSE9=0.0341796875
V_SENSE12=0.1171875
ADC_V5=4.9560546875
ADC_V9=8.96514892578125
ADC_V12=11.929931640625
ADC_V28=27.82470703125
THERMAL_SENS_OUT_1=31
THERMAL_SENS_OUT_2=-50
THERMAL_SENS_OUT_3=33
THERMAL_SENS_OUT_4=28
THERMAL_SENS_OUT_5=37
THERMAL_SENS_OUT_6=-50
THERMAL_SENS_INT_1=27
THERMAL_SENS_INT_2=25
PG_5=0
PG_9=0
PG_12=0
FLT_P2=0
FLT_P3=0
HEAT_1_TEMP=31
HEAT_1_DUTY=0
HEAT_1_SP=-20.0
HEAT_2_TEMP=33
HEAT_2_DUTY=0
HEAT_2_SP=-20.0
HEAT_3_TEMP=28
HEAT_3_DUTY=0
HEAT_3_SP=-20.0
HEAT_4_TEMP=37
HEAT_4_DUTY=0
HEAT_4_SP=-20.0
MOTOR_ANGLE=0.004186046511627906
MOTOR_ACCUM=1.0506976744186047
MOTOR_ROT=2
TS=1786204334.011
V_SENSE5=1.2548828125
V_SENSE9=0.03662109375
V_SENSE12=0.1220703125
ADC_V5=4.87640380859375
ADC_V9=9.55810546875
ADC_V12=11.6998291015625
ADC_V28=27.506103515625
THERMAL_SENS_OUT_1=26
THERMAL_SENS_OUT_2=-50
THERMAL_SENS_OUT_3=33
THERMAL_SENS_OUT_4=27
THERMAL_SENS_OUT_5=33
THERMAL_SENS_OUT_6=-50
THERMAL_SENS_INT_1=24
THERMAL_SENS_INT_2=28
PG_5=0
PG_9=0
PG_12=0
FLT_P2=0
FLT_P3=0
HEAT_1_TEMP=26
HEAT_1_DUTY=0
HEAT_1_SP=-20.0
HEAT_2_TEMP=33
HEAT_2_DUTY=0
HEAT_2_SP=-20.0
HEAT_3_TEMP=27
HEAT_3_DUTY=0
HEAT_3_SP=-20.0
HEAT_4_TEMP=33
HEAT_4_DUTY=0
HEAT_4_SP=-20.0
MOTOR_ANGLE=0.004186046511627906
MOTOR_ACCUM=1.0506976744186047
MOTOR_ROT=2
TS=1786204334.512
V_SENSE5=1.24755859375
V_SENSE9=0.0390625
V_SENSE12=0.11962890625
ADC_V5=4.84100341796875
ADC_V9=9.239501953125
ADC_V12=11.51397705078125
ADC_V28=27.60345458984375
THERMAL_SENS_OUT_1=32
THERMAL_SENS_OUT_2=-50
THERMAL_SENS_OUT_3=36
THERMAL_SENS_OUT_4=27
THERMAL_SENS_OUT_5=37
THERMAL_SENS_OUT_6=-50
THERMAL_SENS_INT_1=29
THERMAL_SENS_INT_2=26
PG_5=0
PG_9=0
PG_12=0
FLT_P2=0
FLT_P3=0
HEAT_1_TEMP=32
HEAT_1_DUTY=0
HEAT_1_SP=-20.0
HEAT_2_TEMP=36
HEAT_2_DUTY=0
HEAT_2_SP=-20.0
HEAT_3_TEMP=27
HEAT_3_DUTY=0
HEAT_3_SP=-20.0
HEAT_4_TEMP=37
HEAT_4_DUTY=0
HEAT_4_SP=-20.0
MOTOR_ANGLE=0.004186046511627906
MOTOR_ACCUM=1.0506976744186047
MOTOR_ROT=2

[12:00:46.043 EBOX]
TS=1786204335.014
V_SENSE5=1.37451171875
V_SENSE9=0.0341796875
V_SENSE12=0.11474609375
ADC_V5=5.0091552734375
ADC_V9=9.07135009765625
ADC_V12=11.7529296875
ADC_V28=26.94854736328125
THERMAL_SENS_OUT_1=28
THERMAL_SENS_OUT_2=-50
THERMAL_SENS_OUT_3=36
THERMAL_SENS_OUT_4=30
THERMAL_SENS_OUT_5=37
THERMAL_SENS_OUT_6=-50
THERMAL_SENS_INT_1=30
THERMAL_SENS_INT_2=28
PG_5=0
PG_9=0
PG_12=0
FLT_P2=0
FLT_P3=0
HEAT_1_TEMP=28
HEAT_1_DUTY=0
HEAT_1_SP=-20.0
HEAT_2_TEMP=36
HEAT_2_DUTY=0
HEAT_2_SP=-20.0
HEAT_3_TEMP=30
HEAT_3_DUTY=0
HEAT_3_SP=-20.0
HEAT_4_TEMP=37
HEAT_4_DUTY=0
HEAT_4_SP=-20.0
MOTOR_ANGLE=0.004186046511627906
MOTOR_ACCUM=1.0506976744186047
MOTOR_ROT=2
TS=1786204335.514
V_SENSE5=1.35498046875
V_SENSE9=0.0390625
V_SENSE12=0.107421875
ADC_V5=4.814453125
ADC_V9=9.35455322265625
ADC_V12=11.88568115234375
ADC_V28=27.03704833984375
THERMAL_SENS_OUT_1=27
THERMAL_SENS_OUT_2=-50
THERMAL_SENS_OUT_3=31
THERMAL_SENS_OUT_4=29
THERMAL_SENS_OUT_5=32
THERMAL_SENS_OUT_6=-50
THERMAL_SENS_INT_1=29
THERMAL_SENS_INT_2=26
PG_5=0
PG_9=0
PG_12=0
FLT_P2=0
FLT_P3=0
HEAT_1_TEMP=27
HEAT_1_DUTY=0
HEAT_1_SP=-20.0
HEAT_2_TEMP=31
HEAT_2_DUTY=0
HEAT_2_SP=-20.0
HEAT_3_TEMP=29
HEAT_3_DUTY=0
HEAT_3_SP=-20.0
HEAT_4_TEMP=32
HEAT_4_DUTY=0
HEAT_4_SP=-20.0
MOTOR_ANGLE=0.004186046511627906
MOTOR_ACCUM=1.0506976744186047
MOTOR_ROT=2
TS=1786204336.021
V_SENSE5=1.30126953125
V_SENSE9=0.0341796875
V_SENSE12=0.12451171875
ADC_V5=4.9560546875
ADC_V9=8.84124755859375

[12:00:46.158 EBOX]
ADC_V12=11.69097900390625
ADC_V28=27.42645263671875
THERMAL_SENS_OUT_1=29
THERMAL_SENS_OUT_2=-50
THERMAL_SENS_OUT_3=33
THERMAL_SENS_OUT_4=26
THERMAL_SENS_OUT_5=33
THERMAL_SENS_OUT_6=-50
THERMAL_SENS_INT_1=23
THERMAL_SENS_INT_2=26
PG_5=0
PG_9=0
PG_12=0
FLT_P2=0
FLT_P3=0
HEAT_1_TEMP=29
HEAT_1_DUTY=0
HEAT_1_SP=-20.0
HEAT_2_TEMP=33
HEAT_2_DUTY=0
HEAT_2_SP=-20.0
HEAT_3_TEMP=26
HEAT_3_DUTY=0
HEAT_3_SP=-20.0
HEAT_4_TEMP=33
HEAT_4_DUTY=0
HEAT_4_SP=-20.0
MOTOR_ANGLE=0.004186046511627906
MOTOR_ACCUM=1.0506976744186047
MOTOR_ROT=2

[12:00:46.779 EBOX]
TS=1786204336.518
V_SENSE5=1.24755859375
V_SENSE9=0.0390625
V_SENSE12=0.12451171875
ADC_V5=4.9383544921875
ADC_V9=9.24835205078125
ADC_V12=11.7529296875
ADC_V28=27.81585693359375
THERMAL_SENS_OUT_1=31
THERMAL_SENS_OUT_2=-50
THERMAL_SENS_OUT_3=31
THERMAL_SENS_OUT_4=31
THERMAL_SENS_OUT_5=34
THERMAL_SENS_OUT_6=-50
THERMAL_SENS_INT_1=24
THERMAL_SENS_INT_2=27
PG_5=0
PG_9=0
PG_12=0
FLT_P2=0
FLT_P3=0
HEAT_1_TEMP=31
HEAT_1_DUTY=0
HEAT_1_SP=-20.0
HEAT_2_TEMP=31
HEAT_2_DUTY=0
HEAT_2_SP=-20.0
HEAT_3_TEMP=31
HEAT_3_DUTY=0
HEAT_3_SP=-20.0
HEAT_4_TEMP=34
HEAT_4_DUTY=0
HEAT_4_SP=-20.0
MOTOR_ANGLE=0.004186046511627906
MOTOR_ACCUM=1.0506976744186047
MOTOR_ROT=2

[12:00:47.294 EBOX]
TS=1786204337.021
V_SENSE5=1.26953125
V_SENSE9=0.03173828125
V_SENSE12=0.1025390625
ADC_V5=4.96490478515625
ADC_V9=9.0625
ADC_V12=11.90338134765625
ADC_V28=27.2760009765625
THERMAL_SENS_OUT_1=32
THERMAL_SENS_OUT_2=-50
THERMAL_SENS_OUT_3=34
THERMAL_SENS_OUT_4=26
THERMAL_SENS_OUT_5=35
THERMAL_SENS_OUT_6=-50
THERMAL_SENS_INT_1=27
THERMAL_SENS_INT_2=30
PG_5=0
PG_9=0
PG_12=0
FLT_P2=0
FLT_P3=0
HEAT_1_TEMP=32
HEAT_1_DUTY=0
HEAT_1_SP=-20.0
HEAT_2_TEMP=34
HEAT_2_DUTY=0
HEAT_2_SP=-20.0
HEAT_3_TEMP=26
HEAT_3_DUTY=0
HEAT_3_SP=-20.0
HEAT_4_TEMP=35
HEAT_4_DUTY=0
HEAT_4_SP=-20.0
MOTOR_ANGLE=0.004186046511627906
MOTOR_ACCUM=1.0506976744186047
MOTOR_ROT=2

[12:00:47.542 EBOX]
TS=1786204337.521
V_SENSE5=1.23046875
V_SENSE9=0.03173828125
V_SENSE12=0.12451171875
ADC_V5=4.91180419921875
ADC_V9=8.9739990234375
ADC_V12=11.58477783203125
ADC_V28=27.78045654296875
THERMAL_SENS_OUT_1=33
THERMAL_SENS_OUT_2=-50
THERMAL_SENS_OUT_3=32
THERMAL_SENS_OUT_4=28
THERMAL_SENS_OUT_5=35
THERMAL_SENS_OUT_6=-50
THERMAL_SENS_INT_1=23
THERMAL_SENS_INT_2=25
PG_5=0
PG_9=0
PG_12=0
FLT_P2=0
FLT_P3=0
HEAT_1_TEMP=33
HEAT_1_DUTY=0
HEAT_1_SP=-20.0
HEAT_2_TEMP=32
HEAT_2_DUTY=0
HEAT_2_SP=-20.0
HEAT_3_TEMP=28
HEAT_3_DUTY=0
HEAT_3_SP=-20.0
HEAT_4_TEMP=35
HEAT_4_DUTY=0
HEAT_4_SP=-20.0
MOTOR_ANGLE=0.004186046511627906
MOTOR_ACCUM=1.0506976744186047
MOTOR_ROT=2

[12:00:47.758 EBOX]
TS=1786204338.023
V_SENSE5=1.1767578125
V_SENSE9=0.0439453125
V_SENSE12=0.11474609375
ADC_V5=4.88525390625
ADC_V9=9.15985107421875
ADC_V12=11.9476318359375
ADC_V28=27.88665771484375
THERMAL_SENS_OUT_1=28
THERMAL_SENS_OUT_2=-50
THERMAL_SENS_OUT_3=31
THERMAL_SENS_OUT_4=31
THERMAL_SENS_OUT_5=34
THERMAL_SENS_OUT_6=-50
THERMAL_SENS_INT_1=24
THERMAL_SENS_INT_2=26
PG_5=0
PG_9=0
PG_12=0
FLT_P2=0
FLT_P3=0
HEAT_1_TEMP=28
HEAT_1_DUTY=0
HEAT_1_SP=-20.0
HEAT_2_TEMP=31
HEAT_2_DUTY=0
HEAT_2_SP=-20.0
HEAT_3_TEMP=31
HEAT_3_DUTY=0
HEAT_3_SP=-20.0
HEAT_4_TEMP=34
HEAT_4_DUTY=0
HEAT_4_SP=-20.0
MOTOR_ANGLE=0.004186046511627906
MOTOR_ACCUM=1.0506976744186047
MOTOR_ROT=2

[12:00:48.980 EBOX]
TS=1786204338.528
V_SENSE5=1.16943359375
V_SENSE9=0.0341796875
V_SENSE12=0.1171875
ADC_V5=4.89410400390625
ADC_V9=9.097900390625
ADC_V12=11.82373046875
ADC_V28=26.8865966796875
THERMAL_SENS_OUT_1=27
THERMAL_SENS_OUT_2=-50
THERMAL_SENS_OUT_3=31
THERMAL_SENS_OUT_4=26
THERMAL_SENS_OUT_5=33
THERMAL_SENS_OUT_6=-50
THERMAL_SENS_INT_1=24
THERMAL_SENS_INT_2=27
PG_5=0
PG_9=0
PG_12=0
FLT_P2=0
FLT_P3=0
HEAT_1_TEMP=27
HEAT_1_DUTY=0
HEAT_1_SP=-20.0
HEAT_2_TEMP=31
HEAT_2_DUTY=0
HEAT_2_SP=-20.0
HEAT_3_TEMP=26
HEAT_3_DUTY=0
HEAT_3_SP=-20.0
HEAT_4_TEMP=33
HEAT_4_DUTY=0
HEAT_4_SP=-20.0
MOTOR_ANGLE=0.004186046511627906
MOTOR_ACCUM=1.0506976744186047
MOTOR_ROT=2

[12:00:49.498 EBOX]
TS=1786204339.026
V_SENSE5=1.2353515625
V_SENSE9=0.0341796875
V_SENSE12=0.1171875
ADC_V5=4.920654296875
ADC_V9=9.2572021484375
ADC_V12=11.83258056640625
ADC_V28=27.62115478515625
THERMAL_SENS_OUT_1=29
THERMAL_SENS_OUT_2=-50
THERMAL_SENS_OUT_3=32
THERMAL_SENS_OUT_4=29
THERMAL_SENS_OUT_5=33
THERMAL_SENS_OUT_6=-50
THERMAL_SENS_INT_1=27
THERMAL_SENS_INT_2=25
PG_5=0
PG_9=0
PG_12=0
FLT_P2=0
FLT_P3=0
HEAT_1_TEMP=29
HEAT_1_DUTY=0
HEAT_1_SP=-20.0
HEAT_2_TEMP=32
HEAT_2_DUTY=0
HEAT_2_SP=-20.0
HEAT_3_TEMP=29
HEAT_3_DUTY=0
HEAT_3_SP=-20.0
HEAT_4_TEMP=33
HEAT_4_DUTY=0
HEAT_4_SP=-20.0
MOTOR_ANGLE=0.004186046511627906
MOTOR_ACCUM=1.0506976744186047
MOTOR_ROT=2

[12:00:50.013 EBOX]
TS=1786204339.527
V_SENSE5=1.38671875
V_SENSE9=0.0341796875
V_SENSE12=0.1220703125
ADC_V5=4.91180419921875
ADC_V9=9.44305419921875
ADC_V12=11.88568115234375
ADC_V28=27.32025146484375
THERMAL_SENS_OUT_1=29
THERMAL_SENS_OUT_2=-50
THERMAL_SENS_OUT_3=33
THERMAL_SENS_OUT_4=27
THERMAL_SENS_OUT_5=32
THERMAL_SENS_OUT_6=-50
THERMAL_SENS_INT_1=25
THERMAL_SENS_INT_2=29
PG_5=0
PG_9=0
PG_12=0
FLT_P2=0
FLT_P3=0
HEAT_1_TEMP=29
HEAT_1_DUTY=0
HEAT_1_SP=-20.0
HEAT_2_TEMP=33
HEAT_2_DUTY=0
HEAT_2_SP=-20.0
HEAT_3_TEMP=27
HEAT_3_DUTY=0
HEAT_3_SP=-20.0
HEAT_4_TEMP=32
HEAT_4_DUTY=0
HEAT_4_SP=-20.0
MOTOR_ANGLE=0.004186046511627906
MOTOR_ACCUM=1.0506976744186047
MOTOR_ROT=2

[12:01:03.124 EBOX]
TS=1786204340.029
V_SENSE5=1.26708984375
V_SENSE9=0.0341796875
V_SENSE12=0.1123046875
ADC_V5=4.92950439453125
ADC_V9=8.885498046875
ADC_V12=11.93878173828125
ADC_V28=27.7716064453125
THERMAL_SENS_OUT_1=29
THERMAL_SENS_OUT_2=-50
THERMAL_SENS_OUT_3=33
THERMAL_SENS_OUT_4=30
THERMAL_SENS_OUT_5=33
THERMAL_SENS_OUT_6=-50
THERMAL_SENS_INT_1=29
THERMAL_SENS_INT_2=27
PG_5=0
PG_9=0
PG_12=0
FLT_P2=0
FLT_P3=0
HEAT_1_TEMP=29
HEAT_1_DUTY=0
HEAT_1_SP=-20.0
HEAT_2_TEMP=33
HEAT_2_DUTY=0
HEAT_2_SP=-20.0
HEAT_3_TEMP=30
HEAT_3_DUTY=0
HEAT_3_SP=-20.0
HEAT_4_TEMP=33
HEAT_4_DUTY=0
HEAT_4_SP=-20.0
MOTOR_ANGLE=0.004186046511627906
MOTOR_ACCUM=1.0506976744186047
MOTOR_ROT=2
TS=1786204340.530
V_SENSE5=1.318359375
V_SENSE9=0.0390625
V_SENSE12=0.1025390625
ADC_V5=4.88525390625
ADC_V9=9.3280029296875
ADC_V12=11.81488037109375
ADC_V28=27.72735595703125
THERMAL_SENS_OUT_1=32
THERMAL_SENS_OUT_2=-50
THERMAL_SENS_OUT_3=34
THERMAL_SENS_OUT_4=25
THERMAL_SENS_OUT_5=35
THERMAL_SENS_OUT_6=-50
THERMAL_SENS_INT_1=26
THERMAL_SENS_INT_2=24
PG_5=0
PG_9=0
PG_12=0
FLT_P2=0
FLT_P3=0
HEAT_1_TEMP=32
HEAT_1_DUTY=0
HEAT_1_SP=-20.0
HEAT_2_TEMP=34
HEAT_2_DUTY=0
HEAT_2_SP=-20.0
HEAT_3_TEMP=25
HEAT_3_DUTY=0
HEAT_3_SP=-20.0
HEAT_4_TEMP=35
HEAT_4_DUTY=0
HEAT_4_SP=-20.0
MOTOR_ANGLE=0.004186046511627906
MOTOR_ACCUM=1.0506976744186047
MOTOR_ROT=2
TS=1786204341.041
V_SENSE5=1.19873046875
V_SENSE9=0.0341796875
V_SENSE12=0.1123046875
ADC_V5=4.9029541015625
ADC_V9=9.23065185546875
ADC_V12=11.83258056640625
ADC_V28=27.5946044921875
THERMAL_SENS_OUT_1=32
THERMAL_SENS_OUT_2=-50
THERMAL_SENS_OUT_3=34
THERMAL_SENS_OUT_4=27
THERMAL_SENS_OUT_5=38
THERMAL_SENS_OUT_6=-50
THERMAL_SENS_INT_1=27
THERMAL_SENS_INT_2=30
PG_5=0
PG_9=0
PG_12=0
FLT_P2=0
FLT_P3=0
HEAT_1_TEMP=32
HEAT_1_DUTY=0
HEAT_1_SP=-20.0
HEAT_2_TEMP=34
HEAT_2_DUTY=0
HEAT_2_SP=-20.0
HEAT_3_TEMP=27
HEAT_3_DUTY=0
HEAT_3_SP=-20.0
HEAT_4_TEMP=38
HEAT_4_DUTY=0
HEAT_4_SP=-20.0
MOTOR_ANGLE=0.004186046511627906
MOTOR_ACCUM=1.0506976744186047
MOTOR_ROT=2
TS=1786204341.533
V_SENSE5=1.34033203125
V_SENSE9=0.03662109375
V_SENSE12=0.12939453125
ADC_V5=4.9560546875
ADC_V9=8.7969970703125

[12:01:03.502 EBOX]
ADC_V12=11.60247802734375
ADC_V28=27.9132080078125
THERMAL_SENS_OUT_1=31
THERMAL_SENS_OUT_2=-50
THERMAL_SENS_OUT_3=33
THERMAL_SENS_OUT_4=28
THERMAL_SENS_OUT_5=33
THERMAL_SENS_OUT_6=-50
THERMAL_SENS_INT_1=24
THERMAL_SENS_INT_2=30
PG_5=0
PG_9=0
PG_12=0
FLT_P2=0
FLT_P3=0
HEAT_1_TEMP=31
HEAT_1_DUTY=0
HEAT_1_SP=-20.0
HEAT_2_TEMP=33
HEAT_2_DUTY=0
HEAT_2_SP=-20.0
HEAT_3_TEMP=28
HEAT_3_DUTY=0
HEAT_3_SP=-20.0
HEAT_4_TEMP=33
HEAT_4_DUTY=0
HEAT_4_SP=-20.0
MOTOR_ANGLE=0.004186046511627906
MOTOR_ACCUM=1.0506976744186047
MOTOR_ROT=2
TS=1786204342.034
V_SENSE5=1.20849609375
V_SENSE9=0.0390625
V_SENSE12=0.1220703125
ADC_V5=4.94720458984375
ADC_V9=9.21295166015625
ADC_V12=11.929931640625
ADC_V28=27.25830078125
THERMAL_SENS_OUT_1=29
THERMAL_SENS_OUT_2=-50
THERMAL_SENS_OUT_3=31
THERMAL_SENS_OUT_4=31
THERMAL_SENS_OUT_5=33
THERMAL_SENS_OUT_6=-50
THERMAL_SENS_INT_1=24
THERMAL_SENS_INT_2=27
PG_5=0
PG_9=0
PG_12=0
FLT_P2=0
FLT_P3=0
HEAT_1_TEMP=29
HEAT_1_DUTY=0
HEAT_1_SP=-20.0
HEAT_2_TEMP=31
HEAT_2_DUTY=0
HEAT_2_SP=-20.0
HEAT_3_TEMP=31
HEAT_3_DUTY=0
HEAT_3_SP=-20.0
HEAT_4_TEMP=33
HEAT_4_DUTY=0
HEAT_4_SP=-20.0
MOTOR_ANGLE=0.004186046511627906
MOTOR_ACCUM=1.0506976744186047
MOTOR_ROT=2
TS=1786204342.535
V_SENSE5=1.37451171875
V_SENSE9=0.0341796875
V_SENSE12=0.126953125
ADC_V5=4.849853515625
ADC_V9=9.097900390625
ADC_V12=11.47857666015625
ADC_V28=27.46185302734375
THERMAL_SENS_OUT_1=32
THERMAL_SENS_OUT_2=-50
THERMAL_SENS_OUT_3=32
THERMAL_SENS_OUT_4=25
THERMAL_SENS_OUT_5=33
THERMAL_SENS_OUT_6=-50
THERMAL_SENS_INT_1=26
THERMAL_SENS_INT_2=30
PG_5=0
PG_9=0
PG_12=0
FLT_P2=0
FLT_P3=0
HEAT_1_TEMP=32
HEAT_1_DUTY=0
HEAT_1_SP=-20.0
HEAT_2_TEMP=32
HEAT_2_DUTY=0
HEAT_2_SP=-20.0
HEAT_3_TEMP=25
HEAT_3_DUTY=0
HEAT_3_SP=-20.0
HEAT_4_TEMP=33
HEAT_4_DUTY=0
HEAT_4_SP=-20.0
MOTOR_ANGLE=0.004186046511627906
MOTOR_ACCUM=1.0506976744186047
MOTOR_ROT=2
TS=1786204343.038
V_SENSE5=1.35009765625
V_SENSE9=0.04150390625
V_SENSE12=0.1171875
ADC_V5=4.91180419921875
ADC_V9=9.3988037109375
ADC_V12=11.99188232421875
ADC_V28=27.67425537109375
THERMAL_SENS_OUT_1=26
THERMAL_SENS_OUT_2=-50
THERMAL_SENS_OUT_3=33
THERMAL_SENS_OUT_4=26
THERMAL_SENS_OUT_5=32
THERMAL_SENS_OUT_6=-50
THERMAL_SENS_INT_1=29
THERMAL_SENS_INT_2=26
PG_5=0
PG_9=0
PG_12=0
FLT_P2=0
FLT_P3=0
HEAT_1_TEMP=26
HEAT_1_DUTY=0
HEAT_1_SP=-20.0
HEAT_2_TEMP=33
HEAT_2_DUTY=0
HEAT_2_SP=-20.0
HEAT_3_TEMP=26
HEAT_3_DUTY=0
HEAT_3_SP=-20.0
HEAT_4_TEMP=32
HEAT_4_DUTY=0
HEAT_4_SP=-20.0
MOTOR_ANGLE=0.004186046511627906
MOTOR_ACCUM=1.0506976744186047
MOTOR_ROT=2
TS=1786204343.538
V_SENSE5=1.240234375
V_SENSE9=0.0390625
V_SENSE12=0.126953125
ADC_V5=4.9383544921875
ADC_V9=9.239501953125
ADC_V12=11.4697265625
ADC_V28=27.42645263671875
THERMAL_SENS_OUT_1=29
THERMAL_SENS_OUT_2=-50
THERMAL_SENS_OUT_3=34
THERMAL_SENS_OUT_4=27
THERMAL_SENS_OUT_5=37
THERMAL_SENS_OUT_6=-50
THERMAL_SENS_INT_1=23
THERMAL_SENS_INT_2=28
PG_5=0
PG_9=0
PG_12=0
FLT_P2=0
FLT_P3=0
HEAT_1_TEMP=29
HEAT_1_DUTY=0
HEAT_1_SP=-20.0
HEAT_2_TEMP=34
HEAT_2_DUTY=0
HEAT_2_SP=-20.0
HEAT_3_TEMP=27
HEAT_3_DUTY=0
HEAT_3_SP=-20.0
HEAT_4_TEMP=37
HEAT_4_DUTY=0
HEAT_4_SP=-20.0
MOTOR_ANGLE=0.004186046511627906
MOTOR_ACCUM=1.0506976744186047
MOTOR_ROT=2
TS=1786204344.040
V_SENSE5=1.22802734375
V_SENSE9=0.03662109375
V_SENSE12=0.12939453125
ADC_V5=4.94720458984375
ADC_V9=8.9031982421875
ADC_V12=11.788330078125
ADC_V28=27.72735595703125
THERMAL_SENS_OUT_1=29
THERMAL_SENS_OUT_2=-50
THERMAL_SENS_OUT_3=30
THERMAL_SENS_OUT_4=29

[12:01:03.631 EBOX]
THERMAL_SENS_OUT_5=38
THERMAL_SENS_OUT_6=-50
THERMAL_SENS_INT_1=23
THERMAL_SENS_INT_2=30
PG_5=0
PG_9=0
PG_12=0
FLT_P2=0
FLT_P3=0
HEAT_1_TEMP=29
HEAT_1_DUTY=0
HEAT_1_SP=-20.0
HEAT_2_TEMP=30
HEAT_2_DUTY=0
HEAT_2_SP=-20.0
HEAT_3_TEMP=29
HEAT_3_DUTY=0
HEAT_3_SP=-20.0
HEAT_4_TEMP=38
HEAT_4_DUTY=0
HEAT_4_SP=-20.0
MOTOR_ANGLE=0.004186046511627906
MOTOR_ACCUM=1.0506976744186047
MOTOR_ROT=2
TS=1786204344.542
V_SENSE5=1.23779296875
V_SENSE9=0.0341796875
V_SENSE12=0.107421875
ADC_V5=4.9383544921875
ADC_V9=9.3988037109375
ADC_V12=11.88568115234375
ADC_V28=27.8955078125
THERMAL_SENS_OUT_1=29
THERMAL_SENS_OUT_2=-50
THERMAL_SENS_OUT_3=31
THERMAL_SENS_OUT_4=30
THERMAL_SENS_OUT_5=36
THERMAL_SENS_OUT_6=-50
THERMAL_SENS_INT_1=29
THERMAL_SENS_INT_2=30
PG_5=0
PG_9=0
PG_12=0
FLT_P2=0
FLT_P3=0
HEAT_1_TEMP=29
HEAT_1_DUTY=0
HEAT_1_SP=-20.0
HEAT_2_TEMP=31
HEAT_2_DUTY=0
HEAT_2_SP=-20.0
HEAT_3_TEMP=30
HEAT_3_DUTY=0
HEAT_3_SP=-20.0
HEAT_4_TEMP=36
HEAT_4_DUTY=0
HEAT_4_SP=-20.0
MOTOR_ANGLE=0.004186046511627906
MOTOR_ACCUM=1.0506976744186047
MOTOR_ROT=2
TS=1786204345.043
V_SENSE5=1.259765625
V_SENSE9=0.0341796875
V_SENSE12=0.107421875
ADC_V5=4.84100341796875
ADC_V9=9.14215087890625
ADC_V12=11.717529296875
ADC_V28=27.9486083984375
THERMAL_SENS_OUT_1=31
THERMAL_SENS_OUT_2=-50
THERMAL_SENS_OUT_3=31
THERMAL_SENS_OUT_4=30
THERMAL_SENS_OUT_5=32
THERMAL_SENS_OUT_6=-50
THERMAL_SENS_INT_1=29
THERMAL_SENS_INT_2=27
PG_5=0
PG_9=0
PG_12=0
FLT_P2=0
FLT_P3=0
HEAT_1_TEMP=31

[12:01:03.861 EBOX]
HEAT_1_DUTY=0
HEAT_1_SP=-20.0
HEAT_2_TEMP=31
HEAT_2_DUTY=0
HEAT_2_SP=-20.0
HEAT_3_TEMP=30
HEAT_3_DUTY=0
HEAT_3_SP=-20.0
HEAT_4_TEMP=32
HEAT_4_DUTY=0
HEAT_4_SP=-20.0
MOTOR_ANGLE=0.004186046511627906
MOTOR_ACCUM=1.0506976744186047
MOTOR_ROT=2
TS=1786204345.552
V_SENSE5=1.259765625
V_SENSE9=0.03662109375
V_SENSE12=0.1220703125
ADC_V5=4.82330322265625
ADC_V9=9.46075439453125
ADC_V12=11.434326171875
ADC_V28=27.90435791015625
THERMAL_SENS_OUT_1=29
THERMAL_SENS_OUT_2=-50
THERMAL_SENS_OUT_3=32
THERMAL_SENS_OUT_4=26
THERMAL_SENS_OUT_5=36
THERMAL_SENS_OUT_6=-50
THERMAL_SENS_INT_1=26
THERMAL_SENS_INT_2=25
PG_5=0
PG_9=0
PG_12=0
FLT_P2=0
FLT_P3=0
HEAT_1_TEMP=29
HEAT_1_DUTY=0
HEAT_1_SP=-20.0
HEAT_2_TEMP=32
HEAT_2_DUTY=0
HEAT_2_SP=-20.0
HEAT_3_TEMP=26
HEAT_3_DUTY=0
HEAT_3_SP=-20.0
HEAT_4_TEMP=36
HEAT_4_DUTY=0
HEAT_4_SP=-20.0
MOTOR_ANGLE=0.004186046511627906
MOTOR_ACCUM=1.0506976744186047
MOTOR_ROT=2
TS=1786204346.045
V_SENSE5=1.20849609375
V_SENSE9=0.0341796875
V_SENSE12=0.12451171875
ADC_V5=4.849853515625
ADC_V9=9.30145263671875
ADC_V12=11.54052734375
ADC_V28=27.60345458984375
THERMAL_SENS_OUT_1=28
THERMAL_SENS_OUT_2=-50
THERMAL_SENS_OUT_3=31
THERMAL_SENS_OUT_4=30
THERMAL_SENS_OUT_5=32
THERMAL_SENS_OUT_6=-50
THERMAL_SENS_INT_1=23
THERMAL_SENS_INT_2=29
PG_5=0
PG_9=0
PG_12=0
FLT_P2=0
FLT_P3=0
HEAT_1_TEMP=28
HEAT_1_DUTY=0
HEAT_1_SP=-20.0
HEAT_2_TEMP=31
HEAT_2_DUTY=0
HEAT_2_SP=-20.0
HEAT_3_TEMP=30
HEAT_3_DUTY=0
HEAT_3_SP=-20.0
HEAT_4_TEMP=32

[12:01:03.990 EBOX]
HEAT_4_DUTY=0
HEAT_4_SP=-20.0
MOTOR_ANGLE=0.004186046511627906
MOTOR_ACCUM=1.0506976744186047
MOTOR_ROT=2
TS=1786204346.547
V_SENSE5=1.1962890625
V_SENSE9=0.0390625
V_SENSE12=0.107421875
ADC_V5=5.0091552734375
ADC_V9=8.885498046875
ADC_V12=11.8768310546875
ADC_V28=27.72735595703125
THERMAL_SENS_OUT_1=31
THERMAL_SENS_OUT_2=-50
THERMAL_SENS_OUT_3=35
THERMAL_SENS_OUT_4=26
THERMAL_SENS_OUT_5=36
THERMAL_SENS_OUT_6=-50
THERMAL_SENS_INT_1=28
THERMAL_SENS_INT_2=25
PG_5=0
PG_9=0
PG_12=0
FLT_P2=0
FLT_P3=0
HEAT_1_TEMP=31
HEAT_1_DUTY=0
HEAT_1_SP=-20.0
HEAT_2_TEMP=35
HEAT_2_DUTY=0
HEAT_2_SP=-20.0
HEAT_3_TEMP=26
HEAT_3_DUTY=0
HEAT_3_SP=-20.0
HEAT_4_TEMP=36
HEAT_4_DUTY=0
HEAT_4_SP=-20.0
MOTOR_ANGLE=0.004186046511627906
MOTOR_ACCUM=1.0506976744186047
MOTOR_ROT=2
TS=1786204347.048
V_SENSE5=1.220703125
V_SENSE9=0.0390625
V_SENSE12=0.10986328125
ADC_V5=5.00030517578125
ADC_V9=9.46075439453125
ADC_V12=11.68212890625
ADC_V28=27.07244873046875
THERMAL_SENS_OUT_1=31
THERMAL_SENS_OUT_2=-50
THERMAL_SENS_OUT_3=31
THERMAL_SENS_OUT_4=28
THERMAL_SENS_OUT_5=32
THERMAL_SENS_OUT_6=-50
THERMAL_SENS_INT_1=27
THERMAL_SENS_INT_2=29
PG_5=0
PG_9=0
PG_12=0
FLT_P2=0
FLT_P3=0
HEAT_1_TEMP=31
HEAT_1_DUTY=0
HEAT_1_SP=-20.0
HEAT_2_TEMP=31
HEAT_2_DUTY=0
HEAT_2_SP=-20.0
HEAT_3_TEMP=28
HEAT_3_DUTY=0
HEAT_3_SP=-20.0
HEAT_4_TEMP=32
HEAT_4_DUTY=0
HEAT_4_SP=-20.0
MOTOR_ANGLE=0.004186046511627906
MOTOR_ACCUM=1.0506976744186047
MOTOR_ROT=2
TS=1786204347.550
V_SENSE5=1.16943359375

[12:01:04.124 EBOX]
V_SENSE9=0.0341796875
V_SENSE12=0.12451171875
ADC_V5=4.98260498046875
ADC_V9=9.0093994140625
ADC_V12=11.9122314453125
ADC_V28=27.789306640625
THERMAL_SENS_OUT_1=33
THERMAL_SENS_OUT_2=-50
THERMAL_SENS_OUT_3=33
THERMAL_SENS_OUT_4=25
THERMAL_SENS_OUT_5=33
THERMAL_SENS_OUT_6=-50
THERMAL_SENS_INT_1=25
THERMAL_SENS_INT_2=31
PG_5=0
PG_9=0
PG_12=0
FLT_P2=0
FLT_P3=0
HEAT_1_TEMP=33
HEAT_1_DUTY=0
HEAT_1_SP=-20.0
HEAT_2_TEMP=33
HEAT_2_DUTY=0
HEAT_2_SP=-20.0
HEAT_3_TEMP=25
HEAT_3_DUTY=0
HEAT_3_SP=-20.0
HEAT_4_TEMP=33
HEAT_4_DUTY=0
HEAT_4_SP=-20.0
MOTOR_ANGLE=0.004186046511627906
MOTOR_ACCUM=1.0506976744186047
MOTOR_ROT=2
TS=1786204348.052
V_SENSE5=1.25
V_SENSE9=0.0390625
V_SENSE12=0.11474609375
ADC_V5=4.9560546875
ADC_V9=9.10675048828125
ADC_V12=11.58477783203125
ADC_V28=26.904296875
THERMAL_SENS_OUT_1=27
THERMAL_SENS_OUT_2=-50
THERMAL_SENS_OUT_3=32
THERMAL_SENS_OUT_4=30
THERMAL_SENS_OUT_5=37
THERMAL_SENS_OUT_6=-50
THERMAL_SENS_INT_1=27
THERMAL_SENS_INT_2=25
PG_5=0
PG_9=0
PG_12=0
FLT_P2=0
FLT_P3=0
HEAT_1_TEMP=27
HEAT_1_DUTY=0
HEAT_1_SP=-20.0
HEAT_2_TEMP=32
HEAT_2_DUTY=0
HEAT_2_SP=-20.0
HEAT_3_TEMP=30
HEAT_3_DUTY=0
HEAT_3_SP=-20.0
HEAT_4_TEMP=37
HEAT_4_DUTY=0
HEAT_4_SP=-20.0
MOTOR_ANGLE=0.004186046511627906
MOTOR_ACCUM=1.0506976744186047
MOTOR_ROT=2
TS=1786204348.553
V_SENSE5=1.39404296875
V_SENSE9=0.0390625
V_SENSE12=0.11474609375
ADC_V5=4.96490478515625
ADC_V9=9.08905029296875
ADC_V12=11.788330078125
ADC_V28=27.49725341796875

[12:01:04.252 EBOX]
THERMAL_SENS_OUT_1=26
THERMAL_SENS_OUT_2=-50
THERMAL_SENS_OUT_3=35
THERMAL_SENS_OUT_4=26
THERMAL_SENS_OUT_5=37
THERMAL_SENS_OUT_6=-50
THERMAL_SENS_INT_1=29
THERMAL_SENS_INT_2=26
PG_5=0
PG_9=0
PG_12=0
FLT_P2=0
FLT_P3=0
HEAT_1_TEMP=26
HEAT_1_DUTY=0
HEAT_1_SP=-20.0
HEAT_2_TEMP=35
HEAT_2_DUTY=0
HEAT_2_SP=-20.0
HEAT_3_TEMP=26
HEAT_3_DUTY=0
HEAT_3_SP=-20.0
HEAT_4_TEMP=37
HEAT_4_DUTY=0
HEAT_4_SP=-20.0
MOTOR_ANGLE=0.004186046511627906
MOTOR_ACCUM=1.0506976744186047
MOTOR_ROT=2
TS=1786204349.054
V_SENSE5=1.21337890625
V_SENSE9=0.0341796875
V_SENSE12=0.1220703125
ADC_V5=4.88525390625
ADC_V9=9.14215087890625
ADC_V12=11.611328125
ADC_V28=27.81585693359375
THERMAL_SENS_OUT_1=32
THERMAL_SENS_OUT_2=-50
THERMAL_SENS_OUT_3=32
THERMAL_SENS_OUT_4=26
THERMAL_SENS_OUT_5=38
THERMAL_SENS_OUT_6=-50
THERMAL_SENS_INT_1=26
THERMAL_SENS_INT_2=25
PG_5=0
PG_9=0
PG_12=0
FLT_P2=0
FLT_P3=0
HEAT_1_TEMP=32
HEAT_1_DUTY=0
HEAT_1_SP=-20.0
HEAT_2_TEMP=32
HEAT_2_DUTY=0
HEAT_2_SP=-20.0
HEAT_3_TEMP=26
HEAT_3_DUTY=0
HEAT_3_SP=-20.0
HEAT_4_TEMP=38
HEAT_4_DUTY=0
HEAT_4_SP=-20.0
MOTOR_ANGLE=0.004186046511627906
MOTOR_ACCUM=1.0506976744186047
MOTOR_ROT=2
TS=1786204349.556
V_SENSE5=1.18896484375
V_SENSE9=0.0390625
V_SENSE12=0.12939453125
ADC_V5=4.89410400390625
ADC_V9=9.38995361328125
ADC_V12=11.76177978515625
ADC_V28=27.58575439453125
THERMAL_SENS_OUT_1=28
THERMAL_SENS_OUT_2=-50
THERMAL_SENS_OUT_3=35
THERMAL_SENS_OUT_4=26
THERMAL_SENS_OUT_5=33
THERMAL_SENS_OUT_6=-50

[12:01:04.488 EBOX]
THERMAL_SENS_INT_1=29
THERMAL_SENS_INT_2=27
PG_5=0
PG_9=0
PG_12=0
FLT_P2=0
FLT_P3=0
HEAT_1_TEMP=28
HEAT_1_DUTY=0
HEAT_1_SP=-20.0
HEAT_2_TEMP=35
HEAT_2_DUTY=0
HEAT_2_SP=-20.0
HEAT_3_TEMP=26
HEAT_3_DUTY=0
HEAT_3_SP=-20.0
HEAT_4_TEMP=33
HEAT_4_DUTY=0
HEAT_4_SP=-20.0
MOTOR_ANGLE=0.004186046511627906
MOTOR_ACCUM=1.0506976744186047
MOTOR_ROT=2
TS=1786204350.058
V_SENSE5=1.2158203125
V_SENSE9=0.04150390625
V_SENSE12=0.12939453125
ADC_V5=4.9737548828125
ADC_V9=9.03594970703125
ADC_V12=11.859130859375
ADC_V28=27.1343994140625
THERMAL_SENS_OUT_1=26
THERMAL_SENS_OUT_2=-50
THERMAL_SENS_OUT_3=30
THERMAL_SENS_OUT_4=28
THERMAL_SENS_OUT_5=33
THERMAL_SENS_OUT_6=-50
THERMAL_SENS_INT_1=24
THERMAL_SENS_INT_2=30
PG_5=0
PG_9=0
PG_12=0
FLT_P2=0
FLT_P3=0
HEAT_1_TEMP=26
HEAT_1_DUTY=0
HEAT_1_SP=-20.0
HEAT_2_TEMP=30
HEAT_2_DUTY=0
HEAT_2_SP=-20.0
HEAT_3_TEMP=28
HEAT_3_DUTY=0
HEAT_3_SP=-20.0
HEAT_4_TEMP=33
HEAT_4_DUTY=0
HEAT_4_SP=-20.0
MOTOR_ANGLE=0.004186046511627906
MOTOR_ACCUM=1.0506976744186047
MOTOR_ROT=2
TS=1786204350.559
V_SENSE5=1.25732421875
V_SENSE9=0.0390625
V_SENSE12=0.11474609375
ADC_V5=4.9560546875
ADC_V9=8.7261962890625
ADC_V12=11.788330078125
ADC_V28=27.39105224609375
THERMAL_SENS_OUT_1=28
THERMAL_SENS_OUT_2=-50
THERMAL_SENS_OUT_3=34
THERMAL_SENS_OUT_4=28
THERMAL_SENS_OUT_5=34
THERMAL_SENS_OUT_6=-50
THERMAL_SENS_INT_1=27
THERMAL_SENS_INT_2=28
PG_5=0
PG_9=0
PG_12=0
FLT_P2=0
FLT_P3=0
HEAT_1_TEMP=28
HEAT_1_DUTY=0
HEAT_1_SP=-20.0
HEAT_2_TEMP=34
HEAT_2_DUTY=0

[12:01:04.625 EBOX]
HEAT_2_SP=-20.0
HEAT_3_TEMP=28
HEAT_3_DUTY=0
HEAT_3_SP=-20.0
HEAT_4_TEMP=34
HEAT_4_DUTY=0
HEAT_4_SP=-20.0
MOTOR_ANGLE=0.004186046511627906
MOTOR_ACCUM=1.0506976744186047
MOTOR_ROT=2
TS=1786204351.060
V_SENSE5=1.2744140625
V_SENSE9=0.0341796875
V_SENSE12=0.107421875
ADC_V5=4.814453125
ADC_V9=9.42535400390625
ADC_V12=11.7352294921875
ADC_V28=27.5592041015625
THERMAL_SENS_OUT_1=31
THERMAL_SENS_OUT_2=-50
THERMAL_SENS_OUT_3=35
THERMAL_SENS_OUT_4=31
THERMAL_SENS_OUT_5=33
THERMAL_SENS_OUT_6=-50
THERMAL_SENS_INT_1=25
THERMAL_SENS_INT_2=30
PG_5=0
PG_9=0
PG_12=0
FLT_P2=0
FLT_P3=0
HEAT_1_TEMP=31
HEAT_1_DUTY=0
HEAT_1_SP=-20.0
HEAT_2_TEMP=35
HEAT_2_DUTY=0
HEAT_2_SP=-20.0
HEAT_3_TEMP=31
HEAT_3_DUTY=0
HEAT_3_SP=-20.0
HEAT_4_TEMP=33
HEAT_4_DUTY=0
HEAT_4_SP=-20.0
MOTOR_ANGLE=0.004186046511627906
MOTOR_ACCUM=1.0506976744186047
MOTOR_ROT=2
TS=1786204351.562
V_SENSE5=1.376953125
V_SENSE9=0.0341796875
V_SENSE12=0.1318359375
ADC_V5=4.991455078125
ADC_V9=8.94744873046875
ADC_V12=11.85028076171875
ADC_V28=27.81585693359375
THERMAL_SENS_OUT_1=28
THERMAL_SENS_OUT_2=-50
THERMAL_SENS_OUT_3=33
THERMAL_SENS_OUT_4=29
THERMAL_SENS_OUT_5=31
THERMAL_SENS_OUT_6=-50
THERMAL_SENS_INT_1=26
THERMAL_SENS_INT_2=28
PG_5=0
PG_9=0
PG_12=0
FLT_P2=0
FLT_P3=0
HEAT_1_TEMP=28
HEAT_1_DUTY=0
HEAT_1_SP=-20.0
HEAT_2_TEMP=33
HEAT_2_DUTY=0
HEAT_2_SP=-20.0
HEAT_3_TEMP=29
HEAT_3_DUTY=0
HEAT_3_SP=-20.0
HEAT_4_TEMP=31
HEAT_4_DUTY=0
HEAT_4_SP=-20.0
MOTOR_ANGLE=0.004186046511627906

[12:01:04.757 EBOX]
MOTOR_ACCUM=1.0506976744186047
MOTOR_ROT=2
TS=1786204352.087
V_SENSE5=1.24755859375
V_SENSE9=0.0390625
V_SENSE12=0.126953125
ADC_V5=4.89410400390625
ADC_V9=9.1864013671875
ADC_V12=11.70867919921875
ADC_V28=27.93975830078125
THERMAL_SENS_OUT_1=28
THERMAL_SENS_OUT_2=-50
THERMAL_SENS_OUT_3=30
THERMAL_SENS_OUT_4=31
THERMAL_SENS_OUT_5=35
THERMAL_SENS_OUT_6=-50
THERMAL_SENS_INT_1=23
THERMAL_SENS_INT_2=26
PG_5=0
PG_9=0
PG_12=0
FLT_P2=0
FLT_P3=0
HEAT_1_TEMP=28
HEAT_1_DUTY=0
HEAT_1_SP=-20.0
HEAT_2_TEMP=30
HEAT_2_DUTY=0
HEAT_2_SP=-20.0
HEAT_3_TEMP=31
HEAT_3_DUTY=0
HEAT_3_SP=-20.0
HEAT_4_TEMP=35
HEAT_4_DUTY=0
HEAT_4_SP=-20.0
MOTOR_ANGLE=0.004186046511627906
MOTOR_ACCUM=1.0506976744186047
MOTOR_ROT=2
TS=1786204352.565
V_SENSE5=1.259765625
V_SENSE9=0.0390625
V_SENSE12=0.10986328125
ADC_V5=4.991455078125
ADC_V9=9.0802001953125
ADC_V12=11.85028076171875
ADC_V28=26.8511962890625
THERMAL_SENS_OUT_1=30
THERMAL_SENS_OUT_2=-50
THERMAL_SENS_OUT_3=35
THERMAL_SENS_OUT_4=26
THERMAL_SENS_OUT_5=36
THERMAL_SENS_OUT_6=-50
THERMAL_SENS_INT_1=26
THERMAL_SENS_INT_2=25
PG_5=0
PG_9=0
PG_12=0
FLT_P2=0
FLT_P3=0
HEAT_1_TEMP=30
HEAT_1_DUTY=0
HEAT_1_SP=-20.0
HEAT_2_TEMP=35
HEAT_2_DUTY=0
HEAT_2_SP=-20.0
HEAT_3_TEMP=26
HEAT_3_DUTY=0
HEAT_3_SP=-20.0
HEAT_4_TEMP=36
HEAT_4_DUTY=0
HEAT_4_SP=-20.0
MOTOR_ANGLE=0.004186046511627906
MOTOR_ACCUM=1.0506976744186047
MOTOR_ROT=2
TS=1786204353.066
V_SENSE5=1.357421875
V_SENSE9=0.0390625
V_SENSE12=0.1123046875
ADC_V5=4.9560546875

[12:01:05.001 EBOX]
ADC_V9=8.82354736328125
ADC_V12=11.86798095703125
ADC_V28=27.0458984375
THERMAL_SENS_OUT_1=28
THERMAL_SENS_OUT_2=-50
THERMAL_SENS_OUT_3=33
THERMAL_SENS_OUT_4=28
THERMAL_SENS_OUT_5=32
THERMAL_SENS_OUT_6=-50
THERMAL_SENS_INT_1=29
THERMAL_SENS_INT_2=26
PG_5=0
PG_9=0
PG_12=0
FLT_P2=0
FLT_P3=0
HEAT_1_TEMP=28
HEAT_1_DUTY=0
HEAT_1_SP=-20.0
HEAT_2_TEMP=33
HEAT_2_DUTY=0
HEAT_2_SP=-20.0
HEAT_3_TEMP=28
HEAT_3_DUTY=0
HEAT_3_SP=-20.0
HEAT_4_TEMP=32
HEAT_4_DUTY=0
HEAT_4_SP=-20.0
MOTOR_ANGLE=0.004186046511627906
MOTOR_ACCUM=1.0506976744186047
MOTOR_ROT=2
TS=1786204353.567
V_SENSE5=1.17431640625
V_SENSE9=0.0390625
V_SENSE12=0.1171875
ADC_V5=4.88525390625
ADC_V9=9.14215087890625
ADC_V12=12.00958251953125
ADC_V28=27.39105224609375
THERMAL_SENS_OUT_1=29
THERMAL_SENS_OUT_2=-50
THERMAL_SENS_OUT_3=32
THERMAL_SENS_OUT_4=29
THERMAL_SENS_OUT_5=32
THERMAL_SENS_OUT_6=-50
THERMAL_SENS_INT_1=24
THERMAL_SENS_INT_2=31
PG_5=0
PG_9=0
PG_12=0
FLT_P2=0
FLT_P3=0
HEAT_1_TEMP=29
HEAT_1_DUTY=0
HEAT_1_SP=-20.0
HEAT_2_TEMP=32
HEAT_2_DUTY=0
HEAT_2_SP=-20.0
HEAT_3_TEMP=29
HEAT_3_DUTY=0
HEAT_3_SP=-20.0
HEAT_4_TEMP=32
HEAT_4_DUTY=0
HEAT_4_SP=-20.0
MOTOR_ANGLE=0.004186046511627906
MOTOR_ACCUM=1.0506976744186047
MOTOR_ROT=2
TS=1786204354.068
V_SENSE5=1.328125
V_SENSE9=0.0390625
V_SENSE12=0.126953125
ADC_V5=4.82330322265625
ADC_V9=8.92974853515625
ADC_V12=11.81488037109375
ADC_V28=26.9219970703125
THERMAL_SENS_OUT_1=28
THERMAL_SENS_OUT_2=-50
THERMAL_SENS_OUT_3=31

[12:01:05.141 EBOX]
THERMAL_SENS_OUT_4=29
THERMAL_SENS_OUT_5=38
THERMAL_SENS_OUT_6=-50
THERMAL_SENS_INT_1=27
THERMAL_SENS_INT_2=26
PG_5=0
PG_9=0
PG_12=0
FLT_P2=0
FLT_P3=0
HEAT_1_TEMP=28
HEAT_1_DUTY=0
HEAT_1_SP=-20.0
HEAT_2_TEMP=31
HEAT_2_DUTY=0
HEAT_2_SP=-20.0
HEAT_3_TEMP=29
HEAT_3_DUTY=0
HEAT_3_SP=-20.0
HEAT_4_TEMP=38
HEAT_4_DUTY=0
HEAT_4_SP=-20.0
MOTOR_ANGLE=0.004186046511627906
MOTOR_ACCUM=1.0506976744186047
MOTOR_ROT=2
TS=1786204354.571
V_SENSE5=1.27685546875
V_SENSE9=0.0390625
V_SENSE12=0.1025390625
ADC_V5=4.8321533203125
ADC_V9=9.4342041015625
ADC_V12=11.4874267578125
ADC_V28=27.576904296875
THERMAL_SENS_OUT_1=27
THERMAL_SENS_OUT_2=-50
THERMAL_SENS_OUT_3=34
THERMAL_SENS_OUT_4=25
THERMAL_SENS_OUT_5=35
THERMAL_SENS_OUT_6=-50
THERMAL_SENS_INT_1=28
THERMAL_SENS_INT_2=26
PG_5=0
PG_9=0
PG_12=0
FLT_P2=0
FLT_P3=0
HEAT_1_TEMP=27
HEAT_1_DUTY=0
HEAT_1_SP=-20.0
HEAT_2_TEMP=34
HEAT_2_DUTY=0
HEAT_2_SP=-20.0
HEAT_3_TEMP=25
HEAT_3_DUTY=0
HEAT_3_SP=-20.0
HEAT_4_TEMP=35
HEAT_4_DUTY=0
HEAT_4_SP=-20.0
MOTOR_ANGLE=0.004186046511627906
MOTOR_ACCUM=1.0506976744186047
MOTOR_ROT=2
TS=1786204355.072
V_SENSE5=1.4794921875
V_SENSE9=0.0341796875
V_SENSE12=0.10986328125
ADC_V5=4.849853515625
ADC_V9=9.26605224609375
ADC_V12=11.51397705078125
ADC_V28=27.60345458984375
THERMAL_SENS_OUT_1=30
THERMAL_SENS_OUT_2=-50
THERMAL_SENS_OUT_3=30
THERMAL_SENS_OUT_4=28
THERMAL_SENS_OUT_5=37
THERMAL_SENS_OUT_6=-50
THERMAL_SENS_INT_1=29
THERMAL_SENS_INT_2=25
PG_5=0
PG_9=0
PG_12=0
FLT_P2=0
FLT_P3=0
HEAT_1_TEMP=30
HEAT_1_DUTY=0
HEAT_1_SP=-20.0
HEAT_2_TEMP=30
HEAT_2_DUTY=0
HEAT_2_SP=-20.0
HEAT_3_TEMP=28
HEAT_3_DUTY=0
HEAT_3_SP=-20.0
HEAT_4_TEMP=37
HEAT_4_DUTY=0
HEAT_4_SP=-20.0
MOTOR_ANGLE=0.004186046511627906
MOTOR_ACCUM=1.0506976744186047
MOTOR_ROT=2

[12:01:05.261 EBOX]
TS=1786204355.573
V_SENSE5=1.2548828125
V_SENSE9=0.03662109375
V_SENSE12=0.11474609375
ADC_V5=4.814453125
ADC_V9=8.956298828125
ADC_V12=11.717529296875
ADC_V28=27.74505615234375
THERMAL_SENS_OUT_1=29
THERMAL_SENS_OUT_2=-50
THERMAL_SENS_OUT_3=32
THERMAL_SENS_OUT_4=28
THERMAL_SENS_OUT_5=33
THERMAL_SENS_OUT_6=-50
THERMAL_SENS_INT_1=24
THERMAL_SENS_INT_2=31
PG_5=0
PG_9=0
PG_12=0
FLT_P2=0
FLT_P3=0
HEAT_1_TEMP=29
HEAT_1_DUTY=0
HEAT_1_SP=-20.0
HEAT_2_TEMP=32
HEAT_2_DUTY=0
HEAT_2_SP=-20.0
HEAT_3_TEMP=28
HEAT_3_DUTY=0
HEAT_3_SP=-20.0
HEAT_4_TEMP=33
HEAT_4_DUTY=0
HEAT_4_SP=-20.0
MOTOR_ANGLE=0.004186046511627906
MOTOR_ACCUM=1.0506976744186047
MOTOR_ROT=2

[12:01:06.604 EBOX]
TS=1786204356.074
V_SENSE5=1.33544921875
V_SENSE9=0.04150390625
V_SENSE12=0.1220703125
ADC_V5=4.9383544921875
ADC_V9=9.3280029296875
ADC_V12=11.93878173828125
ADC_V28=27.24945068359375
THERMAL_SENS_OUT_1=27
THERMAL_SENS_OUT_2=-50
THERMAL_SENS_OUT_3=36
THERMAL_SENS_OUT_4=27
THERMAL_SENS_OUT_5=38
THERMAL_SENS_OUT_6=-50
THERMAL_SENS_INT_1=25
THERMAL_SENS_INT_2=29
PG_5=0
PG_9=0
PG_12=0
FLT_P2=0
FLT_P3=0
HEAT_1_TEMP=27
HEAT_1_DUTY=0
HEAT_1_SP=-20.0
HEAT_2_TEMP=36
HEAT_2_DUTY=0
HEAT_2_SP=-20.0
HEAT_3_TEMP=27
HEAT_3_DUTY=0
HEAT_3_SP=-20.0
HEAT_4_TEMP=38
HEAT_4_DUTY=0
HEAT_4_SP=-20.0
MOTOR_ANGLE=0.004186046511627906
MOTOR_ACCUM=1.0506976744186047
MOTOR_ROT=2
TS=1786204356.585
V_SENSE5=1.12548828125
V_SENSE9=0.03173828125
V_SENSE12=0.19287109375
ADC_V5=4.991455078125
ADC_V9=9.1156005859375
ADC_V12=11.717529296875
ADC_V28=27.53265380859375
THERMAL_SENS_OUT_1=29
THERMAL_SENS_OUT_2=-50
THERMAL_SENS_OUT_3=32
THERMAL_SENS_OUT_4=28
THERMAL_SENS_OUT_5=35
THERMAL_SENS_OUT_6=-50
THERMAL_SENS_INT_1=23
THERMAL_SENS_INT_2=25
PG_5=0
PG_9=0
PG_12=0
FLT_P2=0
FLT_P3=0
HEAT_1_TEMP=29
HEAT_1_DUTY=0
HEAT_1_SP=-20.0
HEAT_2_TEMP=32
HEAT_2_DUTY=0
HEAT_2_SP=-20.0
HEAT_3_TEMP=28
HEAT_3_DUTY=0
HEAT_3_SP=-20.0
HEAT_4_TEMP=35
HEAT_4_DUTY=0
HEAT_4_SP=-20.0
MOTOR_ANGLE=0.004186046511627906
MOTOR_ACCUM=1.0506976744186047
MOTOR_ROT=2

[12:01:07.549 EBOX]
TS=1786204357.079
V_SENSE5=1.27197265625
V_SENSE9=0.0341796875
V_SENSE12=0.107421875
ADC_V5=5.00030517578125
ADC_V9=8.87664794921875
ADC_V12=11.67327880859375
ADC_V28=27.42645263671875
THERMAL_SENS_OUT_1=32
THERMAL_SENS_OUT_2=-50
THERMAL_SENS_OUT_3=32
THERMAL_SENS_OUT_4=30
THERMAL_SENS_OUT_5=36
THERMAL_SENS_OUT_6=-50
THERMAL_SENS_INT_1=29
THERMAL_SENS_INT_2=24
PG_5=0
PG_9=0
PG_12=0
FLT_P2=0
FLT_P3=0
HEAT_1_TEMP=32
HEAT_1_DUTY=0
HEAT_1_SP=-20.0
HEAT_2_TEMP=32
HEAT_2_DUTY=0
HEAT_2_SP=-20.0
HEAT_3_TEMP=30
HEAT_3_DUTY=0
HEAT_3_SP=-20.0
HEAT_4_TEMP=36
HEAT_4_DUTY=0
HEAT_4_SP=-20.0
MOTOR_ANGLE=0.004186046511627906
MOTOR_ACCUM=1.0506976744186047
MOTOR_ROT=2
TS=1786204357.581
V_SENSE5=1.37939453125
V_SENSE9=0.06591796875
V_SENSE12=0.1171875
ADC_V5=5.0091552734375
ADC_V9=9.27490234375
ADC_V12=11.56707763671875
ADC_V28=27.9132080078125
THERMAL_SENS_OUT_1=30
THERMAL_SENS_OUT_2=-50
THERMAL_SENS_OUT_3=33
THERMAL_SENS_OUT_4=28
THERMAL_SENS_OUT_5=32
THERMAL_SENS_OUT_6=-50
THERMAL_SENS_INT_1=26
THERMAL_SENS_INT_2=25
PG_5=0
PG_9=0
PG_12=0
FLT_P2=0
FLT_P3=0
HEAT_1_TEMP=30
HEAT_1_DUTY=0
HEAT_1_SP=-20.0
HEAT_2_TEMP=33
HEAT_2_DUTY=0
HEAT_2_SP=-20.0
HEAT_3_TEMP=28
HEAT_3_DUTY=0
HEAT_3_SP=-20.0
HEAT_4_TEMP=32
HEAT_4_DUTY=0
HEAT_4_SP=-20.0
MOTOR_ANGLE=0.004186046511627906
MOTOR_ACCUM=1.0506976744186047
MOTOR_ROT=2

[12:01:07.667 EBOX]
TS=1786204358.082
V_SENSE5=1.474609375
V_SENSE9=0.04150390625
V_SENSE12=0.1220703125
ADC_V5=4.8675537109375
ADC_V9=8.91204833984375
ADC_V12=11.47857666015625
ADC_V28=27.54150390625
THERMAL_SENS_OUT_1=28
THERMAL_SENS_OUT_2=-50
THERMAL_SENS_OUT_3=31
THERMAL_SENS_OUT_4=31
THERMAL_SENS_OUT_5=37
THERMAL_SENS_OUT_6=-50
THERMAL_SENS_INT_1=24
THERMAL_SENS_INT_2=27
PG_5=0
PG_9=0
PG_12=0
FLT_P2=0
FLT_P3=0
HEAT_1_TEMP=28
HEAT_1_DUTY=0
HEAT_1_SP=-20.0
HEAT_2_TEMP=31
HEAT_2_DUTY=0
HEAT_2_SP=-20.0
HEAT_3_TEMP=31
HEAT_3_DUTY=0
HEAT_3_SP=-20.0
HEAT_4_TEMP=37
HEAT_4_DUTY=0
HEAT_4_SP=-20.0
MOTOR_ANGLE=0.004186046511627906
MOTOR_ACCUM=1.0506976744186047
MOTOR_ROT=2

[12:01:08.186 EBOX]
TS=1786204358.582
V_SENSE5=1.318359375
V_SENSE9=0.0390625
V_SENSE12=0.1171875
ADC_V5=4.9029541015625
ADC_V9=9.49615478515625
ADC_V12=11.89453125
ADC_V28=27.222900390625
THERMAL_SENS_OUT_1=26
THERMAL_SENS_OUT_2=-50
THERMAL_SENS_OUT_3=35
THERMAL_SENS_OUT_4=25
THERMAL_SENS_OUT_5=35
THERMAL_SENS_OUT_6=-50
THERMAL_SENS_INT_1=24
THERMAL_SENS_INT_2=30
PG_5=0
PG_9=0
PG_12=0
FLT_P2=0
FLT_P3=0
HEAT_1_TEMP=26
HEAT_1_DUTY=0
HEAT_1_SP=-20.0
HEAT_2_TEMP=35
HEAT_2_DUTY=0
HEAT_2_SP=-20.0
HEAT_3_TEMP=25
HEAT_3_DUTY=0
HEAT_3_SP=-20.0
HEAT_4_TEMP=35
HEAT_4_DUTY=0
HEAT_4_SP=-20.0
MOTOR_ANGLE=0.004186046511627906
MOTOR_ACCUM=1.0506976744186047
MOTOR_ROT=2

[12:01:08.704 EBOX]
TS=1786204359.084
V_SENSE5=1.26220703125
V_SENSE9=0.0390625
V_SENSE12=0.1123046875
ADC_V5=4.991455078125
ADC_V9=9.168701171875
ADC_V12=11.6644287109375
ADC_V28=27.82470703125
THERMAL_SENS_OUT_1=26
THERMAL_SENS_OUT_2=-50
THERMAL_SENS_OUT_3=30
THERMAL_SENS_OUT_4=27
THERMAL_SENS_OUT_5=35
THERMAL_SENS_OUT_6=-50
THERMAL_SENS_INT_1=26
THERMAL_SENS_INT_2=25
PG_5=0
PG_9=0
PG_12=0
FLT_P2=0
FLT_P3=0
HEAT_1_TEMP=26
HEAT_1_DUTY=0
HEAT_1_SP=-20.0
HEAT_2_TEMP=30
HEAT_2_DUTY=0
HEAT_2_SP=-20.0
HEAT_3_TEMP=27
HEAT_3_DUTY=0
HEAT_3_SP=-20.0
HEAT_4_TEMP=35
HEAT_4_DUTY=0
HEAT_4_SP=-20.0
MOTOR_ANGLE=0.004186046511627906
MOTOR_ACCUM=1.0506976744186047
MOTOR_ROT=2

[12:01:09.224 EBOX]
TS=1786204359.585
V_SENSE5=1.22314453125
V_SENSE9=0.0390625
V_SENSE12=0.1171875
ADC_V5=4.9737548828125
ADC_V9=8.9208984375
ADC_V12=11.717529296875
ADC_V28=27.40875244140625
THERMAL_SENS_OUT_1=28
THERMAL_SENS_OUT_2=-50
THERMAL_SENS_OUT_3=32
THERMAL_SENS_OUT_4=31
THERMAL_SENS_OUT_5=33
THERMAL_SENS_OUT_6=-50
THERMAL_SENS_INT_1=29
THERMAL_SENS_INT_2=26
PG_5=0
PG_9=0
PG_12=0
FLT_P2=0
FLT_P3=0
HEAT_1_TEMP=28
HEAT_1_DUTY=0
HEAT_1_SP=-20.0
HEAT_2_TEMP=32
HEAT_2_DUTY=0
HEAT_2_SP=-20.0
HEAT_3_TEMP=31
HEAT_3_DUTY=0
HEAT_3_SP=-20.0
HEAT_4_TEMP=33
HEAT_4_DUTY=0
HEAT_4_SP=-20.0
MOTOR_ANGLE=0.004186046511627906
MOTOR_ACCUM=1.0506976744186047
MOTOR_ROT=2

[12:01:10.967 EBOX]
TS=1786204360.086
V_SENSE5=1.26708984375
V_SENSE9=0.0341796875
V_SENSE12=0.12451171875
ADC_V5=5.0091552734375
ADC_V9=9.3634033203125
ADC_V12=11.575927734375
ADC_V28=27.7716064453125
THERMAL_SENS_OUT_1=31
THERMAL_SENS_OUT_2=-50
THERMAL_SENS_OUT_3=30
THERMAL_SENS_OUT_4=26
THERMAL_SENS_OUT_5=33
THERMAL_SENS_OUT_6=-50
THERMAL_SENS_INT_1=25
THERMAL_SENS_INT_2=25
PG_5=0
PG_9=0
PG_12=0
FLT_P2=0
FLT_P3=0
HEAT_1_TEMP=31
HEAT_1_DUTY=0
HEAT_1_SP=-20.0
HEAT_2_TEMP=30
HEAT_2_DUTY=0
HEAT_2_SP=-20.0
HEAT_3_TEMP=26
HEAT_3_DUTY=0
HEAT_3_SP=-20.0
HEAT_4_TEMP=33
HEAT_4_DUTY=0
HEAT_4_SP=-20.0
MOTOR_ANGLE=0.004186046511627906
MOTOR_ACCUM=1.0506976744186047
MOTOR_ROT=2
TS=1786204360.588
V_SENSE5=1.3232421875
V_SENSE9=0.0341796875
V_SENSE12=0.1123046875
ADC_V5=4.920654296875
ADC_V9=9.0802001953125
ADC_V12=11.53167724609375
ADC_V28=27.718505859375
THERMAL_SENS_OUT_1=32
THERMAL_SENS_OUT_2=-50
THERMAL_SENS_OUT_3=35
THERMAL_SENS_OUT_4=25
THERMAL_SENS_OUT_5=35
THERMAL_SENS_OUT_6=-50
THERMAL_SENS_INT_1=28
THERMAL_SENS_INT_2=26
PG_5=0
PG_9=0
PG_12=0
FLT_P2=0
FLT_P3=0
HEAT_1_TEMP=32
HEAT_1_DUTY=0
HEAT_1_SP=-20.0
HEAT_2_TEMP=35
HEAT_2_DUTY=0
HEAT_2_SP=-20.0
HEAT_3_TEMP=25
HEAT_3_DUTY=0
HEAT_3_SP=-20.0
HEAT_4_TEMP=35
HEAT_4_DUTY=0
HEAT_4_SP=-20.0
MOTOR_ANGLE=0.004186046511627906
MOTOR_ACCUM=1.0506976744186047
MOTOR_ROT=2

[12:01:12.208 EBOX]
TS=1786204361.095
V_SENSE5=1.220703125
V_SENSE9=0.0390625
V_SENSE12=0.11962890625
ADC_V5=4.82330322265625
ADC_V9=9.41650390625
ADC_V12=11.60247802734375
ADC_V28=27.62115478515625
THERMAL_SENS_OUT_1=27
THERMAL_SENS_OUT_2=-50
THERMAL_SENS_OUT_3=34
THERMAL_SENS_OUT_4=26
THERMAL_SENS_OUT_5=39
THERMAL_SENS_OUT_6=-50
THERMAL_SENS_INT_1=24
THERMAL_SENS_INT_2=25
PG_5=0
PG_9=0
PG_12=0
FLT_P2=0
FLT_P3=0
HEAT_1_TEMP=27
HEAT_1_DUTY=0
HEAT_1_SP=-20.0
HEAT_2_TEMP=34
HEAT_2_DUTY=0
HEAT_2_SP=-20.0
HEAT_3_TEMP=26
HEAT_3_DUTY=0
HEAT_3_SP=-20.0
HEAT_4_TEMP=39
HEAT_4_DUTY=0
HEAT_4_SP=-20.0
MOTOR_ANGLE=0.004186046511627906
MOTOR_ACCUM=1.0506976744186047
MOTOR_ROT=2
TS=1786204361.591
V_SENSE5=1.328125
V_SENSE9=0.03662109375
V_SENSE12=0.126953125
ADC_V5=5.0091552734375
ADC_V9=9.23065185546875
ADC_V12=11.54937744140625
ADC_V28=27.010498046875
THERMAL_SENS_OUT_1=27
THERMAL_SENS_OUT_2=-50
THERMAL_SENS_OUT_3=30
THERMAL_SENS_OUT_4=28
THERMAL_SENS_OUT_5=33
THERMAL_SENS_OUT_6=-50
THERMAL_SENS_INT_1=24
THERMAL_SENS_INT_2=30
PG_5=0
PG_9=0
PG_12=0
FLT_P2=0
FLT_P3=0
HEAT_1_TEMP=27
HEAT_1_DUTY=0
HEAT_1_SP=-20.0
HEAT_2_TEMP=30
HEAT_2_DUTY=0
HEAT_2_SP=-20.0
HEAT_3_TEMP=28
HEAT_3_DUTY=0
HEAT_3_SP=-20.0
HEAT_4_TEMP=33
HEAT_4_DUTY=0
HEAT_4_SP=-20.0
MOTOR_ANGLE=0.004186046511627906
MOTOR_ACCUM=1.0506976744186047
MOTOR_ROT=2

[12:01:12.342 EBOX]
TS=1786204362.093
V_SENSE5=1.240234375
V_SENSE9=0.0390625
V_SENSE12=0.11962890625
ADC_V5=4.8321533203125
ADC_V9=8.85009765625
ADC_V12=11.6644287109375
ADC_V28=27.4176025390625
THERMAL_SENS_OUT_1=28
THERMAL_SENS_OUT_2=-50
THERMAL_SENS_OUT_3=35
THERMAL_SENS_OUT_4=26
THERMAL_SENS_OUT_5=34
THERMAL_SENS_OUT_6=-50
THERMAL_SENS_INT_1=24
THERMAL_SENS_INT_2=28
PG_5=0
PG_9=0
PG_12=0
FLT_P2=0
FLT_P3=0
HEAT_1_TEMP=28
HEAT_1_DUTY=0
HEAT_1_SP=-20.0
HEAT_2_TEMP=35
HEAT_2_DUTY=0
HEAT_2_SP=-20.0
HEAT_3_TEMP=26
HEAT_3_DUTY=0
HEAT_3_SP=-20.0
HEAT_4_TEMP=34
HEAT_4_DUTY=0
HEAT_4_SP=-20.0
MOTOR_ANGLE=0.004186046511627906
MOTOR_ACCUM=1.0506976744186047
MOTOR_ROT=2
TS=1786204362.594
V_SENSE5=1.27197265625
V_SENSE9=0.0341796875
V_SENSE12=0.1123046875
ADC_V5=5.0091552734375
ADC_V9=9.49615478515625
ADC_V12=11.74407958984375
ADC_V28=27.222900390625
THERMAL_SENS_OUT_1=29
THERMAL_SENS_OUT_2=-50
THERMAL_SENS_OUT_3=32
THERMAL_SENS_OUT_4=30
THERMAL_SENS_OUT_5=34
THERMAL_SENS_OUT_6=-50
THERMAL_SENS_INT_1=28
THERMAL_SENS_INT_2=27
PG_5=0
PG_9=0
PG_12=0
FLT_P2=0
FLT_P3=0
HEAT_1_TEMP=29
HEAT_1_DUTY=0
HEAT_1_SP=-20.0
HEAT_2_TEMP=32
HEAT_2_DUTY=0
HEAT_2_SP=-20.0
HEAT_3_TEMP=30
HEAT_3_DUTY=0
HEAT_3_SP=-20.0
HEAT_4_TEMP=34
HEAT_4_DUTY=0
HEAT_4_SP=-20.0
MOTOR_ANGLE=0.004186046511627906
MOTOR_ACCUM=1.0506976744186047
MOTOR_ROT=2

[12:01:12.661 EBOX]
TS=1786204363.096
V_SENSE5=1.2109375
V_SENSE9=0.03662109375
V_SENSE12=0.107421875
ADC_V5=4.8321533203125
ADC_V9=9.1156005859375
ADC_V12=11.575927734375
ADC_V28=27.75390625
THERMAL_SENS_OUT_1=32
THERMAL_SENS_OUT_2=-50
THERMAL_SENS_OUT_3=35
THERMAL_SENS_OUT_4=26
THERMAL_SENS_OUT_5=36
THERMAL_SENS_OUT_6=-50
THERMAL_SENS_INT_1=27
THERMAL_SENS_INT_2=27
PG_5=0
PG_9=0
PG_12=0
FLT_P2=0
FLT_P3=0
HEAT_1_TEMP=32
HEAT_1_DUTY=0
HEAT_1_SP=-20.0
HEAT_2_TEMP=35
HEAT_2_DUTY=0
HEAT_2_SP=-20.0
HEAT_3_TEMP=26
HEAT_3_DUTY=0
HEAT_3_SP=-20.0
HEAT_4_TEMP=36
HEAT_4_DUTY=0
HEAT_4_SP=-20.0
MOTOR_ANGLE=0.004186046511627906
MOTOR_ACCUM=1.0506976744186047
MOTOR_ROT=2

[12:01:13.184 EBOX]
TS=1786204363.599
V_SENSE5=1.2841796875
V_SENSE9=0.0390625
V_SENSE12=0.12451171875
ADC_V5=4.920654296875
ADC_V9=9.62005615234375
ADC_V12=11.72637939453125
ADC_V28=27.96630859375
THERMAL_SENS_OUT_1=27
THERMAL_SENS_OUT_2=-50
THERMAL_SENS_OUT_3=34
THERMAL_SENS_OUT_4=27
THERMAL_SENS_OUT_5=37
THERMAL_SENS_OUT_6=-50
THERMAL_SENS_INT_1=29
THERMAL_SENS_INT_2=26
PG_5=0
PG_9=0
PG_12=0
FLT_P2=0
FLT_P3=0
HEAT_1_TEMP=27
HEAT_1_DUTY=0
HEAT_1_SP=-20.0
HEAT_2_TEMP=34
HEAT_2_DUTY=0
HEAT_2_SP=-20.0
HEAT_3_TEMP=27
HEAT_3_DUTY=0
HEAT_3_SP=-20.0
HEAT_4_TEMP=37
HEAT_4_DUTY=0
HEAT_4_SP=-20.0
MOTOR_ANGLE=0.004186046511627906
MOTOR_ACCUM=1.0506976744186047
MOTOR_ROT=2

[12:01:13.909 EBOX]
TS=1786204364.100
V_SENSE5=1.42578125
V_SENSE9=0.07568359375
V_SENSE12=0.126953125
ADC_V5=4.84100341796875
ADC_V9=9.239501953125
ADC_V12=11.70867919921875
ADC_V28=27.39105224609375
THERMAL_SENS_OUT_1=28
THERMAL_SENS_OUT_2=-50
THERMAL_SENS_OUT_3=33
THERMAL_SENS_OUT_4=26
THERMAL_SENS_OUT_5=32
THERMAL_SENS_OUT_6=-50
THERMAL_SENS_INT_1=28
THERMAL_SENS_INT_2=31
PG_5=0
PG_9=0
PG_12=0
FLT_P2=0
FLT_P3=0
HEAT_1_TEMP=28
HEAT_1_DUTY=0
HEAT_1_SP=-20.0
HEAT_2_TEMP=33
HEAT_2_DUTY=0
HEAT_2_SP=-20.0
HEAT_3_TEMP=26
HEAT_3_DUTY=0
HEAT_3_SP=-20.0
HEAT_4_TEMP=32
HEAT_4_DUTY=0
HEAT_4_SP=-20.0
MOTOR_ANGLE=0.004186046511627906
MOTOR_ACCUM=1.0506976744186047
MOTOR_ROT=2

[12:01:14.430 EBOX]
TS=1786204364.601
V_SENSE5=1.171875
V_SENSE9=0.03662109375
V_SENSE12=0.1171875
ADC_V5=4.814453125
ADC_V9=8.956298828125
ADC_V12=11.8768310546875
ADC_V28=27.081298828125
THERMAL_SENS_OUT_1=27
THERMAL_SENS_OUT_2=-50
THERMAL_SENS_OUT_3=35
THERMAL_SENS_OUT_4=26
THERMAL_SENS_OUT_5=37
THERMAL_SENS_OUT_6=-50
THERMAL_SENS_INT_1=29
THERMAL_SENS_INT_2=26
PG_5=0
PG_9=0
PG_12=0
FLT_P2=0
FLT_P3=0
HEAT_1_TEMP=27
HEAT_1_DUTY=0
HEAT_1_SP=-20.0
HEAT_2_TEMP=35
HEAT_2_DUTY=0
HEAT_2_SP=-20.0
HEAT_3_TEMP=26
HEAT_3_DUTY=0
HEAT_3_SP=-20.0
HEAT_4_TEMP=37
HEAT_4_DUTY=0
HEAT_4_SP=-20.0
MOTOR_ANGLE=0.004186046511627906
MOTOR_ACCUM=1.0506976744186047
MOTOR_ROT=2

[12:01:14.753 EBOX]
TS=1786204365.104
V_SENSE5=1.23291015625
V_SENSE9=0.0439453125
V_SENSE12=0.11962890625
ADC_V5=4.9560546875
ADC_V9=9.2041015625
ADC_V12=11.70867919921875
ADC_V28=27.70965576171875
THERMAL_SENS_OUT_1=27
THERMAL_SENS_OUT_2=-50
THERMAL_SENS_OUT_3=30
THERMAL_SENS_OUT_4=25
THERMAL_SENS_OUT_5=35
THERMAL_SENS_OUT_6=-50
THERMAL_SENS_INT_1=27
THERMAL_SENS_INT_2=25
PG_5=0
PG_9=0
PG_12=0
FLT_P2=0
FLT_P3=0
HEAT_1_TEMP=27
HEAT_1_DUTY=0
HEAT_1_SP=-20.0
HEAT_2_TEMP=30
HEAT_2_DUTY=0
HEAT_2_SP=-20.0
HEAT_3_TEMP=25
HEAT_3_DUTY=0
HEAT_3_SP=-20.0
HEAT_4_TEMP=35
HEAT_4_DUTY=0
HEAT_4_SP=-20.0
MOTOR_ANGLE=0.004186046511627906
MOTOR_ACCUM=1.0506976744186047
MOTOR_ROT=2

[12:01:15.178 EBOX]
TS=1786204365.610
V_SENSE5=1.1328125
V_SENSE9=0.0390625
V_SENSE12=0.1220703125
ADC_V5=4.82330322265625
ADC_V9=9.1156005859375
ADC_V12=11.89453125
ADC_V28=27.0635986328125
THERMAL_SENS_OUT_1=29
THERMAL_SENS_OUT_2=-50
THERMAL_SENS_OUT_3=34
THERMAL_SENS_OUT_4=29
THERMAL_SENS_OUT_5=36
THERMAL_SENS_OUT_6=-50
THERMAL_SENS_INT_1=27
THERMAL_SENS_INT_2=24
PG_5=0
PG_9=0
PG_12=0
FLT_P2=0
FLT_P3=0
HEAT_1_TEMP=29
HEAT_1_DUTY=0
HEAT_1_SP=-20.0
HEAT_2_TEMP=34
HEAT_2_DUTY=0
HEAT_2_SP=-20.0
HEAT_3_TEMP=29
HEAT_3_DUTY=0
HEAT_3_SP=-20.0
HEAT_4_TEMP=36
HEAT_4_DUTY=0
HEAT_4_SP=-20.0
MOTOR_ANGLE=0.004186046511627906
MOTOR_ACCUM=1.0506976744186047
MOTOR_ROT=2

[12:01:15.706 EBOX]
TS=1786204366.107
V_SENSE5=1.3037109375
V_SENSE9=0.03173828125
V_SENSE12=0.1171875
ADC_V5=4.9560546875
ADC_V9=9.47845458984375
ADC_V12=11.5228271484375
ADC_V28=27.6300048828125
THERMAL_SENS_OUT_1=31
THERMAL_SENS_OUT_2=-50
THERMAL_SENS_OUT_3=35
THERMAL_SENS_OUT_4=27
THERMAL_SENS_OUT_5=37
THERMAL_SENS_OUT_6=-50
THERMAL_SENS_INT_1=28
THERMAL_SENS_INT_2=26
PG_5=0
PG_9=0
PG_12=0
FLT_P2=0
FLT_P3=0
HEAT_1_TEMP=31
HEAT_1_DUTY=0
HEAT_1_SP=-20.0
HEAT_2_TEMP=35
HEAT_2_DUTY=0
HEAT_2_SP=-20.0
HEAT_3_TEMP=27
HEAT_3_DUTY=0
HEAT_3_SP=-20.0
HEAT_4_TEMP=37
HEAT_4_DUTY=0
HEAT_4_SP=-20.0
MOTOR_ANGLE=0.004186046511627906
MOTOR_ACCUM=1.0506976744186047
MOTOR_ROT=2

[12:01:16.428 EBOX]
TS=1786204366.608
V_SENSE5=1.34765625
V_SENSE9=0.0390625
V_SENSE12=0.13427734375
ADC_V5=4.92950439453125
ADC_V9=9.30145263671875
ADC_V12=11.4874267578125
ADC_V28=27.49725341796875
THERMAL_SENS_OUT_1=31
THERMAL_SENS_OUT_2=-50
THERMAL_SENS_OUT_3=34
THERMAL_SENS_OUT_4=25
THERMAL_SENS_OUT_5=34
THERMAL_SENS_OUT_6=-50
THERMAL_SENS_INT_1=28
THERMAL_SENS_INT_2=28
PG_5=0
PG_9=0
PG_12=0
FLT_P2=0
FLT_P3=0
HEAT_1_TEMP=31
HEAT_1_DUTY=0
HEAT_1_SP=-20.0
HEAT_2_TEMP=34
HEAT_2_DUTY=0
HEAT_2_SP=-20.0
HEAT_3_TEMP=25
HEAT_3_DUTY=0
HEAT_3_SP=-20.0
HEAT_4_TEMP=34
HEAT_4_DUTY=0
HEAT_4_SP=-20.0
MOTOR_ANGLE=0.004186046511627906
MOTOR_ACCUM=1.0506976744186047
MOTOR_ROT=2

[12:01:16.948 EBOX]
TS=1786204367.109
V_SENSE5=1.26953125
V_SENSE9=0.0390625
V_SENSE12=0.107421875
ADC_V5=5.0091552734375
ADC_V9=8.9385986328125
ADC_V12=11.9476318359375
ADC_V28=27.53265380859375
THERMAL_SENS_OUT_1=28
THERMAL_SENS_OUT_2=-50
THERMAL_SENS_OUT_3=35
THERMAL_SENS_OUT_4=27
THERMAL_SENS_OUT_5=35
THERMAL_SENS_OUT_6=-50
THERMAL_SENS_INT_1=28
THERMAL_SENS_INT_2=25
PG_5=0
PG_9=0
PG_12=0
FLT_P2=0
FLT_P3=0
HEAT_1_TEMP=28
HEAT_1_DUTY=0
HEAT_1_SP=-20.0
HEAT_2_TEMP=35
HEAT_2_DUTY=0
HEAT_2_SP=-20.0
HEAT_3_TEMP=27
HEAT_3_DUTY=0
HEAT_3_SP=-20.0
HEAT_4_TEMP=35
HEAT_4_DUTY=0
HEAT_4_SP=-20.0
MOTOR_ANGLE=0.004186046511627906
MOTOR_ACCUM=1.0506976744186047
MOTOR_ROT=2

[12:01:17.569 EBOX]
TS=1786204367.610
V_SENSE5=1.1865234375
V_SENSE9=0.03662109375
V_SENSE12=0.1123046875
ADC_V5=4.98260498046875
ADC_V9=9.24835205078125
ADC_V12=11.8414306640625
ADC_V28=26.94854736328125
THERMAL_SENS_OUT_1=28
THERMAL_SENS_OUT_2=-50
THERMAL_SENS_OUT_3=35
THERMAL_SENS_OUT_4=27
THERMAL_SENS_OUT_5=37
THERMAL_SENS_OUT_6=-50
THERMAL_SENS_INT_1=25
THERMAL_SENS_INT_2=27
PG_5=0
PG_9=0
PG_12=0
FLT_P2=0
FLT_P3=0
HEAT_1_TEMP=28
HEAT_1_DUTY=0
HEAT_1_SP=-20.0
HEAT_2_TEMP=35
HEAT_2_DUTY=0
HEAT_2_SP=-20.0
HEAT_3_TEMP=27
HEAT_3_DUTY=0
HEAT_3_SP=-20.0
HEAT_4_TEMP=37
HEAT_4_DUTY=0
HEAT_4_SP=-20.0
MOTOR_ANGLE=0.004186046511627906
MOTOR_ACCUM=1.0506976744186047
MOTOR_ROT=2

[12:01:18.096 EBOX]
TS=1786204368.120
V_SENSE5=1.1669921875
V_SENSE9=0.0341796875
V_SENSE12=0.15380859375
ADC_V5=4.82330322265625
ADC_V9=9.027099609375
ADC_V12=11.92108154296875
ADC_V28=27.75390625
THERMAL_SENS_OUT_1=32
THERMAL_SENS_OUT_2=-50
THERMAL_SENS_OUT_3=33
THERMAL_SENS_OUT_4=26
THERMAL_SENS_OUT_5=36
THERMAL_SENS_OUT_6=-50
THERMAL_SENS_INT_1=26
THERMAL_SENS_INT_2=25
PG_5=0
PG_9=0
PG_12=0
FLT_P2=0
FLT_P3=0
HEAT_1_TEMP=32
HEAT_1_DUTY=0
HEAT_1_SP=-20.0
HEAT_2_TEMP=33
HEAT_2_DUTY=0
HEAT_2_SP=-20.0
HEAT_3_TEMP=26
HEAT_3_DUTY=0
HEAT_3_SP=-20.0
HEAT_4_TEMP=36
HEAT_4_DUTY=0
HEAT_4_SP=-20.0
MOTOR_ANGLE=0.004186046511627906
MOTOR_ACCUM=1.0506976744186047
MOTOR_ROT=2

[12:01:18.486 EBOX]
TS=1786204368.613
V_SENSE5=1.20849609375
V_SENSE9=0.03662109375
V_SENSE12=0.1123046875
ADC_V5=4.8321533203125
ADC_V9=8.9031982421875
ADC_V12=11.9122314453125
ADC_V28=27.26715087890625
THERMAL_SENS_OUT_1=26
THERMAL_SENS_OUT_2=-50
THERMAL_SENS_OUT_3=34
THERMAL_SENS_OUT_4=25
THERMAL_SENS_OUT_5=35
THERMAL_SENS_OUT_6=-50
THERMAL_SENS_INT_1=24
THERMAL_SENS_INT_2=30
PG_5=0
PG_9=0
PG_12=0
FLT_P2=0
FLT_P3=0
HEAT_1_TEMP=26
HEAT_1_DUTY=0
HEAT_1_SP=-20.0
HEAT_2_TEMP=34
HEAT_2_DUTY=0
HEAT_2_SP=-20.0
HEAT_3_TEMP=25
HEAT_3_DUTY=0
HEAT_3_SP=-20.0
HEAT_4_TEMP=35
HEAT_4_DUTY=0
HEAT_4_SP=-20.0
MOTOR_ANGLE=0.004186046511627906
MOTOR_ACCUM=1.0506976744186047
MOTOR_ROT=2

[12:01:18.706 EBOX]
TS=1786204369.116
V_SENSE5=1.2939453125
V_SENSE9=0.0341796875
V_SENSE12=0.11474609375
ADC_V5=4.849853515625
ADC_V9=9.27490234375
ADC_V12=11.68212890625
ADC_V28=27.65655517578125
THERMAL_SENS_OUT_1=26
THERMAL_SENS_OUT_2=-50
THERMAL_SENS_OUT_3=34
THERMAL_SENS_OUT_4=27
THERMAL_SENS_OUT_5=33
THERMAL_SENS_OUT_6=-50
THERMAL_SENS_INT_1=24
THERMAL_SENS_INT_2=30
PG_5=0
PG_9=0
PG_12=0
FLT_P2=0
FLT_P3=0
HEAT_1_TEMP=26
HEAT_1_DUTY=0
HEAT_1_SP=-20.0
HEAT_2_TEMP=34
HEAT_2_DUTY=0
HEAT_2_SP=-20.0
HEAT_3_TEMP=27
HEAT_3_DUTY=0
HEAT_3_SP=-20.0
HEAT_4_TEMP=33
HEAT_4_DUTY=0
HEAT_4_SP=-20.0
MOTOR_ANGLE=0.004186046511627906
MOTOR_ACCUM=1.0506976744186047
MOTOR_ROT=2

[12:01:19.330 EBOX]
TS=1786204369.616
V_SENSE5=1.44287109375
V_SENSE9=0.0341796875
V_SENSE12=0.107421875
ADC_V5=4.82330322265625
ADC_V9=9.07135009765625
ADC_V12=11.5936279296875
ADC_V28=27.69195556640625
THERMAL_SENS_OUT_1=33
THERMAL_SENS_OUT_2=-50
THERMAL_SENS_OUT_3=35
THERMAL_SENS_OUT_4=26
THERMAL_SENS_OUT_5=36
THERMAL_SENS_OUT_6=-50
THERMAL_SENS_INT_1=25
THERMAL_SENS_INT_2=29
PG_5=0
PG_9=0
PG_12=0
FLT_P2=0
FLT_P3=0
HEAT_1_TEMP=33
HEAT_1_DUTY=0
HEAT_1_SP=-20.0
HEAT_2_TEMP=35
HEAT_2_DUTY=0
HEAT_2_SP=-20.0
HEAT_3_TEMP=26
HEAT_3_DUTY=0
HEAT_3_SP=-20.0
HEAT_4_TEMP=36
HEAT_4_DUTY=0
HEAT_4_SP=-20.0
MOTOR_ANGLE=0.004186046511627906
MOTOR_ACCUM=1.0506976744186047
MOTOR_ROT=2

[12:01:19.753 EBOX]
TS=1786204370.118
V_SENSE5=1.3818359375
V_SENSE9=0.0390625
V_SENSE12=0.126953125
ADC_V5=4.9737548828125
ADC_V9=9.5404052734375
ADC_V12=11.67327880859375
ADC_V28=27.82470703125
THERMAL_SENS_OUT_1=27
THERMAL_SENS_OUT_2=-50
THERMAL_SENS_OUT_3=30
THERMAL_SENS_OUT_4=29
THERMAL_SENS_OUT_5=32
THERMAL_SENS_OUT_6=-50
THERMAL_SENS_INT_1=28
THERMAL_SENS_INT_2=29
PG_5=0
PG_9=0
PG_12=0
FLT_P2=0
FLT_P3=0
HEAT_1_TEMP=27
HEAT_1_DUTY=0
HEAT_1_SP=-20.0
HEAT_2_TEMP=30
HEAT_2_DUTY=0
HEAT_2_SP=-20.0
HEAT_3_TEMP=29
HEAT_3_DUTY=0
HEAT_3_SP=-20.0
HEAT_4_TEMP=32
HEAT_4_DUTY=0
HEAT_4_SP=-20.0
MOTOR_ANGLE=0.004186046511627906
MOTOR_ACCUM=1.0506976744186047
MOTOR_ROT=2

[12:01:21.828 EBOX]
TS=1786204370.620
V_SENSE5=1.29150390625
V_SENSE9=0.07568359375
V_SENSE12=0.10498046875
ADC_V5=4.8321533203125
ADC_V9=9.1864013671875
ADC_V12=11.77947998046875
ADC_V28=27.6654052734375
THERMAL_SENS_OUT_1=32
THERMAL_SENS_OUT_2=-50
THERMAL_SENS_OUT_3=31
THERMAL_SENS_OUT_4=30
THERMAL_SENS_OUT_5=33
THERMAL_SENS_OUT_6=-50
THERMAL_SENS_INT_1=25
THERMAL_SENS_INT_2=27
PG_5=0
PG_9=0
PG_12=0
FLT_P2=0
FLT_P3=0
HEAT_1_TEMP=32
HEAT_1_DUTY=0
HEAT_1_SP=-20.0
HEAT_2_TEMP=31
HEAT_2_DUTY=0
HEAT_2_SP=-20.0
HEAT_3_TEMP=30
HEAT_3_DUTY=0
HEAT_3_SP=-20.0
HEAT_4_TEMP=33
HEAT_4_DUTY=0
HEAT_4_SP=-20.0
MOTOR_ANGLE=0.004186046511627906
MOTOR_ACCUM=1.0506976744186047
MOTOR_ROT=2
TS=1786204371.122
V_SENSE5=1.2451171875
V_SENSE9=0.0341796875
V_SENSE12=0.1171875
ADC_V5=4.89410400390625
ADC_V9=8.779296875
ADC_V12=11.92108154296875
ADC_V28=27.2406005859375
THERMAL_SENS_OUT_1=26
THERMAL_SENS_OUT_2=-50
THERMAL_SENS_OUT_3=35
THERMAL_SENS_OUT_4=28
THERMAL_SENS_OUT_5=34
THERMAL_SENS_OUT_6=-50
THERMAL_SENS_INT_1=28
THERMAL_SENS_INT_2=31
PG_5=0
PG_9=0
PG_12=0
FLT_P2=0
FLT_P3=0
HEAT_1_TEMP=26
HEAT_1_DUTY=0
HEAT_1_SP=-20.0
HEAT_2_TEMP=35
HEAT_2_DUTY=0
HEAT_2_SP=-20.0
HEAT_3_TEMP=28
HEAT_3_DUTY=0
HEAT_3_SP=-20.0
HEAT_4_TEMP=34
HEAT_4_DUTY=0
HEAT_4_SP=-20.0
MOTOR_ANGLE=0.004186046511627906
MOTOR_ACCUM=1.0506976744186047
MOTOR_ROT=2

[12:01:21.982 EBOX]
TS=1786204371.622
V_SENSE5=1.220703125
V_SENSE9=0.0341796875
V_SENSE12=0.126953125
ADC_V5=4.89410400390625
ADC_V9=9.4873046875
ADC_V12=11.63787841796875
ADC_V28=27.85125732421875
THERMAL_SENS_OUT_1=31
THERMAL_SENS_OUT_2=-50
THERMAL_SENS_OUT_3=33
THERMAL_SENS_OUT_4=26
THERMAL_SENS_OUT_5=32
THERMAL_SENS_OUT_6=-50
THERMAL_SENS_INT_1=23
THERMAL_SENS_INT_2=29
PG_5=0
PG_9=0
PG_12=0
FLT_P2=0
FLT_P3=0
HEAT_1_TEMP=31
HEAT_1_DUTY=0
HEAT_1_SP=-20.0
HEAT_2_TEMP=33
HEAT_2_DUTY=0
HEAT_2_SP=-20.0
HEAT_3_TEMP=26
HEAT_3_DUTY=0
HEAT_3_SP=-20.0
HEAT_4_TEMP=32
HEAT_4_DUTY=0
HEAT_4_SP=-20.0
MOTOR_ANGLE=0.004186046511627906
MOTOR_ACCUM=1.0506976744186047
MOTOR_ROT=2
TS=1786204372.124
V_SENSE5=1.24267578125
V_SENSE9=0.05615234375
V_SENSE12=0.1171875
ADC_V5=4.82330322265625
ADC_V9=9.1156005859375
ADC_V12=11.54052734375
ADC_V28=27.7008056640625
THERMAL_SENS_OUT_1=31
THERMAL_SENS_OUT_2=-50
THERMAL_SENS_OUT_3=31
THERMAL_SENS_OUT_4=30
THERMAL_SENS_OUT_5=32
THERMAL_SENS_OUT_6=-50
THERMAL_SENS_INT_1=23
THERMAL_SENS_INT_2=25
PG_5=0
PG_9=0
PG_12=0
FLT_P2=0
FLT_P3=0
HEAT_1_TEMP=31
HEAT_1_DUTY=0
HEAT_1_SP=-20.0
HEAT_2_TEMP=31
HEAT_2_DUTY=0
HEAT_2_SP=-20.0
HEAT_3_TEMP=30
HEAT_3_DUTY=0
HEAT_3_SP=-20.0
HEAT_4_TEMP=32
HEAT_4_DUTY=0
HEAT_4_SP=-20.0
MOTOR_ANGLE=0.004186046511627906
MOTOR_ACCUM=1.0506976744186047
MOTOR_ROT=2

[12:01:22.204 EBOX]
TS=1786204372.631
V_SENSE5=1.36474609375
V_SENSE9=0.0390625
V_SENSE12=0.10986328125
ADC_V5=4.991455078125
ADC_V9=9.62890625
ADC_V12=11.97418212890625
ADC_V28=27.78045654296875
THERMAL_SENS_OUT_1=27
THERMAL_SENS_OUT_2=-50
THERMAL_SENS_OUT_3=36
THERMAL_SENS_OUT_4=25
THERMAL_SENS_OUT_5=33
THERMAL_SENS_OUT_6=-50
THERMAL_SENS_INT_1=28
THERMAL_SENS_INT_2=27
PG_5=0
PG_9=0
PG_12=0
FLT_P2=0
FLT_P3=0
HEAT_1_TEMP=27
HEAT_1_DUTY=0
HEAT_1_SP=-20.0
HEAT_2_TEMP=36
HEAT_2_DUTY=0
HEAT_2_SP=-20.0
HEAT_3_TEMP=25
HEAT_3_DUTY=0
HEAT_3_SP=-20.0
HEAT_4_TEMP=33
HEAT_4_DUTY=0
HEAT_4_SP=-20.0
MOTOR_ANGLE=0.004186046511627906
MOTOR_ACCUM=1.0506976744186047
MOTOR_ROT=2

[12:01:23.061 EBOX]
TS=1786204373.127
V_SENSE5=1.34033203125
V_SENSE9=0.03662109375
V_SENSE12=0.1123046875
ADC_V5=4.9383544921875
ADC_V9=9.27490234375
ADC_V12=11.859130859375
ADC_V28=27.9840087890625
THERMAL_SENS_OUT_1=26
THERMAL_SENS_OUT_2=-50
THERMAL_SENS_OUT_3=35
THERMAL_SENS_OUT_4=25
THERMAL_SENS_OUT_5=33
THERMAL_SENS_OUT_6=-50
THERMAL_SENS_INT_1=30
THERMAL_SENS_INT_2=31
PG_5=0
PG_9=0
PG_12=0
FLT_P2=0
FLT_P3=0
HEAT_1_TEMP=26
HEAT_1_DUTY=0
HEAT_1_SP=-20.0
HEAT_2_TEMP=35
HEAT_2_DUTY=0
HEAT_2_SP=-20.0
HEAT_3_TEMP=25
HEAT_3_DUTY=0
HEAT_3_SP=-20.0
HEAT_4_TEMP=33
HEAT_4_DUTY=0
HEAT_4_SP=-20.0
MOTOR_ANGLE=0.004186046511627906
MOTOR_ACCUM=1.0506976744186047
MOTOR_ROT=2

[12:01:23.284 EBOX]
TS=1786204373.628
V_SENSE5=1.25
V_SENSE9=0.0390625
V_SENSE12=0.1171875
ADC_V5=4.9560546875
ADC_V9=8.814697265625
ADC_V12=11.8414306640625
ADC_V28=27.0458984375
THERMAL_SENS_OUT_1=28
THERMAL_SENS_OUT_2=-50
THERMAL_SENS_OUT_3=33
THERMAL_SENS_OUT_4=27
THERMAL_SENS_OUT_5=35
THERMAL_SENS_OUT_6=-50
THERMAL_SENS_INT_1=25
THERMAL_SENS_INT_2=31
PG_5=0
PG_9=0
PG_12=0
FLT_P2=0
FLT_P3=0
HEAT_1_TEMP=28
HEAT_1_DUTY=0
HEAT_1_SP=-20.0
HEAT_2_TEMP=33
HEAT_2_DUTY=0
HEAT_2_SP=-20.0
HEAT_3_TEMP=27
HEAT_3_DUTY=0
HEAT_3_SP=-20.0
HEAT_4_TEMP=35
HEAT_4_DUTY=0
HEAT_4_SP=-20.0
MOTOR_ANGLE=0.004186046511627906
MOTOR_ACCUM=1.0506976744186047
MOTOR_ROT=2

[12:01:27.662 EBOX]
TS=1786204374.130
V_SENSE5=1.27197265625
V_SENSE9=0.0390625
V_SENSE12=0.14404296875
ADC_V5=5.0091552734375
ADC_V9=9.3634033203125
ADC_V12=11.54052734375
ADC_V28=27.96630859375
THERMAL_SENS_OUT_1=29
THERMAL_SENS_OUT_2=-50
THERMAL_SENS_OUT_3=35
THERMAL_SENS_OUT_4=27
THERMAL_SENS_OUT_5=33
THERMAL_SENS_OUT_6=-50
THERMAL_SENS_INT_1=24
THERMAL_SENS_INT_2=30
PG_5=0
PG_9=0
PG_12=0
FLT_P2=0
FLT_P3=0
HEAT_1_TEMP=29
HEAT_1_DUTY=0
HEAT_1_SP=-20.0
HEAT_2_TEMP=35
HEAT_2_DUTY=0
HEAT_2_SP=-20.0
HEAT_3_TEMP=27
HEAT_3_DUTY=0
HEAT_3_SP=-20.0
HEAT_4_TEMP=33
HEAT_4_DUTY=0
HEAT_4_SP=-20.0
MOTOR_ANGLE=0.004186046511627906
MOTOR_ACCUM=1.0506976744186047
MOTOR_ROT=2
TS=1786204374.630
V_SENSE5=1.279296875
V_SENSE9=0.0390625
V_SENSE12=0.1171875
ADC_V5=4.91180419921875
ADC_V9=9.2041015625
ADC_V12=11.5228271484375
ADC_V28=27.67425537109375
THERMAL_SENS_OUT_1=32
THERMAL_SENS_OUT_2=-50
THERMAL_SENS_OUT_3=36
THERMAL_SENS_OUT_4=27
THERMAL_SENS_OUT_5=38
THERMAL_SENS_OUT_6=-50
THERMAL_SENS_INT_1=28
THERMAL_SENS_INT_2=26
PG_5=0
PG_9=0
PG_12=0
FLT_P2=0
FLT_P3=0
HEAT_1_TEMP=32
HEAT_1_DUTY=0
HEAT_1_SP=-20.0
HEAT_2_TEMP=36
HEAT_2_DUTY=0
HEAT_2_SP=-20.0
HEAT_3_TEMP=27
HEAT_3_DUTY=0
HEAT_3_SP=-20.0
HEAT_4_TEMP=38
HEAT_4_DUTY=0
HEAT_4_SP=-20.0
MOTOR_ANGLE=0.004186046511627906
MOTOR_ACCUM=1.0506976744186047
MOTOR_ROT=2

[12:01:28.048 EBOX]
TS=1786204375.140
V_SENSE5=1.1669921875
V_SENSE9=0.0341796875
V_SENSE12=0.107421875
ADC_V5=4.85870361328125
ADC_V9=9.49615478515625
ADC_V12=11.717529296875
ADC_V28=26.8511962890625
THERMAL_SENS_OUT_1=28
THERMAL_SENS_OUT_2=-50
THERMAL_SENS_OUT_3=32
THERMAL_SENS_OUT_4=32
THERMAL_SENS_OUT_5=34
THERMAL_SENS_OUT_6=-50
THERMAL_SENS_INT_1=23
THERMAL_SENS_INT_2=29
PG_5=0
PG_9=0
PG_12=0
FLT_P2=0
FLT_P3=0
HEAT_1_TEMP=28
HEAT_1_DUTY=0
HEAT_1_SP=-20.0
HEAT_2_TEMP=32
HEAT_2_DUTY=0
HEAT_2_SP=-20.0
HEAT_3_TEMP=32
HEAT_3_DUTY=0
HEAT_3_SP=-20.0
HEAT_4_TEMP=34
HEAT_4_DUTY=0
HEAT_4_SP=-20.0
MOTOR_ANGLE=0.004186046511627906
MOTOR_ACCUM=1.0506976744186047
MOTOR_ROT=2
TS=1786204375.634
V_SENSE5=1.3623046875
V_SENSE9=0.0341796875
V_SENSE12=0.13671875
ADC_V5=4.9737548828125
ADC_V9=9.41650390625
ADC_V12=11.717529296875
ADC_V28=27.8424072265625
THERMAL_SENS_OUT_1=31
THERMAL_SENS_OUT_2=-50
THERMAL_SENS_OUT_3=31
THERMAL_SENS_OUT_4=27
THERMAL_SENS_OUT_5=33
THERMAL_SENS_OUT_6=-50
THERMAL_SENS_INT_1=26
THERMAL_SENS_INT_2=27
PG_5=0
PG_9=0
PG_12=0
FLT_P2=0
FLT_P3=0
HEAT_1_TEMP=31
HEAT_1_DUTY=0
HEAT_1_SP=-20.0
HEAT_2_TEMP=31
HEAT_2_DUTY=0
HEAT_2_SP=-20.0
HEAT_3_TEMP=27
HEAT_3_DUTY=0
HEAT_3_SP=-20.0
HEAT_4_TEMP=33
HEAT_4_DUTY=0
HEAT_4_SP=-20.0
MOTOR_ANGLE=0.004186046511627906
MOTOR_ACCUM=1.0506976744186047
MOTOR_ROT=2
TS=1786204376.135
V_SENSE5=1.1962890625
V_SENSE9=0.05615234375
V_SENSE12=0.11962890625
ADC_V5=4.849853515625
ADC_V9=9.1156005859375

[12:01:28.197 EBOX]
ADC_V12=11.5936279296875
ADC_V28=27.14324951171875
THERMAL_SENS_OUT_1=27
THERMAL_SENS_OUT_2=-50
THERMAL_SENS_OUT_3=32
THERMAL_SENS_OUT_4=31
THERMAL_SENS_OUT_5=33
THERMAL_SENS_OUT_6=-50
THERMAL_SENS_INT_1=25
THERMAL_SENS_INT_2=30
PG_5=0
PG_9=0
PG_12=0
FLT_P2=0
FLT_P3=0
HEAT_1_TEMP=27
HEAT_1_DUTY=0
HEAT_1_SP=-20.0
HEAT_2_TEMP=32
HEAT_2_DUTY=0
HEAT_2_SP=-20.0
HEAT_3_TEMP=31
HEAT_3_DUTY=0
HEAT_3_SP=-20.0
HEAT_4_TEMP=33
HEAT_4_DUTY=0
HEAT_4_SP=-20.0
MOTOR_ANGLE=0.004186046511627906
MOTOR_ACCUM=1.0506976744186047
MOTOR_ROT=2
TS=1786204376.639
V_SENSE5=1.298828125
V_SENSE9=0.06591796875
V_SENSE12=0.107421875
ADC_V5=4.88525390625
ADC_V9=9.33685302734375
ADC_V12=11.65557861328125
ADC_V28=27.24945068359375
THERMAL_SENS_OUT_1=27
THERMAL_SENS_OUT_2=-50
THERMAL_SENS_OUT_3=30
THERMAL_SENS_OUT_4=25
THERMAL_SENS_OUT_5=33
THERMAL_SENS_OUT_6=-50
THERMAL_SENS_INT_1=24
THERMAL_SENS_INT_2=26
PG_5=0
PG_9=0
PG_12=0
FLT_P2=0
FLT_P3=0
HEAT_1_TEMP=27
HEAT_1_DUTY=0
HEAT_1_SP=-20.0
HEAT_2_TEMP=30
HEAT_2_DUTY=0
HEAT_2_SP=-20.0
HEAT_3_TEMP=25
HEAT_3_DUTY=0
HEAT_3_SP=-20.0
HEAT_4_TEMP=33
HEAT_4_DUTY=0
HEAT_4_SP=-20.0
MOTOR_ANGLE=0.004186046511627906
MOTOR_ACCUM=1.0506976744186047
MOTOR_ROT=2
TS=1786204377.138
V_SENSE5=1.28173828125
V_SENSE9=0.03662109375
V_SENSE12=0.10986328125
ADC_V5=4.84100341796875
ADC_V9=9.239501953125
ADC_V12=11.7352294921875
ADC_V28=27.05474853515625
THERMAL_SENS_OUT_1=26
THERMAL_SENS_OUT_2=-50
THERMAL_SENS_OUT_3=36
THERMAL_SENS_OUT_4=25

[12:01:30.625 EBOX]
THERMAL_SENS_OUT_5=34
THERMAL_SENS_OUT_6=-50
THERMAL_SENS_INT_1=28
THERMAL_SENS_INT_2=25
PG_5=0
PG_9=0
PG_12=0
FLT_P2=0
FLT_P3=0
HEAT_1_TEMP=26
HEAT_1_DUTY=0
HEAT_1_SP=-20.0
HEAT_2_TEMP=36
HEAT_2_DUTY=0
HEAT_2_SP=-20.0
HEAT_3_TEMP=25
HEAT_3_DUTY=0
HEAT_3_SP=-20.0
HEAT_4_TEMP=34
HEAT_4_DUTY=0
HEAT_4_SP=-20.0
MOTOR_ANGLE=0.004186046511627906
MOTOR_ACCUM=1.0506976744186047
MOTOR_ROT=2
TS=1786204377.639
V_SENSE5=1.2841796875
V_SENSE9=0.0341796875
V_SENSE12=0.1123046875
ADC_V5=4.94720458984375
ADC_V9=8.77044677734375
ADC_V12=11.90338134765625
ADC_V28=27.10784912109375
THERMAL_SENS_OUT_1=27
THERMAL_SENS_OUT_2=-50
THERMAL_SENS_OUT_3=32
THERMAL_SENS_OUT_4=27
THERMAL_SENS_OUT_5=33
THERMAL_SENS_OUT_6=-50
THERMAL_SENS_INT_1=27
THERMAL_SENS_INT_2=25
PG_5=0
PG_9=0
PG_12=0
FLT_P2=0
FLT_P3=0
HEAT_1_TEMP=27
HEAT_1_DUTY=0
HEAT_1_SP=-20.0
HEAT_2_TEMP=32
HEAT_2_DUTY=0
HEAT_2_SP=-20.0
HEAT_3_TEMP=27
HEAT_3_DUTY=0
HEAT_3_SP=-20.0
HEAT_4_TEMP=33
HEAT_4_DUTY=0
HEAT_4_SP=-20.0
MOTOR_ANGLE=0.004186046511627906
MOTOR_ACCUM=1.0506976744186047
MOTOR_ROT=2
TS=1786204378.140
V_SENSE5=1.20361328125
V_SENSE9=0.0390625
V_SENSE12=0.12451171875
ADC_V5=4.82330322265625
ADC_V9=9.3634033203125
ADC_V12=11.79718017578125
ADC_V28=27.58575439453125
THERMAL_SENS_OUT_1=28
THERMAL_SENS_OUT_2=-50
THERMAL_SENS_OUT_3=32
THERMAL_SENS_OUT_4=26
THERMAL_SENS_OUT_5=33
THERMAL_SENS_OUT_6=-50
THERMAL_SENS_INT_1=28
THERMAL_SENS_INT_2=26
PG_5=0
PG_9=0
PG_12=0
FLT_P2=0
FLT_P3=0
HEAT_1_TEMP=28
HEAT_1_DUTY=0
HEAT_1_SP=-20.0
HEAT_2_TEMP=32
HEAT_2_DUTY=0
HEAT_2_SP=-20.0
HEAT_3_TEMP=26
HEAT_3_DUTY=0
HEAT_3_SP=-20.0
HEAT_4_TEMP=33
HEAT_4_DUTY=0
HEAT_4_SP=-20.0
MOTOR_ANGLE=0.004186046511627906
MOTOR_ACCUM=1.0506976744186047
MOTOR_ROT=2
TS=1786204378.642
V_SENSE5=1.4013671875
V_SENSE9=0.03173828125
V_SENSE12=0.10986328125
ADC_V5=5.00030517578125
ADC_V9=9.07135009765625
ADC_V12=11.6644287109375
ADC_V28=27.09014892578125
THERMAL_SENS_OUT_1=28
THERMAL_SENS_OUT_2=-50
THERMAL_SENS_OUT_3=36
THERMAL_SENS_OUT_4=26
THERMAL_SENS_OUT_5=36
THERMAL_SENS_OUT_6=-50
THERMAL_SENS_INT_1=23
THERMAL_SENS_INT_2=29
PG_5=0
PG_9=0
PG_12=0
FLT_P2=0
FLT_P3=0
HEAT_1_TEMP=28
HEAT_1_DUTY=0
HEAT_1_SP=-20.0
HEAT_2_TEMP=36
HEAT_2_DUTY=0
HEAT_2_SP=-20.0
HEAT_3_TEMP=26
HEAT_3_DUTY=0
HEAT_3_SP=-20.0
HEAT_4_TEMP=36
HEAT_4_DUTY=0
HEAT_4_SP=-20.0
MOTOR_ANGLE=0.004186046511627906
MOTOR_ACCUM=1.0506976744186047
MOTOR_ROT=2
TS=1786204379.143
V_SENSE5=1.19140625
V_SENSE9=0.0390625
V_SENSE12=0.1220703125
ADC_V5=4.9560546875
ADC_V9=9.239501953125
ADC_V12=11.83258056640625
ADC_V28=27.14324951171875
THERMAL_SENS_OUT_1=27
THERMAL_SENS_OUT_2=-50
THERMAL_SENS_OUT_3=30
THERMAL_SENS_OUT_4=29
THERMAL_SENS_OUT_5=31
THERMAL_SENS_OUT_6=-50
THERMAL_SENS_INT_1=27
THERMAL_SENS_INT_2=25
PG_5=0
PG_9=0
PG_12=0
FLT_P2=0
FLT_P3=0
HEAT_1_TEMP=27
HEAT_1_DUTY=0
HEAT_1_SP=-20.0
HEAT_2_TEMP=30
HEAT_2_DUTY=0
HEAT_2_SP=-20.0
HEAT_3_TEMP=29
HEAT_3_DUTY=0
HEAT_3_SP=-20.0
HEAT_4_TEMP=31
HEAT_4_DUTY=0
HEAT_4_SP=-20.0
MOTOR_ANGLE=0.004186046511627906
MOTOR_ACCUM=1.0506976744186047
MOTOR_ROT=2

[12:01:31.306 EBOX]
TS=1786204379.653
V_SENSE5=1.328125
V_SENSE9=0.0341796875
V_SENSE12=0.15380859375
ADC_V5=4.84100341796875
ADC_V9=9.2218017578125
ADC_V12=11.5228271484375
ADC_V28=27.01934814453125
THERMAL_SENS_OUT_1=27
THERMAL_SENS_OUT_2=-50
THERMAL_SENS_OUT_3=33
THERMAL_SENS_OUT_4=25
THERMAL_SENS_OUT_5=39
THERMAL_SENS_OUT_6=-50
THERMAL_SENS_INT_1=29
THERMAL_SENS_INT_2=28
PG_5=0
PG_9=0
PG_12=0
FLT_P2=0
FLT_P3=0
HEAT_1_TEMP=27
HEAT_1_DUTY=0
HEAT_1_SP=-20.0
HEAT_2_TEMP=33
HEAT_2_DUTY=0
HEAT_2_SP=-20.0
HEAT_3_TEMP=25
HEAT_3_DUTY=0
HEAT_3_SP=-20.0
HEAT_4_TEMP=39
HEAT_4_DUTY=0
HEAT_4_SP=-20.0
MOTOR_ANGLE=0.004186046511627906
MOTOR_ACCUM=1.0506976744186047
MOTOR_ROT=2
TS=1786204380.147
V_SENSE5=1.21826171875
V_SENSE9=0.0341796875
V_SENSE12=0.1171875
ADC_V5=5.03570556640625
ADC_V9=8.743896484375
ADC_V12=11.88568115234375
ADC_V28=27.4530029296875
THERMAL_SENS_OUT_1=32
THERMAL_SENS_OUT_2=-50
THERMAL_SENS_OUT_3=33
THERMAL_SENS_OUT_4=25
THERMAL_SENS_OUT_5=33
THERMAL_SENS_OUT_6=-50
THERMAL_SENS_INT_1=29
THERMAL_SENS_INT_2=28
PG_5=0
PG_9=0
PG_12=0
FLT_P2=0
FLT_P3=0
HEAT_1_TEMP=32
HEAT_1_DUTY=0
HEAT_1_SP=-20.0
HEAT_2_TEMP=33
HEAT_2_DUTY=0
HEAT_2_SP=-20.0
HEAT_3_TEMP=25
HEAT_3_DUTY=0
HEAT_3_SP=-20.0
HEAT_4_TEMP=33
HEAT_4_DUTY=0
HEAT_4_SP=-20.0
MOTOR_ANGLE=0.004186046511627906
MOTOR_ACCUM=1.0506976744186047
MOTOR_ROT=2
TS=1786204380.648
V_SENSE5=1.201171875
V_SENSE9=0.03662109375
V_SENSE12=0.11962890625
ADC_V5=4.814453125
ADC_V9=9.33685302734375

[12:01:36.038 EBOX]
ADC_V12=11.7352294921875
ADC_V28=27.78045654296875
THERMAL_SENS_OUT_1=31
THERMAL_SENS_OUT_2=-50
THERMAL_SENS_OUT_3=36
THERMAL_SENS_OUT_4=28
THERMAL_SENS_OUT_5=33
THERMAL_SENS_OUT_6=-50
THERMAL_SENS_INT_1=28
THERMAL_SENS_INT_2=26
PG_5=0
PG_9=0
PG_12=0
FLT_P2=0
FLT_P3=0
HEAT_1_TEMP=31
HEAT_1_DUTY=0
HEAT_1_SP=-20.0
HEAT_2_TEMP=36
HEAT_2_DUTY=0
HEAT_2_SP=-20.0
HEAT_3_TEMP=28
HEAT_3_DUTY=0
HEAT_3_SP=-20.0
HEAT_4_TEMP=33
HEAT_4_DUTY=0
HEAT_4_SP=-20.0
MOTOR_ANGLE=0.004186046511627906
MOTOR_ACCUM=1.0506976744186047
MOTOR_ROT=2
TS=1786204381.149
V_SENSE5=1.2353515625
V_SENSE9=0.0390625
V_SENSE12=0.12451171875
ADC_V5=4.991455078125
ADC_V9=9.1510009765625
ADC_V12=11.53167724609375
ADC_V28=27.72735595703125
THERMAL_SENS_OUT_1=32
THERMAL_SENS_OUT_2=-50
THERMAL_SENS_OUT_3=35
THERMAL_SENS_OUT_4=26
THERMAL_SENS_OUT_5=37
THERMAL_SENS_OUT_6=-50
THERMAL_SENS_INT_1=29
THERMAL_SENS_INT_2=26
PG_5=0
PG_9=0
PG_12=0
FLT_P2=0
FLT_P3=0
HEAT_1_TEMP=32
HEAT_1_DUTY=0
HEAT_1_SP=-20.0
HEAT_2_TEMP=35
HEAT_2_DUTY=0
HEAT_2_SP=-20.0
HEAT_3_TEMP=26
HEAT_3_DUTY=0
HEAT_3_SP=-20.0
HEAT_4_TEMP=37
HEAT_4_DUTY=0
HEAT_4_SP=-20.0
MOTOR_ANGLE=0.004186046511627906
MOTOR_ACCUM=1.0506976744186047
MOTOR_ROT=2
TS=1786204381.650
V_SENSE5=1.1962890625
V_SENSE9=0.0341796875
V_SENSE12=0.1123046875
ADC_V5=4.9383544921875
ADC_V9=8.9739990234375
ADC_V12=11.62017822265625
ADC_V28=27.82470703125
THERMAL_SENS_OUT_1=27
THERMAL_SENS_OUT_2=-50
THERMAL_SENS_OUT_3=30
THERMAL_SENS_OUT_4=25
THERMAL_SENS_OUT_5=35
THERMAL_SENS_OUT_6=-50
THERMAL_SENS_INT_1=26
THERMAL_SENS_INT_2=26
PG_5=0
PG_9=0
PG_12=0
FLT_P2=0
FLT_P3=0
HEAT_1_TEMP=27
HEAT_1_DUTY=0
HEAT_1_SP=-20.0
HEAT_2_TEMP=30
HEAT_2_DUTY=0
HEAT_2_SP=-20.0
HEAT_3_TEMP=25
HEAT_3_DUTY=0
HEAT_3_SP=-20.0
HEAT_4_TEMP=35
HEAT_4_DUTY=0
HEAT_4_SP=-20.0
MOTOR_ANGLE=0.004186046511627906
MOTOR_ACCUM=1.0506976744186047
MOTOR_ROT=2
TS=1786204382.157
V_SENSE5=1.11572265625
V_SENSE9=0.0341796875
V_SENSE12=0.1220703125
ADC_V5=5.00030517578125
ADC_V9=9.37225341796875

[12:01:38.210 EBOX]
ADC_V12=11.97418212890625
ADC_V28=27.293701171875
THERMAL_SENS_OUT_1=33
THERMAL_SENS_OUT_2=-50
THERMAL_SENS_OUT_3=31
THERMAL_SENS_OUT_4=26
THERMAL_SENS_OUT_5=35
THERMAL_SENS_OUT_6=-50
THERMAL_SENS_INT_1=29
THERMAL_SENS_INT_2=25
PG_5=0
PG_9=0
PG_12=0
FLT_P2=0
FLT_P3=0
HEAT_1_TEMP=33
HEAT_1_DUTY=0
HEAT_1_SP=-20.0
HEAT_2_TEMP=31
HEAT_2_DUTY=0
HEAT_2_SP=-20.0
HEAT_3_TEMP=26
HEAT_3_DUTY=0
HEAT_3_SP=-20.0
HEAT_4_TEMP=35
HEAT_4_DUTY=0
HEAT_4_SP=-20.0
MOTOR_ANGLE=0.004186046511627906
MOTOR_ACCUM=1.0506976744186047
MOTOR_ROT=2
TS=1786204382.654
V_SENSE5=1.396484375
V_SENSE9=0.0390625
V_SENSE12=0.1123046875
ADC_V5=4.87640380859375
ADC_V9=9.10675048828125
ADC_V12=11.56707763671875
ADC_V28=27.718505859375
THERMAL_SENS_OUT_1=31
THERMAL_SENS_OUT_2=-50
THERMAL_SENS_OUT_3=30
THERMAL_SENS_OUT_4=28
THERMAL_SENS_OUT_5=35
THERMAL_SENS_OUT_6=-50
THERMAL_SENS_INT_1=25
THERMAL_SENS_INT_2=31
PG_5=0
PG_9=0
PG_12=0
FLT_P2=0
FLT_P3=0
HEAT_1_TEMP=31
HEAT_1_DUTY=0
HEAT_1_SP=-20.0
HEAT_2_TEMP=30
HEAT_2_DUTY=0
HEAT_2_SP=-20.0
HEAT_3_TEMP=28
HEAT_3_DUTY=0
HEAT_3_SP=-20.0
HEAT_4_TEMP=35
HEAT_4_DUTY=0
HEAT_4_SP=-20.0
MOTOR_ANGLE=0.004186046511627906
MOTOR_ACCUM=1.0506976744186047
MOTOR_ROT=2
TS=1786204383.155
V_SENSE5=1.2353515625
V_SENSE9=0.048828125
V_SENSE12=0.10986328125
ADC_V5=4.9560546875
ADC_V9=9.31915283203125
ADC_V12=11.9122314453125
ADC_V28=27.01934814453125
THERMAL_SENS_OUT_1=28
THERMAL_SENS_OUT_2=-50
THERMAL_SENS_OUT_3=36
THERMAL_SENS_OUT_4=28
THERMAL_SENS_OUT_5=38
THERMAL_SENS_OUT_6=-50
THERMAL_SENS_INT_1=26
THERMAL_SENS_INT_2=25
PG_5=0
PG_9=0
PG_12=0
FLT_P2=0
FLT_P3=0
HEAT_1_TEMP=28
HEAT_1_DUTY=0
HEAT_1_SP=-20.0
HEAT_2_TEMP=36
HEAT_2_DUTY=0
HEAT_2_SP=-20.0
HEAT_3_TEMP=28
HEAT_3_DUTY=0
HEAT_3_SP=-20.0
HEAT_4_TEMP=38
HEAT_4_DUTY=0
HEAT_4_SP=-20.0
MOTOR_ANGLE=0.004186046511627906
MOTOR_ACCUM=1.0506976744186047
MOTOR_ROT=2
TS=1786204383.657
V_SENSE5=1.17431640625
V_SENSE9=0.0390625
V_SENSE12=0.12939453125
ADC_V5=4.9560546875
ADC_V9=9.2041015625
ADC_V12=11.5582275390625
ADC_V28=27.930908203125
THERMAL_SENS_OUT_1=30
THERMAL_SENS_OUT_2=-50
THERMAL_SENS_OUT_3=35
THERMAL_SENS_OUT_4=30
THERMAL_SENS_OUT_5=32
THERMAL_SENS_OUT_6=-50
THERMAL_SENS_INT_1=24
THERMAL_SENS_INT_2=30
PG_5=0
PG_9=0
PG_12=0
FLT_P2=0
FLT_P3=0
HEAT_1_TEMP=30
HEAT_1_DUTY=0
HEAT_1_SP=-20.0
HEAT_2_TEMP=35
HEAT_2_DUTY=0
HEAT_2_SP=-20.0
HEAT_3_TEMP=30
HEAT_3_DUTY=0
HEAT_3_SP=-20.0
HEAT_4_TEMP=32
HEAT_4_DUTY=0
HEAT_4_SP=-20.0
MOTOR_ANGLE=0.004186046511627906
MOTOR_ACCUM=1.0506976744186047
MOTOR_ROT=2
TS=1786204384.157
V_SENSE5=1.25732421875
V_SENSE9=0.0390625
V_SENSE12=0.11474609375
ADC_V5=4.9383544921875
ADC_V9=8.82354736328125
ADC_V12=11.92108154296875
ADC_V28=27.2406005859375
THERMAL_SENS_OUT_1=25
THERMAL_SENS_OUT_2=-50
THERMAL_SENS_OUT_3=36
THERMAL_SENS_OUT_4=27
THERMAL_SENS_OUT_5=37
THERMAL_SENS_OUT_6=-50
THERMAL_SENS_INT_1=29
THERMAL_SENS_INT_2=27
PG_5=0
PG_9=0
PG_12=0
FLT_P2=0
FLT_P3=0
HEAT_1_TEMP=25
HEAT_1_DUTY=0
HEAT_1_SP=-20.0
HEAT_2_TEMP=36
HEAT_2_DUTY=0
HEAT_2_SP=-20.0
HEAT_3_TEMP=27
HEAT_3_DUTY=0
HEAT_3_SP=-20.0
HEAT_4_TEMP=37
HEAT_4_DUTY=0
HEAT_4_SP=-20.0
MOTOR_ANGLE=0.004186046511627906
MOTOR_ACCUM=1.0506976744186047
MOTOR_ROT=2
TS=1786204384.660
V_SENSE5=1.31591796875
V_SENSE9=0.03662109375
V_SENSE12=0.10986328125
ADC_V5=4.92950439453125
ADC_V9=9.21295166015625
ADC_V12=11.99188232421875
ADC_V28=27.68310546875
THERMAL_SENS_OUT_1=32
THERMAL_SENS_OUT_2=-50
THERMAL_SENS_OUT_3=36
THERMAL_SENS_OUT_4=28
THERMAL_SENS_OUT_5=34
THERMAL_SENS_OUT_6=-50
THERMAL_SENS_INT_1=26
THERMAL_SENS_INT_2=25
PG_5=0
PG_9=0
PG_12=0
FLT_P2=0
FLT_P3=0
HEAT_1_TEMP=32
HEAT_1_DUTY=0
HEAT_1_SP=-20.0
HEAT_2_TEMP=36
HEAT_2_DUTY=0
HEAT_2_SP=-20.0
HEAT_3_TEMP=28
HEAT_3_DUTY=0
HEAT_3_SP=-20.0
HEAT_4_TEMP=34
HEAT_4_DUTY=0
HEAT_4_SP=-20.0
MOTOR_ANGLE=0.004186046511627906
MOTOR_ACCUM=1.0506976744186047
MOTOR_ROT=2
TS=1786204385.162
V_SENSE5=1.3671875
V_SENSE9=0.0341796875
V_SENSE12=0.107421875
ADC_V5=4.9560546875
ADC_V9=8.9739990234375
ADC_V12=11.8060302734375
ADC_V28=27.12554931640625
THERMAL_SENS_OUT_1=26
THERMAL_SENS_OUT_2=-50
THERMAL_SENS_OUT_3=35
THERMAL_SENS_OUT_4=26
THERMAL_SENS_OUT_5=37
THERMAL_SENS_OUT_6=-50
THERMAL_SENS_INT_1=29
THERMAL_SENS_INT_2=25
PG_5=0
PG_9=0
PG_12=0
FLT_P2=0
FLT_P3=0
HEAT_1_TEMP=26
HEAT_1_DUTY=0
HEAT_1_SP=-20.0
HEAT_2_TEMP=35
HEAT_2_DUTY=0
HEAT_2_SP=-20.0
HEAT_3_TEMP=26
HEAT_3_DUTY=0
HEAT_3_SP=-20.0
HEAT_4_TEMP=37
HEAT_4_DUTY=0

[12:01:38.867 EBOX]
HEAT_4_SP=-20.0
MOTOR_ANGLE=0.004186046511627906
MOTOR_ACCUM=1.0506976744186047
MOTOR_ROT=2
TS=1786204385.663
V_SENSE5=1.38671875
V_SENSE9=0.03662109375
V_SENSE12=0.1123046875
ADC_V5=4.88525390625
ADC_V9=9.55810546875
ADC_V12=11.58477783203125
ADC_V28=27.8424072265625
THERMAL_SENS_OUT_1=31
THERMAL_SENS_OUT_2=-50
THERMAL_SENS_OUT_3=35
THERMAL_SENS_OUT_4=26
THERMAL_SENS_OUT_5=36
THERMAL_SENS_OUT_6=-50
THERMAL_SENS_INT_1=28
THERMAL_SENS_INT_2=25
PG_5=0
PG_9=0
PG_12=0
FLT_P2=0
FLT_P3=0
HEAT_1_TEMP=31
HEAT_1_DUTY=0
HEAT_1_SP=-20.0
HEAT_2_TEMP=35
HEAT_2_DUTY=0
HEAT_2_SP=-20.0
HEAT_3_TEMP=26
HEAT_3_DUTY=0
HEAT_3_SP=-20.0
HEAT_4_TEMP=36
HEAT_4_DUTY=0
HEAT_4_SP=-20.0
MOTOR_ANGLE=0.004186046511627906
MOTOR_ACCUM=1.0506976744186047
MOTOR_ROT=2
TS=1786204386.166
V_SENSE5=1.24267578125
V_SENSE9=0.0390625
V_SENSE12=0.1220703125
ADC_V5=4.991455078125
ADC_V9=9.05364990234375
ADC_V12=11.9122314453125
ADC_V28=27.8424072265625
THERMAL_SENS_OUT_1=31
THERMAL_SENS_OUT_2=-50
THERMAL_SENS_OUT_3=31
THERMAL_SENS_OUT_4=30
THERMAL_SENS_OUT_5=33
THERMAL_SENS_OUT_6=-50
THERMAL_SENS_INT_1=28
THERMAL_SENS_INT_2=26
PG_5=0
PG_9=0
PG_12=0
FLT_P2=0
FLT_P3=0
HEAT_1_TEMP=31
HEAT_1_DUTY=0
HEAT_1_SP=-20.0
HEAT_2_TEMP=31
HEAT_2_DUTY=0
HEAT_2_SP=-20.0
HEAT_3_TEMP=30
HEAT_3_DUTY=0
HEAT_3_SP=-20.0
HEAT_4_TEMP=33
HEAT_4_DUTY=0
HEAT_4_SP=-20.0
MOTOR_ANGLE=0.004186046511627906
MOTOR_ACCUM=1.0506976744186047
MOTOR_ROT=2
TS=1786204386.672
V_SENSE5=1.15478515625

[12:01:39.044 EBOX]
V_SENSE9=0.05126953125
V_SENSE12=0.1025390625
ADC_V5=4.920654296875
ADC_V9=8.99169921875
ADC_V12=12.02728271484375
ADC_V28=27.60345458984375
THERMAL_SENS_OUT_1=33
THERMAL_SENS_OUT_2=-50
THERMAL_SENS_OUT_3=32
THERMAL_SENS_OUT_4=26
THERMAL_SENS_OUT_5=33
THERMAL_SENS_OUT_6=-50
THERMAL_SENS_INT_1=24
THERMAL_SENS_INT_2=26
PG_5=0
PG_9=0
PG_12=0
FLT_P2=0
FLT_P3=0
HEAT_1_TEMP=33
HEAT_1_DUTY=0
HEAT_1_SP=-20.0
HEAT_2_TEMP=32
HEAT_2_DUTY=0
HEAT_2_SP=-20.0
HEAT_3_TEMP=26
HEAT_3_DUTY=0
HEAT_3_SP=-20.0
HEAT_4_TEMP=33
HEAT_4_DUTY=0
HEAT_4_SP=-20.0
MOTOR_ANGLE=0.004186046511627906
MOTOR_ACCUM=1.0506976744186047
MOTOR_ROT=2
TS=1786204387.168
V_SENSE5=1.1767578125
V_SENSE9=0.03173828125
V_SENSE12=0.13427734375
ADC_V5=4.9383544921875
ADC_V9=9.31915283203125
ADC_V12=11.76177978515625
ADC_V28=27.83355712890625
THERMAL_SENS_OUT_1=32
THERMAL_SENS_OUT_2=-50
THERMAL_SENS_OUT_3=37
THERMAL_SENS_OUT_4=28
THERMAL_SENS_OUT_5=31
THERMAL_SENS_OUT_6=-50
THERMAL_SENS_INT_1=29
THERMAL_SENS_INT_2=28
PG_5=0
PG_9=0
PG_12=0
FLT_P2=0
FLT_P3=0
HEAT_1_TEMP=32
HEAT_1_DUTY=0
HEAT_1_SP=-20.0
HEAT_2_TEMP=37
HEAT_2_DUTY=0
HEAT_2_SP=-20.0
HEAT_3_TEMP=28
HEAT_3_DUTY=0
HEAT_3_SP=-20.0
HEAT_4_TEMP=31
HEAT_4_DUTY=0
HEAT_4_SP=-20.0
MOTOR_ANGLE=0.004186046511627906
MOTOR_ACCUM=1.0506976744186047
MOTOR_ROT=2
TS=1786204387.671
V_SENSE5=1.298828125
V_SENSE9=0.03662109375
V_SENSE12=0.1171875
ADC_V5=5.01800537109375
ADC_V9=9.03594970703125
ADC_V12=11.8414306640625
ADC_V28=27.8070068359375

[12:01:39.817 EBOX]
THERMAL_SENS_OUT_1=29
THERMAL_SENS_OUT_2=-50
THERMAL_SENS_OUT_3=31
THERMAL_SENS_OUT_4=31
THERMAL_SENS_OUT_5=33
THERMAL_SENS_OUT_6=-50
THERMAL_SENS_INT_1=27
THERMAL_SENS_INT_2=25
PG_5=0
PG_9=0
PG_12=0
FLT_P2=0
FLT_P3=0
HEAT_1_TEMP=29
HEAT_1_DUTY=0
HEAT_1_SP=-20.0
HEAT_2_TEMP=31
HEAT_2_DUTY=0
HEAT_2_SP=-20.0
HEAT_3_TEMP=31
HEAT_3_DUTY=0
HEAT_3_SP=-20.0
HEAT_4_TEMP=33
HEAT_4_DUTY=0
HEAT_4_SP=-20.0
MOTOR_ANGLE=0.004186046511627906
MOTOR_ACCUM=1.0506976744186047
MOTOR_ROT=2
TS=1786204388.171
V_SENSE5=1.337890625
V_SENSE9=0.04150390625
V_SENSE12=0.11474609375
ADC_V5=4.85870361328125
ADC_V9=9.5758056640625
ADC_V12=11.8414306640625
ADC_V28=27.92205810546875
THERMAL_SENS_OUT_1=32
THERMAL_SENS_OUT_2=-50
THERMAL_SENS_OUT_3=35
THERMAL_SENS_OUT_4=30
THERMAL_SENS_OUT_5=37
THERMAL_SENS_OUT_6=-50
THERMAL_SENS_INT_1=27
THERMAL_SENS_INT_2=31
PG_5=0
PG_9=0
PG_12=0
FLT_P2=0
FLT_P3=0
HEAT_1_TEMP=32
HEAT_1_DUTY=0
HEAT_1_SP=-20.0
HEAT_2_TEMP=35
HEAT_2_DUTY=0
HEAT_2_SP=-20.0
HEAT_3_TEMP=30
HEAT_3_DUTY=0
HEAT_3_SP=-20.0
HEAT_4_TEMP=37
HEAT_4_DUTY=0
HEAT_4_SP=-20.0
MOTOR_ANGLE=0.004186046511627906
MOTOR_ACCUM=1.0506976744186047
MOTOR_ROT=2
TS=1786204388.673
V_SENSE5=1.21826171875
V_SENSE9=0.0390625
V_SENSE12=0.107421875
ADC_V5=4.849853515625
ADC_V9=9.23065185546875
ADC_V12=11.575927734375
ADC_V28=27.0458984375
THERMAL_SENS_OUT_1=27
THERMAL_SENS_OUT_2=-50
THERMAL_SENS_OUT_3=30
THERMAL_SENS_OUT_4=30
THERMAL_SENS_OUT_5=32
THERMAL_SENS_OUT_6=-50

[12:01:39.947 EBOX]
THERMAL_SENS_INT_1=24
THERMAL_SENS_INT_2=30
PG_5=0
PG_9=0
PG_12=0
FLT_P2=0
FLT_P3=0
HEAT_1_TEMP=27
HEAT_1_DUTY=0
HEAT_1_SP=-20.0
HEAT_2_TEMP=30
HEAT_2_DUTY=0
HEAT_2_SP=-20.0
HEAT_3_TEMP=30
HEAT_3_DUTY=0
HEAT_3_SP=-20.0
HEAT_4_TEMP=32
HEAT_4_DUTY=0
HEAT_4_SP=-20.0
MOTOR_ANGLE=0.004186046511627906
MOTOR_ACCUM=1.0506976744186047
MOTOR_ROT=2
TS=1786204389.182
V_SENSE5=1.162109375
V_SENSE9=0.07080078125
V_SENSE12=0.1171875
ADC_V5=4.9737548828125
ADC_V9=8.73504638671875
ADC_V12=11.8060302734375
ADC_V28=27.0458984375
THERMAL_SENS_OUT_1=28
THERMAL_SENS_OUT_2=-50
THERMAL_SENS_OUT_3=32
THERMAL_SENS_OUT_4=28
THERMAL_SENS_OUT_5=37
THERMAL_SENS_OUT_6=-50
THERMAL_SENS_INT_1=29
THERMAL_SENS_INT_2=29
PG_5=0
PG_9=0
PG_12=0
FLT_P2=0
FLT_P3=0
HEAT_1_TEMP=28
HEAT_1_DUTY=0
HEAT_1_SP=-20.0
HEAT_2_TEMP=32
HEAT_2_DUTY=0
HEAT_2_SP=-20.0
HEAT_3_TEMP=28
HEAT_3_DUTY=0
HEAT_3_SP=-20.0
HEAT_4_TEMP=37
HEAT_4_DUTY=0
HEAT_4_SP=-20.0
MOTOR_ANGLE=0.004186046511627906
MOTOR_ACCUM=1.0506976744186047
MOTOR_ROT=2

[12:01:41.560 EBOX]
TS=1786204389.677
V_SENSE5=1.298828125
V_SENSE9=0.0341796875
V_SENSE12=0.126953125
ADC_V5=4.94720458984375
ADC_V9=9.3634033203125
ADC_V12=11.8768310546875
ADC_V28=27.85125732421875
THERMAL_SENS_OUT_1=31
THERMAL_SENS_OUT_2=-50
THERMAL_SENS_OUT_3=36
THERMAL_SENS_OUT_4=27
THERMAL_SENS_OUT_5=36
THERMAL_SENS_OUT_6=-50
THERMAL_SENS_INT_1=28
THERMAL_SENS_INT_2=26
PG_5=0
PG_9=0
PG_12=0
FLT_P2=0
FLT_P3=0
HEAT_1_TEMP=31
HEAT_1_DUTY=0
HEAT_1_SP=-20.0
HEAT_2_TEMP=36
HEAT_2_DUTY=0
HEAT_2_SP=-20.0
HEAT_3_TEMP=27
HEAT_3_DUTY=0
HEAT_3_SP=-20.0
HEAT_4_TEMP=36
HEAT_4_DUTY=0
HEAT_4_SP=-20.0
MOTOR_ANGLE=0.004186046511627906
MOTOR_ACCUM=1.0506976744186047
MOTOR_ROT=2
TS=1786204390.185
V_SENSE5=1.4501953125
V_SENSE9=0.0341796875
V_SENSE12=0.11474609375
ADC_V5=4.89410400390625
ADC_V9=8.96514892578125
ADC_V12=11.89453125
ADC_V28=27.55035400390625
THERMAL_SENS_OUT_1=27
THERMAL_SENS_OUT_2=-50
THERMAL_SENS_OUT_3=36
THERMAL_SENS_OUT_4=26
THERMAL_SENS_OUT_5=32
THERMAL_SENS_OUT_6=-50
THERMAL_SENS_INT_1=28
THERMAL_SENS_INT_2=29
PG_5=0
PG_9=0
PG_12=0
FLT_P2=0
FLT_P3=0
HEAT_1_TEMP=27
HEAT_1_DUTY=0
HEAT_1_SP=-20.0
HEAT_2_TEMP=36
HEAT_2_DUTY=0
HEAT_2_SP=-20.0
HEAT_3_TEMP=26
HEAT_3_DUTY=0
HEAT_3_SP=-20.0
HEAT_4_TEMP=32
HEAT_4_DUTY=0
HEAT_4_SP=-20.0
MOTOR_ANGLE=0.004186046511627906
MOTOR_ACCUM=1.0506976744186047
MOTOR_ROT=2
TS=1786204390.679
V_SENSE5=1.21337890625
V_SENSE9=0.03662109375
V_SENSE12=0.12451171875
ADC_V5=4.98260498046875
ADC_V9=9.3988037109375
ADC_V12=11.89453125
ADC_V28=27.07244873046875
THERMAL_SENS_OUT_1=28
THERMAL_SENS_OUT_2=-50
THERMAL_SENS_OUT_3=32
THERMAL_SENS_OUT_4=29
THERMAL_SENS_OUT_5=32
THERMAL_SENS_OUT_6=-50
THERMAL_SENS_INT_1=26
THERMAL_SENS_INT_2=25
PG_5=0
PG_9=0
PG_12=0
FLT_P2=0
FLT_P3=0
HEAT_1_TEMP=28
HEAT_1_DUTY=0
HEAT_1_SP=-20.0
HEAT_2_TEMP=32
HEAT_2_DUTY=0
HEAT_2_SP=-20.0
HEAT_3_TEMP=29
HEAT_3_DUTY=0
HEAT_3_SP=-20.0
HEAT_4_TEMP=32
HEAT_4_DUTY=0
HEAT_4_SP=-20.0
MOTOR_ANGLE=0.004186046511627906
MOTOR_ACCUM=1.0506976744186047
MOTOR_ROT=2
TS=1786204391.181
V_SENSE5=1.34521484375
V_SENSE9=0.03662109375
V_SENSE12=0.11962890625
ADC_V5=4.8675537109375
ADC_V9=9.0093994140625
ADC_V12=11.7352294921875
ADC_V28=27.4884033203125
THERMAL_SENS_OUT_1=30
THERMAL_SENS_OUT_2=-50
THERMAL_SENS_OUT_3=35
THERMAL_SENS_OUT_4=27
THERMAL_SENS_OUT_5=35
THERMAL_SENS_OUT_6=-50
THERMAL_SENS_INT_1=27
THERMAL_SENS_INT_2=25
PG_5=0
PG_9=0
PG_12=0
FLT_P2=0
FLT_P3=0
HEAT_1_TEMP=30
HEAT_1_DUTY=0
HEAT_1_SP=-20.0
HEAT_2_TEMP=35
HEAT_2_DUTY=0
HEAT_2_SP=-20.0
HEAT_3_TEMP=27
HEAT_3_DUTY=0
HEAT_3_SP=-20.0
HEAT_4_TEMP=35
HEAT_4_DUTY=0
HEAT_4_SP=-20.0
MOTOR_ANGLE=0.004186046511627906
MOTOR_ACCUM=1.0506976744186047
MOTOR_ROT=2
TS=1786204391.682
V_SENSE5=1.1865234375
V_SENSE9=0.0390625
V_SENSE12=0.11962890625
ADC_V5=4.9560546875
ADC_V9=8.779296875

[12:01:41.684 EBOX]
ADC_V12=11.86798095703125
ADC_V28=27.49725341796875
THERMAL_SENS_OUT_1=31
THERMAL_SENS_OUT_2=-50
THERMAL_SENS_OUT_3=33
THERMAL_SENS_OUT_4=31
THERMAL_SENS_OUT_5=33
THERMAL_SENS_OUT_6=-50
THERMAL_SENS_INT_1=25
THERMAL_SENS_INT_2=31
PG_5=0
PG_9=0
PG_12=0
FLT_P2=0
FLT_P3=0
HEAT_1_TEMP=31
HEAT_1_DUTY=0
HEAT_1_SP=-20.0
HEAT_2_TEMP=33
HEAT_2_DUTY=0
HEAT_2_SP=-20.0
HEAT_3_TEMP=31
HEAT_3_DUTY=0
HEAT_3_SP=-20.0
HEAT_4_TEMP=33
HEAT_4_DUTY=0
HEAT_4_SP=-20.0
MOTOR_ANGLE=0.004186046511627906
MOTOR_ACCUM=1.0506976744186047
MOTOR_ROT=2

[12:01:41.815 EBOX]
TS=1786204392.183
V_SENSE5=1.34521484375
V_SENSE9=0.0341796875
V_SENSE12=0.1318359375
ADC_V5=4.849853515625
ADC_V9=9.38995361328125
ADC_V12=11.717529296875
ADC_V28=27.39990234375
THERMAL_SENS_OUT_1=28
THERMAL_SENS_OUT_2=-50
THERMAL_SENS_OUT_3=32
THERMAL_SENS_OUT_4=31
THERMAL_SENS_OUT_5=34
THERMAL_SENS_OUT_6=-50
THERMAL_SENS_INT_1=25
THERMAL_SENS_INT_2=31
PG_5=0
PG_9=0
PG_12=0
FLT_P2=0
FLT_P3=0
HEAT_1_TEMP=28
HEAT_1_DUTY=0
HEAT_1_SP=-20.0
HEAT_2_TEMP=32
HEAT_2_DUTY=0
HEAT_2_SP=-20.0
HEAT_3_TEMP=31
HEAT_3_DUTY=0
HEAT_3_SP=-20.0
HEAT_4_TEMP=34
HEAT_4_DUTY=0
HEAT_4_SP=-20.0
MOTOR_ANGLE=0.004186046511627906
MOTOR_ACCUM=1.0506976744186047
MOTOR_ROT=2

[12:01:42.258 EBOX]
TS=1786204392.685
V_SENSE5=1.4013671875
V_SENSE9=0.0341796875
V_SENSE12=0.09765625
ADC_V5=4.98260498046875
ADC_V9=8.956298828125
ADC_V12=11.8414306640625
ADC_V28=27.0281982421875
THERMAL_SENS_OUT_1=28
THERMAL_SENS_OUT_2=-50
THERMAL_SENS_OUT_3=33
THERMAL_SENS_OUT_4=29
THERMAL_SENS_OUT_5=32
THERMAL_SENS_OUT_6=-50
THERMAL_SENS_INT_1=26
THERMAL_SENS_INT_2=28
PG_5=0
PG_9=0
PG_12=0
FLT_P2=0
FLT_P3=0
HEAT_1_TEMP=28
HEAT_1_DUTY=0
HEAT_1_SP=-20.0
HEAT_2_TEMP=33
HEAT_2_DUTY=0
HEAT_2_SP=-20.0
HEAT_3_TEMP=29
HEAT_3_DUTY=0
HEAT_3_SP=-20.0
HEAT_4_TEMP=32
HEAT_4_DUTY=0
HEAT_4_SP=-20.0
MOTOR_ANGLE=0.004186046511627906
MOTOR_ACCUM=1.0506976744186047
MOTOR_ROT=2

[12:01:44.880 EBOX]
TS=1786204393.187
V_SENSE5=1.2548828125
V_SENSE9=0.0341796875
V_SENSE12=0.107421875
ADC_V5=4.991455078125
ADC_V9=9.47845458984375
ADC_V12=11.60247802734375
ADC_V28=27.30255126953125
THERMAL_SENS_OUT_1=32
THERMAL_SENS_OUT_2=-50
THERMAL_SENS_OUT_3=34
THERMAL_SENS_OUT_4=31
THERMAL_SENS_OUT_5=34
THERMAL_SENS_OUT_6=-50
THERMAL_SENS_INT_1=23
THERMAL_SENS_INT_2=26
PG_5=0
PG_9=0
PG_12=0
FLT_P2=0
FLT_P3=0
HEAT_1_TEMP=32
HEAT_1_DUTY=0
HEAT_1_SP=-20.0
HEAT_2_TEMP=34
HEAT_2_DUTY=0
HEAT_2_SP=-20.0
HEAT_3_TEMP=31
HEAT_3_DUTY=0
HEAT_3_SP=-20.0
HEAT_4_TEMP=34
HEAT_4_DUTY=0
HEAT_4_SP=-20.0
MOTOR_ANGLE=0.004186046511627906
MOTOR_ACCUM=1.0506976744186047
MOTOR_ROT=2
TS=1786204393.696
V_SENSE5=1.18408203125
V_SENSE9=0.03662109375
V_SENSE12=0.1123046875
ADC_V5=4.8675537109375
ADC_V9=9.0093994140625
ADC_V12=11.88568115234375
ADC_V28=27.56805419921875
THERMAL_SENS_OUT_1=30
THERMAL_SENS_OUT_2=-50
THERMAL_SENS_OUT_3=36
THERMAL_SENS_OUT_4=26
THERMAL_SENS_OUT_5=32
THERMAL_SENS_OUT_6=-50
THERMAL_SENS_INT_1=25
THERMAL_SENS_INT_2=27
PG_5=0
PG_9=0
PG_12=0
FLT_P2=0
FLT_P3=0
HEAT_1_TEMP=30
HEAT_1_DUTY=0
HEAT_1_SP=-20.0
HEAT_2_TEMP=36
HEAT_2_DUTY=0
HEAT_2_SP=-20.0
HEAT_3_TEMP=26
HEAT_3_DUTY=0
HEAT_3_SP=-20.0
HEAT_4_TEMP=32
HEAT_4_DUTY=0
HEAT_4_SP=-20.0
MOTOR_ANGLE=0.004186046511627906
MOTOR_ACCUM=1.0506976744186047
MOTOR_ROT=2
TS=1786204394.190
V_SENSE5=1.1669921875
V_SENSE9=0.03173828125
V_SENSE12=0.12939453125
ADC_V5=4.814453125
ADC_V9=8.84124755859375
ADC_V12=11.85028076171875
ADC_V28=27.010498046875
THERMAL_SENS_OUT_1=31
THERMAL_SENS_OUT_2=-50
THERMAL_SENS_OUT_3=33
THERMAL_SENS_OUT_4=25
THERMAL_SENS_OUT_5=36
THERMAL_SENS_OUT_6=-50
THERMAL_SENS_INT_1=28
THERMAL_SENS_INT_2=26
PG_5=0
PG_9=0
PG_12=0
FLT_P2=0
FLT_P3=0
HEAT_1_TEMP=31
HEAT_1_DUTY=0
HEAT_1_SP=-20.0
HEAT_2_TEMP=33
HEAT_2_DUTY=0
HEAT_2_SP=-20.0
HEAT_3_TEMP=25
HEAT_3_DUTY=0
HEAT_3_SP=-20.0
HEAT_4_TEMP=36
HEAT_4_DUTY=0
HEAT_4_SP=-20.0
MOTOR_ANGLE=0.004186046511627906
MOTOR_ACCUM=1.0506976744186047
MOTOR_ROT=2

[12:01:45.016 EBOX]
TS=1786204394.692
V_SENSE5=1.3427734375
V_SENSE9=0.0390625
V_SENSE12=0.15380859375
ADC_V5=4.98260498046875
ADC_V9=9.44305419921875
ADC_V12=11.8768310546875
ADC_V28=27.33795166015625
THERMAL_SENS_OUT_1=26
THERMAL_SENS_OUT_2=-50
THERMAL_SENS_OUT_3=36
THERMAL_SENS_OUT_4=29
THERMAL_SENS_OUT_5=34
THERMAL_SENS_OUT_6=-50
THERMAL_SENS_INT_1=24
THERMAL_SENS_INT_2=28
PG_5=0
PG_9=0
PG_12=0
FLT_P2=0
FLT_P3=0
HEAT_1_TEMP=26
HEAT_1_DUTY=0
HEAT_1_SP=-20.0
HEAT_2_TEMP=36
HEAT_2_DUTY=0
HEAT_2_SP=-20.0
HEAT_3_TEMP=29
HEAT_3_DUTY=0
HEAT_3_SP=-20.0
HEAT_4_TEMP=34
HEAT_4_DUTY=0
HEAT_4_SP=-20.0
MOTOR_ANGLE=0.004186046511627906
MOTOR_ACCUM=1.0506976744186047
MOTOR_ROT=2
TS=1786204395.193
V_SENSE5=1.3720703125
V_SENSE9=0.0390625
V_SENSE12=0.1171875
ADC_V5=4.9029541015625
ADC_V9=9.2572021484375
ADC_V12=11.70867919921875
ADC_V28=27.5238037109375
THERMAL_SENS_OUT_1=32
THERMAL_SENS_OUT_2=-50
THERMAL_SENS_OUT_3=35
THERMAL_SENS_OUT_4=26
THERMAL_SENS_OUT_5=36
THERMAL_SENS_OUT_6=-50
THERMAL_SENS_INT_1=28
THERMAL_SENS_INT_2=25
PG_5=0
PG_9=0
PG_12=0
FLT_P2=0
FLT_P3=0
HEAT_1_TEMP=32
HEAT_1_DUTY=0
HEAT_1_SP=-20.0
HEAT_2_TEMP=35
HEAT_2_DUTY=0
HEAT_2_SP=-20.0
HEAT_3_TEMP=26
HEAT_3_DUTY=0
HEAT_3_SP=-20.0
HEAT_4_TEMP=36
HEAT_4_DUTY=0
HEAT_4_SP=-20.0
MOTOR_ANGLE=0.004186046511627906
MOTOR_ACCUM=1.0506976744186047
MOTOR_ROT=2

[12:01:47.073 EBOX]
TS=1786204395.694
V_SENSE5=1.26220703125
V_SENSE9=0.0341796875
V_SENSE12=0.12451171875
ADC_V5=4.849853515625
ADC_V9=9.00054931640625
ADC_V12=11.79718017578125
ADC_V28=27.23175048828125
THERMAL_SENS_OUT_1=32
THERMAL_SENS_OUT_2=-50
THERMAL_SENS_OUT_3=32
THERMAL_SENS_OUT_4=29
THERMAL_SENS_OUT_5=37
THERMAL_SENS_OUT_6=-50
THERMAL_SENS_INT_1=28
THERMAL_SENS_INT_2=26
PG_5=0
PG_9=0
PG_12=0
FLT_P2=0
FLT_P3=0
HEAT_1_TEMP=32
HEAT_1_DUTY=0
HEAT_1_SP=-20.0
HEAT_2_TEMP=32
HEAT_2_DUTY=0
HEAT_2_SP=-20.0
HEAT_3_TEMP=29
HEAT_3_DUTY=0
HEAT_3_SP=-20.0
HEAT_4_TEMP=37
HEAT_4_DUTY=0
HEAT_4_SP=-20.0
MOTOR_ANGLE=0.004186046511627906
MOTOR_ACCUM=1.0506976744186047
MOTOR_ROT=2
TS=1786204396.195
V_SENSE5=1.2353515625
V_SENSE9=0.0390625
V_SENSE12=0.12451171875
ADC_V5=4.88525390625
ADC_V9=9.42535400390625
ADC_V12=11.788330078125
ADC_V28=26.91314697265625
THERMAL_SENS_OUT_1=27
THERMAL_SENS_OUT_2=-50
THERMAL_SENS_OUT_3=31
THERMAL_SENS_OUT_4=31
THERMAL_SENS_OUT_5=33
THERMAL_SENS_OUT_6=-50
THERMAL_SENS_INT_1=24
THERMAL_SENS_INT_2=30
PG_5=0
PG_9=0
PG_12=0
FLT_P2=0
FLT_P3=0
HEAT_1_TEMP=27
HEAT_1_DUTY=0
HEAT_1_SP=-20.0
HEAT_2_TEMP=31
HEAT_2_DUTY=0
HEAT_2_SP=-20.0
HEAT_3_TEMP=31
HEAT_3_DUTY=0
HEAT_3_SP=-20.0
HEAT_4_TEMP=33
HEAT_4_DUTY=0
HEAT_4_SP=-20.0
MOTOR_ANGLE=0.004186046511627906
MOTOR_ACCUM=1.0506976744186047
MOTOR_ROT=2
TS=1786204396.697
V_SENSE5=1.201171875
V_SENSE9=0.0341796875
V_SENSE12=0.11962890625
ADC_V5=4.91180419921875
ADC_V9=9.17755126953125
ADC_V12=11.72637939453125
ADC_V28=27.789306640625
THERMAL_SENS_OUT_1=32
THERMAL_SENS_OUT_2=-50
THERMAL_SENS_OUT_3=34
THERMAL_SENS_OUT_4=25
THERMAL_SENS_OUT_5=35
THERMAL_SENS_OUT_6=-50
THERMAL_SENS_INT_1=25
THERMAL_SENS_INT_2=29
PG_5=0
PG_9=0
PG_12=0
FLT_P2=0
FLT_P3=0
HEAT_1_TEMP=32
HEAT_1_DUTY=0
HEAT_1_SP=-20.0
HEAT_2_TEMP=34
HEAT_2_DUTY=0
HEAT_2_SP=-20.0
HEAT_3_TEMP=25
HEAT_3_DUTY=0
HEAT_3_SP=-20.0
HEAT_4_TEMP=35
HEAT_4_DUTY=0
HEAT_4_SP=-20.0
MOTOR_ANGLE=0.004186046511627906
MOTOR_ACCUM=1.0506976744186047
MOTOR_ROT=2

[12:01:47.206 EBOX]
TS=1786204397.198
V_SENSE5=1.23291015625
V_SENSE9=0.06591796875
V_SENSE12=0.11962890625
ADC_V5=4.80560302734375
ADC_V9=9.41650390625
ADC_V12=11.95648193359375
ADC_V28=27.7362060546875
THERMAL_SENS_OUT_1=32
THERMAL_SENS_OUT_2=-50
THERMAL_SENS_OUT_3=35
THERMAL_SENS_OUT_4=26
THERMAL_SENS_OUT_5=37
THERMAL_SENS_OUT_6=-50
THERMAL_SENS_INT_1=30
THERMAL_SENS_INT_2=27
PG_5=0
PG_9=0
PG_12=0
FLT_P2=0
FLT_P3=0
HEAT_1_TEMP=32
HEAT_1_DUTY=0
HEAT_1_SP=-20.0
HEAT_2_TEMP=35
HEAT_2_DUTY=0
HEAT_2_SP=-20.0
HEAT_3_TEMP=26
HEAT_3_DUTY=0
HEAT_3_SP=-20.0
HEAT_4_TEMP=37
HEAT_4_DUTY=0
HEAT_4_SP=-20.0
MOTOR_ANGLE=0.004186046511627906
MOTOR_ACCUM=1.0506976744186047
MOTOR_ROT=2

[12:01:50.068 EBOX]
TS=1786204397.702
V_SENSE5=1.3037109375
V_SENSE9=0.03662109375
V_SENSE12=0.10986328125
ADC_V5=4.92950439453125
ADC_V9=9.19525146484375
ADC_V12=11.8060302734375
ADC_V28=27.67425537109375
THERMAL_SENS_OUT_1=32
THERMAL_SENS_OUT_2=-50
THERMAL_SENS_OUT_3=35
THERMAL_SENS_OUT_4=26
THERMAL_SENS_OUT_5=34
THERMAL_SENS_OUT_6=-50
THERMAL_SENS_INT_1=29
THERMAL_SENS_INT_2=26
PG_5=0
PG_9=0
PG_12=0
FLT_P2=0
FLT_P3=0
HEAT_1_TEMP=32
HEAT_1_DUTY=0
HEAT_1_SP=-20.0
HEAT_2_TEMP=35
HEAT_2_DUTY=0
HEAT_2_SP=-20.0
HEAT_3_TEMP=26
HEAT_3_DUTY=0
HEAT_3_SP=-20.0
HEAT_4_TEMP=34
HEAT_4_DUTY=0
HEAT_4_SP=-20.0
MOTOR_ANGLE=0.004186046511627906
MOTOR_ACCUM=1.0506976744186047
MOTOR_ROT=2
TS=1786204398.229
V_SENSE5=1.2646484375
V_SENSE9=0.0341796875
V_SENSE12=0.12451171875
ADC_V5=5.0091552734375
ADC_V9=8.8677978515625
ADC_V12=11.72637939453125
ADC_V28=27.75390625
THERMAL_SENS_OUT_1=31
THERMAL_SENS_OUT_2=-50
THERMAL_SENS_OUT_3=33
THERMAL_SENS_OUT_4=30
THERMAL_SENS_OUT_5=38
THERMAL_SENS_OUT_6=-50
THERMAL_SENS_INT_1=27
THERMAL_SENS_INT_2=31
PG_5=0
PG_9=0
PG_12=0
FLT_P2=0
FLT_P3=0
HEAT_1_TEMP=31
HEAT_1_DUTY=0
HEAT_1_SP=-20.0
HEAT_2_TEMP=33
HEAT_2_DUTY=0
HEAT_2_SP=-20.0
HEAT_3_TEMP=30
HEAT_3_DUTY=0
HEAT_3_SP=-20.0
HEAT_4_TEMP=38
HEAT_4_DUTY=0
HEAT_4_SP=-20.0
MOTOR_ANGLE=0.004186046511627906
MOTOR_ACCUM=1.0506976744186047
MOTOR_ROT=2
TS=1786204398.703
V_SENSE5=1.19140625
V_SENSE9=0.0390625
V_SENSE12=0.1171875
ADC_V5=4.9560546875
ADC_V9=9.451904296875
ADC_V12=11.929931640625
ADC_V28=27.470703125
THERMAL_SENS_OUT_1=27
THERMAL_SENS_OUT_2=-50
THERMAL_SENS_OUT_3=32
THERMAL_SENS_OUT_4=31
THERMAL_SENS_OUT_5=33
THERMAL_SENS_OUT_6=-50
THERMAL_SENS_INT_1=24
THERMAL_SENS_INT_2=30
PG_5=0
PG_9=0
PG_12=0
FLT_P2=0
FLT_P3=0
HEAT_1_TEMP=27
HEAT_1_DUTY=0
HEAT_1_SP=-20.0
HEAT_2_TEMP=32
HEAT_2_DUTY=0
HEAT_2_SP=-20.0
HEAT_3_TEMP=31
HEAT_3_DUTY=0
HEAT_3_SP=-20.0
HEAT_4_TEMP=33
HEAT_4_DUTY=0
HEAT_4_SP=-20.0
MOTOR_ANGLE=0.004186046511627906
MOTOR_ACCUM=1.0506976744186047
MOTOR_ROT=2

[12:01:50.409 EBOX]
TS=1786204399.204
V_SENSE5=1.18896484375
V_SENSE9=0.0341796875
V_SENSE12=0.1220703125
ADC_V5=4.991455078125
ADC_V9=9.08905029296875
ADC_V12=11.9122314453125
ADC_V28=27.30255126953125
THERMAL_SENS_OUT_1=27
THERMAL_SENS_OUT_2=-50
THERMAL_SENS_OUT_3=31
THERMAL_SENS_OUT_4=30
THERMAL_SENS_OUT_5=32
THERMAL_SENS_OUT_6=-50
THERMAL_SENS_INT_1=23
THERMAL_SENS_INT_2=30
PG_5=0
PG_9=0
PG_12=0
FLT_P2=0
FLT_P3=0
HEAT_1_TEMP=27
HEAT_1_DUTY=0
HEAT_1_SP=-20.0
HEAT_2_TEMP=31
HEAT_2_DUTY=0
HEAT_2_SP=-20.0
HEAT_3_TEMP=30
HEAT_3_DUTY=0
HEAT_3_SP=-20.0
HEAT_4_TEMP=32
HEAT_4_DUTY=0
HEAT_4_SP=-20.0
MOTOR_ANGLE=0.004186046511627906
MOTOR_ACCUM=1.0506976744186047
MOTOR_ROT=2
TS=1786204399.706
V_SENSE5=1.2060546875
V_SENSE9=0.0341796875
V_SENSE12=0.1171875
ADC_V5=4.814453125
ADC_V9=9.46075439453125
ADC_V12=11.47857666015625
ADC_V28=27.9486083984375
THERMAL_SENS_OUT_1=28
THERMAL_SENS_OUT_2=-50
THERMAL_SENS_OUT_3=32
THERMAL_SENS_OUT_4=31
THERMAL_SENS_OUT_5=33
THERMAL_SENS_OUT_6=-50
THERMAL_SENS_INT_1=28
THERMAL_SENS_INT_2=25
PG_5=0
PG_9=0
PG_12=0
FLT_P2=0
FLT_P3=0
HEAT_1_TEMP=28
HEAT_1_DUTY=0
HEAT_1_SP=-20.0
HEAT_2_TEMP=32
HEAT_2_DUTY=0
HEAT_2_SP=-20.0
HEAT_3_TEMP=31
HEAT_3_DUTY=0
HEAT_3_SP=-20.0
HEAT_4_TEMP=33
HEAT_4_DUTY=0
HEAT_4_SP=-20.0
MOTOR_ANGLE=0.004186046511627906
MOTOR_ACCUM=1.0506976744186047
MOTOR_ROT=2
TS=1786204400.207
V_SENSE5=1.24755859375
V_SENSE9=0.07568359375
V_SENSE12=0.1171875
ADC_V5=5.01800537109375
ADC_V9=9.345703125

[12:01:50.530 EBOX]
ADC_V12=11.63787841796875
ADC_V28=27.17864990234375
THERMAL_SENS_OUT_1=27
THERMAL_SENS_OUT_2=-50
THERMAL_SENS_OUT_3=32
THERMAL_SENS_OUT_4=29
THERMAL_SENS_OUT_5=32
THERMAL_SENS_OUT_6=-50
THERMAL_SENS_INT_1=30
THERMAL_SENS_INT_2=28
PG_5=0
PG_9=0
PG_12=0
FLT_P2=0
FLT_P3=0
HEAT_1_TEMP=27
HEAT_1_DUTY=0
HEAT_1_SP=-20.0
HEAT_2_TEMP=32
HEAT_2_DUTY=0
HEAT_2_SP=-20.0
HEAT_3_TEMP=29
HEAT_3_DUTY=0
HEAT_3_SP=-20.0
HEAT_4_TEMP=32
HEAT_4_DUTY=0
HEAT_4_SP=-20.0
MOTOR_ANGLE=0.004186046511627906
MOTOR_ACCUM=1.0506976744186047
MOTOR_ROT=2

[12:01:50.750 EBOX]
TS=1786204400.718
V_SENSE5=1.3134765625
V_SENSE9=0.03173828125
V_SENSE12=0.15380859375
ADC_V5=4.82330322265625
ADC_V9=8.9031982421875
ADC_V12=11.56707763671875
ADC_V28=27.47955322265625
THERMAL_SENS_OUT_1=28
THERMAL_SENS_OUT_2=-50
THERMAL_SENS_OUT_3=31
THERMAL_SENS_OUT_4=25
THERMAL_SENS_OUT_5=32
THERMAL_SENS_OUT_6=-50
THERMAL_SENS_INT_1=24
THERMAL_SENS_INT_2=31
PG_5=0
PG_9=0
PG_12=0
FLT_P2=0
FLT_P3=0
HEAT_1_TEMP=28
HEAT_1_DUTY=0
HEAT_1_SP=-20.0
HEAT_2_TEMP=31
HEAT_2_DUTY=0
HEAT_2_SP=-20.0
HEAT_3_TEMP=25
HEAT_3_DUTY=0
HEAT_3_SP=-20.0
HEAT_4_TEMP=32
HEAT_4_DUTY=0
HEAT_4_SP=-20.0
MOTOR_ANGLE=0.004186046511627906
MOTOR_ACCUM=1.0506976744186047
MOTOR_ROT=2

[12:01:51.168 EBOX]
TS=1786204401.211
V_SENSE5=1.3525390625
V_SENSE9=0.0390625
V_SENSE12=0.107421875
ADC_V5=4.9560546875
ADC_V9=9.41650390625
ADC_V12=11.90338134765625
ADC_V28=27.647705078125
THERMAL_SENS_OUT_1=28
THERMAL_SENS_OUT_2=-50
THERMAL_SENS_OUT_3=32
THERMAL_SENS_OUT_4=29
THERMAL_SENS_OUT_5=34
THERMAL_SENS_OUT_6=-50
THERMAL_SENS_INT_1=24
THERMAL_SENS_INT_2=30
PG_5=0
PG_9=0
PG_12=0
FLT_P2=0
FLT_P3=0
HEAT_1_TEMP=28
HEAT_1_DUTY=0
HEAT_1_SP=-20.0
HEAT_2_TEMP=32
HEAT_2_DUTY=0
HEAT_2_SP=-20.0
HEAT_3_TEMP=29
HEAT_3_DUTY=0
HEAT_3_SP=-20.0
HEAT_4_TEMP=34
HEAT_4_DUTY=0
HEAT_4_SP=-20.0
MOTOR_ANGLE=0.004186046511627906
MOTOR_ACCUM=1.0506976744186047
MOTOR_ROT=2

[12:01:51.689 EBOX]
TS=1786204401.712
V_SENSE5=1.21826171875
V_SENSE9=0.0341796875
V_SENSE12=0.14404296875
ADC_V5=4.9737548828125
ADC_V9=8.9208984375
ADC_V12=11.86798095703125
ADC_V28=27.0458984375
THERMAL_SENS_OUT_1=26
THERMAL_SENS_OUT_2=-50
THERMAL_SENS_OUT_3=30
THERMAL_SENS_OUT_4=28
THERMAL_SENS_OUT_5=32
THERMAL_SENS_OUT_6=-50
THERMAL_SENS_INT_1=29
THERMAL_SENS_INT_2=27
PG_5=0
PG_9=0
PG_12=0
FLT_P2=0
FLT_P3=0
HEAT_1_TEMP=26
HEAT_1_DUTY=0
HEAT_1_SP=-20.0
HEAT_2_TEMP=30
HEAT_2_DUTY=0
HEAT_2_SP=-20.0
HEAT_3_TEMP=28
HEAT_3_DUTY=0
HEAT_3_SP=-20.0
HEAT_4_TEMP=32
HEAT_4_DUTY=0
HEAT_4_SP=-20.0
MOTOR_ANGLE=0.004186046511627906
MOTOR_ACCUM=1.0506976744186047
MOTOR_ROT=2

[12:01:52.107 EBOX]
TS=1786204402.214
V_SENSE5=1.23046875
V_SENSE9=0.07568359375
V_SENSE12=0.13671875
ADC_V5=4.814453125
ADC_V9=9.451904296875
ADC_V12=11.5582275390625
ADC_V28=27.3114013671875
THERMAL_SENS_OUT_1=28
THERMAL_SENS_OUT_2=-50
THERMAL_SENS_OUT_3=31
THERMAL_SENS_OUT_4=29
THERMAL_SENS_OUT_5=32
THERMAL_SENS_OUT_6=-50
THERMAL_SENS_INT_1=29
THERMAL_SENS_INT_2=26
PG_5=0
PG_9=0
PG_12=0
FLT_P2=0
FLT_P3=0
HEAT_1_TEMP=28
HEAT_1_DUTY=0
HEAT_1_SP=-20.0
HEAT_2_TEMP=31
HEAT_2_DUTY=0
HEAT_2_SP=-20.0
HEAT_3_TEMP=29
HEAT_3_DUTY=0
HEAT_3_SP=-20.0
HEAT_4_TEMP=32
HEAT_4_DUTY=0
HEAT_4_SP=-20.0
MOTOR_ANGLE=0.004186046511627906
MOTOR_ACCUM=1.0506976744186047
MOTOR_ROT=2

[12:01:52.577 EBOX]
TS=1786204402.714
V_SENSE5=1.2744140625
V_SENSE9=0.03173828125
V_SENSE12=0.11474609375
ADC_V5=4.89410400390625
ADC_V9=9.41650390625
ADC_V12=11.7352294921875
ADC_V28=27.9132080078125
THERMAL_SENS_OUT_1=27
THERMAL_SENS_OUT_2=-50
THERMAL_SENS_OUT_3=33
THERMAL_SENS_OUT_4=26
THERMAL_SENS_OUT_5=36
THERMAL_SENS_OUT_6=-50
THERMAL_SENS_INT_1=28
THERMAL_SENS_INT_2=26
PG_5=0
PG_9=0
PG_12=0
FLT_P2=0
FLT_P3=0
HEAT_1_TEMP=27
HEAT_1_DUTY=0
HEAT_1_SP=-20.0
HEAT_2_TEMP=33
HEAT_2_DUTY=0
HEAT_2_SP=-20.0
HEAT_3_TEMP=26
HEAT_3_DUTY=0
HEAT_3_SP=-20.0
HEAT_4_TEMP=36
HEAT_4_DUTY=0
HEAT_4_SP=-20.0
MOTOR_ANGLE=0.004186046511627906
MOTOR_ACCUM=1.0506976744186047
MOTOR_ROT=2

[12:01:53.299 EBOX]
TS=1786204403.221
V_SENSE5=1.24755859375
V_SENSE9=0.0341796875
V_SENSE12=0.107421875
ADC_V5=5.00030517578125
ADC_V9=8.80584716796875
ADC_V12=11.83258056640625
ADC_V28=27.79815673828125
THERMAL_SENS_OUT_1=33
THERMAL_SENS_OUT_2=-50
THERMAL_SENS_OUT_3=37
THERMAL_SENS_OUT_4=30
THERMAL_SENS_OUT_5=36
THERMAL_SENS_OUT_6=-50
THERMAL_SENS_INT_1=27
THERMAL_SENS_INT_2=28
PG_5=0
PG_9=0
PG_12=0
FLT_P2=0
FLT_P3=0
HEAT_1_TEMP=33
HEAT_1_DUTY=0
HEAT_1_SP=-20.0
HEAT_2_TEMP=37
HEAT_2_DUTY=0
HEAT_2_SP=-20.0
HEAT_3_TEMP=30
HEAT_3_DUTY=0
HEAT_3_SP=-20.0
HEAT_4_TEMP=36
HEAT_4_DUTY=0
HEAT_4_SP=-20.0
MOTOR_ANGLE=0.004186046511627906
MOTOR_ACCUM=1.0506976744186047
MOTOR_ROT=2

[12:01:53.918 EBOX]
TS=1786204403.717
V_SENSE5=1.35009765625
V_SENSE9=0.06591796875
V_SENSE12=0.10986328125
ADC_V5=5.00030517578125
ADC_V9=9.345703125
ADC_V12=11.9476318359375
ADC_V28=27.7008056640625
THERMAL_SENS_OUT_1=32
THERMAL_SENS_OUT_2=-50
THERMAL_SENS_OUT_3=35
THERMAL_SENS_OUT_4=26
THERMAL_SENS_OUT_5=37
THERMAL_SENS_OUT_6=-50
THERMAL_SENS_INT_1=30
THERMAL_SENS_INT_2=27
PG_5=0
PG_9=0
PG_12=0
FLT_P2=0
FLT_P3=0
HEAT_1_TEMP=32
HEAT_1_DUTY=0
HEAT_1_SP=-20.0
HEAT_2_TEMP=35
HEAT_2_DUTY=0
HEAT_2_SP=-20.0
HEAT_3_TEMP=26
HEAT_3_DUTY=0
HEAT_3_SP=-20.0
HEAT_4_TEMP=37
HEAT_4_DUTY=0
HEAT_4_SP=-20.0
MOTOR_ANGLE=0.004186046511627906
MOTOR_ACCUM=1.0506976744186047
MOTOR_ROT=2

[12:01:54.443 EBOX]
TS=1786204404.218
V_SENSE5=1.1962890625
V_SENSE9=0.03662109375
V_SENSE12=0.13427734375
ADC_V5=4.94720458984375
ADC_V9=9.12445068359375
ADC_V12=11.88568115234375
ADC_V28=27.11669921875
THERMAL_SENS_OUT_1=27
THERMAL_SENS_OUT_2=-50
THERMAL_SENS_OUT_3=37
THERMAL_SENS_OUT_4=28
THERMAL_SENS_OUT_5=35
THERMAL_SENS_OUT_6=-50
THERMAL_SENS_INT_1=25
THERMAL_SENS_INT_2=27
PG_5=0
PG_9=0
PG_12=0
FLT_P2=0
FLT_P3=0
HEAT_1_TEMP=27
HEAT_1_DUTY=0
HEAT_1_SP=-20.0
HEAT_2_TEMP=37
HEAT_2_DUTY=0
HEAT_2_SP=-20.0
HEAT_3_TEMP=28
HEAT_3_DUTY=0
HEAT_3_SP=-20.0
HEAT_4_TEMP=35
HEAT_4_DUTY=0
HEAT_4_SP=-20.0
MOTOR_ANGLE=0.004186046511627906
MOTOR_ACCUM=1.0506976744186047
MOTOR_ROT=2

[12:01:54.762 EBOX]
TS=1786204404.721
V_SENSE5=1.29638671875
V_SENSE9=0.0537109375
V_SENSE12=0.10986328125
ADC_V5=4.9560546875
ADC_V9=8.7261962890625
ADC_V12=11.8060302734375
ADC_V28=26.98394775390625
THERMAL_SENS_OUT_1=26
THERMAL_SENS_OUT_2=-50
THERMAL_SENS_OUT_3=35
THERMAL_SENS_OUT_4=25
THERMAL_SENS_OUT_5=35
THERMAL_SENS_OUT_6=-50
THERMAL_SENS_INT_1=27
THERMAL_SENS_INT_2=24
PG_5=0
PG_9=0
PG_12=0
FLT_P2=0
FLT_P3=0
HEAT_1_TEMP=26
HEAT_1_DUTY=0
HEAT_1_SP=-20.0
HEAT_2_TEMP=35
HEAT_2_DUTY=0
HEAT_2_SP=-20.0
HEAT_3_TEMP=25
HEAT_3_DUTY=0
HEAT_3_SP=-20.0
HEAT_4_TEMP=35
HEAT_4_DUTY=0
HEAT_4_SP=-20.0
MOTOR_ANGLE=0.004186046511627906
MOTOR_ACCUM=1.0506976744186047
MOTOR_ROT=2

[12:01:55.149 EBOX]
TS=1786204405.226
V_SENSE5=1.240234375
V_SENSE9=0.0390625
V_SENSE12=0.11474609375
ADC_V5=4.96490478515625
ADC_V9=8.99169921875
ADC_V12=11.76177978515625
ADC_V28=27.4530029296875
THERMAL_SENS_OUT_1=29
THERMAL_SENS_OUT_2=-50
THERMAL_SENS_OUT_3=36
THERMAL_SENS_OUT_4=26
THERMAL_SENS_OUT_5=34
THERMAL_SENS_OUT_6=-50
THERMAL_SENS_INT_1=25
THERMAL_SENS_INT_2=27
PG_5=0
PG_9=0
PG_12=0
FLT_P2=0
FLT_P3=0
HEAT_1_TEMP=29
HEAT_1_DUTY=0
HEAT_1_SP=-20.0
HEAT_2_TEMP=36
HEAT_2_DUTY=0
HEAT_2_SP=-20.0
HEAT_3_TEMP=26
HEAT_3_DUTY=0
HEAT_3_SP=-20.0
HEAT_4_TEMP=34
HEAT_4_DUTY=0
HEAT_4_SP=-20.0
MOTOR_ANGLE=0.004186046511627906
MOTOR_ACCUM=1.0506976744186047
MOTOR_ROT=2

[12:01:57.591 EBOX]
TS=1786204405.733
V_SENSE5=1.2451171875
V_SENSE9=0.0390625
V_SENSE12=0.1171875
ADC_V5=4.991455078125
ADC_V9=9.05364990234375
ADC_V12=11.76177978515625
ADC_V28=27.718505859375
THERMAL_SENS_OUT_1=27
THERMAL_SENS_OUT_2=-50
THERMAL_SENS_OUT_3=30
THERMAL_SENS_OUT_4=28
THERMAL_SENS_OUT_5=38
THERMAL_SENS_OUT_6=-50
THERMAL_SENS_INT_1=29
THERMAL_SENS_INT_2=29
PG_5=0
PG_9=0
PG_12=0
FLT_P2=0
FLT_P3=0
HEAT_1_TEMP=27
HEAT_1_DUTY=0
HEAT_1_SP=-20.0
HEAT_2_TEMP=30
HEAT_2_DUTY=0
HEAT_2_SP=-20.0
HEAT_3_TEMP=28
HEAT_3_DUTY=0
HEAT_3_SP=-20.0
HEAT_4_TEMP=38
HEAT_4_DUTY=0
HEAT_4_SP=-20.0
MOTOR_ANGLE=0.004186046511627906
MOTOR_ACCUM=1.0506976744186047
MOTOR_ROT=2
TS=1786204406.235
V_SENSE5=1.30859375
V_SENSE9=0.0390625
V_SENSE12=0.17333984375
ADC_V5=4.9560546875
ADC_V9=9.42535400390625
ADC_V12=11.9476318359375
ADC_V28=27.7008056640625
THERMAL_SENS_OUT_1=30
THERMAL_SENS_OUT_2=-50
THERMAL_SENS_OUT_3=32
THERMAL_SENS_OUT_4=27
THERMAL_SENS_OUT_5=34
THERMAL_SENS_OUT_6=-50
THERMAL_SENS_INT_1=24
THERMAL_SENS_INT_2=31
PG_5=0
PG_9=0
PG_12=0
FLT_P2=0
FLT_P3=0
HEAT_1_TEMP=30
HEAT_1_DUTY=0
HEAT_1_SP=-20.0
HEAT_2_TEMP=32
HEAT_2_DUTY=0
HEAT_2_SP=-20.0
HEAT_3_TEMP=27
HEAT_3_DUTY=0
HEAT_3_SP=-20.0
HEAT_4_TEMP=34
HEAT_4_DUTY=0
HEAT_4_SP=-20.0
MOTOR_ANGLE=0.004186046511627906
MOTOR_ACCUM=1.0506976744186047
MOTOR_ROT=2

[12:01:57.835 EBOX]
TS=1786204406.731
V_SENSE5=1.3525390625
V_SENSE9=0.0341796875
V_SENSE12=0.107421875
ADC_V5=4.9560546875
ADC_V9=9.168701171875
ADC_V12=11.58477783203125
ADC_V28=27.78045654296875
THERMAL_SENS_OUT_1=31
THERMAL_SENS_OUT_2=-50
THERMAL_SENS_OUT_3=34
THERMAL_SENS_OUT_4=25
THERMAL_SENS_OUT_5=34
THERMAL_SENS_OUT_6=-50
THERMAL_SENS_INT_1=23
THERMAL_SENS_INT_2=26
PG_5=0
PG_9=0
PG_12=0
FLT_P2=0
FLT_P3=0
HEAT_1_TEMP=31
HEAT_1_DUTY=0
HEAT_1_SP=-20.0
HEAT_2_TEMP=34
HEAT_2_DUTY=0
HEAT_2_SP=-20.0
HEAT_3_TEMP=25
HEAT_3_DUTY=0
HEAT_3_SP=-20.0
HEAT_4_TEMP=34
HEAT_4_DUTY=0
HEAT_4_SP=-20.0
MOTOR_ANGLE=0.004186046511627906
MOTOR_ACCUM=1.0506976744186047
MOTOR_ROT=2
TS=1786204407.233
V_SENSE5=1.21337890625
V_SENSE9=0.0341796875
V_SENSE12=0.10986328125
ADC_V5=4.8321533203125
ADC_V9=9.58465576171875
ADC_V12=11.67327880859375
ADC_V28=27.3291015625
THERMAL_SENS_OUT_1=29
THERMAL_SENS_OUT_2=-50
THERMAL_SENS_OUT_3=33
THERMAL_SENS_OUT_4=26
THERMAL_SENS_OUT_5=35
THERMAL_SENS_OUT_6=-50
THERMAL_SENS_INT_1=23
THERMAL_SENS_INT_2=28
PG_5=0
PG_9=0
PG_12=0
FLT_P2=0
FLT_P3=0
HEAT_1_TEMP=29
HEAT_1_DUTY=0
HEAT_1_SP=-20.0
HEAT_2_TEMP=33
HEAT_2_DUTY=0
HEAT_2_SP=-20.0
HEAT_3_TEMP=26
HEAT_3_DUTY=0
HEAT_3_SP=-20.0
HEAT_4_TEMP=35
HEAT_4_DUTY=0
HEAT_4_SP=-20.0
MOTOR_ANGLE=0.004186046511627906
MOTOR_ACCUM=1.0506976744186047
MOTOR_ROT=2
TS=1786204407.735
V_SENSE5=1.46240234375
V_SENSE9=0.03662109375
V_SENSE12=0.1220703125
ADC_V5=4.92950439453125
ADC_V9=9.310302734375

[12:01:57.954 EBOX]
ADC_V12=11.611328125
ADC_V28=27.82470703125
THERMAL_SENS_OUT_1=29
THERMAL_SENS_OUT_2=-50
THERMAL_SENS_OUT_3=31
THERMAL_SENS_OUT_4=29
THERMAL_SENS_OUT_5=35
THERMAL_SENS_OUT_6=-50
THERMAL_SENS_INT_1=27
THERMAL_SENS_INT_2=25
PG_5=0
PG_9=0
PG_12=0
FLT_P2=0
FLT_P3=0
HEAT_1_TEMP=29
HEAT_1_DUTY=0
HEAT_1_SP=-20.0
HEAT_2_TEMP=31
HEAT_2_DUTY=0
HEAT_2_SP=-20.0
HEAT_3_TEMP=29
HEAT_3_DUTY=0
HEAT_3_SP=-20.0
HEAT_4_TEMP=35
HEAT_4_DUTY=0
HEAT_4_SP=-20.0
MOTOR_ANGLE=0.004186046511627906
MOTOR_ACCUM=1.0506976744186047
MOTOR_ROT=2

[12:01:58.375 EBOX]
TS=1786204408.235
V_SENSE5=1.23291015625
V_SENSE9=0.0341796875
V_SENSE12=0.1220703125
ADC_V5=4.8321533203125
ADC_V9=8.84124755859375
ADC_V12=11.9122314453125
ADC_V28=27.49725341796875
THERMAL_SENS_OUT_1=29
THERMAL_SENS_OUT_2=-50
THERMAL_SENS_OUT_3=33
THERMAL_SENS_OUT_4=28
THERMAL_SENS_OUT_5=32
THERMAL_SENS_OUT_6=-50
THERMAL_SENS_INT_1=26
THERMAL_SENS_INT_2=25
PG_5=0
PG_9=0
PG_12=0
FLT_P2=0
FLT_P3=0
HEAT_1_TEMP=29
HEAT_1_DUTY=0
HEAT_1_SP=-20.0
HEAT_2_TEMP=33
HEAT_2_DUTY=0
HEAT_2_SP=-20.0
HEAT_3_TEMP=28
HEAT_3_DUTY=0
HEAT_3_SP=-20.0
HEAT_4_TEMP=32
HEAT_4_DUTY=0
HEAT_4_SP=-20.0
MOTOR_ANGLE=0.004186046511627906
MOTOR_ACCUM=1.0506976744186047
MOTOR_ROT=2

[12:01:58.796 EBOX]
TS=1786204408.737
V_SENSE5=1.19384765625
V_SENSE9=0.07568359375
V_SENSE12=0.107421875
ADC_V5=4.88525390625
ADC_V9=9.46075439453125
ADC_V12=11.54052734375
ADC_V28=27.58575439453125
THERMAL_SENS_OUT_1=27
THERMAL_SENS_OUT_2=-50
THERMAL_SENS_OUT_3=33
THERMAL_SENS_OUT_4=26
THERMAL_SENS_OUT_5=37
THERMAL_SENS_OUT_6=-50
THERMAL_SENS_INT_1=26
THERMAL_SENS_INT_2=27
PG_5=0
PG_9=0
PG_12=0
FLT_P2=0
FLT_P3=0
HEAT_1_TEMP=27
HEAT_1_DUTY=0
HEAT_1_SP=-20.0
HEAT_2_TEMP=33
HEAT_2_DUTY=0
HEAT_2_SP=-20.0
HEAT_3_TEMP=26
HEAT_3_DUTY=0
HEAT_3_SP=-20.0
HEAT_4_TEMP=37
HEAT_4_DUTY=0
HEAT_4_SP=-20.0
MOTOR_ANGLE=0.004186046511627906
MOTOR_ACCUM=1.0506976744186047
MOTOR_ROT=2

[12:01:59.212 EBOX]
TS=1786204409.238
V_SENSE5=1.3671875
V_SENSE9=0.07568359375
V_SENSE12=0.1171875
ADC_V5=4.9383544921875
ADC_V9=8.9739990234375
ADC_V12=11.859130859375
ADC_V28=27.39990234375
THERMAL_SENS_OUT_1=31
THERMAL_SENS_OUT_2=-50
THERMAL_SENS_OUT_3=36
THERMAL_SENS_OUT_4=26
THERMAL_SENS_OUT_5=32
THERMAL_SENS_OUT_6=-50
THERMAL_SENS_INT_1=29
THERMAL_SENS_INT_2=24
PG_5=0
PG_9=0
PG_12=0
FLT_P2=0
FLT_P3=0
HEAT_1_TEMP=31
HEAT_1_DUTY=0
HEAT_1_SP=-20.0
HEAT_2_TEMP=36
HEAT_2_DUTY=0
HEAT_2_SP=-20.0
HEAT_3_TEMP=26
HEAT_3_DUTY=0
HEAT_3_SP=-20.0
HEAT_4_TEMP=32
HEAT_4_DUTY=0
HEAT_4_SP=-20.0
MOTOR_ANGLE=0.004186046511627906
MOTOR_ACCUM=1.0506976744186047
MOTOR_ROT=2

[12:01:59.733 EBOX]
TS=1786204409.740
V_SENSE5=1.29638671875
V_SENSE9=0.0390625
V_SENSE12=0.126953125
ADC_V5=4.9560546875
ADC_V9=9.13330078125
ADC_V12=11.8060302734375
ADC_V28=26.94854736328125
THERMAL_SENS_OUT_1=27
THERMAL_SENS_OUT_2=-50
THERMAL_SENS_OUT_3=36
THERMAL_SENS_OUT_4=28
THERMAL_SENS_OUT_5=32
THERMAL_SENS_OUT_6=-50
THERMAL_SENS_INT_1=25
THERMAL_SENS_INT_2=29
PG_5=0
PG_9=0
PG_12=0
FLT_P2=0
FLT_P3=0
HEAT_1_TEMP=27
HEAT_1_DUTY=0
HEAT_1_SP=-20.0
HEAT_2_TEMP=36
HEAT_2_DUTY=0
HEAT_2_SP=-20.0
HEAT_3_TEMP=28
HEAT_3_DUTY=0
HEAT_3_SP=-20.0
HEAT_4_TEMP=32
HEAT_4_DUTY=0
HEAT_4_SP=-20.0
MOTOR_ANGLE=0.004186046511627906
MOTOR_ACCUM=1.0506976744186047
MOTOR_ROT=2

[12:02:00.353 EBOX]
TS=1786204410.241
V_SENSE5=1.4453125
V_SENSE9=0.0390625
V_SENSE12=0.11962890625
ADC_V5=4.84100341796875
ADC_V9=9.310302734375
ADC_V12=11.53167724609375
ADC_V28=27.60345458984375
THERMAL_SENS_OUT_1=31
THERMAL_SENS_OUT_2=-50
THERMAL_SENS_OUT_3=34
THERMAL_SENS_OUT_4=26
THERMAL_SENS_OUT_5=36
THERMAL_SENS_OUT_6=-50
THERMAL_SENS_INT_1=28
THERMAL_SENS_INT_2=26
PG_5=0
PG_9=0
PG_12=0
FLT_P2=0
FLT_P3=0
HEAT_1_TEMP=31
HEAT_1_DUTY=0
HEAT_1_SP=-20.0
HEAT_2_TEMP=34
HEAT_2_DUTY=0
HEAT_2_SP=-20.0
HEAT_3_TEMP=26
HEAT_3_DUTY=0
HEAT_3_SP=-20.0
HEAT_4_TEMP=36
HEAT_4_DUTY=0
HEAT_4_SP=-20.0
MOTOR_ANGLE=0.004186046511627906
MOTOR_ACCUM=1.0506976744186047
MOTOR_ROT=2

[12:02:00.577 EBOX]
TS=1786204410.742
V_SENSE5=1.3427734375
V_SENSE9=0.0341796875
V_SENSE12=0.11962890625
ADC_V5=4.84100341796875
ADC_V9=9.0625
ADC_V12=11.53167724609375
ADC_V28=27.63885498046875
THERMAL_SENS_OUT_1=32
THERMAL_SENS_OUT_2=-50
THERMAL_SENS_OUT_3=32
THERMAL_SENS_OUT_4=27
THERMAL_SENS_OUT_5=35
THERMAL_SENS_OUT_6=-50
THERMAL_SENS_INT_1=26
THERMAL_SENS_INT_2=26
PG_5=0
PG_9=0
PG_12=0
FLT_P2=0
FLT_P3=0
HEAT_1_TEMP=32
HEAT_1_DUTY=0
HEAT_1_SP=-20.0
HEAT_2_TEMP=32
HEAT_2_DUTY=0
HEAT_2_SP=-20.0
HEAT_3_TEMP=27
HEAT_3_DUTY=0
HEAT_3_SP=-20.0
HEAT_4_TEMP=35
HEAT_4_DUTY=0
HEAT_4_SP=-20.0
MOTOR_ANGLE=0.004186046511627906
MOTOR_ACCUM=1.0506976744186047
MOTOR_ROT=2

[12:02:00.900 EBOX]
TS=1786204411.243
V_SENSE5=1.28662109375
V_SENSE9=0.0341796875
V_SENSE12=0.1171875
ADC_V5=4.9029541015625
ADC_V9=9.239501953125
ADC_V12=11.859130859375
ADC_V28=27.09014892578125
THERMAL_SENS_OUT_1=27
THERMAL_SENS_OUT_2=-50
THERMAL_SENS_OUT_3=32
THERMAL_SENS_OUT_4=30
THERMAL_SENS_OUT_5=34
THERMAL_SENS_OUT_6=-50
THERMAL_SENS_INT_1=27
THERMAL_SENS_INT_2=25
PG_5=0
PG_9=0
PG_12=0
FLT_P2=0
FLT_P3=0
HEAT_1_TEMP=27
HEAT_1_DUTY=0
HEAT_1_SP=-20.0
HEAT_2_TEMP=32
HEAT_2_DUTY=0
HEAT_2_SP=-20.0
HEAT_3_TEMP=30
HEAT_3_DUTY=0
HEAT_3_SP=-20.0
HEAT_4_TEMP=34
HEAT_4_DUTY=0
HEAT_4_SP=-20.0
MOTOR_ANGLE=0.004186046511627906
MOTOR_ACCUM=1.0506976744186047
MOTOR_ROT=2

[12:02:01.320 EBOX]
TS=1786204411.745
V_SENSE5=1.15234375
V_SENSE9=0.0390625
V_SENSE12=0.1171875
ADC_V5=4.96490478515625
ADC_V9=9.27490234375
ADC_V12=11.6998291015625
ADC_V28=27.79815673828125
THERMAL_SENS_OUT_1=29
THERMAL_SENS_OUT_2=-50
THERMAL_SENS_OUT_3=31
THERMAL_SENS_OUT_4=25
THERMAL_SENS_OUT_5=38
THERMAL_SENS_OUT_6=-50
THERMAL_SENS_INT_1=29
THERMAL_SENS_INT_2=27
PG_5=0
PG_9=0
PG_12=0
FLT_P2=0
FLT_P3=0
HEAT_1_TEMP=29
HEAT_1_DUTY=0
HEAT_1_SP=-20.0
HEAT_2_TEMP=31
HEAT_2_DUTY=0
HEAT_2_SP=-20.0
HEAT_3_TEMP=25
HEAT_3_DUTY=0
HEAT_3_SP=-20.0
HEAT_4_TEMP=38
HEAT_4_DUTY=0
HEAT_4_SP=-20.0
MOTOR_ANGLE=0.004186046511627906
MOTOR_ACCUM=1.0506976744186047
MOTOR_ROT=2

[12:02:03.603 EBOX]
TS=1786204412.251
V_SENSE5=1.2451171875
V_SENSE9=0.04638671875
V_SENSE12=0.10986328125
ADC_V5=4.920654296875
ADC_V9=8.9031982421875
ADC_V12=11.8060302734375
ADC_V28=27.6654052734375
THERMAL_SENS_OUT_1=28
THERMAL_SENS_OUT_2=-50
THERMAL_SENS_OUT_3=32
THERMAL_SENS_OUT_4=29
THERMAL_SENS_OUT_5=35
THERMAL_SENS_OUT_6=-50
THERMAL_SENS_INT_1=24
THERMAL_SENS_INT_2=26
PG_5=0
PG_9=0
PG_12=0
FLT_P2=0
FLT_P3=0
HEAT_1_TEMP=28
HEAT_1_DUTY=0
HEAT_1_SP=-20.0
HEAT_2_TEMP=32
HEAT_2_DUTY=0
HEAT_2_SP=-20.0
HEAT_3_TEMP=29
HEAT_3_DUTY=0
HEAT_3_SP=-20.0
HEAT_4_TEMP=35
HEAT_4_DUTY=0
HEAT_4_SP=-20.0
MOTOR_ANGLE=0.004186046511627906
MOTOR_ACCUM=1.0506976744186047
MOTOR_ROT=2
TS=1786204412.748
V_SENSE5=1.36474609375
V_SENSE9=0.0390625
V_SENSE12=0.1123046875
ADC_V5=4.9383544921875
ADC_V9=9.10675048828125
ADC_V12=11.82373046875
ADC_V28=27.010498046875
THERMAL_SENS_OUT_1=27
THERMAL_SENS_OUT_2=-50
THERMAL_SENS_OUT_3=31
THERMAL_SENS_OUT_4=29
THERMAL_SENS_OUT_5=32
THERMAL_SENS_OUT_6=-50
THERMAL_SENS_INT_1=23
THERMAL_SENS_INT_2=27
PG_5=0
PG_9=0
PG_12=0
FLT_P2=0
FLT_P3=0
HEAT_1_TEMP=27
HEAT_1_DUTY=0
HEAT_1_SP=-20.0
HEAT_2_TEMP=31
HEAT_2_DUTY=0
HEAT_2_SP=-20.0
HEAT_3_TEMP=29
HEAT_3_DUTY=0
HEAT_3_SP=-20.0
HEAT_4_TEMP=32
HEAT_4_DUTY=0
HEAT_4_SP=-20.0
MOTOR_ANGLE=0.004186046511627906
MOTOR_ACCUM=1.0506976744186047
MOTOR_ROT=2

[12:02:04.237 EBOX]
TS=1786204413.250
V_SENSE5=1.52099609375
V_SENSE9=0.03173828125
V_SENSE12=0.1123046875
ADC_V5=4.849853515625
ADC_V9=9.12445068359375
ADC_V12=11.6290283203125
ADC_V28=27.86895751953125
THERMAL_SENS_OUT_1=27
THERMAL_SENS_OUT_2=-50
THERMAL_SENS_OUT_3=31
THERMAL_SENS_OUT_4=30
THERMAL_SENS_OUT_5=34
THERMAL_SENS_OUT_6=-50
THERMAL_SENS_INT_1=24
THERMAL_SENS_INT_2=29
PG_5=0
PG_9=0
PG_12=0
FLT_P2=0
FLT_P3=0
HEAT_1_TEMP=27
HEAT_1_DUTY=0
HEAT_1_SP=-20.0
HEAT_2_TEMP=31
HEAT_2_DUTY=0
HEAT_2_SP=-20.0
HEAT_3_TEMP=30
HEAT_3_DUTY=0
HEAT_3_SP=-20.0
HEAT_4_TEMP=34
HEAT_4_DUTY=0
HEAT_4_SP=-20.0
MOTOR_ANGLE=0.004186046511627906
MOTOR_ACCUM=1.0506976744186047
MOTOR_ROT=2
TS=1786204413.751
V_SENSE5=1.3818359375
V_SENSE9=0.0390625
V_SENSE12=0.1220703125
ADC_V5=4.8321533203125
ADC_V9=9.49615478515625
ADC_V12=11.63787841796875
ADC_V28=27.85125732421875
THERMAL_SENS_OUT_1=31
THERMAL_SENS_OUT_2=-50
THERMAL_SENS_OUT_3=32
THERMAL_SENS_OUT_4=30
THERMAL_SENS_OUT_5=33
THERMAL_SENS_OUT_6=-50
THERMAL_SENS_INT_1=24
THERMAL_SENS_INT_2=30
PG_5=0
PG_9=0
PG_12=0
FLT_P2=0
FLT_P3=0
HEAT_1_TEMP=31
HEAT_1_DUTY=0
HEAT_1_SP=-20.0
HEAT_2_TEMP=32
HEAT_2_DUTY=0
HEAT_2_SP=-20.0
HEAT_3_TEMP=30
HEAT_3_DUTY=0
HEAT_3_SP=-20.0
HEAT_4_TEMP=33
HEAT_4_DUTY=0
HEAT_4_SP=-20.0
MOTOR_ANGLE=0.004186046511627906
MOTOR_ACCUM=1.0506976744186047
MOTOR_ROT=2

[12:02:04.560 EBOX]
TS=1786204414.252
V_SENSE5=1.22314453125
V_SENSE9=0.0390625
V_SENSE12=0.1220703125
ADC_V5=4.88525390625
ADC_V9=9.30145263671875
ADC_V12=11.646728515625
ADC_V28=27.96630859375
THERMAL_SENS_OUT_1=29
THERMAL_SENS_OUT_2=-50
THERMAL_SENS_OUT_3=30
THERMAL_SENS_OUT_4=29
THERMAL_SENS_OUT_5=32
THERMAL_SENS_OUT_6=-50
THERMAL_SENS_INT_1=24
THERMAL_SENS_INT_2=31
PG_5=0
PG_9=0
PG_12=0
FLT_P2=0
FLT_P3=0
HEAT_1_TEMP=29
HEAT_1_DUTY=0
HEAT_1_SP=-20.0
HEAT_2_TEMP=30
HEAT_2_DUTY=0
HEAT_2_SP=-20.0
HEAT_3_TEMP=29
HEAT_3_DUTY=0
HEAT_3_SP=-20.0
HEAT_4_TEMP=32
HEAT_4_DUTY=0
HEAT_4_SP=-20.0
MOTOR_ANGLE=0.004186046511627906
MOTOR_ACCUM=1.0506976744186047
MOTOR_ROT=2

[12:02:05.276 EBOX]
TS=1786204414.756
V_SENSE5=1.3525390625
V_SENSE9=0.0341796875
V_SENSE12=0.107421875
ADC_V5=5.00030517578125
ADC_V9=8.885498046875
ADC_V12=11.99188232421875
ADC_V28=27.6300048828125
THERMAL_SENS_OUT_1=31
THERMAL_SENS_OUT_2=-50
THERMAL_SENS_OUT_3=34
THERMAL_SENS_OUT_4=30
THERMAL_SENS_OUT_5=33
THERMAL_SENS_OUT_6=-50
THERMAL_SENS_INT_1=25
THERMAL_SENS_INT_2=28
PG_5=0
PG_9=0
PG_12=0
FLT_P2=0
FLT_P3=0
HEAT_1_TEMP=31
HEAT_1_DUTY=0
HEAT_1_SP=-20.0
HEAT_2_TEMP=34
HEAT_2_DUTY=0
HEAT_2_SP=-20.0
HEAT_3_TEMP=30
HEAT_3_DUTY=0
HEAT_3_SP=-20.0
HEAT_4_TEMP=33
HEAT_4_DUTY=0
HEAT_4_SP=-20.0
MOTOR_ANGLE=0.004186046511627906
MOTOR_ACCUM=1.0506976744186047
MOTOR_ROT=2

[12:02:08.459 EBOX]
TS=1786204415.255
V_SENSE5=1.19873046875
V_SENSE9=0.0390625
V_SENSE12=0.10986328125
ADC_V5=4.920654296875
ADC_V9=9.42535400390625
ADC_V12=11.54937744140625
ADC_V28=27.010498046875
THERMAL_SENS_OUT_1=27
THERMAL_SENS_OUT_2=-50
THERMAL_SENS_OUT_3=35
THERMAL_SENS_OUT_4=28
THERMAL_SENS_OUT_5=33
THERMAL_SENS_OUT_6=-50
THERMAL_SENS_INT_1=25
THERMAL_SENS_INT_2=30
PG_5=0
PG_9=0
PG_12=0
FLT_P2=0
FLT_P3=0
HEAT_1_TEMP=27
HEAT_1_DUTY=0
HEAT_1_SP=-20.0
HEAT_2_TEMP=35
HEAT_2_DUTY=0
HEAT_2_SP=-20.0
HEAT_3_TEMP=28
HEAT_3_DUTY=0
HEAT_3_SP=-20.0
HEAT_4_TEMP=33
HEAT_4_DUTY=0
HEAT_4_SP=-20.0
MOTOR_ANGLE=0.004186046511627906
MOTOR_ACCUM=1.0506976744186047
MOTOR_ROT=2
TS=1786204415.758
V_SENSE5=1.32568359375
V_SENSE9=0.03662109375
V_SENSE12=0.1171875
ADC_V5=4.88525390625
ADC_V9=9.21295166015625
ADC_V12=11.58477783203125
ADC_V28=27.0458984375
THERMAL_SENS_OUT_1=27
THERMAL_SENS_OUT_2=-50
THERMAL_SENS_OUT_3=31
THERMAL_SENS_OUT_4=30
THERMAL_SENS_OUT_5=33
THERMAL_SENS_OUT_6=-50
THERMAL_SENS_INT_1=23
THERMAL_SENS_INT_2=29
PG_5=0
PG_9=0
PG_12=0
FLT_P2=0
FLT_P3=0
HEAT_1_TEMP=27
HEAT_1_DUTY=0
HEAT_1_SP=-20.0
HEAT_2_TEMP=31
HEAT_2_DUTY=0
HEAT_2_SP=-20.0
HEAT_3_TEMP=30
HEAT_3_DUTY=0
HEAT_3_SP=-20.0
HEAT_4_TEMP=33
HEAT_4_DUTY=0
HEAT_4_SP=-20.0
MOTOR_ANGLE=0.004186046511627906
MOTOR_ACCUM=1.0506976744186047
MOTOR_ROT=2
TS=1786204416.259
V_SENSE5=1.4306640625
V_SENSE9=0.0390625
V_SENSE12=0.1171875
ADC_V5=4.8675537109375
ADC_V9=9.56695556640625
ADC_V12=11.8060302734375
ADC_V28=27.07244873046875
THERMAL_SENS_OUT_1=26
THERMAL_SENS_OUT_2=-50
THERMAL_SENS_OUT_3=31
THERMAL_SENS_OUT_4=28
THERMAL_SENS_OUT_5=35
THERMAL_SENS_OUT_6=-50
THERMAL_SENS_INT_1=29
THERMAL_SENS_INT_2=26
PG_5=0
PG_9=0
PG_12=0
FLT_P2=0
FLT_P3=0
HEAT_1_TEMP=26
HEAT_1_DUTY=0
HEAT_1_SP=-20.0
HEAT_2_TEMP=31
HEAT_2_DUTY=0
HEAT_2_SP=-20.0
HEAT_3_TEMP=28
HEAT_3_DUTY=0
HEAT_3_SP=-20.0
HEAT_4_TEMP=35
HEAT_4_DUTY=0
HEAT_4_SP=-20.0
MOTOR_ANGLE=0.004186046511627906
MOTOR_ACCUM=1.0506976744186047
MOTOR_ROT=2
TS=1786204416.767
V_SENSE5=1.28662109375
V_SENSE9=0.11474609375
V_SENSE12=0.10986328125
ADC_V5=4.96490478515625
ADC_V9=9.28375244140625
ADC_V12=11.4874267578125
ADC_V28=26.727294921875
THERMAL_SENS_OUT_1=26
THERMAL_SENS_OUT_2=-50
THERMAL_SENS_OUT_3=33
THERMAL_SENS_OUT_4=29
THERMAL_SENS_OUT_5=37
THERMAL_SENS_OUT_6=-50
THERMAL_SENS_INT_1=28
THERMAL_SENS_INT_2=25
PG_5=0
PG_9=0
PG_12=0
FLT_P2=0
FLT_P3=0
HEAT_1_TEMP=26
HEAT_1_DUTY=0
HEAT_1_SP=-20.0
HEAT_2_TEMP=33
HEAT_2_DUTY=0
HEAT_2_SP=-20.0
HEAT_3_TEMP=29
HEAT_3_DUTY=0
HEAT_3_SP=-20.0
HEAT_4_TEMP=37
HEAT_4_DUTY=0
HEAT_4_SP=-20.0
MOTOR_ANGLE=0.004186046511627906
MOTOR_ACCUM=1.0506976744186047
MOTOR_ROT=2

[12:02:10.758 EBOX]
TS=1786204417.261
V_SENSE5=1.24267578125
V_SENSE9=0.0390625
V_SENSE12=0.1416015625
ADC_V5=5.00030517578125
ADC_V9=8.94744873046875
ADC_V12=11.5936279296875
ADC_V28=27.03704833984375
THERMAL_SENS_OUT_1=27
THERMAL_SENS_OUT_2=-50
THERMAL_SENS_OUT_3=33
THERMAL_SENS_OUT_4=26
THERMAL_SENS_OUT_5=36
THERMAL_SENS_OUT_6=-50
THERMAL_SENS_INT_1=28
THERMAL_SENS_INT_2=25
PG_5=0
PG_9=0
PG_12=0
FLT_P2=0
FLT_P3=0
HEAT_1_TEMP=27
HEAT_1_DUTY=0
HEAT_1_SP=-20.0
HEAT_2_TEMP=33
HEAT_2_DUTY=0
HEAT_2_SP=-20.0
HEAT_3_TEMP=26
HEAT_3_DUTY=0
HEAT_3_SP=-20.0
HEAT_4_TEMP=36
HEAT_4_DUTY=0
HEAT_4_SP=-20.0
MOTOR_ANGLE=0.004186046511627906
MOTOR_ACCUM=1.0506976744186047
MOTOR_ROT=2
TS=1786204417.763
V_SENSE5=1.30859375
V_SENSE9=0.0341796875
V_SENSE12=0.12451171875
ADC_V5=4.9560546875
ADC_V9=9.21295166015625
ADC_V12=11.8414306640625
ADC_V28=27.46185302734375
THERMAL_SENS_OUT_1=32
THERMAL_SENS_OUT_2=-50
THERMAL_SENS_OUT_3=34
THERMAL_SENS_OUT_4=29
THERMAL_SENS_OUT_5=31
THERMAL_SENS_OUT_6=-50
THERMAL_SENS_INT_1=28
THERMAL_SENS_INT_2=25
PG_5=0
PG_9=0
PG_12=0
FLT_P2=0
FLT_P3=0
HEAT_1_TEMP=32
HEAT_1_DUTY=0
HEAT_1_SP=-20.0
HEAT_2_TEMP=34
HEAT_2_DUTY=0
HEAT_2_SP=-20.0
HEAT_3_TEMP=29
HEAT_3_DUTY=0
HEAT_3_SP=-20.0
HEAT_4_TEMP=31
HEAT_4_DUTY=0
HEAT_4_SP=-20.0
MOTOR_ANGLE=0.004186046511627906
MOTOR_ACCUM=1.0506976744186047
MOTOR_ROT=2
TS=1786204418.264
V_SENSE5=1.201171875
V_SENSE9=0.0390625
V_SENSE12=0.11962890625
ADC_V5=4.9737548828125
ADC_V9=9.239501953125
ADC_V12=11.82373046875
ADC_V28=27.2760009765625
THERMAL_SENS_OUT_1=29
THERMAL_SENS_OUT_2=-50
THERMAL_SENS_OUT_3=35
THERMAL_SENS_OUT_4=26
THERMAL_SENS_OUT_5=35
THERMAL_SENS_OUT_6=-50
THERMAL_SENS_INT_1=26
THERMAL_SENS_INT_2=27
PG_5=0
PG_9=0
PG_12=0
FLT_P2=0
FLT_P3=0
HEAT_1_TEMP=29
HEAT_1_DUTY=0
HEAT_1_SP=-20.0
HEAT_2_TEMP=35
HEAT_2_DUTY=0
HEAT_2_SP=-20.0
HEAT_3_TEMP=26
HEAT_3_DUTY=0
HEAT_3_SP=-20.0
HEAT_4_TEMP=35
HEAT_4_DUTY=0
HEAT_4_SP=-20.0
MOTOR_ANGLE=0.004186046511627906
MOTOR_ACCUM=1.0506976744186047
MOTOR_ROT=2
TS=1786204418.767
V_SENSE5=1.29150390625
V_SENSE9=0.029296875
V_SENSE12=0.13427734375
ADC_V5=4.94720458984375
ADC_V9=9.2218017578125
ADC_V12=11.58477783203125
ADC_V28=27.19635009765625
THERMAL_SENS_OUT_1=26
THERMAL_SENS_OUT_2=-50
THERMAL_SENS_OUT_3=35
THERMAL_SENS_OUT_4=28
THERMAL_SENS_OUT_5=37
THERMAL_SENS_OUT_6=-50
THERMAL_SENS_INT_1=26
THERMAL_SENS_INT_2=28
PG_5=0
PG_9=0
PG_12=0
FLT_P2=0
FLT_P3=0
HEAT_1_TEMP=26
HEAT_1_DUTY=0
HEAT_1_SP=-20.0
HEAT_2_TEMP=35
HEAT_2_DUTY=0
HEAT_2_SP=-20.0
HEAT_3_TEMP=28
HEAT_3_DUTY=0
HEAT_3_SP=-20.0
HEAT_4_TEMP=37
HEAT_4_DUTY=0
HEAT_4_SP=-20.0
MOTOR_ANGLE=0.004186046511627906
MOTOR_ACCUM=1.0506976744186047
MOTOR_ROT=2

[12:02:11.397 EBOX]
TS=1786204419.275
V_SENSE5=1.318359375
V_SENSE9=0.0341796875
V_SENSE12=0.1123046875
ADC_V5=4.98260498046875
ADC_V9=9.15985107421875
ADC_V12=11.929931640625
ADC_V28=27.74505615234375
THERMAL_SENS_OUT_1=26
THERMAL_SENS_OUT_2=-50
THERMAL_SENS_OUT_3=37
THERMAL_SENS_OUT_4=28
THERMAL_SENS_OUT_5=32
THERMAL_SENS_OUT_6=-50
THERMAL_SENS_INT_1=29
THERMAL_SENS_INT_2=27
PG_5=0
PG_9=0
PG_12=0
FLT_P2=0
FLT_P3=0
HEAT_1_TEMP=26
HEAT_1_DUTY=0
HEAT_1_SP=-20.0
HEAT_2_TEMP=37
HEAT_2_DUTY=0
HEAT_2_SP=-20.0
HEAT_3_TEMP=28
HEAT_3_DUTY=0
HEAT_3_SP=-20.0
HEAT_4_TEMP=32
HEAT_4_DUTY=0
HEAT_4_SP=-20.0
MOTOR_ANGLE=0.004186046511627906
MOTOR_ACCUM=1.0506976744186047
MOTOR_ROT=2
TS=1786204419.768
V_SENSE5=1.29150390625
V_SENSE9=0.0341796875
V_SENSE12=0.11962890625
ADC_V5=4.991455078125
ADC_V9=9.12445068359375
ADC_V12=11.788330078125
ADC_V28=27.42645263671875
THERMAL_SENS_OUT_1=27
THERMAL_SENS_OUT_2=-50
THERMAL_SENS_OUT_3=33
THERMAL_SENS_OUT_4=28
THERMAL_SENS_OUT_5=33
THERMAL_SENS_OUT_6=-50
THERMAL_SENS_INT_1=29
THERMAL_SENS_INT_2=27
PG_5=0
PG_9=0
PG_12=0
FLT_P2=0
FLT_P3=0
HEAT_1_TEMP=27
HEAT_1_DUTY=0
HEAT_1_SP=-20.0
HEAT_2_TEMP=33
HEAT_2_DUTY=0
HEAT_2_SP=-20.0
HEAT_3_TEMP=28
HEAT_3_DUTY=0
HEAT_3_SP=-20.0
HEAT_4_TEMP=33
HEAT_4_DUTY=0
HEAT_4_SP=-20.0
MOTOR_ANGLE=0.004186046511627906
MOTOR_ACCUM=1.0506976744186047
MOTOR_ROT=2
TS=1786204420.273
V_SENSE5=1.2939453125
V_SENSE9=0.03662109375
V_SENSE12=0.11962890625
ADC_V5=4.849853515625
ADC_V9=9.4696044921875

[12:02:11.535 EBOX]
ADC_V12=11.6644287109375
ADC_V28=27.364501953125
THERMAL_SENS_OUT_1=28
THERMAL_SENS_OUT_2=-50
THERMAL_SENS_OUT_3=30
THERMAL_SENS_OUT_4=28
THERMAL_SENS_OUT_5=36
THERMAL_SENS_OUT_6=-50
THERMAL_SENS_INT_1=24
THERMAL_SENS_INT_2=29
PG_5=0
PG_9=0
PG_12=0
FLT_P2=0
FLT_P3=0
HEAT_1_TEMP=28
HEAT_1_DUTY=0
HEAT_1_SP=-20.0
HEAT_2_TEMP=30
HEAT_2_DUTY=0
HEAT_2_SP=-20.0
HEAT_3_TEMP=28
HEAT_3_DUTY=0
HEAT_3_SP=-20.0
HEAT_4_TEMP=36
HEAT_4_DUTY=0
HEAT_4_SP=-20.0
MOTOR_ANGLE=0.004186046511627906
MOTOR_ACCUM=1.0506976744186047
MOTOR_ROT=2
TS=1786204420.775
V_SENSE5=1.328125
V_SENSE9=0.07568359375
V_SENSE12=0.10986328125
ADC_V5=4.991455078125
ADC_V9=9.13330078125
ADC_V12=11.69097900390625
ADC_V28=27.46185302734375
THERMAL_SENS_OUT_1=27
THERMAL_SENS_OUT_2=-50
THERMAL_SENS_OUT_3=33
THERMAL_SENS_OUT_4=27
THERMAL_SENS_OUT_5=33
THERMAL_SENS_OUT_6=-50
THERMAL_SENS_INT_1=23
THERMAL_SENS_INT_2=24
PG_5=0
PG_9=0
PG_12=0
FLT_P2=0
FLT_P3=0
HEAT_1_TEMP=27
HEAT_1_DUTY=0
HEAT_1_SP=-20.0
HEAT_2_TEMP=33
HEAT_2_DUTY=0
HEAT_2_SP=-20.0
HEAT_3_TEMP=27
HEAT_3_DUTY=0
HEAT_3_SP=-20.0
HEAT_4_TEMP=33
HEAT_4_DUTY=0
HEAT_4_SP=-20.0
MOTOR_ANGLE=0.004186046511627906
MOTOR_ACCUM=1.0506976744186047
MOTOR_ROT=2

[12:02:12.471 EBOX]
TS=1786204421.275
V_SENSE5=1.2158203125
V_SENSE9=0.0341796875
V_SENSE12=0.11474609375
ADC_V5=4.89410400390625
ADC_V9=9.41650390625
ADC_V12=11.88568115234375
ADC_V28=27.17864990234375
THERMAL_SENS_OUT_1=29
THERMAL_SENS_OUT_2=-50
THERMAL_SENS_OUT_3=34
THERMAL_SENS_OUT_4=28
THERMAL_SENS_OUT_5=36
THERMAL_SENS_OUT_6=-50
THERMAL_SENS_INT_1=27
THERMAL_SENS_INT_2=25
PG_5=0
PG_9=0
PG_12=0
FLT_P2=0
FLT_P3=0
HEAT_1_TEMP=29
HEAT_1_DUTY=0
HEAT_1_SP=-20.0
HEAT_2_TEMP=34
HEAT_2_DUTY=0
HEAT_2_SP=-20.0
HEAT_3_TEMP=28
HEAT_3_DUTY=0
HEAT_3_SP=-20.0
HEAT_4_TEMP=36
HEAT_4_DUTY=0
HEAT_4_SP=-20.0
MOTOR_ANGLE=0.004186046511627906
MOTOR_ACCUM=1.0506976744186047
MOTOR_ROT=2
TS=1786204421.778
V_SENSE5=1.31103515625
V_SENSE9=0.03662109375
V_SENSE12=0.19287109375
ADC_V5=4.991455078125
ADC_V9=9.10675048828125
ADC_V12=11.88568115234375
ADC_V28=27.00164794921875
THERMAL_SENS_OUT_1=30
THERMAL_SENS_OUT_2=-50
THERMAL_SENS_OUT_3=34
THERMAL_SENS_OUT_4=26
THERMAL_SENS_OUT_5=35
THERMAL_SENS_OUT_6=-50
THERMAL_SENS_INT_1=23
THERMAL_SENS_INT_2=27
PG_5=0
PG_9=0
PG_12=0
FLT_P2=0
FLT_P3=0
HEAT_1_TEMP=30
HEAT_1_DUTY=0
HEAT_1_SP=-20.0
HEAT_2_TEMP=34
HEAT_2_DUTY=0
HEAT_2_SP=-20.0
HEAT_3_TEMP=26
HEAT_3_DUTY=0
HEAT_3_SP=-20.0
HEAT_4_TEMP=35
HEAT_4_DUTY=0
HEAT_4_SP=-20.0
MOTOR_ANGLE=0.004186046511627906
MOTOR_ACCUM=1.0506976744186047
MOTOR_ROT=2

[12:02:16.444 EBOX]
TS=1786204422.278
V_SENSE5=1.31591796875
V_SENSE9=0.0341796875
V_SENSE12=0.1171875
ADC_V5=4.849853515625
ADC_V9=9.03594970703125
ADC_V12=11.505126953125
ADC_V28=27.506103515625
THERMAL_SENS_OUT_1=26
THERMAL_SENS_OUT_2=-50
THERMAL_SENS_OUT_3=31
THERMAL_SENS_OUT_4=30
THERMAL_SENS_OUT_5=32
THERMAL_SENS_OUT_6=-50
THERMAL_SENS_INT_1=24
THERMAL_SENS_INT_2=31
PG_5=0
PG_9=0
PG_12=0
FLT_P2=0
FLT_P3=0
HEAT_1_TEMP=26
HEAT_1_DUTY=0
HEAT_1_SP=-20.0
HEAT_2_TEMP=31
HEAT_2_DUTY=0
HEAT_2_SP=-20.0
HEAT_3_TEMP=30
HEAT_3_DUTY=0
HEAT_3_SP=-20.0
HEAT_4_TEMP=32
HEAT_4_DUTY=0
HEAT_4_SP=-20.0
MOTOR_ANGLE=0.004186046511627906
MOTOR_ACCUM=1.0506976744186047
MOTOR_ROT=2
TS=1786204422.779
V_SENSE5=1.4306640625
V_SENSE9=0.0341796875
V_SENSE12=0.1171875
ADC_V5=4.88525390625
ADC_V9=9.522705078125
ADC_V12=11.62017822265625
ADC_V28=27.81585693359375
THERMAL_SENS_OUT_1=31
THERMAL_SENS_OUT_2=-50
THERMAL_SENS_OUT_3=33
THERMAL_SENS_OUT_4=26
THERMAL_SENS_OUT_5=32
THERMAL_SENS_OUT_6=-50
THERMAL_SENS_INT_1=23
THERMAL_SENS_INT_2=30
PG_5=0
PG_9=0
PG_12=0
FLT_P2=0
FLT_P3=0
HEAT_1_TEMP=31
HEAT_1_DUTY=0
HEAT_1_SP=-20.0
HEAT_2_TEMP=33
HEAT_2_DUTY=0
HEAT_2_SP=-20.0
HEAT_3_TEMP=26
HEAT_3_DUTY=0
HEAT_3_SP=-20.0
HEAT_4_TEMP=32
HEAT_4_DUTY=0
HEAT_4_SP=-20.0
MOTOR_ANGLE=0.004186046511627906
MOTOR_ACCUM=1.0506976744186047
MOTOR_ROT=2
TS=1786204423.281
V_SENSE5=1.24267578125
V_SENSE9=0.0341796875
V_SENSE12=0.11962890625
ADC_V5=4.8675537109375
ADC_V9=9.2041015625
ADC_V12=11.54937744140625
ADC_V28=27.647705078125
THERMAL_SENS_OUT_1=32
THERMAL_SENS_OUT_2=-50
THERMAL_SENS_OUT_3=30
THERMAL_SENS_OUT_4=28
THERMAL_SENS_OUT_5=34
THERMAL_SENS_OUT_6=-50
THERMAL_SENS_INT_1=24
THERMAL_SENS_INT_2=26
PG_5=0
PG_9=0
PG_12=0
FLT_P2=0
FLT_P3=0
HEAT_1_TEMP=32
HEAT_1_DUTY=0
HEAT_1_SP=-20.0
HEAT_2_TEMP=30
HEAT_2_DUTY=0
HEAT_2_SP=-20.0
HEAT_3_TEMP=28
HEAT_3_DUTY=0
HEAT_3_SP=-20.0
HEAT_4_TEMP=34
HEAT_4_DUTY=0
HEAT_4_SP=-20.0
MOTOR_ANGLE=0.004186046511627906
MOTOR_ACCUM=1.0506976744186047
MOTOR_ROT=2
TS=1786204423.788
V_SENSE5=1.23291015625
V_SENSE9=0.048828125
V_SENSE12=0.1318359375
ADC_V5=4.814453125
ADC_V9=9.46075439453125
ADC_V12=11.929931640625
ADC_V28=26.8157958984375
THERMAL_SENS_OUT_1=27
THERMAL_SENS_OUT_2=-50
THERMAL_SENS_OUT_3=31
THERMAL_SENS_OUT_4=27
THERMAL_SENS_OUT_5=32
THERMAL_SENS_OUT_6=-50
THERMAL_SENS_INT_1=27
THERMAL_SENS_INT_2=24
PG_5=0
PG_9=0
PG_12=0
FLT_P2=0
FLT_P3=0
HEAT_1_TEMP=27
HEAT_1_DUTY=0
HEAT_1_SP=-20.0
HEAT_2_TEMP=31
HEAT_2_DUTY=0
HEAT_2_SP=-20.0
HEAT_3_TEMP=27
HEAT_3_DUTY=0
HEAT_3_SP=-20.0
HEAT_4_TEMP=32
HEAT_4_DUTY=0
HEAT_4_SP=-20.0
MOTOR_ANGLE=0.004186046511627906
MOTOR_ACCUM=1.0506976744186047
MOTOR_ROT=2
TS=1786204424.284
V_SENSE5=1.328125
V_SENSE9=0.03662109375
V_SENSE12=0.12451171875
ADC_V5=4.82330322265625
ADC_V9=9.27490234375

[12:02:16.777 EBOX]
ADC_V12=11.77947998046875
ADC_V28=26.89544677734375
THERMAL_SENS_OUT_1=28
THERMAL_SENS_OUT_2=-50
THERMAL_SENS_OUT_3=32
THERMAL_SENS_OUT_4=31
THERMAL_SENS_OUT_5=34
THERMAL_SENS_OUT_6=-50
THERMAL_SENS_INT_1=25
THERMAL_SENS_INT_2=31
PG_5=0
PG_9=0
PG_12=0
FLT_P2=0
FLT_P3=0
HEAT_1_TEMP=28
HEAT_1_DUTY=0
HEAT_1_SP=-20.0
HEAT_2_TEMP=32
HEAT_2_DUTY=0
HEAT_2_SP=-20.0
HEAT_3_TEMP=31
HEAT_3_DUTY=0
HEAT_3_SP=-20.0
HEAT_4_TEMP=34
HEAT_4_DUTY=0
HEAT_4_SP=-20.0
MOTOR_ANGLE=0.004186046511627906
MOTOR_ACCUM=1.0506976744186047
MOTOR_ROT=2
TS=1786204424.786
V_SENSE5=1.20849609375
V_SENSE9=0.0390625
V_SENSE12=0.10498046875
ADC_V5=4.98260498046875
ADC_V9=9.14215087890625
ADC_V12=11.83258056640625
ADC_V28=26.9219970703125
THERMAL_SENS_OUT_1=28
THERMAL_SENS_OUT_2=-50
THERMAL_SENS_OUT_3=30
THERMAL_SENS_OUT_4=25
THERMAL_SENS_OUT_5=31
THERMAL_SENS_OUT_6=-50
THERMAL_SENS_INT_1=27
THERMAL_SENS_INT_2=29
PG_5=0
PG_9=0
PG_12=0
FLT_P2=0
FLT_P3=0
HEAT_1_TEMP=28
HEAT_1_DUTY=0
HEAT_1_SP=-20.0
HEAT_2_TEMP=30
HEAT_2_DUTY=0
HEAT_2_SP=-20.0
HEAT_3_TEMP=25
HEAT_3_DUTY=0
HEAT_3_SP=-20.0
HEAT_4_TEMP=31
HEAT_4_DUTY=0
HEAT_4_SP=-20.0
MOTOR_ANGLE=0.004186046511627906
MOTOR_ACCUM=1.0506976744186047
MOTOR_ROT=2

[12:02:16.920 EBOX]
TS=1786204425.288
V_SENSE5=1.5185546875
V_SENSE9=0.0390625
V_SENSE12=0.10986328125
ADC_V5=4.920654296875
ADC_V9=9.35455322265625
ADC_V12=11.5936279296875
ADC_V28=27.96630859375
THERMAL_SENS_OUT_1=26
THERMAL_SENS_OUT_2=-50
THERMAL_SENS_OUT_3=32
THERMAL_SENS_OUT_4=31
THERMAL_SENS_OUT_5=38
THERMAL_SENS_OUT_6=-50
THERMAL_SENS_INT_1=24
THERMAL_SENS_INT_2=27
PG_5=0
PG_9=0
PG_12=0
FLT_P2=0
FLT_P3=0
HEAT_1_TEMP=26
HEAT_1_DUTY=0
HEAT_1_SP=-20.0
HEAT_2_TEMP=32
HEAT_2_DUTY=0
HEAT_2_SP=-20.0
HEAT_3_TEMP=31
HEAT_3_DUTY=0
HEAT_3_SP=-20.0
HEAT_4_TEMP=38
HEAT_4_DUTY=0
HEAT_4_SP=-20.0
MOTOR_ANGLE=0.004186046511627906
MOTOR_ACCUM=1.0506976744186047
MOTOR_ROT=2
TS=1786204425.788
V_SENSE5=1.2255859375
V_SENSE9=0.0390625
V_SENSE12=0.126953125
ADC_V5=4.9737548828125
ADC_V9=8.98284912109375
ADC_V12=11.7529296875
ADC_V28=27.53265380859375
THERMAL_SENS_OUT_1=28
THERMAL_SENS_OUT_2=-50
THERMAL_SENS_OUT_3=32
THERMAL_SENS_OUT_4=27
THERMAL_SENS_OUT_5=38
THERMAL_SENS_OUT_6=-50
THERMAL_SENS_INT_1=29
THERMAL_SENS_INT_2=27
PG_5=0
PG_9=0
PG_12=0
FLT_P2=0
FLT_P3=0
HEAT_1_TEMP=28
HEAT_1_DUTY=0
HEAT_1_SP=-20.0
HEAT_2_TEMP=32
HEAT_2_DUTY=0
HEAT_2_SP=-20.0
HEAT_3_TEMP=27
HEAT_3_DUTY=0
HEAT_3_SP=-20.0
HEAT_4_TEMP=38
HEAT_4_DUTY=0
HEAT_4_SP=-20.0
MOTOR_ANGLE=0.004186046511627906
MOTOR_ACCUM=1.0506976744186047
MOTOR_ROT=2
TS=1786204426.291
V_SENSE5=1.2646484375
V_SENSE9=0.0341796875
V_SENSE12=0.1171875
ADC_V5=4.9560546875
ADC_V9=9.03594970703125

[12:02:17.156 EBOX]
ADC_V12=11.81488037109375
ADC_V28=27.3114013671875
THERMAL_SENS_OUT_1=31
THERMAL_SENS_OUT_2=-50
THERMAL_SENS_OUT_3=32
THERMAL_SENS_OUT_4=29
THERMAL_SENS_OUT_5=32
THERMAL_SENS_OUT_6=-50
THERMAL_SENS_INT_1=26
THERMAL_SENS_INT_2=26
PG_5=0
PG_9=0
PG_12=0
FLT_P2=0
FLT_P3=0
HEAT_1_TEMP=31
HEAT_1_DUTY=0
HEAT_1_SP=-20.0
HEAT_2_TEMP=32
HEAT_2_DUTY=0
HEAT_2_SP=-20.0
HEAT_3_TEMP=29
HEAT_3_DUTY=0
HEAT_3_SP=-20.0
HEAT_4_TEMP=32
HEAT_4_DUTY=0
HEAT_4_SP=-20.0
MOTOR_ANGLE=0.004186046511627906
MOTOR_ACCUM=1.0506976744186047
MOTOR_ROT=2
TS=1786204426.793
V_SENSE5=1.42578125
V_SENSE9=0.03662109375
V_SENSE12=0.10986328125
ADC_V5=4.88525390625
ADC_V9=9.2041015625
ADC_V12=11.717529296875
ADC_V28=27.293701171875
THERMAL_SENS_OUT_1=29
THERMAL_SENS_OUT_2=-50
THERMAL_SENS_OUT_3=32
THERMAL_SENS_OUT_4=29
THERMAL_SENS_OUT_5=37
THERMAL_SENS_OUT_6=-50
THERMAL_SENS_INT_1=25
THERMAL_SENS_INT_2=29
PG_5=0
PG_9=0
PG_12=0
FLT_P2=0
FLT_P3=0
HEAT_1_TEMP=29
HEAT_1_DUTY=0
HEAT_1_SP=-20.0
HEAT_2_TEMP=32
HEAT_2_DUTY=0
HEAT_2_SP=-20.0
HEAT_3_TEMP=29
HEAT_3_DUTY=0
HEAT_3_SP=-20.0
HEAT_4_TEMP=37
HEAT_4_DUTY=0
HEAT_4_SP=-20.0
MOTOR_ANGLE=0.004186046511627906
MOTOR_ACCUM=1.0506976744186047
MOTOR_ROT=2

[12:02:17.275 EBOX]
TS=1786204427.294
V_SENSE5=1.2939453125
V_SENSE9=0.03173828125
V_SENSE12=0.107421875
ADC_V5=4.920654296875
ADC_V9=9.26605224609375
ADC_V12=11.83258056640625
ADC_V28=27.8955078125
THERMAL_SENS_OUT_1=31
THERMAL_SENS_OUT_2=-50
THERMAL_SENS_OUT_3=35
THERMAL_SENS_OUT_4=27
THERMAL_SENS_OUT_5=37
THERMAL_SENS_OUT_6=-50
THERMAL_SENS_INT_1=29
THERMAL_SENS_INT_2=27
PG_5=0
PG_9=0
PG_12=0
FLT_P2=0
FLT_P3=0
HEAT_1_TEMP=31
HEAT_1_DUTY=0
HEAT_1_SP=-20.0
HEAT_2_TEMP=35
HEAT_2_DUTY=0
HEAT_2_SP=-20.0
HEAT_3_TEMP=27
HEAT_3_DUTY=0
HEAT_3_SP=-20.0
HEAT_4_TEMP=37
HEAT_4_DUTY=0
HEAT_4_SP=-20.0
MOTOR_ANGLE=0.004186046511627906
MOTOR_ACCUM=1.0506976744186047
MOTOR_ROT=2

[12:02:17.499 EBOX]
TS=1786204427.796
V_SENSE5=1.259765625
V_SENSE9=0.05615234375
V_SENSE12=0.11962890625
ADC_V5=4.88525390625
ADC_V9=9.27490234375
ADC_V12=11.7706298828125
ADC_V28=27.32025146484375
THERMAL_SENS_OUT_1=26
THERMAL_SENS_OUT_2=-50
THERMAL_SENS_OUT_3=31
THERMAL_SENS_OUT_4=30
THERMAL_SENS_OUT_5=32
THERMAL_SENS_OUT_6=-50
THERMAL_SENS_INT_1=24
THERMAL_SENS_INT_2=30
PG_5=0
PG_9=0
PG_12=0
FLT_P2=0
FLT_P3=0
HEAT_1_TEMP=26
HEAT_1_DUTY=0
HEAT_1_SP=-20.0
HEAT_2_TEMP=31
HEAT_2_DUTY=0
HEAT_2_SP=-20.0
HEAT_3_TEMP=30
HEAT_3_DUTY=0
HEAT_3_SP=-20.0
HEAT_4_TEMP=32
HEAT_4_DUTY=0
HEAT_4_SP=-20.0
MOTOR_ANGLE=0.004186046511627906
MOTOR_ACCUM=1.0506976744186047
MOTOR_ROT=2

[12:02:17.920 EBOX]
TS=1786204428.302
V_SENSE5=1.3037109375
V_SENSE9=0.09521484375
V_SENSE12=0.1220703125
ADC_V5=4.8321533203125
ADC_V9=9.2041015625
ADC_V12=11.8768310546875
ADC_V28=27.25830078125
THERMAL_SENS_OUT_1=31
THERMAL_SENS_OUT_2=-50
THERMAL_SENS_OUT_3=30
THERMAL_SENS_OUT_4=29
THERMAL_SENS_OUT_5=32
THERMAL_SENS_OUT_6=-50
THERMAL_SENS_INT_1=23
THERMAL_SENS_INT_2=29
PG_5=0
PG_9=0
PG_12=0
FLT_P2=0
FLT_P3=0
HEAT_1_TEMP=31
HEAT_1_DUTY=0
HEAT_1_SP=-20.0
HEAT_2_TEMP=30
HEAT_2_DUTY=0
HEAT_2_SP=-20.0
HEAT_3_TEMP=29
HEAT_3_DUTY=0
HEAT_3_SP=-20.0
HEAT_4_TEMP=32
HEAT_4_DUTY=0
HEAT_4_SP=-20.0
MOTOR_ANGLE=0.004186046511627906
MOTOR_ACCUM=1.0506976744186047
MOTOR_ROT=2

[12:02:18.442 EBOX]
TS=1786204428.798
V_SENSE5=1.21826171875
V_SENSE9=0.03173828125
V_SENSE12=0.13671875
ADC_V5=5.0091552734375
ADC_V9=8.94744873046875
ADC_V12=11.6998291015625
ADC_V28=27.7008056640625
THERMAL_SENS_OUT_1=30
THERMAL_SENS_OUT_2=-50
THERMAL_SENS_OUT_3=31
THERMAL_SENS_OUT_4=30
THERMAL_SENS_OUT_5=33
THERMAL_SENS_OUT_6=-50
THERMAL_SENS_INT_1=24
THERMAL_SENS_INT_2=29
PG_5=0
PG_9=0
PG_12=0
FLT_P2=0
FLT_P3=0
HEAT_1_TEMP=30
HEAT_1_DUTY=0
HEAT_1_SP=-20.0
HEAT_2_TEMP=31
HEAT_2_DUTY=0
HEAT_2_SP=-20.0
HEAT_3_TEMP=30
HEAT_3_DUTY=0
HEAT_3_SP=-20.0
HEAT_4_TEMP=33
HEAT_4_DUTY=0
HEAT_4_SP=-20.0
MOTOR_ANGLE=0.004186046511627906
MOTOR_ACCUM=1.0506976744186047
MOTOR_ROT=2

[12:02:18.865 EBOX]
TS=1786204429.300
V_SENSE5=1.3720703125
V_SENSE9=0.0341796875
V_SENSE12=0.1171875
ADC_V5=4.991455078125
ADC_V9=9.239501953125
ADC_V12=11.95648193359375
ADC_V28=27.2052001953125
THERMAL_SENS_OUT_1=29
THERMAL_SENS_OUT_2=-50
THERMAL_SENS_OUT_3=31
THERMAL_SENS_OUT_4=29
THERMAL_SENS_OUT_5=37
THERMAL_SENS_OUT_6=-50
THERMAL_SENS_INT_1=29
THERMAL_SENS_INT_2=27
PG_5=0
PG_9=0
PG_12=0
FLT_P2=0
FLT_P3=0
HEAT_1_TEMP=29
HEAT_1_DUTY=0
HEAT_1_SP=-20.0
HEAT_2_TEMP=31
HEAT_2_DUTY=0
HEAT_2_SP=-20.0
HEAT_3_TEMP=29
HEAT_3_DUTY=0
HEAT_3_SP=-20.0
HEAT_4_TEMP=37
HEAT_4_DUTY=0
HEAT_4_SP=-20.0
MOTOR_ANGLE=0.004186046511627906
MOTOR_ACCUM=1.0506976744186047
MOTOR_ROT=2

[12:02:19.387 EBOX]
TS=1786204429.802
V_SENSE5=1.35986328125
V_SENSE9=0.0390625
V_SENSE12=0.1123046875
ADC_V5=4.91180419921875
ADC_V9=8.956298828125
ADC_V12=11.8060302734375
ADC_V28=27.09014892578125
THERMAL_SENS_OUT_1=29
THERMAL_SENS_OUT_2=-50
THERMAL_SENS_OUT_3=32
THERMAL_SENS_OUT_4=29
THERMAL_SENS_OUT_5=33
THERMAL_SENS_OUT_6=-50
THERMAL_SENS_INT_1=23
THERMAL_SENS_INT_2=26
PG_5=0
PG_9=0
PG_12=0
FLT_P2=0
FLT_P3=0
HEAT_1_TEMP=29
HEAT_1_DUTY=0
HEAT_1_SP=-20.0
HEAT_2_TEMP=32
HEAT_2_DUTY=0
HEAT_2_SP=-20.0
HEAT_3_TEMP=29
HEAT_3_DUTY=0
HEAT_3_SP=-20.0
HEAT_4_TEMP=33
HEAT_4_DUTY=0
HEAT_4_SP=-20.0
MOTOR_ANGLE=0.004186046511627906
MOTOR_ACCUM=1.0506976744186047
MOTOR_ROT=2

[12:02:19.918 EBOX]
TS=1786204430.302
V_SENSE5=1.44287109375
V_SENSE9=0.0341796875
V_SENSE12=0.11962890625
ADC_V5=4.87640380859375
ADC_V9=9.56695556640625
ADC_V12=11.505126953125
ADC_V28=27.8955078125
THERMAL_SENS_OUT_1=30
THERMAL_SENS_OUT_2=-50
THERMAL_SENS_OUT_3=30
THERMAL_SENS_OUT_4=29
THERMAL_SENS_OUT_5=31
THERMAL_SENS_OUT_6=-50
THERMAL_SENS_INT_1=29
THERMAL_SENS_INT_2=25
PG_5=0
PG_9=0
PG_12=0
FLT_P2=0
FLT_P3=0
HEAT_1_TEMP=30
HEAT_1_DUTY=0
HEAT_1_SP=-20.0
HEAT_2_TEMP=30
HEAT_2_DUTY=0
HEAT_2_SP=-20.0
HEAT_3_TEMP=29
HEAT_3_DUTY=0
HEAT_3_SP=-20.0
HEAT_4_TEMP=31
HEAT_4_DUTY=0
HEAT_4_SP=-20.0
MOTOR_ANGLE=0.004186046511627906
MOTOR_ACCUM=1.0506976744186047
MOTOR_ROT=2

[12:02:20.440 EBOX]
TS=1786204430.807
V_SENSE5=1.1669921875
V_SENSE9=0.07568359375
V_SENSE12=0.1123046875
ADC_V5=4.9029541015625
ADC_V9=9.1510009765625
ADC_V12=11.7352294921875
ADC_V28=27.63885498046875
THERMAL_SENS_OUT_1=28
THERMAL_SENS_OUT_2=-50
THERMAL_SENS_OUT_3=37
THERMAL_SENS_OUT_4=25
THERMAL_SENS_OUT_5=36
THERMAL_SENS_OUT_6=-50
THERMAL_SENS_INT_1=30
THERMAL_SENS_INT_2=29
PG_5=0
PG_9=0
PG_12=0
FLT_P2=0
FLT_P3=0
HEAT_1_TEMP=28
HEAT_1_DUTY=0
HEAT_1_SP=-20.0
HEAT_2_TEMP=37
HEAT_2_DUTY=0
HEAT_2_SP=-20.0
HEAT_3_TEMP=25
HEAT_3_DUTY=0
HEAT_3_SP=-20.0
HEAT_4_TEMP=36
HEAT_4_DUTY=0
HEAT_4_SP=-20.0
MOTOR_ANGLE=0.004186046511627906
MOTOR_ACCUM=1.0506976744186047
MOTOR_ROT=2

[12:02:20.961 EBOX]
TS=1786204431.306
V_SENSE5=1.3916015625
V_SENSE9=0.03662109375
V_SENSE12=0.10986328125
ADC_V5=4.849853515625
ADC_V9=9.097900390625
ADC_V12=11.7352294921875
ADC_V28=26.94854736328125
THERMAL_SENS_OUT_1=26
THERMAL_SENS_OUT_2=-50
THERMAL_SENS_OUT_3=30
THERMAL_SENS_OUT_4=26
THERMAL_SENS_OUT_5=34
THERMAL_SENS_OUT_6=-50
THERMAL_SENS_INT_1=26
THERMAL_SENS_INT_2=25
PG_5=0
PG_9=0
PG_12=0
FLT_P2=0
FLT_P3=0
HEAT_1_TEMP=26
HEAT_1_DUTY=0
HEAT_1_SP=-20.0
HEAT_2_TEMP=30
HEAT_2_DUTY=0
HEAT_2_SP=-20.0
HEAT_3_TEMP=26
HEAT_3_DUTY=0
HEAT_3_SP=-20.0
HEAT_4_TEMP=34
HEAT_4_DUTY=0
HEAT_4_SP=-20.0
MOTOR_ANGLE=0.004186046511627906
MOTOR_ACCUM=1.0506976744186047
MOTOR_ROT=2

[12:02:21.381 EBOX]
TS=1786204431.808
V_SENSE5=1.28662109375
V_SENSE9=0.04150390625
V_SENSE12=0.14892578125
ADC_V5=4.9560546875
ADC_V9=9.26605224609375
ADC_V12=11.8414306640625
ADC_V28=27.51495361328125
THERMAL_SENS_OUT_1=27
THERMAL_SENS_OUT_2=-50
THERMAL_SENS_OUT_3=31
THERMAL_SENS_OUT_4=31
THERMAL_SENS_OUT_5=32
THERMAL_SENS_OUT_6=-50
THERMAL_SENS_INT_1=23
THERMAL_SENS_INT_2=29
PG_5=0
PG_9=0
PG_12=0
FLT_P2=0
FLT_P3=0
HEAT_1_TEMP=27
HEAT_1_DUTY=0
HEAT_1_SP=-20.0
HEAT_2_TEMP=31
HEAT_2_DUTY=0
HEAT_2_SP=-20.0
HEAT_3_TEMP=31
HEAT_3_DUTY=0
HEAT_3_SP=-20.0
HEAT_4_TEMP=32
HEAT_4_DUTY=0
HEAT_4_SP=-20.0
MOTOR_ANGLE=0.004186046511627906
MOTOR_ACCUM=1.0506976744186047
MOTOR_ROT=2

[12:03:16.651 EBOX]
TS=1786204486.496
V_SENSE5=1.24267578125
V_SENSE9=0.0341796875
V_SENSE12=0.11962890625
ADC_V5=4.991455078125
ADC_V9=9.3280029296875
ADC_V12=11.85028076171875
ADC_V28=27.81585693359375
THERMAL_SENS_OUT_1=26
THERMAL_SENS_OUT_2=-50
THERMAL_SENS_OUT_3=32
THERMAL_SENS_OUT_4=27
THERMAL_SENS_OUT_5=31
THERMAL_SENS_OUT_6=-50
THERMAL_SENS_INT_1=26
THERMAL_SENS_INT_2=28
PG_5=0
PG_9=0
PG_12=0
FLT_P2=0
FLT_P3=0
HEAT_1_TEMP=26
HEAT_1_DUTY=0
HEAT_1_SP=-20.0
HEAT_2_TEMP=32
HEAT_2_DUTY=0
HEAT_2_SP=-20.0
HEAT_3_TEMP=27
HEAT_3_DUTY=0
HEAT_3_SP=-20.0
HEAT_4_TEMP=31
HEAT_4_DUTY=0
HEAT_4_SP=-20.0
MOTOR_ANGLE=0.004186046511627906
MOTOR_ACCUM=1.0506976744186047
MOTOR_ROT=2

[12:03:18.682 EBOX]
TS=1786204488.497
V_SENSE5=1.2939453125
V_SENSE9=0.0341796875
V_SENSE12=0.126953125
ADC_V5=4.92950439453125
ADC_V9=9.03594970703125
ADC_V12=11.68212890625
ADC_V28=26.93084716796875
THERMAL_SENS_OUT_1=26
THERMAL_SENS_OUT_2=-50
THERMAL_SENS_OUT_3=35
THERMAL_SENS_OUT_4=25
THERMAL_SENS_OUT_5=32
THERMAL_SENS_OUT_6=-50
THERMAL_SENS_INT_1=23
THERMAL_SENS_INT_2=25
PG_5=0
PG_9=0
PG_12=0
FLT_P2=0
FLT_P3=0
HEAT_1_TEMP=26
HEAT_1_DUTY=0
HEAT_1_SP=-20.0
HEAT_2_TEMP=35
HEAT_2_DUTY=0
HEAT_2_SP=-20.0
HEAT_3_TEMP=25
HEAT_3_DUTY=0
HEAT_3_SP=-20.0
HEAT_4_TEMP=32
HEAT_4_DUTY=0
HEAT_4_SP=-20.0
MOTOR_ANGLE=0.004186046511627906
MOTOR_ACCUM=1.0506976744186047
MOTOR_ROT=2

[12:03:21.012 EBOX]
TS=1786204490.500
V_SENSE5=1.45263671875
V_SENSE9=0.0390625
V_SENSE12=0.1123046875
ADC_V5=4.814453125
ADC_V9=9.46075439453125
ADC_V12=11.67327880859375
ADC_V28=27.99285888671875
THERMAL_SENS_OUT_1=29
THERMAL_SENS_OUT_2=-50
THERMAL_SENS_OUT_3=33
THERMAL_SENS_OUT_4=27
THERMAL_SENS_OUT_5=31
THERMAL_SENS_OUT_6=-50
THERMAL_SENS_INT_1=23
THERMAL_SENS_INT_2=30
PG_5=0
PG_9=0
PG_12=0
FLT_P2=0
FLT_P3=0
HEAT_1_TEMP=29
HEAT_1_DUTY=0
HEAT_1_SP=-20.0
HEAT_2_TEMP=33
HEAT_2_DUTY=0
HEAT_2_SP=-20.0
HEAT_3_TEMP=27
HEAT_3_DUTY=0
HEAT_3_SP=-20.0
HEAT_4_TEMP=31
HEAT_4_DUTY=0
HEAT_4_SP=-20.0
MOTOR_ANGLE=0.004186046511627906
MOTOR_ACCUM=1.0506976744186047
MOTOR_ROT=2

[12:03:23.043 EBOX]
TS=1786204492.501
V_SENSE5=1.1865234375
V_SENSE9=0.0341796875
V_SENSE12=0.126953125
ADC_V5=4.87640380859375
ADC_V9=9.3280029296875
ADC_V12=11.646728515625
ADC_V28=27.8955078125
THERMAL_SENS_OUT_1=31
THERMAL_SENS_OUT_2=-50
THERMAL_SENS_OUT_3=35
THERMAL_SENS_OUT_4=27
THERMAL_SENS_OUT_5=34
THERMAL_SENS_OUT_6=-50
THERMAL_SENS_INT_1=24
THERMAL_SENS_INT_2=31
PG_5=0
PG_9=0
PG_12=0
FLT_P2=0
FLT_P3=0
HEAT_1_TEMP=31
HEAT_1_DUTY=0
HEAT_1_SP=-20.0
HEAT_2_TEMP=35
HEAT_2_DUTY=0
HEAT_2_SP=-20.0
HEAT_3_TEMP=27
HEAT_3_DUTY=0
HEAT_3_SP=-20.0
HEAT_4_TEMP=34
HEAT_4_DUTY=0
HEAT_4_SP=-20.0
MOTOR_ANGLE=0.004186046511627906
MOTOR_ACCUM=1.0506976744186047
MOTOR_ROT=2

[12:03:24.670 EBOX]
TS=1786204494.504
V_SENSE5=1.2890625
V_SENSE9=0.11474609375
V_SENSE12=0.1220703125
ADC_V5=5.00030517578125
ADC_V9=8.73504638671875
ADC_V12=11.93878173828125
ADC_V28=27.32025146484375
THERMAL_SENS_OUT_1=30
THERMAL_SENS_OUT_2=-50
THERMAL_SENS_OUT_3=34
THERMAL_SENS_OUT_4=28
THERMAL_SENS_OUT_5=34
THERMAL_SENS_OUT_6=-50
THERMAL_SENS_INT_1=23
THERMAL_SENS_INT_2=27
PG_5=0
PG_9=0
PG_12=0
FLT_P2=0
FLT_P3=0
HEAT_1_TEMP=30
HEAT_1_DUTY=0
HEAT_1_SP=-20.0
HEAT_2_TEMP=34
HEAT_2_DUTY=0
HEAT_2_SP=-20.0
HEAT_3_TEMP=28
HEAT_3_DUTY=0
HEAT_3_SP=-20.0
HEAT_4_TEMP=34
HEAT_4_DUTY=0
HEAT_4_SP=-20.0
MOTOR_ANGLE=0.004186046511627906
MOTOR_ACCUM=1.0506976744186047
MOTOR_ROT=2

[12:03:26.703 EBOX]
TS=1786204496.511
V_SENSE5=1.29638671875
V_SENSE9=0.03662109375
V_SENSE12=0.1123046875
ADC_V5=5.0091552734375
ADC_V9=9.05364990234375
ADC_V12=11.49627685546875
ADC_V28=27.576904296875
THERMAL_SENS_OUT_1=29
THERMAL_SENS_OUT_2=-50
THERMAL_SENS_OUT_3=29
THERMAL_SENS_OUT_4=28
THERMAL_SENS_OUT_5=35
THERMAL_SENS_OUT_6=-50
THERMAL_SENS_INT_1=22
THERMAL_SENS_INT_2=29
PG_5=0
PG_9=0
PG_12=0
FLT_P2=0
FLT_P3=0
HEAT_1_TEMP=29
HEAT_1_DUTY=0
HEAT_1_SP=-20.0
HEAT_2_TEMP=29
HEAT_2_DUTY=0
HEAT_2_SP=-20.0
HEAT_3_TEMP=28
HEAT_3_DUTY=0
HEAT_3_SP=-20.0
HEAT_4_TEMP=35
HEAT_4_DUTY=0
HEAT_4_SP=-20.0
MOTOR_ANGLE=0.004186046511627906
MOTOR_ACCUM=1.0506976744186047
MOTOR_ROT=2

[12:03:29.034 EBOX]
TS=1786204498.507
V_SENSE5=1.376953125
V_SENSE9=0.05615234375
V_SENSE12=0.1220703125
ADC_V5=5.00030517578125
ADC_V9=9.12445068359375
ADC_V12=11.53167724609375
ADC_V28=27.60345458984375
THERMAL_SENS_OUT_1=32
THERMAL_SENS_OUT_2=-50
THERMAL_SENS_OUT_3=32
THERMAL_SENS_OUT_4=25
THERMAL_SENS_OUT_5=35
THERMAL_SENS_OUT_6=-50
THERMAL_SENS_INT_1=29
THERMAL_SENS_INT_2=27
PG_5=0
PG_9=0
PG_12=0
FLT_P2=0
FLT_P3=0
HEAT_1_TEMP=32
HEAT_1_DUTY=0
HEAT_1_SP=-20.0
HEAT_2_TEMP=32
HEAT_2_DUTY=0
HEAT_2_SP=-20.0
HEAT_3_TEMP=25
HEAT_3_DUTY=0
HEAT_3_SP=-20.0
HEAT_4_TEMP=35
HEAT_4_DUTY=0
HEAT_4_SP=-20.0
MOTOR_ANGLE=0.004186046511627906
MOTOR_ACCUM=1.0506976744186047
MOTOR_ROT=2

[12:03:30.667 EBOX]
TS=1786204500.511
V_SENSE5=1.4453125
V_SENSE9=0.0390625
V_SENSE12=0.1220703125
ADC_V5=4.91180419921875
ADC_V9=9.2572021484375
ADC_V12=11.8060302734375
ADC_V28=27.28485107421875
THERMAL_SENS_OUT_1=27
THERMAL_SENS_OUT_2=-50
THERMAL_SENS_OUT_3=32
THERMAL_SENS_OUT_4=27
THERMAL_SENS_OUT_5=37
THERMAL_SENS_OUT_6=-50
THERMAL_SENS_INT_1=28
THERMAL_SENS_INT_2=25
PG_5=0
PG_9=0
PG_12=0
FLT_P2=0
FLT_P3=0
HEAT_1_TEMP=27
HEAT_1_DUTY=0
HEAT_1_SP=-20.0
HEAT_2_TEMP=32
HEAT_2_DUTY=0
HEAT_2_SP=-20.0
HEAT_3_TEMP=27
HEAT_3_DUTY=0
HEAT_3_SP=-20.0
HEAT_4_TEMP=37
HEAT_4_DUTY=0
HEAT_4_SP=-20.0
MOTOR_ANGLE=0.004186046511627906
MOTOR_ACCUM=1.0506976744186047
MOTOR_ROT=2

[12:03:33.105 EBOX]
TS=1786204502.511
V_SENSE5=1.2353515625
V_SENSE9=0.0341796875
V_SENSE12=0.1318359375
ADC_V5=4.96490478515625
ADC_V9=9.01824951171875
ADC_V12=11.7706298828125
ADC_V28=27.576904296875
THERMAL_SENS_OUT_1=28
THERMAL_SENS_OUT_2=-50
THERMAL_SENS_OUT_3=35
THERMAL_SENS_OUT_4=27
THERMAL_SENS_OUT_5=33
THERMAL_SENS_OUT_6=-50
THERMAL_SENS_INT_1=23
THERMAL_SENS_INT_2=27
PG_5=0
PG_9=0
PG_12=0
FLT_P2=0
FLT_P3=0
HEAT_1_TEMP=28
HEAT_1_DUTY=0
HEAT_1_SP=-20.0
HEAT_2_TEMP=35
HEAT_2_DUTY=0
HEAT_2_SP=-20.0
HEAT_3_TEMP=27
HEAT_3_DUTY=0
HEAT_3_SP=-20.0
HEAT_4_TEMP=33
HEAT_4_DUTY=0
HEAT_4_SP=-20.0
MOTOR_ANGLE=0.004186046511627906
MOTOR_ACCUM=1.0506976744186047
MOTOR_ROT=2

[12:03:34.736 EBOX]
TS=1786204504.515
V_SENSE5=1.2158203125
V_SENSE9=0.0341796875
V_SENSE12=0.1220703125
ADC_V5=4.9383544921875
ADC_V9=8.9739990234375
ADC_V12=11.8414306640625
ADC_V28=27.90435791015625
THERMAL_SENS_OUT_1=27
THERMAL_SENS_OUT_2=-50
THERMAL_SENS_OUT_3=35
THERMAL_SENS_OUT_4=25
THERMAL_SENS_OUT_5=35
THERMAL_SENS_OUT_6=-50
THERMAL_SENS_INT_1=26
THERMAL_SENS_INT_2=29
PG_5=0
PG_9=0
PG_12=0
FLT_P2=0
FLT_P3=0
HEAT_1_TEMP=27
HEAT_1_DUTY=0
HEAT_1_SP=-20.0
HEAT_2_TEMP=35
HEAT_2_DUTY=0
HEAT_2_SP=-20.0
HEAT_3_TEMP=25
HEAT_3_DUTY=0
HEAT_3_SP=-20.0
HEAT_4_TEMP=35
HEAT_4_DUTY=0
HEAT_4_SP=-20.0
MOTOR_ANGLE=0.004186046511627906
MOTOR_ACCUM=1.0506976744186047
MOTOR_ROT=2

[12:03:36.679 EBOX]
TS=1786204506.515
V_SENSE5=1.36962890625
V_SENSE9=0.0341796875
V_SENSE12=0.10986328125
ADC_V5=5.08880615234375
ADC_V9=9.46075439453125
ADC_V12=11.646728515625
ADC_V28=27.63885498046875
THERMAL_SENS_OUT_1=32
THERMAL_SENS_OUT_2=-50
THERMAL_SENS_OUT_3=36
THERMAL_SENS_OUT_4=27
THERMAL_SENS_OUT_5=37
THERMAL_SENS_OUT_6=-50
THERMAL_SENS_INT_1=29
THERMAL_SENS_INT_2=27
PG_5=0
PG_9=0
PG_12=0
FLT_P2=0
FLT_P3=0
HEAT_1_TEMP=32
HEAT_1_DUTY=0
HEAT_1_SP=-20.0
HEAT_2_TEMP=36
HEAT_2_DUTY=0
HEAT_2_SP=-20.0
HEAT_3_TEMP=27
HEAT_3_DUTY=0
HEAT_3_SP=-20.0
HEAT_4_TEMP=37
HEAT_4_DUTY=0
HEAT_4_SP=-20.0
MOTOR_ANGLE=0.004186046511627906
MOTOR_ACCUM=1.0506976744186047
MOTOR_ROT=2

[12:03:38.719 EBOX]
TS=1786204508.518
V_SENSE5=1.31103515625
V_SENSE9=0.03662109375
V_SENSE12=0.1123046875
ADC_V5=4.8321533203125
ADC_V9=9.10675048828125
ADC_V12=11.86798095703125
ADC_V28=27.506103515625
THERMAL_SENS_OUT_1=28
THERMAL_SENS_OUT_2=-50
THERMAL_SENS_OUT_3=30
THERMAL_SENS_OUT_4=29
THERMAL_SENS_OUT_5=32
THERMAL_SENS_OUT_6=-50
THERMAL_SENS_INT_1=30
THERMAL_SENS_INT_2=26
PG_5=0
PG_9=0
PG_12=0
FLT_P2=0
FLT_P3=0
HEAT_1_TEMP=28
HEAT_1_DUTY=0
HEAT_1_SP=-20.0
HEAT_2_TEMP=30
HEAT_2_DUTY=0
HEAT_2_SP=-20.0
HEAT_3_TEMP=29
HEAT_3_DUTY=0
HEAT_3_SP=-20.0
HEAT_4_TEMP=32
HEAT_4_DUTY=0
HEAT_4_SP=-20.0
MOTOR_ANGLE=0.004186046511627906
MOTOR_ACCUM=1.0506976744186047
MOTOR_ROT=2

[12:03:41.055 EBOX]
TS=1786204510.527
V_SENSE5=1.181640625
V_SENSE9=0.03662109375
V_SENSE12=0.1171875
ADC_V5=4.849853515625
ADC_V9=9.62005615234375
ADC_V12=11.95648193359375
ADC_V28=27.9486083984375
THERMAL_SENS_OUT_1=26
THERMAL_SENS_OUT_2=-50
THERMAL_SENS_OUT_3=31
THERMAL_SENS_OUT_4=28
THERMAL_SENS_OUT_5=33
THERMAL_SENS_OUT_6=-50
THERMAL_SENS_INT_1=25
THERMAL_SENS_INT_2=27
PG_5=0
PG_9=0
PG_12=0
FLT_P2=0
FLT_P3=0
HEAT_1_TEMP=26
HEAT_1_DUTY=0
HEAT_1_SP=-20.0
HEAT_2_TEMP=31
HEAT_2_DUTY=0
HEAT_2_SP=-20.0
HEAT_3_TEMP=28
HEAT_3_DUTY=0
HEAT_3_SP=-20.0
HEAT_4_TEMP=33
HEAT_4_DUTY=0
HEAT_4_SP=-20.0
MOTOR_ANGLE=0.004186046511627906
MOTOR_ACCUM=1.0506976744186047
MOTOR_ROT=2

[12:03:42.694 EBOX]
TS=1786204512.521
V_SENSE5=1.2158203125
V_SENSE9=0.0341796875
V_SENSE12=0.12939453125
ADC_V5=4.9560546875
ADC_V9=9.027099609375
ADC_V12=11.788330078125
ADC_V28=26.82464599609375
THERMAL_SENS_OUT_1=29
THERMAL_SENS_OUT_2=-50
THERMAL_SENS_OUT_3=33
THERMAL_SENS_OUT_4=27
THERMAL_SENS_OUT_5=32
THERMAL_SENS_OUT_6=-50
THERMAL_SENS_INT_1=24
THERMAL_SENS_INT_2=31
PG_5=0
PG_9=0
PG_12=0
FLT_P2=0
FLT_P3=0
HEAT_1_TEMP=29
HEAT_1_DUTY=0
HEAT_1_SP=-20.0
HEAT_2_TEMP=33
HEAT_2_DUTY=0
HEAT_2_SP=-20.0
HEAT_3_TEMP=27
HEAT_3_DUTY=0
HEAT_3_SP=-20.0
HEAT_4_TEMP=32
HEAT_4_DUTY=0
HEAT_4_SP=-20.0
MOTOR_ANGLE=0.004186046511627906
MOTOR_ACCUM=1.0506976744186047
MOTOR_ROT=2

[12:03:44.736 EBOX]
TS=1786204514.530
V_SENSE5=1.29150390625
V_SENSE9=0.0390625
V_SENSE12=0.11962890625
ADC_V5=4.88525390625
ADC_V9=9.33685302734375
ADC_V12=11.9476318359375
ADC_V28=27.435302734375
THERMAL_SENS_OUT_1=29
THERMAL_SENS_OUT_2=-50
THERMAL_SENS_OUT_3=33
THERMAL_SENS_OUT_4=30
THERMAL_SENS_OUT_5=31
THERMAL_SENS_OUT_6=-50
THERMAL_SENS_INT_1=25
THERMAL_SENS_INT_2=28
PG_5=0
PG_9=0
PG_12=0
FLT_P2=0
FLT_P3=0
HEAT_1_TEMP=29
HEAT_1_DUTY=0
HEAT_1_SP=-20.0
HEAT_2_TEMP=33
HEAT_2_DUTY=0
HEAT_2_SP=-20.0
HEAT_3_TEMP=30
HEAT_3_DUTY=0
HEAT_3_SP=-20.0
HEAT_4_TEMP=31
HEAT_4_DUTY=0
HEAT_4_SP=-20.0
MOTOR_ANGLE=0.004186046511627906
MOTOR_ACCUM=1.0506976744186047
MOTOR_ROT=2

[12:03:47.076 EBOX]
TS=1786204516.530
V_SENSE5=1.26220703125
V_SENSE9=0.03662109375
V_SENSE12=0.1220703125
ADC_V5=4.96490478515625
ADC_V9=9.27490234375
ADC_V12=11.575927734375
ADC_V28=26.97509765625
THERMAL_SENS_OUT_1=28
THERMAL_SENS_OUT_2=-50
THERMAL_SENS_OUT_3=32
THERMAL_SENS_OUT_4=25
THERMAL_SENS_OUT_5=34
THERMAL_SENS_OUT_6=-50
THERMAL_SENS_INT_1=23
THERMAL_SENS_INT_2=30
PG_5=0
PG_9=0
PG_12=0
FLT_P2=0
FLT_P3=0
HEAT_1_TEMP=28
HEAT_1_DUTY=0
HEAT_1_SP=-20.0
HEAT_2_TEMP=32
HEAT_2_DUTY=0
HEAT_2_SP=-20.0
HEAT_3_TEMP=25
HEAT_3_DUTY=0
HEAT_3_SP=-20.0
HEAT_4_TEMP=34
HEAT_4_DUTY=0
HEAT_4_SP=-20.0
MOTOR_ANGLE=0.004186046511627906
MOTOR_ACCUM=1.0506976744186047
MOTOR_ROT=2

[12:03:48.710 EBOX]
TS=1786204518.531
V_SENSE5=1.33056640625
V_SENSE9=0.0390625
V_SENSE12=0.1220703125
ADC_V5=4.82330322265625
ADC_V9=9.00054931640625
ADC_V12=11.67327880859375
ADC_V28=27.24945068359375
THERMAL_SENS_OUT_1=31
THERMAL_SENS_OUT_2=-50
THERMAL_SENS_OUT_3=33
THERMAL_SENS_OUT_4=27
THERMAL_SENS_OUT_5=35
THERMAL_SENS_OUT_6=-50
THERMAL_SENS_INT_1=26
THERMAL_SENS_INT_2=29
PG_5=0
PG_9=0
PG_12=0
FLT_P2=0
FLT_P3=0
HEAT_1_TEMP=31
HEAT_1_DUTY=0
HEAT_1_SP=-20.0
HEAT_2_TEMP=33
HEAT_2_DUTY=0
HEAT_2_SP=-20.0
HEAT_3_TEMP=27
HEAT_3_DUTY=0
HEAT_3_SP=-20.0
HEAT_4_TEMP=35
HEAT_4_DUTY=0
HEAT_4_SP=-20.0
MOTOR_ANGLE=0.004186046511627906
MOTOR_ACCUM=1.0506976744186047
MOTOR_ROT=2

[12:03:51.049 EBOX]
TS=1786204520.533
V_SENSE5=1.22314453125
V_SENSE9=0.06591796875
V_SENSE12=0.1318359375
ADC_V5=4.91180419921875
ADC_V9=9.2926025390625
ADC_V12=11.7529296875
ADC_V28=27.72735595703125
THERMAL_SENS_OUT_1=26
THERMAL_SENS_OUT_2=-50
THERMAL_SENS_OUT_3=34
THERMAL_SENS_OUT_4=30
THERMAL_SENS_OUT_5=31
THERMAL_SENS_OUT_6=-50
THERMAL_SENS_INT_1=27
THERMAL_SENS_INT_2=31
PG_5=0
PG_9=0
PG_12=0
FLT_P2=0
FLT_P3=0
HEAT_1_TEMP=26
HEAT_1_DUTY=0
HEAT_1_SP=-20.0
HEAT_2_TEMP=34
HEAT_2_DUTY=0
HEAT_2_SP=-20.0
HEAT_3_TEMP=30
HEAT_3_DUTY=0
HEAT_3_SP=-20.0
HEAT_4_TEMP=31
HEAT_4_DUTY=0
HEAT_4_SP=-20.0
MOTOR_ANGLE=0.004186046511627906
MOTOR_ACCUM=1.0506976744186047
MOTOR_ROT=2

[12:03:52.782 EBOX]
TS=1786204522.534
V_SENSE5=1.20849609375
V_SENSE9=0.0390625
V_SENSE12=0.1220703125
ADC_V5=4.9560546875
ADC_V9=9.01824951171875
ADC_V12=11.82373046875
ADC_V28=27.2760009765625
THERMAL_SENS_OUT_1=29
THERMAL_SENS_OUT_2=-50
THERMAL_SENS_OUT_3=31
THERMAL_SENS_OUT_4=28
THERMAL_SENS_OUT_5=34
THERMAL_SENS_OUT_6=-50
THERMAL_SENS_INT_1=29
THERMAL_SENS_INT_2=27
PG_5=0
PG_9=0
PG_12=0
FLT_P2=0
FLT_P3=0
HEAT_1_TEMP=29
HEAT_1_DUTY=0
HEAT_1_SP=-20.0
HEAT_2_TEMP=31
HEAT_2_DUTY=0
HEAT_2_SP=-20.0
HEAT_3_TEMP=28
HEAT_3_DUTY=0
HEAT_3_SP=-20.0
HEAT_4_TEMP=34
HEAT_4_DUTY=0
HEAT_4_SP=-20.0
MOTOR_ANGLE=0.004186046511627906
MOTOR_ACCUM=1.0506976744186047
MOTOR_ROT=2

[12:03:54.729 EBOX]
TS=1786204524.545
V_SENSE5=1.37451171875
V_SENSE9=0.0341796875
V_SENSE12=0.18310546875
ADC_V5=4.9560546875
ADC_V9=9.62890625
ADC_V12=11.8060302734375
ADC_V28=27.2406005859375
THERMAL_SENS_OUT_1=32
THERMAL_SENS_OUT_2=-50
THERMAL_SENS_OUT_3=30
THERMAL_SENS_OUT_4=27
THERMAL_SENS_OUT_5=36
THERMAL_SENS_OUT_6=-50
THERMAL_SENS_INT_1=22
THERMAL_SENS_INT_2=25
PG_5=0
PG_9=0
PG_12=0
FLT_P2=0
FLT_P3=0
HEAT_1_TEMP=32
HEAT_1_DUTY=0
HEAT_1_SP=-20.0
HEAT_2_TEMP=30
HEAT_2_DUTY=0
HEAT_2_SP=-20.0
HEAT_3_TEMP=27
HEAT_3_DUTY=0
HEAT_3_SP=-20.0
HEAT_4_TEMP=36
HEAT_4_DUTY=0
HEAT_4_SP=-20.0
MOTOR_ANGLE=0.004186046511627906
MOTOR_ACCUM=1.0506976744186047
MOTOR_ROT=2

[12:03:56.765 EBOX]
TS=1786204526.539
V_SENSE5=1.1669921875
V_SENSE9=0.0390625
V_SENSE12=0.1220703125
ADC_V5=5.0091552734375
ADC_V9=9.345703125
ADC_V12=11.70867919921875
ADC_V28=27.32025146484375
THERMAL_SENS_OUT_1=32
THERMAL_SENS_OUT_2=-50
THERMAL_SENS_OUT_3=35
THERMAL_SENS_OUT_4=28
THERMAL_SENS_OUT_5=32
THERMAL_SENS_OUT_6=-50
THERMAL_SENS_INT_1=28
THERMAL_SENS_INT_2=25
PG_5=0
PG_9=0
PG_12=0
FLT_P2=0
FLT_P3=0
HEAT_1_TEMP=32
HEAT_1_DUTY=0
HEAT_1_SP=-20.0
HEAT_2_TEMP=35
HEAT_2_DUTY=0
HEAT_2_SP=-20.0
HEAT_3_TEMP=28
HEAT_3_DUTY=0
HEAT_3_SP=-20.0
HEAT_4_TEMP=32
HEAT_4_DUTY=0
HEAT_4_SP=-20.0
MOTOR_ANGLE=0.004186046511627906
MOTOR_ACCUM=1.0506976744186047
MOTOR_ROT=2

[12:03:58.695 EBOX]
TS=1786204528.541
V_SENSE5=1.32568359375
V_SENSE9=0.03173828125
V_SENSE12=0.1123046875
ADC_V5=5.23040771484375
ADC_V9=8.87664794921875
ADC_V12=11.58477783203125
ADC_V28=27.8955078125
THERMAL_SENS_OUT_1=29
THERMAL_SENS_OUT_2=-50
THERMAL_SENS_OUT_3=31
THERMAL_SENS_OUT_4=30
THERMAL_SENS_OUT_5=35
THERMAL_SENS_OUT_6=-50
THERMAL_SENS_INT_1=24
THERMAL_SENS_INT_2=29
PG_5=0
PG_9=0
PG_12=0
FLT_P2=0
FLT_P3=0
HEAT_1_TEMP=29
HEAT_1_DUTY=0
HEAT_1_SP=-20.0
HEAT_2_TEMP=31
HEAT_2_DUTY=0
HEAT_2_SP=-20.0
HEAT_3_TEMP=30
HEAT_3_DUTY=0
HEAT_3_SP=-20.0
HEAT_4_TEMP=35
HEAT_4_DUTY=0
HEAT_4_SP=-20.0
MOTOR_ANGLE=0.004186046511627906
MOTOR_ACCUM=1.0506976744186047
MOTOR_ROT=2

[12:04:00.736 EBOX]
TS=1786204530.543
V_SENSE5=1.3525390625
V_SENSE9=0.0341796875
V_SENSE12=0.1708984375
ADC_V5=4.98260498046875
ADC_V9=9.21295166015625
ADC_V12=11.8414306640625
ADC_V28=27.0635986328125
THERMAL_SENS_OUT_1=26
THERMAL_SENS_OUT_2=-50
THERMAL_SENS_OUT_3=31
THERMAL_SENS_OUT_4=30
THERMAL_SENS_OUT_5=32
THERMAL_SENS_OUT_6=-50
THERMAL_SENS_INT_1=24
THERMAL_SENS_INT_2=31
PG_5=0
PG_9=0
PG_12=0
FLT_P2=0
FLT_P3=0
HEAT_1_TEMP=26
HEAT_1_DUTY=0
HEAT_1_SP=-20.0
HEAT_2_TEMP=31
HEAT_2_DUTY=0
HEAT_2_SP=-20.0
HEAT_3_TEMP=30
HEAT_3_DUTY=0
HEAT_3_SP=-20.0
HEAT_4_TEMP=32
HEAT_4_DUTY=0
HEAT_4_SP=-20.0
MOTOR_ANGLE=0.004186046511627906
MOTOR_ACCUM=1.0506976744186047
MOTOR_ROT=2

[12:04:03.074 EBOX]
TS=1786204532.545
V_SENSE5=1.30126953125
V_SENSE9=0.03662109375
V_SENSE12=0.1318359375
ADC_V5=4.87640380859375
ADC_V9=9.33685302734375
ADC_V12=11.788330078125
ADC_V28=27.010498046875
THERMAL_SENS_OUT_1=27
THERMAL_SENS_OUT_2=-50
THERMAL_SENS_OUT_3=32
THERMAL_SENS_OUT_4=31
THERMAL_SENS_OUT_5=31
THERMAL_SENS_OUT_6=-50
THERMAL_SENS_INT_1=26
THERMAL_SENS_INT_2=29
PG_5=0
PG_9=0
PG_12=0
FLT_P2=0
FLT_P3=0
HEAT_1_TEMP=27
HEAT_1_DUTY=0
HEAT_1_SP=-20.0
HEAT_2_TEMP=32
HEAT_2_DUTY=0
HEAT_2_SP=-20.0
HEAT_3_TEMP=31
HEAT_3_DUTY=0
HEAT_3_SP=-20.0
HEAT_4_TEMP=31
HEAT_4_DUTY=0
HEAT_4_SP=-20.0
MOTOR_ANGLE=0.004186046511627906
MOTOR_ACCUM=1.0506976744186047
MOTOR_ROT=2

[12:04:04.705 EBOX]
TS=1786204534.547
V_SENSE5=1.34033203125
V_SENSE9=0.07568359375
V_SENSE12=0.13427734375
ADC_V5=4.94720458984375
ADC_V9=9.3988037109375
ADC_V12=11.7706298828125
ADC_V28=27.0458984375
THERMAL_SENS_OUT_1=26
THERMAL_SENS_OUT_2=-50
THERMAL_SENS_OUT_3=30
THERMAL_SENS_OUT_4=30
THERMAL_SENS_OUT_5=32
THERMAL_SENS_OUT_6=-50
THERMAL_SENS_INT_1=29
THERMAL_SENS_INT_2=29
PG_5=0
PG_9=0
PG_12=0
FLT_P2=0
FLT_P3=0
HEAT_1_TEMP=26
HEAT_1_DUTY=0
HEAT_1_SP=-20.0
HEAT_2_TEMP=30
HEAT_2_DUTY=0
HEAT_2_SP=-20.0
HEAT_3_TEMP=30
HEAT_3_DUTY=0
HEAT_3_SP=-20.0
HEAT_4_TEMP=32
HEAT_4_DUTY=0
HEAT_4_SP=-20.0
MOTOR_ANGLE=0.004186046511627906
MOTOR_ACCUM=1.0506976744186047
MOTOR_ROT=2

[12:04:06.793 EBOX]
TS=1786204536.549
V_SENSE5=1.2744140625
V_SENSE9=0.0390625
V_SENSE12=0.1318359375
ADC_V5=4.9029541015625
ADC_V9=9.19525146484375
ADC_V12=11.7706298828125
ADC_V28=27.8778076171875
THERMAL_SENS_OUT_1=30
THERMAL_SENS_OUT_2=-50
THERMAL_SENS_OUT_3=34
THERMAL_SENS_OUT_4=25
THERMAL_SENS_OUT_5=34
THERMAL_SENS_OUT_6=-50
THERMAL_SENS_INT_1=28
THERMAL_SENS_INT_2=26
PG_5=0
PG_9=0
PG_12=0
FLT_P2=0
FLT_P3=0
HEAT_1_TEMP=30
HEAT_1_DUTY=0
HEAT_1_SP=-20.0
HEAT_2_TEMP=34
HEAT_2_DUTY=0
HEAT_2_SP=-20.0
HEAT_3_TEMP=25
HEAT_3_DUTY=0
HEAT_3_SP=-20.0
HEAT_4_TEMP=34
HEAT_4_DUTY=0
HEAT_4_SP=-20.0
MOTOR_ANGLE=0.004186046511627906
MOTOR_ACCUM=1.0506976744186047
MOTOR_ROT=2

[12:04:08.735 EBOX]
TS=1786204538.554
V_SENSE5=1.1962890625
V_SENSE9=0.03173828125
V_SENSE12=0.1123046875
ADC_V5=4.991455078125
ADC_V9=9.07135009765625
ADC_V12=11.5936279296875
ADC_V28=27.5592041015625
THERMAL_SENS_OUT_1=33
THERMAL_SENS_OUT_2=-50
THERMAL_SENS_OUT_3=31
THERMAL_SENS_OUT_4=27
THERMAL_SENS_OUT_5=32
THERMAL_SENS_OUT_6=-50
THERMAL_SENS_INT_1=24
THERMAL_SENS_INT_2=29
PG_5=0
PG_9=0
PG_12=0
FLT_P2=0
FLT_P3=0
HEAT_1_TEMP=33
HEAT_1_DUTY=0
HEAT_1_SP=-20.0
HEAT_2_TEMP=31
HEAT_2_DUTY=0
HEAT_2_SP=-20.0
HEAT_3_TEMP=27
HEAT_3_DUTY=0
HEAT_3_SP=-20.0
HEAT_4_TEMP=32
HEAT_4_DUTY=0
HEAT_4_SP=-20.0
MOTOR_ANGLE=0.004186046511627906
MOTOR_ACCUM=1.0506976744186047
MOTOR_ROT=2

[12:04:10.771 EBOX]
TS=1786204540.550
V_SENSE5=1.240234375
V_SENSE9=0.0341796875
V_SENSE12=0.12451171875
ADC_V5=4.920654296875
ADC_V9=9.28375244140625
ADC_V12=11.95648193359375
ADC_V28=27.70965576171875
THERMAL_SENS_OUT_1=32
THERMAL_SENS_OUT_2=-50
THERMAL_SENS_OUT_3=32
THERMAL_SENS_OUT_4=26
THERMAL_SENS_OUT_5=37
THERMAL_SENS_OUT_6=-50
THERMAL_SENS_INT_1=25
THERMAL_SENS_INT_2=30
PG_5=0
PG_9=0
PG_12=0
FLT_P2=0
FLT_P3=0
HEAT_1_TEMP=32
HEAT_1_DUTY=0
HEAT_1_SP=-20.0
HEAT_2_TEMP=32
HEAT_2_DUTY=0
HEAT_2_SP=-20.0
HEAT_3_TEMP=26
HEAT_3_DUTY=0
HEAT_3_SP=-20.0
HEAT_4_TEMP=37
HEAT_4_DUTY=0
HEAT_4_SP=-20.0
MOTOR_ANGLE=0.004186046511627906
MOTOR_ACCUM=1.0506976744186047
MOTOR_ROT=2

[12:04:12.810 EBOX]
TS=1786204542.553
V_SENSE5=1.28662109375
V_SENSE9=0.0341796875
V_SENSE12=0.12451171875
ADC_V5=4.94720458984375
ADC_V9=9.15985107421875
ADC_V12=11.929931640625
ADC_V28=27.67425537109375
THERMAL_SENS_OUT_1=28
THERMAL_SENS_OUT_2=-50
THERMAL_SENS_OUT_3=35
THERMAL_SENS_OUT_4=25
THERMAL_SENS_OUT_5=32
THERMAL_SENS_OUT_6=-50
THERMAL_SENS_INT_1=28
THERMAL_SENS_INT_2=27
PG_5=0
PG_9=0
PG_12=0
FLT_P2=0
FLT_P3=0
HEAT_1_TEMP=28
HEAT_1_DUTY=0
HEAT_1_SP=-20.0
HEAT_2_TEMP=35
HEAT_2_DUTY=0
HEAT_2_SP=-20.0
HEAT_3_TEMP=25
HEAT_3_DUTY=0
HEAT_3_SP=-20.0
HEAT_4_TEMP=32
HEAT_4_DUTY=0
HEAT_4_SP=-20.0
MOTOR_ANGLE=0.004186046511627906
MOTOR_ACCUM=1.0506976744186047
MOTOR_ROT=2

[12:04:14.751 EBOX]
TS=1786204544.553
V_SENSE5=1.46240234375
V_SENSE9=0.03662109375
V_SENSE12=0.1123046875
ADC_V5=5.0091552734375
ADC_V9=9.41650390625
ADC_V12=11.788330078125
ADC_V28=27.1697998046875
THERMAL_SENS_OUT_1=26
THERMAL_SENS_OUT_2=-50
THERMAL_SENS_OUT_3=31
THERMAL_SENS_OUT_4=31
THERMAL_SENS_OUT_5=33
THERMAL_SENS_OUT_6=-50
THERMAL_SENS_INT_1=24
THERMAL_SENS_INT_2=30
PG_5=0
PG_9=0
PG_12=0
FLT_P2=0
FLT_P3=0
HEAT_1_TEMP=26
HEAT_1_DUTY=0
HEAT_1_SP=-20.0
HEAT_2_TEMP=31
HEAT_2_DUTY=0
HEAT_2_SP=-20.0
HEAT_3_TEMP=31
HEAT_3_DUTY=0
HEAT_3_SP=-20.0
HEAT_4_TEMP=33
HEAT_4_DUTY=0
HEAT_4_SP=-20.0
MOTOR_ANGLE=0.004186046511627906
MOTOR_ACCUM=1.0506976744186047
MOTOR_ROT=2

[12:04:16.789 EBOX]
TS=1786204546.556
V_SENSE5=1.17431640625
V_SENSE9=0.0341796875
V_SENSE12=0.1123046875
ADC_V5=4.920654296875
ADC_V9=9.26605224609375
ADC_V12=11.6290283203125
ADC_V28=27.0281982421875
THERMAL_SENS_OUT_1=28
THERMAL_SENS_OUT_2=-50
THERMAL_SENS_OUT_3=32
THERMAL_SENS_OUT_4=28
THERMAL_SENS_OUT_5=34
THERMAL_SENS_OUT_6=-50
THERMAL_SENS_INT_1=23
THERMAL_SENS_INT_2=29
PG_5=0
PG_9=0
PG_12=0
FLT_P2=0
FLT_P3=0
HEAT_1_TEMP=28
HEAT_1_DUTY=0
HEAT_1_SP=-20.0
HEAT_2_TEMP=32
HEAT_2_DUTY=0
HEAT_2_SP=-20.0
HEAT_3_TEMP=28
HEAT_3_DUTY=0
HEAT_3_SP=-20.0
HEAT_4_TEMP=34
HEAT_4_DUTY=0
HEAT_4_SP=-20.0
MOTOR_ANGLE=0.004186046511627906
MOTOR_ACCUM=1.0506976744186047
MOTOR_ROT=2

[12:04:18.726 EBOX]
TS=1786204548.558
V_SENSE5=1.2109375
V_SENSE9=0.0390625
V_SENSE12=0.12451171875
ADC_V5=4.991455078125
ADC_V9=8.85009765625
ADC_V12=11.99188232421875
ADC_V28=27.79815673828125
THERMAL_SENS_OUT_1=31
THERMAL_SENS_OUT_2=-50
THERMAL_SENS_OUT_3=34
THERMAL_SENS_OUT_4=26
THERMAL_SENS_OUT_5=36
THERMAL_SENS_OUT_6=-50
THERMAL_SENS_INT_1=24
THERMAL_SENS_INT_2=30
PG_5=0
PG_9=0
PG_12=0
FLT_P2=0
FLT_P3=0
HEAT_1_TEMP=31
HEAT_1_DUTY=0
HEAT_1_SP=-20.0
HEAT_2_TEMP=34
HEAT_2_DUTY=0
HEAT_2_SP=-20.0
HEAT_3_TEMP=26
HEAT_3_DUTY=0
HEAT_3_SP=-20.0
HEAT_4_TEMP=36
HEAT_4_DUTY=0
HEAT_4_SP=-20.0
MOTOR_ANGLE=0.004186046511627906
MOTOR_ACCUM=1.0506976744186047
MOTOR_ROT=2

[12:04:20.766 EBOX]
TS=1786204550.560
V_SENSE5=1.24267578125
V_SENSE9=0.0390625
V_SENSE12=0.10986328125
ADC_V5=4.9737548828125
ADC_V9=9.13330078125
ADC_V12=11.8060302734375
ADC_V28=27.3291015625
THERMAL_SENS_OUT_1=26
THERMAL_SENS_OUT_2=-50
THERMAL_SENS_OUT_3=36
THERMAL_SENS_OUT_4=27
THERMAL_SENS_OUT_5=37
THERMAL_SENS_OUT_6=-50
THERMAL_SENS_INT_1=29
THERMAL_SENS_INT_2=26
PG_5=0
PG_9=0
PG_12=0
FLT_P2=0
FLT_P3=0
HEAT_1_TEMP=26
HEAT_1_DUTY=0
HEAT_1_SP=-20.0
HEAT_2_TEMP=36
HEAT_2_DUTY=0
HEAT_2_SP=-20.0
HEAT_3_TEMP=27
HEAT_3_DUTY=0
HEAT_3_SP=-20.0
HEAT_4_TEMP=37
HEAT_4_DUTY=0
HEAT_4_SP=-20.0
MOTOR_ANGLE=0.004186046511627906
MOTOR_ACCUM=1.0506976744186047
MOTOR_ROT=2

[12:04:22.807 EBOX]
TS=1786204552.560
V_SENSE5=1.2158203125
V_SENSE9=0.0390625
V_SENSE12=0.1171875
ADC_V5=4.91180419921875
ADC_V9=9.19525146484375
ADC_V12=11.859130859375
ADC_V28=26.8865966796875
THERMAL_SENS_OUT_1=29
THERMAL_SENS_OUT_2=-50
THERMAL_SENS_OUT_3=32
THERMAL_SENS_OUT_4=27
THERMAL_SENS_OUT_5=37
THERMAL_SENS_OUT_6=-50
THERMAL_SENS_INT_1=25
THERMAL_SENS_INT_2=26
PG_5=0
PG_9=0
PG_12=0
FLT_P2=0
FLT_P3=0
HEAT_1_TEMP=29
HEAT_1_DUTY=0
HEAT_1_SP=-20.0
HEAT_2_TEMP=32
HEAT_2_DUTY=0
HEAT_2_SP=-20.0
HEAT_3_TEMP=27
HEAT_3_DUTY=0
HEAT_3_SP=-20.0
HEAT_4_TEMP=37
HEAT_4_DUTY=0
HEAT_4_SP=-20.0
MOTOR_ANGLE=0.004186046511627906
MOTOR_ACCUM=1.0506976744186047
MOTOR_ROT=2

[12:04:24.843 EBOX]
TS=1786204554.570
V_SENSE5=1.1328125
V_SENSE9=0.0390625
V_SENSE12=0.15380859375
ADC_V5=4.8675537109375
ADC_V9=9.49615478515625
ADC_V12=11.5582275390625
ADC_V28=27.6123046875
THERMAL_SENS_OUT_1=26
THERMAL_SENS_OUT_2=-50
THERMAL_SENS_OUT_3=32
THERMAL_SENS_OUT_4=28
THERMAL_SENS_OUT_5=31
THERMAL_SENS_OUT_6=-50
THERMAL_SENS_INT_1=24
THERMAL_SENS_INT_2=29
PG_5=0
PG_9=0
PG_12=0
FLT_P2=0
FLT_P3=0
HEAT_1_TEMP=26
HEAT_1_DUTY=0
HEAT_1_SP=-20.0
HEAT_2_TEMP=32
HEAT_2_DUTY=0
HEAT_2_SP=-20.0
HEAT_3_TEMP=28
HEAT_3_DUTY=0
HEAT_3_SP=-20.0
HEAT_4_TEMP=31
HEAT_4_DUTY=0
HEAT_4_SP=-20.0
MOTOR_ANGLE=0.004186046511627906
MOTOR_ACCUM=1.0506976744186047
MOTOR_ROT=2

[12:04:26.779 EBOX]
TS=1786204556.564
V_SENSE5=1.2060546875
V_SENSE9=0.0341796875
V_SENSE12=0.15380859375
ADC_V5=4.9560546875
ADC_V9=9.08905029296875
ADC_V12=11.51397705078125
ADC_V28=27.54150390625
THERMAL_SENS_OUT_1=28
THERMAL_SENS_OUT_2=-50
THERMAL_SENS_OUT_3=32
THERMAL_SENS_OUT_4=25
THERMAL_SENS_OUT_5=34
THERMAL_SENS_OUT_6=-50
THERMAL_SENS_INT_1=23
THERMAL_SENS_INT_2=29
PG_5=0
PG_9=0
PG_12=0
FLT_P2=0
FLT_P3=0
HEAT_1_TEMP=28
HEAT_1_DUTY=0
HEAT_1_SP=-20.0
HEAT_2_TEMP=32
HEAT_2_DUTY=0
HEAT_2_SP=-20.0
HEAT_3_TEMP=25
HEAT_3_DUTY=0
HEAT_3_SP=-20.0
HEAT_4_TEMP=34
HEAT_4_DUTY=0
HEAT_4_SP=-20.0
MOTOR_ANGLE=0.004186046511627906
MOTOR_ACCUM=1.0506976744186047
MOTOR_ROT=2

[12:04:28.817 EBOX]
TS=1786204558.566
V_SENSE5=1.416015625
V_SENSE9=0.03662109375
V_SENSE12=0.12939453125
ADC_V5=4.94720458984375
ADC_V9=8.91204833984375
ADC_V12=11.47857666015625
ADC_V28=27.5946044921875
THERMAL_SENS_OUT_1=32
THERMAL_SENS_OUT_2=-50
THERMAL_SENS_OUT_3=33
THERMAL_SENS_OUT_4=25
THERMAL_SENS_OUT_5=33
THERMAL_SENS_OUT_6=-50
THERMAL_SENS_INT_1=29
THERMAL_SENS_INT_2=27
PG_5=0
PG_9=0
PG_12=0
FLT_P2=0
FLT_P3=0
HEAT_1_TEMP=32
HEAT_1_DUTY=0
HEAT_1_SP=-20.0
HEAT_2_TEMP=33
HEAT_2_DUTY=0
HEAT_2_SP=-20.0
HEAT_3_TEMP=25
HEAT_3_DUTY=0
HEAT_3_SP=-20.0
HEAT_4_TEMP=33
HEAT_4_DUTY=0
HEAT_4_SP=-20.0
MOTOR_ANGLE=0.004186046511627906
MOTOR_ACCUM=1.0506976744186047
MOTOR_ROT=2

[12:04:31.057 EBOX]
TS=1786204560.573
V_SENSE5=1.26953125
V_SENSE9=0.0341796875
V_SENSE12=0.1171875
ADC_V5=4.89410400390625
ADC_V9=9.2926025390625
ADC_V12=11.7352294921875
ADC_V28=27.63885498046875
THERMAL_SENS_OUT_1=25
THERMAL_SENS_OUT_2=-50
THERMAL_SENS_OUT_3=35
THERMAL_SENS_OUT_4=30
THERMAL_SENS_OUT_5=36
THERMAL_SENS_OUT_6=-50
THERMAL_SENS_INT_1=24
THERMAL_SENS_INT_2=29
PG_5=0
PG_9=0
PG_12=0
FLT_P2=0
FLT_P3=0
HEAT_1_TEMP=25
HEAT_1_DUTY=0
HEAT_1_SP=-20.0
HEAT_2_TEMP=35
HEAT_2_DUTY=0
HEAT_2_SP=-20.0
HEAT_3_TEMP=30
HEAT_3_DUTY=0
HEAT_3_SP=-20.0
HEAT_4_TEMP=36
HEAT_4_DUTY=0
HEAT_4_SP=-20.0
MOTOR_ANGLE=0.004186046511627906
MOTOR_ACCUM=1.0506976744186047
MOTOR_ROT=2

[12:04:32.794 EBOX]
TS=1786204562.572
V_SENSE5=1.2646484375
V_SENSE9=0.03662109375
V_SENSE12=0.1171875
ADC_V5=4.991455078125
ADC_V9=9.0093994140625
ADC_V12=11.92108154296875
ADC_V28=27.0458984375
THERMAL_SENS_OUT_1=29
THERMAL_SENS_OUT_2=-50
THERMAL_SENS_OUT_3=33
THERMAL_SENS_OUT_4=29
THERMAL_SENS_OUT_5=31
THERMAL_SENS_OUT_6=-50
THERMAL_SENS_INT_1=26
THERMAL_SENS_INT_2=27
PG_5=0
PG_9=0
PG_12=0
FLT_P2=0
FLT_P3=0
HEAT_1_TEMP=29
HEAT_1_DUTY=0
HEAT_1_SP=-20.0
HEAT_2_TEMP=33
HEAT_2_DUTY=0
HEAT_2_SP=-20.0
HEAT_3_TEMP=29
HEAT_3_DUTY=0
HEAT_3_SP=-20.0
HEAT_4_TEMP=31
HEAT_4_DUTY=0
HEAT_4_SP=-20.0
MOTOR_ANGLE=0.004186046511627906
MOTOR_ACCUM=1.0506976744186047
MOTOR_ROT=2

[12:04:34.838 EBOX]
TS=1786204564.571
V_SENSE5=1.2890625
V_SENSE9=0.0390625
V_SENSE12=0.11474609375
ADC_V5=4.88525390625
ADC_V9=9.42535400390625
ADC_V12=11.5582275390625
ADC_V28=27.44415283203125
THERMAL_SENS_OUT_1=32
THERMAL_SENS_OUT_2=-50
THERMAL_SENS_OUT_3=35
THERMAL_SENS_OUT_4=26
THERMAL_SENS_OUT_5=35
THERMAL_SENS_OUT_6=-50
THERMAL_SENS_INT_1=23
THERMAL_SENS_INT_2=26
PG_5=0
PG_9=0
PG_12=0
FLT_P2=0
FLT_P3=0
HEAT_1_TEMP=32
HEAT_1_DUTY=0
HEAT_1_SP=-20.0
HEAT_2_TEMP=35
HEAT_2_DUTY=0
HEAT_2_SP=-20.0
HEAT_3_TEMP=26
HEAT_3_DUTY=0
HEAT_3_SP=-20.0
HEAT_4_TEMP=35
HEAT_4_DUTY=0
HEAT_4_SP=-20.0
MOTOR_ANGLE=0.004186046511627906
MOTOR_ACCUM=1.0506976744186047
MOTOR_ROT=2

[12:04:36.777 EBOX]
TS=1786204566.572
V_SENSE5=1.22802734375
V_SENSE9=0.0390625
V_SENSE12=0.11962890625
ADC_V5=4.9383544921875
ADC_V9=9.07135009765625
ADC_V12=11.86798095703125
ADC_V28=27.8424072265625
THERMAL_SENS_OUT_1=30
THERMAL_SENS_OUT_2=-50
THERMAL_SENS_OUT_3=35
THERMAL_SENS_OUT_4=26
THERMAL_SENS_OUT_5=36
THERMAL_SENS_OUT_6=-50
THERMAL_SENS_INT_1=28
THERMAL_SENS_INT_2=25
PG_5=0
PG_9=0
PG_12=0
FLT_P2=0
FLT_P3=0
HEAT_1_TEMP=30
HEAT_1_DUTY=0
HEAT_1_SP=-20.0
HEAT_2_TEMP=35
HEAT_2_DUTY=0
HEAT_2_SP=-20.0
HEAT_3_TEMP=26
HEAT_3_DUTY=0
HEAT_3_SP=-20.0
HEAT_4_TEMP=36
HEAT_4_DUTY=0
HEAT_4_SP=-20.0
MOTOR_ANGLE=0.004186046511627906
MOTOR_ACCUM=1.0506976744186047
MOTOR_ROT=2

[12:04:38.826 EBOX]
TS=1786204568.574
V_SENSE5=1.3427734375
V_SENSE9=0.0341796875
V_SENSE12=0.14404296875
ADC_V5=4.9737548828125
ADC_V9=8.814697265625
ADC_V12=11.72637939453125
ADC_V28=27.6300048828125
THERMAL_SENS_OUT_1=32
THERMAL_SENS_OUT_2=-50
THERMAL_SENS_OUT_3=34
THERMAL_SENS_OUT_4=26
THERMAL_SENS_OUT_5=36
THERMAL_SENS_OUT_6=-50
THERMAL_SENS_INT_1=29
THERMAL_SENS_INT_2=27
PG_5=0
PG_9=0
PG_12=0
FLT_P2=0
FLT_P3=0
HEAT_1_TEMP=32
HEAT_1_DUTY=0
HEAT_1_SP=-20.0
HEAT_2_TEMP=34
HEAT_2_DUTY=0
HEAT_2_SP=-20.0
HEAT_3_TEMP=26
HEAT_3_DUTY=0
HEAT_3_SP=-20.0
HEAT_4_TEMP=36
HEAT_4_DUTY=0
HEAT_4_SP=-20.0
MOTOR_ANGLE=0.004186046511627906
MOTOR_ACCUM=1.0506976744186047
MOTOR_ROT=2

[12:04:40.776 EBOX]
TS=1786204570.576
V_SENSE5=1.181640625
V_SENSE9=0.0390625
V_SENSE12=0.11962890625
ADC_V5=4.85870361328125
ADC_V9=9.310302734375
ADC_V12=11.85028076171875
ADC_V28=27.86895751953125
THERMAL_SENS_OUT_1=27
THERMAL_SENS_OUT_2=-50
THERMAL_SENS_OUT_3=30
THERMAL_SENS_OUT_4=31
THERMAL_SENS_OUT_5=33
THERMAL_SENS_OUT_6=-50
THERMAL_SENS_INT_1=23
THERMAL_SENS_INT_2=30
PG_5=0
PG_9=0
PG_12=0
FLT_P2=0
FLT_P3=0
HEAT_1_TEMP=27
HEAT_1_DUTY=0
HEAT_1_SP=-20.0
HEAT_2_TEMP=30
HEAT_2_DUTY=0
HEAT_2_SP=-20.0
HEAT_3_TEMP=31
HEAT_3_DUTY=0
HEAT_3_SP=-20.0
HEAT_4_TEMP=33
HEAT_4_DUTY=0
HEAT_4_SP=-20.0
MOTOR_ANGLE=0.004186046511627906
MOTOR_ACCUM=1.0506976744186047
MOTOR_ROT=2

[12:04:42.817 EBOX]
TS=1786204572.578
V_SENSE5=1.240234375
V_SENSE9=0.0341796875
V_SENSE12=0.1220703125
ADC_V5=4.85870361328125
ADC_V9=8.94744873046875
ADC_V12=11.7352294921875
ADC_V28=27.506103515625
THERMAL_SENS_OUT_1=27
THERMAL_SENS_OUT_2=-50
THERMAL_SENS_OUT_3=30
THERMAL_SENS_OUT_4=25
THERMAL_SENS_OUT_5=31
THERMAL_SENS_OUT_6=-50
THERMAL_SENS_INT_1=25
THERMAL_SENS_INT_2=29
PG_5=0
PG_9=0
PG_12=0
FLT_P2=0
FLT_P3=0
HEAT_1_TEMP=27
HEAT_1_DUTY=0
HEAT_1_SP=-20.0
HEAT_2_TEMP=30
HEAT_2_DUTY=0
HEAT_2_SP=-20.0
HEAT_3_TEMP=25
HEAT_3_DUTY=0
HEAT_3_SP=-20.0
HEAT_4_TEMP=31
HEAT_4_DUTY=0
HEAT_4_SP=-20.0
MOTOR_ANGLE=0.004186046511627906
MOTOR_ACCUM=1.0506976744186047
MOTOR_ROT=2

[12:04:44.857 EBOX]
TS=1786204574.589
V_SENSE5=1.328125
V_SENSE9=0.0390625
V_SENSE12=0.11962890625
ADC_V5=4.991455078125
ADC_V9=9.239501953125
ADC_V12=12.02728271484375
ADC_V28=27.44415283203125
THERMAL_SENS_OUT_1=29
THERMAL_SENS_OUT_2=-50
THERMAL_SENS_OUT_3=31
THERMAL_SENS_OUT_4=27
THERMAL_SENS_OUT_5=34
THERMAL_SENS_OUT_6=-50
THERMAL_SENS_INT_1=26
THERMAL_SENS_INT_2=29
PG_5=0
PG_9=0
PG_12=0
FLT_P2=0
FLT_P3=0
HEAT_1_TEMP=29
HEAT_1_DUTY=0
HEAT_1_SP=-20.0
HEAT_2_TEMP=31
HEAT_2_DUTY=0
HEAT_2_SP=-20.0
HEAT_3_TEMP=27
HEAT_3_DUTY=0
HEAT_3_SP=-20.0
HEAT_4_TEMP=34
HEAT_4_DUTY=0
HEAT_4_SP=-20.0
MOTOR_ANGLE=0.004186046511627906
MOTOR_ACCUM=1.0506976744186047
MOTOR_ROT=2

[12:04:46.799 EBOX]
TS=1786204576.583
V_SENSE5=1.26220703125
V_SENSE9=0.03662109375
V_SENSE12=0.1220703125
ADC_V5=4.92950439453125
ADC_V9=9.40765380859375
ADC_V12=11.95648193359375
ADC_V28=27.39105224609375
THERMAL_SENS_OUT_1=27
THERMAL_SENS_OUT_2=-50
THERMAL_SENS_OUT_3=30
THERMAL_SENS_OUT_4=29
THERMAL_SENS_OUT_5=33
THERMAL_SENS_OUT_6=-50
THERMAL_SENS_INT_1=27
THERMAL_SENS_INT_2=27
PG_5=0
PG_9=0
PG_12=0
FLT_P2=0
FLT_P3=0
HEAT_1_TEMP=27
HEAT_1_DUTY=0
HEAT_1_SP=-20.0
HEAT_2_TEMP=30
HEAT_2_DUTY=0
HEAT_2_SP=-20.0
HEAT_3_TEMP=29
HEAT_3_DUTY=0
HEAT_3_SP=-20.0
HEAT_4_TEMP=33
HEAT_4_DUTY=0
HEAT_4_SP=-20.0
MOTOR_ANGLE=0.004186046511627906
MOTOR_ACCUM=1.0506976744186047
MOTOR_ROT=2

[12:04:48.841 EBOX]
TS=1786204578.584
V_SENSE5=1.34521484375
V_SENSE9=0.0341796875
V_SENSE12=0.1171875
ADC_V5=4.9737548828125
ADC_V9=8.77044677734375
ADC_V12=11.81488037109375
ADC_V28=26.96624755859375
THERMAL_SENS_OUT_1=27
THERMAL_SENS_OUT_2=-50
THERMAL_SENS_OUT_3=31
THERMAL_SENS_OUT_4=26
THERMAL_SENS_OUT_5=35
THERMAL_SENS_OUT_6=-50
THERMAL_SENS_INT_1=26
THERMAL_SENS_INT_2=28
PG_5=0
PG_9=0
PG_12=0
FLT_P2=0
FLT_P3=0
HEAT_1_TEMP=27
HEAT_1_DUTY=0
HEAT_1_SP=-20.0
HEAT_2_TEMP=31
HEAT_2_DUTY=0
HEAT_2_SP=-20.0
HEAT_3_TEMP=26
HEAT_3_DUTY=0
HEAT_3_SP=-20.0
HEAT_4_TEMP=35
HEAT_4_DUTY=0
HEAT_4_SP=-20.0
MOTOR_ANGLE=0.004186046511627906
MOTOR_ACCUM=1.0506976744186047
MOTOR_ROT=2

[12:04:50.783 EBOX]
TS=1786204580.585
V_SENSE5=1.3525390625
V_SENSE9=0.0341796875
V_SENSE12=0.12451171875
ADC_V5=4.98260498046875
ADC_V9=9.2041015625
ADC_V12=11.93878173828125
ADC_V28=27.42645263671875
THERMAL_SENS_OUT_1=27
THERMAL_SENS_OUT_2=-50
THERMAL_SENS_OUT_3=31
THERMAL_SENS_OUT_4=26
THERMAL_SENS_OUT_5=36
THERMAL_SENS_OUT_6=-50
THERMAL_SENS_INT_1=28
THERMAL_SENS_INT_2=25
PG_5=0
PG_9=0
PG_12=0
FLT_P2=0
FLT_P3=0
HEAT_1_TEMP=27
HEAT_1_DUTY=0
HEAT_1_SP=-20.0
HEAT_2_TEMP=31
HEAT_2_DUTY=0
HEAT_2_SP=-20.0
HEAT_3_TEMP=26
HEAT_3_DUTY=0
HEAT_3_SP=-20.0
HEAT_4_TEMP=36
HEAT_4_DUTY=0
HEAT_4_SP=-20.0
MOTOR_ANGLE=0.004186046511627906
MOTOR_ACCUM=1.0506976744186047
MOTOR_ROT=2

[12:04:52.829 EBOX]
TS=1786204582.590
V_SENSE5=1.2744140625
V_SENSE9=0.03662109375
V_SENSE12=0.1171875
ADC_V5=4.9029541015625
ADC_V9=8.87664794921875
ADC_V12=11.81488037109375
ADC_V28=27.39990234375
THERMAL_SENS_OUT_1=31
THERMAL_SENS_OUT_2=-50
THERMAL_SENS_OUT_3=29
THERMAL_SENS_OUT_4=25
THERMAL_SENS_OUT_5=31
THERMAL_SENS_OUT_6=-50
THERMAL_SENS_INT_1=29
THERMAL_SENS_INT_2=27
PG_5=0
PG_9=0
PG_12=0
FLT_P2=0
FLT_P3=0
HEAT_1_TEMP=31
HEAT_1_DUTY=0
HEAT_1_SP=-20.0
HEAT_2_TEMP=29
HEAT_2_DUTY=0
HEAT_2_SP=-20.0
HEAT_3_TEMP=25
HEAT_3_DUTY=0
HEAT_3_SP=-20.0
HEAT_4_TEMP=31
HEAT_4_DUTY=0
HEAT_4_SP=-20.0
MOTOR_ANGLE=0.004186046511627906
MOTOR_ACCUM=1.0506976744186047
MOTOR_ROT=2

[12:04:54.866 EBOX]
TS=1786204584.594
V_SENSE5=1.23779296875
V_SENSE9=0.0390625
V_SENSE12=0.1220703125
ADC_V5=5.0445556640625
ADC_V9=9.310302734375
ADC_V12=11.505126953125
ADC_V28=27.576904296875
THERMAL_SENS_OUT_1=33
THERMAL_SENS_OUT_2=-50
THERMAL_SENS_OUT_3=33
THERMAL_SENS_OUT_4=25
THERMAL_SENS_OUT_5=35
THERMAL_SENS_OUT_6=-50
THERMAL_SENS_INT_1=25
THERMAL_SENS_INT_2=30
PG_5=0
PG_9=0
PG_12=0
FLT_P2=0
FLT_P3=0
HEAT_1_TEMP=33
HEAT_1_DUTY=0
HEAT_1_SP=-20.0
HEAT_2_TEMP=33
HEAT_2_DUTY=0
HEAT_2_SP=-20.0
HEAT_3_TEMP=25
HEAT_3_DUTY=0
HEAT_3_SP=-20.0
HEAT_4_TEMP=35
HEAT_4_DUTY=0
HEAT_4_SP=-20.0
MOTOR_ANGLE=0.004186046511627906
MOTOR_ACCUM=1.0506976744186047
MOTOR_ROT=2

[12:04:56.811 EBOX]
TS=1786204586.601
V_SENSE5=1.4453125
V_SENSE9=0.0341796875
V_SENSE12=0.11962890625
ADC_V5=4.9737548828125
ADC_V9=8.98284912109375
ADC_V12=11.69097900390625
ADC_V28=27.6300048828125
THERMAL_SENS_OUT_1=32
THERMAL_SENS_OUT_2=-50
THERMAL_SENS_OUT_3=35
THERMAL_SENS_OUT_4=26
THERMAL_SENS_OUT_5=35
THERMAL_SENS_OUT_6=-50
THERMAL_SENS_INT_1=28
THERMAL_SENS_INT_2=25
PG_5=0
PG_9=0
PG_12=0
FLT_P2=0
FLT_P3=0
HEAT_1_TEMP=32
HEAT_1_DUTY=0
HEAT_1_SP=-20.0
HEAT_2_TEMP=35
HEAT_2_DUTY=0
HEAT_2_SP=-20.0
HEAT_3_TEMP=26
HEAT_3_DUTY=0
HEAT_3_SP=-20.0
HEAT_4_TEMP=35
HEAT_4_DUTY=0
HEAT_4_SP=-20.0
MOTOR_ANGLE=0.004186046511627906
MOTOR_ACCUM=1.0506976744186047
MOTOR_ROT=2

[12:04:58.865 EBOX]
TS=1786204588.604
V_SENSE5=1.2939453125
V_SENSE9=0.0341796875
V_SENSE12=0.126953125
ADC_V5=5.15960693359375
ADC_V9=9.24835205078125
ADC_V12=11.53167724609375
ADC_V28=27.75390625
THERMAL_SENS_OUT_1=30
THERMAL_SENS_OUT_2=-50
THERMAL_SENS_OUT_3=31
THERMAL_SENS_OUT_4=25
THERMAL_SENS_OUT_5=35
THERMAL_SENS_OUT_6=-50
THERMAL_SENS_INT_1=24
THERMAL_SENS_INT_2=28
PG_5=0
PG_9=0
PG_12=0
FLT_P2=0
FLT_P3=0
HEAT_1_TEMP=30
HEAT_1_DUTY=0
HEAT_1_SP=-20.0
HEAT_2_TEMP=31
HEAT_2_DUTY=0
HEAT_2_SP=-20.0
HEAT_3_TEMP=25
HEAT_3_DUTY=0
HEAT_3_SP=-20.0
HEAT_4_TEMP=35
HEAT_4_DUTY=0
HEAT_4_SP=-20.0
MOTOR_ANGLE=0.004186046511627906
MOTOR_ACCUM=1.0506976744186047
MOTOR_ROT=2

[12:05:00.803 EBOX]
TS=1786204590.604
V_SENSE5=1.33544921875
V_SENSE9=0.0341796875
V_SENSE12=0.1220703125
ADC_V5=4.9560546875
ADC_V9=8.85894775390625
ADC_V12=11.93878173828125
ADC_V28=27.76275634765625
THERMAL_SENS_OUT_1=28
THERMAL_SENS_OUT_2=-50
THERMAL_SENS_OUT_3=32
THERMAL_SENS_OUT_4=30
THERMAL_SENS_OUT_5=31
THERMAL_SENS_OUT_6=-50
THERMAL_SENS_INT_1=24
THERMAL_SENS_INT_2=26
PG_5=0
PG_9=0
PG_12=0
FLT_P2=0
FLT_P3=0
HEAT_1_TEMP=28
HEAT_1_DUTY=0
HEAT_1_SP=-20.0
HEAT_2_TEMP=32
HEAT_2_DUTY=0
HEAT_2_SP=-20.0
HEAT_3_TEMP=30
HEAT_3_DUTY=0
HEAT_3_SP=-20.0
HEAT_4_TEMP=31
HEAT_4_DUTY=0
HEAT_4_SP=-20.0
MOTOR_ANGLE=0.004186046511627906
MOTOR_ACCUM=1.0506976744186047
MOTOR_ROT=2

[12:05:03.139 EBOX]
TS=1786204592.606
V_SENSE5=1.26708984375
V_SENSE9=0.0390625
V_SENSE12=0.1171875
ADC_V5=4.9383544921875
ADC_V9=9.1864013671875
ADC_V12=11.89453125
ADC_V28=27.364501953125
THERMAL_SENS_OUT_1=26
THERMAL_SENS_OUT_2=-50
THERMAL_SENS_OUT_3=35
THERMAL_SENS_OUT_4=26
THERMAL_SENS_OUT_5=36
THERMAL_SENS_OUT_6=-50
THERMAL_SENS_INT_1=28
THERMAL_SENS_INT_2=25
PG_5=0
PG_9=0
PG_12=0
FLT_P2=0
FLT_P3=0
HEAT_1_TEMP=26
HEAT_1_DUTY=0
HEAT_1_SP=-20.0
HEAT_2_TEMP=35
HEAT_2_DUTY=0
HEAT_2_SP=-20.0
HEAT_3_TEMP=26
HEAT_3_DUTY=0
HEAT_3_SP=-20.0
HEAT_4_TEMP=36
HEAT_4_DUTY=0
HEAT_4_SP=-20.0
MOTOR_ANGLE=0.004186046511627906
MOTOR_ACCUM=1.0506976744186047
MOTOR_ROT=2

[12:05:04.877 EBOX]
TS=1786204594.625
V_SENSE5=1.2109375
V_SENSE9=0.0341796875
V_SENSE12=0.1318359375
ADC_V5=4.9029541015625
ADC_V9=8.8323974609375
ADC_V12=11.611328125
ADC_V28=27.1343994140625
THERMAL_SENS_OUT_1=32
THERMAL_SENS_OUT_2=-50
THERMAL_SENS_OUT_3=30
THERMAL_SENS_OUT_4=29
THERMAL_SENS_OUT_5=35
THERMAL_SENS_OUT_6=-50
THERMAL_SENS_INT_1=29
THERMAL_SENS_INT_2=25
PG_5=0
PG_9=0
PG_12=0
FLT_P2=0
FLT_P3=0
HEAT_1_TEMP=32
HEAT_1_DUTY=0
HEAT_1_SP=-20.0
HEAT_2_TEMP=30
HEAT_2_DUTY=0
HEAT_2_SP=-20.0
HEAT_3_TEMP=29
HEAT_3_DUTY=0
HEAT_3_SP=-20.0
HEAT_4_TEMP=35
HEAT_4_DUTY=0
HEAT_4_SP=-20.0
MOTOR_ANGLE=0.004186046511627906
MOTOR_ACCUM=1.0506976744186047
MOTOR_ROT=2

[12:05:06.814 EBOX]
TS=1786204596.613
V_SENSE5=1.2744140625
V_SENSE9=0.0390625
V_SENSE12=0.11962890625
ADC_V5=4.91180419921875
ADC_V9=9.60235595703125
ADC_V12=11.93878173828125
ADC_V28=27.55035400390625
THERMAL_SENS_OUT_1=30
THERMAL_SENS_OUT_2=-50
THERMAL_SENS_OUT_3=34
THERMAL_SENS_OUT_4=26
THERMAL_SENS_OUT_5=36
THERMAL_SENS_OUT_6=-50
THERMAL_SENS_INT_1=29
THERMAL_SENS_INT_2=28
PG_5=0
PG_9=0
PG_12=0
FLT_P2=0
FLT_P3=0
HEAT_1_TEMP=30
HEAT_1_DUTY=0
HEAT_1_SP=-20.0
HEAT_2_TEMP=34
HEAT_2_DUTY=0
HEAT_2_SP=-20.0
HEAT_3_TEMP=26
HEAT_3_DUTY=0
HEAT_3_SP=-20.0
HEAT_4_TEMP=36
HEAT_4_DUTY=0
HEAT_4_SP=-20.0
MOTOR_ANGLE=0.004186046511627906
MOTOR_ACCUM=1.0506976744186047
MOTOR_ROT=2

[12:05:08.859 EBOX]
TS=1786204598.618
V_SENSE5=1.25244140625
V_SENSE9=0.0341796875
V_SENSE12=0.11474609375
ADC_V5=4.82330322265625
ADC_V9=9.1510009765625
ADC_V12=11.69097900390625
ADC_V28=27.46185302734375
THERMAL_SENS_OUT_1=26
THERMAL_SENS_OUT_2=-50
THERMAL_SENS_OUT_3=35
THERMAL_SENS_OUT_4=31
THERMAL_SENS_OUT_5=32
THERMAL_SENS_OUT_6=-50
THERMAL_SENS_INT_1=26
THERMAL_SENS_INT_2=26
PG_5=0
PG_9=0
PG_12=0
FLT_P2=0
FLT_P3=0
HEAT_1_TEMP=26
HEAT_1_DUTY=0
HEAT_1_SP=-20.0
HEAT_2_TEMP=35
HEAT_2_DUTY=0
HEAT_2_SP=-20.0
HEAT_3_TEMP=31
HEAT_3_DUTY=0
HEAT_3_SP=-20.0
HEAT_4_TEMP=32
HEAT_4_DUTY=0
HEAT_4_SP=-20.0
MOTOR_ANGLE=0.004186046511627906
MOTOR_ACCUM=1.0506976744186047
MOTOR_ROT=2

[12:05:10.895 EBOX]
TS=1786204600.621
V_SENSE5=1.240234375
V_SENSE9=0.04638671875
V_SENSE12=0.1171875
ADC_V5=4.88525390625
ADC_V9=9.40765380859375
ADC_V12=11.7352294921875
ADC_V28=27.69195556640625
THERMAL_SENS_OUT_1=26
THERMAL_SENS_OUT_2=-50
THERMAL_SENS_OUT_3=33
THERMAL_SENS_OUT_4=31
THERMAL_SENS_OUT_5=31
THERMAL_SENS_OUT_6=-50
THERMAL_SENS_INT_1=24
THERMAL_SENS_INT_2=25
PG_5=0
PG_9=0
PG_12=0
FLT_P2=0
FLT_P3=0
HEAT_1_TEMP=26
HEAT_1_DUTY=0
HEAT_1_SP=-20.0
HEAT_2_TEMP=33
HEAT_2_DUTY=0
HEAT_2_SP=-20.0
HEAT_3_TEMP=31
HEAT_3_DUTY=0
HEAT_3_SP=-20.0
HEAT_4_TEMP=31
HEAT_4_DUTY=0
HEAT_4_SP=-20.0
MOTOR_ANGLE=0.004186046511627906
MOTOR_ACCUM=1.0506976744186047
MOTOR_ROT=2

[12:05:12.833 EBOX]
TS=1786204602.624
V_SENSE5=1.24755859375
V_SENSE9=0.05615234375
V_SENSE12=0.1123046875
ADC_V5=4.8675537109375
ADC_V9=8.94744873046875
ADC_V12=11.81488037109375
ADC_V28=27.081298828125
THERMAL_SENS_OUT_1=26
THERMAL_SENS_OUT_2=-50
THERMAL_SENS_OUT_3=31
THERMAL_SENS_OUT_4=30
THERMAL_SENS_OUT_5=33
THERMAL_SENS_OUT_6=-50
THERMAL_SENS_INT_1=26
THERMAL_SENS_INT_2=25
PG_5=0
PG_9=0
PG_12=0
FLT_P2=0
FLT_P3=0
HEAT_1_TEMP=26
HEAT_1_DUTY=0
HEAT_1_SP=-20.0
HEAT_2_TEMP=31
HEAT_2_DUTY=0
HEAT_2_SP=-20.0
HEAT_3_TEMP=30
HEAT_3_DUTY=0
HEAT_3_SP=-20.0
HEAT_4_TEMP=33
HEAT_4_DUTY=0
HEAT_4_SP=-20.0
MOTOR_ANGLE=0.004186046511627906
MOTOR_ACCUM=1.0506976744186047
MOTOR_ROT=2

[12:05:14.874 EBOX]
TS=1786204604.627
V_SENSE5=1.3330078125
V_SENSE9=0.0341796875
V_SENSE12=0.1318359375
ADC_V5=4.94720458984375
ADC_V9=8.779296875
ADC_V12=11.83258056640625
ADC_V28=27.01934814453125
THERMAL_SENS_OUT_1=27
THERMAL_SENS_OUT_2=-50
THERMAL_SENS_OUT_3=30
THERMAL_SENS_OUT_4=30
THERMAL_SENS_OUT_5=32
THERMAL_SENS_OUT_6=-50
THERMAL_SENS_INT_1=23
THERMAL_SENS_INT_2=28
PG_5=0
PG_9=0
PG_12=0
FLT_P2=0
FLT_P3=0
HEAT_1_TEMP=27
HEAT_1_DUTY=0
HEAT_1_SP=-20.0
HEAT_2_TEMP=30
HEAT_2_DUTY=0
HEAT_2_SP=-20.0
HEAT_3_TEMP=30
HEAT_3_DUTY=0
HEAT_3_SP=-20.0
HEAT_4_TEMP=32
HEAT_4_DUTY=0
HEAT_4_SP=-20.0
MOTOR_ANGLE=0.004186046511627906
MOTOR_ACCUM=1.0506976744186047
MOTOR_ROT=2

[12:05:16.813 EBOX]
TS=1786204606.632
V_SENSE5=1.40380859375
V_SENSE9=0.0341796875
V_SENSE12=0.1171875
ADC_V5=4.9383544921875
ADC_V9=9.2926025390625
ADC_V12=11.646728515625
ADC_V28=27.81585693359375
THERMAL_SENS_OUT_1=31
THERMAL_SENS_OUT_2=-50
THERMAL_SENS_OUT_3=35
THERMAL_SENS_OUT_4=26
THERMAL_SENS_OUT_5=36
THERMAL_SENS_OUT_6=-50
THERMAL_SENS_INT_1=24
THERMAL_SENS_INT_2=24
PG_5=0
PG_9=0
PG_12=0
FLT_P2=0
FLT_P3=0
HEAT_1_TEMP=31
HEAT_1_DUTY=0
HEAT_1_SP=-20.0
HEAT_2_TEMP=35
HEAT_2_DUTY=0
HEAT_2_SP=-20.0
HEAT_3_TEMP=26
HEAT_3_DUTY=0
HEAT_3_SP=-20.0
HEAT_4_TEMP=36
HEAT_4_DUTY=0
HEAT_4_SP=-20.0
MOTOR_ANGLE=0.004186046511627906
MOTOR_ACCUM=1.0506976744186047
MOTOR_ROT=2

[12:05:18.852 EBOX]
TS=1786204608.645
V_SENSE5=1.34033203125
V_SENSE9=0.0341796875
V_SENSE12=0.12939453125
ADC_V5=5.00030517578125
ADC_V9=9.027099609375
ADC_V12=11.76177978515625
ADC_V28=26.83349609375
THERMAL_SENS_OUT_1=26
THERMAL_SENS_OUT_2=-50
THERMAL_SENS_OUT_3=34
THERMAL_SENS_OUT_4=25
THERMAL_SENS_OUT_5=32
THERMAL_SENS_OUT_6=-50
THERMAL_SENS_INT_1=28
THERMAL_SENS_INT_2=30
PG_5=0
PG_9=0
PG_12=0
FLT_P2=0
FLT_P3=0
HEAT_1_TEMP=26
HEAT_1_DUTY=0
HEAT_1_SP=-20.0
HEAT_2_TEMP=34
HEAT_2_DUTY=0
HEAT_2_SP=-20.0
HEAT_3_TEMP=25
HEAT_3_DUTY=0
HEAT_3_SP=-20.0
HEAT_4_TEMP=32
HEAT_4_DUTY=0
HEAT_4_SP=-20.0
MOTOR_ANGLE=0.004186046511627906
MOTOR_ACCUM=1.0506976744186047
MOTOR_ROT=2

[12:05:20.890 EBOX]
TS=1786204610.637
V_SENSE5=1.29150390625
V_SENSE9=0.0341796875
V_SENSE12=0.14892578125
ADC_V5=4.92950439453125
ADC_V9=9.42535400390625
ADC_V12=11.88568115234375
ADC_V28=27.9486083984375
THERMAL_SENS_OUT_1=27
THERMAL_SENS_OUT_2=-50
THERMAL_SENS_OUT_3=31
THERMAL_SENS_OUT_4=31
THERMAL_SENS_OUT_5=32
THERMAL_SENS_OUT_6=-50
THERMAL_SENS_INT_1=23
THERMAL_SENS_INT_2=27
PG_5=0
PG_9=0
PG_12=0
FLT_P2=0
FLT_P3=0
HEAT_1_TEMP=27
HEAT_1_DUTY=0
HEAT_1_SP=-20.0
HEAT_2_TEMP=31
HEAT_2_DUTY=0
HEAT_2_SP=-20.0
HEAT_3_TEMP=31
HEAT_3_DUTY=0
HEAT_3_SP=-20.0
HEAT_4_TEMP=32
HEAT_4_DUTY=0
HEAT_4_SP=-20.0
MOTOR_ANGLE=0.004186046511627906
MOTOR_ACCUM=1.0506976744186047
MOTOR_ROT=2

[12:05:22.828 EBOX]
TS=1786204612.642
V_SENSE5=1.3330078125
V_SENSE9=0.07568359375
V_SENSE12=0.12939453125
ADC_V5=4.920654296875
ADC_V9=8.956298828125
ADC_V12=11.929931640625
ADC_V28=27.647705078125
THERMAL_SENS_OUT_1=31
THERMAL_SENS_OUT_2=-50
THERMAL_SENS_OUT_3=31
THERMAL_SENS_OUT_4=28
THERMAL_SENS_OUT_5=37
THERMAL_SENS_OUT_6=-50
THERMAL_SENS_INT_1=28
THERMAL_SENS_INT_2=26
PG_5=0
PG_9=0
PG_12=0
FLT_P2=0
FLT_P3=0
HEAT_1_TEMP=31
HEAT_1_DUTY=0
HEAT_1_SP=-20.0
HEAT_2_TEMP=31
HEAT_2_DUTY=0
HEAT_2_SP=-20.0
HEAT_3_TEMP=28
HEAT_3_DUTY=0
HEAT_3_SP=-20.0
HEAT_4_TEMP=37
HEAT_4_DUTY=0
HEAT_4_SP=-20.0
MOTOR_ANGLE=0.004186046511627906
MOTOR_ACCUM=1.0506976744186047
MOTOR_ROT=2

[12:05:24.867 EBOX]
TS=1786204614.644
V_SENSE5=1.3525390625
V_SENSE9=0.0341796875
V_SENSE12=0.1123046875
ADC_V5=4.991455078125
ADC_V9=9.46075439453125
ADC_V12=11.859130859375
ADC_V28=27.81585693359375
THERMAL_SENS_OUT_1=28
THERMAL_SENS_OUT_2=-50
THERMAL_SENS_OUT_3=32
THERMAL_SENS_OUT_4=29
THERMAL_SENS_OUT_5=37
THERMAL_SENS_OUT_6=-50
THERMAL_SENS_INT_1=29
THERMAL_SENS_INT_2=26
PG_5=0
PG_9=0
PG_12=0
FLT_P2=0
FLT_P3=0
HEAT_1_TEMP=28
HEAT_1_DUTY=0
HEAT_1_SP=-20.0
HEAT_2_TEMP=32
HEAT_2_DUTY=0
HEAT_2_SP=-20.0
HEAT_3_TEMP=29
HEAT_3_DUTY=0
HEAT_3_SP=-20.0
HEAT_4_TEMP=37
HEAT_4_DUTY=0
HEAT_4_SP=-20.0
MOTOR_ANGLE=0.004186046511627906
MOTOR_ACCUM=1.0506976744186047
MOTOR_ROT=2

[12:05:26.907 EBOX]
TS=1786204616.649
V_SENSE5=1.3720703125
V_SENSE9=0.03662109375
V_SENSE12=0.1171875
ADC_V5=4.84100341796875
ADC_V9=8.956298828125
ADC_V12=11.5936279296875
ADC_V28=27.789306640625
THERMAL_SENS_OUT_1=29
THERMAL_SENS_OUT_2=-50
THERMAL_SENS_OUT_3=34
THERMAL_SENS_OUT_4=27
THERMAL_SENS_OUT_5=35
THERMAL_SENS_OUT_6=-50
THERMAL_SENS_INT_1=23
THERMAL_SENS_INT_2=24
PG_5=0
PG_9=0
PG_12=0
FLT_P2=0
FLT_P3=0
HEAT_1_TEMP=29
HEAT_1_DUTY=0
HEAT_1_SP=-20.0
HEAT_2_TEMP=34
HEAT_2_DUTY=0
HEAT_2_SP=-20.0
HEAT_3_TEMP=27
HEAT_3_DUTY=0
HEAT_3_SP=-20.0
HEAT_4_TEMP=35
HEAT_4_DUTY=0
HEAT_4_SP=-20.0
MOTOR_ANGLE=0.004186046511627906
MOTOR_ACCUM=1.0506976744186047
MOTOR_ROT=2

[12:05:29.153 EBOX]
TS=1786204618.651
V_SENSE5=1.27197265625
V_SENSE9=0.0390625
V_SENSE12=0.1171875
ADC_V5=4.8321533203125
ADC_V9=9.53155517578125
ADC_V12=11.53167724609375
ADC_V28=27.6123046875
THERMAL_SENS_OUT_1=30
THERMAL_SENS_OUT_2=-50
THERMAL_SENS_OUT_3=29
THERMAL_SENS_OUT_4=28
THERMAL_SENS_OUT_5=32
THERMAL_SENS_OUT_6=-50
THERMAL_SENS_INT_1=25
THERMAL_SENS_INT_2=28
PG_5=0
PG_9=0
PG_12=0
FLT_P2=0
FLT_P3=0
HEAT_1_TEMP=30
HEAT_1_DUTY=0
HEAT_1_SP=-20.0
HEAT_2_TEMP=29
HEAT_2_DUTY=0
HEAT_2_SP=-20.0
HEAT_3_TEMP=28
HEAT_3_DUTY=0
HEAT_3_SP=-20.0
HEAT_4_TEMP=32
HEAT_4_DUTY=0
HEAT_4_SP=-20.0
MOTOR_ANGLE=0.004186046511627906
MOTOR_ACCUM=1.0506976744186047
MOTOR_ROT=2

[12:05:30.890 EBOX]
TS=1786204620.652
V_SENSE5=1.3623046875
V_SENSE9=0.0390625
V_SENSE12=0.1220703125
ADC_V5=4.89410400390625
ADC_V9=9.2041015625
ADC_V12=11.58477783203125
ADC_V28=27.7716064453125
THERMAL_SENS_OUT_1=31
THERMAL_SENS_OUT_2=-50
THERMAL_SENS_OUT_3=34
THERMAL_SENS_OUT_4=25
THERMAL_SENS_OUT_5=35
THERMAL_SENS_OUT_6=-50
THERMAL_SENS_INT_1=27
THERMAL_SENS_INT_2=26
PG_5=0
PG_9=0
PG_12=0
FLT_P2=0
FLT_P3=0
HEAT_1_TEMP=31
HEAT_1_DUTY=0
HEAT_1_SP=-20.0
HEAT_2_TEMP=34
HEAT_2_DUTY=0
HEAT_2_SP=-20.0
HEAT_3_TEMP=25
HEAT_3_DUTY=0
HEAT_3_SP=-20.0
HEAT_4_TEMP=35
HEAT_4_DUTY=0
HEAT_4_SP=-20.0
MOTOR_ANGLE=0.004186046511627906
MOTOR_ACCUM=1.0506976744186047
MOTOR_ROT=2

[12:05:33.134 EBOX]
TS=1786204622.667
V_SENSE5=1.15478515625
V_SENSE9=0.0390625
V_SENSE12=0.15380859375
ADC_V5=4.89410400390625
ADC_V9=9.1510009765625
ADC_V12=11.788330078125
ADC_V28=27.6654052734375
THERMAL_SENS_OUT_1=27
THERMAL_SENS_OUT_2=-50
THERMAL_SENS_OUT_3=30
THERMAL_SENS_OUT_4=26
THERMAL_SENS_OUT_5=32
THERMAL_SENS_OUT_6=-50
THERMAL_SENS_INT_1=31
THERMAL_SENS_INT_2=27
PG_5=0
PG_9=0
PG_12=0
FLT_P2=0
FLT_P3=0
HEAT_1_TEMP=27
HEAT_1_DUTY=0
HEAT_1_SP=-20.0
HEAT_2_TEMP=30
HEAT_2_DUTY=0
HEAT_2_SP=-20.0
HEAT_3_TEMP=26
HEAT_3_DUTY=0
HEAT_3_SP=-20.0
HEAT_4_TEMP=32
HEAT_4_DUTY=0
HEAT_4_SP=-20.0
MOTOR_ANGLE=0.004186046511627906
MOTOR_ACCUM=1.0506976744186047
MOTOR_ROT=2

[12:05:34.872 EBOX]
TS=1786204624.662
V_SENSE5=1.30126953125
V_SENSE9=0.07080078125
V_SENSE12=0.1171875
ADC_V5=4.9383544921875
ADC_V9=9.1864013671875
ADC_V12=11.68212890625
ADC_V28=27.44415283203125
THERMAL_SENS_OUT_1=27
THERMAL_SENS_OUT_2=-50
THERMAL_SENS_OUT_3=29
THERMAL_SENS_OUT_4=27
THERMAL_SENS_OUT_5=32
THERMAL_SENS_OUT_6=-50
THERMAL_SENS_INT_1=25
THERMAL_SENS_INT_2=30
PG_5=0
PG_9=0
PG_12=0
FLT_P2=0
FLT_P3=0
HEAT_1_TEMP=27
HEAT_1_DUTY=0
HEAT_1_SP=-20.0
HEAT_2_TEMP=29
HEAT_2_DUTY=0
HEAT_2_SP=-20.0
HEAT_3_TEMP=27
HEAT_3_DUTY=0
HEAT_3_SP=-20.0
HEAT_4_TEMP=32
HEAT_4_DUTY=0
HEAT_4_SP=-20.0
MOTOR_ANGLE=0.004186046511627906
MOTOR_ACCUM=1.0506976744186047
MOTOR_ROT=2

[12:05:36.913 EBOX]
TS=1786204626.663
V_SENSE5=1.19873046875
V_SENSE9=0.0341796875
V_SENSE12=0.11474609375
ADC_V5=5.05340576171875
ADC_V9=8.8323974609375
ADC_V12=11.8768310546875
ADC_V28=27.1697998046875
THERMAL_SENS_OUT_1=26
THERMAL_SENS_OUT_2=-50
THERMAL_SENS_OUT_3=30
THERMAL_SENS_OUT_4=29
THERMAL_SENS_OUT_5=34
THERMAL_SENS_OUT_6=-50
THERMAL_SENS_INT_1=25
THERMAL_SENS_INT_2=31
PG_5=0
PG_9=0
PG_12=0
FLT_P2=0
FLT_P3=0
HEAT_1_TEMP=26
HEAT_1_DUTY=0
HEAT_1_SP=-20.0
HEAT_2_TEMP=30
HEAT_2_DUTY=0
HEAT_2_SP=-20.0
HEAT_3_TEMP=29
HEAT_3_DUTY=0
HEAT_3_SP=-20.0
HEAT_4_TEMP=34
HEAT_4_DUTY=0
HEAT_4_SP=-20.0
MOTOR_ANGLE=0.004186046511627906
MOTOR_ACCUM=1.0506976744186047
MOTOR_ROT=2

[12:05:38.849 EBOX]
TS=1786204628.665
V_SENSE5=1.22802734375
V_SENSE9=0.0341796875
V_SENSE12=0.12451171875
ADC_V5=5.08880615234375
ADC_V9=9.2041015625
ADC_V12=11.58477783203125
ADC_V28=27.14324951171875
THERMAL_SENS_OUT_1=31
THERMAL_SENS_OUT_2=-50
THERMAL_SENS_OUT_3=30
THERMAL_SENS_OUT_4=29
THERMAL_SENS_OUT_5=37
THERMAL_SENS_OUT_6=-50
THERMAL_SENS_INT_1=26
THERMAL_SENS_INT_2=30
PG_5=0
PG_9=0
PG_12=0
FLT_P2=0
FLT_P3=0
HEAT_1_TEMP=31
HEAT_1_DUTY=0
HEAT_1_SP=-20.0
HEAT_2_TEMP=30
HEAT_2_DUTY=0
HEAT_2_SP=-20.0
HEAT_3_TEMP=29
HEAT_3_DUTY=0
HEAT_3_SP=-20.0
HEAT_4_TEMP=37
HEAT_4_DUTY=0
HEAT_4_SP=-20.0
MOTOR_ANGLE=0.004186046511627906
MOTOR_ACCUM=1.0506976744186047
MOTOR_ROT=2

[12:05:41.189 EBOX]
TS=1786204630.667
V_SENSE5=1.31591796875
V_SENSE9=0.09521484375
V_SENSE12=0.15380859375
ADC_V5=4.920654296875
ADC_V9=9.2041015625
ADC_V12=11.70867919921875
ADC_V28=27.8424072265625
THERMAL_SENS_OUT_1=27
THERMAL_SENS_OUT_2=-50
THERMAL_SENS_OUT_3=31
THERMAL_SENS_OUT_4=31
THERMAL_SENS_OUT_5=37
THERMAL_SENS_OUT_6=-50
THERMAL_SENS_INT_1=23
THERMAL_SENS_INT_2=29
PG_5=0
PG_9=0
PG_12=0
FLT_P2=0
FLT_P3=0
HEAT_1_TEMP=27
HEAT_1_DUTY=0
HEAT_1_SP=-20.0
HEAT_2_TEMP=31
HEAT_2_DUTY=0
HEAT_2_SP=-20.0
HEAT_3_TEMP=31
HEAT_3_DUTY=0
HEAT_3_SP=-20.0
HEAT_4_TEMP=37
HEAT_4_DUTY=0
HEAT_4_SP=-20.0
MOTOR_ANGLE=0.004186046511627906
MOTOR_ACCUM=1.0506976744186047
MOTOR_ROT=2

[12:05:42.925 EBOX]
TS=1786204632.675
V_SENSE5=1.31591796875
V_SENSE9=0.0341796875
V_SENSE12=0.107421875
ADC_V5=4.98260498046875
ADC_V9=9.1864013671875
ADC_V12=11.89453125
ADC_V28=27.2406005859375
THERMAL_SENS_OUT_1=28
THERMAL_SENS_OUT_2=-50
THERMAL_SENS_OUT_3=36
THERMAL_SENS_OUT_4=25
THERMAL_SENS_OUT_5=32
THERMAL_SENS_OUT_6=-50
THERMAL_SENS_INT_1=24
THERMAL_SENS_INT_2=31
PG_5=0
PG_9=0
PG_12=0
FLT_P2=0
FLT_P3=0
HEAT_1_TEMP=28
HEAT_1_DUTY=0
HEAT_1_SP=-20.0
HEAT_2_TEMP=36
HEAT_2_DUTY=0
HEAT_2_SP=-20.0
HEAT_3_TEMP=25
HEAT_3_DUTY=0
HEAT_3_SP=-20.0
HEAT_4_TEMP=32
HEAT_4_DUTY=0
HEAT_4_SP=-20.0
MOTOR_ANGLE=0.004186046511627906
MOTOR_ACCUM=1.0506976744186047
MOTOR_ROT=2

[12:05:44.867 EBOX]
TS=1786204634.675
V_SENSE5=1.1865234375
V_SENSE9=0.0341796875
V_SENSE12=0.107421875
ADC_V5=4.85870361328125
ADC_V9=9.05364990234375
ADC_V12=11.76177978515625
ADC_V28=27.8955078125
THERMAL_SENS_OUT_1=31
THERMAL_SENS_OUT_2=-50
THERMAL_SENS_OUT_3=36
THERMAL_SENS_OUT_4=26
THERMAL_SENS_OUT_5=34
THERMAL_SENS_OUT_6=-50
THERMAL_SENS_INT_1=23
THERMAL_SENS_INT_2=26
PG_5=0
PG_9=0
PG_12=0
FLT_P2=0
FLT_P3=0
HEAT_1_TEMP=31
HEAT_1_DUTY=0
HEAT_1_SP=-20.0
HEAT_2_TEMP=36
HEAT_2_DUTY=0
HEAT_2_SP=-20.0
HEAT_3_TEMP=26
HEAT_3_DUTY=0
HEAT_3_SP=-20.0
HEAT_4_TEMP=34
HEAT_4_DUTY=0
HEAT_4_SP=-20.0
MOTOR_ANGLE=0.004186046511627906
MOTOR_ACCUM=1.0506976744186047
MOTOR_ROT=2

[12:05:46.906 EBOX]
TS=1786204636.678
V_SENSE5=1.24267578125
V_SENSE9=0.0390625
V_SENSE12=0.14404296875
ADC_V5=5.00030517578125
ADC_V9=9.38995361328125
ADC_V12=11.54052734375
ADC_V28=27.68310546875
THERMAL_SENS_OUT_1=32
THERMAL_SENS_OUT_2=-50
THERMAL_SENS_OUT_3=33
THERMAL_SENS_OUT_4=27
THERMAL_SENS_OUT_5=35
THERMAL_SENS_OUT_6=-50
THERMAL_SENS_INT_1=28
THERMAL_SENS_INT_2=26
PG_5=0
PG_9=0
PG_12=0
FLT_P2=0
FLT_P3=0
HEAT_1_TEMP=32
HEAT_1_DUTY=0
HEAT_1_SP=-20.0
HEAT_2_TEMP=33
HEAT_2_DUTY=0
HEAT_2_SP=-20.0
HEAT_3_TEMP=27
HEAT_3_DUTY=0
HEAT_3_SP=-20.0
HEAT_4_TEMP=35
HEAT_4_DUTY=0
HEAT_4_SP=-20.0
MOTOR_ANGLE=0.004186046511627906
MOTOR_ACCUM=1.0506976744186047
MOTOR_ROT=2

[12:05:48.943 EBOX]
TS=1786204638.691
V_SENSE5=1.28173828125
V_SENSE9=0.0341796875
V_SENSE12=0.19287109375
ADC_V5=4.9737548828125
ADC_V9=9.168701171875
ADC_V12=11.67327880859375
ADC_V28=26.91314697265625
THERMAL_SENS_OUT_1=29
THERMAL_SENS_OUT_2=-50
THERMAL_SENS_OUT_3=33
THERMAL_SENS_OUT_4=27
THERMAL_SENS_OUT_5=38
THERMAL_SENS_OUT_6=-50
THERMAL_SENS_INT_1=29
THERMAL_SENS_INT_2=31
PG_5=0
PG_9=0
PG_12=0
FLT_P2=0
FLT_P3=0
HEAT_1_TEMP=29
HEAT_1_DUTY=0
HEAT_1_SP=-20.0
HEAT_2_TEMP=33
HEAT_2_DUTY=0
HEAT_2_SP=-20.0
HEAT_3_TEMP=27
HEAT_3_DUTY=0
HEAT_3_SP=-20.0
HEAT_4_TEMP=38
HEAT_4_DUTY=0
HEAT_4_SP=-20.0
MOTOR_ANGLE=0.004186046511627906
MOTOR_ACCUM=1.0506976744186047
MOTOR_ROT=2

[12:05:50.881 EBOX]
TS=1786204640.686
V_SENSE5=1.220703125
V_SENSE9=0.0390625
V_SENSE12=0.10986328125
ADC_V5=4.9029541015625
ADC_V9=9.62005615234375
ADC_V12=11.8414306640625
ADC_V28=27.1697998046875
THERMAL_SENS_OUT_1=26
THERMAL_SENS_OUT_2=-50
THERMAL_SENS_OUT_3=29
THERMAL_SENS_OUT_4=27
THERMAL_SENS_OUT_5=37
THERMAL_SENS_OUT_6=-50
THERMAL_SENS_INT_1=29
THERMAL_SENS_INT_2=26
PG_5=0
PG_9=0
PG_12=0
FLT_P2=0
FLT_P3=0
HEAT_1_TEMP=26
HEAT_1_DUTY=0
HEAT_1_SP=-20.0
HEAT_2_TEMP=29
HEAT_2_DUTY=0
HEAT_2_SP=-20.0
HEAT_3_TEMP=27
HEAT_3_DUTY=0
HEAT_3_SP=-20.0
HEAT_4_TEMP=37
HEAT_4_DUTY=0
HEAT_4_SP=-20.0
MOTOR_ANGLE=0.004186046511627906
MOTOR_ACCUM=1.0506976744186047
MOTOR_ROT=2

[12:05:53.223 EBOX]
TS=1786204642.696
V_SENSE5=1.41357421875
V_SENSE9=0.0390625
V_SENSE12=0.13427734375
ADC_V5=4.96490478515625
ADC_V9=8.9739990234375
ADC_V12=11.6998291015625
ADC_V28=27.88665771484375
THERMAL_SENS_OUT_1=30
THERMAL_SENS_OUT_2=-50
THERMAL_SENS_OUT_3=33
THERMAL_SENS_OUT_4=25
THERMAL_SENS_OUT_5=33
THERMAL_SENS_OUT_6=-50
THERMAL_SENS_INT_1=25
THERMAL_SENS_INT_2=31
PG_5=0
PG_9=0
PG_12=0
FLT_P2=0
FLT_P3=0
HEAT_1_TEMP=30
HEAT_1_DUTY=0
HEAT_1_SP=-20.0
HEAT_2_TEMP=33
HEAT_2_DUTY=0
HEAT_2_SP=-20.0
HEAT_3_TEMP=25
HEAT_3_DUTY=0
HEAT_3_SP=-20.0
HEAT_4_TEMP=33
HEAT_4_DUTY=0
HEAT_4_SP=-20.0
MOTOR_ANGLE=0.004186046511627906
MOTOR_ACCUM=1.0506976744186047
MOTOR_ROT=2

[12:05:55.265 EBOX]
TS=1786204644.697
V_SENSE5=1.3720703125
V_SENSE9=0.0390625
V_SENSE12=0.1123046875
ADC_V5=4.9737548828125
ADC_V9=9.62005615234375
ADC_V12=11.77947998046875
ADC_V28=27.7008056640625
THERMAL_SENS_OUT_1=30
THERMAL_SENS_OUT_2=-50
THERMAL_SENS_OUT_3=29
THERMAL_SENS_OUT_4=25
THERMAL_SENS_OUT_5=33
THERMAL_SENS_OUT_6=-50
THERMAL_SENS_INT_1=29
THERMAL_SENS_INT_2=27
PG_5=0
PG_9=0
PG_12=0
FLT_P2=0
FLT_P3=0
HEAT_1_TEMP=30
HEAT_1_DUTY=0
HEAT_1_SP=-20.0
HEAT_2_TEMP=29
HEAT_2_DUTY=0
HEAT_2_SP=-20.0
HEAT_3_TEMP=25
HEAT_3_DUTY=0
HEAT_3_SP=-20.0
HEAT_4_TEMP=33
HEAT_4_DUTY=0
HEAT_4_SP=-20.0
MOTOR_ANGLE=0.004186046511627906
MOTOR_ACCUM=1.0506976744186047
MOTOR_ROT=2

[12:05:57.205 EBOX]
TS=1786204646.698
V_SENSE5=1.24267578125
V_SENSE9=0.06591796875
V_SENSE12=0.107421875
ADC_V5=4.9029541015625
ADC_V9=9.2041015625
ADC_V12=11.7529296875
ADC_V28=27.58575439453125
THERMAL_SENS_OUT_1=30
THERMAL_SENS_OUT_2=-50
THERMAL_SENS_OUT_3=29
THERMAL_SENS_OUT_4=25
THERMAL_SENS_OUT_5=33
THERMAL_SENS_OUT_6=-50
THERMAL_SENS_INT_1=27
THERMAL_SENS_INT_2=31
PG_5=0
PG_9=0
PG_12=0
FLT_P2=0
FLT_P3=0
HEAT_1_TEMP=30
HEAT_1_DUTY=0
HEAT_1_SP=-20.0
HEAT_2_TEMP=29
HEAT_2_DUTY=0
HEAT_2_SP=-20.0
HEAT_3_TEMP=25
HEAT_3_DUTY=0
HEAT_3_SP=-20.0
HEAT_4_TEMP=33
HEAT_4_DUTY=0
HEAT_4_SP=-20.0
MOTOR_ANGLE=0.004186046511627906
MOTOR_ACCUM=1.0506976744186047
MOTOR_ROT=2

[12:05:58.942 EBOX]
TS=1786204648.700
V_SENSE5=1.37451171875
V_SENSE9=0.0341796875
V_SENSE12=0.107421875
ADC_V5=4.98260498046875
ADC_V9=8.80584716796875
ADC_V12=11.63787841796875
ADC_V28=27.35565185546875
THERMAL_SENS_OUT_1=32
THERMAL_SENS_OUT_2=-50
THERMAL_SENS_OUT_3=30
THERMAL_SENS_OUT_4=27
THERMAL_SENS_OUT_5=35
THERMAL_SENS_OUT_6=-50
THERMAL_SENS_INT_1=24
THERMAL_SENS_INT_2=29
PG_5=0
PG_9=0
PG_12=0
FLT_P2=0
FLT_P3=0
HEAT_1_TEMP=32
HEAT_1_DUTY=0
HEAT_1_SP=-20.0
HEAT_2_TEMP=30
HEAT_2_DUTY=0
HEAT_2_SP=-20.0
HEAT_3_TEMP=27
HEAT_3_DUTY=0
HEAT_3_SP=-20.0
HEAT_4_TEMP=35
HEAT_4_DUTY=0
HEAT_4_SP=-20.0
MOTOR_ANGLE=0.004186046511627906
MOTOR_ACCUM=1.0506976744186047
MOTOR_ROT=2

[12:06:00.879 EBOX]
TS=1786204650.712
V_SENSE5=1.17431640625
V_SENSE9=0.0341796875
V_SENSE12=0.107421875
ADC_V5=4.94720458984375
ADC_V9=9.2218017578125
ADC_V12=11.39892578125
ADC_V28=27.152099609375
THERMAL_SENS_OUT_1=27
THERMAL_SENS_OUT_2=-50
THERMAL_SENS_OUT_3=34
THERMAL_SENS_OUT_4=29
THERMAL_SENS_OUT_5=33
THERMAL_SENS_OUT_6=-50
THERMAL_SENS_INT_1=30
THERMAL_SENS_INT_2=25
PG_5=0
PG_9=0
PG_12=0
FLT_P2=0
FLT_P3=0
HEAT_1_TEMP=27
HEAT_1_DUTY=0
HEAT_1_SP=-20.0
HEAT_2_TEMP=34
HEAT_2_DUTY=0
HEAT_2_SP=-20.0
HEAT_3_TEMP=29
HEAT_3_DUTY=0
HEAT_3_SP=-20.0
HEAT_4_TEMP=33
HEAT_4_DUTY=0
HEAT_4_SP=-20.0
MOTOR_ANGLE=0.004186046511627906
MOTOR_ACCUM=1.0506976744186047
MOTOR_ROT=2

[12:06:02.919 EBOX]
TS=1786204652.712
V_SENSE5=1.279296875
V_SENSE9=0.0439453125
V_SENSE12=0.12451171875
ADC_V5=4.849853515625
ADC_V9=9.01824951171875
ADC_V12=11.62017822265625
ADC_V28=27.85125732421875
THERMAL_SENS_OUT_1=31
THERMAL_SENS_OUT_2=-50
THERMAL_SENS_OUT_3=35
THERMAL_SENS_OUT_4=25
THERMAL_SENS_OUT_5=36
THERMAL_SENS_OUT_6=-50
THERMAL_SENS_INT_1=28
THERMAL_SENS_INT_2=28
PG_5=0
PG_9=0
PG_12=0
FLT_P2=0
FLT_P3=0
HEAT_1_TEMP=31
HEAT_1_DUTY=0
HEAT_1_SP=-20.0
HEAT_2_TEMP=35
HEAT_2_DUTY=0
HEAT_2_SP=-20.0
HEAT_3_TEMP=25
HEAT_3_DUTY=0
HEAT_3_SP=-20.0
HEAT_4_TEMP=36
HEAT_4_DUTY=0
HEAT_4_SP=-20.0
MOTOR_ANGLE=0.004186046511627906
MOTOR_ACCUM=1.0506976744186047
MOTOR_ROT=2

[12:06:04.959 EBOX]
TS=1786204654.711
V_SENSE5=1.2451171875
V_SENSE9=0.0341796875
V_SENSE12=0.11962890625
ADC_V5=4.9560546875
ADC_V9=9.12445068359375
ADC_V12=11.74407958984375
ADC_V28=27.930908203125
THERMAL_SENS_OUT_1=28
THERMAL_SENS_OUT_2=-50
THERMAL_SENS_OUT_3=30
THERMAL_SENS_OUT_4=30
THERMAL_SENS_OUT_5=32
THERMAL_SENS_OUT_6=-50
THERMAL_SENS_INT_1=26
THERMAL_SENS_INT_2=25
PG_5=0
PG_9=0
PG_12=0
FLT_P2=0
FLT_P3=0
HEAT_1_TEMP=28
HEAT_1_DUTY=0
HEAT_1_SP=-20.0
HEAT_2_TEMP=30
HEAT_2_DUTY=0
HEAT_2_SP=-20.0
HEAT_3_TEMP=30
HEAT_3_DUTY=0
HEAT_3_SP=-20.0
HEAT_4_TEMP=32
HEAT_4_DUTY=0
HEAT_4_SP=-20.0
MOTOR_ANGLE=0.004186046511627906
MOTOR_ACCUM=1.0506976744186047
MOTOR_ROT=2

[12:06:07.203 EBOX]
TS=1786204656.714
V_SENSE5=1.1962890625
V_SENSE9=0.03662109375
V_SENSE12=0.1025390625
ADC_V5=5.0091552734375
ADC_V9=9.08905029296875
ADC_V12=11.5582275390625
ADC_V28=27.83355712890625
THERMAL_SENS_OUT_1=31
THERMAL_SENS_OUT_2=-50
THERMAL_SENS_OUT_3=33
THERMAL_SENS_OUT_4=28
THERMAL_SENS_OUT_5=32
THERMAL_SENS_OUT_6=-50
THERMAL_SENS_INT_1=23
THERMAL_SENS_INT_2=27
PG_5=0
PG_9=0
PG_12=0
FLT_P2=0
FLT_P3=0
HEAT_1_TEMP=31
HEAT_1_DUTY=0
HEAT_1_SP=-20.0
HEAT_2_TEMP=33
HEAT_2_DUTY=0
HEAT_2_SP=-20.0
HEAT_3_TEMP=28
HEAT_3_DUTY=0
HEAT_3_SP=-20.0
HEAT_4_TEMP=32
HEAT_4_DUTY=0
HEAT_4_SP=-20.0
MOTOR_ANGLE=0.004186046511627906
MOTOR_ACCUM=1.0506976744186047
MOTOR_ROT=2

[12:06:08.943 EBOX]
TS=1786204658.718
V_SENSE5=1.30615234375
V_SENSE9=0.0341796875
V_SENSE12=0.107421875
ADC_V5=4.92950439453125
ADC_V9=9.239501953125
ADC_V12=12.02728271484375
ADC_V28=27.44415283203125
THERMAL_SENS_OUT_1=32
THERMAL_SENS_OUT_2=-50
THERMAL_SENS_OUT_3=36
THERMAL_SENS_OUT_4=25
THERMAL_SENS_OUT_5=32
THERMAL_SENS_OUT_6=-50
THERMAL_SENS_INT_1=26
THERMAL_SENS_INT_2=25
PG_5=0
PG_9=0
PG_12=0
FLT_P2=0
FLT_P3=0
HEAT_1_TEMP=32
HEAT_1_DUTY=0
HEAT_1_SP=-20.0
HEAT_2_TEMP=36
HEAT_2_DUTY=0
HEAT_2_SP=-20.0
HEAT_3_TEMP=25
HEAT_3_DUTY=0
HEAT_3_SP=-20.0
HEAT_4_TEMP=32
HEAT_4_DUTY=0
HEAT_4_SP=-20.0
MOTOR_ANGLE=0.004186046511627906
MOTOR_ACCUM=1.0506976744186047
MOTOR_ROT=2

[12:06:10.989 EBOX]
TS=1786204660.722
V_SENSE5=1.4013671875
V_SENSE9=0.0390625
V_SENSE12=0.1123046875
ADC_V5=4.9737548828125
ADC_V9=9.28375244140625
ADC_V12=11.859130859375
ADC_V28=27.42645263671875
THERMAL_SENS_OUT_1=29
THERMAL_SENS_OUT_2=-50
THERMAL_SENS_OUT_3=31
THERMAL_SENS_OUT_4=31
THERMAL_SENS_OUT_5=32
THERMAL_SENS_OUT_6=-50
THERMAL_SENS_INT_1=25
THERMAL_SENS_INT_2=30
PG_5=0
PG_9=0
PG_12=0
FLT_P2=0
FLT_P3=0
HEAT_1_TEMP=29
HEAT_1_DUTY=0
HEAT_1_SP=-20.0
HEAT_2_TEMP=31
HEAT_2_DUTY=0
HEAT_2_SP=-20.0
HEAT_3_TEMP=31
HEAT_3_DUTY=0
HEAT_3_SP=-20.0
HEAT_4_TEMP=32
HEAT_4_DUTY=0
HEAT_4_SP=-20.0
MOTOR_ANGLE=0.004186046511627906
MOTOR_ACCUM=1.0506976744186047
MOTOR_ROT=2

[12:06:13.232 EBOX]
TS=1786204662.726
V_SENSE5=1.25732421875
V_SENSE9=0.0390625
V_SENSE12=0.107421875
ADC_V5=4.849853515625
ADC_V9=9.2218017578125
ADC_V12=11.82373046875
ADC_V28=26.93084716796875
THERMAL_SENS_OUT_1=28
THERMAL_SENS_OUT_2=-50
THERMAL_SENS_OUT_3=34
THERMAL_SENS_OUT_4=30
THERMAL_SENS_OUT_5=33
THERMAL_SENS_OUT_6=-50
THERMAL_SENS_INT_1=26
THERMAL_SENS_INT_2=25
PG_5=0
PG_9=0
PG_12=0
FLT_P2=0
FLT_P3=0
HEAT_1_TEMP=28
HEAT_1_DUTY=0
HEAT_1_SP=-20.0
HEAT_2_TEMP=34
HEAT_2_DUTY=0
HEAT_2_SP=-20.0
HEAT_3_TEMP=30
HEAT_3_DUTY=0
HEAT_3_SP=-20.0
HEAT_4_TEMP=33
HEAT_4_DUTY=0
HEAT_4_SP=-20.0
MOTOR_ANGLE=0.004186046511627906
MOTOR_ACCUM=1.0506976744186047
MOTOR_ROT=2

[12:06:15.272 EBOX]
TS=1786204664.736
V_SENSE5=1.1767578125
V_SENSE9=0.04150390625
V_SENSE12=0.11474609375
ADC_V5=4.85870361328125
ADC_V9=9.07135009765625
ADC_V12=11.859130859375
ADC_V28=27.09014892578125
THERMAL_SENS_OUT_1=26
THERMAL_SENS_OUT_2=-50
THERMAL_SENS_OUT_3=32
THERMAL_SENS_OUT_4=26
THERMAL_SENS_OUT_5=31
THERMAL_SENS_OUT_6=-50
THERMAL_SENS_INT_1=25
THERMAL_SENS_INT_2=25
PG_5=0
PG_9=0
PG_12=0
FLT_P2=0
FLT_P3=0
HEAT_1_TEMP=26
HEAT_1_DUTY=0
HEAT_1_SP=-20.0
HEAT_2_TEMP=32
HEAT_2_DUTY=0
HEAT_2_SP=-20.0
HEAT_3_TEMP=26
HEAT_3_DUTY=0
HEAT_3_SP=-20.0
HEAT_4_TEMP=31
HEAT_4_DUTY=0
HEAT_4_SP=-20.0
MOTOR_ANGLE=0.004186046511627906
MOTOR_ACCUM=1.0506976744186047
MOTOR_ROT=2

[12:06:19.226 EBOX]
TS=1786204666.732
V_SENSE5=1.38427734375
V_SENSE9=0.03662109375
V_SENSE12=0.11474609375
ADC_V5=4.96490478515625
ADC_V9=8.92974853515625
ADC_V12=11.6644287109375
ADC_V28=27.46185302734375
THERMAL_SENS_OUT_1=31
THERMAL_SENS_OUT_2=-50
THERMAL_SENS_OUT_3=30
THERMAL_SENS_OUT_4=30
THERMAL_SENS_OUT_5=33
THERMAL_SENS_OUT_6=-50
THERMAL_SENS_INT_1=30
THERMAL_SENS_INT_2=27
PG_5=0
PG_9=0
PG_12=0
FLT_P2=0
FLT_P3=0
HEAT_1_TEMP=31
HEAT_1_DUTY=0
HEAT_1_SP=-20.0
HEAT_2_TEMP=30
HEAT_2_DUTY=0
HEAT_2_SP=-20.0
HEAT_3_TEMP=30
HEAT_3_DUTY=0
HEAT_3_SP=-20.0
HEAT_4_TEMP=33
HEAT_4_DUTY=0
HEAT_4_SP=-20.0
MOTOR_ANGLE=0.004186046511627906
MOTOR_ACCUM=1.0506976744186047
MOTOR_ROT=2

[12:06:19.350 EBOX]
TS=1786204668.735
V_SENSE5=1.25732421875
V_SENSE9=0.0341796875
V_SENSE12=0.10986328125
ADC_V5=4.991455078125
ADC_V9=9.26605224609375
ADC_V12=11.90338134765625
ADC_V28=27.576904296875
THERMAL_SENS_OUT_1=31
THERMAL_SENS_OUT_2=-50
THERMAL_SENS_OUT_3=30
THERMAL_SENS_OUT_4=26
THERMAL_SENS_OUT_5=34
THERMAL_SENS_OUT_6=-50
THERMAL_SENS_INT_1=27
THERMAL_SENS_INT_2=30
PG_5=0
PG_9=0
PG_12=0
FLT_P2=0
FLT_P3=0
HEAT_1_TEMP=31
HEAT_1_DUTY=0
HEAT_1_SP=-20.0
HEAT_2_TEMP=30
HEAT_2_DUTY=0
HEAT_2_SP=-20.0
HEAT_3_TEMP=26
HEAT_3_DUTY=0
HEAT_3_SP=-20.0
HEAT_4_TEMP=34
HEAT_4_DUTY=0
HEAT_4_SP=-20.0
MOTOR_ANGLE=0.004186046511627906
MOTOR_ACCUM=1.0506976744186047
MOTOR_ROT=2

[12:06:20.988 EBOX]
TS=1786204670.737
V_SENSE5=1.35986328125
V_SENSE9=0.0390625
V_SENSE12=0.1123046875
ADC_V5=4.9383544921875
ADC_V9=8.8677978515625
ADC_V12=11.93878173828125
ADC_V28=27.39105224609375
THERMAL_SENS_OUT_1=29
THERMAL_SENS_OUT_2=-50
THERMAL_SENS_OUT_3=33
THERMAL_SENS_OUT_4=26
THERMAL_SENS_OUT_5=36
THERMAL_SENS_OUT_6=-50
THERMAL_SENS_INT_1=27
THERMAL_SENS_INT_2=25
PG_5=0
PG_9=0
PG_12=0
FLT_P2=0
FLT_P3=0
HEAT_1_TEMP=29
HEAT_1_DUTY=0
HEAT_1_SP=-20.0
HEAT_2_TEMP=33
HEAT_2_DUTY=0
HEAT_2_SP=-20.0
HEAT_3_TEMP=26
HEAT_3_DUTY=0
HEAT_3_SP=-20.0
HEAT_4_TEMP=36
HEAT_4_DUTY=0
HEAT_4_SP=-20.0
MOTOR_ANGLE=0.004186046511627906
MOTOR_ACCUM=1.0506976744186047
MOTOR_ROT=2

[12:06:22.932 EBOX]
TS=1786204672.741
V_SENSE5=1.2548828125
V_SENSE9=0.0390625
V_SENSE12=0.1123046875
ADC_V5=4.91180419921875
ADC_V9=9.3634033203125
ADC_V12=11.88568115234375
ADC_V28=27.96630859375
THERMAL_SENS_OUT_1=26
THERMAL_SENS_OUT_2=-50
THERMAL_SENS_OUT_3=31
THERMAL_SENS_OUT_4=29
THERMAL_SENS_OUT_5=36
THERMAL_SENS_OUT_6=-50
THERMAL_SENS_INT_1=29
THERMAL_SENS_INT_2=31
PG_5=0
PG_9=0
PG_12=0
FLT_P2=0
FLT_P3=0
HEAT_1_TEMP=26
HEAT_1_DUTY=0
HEAT_1_SP=-20.0
HEAT_2_TEMP=31
HEAT_2_DUTY=0
HEAT_2_SP=-20.0
HEAT_3_TEMP=29
HEAT_3_DUTY=0
HEAT_3_SP=-20.0
HEAT_4_TEMP=36
HEAT_4_DUTY=0
HEAT_4_SP=-20.0
MOTOR_ANGLE=0.004186046511627906
MOTOR_ACCUM=1.0506976744186047
MOTOR_ROT=2

[12:06:24.974 EBOX]
TS=1786204674.744
V_SENSE5=1.25
V_SENSE9=0.0341796875
V_SENSE12=0.1171875
ADC_V5=4.991455078125
ADC_V9=8.85009765625
ADC_V12=11.8060302734375
ADC_V28=27.860107421875
THERMAL_SENS_OUT_1=29
THERMAL_SENS_OUT_2=-50
THERMAL_SENS_OUT_3=36
THERMAL_SENS_OUT_4=25
THERMAL_SENS_OUT_5=32
THERMAL_SENS_OUT_6=-50
THERMAL_SENS_INT_1=26
THERMAL_SENS_INT_2=30
PG_5=0
PG_9=0
PG_12=0
FLT_P2=0
FLT_P3=0
HEAT_1_TEMP=29
HEAT_1_DUTY=0
HEAT_1_SP=-20.0
HEAT_2_TEMP=36
HEAT_2_DUTY=0
HEAT_2_SP=-20.0
HEAT_3_TEMP=25
HEAT_3_DUTY=0
HEAT_3_SP=-20.0
HEAT_4_TEMP=32
HEAT_4_DUTY=0
HEAT_4_SP=-20.0
MOTOR_ANGLE=0.004186046511627906
MOTOR_ACCUM=1.0506976744186047
MOTOR_ROT=2

[12:06:26.913 EBOX]
TS=1786204676.747
V_SENSE5=1.36962890625
V_SENSE9=0.0390625
V_SENSE12=0.1123046875
ADC_V5=4.87640380859375
ADC_V9=9.31915283203125
ADC_V12=11.99188232421875
ADC_V28=27.79815673828125
THERMAL_SENS_OUT_1=31
THERMAL_SENS_OUT_2=-50
THERMAL_SENS_OUT_3=31
THERMAL_SENS_OUT_4=31
THERMAL_SENS_OUT_5=33
THERMAL_SENS_OUT_6=-50
THERMAL_SENS_INT_1=24
THERMAL_SENS_INT_2=30
PG_5=0
PG_9=0
PG_12=0
FLT_P2=0
FLT_P3=0
HEAT_1_TEMP=31
HEAT_1_DUTY=0
HEAT_1_SP=-20.0
HEAT_2_TEMP=31
HEAT_2_DUTY=0
HEAT_2_SP=-20.0
HEAT_3_TEMP=31
HEAT_3_DUTY=0
HEAT_3_SP=-20.0
HEAT_4_TEMP=33
HEAT_4_DUTY=0
HEAT_4_SP=-20.0
MOTOR_ANGLE=0.004186046511627906
MOTOR_ACCUM=1.0506976744186047
MOTOR_ROT=2

[12:06:28.954 EBOX]
TS=1786204678.751
V_SENSE5=1.201171875
V_SENSE9=0.0341796875
V_SENSE12=0.11474609375
ADC_V5=4.9737548828125
ADC_V9=9.21295166015625
ADC_V12=11.859130859375
ADC_V28=27.3468017578125
THERMAL_SENS_OUT_1=32
THERMAL_SENS_OUT_2=-50
THERMAL_SENS_OUT_3=35
THERMAL_SENS_OUT_4=27
THERMAL_SENS_OUT_5=36
THERMAL_SENS_OUT_6=-50
THERMAL_SENS_INT_1=29
THERMAL_SENS_INT_2=24
PG_5=0
PG_9=0
PG_12=0
FLT_P2=0
FLT_P3=0
HEAT_1_TEMP=32
HEAT_1_DUTY=0
HEAT_1_SP=-20.0
HEAT_2_TEMP=35
HEAT_2_DUTY=0
HEAT_2_SP=-20.0
HEAT_3_TEMP=27
HEAT_3_DUTY=0
HEAT_3_SP=-20.0
HEAT_4_TEMP=36
HEAT_4_DUTY=0
HEAT_4_SP=-20.0
MOTOR_ANGLE=0.004186046511627906
MOTOR_ACCUM=1.0506976744186047
MOTOR_ROT=2

[12:06:30.994 EBOX]
TS=1786204680.758
V_SENSE5=1.20849609375
V_SENSE9=0.0390625
V_SENSE12=0.107421875
ADC_V5=5.01800537109375
ADC_V9=9.31915283203125
ADC_V12=11.90338134765625
ADC_V28=27.576904296875
THERMAL_SENS_OUT_1=28
THERMAL_SENS_OUT_2=-50
THERMAL_SENS_OUT_3=30
THERMAL_SENS_OUT_4=30
THERMAL_SENS_OUT_5=35
THERMAL_SENS_OUT_6=-50
THERMAL_SENS_INT_1=28
THERMAL_SENS_INT_2=27
PG_5=0
PG_9=0
PG_12=0
FLT_P2=0
FLT_P3=0
HEAT_1_TEMP=28
HEAT_1_DUTY=0
HEAT_1_SP=-20.0
HEAT_2_TEMP=30
HEAT_2_DUTY=0
HEAT_2_SP=-20.0
HEAT_3_TEMP=30
HEAT_3_DUTY=0
HEAT_3_SP=-20.0
HEAT_4_TEMP=35
HEAT_4_DUTY=0
HEAT_4_SP=-20.0
MOTOR_ANGLE=0.004186046511627906
MOTOR_ACCUM=1.0506976744186047
MOTOR_ROT=2

[12:06:32.934 EBOX]
TS=1786204682.757
V_SENSE5=1.4306640625
V_SENSE9=0.0341796875
V_SENSE12=0.1171875
ADC_V5=4.91180419921875
ADC_V9=9.097900390625
ADC_V12=11.7529296875
ADC_V28=27.6123046875
THERMAL_SENS_OUT_1=30
THERMAL_SENS_OUT_2=-50
THERMAL_SENS_OUT_3=30
THERMAL_SENS_OUT_4=28
THERMAL_SENS_OUT_5=36
THERMAL_SENS_OUT_6=-50
THERMAL_SENS_INT_1=29
THERMAL_SENS_INT_2=25
PG_5=0
PG_9=0
PG_12=0
FLT_P2=0
FLT_P3=0
HEAT_1_TEMP=30
HEAT_1_DUTY=0
HEAT_1_SP=-20.0
HEAT_2_TEMP=30
HEAT_2_DUTY=0
HEAT_2_SP=-20.0
HEAT_3_TEMP=28
HEAT_3_DUTY=0
HEAT_3_SP=-20.0
HEAT_4_TEMP=36
HEAT_4_DUTY=0
HEAT_4_SP=-20.0
MOTOR_ANGLE=0.004186046511627906
MOTOR_ACCUM=1.0506976744186047
MOTOR_ROT=2

[12:06:34.973 EBOX]
TS=1786204684.759
V_SENSE5=1.18408203125
V_SENSE9=0.0341796875
V_SENSE12=0.1123046875
ADC_V5=5.0091552734375
ADC_V9=9.05364990234375
ADC_V12=11.5936279296875
ADC_V28=27.4176025390625
THERMAL_SENS_OUT_1=31
THERMAL_SENS_OUT_2=-50
THERMAL_SENS_OUT_3=33
THERMAL_SENS_OUT_4=30
THERMAL_SENS_OUT_5=34
THERMAL_SENS_OUT_6=-50
THERMAL_SENS_INT_1=28
THERMAL_SENS_INT_2=27
PG_5=0
PG_9=0
PG_12=0
FLT_P2=0
FLT_P3=0
HEAT_1_TEMP=31
HEAT_1_DUTY=0
HEAT_1_SP=-20.0
HEAT_2_TEMP=33
HEAT_2_DUTY=0
HEAT_2_SP=-20.0
HEAT_3_TEMP=30
HEAT_3_DUTY=0
HEAT_3_SP=-20.0
HEAT_4_TEMP=34
HEAT_4_DUTY=0
HEAT_4_SP=-20.0
MOTOR_ANGLE=0.004186046511627906
MOTOR_ACCUM=1.0506976744186047
MOTOR_ROT=2

[12:06:37.515 EBOX]
TS=1786204686.765
V_SENSE5=1.38916015625
V_SENSE9=0.0390625
V_SENSE12=0.1171875
ADC_V5=4.849853515625
ADC_V9=9.26605224609375
ADC_V12=11.611328125
ADC_V28=27.9486083984375
THERMAL_SENS_OUT_1=28
THERMAL_SENS_OUT_2=-50
THERMAL_SENS_OUT_3=32
THERMAL_SENS_OUT_4=31
THERMAL_SENS_OUT_5=32
THERMAL_SENS_OUT_6=-50
THERMAL_SENS_INT_1=25
THERMAL_SENS_INT_2=26
PG_5=0
PG_9=0
PG_12=0
FLT_P2=0
FLT_P3=0
HEAT_1_TEMP=28
HEAT_1_DUTY=0
HEAT_1_SP=-20.0
HEAT_2_TEMP=32
HEAT_2_DUTY=0
HEAT_2_SP=-20.0
HEAT_3_TEMP=31
HEAT_3_DUTY=0
HEAT_3_SP=-20.0
HEAT_4_TEMP=32
HEAT_4_DUTY=0
HEAT_4_SP=-20.0
MOTOR_ANGLE=0.004186046511627906
MOTOR_ACCUM=1.0506976744186047
MOTOR_ROT=2

[12:06:39.257 EBOX]
TS=1786204688.767
V_SENSE5=1.26953125
V_SENSE9=0.03173828125
V_SENSE12=0.1123046875
ADC_V5=4.9560546875
ADC_V9=8.7261962890625
ADC_V12=11.77947998046875
ADC_V28=27.2052001953125
THERMAL_SENS_OUT_1=25
THERMAL_SENS_OUT_2=-50
THERMAL_SENS_OUT_3=32
THERMAL_SENS_OUT_4=31
THERMAL_SENS_OUT_5=34
THERMAL_SENS_OUT_6=-50
THERMAL_SENS_INT_1=29
THERMAL_SENS_INT_2=26
PG_5=0
PG_9=0
PG_12=0
FLT_P2=0
FLT_P3=0
HEAT_1_TEMP=25
HEAT_1_DUTY=0
HEAT_1_SP=-20.0
HEAT_2_TEMP=32
HEAT_2_DUTY=0
HEAT_2_SP=-20.0
HEAT_3_TEMP=31
HEAT_3_DUTY=0
HEAT_3_SP=-20.0
HEAT_4_TEMP=34
HEAT_4_DUTY=0
HEAT_4_SP=-20.0
MOTOR_ANGLE=0.004186046511627906
MOTOR_ACCUM=1.0506976744186047
MOTOR_ROT=2

[12:06:40.995 EBOX]
TS=1786204690.768
V_SENSE5=1.24755859375
V_SENSE9=0.04638671875
V_SENSE12=0.10498046875
ADC_V5=5.0091552734375
ADC_V9=9.31915283203125
ADC_V12=11.7529296875
ADC_V28=27.88665771484375
THERMAL_SENS_OUT_1=29
THERMAL_SENS_OUT_2=-50
THERMAL_SENS_OUT_3=33
THERMAL_SENS_OUT_4=26
THERMAL_SENS_OUT_5=32
THERMAL_SENS_OUT_6=-50
THERMAL_SENS_INT_1=28
THERMAL_SENS_INT_2=26
PG_5=0
PG_9=0
PG_12=0
FLT_P2=0
FLT_P3=0
HEAT_1_TEMP=29
HEAT_1_DUTY=0
HEAT_1_SP=-20.0
HEAT_2_TEMP=33
HEAT_2_DUTY=0
HEAT_2_SP=-20.0
HEAT_3_TEMP=26
HEAT_3_DUTY=0
HEAT_3_SP=-20.0
HEAT_4_TEMP=32
HEAT_4_DUTY=0
HEAT_4_SP=-20.0
MOTOR_ANGLE=0.004186046511627906
MOTOR_ACCUM=1.0506976744186047
MOTOR_ROT=2

[12:06:42.937 EBOX]
TS=1786204692.771
V_SENSE5=1.22314453125
V_SENSE9=0.0341796875
V_SENSE12=0.13427734375
ADC_V5=4.920654296875
ADC_V9=9.168701171875
ADC_V12=11.9122314453125
ADC_V28=27.8955078125
THERMAL_SENS_OUT_1=27
THERMAL_SENS_OUT_2=-50
THERMAL_SENS_OUT_3=31
THERMAL_SENS_OUT_4=30
THERMAL_SENS_OUT_5=32
THERMAL_SENS_OUT_6=-50
THERMAL_SENS_INT_1=24
THERMAL_SENS_INT_2=26
PG_5=0
PG_9=0
PG_12=0
FLT_P2=0
FLT_P3=0
HEAT_1_TEMP=27
HEAT_1_DUTY=0
HEAT_1_SP=-20.0
HEAT_2_TEMP=31
HEAT_2_DUTY=0
HEAT_2_SP=-20.0
HEAT_3_TEMP=30
HEAT_3_DUTY=0
HEAT_3_SP=-20.0
HEAT_4_TEMP=32
HEAT_4_DUTY=0
HEAT_4_SP=-20.0
MOTOR_ANGLE=0.004186046511627906
MOTOR_ACCUM=1.0506976744186047
MOTOR_ROT=2

[12:06:44.976 EBOX]
TS=1786204694.783
V_SENSE5=1.2158203125
V_SENSE9=0.0390625
V_SENSE12=0.1123046875
ADC_V5=4.89410400390625
ADC_V9=9.2218017578125
ADC_V12=11.5936279296875
ADC_V28=26.8865966796875
THERMAL_SENS_OUT_1=30
THERMAL_SENS_OUT_2=-50
THERMAL_SENS_OUT_3=31
THERMAL_SENS_OUT_4=31
THERMAL_SENS_OUT_5=32
THERMAL_SENS_OUT_6=-50
THERMAL_SENS_INT_1=26
THERMAL_SENS_INT_2=27
PG_5=0
PG_9=0
PG_12=0
FLT_P2=0
FLT_P3=0
HEAT_1_TEMP=30
HEAT_1_DUTY=0
HEAT_1_SP=-20.0
HEAT_2_TEMP=31
HEAT_2_DUTY=0
HEAT_2_SP=-20.0
HEAT_3_TEMP=31
HEAT_3_DUTY=0
HEAT_3_SP=-20.0
HEAT_4_TEMP=32
HEAT_4_DUTY=0
HEAT_4_SP=-20.0
MOTOR_ANGLE=0.004186046511627906
MOTOR_ACCUM=1.0506976744186047
MOTOR_ROT=2

[12:06:47.018 EBOX]
TS=1786204696.777
V_SENSE5=1.20849609375
V_SENSE9=0.03662109375
V_SENSE12=0.107421875
ADC_V5=4.9560546875
ADC_V9=8.98284912109375
ADC_V12=11.8414306640625
ADC_V28=27.63885498046875
THERMAL_SENS_OUT_1=32
THERMAL_SENS_OUT_2=-50
THERMAL_SENS_OUT_3=35
THERMAL_SENS_OUT_4=26
THERMAL_SENS_OUT_5=36
THERMAL_SENS_OUT_6=-50
THERMAL_SENS_INT_1=28
THERMAL_SENS_INT_2=25
PG_5=0
PG_9=0
PG_12=0
FLT_P2=0
FLT_P3=0
HEAT_1_TEMP=32
HEAT_1_DUTY=0
HEAT_1_SP=-20.0
HEAT_2_TEMP=35
HEAT_2_DUTY=0
HEAT_2_SP=-20.0
HEAT_3_TEMP=26
HEAT_3_DUTY=0
HEAT_3_SP=-20.0
HEAT_4_TEMP=36
HEAT_4_DUTY=0
HEAT_4_SP=-20.0
MOTOR_ANGLE=0.004186046511627906
MOTOR_ACCUM=1.0506976744186047
MOTOR_ROT=2

[12:06:48.956 EBOX]
TS=1786204698.782
V_SENSE5=1.30615234375
V_SENSE9=0.03173828125
V_SENSE12=0.107421875
ADC_V5=4.91180419921875
ADC_V9=8.82354736328125
ADC_V12=11.65557861328125
ADC_V28=27.470703125
THERMAL_SENS_OUT_1=26
THERMAL_SENS_OUT_2=-50
THERMAL_SENS_OUT_3=30
THERMAL_SENS_OUT_4=30
THERMAL_SENS_OUT_5=37
THERMAL_SENS_OUT_6=-50
THERMAL_SENS_INT_1=24
THERMAL_SENS_INT_2=30
PG_5=0
PG_9=0
PG_12=0
FLT_P2=0
FLT_P3=0
HEAT_1_TEMP=26
HEAT_1_DUTY=0
HEAT_1_SP=-20.0
HEAT_2_TEMP=30
HEAT_2_DUTY=0
HEAT_2_SP=-20.0
HEAT_3_TEMP=30
HEAT_3_DUTY=0
HEAT_3_SP=-20.0
HEAT_4_TEMP=37
HEAT_4_DUTY=0
HEAT_4_SP=-20.0
MOTOR_ANGLE=0.004186046511627906
MOTOR_ACCUM=1.0506976744186047
MOTOR_ROT=2

[12:06:50.996 EBOX]
TS=1786204700.784
V_SENSE5=1.37451171875
V_SENSE9=0.0341796875
V_SENSE12=0.107421875
ADC_V5=4.98260498046875
ADC_V9=9.097900390625
ADC_V12=11.8060302734375
ADC_V28=26.904296875
THERMAL_SENS_OUT_1=28
THERMAL_SENS_OUT_2=-50
THERMAL_SENS_OUT_3=31
THERMAL_SENS_OUT_4=30
THERMAL_SENS_OUT_5=37
THERMAL_SENS_OUT_6=-50
THERMAL_SENS_INT_1=28
THERMAL_SENS_INT_2=26
PG_5=0
PG_9=0
PG_12=0
FLT_P2=0
FLT_P3=0
HEAT_1_TEMP=28
HEAT_1_DUTY=0
HEAT_1_SP=-20.0
HEAT_2_TEMP=31
HEAT_2_DUTY=0
HEAT_2_SP=-20.0
HEAT_3_TEMP=30
HEAT_3_DUTY=0
HEAT_3_SP=-20.0
HEAT_4_TEMP=37
HEAT_4_DUTY=0
HEAT_4_SP=-20.0
MOTOR_ANGLE=0.004186046511627906
MOTOR_ACCUM=1.0506976744186047
MOTOR_ROT=2

[12:06:53.038 EBOX]
TS=1786204702.788
V_SENSE5=1.23046875
V_SENSE9=0.0341796875
V_SENSE12=0.10009765625
ADC_V5=4.89410400390625
ADC_V9=8.98284912109375
ADC_V12=11.5936279296875
ADC_V28=27.76275634765625
THERMAL_SENS_OUT_1=32
THERMAL_SENS_OUT_2=-50
THERMAL_SENS_OUT_3=36
THERMAL_SENS_OUT_4=28
THERMAL_SENS_OUT_5=34
THERMAL_SENS_OUT_6=-50
THERMAL_SENS_INT_1=26
THERMAL_SENS_INT_2=26
PG_5=0
PG_9=0
PG_12=0
FLT_P2=0
FLT_P3=0
HEAT_1_TEMP=32
HEAT_1_DUTY=0
HEAT_1_SP=-20.0
HEAT_2_TEMP=36
HEAT_2_DUTY=0
HEAT_2_SP=-20.0
HEAT_3_TEMP=28
HEAT_3_DUTY=0
HEAT_3_SP=-20.0
HEAT_4_TEMP=34
HEAT_4_DUTY=0
HEAT_4_SP=-20.0
MOTOR_ANGLE=0.004186046511627906
MOTOR_ACCUM=1.0506976744186047
MOTOR_ROT=2

[12:06:54.982 EBOX]
TS=1786204704.790
V_SENSE5=1.32080078125
V_SENSE9=0.0390625
V_SENSE12=0.10986328125
ADC_V5=4.991455078125
ADC_V9=9.42535400390625
ADC_V12=11.646728515625
ADC_V28=27.9132080078125
THERMAL_SENS_OUT_1=31
THERMAL_SENS_OUT_2=-50
THERMAL_SENS_OUT_3=35
THERMAL_SENS_OUT_4=27
THERMAL_SENS_OUT_5=35
THERMAL_SENS_OUT_6=-50
THERMAL_SENS_INT_1=26
THERMAL_SENS_INT_2=24
PG_5=0
PG_9=0
PG_12=0
FLT_P2=0
FLT_P3=0
HEAT_1_TEMP=31
HEAT_1_DUTY=0
HEAT_1_SP=-20.0
HEAT_2_TEMP=35
HEAT_2_DUTY=0
HEAT_2_SP=-20.0
HEAT_3_TEMP=27
HEAT_3_DUTY=0
HEAT_3_SP=-20.0
HEAT_4_TEMP=35
HEAT_4_DUTY=0
HEAT_4_SP=-20.0
MOTOR_ANGLE=0.004186046511627906
MOTOR_ACCUM=1.0506976744186047
MOTOR_ROT=2

[12:06:57.022 EBOX]
TS=1786204706.794
V_SENSE5=1.1962890625
V_SENSE9=0.03662109375
V_SENSE12=0.1171875
ADC_V5=4.96490478515625
ADC_V9=9.097900390625
ADC_V12=11.9122314453125
ADC_V28=27.4530029296875
THERMAL_SENS_OUT_1=29
THERMAL_SENS_OUT_2=-50
THERMAL_SENS_OUT_3=31
THERMAL_SENS_OUT_4=31
THERMAL_SENS_OUT_5=34
THERMAL_SENS_OUT_6=-50
THERMAL_SENS_INT_1=27
THERMAL_SENS_INT_2=25
PG_5=0
PG_9=0
PG_12=0
FLT_P2=0
FLT_P3=0
HEAT_1_TEMP=29
HEAT_1_DUTY=0
HEAT_1_SP=-20.0
HEAT_2_TEMP=31
HEAT_2_DUTY=0
HEAT_2_SP=-20.0
HEAT_3_TEMP=31
HEAT_3_DUTY=0
HEAT_3_SP=-20.0
HEAT_4_TEMP=34
HEAT_4_DUTY=0
HEAT_4_SP=-20.0
MOTOR_ANGLE=0.004186046511627906
MOTOR_ACCUM=1.0506976744186047
MOTOR_ROT=2

[12:06:58.959 EBOX]
TS=1786204708.798
V_SENSE5=1.201171875
V_SENSE9=0.03662109375
V_SENSE12=0.1171875
ADC_V5=5.08880615234375
ADC_V9=9.3634033203125
ADC_V12=11.85028076171875
ADC_V28=27.85125732421875
THERMAL_SENS_OUT_1=26
THERMAL_SENS_OUT_2=-50
THERMAL_SENS_OUT_3=30
THERMAL_SENS_OUT_4=27
THERMAL_SENS_OUT_5=35
THERMAL_SENS_OUT_6=-50
THERMAL_SENS_INT_1=26
THERMAL_SENS_INT_2=29
PG_5=0
PG_9=0
PG_12=0
FLT_P2=0
FLT_P3=0
HEAT_1_TEMP=26
HEAT_1_DUTY=0
HEAT_1_SP=-20.0
HEAT_2_TEMP=30
HEAT_2_DUTY=0
HEAT_2_SP=-20.0
HEAT_3_TEMP=27
HEAT_3_DUTY=0
HEAT_3_SP=-20.0
HEAT_4_TEMP=35
HEAT_4_DUTY=0
HEAT_4_SP=-20.0
MOTOR_ANGLE=0.004186046511627906
MOTOR_ACCUM=1.0506976744186047
MOTOR_ROT=2

[12:07:00.998 EBOX]
TS=1786204710.804
V_SENSE5=1.32568359375
V_SENSE9=0.0341796875
V_SENSE12=0.1123046875
ADC_V5=4.9029541015625
ADC_V9=9.0093994140625
ADC_V12=11.67327880859375
ADC_V28=27.4176025390625
THERMAL_SENS_OUT_1=27
THERMAL_SENS_OUT_2=-50
THERMAL_SENS_OUT_3=36
THERMAL_SENS_OUT_4=25
THERMAL_SENS_OUT_5=34
THERMAL_SENS_OUT_6=-50
THERMAL_SENS_INT_1=27
THERMAL_SENS_INT_2=29
PG_5=0
PG_9=0
PG_12=0
FLT_P2=0
FLT_P3=0
HEAT_1_TEMP=27
HEAT_1_DUTY=0
HEAT_1_SP=-20.0
HEAT_2_TEMP=36
HEAT_2_DUTY=0
HEAT_2_SP=-20.0
HEAT_3_TEMP=25
HEAT_3_DUTY=0
HEAT_3_SP=-20.0
HEAT_4_TEMP=34
HEAT_4_DUTY=0
HEAT_4_SP=-20.0
MOTOR_ANGLE=0.004186046511627906
MOTOR_ACCUM=1.0506976744186047
MOTOR_ROT=2

[12:07:03.036 EBOX]
TS=1786204712.804
V_SENSE5=1.201171875
V_SENSE9=0.0390625
V_SENSE12=0.1123046875
ADC_V5=4.89410400390625
ADC_V9=9.60235595703125
ADC_V12=11.859130859375
ADC_V28=26.97509765625
THERMAL_SENS_OUT_1=28
THERMAL_SENS_OUT_2=-50
THERMAL_SENS_OUT_3=30
THERMAL_SENS_OUT_4=29
THERMAL_SENS_OUT_5=32
THERMAL_SENS_OUT_6=-50
THERMAL_SENS_INT_1=23
THERMAL_SENS_INT_2=30
PG_5=0
PG_9=0
PG_12=0
FLT_P2=0
FLT_P3=0
HEAT_1_TEMP=28
HEAT_1_DUTY=0
HEAT_1_SP=-20.0
HEAT_2_TEMP=30
HEAT_2_DUTY=0
HEAT_2_SP=-20.0
HEAT_3_TEMP=29
HEAT_3_DUTY=0
HEAT_3_SP=-20.0
HEAT_4_TEMP=32
HEAT_4_DUTY=0
HEAT_4_SP=-20.0
MOTOR_ANGLE=0.004186046511627906
MOTOR_ACCUM=1.0506976744186047
MOTOR_ROT=2

[12:07:04.978 EBOX]
TS=1786204714.808
V_SENSE5=1.2744140625
V_SENSE9=0.03662109375
V_SENSE12=0.1171875
ADC_V5=4.98260498046875
ADC_V9=9.13330078125
ADC_V12=11.74407958984375
ADC_V28=27.152099609375
THERMAL_SENS_OUT_1=29
THERMAL_SENS_OUT_2=-50
THERMAL_SENS_OUT_3=36
THERMAL_SENS_OUT_4=28
THERMAL_SENS_OUT_5=36
THERMAL_SENS_OUT_6=-50
THERMAL_SENS_INT_1=28
THERMAL_SENS_INT_2=28
PG_5=0
PG_9=0
PG_12=0
FLT_P2=0
FLT_P3=0
HEAT_1_TEMP=29
HEAT_1_DUTY=0
HEAT_1_SP=-20.0
HEAT_2_TEMP=36
HEAT_2_DUTY=0
HEAT_2_SP=-20.0
HEAT_3_TEMP=28
HEAT_3_DUTY=0
HEAT_3_SP=-20.0
HEAT_4_TEMP=36
HEAT_4_DUTY=0
HEAT_4_SP=-20.0
MOTOR_ANGLE=0.004186046511627906
MOTOR_ACCUM=1.0506976744186047
MOTOR_ROT=2

[12:07:07.020 EBOX]
TS=1786204716.811
V_SENSE5=1.32080078125
V_SENSE9=0.0341796875
V_SENSE12=0.10986328125
ADC_V5=4.98260498046875
ADC_V9=9.00054931640625
ADC_V12=11.62017822265625
ADC_V28=27.35565185546875
THERMAL_SENS_OUT_1=28
THERMAL_SENS_OUT_2=-50
THERMAL_SENS_OUT_3=35
THERMAL_SENS_OUT_4=28
THERMAL_SENS_OUT_5=37
THERMAL_SENS_OUT_6=-50
THERMAL_SENS_INT_1=28
THERMAL_SENS_INT_2=29
PG_5=0
PG_9=0
PG_12=0
FLT_P2=0
FLT_P3=0
HEAT_1_TEMP=28
HEAT_1_DUTY=0
HEAT_1_SP=-20.0
HEAT_2_TEMP=35
HEAT_2_DUTY=0
HEAT_2_SP=-20.0
HEAT_3_TEMP=28
HEAT_3_DUTY=0
HEAT_3_SP=-20.0
HEAT_4_TEMP=37
HEAT_4_DUTY=0
HEAT_4_SP=-20.0
MOTOR_ANGLE=0.004186046511627906
MOTOR_ACCUM=1.0506976744186047
MOTOR_ROT=2

[12:07:09.662 EBOX]
TS=1786204718.813
V_SENSE5=1.2451171875
V_SENSE9=0.0390625
V_SENSE12=0.10986328125
ADC_V5=4.9560546875
ADC_V9=9.19525146484375
ADC_V12=11.65557861328125
ADC_V28=27.8955078125
THERMAL_SENS_OUT_1=31
THERMAL_SENS_OUT_2=-50
THERMAL_SENS_OUT_3=33
THERMAL_SENS_OUT_4=27
THERMAL_SENS_OUT_5=36
THERMAL_SENS_OUT_6=-50
THERMAL_SENS_INT_1=28
THERMAL_SENS_INT_2=26
PG_5=0
PG_9=0
PG_12=0
FLT_P2=0
FLT_P3=0
HEAT_1_TEMP=31
HEAT_1_DUTY=0
HEAT_1_SP=-20.0
HEAT_2_TEMP=33
HEAT_2_DUTY=0
HEAT_2_SP=-20.0
HEAT_3_TEMP=27
HEAT_3_DUTY=0
HEAT_3_SP=-20.0
HEAT_4_TEMP=36
HEAT_4_DUTY=0
HEAT_4_SP=-20.0
MOTOR_ANGLE=0.004186046511627906
MOTOR_ACCUM=1.0506976744186047
MOTOR_ROT=2

[12:07:10.997 EBOX]
TS=1786204720.817
V_SENSE5=1.1865234375
V_SENSE9=0.0341796875
V_SENSE12=0.1220703125
ADC_V5=4.84100341796875
ADC_V9=9.0093994140625
ADC_V12=11.49627685546875
ADC_V28=27.7008056640625
THERMAL_SENS_OUT_1=32
THERMAL_SENS_OUT_2=-50
THERMAL_SENS_OUT_3=35
THERMAL_SENS_OUT_4=26
THERMAL_SENS_OUT_5=36
THERMAL_SENS_OUT_6=-50
THERMAL_SENS_INT_1=27
THERMAL_SENS_INT_2=24
PG_5=0
PG_9=0
PG_12=0
FLT_P2=0
FLT_P3=0
HEAT_1_TEMP=32
HEAT_1_DUTY=0
HEAT_1_SP=-20.0
HEAT_2_TEMP=35
HEAT_2_DUTY=0
HEAT_2_SP=-20.0
HEAT_3_TEMP=26
HEAT_3_DUTY=0
HEAT_3_SP=-20.0
HEAT_4_TEMP=36
HEAT_4_DUTY=0
HEAT_4_SP=-20.0
MOTOR_ANGLE=0.004186046511627906
MOTOR_ACCUM=1.0506976744186047
MOTOR_ROT=2

[12:07:13.337 EBOX]
TS=1786204722.824
V_SENSE5=1.23779296875
V_SENSE9=0.03662109375
V_SENSE12=0.10498046875
ADC_V5=4.92950439453125
ADC_V9=9.0625
ADC_V12=11.8768310546875
ADC_V28=27.96630859375
THERMAL_SENS_OUT_1=29
THERMAL_SENS_OUT_2=-50
THERMAL_SENS_OUT_3=31
THERMAL_SENS_OUT_4=31
THERMAL_SENS_OUT_5=34
THERMAL_SENS_OUT_6=-50
THERMAL_SENS_INT_1=25
THERMAL_SENS_INT_2=29
PG_5=0
PG_9=0
PG_12=0
FLT_P2=0
FLT_P3=0
HEAT_1_TEMP=29
HEAT_1_DUTY=0
HEAT_1_SP=-20.0
HEAT_2_TEMP=31
HEAT_2_DUTY=0
HEAT_2_SP=-20.0
HEAT_3_TEMP=31
HEAT_3_DUTY=0
HEAT_3_SP=-20.0
HEAT_4_TEMP=34
HEAT_4_DUTY=0
HEAT_4_SP=-20.0
MOTOR_ANGLE=0.004186046511627906
MOTOR_ACCUM=1.0506976744186047
MOTOR_ROT=2

[12:07:15.074 EBOX]
TS=1786204724.826
V_SENSE5=1.25
V_SENSE9=0.0390625
V_SENSE12=0.1025390625
ADC_V5=4.9383544921875
ADC_V9=9.0093994140625
ADC_V12=11.54052734375
ADC_V28=27.7008056640625
THERMAL_SENS_OUT_1=31
THERMAL_SENS_OUT_2=-50
THERMAL_SENS_OUT_3=35
THERMAL_SENS_OUT_4=29
THERMAL_SENS_OUT_5=34
THERMAL_SENS_OUT_6=-50
THERMAL_SENS_INT_1=24
THERMAL_SENS_INT_2=31
PG_5=0
PG_9=0
PG_12=0
FLT_P2=0
FLT_P3=0
HEAT_1_TEMP=31
HEAT_1_DUTY=0
HEAT_1_SP=-20.0
HEAT_2_TEMP=35
HEAT_2_DUTY=0
HEAT_2_SP=-20.0
HEAT_3_TEMP=29
HEAT_3_DUTY=0
HEAT_3_SP=-20.0
HEAT_4_TEMP=34
HEAT_4_DUTY=0
HEAT_4_SP=-20.0
MOTOR_ANGLE=0.004186046511627906
MOTOR_ACCUM=1.0506976744186047
MOTOR_ROT=2

[12:07:17.014 EBOX]
TS=1786204726.829
V_SENSE5=1.25
V_SENSE9=0.04150390625
V_SENSE12=0.11474609375
ADC_V5=4.96490478515625
ADC_V9=9.47845458984375
ADC_V12=11.9476318359375
ADC_V28=27.8070068359375
THERMAL_SENS_OUT_1=28
THERMAL_SENS_OUT_2=-50
THERMAL_SENS_OUT_3=33
THERMAL_SENS_OUT_4=30
THERMAL_SENS_OUT_5=33
THERMAL_SENS_OUT_6=-50
THERMAL_SENS_INT_1=23
THERMAL_SENS_INT_2=27
PG_5=0
PG_9=0
PG_12=0
FLT_P2=0
FLT_P3=0
HEAT_1_TEMP=28
HEAT_1_DUTY=0
HEAT_1_SP=-20.0
HEAT_2_TEMP=33
HEAT_2_DUTY=0
HEAT_2_SP=-20.0
HEAT_3_TEMP=30
HEAT_3_DUTY=0
HEAT_3_SP=-20.0
HEAT_4_TEMP=33
HEAT_4_DUTY=0
HEAT_4_SP=-20.0
MOTOR_ANGLE=0.004186046511627906
MOTOR_ACCUM=1.0506976744186047
MOTOR_ROT=2

[12:07:19.058 EBOX]
TS=1786204728.831
V_SENSE5=1.328125
V_SENSE9=0.07568359375
V_SENSE12=0.11962890625
ADC_V5=4.814453125
ADC_V9=9.10675048828125
ADC_V12=11.70867919921875
ADC_V28=27.46185302734375
THERMAL_SENS_OUT_1=28
THERMAL_SENS_OUT_2=-50
THERMAL_SENS_OUT_3=32
THERMAL_SENS_OUT_4=28
THERMAL_SENS_OUT_5=31
THERMAL_SENS_OUT_6=-50
THERMAL_SENS_INT_1=29
THERMAL_SENS_INT_2=28
PG_5=0
PG_9=0
PG_12=0
FLT_P2=0
FLT_P3=0
HEAT_1_TEMP=28
HEAT_1_DUTY=0
HEAT_1_SP=-20.0
HEAT_2_TEMP=32
HEAT_2_DUTY=0
HEAT_2_SP=-20.0
HEAT_3_TEMP=28
HEAT_3_DUTY=0
HEAT_3_SP=-20.0
HEAT_4_TEMP=31
HEAT_4_DUTY=0
HEAT_4_SP=-20.0
MOTOR_ANGLE=0.004186046511627906
MOTOR_ACCUM=1.0506976744186047
MOTOR_ROT=2

[12:07:20.995 EBOX]
TS=1786204730.834
V_SENSE5=1.23291015625
V_SENSE9=0.03662109375
V_SENSE12=0.11962890625
ADC_V5=4.9737548828125
ADC_V9=9.27490234375
ADC_V12=11.79718017578125
ADC_V28=27.40875244140625
THERMAL_SENS_OUT_1=26
THERMAL_SENS_OUT_2=-50
THERMAL_SENS_OUT_3=31
THERMAL_SENS_OUT_4=31
THERMAL_SENS_OUT_5=36
THERMAL_SENS_OUT_6=-50
THERMAL_SENS_INT_1=23
THERMAL_SENS_INT_2=27
PG_5=0
PG_9=0
PG_12=0
FLT_P2=0
FLT_P3=0
HEAT_1_TEMP=26
HEAT_1_DUTY=0
HEAT_1_SP=-20.0
HEAT_2_TEMP=31
HEAT_2_DUTY=0
HEAT_2_SP=-20.0
HEAT_3_TEMP=31
HEAT_3_DUTY=0
HEAT_3_SP=-20.0
HEAT_4_TEMP=36
HEAT_4_DUTY=0
HEAT_4_SP=-20.0
MOTOR_ANGLE=0.004186046511627906
MOTOR_ACCUM=1.0506976744186047
MOTOR_ROT=2

[12:07:23.034 EBOX]
TS=1786204732.845
V_SENSE5=1.2255859375
V_SENSE9=0.0390625
V_SENSE12=0.1025390625
ADC_V5=4.9029541015625
ADC_V9=9.1156005859375
ADC_V12=11.505126953125
ADC_V28=27.79815673828125
THERMAL_SENS_OUT_1=30
THERMAL_SENS_OUT_2=-50
THERMAL_SENS_OUT_3=30
THERMAL_SENS_OUT_4=25
THERMAL_SENS_OUT_5=35
THERMAL_SENS_OUT_6=-50
THERMAL_SENS_INT_1=24
THERMAL_SENS_INT_2=26
PG_5=0
PG_9=0
PG_12=0
FLT_P2=0
FLT_P3=0
HEAT_1_TEMP=30
HEAT_1_DUTY=0
HEAT_1_SP=-20.0
HEAT_2_TEMP=30
HEAT_2_DUTY=0
HEAT_2_SP=-20.0
HEAT_3_TEMP=25
HEAT_3_DUTY=0
HEAT_3_SP=-20.0
HEAT_4_TEMP=35
HEAT_4_DUTY=0
HEAT_4_SP=-20.0
MOTOR_ANGLE=0.004186046511627906
MOTOR_ACCUM=1.0506976744186047
MOTOR_ROT=2

[12:07:25.073 EBOX]
TS=1786204734.840
V_SENSE5=1.40380859375
V_SENSE9=0.07568359375
V_SENSE12=0.1171875
ADC_V5=4.84100341796875
ADC_V9=8.92974853515625
ADC_V12=11.46087646484375
ADC_V28=27.4176025390625
THERMAL_SENS_OUT_1=27
THERMAL_SENS_OUT_2=-50
THERMAL_SENS_OUT_3=36
THERMAL_SENS_OUT_4=27
THERMAL_SENS_OUT_5=37
THERMAL_SENS_OUT_6=-50
THERMAL_SENS_INT_1=28
THERMAL_SENS_INT_2=25
PG_5=0
PG_9=0
PG_12=0
FLT_P2=0
FLT_P3=0
HEAT_1_TEMP=27
HEAT_1_DUTY=0
HEAT_1_SP=-20.0
HEAT_2_TEMP=36
HEAT_2_DUTY=0
HEAT_2_SP=-20.0
HEAT_3_TEMP=27
HEAT_3_DUTY=0
HEAT_3_SP=-20.0
HEAT_4_TEMP=37
HEAT_4_DUTY=0
HEAT_4_SP=-20.0
MOTOR_ANGLE=0.004186046511627906
MOTOR_ACCUM=1.0506976744186047
MOTOR_ROT=2

[12:07:27.314 EBOX]
TS=1786204736.844
V_SENSE5=1.25
V_SENSE9=0.0390625
V_SENSE12=0.107421875
ADC_V5=4.920654296875
ADC_V9=9.2041015625
ADC_V12=11.505126953125
ADC_V28=27.63885498046875
THERMAL_SENS_OUT_1=33
THERMAL_SENS_OUT_2=-50
THERMAL_SENS_OUT_3=34
THERMAL_SENS_OUT_4=28
THERMAL_SENS_OUT_5=31
THERMAL_SENS_OUT_6=-50
THERMAL_SENS_INT_1=28
THERMAL_SENS_INT_2=25
PG_5=0
PG_9=0
PG_12=0
FLT_P2=0
FLT_P3=0
HEAT_1_TEMP=33
HEAT_1_DUTY=0
HEAT_1_SP=-20.0
HEAT_2_TEMP=34
HEAT_2_DUTY=0
HEAT_2_SP=-20.0
HEAT_3_TEMP=28
HEAT_3_DUTY=0
HEAT_3_SP=-20.0
HEAT_4_TEMP=31
HEAT_4_DUTY=0
HEAT_4_SP=-20.0
MOTOR_ANGLE=0.004186046511627906
MOTOR_ACCUM=1.0506976744186047
MOTOR_ROT=2

[12:07:29.047 EBOX]
TS=1786204738.849
V_SENSE5=1.2890625
V_SENSE9=0.0341796875
V_SENSE12=0.11474609375
ADC_V5=4.85870361328125
ADC_V9=9.027099609375
ADC_V12=11.69097900390625
ADC_V28=27.25830078125
THERMAL_SENS_OUT_1=26
THERMAL_SENS_OUT_2=-50
THERMAL_SENS_OUT_3=32
THERMAL_SENS_OUT_4=30
THERMAL_SENS_OUT_5=31
THERMAL_SENS_OUT_6=-50
THERMAL_SENS_INT_1=22
THERMAL_SENS_INT_2=26
PG_5=0
PG_9=0
PG_12=0
FLT_P2=0
FLT_P3=0
HEAT_1_TEMP=26
HEAT_1_DUTY=0
HEAT_1_SP=-20.0
HEAT_2_TEMP=32
HEAT_2_DUTY=0
HEAT_2_SP=-20.0
HEAT_3_TEMP=30
HEAT_3_DUTY=0
HEAT_3_SP=-20.0
HEAT_4_TEMP=31
HEAT_4_DUTY=0
HEAT_4_SP=-20.0
MOTOR_ANGLE=0.004186046511627906
MOTOR_ACCUM=1.0506976744186047
MOTOR_ROT=2

[12:07:31.084 EBOX]
TS=1786204740.851
V_SENSE5=1.3232421875
V_SENSE9=0.0390625
V_SENSE12=0.126953125
ADC_V5=4.98260498046875
ADC_V9=9.41650390625
ADC_V12=11.70867919921875
ADC_V28=26.87774658203125
THERMAL_SENS_OUT_1=26
THERMAL_SENS_OUT_2=-50
THERMAL_SENS_OUT_3=34
THERMAL_SENS_OUT_4=31
THERMAL_SENS_OUT_5=32
THERMAL_SENS_OUT_6=-50
THERMAL_SENS_INT_1=26
THERMAL_SENS_INT_2=25
PG_5=0
PG_9=0
PG_12=0
FLT_P2=0
FLT_P3=0
HEAT_1_TEMP=26
HEAT_1_DUTY=0
HEAT_1_SP=-20.0
HEAT_2_TEMP=34
HEAT_2_DUTY=0
HEAT_2_SP=-20.0
HEAT_3_TEMP=31
HEAT_3_DUTY=0
HEAT_3_SP=-20.0
HEAT_4_TEMP=32
HEAT_4_DUTY=0
HEAT_4_SP=-20.0
MOTOR_ANGLE=0.004186046511627906
MOTOR_ACCUM=1.0506976744186047
MOTOR_ROT=2

[12:07:33.022 EBOX]
TS=1786204742.855
V_SENSE5=1.31103515625
V_SENSE9=0.0341796875
V_SENSE12=0.107421875
ADC_V5=4.9737548828125
ADC_V9=8.96514892578125
ADC_V12=11.611328125
ADC_V28=27.62115478515625
THERMAL_SENS_OUT_1=30
THERMAL_SENS_OUT_2=-50
THERMAL_SENS_OUT_3=32
THERMAL_SENS_OUT_4=30
THERMAL_SENS_OUT_5=37
THERMAL_SENS_OUT_6=-50
THERMAL_SENS_INT_1=25
THERMAL_SENS_INT_2=30
PG_5=0
PG_9=0
PG_12=0
FLT_P2=0
FLT_P3=0
HEAT_1_TEMP=30
HEAT_1_DUTY=0
HEAT_1_SP=-20.0
HEAT_2_TEMP=32
HEAT_2_DUTY=0
HEAT_2_SP=-20.0
HEAT_3_TEMP=30
HEAT_3_DUTY=0
HEAT_3_SP=-20.0
HEAT_4_TEMP=37
HEAT_4_DUTY=0
HEAT_4_SP=-20.0
MOTOR_ANGLE=0.004186046511627906
MOTOR_ACCUM=1.0506976744186047
MOTOR_ROT=2

[12:07:35.666 EBOX]
TS=1786204744.867
V_SENSE5=1.328125
V_SENSE9=0.0341796875
V_SENSE12=0.1123046875
ADC_V5=4.85870361328125
ADC_V9=9.3280029296875
ADC_V12=11.5936279296875
ADC_V28=27.69195556640625
THERMAL_SENS_OUT_1=26
THERMAL_SENS_OUT_2=-50
THERMAL_SENS_OUT_3=34
THERMAL_SENS_OUT_4=30
THERMAL_SENS_OUT_5=38
THERMAL_SENS_OUT_6=-50
THERMAL_SENS_INT_1=25
THERMAL_SENS_INT_2=31
PG_5=0
PG_9=0
PG_12=0
FLT_P2=0
FLT_P3=0
HEAT_1_TEMP=26
HEAT_1_DUTY=0
HEAT_1_SP=-20.0
HEAT_2_TEMP=34
HEAT_2_DUTY=0
HEAT_2_SP=-20.0
HEAT_3_TEMP=30
HEAT_3_DUTY=0
HEAT_3_SP=-20.0
HEAT_4_TEMP=38
HEAT_4_DUTY=0
HEAT_4_SP=-20.0
MOTOR_ANGLE=0.004186046511627906
MOTOR_ACCUM=1.0506976744186047
MOTOR_ROT=2

[12:07:37.102 EBOX]
TS=1786204746.860
V_SENSE5=1.20361328125
V_SENSE9=0.0341796875
V_SENSE12=0.1123046875
ADC_V5=4.991455078125
ADC_V9=8.94744873046875
ADC_V12=11.788330078125
ADC_V28=27.68310546875
THERMAL_SENS_OUT_1=31
THERMAL_SENS_OUT_2=-50
THERMAL_SENS_OUT_3=35
THERMAL_SENS_OUT_4=26
THERMAL_SENS_OUT_5=37
THERMAL_SENS_OUT_6=-50
THERMAL_SENS_INT_1=29
THERMAL_SENS_INT_2=26
PG_5=0
PG_9=0
PG_12=0
FLT_P2=0
FLT_P3=0
HEAT_1_TEMP=31
HEAT_1_DUTY=0
HEAT_1_SP=-20.0
HEAT_2_TEMP=35
HEAT_2_DUTY=0
HEAT_2_SP=-20.0
HEAT_3_TEMP=26
HEAT_3_DUTY=0
HEAT_3_SP=-20.0
HEAT_4_TEMP=37
HEAT_4_DUTY=0
HEAT_4_SP=-20.0
MOTOR_ANGLE=0.004186046511627906
MOTOR_ACCUM=1.0506976744186047
MOTOR_ROT=2

[12:07:39.040 EBOX]
TS=1786204748.864
V_SENSE5=1.2451171875
V_SENSE9=0.03662109375
V_SENSE12=0.1171875
ADC_V5=4.92950439453125
ADC_V9=9.4696044921875
ADC_V12=11.859130859375
ADC_V28=27.96630859375
THERMAL_SENS_OUT_1=27
THERMAL_SENS_OUT_2=-50
THERMAL_SENS_OUT_3=36
THERMAL_SENS_OUT_4=25
THERMAL_SENS_OUT_5=32
THERMAL_SENS_OUT_6=-50
THERMAL_SENS_INT_1=28
THERMAL_SENS_INT_2=24
PG_5=0
PG_9=0
PG_12=0
FLT_P2=0
FLT_P3=0
HEAT_1_TEMP=27
HEAT_1_DUTY=0
HEAT_1_SP=-20.0
HEAT_2_TEMP=36
HEAT_2_DUTY=0
HEAT_2_SP=-20.0
HEAT_3_TEMP=25
HEAT_3_DUTY=0
HEAT_3_SP=-20.0
HEAT_4_TEMP=32
HEAT_4_DUTY=0
HEAT_4_SP=-20.0
MOTOR_ANGLE=0.004186046511627906
MOTOR_ACCUM=1.0506976744186047
MOTOR_ROT=2

[12:07:41.079 EBOX]
TS=1786204750.867
V_SENSE5=1.39404296875
V_SENSE9=0.07568359375
V_SENSE12=0.11474609375
ADC_V5=5.00030517578125
ADC_V9=9.08905029296875
ADC_V12=11.93878173828125
ADC_V28=27.5238037109375
THERMAL_SENS_OUT_1=32
THERMAL_SENS_OUT_2=-50
THERMAL_SENS_OUT_3=35
THERMAL_SENS_OUT_4=26
THERMAL_SENS_OUT_5=37
THERMAL_SENS_OUT_6=-50
THERMAL_SENS_INT_1=27
THERMAL_SENS_INT_2=25
PG_5=0
PG_9=0
PG_12=0
FLT_P2=0
FLT_P3=0
HEAT_1_TEMP=32
HEAT_1_DUTY=0
HEAT_1_SP=-20.0
HEAT_2_TEMP=35
HEAT_2_DUTY=0
HEAT_2_SP=-20.0
HEAT_3_TEMP=26
HEAT_3_DUTY=0
HEAT_3_SP=-20.0
HEAT_4_TEMP=37
HEAT_4_DUTY=0
HEAT_4_SP=-20.0
MOTOR_ANGLE=0.004186046511627906
MOTOR_ACCUM=1.0506976744186047
MOTOR_ROT=2

[12:07:43.119 EBOX]
TS=1786204752.870
V_SENSE5=1.1865234375
V_SENSE9=0.04150390625
V_SENSE12=0.10986328125
ADC_V5=5.0091552734375
ADC_V9=9.01824951171875
ADC_V12=11.60247802734375
ADC_V28=27.49725341796875
THERMAL_SENS_OUT_1=26
THERMAL_SENS_OUT_2=-50
THERMAL_SENS_OUT_3=32
THERMAL_SENS_OUT_4=29
THERMAL_SENS_OUT_5=32
THERMAL_SENS_OUT_6=-50
THERMAL_SENS_INT_1=24
THERMAL_SENS_INT_2=31
PG_5=0
PG_9=0
PG_12=0
FLT_P2=0
FLT_P3=0
HEAT_1_TEMP=26
HEAT_1_DUTY=0
HEAT_1_SP=-20.0
HEAT_2_TEMP=32
HEAT_2_DUTY=0
HEAT_2_SP=-20.0
HEAT_3_TEMP=29
HEAT_3_DUTY=0
HEAT_3_SP=-20.0
HEAT_4_TEMP=32
HEAT_4_DUTY=0
HEAT_4_SP=-20.0
MOTOR_ANGLE=0.004186046511627906
MOTOR_ACCUM=1.0506976744186047
MOTOR_ROT=2

[12:07:45.056 EBOX]
TS=1786204754.874
V_SENSE5=1.318359375
V_SENSE9=0.03662109375
V_SENSE12=0.107421875
ADC_V5=4.9560546875
ADC_V9=9.381103515625
ADC_V12=11.6644287109375
ADC_V28=27.92205810546875
THERMAL_SENS_OUT_1=30
THERMAL_SENS_OUT_2=-50
THERMAL_SENS_OUT_3=31
THERMAL_SENS_OUT_4=26
THERMAL_SENS_OUT_5=36
THERMAL_SENS_OUT_6=-50
THERMAL_SENS_INT_1=27
THERMAL_SENS_INT_2=27
PG_5=0
PG_9=0
PG_12=0
FLT_P2=0
FLT_P3=0
HEAT_1_TEMP=30
HEAT_1_DUTY=0
HEAT_1_SP=-20.0
HEAT_2_TEMP=31
HEAT_2_DUTY=0
HEAT_2_SP=-20.0
HEAT_3_TEMP=26
HEAT_3_DUTY=0
HEAT_3_SP=-20.0
HEAT_4_TEMP=36
HEAT_4_DUTY=0
HEAT_4_SP=-20.0
MOTOR_ANGLE=0.004186046511627906
MOTOR_ACCUM=1.0506976744186047
MOTOR_ROT=2

[12:07:47.096 EBOX]
TS=1786204756.878
V_SENSE5=1.34521484375
V_SENSE9=0.0390625
V_SENSE12=0.1123046875
ADC_V5=4.920654296875
ADC_V9=8.73504638671875
ADC_V12=11.81488037109375
ADC_V28=27.16094970703125
THERMAL_SENS_OUT_1=26
THERMAL_SENS_OUT_2=-50
THERMAL_SENS_OUT_3=36
THERMAL_SENS_OUT_4=27
THERMAL_SENS_OUT_5=36
THERMAL_SENS_OUT_6=-50
THERMAL_SENS_INT_1=24
THERMAL_SENS_INT_2=29
PG_5=0
PG_9=0
PG_12=0
FLT_P2=0
FLT_P3=0
HEAT_1_TEMP=26
HEAT_1_DUTY=0
HEAT_1_SP=-20.0
HEAT_2_TEMP=36
HEAT_2_DUTY=0
HEAT_2_SP=-20.0
HEAT_3_TEMP=27
HEAT_3_DUTY=0
HEAT_3_SP=-20.0
HEAT_4_TEMP=36
HEAT_4_DUTY=0
HEAT_4_SP=-20.0
MOTOR_ANGLE=0.004186046511627906
MOTOR_ACCUM=1.0506976744186047
MOTOR_ROT=2

[12:07:49.033 EBOX]
TS=1786204758.888
V_SENSE5=1.1181640625
V_SENSE9=0.04150390625
V_SENSE12=0.10986328125
ADC_V5=5.0091552734375
ADC_V9=9.2218017578125
ADC_V12=11.72637939453125
ADC_V28=27.8955078125
THERMAL_SENS_OUT_1=29
THERMAL_SENS_OUT_2=-50
THERMAL_SENS_OUT_3=36
THERMAL_SENS_OUT_4=30
THERMAL_SENS_OUT_5=34
THERMAL_SENS_OUT_6=-50
THERMAL_SENS_INT_1=25
THERMAL_SENS_INT_2=31
PG_5=0
PG_9=0
PG_12=0
FLT_P2=0
FLT_P3=0
HEAT_1_TEMP=29
HEAT_1_DUTY=0
HEAT_1_SP=-20.0
HEAT_2_TEMP=36
HEAT_2_DUTY=0
HEAT_2_SP=-20.0
HEAT_3_TEMP=30
HEAT_3_DUTY=0
HEAT_3_SP=-20.0
HEAT_4_TEMP=34
HEAT_4_DUTY=0
HEAT_4_SP=-20.0
MOTOR_ANGLE=0.004186046511627906
MOTOR_ACCUM=1.0506976744186047
MOTOR_ROT=2

[12:07:51.072 EBOX]
TS=1786204760.884
V_SENSE5=1.2451171875
V_SENSE9=0.0341796875
V_SENSE12=0.1123046875
ADC_V5=4.814453125
ADC_V9=8.98284912109375
ADC_V12=11.646728515625
ADC_V28=27.0989990234375
THERMAL_SENS_OUT_1=26
THERMAL_SENS_OUT_2=-50
THERMAL_SENS_OUT_3=35
THERMAL_SENS_OUT_4=27
THERMAL_SENS_OUT_5=37
THERMAL_SENS_OUT_6=-50
THERMAL_SENS_INT_1=27
THERMAL_SENS_INT_2=25
PG_5=0
PG_9=0
PG_12=0
FLT_P2=0
FLT_P3=0
HEAT_1_TEMP=26
HEAT_1_DUTY=0
HEAT_1_SP=-20.0
HEAT_2_TEMP=35
HEAT_2_DUTY=0
HEAT_2_SP=-20.0
HEAT_3_TEMP=27
HEAT_3_DUTY=0
HEAT_3_SP=-20.0
HEAT_4_TEMP=37
HEAT_4_DUTY=0
HEAT_4_SP=-20.0
MOTOR_ANGLE=0.004186046511627906
MOTOR_ACCUM=1.0506976744186047
MOTOR_ROT=2

[12:07:53.110 EBOX]
TS=1786204762.892
V_SENSE5=1.63818359375
V_SENSE9=0.0341796875
V_SENSE12=0.13916015625
ADC_V5=4.8321533203125
ADC_V9=9.37225341796875
ADC_V12=11.646728515625
ADC_V28=27.25830078125
THERMAL_SENS_OUT_1=31
THERMAL_SENS_OUT_2=-50
THERMAL_SENS_OUT_3=36
THERMAL_SENS_OUT_4=32
THERMAL_SENS_OUT_5=32
THERMAL_SENS_OUT_6=-50
THERMAL_SENS_INT_1=26
THERMAL_SENS_INT_2=30
PG_5=0
PG_9=0
PG_12=0
FLT_P2=0
FLT_P3=0
HEAT_1_TEMP=31
HEAT_1_DUTY=0
HEAT_1_SP=-20.0
HEAT_2_TEMP=36
HEAT_2_DUTY=0
HEAT_2_SP=-20.0
HEAT_3_TEMP=32
HEAT_3_DUTY=0
HEAT_3_SP=-20.0
HEAT_4_TEMP=32
HEAT_4_DUTY=0
HEAT_4_SP=-20.0
MOTOR_ANGLE=0.004186046511627906
MOTOR_ACCUM=1.0506976744186047
MOTOR_ROT=2

[12:07:55.046 EBOX]
TS=1786204764.893
V_SENSE5=1.28173828125
V_SENSE9=0.0341796875
V_SENSE12=0.15380859375
ADC_V5=4.9560546875
ADC_V9=8.8677978515625
ADC_V12=11.83258056640625
ADC_V28=27.0635986328125
THERMAL_SENS_OUT_1=26
THERMAL_SENS_OUT_2=-50
THERMAL_SENS_OUT_3=31
THERMAL_SENS_OUT_4=31
THERMAL_SENS_OUT_5=34
THERMAL_SENS_OUT_6=-50
THERMAL_SENS_INT_1=25
THERMAL_SENS_INT_2=28
PG_5=0
PG_9=0
PG_12=0
FLT_P2=0
FLT_P3=0
HEAT_1_TEMP=26
HEAT_1_DUTY=0
HEAT_1_SP=-20.0
HEAT_2_TEMP=31
HEAT_2_DUTY=0
HEAT_2_SP=-20.0
HEAT_3_TEMP=31
HEAT_3_DUTY=0
HEAT_3_SP=-20.0
HEAT_4_TEMP=34
HEAT_4_DUTY=0
HEAT_4_SP=-20.0
MOTOR_ANGLE=0.004186046511627906
MOTOR_ACCUM=1.0506976744186047
MOTOR_ROT=2

[12:07:57.086 EBOX]
TS=1786204766.893
V_SENSE5=1.26953125
V_SENSE9=0.0390625
V_SENSE12=0.1123046875
ADC_V5=4.98260498046875
ADC_V9=9.30145263671875
ADC_V12=11.79718017578125
ADC_V28=27.49725341796875
THERMAL_SENS_OUT_1=28
THERMAL_SENS_OUT_2=-50
THERMAL_SENS_OUT_3=31
THERMAL_SENS_OUT_4=30
THERMAL_SENS_OUT_5=33
THERMAL_SENS_OUT_6=-50
THERMAL_SENS_INT_1=23
THERMAL_SENS_INT_2=28
PG_5=0
PG_9=0
PG_12=0
FLT_P2=0
FLT_P3=0
HEAT_1_TEMP=28
HEAT_1_DUTY=0
HEAT_1_SP=-20.0
HEAT_2_TEMP=31
HEAT_2_DUTY=0
HEAT_2_SP=-20.0
HEAT_3_TEMP=30
HEAT_3_DUTY=0
HEAT_3_SP=-20.0
HEAT_4_TEMP=33
HEAT_4_DUTY=0
HEAT_4_SP=-20.0
MOTOR_ANGLE=0.004186046511627906
MOTOR_ACCUM=1.0506976744186047
MOTOR_ROT=2

[12:07:59.126 EBOX]
TS=1786204768.898
V_SENSE5=1.17919921875
V_SENSE9=0.0341796875
V_SENSE12=0.1025390625
ADC_V5=4.91180419921875
ADC_V9=9.17755126953125
ADC_V12=11.79718017578125
ADC_V28=27.76275634765625
THERMAL_SENS_OUT_1=28
THERMAL_SENS_OUT_2=-50
THERMAL_SENS_OUT_3=30
THERMAL_SENS_OUT_4=26
THERMAL_SENS_OUT_5=34
THERMAL_SENS_OUT_6=-50
THERMAL_SENS_INT_1=27
THERMAL_SENS_INT_2=29
PG_5=0
PG_9=0
PG_12=0
FLT_P2=0
FLT_P3=0
HEAT_1_TEMP=28
HEAT_1_DUTY=0
HEAT_1_SP=-20.0
HEAT_2_TEMP=30
HEAT_2_DUTY=0
HEAT_2_SP=-20.0
HEAT_3_TEMP=26
HEAT_3_DUTY=0
HEAT_3_SP=-20.0
HEAT_4_TEMP=34
HEAT_4_DUTY=0
HEAT_4_SP=-20.0
MOTOR_ANGLE=0.004186046511627906
MOTOR_ACCUM=1.0506976744186047
MOTOR_ROT=2

[12:08:01.061 EBOX]
TS=1786204770.900
V_SENSE5=1.23291015625
V_SENSE9=0.0341796875
V_SENSE12=0.19287109375
ADC_V5=4.9383544921875
ADC_V9=8.71734619140625
ADC_V12=11.7529296875
ADC_V28=27.16094970703125
THERMAL_SENS_OUT_1=26
THERMAL_SENS_OUT_2=-50
THERMAL_SENS_OUT_3=30
THERMAL_SENS_OUT_4=29
THERMAL_SENS_OUT_5=32
THERMAL_SENS_OUT_6=-50
THERMAL_SENS_INT_1=28
THERMAL_SENS_INT_2=26
PG_5=0
PG_9=0
PG_12=0
FLT_P2=0
FLT_P3=0
HEAT_1_TEMP=26
HEAT_1_DUTY=0
HEAT_1_SP=-20.0
HEAT_2_TEMP=30
HEAT_2_DUTY=0
HEAT_2_SP=-20.0
HEAT_3_TEMP=29
HEAT_3_DUTY=0
HEAT_3_SP=-20.0
HEAT_4_TEMP=32
HEAT_4_DUTY=0
HEAT_4_SP=-20.0
MOTOR_ANGLE=0.004186046511627906
MOTOR_ACCUM=1.0506976744186047
MOTOR_ROT=2

[12:08:03.101 EBOX]
TS=1786204772.912
V_SENSE5=1.3134765625
V_SENSE9=0.03173828125
V_SENSE12=0.1171875
ADC_V5=5.01800537109375
ADC_V9=9.27490234375
ADC_V12=11.434326171875
ADC_V28=27.83355712890625
THERMAL_SENS_OUT_1=30
THERMAL_SENS_OUT_2=-50
THERMAL_SENS_OUT_3=30
THERMAL_SENS_OUT_4=26
THERMAL_SENS_OUT_5=38
THERMAL_SENS_OUT_6=-50
THERMAL_SENS_INT_1=29
THERMAL_SENS_INT_2=27
PG_5=0
PG_9=0
PG_12=0
FLT_P2=0
FLT_P3=0
HEAT_1_TEMP=30
HEAT_1_DUTY=0
HEAT_1_SP=-20.0
HEAT_2_TEMP=30
HEAT_2_DUTY=0
HEAT_2_SP=-20.0
HEAT_3_TEMP=26
HEAT_3_DUTY=0
HEAT_3_SP=-20.0
HEAT_4_TEMP=38
HEAT_4_DUTY=0
HEAT_4_SP=-20.0
MOTOR_ANGLE=0.004186046511627906
MOTOR_ACCUM=1.0506976744186047
MOTOR_ROT=2

[12:08:05.140 EBOX]
TS=1786204774.908
V_SENSE5=1.2890625
V_SENSE9=0.0390625
V_SENSE12=0.11474609375
ADC_V5=4.94720458984375
ADC_V9=9.0447998046875
ADC_V12=11.77947998046875
ADC_V28=27.293701171875
THERMAL_SENS_OUT_1=27
THERMAL_SENS_OUT_2=-50
THERMAL_SENS_OUT_3=32
THERMAL_SENS_OUT_4=30
THERMAL_SENS_OUT_5=32
THERMAL_SENS_OUT_6=-50
THERMAL_SENS_INT_1=23
THERMAL_SENS_INT_2=30
PG_5=0
PG_9=0
PG_12=0
FLT_P2=0
FLT_P3=0
HEAT_1_TEMP=27
HEAT_1_DUTY=0
HEAT_1_SP=-20.0
HEAT_2_TEMP=32
HEAT_2_DUTY=0
HEAT_2_SP=-20.0
HEAT_3_TEMP=30
HEAT_3_DUTY=0
HEAT_3_SP=-20.0
HEAT_4_TEMP=32
HEAT_4_DUTY=0
HEAT_4_SP=-20.0
MOTOR_ANGLE=0.004186046511627906
MOTOR_ACCUM=1.0506976744186047
MOTOR_ROT=2

[12:08:07.380 EBOX]
TS=1786204776.912
V_SENSE5=1.31103515625
V_SENSE9=0.04638671875
V_SENSE12=0.13427734375
ADC_V5=4.96490478515625
ADC_V9=9.15985107421875
ADC_V12=11.69097900390625
ADC_V28=27.76275634765625
THERMAL_SENS_OUT_1=29
THERMAL_SENS_OUT_2=-50
THERMAL_SENS_OUT_3=36
THERMAL_SENS_OUT_4=27
THERMAL_SENS_OUT_5=35
THERMAL_SENS_OUT_6=-50
THERMAL_SENS_INT_1=25
THERMAL_SENS_INT_2=28
PG_5=0
PG_9=0
PG_12=0
FLT_P2=0
FLT_P3=0
HEAT_1_TEMP=29
HEAT_1_DUTY=0
HEAT_1_SP=-20.0
HEAT_2_TEMP=36
HEAT_2_DUTY=0
HEAT_2_SP=-20.0
HEAT_3_TEMP=27
HEAT_3_DUTY=0
HEAT_3_SP=-20.0
HEAT_4_TEMP=35
HEAT_4_DUTY=0
HEAT_4_SP=-20.0
MOTOR_ANGLE=0.004186046511627906
MOTOR_ACCUM=1.0506976744186047
MOTOR_ROT=2

[12:08:09.419 EBOX]
TS=1786204778.913
V_SENSE5=1.279296875
V_SENSE9=0.0341796875
V_SENSE12=0.10498046875
ADC_V5=4.96490478515625
ADC_V9=8.94744873046875
ADC_V12=11.4874267578125
ADC_V28=27.37335205078125
THERMAL_SENS_OUT_1=26
THERMAL_SENS_OUT_2=-50
THERMAL_SENS_OUT_3=35
THERMAL_SENS_OUT_4=26
THERMAL_SENS_OUT_5=36
THERMAL_SENS_OUT_6=-50
THERMAL_SENS_INT_1=27
THERMAL_SENS_INT_2=26
PG_5=0
PG_9=0
PG_12=0
FLT_P2=0
FLT_P3=0
HEAT_1_TEMP=26
HEAT_1_DUTY=0
HEAT_1_SP=-20.0
HEAT_2_TEMP=35
HEAT_2_DUTY=0
HEAT_2_SP=-20.0
HEAT_3_TEMP=26
HEAT_3_DUTY=0
HEAT_3_SP=-20.0
HEAT_4_TEMP=36
HEAT_4_DUTY=0
HEAT_4_SP=-20.0
MOTOR_ANGLE=0.004186046511627906
MOTOR_ACCUM=1.0506976744186047
MOTOR_ROT=2

[12:08:11.154 EBOX]
TS=1786204780.917
V_SENSE5=1.2158203125
V_SENSE9=0.0341796875
V_SENSE12=0.107421875
ADC_V5=4.94720458984375
ADC_V9=9.2572021484375
ADC_V12=11.82373046875
ADC_V28=26.87774658203125
THERMAL_SENS_OUT_1=29
THERMAL_SENS_OUT_2=-50
THERMAL_SENS_OUT_3=31
THERMAL_SENS_OUT_4=31
THERMAL_SENS_OUT_5=34
THERMAL_SENS_OUT_6=-50
THERMAL_SENS_INT_1=28
THERMAL_SENS_INT_2=25
PG_5=0
PG_9=0
PG_12=0
FLT_P2=0
FLT_P3=0
HEAT_1_TEMP=29
HEAT_1_DUTY=0
HEAT_1_SP=-20.0
HEAT_2_TEMP=31
HEAT_2_DUTY=0
HEAT_2_SP=-20.0
HEAT_3_TEMP=31
HEAT_3_DUTY=0
HEAT_3_SP=-20.0
HEAT_4_TEMP=34
HEAT_4_DUTY=0
HEAT_4_SP=-20.0
MOTOR_ANGLE=0.004186046511627906
MOTOR_ACCUM=1.0506976744186047
MOTOR_ROT=2

[12:08:13.397 EBOX]
TS=1786204782.920
V_SENSE5=1.34521484375
V_SENSE9=0.0341796875
V_SENSE12=0.1123046875
ADC_V5=4.85870361328125
ADC_V9=9.1864013671875
ADC_V12=11.53167724609375
ADC_V28=27.6123046875
THERMAL_SENS_OUT_1=30
THERMAL_SENS_OUT_2=-50
THERMAL_SENS_OUT_3=34
THERMAL_SENS_OUT_4=26
THERMAL_SENS_OUT_5=36
THERMAL_SENS_OUT_6=-50
THERMAL_SENS_INT_1=29
THERMAL_SENS_INT_2=27
PG_5=0
PG_9=0
PG_12=0
FLT_P2=0
FLT_P3=0
HEAT_1_TEMP=30
HEAT_1_DUTY=0
HEAT_1_SP=-20.0
HEAT_2_TEMP=34
HEAT_2_DUTY=0
HEAT_2_SP=-20.0
HEAT_3_TEMP=26
HEAT_3_DUTY=0
HEAT_3_SP=-20.0
HEAT_4_TEMP=36
HEAT_4_DUTY=0
HEAT_4_SP=-20.0
MOTOR_ANGLE=0.004186046511627906
MOTOR_ACCUM=1.0506976744186047
MOTOR_ROT=2

[12:08:15.435 EBOX]
TS=1786204784.945
V_SENSE5=1.2451171875
V_SENSE9=0.0390625
V_SENSE12=0.1171875
ADC_V5=4.9029541015625
ADC_V9=9.4873046875
ADC_V12=11.93878173828125
ADC_V28=26.84234619140625
THERMAL_SENS_OUT_1=30
THERMAL_SENS_OUT_2=-50
THERMAL_SENS_OUT_3=34
THERMAL_SENS_OUT_4=31
THERMAL_SENS_OUT_5=37
THERMAL_SENS_OUT_6=-50
THERMAL_SENS_INT_1=27
THERMAL_SENS_INT_2=32
PG_5=0
PG_9=0
PG_12=0
FLT_P2=0
FLT_P3=0
HEAT_1_TEMP=30
HEAT_1_DUTY=0
HEAT_1_SP=-20.0
HEAT_2_TEMP=34
HEAT_2_DUTY=0
HEAT_2_SP=-20.0
HEAT_3_TEMP=31
HEAT_3_DUTY=0
HEAT_3_SP=-20.0
HEAT_4_TEMP=37
HEAT_4_DUTY=0
HEAT_4_SP=-20.0
MOTOR_ANGLE=0.004186046511627906
MOTOR_ACCUM=1.0506976744186047
MOTOR_ROT=2

[12:08:17.372 EBOX]
TS=1786204786.927
V_SENSE5=1.2109375
V_SENSE9=0.0341796875
V_SENSE12=0.1123046875
ADC_V5=4.87640380859375
ADC_V9=9.07135009765625
ADC_V12=11.70867919921875
ADC_V28=27.81585693359375
THERMAL_SENS_OUT_1=27
THERMAL_SENS_OUT_2=-50
THERMAL_SENS_OUT_3=33
THERMAL_SENS_OUT_4=25
THERMAL_SENS_OUT_5=36
THERMAL_SENS_OUT_6=-50
THERMAL_SENS_INT_1=28
THERMAL_SENS_INT_2=26
PG_5=0
PG_9=0
PG_12=0
FLT_P2=0
FLT_P3=0
HEAT_1_TEMP=27
HEAT_1_DUTY=0
HEAT_1_SP=-20.0
HEAT_2_TEMP=33
HEAT_2_DUTY=0
HEAT_2_SP=-20.0
HEAT_3_TEMP=25
HEAT_3_DUTY=0
HEAT_3_SP=-20.0
HEAT_4_TEMP=36
HEAT_4_DUTY=0
HEAT_4_SP=-20.0
MOTOR_ANGLE=0.004186046511627906
MOTOR_ACCUM=1.0506976744186047
MOTOR_ROT=2

[12:08:19.117 EBOX]
TS=1786204788.932
V_SENSE5=1.25732421875
V_SENSE9=0.0390625
V_SENSE12=0.10498046875
ADC_V5=4.8321533203125
ADC_V9=9.38995361328125
ADC_V12=11.929931640625
ADC_V28=27.3468017578125
THERMAL_SENS_OUT_1=28
THERMAL_SENS_OUT_2=-50
THERMAL_SENS_OUT_3=30
THERMAL_SENS_OUT_4=28
THERMAL_SENS_OUT_5=34
THERMAL_SENS_OUT_6=-50
THERMAL_SENS_INT_1=24
THERMAL_SENS_INT_2=30
PG_5=0
PG_9=0
PG_12=0
FLT_P2=0
FLT_P3=0
HEAT_1_TEMP=28
HEAT_1_DUTY=0
HEAT_1_SP=-20.0
HEAT_2_TEMP=30
HEAT_2_DUTY=0
HEAT_2_SP=-20.0
HEAT_3_TEMP=28
HEAT_3_DUTY=0
HEAT_3_SP=-20.0
HEAT_4_TEMP=34
HEAT_4_DUTY=0
HEAT_4_SP=-20.0
MOTOR_ANGLE=0.004186046511627906
MOTOR_ACCUM=1.0506976744186047
MOTOR_ROT=2

[12:08:21.156 EBOX]
TS=1786204790.934
V_SENSE5=1.337890625
V_SENSE9=0.03662109375
V_SENSE12=0.1171875
ADC_V5=4.920654296875
ADC_V9=9.19525146484375
ADC_V12=11.56707763671875
ADC_V28=27.152099609375
THERMAL_SENS_OUT_1=28
THERMAL_SENS_OUT_2=-50
THERMAL_SENS_OUT_3=34
THERMAL_SENS_OUT_4=32
THERMAL_SENS_OUT_5=32
THERMAL_SENS_OUT_6=-50
THERMAL_SENS_INT_1=28
THERMAL_SENS_INT_2=27
PG_5=0
PG_9=0
PG_12=0
FLT_P2=0
FLT_P3=0
HEAT_1_TEMP=28
HEAT_1_DUTY=0
HEAT_1_SP=-20.0
HEAT_2_TEMP=34
HEAT_2_DUTY=0
HEAT_2_SP=-20.0
HEAT_3_TEMP=32
HEAT_3_DUTY=0
HEAT_3_SP=-20.0
HEAT_4_TEMP=32
HEAT_4_DUTY=0
HEAT_4_SP=-20.0
MOTOR_ANGLE=0.004186046511627906
MOTOR_ACCUM=1.0506976744186047
MOTOR_ROT=2

[12:08:23.095 EBOX]
TS=1786204792.938
V_SENSE5=1.34033203125
V_SENSE9=0.0390625
V_SENSE12=0.10986328125
ADC_V5=4.98260498046875
ADC_V9=8.84124755859375
ADC_V12=11.83258056640625
ADC_V28=27.8424072265625
THERMAL_SENS_OUT_1=28
THERMAL_SENS_OUT_2=-50
THERMAL_SENS_OUT_3=34
THERMAL_SENS_OUT_4=31
THERMAL_SENS_OUT_5=34
THERMAL_SENS_OUT_6=-50
THERMAL_SENS_INT_1=27
THERMAL_SENS_INT_2=30
PG_5=0
PG_9=0
PG_12=0
FLT_P2=0
FLT_P3=0
HEAT_1_TEMP=28
HEAT_1_DUTY=0
HEAT_1_SP=-20.0
HEAT_2_TEMP=34
HEAT_2_DUTY=0
HEAT_2_SP=-20.0
HEAT_3_TEMP=31
HEAT_3_DUTY=0
HEAT_3_SP=-20.0
HEAT_4_TEMP=34
HEAT_4_DUTY=0
HEAT_4_SP=-20.0
MOTOR_ANGLE=0.004186046511627906
MOTOR_ACCUM=1.0506976744186047
MOTOR_ROT=2

[12:08:25.136 EBOX]
TS=1786204794.940
V_SENSE5=1.4013671875
V_SENSE9=0.0341796875
V_SENSE12=0.10986328125
ADC_V5=4.920654296875
ADC_V9=9.2572021484375
ADC_V12=11.54937744140625
ADC_V28=27.6654052734375
THERMAL_SENS_OUT_1=32
THERMAL_SENS_OUT_2=-50
THERMAL_SENS_OUT_3=35
THERMAL_SENS_OUT_4=26
THERMAL_SENS_OUT_5=37
THERMAL_SENS_OUT_6=-50
THERMAL_SENS_INT_1=24
THERMAL_SENS_INT_2=26
PG_5=0
PG_9=0
PG_12=0
FLT_P2=0
FLT_P3=0
HEAT_1_TEMP=32
HEAT_1_DUTY=0
HEAT_1_SP=-20.0
HEAT_2_TEMP=35
HEAT_2_DUTY=0
HEAT_2_SP=-20.0
HEAT_3_TEMP=26
HEAT_3_DUTY=0
HEAT_3_SP=-20.0
HEAT_4_TEMP=37
HEAT_4_DUTY=0
HEAT_4_SP=-20.0
MOTOR_ANGLE=0.004186046511627906
MOTOR_ACCUM=1.0506976744186047
MOTOR_ROT=2

[12:08:27.175 EBOX]
TS=1786204796.947
V_SENSE5=1.240234375
V_SENSE9=0.03662109375
V_SENSE12=0.1171875
ADC_V5=4.9560546875
ADC_V9=8.69964599609375
ADC_V12=11.82373046875
ADC_V28=27.11669921875
THERMAL_SENS_OUT_1=27
THERMAL_SENS_OUT_2=-50
THERMAL_SENS_OUT_3=32
THERMAL_SENS_OUT_4=26
THERMAL_SENS_OUT_5=36
THERMAL_SENS_OUT_6=-50
THERMAL_SENS_INT_1=27
THERMAL_SENS_INT_2=24
PG_5=0
PG_9=0
PG_12=0
FLT_P2=0
FLT_P3=0
HEAT_1_TEMP=27
HEAT_1_DUTY=0
HEAT_1_SP=-20.0
HEAT_2_TEMP=32
HEAT_2_DUTY=0
HEAT_2_SP=-20.0
HEAT_3_TEMP=26
HEAT_3_DUTY=0
HEAT_3_SP=-20.0
HEAT_4_TEMP=36
HEAT_4_DUTY=0
HEAT_4_SP=-20.0
MOTOR_ANGLE=0.004186046511627906
MOTOR_ACCUM=1.0506976744186047
MOTOR_ROT=2

[12:08:29.215 EBOX]
TS=1786204798.953
V_SENSE5=1.16455078125
V_SENSE9=0.0390625
V_SENSE12=0.107421875
ADC_V5=4.991455078125
ADC_V9=9.38995361328125
ADC_V12=11.54937744140625
ADC_V28=27.3822021484375
THERMAL_SENS_OUT_1=27
THERMAL_SENS_OUT_2=-50
THERMAL_SENS_OUT_3=31
THERMAL_SENS_OUT_4=26
THERMAL_SENS_OUT_5=32
THERMAL_SENS_OUT_6=-50
THERMAL_SENS_INT_1=24
THERMAL_SENS_INT_2=26
PG_5=0
PG_9=0
PG_12=0
FLT_P2=0
FLT_P3=0
HEAT_1_TEMP=27
HEAT_1_DUTY=0
HEAT_1_SP=-20.0
HEAT_2_TEMP=31
HEAT_2_DUTY=0
HEAT_2_SP=-20.0
HEAT_3_TEMP=26
HEAT_3_DUTY=0
HEAT_3_SP=-20.0
HEAT_4_TEMP=32
HEAT_4_DUTY=0
HEAT_4_SP=-20.0
MOTOR_ANGLE=0.004186046511627906
MOTOR_ACCUM=1.0506976744186047
MOTOR_ROT=2

[12:08:31.152 EBOX]
TS=1786204800.951
V_SENSE5=1.26220703125
V_SENSE9=0.03173828125
V_SENSE12=0.11962890625
ADC_V5=4.80560302734375
ADC_V9=8.96514892578125
ADC_V12=11.7352294921875
ADC_V28=27.40875244140625
THERMAL_SENS_OUT_1=27
THERMAL_SENS_OUT_2=-50
THERMAL_SENS_OUT_3=34
THERMAL_SENS_OUT_4=26
THERMAL_SENS_OUT_5=32
THERMAL_SENS_OUT_6=-50
THERMAL_SENS_INT_1=27
THERMAL_SENS_INT_2=25
PG_5=0
PG_9=0
PG_12=0
FLT_P2=0
FLT_P3=0
HEAT_1_TEMP=27
HEAT_1_DUTY=0
HEAT_1_SP=-20.0
HEAT_2_TEMP=34
HEAT_2_DUTY=0
HEAT_2_SP=-20.0
HEAT_3_TEMP=26
HEAT_3_DUTY=0
HEAT_3_SP=-20.0
HEAT_4_TEMP=32
HEAT_4_DUTY=0
HEAT_4_SP=-20.0
MOTOR_ANGLE=0.004186046511627906
MOTOR_ACCUM=1.0506976744186047
MOTOR_ROT=2

[12:08:33.189 EBOX]
TS=1786204802.954
V_SENSE5=1.31591796875
V_SENSE9=0.0341796875
V_SENSE12=0.11962890625
ADC_V5=4.991455078125
ADC_V9=9.2041015625
ADC_V12=11.8060302734375
ADC_V28=26.91314697265625
THERMAL_SENS_OUT_1=27
THERMAL_SENS_OUT_2=-50
THERMAL_SENS_OUT_3=32
THERMAL_SENS_OUT_4=31
THERMAL_SENS_OUT_5=32
THERMAL_SENS_OUT_6=-50
THERMAL_SENS_INT_1=23
THERMAL_SENS_INT_2=28
PG_5=0
PG_9=0
PG_12=0
FLT_P2=0
FLT_P3=0
HEAT_1_TEMP=27
HEAT_1_DUTY=0
HEAT_1_SP=-20.0
HEAT_2_TEMP=32
HEAT_2_DUTY=0
HEAT_2_SP=-20.0
HEAT_3_TEMP=31
HEAT_3_DUTY=0
HEAT_3_SP=-20.0
HEAT_4_TEMP=32
HEAT_4_DUTY=0
HEAT_4_SP=-20.0
MOTOR_ANGLE=0.004186046511627906
MOTOR_ACCUM=1.0506976744186047
MOTOR_ROT=2

[12:08:35.127 EBOX]
TS=1786204804.958
V_SENSE5=1.32568359375
V_SENSE9=0.0341796875
V_SENSE12=0.1318359375
ADC_V5=4.9737548828125
ADC_V9=8.99169921875
ADC_V12=11.9122314453125
ADC_V28=27.42645263671875
THERMAL_SENS_OUT_1=29
THERMAL_SENS_OUT_2=-50
THERMAL_SENS_OUT_3=34
THERMAL_SENS_OUT_4=25
THERMAL_SENS_OUT_5=33
THERMAL_SENS_OUT_6=-50
THERMAL_SENS_INT_1=26
THERMAL_SENS_INT_2=24
PG_5=0
PG_9=0
PG_12=0
FLT_P2=0
FLT_P3=0
HEAT_1_TEMP=29
HEAT_1_DUTY=0
HEAT_1_SP=-20.0
HEAT_2_TEMP=34
HEAT_2_DUTY=0
HEAT_2_SP=-20.0
HEAT_3_TEMP=25
HEAT_3_DUTY=0
HEAT_3_SP=-20.0
HEAT_4_TEMP=33
HEAT_4_DUTY=0
HEAT_4_SP=-20.0
MOTOR_ANGLE=0.004186046511627906
MOTOR_ACCUM=1.0506976744186047
MOTOR_ROT=2

[12:08:37.165 EBOX]
TS=1786204806.960
V_SENSE5=1.26708984375
V_SENSE9=0.0341796875
V_SENSE12=0.12451171875
ADC_V5=4.8321533203125
ADC_V9=9.27490234375
ADC_V12=11.8414306640625
ADC_V28=27.010498046875
THERMAL_SENS_OUT_1=28
THERMAL_SENS_OUT_2=-50
THERMAL_SENS_OUT_3=33
THERMAL_SENS_OUT_4=25
THERMAL_SENS_OUT_5=35
THERMAL_SENS_OUT_6=-50
THERMAL_SENS_INT_1=23
THERMAL_SENS_INT_2=28
PG_5=0
PG_9=0
PG_12=0
FLT_P2=0
FLT_P3=0
HEAT_1_TEMP=28
HEAT_1_DUTY=0
HEAT_1_SP=-20.0
HEAT_2_TEMP=33
HEAT_2_DUTY=0
HEAT_2_SP=-20.0
HEAT_3_TEMP=25
HEAT_3_DUTY=0
HEAT_3_SP=-20.0
HEAT_4_TEMP=35
HEAT_4_DUTY=0
HEAT_4_SP=-20.0
MOTOR_ANGLE=0.004186046511627906
MOTOR_ACCUM=1.0506976744186047
MOTOR_ROT=2

[12:08:39.505 EBOX]
TS=1786204808.964
V_SENSE5=1.32568359375
V_SENSE9=0.0341796875
V_SENSE12=0.10986328125
ADC_V5=4.8675537109375
ADC_V9=9.239501953125
ADC_V12=11.54052734375
ADC_V28=27.30255126953125
THERMAL_SENS_OUT_1=29
THERMAL_SENS_OUT_2=-50
THERMAL_SENS_OUT_3=33
THERMAL_SENS_OUT_4=25
THERMAL_SENS_OUT_5=36
THERMAL_SENS_OUT_6=-50
THERMAL_SENS_INT_1=25
THERMAL_SENS_INT_2=30
PG_5=0
PG_9=0
PG_12=0
FLT_P2=0
FLT_P3=0
HEAT_1_TEMP=29
HEAT_1_DUTY=0
HEAT_1_SP=-20.0
HEAT_2_TEMP=33
HEAT_2_DUTY=0
HEAT_2_SP=-20.0
HEAT_3_TEMP=25
HEAT_3_DUTY=0
HEAT_3_SP=-20.0
HEAT_4_TEMP=36
HEAT_4_DUTY=0
HEAT_4_SP=-20.0
MOTOR_ANGLE=0.004186046511627906
MOTOR_ACCUM=1.0506976744186047
MOTOR_ROT=2

[12:08:41.140 EBOX]
TS=1786204810.967
V_SENSE5=1.220703125
V_SENSE9=0.0390625
V_SENSE12=0.107421875
ADC_V5=5.01800537109375
ADC_V9=9.1510009765625
ADC_V12=11.8768310546875
ADC_V28=27.47955322265625
THERMAL_SENS_OUT_1=28
THERMAL_SENS_OUT_2=-50
THERMAL_SENS_OUT_3=32
THERMAL_SENS_OUT_4=31
THERMAL_SENS_OUT_5=32
THERMAL_SENS_OUT_6=-50
THERMAL_SENS_INT_1=24
THERMAL_SENS_INT_2=29
PG_5=0
PG_9=0
PG_12=0
FLT_P2=0
FLT_P3=0
HEAT_1_TEMP=28
HEAT_1_DUTY=0
HEAT_1_SP=-20.0
HEAT_2_TEMP=32
HEAT_2_DUTY=0
HEAT_2_SP=-20.0
HEAT_3_TEMP=31
HEAT_3_DUTY=0
HEAT_3_SP=-20.0
HEAT_4_TEMP=32
HEAT_4_DUTY=0
HEAT_4_SP=-20.0
MOTOR_ANGLE=0.004186046511627906
MOTOR_ACCUM=1.0506976744186047
MOTOR_ROT=2

[12:08:43.178 EBOX]
TS=1786204812.979
V_SENSE5=1.2548828125
V_SENSE9=0.03662109375
V_SENSE12=0.10986328125
ADC_V5=4.920654296875
ADC_V9=9.33685302734375
ADC_V12=11.60247802734375
ADC_V28=27.860107421875
THERMAL_SENS_OUT_1=33
THERMAL_SENS_OUT_2=-50
THERMAL_SENS_OUT_3=31
THERMAL_SENS_OUT_4=29
THERMAL_SENS_OUT_5=33
THERMAL_SENS_OUT_6=-50
THERMAL_SENS_INT_1=23
THERMAL_SENS_INT_2=28
PG_5=0
PG_9=0
PG_12=0
FLT_P2=0
FLT_P3=0
HEAT_1_TEMP=33
HEAT_1_DUTY=0
HEAT_1_SP=-20.0
HEAT_2_TEMP=31
HEAT_2_DUTY=0
HEAT_2_SP=-20.0
HEAT_3_TEMP=29
HEAT_3_DUTY=0
HEAT_3_SP=-20.0
HEAT_4_TEMP=33
HEAT_4_DUTY=0
HEAT_4_SP=-20.0
MOTOR_ANGLE=0.004186046511627906
MOTOR_ACCUM=1.0506976744186047
MOTOR_ROT=2

[12:08:45.216 EBOX]
TS=1786204814.973
V_SENSE5=1.22314453125
V_SENSE9=0.0390625
V_SENSE12=0.107421875
ADC_V5=4.991455078125
ADC_V9=8.96514892578125
ADC_V12=11.6290283203125
ADC_V28=26.98394775390625
THERMAL_SENS_OUT_1=29
THERMAL_SENS_OUT_2=-50
THERMAL_SENS_OUT_3=33
THERMAL_SENS_OUT_4=27
THERMAL_SENS_OUT_5=31
THERMAL_SENS_OUT_6=-50
THERMAL_SENS_INT_1=29
THERMAL_SENS_INT_2=26
PG_5=0
PG_9=0
PG_12=0
FLT_P2=0
FLT_P3=0
HEAT_1_TEMP=29
HEAT_1_DUTY=0
HEAT_1_SP=-20.0
HEAT_2_TEMP=33
HEAT_2_DUTY=0
HEAT_2_SP=-20.0
HEAT_3_TEMP=27
HEAT_3_DUTY=0
HEAT_3_SP=-20.0
HEAT_4_TEMP=31
HEAT_4_DUTY=0
HEAT_4_SP=-20.0
MOTOR_ANGLE=0.004186046511627906
MOTOR_ACCUM=1.0506976744186047
MOTOR_ROT=2

[12:08:47.155 EBOX]
TS=1786204816.981
V_SENSE5=1.259765625
V_SENSE9=0.03662109375
V_SENSE12=0.1171875
ADC_V5=4.92950439453125
ADC_V9=9.2572021484375
ADC_V12=11.89453125
ADC_V28=27.60345458984375
THERMAL_SENS_OUT_1=30
THERMAL_SENS_OUT_2=-50
THERMAL_SENS_OUT_3=31
THERMAL_SENS_OUT_4=29
THERMAL_SENS_OUT_5=38
THERMAL_SENS_OUT_6=-50
THERMAL_SENS_INT_1=23
THERMAL_SENS_INT_2=29
PG_5=0
PG_9=0
PG_12=0
FLT_P2=0
FLT_P3=0
HEAT_1_TEMP=30
HEAT_1_DUTY=0
HEAT_1_SP=-20.0
HEAT_2_TEMP=31
HEAT_2_DUTY=0
HEAT_2_SP=-20.0
HEAT_3_TEMP=29
HEAT_3_DUTY=0
HEAT_3_SP=-20.0
HEAT_4_TEMP=38
HEAT_4_DUTY=0
HEAT_4_SP=-20.0
MOTOR_ANGLE=0.004186046511627906
MOTOR_ACCUM=1.0506976744186047
MOTOR_ROT=2

[12:08:49.195 EBOX]
TS=1786204818.982
V_SENSE5=1.31591796875
V_SENSE9=0.03662109375
V_SENSE12=0.1123046875
ADC_V5=4.89410400390625
ADC_V9=8.99169921875
ADC_V12=11.69097900390625
ADC_V28=27.10784912109375
THERMAL_SENS_OUT_1=27
THERMAL_SENS_OUT_2=-50
THERMAL_SENS_OUT_3=30
THERMAL_SENS_OUT_4=28
THERMAL_SENS_OUT_5=33
THERMAL_SENS_OUT_6=-50
THERMAL_SENS_INT_1=24
THERMAL_SENS_INT_2=29
PG_5=0
PG_9=0
PG_12=0
FLT_P2=0
FLT_P3=0
HEAT_1_TEMP=27
HEAT_1_DUTY=0
HEAT_1_SP=-20.0
HEAT_2_TEMP=30
HEAT_2_DUTY=0
HEAT_2_SP=-20.0
HEAT_3_TEMP=28
HEAT_3_DUTY=0
HEAT_3_SP=-20.0
HEAT_4_TEMP=33
HEAT_4_DUTY=0
HEAT_4_SP=-20.0
MOTOR_ANGLE=0.004186046511627906
MOTOR_ACCUM=1.0506976744186047
MOTOR_ROT=2

[12:08:51.135 EBOX]
TS=1786204820.984
V_SENSE5=1.181640625
V_SENSE9=0.03662109375
V_SENSE12=0.10986328125
ADC_V5=5.0091552734375
ADC_V9=9.381103515625
ADC_V12=11.81488037109375
ADC_V28=26.939697265625
THERMAL_SENS_OUT_1=28
THERMAL_SENS_OUT_2=-50
THERMAL_SENS_OUT_3=31
THERMAL_SENS_OUT_4=30
THERMAL_SENS_OUT_5=32
THERMAL_SENS_OUT_6=-50
THERMAL_SENS_INT_1=23
THERMAL_SENS_INT_2=27
PG_5=0
PG_9=0
PG_12=0
FLT_P2=0
FLT_P3=0
HEAT_1_TEMP=28
HEAT_1_DUTY=0
HEAT_1_SP=-20.0
HEAT_2_TEMP=31
HEAT_2_DUTY=0
HEAT_2_SP=-20.0
HEAT_3_TEMP=30
HEAT_3_DUTY=0
HEAT_3_SP=-20.0
HEAT_4_TEMP=32
HEAT_4_DUTY=0
HEAT_4_SP=-20.0
MOTOR_ANGLE=0.004186046511627906
MOTOR_ACCUM=1.0506976744186047
MOTOR_ROT=2

[12:08:53.476 EBOX]
TS=1786204822.988
V_SENSE5=1.32568359375
V_SENSE9=0.0341796875
V_SENSE12=0.1123046875
ADC_V5=4.98260498046875
ADC_V9=9.24835205078125
ADC_V12=11.7529296875
ADC_V28=27.16094970703125
THERMAL_SENS_OUT_1=26
THERMAL_SENS_OUT_2=-50
THERMAL_SENS_OUT_3=32
THERMAL_SENS_OUT_4=25
THERMAL_SENS_OUT_5=35
THERMAL_SENS_OUT_6=-50
THERMAL_SENS_INT_1=27
THERMAL_SENS_INT_2=27
PG_5=0
PG_9=0
PG_12=0
FLT_P2=0
FLT_P3=0
HEAT_1_TEMP=26
HEAT_1_DUTY=0
HEAT_1_SP=-20.0
HEAT_2_TEMP=32
HEAT_2_DUTY=0
HEAT_2_SP=-20.0
HEAT_3_TEMP=25
HEAT_3_DUTY=0
HEAT_3_SP=-20.0
HEAT_4_TEMP=35
HEAT_4_DUTY=0
HEAT_4_SP=-20.0
MOTOR_ANGLE=0.004186046511627906
MOTOR_ACCUM=1.0506976744186047
MOTOR_ROT=2

[12:08:55.218 EBOX]
TS=1786204824.990
V_SENSE5=1.35986328125
V_SENSE9=0.0341796875
V_SENSE12=0.107421875
ADC_V5=4.8675537109375
ADC_V9=9.6112060546875
ADC_V12=11.646728515625
ADC_V28=27.9132080078125
THERMAL_SENS_OUT_1=29
THERMAL_SENS_OUT_2=-50
THERMAL_SENS_OUT_3=30
THERMAL_SENS_OUT_4=28
THERMAL_SENS_OUT_5=33
THERMAL_SENS_OUT_6=-50
THERMAL_SENS_INT_1=24
THERMAL_SENS_INT_2=30
PG_5=0
PG_9=0
PG_12=0
FLT_P2=0
FLT_P3=0
HEAT_1_TEMP=29
HEAT_1_DUTY=0
HEAT_1_SP=-20.0
HEAT_2_TEMP=30
HEAT_2_DUTY=0
HEAT_2_SP=-20.0
HEAT_3_TEMP=28
HEAT_3_DUTY=0
HEAT_3_SP=-20.0
HEAT_4_TEMP=33
HEAT_4_DUTY=0
HEAT_4_SP=-20.0
MOTOR_ANGLE=0.004186046511627906
MOTOR_ACCUM=1.0506976744186047
MOTOR_ROT=2

[12:08:57.154 EBOX]
TS=1786204826.994
V_SENSE5=1.26953125
V_SENSE9=0.0341796875
V_SENSE12=0.1123046875
ADC_V5=4.9383544921875
ADC_V9=9.27490234375
ADC_V12=11.54052734375
ADC_V28=27.65655517578125
THERMAL_SENS_OUT_1=33
THERMAL_SENS_OUT_2=-50
THERMAL_SENS_OUT_3=35
THERMAL_SENS_OUT_4=26
THERMAL_SENS_OUT_5=34
THERMAL_SENS_OUT_6=-50
THERMAL_SENS_INT_1=29
THERMAL_SENS_INT_2=27
PG_5=0
PG_9=0
PG_12=0
FLT_P2=0
FLT_P3=0
HEAT_1_TEMP=33
HEAT_1_DUTY=0
HEAT_1_SP=-20.0
HEAT_2_TEMP=35
HEAT_2_DUTY=0
HEAT_2_SP=-20.0
HEAT_3_TEMP=26
HEAT_3_DUTY=0
HEAT_3_SP=-20.0
HEAT_4_TEMP=34
HEAT_4_DUTY=0
HEAT_4_SP=-20.0
MOTOR_ANGLE=0.004186046511627906
MOTOR_ACCUM=1.0506976744186047
MOTOR_ROT=2

[12:08:59.496 EBOX]
TS=1786204828.998
V_SENSE5=1.36962890625
V_SENSE9=0.11474609375
V_SENSE12=0.14892578125
ADC_V5=4.849853515625
ADC_V9=8.7969970703125
ADC_V12=11.9122314453125
ADC_V28=27.82470703125
THERMAL_SENS_OUT_1=31
THERMAL_SENS_OUT_2=-50
THERMAL_SENS_OUT_3=32
THERMAL_SENS_OUT_4=31
THERMAL_SENS_OUT_5=34
THERMAL_SENS_OUT_6=-50
THERMAL_SENS_INT_1=29
THERMAL_SENS_INT_2=29
PG_5=0
PG_9=0
PG_12=0
FLT_P2=0
FLT_P3=0
HEAT_1_TEMP=31
HEAT_1_DUTY=0
HEAT_1_SP=-20.0
HEAT_2_TEMP=32
HEAT_2_DUTY=0
HEAT_2_SP=-20.0
HEAT_3_TEMP=31
HEAT_3_DUTY=0
HEAT_3_SP=-20.0
HEAT_4_TEMP=34
HEAT_4_DUTY=0
HEAT_4_SP=-20.0
MOTOR_ANGLE=0.004186046511627906
MOTOR_ACCUM=1.0506976744186047
MOTOR_ROT=2

[12:09:01.233 EBOX]
TS=1786204831.001
V_SENSE5=1.25
V_SENSE9=0.03662109375
V_SENSE12=0.1171875
ADC_V5=4.9383544921875
ADC_V9=9.2041015625
ADC_V12=11.7352294921875
ADC_V28=27.47955322265625
THERMAL_SENS_OUT_1=28
THERMAL_SENS_OUT_2=-50
THERMAL_SENS_OUT_3=31
THERMAL_SENS_OUT_4=32
THERMAL_SENS_OUT_5=35
THERMAL_SENS_OUT_6=-50
THERMAL_SENS_INT_1=24
THERMAL_SENS_INT_2=30
PG_5=0
PG_9=0
PG_12=0
FLT_P2=0
FLT_P3=0
HEAT_1_TEMP=28
HEAT_1_DUTY=0
HEAT_1_SP=-20.0
HEAT_2_TEMP=31
HEAT_2_DUTY=0
HEAT_2_SP=-20.0
HEAT_3_TEMP=32
HEAT_3_DUTY=0
HEAT_3_SP=-20.0
HEAT_4_TEMP=35
HEAT_4_DUTY=0
HEAT_4_SP=-20.0
MOTOR_ANGLE=0.004186046511627906
MOTOR_ACCUM=1.0506976744186047
MOTOR_ROT=2

[12:09:03.169 EBOX]
TS=1786204833.012
V_SENSE5=1.18408203125
V_SENSE9=0.03662109375
V_SENSE12=0.107421875
ADC_V5=4.9029541015625
ADC_V9=9.07135009765625
ADC_V12=11.6998291015625
ADC_V28=27.70965576171875
THERMAL_SENS_OUT_1=26
THERMAL_SENS_OUT_2=-50
THERMAL_SENS_OUT_3=31
THERMAL_SENS_OUT_4=25
THERMAL_SENS_OUT_5=33
THERMAL_SENS_OUT_6=-50
THERMAL_SENS_INT_1=26
THERMAL_SENS_INT_2=31
PG_5=0
PG_9=0
PG_12=0
FLT_P2=0
FLT_P3=0
HEAT_1_TEMP=26
HEAT_1_DUTY=0
HEAT_1_SP=-20.0
HEAT_2_TEMP=31
HEAT_2_DUTY=0
HEAT_2_SP=-20.0
HEAT_3_TEMP=25
HEAT_3_DUTY=0
HEAT_3_SP=-20.0
HEAT_4_TEMP=33
HEAT_4_DUTY=0
HEAT_4_SP=-20.0
MOTOR_ANGLE=0.004186046511627906
MOTOR_ACCUM=1.0506976744186047
MOTOR_ROT=2

[12:09:05.509 EBOX]
TS=1786204835.007
V_SENSE5=1.29638671875
V_SENSE9=0.0341796875
V_SENSE12=0.107421875
ADC_V5=4.94720458984375
ADC_V9=9.4873046875
ADC_V12=11.76177978515625
ADC_V28=27.576904296875
THERMAL_SENS_OUT_1=31
THERMAL_SENS_OUT_2=-50
THERMAL_SENS_OUT_3=33
THERMAL_SENS_OUT_4=28
THERMAL_SENS_OUT_5=37
THERMAL_SENS_OUT_6=-50
THERMAL_SENS_INT_1=29
THERMAL_SENS_INT_2=27
PG_5=0
PG_9=0
PG_12=0
FLT_P2=0
FLT_P3=0
HEAT_1_TEMP=31
HEAT_1_DUTY=0
HEAT_1_SP=-20.0
HEAT_2_TEMP=33
HEAT_2_DUTY=0
HEAT_2_SP=-20.0
HEAT_3_TEMP=28
HEAT_3_DUTY=0
HEAT_3_SP=-20.0
HEAT_4_TEMP=37
HEAT_4_DUTY=0
HEAT_4_SP=-20.0
MOTOR_ANGLE=0.004186046511627906
MOTOR_ACCUM=1.0506976744186047
MOTOR_ROT=2

[12:09:07.246 EBOX]
TS=1786204837.011
V_SENSE5=1.24267578125
V_SENSE9=0.0341796875
V_SENSE12=0.1171875
ADC_V5=4.91180419921875
ADC_V9=9.0625
ADC_V12=11.81488037109375
ADC_V28=27.76275634765625
THERMAL_SENS_OUT_1=29
THERMAL_SENS_OUT_2=-50
THERMAL_SENS_OUT_3=34
THERMAL_SENS_OUT_4=32
THERMAL_SENS_OUT_5=32
THERMAL_SENS_OUT_6=-50
THERMAL_SENS_INT_1=24
THERMAL_SENS_INT_2=28
PG_5=0
PG_9=0
PG_12=0
FLT_P2=0
FLT_P3=0
HEAT_1_TEMP=29
HEAT_1_DUTY=0
HEAT_1_SP=-20.0
HEAT_2_TEMP=34
HEAT_2_DUTY=0
HEAT_2_SP=-20.0
HEAT_3_TEMP=32
HEAT_3_DUTY=0
HEAT_3_SP=-20.0
HEAT_4_TEMP=32
HEAT_4_DUTY=0
HEAT_4_SP=-20.0
MOTOR_ANGLE=0.004186046511627906
MOTOR_ACCUM=1.0506976744186047
MOTOR_ROT=2

[12:09:09.185 EBOX]
TS=1786204839.016
V_SENSE5=1.3232421875
V_SENSE9=0.03662109375
V_SENSE12=0.15380859375
ADC_V5=4.92950439453125
ADC_V9=9.345703125
ADC_V12=11.85028076171875
ADC_V28=27.789306640625
THERMAL_SENS_OUT_1=30
THERMAL_SENS_OUT_2=-50
THERMAL_SENS_OUT_3=32
THERMAL_SENS_OUT_4=29
THERMAL_SENS_OUT_5=36
THERMAL_SENS_OUT_6=-50
THERMAL_SENS_INT_1=28
THERMAL_SENS_INT_2=30
PG_5=0
PG_9=0
PG_12=0
FLT_P2=0
FLT_P3=0
HEAT_1_TEMP=30
HEAT_1_DUTY=0
HEAT_1_SP=-20.0
HEAT_2_TEMP=32
HEAT_2_DUTY=0
HEAT_2_SP=-20.0
HEAT_3_TEMP=29
HEAT_3_DUTY=0
HEAT_3_SP=-20.0
HEAT_4_TEMP=36
HEAT_4_DUTY=0
HEAT_4_SP=-20.0
MOTOR_ANGLE=0.004186046511627906
MOTOR_ACCUM=1.0506976744186047
MOTOR_ROT=2

[12:09:11.225 EBOX]
TS=1786204841.018
V_SENSE5=1.28173828125
V_SENSE9=0.0341796875
V_SENSE12=0.1123046875
ADC_V5=4.991455078125
ADC_V9=9.0625
ADC_V12=11.8768310546875
ADC_V28=27.9132080078125
THERMAL_SENS_OUT_1=27
THERMAL_SENS_OUT_2=-50
THERMAL_SENS_OUT_3=35
THERMAL_SENS_OUT_4=25
THERMAL_SENS_OUT_5=36
THERMAL_SENS_OUT_6=-50
THERMAL_SENS_INT_1=24
THERMAL_SENS_INT_2=26
PG_5=0
PG_9=0
PG_12=0
FLT_P2=0
FLT_P3=0
HEAT_1_TEMP=27
HEAT_1_DUTY=0
HEAT_1_SP=-20.0
HEAT_2_TEMP=35
HEAT_2_DUTY=0
HEAT_2_SP=-20.0
HEAT_3_TEMP=25
HEAT_3_DUTY=0
HEAT_3_SP=-20.0
HEAT_4_TEMP=36
HEAT_4_DUTY=0
HEAT_4_SP=-20.0
MOTOR_ANGLE=0.004186046511627906
MOTOR_ACCUM=1.0506976744186047
MOTOR_ROT=2

[12:09:13.767 EBOX]
TS=1786204843.020
V_SENSE5=1.2109375
V_SENSE9=0.0390625
V_SENSE12=0.1123046875
ADC_V5=4.9737548828125
ADC_V9=8.673095703125
ADC_V12=11.68212890625
ADC_V28=27.506103515625
THERMAL_SENS_OUT_1=28
THERMAL_SENS_OUT_2=-50
THERMAL_SENS_OUT_3=30
THERMAL_SENS_OUT_4=30
THERMAL_SENS_OUT_5=31
THERMAL_SENS_OUT_6=-50
THERMAL_SENS_INT_1=26
THERMAL_SENS_INT_2=28
PG_5=0
PG_9=0
PG_12=0
FLT_P2=0
FLT_P3=0
HEAT_1_TEMP=28
HEAT_1_DUTY=0
HEAT_1_SP=-20.0
HEAT_2_TEMP=30
HEAT_2_DUTY=0
HEAT_2_SP=-20.0
HEAT_3_TEMP=30
HEAT_3_DUTY=0
HEAT_3_SP=-20.0
HEAT_4_TEMP=31
HEAT_4_DUTY=0
HEAT_4_SP=-20.0
MOTOR_ANGLE=0.004186046511627906
MOTOR_ACCUM=1.0506976744186047
MOTOR_ROT=2

[12:09:15.202 EBOX]
TS=1786204845.024
V_SENSE5=1.2255859375
V_SENSE9=0.0390625
V_SENSE12=0.1318359375
ADC_V5=4.991455078125
ADC_V9=9.3280029296875
ADC_V12=11.5228271484375
ADC_V28=27.68310546875
THERMAL_SENS_OUT_1=33
THERMAL_SENS_OUT_2=-50
THERMAL_SENS_OUT_3=32
THERMAL_SENS_OUT_4=32
THERMAL_SENS_OUT_5=34
THERMAL_SENS_OUT_6=-50
THERMAL_SENS_INT_1=25
THERMAL_SENS_INT_2=31
PG_5=0
PG_9=0
PG_12=0
FLT_P2=0
FLT_P3=0
HEAT_1_TEMP=33
HEAT_1_DUTY=0
HEAT_1_SP=-20.0
HEAT_2_TEMP=32
HEAT_2_DUTY=0
HEAT_2_SP=-20.0
HEAT_3_TEMP=32
HEAT_3_DUTY=0
HEAT_3_SP=-20.0
HEAT_4_TEMP=34
HEAT_4_DUTY=0
HEAT_4_SP=-20.0
MOTOR_ANGLE=0.004186046511627906
MOTOR_ACCUM=1.0506976744186047
MOTOR_ROT=2

[12:09:17.240 EBOX]
TS=1786204847.028
V_SENSE5=1.27685546875
V_SENSE9=0.0390625
V_SENSE12=0.10986328125
ADC_V5=4.8321533203125
ADC_V9=8.8677978515625
ADC_V12=11.68212890625
ADC_V28=27.470703125
THERMAL_SENS_OUT_1=27
THERMAL_SENS_OUT_2=-50
THERMAL_SENS_OUT_3=30
THERMAL_SENS_OUT_4=26
THERMAL_SENS_OUT_5=34
THERMAL_SENS_OUT_6=-50
THERMAL_SENS_INT_1=24
THERMAL_SENS_INT_2=24
PG_5=0
PG_9=0
PG_12=0
FLT_P2=0
FLT_P3=0
HEAT_1_TEMP=27
HEAT_1_DUTY=0
HEAT_1_SP=-20.0
HEAT_2_TEMP=30
HEAT_2_DUTY=0
HEAT_2_SP=-20.0
HEAT_3_TEMP=26
HEAT_3_DUTY=0
HEAT_3_SP=-20.0
HEAT_4_TEMP=34
HEAT_4_DUTY=0
HEAT_4_SP=-20.0
MOTOR_ANGLE=0.004186046511627906
MOTOR_ACCUM=1.0506976744186047
MOTOR_ROT=2

[12:09:19.279 EBOX]
TS=1786204849.039
V_SENSE5=1.15234375
V_SENSE9=0.0341796875
V_SENSE12=0.11474609375
ADC_V5=5.00030517578125
ADC_V9=9.168701171875
ADC_V12=11.5582275390625
ADC_V28=27.576904296875
THERMAL_SENS_OUT_1=32
THERMAL_SENS_OUT_2=-50
THERMAL_SENS_OUT_3=33
THERMAL_SENS_OUT_4=32
THERMAL_SENS_OUT_5=37
THERMAL_SENS_OUT_6=-50
THERMAL_SENS_INT_1=26
THERMAL_SENS_INT_2=24
PG_5=0
PG_9=0
PG_12=0
FLT_P2=0
FLT_P3=0
HEAT_1_TEMP=32
HEAT_1_DUTY=0
HEAT_1_SP=-20.0
HEAT_2_TEMP=33
HEAT_2_DUTY=0
HEAT_2_SP=-20.0
HEAT_3_TEMP=32
HEAT_3_DUTY=0
HEAT_3_SP=-20.0
HEAT_4_TEMP=37
HEAT_4_DUTY=0
HEAT_4_SP=-20.0
MOTOR_ANGLE=0.004186046511627906
MOTOR_ACCUM=1.0506976744186047
MOTOR_ROT=2

[12:09:21.220 EBOX]
TS=1786204851.036
V_SENSE5=1.2890625
V_SENSE9=0.0341796875
V_SENSE12=0.10986328125
ADC_V5=5.0091552734375
ADC_V9=9.0447998046875
ADC_V12=11.68212890625
ADC_V28=27.65655517578125
THERMAL_SENS_OUT_1=27
THERMAL_SENS_OUT_2=-50
THERMAL_SENS_OUT_3=29
THERMAL_SENS_OUT_4=29
THERMAL_SENS_OUT_5=32
THERMAL_SENS_OUT_6=-50
THERMAL_SENS_INT_1=23
THERMAL_SENS_INT_2=27
PG_5=0
PG_9=0
PG_12=0
FLT_P2=0
FLT_P3=0
HEAT_1_TEMP=27
HEAT_1_DUTY=0
HEAT_1_SP=-20.0
HEAT_2_TEMP=29
HEAT_2_DUTY=0
HEAT_2_SP=-20.0
HEAT_3_TEMP=29
HEAT_3_DUTY=0
HEAT_3_SP=-20.0
HEAT_4_TEMP=32
HEAT_4_DUTY=0
HEAT_4_SP=-20.0
MOTOR_ANGLE=0.004186046511627906
MOTOR_ACCUM=1.0506976744186047
MOTOR_ROT=2

[12:09:23.260 EBOX]
TS=1786204853.036
V_SENSE5=1.3525390625
V_SENSE9=0.03662109375
V_SENSE12=0.107421875
ADC_V5=4.96490478515625
ADC_V9=9.53155517578125
ADC_V12=11.8060302734375
ADC_V28=27.05474853515625
THERMAL_SENS_OUT_1=27
THERMAL_SENS_OUT_2=-50
THERMAL_SENS_OUT_3=30
THERMAL_SENS_OUT_4=30
THERMAL_SENS_OUT_5=32
THERMAL_SENS_OUT_6=-50
THERMAL_SENS_INT_1=23
THERMAL_SENS_INT_2=29
PG_5=0
PG_9=0
PG_12=0
FLT_P2=0
FLT_P3=0
HEAT_1_TEMP=27
HEAT_1_DUTY=0
HEAT_1_SP=-20.0
HEAT_2_TEMP=30
HEAT_2_DUTY=0
HEAT_2_SP=-20.0
HEAT_3_TEMP=30
HEAT_3_DUTY=0
HEAT_3_SP=-20.0
HEAT_4_TEMP=32
HEAT_4_DUTY=0
HEAT_4_SP=-20.0
MOTOR_ANGLE=0.004186046511627906
MOTOR_ACCUM=1.0506976744186047
MOTOR_ROT=2

[12:09:25.806 EBOX]
TS=1786204855.038
V_SENSE5=1.25
V_SENSE9=0.03662109375
V_SENSE12=0.1123046875
ADC_V5=4.88525390625
ADC_V9=9.239501953125
ADC_V12=11.5936279296875
ADC_V28=27.17864990234375
THERMAL_SENS_OUT_1=25
THERMAL_SENS_OUT_2=-50
THERMAL_SENS_OUT_3=36
THERMAL_SENS_OUT_4=28
THERMAL_SENS_OUT_5=37
THERMAL_SENS_OUT_6=-50
THERMAL_SENS_INT_1=28
THERMAL_SENS_INT_2=25
PG_5=0
PG_9=0
PG_12=0
FLT_P2=0
FLT_P3=0
HEAT_1_TEMP=25
HEAT_1_DUTY=0
HEAT_1_SP=-20.0
HEAT_2_TEMP=36
HEAT_2_DUTY=0
HEAT_2_SP=-20.0
HEAT_3_TEMP=28
HEAT_3_DUTY=0
HEAT_3_SP=-20.0
HEAT_4_TEMP=37
HEAT_4_DUTY=0
HEAT_4_SP=-20.0
MOTOR_ANGLE=0.004186046511627906
MOTOR_ACCUM=1.0506976744186047
MOTOR_ROT=2

[12:09:27.241 EBOX]
TS=1786204857.044
V_SENSE5=1.42578125
V_SENSE9=0.0341796875
V_SENSE12=0.1171875
ADC_V5=4.82330322265625
ADC_V9=9.28375244140625
ADC_V12=11.8768310546875
ADC_V28=27.21405029296875
THERMAL_SENS_OUT_1=26
THERMAL_SENS_OUT_2=-50
THERMAL_SENS_OUT_3=33
THERMAL_SENS_OUT_4=27
THERMAL_SENS_OUT_5=37
THERMAL_SENS_OUT_6=-50
THERMAL_SENS_INT_1=29
THERMAL_SENS_INT_2=26
PG_5=0
PG_9=0
PG_12=0
FLT_P2=0
FLT_P3=0
HEAT_1_TEMP=26
HEAT_1_DUTY=0
HEAT_1_SP=-20.0
HEAT_2_TEMP=33
HEAT_2_DUTY=0
HEAT_2_SP=-20.0
HEAT_3_TEMP=27
HEAT_3_DUTY=0
HEAT_3_SP=-20.0
HEAT_4_TEMP=37
HEAT_4_DUTY=0
HEAT_4_SP=-20.0
MOTOR_ANGLE=0.004186046511627906
MOTOR_ACCUM=1.0506976744186047
MOTOR_ROT=2

[12:09:29.288 EBOX]
TS=1786204859.049
V_SENSE5=1.2841796875
V_SENSE9=0.04638671875
V_SENSE12=0.10986328125
ADC_V5=4.849853515625
ADC_V9=9.1864013671875
ADC_V12=11.54937744140625
ADC_V28=27.69195556640625
THERMAL_SENS_OUT_1=31
THERMAL_SENS_OUT_2=-50
THERMAL_SENS_OUT_3=34
THERMAL_SENS_OUT_4=30
THERMAL_SENS_OUT_5=32
THERMAL_SENS_OUT_6=-50
THERMAL_SENS_INT_1=27
THERMAL_SENS_INT_2=28
PG_5=0
PG_9=0
PG_12=0
FLT_P2=0
FLT_P3=0
HEAT_1_TEMP=31
HEAT_1_DUTY=0
HEAT_1_SP=-20.0
HEAT_2_TEMP=34
HEAT_2_DUTY=0
HEAT_2_SP=-20.0
HEAT_3_TEMP=30
HEAT_3_DUTY=0
HEAT_3_SP=-20.0
HEAT_4_TEMP=32
HEAT_4_DUTY=0
HEAT_4_SP=-20.0
MOTOR_ANGLE=0.004186046511627906
MOTOR_ACCUM=1.0506976744186047
MOTOR_ROT=2

[12:09:31.224 EBOX]
TS=1786204861.051
V_SENSE5=1.2744140625
V_SENSE9=0.0390625
V_SENSE12=0.1123046875
ADC_V5=4.9560546875
ADC_V9=9.49615478515625
ADC_V12=11.53167724609375
ADC_V28=27.78045654296875
THERMAL_SENS_OUT_1=31
THERMAL_SENS_OUT_2=-50
THERMAL_SENS_OUT_3=30
THERMAL_SENS_OUT_4=29
THERMAL_SENS_OUT_5=32
THERMAL_SENS_OUT_6=-50
THERMAL_SENS_INT_1=26
THERMAL_SENS_INT_2=25
PG_5=0
PG_9=0
PG_12=0
FLT_P2=0
FLT_P3=0
HEAT_1_TEMP=31
HEAT_1_DUTY=0
HEAT_1_SP=-20.0
HEAT_2_TEMP=30
HEAT_2_DUTY=0
HEAT_2_SP=-20.0
HEAT_3_TEMP=29
HEAT_3_DUTY=0
HEAT_3_SP=-20.0
HEAT_4_TEMP=32
HEAT_4_DUTY=0
HEAT_4_SP=-20.0
MOTOR_ANGLE=0.004186046511627906
MOTOR_ACCUM=1.0506976744186047
MOTOR_ROT=2

[12:09:33.263 EBOX]
TS=1786204863.054
V_SENSE5=1.2109375
V_SENSE9=0.03662109375
V_SENSE12=0.1123046875
ADC_V5=4.9737548828125
ADC_V9=9.3634033203125
ADC_V12=11.68212890625
ADC_V28=27.90435791015625
THERMAL_SENS_OUT_1=31
THERMAL_SENS_OUT_2=-50
THERMAL_SENS_OUT_3=37
THERMAL_SENS_OUT_4=29
THERMAL_SENS_OUT_5=34
THERMAL_SENS_OUT_6=-50
THERMAL_SENS_INT_1=25
THERMAL_SENS_INT_2=29
PG_5=0
PG_9=0
PG_12=0
FLT_P2=0
FLT_P3=0
HEAT_1_TEMP=31
HEAT_1_DUTY=0
HEAT_1_SP=-20.0
HEAT_2_TEMP=37
HEAT_2_DUTY=0
HEAT_2_SP=-20.0
HEAT_3_TEMP=29
HEAT_3_DUTY=0
HEAT_3_SP=-20.0
HEAT_4_TEMP=34
HEAT_4_DUTY=0
HEAT_4_SP=-20.0
MOTOR_ANGLE=0.004186046511627906
MOTOR_ACCUM=1.0506976744186047
MOTOR_ROT=2

[12:09:35.297 EBOX]
TS=1786204865.064
V_SENSE5=1.09619140625
V_SENSE9=0.0390625
V_SENSE12=0.1220703125
ADC_V5=4.8675537109375
ADC_V9=9.00054931640625
ADC_V12=11.39892578125
ADC_V28=27.3291015625
THERMAL_SENS_OUT_1=29
THERMAL_SENS_OUT_2=-50
THERMAL_SENS_OUT_3=36
THERMAL_SENS_OUT_4=27
THERMAL_SENS_OUT_5=38
THERMAL_SENS_OUT_6=-50
THERMAL_SENS_INT_1=25
THERMAL_SENS_INT_2=26
PG_5=0
PG_9=0
PG_12=0
FLT_P2=0
FLT_P3=0
HEAT_1_TEMP=29
HEAT_1_DUTY=0
HEAT_1_SP=-20.0
HEAT_2_TEMP=36
HEAT_2_DUTY=0
HEAT_2_SP=-20.0
HEAT_3_TEMP=27
HEAT_3_DUTY=0
HEAT_3_SP=-20.0
HEAT_4_TEMP=38
HEAT_4_DUTY=0
HEAT_4_SP=-20.0
MOTOR_ANGLE=0.004186046511627906
MOTOR_ACCUM=1.0506976744186047
MOTOR_ROT=2

[12:09:37.233 EBOX]
TS=1786204867.060
V_SENSE5=1.2744140625
V_SENSE9=0.0341796875
V_SENSE12=0.10498046875
ADC_V5=4.9029541015625
ADC_V9=9.15985107421875
ADC_V12=11.68212890625
ADC_V28=27.58575439453125
THERMAL_SENS_OUT_1=29
THERMAL_SENS_OUT_2=-50
THERMAL_SENS_OUT_3=34
THERMAL_SENS_OUT_4=27
THERMAL_SENS_OUT_5=37
THERMAL_SENS_OUT_6=-50
THERMAL_SENS_INT_1=28
THERMAL_SENS_INT_2=24
PG_5=0
PG_9=0
PG_12=0
FLT_P2=0
FLT_P3=0
HEAT_1_TEMP=29
HEAT_1_DUTY=0
HEAT_1_SP=-20.0
HEAT_2_TEMP=34
HEAT_2_DUTY=0
HEAT_2_SP=-20.0
HEAT_3_TEMP=27
HEAT_3_DUTY=0
HEAT_3_SP=-20.0
HEAT_4_TEMP=37
HEAT_4_DUTY=0
HEAT_4_SP=-20.0
MOTOR_ANGLE=0.004186046511627906
MOTOR_ACCUM=1.0506976744186047
MOTOR_ROT=2

[12:09:39.275 EBOX]
TS=1786204869.061
V_SENSE5=1.18408203125
V_SENSE9=0.07568359375
V_SENSE12=0.10986328125
ADC_V5=5.00030517578125
ADC_V9=9.15985107421875
ADC_V12=11.54937744140625
ADC_V28=27.81585693359375
THERMAL_SENS_OUT_1=32
THERMAL_SENS_OUT_2=-50
THERMAL_SENS_OUT_3=31
THERMAL_SENS_OUT_4=31
THERMAL_SENS_OUT_5=34
THERMAL_SENS_OUT_6=-50
THERMAL_SENS_INT_1=23
THERMAL_SENS_INT_2=30
PG_5=0
PG_9=0
PG_12=0
FLT_P2=0
FLT_P3=0
HEAT_1_TEMP=32
HEAT_1_DUTY=0
HEAT_1_SP=-20.0
HEAT_2_TEMP=31
HEAT_2_DUTY=0
HEAT_2_SP=-20.0
HEAT_3_TEMP=31
HEAT_3_DUTY=0
HEAT_3_SP=-20.0
HEAT_4_TEMP=34
HEAT_4_DUTY=0
HEAT_4_SP=-20.0
MOTOR_ANGLE=0.004186046511627906
MOTOR_ACCUM=1.0506976744186047
MOTOR_ROT=2

[12:09:41.314 EBOX]
TS=1786204871.065
V_SENSE5=1.31591796875
V_SENSE9=0.0341796875
V_SENSE12=0.12451171875
ADC_V5=4.82330322265625
ADC_V9=8.87664794921875
ADC_V12=11.58477783203125
ADC_V28=27.81585693359375
THERMAL_SENS_OUT_1=29
THERMAL_SENS_OUT_2=-50
THERMAL_SENS_OUT_3=36
THERMAL_SENS_OUT_4=28
THERMAL_SENS_OUT_5=36
THERMAL_SENS_OUT_6=-50
THERMAL_SENS_INT_1=28
THERMAL_SENS_INT_2=28
PG_5=0
PG_9=0
PG_12=0
FLT_P2=0
FLT_P3=0
HEAT_1_TEMP=29
HEAT_1_DUTY=0
HEAT_1_SP=-20.0
HEAT_2_TEMP=36
HEAT_2_DUTY=0
HEAT_2_SP=-20.0
HEAT_3_TEMP=28
HEAT_3_DUTY=0
HEAT_3_SP=-20.0
HEAT_4_TEMP=36
HEAT_4_DUTY=0
HEAT_4_SP=-20.0
MOTOR_ANGLE=0.004186046511627906
MOTOR_ACCUM=1.0506976744186047
MOTOR_ROT=2

[12:09:43.253 EBOX]
TS=1786204873.068
V_SENSE5=1.142578125
V_SENSE9=0.0341796875
V_SENSE12=0.10986328125
ADC_V5=5.0091552734375
ADC_V9=9.239501953125
ADC_V12=11.79718017578125
ADC_V28=27.76275634765625
THERMAL_SENS_OUT_1=27
THERMAL_SENS_OUT_2=-50
THERMAL_SENS_OUT_3=34
THERMAL_SENS_OUT_4=29
THERMAL_SENS_OUT_5=38
THERMAL_SENS_OUT_6=-50
THERMAL_SENS_INT_1=24
THERMAL_SENS_INT_2=27
PG_5=0
PG_9=0
PG_12=0
FLT_P2=0
FLT_P3=0
HEAT_1_TEMP=27
HEAT_1_DUTY=0
HEAT_1_SP=-20.0
HEAT_2_TEMP=34
HEAT_2_DUTY=0
HEAT_2_SP=-20.0
HEAT_3_TEMP=29
HEAT_3_DUTY=0
HEAT_3_SP=-20.0
HEAT_4_TEMP=38
HEAT_4_DUTY=0
HEAT_4_SP=-20.0
MOTOR_ANGLE=0.004186046511627906
MOTOR_ACCUM=1.0506976744186047
MOTOR_ROT=2

[12:09:45.294 EBOX]
TS=1786204875.071
V_SENSE5=1.162109375
V_SENSE9=0.0341796875
V_SENSE12=0.1123046875
ADC_V5=5.0091552734375
ADC_V9=8.99169921875
ADC_V12=11.6290283203125
ADC_V28=26.93084716796875
THERMAL_SENS_OUT_1=29
THERMAL_SENS_OUT_2=-50
THERMAL_SENS_OUT_3=35
THERMAL_SENS_OUT_4=27
THERMAL_SENS_OUT_5=35
THERMAL_SENS_OUT_6=-50
THERMAL_SENS_INT_1=27
THERMAL_SENS_INT_2=30
PG_5=0
PG_9=0
PG_12=0
FLT_P2=0
FLT_P3=0
HEAT_1_TEMP=29
HEAT_1_DUTY=0
HEAT_1_SP=-20.0
HEAT_2_TEMP=35
HEAT_2_DUTY=0
HEAT_2_SP=-20.0
HEAT_3_TEMP=27
HEAT_3_DUTY=0
HEAT_3_SP=-20.0
HEAT_4_TEMP=35
HEAT_4_DUTY=0
HEAT_4_SP=-20.0
MOTOR_ANGLE=0.004186046511627906
MOTOR_ACCUM=1.0506976744186047
MOTOR_ROT=2

[12:09:47.233 EBOX]
TS=1786204877.074
V_SENSE5=1.31591796875
V_SENSE9=0.0341796875
V_SENSE12=0.1171875
ADC_V5=4.9737548828125
ADC_V9=9.451904296875
ADC_V12=12.02728271484375
ADC_V28=26.94854736328125
THERMAL_SENS_OUT_1=28
THERMAL_SENS_OUT_2=-50
THERMAL_SENS_OUT_3=31
THERMAL_SENS_OUT_4=31
THERMAL_SENS_OUT_5=34
THERMAL_SENS_OUT_6=-50
THERMAL_SENS_INT_1=26
THERMAL_SENS_INT_2=28
PG_5=0
PG_9=0
PG_12=0
FLT_P2=0
FLT_P3=0
HEAT_1_TEMP=28
HEAT_1_DUTY=0
HEAT_1_SP=-20.0
HEAT_2_TEMP=31
HEAT_2_DUTY=0
HEAT_2_SP=-20.0
HEAT_3_TEMP=31
HEAT_3_DUTY=0
HEAT_3_SP=-20.0
HEAT_4_TEMP=34
HEAT_4_DUTY=0
HEAT_4_SP=-20.0
MOTOR_ANGLE=0.004186046511627906
MOTOR_ACCUM=1.0506976744186047
MOTOR_ROT=2

[12:09:49.270 EBOX]
TS=1786204879.081
V_SENSE5=1.2353515625
V_SENSE9=0.06103515625
V_SENSE12=0.11474609375
ADC_V5=5.19500732421875
ADC_V9=8.814697265625
ADC_V12=11.646728515625
ADC_V28=27.30255126953125
THERMAL_SENS_OUT_1=29
THERMAL_SENS_OUT_2=-50
THERMAL_SENS_OUT_3=30
THERMAL_SENS_OUT_4=30
THERMAL_SENS_OUT_5=33
THERMAL_SENS_OUT_6=-50
THERMAL_SENS_INT_1=27
THERMAL_SENS_INT_2=29
PG_5=0
PG_9=0
PG_12=0
FLT_P2=0
FLT_P3=0
HEAT_1_TEMP=29
HEAT_1_DUTY=0
HEAT_1_SP=-20.0
HEAT_2_TEMP=30
HEAT_2_DUTY=0
HEAT_2_SP=-20.0
HEAT_3_TEMP=30
HEAT_3_DUTY=0
HEAT_3_SP=-20.0
HEAT_4_TEMP=33
HEAT_4_DUTY=0
HEAT_4_SP=-20.0
MOTOR_ANGLE=0.004186046511627906
MOTOR_ACCUM=1.0506976744186047
MOTOR_ROT=2

[12:09:51.914 EBOX]
TS=1786204881.080
V_SENSE5=1.38916015625
V_SENSE9=0.0390625
V_SENSE12=0.107421875
ADC_V5=4.98260498046875
ADC_V9=9.4342041015625
ADC_V12=11.717529296875
ADC_V28=27.30255126953125
THERMAL_SENS_OUT_1=27
THERMAL_SENS_OUT_2=-50
THERMAL_SENS_OUT_3=30
THERMAL_SENS_OUT_4=28
THERMAL_SENS_OUT_5=32
THERMAL_SENS_OUT_6=-50
THERMAL_SENS_INT_1=26
THERMAL_SENS_INT_2=28
PG_5=0
PG_9=0
PG_12=0
FLT_P2=0
FLT_P3=0
HEAT_1_TEMP=27
HEAT_1_DUTY=0
HEAT_1_SP=-20.0
HEAT_2_TEMP=30
HEAT_2_DUTY=0
HEAT_2_SP=-20.0
HEAT_3_TEMP=28
HEAT_3_DUTY=0
HEAT_3_SP=-20.0
HEAT_4_TEMP=32
HEAT_4_DUTY=0
HEAT_4_SP=-20.0
MOTOR_ANGLE=0.004186046511627906
MOTOR_ACCUM=1.0506976744186047
MOTOR_ROT=2

[12:09:53.248 EBOX]
TS=1786204883.088
V_SENSE5=1.46240234375
V_SENSE9=0.0341796875
V_SENSE12=0.107421875
ADC_V5=5.0091552734375
ADC_V9=8.85009765625
ADC_V12=11.7706298828125
ADC_V28=27.10784912109375
THERMAL_SENS_OUT_1=27
THERMAL_SENS_OUT_2=-50
THERMAL_SENS_OUT_3=32
THERMAL_SENS_OUT_4=31
THERMAL_SENS_OUT_5=33
THERMAL_SENS_OUT_6=-50
THERMAL_SENS_INT_1=25
THERMAL_SENS_INT_2=31
PG_5=0
PG_9=0
PG_12=0
FLT_P2=0
FLT_P3=0
HEAT_1_TEMP=27
HEAT_1_DUTY=0
HEAT_1_SP=-20.0
HEAT_2_TEMP=32
HEAT_2_DUTY=0
HEAT_2_SP=-20.0
HEAT_3_TEMP=31
HEAT_3_DUTY=0
HEAT_3_SP=-20.0
HEAT_4_TEMP=33
HEAT_4_DUTY=0
HEAT_4_SP=-20.0
MOTOR_ANGLE=0.004186046511627906
MOTOR_ACCUM=1.0506976744186047
MOTOR_ROT=2

[12:09:55.286 EBOX]
TS=1786204885.088
V_SENSE5=1.38427734375
V_SENSE9=0.0341796875
V_SENSE12=0.1171875
ADC_V5=4.9029541015625
ADC_V9=9.33685302734375
ADC_V12=11.79718017578125
ADC_V28=27.92205810546875
THERMAL_SENS_OUT_1=28
THERMAL_SENS_OUT_2=-50
THERMAL_SENS_OUT_3=36
THERMAL_SENS_OUT_4=28
THERMAL_SENS_OUT_5=33
THERMAL_SENS_OUT_6=-50
THERMAL_SENS_INT_1=27
THERMAL_SENS_INT_2=31
PG_5=0
PG_9=0
PG_12=0
FLT_P2=0
FLT_P3=0
HEAT_1_TEMP=28
HEAT_1_DUTY=0
HEAT_1_SP=-20.0
HEAT_2_TEMP=36
HEAT_2_DUTY=0
HEAT_2_SP=-20.0
HEAT_3_TEMP=28
HEAT_3_DUTY=0
HEAT_3_SP=-20.0
HEAT_4_TEMP=33
HEAT_4_DUTY=0
HEAT_4_SP=-20.0
MOTOR_ANGLE=0.004186046511627906
MOTOR_ACCUM=1.0506976744186047
MOTOR_ROT=2

[12:09:57.326 EBOX]
TS=1786204887.091
V_SENSE5=1.31103515625
V_SENSE9=0.03173828125
V_SENSE12=0.10498046875
ADC_V5=4.920654296875
ADC_V9=9.05364990234375
ADC_V12=11.8414306640625
ADC_V28=27.78045654296875
THERMAL_SENS_OUT_1=28
THERMAL_SENS_OUT_2=-50
THERMAL_SENS_OUT_3=36
THERMAL_SENS_OUT_4=25
THERMAL_SENS_OUT_5=34
THERMAL_SENS_OUT_6=-50
THERMAL_SENS_INT_1=23
THERMAL_SENS_INT_2=28
PG_5=0
PG_9=0
PG_12=0
FLT_P2=0
FLT_P3=0
HEAT_1_TEMP=28
HEAT_1_DUTY=0
HEAT_1_SP=-20.0
HEAT_2_TEMP=36
HEAT_2_DUTY=0
HEAT_2_SP=-20.0
HEAT_3_TEMP=25
HEAT_3_DUTY=0
HEAT_3_SP=-20.0
HEAT_4_TEMP=34
HEAT_4_DUTY=0
HEAT_4_SP=-20.0
MOTOR_ANGLE=0.004186046511627906
MOTOR_ACCUM=1.0506976744186047
MOTOR_ROT=2

[12:09:59.267 EBOX]
TS=1786204889.093
V_SENSE5=1.25
V_SENSE9=0.0390625
V_SENSE12=0.107421875
ADC_V5=4.84100341796875
ADC_V9=9.44305419921875
ADC_V12=11.575927734375
ADC_V28=27.7008056640625
THERMAL_SENS_OUT_1=31
THERMAL_SENS_OUT_2=-50
THERMAL_SENS_OUT_3=34
THERMAL_SENS_OUT_4=25
THERMAL_SENS_OUT_5=35
THERMAL_SENS_OUT_6=-50
THERMAL_SENS_INT_1=24
THERMAL_SENS_INT_2=30
PG_5=0
PG_9=0
PG_12=0
FLT_P2=0
FLT_P3=0
HEAT_1_TEMP=31
HEAT_1_DUTY=0
HEAT_1_SP=-20.0
HEAT_2_TEMP=34
HEAT_2_DUTY=0
HEAT_2_SP=-20.0
HEAT_3_TEMP=25
HEAT_3_DUTY=0
HEAT_3_SP=-20.0
HEAT_4_TEMP=35
HEAT_4_DUTY=0
HEAT_4_SP=-20.0
MOTOR_ANGLE=0.004186046511627906
MOTOR_ACCUM=1.0506976744186047
MOTOR_ROT=2

[12:10:01.306 EBOX]
TS=1786204891.097
V_SENSE5=1.3916015625
V_SENSE9=0.0341796875
V_SENSE12=0.10986328125
ADC_V5=4.92950439453125
ADC_V9=9.19525146484375
ADC_V12=11.7706298828125
ADC_V28=27.16094970703125
THERMAL_SENS_OUT_1=27
THERMAL_SENS_OUT_2=-50
THERMAL_SENS_OUT_3=32
THERMAL_SENS_OUT_4=31
THERMAL_SENS_OUT_5=33
THERMAL_SENS_OUT_6=-50
THERMAL_SENS_INT_1=24
THERMAL_SENS_INT_2=25
PG_5=0
PG_9=0
PG_12=0
FLT_P2=0
FLT_P3=0
HEAT_1_TEMP=27
HEAT_1_DUTY=0
HEAT_1_SP=-20.0
HEAT_2_TEMP=32
HEAT_2_DUTY=0
HEAT_2_SP=-20.0
HEAT_3_TEMP=31
HEAT_3_DUTY=0
HEAT_3_SP=-20.0
HEAT_4_TEMP=33
HEAT_4_DUTY=0
HEAT_4_SP=-20.0
MOTOR_ANGLE=0.004186046511627906
MOTOR_ACCUM=1.0506976744186047
MOTOR_ROT=2

[12:10:03.349 EBOX]
TS=1786204893.101
V_SENSE5=1.396484375
V_SENSE9=0.0439453125
V_SENSE12=0.107421875
ADC_V5=4.88525390625
ADC_V9=9.33685302734375
ADC_V12=11.95648193359375
ADC_V28=27.74505615234375
THERMAL_SENS_OUT_1=31
THERMAL_SENS_OUT_2=-50
THERMAL_SENS_OUT_3=36
THERMAL_SENS_OUT_4=28
THERMAL_SENS_OUT_5=35
THERMAL_SENS_OUT_6=-50
THERMAL_SENS_INT_1=23
THERMAL_SENS_INT_2=30
PG_5=0
PG_9=0
PG_12=0
FLT_P2=0
FLT_P3=0
HEAT_1_TEMP=31
HEAT_1_DUTY=0
HEAT_1_SP=-20.0
HEAT_2_TEMP=36
HEAT_2_DUTY=0
HEAT_2_SP=-20.0
HEAT_3_TEMP=28
HEAT_3_DUTY=0
HEAT_3_SP=-20.0
HEAT_4_TEMP=35
HEAT_4_DUTY=0
HEAT_4_SP=-20.0
MOTOR_ANGLE=0.004186046511627906
MOTOR_ACCUM=1.0506976744186047
MOTOR_ROT=2

[12:10:05.286 EBOX]
TS=1786204895.110
V_SENSE5=1.25
V_SENSE9=0.0341796875
V_SENSE12=0.11474609375
ADC_V5=4.991455078125
ADC_V9=8.8677978515625
ADC_V12=11.58477783203125
ADC_V28=27.21405029296875
THERMAL_SENS_OUT_1=27
THERMAL_SENS_OUT_2=-50
THERMAL_SENS_OUT_3=35
THERMAL_SENS_OUT_4=29
THERMAL_SENS_OUT_5=33
THERMAL_SENS_OUT_6=-50
THERMAL_SENS_INT_1=23
THERMAL_SENS_INT_2=25
PG_5=0
PG_9=0
PG_12=0
FLT_P2=0
FLT_P3=0
HEAT_1_TEMP=27
HEAT_1_DUTY=0
HEAT_1_SP=-20.0
HEAT_2_TEMP=35
HEAT_2_DUTY=0
HEAT_2_SP=-20.0
HEAT_3_TEMP=29
HEAT_3_DUTY=0
HEAT_3_SP=-20.0
HEAT_4_TEMP=33
HEAT_4_DUTY=0
HEAT_4_SP=-20.0
MOTOR_ANGLE=0.004186046511627906
MOTOR_ACCUM=1.0506976744186047
MOTOR_ROT=2

[12:10:07.325 EBOX]
TS=1786204897.110
V_SENSE5=1.34765625
V_SENSE9=0.0341796875
V_SENSE12=0.107421875
ADC_V5=4.84100341796875
ADC_V9=9.381103515625
ADC_V12=11.47857666015625
ADC_V28=27.44415283203125
THERMAL_SENS_OUT_1=26
THERMAL_SENS_OUT_2=-50
THERMAL_SENS_OUT_3=35
THERMAL_SENS_OUT_4=26
THERMAL_SENS_OUT_5=38
THERMAL_SENS_OUT_6=-50
THERMAL_SENS_INT_1=26
THERMAL_SENS_INT_2=25
PG_5=0
PG_9=0
PG_12=0
FLT_P2=0
FLT_P3=0
HEAT_1_TEMP=26
HEAT_1_DUTY=0
HEAT_1_SP=-20.0
HEAT_2_TEMP=35
HEAT_2_DUTY=0
HEAT_2_SP=-20.0
HEAT_3_TEMP=26
HEAT_3_DUTY=0
HEAT_3_SP=-20.0
HEAT_4_TEMP=38
HEAT_4_DUTY=0
HEAT_4_SP=-20.0
MOTOR_ANGLE=0.004186046511627906
MOTOR_ACCUM=1.0506976744186047
MOTOR_ROT=2

[12:10:09.262 EBOX]
TS=1786204899.114
V_SENSE5=1.36474609375
V_SENSE9=0.0390625
V_SENSE12=0.10009765625
ADC_V5=4.991455078125
ADC_V9=9.05364990234375
ADC_V12=11.69097900390625
ADC_V28=27.7362060546875
THERMAL_SENS_OUT_1=27
THERMAL_SENS_OUT_2=-50
THERMAL_SENS_OUT_3=31
THERMAL_SENS_OUT_4=30
THERMAL_SENS_OUT_5=32
THERMAL_SENS_OUT_6=-50
THERMAL_SENS_INT_1=25
THERMAL_SENS_INT_2=31
PG_5=0
PG_9=0
PG_12=0
FLT_P2=0
FLT_P3=0
HEAT_1_TEMP=27
HEAT_1_DUTY=0
HEAT_1_SP=-20.0
HEAT_2_TEMP=31
HEAT_2_DUTY=0
HEAT_2_SP=-20.0
HEAT_3_TEMP=30
HEAT_3_DUTY=0
HEAT_3_SP=-20.0
HEAT_4_TEMP=32
HEAT_4_DUTY=0
HEAT_4_SP=-20.0
MOTOR_ANGLE=0.004186046511627906
MOTOR_ACCUM=1.0506976744186047
MOTOR_ROT=2

[12:10:11.300 EBOX]
TS=1786204901.116
V_SENSE5=1.26953125
V_SENSE9=0.0390625
V_SENSE12=0.1123046875
ADC_V5=4.9560546875
ADC_V9=9.51385498046875
ADC_V12=11.611328125
ADC_V28=27.470703125
THERMAL_SENS_OUT_1=28
THERMAL_SENS_OUT_2=-50
THERMAL_SENS_OUT_3=32
THERMAL_SENS_OUT_4=28
THERMAL_SENS_OUT_5=32
THERMAL_SENS_OUT_6=-50
THERMAL_SENS_INT_1=23
THERMAL_SENS_INT_2=26
PG_5=0
PG_9=0
PG_12=0
FLT_P2=0
FLT_P3=0
HEAT_1_TEMP=28
HEAT_1_DUTY=0
HEAT_1_SP=-20.0
HEAT_2_TEMP=32
HEAT_2_DUTY=0
HEAT_2_SP=-20.0
HEAT_3_TEMP=28
HEAT_3_DUTY=0
HEAT_3_SP=-20.0
HEAT_4_TEMP=32
HEAT_4_DUTY=0
HEAT_4_SP=-20.0
MOTOR_ANGLE=0.004186046511627906
MOTOR_ACCUM=1.0506976744186047
MOTOR_ROT=2

[12:10:13.644 EBOX]
TS=1786204903.118
V_SENSE5=1.3818359375
V_SENSE9=0.0341796875
V_SENSE12=0.12451171875
ADC_V5=4.991455078125
ADC_V9=9.12445068359375
ADC_V12=12.02728271484375
ADC_V28=27.506103515625
THERMAL_SENS_OUT_1=31
THERMAL_SENS_OUT_2=-50
THERMAL_SENS_OUT_3=35
THERMAL_SENS_OUT_4=26
THERMAL_SENS_OUT_5=36
THERMAL_SENS_OUT_6=-50
THERMAL_SENS_INT_1=29
THERMAL_SENS_INT_2=26
PG_5=0
PG_9=0
PG_12=0
FLT_P2=0
FLT_P3=0
HEAT_1_TEMP=31
HEAT_1_DUTY=0
HEAT_1_SP=-20.0
HEAT_2_TEMP=35
HEAT_2_DUTY=0
HEAT_2_SP=-20.0
HEAT_3_TEMP=26
HEAT_3_DUTY=0
HEAT_3_SP=-20.0
HEAT_4_TEMP=36
HEAT_4_DUTY=0
HEAT_4_SP=-20.0
MOTOR_ANGLE=0.004186046511627906
MOTOR_ACCUM=1.0506976744186047
MOTOR_ROT=2

[12:10:15.279 EBOX]
TS=1786204905.121
V_SENSE5=1.36474609375
V_SENSE9=0.05615234375
V_SENSE12=0.107421875
ADC_V5=4.849853515625
ADC_V9=9.49615478515625
ADC_V12=11.44317626953125
ADC_V28=27.506103515625
THERMAL_SENS_OUT_1=27
THERMAL_SENS_OUT_2=-50
THERMAL_SENS_OUT_3=31
THERMAL_SENS_OUT_4=30
THERMAL_SENS_OUT_5=33
THERMAL_SENS_OUT_6=-50
THERMAL_SENS_INT_1=24
THERMAL_SENS_INT_2=29
PG_5=0
PG_9=0
PG_12=0
FLT_P2=0
FLT_P3=0
HEAT_1_TEMP=27
HEAT_1_DUTY=0
HEAT_1_SP=-20.0
HEAT_2_TEMP=31
HEAT_2_DUTY=0
HEAT_2_SP=-20.0
HEAT_3_TEMP=30
HEAT_3_DUTY=0
HEAT_3_SP=-20.0
HEAT_4_TEMP=33
HEAT_4_DUTY=0
HEAT_4_SP=-20.0
MOTOR_ANGLE=0.004186046511627906
MOTOR_ACCUM=1.0506976744186047
MOTOR_ROT=2

[12:10:17.323 EBOX]
TS=1786204907.124
V_SENSE5=1.435546875
V_SENSE9=0.0341796875
V_SENSE12=0.107421875
ADC_V5=4.98260498046875
ADC_V9=9.027099609375
ADC_V12=11.4520263671875
ADC_V28=27.5238037109375
THERMAL_SENS_OUT_1=32
THERMAL_SENS_OUT_2=-50
THERMAL_SENS_OUT_3=34
THERMAL_SENS_OUT_4=25
THERMAL_SENS_OUT_5=35
THERMAL_SENS_OUT_6=-50
THERMAL_SENS_INT_1=23
THERMAL_SENS_INT_2=29
PG_5=0
PG_9=0
PG_12=0
FLT_P2=0
FLT_P3=0
HEAT_1_TEMP=32
HEAT_1_DUTY=0
HEAT_1_SP=-20.0
HEAT_2_TEMP=34
HEAT_2_DUTY=0
HEAT_2_SP=-20.0
HEAT_3_TEMP=25
HEAT_3_DUTY=0
HEAT_3_SP=-20.0
HEAT_4_TEMP=35
HEAT_4_DUTY=0
HEAT_4_SP=-20.0
MOTOR_ANGLE=0.004186046511627906
MOTOR_ACCUM=1.0506976744186047
MOTOR_ROT=2

[12:10:19.366 EBOX]
TS=1786204909.133
V_SENSE5=1.25244140625
V_SENSE9=0.0390625
V_SENSE12=0.10986328125
ADC_V5=5.15960693359375
ADC_V9=9.49615478515625
ADC_V12=11.65557861328125
ADC_V28=27.63885498046875
THERMAL_SENS_OUT_1=31
THERMAL_SENS_OUT_2=-50
THERMAL_SENS_OUT_3=31
THERMAL_SENS_OUT_4=26
THERMAL_SENS_OUT_5=33
THERMAL_SENS_OUT_6=-50
THERMAL_SENS_INT_1=23
THERMAL_SENS_INT_2=24
PG_5=0
PG_9=0
PG_12=0
FLT_P2=0
FLT_P3=0
HEAT_1_TEMP=31
HEAT_1_DUTY=0
HEAT_1_SP=-20.0
HEAT_2_TEMP=31
HEAT_2_DUTY=0
HEAT_2_SP=-20.0
HEAT_3_TEMP=26
HEAT_3_DUTY=0
HEAT_3_SP=-20.0
HEAT_4_TEMP=33
HEAT_4_DUTY=0
HEAT_4_SP=-20.0
MOTOR_ANGLE=0.004186046511627906
MOTOR_ACCUM=1.0506976744186047
MOTOR_ROT=2

[12:10:21.303 EBOX]
TS=1786204911.131
V_SENSE5=1.279296875
V_SENSE9=0.0390625
V_SENSE12=0.13427734375
ADC_V5=4.814453125
ADC_V9=9.0625
ADC_V12=11.6290283203125
ADC_V28=27.40875244140625
THERMAL_SENS_OUT_1=32
THERMAL_SENS_OUT_2=-50
THERMAL_SENS_OUT_3=33
THERMAL_SENS_OUT_4=30
THERMAL_SENS_OUT_5=34
THERMAL_SENS_OUT_6=-50
THERMAL_SENS_INT_1=28
THERMAL_SENS_INT_2=28
PG_5=0
PG_9=0
PG_12=0
FLT_P2=0
FLT_P3=0
HEAT_1_TEMP=32
HEAT_1_DUTY=0
HEAT_1_SP=-20.0
HEAT_2_TEMP=33
HEAT_2_DUTY=0
HEAT_2_SP=-20.0
HEAT_3_TEMP=30
HEAT_3_DUTY=0
HEAT_3_SP=-20.0
HEAT_4_TEMP=34
HEAT_4_DUTY=0
HEAT_4_SP=-20.0
MOTOR_ANGLE=0.004186046511627906
MOTOR_ACCUM=1.0506976744186047
MOTOR_ROT=2

[12:10:23.342 EBOX]
TS=1786204913.134
V_SENSE5=1.40380859375
V_SENSE9=0.03173828125
V_SENSE12=0.1171875
ADC_V5=4.9383544921875
ADC_V9=8.9031982421875
ADC_V12=11.54937744140625
ADC_V28=27.576904296875
THERMAL_SENS_OUT_1=28
THERMAL_SENS_OUT_2=-50
THERMAL_SENS_OUT_3=31
THERMAL_SENS_OUT_4=29
THERMAL_SENS_OUT_5=35
THERMAL_SENS_OUT_6=-50
THERMAL_SENS_INT_1=29
THERMAL_SENS_INT_2=26
PG_5=0
PG_9=0
PG_12=0
FLT_P2=0
FLT_P3=0
HEAT_1_TEMP=28
HEAT_1_DUTY=0
HEAT_1_SP=-20.0
HEAT_2_TEMP=31
HEAT_2_DUTY=0
HEAT_2_SP=-20.0
HEAT_3_TEMP=29
HEAT_3_DUTY=0
HEAT_3_SP=-20.0
HEAT_4_TEMP=35
HEAT_4_DUTY=0
HEAT_4_SP=-20.0
MOTOR_ANGLE=0.004186046511627906
MOTOR_ACCUM=1.0506976744186047
MOTOR_ROT=2

[12:10:25.384 EBOX]
TS=1786204915.138
V_SENSE5=1.416015625
V_SENSE9=0.0341796875
V_SENSE12=0.107421875
ADC_V5=4.9737548828125
ADC_V9=9.310302734375
ADC_V12=11.93878173828125
ADC_V28=27.3114013671875
THERMAL_SENS_OUT_1=29
THERMAL_SENS_OUT_2=-50
THERMAL_SENS_OUT_3=36
THERMAL_SENS_OUT_4=25
THERMAL_SENS_OUT_5=34
THERMAL_SENS_OUT_6=-50
THERMAL_SENS_INT_1=28
THERMAL_SENS_INT_2=27
PG_5=0
PG_9=0
PG_12=0
FLT_P2=0
FLT_P3=0
HEAT_1_TEMP=29
HEAT_1_DUTY=0
HEAT_1_SP=-20.0
HEAT_2_TEMP=36
HEAT_2_DUTY=0
HEAT_2_SP=-20.0
HEAT_3_TEMP=25
HEAT_3_DUTY=0
HEAT_3_SP=-20.0
HEAT_4_TEMP=34
HEAT_4_DUTY=0
HEAT_4_SP=-20.0
MOTOR_ANGLE=0.004186046511627906
MOTOR_ACCUM=1.0506976744186047
MOTOR_ROT=2

[12:10:27.623 EBOX]
TS=1786204917.142
V_SENSE5=1.49658203125
V_SENSE9=0.07568359375
V_SENSE12=0.1123046875
ADC_V5=5.00030517578125
ADC_V9=8.99169921875
ADC_V12=11.82373046875
ADC_V28=27.8070068359375
THERMAL_SENS_OUT_1=26
THERMAL_SENS_OUT_2=-50
THERMAL_SENS_OUT_3=33
THERMAL_SENS_OUT_4=25
THERMAL_SENS_OUT_5=35
THERMAL_SENS_OUT_6=-50
THERMAL_SENS_INT_1=29
THERMAL_SENS_INT_2=27
PG_5=0
PG_9=0
PG_12=0
FLT_P2=0
FLT_P3=0
HEAT_1_TEMP=26
HEAT_1_DUTY=0
HEAT_1_SP=-20.0
HEAT_2_TEMP=33
HEAT_2_DUTY=0
HEAT_2_SP=-20.0
HEAT_3_TEMP=25
HEAT_3_DUTY=0
HEAT_3_SP=-20.0
HEAT_4_TEMP=35
HEAT_4_DUTY=0
HEAT_4_SP=-20.0
MOTOR_ANGLE=0.004186046511627906
MOTOR_ACCUM=1.0506976744186047
MOTOR_ROT=2

[12:10:29.363 EBOX]
TS=1786204919.144
V_SENSE5=1.4599609375
V_SENSE9=0.0390625
V_SENSE12=0.13427734375
ADC_V5=5.08880615234375
ADC_V9=9.27490234375
ADC_V12=11.54937744140625
ADC_V28=27.62115478515625
THERMAL_SENS_OUT_1=31
THERMAL_SENS_OUT_2=-50
THERMAL_SENS_OUT_3=34
THERMAL_SENS_OUT_4=25
THERMAL_SENS_OUT_5=36
THERMAL_SENS_OUT_6=-50
THERMAL_SENS_INT_1=29
THERMAL_SENS_INT_2=26
PG_5=0
PG_9=0
PG_12=0
FLT_P2=0
FLT_P3=0
HEAT_1_TEMP=31
HEAT_1_DUTY=0
HEAT_1_SP=-20.0
HEAT_2_TEMP=34
HEAT_2_DUTY=0
HEAT_2_SP=-20.0
HEAT_3_TEMP=25
HEAT_3_DUTY=0
HEAT_3_SP=-20.0
HEAT_4_TEMP=36
HEAT_4_DUTY=0
HEAT_4_SP=-20.0
MOTOR_ANGLE=0.004186046511627906
MOTOR_ACCUM=1.0506976744186047
MOTOR_ROT=2

[12:10:31.300 EBOX]
TS=1786204921.147
V_SENSE5=1.44287109375
V_SENSE9=0.0390625
V_SENSE12=0.11474609375
ADC_V5=5.00030517578125
ADC_V9=9.41650390625
ADC_V12=11.6290283203125
ADC_V28=27.96630859375
THERMAL_SENS_OUT_1=28
THERMAL_SENS_OUT_2=-50
THERMAL_SENS_OUT_3=31
THERMAL_SENS_OUT_4=29
THERMAL_SENS_OUT_5=32
THERMAL_SENS_OUT_6=-50
THERMAL_SENS_INT_1=28
THERMAL_SENS_INT_2=25
PG_5=0
PG_9=0
PG_12=0
FLT_P2=0
FLT_P3=0
HEAT_1_TEMP=28
HEAT_1_DUTY=0
HEAT_1_SP=-20.0
HEAT_2_TEMP=31
HEAT_2_DUTY=0
HEAT_2_SP=-20.0
HEAT_3_TEMP=29
HEAT_3_DUTY=0
HEAT_3_SP=-20.0
HEAT_4_TEMP=32
HEAT_4_DUTY=0
HEAT_4_SP=-20.0
MOTOR_ANGLE=0.004186046511627906
MOTOR_ACCUM=1.0506976744186047
MOTOR_ROT=2

[12:10:33.335 EBOX]
TS=1786204923.150
V_SENSE5=1.48681640625
V_SENSE9=0.03662109375
V_SENSE12=0.1220703125
ADC_V5=4.98260498046875
ADC_V9=9.10675048828125
ADC_V12=11.93878173828125
ADC_V28=27.718505859375
THERMAL_SENS_OUT_1=29
THERMAL_SENS_OUT_2=-50
THERMAL_SENS_OUT_3=34
THERMAL_SENS_OUT_4=25
THERMAL_SENS_OUT_5=32
THERMAL_SENS_OUT_6=-50
THERMAL_SENS_INT_1=29
THERMAL_SENS_INT_2=25
PG_5=0
PG_9=0
PG_12=0
FLT_P2=0
FLT_P3=0
HEAT_1_TEMP=29
HEAT_1_DUTY=0
HEAT_1_SP=-20.0
HEAT_2_TEMP=34
HEAT_2_DUTY=0
HEAT_2_SP=-20.0
HEAT_3_TEMP=25
HEAT_3_DUTY=0
HEAT_3_SP=-20.0
HEAT_4_TEMP=32
HEAT_4_DUTY=0
HEAT_4_SP=-20.0
MOTOR_ANGLE=0.004186046511627906
MOTOR_ACCUM=1.0506976744186047
MOTOR_ROT=2

[12:10:35.374 EBOX]
TS=1786204925.151
V_SENSE5=1.2890625
V_SENSE9=0.03662109375
V_SENSE12=0.10498046875
ADC_V5=4.98260498046875
ADC_V9=9.54925537109375
ADC_V12=11.5582275390625
ADC_V28=27.67425537109375
THERMAL_SENS_OUT_1=30
THERMAL_SENS_OUT_2=-50
THERMAL_SENS_OUT_3=32
THERMAL_SENS_OUT_4=30
THERMAL_SENS_OUT_5=33
THERMAL_SENS_OUT_6=-50
THERMAL_SENS_INT_1=25
THERMAL_SENS_INT_2=29
PG_5=0
PG_9=0
PG_12=0
FLT_P2=0
FLT_P3=0
HEAT_1_TEMP=30
HEAT_1_DUTY=0
HEAT_1_SP=-20.0
HEAT_2_TEMP=32
HEAT_2_DUTY=0
HEAT_2_SP=-20.0
HEAT_3_TEMP=30
HEAT_3_DUTY=0
HEAT_3_SP=-20.0
HEAT_4_TEMP=33
HEAT_4_DUTY=0
HEAT_4_SP=-20.0
MOTOR_ANGLE=0.004186046511627906
MOTOR_ACCUM=1.0506976744186047
MOTOR_ROT=2

[12:10:37.418 EBOX]
TS=1786204927.162
V_SENSE5=1.318359375
V_SENSE9=0.03662109375
V_SENSE12=0.107421875
ADC_V5=4.9737548828125
ADC_V9=9.027099609375
ADC_V12=11.51397705078125
ADC_V28=27.70965576171875
THERMAL_SENS_OUT_1=32
THERMAL_SENS_OUT_2=-50
THERMAL_SENS_OUT_3=33
THERMAL_SENS_OUT_4=28
THERMAL_SENS_OUT_5=34
THERMAL_SENS_OUT_6=-50
THERMAL_SENS_INT_1=26
THERMAL_SENS_INT_2=24
PG_5=0
PG_9=0
PG_12=0
FLT_P2=0
FLT_P3=0
HEAT_1_TEMP=32
HEAT_1_DUTY=0
HEAT_1_SP=-20.0
HEAT_2_TEMP=33
HEAT_2_DUTY=0
HEAT_2_SP=-20.0
HEAT_3_TEMP=28
HEAT_3_DUTY=0
HEAT_3_SP=-20.0
HEAT_4_TEMP=34
HEAT_4_DUTY=0
HEAT_4_SP=-20.0
MOTOR_ANGLE=0.004186046511627906
MOTOR_ACCUM=1.0506976744186047
MOTOR_ROT=2

[12:10:39.360 EBOX]
TS=1786204929.163
V_SENSE5=1.328125
V_SENSE9=0.11474609375
V_SENSE12=0.107421875
ADC_V5=4.9383544921875
ADC_V9=9.19525146484375
ADC_V12=11.81488037109375
ADC_V28=26.86004638671875
THERMAL_SENS_OUT_1=29
THERMAL_SENS_OUT_2=-50
THERMAL_SENS_OUT_3=36
THERMAL_SENS_OUT_4=28
THERMAL_SENS_OUT_5=34
THERMAL_SENS_OUT_6=-50
THERMAL_SENS_INT_1=28
THERMAL_SENS_INT_2=26
PG_5=0
PG_9=0
PG_12=0
FLT_P2=0
FLT_P3=0
HEAT_1_TEMP=29
HEAT_1_DUTY=0
HEAT_1_SP=-20.0
HEAT_2_TEMP=36
HEAT_2_DUTY=0
HEAT_2_SP=-20.0
HEAT_3_TEMP=28
HEAT_3_DUTY=0
HEAT_3_SP=-20.0
HEAT_4_TEMP=34
HEAT_4_DUTY=0
HEAT_4_SP=-20.0
MOTOR_ANGLE=0.004186046511627906
MOTOR_ACCUM=1.0506976744186047
MOTOR_ROT=2

[12:10:41.406 EBOX]
TS=1786204931.173
V_SENSE5=1.30859375
V_SENSE9=0.0390625
V_SENSE12=0.1171875
ADC_V5=4.9737548828125
ADC_V9=8.89434814453125
ADC_V12=11.54052734375
ADC_V28=27.74505615234375
THERMAL_SENS_OUT_1=33
THERMAL_SENS_OUT_2=-50
THERMAL_SENS_OUT_3=37
THERMAL_SENS_OUT_4=30
THERMAL_SENS_OUT_5=32
THERMAL_SENS_OUT_6=-50
THERMAL_SENS_INT_1=29
THERMAL_SENS_INT_2=27
PG_5=0
PG_9=0
PG_12=0
FLT_P2=0
FLT_P3=0
HEAT_1_TEMP=33
HEAT_1_DUTY=0
HEAT_1_SP=-20.0
HEAT_2_TEMP=37
HEAT_2_DUTY=0
HEAT_2_SP=-20.0
HEAT_3_TEMP=30
HEAT_3_DUTY=0
HEAT_3_SP=-20.0
HEAT_4_TEMP=32
HEAT_4_DUTY=0
HEAT_4_SP=-20.0
MOTOR_ANGLE=0.004186046511627906
MOTOR_ACCUM=1.0506976744186047
MOTOR_ROT=2

[12:10:43.659 EBOX]
TS=1786204933.169
V_SENSE5=1.32568359375
V_SENSE9=0.0341796875
V_SENSE12=0.10986328125
ADC_V5=4.87640380859375
ADC_V9=9.74395751953125
ADC_V12=11.76177978515625
ADC_V28=27.2760009765625
THERMAL_SENS_OUT_1=32
THERMAL_SENS_OUT_2=-50
THERMAL_SENS_OUT_3=34
THERMAL_SENS_OUT_4=26
THERMAL_SENS_OUT_5=36
THERMAL_SENS_OUT_6=-50
THERMAL_SENS_INT_1=27
THERMAL_SENS_INT_2=27
PG_5=0
PG_9=0
PG_12=0
FLT_P2=0
FLT_P3=0
HEAT_1_TEMP=32
HEAT_1_DUTY=0
HEAT_1_SP=-20.0
HEAT_2_TEMP=34
HEAT_2_DUTY=0
HEAT_2_SP=-20.0
HEAT_3_TEMP=26
HEAT_3_DUTY=0
HEAT_3_SP=-20.0
HEAT_4_TEMP=36
HEAT_4_DUTY=0
HEAT_4_SP=-20.0
MOTOR_ANGLE=0.004186046511627906
MOTOR_ACCUM=1.0506976744186047
MOTOR_ROT=2

[12:10:45.403 EBOX]
TS=1786204935.172
V_SENSE5=1.3818359375
V_SENSE9=0.0390625
V_SENSE12=0.10009765625
ADC_V5=5.00030517578125
ADC_V9=9.0447998046875
ADC_V12=11.7352294921875
ADC_V28=27.69195556640625
THERMAL_SENS_OUT_1=28
THERMAL_SENS_OUT_2=-50
THERMAL_SENS_OUT_3=31
THERMAL_SENS_OUT_4=25
THERMAL_SENS_OUT_5=36
THERMAL_SENS_OUT_6=-50
THERMAL_SENS_INT_1=26
THERMAL_SENS_INT_2=31
PG_5=0
PG_9=0
PG_12=0
FLT_P2=0
FLT_P3=0
HEAT_1_TEMP=28
HEAT_1_DUTY=0
HEAT_1_SP=-20.0
HEAT_2_TEMP=31
HEAT_2_DUTY=0
HEAT_2_SP=-20.0
HEAT_3_TEMP=25
HEAT_3_DUTY=0
HEAT_3_SP=-20.0
HEAT_4_TEMP=36
HEAT_4_DUTY=0
HEAT_4_SP=-20.0
MOTOR_ANGLE=0.004186046511627906
MOTOR_ACCUM=1.0506976744186047
MOTOR_ROT=2

[12:10:47.348 EBOX]
TS=1786204937.174
V_SENSE5=1.31103515625
V_SENSE9=0.0341796875
V_SENSE12=0.1123046875
ADC_V5=4.920654296875
ADC_V9=9.58465576171875
ADC_V12=11.93878173828125
ADC_V28=27.19635009765625
THERMAL_SENS_OUT_1=26
THERMAL_SENS_OUT_2=-50
THERMAL_SENS_OUT_3=34
THERMAL_SENS_OUT_4=27
THERMAL_SENS_OUT_5=35
THERMAL_SENS_OUT_6=-50
THERMAL_SENS_INT_1=26
THERMAL_SENS_INT_2=28
PG_5=0
PG_9=0
PG_12=0
FLT_P2=0
FLT_P3=0
HEAT_1_TEMP=26
HEAT_1_DUTY=0
HEAT_1_SP=-20.0
HEAT_2_TEMP=34
HEAT_2_DUTY=0
HEAT_2_SP=-20.0
HEAT_3_TEMP=27
HEAT_3_DUTY=0
HEAT_3_SP=-20.0
HEAT_4_TEMP=35
HEAT_4_DUTY=0
HEAT_4_SP=-20.0
MOTOR_ANGLE=0.004186046511627906
MOTOR_ACCUM=1.0506976744186047
MOTOR_ROT=2

[12:10:49.697 EBOX]
TS=1786204939.178
V_SENSE5=1.6064453125
V_SENSE9=0.0390625
V_SENSE12=0.10498046875
ADC_V5=4.87640380859375
ADC_V9=8.956298828125
ADC_V12=11.83258056640625
ADC_V28=26.84234619140625
THERMAL_SENS_OUT_1=29
THERMAL_SENS_OUT_2=-50
THERMAL_SENS_OUT_3=30
THERMAL_SENS_OUT_4=25
THERMAL_SENS_OUT_5=34
THERMAL_SENS_OUT_6=-50
THERMAL_SENS_INT_1=29
THERMAL_SENS_INT_2=31
PG_5=0
PG_9=0
PG_12=0
FLT_P2=0
FLT_P3=0
HEAT_1_TEMP=29
HEAT_1_DUTY=0
HEAT_1_SP=-20.0
HEAT_2_TEMP=30
HEAT_2_DUTY=0
HEAT_2_SP=-20.0
HEAT_3_TEMP=25
HEAT_3_DUTY=0
HEAT_3_SP=-20.0
HEAT_4_TEMP=34
HEAT_4_DUTY=0
HEAT_4_SP=-20.0
MOTOR_ANGLE=0.004186046511627906
MOTOR_ACCUM=1.0506976744186047
MOTOR_ROT=2

[12:10:51.331 EBOX]
TS=1786204941.180
V_SENSE5=1.318359375
V_SENSE9=0.0341796875
V_SENSE12=0.1123046875
ADC_V5=4.9737548828125
ADC_V9=9.28375244140625
ADC_V12=11.88568115234375
ADC_V28=27.95745849609375
THERMAL_SENS_OUT_1=27
THERMAL_SENS_OUT_2=-50
THERMAL_SENS_OUT_3=35
THERMAL_SENS_OUT_4=28
THERMAL_SENS_OUT_5=37
THERMAL_SENS_OUT_6=-50
THERMAL_SENS_INT_1=23
THERMAL_SENS_INT_2=27
PG_5=0
PG_9=0
PG_12=0
FLT_P2=0
FLT_P3=0
HEAT_1_TEMP=27
HEAT_1_DUTY=0
HEAT_1_SP=-20.0
HEAT_2_TEMP=35
HEAT_2_DUTY=0
HEAT_2_SP=-20.0
HEAT_3_TEMP=28
HEAT_3_DUTY=0
HEAT_3_SP=-20.0
HEAT_4_TEMP=37
HEAT_4_DUTY=0
HEAT_4_SP=-20.0
MOTOR_ANGLE=0.004186046511627906
MOTOR_ACCUM=1.0506976744186047
MOTOR_ROT=2

[12:10:53.377 EBOX]
TS=1786204943.181
V_SENSE5=1.279296875
V_SENSE9=0.0341796875
V_SENSE12=0.1123046875
ADC_V5=4.9029541015625
ADC_V9=9.2041015625
ADC_V12=11.7529296875
ADC_V28=27.60345458984375
THERMAL_SENS_OUT_1=28
THERMAL_SENS_OUT_2=-50
THERMAL_SENS_OUT_3=32
THERMAL_SENS_OUT_4=29
THERMAL_SENS_OUT_5=35
THERMAL_SENS_OUT_6=-50
THERMAL_SENS_INT_1=23
THERMAL_SENS_INT_2=25
PG_5=0
PG_9=0
PG_12=0
FLT_P2=0
FLT_P3=0
HEAT_1_TEMP=28
HEAT_1_DUTY=0
HEAT_1_SP=-20.0
HEAT_2_TEMP=32
HEAT_2_DUTY=0
HEAT_2_SP=-20.0
HEAT_3_TEMP=29
HEAT_3_DUTY=0
HEAT_3_SP=-20.0
HEAT_4_TEMP=35
HEAT_4_DUTY=0
HEAT_4_SP=-20.0
MOTOR_ANGLE=0.004186046511627906
MOTOR_ACCUM=1.0506976744186047
MOTOR_ROT=2

[12:10:55.720 EBOX]
TS=1786204945.184
V_SENSE5=1.32568359375
V_SENSE9=0.03173828125
V_SENSE12=0.1123046875
ADC_V5=4.9029541015625
ADC_V9=8.92974853515625
ADC_V12=11.6290283203125
ADC_V28=27.435302734375
THERMAL_SENS_OUT_1=29
THERMAL_SENS_OUT_2=-50
THERMAL_SENS_OUT_3=35
THERMAL_SENS_OUT_4=25
THERMAL_SENS_OUT_5=35
THERMAL_SENS_OUT_6=-50
THERMAL_SENS_INT_1=23
THERMAL_SENS_INT_2=27
PG_5=0
PG_9=0
PG_12=0
FLT_P2=0
FLT_P3=0
HEAT_1_TEMP=29
HEAT_1_DUTY=0
HEAT_1_SP=-20.0
HEAT_2_TEMP=35
HEAT_2_DUTY=0
HEAT_2_SP=-20.0
HEAT_3_TEMP=25
HEAT_3_DUTY=0
HEAT_3_SP=-20.0
HEAT_4_TEMP=35
HEAT_4_DUTY=0
HEAT_4_SP=-20.0
MOTOR_ANGLE=0.004186046511627906
MOTOR_ACCUM=1.0506976744186047
MOTOR_ROT=2

[12:10:57.379 EBOX]
TS=1786204947.187
V_SENSE5=1.44775390625
V_SENSE9=0.0390625
V_SENSE12=0.1171875
ADC_V5=4.9737548828125
ADC_V9=9.38995361328125
ADC_V12=11.611328125
ADC_V28=27.88665771484375
THERMAL_SENS_OUT_1=31
THERMAL_SENS_OUT_2=-50
THERMAL_SENS_OUT_3=31
THERMAL_SENS_OUT_4=31
THERMAL_SENS_OUT_5=34
THERMAL_SENS_OUT_6=-50
THERMAL_SENS_INT_1=28
THERMAL_SENS_INT_2=26
PG_5=0
PG_9=0
PG_12=0
FLT_P2=0
FLT_P3=0
HEAT_1_TEMP=31
HEAT_1_DUTY=0
HEAT_1_SP=-20.0
HEAT_2_TEMP=31
HEAT_2_DUTY=0
HEAT_2_SP=-20.0
HEAT_3_TEMP=31
HEAT_3_DUTY=0
HEAT_3_SP=-20.0
HEAT_4_TEMP=34
HEAT_4_DUTY=0
HEAT_4_SP=-20.0
MOTOR_ANGLE=0.004186046511627906
MOTOR_ACCUM=1.0506976744186047
MOTOR_ROT=2

[12:10:59.420 EBOX]
TS=1786204949.192
V_SENSE5=1.455078125
V_SENSE9=0.03662109375
V_SENSE12=0.10986328125
ADC_V5=5.01800537109375
ADC_V9=9.027099609375
ADC_V12=11.7706298828125
ADC_V28=27.24945068359375
THERMAL_SENS_OUT_1=32
THERMAL_SENS_OUT_2=-50
THERMAL_SENS_OUT_3=30
THERMAL_SENS_OUT_4=25
THERMAL_SENS_OUT_5=36
THERMAL_SENS_OUT_6=-50
THERMAL_SENS_INT_1=25
THERMAL_SENS_INT_2=30
PG_5=0
PG_9=0
PG_12=0
FLT_P2=0
FLT_P3=0
HEAT_1_TEMP=32
HEAT_1_DUTY=0
HEAT_1_SP=-20.0
HEAT_2_TEMP=30
HEAT_2_DUTY=0
HEAT_2_SP=-20.0
HEAT_3_TEMP=25
HEAT_3_DUTY=0
HEAT_3_SP=-20.0
HEAT_4_TEMP=36
HEAT_4_DUTY=0
HEAT_4_SP=-20.0
MOTOR_ANGLE=0.004186046511627906
MOTOR_ACCUM=1.0506976744186047
MOTOR_ROT=2

[12:11:01.366 EBOX]
TS=1786204951.194
V_SENSE5=1.28173828125
V_SENSE9=0.03662109375
V_SENSE12=0.1171875
ADC_V5=4.98260498046875
ADC_V9=9.38995361328125
ADC_V12=11.65557861328125
ADC_V28=27.95745849609375
THERMAL_SENS_OUT_1=28
THERMAL_SENS_OUT_2=-50
THERMAL_SENS_OUT_3=31
THERMAL_SENS_OUT_4=31
THERMAL_SENS_OUT_5=34
THERMAL_SENS_OUT_6=-50
THERMAL_SENS_INT_1=28
THERMAL_SENS_INT_2=26
PG_5=0
PG_9=0
PG_12=0
FLT_P2=0
FLT_P3=0
HEAT_1_TEMP=28
HEAT_1_DUTY=0
HEAT_1_SP=-20.0
HEAT_2_TEMP=31
HEAT_2_DUTY=0
HEAT_2_SP=-20.0
HEAT_3_TEMP=31
HEAT_3_DUTY=0
HEAT_3_SP=-20.0
HEAT_4_TEMP=34
HEAT_4_DUTY=0
HEAT_4_SP=-20.0
MOTOR_ANGLE=0.004186046511627906
MOTOR_ACCUM=1.0506976744186047
MOTOR_ROT=2

[12:11:03.414 EBOX]
TS=1786204953.202
V_SENSE5=1.26953125
V_SENSE9=0.0341796875
V_SENSE12=0.1123046875
ADC_V5=4.88525390625
ADC_V9=8.9385986328125
ADC_V12=11.7352294921875
ADC_V28=27.58575439453125
THERMAL_SENS_OUT_1=26
THERMAL_SENS_OUT_2=-50
THERMAL_SENS_OUT_3=33
THERMAL_SENS_OUT_4=28
THERMAL_SENS_OUT_5=34
THERMAL_SENS_OUT_6=-50
THERMAL_SENS_INT_1=26
THERMAL_SENS_INT_2=27
PG_5=0
PG_9=0
PG_12=0
FLT_P2=0
FLT_P3=0
HEAT_1_TEMP=26
HEAT_1_DUTY=0
HEAT_1_SP=-20.0
HEAT_2_TEMP=33
HEAT_2_DUTY=0
HEAT_2_SP=-20.0
HEAT_3_TEMP=28
HEAT_3_DUTY=0
HEAT_3_SP=-20.0
HEAT_4_TEMP=34
HEAT_4_DUTY=0
HEAT_4_SP=-20.0
MOTOR_ANGLE=0.004186046511627906
MOTOR_ACCUM=1.0506976744186047
MOTOR_ROT=2

[12:11:05.458 EBOX]
TS=1786204955.200
V_SENSE5=1.455078125
V_SENSE9=0.0341796875
V_SENSE12=0.11962890625
ADC_V5=4.814453125
ADC_V9=9.4342041015625
ADC_V12=11.58477783203125
ADC_V28=27.90435791015625
THERMAL_SENS_OUT_1=31
THERMAL_SENS_OUT_2=-50
THERMAL_SENS_OUT_3=35
THERMAL_SENS_OUT_4=26
THERMAL_SENS_OUT_5=37
THERMAL_SENS_OUT_6=-50
THERMAL_SENS_INT_1=29
THERMAL_SENS_INT_2=26
PG_5=0
PG_9=0
PG_12=0
FLT_P2=0
FLT_P3=0
HEAT_1_TEMP=31
HEAT_1_DUTY=0
HEAT_1_SP=-20.0
HEAT_2_TEMP=35
HEAT_2_DUTY=0
HEAT_2_SP=-20.0
HEAT_3_TEMP=26
HEAT_3_DUTY=0
HEAT_3_SP=-20.0
HEAT_4_TEMP=37
HEAT_4_DUTY=0
HEAT_4_SP=-20.0
MOTOR_ANGLE=0.004186046511627906
MOTOR_ACCUM=1.0506976744186047
MOTOR_ROT=2

[12:11:07.406 EBOX]
TS=1786204957.204
V_SENSE5=1.40380859375
V_SENSE9=0.03662109375
V_SENSE12=0.1123046875
ADC_V5=4.814453125
ADC_V9=8.82354736328125
ADC_V12=11.90338134765625
ADC_V28=27.30255126953125
THERMAL_SENS_OUT_1=26
THERMAL_SENS_OUT_2=-50
THERMAL_SENS_OUT_3=32
THERMAL_SENS_OUT_4=31
THERMAL_SENS_OUT_5=33
THERMAL_SENS_OUT_6=-50
THERMAL_SENS_INT_1=25
THERMAL_SENS_INT_2=30
PG_5=0
PG_9=0
PG_12=0
FLT_P2=0
FLT_P3=0
HEAT_1_TEMP=26
HEAT_1_DUTY=0
HEAT_1_SP=-20.0
HEAT_2_TEMP=32
HEAT_2_DUTY=0
HEAT_2_SP=-20.0
HEAT_3_TEMP=31
HEAT_3_DUTY=0
HEAT_3_SP=-20.0
HEAT_4_TEMP=33
HEAT_4_DUTY=0
HEAT_4_SP=-20.0
MOTOR_ANGLE=0.004186046511627906
MOTOR_ACCUM=1.0506976744186047
MOTOR_ROT=2

[12:11:09.457 EBOX]
TS=1786204959.207
V_SENSE5=1.2744140625
V_SENSE9=0.0341796875
V_SENSE12=0.1220703125
ADC_V5=4.9560546875
ADC_V9=9.41650390625
ADC_V12=11.58477783203125
ADC_V28=27.718505859375
THERMAL_SENS_OUT_1=32
THERMAL_SENS_OUT_2=-50
THERMAL_SENS_OUT_3=35
THERMAL_SENS_OUT_4=25
THERMAL_SENS_OUT_5=37
THERMAL_SENS_OUT_6=-50
THERMAL_SENS_INT_1=29
THERMAL_SENS_INT_2=27
PG_5=0
PG_9=0
PG_12=0
FLT_P2=0
FLT_P3=0
HEAT_1_TEMP=32
HEAT_1_DUTY=0
HEAT_1_SP=-20.0
HEAT_2_TEMP=35
HEAT_2_DUTY=0
HEAT_2_SP=-20.0
HEAT_3_TEMP=25
HEAT_3_DUTY=0
HEAT_3_SP=-20.0
HEAT_4_TEMP=37
HEAT_4_DUTY=0
HEAT_4_SP=-20.0
MOTOR_ANGLE=0.004186046511627906
MOTOR_ACCUM=1.0506976744186047
MOTOR_ROT=2

[12:11:11.694 EBOX]
TS=1786204961.211
V_SENSE5=1.2939453125
V_SENSE9=0.03662109375
V_SENSE12=0.1123046875
ADC_V5=4.91180419921875
ADC_V9=9.05364990234375
ADC_V12=11.62017822265625
ADC_V28=27.3468017578125
THERMAL_SENS_OUT_1=32
THERMAL_SENS_OUT_2=-50
THERMAL_SENS_OUT_3=30
THERMAL_SENS_OUT_4=24
THERMAL_SENS_OUT_5=32
THERMAL_SENS_OUT_6=-50
THERMAL_SENS_INT_1=25
THERMAL_SENS_INT_2=30
PG_5=0
PG_9=0
PG_12=0
FLT_P2=0
FLT_P3=0
HEAT_1_TEMP=32
HEAT_1_DUTY=0
HEAT_1_SP=-20.0
HEAT_2_TEMP=30
HEAT_2_DUTY=0
HEAT_2_SP=-20.0
HEAT_3_TEMP=24
HEAT_3_DUTY=0
HEAT_3_SP=-20.0
HEAT_4_TEMP=32
HEAT_4_DUTY=0
HEAT_4_SP=-20.0
MOTOR_ANGLE=0.004186046511627906
MOTOR_ACCUM=1.0506976744186047
MOTOR_ROT=2

[12:11:13.437 EBOX]
TS=1786204963.213
V_SENSE5=1.4208984375
V_SENSE9=0.0341796875
V_SENSE12=0.12451171875
ADC_V5=4.991455078125
ADC_V9=9.24835205078125
ADC_V12=11.5582275390625
ADC_V28=27.93975830078125
THERMAL_SENS_OUT_1=29
THERMAL_SENS_OUT_2=-50
THERMAL_SENS_OUT_3=33
THERMAL_SENS_OUT_4=27
THERMAL_SENS_OUT_5=32
THERMAL_SENS_OUT_6=-50
THERMAL_SENS_INT_1=29
THERMAL_SENS_INT_2=26
PG_5=0
PG_9=0
PG_12=0
FLT_P2=0
FLT_P3=0
HEAT_1_TEMP=29
HEAT_1_DUTY=0
HEAT_1_SP=-20.0
HEAT_2_TEMP=33
HEAT_2_DUTY=0
HEAT_2_SP=-20.0
HEAT_3_TEMP=27
HEAT_3_DUTY=0
HEAT_3_SP=-20.0
HEAT_4_TEMP=32
HEAT_4_DUTY=0
HEAT_4_SP=-20.0
MOTOR_ANGLE=0.004186046511627906
MOTOR_ACCUM=1.0506976744186047
MOTOR_ROT=2

[12:11:15.395 EBOX]
TS=1786204965.217
V_SENSE5=1.3720703125
V_SENSE9=0.0390625
V_SENSE12=0.12451171875
ADC_V5=4.96490478515625
ADC_V9=9.33685302734375
ADC_V12=11.859130859375
ADC_V28=27.2760009765625
THERMAL_SENS_OUT_1=27
THERMAL_SENS_OUT_2=-50
THERMAL_SENS_OUT_3=35
THERMAL_SENS_OUT_4=26
THERMAL_SENS_OUT_5=34
THERMAL_SENS_OUT_6=-50
THERMAL_SENS_INT_1=28
THERMAL_SENS_INT_2=26
PG_5=0
PG_9=0
PG_12=0
FLT_P2=0
FLT_P3=0
HEAT_1_TEMP=27
HEAT_1_DUTY=0
HEAT_1_SP=-20.0
HEAT_2_TEMP=35
HEAT_2_DUTY=0
HEAT_2_SP=-20.0
HEAT_3_TEMP=26
HEAT_3_DUTY=0
HEAT_3_SP=-20.0
HEAT_4_TEMP=34
HEAT_4_DUTY=0
HEAT_4_SP=-20.0
MOTOR_ANGLE=0.004186046511627906
MOTOR_ACCUM=1.0506976744186047
MOTOR_ROT=2

[12:11:17.453 EBOX]
TS=1786204967.221
V_SENSE5=1.2890625
V_SENSE9=0.0390625
V_SENSE12=0.1220703125
ADC_V5=4.91180419921875
ADC_V9=9.24835205078125
ADC_V12=11.929931640625
ADC_V28=26.939697265625
THERMAL_SENS_OUT_1=29
THERMAL_SENS_OUT_2=-50
THERMAL_SENS_OUT_3=31
THERMAL_SENS_OUT_4=28
THERMAL_SENS_OUT_5=37
THERMAL_SENS_OUT_6=-50
THERMAL_SENS_INT_1=23
THERMAL_SENS_INT_2=25
PG_5=0
PG_9=0
PG_12=0
FLT_P2=0
FLT_P3=0
HEAT_1_TEMP=29
HEAT_1_DUTY=0
HEAT_1_SP=-20.0
HEAT_2_TEMP=31
HEAT_2_DUTY=0
HEAT_2_SP=-20.0
HEAT_3_TEMP=28
HEAT_3_DUTY=0
HEAT_3_SP=-20.0
HEAT_4_TEMP=37
HEAT_4_DUTY=0
HEAT_4_SP=-20.0
MOTOR_ANGLE=0.004186046511627906
MOTOR_ACCUM=1.0506976744186047
MOTOR_ROT=2

[12:11:19.399 EBOX]
TS=1786204969.225
V_SENSE5=1.3037109375
V_SENSE9=0.0341796875
V_SENSE12=0.126953125
ADC_V5=4.94720458984375
ADC_V9=8.91204833984375
ADC_V12=11.92108154296875
ADC_V28=27.4530029296875
THERMAL_SENS_OUT_1=29
THERMAL_SENS_OUT_2=-50
THERMAL_SENS_OUT_3=31
THERMAL_SENS_OUT_4=30
THERMAL_SENS_OUT_5=33
THERMAL_SENS_OUT_6=-50
THERMAL_SENS_INT_1=26
THERMAL_SENS_INT_2=30
PG_5=0
PG_9=0
PG_12=0
FLT_P2=0
FLT_P3=0
HEAT_1_TEMP=29
HEAT_1_DUTY=0
HEAT_1_SP=-20.0
HEAT_2_TEMP=31
HEAT_2_DUTY=0
HEAT_2_SP=-20.0
HEAT_3_TEMP=30
HEAT_3_DUTY=0
HEAT_3_SP=-20.0
HEAT_4_TEMP=33
HEAT_4_DUTY=0
HEAT_4_SP=-20.0
MOTOR_ANGLE=0.004186046511627906
MOTOR_ACCUM=1.0506976744186047
MOTOR_ROT=2

[12:11:21.438 EBOX]
TS=1786204971.231
V_SENSE5=1.46240234375
V_SENSE9=0.0390625
V_SENSE12=0.107421875
ADC_V5=4.91180419921875
ADC_V9=9.381103515625
ADC_V12=11.611328125
ADC_V28=27.19635009765625
THERMAL_SENS_OUT_1=30
THERMAL_SENS_OUT_2=-50
THERMAL_SENS_OUT_3=31
THERMAL_SENS_OUT_4=26
THERMAL_SENS_OUT_5=34
THERMAL_SENS_OUT_6=-50
THERMAL_SENS_INT_1=29
THERMAL_SENS_INT_2=28
PG_5=0
PG_9=0
PG_12=0
FLT_P2=0
FLT_P3=0
HEAT_1_TEMP=30
HEAT_1_DUTY=0
HEAT_1_SP=-20.0
HEAT_2_TEMP=31
HEAT_2_DUTY=0
HEAT_2_SP=-20.0
HEAT_3_TEMP=26
HEAT_3_DUTY=0
HEAT_3_SP=-20.0
HEAT_4_TEMP=34
HEAT_4_DUTY=0
HEAT_4_SP=-20.0
MOTOR_ANGLE=0.004186046511627906
MOTOR_ACCUM=1.0506976744186047
MOTOR_ROT=2

[12:11:23.487 EBOX]
TS=1786204973.230
V_SENSE5=1.40380859375
V_SENSE9=0.0390625
V_SENSE12=0.1123046875
ADC_V5=4.89410400390625
ADC_V9=8.98284912109375
ADC_V12=11.859130859375
ADC_V28=27.24945068359375
THERMAL_SENS_OUT_1=25
THERMAL_SENS_OUT_2=-50
THERMAL_SENS_OUT_3=36
THERMAL_SENS_OUT_4=27
THERMAL_SENS_OUT_5=35
THERMAL_SENS_OUT_6=-50
THERMAL_SENS_INT_1=23
THERMAL_SENS_INT_2=30
PG_5=0
PG_9=0
PG_12=0
FLT_P2=0
FLT_P3=0
HEAT_1_TEMP=25
HEAT_1_DUTY=0
HEAT_1_SP=-20.0
HEAT_2_TEMP=36
HEAT_2_DUTY=0
HEAT_2_SP=-20.0
HEAT_3_TEMP=27
HEAT_3_DUTY=0
HEAT_3_SP=-20.0
HEAT_4_TEMP=35
HEAT_4_DUTY=0
HEAT_4_SP=-20.0
MOTOR_ANGLE=0.004186046511627906
MOTOR_ACCUM=1.0506976744186047
MOTOR_ROT=2

[12:11:25.433 EBOX]
TS=1786204975.234
V_SENSE5=1.2548828125
V_SENSE9=0.03662109375
V_SENSE12=0.1123046875
ADC_V5=4.849853515625
ADC_V9=9.310302734375
ADC_V12=11.859130859375
ADC_V28=27.6654052734375
THERMAL_SENS_OUT_1=31
THERMAL_SENS_OUT_2=-50
THERMAL_SENS_OUT_3=34
THERMAL_SENS_OUT_4=24
THERMAL_SENS_OUT_5=34
THERMAL_SENS_OUT_6=-50
THERMAL_SENS_INT_1=23
THERMAL_SENS_INT_2=29
PG_5=0
PG_9=0
PG_12=0
FLT_P2=0
FLT_P3=0
HEAT_1_TEMP=31
HEAT_1_DUTY=0
HEAT_1_SP=-20.0
HEAT_2_TEMP=34
HEAT_2_DUTY=0
HEAT_2_SP=-20.0
HEAT_3_TEMP=24
HEAT_3_DUTY=0
HEAT_3_SP=-20.0
HEAT_4_TEMP=34
HEAT_4_DUTY=0
HEAT_4_SP=-20.0
MOTOR_ANGLE=0.004186046511627906
MOTOR_ACCUM=1.0506976744186047
MOTOR_ROT=2

[12:11:27.470 EBOX]
TS=1786204977.241
V_SENSE5=1.36962890625
V_SENSE9=0.04638671875
V_SENSE12=0.1123046875
ADC_V5=4.94720458984375
ADC_V9=9.03594970703125
ADC_V12=11.77947998046875
ADC_V28=27.67425537109375
THERMAL_SENS_OUT_1=32
THERMAL_SENS_OUT_2=-50
THERMAL_SENS_OUT_3=33
THERMAL_SENS_OUT_4=25
THERMAL_SENS_OUT_5=32
THERMAL_SENS_OUT_6=-50
THERMAL_SENS_INT_1=23
THERMAL_SENS_INT_2=29
PG_5=0
PG_9=0
PG_12=0
FLT_P2=0
FLT_P3=0
HEAT_1_TEMP=32
HEAT_1_DUTY=0
HEAT_1_SP=-20.0
HEAT_2_TEMP=33
HEAT_2_DUTY=0
HEAT_2_SP=-20.0
HEAT_3_TEMP=25
HEAT_3_DUTY=0
HEAT_3_SP=-20.0
HEAT_4_TEMP=32
HEAT_4_DUTY=0
HEAT_4_SP=-20.0
MOTOR_ANGLE=0.004186046511627906
MOTOR_ACCUM=1.0506976744186047
MOTOR_ROT=2

