[10:28:00.965 CUBESAT]
TS=1786205295.207
PG_5=1
PG_9=0
PG_12=0
FLT_P2=0
FLT_P3=0
HEAT_1_TEMP=0.0
HEAT_1_DUTY=0
HEAT_1_SP=-20.0
ENC_RAW=10007
ENC_ANGLE=219.88037109375
ENC_ACCUM=-0.02197265625
AUTO_STOP=1
MOTOR_ANGLE=-0.008372093023255813
MOTOR_ACCUM=-27.21767441860465
MOTOR_ROT=-52

[10:28:02.363 EBOX]
TS=1786203966.533
V_SENSE5=1.3623046875
V_SENSE9=0.0341796875
V_SENSE12=0.10009765625
ADC_V5=4.9383544921875
ADC_V9=9.1864013671875
ADC_V12=11.60247802734375
ADC_V28=27.60345458984375
THERMAL_SENS_OUT_1=26
THERMAL_SENS_OUT_2=-50
THERMAL_SENS_OUT_3=27
THERMAL_SENS_OUT_4=23
THERMAL_SENS_OUT_5=30
THERMAL_SENS_OUT_6=-50
THERMAL_SENS_INT_1=26
THERMAL_SENS_INT_2=26
PG_5=0
PG_9=0
PG_12=0
FLT_P2=0
FLT_P3=0
HEAT_1_TEMP=26
HEAT_1_DUTY=0
HEAT_1_SP=-20.0
HEAT_2_TEMP=27
HEAT_2_DUTY=0
HEAT_2_SP=-20.0
HEAT_3_TEMP=23
HEAT_3_DUTY=0
HEAT_3_SP=-20.0
HEAT_4_TEMP=30
HEAT_4_DUTY=0
HEAT_4_SP=-20.0
MOTOR_ANGLE=0.0015261627906976744
MOTOR_ACCUM=1.0480377906976743
MOTOR_ROT=2

[10:28:02.997 CUBESAT]
TS=1786205297.208
PG_5=1
PG_9=0
PG_12=0
FLT_P2=0
FLT_P3=0
HEAT_1_TEMP=0.0
HEAT_1_DUTY=0
HEAT_1_SP=-20.0
ENC_RAW=10008
ENC_ANGLE=219.90234375
ENC_ACCUM=0.0
AUTO_STOP=1
MOTOR_ANGLE=-0.008372093023255813
MOTOR_ACCUM=-27.21767441860465
MOTOR_ROT=-52

[10:28:04.208 EBOX]
TS=1786203968.535
V_SENSE5=1.2158203125
V_SENSE9=0.03662109375
V_SENSE12=0.12451171875
ADC_V5=4.94720458984375
ADC_V9=9.05364990234375
ADC_V12=11.7529296875
ADC_V28=27.82470703125
THERMAL_SENS_OUT_1=25
THERMAL_SENS_OUT_2=-50
THERMAL_SENS_OUT_3=25
THERMAL_SENS_OUT_4=23
THERMAL_SENS_OUT_5=28
THERMAL_SENS_OUT_6=-50
THERMAL_SENS_INT_1=23
THERMAL_SENS_INT_2=28
PG_5=0
PG_9=0
PG_12=0
FLT_P2=0
FLT_P3=0
HEAT_1_TEMP=25
HEAT_1_DUTY=0
HEAT_1_SP=-20.0
HEAT_2_TEMP=25
HEAT_2_DUTY=0
HEAT_2_SP=-20.0
HEAT_3_TEMP=23
HEAT_3_DUTY=0
HEAT_3_SP=-20.0
HEAT_4_TEMP=28
HEAT_4_DUTY=0
HEAT_4_SP=-20.0
MOTOR_ANGLE=0.0015261627906976744
MOTOR_ACCUM=1.0480377906976743
MOTOR_ROT=2

[10:28:04.915 CUBESAT]
TS=1786205299.208
PG_5=1
PG_9=0
PG_12=0
FLT_P2=0
FLT_P3=0
HEAT_1_TEMP=0.0
HEAT_1_DUTY=10
HEAT_1_SP=-20.0
ENC_RAW=10011
ENC_ANGLE=219.96826171875
ENC_ACCUM=0.06591796875
AUTO_STOP=1
MOTOR_ANGLE=-0.008372093023255813
MOTOR_ACCUM=-27.21767441860465
MOTOR_ROT=-52

[10:28:06.225 EBOX]
TS=1786203970.538
V_SENSE5=1.1865234375
V_SENSE9=0.03662109375
V_SENSE12=0.11474609375
ADC_V5=4.92950439453125
ADC_V9=8.96514892578125
ADC_V12=11.81488037109375
ADC_V28=27.44415283203125
THERMAL_SENS_OUT_1=28
THERMAL_SENS_OUT_2=-50
THERMAL_SENS_OUT_3=30
THERMAL_SENS_OUT_4=26
THERMAL_SENS_OUT_5=26
THERMAL_SENS_OUT_6=-50
THERMAL_SENS_INT_1=27
THERMAL_SENS_INT_2=24
PG_5=0
PG_9=0
PG_12=0
FLT_P2=0
FLT_P3=0
HEAT_1_TEMP=28
HEAT_1_DUTY=0
HEAT_1_SP=-20.0
HEAT_2_TEMP=30
HEAT_2_DUTY=0
HEAT_2_SP=-20.0
HEAT_3_TEMP=26
HEAT_3_DUTY=0
HEAT_3_SP=-20.0
HEAT_4_TEMP=26
HEAT_4_DUTY=0
HEAT_4_SP=-20.0
MOTOR_ANGLE=0.0015261627906976744
MOTOR_ACCUM=1.0480377906976743
MOTOR_ROT=2

[10:28:06.931 CUBESAT]
TS=1786205301.210
PG_5=1
PG_9=0
PG_12=0
FLT_P2=0
FLT_P3=0
HEAT_1_TEMP=0.0
HEAT_1_DUTY=0
HEAT_1_SP=-20.0
ENC_RAW=10008
ENC_ANGLE=219.90234375
ENC_ACCUM=0.0
AUTO_STOP=1
MOTOR_ANGLE=-0.008372093023255813
MOTOR_ACCUM=-27.21767441860465
MOTOR_ROT=-52

[10:28:09.855 EBOX]
TS=1786203972.542
V_SENSE5=1.32080078125
V_SENSE9=0.03173828125
V_SENSE12=0.12451171875
ADC_V5=4.85870361328125
ADC_V9=8.96514892578125
ADC_V12=11.5936279296875
ADC_V28=27.60345458984375
THERMAL_SENS_OUT_1=29
THERMAL_SENS_OUT_2=-50
THERMAL_SENS_OUT_3=29
THERMAL_SENS_OUT_4=23
THERMAL_SENS_OUT_5=32
THERMAL_SENS_OUT_6=-50
THERMAL_SENS_INT_1=26
THERMAL_SENS_INT_2=26
PG_5=0
PG_9=0
PG_12=0
FLT_P2=0
FLT_P3=0
HEAT_1_TEMP=29
HEAT_1_DUTY=0
HEAT_1_SP=-20.0
HEAT_2_TEMP=29
HEAT_2_DUTY=0
HEAT_2_SP=-20.0
HEAT_3_TEMP=23
HEAT_3_DUTY=0
HEAT_3_SP=-20.0
HEAT_4_TEMP=32
HEAT_4_DUTY=0
HEAT_4_SP=-20.0
MOTOR_ANGLE=0.0015261627906976744
MOTOR_ACCUM=1.0480377906976743
MOTOR_ROT=2

[10:28:09.957 CUBESAT]
TS=1786205303.212
PG_5=1
PG_9=0
PG_12=0
FLT_P2=0
FLT_P3=0
HEAT_1_TEMP=0.0
HEAT_1_DUTY=0
HEAT_1_SP=-20.0
ENC_RAW=10011
ENC_ANGLE=219.96826171875
ENC_ACCUM=0.06591796875
AUTO_STOP=1
MOTOR_ANGLE=-0.008372093023255813
MOTOR_ACCUM=-27.21767441860465
MOTOR_ROT=-52

[10:28:11.973 EBOX]
TS=1786203974.555
V_SENSE5=1.1572265625
V_SENSE9=0.0341796875
V_SENSE12=0.1220703125
ADC_V5=4.9560546875
ADC_V9=9.2926025390625
ADC_V12=11.81488037109375
ADC_V28=27.33795166015625
THERMAL_SENS_OUT_1=28
THERMAL_SENS_OUT_2=-50
THERMAL_SENS_OUT_3=31
THERMAL_SENS_OUT_4=26
THERMAL_SENS_OUT_5=30
THERMAL_SENS_OUT_6=-50
THERMAL_SENS_INT_1=23
THERMAL_SENS_INT_2=29
PG_5=0
PG_9=0
PG_12=0
FLT_P2=0
FLT_P3=0
HEAT_1_TEMP=28
HEAT_1_DUTY=0
HEAT_1_SP=-20.0
HEAT_2_TEMP=31
HEAT_2_DUTY=0
HEAT_2_SP=-20.0
HEAT_3_TEMP=26
HEAT_3_DUTY=0
HEAT_3_SP=-20.0
HEAT_4_TEMP=30
HEAT_4_DUTY=0
HEAT_4_SP=-20.0
MOTOR_ANGLE=0.0015261627906976744
MOTOR_ACCUM=1.0480377906976743
MOTOR_ROT=2

[10:28:12.077 CUBESAT]
TS=1786205305.214
PG_5=1
PG_9=0
PG_12=0
FLT_P2=0
FLT_P3=0
HEAT_1_TEMP=0.0
HEAT_1_DUTY=0
HEAT_1_SP=-20.0
ENC_RAW=10008
ENC_ANGLE=219.90234375
ENC_ACCUM=0.0
AUTO_STOP=1
MOTOR_ANGLE=-0.008372093023255813
MOTOR_ACCUM=-27.21767441860465
MOTOR_ROT=-52

[10:28:12.483 EBOX]
TS=1786203976.551
V_SENSE5=1.2841796875
V_SENSE9=0.04150390625
V_SENSE12=0.1171875
ADC_V5=4.88525390625
ADC_V9=9.5758056640625
ADC_V12=11.859130859375
ADC_V28=27.6123046875
THERMAL_SENS_OUT_1=24
THERMAL_SENS_OUT_2=-50
THERMAL_SENS_OUT_3=27
THERMAL_SENS_OUT_4=27
THERMAL_SENS_OUT_5=31
THERMAL_SENS_OUT_6=-50
THERMAL_SENS_INT_1=27
THERMAL_SENS_INT_2=29
PG_5=0
PG_9=0
PG_12=0
FLT_P2=0
FLT_P3=0
HEAT_1_TEMP=24
HEAT_1_DUTY=0
HEAT_1_SP=-20.0
HEAT_2_TEMP=27
HEAT_2_DUTY=0
HEAT_2_SP=-20.0
HEAT_3_TEMP=27
HEAT_3_DUTY=0
HEAT_3_SP=-20.0
HEAT_4_TEMP=31
HEAT_4_DUTY=0
HEAT_4_SP=-20.0
MOTOR_ANGLE=0.0015261627906976744
MOTOR_ACCUM=1.0480377906976743
MOTOR_ROT=2

[10:28:14.699 CUBESAT]
TS=1786205307.215
PG_5=1
PG_9=0
PG_12=0
FLT_P2=0
FLT_P3=0
HEAT_1_TEMP=0.0
HEAT_1_DUTY=0
HEAT_1_SP=-20.0
ENC_RAW=10007
ENC_ANGLE=219.88037109375
ENC_ACCUM=-0.02197265625
AUTO_STOP=1
MOTOR_ANGLE=-0.008372093023255813
MOTOR_ACCUM=-27.21767441860465
MOTOR_ROT=-52

[10:28:15.207 EBOX]
TS=1786203978.552
V_SENSE5=1.2255859375
V_SENSE9=0.0341796875
V_SENSE12=0.1171875
ADC_V5=4.9737548828125
ADC_V9=9.23065185546875
ADC_V12=11.8414306640625
ADC_V28=27.16094970703125
THERMAL_SENS_OUT_1=23
THERMAL_SENS_OUT_2=-50
THERMAL_SENS_OUT_3=30
THERMAL_SENS_OUT_4=24
THERMAL_SENS_OUT_5=31
THERMAL_SENS_OUT_6=-50
THERMAL_SENS_INT_1=27
THERMAL_SENS_INT_2=24
PG_5=0
PG_9=0
PG_12=0
FLT_P2=0
FLT_P3=0
HEAT_1_TEMP=23
HEAT_1_DUTY=0
HEAT_1_SP=-20.0
HEAT_2_TEMP=30
HEAT_2_DUTY=0
HEAT_2_SP=-20.0
HEAT_3_TEMP=24
HEAT_3_DUTY=0
HEAT_3_SP=-20.0
HEAT_4_TEMP=31
HEAT_4_DUTY=0
HEAT_4_SP=-20.0
MOTOR_ANGLE=0.0015261627906976744
MOTOR_ACCUM=1.0480377906976743
MOTOR_ROT=2

[10:28:15.310 CUBESAT]
TS=1786205309.215
PG_5=1
PG_9=0
PG_12=0
FLT_P2=0
FLT_P3=0
HEAT_1_TEMP=0.0
HEAT_1_DUTY=10
HEAT_1_SP=-20.0
ENC_RAW=10009
ENC_ANGLE=219.92431640625
ENC_ACCUM=0.02197265625
AUTO_STOP=1
MOTOR_ANGLE=-0.008372093023255813
MOTOR_ACCUM=-27.21767441860465
MOTOR_ROT=-52

[10:28:17.427 EBOX]
TS=1786203980.555
V_SENSE5=1.1767578125
V_SENSE9=0.0390625
V_SENSE12=0.1513671875
ADC_V5=4.91180419921875
ADC_V9=9.26605224609375
ADC_V12=11.60247802734375
ADC_V28=27.69195556640625
THERMAL_SENS_OUT_1=23
THERMAL_SENS_OUT_2=-50
THERMAL_SENS_OUT_3=30
THERMAL_SENS_OUT_4=24
THERMAL_SENS_OUT_5=32
THERMAL_SENS_OUT_6=-50
THERMAL_SENS_INT_1=26
THERMAL_SENS_INT_2=24
PG_5=0
PG_9=0
PG_12=0
FLT_P2=0
FLT_P3=0
HEAT_1_TEMP=23
HEAT_1_DUTY=0
HEAT_1_SP=-20.0
HEAT_2_TEMP=30
HEAT_2_DUTY=0
HEAT_2_SP=-20.0
HEAT_3_TEMP=24
HEAT_3_DUTY=0
HEAT_3_SP=-20.0
HEAT_4_TEMP=32
HEAT_4_DUTY=0
HEAT_4_SP=-20.0
MOTOR_ANGLE=0.0015261627906976744
MOTOR_ACCUM=1.0480377906976743
MOTOR_ROT=2

[10:28:19.141 CUBESAT]
TS=1786205311.218
PG_5=1
PG_9=0
PG_12=0
FLT_P2=0
FLT_P3=0
HEAT_1_TEMP=0.0
HEAT_1_DUTY=0
HEAT_1_SP=-20.0
ENC_RAW=10010
ENC_ANGLE=219.9462890625
ENC_ACCUM=0.0439453125
AUTO_STOP=1
MOTOR_ANGLE=-0.008372093023255813
MOTOR_ACCUM=-27.21767441860465
MOTOR_ROT=-52

[10:28:19.468 CUBESAT]
TS=1786205313.220
PG_5=1
PG_9=0
PG_12=0
FLT_P2=0
FLT_P3=0
HEAT_1_TEMP=0.0
HEAT_1_DUTY=0
HEAT_1_SP=-20.0
ENC_RAW=10007
ENC_ANGLE=219.88037109375
ENC_ACCUM=-0.02197265625
AUTO_STOP=1
MOTOR_ANGLE=-0.008372093023255813
MOTOR_ACCUM=-27.21767441860465
MOTOR_ROT=-52

[10:28:21.493 EBOX]
TS=1786203982.559
V_SENSE5=1.25732421875
V_SENSE9=0.09521484375
V_SENSE12=0.1318359375
ADC_V5=4.9383544921875
ADC_V9=9.2572021484375
ADC_V12=11.54937744140625
ADC_V28=27.4530029296875
THERMAL_SENS_OUT_1=26
THERMAL_SENS_OUT_2=-50
THERMAL_SENS_OUT_3=26
THERMAL_SENS_OUT_4=25
THERMAL_SENS_OUT_5=31
THERMAL_SENS_OUT_6=-50
THERMAL_SENS_INT_1=26
THERMAL_SENS_INT_2=24
PG_5=0
PG_9=0
PG_12=0
FLT_P2=0
FLT_P3=0
HEAT_1_TEMP=26
HEAT_1_DUTY=0
HEAT_1_SP=-20.0
HEAT_2_TEMP=26
HEAT_2_DUTY=0
HEAT_2_SP=-20.0
HEAT_3_TEMP=25
HEAT_3_DUTY=0
HEAT_3_SP=-20.0
HEAT_4_TEMP=31
HEAT_4_DUTY=0
HEAT_4_SP=-20.0
MOTOR_ANGLE=0.0015261627906976744
MOTOR_ACCUM=1.0480377906976743
MOTOR_ROT=2

[10:28:21.596 CUBESAT]
TS=1786205315.222
PG_5=1
PG_9=0
PG_12=0
FLT_P2=0
FLT_P3=0
HEAT_1_TEMP=0.0
HEAT_1_DUTY=0
HEAT_1_SP=-20.0
ENC_RAW=10007
ENC_ANGLE=219.88037109375
ENC_ACCUM=-0.02197265625
AUTO_STOP=1
MOTOR_ANGLE=-0.008372093023255813
MOTOR_ACCUM=-27.21767441860465
MOTOR_ROT=-52

[10:28:23.547 CUBESAT]
TS=1786205317.224
PG_5=1
PG_9=0
PG_12=0
FLT_P2=0
FLT_P3=0
HEAT_1_TEMP=0.0
HEAT_1_DUTY=0
HEAT_1_SP=-20.0
ENC_RAW=10006
ENC_ANGLE=219.8583984375
ENC_ACCUM=-0.0439453125
AUTO_STOP=1
MOTOR_ANGLE=-0.008372093023255813
MOTOR_ACCUM=-27.21767441860465
MOTOR_ROT=-52

[10:28:25.359 CUBESAT]
TS=1786205319.225
PG_5=1
PG_9=0
PG_12=0
FLT_P2=0
FLT_P3=0
HEAT_1_TEMP=0.0
HEAT_1_DUTY=0
HEAT_1_SP=-20.0
ENC_RAW=10004
ENC_ANGLE=219.814453125
ENC_ACCUM=-0.087890625
AUTO_STOP=1
MOTOR_ANGLE=-0.008372093023255813
MOTOR_ACCUM=-27.21767441860465
MOTOR_ROT=-52

[10:28:25.767 EBOX]
TS=1786203984.567
V_SENSE5=1.376953125
V_SENSE9=0.03662109375
V_SENSE12=0.126953125
ADC_V5=4.991455078125
ADC_V9=9.027099609375
ADC_V12=11.81488037109375
ADC_V28=27.33795166015625
THERMAL_SENS_OUT_1=27
THERMAL_SENS_OUT_2=-50
THERMAL_SENS_OUT_3=27
THERMAL_SENS_OUT_4=24
THERMAL_SENS_OUT_5=31
THERMAL_SENS_OUT_6=-50
THERMAL_SENS_INT_1=27
THERMAL_SENS_INT_2=25
PG_5=0
PG_9=0
PG_12=0
FLT_P2=0
FLT_P3=0
HEAT_1_TEMP=27
HEAT_1_DUTY=0
HEAT_1_SP=-20.0
HEAT_2_TEMP=27
HEAT_2_DUTY=0
HEAT_2_SP=-20.0
HEAT_3_TEMP=24
HEAT_3_DUTY=0
HEAT_3_SP=-20.0
HEAT_4_TEMP=31
HEAT_4_DUTY=0
HEAT_4_SP=-20.0
MOTOR_ANGLE=0.0015261627906976744
MOTOR_ACCUM=1.0480377906976743
MOTOR_ROT=2

[10:28:25.881 EBOX]
TS=1786203986.568
V_SENSE5=1.1572265625
V_SENSE9=0.0390625
V_SENSE12=0.13671875
ADC_V5=4.991455078125
ADC_V9=9.12445068359375
ADC_V12=11.83258056640625
ADC_V28=27.01934814453125
THERMAL_SENS_OUT_1=23
THERMAL_SENS_OUT_2=-50
THERMAL_SENS_OUT_3=29
THERMAL_SENS_OUT_4=24
THERMAL_SENS_OUT_5=31
THERMAL_SENS_OUT_6=-50
THERMAL_SENS_INT_1=26
THERMAL_SENS_INT_2=24
PG_5=0
PG_9=0
PG_12=0
FLT_P2=0
FLT_P3=0
HEAT_1_TEMP=23
HEAT_1_DUTY=0
HEAT_1_SP=-20.0
HEAT_2_TEMP=29
HEAT_2_DUTY=0
HEAT_2_SP=-20.0
HEAT_3_TEMP=24
HEAT_3_DUTY=0
HEAT_3_SP=-20.0
HEAT_4_TEMP=31
HEAT_4_DUTY=0
HEAT_4_SP=-20.0
MOTOR_ANGLE=0.0015261627906976744
MOTOR_ACCUM=1.0480377906976743
MOTOR_ROT=2
TS=1786203988.569
V_SENSE5=1.181640625
V_SENSE9=0.0341796875
V_SENSE12=0.1171875
ADC_V5=4.91180419921875
ADC_V9=9.1156005859375
ADC_V12=11.7706298828125
ADC_V28=27.8070068359375
THERMAL_SENS_OUT_1=26
THERMAL_SENS_OUT_2=-50
THERMAL_SENS_OUT_3=26
THERMAL_SENS_OUT_4=24
THERMAL_SENS_OUT_5=32
THERMAL_SENS_OUT_6=-50
THERMAL_SENS_INT_1=28
THERMAL_SENS_INT_2=26
PG_5=0
PG_9=0
PG_12=0
FLT_P2=0
FLT_P3=0
HEAT_1_TEMP=26
HEAT_1_DUTY=0
HEAT_1_SP=-20.0
HEAT_2_TEMP=26
HEAT_2_DUTY=0
HEAT_2_SP=-20.0
HEAT_3_TEMP=24
HEAT_3_DUTY=0
HEAT_3_SP=-20.0
HEAT_4_TEMP=32
HEAT_4_DUTY=0
HEAT_4_SP=-20.0
MOTOR_ANGLE=0.0015261627906976744
MOTOR_ACCUM=1.0480377906976743
MOTOR_ROT=2

[10:28:26.191 EBOX]
TS=1786203990.579
V_SENSE5=1.3525390625
V_SENSE9=0.06103515625
V_SENSE12=0.13671875
ADC_V5=4.991455078125
ADC_V9=8.75274658203125
ADC_V12=11.86798095703125
ADC_V28=27.6654052734375
THERMAL_SENS_OUT_1=28
THERMAL_SENS_OUT_2=-50
THERMAL_SENS_OUT_3=30
THERMAL_SENS_OUT_4=24
THERMAL_SENS_OUT_5=32
THERMAL_SENS_OUT_6=-50
THERMAL_SENS_INT_1=27
THERMAL_SENS_INT_2=24
PG_5=0
PG_9=0
PG_12=0
FLT_P2=0
FLT_P3=0
HEAT_1_TEMP=28
HEAT_1_DUTY=0
HEAT_1_SP=-20.0
HEAT_2_TEMP=30
HEAT_2_DUTY=0
HEAT_2_SP=-20.0
HEAT_3_TEMP=24
HEAT_3_DUTY=0
HEAT_3_SP=-20.0
HEAT_4_TEMP=32
HEAT_4_DUTY=0
HEAT_4_SP=-20.0
MOTOR_ANGLE=0.0015261627906976744
MOTOR_ACCUM=1.0480377906976743
MOTOR_ROT=2

[10:28:29.415 CUBESAT]
TS=1786205321.227
PG_5=1
PG_9=0
PG_12=0
FLT_P2=0
FLT_P3=0
HEAT_1_TEMP=0.0
HEAT_1_DUTY=0
HEAT_1_SP=-20.0
ENC_RAW=10008
ENC_ANGLE=219.90234375
ENC_ACCUM=0.0
AUTO_STOP=1
MOTOR_ANGLE=-0.008372093023255813
MOTOR_ACCUM=-27.21767441860465
MOTOR_ROT=-52

[10:28:29.517 CUBESAT]
TS=1786205323.229
PG_5=1
PG_9=0
PG_12=0
FLT_P2=0
FLT_P3=0
HEAT_1_TEMP=0.0
HEAT_1_DUTY=0
HEAT_1_SP=-20.0
ENC_RAW=10008
ENC_ANGLE=219.90234375
ENC_ACCUM=0.0
AUTO_STOP=1
MOTOR_ANGLE=-0.008372093023255813
MOTOR_ACCUM=-27.21767441860465
MOTOR_ROT=-52

[10:28:29.621 EBOX]
TS=1786203992.576
V_SENSE5=1.2548828125
V_SENSE9=0.0341796875
V_SENSE12=0.1416015625
ADC_V5=5.00030517578125
ADC_V9=9.51385498046875
ADC_V12=11.76177978515625
ADC_V28=27.1697998046875
THERMAL_SENS_OUT_1=29
THERMAL_SENS_OUT_2=-50
THERMAL_SENS_OUT_3=30
THERMAL_SENS_OUT_4=28
THERMAL_SENS_OUT_5=29
THERMAL_SENS_OUT_6=-50
THERMAL_SENS_INT_1=27
THERMAL_SENS_INT_2=24
PG_5=0
PG_9=0
PG_12=0
FLT_P2=0
FLT_P3=0
HEAT_1_TEMP=29
HEAT_1_DUTY=0
HEAT_1_SP=-20.0
HEAT_2_TEMP=30
HEAT_2_DUTY=0
HEAT_2_SP=-20.0
HEAT_3_TEMP=28
HEAT_3_DUTY=0
HEAT_3_SP=-20.0
HEAT_4_TEMP=29
HEAT_4_DUTY=0
HEAT_4_SP=-20.0
MOTOR_ANGLE=0.0015261627906976744
MOTOR_ACCUM=1.0480377906976743
MOTOR_ROT=2

[10:28:30.231 EBOX]
TS=1786203994.579
V_SENSE5=1.28662109375
V_SENSE9=0.07568359375
V_SENSE12=0.14404296875
ADC_V5=5.08880615234375
ADC_V9=9.42535400390625
ADC_V12=11.6998291015625
ADC_V28=27.82470703125
THERMAL_SENS_OUT_1=26
THERMAL_SENS_OUT_2=-50
THERMAL_SENS_OUT_3=27
THERMAL_SENS_OUT_4=29
THERMAL_SENS_OUT_5=29
THERMAL_SENS_OUT_6=-50
THERMAL_SENS_INT_1=28
THERMAL_SENS_INT_2=28
PG_5=0
PG_9=0
PG_12=0
FLT_P2=0
FLT_P3=0
HEAT_1_TEMP=26
HEAT_1_DUTY=0
HEAT_1_SP=-20.0
HEAT_2_TEMP=27
HEAT_2_DUTY=0
HEAT_2_SP=-20.0
HEAT_3_TEMP=29
HEAT_3_DUTY=0
HEAT_3_SP=-20.0
HEAT_4_TEMP=29
HEAT_4_DUTY=0
HEAT_4_SP=-20.0
MOTOR_ANGLE=0.0015261627906976744
MOTOR_ACCUM=1.0480377906976743
MOTOR_ROT=2

[10:28:30.937 CUBESAT]
TS=1786205325.231
PG_5=1
PG_9=0
PG_12=0
FLT_P2=0
FLT_P3=0
HEAT_1_TEMP=0.0
HEAT_1_DUTY=10
HEAT_1_SP=-20.0
ENC_RAW=10006
ENC_ANGLE=219.8583984375
ENC_ACCUM=-0.0439453125
AUTO_STOP=1
MOTOR_ANGLE=-0.008372093023255813
MOTOR_ACCUM=-27.21767441860465
MOTOR_ROT=-52

[10:28:33.659 CUBESAT]
TS=1786205327.233
PG_5=1
PG_9=0
PG_12=0
FLT_P2=0
FLT_P3=0
HEAT_1_TEMP=0.0
HEAT_1_DUTY=0
HEAT_1_SP=-20.0
ENC_RAW=10007
ENC_ANGLE=219.88037109375
ENC_ACCUM=-0.02197265625
AUTO_STOP=1
MOTOR_ANGLE=-0.008372093023255813
MOTOR_ACCUM=-27.21767441860465
MOTOR_ROT=-52

[10:28:33.763 EBOX]
TS=1786203996.582
V_SENSE5=1.3134765625
V_SENSE9=0.03173828125
V_SENSE12=0.107421875
ADC_V5=4.96490478515625
ADC_V9=9.15985107421875
ADC_V12=11.788330078125
ADC_V28=27.40875244140625
THERMAL_SENS_OUT_1=24
THERMAL_SENS_OUT_2=-50
THERMAL_SENS_OUT_3=29
THERMAL_SENS_OUT_4=26
THERMAL_SENS_OUT_5=29
THERMAL_SENS_OUT_6=-50
THERMAL_SENS_INT_1=26
THERMAL_SENS_INT_2=25
PG_5=0
PG_9=0
PG_12=0
FLT_P2=0
FLT_P3=0
HEAT_1_TEMP=24
HEAT_1_DUTY=0
HEAT_1_SP=-20.0
HEAT_2_TEMP=29
HEAT_2_DUTY=0
HEAT_2_SP=-20.0
HEAT_3_TEMP=26
HEAT_3_DUTY=0
HEAT_3_SP=-20.0
HEAT_4_TEMP=29
HEAT_4_DUTY=0
HEAT_4_SP=-20.0
MOTOR_ANGLE=0.0015261627906976744
MOTOR_ACCUM=1.0480377906976743
MOTOR_ROT=2

[10:28:34.373 EBOX]
TS=1786203998.585
V_SENSE5=1.24755859375
V_SENSE9=0.0390625
V_SENSE12=0.13671875
ADC_V5=4.92950439453125
ADC_V9=9.0802001953125
ADC_V12=11.9122314453125
ADC_V28=27.72735595703125
THERMAL_SENS_OUT_1=27
THERMAL_SENS_OUT_2=-50
THERMAL_SENS_OUT_3=30
THERMAL_SENS_OUT_4=24
THERMAL_SENS_OUT_5=29
THERMAL_SENS_OUT_6=-50
THERMAL_SENS_INT_1=25
THERMAL_SENS_INT_2=26
PG_5=0
PG_9=0
PG_12=0
FLT_P2=0
FLT_P3=0
HEAT_1_TEMP=27
HEAT_1_DUTY=0
HEAT_1_SP=-20.0
HEAT_2_TEMP=30
HEAT_2_DUTY=0
HEAT_2_SP=-20.0
HEAT_3_TEMP=24
HEAT_3_DUTY=0
HEAT_3_SP=-20.0
HEAT_4_TEMP=29
HEAT_4_DUTY=0
HEAT_4_SP=-20.0
MOTOR_ANGLE=0.0015261627906976744
MOTOR_ACCUM=1.0480377906976743
MOTOR_ROT=2

[10:28:35.383 CUBESAT]
TS=1786205329.235
PG_5=1
PG_9=0
PG_12=0
FLT_P2=0
FLT_P3=0
HEAT_1_TEMP=0.0
HEAT_1_DUTY=0
HEAT_1_SP=-20.0
ENC_RAW=10010
ENC_ANGLE=219.9462890625
ENC_ACCUM=0.0439453125
AUTO_STOP=1
MOTOR_ANGLE=-0.008372093023255813
MOTOR_ACCUM=-27.21767441860465
MOTOR_ROT=-52

[10:28:36.496 EBOX]
TS=1786204000.589
V_SENSE5=1.3720703125
V_SENSE9=0.04150390625
V_SENSE12=0.1123046875
ADC_V5=4.9737548828125
ADC_V9=9.2926025390625
ADC_V12=11.99188232421875
ADC_V28=27.76275634765625
THERMAL_SENS_OUT_1=26
THERMAL_SENS_OUT_2=-50
THERMAL_SENS_OUT_3=31
THERMAL_SENS_OUT_4=26
THERMAL_SENS_OUT_5=28
THERMAL_SENS_OUT_6=-50
THERMAL_SENS_INT_1=23
THERMAL_SENS_INT_2=29
PG_5=0
PG_9=0
PG_12=0
FLT_P2=0
FLT_P3=0
HEAT_1_TEMP=26
HEAT_1_DUTY=0
HEAT_1_SP=-20.0
HEAT_2_TEMP=31
HEAT_2_DUTY=0
HEAT_2_SP=-20.0
HEAT_3_TEMP=26
HEAT_3_DUTY=0
HEAT_3_SP=-20.0
HEAT_4_TEMP=28
HEAT_4_DUTY=0
HEAT_4_SP=-20.0
MOTOR_ANGLE=0.0015261627906976744
MOTOR_ACCUM=1.0480377906976743
MOTOR_ROT=2

[10:28:37.332 CUBESAT]
TS=1786205331.235
PG_5=1
PG_9=0
PG_12=0
FLT_P2=0
FLT_P3=0
HEAT_1_TEMP=0.0
HEAT_1_DUTY=0
HEAT_1_SP=-20.0
ENC_RAW=10007
ENC_ANGLE=219.88037109375
ENC_ACCUM=-0.02197265625
AUTO_STOP=1
MOTOR_ANGLE=-0.008372093023255813
MOTOR_ACCUM=-27.21767441860465
MOTOR_ROT=-52

[10:28:38.445 EBOX]
TS=1786204002.595
V_SENSE5=1.21337890625
V_SENSE9=0.0341796875
V_SENSE12=0.1123046875
ADC_V5=4.9560546875
ADC_V9=8.814697265625
ADC_V12=11.8060302734375
ADC_V28=27.01934814453125
THERMAL_SENS_OUT_1=24
THERMAL_SENS_OUT_2=-50
THERMAL_SENS_OUT_3=26
THERMAL_SENS_OUT_4=27
THERMAL_SENS_OUT_5=28
THERMAL_SENS_OUT_6=-50
THERMAL_SENS_INT_1=23
THERMAL_SENS_INT_2=26
PG_5=0
PG_9=0
PG_12=0
FLT_P2=0
FLT_P3=0
HEAT_1_TEMP=24
HEAT_1_DUTY=0
HEAT_1_SP=-20.0
HEAT_2_TEMP=26
HEAT_2_DUTY=0
HEAT_2_SP=-20.0
HEAT_3_TEMP=27
HEAT_3_DUTY=0
HEAT_3_SP=-20.0
HEAT_4_TEMP=28
HEAT_4_DUTY=0
HEAT_4_SP=-20.0
MOTOR_ANGLE=0.0015261627906976744
MOTOR_ACCUM=1.0480377906976743
MOTOR_ROT=2

[10:28:39.772 CUBESAT]
TS=1786205333.237
PG_5=1
PG_9=0
PG_12=0
FLT_P2=0
FLT_P3=0
HEAT_1_TEMP=0.0
HEAT_1_DUTY=0
HEAT_1_SP=-20.0
ENC_RAW=10008
ENC_ANGLE=219.90234375
ENC_ACCUM=0.0
AUTO_STOP=1
MOTOR_ANGLE=-0.008372093023255813
MOTOR_ACCUM=-27.21767441860465
MOTOR_ROT=-52

[10:28:40.280 EBOX]
TS=1786204004.603
V_SENSE5=1.162109375
V_SENSE9=0.05615234375
V_SENSE12=0.13671875
ADC_V5=5.00030517578125
ADC_V9=9.07135009765625
ADC_V12=11.74407958984375
ADC_V28=27.88665771484375
THERMAL_SENS_OUT_1=25
THERMAL_SENS_OUT_2=-50
THERMAL_SENS_OUT_3=30
THERMAL_SENS_OUT_4=30
THERMAL_SENS_OUT_5=26
THERMAL_SENS_OUT_6=-50
THERMAL_SENS_INT_1=28
THERMAL_SENS_INT_2=25
PG_5=0
PG_9=0
PG_12=0
FLT_P2=0
FLT_P3=0
HEAT_1_TEMP=25
HEAT_1_DUTY=0
HEAT_1_SP=-20.0
HEAT_2_TEMP=30
HEAT_2_DUTY=0
HEAT_2_SP=-20.0
HEAT_3_TEMP=30
HEAT_3_DUTY=0
HEAT_3_SP=-20.0
HEAT_4_TEMP=26
HEAT_4_DUTY=0
HEAT_4_SP=-20.0
MOTOR_ANGLE=0.0015261627906976744
MOTOR_ACCUM=1.0480377906976743
MOTOR_ROT=2

[10:28:40.987 CUBESAT]
TS=1786205335.239
PG_5=1
PG_9=0
PG_12=0
FLT_P2=0
FLT_P3=0
HEAT_1_TEMP=0.0
HEAT_1_DUTY=10
HEAT_1_SP=-20.0
ENC_RAW=10007
ENC_ANGLE=219.88037109375
ENC_ACCUM=-0.02197265625
AUTO_STOP=1
MOTOR_ANGLE=-0.008372093023255813
MOTOR_ACCUM=-27.21767441860465
MOTOR_ROT=-52

[10:28:42.303 EBOX]
TS=1786204006.598
V_SENSE5=1.279296875
V_SENSE9=0.0390625
V_SENSE12=0.1171875
ADC_V5=4.9560546875
ADC_V9=9.0625
ADC_V12=11.505126953125
ADC_V28=27.12554931640625
THERMAL_SENS_OUT_1=26
THERMAL_SENS_OUT_2=-50
THERMAL_SENS_OUT_3=31
THERMAL_SENS_OUT_4=23
THERMAL_SENS_OUT_5=27
THERMAL_SENS_OUT_6=-50
THERMAL_SENS_INT_1=25
THERMAL_SENS_INT_2=24
PG_5=0
PG_9=0
PG_12=0
FLT_P2=0
FLT_P3=0
HEAT_1_TEMP=26
HEAT_1_DUTY=0
HEAT_1_SP=-20.0
HEAT_2_TEMP=31
HEAT_2_DUTY=0
HEAT_2_SP=-20.0
HEAT_3_TEMP=23
HEAT_3_DUTY=0
HEAT_3_SP=-20.0
HEAT_4_TEMP=27
HEAT_4_DUTY=0
HEAT_4_SP=-20.0
MOTOR_ANGLE=0.0015261627906976744
MOTOR_ACCUM=1.0480377906976743
MOTOR_ROT=2

[10:28:44.324 EBOX]
TS=1786204008.602
V_SENSE5=1.24755859375
V_SENSE9=0.0390625
V_SENSE12=0.146484375
ADC_V5=4.9737548828125
ADC_V9=8.779296875
ADC_V12=11.6644287109375
ADC_V28=27.35565185546875
THERMAL_SENS_OUT_1=28
THERMAL_SENS_OUT_2=-50
THERMAL_SENS_OUT_3=30
THERMAL_SENS_OUT_4=26
THERMAL_SENS_OUT_5=31
THERMAL_SENS_OUT_6=-50
THERMAL_SENS_INT_1=26
THERMAL_SENS_INT_2=29
PG_5=0
PG_9=0
PG_12=0
FLT_P2=0
FLT_P3=0
HEAT_1_TEMP=28
HEAT_1_DUTY=0
HEAT_1_SP=-20.0
HEAT_2_TEMP=30
HEAT_2_DUTY=0
HEAT_2_SP=-20.0
HEAT_3_TEMP=26
HEAT_3_DUTY=0
HEAT_3_SP=-20.0
HEAT_4_TEMP=31
HEAT_4_DUTY=0
HEAT_4_SP=-20.0
MOTOR_ANGLE=0.0015261627906976744
MOTOR_ACCUM=1.0480377906976743
MOTOR_ROT=2

[10:28:45.838 CUBESAT]
TS=1786205337.241
PG_5=1
PG_9=0
PG_12=0
FLT_P2=0
FLT_P3=0
HEAT_1_TEMP=0.0
HEAT_1_DUTY=0
HEAT_1_SP=-20.0
ENC_RAW=10006
ENC_ANGLE=219.8583984375
ENC_ACCUM=-0.0439453125
AUTO_STOP=1
MOTOR_ANGLE=-0.008372093023255813
MOTOR_ACCUM=-27.21767441860465
MOTOR_ROT=-52
TS=1786205339.244
PG_5=1
PG_9=0
PG_12=0
FLT_P2=0
FLT_P3=0
HEAT_1_TEMP=0.0
HEAT_1_DUTY=0
HEAT_1_SP=-20.0
ENC_RAW=10009
ENC_ANGLE=219.92431640625
ENC_ACCUM=0.02197265625
AUTO_STOP=1
MOTOR_ANGLE=-0.008372093023255813
MOTOR_ACCUM=-27.21767441860465
MOTOR_ROT=-52

[10:28:46.347 EBOX]
TS=1786204010.606
V_SENSE5=1.22802734375
V_SENSE9=0.06591796875
V_SENSE12=0.1318359375
ADC_V5=4.94720458984375
ADC_V9=9.53155517578125
ADC_V12=11.9830322265625
ADC_V28=27.19635009765625
THERMAL_SENS_OUT_1=28
THERMAL_SENS_OUT_2=-50
THERMAL_SENS_OUT_3=26
THERMAL_SENS_OUT_4=24
THERMAL_SENS_OUT_5=32
THERMAL_SENS_OUT_6=-50
THERMAL_SENS_INT_1=26
THERMAL_SENS_INT_2=29
PG_5=0
PG_9=0
PG_12=0
FLT_P2=0
FLT_P3=0
HEAT_1_TEMP=28
HEAT_1_DUTY=0
HEAT_1_SP=-20.0
HEAT_2_TEMP=26
HEAT_2_DUTY=0
HEAT_2_SP=-20.0
HEAT_3_TEMP=24
HEAT_3_DUTY=0
HEAT_3_SP=-20.0
HEAT_4_TEMP=32
HEAT_4_DUTY=0
HEAT_4_SP=-20.0
MOTOR_ANGLE=0.0015261627906976744
MOTOR_ACCUM=1.0480377906976743
MOTOR_ROT=2

[10:28:47.659 CUBESAT]
TS=1786205341.247
PG_5=1
PG_9=0
PG_12=0
FLT_P2=0
FLT_P3=0
HEAT_1_TEMP=0.0
HEAT_1_DUTY=0
HEAT_1_SP=-20.0
ENC_RAW=10008
ENC_ANGLE=219.90234375
ENC_ACCUM=0.0
AUTO_STOP=1
MOTOR_ANGLE=-0.008372093023255813
MOTOR_ACCUM=-27.21767441860465
MOTOR_ROT=-52

[10:28:48.270 EBOX]
TS=1786204012.609
V_SENSE5=1.28173828125
V_SENSE9=0.0341796875
V_SENSE12=0.1318359375
ADC_V5=4.94720458984375
ADC_V9=9.23065185546875
ADC_V12=11.88568115234375
ADC_V28=27.5592041015625
THERMAL_SENS_OUT_1=29
THERMAL_SENS_OUT_2=-50
THERMAL_SENS_OUT_3=30
THERMAL_SENS_OUT_4=24
THERMAL_SENS_OUT_5=32
THERMAL_SENS_OUT_6=-50
THERMAL_SENS_INT_1=28
THERMAL_SENS_INT_2=26
PG_5=0
PG_9=0
PG_12=0
FLT_P2=0
FLT_P3=0
HEAT_1_TEMP=29
HEAT_1_DUTY=0
HEAT_1_SP=-20.0
HEAT_2_TEMP=30
HEAT_2_DUTY=0
HEAT_2_SP=-20.0
HEAT_3_TEMP=24
HEAT_3_DUTY=0
HEAT_3_SP=-20.0
HEAT_4_TEMP=32
HEAT_4_DUTY=0
HEAT_4_SP=-20.0
MOTOR_ANGLE=0.0015261627906976744
MOTOR_ACCUM=1.0480377906976743
MOTOR_ROT=2

[10:28:48.976 CUBESAT]
TS=1786205343.248
PG_5=1
PG_9=0
PG_12=0
FLT_P2=0
FLT_P3=0
HEAT_1_TEMP=0.0
HEAT_1_DUTY=0
HEAT_1_SP=-20.0
ENC_RAW=10008
ENC_ANGLE=219.90234375
ENC_ACCUM=0.0
AUTO_STOP=1
MOTOR_ANGLE=-0.008372093023255813
MOTOR_ACCUM=-27.21767441860465
MOTOR_ROT=-52

[10:28:50.996 EBOX]
TS=1786204014.612
V_SENSE5=1.201171875
V_SENSE9=0.0341796875
V_SENSE12=0.1123046875
ADC_V5=4.89410400390625
ADC_V9=9.310302734375
ADC_V12=11.83258056640625
ADC_V28=27.76275634765625
THERMAL_SENS_OUT_1=24
THERMAL_SENS_OUT_2=-50
THERMAL_SENS_OUT_3=32
THERMAL_SENS_OUT_4=24
THERMAL_SENS_OUT_5=29
THERMAL_SENS_OUT_6=-50
THERMAL_SENS_INT_1=25
THERMAL_SENS_INT_2=25
PG_5=0
PG_9=0
PG_12=0
FLT_P2=0
FLT_P3=0
HEAT_1_TEMP=24
HEAT_1_DUTY=0
HEAT_1_SP=-20.0
HEAT_2_TEMP=32
HEAT_2_DUTY=0
HEAT_2_SP=-20.0
HEAT_3_TEMP=24
HEAT_3_DUTY=0
HEAT_3_SP=-20.0
HEAT_4_TEMP=29
HEAT_4_DUTY=0
HEAT_4_SP=-20.0
MOTOR_ANGLE=0.0015261627906976744
MOTOR_ACCUM=1.0480377906976743
MOTOR_ROT=2

[10:28:50.998 CUBESAT]
TS=1786205345.249
PG_5=1
PG_9=0
PG_12=0
FLT_P2=0
FLT_P3=0
HEAT_1_TEMP=0.0
HEAT_1_DUTY=10
HEAT_1_SP=-20.0
ENC_RAW=10008
ENC_ANGLE=219.90234375
ENC_ACCUM=0.0
AUTO_STOP=1
MOTOR_ANGLE=-0.008372093023255813
MOTOR_ACCUM=-27.21767441860465
MOTOR_ROT=-52

[10:28:52.413 EBOX]
TS=1786204016.616
V_SENSE5=1.19384765625
V_SENSE9=0.0390625
V_SENSE12=0.14404296875
ADC_V5=4.9737548828125
ADC_V9=9.33685302734375
ADC_V12=11.7352294921875
ADC_V28=27.0458984375
THERMAL_SENS_OUT_1=23
THERMAL_SENS_OUT_2=-50
THERMAL_SENS_OUT_3=30
THERMAL_SENS_OUT_4=29
THERMAL_SENS_OUT_5=28
THERMAL_SENS_OUT_6=-50
THERMAL_SENS_INT_1=25
THERMAL_SENS_INT_2=28
PG_5=0
PG_9=0
PG_12=0
FLT_P2=0
FLT_P3=0
HEAT_1_TEMP=23
HEAT_1_DUTY=0
HEAT_1_SP=-20.0
HEAT_2_TEMP=30
HEAT_2_DUTY=0
HEAT_2_SP=-20.0
HEAT_3_TEMP=29
HEAT_3_DUTY=0
HEAT_3_SP=-20.0
HEAT_4_TEMP=28
HEAT_4_DUTY=0
HEAT_4_SP=-20.0
MOTOR_ANGLE=0.0015261627906976744
MOTOR_ACCUM=1.0480377906976743
MOTOR_ROT=2

[10:28:53.019 CUBESAT]
TS=1786205347.251
PG_5=1
PG_9=0
PG_12=0
FLT_P2=0
FLT_P3=0
HEAT_1_TEMP=0.0
HEAT_1_DUTY=0
HEAT_1_SP=-20.0
ENC_RAW=10006
ENC_ANGLE=219.8583984375
ENC_ACCUM=-0.0439453125
AUTO_STOP=1
MOTOR_ANGLE=-0.008372093023255813
MOTOR_ACCUM=-27.21767441860465
MOTOR_ROT=-52

[10:28:54.850 EBOX]
TS=1786204018.620
V_SENSE5=1.46240234375
V_SENSE9=0.0537109375
V_SENSE12=0.13671875
ADC_V5=5.0091552734375
ADC_V9=9.14215087890625
ADC_V12=11.8414306640625
ADC_V28=27.1343994140625
THERMAL_SENS_OUT_1=22
THERMAL_SENS_OUT_2=-50
THERMAL_SENS_OUT_3=26
THERMAL_SENS_OUT_4=27
THERMAL_SENS_OUT_5=27
THERMAL_SENS_OUT_6=-50
THERMAL_SENS_INT_1=23
THERMAL_SENS_INT_2=28
PG_5=0
PG_9=0
PG_12=0
FLT_P2=0
FLT_P3=0
HEAT_1_TEMP=22
HEAT_1_DUTY=0
HEAT_1_SP=-20.0
HEAT_2_TEMP=26
HEAT_2_DUTY=0
HEAT_2_SP=-20.0
HEAT_3_TEMP=27
HEAT_3_DUTY=0
HEAT_3_SP=-20.0
HEAT_4_TEMP=27
HEAT_4_DUTY=0
HEAT_4_SP=-20.0
MOTOR_ANGLE=0.0015261627906976744
MOTOR_ACCUM=1.0480377906976743
MOTOR_ROT=2

[10:28:55.255 CUBESAT]
TS=1786205349.253
PG_5=1
PG_9=0
PG_12=0
FLT_P2=0
FLT_P3=0
HEAT_1_TEMP=0.0
HEAT_1_DUTY=0
HEAT_1_SP=-20.0
ENC_RAW=10007
ENC_ANGLE=219.88037109375
ENC_ACCUM=-0.02197265625
AUTO_STOP=1
MOTOR_ANGLE=-0.008372093023255813
MOTOR_ACCUM=-27.21767441860465
MOTOR_ROT=-52

[10:28:56.472 EBOX]
TS=1786204020.626
V_SENSE5=1.1572265625
V_SENSE9=0.0341796875
V_SENSE12=0.13671875
ADC_V5=4.88525390625
ADC_V9=9.10675048828125
ADC_V12=11.9122314453125
ADC_V28=27.470703125
THERMAL_SENS_OUT_1=26
THERMAL_SENS_OUT_2=-50
THERMAL_SENS_OUT_3=27
THERMAL_SENS_OUT_4=28
THERMAL_SENS_OUT_5=29
THERMAL_SENS_OUT_6=-50
THERMAL_SENS_INT_1=25
THERMAL_SENS_INT_2=28
PG_5=0
PG_9=0
PG_12=0
FLT_P2=0
FLT_P3=0
HEAT_1_TEMP=26
HEAT_1_DUTY=0
HEAT_1_SP=-20.0
HEAT_2_TEMP=27
HEAT_2_DUTY=0
HEAT_2_SP=-20.0
HEAT_3_TEMP=28
HEAT_3_DUTY=0
HEAT_3_SP=-20.0
HEAT_4_TEMP=29
HEAT_4_DUTY=0
HEAT_4_SP=-20.0
MOTOR_ANGLE=0.0015261627906976744
MOTOR_ACCUM=1.0480377906976743
MOTOR_ROT=2

[10:28:57.179 CUBESAT]
TS=1786205351.255
PG_5=1
PG_9=0
PG_12=0
FLT_P2=0
FLT_P3=0
HEAT_1_TEMP=0.0
HEAT_1_DUTY=10
HEAT_1_SP=-20.0
ENC_RAW=10009
ENC_ANGLE=219.92431640625
ENC_ACCUM=0.02197265625
AUTO_STOP=1
MOTOR_ANGLE=-0.008372093023255813
MOTOR_ACCUM=-27.21767441860465
MOTOR_ROT=-52

[10:28:58.293 EBOX]
TS=1786204022.626
V_SENSE5=1.2255859375
V_SENSE9=0.0390625
V_SENSE12=0.1220703125
ADC_V5=4.94720458984375
ADC_V9=8.91204833984375
ADC_V12=11.88568115234375
ADC_V28=27.65655517578125
THERMAL_SENS_OUT_1=27
THERMAL_SENS_OUT_2=-50
THERMAL_SENS_OUT_3=29
THERMAL_SENS_OUT_4=23
THERMAL_SENS_OUT_5=28
THERMAL_SENS_OUT_6=-50
THERMAL_SENS_INT_1=24
THERMAL_SENS_INT_2=28
PG_5=0
PG_9=0
PG_12=0
FLT_P2=0
FLT_P3=0
HEAT_1_TEMP=27
HEAT_1_DUTY=0
HEAT_1_SP=-20.0
HEAT_2_TEMP=29
HEAT_2_DUTY=0
HEAT_2_SP=-20.0
HEAT_3_TEMP=23
HEAT_3_DUTY=0
HEAT_3_SP=-20.0
HEAT_4_TEMP=28
HEAT_4_DUTY=0
HEAT_4_SP=-20.0
MOTOR_ANGLE=0.0015261627906976744
MOTOR_ACCUM=1.0480377906976743
MOTOR_ROT=2

[10:28:59.000 CUBESAT]
TS=1786205353.257
PG_5=1
PG_9=0
PG_12=0
FLT_P2=0
FLT_P3=0
HEAT_1_TEMP=0.0
HEAT_1_DUTY=0
HEAT_1_SP=-20.0
ENC_RAW=10006
ENC_ANGLE=219.8583984375
ENC_ACCUM=-0.0439453125
AUTO_STOP=1
MOTOR_ANGLE=-0.008372093023255813
MOTOR_ACCUM=-27.21767441860465
MOTOR_ROT=-52

[10:29:00.215 EBOX]
TS=1786204024.628
V_SENSE5=1.2353515625
V_SENSE9=0.0341796875
V_SENSE12=0.1318359375
ADC_V5=4.9737548828125
ADC_V9=8.82354736328125
ADC_V12=11.8060302734375
ADC_V28=26.91314697265625
THERMAL_SENS_OUT_1=24
THERMAL_SENS_OUT_2=-50
THERMAL_SENS_OUT_3=31
THERMAL_SENS_OUT_4=24
THERMAL_SENS_OUT_5=32
THERMAL_SENS_OUT_6=-50
THERMAL_SENS_INT_1=26
THERMAL_SENS_INT_2=25
PG_5=0
PG_9=0
PG_12=0
FLT_P2=0
FLT_P3=0
HEAT_1_TEMP=24
HEAT_1_DUTY=0
HEAT_1_SP=-20.0
HEAT_2_TEMP=31
HEAT_2_DUTY=0
HEAT_2_SP=-20.0
HEAT_3_TEMP=24
HEAT_3_DUTY=0
HEAT_3_SP=-20.0
HEAT_4_TEMP=32
HEAT_4_DUTY=0
HEAT_4_SP=-20.0
MOTOR_ANGLE=0.0015261627906976744
MOTOR_ACCUM=1.0480377906976743
MOTOR_ROT=2

[10:29:01.023 CUBESAT]
TS=1786205355.259
PG_5=1
PG_9=0
PG_12=0
FLT_P2=0
FLT_P3=0
HEAT_1_TEMP=0.0
HEAT_1_DUTY=0
HEAT_1_SP=-20.0
ENC_RAW=10009
ENC_ANGLE=219.92431640625
ENC_ACCUM=0.02197265625
AUTO_STOP=1
MOTOR_ANGLE=-0.008372093023255813
MOTOR_ACCUM=-27.21767441860465
MOTOR_ROT=-52

[10:29:02.946 EBOX]
TS=1786204026.638
V_SENSE5=1.1962890625
V_SENSE9=0.03662109375
V_SENSE12=0.107421875
ADC_V5=4.9560546875
ADC_V9=8.7615966796875
ADC_V12=11.77947998046875
ADC_V28=27.4884033203125
THERMAL_SENS_OUT_1=25
THERMAL_SENS_OUT_2=-50
THERMAL_SENS_OUT_3=28
THERMAL_SENS_OUT_4=27
THERMAL_SENS_OUT_5=30
THERMAL_SENS_OUT_6=-50
THERMAL_SENS_INT_1=28
THERMAL_SENS_INT_2=27
PG_5=0
PG_9=0
PG_12=0
FLT_P2=0
FLT_P3=0
HEAT_1_TEMP=25
HEAT_1_DUTY=0
HEAT_1_SP=-20.0
HEAT_2_TEMP=28
HEAT_2_DUTY=0
HEAT_2_SP=-20.0
HEAT_3_TEMP=27
HEAT_3_DUTY=0
HEAT_3_SP=-20.0
HEAT_4_TEMP=30
HEAT_4_DUTY=0
HEAT_4_SP=-20.0
MOTOR_ANGLE=0.0015261627906976744
MOTOR_ACCUM=1.0480377906976743
MOTOR_ROT=2

[10:29:03.049 CUBESAT]
TS=1786205357.261
PG_5=1
PG_9=0
PG_12=0
FLT_P2=0
FLT_P3=0
HEAT_1_TEMP=0.0
HEAT_1_DUTY=0
HEAT_1_SP=-20.0
ENC_RAW=10008
ENC_ANGLE=219.90234375
ENC_ACCUM=0.0
AUTO_STOP=1
MOTOR_ANGLE=-0.008372093023255813
MOTOR_ACCUM=-27.21767441860465
MOTOR_ROT=-52

[10:29:04.264 EBOX]
TS=1786204028.636
V_SENSE5=1.32568359375
V_SENSE9=0.0341796875
V_SENSE12=0.126953125
ADC_V5=4.84100341796875
ADC_V9=9.49615478515625
ADC_V12=11.5936279296875
ADC_V28=27.10784912109375
THERMAL_SENS_OUT_1=29
THERMAL_SENS_OUT_2=-50
THERMAL_SENS_OUT_3=26
THERMAL_SENS_OUT_4=25
THERMAL_SENS_OUT_5=32
THERMAL_SENS_OUT_6=-50
THERMAL_SENS_INT_1=23
THERMAL_SENS_INT_2=27
PG_5=0
PG_9=0
PG_12=0
FLT_P2=0
FLT_P3=0
HEAT_1_TEMP=29
HEAT_1_DUTY=0
HEAT_1_SP=-20.0
HEAT_2_TEMP=26
HEAT_2_DUTY=0
HEAT_2_SP=-20.0
HEAT_3_TEMP=25
HEAT_3_DUTY=0
HEAT_3_SP=-20.0
HEAT_4_TEMP=32
HEAT_4_DUTY=0
HEAT_4_SP=-20.0
MOTOR_ANGLE=0.0015261627906976744
MOTOR_ACCUM=1.0480377906976743
MOTOR_ROT=2

[10:29:05.072 CUBESAT]
TS=1786205359.263
PG_5=1
PG_9=0
PG_12=0
FLT_P2=0
FLT_P3=0
HEAT_1_TEMP=0.0
HEAT_1_DUTY=0
HEAT_1_SP=-20.0
ENC_RAW=10009
ENC_ANGLE=219.92431640625
ENC_ACCUM=0.02197265625
AUTO_STOP=1
MOTOR_ANGLE=-0.008372093023255813
MOTOR_ACCUM=-27.21767441860465
MOTOR_ROT=-52

[10:29:06.287 EBOX]
TS=1786204030.638
V_SENSE5=1.16455078125
V_SENSE9=0.0341796875
V_SENSE12=0.13916015625
ADC_V5=4.9560546875
ADC_V9=9.27490234375
ADC_V12=11.8060302734375
ADC_V28=26.91314697265625
THERMAL_SENS_OUT_1=29
THERMAL_SENS_OUT_2=-50
THERMAL_SENS_OUT_3=30
THERMAL_SENS_OUT_4=25
THERMAL_SENS_OUT_5=32
THERMAL_SENS_OUT_6=-50
THERMAL_SENS_INT_1=27
THERMAL_SENS_INT_2=25
PG_5=0
PG_9=0
PG_12=0
FLT_P2=0
FLT_P3=0
HEAT_1_TEMP=29
HEAT_1_DUTY=0
HEAT_1_SP=-20.0
HEAT_2_TEMP=30
HEAT_2_DUTY=0
HEAT_2_SP=-20.0
HEAT_3_TEMP=25
HEAT_3_DUTY=0
HEAT_3_SP=-20.0
HEAT_4_TEMP=32
HEAT_4_DUTY=0
HEAT_4_SP=-20.0
MOTOR_ANGLE=0.0015261627906976744
MOTOR_ACCUM=1.0480377906976743
MOTOR_ROT=2

[10:29:07.597 CUBESAT]
TS=1786205361.265
PG_5=1
PG_9=0
PG_12=0
FLT_P2=0
FLT_P3=0
HEAT_1_TEMP=0.0
HEAT_1_DUTY=10
HEAT_1_SP=-20.0
ENC_RAW=10007
ENC_ANGLE=219.88037109375
ENC_ACCUM=-0.02197265625
AUTO_STOP=1
MOTOR_ANGLE=-0.008372093023255813
MOTOR_ACCUM=-27.21767441860465
MOTOR_ROT=-52

[10:29:08.311 EBOX]
TS=1786204032.643
V_SENSE5=1.31103515625
V_SENSE9=0.0341796875
V_SENSE12=0.1220703125
ADC_V5=4.9560546875
ADC_V9=9.51385498046875
ADC_V12=11.90338134765625
ADC_V28=27.17864990234375
THERMAL_SENS_OUT_1=26
THERMAL_SENS_OUT_2=-50
THERMAL_SENS_OUT_3=26
THERMAL_SENS_OUT_4=27
THERMAL_SENS_OUT_5=29
THERMAL_SENS_OUT_6=-50
THERMAL_SENS_INT_1=23
THERMAL_SENS_INT_2=24
PG_5=0
PG_9=0
PG_12=0
FLT_P2=0
FLT_P3=0
HEAT_1_TEMP=26
HEAT_1_DUTY=0
HEAT_1_SP=-20.0
HEAT_2_TEMP=26
HEAT_2_DUTY=0
HEAT_2_SP=-20.0
HEAT_3_TEMP=27
HEAT_3_DUTY=0
HEAT_3_SP=-20.0
HEAT_4_TEMP=29
HEAT_4_DUTY=0
HEAT_4_SP=-20.0
MOTOR_ANGLE=0.0015261627906976744
MOTOR_ACCUM=1.0480377906976743
MOTOR_ROT=2

[10:29:10.024 CUBESAT]
TS=1786205363.267
PG_5=1
PG_9=0
PG_12=0
FLT_P2=0
FLT_P3=0
HEAT_1_TEMP=0.0
HEAT_1_DUTY=0
HEAT_1_SP=-20.0
ENC_RAW=10011
ENC_ANGLE=219.96826171875
ENC_ACCUM=0.06591796875
AUTO_STOP=1
MOTOR_ANGLE=-0.008372093023255813
MOTOR_ACCUM=-27.21767441860465
MOTOR_ROT=-52

[10:29:10.237 EBOX]
TS=1786204034.646
V_SENSE5=1.25244140625
V_SENSE9=0.0390625
V_SENSE12=0.1171875
ADC_V5=4.96490478515625
ADC_V9=9.1156005859375
ADC_V12=11.859130859375
ADC_V28=27.010498046875
THERMAL_SENS_OUT_1=25
THERMAL_SENS_OUT_2=-50
THERMAL_SENS_OUT_3=28
THERMAL_SENS_OUT_4=27
THERMAL_SENS_OUT_5=28
THERMAL_SENS_OUT_6=-50
THERMAL_SENS_INT_1=23
THERMAL_SENS_INT_2=25
PG_5=0
PG_9=0
PG_12=0
FLT_P2=0
FLT_P3=0
HEAT_1_TEMP=25
HEAT_1_DUTY=0
HEAT_1_SP=-20.0
HEAT_2_TEMP=28
HEAT_2_DUTY=0
HEAT_2_SP=-20.0
HEAT_3_TEMP=27
HEAT_3_DUTY=0
HEAT_3_SP=-20.0
HEAT_4_TEMP=28
HEAT_4_DUTY=0
HEAT_4_SP=-20.0
MOTOR_ANGLE=0.0015261627906976744
MOTOR_ACCUM=1.0480377906976743
MOTOR_ROT=2

[10:29:11.548 CUBESAT]
TS=1786205365.268
PG_5=1
PG_9=0
PG_12=0
FLT_P2=0
FLT_P3=0
HEAT_1_TEMP=0.0
HEAT_1_DUTY=0
HEAT_1_SP=-20.0
ENC_RAW=10005
ENC_ANGLE=219.83642578125
ENC_ACCUM=-0.06591796875
AUTO_STOP=1
MOTOR_ANGLE=-0.008372093023255813
MOTOR_ACCUM=-27.21767441860465
MOTOR_ROT=-52

[10:29:12.259 EBOX]
TS=1786204036.649
V_SENSE5=1.19873046875
V_SENSE9=0.03662109375
V_SENSE12=0.12939453125
ADC_V5=4.9560546875
ADC_V9=9.345703125
ADC_V12=11.99188232421875
ADC_V28=27.09014892578125
THERMAL_SENS_OUT_1=24
THERMAL_SENS_OUT_2=-50
THERMAL_SENS_OUT_3=30
THERMAL_SENS_OUT_4=26
THERMAL_SENS_OUT_5=32
THERMAL_SENS_OUT_6=-50
THERMAL_SENS_INT_1=28
THERMAL_SENS_INT_2=25
PG_5=0
PG_9=0
PG_12=0
FLT_P2=0
FLT_P3=0
HEAT_1_TEMP=24
HEAT_1_DUTY=0
HEAT_1_SP=-20.0
HEAT_2_TEMP=30
HEAT_2_DUTY=0
HEAT_2_SP=-20.0
HEAT_3_TEMP=26
HEAT_3_DUTY=0
HEAT_3_SP=-20.0
HEAT_4_TEMP=32
HEAT_4_DUTY=0
HEAT_4_SP=-20.0
MOTOR_ANGLE=0.0015261627906976744
MOTOR_ACCUM=1.0480377906976743
MOTOR_ROT=2

[10:29:13.065 CUBESAT]
TS=1786205367.271
PG_5=1
PG_9=0
PG_12=0
FLT_P2=0
FLT_P3=0
HEAT_1_TEMP=0.0
HEAT_1_DUTY=0
HEAT_1_SP=-20.0
ENC_RAW=10006
ENC_ANGLE=219.8583984375
ENC_ACCUM=-0.0439453125
AUTO_STOP=1
MOTOR_ANGLE=-0.008372093023255813
MOTOR_ACCUM=-27.21767441860465
MOTOR_ROT=-52

[10:29:14.784 EBOX]
TS=1786204038.653
V_SENSE5=1.26953125
V_SENSE9=0.0341796875
V_SENSE12=0.1318359375
ADC_V5=5.00030517578125
ADC_V9=9.2218017578125
ADC_V12=11.93878173828125
ADC_V28=27.00164794921875
THERMAL_SENS_OUT_1=27
THERMAL_SENS_OUT_2=-50
THERMAL_SENS_OUT_3=30
THERMAL_SENS_OUT_4=27
THERMAL_SENS_OUT_5=27
THERMAL_SENS_OUT_6=-50
THERMAL_SENS_INT_1=25
THERMAL_SENS_INT_2=24
PG_5=0
PG_9=0
PG_12=0
FLT_P2=0
FLT_P3=0
HEAT_1_TEMP=27
HEAT_1_DUTY=0
HEAT_1_SP=-20.0
HEAT_2_TEMP=30
HEAT_2_DUTY=0
HEAT_2_SP=-20.0
HEAT_3_TEMP=27
HEAT_3_DUTY=0
HEAT_3_SP=-20.0
HEAT_4_TEMP=27
HEAT_4_DUTY=0
HEAT_4_SP=-20.0
MOTOR_ANGLE=0.0015261627906976744
MOTOR_ACCUM=1.0480377906976743
MOTOR_ROT=2

[10:29:15.088 CUBESAT]
TS=1786205369.273
PG_5=1
PG_9=0
PG_12=0
FLT_P2=0
FLT_P3=0
HEAT_1_TEMP=0.0
HEAT_1_DUTY=0
HEAT_1_SP=-20.0
ENC_RAW=10012
ENC_ANGLE=219.990234375
ENC_ACCUM=0.087890625
AUTO_STOP=1
MOTOR_ANGLE=-0.008372093023255813
MOTOR_ACCUM=-27.21767441860465
MOTOR_ROT=-52

[10:29:16.306 EBOX]
TS=1786204040.657
V_SENSE5=1.31103515625
V_SENSE9=0.048828125
V_SENSE12=0.1171875
ADC_V5=4.9560546875
ADC_V9=8.92974853515625
ADC_V12=11.8768310546875
ADC_V28=27.21405029296875
THERMAL_SENS_OUT_1=27
THERMAL_SENS_OUT_2=-50
THERMAL_SENS_OUT_3=26
THERMAL_SENS_OUT_4=23
THERMAL_SENS_OUT_5=29
THERMAL_SENS_OUT_6=-50
THERMAL_SENS_INT_1=23
THERMAL_SENS_INT_2=28
PG_5=0
PG_9=0
PG_12=0
FLT_P2=0
FLT_P3=0
HEAT_1_TEMP=27
HEAT_1_DUTY=0
HEAT_1_SP=-20.0
HEAT_2_TEMP=26
HEAT_2_DUTY=0
HEAT_2_SP=-20.0
HEAT_3_TEMP=23
HEAT_3_DUTY=0
HEAT_3_SP=-20.0
HEAT_4_TEMP=29
HEAT_4_DUTY=0
HEAT_4_SP=-20.0
MOTOR_ANGLE=0.0015261627906976744
MOTOR_ACCUM=1.0480377906976743
MOTOR_ROT=2

[10:29:17.015 CUBESAT]
TS=1786205371.275
PG_5=1
PG_9=0
PG_12=0
FLT_P2=0
FLT_P3=0
HEAT_1_TEMP=0.0
HEAT_1_DUTY=10
HEAT_1_SP=-20.0
ENC_RAW=10007
ENC_ANGLE=219.88037109375
ENC_ACCUM=-0.02197265625
AUTO_STOP=1
MOTOR_ANGLE=-0.008372093023255813
MOTOR_ACCUM=-27.21767441860465
MOTOR_ROT=-52

[10:29:18.331 EBOX]
TS=1786204042.664
V_SENSE5=1.1572265625
V_SENSE9=0.0390625
V_SENSE12=0.14404296875
ADC_V5=4.94720458984375
ADC_V9=9.027099609375
ADC_V12=11.5228271484375
ADC_V28=27.68310546875
THERMAL_SENS_OUT_1=26
THERMAL_SENS_OUT_2=-50
THERMAL_SENS_OUT_3=31
THERMAL_SENS_OUT_4=25
THERMAL_SENS_OUT_5=27
THERMAL_SENS_OUT_6=-50
THERMAL_SENS_INT_1=26
THERMAL_SENS_INT_2=27
PG_5=0
PG_9=0
PG_12=0
FLT_P2=0
FLT_P3=0
HEAT_1_TEMP=26
HEAT_1_DUTY=0
HEAT_1_SP=-20.0
HEAT_2_TEMP=31
HEAT_2_DUTY=0
HEAT_2_SP=-20.0
HEAT_3_TEMP=25
HEAT_3_DUTY=0
HEAT_3_SP=-20.0
HEAT_4_TEMP=27
HEAT_4_DUTY=0
HEAT_4_SP=-20.0
MOTOR_ANGLE=0.0015261627906976744
MOTOR_ACCUM=1.0480377906976743
MOTOR_ROT=2

[10:29:19.140 CUBESAT]
TS=1786205373.276
PG_5=1
PG_9=0
PG_12=0
FLT_P2=0
FLT_P3=0
HEAT_1_TEMP=0.0
HEAT_1_DUTY=0
HEAT_1_SP=-20.0
ENC_RAW=10007
ENC_ANGLE=219.88037109375
ENC_ACCUM=-0.02197265625
AUTO_STOP=1
MOTOR_ANGLE=-0.008372093023255813
MOTOR_ACCUM=-27.21767441860465
MOTOR_ROT=-52

[10:29:20.255 EBOX]
TS=1786204044.662
V_SENSE5=1.25
V_SENSE9=0.0341796875
V_SENSE12=0.14404296875
ADC_V5=4.991455078125
ADC_V9=8.9208984375
ADC_V12=11.859130859375
ADC_V28=27.85125732421875
THERMAL_SENS_OUT_1=28
THERMAL_SENS_OUT_2=-50
THERMAL_SENS_OUT_3=29
THERMAL_SENS_OUT_4=24
THERMAL_SENS_OUT_5=30
THERMAL_SENS_OUT_6=-50
THERMAL_SENS_INT_1=25
THERMAL_SENS_INT_2=28
PG_5=0
PG_9=0
PG_12=0
FLT_P2=0
FLT_P3=0
HEAT_1_TEMP=28
HEAT_1_DUTY=0
HEAT_1_SP=-20.0
HEAT_2_TEMP=29
HEAT_2_DUTY=0
HEAT_2_SP=-20.0
HEAT_3_TEMP=24
HEAT_3_DUTY=0
HEAT_3_SP=-20.0
HEAT_4_TEMP=30
HEAT_4_DUTY=0
HEAT_4_SP=-20.0
MOTOR_ANGLE=0.0015261627906976744
MOTOR_ACCUM=1.0480377906976743
MOTOR_ROT=2

[10:29:21.062 CUBESAT]
TS=1786205375.278
PG_5=1
PG_9=0
PG_12=0
FLT_P2=0
FLT_P3=0
HEAT_1_TEMP=0.0
HEAT_1_DUTY=0
HEAT_1_SP=-20.0
ENC_RAW=10008
ENC_ANGLE=219.90234375
ENC_ACCUM=0.0
AUTO_STOP=1
MOTOR_ANGLE=-0.008372093023255813
MOTOR_ACCUM=-27.21767441860465
MOTOR_ROT=-52

[10:29:22.379 EBOX]
TS=1786204046.666
V_SENSE5=1.3916015625
V_SENSE9=0.0390625
V_SENSE12=0.146484375
ADC_V5=5.00030517578125
ADC_V9=9.00054931640625
ADC_V12=11.70867919921875
ADC_V28=27.44415283203125
THERMAL_SENS_OUT_1=25
THERMAL_SENS_OUT_2=-50
THERMAL_SENS_OUT_3=29
THERMAL_SENS_OUT_4=26
THERMAL_SENS_OUT_5=31
THERMAL_SENS_OUT_6=-50
THERMAL_SENS_INT_1=26
THERMAL_SENS_INT_2=24
PG_5=0
PG_9=0
PG_12=0
FLT_P2=0
FLT_P3=0
HEAT_1_TEMP=25
HEAT_1_DUTY=0
HEAT_1_SP=-20.0
HEAT_2_TEMP=29
HEAT_2_DUTY=0
HEAT_2_SP=-20.0
HEAT_3_TEMP=26
HEAT_3_DUTY=0
HEAT_3_SP=-20.0
HEAT_4_TEMP=31
HEAT_4_DUTY=0
HEAT_4_SP=-20.0
MOTOR_ANGLE=0.0015261627906976744
MOTOR_ACCUM=1.0480377906976743
MOTOR_ROT=2

[10:29:23.086 CUBESAT]
TS=1786205377.280
PG_5=1
PG_9=0
PG_12=0
FLT_P2=0
FLT_P3=0
HEAT_1_TEMP=0.0
HEAT_1_DUTY=0
HEAT_1_SP=-20.0
ENC_RAW=10007
ENC_ANGLE=219.88037109375
ENC_ACCUM=-0.02197265625
AUTO_STOP=1
MOTOR_ANGLE=-0.008372093023255813
MOTOR_ACCUM=-27.21767441860465
MOTOR_ROT=-52

[10:29:24.304 EBOX]
TS=1786204048.668
V_SENSE5=1.2939453125
V_SENSE9=0.03662109375
V_SENSE12=0.13671875
ADC_V5=5.0091552734375
ADC_V9=9.381103515625
ADC_V12=11.9122314453125
ADC_V28=27.7716064453125
THERMAL_SENS_OUT_1=26
THERMAL_SENS_OUT_2=-50
THERMAL_SENS_OUT_3=27
THERMAL_SENS_OUT_4=23
THERMAL_SENS_OUT_5=32
THERMAL_SENS_OUT_6=-50
THERMAL_SENS_INT_1=23
THERMAL_SENS_INT_2=26
PG_5=0
PG_9=0
PG_12=0
FLT_P2=0
FLT_P3=0
HEAT_1_TEMP=26
HEAT_1_DUTY=0
HEAT_1_SP=-20.0
HEAT_2_TEMP=27
HEAT_2_DUTY=0
HEAT_2_SP=-20.0
HEAT_3_TEMP=23
HEAT_3_DUTY=0
HEAT_3_SP=-20.0
HEAT_4_TEMP=32
HEAT_4_DUTY=0
HEAT_4_SP=-20.0
MOTOR_ANGLE=0.0015261627906976744
MOTOR_ACCUM=1.0480377906976743
MOTOR_ROT=2

[10:29:25.011 CUBESAT]
TS=1786205379.282
PG_5=1
PG_9=0
PG_12=0
FLT_P2=0
FLT_P3=0
HEAT_1_TEMP=0.0
HEAT_1_DUTY=0
HEAT_1_SP=-20.0
ENC_RAW=10009
ENC_ANGLE=219.92431640625
ENC_ACCUM=0.02197265625
AUTO_STOP=1
MOTOR_ANGLE=-0.008372093023255813
MOTOR_ACCUM=-27.21767441860465
MOTOR_ROT=-52

[10:29:26.332 EBOX]
TS=1786204050.673
V_SENSE5=1.328125
V_SENSE9=0.0390625
V_SENSE12=0.1123046875
ADC_V5=4.92950439453125
ADC_V9=9.58465576171875
ADC_V12=11.81488037109375
ADC_V28=26.9219970703125
THERMAL_SENS_OUT_1=24
THERMAL_SENS_OUT_2=-50
THERMAL_SENS_OUT_3=29
THERMAL_SENS_OUT_4=26
THERMAL_SENS_OUT_5=28
THERMAL_SENS_OUT_6=-50
THERMAL_SENS_INT_1=24
THERMAL_SENS_INT_2=29
PG_5=0
PG_9=0
PG_12=0
FLT_P2=0
FLT_P3=0
HEAT_1_TEMP=24
HEAT_1_DUTY=0
HEAT_1_SP=-20.0
HEAT_2_TEMP=29
HEAT_2_DUTY=0
HEAT_2_SP=-20.0
HEAT_3_TEMP=26
HEAT_3_DUTY=0
HEAT_3_SP=-20.0
HEAT_4_TEMP=28
HEAT_4_DUTY=0
HEAT_4_SP=-20.0
MOTOR_ANGLE=0.0015261627906976744
MOTOR_ACCUM=1.0480377906976743
MOTOR_ROT=2

[10:29:27.040 CUBESAT]
TS=1786205381.283
PG_5=1
PG_9=0
PG_12=0
FLT_P2=0
FLT_P3=0
HEAT_1_TEMP=0.0
HEAT_1_DUTY=0
HEAT_1_SP=-20.0
ENC_RAW=10006
ENC_ANGLE=219.8583984375
ENC_ACCUM=-0.0439453125
AUTO_STOP=1
MOTOR_ANGLE=-0.008372093023255813
MOTOR_ACCUM=-27.21767441860465
MOTOR_ROT=-52

[10:29:28.760 EBOX]
TS=1786204052.676
V_SENSE5=1.19873046875
V_SENSE9=0.03662109375
V_SENSE12=0.1171875
ADC_V5=5.08880615234375
ADC_V9=9.37225341796875
ADC_V12=11.79718017578125
ADC_V28=26.97509765625
THERMAL_SENS_OUT_1=26
THERMAL_SENS_OUT_2=-50
THERMAL_SENS_OUT_3=26
THERMAL_SENS_OUT_4=26
THERMAL_SENS_OUT_5=30
THERMAL_SENS_OUT_6=-50
THERMAL_SENS_INT_1=26
THERMAL_SENS_INT_2=27
PG_5=0
PG_9=0
PG_12=0
FLT_P2=0
FLT_P3=0
HEAT_1_TEMP=26
HEAT_1_DUTY=0
HEAT_1_SP=-20.0
HEAT_2_TEMP=26
HEAT_2_DUTY=0
HEAT_2_SP=-20.0
HEAT_3_TEMP=26
HEAT_3_DUTY=0
HEAT_3_SP=-20.0
HEAT_4_TEMP=30
HEAT_4_DUTY=0
HEAT_4_SP=-20.0
MOTOR_ANGLE=0.0015261627906976744
MOTOR_ACCUM=1.0480377906976743
MOTOR_ROT=2

[10:29:29.065 CUBESAT]
TS=1786205383.286
PG_5=1
PG_9=0
PG_12=0
FLT_P2=0
FLT_P3=0
HEAT_1_TEMP=0.0
HEAT_1_DUTY=0
HEAT_1_SP=-20.0
ENC_RAW=10008
ENC_ANGLE=219.90234375
ENC_ACCUM=0.0
AUTO_STOP=1
MOTOR_ANGLE=-0.008372093023255813
MOTOR_ACCUM=-27.21767441860465
MOTOR_ROT=-52

[10:29:30.282 EBOX]
TS=1786204054.684
V_SENSE5=1.1474609375
V_SENSE9=0.0390625
V_SENSE12=0.1318359375
ADC_V5=4.991455078125
ADC_V9=9.0093994140625
ADC_V12=11.788330078125
ADC_V28=27.7362060546875
THERMAL_SENS_OUT_1=27
THERMAL_SENS_OUT_2=-50
THERMAL_SENS_OUT_3=29
THERMAL_SENS_OUT_4=29
THERMAL_SENS_OUT_5=30
THERMAL_SENS_OUT_6=-50
THERMAL_SENS_INT_1=23
THERMAL_SENS_INT_2=29
PG_5=0
PG_9=0
PG_12=0
FLT_P2=0
FLT_P3=0
HEAT_1_TEMP=27
HEAT_1_DUTY=0
HEAT_1_SP=-20.0
HEAT_2_TEMP=29
HEAT_2_DUTY=0
HEAT_2_SP=-20.0
HEAT_3_TEMP=29
HEAT_3_DUTY=0
HEAT_3_SP=-20.0
HEAT_4_TEMP=30
HEAT_4_DUTY=0
HEAT_4_SP=-20.0
MOTOR_ANGLE=0.0015261627906976744
MOTOR_ACCUM=1.0480377906976743
MOTOR_ROT=2

[10:29:31.090 CUBESAT]
TS=1786205385.288
PG_5=1
PG_9=0
PG_12=0
FLT_P2=0
FLT_P3=0
HEAT_1_TEMP=0.0
HEAT_1_DUTY=0
HEAT_1_SP=-20.0
ENC_RAW=10005
ENC_ANGLE=219.83642578125
ENC_ACCUM=-0.06591796875
AUTO_STOP=1
MOTOR_ANGLE=-0.008372093023255813
MOTOR_ACCUM=-27.21767441860465
MOTOR_ROT=-52

[10:29:32.308 EBOX]
TS=1786204056.683
V_SENSE5=1.34765625
V_SENSE9=0.03173828125
V_SENSE12=0.1416015625
ADC_V5=4.9737548828125
ADC_V9=9.17755126953125
ADC_V12=11.69097900390625
ADC_V28=27.53265380859375
THERMAL_SENS_OUT_1=27
THERMAL_SENS_OUT_2=-50
THERMAL_SENS_OUT_3=26
THERMAL_SENS_OUT_4=25
THERMAL_SENS_OUT_5=30
THERMAL_SENS_OUT_6=-50
THERMAL_SENS_INT_1=27
THERMAL_SENS_INT_2=24
PG_5=0
PG_9=0
PG_12=0
FLT_P2=0
FLT_P3=0
HEAT_1_TEMP=27
HEAT_1_DUTY=0
HEAT_1_SP=-20.0
HEAT_2_TEMP=26
HEAT_2_DUTY=0
HEAT_2_SP=-20.0
HEAT_3_TEMP=25
HEAT_3_DUTY=0
HEAT_3_SP=-20.0
HEAT_4_TEMP=30
HEAT_4_DUTY=0
HEAT_4_SP=-20.0
MOTOR_ANGLE=0.0015261627906976744
MOTOR_ACCUM=1.0480377906976743
MOTOR_ROT=2

[10:29:33.921 CUBESAT]
TS=1786205387.288
PG_5=1
PG_9=0
PG_12=0
FLT_P2=0
FLT_P3=0
HEAT_1_TEMP=0.0
HEAT_1_DUTY=10
HEAT_1_SP=-20.0
ENC_RAW=10007
ENC_ANGLE=219.88037109375
ENC_ACCUM=-0.02197265625
AUTO_STOP=1
MOTOR_ANGLE=-0.008372093023255813
MOTOR_ACCUM=-27.21767441860465
MOTOR_ROT=-52

[10:29:34.640 EBOX]
TS=1786204058.686
V_SENSE5=1.24755859375
V_SENSE9=0.07568359375
V_SENSE12=0.11474609375
ADC_V5=5.01800537109375
ADC_V9=8.91204833984375
ADC_V12=11.72637939453125
ADC_V28=27.7362060546875
THERMAL_SENS_OUT_1=26
THERMAL_SENS_OUT_2=-50
THERMAL_SENS_OUT_3=31
THERMAL_SENS_OUT_4=28
THERMAL_SENS_OUT_5=31
THERMAL_SENS_OUT_6=-50
THERMAL_SENS_INT_1=25
THERMAL_SENS_INT_2=24
PG_5=0
PG_9=0
PG_12=0
FLT_P2=0
FLT_P3=0
HEAT_1_TEMP=26
HEAT_1_DUTY=0
HEAT_1_SP=-20.0
HEAT_2_TEMP=31
HEAT_2_DUTY=0
HEAT_2_SP=-20.0
HEAT_3_TEMP=28
HEAT_3_DUTY=0
HEAT_3_SP=-20.0
HEAT_4_TEMP=31
HEAT_4_DUTY=0
HEAT_4_SP=-20.0
MOTOR_ANGLE=0.0015261627906976744
MOTOR_ACCUM=1.0480377906976743
MOTOR_ROT=2

[10:29:35.046 CUBESAT]
TS=1786205389.290
PG_5=1
PG_9=0
PG_12=0
FLT_P2=0
FLT_P3=0
HEAT_1_TEMP=0.0
HEAT_1_DUTY=0
HEAT_1_SP=-20.0
ENC_RAW=10005
ENC_ANGLE=219.83642578125
ENC_ACCUM=-0.06591796875
AUTO_STOP=1
MOTOR_ANGLE=-0.008372093023255813
MOTOR_ACCUM=-27.21767441860465
MOTOR_ROT=-52

[10:29:36.365 EBOX]
TS=1786204060.689
V_SENSE5=1.328125
V_SENSE9=0.0390625
V_SENSE12=0.12451171875
ADC_V5=4.991455078125
ADC_V9=8.9208984375
ADC_V12=11.86798095703125
ADC_V28=27.010498046875
THERMAL_SENS_OUT_1=25
THERMAL_SENS_OUT_2=-50
THERMAL_SENS_OUT_3=27
THERMAL_SENS_OUT_4=28
THERMAL_SENS_OUT_5=28
THERMAL_SENS_OUT_6=-50
THERMAL_SENS_INT_1=23
THERMAL_SENS_INT_2=29
PG_5=0
PG_9=0
PG_12=0
FLT_P2=0
FLT_P3=0
HEAT_1_TEMP=25
HEAT_1_DUTY=0
HEAT_1_SP=-20.0
HEAT_2_TEMP=27
HEAT_2_DUTY=0
HEAT_2_SP=-20.0
HEAT_3_TEMP=28
HEAT_3_DUTY=0
HEAT_3_SP=-20.0
HEAT_4_TEMP=28
HEAT_4_DUTY=0
HEAT_4_SP=-20.0
MOTOR_ANGLE=0.0015261627906976744
MOTOR_ACCUM=1.0480377906976743
MOTOR_ROT=2

[10:29:37.373 CUBESAT]
TS=1786205391.293
PG_5=1
PG_9=0
PG_12=0
FLT_P2=0
FLT_P3=0
HEAT_1_TEMP=0.0
HEAT_1_DUTY=0
HEAT_1_SP=-20.0
ENC_RAW=10003
ENC_ANGLE=219.79248046875
ENC_ACCUM=-0.10986328125
AUTO_STOP=1
MOTOR_ANGLE=-0.008372093023255813
MOTOR_ACCUM=-27.21767441860465
MOTOR_ROT=-52

[10:29:38.288 EBOX]
TS=1786204062.693
V_SENSE5=1.26708984375
V_SENSE9=0.0341796875
V_SENSE12=0.12451171875
ADC_V5=4.89410400390625
ADC_V9=8.9208984375
ADC_V12=11.60247802734375
ADC_V28=27.4884033203125
THERMAL_SENS_OUT_1=26
THERMAL_SENS_OUT_2=-50
THERMAL_SENS_OUT_3=28
THERMAL_SENS_OUT_4=27
THERMAL_SENS_OUT_5=30
THERMAL_SENS_OUT_6=-50
THERMAL_SENS_INT_1=23
THERMAL_SENS_INT_2=30
PG_5=0
PG_9=0
PG_12=0
FLT_P2=0
FLT_P3=0
HEAT_1_TEMP=26
HEAT_1_DUTY=0
HEAT_1_SP=-20.0
HEAT_2_TEMP=28
HEAT_2_DUTY=0
HEAT_2_SP=-20.0
HEAT_3_TEMP=27
HEAT_3_DUTY=0
HEAT_3_SP=-20.0
HEAT_4_TEMP=30
HEAT_4_DUTY=0
HEAT_4_SP=-20.0
MOTOR_ANGLE=0.0015261627906976744
MOTOR_ACCUM=1.0480377906976743
MOTOR_ROT=2

[10:29:39.096 CUBESAT]
TS=1786205393.293
PG_5=1
PG_9=0
PG_12=0
FLT_P2=0
FLT_P3=0
HEAT_1_TEMP=0.0
HEAT_1_DUTY=0
HEAT_1_SP=-20.0
ENC_RAW=10010
ENC_ANGLE=219.9462890625
ENC_ACCUM=0.0439453125
AUTO_STOP=1
MOTOR_ANGLE=-0.008372093023255813
MOTOR_ACCUM=-27.21767441860465
MOTOR_ROT=-52

[10:29:40.317 EBOX]
TS=1786204064.695
V_SENSE5=1.18408203125
V_SENSE9=0.04638671875
V_SENSE12=0.1025390625
ADC_V5=5.03570556640625
ADC_V9=8.9208984375
ADC_V12=11.611328125
ADC_V28=27.32025146484375
THERMAL_SENS_OUT_1=28
THERMAL_SENS_OUT_2=-50
THERMAL_SENS_OUT_3=30
THERMAL_SENS_OUT_4=24
THERMAL_SENS_OUT_5=29
THERMAL_SENS_OUT_6=-50
THERMAL_SENS_INT_1=26
THERMAL_SENS_INT_2=24
PG_5=0
PG_9=0
PG_12=0
FLT_P2=0
FLT_P3=0
HEAT_1_TEMP=28
HEAT_1_DUTY=0
HEAT_1_SP=-20.0
HEAT_2_TEMP=30
HEAT_2_DUTY=0
HEAT_2_SP=-20.0
HEAT_3_TEMP=24
HEAT_3_DUTY=0
HEAT_3_SP=-20.0
HEAT_4_TEMP=29
HEAT_4_DUTY=0
HEAT_4_SP=-20.0
MOTOR_ANGLE=0.0015261627906976744
MOTOR_ACCUM=1.0480377906976743
MOTOR_ROT=2

[10:29:41.428 CUBESAT]
TS=1786205395.295
PG_5=1
PG_9=0
PG_12=0
FLT_P2=0
FLT_P3=0
HEAT_1_TEMP=0.0
HEAT_1_DUTY=0
HEAT_1_SP=-20.0
ENC_RAW=10008
ENC_ANGLE=219.90234375
ENC_ACCUM=0.0
AUTO_STOP=1
MOTOR_ANGLE=-0.008372093023255813
MOTOR_ACCUM=-27.21767441860465
MOTOR_ROT=-52

[10:29:42.950 EBOX]
TS=1786204066.698
V_SENSE5=1.2060546875
V_SENSE9=0.0390625
V_SENSE12=0.13427734375
ADC_V5=4.8321533203125
ADC_V9=9.41650390625
ADC_V12=11.77947998046875
ADC_V28=27.24945068359375
THERMAL_SENS_OUT_1=25
THERMAL_SENS_OUT_2=-50
THERMAL_SENS_OUT_3=28
THERMAL_SENS_OUT_4=29
THERMAL_SENS_OUT_5=29
THERMAL_SENS_OUT_6=-50
THERMAL_SENS_INT_1=23
THERMAL_SENS_INT_2=29
PG_5=0
PG_9=0
PG_12=0
FLT_P2=0
FLT_P3=0
HEAT_1_TEMP=25
HEAT_1_DUTY=0
HEAT_1_SP=-20.0
HEAT_2_TEMP=28
HEAT_2_DUTY=0
HEAT_2_SP=-20.0
HEAT_3_TEMP=29
HEAT_3_DUTY=0
HEAT_3_SP=-20.0
HEAT_4_TEMP=29
HEAT_4_DUTY=0
HEAT_4_SP=-20.0
MOTOR_ANGLE=0.0015261627906976744
MOTOR_ACCUM=1.0480377906976743
MOTOR_ROT=2

[10:29:43.055 CUBESAT]
TS=1786205397.296
PG_5=1
PG_9=0
PG_12=0
FLT_P2=0
FLT_P3=0
HEAT_1_TEMP=0.0
HEAT_1_DUTY=10
HEAT_1_SP=-20.0
ENC_RAW=10006
ENC_ANGLE=219.8583984375
ENC_ACCUM=-0.0439453125
AUTO_STOP=1
MOTOR_ANGLE=-0.008372093023255813
MOTOR_ACCUM=-27.21767441860465
MOTOR_ROT=-52

[10:29:44.473 EBOX]
TS=1786204068.711
V_SENSE5=1.30126953125
V_SENSE9=0.0390625
V_SENSE12=0.126953125
ADC_V5=4.88525390625
ADC_V9=9.40765380859375
ADC_V12=11.9122314453125
ADC_V28=27.1343994140625
THERMAL_SENS_OUT_1=25
THERMAL_SENS_OUT_2=-50
THERMAL_SENS_OUT_3=32
THERMAL_SENS_OUT_4=24
THERMAL_SENS_OUT_5=29
THERMAL_SENS_OUT_6=-50
THERMAL_SENS_INT_1=26
THERMAL_SENS_INT_2=24
PG_5=0
PG_9=0
PG_12=0
FLT_P2=0
FLT_P3=0
HEAT_1_TEMP=25
HEAT_1_DUTY=0
HEAT_1_SP=-20.0
HEAT_2_TEMP=32
HEAT_2_DUTY=0
HEAT_2_SP=-20.0
HEAT_3_TEMP=24
HEAT_3_DUTY=0
HEAT_3_SP=-20.0
HEAT_4_TEMP=29
HEAT_4_DUTY=0
HEAT_4_SP=-20.0
MOTOR_ANGLE=0.0015261627906976744
MOTOR_ACCUM=1.0480377906976743
MOTOR_ROT=2

[10:29:45.078 CUBESAT]
TS=1786205399.298
PG_5=1
PG_9=0
PG_12=0
FLT_P2=0
FLT_P3=0
HEAT_1_TEMP=0.0
HEAT_1_DUTY=0
HEAT_1_SP=-20.0
ENC_RAW=10006
ENC_ANGLE=219.8583984375
ENC_ACCUM=-0.0439453125
AUTO_STOP=1
MOTOR_ANGLE=-0.008372093023255813
MOTOR_ACCUM=-27.21767441860465
MOTOR_ROT=-52

[10:29:46.296 EBOX]
TS=1786204070.705
V_SENSE5=1.1865234375
V_SENSE9=0.0390625
V_SENSE12=0.126953125
ADC_V5=5.0091552734375
ADC_V9=9.31915283203125
ADC_V12=11.74407958984375
ADC_V28=27.470703125
THERMAL_SENS_OUT_1=25
THERMAL_SENS_OUT_2=-50
THERMAL_SENS_OUT_3=27
THERMAL_SENS_OUT_4=29
THERMAL_SENS_OUT_5=30
THERMAL_SENS_OUT_6=-50
THERMAL_SENS_INT_1=23
THERMAL_SENS_INT_2=29
PG_5=0
PG_9=0
PG_12=0
FLT_P2=0
FLT_P3=0
HEAT_1_TEMP=25
HEAT_1_DUTY=0
HEAT_1_SP=-20.0
HEAT_2_TEMP=27
HEAT_2_DUTY=0
HEAT_2_SP=-20.0
HEAT_3_TEMP=29
HEAT_3_DUTY=0
HEAT_3_SP=-20.0
HEAT_4_TEMP=30
HEAT_4_DUTY=0
HEAT_4_SP=-20.0
MOTOR_ANGLE=0.0015261627906976744
MOTOR_ACCUM=1.0480377906976743
MOTOR_ROT=2

[10:29:47.119 CUBESAT]
TS=1786205401.298
PG_5=1
PG_9=0
PG_12=0
FLT_P2=0
FLT_P3=0
HEAT_1_TEMP=0.0
HEAT_1_DUTY=0
HEAT_1_SP=-20.0
ENC_RAW=10009
ENC_ANGLE=219.92431640625
ENC_ACCUM=0.02197265625
AUTO_STOP=1
MOTOR_ANGLE=-0.008372093023255813
MOTOR_ACCUM=-27.21767441860465
MOTOR_ROT=-52

[10:29:48.339 EBOX]
TS=1786204072.713
V_SENSE5=1.3134765625
V_SENSE9=0.0341796875
V_SENSE12=0.126953125
ADC_V5=4.991455078125
ADC_V9=9.0447998046875
ADC_V12=11.74407958984375
ADC_V28=27.470703125
THERMAL_SENS_OUT_1=26
THERMAL_SENS_OUT_2=-50
THERMAL_SENS_OUT_3=28
THERMAL_SENS_OUT_4=28
THERMAL_SENS_OUT_5=28
THERMAL_SENS_OUT_6=-50
THERMAL_SENS_INT_1=25
THERMAL_SENS_INT_2=28
PG_5=0
PG_9=0
PG_12=0
FLT_P2=0
FLT_P3=0
HEAT_1_TEMP=26
HEAT_1_DUTY=0
HEAT_1_SP=-20.0
HEAT_2_TEMP=28
HEAT_2_DUTY=0
HEAT_2_SP=-20.0
HEAT_3_TEMP=28
HEAT_3_DUTY=0
HEAT_3_SP=-20.0
HEAT_4_TEMP=28
HEAT_4_DUTY=0
HEAT_4_SP=-20.0
MOTOR_ANGLE=0.0015261627906976744
MOTOR_ACCUM=1.0480377906976743
MOTOR_ROT=2

[10:29:49.146 CUBESAT]
TS=1786205403.300
PG_5=1
PG_9=0
PG_12=0
FLT_P2=0
FLT_P3=0
HEAT_1_TEMP=0.0
HEAT_1_DUTY=0
HEAT_1_SP=-20.0
ENC_RAW=10008
ENC_ANGLE=219.90234375
ENC_ACCUM=0.0
AUTO_STOP=1
MOTOR_ANGLE=-0.008372093023255813
MOTOR_ACCUM=-27.21767441860465
MOTOR_ROT=-52

[10:29:50.381 EBOX]
TS=1786204074.715
V_SENSE5=1.36962890625
V_SENSE9=0.0390625
V_SENSE12=0.126953125
ADC_V5=4.9737548828125
ADC_V9=9.26605224609375
ADC_V12=11.5582275390625
ADC_V28=27.83355712890625
THERMAL_SENS_OUT_1=28
THERMAL_SENS_OUT_2=-50
THERMAL_SENS_OUT_3=27
THERMAL_SENS_OUT_4=27
THERMAL_SENS_OUT_5=30
THERMAL_SENS_OUT_6=-50
THERMAL_SENS_INT_1=23
THERMAL_SENS_INT_2=25
PG_5=0
PG_9=0
PG_12=0
FLT_P2=0
FLT_P3=0
HEAT_1_TEMP=28
HEAT_1_DUTY=0
HEAT_1_SP=-20.0
HEAT_2_TEMP=27
HEAT_2_DUTY=0
HEAT_2_SP=-20.0
HEAT_3_TEMP=27
HEAT_3_DUTY=0
HEAT_3_SP=-20.0
HEAT_4_TEMP=30
HEAT_4_DUTY=0
HEAT_4_SP=-20.0
MOTOR_ANGLE=0.0015261627906976744
MOTOR_ACCUM=1.0480377906976743
MOTOR_ROT=2

[10:29:51.088 CUBESAT]
TS=1786205405.302
PG_5=1
PG_9=0
PG_12=0
FLT_P2=0
FLT_P3=0
HEAT_1_TEMP=0.0
HEAT_1_DUTY=0
HEAT_1_SP=-20.0
ENC_RAW=10008
ENC_ANGLE=219.90234375
ENC_ACCUM=0.0
AUTO_STOP=1
MOTOR_ANGLE=-0.008372093023255813
MOTOR_ACCUM=-27.21767441860465
MOTOR_ROT=-52

[10:29:52.306 EBOX]
TS=1786204076.716
V_SENSE5=1.3427734375
V_SENSE9=0.0390625
V_SENSE12=0.1123046875
ADC_V5=4.98260498046875
ADC_V9=8.92974853515625
ADC_V12=11.85028076171875
ADC_V28=27.19635009765625
THERMAL_SENS_OUT_1=23
THERMAL_SENS_OUT_2=-50
THERMAL_SENS_OUT_3=31
THERMAL_SENS_OUT_4=23
THERMAL_SENS_OUT_5=30
THERMAL_SENS_OUT_6=-50
THERMAL_SENS_INT_1=22
THERMAL_SENS_INT_2=26
PG_5=0
PG_9=0
PG_12=0
FLT_P2=0
FLT_P3=0
HEAT_1_TEMP=23
HEAT_1_DUTY=0
HEAT_1_SP=-20.0
HEAT_2_TEMP=31
HEAT_2_DUTY=0
HEAT_2_SP=-20.0
HEAT_3_TEMP=23
HEAT_3_DUTY=0
HEAT_3_SP=-20.0
HEAT_4_TEMP=30
HEAT_4_DUTY=0
HEAT_4_SP=-20.0
MOTOR_ANGLE=0.0015261627906976744
MOTOR_ACCUM=1.0480377906976743
MOTOR_ROT=2

[10:29:53.113 CUBESAT]
TS=1786205407.304
PG_5=1
PG_9=0
PG_12=0
FLT_P2=0
FLT_P3=0
HEAT_1_TEMP=0.0
HEAT_1_DUTY=10
HEAT_1_SP=-20.0
ENC_RAW=10008
ENC_ANGLE=219.90234375
ENC_ACCUM=0.0
AUTO_STOP=1
MOTOR_ANGLE=-0.008372093023255813
MOTOR_ACCUM=-27.21767441860465
MOTOR_ROT=-52

[10:29:54.335 EBOX]
TS=1786204078.724
V_SENSE5=1.41357421875
V_SENSE9=0.04150390625
V_SENSE12=0.11962890625
ADC_V5=4.88525390625
ADC_V9=8.96514892578125
ADC_V12=11.60247802734375
ADC_V28=27.47955322265625
THERMAL_SENS_OUT_1=27
THERMAL_SENS_OUT_2=-50
THERMAL_SENS_OUT_3=31
THERMAL_SENS_OUT_4=28
THERMAL_SENS_OUT_5=28
THERMAL_SENS_OUT_6=-50
THERMAL_SENS_INT_1=24
THERMAL_SENS_INT_2=30
PG_5=0
PG_9=0
PG_12=0
FLT_P2=0
FLT_P3=0
HEAT_1_TEMP=27
HEAT_1_DUTY=0
HEAT_1_SP=-20.0
HEAT_2_TEMP=31
HEAT_2_DUTY=0
HEAT_2_SP=-20.0
HEAT_3_TEMP=28
HEAT_3_DUTY=0
HEAT_3_SP=-20.0
HEAT_4_TEMP=28
HEAT_4_DUTY=0
HEAT_4_SP=-20.0
MOTOR_ANGLE=0.0015261627906976744
MOTOR_ACCUM=1.0480377906976743
MOTOR_ROT=2

[10:29:55.344 CUBESAT]
TS=1786205409.306
PG_5=1
PG_9=0
PG_12=0
FLT_P2=0
FLT_P3=0
HEAT_1_TEMP=0.0
HEAT_1_DUTY=0
HEAT_1_SP=-20.0
ENC_RAW=10010
ENC_ANGLE=219.9462890625
ENC_ACCUM=0.0439453125
AUTO_STOP=1
MOTOR_ANGLE=-0.008372093023255813
MOTOR_ACCUM=-27.21767441860465
MOTOR_ROT=-52

[10:29:56.368 EBOX]
TS=1786204080.725
V_SENSE5=1.2890625
V_SENSE9=0.0341796875
V_SENSE12=0.126953125
ADC_V5=4.920654296875
ADC_V9=9.58465576171875
ADC_V12=11.8768310546875
ADC_V28=27.46185302734375
THERMAL_SENS_OUT_1=25
THERMAL_SENS_OUT_2=-50
THERMAL_SENS_OUT_3=28
THERMAL_SENS_OUT_4=29
THERMAL_SENS_OUT_5=30
THERMAL_SENS_OUT_6=-50
THERMAL_SENS_INT_1=28
THERMAL_SENS_INT_2=26
PG_5=0
PG_9=0
PG_12=0
FLT_P2=0
FLT_P3=0
HEAT_1_TEMP=25
HEAT_1_DUTY=0
HEAT_1_SP=-20.0
HEAT_2_TEMP=28
HEAT_2_DUTY=0
HEAT_2_SP=-20.0
HEAT_3_TEMP=29
HEAT_3_DUTY=0
HEAT_3_SP=-20.0
HEAT_4_TEMP=30
HEAT_4_DUTY=0
HEAT_4_SP=-20.0
MOTOR_ANGLE=0.0015261627906976744
MOTOR_ACCUM=1.0480377906976743
MOTOR_ROT=2

[10:29:57.077 CUBESAT]
TS=1786205411.308
PG_5=1
PG_9=0
PG_12=0
FLT_P2=0
FLT_P3=0
HEAT_1_TEMP=0.0
HEAT_1_DUTY=0
HEAT_1_SP=-20.0
ENC_RAW=10006
ENC_ANGLE=219.8583984375
ENC_ACCUM=-0.0439453125
AUTO_STOP=1
MOTOR_ANGLE=-0.008372093023255813
MOTOR_ACCUM=-27.21767441860465
MOTOR_ROT=-52

[10:29:58.400 EBOX]
TS=1786204082.735
V_SENSE5=1.14990234375
V_SENSE9=0.0390625
V_SENSE12=0.11962890625
ADC_V5=4.94720458984375
ADC_V9=9.239501953125
ADC_V12=11.8060302734375
ADC_V28=27.09014892578125
THERMAL_SENS_OUT_1=27
THERMAL_SENS_OUT_2=-50
THERMAL_SENS_OUT_3=32
THERMAL_SENS_OUT_4=30
THERMAL_SENS_OUT_5=30
THERMAL_SENS_OUT_6=-50
THERMAL_SENS_INT_1=26
THERMAL_SENS_INT_2=29
PG_5=0
PG_9=0
PG_12=0
FLT_P2=0
FLT_P3=0
HEAT_1_TEMP=27
HEAT_1_DUTY=0
HEAT_1_SP=-20.0
HEAT_2_TEMP=32
HEAT_2_DUTY=0
HEAT_2_SP=-20.0
HEAT_3_TEMP=30
HEAT_3_DUTY=0
HEAT_3_SP=-20.0
HEAT_4_TEMP=30
HEAT_4_DUTY=0
HEAT_4_SP=-20.0
MOTOR_ANGLE=0.0015261627906976744
MOTOR_ACCUM=1.0480377906976743
MOTOR_ROT=2

[10:30:00.113 CUBESAT]
TS=1786205413.311
PG_5=1
PG_9=0
PG_12=0
FLT_P2=0
FLT_P3=0
HEAT_1_TEMP=0.0
HEAT_1_DUTY=0
HEAT_1_SP=-20.0
ENC_RAW=10008
ENC_ANGLE=219.90234375
ENC_ACCUM=0.0
AUTO_STOP=1
MOTOR_ANGLE=-0.008372093023255813
MOTOR_ACCUM=-27.21767441860465
MOTOR_ROT=-52

[10:30:00.630 EBOX]
TS=1786204084.730
V_SENSE5=1.3427734375
V_SENSE9=0.0341796875
V_SENSE12=0.1220703125
ADC_V5=4.82330322265625
ADC_V9=9.40765380859375
ADC_V12=11.646728515625
ADC_V28=27.14324951171875
THERMAL_SENS_OUT_1=23
THERMAL_SENS_OUT_2=-50
THERMAL_SENS_OUT_3=31
THERMAL_SENS_OUT_4=27
THERMAL_SENS_OUT_5=33
THERMAL_SENS_OUT_6=-50
THERMAL_SENS_INT_1=27
THERMAL_SENS_INT_2=28
PG_5=0
PG_9=0
PG_12=0
FLT_P2=0
FLT_P3=0
HEAT_1_TEMP=23
HEAT_1_DUTY=0
HEAT_1_SP=-20.0
HEAT_2_TEMP=31
HEAT_2_DUTY=0
HEAT_2_SP=-20.0
HEAT_3_TEMP=27
HEAT_3_DUTY=0
HEAT_3_SP=-20.0
HEAT_4_TEMP=33
HEAT_4_DUTY=0
HEAT_4_SP=-20.0
MOTOR_ANGLE=0.0015261627906976744
MOTOR_ACCUM=1.0480377906976743
MOTOR_ROT=2

[10:30:01.337 CUBESAT]
TS=1786205415.313
PG_5=1
PG_9=0
PG_12=0
FLT_P2=0
FLT_P3=0
HEAT_1_TEMP=0.0
HEAT_1_DUTY=0
HEAT_1_SP=-20.0
ENC_RAW=10006
ENC_ANGLE=219.8583984375
ENC_ACCUM=-0.0439453125
AUTO_STOP=1
MOTOR_ANGLE=-0.008372093023255813
MOTOR_ACCUM=-27.21767441860465
MOTOR_ROT=-52

[10:30:02.360 EBOX]
TS=1786204086.733
V_SENSE5=1.28173828125
V_SENSE9=0.0390625
V_SENSE12=0.107421875
ADC_V5=4.94720458984375
ADC_V9=9.2572021484375
ADC_V12=11.929931640625
ADC_V28=27.67425537109375
THERMAL_SENS_OUT_1=28
THERMAL_SENS_OUT_2=-50
THERMAL_SENS_OUT_3=27
THERMAL_SENS_OUT_4=28
THERMAL_SENS_OUT_5=29
THERMAL_SENS_OUT_6=-50
THERMAL_SENS_INT_1=23
THERMAL_SENS_INT_2=27
PG_5=0
PG_9=0
PG_12=0
FLT_P2=0
FLT_P3=0
HEAT_1_TEMP=28
HEAT_1_DUTY=0
HEAT_1_SP=-20.0
HEAT_2_TEMP=27
HEAT_2_DUTY=0
HEAT_2_SP=-20.0
HEAT_3_TEMP=28
HEAT_3_DUTY=0
HEAT_3_SP=-20.0
HEAT_4_TEMP=29
HEAT_4_DUTY=0
HEAT_4_SP=-20.0
MOTOR_ANGLE=0.0015261627906976744
MOTOR_ACCUM=1.0480377906976743
MOTOR_ROT=2

[10:30:03.370 CUBESAT]
TS=1786205417.315
PG_5=1
PG_9=0
PG_12=0
FLT_P2=0
FLT_P3=0
HEAT_1_TEMP=0.0
HEAT_1_DUTY=0
HEAT_1_SP=-20.0
ENC_RAW=10009
ENC_ANGLE=219.92431640625
ENC_ACCUM=0.02197265625
AUTO_STOP=1
MOTOR_ANGLE=-0.008372093023255813
MOTOR_ACCUM=-27.21767441860465
MOTOR_ROT=-52

[10:30:04.693 EBOX]
TS=1786204088.736
V_SENSE5=1.2744140625
V_SENSE9=0.05615234375
V_SENSE12=0.1220703125
ADC_V5=4.9383544921875
ADC_V9=9.0625
ADC_V12=11.81488037109375
ADC_V28=26.97509765625
THERMAL_SENS_OUT_1=26
THERMAL_SENS_OUT_2=-50
THERMAL_SENS_OUT_3=28
THERMAL_SENS_OUT_4=26
THERMAL_SENS_OUT_5=28
THERMAL_SENS_OUT_6=-50
THERMAL_SENS_INT_1=23
THERMAL_SENS_INT_2=29
PG_5=0
PG_9=0
PG_12=0
FLT_P2=0
FLT_P3=0
HEAT_1_TEMP=26
HEAT_1_DUTY=0
HEAT_1_SP=-20.0
HEAT_2_TEMP=28
HEAT_2_DUTY=0
HEAT_2_SP=-20.0
HEAT_3_TEMP=26
HEAT_3_DUTY=0
HEAT_3_SP=-20.0
HEAT_4_TEMP=28
HEAT_4_DUTY=0
HEAT_4_SP=-20.0
MOTOR_ANGLE=0.0015261627906976744
MOTOR_ACCUM=1.0480377906976743
MOTOR_ROT=2

[10:30:05.100 CUBESAT]
TS=1786205419.317
PG_5=1
PG_9=0
PG_12=0
FLT_P2=0
FLT_P3=0
HEAT_1_TEMP=0.0
HEAT_1_DUTY=0
HEAT_1_SP=-20.0
ENC_RAW=10007
ENC_ANGLE=219.88037109375
ENC_ACCUM=-0.02197265625
AUTO_STOP=1
MOTOR_ANGLE=-0.008372093023255813
MOTOR_ACCUM=-27.21767441860465
MOTOR_ROT=-52

[10:30:06.726 EBOX]
TS=1786204090.738
V_SENSE5=1.23779296875
V_SENSE9=0.07568359375
V_SENSE12=0.12451171875
ADC_V5=4.9029541015625
ADC_V9=9.3280029296875
ADC_V12=11.92108154296875
ADC_V28=27.58575439453125
THERMAL_SENS_OUT_1=25
THERMAL_SENS_OUT_2=-50
THERMAL_SENS_OUT_3=26
THERMAL_SENS_OUT_4=26
THERMAL_SENS_OUT_5=33
THERMAL_SENS_OUT_6=-50
THERMAL_SENS_INT_1=28
THERMAL_SENS_INT_2=25
PG_5=0
PG_9=0
PG_12=0
FLT_P2=0
FLT_P3=0
HEAT_1_TEMP=25
HEAT_1_DUTY=0
HEAT_1_SP=-20.0
HEAT_2_TEMP=26
HEAT_2_DUTY=0
HEAT_2_SP=-20.0
HEAT_3_TEMP=26
HEAT_3_DUTY=0
HEAT_3_SP=-20.0
HEAT_4_TEMP=33
HEAT_4_DUTY=0
HEAT_4_SP=-20.0
MOTOR_ANGLE=0.0015261627906976744
MOTOR_ACCUM=1.0480377906976743
MOTOR_ROT=2

[10:30:07.132 CUBESAT]
TS=1786205421.319
PG_5=1
PG_9=0
PG_12=0
FLT_P2=0
FLT_P3=0
HEAT_1_TEMP=0.0
HEAT_1_DUTY=0
HEAT_1_SP=-20.0
ENC_RAW=10010
ENC_ANGLE=219.9462890625
ENC_ACCUM=0.0439453125
AUTO_STOP=1
MOTOR_ANGLE=-0.008372093023255813
MOTOR_ACCUM=-27.21767441860465
MOTOR_ROT=-52

[10:30:08.359 EBOX]
TS=1786204092.742
V_SENSE5=1.15478515625
V_SENSE9=0.0390625
V_SENSE12=0.126953125
ADC_V5=4.92950439453125
ADC_V9=9.2041015625
ADC_V12=11.6290283203125
ADC_V28=27.7008056640625
THERMAL_SENS_OUT_1=26
THERMAL_SENS_OUT_2=-50
THERMAL_SENS_OUT_3=31
THERMAL_SENS_OUT_4=25
THERMAL_SENS_OUT_5=33
THERMAL_SENS_OUT_6=-50
THERMAL_SENS_INT_1=24
THERMAL_SENS_INT_2=26
PG_5=0
PG_9=0
PG_12=0
FLT_P2=0
FLT_P3=0
HEAT_1_TEMP=26
HEAT_1_DUTY=0
HEAT_1_SP=-20.0
HEAT_2_TEMP=31
HEAT_2_DUTY=0
HEAT_2_SP=-20.0
HEAT_3_TEMP=25
HEAT_3_DUTY=0
HEAT_3_SP=-20.0
HEAT_4_TEMP=33
HEAT_4_DUTY=0
HEAT_4_SP=-20.0
MOTOR_ANGLE=0.0015261627906976744
MOTOR_ACCUM=1.0480377906976743
MOTOR_ROT=2

[10:30:09.166 CUBESAT]
TS=1786205423.320
PG_5=1
PG_9=0
PG_12=0
FLT_P2=0
FLT_P3=0
HEAT_1_TEMP=0.0
HEAT_1_DUTY=10
HEAT_1_SP=-20.0
ENC_RAW=10008
ENC_ANGLE=219.90234375
ENC_ACCUM=0.0
AUTO_STOP=1
MOTOR_ANGLE=-0.008372093023255813
MOTOR_ACCUM=-27.21767441860465
MOTOR_ROT=-52

[10:30:10.391 EBOX]
TS=1786204094.745
V_SENSE5=1.2158203125
V_SENSE9=0.03173828125
V_SENSE12=0.12939453125
ADC_V5=4.91180419921875
ADC_V9=9.0625
ADC_V12=11.83258056640625
ADC_V28=26.939697265625
THERMAL_SENS_OUT_1=25
THERMAL_SENS_OUT_2=-50
THERMAL_SENS_OUT_3=28
THERMAL_SENS_OUT_4=28
THERMAL_SENS_OUT_5=29
THERMAL_SENS_OUT_6=-50
THERMAL_SENS_INT_1=23
THERMAL_SENS_INT_2=29
PG_5=0
PG_9=0
PG_12=0
FLT_P2=0
FLT_P3=0
HEAT_1_TEMP=25
HEAT_1_DUTY=0
HEAT_1_SP=-20.0
HEAT_2_TEMP=28
HEAT_2_DUTY=0
HEAT_2_SP=-20.0
HEAT_3_TEMP=28
HEAT_3_DUTY=0
HEAT_3_SP=-20.0
HEAT_4_TEMP=29
HEAT_4_DUTY=0
HEAT_4_SP=-20.0
MOTOR_ANGLE=0.0015261627906976744
MOTOR_ACCUM=1.0480377906976743
MOTOR_ROT=2

[10:30:11.100 CUBESAT]
TS=1786205425.322
PG_5=1
PG_9=0
PG_12=0
FLT_P2=0
FLT_P3=0
HEAT_1_TEMP=0.0
HEAT_1_DUTY=0
HEAT_1_SP=-20.0
ENC_RAW=10005
ENC_ANGLE=219.83642578125
ENC_ACCUM=-0.06591796875
AUTO_STOP=1
MOTOR_ANGLE=-0.008372093023255813
MOTOR_ACCUM=-27.21767441860465
MOTOR_ROT=-52

[10:30:12.424 EBOX]
TS=1786204096.750
V_SENSE5=1.2744140625
V_SENSE9=0.03173828125
V_SENSE12=0.13671875
ADC_V5=4.84100341796875
ADC_V9=9.027099609375
ADC_V12=11.611328125
ADC_V28=27.8070068359375
THERMAL_SENS_OUT_1=28
THERMAL_SENS_OUT_2=-50
THERMAL_SENS_OUT_3=30
THERMAL_SENS_OUT_4=28
THERMAL_SENS_OUT_5=33
THERMAL_SENS_OUT_6=-50
THERMAL_SENS_INT_1=27
THERMAL_SENS_INT_2=27
PG_5=0
PG_9=0
PG_12=0
FLT_P2=0
FLT_P3=0
HEAT_1_TEMP=28
HEAT_1_DUTY=0
HEAT_1_SP=-20.0
HEAT_2_TEMP=30
HEAT_2_DUTY=0
HEAT_2_SP=-20.0
HEAT_3_TEMP=28
HEAT_3_DUTY=0
HEAT_3_SP=-20.0
HEAT_4_TEMP=33
HEAT_4_DUTY=0
HEAT_4_SP=-20.0
MOTOR_ANGLE=0.0015261627906976744
MOTOR_ACCUM=1.0480377906976743
MOTOR_ROT=2

[10:30:13.131 CUBESAT]
TS=1786205427.324
PG_5=1
PG_9=0
PG_12=0
FLT_P2=0
FLT_P3=0
HEAT_1_TEMP=0.0
HEAT_1_DUTY=0
HEAT_1_SP=-20.0
ENC_RAW=10006
ENC_ANGLE=219.8583984375
ENC_ACCUM=-0.0439453125
AUTO_STOP=1
MOTOR_ANGLE=-0.008372093023255813
MOTOR_ACCUM=-27.21767441860465
MOTOR_ROT=-52

[10:30:14.353 EBOX]
TS=1786204098.757
V_SENSE5=1.14013671875
V_SENSE9=0.03173828125
V_SENSE12=0.10986328125
ADC_V5=5.08880615234375
ADC_V9=9.0447998046875
ADC_V12=11.88568115234375
ADC_V28=27.5238037109375
THERMAL_SENS_OUT_1=24
THERMAL_SENS_OUT_2=-50
THERMAL_SENS_OUT_3=29
THERMAL_SENS_OUT_4=27
THERMAL_SENS_OUT_5=33
THERMAL_SENS_OUT_6=-50
THERMAL_SENS_INT_1=26
THERMAL_SENS_INT_2=27
PG_5=0
PG_9=0
PG_12=0
FLT_P2=0
FLT_P3=0
HEAT_1_TEMP=24
HEAT_1_DUTY=0
HEAT_1_SP=-20.0
HEAT_2_TEMP=29
HEAT_2_DUTY=0
HEAT_2_SP=-20.0
HEAT_3_TEMP=27
HEAT_3_DUTY=0
HEAT_3_SP=-20.0
HEAT_4_TEMP=33
HEAT_4_DUTY=0
HEAT_4_SP=-20.0
MOTOR_ANGLE=0.0015261627906976744
MOTOR_ACCUM=1.0480377906976743
MOTOR_ROT=2

[10:30:15.664 CUBESAT]
TS=1786205429.325
PG_5=1
PG_9=0
PG_12=0
FLT_P2=0
FLT_P3=0
HEAT_1_TEMP=0.0
HEAT_1_DUTY=0
HEAT_1_SP=-20.0
ENC_RAW=10008
ENC_ANGLE=219.90234375
ENC_ACCUM=0.0
AUTO_STOP=1
MOTOR_ANGLE=-0.008372093023255813
MOTOR_ACCUM=-27.21767441860465
MOTOR_ROT=-52

[10:30:16.388 EBOX]
TS=1786204100.762
V_SENSE5=1.220703125
V_SENSE9=0.0390625
V_SENSE12=0.1220703125
ADC_V5=5.00030517578125
ADC_V9=9.1864013671875
ADC_V12=11.7706298828125
ADC_V28=27.63885498046875
THERMAL_SENS_OUT_1=29
THERMAL_SENS_OUT_2=-50
THERMAL_SENS_OUT_3=32
THERMAL_SENS_OUT_4=26
THERMAL_SENS_OUT_5=29
THERMAL_SENS_OUT_6=-50
THERMAL_SENS_INT_1=24
THERMAL_SENS_INT_2=26
PG_5=0
PG_9=0
PG_12=0
FLT_P2=0
FLT_P3=0
HEAT_1_TEMP=29
HEAT_1_DUTY=0
HEAT_1_SP=-20.0
HEAT_2_TEMP=32
HEAT_2_DUTY=0
HEAT_2_SP=-20.0
HEAT_3_TEMP=26
HEAT_3_DUTY=0
HEAT_3_SP=-20.0
HEAT_4_TEMP=29
HEAT_4_DUTY=0
HEAT_4_SP=-20.0
MOTOR_ANGLE=0.0015261627906976744
MOTOR_ACCUM=1.0480377906976743
MOTOR_ROT=2

[10:30:17.096 CUBESAT]
TS=1786205431.327
PG_5=1
PG_9=0
PG_12=0
FLT_P2=0
FLT_P3=0
HEAT_1_TEMP=0.0
HEAT_1_DUTY=0
HEAT_1_SP=-20.0
ENC_RAW=10005
ENC_ANGLE=219.83642578125
ENC_ACCUM=-0.06591796875
AUTO_STOP=1
MOTOR_ANGLE=-0.008372093023255813
MOTOR_ACCUM=-27.21767441860465
MOTOR_ROT=-52

[10:30:18.620 EBOX]
TS=1786204102.762
V_SENSE5=1.2841796875
V_SENSE9=0.0341796875
V_SENSE12=0.1220703125
ADC_V5=4.98260498046875
ADC_V9=9.14215087890625
ADC_V12=11.8768310546875
ADC_V28=27.09014892578125
THERMAL_SENS_OUT_1=24
THERMAL_SENS_OUT_2=-50
THERMAL_SENS_OUT_3=26
THERMAL_SENS_OUT_4=26
THERMAL_SENS_OUT_5=29
THERMAL_SENS_OUT_6=-50
THERMAL_SENS_INT_1=23
THERMAL_SENS_INT_2=28
PG_5=0
PG_9=0
PG_12=0
FLT_P2=0
FLT_P3=0
HEAT_1_TEMP=24
HEAT_1_DUTY=0
HEAT_1_SP=-20.0
HEAT_2_TEMP=26
HEAT_2_DUTY=0
HEAT_2_SP=-20.0
HEAT_3_TEMP=26
HEAT_3_DUTY=0
HEAT_3_SP=-20.0
HEAT_4_TEMP=29
HEAT_4_DUTY=0
HEAT_4_SP=-20.0
MOTOR_ANGLE=0.0015261627906976744
MOTOR_ACCUM=1.0480377906976743
MOTOR_ROT=2

[10:30:19.629 CUBESAT]
TS=1786205433.329
PG_5=1
PG_9=0
PG_12=0
FLT_P2=0
FLT_P3=0
HEAT_1_TEMP=0.0
HEAT_1_DUTY=10
HEAT_1_SP=-20.0
ENC_RAW=10007
ENC_ANGLE=219.88037109375
ENC_ACCUM=-0.02197265625
AUTO_STOP=1
MOTOR_ANGLE=-0.008372093023255813
MOTOR_ACCUM=-27.21767441860465
MOTOR_ROT=-52

[10:30:20.348 EBOX]
TS=1786204104.763
V_SENSE5=1.2353515625
V_SENSE9=0.0341796875
V_SENSE12=0.1171875
ADC_V5=4.991455078125
ADC_V9=9.1156005859375
ADC_V12=11.88568115234375
ADC_V28=27.1343994140625
THERMAL_SENS_OUT_1=27
THERMAL_SENS_OUT_2=-50
THERMAL_SENS_OUT_3=31
THERMAL_SENS_OUT_4=27
THERMAL_SENS_OUT_5=30
THERMAL_SENS_OUT_6=-50
THERMAL_SENS_INT_1=24
THERMAL_SENS_INT_2=29
PG_5=0
PG_9=0
PG_12=0
FLT_P2=0
FLT_P3=0
HEAT_1_TEMP=27
HEAT_1_DUTY=0
HEAT_1_SP=-20.0
HEAT_2_TEMP=31
HEAT_2_DUTY=0
HEAT_2_SP=-20.0
HEAT_3_TEMP=27
HEAT_3_DUTY=0
HEAT_3_SP=-20.0
HEAT_4_TEMP=30
HEAT_4_DUTY=0
HEAT_4_SP=-20.0
MOTOR_ANGLE=0.0015261627906976744
MOTOR_ACCUM=1.0480377906976743
MOTOR_ROT=2

[10:30:21.157 CUBESAT]
TS=1786205435.330
PG_5=1
PG_9=0
PG_12=0
FLT_P2=0
FLT_P3=0
HEAT_1_TEMP=0.0
HEAT_1_DUTY=0
HEAT_1_SP=-20.0
ENC_RAW=10008
ENC_ANGLE=219.90234375
ENC_ACCUM=0.0
AUTO_STOP=1
MOTOR_ANGLE=-0.008372093023255813
MOTOR_ACCUM=-27.21767441860465
MOTOR_ROT=-52

[10:30:22.682 EBOX]
TS=1786204106.766
V_SENSE5=1.47216796875
V_SENSE9=0.03173828125
V_SENSE12=0.10009765625
ADC_V5=4.89410400390625
ADC_V9=9.0447998046875
ADC_V12=11.95648193359375
ADC_V28=27.4530029296875
THERMAL_SENS_OUT_1=24
THERMAL_SENS_OUT_2=-50
THERMAL_SENS_OUT_3=32
THERMAL_SENS_OUT_4=25
THERMAL_SENS_OUT_5=32
THERMAL_SENS_OUT_6=-50
THERMAL_SENS_INT_1=23
THERMAL_SENS_INT_2=23
PG_5=0
PG_9=0
PG_12=0
FLT_P2=0
FLT_P3=0
HEAT_1_TEMP=24
HEAT_1_DUTY=0
HEAT_1_SP=-20.0
HEAT_2_TEMP=32
HEAT_2_DUTY=0
HEAT_2_SP=-20.0
HEAT_3_TEMP=25
HEAT_3_DUTY=0
HEAT_3_SP=-20.0
HEAT_4_TEMP=32
HEAT_4_DUTY=0
HEAT_4_SP=-20.0
MOTOR_ANGLE=0.0015261627906976744
MOTOR_ACCUM=1.0480377906976743
MOTOR_ROT=2

[10:30:23.189 CUBESAT]
TS=1786205437.331
PG_5=1
PG_9=0
PG_12=0
FLT_P2=0
FLT_P3=0
HEAT_1_TEMP=0.0
HEAT_1_DUTY=0
HEAT_1_SP=-20.0
ENC_RAW=10007
ENC_ANGLE=219.88037109375
ENC_ACCUM=-0.02197265625
AUTO_STOP=1
MOTOR_ANGLE=-0.008372093023255813
MOTOR_ACCUM=-27.21767441860465
MOTOR_ROT=-52

[10:30:24.412 EBOX]
TS=1786204108.769
V_SENSE5=1.1767578125
V_SENSE9=0.03173828125
V_SENSE12=0.1171875
ADC_V5=4.94720458984375
ADC_V9=9.03594970703125
ADC_V12=11.77947998046875
ADC_V28=26.9927978515625
THERMAL_SENS_OUT_1=25
THERMAL_SENS_OUT_2=-50
THERMAL_SENS_OUT_3=27
THERMAL_SENS_OUT_4=28
THERMAL_SENS_OUT_5=29
THERMAL_SENS_OUT_6=-50
THERMAL_SENS_INT_1=23
THERMAL_SENS_INT_2=28
PG_5=0
PG_9=0
PG_12=0
FLT_P2=0
FLT_P3=0
HEAT_1_TEMP=25
HEAT_1_DUTY=0
HEAT_1_SP=-20.0
HEAT_2_TEMP=27
HEAT_2_DUTY=0
HEAT_2_SP=-20.0
HEAT_3_TEMP=28
HEAT_3_DUTY=0
HEAT_3_SP=-20.0
HEAT_4_TEMP=29
HEAT_4_DUTY=0
HEAT_4_SP=-20.0
MOTOR_ANGLE=0.0015261627906976744
MOTOR_ACCUM=1.0480377906976743
MOTOR_ROT=2

[10:30:25.622 CUBESAT]
TS=1786205439.333
PG_5=1
PG_9=0
PG_12=0
FLT_P2=0
FLT_P3=0
HEAT_1_TEMP=0.0
HEAT_1_DUTY=0
HEAT_1_SP=-20.0
ENC_RAW=10008
ENC_ANGLE=219.90234375
ENC_ACCUM=0.0
AUTO_STOP=1
MOTOR_ANGLE=-0.008372093023255813
MOTOR_ACCUM=-27.21767441860465
MOTOR_ROT=-52

[10:30:26.442 EBOX]
TS=1786204110.776
V_SENSE5=1.15234375
V_SENSE9=0.0390625
V_SENSE12=0.146484375
ADC_V5=4.98260498046875
ADC_V9=9.1156005859375
ADC_V12=11.9122314453125
ADC_V28=27.8424072265625
THERMAL_SENS_OUT_1=25
THERMAL_SENS_OUT_2=-50
THERMAL_SENS_OUT_3=28
THERMAL_SENS_OUT_4=24
THERMAL_SENS_OUT_5=28
THERMAL_SENS_OUT_6=-50
THERMAL_SENS_INT_1=22
THERMAL_SENS_INT_2=27
PG_5=0
PG_9=0
PG_12=0
FLT_P2=0
FLT_P3=0
HEAT_1_TEMP=25
HEAT_1_DUTY=0
HEAT_1_SP=-20.0
HEAT_2_TEMP=28
HEAT_2_DUTY=0
HEAT_2_SP=-20.0
HEAT_3_TEMP=24
HEAT_3_DUTY=0
HEAT_3_SP=-20.0
HEAT_4_TEMP=28
HEAT_4_DUTY=0
HEAT_4_SP=-20.0
MOTOR_ANGLE=0.0015261627906976744
MOTOR_ACCUM=1.0480377906976743
MOTOR_ROT=2

[10:30:27.150 CUBESAT]
TS=1786205441.336
PG_5=1
PG_9=0
PG_12=0
FLT_P2=0
FLT_P3=0
HEAT_1_TEMP=0.0
HEAT_1_DUTY=0
HEAT_1_SP=-20.0
ENC_RAW=10008
ENC_ANGLE=219.90234375
ENC_ACCUM=0.0
AUTO_STOP=1
MOTOR_ANGLE=-0.008372093023255813
MOTOR_ACCUM=-27.21767441860465
MOTOR_ROT=-52

[10:30:28.479 EBOX]
TS=1786204112.776
V_SENSE5=1.21337890625
V_SENSE9=0.0390625
V_SENSE12=0.107421875
ADC_V5=4.94720458984375
ADC_V9=8.75274658203125
ADC_V12=11.67327880859375
ADC_V28=27.506103515625
THERMAL_SENS_OUT_1=28
THERMAL_SENS_OUT_2=-50
THERMAL_SENS_OUT_3=31
THERMAL_SENS_OUT_4=24
THERMAL_SENS_OUT_5=32
THERMAL_SENS_OUT_6=-50
THERMAL_SENS_INT_1=23
THERMAL_SENS_INT_2=27
PG_5=0
PG_9=0
PG_12=0
FLT_P2=0
FLT_P3=0
HEAT_1_TEMP=28
HEAT_1_DUTY=0
HEAT_1_SP=-20.0
HEAT_2_TEMP=31
HEAT_2_DUTY=0
HEAT_2_SP=-20.0
HEAT_3_TEMP=24
HEAT_3_DUTY=0
HEAT_3_SP=-20.0
HEAT_4_TEMP=32
HEAT_4_DUTY=0
HEAT_4_SP=-20.0
MOTOR_ANGLE=0.0015261627906976744
MOTOR_ACCUM=1.0480377906976743
MOTOR_ROT=2

[10:30:29.489 CUBESAT]
TS=1786205443.338
PG_5=1
PG_9=0
PG_12=0
FLT_P2=0
FLT_P3=0
HEAT_1_TEMP=0.0
HEAT_1_DUTY=10
HEAT_1_SP=-20.0
ENC_RAW=10009
ENC_ANGLE=219.92431640625
ENC_ACCUM=0.02197265625
AUTO_STOP=1
MOTOR_ANGLE=-0.008372093023255813
MOTOR_ACCUM=-27.21767441860465
MOTOR_ROT=-52

[10:30:30.424 EBOX]
TS=1786204114.778
V_SENSE5=1.18408203125
V_SENSE9=0.0390625
V_SENSE12=0.1318359375
ADC_V5=4.9560546875
ADC_V9=9.2572021484375
ADC_V12=11.76177978515625
ADC_V28=26.89544677734375
THERMAL_SENS_OUT_1=26
THERMAL_SENS_OUT_2=-50
THERMAL_SENS_OUT_3=28
THERMAL_SENS_OUT_4=28
THERMAL_SENS_OUT_5=29
THERMAL_SENS_OUT_6=-50
THERMAL_SENS_INT_1=23
THERMAL_SENS_INT_2=27
PG_5=0
PG_9=0
PG_12=0
FLT_P2=0
FLT_P3=0
HEAT_1_TEMP=26
HEAT_1_DUTY=0
HEAT_1_SP=-20.0
HEAT_2_TEMP=28
HEAT_2_DUTY=0
HEAT_2_SP=-20.0
HEAT_3_TEMP=28
HEAT_3_DUTY=0
HEAT_3_SP=-20.0
HEAT_4_TEMP=29
HEAT_4_DUTY=0
HEAT_4_SP=-20.0
MOTOR_ANGLE=0.0015261627906976744
MOTOR_ACCUM=1.0480377906976743
MOTOR_ROT=2

[10:30:31.132 CUBESAT]
TS=1786205445.340
PG_5=1
PG_9=0
PG_12=0
FLT_P2=0
FLT_P3=0
HEAT_1_TEMP=0.0
HEAT_1_DUTY=0
HEAT_1_SP=-20.0
ENC_RAW=10010
ENC_ANGLE=219.9462890625
ENC_ACCUM=0.0439453125
AUTO_STOP=1
MOTOR_ANGLE=-0.008372093023255813
MOTOR_ACCUM=-27.21767441860465
MOTOR_ROT=-52

[10:30:32.356 EBOX]
TS=1786204116.783
V_SENSE5=1.36474609375
V_SENSE9=0.0390625
V_SENSE12=0.1123046875
ADC_V5=4.9560546875
ADC_V9=9.2572021484375
ADC_V12=11.89453125
ADC_V28=27.74505615234375
THERMAL_SENS_OUT_1=29
THERMAL_SENS_OUT_2=-50
THERMAL_SENS_OUT_3=29
THERMAL_SENS_OUT_4=25
THERMAL_SENS_OUT_5=29
THERMAL_SENS_OUT_6=-50
THERMAL_SENS_INT_1=23
THERMAL_SENS_INT_2=29
PG_5=0
PG_9=0
PG_12=0
FLT_P2=0
FLT_P3=0
HEAT_1_TEMP=29
HEAT_1_DUTY=0
HEAT_1_SP=-20.0
HEAT_2_TEMP=29
HEAT_2_DUTY=0
HEAT_2_SP=-20.0
HEAT_3_TEMP=25
HEAT_3_DUTY=0
HEAT_3_SP=-20.0
HEAT_4_TEMP=29
HEAT_4_DUTY=0
HEAT_4_SP=-20.0
MOTOR_ANGLE=0.0015261627906976744
MOTOR_ACCUM=1.0480377906976743
MOTOR_ROT=2

[10:30:33.367 CUBESAT]
TS=1786205447.342
PG_5=1
PG_9=0
PG_12=0
FLT_P2=0
FLT_P3=0
HEAT_1_TEMP=0.0
HEAT_1_DUTY=0
HEAT_1_SP=-20.0
ENC_RAW=10008
ENC_ANGLE=219.90234375
ENC_ACCUM=0.0
AUTO_STOP=1
MOTOR_ANGLE=-0.008372093023255813
MOTOR_ACCUM=-27.21767441860465
MOTOR_ROT=-52

[10:30:34.402 EBOX]
TS=1786204118.790
V_SENSE5=1.30859375
V_SENSE9=0.0390625
V_SENSE12=0.10009765625
ADC_V5=4.96490478515625
ADC_V9=9.0802001953125
ADC_V12=11.85028076171875
ADC_V28=26.89544677734375
THERMAL_SENS_OUT_1=23
THERMAL_SENS_OUT_2=-50
THERMAL_SENS_OUT_3=29
THERMAL_SENS_OUT_4=24
THERMAL_SENS_OUT_5=31
THERMAL_SENS_OUT_6=-50
THERMAL_SENS_INT_1=27
THERMAL_SENS_INT_2=24
PG_5=0
PG_9=0
PG_12=0
FLT_P2=0
FLT_P3=0
HEAT_1_TEMP=23
HEAT_1_DUTY=0
HEAT_1_SP=-20.0
HEAT_2_TEMP=29
HEAT_2_DUTY=0
HEAT_2_SP=-20.0
HEAT_3_TEMP=24
HEAT_3_DUTY=0
HEAT_3_SP=-20.0
HEAT_4_TEMP=31
HEAT_4_DUTY=0
HEAT_4_SP=-20.0
MOTOR_ANGLE=0.0015261627906976744
MOTOR_ACCUM=1.0480377906976743
MOTOR_ROT=2

[10:30:35.110 CUBESAT]
TS=1786205449.344
PG_5=1
PG_9=0
PG_12=0
FLT_P2=0
FLT_P3=0
HEAT_1_TEMP=0.0
HEAT_1_DUTY=0
HEAT_1_SP=-20.0
ENC_RAW=10009
ENC_ANGLE=219.92431640625
ENC_ACCUM=0.02197265625
AUTO_STOP=1
MOTOR_ANGLE=-0.008372093023255813
MOTOR_ACCUM=-27.21767441860465
MOTOR_ROT=-52

[10:30:36.446 EBOX]
TS=1786204120.800
V_SENSE5=1.15234375
V_SENSE9=0.0390625
V_SENSE12=0.0927734375
ADC_V5=5.01800537109375
ADC_V9=9.08905029296875
ADC_V12=11.8060302734375
ADC_V28=27.506103515625
THERMAL_SENS_OUT_1=24
THERMAL_SENS_OUT_2=-50
THERMAL_SENS_OUT_3=30
THERMAL_SENS_OUT_4=27
THERMAL_SENS_OUT_5=30
THERMAL_SENS_OUT_6=-50
THERMAL_SENS_INT_1=22
THERMAL_SENS_INT_2=27
PG_5=0
PG_9=0
PG_12=0
FLT_P2=0
FLT_P3=0
HEAT_1_TEMP=24
HEAT_1_DUTY=0
HEAT_1_SP=-20.0
HEAT_2_TEMP=30
HEAT_2_DUTY=0
HEAT_2_SP=-20.0
HEAT_3_TEMP=27
HEAT_3_DUTY=0
HEAT_3_SP=-20.0
HEAT_4_TEMP=30
HEAT_4_DUTY=0
HEAT_4_SP=-20.0
MOTOR_ANGLE=0.0015261627906976744
MOTOR_ACCUM=1.0480377906976743
MOTOR_ROT=2

[10:30:37.156 CUBESAT]
TS=1786205451.346
PG_5=1
PG_9=0
PG_12=0
FLT_P2=0
FLT_P3=0
HEAT_1_TEMP=0.0
HEAT_1_DUTY=0
HEAT_1_SP=-20.0
ENC_RAW=10009
ENC_ANGLE=219.92431640625
ENC_ACCUM=0.02197265625
AUTO_STOP=1
MOTOR_ANGLE=-0.008372093023255813
MOTOR_ACCUM=-27.21767441860465
MOTOR_ROT=-52

[10:30:38.481 EBOX]
TS=1786204122.794
V_SENSE5=1.2158203125
V_SENSE9=0.0390625
V_SENSE12=0.13671875
ADC_V5=4.92950439453125
ADC_V9=9.168701171875
ADC_V12=11.5582275390625
ADC_V28=27.69195556640625
THERMAL_SENS_OUT_1=28
THERMAL_SENS_OUT_2=-50
THERMAL_SENS_OUT_3=26
THERMAL_SENS_OUT_4=26
THERMAL_SENS_OUT_5=34
THERMAL_SENS_OUT_6=-50
THERMAL_SENS_INT_1=25
THERMAL_SENS_INT_2=27
PG_5=0
PG_9=0
PG_12=0
FLT_P2=0
FLT_P3=0
HEAT_1_TEMP=28
HEAT_1_DUTY=0
HEAT_1_SP=-20.0
HEAT_2_TEMP=26
HEAT_2_DUTY=0
HEAT_2_SP=-20.0
HEAT_3_TEMP=26
HEAT_3_DUTY=0
HEAT_3_SP=-20.0
HEAT_4_TEMP=34
HEAT_4_DUTY=0
HEAT_4_SP=-20.0
MOTOR_ANGLE=0.0015261627906976744
MOTOR_ACCUM=1.0480377906976743
MOTOR_ROT=2

[10:30:39.290 CUBESAT]
TS=1786205453.348
PG_5=1
PG_9=0
PG_12=0
FLT_P2=0
FLT_P3=0
HEAT_1_TEMP=0.0
HEAT_1_DUTY=0
HEAT_1_SP=-20.0
ENC_RAW=10007
ENC_ANGLE=219.88037109375
ENC_ACCUM=-0.02197265625
AUTO_STOP=1
MOTOR_ANGLE=-0.008372093023255813
MOTOR_ACCUM=-27.21767441860465
MOTOR_ROT=-52

[10:30:40.725 EBOX]
TS=1786204124.801
V_SENSE5=1.39892578125
V_SENSE9=0.0341796875
V_SENSE12=0.1220703125
ADC_V5=4.9029541015625
ADC_V9=9.0625
ADC_V12=11.9122314453125
ADC_V28=27.3114013671875
THERMAL_SENS_OUT_1=24
THERMAL_SENS_OUT_2=-50
THERMAL_SENS_OUT_3=29
THERMAL_SENS_OUT_4=24
THERMAL_SENS_OUT_5=32
THERMAL_SENS_OUT_6=-50
THERMAL_SENS_INT_1=27
THERMAL_SENS_INT_2=25
PG_5=0
PG_9=0
PG_12=0
FLT_P2=0
FLT_P3=0
HEAT_1_TEMP=24
HEAT_1_DUTY=0
HEAT_1_SP=-20.0
HEAT_2_TEMP=29
HEAT_2_DUTY=0
HEAT_2_SP=-20.0
HEAT_3_TEMP=24
HEAT_3_DUTY=0
HEAT_3_SP=-20.0
HEAT_4_TEMP=32
HEAT_4_DUTY=0
HEAT_4_SP=-20.0
MOTOR_ANGLE=0.0015261627906976744
MOTOR_ACCUM=1.0480377906976743
MOTOR_ROT=2

[10:30:41.433 CUBESAT]
TS=1786205455.349
PG_5=1
PG_9=0
PG_12=0
FLT_P2=0
FLT_P3=0
HEAT_1_TEMP=0.0
HEAT_1_DUTY=0
HEAT_1_SP=-20.0
ENC_RAW=10007
ENC_ANGLE=219.88037109375
ENC_ACCUM=-0.02197265625
AUTO_STOP=1
MOTOR_ANGLE=-0.008372093023255813
MOTOR_ACCUM=-27.21767441860465
MOTOR_ROT=-52

[10:30:42.457 EBOX]
TS=1786204126.802
V_SENSE5=1.19384765625
V_SENSE9=0.0341796875
V_SENSE12=0.13671875
ADC_V5=4.920654296875
ADC_V9=9.15985107421875
ADC_V12=11.90338134765625
ADC_V28=27.12554931640625
THERMAL_SENS_OUT_1=31
THERMAL_SENS_OUT_2=-50
THERMAL_SENS_OUT_3=30
THERMAL_SENS_OUT_4=24
THERMAL_SENS_OUT_5=30
THERMAL_SENS_OUT_6=-50
THERMAL_SENS_INT_1=23
THERMAL_SENS_INT_2=28
PG_5=0
PG_9=0
PG_12=0
FLT_P2=0
FLT_P3=0
HEAT_1_TEMP=31
HEAT_1_DUTY=0
HEAT_1_SP=-20.0
HEAT_2_TEMP=30
HEAT_2_DUTY=0
HEAT_2_SP=-20.0
HEAT_3_TEMP=24
HEAT_3_DUTY=0
HEAT_3_SP=-20.0
HEAT_4_TEMP=30
HEAT_4_DUTY=0
HEAT_4_SP=-20.0
MOTOR_ANGLE=0.0015261627906976744
MOTOR_ACCUM=1.0480377906976743
MOTOR_ROT=2

[10:30:43.166 CUBESAT]
TS=1786205457.351
PG_5=1
PG_9=0
PG_12=0
FLT_P2=0
FLT_P3=0
HEAT_1_TEMP=0.0
HEAT_1_DUTY=0
HEAT_1_SP=-20.0
ENC_RAW=10006
ENC_ANGLE=219.8583984375
ENC_ACCUM=-0.0439453125
AUTO_STOP=1
MOTOR_ANGLE=-0.008372093023255813
MOTOR_ACCUM=-27.21767441860465
MOTOR_ROT=-52

[10:30:44.515 EBOX]
TS=1786204128.805
V_SENSE5=1.376953125
V_SENSE9=0.0390625
V_SENSE12=0.126953125
ADC_V5=4.9737548828125
ADC_V9=8.80584716796875
ADC_V12=11.9122314453125
ADC_V28=27.21405029296875
THERMAL_SENS_OUT_1=24
THERMAL_SENS_OUT_2=-50
THERMAL_SENS_OUT_3=27
THERMAL_SENS_OUT_4=28
THERMAL_SENS_OUT_5=29
THERMAL_SENS_OUT_6=-50
THERMAL_SENS_INT_1=24
THERMAL_SENS_INT_2=29
PG_5=0
PG_9=0
PG_12=0
FLT_P2=0
FLT_P3=0
HEAT_1_TEMP=24
HEAT_1_DUTY=0
HEAT_1_SP=-20.0
HEAT_2_TEMP=27
HEAT_2_DUTY=0
HEAT_2_SP=-20.0
HEAT_3_TEMP=28
HEAT_3_DUTY=0
HEAT_3_SP=-20.0
HEAT_4_TEMP=29
HEAT_4_DUTY=0
HEAT_4_SP=-20.0
MOTOR_ANGLE=0.0015261627906976744
MOTOR_ACCUM=1.0480377906976743
MOTOR_ROT=2

[10:30:45.224 CUBESAT]
TS=1786205459.353
PG_5=1
PG_9=0
PG_12=0
FLT_P2=0
FLT_P3=0
HEAT_1_TEMP=0.0
HEAT_1_DUTY=10
HEAT_1_SP=-20.0
ENC_RAW=10010
ENC_ANGLE=219.9462890625
ENC_ACCUM=0.0439453125
AUTO_STOP=1
MOTOR_ANGLE=-0.008372093023255813
MOTOR_ACCUM=-27.21767441860465
MOTOR_ROT=-52

[10:30:46.553 EBOX]
TS=1786204130.809
V_SENSE5=1.25
V_SENSE9=0.03662109375
V_SENSE12=0.1318359375
ADC_V5=4.96490478515625
ADC_V9=9.522705078125
ADC_V12=11.7706298828125
ADC_V28=27.647705078125
THERMAL_SENS_OUT_1=28
THERMAL_SENS_OUT_2=-50
THERMAL_SENS_OUT_3=28
THERMAL_SENS_OUT_4=30
THERMAL_SENS_OUT_5=31
THERMAL_SENS_OUT_6=-50
THERMAL_SENS_INT_1=28
THERMAL_SENS_INT_2=26
PG_5=0
PG_9=0
PG_12=0
FLT_P2=0
FLT_P3=0
HEAT_1_TEMP=28
HEAT_1_DUTY=0
HEAT_1_SP=-20.0
HEAT_2_TEMP=28
HEAT_2_DUTY=0
HEAT_2_SP=-20.0
HEAT_3_TEMP=30
HEAT_3_DUTY=0
HEAT_3_SP=-20.0
HEAT_4_TEMP=31
HEAT_4_DUTY=0
HEAT_4_SP=-20.0
MOTOR_ANGLE=0.0015261627906976744
MOTOR_ACCUM=1.0480377906976743
MOTOR_ROT=2

[10:30:47.262 CUBESAT]
TS=1786205461.355
PG_5=1
PG_9=0
PG_12=0
FLT_P2=0
FLT_P3=0
HEAT_1_TEMP=0.0
HEAT_1_DUTY=0
HEAT_1_SP=-20.0
ENC_RAW=10009
ENC_ANGLE=219.92431640625
ENC_ACCUM=0.02197265625
AUTO_STOP=1
MOTOR_ANGLE=-0.008372093023255813
MOTOR_ACCUM=-27.21767441860465
MOTOR_ROT=-52

[10:30:48.389 EBOX]
TS=1786204132.812
V_SENSE5=1.23046875
V_SENSE9=0.0390625
V_SENSE12=0.1318359375
ADC_V5=4.849853515625
ADC_V9=9.38995361328125
ADC_V12=11.92108154296875
ADC_V28=27.17864990234375
THERMAL_SENS_OUT_1=27
THERMAL_SENS_OUT_2=-50
THERMAL_SENS_OUT_3=27
THERMAL_SENS_OUT_4=26
THERMAL_SENS_OUT_5=34
THERMAL_SENS_OUT_6=-50
THERMAL_SENS_INT_1=27
THERMAL_SENS_INT_2=25
PG_5=0
PG_9=0
PG_12=0
FLT_P2=0
FLT_P3=0
HEAT_1_TEMP=27
HEAT_1_DUTY=0
HEAT_1_SP=-20.0
HEAT_2_TEMP=27
HEAT_2_DUTY=0
HEAT_2_SP=-20.0
HEAT_3_TEMP=26
HEAT_3_DUTY=0
HEAT_3_SP=-20.0
HEAT_4_TEMP=34
HEAT_4_DUTY=0
HEAT_4_SP=-20.0
MOTOR_ANGLE=0.0015261627906976744
MOTOR_ACCUM=1.0480377906976743
MOTOR_ROT=2

[10:30:49.197 CUBESAT]
TS=1786205463.356
PG_5=1
PG_9=0
PG_12=0
FLT_P2=0
FLT_P3=0
HEAT_1_TEMP=0.0
HEAT_1_DUTY=0
HEAT_1_SP=-20.0
ENC_RAW=10008
ENC_ANGLE=219.90234375
ENC_ACCUM=0.0
AUTO_STOP=1
MOTOR_ANGLE=-0.008372093023255813
MOTOR_ACCUM=-27.21767441860465
MOTOR_ROT=-52

[10:30:51.446 EBOX]
TS=1786204134.825
V_SENSE5=1.32568359375
V_SENSE9=0.05615234375
V_SENSE12=0.1611328125
ADC_V5=4.991455078125
ADC_V9=9.33685302734375
ADC_V12=11.56707763671875
ADC_V28=27.8424072265625
THERMAL_SENS_OUT_1=24
THERMAL_SENS_OUT_2=-50
THERMAL_SENS_OUT_3=30
THERMAL_SENS_OUT_4=24
THERMAL_SENS_OUT_5=30
THERMAL_SENS_OUT_6=-50
THERMAL_SENS_INT_1=23
THERMAL_SENS_INT_2=30
PG_5=0
PG_9=0
PG_12=0
FLT_P2=0
FLT_P3=0
HEAT_1_TEMP=24
HEAT_1_DUTY=0
HEAT_1_SP=-20.0
HEAT_2_TEMP=30
HEAT_2_DUTY=0
HEAT_2_SP=-20.0
HEAT_3_TEMP=24
HEAT_3_DUTY=0
HEAT_3_SP=-20.0
HEAT_4_TEMP=30
HEAT_4_DUTY=0
HEAT_4_SP=-20.0
MOTOR_ANGLE=0.0015261627906976744
MOTOR_ACCUM=1.0480377906976743
MOTOR_ROT=2

[10:30:51.552 CUBESAT]
TS=1786205465.358
PG_5=1
PG_9=0
PG_12=0
FLT_P2=0
FLT_P3=0
HEAT_1_TEMP=0.0
HEAT_1_DUTY=0
HEAT_1_SP=-20.0
ENC_RAW=10007
ENC_ANGLE=219.88037109375
ENC_ACCUM=-0.02197265625
AUTO_STOP=1
MOTOR_ANGLE=-0.008372093023255813
MOTOR_ACCUM=-27.21767441860465
MOTOR_ROT=-52

[10:30:52.477 EBOX]
TS=1786204136.819
V_SENSE5=1.2646484375
V_SENSE9=0.0341796875
V_SENSE12=0.13671875
ADC_V5=5.05340576171875
ADC_V9=9.26605224609375
ADC_V12=11.62017822265625
ADC_V28=27.789306640625
THERMAL_SENS_OUT_1=27
THERMAL_SENS_OUT_2=-50
THERMAL_SENS_OUT_3=30
THERMAL_SENS_OUT_4=24
THERMAL_SENS_OUT_5=29
THERMAL_SENS_OUT_6=-50
THERMAL_SENS_INT_1=23
THERMAL_SENS_INT_2=24
PG_5=0
PG_9=0
PG_12=0
FLT_P2=0
FLT_P3=0
HEAT_1_TEMP=27
HEAT_1_DUTY=0
HEAT_1_SP=-20.0
HEAT_2_TEMP=30
HEAT_2_DUTY=0
HEAT_2_SP=-20.0
HEAT_3_TEMP=24
HEAT_3_DUTY=0
HEAT_3_SP=-20.0
HEAT_4_TEMP=29
HEAT_4_DUTY=0
HEAT_4_SP=-20.0
MOTOR_ANGLE=0.0015261627906976744
MOTOR_ACCUM=1.0480377906976743
MOTOR_ROT=2

[10:30:53.186 CUBESAT]
TS=1786205467.362
PG_5=1
PG_9=0
PG_12=0
FLT_P2=0
FLT_P3=0
HEAT_1_TEMP=0.0
HEAT_1_DUTY=0
HEAT_1_SP=-20.0
ENC_RAW=10008
ENC_ANGLE=219.90234375
ENC_ACCUM=0.0
AUTO_STOP=1
MOTOR_ANGLE=-0.008372093023255813
MOTOR_ACCUM=-27.21767441860465
MOTOR_ROT=-52

[10:30:54.413 EBOX]
TS=1786204138.823
V_SENSE5=1.26220703125
V_SENSE9=0.05615234375
V_SENSE12=0.13427734375
ADC_V5=4.9737548828125
ADC_V9=8.96514892578125
ADC_V12=12.00958251953125
ADC_V28=27.5946044921875
THERMAL_SENS_OUT_1=29
THERMAL_SENS_OUT_2=-50
THERMAL_SENS_OUT_3=28
THERMAL_SENS_OUT_4=25
THERMAL_SENS_OUT_5=34
THERMAL_SENS_OUT_6=-50
THERMAL_SENS_INT_1=25
THERMAL_SENS_INT_2=26
PG_5=0
PG_9=0
PG_12=0
FLT_P2=0
FLT_P3=0
HEAT_1_TEMP=29
HEAT_1_DUTY=0
HEAT_1_SP=-20.0
HEAT_2_TEMP=28
HEAT_2_DUTY=0
HEAT_2_SP=-20.0
HEAT_3_TEMP=25
HEAT_3_DUTY=0
HEAT_3_SP=-20.0
HEAT_4_TEMP=34
HEAT_4_DUTY=0
HEAT_4_SP=-20.0
MOTOR_ANGLE=0.0015261627906976744
MOTOR_ACCUM=1.0480377906976743
MOTOR_ROT=2

[10:30:55.423 CUBESAT]
TS=1786205469.365
PG_5=1
PG_9=0
PG_12=0
FLT_P2=0
FLT_P3=0
HEAT_1_TEMP=0.0
HEAT_1_DUTY=10
HEAT_1_SP=-20.0
ENC_RAW=10008
ENC_ANGLE=219.90234375
ENC_ACCUM=0.0
AUTO_STOP=1
MOTOR_ANGLE=-0.008372093023255813
MOTOR_ACCUM=-27.21767441860465
MOTOR_ROT=-52

[10:30:56.949 EBOX]
TS=1786204140.824
V_SENSE5=1.24755859375
V_SENSE9=0.0341796875
V_SENSE12=0.1171875
ADC_V5=4.9029541015625
ADC_V9=8.9739990234375
ADC_V12=11.99188232421875
ADC_V28=27.5238037109375
THERMAL_SENS_OUT_1=31
THERMAL_SENS_OUT_2=-50
THERMAL_SENS_OUT_3=32
THERMAL_SENS_OUT_4=25
THERMAL_SENS_OUT_5=33
THERMAL_SENS_OUT_6=-50
THERMAL_SENS_INT_1=27
THERMAL_SENS_INT_2=24
PG_5=0
PG_9=0
PG_12=0
FLT_P2=0
FLT_P3=0
HEAT_1_TEMP=31
HEAT_1_DUTY=0
HEAT_1_SP=-20.0
HEAT_2_TEMP=32
HEAT_2_DUTY=0
HEAT_2_SP=-20.0
HEAT_3_TEMP=25
HEAT_3_DUTY=0
HEAT_3_SP=-20.0
HEAT_4_TEMP=33
HEAT_4_DUTY=0
HEAT_4_SP=-20.0
MOTOR_ANGLE=0.0015261627906976744
MOTOR_ACCUM=1.0480377906976743
MOTOR_ROT=2

[10:30:57.155 CUBESAT]
TS=1786205471.368
PG_5=1
PG_9=0
PG_12=0
FLT_P2=0
FLT_P3=0
HEAT_1_TEMP=0.0
HEAT_1_DUTY=0
HEAT_1_SP=-20.0
ENC_RAW=10008
ENC_ANGLE=219.90234375
ENC_ACCUM=0.0
AUTO_STOP=1
MOTOR_ANGLE=-0.008372093023255813
MOTOR_ACCUM=-27.21767441860465
MOTOR_ROT=-52

[10:30:58.783 EBOX]
TS=1786204142.828
V_SENSE5=1.18408203125
V_SENSE9=0.03662109375
V_SENSE12=0.12451171875
ADC_V5=4.8675537109375
ADC_V9=9.027099609375
ADC_V12=11.5936279296875
ADC_V28=27.62115478515625
THERMAL_SENS_OUT_1=29
THERMAL_SENS_OUT_2=-50
THERMAL_SENS_OUT_3=31
THERMAL_SENS_OUT_4=24
THERMAL_SENS_OUT_5=32
THERMAL_SENS_OUT_6=-50
THERMAL_SENS_INT_1=26
THERMAL_SENS_INT_2=26
PG_5=0
PG_9=0
PG_12=0
FLT_P2=0
FLT_P3=0
HEAT_1_TEMP=29
HEAT_1_DUTY=0
HEAT_1_SP=-20.0
HEAT_2_TEMP=31
HEAT_2_DUTY=0
HEAT_2_SP=-20.0
HEAT_3_TEMP=24
HEAT_3_DUTY=0
HEAT_3_SP=-20.0
HEAT_4_TEMP=32
HEAT_4_DUTY=0
HEAT_4_SP=-20.0
MOTOR_ANGLE=0.0015261627906976744
MOTOR_ACCUM=1.0480377906976743
MOTOR_ROT=2

[10:30:59.591 CUBESAT]
TS=1786205473.372
PG_5=1
PG_9=0
PG_12=0
FLT_P2=0
FLT_P3=0
HEAT_1_TEMP=0.0
HEAT_1_DUTY=0
HEAT_1_SP=-20.0
ENC_RAW=10007
ENC_ANGLE=219.88037109375
ENC_ACCUM=-0.02197265625
AUTO_STOP=1
MOTOR_ANGLE=-0.008372093023255813
MOTOR_ACCUM=-27.21767441860465
MOTOR_ROT=-52

[10:31:00.411 EBOX]
TS=1786204144.832
V_SENSE5=1.24267578125
V_SENSE9=0.0390625
V_SENSE12=0.1220703125
ADC_V5=4.991455078125
ADC_V9=9.46075439453125
ADC_V12=11.7706298828125
ADC_V28=26.83349609375
THERMAL_SENS_OUT_1=27
THERMAL_SENS_OUT_2=-50
THERMAL_SENS_OUT_3=28
THERMAL_SENS_OUT_4=29
THERMAL_SENS_OUT_5=29
THERMAL_SENS_OUT_6=-50
THERMAL_SENS_INT_1=23
THERMAL_SENS_INT_2=27
PG_5=0
PG_9=0
PG_12=0
FLT_P2=0
FLT_P3=0
HEAT_1_TEMP=27
HEAT_1_DUTY=0
HEAT_1_SP=-20.0
HEAT_2_TEMP=28
HEAT_2_DUTY=0
HEAT_2_SP=-20.0
HEAT_3_TEMP=29
HEAT_3_DUTY=0
HEAT_3_SP=-20.0
HEAT_4_TEMP=29
HEAT_4_DUTY=0
HEAT_4_SP=-20.0
MOTOR_ANGLE=0.0015261627906976744
MOTOR_ACCUM=1.0480377906976743
MOTOR_ROT=2

[10:31:01.219 CUBESAT]
TS=1786205475.375
PG_5=1
PG_9=0
PG_12=0
FLT_P2=0
FLT_P3=0
HEAT_1_TEMP=0.0
HEAT_1_DUTY=0
HEAT_1_SP=-20.0
ENC_RAW=10009
ENC_ANGLE=219.92431640625
ENC_ACCUM=0.02197265625
AUTO_STOP=1
MOTOR_ANGLE=-0.008372093023255813
MOTOR_ACCUM=-27.21767441860465
MOTOR_ROT=-52

[10:31:02.450 EBOX]
TS=1786204146.836
V_SENSE5=1.26953125
V_SENSE9=0.0390625
V_SENSE12=0.11962890625
ADC_V5=4.85870361328125
ADC_V9=9.62005615234375
ADC_V12=11.81488037109375
ADC_V28=27.222900390625
THERMAL_SENS_OUT_1=25
THERMAL_SENS_OUT_2=-50
THERMAL_SENS_OUT_3=32
THERMAL_SENS_OUT_4=27
THERMAL_SENS_OUT_5=29
THERMAL_SENS_OUT_6=-50
THERMAL_SENS_INT_1=25
THERMAL_SENS_INT_2=24
PG_5=0
PG_9=0
PG_12=0
FLT_P2=0
FLT_P3=0
HEAT_1_TEMP=25
HEAT_1_DUTY=0
HEAT_1_SP=-20.0
HEAT_2_TEMP=32
HEAT_2_DUTY=0
HEAT_2_SP=-20.0
HEAT_3_TEMP=27
HEAT_3_DUTY=0
HEAT_3_SP=-20.0
HEAT_4_TEMP=29
HEAT_4_DUTY=0
HEAT_4_SP=-20.0
MOTOR_ANGLE=0.0015261627906976744
MOTOR_ACCUM=1.0480377906976743
MOTOR_ROT=2

[10:31:03.563 CUBESAT]
TS=1786205477.378
PG_5=1
PG_9=0
PG_12=0
FLT_P2=0
FLT_P3=0
HEAT_1_TEMP=0.0
HEAT_1_DUTY=0
HEAT_1_SP=-20.0
ENC_RAW=10004
ENC_ANGLE=219.814453125
ENC_ACCUM=-0.087890625
AUTO_STOP=1
MOTOR_ANGLE=-0.008372093023255813
MOTOR_ACCUM=-27.21767441860465
MOTOR_ROT=-52

[10:31:04.493 EBOX]
TS=1786204148.842
V_SENSE5=1.1376953125
V_SENSE9=0.04150390625
V_SENSE12=0.15380859375
ADC_V5=5.03570556640625
ADC_V9=9.23065185546875
ADC_V12=11.575927734375
ADC_V28=26.94854736328125
THERMAL_SENS_OUT_1=27
THERMAL_SENS_OUT_2=-50
THERMAL_SENS_OUT_3=28
THERMAL_SENS_OUT_4=27
THERMAL_SENS_OUT_5=29
THERMAL_SENS_OUT_6=-50
THERMAL_SENS_INT_1=23
THERMAL_SENS_INT_2=25
PG_5=0
PG_9=0
PG_12=0
FLT_P2=0
FLT_P3=0
HEAT_1_TEMP=27
HEAT_1_DUTY=0
HEAT_1_SP=-20.0
HEAT_2_TEMP=28
HEAT_2_DUTY=0
HEAT_2_SP=-20.0
HEAT_3_TEMP=27
HEAT_3_DUTY=0
HEAT_3_SP=-20.0
HEAT_4_TEMP=29
HEAT_4_DUTY=0
HEAT_4_SP=-20.0
MOTOR_ANGLE=0.0015261627906976744
MOTOR_ACCUM=1.0480377906976743
MOTOR_ROT=2

[10:31:05.201 CUBESAT]
TS=1786205479.381
PG_5=1
PG_9=0
PG_12=0
FLT_P2=0
FLT_P3=0
HEAT_1_TEMP=0.0
HEAT_1_DUTY=10
HEAT_1_SP=-20.0
ENC_RAW=10010
ENC_ANGLE=219.9462890625
ENC_ACCUM=0.0439453125
AUTO_STOP=1
MOTOR_ANGLE=-0.008372093023255813
MOTOR_ACCUM=-27.21767441860465
MOTOR_ROT=-52

[10:31:06.439 EBOX]
TS=1786204150.842
V_SENSE5=1.1962890625
V_SENSE9=0.0390625
V_SENSE12=0.13427734375
ADC_V5=5.05340576171875
ADC_V9=9.1864013671875
ADC_V12=11.81488037109375
ADC_V28=26.86004638671875
THERMAL_SENS_OUT_1=26
THERMAL_SENS_OUT_2=-50
THERMAL_SENS_OUT_3=28
THERMAL_SENS_OUT_4=24
THERMAL_SENS_OUT_5=33
THERMAL_SENS_OUT_6=-50
THERMAL_SENS_INT_1=26
THERMAL_SENS_INT_2=28
PG_5=0
PG_9=0
PG_12=0
FLT_P2=0
FLT_P3=0
HEAT_1_TEMP=26
HEAT_1_DUTY=0
HEAT_1_SP=-20.0
HEAT_2_TEMP=28
HEAT_2_DUTY=0
HEAT_2_SP=-20.0
HEAT_3_TEMP=24
HEAT_3_DUTY=0
HEAT_3_SP=-20.0
HEAT_4_TEMP=33
HEAT_4_DUTY=0
HEAT_4_SP=-20.0
MOTOR_ANGLE=0.0015261627906976744
MOTOR_ACCUM=1.0480377906976743
MOTOR_ROT=2

[10:31:07.249 CUBESAT]
TS=1786205481.385
PG_5=1
PG_9=0
PG_12=0
FLT_P2=0
FLT_P3=0
HEAT_1_TEMP=0.0
HEAT_1_DUTY=0
HEAT_1_SP=-20.0
ENC_RAW=10007
ENC_ANGLE=219.88037109375
ENC_ACCUM=-0.02197265625
AUTO_STOP=1
MOTOR_ANGLE=-0.008372093023255813
MOTOR_ACCUM=-27.21767441860465
MOTOR_ROT=-52

[10:31:08.991 EBOX]
TS=1786204152.843
V_SENSE5=1.357421875
V_SENSE9=0.0390625
V_SENSE12=0.126953125
ADC_V5=4.89410400390625
ADC_V9=9.168701171875
ADC_V12=11.8060302734375
ADC_V28=27.72735595703125
THERMAL_SENS_OUT_1=26
THERMAL_SENS_OUT_2=-50
THERMAL_SENS_OUT_3=32
THERMAL_SENS_OUT_4=28
THERMAL_SENS_OUT_5=30
THERMAL_SENS_OUT_6=-50
THERMAL_SENS_INT_1=28
THERMAL_SENS_INT_2=25
PG_5=0
PG_9=0
PG_12=0
FLT_P2=0
FLT_P3=0
HEAT_1_TEMP=26
HEAT_1_DUTY=0
HEAT_1_SP=-20.0
HEAT_2_TEMP=32
HEAT_2_DUTY=0
HEAT_2_SP=-20.0
HEAT_3_TEMP=28
HEAT_3_DUTY=0
HEAT_3_SP=-20.0
HEAT_4_TEMP=30
HEAT_4_DUTY=0
HEAT_4_SP=-20.0
MOTOR_ANGLE=0.0015261627906976744
MOTOR_ACCUM=1.0480377906976743
MOTOR_ROT=2

[10:31:09.298 CUBESAT]
TS=1786205483.388
PG_5=1
PG_9=0
PG_12=0
FLT_P2=0
FLT_P3=0
HEAT_1_TEMP=0.0
HEAT_1_DUTY=0
HEAT_1_SP=-20.0
ENC_RAW=10007
ENC_ANGLE=219.88037109375
ENC_ACCUM=-0.02197265625
AUTO_STOP=1
MOTOR_ANGLE=-0.008372093023255813
MOTOR_ACCUM=-27.21767441860465
MOTOR_ROT=-52

[10:31:11.334 EBOX]
TS=1786204154.845
V_SENSE5=1.2255859375
V_SENSE9=0.0390625
V_SENSE12=0.107421875
ADC_V5=4.91180419921875
ADC_V9=9.0625
ADC_V12=11.54052734375
ADC_V28=27.68310546875
THERMAL_SENS_OUT_1=25
THERMAL_SENS_OUT_2=-50
THERMAL_SENS_OUT_3=28
THERMAL_SENS_OUT_4=29
THERMAL_SENS_OUT_5=30
THERMAL_SENS_OUT_6=-50
THERMAL_SENS_INT_1=24
THERMAL_SENS_INT_2=25
PG_5=0
PG_9=0
PG_12=0
FLT_P2=0
FLT_P3=0
HEAT_1_TEMP=25
HEAT_1_DUTY=0
HEAT_1_SP=-20.0
HEAT_2_TEMP=28
HEAT_2_DUTY=0
HEAT_2_SP=-20.0
HEAT_3_TEMP=29
HEAT_3_DUTY=0
HEAT_3_SP=-20.0
HEAT_4_TEMP=30
HEAT_4_DUTY=0
HEAT_4_SP=-20.0
MOTOR_ANGLE=0.0015261627906976744
MOTOR_ACCUM=1.0480377906976743
MOTOR_ROT=2

[10:31:11.341 CUBESAT]
TS=1786205485.392
PG_5=1
PG_9=0
PG_12=0
FLT_P2=0
FLT_P3=0
HEAT_1_TEMP=0.0
HEAT_1_DUTY=10
HEAT_1_SP=-20.0
ENC_RAW=10008
ENC_ANGLE=219.90234375
ENC_ACCUM=0.0
AUTO_STOP=1
MOTOR_ANGLE=-0.008372093023255813
MOTOR_ACCUM=-27.21767441860465
MOTOR_ROT=-52

[10:31:12.666 EBOX]
TS=1786204156.849
V_SENSE5=1.2646484375
V_SENSE9=0.0390625
V_SENSE12=0.1123046875
ADC_V5=4.98260498046875
ADC_V9=8.9739990234375
ADC_V12=11.9476318359375
ADC_V28=27.46185302734375
THERMAL_SENS_OUT_1=26
THERMAL_SENS_OUT_2=-50
THERMAL_SENS_OUT_3=28
THERMAL_SENS_OUT_4=29
THERMAL_SENS_OUT_5=30
THERMAL_SENS_OUT_6=-50
THERMAL_SENS_INT_1=24
THERMAL_SENS_INT_2=27
PG_5=0
PG_9=0
PG_12=0
FLT_P2=0
FLT_P3=0
HEAT_1_TEMP=26
HEAT_1_DUTY=0
HEAT_1_SP=-20.0
HEAT_2_TEMP=28
HEAT_2_DUTY=0
HEAT_2_SP=-20.0
HEAT_3_TEMP=29
HEAT_3_DUTY=0
HEAT_3_SP=-20.0
HEAT_4_TEMP=30
HEAT_4_DUTY=0
HEAT_4_SP=-20.0
MOTOR_ANGLE=0.0015261627906976744
MOTOR_ACCUM=1.0480377906976743
MOTOR_ROT=2

[10:31:13.577 CUBESAT]
TS=1786205487.394
PG_5=1
PG_9=0
PG_12=0
FLT_P2=0
FLT_P3=0
HEAT_1_TEMP=0.0
HEAT_1_DUTY=0
HEAT_1_SP=-20.0
ENC_RAW=10007
ENC_ANGLE=219.88037109375
ENC_ACCUM=-0.02197265625
AUTO_STOP=1
MOTOR_ANGLE=-0.008372093023255813
MOTOR_ACCUM=-27.21767441860465
MOTOR_ROT=-52

[10:31:14.517 EBOX]
TS=1786204158.852
V_SENSE5=1.38427734375
V_SENSE9=0.0390625
V_SENSE12=0.14892578125
ADC_V5=4.98260498046875
ADC_V9=9.0802001953125
ADC_V12=11.5582275390625
ADC_V28=27.49725341796875
THERMAL_SENS_OUT_1=27
THERMAL_SENS_OUT_2=-50
THERMAL_SENS_OUT_3=30
THERMAL_SENS_OUT_4=24
THERMAL_SENS_OUT_5=32
THERMAL_SENS_OUT_6=-50
THERMAL_SENS_INT_1=24
THERMAL_SENS_INT_2=28
PG_5=0
PG_9=0
PG_12=0
FLT_P2=0
FLT_P3=0
HEAT_1_TEMP=27
HEAT_1_DUTY=0
HEAT_1_SP=-20.0
HEAT_2_TEMP=30
HEAT_2_DUTY=0
HEAT_2_SP=-20.0
HEAT_3_TEMP=24
HEAT_3_DUTY=0
HEAT_3_SP=-20.0
HEAT_4_TEMP=32
HEAT_4_DUTY=0
HEAT_4_SP=-20.0
MOTOR_ANGLE=0.0015261627906976744
MOTOR_ACCUM=1.0480377906976743
MOTOR_ROT=2

[10:31:15.226 CUBESAT]
TS=1786205489.399
PG_5=1
PG_9=0
PG_12=0
FLT_P2=0
FLT_P3=0
HEAT_1_TEMP=0.0
HEAT_1_DUTY=0
HEAT_1_SP=-20.0
ENC_RAW=10007
ENC_ANGLE=219.88037109375
ENC_ACCUM=-0.02197265625
AUTO_STOP=1
MOTOR_ANGLE=-0.008372093023255813
MOTOR_ACCUM=-27.21767441860465
MOTOR_ROT=-52

[10:31:16.478 EBOX]
TS=1786204160.855
V_SENSE5=1.22802734375
V_SENSE9=0.0341796875
V_SENSE12=0.13427734375
ADC_V5=5.0091552734375
ADC_V9=8.94744873046875
ADC_V12=11.8060302734375
ADC_V28=26.97509765625
THERMAL_SENS_OUT_1=29
THERMAL_SENS_OUT_2=-50
THERMAL_SENS_OUT_3=31
THERMAL_SENS_OUT_4=24
THERMAL_SENS_OUT_5=31
THERMAL_SENS_OUT_6=-50
THERMAL_SENS_INT_1=22
THERMAL_SENS_INT_2=25
PG_5=0
PG_9=0
PG_12=0
FLT_P2=0
FLT_P3=0
HEAT_1_TEMP=29
HEAT_1_DUTY=0
HEAT_1_SP=-20.0
HEAT_2_TEMP=31
HEAT_2_DUTY=0
HEAT_2_SP=-20.0
HEAT_3_TEMP=24
HEAT_3_DUTY=0
HEAT_3_SP=-20.0
HEAT_4_TEMP=31
HEAT_4_DUTY=0
HEAT_4_SP=-20.0
MOTOR_ANGLE=0.0015261627906976744
MOTOR_ACCUM=1.0480377906976743
MOTOR_ROT=2

[10:31:17.192 CUBESAT]
TS=1786205491.399
PG_5=1
PG_9=0
PG_12=0
FLT_P2=0
FLT_P3=0
HEAT_1_TEMP=0.0
HEAT_1_DUTY=0
HEAT_1_SP=-20.0
ENC_RAW=10007
ENC_ANGLE=219.88037109375
ENC_ACCUM=-0.02197265625
AUTO_STOP=1
MOTOR_ANGLE=-0.008372093023255813
MOTOR_ACCUM=-27.21767441860465
MOTOR_ROT=-52

[10:31:18.532 EBOX]
TS=1786204162.867
V_SENSE5=1.34521484375
V_SENSE9=0.03662109375
V_SENSE12=0.12451171875
ADC_V5=4.991455078125
ADC_V9=9.3634033203125
ADC_V12=11.77947998046875
ADC_V28=27.0458984375
THERMAL_SENS_OUT_1=26
THERMAL_SENS_OUT_2=-50
THERMAL_SENS_OUT_3=28
THERMAL_SENS_OUT_4=29
THERMAL_SENS_OUT_5=31
THERMAL_SENS_OUT_6=-50
THERMAL_SENS_INT_1=25
THERMAL_SENS_INT_2=25
PG_5=0
PG_9=0
PG_12=0
FLT_P2=0
FLT_P3=0
HEAT_1_TEMP=26
HEAT_1_DUTY=0
HEAT_1_SP=-20.0
HEAT_2_TEMP=28
HEAT_2_DUTY=0
HEAT_2_SP=-20.0
HEAT_3_TEMP=29
HEAT_3_DUTY=0
HEAT_3_SP=-20.0
HEAT_4_TEMP=31
HEAT_4_DUTY=0
HEAT_4_SP=-20.0
MOTOR_ANGLE=0.0015261627906976744
MOTOR_ACCUM=1.0480377906976743
MOTOR_ROT=2

[10:31:19.443 CUBESAT]
TS=1786205493.402
PG_5=1
PG_9=0
PG_12=0
FLT_P2=0
FLT_P3=0
HEAT_1_TEMP=0.0
HEAT_1_DUTY=0
HEAT_1_SP=-20.0
ENC_RAW=10008
ENC_ANGLE=219.90234375
ENC_ACCUM=0.0
AUTO_STOP=1
MOTOR_ANGLE=-0.008372093023255813
MOTOR_ACCUM=-27.21767441860465
MOTOR_ROT=-52

[10:31:20.673 EBOX]
TS=1786204164.862
V_SENSE5=1.2548828125
V_SENSE9=0.0341796875
V_SENSE12=0.1171875
ADC_V5=4.9560546875
ADC_V9=9.3634033203125
ADC_V12=11.54052734375
ADC_V28=26.98394775390625
THERMAL_SENS_OUT_1=26
THERMAL_SENS_OUT_2=-50
THERMAL_SENS_OUT_3=32
THERMAL_SENS_OUT_4=26
THERMAL_SENS_OUT_5=33
THERMAL_SENS_OUT_6=-50
THERMAL_SENS_INT_1=28
THERMAL_SENS_INT_2=26
PG_5=0
PG_9=0
PG_12=0
FLT_P2=0
FLT_P3=0
HEAT_1_TEMP=26
HEAT_1_DUTY=0
HEAT_1_SP=-20.0
HEAT_2_TEMP=32
HEAT_2_DUTY=0
HEAT_2_SP=-20.0
HEAT_3_TEMP=26
HEAT_3_DUTY=0
HEAT_3_SP=-20.0
HEAT_4_TEMP=33
HEAT_4_DUTY=0
HEAT_4_SP=-20.0
MOTOR_ANGLE=0.0015261627906976744
MOTOR_ACCUM=1.0480377906976743
MOTOR_ROT=2

[10:31:21.282 CUBESAT]
TS=1786205495.408
PG_5=1
PG_9=0
PG_12=0
FLT_P2=0
FLT_P3=0
HEAT_1_TEMP=0.0
HEAT_1_DUTY=10
HEAT_1_SP=-20.0
ENC_RAW=10007
ENC_ANGLE=219.88037109375
ENC_ACCUM=-0.02197265625
AUTO_STOP=1
MOTOR_ANGLE=-0.008372093023255813
MOTOR_ACCUM=-27.21767441860465
MOTOR_ROT=-52

[10:31:22.513 EBOX]
TS=1786204166.867
V_SENSE5=1.23291015625
V_SENSE9=0.0390625
V_SENSE12=0.1171875
ADC_V5=4.9383544921875
ADC_V9=9.2926025390625
ADC_V12=11.70867919921875
ADC_V28=27.12554931640625
THERMAL_SENS_OUT_1=27
THERMAL_SENS_OUT_2=-50
THERMAL_SENS_OUT_3=31
THERMAL_SENS_OUT_4=28
THERMAL_SENS_OUT_5=33
THERMAL_SENS_OUT_6=-50
THERMAL_SENS_INT_1=25
THERMAL_SENS_INT_2=28
PG_5=0
PG_9=0
PG_12=0
FLT_P2=0
FLT_P3=0
HEAT_1_TEMP=27
HEAT_1_DUTY=0
HEAT_1_SP=-20.0
HEAT_2_TEMP=31
HEAT_2_DUTY=0
HEAT_2_SP=-20.0
HEAT_3_TEMP=28
HEAT_3_DUTY=0
HEAT_3_SP=-20.0
HEAT_4_TEMP=33
HEAT_4_DUTY=0
HEAT_4_SP=-20.0
MOTOR_ANGLE=0.0015261627906976744
MOTOR_ACCUM=1.0480377906976743
MOTOR_ROT=2

[10:31:23.222 CUBESAT]
TS=1786205497.410
PG_5=1
PG_9=0
PG_12=0
FLT_P2=0
FLT_P3=0
HEAT_1_TEMP=0.0
HEAT_1_DUTY=0
HEAT_1_SP=-20.0
ENC_RAW=10007
ENC_ANGLE=219.88037109375
ENC_ACCUM=-0.02197265625
AUTO_STOP=1
MOTOR_ANGLE=-0.008372093023255813
MOTOR_ACCUM=-27.21767441860465
MOTOR_ROT=-52

[10:31:25.056 EBOX]
TS=1786204168.868
V_SENSE5=1.28173828125
V_SENSE9=0.0341796875
V_SENSE12=0.1318359375
ADC_V5=4.8675537109375
ADC_V9=9.345703125
ADC_V12=11.5582275390625
ADC_V28=27.7362060546875
THERMAL_SENS_OUT_1=24
THERMAL_SENS_OUT_2=-50
THERMAL_SENS_OUT_3=32
THERMAL_SENS_OUT_4=25
THERMAL_SENS_OUT_5=33
THERMAL_SENS_OUT_6=-50
THERMAL_SENS_INT_1=27
THERMAL_SENS_INT_2=24
PG_5=0
PG_9=0
PG_12=0
FLT_P2=0
FLT_P3=0
HEAT_1_TEMP=24
HEAT_1_DUTY=0
HEAT_1_SP=-20.0
HEAT_2_TEMP=32
HEAT_2_DUTY=0
HEAT_2_SP=-20.0
HEAT_3_TEMP=25
HEAT_3_DUTY=0
HEAT_3_SP=-20.0
HEAT_4_TEMP=33
HEAT_4_DUTY=0
HEAT_4_SP=-20.0
MOTOR_ANGLE=0.0015261627906976744
MOTOR_ACCUM=1.0480377906976743
MOTOR_ROT=2

[10:31:25.261 CUBESAT]
TS=1786205499.412
PG_5=1
PG_9=0
PG_12=0
FLT_P2=0
FLT_P3=0
HEAT_1_TEMP=0.0
HEAT_1_DUTY=0
HEAT_1_SP=-20.0
ENC_RAW=10008
ENC_ANGLE=219.90234375
ENC_ACCUM=0.0
AUTO_STOP=1
MOTOR_ANGLE=-0.008372093023255813
MOTOR_ACCUM=-27.21767441860465
MOTOR_ROT=-52

[10:31:26.499 EBOX]
TS=1786204170.872
V_SENSE5=1.181640625
V_SENSE9=0.03662109375
V_SENSE12=0.13427734375
ADC_V5=4.920654296875
ADC_V9=9.168701171875
ADC_V12=11.58477783203125
ADC_V28=27.647705078125
THERMAL_SENS_OUT_1=30
THERMAL_SENS_OUT_2=-50
THERMAL_SENS_OUT_3=31
THERMAL_SENS_OUT_4=24
THERMAL_SENS_OUT_5=31
THERMAL_SENS_OUT_6=-50
THERMAL_SENS_INT_1=24
THERMAL_SENS_INT_2=28
PG_5=0
PG_9=0
PG_12=0
FLT_P2=0
FLT_P3=0
HEAT_1_TEMP=30
HEAT_1_DUTY=0
HEAT_1_SP=-20.0
HEAT_2_TEMP=31
HEAT_2_DUTY=0
HEAT_2_SP=-20.0
HEAT_3_TEMP=24
HEAT_3_DUTY=0
HEAT_3_SP=-20.0
HEAT_4_TEMP=31
HEAT_4_DUTY=0
HEAT_4_SP=-20.0
MOTOR_ANGLE=0.0015261627906976744
MOTOR_ACCUM=1.0480377906976743
MOTOR_ROT=2

[10:31:27.208 CUBESAT]
TS=1786205501.415
PG_5=1
PG_9=0
PG_12=0
FLT_P2=0
FLT_P3=0
HEAT_1_TEMP=0.0
HEAT_1_DUTY=0
HEAT_1_SP=-20.0
ENC_RAW=10005
ENC_ANGLE=219.83642578125
ENC_ACCUM=-0.06591796875
AUTO_STOP=1
MOTOR_ANGLE=-0.008372093023255813
MOTOR_ACCUM=-27.21767441860465
MOTOR_ROT=-52

[10:31:29.041 EBOX]
TS=1786204172.879
V_SENSE5=1.2353515625
V_SENSE9=0.0390625
V_SENSE12=0.15380859375
ADC_V5=4.9737548828125
ADC_V9=8.9385986328125
ADC_V12=11.92108154296875
ADC_V28=27.16094970703125
THERMAL_SENS_OUT_1=24
THERMAL_SENS_OUT_2=-50
THERMAL_SENS_OUT_3=30
THERMAL_SENS_OUT_4=25
THERMAL_SENS_OUT_5=33
THERMAL_SENS_OUT_6=-50
THERMAL_SENS_INT_1=23
THERMAL_SENS_INT_2=29
PG_5=0
PG_9=0
PG_12=0
FLT_P2=0
FLT_P3=0
HEAT_1_TEMP=24
HEAT_1_DUTY=0
HEAT_1_SP=-20.0
HEAT_2_TEMP=30
HEAT_2_DUTY=0
HEAT_2_SP=-20.0
HEAT_3_TEMP=25
HEAT_3_DUTY=0
HEAT_3_SP=-20.0
HEAT_4_TEMP=33
HEAT_4_DUTY=0
HEAT_4_SP=-20.0
MOTOR_ANGLE=0.0015261627906976744
MOTOR_ACCUM=1.0480377906976743
MOTOR_ROT=2

[10:31:29.247 CUBESAT]
TS=1786205503.418
PG_5=1
PG_9=0
PG_12=0
FLT_P2=0
FLT_P3=0
HEAT_1_TEMP=0.0
HEAT_1_DUTY=0
HEAT_1_SP=-20.0
ENC_RAW=10005
ENC_ANGLE=219.83642578125
ENC_ACCUM=-0.06591796875
AUTO_STOP=1
MOTOR_ANGLE=-0.008372093023255813
MOTOR_ACCUM=-27.21767441860465
MOTOR_ROT=-52

[10:31:30.476 EBOX]
TS=1786204174.889
V_SENSE5=1.12548828125
V_SENSE9=0.0341796875
V_SENSE12=0.107421875
ADC_V5=5.00030517578125
ADC_V9=8.9739990234375
ADC_V12=11.4874267578125
ADC_V28=27.46185302734375
THERMAL_SENS_OUT_1=26
THERMAL_SENS_OUT_2=-50
THERMAL_SENS_OUT_3=28
THERMAL_SENS_OUT_4=26
THERMAL_SENS_OUT_5=32
THERMAL_SENS_OUT_6=-50
THERMAL_SENS_INT_1=25
THERMAL_SENS_INT_2=25
PG_5=0
PG_9=0
PG_12=0
FLT_P2=0
FLT_P3=0
HEAT_1_TEMP=26
HEAT_1_DUTY=0
HEAT_1_SP=-20.0
HEAT_2_TEMP=28
HEAT_2_DUTY=0
HEAT_2_SP=-20.0
HEAT_3_TEMP=26
HEAT_3_DUTY=0
HEAT_3_SP=-20.0
HEAT_4_TEMP=32
HEAT_4_DUTY=0
HEAT_4_SP=-20.0
MOTOR_ANGLE=0.0015261627906976744
MOTOR_ACCUM=1.0480377906976743
MOTOR_ROT=2

[10:31:31.285 CUBESAT]
TS=1786205505.421
PG_5=1
PG_9=0
PG_12=0
FLT_P2=0
FLT_P3=0
HEAT_1_TEMP=0.0
HEAT_1_DUTY=10
HEAT_1_SP=-20.0
ENC_RAW=10006
ENC_ANGLE=219.8583984375
ENC_ACCUM=-0.0439453125
AUTO_STOP=1
MOTOR_ANGLE=-0.008372093023255813
MOTOR_ACCUM=-27.21767441860465
MOTOR_ROT=-52

[10:31:32.524 EBOX]
TS=1786204176.885
V_SENSE5=1.2255859375
V_SENSE9=0.0390625
V_SENSE12=0.1171875
ADC_V5=4.8675537109375
ADC_V9=9.42535400390625
ADC_V12=11.82373046875
ADC_V28=26.89544677734375
THERMAL_SENS_OUT_1=26
THERMAL_SENS_OUT_2=-50
THERMAL_SENS_OUT_3=28
THERMAL_SENS_OUT_4=29
THERMAL_SENS_OUT_5=29
THERMAL_SENS_OUT_6=-50
THERMAL_SENS_INT_1=27
THERMAL_SENS_INT_2=25
PG_5=0
PG_9=0
PG_12=0
FLT_P2=0
FLT_P3=0
HEAT_1_TEMP=26
HEAT_1_DUTY=0
HEAT_1_SP=-20.0
HEAT_2_TEMP=28
HEAT_2_DUTY=0
HEAT_2_SP=-20.0
HEAT_3_TEMP=29
HEAT_3_DUTY=0
HEAT_3_SP=-20.0
HEAT_4_TEMP=29
HEAT_4_DUTY=0
HEAT_4_SP=-20.0
MOTOR_ANGLE=0.0015261627906976744
MOTOR_ACCUM=1.0480377906976743
MOTOR_ROT=2

[10:31:33.232 CUBESAT]
TS=1786205507.425
PG_5=1
PG_9=0
PG_12=0
FLT_P2=0
FLT_P3=0
HEAT_1_TEMP=0.0
HEAT_1_DUTY=0
HEAT_1_SP=-20.0
ENC_RAW=10007
ENC_ANGLE=219.88037109375
ENC_ACCUM=-0.02197265625
AUTO_STOP=1
MOTOR_ANGLE=-0.008372093023255813
MOTOR_ACCUM=-27.21767441860465
MOTOR_ROT=-52

[10:31:34.976 EBOX]
TS=1786204178.886
V_SENSE5=1.2353515625
V_SENSE9=0.0390625
V_SENSE12=0.12939453125
ADC_V5=4.991455078125
ADC_V9=9.42535400390625
ADC_V12=11.83258056640625
ADC_V28=26.93084716796875
THERMAL_SENS_OUT_1=25
THERMAL_SENS_OUT_2=-50
THERMAL_SENS_OUT_3=28
THERMAL_SENS_OUT_4=29
THERMAL_SENS_OUT_5=30
THERMAL_SENS_OUT_6=-50
THERMAL_SENS_INT_1=23
THERMAL_SENS_INT_2=29
PG_5=0
PG_9=0
PG_12=0
FLT_P2=0
FLT_P3=0
HEAT_1_TEMP=25
HEAT_1_DUTY=0
HEAT_1_SP=-20.0
HEAT_2_TEMP=28
HEAT_2_DUTY=0
HEAT_2_SP=-20.0
HEAT_3_TEMP=29
HEAT_3_DUTY=0
HEAT_3_SP=-20.0
HEAT_4_TEMP=30
HEAT_4_DUTY=0
HEAT_4_SP=-20.0
MOTOR_ANGLE=0.0015261627906976744
MOTOR_ACCUM=1.0480377906976743
MOTOR_ROT=2

[10:31:35.282 CUBESAT]
TS=1786205509.428
PG_5=1
PG_9=0
PG_12=0
FLT_P2=0
FLT_P3=0
HEAT_1_TEMP=0.0
HEAT_1_DUTY=0
HEAT_1_SP=-20.0
ENC_RAW=10008
ENC_ANGLE=219.90234375
ENC_ACCUM=0.0
AUTO_STOP=1
MOTOR_ANGLE=-0.008372093023255813
MOTOR_ACCUM=-27.21767441860465
MOTOR_ROT=-52

[10:31:36.522 EBOX]
TS=1786204180.889
V_SENSE5=1.34521484375
V_SENSE9=0.0341796875
V_SENSE12=0.10498046875
ADC_V5=5.03570556640625
ADC_V9=9.239501953125
ADC_V12=11.611328125
ADC_V28=27.19635009765625
THERMAL_SENS_OUT_1=26
THERMAL_SENS_OUT_2=-50
THERMAL_SENS_OUT_3=28
THERMAL_SENS_OUT_4=25
THERMAL_SENS_OUT_5=31
THERMAL_SENS_OUT_6=-50
THERMAL_SENS_INT_1=29
THERMAL_SENS_INT_2=25
PG_5=0
PG_9=0
PG_12=0
FLT_P2=0
FLT_P3=0
HEAT_1_TEMP=26
HEAT_1_DUTY=0
HEAT_1_SP=-20.0
HEAT_2_TEMP=28
HEAT_2_DUTY=0
HEAT_2_SP=-20.0
HEAT_3_TEMP=25
HEAT_3_DUTY=0
HEAT_3_SP=-20.0
HEAT_4_TEMP=31
HEAT_4_DUTY=0
HEAT_4_SP=-20.0
MOTOR_ANGLE=0.0015261627906976744
MOTOR_ACCUM=1.0480377906976743
MOTOR_ROT=2

[10:31:37.632 CUBESAT]
TS=1786205511.431
PG_5=1
PG_9=0
PG_12=0
FLT_P2=0
FLT_P3=0
HEAT_1_TEMP=0.0
HEAT_1_DUTY=0
HEAT_1_SP=-20.0
ENC_RAW=10010
ENC_ANGLE=219.9462890625
ENC_ACCUM=0.0439453125
AUTO_STOP=1
MOTOR_ANGLE=-0.008372093023255813
MOTOR_ACCUM=-27.21767441860465
MOTOR_ROT=-52

[10:31:38.456 EBOX]
TS=1786204182.892
V_SENSE5=1.32568359375
V_SENSE9=0.0341796875
V_SENSE12=0.1171875
ADC_V5=5.0091552734375
ADC_V9=9.31915283203125
ADC_V12=11.7352294921875
ADC_V28=27.44415283203125
THERMAL_SENS_OUT_1=25
THERMAL_SENS_OUT_2=-50
THERMAL_SENS_OUT_3=28
THERMAL_SENS_OUT_4=27
THERMAL_SENS_OUT_5=29
THERMAL_SENS_OUT_6=-50
THERMAL_SENS_INT_1=24
THERMAL_SENS_INT_2=27
PG_5=0
PG_9=0
PG_12=0
FLT_P2=0
FLT_P3=0
HEAT_1_TEMP=25
HEAT_1_DUTY=0
HEAT_1_SP=-20.0
HEAT_2_TEMP=28
HEAT_2_DUTY=0
HEAT_2_SP=-20.0
HEAT_3_TEMP=27
HEAT_3_DUTY=0
HEAT_3_SP=-20.0
HEAT_4_TEMP=29
HEAT_4_DUTY=0
HEAT_4_SP=-20.0
MOTOR_ANGLE=0.0015261627906976744
MOTOR_ACCUM=1.0480377906976743
MOTOR_ROT=2

[10:31:39.264 CUBESAT]
TS=1786205513.435
PG_5=1
PG_9=0
PG_12=0
FLT_P2=0
FLT_P3=0
HEAT_1_TEMP=0.0
HEAT_1_DUTY=0
HEAT_1_SP=-20.0
ENC_RAW=10009
ENC_ANGLE=219.92431640625
ENC_ACCUM=0.02197265625
AUTO_STOP=1
MOTOR_ANGLE=-0.008372093023255813
MOTOR_ACCUM=-27.21767441860465
MOTOR_ROT=-52

[10:31:40.490 EBOX]
TS=1786204184.895
V_SENSE5=1.357421875
V_SENSE9=0.0390625
V_SENSE12=0.13671875
ADC_V5=4.94720458984375
ADC_V9=9.28375244140625
ADC_V12=11.7529296875
ADC_V28=27.42645263671875
THERMAL_SENS_OUT_1=30
THERMAL_SENS_OUT_2=-50
THERMAL_SENS_OUT_3=31
THERMAL_SENS_OUT_4=24
THERMAL_SENS_OUT_5=32
THERMAL_SENS_OUT_6=-50
THERMAL_SENS_INT_1=23
THERMAL_SENS_INT_2=28
PG_5=0
PG_9=0
PG_12=0
FLT_P2=0
FLT_P3=0
HEAT_1_TEMP=30
HEAT_1_DUTY=0
HEAT_1_SP=-20.0
HEAT_2_TEMP=31
HEAT_2_DUTY=0
HEAT_2_SP=-20.0
HEAT_3_TEMP=24
HEAT_3_DUTY=0
HEAT_3_SP=-20.0
HEAT_4_TEMP=32
HEAT_4_DUTY=0
HEAT_4_SP=-20.0
MOTOR_ANGLE=0.0015261627906976744
MOTOR_ACCUM=1.0480377906976743
MOTOR_ROT=2

[10:31:41.298 CUBESAT]
TS=1786205515.436
PG_5=1
PG_9=0
PG_12=0
FLT_P2=0
FLT_P3=0
HEAT_1_TEMP=0.0
HEAT_1_DUTY=10
HEAT_1_SP=-20.0
ENC_RAW=10008
ENC_ANGLE=219.90234375
ENC_ACCUM=0.0
AUTO_STOP=1
MOTOR_ANGLE=-0.008372093023255813
MOTOR_ACCUM=-27.21767441860465
MOTOR_ROT=-52

[10:31:42.533 EBOX]
TS=1786204186.899
V_SENSE5=1.1669921875
V_SENSE9=0.0341796875
V_SENSE12=0.107421875
ADC_V5=5.05340576171875
ADC_V9=8.99169921875
ADC_V12=11.8768310546875
ADC_V28=27.6654052734375
THERMAL_SENS_OUT_1=27
THERMAL_SENS_OUT_2=-50
THERMAL_SENS_OUT_3=30
THERMAL_SENS_OUT_4=26
THERMAL_SENS_OUT_5=28
THERMAL_SENS_OUT_6=-50
THERMAL_SENS_INT_1=26
THERMAL_SENS_INT_2=25
PG_5=0
PG_9=0
PG_12=0
FLT_P2=0
FLT_P3=0
HEAT_1_TEMP=27
HEAT_1_DUTY=0
HEAT_1_SP=-20.0
HEAT_2_TEMP=30
HEAT_2_DUTY=0
HEAT_2_SP=-20.0
HEAT_3_TEMP=26
HEAT_3_DUTY=0
HEAT_3_SP=-20.0
HEAT_4_TEMP=28
HEAT_4_DUTY=0
HEAT_4_SP=-20.0
MOTOR_ANGLE=0.0015261627906976744
MOTOR_ACCUM=1.0480377906976743
MOTOR_ROT=2

[10:31:43.242 CUBESAT]
TS=1786205517.442
PG_5=1
PG_9=0
PG_12=0
FLT_P2=0
FLT_P3=0
HEAT_1_TEMP=0.0
HEAT_1_DUTY=0
HEAT_1_SP=-20.0
ENC_RAW=10010
ENC_ANGLE=219.9462890625
ENC_ACCUM=0.0439453125
AUTO_STOP=1
MOTOR_ANGLE=-0.008372093023255813
MOTOR_ACCUM=-27.21767441860465
MOTOR_ROT=-52

[10:31:45.260 CUBESAT]
TS=1786205519.443
PG_5=1
PG_9=0
PG_12=0
FLT_P2=0
FLT_P3=0
HEAT_1_TEMP=0.0
HEAT_1_DUTY=0
HEAT_1_SP=-20.0
ENC_RAW=10008
ENC_ANGLE=219.90234375
ENC_ACCUM=0.0
AUTO_STOP=1
MOTOR_ANGLE=-0.008372093023255813
MOTOR_ACCUM=-27.21767441860465
MOTOR_ROT=-52

[10:31:45.392 EBOX]
TS=1786204188.905
V_SENSE5=1.23291015625
V_SENSE9=0.0341796875
V_SENSE12=0.1171875
ADC_V5=5.07110595703125
ADC_V9=9.07135009765625
ADC_V12=11.60247802734375
ADC_V28=27.63885498046875
THERMAL_SENS_OUT_1=29
THERMAL_SENS_OUT_2=-50
THERMAL_SENS_OUT_3=31
THERMAL_SENS_OUT_4=24
THERMAL_SENS_OUT_5=32
THERMAL_SENS_OUT_6=-50
THERMAL_SENS_INT_1=27
THERMAL_SENS_INT_2=24
PG_5=0
PG_9=0
PG_12=0
FLT_P2=0
FLT_P3=0
HEAT_1_TEMP=29
HEAT_1_DUTY=0
HEAT_1_SP=-20.0
HEAT_2_TEMP=31
HEAT_2_DUTY=0
HEAT_2_SP=-20.0
HEAT_3_TEMP=24
HEAT_3_DUTY=0
HEAT_3_SP=-20.0
HEAT_4_TEMP=32
HEAT_4_DUTY=0
HEAT_4_SP=-20.0
MOTOR_ANGLE=0.0015261627906976744
MOTOR_ACCUM=1.0480377906976743
MOTOR_ROT=2

[10:31:46.523 EBOX]
TS=1786204190.916
V_SENSE5=1.2109375
V_SENSE9=0.03662109375
V_SENSE12=0.1220703125
ADC_V5=4.9737548828125
ADC_V9=8.9031982421875
ADC_V12=11.51397705078125
ADC_V28=27.8070068359375
THERMAL_SENS_OUT_1=31
THERMAL_SENS_OUT_2=-50
THERMAL_SENS_OUT_3=33
THERMAL_SENS_OUT_4=24
THERMAL_SENS_OUT_5=32
THERMAL_SENS_OUT_6=-50
THERMAL_SENS_INT_1=26
THERMAL_SENS_INT_2=26
PG_5=0
PG_9=0
PG_12=0
FLT_P2=0
FLT_P3=0
HEAT_1_TEMP=31
HEAT_1_DUTY=0
HEAT_1_SP=-20.0
HEAT_2_TEMP=33
HEAT_2_DUTY=0
HEAT_2_SP=-20.0
HEAT_3_TEMP=24
HEAT_3_DUTY=0
HEAT_3_SP=-20.0
HEAT_4_TEMP=32
HEAT_4_DUTY=0
HEAT_4_SP=-20.0
MOTOR_ANGLE=0.0015261627906976744
MOTOR_ACCUM=1.0480377906976743
MOTOR_ROT=2

[10:31:47.231 CUBESAT]
TS=1786205521.445
PG_5=1
PG_9=0
PG_12=0
FLT_P2=0
FLT_P3=0
HEAT_1_TEMP=0.0
HEAT_1_DUTY=10
HEAT_1_SP=-20.0
ENC_RAW=10009
ENC_ANGLE=219.92431640625
ENC_ACCUM=0.02197265625
AUTO_STOP=1
MOTOR_ANGLE=-0.008372093023255813
MOTOR_ACCUM=-27.21767441860465
MOTOR_ROT=-52

[10:31:48.555 EBOX]
TS=1786204192.914
V_SENSE5=1.33056640625
V_SENSE9=0.03662109375
V_SENSE12=0.1171875
ADC_V5=4.9560546875
ADC_V9=9.451904296875
ADC_V12=11.76177978515625
ADC_V28=27.47955322265625
THERMAL_SENS_OUT_1=26
THERMAL_SENS_OUT_2=-50
THERMAL_SENS_OUT_3=27
THERMAL_SENS_OUT_4=24
THERMAL_SENS_OUT_5=31
THERMAL_SENS_OUT_6=-50
THERMAL_SENS_INT_1=22
THERMAL_SENS_INT_2=26
PG_5=0
PG_9=0
PG_12=0
FLT_P2=0
FLT_P3=0
HEAT_1_TEMP=26
HEAT_1_DUTY=0
HEAT_1_SP=-20.0
HEAT_2_TEMP=27
HEAT_2_DUTY=0
HEAT_2_SP=-20.0
HEAT_3_TEMP=24
HEAT_3_DUTY=0
HEAT_3_SP=-20.0
HEAT_4_TEMP=31
HEAT_4_DUTY=0
HEAT_4_SP=-20.0
MOTOR_ANGLE=0.0015261627906976744
MOTOR_ACCUM=1.0480377906976743
MOTOR_ROT=2

[10:31:49.264 CUBESAT]
TS=1786205523.448
PG_5=1
PG_9=0
PG_12=0
FLT_P2=0
FLT_P3=0
HEAT_1_TEMP=0.0
HEAT_1_DUTY=0
HEAT_1_SP=-20.0
ENC_RAW=10010
ENC_ANGLE=219.9462890625
ENC_ACCUM=0.0439453125
AUTO_STOP=1
MOTOR_ANGLE=-0.008372093023255813
MOTOR_ACCUM=-27.21767441860465
MOTOR_ROT=-52

[10:31:50.895 EBOX]
TS=1786204194.915
V_SENSE5=1.1962890625
V_SENSE9=0.0390625
V_SENSE12=0.13916015625
ADC_V5=4.9560546875
ADC_V9=9.27490234375
ADC_V12=11.646728515625
ADC_V28=27.39105224609375
THERMAL_SENS_OUT_1=26
THERMAL_SENS_OUT_2=-50
THERMAL_SENS_OUT_3=28
THERMAL_SENS_OUT_4=25
THERMAL_SENS_OUT_5=31
THERMAL_SENS_OUT_6=-50
THERMAL_SENS_INT_1=24
THERMAL_SENS_INT_2=30
PG_5=0
PG_9=0
PG_12=0
FLT_P2=0
FLT_P3=0
HEAT_1_TEMP=26
HEAT_1_DUTY=0
HEAT_1_SP=-20.0
HEAT_2_TEMP=28
HEAT_2_DUTY=0
HEAT_2_SP=-20.0
HEAT_3_TEMP=25
HEAT_3_DUTY=0
HEAT_3_SP=-20.0
HEAT_4_TEMP=31
HEAT_4_DUTY=0
HEAT_4_SP=-20.0
MOTOR_ANGLE=0.0015261627906976744
MOTOR_ACCUM=1.0480377906976743
MOTOR_ROT=2

[10:31:51.303 CUBESAT]
TS=1786205525.452
PG_5=1
PG_9=0
PG_12=0
FLT_P2=0
FLT_P3=0
HEAT_1_TEMP=0.0
HEAT_1_DUTY=0
HEAT_1_SP=-20.0
ENC_RAW=10009
ENC_ANGLE=219.92431640625
ENC_ACCUM=0.02197265625
AUTO_STOP=1
MOTOR_ANGLE=-0.008372093023255813
MOTOR_ACCUM=-27.21767441860465
MOTOR_ROT=-52

[10:31:52.738 EBOX]
TS=1786204196.922
V_SENSE5=1.27685546875
V_SENSE9=0.03662109375
V_SENSE12=0.11962890625
ADC_V5=4.89410400390625
ADC_V9=9.3280029296875
ADC_V12=11.9122314453125
ADC_V28=27.14324951171875
THERMAL_SENS_OUT_1=28
THERMAL_SENS_OUT_2=-50
THERMAL_SENS_OUT_3=30
THERMAL_SENS_OUT_4=25
THERMAL_SENS_OUT_5=31
THERMAL_SENS_OUT_6=-50
THERMAL_SENS_INT_1=22
THERMAL_SENS_INT_2=27
PG_5=0
PG_9=0
PG_12=0
FLT_P2=0
FLT_P3=0
HEAT_1_TEMP=28
HEAT_1_DUTY=0
HEAT_1_SP=-20.0
HEAT_2_TEMP=30
HEAT_2_DUTY=0
HEAT_2_SP=-20.0
HEAT_3_TEMP=25
HEAT_3_DUTY=0
HEAT_3_SP=-20.0
HEAT_4_TEMP=31
HEAT_4_DUTY=0
HEAT_4_SP=-20.0
MOTOR_ANGLE=0.0015261627906976744
MOTOR_ACCUM=1.0480377906976743
MOTOR_ROT=2

[10:31:53.550 CUBESAT]
TS=1786205527.455
PG_5=1
PG_9=0
PG_12=0
FLT_P2=0
FLT_P3=0
HEAT_1_TEMP=0.0
HEAT_1_DUTY=0
HEAT_1_SP=-20.0
ENC_RAW=10007
ENC_ANGLE=219.88037109375
ENC_ACCUM=-0.02197265625
AUTO_STOP=1
MOTOR_ANGLE=-0.008372093023255813
MOTOR_ACCUM=-27.21767441860465
MOTOR_ROT=-52

[10:31:54.582 EBOX]
TS=1786204198.924
V_SENSE5=1.201171875
V_SENSE9=0.0341796875
V_SENSE12=0.1123046875
ADC_V5=5.0091552734375
ADC_V9=9.1864013671875
ADC_V12=11.86798095703125
ADC_V28=27.07244873046875
THERMAL_SENS_OUT_1=24
THERMAL_SENS_OUT_2=-50
THERMAL_SENS_OUT_3=30
THERMAL_SENS_OUT_4=25
THERMAL_SENS_OUT_5=33
THERMAL_SENS_OUT_6=-50
THERMAL_SENS_INT_1=26
THERMAL_SENS_INT_2=24
PG_5=0
PG_9=0
PG_12=0
FLT_P2=0
FLT_P3=0
HEAT_1_TEMP=24
HEAT_1_DUTY=0
HEAT_1_SP=-20.0
HEAT_2_TEMP=30
HEAT_2_DUTY=0
HEAT_2_SP=-20.0
HEAT_3_TEMP=25
HEAT_3_DUTY=0
HEAT_3_SP=-20.0
HEAT_4_TEMP=33
HEAT_4_DUTY=0
HEAT_4_SP=-20.0
MOTOR_ANGLE=0.0015261627906976744
MOTOR_ACCUM=1.0480377906976743
MOTOR_ROT=2

[10:31:55.291 CUBESAT]
TS=1786205529.458
PG_5=1
PG_9=0
PG_12=0
FLT_P2=0
FLT_P3=0
HEAT_1_TEMP=0.0
HEAT_1_DUTY=0
HEAT_1_SP=-20.0
ENC_RAW=10009
ENC_ANGLE=219.92431640625
ENC_ACCUM=0.02197265625
AUTO_STOP=1
MOTOR_ANGLE=-0.008372093023255813
MOTOR_ACCUM=-27.21767441860465
MOTOR_ROT=-52

[10:31:56.531 EBOX]
TS=1786204200.925
V_SENSE5=1.24755859375
V_SENSE9=0.03173828125
V_SENSE12=0.1171875
ADC_V5=5.03570556640625
ADC_V9=9.2572021484375
ADC_V12=11.717529296875
ADC_V28=27.2406005859375
THERMAL_SENS_OUT_1=25
THERMAL_SENS_OUT_2=-50
THERMAL_SENS_OUT_3=30
THERMAL_SENS_OUT_4=29
THERMAL_SENS_OUT_5=29
THERMAL_SENS_OUT_6=-50
THERMAL_SENS_INT_1=23
THERMAL_SENS_INT_2=26
PG_5=0
PG_9=0
PG_12=0
FLT_P2=0
FLT_P3=0
HEAT_1_TEMP=25
HEAT_1_DUTY=0
HEAT_1_SP=-20.0
HEAT_2_TEMP=30
HEAT_2_DUTY=0
HEAT_2_SP=-20.0
HEAT_3_TEMP=29
HEAT_3_DUTY=0
HEAT_3_SP=-20.0
HEAT_4_TEMP=29
HEAT_4_DUTY=0
HEAT_4_SP=-20.0
MOTOR_ANGLE=0.0015261627906976744
MOTOR_ACCUM=1.0480377906976743
MOTOR_ROT=2

[10:31:57.242 CUBESAT]
TS=1786205531.462
PG_5=1
PG_9=0
PG_12=0
FLT_P2=0
FLT_P3=0
HEAT_1_TEMP=0.0
HEAT_1_DUTY=10
HEAT_1_SP=-20.0
ENC_RAW=10008
ENC_ANGLE=219.90234375
ENC_ACCUM=0.0
AUTO_STOP=1
MOTOR_ANGLE=-0.008372093023255813
MOTOR_ACCUM=-27.21767441860465
MOTOR_ROT=-52

[10:31:58.668 EBOX]
TS=1786204202.938
V_SENSE5=1.3330078125
V_SENSE9=0.0341796875
V_SENSE12=0.1416015625
ADC_V5=5.00030517578125
ADC_V9=8.814697265625
ADC_V12=11.85028076171875
ADC_V28=27.576904296875
THERMAL_SENS_OUT_1=25
THERMAL_SENS_OUT_2=-50
THERMAL_SENS_OUT_3=30
THERMAL_SENS_OUT_4=29
THERMAL_SENS_OUT_5=31
THERMAL_SENS_OUT_6=-50
THERMAL_SENS_INT_1=22
THERMAL_SENS_INT_2=26
PG_5=0
PG_9=0
PG_12=0
FLT_P2=0
FLT_P3=0
HEAT_1_TEMP=25
HEAT_1_DUTY=0
HEAT_1_SP=-20.0
HEAT_2_TEMP=30
HEAT_2_DUTY=0
HEAT_2_SP=-20.0
HEAT_3_TEMP=29
HEAT_3_DUTY=0
HEAT_3_SP=-20.0
HEAT_4_TEMP=31
HEAT_4_DUTY=0
HEAT_4_SP=-20.0
MOTOR_ANGLE=0.0015261627906976744
MOTOR_ACCUM=1.0480377906976743
MOTOR_ROT=2

[10:31:59.276 CUBESAT]
TS=1786205533.465
PG_5=1
PG_9=0
PG_12=0
FLT_P2=0
FLT_P3=0
HEAT_1_TEMP=0.0
HEAT_1_DUTY=0
HEAT_1_SP=-20.0
ENC_RAW=10007
ENC_ANGLE=219.88037109375
ENC_ACCUM=-0.02197265625
AUTO_STOP=1
MOTOR_ANGLE=-0.008372093023255813
MOTOR_ACCUM=-27.21767441860465
MOTOR_ROT=-52

[10:32:00.501 EBOX]
TS=1786204204.932
V_SENSE5=1.1572265625
V_SENSE9=0.0341796875
V_SENSE12=0.1171875
ADC_V5=4.9560546875
ADC_V9=8.9739990234375
ADC_V12=11.6290283203125
ADC_V28=27.47955322265625
THERMAL_SENS_OUT_1=28
THERMAL_SENS_OUT_2=-50
THERMAL_SENS_OUT_3=29
THERMAL_SENS_OUT_4=27
THERMAL_SENS_OUT_5=33
THERMAL_SENS_OUT_6=-50
THERMAL_SENS_INT_1=24
THERMAL_SENS_INT_2=28
PG_5=0
PG_9=0
PG_12=0
FLT_P2=0
FLT_P3=0
HEAT_1_TEMP=28
HEAT_1_DUTY=0
HEAT_1_SP=-20.0
HEAT_2_TEMP=29
HEAT_2_DUTY=0
HEAT_2_SP=-20.0
HEAT_3_TEMP=27
HEAT_3_DUTY=0
HEAT_3_SP=-20.0
HEAT_4_TEMP=33
HEAT_4_DUTY=0
HEAT_4_SP=-20.0
MOTOR_ANGLE=0.0015261627906976744
MOTOR_ACCUM=1.0480377906976743
MOTOR_ROT=2

[10:32:01.311 CUBESAT]
TS=1786205535.468
PG_5=1
PG_9=0
PG_12=0
FLT_P2=0
FLT_P3=0
HEAT_1_TEMP=0.0
HEAT_1_DUTY=0
HEAT_1_SP=-20.0
ENC_RAW=10008
ENC_ANGLE=219.90234375
ENC_ACCUM=0.0
AUTO_STOP=1
MOTOR_ANGLE=-0.008372093023255813
MOTOR_ACCUM=-27.21767441860465
MOTOR_ROT=-52

[10:32:02.536 EBOX]
TS=1786204206.937
V_SENSE5=1.25732421875
V_SENSE9=0.03662109375
V_SENSE12=0.1171875
ADC_V5=4.991455078125
ADC_V9=9.00054931640625
ADC_V12=11.929931640625
ADC_V28=27.8070068359375
THERMAL_SENS_OUT_1=27
THERMAL_SENS_OUT_2=-50
THERMAL_SENS_OUT_3=30
THERMAL_SENS_OUT_4=28
THERMAL_SENS_OUT_5=32
THERMAL_SENS_OUT_6=-50
THERMAL_SENS_INT_1=27
THERMAL_SENS_INT_2=28
PG_5=0
PG_9=0
PG_12=0
FLT_P2=0
FLT_P3=0
HEAT_1_TEMP=27
HEAT_1_DUTY=0
HEAT_1_SP=-20.0
HEAT_2_TEMP=30
HEAT_2_DUTY=0
HEAT_2_SP=-20.0
HEAT_3_TEMP=28
HEAT_3_DUTY=0
HEAT_3_SP=-20.0
HEAT_4_TEMP=32
HEAT_4_DUTY=0
HEAT_4_SP=-20.0
MOTOR_ANGLE=0.0015261627906976744
MOTOR_ACCUM=1.0480377906976743
MOTOR_ROT=2

[10:32:03.243 CUBESAT]
TS=1786205537.472
PG_5=1
PG_9=0
PG_12=0
FLT_P2=0
FLT_P3=0
HEAT_1_TEMP=0.0
HEAT_1_DUTY=0
HEAT_1_SP=-20.0
ENC_RAW=10009
ENC_ANGLE=219.92431640625
ENC_ACCUM=0.02197265625
AUTO_STOP=1
MOTOR_ANGLE=-0.008372093023255813
MOTOR_ACCUM=-27.21767441860465
MOTOR_ROT=-52

[10:32:04.569 EBOX]
TS=1786204208.939
V_SENSE5=1.2744140625
V_SENSE9=0.0390625
V_SENSE12=0.12451171875
ADC_V5=4.89410400390625
ADC_V9=9.44305419921875
ADC_V12=11.58477783203125
ADC_V28=27.76275634765625
THERMAL_SENS_OUT_1=27
THERMAL_SENS_OUT_2=-50
THERMAL_SENS_OUT_3=28
THERMAL_SENS_OUT_4=28
THERMAL_SENS_OUT_5=29
THERMAL_SENS_OUT_6=-50
THERMAL_SENS_INT_1=25
THERMAL_SENS_INT_2=29
PG_5=0
PG_9=0
PG_12=0
FLT_P2=0
FLT_P3=0
HEAT_1_TEMP=27
HEAT_1_DUTY=0
HEAT_1_SP=-20.0
HEAT_2_TEMP=28
HEAT_2_DUTY=0
HEAT_2_SP=-20.0
HEAT_3_TEMP=28
HEAT_3_DUTY=0
HEAT_3_SP=-20.0
HEAT_4_TEMP=29
HEAT_4_DUTY=0
HEAT_4_SP=-20.0
MOTOR_ANGLE=0.0015261627906976744
MOTOR_ACCUM=1.0480377906976743
MOTOR_ROT=2

[10:32:05.680 CUBESAT]
TS=1786205539.475
PG_5=1
PG_9=0
PG_12=0
FLT_P2=0
FLT_P3=0
HEAT_1_TEMP=0.0
HEAT_1_DUTY=0
HEAT_1_SP=-20.0
ENC_RAW=10010
ENC_ANGLE=219.9462890625
ENC_ACCUM=0.0439453125
AUTO_STOP=1
MOTOR_ANGLE=-0.008372093023255813
MOTOR_ACCUM=-27.21767441860465
MOTOR_ROT=-52

[10:32:06.502 EBOX]
TS=1786204210.942
V_SENSE5=1.2451171875
V_SENSE9=0.04150390625
V_SENSE12=0.126953125
ADC_V5=4.849853515625
ADC_V9=9.5050048828125
ADC_V12=11.70867919921875
ADC_V28=27.3822021484375
THERMAL_SENS_OUT_1=26
THERMAL_SENS_OUT_2=-50
THERMAL_SENS_OUT_3=28
THERMAL_SENS_OUT_4=25
THERMAL_SENS_OUT_5=33
THERMAL_SENS_OUT_6=-50
THERMAL_SENS_INT_1=26
THERMAL_SENS_INT_2=26
PG_5=0
PG_9=0
PG_12=0
FLT_P2=0
FLT_P3=0
HEAT_1_TEMP=26
HEAT_1_DUTY=0
HEAT_1_SP=-20.0
HEAT_2_TEMP=28
HEAT_2_DUTY=0
HEAT_2_SP=-20.0
HEAT_3_TEMP=25
HEAT_3_DUTY=0
HEAT_3_SP=-20.0
HEAT_4_TEMP=33
HEAT_4_DUTY=0
HEAT_4_SP=-20.0
MOTOR_ANGLE=0.0015261627906976744
MOTOR_ACCUM=1.0480377906976743
MOTOR_ROT=2

[10:32:07.311 CUBESAT]
TS=1786205541.478
PG_5=1
PG_9=0
PG_12=0
FLT_P2=0
FLT_P3=0
HEAT_1_TEMP=0.0
HEAT_1_DUTY=10
HEAT_1_SP=-20.0
ENC_RAW=10009
ENC_ANGLE=219.92431640625
ENC_ACCUM=0.02197265625
AUTO_STOP=1
MOTOR_ANGLE=-0.008372093023255813
MOTOR_ACCUM=-27.21767441860465
MOTOR_ROT=-52

[10:32:08.538 EBOX]
TS=1786204212.945
V_SENSE5=1.26708984375
V_SENSE9=0.0390625
V_SENSE12=0.13671875
ADC_V5=4.9383544921875
ADC_V9=9.31915283203125
ADC_V12=11.7529296875
ADC_V28=27.010498046875
THERMAL_SENS_OUT_1=25
THERMAL_SENS_OUT_2=-50
THERMAL_SENS_OUT_3=28
THERMAL_SENS_OUT_4=28
THERMAL_SENS_OUT_5=29
THERMAL_SENS_OUT_6=-50
THERMAL_SENS_INT_1=27
THERMAL_SENS_INT_2=24
PG_5=0
PG_9=0
PG_12=0
FLT_P2=0
FLT_P3=0
HEAT_1_TEMP=25
HEAT_1_DUTY=0
HEAT_1_SP=-20.0
HEAT_2_TEMP=28
HEAT_2_DUTY=0
HEAT_2_SP=-20.0
HEAT_3_TEMP=28
HEAT_3_DUTY=0
HEAT_3_SP=-20.0
HEAT_4_TEMP=29
HEAT_4_DUTY=0
HEAT_4_SP=-20.0
MOTOR_ANGLE=0.0015261627906976744
MOTOR_ACCUM=1.0480377906976743
MOTOR_ROT=2

[10:32:10.875 EBOX]
TS=1786204214.952
V_SENSE5=1.2939453125
V_SENSE9=0.0341796875
V_SENSE12=0.126953125
ADC_V5=5.01800537109375
ADC_V9=9.2041015625
ADC_V12=11.58477783203125
ADC_V28=27.78045654296875
THERMAL_SENS_OUT_1=27
THERMAL_SENS_OUT_2=-50
THERMAL_SENS_OUT_3=33
THERMAL_SENS_OUT_4=26
THERMAL_SENS_OUT_5=29
THERMAL_SENS_OUT_6=-50
THERMAL_SENS_INT_1=24
THERMAL_SENS_INT_2=26
PG_5=0
PG_9=0
PG_12=0
FLT_P2=0
FLT_P3=0
HEAT_1_TEMP=27
HEAT_1_DUTY=0
HEAT_1_SP=-20.0
HEAT_2_TEMP=33
HEAT_2_DUTY=0
HEAT_2_SP=-20.0
HEAT_3_TEMP=26
HEAT_3_DUTY=0
HEAT_3_SP=-20.0
HEAT_4_TEMP=29
HEAT_4_DUTY=0
HEAT_4_SP=-20.0
MOTOR_ANGLE=0.0015261627906976744
MOTOR_ACCUM=1.0480377906976743
MOTOR_ROT=2

[10:32:12.511 EBOX]
TS=1786204216.952
V_SENSE5=1.279296875
V_SENSE9=0.06591796875
V_SENSE12=0.1171875
ADC_V5=4.9560546875
ADC_V9=9.0625
ADC_V12=11.77947998046875
ADC_V28=27.4884033203125
THERMAL_SENS_OUT_1=27
THERMAL_SENS_OUT_2=-50
THERMAL_SENS_OUT_3=30
THERMAL_SENS_OUT_4=30
THERMAL_SENS_OUT_5=31
THERMAL_SENS_OUT_6=-50
THERMAL_SENS_INT_1=26
THERMAL_SENS_INT_2=24
PG_5=0
PG_9=0
PG_12=0
FLT_P2=0
FLT_P3=0
HEAT_1_TEMP=27
HEAT_1_DUTY=0
HEAT_1_SP=-20.0
HEAT_2_TEMP=30
HEAT_2_DUTY=0
HEAT_2_SP=-20.0
HEAT_3_TEMP=30
HEAT_3_DUTY=0
HEAT_3_SP=-20.0
HEAT_4_TEMP=31
HEAT_4_DUTY=0
HEAT_4_SP=-20.0
MOTOR_ANGLE=0.0015261627906976744
MOTOR_ACCUM=1.0480377906976743
MOTOR_ROT=2

[10:32:14.548 EBOX]
TS=1786204218.962
V_SENSE5=1.2744140625
V_SENSE9=0.0390625
V_SENSE12=0.1318359375
ADC_V5=4.991455078125
ADC_V9=9.15985107421875
ADC_V12=11.9476318359375
ADC_V28=26.9927978515625
THERMAL_SENS_OUT_1=28
THERMAL_SENS_OUT_2=-50
THERMAL_SENS_OUT_3=29
THERMAL_SENS_OUT_4=30
THERMAL_SENS_OUT_5=29
THERMAL_SENS_OUT_6=-50
THERMAL_SENS_INT_1=28
THERMAL_SENS_INT_2=26
PG_5=0
PG_9=0
PG_12=0
FLT_P2=0
FLT_P3=0
HEAT_1_TEMP=28
HEAT_1_DUTY=0
HEAT_1_SP=-20.0
HEAT_2_TEMP=29
HEAT_2_DUTY=0
HEAT_2_SP=-20.0
HEAT_3_TEMP=30
HEAT_3_DUTY=0
HEAT_3_SP=-20.0
HEAT_4_TEMP=29
HEAT_4_DUTY=0
HEAT_4_SP=-20.0
MOTOR_ANGLE=0.0015261627906976744
MOTOR_ACCUM=1.0480377906976743
MOTOR_ROT=2

[10:32:16.585 EBOX]
TS=1786204220.960
V_SENSE5=1.2841796875
V_SENSE9=0.0341796875
V_SENSE12=0.126953125
ADC_V5=4.9383544921875
ADC_V9=9.17755126953125
ADC_V12=11.8060302734375
ADC_V28=27.76275634765625
THERMAL_SENS_OUT_1=28
THERMAL_SENS_OUT_2=-50
THERMAL_SENS_OUT_3=30
THERMAL_SENS_OUT_4=25
THERMAL_SENS_OUT_5=33
THERMAL_SENS_OUT_6=-50
THERMAL_SENS_INT_1=27
THERMAL_SENS_INT_2=25
PG_5=0
PG_9=0
PG_12=0
FLT_P2=0
FLT_P3=0
HEAT_1_TEMP=28
HEAT_1_DUTY=0
HEAT_1_SP=-20.0
HEAT_2_TEMP=30
HEAT_2_DUTY=0
HEAT_2_SP=-20.0
HEAT_3_TEMP=25
HEAT_3_DUTY=0
HEAT_3_SP=-20.0
HEAT_4_TEMP=33
HEAT_4_DUTY=0
HEAT_4_SP=-20.0
MOTOR_ANGLE=0.0015261627906976744
MOTOR_ACCUM=1.0480377906976743
MOTOR_ROT=2

[10:32:18.928 EBOX]
TS=1786204222.962
V_SENSE5=1.201171875
V_SENSE9=0.0390625
V_SENSE12=0.1123046875
ADC_V5=4.88525390625
ADC_V9=9.23065185546875
ADC_V12=11.89453125
ADC_V28=27.1697998046875
THERMAL_SENS_OUT_1=25
THERMAL_SENS_OUT_2=-50
THERMAL_SENS_OUT_3=31
THERMAL_SENS_OUT_4=26
THERMAL_SENS_OUT_5=33
THERMAL_SENS_OUT_6=-50
THERMAL_SENS_INT_1=26
THERMAL_SENS_INT_2=25
PG_5=0
PG_9=0
PG_12=0
FLT_P2=0
FLT_P3=0
HEAT_1_TEMP=25
HEAT_1_DUTY=0
HEAT_1_SP=-20.0
HEAT_2_TEMP=31
HEAT_2_DUTY=0
HEAT_2_SP=-20.0
HEAT_3_TEMP=26
HEAT_3_DUTY=0
HEAT_3_SP=-20.0
HEAT_4_TEMP=33
HEAT_4_DUTY=0
HEAT_4_SP=-20.0
MOTOR_ANGLE=0.0015261627906976744
MOTOR_ACCUM=1.0480377906976743
MOTOR_ROT=2

[10:32:20.561 EBOX]
TS=1786204224.966
V_SENSE5=1.32568359375
V_SENSE9=0.0390625
V_SENSE12=0.1318359375
ADC_V5=4.9383544921875
ADC_V9=9.21295166015625
ADC_V12=11.929931640625
ADC_V28=27.53265380859375
THERMAL_SENS_OUT_1=25
THERMAL_SENS_OUT_2=-50
THERMAL_SENS_OUT_3=33
THERMAL_SENS_OUT_4=26
THERMAL_SENS_OUT_5=33
THERMAL_SENS_OUT_6=-50
THERMAL_SENS_INT_1=24
THERMAL_SENS_INT_2=27
PG_5=0
PG_9=0
PG_12=0
FLT_P2=0
FLT_P3=0
HEAT_1_TEMP=25
HEAT_1_DUTY=0
HEAT_1_SP=-20.0
HEAT_2_TEMP=33
HEAT_2_DUTY=0
HEAT_2_SP=-20.0
HEAT_3_TEMP=26
HEAT_3_DUTY=0
HEAT_3_SP=-20.0
HEAT_4_TEMP=33
HEAT_4_DUTY=0
HEAT_4_SP=-20.0
MOTOR_ANGLE=0.0015261627906976744
MOTOR_ACCUM=1.0480377906976743
MOTOR_ROT=2

[10:32:22.598 EBOX]
TS=1786204226.968
V_SENSE5=1.19140625
V_SENSE9=0.03662109375
V_SENSE12=0.1318359375
ADC_V5=4.9737548828125
ADC_V9=9.2218017578125
ADC_V12=11.86798095703125
ADC_V28=27.10784912109375
THERMAL_SENS_OUT_1=25
THERMAL_SENS_OUT_2=-50
THERMAL_SENS_OUT_3=28
THERMAL_SENS_OUT_4=29
THERMAL_SENS_OUT_5=30
THERMAL_SENS_OUT_6=-50
THERMAL_SENS_INT_1=22
THERMAL_SENS_INT_2=26
PG_5=0
PG_9=0
PG_12=0
FLT_P2=0
FLT_P3=0
HEAT_1_TEMP=25
HEAT_1_DUTY=0
HEAT_1_SP=-20.0
HEAT_2_TEMP=28
HEAT_2_DUTY=0
HEAT_2_SP=-20.0
HEAT_3_TEMP=29
HEAT_3_DUTY=0
HEAT_3_SP=-20.0
HEAT_4_TEMP=30
HEAT_4_DUTY=0
HEAT_4_SP=-20.0
MOTOR_ANGLE=0.0015261627906976744
MOTOR_ACCUM=1.0480377906976743
MOTOR_ROT=2

[10:32:24.534 EBOX]
TS=1786204228.972
V_SENSE5=1.17431640625
V_SENSE9=0.0390625
V_SENSE12=0.13671875
ADC_V5=4.98260498046875
ADC_V9=9.15985107421875
ADC_V12=11.90338134765625
ADC_V28=27.03704833984375
THERMAL_SENS_OUT_1=26
THERMAL_SENS_OUT_2=-50
THERMAL_SENS_OUT_3=32
THERMAL_SENS_OUT_4=26
THERMAL_SENS_OUT_5=34
THERMAL_SENS_OUT_6=-50
THERMAL_SENS_INT_1=24
THERMAL_SENS_INT_2=28
PG_5=0
PG_9=0
PG_12=0
FLT_P2=0
FLT_P3=0
HEAT_1_TEMP=26
HEAT_1_DUTY=0
HEAT_1_SP=-20.0
HEAT_2_TEMP=32
HEAT_2_DUTY=0
HEAT_2_SP=-20.0
HEAT_3_TEMP=26
HEAT_3_DUTY=0
HEAT_3_SP=-20.0
HEAT_4_TEMP=34
HEAT_4_DUTY=0
HEAT_4_SP=-20.0
MOTOR_ANGLE=0.0015261627906976744
MOTOR_ACCUM=1.0480377906976743
MOTOR_ROT=2

[10:32:26.569 EBOX]
TS=1786204230.976
V_SENSE5=1.36962890625
V_SENSE9=0.03662109375
V_SENSE12=0.13671875
ADC_V5=4.88525390625
ADC_V9=9.2041015625
ADC_V12=11.7529296875
ADC_V28=27.65655517578125
THERMAL_SENS_OUT_1=27
THERMAL_SENS_OUT_2=-50
THERMAL_SENS_OUT_3=30
THERMAL_SENS_OUT_4=24
THERMAL_SENS_OUT_5=30
THERMAL_SENS_OUT_6=-50
THERMAL_SENS_INT_1=23
THERMAL_SENS_INT_2=27
PG_5=0
PG_9=0
PG_12=0
FLT_P2=0
FLT_P3=0
HEAT_1_TEMP=27
HEAT_1_DUTY=0
HEAT_1_SP=-20.0
HEAT_2_TEMP=30
HEAT_2_DUTY=0
HEAT_2_SP=-20.0
HEAT_3_TEMP=24
HEAT_3_DUTY=0
HEAT_3_SP=-20.0
HEAT_4_TEMP=30
HEAT_4_DUTY=0
HEAT_4_SP=-20.0
MOTOR_ANGLE=0.0015261627906976744
MOTOR_ACCUM=1.0480377906976743
MOTOR_ROT=2

[10:32:28.606 EBOX]
TS=1786204232.983
V_SENSE5=1.17431640625
V_SENSE9=0.03662109375
V_SENSE12=0.13916015625
ADC_V5=4.88525390625
ADC_V9=9.310302734375
ADC_V12=11.788330078125
ADC_V28=27.6123046875
THERMAL_SENS_OUT_1=26
THERMAL_SENS_OUT_2=-50
THERMAL_SENS_OUT_3=28
THERMAL_SENS_OUT_4=24
THERMAL_SENS_OUT_5=29
THERMAL_SENS_OUT_6=-50
THERMAL_SENS_INT_1=22
THERMAL_SENS_INT_2=27
PG_5=0
PG_9=0
PG_12=0
FLT_P2=0
FLT_P3=0
HEAT_1_TEMP=26
HEAT_1_DUTY=0
HEAT_1_SP=-20.0
HEAT_2_TEMP=28
HEAT_2_DUTY=0
HEAT_2_SP=-20.0
HEAT_3_TEMP=24
HEAT_3_DUTY=0
HEAT_3_SP=-20.0
HEAT_4_TEMP=29
HEAT_4_DUTY=0
HEAT_4_SP=-20.0
MOTOR_ANGLE=0.0015261627906976744
MOTOR_ACCUM=1.0480377906976743
MOTOR_ROT=2

[10:32:30.538 EBOX]
TS=1786204234.987
V_SENSE5=1.279296875
V_SENSE9=0.0341796875
V_SENSE12=0.19287109375
ADC_V5=5.01800537109375
ADC_V9=9.1156005859375
ADC_V12=11.92108154296875
ADC_V28=27.63885498046875
THERMAL_SENS_OUT_1=31
THERMAL_SENS_OUT_2=-50
THERMAL_SENS_OUT_3=32
THERMAL_SENS_OUT_4=25
THERMAL_SENS_OUT_5=32
THERMAL_SENS_OUT_6=-50
THERMAL_SENS_INT_1=26
THERMAL_SENS_INT_2=27
PG_5=0
PG_9=0
PG_12=0
FLT_P2=0
FLT_P3=0
HEAT_1_TEMP=31
HEAT_1_DUTY=0
HEAT_1_SP=-20.0
HEAT_2_TEMP=32
HEAT_2_DUTY=0
HEAT_2_SP=-20.0
HEAT_3_TEMP=25
HEAT_3_DUTY=0
HEAT_3_SP=-20.0
HEAT_4_TEMP=32
HEAT_4_DUTY=0
HEAT_4_SP=-20.0
MOTOR_ANGLE=0.0015261627906976744
MOTOR_ACCUM=1.0480377906976743
MOTOR_ROT=2

[10:32:32.574 EBOX]
TS=1786204236.988
V_SENSE5=1.37451171875
V_SENSE9=0.04638671875
V_SENSE12=0.1416015625
ADC_V5=4.920654296875
ADC_V9=9.310302734375
ADC_V12=11.95648193359375
ADC_V28=27.60345458984375
THERMAL_SENS_OUT_1=29
THERMAL_SENS_OUT_2=-50
THERMAL_SENS_OUT_3=33
THERMAL_SENS_OUT_4=27
THERMAL_SENS_OUT_5=30
THERMAL_SENS_OUT_6=-50
THERMAL_SENS_INT_1=24
THERMAL_SENS_INT_2=29
PG_5=0
PG_9=0
PG_12=0
FLT_P2=0
FLT_P3=0
HEAT_1_TEMP=29
HEAT_1_DUTY=0
HEAT_1_SP=-20.0
HEAT_2_TEMP=33
HEAT_2_DUTY=0
HEAT_2_SP=-20.0
HEAT_3_TEMP=27
HEAT_3_DUTY=0
HEAT_3_SP=-20.0
HEAT_4_TEMP=30
HEAT_4_DUTY=0
HEAT_4_SP=-20.0
MOTOR_ANGLE=0.0015261627906976744
MOTOR_ACCUM=1.0480377906976743
MOTOR_ROT=2

[10:32:34.609 EBOX]
TS=1786204238.990
V_SENSE5=1.27685546875
V_SENSE9=0.0341796875
V_SENSE12=0.11474609375
ADC_V5=4.9383544921875
ADC_V9=9.2926025390625
ADC_V12=11.929931640625
ADC_V28=27.47955322265625
THERMAL_SENS_OUT_1=26
THERMAL_SENS_OUT_2=-50
THERMAL_SENS_OUT_3=29
THERMAL_SENS_OUT_4=28
THERMAL_SENS_OUT_5=30
THERMAL_SENS_OUT_6=-50
THERMAL_SENS_INT_1=25
THERMAL_SENS_INT_2=25
PG_5=0
PG_9=0
PG_12=0
FLT_P2=0
FLT_P3=0
HEAT_1_TEMP=26
HEAT_1_DUTY=0
HEAT_1_SP=-20.0
HEAT_2_TEMP=29
HEAT_2_DUTY=0
HEAT_2_SP=-20.0
HEAT_3_TEMP=28
HEAT_3_DUTY=0
HEAT_3_SP=-20.0
HEAT_4_TEMP=30
HEAT_4_DUTY=0
HEAT_4_SP=-20.0
MOTOR_ANGLE=0.0015261627906976744
MOTOR_ACCUM=1.0480377906976743
MOTOR_ROT=2

[10:32:37.046 EBOX]
TS=1786204240.992
V_SENSE5=1.3916015625
V_SENSE9=0.03662109375
V_SENSE12=0.1220703125
ADC_V5=4.85870361328125
ADC_V9=9.451904296875
ADC_V12=11.82373046875
ADC_V28=26.84234619140625
THERMAL_SENS_OUT_1=24
THERMAL_SENS_OUT_2=-50
THERMAL_SENS_OUT_3=31
THERMAL_SENS_OUT_4=26
THERMAL_SENS_OUT_5=34
THERMAL_SENS_OUT_6=-50
THERMAL_SENS_INT_1=26
THERMAL_SENS_INT_2=24
PG_5=0
PG_9=0
PG_12=0
FLT_P2=0
FLT_P3=0
HEAT_1_TEMP=24
HEAT_1_DUTY=0
HEAT_1_SP=-20.0
HEAT_2_TEMP=31
HEAT_2_DUTY=0
HEAT_2_SP=-20.0
HEAT_3_TEMP=26
HEAT_3_DUTY=0
HEAT_3_SP=-20.0
HEAT_4_TEMP=34
HEAT_4_DUTY=0
HEAT_4_SP=-20.0
MOTOR_ANGLE=0.0015261627906976744
MOTOR_ACCUM=1.0480377906976743
MOTOR_ROT=2

[10:32:38.583 EBOX]
TS=1786204243.000
V_SENSE5=1.25
V_SENSE9=0.0390625
V_SENSE12=0.12939453125
ADC_V5=4.85870361328125
ADC_V9=9.30145263671875
ADC_V12=11.6998291015625
ADC_V28=27.718505859375
THERMAL_SENS_OUT_1=28
THERMAL_SENS_OUT_2=-50
THERMAL_SENS_OUT_3=29
THERMAL_SENS_OUT_4=28
THERMAL_SENS_OUT_5=30
THERMAL_SENS_OUT_6=-50
THERMAL_SENS_INT_1=24
THERMAL_SENS_INT_2=27
PG_5=0
PG_9=0
PG_12=0
FLT_P2=0
FLT_P3=0
HEAT_1_TEMP=28
HEAT_1_DUTY=0
HEAT_1_SP=-20.0
HEAT_2_TEMP=29
HEAT_2_DUTY=0
HEAT_2_SP=-20.0
HEAT_3_TEMP=28
HEAT_3_DUTY=0
HEAT_3_SP=-20.0
HEAT_4_TEMP=30
HEAT_4_DUTY=0
HEAT_4_SP=-20.0
MOTOR_ANGLE=0.0015261627906976744
MOTOR_ACCUM=1.0480377906976743
MOTOR_ROT=2

[10:32:41.022 EBOX]
TS=1786204245.007
V_SENSE5=1.171875
V_SENSE9=0.0390625
V_SENSE12=0.11962890625
ADC_V5=4.8675537109375
ADC_V9=9.451904296875
ADC_V12=11.7529296875
ADC_V28=27.68310546875
THERMAL_SENS_OUT_1=25
THERMAL_SENS_OUT_2=-50
THERMAL_SENS_OUT_3=27
THERMAL_SENS_OUT_4=24
THERMAL_SENS_OUT_5=33
THERMAL_SENS_OUT_6=-50
THERMAL_SENS_INT_1=23
THERMAL_SENS_INT_2=27
PG_5=0
PG_9=0
PG_12=0
FLT_P2=0
FLT_P3=0
HEAT_1_TEMP=25
HEAT_1_DUTY=0
HEAT_1_SP=-20.0
HEAT_2_TEMP=27
HEAT_2_DUTY=0
HEAT_2_SP=-20.0
HEAT_3_TEMP=24
HEAT_3_DUTY=0
HEAT_3_SP=-20.0
HEAT_4_TEMP=33
HEAT_4_DUTY=0
HEAT_4_SP=-20.0
MOTOR_ANGLE=0.0015261627906976744
MOTOR_ACCUM=1.0480377906976743
MOTOR_ROT=2

[10:32:42.549 EBOX]
TS=1786204247.002
V_SENSE5=1.39404296875
V_SENSE9=0.0390625
V_SENSE12=0.13916015625
ADC_V5=4.92950439453125
ADC_V9=9.46075439453125
ADC_V12=11.575927734375
ADC_V28=27.54150390625
THERMAL_SENS_OUT_1=30
THERMAL_SENS_OUT_2=-50
THERMAL_SENS_OUT_3=33
THERMAL_SENS_OUT_4=26
THERMAL_SENS_OUT_5=33
THERMAL_SENS_OUT_6=-50
THERMAL_SENS_INT_1=27
THERMAL_SENS_INT_2=25
PG_5=0
PG_9=0
PG_12=0
FLT_P2=0
FLT_P3=0
HEAT_1_TEMP=30
HEAT_1_DUTY=0
HEAT_1_SP=-20.0
HEAT_2_TEMP=33
HEAT_2_DUTY=0
HEAT_2_SP=-20.0
HEAT_3_TEMP=26
HEAT_3_DUTY=0
HEAT_3_SP=-20.0
HEAT_4_TEMP=33
HEAT_4_DUTY=0
HEAT_4_SP=-20.0
MOTOR_ANGLE=0.0015261627906976744
MOTOR_ACCUM=1.0480377906976743
MOTOR_ROT=2

[10:32:44.588 EBOX]
TS=1786204249.006
V_SENSE5=1.27685546875
V_SENSE9=0.04150390625
V_SENSE12=0.1123046875
ADC_V5=4.94720458984375
ADC_V9=9.310302734375
ADC_V12=11.8768310546875
ADC_V28=27.01934814453125
THERMAL_SENS_OUT_1=26
THERMAL_SENS_OUT_2=-50
THERMAL_SENS_OUT_3=29
THERMAL_SENS_OUT_4=30
THERMAL_SENS_OUT_5=32
THERMAL_SENS_OUT_6=-50
THERMAL_SENS_INT_1=25
THERMAL_SENS_INT_2=27
PG_5=0
PG_9=0
PG_12=0
FLT_P2=0
FLT_P3=0
HEAT_1_TEMP=26
HEAT_1_DUTY=0
HEAT_1_SP=-20.0
HEAT_2_TEMP=29
HEAT_2_DUTY=0
HEAT_2_SP=-20.0
HEAT_3_TEMP=30
HEAT_3_DUTY=0
HEAT_3_SP=-20.0
HEAT_4_TEMP=32
HEAT_4_DUTY=0
HEAT_4_SP=-20.0
MOTOR_ANGLE=0.0015261627906976744
MOTOR_ACCUM=1.0480377906976743
MOTOR_ROT=2

[10:32:46.621 EBOX]
TS=1786204251.013
V_SENSE5=1.27685546875
V_SENSE9=0.0390625
V_SENSE12=0.11962890625
ADC_V5=4.84100341796875
ADC_V9=9.37225341796875
ADC_V12=11.90338134765625
ADC_V28=27.293701171875
THERMAL_SENS_OUT_1=27
THERMAL_SENS_OUT_2=-50
THERMAL_SENS_OUT_3=29
THERMAL_SENS_OUT_4=30
THERMAL_SENS_OUT_5=32
THERMAL_SENS_OUT_6=-50
THERMAL_SENS_INT_1=22
THERMAL_SENS_INT_2=26
PG_5=0
PG_9=0
PG_12=0
FLT_P2=0
FLT_P3=0
HEAT_1_TEMP=27
HEAT_1_DUTY=0
HEAT_1_SP=-20.0
HEAT_2_TEMP=29
HEAT_2_DUTY=0
HEAT_2_SP=-20.0
HEAT_3_TEMP=30
HEAT_3_DUTY=0
HEAT_3_SP=-20.0
HEAT_4_TEMP=32
HEAT_4_DUTY=0
HEAT_4_SP=-20.0
MOTOR_ANGLE=0.0015261627906976744
MOTOR_ACCUM=1.0480377906976743
MOTOR_ROT=2

[10:32:48.559 EBOX]
TS=1786204253.019
V_SENSE5=1.25
V_SENSE9=0.06591796875
V_SENSE12=0.1171875
ADC_V5=4.9383544921875
ADC_V9=9.28375244140625
ADC_V12=11.89453125
ADC_V28=27.23175048828125
THERMAL_SENS_OUT_1=26
THERMAL_SENS_OUT_2=-50
THERMAL_SENS_OUT_3=32
THERMAL_SENS_OUT_4=25
THERMAL_SENS_OUT_5=33
THERMAL_SENS_OUT_6=-50
THERMAL_SENS_INT_1=23
THERMAL_SENS_INT_2=27
PG_5=0
PG_9=0
PG_12=0
FLT_P2=0
FLT_P3=0
HEAT_1_TEMP=26
HEAT_1_DUTY=0
HEAT_1_SP=-20.0
HEAT_2_TEMP=32
HEAT_2_DUTY=0
HEAT_2_SP=-20.0
HEAT_3_TEMP=25
HEAT_3_DUTY=0
HEAT_3_SP=-20.0
HEAT_4_TEMP=33
HEAT_4_DUTY=0
HEAT_4_SP=-20.0
MOTOR_ANGLE=0.0015261627906976744
MOTOR_ACCUM=1.0480377906976743
MOTOR_ROT=2

[10:32:50.593 EBOX]
TS=1786204255.018
V_SENSE5=1.18408203125
V_SENSE9=0.03662109375
V_SENSE12=0.12451171875
ADC_V5=4.9560546875
ADC_V9=9.19525146484375
ADC_V12=11.81488037109375
ADC_V28=27.0989990234375
THERMAL_SENS_OUT_1=25
THERMAL_SENS_OUT_2=-50
THERMAL_SENS_OUT_3=28
THERMAL_SENS_OUT_4=28
THERMAL_SENS_OUT_5=29
THERMAL_SENS_OUT_6=-50
THERMAL_SENS_INT_1=26
THERMAL_SENS_INT_2=24
PG_5=0
PG_9=0
PG_12=0
FLT_P2=0
FLT_P3=0
HEAT_1_TEMP=25
HEAT_1_DUTY=0
HEAT_1_SP=-20.0
HEAT_2_TEMP=28
HEAT_2_DUTY=0
HEAT_2_SP=-20.0
HEAT_3_TEMP=28
HEAT_3_DUTY=0
HEAT_3_SP=-20.0
HEAT_4_TEMP=29
HEAT_4_DUTY=0
HEAT_4_SP=-20.0
MOTOR_ANGLE=0.0015261627906976744
MOTOR_ACCUM=1.0480377906976743
MOTOR_ROT=2

[10:32:52.632 EBOX]
TS=1786204257.022
V_SENSE5=1.26220703125
V_SENSE9=0.04638671875
V_SENSE12=0.1171875
ADC_V5=4.9560546875
ADC_V9=9.46075439453125
ADC_V12=11.93878173828125
ADC_V28=27.86895751953125
THERMAL_SENS_OUT_1=27
THERMAL_SENS_OUT_2=-50
THERMAL_SENS_OUT_3=30
THERMAL_SENS_OUT_4=30
THERMAL_SENS_OUT_5=31
THERMAL_SENS_OUT_6=-50
THERMAL_SENS_INT_1=24
THERMAL_SENS_INT_2=29
PG_5=0
PG_9=0
PG_12=0
FLT_P2=0
FLT_P3=0
HEAT_1_TEMP=27
HEAT_1_DUTY=0
HEAT_1_SP=-20.0
HEAT_2_TEMP=30
HEAT_2_DUTY=0
HEAT_2_SP=-20.0
HEAT_3_TEMP=30
HEAT_3_DUTY=0
HEAT_3_SP=-20.0
HEAT_4_TEMP=31
HEAT_4_DUTY=0
HEAT_4_SP=-20.0
MOTOR_ANGLE=0.0015261627906976744
MOTOR_ACCUM=1.0480377906976743
MOTOR_ROT=2

[10:32:54.568 EBOX]
TS=1786204259.026
V_SENSE5=1.27197265625
V_SENSE9=0.0390625
V_SENSE12=0.10498046875
ADC_V5=4.94720458984375
ADC_V9=9.2926025390625
ADC_V12=11.77947998046875
ADC_V28=26.86004638671875
THERMAL_SENS_OUT_1=26
THERMAL_SENS_OUT_2=-50
THERMAL_SENS_OUT_3=30
THERMAL_SENS_OUT_4=29
THERMAL_SENS_OUT_5=30
THERMAL_SENS_OUT_6=-50
THERMAL_SENS_INT_1=25
THERMAL_SENS_INT_2=24
PG_5=0
PG_9=0
PG_12=0
FLT_P2=0
FLT_P3=0
HEAT_1_TEMP=26
HEAT_1_DUTY=0
HEAT_1_SP=-20.0
HEAT_2_TEMP=30
HEAT_2_DUTY=0
HEAT_2_SP=-20.0
HEAT_3_TEMP=29
HEAT_3_DUTY=0
HEAT_3_SP=-20.0
HEAT_4_TEMP=30
HEAT_4_DUTY=0
HEAT_4_SP=-20.0
MOTOR_ANGLE=0.0015261627906976744
MOTOR_ACCUM=1.0480377906976743
MOTOR_ROT=2

[10:32:56.602 EBOX]
TS=1786204261.025
V_SENSE5=1.26708984375
V_SENSE9=0.03662109375
V_SENSE12=0.1123046875
ADC_V5=4.849853515625
ADC_V9=9.24835205078125
ADC_V12=11.6290283203125
ADC_V28=27.09014892578125
THERMAL_SENS_OUT_1=28
THERMAL_SENS_OUT_2=-50
THERMAL_SENS_OUT_3=33
THERMAL_SENS_OUT_4=25
THERMAL_SENS_OUT_5=31
THERMAL_SENS_OUT_6=-50
THERMAL_SENS_INT_1=27
THERMAL_SENS_INT_2=25
PG_5=0
PG_9=0
PG_12=0
FLT_P2=0
FLT_P3=0
HEAT_1_TEMP=28
HEAT_1_DUTY=0
HEAT_1_SP=-20.0
HEAT_2_TEMP=33
HEAT_2_DUTY=0
HEAT_2_SP=-20.0
HEAT_3_TEMP=25
HEAT_3_DUTY=0
HEAT_3_SP=-20.0
HEAT_4_TEMP=31
HEAT_4_DUTY=0
HEAT_4_SP=-20.0
MOTOR_ANGLE=0.0015261627906976744
MOTOR_ACCUM=1.0480377906976743
MOTOR_ROT=2

[10:32:59.244 EBOX]
TS=1786204263.041
V_SENSE5=1.15478515625
V_SENSE9=0.07568359375
V_SENSE12=0.14404296875
ADC_V5=4.89410400390625
ADC_V9=9.239501953125
ADC_V12=11.76177978515625
ADC_V28=27.5946044921875
THERMAL_SENS_OUT_1=27
THERMAL_SENS_OUT_2=-50
THERMAL_SENS_OUT_3=28
THERMAL_SENS_OUT_4=26
THERMAL_SENS_OUT_5=34
THERMAL_SENS_OUT_6=-50
THERMAL_SENS_INT_1=24
THERMAL_SENS_INT_2=26
PG_5=0
PG_9=0
PG_12=0
FLT_P2=0
FLT_P3=0
HEAT_1_TEMP=27
HEAT_1_DUTY=0
HEAT_1_SP=-20.0
HEAT_2_TEMP=28
HEAT_2_DUTY=0
HEAT_2_SP=-20.0
HEAT_3_TEMP=26
HEAT_3_DUTY=0
HEAT_3_SP=-20.0
HEAT_4_TEMP=34
HEAT_4_DUTY=0
HEAT_4_SP=-20.0
MOTOR_ANGLE=0.0015261627906976744
MOTOR_ACCUM=1.0480377906976743
MOTOR_ROT=2

[10:33:00.577 EBOX]
TS=1786204265.034
V_SENSE5=1.30859375
V_SENSE9=0.0390625
V_SENSE12=0.1171875
ADC_V5=4.98260498046875
ADC_V9=9.2926025390625
ADC_V12=11.7529296875
ADC_V28=27.010498046875
THERMAL_SENS_OUT_1=25
THERMAL_SENS_OUT_2=-50
THERMAL_SENS_OUT_3=28
THERMAL_SENS_OUT_4=28
THERMAL_SENS_OUT_5=31
THERMAL_SENS_OUT_6=-50
THERMAL_SENS_INT_1=26
THERMAL_SENS_INT_2=26
PG_5=0
PG_9=0
PG_12=0
FLT_P2=0
FLT_P3=0
HEAT_1_TEMP=25
HEAT_1_DUTY=0
HEAT_1_SP=-20.0
HEAT_2_TEMP=28
HEAT_2_DUTY=0
HEAT_2_SP=-20.0
HEAT_3_TEMP=28
HEAT_3_DUTY=0
HEAT_3_SP=-20.0
HEAT_4_TEMP=31
HEAT_4_DUTY=0
HEAT_4_SP=-20.0
MOTOR_ANGLE=0.0015261627906976744
MOTOR_ACCUM=1.0480377906976743
MOTOR_ROT=2

[10:33:02.611 EBOX]
TS=1786204267.037
V_SENSE5=1.41357421875
V_SENSE9=0.04150390625
V_SENSE12=0.1171875
ADC_V5=4.88525390625
ADC_V9=9.522705078125
ADC_V12=11.56707763671875
ADC_V28=27.44415283203125
THERMAL_SENS_OUT_1=30
THERMAL_SENS_OUT_2=-50
THERMAL_SENS_OUT_3=31
THERMAL_SENS_OUT_4=27
THERMAL_SENS_OUT_5=31
THERMAL_SENS_OUT_6=-50
THERMAL_SENS_INT_1=23
THERMAL_SENS_INT_2=28
PG_5=0
PG_9=0
PG_12=0
FLT_P2=0
FLT_P3=0
HEAT_1_TEMP=30
HEAT_1_DUTY=0
HEAT_1_SP=-20.0
HEAT_2_TEMP=31
HEAT_2_DUTY=0
HEAT_2_SP=-20.0
HEAT_3_TEMP=27
HEAT_3_DUTY=0
HEAT_3_SP=-20.0
HEAT_4_TEMP=31
HEAT_4_DUTY=0
HEAT_4_SP=-20.0
MOTOR_ANGLE=0.0015261627906976744
MOTOR_ACCUM=1.0480377906976743
MOTOR_ROT=2

[10:33:04.650 EBOX]
TS=1786204269.039
V_SENSE5=1.3623046875
V_SENSE9=0.0341796875
V_SENSE12=0.13427734375
ADC_V5=4.9737548828125
ADC_V9=9.30145263671875
ADC_V12=11.8414306640625
ADC_V28=27.576904296875
THERMAL_SENS_OUT_1=30
THERMAL_SENS_OUT_2=-50
THERMAL_SENS_OUT_3=31
THERMAL_SENS_OUT_4=30
THERMAL_SENS_OUT_5=31
THERMAL_SENS_OUT_6=-50
THERMAL_SENS_INT_1=24
THERMAL_SENS_INT_2=29
PG_5=0
PG_9=0
PG_12=0
FLT_P2=0
FLT_P3=0
HEAT_1_TEMP=30
HEAT_1_DUTY=0
HEAT_1_SP=-20.0
HEAT_2_TEMP=31
HEAT_2_DUTY=0
HEAT_2_SP=-20.0
HEAT_3_TEMP=30
HEAT_3_DUTY=0
HEAT_3_SP=-20.0
HEAT_4_TEMP=31
HEAT_4_DUTY=0
HEAT_4_SP=-20.0
MOTOR_ANGLE=0.0015261627906976744
MOTOR_ACCUM=1.0480377906976743
MOTOR_ROT=2

[10:33:06.585 EBOX]
TS=1786204271.042
V_SENSE5=1.2646484375
V_SENSE9=0.07568359375
V_SENSE12=0.13427734375
ADC_V5=4.87640380859375
ADC_V9=9.28375244140625
ADC_V12=11.717529296875
ADC_V28=27.75390625
THERMAL_SENS_OUT_1=30
THERMAL_SENS_OUT_2=-50
THERMAL_SENS_OUT_3=31
THERMAL_SENS_OUT_4=24
THERMAL_SENS_OUT_5=31
THERMAL_SENS_OUT_6=-50
THERMAL_SENS_INT_1=24
THERMAL_SENS_INT_2=29
PG_5=0
PG_9=0
PG_12=0
FLT_P2=0
FLT_P3=0
HEAT_1_TEMP=30
HEAT_1_DUTY=0
HEAT_1_SP=-20.0
HEAT_2_TEMP=31
HEAT_2_DUTY=0
HEAT_2_SP=-20.0
HEAT_3_TEMP=24
HEAT_3_DUTY=0
HEAT_3_SP=-20.0
HEAT_4_TEMP=31
HEAT_4_DUTY=0
HEAT_4_SP=-20.0
MOTOR_ANGLE=0.0015261627906976744
MOTOR_ACCUM=1.0480377906976743
MOTOR_ROT=2

[10:33:08.621 EBOX]
TS=1786204273.045
V_SENSE5=1.23779296875
V_SENSE9=0.0390625
V_SENSE12=0.12939453125
ADC_V5=4.94720458984375
ADC_V9=9.47845458984375
ADC_V12=11.929931640625
ADC_V28=27.293701171875
THERMAL_SENS_OUT_1=27
THERMAL_SENS_OUT_2=-50
THERMAL_SENS_OUT_3=31
THERMAL_SENS_OUT_4=27
THERMAL_SENS_OUT_5=32
THERMAL_SENS_OUT_6=-50
THERMAL_SENS_INT_1=24
THERMAL_SENS_INT_2=29
PG_5=0
PG_9=0
PG_12=0
FLT_P2=0
FLT_P3=0
HEAT_1_TEMP=27
HEAT_1_DUTY=0
HEAT_1_SP=-20.0
HEAT_2_TEMP=31
HEAT_2_DUTY=0
HEAT_2_SP=-20.0
HEAT_3_TEMP=27
HEAT_3_DUTY=0
HEAT_3_SP=-20.0
HEAT_4_TEMP=32
HEAT_4_DUTY=0
HEAT_4_SP=-20.0
MOTOR_ANGLE=0.0015261627906976744
MOTOR_ACCUM=1.0480377906976743
MOTOR_ROT=2

[10:33:10.958 EBOX]
TS=1786204275.048
V_SENSE5=1.40625
V_SENSE9=0.0390625
V_SENSE12=0.12451171875
ADC_V5=4.9737548828125
ADC_V9=9.19525146484375
ADC_V12=11.9122314453125
ADC_V28=27.3291015625
THERMAL_SENS_OUT_1=27
THERMAL_SENS_OUT_2=-50
THERMAL_SENS_OUT_3=28
THERMAL_SENS_OUT_4=28
THERMAL_SENS_OUT_5=29
THERMAL_SENS_OUT_6=-50
THERMAL_SENS_INT_1=28
THERMAL_SENS_INT_2=25
PG_5=0
PG_9=0
PG_12=0
FLT_P2=0
FLT_P3=0
HEAT_1_TEMP=27
HEAT_1_DUTY=0
HEAT_1_SP=-20.0
HEAT_2_TEMP=28
HEAT_2_DUTY=0
HEAT_2_SP=-20.0
HEAT_3_TEMP=28
HEAT_3_DUTY=0
HEAT_3_SP=-20.0
HEAT_4_TEMP=29
HEAT_4_DUTY=0
HEAT_4_SP=-20.0
MOTOR_ANGLE=0.0015261627906976744
MOTOR_ACCUM=1.0480377906976743
MOTOR_ROT=2

[10:33:12.591 EBOX]
TS=1786204277.054
V_SENSE5=1.279296875
V_SENSE9=0.03662109375
V_SENSE12=0.1123046875
ADC_V5=4.92950439453125
ADC_V9=9.2926025390625
ADC_V12=11.929931640625
ADC_V28=27.3822021484375
THERMAL_SENS_OUT_1=28
THERMAL_SENS_OUT_2=-50
THERMAL_SENS_OUT_3=30
THERMAL_SENS_OUT_4=27
THERMAL_SENS_OUT_5=29
THERMAL_SENS_OUT_6=-50
THERMAL_SENS_INT_1=26
THERMAL_SENS_INT_2=25
PG_5=0
PG_9=0
PG_12=0
FLT_P2=0
FLT_P3=0
HEAT_1_TEMP=28
HEAT_1_DUTY=0
HEAT_1_SP=-20.0
HEAT_2_TEMP=30
HEAT_2_DUTY=0
HEAT_2_SP=-20.0
HEAT_3_TEMP=27
HEAT_3_DUTY=0
HEAT_3_SP=-20.0
HEAT_4_TEMP=29
HEAT_4_DUTY=0
HEAT_4_SP=-20.0
MOTOR_ANGLE=0.0015261627906976744
MOTOR_ACCUM=1.0480377906976743
MOTOR_ROT=2

[10:33:14.629 EBOX]
TS=1786204279.067
V_SENSE5=1.2109375
V_SENSE9=0.0390625
V_SENSE12=0.1171875
ADC_V5=4.82330322265625
ADC_V9=9.38995361328125
ADC_V12=11.9122314453125
ADC_V28=27.3114013671875
THERMAL_SENS_OUT_1=29
THERMAL_SENS_OUT_2=-50
THERMAL_SENS_OUT_3=29
THERMAL_SENS_OUT_4=27
THERMAL_SENS_OUT_5=32
THERMAL_SENS_OUT_6=-50
THERMAL_SENS_INT_1=27
THERMAL_SENS_INT_2=26
PG_5=0
PG_9=0
PG_12=0
FLT_P2=0
FLT_P3=0
HEAT_1_TEMP=29
HEAT_1_DUTY=0
HEAT_1_SP=-20.0
HEAT_2_TEMP=29
HEAT_2_DUTY=0
HEAT_2_SP=-20.0
HEAT_3_TEMP=27
HEAT_3_DUTY=0
HEAT_3_SP=-20.0
HEAT_4_TEMP=32
HEAT_4_DUTY=0
HEAT_4_SP=-20.0
MOTOR_ANGLE=0.0015261627906976744
MOTOR_ACCUM=1.0480377906976743
MOTOR_ROT=2

[10:33:16.668 EBOX]
TS=1786204281.060
V_SENSE5=1.2451171875
V_SENSE9=0.04638671875
V_SENSE12=0.1318359375
ADC_V5=4.91180419921875
ADC_V9=8.814697265625
ADC_V12=11.93878173828125
ADC_V28=27.70965576171875
THERMAL_SENS_OUT_1=30
THERMAL_SENS_OUT_2=-50
THERMAL_SENS_OUT_3=31
THERMAL_SENS_OUT_4=25
THERMAL_SENS_OUT_5=29
THERMAL_SENS_OUT_6=-50
THERMAL_SENS_INT_1=24
THERMAL_SENS_INT_2=29
PG_5=0
PG_9=0
PG_12=0
FLT_P2=0
FLT_P3=0
HEAT_1_TEMP=30
HEAT_1_DUTY=0
HEAT_1_SP=-20.0
HEAT_2_TEMP=31
HEAT_2_DUTY=0
HEAT_2_SP=-20.0
HEAT_3_TEMP=25
HEAT_3_DUTY=0
HEAT_3_SP=-20.0
HEAT_4_TEMP=29
HEAT_4_DUTY=0
HEAT_4_SP=-20.0
MOTOR_ANGLE=0.0015261627906976744
MOTOR_ACCUM=1.0480377906976743
MOTOR_ROT=2

[10:33:19.006 EBOX]
TS=1786204283.062
V_SENSE5=1.201171875
V_SENSE9=0.029296875
V_SENSE12=0.1171875
ADC_V5=4.96490478515625
ADC_V9=8.77044677734375
ADC_V12=11.8060302734375
ADC_V28=26.9573974609375
THERMAL_SENS_OUT_1=26
THERMAL_SENS_OUT_2=-50
THERMAL_SENS_OUT_3=29
THERMAL_SENS_OUT_4=29
THERMAL_SENS_OUT_5=30
THERMAL_SENS_OUT_6=-50
THERMAL_SENS_INT_1=27
THERMAL_SENS_INT_2=24
PG_5=0
PG_9=0
PG_12=0
FLT_P2=0
FLT_P3=0
HEAT_1_TEMP=26
HEAT_1_DUTY=0
HEAT_1_SP=-20.0
HEAT_2_TEMP=29
HEAT_2_DUTY=0
HEAT_2_SP=-20.0
HEAT_3_TEMP=29
HEAT_3_DUTY=0
HEAT_3_SP=-20.0
HEAT_4_TEMP=30
HEAT_4_DUTY=0
HEAT_4_SP=-20.0
MOTOR_ANGLE=0.0015261627906976744
MOTOR_ACCUM=1.0480377906976743
MOTOR_ROT=2

[10:33:20.640 EBOX]
TS=1786204285.066
V_SENSE5=1.26953125
V_SENSE9=0.03662109375
V_SENSE12=0.13427734375
ADC_V5=4.9737548828125
ADC_V9=9.0625
ADC_V12=11.7529296875
ADC_V28=27.82470703125
THERMAL_SENS_OUT_1=27
THERMAL_SENS_OUT_2=-50
THERMAL_SENS_OUT_3=29
THERMAL_SENS_OUT_4=30
THERMAL_SENS_OUT_5=30
THERMAL_SENS_OUT_6=-50
THERMAL_SENS_INT_1=24
THERMAL_SENS_INT_2=28
PG_5=0
PG_9=0
PG_12=0
FLT_P2=0
FLT_P3=0
HEAT_1_TEMP=27
HEAT_1_DUTY=0
HEAT_1_SP=-20.0
HEAT_2_TEMP=29
HEAT_2_DUTY=0
HEAT_2_SP=-20.0
HEAT_3_TEMP=30
HEAT_3_DUTY=0
HEAT_3_SP=-20.0
HEAT_4_TEMP=30
HEAT_4_DUTY=0
HEAT_4_SP=-20.0
MOTOR_ANGLE=0.0015261627906976744
MOTOR_ACCUM=1.0480377906976743
MOTOR_ROT=2

[10:33:22.673 EBOX]
TS=1786204287.070
V_SENSE5=1.23046875
V_SENSE9=0.0390625
V_SENSE12=0.12451171875
ADC_V5=4.9560546875
ADC_V9=8.814697265625
ADC_V12=11.88568115234375
ADC_V28=27.2406005859375
THERMAL_SENS_OUT_1=27
THERMAL_SENS_OUT_2=-50
THERMAL_SENS_OUT_3=32
THERMAL_SENS_OUT_4=29
THERMAL_SENS_OUT_5=34
THERMAL_SENS_OUT_6=-50
THERMAL_SENS_INT_1=26
THERMAL_SENS_INT_2=23
PG_5=0
PG_9=0
PG_12=0
FLT_P2=0
FLT_P3=0
HEAT_1_TEMP=27
HEAT_1_DUTY=0
HEAT_1_SP=-20.0
HEAT_2_TEMP=32
HEAT_2_DUTY=0
HEAT_2_SP=-20.0
HEAT_3_TEMP=29
HEAT_3_DUTY=0
HEAT_3_SP=-20.0
HEAT_4_TEMP=34
HEAT_4_DUTY=0
HEAT_4_SP=-20.0
MOTOR_ANGLE=0.0015261627906976744
MOTOR_ACCUM=1.0480377906976743
MOTOR_ROT=2

[10:33:24.712 EBOX]
TS=1786204289.072
V_SENSE5=1.19384765625
V_SENSE9=0.0341796875
V_SENSE12=0.1220703125
ADC_V5=5.00030517578125
ADC_V9=8.9739990234375
ADC_V12=11.68212890625
ADC_V28=27.8424072265625
THERMAL_SENS_OUT_1=26
THERMAL_SENS_OUT_2=-50
THERMAL_SENS_OUT_3=30
THERMAL_SENS_OUT_4=29
THERMAL_SENS_OUT_5=30
THERMAL_SENS_OUT_6=-50
THERMAL_SENS_INT_1=24
THERMAL_SENS_INT_2=29
PG_5=0
PG_9=0
PG_12=0
FLT_P2=0
FLT_P3=0
HEAT_1_TEMP=26
HEAT_1_DUTY=0
HEAT_1_SP=-20.0
HEAT_2_TEMP=30
HEAT_2_DUTY=0
HEAT_2_SP=-20.0
HEAT_3_TEMP=29
HEAT_3_DUTY=0
HEAT_3_SP=-20.0
HEAT_4_TEMP=30
HEAT_4_DUTY=0
HEAT_4_SP=-20.0
MOTOR_ANGLE=0.0015261627906976744
MOTOR_ACCUM=1.0480377906976743
MOTOR_ROT=2

[10:33:26.649 EBOX]
TS=1786204291.075
V_SENSE5=1.201171875
V_SENSE9=0.03173828125
V_SENSE12=0.13916015625
ADC_V5=4.88525390625
ADC_V9=9.10675048828125
ADC_V12=11.6290283203125
ADC_V28=27.17864990234375
THERMAL_SENS_OUT_1=27
THERMAL_SENS_OUT_2=-50
THERMAL_SENS_OUT_3=28
THERMAL_SENS_OUT_4=25
THERMAL_SENS_OUT_5=34
THERMAL_SENS_OUT_6=-50
THERMAL_SENS_INT_1=24
THERMAL_SENS_INT_2=28
PG_5=0
PG_9=0
PG_12=0
FLT_P2=0
FLT_P3=0
HEAT_1_TEMP=27
HEAT_1_DUTY=0
HEAT_1_SP=-20.0
HEAT_2_TEMP=28
HEAT_2_DUTY=0
HEAT_2_SP=-20.0
HEAT_3_TEMP=25
HEAT_3_DUTY=0
HEAT_3_SP=-20.0
HEAT_4_TEMP=34
HEAT_4_DUTY=0
HEAT_4_SP=-20.0
MOTOR_ANGLE=0.0015261627906976744
MOTOR_ACCUM=1.0480377906976743
MOTOR_ROT=2

[10:33:28.989 EBOX]
TS=1786204293.079
V_SENSE5=1.3427734375
V_SENSE9=0.029296875
V_SENSE12=0.1171875
ADC_V5=5.05340576171875
ADC_V9=9.0093994140625
ADC_V12=11.89453125
ADC_V28=27.789306640625
THERMAL_SENS_OUT_1=25
THERMAL_SENS_OUT_2=-50
THERMAL_SENS_OUT_3=33
THERMAL_SENS_OUT_4=26
THERMAL_SENS_OUT_5=30
THERMAL_SENS_OUT_6=-50
THERMAL_SENS_INT_1=25
THERMAL_SENS_INT_2=25
PG_5=0
PG_9=0
PG_12=0
FLT_P2=0
FLT_P3=0
HEAT_1_TEMP=25
HEAT_1_DUTY=0
HEAT_1_SP=-20.0
HEAT_2_TEMP=33
HEAT_2_DUTY=0
HEAT_2_SP=-20.0
HEAT_3_TEMP=26
HEAT_3_DUTY=0
HEAT_3_SP=-20.0
HEAT_4_TEMP=30
HEAT_4_DUTY=0
HEAT_4_SP=-20.0
MOTOR_ANGLE=0.0015261627906976744
MOTOR_ACCUM=1.0480377906976743
MOTOR_ROT=2

[10:33:30.622 EBOX]
TS=1786204295.082
V_SENSE5=1.26953125
V_SENSE9=0.06591796875
V_SENSE12=0.146484375
ADC_V5=5.0091552734375
ADC_V9=8.8677978515625
ADC_V12=11.90338134765625
ADC_V28=27.1343994140625
THERMAL_SENS_OUT_1=25
THERMAL_SENS_OUT_2=-50
THERMAL_SENS_OUT_3=31
THERMAL_SENS_OUT_4=26
THERMAL_SENS_OUT_5=32
THERMAL_SENS_OUT_6=-50
THERMAL_SENS_INT_1=23
THERMAL_SENS_INT_2=27
PG_5=0
PG_9=0
PG_12=0
FLT_P2=0
FLT_P3=0
HEAT_1_TEMP=25
HEAT_1_DUTY=0
HEAT_1_SP=-20.0
HEAT_2_TEMP=31
HEAT_2_DUTY=0
HEAT_2_SP=-20.0
HEAT_3_TEMP=26
HEAT_3_DUTY=0
HEAT_3_SP=-20.0
HEAT_4_TEMP=32
HEAT_4_DUTY=0
HEAT_4_SP=-20.0
MOTOR_ANGLE=0.0015261627906976744
MOTOR_ACCUM=1.0480377906976743
MOTOR_ROT=2

[10:33:32.656 EBOX]
TS=1786204297.106
V_SENSE5=1.31103515625
V_SENSE9=0.0341796875
V_SENSE12=0.1220703125
ADC_V5=4.94720458984375
ADC_V9=8.87664794921875
ADC_V12=11.65557861328125
ADC_V28=27.435302734375
THERMAL_SENS_OUT_1=24
THERMAL_SENS_OUT_2=-50
THERMAL_SENS_OUT_3=28
THERMAL_SENS_OUT_4=26
THERMAL_SENS_OUT_5=35
THERMAL_SENS_OUT_6=-50
THERMAL_SENS_INT_1=23
THERMAL_SENS_INT_2=24
PG_5=0
PG_9=0
PG_12=0
FLT_P2=0
FLT_P3=0
HEAT_1_TEMP=24
HEAT_1_DUTY=0
HEAT_1_SP=-20.0
HEAT_2_TEMP=28
HEAT_2_DUTY=0
HEAT_2_SP=-20.0
HEAT_3_TEMP=26
HEAT_3_DUTY=0
HEAT_3_SP=-20.0
HEAT_4_TEMP=35
HEAT_4_DUTY=0
HEAT_4_SP=-20.0
MOTOR_ANGLE=0.0015261627906976744
MOTOR_ACCUM=1.0480377906976743
MOTOR_ROT=2

[10:33:34.697 EBOX]
TS=1786204299.091
V_SENSE5=1.279296875
V_SENSE9=0.0341796875
V_SENSE12=0.1220703125
ADC_V5=4.9560546875
ADC_V9=9.0802001953125
ADC_V12=11.56707763671875
ADC_V28=27.53265380859375
THERMAL_SENS_OUT_1=26
THERMAL_SENS_OUT_2=-50
THERMAL_SENS_OUT_3=29
THERMAL_SENS_OUT_4=30
THERMAL_SENS_OUT_5=31
THERMAL_SENS_OUT_6=-50
THERMAL_SENS_INT_1=28
THERMAL_SENS_INT_2=26
PG_5=0
PG_9=0
PG_12=0
FLT_P2=0
FLT_P3=0
HEAT_1_TEMP=26
HEAT_1_DUTY=0
HEAT_1_SP=-20.0
HEAT_2_TEMP=29
HEAT_2_DUTY=0
HEAT_2_SP=-20.0
HEAT_3_TEMP=30
HEAT_3_DUTY=0
HEAT_3_SP=-20.0
HEAT_4_TEMP=31
HEAT_4_DUTY=0
HEAT_4_SP=-20.0
MOTOR_ANGLE=0.0015261627906976744
MOTOR_ACCUM=1.0480377906976743
MOTOR_ROT=2

[10:33:36.634 EBOX]
TS=1786204301.095
V_SENSE5=1.22802734375
V_SENSE9=0.0341796875
V_SENSE12=0.11962890625
ADC_V5=4.87640380859375
ADC_V9=9.097900390625
ADC_V12=11.8768310546875
ADC_V28=27.01934814453125
THERMAL_SENS_OUT_1=25
THERMAL_SENS_OUT_2=-50
THERMAL_SENS_OUT_3=28
THERMAL_SENS_OUT_4=27
THERMAL_SENS_OUT_5=32
THERMAL_SENS_OUT_6=-50
THERMAL_SENS_INT_1=27
THERMAL_SENS_INT_2=25
PG_5=0
PG_9=0
PG_12=0
FLT_P2=0
FLT_P3=0
HEAT_1_TEMP=25
HEAT_1_DUTY=0
HEAT_1_SP=-20.0
HEAT_2_TEMP=28
HEAT_2_DUTY=0
HEAT_2_SP=-20.0
HEAT_3_TEMP=27
HEAT_3_DUTY=0
HEAT_3_SP=-20.0
HEAT_4_TEMP=32
HEAT_4_DUTY=0
HEAT_4_SP=-20.0
MOTOR_ANGLE=0.0015261627906976744
MOTOR_ACCUM=1.0480377906976743
MOTOR_ROT=2

[10:34:25.426 EBOX]
TS=1786204350.482
V_SENSE5=1.29638671875
V_SENSE9=0.0341796875
V_SENSE12=0.1025390625
ADC_V5=4.8675537109375
ADC_V9=9.5404052734375
ADC_V12=11.646728515625
ADC_V28=27.74505615234375
THERMAL_SENS_OUT_1=25
THERMAL_SENS_OUT_2=-50
THERMAL_SENS_OUT_3=31
THERMAL_SENS_OUT_4=27
THERMAL_SENS_OUT_5=30
THERMAL_SENS_OUT_6=-50
THERMAL_SENS_INT_1=23
THERMAL_SENS_INT_2=27
PG_5=0
PG_9=0
PG_12=0
FLT_P2=0
FLT_P3=0
HEAT_1_TEMP=25
HEAT_1_DUTY=0
HEAT_1_SP=-20.0
HEAT_2_TEMP=31
HEAT_2_DUTY=0
HEAT_2_SP=-20.0
HEAT_3_TEMP=27
HEAT_3_DUTY=0
HEAT_3_SP=-20.0
HEAT_4_TEMP=30
HEAT_4_DUTY=0
HEAT_4_SP=-20.0
MOTOR_ANGLE=0.0030377906976744185
MOTOR_ACCUM=1.0495494186046512
MOTOR_ROT=2

[10:34:25.733 CUBESAT]
TS=1786205680.511
PG_5=1
PG_9=0
PG_12=0
FLT_P2=0
FLT_P3=0
HEAT_1_TEMP=0.0
HEAT_1_DUTY=10
HEAT_1_SP=-20.0
ENC_RAW=10008
ENC_ANGLE=219.90234375
ENC_ACCUM=0.0
AUTO_STOP=1
MOTOR_ANGLE=-0.008372093023255813
MOTOR_ACCUM=-27.21767441860465
MOTOR_ROT=-52

[10:34:27.363 EBOX]
TS=1786204352.482
V_SENSE5=1.26708984375
V_SENSE9=0.03173828125
V_SENSE12=0.11962890625
ADC_V5=4.96490478515625
ADC_V9=9.2926025390625
ADC_V12=11.85028076171875
ADC_V28=26.9927978515625
THERMAL_SENS_OUT_1=26
THERMAL_SENS_OUT_2=-50
THERMAL_SENS_OUT_3=28
THERMAL_SENS_OUT_4=26
THERMAL_SENS_OUT_5=33
THERMAL_SENS_OUT_6=-50
THERMAL_SENS_INT_1=24
THERMAL_SENS_INT_2=28
PG_5=0
PG_9=0
PG_12=0
FLT_P2=0
FLT_P3=0
HEAT_1_TEMP=26
HEAT_1_DUTY=0
HEAT_1_SP=-20.0
HEAT_2_TEMP=28
HEAT_2_DUTY=0
HEAT_2_SP=-20.0
HEAT_3_TEMP=26
HEAT_3_DUTY=0
HEAT_3_SP=-20.0
HEAT_4_TEMP=33
HEAT_4_DUTY=0
HEAT_4_SP=-20.0
MOTOR_ANGLE=0.002281976744186047
MOTOR_ACCUM=1.0487936046511628
MOTOR_ROT=2

[10:34:27.468 CUBESAT]
TS=1786205682.513
PG_5=1
PG_9=0
PG_12=0
FLT_P2=0
FLT_P3=0
HEAT_1_TEMP=0.0
HEAT_1_DUTY=0
HEAT_1_SP=-20.0
ENC_RAW=10008
ENC_ANGLE=219.90234375
ENC_ACCUM=0.0
AUTO_STOP=1
MOTOR_ANGLE=-0.008372093023255813
MOTOR_ACCUM=-27.21767441860465
MOTOR_ROT=-52

[10:34:29.601 EBOX]
TS=1786204354.484
V_SENSE5=1.36474609375
V_SENSE9=0.0341796875
V_SENSE12=0.10986328125
ADC_V5=4.92950439453125
ADC_V9=9.381103515625
ADC_V12=11.82373046875
ADC_V28=27.74505615234375
THERMAL_SENS_OUT_1=27
THERMAL_SENS_OUT_2=-50
THERMAL_SENS_OUT_3=32
THERMAL_SENS_OUT_4=27
THERMAL_SENS_OUT_5=33
THERMAL_SENS_OUT_6=-50
THERMAL_SENS_INT_1=27
THERMAL_SENS_INT_2=25
PG_5=0
PG_9=0
PG_12=0
FLT_P2=0
FLT_P3=0
HEAT_1_TEMP=27
HEAT_1_DUTY=0
HEAT_1_SP=-20.0
HEAT_2_TEMP=32
HEAT_2_DUTY=0
HEAT_2_SP=-20.0
HEAT_3_TEMP=27
HEAT_3_DUTY=0
HEAT_3_SP=-20.0
HEAT_4_TEMP=33
HEAT_4_DUTY=0
HEAT_4_SP=-20.0
MOTOR_ANGLE=0.002281976744186047
MOTOR_ACCUM=1.0487936046511628
MOTOR_ROT=2

[10:34:30.208 CUBESAT]
TS=1786205684.516
PG_5=1
PG_9=0
PG_12=0
FLT_P2=0
FLT_P3=0
HEAT_1_TEMP=0.0
HEAT_1_DUTY=0
HEAT_1_SP=-20.0
ENC_RAW=10006
ENC_ANGLE=219.8583984375
ENC_ACCUM=-0.0439453125
AUTO_STOP=1
MOTOR_ANGLE=-0.008372093023255813
MOTOR_ACCUM=-27.21767441860465
MOTOR_ROT=-52

[10:34:31.650 EBOX]
TS=1786204356.485
V_SENSE5=1.259765625
V_SENSE9=0.0390625
V_SENSE12=0.1513671875
ADC_V5=4.9737548828125
ADC_V9=9.2572021484375
ADC_V12=11.859130859375
ADC_V28=27.576904296875
THERMAL_SENS_OUT_1=26
THERMAL_SENS_OUT_2=-50
THERMAL_SENS_OUT_3=29
THERMAL_SENS_OUT_4=29
THERMAL_SENS_OUT_5=30
THERMAL_SENS_OUT_6=-50
THERMAL_SENS_INT_1=22
THERMAL_SENS_INT_2=25
PG_5=0
PG_9=0
PG_12=0
FLT_P2=0
FLT_P3=0
HEAT_1_TEMP=26
HEAT_1_DUTY=0
HEAT_1_SP=-20.0
HEAT_2_TEMP=29
HEAT_2_DUTY=0
HEAT_2_SP=-20.0
HEAT_3_TEMP=29
HEAT_3_DUTY=0
HEAT_3_SP=-20.0
HEAT_4_TEMP=30
HEAT_4_DUTY=0
HEAT_4_SP=-20.0
MOTOR_ANGLE=0.002281976744186047
MOTOR_ACCUM=1.0487936046511628
MOTOR_ROT=2

[10:34:31.655 CUBESAT]
TS=1786205686.518
PG_5=1
PG_9=0
PG_12=0
FLT_P2=0
FLT_P3=0
HEAT_1_TEMP=0.0
HEAT_1_DUTY=0
HEAT_1_SP=-20.0
ENC_RAW=10011
ENC_ANGLE=219.96826171875
ENC_ACCUM=0.06591796875
AUTO_STOP=1
MOTOR_ANGLE=-0.008372093023255813
MOTOR_ACCUM=-27.21767441860465
MOTOR_ROT=-52

[10:34:33.385 EBOX]
TS=1786204358.487
V_SENSE5=1.3525390625
V_SENSE9=0.0341796875
V_SENSE12=0.126953125
ADC_V5=5.00030517578125
ADC_V9=9.31915283203125
ADC_V12=11.58477783203125
ADC_V28=27.60345458984375
THERMAL_SENS_OUT_1=29
THERMAL_SENS_OUT_2=-50
THERMAL_SENS_OUT_3=29
THERMAL_SENS_OUT_4=26
THERMAL_SENS_OUT_5=33
THERMAL_SENS_OUT_6=-50
THERMAL_SENS_INT_1=28
THERMAL_SENS_INT_2=26
PG_5=0
PG_9=0
PG_12=0
FLT_P2=0
FLT_P3=0
HEAT_1_TEMP=29
HEAT_1_DUTY=0
HEAT_1_SP=-20.0
HEAT_2_TEMP=29
HEAT_2_DUTY=0
HEAT_2_SP=-20.0
HEAT_3_TEMP=26
HEAT_3_DUTY=0
HEAT_3_SP=-20.0
HEAT_4_TEMP=33
HEAT_4_DUTY=0
HEAT_4_SP=-20.0
MOTOR_ANGLE=0.0030377906976744185
MOTOR_ACCUM=1.0495494186046512
MOTOR_ROT=2

[10:34:33.489 CUBESAT]
TS=1786205688.518
PG_5=1
PG_9=0
PG_12=0
FLT_P2=0
FLT_P3=0
HEAT_1_TEMP=0.0
HEAT_1_DUTY=0
HEAT_1_SP=-20.0
ENC_RAW=10008
ENC_ANGLE=219.90234375
ENC_ACCUM=0.0
AUTO_STOP=1
MOTOR_ANGLE=-0.008372093023255813
MOTOR_ACCUM=-27.21767441860465
MOTOR_ROT=-52

[10:34:35.419 EBOX]
TS=1786204360.489
V_SENSE5=1.2158203125
V_SENSE9=0.03662109375
V_SENSE12=0.10498046875
ADC_V5=4.991455078125
ADC_V9=9.35455322265625
ADC_V12=11.70867919921875
ADC_V28=27.82470703125
THERMAL_SENS_OUT_1=25
THERMAL_SENS_OUT_2=-50
THERMAL_SENS_OUT_3=31
THERMAL_SENS_OUT_4=25
THERMAL_SENS_OUT_5=29
THERMAL_SENS_OUT_6=-50
THERMAL_SENS_INT_1=25
THERMAL_SENS_INT_2=28
PG_5=0
PG_9=0
PG_12=0
FLT_P2=0
FLT_P3=0
HEAT_1_TEMP=25
HEAT_1_DUTY=0
HEAT_1_SP=-20.0
HEAT_2_TEMP=31
HEAT_2_DUTY=0
HEAT_2_SP=-20.0
HEAT_3_TEMP=25
HEAT_3_DUTY=0
HEAT_3_SP=-20.0
HEAT_4_TEMP=29
HEAT_4_DUTY=0
HEAT_4_SP=-20.0
MOTOR_ANGLE=0.002281976744186047
MOTOR_ACCUM=1.0487936046511628
MOTOR_ROT=2

[10:34:36.026 CUBESAT]
TS=1786205690.521
PG_5=1
PG_9=0
PG_12=0
FLT_P2=0
FLT_P3=0
HEAT_1_TEMP=0.0
HEAT_1_DUTY=10
HEAT_1_SP=-20.0
ENC_RAW=10009
ENC_ANGLE=219.92431640625
ENC_ACCUM=0.02197265625
AUTO_STOP=1
MOTOR_ANGLE=-0.008372093023255813
MOTOR_ACCUM=-27.21767441860465
MOTOR_ROT=-52

[10:34:37.455 EBOX]
TS=1786204362.496
V_SENSE5=1.2109375
V_SENSE9=0.0341796875
V_SENSE12=0.14892578125
ADC_V5=4.8675537109375
ADC_V9=9.1864013671875
ADC_V12=11.90338134765625
ADC_V28=27.56805419921875
THERMAL_SENS_OUT_1=24
THERMAL_SENS_OUT_2=-50
THERMAL_SENS_OUT_3=30
THERMAL_SENS_OUT_4=25
THERMAL_SENS_OUT_5=35
THERMAL_SENS_OUT_6=-50
THERMAL_SENS_INT_1=24
THERMAL_SENS_INT_2=24
PG_5=0
PG_9=0
PG_12=0
FLT_P2=0
FLT_P3=0
HEAT_1_TEMP=24
HEAT_1_DUTY=0
HEAT_1_SP=-20.0
HEAT_2_TEMP=30
HEAT_2_DUTY=0
HEAT_2_SP=-20.0
HEAT_3_TEMP=25
HEAT_3_DUTY=0
HEAT_3_SP=-20.0
HEAT_4_TEMP=35
HEAT_4_DUTY=0
HEAT_4_SP=-20.0
MOTOR_ANGLE=0.002281976744186047
MOTOR_ACCUM=1.0487936046511628
MOTOR_ROT=2

[10:34:37.458 CUBESAT]
TS=1786205692.523
PG_5=1
PG_9=0
PG_12=0
FLT_P2=0
FLT_P3=0
HEAT_1_TEMP=0.0
HEAT_1_DUTY=0
HEAT_1_SP=-20.0
ENC_RAW=10008
ENC_ANGLE=219.90234375
ENC_ACCUM=0.0
AUTO_STOP=1
MOTOR_ANGLE=-0.008372093023255813
MOTOR_ACCUM=-27.21767441860465
MOTOR_ROT=-52

[10:34:39.476 CUBESAT]
TS=1786205694.525
PG_5=1
PG_9=0
PG_12=0
FLT_P2=0
FLT_P3=0
HEAT_1_TEMP=0.0
HEAT_1_DUTY=0
HEAT_1_SP=-20.0
ENC_RAW=10007
ENC_ANGLE=219.88037109375
ENC_ACCUM=-0.02197265625
AUTO_STOP=1
MOTOR_ANGLE=-0.008372093023255813
MOTOR_ACCUM=-27.21767441860465
MOTOR_ROT=-52

[10:34:40.299 EBOX]
TS=1786204364.492
V_SENSE5=1.3671875
V_SENSE9=0.0390625
V_SENSE12=0.1220703125
ADC_V5=4.98260498046875
ADC_V9=9.0625
ADC_V12=11.859130859375
ADC_V28=26.98394775390625
THERMAL_SENS_OUT_1=26
THERMAL_SENS_OUT_2=-50
THERMAL_SENS_OUT_3=28
THERMAL_SENS_OUT_4=28
THERMAL_SENS_OUT_5=31
THERMAL_SENS_OUT_6=-50
THERMAL_SENS_INT_1=27
THERMAL_SENS_INT_2=24
PG_5=0
PG_9=0
PG_12=0
FLT_P2=0
FLT_P3=0
HEAT_1_TEMP=26
HEAT_1_DUTY=0
HEAT_1_SP=-20.0
HEAT_2_TEMP=28
HEAT_2_DUTY=0
HEAT_2_SP=-20.0
HEAT_3_TEMP=28
HEAT_3_DUTY=0
HEAT_3_SP=-20.0
HEAT_4_TEMP=31
HEAT_4_DUTY=0
HEAT_4_SP=-20.0
MOTOR_ANGLE=0.002281976744186047
MOTOR_ACCUM=1.0487936046511628
MOTOR_ROT=2

[10:34:41.511 CUBESAT]
TS=1786205696.527
PG_5=1
PG_9=0
PG_12=0
FLT_P2=0
FLT_P3=0
HEAT_1_TEMP=0.0
HEAT_1_DUTY=10
HEAT_1_SP=-20.0
ENC_RAW=10008
ENC_ANGLE=219.90234375
ENC_ACCUM=0.0
AUTO_STOP=1
MOTOR_ANGLE=-0.008372093023255813
MOTOR_ACCUM=-27.21767441860465
MOTOR_ROT=-52

[10:34:41.829 EBOX]
TS=1786204366.494
V_SENSE5=1.2255859375
V_SENSE9=0.0390625
V_SENSE12=0.13671875
ADC_V5=4.9560546875
ADC_V9=9.2041015625
ADC_V12=11.58477783203125
ADC_V28=27.78045654296875
THERMAL_SENS_OUT_1=28
THERMAL_SENS_OUT_2=-50
THERMAL_SENS_OUT_3=28
THERMAL_SENS_OUT_4=27
THERMAL_SENS_OUT_5=31
THERMAL_SENS_OUT_6=-50
THERMAL_SENS_INT_1=25
THERMAL_SENS_INT_2=24
PG_5=0
PG_9=0
PG_12=0
FLT_P2=0
FLT_P3=0
HEAT_1_TEMP=28
HEAT_1_DUTY=0
HEAT_1_SP=-20.0
HEAT_2_TEMP=28
HEAT_2_DUTY=0
HEAT_2_SP=-20.0
HEAT_3_TEMP=27
HEAT_3_DUTY=0
HEAT_3_SP=-20.0
HEAT_4_TEMP=31
HEAT_4_DUTY=0
HEAT_4_SP=-20.0
MOTOR_ANGLE=0.0030377906976744185
MOTOR_ACCUM=1.0495494186046512
MOTOR_ROT=2

[10:34:43.647 CUBESAT]
TS=1786205698.528
PG_5=1
PG_9=0
PG_12=0
FLT_P2=0
FLT_P3=0
HEAT_1_TEMP=0.0
HEAT_1_DUTY=0
HEAT_1_SP=-20.0
ENC_RAW=10011
ENC_ANGLE=219.96826171875
ENC_ACCUM=0.06591796875
AUTO_STOP=1
MOTOR_ANGLE=-0.008372093023255813
MOTOR_ACCUM=-27.21767441860465
MOTOR_ROT=-52

[10:34:44.977 EBOX]
TS=1786204368.495
V_SENSE5=1.36474609375
V_SENSE9=0.0341796875
V_SENSE12=0.1123046875
ADC_V5=4.91180419921875
ADC_V9=9.027099609375
ADC_V12=11.6290283203125
ADC_V28=27.6654052734375
THERMAL_SENS_OUT_1=29
THERMAL_SENS_OUT_2=-50
THERMAL_SENS_OUT_3=33
THERMAL_SENS_OUT_4=27
THERMAL_SENS_OUT_5=31
THERMAL_SENS_OUT_6=-50
THERMAL_SENS_INT_1=23
THERMAL_SENS_INT_2=28
PG_5=0
PG_9=0
PG_12=0
FLT_P2=0
FLT_P3=0
HEAT_1_TEMP=29
HEAT_1_DUTY=0
HEAT_1_SP=-20.0
HEAT_2_TEMP=33
HEAT_2_DUTY=0
HEAT_2_SP=-20.0
HEAT_3_TEMP=27
HEAT_3_DUTY=0
HEAT_3_SP=-20.0
HEAT_4_TEMP=31
HEAT_4_DUTY=0
HEAT_4_SP=-20.0
MOTOR_ANGLE=0.002281976744186047
MOTOR_ACCUM=1.0487936046511628
MOTOR_ROT=2

[10:34:45.838 EBOX]
TS=1786204370.498
V_SENSE5=1.259765625
V_SENSE9=0.0390625
V_SENSE12=0.1416015625
ADC_V5=4.9560546875
ADC_V9=9.097900390625
ADC_V12=11.4874267578125
ADC_V28=27.28485107421875
THERMAL_SENS_OUT_1=26
THERMAL_SENS_OUT_2=-50
THERMAL_SENS_OUT_3=32
THERMAL_SENS_OUT_4=28
THERMAL_SENS_OUT_5=30
THERMAL_SENS_OUT_6=-50
THERMAL_SENS_INT_1=28
THERMAL_SENS_INT_2=26
PG_5=0
PG_9=0
PG_12=0
FLT_P2=0
FLT_P3=0
HEAT_1_TEMP=26
HEAT_1_DUTY=0
HEAT_1_SP=-20.0
HEAT_2_TEMP=32
HEAT_2_DUTY=0
HEAT_2_SP=-20.0
HEAT_3_TEMP=28
HEAT_3_DUTY=0
HEAT_3_SP=-20.0
HEAT_4_TEMP=30
HEAT_4_DUTY=0
HEAT_4_SP=-20.0
MOTOR_ANGLE=0.002281976744186047
MOTOR_ACCUM=1.0487936046511628
MOTOR_ROT=2

[10:34:45.842 CUBESAT]
TS=1786205700.530
PG_5=1
PG_9=0
PG_12=0
FLT_P2=0
FLT_P3=0
HEAT_1_TEMP=0.0
HEAT_1_DUTY=0
HEAT_1_SP=-20.0
ENC_RAW=10007
ENC_ANGLE=219.88037109375
ENC_ACCUM=-0.02197265625
AUTO_STOP=1
MOTOR_ANGLE=-0.008372093023255813
MOTOR_ACCUM=-27.21767441860465
MOTOR_ROT=-52

[10:34:47.601 EBOX]
TS=1786204372.499
V_SENSE5=1.19873046875
V_SENSE9=0.04150390625
V_SENSE12=0.13671875
ADC_V5=4.9737548828125
ADC_V9=9.0802001953125
ADC_V12=11.89453125
ADC_V28=27.19635009765625
THERMAL_SENS_OUT_1=27
THERMAL_SENS_OUT_2=-50
THERMAL_SENS_OUT_3=33
THERMAL_SENS_OUT_4=25
THERMAL_SENS_OUT_5=33
THERMAL_SENS_OUT_6=-50
THERMAL_SENS_INT_1=24
THERMAL_SENS_INT_2=29
PG_5=0
PG_9=0
PG_12=0
FLT_P2=0
FLT_P3=0
HEAT_1_TEMP=27
HEAT_1_DUTY=0
HEAT_1_SP=-20.0
HEAT_2_TEMP=33
HEAT_2_DUTY=0
HEAT_2_SP=-20.0
HEAT_3_TEMP=25
HEAT_3_DUTY=0
HEAT_3_SP=-20.0
HEAT_4_TEMP=33
HEAT_4_DUTY=0
HEAT_4_SP=-20.0
MOTOR_ANGLE=0.002281976744186047
MOTOR_ACCUM=1.0487936046511628
MOTOR_ROT=2

[10:34:48.420 CUBESAT]
TS=1786205702.533
PG_5=1
PG_9=0
PG_12=0
FLT_P2=0
FLT_P3=0
HEAT_1_TEMP=0.0
HEAT_1_DUTY=0
HEAT_1_SP=-20.0
ENC_RAW=10005
ENC_ANGLE=219.83642578125
ENC_ACCUM=-0.06591796875
AUTO_STOP=1
MOTOR_ANGLE=-0.008372093023255813
MOTOR_ACCUM=-27.21767441860465
MOTOR_ROT=-52

[10:34:49.849 EBOX]
TS=1786204374.502
V_SENSE5=1.2548828125
V_SENSE9=0.03173828125
V_SENSE12=0.13427734375
ADC_V5=4.89410400390625
ADC_V9=8.9208984375
ADC_V12=11.72637939453125
ADC_V28=27.8424072265625
THERMAL_SENS_OUT_1=28
THERMAL_SENS_OUT_2=-50
THERMAL_SENS_OUT_3=28
THERMAL_SENS_OUT_4=29
THERMAL_SENS_OUT_5=30
THERMAL_SENS_OUT_6=-50
THERMAL_SENS_INT_1=25
THERMAL_SENS_INT_2=24
PG_5=0
PG_9=0
PG_12=0
FLT_P2=0
FLT_P3=0
HEAT_1_TEMP=28
HEAT_1_DUTY=0
HEAT_1_SP=-20.0
HEAT_2_TEMP=28
HEAT_2_DUTY=0
HEAT_2_SP=-20.0
HEAT_3_TEMP=29
HEAT_3_DUTY=0
HEAT_3_SP=-20.0
HEAT_4_TEMP=30
HEAT_4_DUTY=0
HEAT_4_SP=-20.0
MOTOR_ANGLE=0.0026598837209302327
MOTOR_ACCUM=1.049171511627907
MOTOR_ROT=2

[10:34:49.953 CUBESAT]
TS=1786205704.535
PG_5=1
PG_9=0
PG_12=0
FLT_P2=0
FLT_P3=0
HEAT_1_TEMP=0.0
HEAT_1_DUTY=0
HEAT_1_SP=-20.0
ENC_RAW=10009
ENC_ANGLE=219.92431640625
ENC_ACCUM=0.02197265625
AUTO_STOP=1
MOTOR_ANGLE=-0.008372093023255813
MOTOR_ACCUM=-27.21767441860465
MOTOR_ROT=-52

[10:34:51.482 EBOX]
TS=1786204376.512
V_SENSE5=1.38427734375
V_SENSE9=0.0390625
V_SENSE12=0.1708984375
ADC_V5=4.9383544921875
ADC_V9=8.80584716796875
ADC_V12=11.49627685546875
ADC_V28=27.58575439453125
THERMAL_SENS_OUT_1=31
THERMAL_SENS_OUT_2=-50
THERMAL_SENS_OUT_3=31
THERMAL_SENS_OUT_4=25
THERMAL_SENS_OUT_5=34
THERMAL_SENS_OUT_6=-50
THERMAL_SENS_INT_1=27
THERMAL_SENS_INT_2=24
PG_5=0
PG_9=0
PG_12=0
FLT_P2=0
FLT_P3=0
HEAT_1_TEMP=31
HEAT_1_DUTY=0
HEAT_1_SP=-20.0
HEAT_2_TEMP=31
HEAT_2_DUTY=0
HEAT_2_SP=-20.0
HEAT_3_TEMP=25
HEAT_3_DUTY=0
HEAT_3_SP=-20.0
HEAT_4_TEMP=34
HEAT_4_DUTY=0
HEAT_4_SP=-20.0
MOTOR_ANGLE=0.0030377906976744185
MOTOR_ACCUM=1.0495494186046512
MOTOR_ROT=2

[10:34:51.486 CUBESAT]
TS=1786205706.535
PG_5=1
PG_9=0
PG_12=0
FLT_P2=0
FLT_P3=0
HEAT_1_TEMP=0.0
HEAT_1_DUTY=10
HEAT_1_SP=-20.0
ENC_RAW=10007
ENC_ANGLE=219.88037109375
ENC_ACCUM=-0.02197265625
AUTO_STOP=1
MOTOR_ANGLE=-0.008372093023255813
MOTOR_ACCUM=-27.21767441860465
MOTOR_ROT=-52

[10:34:54.120 EBOX]
TS=1786204378.507
V_SENSE5=1.18408203125
V_SENSE9=0.0439453125
V_SENSE12=0.13916015625
ADC_V5=4.92950439453125
ADC_V9=9.28375244140625
ADC_V12=11.9122314453125
ADC_V28=27.65655517578125
THERMAL_SENS_OUT_1=26
THERMAL_SENS_OUT_2=-50
THERMAL_SENS_OUT_3=32
THERMAL_SENS_OUT_4=25
THERMAL_SENS_OUT_5=34
THERMAL_SENS_OUT_6=-50
THERMAL_SENS_INT_1=26
THERMAL_SENS_INT_2=26
PG_5=0
PG_9=0
PG_12=0
FLT_P2=0
FLT_P3=0
HEAT_1_TEMP=26
HEAT_1_DUTY=0
HEAT_1_SP=-20.0
HEAT_2_TEMP=32
HEAT_2_DUTY=0
HEAT_2_SP=-20.0
HEAT_3_TEMP=25
HEAT_3_DUTY=0
HEAT_3_SP=-20.0
HEAT_4_TEMP=34
HEAT_4_DUTY=0
HEAT_4_SP=-20.0
MOTOR_ANGLE=0.002281976744186047
MOTOR_ACCUM=1.0487936046511628
MOTOR_ROT=2

[10:34:54.123 CUBESAT]
TS=1786205708.536
PG_5=1
PG_9=0
PG_12=0
FLT_P2=0
FLT_P3=0
HEAT_1_TEMP=0.0
HEAT_1_DUTY=0
HEAT_1_SP=-20.0
ENC_RAW=10008
ENC_ANGLE=219.90234375
ENC_ACCUM=0.0
AUTO_STOP=1
MOTOR_ANGLE=-0.008372093023255813
MOTOR_ACCUM=-27.21767441860465
MOTOR_ROT=-52

[10:34:55.453 EBOX]
TS=1786204380.509
V_SENSE5=1.29150390625
V_SENSE9=0.0341796875
V_SENSE12=0.13427734375
ADC_V5=4.9029541015625
ADC_V9=9.49615478515625
ADC_V12=11.99188232421875
ADC_V28=26.9927978515625
THERMAL_SENS_OUT_1=25
THERMAL_SENS_OUT_2=-50
THERMAL_SENS_OUT_3=29
THERMAL_SENS_OUT_4=28
THERMAL_SENS_OUT_5=30
THERMAL_SENS_OUT_6=-50
THERMAL_SENS_INT_1=24
THERMAL_SENS_INT_2=28
PG_5=0
PG_9=0
PG_12=0
FLT_P2=0
FLT_P3=0
HEAT_1_TEMP=25
HEAT_1_DUTY=0
HEAT_1_SP=-20.0
HEAT_2_TEMP=29
HEAT_2_DUTY=0
HEAT_2_SP=-20.0
HEAT_3_TEMP=28
HEAT_3_DUTY=0
HEAT_3_SP=-20.0
HEAT_4_TEMP=30
HEAT_4_DUTY=0
HEAT_4_SP=-20.0
MOTOR_ANGLE=0.002281976744186047
MOTOR_ACCUM=1.0487936046511628
MOTOR_ROT=2

[10:34:55.456 CUBESAT]
TS=1786205710.539
PG_5=1
PG_9=0
PG_12=0
FLT_P2=0
FLT_P3=0
HEAT_1_TEMP=0.0
HEAT_1_DUTY=0
HEAT_1_SP=-20.0
ENC_RAW=10008
ENC_ANGLE=219.90234375
ENC_ACCUM=0.0
AUTO_STOP=1
MOTOR_ANGLE=-0.008372093023255813
MOTOR_ACCUM=-27.21767441860465
MOTOR_ROT=-52

[10:34:57.706 EBOX]
TS=1786204382.510
V_SENSE5=1.32568359375
V_SENSE9=0.0341796875
V_SENSE12=0.13671875
ADC_V5=4.8675537109375
ADC_V9=9.5050048828125
ADC_V12=11.74407958984375
ADC_V28=27.58575439453125
THERMAL_SENS_OUT_1=26
THERMAL_SENS_OUT_2=-50
THERMAL_SENS_OUT_3=30
THERMAL_SENS_OUT_4=26
THERMAL_SENS_OUT_5=33
THERMAL_SENS_OUT_6=-50
THERMAL_SENS_INT_1=25
THERMAL_SENS_INT_2=24
PG_5=0
PG_9=0
PG_12=0
FLT_P2=0
FLT_P3=0
HEAT_1_TEMP=26
HEAT_1_DUTY=0
HEAT_1_SP=-20.0
HEAT_2_TEMP=30
HEAT_2_DUTY=0
HEAT_2_SP=-20.0
HEAT_3_TEMP=26
HEAT_3_DUTY=0
HEAT_3_SP=-20.0
HEAT_4_TEMP=33
HEAT_4_DUTY=0
HEAT_4_SP=-20.0
MOTOR_ANGLE=0.002281976744186047
MOTOR_ACCUM=1.0487936046511628
MOTOR_ROT=2

[10:34:57.710 CUBESAT]
TS=1786205712.539
PG_5=1
PG_9=0
PG_12=0
FLT_P2=0
FLT_P3=0
HEAT_1_TEMP=0.0
HEAT_1_DUTY=0
HEAT_1_SP=-20.0
ENC_RAW=10008
ENC_ANGLE=219.90234375
ENC_ACCUM=0.0
AUTO_STOP=1
MOTOR_ANGLE=-0.008372093023255813
MOTOR_ACCUM=-27.21767441860465
MOTOR_ROT=-52

[10:34:59.445 EBOX]
TS=1786204384.512
V_SENSE5=1.24755859375
V_SENSE9=0.03662109375
V_SENSE12=0.146484375
ADC_V5=4.96490478515625
ADC_V9=9.28375244140625
ADC_V12=11.51397705078125
ADC_V28=27.010498046875
THERMAL_SENS_OUT_1=27
THERMAL_SENS_OUT_2=-50
THERMAL_SENS_OUT_3=33
THERMAL_SENS_OUT_4=24
THERMAL_SENS_OUT_5=31
THERMAL_SENS_OUT_6=-50
THERMAL_SENS_INT_1=23
THERMAL_SENS_INT_2=25
PG_5=0
PG_9=0
PG_12=0
FLT_P2=0
FLT_P3=0
HEAT_1_TEMP=27
HEAT_1_DUTY=0
HEAT_1_SP=-20.0
HEAT_2_TEMP=33
HEAT_2_DUTY=0
HEAT_2_SP=-20.0
HEAT_3_TEMP=24
HEAT_3_DUTY=0
HEAT_3_SP=-20.0
HEAT_4_TEMP=31
HEAT_4_DUTY=0
HEAT_4_SP=-20.0
MOTOR_ANGLE=0.0030377906976744185
MOTOR_ACCUM=1.0495494186046512
MOTOR_ROT=2

[10:34:59.549 CUBESAT]
TS=1786205714.541
PG_5=1
PG_9=0
PG_12=0
FLT_P2=0
FLT_P3=0
HEAT_1_TEMP=0.0
HEAT_1_DUTY=0
HEAT_1_SP=-20.0
ENC_RAW=10008
ENC_ANGLE=219.90234375
ENC_ACCUM=0.0
AUTO_STOP=1
MOTOR_ANGLE=-0.008372093023255813
MOTOR_ACCUM=-27.21767441860465
MOTOR_ROT=-52

[10:35:01.793 EBOX]
TS=1786204386.515
V_SENSE5=1.328125
V_SENSE9=0.0390625
V_SENSE12=0.1123046875
ADC_V5=5.05340576171875
ADC_V9=9.2572021484375
ADC_V12=11.81488037109375
ADC_V28=27.8424072265625
THERMAL_SENS_OUT_1=26
THERMAL_SENS_OUT_2=-50
THERMAL_SENS_OUT_3=30
THERMAL_SENS_OUT_4=27
THERMAL_SENS_OUT_5=29
THERMAL_SENS_OUT_6=-50
THERMAL_SENS_INT_1=22
THERMAL_SENS_INT_2=25
PG_5=0
PG_9=0
PG_12=0
FLT_P2=0
FLT_P3=0
HEAT_1_TEMP=26
HEAT_1_DUTY=0
HEAT_1_SP=-20.0
HEAT_2_TEMP=30
HEAT_2_DUTY=0
HEAT_2_SP=-20.0
HEAT_3_TEMP=27
HEAT_3_DUTY=0
HEAT_3_SP=-20.0
HEAT_4_TEMP=29
HEAT_4_DUTY=0
HEAT_4_SP=-20.0
MOTOR_ANGLE=0.002281976744186047
MOTOR_ACCUM=1.0487936046511628
MOTOR_ROT=2

[10:35:01.796 CUBESAT]
TS=1786205716.544
PG_5=1
PG_9=0
PG_12=0
FLT_P2=0
FLT_P3=0
HEAT_1_TEMP=0.0
HEAT_1_DUTY=10
HEAT_1_SP=-20.0
ENC_RAW=10007
ENC_ANGLE=219.88037109375
ENC_ACCUM=-0.02197265625
AUTO_STOP=1
MOTOR_ANGLE=-0.008372093023255813
MOTOR_ACCUM=-27.21767441860465
MOTOR_ROT=-52

[10:35:03.764 EBOX]
TS=1786204388.522
V_SENSE5=1.23046875
V_SENSE9=0.0341796875
V_SENSE12=0.107421875
ADC_V5=4.9737548828125
ADC_V9=9.0447998046875
ADC_V12=11.717529296875
ADC_V28=26.93084716796875
THERMAL_SENS_OUT_1=24
THERMAL_SENS_OUT_2=-50
THERMAL_SENS_OUT_3=30
THERMAL_SENS_OUT_4=27
THERMAL_SENS_OUT_5=33
THERMAL_SENS_OUT_6=-50
THERMAL_SENS_INT_1=26
THERMAL_SENS_INT_2=25
PG_5=0
PG_9=0
PG_12=0
FLT_P2=0
FLT_P3=0
HEAT_1_TEMP=24
HEAT_1_DUTY=0
HEAT_1_SP=-20.0
HEAT_2_TEMP=30
HEAT_2_DUTY=0
HEAT_2_SP=-20.0
HEAT_3_TEMP=27
HEAT_3_DUTY=0
HEAT_3_SP=-20.0
HEAT_4_TEMP=33
HEAT_4_DUTY=0
HEAT_4_SP=-20.0
MOTOR_ANGLE=0.002281976744186047
MOTOR_ACCUM=1.0487936046511628
MOTOR_ROT=2

[10:35:03.768 CUBESAT]
TS=1786205718.546
PG_5=1
PG_9=0
PG_12=0
FLT_P2=0
FLT_P3=0
HEAT_1_TEMP=0.0
HEAT_1_DUTY=0
HEAT_1_SP=-20.0
ENC_RAW=10008
ENC_ANGLE=219.90234375
ENC_ACCUM=0.0
AUTO_STOP=1
MOTOR_ANGLE=-0.008372093023255813
MOTOR_ACCUM=-27.21767441860465
MOTOR_ROT=-52

[10:35:05.809 CUBESAT]
TS=1786205720.548
PG_5=1
PG_9=0
PG_12=0
FLT_P2=0
FLT_P3=0
HEAT_1_TEMP=0.0
HEAT_1_DUTY=0
HEAT_1_SP=-20.0
ENC_RAW=10009
ENC_ANGLE=219.92431640625
ENC_ACCUM=0.02197265625
AUTO_STOP=1
MOTOR_ANGLE=-0.008372093023255813
MOTOR_ACCUM=-27.21767441860465
MOTOR_ROT=-52

[10:35:06.230 EBOX]
TS=1786204390.534
V_SENSE5=1.1328125
V_SENSE9=0.0341796875
V_SENSE12=0.15380859375
ADC_V5=4.98260498046875
ADC_V9=9.03594970703125
ADC_V12=11.85028076171875
ADC_V28=27.70965576171875
THERMAL_SENS_OUT_1=31
THERMAL_SENS_OUT_2=-50
THERMAL_SENS_OUT_3=28
THERMAL_SENS_OUT_4=26
THERMAL_SENS_OUT_5=35
THERMAL_SENS_OUT_6=-50
THERMAL_SENS_INT_1=22
THERMAL_SENS_INT_2=27
PG_5=0
PG_9=0
PG_12=0
FLT_P2=0
FLT_P3=0
HEAT_1_TEMP=31
HEAT_1_DUTY=0
HEAT_1_SP=-20.0
HEAT_2_TEMP=28
HEAT_2_DUTY=0
HEAT_2_SP=-20.0
HEAT_3_TEMP=26
HEAT_3_DUTY=0
HEAT_3_SP=-20.0
HEAT_4_TEMP=35
HEAT_4_DUTY=0
HEAT_4_SP=-20.0
MOTOR_ANGLE=0.002281976744186047
MOTOR_ACCUM=1.0487936046511628
MOTOR_ROT=2

[10:35:07.543 CUBESAT]
TS=1786205722.550
PG_5=1
PG_9=0
PG_12=0
FLT_P2=0
FLT_P3=0
HEAT_1_TEMP=0.0
HEAT_1_DUTY=0
HEAT_1_SP=-20.0
ENC_RAW=10008
ENC_ANGLE=219.90234375
ENC_ACCUM=0.0
AUTO_STOP=1
MOTOR_ANGLE=-0.008372093023255813
MOTOR_ACCUM=-27.21767441860465
MOTOR_ROT=-52

[10:35:08.667 EBOX]
TS=1786204392.529
V_SENSE5=1.357421875
V_SENSE9=0.03662109375
V_SENSE12=0.11474609375
ADC_V5=4.9560546875
ADC_V9=9.01824951171875
ADC_V12=11.65557861328125
ADC_V28=27.4176025390625
THERMAL_SENS_OUT_1=25
THERMAL_SENS_OUT_2=-50
THERMAL_SENS_OUT_3=29
THERMAL_SENS_OUT_4=29
THERMAL_SENS_OUT_5=30
THERMAL_SENS_OUT_6=-50
THERMAL_SENS_INT_1=22
THERMAL_SENS_INT_2=26
PG_5=0
PG_9=0
PG_12=0
FLT_P2=0
FLT_P3=0
HEAT_1_TEMP=25
HEAT_1_DUTY=0
HEAT_1_SP=-20.0
HEAT_2_TEMP=29
HEAT_2_DUTY=0
HEAT_2_SP=-20.0
HEAT_3_TEMP=29
HEAT_3_DUTY=0
HEAT_3_SP=-20.0
HEAT_4_TEMP=30
HEAT_4_DUTY=0
HEAT_4_SP=-20.0
MOTOR_ANGLE=0.002281976744186047
MOTOR_ACCUM=1.0487936046511628
MOTOR_ROT=2

[10:35:09.493 EBOX]
TS=1786204394.534
V_SENSE5=1.28173828125
V_SENSE9=0.07568359375
V_SENSE12=0.13671875
ADC_V5=4.9737548828125
ADC_V9=8.99169921875
ADC_V12=11.929931640625
ADC_V28=27.7716064453125
THERMAL_SENS_OUT_1=26
THERMAL_SENS_OUT_2=-50
THERMAL_SENS_OUT_3=28
THERMAL_SENS_OUT_4=28
THERMAL_SENS_OUT_5=29
THERMAL_SENS_OUT_6=-50
THERMAL_SENS_INT_1=24
THERMAL_SENS_INT_2=24
PG_5=0
PG_9=0
PG_12=0
FLT_P2=0
FLT_P3=0
HEAT_1_TEMP=26
HEAT_1_DUTY=0
HEAT_1_SP=-20.0
HEAT_2_TEMP=28
HEAT_2_DUTY=0
HEAT_2_SP=-20.0
HEAT_3_TEMP=28
HEAT_3_DUTY=0
HEAT_3_SP=-20.0
HEAT_4_TEMP=29
HEAT_4_DUTY=0
HEAT_4_SP=-20.0
MOTOR_ANGLE=0.0030377906976744185
MOTOR_ACCUM=1.0495494186046512
MOTOR_ROT=2

[10:35:10.101 CUBESAT]
TS=1786205724.552
PG_5=1
PG_9=0
PG_12=0
FLT_P2=0
FLT_P3=0
HEAT_1_TEMP=0.0
HEAT_1_DUTY=0
HEAT_1_SP=-20.0
ENC_RAW=10011
ENC_ANGLE=219.96826171875
ENC_ACCUM=0.06591796875
AUTO_STOP=1
MOTOR_ANGLE=-0.008372093023255813
MOTOR_ACCUM=-27.21767441860465
MOTOR_ROT=-52

[10:35:11.630 EBOX]
TS=1786204396.537
V_SENSE5=1.259765625
V_SENSE9=0.0341796875
V_SENSE12=0.12939453125
ADC_V5=4.85870361328125
ADC_V9=9.3280029296875
ADC_V12=11.99188232421875
ADC_V28=27.53265380859375
THERMAL_SENS_OUT_1=30
THERMAL_SENS_OUT_2=-50
THERMAL_SENS_OUT_3=33
THERMAL_SENS_OUT_4=27
THERMAL_SENS_OUT_5=31
THERMAL_SENS_OUT_6=-50
THERMAL_SENS_INT_1=25
THERMAL_SENS_INT_2=26
PG_5=0
PG_9=0
PG_12=0
FLT_P2=0
FLT_P3=0
HEAT_1_TEMP=30
HEAT_1_DUTY=0
HEAT_1_SP=-20.0
HEAT_2_TEMP=33
HEAT_2_DUTY=0
HEAT_2_SP=-20.0
HEAT_3_TEMP=27
HEAT_3_DUTY=0
HEAT_3_SP=-20.0
HEAT_4_TEMP=31
HEAT_4_DUTY=0
HEAT_4_SP=-20.0
MOTOR_ANGLE=0.002281976744186047
MOTOR_ACCUM=1.0487936046511628
MOTOR_ROT=2

[10:35:11.633 CUBESAT]
TS=1786205726.554
PG_5=1
PG_9=0
PG_12=0
FLT_P2=0
FLT_P3=0
HEAT_1_TEMP=0.0
HEAT_1_DUTY=10
HEAT_1_SP=-20.0
ENC_RAW=10007
ENC_ANGLE=219.88037109375
ENC_ACCUM=-0.02197265625
AUTO_STOP=1
MOTOR_ANGLE=-0.008372093023255813
MOTOR_ACCUM=-27.21767441860465
MOTOR_ROT=-52

[10:35:13.663 EBOX]
TS=1786204398.542
V_SENSE5=1.1962890625
V_SENSE9=0.0390625
V_SENSE12=0.14892578125
ADC_V5=4.849853515625
ADC_V9=9.37225341796875
ADC_V12=11.8414306640625
ADC_V28=27.5238037109375
THERMAL_SENS_OUT_1=25
THERMAL_SENS_OUT_2=-50
THERMAL_SENS_OUT_3=30
THERMAL_SENS_OUT_4=28
THERMAL_SENS_OUT_5=31
THERMAL_SENS_OUT_6=-50
THERMAL_SENS_INT_1=27
THERMAL_SENS_INT_2=25
PG_5=0
PG_9=0
PG_12=0
FLT_P2=0
FLT_P3=0
HEAT_1_TEMP=25
HEAT_1_DUTY=0
HEAT_1_SP=-20.0
HEAT_2_TEMP=30
HEAT_2_DUTY=0
HEAT_2_SP=-20.0
HEAT_3_TEMP=28
HEAT_3_DUTY=0
HEAT_3_SP=-20.0
HEAT_4_TEMP=31
HEAT_4_DUTY=0
HEAT_4_SP=-20.0
MOTOR_ANGLE=0.002281976744186047
MOTOR_ACCUM=1.0487936046511628
MOTOR_ROT=2

[10:35:13.968 CUBESAT]
TS=1786205728.556
PG_5=1
PG_9=0
PG_12=0
FLT_P2=0
FLT_P3=0
HEAT_1_TEMP=0.0
HEAT_1_DUTY=0
HEAT_1_SP=-20.0
ENC_RAW=10008
ENC_ANGLE=219.90234375
ENC_ACCUM=0.0
AUTO_STOP=1
MOTOR_ANGLE=-0.008372093023255813
MOTOR_ACCUM=-27.21767441860465
MOTOR_ROT=-52

[10:35:15.882 CUBESAT]
TS=1786205730.556
PG_5=1
PG_9=0
PG_12=0
FLT_P2=0
FLT_P3=0
HEAT_1_TEMP=0.0
HEAT_1_DUTY=0
HEAT_1_SP=-20.0
ENC_RAW=10006
ENC_ANGLE=219.8583984375
ENC_ACCUM=-0.0439453125
AUTO_STOP=1
MOTOR_ANGLE=-0.008372093023255813
MOTOR_ACCUM=-27.21767441860465
MOTOR_ROT=-52

[10:35:16.401 EBOX]
TS=1786204400.545
V_SENSE5=1.19873046875
V_SENSE9=0.0341796875
V_SENSE12=0.12939453125
ADC_V5=4.920654296875
ADC_V9=9.310302734375
ADC_V12=11.90338134765625
ADC_V28=27.72735595703125
THERMAL_SENS_OUT_1=27
THERMAL_SENS_OUT_2=-50
THERMAL_SENS_OUT_3=30
THERMAL_SENS_OUT_4=28
THERMAL_SENS_OUT_5=35
THERMAL_SENS_OUT_6=-50
THERMAL_SENS_INT_1=24
THERMAL_SENS_INT_2=24
PG_5=0
PG_9=0
PG_12=0
FLT_P2=0
FLT_P3=0
HEAT_1_TEMP=27
HEAT_1_DUTY=0
HEAT_1_SP=-20.0
HEAT_2_TEMP=30
HEAT_2_DUTY=0
HEAT_2_SP=-20.0
HEAT_3_TEMP=28
HEAT_3_DUTY=0
HEAT_3_SP=-20.0
HEAT_4_TEMP=35
HEAT_4_DUTY=0
HEAT_4_SP=-20.0
MOTOR_ANGLE=0.002281976744186047
MOTOR_ACCUM=1.0487936046511628
MOTOR_ROT=2

[10:35:17.628 EBOX]
TS=1786204402.546
V_SENSE5=1.2109375
V_SENSE9=0.0390625
V_SENSE12=0.126953125
ADC_V5=5.15960693359375
ADC_V9=9.0625
ADC_V12=11.95648193359375
ADC_V28=27.01934814453125
THERMAL_SENS_OUT_1=27
THERMAL_SENS_OUT_2=-50
THERMAL_SENS_OUT_3=29
THERMAL_SENS_OUT_4=28
THERMAL_SENS_OUT_5=35
THERMAL_SENS_OUT_6=-50
THERMAL_SENS_INT_1=25
THERMAL_SENS_INT_2=25
PG_5=0
PG_9=0
PG_12=0
FLT_P2=0
FLT_P3=0
HEAT_1_TEMP=27
HEAT_1_DUTY=0
HEAT_1_SP=-20.0
HEAT_2_TEMP=29
HEAT_2_DUTY=0
HEAT_2_SP=-20.0
HEAT_3_TEMP=28
HEAT_3_DUTY=0
HEAT_3_SP=-20.0
HEAT_4_TEMP=35
HEAT_4_DUTY=0
HEAT_4_SP=-20.0
MOTOR_ANGLE=0.002281976744186047
MOTOR_ACCUM=1.0487936046511628
MOTOR_ROT=2

[10:35:19.462 EBOX]
TS=1786204404.557
V_SENSE5=1.21826171875
V_SENSE9=0.03662109375
V_SENSE12=0.1416015625
ADC_V5=4.92950439453125
ADC_V9=9.00054931640625
ADC_V12=11.717529296875
ADC_V28=26.904296875
THERMAL_SENS_OUT_1=27
THERMAL_SENS_OUT_2=-50
THERMAL_SENS_OUT_3=34
THERMAL_SENS_OUT_4=30
THERMAL_SENS_OUT_5=31
THERMAL_SENS_OUT_6=-50
THERMAL_SENS_INT_1=25
THERMAL_SENS_INT_2=24
PG_5=0
PG_9=0
PG_12=0
FLT_P2=0
FLT_P3=0
HEAT_1_TEMP=27
HEAT_1_DUTY=0
HEAT_1_SP=-20.0
HEAT_2_TEMP=34
HEAT_2_DUTY=0
HEAT_2_SP=-20.0
HEAT_3_TEMP=30
HEAT_3_DUTY=0
HEAT_3_SP=-20.0
HEAT_4_TEMP=31
HEAT_4_DUTY=0
HEAT_4_SP=-20.0
MOTOR_ANGLE=0.0030377906976744185
MOTOR_ACCUM=1.0495494186046512
MOTOR_ROT=2

[10:35:21.078 CUBESAT]
TS=1786205732.558
PG_5=1
PG_9=0
PG_12=0
FLT_P2=0
FLT_P3=0
HEAT_1_TEMP=0.0
HEAT_1_DUTY=10
HEAT_1_SP=-20.0
ENC_RAW=10005
ENC_ANGLE=219.83642578125
ENC_ACCUM=-0.06591796875
AUTO_STOP=1
MOTOR_ANGLE=-0.008372093023255813
MOTOR_ACCUM=-27.21767441860465
MOTOR_ROT=-52

[10:35:21.382 CUBESAT]
TS=1786205734.560
PG_5=1
PG_9=0
PG_12=0
FLT_P2=0
FLT_P3=0
HEAT_1_TEMP=0.0
HEAT_1_DUTY=0
HEAT_1_SP=-20.0
ENC_RAW=10008
ENC_ANGLE=219.90234375
ENC_ACCUM=0.0
AUTO_STOP=1
MOTOR_ANGLE=-0.008372093023255813
MOTOR_ACCUM=-27.21767441860465
MOTOR_ROT=-52

[10:35:21.900 EBOX]
TS=1786204406.551
V_SENSE5=1.2548828125
V_SENSE9=0.0390625
V_SENSE12=0.13916015625
ADC_V5=4.9737548828125
ADC_V9=9.17755126953125
ADC_V12=11.93878173828125
ADC_V28=27.33795166015625
THERMAL_SENS_OUT_1=30
THERMAL_SENS_OUT_2=-50
THERMAL_SENS_OUT_3=30
THERMAL_SENS_OUT_4=30
THERMAL_SENS_OUT_5=30
THERMAL_SENS_OUT_6=-50
THERMAL_SENS_INT_1=26
THERMAL_SENS_INT_2=28
PG_5=0
PG_9=0
PG_12=0
FLT_P2=0
FLT_P3=0
HEAT_1_TEMP=30
HEAT_1_DUTY=0
HEAT_1_SP=-20.0
HEAT_2_TEMP=30
HEAT_2_DUTY=0
HEAT_2_SP=-20.0
HEAT_3_TEMP=30
HEAT_3_DUTY=0
HEAT_3_SP=-20.0
HEAT_4_TEMP=30
HEAT_4_DUTY=0
HEAT_4_SP=-20.0
MOTOR_ANGLE=0.002281976744186047
MOTOR_ACCUM=1.0487936046511628
MOTOR_ROT=2

[10:35:22.004 CUBESAT]
TS=1786205736.562
PG_5=1
PG_9=0
PG_12=0
FLT_P2=0
FLT_P3=0
HEAT_1_TEMP=0.0
HEAT_1_DUTY=0
HEAT_1_SP=-20.0
ENC_RAW=10008
ENC_ANGLE=219.90234375
ENC_ACCUM=0.0
AUTO_STOP=1
MOTOR_ANGLE=-0.008372093023255813
MOTOR_ACCUM=-27.21767441860465
MOTOR_ROT=-52

[10:35:24.621 CUBESAT]
TS=1786205738.564
PG_5=1
PG_9=0
PG_12=0
FLT_P2=0
FLT_P3=0
HEAT_1_TEMP=0.0
HEAT_1_DUTY=0
HEAT_1_SP=-20.0
ENC_RAW=10008
ENC_ANGLE=219.90234375
ENC_ACCUM=0.0
AUTO_STOP=1
MOTOR_ANGLE=-0.008372093023255813
MOTOR_ACCUM=-27.21767441860465
MOTOR_ROT=-52

[10:35:25.445 EBOX]
TS=1786204408.557
V_SENSE5=1.28173828125
V_SENSE9=0.07080078125
V_SENSE12=0.1123046875
ADC_V5=4.849853515625
ADC_V9=9.0093994140625
ADC_V12=11.54937744140625
ADC_V28=27.47955322265625
THERMAL_SENS_OUT_1=29
THERMAL_SENS_OUT_2=-50
THERMAL_SENS_OUT_3=29
THERMAL_SENS_OUT_4=29
THERMAL_SENS_OUT_5=32
THERMAL_SENS_OUT_6=-50
THERMAL_SENS_INT_1=22
THERMAL_SENS_INT_2=25
PG_5=0
PG_9=0
PG_12=0
FLT_P2=0
FLT_P3=0
HEAT_1_TEMP=29
HEAT_1_DUTY=0
HEAT_1_SP=-20.0
HEAT_2_TEMP=29
HEAT_2_DUTY=0
HEAT_2_SP=-20.0
HEAT_3_TEMP=29
HEAT_3_DUTY=0
HEAT_3_SP=-20.0
HEAT_4_TEMP=32
HEAT_4_DUTY=0
HEAT_4_SP=-20.0
MOTOR_ANGLE=0.002281976744186047
MOTOR_ACCUM=1.0487936046511628
MOTOR_ROT=2

[10:35:25.567 EBOX]
TS=1786204410.558
V_SENSE5=1.36474609375
V_SENSE9=0.0341796875
V_SENSE12=0.10986328125
ADC_V5=4.91180419921875
ADC_V9=9.03594970703125
ADC_V12=11.5582275390625
ADC_V28=27.32025146484375
THERMAL_SENS_OUT_1=26
THERMAL_SENS_OUT_2=-50
THERMAL_SENS_OUT_3=31
THERMAL_SENS_OUT_4=26
THERMAL_SENS_OUT_5=31
THERMAL_SENS_OUT_6=-50
THERMAL_SENS_INT_1=23
THERMAL_SENS_INT_2=26
PG_5=0
PG_9=0
PG_12=0
FLT_P2=0
FLT_P3=0
HEAT_1_TEMP=26
HEAT_1_DUTY=0
HEAT_1_SP=-20.0
HEAT_2_TEMP=31
HEAT_2_DUTY=0
HEAT_2_SP=-20.0
HEAT_3_TEMP=26
HEAT_3_DUTY=0
HEAT_3_SP=-20.0
HEAT_4_TEMP=31
HEAT_4_DUTY=0
HEAT_4_SP=-20.0
MOTOR_ANGLE=0.002281976744186047
MOTOR_ACCUM=1.0487936046511628
MOTOR_ROT=2

[10:35:25.672 CUBESAT]
TS=1786205740.566
PG_5=1
PG_9=0
PG_12=0
FLT_P2=0
FLT_P3=0
HEAT_1_TEMP=0.0
HEAT_1_DUTY=0
HEAT_1_SP=-20.0
ENC_RAW=10007
ENC_ANGLE=219.88037109375
ENC_ACCUM=-0.02197265625
AUTO_STOP=1
MOTOR_ANGLE=-0.008372093023255813
MOTOR_ACCUM=-27.21767441860465
MOTOR_ROT=-52

[10:35:27.530 EBOX]
TS=1786204412.558
V_SENSE5=1.2890625
V_SENSE9=0.03662109375
V_SENSE12=0.126953125
ADC_V5=4.89410400390625
ADC_V9=9.0447998046875
ADC_V12=11.646728515625
ADC_V28=27.364501953125
THERMAL_SENS_OUT_1=25
THERMAL_SENS_OUT_2=-50
THERMAL_SENS_OUT_3=32
THERMAL_SENS_OUT_4=29
THERMAL_SENS_OUT_5=31
THERMAL_SENS_OUT_6=-50
THERMAL_SENS_INT_1=25
THERMAL_SENS_INT_2=25
PG_5=0
PG_9=0
PG_12=0
FLT_P2=0
FLT_P3=0
HEAT_1_TEMP=25
HEAT_1_DUTY=0
HEAT_1_SP=-20.0
HEAT_2_TEMP=32
HEAT_2_DUTY=0
HEAT_2_SP=-20.0
HEAT_3_TEMP=29
HEAT_3_DUTY=0
HEAT_3_SP=-20.0
HEAT_4_TEMP=31
HEAT_4_DUTY=0
HEAT_4_SP=-20.0
MOTOR_ANGLE=0.0030377906976744185
MOTOR_ACCUM=1.0495494186046512
MOTOR_ROT=2

[10:35:27.658 CUBESAT]
TS=1786205742.569
PG_5=1
PG_9=0
PG_12=0
FLT_P2=0
FLT_P3=0
HEAT_1_TEMP=0.0
HEAT_1_DUTY=10
HEAT_1_SP=-20.0
ENC_RAW=10011
ENC_ANGLE=219.96826171875
ENC_ACCUM=0.06591796875
AUTO_STOP=1
MOTOR_ANGLE=-0.008372093023255813
MOTOR_ACCUM=-27.21767441860465
MOTOR_ROT=-52

[10:35:29.700 EBOX]
TS=1786204414.566
V_SENSE5=1.30859375
V_SENSE9=0.04150390625
V_SENSE12=0.11962890625
ADC_V5=4.9560546875
ADC_V9=9.47845458984375
ADC_V12=11.60247802734375
ADC_V28=27.65655517578125
THERMAL_SENS_OUT_1=28
THERMAL_SENS_OUT_2=-50
THERMAL_SENS_OUT_3=31
THERMAL_SENS_OUT_4=25
THERMAL_SENS_OUT_5=32
THERMAL_SENS_OUT_6=-50
THERMAL_SENS_INT_1=23
THERMAL_SENS_INT_2=26
PG_5=0
PG_9=0
PG_12=0
FLT_P2=0
FLT_P3=0
HEAT_1_TEMP=28
HEAT_1_DUTY=0
HEAT_1_SP=-20.0
HEAT_2_TEMP=31
HEAT_2_DUTY=0
HEAT_2_SP=-20.0
HEAT_3_TEMP=25
HEAT_3_DUTY=0
HEAT_3_SP=-20.0
HEAT_4_TEMP=32
HEAT_4_DUTY=0
HEAT_4_SP=-20.0
MOTOR_ANGLE=0.002281976744186047
MOTOR_ACCUM=1.0487936046511628
MOTOR_ROT=2

[10:35:30.408 CUBESAT]
TS=1786205744.571
PG_5=1
PG_9=0
PG_12=0
FLT_P2=0
FLT_P3=0
HEAT_1_TEMP=0.0
HEAT_1_DUTY=0
HEAT_1_SP=-20.0
ENC_RAW=10008
ENC_ANGLE=219.90234375
ENC_ACCUM=0.0
AUTO_STOP=1
MOTOR_ANGLE=-0.008372093023255813
MOTOR_ACCUM=-27.21767441860465
MOTOR_ROT=-52

[10:35:31.839 EBOX]
TS=1786204416.569
V_SENSE5=1.2255859375
V_SENSE9=0.0390625
V_SENSE12=0.12451171875
ADC_V5=4.98260498046875
ADC_V9=9.46075439453125
ADC_V12=11.7529296875
ADC_V28=27.4530029296875
THERMAL_SENS_OUT_1=27
THERMAL_SENS_OUT_2=-50
THERMAL_SENS_OUT_3=31
THERMAL_SENS_OUT_4=25
THERMAL_SENS_OUT_5=32
THERMAL_SENS_OUT_6=-50
THERMAL_SENS_INT_1=26
THERMAL_SENS_INT_2=25
PG_5=0
PG_9=0
PG_12=0
FLT_P2=0
FLT_P3=0
HEAT_1_TEMP=27
HEAT_1_DUTY=0
HEAT_1_SP=-20.0
HEAT_2_TEMP=31
HEAT_2_DUTY=0
HEAT_2_SP=-20.0
HEAT_3_TEMP=25
HEAT_3_DUTY=0
HEAT_3_SP=-20.0
HEAT_4_TEMP=32
HEAT_4_DUTY=0
HEAT_4_SP=-20.0
MOTOR_ANGLE=0.002281976744186047
MOTOR_ACCUM=1.0487936046511628
MOTOR_ROT=2

[10:35:31.842 CUBESAT]
TS=1786205746.573
PG_5=1
PG_9=0
PG_12=0
FLT_P2=0
FLT_P3=0
HEAT_1_TEMP=0.0
HEAT_1_DUTY=0
HEAT_1_SP=-20.0
ENC_RAW=10008
ENC_ANGLE=219.90234375
ENC_ACCUM=0.0
AUTO_STOP=1
MOTOR_ANGLE=-0.008372093023255813
MOTOR_ACCUM=-27.21767441860465
MOTOR_ROT=-52

[10:35:33.657 CUBESAT]
TS=1786205748.575
PG_5=1
PG_9=0
PG_12=0
FLT_P2=0
FLT_P3=0
HEAT_1_TEMP=0.0
HEAT_1_DUTY=0
HEAT_1_SP=-20.0
ENC_RAW=10008
ENC_ANGLE=219.90234375
ENC_ACCUM=0.0
AUTO_STOP=1
MOTOR_ANGLE=-0.008372093023255813
MOTOR_ACCUM=-27.21767441860465
MOTOR_ROT=-52

[10:35:34.278 EBOX]
TS=1786204418.578
V_SENSE5=1.1865234375
V_SENSE9=0.0390625
V_SENSE12=0.107421875
ADC_V5=4.98260498046875
ADC_V9=8.9739990234375
ADC_V12=11.81488037109375
ADC_V28=27.72735595703125
THERMAL_SENS_OUT_1=30
THERMAL_SENS_OUT_2=-50
THERMAL_SENS_OUT_3=30
THERMAL_SENS_OUT_4=25
THERMAL_SENS_OUT_5=35
THERMAL_SENS_OUT_6=-50
THERMAL_SENS_INT_1=24
THERMAL_SENS_INT_2=23
PG_5=0
PG_9=0
PG_12=0
FLT_P2=0
FLT_P3=0
HEAT_1_TEMP=30
HEAT_1_DUTY=0
HEAT_1_SP=-20.0
HEAT_2_TEMP=30
HEAT_2_DUTY=0
HEAT_2_SP=-20.0
HEAT_3_TEMP=25
HEAT_3_DUTY=0
HEAT_3_SP=-20.0
HEAT_4_TEMP=35
HEAT_4_DUTY=0
HEAT_4_SP=-20.0
MOTOR_ANGLE=0.002281976744186047
MOTOR_ACCUM=1.0487936046511628
MOTOR_ROT=2

[10:35:35.508 EBOX]
TS=1786204420.576
V_SENSE5=1.3916015625
V_SENSE9=0.0390625
V_SENSE12=0.1220703125
ADC_V5=4.9560546875
ADC_V9=9.2572021484375
ADC_V12=11.63787841796875
ADC_V28=27.74505615234375
THERMAL_SENS_OUT_1=28
THERMAL_SENS_OUT_2=-50
THERMAL_SENS_OUT_3=28
THERMAL_SENS_OUT_4=28
THERMAL_SENS_OUT_5=29
THERMAL_SENS_OUT_6=-50
THERMAL_SENS_INT_1=27
THERMAL_SENS_INT_2=27
PG_5=0
PG_9=0
PG_12=0
FLT_P2=0
FLT_P3=0
HEAT_1_TEMP=28
HEAT_1_DUTY=0
HEAT_1_SP=-20.0
HEAT_2_TEMP=28
HEAT_2_DUTY=0
HEAT_2_SP=-20.0
HEAT_3_TEMP=28
HEAT_3_DUTY=0
HEAT_3_SP=-20.0
HEAT_4_TEMP=29
HEAT_4_DUTY=0
HEAT_4_SP=-20.0
MOTOR_ANGLE=0.0030377906976744185
MOTOR_ACCUM=1.0495494186046512
MOTOR_ROT=2

[10:35:35.512 CUBESAT]
TS=1786205750.577
PG_5=1
PG_9=0
PG_12=0
FLT_P2=0
FLT_P3=0
HEAT_1_TEMP=0.0
HEAT_1_DUTY=0
HEAT_1_SP=-20.0
ENC_RAW=10006
ENC_ANGLE=219.8583984375
ENC_ACCUM=-0.0439453125
AUTO_STOP=1
MOTOR_ANGLE=-0.008372093023255813
MOTOR_ACCUM=-27.21767441860465
MOTOR_ROT=-52

[10:35:37.544 EBOX]
TS=1786204422.579
V_SENSE5=1.220703125
V_SENSE9=0.03662109375
V_SENSE12=0.12451171875
ADC_V5=4.8675537109375
ADC_V9=9.0093994140625
ADC_V12=11.93878173828125
ADC_V28=27.53265380859375
THERMAL_SENS_OUT_1=30
THERMAL_SENS_OUT_2=-50
THERMAL_SENS_OUT_3=34
THERMAL_SENS_OUT_4=29
THERMAL_SENS_OUT_5=34
THERMAL_SENS_OUT_6=-50
THERMAL_SENS_INT_1=25
THERMAL_SENS_INT_2=27
PG_5=0
PG_9=0
PG_12=0
FLT_P2=0
FLT_P3=0
HEAT_1_TEMP=30
HEAT_1_DUTY=0
HEAT_1_SP=-20.0
HEAT_2_TEMP=34
HEAT_2_DUTY=0
HEAT_2_SP=-20.0
HEAT_3_TEMP=29
HEAT_3_DUTY=0
HEAT_3_SP=-20.0
HEAT_4_TEMP=34
HEAT_4_DUTY=0
HEAT_4_SP=-20.0
MOTOR_ANGLE=0.002281976744186047
MOTOR_ACCUM=1.0487936046511628
MOTOR_ROT=2

[10:35:38.152 CUBESAT]
TS=1786205752.578
PG_5=1
PG_9=0
PG_12=0
FLT_P2=0
FLT_P3=0
HEAT_1_TEMP=0.0
HEAT_1_DUTY=10
HEAT_1_SP=-20.0
ENC_RAW=10008
ENC_ANGLE=219.90234375
ENC_ACCUM=0.0
AUTO_STOP=1
MOTOR_ANGLE=-0.008372093023255813
MOTOR_ACCUM=-27.21767441860465
MOTOR_ROT=-52

[10:35:39.565 CUBESAT]
TS=1786205754.580
PG_5=1
PG_9=0
PG_12=0
FLT_P2=0
FLT_P3=0
HEAT_1_TEMP=0.0
HEAT_1_DUTY=0
HEAT_1_SP=-20.0
ENC_RAW=10009
ENC_ANGLE=219.92431640625
ENC_ACCUM=0.02197265625
AUTO_STOP=1
MOTOR_ANGLE=-0.008372093023255813
MOTOR_ACCUM=-27.21767441860465
MOTOR_ROT=-52

[10:35:40.183 EBOX]
TS=1786204424.582
V_SENSE5=1.220703125
V_SENSE9=0.0390625
V_SENSE12=0.1220703125
ADC_V5=4.92950439453125
ADC_V9=9.0093994140625
ADC_V12=12.00958251953125
ADC_V28=26.98394775390625
THERMAL_SENS_OUT_1=25
THERMAL_SENS_OUT_2=-50
THERMAL_SENS_OUT_3=33
THERMAL_SENS_OUT_4=26
THERMAL_SENS_OUT_5=31
THERMAL_SENS_OUT_6=-50
THERMAL_SENS_INT_1=25
THERMAL_SENS_INT_2=24
PG_5=0
PG_9=0
PG_12=0
FLT_P2=0
FLT_P3=0
HEAT_1_TEMP=25
HEAT_1_DUTY=0
HEAT_1_SP=-20.0
HEAT_2_TEMP=33
HEAT_2_DUTY=0
HEAT_2_SP=-20.0
HEAT_3_TEMP=26
HEAT_3_DUTY=0
HEAT_3_SP=-20.0
HEAT_4_TEMP=31
HEAT_4_DUTY=0
HEAT_4_SP=-20.0
MOTOR_ANGLE=0.002281976744186047
MOTOR_ACCUM=1.0487936046511628
MOTOR_ROT=2

[10:35:41.624 EBOX]
TS=1786204426.589
V_SENSE5=1.1962890625
V_SENSE9=0.0390625
V_SENSE12=0.126953125
ADC_V5=4.98260498046875
ADC_V9=9.4342041015625
ADC_V12=11.95648193359375
ADC_V28=27.5592041015625
THERMAL_SENS_OUT_1=30
THERMAL_SENS_OUT_2=-50
THERMAL_SENS_OUT_3=32
THERMAL_SENS_OUT_4=25
THERMAL_SENS_OUT_5=32
THERMAL_SENS_OUT_6=-50
THERMAL_SENS_INT_1=27
THERMAL_SENS_INT_2=28
PG_5=0
PG_9=0
PG_12=0
FLT_P2=0
FLT_P3=0
HEAT_1_TEMP=30
HEAT_1_DUTY=0
HEAT_1_SP=-20.0
HEAT_2_TEMP=32
HEAT_2_DUTY=0
HEAT_2_SP=-20.0
HEAT_3_TEMP=25
HEAT_3_DUTY=0
HEAT_3_SP=-20.0
HEAT_4_TEMP=32
HEAT_4_DUTY=0
HEAT_4_SP=-20.0
MOTOR_ANGLE=0.002281976744186047
MOTOR_ACCUM=1.0487936046511628
MOTOR_ROT=2

[10:35:41.728 CUBESAT]
TS=1786205756.581
PG_5=1
PG_9=0
PG_12=0
FLT_P2=0
FLT_P3=0
HEAT_1_TEMP=0.0
HEAT_1_DUTY=0
HEAT_1_SP=-20.0
ENC_RAW=10007
ENC_ANGLE=219.88037109375
ENC_ACCUM=-0.02197265625
AUTO_STOP=1
MOTOR_ANGLE=-0.008372093023255813
MOTOR_ACCUM=-27.21767441860465
MOTOR_ROT=-52

[10:35:43.781 EBOX]
TS=1786204428.591
V_SENSE5=1.20849609375
V_SENSE9=0.0390625
V_SENSE12=0.1171875
ADC_V5=4.9383544921875
ADC_V9=9.5050048828125
ADC_V12=11.86798095703125
ADC_V28=27.83355712890625
THERMAL_SENS_OUT_1=26
THERMAL_SENS_OUT_2=-50
THERMAL_SENS_OUT_3=32
THERMAL_SENS_OUT_4=25
THERMAL_SENS_OUT_5=31
THERMAL_SENS_OUT_6=-50
THERMAL_SENS_INT_1=28
THERMAL_SENS_INT_2=26
PG_5=0
PG_9=0
PG_12=0
FLT_P2=0
FLT_P3=0
HEAT_1_TEMP=26
HEAT_1_DUTY=0
HEAT_1_SP=-20.0
HEAT_2_TEMP=32
HEAT_2_DUTY=0
HEAT_2_SP=-20.0
HEAT_3_TEMP=25
HEAT_3_DUTY=0
HEAT_3_SP=-20.0
HEAT_4_TEMP=31
HEAT_4_DUTY=0
HEAT_4_SP=-20.0
MOTOR_ANGLE=0.002281976744186047
MOTOR_ACCUM=1.0487936046511628
MOTOR_ROT=2

[10:35:43.988 CUBESAT]
TS=1786205758.583
PG_5=1
PG_9=0
PG_12=0
FLT_P2=0
FLT_P3=0
HEAT_1_TEMP=0.0
HEAT_1_DUTY=0
HEAT_1_SP=-20.0
ENC_RAW=10004
ENC_ANGLE=219.814453125
ENC_ACCUM=-0.087890625
AUTO_STOP=1
MOTOR_ANGLE=-0.008372093023255813
MOTOR_ACCUM=-27.21767441860465
MOTOR_ROT=-52

[10:35:45.617 EBOX]
TS=1786204430.593
V_SENSE5=1.23046875
V_SENSE9=0.0390625
V_SENSE12=0.126953125
ADC_V5=4.88525390625
ADC_V9=9.451904296875
ADC_V12=11.62017822265625
ADC_V28=27.78045654296875
THERMAL_SENS_OUT_1=28
THERMAL_SENS_OUT_2=-50
THERMAL_SENS_OUT_3=28
THERMAL_SENS_OUT_4=30
THERMAL_SENS_OUT_5=31
THERMAL_SENS_OUT_6=-50
THERMAL_SENS_INT_1=28
THERMAL_SENS_INT_2=28
PG_5=0
PG_9=0
PG_12=0
FLT_P2=0
FLT_P3=0
HEAT_1_TEMP=28
HEAT_1_DUTY=0
HEAT_1_SP=-20.0
HEAT_2_TEMP=28
HEAT_2_DUTY=0
HEAT_2_SP=-20.0
HEAT_3_TEMP=30
HEAT_3_DUTY=0
HEAT_3_SP=-20.0
HEAT_4_TEMP=31
HEAT_4_DUTY=0
HEAT_4_SP=-20.0
MOTOR_ANGLE=0.0030377906976744185
MOTOR_ACCUM=1.0495494186046512
MOTOR_ROT=2

[10:35:46.226 CUBESAT]
TS=1786205760.585
PG_5=1
PG_9=0
PG_12=0
FLT_P2=0
FLT_P3=0
HEAT_1_TEMP=0.0
HEAT_1_DUTY=0
HEAT_1_SP=-20.0
ENC_RAW=10009
ENC_ANGLE=219.92431640625
ENC_ACCUM=0.02197265625
AUTO_STOP=1
MOTOR_ANGLE=-0.008372093023255813
MOTOR_ACCUM=-27.21767441860465
MOTOR_ROT=-52

[10:35:47.535 CUBESAT]
TS=1786205762.585
PG_5=1
PG_9=0
PG_12=0
FLT_P2=0
FLT_P3=0
HEAT_1_TEMP=0.0
HEAT_1_DUTY=0
HEAT_1_SP=-20.0
ENC_RAW=10008
ENC_ANGLE=219.90234375
ENC_ACCUM=0.0
AUTO_STOP=1
MOTOR_ANGLE=-0.008372093023255813
MOTOR_ACCUM=-27.21767441860465
MOTOR_ROT=-52

[10:35:48.155 EBOX]
TS=1786204432.596
V_SENSE5=1.33544921875
V_SENSE9=0.04150390625
V_SENSE12=0.1025390625
ADC_V5=4.9737548828125
ADC_V9=9.10675048828125
ADC_V12=11.76177978515625
ADC_V28=27.37335205078125
THERMAL_SENS_OUT_1=26
THERMAL_SENS_OUT_2=-50
THERMAL_SENS_OUT_3=28
THERMAL_SENS_OUT_4=26
THERMAL_SENS_OUT_5=32
THERMAL_SENS_OUT_6=-50
THERMAL_SENS_INT_1=27
THERMAL_SENS_INT_2=29
PG_5=0
PG_9=0
PG_12=0
FLT_P2=0
FLT_P3=0
HEAT_1_TEMP=26
HEAT_1_DUTY=0
HEAT_1_SP=-20.0
HEAT_2_TEMP=28
HEAT_2_DUTY=0
HEAT_2_SP=-20.0
HEAT_3_TEMP=26
HEAT_3_DUTY=0
HEAT_3_SP=-20.0
HEAT_4_TEMP=32
HEAT_4_DUTY=0
HEAT_4_SP=-20.0
MOTOR_ANGLE=0.0030377906976744185
MOTOR_ACCUM=1.0495494186046512
MOTOR_ROT=2

[10:35:49.686 EBOX]
TS=1786204434.599
V_SENSE5=1.1962890625
V_SENSE9=0.0341796875
V_SENSE12=0.10498046875
ADC_V5=4.96490478515625
ADC_V9=9.28375244140625
ADC_V12=11.77947998046875
ADC_V28=27.39105224609375
THERMAL_SENS_OUT_1=29
THERMAL_SENS_OUT_2=-50
THERMAL_SENS_OUT_3=28
THERMAL_SENS_OUT_4=25
THERMAL_SENS_OUT_5=30
THERMAL_SENS_OUT_6=-50
THERMAL_SENS_INT_1=24
THERMAL_SENS_INT_2=27
PG_5=0
PG_9=0
PG_12=0
FLT_P2=0
FLT_P3=0
HEAT_1_TEMP=29
HEAT_1_DUTY=0
HEAT_1_SP=-20.0
HEAT_2_TEMP=28
HEAT_2_DUTY=0
HEAT_2_SP=-20.0
HEAT_3_TEMP=25
HEAT_3_DUTY=0
HEAT_3_SP=-20.0
HEAT_4_TEMP=30
HEAT_4_DUTY=0
HEAT_4_SP=-20.0
MOTOR_ANGLE=0.002281976744186047
MOTOR_ACCUM=1.0487936046511628
MOTOR_ROT=2

[10:35:49.690 CUBESAT]
TS=1786205764.587
PG_5=1
PG_9=0
PG_12=0
FLT_P2=0
FLT_P3=0
HEAT_1_TEMP=0.0
HEAT_1_DUTY=0
HEAT_1_SP=-20.0
ENC_RAW=10008
ENC_ANGLE=219.90234375
ENC_ACCUM=0.0
AUTO_STOP=1
MOTOR_ANGLE=-0.008372093023255813
MOTOR_ACCUM=-27.21767441860465
MOTOR_ROT=-52

[10:35:51.605 CUBESAT]
TS=1786205766.589
PG_5=1
PG_9=0
PG_12=0
FLT_P2=0
FLT_P3=0
HEAT_1_TEMP=0.0
HEAT_1_DUTY=0
HEAT_1_SP=-20.0
ENC_RAW=10007
ENC_ANGLE=219.88037109375
ENC_ACCUM=-0.02197265625
AUTO_STOP=1
MOTOR_ANGLE=-0.008372093023255813
MOTOR_ACCUM=-27.21767441860465
MOTOR_ROT=-52

[10:35:52.125 EBOX]
TS=1786204436.602
V_SENSE5=1.29150390625
V_SENSE9=0.04150390625
V_SENSE12=0.1171875
ADC_V5=4.85870361328125
ADC_V9=9.027099609375
ADC_V12=11.85028076171875
ADC_V28=27.39990234375
THERMAL_SENS_OUT_1=24
THERMAL_SENS_OUT_2=-50
THERMAL_SENS_OUT_3=33
THERMAL_SENS_OUT_4=27
THERMAL_SENS_OUT_5=30
THERMAL_SENS_OUT_6=-50
THERMAL_SENS_INT_1=25
THERMAL_SENS_INT_2=27
PG_5=0
PG_9=0
PG_12=0
FLT_P2=0
FLT_P3=0
HEAT_1_TEMP=24
HEAT_1_DUTY=0
HEAT_1_SP=-20.0
HEAT_2_TEMP=33
HEAT_2_DUTY=0
HEAT_2_SP=-20.0
HEAT_3_TEMP=27
HEAT_3_DUTY=0
HEAT_3_SP=-20.0
HEAT_4_TEMP=30
HEAT_4_DUTY=0
HEAT_4_SP=-20.0
MOTOR_ANGLE=0.002281976744186047
MOTOR_ACCUM=1.0487936046511628
MOTOR_ROT=2

[10:35:54.043 CUBESAT]
TS=1786205768.592
PG_5=1
PG_9=0
PG_12=0
FLT_P2=0
FLT_P3=0
HEAT_1_TEMP=0.0
HEAT_1_DUTY=10
HEAT_1_SP=-20.0
ENC_RAW=10009
ENC_ANGLE=219.92431640625
ENC_ACCUM=0.02197265625
AUTO_STOP=1
MOTOR_ANGLE=-0.008372093023255813
MOTOR_ACCUM=-27.21767441860465
MOTOR_ROT=-52

[10:35:54.362 EBOX]
TS=1786204438.607
V_SENSE5=1.23291015625
V_SENSE9=0.03173828125
V_SENSE12=0.1318359375
ADC_V5=5.0091552734375
ADC_V9=9.1864013671875
ADC_V12=11.85028076171875
ADC_V28=27.860107421875
THERMAL_SENS_OUT_1=30
THERMAL_SENS_OUT_2=-50
THERMAL_SENS_OUT_3=34
THERMAL_SENS_OUT_4=26
THERMAL_SENS_OUT_5=31
THERMAL_SENS_OUT_6=-50
THERMAL_SENS_INT_1=28
THERMAL_SENS_INT_2=28
PG_5=0
PG_9=0
PG_12=0
FLT_P2=0
FLT_P3=0
HEAT_1_TEMP=30
HEAT_1_DUTY=0
HEAT_1_SP=-20.0
HEAT_2_TEMP=34
HEAT_2_DUTY=0
HEAT_2_SP=-20.0
HEAT_3_TEMP=26
HEAT_3_DUTY=0
HEAT_3_SP=-20.0
HEAT_4_TEMP=31
HEAT_4_DUTY=0
HEAT_4_SP=-20.0
MOTOR_ANGLE=0.002281976744186047
MOTOR_ACCUM=1.0487936046511628
MOTOR_ROT=2

[10:35:55.709 EBOX]
TS=1786204440.606
V_SENSE5=1.24755859375
V_SENSE9=0.0341796875
V_SENSE12=0.14404296875
ADC_V5=4.991455078125
ADC_V9=9.05364990234375
ADC_V12=11.6644287109375
ADC_V28=27.3291015625
THERMAL_SENS_OUT_1=26
THERMAL_SENS_OUT_2=-50
THERMAL_SENS_OUT_3=33
THERMAL_SENS_OUT_4=25
THERMAL_SENS_OUT_5=29
THERMAL_SENS_OUT_6=-50
THERMAL_SENS_INT_1=23
THERMAL_SENS_INT_2=26
PG_5=0
PG_9=0
PG_12=0
FLT_P2=0
FLT_P3=0
HEAT_1_TEMP=26
HEAT_1_DUTY=0
HEAT_1_SP=-20.0
HEAT_2_TEMP=33
HEAT_2_DUTY=0
HEAT_2_SP=-20.0
HEAT_3_TEMP=25
HEAT_3_DUTY=0
HEAT_3_SP=-20.0
HEAT_4_TEMP=29
HEAT_4_DUTY=0
HEAT_4_SP=-20.0
MOTOR_ANGLE=0.0030377906976744185
MOTOR_ACCUM=1.0495494186046512
MOTOR_ROT=2

[10:35:55.814 CUBESAT]
TS=1786205770.594
PG_5=1
PG_9=0
PG_12=0
FLT_P2=0
FLT_P3=0
HEAT_1_TEMP=0.0
HEAT_1_DUTY=0
HEAT_1_SP=-20.0
ENC_RAW=10009
ENC_ANGLE=219.92431640625
ENC_ACCUM=0.02197265625
AUTO_STOP=1
MOTOR_ANGLE=-0.008372093023255813
MOTOR_ACCUM=-27.21767441860465
MOTOR_ROT=-52

[10:35:57.845 EBOX]
TS=1786204442.615
V_SENSE5=1.31591796875
V_SENSE9=0.0390625
V_SENSE12=0.15380859375
ADC_V5=4.9737548828125
ADC_V9=8.7969970703125
ADC_V12=11.8768310546875
ADC_V28=27.67425537109375
THERMAL_SENS_OUT_1=25
THERMAL_SENS_OUT_2=-50
THERMAL_SENS_OUT_3=29
THERMAL_SENS_OUT_4=26
THERMAL_SENS_OUT_5=31
THERMAL_SENS_OUT_6=-50
THERMAL_SENS_INT_1=25
THERMAL_SENS_INT_2=26
PG_5=0
PG_9=0
PG_12=0
FLT_P2=0
FLT_P3=0
HEAT_1_TEMP=25
HEAT_1_DUTY=0
HEAT_1_SP=-20.0
HEAT_2_TEMP=29
HEAT_2_DUTY=0
HEAT_2_SP=-20.0
HEAT_3_TEMP=26
HEAT_3_DUTY=0
HEAT_3_SP=-20.0
HEAT_4_TEMP=31
HEAT_4_DUTY=0
HEAT_4_SP=-20.0
MOTOR_ANGLE=0.002281976744186047
MOTOR_ACCUM=1.0487936046511628
MOTOR_ROT=2

[10:35:57.949 CUBESAT]
TS=1786205772.596
PG_5=1
PG_9=0
PG_12=0
FLT_P2=0
FLT_P3=0
HEAT_1_TEMP=0.0
HEAT_1_DUTY=0
HEAT_1_SP=-20.0
ENC_RAW=10008
ENC_ANGLE=219.90234375
ENC_ACCUM=0.0
AUTO_STOP=1
MOTOR_ANGLE=-0.008372093023255813
MOTOR_ACCUM=-27.21767441860465
MOTOR_ROT=-52

[10:35:59.981 EBOX]
TS=1786204444.616
V_SENSE5=1.35498046875
V_SENSE9=0.0390625
V_SENSE12=0.1318359375
ADC_V5=4.991455078125
ADC_V9=9.451904296875
ADC_V12=11.79718017578125
ADC_V28=27.32025146484375
THERMAL_SENS_OUT_1=29
THERMAL_SENS_OUT_2=-50
THERMAL_SENS_OUT_3=33
THERMAL_SENS_OUT_4=26
THERMAL_SENS_OUT_5=30
THERMAL_SENS_OUT_6=-50
THERMAL_SENS_INT_1=28
THERMAL_SENS_INT_2=25
PG_5=0
PG_9=0
PG_12=0
FLT_P2=0
FLT_P3=0
HEAT_1_TEMP=29
HEAT_1_DUTY=0
HEAT_1_SP=-20.0
HEAT_2_TEMP=33
HEAT_2_DUTY=0
HEAT_2_SP=-20.0
HEAT_3_TEMP=26
HEAT_3_DUTY=0
HEAT_3_SP=-20.0
HEAT_4_TEMP=30
HEAT_4_DUTY=0
HEAT_4_SP=-20.0
MOTOR_ANGLE=0.002281976744186047
MOTOR_ACCUM=1.0487936046511628
MOTOR_ROT=2

[10:35:59.986 CUBESAT]
TS=1786205774.598
PG_5=1
PG_9=0
PG_12=0
FLT_P2=0
FLT_P3=0
HEAT_1_TEMP=0.0
HEAT_1_DUTY=0
HEAT_1_SP=-20.0
ENC_RAW=10008
ENC_ANGLE=219.90234375
ENC_ACCUM=0.0
AUTO_STOP=1
MOTOR_ANGLE=-0.008372093023255813
MOTOR_ACCUM=-27.21767441860465
MOTOR_ROT=-52

[10:36:02.154 EBOX]
TS=1786204446.618
V_SENSE5=1.28173828125
V_SENSE9=0.0341796875
V_SENSE12=0.12939453125
ADC_V5=4.9737548828125
ADC_V9=9.40765380859375
ADC_V12=11.82373046875
ADC_V28=27.05474853515625
THERMAL_SENS_OUT_1=24
THERMAL_SENS_OUT_2=-50
THERMAL_SENS_OUT_3=34
THERMAL_SENS_OUT_4=27
THERMAL_SENS_OUT_5=31
THERMAL_SENS_OUT_6=-50
THERMAL_SENS_INT_1=24
THERMAL_SENS_INT_2=26
PG_5=0
PG_9=0
PG_12=0
FLT_P2=0
FLT_P3=0
HEAT_1_TEMP=24
HEAT_1_DUTY=0
HEAT_1_SP=-20.0
HEAT_2_TEMP=34
HEAT_2_DUTY=0
HEAT_2_SP=-20.0
HEAT_3_TEMP=27
HEAT_3_DUTY=0
HEAT_3_SP=-20.0
HEAT_4_TEMP=31
HEAT_4_DUTY=0
HEAT_4_SP=-20.0
MOTOR_ANGLE=0.002281976744186047
MOTOR_ACCUM=1.0487936046511628
MOTOR_ROT=2

[10:36:02.157 CUBESAT]
TS=1786205776.601
PG_5=1
PG_9=0
PG_12=0
FLT_P2=0
FLT_P3=0
HEAT_1_TEMP=0.0
HEAT_1_DUTY=0
HEAT_1_SP=-20.0
ENC_RAW=10005
ENC_ANGLE=219.83642578125
ENC_ACCUM=-0.06591796875
AUTO_STOP=1
MOTOR_ANGLE=-0.008372093023255813
MOTOR_ACCUM=-27.21767441860465
MOTOR_ROT=-52

[10:36:04.200 EBOX]
TS=1786204448.625
V_SENSE5=1.318359375
V_SENSE9=0.0341796875
V_SENSE12=0.126953125
ADC_V5=4.88525390625
ADC_V9=9.28375244140625
ADC_V12=11.53167724609375
ADC_V28=27.39990234375
THERMAL_SENS_OUT_1=26
THERMAL_SENS_OUT_2=-50
THERMAL_SENS_OUT_3=30
THERMAL_SENS_OUT_4=29
THERMAL_SENS_OUT_5=30
THERMAL_SENS_OUT_6=-50
THERMAL_SENS_INT_1=24
THERMAL_SENS_INT_2=29
PG_5=0
PG_9=0
PG_12=0
FLT_P2=0
FLT_P3=0
HEAT_1_TEMP=26
HEAT_1_DUTY=0
HEAT_1_SP=-20.0
HEAT_2_TEMP=30
HEAT_2_DUTY=0
HEAT_2_SP=-20.0
HEAT_3_TEMP=29
HEAT_3_DUTY=0
HEAT_3_SP=-20.0
HEAT_4_TEMP=30
HEAT_4_DUTY=0
HEAT_4_SP=-20.0
MOTOR_ANGLE=0.0030377906976744185
MOTOR_ACCUM=1.0495494186046512
MOTOR_ROT=2

[10:36:04.203 CUBESAT]
TS=1786205778.602
PG_5=1
PG_9=0
PG_12=0
FLT_P2=0
FLT_P3=0
HEAT_1_TEMP=0.0
HEAT_1_DUTY=10
HEAT_1_SP=-20.0
ENC_RAW=10008
ENC_ANGLE=219.90234375
ENC_ACCUM=0.0
AUTO_STOP=1
MOTOR_ANGLE=-0.008372093023255813
MOTOR_ACCUM=-27.21767441860465
MOTOR_ROT=-52

[10:36:05.734 EBOX]
TS=1786204450.627
V_SENSE5=1.201171875
V_SENSE9=0.0341796875
V_SENSE12=0.107421875
ADC_V5=4.89410400390625
ADC_V9=9.13330078125
ADC_V12=11.68212890625
ADC_V28=27.39990234375
THERMAL_SENS_OUT_1=25
THERMAL_SENS_OUT_2=-50
THERMAL_SENS_OUT_3=32
THERMAL_SENS_OUT_4=28
THERMAL_SENS_OUT_5=30
THERMAL_SENS_OUT_6=-50
THERMAL_SENS_INT_1=28
THERMAL_SENS_INT_2=26
PG_5=0
PG_9=0
PG_12=0
FLT_P2=0
FLT_P3=0
HEAT_1_TEMP=25
HEAT_1_DUTY=0
HEAT_1_SP=-20.0
HEAT_2_TEMP=32
HEAT_2_DUTY=0
HEAT_2_SP=-20.0
HEAT_3_TEMP=28
HEAT_3_DUTY=0
HEAT_3_SP=-20.0
HEAT_4_TEMP=30
HEAT_4_DUTY=0
HEAT_4_SP=-20.0
MOTOR_ANGLE=0.0030377906976744185
MOTOR_ACCUM=1.0495494186046512
MOTOR_ROT=2

[10:36:07.978 CUBESAT]
TS=1786205780.603
PG_5=1
PG_9=0
PG_12=0
FLT_P2=0
FLT_P3=0
HEAT_1_TEMP=0.0
HEAT_1_DUTY=0
HEAT_1_SP=-20.0
ENC_RAW=10008
ENC_ANGLE=219.90234375
ENC_ACCUM=0.0
AUTO_STOP=1
MOTOR_ANGLE=-0.008372093023255813
MOTOR_ACCUM=-27.21767441860465
MOTOR_ROT=-52

[10:36:09.003 EBOX]
TS=1786204452.630
V_SENSE5=1.25
V_SENSE9=0.03173828125
V_SENSE12=0.10986328125
ADC_V5=4.991455078125
ADC_V9=8.99169921875
ADC_V12=11.8768310546875
ADC_V28=27.11669921875
THERMAL_SENS_OUT_1=25
THERMAL_SENS_OUT_2=-50
THERMAL_SENS_OUT_3=34
THERMAL_SENS_OUT_4=26
THERMAL_SENS_OUT_5=34
THERMAL_SENS_OUT_6=-50
THERMAL_SENS_INT_1=26
THERMAL_SENS_INT_2=24
PG_5=0
PG_9=0
PG_12=0
FLT_P2=0
FLT_P3=0
HEAT_1_TEMP=25
HEAT_1_DUTY=0
HEAT_1_SP=-20.0
HEAT_2_TEMP=34
HEAT_2_DUTY=0
HEAT_2_SP=-20.0
HEAT_3_TEMP=26
HEAT_3_DUTY=0
HEAT_3_SP=-20.0
HEAT_4_TEMP=34
HEAT_4_DUTY=0
HEAT_4_SP=-20.0
MOTOR_ANGLE=0.002281976744186047
MOTOR_ACCUM=1.0487936046511628
MOTOR_ROT=2

[10:36:09.433 CUBESAT]
TS=1786205782.605
PG_5=1
PG_9=0
PG_12=0
FLT_P2=0
FLT_P3=0
HEAT_1_TEMP=0.0
HEAT_1_DUTY=0
HEAT_1_SP=-20.0
ENC_RAW=10006
ENC_ANGLE=219.8583984375
ENC_ACCUM=-0.0439453125
AUTO_STOP=1
MOTOR_ANGLE=-0.008372093023255813
MOTOR_ACCUM=-27.21767441860465
MOTOR_ROT=-52

[10:36:09.630 EBOX]
TS=1786204454.632
V_SENSE5=1.44287109375
V_SENSE9=0.0390625
V_SENSE12=0.126953125
ADC_V5=4.9383544921875
ADC_V9=9.03594970703125
ADC_V12=11.611328125
ADC_V28=27.72735595703125
THERMAL_SENS_OUT_1=28
THERMAL_SENS_OUT_2=-50
THERMAL_SENS_OUT_3=33
THERMAL_SENS_OUT_4=25
THERMAL_SENS_OUT_5=33
THERMAL_SENS_OUT_6=-50
THERMAL_SENS_INT_1=23
THERMAL_SENS_INT_2=28
PG_5=0
PG_9=0
PG_12=0
FLT_P2=0
FLT_P3=0
HEAT_1_TEMP=28
HEAT_1_DUTY=0
HEAT_1_SP=-20.0
HEAT_2_TEMP=33
HEAT_2_DUTY=0
HEAT_2_SP=-20.0
HEAT_3_TEMP=25
HEAT_3_DUTY=0
HEAT_3_SP=-20.0
HEAT_4_TEMP=33
HEAT_4_DUTY=0
HEAT_4_SP=-20.0
MOTOR_ANGLE=0.002281976744186047
MOTOR_ACCUM=1.0487936046511628
MOTOR_ROT=2

[10:36:09.639 CUBESAT]
TS=1786205784.607
PG_5=1
PG_9=0
PG_12=0
FLT_P2=0
FLT_P3=0
HEAT_1_TEMP=0.0
HEAT_1_DUTY=0
HEAT_1_SP=-20.0
ENC_RAW=10004
ENC_ANGLE=219.814453125
ENC_ACCUM=-0.087890625
AUTO_STOP=1
MOTOR_ANGLE=-0.008372093023255813
MOTOR_ACCUM=-27.21767441860465
MOTOR_ROT=-52

[10:36:11.568 EBOX]
TS=1786204456.648
V_SENSE5=1.18896484375
V_SENSE9=0.0439453125
V_SENSE12=0.13671875
ADC_V5=4.91180419921875
ADC_V9=9.51385498046875
ADC_V12=11.90338134765625
ADC_V28=27.65655517578125
THERMAL_SENS_OUT_1=26
THERMAL_SENS_OUT_2=-50
THERMAL_SENS_OUT_3=29
THERMAL_SENS_OUT_4=26
THERMAL_SENS_OUT_5=31
THERMAL_SENS_OUT_6=-50
THERMAL_SENS_INT_1=26
THERMAL_SENS_INT_2=29
PG_5=0
PG_9=0
PG_12=0
FLT_P2=0
FLT_P3=0
HEAT_1_TEMP=26
HEAT_1_DUTY=0
HEAT_1_SP=-20.0
HEAT_2_TEMP=29
HEAT_2_DUTY=0
HEAT_2_SP=-20.0
HEAT_3_TEMP=26
HEAT_3_DUTY=0
HEAT_3_SP=-20.0
HEAT_4_TEMP=31
HEAT_4_DUTY=0
HEAT_4_SP=-20.0
MOTOR_ANGLE=0.002281976744186047
MOTOR_ACCUM=1.0487936046511628
MOTOR_ROT=2

[10:36:11.571 CUBESAT]
TS=1786205786.609
PG_5=1
PG_9=0
PG_12=0
FLT_P2=0
FLT_P3=0
HEAT_1_TEMP=0.0
HEAT_1_DUTY=0
HEAT_1_SP=-20.0
ENC_RAW=10008
ENC_ANGLE=219.90234375
ENC_ACCUM=0.0
AUTO_STOP=1
MOTOR_ANGLE=-0.008372093023255813
MOTOR_ACCUM=-27.21767441860465
MOTOR_ROT=-52

[10:36:13.604 EBOX]
TS=1786204458.643
V_SENSE5=1.3623046875
V_SENSE9=0.0341796875
V_SENSE12=0.13427734375
ADC_V5=4.88525390625
ADC_V9=9.451904296875
ADC_V12=11.58477783203125
ADC_V28=27.07244873046875
THERMAL_SENS_OUT_1=28
THERMAL_SENS_OUT_2=-50
THERMAL_SENS_OUT_3=28
THERMAL_SENS_OUT_4=28
THERMAL_SENS_OUT_5=32
THERMAL_SENS_OUT_6=-50
THERMAL_SENS_INT_1=25
THERMAL_SENS_INT_2=29
PG_5=0
PG_9=0
PG_12=0
FLT_P2=0
FLT_P3=0
HEAT_1_TEMP=28
HEAT_1_DUTY=0
HEAT_1_SP=-20.0
HEAT_2_TEMP=28
HEAT_2_DUTY=0
HEAT_2_SP=-20.0
HEAT_3_TEMP=28
HEAT_3_DUTY=0
HEAT_3_SP=-20.0
HEAT_4_TEMP=32
HEAT_4_DUTY=0
HEAT_4_SP=-20.0
MOTOR_ANGLE=0.0030377906976744185
MOTOR_ACCUM=1.0495494186046512
MOTOR_ROT=2

[10:36:13.607 CUBESAT]
TS=1786205788.611
PG_5=1
PG_9=0
PG_12=0
FLT_P2=0
FLT_P3=0
HEAT_1_TEMP=0.0
HEAT_1_DUTY=10
HEAT_1_SP=-20.0
ENC_RAW=10008
ENC_ANGLE=219.90234375
ENC_ACCUM=0.0
AUTO_STOP=1
MOTOR_ANGLE=-0.008372093023255813
MOTOR_ACCUM=-27.21767441860465
MOTOR_ROT=-52

[10:36:15.620 CUBESAT]
TS=1786205790.613
PG_5=1
PG_9=0
PG_12=0
FLT_P2=0
FLT_P3=0
HEAT_1_TEMP=0.0
HEAT_1_DUTY=0
HEAT_1_SP=-20.0
ENC_RAW=10008
ENC_ANGLE=219.90234375
ENC_ACCUM=0.0
AUTO_STOP=1
MOTOR_ANGLE=-0.008372093023255813
MOTOR_ACCUM=-27.21767441860465
MOTOR_ROT=-52

[10:36:16.444 EBOX]
TS=1786204460.643
V_SENSE5=1.2890625
V_SENSE9=0.0390625
V_SENSE12=0.13671875
ADC_V5=4.8675537109375
ADC_V9=9.5050048828125
ADC_V12=11.76177978515625
ADC_V28=27.54150390625
THERMAL_SENS_OUT_1=31
THERMAL_SENS_OUT_2=-50
THERMAL_SENS_OUT_3=33
THERMAL_SENS_OUT_4=26
THERMAL_SENS_OUT_5=33
THERMAL_SENS_OUT_6=-50
THERMAL_SENS_INT_1=25
THERMAL_SENS_INT_2=24
PG_5=0
PG_9=0
PG_12=0
FLT_P2=0
FLT_P3=0
HEAT_1_TEMP=31
HEAT_1_DUTY=0
HEAT_1_SP=-20.0
HEAT_2_TEMP=33
HEAT_2_DUTY=0
HEAT_2_SP=-20.0
HEAT_3_TEMP=26
HEAT_3_DUTY=0
HEAT_3_SP=-20.0
HEAT_4_TEMP=33
HEAT_4_DUTY=0
HEAT_4_SP=-20.0
MOTOR_ANGLE=0.002281976744186047
MOTOR_ACCUM=1.0487936046511628
MOTOR_ROT=2

[10:36:17.575 EBOX]
TS=1786204462.645
V_SENSE5=1.2158203125
V_SENSE9=0.0390625
V_SENSE12=0.15380859375
ADC_V5=4.91180419921875
ADC_V9=9.35455322265625
ADC_V12=11.5582275390625
ADC_V28=27.60345458984375
THERMAL_SENS_OUT_1=29
THERMAL_SENS_OUT_2=-50
THERMAL_SENS_OUT_3=33
THERMAL_SENS_OUT_4=28
THERMAL_SENS_OUT_5=30
THERMAL_SENS_OUT_6=-50
THERMAL_SENS_INT_1=23
THERMAL_SENS_INT_2=28
PG_5=0
PG_9=0
PG_12=0
FLT_P2=0
FLT_P3=0
HEAT_1_TEMP=29
HEAT_1_DUTY=0
HEAT_1_SP=-20.0
HEAT_2_TEMP=33
HEAT_2_DUTY=0
HEAT_2_SP=-20.0
HEAT_3_TEMP=28
HEAT_3_DUTY=0
HEAT_3_SP=-20.0
HEAT_4_TEMP=30
HEAT_4_DUTY=0
HEAT_4_SP=-20.0
MOTOR_ANGLE=0.002281976744186047
MOTOR_ACCUM=1.0487936046511628
MOTOR_ROT=2

[10:36:17.578 CUBESAT]
TS=1786205792.613
PG_5=1
PG_9=0
PG_12=0
FLT_P2=0
FLT_P3=0
HEAT_1_TEMP=0.0
HEAT_1_DUTY=0
HEAT_1_SP=-20.0
ENC_RAW=10007
ENC_ANGLE=219.88037109375
ENC_ACCUM=-0.02197265625
AUTO_STOP=1
MOTOR_ANGLE=-0.008372093023255813
MOTOR_ACCUM=-27.21767441860465
MOTOR_ROT=-52

[10:36:19.710 EBOX]
TS=1786204464.648
V_SENSE5=1.171875
V_SENSE9=0.04638671875
V_SENSE12=0.16357421875
ADC_V5=5.00030517578125
ADC_V9=9.17755126953125
ADC_V12=11.929931640625
ADC_V28=27.24945068359375
THERMAL_SENS_OUT_1=26
THERMAL_SENS_OUT_2=-50
THERMAL_SENS_OUT_3=28
THERMAL_SENS_OUT_4=27
THERMAL_SENS_OUT_5=33
THERMAL_SENS_OUT_6=-50
THERMAL_SENS_INT_1=23
THERMAL_SENS_INT_2=28
PG_5=0
PG_9=0
PG_12=0
FLT_P2=0
FLT_P3=0
HEAT_1_TEMP=26
HEAT_1_DUTY=0
HEAT_1_SP=-20.0
HEAT_2_TEMP=28
HEAT_2_DUTY=0
HEAT_2_SP=-20.0
HEAT_3_TEMP=27
HEAT_3_DUTY=0
HEAT_3_SP=-20.0
HEAT_4_TEMP=33
HEAT_4_DUTY=0
HEAT_4_SP=-20.0
MOTOR_ANGLE=0.002281976744186047
MOTOR_ACCUM=1.0487936046511628
MOTOR_ROT=2

[10:36:19.713 CUBESAT]
TS=1786205794.615
PG_5=1
PG_9=0
PG_12=0
FLT_P2=0
FLT_P3=0
HEAT_1_TEMP=0.0
HEAT_1_DUTY=0
HEAT_1_SP=-20.0
ENC_RAW=10009
ENC_ANGLE=219.92431640625
ENC_ACCUM=0.02197265625
AUTO_STOP=1
MOTOR_ANGLE=-0.008372093023255813
MOTOR_ACCUM=-27.21767441860465
MOTOR_ROT=-52

[10:36:21.786 EBOX]
TS=1786204466.662
V_SENSE5=1.36474609375
V_SENSE9=0.0390625
V_SENSE12=0.12451171875
ADC_V5=4.8321533203125
ADC_V9=9.24835205078125
ADC_V12=11.8768310546875
ADC_V28=27.58575439453125
THERMAL_SENS_OUT_1=30
THERMAL_SENS_OUT_2=-50
THERMAL_SENS_OUT_3=30
THERMAL_SENS_OUT_4=25
THERMAL_SENS_OUT_5=30
THERMAL_SENS_OUT_6=-50
THERMAL_SENS_INT_1=23
THERMAL_SENS_INT_2=30
PG_5=0
PG_9=0
PG_12=0
FLT_P2=0
FLT_P3=0
HEAT_1_TEMP=30
HEAT_1_DUTY=0
HEAT_1_SP=-20.0
HEAT_2_TEMP=30
HEAT_2_DUTY=0
HEAT_2_SP=-20.0
HEAT_3_TEMP=25
HEAT_3_DUTY=0
HEAT_3_SP=-20.0
HEAT_4_TEMP=30
HEAT_4_DUTY=0
HEAT_4_SP=-20.0
MOTOR_ANGLE=0.002281976744186047
MOTOR_ACCUM=1.0487936046511628
MOTOR_ROT=2

[10:36:21.792 CUBESAT]
TS=1786205796.616
PG_5=1
PG_9=0
PG_12=0
FLT_P2=0
FLT_P3=0
HEAT_1_TEMP=0.0
HEAT_1_DUTY=0
HEAT_1_SP=-20.0
ENC_RAW=10009
ENC_ANGLE=219.92431640625
ENC_ACCUM=0.02197265625
AUTO_STOP=1
MOTOR_ANGLE=-0.008372093023255813
MOTOR_ACCUM=-27.21767441860465
MOTOR_ROT=-52

[10:36:23.929 EBOX]
TS=1786204468.655
V_SENSE5=1.171875
V_SENSE9=0.03662109375
V_SENSE12=0.11474609375
ADC_V5=4.9560546875
ADC_V9=9.13330078125
ADC_V12=11.7529296875
ADC_V28=27.51495361328125
THERMAL_SENS_OUT_1=27
THERMAL_SENS_OUT_2=-50
THERMAL_SENS_OUT_3=30
THERMAL_SENS_OUT_4=27
THERMAL_SENS_OUT_5=30
THERMAL_SENS_OUT_6=-50
THERMAL_SENS_INT_1=24
THERMAL_SENS_INT_2=30
PG_5=0
PG_9=0
PG_12=0
FLT_P2=0
FLT_P3=0
HEAT_1_TEMP=27
HEAT_1_DUTY=0
HEAT_1_SP=-20.0
HEAT_2_TEMP=30
HEAT_2_DUTY=0
HEAT_2_SP=-20.0
HEAT_3_TEMP=27
HEAT_3_DUTY=0
HEAT_3_SP=-20.0
HEAT_4_TEMP=30
HEAT_4_DUTY=0
HEAT_4_SP=-20.0
MOTOR_ANGLE=0.0030377906976744185
MOTOR_ACCUM=1.0495494186046512
MOTOR_ROT=2

[10:36:23.932 CUBESAT]
TS=1786205798.616
PG_5=1
PG_9=0
PG_12=0
FLT_P2=0
FLT_P3=0
HEAT_1_TEMP=0.0
HEAT_1_DUTY=0
HEAT_1_SP=-20.0
ENC_RAW=10007
ENC_ANGLE=219.88037109375
ENC_ACCUM=-0.02197265625
AUTO_STOP=1
MOTOR_ANGLE=-0.008372093023255813
MOTOR_ACCUM=-27.21767441860465
MOTOR_ROT=-52

[10:36:25.559 EBOX]
TS=1786204470.663
V_SENSE5=1.2646484375
V_SENSE9=0.0390625
V_SENSE12=0.13916015625
ADC_V5=5.01800537109375
ADC_V9=8.9208984375
ADC_V12=11.67327880859375
ADC_V28=27.470703125
THERMAL_SENS_OUT_1=26
THERMAL_SENS_OUT_2=-50
THERMAL_SENS_OUT_3=29
THERMAL_SENS_OUT_4=30
THERMAL_SENS_OUT_5=35
THERMAL_SENS_OUT_6=-50
THERMAL_SENS_INT_1=23
THERMAL_SENS_INT_2=28
PG_5=0
PG_9=0
PG_12=0
FLT_P2=0
FLT_P3=0
HEAT_1_TEMP=26
HEAT_1_DUTY=0
HEAT_1_SP=-20.0
HEAT_2_TEMP=29
HEAT_2_DUTY=0
HEAT_2_SP=-20.0
HEAT_3_TEMP=30
HEAT_3_DUTY=0
HEAT_3_SP=-20.0
HEAT_4_TEMP=35
HEAT_4_DUTY=0
HEAT_4_SP=-20.0
MOTOR_ANGLE=0.002281976744186047
MOTOR_ACCUM=1.0487936046511628
MOTOR_ROT=2

[10:36:25.663 CUBESAT]
TS=1786205800.619
PG_5=1
PG_9=0
PG_12=0
FLT_P2=0
FLT_P3=0
HEAT_1_TEMP=0.0
HEAT_1_DUTY=0
HEAT_1_SP=-20.0
ENC_RAW=10008
ENC_ANGLE=219.90234375
ENC_ACCUM=0.0
AUTO_STOP=1
MOTOR_ANGLE=-0.008372093023255813
MOTOR_ACCUM=-27.21767441860465
MOTOR_ROT=-52

[10:36:27.595 EBOX]
TS=1786204472.665
V_SENSE5=1.39404296875
V_SENSE9=0.0390625
V_SENSE12=0.1318359375
ADC_V5=5.0091552734375
ADC_V9=8.73504638671875
ADC_V12=11.77947998046875
ADC_V28=27.85125732421875
THERMAL_SENS_OUT_1=30
THERMAL_SENS_OUT_2=-50
THERMAL_SENS_OUT_3=31
THERMAL_SENS_OUT_4=26
THERMAL_SENS_OUT_5=30
THERMAL_SENS_OUT_6=-50
THERMAL_SENS_INT_1=26
THERMAL_SENS_INT_2=29
PG_5=0
PG_9=0
PG_12=0
FLT_P2=0
FLT_P3=0
HEAT_1_TEMP=30
HEAT_1_DUTY=0
HEAT_1_SP=-20.0
HEAT_2_TEMP=31
HEAT_2_DUTY=0
HEAT_2_SP=-20.0
HEAT_3_TEMP=26
HEAT_3_DUTY=0
HEAT_3_SP=-20.0
HEAT_4_TEMP=30
HEAT_4_DUTY=0
HEAT_4_SP=-20.0
MOTOR_ANGLE=0.002281976744186047
MOTOR_ACCUM=1.0487936046511628
MOTOR_ROT=2

[10:36:27.600 CUBESAT]
TS=1786205802.621
PG_5=1
PG_9=0
PG_12=0
FLT_P2=0
FLT_P3=0
HEAT_1_TEMP=0.0
HEAT_1_DUTY=0
HEAT_1_SP=-20.0
ENC_RAW=10004
ENC_ANGLE=219.814453125
ENC_ACCUM=-0.087890625
AUTO_STOP=1
MOTOR_ANGLE=-0.008372093023255813
MOTOR_ACCUM=-27.21767441860465
MOTOR_ROT=-52

[10:36:29.731 EBOX]
TS=1786204474.666
V_SENSE5=1.2646484375
V_SENSE9=0.0390625
V_SENSE12=0.1025390625
ADC_V5=4.94720458984375
ADC_V9=9.46075439453125
ADC_V12=11.54052734375
ADC_V28=27.05474853515625
THERMAL_SENS_OUT_1=27
THERMAL_SENS_OUT_2=-50
THERMAL_SENS_OUT_3=28
THERMAL_SENS_OUT_4=27
THERMAL_SENS_OUT_5=30
THERMAL_SENS_OUT_6=-50
THERMAL_SENS_INT_1=25
THERMAL_SENS_INT_2=26
PG_5=0
PG_9=0
PG_12=0
FLT_P2=0
FLT_P3=0
HEAT_1_TEMP=27
HEAT_1_DUTY=0
HEAT_1_SP=-20.0
HEAT_2_TEMP=28
HEAT_2_DUTY=0
HEAT_2_SP=-20.0
HEAT_3_TEMP=27
HEAT_3_DUTY=0
HEAT_3_SP=-20.0
HEAT_4_TEMP=30
HEAT_4_DUTY=0
HEAT_4_SP=-20.0
MOTOR_ANGLE=0.002281976744186047
MOTOR_ACCUM=1.0487936046511628
MOTOR_ROT=2

[10:36:30.239 CUBESAT]
TS=1786205804.623
PG_5=1
PG_9=0
PG_12=0
FLT_P2=0
FLT_P3=0
HEAT_1_TEMP=0.0
HEAT_1_DUTY=10
HEAT_1_SP=-20.0
ENC_RAW=10007
ENC_ANGLE=219.88037109375
ENC_ACCUM=-0.02197265625
AUTO_STOP=1
MOTOR_ANGLE=-0.008372093023255813
MOTOR_ACCUM=-27.21767441860465
MOTOR_ROT=-52

[10:36:31.667 EBOX]
TS=1786204476.668
V_SENSE5=1.30615234375
V_SENSE9=0.03662109375
V_SENSE12=0.12451171875
ADC_V5=4.9560546875
ADC_V9=9.2218017578125
ADC_V12=11.8060302734375
ADC_V28=27.16094970703125
THERMAL_SENS_OUT_1=26
THERMAL_SENS_OUT_2=-50
THERMAL_SENS_OUT_3=30
THERMAL_SENS_OUT_4=30
THERMAL_SENS_OUT_5=31
THERMAL_SENS_OUT_6=-50
THERMAL_SENS_INT_1=25
THERMAL_SENS_INT_2=26
PG_5=0
PG_9=0
PG_12=0
FLT_P2=0
FLT_P3=0
HEAT_1_TEMP=26
HEAT_1_DUTY=0
HEAT_1_SP=-20.0
HEAT_2_TEMP=30
HEAT_2_DUTY=0
HEAT_2_SP=-20.0
HEAT_3_TEMP=30
HEAT_3_DUTY=0
HEAT_3_SP=-20.0
HEAT_4_TEMP=31
HEAT_4_DUTY=0
HEAT_4_SP=-20.0
MOTOR_ANGLE=0.0030377906976744185
MOTOR_ACCUM=1.0495494186046512
MOTOR_ROT=2

[10:36:31.672 CUBESAT]
TS=1786205806.625
PG_5=1
PG_9=0
PG_12=0
FLT_P2=0
FLT_P3=0
HEAT_1_TEMP=0.0
HEAT_1_DUTY=0
HEAT_1_SP=-20.0
ENC_RAW=10008
ENC_ANGLE=219.90234375
ENC_ACCUM=0.0
AUTO_STOP=1
MOTOR_ANGLE=-0.008372093023255813
MOTOR_ACCUM=-27.21767441860465
MOTOR_ROT=-52

[10:36:33.608 EBOX]
TS=1786204478.674
V_SENSE5=1.24755859375
V_SENSE9=0.0341796875
V_SENSE12=0.11474609375
ADC_V5=4.991455078125
ADC_V9=9.381103515625
ADC_V12=12.02728271484375
ADC_V28=27.53265380859375
THERMAL_SENS_OUT_1=29
THERMAL_SENS_OUT_2=-50
THERMAL_SENS_OUT_3=31
THERMAL_SENS_OUT_4=26
THERMAL_SENS_OUT_5=30
THERMAL_SENS_OUT_6=-50
THERMAL_SENS_INT_1=28
THERMAL_SENS_INT_2=26
PG_5=0
PG_9=0
PG_12=0
FLT_P2=0
FLT_P3=0
HEAT_1_TEMP=29
HEAT_1_DUTY=0
HEAT_1_SP=-20.0
HEAT_2_TEMP=31
HEAT_2_DUTY=0
HEAT_2_SP=-20.0
HEAT_3_TEMP=26
HEAT_3_DUTY=0
HEAT_3_SP=-20.0
HEAT_4_TEMP=30
HEAT_4_DUTY=0
HEAT_4_SP=-20.0
MOTOR_ANGLE=0.0030377906976744185
MOTOR_ACCUM=1.0495494186046512
MOTOR_ROT=2

[10:36:34.116 CUBESAT]
TS=1786205808.627
PG_5=1
PG_9=0
PG_12=0
FLT_P2=0
FLT_P3=0
HEAT_1_TEMP=0.0
HEAT_1_DUTY=0
HEAT_1_SP=-20.0
ENC_RAW=10006
ENC_ANGLE=219.8583984375
ENC_ACCUM=-0.0439453125
AUTO_STOP=1
MOTOR_ANGLE=-0.008372093023255813
MOTOR_ACCUM=-27.21767441860465
MOTOR_ROT=-52

[10:36:35.644 EBOX]
TS=1786204480.682
V_SENSE5=1.14501953125
V_SENSE9=0.0341796875
V_SENSE12=0.1220703125
ADC_V5=4.91180419921875
ADC_V9=9.1864013671875
ADC_V12=11.6290283203125
ADC_V28=27.83355712890625
THERMAL_SENS_OUT_1=31
THERMAL_SENS_OUT_2=-50
THERMAL_SENS_OUT_3=30
THERMAL_SENS_OUT_4=25
THERMAL_SENS_OUT_5=32
THERMAL_SENS_OUT_6=-50
THERMAL_SENS_INT_1=23
THERMAL_SENS_INT_2=29
PG_5=0
PG_9=0
PG_12=0
FLT_P2=0
FLT_P3=0
HEAT_1_TEMP=31
HEAT_1_DUTY=0
HEAT_1_SP=-20.0
HEAT_2_TEMP=30
HEAT_2_DUTY=0
HEAT_2_SP=-20.0
HEAT_3_TEMP=25
HEAT_3_DUTY=0
HEAT_3_SP=-20.0
HEAT_4_TEMP=32
HEAT_4_DUTY=0
HEAT_4_SP=-20.0
MOTOR_ANGLE=0.002281976744186047
MOTOR_ACCUM=1.0487936046511628
MOTOR_ROT=2

[10:36:35.648 CUBESAT]
TS=1786205810.629
PG_5=1
PG_9=0
PG_12=0
FLT_P2=0
FLT_P3=0
HEAT_1_TEMP=0.0
HEAT_1_DUTY=0
HEAT_1_SP=-20.0
ENC_RAW=10008
ENC_ANGLE=219.90234375
ENC_ACCUM=0.0
AUTO_STOP=1
MOTOR_ANGLE=-0.008372093023255813
MOTOR_ACCUM=-27.21767441860465
MOTOR_ROT=-52

[10:36:37.779 EBOX]
TS=1786204482.679
V_SENSE5=1.35009765625
V_SENSE9=0.0390625
V_SENSE12=0.107421875
ADC_V5=4.9383544921875
ADC_V9=9.15985107421875
ADC_V12=11.6290283203125
ADC_V28=27.79815673828125
THERMAL_SENS_OUT_1=28
THERMAL_SENS_OUT_2=-50
THERMAL_SENS_OUT_3=29
THERMAL_SENS_OUT_4=30
THERMAL_SENS_OUT_5=31
THERMAL_SENS_OUT_6=-50
THERMAL_SENS_INT_1=24
THERMAL_SENS_INT_2=29
PG_5=0
PG_9=0
PG_12=0
FLT_P2=0
FLT_P3=0
HEAT_1_TEMP=28
HEAT_1_DUTY=0
HEAT_1_SP=-20.0
HEAT_2_TEMP=29
HEAT_2_DUTY=0
HEAT_2_SP=-20.0
HEAT_3_TEMP=30
HEAT_3_DUTY=0
HEAT_3_SP=-20.0
HEAT_4_TEMP=31
HEAT_4_DUTY=0
HEAT_4_SP=-20.0
MOTOR_ANGLE=0.002281976744186047
MOTOR_ACCUM=1.0487936046511628
MOTOR_ROT=2

[10:36:37.983 CUBESAT]
TS=1786205812.631
PG_5=1
PG_9=0
PG_12=0
FLT_P2=0
FLT_P3=0
HEAT_1_TEMP=0.0
HEAT_1_DUTY=0
HEAT_1_SP=-20.0
ENC_RAW=10008
ENC_ANGLE=219.90234375
ENC_ACCUM=0.0
AUTO_STOP=1
MOTOR_ANGLE=-0.008372093023255813
MOTOR_ACCUM=-27.21767441860465
MOTOR_ROT=-52

[10:36:39.611 EBOX]
TS=1786204484.682
V_SENSE5=1.162109375
V_SENSE9=0.0341796875
V_SENSE12=0.10986328125
ADC_V5=4.991455078125
ADC_V9=8.956298828125
ADC_V12=11.88568115234375
ADC_V28=27.11669921875
THERMAL_SENS_OUT_1=27
THERMAL_SENS_OUT_2=-50
THERMAL_SENS_OUT_3=29
THERMAL_SENS_OUT_4=28
THERMAL_SENS_OUT_5=29
THERMAL_SENS_OUT_6=-50
THERMAL_SENS_INT_1=27
THERMAL_SENS_INT_2=24
PG_5=0
PG_9=0
PG_12=0
FLT_P2=0
FLT_P3=0
HEAT_1_TEMP=27
HEAT_1_DUTY=0
HEAT_1_SP=-20.0
HEAT_2_TEMP=29
HEAT_2_DUTY=0
HEAT_2_SP=-20.0
HEAT_3_TEMP=28
HEAT_3_DUTY=0
HEAT_3_SP=-20.0
HEAT_4_TEMP=29
HEAT_4_DUTY=0
HEAT_4_SP=-20.0
MOTOR_ANGLE=0.002281976744186047
MOTOR_ACCUM=1.0487936046511628
MOTOR_ROT=2

[10:36:39.616 CUBESAT]
TS=1786205814.634
PG_5=1
PG_9=0
PG_12=0
FLT_P2=0
FLT_P3=0
HEAT_1_TEMP=0.0
HEAT_1_DUTY=10
HEAT_1_SP=-20.0
ENC_RAW=10009
ENC_ANGLE=219.92431640625
ENC_ACCUM=0.02197265625
AUTO_STOP=1
MOTOR_ANGLE=-0.008372093023255813
MOTOR_ACCUM=-27.21767441860465
MOTOR_ROT=-52

[10:36:41.627 CUBESAT]
TS=1786205816.634
PG_5=1
PG_9=0
PG_12=0
FLT_P2=0
FLT_P3=0
HEAT_1_TEMP=0.0
HEAT_1_DUTY=0
HEAT_1_SP=-20.0
ENC_RAW=10010
ENC_ANGLE=219.9462890625
ENC_ACCUM=0.0439453125
AUTO_STOP=1
MOTOR_ANGLE=-0.008372093023255813
MOTOR_ACCUM=-27.21767441860465
MOTOR_ROT=-52

[10:36:42.252 EBOX]
TS=1786204486.685
V_SENSE5=1.3037109375
V_SENSE9=0.0390625
V_SENSE12=0.1220703125
ADC_V5=4.9737548828125
ADC_V9=8.77044677734375
ADC_V12=11.82373046875
ADC_V28=26.84234619140625
THERMAL_SENS_OUT_1=27
THERMAL_SENS_OUT_2=-50
THERMAL_SENS_OUT_3=32
THERMAL_SENS_OUT_4=25
THERMAL_SENS_OUT_5=32
THERMAL_SENS_OUT_6=-50
THERMAL_SENS_INT_1=24
THERMAL_SENS_INT_2=29
PG_5=0
PG_9=0
PG_12=0
FLT_P2=0
FLT_P3=0
HEAT_1_TEMP=27
HEAT_1_DUTY=0
HEAT_1_SP=-20.0
HEAT_2_TEMP=32
HEAT_2_DUTY=0
HEAT_2_SP=-20.0
HEAT_3_TEMP=25
HEAT_3_DUTY=0
HEAT_3_SP=-20.0
HEAT_4_TEMP=32
HEAT_4_DUTY=0
HEAT_4_SP=-20.0
MOTOR_ANGLE=0.0030377906976744185
MOTOR_ACCUM=1.0495494186046512
MOTOR_ROT=2

[10:36:43.683 EBOX]
TS=1786204488.688
V_SENSE5=1.18408203125
V_SENSE9=0.03173828125
V_SENSE12=0.12451171875
ADC_V5=4.85870361328125
ADC_V9=8.92974853515625
ADC_V12=11.575927734375
ADC_V28=27.69195556640625
THERMAL_SENS_OUT_1=30
THERMAL_SENS_OUT_2=-50
THERMAL_SENS_OUT_3=29
THERMAL_SENS_OUT_4=28
THERMAL_SENS_OUT_5=31
THERMAL_SENS_OUT_6=-50
THERMAL_SENS_INT_1=26
THERMAL_SENS_INT_2=26
PG_5=0
PG_9=0
PG_12=0
FLT_P2=0
FLT_P3=0
HEAT_1_TEMP=30
HEAT_1_DUTY=0
HEAT_1_SP=-20.0
HEAT_2_TEMP=29
HEAT_2_DUTY=0
HEAT_2_SP=-20.0
HEAT_3_TEMP=28
HEAT_3_DUTY=0
HEAT_3_SP=-20.0
HEAT_4_TEMP=31
HEAT_4_DUTY=0
HEAT_4_SP=-20.0
MOTOR_ANGLE=0.002281976744186047
MOTOR_ACCUM=1.0487936046511628
MOTOR_ROT=2

[10:36:43.685 CUBESAT]
TS=1786205818.636
PG_5=1
PG_9=0
PG_12=0
FLT_P2=0
FLT_P3=0
HEAT_1_TEMP=0.0
HEAT_1_DUTY=0
HEAT_1_SP=-20.0
ENC_RAW=10009
ENC_ANGLE=219.92431640625
ENC_ACCUM=0.02197265625
AUTO_STOP=1
MOTOR_ANGLE=-0.008372093023255813
MOTOR_ACCUM=-27.21767441860465
MOTOR_ROT=-52

[10:36:45.617 EBOX]
TS=1786204490.692
V_SENSE5=1.18408203125
V_SENSE9=0.0341796875
V_SENSE12=0.1220703125
ADC_V5=4.88525390625
ADC_V9=9.5050048828125
ADC_V12=11.68212890625
ADC_V28=27.85125732421875
THERMAL_SENS_OUT_1=27
THERMAL_SENS_OUT_2=-50
THERMAL_SENS_OUT_3=34
THERMAL_SENS_OUT_4=26
THERMAL_SENS_OUT_5=35
THERMAL_SENS_OUT_6=-50
THERMAL_SENS_INT_1=27
THERMAL_SENS_INT_2=24
PG_5=0
PG_9=0
PG_12=0
FLT_P2=0
FLT_P3=0
HEAT_1_TEMP=27
HEAT_1_DUTY=0
HEAT_1_SP=-20.0
HEAT_2_TEMP=34
HEAT_2_DUTY=0
HEAT_2_SP=-20.0
HEAT_3_TEMP=26
HEAT_3_DUTY=0
HEAT_3_SP=-20.0
HEAT_4_TEMP=35
HEAT_4_DUTY=0
HEAT_4_SP=-20.0
MOTOR_ANGLE=0.002281976744186047
MOTOR_ACCUM=1.0487936046511628
MOTOR_ROT=2

[10:36:46.123 CUBESAT]
TS=1786205820.638
PG_5=1
PG_9=0
PG_12=0
FLT_P2=0
FLT_P3=0
HEAT_1_TEMP=0.0
HEAT_1_DUTY=0
HEAT_1_SP=-20.0
ENC_RAW=10004
ENC_ANGLE=219.814453125
ENC_ACCUM=-0.087890625
AUTO_STOP=1
MOTOR_ANGLE=-0.008372093023255813
MOTOR_ACCUM=-27.21767441860465
MOTOR_ROT=-52

[10:36:47.635 CUBESAT]
TS=1786205822.641
PG_5=1
PG_9=0
PG_12=0
FLT_P2=0
FLT_P3=0
HEAT_1_TEMP=0.0
HEAT_1_DUTY=0
HEAT_1_SP=-20.0
ENC_RAW=10005
ENC_ANGLE=219.83642578125
ENC_ACCUM=-0.06591796875
AUTO_STOP=1
MOTOR_ANGLE=-0.008372093023255813
MOTOR_ACCUM=-27.21767441860465
MOTOR_ROT=-52

[10:36:48.154 EBOX]
TS=1786204492.697
V_SENSE5=1.30859375
V_SENSE9=0.0390625
V_SENSE12=0.1416015625
ADC_V5=5.0091552734375
ADC_V9=9.2218017578125
ADC_V12=11.8768310546875
ADC_V28=27.58575439453125
THERMAL_SENS_OUT_1=29
THERMAL_SENS_OUT_2=-50
THERMAL_SENS_OUT_3=30
THERMAL_SENS_OUT_4=30
THERMAL_SENS_OUT_5=31
THERMAL_SENS_OUT_6=-50
THERMAL_SENS_INT_1=27
THERMAL_SENS_INT_2=26
PG_5=0
PG_9=0
PG_12=0
FLT_P2=0
FLT_P3=0
HEAT_1_TEMP=29
HEAT_1_DUTY=0
HEAT_1_SP=-20.0
HEAT_2_TEMP=30
HEAT_2_DUTY=0
HEAT_2_SP=-20.0
HEAT_3_TEMP=30
HEAT_3_DUTY=0
HEAT_3_SP=-20.0
HEAT_4_TEMP=31
HEAT_4_DUTY=0
HEAT_4_SP=-20.0
MOTOR_ANGLE=0.002281976744186047
MOTOR_ACCUM=1.0487936046511628
MOTOR_ROT=2

[10:36:49.685 EBOX]
TS=1786204494.700
V_SENSE5=1.31103515625
V_SENSE9=0.0390625
V_SENSE12=0.12451171875
ADC_V5=4.91180419921875
ADC_V9=9.40765380859375
ADC_V12=11.8768310546875
ADC_V28=27.39105224609375
THERMAL_SENS_OUT_1=28
THERMAL_SENS_OUT_2=-50
THERMAL_SENS_OUT_3=33
THERMAL_SENS_OUT_4=25
THERMAL_SENS_OUT_5=32
THERMAL_SENS_OUT_6=-50
THERMAL_SENS_INT_1=23
THERMAL_SENS_INT_2=27
PG_5=0
PG_9=0
PG_12=0
FLT_P2=0
FLT_P3=0
HEAT_1_TEMP=28
HEAT_1_DUTY=0
HEAT_1_SP=-20.0
HEAT_2_TEMP=33
HEAT_2_DUTY=0
HEAT_2_SP=-20.0
HEAT_3_TEMP=25
HEAT_3_DUTY=0
HEAT_3_SP=-20.0
HEAT_4_TEMP=32
HEAT_4_DUTY=0
HEAT_4_SP=-20.0
MOTOR_ANGLE=0.002281976744186047
MOTOR_ACCUM=1.0487936046511628
MOTOR_ROT=2

[10:36:49.689 CUBESAT]
TS=1786205824.643
PG_5=1
PG_9=0
PG_12=0
FLT_P2=0
FLT_P3=0
HEAT_1_TEMP=0.0
HEAT_1_DUTY=10
HEAT_1_SP=-20.0
ENC_RAW=10004
ENC_ANGLE=219.814453125
ENC_ACCUM=-0.087890625
AUTO_STOP=1
MOTOR_ANGLE=-0.008372093023255813
MOTOR_ACCUM=-27.21767441860465
MOTOR_ROT=-52

[10:36:51.624 EBOX]
TS=1786204496.705
V_SENSE5=1.22802734375
V_SENSE9=0.03173828125
V_SENSE12=0.126953125
ADC_V5=4.991455078125
ADC_V9=8.956298828125
ADC_V12=11.88568115234375
ADC_V28=27.07244873046875
THERMAL_SENS_OUT_1=26
THERMAL_SENS_OUT_2=-50
THERMAL_SENS_OUT_3=29
THERMAL_SENS_OUT_4=30
THERMAL_SENS_OUT_5=31
THERMAL_SENS_OUT_6=-50
THERMAL_SENS_INT_1=25
THERMAL_SENS_INT_2=27
PG_5=0
PG_9=0
PG_12=0
FLT_P2=0
FLT_P3=0
HEAT_1_TEMP=26
HEAT_1_DUTY=0
HEAT_1_SP=-20.0
HEAT_2_TEMP=29
HEAT_2_DUTY=0
HEAT_2_SP=-20.0
HEAT_3_TEMP=30
HEAT_3_DUTY=0
HEAT_3_SP=-20.0
HEAT_4_TEMP=31
HEAT_4_DUTY=0
HEAT_4_SP=-20.0
MOTOR_ANGLE=0.002281976744186047
MOTOR_ACCUM=1.0487936046511628
MOTOR_ROT=2

[10:36:51.729 CUBESAT]
TS=1786205826.645
PG_5=1
PG_9=0
PG_12=0
FLT_P2=0
FLT_P3=0
HEAT_1_TEMP=0.0
HEAT_1_DUTY=0
HEAT_1_SP=-20.0
ENC_RAW=10005
ENC_ANGLE=219.83642578125
ENC_ACCUM=-0.06591796875
AUTO_STOP=1
MOTOR_ANGLE=-0.008372093023255813
MOTOR_ACCUM=-27.21767441860465
MOTOR_ROT=-52

[10:36:53.660 EBOX]
TS=1786204498.708
V_SENSE5=1.2060546875
V_SENSE9=0.03173828125
V_SENSE12=0.126953125
ADC_V5=4.92950439453125
ADC_V9=9.07135009765625
ADC_V12=11.89453125
ADC_V28=27.364501953125
THERMAL_SENS_OUT_1=26
THERMAL_SENS_OUT_2=-50
THERMAL_SENS_OUT_3=29
THERMAL_SENS_OUT_4=29
THERMAL_SENS_OUT_5=30
THERMAL_SENS_OUT_6=-50
THERMAL_SENS_INT_1=23
THERMAL_SENS_INT_2=25
PG_5=0
PG_9=0
PG_12=0
FLT_P2=0
FLT_P3=0
HEAT_1_TEMP=26
HEAT_1_DUTY=0
HEAT_1_SP=-20.0
HEAT_2_TEMP=29
HEAT_2_DUTY=0
HEAT_2_SP=-20.0
HEAT_3_TEMP=29
HEAT_3_DUTY=0
HEAT_3_SP=-20.0
HEAT_4_TEMP=30
HEAT_4_DUTY=0
HEAT_4_SP=-20.0
MOTOR_ANGLE=0.0030377906976744185
MOTOR_ACCUM=1.0495494186046512
MOTOR_ROT=2

[10:36:53.664 CUBESAT]
TS=1786205828.647
PG_5=1
PG_9=0
PG_12=0
FLT_P2=0
FLT_P3=0
HEAT_1_TEMP=0.0
HEAT_1_DUTY=0
HEAT_1_SP=-20.0
ENC_RAW=10005
ENC_ANGLE=219.83642578125
ENC_ACCUM=-0.06591796875
AUTO_STOP=1
MOTOR_ANGLE=-0.008372093023255813
MOTOR_ACCUM=-27.21767441860465
MOTOR_ROT=-52

[10:36:55.694 EBOX]
TS=1786204500.714
V_SENSE5=1.181640625
V_SENSE9=0.0341796875
V_SENSE12=0.1171875
ADC_V5=4.9560546875
ADC_V9=8.7615966796875
ADC_V12=11.88568115234375
ADC_V28=27.01934814453125
THERMAL_SENS_OUT_1=28
THERMAL_SENS_OUT_2=-50
THERMAL_SENS_OUT_3=28
THERMAL_SENS_OUT_4=26
THERMAL_SENS_OUT_5=33
THERMAL_SENS_OUT_6=-50
THERMAL_SENS_INT_1=23
THERMAL_SENS_INT_2=27
PG_5=0
PG_9=0
PG_12=0
FLT_P2=0
FLT_P3=0
HEAT_1_TEMP=28
HEAT_1_DUTY=0
HEAT_1_SP=-20.0
HEAT_2_TEMP=28
HEAT_2_DUTY=0
HEAT_2_SP=-20.0
HEAT_3_TEMP=26
HEAT_3_DUTY=0
HEAT_3_SP=-20.0
HEAT_4_TEMP=33
HEAT_4_DUTY=0
HEAT_4_SP=-20.0
MOTOR_ANGLE=0.002281976744186047
MOTOR_ACCUM=1.0487936046511628
MOTOR_ROT=2

[10:36:55.697 CUBESAT]
TS=1786205830.649
PG_5=1
PG_9=0
PG_12=0
FLT_P2=0
FLT_P3=0
HEAT_1_TEMP=0.0
HEAT_1_DUTY=10
HEAT_1_SP=-20.0
ENC_RAW=10007
ENC_ANGLE=219.88037109375
ENC_ACCUM=-0.02197265625
AUTO_STOP=1
MOTOR_ANGLE=-0.008372093023255813
MOTOR_ACCUM=-27.21767441860465
MOTOR_ROT=-52

[10:36:57.627 EBOX]
TS=1786204502.712
V_SENSE5=1.22802734375
V_SENSE9=0.0341796875
V_SENSE12=0.14404296875
ADC_V5=4.91180419921875
ADC_V9=8.89434814453125
ADC_V12=11.7352294921875
ADC_V28=26.87774658203125
THERMAL_SENS_OUT_1=27
THERMAL_SENS_OUT_2=-50
THERMAL_SENS_OUT_3=29
THERMAL_SENS_OUT_4=29
THERMAL_SENS_OUT_5=30
THERMAL_SENS_OUT_6=-50
THERMAL_SENS_INT_1=23
THERMAL_SENS_INT_2=26
PG_5=0
PG_9=0
PG_12=0
FLT_P2=0
FLT_P3=0
HEAT_1_TEMP=27
HEAT_1_DUTY=0
HEAT_1_SP=-20.0
HEAT_2_TEMP=29
HEAT_2_DUTY=0
HEAT_2_SP=-20.0
HEAT_3_TEMP=29
HEAT_3_DUTY=0
HEAT_3_SP=-20.0
HEAT_4_TEMP=30
HEAT_4_DUTY=0
HEAT_4_SP=-20.0
MOTOR_ANGLE=0.002281976744186047
MOTOR_ACCUM=1.0487936046511628
MOTOR_ROT=2

[10:36:57.731 CUBESAT]
TS=1786205832.649
PG_5=1
PG_9=0
PG_12=0
FLT_P2=0
FLT_P3=0
HEAT_1_TEMP=0.0
HEAT_1_DUTY=0
HEAT_1_SP=-20.0
ENC_RAW=10006
ENC_ANGLE=219.8583984375
ENC_ACCUM=-0.0439453125
AUTO_STOP=1
MOTOR_ANGLE=-0.008372093023255813
MOTOR_ACCUM=-27.21767441860465
MOTOR_ROT=-52

[10:36:59.662 EBOX]
TS=1786204504.716
V_SENSE5=1.259765625
V_SENSE9=0.0390625
V_SENSE12=0.10986328125
ADC_V5=4.920654296875
ADC_V9=9.3988037109375
ADC_V12=11.65557861328125
ADC_V28=27.81585693359375
THERMAL_SENS_OUT_1=27
THERMAL_SENS_OUT_2=-50
THERMAL_SENS_OUT_3=31
THERMAL_SENS_OUT_4=29
THERMAL_SENS_OUT_5=31
THERMAL_SENS_OUT_6=-50
THERMAL_SENS_INT_1=28
THERMAL_SENS_INT_2=25
PG_5=0
PG_9=0
PG_12=0
FLT_P2=0
FLT_P3=0
HEAT_1_TEMP=27
HEAT_1_DUTY=0
HEAT_1_SP=-20.0
HEAT_2_TEMP=31
HEAT_2_DUTY=0
HEAT_2_SP=-20.0
HEAT_3_TEMP=29
HEAT_3_DUTY=0
HEAT_3_SP=-20.0
HEAT_4_TEMP=31
HEAT_4_DUTY=0
HEAT_4_SP=-20.0
MOTOR_ANGLE=0.002281976744186047
MOTOR_ACCUM=1.0487936046511628
MOTOR_ROT=2

[10:36:59.666 CUBESAT]
TS=1786205834.651
PG_5=1
PG_9=0
PG_12=0
FLT_P2=0
FLT_P3=0
HEAT_1_TEMP=0.0
HEAT_1_DUTY=0
HEAT_1_SP=-20.0
ENC_RAW=10008
ENC_ANGLE=219.90234375
ENC_ACCUM=0.0
AUTO_STOP=1
MOTOR_ANGLE=-0.008372093023255813
MOTOR_ACCUM=-27.21767441860465
MOTOR_ROT=-52

[10:37:01.681 CUBESAT]
TS=1786205836.652
PG_5=1
PG_9=0
PG_12=0
FLT_P2=0
FLT_P3=0
HEAT_1_TEMP=0.0
HEAT_1_DUTY=0
HEAT_1_SP=-20.0
ENC_RAW=10007
ENC_ANGLE=219.88037109375
ENC_ACCUM=-0.02197265625
AUTO_STOP=1
MOTOR_ANGLE=-0.008372093023255813
MOTOR_ACCUM=-27.21767441860465
MOTOR_ROT=-52

[10:37:02.099 EBOX]
TS=1786204506.718
V_SENSE5=1.3916015625
V_SENSE9=0.0341796875
V_SENSE12=0.1025390625
ADC_V5=4.9029541015625
ADC_V9=9.1864013671875
ADC_V12=11.81488037109375
ADC_V28=26.94854736328125
THERMAL_SENS_OUT_1=27
THERMAL_SENS_OUT_2=-50
THERMAL_SENS_OUT_3=33
THERMAL_SENS_OUT_4=26
THERMAL_SENS_OUT_5=35
THERMAL_SENS_OUT_6=-50
THERMAL_SENS_INT_1=27
THERMAL_SENS_INT_2=25
PG_5=0
PG_9=0
PG_12=0
FLT_P2=0
FLT_P3=0
HEAT_1_TEMP=27
HEAT_1_DUTY=0
HEAT_1_SP=-20.0
HEAT_2_TEMP=33
HEAT_2_DUTY=0
HEAT_2_SP=-20.0
HEAT_3_TEMP=26
HEAT_3_DUTY=0
HEAT_3_SP=-20.0
HEAT_4_TEMP=35
HEAT_4_DUTY=0
HEAT_4_SP=-20.0
MOTOR_ANGLE=0.002281976744186047
MOTOR_ACCUM=1.0487936046511628
MOTOR_ROT=2

[10:37:03.632 EBOX]
TS=1786204508.720
V_SENSE5=1.3037109375
V_SENSE9=0.0341796875
V_SENSE12=0.1171875
ADC_V5=4.9383544921875
ADC_V9=9.33685302734375
ADC_V12=11.54937744140625
ADC_V28=27.4884033203125
THERMAL_SENS_OUT_1=32
THERMAL_SENS_OUT_2=-50
THERMAL_SENS_OUT_3=34
THERMAL_SENS_OUT_4=27
THERMAL_SENS_OUT_5=30
THERMAL_SENS_OUT_6=-50
THERMAL_SENS_INT_1=29
THERMAL_SENS_INT_2=26
PG_5=0
PG_9=0
PG_12=0
FLT_P2=0
FLT_P3=0
HEAT_1_TEMP=32
HEAT_1_DUTY=0
HEAT_1_SP=-20.0
HEAT_2_TEMP=34
HEAT_2_DUTY=0
HEAT_2_SP=-20.0
HEAT_3_TEMP=27
HEAT_3_DUTY=0
HEAT_3_SP=-20.0
HEAT_4_TEMP=30
HEAT_4_DUTY=0
HEAT_4_SP=-20.0
MOTOR_ANGLE=0.0030377906976744185
MOTOR_ACCUM=1.0495494186046512
MOTOR_ROT=2

[10:37:03.736 CUBESAT]
TS=1786205838.654
PG_5=1
PG_9=0
PG_12=0
FLT_P2=0
FLT_P3=0
HEAT_1_TEMP=0.0
HEAT_1_DUTY=0
HEAT_1_SP=-20.0
ENC_RAW=10007
ENC_ANGLE=219.88037109375
ENC_ACCUM=-0.02197265625
AUTO_STOP=1
MOTOR_ANGLE=-0.008372093023255813
MOTOR_ACCUM=-27.21767441860465
MOTOR_ROT=-52

[10:37:05.672 EBOX]
TS=1786204510.723
V_SENSE5=1.3623046875
V_SENSE9=0.0390625
V_SENSE12=0.18798828125
ADC_V5=4.87640380859375
ADC_V9=9.1864013671875
ADC_V12=11.83258056640625
ADC_V28=27.5592041015625
THERMAL_SENS_OUT_1=29
THERMAL_SENS_OUT_2=-50
THERMAL_SENS_OUT_3=28
THERMAL_SENS_OUT_4=28
THERMAL_SENS_OUT_5=30
THERMAL_SENS_OUT_6=-50
THERMAL_SENS_INT_1=25
THERMAL_SENS_INT_2=28
PG_5=0
PG_9=0
PG_12=0
FLT_P2=0
FLT_P3=0
HEAT_1_TEMP=29
HEAT_1_DUTY=0
HEAT_1_SP=-20.0
HEAT_2_TEMP=28
HEAT_2_DUTY=0
HEAT_2_SP=-20.0
HEAT_3_TEMP=28
HEAT_3_DUTY=0
HEAT_3_SP=-20.0
HEAT_4_TEMP=30
HEAT_4_DUTY=0
HEAT_4_SP=-20.0
MOTOR_ANGLE=0.002281976744186047
MOTOR_ACCUM=1.0487936046511628
MOTOR_ROT=2

[10:37:06.378 CUBESAT]
TS=1786205840.655
PG_5=1
PG_9=0
PG_12=0
FLT_P2=0
FLT_P3=0
HEAT_1_TEMP=0.0
HEAT_1_DUTY=10
HEAT_1_SP=-20.0
ENC_RAW=10009
ENC_ANGLE=219.92431640625
ENC_ACCUM=0.02197265625
AUTO_STOP=1
MOTOR_ANGLE=-0.008372093023255813
MOTOR_ACCUM=-27.21767441860465
MOTOR_ROT=-52

[10:37:07.706 EBOX]
TS=1786204512.725
V_SENSE5=1.23046875
V_SENSE9=0.0341796875
V_SENSE12=0.126953125
ADC_V5=4.92950439453125
ADC_V9=9.12445068359375
ADC_V12=11.93878173828125
ADC_V28=27.576904296875
THERMAL_SENS_OUT_1=31
THERMAL_SENS_OUT_2=-50
THERMAL_SENS_OUT_3=31
THERMAL_SENS_OUT_4=25
THERMAL_SENS_OUT_5=33
THERMAL_SENS_OUT_6=-50
THERMAL_SENS_INT_1=27
THERMAL_SENS_INT_2=25
PG_5=0
PG_9=0
PG_12=0
FLT_P2=0
FLT_P3=0
HEAT_1_TEMP=31
HEAT_1_DUTY=0
HEAT_1_SP=-20.0
HEAT_2_TEMP=31
HEAT_2_DUTY=0
HEAT_2_SP=-20.0
HEAT_3_TEMP=25
HEAT_3_DUTY=0
HEAT_3_SP=-20.0
HEAT_4_TEMP=33
HEAT_4_DUTY=0
HEAT_4_SP=-20.0
MOTOR_ANGLE=0.002281976744186047
MOTOR_ACCUM=1.0487936046511628
MOTOR_ROT=2

[10:37:07.710 CUBESAT]
TS=1786205842.657
PG_5=1
PG_9=0
PG_12=0
FLT_P2=0
FLT_P3=0
HEAT_1_TEMP=0.0
HEAT_1_DUTY=0
HEAT_1_SP=-20.0
ENC_RAW=10007
ENC_ANGLE=219.88037109375
ENC_ACCUM=-0.02197265625
AUTO_STOP=1
MOTOR_ANGLE=-0.008372093023255813
MOTOR_ACCUM=-27.21767441860465
MOTOR_ROT=-52

[10:37:09.725 CUBESAT]
TS=1786205844.659
PG_5=1
PG_9=0
PG_12=0
FLT_P2=0
FLT_P3=0
HEAT_1_TEMP=0.0
HEAT_1_DUTY=0
HEAT_1_SP=-20.0
ENC_RAW=10007
ENC_ANGLE=219.88037109375
ENC_ACCUM=-0.02197265625
AUTO_STOP=1
MOTOR_ANGLE=-0.008372093023255813
MOTOR_ACCUM=-27.21767441860465
MOTOR_ROT=-52

[10:37:10.048 EBOX]
TS=1786204514.734
V_SENSE5=1.24267578125
V_SENSE9=0.0341796875
V_SENSE12=0.13916015625
ADC_V5=5.01800537109375
ADC_V9=9.08905029296875
ADC_V12=11.63787841796875
ADC_V28=27.76275634765625
THERMAL_SENS_OUT_1=27
THERMAL_SENS_OUT_2=-50
THERMAL_SENS_OUT_3=33
THERMAL_SENS_OUT_4=25
THERMAL_SENS_OUT_5=33
THERMAL_SENS_OUT_6=-50
THERMAL_SENS_INT_1=25
THERMAL_SENS_INT_2=27
PG_5=0
PG_9=0
PG_12=0
FLT_P2=0
FLT_P3=0
HEAT_1_TEMP=27
HEAT_1_DUTY=0
HEAT_1_SP=-20.0
HEAT_2_TEMP=33
HEAT_2_DUTY=0
HEAT_2_SP=-20.0
HEAT_3_TEMP=25
HEAT_3_DUTY=0
HEAT_3_SP=-20.0
HEAT_4_TEMP=33
HEAT_4_DUTY=0
HEAT_4_SP=-20.0
MOTOR_ANGLE=0.002281976744186047
MOTOR_ACCUM=1.0487936046511628
MOTOR_ROT=2

[10:37:11.662 CUBESAT]
TS=1786205846.660
PG_5=1
PG_9=0
PG_12=0
FLT_P2=0
FLT_P3=0
HEAT_1_TEMP=0.0
HEAT_1_DUTY=0
HEAT_1_SP=-20.0
ENC_RAW=10008
ENC_ANGLE=219.90234375
ENC_ACCUM=0.0
AUTO_STOP=1
MOTOR_ANGLE=-0.008372093023255813
MOTOR_ACCUM=-27.21767441860465
MOTOR_ROT=-52

[10:37:11.989 EBOX]
TS=1786204516.735
V_SENSE5=1.34033203125
V_SENSE9=0.03173828125
V_SENSE12=0.1416015625
ADC_V5=5.00030517578125
ADC_V9=8.96514892578125
ADC_V12=11.65557861328125
ADC_V28=27.47955322265625
THERMAL_SENS_OUT_1=31
THERMAL_SENS_OUT_2=-50
THERMAL_SENS_OUT_3=32
THERMAL_SENS_OUT_4=28
THERMAL_SENS_OUT_5=29
THERMAL_SENS_OUT_6=-50
THERMAL_SENS_INT_1=26
THERMAL_SENS_INT_2=24
PG_5=0
PG_9=0
PG_12=0
FLT_P2=0
FLT_P3=0
HEAT_1_TEMP=31
HEAT_1_DUTY=0
HEAT_1_SP=-20.0
HEAT_2_TEMP=32
HEAT_2_DUTY=0
HEAT_2_SP=-20.0
HEAT_3_TEMP=28
HEAT_3_DUTY=0
HEAT_3_SP=-20.0
HEAT_4_TEMP=29
HEAT_4_DUTY=0
HEAT_4_SP=-20.0
MOTOR_ANGLE=0.002281976744186047
MOTOR_ACCUM=1.0487936046511628
MOTOR_ROT=2

[10:37:13.705 CUBESAT]
TS=1786205848.663
PG_5=1
PG_9=0
PG_12=0
FLT_P2=0
FLT_P3=0
HEAT_1_TEMP=0.0
HEAT_1_DUTY=0
HEAT_1_SP=-20.0
ENC_RAW=10005
ENC_ANGLE=219.83642578125
ENC_ACCUM=-0.06591796875
AUTO_STOP=1
MOTOR_ANGLE=-0.008372093023255813
MOTOR_ACCUM=-27.21767441860465
MOTOR_ROT=-52

[10:37:14.328 EBOX]
TS=1786204518.737
V_SENSE5=1.2646484375
V_SENSE9=0.0390625
V_SENSE12=0.1318359375
ADC_V5=4.98260498046875
ADC_V9=9.1510009765625
ADC_V12=11.88568115234375
ADC_V28=27.647705078125
THERMAL_SENS_OUT_1=26
THERMAL_SENS_OUT_2=-50
THERMAL_SENS_OUT_3=31
THERMAL_SENS_OUT_4=28
THERMAL_SENS_OUT_5=34
THERMAL_SENS_OUT_6=-50
THERMAL_SENS_INT_1=26
THERMAL_SENS_INT_2=29
PG_5=0
PG_9=0
PG_12=0
FLT_P2=0
FLT_P3=0
HEAT_1_TEMP=26
HEAT_1_DUTY=0
HEAT_1_SP=-20.0
HEAT_2_TEMP=31
HEAT_2_DUTY=0
HEAT_2_SP=-20.0
HEAT_3_TEMP=28
HEAT_3_DUTY=0
HEAT_3_SP=-20.0
HEAT_4_TEMP=34
HEAT_4_DUTY=0
HEAT_4_SP=-20.0
MOTOR_ANGLE=0.0030377906976744185
MOTOR_ACCUM=1.0495494186046512
MOTOR_ROT=2

[10:37:15.660 EBOX]
TS=1786204520.750
V_SENSE5=1.1572265625
V_SENSE9=0.0341796875
V_SENSE12=0.1171875
ADC_V5=4.8321533203125
ADC_V9=9.4342041015625
ADC_V12=11.788330078125
ADC_V28=27.00164794921875
THERMAL_SENS_OUT_1=29
THERMAL_SENS_OUT_2=-50
THERMAL_SENS_OUT_3=28
THERMAL_SENS_OUT_4=31
THERMAL_SENS_OUT_5=32
THERMAL_SENS_OUT_6=-50
THERMAL_SENS_INT_1=24
THERMAL_SENS_INT_2=24
PG_5=0
PG_9=0
PG_12=0
FLT_P2=0
FLT_P3=0
HEAT_1_TEMP=29
HEAT_1_DUTY=0
HEAT_1_SP=-20.0
HEAT_2_TEMP=28
HEAT_2_DUTY=0
HEAT_2_SP=-20.0
HEAT_3_TEMP=31
HEAT_3_DUTY=0
HEAT_3_SP=-20.0
HEAT_4_TEMP=32
HEAT_4_DUTY=0
HEAT_4_SP=-20.0
MOTOR_ANGLE=0.002281976744186047
MOTOR_ACCUM=1.0487936046511628
MOTOR_ROT=2

[10:37:15.765 CUBESAT]
TS=1786205850.663
PG_5=1
PG_9=0
PG_12=0
FLT_P2=0
FLT_P3=0
HEAT_1_TEMP=0.0
HEAT_1_DUTY=10
HEAT_1_SP=-20.0
ENC_RAW=10008
ENC_ANGLE=219.90234375
ENC_ACCUM=0.0
AUTO_STOP=1
MOTOR_ANGLE=-0.008372093023255813
MOTOR_ACCUM=-27.21767441860465
MOTOR_ROT=-52

[10:37:17.896 EBOX]
TS=1786204522.743
V_SENSE5=1.2939453125
V_SENSE9=0.03173828125
V_SENSE12=0.107421875
ADC_V5=4.9737548828125
ADC_V9=9.27490234375
ADC_V12=11.67327880859375
ADC_V28=27.7716064453125
THERMAL_SENS_OUT_1=29
THERMAL_SENS_OUT_2=-50
THERMAL_SENS_OUT_3=29
THERMAL_SENS_OUT_4=26
THERMAL_SENS_OUT_5=30
THERMAL_SENS_OUT_6=-50
THERMAL_SENS_INT_1=23
THERMAL_SENS_INT_2=26
PG_5=0
PG_9=0
PG_12=0
FLT_P2=0
FLT_P3=0
HEAT_1_TEMP=29
HEAT_1_DUTY=0
HEAT_1_SP=-20.0
HEAT_2_TEMP=29
HEAT_2_DUTY=0
HEAT_2_SP=-20.0
HEAT_3_TEMP=26
HEAT_3_DUTY=0
HEAT_3_SP=-20.0
HEAT_4_TEMP=30
HEAT_4_DUTY=0
HEAT_4_SP=-20.0
MOTOR_ANGLE=0.002281976744186047
MOTOR_ACCUM=1.0487936046511628
MOTOR_ROT=2

[10:37:17.900 CUBESAT]
TS=1786205852.665
PG_5=1
PG_9=0
PG_12=0
FLT_P2=0
FLT_P3=0
HEAT_1_TEMP=0.0
HEAT_1_DUTY=0
HEAT_1_SP=-20.0
ENC_RAW=10006
ENC_ANGLE=219.8583984375
ENC_ACCUM=-0.0439453125
AUTO_STOP=1
MOTOR_ANGLE=-0.008372093023255813
MOTOR_ACCUM=-27.21767441860465
MOTOR_ROT=-52

[10:37:19.712 CUBESAT]
TS=1786205854.667
PG_5=1
PG_9=0
PG_12=0
FLT_P2=0
FLT_P3=0
HEAT_1_TEMP=0.0
HEAT_1_DUTY=0
HEAT_1_SP=-20.0
ENC_RAW=10009
ENC_ANGLE=219.92431640625
ENC_ACCUM=0.02197265625
AUTO_STOP=1
MOTOR_ANGLE=-0.008372093023255813
MOTOR_ACCUM=-27.21767441860465
MOTOR_ROT=-52

[10:37:20.134 EBOX]
TS=1786204524.746
V_SENSE5=1.1962890625
V_SENSE9=0.0390625
V_SENSE12=0.1123046875
ADC_V5=4.96490478515625
ADC_V9=9.3988037109375
ADC_V12=11.8414306640625
ADC_V28=27.37335205078125
THERMAL_SENS_OUT_1=29
THERMAL_SENS_OUT_2=-50
THERMAL_SENS_OUT_3=29
THERMAL_SENS_OUT_4=25
THERMAL_SENS_OUT_5=31
THERMAL_SENS_OUT_6=-50
THERMAL_SENS_INT_1=28
THERMAL_SENS_INT_2=29
PG_5=0
PG_9=0
PG_12=0
FLT_P2=0
FLT_P3=0
HEAT_1_TEMP=29
HEAT_1_DUTY=0
HEAT_1_SP=-20.0
HEAT_2_TEMP=29
HEAT_2_DUTY=0
HEAT_2_SP=-20.0
HEAT_3_TEMP=25
HEAT_3_DUTY=0
HEAT_3_SP=-20.0
HEAT_4_TEMP=31
HEAT_4_DUTY=0
HEAT_4_SP=-20.0
MOTOR_ANGLE=0.002281976744186047
MOTOR_ACCUM=1.0487936046511628
MOTOR_ROT=2

[10:37:21.666 EBOX]
TS=1786204526.749
V_SENSE5=1.40380859375
V_SENSE9=0.03662109375
V_SENSE12=0.13916015625
ADC_V5=4.89410400390625
ADC_V9=9.24835205078125
ADC_V12=11.7529296875
ADC_V28=27.55035400390625
THERMAL_SENS_OUT_1=31
THERMAL_SENS_OUT_2=-50
THERMAL_SENS_OUT_3=30
THERMAL_SENS_OUT_4=26
THERMAL_SENS_OUT_5=35
THERMAL_SENS_OUT_6=-50
THERMAL_SENS_INT_1=26
THERMAL_SENS_INT_2=26
PG_5=0
PG_9=0
PG_12=0
FLT_P2=0
FLT_P3=0
HEAT_1_TEMP=31
HEAT_1_DUTY=0
HEAT_1_SP=-20.0
HEAT_2_TEMP=30
HEAT_2_DUTY=0
HEAT_2_SP=-20.0
HEAT_3_TEMP=26
HEAT_3_DUTY=0
HEAT_3_SP=-20.0
HEAT_4_TEMP=35
HEAT_4_DUTY=0
HEAT_4_SP=-20.0
MOTOR_ANGLE=0.0026598837209302327
MOTOR_ACCUM=1.049171511627907
MOTOR_ROT=2

[10:37:21.772 CUBESAT]
TS=1786205856.668
PG_5=1
PG_9=0
PG_12=0
FLT_P2=0
FLT_P3=0
HEAT_1_TEMP=0.0
HEAT_1_DUTY=0
HEAT_1_SP=-20.0
ENC_RAW=10008
ENC_ANGLE=219.90234375
ENC_ACCUM=0.0
AUTO_STOP=1
MOTOR_ANGLE=-0.008372093023255813
MOTOR_ACCUM=-27.21767441860465
MOTOR_ROT=-52

[10:37:23.702 EBOX]
TS=1786204528.752
V_SENSE5=1.27685546875
V_SENSE9=0.03173828125
V_SENSE12=0.11962890625
ADC_V5=4.96490478515625
ADC_V9=8.92974853515625
ADC_V12=11.82373046875
ADC_V28=26.8511962890625
THERMAL_SENS_OUT_1=27
THERMAL_SENS_OUT_2=-50
THERMAL_SENS_OUT_3=31
THERMAL_SENS_OUT_4=26
THERMAL_SENS_OUT_5=35
THERMAL_SENS_OUT_6=-50
THERMAL_SENS_INT_1=27
THERMAL_SENS_INT_2=25
PG_5=0
PG_9=0
PG_12=0
FLT_P2=0
FLT_P3=0
HEAT_1_TEMP=27
HEAT_1_DUTY=0
HEAT_1_SP=-20.0
HEAT_2_TEMP=31
HEAT_2_DUTY=0
HEAT_2_SP=-20.0
HEAT_3_TEMP=26
HEAT_3_DUTY=0
HEAT_3_SP=-20.0
HEAT_4_TEMP=35
HEAT_4_DUTY=0
HEAT_4_SP=-20.0
MOTOR_ANGLE=0.0030377906976744185
MOTOR_ACCUM=1.0495494186046512
MOTOR_ROT=2

[10:37:23.706 CUBESAT]
TS=1786205858.670
PG_5=1
PG_9=0
PG_12=0
FLT_P2=0
FLT_P3=0
HEAT_1_TEMP=0.0
HEAT_1_DUTY=0
HEAT_1_SP=-20.0
ENC_RAW=10008
ENC_ANGLE=219.90234375
ENC_ACCUM=0.0
AUTO_STOP=1
MOTOR_ANGLE=-0.008372093023255813
MOTOR_ACCUM=-27.21767441860465
MOTOR_ROT=-52

[10:37:25.738 EBOX]
TS=1786204530.755
V_SENSE5=1.2158203125
V_SENSE9=0.0390625
V_SENSE12=0.1318359375
ADC_V5=4.92950439453125
ADC_V9=8.98284912109375
ADC_V12=11.82373046875
ADC_V28=27.51495361328125
THERMAL_SENS_OUT_1=26
THERMAL_SENS_OUT_2=-50
THERMAL_SENS_OUT_3=33
THERMAL_SENS_OUT_4=28
THERMAL_SENS_OUT_5=34
THERMAL_SENS_OUT_6=-50
THERMAL_SENS_INT_1=27
THERMAL_SENS_INT_2=29
PG_5=0
PG_9=0
PG_12=0
FLT_P2=0
FLT_P3=0
HEAT_1_TEMP=26
HEAT_1_DUTY=0
HEAT_1_SP=-20.0
HEAT_2_TEMP=33
HEAT_2_DUTY=0
HEAT_2_SP=-20.0
HEAT_3_TEMP=28
HEAT_3_DUTY=0
HEAT_3_SP=-20.0
HEAT_4_TEMP=34
HEAT_4_DUTY=0
HEAT_4_SP=-20.0
MOTOR_ANGLE=0.002281976744186047
MOTOR_ACCUM=1.0487936046511628
MOTOR_ROT=2

[10:37:25.742 CUBESAT]
TS=1786205860.672
PG_5=1
PG_9=0
PG_12=0
FLT_P2=0
FLT_P3=0
HEAT_1_TEMP=0.0
HEAT_1_DUTY=10
HEAT_1_SP=-20.0
ENC_RAW=10008
ENC_ANGLE=219.90234375
ENC_ACCUM=0.0
AUTO_STOP=1
MOTOR_ANGLE=-0.008372093023255813
MOTOR_ACCUM=-27.21767441860465
MOTOR_ROT=-52

[10:37:27.673 EBOX]
TS=1786204532.759
V_SENSE5=1.298828125
V_SENSE9=0.03173828125
V_SENSE12=0.107421875
ADC_V5=4.91180419921875
ADC_V9=8.8677978515625
ADC_V12=11.8414306640625
ADC_V28=27.8070068359375
THERMAL_SENS_OUT_1=28
THERMAL_SENS_OUT_2=-50
THERMAL_SENS_OUT_3=34
THERMAL_SENS_OUT_4=27
THERMAL_SENS_OUT_5=30
THERMAL_SENS_OUT_6=-50
THERMAL_SENS_INT_1=24
THERMAL_SENS_INT_2=29
PG_5=0
PG_9=0
PG_12=0
FLT_P2=0
FLT_P3=0
HEAT_1_TEMP=28
HEAT_1_DUTY=0
HEAT_1_SP=-20.0
HEAT_2_TEMP=34
HEAT_2_DUTY=0
HEAT_2_SP=-20.0
HEAT_3_TEMP=27
HEAT_3_DUTY=0
HEAT_3_SP=-20.0
HEAT_4_TEMP=30
HEAT_4_DUTY=0
HEAT_4_SP=-20.0
MOTOR_ANGLE=0.002281976744186047
MOTOR_ACCUM=1.0487936046511628
MOTOR_ROT=2

[10:37:27.778 CUBESAT]
TS=1786205862.675
PG_5=1
PG_9=0
PG_12=0
FLT_P2=0
FLT_P3=0
HEAT_1_TEMP=0.0
HEAT_1_DUTY=0
HEAT_1_SP=-20.0
ENC_RAW=10008
ENC_ANGLE=219.90234375
ENC_ACCUM=0.0
AUTO_STOP=1
MOTOR_ANGLE=-0.008372093023255813
MOTOR_ACCUM=-27.21767441860465
MOTOR_ROT=-52

[10:37:29.716 EBOX]
TS=1786204534.766
V_SENSE5=1.29638671875
V_SENSE9=0.03662109375
V_SENSE12=0.1123046875
ADC_V5=4.991455078125
ADC_V9=9.28375244140625
ADC_V12=11.70867919921875
ADC_V28=27.78045654296875
THERMAL_SENS_OUT_1=28
THERMAL_SENS_OUT_2=-50
THERMAL_SENS_OUT_3=29
THERMAL_SENS_OUT_4=27
THERMAL_SENS_OUT_5=29
THERMAL_SENS_OUT_6=-50
THERMAL_SENS_INT_1=27
THERMAL_SENS_INT_2=29
PG_5=0
PG_9=0
PG_12=0
FLT_P2=0
FLT_P3=0
HEAT_1_TEMP=28
HEAT_1_DUTY=0
HEAT_1_SP=-20.0
HEAT_2_TEMP=29
HEAT_2_DUTY=0
HEAT_2_SP=-20.0
HEAT_3_TEMP=27
HEAT_3_DUTY=0
HEAT_3_SP=-20.0
HEAT_4_TEMP=29
HEAT_4_DUTY=0
HEAT_4_SP=-20.0
MOTOR_ANGLE=0.002281976744186047
MOTOR_ACCUM=1.0487936046511628
MOTOR_ROT=2

[10:37:30.023 CUBESAT]
TS=1786205864.677
PG_5=1
PG_9=0
PG_12=0
FLT_P2=0
FLT_P3=0
HEAT_1_TEMP=0.0
HEAT_1_DUTY=0
HEAT_1_SP=-20.0
ENC_RAW=10009
ENC_ANGLE=219.92431640625
ENC_ACCUM=0.02197265625
AUTO_STOP=1
MOTOR_ANGLE=-0.008372093023255813
MOTOR_ACCUM=-27.21767441860465
MOTOR_ROT=-52

[10:37:31.759 EBOX]
TS=1786204536.776
V_SENSE5=1.14501953125
V_SENSE9=0.0390625
V_SENSE12=0.13427734375
ADC_V5=4.9383544921875
ADC_V9=9.05364990234375
ADC_V12=11.9122314453125
ADC_V28=27.647705078125
THERMAL_SENS_OUT_1=27
THERMAL_SENS_OUT_2=-50
THERMAL_SENS_OUT_3=30
THERMAL_SENS_OUT_4=31
THERMAL_SENS_OUT_5=35
THERMAL_SENS_OUT_6=-50
THERMAL_SENS_INT_1=24
THERMAL_SENS_INT_2=25
PG_5=0
PG_9=0
PG_12=0
FLT_P2=0
FLT_P3=0
HEAT_1_TEMP=27
HEAT_1_DUTY=0
HEAT_1_SP=-20.0
HEAT_2_TEMP=30
HEAT_2_DUTY=0
HEAT_2_SP=-20.0
HEAT_3_TEMP=31
HEAT_3_DUTY=0
HEAT_3_SP=-20.0
HEAT_4_TEMP=35
HEAT_4_DUTY=0
HEAT_4_SP=-20.0
MOTOR_ANGLE=0.0030377906976744185
MOTOR_ACCUM=1.0495494186046512
MOTOR_ROT=2

[10:37:32.064 CUBESAT]
TS=1786205866.679
PG_5=1
PG_9=0
PG_12=0
FLT_P2=0
FLT_P3=0
HEAT_1_TEMP=0.0
HEAT_1_DUTY=10
HEAT_1_SP=-20.0
ENC_RAW=10006
ENC_ANGLE=219.8583984375
ENC_ACCUM=-0.0439453125
AUTO_STOP=1
MOTOR_ANGLE=-0.008372093023255813
MOTOR_ACCUM=-27.21767441860465
MOTOR_ROT=-52

[10:37:33.693 EBOX]
TS=1786204538.772
V_SENSE5=1.2744140625
V_SENSE9=0.04150390625
V_SENSE12=0.1318359375
ADC_V5=4.991455078125
ADC_V9=9.168701171875
ADC_V12=11.54937744140625
ADC_V28=27.7716064453125
THERMAL_SENS_OUT_1=26
THERMAL_SENS_OUT_2=-50
THERMAL_SENS_OUT_3=33
THERMAL_SENS_OUT_4=28
THERMAL_SENS_OUT_5=31
THERMAL_SENS_OUT_6=-50
THERMAL_SENS_INT_1=23
THERMAL_SENS_INT_2=26
PG_5=0
PG_9=0
PG_12=0
FLT_P2=0
FLT_P3=0
HEAT_1_TEMP=26
HEAT_1_DUTY=0
HEAT_1_SP=-20.0
HEAT_2_TEMP=33
HEAT_2_DUTY=0
HEAT_2_SP=-20.0
HEAT_3_TEMP=28
HEAT_3_DUTY=0
HEAT_3_SP=-20.0
HEAT_4_TEMP=31
HEAT_4_DUTY=0
HEAT_4_SP=-20.0
MOTOR_ANGLE=0.002281976744186047
MOTOR_ACCUM=1.0487936046511628
MOTOR_ROT=2

[10:37:33.997 CUBESAT]
TS=1786205868.681
PG_5=1
PG_9=0
PG_12=0
FLT_P2=0
FLT_P3=0
HEAT_1_TEMP=0.0
HEAT_1_DUTY=0
HEAT_1_SP=-20.0
ENC_RAW=10006
ENC_ANGLE=219.8583984375
ENC_ACCUM=-0.0439453125
AUTO_STOP=1
MOTOR_ANGLE=-0.008372093023255813
MOTOR_ACCUM=-27.21767441860465
MOTOR_ROT=-52

[10:37:35.712 CUBESAT]
TS=1786205870.682
PG_5=1
PG_9=0
PG_12=0
FLT_P2=0
FLT_P3=0
HEAT_1_TEMP=0.0
HEAT_1_DUTY=0
HEAT_1_SP=-20.0
ENC_RAW=10006
ENC_ANGLE=219.8583984375
ENC_ACCUM=-0.0439453125
AUTO_STOP=1
MOTOR_ANGLE=-0.008372093023255813
MOTOR_ACCUM=-27.21767441860465
MOTOR_ROT=-52

[10:37:36.126 EBOX]
TS=1786204540.778
V_SENSE5=1.40625
V_SENSE9=0.03662109375
V_SENSE12=0.1318359375
ADC_V5=5.00030517578125
ADC_V9=9.10675048828125
ADC_V12=11.6998291015625
ADC_V28=26.8511962890625
THERMAL_SENS_OUT_1=25
THERMAL_SENS_OUT_2=-50
THERMAL_SENS_OUT_3=29
THERMAL_SENS_OUT_4=28
THERMAL_SENS_OUT_5=30
THERMAL_SENS_OUT_6=-50
THERMAL_SENS_INT_1=23
THERMAL_SENS_INT_2=28
PG_5=0
PG_9=0
PG_12=0
FLT_P2=0
FLT_P3=0
HEAT_1_TEMP=25
HEAT_1_DUTY=0
HEAT_1_SP=-20.0
HEAT_2_TEMP=29
HEAT_2_DUTY=0
HEAT_2_SP=-20.0
HEAT_3_TEMP=28
HEAT_3_DUTY=0
HEAT_3_SP=-20.0
HEAT_4_TEMP=30
HEAT_4_DUTY=0
HEAT_4_SP=-20.0
MOTOR_ANGLE=0.002281976744186047
MOTOR_ACCUM=1.0487936046511628
MOTOR_ROT=2

[10:37:37.760 EBOX]
TS=1786204542.775
V_SENSE5=1.2158203125
V_SENSE9=0.0341796875
V_SENSE12=0.107421875
ADC_V5=4.87640380859375
ADC_V9=9.10675048828125
ADC_V12=11.65557861328125
ADC_V28=27.12554931640625
THERMAL_SENS_OUT_1=25
THERMAL_SENS_OUT_2=-50
THERMAL_SENS_OUT_3=32
THERMAL_SENS_OUT_4=25
THERMAL_SENS_OUT_5=33
THERMAL_SENS_OUT_6=-50
THERMAL_SENS_INT_1=28
THERMAL_SENS_INT_2=25
PG_5=0
PG_9=0
PG_12=0
FLT_P2=0
FLT_P3=0
HEAT_1_TEMP=25
HEAT_1_DUTY=0
HEAT_1_SP=-20.0
HEAT_2_TEMP=32
HEAT_2_DUTY=0
HEAT_2_SP=-20.0
HEAT_3_TEMP=25
HEAT_3_DUTY=0
HEAT_3_SP=-20.0
HEAT_4_TEMP=33
HEAT_4_DUTY=0
HEAT_4_SP=-20.0
MOTOR_ANGLE=0.002281976744186047
MOTOR_ACCUM=1.0487936046511628
MOTOR_ROT=2

[10:37:37.765 CUBESAT]
TS=1786205872.684
PG_5=1
PG_9=0
PG_12=0
FLT_P2=0
FLT_P3=0
HEAT_1_TEMP=0.0
HEAT_1_DUTY=0
HEAT_1_SP=-20.0
ENC_RAW=10008
ENC_ANGLE=219.90234375
ENC_ACCUM=0.0
AUTO_STOP=1
MOTOR_ANGLE=-0.008372093023255813
MOTOR_ACCUM=-27.21767441860465
MOTOR_ROT=-52

[10:37:39.695 EBOX]
TS=1786204544.782
V_SENSE5=1.22802734375
V_SENSE9=0.0341796875
V_SENSE12=0.12451171875
ADC_V5=4.9383544921875
ADC_V9=8.85009765625
ADC_V12=11.8768310546875
ADC_V28=26.939697265625
THERMAL_SENS_OUT_1=26
THERMAL_SENS_OUT_2=-50
THERMAL_SENS_OUT_3=30
THERMAL_SENS_OUT_4=30
THERMAL_SENS_OUT_5=32
THERMAL_SENS_OUT_6=-50
THERMAL_SENS_INT_1=25
THERMAL_SENS_INT_2=27
PG_5=0
PG_9=0
PG_12=0
FLT_P2=0
FLT_P3=0
HEAT_1_TEMP=26
HEAT_1_DUTY=0
HEAT_1_SP=-20.0
HEAT_2_TEMP=30
HEAT_2_DUTY=0
HEAT_2_SP=-20.0
HEAT_3_TEMP=30
HEAT_3_DUTY=0
HEAT_3_SP=-20.0
HEAT_4_TEMP=32
HEAT_4_DUTY=0
HEAT_4_SP=-20.0
MOTOR_ANGLE=0.002281976744186047
MOTOR_ACCUM=1.0487936046511628
MOTOR_ROT=2

[10:37:39.800 CUBESAT]
TS=1786205874.685
PG_5=1
PG_9=0
PG_12=0
FLT_P2=0
FLT_P3=0
HEAT_1_TEMP=0.0
HEAT_1_DUTY=0
HEAT_1_SP=-20.0
ENC_RAW=10008
ENC_ANGLE=219.90234375
ENC_ACCUM=0.0
AUTO_STOP=1
MOTOR_ANGLE=-0.008372093023255813
MOTOR_ACCUM=-27.21767441860465
MOTOR_ROT=-52

[10:37:41.732 EBOX]
TS=1786204546.784
V_SENSE5=1.45263671875
V_SENSE9=0.0390625
V_SENSE12=0.10498046875
ADC_V5=4.9029541015625
ADC_V9=9.41650390625
ADC_V12=11.83258056640625
ADC_V28=27.21405029296875
THERMAL_SENS_OUT_1=28
THERMAL_SENS_OUT_2=-50
THERMAL_SENS_OUT_3=31
THERMAL_SENS_OUT_4=25
THERMAL_SENS_OUT_5=34
THERMAL_SENS_OUT_6=-50
THERMAL_SENS_INT_1=27
THERMAL_SENS_INT_2=25
PG_5=0
PG_9=0
PG_12=0
FLT_P2=0
FLT_P3=0
HEAT_1_TEMP=28
HEAT_1_DUTY=0
HEAT_1_SP=-20.0
HEAT_2_TEMP=31
HEAT_2_DUTY=0
HEAT_2_SP=-20.0
HEAT_3_TEMP=25
HEAT_3_DUTY=0
HEAT_3_SP=-20.0
HEAT_4_TEMP=34
HEAT_4_DUTY=0
HEAT_4_SP=-20.0
MOTOR_ANGLE=0.002281976744186047
MOTOR_ACCUM=1.0487936046511628
MOTOR_ROT=2

[10:37:41.735 CUBESAT]
TS=1786205876.688
PG_5=1
PG_9=0
PG_12=0
FLT_P2=0
FLT_P3=0
HEAT_1_TEMP=0.0
HEAT_1_DUTY=10
HEAT_1_SP=-20.0
ENC_RAW=10009
ENC_ANGLE=219.92431640625
ENC_ACCUM=0.02197265625
AUTO_STOP=1
MOTOR_ANGLE=-0.008372093023255813
MOTOR_ACCUM=-27.21767441860465
MOTOR_ROT=-52

[10:37:43.769 EBOX]
TS=1786204548.789
V_SENSE5=1.22802734375
V_SENSE9=0.0390625
V_SENSE12=0.1171875
ADC_V5=4.94720458984375
ADC_V9=9.24835205078125
ADC_V12=11.575927734375
ADC_V28=27.4530029296875
THERMAL_SENS_OUT_1=30
THERMAL_SENS_OUT_2=-50
THERMAL_SENS_OUT_3=29
THERMAL_SENS_OUT_4=29
THERMAL_SENS_OUT_5=31
THERMAL_SENS_OUT_6=-50
THERMAL_SENS_INT_1=24
THERMAL_SENS_INT_2=28
PG_5=0
PG_9=0
PG_12=0
FLT_P2=0
FLT_P3=0
HEAT_1_TEMP=30
HEAT_1_DUTY=0
HEAT_1_SP=-20.0
HEAT_2_TEMP=29
HEAT_2_DUTY=0
HEAT_2_SP=-20.0
HEAT_3_TEMP=29
HEAT_3_DUTY=0
HEAT_3_SP=-20.0
HEAT_4_TEMP=31
HEAT_4_DUTY=0
HEAT_4_SP=-20.0
MOTOR_ANGLE=0.0030377906976744185
MOTOR_ACCUM=1.0495494186046512
MOTOR_ROT=2

[10:37:44.075 CUBESAT]
TS=1786205878.690
PG_5=1
PG_9=0
PG_12=0
FLT_P2=0
FLT_P3=0
HEAT_1_TEMP=0.0
HEAT_1_DUTY=0
HEAT_1_SP=-20.0
ENC_RAW=10007
ENC_ANGLE=219.88037109375
ENC_ACCUM=-0.02197265625
AUTO_STOP=1
MOTOR_ANGLE=-0.008372093023255813
MOTOR_ACCUM=-27.21767441860465
MOTOR_ROT=-52

[10:37:45.701 EBOX]
TS=1786204550.792
V_SENSE5=1.27685546875
V_SENSE9=0.0390625
V_SENSE12=0.1171875
ADC_V5=4.98260498046875
ADC_V9=9.381103515625
ADC_V12=11.929931640625
ADC_V28=27.67425537109375
THERMAL_SENS_OUT_1=25
THERMAL_SENS_OUT_2=-50
THERMAL_SENS_OUT_3=31
THERMAL_SENS_OUT_4=27
THERMAL_SENS_OUT_5=31
THERMAL_SENS_OUT_6=-50
THERMAL_SENS_INT_1=23
THERMAL_SENS_INT_2=29
PG_5=0
PG_9=0
PG_12=0
FLT_P2=0
FLT_P3=0
HEAT_1_TEMP=25
HEAT_1_DUTY=0
HEAT_1_SP=-20.0
HEAT_2_TEMP=31
HEAT_2_DUTY=0
HEAT_2_SP=-20.0
HEAT_3_TEMP=27
HEAT_3_DUTY=0
HEAT_3_SP=-20.0
HEAT_4_TEMP=31
HEAT_4_DUTY=0
HEAT_4_SP=-20.0
MOTOR_ANGLE=0.002281976744186047
MOTOR_ACCUM=1.0487936046511628
MOTOR_ROT=2

[10:37:45.806 CUBESAT]
TS=1786205880.692
PG_5=1
PG_9=0
PG_12=0
FLT_P2=0
FLT_P3=0
HEAT_1_TEMP=0.0
HEAT_1_DUTY=0
HEAT_1_SP=-20.0
ENC_RAW=10007
ENC_ANGLE=219.88037109375
ENC_ACCUM=-0.02197265625
AUTO_STOP=1
MOTOR_ANGLE=-0.008372093023255813
MOTOR_ACCUM=-27.21767441860465
MOTOR_ROT=-52

[10:37:47.738 EBOX]
TS=1786204552.796
V_SENSE5=1.318359375
V_SENSE9=0.0390625
V_SENSE12=0.1318359375
ADC_V5=4.9560546875
ADC_V9=9.44305419921875
ADC_V12=11.58477783203125
ADC_V28=26.9219970703125
THERMAL_SENS_OUT_1=27
THERMAL_SENS_OUT_2=-50
THERMAL_SENS_OUT_3=32
THERMAL_SENS_OUT_4=25
THERMAL_SENS_OUT_5=29
THERMAL_SENS_OUT_6=-50
THERMAL_SENS_INT_1=23
THERMAL_SENS_INT_2=24
PG_5=0
PG_9=0
PG_12=0
FLT_P2=0
FLT_P3=0
HEAT_1_TEMP=27
HEAT_1_DUTY=0
HEAT_1_SP=-20.0
HEAT_2_TEMP=32
HEAT_2_DUTY=0
HEAT_2_SP=-20.0
HEAT_3_TEMP=25
HEAT_3_DUTY=0
HEAT_3_SP=-20.0
HEAT_4_TEMP=29
HEAT_4_DUTY=0
HEAT_4_SP=-20.0
MOTOR_ANGLE=0.002281976744186047
MOTOR_ACCUM=1.0487936046511628
MOTOR_ROT=2

[10:37:48.045 CUBESAT]
TS=1786205882.694
PG_5=1
PG_9=0
PG_12=0
FLT_P2=0
FLT_P3=0
HEAT_1_TEMP=0.0
HEAT_1_DUTY=0
HEAT_1_SP=-20.0
ENC_RAW=10008
ENC_ANGLE=219.90234375
ENC_ACCUM=0.0
AUTO_STOP=1
MOTOR_ANGLE=-0.008372093023255813
MOTOR_ACCUM=-27.21767441860465
MOTOR_ROT=-52

[10:37:49.772 EBOX]
TS=1786204554.799
V_SENSE5=1.30859375
V_SENSE9=0.0390625
V_SENSE12=0.13427734375
ADC_V5=4.9737548828125
ADC_V9=8.9385986328125
ADC_V12=11.85028076171875
ADC_V28=26.939697265625
THERMAL_SENS_OUT_1=27
THERMAL_SENS_OUT_2=-50
THERMAL_SENS_OUT_3=30
THERMAL_SENS_OUT_4=30
THERMAL_SENS_OUT_5=31
THERMAL_SENS_OUT_6=-50
THERMAL_SENS_INT_1=27
THERMAL_SENS_INT_2=25
PG_5=0
PG_9=0
PG_12=0
FLT_P2=0
FLT_P3=0
HEAT_1_TEMP=27
HEAT_1_DUTY=0
HEAT_1_SP=-20.0
HEAT_2_TEMP=30
HEAT_2_DUTY=0
HEAT_2_SP=-20.0
HEAT_3_TEMP=30
HEAT_3_DUTY=0
HEAT_3_SP=-20.0
HEAT_4_TEMP=31
HEAT_4_DUTY=0
HEAT_4_SP=-20.0
MOTOR_ANGLE=0.002281976744186047
MOTOR_ACCUM=1.0487936046511628
MOTOR_ROT=2

[10:37:49.776 CUBESAT]
TS=1786205884.695
PG_5=1
PG_9=0
PG_12=0
FLT_P2=0
FLT_P3=0
HEAT_1_TEMP=0.0
HEAT_1_DUTY=0
HEAT_1_SP=-20.0
ENC_RAW=10007
ENC_ANGLE=219.88037109375
ENC_ACCUM=-0.02197265625
AUTO_STOP=1
MOTOR_ANGLE=-0.008372093023255813
MOTOR_ACCUM=-27.21767441860465
MOTOR_ROT=-52

[10:37:51.791 CUBESAT]
TS=1786205886.697
PG_5=1
PG_9=0
PG_12=0
FLT_P2=0
FLT_P3=0
HEAT_1_TEMP=0.0
HEAT_1_DUTY=10
HEAT_1_SP=-20.0
ENC_RAW=10006
ENC_ANGLE=219.8583984375
ENC_ACCUM=-0.0439453125
AUTO_STOP=1
MOTOR_ANGLE=-0.008372093023255813
MOTOR_ACCUM=-27.21767441860465
MOTOR_ROT=-52

[10:37:53.809 CUBESAT]
TS=1786205888.699
PG_5=1
PG_9=0
PG_12=0
FLT_P2=0
FLT_P3=0
HEAT_1_TEMP=0.0
HEAT_1_DUTY=0
HEAT_1_SP=-20.0
ENC_RAW=10007
ENC_ANGLE=219.88037109375
ENC_ACCUM=-0.02197265625
AUTO_STOP=1
MOTOR_ANGLE=-0.008372093023255813
MOTOR_ACCUM=-27.21767441860465
MOTOR_ROT=-52

[10:37:55.826 CUBESAT]
TS=1786205890.699
PG_5=1
PG_9=0
PG_12=0
FLT_P2=0
FLT_P3=0
HEAT_1_TEMP=0.0
HEAT_1_DUTY=0
HEAT_1_SP=-20.0
ENC_RAW=10010
ENC_ANGLE=219.9462890625
ENC_ACCUM=0.0439453125
AUTO_STOP=1
MOTOR_ANGLE=-0.008372093023255813
MOTOR_ACCUM=-27.21767441860465
MOTOR_ROT=-52

[10:37:57.742 CUBESAT]
TS=1786205892.702
PG_5=1
PG_9=0
PG_12=0
FLT_P2=0
FLT_P3=0
HEAT_1_TEMP=0.0
HEAT_1_DUTY=10
HEAT_1_SP=-20.0
ENC_RAW=10008
ENC_ANGLE=219.90234375
ENC_ACCUM=0.0
AUTO_STOP=1
MOTOR_ANGLE=-0.008372093023255813
MOTOR_ACCUM=-27.21767441860465
MOTOR_ROT=-52

[10:37:59.758 CUBESAT]
TS=1786205894.702
PG_5=1
PG_9=0
PG_12=0
FLT_P2=0
FLT_P3=0
HEAT_1_TEMP=0.0
HEAT_1_DUTY=0
HEAT_1_SP=-20.0
ENC_RAW=10004
ENC_ANGLE=219.814453125
ENC_ACCUM=-0.087890625
AUTO_STOP=1
MOTOR_ANGLE=-0.008372093023255813
MOTOR_ACCUM=-27.21767441860465
MOTOR_ROT=-52

[10:38:01.876 CUBESAT]
TS=1786205896.703
PG_5=1
PG_9=0
PG_12=0
FLT_P2=0
FLT_P3=0
HEAT_1_TEMP=0.0
HEAT_1_DUTY=0
HEAT_1_SP=-20.0
ENC_RAW=10006
ENC_ANGLE=219.8583984375
ENC_ACCUM=-0.0439453125
AUTO_STOP=1
MOTOR_ANGLE=-0.008372093023255813
MOTOR_ACCUM=-27.21767441860465
MOTOR_ROT=-52

[10:38:04.089 CUBESAT]
TS=1786205898.705
PG_5=1
PG_9=0
PG_12=0
FLT_P2=0
FLT_P3=0
HEAT_1_TEMP=0.0
HEAT_1_DUTY=0
HEAT_1_SP=-20.0
ENC_RAW=10008
ENC_ANGLE=219.90234375
ENC_ACCUM=0.0
AUTO_STOP=1
MOTOR_ANGLE=-0.008372093023255813
MOTOR_ACCUM=-27.21767441860465
MOTOR_ROT=-52

[10:38:05.801 CUBESAT]
TS=1786205900.706
PG_5=1
PG_9=0
PG_12=0
FLT_P2=0
FLT_P3=0
HEAT_1_TEMP=0.0
HEAT_1_DUTY=0
HEAT_1_SP=-20.0
ENC_RAW=10008
ENC_ANGLE=219.90234375
ENC_ACCUM=0.0
AUTO_STOP=1
MOTOR_ANGLE=-0.008372093023255813
MOTOR_ACCUM=-27.21767441860465
MOTOR_ROT=-52

[10:38:07.816 CUBESAT]
TS=1786205902.708
PG_5=1
PG_9=0
PG_12=0
FLT_P2=0
FLT_P3=0
HEAT_1_TEMP=0.0
HEAT_1_DUTY=10
HEAT_1_SP=-20.0
ENC_RAW=10007
ENC_ANGLE=219.88037109375
ENC_ACCUM=-0.02197265625
AUTO_STOP=1
MOTOR_ANGLE=-0.008372093023255813
MOTOR_ACCUM=-27.21767441860465
MOTOR_ROT=-52

[10:38:09.831 CUBESAT]
TS=1786205904.710
PG_5=1
PG_9=0
PG_12=0
FLT_P2=0
FLT_P3=0
HEAT_1_TEMP=0.0
HEAT_1_DUTY=0
HEAT_1_SP=-20.0
ENC_RAW=10007
ENC_ANGLE=219.88037109375
ENC_ACCUM=-0.02197265625
AUTO_STOP=1
MOTOR_ANGLE=-0.008372093023255813
MOTOR_ACCUM=-27.21767441860465
MOTOR_ROT=-52

[10:38:11.844 CUBESAT]
TS=1786205906.712
PG_5=1
PG_9=0
PG_12=0
FLT_P2=0
FLT_P3=0
HEAT_1_TEMP=0.0
HEAT_1_DUTY=0
HEAT_1_SP=-20.0
ENC_RAW=10007
ENC_ANGLE=219.88037109375
ENC_ACCUM=-0.02197265625
AUTO_STOP=1
MOTOR_ANGLE=-0.008372093023255813
MOTOR_ACCUM=-27.21767441860465
MOTOR_ROT=-52

[10:38:13.759 CUBESAT]
TS=1786205908.715
PG_5=1
PG_9=0
PG_12=0
FLT_P2=0
FLT_P3=0
HEAT_1_TEMP=0.0
HEAT_1_DUTY=0
HEAT_1_SP=-20.0
ENC_RAW=10009
ENC_ANGLE=219.92431640625
ENC_ACCUM=0.02197265625
AUTO_STOP=1
MOTOR_ANGLE=-0.008372093023255813
MOTOR_ACCUM=-27.21767441860465
MOTOR_ROT=-52

[10:38:16.075 CUBESAT]
TS=1786205910.715
PG_5=1
PG_9=0
PG_12=0
FLT_P2=0
FLT_P3=0
HEAT_1_TEMP=0.0
HEAT_1_DUTY=0
HEAT_1_SP=-20.0
ENC_RAW=10008
ENC_ANGLE=219.90234375
ENC_ACCUM=0.0
AUTO_STOP=1
MOTOR_ANGLE=-0.008372093023255813
MOTOR_ACCUM=-27.21767441860465
MOTOR_ROT=-52

[10:38:17.788 CUBESAT]
TS=1786205912.718
PG_5=1
PG_9=0
PG_12=0
FLT_P2=0
FLT_P3=0
HEAT_1_TEMP=0.0
HEAT_1_DUTY=10
HEAT_1_SP=-20.0
ENC_RAW=10007
ENC_ANGLE=219.88037109375
ENC_ACCUM=-0.02197265625
AUTO_STOP=1
MOTOR_ANGLE=-0.008372093023255813
MOTOR_ACCUM=-27.21767441860465
MOTOR_ROT=-52

[10:38:20.105 CUBESAT]
TS=1786205914.718
PG_5=1
PG_9=0
PG_12=0
FLT_P2=0
FLT_P3=0
HEAT_1_TEMP=0.0
HEAT_1_DUTY=0
HEAT_1_SP=-20.0
ENC_RAW=10006
ENC_ANGLE=219.8583984375
ENC_ACCUM=-0.0439453125
AUTO_STOP=1
MOTOR_ANGLE=-0.008372093023255813
MOTOR_ACCUM=-27.21767441860465
MOTOR_ROT=-52

[10:38:21.817 CUBESAT]
TS=1786205916.721
PG_5=1
PG_9=0
PG_12=0
FLT_P2=0
FLT_P3=0
HEAT_1_TEMP=0.0
HEAT_1_DUTY=0
HEAT_1_SP=-20.0
ENC_RAW=10007
ENC_ANGLE=219.88037109375
ENC_ACCUM=-0.02197265625
AUTO_STOP=1
MOTOR_ANGLE=-0.008372093023255813
MOTOR_ACCUM=-27.21767441860465
MOTOR_ROT=-52

[10:38:24.534 CUBESAT]
TS=1786205918.723
PG_5=1
PG_9=0
PG_12=0
FLT_P2=0
FLT_P3=0
HEAT_1_TEMP=0.0
HEAT_1_DUTY=0
HEAT_1_SP=-20.0
ENC_RAW=10007
ENC_ANGLE=219.88037109375
ENC_ACCUM=-0.02197265625
AUTO_STOP=1
MOTOR_ANGLE=-0.008372093023255813
MOTOR_ACCUM=-27.21767441860465
MOTOR_ROT=-52

[10:38:25.843 CUBESAT]
TS=1786205920.725
PG_5=1
PG_9=0
PG_12=0
FLT_P2=0
FLT_P3=0
HEAT_1_TEMP=0.0
HEAT_1_DUTY=0
HEAT_1_SP=-20.0
ENC_RAW=10006
ENC_ANGLE=219.8583984375
ENC_ACCUM=-0.0439453125
AUTO_STOP=1
MOTOR_ANGLE=-0.008372093023255813
MOTOR_ACCUM=-27.21767441860465
MOTOR_ROT=-52

[10:38:27.856 CUBESAT]
TS=1786205922.727
PG_5=1
PG_9=0
PG_12=0
FLT_P2=0
FLT_P3=0
HEAT_1_TEMP=0.0
HEAT_1_DUTY=10
HEAT_1_SP=-20.0
ENC_RAW=10005
ENC_ANGLE=219.83642578125
ENC_ACCUM=-0.06591796875
AUTO_STOP=1
MOTOR_ANGLE=-0.008372093023255813
MOTOR_ACCUM=-27.21767441860465
MOTOR_ROT=-52

[10:38:30.071 CUBESAT]
TS=1786205924.729
PG_5=1
PG_9=0
PG_12=0
FLT_P2=0
FLT_P3=0
HEAT_1_TEMP=0.0
HEAT_1_DUTY=0
HEAT_1_SP=-20.0
ENC_RAW=10006
ENC_ANGLE=219.8583984375
ENC_ACCUM=-0.0439453125
AUTO_STOP=1
MOTOR_ANGLE=-0.008372093023255813
MOTOR_ACCUM=-27.21767441860465
MOTOR_ROT=-52

[10:38:31.783 CUBESAT]
TS=1786205926.732
PG_5=1
PG_9=0
PG_12=0
FLT_P2=0
FLT_P3=0
HEAT_1_TEMP=0.0
HEAT_1_DUTY=0
HEAT_1_SP=-20.0
ENC_RAW=10008
ENC_ANGLE=219.90234375
ENC_ACCUM=0.0
AUTO_STOP=1
MOTOR_ANGLE=-0.008372093023255813
MOTOR_ACCUM=-27.21767441860465
MOTOR_ROT=-52

[10:38:33.898 CUBESAT]
TS=1786205928.734
PG_5=1
PG_9=0
PG_12=0
FLT_P2=0
FLT_P3=0
HEAT_1_TEMP=0.0
HEAT_1_DUTY=10
HEAT_1_SP=-20.0
ENC_RAW=10006
ENC_ANGLE=219.8583984375
ENC_ACCUM=-0.0439453125
AUTO_STOP=1
MOTOR_ANGLE=-0.008372093023255813
MOTOR_ACCUM=-27.21767441860465
MOTOR_ROT=-52

[10:38:35.811 CUBESAT]
TS=1786205930.736
PG_5=1
PG_9=0
PG_12=0
FLT_P2=0
FLT_P3=0
HEAT_1_TEMP=0.0
HEAT_1_DUTY=0
HEAT_1_SP=-20.0
ENC_RAW=10007
ENC_ANGLE=219.88037109375
ENC_ACCUM=-0.02197265625
AUTO_STOP=1
MOTOR_ANGLE=-0.008372093023255813
MOTOR_ACCUM=-27.21767441860465
MOTOR_ROT=-52

[10:38:37.823 CUBESAT]
TS=1786205932.738
PG_5=1
PG_9=0
PG_12=0
FLT_P2=0
FLT_P3=0
HEAT_1_TEMP=0.0
HEAT_1_DUTY=0
HEAT_1_SP=-20.0
ENC_RAW=10006
ENC_ANGLE=219.8583984375
ENC_ACCUM=-0.0439453125
AUTO_STOP=1
MOTOR_ANGLE=-0.008372093023255813
MOTOR_ACCUM=-27.21767441860465
MOTOR_ROT=-52

[10:38:39.837 CUBESAT]
TS=1786205934.740
PG_5=1
PG_9=0
PG_12=0
FLT_P2=0
FLT_P3=0
HEAT_1_TEMP=0.0
HEAT_1_DUTY=0
HEAT_1_SP=-20.0
ENC_RAW=10007
ENC_ANGLE=219.88037109375
ENC_ACCUM=-0.02197265625
AUTO_STOP=1
MOTOR_ANGLE=-0.008372093023255813
MOTOR_ACCUM=-27.21767441860465
MOTOR_ROT=-52

[10:38:41.852 CUBESAT]
TS=1786205936.742
PG_5=1
PG_9=0
PG_12=0
FLT_P2=0
FLT_P3=0
HEAT_1_TEMP=0.0
HEAT_1_DUTY=0
HEAT_1_SP=-20.0
ENC_RAW=10007
ENC_ANGLE=219.88037109375
ENC_ACCUM=-0.02197265625
AUTO_STOP=1
MOTOR_ANGLE=-0.008372093023255813
MOTOR_ACCUM=-27.21767441860465
MOTOR_ROT=-52

[10:38:44.171 CUBESAT]
TS=1786205938.745
PG_5=1
PG_9=0
PG_12=0
FLT_P2=0
FLT_P3=0
HEAT_1_TEMP=0.0
HEAT_1_DUTY=10
HEAT_1_SP=-20.0
ENC_RAW=10007
ENC_ANGLE=219.88037109375
ENC_ACCUM=-0.02197265625
AUTO_STOP=1
MOTOR_ANGLE=-0.008372093023255813
MOTOR_ACCUM=-27.21767441860465
MOTOR_ROT=-52

[10:38:45.886 CUBESAT]
TS=1786205940.747
PG_5=1
PG_9=0
PG_12=0
FLT_P2=0
FLT_P3=0
HEAT_1_TEMP=0.0
HEAT_1_DUTY=0
HEAT_1_SP=-20.0
ENC_RAW=10005
ENC_ANGLE=219.83642578125
ENC_ACCUM=-0.06591796875
AUTO_STOP=1
MOTOR_ANGLE=-0.008372093023255813
MOTOR_ACCUM=-27.21767441860465
MOTOR_ROT=-52

[10:38:47.902 CUBESAT]
TS=1786205942.748
PG_5=1
PG_9=0
PG_12=0
FLT_P2=0
FLT_P3=0
HEAT_1_TEMP=0.0
HEAT_1_DUTY=0
HEAT_1_SP=-20.0
ENC_RAW=10005
ENC_ANGLE=219.83642578125
ENC_ACCUM=-0.06591796875
AUTO_STOP=1
MOTOR_ANGLE=-0.008372093023255813
MOTOR_ACCUM=-27.21767441860465
MOTOR_ROT=-52

