[22:43:15.583 EBOX]
TS=1786207122.748
V_SENSE5=0.83984375
V_SENSE9=0.05126953125
V_SENSE12=0.1171875
ADC_V5=4.89410400390625
ADC_V9=9.13330078125
ADC_V12=11.95648193359375
ADC_V28=28.10791015625
THERMAL_SENS_OUT_1=34
THERMAL_SENS_OUT_2=-50
THERMAL_SENS_OUT_3=27
THERMAL_SENS_OUT_4=32
THERMAL_SENS_OUT_5=32
THERMAL_SENS_OUT_6=-50
THERMAL_SENS_INT_1=28
THERMAL_SENS_INT_2=32
PG_5=0
PG_9=0
PG_12=0
FLT_P2=0
FLT_P3=0
HEAT_1_TEMP=34
HEAT_1_DUTY=0
HEAT_1_SP=-20.0
HEAT_2_TEMP=27
HEAT_2_DUTY=0
HEAT_2_SP=-20.0
HEAT_3_TEMP=32
HEAT_3_DUTY=0
HEAT_3_SP=-20.0
HEAT_4_TEMP=32
HEAT_4_DUTY=0
HEAT_4_SP=-20.0
MOTOR_ANGLE=0.008372093023255813
MOTOR_ACCUM=2.1013953488372095
MOTOR_ROT=4

[22:43:17.463 EBOX]
TS=1786207124.744
V_SENSE5=0.83984375
V_SENSE9=0.0341796875
V_SENSE12=0.11474609375
ADC_V5=4.85870361328125
ADC_V9=9.05364990234375
ADC_V12=11.88568115234375
ADC_V28=27.8955078125
THERMAL_SENS_OUT_1=32
THERMAL_SENS_OUT_2=-50
THERMAL_SENS_OUT_3=33
THERMAL_SENS_OUT_4=27
THERMAL_SENS_OUT_5=28
THERMAL_SENS_OUT_6=-50
THERMAL_SENS_INT_1=29
THERMAL_SENS_INT_2=29
PG_5=0
PG_9=0
PG_12=0
FLT_P2=0
FLT_P3=0
HEAT_1_TEMP=32
HEAT_1_DUTY=0
HEAT_1_SP=-20.0
HEAT_2_TEMP=33
HEAT_2_DUTY=0
HEAT_2_SP=-20.0
HEAT_3_TEMP=27
HEAT_3_DUTY=0
HEAT_3_SP=-20.0
HEAT_4_TEMP=28
HEAT_4_DUTY=0
HEAT_4_SP=-20.0
MOTOR_ANGLE=0.008372093023255813
MOTOR_ACCUM=2.1013953488372095
MOTOR_ROT=4

[22:43:19.487 EBOX]
TS=1786207126.745
V_SENSE5=0.8544921875
V_SENSE9=0.0341796875
V_SENSE12=0.10986328125
ADC_V5=5.23040771484375
ADC_V9=9.26605224609375
ADC_V12=11.49627685546875
ADC_V28=27.42645263671875
THERMAL_SENS_OUT_1=29
THERMAL_SENS_OUT_2=-50
THERMAL_SENS_OUT_3=27
THERMAL_SENS_OUT_4=27
THERMAL_SENS_OUT_5=33
THERMAL_SENS_OUT_6=-50
THERMAL_SENS_INT_1=27
THERMAL_SENS_INT_2=31
PG_5=0
PG_9=0
PG_12=0
FLT_P2=0
FLT_P3=0
HEAT_1_TEMP=29
HEAT_1_DUTY=0
HEAT_1_SP=-20.0
HEAT_2_TEMP=27
HEAT_2_DUTY=0
HEAT_2_SP=-20.0
HEAT_3_TEMP=27
HEAT_3_DUTY=0
HEAT_3_SP=-20.0
HEAT_4_TEMP=33
HEAT_4_DUTY=0
HEAT_4_SP=-20.0
MOTOR_ANGLE=0.008372093023255813
MOTOR_ACCUM=2.1013953488372095
MOTOR_ROT=4

[22:43:19.601 CUBESAT]
TS=1786208456.433
PG_5=1
PG_9=0
PG_12=0
FLT_P2=0
FLT_P3=0
HEAT_1_TEMP=0.0
HEAT_1_DUTY=10
HEAT_1_SP=-20.0
ENC_RAW=11074
ENC_ANGLE=243.3251953125
ENC_ACCUM=0.0439453125
AUTO_STOP=1
MOTOR_ANGLE=0.0030377906976744185
MOTOR_ACCUM=14.654200581395349
MOTOR_ROT=28

[22:43:21.504 EBOX]
TS=1786207128.746
V_SENSE5=0.8349609375
V_SENSE9=0.0341796875
V_SENSE12=0.1123046875
ADC_V5=4.8321533203125
ADC_V9=9.17755126953125
ADC_V12=11.89453125
ADC_V28=27.42645263671875
THERMAL_SENS_OUT_1=30
THERMAL_SENS_OUT_2=-50
THERMAL_SENS_OUT_3=30
THERMAL_SENS_OUT_4=33
THERMAL_SENS_OUT_5=32
THERMAL_SENS_OUT_6=-50
THERMAL_SENS_INT_1=26
THERMAL_SENS_INT_2=32
PG_5=0
PG_9=0
PG_12=0
FLT_P2=0
FLT_P3=0
HEAT_1_TEMP=30
HEAT_1_DUTY=0
HEAT_1_SP=-20.0
HEAT_2_TEMP=30
HEAT_2_DUTY=0
HEAT_2_SP=-20.0
HEAT_3_TEMP=33
HEAT_3_DUTY=0
HEAT_3_SP=-20.0
HEAT_4_TEMP=32
HEAT_4_DUTY=0
HEAT_4_SP=-20.0
MOTOR_ANGLE=0.008372093023255813
MOTOR_ACCUM=2.1013953488372095
MOTOR_ROT=4

[22:43:21.614 CUBESAT]
TS=1786208458.435
PG_5=1
PG_9=0
PG_12=0
FLT_P2=0
FLT_P3=0
HEAT_1_TEMP=0.0
HEAT_1_DUTY=0
HEAT_1_SP=-20.0
ENC_RAW=11072
ENC_ANGLE=243.28125
ENC_ACCUM=0.0
AUTO_STOP=1
MOTOR_ANGLE=0.0030377906976744185
MOTOR_ACCUM=14.654200581395349
MOTOR_ROT=28

[22:43:23.420 EBOX]
TS=1786207130.751
V_SENSE5=0.87646484375
V_SENSE9=0.0390625
V_SENSE12=0.11474609375
ADC_V5=4.9737548828125
ADC_V9=9.3634033203125
ADC_V12=11.8768310546875
ADC_V28=28.072509765625
THERMAL_SENS_OUT_1=27
THERMAL_SENS_OUT_2=-50
THERMAL_SENS_OUT_3=28
THERMAL_SENS_OUT_4=28
THERMAL_SENS_OUT_5=32
THERMAL_SENS_OUT_6=-50
THERMAL_SENS_INT_1=27
THERMAL_SENS_INT_2=27
PG_5=0
PG_9=0
PG_12=0
FLT_P2=0
FLT_P3=0
HEAT_1_TEMP=27
HEAT_1_DUTY=0
HEAT_1_SP=-20.0
HEAT_2_TEMP=28
HEAT_2_DUTY=0
HEAT_2_SP=-20.0
HEAT_3_TEMP=28
HEAT_3_DUTY=0
HEAT_3_SP=-20.0
HEAT_4_TEMP=32
HEAT_4_DUTY=0
HEAT_4_SP=-20.0
MOTOR_ANGLE=0.008372093023255813
MOTOR_ACCUM=2.1013953488372095
MOTOR_ROT=4

[22:43:23.529 CUBESAT]
TS=1786208460.437
PG_5=1
PG_9=0
PG_12=0
FLT_P2=0
FLT_P3=0
HEAT_1_TEMP=0.0
HEAT_1_DUTY=0
HEAT_1_SP=-20.0
ENC_RAW=11071
ENC_ANGLE=243.25927734375
ENC_ACCUM=-0.02197265625
AUTO_STOP=1
MOTOR_ANGLE=0.0030377906976744185
MOTOR_ACCUM=14.654200581395349
MOTOR_ROT=28

[22:43:24.033 CUBESAT]
TS=1786208462.539
PG_5=1
PG_9=0
PG_12=0
FLT_P2=0
FLT_P3=0
HEAT_1_TEMP=0.0
HEAT_1_DUTY=10
HEAT_1_SP=-20.0
ENC_RAW=11076
ENC_ANGLE=243.369140625
ENC_ACCUM=0.087890625
AUTO_STOP=1
MOTOR_ANGLE=0.0030377906976744185
MOTOR_ACCUM=14.654200581395349
MOTOR_ROT=28

[22:43:24.538 CUBESAT]
TS=1786208463.040
PG_5=1
PG_9=0
PG_12=0
FLT_P2=0
FLT_P3=0
HEAT_1_TEMP=0.0
HEAT_1_DUTY=0
HEAT_1_SP=-20.0
ENC_RAW=11074
ENC_ANGLE=243.3251953125
ENC_ACCUM=0.0439453125
AUTO_STOP=1
MOTOR_ANGLE=0.0030377906976744185
MOTOR_ACCUM=14.654200581395349
MOTOR_ROT=28

[22:43:25.042 CUBESAT]
TS=1786208463.541
PG_5=1
PG_9=0
PG_12=0
FLT_P2=0
FLT_P3=0
HEAT_1_TEMP=0.0
HEAT_1_DUTY=0
HEAT_1_SP=-20.0
ENC_RAW=11072
ENC_ANGLE=243.28125
ENC_ACCUM=0.0
AUTO_STOP=1
MOTOR_ANGLE=0.0030377906976744185
MOTOR_ACCUM=14.654200581395349
MOTOR_ROT=28

[22:43:25.438 EBOX]
TS=1786207133.454
V_SENSE5=0.859375
V_SENSE9=0.0390625
V_SENSE12=0.13671875
ADC_V5=4.89410400390625
ADC_V9=9.0625
ADC_V12=11.67327880859375
ADC_V28=28.0548095703125
THERMAL_SENS_OUT_1=28
THERMAL_SENS_OUT_2=-50
THERMAL_SENS_OUT_3=27
THERMAL_SENS_OUT_4=33
THERMAL_SENS_OUT_5=28
THERMAL_SENS_OUT_6=-50
THERMAL_SENS_INT_1=29
THERMAL_SENS_INT_2=30
PG_5=0
PG_9=0
PG_12=0
FLT_P2=0
FLT_P3=0
HEAT_1_TEMP=28
HEAT_1_DUTY=0
HEAT_1_SP=-20.0
HEAT_2_TEMP=27
HEAT_2_DUTY=0
HEAT_2_SP=-20.0
HEAT_3_TEMP=33
HEAT_3_DUTY=0
HEAT_3_SP=-20.0
HEAT_4_TEMP=28
HEAT_4_DUTY=0
HEAT_4_SP=-20.0
MOTOR_ANGLE=0.008372093023255813
MOTOR_ACCUM=2.1013953488372095
MOTOR_ROT=4

[22:43:25.547 CUBESAT]
TS=1786208464.042
PG_5=1
PG_9=0
PG_12=0
FLT_P2=0
FLT_P3=0
HEAT_1_TEMP=0.0
HEAT_1_DUTY=0
HEAT_1_SP=-20.0
ENC_RAW=11076
ENC_ANGLE=243.369140625
ENC_ACCUM=0.087890625
AUTO_STOP=1
MOTOR_ANGLE=0.0030377906976744185
MOTOR_ACCUM=14.654200581395349
MOTOR_ROT=28

[22:43:26.051 CUBESAT]
TS=1786208464.543
PG_5=1
PG_9=0
PG_12=0
FLT_P2=0
FLT_P3=0
HEAT_1_TEMP=0.0
HEAT_1_DUTY=0
HEAT_1_SP=-20.0
ENC_RAW=11073
ENC_ANGLE=243.30322265625
ENC_ACCUM=0.02197265625
AUTO_STOP=1
MOTOR_ANGLE=0.0030377906976744185
MOTOR_ACCUM=14.654200581395349
MOTOR_ROT=28

[22:43:26.247 EBOX]
TS=1786207133.955
V_SENSE5=0.86669921875
V_SENSE9=0.03662109375
V_SENSE12=0.1220703125
ADC_V5=4.8675537109375
ADC_V9=9.19525146484375
ADC_V12=11.575927734375
ADC_V28=27.00164794921875
THERMAL_SENS_OUT_1=27
THERMAL_SENS_OUT_2=-50
THERMAL_SENS_OUT_3=26
THERMAL_SENS_OUT_4=28
THERMAL_SENS_OUT_5=31
THERMAL_SENS_OUT_6=-50
THERMAL_SENS_INT_1=27
THERMAL_SENS_INT_2=30
PG_5=0
PG_9=0
PG_12=0
FLT_P2=0
FLT_P3=0
HEAT_1_TEMP=27
HEAT_1_DUTY=0
HEAT_1_SP=-20.0
HEAT_2_TEMP=26
HEAT_2_DUTY=0
HEAT_2_SP=-20.0
HEAT_3_TEMP=28
HEAT_3_DUTY=0
HEAT_3_SP=-20.0
HEAT_4_TEMP=31
HEAT_4_DUTY=0
HEAT_4_SP=-20.0
MOTOR_ANGLE=0.008372093023255813
MOTOR_ACCUM=2.1013953488372095
MOTOR_ROT=4

[22:43:26.454 EBOX]
TS=1786207134.456
V_SENSE5=0.869140625
V_SENSE9=0.03662109375
V_SENSE12=0.13916015625
ADC_V5=4.92950439453125
ADC_V9=8.78814697265625
ADC_V12=11.88568115234375
ADC_V28=27.11669921875
THERMAL_SENS_OUT_1=28
THERMAL_SENS_OUT_2=-50
THERMAL_SENS_OUT_3=29
THERMAL_SENS_OUT_4=29
THERMAL_SENS_OUT_5=29
THERMAL_SENS_OUT_6=-50
THERMAL_SENS_INT_1=26
THERMAL_SENS_INT_2=27
PG_5=0
PG_9=0
PG_12=0
FLT_P2=0
FLT_P3=0
HEAT_1_TEMP=28
HEAT_1_DUTY=0
HEAT_1_SP=-20.0
HEAT_2_TEMP=29
HEAT_2_DUTY=0
HEAT_2_SP=-20.0
HEAT_3_TEMP=29
HEAT_3_DUTY=0
HEAT_3_SP=-20.0
HEAT_4_TEMP=29
HEAT_4_DUTY=0
HEAT_4_SP=-20.0
MOTOR_ANGLE=0.008372093023255813
MOTOR_ACCUM=2.1013953488372095
MOTOR_ROT=4

[22:43:26.557 CUBESAT]
TS=1786208465.044
PG_5=1
PG_9=0
PG_12=0
FLT_P2=0
FLT_P3=0
HEAT_1_TEMP=0.0
HEAT_1_DUTY=0
HEAT_1_SP=-20.0
ENC_RAW=11075
ENC_ANGLE=243.34716796875
ENC_ACCUM=0.06591796875
AUTO_STOP=1
MOTOR_ANGLE=0.0030377906976744185
MOTOR_ACCUM=14.654200581395349
MOTOR_ROT=28

[22:43:26.963 EBOX]
TS=1786207134.956
V_SENSE5=0.84716796875
V_SENSE9=0.03662109375
V_SENSE12=0.19287109375
ADC_V5=5.0091552734375
ADC_V9=9.345703125
ADC_V12=11.9122314453125
ADC_V28=27.58575439453125
THERMAL_SENS_OUT_1=27
THERMAL_SENS_OUT_2=-50
THERMAL_SENS_OUT_3=30
THERMAL_SENS_OUT_4=29
THERMAL_SENS_OUT_5=30
THERMAL_SENS_OUT_6=-50
THERMAL_SENS_INT_1=25
THERMAL_SENS_INT_2=31
PG_5=0
PG_9=0
PG_12=0
FLT_P2=0
FLT_P3=0
HEAT_1_TEMP=27
HEAT_1_DUTY=0
HEAT_1_SP=-20.0
HEAT_2_TEMP=30
HEAT_2_DUTY=0
HEAT_2_SP=-20.0
HEAT_3_TEMP=29
HEAT_3_DUTY=0
HEAT_3_SP=-20.0
HEAT_4_TEMP=30
HEAT_4_DUTY=0
HEAT_4_SP=-20.0
MOTOR_ANGLE=0.008372093023255813
MOTOR_ACCUM=2.1013953488372095
MOTOR_ROT=4

[22:43:27.167 CUBESAT]
TS=1786208465.546
PG_5=1
PG_9=0
PG_12=0
FLT_P2=0
FLT_P3=0
HEAT_1_TEMP=0.0
HEAT_1_DUTY=0
HEAT_1_SP=-20.0
ENC_RAW=11073
ENC_ANGLE=243.30322265625
ENC_ACCUM=0.02197265625
AUTO_STOP=1
MOTOR_ANGLE=0.0030377906976744185
MOTOR_ACCUM=14.654200581395349
MOTOR_ROT=28

[22:43:27.473 EBOX]
TS=1786207135.460
V_SENSE5=0.83251953125
V_SENSE9=0.0341796875
V_SENSE12=0.1318359375
ADC_V5=4.9560546875
ADC_V9=9.0802001953125
ADC_V12=11.65557861328125
ADC_V28=27.75390625
THERMAL_SENS_OUT_1=30
THERMAL_SENS_OUT_2=-50
THERMAL_SENS_OUT_3=28
THERMAL_SENS_OUT_4=29
THERMAL_SENS_OUT_5=29
THERMAL_SENS_OUT_6=-50
THERMAL_SENS_INT_1=26
THERMAL_SENS_INT_2=31
PG_5=0
PG_9=0
PG_12=0
FLT_P2=0
FLT_P3=0
HEAT_1_TEMP=30
HEAT_1_DUTY=0
HEAT_1_SP=-20.0
HEAT_2_TEMP=28
HEAT_2_DUTY=0
HEAT_2_SP=-20.0
HEAT_3_TEMP=29
HEAT_3_DUTY=0
HEAT_3_SP=-20.0
HEAT_4_TEMP=29
HEAT_4_DUTY=0
HEAT_4_SP=-20.0
MOTOR_ANGLE=0.008372093023255813
MOTOR_ACCUM=2.1013953488372095
MOTOR_ROT=4

[22:43:27.878 CUBESAT]
TS=1786208466.047
PG_5=1
PG_9=0
PG_12=0
FLT_P2=0
FLT_P3=0
HEAT_1_TEMP=0.0
HEAT_1_DUTY=0
HEAT_1_SP=-20.0
ENC_RAW=11073
ENC_ANGLE=243.30322265625
ENC_ACCUM=0.02197265625
AUTO_STOP=1
MOTOR_ANGLE=0.0030377906976744185
MOTOR_ACCUM=14.654200581395349
MOTOR_ROT=28

[22:43:27.981 EBOX]
TS=1786207135.962
V_SENSE5=0.93505859375
V_SENSE9=0.0390625
V_SENSE12=0.1220703125
ADC_V5=5.08880615234375
ADC_V9=9.1864013671875
ADC_V12=11.4874267578125
ADC_V28=27.9840087890625
THERMAL_SENS_OUT_1=29
THERMAL_SENS_OUT_2=-50
THERMAL_SENS_OUT_3=29
THERMAL_SENS_OUT_4=27
THERMAL_SENS_OUT_5=28
THERMAL_SENS_OUT_6=-50
THERMAL_SENS_INT_1=26
THERMAL_SENS_INT_2=30
PG_5=0
PG_9=0
PG_12=0
FLT_P2=0
FLT_P3=0
HEAT_1_TEMP=29
HEAT_1_DUTY=0
HEAT_1_SP=-20.0
HEAT_2_TEMP=29
HEAT_2_DUTY=0
HEAT_2_SP=-20.0
HEAT_3_TEMP=27
HEAT_3_DUTY=0
HEAT_3_SP=-20.0
HEAT_4_TEMP=28
HEAT_4_DUTY=0
HEAT_4_SP=-20.0
MOTOR_ANGLE=0.008372093023255813
MOTOR_ACCUM=2.1013953488372095
MOTOR_ROT=4

[22:43:28.084 CUBESAT]
TS=1786208466.548
PG_5=1
PG_9=0
PG_12=0
FLT_P2=0
FLT_P3=0
HEAT_1_TEMP=0.0
HEAT_1_DUTY=0
HEAT_1_SP=-20.0
ENC_RAW=11074
ENC_ANGLE=243.3251953125
ENC_ACCUM=0.0439453125
AUTO_STOP=1
MOTOR_ANGLE=0.0030377906976744185
MOTOR_ACCUM=14.654200581395349
MOTOR_ROT=28

[22:43:28.590 CUBESAT]
TS=1786208467.057
PG_5=1
PG_9=0
PG_12=0
FLT_P2=0
FLT_P3=0
HEAT_1_TEMP=0.0
HEAT_1_DUTY=0
HEAT_1_SP=-20.0
ENC_RAW=11074
ENC_ANGLE=243.3251953125
ENC_ACCUM=0.0439453125
AUTO_STOP=1
MOTOR_ANGLE=0.0030377906976744185
MOTOR_ACCUM=14.654200581395349
MOTOR_ROT=28

[22:43:28.793 EBOX]
TS=1786207136.464
V_SENSE5=0.86181640625
V_SENSE9=0.0341796875
V_SENSE12=0.15380859375
ADC_V5=4.9560546875
ADC_V9=9.08905029296875
ADC_V12=11.8414306640625
ADC_V28=27.01934814453125
THERMAL_SENS_OUT_1=33
THERMAL_SENS_OUT_2=-50
THERMAL_SENS_OUT_3=28
THERMAL_SENS_OUT_4=30
THERMAL_SENS_OUT_5=28
THERMAL_SENS_OUT_6=-50
THERMAL_SENS_INT_1=32
THERMAL_SENS_INT_2=27
PG_5=0
PG_9=0
PG_12=0
FLT_P2=0
FLT_P3=0
HEAT_1_TEMP=33
HEAT_1_DUTY=0
HEAT_1_SP=-20.0
HEAT_2_TEMP=28
HEAT_2_DUTY=0
HEAT_2_SP=-20.0
HEAT_3_TEMP=30
HEAT_3_DUTY=0
HEAT_3_SP=-20.0
HEAT_4_TEMP=28
HEAT_4_DUTY=0
HEAT_4_SP=-20.0
MOTOR_ANGLE=0.008372093023255813
MOTOR_ACCUM=2.1013953488372095
MOTOR_ROT=4

[22:43:28.999 EBOX]
TS=1786207136.965
V_SENSE5=0.85693359375
V_SENSE9=0.0390625
V_SENSE12=0.1171875
ADC_V5=4.9029541015625
ADC_V9=8.98284912109375
ADC_V12=11.77947998046875
ADC_V28=26.96624755859375
THERMAL_SENS_OUT_1=35
THERMAL_SENS_OUT_2=-50
THERMAL_SENS_OUT_3=27
THERMAL_SENS_OUT_4=32
THERMAL_SENS_OUT_5=30
THERMAL_SENS_OUT_6=-50
THERMAL_SENS_INT_1=31
THERMAL_SENS_INT_2=31
PG_5=0
PG_9=0
PG_12=0
FLT_P2=0
FLT_P3=0
HEAT_1_TEMP=35
HEAT_1_DUTY=0
HEAT_1_SP=-20.0
HEAT_2_TEMP=27
HEAT_2_DUTY=0
HEAT_2_SP=-20.0
HEAT_3_TEMP=32
HEAT_3_DUTY=0
HEAT_3_SP=-20.0
HEAT_4_TEMP=30
HEAT_4_DUTY=0
HEAT_4_SP=-20.0
MOTOR_ANGLE=0.008372093023255813
MOTOR_ACCUM=2.1013953488372095
MOTOR_ROT=4

[22:43:29.103 CUBESAT]
TS=1786208467.561
PG_5=1
PG_9=0
PG_12=0
FLT_P2=0
FLT_P3=0
HEAT_1_TEMP=0.0
HEAT_1_DUTY=0
HEAT_1_SP=-20.0
ENC_RAW=11073
ENC_ANGLE=243.30322265625
ENC_ACCUM=0.02197265625
AUTO_STOP=1
MOTOR_ANGLE=0.0030377906976744185
MOTOR_ACCUM=14.654200581395349
MOTOR_ROT=28

[22:43:29.510 EBOX]
TS=1786207137.468
V_SENSE5=0.8203125
V_SENSE9=0.0341796875
V_SENSE12=0.14892578125
ADC_V5=4.96490478515625
ADC_V9=9.41650390625
ADC_V12=11.7706298828125
ADC_V28=27.74505615234375
THERMAL_SENS_OUT_1=29
THERMAL_SENS_OUT_2=-50
THERMAL_SENS_OUT_3=28
THERMAL_SENS_OUT_4=29
THERMAL_SENS_OUT_5=28
THERMAL_SENS_OUT_6=-50
THERMAL_SENS_INT_1=25
THERMAL_SENS_INT_2=29
PG_5=0
PG_9=0
PG_12=0
FLT_P2=0
FLT_P3=0
HEAT_1_TEMP=29
HEAT_1_DUTY=0
HEAT_1_SP=-20.0
HEAT_2_TEMP=28
HEAT_2_DUTY=0
HEAT_2_SP=-20.0
HEAT_3_TEMP=29
HEAT_3_DUTY=0
HEAT_3_SP=-20.0
HEAT_4_TEMP=28
HEAT_4_DUTY=0
HEAT_4_SP=-20.0
MOTOR_ANGLE=0.008372093023255813
MOTOR_ACCUM=2.1013953488372095
MOTOR_ROT=4

[22:43:29.612 CUBESAT]
TS=1786208468.062
PG_5=1
PG_9=0
PG_12=0
FLT_P2=0
FLT_P3=0
HEAT_1_TEMP=0.0
HEAT_1_DUTY=10
HEAT_1_SP=-20.0
ENC_RAW=11073
ENC_ANGLE=243.30322265625
ENC_ACCUM=0.02197265625
AUTO_STOP=1
MOTOR_ANGLE=0.0030377906976744185
MOTOR_ACCUM=14.654200581395349
MOTOR_ROT=28

[22:43:30.020 EBOX]
TS=1786207137.969
V_SENSE5=0.8544921875
V_SENSE9=0.03662109375
V_SENSE12=0.1171875
ADC_V5=4.88525390625
ADC_V9=9.0093994140625
ADC_V12=11.60247802734375
ADC_V28=26.9573974609375
THERMAL_SENS_OUT_1=34
THERMAL_SENS_OUT_2=-50
THERMAL_SENS_OUT_3=26
THERMAL_SENS_OUT_4=32
THERMAL_SENS_OUT_5=26
THERMAL_SENS_OUT_6=-50
THERMAL_SENS_INT_1=28
THERMAL_SENS_INT_2=27
PG_5=0
PG_9=0
PG_12=0
FLT_P2=0
FLT_P3=0
HEAT_1_TEMP=34
HEAT_1_DUTY=0
HEAT_1_SP=-20.0
HEAT_2_TEMP=26
HEAT_2_DUTY=0
HEAT_2_SP=-20.0
HEAT_3_TEMP=32
HEAT_3_DUTY=0
HEAT_3_SP=-20.0
HEAT_4_TEMP=26
HEAT_4_DUTY=0
HEAT_4_SP=-20.0
MOTOR_ANGLE=0.008372093023255813
MOTOR_ACCUM=2.1013953488372095
MOTOR_ROT=4

[22:43:30.123 CUBESAT]
TS=1786208468.563
PG_5=1
PG_9=0
PG_12=0
FLT_P2=0
FLT_P3=0
HEAT_1_TEMP=0.0
HEAT_1_DUTY=10
HEAT_1_SP=-20.0
ENC_RAW=11075
ENC_ANGLE=243.34716796875
ENC_ACCUM=0.06591796875
AUTO_STOP=1
MOTOR_ANGLE=0.0030377906976744185
MOTOR_ACCUM=14.654200581395349
MOTOR_ROT=28

[22:43:30.628 CUBESAT]
TS=1786208469.069
PG_5=1
PG_9=0
PG_12=0
FLT_P2=0
FLT_P3=0
HEAT_1_TEMP=0.0
HEAT_1_DUTY=0
HEAT_1_SP=-20.0
ENC_RAW=11074
ENC_ANGLE=243.3251953125
ENC_ACCUM=0.0439453125
AUTO_STOP=1
MOTOR_ANGLE=0.0030377906976744185
MOTOR_ACCUM=14.654200581395349
MOTOR_ROT=28

[22:43:31.034 EBOX]
TS=1786207138.473
V_SENSE5=0.8447265625
V_SENSE9=0.0390625
V_SENSE12=0.10009765625
ADC_V5=4.9029541015625
ADC_V9=8.7261962890625
ADC_V12=11.54052734375
ADC_V28=28.072509765625
THERMAL_SENS_OUT_1=32
THERMAL_SENS_OUT_2=-50
THERMAL_SENS_OUT_3=33
THERMAL_SENS_OUT_4=27
THERMAL_SENS_OUT_5=28
THERMAL_SENS_OUT_6=-50
THERMAL_SENS_INT_1=28
THERMAL_SENS_INT_2=29
PG_5=0
PG_9=0
PG_12=0
FLT_P2=0
FLT_P3=0
HEAT_1_TEMP=32
HEAT_1_DUTY=0
HEAT_1_SP=-20.0
HEAT_2_TEMP=33
HEAT_2_DUTY=0
HEAT_2_SP=-20.0
HEAT_3_TEMP=27
HEAT_3_DUTY=0
HEAT_3_SP=-20.0
HEAT_4_TEMP=28
HEAT_4_DUTY=0
HEAT_4_SP=-20.0
MOTOR_ANGLE=0.008372093023255813
MOTOR_ACCUM=2.1013953488372095
MOTOR_ROT=4

[22:43:31.137 CUBESAT]
TS=1786208469.570
PG_5=1
PG_9=0
PG_12=0
FLT_P2=0
FLT_P3=0
HEAT_1_TEMP=0.0
HEAT_1_DUTY=0
HEAT_1_SP=-20.0
ENC_RAW=11072
ENC_ANGLE=243.28125
ENC_ACCUM=0.0
AUTO_STOP=1
MOTOR_ANGLE=0.0030377906976744185
MOTOR_ACCUM=14.654200581395349
MOTOR_ROT=28

[22:43:31.444 EBOX]
TS=1786207138.973
V_SENSE5=0.849609375
V_SENSE9=0.0341796875
V_SENSE12=0.12451171875
ADC_V5=4.920654296875
ADC_V9=9.168701171875
ADC_V12=11.859130859375
ADC_V28=27.68310546875
THERMAL_SENS_OUT_1=32
THERMAL_SENS_OUT_2=-50
THERMAL_SENS_OUT_3=28
THERMAL_SENS_OUT_4=29
THERMAL_SENS_OUT_5=32
THERMAL_SENS_OUT_6=-50
THERMAL_SENS_INT_1=25
THERMAL_SENS_INT_2=28
PG_5=0
PG_9=0
PG_12=0
FLT_P2=0
FLT_P3=0
HEAT_1_TEMP=32
HEAT_1_DUTY=0
HEAT_1_SP=-20.0
HEAT_2_TEMP=28
HEAT_2_DUTY=0
HEAT_2_SP=-20.0
HEAT_3_TEMP=29
HEAT_3_DUTY=0
HEAT_3_SP=-20.0
HEAT_4_TEMP=32
HEAT_4_DUTY=0
HEAT_4_SP=-20.0
MOTOR_ANGLE=0.008372093023255813
MOTOR_ACCUM=2.1013953488372095
MOTOR_ROT=4

[22:43:31.553 EBOX]
TS=1786207139.476
V_SENSE5=0.91552734375
V_SENSE9=0.04638671875
V_SENSE12=0.1123046875
ADC_V5=4.92950439453125
ADC_V9=9.2218017578125
ADC_V12=12.02728271484375
ADC_V28=27.76275634765625
THERMAL_SENS_OUT_1=29
THERMAL_SENS_OUT_2=-50
THERMAL_SENS_OUT_3=30
THERMAL_SENS_OUT_4=26
THERMAL_SENS_OUT_5=26
THERMAL_SENS_OUT_6=-50
THERMAL_SENS_INT_1=29
THERMAL_SENS_INT_2=27
PG_5=0
PG_9=0
PG_12=0
FLT_P2=0
FLT_P3=0
HEAT_1_TEMP=29
HEAT_1_DUTY=0
HEAT_1_SP=-20.0
HEAT_2_TEMP=30
HEAT_2_DUTY=0
HEAT_2_SP=-20.0
HEAT_3_TEMP=26
HEAT_3_DUTY=0
HEAT_3_SP=-20.0
HEAT_4_TEMP=26
HEAT_4_DUTY=0
HEAT_4_SP=-20.0
MOTOR_ANGLE=0.008372093023255813
MOTOR_ACCUM=2.1013953488372095
MOTOR_ROT=4

[22:43:31.857 CUBESAT]
TS=1786208470.071
PG_5=1
PG_9=0
PG_12=0
FLT_P2=0
FLT_P3=0
HEAT_1_TEMP=0.0
HEAT_1_DUTY=0
HEAT_1_SP=-20.0
ENC_RAW=11074
ENC_ANGLE=243.3251953125
ENC_ACCUM=0.0439453125
AUTO_STOP=1
MOTOR_ANGLE=0.0030377906976744185
MOTOR_ACCUM=14.654200581395349
MOTOR_ROT=28

[22:43:31.962 EBOX]
TS=1786207139.976
V_SENSE5=0.859375
V_SENSE9=0.0390625
V_SENSE12=0.12451171875
ADC_V5=4.84100341796875
ADC_V9=9.381103515625
ADC_V12=11.7352294921875
ADC_V28=27.95745849609375
THERMAL_SENS_OUT_1=29
THERMAL_SENS_OUT_2=-50
THERMAL_SENS_OUT_3=32
THERMAL_SENS_OUT_4=28
THERMAL_SENS_OUT_5=27
THERMAL_SENS_OUT_6=-50
THERMAL_SENS_INT_1=26
THERMAL_SENS_INT_2=27
PG_5=0
PG_9=0
PG_12=0
FLT_P2=0
FLT_P3=0
HEAT_1_TEMP=29
HEAT_1_DUTY=0
HEAT_1_SP=-20.0
HEAT_2_TEMP=32
HEAT_2_DUTY=0
HEAT_2_SP=-20.0
HEAT_3_TEMP=28
HEAT_3_DUTY=0
HEAT_3_SP=-20.0
HEAT_4_TEMP=27
HEAT_4_DUTY=0
HEAT_4_SP=-20.0
MOTOR_ANGLE=0.008372093023255813
MOTOR_ACCUM=2.1013953488372095
MOTOR_ROT=4

[22:43:32.367 CUBESAT]
TS=1786208470.576
PG_5=1
PG_9=0
PG_12=0
FLT_P2=0
FLT_P3=0
HEAT_1_TEMP=0.0
HEAT_1_DUTY=0
HEAT_1_SP=-20.0
ENC_RAW=11074
ENC_ANGLE=243.3251953125
ENC_ACCUM=0.0439453125
AUTO_STOP=1
MOTOR_ANGLE=0.0030377906976744185
MOTOR_ACCUM=14.654200581395349
MOTOR_ROT=28

[22:43:32.473 EBOX]
TS=1786207140.470
V_SENSE5=0.8837890625
V_SENSE9=0.03662109375
V_SENSE12=0.1123046875
ADC_V5=4.9737548828125
ADC_V9=8.9739990234375
ADC_V12=11.5936279296875
ADC_V28=27.26715087890625
THERMAL_SENS_OUT_1=30
THERMAL_SENS_OUT_2=-50
THERMAL_SENS_OUT_3=29
THERMAL_SENS_OUT_4=26
THERMAL_SENS_OUT_5=26
THERMAL_SENS_OUT_6=-50
THERMAL_SENS_INT_1=30
THERMAL_SENS_INT_2=29
PG_5=0
PG_9=0
PG_12=0
FLT_P2=0
FLT_P3=0
HEAT_1_TEMP=30
HEAT_1_DUTY=0
HEAT_1_SP=-20.0
HEAT_2_TEMP=29
HEAT_2_DUTY=0
HEAT_2_SP=-20.0
HEAT_3_TEMP=26
HEAT_3_DUTY=0
HEAT_3_SP=-20.0
HEAT_4_TEMP=26
HEAT_4_DUTY=0
HEAT_4_SP=-20.0
MOTOR_ANGLE=0.008372093023255813
MOTOR_ACCUM=2.1013953488372095
MOTOR_ROT=4

[22:43:32.576 CUBESAT]
TS=1786208471.078
PG_5=1
PG_9=0
PG_12=0
FLT_P2=0
FLT_P3=0
HEAT_1_TEMP=0.0
HEAT_1_DUTY=0
HEAT_1_SP=-20.0
ENC_RAW=11162
ENC_ANGLE=245.2587890625
ENC_ACCUM=1.9775390625
AUTO_STOP=1
MOTOR_ANGLE=0.006090116279069768
MOTOR_ACCUM=17.273531976744188
MOTOR_ROT=33

[22:43:32.985 EBOX]
TS=1786207140.971
V_SENSE5=0.908203125
V_SENSE9=0.05126953125
V_SENSE12=0.13427734375
ADC_V5=4.91180419921875
ADC_V9=9.37225341796875
ADC_V12=11.72637939453125
ADC_V28=27.72735595703125
THERMAL_SENS_OUT_1=32
THERMAL_SENS_OUT_2=-50
THERMAL_SENS_OUT_3=28
THERMAL_SENS_OUT_4=25
THERMAL_SENS_OUT_5=30
THERMAL_SENS_OUT_6=-50
THERMAL_SENS_INT_1=26
THERMAL_SENS_INT_2=29
PG_5=0
PG_9=0
PG_12=0
FLT_P2=0
FLT_P3=0
HEAT_1_TEMP=32
HEAT_1_DUTY=0
HEAT_1_SP=-20.0
HEAT_2_TEMP=28
HEAT_2_DUTY=0
HEAT_2_SP=-20.0
HEAT_3_TEMP=25
HEAT_3_DUTY=0
HEAT_3_SP=-20.0
HEAT_4_TEMP=30
HEAT_4_DUTY=0
HEAT_4_SP=-20.0
MOTOR_ANGLE=0.008372093023255813
MOTOR_ACCUM=2.1013953488372095
MOTOR_ROT=4

[22:43:33.088 CUBESAT]
TS=1786208471.580
PG_5=1
PG_9=0
PG_12=0
FLT_P2=0
FLT_P3=0
HEAT_1_TEMP=0.0
HEAT_1_DUTY=0
HEAT_1_SP=-20.0
ENC_RAW=11421
ENC_ANGLE=250.94970703125
ENC_ACCUM=7.66845703125
AUTO_STOP=1
MOTOR_ANGLE=0.004563953488372094
MOTOR_ACCUM=20.934796511627905
MOTOR_ROT=40

[22:43:33.497 EBOX]
TS=1786207141.473
V_SENSE5=0.91796875
V_SENSE9=0.0341796875
V_SENSE12=0.1416015625
ADC_V5=4.87640380859375
ADC_V9=9.2218017578125
ADC_V12=11.67327880859375
ADC_V28=27.55035400390625
THERMAL_SENS_OUT_1=33
THERMAL_SENS_OUT_2=-50
THERMAL_SENS_OUT_3=28
THERMAL_SENS_OUT_4=29
THERMAL_SENS_OUT_5=32
THERMAL_SENS_OUT_6=-50
THERMAL_SENS_INT_1=27
THERMAL_SENS_INT_2=32
PG_5=0
PG_9=0
PG_12=0
FLT_P2=0
FLT_P3=0
HEAT_1_TEMP=33
HEAT_1_DUTY=0
HEAT_1_SP=-20.0
HEAT_2_TEMP=28
HEAT_2_DUTY=0
HEAT_2_SP=-20.0
HEAT_3_TEMP=29
HEAT_3_DUTY=0
HEAT_3_SP=-20.0
HEAT_4_TEMP=32
HEAT_4_DUTY=0
HEAT_4_SP=-20.0
MOTOR_ANGLE=0.008372093023255813
MOTOR_ACCUM=2.1013953488372095
MOTOR_ROT=4

[22:43:33.701 CUBESAT]
TS=1786208472.081
PG_5=1
PG_9=0
PG_12=0
FLT_P2=0
FLT_P3=0
HEAT_1_TEMP=0.0
HEAT_1_DUTY=0
HEAT_1_SP=-20.0
ENC_RAW=11546
ENC_ANGLE=253.6962890625
ENC_ACCUM=10.4150390625
AUTO_STOP=1
MOTOR_ANGLE=0.0007558139534883722
MOTOR_ACCUM=25.11703488372093
MOTOR_ROT=48

[22:43:34.008 EBOX]
TS=1786207141.973
V_SENSE5=0.92041015625
V_SENSE9=0.03662109375
V_SENSE12=0.1171875
ADC_V5=4.87640380859375
ADC_V9=9.027099609375
ADC_V12=11.93878173828125
ADC_V28=27.47955322265625
THERMAL_SENS_OUT_1=29
THERMAL_SENS_OUT_2=-50
THERMAL_SENS_OUT_3=32
THERMAL_SENS_OUT_4=28
THERMAL_SENS_OUT_5=29
THERMAL_SENS_OUT_6=-50
THERMAL_SENS_INT_1=26
THERMAL_SENS_INT_2=32
PG_5=0
PG_9=0
PG_12=0
FLT_P2=0
FLT_P3=0
HEAT_1_TEMP=29
HEAT_1_DUTY=0
HEAT_1_SP=-20.0
HEAT_2_TEMP=32
HEAT_2_DUTY=0
HEAT_2_SP=-20.0
HEAT_3_TEMP=28
HEAT_3_DUTY=0
HEAT_3_SP=-20.0
HEAT_4_TEMP=29
HEAT_4_DUTY=0
HEAT_4_SP=-20.0
MOTOR_ANGLE=0.008372093023255813
MOTOR_ACCUM=2.1013953488372095
MOTOR_ROT=4

[22:43:34.111 CUBESAT]
TS=1786208472.582
PG_5=1
PG_9=0
PG_12=0
FLT_P2=0
FLT_P3=0
HEAT_1_TEMP=0.0
HEAT_1_DUTY=0
HEAT_1_SP=-20.0
ENC_RAW=11701
ENC_ANGLE=257.10205078125
ENC_ACCUM=13.82080078125
AUTO_STOP=1
MOTOR_ANGLE=0.0
MOTOR_ACCUM=27.209302325581394
MOTOR_ROT=52

[22:43:34.617 CUBESAT]
TS=1786208473.084
PG_5=1
PG_9=0
PG_12=0
FLT_P2=0
FLT_P3=0
HEAT_1_TEMP=0.0
HEAT_1_DUTY=10
HEAT_1_SP=-20.0
ENC_RAW=11846
ENC_ANGLE=260.2880859375
ENC_ACCUM=17.0068359375
AUTO_STOP=1
MOTOR_ANGLE=0.0
MOTOR_ACCUM=31.3953488372093
MOTOR_ROT=60

[22:43:34.823 EBOX]
TS=1786207142.482
V_SENSE5=0.869140625
V_SENSE9=0.0390625
V_SENSE12=0.1171875
ADC_V5=5.00030517578125
ADC_V9=8.956298828125
ADC_V12=11.68212890625
ADC_V28=28.02825927734375
THERMAL_SENS_OUT_1=32
THERMAL_SENS_OUT_2=-50
THERMAL_SENS_OUT_3=30
THERMAL_SENS_OUT_4=26
THERMAL_SENS_OUT_5=32
THERMAL_SENS_OUT_6=-50
THERMAL_SENS_INT_1=26
THERMAL_SENS_INT_2=34
PG_5=0
PG_9=0
PG_12=0
FLT_P2=0
FLT_P3=0
HEAT_1_TEMP=32
HEAT_1_DUTY=0
HEAT_1_SP=-20.0
HEAT_2_TEMP=30
HEAT_2_DUTY=0
HEAT_2_SP=-20.0
HEAT_3_TEMP=26
HEAT_3_DUTY=0
HEAT_3_SP=-20.0
HEAT_4_TEMP=32
HEAT_4_DUTY=0
HEAT_4_SP=-20.0
MOTOR_ANGLE=0.008372093023255813
MOTOR_ACCUM=2.1013953488372095
MOTOR_ROT=4

[22:43:35.034 EBOX]
TS=1786207142.983
V_SENSE5=0.83251953125
V_SENSE9=0.03662109375
V_SENSE12=0.126953125
ADC_V5=4.991455078125
ADC_V9=9.17755126953125
ADC_V12=11.6644287109375
ADC_V28=28.11676025390625
THERMAL_SENS_OUT_1=27
THERMAL_SENS_OUT_2=-50
THERMAL_SENS_OUT_3=30
THERMAL_SENS_OUT_4=30
THERMAL_SENS_OUT_5=27
THERMAL_SENS_OUT_6=-50
THERMAL_SENS_INT_1=29
THERMAL_SENS_INT_2=28
PG_5=0
PG_9=0
PG_12=0
FLT_P2=0
FLT_P3=0
HEAT_1_TEMP=27
HEAT_1_DUTY=0
HEAT_1_SP=-20.0
HEAT_2_TEMP=30
HEAT_2_DUTY=0
HEAT_2_SP=-20.0
HEAT_3_TEMP=30
HEAT_3_DUTY=0
HEAT_3_SP=-20.0
HEAT_4_TEMP=27
HEAT_4_DUTY=0
HEAT_4_SP=-20.0
MOTOR_ANGLE=0.008372093023255813
MOTOR_ACCUM=2.1013953488372095
MOTOR_ROT=4

[22:43:35.136 CUBESAT]
TS=1786208473.585
PG_5=1
PG_9=0
PG_12=0
FLT_P2=0
FLT_P3=0
HEAT_1_TEMP=0.0
HEAT_1_DUTY=10
HEAT_1_SP=-20.0
ENC_RAW=12044
ENC_ANGLE=264.638671875
ENC_ACCUM=21.357421875
AUTO_STOP=1
MOTOR_ANGLE=0.0
MOTOR_ACCUM=34.01162790697674
MOTOR_ROT=65

[22:43:35.546 EBOX]
TS=1786207143.484
V_SENSE5=0.87158203125
V_SENSE9=0.03662109375
V_SENSE12=0.13671875
ADC_V5=4.98260498046875
ADC_V9=9.0802001953125
ADC_V12=11.788330078125
ADC_V28=27.00164794921875
THERMAL_SENS_OUT_1=31
THERMAL_SENS_OUT_2=-50
THERMAL_SENS_OUT_3=27
THERMAL_SENS_OUT_4=32
THERMAL_SENS_OUT_5=30
THERMAL_SENS_OUT_6=-50
THERMAL_SENS_INT_1=27
THERMAL_SENS_INT_2=33
PG_5=0
PG_9=0
PG_12=0
FLT_P2=0
FLT_P3=0
HEAT_1_TEMP=31
HEAT_1_DUTY=0
HEAT_1_SP=-20.0
HEAT_2_TEMP=27
HEAT_2_DUTY=0
HEAT_2_SP=-20.0
HEAT_3_TEMP=32
HEAT_3_DUTY=0
HEAT_3_SP=-20.0
HEAT_4_TEMP=30
HEAT_4_DUTY=0
HEAT_4_SP=-20.0
MOTOR_ANGLE=0.008372093023255813
MOTOR_ACCUM=2.1013953488372095
MOTOR_ROT=4

[22:43:35.648 CUBESAT]
TS=1786208474.086
PG_5=1
PG_9=0
PG_12=0
FLT_P2=0
FLT_P3=0
HEAT_1_TEMP=0.0
HEAT_1_DUTY=0
HEAT_1_SP=-20.0
ENC_RAW=12160
ENC_ANGLE=267.1875
ENC_ACCUM=23.90625
AUTO_STOP=1
MOTOR_ANGLE=0.008372093023255813
MOTOR_ACCUM=37.15953488372093
MOTOR_ROT=71

[22:43:36.057 EBOX]
TS=1786207143.986
V_SENSE5=0.85693359375
V_SENSE9=0.0390625
V_SENSE12=0.1318359375
ADC_V5=4.9029541015625
ADC_V9=8.9385986328125
ADC_V12=11.40777587890625
ADC_V28=26.939697265625
THERMAL_SENS_OUT_1=30
THERMAL_SENS_OUT_2=-50
THERMAL_SENS_OUT_3=33
THERMAL_SENS_OUT_4=29
THERMAL_SENS_OUT_5=27
THERMAL_SENS_OUT_6=-50
THERMAL_SENS_INT_1=32
THERMAL_SENS_INT_2=31
PG_5=0
PG_9=0
PG_12=0
FLT_P2=0
FLT_P3=0
HEAT_1_TEMP=30
HEAT_1_DUTY=0
HEAT_1_SP=-20.0
HEAT_2_TEMP=33
HEAT_2_DUTY=0
HEAT_2_SP=-20.0
HEAT_3_TEMP=29
HEAT_3_DUTY=0
HEAT_3_SP=-20.0
HEAT_4_TEMP=27
HEAT_4_DUTY=0
HEAT_4_SP=-20.0
MOTOR_ANGLE=0.008372093023255813
MOTOR_ACCUM=2.1013953488372095
MOTOR_ROT=4

[22:43:36.160 CUBESAT]
TS=1786208474.587
PG_5=1
PG_9=0
PG_12=0
FLT_P2=0
FLT_P3=0
HEAT_1_TEMP=0.0
HEAT_1_DUTY=0
HEAT_1_SP=-20.0
ENC_RAW=12356
ENC_ANGLE=271.494140625
ENC_ACCUM=28.212890625
AUTO_STOP=1
MOTOR_ANGLE=0.008749999999999999
MOTOR_ACCUM=39.77619186046512
MOTOR_ROT=76

[22:43:36.468 EBOX]
TS=1786207144.488
V_SENSE5=0.849609375
V_SENSE9=0.0341796875
V_SENSE12=0.126953125
ADC_V5=5.0091552734375
ADC_V9=9.2926025390625
ADC_V12=11.9476318359375
ADC_V28=27.152099609375
THERMAL_SENS_OUT_1=31
THERMAL_SENS_OUT_2=-50
THERMAL_SENS_OUT_3=34
THERMAL_SENS_OUT_4=30
THERMAL_SENS_OUT_5=28
THERMAL_SENS_OUT_6=-50
THERMAL_SENS_INT_1=28
THERMAL_SENS_INT_2=28
PG_5=0
PG_9=0
PG_12=0
FLT_P2=0
FLT_P3=0
HEAT_1_TEMP=31
HEAT_1_DUTY=0
HEAT_1_SP=-20.0
HEAT_2_TEMP=34
HEAT_2_DUTY=0
HEAT_2_SP=-20.0
HEAT_3_TEMP=30
HEAT_3_DUTY=0
HEAT_3_SP=-20.0
HEAT_4_TEMP=28
HEAT_4_DUTY=0
HEAT_4_SP=-20.0
MOTOR_ANGLE=0.008372093023255813
MOTOR_ACCUM=2.1013953488372095
MOTOR_ROT=4

[22:43:36.772 CUBESAT]
TS=1786208475.089
PG_5=1
PG_9=0
PG_12=0
FLT_P2=0
FLT_P3=0
HEAT_1_TEMP=0.0
HEAT_1_DUTY=0
HEAT_1_SP=-20.0
ENC_RAW=12487
ENC_ANGLE=274.37255859375
ENC_ACCUM=31.09130859375
AUTO_STOP=1
MOTOR_ANGLE=0.003808139534883721
MOTOR_ACCUM=43.9572965116279
MOTOR_ROT=84

[22:43:36.980 EBOX]
TS=1786207144.990
V_SENSE5=0.86181640625
V_SENSE9=0.11474609375
V_SENSE12=0.12939453125
ADC_V5=4.9383544921875
ADC_V9=9.239501953125
ADC_V12=11.65557861328125
ADC_V28=28.11676025390625
THERMAL_SENS_OUT_1=28
THERMAL_SENS_OUT_2=-50
THERMAL_SENS_OUT_3=26
THERMAL_SENS_OUT_4=32
THERMAL_SENS_OUT_5=30
THERMAL_SENS_OUT_6=-50
THERMAL_SENS_INT_1=31
THERMAL_SENS_INT_2=30
PG_5=0
PG_9=0
PG_12=0
FLT_P2=0
FLT_P3=0
HEAT_1_TEMP=28
HEAT_1_DUTY=0
HEAT_1_SP=-20.0
HEAT_2_TEMP=26
HEAT_2_DUTY=0
HEAT_2_SP=-20.0
HEAT_3_TEMP=32
HEAT_3_DUTY=0
HEAT_3_SP=-20.0
HEAT_4_TEMP=30
HEAT_4_DUTY=0
HEAT_4_SP=-20.0
MOTOR_ANGLE=0.008372093023255813
MOTOR_ACCUM=2.1013953488372095
MOTOR_ROT=4

[22:43:37.386 CUBESAT]
TS=1786208475.590
PG_5=1
PG_9=0
PG_12=0
FLT_P2=0
FLT_P3=0
HEAT_1_TEMP=0.0
HEAT_1_DUTY=0
HEAT_1_SP=-20.0
ENC_RAW=12673
ENC_ANGLE=278.45947265625
ENC_ACCUM=35.17822265625
AUTO_STOP=1
MOTOR_ANGLE=0.0015261627906976744
MOTOR_ACCUM=46.57129360465116
MOTOR_ROT=89

[22:43:37.493 EBOX]
TS=1786207145.491
V_SENSE5=0.81298828125
V_SENSE9=0.0341796875
V_SENSE12=0.15380859375
ADC_V5=4.98260498046875
ADC_V9=8.87664794921875
ADC_V12=11.7352294921875
ADC_V28=28.037109375
THERMAL_SENS_OUT_1=33
THERMAL_SENS_OUT_2=-50
THERMAL_SENS_OUT_3=33
THERMAL_SENS_OUT_4=27
THERMAL_SENS_OUT_5=33
THERMAL_SENS_OUT_6=-50
THERMAL_SENS_INT_1=27
THERMAL_SENS_INT_2=33
PG_5=0
PG_9=0
PG_12=0
FLT_P2=0
FLT_P3=0
HEAT_1_TEMP=33
HEAT_1_DUTY=0
HEAT_1_SP=-20.0
HEAT_2_TEMP=33
HEAT_2_DUTY=0
HEAT_2_SP=-20.0
HEAT_3_TEMP=27
HEAT_3_DUTY=0
HEAT_3_SP=-20.0
HEAT_4_TEMP=33
HEAT_4_DUTY=0
HEAT_4_SP=-20.0
MOTOR_ANGLE=0.008372093023255813
MOTOR_ACCUM=2.1013953488372095
MOTOR_ROT=4

[22:43:37.999 CUBESAT]
TS=1786208476.091
PG_5=1
PG_9=0
PG_12=0
FLT_P2=0
FLT_P3=0
HEAT_1_TEMP=0.0
HEAT_1_DUTY=0
HEAT_1_SP=-20.0
ENC_RAW=12800
ENC_ANGLE=281.25
ENC_ACCUM=37.96875
AUTO_STOP=1
MOTOR_ANGLE=0.005334302325581395
MOTOR_ACCUM=50.23789244186046
MOTOR_ROT=96

[22:43:38.107 EBOX]
TS=1786207145.993
V_SENSE5=0.8544921875
V_SENSE9=0.03662109375
V_SENSE12=0.1318359375
ADC_V5=5.01800537109375
ADC_V9=9.40765380859375
ADC_V12=11.9122314453125
ADC_V28=27.4530029296875
THERMAL_SENS_OUT_1=29
THERMAL_SENS_OUT_2=-50
THERMAL_SENS_OUT_3=29
THERMAL_SENS_OUT_4=26
THERMAL_SENS_OUT_5=32
THERMAL_SENS_OUT_6=-50
THERMAL_SENS_INT_1=27
THERMAL_SENS_INT_2=31
PG_5=0
PG_9=0
PG_12=0
FLT_P2=0
FLT_P3=0
HEAT_1_TEMP=29
HEAT_1_DUTY=0
HEAT_1_SP=-20.0
HEAT_2_TEMP=29
HEAT_2_DUTY=0
HEAT_2_SP=-20.0
HEAT_3_TEMP=26
HEAT_3_DUTY=0
HEAT_3_SP=-20.0
HEAT_4_TEMP=32
HEAT_4_DUTY=0
HEAT_4_SP=-20.0
MOTOR_ANGLE=0.008372093023255813
MOTOR_ACCUM=2.1013953488372095
MOTOR_ROT=4

[22:43:38.109 CUBESAT]
TS=1786208476.592
PG_5=1
PG_9=0
PG_12=0
FLT_P2=0
FLT_P3=0
HEAT_1_TEMP=0.0
HEAT_1_DUTY=0
HEAT_1_SP=-20.0
ENC_RAW=12992
ENC_ANGLE=285.46875
ENC_ACCUM=42.1875
AUTO_STOP=1
MOTOR_ANGLE=0.004186046511627906
MOTOR_ACCUM=52.85302325581395
MOTOR_ROT=101

[22:43:38.614 CUBESAT]
TS=1786208477.093
PG_5=1
PG_9=0
PG_12=0
FLT_P2=0
FLT_P3=0
HEAT_1_TEMP=0.0
HEAT_1_DUTY=0
HEAT_1_SP=-20.0
ENC_RAW=13115
ENC_ANGLE=288.17138671875
ENC_ACCUM=44.89013671875
AUTO_STOP=1
MOTOR_ANGLE=0.007223837209302325
MOTOR_ACCUM=56.51885174418605
MOTOR_ROT=108

[22:43:38.822 EBOX]
TS=1786207146.495
V_SENSE5=0.87158203125
V_SENSE9=0.0390625
V_SENSE12=0.15380859375
ADC_V5=4.98260498046875
ADC_V9=9.0093994140625
ADC_V12=11.67327880859375
ADC_V28=27.97515869140625
THERMAL_SENS_OUT_1=28
THERMAL_SENS_OUT_2=-50
THERMAL_SENS_OUT_3=27
THERMAL_SENS_OUT_4=26
THERMAL_SENS_OUT_5=29
THERMAL_SENS_OUT_6=-50
THERMAL_SENS_INT_1=28
THERMAL_SENS_INT_2=32
PG_5=0
PG_9=0
PG_12=0
FLT_P2=0
FLT_P3=0
HEAT_1_TEMP=28
HEAT_1_DUTY=0
HEAT_1_SP=-20.0
HEAT_2_TEMP=27
HEAT_2_DUTY=0
HEAT_2_SP=-20.0
HEAT_3_TEMP=26
HEAT_3_DUTY=0
HEAT_3_SP=-20.0
HEAT_4_TEMP=29
HEAT_4_DUTY=0
HEAT_4_SP=-20.0
MOTOR_ANGLE=0.008372093023255813
MOTOR_ACCUM=2.1013953488372095
MOTOR_ROT=4

[22:43:39.334 EBOX]
TS=1786207146.997
V_SENSE5=0.85693359375
V_SENSE9=0.0341796875
V_SENSE12=0.12451171875
ADC_V5=4.9029541015625
ADC_V9=9.2041015625
ADC_V12=11.8414306640625
ADC_V28=27.79815673828125
THERMAL_SENS_OUT_1=33
THERMAL_SENS_OUT_2=-50
THERMAL_SENS_OUT_3=26
THERMAL_SENS_OUT_4=30
THERMAL_SENS_OUT_5=28
THERMAL_SENS_OUT_6=-50
THERMAL_SENS_INT_1=25
THERMAL_SENS_INT_2=30
PG_5=0
PG_9=0
PG_12=0
FLT_P2=0
FLT_P3=0
HEAT_1_TEMP=33
HEAT_1_DUTY=0
HEAT_1_SP=-20.0
HEAT_2_TEMP=26
HEAT_2_DUTY=0
HEAT_2_SP=-20.0
HEAT_3_TEMP=30
HEAT_3_DUTY=0
HEAT_3_SP=-20.0
HEAT_4_TEMP=28
HEAT_4_DUTY=0
HEAT_4_SP=-20.0
MOTOR_ANGLE=0.008372093023255813
MOTOR_ACCUM=2.1013953488372095
MOTOR_ROT=4

[22:43:39.546 EBOX]
TS=1786207147.499
V_SENSE5=0.8837890625
V_SENSE9=0.0341796875
V_SENSE12=0.13916015625
ADC_V5=4.88525390625
ADC_V9=8.96514892578125
ADC_V12=11.74407958984375
ADC_V28=26.97509765625
THERMAL_SENS_OUT_1=31
THERMAL_SENS_OUT_2=-50
THERMAL_SENS_OUT_3=31
THERMAL_SENS_OUT_4=29
THERMAL_SENS_OUT_5=27
THERMAL_SENS_OUT_6=-50
THERMAL_SENS_INT_1=29
THERMAL_SENS_INT_2=27
PG_5=0
PG_9=0
PG_12=0
FLT_P2=0
FLT_P3=0
HEAT_1_TEMP=31
HEAT_1_DUTY=0
HEAT_1_SP=-20.0
HEAT_2_TEMP=31
HEAT_2_DUTY=0
HEAT_2_SP=-20.0
HEAT_3_TEMP=29
HEAT_3_DUTY=0
HEAT_3_SP=-20.0
HEAT_4_TEMP=27
HEAT_4_DUTY=0
HEAT_4_SP=-20.0
MOTOR_ANGLE=0.008372093023255813
MOTOR_ACCUM=2.1013953488372095
MOTOR_ROT=4

[22:43:39.651 CUBESAT]
TS=1786208477.594
PG_5=1
PG_9=0
PG_12=0
FLT_P2=0
FLT_P3=0
HEAT_1_TEMP=0.0
HEAT_1_DUTY=0
HEAT_1_SP=-20.0
ENC_RAW=13309
ENC_ANGLE=292.43408203125
ENC_ACCUM=49.15283203125
AUTO_STOP=1
MOTOR_ANGLE=0.006090116279069768
MOTOR_ACCUM=59.13399709302326
MOTOR_ROT=113
TS=1786208478.096
PG_5=1
PG_9=0
PG_12=0
FLT_P2=0
FLT_P3=0
HEAT_1_TEMP=0.0
HEAT_1_DUTY=10
HEAT_1_SP=-20.0
ENC_RAW=13439
ENC_ANGLE=295.29052734375
ENC_ACCUM=52.00927734375
AUTO_STOP=1
MOTOR_ANGLE=0.0003779069767441861
MOTOR_ACCUM=63.31433139534884
MOTOR_ROT=121

[22:43:40.068 EBOX]
TS=1786207148.000
V_SENSE5=0.8642578125
V_SENSE9=0.0390625
V_SENSE12=0.10498046875
ADC_V5=4.9560546875
ADC_V9=9.67315673828125
ADC_V12=11.9122314453125
ADC_V28=27.56805419921875
THERMAL_SENS_OUT_1=28
THERMAL_SENS_OUT_2=-50
THERMAL_SENS_OUT_3=29
THERMAL_SENS_OUT_4=32
THERMAL_SENS_OUT_5=26
THERMAL_SENS_OUT_6=-50
THERMAL_SENS_INT_1=27
THERMAL_SENS_INT_2=31
PG_5=0
PG_9=0
PG_12=0
FLT_P2=0
FLT_P3=0
HEAT_1_TEMP=28
HEAT_1_DUTY=0
HEAT_1_SP=-20.0
HEAT_2_TEMP=29
HEAT_2_DUTY=0
HEAT_2_SP=-20.0
HEAT_3_TEMP=32
HEAT_3_DUTY=0
HEAT_3_SP=-20.0
HEAT_4_TEMP=26
HEAT_4_DUTY=0
HEAT_4_SP=-20.0
MOTOR_ANGLE=0.008372093023255813
MOTOR_ACCUM=2.1013953488372095
MOTOR_ROT=4

[22:43:40.172 CUBESAT]
TS=1786208478.597
PG_5=1
PG_9=0
PG_12=0
FLT_P2=0
FLT_P3=0
HEAT_1_TEMP=0.0
HEAT_1_DUTY=10
HEAT_1_SP=-20.0
ENC_RAW=13631
ENC_ANGLE=299.50927734375
ENC_ACCUM=56.22802734375
AUTO_STOP=1
MOTOR_ANGLE=0.008372093023255813
MOTOR_ACCUM=65.41534883720931
MOTOR_ROT=125

[22:43:40.677 CUBESAT]
TS=1786208479.098
PG_5=1
PG_9=0
PG_12=0
FLT_P2=0
FLT_P3=0
HEAT_1_TEMP=0.0
HEAT_1_DUTY=0
HEAT_1_SP=-20.0
ENC_RAW=13685
ENC_ANGLE=300.69580078125
ENC_ACCUM=57.41455078125
AUTO_STOP=1
MOTOR_ANGLE=0.0057122093023255814
MOTOR_ACCUM=67.50571220930233
MOTOR_ROT=129

[22:43:40.883 EBOX]
TS=1786207148.501
V_SENSE5=0.87890625
V_SENSE9=0.11474609375
V_SENSE12=0.15380859375
ADC_V5=4.80560302734375
ADC_V9=9.2572021484375
ADC_V12=11.88568115234375
ADC_V28=27.24945068359375
THERMAL_SENS_OUT_1=29
THERMAL_SENS_OUT_2=-50
THERMAL_SENS_OUT_3=27
THERMAL_SENS_OUT_4=25
THERMAL_SENS_OUT_5=32
THERMAL_SENS_OUT_6=-50
THERMAL_SENS_INT_1=25
THERMAL_SENS_INT_2=27
PG_5=0
PG_9=0
PG_12=0
FLT_P2=0
FLT_P3=0
HEAT_1_TEMP=29
HEAT_1_DUTY=0
HEAT_1_SP=-20.0
HEAT_2_TEMP=27
HEAT_2_DUTY=0
HEAT_2_SP=-20.0
HEAT_3_TEMP=25
HEAT_3_DUTY=0
HEAT_3_SP=-20.0
HEAT_4_TEMP=32
HEAT_4_DUTY=0
HEAT_4_SP=-20.0
MOTOR_ANGLE=0.008372093023255813
MOTOR_ACCUM=2.1013953488372095
MOTOR_ROT=4

[22:43:40.995 EBOX]
TS=1786207149.003
V_SENSE5=0.8447265625
V_SENSE9=0.0390625
V_SENSE12=0.14404296875
ADC_V5=5.08880615234375
ADC_V9=9.27490234375
ADC_V12=11.6290283203125
ADC_V28=27.7716064453125
THERMAL_SENS_OUT_1=28
THERMAL_SENS_OUT_2=-50
THERMAL_SENS_OUT_3=33
THERMAL_SENS_OUT_4=28
THERMAL_SENS_OUT_5=27
THERMAL_SENS_OUT_6=-50
THERMAL_SENS_INT_1=27
THERMAL_SENS_INT_2=33
PG_5=0
PG_9=0
PG_12=0
FLT_P2=0
FLT_P3=0
HEAT_1_TEMP=28
HEAT_1_DUTY=0
HEAT_1_SP=-20.0
HEAT_2_TEMP=33
HEAT_2_DUTY=0
HEAT_2_SP=-20.0
HEAT_3_TEMP=28
HEAT_3_DUTY=0
HEAT_3_SP=-20.0
HEAT_4_TEMP=27
HEAT_4_DUTY=0
HEAT_4_SP=-20.0
MOTOR_ANGLE=0.008372093023255813
MOTOR_ACCUM=2.1013953488372095
MOTOR_ROT=4

[22:43:41.400 CUBESAT]
TS=1786208479.599
PG_5=1
PG_9=0
PG_12=0
FLT_P2=0
FLT_P3=0
HEAT_1_TEMP=0.0
HEAT_1_DUTY=0
HEAT_1_SP=-20.0
ENC_RAW=13663
ENC_ANGLE=300.21240234375
ENC_ACCUM=56.93115234375
AUTO_STOP=1
MOTOR_ANGLE=0.005334302325581395
MOTOR_ACCUM=66.9820784883721
MOTOR_ROT=128

[22:43:41.603 CUBESAT]
TS=1786208480.100
PG_5=1
PG_9=0
PG_12=0
FLT_P2=0
FLT_P3=0
HEAT_1_TEMP=0.0
HEAT_1_DUTY=0
HEAT_1_SP=-20.0
ENC_RAW=13652
ENC_ANGLE=299.970703125
ENC_ACCUM=56.689453125
AUTO_STOP=1
MOTOR_ANGLE=0.006468023255813954
MOTOR_ACCUM=66.45995639534884
MOTOR_ROT=127

[22:43:41.811 EBOX]
TS=1786207149.505
V_SENSE5=0.87158203125
V_SENSE9=0.03662109375
V_SENSE12=0.13671875
ADC_V5=4.91180419921875
ADC_V9=9.0802001953125
ADC_V12=12.02728271484375
ADC_V28=27.67425537109375
THERMAL_SENS_OUT_1=26
THERMAL_SENS_OUT_2=-50
THERMAL_SENS_OUT_3=31
THERMAL_SENS_OUT_4=28
THERMAL_SENS_OUT_5=33
THERMAL_SENS_OUT_6=-50
THERMAL_SENS_INT_1=26
THERMAL_SENS_INT_2=33
PG_5=0
PG_9=0
PG_12=0
FLT_P2=0
FLT_P3=0
HEAT_1_TEMP=26
HEAT_1_DUTY=0
HEAT_1_SP=-20.0
HEAT_2_TEMP=31
HEAT_2_DUTY=0
HEAT_2_SP=-20.0
HEAT_3_TEMP=28
HEAT_3_DUTY=0
HEAT_3_SP=-20.0
HEAT_4_TEMP=33
HEAT_4_DUTY=0
HEAT_4_SP=-20.0
MOTOR_ANGLE=0.008372093023255813
MOTOR_ACCUM=2.1013953488372095
MOTOR_ROT=4

[22:43:42.418 CUBESAT]
TS=1786208480.602
PG_5=1
PG_9=0
PG_12=0
FLT_P2=0
FLT_P3=0
HEAT_1_TEMP=0.0
HEAT_1_DUTY=0
HEAT_1_SP=-20.0
ENC_RAW=13651
ENC_ANGLE=299.94873046875
ENC_ACCUM=56.66748046875
AUTO_STOP=1
MOTOR_ANGLE=0.006468023255813954
MOTOR_ACCUM=66.45995639534884
MOTOR_ROT=127

[22:43:42.622 CUBESAT]
TS=1786208481.103
PG_5=1
PG_9=0
PG_12=0
FLT_P2=0
FLT_P3=0
HEAT_1_TEMP=0.0
HEAT_1_DUTY=0
HEAT_1_SP=-20.0
ENC_RAW=13655
ENC_ANGLE=300.03662109375
ENC_ACCUM=56.75537109375
AUTO_STOP=1
MOTOR_ANGLE=0.007223837209302325
MOTOR_ACCUM=66.46071220930233
MOTOR_ROT=127

[22:43:43.129 CUBESAT]
TS=1786208481.605
PG_5=1
PG_9=0
PG_12=0
FLT_P2=0
FLT_P3=0
HEAT_1_TEMP=0.0
HEAT_1_DUTY=0
HEAT_1_SP=-20.0
ENC_RAW=13653
ENC_ANGLE=299.99267578125
ENC_ACCUM=56.71142578125
AUTO_STOP=1
MOTOR_ANGLE=0.007223837209302325
MOTOR_ACCUM=66.46071220930233
MOTOR_ROT=127

[22:43:43.937 CUBESAT]
TS=1786208482.106
PG_5=1
PG_9=0
PG_12=0
FLT_P2=0
FLT_P3=0
HEAT_1_TEMP=0.0
HEAT_1_DUTY=0
HEAT_1_SP=-20.0
ENC_RAW=13652
ENC_ANGLE=299.970703125
ENC_ACCUM=0.02197265625
AUTO_STOP=1
MOTOR_ANGLE=0.007223837209302325
MOTOR_ACCUM=66.46071220930233
MOTOR_ROT=127

[22:43:44.039 EBOX]
TS=1786207150.007
V_SENSE5=0.8203125
V_SENSE9=0.0341796875
V_SENSE12=0.1171875
ADC_V5=5.0091552734375
ADC_V9=8.9385986328125
ADC_V12=11.51397705078125
ADC_V28=27.69195556640625
THERMAL_SENS_OUT_1=34
THERMAL_SENS_OUT_2=-50
THERMAL_SENS_OUT_3=33
THERMAL_SENS_OUT_4=29
THERMAL_SENS_OUT_5=26
THERMAL_SENS_OUT_6=-50
THERMAL_SENS_INT_1=27
THERMAL_SENS_INT_2=33
PG_5=0
PG_9=0
PG_12=0
FLT_P2=0
FLT_P3=0
HEAT_1_TEMP=34
HEAT_1_DUTY=0
HEAT_1_SP=-20.0
HEAT_2_TEMP=33
HEAT_2_DUTY=0
HEAT_2_SP=-20.0
HEAT_3_TEMP=29
HEAT_3_DUTY=0
HEAT_3_SP=-20.0
HEAT_4_TEMP=26
HEAT_4_DUTY=0
HEAT_4_SP=-20.0
MOTOR_ANGLE=0.008372093023255813
MOTOR_ACCUM=2.1013953488372095
MOTOR_ROT=4

[22:43:44.265 EBOX]
TS=1786207150.609
V_SENSE5=0.8251953125
V_SENSE9=0.0537109375
V_SENSE12=0.1025390625
ADC_V5=5.08880615234375
ADC_V9=8.9385986328125
ADC_V12=11.89453125
ADC_V28=27.40875244140625
THERMAL_SENS_OUT_1=34
THERMAL_SENS_OUT_2=-50
THERMAL_SENS_OUT_3=26
THERMAL_SENS_OUT_4=28
THERMAL_SENS_OUT_5=33
THERMAL_SENS_OUT_6=-50
THERMAL_SENS_INT_1=25
THERMAL_SENS_INT_2=31
PG_5=0
PG_9=0
PG_12=0
FLT_P2=0
FLT_P3=0
HEAT_1_TEMP=34
HEAT_1_DUTY=0
HEAT_1_SP=-20.0
HEAT_2_TEMP=26
HEAT_2_DUTY=0
HEAT_2_SP=-20.0
HEAT_3_TEMP=28
HEAT_3_DUTY=0
HEAT_3_SP=-20.0
HEAT_4_TEMP=33
HEAT_4_DUTY=0
HEAT_4_SP=-20.0
MOTOR_ANGLE=0.008372093023255813
MOTOR_ACCUM=2.1013953488372095
MOTOR_ROT=4
TS=1786207151.112
V_SENSE5=0.8544921875
V_SENSE9=0.03662109375
V_SENSE12=0.14404296875
ADC_V5=4.849853515625
ADC_V9=9.23065185546875
ADC_V12=11.95648193359375
ADC_V28=27.32025146484375
THERMAL_SENS_OUT_1=29
THERMAL_SENS_OUT_2=-50
THERMAL_SENS_OUT_3=29
THERMAL_SENS_OUT_4=25
THERMAL_SENS_OUT_5=31
THERMAL_SENS_OUT_6=-50
THERMAL_SENS_INT_1=25
THERMAL_SENS_INT_2=31
PG_5=0
PG_9=0
PG_12=0
FLT_P2=0
FLT_P3=0
HEAT_1_TEMP=29
HEAT_1_DUTY=0
HEAT_1_SP=-20.0
HEAT_2_TEMP=29
HEAT_2_DUTY=0
HEAT_2_SP=-20.0
HEAT_3_TEMP=25
HEAT_3_DUTY=0
HEAT_3_SP=-20.0
HEAT_4_TEMP=31
HEAT_4_DUTY=0
HEAT_4_SP=-20.0
MOTOR_ANGLE=0.008372093023255813
MOTOR_ACCUM=2.1013953488372095
MOTOR_ROT=4
TS=1786207151.613
V_SENSE5=0.84716796875
V_SENSE9=0.07568359375
V_SENSE12=0.1416015625
ADC_V5=4.9737548828125
ADC_V9=9.13330078125

[22:43:44.383 EBOX]
ADC_V12=11.8060302734375
ADC_V28=26.9927978515625
THERMAL_SENS_OUT_1=32
THERMAL_SENS_OUT_2=-50
THERMAL_SENS_OUT_3=26
THERMAL_SENS_OUT_4=26
THERMAL_SENS_OUT_5=32
THERMAL_SENS_OUT_6=-50
THERMAL_SENS_INT_1=25
THERMAL_SENS_INT_2=31
PG_5=0
PG_9=0
PG_12=0
FLT_P2=0
FLT_P3=0
HEAT_1_TEMP=32
HEAT_1_DUTY=0
HEAT_1_SP=-20.0
HEAT_2_TEMP=26
HEAT_2_DUTY=0
HEAT_2_SP=-20.0
HEAT_3_TEMP=26
HEAT_3_DUTY=0
HEAT_3_SP=-20.0
HEAT_4_TEMP=32
HEAT_4_DUTY=0
HEAT_4_SP=-20.0
MOTOR_ANGLE=0.008372093023255813
MOTOR_ACCUM=2.1013953488372095
MOTOR_ROT=4
TS=1786207152.115
V_SENSE5=0.84716796875
V_SENSE9=0.0390625
V_SENSE12=0.1220703125
ADC_V5=4.87640380859375
ADC_V9=8.956298828125
ADC_V12=11.92108154296875
ADC_V28=27.93975830078125
THERMAL_SENS_OUT_1=33
THERMAL_SENS_OUT_2=-50
THERMAL_SENS_OUT_3=33
THERMAL_SENS_OUT_4=28
THERMAL_SENS_OUT_5=30
THERMAL_SENS_OUT_6=-50
THERMAL_SENS_INT_1=28
THERMAL_SENS_INT_2=32
PG_5=0
PG_9=0
PG_12=0
FLT_P2=0
FLT_P3=0
HEAT_1_TEMP=33
HEAT_1_DUTY=0
HEAT_1_SP=-20.0
HEAT_2_TEMP=33
HEAT_2_DUTY=0
HEAT_2_SP=-20.0
HEAT_3_TEMP=28
HEAT_3_DUTY=0
HEAT_3_SP=-20.0
HEAT_4_TEMP=30
HEAT_4_DUTY=0
HEAT_4_SP=-20.0
MOTOR_ANGLE=0.008372093023255813
MOTOR_ACCUM=2.1013953488372095
MOTOR_ROT=4

[22:43:44.998 EBOX]
TS=1786207152.617
V_SENSE5=0.85693359375
V_SENSE9=0.0341796875
V_SENSE12=0.107421875
ADC_V5=4.9029541015625
ADC_V9=9.15985107421875
ADC_V12=11.56707763671875
ADC_V28=27.92205810546875
THERMAL_SENS_OUT_1=30
THERMAL_SENS_OUT_2=-50
THERMAL_SENS_OUT_3=28
THERMAL_SENS_OUT_4=33
THERMAL_SENS_OUT_5=29
THERMAL_SENS_OUT_6=-50
THERMAL_SENS_INT_1=27
THERMAL_SENS_INT_2=30
PG_5=0
PG_9=0
PG_12=0
FLT_P2=0
FLT_P3=0
HEAT_1_TEMP=30
HEAT_1_DUTY=0
HEAT_1_SP=-20.0
HEAT_2_TEMP=28
HEAT_2_DUTY=0
HEAT_2_SP=-20.0
HEAT_3_TEMP=33
HEAT_3_DUTY=0
HEAT_3_SP=-20.0
HEAT_4_TEMP=29
HEAT_4_DUTY=0
HEAT_4_SP=-20.0
MOTOR_ANGLE=0.008372093023255813
MOTOR_ACCUM=2.1013953488372095
MOTOR_ROT=4

[22:43:45.002 CUBESAT]
TS=1786208482.608
PG_5=1
PG_9=0
PG_12=0
FLT_P2=0
FLT_P3=0
HEAT_1_TEMP=0.0
HEAT_1_DUTY=0
HEAT_1_SP=-20.0
ENC_RAW=13652
ENC_ANGLE=299.970703125
ENC_ACCUM=0.02197265625
AUTO_STOP=1
MOTOR_ANGLE=0.007223837209302325
MOTOR_ACCUM=66.46071220930233
MOTOR_ROT=127
TS=1786208483.109
PG_5=1
PG_9=0
PG_12=0
FLT_P2=0
FLT_P3=0
HEAT_1_TEMP=0.0
HEAT_1_DUTY=10
HEAT_1_SP=-20.0
ENC_RAW=13650
ENC_ANGLE=299.9267578125
ENC_ACCUM=-0.02197265625
AUTO_STOP=1
MOTOR_ANGLE=0.007223837209302325
MOTOR_ACCUM=66.46071220930233
MOTOR_ROT=127

[22:43:45.111 EBOX]
TS=1786207153.120
V_SENSE5=0.91552734375
V_SENSE9=0.05615234375
V_SENSE12=0.16845703125
ADC_V5=4.91180419921875
ADC_V9=9.53155517578125
ADC_V12=11.54937744140625
ADC_V28=27.63885498046875
THERMAL_SENS_OUT_1=29
THERMAL_SENS_OUT_2=-50
THERMAL_SENS_OUT_3=26
THERMAL_SENS_OUT_4=26
THERMAL_SENS_OUT_5=30
THERMAL_SENS_OUT_6=-50
THERMAL_SENS_INT_1=26
THERMAL_SENS_INT_2=27
PG_5=0
PG_9=0
PG_12=0
FLT_P2=0
FLT_P3=0
HEAT_1_TEMP=29
HEAT_1_DUTY=0
HEAT_1_SP=-20.0
HEAT_2_TEMP=26
HEAT_2_DUTY=0
HEAT_2_SP=-20.0
HEAT_3_TEMP=26
HEAT_3_DUTY=0
HEAT_3_SP=-20.0
HEAT_4_TEMP=30
HEAT_4_DUTY=0
HEAT_4_SP=-20.0
MOTOR_ANGLE=0.008372093023255813
MOTOR_ACCUM=2.1013953488372095
MOTOR_ROT=4

[22:43:45.113 CUBESAT]
TS=1786208483.610
PG_5=1
PG_9=0
PG_12=0
FLT_P2=0
FLT_P3=0
HEAT_1_TEMP=0.0
HEAT_1_DUTY=10
HEAT_1_SP=-20.0
ENC_RAW=13651
ENC_ANGLE=299.94873046875
ENC_ACCUM=0.0
AUTO_STOP=1
MOTOR_ANGLE=0.007223837209302325
MOTOR_ACCUM=66.46071220930233
MOTOR_ROT=127

[22:43:45.626 EBOX]
TS=1786207153.621
V_SENSE5=0.888671875
V_SENSE9=0.04150390625
V_SENSE12=0.11962890625
ADC_V5=4.991455078125
ADC_V9=9.381103515625
ADC_V12=11.88568115234375
ADC_V28=27.0458984375
THERMAL_SENS_OUT_1=31
THERMAL_SENS_OUT_2=-50
THERMAL_SENS_OUT_3=31
THERMAL_SENS_OUT_4=28
THERMAL_SENS_OUT_5=33
THERMAL_SENS_OUT_6=-50
THERMAL_SENS_INT_1=32
THERMAL_SENS_INT_2=30
PG_5=0
PG_9=0
PG_12=0
FLT_P2=0
FLT_P3=0
HEAT_1_TEMP=31
HEAT_1_DUTY=0
HEAT_1_SP=-20.0
HEAT_2_TEMP=31
HEAT_2_DUTY=0
HEAT_2_SP=-20.0
HEAT_3_TEMP=28
HEAT_3_DUTY=0
HEAT_3_SP=-20.0
HEAT_4_TEMP=33
HEAT_4_DUTY=0
HEAT_4_SP=-20.0
MOTOR_ANGLE=0.008372093023255813
MOTOR_ACCUM=2.1013953488372095
MOTOR_ROT=4

[22:43:45.630 CUBESAT]
TS=1786208484.111
PG_5=1
PG_9=0
PG_12=0
FLT_P2=0
FLT_P3=0
HEAT_1_TEMP=0.0
HEAT_1_DUTY=0
HEAT_1_SP=-20.0
ENC_RAW=13650
ENC_ANGLE=299.9267578125
ENC_ACCUM=-0.02197265625
AUTO_STOP=1
MOTOR_ANGLE=0.007223837209302325
MOTOR_ACCUM=66.46071220930233
MOTOR_ROT=127

[22:43:46.040 EBOX]
TS=1786207154.123
V_SENSE5=0.86669921875
V_SENSE9=0.03173828125
V_SENSE12=0.10986328125
ADC_V5=4.8321533203125
ADC_V9=9.1864013671875
ADC_V12=11.79718017578125
ADC_V28=27.16094970703125
THERMAL_SENS_OUT_1=29
THERMAL_SENS_OUT_2=-50
THERMAL_SENS_OUT_3=30
THERMAL_SENS_OUT_4=27
THERMAL_SENS_OUT_5=33
THERMAL_SENS_OUT_6=-50
THERMAL_SENS_INT_1=27
THERMAL_SENS_INT_2=34
PG_5=0
PG_9=0
PG_12=0
FLT_P2=0
FLT_P3=0
HEAT_1_TEMP=29
HEAT_1_DUTY=0
HEAT_1_SP=-20.0
HEAT_2_TEMP=30
HEAT_2_DUTY=0
HEAT_2_SP=-20.0
HEAT_3_TEMP=27
HEAT_3_DUTY=0
HEAT_3_SP=-20.0
HEAT_4_TEMP=33
HEAT_4_DUTY=0
HEAT_4_SP=-20.0
MOTOR_ANGLE=0.008372093023255813
MOTOR_ACCUM=2.1013953488372095
MOTOR_ROT=4

[22:43:46.445 CUBESAT]
TS=1786208484.612
PG_5=1
PG_9=0
PG_12=0
FLT_P2=0
FLT_P3=0
HEAT_1_TEMP=0.0
HEAT_1_DUTY=0
HEAT_1_SP=-20.0
ENC_RAW=13653
ENC_ANGLE=299.99267578125
ENC_ACCUM=0.0439453125
AUTO_STOP=1
MOTOR_ANGLE=0.007223837209302325
MOTOR_ACCUM=66.46071220930233
MOTOR_ROT=127

[22:43:46.556 EBOX]
TS=1786207154.626
V_SENSE5=0.87890625
V_SENSE9=0.0341796875
V_SENSE12=0.1123046875
ADC_V5=4.87640380859375
ADC_V9=8.85894775390625
ADC_V12=11.68212890625
ADC_V28=28.1787109375
THERMAL_SENS_OUT_1=31
THERMAL_SENS_OUT_2=-50
THERMAL_SENS_OUT_3=28
THERMAL_SENS_OUT_4=33
THERMAL_SENS_OUT_5=33
THERMAL_SENS_OUT_6=-50
THERMAL_SENS_INT_1=30
THERMAL_SENS_INT_2=29
PG_5=0
PG_9=0
PG_12=0
FLT_P2=0
FLT_P3=0
HEAT_1_TEMP=31
HEAT_1_DUTY=0
HEAT_1_SP=-20.0
HEAT_2_TEMP=28
HEAT_2_DUTY=0
HEAT_2_SP=-20.0
HEAT_3_TEMP=33
HEAT_3_DUTY=0
HEAT_3_SP=-20.0
HEAT_4_TEMP=33
HEAT_4_DUTY=0
HEAT_4_SP=-20.0
MOTOR_ANGLE=0.008372093023255813
MOTOR_ACCUM=2.1013953488372095
MOTOR_ROT=4

[22:43:46.659 CUBESAT]
TS=1786208485.114
PG_5=1
PG_9=0
PG_12=0
FLT_P2=0
FLT_P3=0
HEAT_1_TEMP=0.0
HEAT_1_DUTY=0
HEAT_1_SP=-20.0
ENC_RAW=13655
ENC_ANGLE=300.03662109375
ENC_ACCUM=0.087890625
AUTO_STOP=1
MOTOR_ANGLE=0.007223837209302325
MOTOR_ACCUM=66.46071220930233
MOTOR_ROT=127

[22:43:47.071 EBOX]
TS=1786207155.127
V_SENSE5=0.85205078125
V_SENSE9=0.04150390625
V_SENSE12=0.14404296875
ADC_V5=4.9737548828125
ADC_V9=8.673095703125
ADC_V12=11.69097900390625
ADC_V28=28.1787109375
THERMAL_SENS_OUT_1=28
THERMAL_SENS_OUT_2=-50
THERMAL_SENS_OUT_3=27
THERMAL_SENS_OUT_4=32
THERMAL_SENS_OUT_5=26
THERMAL_SENS_OUT_6=-50
THERMAL_SENS_INT_1=29
THERMAL_SENS_INT_2=33
PG_5=0
PG_9=0
PG_12=0
FLT_P2=0
FLT_P3=0
HEAT_1_TEMP=28
HEAT_1_DUTY=0
HEAT_1_SP=-20.0
HEAT_2_TEMP=27
HEAT_2_DUTY=0
HEAT_2_SP=-20.0
HEAT_3_TEMP=32
HEAT_3_DUTY=0
HEAT_3_SP=-20.0
HEAT_4_TEMP=26
HEAT_4_DUTY=0
HEAT_4_SP=-20.0
MOTOR_ANGLE=0.008372093023255813
MOTOR_ACCUM=2.1013953488372095
MOTOR_ROT=4

[22:43:47.175 CUBESAT]
TS=1786208485.616
PG_5=1
PG_9=0
PG_12=0
FLT_P2=0
FLT_P3=0
HEAT_1_TEMP=0.0
HEAT_1_DUTY=0
HEAT_1_SP=-20.0
ENC_RAW=13650
ENC_ANGLE=299.9267578125
ENC_ACCUM=-0.02197265625
AUTO_STOP=1
MOTOR_ANGLE=0.007223837209302325
MOTOR_ACCUM=66.46071220930233
MOTOR_ROT=127

[22:43:47.586 EBOX]
TS=1786207155.631
V_SENSE5=0.87158203125
V_SENSE9=0.0390625
V_SENSE12=0.126953125
ADC_V5=5.0091552734375
ADC_V9=9.24835205078125
ADC_V12=11.74407958984375
ADC_V28=28.13446044921875
THERMAL_SENS_OUT_1=28
THERMAL_SENS_OUT_2=-50
THERMAL_SENS_OUT_3=27
THERMAL_SENS_OUT_4=29
THERMAL_SENS_OUT_5=29
THERMAL_SENS_OUT_6=-50
THERMAL_SENS_INT_1=29
THERMAL_SENS_INT_2=30
PG_5=0
PG_9=0
PG_12=0
FLT_P2=0
FLT_P3=0
HEAT_1_TEMP=28
HEAT_1_DUTY=0
HEAT_1_SP=-20.0
HEAT_2_TEMP=27
HEAT_2_DUTY=0
HEAT_2_SP=-20.0
HEAT_3_TEMP=29
HEAT_3_DUTY=0
HEAT_3_SP=-20.0
HEAT_4_TEMP=29
HEAT_4_DUTY=0
HEAT_4_SP=-20.0
MOTOR_ANGLE=0.008372093023255813
MOTOR_ACCUM=2.1013953488372095
MOTOR_ROT=4

[22:43:47.691 CUBESAT]
TS=1786208486.118
PG_5=1
PG_9=0
PG_12=0
FLT_P2=0
FLT_P3=0
HEAT_1_TEMP=0.0
HEAT_1_DUTY=0
HEAT_1_SP=-20.0
ENC_RAW=13652
ENC_ANGLE=299.970703125
ENC_ACCUM=0.02197265625
AUTO_STOP=1
MOTOR_ANGLE=0.007223837209302325
MOTOR_ACCUM=66.46071220930233
MOTOR_ROT=127

[22:43:48.103 EBOX]
TS=1786207156.130
V_SENSE5=0.8740234375
V_SENSE9=0.0390625
V_SENSE12=0.1123046875
ADC_V5=4.9737548828125
ADC_V9=9.30145263671875
ADC_V12=11.9122314453125
ADC_V28=27.23175048828125
THERMAL_SENS_OUT_1=32
THERMAL_SENS_OUT_2=-50
THERMAL_SENS_OUT_3=32
THERMAL_SENS_OUT_4=30
THERMAL_SENS_OUT_5=27
THERMAL_SENS_OUT_6=-50
THERMAL_SENS_INT_1=29
THERMAL_SENS_INT_2=28
PG_5=0
PG_9=0
PG_12=0
FLT_P2=0
FLT_P3=0
HEAT_1_TEMP=32
HEAT_1_DUTY=0
HEAT_1_SP=-20.0
HEAT_2_TEMP=32
HEAT_2_DUTY=0
HEAT_2_SP=-20.0
HEAT_3_TEMP=30
HEAT_3_DUTY=0
HEAT_3_SP=-20.0
HEAT_4_TEMP=27
HEAT_4_DUTY=0
HEAT_4_SP=-20.0
MOTOR_ANGLE=0.008372093023255813
MOTOR_ACCUM=2.1013953488372095
MOTOR_ROT=4

[22:43:48.408 CUBESAT]
TS=1786208486.619
PG_5=1
PG_9=0
PG_12=0
FLT_P2=0
FLT_P3=0
HEAT_1_TEMP=0.0
HEAT_1_DUTY=0
HEAT_1_SP=-20.0
ENC_RAW=13655
ENC_ANGLE=300.03662109375
ENC_ACCUM=0.087890625
AUTO_STOP=1
MOTOR_ANGLE=0.007223837209302325
MOTOR_ACCUM=66.46071220930233
MOTOR_ROT=127

[22:43:48.620 EBOX]
TS=1786207156.633
V_SENSE5=0.86669921875
V_SENSE9=0.0341796875
V_SENSE12=0.1220703125
ADC_V5=4.92950439453125
ADC_V9=9.310302734375
ADC_V12=11.69097900390625
ADC_V28=28.001708984375
THERMAL_SENS_OUT_1=34
THERMAL_SENS_OUT_2=-50
THERMAL_SENS_OUT_3=27
THERMAL_SENS_OUT_4=32
THERMAL_SENS_OUT_5=33
THERMAL_SENS_OUT_6=-50
THERMAL_SENS_INT_1=26
THERMAL_SENS_INT_2=33
PG_5=0
PG_9=0
PG_12=0
FLT_P2=0
FLT_P3=0
HEAT_1_TEMP=34
HEAT_1_DUTY=0
HEAT_1_SP=-20.0
HEAT_2_TEMP=27
HEAT_2_DUTY=0
HEAT_2_SP=-20.0
HEAT_3_TEMP=32
HEAT_3_DUTY=0
HEAT_3_SP=-20.0
HEAT_4_TEMP=33
HEAT_4_DUTY=0
HEAT_4_SP=-20.0
MOTOR_ANGLE=0.008372093023255813
MOTOR_ACCUM=2.1013953488372095
MOTOR_ROT=4

[22:43:48.623 CUBESAT]
TS=1786208487.120
PG_5=1
PG_9=0
PG_12=0
FLT_P2=0
FLT_P3=0
HEAT_1_TEMP=0.0
HEAT_1_DUTY=0
HEAT_1_SP=-20.0
ENC_RAW=13653
ENC_ANGLE=299.99267578125
ENC_ACCUM=0.0439453125
AUTO_STOP=1
MOTOR_ANGLE=0.007223837209302325
MOTOR_ACCUM=66.46071220930233
MOTOR_ROT=127

[22:43:49.136 EBOX]
TS=1786207157.134
V_SENSE5=0.8642578125
V_SENSE9=0.03662109375
V_SENSE12=0.126953125
ADC_V5=4.98260498046875
ADC_V9=8.814697265625
ADC_V12=11.76177978515625
ADC_V28=26.9573974609375
THERMAL_SENS_OUT_1=28
THERMAL_SENS_OUT_2=-50
THERMAL_SENS_OUT_3=31
THERMAL_SENS_OUT_4=33
THERMAL_SENS_OUT_5=32
THERMAL_SENS_OUT_6=-50
THERMAL_SENS_INT_1=32
THERMAL_SENS_INT_2=31
PG_5=0
PG_9=0
PG_12=0
FLT_P2=0
FLT_P3=0
HEAT_1_TEMP=28
HEAT_1_DUTY=0
HEAT_1_SP=-20.0
HEAT_2_TEMP=31
HEAT_2_DUTY=0
HEAT_2_SP=-20.0
HEAT_3_TEMP=33
HEAT_3_DUTY=0
HEAT_3_SP=-20.0
HEAT_4_TEMP=32
HEAT_4_DUTY=0
HEAT_4_SP=-20.0
MOTOR_ANGLE=0.008372093023255813
MOTOR_ACCUM=2.1013953488372095
MOTOR_ROT=4

[22:43:49.140 CUBESAT]
TS=1786208487.621
PG_5=1
PG_9=0
PG_12=0
FLT_P2=0
FLT_P3=0
HEAT_1_TEMP=0.0
HEAT_1_DUTY=0
HEAT_1_SP=-20.0
ENC_RAW=13654
ENC_ANGLE=300.0146484375
ENC_ACCUM=0.06591796875
AUTO_STOP=1
MOTOR_ANGLE=0.007223837209302325
MOTOR_ACCUM=66.46071220930233
MOTOR_ROT=127

[22:43:49.958 EBOX]
TS=1786207157.639
V_SENSE5=0.830078125
V_SENSE9=0.07568359375
V_SENSE12=0.1123046875
ADC_V5=4.92950439453125
ADC_V9=9.63775634765625
ADC_V12=11.8768310546875
ADC_V28=27.7362060546875
THERMAL_SENS_OUT_1=27
THERMAL_SENS_OUT_2=-50
THERMAL_SENS_OUT_3=27
THERMAL_SENS_OUT_4=31
THERMAL_SENS_OUT_5=33
THERMAL_SENS_OUT_6=-50
THERMAL_SENS_INT_1=25
THERMAL_SENS_INT_2=27
PG_5=0
PG_9=0
PG_12=0
FLT_P2=0
FLT_P3=0
HEAT_1_TEMP=27
HEAT_1_DUTY=0
HEAT_1_SP=-20.0
HEAT_2_TEMP=27
HEAT_2_DUTY=0
HEAT_2_SP=-20.0
HEAT_3_TEMP=31
HEAT_3_DUTY=0
HEAT_3_SP=-20.0
HEAT_4_TEMP=33
HEAT_4_DUTY=0
HEAT_4_SP=-20.0
MOTOR_ANGLE=0.008372093023255813
MOTOR_ACCUM=2.1013953488372095
MOTOR_ROT=4

[22:43:49.961 CUBESAT]
TS=1786208488.122
PG_5=1
PG_9=0
PG_12=0
FLT_P2=0
FLT_P3=0
HEAT_1_TEMP=0.0
HEAT_1_DUTY=10
HEAT_1_SP=-20.0
ENC_RAW=13653
ENC_ANGLE=299.99267578125
ENC_ACCUM=0.0439453125
AUTO_STOP=1
MOTOR_ANGLE=0.007223837209302325
MOTOR_ACCUM=66.46071220930233
MOTOR_ROT=127

[22:43:50.072 EBOX]
TS=1786207158.142
V_SENSE5=0.8642578125
V_SENSE9=0.0341796875
V_SENSE12=0.13671875
ADC_V5=4.9560546875
ADC_V9=9.27490234375
ADC_V12=11.65557861328125
ADC_V28=26.98394775390625
THERMAL_SENS_OUT_1=33
THERMAL_SENS_OUT_2=-50
THERMAL_SENS_OUT_3=27
THERMAL_SENS_OUT_4=29
THERMAL_SENS_OUT_5=31
THERMAL_SENS_OUT_6=-50
THERMAL_SENS_INT_1=27
THERMAL_SENS_INT_2=30
PG_5=0
PG_9=0
PG_12=0
FLT_P2=0
FLT_P3=0
HEAT_1_TEMP=33
HEAT_1_DUTY=0
HEAT_1_SP=-20.0
HEAT_2_TEMP=27
HEAT_2_DUTY=0
HEAT_2_SP=-20.0
HEAT_3_TEMP=29
HEAT_3_DUTY=0
HEAT_3_SP=-20.0
HEAT_4_TEMP=31
HEAT_4_DUTY=0
HEAT_4_SP=-20.0
MOTOR_ANGLE=0.008372093023255813
MOTOR_ACCUM=2.1013953488372095
MOTOR_ROT=4

[22:43:50.177 CUBESAT]
TS=1786208488.623
PG_5=1
PG_9=0
PG_12=0
FLT_P2=0
FLT_P3=0
HEAT_1_TEMP=0.0
HEAT_1_DUTY=10
HEAT_1_SP=-20.0
ENC_RAW=13650
ENC_ANGLE=299.9267578125
ENC_ACCUM=-0.02197265625
AUTO_STOP=1
MOTOR_ANGLE=0.007223837209302325
MOTOR_ACCUM=66.46071220930233
MOTOR_ROT=127

[22:43:50.683 CUBESAT]
TS=1786208489.125
PG_5=1
PG_9=0
PG_12=0
FLT_P2=0
FLT_P3=0
HEAT_1_TEMP=0.0
HEAT_1_DUTY=0
HEAT_1_SP=-20.0
ENC_RAW=13652
ENC_ANGLE=299.970703125
ENC_ACCUM=0.02197265625
AUTO_STOP=1
MOTOR_ANGLE=0.007223837209302325
MOTOR_ACCUM=66.46071220930233
MOTOR_ROT=127

[22:43:50.893 EBOX]
TS=1786207158.644
V_SENSE5=0.87646484375
V_SENSE9=0.10498046875
V_SENSE12=0.13671875
ADC_V5=4.91180419921875
ADC_V9=8.9031982421875
ADC_V12=11.434326171875
ADC_V28=26.98394775390625
THERMAL_SENS_OUT_1=33
THERMAL_SENS_OUT_2=-50
THERMAL_SENS_OUT_3=26
THERMAL_SENS_OUT_4=27
THERMAL_SENS_OUT_5=29
THERMAL_SENS_OUT_6=-50
THERMAL_SENS_INT_1=27
THERMAL_SENS_INT_2=33
PG_5=0
PG_9=0
PG_12=0
FLT_P2=0
FLT_P3=0
HEAT_1_TEMP=33
HEAT_1_DUTY=0
HEAT_1_SP=-20.0
HEAT_2_TEMP=26
HEAT_2_DUTY=0
HEAT_2_SP=-20.0
HEAT_3_TEMP=27
HEAT_3_DUTY=0
HEAT_3_SP=-20.0
HEAT_4_TEMP=29
HEAT_4_DUTY=0
HEAT_4_SP=-20.0
MOTOR_ANGLE=0.008372093023255813
MOTOR_ACCUM=2.1013953488372095
MOTOR_ROT=4

[22:43:51.117 EBOX]
TS=1786207159.146
V_SENSE5=0.888671875
V_SENSE9=0.0341796875
V_SENSE12=0.1318359375
ADC_V5=4.82330322265625
ADC_V9=9.19525146484375
ADC_V12=11.92108154296875
ADC_V28=27.99285888671875
THERMAL_SENS_OUT_1=28
THERMAL_SENS_OUT_2=-50
THERMAL_SENS_OUT_3=28
THERMAL_SENS_OUT_4=29
THERMAL_SENS_OUT_5=27
THERMAL_SENS_OUT_6=-50
THERMAL_SENS_INT_1=28
THERMAL_SENS_INT_2=30
PG_5=0
PG_9=0
PG_12=0
FLT_P2=0
FLT_P3=0
HEAT_1_TEMP=28
HEAT_1_DUTY=0
HEAT_1_SP=-20.0
HEAT_2_TEMP=28
HEAT_2_DUTY=0
HEAT_2_SP=-20.0
HEAT_3_TEMP=29
HEAT_3_DUTY=0
HEAT_3_SP=-20.0
HEAT_4_TEMP=27
HEAT_4_DUTY=0
HEAT_4_SP=-20.0
MOTOR_ANGLE=0.008372093023255813
MOTOR_ACCUM=2.1013953488372095
MOTOR_ROT=4

[22:43:51.222 CUBESAT]
TS=1786208489.626
PG_5=1
PG_9=0
PG_12=0
FLT_P2=0
FLT_P3=0
HEAT_1_TEMP=0.0
HEAT_1_DUTY=0
HEAT_1_SP=-20.0
ENC_RAW=13653
ENC_ANGLE=299.99267578125
ENC_ACCUM=0.0439453125
AUTO_STOP=1
MOTOR_ANGLE=0.007223837209302325
MOTOR_ACCUM=66.46071220930233
MOTOR_ROT=127

[22:43:51.644 EBOX]
TS=1786207159.645
V_SENSE5=0.86669921875
V_SENSE9=0.0341796875
V_SENSE12=0.1416015625
ADC_V5=5.07110595703125
ADC_V9=8.9208984375
ADC_V12=11.95648193359375
ADC_V28=27.9132080078125
THERMAL_SENS_OUT_1=27
THERMAL_SENS_OUT_2=-50
THERMAL_SENS_OUT_3=27
THERMAL_SENS_OUT_4=32
THERMAL_SENS_OUT_5=29
THERMAL_SENS_OUT_6=-50
THERMAL_SENS_INT_1=31
THERMAL_SENS_INT_2=30
PG_5=0
PG_9=0
PG_12=0
FLT_P2=0
FLT_P3=0
HEAT_1_TEMP=27
HEAT_1_DUTY=0
HEAT_1_SP=-20.0
HEAT_2_TEMP=27
HEAT_2_DUTY=0
HEAT_2_SP=-20.0
HEAT_3_TEMP=32
HEAT_3_DUTY=0
HEAT_3_SP=-20.0
HEAT_4_TEMP=29
HEAT_4_DUTY=0
HEAT_4_SP=-20.0
MOTOR_ANGLE=0.008372093023255813
MOTOR_ACCUM=2.1013953488372095
MOTOR_ROT=4

[22:43:52.249 CUBESAT]
TS=1786208490.127
PG_5=1
PG_9=0
PG_12=0
FLT_P2=0
FLT_P3=0
HEAT_1_TEMP=0.0
HEAT_1_DUTY=0
HEAT_1_SP=-20.0
ENC_RAW=13650
ENC_ANGLE=299.9267578125
ENC_ACCUM=-0.02197265625
AUTO_STOP=1
MOTOR_ANGLE=0.007223837209302325
MOTOR_ACCUM=66.46071220930233
MOTOR_ROT=127
TS=1786208490.627
PG_5=1
PG_9=0
PG_12=0
FLT_P2=0
FLT_P3=0
HEAT_1_TEMP=0.0
HEAT_1_DUTY=0
HEAT_1_SP=-20.0
ENC_RAW=13652
ENC_ANGLE=299.970703125
ENC_ACCUM=0.02197265625
AUTO_STOP=1
MOTOR_ANGLE=0.007223837209302325
MOTOR_ACCUM=66.46071220930233
MOTOR_ROT=127

[22:43:52.364 EBOX]
TS=1786207160.147
V_SENSE5=0.8642578125
V_SENSE9=0.0390625
V_SENSE12=0.1123046875
ADC_V5=4.991455078125
ADC_V9=9.451904296875
ADC_V12=11.9122314453125
ADC_V28=27.63885498046875
THERMAL_SENS_OUT_1=28
THERMAL_SENS_OUT_2=-50
THERMAL_SENS_OUT_3=30
THERMAL_SENS_OUT_4=27
THERMAL_SENS_OUT_5=33
THERMAL_SENS_OUT_6=-50
THERMAL_SENS_INT_1=27
THERMAL_SENS_INT_2=33
PG_5=0
PG_9=0
PG_12=0
FLT_P2=0
FLT_P3=0
HEAT_1_TEMP=28
HEAT_1_DUTY=0
HEAT_1_SP=-20.0
HEAT_2_TEMP=30
HEAT_2_DUTY=0
HEAT_2_SP=-20.0
HEAT_3_TEMP=27
HEAT_3_DUTY=0
HEAT_3_SP=-20.0
HEAT_4_TEMP=33
HEAT_4_DUTY=0
HEAT_4_SP=-20.0
MOTOR_ANGLE=0.008372093023255813
MOTOR_ACCUM=2.1013953488372095
MOTOR_ROT=4

[22:43:52.587 EBOX]
TS=1786207160.650
V_SENSE5=0.85693359375
V_SENSE9=0.05615234375
V_SENSE12=0.1318359375
ADC_V5=4.9383544921875
ADC_V9=9.54925537109375
ADC_V12=11.68212890625
ADC_V28=28.04595947265625
THERMAL_SENS_OUT_1=32
THERMAL_SENS_OUT_2=-50
THERMAL_SENS_OUT_3=33
THERMAL_SENS_OUT_4=29
THERMAL_SENS_OUT_5=27
THERMAL_SENS_OUT_6=-50
THERMAL_SENS_INT_1=29
THERMAL_SENS_INT_2=28
PG_5=0
PG_9=0
PG_12=0
FLT_P2=0
FLT_P3=0
HEAT_1_TEMP=32
HEAT_1_DUTY=0
HEAT_1_SP=-20.0
HEAT_2_TEMP=33
HEAT_2_DUTY=0
HEAT_2_SP=-20.0
HEAT_3_TEMP=29
HEAT_3_DUTY=0
HEAT_3_SP=-20.0
HEAT_4_TEMP=27
HEAT_4_DUTY=0
HEAT_4_SP=-20.0
MOTOR_ANGLE=0.008372093023255813
MOTOR_ACCUM=2.1013953488372095
MOTOR_ROT=4

[22:43:52.690 CUBESAT]
TS=1786208491.129
PG_5=1
PG_9=0
PG_12=0
FLT_P2=0
FLT_P3=0
HEAT_1_TEMP=0.0
HEAT_1_DUTY=0
HEAT_1_SP=-20.0
ENC_RAW=13651
ENC_ANGLE=299.94873046875
ENC_ACCUM=0.0
AUTO_STOP=1
MOTOR_ANGLE=0.007223837209302325
MOTOR_ACCUM=66.46071220930233
MOTOR_ROT=127

[22:43:53.207 EBOX]
TS=1786207161.153
V_SENSE5=0.849609375
V_SENSE9=0.0390625
V_SENSE12=0.13671875
ADC_V5=4.920654296875
ADC_V9=9.12445068359375
ADC_V12=11.6998291015625
ADC_V28=28.01055908203125
THERMAL_SENS_OUT_1=27
THERMAL_SENS_OUT_2=-50
THERMAL_SENS_OUT_3=28
THERMAL_SENS_OUT_4=29
THERMAL_SENS_OUT_5=29
THERMAL_SENS_OUT_6=-50
THERMAL_SENS_INT_1=26
THERMAL_SENS_INT_2=28
PG_5=0
PG_9=0
PG_12=0
FLT_P2=0
FLT_P3=0
HEAT_1_TEMP=27
HEAT_1_DUTY=0
HEAT_1_SP=-20.0
HEAT_2_TEMP=28
HEAT_2_DUTY=0
HEAT_2_SP=-20.0
HEAT_3_TEMP=29
HEAT_3_DUTY=0
HEAT_3_SP=-20.0
HEAT_4_TEMP=29
HEAT_4_DUTY=0
HEAT_4_SP=-20.0
MOTOR_ANGLE=0.008372093023255813
MOTOR_ACCUM=2.1013953488372095
MOTOR_ROT=4

[22:43:53.410 CUBESAT]
TS=1786208491.630
PG_5=1
PG_9=0
PG_12=0
FLT_P2=0
FLT_P3=0
HEAT_1_TEMP=0.0
HEAT_1_DUTY=0
HEAT_1_SP=-20.0
ENC_RAW=13655
ENC_ANGLE=300.03662109375
ENC_ACCUM=0.087890625
AUTO_STOP=1
MOTOR_ANGLE=0.007223837209302325
MOTOR_ACCUM=66.46071220930233
MOTOR_ROT=127

[22:43:53.627 EBOX]
TS=1786207161.654
V_SENSE5=0.87646484375
V_SENSE9=0.03662109375
V_SENSE12=0.1123046875
ADC_V5=4.92950439453125
ADC_V9=9.168701171875
ADC_V12=11.4166259765625
ADC_V28=27.56805419921875
THERMAL_SENS_OUT_1=26
THERMAL_SENS_OUT_2=-50
THERMAL_SENS_OUT_3=34
THERMAL_SENS_OUT_4=26
THERMAL_SENS_OUT_5=26
THERMAL_SENS_OUT_6=-50
THERMAL_SENS_INT_1=28
THERMAL_SENS_INT_2=27
PG_5=0
PG_9=0
PG_12=0
FLT_P2=0
FLT_P3=0
HEAT_1_TEMP=26
HEAT_1_DUTY=0
HEAT_1_SP=-20.0
HEAT_2_TEMP=34
HEAT_2_DUTY=0
HEAT_2_SP=-20.0
HEAT_3_TEMP=26
HEAT_3_DUTY=0
HEAT_3_SP=-20.0
HEAT_4_TEMP=26
HEAT_4_DUTY=0
HEAT_4_SP=-20.0
MOTOR_ANGLE=0.008372093023255813
MOTOR_ACCUM=2.1013953488372095
MOTOR_ROT=4

[22:43:53.729 CUBESAT]
TS=1786208492.131
PG_5=1
PG_9=0
PG_12=0
FLT_P2=0
FLT_P3=0
HEAT_1_TEMP=0.0
HEAT_1_DUTY=0
HEAT_1_SP=-20.0
ENC_RAW=13652
ENC_ANGLE=299.970703125
ENC_ACCUM=0.02197265625
AUTO_STOP=1
MOTOR_ANGLE=0.007223837209302325
MOTOR_ACCUM=66.46071220930233
MOTOR_ROT=127

[22:43:54.148 EBOX]
TS=1786207162.154
V_SENSE5=0.8544921875
V_SENSE9=0.048828125
V_SENSE12=0.19287109375
ADC_V5=4.991455078125
ADC_V9=8.8677978515625
ADC_V12=11.89453125
ADC_V28=27.01934814453125
THERMAL_SENS_OUT_1=32
THERMAL_SENS_OUT_2=-50
THERMAL_SENS_OUT_3=30
THERMAL_SENS_OUT_4=27
THERMAL_SENS_OUT_5=32
THERMAL_SENS_OUT_6=-50
THERMAL_SENS_INT_1=26
THERMAL_SENS_INT_2=33
PG_5=0
PG_9=0
PG_12=0
FLT_P2=0
FLT_P3=0
HEAT_1_TEMP=32
HEAT_1_DUTY=0
HEAT_1_SP=-20.0
HEAT_2_TEMP=30
HEAT_2_DUTY=0
HEAT_2_SP=-20.0
HEAT_3_TEMP=27
HEAT_3_DUTY=0
HEAT_3_SP=-20.0
HEAT_4_TEMP=32
HEAT_4_DUTY=0
HEAT_4_SP=-20.0
MOTOR_ANGLE=0.008372093023255813
MOTOR_ACCUM=2.1013953488372095
MOTOR_ROT=4

[22:43:54.151 CUBESAT]
TS=1786208492.632
PG_5=1
PG_9=0
PG_12=0
FLT_P2=0
FLT_P3=0
HEAT_1_TEMP=0.0
HEAT_1_DUTY=0
HEAT_1_SP=-20.0
ENC_RAW=13653
ENC_ANGLE=299.99267578125
ENC_ACCUM=0.0439453125
AUTO_STOP=1
MOTOR_ANGLE=0.007223837209302325
MOTOR_ACCUM=66.46071220930233
MOTOR_ROT=127

[22:43:54.568 EBOX]
TS=1786207162.658
V_SENSE5=0.85205078125
V_SENSE9=0.0390625
V_SENSE12=0.10009765625
ADC_V5=4.920654296875
ADC_V9=9.54925537109375
ADC_V12=11.81488037109375
ADC_V28=27.92205810546875
THERMAL_SENS_OUT_1=30
THERMAL_SENS_OUT_2=-50
THERMAL_SENS_OUT_3=30
THERMAL_SENS_OUT_4=26
THERMAL_SENS_OUT_5=32
THERMAL_SENS_OUT_6=-50
THERMAL_SENS_INT_1=30
THERMAL_SENS_INT_2=33
PG_5=0
PG_9=0
PG_12=0
FLT_P2=0
FLT_P3=0
HEAT_1_TEMP=30
HEAT_1_DUTY=0
HEAT_1_SP=-20.0
HEAT_2_TEMP=30
HEAT_2_DUTY=0
HEAT_2_SP=-20.0
HEAT_3_TEMP=26
HEAT_3_DUTY=0
HEAT_3_SP=-20.0
HEAT_4_TEMP=32
HEAT_4_DUTY=0
HEAT_4_SP=-20.0
MOTOR_ANGLE=0.008372093023255813
MOTOR_ACCUM=2.1013953488372095
MOTOR_ROT=4

[22:43:54.671 CUBESAT]
TS=1786208493.133
PG_5=1
PG_9=0
PG_12=0
FLT_P2=0
FLT_P3=0
HEAT_1_TEMP=0.0
HEAT_1_DUTY=10
HEAT_1_SP=-20.0
ENC_RAW=13653
ENC_ANGLE=299.99267578125
ENC_ACCUM=0.0439453125
AUTO_STOP=1
MOTOR_ANGLE=0.007223837209302325
MOTOR_ACCUM=66.46071220930233
MOTOR_ROT=127

[22:43:55.089 EBOX]
TS=1786207163.158
V_SENSE5=0.859375
V_SENSE9=0.0341796875
V_SENSE12=0.14892578125
ADC_V5=5.02685546875
ADC_V9=9.14215087890625
ADC_V12=11.8060302734375
ADC_V28=26.96624755859375
THERMAL_SENS_OUT_1=30
THERMAL_SENS_OUT_2=-50
THERMAL_SENS_OUT_3=28
THERMAL_SENS_OUT_4=29
THERMAL_SENS_OUT_5=27
THERMAL_SENS_OUT_6=-50
THERMAL_SENS_INT_1=29
THERMAL_SENS_INT_2=28
PG_5=0
PG_9=0
PG_12=0
FLT_P2=0
FLT_P3=0
HEAT_1_TEMP=30
HEAT_1_DUTY=0
HEAT_1_SP=-20.0
HEAT_2_TEMP=28
HEAT_2_DUTY=0
HEAT_2_SP=-20.0
HEAT_3_TEMP=29
HEAT_3_DUTY=0
HEAT_3_SP=-20.0
HEAT_4_TEMP=27
HEAT_4_DUTY=0
HEAT_4_SP=-20.0
MOTOR_ANGLE=0.008372093023255813
MOTOR_ACCUM=2.1013953488372095
MOTOR_ROT=4

[22:43:55.191 CUBESAT]
TS=1786208493.634
PG_5=1
PG_9=0
PG_12=0
FLT_P2=0
FLT_P3=0
HEAT_1_TEMP=0.0
HEAT_1_DUTY=10
HEAT_1_SP=-20.0
ENC_RAW=13654
ENC_ANGLE=300.0146484375
ENC_ACCUM=0.06591796875
AUTO_STOP=1
MOTOR_ANGLE=0.007223837209302325
MOTOR_ACCUM=66.46071220930233
MOTOR_ROT=127

[22:43:55.611 EBOX]
TS=1786207163.660
V_SENSE5=0.8447265625
V_SENSE9=0.03662109375
V_SENSE12=0.1416015625
ADC_V5=5.0091552734375
ADC_V9=9.1156005859375
ADC_V12=11.9476318359375
ADC_V28=28.0548095703125
THERMAL_SENS_OUT_1=28
THERMAL_SENS_OUT_2=-50
THERMAL_SENS_OUT_3=27
THERMAL_SENS_OUT_4=31
THERMAL_SENS_OUT_5=29
THERMAL_SENS_OUT_6=-50
THERMAL_SENS_INT_1=27
THERMAL_SENS_INT_2=33
PG_5=0
PG_9=0
PG_12=0
FLT_P2=0
FLT_P3=0
HEAT_1_TEMP=28
HEAT_1_DUTY=0
HEAT_1_SP=-20.0
HEAT_2_TEMP=27
HEAT_2_DUTY=0
HEAT_2_SP=-20.0
HEAT_3_TEMP=31
HEAT_3_DUTY=0
HEAT_3_SP=-20.0
HEAT_4_TEMP=29
HEAT_4_DUTY=0
HEAT_4_SP=-20.0
MOTOR_ANGLE=0.008372093023255813
MOTOR_ACCUM=2.1013953488372095
MOTOR_ROT=4

[22:43:55.915 CUBESAT]
TS=1786208494.153
PG_5=1
PG_9=0
PG_12=0
FLT_P2=0
FLT_P3=0
HEAT_1_TEMP=0.0
HEAT_1_DUTY=0
HEAT_1_SP=-20.0
ENC_RAW=13655
ENC_ANGLE=300.03662109375
ENC_ACCUM=0.087890625
AUTO_STOP=1
MOTOR_ANGLE=0.007223837209302325
MOTOR_ACCUM=66.46071220930233
MOTOR_ROT=127

[22:43:56.134 EBOX]
TS=1786207164.162
V_SENSE5=0.86181640625
V_SENSE9=0.06591796875
V_SENSE12=0.1171875
ADC_V5=5.23040771484375
ADC_V9=8.99169921875
ADC_V12=11.39007568359375
ADC_V28=27.63885498046875
THERMAL_SENS_OUT_1=33
THERMAL_SENS_OUT_2=-50
THERMAL_SENS_OUT_3=26
THERMAL_SENS_OUT_4=27
THERMAL_SENS_OUT_5=33
THERMAL_SENS_OUT_6=-50
THERMAL_SENS_INT_1=26
THERMAL_SENS_INT_2=29
PG_5=0
PG_9=0
PG_12=0
FLT_P2=0
FLT_P3=0
HEAT_1_TEMP=33
HEAT_1_DUTY=0
HEAT_1_SP=-20.0
HEAT_2_TEMP=26
HEAT_2_DUTY=0
HEAT_2_SP=-20.0
HEAT_3_TEMP=27
HEAT_3_DUTY=0
HEAT_3_SP=-20.0
HEAT_4_TEMP=33
HEAT_4_DUTY=0
HEAT_4_SP=-20.0
MOTOR_ANGLE=0.008372093023255813
MOTOR_ACCUM=2.1013953488372095
MOTOR_ROT=4

[22:43:56.437 CUBESAT]
TS=1786208494.655
PG_5=1
PG_9=0
PG_12=0
FLT_P2=0
FLT_P3=0
HEAT_1_TEMP=0.0
HEAT_1_DUTY=0
HEAT_1_SP=-20.0
ENC_RAW=13653
ENC_ANGLE=299.99267578125
ENC_ACCUM=0.0439453125
AUTO_STOP=1
MOTOR_ANGLE=0.007223837209302325
MOTOR_ACCUM=66.46071220930233
MOTOR_ROT=127

[22:43:56.740 CUBESAT]
TS=1786208495.156
PG_5=1
PG_9=0
PG_12=0
FLT_P2=0
FLT_P3=0
HEAT_1_TEMP=0.0
HEAT_1_DUTY=0
HEAT_1_SP=-20.0
ENC_RAW=13654
ENC_ANGLE=300.0146484375
ENC_ACCUM=0.06591796875
AUTO_STOP=1
MOTOR_ANGLE=0.007223837209302325
MOTOR_ACCUM=66.46071220930233
MOTOR_ROT=127

[22:43:56.956 EBOX]
TS=1786207164.663
V_SENSE5=0.86669921875
V_SENSE9=0.0390625
V_SENSE12=0.12939453125
ADC_V5=4.9029541015625
ADC_V9=8.956298828125
ADC_V12=11.74407958984375
ADC_V28=27.718505859375
THERMAL_SENS_OUT_1=29
THERMAL_SENS_OUT_2=-50
THERMAL_SENS_OUT_3=31
THERMAL_SENS_OUT_4=32
THERMAL_SENS_OUT_5=30
THERMAL_SENS_OUT_6=-50
THERMAL_SENS_INT_1=30
THERMAL_SENS_INT_2=33
PG_5=0
PG_9=0
PG_12=0
FLT_P2=0
FLT_P3=0
HEAT_1_TEMP=29
HEAT_1_DUTY=0
HEAT_1_SP=-20.0
HEAT_2_TEMP=31
HEAT_2_DUTY=0
HEAT_2_SP=-20.0
HEAT_3_TEMP=32
HEAT_3_DUTY=0
HEAT_3_SP=-20.0
HEAT_4_TEMP=30
HEAT_4_DUTY=0
HEAT_4_SP=-20.0
MOTOR_ANGLE=0.008372093023255813
MOTOR_ACCUM=2.1013953488372095
MOTOR_ROT=4

[22:43:57.175 EBOX]
TS=1786207165.165
V_SENSE5=0.87646484375
V_SENSE9=0.048828125
V_SENSE12=0.12939453125
ADC_V5=4.98260498046875
ADC_V9=9.56695556640625
ADC_V12=11.86798095703125
ADC_V28=27.05474853515625
THERMAL_SENS_OUT_1=31
THERMAL_SENS_OUT_2=-50
THERMAL_SENS_OUT_3=26
THERMAL_SENS_OUT_4=28
THERMAL_SENS_OUT_5=30
THERMAL_SENS_OUT_6=-50
THERMAL_SENS_INT_1=27
THERMAL_SENS_INT_2=34
PG_5=0
PG_9=0
PG_12=0
FLT_P2=0
FLT_P3=0
HEAT_1_TEMP=31
HEAT_1_DUTY=0
HEAT_1_SP=-20.0
HEAT_2_TEMP=26
HEAT_2_DUTY=0
HEAT_2_SP=-20.0
HEAT_3_TEMP=28
HEAT_3_DUTY=0
HEAT_3_SP=-20.0
HEAT_4_TEMP=30
HEAT_4_DUTY=0
HEAT_4_SP=-20.0
MOTOR_ANGLE=0.008372093023255813
MOTOR_ACCUM=2.1013953488372095
MOTOR_ROT=4

[22:43:57.177 CUBESAT]
TS=1786208495.657
PG_5=1
PG_9=0
PG_12=0
FLT_P2=0
FLT_P3=0
HEAT_1_TEMP=0.0
HEAT_1_DUTY=0
HEAT_1_SP=-20.0
ENC_RAW=13650
ENC_ANGLE=299.9267578125
ENC_ACCUM=-0.02197265625
AUTO_STOP=1
MOTOR_ANGLE=0.007223837209302325
MOTOR_ACCUM=66.46071220930233
MOTOR_ROT=127

[22:43:57.681 CUBESAT]
TS=1786208496.159
PG_5=1
PG_9=0
PG_12=0
FLT_P2=0
FLT_P3=0
HEAT_1_TEMP=0.0
HEAT_1_DUTY=0
HEAT_1_SP=-20.0
ENC_RAW=13652
ENC_ANGLE=299.970703125
ENC_ACCUM=0.02197265625
AUTO_STOP=1
MOTOR_ANGLE=0.007223837209302325
MOTOR_ACCUM=66.46071220930233
MOTOR_ROT=127

[22:43:57.898 EBOX]
TS=1786207165.666
V_SENSE5=0.849609375
V_SENSE9=0.0341796875
V_SENSE12=0.1611328125
ADC_V5=4.89410400390625
ADC_V9=9.345703125
ADC_V12=11.79718017578125
ADC_V28=27.76275634765625
THERMAL_SENS_OUT_1=33
THERMAL_SENS_OUT_2=-50
THERMAL_SENS_OUT_3=27
THERMAL_SENS_OUT_4=30
THERMAL_SENS_OUT_5=27
THERMAL_SENS_OUT_6=-50
THERMAL_SENS_INT_1=29
THERMAL_SENS_INT_2=28
PG_5=0
PG_9=0
PG_12=0
FLT_P2=0
FLT_P3=0
HEAT_1_TEMP=33
HEAT_1_DUTY=0
HEAT_1_SP=-20.0
HEAT_2_TEMP=27
HEAT_2_DUTY=0
HEAT_2_SP=-20.0
HEAT_3_TEMP=30
HEAT_3_DUTY=0
HEAT_3_SP=-20.0
HEAT_4_TEMP=27
HEAT_4_DUTY=0
HEAT_4_SP=-20.0
MOTOR_ANGLE=0.008372093023255813
MOTOR_ACCUM=2.1013953488372095
MOTOR_ROT=4

[22:43:58.201 CUBESAT]
TS=1786208496.659
PG_5=1
PG_9=0
PG_12=0
FLT_P2=0
FLT_P3=0
HEAT_1_TEMP=0.0
HEAT_1_DUTY=0
HEAT_1_SP=-20.0
ENC_RAW=13653
ENC_ANGLE=299.99267578125
ENC_ACCUM=0.0439453125
AUTO_STOP=1
MOTOR_ANGLE=0.007223837209302325
MOTOR_ACCUM=66.46071220930233
MOTOR_ROT=127

[22:43:58.419 EBOX]
TS=1786207166.168
V_SENSE5=0.8349609375
V_SENSE9=0.0390625
V_SENSE12=0.1513671875
ADC_V5=4.9029541015625
ADC_V9=9.31915283203125
ADC_V12=11.47857666015625
ADC_V28=27.67425537109375
THERMAL_SENS_OUT_1=34
THERMAL_SENS_OUT_2=-50
THERMAL_SENS_OUT_3=26
THERMAL_SENS_OUT_4=29
THERMAL_SENS_OUT_5=30
THERMAL_SENS_OUT_6=-50
THERMAL_SENS_INT_1=32
THERMAL_SENS_INT_2=30
PG_5=0
PG_9=0
PG_12=0
FLT_P2=0
FLT_P3=0
HEAT_1_TEMP=34
HEAT_1_DUTY=0
HEAT_1_SP=-20.0
HEAT_2_TEMP=26
HEAT_2_DUTY=0
HEAT_2_SP=-20.0
HEAT_3_TEMP=29
HEAT_3_DUTY=0
HEAT_3_SP=-20.0
HEAT_4_TEMP=30
HEAT_4_DUTY=0
HEAT_4_SP=-20.0
MOTOR_ANGLE=0.008372093023255813
MOTOR_ACCUM=2.1013953488372095
MOTOR_ROT=4

[22:43:58.642 EBOX]
TS=1786207166.670
V_SENSE5=0.81787109375
V_SENSE9=0.03662109375
V_SENSE12=0.1123046875
ADC_V5=4.92950439453125
ADC_V9=9.1864013671875
ADC_V12=11.67327880859375
ADC_V28=27.65655517578125
THERMAL_SENS_OUT_1=28
THERMAL_SENS_OUT_2=-50
THERMAL_SENS_OUT_3=33
THERMAL_SENS_OUT_4=29
THERMAL_SENS_OUT_5=28
THERMAL_SENS_OUT_6=-50
THERMAL_SENS_INT_1=27
THERMAL_SENS_INT_2=34
PG_5=0
PG_9=0
PG_12=0
FLT_P2=0
FLT_P3=0
HEAT_1_TEMP=28
HEAT_1_DUTY=0
HEAT_1_SP=-20.0
HEAT_2_TEMP=33
HEAT_2_DUTY=0
HEAT_2_SP=-20.0
HEAT_3_TEMP=29
HEAT_3_DUTY=0
HEAT_3_SP=-20.0
HEAT_4_TEMP=28
HEAT_4_DUTY=0
HEAT_4_SP=-20.0
MOTOR_ANGLE=0.008372093023255813
MOTOR_ACCUM=2.1013953488372095
MOTOR_ROT=4

[22:43:58.745 CUBESAT]
TS=1786208497.161
PG_5=1
PG_9=0
PG_12=0
FLT_P2=0
FLT_P3=0
HEAT_1_TEMP=0.0
HEAT_1_DUTY=0
HEAT_1_SP=-20.0
ENC_RAW=13651
ENC_ANGLE=299.94873046875
ENC_ACCUM=0.0
AUTO_STOP=1
MOTOR_ANGLE=0.007223837209302325
MOTOR_ACCUM=66.46071220930233
MOTOR_ROT=127

[22:43:59.165 EBOX]
TS=1786207167.172
V_SENSE5=0.8349609375
V_SENSE9=0.0341796875
V_SENSE12=0.1318359375
ADC_V5=4.9029541015625
ADC_V9=9.05364990234375
ADC_V12=11.67327880859375
ADC_V28=28.18756103515625
THERMAL_SENS_OUT_1=28
THERMAL_SENS_OUT_2=-50
THERMAL_SENS_OUT_3=26
THERMAL_SENS_OUT_4=32
THERMAL_SENS_OUT_5=29
THERMAL_SENS_OUT_6=-50
THERMAL_SENS_INT_1=26
THERMAL_SENS_INT_2=30
PG_5=0
PG_9=0
PG_12=0
FLT_P2=0
FLT_P3=0
HEAT_1_TEMP=28
HEAT_1_DUTY=0
HEAT_1_SP=-20.0
HEAT_2_TEMP=26
HEAT_2_DUTY=0
HEAT_2_SP=-20.0
HEAT_3_TEMP=32
HEAT_3_DUTY=0
HEAT_3_SP=-20.0
HEAT_4_TEMP=29
HEAT_4_DUTY=0
HEAT_4_SP=-20.0
MOTOR_ANGLE=0.008372093023255813
MOTOR_ACCUM=2.1013953488372095
MOTOR_ROT=4

[22:43:59.268 CUBESAT]
TS=1786208497.662
PG_5=1
PG_9=0
PG_12=0
FLT_P2=0
FLT_P3=0
HEAT_1_TEMP=0.0
HEAT_1_DUTY=0
HEAT_1_SP=-20.0
ENC_RAW=13653
ENC_ANGLE=299.99267578125
ENC_ACCUM=0.0439453125
AUTO_STOP=1
MOTOR_ANGLE=0.007223837209302325
MOTOR_ACCUM=66.46071220930233
MOTOR_ROT=127

[22:43:59.588 EBOX]
TS=1786207167.674
V_SENSE5=0.83251953125
V_SENSE9=0.03662109375
V_SENSE12=0.14404296875
ADC_V5=4.814453125
ADC_V9=9.37225341796875
ADC_V12=11.5228271484375
ADC_V28=28.1256103515625
THERMAL_SENS_OUT_1=33
THERMAL_SENS_OUT_2=-50
THERMAL_SENS_OUT_3=27
THERMAL_SENS_OUT_4=26
THERMAL_SENS_OUT_5=29
THERMAL_SENS_OUT_6=-50
THERMAL_SENS_INT_1=30
THERMAL_SENS_INT_2=29
PG_5=0
PG_9=0
PG_12=0
FLT_P2=0
FLT_P3=0
HEAT_1_TEMP=33
HEAT_1_DUTY=0
HEAT_1_SP=-20.0
HEAT_2_TEMP=27
HEAT_2_DUTY=0
HEAT_2_SP=-20.0
HEAT_3_TEMP=26
HEAT_3_DUTY=0
HEAT_3_SP=-20.0
HEAT_4_TEMP=29
HEAT_4_DUTY=0
HEAT_4_SP=-20.0
MOTOR_ANGLE=0.008372093023255813
MOTOR_ACCUM=2.1013953488372095
MOTOR_ROT=4

[22:43:59.690 CUBESAT]
TS=1786208498.163
PG_5=1
PG_9=0
PG_12=0
FLT_P2=0
FLT_P3=0
HEAT_1_TEMP=0.0
HEAT_1_DUTY=10
HEAT_1_SP=-20.0
ENC_RAW=13652
ENC_ANGLE=299.970703125
ENC_ACCUM=0.02197265625
AUTO_STOP=1
MOTOR_ANGLE=0.007223837209302325
MOTOR_ACCUM=66.46071220930233
MOTOR_ROT=127

[22:44:00.109 EBOX]
TS=1786207168.176
V_SENSE5=0.87890625
V_SENSE9=0.0390625
V_SENSE12=0.13427734375
ADC_V5=4.88525390625
ADC_V9=9.239501953125
ADC_V12=11.65557861328125
ADC_V28=27.010498046875
THERMAL_SENS_OUT_1=32
THERMAL_SENS_OUT_2=-50
THERMAL_SENS_OUT_3=26
THERMAL_SENS_OUT_4=32
THERMAL_SENS_OUT_5=29
THERMAL_SENS_OUT_6=-50
THERMAL_SENS_INT_1=31
THERMAL_SENS_INT_2=29
PG_5=0
PG_9=0
PG_12=0
FLT_P2=0
FLT_P3=0
HEAT_1_TEMP=32
HEAT_1_DUTY=0
HEAT_1_SP=-20.0
HEAT_2_TEMP=26
HEAT_2_DUTY=0
HEAT_2_SP=-20.0
HEAT_3_TEMP=32
HEAT_3_DUTY=0
HEAT_3_SP=-20.0
HEAT_4_TEMP=29
HEAT_4_DUTY=0
HEAT_4_SP=-20.0
MOTOR_ANGLE=0.008372093023255813
MOTOR_ACCUM=2.1013953488372095
MOTOR_ROT=4

[22:44:00.212 CUBESAT]
TS=1786208498.664
PG_5=1
PG_9=0
PG_12=0
FLT_P2=0
FLT_P3=0
HEAT_1_TEMP=0.0
HEAT_1_DUTY=10
HEAT_1_SP=-20.0
ENC_RAW=13652
ENC_ANGLE=299.970703125
ENC_ACCUM=0.02197265625
AUTO_STOP=1
MOTOR_ANGLE=0.007223837209302325
MOTOR_ACCUM=66.46071220930233
MOTOR_ROT=127

[22:44:00.633 EBOX]
TS=1786207168.678
V_SENSE5=0.87890625
V_SENSE9=0.03662109375
V_SENSE12=0.1416015625
ADC_V5=4.9029541015625
ADC_V9=9.23065185546875
ADC_V12=11.788330078125
ADC_V28=26.94854736328125
THERMAL_SENS_OUT_1=28
THERMAL_SENS_OUT_2=-50
THERMAL_SENS_OUT_3=27
THERMAL_SENS_OUT_4=28
THERMAL_SENS_OUT_5=32
THERMAL_SENS_OUT_6=-50
THERMAL_SENS_INT_1=25
THERMAL_SENS_INT_2=27
PG_5=0
PG_9=0
PG_12=0
FLT_P2=0
FLT_P3=0
HEAT_1_TEMP=28
HEAT_1_DUTY=0
HEAT_1_SP=-20.0
HEAT_2_TEMP=27
HEAT_2_DUTY=0
HEAT_2_SP=-20.0
HEAT_3_TEMP=28
HEAT_3_DUTY=0
HEAT_3_SP=-20.0
HEAT_4_TEMP=32
HEAT_4_DUTY=0
HEAT_4_SP=-20.0
MOTOR_ANGLE=0.008372093023255813
MOTOR_ACCUM=2.1013953488372095
MOTOR_ROT=4

[22:44:00.738 CUBESAT]
TS=1786208499.165
PG_5=1
PG_9=0
PG_12=0
FLT_P2=0
FLT_P3=0
HEAT_1_TEMP=0.0
HEAT_1_DUTY=0
HEAT_1_SP=-20.0
ENC_RAW=13652
ENC_ANGLE=299.970703125
ENC_ACCUM=0.02197265625
AUTO_STOP=1
MOTOR_ANGLE=0.007223837209302325
MOTOR_ACCUM=66.46071220930233
MOTOR_ROT=127

[22:44:01.159 EBOX]
TS=1786207169.179
V_SENSE5=0.8349609375
V_SENSE9=0.0390625
V_SENSE12=0.1171875
ADC_V5=4.9383544921875
ADC_V9=9.027099609375
ADC_V12=11.7529296875
ADC_V28=28.1964111328125
THERMAL_SENS_OUT_1=28
THERMAL_SENS_OUT_2=-50
THERMAL_SENS_OUT_3=30
THERMAL_SENS_OUT_4=26
THERMAL_SENS_OUT_5=27
THERMAL_SENS_OUT_6=-50
THERMAL_SENS_INT_1=31
THERMAL_SENS_INT_2=29
PG_5=0
PG_9=0
PG_12=0
FLT_P2=0
FLT_P3=0
HEAT_1_TEMP=28
HEAT_1_DUTY=0
HEAT_1_SP=-20.0
HEAT_2_TEMP=30
HEAT_2_DUTY=0
HEAT_2_SP=-20.0
HEAT_3_TEMP=26
HEAT_3_DUTY=0
HEAT_3_SP=-20.0
HEAT_4_TEMP=27
HEAT_4_DUTY=0
HEAT_4_SP=-20.0
MOTOR_ANGLE=0.008372093023255813
MOTOR_ACCUM=2.1013953488372095
MOTOR_ROT=4

[22:44:01.262 CUBESAT]
TS=1786208499.667
PG_5=1
PG_9=0
PG_12=0
FLT_P2=0
FLT_P3=0
HEAT_1_TEMP=0.0
HEAT_1_DUTY=0
HEAT_1_SP=-20.0
ENC_RAW=13651
ENC_ANGLE=299.94873046875
ENC_ACCUM=0.0
AUTO_STOP=1
MOTOR_ANGLE=0.007223837209302325
MOTOR_ACCUM=66.46071220930233
MOTOR_ROT=127

[22:44:01.684 EBOX]
TS=1786207169.681
V_SENSE5=0.85693359375
V_SENSE9=0.0390625
V_SENSE12=0.12939453125
ADC_V5=5.00030517578125
ADC_V9=9.21295166015625
ADC_V12=11.83258056640625
ADC_V28=26.9573974609375
THERMAL_SENS_OUT_1=28
THERMAL_SENS_OUT_2=-50
THERMAL_SENS_OUT_3=28
THERMAL_SENS_OUT_4=32
THERMAL_SENS_OUT_5=30
THERMAL_SENS_OUT_6=-50
THERMAL_SENS_INT_1=27
THERMAL_SENS_INT_2=34
PG_5=0
PG_9=0
PG_12=0
FLT_P2=0
FLT_P3=0
HEAT_1_TEMP=28
HEAT_1_DUTY=0
HEAT_1_SP=-20.0
HEAT_2_TEMP=28
HEAT_2_DUTY=0
HEAT_2_SP=-20.0
HEAT_3_TEMP=32
HEAT_3_DUTY=0
HEAT_3_SP=-20.0
HEAT_4_TEMP=30
HEAT_4_DUTY=0
HEAT_4_SP=-20.0
MOTOR_ANGLE=0.008372093023255813
MOTOR_ACCUM=2.1013953488372095
MOTOR_ROT=4

[22:44:01.687 CUBESAT]
TS=1786208500.169
PG_5=1
PG_9=0
PG_12=0
FLT_P2=0
FLT_P3=0
HEAT_1_TEMP=0.0
HEAT_1_DUTY=0
HEAT_1_SP=-20.0
ENC_RAW=13653
ENC_ANGLE=299.99267578125
ENC_ACCUM=0.0439453125
AUTO_STOP=1
MOTOR_ANGLE=0.007223837209302325
MOTOR_ACCUM=66.46071220930233
MOTOR_ROT=127

[22:44:02.411 EBOX]
TS=1786207170.183
V_SENSE5=0.8544921875
V_SENSE9=0.03662109375
V_SENSE12=0.107421875
ADC_V5=4.920654296875
ADC_V9=9.3280029296875
ADC_V12=11.76177978515625
ADC_V28=27.75390625
THERMAL_SENS_OUT_1=32
THERMAL_SENS_OUT_2=-50
THERMAL_SENS_OUT_3=33
THERMAL_SENS_OUT_4=30
THERMAL_SENS_OUT_5=31
THERMAL_SENS_OUT_6=-50
THERMAL_SENS_INT_1=26
THERMAL_SENS_INT_2=28
PG_5=0
PG_9=0
PG_12=0
FLT_P2=0
FLT_P3=0
HEAT_1_TEMP=32
HEAT_1_DUTY=0
HEAT_1_SP=-20.0
HEAT_2_TEMP=33
HEAT_2_DUTY=0
HEAT_2_SP=-20.0
HEAT_3_TEMP=30
HEAT_3_DUTY=0
HEAT_3_SP=-20.0
HEAT_4_TEMP=31
HEAT_4_DUTY=0
HEAT_4_SP=-20.0
MOTOR_ANGLE=0.008372093023255813
MOTOR_ACCUM=2.1013953488372095
MOTOR_ROT=4

[22:44:02.513 CUBESAT]
TS=1786208500.671
PG_5=1
PG_9=0
PG_12=0
FLT_P2=0
FLT_P3=0
HEAT_1_TEMP=0.0
HEAT_1_DUTY=0
HEAT_1_SP=-20.0
ENC_RAW=13651
ENC_ANGLE=299.94873046875
ENC_ACCUM=0.0
AUTO_STOP=1
MOTOR_ANGLE=0.007223837209302325
MOTOR_ACCUM=66.46071220930233
MOTOR_ROT=127

[22:44:02.716 CUBESAT]
TS=1786208501.173
PG_5=1
PG_9=0
PG_12=0
FLT_P2=0
FLT_P3=0
HEAT_1_TEMP=0.0
HEAT_1_DUTY=0
HEAT_1_SP=-20.0
ENC_RAW=13654
ENC_ANGLE=300.0146484375
ENC_ACCUM=0.06591796875
AUTO_STOP=1
MOTOR_ANGLE=0.007223837209302325
MOTOR_ACCUM=66.46071220930233
MOTOR_ROT=127

[22:44:02.942 EBOX]
TS=1786207170.685
V_SENSE5=0.83251953125
V_SENSE9=0.0341796875
V_SENSE12=0.1513671875
ADC_V5=5.01800537109375
ADC_V9=9.027099609375
ADC_V12=11.8768310546875
ADC_V28=27.718505859375
THERMAL_SENS_OUT_1=34
THERMAL_SENS_OUT_2=-50
THERMAL_SENS_OUT_3=30
THERMAL_SENS_OUT_4=27
THERMAL_SENS_OUT_5=33
THERMAL_SENS_OUT_6=-50
THERMAL_SENS_INT_1=30
THERMAL_SENS_INT_2=29
PG_5=0
PG_9=0
PG_12=0
FLT_P2=0
FLT_P3=0
HEAT_1_TEMP=34
HEAT_1_DUTY=0
HEAT_1_SP=-20.0
HEAT_2_TEMP=30
HEAT_2_DUTY=0
HEAT_2_SP=-20.0
HEAT_3_TEMP=27
HEAT_3_DUTY=0
HEAT_3_SP=-20.0
HEAT_4_TEMP=33
HEAT_4_DUTY=0
HEAT_4_SP=-20.0
MOTOR_ANGLE=0.008372093023255813
MOTOR_ACCUM=2.1013953488372095
MOTOR_ROT=4

[22:44:03.249 CUBESAT]
TS=1786208501.676
PG_5=1
PG_9=0
PG_12=0
FLT_P2=0
FLT_P3=0
HEAT_1_TEMP=0.0
HEAT_1_DUTY=0
HEAT_1_SP=-20.0
ENC_RAW=13653
ENC_ANGLE=299.99267578125
ENC_ACCUM=0.0439453125
AUTO_STOP=1
MOTOR_ANGLE=0.007223837209302325
MOTOR_ACCUM=66.46071220930233
MOTOR_ROT=127

[22:44:03.471 EBOX]
TS=1786207171.186
V_SENSE5=0.86181640625
V_SENSE9=0.0341796875
V_SENSE12=0.13427734375
ADC_V5=4.991455078125
ADC_V9=8.96514892578125
ADC_V12=11.47857666015625
ADC_V28=27.6300048828125
THERMAL_SENS_OUT_1=34
THERMAL_SENS_OUT_2=-50
THERMAL_SENS_OUT_3=26
THERMAL_SENS_OUT_4=27
THERMAL_SENS_OUT_5=32
THERMAL_SENS_OUT_6=-50
THERMAL_SENS_INT_1=26
THERMAL_SENS_INT_2=30
PG_5=0
PG_9=0
PG_12=0
FLT_P2=0
FLT_P3=0
HEAT_1_TEMP=34
HEAT_1_DUTY=0
HEAT_1_SP=-20.0
HEAT_2_TEMP=26
HEAT_2_DUTY=0
HEAT_2_SP=-20.0
HEAT_3_TEMP=27
HEAT_3_DUTY=0
HEAT_3_SP=-20.0
HEAT_4_TEMP=32
HEAT_4_DUTY=0
HEAT_4_SP=-20.0
MOTOR_ANGLE=0.008372093023255813
MOTOR_ACCUM=2.1013953488372095
MOTOR_ROT=4

[22:44:03.695 EBOX]
TS=1786207171.688
V_SENSE5=0.8203125
V_SENSE9=0.03662109375
V_SENSE12=0.11962890625
ADC_V5=4.85870361328125
ADC_V9=9.23065185546875
ADC_V12=11.65557861328125
ADC_V28=28.04595947265625
THERMAL_SENS_OUT_1=28
THERMAL_SENS_OUT_2=-50
THERMAL_SENS_OUT_3=29
THERMAL_SENS_OUT_4=27
THERMAL_SENS_OUT_5=31
THERMAL_SENS_OUT_6=-50
THERMAL_SENS_INT_1=32
THERMAL_SENS_INT_2=34
PG_5=0
PG_9=0
PG_12=0
FLT_P2=0
FLT_P3=0
HEAT_1_TEMP=28
HEAT_1_DUTY=0
HEAT_1_SP=-20.0
HEAT_2_TEMP=29
HEAT_2_DUTY=0
HEAT_2_SP=-20.0
HEAT_3_TEMP=27
HEAT_3_DUTY=0
HEAT_3_SP=-20.0
HEAT_4_TEMP=31
HEAT_4_DUTY=0
HEAT_4_SP=-20.0
MOTOR_ANGLE=0.008372093023255813
MOTOR_ACCUM=2.1013953488372095
MOTOR_ROT=4

[22:44:03.999 CUBESAT]
TS=1786208502.177
PG_5=1
PG_9=0
PG_12=0
FLT_P2=0
FLT_P3=0
HEAT_1_TEMP=0.0
HEAT_1_DUTY=0
HEAT_1_SP=-20.0
ENC_RAW=13652
ENC_ANGLE=299.970703125
ENC_ACCUM=0.02197265625
AUTO_STOP=1
MOTOR_ANGLE=0.007223837209302325
MOTOR_ACCUM=66.46071220930233
MOTOR_ROT=127

[22:44:04.725 EBOX]
TS=1786207172.189
V_SENSE5=0.87890625
V_SENSE9=0.0341796875
V_SENSE12=0.11962890625
ADC_V5=4.991455078125
ADC_V9=9.0625
ADC_V12=11.68212890625
ADC_V28=28.13446044921875
THERMAL_SENS_OUT_1=28
THERMAL_SENS_OUT_2=-50
THERMAL_SENS_OUT_3=32
THERMAL_SENS_OUT_4=29
THERMAL_SENS_OUT_5=27
THERMAL_SENS_OUT_6=-50
THERMAL_SENS_INT_1=26
THERMAL_SENS_INT_2=32
PG_5=0
PG_9=0
PG_12=0
FLT_P2=0
FLT_P3=0
HEAT_1_TEMP=28
HEAT_1_DUTY=0
HEAT_1_SP=-20.0
HEAT_2_TEMP=32
HEAT_2_DUTY=0
HEAT_2_SP=-20.0
HEAT_3_TEMP=29
HEAT_3_DUTY=0
HEAT_3_SP=-20.0
HEAT_4_TEMP=27
HEAT_4_DUTY=0
HEAT_4_SP=-20.0
MOTOR_ANGLE=0.008372093023255813
MOTOR_ACCUM=2.1013953488372095
MOTOR_ROT=4

[22:44:05.029 CUBESAT]
TS=1786208502.679
PG_5=1
PG_9=0
PG_12=0
FLT_P2=0
FLT_P3=0
HEAT_1_TEMP=0.0
HEAT_1_DUTY=0
HEAT_1_SP=-20.0
ENC_RAW=13651
ENC_ANGLE=299.94873046875
ENC_ACCUM=0.0
AUTO_STOP=1
MOTOR_ANGLE=0.007223837209302325
MOTOR_ACCUM=66.46071220930233
MOTOR_ROT=127
TS=1786208503.181
PG_5=1
PG_9=0
PG_12=0
FLT_P2=0
FLT_P3=0
HEAT_1_TEMP=0.0
HEAT_1_DUTY=0
HEAT_1_SP=-20.0
ENC_RAW=13653
ENC_ANGLE=299.99267578125
ENC_ACCUM=0.0439453125
AUTO_STOP=1
MOTOR_ANGLE=0.007223837209302325
MOTOR_ACCUM=66.46071220930233
MOTOR_ROT=127

[22:44:05.179 EBOX]
TS=1786207172.691
V_SENSE5=0.869140625
V_SENSE9=0.03662109375
V_SENSE12=0.126953125
ADC_V5=4.9383544921875
ADC_V9=8.956298828125
ADC_V12=11.6998291015625
ADC_V28=28.04595947265625
THERMAL_SENS_OUT_1=31
THERMAL_SENS_OUT_2=-50
THERMAL_SENS_OUT_3=26
THERMAL_SENS_OUT_4=32
THERMAL_SENS_OUT_5=32
THERMAL_SENS_OUT_6=-50
THERMAL_SENS_INT_1=27
THERMAL_SENS_INT_2=34
PG_5=0
PG_9=0
PG_12=0
FLT_P2=0
FLT_P3=0
HEAT_1_TEMP=31
HEAT_1_DUTY=0
HEAT_1_SP=-20.0
HEAT_2_TEMP=26
HEAT_2_DUTY=0
HEAT_2_SP=-20.0
HEAT_3_TEMP=32
HEAT_3_DUTY=0
HEAT_3_SP=-20.0
HEAT_4_TEMP=32
HEAT_4_DUTY=0
HEAT_4_SP=-20.0
MOTOR_ANGLE=0.008372093023255813
MOTOR_ACCUM=2.1013953488372095
MOTOR_ROT=4
TS=1786207173.193
V_SENSE5=0.849609375
V_SENSE9=0.03662109375
V_SENSE12=0.12451171875
ADC_V5=4.96490478515625
ADC_V9=8.91204833984375
ADC_V12=11.4874267578125
ADC_V28=27.44415283203125
THERMAL_SENS_OUT_1=27
THERMAL_SENS_OUT_2=-50
THERMAL_SENS_OUT_3=28
THERMAL_SENS_OUT_4=33
THERMAL_SENS_OUT_5=30
THERMAL_SENS_OUT_6=-50
THERMAL_SENS_INT_1=29
THERMAL_SENS_INT_2=27
PG_5=0
PG_9=0
PG_12=0
FLT_P2=0
FLT_P3=0
HEAT_1_TEMP=27
HEAT_1_DUTY=0
HEAT_1_SP=-20.0
HEAT_2_TEMP=28
HEAT_2_DUTY=0
HEAT_2_SP=-20.0
HEAT_3_TEMP=33
HEAT_3_DUTY=0
HEAT_3_SP=-20.0
HEAT_4_TEMP=30
HEAT_4_DUTY=0
HEAT_4_SP=-20.0
MOTOR_ANGLE=0.008372093023255813
MOTOR_ACCUM=2.1013953488372095
MOTOR_ROT=4

[22:44:05.182 CUBESAT]
TS=1786208503.683
PG_5=1
PG_9=0
PG_12=0
FLT_P2=0
FLT_P3=0
HEAT_1_TEMP=0.0
HEAT_1_DUTY=0
HEAT_1_SP=-20.0
ENC_RAW=13651
ENC_ANGLE=299.94873046875
ENC_ACCUM=0.0
AUTO_STOP=1
MOTOR_ANGLE=0.007223837209302325
MOTOR_ACCUM=66.46071220930233
MOTOR_ROT=127

[22:44:05.708 EBOX]
TS=1786207173.694
V_SENSE5=0.8251953125
V_SENSE9=0.0341796875
V_SENSE12=0.146484375
ADC_V5=4.9560546875
ADC_V9=8.8323974609375
ADC_V12=11.86798095703125
ADC_V28=26.83349609375
THERMAL_SENS_OUT_1=31
THERMAL_SENS_OUT_2=-50
THERMAL_SENS_OUT_3=27
THERMAL_SENS_OUT_4=27
THERMAL_SENS_OUT_5=33
THERMAL_SENS_OUT_6=-50
THERMAL_SENS_INT_1=25
THERMAL_SENS_INT_2=30
PG_5=0
PG_9=0
PG_12=0
FLT_P2=0
FLT_P3=0
HEAT_1_TEMP=31
HEAT_1_DUTY=0
HEAT_1_SP=-20.0
HEAT_2_TEMP=27
HEAT_2_DUTY=0
HEAT_2_SP=-20.0
HEAT_3_TEMP=27
HEAT_3_DUTY=0
HEAT_3_SP=-20.0
HEAT_4_TEMP=33
HEAT_4_DUTY=0
HEAT_4_SP=-20.0
MOTOR_ANGLE=0.008372093023255813
MOTOR_ACCUM=2.1013953488372095
MOTOR_ROT=4

[22:44:06.013 CUBESAT]
TS=1786208504.184
PG_5=1
PG_9=0
PG_12=0
FLT_P2=0
FLT_P3=0
HEAT_1_TEMP=0.0
HEAT_1_DUTY=10
HEAT_1_SP=-20.0
ENC_RAW=13653
ENC_ANGLE=299.99267578125
ENC_ACCUM=0.0439453125
AUTO_STOP=1
MOTOR_ANGLE=0.007223837209302325
MOTOR_ACCUM=66.46071220930233
MOTOR_ROT=127

[22:44:06.136 EBOX]
TS=1786207174.197
V_SENSE5=0.83740234375
V_SENSE9=0.03662109375
V_SENSE12=0.1318359375
ADC_V5=5.0091552734375
ADC_V9=9.40765380859375
ADC_V12=11.7529296875
ADC_V28=26.96624755859375
THERMAL_SENS_OUT_1=32
THERMAL_SENS_OUT_2=-50
THERMAL_SENS_OUT_3=26
THERMAL_SENS_OUT_4=29
THERMAL_SENS_OUT_5=28
THERMAL_SENS_OUT_6=-50
THERMAL_SENS_INT_1=29
THERMAL_SENS_INT_2=27
PG_5=0
PG_9=0
PG_12=0
FLT_P2=0
FLT_P3=0
HEAT_1_TEMP=32
HEAT_1_DUTY=0
HEAT_1_SP=-20.0
HEAT_2_TEMP=26
HEAT_2_DUTY=0
HEAT_2_SP=-20.0
HEAT_3_TEMP=29
HEAT_3_DUTY=0
HEAT_3_SP=-20.0
HEAT_4_TEMP=28
HEAT_4_DUTY=0
HEAT_4_SP=-20.0
MOTOR_ANGLE=0.008372093023255813
MOTOR_ACCUM=2.1013953488372095
MOTOR_ROT=4

[22:44:06.238 CUBESAT]
TS=1786208504.686
PG_5=1
PG_9=0
PG_12=0
FLT_P2=0
FLT_P3=0
HEAT_1_TEMP=0.0
HEAT_1_DUTY=10
HEAT_1_SP=-20.0
ENC_RAW=13653
ENC_ANGLE=299.99267578125
ENC_ACCUM=0.0439453125
AUTO_STOP=1
MOTOR_ANGLE=0.007223837209302325
MOTOR_ACCUM=66.46071220930233
MOTOR_ROT=127

[22:44:06.662 EBOX]
TS=1786207174.698
V_SENSE5=0.8349609375
V_SENSE9=0.05126953125
V_SENSE12=0.15380859375
ADC_V5=4.92950439453125
ADC_V9=9.381103515625
ADC_V12=11.79718017578125
ADC_V28=27.96630859375
THERMAL_SENS_OUT_1=29
THERMAL_SENS_OUT_2=-50
THERMAL_SENS_OUT_3=26
THERMAL_SENS_OUT_4=27
THERMAL_SENS_OUT_5=29
THERMAL_SENS_OUT_6=-50
THERMAL_SENS_INT_1=26
THERMAL_SENS_INT_2=32
PG_5=0
PG_9=0
PG_12=0
FLT_P2=0
FLT_P3=0
HEAT_1_TEMP=29
HEAT_1_DUTY=0
HEAT_1_SP=-20.0
HEAT_2_TEMP=26
HEAT_2_DUTY=0
HEAT_2_SP=-20.0
HEAT_3_TEMP=27
HEAT_3_DUTY=0
HEAT_3_SP=-20.0
HEAT_4_TEMP=29
HEAT_4_DUTY=0
HEAT_4_SP=-20.0
MOTOR_ANGLE=0.008372093023255813
MOTOR_ACCUM=2.1013953488372095
MOTOR_ROT=4

[22:44:06.764 CUBESAT]
TS=1786208505.187
PG_5=1
PG_9=0
PG_12=0
FLT_P2=0
FLT_P3=0
HEAT_1_TEMP=0.0
HEAT_1_DUTY=0
HEAT_1_SP=-20.0
ENC_RAW=13649
ENC_ANGLE=299.90478515625
ENC_ACCUM=-0.0439453125
AUTO_STOP=1
MOTOR_ANGLE=0.007223837209302325
MOTOR_ACCUM=66.46071220930233
MOTOR_ROT=127

[22:44:07.187 EBOX]
TS=1786207175.199
V_SENSE5=0.85693359375
V_SENSE9=0.04150390625
V_SENSE12=0.15380859375
ADC_V5=4.84100341796875
ADC_V9=9.097900390625
ADC_V12=11.9476318359375
ADC_V28=27.576904296875
THERMAL_SENS_OUT_1=27
THERMAL_SENS_OUT_2=-50
THERMAL_SENS_OUT_3=32
THERMAL_SENS_OUT_4=26
THERMAL_SENS_OUT_5=27
THERMAL_SENS_OUT_6=-50
THERMAL_SENS_INT_1=30
THERMAL_SENS_INT_2=28
PG_5=0
PG_9=0
PG_12=0
FLT_P2=0
FLT_P3=0
HEAT_1_TEMP=27
HEAT_1_DUTY=0
HEAT_1_SP=-20.0
HEAT_2_TEMP=32
HEAT_2_DUTY=0
HEAT_2_SP=-20.0
HEAT_3_TEMP=26
HEAT_3_DUTY=0
HEAT_3_SP=-20.0
HEAT_4_TEMP=27
HEAT_4_DUTY=0
HEAT_4_SP=-20.0
MOTOR_ANGLE=0.008372093023255813
MOTOR_ACCUM=2.1013953488372095
MOTOR_ROT=4

[22:44:07.189 CUBESAT]
TS=1786208505.688
PG_5=1
PG_9=0
PG_12=0
FLT_P2=0
FLT_P3=0
HEAT_1_TEMP=0.0
HEAT_1_DUTY=0
HEAT_1_SP=-20.0
ENC_RAW=13650
ENC_ANGLE=299.9267578125
ENC_ACCUM=-0.02197265625
AUTO_STOP=1
MOTOR_ANGLE=0.007223837209302325
MOTOR_ACCUM=66.46071220930233
MOTOR_ROT=127

[22:44:07.994 CUBESAT]
TS=1786208506.189
PG_5=1
PG_9=0
PG_12=0
FLT_P2=0
FLT_P3=0
HEAT_1_TEMP=0.0
HEAT_1_DUTY=0
HEAT_1_SP=-20.0
ENC_RAW=13652
ENC_ANGLE=299.970703125
ENC_ACCUM=0.02197265625
AUTO_STOP=1
MOTOR_ANGLE=0.007223837209302325
MOTOR_ACCUM=66.46071220930233
MOTOR_ROT=127

[22:44:08.197 CUBESAT]
TS=1786208506.690
PG_5=1
PG_9=0
PG_12=0
FLT_P2=0
FLT_P3=0
HEAT_1_TEMP=0.0
HEAT_1_DUTY=0
HEAT_1_SP=-20.0
ENC_RAW=13651
ENC_ANGLE=299.94873046875
ENC_ACCUM=0.0
AUTO_STOP=1
MOTOR_ANGLE=0.007223837209302325
MOTOR_ACCUM=66.46071220930233
MOTOR_ROT=127

[22:44:08.701 CUBESAT]
TS=1786208507.191
PG_5=1
PG_9=0
PG_12=0
FLT_P2=0
FLT_P3=0
HEAT_1_TEMP=0.0
HEAT_1_DUTY=0
HEAT_1_SP=-20.0
ENC_RAW=13652
ENC_ANGLE=299.970703125
ENC_ACCUM=0.02197265625
AUTO_STOP=1
MOTOR_ANGLE=0.007223837209302325
MOTOR_ACCUM=66.46071220930233
MOTOR_ROT=127

[22:44:08.824 EBOX]
TS=1786207175.701
V_SENSE5=0.84716796875
V_SENSE9=0.03662109375
V_SENSE12=0.13916015625
ADC_V5=4.92950439453125
ADC_V9=8.9208984375
ADC_V12=11.9476318359375
ADC_V28=27.2760009765625
THERMAL_SENS_OUT_1=27
THERMAL_SENS_OUT_2=-50
THERMAL_SENS_OUT_3=31
THERMAL_SENS_OUT_4=29
THERMAL_SENS_OUT_5=27
THERMAL_SENS_OUT_6=-50
THERMAL_SENS_INT_1=29
THERMAL_SENS_INT_2=30
PG_5=0
PG_9=0
PG_12=0
FLT_P2=0
FLT_P3=0
HEAT_1_TEMP=27
HEAT_1_DUTY=0
HEAT_1_SP=-20.0
HEAT_2_TEMP=31
HEAT_2_DUTY=0
HEAT_2_SP=-20.0
HEAT_3_TEMP=29
HEAT_3_DUTY=0
HEAT_3_SP=-20.0
HEAT_4_TEMP=27
HEAT_4_DUTY=0
HEAT_4_SP=-20.0
MOTOR_ANGLE=0.008372093023255813
MOTOR_ACCUM=2.1013953488372095
MOTOR_ROT=4

[22:44:08.976 EBOX]
TS=1786207176.202
V_SENSE5=0.87890625
V_SENSE9=0.0390625
V_SENSE12=0.126953125
ADC_V5=4.8321533203125
ADC_V9=9.40765380859375
ADC_V12=11.8414306640625
ADC_V28=26.93084716796875
THERMAL_SENS_OUT_1=28
THERMAL_SENS_OUT_2=-50
THERMAL_SENS_OUT_3=27
THERMAL_SENS_OUT_4=31
THERMAL_SENS_OUT_5=29
THERMAL_SENS_OUT_6=-50
THERMAL_SENS_INT_1=32
THERMAL_SENS_INT_2=31
PG_5=0
PG_9=0
PG_12=0
FLT_P2=0
FLT_P3=0
HEAT_1_TEMP=28
HEAT_1_DUTY=0
HEAT_1_SP=-20.0
HEAT_2_TEMP=27
HEAT_2_DUTY=0
HEAT_2_SP=-20.0
HEAT_3_TEMP=31
HEAT_3_DUTY=0
HEAT_3_SP=-20.0
HEAT_4_TEMP=29
HEAT_4_DUTY=0
HEAT_4_SP=-20.0
MOTOR_ANGLE=0.008372093023255813
MOTOR_ACCUM=2.1013953488372095
MOTOR_ROT=4
TS=1786207176.704
V_SENSE5=0.869140625
V_SENSE9=0.0390625
V_SENSE12=0.126953125
ADC_V5=4.85870361328125
ADC_V9=9.381103515625
ADC_V12=11.51397705078125
ADC_V28=27.60345458984375
THERMAL_SENS_OUT_1=27
THERMAL_SENS_OUT_2=-50
THERMAL_SENS_OUT_3=30
THERMAL_SENS_OUT_4=26
THERMAL_SENS_OUT_5=33
THERMAL_SENS_OUT_6=-50
THERMAL_SENS_INT_1=32
THERMAL_SENS_INT_2=31
PG_5=0
PG_9=0
PG_12=0
FLT_P2=0
FLT_P3=0
HEAT_1_TEMP=27
HEAT_1_DUTY=0
HEAT_1_SP=-20.0
HEAT_2_TEMP=30
HEAT_2_DUTY=0
HEAT_2_SP=-20.0
HEAT_3_TEMP=26
HEAT_3_DUTY=0
HEAT_3_SP=-20.0
HEAT_4_TEMP=33
HEAT_4_DUTY=0
HEAT_4_SP=-20.0
MOTOR_ANGLE=0.008372093023255813
MOTOR_ACCUM=2.1013953488372095
MOTOR_ROT=4

[22:44:09.203 EBOX]
TS=1786207177.206
V_SENSE5=0.87158203125
V_SENSE9=0.0390625
V_SENSE12=0.13916015625
ADC_V5=4.89410400390625
ADC_V9=8.98284912109375
ADC_V12=11.6644287109375
ADC_V28=28.0194091796875
THERMAL_SENS_OUT_1=30
THERMAL_SENS_OUT_2=-50
THERMAL_SENS_OUT_3=29
THERMAL_SENS_OUT_4=29
THERMAL_SENS_OUT_5=28
THERMAL_SENS_OUT_6=-50
THERMAL_SENS_INT_1=32
THERMAL_SENS_INT_2=29
PG_5=0
PG_9=0
PG_12=0
FLT_P2=0
FLT_P3=0
HEAT_1_TEMP=30
HEAT_1_DUTY=0
HEAT_1_SP=-20.0
HEAT_2_TEMP=29
HEAT_2_DUTY=0
HEAT_2_SP=-20.0
HEAT_3_TEMP=29
HEAT_3_DUTY=0
HEAT_3_SP=-20.0
HEAT_4_TEMP=28
HEAT_4_DUTY=0
HEAT_4_SP=-20.0
MOTOR_ANGLE=0.008372093023255813
MOTOR_ACCUM=2.1013953488372095
MOTOR_ROT=4

[22:44:09.606 CUBESAT]
TS=1786208507.692
PG_5=1
PG_9=0
PG_12=0
FLT_P2=0
FLT_P3=0
HEAT_1_TEMP=0.0
HEAT_1_DUTY=0
HEAT_1_SP=-20.0
ENC_RAW=13653
ENC_ANGLE=299.99267578125
ENC_ACCUM=0.0439453125
AUTO_STOP=1
MOTOR_ANGLE=0.007223837209302325
MOTOR_ACCUM=66.46071220930233
MOTOR_ROT=127

[22:44:09.841 EBOX]
TS=1786207177.708
V_SENSE5=0.85693359375
V_SENSE9=0.0341796875
V_SENSE12=0.14404296875
ADC_V5=5.02685546875
ADC_V9=8.7261962890625
ADC_V12=11.79718017578125
ADC_V28=27.293701171875
THERMAL_SENS_OUT_1=29
THERMAL_SENS_OUT_2=-50
THERMAL_SENS_OUT_3=27
THERMAL_SENS_OUT_4=32
THERMAL_SENS_OUT_5=30
THERMAL_SENS_OUT_6=-50
THERMAL_SENS_INT_1=28
THERMAL_SENS_INT_2=33
PG_5=0
PG_9=0
PG_12=0
FLT_P2=0
FLT_P3=0
HEAT_1_TEMP=29
HEAT_1_DUTY=0
HEAT_1_SP=-20.0
HEAT_2_TEMP=27
HEAT_2_DUTY=0
HEAT_2_SP=-20.0
HEAT_3_TEMP=32
HEAT_3_DUTY=0
HEAT_3_SP=-20.0
HEAT_4_TEMP=30
HEAT_4_DUTY=0
HEAT_4_SP=-20.0
MOTOR_ANGLE=0.008372093023255813
MOTOR_ACCUM=2.1013953488372095
MOTOR_ROT=4

[22:44:09.845 CUBESAT]
TS=1786208508.193
PG_5=1
PG_9=0
PG_12=0
FLT_P2=0
FLT_P3=0
HEAT_1_TEMP=0.0
HEAT_1_DUTY=0
HEAT_1_SP=-20.0
ENC_RAW=13648
ENC_ANGLE=299.8828125
ENC_ACCUM=-0.06591796875
AUTO_STOP=1
MOTOR_ANGLE=0.007223837209302325
MOTOR_ACCUM=66.46071220930233
MOTOR_ROT=127

[22:44:10.168 EBOX]
TS=1786207178.209
V_SENSE5=0.91552734375
V_SENSE9=0.0341796875
V_SENSE12=0.1318359375
ADC_V5=5.0091552734375
ADC_V9=9.41650390625
ADC_V12=11.90338134765625
ADC_V28=27.2052001953125
THERMAL_SENS_OUT_1=30
THERMAL_SENS_OUT_2=-50
THERMAL_SENS_OUT_3=28
THERMAL_SENS_OUT_4=32
THERMAL_SENS_OUT_5=29
THERMAL_SENS_OUT_6=-50
THERMAL_SENS_INT_1=29
THERMAL_SENS_INT_2=28
PG_5=0
PG_9=0
PG_12=0
FLT_P2=0
FLT_P3=0
HEAT_1_TEMP=30
HEAT_1_DUTY=0
HEAT_1_SP=-20.0
HEAT_2_TEMP=28
HEAT_2_DUTY=0
HEAT_2_SP=-20.0
HEAT_3_TEMP=32
HEAT_3_DUTY=0
HEAT_3_SP=-20.0
HEAT_4_TEMP=29
HEAT_4_DUTY=0
HEAT_4_SP=-20.0
MOTOR_ANGLE=0.008372093023255813
MOTOR_ACCUM=2.1013953488372095
MOTOR_ROT=4

[22:44:10.272 CUBESAT]
TS=1786208508.694
PG_5=1
PG_9=0
PG_12=0
FLT_P2=0
FLT_P3=0
HEAT_1_TEMP=0.0
HEAT_1_DUTY=0
HEAT_1_SP=-20.0
ENC_RAW=13689
ENC_ANGLE=300.78369140625
ENC_ACCUM=0.8349609375
AUTO_STOP=1
MOTOR_ANGLE=0.007223837209302325
MOTOR_ACCUM=66.46071220930233
MOTOR_ROT=127

[22:44:10.999 EBOX]
TS=1786207178.711
V_SENSE5=0.869140625
V_SENSE9=0.0390625
V_SENSE12=0.1220703125
ADC_V5=5.01800537109375
ADC_V9=9.12445068359375
ADC_V12=11.89453125
ADC_V28=26.78924560546875
THERMAL_SENS_OUT_1=31
THERMAL_SENS_OUT_2=-50
THERMAL_SENS_OUT_3=26
THERMAL_SENS_OUT_4=29
THERMAL_SENS_OUT_5=26
THERMAL_SENS_OUT_6=-50
THERMAL_SENS_INT_1=30
THERMAL_SENS_INT_2=31
PG_5=0
PG_9=0
PG_12=0
FLT_P2=0
FLT_P3=0
HEAT_1_TEMP=31
HEAT_1_DUTY=0
HEAT_1_SP=-20.0
HEAT_2_TEMP=26
HEAT_2_DUTY=0
HEAT_2_SP=-20.0
HEAT_3_TEMP=29
HEAT_3_DUTY=0
HEAT_3_SP=-20.0
HEAT_4_TEMP=26
HEAT_4_DUTY=0
HEAT_4_SP=-20.0
MOTOR_ANGLE=0.008372093023255813
MOTOR_ACCUM=2.1013953488372095
MOTOR_ROT=4

[22:44:11.102 CUBESAT]
TS=1786208509.196
PG_5=1
PG_9=0
PG_12=0
FLT_P2=0
FLT_P3=0
HEAT_1_TEMP=0.0
HEAT_1_DUTY=10
HEAT_1_SP=-20.0
ENC_RAW=13826
ENC_ANGLE=303.7939453125
ENC_ACCUM=3.84521484375
AUTO_STOP=1
MOTOR_ANGLE=0.005334302325581395
MOTOR_ACCUM=70.6448691860465
MOTOR_ROT=135

[22:44:11.227 EBOX]
TS=1786207179.214
V_SENSE5=0.8740234375
V_SENSE9=0.03662109375
V_SENSE12=0.1416015625
ADC_V5=4.94720458984375
ADC_V9=8.8323974609375
ADC_V12=11.82373046875
ADC_V28=27.3822021484375
THERMAL_SENS_OUT_1=31
THERMAL_SENS_OUT_2=-50
THERMAL_SENS_OUT_3=32
THERMAL_SENS_OUT_4=28
THERMAL_SENS_OUT_5=27
THERMAL_SENS_OUT_6=-50
THERMAL_SENS_INT_1=28
THERMAL_SENS_INT_2=34
PG_5=0
PG_9=0
PG_12=0
FLT_P2=0
FLT_P3=0
HEAT_1_TEMP=31
HEAT_1_DUTY=0
HEAT_1_SP=-20.0
HEAT_2_TEMP=32
HEAT_2_DUTY=0
HEAT_2_SP=-20.0
HEAT_3_TEMP=28
HEAT_3_DUTY=0
HEAT_3_SP=-20.0
HEAT_4_TEMP=27
HEAT_4_DUTY=0
HEAT_4_SP=-20.0
MOTOR_ANGLE=0.008372093023255813
MOTOR_ACCUM=2.1013953488372095
MOTOR_ROT=4

[22:44:11.229 CUBESAT]
TS=1786208509.697
PG_5=1
PG_9=0
PG_12=0
FLT_P2=0
FLT_P3=0
HEAT_1_TEMP=0.0
HEAT_1_DUTY=10
HEAT_1_SP=-20.0
ENC_RAW=14078
ENC_ANGLE=309.3310546875
ENC_ACCUM=9.38232421875
AUTO_STOP=1
MOTOR_ANGLE=0.0003779069767441861
MOTOR_ACCUM=75.87247093023257
MOTOR_ROT=145

[22:44:11.757 EBOX]
TS=1786207179.714
V_SENSE5=0.86669921875
V_SENSE9=0.0390625
V_SENSE12=0.146484375
ADC_V5=5.0091552734375
ADC_V9=9.44305419921875
ADC_V12=11.9476318359375
ADC_V28=27.75390625
THERMAL_SENS_OUT_1=30
THERMAL_SENS_OUT_2=-50
THERMAL_SENS_OUT_3=32
THERMAL_SENS_OUT_4=28
THERMAL_SENS_OUT_5=33
THERMAL_SENS_OUT_6=-50
THERMAL_SENS_INT_1=29
THERMAL_SENS_INT_2=28
PG_5=0
PG_9=0
PG_12=0
FLT_P2=0
FLT_P3=0
HEAT_1_TEMP=30
HEAT_1_DUTY=0
HEAT_1_SP=-20.0
HEAT_2_TEMP=32
HEAT_2_DUTY=0
HEAT_2_SP=-20.0
HEAT_3_TEMP=28
HEAT_3_DUTY=0
HEAT_3_SP=-20.0
HEAT_4_TEMP=33
HEAT_4_DUTY=0
HEAT_4_SP=-20.0
MOTOR_ANGLE=0.008372093023255813
MOTOR_ACCUM=2.1013953488372095
MOTOR_ROT=4

[22:44:11.961 CUBESAT]
TS=1786208510.198
PG_5=1
PG_9=0
PG_12=0
FLT_P2=0
FLT_P3=0
HEAT_1_TEMP=0.0
HEAT_1_DUTY=0
HEAT_1_SP=-20.0
ENC_RAW=14179
ENC_ANGLE=311.55029296875
ENC_ACCUM=11.6015625
AUTO_STOP=1
MOTOR_ANGLE=0.007994186046511628
MOTOR_ACCUM=77.4498546511628
MOTOR_ROT=148

[22:44:12.184 EBOX]
TS=1786207180.216
V_SENSE5=0.8447265625
V_SENSE9=0.0390625
V_SENSE12=0.1123046875
ADC_V5=4.8321533203125
ADC_V9=9.1156005859375
ADC_V12=11.9122314453125
ADC_V28=27.9132080078125
THERMAL_SENS_OUT_1=32
THERMAL_SENS_OUT_2=-50
THERMAL_SENS_OUT_3=26
THERMAL_SENS_OUT_4=27
THERMAL_SENS_OUT_5=32
THERMAL_SENS_OUT_6=-50
THERMAL_SENS_INT_1=26
THERMAL_SENS_INT_2=28
PG_5=0
PG_9=0
PG_12=0
FLT_P2=0
FLT_P3=0
HEAT_1_TEMP=32
HEAT_1_DUTY=0
HEAT_1_SP=-20.0
HEAT_2_TEMP=26
HEAT_2_DUTY=0
HEAT_2_SP=-20.0
HEAT_3_TEMP=27
HEAT_3_DUTY=0
HEAT_3_SP=-20.0
HEAT_4_TEMP=32
HEAT_4_DUTY=0
HEAT_4_SP=-20.0
MOTOR_ANGLE=0.008372093023255813
MOTOR_ACCUM=2.1013953488372095
MOTOR_ROT=4

[22:44:12.488 CUBESAT]
TS=1786208510.699
PG_5=1
PG_9=0
PG_12=0
FLT_P2=0
FLT_P3=0
HEAT_1_TEMP=0.0
HEAT_1_DUTY=0
HEAT_1_SP=-20.0
ENC_RAW=14356
ENC_ANGLE=315.439453125
ENC_ACCUM=15.49072265625
AUTO_STOP=1
MOTOR_ANGLE=0.008749999999999999
MOTOR_ACCUM=81.1134011627907
MOTOR_ROT=155

[22:44:12.713 EBOX]
TS=1786207180.720
V_SENSE5=0.83251953125
V_SENSE9=0.03173828125
V_SENSE12=0.10009765625
ADC_V5=5.23040771484375
ADC_V9=8.8323974609375
ADC_V12=11.788330078125
ADC_V28=26.93084716796875
THERMAL_SENS_OUT_1=31
THERMAL_SENS_OUT_2=-50
THERMAL_SENS_OUT_3=33
THERMAL_SENS_OUT_4=28
THERMAL_SENS_OUT_5=27
THERMAL_SENS_OUT_6=-50
THERMAL_SENS_INT_1=32
THERMAL_SENS_INT_2=27
PG_5=0
PG_9=0
PG_12=0
FLT_P2=0
FLT_P3=0
HEAT_1_TEMP=31
HEAT_1_DUTY=0
HEAT_1_SP=-20.0
HEAT_2_TEMP=33
HEAT_2_DUTY=0
HEAT_2_SP=-20.0
HEAT_3_TEMP=28
HEAT_3_DUTY=0
HEAT_3_SP=-20.0
HEAT_4_TEMP=27
HEAT_4_DUTY=0
HEAT_4_SP=-20.0
MOTOR_ANGLE=0.008372093023255813
MOTOR_ACCUM=2.1013953488372095
MOTOR_ROT=4

[22:44:12.715 CUBESAT]
TS=1786208511.200
PG_5=1
PG_9=0
PG_12=0
FLT_P2=0
FLT_P3=0
HEAT_1_TEMP=0.0
HEAT_1_DUTY=0
HEAT_1_SP=-20.0
ENC_RAW=14498
ENC_ANGLE=318.5595703125
ENC_ACCUM=18.61083984375
AUTO_STOP=1
MOTOR_ANGLE=0.003808139534883721
MOTOR_ACCUM=84.24799418604651
MOTOR_ROT=161

[22:44:13.239 EBOX]
TS=1786207181.220
V_SENSE5=0.88623046875
V_SENSE9=0.0341796875
V_SENSE12=0.1123046875
ADC_V5=4.991455078125
ADC_V9=9.28375244140625
ADC_V12=11.77947998046875
ADC_V28=27.88665771484375
THERMAL_SENS_OUT_1=31
THERMAL_SENS_OUT_2=-50
THERMAL_SENS_OUT_3=27
THERMAL_SENS_OUT_4=30
THERMAL_SENS_OUT_5=29
THERMAL_SENS_OUT_6=-50
THERMAL_SENS_INT_1=30
THERMAL_SENS_INT_2=28
PG_5=0
PG_9=0
PG_12=0
FLT_P2=0
FLT_P3=0
HEAT_1_TEMP=31
HEAT_1_DUTY=0
HEAT_1_SP=-20.0
HEAT_2_TEMP=27
HEAT_2_DUTY=0
HEAT_2_SP=-20.0
HEAT_3_TEMP=30
HEAT_3_DUTY=0
HEAT_3_SP=-20.0
HEAT_4_TEMP=29
HEAT_4_DUTY=0
HEAT_4_SP=-20.0
MOTOR_ANGLE=0.008372093023255813
MOTOR_ACCUM=2.1013953488372095
MOTOR_ROT=4

[22:44:13.241 CUBESAT]
TS=1786208511.701
PG_5=1
PG_9=0
PG_12=0
FLT_P2=0
FLT_P3=0
HEAT_1_TEMP=0.0
HEAT_1_DUTY=0
HEAT_1_SP=-20.0
ENC_RAW=14679
ENC_ANGLE=322.53662109375
ENC_ACCUM=22.587890625
AUTO_STOP=1
MOTOR_ANGLE=0.003808139534883721
MOTOR_ACCUM=87.91078488372094
MOTOR_ROT=168

[22:44:13.666 EBOX]
TS=1786207181.722
V_SENSE5=0.8251953125
V_SENSE9=0.0341796875
V_SENSE12=0.1171875
ADC_V5=5.08880615234375
ADC_V9=9.28375244140625
ADC_V12=11.92108154296875
ADC_V28=28.02825927734375
THERMAL_SENS_OUT_1=32
THERMAL_SENS_OUT_2=-50
THERMAL_SENS_OUT_3=28
THERMAL_SENS_OUT_4=28
THERMAL_SENS_OUT_5=31
THERMAL_SENS_OUT_6=-50
THERMAL_SENS_INT_1=29
THERMAL_SENS_INT_2=28
PG_5=0
PG_9=0
PG_12=0
FLT_P2=0
FLT_P3=0
HEAT_1_TEMP=32
HEAT_1_DUTY=0
HEAT_1_SP=-20.0
HEAT_2_TEMP=28
HEAT_2_DUTY=0
HEAT_2_SP=-20.0
HEAT_3_TEMP=28
HEAT_3_DUTY=0
HEAT_3_SP=-20.0
HEAT_4_TEMP=31
HEAT_4_DUTY=0
HEAT_4_SP=-20.0
MOTOR_ANGLE=0.008372093023255813
MOTOR_ACCUM=2.1013953488372095
MOTOR_ROT=4

[22:44:13.769 CUBESAT]
TS=1786208512.202
PG_5=1
PG_9=0
PG_12=0
FLT_P2=0
FLT_P3=0
HEAT_1_TEMP=0.0
HEAT_1_DUTY=0
HEAT_1_SP=-20.0
ENC_RAW=14802
ENC_ANGLE=325.2392578125
ENC_ACCUM=25.29052734375
AUTO_STOP=1
MOTOR_ANGLE=0.0019040697674418605
MOTOR_ACCUM=90.52515988372093
MOTOR_ROT=173

[22:44:14.194 EBOX]
TS=1786207182.223
V_SENSE5=0.83984375
V_SENSE9=0.03662109375
V_SENSE12=0.11474609375
ADC_V5=4.94720458984375
ADC_V9=9.310302734375
ADC_V12=11.40777587890625
ADC_V28=28.18756103515625
THERMAL_SENS_OUT_1=34
THERMAL_SENS_OUT_2=-50
THERMAL_SENS_OUT_3=28
THERMAL_SENS_OUT_4=33
THERMAL_SENS_OUT_5=30
THERMAL_SENS_OUT_6=-50
THERMAL_SENS_INT_1=31
THERMAL_SENS_INT_2=29
PG_5=0
PG_9=0
PG_12=0
FLT_P2=0
FLT_P3=0
HEAT_1_TEMP=34
HEAT_1_DUTY=0
HEAT_1_SP=-20.0
HEAT_2_TEMP=28
HEAT_2_DUTY=0
HEAT_2_SP=-20.0
HEAT_3_TEMP=33
HEAT_3_DUTY=0
HEAT_3_SP=-20.0
HEAT_4_TEMP=30
HEAT_4_DUTY=0
HEAT_4_SP=-20.0
MOTOR_ANGLE=0.008372093023255813
MOTOR_ACCUM=2.1013953488372095
MOTOR_ROT=4

[22:44:14.498 CUBESAT]
TS=1786208512.704
PG_5=1
PG_9=0
PG_12=0
FLT_P2=0
FLT_P3=0
HEAT_1_TEMP=0.0
HEAT_1_DUTY=0
HEAT_1_SP=-20.0
ENC_RAW=14996
ENC_ANGLE=329.501953125
ENC_ACCUM=29.55322265625
AUTO_STOP=1
MOTOR_ANGLE=0.007616279069767442
MOTOR_ACCUM=94.19366279069767
MOTOR_ROT=180

[22:44:14.726 EBOX]
TS=1786207182.725
V_SENSE5=0.8544921875
V_SENSE9=0.03662109375
V_SENSE12=0.1123046875
ADC_V5=4.991455078125
ADC_V9=8.82354736328125
ADC_V12=11.40777587890625
ADC_V28=28.11676025390625
THERMAL_SENS_OUT_1=32
THERMAL_SENS_OUT_2=-50
THERMAL_SENS_OUT_3=30
THERMAL_SENS_OUT_4=27
THERMAL_SENS_OUT_5=32
THERMAL_SENS_OUT_6=-50
THERMAL_SENS_INT_1=26
THERMAL_SENS_INT_2=34
PG_5=0
PG_9=0
PG_12=0
FLT_P2=0
FLT_P3=0
HEAT_1_TEMP=32
HEAT_1_DUTY=0
HEAT_1_SP=-20.0
HEAT_2_TEMP=30
HEAT_2_DUTY=0
HEAT_2_SP=-20.0
HEAT_3_TEMP=27
HEAT_3_DUTY=0
HEAT_3_SP=-20.0
HEAT_4_TEMP=32
HEAT_4_DUTY=0
HEAT_4_SP=-20.0
MOTOR_ANGLE=0.008372093023255813
MOTOR_ACCUM=2.1013953488372095
MOTOR_ROT=4

[22:44:14.728 CUBESAT]
TS=1786208513.205
PG_5=1
PG_9=0
PG_12=0
FLT_P2=0
FLT_P3=0
HEAT_1_TEMP=0.0
HEAT_1_DUTY=0
HEAT_1_SP=-20.0
ENC_RAW=15120
ENC_ANGLE=332.2265625
ENC_ACCUM=32.27783203125
AUTO_STOP=1
MOTOR_ANGLE=0.006090116279069768
MOTOR_ACCUM=96.80841569767442
MOTOR_ROT=185

[22:44:15.255 EBOX]
TS=1786207183.227
V_SENSE5=0.87890625
V_SENSE9=0.0390625
V_SENSE12=0.15380859375
ADC_V5=5.01800537109375
ADC_V9=9.310302734375
ADC_V12=11.76177978515625
ADC_V28=28.1787109375
THERMAL_SENS_OUT_1=28
THERMAL_SENS_OUT_2=-50
THERMAL_SENS_OUT_3=29
THERMAL_SENS_OUT_4=26
THERMAL_SENS_OUT_5=29
THERMAL_SENS_OUT_6=-50
THERMAL_SENS_INT_1=27
THERMAL_SENS_INT_2=29
PG_5=0
PG_9=0
PG_12=0
FLT_P2=0
FLT_P3=0
HEAT_1_TEMP=28
HEAT_1_DUTY=0
HEAT_1_SP=-20.0
HEAT_2_TEMP=29
HEAT_2_DUTY=0
HEAT_2_SP=-20.0
HEAT_3_TEMP=26
HEAT_3_DUTY=0
HEAT_3_SP=-20.0
HEAT_4_TEMP=29
HEAT_4_DUTY=0
HEAT_4_SP=-20.0
MOTOR_ANGLE=0.008372093023255813
MOTOR_ACCUM=2.1013953488372095
MOTOR_ROT=4

[22:44:15.258 CUBESAT]
TS=1786208513.707
PG_5=1
PG_9=0
PG_12=0
FLT_P2=0
FLT_P3=0
HEAT_1_TEMP=0.0
HEAT_1_DUTY=0
HEAT_1_SP=-20.0
ENC_RAW=15303
ENC_ANGLE=336.24755859375
ENC_ACCUM=36.298828125
AUTO_STOP=1
MOTOR_ANGLE=0.008372093023255813
MOTOR_ACCUM=100.47348837209302
MOTOR_ROT=192

[22:44:15.682 EBOX]
TS=1786207183.728
V_SENSE5=0.8349609375
V_SENSE9=0.11474609375
V_SENSE12=0.146484375
ADC_V5=4.814453125
ADC_V9=9.2572021484375
ADC_V12=11.88568115234375
ADC_V28=26.9219970703125
THERMAL_SENS_OUT_1=29
THERMAL_SENS_OUT_2=-50
THERMAL_SENS_OUT_3=29
THERMAL_SENS_OUT_4=25
THERMAL_SENS_OUT_5=32
THERMAL_SENS_OUT_6=-50
THERMAL_SENS_INT_1=26
THERMAL_SENS_INT_2=32
PG_5=0
PG_9=0
PG_12=0
FLT_P2=0
FLT_P3=0
HEAT_1_TEMP=29
HEAT_1_DUTY=0
HEAT_1_SP=-20.0
HEAT_2_TEMP=29
HEAT_2_DUTY=0
HEAT_2_SP=-20.0
HEAT_3_TEMP=25
HEAT_3_DUTY=0
HEAT_3_SP=-20.0
HEAT_4_TEMP=32
HEAT_4_DUTY=0
HEAT_4_SP=-20.0
MOTOR_ANGLE=0.008372093023255813
MOTOR_ACCUM=2.1013953488372095
MOTOR_ROT=4

[22:44:15.786 CUBESAT]
TS=1786208514.209
PG_5=1
PG_9=0
PG_12=0
FLT_P2=0
FLT_P3=0
HEAT_1_TEMP=0.0
HEAT_1_DUTY=10
HEAT_1_SP=-20.0
ENC_RAW=15429
ENC_ANGLE=339.01611328125
ENC_ACCUM=39.0673828125
AUTO_STOP=1
MOTOR_ANGLE=0.007994186046511628
MOTOR_ACCUM=103.08938953488372
MOTOR_ROT=197

[22:44:16.212 EBOX]
TS=1786207184.230
V_SENSE5=0.87890625
V_SENSE9=0.0341796875
V_SENSE12=0.1416015625
ADC_V5=4.94720458984375
ADC_V9=9.26605224609375
ADC_V12=11.54937744140625
ADC_V28=27.6654052734375
THERMAL_SENS_OUT_1=31
THERMAL_SENS_OUT_2=-50
THERMAL_SENS_OUT_3=32
THERMAL_SENS_OUT_4=30
THERMAL_SENS_OUT_5=29
THERMAL_SENS_OUT_6=-50
THERMAL_SENS_INT_1=29
THERMAL_SENS_INT_2=28
PG_5=0
PG_9=0
PG_12=0
FLT_P2=0
FLT_P3=0
HEAT_1_TEMP=31
HEAT_1_DUTY=0
HEAT_1_SP=-20.0
HEAT_2_TEMP=32
HEAT_2_DUTY=0
HEAT_2_SP=-20.0
HEAT_3_TEMP=30
HEAT_3_DUTY=0
HEAT_3_SP=-20.0
HEAT_4_TEMP=29
HEAT_4_DUTY=0
HEAT_4_SP=-20.0
MOTOR_ANGLE=0.008372093023255813
MOTOR_ACCUM=2.1013953488372095
MOTOR_ROT=4

[22:44:16.214 CUBESAT]
TS=1786208514.710
PG_5=1
PG_9=0
PG_12=0
FLT_P2=0
FLT_P3=0
HEAT_1_TEMP=0.0
HEAT_1_DUTY=10
HEAT_1_SP=-20.0
ENC_RAW=15614
ENC_ANGLE=343.0810546875
ENC_ACCUM=43.13232421875
AUTO_STOP=1
MOTOR_ANGLE=0.0019040697674418605
MOTOR_ACCUM=107.26934593023256
MOTOR_ROT=205

[22:44:16.742 EBOX]
TS=1786207184.732
V_SENSE5=0.85205078125
V_SENSE9=0.0341796875
V_SENSE12=0.126953125
ADC_V5=4.9029541015625
ADC_V9=9.0093994140625
ADC_V12=11.46087646484375
ADC_V28=28.04595947265625
THERMAL_SENS_OUT_1=31
THERMAL_SENS_OUT_2=-50
THERMAL_SENS_OUT_3=28
THERMAL_SENS_OUT_4=29
THERMAL_SENS_OUT_5=26
THERMAL_SENS_OUT_6=-50
THERMAL_SENS_INT_1=28
THERMAL_SENS_INT_2=27
PG_5=0
PG_9=0
PG_12=0
FLT_P2=0
FLT_P3=0
HEAT_1_TEMP=31
HEAT_1_DUTY=0
HEAT_1_SP=-20.0
HEAT_2_TEMP=28
HEAT_2_DUTY=0
HEAT_2_SP=-20.0
HEAT_3_TEMP=29
HEAT_3_DUTY=0
HEAT_3_SP=-20.0
HEAT_4_TEMP=26
HEAT_4_DUTY=0
HEAT_4_SP=-20.0
MOTOR_ANGLE=0.008372093023255813
MOTOR_ACCUM=2.1013953488372095
MOTOR_ROT=4

[22:44:16.744 CUBESAT]
TS=1786208515.211
PG_5=1
PG_9=0
PG_12=0
FLT_P2=0
FLT_P3=0
HEAT_1_TEMP=0.0
HEAT_1_DUTY=0
HEAT_1_SP=-20.0
ENC_RAW=15740
ENC_ANGLE=345.849609375
ENC_ACCUM=45.90087890625
AUTO_STOP=1
MOTOR_ANGLE=0.0007558139534883722
MOTOR_ACCUM=109.88447674418605
MOTOR_ROT=210

[22:44:17.248 CUBESAT]
TS=1786208515.712
PG_5=1
PG_9=0
PG_12=0
FLT_P2=0
FLT_P3=0
HEAT_1_TEMP=0.0
HEAT_1_DUTY=0
HEAT_1_SP=-20.0
ENC_RAW=15930
ENC_ANGLE=350.0244140625
ENC_ACCUM=50.07568359375
AUTO_STOP=1
MOTOR_ANGLE=0.004186046511627906
MOTOR_ACCUM=113.55069767441861
MOTOR_ROT=217

[22:44:17.573 EBOX]
TS=1786207185.233
V_SENSE5=0.888671875
V_SENSE9=0.03662109375
V_SENSE12=0.12939453125
ADC_V5=5.0091552734375
ADC_V9=9.41650390625
ADC_V12=11.95648193359375
ADC_V28=27.85125732421875
THERMAL_SENS_OUT_1=34
THERMAL_SENS_OUT_2=-50
THERMAL_SENS_OUT_3=27
THERMAL_SENS_OUT_4=31
THERMAL_SENS_OUT_5=29
THERMAL_SENS_OUT_6=-50
THERMAL_SENS_INT_1=32
THERMAL_SENS_INT_2=26
PG_5=0
PG_9=0
PG_12=0
FLT_P2=0
FLT_P3=0
HEAT_1_TEMP=34
HEAT_1_DUTY=0
HEAT_1_SP=-20.0
HEAT_2_TEMP=27
HEAT_2_DUTY=0
HEAT_2_SP=-20.0
HEAT_3_TEMP=31
HEAT_3_DUTY=0
HEAT_3_SP=-20.0
HEAT_4_TEMP=29
HEAT_4_DUTY=0
HEAT_4_SP=-20.0
MOTOR_ANGLE=0.008372093023255813
MOTOR_ACCUM=2.1013953488372095
MOTOR_ROT=4

[22:44:17.777 CUBESAT]
TS=1786208516.213
PG_5=1
PG_9=0
PG_12=0
FLT_P2=0
FLT_P3=0
HEAT_1_TEMP=0.0
HEAT_1_DUTY=0
HEAT_1_SP=-20.0
ENC_RAW=16054
ENC_ANGLE=352.7490234375
ENC_ACCUM=52.80029296875
AUTO_STOP=1
MOTOR_ANGLE=0.0030377906976744185
MOTOR_ACCUM=116.16582848837209
MOTOR_ROT=222

[22:44:18.605 EBOX]
TS=1786207185.735
V_SENSE5=0.830078125
V_SENSE9=0.0390625
V_SENSE12=0.1171875
ADC_V5=4.96490478515625
ADC_V9=9.07135009765625
ADC_V12=11.717529296875
ADC_V28=28.02825927734375
THERMAL_SENS_OUT_1=30
THERMAL_SENS_OUT_2=-50
THERMAL_SENS_OUT_3=26
THERMAL_SENS_OUT_4=27
THERMAL_SENS_OUT_5=31
THERMAL_SENS_OUT_6=-50
THERMAL_SENS_INT_1=25
THERMAL_SENS_INT_2=34
PG_5=0
PG_9=0
PG_12=0
FLT_P2=0
FLT_P3=0
HEAT_1_TEMP=30
HEAT_1_DUTY=0
HEAT_1_SP=-20.0
HEAT_2_TEMP=26
HEAT_2_DUTY=0
HEAT_2_SP=-20.0
HEAT_3_TEMP=27
HEAT_3_DUTY=0
HEAT_3_SP=-20.0
HEAT_4_TEMP=31
HEAT_4_DUTY=0
HEAT_4_SP=-20.0
MOTOR_ANGLE=0.008372093023255813
MOTOR_ACCUM=2.1013953488372095
MOTOR_ROT=4

[22:44:18.749 EBOX]
TS=1786207186.237
V_SENSE5=0.86669921875
V_SENSE9=0.0341796875
V_SENSE12=0.1025390625
ADC_V5=4.9560546875
ADC_V9=9.2218017578125
ADC_V12=11.788330078125
ADC_V28=28.10791015625
THERMAL_SENS_OUT_1=27
THERMAL_SENS_OUT_2=-50
THERMAL_SENS_OUT_3=28
THERMAL_SENS_OUT_4=32
THERMAL_SENS_OUT_5=30
THERMAL_SENS_OUT_6=-50
THERMAL_SENS_INT_1=32
THERMAL_SENS_INT_2=30
PG_5=0
PG_9=0
PG_12=0
FLT_P2=0
FLT_P3=0
HEAT_1_TEMP=27
HEAT_1_DUTY=0
HEAT_1_SP=-20.0
HEAT_2_TEMP=28
HEAT_2_DUTY=0
HEAT_2_SP=-20.0
HEAT_3_TEMP=32
HEAT_3_DUTY=0
HEAT_3_SP=-20.0
HEAT_4_TEMP=30
HEAT_4_DUTY=0
HEAT_4_SP=-20.0
MOTOR_ANGLE=0.008372093023255813
MOTOR_ACCUM=2.1013953488372095
MOTOR_ROT=4
TS=1786207186.739
V_SENSE5=0.93505859375
V_SENSE9=0.0390625
V_SENSE12=0.1318359375
ADC_V5=4.98260498046875
ADC_V9=8.75274658203125
ADC_V12=11.4697265625
ADC_V28=27.63885498046875
THERMAL_SENS_OUT_1=32
THERMAL_SENS_OUT_2=-50
THERMAL_SENS_OUT_3=27
THERMAL_SENS_OUT_4=31
THERMAL_SENS_OUT_5=29
THERMAL_SENS_OUT_6=-50
THERMAL_SENS_INT_1=26
THERMAL_SENS_INT_2=31
PG_5=0
PG_9=0
PG_12=0
FLT_P2=0
FLT_P3=0
HEAT_1_TEMP=32
HEAT_1_DUTY=0
HEAT_1_SP=-20.0
HEAT_2_TEMP=27
HEAT_2_DUTY=0
HEAT_2_SP=-20.0
HEAT_3_TEMP=31
HEAT_3_DUTY=0
HEAT_3_SP=-20.0
HEAT_4_TEMP=29
HEAT_4_DUTY=0
HEAT_4_SP=-20.0
MOTOR_ANGLE=0.008372093023255813
MOTOR_ACCUM=2.1013953488372095
MOTOR_ROT=4

[22:44:18.751 CUBESAT]
TS=1786208516.715
PG_5=1
PG_9=0
PG_12=0
FLT_P2=0
FLT_P3=0
HEAT_1_TEMP=0.0
HEAT_1_DUTY=0
HEAT_1_SP=-20.0
ENC_RAW=16247
ENC_ANGLE=356.98974609375
ENC_ACCUM=57.041015625
AUTO_STOP=1
MOTOR_ANGLE=0.006090116279069768
MOTOR_ACCUM=119.83167151162792
MOTOR_ROT=229

[22:44:18.853 CUBESAT]
TS=1786208517.216
PG_5=1
PG_9=0
PG_12=0
FLT_P2=0
FLT_P3=0
HEAT_1_TEMP=0.0
HEAT_1_DUTY=0
HEAT_1_SP=-20.0
ENC_RAW=16375
ENC_ANGLE=359.80224609375
ENC_ACCUM=59.853515625
AUTO_STOP=1
MOTOR_ANGLE=0.005334302325581395
MOTOR_ACCUM=122.44719476744186
MOTOR_ROT=234

[22:44:19.257 CUBESAT]
TS=1786208517.718
PG_5=1
PG_9=0
PG_12=0
FLT_P2=0
FLT_P3=0
HEAT_1_TEMP=0.0
HEAT_1_DUTY=0
HEAT_1_SP=-20.0
ENC_RAW=183
ENC_ANGLE=4.02099609375
ENC_ACCUM=64.072265625
AUTO_STOP=1
MOTOR_ANGLE=0.008372093023255813
MOTOR_ACCUM=126.11302325581394
MOTOR_ROT=241

[22:44:19.476 EBOX]
TS=1786207187.241
V_SENSE5=0.8740234375
V_SENSE9=0.0390625
V_SENSE12=0.126953125
ADC_V5=4.88525390625
ADC_V9=9.54925537109375
ADC_V12=11.4697265625
ADC_V28=27.46185302734375
THERMAL_SENS_OUT_1=28
THERMAL_SENS_OUT_2=-50
THERMAL_SENS_OUT_3=31
THERMAL_SENS_OUT_4=28
THERMAL_SENS_OUT_5=33
THERMAL_SENS_OUT_6=-50
THERMAL_SENS_INT_1=25
THERMAL_SENS_INT_2=31
PG_5=0
PG_9=0
PG_12=0
FLT_P2=0
FLT_P3=0
HEAT_1_TEMP=28
HEAT_1_DUTY=0
HEAT_1_SP=-20.0
HEAT_2_TEMP=31
HEAT_2_DUTY=0
HEAT_2_SP=-20.0
HEAT_3_TEMP=28
HEAT_3_DUTY=0
HEAT_3_SP=-20.0
HEAT_4_TEMP=33
HEAT_4_DUTY=0
HEAT_4_SP=-20.0
MOTOR_ANGLE=0.008372093023255813
MOTOR_ACCUM=2.1013953488372095
MOTOR_ROT=4

[22:44:19.704 EBOX]
TS=1786207187.743
V_SENSE5=0.859375
V_SENSE9=0.0390625
V_SENSE12=0.1171875
ADC_V5=4.88525390625
ADC_V9=9.23065185546875
ADC_V12=12.02728271484375
ADC_V28=27.49725341796875
THERMAL_SENS_OUT_1=31
THERMAL_SENS_OUT_2=-50
THERMAL_SENS_OUT_3=29
THERMAL_SENS_OUT_4=26
THERMAL_SENS_OUT_5=29
THERMAL_SENS_OUT_6=-50
THERMAL_SENS_INT_1=30
THERMAL_SENS_INT_2=29
PG_5=0
PG_9=0
PG_12=0
FLT_P2=0
FLT_P3=0
HEAT_1_TEMP=31
HEAT_1_DUTY=0
HEAT_1_SP=-20.0
HEAT_2_TEMP=29
HEAT_2_DUTY=0
HEAT_2_SP=-20.0
HEAT_3_TEMP=26
HEAT_3_DUTY=0
HEAT_3_SP=-20.0
HEAT_4_TEMP=29
HEAT_4_DUTY=0
HEAT_4_SP=-20.0
MOTOR_ANGLE=0.008372093023255813
MOTOR_ACCUM=2.1013953488372095
MOTOR_ROT=4

[22:44:19.807 CUBESAT]
TS=1786208518.219
PG_5=1
PG_9=0
PG_12=0
FLT_P2=0
FLT_P3=0
HEAT_1_TEMP=0.0
HEAT_1_DUTY=0
HEAT_1_SP=-20.0
ENC_RAW=307
ENC_ANGLE=6.74560546875
ENC_ACCUM=66.796875
AUTO_STOP=1
MOTOR_ANGLE=0.007223837209302325
MOTOR_ACCUM=128.72815406976744
MOTOR_ROT=246

[22:44:20.230 EBOX]
TS=1786207188.245
V_SENSE5=0.87158203125
V_SENSE9=0.04150390625
V_SENSE12=0.1123046875
ADC_V5=5.00030517578125
ADC_V9=8.9031982421875
ADC_V12=11.68212890625
ADC_V28=27.99285888671875
THERMAL_SENS_OUT_1=27
THERMAL_SENS_OUT_2=-50
THERMAL_SENS_OUT_3=29
THERMAL_SENS_OUT_4=30
THERMAL_SENS_OUT_5=26
THERMAL_SENS_OUT_6=-50
THERMAL_SENS_INT_1=31
THERMAL_SENS_INT_2=29
PG_5=0
PG_9=0
PG_12=0
FLT_P2=0
FLT_P3=0
HEAT_1_TEMP=27
HEAT_1_DUTY=0
HEAT_1_SP=-20.0
HEAT_2_TEMP=29
HEAT_2_DUTY=0
HEAT_2_SP=-20.0
HEAT_3_TEMP=30
HEAT_3_DUTY=0
HEAT_3_SP=-20.0
HEAT_4_TEMP=26
HEAT_4_DUTY=0
HEAT_4_SP=-20.0
MOTOR_ANGLE=0.008372093023255813
MOTOR_ACCUM=2.1013953488372095
MOTOR_ROT=4

[22:44:20.232 CUBESAT]
TS=1786208518.720
PG_5=1
PG_9=0
PG_12=0
FLT_P2=0
FLT_P3=0
HEAT_1_TEMP=0.0
HEAT_1_DUTY=0
HEAT_1_SP=-20.0
ENC_RAW=503
ENC_ANGLE=11.05224609375
ENC_ACCUM=71.103515625
AUTO_STOP=1
MOTOR_ANGLE=0.0015261627906976744
MOTOR_ACCUM=132.90850290697674
MOTOR_ROT=254

[22:44:20.756 EBOX]
TS=1786207188.747
V_SENSE5=0.87890625
V_SENSE9=0.03662109375
V_SENSE12=0.1220703125
ADC_V5=4.80560302734375
ADC_V9=8.9385986328125
ADC_V12=11.86798095703125
ADC_V28=26.77154541015625
THERMAL_SENS_OUT_1=33
THERMAL_SENS_OUT_2=-50
THERMAL_SENS_OUT_3=30
THERMAL_SENS_OUT_4=28
THERMAL_SENS_OUT_5=26
THERMAL_SENS_OUT_6=-50
THERMAL_SENS_INT_1=28
THERMAL_SENS_INT_2=26
PG_5=0
PG_9=0
PG_12=0
FLT_P2=0
FLT_P3=0
HEAT_1_TEMP=33
HEAT_1_DUTY=0
HEAT_1_SP=-20.0
HEAT_2_TEMP=30
HEAT_2_DUTY=0
HEAT_2_SP=-20.0
HEAT_3_TEMP=28
HEAT_3_DUTY=0
HEAT_3_SP=-20.0
HEAT_4_TEMP=26
HEAT_4_DUTY=0
HEAT_4_SP=-20.0
MOTOR_ANGLE=0.008372093023255813
MOTOR_ACCUM=2.1013953488372095
MOTOR_ROT=4

[22:44:21.061 CUBESAT]
TS=1786208519.221
PG_5=1
PG_9=0
PG_12=0
FLT_P2=0
FLT_P3=0
HEAT_1_TEMP=0.0
HEAT_1_DUTY=10
HEAT_1_SP=-20.0
ENC_RAW=692
ENC_ANGLE=15.205078125
ENC_ACCUM=75.25634765625
AUTO_STOP=1
MOTOR_ANGLE=0.0003779069767441861
MOTOR_ACCUM=135.52363372093023
MOTOR_ROT=259

[22:44:21.489 EBOX]
TS=1786207189.249
V_SENSE5=0.8447265625
V_SENSE9=0.0390625
V_SENSE12=0.13427734375
ADC_V5=4.9029541015625
ADC_V9=9.60235595703125
ADC_V12=11.8768310546875
ADC_V28=27.39105224609375
THERMAL_SENS_OUT_1=28
THERMAL_SENS_OUT_2=-50
THERMAL_SENS_OUT_3=29
THERMAL_SENS_OUT_4=26
THERMAL_SENS_OUT_5=33
THERMAL_SENS_OUT_6=-50
THERMAL_SENS_INT_1=26
THERMAL_SENS_INT_2=27
PG_5=0
PG_9=0
PG_12=0
FLT_P2=0
FLT_P3=0
HEAT_1_TEMP=28
HEAT_1_DUTY=0
HEAT_1_SP=-20.0
HEAT_2_TEMP=29
HEAT_2_DUTY=0
HEAT_2_SP=-20.0
HEAT_3_TEMP=26
HEAT_3_DUTY=0
HEAT_3_SP=-20.0
HEAT_4_TEMP=33
HEAT_4_DUTY=0
HEAT_4_SP=-20.0
MOTOR_ANGLE=0.008372093023255813
MOTOR_ACCUM=2.1013953488372095
MOTOR_ROT=4

[22:44:21.491 CUBESAT]
TS=1786208519.723
PG_5=1
PG_9=0
PG_12=0
FLT_P2=0
FLT_P3=0
HEAT_1_TEMP=0.0
HEAT_1_DUTY=10
HEAT_1_SP=-20.0
ENC_RAW=822
ENC_ANGLE=18.0615234375
ENC_ACCUM=78.11279296875
AUTO_STOP=1
MOTOR_ANGLE=0.003808139534883721
MOTOR_ACCUM=139.1898546511628
MOTOR_ROT=266

[22:44:21.717 EBOX]
TS=1786207189.750
V_SENSE5=0.8837890625
V_SENSE9=0.03662109375
V_SENSE12=0.13916015625
ADC_V5=4.89410400390625
ADC_V9=9.451904296875
ADC_V12=11.46087646484375
ADC_V28=26.97509765625
THERMAL_SENS_OUT_1=29
THERMAL_SENS_OUT_2=-50
THERMAL_SENS_OUT_3=31
THERMAL_SENS_OUT_4=30
THERMAL_SENS_OUT_5=28
THERMAL_SENS_OUT_6=-50
THERMAL_SENS_INT_1=28
THERMAL_SENS_INT_2=32
PG_5=0
PG_9=0
PG_12=0
FLT_P2=0
FLT_P3=0
HEAT_1_TEMP=29
HEAT_1_DUTY=0
HEAT_1_SP=-20.0
HEAT_2_TEMP=31
HEAT_2_DUTY=0
HEAT_2_SP=-20.0
HEAT_3_TEMP=30
HEAT_3_DUTY=0
HEAT_3_SP=-20.0
HEAT_4_TEMP=28
HEAT_4_DUTY=0
HEAT_4_SP=-20.0
MOTOR_ANGLE=0.008372093023255813
MOTOR_ACCUM=2.1013953488372095
MOTOR_ROT=4

[22:44:22.021 CUBESAT]
TS=1786208520.224
PG_5=1
PG_9=0
PG_12=0
FLT_P2=0
FLT_P3=0
HEAT_1_TEMP=0.0
HEAT_1_DUTY=0
HEAT_1_SP=-20.0
ENC_RAW=1008
ENC_ANGLE=22.1484375
ENC_ACCUM=82.19970703125
AUTO_STOP=1
MOTOR_ANGLE=0.0026598837209302327
MOTOR_ACCUM=141.8049854651163
MOTOR_ROT=271

[22:44:22.349 EBOX]
TS=1786207190.253
V_SENSE5=0.8544921875
V_SENSE9=0.0390625
V_SENSE12=0.11474609375
ADC_V5=5.01800537109375
ADC_V9=9.168701171875
ADC_V12=11.42547607421875
ADC_V28=28.0902099609375
THERMAL_SENS_OUT_1=28
THERMAL_SENS_OUT_2=-50
THERMAL_SENS_OUT_3=28
THERMAL_SENS_OUT_4=33
THERMAL_SENS_OUT_5=33
THERMAL_SENS_OUT_6=-50
THERMAL_SENS_INT_1=32
THERMAL_SENS_INT_2=31
PG_5=0
PG_9=0
PG_12=0
FLT_P2=0
FLT_P3=0
HEAT_1_TEMP=28
HEAT_1_DUTY=0
HEAT_1_SP=-20.0
HEAT_2_TEMP=28
HEAT_2_DUTY=0
HEAT_2_SP=-20.0
HEAT_3_TEMP=33
HEAT_3_DUTY=0
HEAT_3_SP=-20.0
HEAT_4_TEMP=33
HEAT_4_DUTY=0
HEAT_4_SP=-20.0
MOTOR_ANGLE=0.008372093023255813
MOTOR_ACCUM=2.1013953488372095
MOTOR_ROT=4

[22:44:22.352 CUBESAT]
TS=1786208520.726
PG_5=1
PG_9=0
PG_12=0
FLT_P2=0
FLT_P3=0
HEAT_1_TEMP=0.0
HEAT_1_DUTY=0
HEAT_1_SP=-20.0
ENC_RAW=1133
ENC_ANGLE=24.89501953125
ENC_ACCUM=84.9462890625
AUTO_STOP=1
MOTOR_ANGLE=0.0057122093023255814
MOTOR_ACCUM=145.4708284883721
MOTOR_ROT=278

[22:44:22.775 EBOX]
TS=1786207190.754
V_SENSE5=0.8447265625
V_SENSE9=0.0341796875
V_SENSE12=0.126953125
ADC_V5=4.88525390625
ADC_V9=9.097900390625
ADC_V12=11.434326171875
ADC_V28=27.56805419921875
THERMAL_SENS_OUT_1=27
THERMAL_SENS_OUT_2=-50
THERMAL_SENS_OUT_3=29
THERMAL_SENS_OUT_4=26
THERMAL_SENS_OUT_5=30
THERMAL_SENS_OUT_6=-50
THERMAL_SENS_INT_1=28
THERMAL_SENS_INT_2=27
PG_5=0
PG_9=0
PG_12=0
FLT_P2=0
FLT_P3=0
HEAT_1_TEMP=27
HEAT_1_DUTY=0
HEAT_1_SP=-20.0
HEAT_2_TEMP=29
HEAT_2_DUTY=0
HEAT_2_SP=-20.0
HEAT_3_TEMP=26
HEAT_3_DUTY=0
HEAT_3_SP=-20.0
HEAT_4_TEMP=30
HEAT_4_DUTY=0
HEAT_4_SP=-20.0
MOTOR_ANGLE=0.008372093023255813
MOTOR_ACCUM=2.1013953488372095
MOTOR_ROT=4

[22:44:22.777 CUBESAT]
TS=1786208521.227
PG_5=1
PG_9=0
PG_12=0
FLT_P2=0
FLT_P3=0
HEAT_1_TEMP=0.0
HEAT_1_DUTY=0
HEAT_1_SP=-20.0
ENC_RAW=1324
ENC_ANGLE=29.091796875
ENC_ACCUM=89.14306640625
AUTO_STOP=1
MOTOR_ANGLE=0.004941860465116279
MOTOR_ACCUM=148.08633720930231
MOTOR_ROT=283

[22:44:23.201 EBOX]
TS=1786207191.255
V_SENSE5=0.88623046875
V_SENSE9=0.0341796875
V_SENSE12=0.13427734375
ADC_V5=5.02685546875
ADC_V9=9.05364990234375
ADC_V12=11.60247802734375
ADC_V28=28.02825927734375
THERMAL_SENS_OUT_1=28
THERMAL_SENS_OUT_2=-50
THERMAL_SENS_OUT_3=33
THERMAL_SENS_OUT_4=33
THERMAL_SENS_OUT_5=32
THERMAL_SENS_OUT_6=-50
THERMAL_SENS_INT_1=28
THERMAL_SENS_INT_2=26
PG_5=0
PG_9=0
PG_12=0
FLT_P2=0
FLT_P3=0
HEAT_1_TEMP=28
HEAT_1_DUTY=0
HEAT_1_SP=-20.0
HEAT_2_TEMP=33
HEAT_2_DUTY=0
HEAT_2_SP=-20.0
HEAT_3_TEMP=33
HEAT_3_DUTY=0
HEAT_3_SP=-20.0
HEAT_4_TEMP=32
HEAT_4_DUTY=0
HEAT_4_SP=-20.0
MOTOR_ANGLE=0.008372093023255813
MOTOR_ACCUM=2.1013953488372095
MOTOR_ROT=4

[22:44:23.404 CUBESAT]
TS=1786208521.728
PG_5=1
PG_9=0
PG_12=0
FLT_P2=0
FLT_P3=0
HEAT_1_TEMP=0.0
HEAT_1_DUTY=0
HEAT_1_SP=-20.0
ENC_RAW=1458
ENC_ANGLE=32.0361328125
ENC_ACCUM=92.08740234375
AUTO_STOP=1
MOTOR_ANGLE=0.007994186046511628
MOTOR_ACCUM=151.75218023255815
MOTOR_ROT=290

[22:44:23.729 EBOX]
TS=1786207191.757
V_SENSE5=0.8203125
V_SENSE9=0.0341796875
V_SENSE12=0.13427734375
ADC_V5=5.02685546875
ADC_V9=9.3280029296875
ADC_V12=11.434326171875
ADC_V28=27.90435791015625
THERMAL_SENS_OUT_1=33
THERMAL_SENS_OUT_2=-50
THERMAL_SENS_OUT_3=27
THERMAL_SENS_OUT_4=27
THERMAL_SENS_OUT_5=32
THERMAL_SENS_OUT_6=-50
THERMAL_SENS_INT_1=26
THERMAL_SENS_INT_2=32
PG_5=0
PG_9=0
PG_12=0
FLT_P2=0
FLT_P3=0
HEAT_1_TEMP=33
HEAT_1_DUTY=0
HEAT_1_SP=-20.0
HEAT_2_TEMP=27
HEAT_2_DUTY=0
HEAT_2_SP=-20.0
HEAT_3_TEMP=27
HEAT_3_DUTY=0
HEAT_3_SP=-20.0
HEAT_4_TEMP=32
HEAT_4_DUTY=0
HEAT_4_SP=-20.0
MOTOR_ANGLE=0.008372093023255813
MOTOR_ACCUM=2.1013953488372095
MOTOR_ROT=4

[22:44:23.832 CUBESAT]
TS=1786208522.229
PG_5=1
PG_9=0
PG_12=0
FLT_P2=0
FLT_P3=0
HEAT_1_TEMP=0.0
HEAT_1_DUTY=0
HEAT_1_SP=-20.0
ENC_RAW=1651
ENC_ANGLE=36.27685546875
ENC_ACCUM=96.328125
AUTO_STOP=1
MOTOR_ANGLE=0.007223837209302325
MOTOR_ACCUM=154.36768895348837
MOTOR_ROT=295

[22:44:24.257 EBOX]
TS=1786207192.259
V_SENSE5=0.830078125
V_SENSE9=0.0341796875
V_SENSE12=0.1171875
ADC_V5=4.920654296875
ADC_V9=9.24835205078125
ADC_V12=11.67327880859375
ADC_V28=28.08135986328125
THERMAL_SENS_OUT_1=28
THERMAL_SENS_OUT_2=-50
THERMAL_SENS_OUT_3=30
THERMAL_SENS_OUT_4=27
THERMAL_SENS_OUT_5=29
THERMAL_SENS_OUT_6=-50
THERMAL_SENS_INT_1=32
THERMAL_SENS_INT_2=30
PG_5=0
PG_9=0
PG_12=0
FLT_P2=0
FLT_P3=0
HEAT_1_TEMP=28
HEAT_1_DUTY=0
HEAT_1_SP=-20.0
HEAT_2_TEMP=30
HEAT_2_DUTY=0
HEAT_2_SP=-20.0
HEAT_3_TEMP=27
HEAT_3_DUTY=0
HEAT_3_SP=-20.0
HEAT_4_TEMP=29
HEAT_4_DUTY=0
HEAT_4_SP=-20.0
MOTOR_ANGLE=0.008372093023255813
MOTOR_ACCUM=2.1013953488372095
MOTOR_ROT=4

[22:44:24.259 CUBESAT]
TS=1786208522.730
PG_5=1
PG_9=0
PG_12=0
FLT_P2=0
FLT_P3=0
HEAT_1_TEMP=0.0
HEAT_1_DUTY=0
HEAT_1_SP=-20.0
ENC_RAW=1779
ENC_ANGLE=39.08935546875
ENC_ACCUM=99.140625
AUTO_STOP=1
MOTOR_ANGLE=0.0011482558139534885
MOTOR_ACCUM=158.5476598837209
MOTOR_ROT=303

[22:44:24.785 EBOX]
TS=1786207192.762
V_SENSE5=0.85205078125
V_SENSE9=0.07568359375
V_SENSE12=0.11962890625
ADC_V5=4.89410400390625
ADC_V9=9.13330078125
ADC_V12=11.9476318359375
ADC_V28=27.60345458984375
THERMAL_SENS_OUT_1=27
THERMAL_SENS_OUT_2=-50
THERMAL_SENS_OUT_3=32
THERMAL_SENS_OUT_4=29
THERMAL_SENS_OUT_5=26
THERMAL_SENS_OUT_6=-50
THERMAL_SENS_INT_1=25
THERMAL_SENS_INT_2=32
PG_5=0
PG_9=0
PG_12=0
FLT_P2=0
FLT_P3=0
HEAT_1_TEMP=27
HEAT_1_DUTY=0
HEAT_1_SP=-20.0
HEAT_2_TEMP=32
HEAT_2_DUTY=0
HEAT_2_SP=-20.0
HEAT_3_TEMP=29
HEAT_3_DUTY=0
HEAT_3_SP=-20.0
HEAT_4_TEMP=26
HEAT_4_DUTY=0
HEAT_4_SP=-20.0
MOTOR_ANGLE=0.008372093023255813
MOTOR_ACCUM=2.1013953488372095
MOTOR_ROT=4

[22:44:24.788 CUBESAT]
TS=1786208523.231
PG_5=1
PG_9=0
PG_12=0
FLT_P2=0
FLT_P3=0
HEAT_1_TEMP=0.0
HEAT_1_DUTY=0
HEAT_1_SP=-20.0
ENC_RAW=1974
ENC_ANGLE=43.3740234375
ENC_ACCUM=103.42529296875
AUTO_STOP=1
MOTOR_ANGLE=0.0
MOTOR_ACCUM=161.1627906976744
MOTOR_ROT=308

[22:44:25.514 EBOX]
TS=1786207193.262
V_SENSE5=0.84228515625
V_SENSE9=0.0341796875
V_SENSE12=0.13427734375
ADC_V5=5.01800537109375
ADC_V9=9.0802001953125
ADC_V12=11.70867919921875
ADC_V28=27.99285888671875
THERMAL_SENS_OUT_1=28
THERMAL_SENS_OUT_2=-50
THERMAL_SENS_OUT_3=29
THERMAL_SENS_OUT_4=26
THERMAL_SENS_OUT_5=29
THERMAL_SENS_OUT_6=-50
THERMAL_SENS_INT_1=33
THERMAL_SENS_INT_2=26
PG_5=0
PG_9=0
PG_12=0
FLT_P2=0
FLT_P3=0
HEAT_1_TEMP=28
HEAT_1_DUTY=0
HEAT_1_SP=-20.0
HEAT_2_TEMP=29
HEAT_2_DUTY=0
HEAT_2_SP=-20.0
HEAT_3_TEMP=26
HEAT_3_DUTY=0
HEAT_3_SP=-20.0
HEAT_4_TEMP=29
HEAT_4_DUTY=0
HEAT_4_SP=-20.0
MOTOR_ANGLE=0.008372093023255813
MOTOR_ACCUM=2.1013953488372095
MOTOR_ROT=4

[22:44:25.517 CUBESAT]
TS=1786208523.733
PG_5=1
PG_9=0
PG_12=0
FLT_P2=0
FLT_P3=0
HEAT_1_TEMP=0.0
HEAT_1_DUTY=0
HEAT_1_SP=-20.0
ENC_RAW=2099
ENC_ANGLE=46.12060546875
ENC_ACCUM=106.171875
AUTO_STOP=1
MOTOR_ANGLE=0.0030377906976744185
MOTOR_ACCUM=164.8286191860465
MOTOR_ROT=315

[22:44:25.741 EBOX]
TS=1786207193.765
V_SENSE5=0.869140625
V_SENSE9=0.11474609375
V_SENSE12=0.11962890625
ADC_V5=4.9383544921875
ADC_V9=9.56695556640625
ADC_V12=11.67327880859375
ADC_V28=27.54150390625
THERMAL_SENS_OUT_1=35
THERMAL_SENS_OUT_2=-50
THERMAL_SENS_OUT_3=27
THERMAL_SENS_OUT_4=29
THERMAL_SENS_OUT_5=27
THERMAL_SENS_OUT_6=-50
THERMAL_SENS_INT_1=28
THERMAL_SENS_INT_2=27
PG_5=0
PG_9=0
PG_12=0
FLT_P2=0
FLT_P3=0
HEAT_1_TEMP=35
HEAT_1_DUTY=0
HEAT_1_SP=-20.0
HEAT_2_TEMP=27
HEAT_2_DUTY=0
HEAT_2_SP=-20.0
HEAT_3_TEMP=29
HEAT_3_DUTY=0
HEAT_3_SP=-20.0
HEAT_4_TEMP=27
HEAT_4_DUTY=0
HEAT_4_SP=-20.0
MOTOR_ANGLE=0.008372093023255813
MOTOR_ACCUM=2.1013953488372095
MOTOR_ROT=4

[22:44:26.045 CUBESAT]
TS=1786208524.234
PG_5=1
PG_9=0
PG_12=0
FLT_P2=0
FLT_P3=0
HEAT_1_TEMP=0.0
HEAT_1_DUTY=10
HEAT_1_SP=-20.0
ENC_RAW=2290
ENC_ANGLE=50.3173828125
ENC_ACCUM=110.36865234375
AUTO_STOP=1
MOTOR_ANGLE=0.002281976744186047
MOTOR_ACCUM=167.44414244186046
MOTOR_ROT=320

[22:44:26.274 EBOX]
TS=1786207194.266
V_SENSE5=0.91552734375
V_SENSE9=0.03662109375
V_SENSE12=0.12451171875
ADC_V5=4.88525390625
ADC_V9=9.168701171875
ADC_V12=11.95648193359375
ADC_V28=27.07244873046875
THERMAL_SENS_OUT_1=29
THERMAL_SENS_OUT_2=-50
THERMAL_SENS_OUT_3=33
THERMAL_SENS_OUT_4=30
THERMAL_SENS_OUT_5=27
THERMAL_SENS_OUT_6=-50
THERMAL_SENS_INT_1=32
THERMAL_SENS_INT_2=34
PG_5=0
PG_9=0
PG_12=0
FLT_P2=0
FLT_P3=0
HEAT_1_TEMP=29
HEAT_1_DUTY=0
HEAT_1_SP=-20.0
HEAT_2_TEMP=33
HEAT_2_DUTY=0
HEAT_2_SP=-20.0
HEAT_3_TEMP=30
HEAT_3_DUTY=0
HEAT_3_SP=-20.0
HEAT_4_TEMP=27
HEAT_4_DUTY=0
HEAT_4_SP=-20.0
MOTOR_ANGLE=0.008372093023255813
MOTOR_ACCUM=2.1013953488372095
MOTOR_ROT=4

[22:44:26.276 CUBESAT]
TS=1786208524.735
PG_5=1
PG_9=0
PG_12=0
FLT_P2=0
FLT_P3=0
HEAT_1_TEMP=0.0
HEAT_1_DUTY=10
HEAT_1_SP=-20.0
ENC_RAW=2413
ENC_ANGLE=53.02001953125
ENC_ACCUM=113.0712890625
AUTO_STOP=1
MOTOR_ANGLE=0.005334302325581395
MOTOR_ACCUM=171.10998546511627
MOTOR_ROT=327

[22:44:26.803 EBOX]
TS=1786207194.768
V_SENSE5=0.88623046875
V_SENSE9=0.0390625
V_SENSE12=0.13916015625
ADC_V5=4.98260498046875
ADC_V9=8.78814697265625
ADC_V12=11.6998291015625
ADC_V28=28.15216064453125
THERMAL_SENS_OUT_1=33
THERMAL_SENS_OUT_2=-50
THERMAL_SENS_OUT_3=26
THERMAL_SENS_OUT_4=28
THERMAL_SENS_OUT_5=30
THERMAL_SENS_OUT_6=-50
THERMAL_SENS_INT_1=32
THERMAL_SENS_INT_2=27
PG_5=0
PG_9=0
PG_12=0
FLT_P2=0
FLT_P3=0
HEAT_1_TEMP=33
HEAT_1_DUTY=0
HEAT_1_SP=-20.0
HEAT_2_TEMP=26
HEAT_2_DUTY=0
HEAT_2_SP=-20.0
HEAT_3_TEMP=28
HEAT_3_DUTY=0
HEAT_3_SP=-20.0
HEAT_4_TEMP=30
HEAT_4_DUTY=0
HEAT_4_SP=-20.0
MOTOR_ANGLE=0.008372093023255813
MOTOR_ACCUM=2.1013953488372095
MOTOR_ROT=4

[22:44:26.806 CUBESAT]
TS=1786208525.236
PG_5=1
PG_9=0
PG_12=0
FLT_P2=0
FLT_P3=0
HEAT_1_TEMP=0.0
HEAT_1_DUTY=0
HEAT_1_SP=-20.0
ENC_RAW=2608
ENC_ANGLE=57.3046875
ENC_ACCUM=117.35595703125
AUTO_STOP=1
MOTOR_ANGLE=0.004186046511627906
MOTOR_ACCUM=173.72511627906977
MOTOR_ROT=332

[22:44:27.233 EBOX]
TS=1786207195.269
V_SENSE5=0.859375
V_SENSE9=0.07568359375
V_SENSE12=0.13916015625
ADC_V5=4.9029541015625
ADC_V9=8.956298828125
ADC_V12=11.46087646484375
ADC_V28=27.2052001953125
THERMAL_SENS_OUT_1=28
THERMAL_SENS_OUT_2=-50
THERMAL_SENS_OUT_3=27
THERMAL_SENS_OUT_4=29
THERMAL_SENS_OUT_5=26
THERMAL_SENS_OUT_6=-50
THERMAL_SENS_INT_1=27
THERMAL_SENS_INT_2=31
PG_5=0
PG_9=0
PG_12=0
FLT_P2=0
FLT_P3=0
HEAT_1_TEMP=28
HEAT_1_DUTY=0
HEAT_1_SP=-20.0
HEAT_2_TEMP=27
HEAT_2_DUTY=0
HEAT_2_SP=-20.0
HEAT_3_TEMP=29
HEAT_3_DUTY=0
HEAT_3_SP=-20.0
HEAT_4_TEMP=26
HEAT_4_DUTY=0
HEAT_4_SP=-20.0
MOTOR_ANGLE=0.008372093023255813
MOTOR_ACCUM=2.1013953488372095
MOTOR_ROT=4

[22:44:27.336 CUBESAT]
TS=1786208525.737
PG_5=1
PG_9=0
PG_12=0
FLT_P2=0
FLT_P3=0
HEAT_1_TEMP=0.0
HEAT_1_DUTY=0
HEAT_1_SP=-20.0
ENC_RAW=2733
ENC_ANGLE=60.05126953125
ENC_ACCUM=120.1025390625
AUTO_STOP=1
MOTOR_ANGLE=0.007223837209302325
MOTOR_ACCUM=177.39094476744185
MOTOR_ROT=339

[22:44:27.761 EBOX]
TS=1786207195.772
V_SENSE5=0.89111328125
V_SENSE9=0.03662109375
V_SENSE12=0.14404296875
ADC_V5=4.9737548828125
ADC_V9=9.12445068359375
ADC_V12=11.60247802734375
ADC_V28=27.86895751953125
THERMAL_SENS_OUT_1=29
THERMAL_SENS_OUT_2=-50
THERMAL_SENS_OUT_3=27
THERMAL_SENS_OUT_4=32
THERMAL_SENS_OUT_5=30
THERMAL_SENS_OUT_6=-50
THERMAL_SENS_INT_1=28
THERMAL_SENS_INT_2=27
PG_5=0
PG_9=0
PG_12=0
FLT_P2=0
FLT_P3=0
HEAT_1_TEMP=29
HEAT_1_DUTY=0
HEAT_1_SP=-20.0
HEAT_2_TEMP=27
HEAT_2_DUTY=0
HEAT_2_SP=-20.0
HEAT_3_TEMP=32
HEAT_3_DUTY=0
HEAT_3_SP=-20.0
HEAT_4_TEMP=30
HEAT_4_DUTY=0
HEAT_4_SP=-20.0
MOTOR_ANGLE=0.008372093023255813
MOTOR_ACCUM=2.1013953488372095
MOTOR_ROT=4

[22:44:27.763 CUBESAT]
TS=1786208526.238
PG_5=1
PG_9=0
PG_12=0
FLT_P2=0
FLT_P3=0
HEAT_1_TEMP=0.0
HEAT_1_DUTY=0
HEAT_1_SP=-20.0
ENC_RAW=2921
ENC_ANGLE=64.18212890625
ENC_ACCUM=124.2333984375
AUTO_STOP=1
MOTOR_ANGLE=0.006468023255813954
MOTOR_ACCUM=180.00646802325582
MOTOR_ROT=344

[22:44:28.267 CUBESAT]
TS=1786208526.740
PG_5=1
PG_9=0
PG_12=0
FLT_P2=0
FLT_P3=0
HEAT_1_TEMP=0.0
HEAT_1_DUTY=0
HEAT_1_SP=-20.0
ENC_RAW=3045
ENC_ANGLE=66.90673828125
ENC_ACCUM=126.9580078125
AUTO_STOP=1
MOTOR_ANGLE=0.0003779069767441861
MOTOR_ACCUM=184.18642441860464
MOTOR_ROT=352

[22:44:28.590 EBOX]
TS=1786207196.272
V_SENSE5=0.83984375
V_SENSE9=0.03662109375
V_SENSE12=0.126953125
ADC_V5=4.92950439453125
ADC_V9=9.31915283203125
ADC_V12=11.42547607421875
ADC_V28=28.037109375
THERMAL_SENS_OUT_1=27
THERMAL_SENS_OUT_2=-50
THERMAL_SENS_OUT_3=28
THERMAL_SENS_OUT_4=26
THERMAL_SENS_OUT_5=33
THERMAL_SENS_OUT_6=-50
THERMAL_SENS_INT_1=31
THERMAL_SENS_INT_2=31
PG_5=0
PG_9=0
PG_12=0
FLT_P2=0
FLT_P3=0
HEAT_1_TEMP=27
HEAT_1_DUTY=0
HEAT_1_SP=-20.0
HEAT_2_TEMP=28
HEAT_2_DUTY=0
HEAT_2_SP=-20.0
HEAT_3_TEMP=26
HEAT_3_DUTY=0
HEAT_3_SP=-20.0
HEAT_4_TEMP=33
HEAT_4_DUTY=0
HEAT_4_SP=-20.0
MOTOR_ANGLE=0.008372093023255813
MOTOR_ACCUM=2.1013953488372095
MOTOR_ROT=4

[22:44:28.794 CUBESAT]
TS=1786208527.241
PG_5=1
PG_9=0
PG_12=0
FLT_P2=0
FLT_P3=0
HEAT_1_TEMP=0.0
HEAT_1_DUTY=0
HEAT_1_SP=-20.0
ENC_RAW=3233
ENC_ANGLE=71.03759765625
ENC_ACCUM=131.0888671875
AUTO_STOP=1
MOTOR_ANGLE=0.008749999999999999
MOTOR_ACCUM=186.28781976744187
MOTOR_ROT=356

[22:44:29.119 EBOX]
TS=1786207196.775
V_SENSE5=0.83740234375
V_SENSE9=0.07568359375
V_SENSE12=0.10498046875
ADC_V5=4.920654296875
ADC_V9=9.0447998046875
ADC_V12=11.54937744140625
ADC_V28=26.939697265625
THERMAL_SENS_OUT_1=29
THERMAL_SENS_OUT_2=-50
THERMAL_SENS_OUT_3=29
THERMAL_SENS_OUT_4=27
THERMAL_SENS_OUT_5=29
THERMAL_SENS_OUT_6=-50
THERMAL_SENS_INT_1=28
THERMAL_SENS_INT_2=27
PG_5=0
PG_9=0
PG_12=0
FLT_P2=0
FLT_P3=0
HEAT_1_TEMP=29
HEAT_1_DUTY=0
HEAT_1_SP=-20.0
HEAT_2_TEMP=29
HEAT_2_DUTY=0
HEAT_2_SP=-20.0
HEAT_3_TEMP=27
HEAT_3_DUTY=0
HEAT_3_SP=-20.0
HEAT_4_TEMP=29
HEAT_4_DUTY=0
HEAT_4_SP=-20.0
MOTOR_ANGLE=0.008372093023255813
MOTOR_ACCUM=2.1013953488372095
MOTOR_ROT=4

[22:44:29.246 EBOX]
TS=1786207197.279
V_SENSE5=0.83251953125
V_SENSE9=0.04150390625
V_SENSE12=0.1318359375
ADC_V5=5.07110595703125
ADC_V9=9.5050048828125
ADC_V12=11.89453125
ADC_V28=27.90435791015625
THERMAL_SENS_OUT_1=29
THERMAL_SENS_OUT_2=-50
THERMAL_SENS_OUT_3=29
THERMAL_SENS_OUT_4=28
THERMAL_SENS_OUT_5=29
THERMAL_SENS_OUT_6=-50
THERMAL_SENS_INT_1=28
THERMAL_SENS_INT_2=29
PG_5=0
PG_9=0
PG_12=0
FLT_P2=0
FLT_P3=0
HEAT_1_TEMP=29
HEAT_1_DUTY=0
HEAT_1_SP=-20.0
HEAT_2_TEMP=29
HEAT_2_DUTY=0
HEAT_2_SP=-20.0
HEAT_3_TEMP=28
HEAT_3_DUTY=0
HEAT_3_SP=-20.0
HEAT_4_TEMP=29
HEAT_4_DUTY=0
HEAT_4_SP=-20.0
MOTOR_ANGLE=0.008372093023255813
MOTOR_ACCUM=2.1013953488372095
MOTOR_ROT=4

[22:44:29.348 CUBESAT]
TS=1786208527.743
PG_5=1
PG_9=0
PG_12=0
FLT_P2=0
FLT_P3=0
HEAT_1_TEMP=0.0
HEAT_1_DUTY=0
HEAT_1_SP=-20.0
ENC_RAW=3361
ENC_ANGLE=73.85009765625
ENC_ACCUM=133.9013671875
AUTO_STOP=1
MOTOR_ANGLE=0.0026598837209302327
MOTOR_ACCUM=190.4677761627907
MOTOR_ROT=364

[22:44:29.774 EBOX]
TS=1786207197.780
V_SENSE5=0.849609375
V_SENSE9=0.0390625
V_SENSE12=0.15380859375
ADC_V5=4.98260498046875
ADC_V9=9.0625
ADC_V12=11.47857666015625
ADC_V28=27.647705078125
THERMAL_SENS_OUT_1=27
THERMAL_SENS_OUT_2=-50
THERMAL_SENS_OUT_3=30
THERMAL_SENS_OUT_4=31
THERMAL_SENS_OUT_5=27
THERMAL_SENS_OUT_6=-50
THERMAL_SENS_INT_1=32
THERMAL_SENS_INT_2=28
PG_5=0
PG_9=0
PG_12=0
FLT_P2=0
FLT_P3=0
HEAT_1_TEMP=27
HEAT_1_DUTY=0
HEAT_1_SP=-20.0
HEAT_2_TEMP=30
HEAT_2_DUTY=0
HEAT_2_SP=-20.0
HEAT_3_TEMP=31
HEAT_3_DUTY=0
HEAT_3_SP=-20.0
HEAT_4_TEMP=27
HEAT_4_DUTY=0
HEAT_4_SP=-20.0
MOTOR_ANGLE=0.008372093023255813
MOTOR_ACCUM=2.1013953488372095
MOTOR_ROT=4

[22:44:29.775 CUBESAT]
TS=1786208528.244
PG_5=1
PG_9=0
PG_12=0
FLT_P2=0
FLT_P3=0
HEAT_1_TEMP=0.0
HEAT_1_DUTY=0
HEAT_1_SP=-20.0
ENC_RAW=3548
ENC_ANGLE=77.958984375
ENC_ACCUM=138.01025390625
AUTO_STOP=1
MOTOR_ANGLE=0.0019040697674418605
MOTOR_ACCUM=193.08329941860464
MOTOR_ROT=369

[22:44:30.304 EBOX]
TS=1786207198.282
V_SENSE5=0.859375
V_SENSE9=0.0390625
V_SENSE12=0.12939453125
ADC_V5=5.23040771484375
ADC_V9=9.2572021484375
ADC_V12=11.8768310546875
ADC_V28=28.143310546875
THERMAL_SENS_OUT_1=30
THERMAL_SENS_OUT_2=-50
THERMAL_SENS_OUT_3=28
THERMAL_SENS_OUT_4=33
THERMAL_SENS_OUT_5=28
THERMAL_SENS_OUT_6=-50
THERMAL_SENS_INT_1=28
THERMAL_SENS_INT_2=28
PG_5=0
PG_9=0
PG_12=0
FLT_P2=0
FLT_P3=0
HEAT_1_TEMP=30
HEAT_1_DUTY=0
HEAT_1_SP=-20.0
HEAT_2_TEMP=28
HEAT_2_DUTY=0
HEAT_2_SP=-20.0
HEAT_3_TEMP=33
HEAT_3_DUTY=0
HEAT_3_SP=-20.0
HEAT_4_TEMP=28
HEAT_4_DUTY=0
HEAT_4_SP=-20.0
MOTOR_ANGLE=0.008372093023255813
MOTOR_ACCUM=2.1013953488372095
MOTOR_ROT=4

[22:44:30.307 CUBESAT]
TS=1786208528.746
PG_5=1
PG_9=0
PG_12=0
FLT_P2=0
FLT_P3=0
HEAT_1_TEMP=0.0
HEAT_1_DUTY=0
HEAT_1_SP=-20.0
ENC_RAW=3680
ENC_ANGLE=80.859375
ENC_ACCUM=140.91064453125
AUTO_STOP=1
MOTOR_ANGLE=0.004941860465116279
MOTOR_ACCUM=196.74912790697672
MOTOR_ROT=376

[22:44:30.854 EBOX]
TS=1786207198.785
V_SENSE5=0.87646484375
V_SENSE9=0.0390625
V_SENSE12=0.107421875
ADC_V5=4.849853515625
ADC_V9=9.33685302734375
ADC_V12=11.575927734375
ADC_V28=27.930908203125
THERMAL_SENS_OUT_1=31
THERMAL_SENS_OUT_2=-50
THERMAL_SENS_OUT_3=30
THERMAL_SENS_OUT_4=28
THERMAL_SENS_OUT_5=30
THERMAL_SENS_OUT_6=-50
THERMAL_SENS_INT_1=31
THERMAL_SENS_INT_2=30
PG_5=0
PG_9=0
PG_12=0
FLT_P2=0
FLT_P3=0
HEAT_1_TEMP=31
HEAT_1_DUTY=0
HEAT_1_SP=-20.0
HEAT_2_TEMP=30
HEAT_2_DUTY=0
HEAT_2_SP=-20.0
HEAT_3_TEMP=28
HEAT_3_DUTY=0
HEAT_3_SP=-20.0
HEAT_4_TEMP=30
HEAT_4_DUTY=0
HEAT_4_SP=-20.0
MOTOR_ANGLE=0.008372093023255813
MOTOR_ACCUM=2.1013953488372095
MOTOR_ROT=4

[22:44:30.856 CUBESAT]
TS=1786208529.248
PG_5=1
PG_9=0
PG_12=0
FLT_P2=0
FLT_P3=0
HEAT_1_TEMP=0.0
HEAT_1_DUTY=10
HEAT_1_SP=-20.0
ENC_RAW=3866
ENC_ANGLE=84.9462890625
ENC_ACCUM=144.99755859375
AUTO_STOP=1
MOTOR_ANGLE=0.003808139534883721
MOTOR_ACCUM=199.36427325581394
MOTOR_ROT=381

[22:44:31.359 CUBESAT]
TS=1786208529.750
PG_5=1
PG_9=0
PG_12=0
FLT_P2=0
FLT_P3=0
HEAT_1_TEMP=0.0
HEAT_1_DUTY=10
HEAT_1_SP=-20.0
ENC_RAW=3999
ENC_ANGLE=87.86865234375
ENC_ACCUM=147.919921875
AUTO_STOP=1
MOTOR_ANGLE=0.007223837209302325
MOTOR_ACCUM=203.03047965116278
MOTOR_ROT=388

[22:44:31.583 EBOX]
TS=1786207199.283
V_SENSE5=0.869140625
V_SENSE9=0.0341796875
V_SENSE12=0.126953125
ADC_V5=4.84100341796875
ADC_V9=8.99169921875
ADC_V12=11.7529296875
ADC_V28=27.01934814453125
THERMAL_SENS_OUT_1=27
THERMAL_SENS_OUT_2=-50
THERMAL_SENS_OUT_3=28
THERMAL_SENS_OUT_4=32
THERMAL_SENS_OUT_5=27
THERMAL_SENS_OUT_6=-50
THERMAL_SENS_INT_1=28
THERMAL_SENS_INT_2=31
PG_5=0
PG_9=0
PG_12=0
FLT_P2=0
FLT_P3=0
HEAT_1_TEMP=27
HEAT_1_DUTY=0
HEAT_1_SP=-20.0
HEAT_2_TEMP=28
HEAT_2_DUTY=0
HEAT_2_SP=-20.0
HEAT_3_TEMP=32
HEAT_3_DUTY=0
HEAT_3_SP=-20.0
HEAT_4_TEMP=27
HEAT_4_DUTY=0
HEAT_4_SP=-20.0
MOTOR_ANGLE=0.008372093023255813
MOTOR_ACCUM=2.1013953488372095
MOTOR_ROT=4

[22:44:31.810 EBOX]
TS=1786207199.788
V_SENSE5=0.8740234375
V_SENSE9=0.04638671875
V_SENSE12=0.11962890625
ADC_V5=5.00030517578125
ADC_V9=8.7615966796875
ADC_V12=11.90338134765625
ADC_V28=27.47955322265625
THERMAL_SENS_OUT_1=28
THERMAL_SENS_OUT_2=-50
THERMAL_SENS_OUT_3=28
THERMAL_SENS_OUT_4=27
THERMAL_SENS_OUT_5=29
THERMAL_SENS_OUT_6=-50
THERMAL_SENS_INT_1=26
THERMAL_SENS_INT_2=30
PG_5=0
PG_9=0
PG_12=0
FLT_P2=0
FLT_P3=0
HEAT_1_TEMP=28
HEAT_1_DUTY=0
HEAT_1_SP=-20.0
HEAT_2_TEMP=28
HEAT_2_DUTY=0
HEAT_2_SP=-20.0
HEAT_3_TEMP=27
HEAT_3_DUTY=0
HEAT_3_SP=-20.0
HEAT_4_TEMP=29
HEAT_4_DUTY=0
HEAT_4_SP=-20.0
MOTOR_ANGLE=0.008372093023255813
MOTOR_ACCUM=2.1013953488372095
MOTOR_ROT=4

[22:44:31.912 CUBESAT]
TS=1786208530.252
PG_5=1
PG_9=0
PG_12=0
FLT_P2=0
FLT_P3=0
HEAT_1_TEMP=0.0
HEAT_1_DUTY=0
HEAT_1_SP=-20.0
ENC_RAW=4189
ENC_ANGLE=92.04345703125
ENC_ACCUM=152.0947265625
AUTO_STOP=1
MOTOR_ANGLE=0.006090116279069768
MOTOR_ACCUM=205.645625
MOTOR_ROT=393

[22:44:32.237 EBOX]
TS=1786207200.282
V_SENSE5=0.908203125
V_SENSE9=0.0390625
V_SENSE12=0.14404296875
ADC_V5=4.849853515625
ADC_V9=9.31915283203125
ADC_V12=11.6290283203125
ADC_V28=27.49725341796875
THERMAL_SENS_OUT_1=33
THERMAL_SENS_OUT_2=-50
THERMAL_SENS_OUT_3=28
THERMAL_SENS_OUT_4=30
THERMAL_SENS_OUT_5=30
THERMAL_SENS_OUT_6=-50
THERMAL_SENS_INT_1=26
THERMAL_SENS_INT_2=29
PG_5=0
PG_9=0
PG_12=0
FLT_P2=0
FLT_P3=0
HEAT_1_TEMP=33
HEAT_1_DUTY=0
HEAT_1_SP=-20.0
HEAT_2_TEMP=28
HEAT_2_DUTY=0
HEAT_2_SP=-20.0
HEAT_3_TEMP=30
HEAT_3_DUTY=0
HEAT_3_SP=-20.0
HEAT_4_TEMP=30
HEAT_4_DUTY=0
HEAT_4_SP=-20.0
MOTOR_ANGLE=0.008372093023255813
MOTOR_ACCUM=2.1013953488372095
MOTOR_ROT=4

[22:44:32.540 CUBESAT]
TS=1786208530.754
PG_5=1
PG_9=0
PG_12=0
FLT_P2=0
FLT_P3=0
HEAT_1_TEMP=0.0
HEAT_1_DUTY=0
HEAT_1_SP=-20.0
ENC_RAW=4316
ENC_ANGLE=94.833984375
ENC_ACCUM=154.88525390625
AUTO_STOP=1
MOTOR_ANGLE=0.0
MOTOR_ACCUM=209.82558139534885
MOTOR_ROT=401

[22:44:32.766 EBOX]
TS=1786207200.783
V_SENSE5=0.9033203125
V_SENSE9=0.0341796875
V_SENSE12=0.10498046875
ADC_V5=4.87640380859375
ADC_V9=9.2218017578125
ADC_V12=11.611328125
ADC_V28=27.33795166015625
THERMAL_SENS_OUT_1=29
THERMAL_SENS_OUT_2=-50
THERMAL_SENS_OUT_3=32
THERMAL_SENS_OUT_4=29
THERMAL_SENS_OUT_5=32
THERMAL_SENS_OUT_6=-50
THERMAL_SENS_INT_1=27
THERMAL_SENS_INT_2=30
PG_5=0
PG_9=0
PG_12=0
FLT_P2=0
FLT_P3=0
HEAT_1_TEMP=29
HEAT_1_DUTY=0
HEAT_1_SP=-20.0
HEAT_2_TEMP=32
HEAT_2_DUTY=0
HEAT_2_SP=-20.0
HEAT_3_TEMP=29
HEAT_3_DUTY=0
HEAT_3_SP=-20.0
HEAT_4_TEMP=32
HEAT_4_DUTY=0
HEAT_4_SP=-20.0
MOTOR_ANGLE=0.008372093023255813
MOTOR_ACCUM=2.1013953488372095
MOTOR_ROT=4

[22:44:32.868 CUBESAT]
TS=1786208531.256
PG_5=1
PG_9=0
PG_12=0
FLT_P2=0
FLT_P3=0
HEAT_1_TEMP=0.0
HEAT_1_DUTY=0
HEAT_1_SP=-20.0
ENC_RAW=4513
ENC_ANGLE=99.16259765625
ENC_ACCUM=159.2138671875
AUTO_STOP=1
MOTOR_ANGLE=0.008372093023255813
MOTOR_ACCUM=211.92697674418605
MOTOR_ROT=405

[22:44:33.297 EBOX]
TS=1786207201.285
V_SENSE5=0.9423828125
V_SENSE9=0.03173828125
V_SENSE12=0.1171875
ADC_V5=4.94720458984375
ADC_V9=9.24835205078125
ADC_V12=12.02728271484375
ADC_V28=27.17864990234375
THERMAL_SENS_OUT_1=31
THERMAL_SENS_OUT_2=-50
THERMAL_SENS_OUT_3=29
THERMAL_SENS_OUT_4=30
THERMAL_SENS_OUT_5=29
THERMAL_SENS_OUT_6=-50
THERMAL_SENS_INT_1=28
THERMAL_SENS_INT_2=29
PG_5=0
PG_9=0
PG_12=0
FLT_P2=0
FLT_P3=0
HEAT_1_TEMP=31
HEAT_1_DUTY=0
HEAT_1_SP=-20.0
HEAT_2_TEMP=29
HEAT_2_DUTY=0
HEAT_2_SP=-20.0
HEAT_3_TEMP=30
HEAT_3_DUTY=0
HEAT_3_SP=-20.0
HEAT_4_TEMP=29
HEAT_4_DUTY=0
HEAT_4_SP=-20.0
MOTOR_ANGLE=0.008372093023255813
MOTOR_ACCUM=2.1013953488372095
MOTOR_ROT=4

[22:44:33.299 CUBESAT]
TS=1786208531.757
PG_5=1
PG_9=0
PG_12=0
FLT_P2=0
FLT_P3=0
HEAT_1_TEMP=0.0
HEAT_1_DUTY=0
HEAT_1_SP=-20.0
ENC_RAW=4643
ENC_ANGLE=102.01904296875
ENC_ACCUM=162.0703125
AUTO_STOP=1
MOTOR_ANGLE=0.002281976744186047
MOTOR_ACCUM=216.1069331395349
MOTOR_ROT=413

[22:44:33.827 EBOX]
TS=1786207201.786
V_SENSE5=0.90087890625
V_SENSE9=0.0390625
V_SENSE12=0.11962890625
ADC_V5=5.01800537109375
ADC_V9=8.70849609375
ADC_V12=11.646728515625
ADC_V28=27.58575439453125
THERMAL_SENS_OUT_1=32
THERMAL_SENS_OUT_2=-50
THERMAL_SENS_OUT_3=30
THERMAL_SENS_OUT_4=32
THERMAL_SENS_OUT_5=26
THERMAL_SENS_OUT_6=-50
THERMAL_SENS_INT_1=27
THERMAL_SENS_INT_2=31
PG_5=0
PG_9=0
PG_12=0
FLT_P2=0
FLT_P3=0
HEAT_1_TEMP=32
HEAT_1_DUTY=0
HEAT_1_SP=-20.0
HEAT_2_TEMP=30
HEAT_2_DUTY=0
HEAT_2_SP=-20.0
HEAT_3_TEMP=32
HEAT_3_DUTY=0
HEAT_3_SP=-20.0
HEAT_4_TEMP=26
HEAT_4_DUTY=0
HEAT_4_SP=-20.0
MOTOR_ANGLE=0.008372093023255813
MOTOR_ACCUM=2.1013953488372095
MOTOR_ROT=4

[22:44:34.254 EBOX]
TS=1786207202.313
V_SENSE5=0.83984375
V_SENSE9=0.0390625
V_SENSE12=0.1318359375
ADC_V5=4.9560546875
ADC_V9=9.4873046875
ADC_V12=11.53167724609375
ADC_V28=27.79815673828125
THERMAL_SENS_OUT_1=31
THERMAL_SENS_OUT_2=-50
THERMAL_SENS_OUT_3=28
THERMAL_SENS_OUT_4=27
THERMAL_SENS_OUT_5=33
THERMAL_SENS_OUT_6=-50
THERMAL_SENS_INT_1=26
THERMAL_SENS_INT_2=29
PG_5=0
PG_9=0
PG_12=0
FLT_P2=0
FLT_P3=0
HEAT_1_TEMP=31
HEAT_1_DUTY=0
HEAT_1_SP=-20.0
HEAT_2_TEMP=28
HEAT_2_DUTY=0
HEAT_2_SP=-20.0
HEAT_3_TEMP=27
HEAT_3_DUTY=0
HEAT_3_SP=-20.0
HEAT_4_TEMP=33
HEAT_4_DUTY=0
HEAT_4_SP=-20.0
MOTOR_ANGLE=0.008372093023255813
MOTOR_ACCUM=2.1013953488372095
MOTOR_ROT=4

[22:44:34.356 CUBESAT]
TS=1786208532.259
PG_5=1
PG_9=0
PG_12=0
FLT_P2=0
FLT_P3=0
HEAT_1_TEMP=0.0
HEAT_1_DUTY=0
HEAT_1_SP=-20.0
ENC_RAW=4836
ENC_ANGLE=106.259765625
ENC_ACCUM=166.31103515625
AUTO_STOP=1
MOTOR_ANGLE=0.0015261627906976744
MOTOR_ACCUM=218.72245639534881
MOTOR_ROT=418

[22:44:34.458 CUBESAT]
TS=1786208532.761
PG_5=1
PG_9=0
PG_12=0
FLT_P2=0
FLT_P3=0
HEAT_1_TEMP=0.0
HEAT_1_DUTY=0
HEAT_1_SP=-20.0
ENC_RAW=4966
ENC_ANGLE=109.1162109375
ENC_ACCUM=169.16748046875
AUTO_STOP=1
MOTOR_ANGLE=0.004563953488372094
MOTOR_ACCUM=222.38828488372096
MOTOR_ROT=425

[22:44:34.784 EBOX]
TS=1786207202.794
V_SENSE5=0.8837890625
V_SENSE9=0.03662109375
V_SENSE12=0.09765625
ADC_V5=4.92950439453125
ADC_V9=9.2218017578125
ADC_V12=11.65557861328125
ADC_V28=28.0902099609375
THERMAL_SENS_OUT_1=32
THERMAL_SENS_OUT_2=-50
THERMAL_SENS_OUT_3=28
THERMAL_SENS_OUT_4=31
THERMAL_SENS_OUT_5=27
THERMAL_SENS_OUT_6=-50
THERMAL_SENS_INT_1=25
THERMAL_SENS_INT_2=30
PG_5=0
PG_9=0
PG_12=0
FLT_P2=0
FLT_P3=0
HEAT_1_TEMP=32
HEAT_1_DUTY=0
HEAT_1_SP=-20.0
HEAT_2_TEMP=28
HEAT_2_DUTY=0
HEAT_2_SP=-20.0
HEAT_3_TEMP=31
HEAT_3_DUTY=0
HEAT_3_SP=-20.0
HEAT_4_TEMP=27
HEAT_4_DUTY=0
HEAT_4_SP=-20.0
MOTOR_ANGLE=0.008372093023255813
MOTOR_ACCUM=2.1013953488372095
MOTOR_ROT=4

[22:44:35.315 EBOX]
TS=1786207203.299
V_SENSE5=0.859375
V_SENSE9=0.05615234375
V_SENSE12=0.1123046875
ADC_V5=5.08880615234375
ADC_V9=9.2572021484375
ADC_V12=11.76177978515625
ADC_V28=27.76275634765625
THERMAL_SENS_OUT_1=31
THERMAL_SENS_OUT_2=-50
THERMAL_SENS_OUT_3=33
THERMAL_SENS_OUT_4=27
THERMAL_SENS_OUT_5=26
THERMAL_SENS_OUT_6=-50
THERMAL_SENS_INT_1=26
THERMAL_SENS_INT_2=33
PG_5=0
PG_9=0
PG_12=0
FLT_P2=0
FLT_P3=0
HEAT_1_TEMP=31
HEAT_1_DUTY=0
HEAT_1_SP=-20.0
HEAT_2_TEMP=33
HEAT_2_DUTY=0
HEAT_2_SP=-20.0
HEAT_3_TEMP=27
HEAT_3_DUTY=0
HEAT_3_SP=-20.0
HEAT_4_TEMP=26
HEAT_4_DUTY=0
HEAT_4_SP=-20.0
MOTOR_ANGLE=0.008372093023255813
MOTOR_ACCUM=2.1013953488372095
MOTOR_ROT=4

[22:44:35.317 CUBESAT]
TS=1786208533.263
PG_5=1
PG_9=0
PG_12=0
FLT_P2=0
FLT_P3=0
HEAT_1_TEMP=0.0
HEAT_1_DUTY=0
HEAT_1_SP=-20.0
ENC_RAW=5162
ENC_ANGLE=113.4228515625
ENC_ACCUM=173.47412109375
AUTO_STOP=1
MOTOR_ANGLE=0.0034302325581395347
MOTOR_ACCUM=225.00343023255812
MOTOR_ROT=430

[22:44:35.620 CUBESAT]
TS=1786208533.764
PG_5=1
PG_9=0
PG_12=0
FLT_P2=0
FLT_P3=0
HEAT_1_TEMP=0.0
HEAT_1_DUTY=0
HEAT_1_SP=-20.0
ENC_RAW=5291
ENC_ANGLE=116.25732421875
ENC_ACCUM=176.30859375
AUTO_STOP=1
MOTOR_ANGLE=0.006468023255813954
MOTOR_ACCUM=228.66925872093026
MOTOR_ROT=437

[22:44:35.744 EBOX]
TS=1786207203.801
V_SENSE5=0.87890625
V_SENSE9=0.0390625
V_SENSE12=0.1513671875
ADC_V5=4.9383544921875
ADC_V9=8.77044677734375
ADC_V12=11.69097900390625
ADC_V28=27.9132080078125
THERMAL_SENS_OUT_1=30
THERMAL_SENS_OUT_2=-50
THERMAL_SENS_OUT_3=27
THERMAL_SENS_OUT_4=29
THERMAL_SENS_OUT_5=33
THERMAL_SENS_OUT_6=-50
THERMAL_SENS_INT_1=25
THERMAL_SENS_INT_2=28
PG_5=0
PG_9=0
PG_12=0
FLT_P2=0
FLT_P3=0
HEAT_1_TEMP=30
HEAT_1_DUTY=0
HEAT_1_SP=-20.0
HEAT_2_TEMP=27
HEAT_2_DUTY=0
HEAT_2_SP=-20.0
HEAT_3_TEMP=29
HEAT_3_DUTY=0
HEAT_3_SP=-20.0
HEAT_4_TEMP=33
HEAT_4_DUTY=0
HEAT_4_SP=-20.0
MOTOR_ANGLE=0.008372093023255813
MOTOR_ACCUM=2.1013953488372095
MOTOR_ROT=4

[22:44:36.049 CUBESAT]
TS=1786208534.266
PG_5=1
PG_9=0
PG_12=0
FLT_P2=0
FLT_P3=0
HEAT_1_TEMP=0.0
HEAT_1_DUTY=0
HEAT_1_SP=-20.0
ENC_RAW=5485
ENC_ANGLE=120.52001953125
ENC_ACCUM=180.5712890625
AUTO_STOP=1
MOTOR_ANGLE=0.0057122093023255814
MOTOR_ACCUM=231.28478197674417
MOTOR_ROT=442

[22:44:36.352 CUBESAT]
TS=1786208534.767
PG_5=1
PG_9=0
PG_12=0
FLT_P2=0
FLT_P3=0
HEAT_1_TEMP=0.0
HEAT_1_DUTY=0
HEAT_1_SP=-20.0
ENC_RAW=5616
ENC_ANGLE=123.3984375
ENC_ACCUM=183.44970703125
AUTO_STOP=1
MOTOR_ANGLE=0.008749999999999999
MOTOR_ACCUM=234.95061046511626
MOTOR_ROT=449

[22:44:36.573 EBOX]
TS=1786207204.302
V_SENSE5=0.85205078125
V_SENSE9=0.03662109375
V_SENSE12=0.1708984375
ADC_V5=5.01800537109375
ADC_V9=9.451904296875
ADC_V12=11.717529296875
ADC_V28=28.10791015625
THERMAL_SENS_OUT_1=29
THERMAL_SENS_OUT_2=-50
THERMAL_SENS_OUT_3=28
THERMAL_SENS_OUT_4=31
THERMAL_SENS_OUT_5=29
THERMAL_SENS_OUT_6=-50
THERMAL_SENS_INT_1=26
THERMAL_SENS_INT_2=28
PG_5=0
PG_9=0
PG_12=0
FLT_P2=0
FLT_P3=0
HEAT_1_TEMP=29
HEAT_1_DUTY=0
HEAT_1_SP=-20.0
HEAT_2_TEMP=28
HEAT_2_DUTY=0
HEAT_2_SP=-20.0
HEAT_3_TEMP=31
HEAT_3_DUTY=0
HEAT_3_SP=-20.0
HEAT_4_TEMP=29
HEAT_4_DUTY=0
HEAT_4_SP=-20.0
MOTOR_ANGLE=0.008372093023255813
MOTOR_ACCUM=2.1013953488372095
MOTOR_ROT=4

[22:44:36.800 EBOX]
TS=1786207204.804
V_SENSE5=0.83984375
V_SENSE9=0.0390625
V_SENSE12=0.1220703125
ADC_V5=4.84100341796875
ADC_V9=9.310302734375
ADC_V12=11.95648193359375
ADC_V28=28.06365966796875
THERMAL_SENS_OUT_1=29
THERMAL_SENS_OUT_2=-50
THERMAL_SENS_OUT_3=26
THERMAL_SENS_OUT_4=26
THERMAL_SENS_OUT_5=28
THERMAL_SENS_OUT_6=-50
THERMAL_SENS_INT_1=26
THERMAL_SENS_INT_2=28
PG_5=0
PG_9=0
PG_12=0
FLT_P2=0
FLT_P3=0
HEAT_1_TEMP=29
HEAT_1_DUTY=0
HEAT_1_SP=-20.0
HEAT_2_TEMP=26
HEAT_2_DUTY=0
HEAT_2_SP=-20.0
HEAT_3_TEMP=26
HEAT_3_DUTY=0
HEAT_3_SP=-20.0
HEAT_4_TEMP=28
HEAT_4_DUTY=0
HEAT_4_SP=-20.0
MOTOR_ANGLE=0.008372093023255813
MOTOR_ACCUM=2.1013953488372095
MOTOR_ROT=4

[22:44:37.104 CUBESAT]
TS=1786208535.269
PG_5=1
PG_9=0
PG_12=0
FLT_P2=0
FLT_P3=0
HEAT_1_TEMP=0.0
HEAT_1_DUTY=10
HEAT_1_SP=-20.0
ENC_RAW=5813
ENC_ANGLE=127.72705078125
ENC_ACCUM=187.7783203125
AUTO_STOP=1
MOTOR_ANGLE=0.007994186046511628
MOTOR_ACCUM=237.56613372093022
MOTOR_ROT=454

[22:44:37.336 EBOX]
TS=1786207205.307
V_SENSE5=0.830078125
V_SENSE9=0.04638671875
V_SENSE12=0.1220703125
ADC_V5=4.94720458984375
ADC_V9=9.15985107421875
ADC_V12=12.02728271484375
ADC_V28=28.037109375
THERMAL_SENS_OUT_1=34
THERMAL_SENS_OUT_2=-50
THERMAL_SENS_OUT_3=30
THERMAL_SENS_OUT_4=29
THERMAL_SENS_OUT_5=29
THERMAL_SENS_OUT_6=-50
THERMAL_SENS_INT_1=32
THERMAL_SENS_INT_2=29
PG_5=0
PG_9=0
PG_12=0
FLT_P2=0
FLT_P3=0
HEAT_1_TEMP=34
HEAT_1_DUTY=0
HEAT_1_SP=-20.0
HEAT_2_TEMP=30
HEAT_2_DUTY=0
HEAT_2_SP=-20.0
HEAT_3_TEMP=29
HEAT_3_DUTY=0
HEAT_3_SP=-20.0
HEAT_4_TEMP=29
HEAT_4_DUTY=0
HEAT_4_SP=-20.0
MOTOR_ANGLE=0.008372093023255813
MOTOR_ACCUM=2.1013953488372095
MOTOR_ROT=4

[22:44:37.339 CUBESAT]
TS=1786208535.771
PG_5=1
PG_9=0
PG_12=0
FLT_P2=0
FLT_P3=0
HEAT_1_TEMP=0.0
HEAT_1_DUTY=10
HEAT_1_SP=-20.0
ENC_RAW=5944
ENC_ANGLE=130.60546875
ENC_ACCUM=190.65673828125
AUTO_STOP=1
MOTOR_ANGLE=0.0019040697674418605
MOTOR_ACCUM=241.74609011627908
MOTOR_ROT=462

[22:44:37.763 EBOX]
TS=1786207205.808
V_SENSE5=0.90576171875
V_SENSE9=0.0390625
V_SENSE12=0.13671875
ADC_V5=4.9560546875
ADC_V9=9.03594970703125
ADC_V12=11.9122314453125
ADC_V28=27.79815673828125
THERMAL_SENS_OUT_1=34
THERMAL_SENS_OUT_2=-50
THERMAL_SENS_OUT_3=33
THERMAL_SENS_OUT_4=29
THERMAL_SENS_OUT_5=28
THERMAL_SENS_OUT_6=-50
THERMAL_SENS_INT_1=25
THERMAL_SENS_INT_2=27
PG_5=0
PG_9=0
PG_12=0
FLT_P2=0
FLT_P3=0
HEAT_1_TEMP=34
HEAT_1_DUTY=0
HEAT_1_SP=-20.0
HEAT_2_TEMP=33
HEAT_2_DUTY=0
HEAT_2_SP=-20.0
HEAT_3_TEMP=29
HEAT_3_DUTY=0
HEAT_3_SP=-20.0
HEAT_4_TEMP=28
HEAT_4_DUTY=0
HEAT_4_SP=-20.0
MOTOR_ANGLE=0.008372093023255813
MOTOR_ACCUM=2.1013953488372095
MOTOR_ROT=4

[22:44:37.866 CUBESAT]
TS=1786208536.273
PG_5=1
PG_9=0
PG_12=0
FLT_P2=0
FLT_P3=0
HEAT_1_TEMP=0.0
HEAT_1_DUTY=0
HEAT_1_SP=-20.0
ENC_RAW=6135
ENC_ANGLE=134.80224609375
ENC_ACCUM=194.853515625
AUTO_STOP=1
MOTOR_ANGLE=0.0011482558139534885
MOTOR_ACCUM=244.36161337209305
MOTOR_ROT=467

[22:44:38.294 EBOX]
TS=1786207206.309
V_SENSE5=0.80322265625
V_SENSE9=0.0537109375
V_SENSE12=0.1171875
ADC_V5=4.991455078125
ADC_V9=9.37225341796875
ADC_V12=11.76177978515625
ADC_V28=28.06365966796875
THERMAL_SENS_OUT_1=31
THERMAL_SENS_OUT_2=-50
THERMAL_SENS_OUT_3=28
THERMAL_SENS_OUT_4=26
THERMAL_SENS_OUT_5=32
THERMAL_SENS_OUT_6=-50
THERMAL_SENS_INT_1=26
THERMAL_SENS_INT_2=28
PG_5=0
PG_9=0
PG_12=0
FLT_P2=0
FLT_P3=0
HEAT_1_TEMP=31
HEAT_1_DUTY=0
HEAT_1_SP=-20.0
HEAT_2_TEMP=28
HEAT_2_DUTY=0
HEAT_2_SP=-20.0
HEAT_3_TEMP=26
HEAT_3_DUTY=0
HEAT_3_SP=-20.0
HEAT_4_TEMP=32
HEAT_4_DUTY=0
HEAT_4_SP=-20.0
MOTOR_ANGLE=0.008372093023255813
MOTOR_ACCUM=2.1013953488372095
MOTOR_ROT=4

[22:44:38.398 CUBESAT]
TS=1786208536.793
PG_5=1
PG_9=0
PG_12=0
FLT_P2=0
FLT_P3=0
HEAT_1_TEMP=0.0
HEAT_1_DUTY=0
HEAT_1_SP=-20.0
ENC_RAW=6268
ENC_ANGLE=137.724609375
ENC_ACCUM=197.77587890625
AUTO_STOP=1
MOTOR_ANGLE=0.004563953488372094
MOTOR_ACCUM=248.02781976744188
MOTOR_ROT=474

[22:44:38.825 EBOX]
TS=1786207206.803
V_SENSE5=0.9423828125
V_SENSE9=0.0390625
V_SENSE12=0.126953125
ADC_V5=4.88525390625
ADC_V9=9.3988037109375
ADC_V12=11.788330078125
ADC_V28=27.081298828125
THERMAL_SENS_OUT_1=31
THERMAL_SENS_OUT_2=-50
THERMAL_SENS_OUT_3=26
THERMAL_SENS_OUT_4=29
THERMAL_SENS_OUT_5=26
THERMAL_SENS_OUT_6=-50
THERMAL_SENS_INT_1=28
THERMAL_SENS_INT_2=28
PG_5=0
PG_9=0
PG_12=0
FLT_P2=0
FLT_P3=0
HEAT_1_TEMP=31
HEAT_1_DUTY=0
HEAT_1_SP=-20.0
HEAT_2_TEMP=26
HEAT_2_DUTY=0
HEAT_2_SP=-20.0
HEAT_3_TEMP=29
HEAT_3_DUTY=0
HEAT_3_SP=-20.0
HEAT_4_TEMP=26
HEAT_4_DUTY=0
HEAT_4_SP=-20.0
MOTOR_ANGLE=0.008372093023255813
MOTOR_ACCUM=2.1013953488372095
MOTOR_ROT=4

[22:44:38.828 CUBESAT]
TS=1786208537.294
PG_5=1
PG_9=0
PG_12=0
FLT_P2=0
FLT_P3=0
HEAT_1_TEMP=0.0
HEAT_1_DUTY=0
HEAT_1_SP=-20.0
ENC_RAW=6462
ENC_ANGLE=141.9873046875
ENC_ACCUM=202.03857421875
AUTO_STOP=1
MOTOR_ANGLE=0.0034302325581395347
MOTOR_ACCUM=250.64296511627904
MOTOR_ROT=479

[22:44:39.251 EBOX]
TS=1786207207.304
V_SENSE5=0.93994140625
V_SENSE9=0.0341796875
V_SENSE12=0.1416015625
ADC_V5=4.88525390625
ADC_V9=9.27490234375
ADC_V12=11.5582275390625
ADC_V28=27.47955322265625
THERMAL_SENS_OUT_1=29
THERMAL_SENS_OUT_2=-50
THERMAL_SENS_OUT_3=31
THERMAL_SENS_OUT_4=27
THERMAL_SENS_OUT_5=33
THERMAL_SENS_OUT_6=-50
THERMAL_SENS_INT_1=32
THERMAL_SENS_INT_2=30
PG_5=0
PG_9=0
PG_12=0
FLT_P2=0
FLT_P3=0
HEAT_1_TEMP=29
HEAT_1_DUTY=0
HEAT_1_SP=-20.0
HEAT_2_TEMP=31
HEAT_2_DUTY=0
HEAT_2_SP=-20.0
HEAT_3_TEMP=27
HEAT_3_DUTY=0
HEAT_3_SP=-20.0
HEAT_4_TEMP=33
HEAT_4_DUTY=0
HEAT_4_SP=-20.0
MOTOR_ANGLE=0.008372093023255813
MOTOR_ACCUM=2.1013953488372095
MOTOR_ROT=4

[22:44:39.776 EBOX]
TS=1786207207.805
V_SENSE5=0.88623046875
V_SENSE9=0.05615234375
V_SENSE12=0.12939453125
ADC_V5=4.80560302734375
ADC_V9=8.85009765625
ADC_V12=11.929931640625
ADC_V28=27.32025146484375
THERMAL_SENS_OUT_1=28
THERMAL_SENS_OUT_2=-50
THERMAL_SENS_OUT_3=29
THERMAL_SENS_OUT_4=26
THERMAL_SENS_OUT_5=29
THERMAL_SENS_OUT_6=-50
THERMAL_SENS_INT_1=26
THERMAL_SENS_INT_2=30
PG_5=0
PG_9=0
PG_12=0
FLT_P2=0
FLT_P3=0
HEAT_1_TEMP=28
HEAT_1_DUTY=0
HEAT_1_SP=-20.0
HEAT_2_TEMP=29
HEAT_2_DUTY=0
HEAT_2_SP=-20.0
HEAT_3_TEMP=26
HEAT_3_DUTY=0
HEAT_3_SP=-20.0
HEAT_4_TEMP=29
HEAT_4_DUTY=0
HEAT_4_SP=-20.0
MOTOR_ANGLE=0.008372093023255813
MOTOR_ACCUM=2.1013953488372095
MOTOR_ROT=4

[22:44:39.879 CUBESAT]
TS=1786208537.795
PG_5=1
PG_9=0
PG_12=0
FLT_P2=0
FLT_P3=0
HEAT_1_TEMP=0.0
HEAT_1_DUTY=0
HEAT_1_SP=-20.0
ENC_RAW=6593
ENC_ANGLE=144.86572265625
ENC_ACCUM=204.9169921875
AUTO_STOP=1
MOTOR_ANGLE=0.006468023255813954
MOTOR_ACCUM=254.30879360465119
MOTOR_ROT=486
TS=1786208538.296
PG_5=1
PG_9=0
PG_12=0
FLT_P2=0
FLT_P3=0
HEAT_1_TEMP=0.0
HEAT_1_DUTY=0
HEAT_1_SP=-20.0
ENC_RAW=6791
ENC_ANGLE=149.21630859375
ENC_ACCUM=209.267578125
AUTO_STOP=1
MOTOR_ANGLE=0.005334302325581395
MOTOR_ACCUM=256.9239389534884
MOTOR_ROT=491

[22:44:40.307 EBOX]
TS=1786207208.306
V_SENSE5=0.9375
V_SENSE9=0.03662109375
V_SENSE12=0.1123046875
ADC_V5=4.8675537109375
ADC_V9=9.27490234375
ADC_V12=11.859130859375
ADC_V28=27.42645263671875
THERMAL_SENS_OUT_1=31
THERMAL_SENS_OUT_2=-50
THERMAL_SENS_OUT_3=32
THERMAL_SENS_OUT_4=27
THERMAL_SENS_OUT_5=30
THERMAL_SENS_OUT_6=-50
THERMAL_SENS_INT_1=26
THERMAL_SENS_INT_2=31
PG_5=0
PG_9=0
PG_12=0
FLT_P2=0
FLT_P3=0
HEAT_1_TEMP=31
HEAT_1_DUTY=0
HEAT_1_SP=-20.0
HEAT_2_TEMP=32
HEAT_2_DUTY=0
HEAT_2_SP=-20.0
HEAT_3_TEMP=27
HEAT_3_DUTY=0
HEAT_3_SP=-20.0
HEAT_4_TEMP=30
HEAT_4_DUTY=0
HEAT_4_SP=-20.0
MOTOR_ANGLE=0.008372093023255813
MOTOR_ACCUM=2.1013953488372095
MOTOR_ROT=4

[22:44:40.611 CUBESAT]
TS=1786208538.798
PG_5=1
PG_9=0
PG_12=0
FLT_P2=0
FLT_P3=0
HEAT_1_TEMP=0.0
HEAT_1_DUTY=0
HEAT_1_SP=-20.0
ENC_RAW=6924
ENC_ANGLE=152.138671875
ENC_ACCUM=212.18994140625
AUTO_STOP=1
MOTOR_ANGLE=0.008372093023255813
MOTOR_ACCUM=260.5897674418605
MOTOR_ROT=498

[22:44:40.835 EBOX]
TS=1786207208.819
V_SENSE5=0.8740234375
V_SENSE9=0.0341796875
V_SENSE12=0.1171875
ADC_V5=4.9383544921875
ADC_V9=9.15985107421875
ADC_V12=11.8414306640625
ADC_V28=27.90435791015625
THERMAL_SENS_OUT_1=33
THERMAL_SENS_OUT_2=-50
THERMAL_SENS_OUT_3=32
THERMAL_SENS_OUT_4=31
THERMAL_SENS_OUT_5=33
THERMAL_SENS_OUT_6=-50
THERMAL_SENS_INT_1=25
THERMAL_SENS_INT_2=33
PG_5=0
PG_9=0
PG_12=0
FLT_P2=0
FLT_P3=0
HEAT_1_TEMP=33
HEAT_1_DUTY=0
HEAT_1_SP=-20.0
HEAT_2_TEMP=32
HEAT_2_DUTY=0
HEAT_2_SP=-20.0
HEAT_3_TEMP=31
HEAT_3_DUTY=0
HEAT_3_SP=-20.0
HEAT_4_TEMP=33
HEAT_4_DUTY=0
HEAT_4_SP=-20.0
MOTOR_ANGLE=0.008372093023255813
MOTOR_ACCUM=2.1013953488372095
MOTOR_ROT=4

[22:44:40.838 CUBESAT]
TS=1786208539.300
PG_5=1
PG_9=0
PG_12=0
FLT_P2=0
FLT_P3=0
HEAT_1_TEMP=0.0
HEAT_1_DUTY=0
HEAT_1_SP=-20.0
ENC_RAW=7120
ENC_ANGLE=156.4453125
ENC_ACCUM=216.49658203125
AUTO_STOP=1
MOTOR_ANGLE=0.007616279069767442
MOTOR_ACCUM=263.2052906976744
MOTOR_ROT=503

[22:44:41.260 EBOX]
TS=1786207209.317
V_SENSE5=0.92529296875
V_SENSE9=0.0341796875
V_SENSE12=0.1416015625
ADC_V5=4.9029541015625
ADC_V9=8.7615966796875
ADC_V12=11.69097900390625
ADC_V28=28.18756103515625
THERMAL_SENS_OUT_1=27
THERMAL_SENS_OUT_2=-50
THERMAL_SENS_OUT_3=27
THERMAL_SENS_OUT_4=27
THERMAL_SENS_OUT_5=29
THERMAL_SENS_OUT_6=-50
THERMAL_SENS_INT_1=32
THERMAL_SENS_INT_2=27
PG_5=0
PG_9=0
PG_12=0
FLT_P2=0
FLT_P3=0
HEAT_1_TEMP=27
HEAT_1_DUTY=0
HEAT_1_SP=-20.0
HEAT_2_TEMP=27
HEAT_2_DUTY=0
HEAT_2_SP=-20.0
HEAT_3_TEMP=27
HEAT_3_DUTY=0
HEAT_3_SP=-20.0
HEAT_4_TEMP=29
HEAT_4_DUTY=0
HEAT_4_SP=-20.0
MOTOR_ANGLE=0.008372093023255813
MOTOR_ACCUM=2.1013953488372095
MOTOR_ROT=4

[22:44:41.363 CUBESAT]
TS=1786208539.802
PG_5=1
PG_9=0
PG_12=0
FLT_P2=0
FLT_P3=0
HEAT_1_TEMP=0.0
HEAT_1_DUTY=0
HEAT_1_SP=-20.0
ENC_RAW=7255
ENC_ANGLE=159.41162109375
ENC_ACCUM=219.462890625
AUTO_STOP=1
MOTOR_ANGLE=0.0019040697674418605
MOTOR_ACCUM=267.385625
MOTOR_ROT=511

[22:44:41.787 EBOX]
TS=1786207209.819
V_SENSE5=0.87890625
V_SENSE9=0.03662109375
V_SENSE12=0.14404296875
ADC_V5=4.814453125
ADC_V9=9.4342041015625
ADC_V12=11.89453125
ADC_V28=27.789306640625
THERMAL_SENS_OUT_1=31
THERMAL_SENS_OUT_2=-50
THERMAL_SENS_OUT_3=26
THERMAL_SENS_OUT_4=27
THERMAL_SENS_OUT_5=28
THERMAL_SENS_OUT_6=-50
THERMAL_SENS_INT_1=29
THERMAL_SENS_INT_2=29
PG_5=0
PG_9=0
PG_12=0
FLT_P2=0
FLT_P3=0
HEAT_1_TEMP=31
HEAT_1_DUTY=0
HEAT_1_SP=-20.0
HEAT_2_TEMP=26
HEAT_2_DUTY=0
HEAT_2_SP=-20.0
HEAT_3_TEMP=27
HEAT_3_DUTY=0
HEAT_3_SP=-20.0
HEAT_4_TEMP=28
HEAT_4_DUTY=0
HEAT_4_SP=-20.0
MOTOR_ANGLE=0.008372093023255813
MOTOR_ACCUM=2.1013953488372095
MOTOR_ROT=4

[22:44:41.890 CUBESAT]
TS=1786208540.304
PG_5=1
PG_9=0
PG_12=0
FLT_P2=0
FLT_P3=0
HEAT_1_TEMP=0.0
HEAT_1_DUTY=10
HEAT_1_SP=-20.0
ENC_RAW=7455
ENC_ANGLE=163.80615234375
ENC_ACCUM=223.857421875
AUTO_STOP=1
MOTOR_ANGLE=0.0007558139534883722
MOTOR_ACCUM=270.00075581395345
MOTOR_ROT=516

[22:44:42.321 EBOX]
TS=1786207210.319
V_SENSE5=0.87890625
V_SENSE9=0.03662109375
V_SENSE12=0.15380859375
ADC_V5=4.92950439453125
ADC_V9=9.310302734375
ADC_V12=11.76177978515625
ADC_V28=28.15216064453125
THERMAL_SENS_OUT_1=30
THERMAL_SENS_OUT_2=-50
THERMAL_SENS_OUT_3=26
THERMAL_SENS_OUT_4=29
THERMAL_SENS_OUT_5=27
THERMAL_SENS_OUT_6=-50
THERMAL_SENS_INT_1=29
THERMAL_SENS_INT_2=28
PG_5=0
PG_9=0
PG_12=0
FLT_P2=0
FLT_P3=0
HEAT_1_TEMP=30
HEAT_1_DUTY=0
HEAT_1_SP=-20.0
HEAT_2_TEMP=26
HEAT_2_DUTY=0
HEAT_2_SP=-20.0
HEAT_3_TEMP=29
HEAT_3_DUTY=0
HEAT_3_SP=-20.0
HEAT_4_TEMP=27
HEAT_4_DUTY=0
HEAT_4_SP=-20.0
MOTOR_ANGLE=0.008372093023255813
MOTOR_ACCUM=2.1013953488372095
MOTOR_ROT=4

[22:44:42.324 CUBESAT]
TS=1786208540.806
PG_5=1
PG_9=0
PG_12=0
FLT_P2=0
FLT_P3=0
HEAT_1_TEMP=0.0
HEAT_1_DUTY=10
HEAT_1_SP=-20.0
ENC_RAW=7585
ENC_ANGLE=166.66259765625
ENC_ACCUM=226.7138671875
AUTO_STOP=1
MOTOR_ANGLE=0.003808139534883721
MOTOR_ACCUM=273.6665988372093
MOTOR_ROT=523

[22:44:42.853 EBOX]
TS=1786207210.815
V_SENSE5=0.927734375
V_SENSE9=0.03662109375
V_SENSE12=0.12939453125
ADC_V5=4.96490478515625
ADC_V9=9.0625
ADC_V12=11.9476318359375
ADC_V28=28.01055908203125
THERMAL_SENS_OUT_1=31
THERMAL_SENS_OUT_2=-50
THERMAL_SENS_OUT_3=26
THERMAL_SENS_OUT_4=28
THERMAL_SENS_OUT_5=31
THERMAL_SENS_OUT_6=-50
THERMAL_SENS_INT_1=29
THERMAL_SENS_INT_2=33
PG_5=0
PG_9=0
PG_12=0
FLT_P2=0
FLT_P3=0
HEAT_1_TEMP=31
HEAT_1_DUTY=0
HEAT_1_SP=-20.0
HEAT_2_TEMP=26
HEAT_2_DUTY=0
HEAT_2_SP=-20.0
HEAT_3_TEMP=28
HEAT_3_DUTY=0
HEAT_3_SP=-20.0
HEAT_4_TEMP=31
HEAT_4_DUTY=0
HEAT_4_SP=-20.0
MOTOR_ANGLE=0.008372093023255813
MOTOR_ACCUM=2.1013953488372095
MOTOR_ROT=4

[22:44:43.156 CUBESAT]
TS=1786208541.307
PG_5=1
PG_9=0
PG_12=0
FLT_P2=0
FLT_P3=0
HEAT_1_TEMP=0.0
HEAT_1_DUTY=0
HEAT_1_SP=-20.0
ENC_RAW=7777
ENC_ANGLE=170.88134765625
ENC_ACCUM=230.9326171875
AUTO_STOP=1
MOTOR_ANGLE=0.0030377906976744185
MOTOR_ACCUM=276.28210755813956
MOTOR_ROT=528

[22:44:43.278 EBOX]
TS=1786207211.316
V_SENSE5=0.908203125
V_SENSE9=0.04150390625
V_SENSE12=0.1416015625
ADC_V5=4.96490478515625
ADC_V9=9.26605224609375
ADC_V12=11.81488037109375
ADC_V28=27.081298828125
THERMAL_SENS_OUT_1=30
THERMAL_SENS_OUT_2=-50
THERMAL_SENS_OUT_3=32
THERMAL_SENS_OUT_4=28
THERMAL_SENS_OUT_5=26
THERMAL_SENS_OUT_6=-50
THERMAL_SENS_INT_1=31
THERMAL_SENS_INT_2=29
PG_5=0
PG_9=0
PG_12=0
FLT_P2=0
FLT_P3=0
HEAT_1_TEMP=30
HEAT_1_DUTY=0
HEAT_1_SP=-20.0
HEAT_2_TEMP=32
HEAT_2_DUTY=0
HEAT_2_SP=-20.0
HEAT_3_TEMP=28
HEAT_3_DUTY=0
HEAT_3_SP=-20.0
HEAT_4_TEMP=26
HEAT_4_DUTY=0
HEAT_4_SP=-20.0
MOTOR_ANGLE=0.008372093023255813
MOTOR_ACCUM=2.1013953488372095
MOTOR_ROT=4

[22:44:43.380 CUBESAT]
TS=1786208541.808
PG_5=1
PG_9=0
PG_12=0
FLT_P2=0
FLT_P3=0
HEAT_1_TEMP=0.0
HEAT_1_DUTY=0
HEAT_1_SP=-20.0
ENC_RAW=7910
ENC_ANGLE=173.8037109375
ENC_ACCUM=233.85498046875
AUTO_STOP=1
MOTOR_ANGLE=0.006090116279069768
MOTOR_ACCUM=279.94795058139533
MOTOR_ROT=535

[22:44:43.803 EBOX]
TS=1786207211.818
V_SENSE5=0.99365234375
V_SENSE9=0.03662109375
V_SENSE12=0.12451171875
ADC_V5=5.0091552734375
ADC_V9=9.310302734375
ADC_V12=11.6644287109375
ADC_V28=27.65655517578125
THERMAL_SENS_OUT_1=30
THERMAL_SENS_OUT_2=-50
THERMAL_SENS_OUT_3=28
THERMAL_SENS_OUT_4=32
THERMAL_SENS_OUT_5=27
THERMAL_SENS_OUT_6=-50
THERMAL_SENS_INT_1=26
THERMAL_SENS_INT_2=29
PG_5=0
PG_9=0
PG_12=0
FLT_P2=0
FLT_P3=0
HEAT_1_TEMP=30
HEAT_1_DUTY=0
HEAT_1_SP=-20.0
HEAT_2_TEMP=28
HEAT_2_DUTY=0
HEAT_2_SP=-20.0
HEAT_3_TEMP=32
HEAT_3_DUTY=0
HEAT_3_SP=-20.0
HEAT_4_TEMP=27
HEAT_4_DUTY=0
HEAT_4_SP=-20.0
MOTOR_ANGLE=0.008372093023255813
MOTOR_ACCUM=2.1013953488372095
MOTOR_ROT=4

[22:44:43.906 CUBESAT]
TS=1786208542.310
PG_5=1
PG_9=0
PG_12=0
FLT_P2=0
FLT_P3=0
HEAT_1_TEMP=0.0
HEAT_1_DUTY=0
HEAT_1_SP=-20.0
ENC_RAW=8108
ENC_ANGLE=178.154296875
ENC_ACCUM=238.20556640625
AUTO_STOP=1
MOTOR_ANGLE=0.004941860465116279
MOTOR_ACCUM=282.56308139534883
MOTOR_ROT=540

[22:44:44.331 EBOX]
TS=1786207212.319
V_SENSE5=0.93505859375
V_SENSE9=0.0341796875
V_SENSE12=0.126953125
ADC_V5=4.991455078125
ADC_V9=9.15985107421875
ADC_V12=11.83258056640625
ADC_V28=28.037109375
THERMAL_SENS_OUT_1=28
THERMAL_SENS_OUT_2=-50
THERMAL_SENS_OUT_3=29
THERMAL_SENS_OUT_4=31
THERMAL_SENS_OUT_5=30
THERMAL_SENS_OUT_6=-50
THERMAL_SENS_INT_1=27
THERMAL_SENS_INT_2=28
PG_5=0
PG_9=0
PG_12=0
FLT_P2=0
FLT_P3=0
HEAT_1_TEMP=28
HEAT_1_DUTY=0
HEAT_1_SP=-20.0
HEAT_2_TEMP=29
HEAT_2_DUTY=0
HEAT_2_SP=-20.0
HEAT_3_TEMP=31
HEAT_3_DUTY=0
HEAT_3_SP=-20.0
HEAT_4_TEMP=30
HEAT_4_DUTY=0
HEAT_4_SP=-20.0
MOTOR_ANGLE=0.008372093023255813
MOTOR_ACCUM=2.1013953488372095
MOTOR_ROT=4

[22:44:44.333 CUBESAT]
TS=1786208542.811
PG_5=1
PG_9=0
PG_12=0
FLT_P2=0
FLT_P3=0
HEAT_1_TEMP=0.0
HEAT_1_DUTY=0
HEAT_1_SP=-20.0
ENC_RAW=8243
ENC_ANGLE=181.12060546875
ENC_ACCUM=241.171875
AUTO_STOP=1
MOTOR_ANGLE=0.007994186046511628
MOTOR_ACCUM=286.22892441860466
MOTOR_ROT=547

[22:44:44.858 EBOX]
TS=1786207212.834
V_SENSE5=0.810546875
V_SENSE9=0.03662109375
V_SENSE12=0.12451171875
ADC_V5=4.88525390625
ADC_V9=9.10675048828125
ADC_V12=11.9476318359375
ADC_V28=27.470703125
THERMAL_SENS_OUT_1=31
THERMAL_SENS_OUT_2=-50
THERMAL_SENS_OUT_3=33
THERMAL_SENS_OUT_4=26
THERMAL_SENS_OUT_5=26
THERMAL_SENS_OUT_6=-50
THERMAL_SENS_INT_1=27
THERMAL_SENS_INT_2=31
PG_5=0
PG_9=0
PG_12=0
FLT_P2=0
FLT_P3=0
HEAT_1_TEMP=31
HEAT_1_DUTY=0
HEAT_1_SP=-20.0
HEAT_2_TEMP=33
HEAT_2_DUTY=0
HEAT_2_SP=-20.0
HEAT_3_TEMP=26
HEAT_3_DUTY=0
HEAT_3_SP=-20.0
HEAT_4_TEMP=26
HEAT_4_DUTY=0
HEAT_4_SP=-20.0
MOTOR_ANGLE=0.008372093023255813
MOTOR_ACCUM=2.1013953488372095
MOTOR_ROT=4

[22:44:44.860 CUBESAT]
TS=1786208543.312
PG_5=1
PG_9=0
PG_12=0
FLT_P2=0
FLT_P3=0
HEAT_1_TEMP=0.0
HEAT_1_DUTY=0
HEAT_1_SP=-20.0
ENC_RAW=8442
ENC_ANGLE=185.4931640625
ENC_ACCUM=245.54443359375
AUTO_STOP=1
MOTOR_ANGLE=0.007223837209302325
MOTOR_ACCUM=288.8444331395349
MOTOR_ROT=552

[22:44:45.394 EBOX]
TS=1786207213.330
V_SENSE5=0.87646484375
V_SENSE9=0.0390625
V_SENSE12=0.17333984375
ADC_V5=5.0091552734375
ADC_V9=9.21295166015625
ADC_V12=11.76177978515625
ADC_V28=27.4884033203125
THERMAL_SENS_OUT_1=29
THERMAL_SENS_OUT_2=-50
THERMAL_SENS_OUT_3=28
THERMAL_SENS_OUT_4=29
THERMAL_SENS_OUT_5=28
THERMAL_SENS_OUT_6=-50
THERMAL_SENS_INT_1=29
THERMAL_SENS_INT_2=27
PG_5=0
PG_9=0
PG_12=0
FLT_P2=0
FLT_P3=0
HEAT_1_TEMP=29
HEAT_1_DUTY=0
HEAT_1_SP=-20.0
HEAT_2_TEMP=28
HEAT_2_DUTY=0
HEAT_2_SP=-20.0
HEAT_3_TEMP=29
HEAT_3_DUTY=0
HEAT_3_SP=-20.0
HEAT_4_TEMP=28
HEAT_4_DUTY=0
HEAT_4_SP=-20.0
MOTOR_ANGLE=0.008372093023255813
MOTOR_ACCUM=2.1013953488372095
MOTOR_ROT=4

[22:44:45.698 CUBESAT]
TS=1786208543.814
PG_5=1
PG_9=0
PG_12=0
FLT_P2=0
FLT_P3=0
HEAT_1_TEMP=0.0
HEAT_1_DUTY=0
HEAT_1_SP=-20.0
ENC_RAW=8574
ENC_ANGLE=188.3935546875
ENC_ACCUM=248.44482421875
AUTO_STOP=1
MOTOR_ANGLE=0.0011482558139534885
MOTOR_ACCUM=293.02440406976746
MOTOR_ROT=560

[22:44:45.820 EBOX]
TS=1786207213.833
V_SENSE5=0.869140625
V_SENSE9=0.0341796875
V_SENSE12=0.1171875
ADC_V5=4.89410400390625
ADC_V9=8.85009765625
ADC_V12=11.4697265625
ADC_V28=28.09906005859375
THERMAL_SENS_OUT_1=31
THERMAL_SENS_OUT_2=-50
THERMAL_SENS_OUT_3=26
THERMAL_SENS_OUT_4=26
THERMAL_SENS_OUT_5=27
THERMAL_SENS_OUT_6=-50
THERMAL_SENS_INT_1=28
THERMAL_SENS_INT_2=33
PG_5=0
PG_9=0
PG_12=0
FLT_P2=0
FLT_P3=0
HEAT_1_TEMP=31
HEAT_1_DUTY=0
HEAT_1_SP=-20.0
HEAT_2_TEMP=26
HEAT_2_DUTY=0
HEAT_2_SP=-20.0
HEAT_3_TEMP=26
HEAT_3_DUTY=0
HEAT_3_SP=-20.0
HEAT_4_TEMP=27
HEAT_4_DUTY=0
HEAT_4_SP=-20.0
MOTOR_ANGLE=0.008372093023255813
MOTOR_ACCUM=2.1013953488372095
MOTOR_ROT=4

[22:44:45.824 CUBESAT]
TS=1786208544.315
PG_5=1
PG_9=0
PG_12=0
FLT_P2=0
FLT_P3=0
HEAT_1_TEMP=0.0
HEAT_1_DUTY=0
HEAT_1_SP=-20.0
ENC_RAW=8778
ENC_ANGLE=192.8759765625
ENC_ACCUM=252.92724609375
AUTO_STOP=1
MOTOR_ANGLE=0.0003779069767441861
MOTOR_ACCUM=295.6399127906977
MOTOR_ROT=565

[22:44:46.350 EBOX]
TS=1786207214.335
V_SENSE5=0.8642578125
V_SENSE9=0.0341796875
V_SENSE12=0.10498046875
ADC_V5=4.9560546875
ADC_V9=9.381103515625
ADC_V12=11.6998291015625
ADC_V28=27.647705078125
THERMAL_SENS_OUT_1=34
THERMAL_SENS_OUT_2=-50
THERMAL_SENS_OUT_3=26
THERMAL_SENS_OUT_4=26
THERMAL_SENS_OUT_5=27
THERMAL_SENS_OUT_6=-50
THERMAL_SENS_INT_1=29
THERMAL_SENS_INT_2=34
PG_5=0
PG_9=0
PG_12=0
FLT_P2=0
FLT_P3=0
HEAT_1_TEMP=34
HEAT_1_DUTY=0
HEAT_1_SP=-20.0
HEAT_2_TEMP=26
HEAT_2_DUTY=0
HEAT_2_SP=-20.0
HEAT_3_TEMP=26
HEAT_3_DUTY=0
HEAT_3_SP=-20.0
HEAT_4_TEMP=27
HEAT_4_DUTY=0
HEAT_4_SP=-20.0
MOTOR_ANGLE=0.008372093023255813
MOTOR_ACCUM=2.1013953488372095
MOTOR_ROT=4

[22:44:46.352 CUBESAT]
TS=1786208544.817
PG_5=1
PG_9=0
PG_12=0
FLT_P2=0
FLT_P3=0
HEAT_1_TEMP=0.0
HEAT_1_DUTY=0
HEAT_1_SP=-20.0
ENC_RAW=8910
ENC_ANGLE=195.7763671875
ENC_ACCUM=255.82763671875
AUTO_STOP=1
MOTOR_ANGLE=0.0034302325581395347
MOTOR_ACCUM=299.30575581395345
MOTOR_ROT=572

[22:44:46.777 EBOX]
TS=1786207214.836
V_SENSE5=0.830078125
V_SENSE9=0.0390625
V_SENSE12=0.1416015625
ADC_V5=4.8675537109375
ADC_V9=9.4342041015625
ADC_V12=11.69097900390625
ADC_V28=27.1343994140625
THERMAL_SENS_OUT_1=28
THERMAL_SENS_OUT_2=-50
THERMAL_SENS_OUT_3=27
THERMAL_SENS_OUT_4=27
THERMAL_SENS_OUT_5=28
THERMAL_SENS_OUT_6=-50
THERMAL_SENS_INT_1=29
THERMAL_SENS_INT_2=29
PG_5=0
PG_9=0
PG_12=0
FLT_P2=0
FLT_P3=0
HEAT_1_TEMP=28
HEAT_1_DUTY=0
HEAT_1_SP=-20.0
HEAT_2_TEMP=27
HEAT_2_DUTY=0
HEAT_2_SP=-20.0
HEAT_3_TEMP=27
HEAT_3_DUTY=0
HEAT_3_SP=-20.0
HEAT_4_TEMP=28
HEAT_4_DUTY=0
HEAT_4_SP=-20.0
MOTOR_ANGLE=0.008372093023255813
MOTOR_ACCUM=2.1013953488372095
MOTOR_ROT=4

[22:44:47.182 CUBESAT]
TS=1786208545.319
PG_5=1
PG_9=0
PG_12=0
FLT_P2=0
FLT_P3=0
HEAT_1_TEMP=0.0
HEAT_1_DUTY=10
HEAT_1_SP=-20.0
ENC_RAW=9100
ENC_ANGLE=199.951171875
ENC_ACCUM=260.00244140625
AUTO_STOP=1
MOTOR_ANGLE=0.0026598837209302327
MOTOR_ACCUM=301.9212645348837
MOTOR_ROT=577

[22:44:47.315 EBOX]
TS=1786207215.338
V_SENSE5=0.81298828125
V_SENSE9=0.0341796875
V_SENSE12=0.14892578125
ADC_V5=4.991455078125
ADC_V9=9.1510009765625
ADC_V12=11.4520263671875
ADC_V28=28.16986083984375
THERMAL_SENS_OUT_1=29
THERMAL_SENS_OUT_2=-50
THERMAL_SENS_OUT_3=30
THERMAL_SENS_OUT_4=27
THERMAL_SENS_OUT_5=32
THERMAL_SENS_OUT_6=-50
THERMAL_SENS_INT_1=26
THERMAL_SENS_INT_2=31
PG_5=0
PG_9=0
PG_12=0
FLT_P2=0
FLT_P3=0
HEAT_1_TEMP=29
HEAT_1_DUTY=0
HEAT_1_SP=-20.0
HEAT_2_TEMP=30
HEAT_2_DUTY=0
HEAT_2_SP=-20.0
HEAT_3_TEMP=27
HEAT_3_DUTY=0
HEAT_3_SP=-20.0
HEAT_4_TEMP=32
HEAT_4_DUTY=0
HEAT_4_SP=-20.0
MOTOR_ANGLE=0.008372093023255813
MOTOR_ACCUM=2.1013953488372095
MOTOR_ROT=4

[22:44:47.849 EBOX]
TS=1786207215.839
V_SENSE5=0.8740234375
V_SENSE9=0.0390625
V_SENSE12=0.10986328125
ADC_V5=4.82330322265625
ADC_V9=9.07135009765625
ADC_V12=11.5228271484375
ADC_V28=27.79815673828125
THERMAL_SENS_OUT_1=32
THERMAL_SENS_OUT_2=-50
THERMAL_SENS_OUT_3=29
THERMAL_SENS_OUT_4=27
THERMAL_SENS_OUT_5=26
THERMAL_SENS_OUT_6=-50
THERMAL_SENS_INT_1=28
THERMAL_SENS_INT_2=34
PG_5=0
PG_9=0
PG_12=0
FLT_P2=0
FLT_P3=0
HEAT_1_TEMP=32
HEAT_1_DUTY=0
HEAT_1_SP=-20.0
HEAT_2_TEMP=29
HEAT_2_DUTY=0
HEAT_2_SP=-20.0
HEAT_3_TEMP=27
HEAT_3_DUTY=0
HEAT_3_SP=-20.0
HEAT_4_TEMP=26
HEAT_4_DUTY=0
HEAT_4_SP=-20.0
MOTOR_ANGLE=0.008372093023255813
MOTOR_ACCUM=2.1013953488372095
MOTOR_ROT=4

[22:44:48.153 CUBESAT]
TS=1786208545.820
PG_5=1
PG_9=0
PG_12=0
FLT_P2=0
FLT_P3=0
HEAT_1_TEMP=0.0
HEAT_1_DUTY=10
HEAT_1_SP=-20.0
ENC_RAW=9234
ENC_ANGLE=202.8955078125
ENC_ACCUM=262.94677734375
AUTO_STOP=1
MOTOR_ANGLE=0.0057122093023255814
MOTOR_ACCUM=305.5871075581395
MOTOR_ROT=584
TS=1786208546.321
PG_5=1
PG_9=0
PG_12=0
FLT_P2=0
FLT_P3=0
HEAT_1_TEMP=0.0
HEAT_1_DUTY=0
HEAT_1_SP=-20.0
ENC_RAW=9433
ENC_ANGLE=207.26806640625
ENC_ACCUM=267.3193359375
AUTO_STOP=1
MOTOR_ANGLE=0.004563953488372094
MOTOR_ACCUM=308.20223837209306
MOTOR_ROT=589

[22:44:48.378 EBOX]
TS=1786207216.339
V_SENSE5=0.87158203125
V_SENSE9=0.03662109375
V_SENSE12=0.13427734375
ADC_V5=4.84100341796875
ADC_V9=9.46075439453125
ADC_V12=11.4874267578125
ADC_V28=27.68310546875
THERMAL_SENS_OUT_1=26
THERMAL_SENS_OUT_2=-50
THERMAL_SENS_OUT_3=33
THERMAL_SENS_OUT_4=28
THERMAL_SENS_OUT_5=27
THERMAL_SENS_OUT_6=-50
THERMAL_SENS_INT_1=25
THERMAL_SENS_INT_2=27
PG_5=0
PG_9=0
PG_12=0
FLT_P2=0
FLT_P3=0
HEAT_1_TEMP=26
HEAT_1_DUTY=0
HEAT_1_SP=-20.0
HEAT_2_TEMP=33
HEAT_2_DUTY=0
HEAT_2_SP=-20.0
HEAT_3_TEMP=28
HEAT_3_DUTY=0
HEAT_3_SP=-20.0
HEAT_4_TEMP=27
HEAT_4_DUTY=0
HEAT_4_SP=-20.0
MOTOR_ANGLE=0.008372093023255813
MOTOR_ACCUM=2.1013953488372095
MOTOR_ROT=4

[22:44:48.381 CUBESAT]
TS=1786208546.822
PG_5=1
PG_9=0
PG_12=0
FLT_P2=0
FLT_P3=0
HEAT_1_TEMP=0.0
HEAT_1_DUTY=0
HEAT_1_SP=-20.0
ENC_RAW=9560
ENC_ANGLE=210.05859375
ENC_ACCUM=270.10986328125
AUTO_STOP=1
MOTOR_ANGLE=0.007616279069767442
MOTOR_ACCUM=311.86808139534884
MOTOR_ROT=596

[22:44:48.806 EBOX]
TS=1786207216.841
V_SENSE5=0.83740234375
V_SENSE9=0.0390625
V_SENSE12=0.1123046875
ADC_V5=4.94720458984375
ADC_V9=9.03594970703125
ADC_V12=11.717529296875
ADC_V28=28.06365966796875
THERMAL_SENS_OUT_1=28
THERMAL_SENS_OUT_2=-50
THERMAL_SENS_OUT_3=27
THERMAL_SENS_OUT_4=33
THERMAL_SENS_OUT_5=29
THERMAL_SENS_OUT_6=-50
THERMAL_SENS_INT_1=28
THERMAL_SENS_INT_2=27
PG_5=0
PG_9=0
PG_12=0
FLT_P2=0
FLT_P3=0
HEAT_1_TEMP=28
HEAT_1_DUTY=0
HEAT_1_SP=-20.0
HEAT_2_TEMP=27
HEAT_2_DUTY=0
HEAT_2_SP=-20.0
HEAT_3_TEMP=33
HEAT_3_DUTY=0
HEAT_3_SP=-20.0
HEAT_4_TEMP=29
HEAT_4_DUTY=0
HEAT_4_SP=-20.0
MOTOR_ANGLE=0.008372093023255813
MOTOR_ACCUM=2.1013953488372095
MOTOR_ROT=4

[22:44:48.910 CUBESAT]
TS=1786208547.324
PG_5=1
PG_9=0
PG_12=0
FLT_P2=0
FLT_P3=0
HEAT_1_TEMP=0.0
HEAT_1_DUTY=0
HEAT_1_SP=-20.0
ENC_RAW=9754
ENC_ANGLE=214.3212890625
ENC_ACCUM=274.37255859375
AUTO_STOP=1
MOTOR_ANGLE=0.0068459302325581395
MOTOR_ACCUM=314.48359011627906
MOTOR_ROT=601

[22:44:49.332 EBOX]
TS=1786207217.345
V_SENSE5=0.86181640625
V_SENSE9=0.0390625
V_SENSE12=0.12451171875
ADC_V5=4.9737548828125
ADC_V9=9.097900390625
ADC_V12=11.86798095703125
ADC_V28=27.6123046875
THERMAL_SENS_OUT_1=33
THERMAL_SENS_OUT_2=-50
THERMAL_SENS_OUT_3=26
THERMAL_SENS_OUT_4=31
THERMAL_SENS_OUT_5=26
THERMAL_SENS_OUT_6=-50
THERMAL_SENS_INT_1=28
THERMAL_SENS_INT_2=29
PG_5=0
PG_9=0
PG_12=0
FLT_P2=0
FLT_P3=0
HEAT_1_TEMP=33
HEAT_1_DUTY=0
HEAT_1_SP=-20.0
HEAT_2_TEMP=26
HEAT_2_DUTY=0
HEAT_2_SP=-20.0
HEAT_3_TEMP=31
HEAT_3_DUTY=0
HEAT_3_SP=-20.0
HEAT_4_TEMP=26
HEAT_4_DUTY=0
HEAT_4_SP=-20.0
MOTOR_ANGLE=0.008372093023255813
MOTOR_ACCUM=2.1013953488372095
MOTOR_ROT=4

[22:44:49.334 CUBESAT]
TS=1786208547.825
PG_5=1
PG_9=0
PG_12=0
FLT_P2=0
FLT_P3=0
HEAT_1_TEMP=0.0
HEAT_1_DUTY=0
HEAT_1_SP=-20.0
ENC_RAW=9887
ENC_ANGLE=217.24365234375
ENC_ACCUM=277.294921875
AUTO_STOP=1
MOTOR_ANGLE=0.0057122093023255814
MOTOR_ACCUM=317.09873546511625
MOTOR_ROT=606

[22:44:50.163 EBOX]
TS=1786207217.849
V_SENSE5=0.869140625
V_SENSE9=0.0341796875
V_SENSE12=0.107421875
ADC_V5=4.96490478515625
ADC_V9=9.01824951171875
ADC_V12=11.9122314453125
ADC_V28=27.6654052734375
THERMAL_SENS_OUT_1=28
THERMAL_SENS_OUT_2=-50
THERMAL_SENS_OUT_3=28
THERMAL_SENS_OUT_4=25
THERMAL_SENS_OUT_5=31
THERMAL_SENS_OUT_6=-50
THERMAL_SENS_INT_1=27
THERMAL_SENS_INT_2=31
PG_5=0
PG_9=0
PG_12=0
FLT_P2=0
FLT_P3=0
HEAT_1_TEMP=28
HEAT_1_DUTY=0
HEAT_1_SP=-20.0
HEAT_2_TEMP=28
HEAT_2_DUTY=0
HEAT_2_SP=-20.0
HEAT_3_TEMP=25
HEAT_3_DUTY=0
HEAT_3_SP=-20.0
HEAT_4_TEMP=31
HEAT_4_DUTY=0
HEAT_4_SP=-20.0
MOTOR_ANGLE=0.008372093023255813
MOTOR_ACCUM=2.1013953488372095
MOTOR_ROT=4

[22:44:50.391 EBOX]
TS=1786207218.347
V_SENSE5=0.8203125
V_SENSE9=0.06591796875
V_SENSE12=0.10498046875
ADC_V5=5.01800537109375
ADC_V9=9.345703125
ADC_V12=11.8768310546875
ADC_V28=27.53265380859375
THERMAL_SENS_OUT_1=30
THERMAL_SENS_OUT_2=-50
THERMAL_SENS_OUT_3=33
THERMAL_SENS_OUT_4=27
THERMAL_SENS_OUT_5=32
THERMAL_SENS_OUT_6=-50
THERMAL_SENS_INT_1=26
THERMAL_SENS_INT_2=30
PG_5=0
PG_9=0
PG_12=0
FLT_P2=0
FLT_P3=0
HEAT_1_TEMP=30
HEAT_1_DUTY=0
HEAT_1_SP=-20.0
HEAT_2_TEMP=33
HEAT_2_DUTY=0
HEAT_2_SP=-20.0
HEAT_3_TEMP=27
HEAT_3_DUTY=0
HEAT_3_SP=-20.0
HEAT_4_TEMP=32
HEAT_4_DUTY=0
HEAT_4_SP=-20.0
MOTOR_ANGLE=0.008372093023255813
MOTOR_ACCUM=2.1013953488372095
MOTOR_ROT=4

[22:44:50.816 EBOX]
TS=1786207218.851
V_SENSE5=0.85205078125
V_SENSE9=0.0390625
V_SENSE12=0.12451171875
ADC_V5=4.9560546875
ADC_V9=9.097900390625
ADC_V12=11.6998291015625
ADC_V28=27.8424072265625
THERMAL_SENS_OUT_1=28
THERMAL_SENS_OUT_2=-50
THERMAL_SENS_OUT_3=33
THERMAL_SENS_OUT_4=25
THERMAL_SENS_OUT_5=27
THERMAL_SENS_OUT_6=-50
THERMAL_SENS_INT_1=28
THERMAL_SENS_INT_2=30
PG_5=0
PG_9=0
PG_12=0
FLT_P2=0
FLT_P3=0
HEAT_1_TEMP=28
HEAT_1_DUTY=0
HEAT_1_SP=-20.0
HEAT_2_TEMP=33
HEAT_2_DUTY=0
HEAT_2_SP=-20.0
HEAT_3_TEMP=25
HEAT_3_DUTY=0
HEAT_3_SP=-20.0
HEAT_4_TEMP=27
HEAT_4_DUTY=0
HEAT_4_SP=-20.0
MOTOR_ANGLE=0.008372093023255813
MOTOR_ACCUM=2.1013953488372095
MOTOR_ROT=4

[22:44:51.341 EBOX]
TS=1786207219.350
V_SENSE5=0.83984375
V_SENSE9=0.0390625
V_SENSE12=0.146484375
ADC_V5=5.0091552734375
ADC_V9=9.47845458984375
ADC_V12=11.4874267578125
ADC_V28=27.56805419921875
THERMAL_SENS_OUT_1=30
THERMAL_SENS_OUT_2=-50
THERMAL_SENS_OUT_3=28
THERMAL_SENS_OUT_4=31
THERMAL_SENS_OUT_5=33
THERMAL_SENS_OUT_6=-50
THERMAL_SENS_INT_1=30
THERMAL_SENS_INT_2=30
PG_5=0
PG_9=0
PG_12=0
FLT_P2=0
FLT_P3=0
HEAT_1_TEMP=30
HEAT_1_DUTY=0
HEAT_1_SP=-20.0
HEAT_2_TEMP=28
HEAT_2_DUTY=0
HEAT_2_SP=-20.0
HEAT_3_TEMP=31
HEAT_3_DUTY=0
HEAT_3_SP=-20.0
HEAT_4_TEMP=33
HEAT_4_DUTY=0
HEAT_4_SP=-20.0
MOTOR_ANGLE=0.008372093023255813
MOTOR_ACCUM=2.1013953488372095
MOTOR_ROT=4

[22:44:51.868 EBOX]
TS=1786207219.852
V_SENSE5=0.86669921875
V_SENSE9=0.03173828125
V_SENSE12=0.13671875
ADC_V5=4.7967529296875
ADC_V9=9.0802001953125
ADC_V12=11.54052734375
ADC_V28=27.85125732421875
THERMAL_SENS_OUT_1=34
THERMAL_SENS_OUT_2=-50
THERMAL_SENS_OUT_3=27
THERMAL_SENS_OUT_4=33
THERMAL_SENS_OUT_5=27
THERMAL_SENS_OUT_6=-50
THERMAL_SENS_INT_1=26
THERMAL_SENS_INT_2=29
PG_5=0
PG_9=0
PG_12=0
FLT_P2=0
FLT_P3=0
HEAT_1_TEMP=34
HEAT_1_DUTY=0
HEAT_1_SP=-20.0
HEAT_2_TEMP=27
HEAT_2_DUTY=0
HEAT_2_SP=-20.0
HEAT_3_TEMP=33
HEAT_3_DUTY=0
HEAT_3_SP=-20.0
HEAT_4_TEMP=27
HEAT_4_DUTY=0
HEAT_4_SP=-20.0
MOTOR_ANGLE=0.008372093023255813
MOTOR_ACCUM=2.1013953488372095
MOTOR_ROT=4

[22:44:52.402 EBOX]
TS=1786207220.354
V_SENSE5=0.8447265625
V_SENSE9=0.0390625
V_SENSE12=0.1220703125
ADC_V5=4.96490478515625
ADC_V9=9.63775634765625
ADC_V12=11.611328125
ADC_V28=27.647705078125
THERMAL_SENS_OUT_1=26
THERMAL_SENS_OUT_2=-50
THERMAL_SENS_OUT_3=29
THERMAL_SENS_OUT_4=26
THERMAL_SENS_OUT_5=28
THERMAL_SENS_OUT_6=-50
THERMAL_SENS_INT_1=29
THERMAL_SENS_INT_2=33
PG_5=0
PG_9=0
PG_12=0
FLT_P2=0
FLT_P3=0
HEAT_1_TEMP=26
HEAT_1_DUTY=0
HEAT_1_SP=-20.0
HEAT_2_TEMP=29
HEAT_2_DUTY=0
HEAT_2_SP=-20.0
HEAT_3_TEMP=26
HEAT_3_DUTY=0
HEAT_3_SP=-20.0
HEAT_4_TEMP=28
HEAT_4_DUTY=0
HEAT_4_SP=-20.0
MOTOR_ANGLE=0.008372093023255813
MOTOR_ACCUM=2.1013953488372095
MOTOR_ROT=4

[22:44:52.840 EBOX]
TS=1786207220.856
V_SENSE5=0.849609375
V_SENSE9=0.0439453125
V_SENSE12=0.13671875
ADC_V5=5.01800537109375
ADC_V9=9.2572021484375
ADC_V12=12.02728271484375
ADC_V28=27.7008056640625
THERMAL_SENS_OUT_1=30
THERMAL_SENS_OUT_2=-50
THERMAL_SENS_OUT_3=31
THERMAL_SENS_OUT_4=27
THERMAL_SENS_OUT_5=32
THERMAL_SENS_OUT_6=-50
THERMAL_SENS_INT_1=27
THERMAL_SENS_INT_2=34
PG_5=0
PG_9=0
PG_12=0
FLT_P2=0
FLT_P3=0
HEAT_1_TEMP=30
HEAT_1_DUTY=0
HEAT_1_SP=-20.0
HEAT_2_TEMP=31
HEAT_2_DUTY=0
HEAT_2_SP=-20.0
HEAT_3_TEMP=27
HEAT_3_DUTY=0
HEAT_3_SP=-20.0
HEAT_4_TEMP=32
HEAT_4_DUTY=0
HEAT_4_SP=-20.0
MOTOR_ANGLE=0.008372093023255813
MOTOR_ACCUM=2.1013953488372095
MOTOR_ROT=4

[22:44:53.370 EBOX]
TS=1786207221.357
V_SENSE5=0.83251953125
V_SENSE9=0.0341796875
V_SENSE12=0.1416015625
ADC_V5=5.08880615234375
ADC_V9=9.08905029296875
ADC_V12=11.9476318359375
ADC_V28=27.86895751953125
THERMAL_SENS_OUT_1=34
THERMAL_SENS_OUT_2=-50
THERMAL_SENS_OUT_3=31
THERMAL_SENS_OUT_4=28
THERMAL_SENS_OUT_5=26
THERMAL_SENS_OUT_6=-50
THERMAL_SENS_INT_1=32
THERMAL_SENS_INT_2=31
PG_5=0
PG_9=0
PG_12=0
FLT_P2=0
FLT_P3=0
HEAT_1_TEMP=34
HEAT_1_DUTY=0
HEAT_1_SP=-20.0
HEAT_2_TEMP=31
HEAT_2_DUTY=0
HEAT_2_SP=-20.0
HEAT_3_TEMP=28
HEAT_3_DUTY=0
HEAT_3_SP=-20.0
HEAT_4_TEMP=26
HEAT_4_DUTY=0
HEAT_4_SP=-20.0
MOTOR_ANGLE=0.008372093023255813
MOTOR_ACCUM=2.1013953488372095
MOTOR_ROT=4

[22:44:53.898 EBOX]
TS=1786207221.860
V_SENSE5=0.859375
V_SENSE9=0.0390625
V_SENSE12=0.14404296875
ADC_V5=4.9383544921875
ADC_V9=9.26605224609375
ADC_V12=11.575927734375
ADC_V28=27.85125732421875
THERMAL_SENS_OUT_1=34
THERMAL_SENS_OUT_2=-50
THERMAL_SENS_OUT_3=32
THERMAL_SENS_OUT_4=28
THERMAL_SENS_OUT_5=31
THERMAL_SENS_OUT_6=-50
THERMAL_SENS_INT_1=29
THERMAL_SENS_INT_2=27
PG_5=0
PG_9=0
PG_12=0
FLT_P2=0
FLT_P3=0
HEAT_1_TEMP=34
HEAT_1_DUTY=0
HEAT_1_SP=-20.0
HEAT_2_TEMP=32
HEAT_2_DUTY=0
HEAT_2_SP=-20.0
HEAT_3_TEMP=28
HEAT_3_DUTY=0
HEAT_3_SP=-20.0
HEAT_4_TEMP=31
HEAT_4_DUTY=0
HEAT_4_SP=-20.0
MOTOR_ANGLE=0.008372093023255813
MOTOR_ACCUM=2.1013953488372095
MOTOR_ROT=4

[22:44:54.332 EBOX]
TS=1786207222.362
V_SENSE5=0.84228515625
V_SENSE9=0.0341796875
V_SENSE12=0.1025390625
ADC_V5=4.91180419921875
ADC_V9=9.28375244140625
ADC_V12=11.9122314453125
ADC_V28=27.010498046875
THERMAL_SENS_OUT_1=28
THERMAL_SENS_OUT_2=-50
THERMAL_SENS_OUT_3=29
THERMAL_SENS_OUT_4=25
THERMAL_SENS_OUT_5=28
THERMAL_SENS_OUT_6=-50
THERMAL_SENS_INT_1=29
THERMAL_SENS_INT_2=28
PG_5=0
PG_9=0
PG_12=0
FLT_P2=0
FLT_P3=0
HEAT_1_TEMP=28
HEAT_1_DUTY=0
HEAT_1_SP=-20.0
HEAT_2_TEMP=29
HEAT_2_DUTY=0
HEAT_2_SP=-20.0
HEAT_3_TEMP=25
HEAT_3_DUTY=0
HEAT_3_SP=-20.0
HEAT_4_TEMP=28
HEAT_4_DUTY=0
HEAT_4_SP=-20.0
MOTOR_ANGLE=0.008372093023255813
MOTOR_ACCUM=2.1013953488372095
MOTOR_ROT=4

[22:44:54.865 EBOX]
TS=1786207222.864
V_SENSE5=0.8740234375
V_SENSE9=0.0341796875
V_SENSE12=0.1318359375
ADC_V5=4.9737548828125
ADC_V9=9.05364990234375
ADC_V12=11.74407958984375
ADC_V28=28.04595947265625
THERMAL_SENS_OUT_1=30
THERMAL_SENS_OUT_2=-50
THERMAL_SENS_OUT_3=30
THERMAL_SENS_OUT_4=26
THERMAL_SENS_OUT_5=28
THERMAL_SENS_OUT_6=-50
THERMAL_SENS_INT_1=27
THERMAL_SENS_INT_2=27
PG_5=0
PG_9=0
PG_12=0
FLT_P2=0
FLT_P3=0
HEAT_1_TEMP=30
HEAT_1_DUTY=0
HEAT_1_SP=-20.0
HEAT_2_TEMP=30
HEAT_2_DUTY=0
HEAT_2_SP=-20.0
HEAT_3_TEMP=26
HEAT_3_DUTY=0
HEAT_3_SP=-20.0
HEAT_4_TEMP=28
HEAT_4_DUTY=0
HEAT_4_SP=-20.0
MOTOR_ANGLE=0.008372093023255813
MOTOR_ACCUM=2.1013953488372095
MOTOR_ROT=4

[22:44:55.396 EBOX]
TS=1786207223.365
V_SENSE5=0.85205078125
V_SENSE9=0.04150390625
V_SENSE12=0.1220703125
ADC_V5=4.9737548828125
ADC_V9=9.03594970703125
ADC_V12=11.67327880859375
ADC_V28=27.83355712890625
THERMAL_SENS_OUT_1=32
THERMAL_SENS_OUT_2=-50
THERMAL_SENS_OUT_3=27
THERMAL_SENS_OUT_4=29
THERMAL_SENS_OUT_5=26
THERMAL_SENS_OUT_6=-50
THERMAL_SENS_INT_1=26
THERMAL_SENS_INT_2=33
PG_5=0
PG_9=0
PG_12=0
FLT_P2=0
FLT_P3=0
HEAT_1_TEMP=32
HEAT_1_DUTY=0
HEAT_1_SP=-20.0
HEAT_2_TEMP=27
HEAT_2_DUTY=0
HEAT_2_SP=-20.0
HEAT_3_TEMP=29
HEAT_3_DUTY=0
HEAT_3_SP=-20.0
HEAT_4_TEMP=26
HEAT_4_DUTY=0
HEAT_4_SP=-20.0
MOTOR_ANGLE=0.008372093023255813
MOTOR_ACCUM=2.1013953488372095
MOTOR_ROT=4

[22:44:55.826 EBOX]
TS=1786207223.868
V_SENSE5=0.8251953125
V_SENSE9=0.03662109375
V_SENSE12=0.126953125
ADC_V5=4.9737548828125
ADC_V9=8.91204833984375
ADC_V12=11.788330078125
ADC_V28=27.0458984375
THERMAL_SENS_OUT_1=31
THERMAL_SENS_OUT_2=-50
THERMAL_SENS_OUT_3=32
THERMAL_SENS_OUT_4=28
THERMAL_SENS_OUT_5=25
THERMAL_SENS_OUT_6=-50
THERMAL_SENS_INT_1=29
THERMAL_SENS_INT_2=27
PG_5=0
PG_9=0
PG_12=0
FLT_P2=0
FLT_P3=0
HEAT_1_TEMP=31
HEAT_1_DUTY=0
HEAT_1_SP=-20.0
HEAT_2_TEMP=32
HEAT_2_DUTY=0
HEAT_2_SP=-20.0
HEAT_3_TEMP=28
HEAT_3_DUTY=0
HEAT_3_SP=-20.0
HEAT_4_TEMP=25
HEAT_4_DUTY=0
HEAT_4_SP=-20.0
MOTOR_ANGLE=0.008372093023255813
MOTOR_ACCUM=2.1013953488372095
MOTOR_ROT=4

[22:44:56.354 EBOX]
TS=1786207224.370
V_SENSE5=0.8740234375
V_SENSE9=0.07568359375
V_SENSE12=0.11962890625
ADC_V5=5.0091552734375
ADC_V9=9.310302734375
ADC_V12=11.88568115234375
ADC_V28=26.91314697265625
THERMAL_SENS_OUT_1=29
THERMAL_SENS_OUT_2=-50
THERMAL_SENS_OUT_3=30
THERMAL_SENS_OUT_4=26
THERMAL_SENS_OUT_5=28
THERMAL_SENS_OUT_6=-50
THERMAL_SENS_INT_1=27
THERMAL_SENS_INT_2=31
PG_5=0
PG_9=0
PG_12=0
FLT_P2=0
FLT_P3=0
HEAT_1_TEMP=29
HEAT_1_DUTY=0
HEAT_1_SP=-20.0
HEAT_2_TEMP=30
HEAT_2_DUTY=0
HEAT_2_SP=-20.0
HEAT_3_TEMP=26
HEAT_3_DUTY=0
HEAT_3_SP=-20.0
HEAT_4_TEMP=28
HEAT_4_DUTY=0
HEAT_4_SP=-20.0
MOTOR_ANGLE=0.008372093023255813
MOTOR_ACCUM=2.1013953488372095
MOTOR_ROT=4

[22:44:56.884 EBOX]
TS=1786207224.871
V_SENSE5=0.859375
V_SENSE9=0.0341796875
V_SENSE12=0.1318359375
ADC_V5=4.78790283203125
ADC_V9=9.07135009765625
ADC_V12=11.83258056640625
ADC_V28=26.91314697265625
THERMAL_SENS_OUT_1=31
THERMAL_SENS_OUT_2=-50
THERMAL_SENS_OUT_3=31
THERMAL_SENS_OUT_4=32
THERMAL_SENS_OUT_5=29
THERMAL_SENS_OUT_6=-50
THERMAL_SENS_INT_1=32
THERMAL_SENS_INT_2=30
PG_5=0
PG_9=0
PG_12=0
FLT_P2=0
FLT_P3=0
HEAT_1_TEMP=31
HEAT_1_DUTY=0
HEAT_1_SP=-20.0
HEAT_2_TEMP=31
HEAT_2_DUTY=0
HEAT_2_SP=-20.0
HEAT_3_TEMP=32
HEAT_3_DUTY=0
HEAT_3_SP=-20.0
HEAT_4_TEMP=29
HEAT_4_DUTY=0
HEAT_4_SP=-20.0
MOTOR_ANGLE=0.008372093023255813
MOTOR_ACCUM=2.1013953488372095
MOTOR_ROT=4

[22:44:57.413 EBOX]
TS=1786207225.377
V_SENSE5=0.86181640625
V_SENSE9=0.0341796875
V_SENSE12=0.18310546875
ADC_V5=4.9029541015625
ADC_V9=9.3280029296875
ADC_V12=11.4520263671875
ADC_V28=27.99285888671875
THERMAL_SENS_OUT_1=27
THERMAL_SENS_OUT_2=-50
THERMAL_SENS_OUT_3=29
THERMAL_SENS_OUT_4=30
THERMAL_SENS_OUT_5=31
THERMAL_SENS_OUT_6=-50
THERMAL_SENS_INT_1=28
THERMAL_SENS_INT_2=30
PG_5=0
PG_9=0
PG_12=0
FLT_P2=0
FLT_P3=0
HEAT_1_TEMP=27
HEAT_1_DUTY=0
HEAT_1_SP=-20.0
HEAT_2_TEMP=29
HEAT_2_DUTY=0
HEAT_2_SP=-20.0
HEAT_3_TEMP=30
HEAT_3_DUTY=0
HEAT_3_SP=-20.0
HEAT_4_TEMP=31
HEAT_4_DUTY=0
HEAT_4_SP=-20.0
MOTOR_ANGLE=0.008372093023255813
MOTOR_ACCUM=2.1013953488372095
MOTOR_ROT=4

[22:44:57.842 EBOX]
TS=1786207225.877
V_SENSE5=0.869140625
V_SENSE9=0.0390625
V_SENSE12=0.146484375
ADC_V5=4.9029541015625
ADC_V9=9.027099609375
ADC_V12=11.77947998046875
ADC_V28=27.718505859375
THERMAL_SENS_OUT_1=32
THERMAL_SENS_OUT_2=-50
THERMAL_SENS_OUT_3=29
THERMAL_SENS_OUT_4=29
THERMAL_SENS_OUT_5=26
THERMAL_SENS_OUT_6=-50
THERMAL_SENS_INT_1=26
THERMAL_SENS_INT_2=28
PG_5=0
PG_9=0
PG_12=0
FLT_P2=0
FLT_P3=0
HEAT_1_TEMP=32
HEAT_1_DUTY=0
HEAT_1_SP=-20.0
HEAT_2_TEMP=29
HEAT_2_DUTY=0
HEAT_2_SP=-20.0
HEAT_3_TEMP=29
HEAT_3_DUTY=0
HEAT_3_SP=-20.0
HEAT_4_TEMP=26
HEAT_4_DUTY=0
HEAT_4_SP=-20.0
MOTOR_ANGLE=0.008372093023255813
MOTOR_ACCUM=2.1013953488372095
MOTOR_ROT=4

[22:44:58.373 EBOX]
TS=1786207226.378
V_SENSE5=0.83740234375
V_SENSE9=0.0341796875
V_SENSE12=0.14892578125
ADC_V5=4.7967529296875
ADC_V9=8.96514892578125
ADC_V12=11.53167724609375
ADC_V28=27.01934814453125
THERMAL_SENS_OUT_1=28
THERMAL_SENS_OUT_2=-50
THERMAL_SENS_OUT_3=27
THERMAL_SENS_OUT_4=29
THERMAL_SENS_OUT_5=26
THERMAL_SENS_OUT_6=-50
THERMAL_SENS_INT_1=27
THERMAL_SENS_INT_2=33
PG_5=0
PG_9=0
PG_12=0
FLT_P2=0
FLT_P3=0
HEAT_1_TEMP=28
HEAT_1_DUTY=0
HEAT_1_SP=-20.0
HEAT_2_TEMP=27
HEAT_2_DUTY=0
HEAT_2_SP=-20.0
HEAT_3_TEMP=29
HEAT_3_DUTY=0
HEAT_3_SP=-20.0
HEAT_4_TEMP=26
HEAT_4_DUTY=0
HEAT_4_SP=-20.0
MOTOR_ANGLE=0.008372093023255813
MOTOR_ACCUM=2.1013953488372095
MOTOR_ROT=4

[22:44:58.901 EBOX]
TS=1786207226.882
V_SENSE5=0.88623046875
V_SENSE9=0.0341796875
V_SENSE12=0.15380859375
ADC_V5=4.9560546875
ADC_V9=9.3280029296875
ADC_V12=11.4697265625
ADC_V28=27.97515869140625
THERMAL_SENS_OUT_1=29
THERMAL_SENS_OUT_2=-50
THERMAL_SENS_OUT_3=29
THERMAL_SENS_OUT_4=25
THERMAL_SENS_OUT_5=26
THERMAL_SENS_OUT_6=-50
THERMAL_SENS_INT_1=28
THERMAL_SENS_INT_2=29
PG_5=0
PG_9=0
PG_12=0
FLT_P2=0
FLT_P3=0
HEAT_1_TEMP=29
HEAT_1_DUTY=0
HEAT_1_SP=-20.0
HEAT_2_TEMP=29
HEAT_2_DUTY=0
HEAT_2_SP=-20.0
HEAT_3_TEMP=25
HEAT_3_DUTY=0
HEAT_3_SP=-20.0
HEAT_4_TEMP=26
HEAT_4_DUTY=0
HEAT_4_SP=-20.0
MOTOR_ANGLE=0.008372093023255813
MOTOR_ACCUM=2.1013953488372095
MOTOR_ROT=4

[22:44:59.331 EBOX]
TS=1786207227.381
V_SENSE5=0.82763671875
V_SENSE9=0.05615234375
V_SENSE12=0.13427734375
ADC_V5=5.02685546875
ADC_V9=9.0802001953125
ADC_V12=11.8768310546875
ADC_V28=27.78045654296875
THERMAL_SENS_OUT_1=32
THERMAL_SENS_OUT_2=-50
THERMAL_SENS_OUT_3=30
THERMAL_SENS_OUT_4=27
THERMAL_SENS_OUT_5=30
THERMAL_SENS_OUT_6=-50
THERMAL_SENS_INT_1=28
THERMAL_SENS_INT_2=29
PG_5=0
PG_9=0
PG_12=0
FLT_P2=0
FLT_P3=0
HEAT_1_TEMP=32
HEAT_1_DUTY=0
HEAT_1_SP=-20.0
HEAT_2_TEMP=30
HEAT_2_DUTY=0
HEAT_2_SP=-20.0
HEAT_3_TEMP=27
HEAT_3_DUTY=0
HEAT_3_SP=-20.0
HEAT_4_TEMP=30
HEAT_4_DUTY=0
HEAT_4_SP=-20.0
MOTOR_ANGLE=0.008372093023255813
MOTOR_ACCUM=2.1013953488372095
MOTOR_ROT=4

[22:44:59.861 EBOX]
TS=1786207227.885
V_SENSE5=0.93505859375
V_SENSE9=0.03662109375
V_SENSE12=0.126953125
ADC_V5=4.98260498046875
ADC_V9=8.956298828125
ADC_V12=11.4166259765625
ADC_V28=28.001708984375
THERMAL_SENS_OUT_1=34
THERMAL_SENS_OUT_2=-50
THERMAL_SENS_OUT_3=29
THERMAL_SENS_OUT_4=26
THERMAL_SENS_OUT_5=28
THERMAL_SENS_OUT_6=-50
THERMAL_SENS_INT_1=25
THERMAL_SENS_INT_2=31
PG_5=0
PG_9=0
PG_12=0
FLT_P2=0
FLT_P3=0
HEAT_1_TEMP=34
HEAT_1_DUTY=0
HEAT_1_SP=-20.0
HEAT_2_TEMP=29
HEAT_2_DUTY=0
HEAT_2_SP=-20.0
HEAT_3_TEMP=26
HEAT_3_DUTY=0
HEAT_3_SP=-20.0
HEAT_4_TEMP=28
HEAT_4_DUTY=0
HEAT_4_SP=-20.0
MOTOR_ANGLE=0.008372093023255813
MOTOR_ACCUM=2.1013953488372095
MOTOR_ROT=4

[22:45:00.390 EBOX]
TS=1786207228.386
V_SENSE5=0.83251953125
V_SENSE9=0.05615234375
V_SENSE12=0.1220703125
ADC_V5=4.9029541015625
ADC_V9=9.44305419921875
ADC_V12=11.717529296875
ADC_V28=26.89544677734375
THERMAL_SENS_OUT_1=34
THERMAL_SENS_OUT_2=-50
THERMAL_SENS_OUT_3=30
THERMAL_SENS_OUT_4=31
THERMAL_SENS_OUT_5=33
THERMAL_SENS_OUT_6=-50
THERMAL_SENS_INT_1=27
THERMAL_SENS_INT_2=28
PG_5=0
PG_9=0
PG_12=0
FLT_P2=0
FLT_P3=0
HEAT_1_TEMP=34
HEAT_1_DUTY=0
HEAT_1_SP=-20.0
HEAT_2_TEMP=30
HEAT_2_DUTY=0
HEAT_2_SP=-20.0
HEAT_3_TEMP=31
HEAT_3_DUTY=0
HEAT_3_SP=-20.0
HEAT_4_TEMP=33
HEAT_4_DUTY=0
HEAT_4_SP=-20.0
MOTOR_ANGLE=0.008372093023255813
MOTOR_ACCUM=2.1013953488372095
MOTOR_ROT=4

[22:45:01.025 EBOX]
TS=1786207228.888
V_SENSE5=0.8447265625
V_SENSE9=0.0390625
V_SENSE12=0.1416015625
ADC_V5=4.80560302734375
ADC_V9=9.239501953125
ADC_V12=11.7706298828125
ADC_V28=27.42645263671875
THERMAL_SENS_OUT_1=32
THERMAL_SENS_OUT_2=-50
THERMAL_SENS_OUT_3=30
THERMAL_SENS_OUT_4=27
THERMAL_SENS_OUT_5=26
THERMAL_SENS_OUT_6=-50
THERMAL_SENS_INT_1=25
THERMAL_SENS_INT_2=27
PG_5=0
PG_9=0
PG_12=0
FLT_P2=0
FLT_P3=0
HEAT_1_TEMP=32
HEAT_1_DUTY=0
HEAT_1_SP=-20.0
HEAT_2_TEMP=30
HEAT_2_DUTY=0
HEAT_2_SP=-20.0
HEAT_3_TEMP=27
HEAT_3_DUTY=0
HEAT_3_SP=-20.0
HEAT_4_TEMP=26
HEAT_4_DUTY=0
HEAT_4_SP=-20.0
MOTOR_ANGLE=0.008372093023255813
MOTOR_ACCUM=2.1013953488372095
MOTOR_ROT=4

[22:45:01.351 EBOX]
TS=1786207229.389
V_SENSE5=0.84228515625
V_SENSE9=0.0341796875
V_SENSE12=0.17333984375
ADC_V5=4.9737548828125
ADC_V9=9.05364990234375
ADC_V12=11.89453125
ADC_V28=27.8424072265625
THERMAL_SENS_OUT_1=28
THERMAL_SENS_OUT_2=-50
THERMAL_SENS_OUT_3=27
THERMAL_SENS_OUT_4=28
THERMAL_SENS_OUT_5=30
THERMAL_SENS_OUT_6=-50
THERMAL_SENS_INT_1=29
THERMAL_SENS_INT_2=33
PG_5=0
PG_9=0
PG_12=0
FLT_P2=0
FLT_P3=0
HEAT_1_TEMP=28
HEAT_1_DUTY=0
HEAT_1_SP=-20.0
HEAT_2_TEMP=27
HEAT_2_DUTY=0
HEAT_2_SP=-20.0
HEAT_3_TEMP=28
HEAT_3_DUTY=0
HEAT_3_SP=-20.0
HEAT_4_TEMP=30
HEAT_4_DUTY=0
HEAT_4_SP=-20.0
MOTOR_ANGLE=0.008372093023255813
MOTOR_ACCUM=2.1013953488372095
MOTOR_ROT=4

[22:45:01.877 EBOX]
TS=1786207229.893
V_SENSE5=0.810546875
V_SENSE9=0.0341796875
V_SENSE12=0.13916015625
ADC_V5=4.920654296875
ADC_V9=9.2926025390625
ADC_V12=11.7529296875
ADC_V28=26.9927978515625
THERMAL_SENS_OUT_1=33
THERMAL_SENS_OUT_2=-50
THERMAL_SENS_OUT_3=26
THERMAL_SENS_OUT_4=27
THERMAL_SENS_OUT_5=28
THERMAL_SENS_OUT_6=-50
THERMAL_SENS_INT_1=26
THERMAL_SENS_INT_2=29
PG_5=0
PG_9=0
PG_12=0
FLT_P2=0
FLT_P3=0
HEAT_1_TEMP=33
HEAT_1_DUTY=0
HEAT_1_SP=-20.0
HEAT_2_TEMP=26
HEAT_2_DUTY=0
HEAT_2_SP=-20.0
HEAT_3_TEMP=27
HEAT_3_DUTY=0
HEAT_3_SP=-20.0
HEAT_4_TEMP=28
HEAT_4_DUTY=0
HEAT_4_SP=-20.0
MOTOR_ANGLE=0.008372093023255813
MOTOR_ACCUM=2.1013953488372095
MOTOR_ROT=4

[22:45:02.404 EBOX]
TS=1786207230.391
V_SENSE5=0.8544921875
V_SENSE9=0.0341796875
V_SENSE12=0.107421875
ADC_V5=5.23040771484375
ADC_V9=8.9385986328125
ADC_V12=11.79718017578125
ADC_V28=28.1787109375
THERMAL_SENS_OUT_1=30
THERMAL_SENS_OUT_2=-50
THERMAL_SENS_OUT_3=33
THERMAL_SENS_OUT_4=27
THERMAL_SENS_OUT_5=33
THERMAL_SENS_OUT_6=-50
THERMAL_SENS_INT_1=25
THERMAL_SENS_INT_2=29
PG_5=0
PG_9=0
PG_12=0
FLT_P2=0
FLT_P3=0
HEAT_1_TEMP=30
HEAT_1_DUTY=0
HEAT_1_SP=-20.0
HEAT_2_TEMP=33
HEAT_2_DUTY=0
HEAT_2_SP=-20.0
HEAT_3_TEMP=27
HEAT_3_DUTY=0
HEAT_3_SP=-20.0
HEAT_4_TEMP=33
HEAT_4_DUTY=0
HEAT_4_SP=-20.0
MOTOR_ANGLE=0.008372093023255813
MOTOR_ACCUM=2.1013953488372095
MOTOR_ROT=4

[22:45:02.929 EBOX]
TS=1786207230.893
V_SENSE5=0.83251953125
V_SENSE9=0.03662109375
V_SENSE12=0.1318359375
ADC_V5=4.920654296875
ADC_V9=9.58465576171875
ADC_V12=11.4166259765625
ADC_V28=27.39990234375
THERMAL_SENS_OUT_1=31
THERMAL_SENS_OUT_2=-50
THERMAL_SENS_OUT_3=30
THERMAL_SENS_OUT_4=28
THERMAL_SENS_OUT_5=28
THERMAL_SENS_OUT_6=-50
THERMAL_SENS_INT_1=27
THERMAL_SENS_INT_2=32
PG_5=0
PG_9=0
PG_12=0
FLT_P2=0
FLT_P3=0
HEAT_1_TEMP=31
HEAT_1_DUTY=0
HEAT_1_SP=-20.0
HEAT_2_TEMP=30
HEAT_2_DUTY=0
HEAT_2_SP=-20.0
HEAT_3_TEMP=28
HEAT_3_DUTY=0
HEAT_3_SP=-20.0
HEAT_4_TEMP=28
HEAT_4_DUTY=0
HEAT_4_SP=-20.0
MOTOR_ANGLE=0.008372093023255813
MOTOR_ACCUM=2.1013953488372095
MOTOR_ROT=4

[22:45:03.354 EBOX]
TS=1786207231.394
V_SENSE5=0.87646484375
V_SENSE9=0.0341796875
V_SENSE12=0.1416015625
ADC_V5=5.08880615234375
ADC_V9=8.92974853515625
ADC_V12=11.7352294921875
ADC_V28=27.1875
THERMAL_SENS_OUT_1=30
THERMAL_SENS_OUT_2=-50
THERMAL_SENS_OUT_3=30
THERMAL_SENS_OUT_4=28
THERMAL_SENS_OUT_5=32
THERMAL_SENS_OUT_6=-50
THERMAL_SENS_INT_1=32
THERMAL_SENS_INT_2=29
PG_5=0
PG_9=0
PG_12=0
FLT_P2=0
FLT_P3=0
HEAT_1_TEMP=30
HEAT_1_DUTY=0
HEAT_1_SP=-20.0
HEAT_2_TEMP=30
HEAT_2_DUTY=0
HEAT_2_SP=-20.0
HEAT_3_TEMP=28
HEAT_3_DUTY=0
HEAT_3_SP=-20.0
HEAT_4_TEMP=32
HEAT_4_DUTY=0
HEAT_4_SP=-20.0
MOTOR_ANGLE=0.008372093023255813
MOTOR_ACCUM=2.1013953488372095
MOTOR_ROT=4

[22:45:03.882 EBOX]
TS=1786207231.899
V_SENSE5=0.86181640625
V_SENSE9=0.0341796875
V_SENSE12=0.12451171875
ADC_V5=4.98260498046875
ADC_V9=8.956298828125
ADC_V12=11.95648193359375
ADC_V28=27.05474853515625
THERMAL_SENS_OUT_1=30
THERMAL_SENS_OUT_2=-50
THERMAL_SENS_OUT_3=29
THERMAL_SENS_OUT_4=25
THERMAL_SENS_OUT_5=27
THERMAL_SENS_OUT_6=-50
THERMAL_SENS_INT_1=29
THERMAL_SENS_INT_2=27
PG_5=0
PG_9=0
PG_12=0
FLT_P2=0
FLT_P3=0
HEAT_1_TEMP=30
HEAT_1_DUTY=0
HEAT_1_SP=-20.0
HEAT_2_TEMP=29
HEAT_2_DUTY=0
HEAT_2_SP=-20.0
HEAT_3_TEMP=25
HEAT_3_DUTY=0
HEAT_3_SP=-20.0
HEAT_4_TEMP=27
HEAT_4_DUTY=0
HEAT_4_SP=-20.0
MOTOR_ANGLE=0.008372093023255813
MOTOR_ACCUM=2.1013953488372095
MOTOR_ROT=4

[22:45:04.408 EBOX]
TS=1786207232.400
V_SENSE5=0.849609375
V_SENSE9=0.07568359375
V_SENSE12=0.107421875
ADC_V5=4.9560546875
ADC_V9=9.2572021484375
ADC_V12=11.99188232421875
ADC_V28=28.143310546875
THERMAL_SENS_OUT_1=28
THERMAL_SENS_OUT_2=-50
THERMAL_SENS_OUT_3=29
THERMAL_SENS_OUT_4=30
THERMAL_SENS_OUT_5=28
THERMAL_SENS_OUT_6=-50
THERMAL_SENS_INT_1=32
THERMAL_SENS_INT_2=33
PG_5=0
PG_9=0
PG_12=0
FLT_P2=0
FLT_P3=0
HEAT_1_TEMP=28
HEAT_1_DUTY=0
HEAT_1_SP=-20.0
HEAT_2_TEMP=29
HEAT_2_DUTY=0
HEAT_2_SP=-20.0
HEAT_3_TEMP=30
HEAT_3_DUTY=0
HEAT_3_SP=-20.0
HEAT_4_TEMP=28
HEAT_4_DUTY=0
HEAT_4_SP=-20.0
MOTOR_ANGLE=0.008372093023255813
MOTOR_ACCUM=2.1013953488372095
MOTOR_ROT=4

[22:45:04.935 EBOX]
TS=1786207232.902
V_SENSE5=0.87646484375
V_SENSE9=0.0390625
V_SENSE12=0.1220703125
ADC_V5=4.96490478515625
ADC_V9=9.12445068359375
ADC_V12=11.72637939453125
ADC_V28=27.010498046875
THERMAL_SENS_OUT_1=29
THERMAL_SENS_OUT_2=-50
THERMAL_SENS_OUT_3=30
THERMAL_SENS_OUT_4=28
THERMAL_SENS_OUT_5=30
THERMAL_SENS_OUT_6=-50
THERMAL_SENS_INT_1=28
THERMAL_SENS_INT_2=27
PG_5=0
PG_9=0
PG_12=0
FLT_P2=0
FLT_P3=0
HEAT_1_TEMP=29
HEAT_1_DUTY=0
HEAT_1_SP=-20.0
HEAT_2_TEMP=30
HEAT_2_DUTY=0
HEAT_2_SP=-20.0
HEAT_3_TEMP=28
HEAT_3_DUTY=0
HEAT_3_SP=-20.0
HEAT_4_TEMP=30
HEAT_4_DUTY=0
HEAT_4_SP=-20.0
MOTOR_ANGLE=0.008372093023255813
MOTOR_ACCUM=2.1013953488372095
MOTOR_ROT=4

[22:45:05.359 EBOX]
TS=1786207233.402
V_SENSE5=0.83984375
V_SENSE9=0.03662109375
V_SENSE12=0.1220703125
ADC_V5=5.01800537109375
ADC_V9=9.0447998046875
ADC_V12=11.611328125
ADC_V28=27.60345458984375
THERMAL_SENS_OUT_1=34
THERMAL_SENS_OUT_2=-50
THERMAL_SENS_OUT_3=29
THERMAL_SENS_OUT_4=32
THERMAL_SENS_OUT_5=30
THERMAL_SENS_OUT_6=-50
THERMAL_SENS_INT_1=33
THERMAL_SENS_INT_2=29
PG_5=0
PG_9=0
PG_12=0
FLT_P2=0
FLT_P3=0
HEAT_1_TEMP=34
HEAT_1_DUTY=0
HEAT_1_SP=-20.0
HEAT_2_TEMP=29
HEAT_2_DUTY=0
HEAT_2_SP=-20.0
HEAT_3_TEMP=32
HEAT_3_DUTY=0
HEAT_3_SP=-20.0
HEAT_4_TEMP=30
HEAT_4_DUTY=0
HEAT_4_SP=-20.0
MOTOR_ANGLE=0.008372093023255813
MOTOR_ACCUM=2.1013953488372095
MOTOR_ROT=4

[22:45:05.886 EBOX]
TS=1786207233.906
V_SENSE5=0.8056640625
V_SENSE9=0.0341796875
V_SENSE12=0.1171875
ADC_V5=5.00030517578125
ADC_V9=9.14215087890625
ADC_V12=11.646728515625
ADC_V28=27.470703125
THERMAL_SENS_OUT_1=29
THERMAL_SENS_OUT_2=-50
THERMAL_SENS_OUT_3=27
THERMAL_SENS_OUT_4=27
THERMAL_SENS_OUT_5=28
THERMAL_SENS_OUT_6=-50
THERMAL_SENS_INT_1=26
THERMAL_SENS_INT_2=29
PG_5=0
PG_9=0
PG_12=0
FLT_P2=0
FLT_P3=0
HEAT_1_TEMP=29
HEAT_1_DUTY=0
HEAT_1_SP=-20.0
HEAT_2_TEMP=27
HEAT_2_DUTY=0
HEAT_2_SP=-20.0
HEAT_3_TEMP=27
HEAT_3_DUTY=0
HEAT_3_SP=-20.0
HEAT_4_TEMP=28
HEAT_4_DUTY=0
HEAT_4_SP=-20.0
MOTOR_ANGLE=0.008372093023255813
MOTOR_ACCUM=2.1013953488372095
MOTOR_ROT=4

[22:45:06.412 EBOX]
TS=1786207234.410
V_SENSE5=0.83984375
V_SENSE9=0.0390625
V_SENSE12=0.10009765625
ADC_V5=4.96490478515625
ADC_V9=9.54925537109375
ADC_V12=11.92108154296875
ADC_V28=27.49725341796875
THERMAL_SENS_OUT_1=33
THERMAL_SENS_OUT_2=-50
THERMAL_SENS_OUT_3=33
THERMAL_SENS_OUT_4=33
THERMAL_SENS_OUT_5=27
THERMAL_SENS_OUT_6=-50
THERMAL_SENS_INT_1=26
THERMAL_SENS_INT_2=28
PG_5=0
PG_9=0
PG_12=0
FLT_P2=0
FLT_P3=0
HEAT_1_TEMP=33
HEAT_1_DUTY=0
HEAT_1_SP=-20.0
HEAT_2_TEMP=33
HEAT_2_DUTY=0
HEAT_2_SP=-20.0
HEAT_3_TEMP=33
HEAT_3_DUTY=0
HEAT_3_SP=-20.0
HEAT_4_TEMP=27
HEAT_4_DUTY=0
HEAT_4_SP=-20.0
MOTOR_ANGLE=0.008372093023255813
MOTOR_ACCUM=2.1013953488372095
MOTOR_ROT=4

[22:45:07.240 EBOX]
TS=1786207234.907
V_SENSE5=0.84716796875
V_SENSE9=0.0390625
V_SENSE12=0.13427734375
ADC_V5=4.9383544921875
ADC_V9=9.1864013671875
ADC_V12=11.8060302734375
ADC_V28=26.9573974609375
THERMAL_SENS_OUT_1=33
THERMAL_SENS_OUT_2=-50
THERMAL_SENS_OUT_3=27
THERMAL_SENS_OUT_4=30
THERMAL_SENS_OUT_5=26
THERMAL_SENS_OUT_6=-50
THERMAL_SENS_INT_1=25
THERMAL_SENS_INT_2=28
PG_5=0
PG_9=0
PG_12=0
FLT_P2=0
FLT_P3=0
HEAT_1_TEMP=33
HEAT_1_DUTY=0
HEAT_1_SP=-20.0
HEAT_2_TEMP=27
HEAT_2_DUTY=0
HEAT_2_SP=-20.0
HEAT_3_TEMP=30
HEAT_3_DUTY=0
HEAT_3_SP=-20.0
HEAT_4_TEMP=26
HEAT_4_DUTY=0
HEAT_4_SP=-20.0
MOTOR_ANGLE=0.008372093023255813
MOTOR_ACCUM=2.1013953488372095
MOTOR_ROT=4

[22:45:07.767 EBOX]
TS=1786207235.409
V_SENSE5=0.7861328125
V_SENSE9=0.04150390625
V_SENSE12=0.1416015625
ADC_V5=5.00030517578125
ADC_V9=9.24835205078125
ADC_V12=11.88568115234375
ADC_V28=27.97515869140625
THERMAL_SENS_OUT_1=34
THERMAL_SENS_OUT_2=-50
THERMAL_SENS_OUT_3=27
THERMAL_SENS_OUT_4=33
THERMAL_SENS_OUT_5=29
THERMAL_SENS_OUT_6=-50
THERMAL_SENS_INT_1=27
THERMAL_SENS_INT_2=33
PG_5=0
PG_9=0
PG_12=0
FLT_P2=0
FLT_P3=0
HEAT_1_TEMP=34
HEAT_1_DUTY=0
HEAT_1_SP=-20.0
HEAT_2_TEMP=27
HEAT_2_DUTY=0
HEAT_2_SP=-20.0
HEAT_3_TEMP=33
HEAT_3_DUTY=0
HEAT_3_SP=-20.0
HEAT_4_TEMP=29
HEAT_4_DUTY=0
HEAT_4_SP=-20.0
MOTOR_ANGLE=0.008372093023255813
MOTOR_ACCUM=2.1013953488372095
MOTOR_ROT=4

[22:45:07.894 EBOX]
TS=1786207235.911
V_SENSE5=0.86669921875
V_SENSE9=0.0390625
V_SENSE12=0.1318359375
ADC_V5=4.920654296875
ADC_V9=9.0447998046875
ADC_V12=11.717529296875
ADC_V28=27.9486083984375
THERMAL_SENS_OUT_1=31
THERMAL_SENS_OUT_2=-50
THERMAL_SENS_OUT_3=27
THERMAL_SENS_OUT_4=29
THERMAL_SENS_OUT_5=29
THERMAL_SENS_OUT_6=-50
THERMAL_SENS_INT_1=32
THERMAL_SENS_INT_2=31
PG_5=0
PG_9=0
PG_12=0
FLT_P2=0
FLT_P3=0
HEAT_1_TEMP=31
HEAT_1_DUTY=0
HEAT_1_SP=-20.0
HEAT_2_TEMP=27
HEAT_2_DUTY=0
HEAT_2_SP=-20.0
HEAT_3_TEMP=29
HEAT_3_DUTY=0
HEAT_3_SP=-20.0
HEAT_4_TEMP=29
HEAT_4_DUTY=0
HEAT_4_SP=-20.0
MOTOR_ANGLE=0.008372093023255813
MOTOR_ACCUM=2.1013953488372095
MOTOR_ROT=4

[22:45:08.720 EBOX]
TS=1786207236.412
V_SENSE5=0.8642578125
V_SENSE9=0.03173828125
V_SENSE12=0.13671875
ADC_V5=4.9737548828125
ADC_V9=9.1510009765625
ADC_V12=11.77947998046875
ADC_V28=26.9573974609375
THERMAL_SENS_OUT_1=28
THERMAL_SENS_OUT_2=-50
THERMAL_SENS_OUT_3=26
THERMAL_SENS_OUT_4=29
THERMAL_SENS_OUT_5=28
THERMAL_SENS_OUT_6=-50
THERMAL_SENS_INT_1=29
THERMAL_SENS_INT_2=27
PG_5=0
PG_9=0
PG_12=0
FLT_P2=0
FLT_P3=0
HEAT_1_TEMP=28
HEAT_1_DUTY=0
HEAT_1_SP=-20.0
HEAT_2_TEMP=26
HEAT_2_DUTY=0
HEAT_2_SP=-20.0
HEAT_3_TEMP=29
HEAT_3_DUTY=0
HEAT_3_SP=-20.0
HEAT_4_TEMP=28
HEAT_4_DUTY=0
HEAT_4_SP=-20.0
MOTOR_ANGLE=0.008372093023255813
MOTOR_ACCUM=2.1013953488372095
MOTOR_ROT=4

[22:45:09.249 EBOX]
TS=1786207236.915
V_SENSE5=0.8447265625
V_SENSE9=0.03173828125
V_SENSE12=0.11962890625
ADC_V5=4.9737548828125
ADC_V9=9.4696044921875
ADC_V12=12.02728271484375
ADC_V28=28.072509765625
THERMAL_SENS_OUT_1=31
THERMAL_SENS_OUT_2=-50
THERMAL_SENS_OUT_3=30
THERMAL_SENS_OUT_4=27
THERMAL_SENS_OUT_5=32
THERMAL_SENS_OUT_6=-50
THERMAL_SENS_INT_1=25
THERMAL_SENS_INT_2=27
PG_5=0
PG_9=0
PG_12=0
FLT_P2=0
FLT_P3=0
HEAT_1_TEMP=31
HEAT_1_DUTY=0
HEAT_1_SP=-20.0
HEAT_2_TEMP=30
HEAT_2_DUTY=0
HEAT_2_SP=-20.0
HEAT_3_TEMP=27
HEAT_3_DUTY=0
HEAT_3_SP=-20.0
HEAT_4_TEMP=32
HEAT_4_DUTY=0
HEAT_4_SP=-20.0
MOTOR_ANGLE=0.008372093023255813
MOTOR_ACCUM=2.1013953488372095
MOTOR_ROT=4

[22:45:09.985 EBOX]
TS=1786207237.419
V_SENSE5=0.8251953125
V_SENSE9=0.06103515625
V_SENSE12=0.1416015625
ADC_V5=4.94720458984375
ADC_V9=9.40765380859375
ADC_V12=11.72637939453125
ADC_V28=26.904296875
THERMAL_SENS_OUT_1=31
THERMAL_SENS_OUT_2=-50
THERMAL_SENS_OUT_3=27
THERMAL_SENS_OUT_4=26
THERMAL_SENS_OUT_5=29
THERMAL_SENS_OUT_6=-50
THERMAL_SENS_INT_1=31
THERMAL_SENS_INT_2=31
PG_5=0
PG_9=0
PG_12=0
FLT_P2=0
FLT_P3=0
HEAT_1_TEMP=31
HEAT_1_DUTY=0
HEAT_1_SP=-20.0
HEAT_2_TEMP=27
HEAT_2_DUTY=0
HEAT_2_SP=-20.0
HEAT_3_TEMP=26
HEAT_3_DUTY=0
HEAT_3_SP=-20.0
HEAT_4_TEMP=29
HEAT_4_DUTY=0
HEAT_4_SP=-20.0
MOTOR_ANGLE=0.008372093023255813
MOTOR_ACCUM=2.1013953488372095
MOTOR_ROT=4

[22:45:10.109 EBOX]
TS=1786207237.921
V_SENSE5=0.8203125
V_SENSE9=0.04150390625
V_SENSE12=0.1416015625
ADC_V5=4.9029541015625
ADC_V9=9.097900390625
ADC_V12=11.83258056640625
ADC_V28=27.67425537109375
THERMAL_SENS_OUT_1=32
THERMAL_SENS_OUT_2=-50
THERMAL_SENS_OUT_3=28
THERMAL_SENS_OUT_4=29
THERMAL_SENS_OUT_5=27
THERMAL_SENS_OUT_6=-50
THERMAL_SENS_INT_1=29
THERMAL_SENS_INT_2=32
PG_5=0
PG_9=0
PG_12=0
FLT_P2=0
FLT_P3=0
HEAT_1_TEMP=32
HEAT_1_DUTY=0
HEAT_1_SP=-20.0
HEAT_2_TEMP=28
HEAT_2_DUTY=0
HEAT_2_SP=-20.0
HEAT_3_TEMP=29
HEAT_3_DUTY=0
HEAT_3_SP=-20.0
HEAT_4_TEMP=27
HEAT_4_DUTY=0
HEAT_4_SP=-20.0
MOTOR_ANGLE=0.008372093023255813
MOTOR_ACCUM=2.1013953488372095
MOTOR_ROT=4

[22:45:10.433 EBOX]
TS=1786207238.423
V_SENSE5=0.9033203125
V_SENSE9=0.0390625
V_SENSE12=0.11474609375
ADC_V5=4.8321533203125
ADC_V9=9.27490234375
ADC_V12=11.7352294921875
ADC_V28=26.93084716796875
THERMAL_SENS_OUT_1=25
THERMAL_SENS_OUT_2=-50
THERMAL_SENS_OUT_3=28
THERMAL_SENS_OUT_4=26
THERMAL_SENS_OUT_5=28
THERMAL_SENS_OUT_6=-50
THERMAL_SENS_INT_1=27
THERMAL_SENS_INT_2=28
PG_5=0
PG_9=0
PG_12=0
FLT_P2=0
FLT_P3=0
HEAT_1_TEMP=25
HEAT_1_DUTY=0
HEAT_1_SP=-20.0
HEAT_2_TEMP=28
HEAT_2_DUTY=0
HEAT_2_SP=-20.0
HEAT_3_TEMP=26
HEAT_3_DUTY=0
HEAT_3_SP=-20.0
HEAT_4_TEMP=28
HEAT_4_DUTY=0
HEAT_4_SP=-20.0
MOTOR_ANGLE=0.008372093023255813
MOTOR_ACCUM=2.1013953488372095
MOTOR_ROT=4

[22:45:11.161 EBOX]
TS=1786207238.926
V_SENSE5=1.01318359375
V_SENSE9=0.0341796875
V_SENSE12=0.1025390625
ADC_V5=5.02685546875
ADC_V9=8.96514892578125
ADC_V12=11.4520263671875
ADC_V28=27.83355712890625
THERMAL_SENS_OUT_1=33
THERMAL_SENS_OUT_2=-50
THERMAL_SENS_OUT_3=28
THERMAL_SENS_OUT_4=30
THERMAL_SENS_OUT_5=32
THERMAL_SENS_OUT_6=-50
THERMAL_SENS_INT_1=27
THERMAL_SENS_INT_2=27
PG_5=0
PG_9=0
PG_12=0
FLT_P2=0
FLT_P3=0
HEAT_1_TEMP=33
HEAT_1_DUTY=0
HEAT_1_SP=-20.0
HEAT_2_TEMP=28
HEAT_2_DUTY=0
HEAT_2_SP=-20.0
HEAT_3_TEMP=30
HEAT_3_DUTY=0
HEAT_3_SP=-20.0
HEAT_4_TEMP=32
HEAT_4_DUTY=0
HEAT_4_SP=-20.0
MOTOR_ANGLE=0.008372093023255813
MOTOR_ACCUM=2.1013953488372095
MOTOR_ROT=4

[22:45:11.487 EBOX]
TS=1786207239.426
V_SENSE5=0.93505859375
V_SENSE9=0.0390625
V_SENSE12=0.11962890625
ADC_V5=4.9383544921875
ADC_V9=9.027099609375
ADC_V12=11.89453125
ADC_V28=27.93975830078125
THERMAL_SENS_OUT_1=28
THERMAL_SENS_OUT_2=-50
THERMAL_SENS_OUT_3=27
THERMAL_SENS_OUT_4=25
THERMAL_SENS_OUT_5=32
THERMAL_SENS_OUT_6=-50
THERMAL_SENS_INT_1=29
THERMAL_SENS_INT_2=27
PG_5=0
PG_9=0
PG_12=0
FLT_P2=0
FLT_P3=0
HEAT_1_TEMP=28
HEAT_1_DUTY=0
HEAT_1_SP=-20.0
HEAT_2_TEMP=27
HEAT_2_DUTY=0
HEAT_2_SP=-20.0
HEAT_3_TEMP=25
HEAT_3_DUTY=0
HEAT_3_SP=-20.0
HEAT_4_TEMP=32
HEAT_4_DUTY=0
HEAT_4_SP=-20.0
MOTOR_ANGLE=0.008372093023255813
MOTOR_ACCUM=2.1013953488372095
MOTOR_ROT=4

[22:45:11.914 EBOX]
TS=1786207239.929
V_SENSE5=0.87890625
V_SENSE9=0.03662109375
V_SENSE12=0.10986328125
ADC_V5=4.8321533203125
ADC_V9=9.1156005859375
ADC_V12=11.44317626953125
ADC_V28=27.8070068359375
THERMAL_SENS_OUT_1=35
THERMAL_SENS_OUT_2=-50
THERMAL_SENS_OUT_3=28
THERMAL_SENS_OUT_4=27
THERMAL_SENS_OUT_5=28
THERMAL_SENS_OUT_6=-50
THERMAL_SENS_INT_1=31
THERMAL_SENS_INT_2=27
PG_5=0
PG_9=0
PG_12=0
FLT_P2=0
FLT_P3=0
HEAT_1_TEMP=35
HEAT_1_DUTY=0
HEAT_1_SP=-20.0
HEAT_2_TEMP=28
HEAT_2_DUTY=0
HEAT_2_SP=-20.0
HEAT_3_TEMP=27
HEAT_3_DUTY=0
HEAT_3_SP=-20.0
HEAT_4_TEMP=28
HEAT_4_DUTY=0
HEAT_4_SP=-20.0
MOTOR_ANGLE=0.008372093023255813
MOTOR_ACCUM=2.1013953488372095
MOTOR_ROT=4

[22:45:12.442 EBOX]
TS=1786207240.428
V_SENSE5=0.8447265625
V_SENSE9=0.0390625
V_SENSE12=0.12939453125
ADC_V5=4.8675537109375
ADC_V9=9.51385498046875
ADC_V12=11.4697265625
ADC_V28=28.09906005859375
THERMAL_SENS_OUT_1=31
THERMAL_SENS_OUT_2=-50
THERMAL_SENS_OUT_3=31
THERMAL_SENS_OUT_4=26
THERMAL_SENS_OUT_5=29
THERMAL_SENS_OUT_6=-50
THERMAL_SENS_INT_1=28
THERMAL_SENS_INT_2=33
PG_5=0
PG_9=0
PG_12=0
FLT_P2=0
FLT_P3=0
HEAT_1_TEMP=31
HEAT_1_DUTY=0
HEAT_1_SP=-20.0
HEAT_2_TEMP=31
HEAT_2_DUTY=0
HEAT_2_SP=-20.0
HEAT_3_TEMP=26
HEAT_3_DUTY=0
HEAT_3_SP=-20.0
HEAT_4_TEMP=29
HEAT_4_DUTY=0
HEAT_4_SP=-20.0
MOTOR_ANGLE=0.008372093023255813
MOTOR_ACCUM=2.1013953488372095
MOTOR_ROT=4

[22:45:12.974 EBOX]
TS=1786207240.932
V_SENSE5=0.869140625
V_SENSE9=0.0341796875
V_SENSE12=0.1171875
ADC_V5=4.9737548828125
ADC_V9=9.3634033203125
ADC_V12=11.7706298828125
ADC_V28=28.09906005859375
THERMAL_SENS_OUT_1=28
THERMAL_SENS_OUT_2=-50
THERMAL_SENS_OUT_3=27
THERMAL_SENS_OUT_4=28
THERMAL_SENS_OUT_5=29
THERMAL_SENS_OUT_6=-50
THERMAL_SENS_INT_1=30
THERMAL_SENS_INT_2=32
PG_5=0
PG_9=0
PG_12=0
FLT_P2=0
FLT_P3=0
HEAT_1_TEMP=28
HEAT_1_DUTY=0
HEAT_1_SP=-20.0
HEAT_2_TEMP=27
HEAT_2_DUTY=0
HEAT_2_SP=-20.0
HEAT_3_TEMP=28
HEAT_3_DUTY=0
HEAT_3_SP=-20.0
HEAT_4_TEMP=29
HEAT_4_DUTY=0
HEAT_4_SP=-20.0
MOTOR_ANGLE=0.008372093023255813
MOTOR_ACCUM=2.1013953488372095
MOTOR_ROT=4

[22:45:13.402 EBOX]
TS=1786207241.432
V_SENSE5=0.849609375
V_SENSE9=0.11474609375
V_SENSE12=0.1171875
ADC_V5=4.91180419921875
ADC_V9=9.12445068359375
ADC_V12=11.51397705078125
ADC_V28=27.53265380859375
THERMAL_SENS_OUT_1=27
THERMAL_SENS_OUT_2=-50
THERMAL_SENS_OUT_3=28
THERMAL_SENS_OUT_4=27
THERMAL_SENS_OUT_5=32
THERMAL_SENS_OUT_6=-50
THERMAL_SENS_INT_1=29
THERMAL_SENS_INT_2=28
PG_5=0
PG_9=0
PG_12=0
FLT_P2=0
FLT_P3=0
HEAT_1_TEMP=27
HEAT_1_DUTY=0
HEAT_1_SP=-20.0
HEAT_2_TEMP=28
HEAT_2_DUTY=0
HEAT_2_SP=-20.0
HEAT_3_TEMP=27
HEAT_3_DUTY=0
HEAT_3_SP=-20.0
HEAT_4_TEMP=32
HEAT_4_DUTY=0
HEAT_4_SP=-20.0
MOTOR_ANGLE=0.008372093023255813
MOTOR_ACCUM=2.1013953488372095
MOTOR_ROT=4

[22:45:13.931 EBOX]
TS=1786207241.935
V_SENSE5=0.8447265625
V_SENSE9=0.05615234375
V_SENSE12=0.12451171875
ADC_V5=4.91180419921875
ADC_V9=9.239501953125
ADC_V12=11.434326171875
ADC_V28=27.96630859375
THERMAL_SENS_OUT_1=29
THERMAL_SENS_OUT_2=-50
THERMAL_SENS_OUT_3=28
THERMAL_SENS_OUT_4=25
THERMAL_SENS_OUT_5=27
THERMAL_SENS_OUT_6=-50
THERMAL_SENS_INT_1=25
THERMAL_SENS_INT_2=29
PG_5=0
PG_9=0
PG_12=0
FLT_P2=0
FLT_P3=0
HEAT_1_TEMP=29
HEAT_1_DUTY=0
HEAT_1_SP=-20.0
HEAT_2_TEMP=28
HEAT_2_DUTY=0
HEAT_2_SP=-20.0
HEAT_3_TEMP=25
HEAT_3_DUTY=0
HEAT_3_SP=-20.0
HEAT_4_TEMP=27
HEAT_4_DUTY=0
HEAT_4_SP=-20.0
MOTOR_ANGLE=0.008372093023255813
MOTOR_ACCUM=2.1013953488372095
MOTOR_ROT=4

[22:45:14.457 EBOX]
TS=1786207242.438
V_SENSE5=0.859375
V_SENSE9=0.0341796875
V_SENSE12=0.126953125
ADC_V5=4.9560546875
ADC_V9=9.27490234375
ADC_V12=11.65557861328125
ADC_V28=26.96624755859375
THERMAL_SENS_OUT_1=29
THERMAL_SENS_OUT_2=-50
THERMAL_SENS_OUT_3=33
THERMAL_SENS_OUT_4=26
THERMAL_SENS_OUT_5=27
THERMAL_SENS_OUT_6=-50
THERMAL_SENS_INT_1=26
THERMAL_SENS_INT_2=27
PG_5=0
PG_9=0
PG_12=0
FLT_P2=0
FLT_P3=0
HEAT_1_TEMP=29
HEAT_1_DUTY=0
HEAT_1_SP=-20.0
HEAT_2_TEMP=33
HEAT_2_DUTY=0
HEAT_2_SP=-20.0
HEAT_3_TEMP=26
HEAT_3_DUTY=0
HEAT_3_SP=-20.0
HEAT_4_TEMP=27
HEAT_4_DUTY=0
HEAT_4_SP=-20.0
MOTOR_ANGLE=0.008372093023255813
MOTOR_ACCUM=2.1013953488372095
MOTOR_ROT=4

[22:45:15.487 EBOX]
TS=1786207242.940
V_SENSE5=0.8740234375
V_SENSE9=0.04638671875
V_SENSE12=0.10986328125
ADC_V5=5.23040771484375
ADC_V9=8.91204833984375
ADC_V12=11.54937744140625
ADC_V28=28.09906005859375
THERMAL_SENS_OUT_1=32
THERMAL_SENS_OUT_2=-50
THERMAL_SENS_OUT_3=27
THERMAL_SENS_OUT_4=28
THERMAL_SENS_OUT_5=29
THERMAL_SENS_OUT_6=-50
THERMAL_SENS_INT_1=29
THERMAL_SENS_INT_2=29
PG_5=0
PG_9=0
PG_12=0
FLT_P2=0
FLT_P3=0
HEAT_1_TEMP=32
HEAT_1_DUTY=0
HEAT_1_SP=-20.0
HEAT_2_TEMP=27
HEAT_2_DUTY=0
HEAT_2_SP=-20.0
HEAT_3_TEMP=28
HEAT_3_DUTY=0
HEAT_3_SP=-20.0
HEAT_4_TEMP=29
HEAT_4_DUTY=0
HEAT_4_SP=-20.0
MOTOR_ANGLE=0.008372093023255813
MOTOR_ACCUM=2.1013953488372095
MOTOR_ROT=4

[22:45:15.917 EBOX]
TS=1786207243.442
V_SENSE5=0.87158203125
V_SENSE9=0.0390625
V_SENSE12=0.14404296875
ADC_V5=4.8321533203125
ADC_V9=9.451904296875
ADC_V12=12.00958251953125
ADC_V28=28.09906005859375
THERMAL_SENS_OUT_1=27
THERMAL_SENS_OUT_2=-50
THERMAL_SENS_OUT_3=32
THERMAL_SENS_OUT_4=29
THERMAL_SENS_OUT_5=31
THERMAL_SENS_OUT_6=-50
THERMAL_SENS_INT_1=25
THERMAL_SENS_INT_2=28
PG_5=0
PG_9=0
PG_12=0
FLT_P2=0
FLT_P3=0
HEAT_1_TEMP=27
HEAT_1_DUTY=0
HEAT_1_SP=-20.0
HEAT_2_TEMP=32
HEAT_2_DUTY=0
HEAT_2_SP=-20.0
HEAT_3_TEMP=29
HEAT_3_DUTY=0
HEAT_3_SP=-20.0
HEAT_4_TEMP=31
HEAT_4_DUTY=0
HEAT_4_SP=-20.0
MOTOR_ANGLE=0.008372093023255813
MOTOR_ACCUM=2.1013953488372095
MOTOR_ROT=4

[22:45:16.048 EBOX]
TS=1786207243.941
V_SENSE5=0.86181640625
V_SENSE9=0.0390625
V_SENSE12=0.13671875
ADC_V5=5.05340576171875
ADC_V9=9.027099609375
ADC_V12=11.90338134765625
ADC_V28=27.435302734375
THERMAL_SENS_OUT_1=28
THERMAL_SENS_OUT_2=-50
THERMAL_SENS_OUT_3=29
THERMAL_SENS_OUT_4=26
THERMAL_SENS_OUT_5=32
THERMAL_SENS_OUT_6=-50
THERMAL_SENS_INT_1=29
THERMAL_SENS_INT_2=28
PG_5=0
PG_9=0
PG_12=0
FLT_P2=0
FLT_P3=0
HEAT_1_TEMP=28
HEAT_1_DUTY=0
HEAT_1_SP=-20.0
HEAT_2_TEMP=29
HEAT_2_DUTY=0
HEAT_2_SP=-20.0
HEAT_3_TEMP=26
HEAT_3_DUTY=0
HEAT_3_SP=-20.0
HEAT_4_TEMP=32
HEAT_4_DUTY=0
HEAT_4_SP=-20.0
MOTOR_ANGLE=0.008372093023255813
MOTOR_ACCUM=2.1013953488372095
MOTOR_ROT=4

[22:45:16.677 EBOX]
TS=1786207244.443
V_SENSE5=0.869140625
V_SENSE9=0.0390625
V_SENSE12=0.1318359375
ADC_V5=4.8321533203125
ADC_V9=9.4696044921875
ADC_V12=11.9476318359375
ADC_V28=27.58575439453125
THERMAL_SENS_OUT_1=27
THERMAL_SENS_OUT_2=-50
THERMAL_SENS_OUT_3=26
THERMAL_SENS_OUT_4=30
THERMAL_SENS_OUT_5=27
THERMAL_SENS_OUT_6=-50
THERMAL_SENS_INT_1=33
THERMAL_SENS_INT_2=30
PG_5=0
PG_9=0
PG_12=0
FLT_P2=0
FLT_P3=0
HEAT_1_TEMP=27
HEAT_1_DUTY=0
HEAT_1_SP=-20.0
HEAT_2_TEMP=26
HEAT_2_DUTY=0
HEAT_2_SP=-20.0
HEAT_3_TEMP=30
HEAT_3_DUTY=0
HEAT_3_SP=-20.0
HEAT_4_TEMP=27
HEAT_4_DUTY=0
HEAT_4_SP=-20.0
MOTOR_ANGLE=0.008372093023255813
MOTOR_ACCUM=2.1013953488372095
MOTOR_ROT=4

[22:45:16.901 EBOX]
TS=1786207244.944
V_SENSE5=0.8642578125
V_SENSE9=0.03662109375
V_SENSE12=0.1171875
ADC_V5=4.92950439453125
ADC_V9=9.40765380859375
ADC_V12=11.83258056640625
ADC_V28=27.0635986328125
THERMAL_SENS_OUT_1=30
THERMAL_SENS_OUT_2=-50
THERMAL_SENS_OUT_3=33
THERMAL_SENS_OUT_4=29
THERMAL_SENS_OUT_5=27
THERMAL_SENS_OUT_6=-50
THERMAL_SENS_INT_1=29
THERMAL_SENS_INT_2=28
PG_5=0
PG_9=0
PG_12=0
FLT_P2=0
FLT_P3=0
HEAT_1_TEMP=30
HEAT_1_DUTY=0
HEAT_1_SP=-20.0
HEAT_2_TEMP=33
HEAT_2_DUTY=0
HEAT_2_SP=-20.0
HEAT_3_TEMP=29
HEAT_3_DUTY=0
HEAT_3_SP=-20.0
HEAT_4_TEMP=27
HEAT_4_DUTY=0
HEAT_4_SP=-20.0
MOTOR_ANGLE=0.008372093023255813
MOTOR_ACCUM=2.1013953488372095
MOTOR_ROT=4

[22:45:17.433 EBOX]
TS=1786207245.446
V_SENSE5=0.86181640625
V_SENSE9=0.0390625
V_SENSE12=0.126953125
ADC_V5=4.92950439453125
ADC_V9=9.12445068359375
ADC_V12=11.60247802734375
ADC_V28=28.13446044921875
THERMAL_SENS_OUT_1=27
THERMAL_SENS_OUT_2=-50
THERMAL_SENS_OUT_3=33
THERMAL_SENS_OUT_4=27
THERMAL_SENS_OUT_5=33
THERMAL_SENS_OUT_6=-50
THERMAL_SENS_INT_1=25
THERMAL_SENS_INT_2=32
PG_5=0
PG_9=0
PG_12=0
FLT_P2=0
FLT_P3=0
HEAT_1_TEMP=27
HEAT_1_DUTY=0
HEAT_1_SP=-20.0
HEAT_2_TEMP=33
HEAT_2_DUTY=0
HEAT_2_SP=-20.0
HEAT_3_TEMP=27
HEAT_3_DUTY=0
HEAT_3_SP=-20.0
HEAT_4_TEMP=33
HEAT_4_DUTY=0
HEAT_4_SP=-20.0
MOTOR_ANGLE=0.008372093023255813
MOTOR_ACCUM=2.1013953488372095
MOTOR_ROT=4

[22:45:17.960 EBOX]
TS=1786207245.948
V_SENSE5=0.8203125
V_SENSE9=0.0390625
V_SENSE12=0.13427734375
ADC_V5=4.991455078125
ADC_V9=9.1864013671875
ADC_V12=11.70867919921875
ADC_V28=28.0548095703125
THERMAL_SENS_OUT_1=30
THERMAL_SENS_OUT_2=-50
THERMAL_SENS_OUT_3=26
THERMAL_SENS_OUT_4=32
THERMAL_SENS_OUT_5=29
THERMAL_SENS_OUT_6=-50
THERMAL_SENS_INT_1=28
THERMAL_SENS_INT_2=27
PG_5=0
PG_9=0
PG_12=0
FLT_P2=0
FLT_P3=0
HEAT_1_TEMP=30
HEAT_1_DUTY=0
HEAT_1_SP=-20.0
HEAT_2_TEMP=26
HEAT_2_DUTY=0
HEAT_2_SP=-20.0
HEAT_3_TEMP=32
HEAT_3_DUTY=0
HEAT_3_SP=-20.0
HEAT_4_TEMP=29
HEAT_4_DUTY=0
HEAT_4_SP=-20.0
MOTOR_ANGLE=0.008372093023255813
MOTOR_ACCUM=2.1013953488372095
MOTOR_ROT=4

[22:45:18.487 EBOX]
TS=1786207246.451
V_SENSE5=0.8447265625
V_SENSE9=0.0341796875
V_SENSE12=0.1318359375
ADC_V5=5.02685546875
ADC_V9=9.0625
ADC_V12=11.99188232421875
ADC_V28=27.79815673828125
THERMAL_SENS_OUT_1=34
THERMAL_SENS_OUT_2=-50
THERMAL_SENS_OUT_3=27
THERMAL_SENS_OUT_4=29
THERMAL_SENS_OUT_5=27
THERMAL_SENS_OUT_6=-50
THERMAL_SENS_INT_1=26
THERMAL_SENS_INT_2=30
PG_5=0
PG_9=0
PG_12=0
FLT_P2=0
FLT_P3=0
HEAT_1_TEMP=34
HEAT_1_DUTY=0
HEAT_1_SP=-20.0
HEAT_2_TEMP=27
HEAT_2_DUTY=0
HEAT_2_SP=-20.0
HEAT_3_TEMP=29
HEAT_3_DUTY=0
HEAT_3_SP=-20.0
HEAT_4_TEMP=27
HEAT_4_DUTY=0
HEAT_4_SP=-20.0
MOTOR_ANGLE=0.008372093023255813
MOTOR_ACCUM=2.1013953488372095
MOTOR_ROT=4

[22:45:18.927 EBOX]
TS=1786207246.953
V_SENSE5=0.8740234375
V_SENSE9=0.03662109375
V_SENSE12=0.107421875
ADC_V5=5.08880615234375
ADC_V9=9.00054931640625
ADC_V12=11.77947998046875
ADC_V28=27.58575439453125
THERMAL_SENS_OUT_1=34
THERMAL_SENS_OUT_2=-50
THERMAL_SENS_OUT_3=27
THERMAL_SENS_OUT_4=26
THERMAL_SENS_OUT_5=27
THERMAL_SENS_OUT_6=-50
THERMAL_SENS_INT_1=29
THERMAL_SENS_INT_2=27
PG_5=0
PG_9=0
PG_12=0
FLT_P2=0
FLT_P3=0
HEAT_1_TEMP=34
HEAT_1_DUTY=0
HEAT_1_SP=-20.0
HEAT_2_TEMP=27
HEAT_2_DUTY=0
HEAT_2_SP=-20.0
HEAT_3_TEMP=26
HEAT_3_DUTY=0
HEAT_3_SP=-20.0
HEAT_4_TEMP=27
HEAT_4_DUTY=0
HEAT_4_SP=-20.0
MOTOR_ANGLE=0.008372093023255813
MOTOR_ACCUM=2.1013953488372095
MOTOR_ROT=4

[22:45:19.754 EBOX]
TS=1786207247.457
V_SENSE5=0.86669921875
V_SENSE9=0.03662109375
V_SENSE12=0.1123046875
ADC_V5=4.87640380859375
ADC_V9=9.07135009765625
ADC_V12=11.86798095703125
ADC_V28=27.47955322265625
THERMAL_SENS_OUT_1=28
THERMAL_SENS_OUT_2=-50
THERMAL_SENS_OUT_3=33
THERMAL_SENS_OUT_4=29
THERMAL_SENS_OUT_5=27
THERMAL_SENS_OUT_6=-50
THERMAL_SENS_INT_1=27
THERMAL_SENS_INT_2=29
PG_5=0
PG_9=0
PG_12=0
FLT_P2=0
FLT_P3=0
HEAT_1_TEMP=28
HEAT_1_DUTY=0
HEAT_1_SP=-20.0
HEAT_2_TEMP=33
HEAT_2_DUTY=0
HEAT_2_SP=-20.0
HEAT_3_TEMP=29
HEAT_3_DUTY=0
HEAT_3_SP=-20.0
HEAT_4_TEMP=27
HEAT_4_DUTY=0
HEAT_4_SP=-20.0
MOTOR_ANGLE=0.008372093023255813
MOTOR_ACCUM=2.1013953488372095
MOTOR_ROT=4

[22:45:19.978 EBOX]
TS=1786207247.958
V_SENSE5=0.869140625
V_SENSE9=0.0341796875
V_SENSE12=0.13916015625
ADC_V5=5.00030517578125
ADC_V9=9.07135009765625
ADC_V12=11.81488037109375
ADC_V28=27.9132080078125
THERMAL_SENS_OUT_1=28
THERMAL_SENS_OUT_2=-50
THERMAL_SENS_OUT_3=26
THERMAL_SENS_OUT_4=27
THERMAL_SENS_OUT_5=28
THERMAL_SENS_OUT_6=-50
THERMAL_SENS_INT_1=26
THERMAL_SENS_INT_2=27
PG_5=0
PG_9=0
PG_12=0
FLT_P2=0
FLT_P3=0
HEAT_1_TEMP=28
HEAT_1_DUTY=0
HEAT_1_SP=-20.0
HEAT_2_TEMP=26
HEAT_2_DUTY=0
HEAT_2_SP=-20.0
HEAT_3_TEMP=27
HEAT_3_DUTY=0
HEAT_3_SP=-20.0
HEAT_4_TEMP=28
HEAT_4_DUTY=0
HEAT_4_SP=-20.0
MOTOR_ANGLE=0.008372093023255813
MOTOR_ACCUM=2.1013953488372095
MOTOR_ROT=4

[22:45:20.504 EBOX]
TS=1786207248.458
V_SENSE5=0.87158203125
V_SENSE9=0.03662109375
V_SENSE12=0.11474609375
ADC_V5=4.96490478515625
ADC_V9=9.28375244140625
ADC_V12=11.76177978515625
ADC_V28=27.5592041015625
THERMAL_SENS_OUT_1=28
THERMAL_SENS_OUT_2=-50
THERMAL_SENS_OUT_3=28
THERMAL_SENS_OUT_4=32
THERMAL_SENS_OUT_5=26
THERMAL_SENS_OUT_6=-50
THERMAL_SENS_INT_1=27
THERMAL_SENS_INT_2=34
PG_5=0
PG_9=0
PG_12=0
FLT_P2=0
FLT_P3=0
HEAT_1_TEMP=28
HEAT_1_DUTY=0
HEAT_1_SP=-20.0
HEAT_2_TEMP=28
HEAT_2_DUTY=0
HEAT_2_SP=-20.0
HEAT_3_TEMP=32
HEAT_3_DUTY=0
HEAT_3_SP=-20.0
HEAT_4_TEMP=26
HEAT_4_DUTY=0
HEAT_4_SP=-20.0
MOTOR_ANGLE=0.008372093023255813
MOTOR_ACCUM=2.1013953488372095
MOTOR_ROT=4

[22:45:21.232 EBOX]
TS=1786207248.958
V_SENSE5=0.8740234375
V_SENSE9=0.0341796875
V_SENSE12=0.11474609375
ADC_V5=4.96490478515625
ADC_V9=9.46075439453125
ADC_V12=11.611328125
ADC_V28=27.8778076171875
THERMAL_SENS_OUT_1=30
THERMAL_SENS_OUT_2=-50
THERMAL_SENS_OUT_3=31
THERMAL_SENS_OUT_4=26
THERMAL_SENS_OUT_5=30
THERMAL_SENS_OUT_6=-50
THERMAL_SENS_INT_1=32
THERMAL_SENS_INT_2=27
PG_5=0
PG_9=0
PG_12=0
FLT_P2=0
FLT_P3=0
HEAT_1_TEMP=30
HEAT_1_DUTY=0
HEAT_1_SP=-20.0
HEAT_2_TEMP=31
HEAT_2_DUTY=0
HEAT_2_SP=-20.0
HEAT_3_TEMP=26
HEAT_3_DUTY=0
HEAT_3_SP=-20.0
HEAT_4_TEMP=30
HEAT_4_DUTY=0
HEAT_4_SP=-20.0
MOTOR_ANGLE=0.008372093023255813
MOTOR_ACCUM=2.1013953488372095
MOTOR_ROT=4

[22:45:21.460 EBOX]
TS=1786207249.463
V_SENSE5=0.86669921875
V_SENSE9=0.0390625
V_SENSE12=0.11474609375
ADC_V5=4.9560546875
ADC_V9=9.0093994140625
ADC_V12=11.4874267578125
ADC_V28=27.88665771484375
THERMAL_SENS_OUT_1=29
THERMAL_SENS_OUT_2=-50
THERMAL_SENS_OUT_3=29
THERMAL_SENS_OUT_4=30
THERMAL_SENS_OUT_5=27
THERMAL_SENS_OUT_6=-50
THERMAL_SENS_INT_1=32
THERMAL_SENS_INT_2=27
PG_5=0
PG_9=0
PG_12=0
FLT_P2=0
FLT_P3=0
HEAT_1_TEMP=29
HEAT_1_DUTY=0
HEAT_1_SP=-20.0
HEAT_2_TEMP=29
HEAT_2_DUTY=0
HEAT_2_SP=-20.0
HEAT_3_TEMP=30
HEAT_3_DUTY=0
HEAT_3_SP=-20.0
HEAT_4_TEMP=27
HEAT_4_DUTY=0
HEAT_4_SP=-20.0
MOTOR_ANGLE=0.008372093023255813
MOTOR_ACCUM=2.1013953488372095
MOTOR_ROT=4

[22:45:21.986 EBOX]
TS=1786207249.965
V_SENSE5=0.84716796875
V_SENSE9=0.03173828125
V_SENSE12=0.1123046875
ADC_V5=4.920654296875
ADC_V9=8.77044677734375
ADC_V12=11.81488037109375
ADC_V28=27.010498046875
THERMAL_SENS_OUT_1=28
THERMAL_SENS_OUT_2=-50
THERMAL_SENS_OUT_3=28
THERMAL_SENS_OUT_4=26
THERMAL_SENS_OUT_5=30
THERMAL_SENS_OUT_6=-50
THERMAL_SENS_INT_1=26
THERMAL_SENS_INT_2=30
PG_5=0
PG_9=0
PG_12=0
FLT_P2=0
FLT_P3=0
HEAT_1_TEMP=28
HEAT_1_DUTY=0
HEAT_1_SP=-20.0
HEAT_2_TEMP=28
HEAT_2_DUTY=0
HEAT_2_SP=-20.0
HEAT_3_TEMP=26
HEAT_3_DUTY=0
HEAT_3_SP=-20.0
HEAT_4_TEMP=30
HEAT_4_DUTY=0
HEAT_4_SP=-20.0
MOTOR_ANGLE=0.008372093023255813
MOTOR_ACCUM=2.1013953488372095
MOTOR_ROT=4

[22:45:22.412 EBOX]
TS=1786207250.466
V_SENSE5=0.85205078125
V_SENSE9=0.0390625
V_SENSE12=0.13916015625
ADC_V5=5.0091552734375
ADC_V9=9.31915283203125
ADC_V12=11.90338134765625
ADC_V28=27.65655517578125
THERMAL_SENS_OUT_1=34
THERMAL_SENS_OUT_2=-50
THERMAL_SENS_OUT_3=31
THERMAL_SENS_OUT_4=27
THERMAL_SENS_OUT_5=33
THERMAL_SENS_OUT_6=-50
THERMAL_SENS_INT_1=25
THERMAL_SENS_INT_2=29
PG_5=0
PG_9=0
PG_12=0
FLT_P2=0
FLT_P3=0
HEAT_1_TEMP=34
HEAT_1_DUTY=0
HEAT_1_SP=-20.0
HEAT_2_TEMP=31
HEAT_2_DUTY=0
HEAT_2_SP=-20.0
HEAT_3_TEMP=27
HEAT_3_DUTY=0
HEAT_3_SP=-20.0
HEAT_4_TEMP=33
HEAT_4_DUTY=0
HEAT_4_SP=-20.0
MOTOR_ANGLE=0.008372093023255813
MOTOR_ACCUM=2.1013953488372095
MOTOR_ROT=4

[22:45:22.939 EBOX]
TS=1786207250.968
V_SENSE5=0.84716796875
V_SENSE9=0.04150390625
V_SENSE12=0.13427734375
ADC_V5=4.991455078125
ADC_V9=9.1510009765625
ADC_V12=11.7529296875
ADC_V28=27.60345458984375
THERMAL_SENS_OUT_1=27
THERMAL_SENS_OUT_2=-50
THERMAL_SENS_OUT_3=29
THERMAL_SENS_OUT_4=26
THERMAL_SENS_OUT_5=30
THERMAL_SENS_OUT_6=-50
THERMAL_SENS_INT_1=26
THERMAL_SENS_INT_2=28
PG_5=0
PG_9=0
PG_12=0
FLT_P2=0
FLT_P3=0
HEAT_1_TEMP=27
HEAT_1_DUTY=0
HEAT_1_SP=-20.0
HEAT_2_TEMP=29
HEAT_2_DUTY=0
HEAT_2_SP=-20.0
HEAT_3_TEMP=26
HEAT_3_DUTY=0
HEAT_3_SP=-20.0
HEAT_4_TEMP=30
HEAT_4_DUTY=0
HEAT_4_SP=-20.0
MOTOR_ANGLE=0.008372093023255813
MOTOR_ACCUM=2.1013953488372095
MOTOR_ROT=4

[22:45:23.468 EBOX]
TS=1786207251.469
V_SENSE5=0.859375
V_SENSE9=0.0341796875
V_SENSE12=0.15380859375
ADC_V5=4.96490478515625
ADC_V9=9.46075439453125
ADC_V12=12.02728271484375
ADC_V28=27.49725341796875
THERMAL_SENS_OUT_1=26
THERMAL_SENS_OUT_2=-50
THERMAL_SENS_OUT_3=25
THERMAL_SENS_OUT_4=32
THERMAL_SENS_OUT_5=28
THERMAL_SENS_OUT_6=-50
THERMAL_SENS_INT_1=31
THERMAL_SENS_INT_2=30
PG_5=0
PG_9=0
PG_12=0
FLT_P2=0
FLT_P3=0
HEAT_1_TEMP=26
HEAT_1_DUTY=0
HEAT_1_SP=-20.0
HEAT_2_TEMP=25
HEAT_2_DUTY=0
HEAT_2_SP=-20.0
HEAT_3_TEMP=32
HEAT_3_DUTY=0
HEAT_3_SP=-20.0
HEAT_4_TEMP=28
HEAT_4_DUTY=0
HEAT_4_SP=-20.0
MOTOR_ANGLE=0.008372093023255813
MOTOR_ACCUM=2.1013953488372095
MOTOR_ROT=4

[22:45:23.998 EBOX]
TS=1786207251.969
V_SENSE5=0.84716796875
V_SENSE9=0.03662109375
V_SENSE12=0.146484375
ADC_V5=4.89410400390625
ADC_V9=9.168701171875
ADC_V12=11.47857666015625
ADC_V28=27.92205810546875
THERMAL_SENS_OUT_1=31
THERMAL_SENS_OUT_2=-50
THERMAL_SENS_OUT_3=27
THERMAL_SENS_OUT_4=27
THERMAL_SENS_OUT_5=33
THERMAL_SENS_OUT_6=-50
THERMAL_SENS_INT_1=25
THERMAL_SENS_INT_2=29
PG_5=0
PG_9=0
PG_12=0
FLT_P2=0
FLT_P3=0
HEAT_1_TEMP=31
HEAT_1_DUTY=0
HEAT_1_SP=-20.0
HEAT_2_TEMP=27
HEAT_2_DUTY=0
HEAT_2_SP=-20.0
HEAT_3_TEMP=27
HEAT_3_DUTY=0
HEAT_3_SP=-20.0
HEAT_4_TEMP=33
HEAT_4_DUTY=0
HEAT_4_SP=-20.0
MOTOR_ANGLE=0.008372093023255813
MOTOR_ACCUM=2.1013953488372095
MOTOR_ROT=4

[22:45:24.424 EBOX]
TS=1786207252.472
V_SENSE5=0.85205078125
V_SENSE9=0.03173828125
V_SENSE12=0.146484375
ADC_V5=4.9737548828125
ADC_V9=8.779296875
ADC_V12=11.69097900390625
ADC_V28=28.0194091796875
THERMAL_SENS_OUT_1=33
THERMAL_SENS_OUT_2=-50
THERMAL_SENS_OUT_3=28
THERMAL_SENS_OUT_4=30
THERMAL_SENS_OUT_5=26
THERMAL_SENS_OUT_6=-50
THERMAL_SENS_INT_1=28
THERMAL_SENS_INT_2=27
PG_5=0
PG_9=0
PG_12=0
FLT_P2=0
FLT_P3=0
HEAT_1_TEMP=33
HEAT_1_DUTY=0
HEAT_1_SP=-20.0
HEAT_2_TEMP=28
HEAT_2_DUTY=0
HEAT_2_SP=-20.0
HEAT_3_TEMP=30
HEAT_3_DUTY=0
HEAT_3_SP=-20.0
HEAT_4_TEMP=26
HEAT_4_DUTY=0
HEAT_4_SP=-20.0
MOTOR_ANGLE=0.008372093023255813
MOTOR_ACCUM=2.1013953488372095
MOTOR_ROT=4

[22:45:24.954 EBOX]
TS=1786207252.973
V_SENSE5=0.8642578125
V_SENSE9=0.03662109375
V_SENSE12=0.18310546875
ADC_V5=4.9737548828125
ADC_V9=9.2926025390625
ADC_V12=11.89453125
ADC_V28=27.35565185546875
THERMAL_SENS_OUT_1=34
THERMAL_SENS_OUT_2=-50
THERMAL_SENS_OUT_3=27
THERMAL_SENS_OUT_4=29
THERMAL_SENS_OUT_5=26
THERMAL_SENS_OUT_6=-50
THERMAL_SENS_INT_1=29
THERMAL_SENS_INT_2=28
PG_5=0
PG_9=0
PG_12=0
FLT_P2=0
FLT_P3=0
HEAT_1_TEMP=34
HEAT_1_DUTY=0
HEAT_1_SP=-20.0
HEAT_2_TEMP=27
HEAT_2_DUTY=0
HEAT_2_SP=-20.0
HEAT_3_TEMP=29
HEAT_3_DUTY=0
HEAT_3_SP=-20.0
HEAT_4_TEMP=26
HEAT_4_DUTY=0
HEAT_4_SP=-20.0
MOTOR_ANGLE=0.008372093023255813
MOTOR_ACCUM=2.1013953488372095
MOTOR_ROT=4

[22:45:25.480 EBOX]
TS=1786207253.475
V_SENSE5=0.93505859375
V_SENSE9=0.0341796875
V_SENSE12=0.146484375
ADC_V5=4.88525390625
ADC_V9=9.33685302734375
ADC_V12=11.505126953125
ADC_V28=27.506103515625
THERMAL_SENS_OUT_1=27
THERMAL_SENS_OUT_2=-50
THERMAL_SENS_OUT_3=29
THERMAL_SENS_OUT_4=31
THERMAL_SENS_OUT_5=29
THERMAL_SENS_OUT_6=-50
THERMAL_SENS_INT_1=32
THERMAL_SENS_INT_2=30
PG_5=0
PG_9=0
PG_12=0
FLT_P2=0
FLT_P3=0
HEAT_1_TEMP=27
HEAT_1_DUTY=0
HEAT_1_SP=-20.0
HEAT_2_TEMP=29
HEAT_2_DUTY=0
HEAT_2_SP=-20.0
HEAT_3_TEMP=31
HEAT_3_DUTY=0
HEAT_3_SP=-20.0
HEAT_4_TEMP=29
HEAT_4_DUTY=0
HEAT_4_SP=-20.0
MOTOR_ANGLE=0.008372093023255813
MOTOR_ACCUM=2.1013953488372095
MOTOR_ROT=4

[22:45:26.008 EBOX]
TS=1786207253.978
V_SENSE5=0.87158203125
V_SENSE9=0.0341796875
V_SENSE12=0.1171875
ADC_V5=5.00030517578125
ADC_V9=8.80584716796875
ADC_V12=11.6998291015625
ADC_V28=28.143310546875
THERMAL_SENS_OUT_1=35
THERMAL_SENS_OUT_2=-50
THERMAL_SENS_OUT_3=29
THERMAL_SENS_OUT_4=31
THERMAL_SENS_OUT_5=30
THERMAL_SENS_OUT_6=-50
THERMAL_SENS_INT_1=30
THERMAL_SENS_INT_2=29
PG_5=0
PG_9=0
PG_12=0
FLT_P2=0
FLT_P3=0
HEAT_1_TEMP=35
HEAT_1_DUTY=0
HEAT_1_SP=-20.0
HEAT_2_TEMP=29
HEAT_2_DUTY=0
HEAT_2_SP=-20.0
HEAT_3_TEMP=31
HEAT_3_DUTY=0
HEAT_3_SP=-20.0
HEAT_4_TEMP=30
HEAT_4_DUTY=0
HEAT_4_SP=-20.0
MOTOR_ANGLE=0.008372093023255813
MOTOR_ACCUM=2.1013953488372095
MOTOR_ROT=4

[22:45:26.435 EBOX]
TS=1786207254.479
V_SENSE5=0.8740234375
V_SENSE9=0.0341796875
V_SENSE12=0.1220703125
ADC_V5=4.9383544921875
ADC_V9=9.6112060546875
ADC_V12=11.8414306640625
ADC_V28=26.9927978515625
THERMAL_SENS_OUT_1=33
THERMAL_SENS_OUT_2=-50
THERMAL_SENS_OUT_3=27
THERMAL_SENS_OUT_4=32
THERMAL_SENS_OUT_5=30
THERMAL_SENS_OUT_6=-50
THERMAL_SENS_INT_1=33
THERMAL_SENS_INT_2=34
PG_5=0
PG_9=0
PG_12=0
FLT_P2=0
FLT_P3=0
HEAT_1_TEMP=33
HEAT_1_DUTY=0
HEAT_1_SP=-20.0
HEAT_2_TEMP=27
HEAT_2_DUTY=0
HEAT_2_SP=-20.0
HEAT_3_TEMP=32
HEAT_3_DUTY=0
HEAT_3_SP=-20.0
HEAT_4_TEMP=30
HEAT_4_DUTY=0
HEAT_4_SP=-20.0
MOTOR_ANGLE=0.008372093023255813
MOTOR_ACCUM=2.1013953488372095
MOTOR_ROT=4

[22:45:26.961 EBOX]
TS=1786207254.980
V_SENSE5=0.8447265625
V_SENSE9=0.0341796875
V_SENSE12=0.15380859375
ADC_V5=5.23040771484375
ADC_V9=8.84124755859375
ADC_V12=11.7352294921875
ADC_V28=27.576904296875
THERMAL_SENS_OUT_1=30
THERMAL_SENS_OUT_2=-50
THERMAL_SENS_OUT_3=33
THERMAL_SENS_OUT_4=30
THERMAL_SENS_OUT_5=28
THERMAL_SENS_OUT_6=-50
THERMAL_SENS_INT_1=27
THERMAL_SENS_INT_2=33
PG_5=0
PG_9=0
PG_12=0
FLT_P2=0
FLT_P3=0
HEAT_1_TEMP=30
HEAT_1_DUTY=0
HEAT_1_SP=-20.0
HEAT_2_TEMP=33
HEAT_2_DUTY=0
HEAT_2_SP=-20.0
HEAT_3_TEMP=30
HEAT_3_DUTY=0
HEAT_3_SP=-20.0
HEAT_4_TEMP=28
HEAT_4_DUTY=0
HEAT_4_SP=-20.0
MOTOR_ANGLE=0.008372093023255813
MOTOR_ACCUM=2.1013953488372095
MOTOR_ROT=4

[22:45:27.487 EBOX]
TS=1786207255.482
V_SENSE5=0.859375
V_SENSE9=0.0341796875
V_SENSE12=0.15625
ADC_V5=4.9029541015625
ADC_V9=9.62005615234375
ADC_V12=11.69097900390625
ADC_V28=28.1256103515625
THERMAL_SENS_OUT_1=29
THERMAL_SENS_OUT_2=-50
THERMAL_SENS_OUT_3=28
THERMAL_SENS_OUT_4=30
THERMAL_SENS_OUT_5=33
THERMAL_SENS_OUT_6=-50
THERMAL_SENS_INT_1=27
THERMAL_SENS_INT_2=33
PG_5=0
PG_9=0
PG_12=0
FLT_P2=0
FLT_P3=0
HEAT_1_TEMP=29
HEAT_1_DUTY=0
HEAT_1_SP=-20.0
HEAT_2_TEMP=28
HEAT_2_DUTY=0
HEAT_2_SP=-20.0
HEAT_3_TEMP=30
HEAT_3_DUTY=0
HEAT_3_SP=-20.0
HEAT_4_TEMP=33
HEAT_4_DUTY=0
HEAT_4_SP=-20.0
MOTOR_ANGLE=0.008372093023255813
MOTOR_ACCUM=2.1013953488372095
MOTOR_ROT=4

[22:45:28.014 EBOX]
TS=1786207255.984
V_SENSE5=0.93505859375
V_SENSE9=0.06591796875
V_SENSE12=0.126953125
ADC_V5=5.02685546875
ADC_V9=9.08905029296875
ADC_V12=11.8060302734375
ADC_V28=26.98394775390625
THERMAL_SENS_OUT_1=28
THERMAL_SENS_OUT_2=-50
THERMAL_SENS_OUT_3=29
THERMAL_SENS_OUT_4=26
THERMAL_SENS_OUT_5=30
THERMAL_SENS_OUT_6=-50
THERMAL_SENS_INT_1=26
THERMAL_SENS_INT_2=30
PG_5=0
PG_9=0
PG_12=0
FLT_P2=0
FLT_P3=0
HEAT_1_TEMP=28
HEAT_1_DUTY=0
HEAT_1_SP=-20.0
HEAT_2_TEMP=29
HEAT_2_DUTY=0
HEAT_2_SP=-20.0
HEAT_3_TEMP=26
HEAT_3_DUTY=0
HEAT_3_SP=-20.0
HEAT_4_TEMP=30
HEAT_4_DUTY=0
HEAT_4_SP=-20.0
MOTOR_ANGLE=0.008372093023255813
MOTOR_ACCUM=2.1013953488372095
MOTOR_ROT=4

[22:45:28.540 EBOX]
TS=1786207256.485
V_SENSE5=0.8740234375
V_SENSE9=0.03662109375
V_SENSE12=0.1318359375
ADC_V5=4.96490478515625
ADC_V9=8.6907958984375
ADC_V12=11.8768310546875
ADC_V28=28.1610107421875
THERMAL_SENS_OUT_1=28
THERMAL_SENS_OUT_2=-50
THERMAL_SENS_OUT_3=29
THERMAL_SENS_OUT_4=33
THERMAL_SENS_OUT_5=28
THERMAL_SENS_OUT_6=-50
THERMAL_SENS_INT_1=28
THERMAL_SENS_INT_2=31
PG_5=0
PG_9=0
PG_12=0
FLT_P2=0
FLT_P3=0
HEAT_1_TEMP=28
HEAT_1_DUTY=0
HEAT_1_SP=-20.0
HEAT_2_TEMP=29
HEAT_2_DUTY=0
HEAT_2_SP=-20.0
HEAT_3_TEMP=33
HEAT_3_DUTY=0
HEAT_3_SP=-20.0
HEAT_4_TEMP=28
HEAT_4_DUTY=0
HEAT_4_SP=-20.0
MOTOR_ANGLE=0.008372093023255813
MOTOR_ACCUM=2.1013953488372095
MOTOR_ROT=4

[22:45:28.978 EBOX]
TS=1786207256.987
V_SENSE5=0.8447265625
V_SENSE9=0.0341796875
V_SENSE12=0.1123046875
ADC_V5=4.91180419921875
ADC_V9=9.451904296875
ADC_V12=11.6290283203125
ADC_V28=27.85125732421875
THERMAL_SENS_OUT_1=34
THERMAL_SENS_OUT_2=-50
THERMAL_SENS_OUT_3=27
THERMAL_SENS_OUT_4=27
THERMAL_SENS_OUT_5=33
THERMAL_SENS_OUT_6=-50
THERMAL_SENS_INT_1=26
THERMAL_SENS_INT_2=29
PG_5=0
PG_9=0
PG_12=0
FLT_P2=0
FLT_P3=0
HEAT_1_TEMP=34
HEAT_1_DUTY=0
HEAT_1_SP=-20.0
HEAT_2_TEMP=27
HEAT_2_DUTY=0
HEAT_2_SP=-20.0
HEAT_3_TEMP=27
HEAT_3_DUTY=0
HEAT_3_SP=-20.0
HEAT_4_TEMP=33
HEAT_4_DUTY=0
HEAT_4_SP=-20.0
MOTOR_ANGLE=0.008372093023255813
MOTOR_ACCUM=2.1013953488372095
MOTOR_ROT=4

[22:45:29.808 EBOX]
TS=1786207257.488
V_SENSE5=0.888671875
V_SENSE9=0.0341796875
V_SENSE12=0.1171875
ADC_V5=5.0091552734375
ADC_V9=9.15985107421875
ADC_V12=11.859130859375
ADC_V28=27.9840087890625
THERMAL_SENS_OUT_1=31
THERMAL_SENS_OUT_2=-50
THERMAL_SENS_OUT_3=33
THERMAL_SENS_OUT_4=28
THERMAL_SENS_OUT_5=29
THERMAL_SENS_OUT_6=-50
THERMAL_SENS_INT_1=32
THERMAL_SENS_INT_2=29
PG_5=0
PG_9=0
PG_12=0
FLT_P2=0
FLT_P3=0
HEAT_1_TEMP=31
HEAT_1_DUTY=0
HEAT_1_SP=-20.0
HEAT_2_TEMP=33
HEAT_2_DUTY=0
HEAT_2_SP=-20.0
HEAT_3_TEMP=28
HEAT_3_DUTY=0
HEAT_3_SP=-20.0
HEAT_4_TEMP=29
HEAT_4_DUTY=0
HEAT_4_SP=-20.0
MOTOR_ANGLE=0.008372093023255813
MOTOR_ACCUM=2.1013953488372095
MOTOR_ROT=4

[22:45:30.337 EBOX]
TS=1786207257.990
V_SENSE5=0.84716796875
V_SENSE9=0.0390625
V_SENSE12=0.13916015625
ADC_V5=4.7967529296875
ADC_V9=9.1864013671875
ADC_V12=11.79718017578125
ADC_V28=27.63885498046875
THERMAL_SENS_OUT_1=27
THERMAL_SENS_OUT_2=-50
THERMAL_SENS_OUT_3=33
THERMAL_SENS_OUT_4=29
THERMAL_SENS_OUT_5=26
THERMAL_SENS_OUT_6=-50
THERMAL_SENS_INT_1=26
THERMAL_SENS_INT_2=28
PG_5=0
PG_9=0
PG_12=0
FLT_P2=0
FLT_P3=0
HEAT_1_TEMP=27
HEAT_1_DUTY=0
HEAT_1_SP=-20.0
HEAT_2_TEMP=33
HEAT_2_DUTY=0
HEAT_2_SP=-20.0
HEAT_3_TEMP=29
HEAT_3_DUTY=0
HEAT_3_SP=-20.0
HEAT_4_TEMP=26
HEAT_4_DUTY=0
HEAT_4_SP=-20.0
MOTOR_ANGLE=0.008372093023255813
MOTOR_ACCUM=2.1013953488372095
MOTOR_ROT=4

[22:45:30.479 EBOX]
TS=1786207258.491
V_SENSE5=0.87158203125
V_SENSE9=0.07568359375
V_SENSE12=0.1171875
ADC_V5=5.08880615234375
ADC_V9=9.451904296875
ADC_V12=11.54937744140625
ADC_V28=27.78045654296875
THERMAL_SENS_OUT_1=33
THERMAL_SENS_OUT_2=-50
THERMAL_SENS_OUT_3=26
THERMAL_SENS_OUT_4=28
THERMAL_SENS_OUT_5=33
THERMAL_SENS_OUT_6=-50
THERMAL_SENS_INT_1=31
THERMAL_SENS_INT_2=29
PG_5=0
PG_9=0
PG_12=0
FLT_P2=0
FLT_P3=0
HEAT_1_TEMP=33
HEAT_1_DUTY=0
HEAT_1_SP=-20.0
HEAT_2_TEMP=26
HEAT_2_DUTY=0
HEAT_2_SP=-20.0
HEAT_3_TEMP=28
HEAT_3_DUTY=0
HEAT_3_SP=-20.0
HEAT_4_TEMP=33
HEAT_4_DUTY=0
HEAT_4_SP=-20.0
MOTOR_ANGLE=0.008372093023255813
MOTOR_ACCUM=2.1013953488372095
MOTOR_ROT=4

[22:45:31.018 EBOX]
TS=1786207258.994
V_SENSE5=0.88134765625
V_SENSE9=0.0341796875
V_SENSE12=0.126953125
ADC_V5=4.9383544921875
ADC_V9=8.91204833984375
ADC_V12=11.505126953125
ADC_V28=27.7008056640625
THERMAL_SENS_OUT_1=29
THERMAL_SENS_OUT_2=-50
THERMAL_SENS_OUT_3=33
THERMAL_SENS_OUT_4=30
THERMAL_SENS_OUT_5=28
THERMAL_SENS_OUT_6=-50
THERMAL_SENS_INT_1=32
THERMAL_SENS_INT_2=30
PG_5=0
PG_9=0
PG_12=0
FLT_P2=0
FLT_P3=0
HEAT_1_TEMP=29
HEAT_1_DUTY=0
HEAT_1_SP=-20.0
HEAT_2_TEMP=33
HEAT_2_DUTY=0
HEAT_2_SP=-20.0
HEAT_3_TEMP=30
HEAT_3_DUTY=0
HEAT_3_SP=-20.0
HEAT_4_TEMP=28
HEAT_4_DUTY=0
HEAT_4_SP=-20.0
MOTOR_ANGLE=0.008372093023255813
MOTOR_ACCUM=2.1013953488372095
MOTOR_ROT=4

[22:45:31.549 EBOX]
TS=1786207259.495
V_SENSE5=0.87158203125
V_SENSE9=0.0341796875
V_SENSE12=0.1123046875
ADC_V5=4.85870361328125
ADC_V9=9.4696044921875
ADC_V12=11.93878173828125
ADC_V28=27.152099609375
THERMAL_SENS_OUT_1=34
THERMAL_SENS_OUT_2=-50
THERMAL_SENS_OUT_3=26
THERMAL_SENS_OUT_4=26
THERMAL_SENS_OUT_5=27
THERMAL_SENS_OUT_6=-50
THERMAL_SENS_INT_1=32
THERMAL_SENS_INT_2=30
PG_5=0
PG_9=0
PG_12=0
FLT_P2=0
FLT_P3=0
HEAT_1_TEMP=34
HEAT_1_DUTY=0
HEAT_1_SP=-20.0
HEAT_2_TEMP=26
HEAT_2_DUTY=0
HEAT_2_SP=-20.0
HEAT_3_TEMP=26
HEAT_3_DUTY=0
HEAT_3_SP=-20.0
HEAT_4_TEMP=27
HEAT_4_DUTY=0
HEAT_4_SP=-20.0
MOTOR_ANGLE=0.008372093023255813
MOTOR_ACCUM=2.1013953488372095
MOTOR_ROT=4

[22:45:31.973 EBOX]
TS=1786207259.997
V_SENSE5=0.869140625
V_SENSE9=0.0341796875
V_SENSE12=0.12451171875
ADC_V5=4.9737548828125
ADC_V9=9.08905029296875
ADC_V12=11.65557861328125
ADC_V28=27.58575439453125
THERMAL_SENS_OUT_1=28
THERMAL_SENS_OUT_2=-50
THERMAL_SENS_OUT_3=30
THERMAL_SENS_OUT_4=26
THERMAL_SENS_OUT_5=31
THERMAL_SENS_OUT_6=-50
THERMAL_SENS_INT_1=31
THERMAL_SENS_INT_2=29
PG_5=0
PG_9=0
PG_12=0
FLT_P2=0
FLT_P3=0
HEAT_1_TEMP=28
HEAT_1_DUTY=0
HEAT_1_SP=-20.0
HEAT_2_TEMP=30
HEAT_2_DUTY=0
HEAT_2_SP=-20.0
HEAT_3_TEMP=26
HEAT_3_DUTY=0
HEAT_3_SP=-20.0
HEAT_4_TEMP=31
HEAT_4_DUTY=0
HEAT_4_SP=-20.0
MOTOR_ANGLE=0.008372093023255813
MOTOR_ACCUM=2.1013953488372095
MOTOR_ROT=4

[22:45:32.499 EBOX]
TS=1786207260.493
V_SENSE5=0.89599609375
V_SENSE9=0.09521484375
V_SENSE12=0.126953125
ADC_V5=4.9737548828125
ADC_V9=9.35455322265625
ADC_V12=11.90338134765625
ADC_V28=27.4884033203125
THERMAL_SENS_OUT_1=33
THERMAL_SENS_OUT_2=-50
THERMAL_SENS_OUT_3=27
THERMAL_SENS_OUT_4=31
THERMAL_SENS_OUT_5=27
THERMAL_SENS_OUT_6=-50
THERMAL_SENS_INT_1=26
THERMAL_SENS_INT_2=31
PG_5=0
PG_9=0
PG_12=0
FLT_P2=0
FLT_P3=0
HEAT_1_TEMP=33
HEAT_1_DUTY=0
HEAT_1_SP=-20.0
HEAT_2_TEMP=27
HEAT_2_DUTY=0
HEAT_2_SP=-20.0
HEAT_3_TEMP=31
HEAT_3_DUTY=0
HEAT_3_SP=-20.0
HEAT_4_TEMP=27
HEAT_4_DUTY=0
HEAT_4_SP=-20.0
MOTOR_ANGLE=0.008372093023255813
MOTOR_ACCUM=2.1013953488372095
MOTOR_ROT=4

[22:45:33.030 EBOX]
TS=1786207260.994
V_SENSE5=0.89599609375
V_SENSE9=0.03662109375
V_SENSE12=0.14892578125
ADC_V5=4.82330322265625
ADC_V9=8.82354736328125
ADC_V12=11.8414306640625
ADC_V28=27.17864990234375
THERMAL_SENS_OUT_1=28
THERMAL_SENS_OUT_2=-50
THERMAL_SENS_OUT_3=27
THERMAL_SENS_OUT_4=30
THERMAL_SENS_OUT_5=26
THERMAL_SENS_OUT_6=-50
THERMAL_SENS_INT_1=25
THERMAL_SENS_INT_2=29
PG_5=0
PG_9=0
PG_12=0
FLT_P2=0
FLT_P3=0
HEAT_1_TEMP=28
HEAT_1_DUTY=0
HEAT_1_SP=-20.0
HEAT_2_TEMP=27
HEAT_2_DUTY=0
HEAT_2_SP=-20.0
HEAT_3_TEMP=30
HEAT_3_DUTY=0
HEAT_3_SP=-20.0
HEAT_4_TEMP=26
HEAT_4_DUTY=0
HEAT_4_SP=-20.0
MOTOR_ANGLE=0.008372093023255813
MOTOR_ACCUM=2.1013953488372095
MOTOR_ROT=4

[22:45:33.555 EBOX]
TS=1786207261.496
V_SENSE5=0.91796875
V_SENSE9=0.03662109375
V_SENSE12=0.1416015625
ADC_V5=4.9560546875
ADC_V9=9.4342041015625
ADC_V12=11.9122314453125
ADC_V28=27.69195556640625
THERMAL_SENS_OUT_1=33
THERMAL_SENS_OUT_2=-50
THERMAL_SENS_OUT_3=26
THERMAL_SENS_OUT_4=27
THERMAL_SENS_OUT_5=27
THERMAL_SENS_OUT_6=-50
THERMAL_SENS_INT_1=27
THERMAL_SENS_INT_2=30
PG_5=0
PG_9=0
PG_12=0
FLT_P2=0
FLT_P3=0
HEAT_1_TEMP=33
HEAT_1_DUTY=0
HEAT_1_SP=-20.0
HEAT_2_TEMP=26
HEAT_2_DUTY=0
HEAT_2_SP=-20.0
HEAT_3_TEMP=27
HEAT_3_DUTY=0
HEAT_3_SP=-20.0
HEAT_4_TEMP=27
HEAT_4_DUTY=0
HEAT_4_SP=-20.0
MOTOR_ANGLE=0.008372093023255813
MOTOR_ACCUM=2.1013953488372095
MOTOR_ROT=4

[22:45:33.982 EBOX]
TS=1786207261.997
V_SENSE5=0.9228515625
V_SENSE9=0.03662109375
V_SENSE12=0.10986328125
ADC_V5=5.01800537109375
ADC_V9=8.9739990234375
ADC_V12=11.5582275390625
ADC_V28=27.30255126953125
THERMAL_SENS_OUT_1=27
THERMAL_SENS_OUT_2=-50
THERMAL_SENS_OUT_3=30
THERMAL_SENS_OUT_4=30
THERMAL_SENS_OUT_5=30
THERMAL_SENS_OUT_6=-50
THERMAL_SENS_INT_1=26
THERMAL_SENS_INT_2=29
PG_5=0
PG_9=0
PG_12=0
FLT_P2=0
FLT_P3=0
HEAT_1_TEMP=27
HEAT_1_DUTY=0
HEAT_1_SP=-20.0
HEAT_2_TEMP=30
HEAT_2_DUTY=0
HEAT_2_SP=-20.0
HEAT_3_TEMP=30
HEAT_3_DUTY=0
HEAT_3_SP=-20.0
HEAT_4_TEMP=30
HEAT_4_DUTY=0
HEAT_4_SP=-20.0
MOTOR_ANGLE=0.008372093023255813
MOTOR_ACCUM=2.1013953488372095
MOTOR_ROT=4

[22:45:34.612 EBOX]
TS=1786207262.523
V_SENSE5=0.83251953125
V_SENSE9=0.0390625
V_SENSE12=0.126953125
ADC_V5=4.814453125
ADC_V9=9.40765380859375
ADC_V12=11.90338134765625
ADC_V28=27.86895751953125
THERMAL_SENS_OUT_1=29
THERMAL_SENS_OUT_2=-50
THERMAL_SENS_OUT_3=27
THERMAL_SENS_OUT_4=26
THERMAL_SENS_OUT_5=26
THERMAL_SENS_OUT_6=-50
THERMAL_SENS_INT_1=26
THERMAL_SENS_INT_2=30
PG_5=0
PG_9=0
PG_12=0
FLT_P2=0
FLT_P3=0
HEAT_1_TEMP=29
HEAT_1_DUTY=0
HEAT_1_SP=-20.0
HEAT_2_TEMP=27
HEAT_2_DUTY=0
HEAT_2_SP=-20.0
HEAT_3_TEMP=26
HEAT_3_DUTY=0
HEAT_3_SP=-20.0
HEAT_4_TEMP=26
HEAT_4_DUTY=0
HEAT_4_SP=-20.0
MOTOR_ANGLE=0.008372093023255813
MOTOR_ACCUM=2.1013953488372095
MOTOR_ROT=4

[22:45:35.042 EBOX]
TS=1786207263.006
V_SENSE5=0.83984375
V_SENSE9=0.0537109375
V_SENSE12=0.1123046875
ADC_V5=5.01800537109375
ADC_V9=9.37225341796875
ADC_V12=11.8768310546875
ADC_V28=27.6123046875
THERMAL_SENS_OUT_1=34
THERMAL_SENS_OUT_2=-50
THERMAL_SENS_OUT_3=30
THERMAL_SENS_OUT_4=32
THERMAL_SENS_OUT_5=27
THERMAL_SENS_OUT_6=-50
THERMAL_SENS_INT_1=32
THERMAL_SENS_INT_2=30
PG_5=0
PG_9=0
PG_12=0
FLT_P2=0
FLT_P3=0
HEAT_1_TEMP=34
HEAT_1_DUTY=0
HEAT_1_SP=-20.0
HEAT_2_TEMP=30
HEAT_2_DUTY=0
HEAT_2_SP=-20.0
HEAT_3_TEMP=32
HEAT_3_DUTY=0
HEAT_3_SP=-20.0
HEAT_4_TEMP=27
HEAT_4_DUTY=0
HEAT_4_SP=-20.0
MOTOR_ANGLE=0.008372093023255813
MOTOR_ACCUM=2.1013953488372095
MOTOR_ROT=4

[22:45:35.471 EBOX]
TS=1786207263.510
V_SENSE5=0.8154296875
V_SENSE9=0.0390625
V_SENSE12=0.126953125
ADC_V5=4.814453125
ADC_V9=9.15985107421875
ADC_V12=11.69097900390625
ADC_V28=27.0635986328125
THERMAL_SENS_OUT_1=34
THERMAL_SENS_OUT_2=-50
THERMAL_SENS_OUT_3=27
THERMAL_SENS_OUT_4=27
THERMAL_SENS_OUT_5=32
THERMAL_SENS_OUT_6=-50
THERMAL_SENS_INT_1=25
THERMAL_SENS_INT_2=27
PG_5=0
PG_9=0
PG_12=0
FLT_P2=0
FLT_P3=0
HEAT_1_TEMP=34
HEAT_1_DUTY=0
HEAT_1_SP=-20.0
HEAT_2_TEMP=27
HEAT_2_DUTY=0
HEAT_2_SP=-20.0
HEAT_3_TEMP=27
HEAT_3_DUTY=0
HEAT_3_SP=-20.0
HEAT_4_TEMP=32
HEAT_4_DUTY=0
HEAT_4_SP=-20.0
MOTOR_ANGLE=0.008372093023255813
MOTOR_ACCUM=2.1013953488372095
MOTOR_ROT=4

[22:45:36.000 EBOX]
TS=1786207264.012
V_SENSE5=0.86181640625
V_SENSE9=0.0390625
V_SENSE12=0.12939453125
ADC_V5=4.96490478515625
ADC_V9=9.42535400390625
ADC_V12=11.9122314453125
ADC_V28=27.9132080078125
THERMAL_SENS_OUT_1=29
THERMAL_SENS_OUT_2=-50
THERMAL_SENS_OUT_3=29
THERMAL_SENS_OUT_4=26
THERMAL_SENS_OUT_5=33
THERMAL_SENS_OUT_6=-50
THERMAL_SENS_INT_1=25
THERMAL_SENS_INT_2=27
PG_5=0
PG_9=0
PG_12=0
FLT_P2=0
FLT_P3=0
HEAT_1_TEMP=29
HEAT_1_DUTY=0
HEAT_1_SP=-20.0
HEAT_2_TEMP=29
HEAT_2_DUTY=0
HEAT_2_SP=-20.0
HEAT_3_TEMP=26
HEAT_3_DUTY=0
HEAT_3_SP=-20.0
HEAT_4_TEMP=33
HEAT_4_DUTY=0
HEAT_4_SP=-20.0
MOTOR_ANGLE=0.008372093023255813
MOTOR_ACCUM=2.1013953488372095
MOTOR_ROT=4

[22:45:36.529 EBOX]
TS=1786207264.511
V_SENSE5=0.859375
V_SENSE9=0.0390625
V_SENSE12=0.1318359375
ADC_V5=4.89410400390625
ADC_V9=9.30145263671875
ADC_V12=11.8768310546875
ADC_V28=28.1256103515625
THERMAL_SENS_OUT_1=32
THERMAL_SENS_OUT_2=-50
THERMAL_SENS_OUT_3=29
THERMAL_SENS_OUT_4=25
THERMAL_SENS_OUT_5=27
THERMAL_SENS_OUT_6=-50
THERMAL_SENS_INT_1=29
THERMAL_SENS_INT_2=30
PG_5=0
PG_9=0
PG_12=0
FLT_P2=0
FLT_P3=0
HEAT_1_TEMP=32
HEAT_1_DUTY=0
HEAT_1_SP=-20.0
HEAT_2_TEMP=29
HEAT_2_DUTY=0
HEAT_2_SP=-20.0
HEAT_3_TEMP=25
HEAT_3_DUTY=0
HEAT_3_SP=-20.0
HEAT_4_TEMP=27
HEAT_4_DUTY=0
HEAT_4_SP=-20.0
MOTOR_ANGLE=0.008372093023255813
MOTOR_ACCUM=2.1013953488372095
MOTOR_ROT=4

[22:45:37.064 EBOX]
TS=1786207265.013
V_SENSE5=0.87890625
V_SENSE9=0.0390625
V_SENSE12=0.14892578125
ADC_V5=4.9029541015625
ADC_V9=9.2218017578125
ADC_V12=11.611328125
ADC_V28=27.76275634765625
THERMAL_SENS_OUT_1=28
THERMAL_SENS_OUT_2=-50
THERMAL_SENS_OUT_3=30
THERMAL_SENS_OUT_4=26
THERMAL_SENS_OUT_5=28
THERMAL_SENS_OUT_6=-50
THERMAL_SENS_INT_1=25
THERMAL_SENS_INT_2=26
PG_5=0
PG_9=0
PG_12=0
FLT_P2=0
FLT_P3=0
HEAT_1_TEMP=28
HEAT_1_DUTY=0
HEAT_1_SP=-20.0
HEAT_2_TEMP=30
HEAT_2_DUTY=0
HEAT_2_SP=-20.0
HEAT_3_TEMP=26
HEAT_3_DUTY=0
HEAT_3_SP=-20.0
HEAT_4_TEMP=28
HEAT_4_DUTY=0
HEAT_4_SP=-20.0
MOTOR_ANGLE=0.008372093023255813
MOTOR_ACCUM=2.1013953488372095
MOTOR_ROT=4

[22:45:37.491 EBOX]
TS=1786207265.515
V_SENSE5=0.8447265625
V_SENSE9=0.07568359375
V_SENSE12=0.22216796875
ADC_V5=4.9737548828125
ADC_V9=8.87664794921875
ADC_V12=11.646728515625
ADC_V28=27.90435791015625
THERMAL_SENS_OUT_1=33
THERMAL_SENS_OUT_2=-50
THERMAL_SENS_OUT_3=26
THERMAL_SENS_OUT_4=30
THERMAL_SENS_OUT_5=28
THERMAL_SENS_OUT_6=-50
THERMAL_SENS_INT_1=29
THERMAL_SENS_INT_2=28
PG_5=0
PG_9=0
PG_12=0
FLT_P2=0
FLT_P3=0
HEAT_1_TEMP=33
HEAT_1_DUTY=0
HEAT_1_SP=-20.0
HEAT_2_TEMP=26
HEAT_2_DUTY=0
HEAT_2_SP=-20.0
HEAT_3_TEMP=30
HEAT_3_DUTY=0
HEAT_3_SP=-20.0
HEAT_4_TEMP=28
HEAT_4_DUTY=0
HEAT_4_SP=-20.0
MOTOR_ANGLE=0.008372093023255813
MOTOR_ACCUM=2.1013953488372095
MOTOR_ROT=4

[22:45:38.019 EBOX]
TS=1786207266.017
V_SENSE5=0.87158203125
V_SENSE9=0.03662109375
V_SENSE12=0.1025390625
ADC_V5=4.91180419921875
ADC_V9=9.3634033203125
ADC_V12=12.02728271484375
ADC_V28=27.55035400390625
THERMAL_SENS_OUT_1=28
THERMAL_SENS_OUT_2=-50
THERMAL_SENS_OUT_3=28
THERMAL_SENS_OUT_4=33
THERMAL_SENS_OUT_5=29
THERMAL_SENS_OUT_6=-50
THERMAL_SENS_INT_1=32
THERMAL_SENS_INT_2=32
PG_5=0
PG_9=0
PG_12=0
FLT_P2=0
FLT_P3=0
HEAT_1_TEMP=28
HEAT_1_DUTY=0
HEAT_1_SP=-20.0
HEAT_2_TEMP=28
HEAT_2_DUTY=0
HEAT_2_SP=-20.0
HEAT_3_TEMP=33
HEAT_3_DUTY=0
HEAT_3_SP=-20.0
HEAT_4_TEMP=29
HEAT_4_DUTY=0
HEAT_4_SP=-20.0
MOTOR_ANGLE=0.008372093023255813
MOTOR_ACCUM=2.1013953488372095
MOTOR_ROT=4

[22:45:38.546 EBOX]
TS=1786207266.518
V_SENSE5=0.8642578125
V_SENSE9=0.0390625
V_SENSE12=0.1220703125
ADC_V5=4.991455078125
ADC_V9=9.14215087890625
ADC_V12=11.4874267578125
ADC_V28=27.55035400390625
THERMAL_SENS_OUT_1=31
THERMAL_SENS_OUT_2=-50
THERMAL_SENS_OUT_3=33
THERMAL_SENS_OUT_4=29
THERMAL_SENS_OUT_5=27
THERMAL_SENS_OUT_6=-50
THERMAL_SENS_INT_1=30
THERMAL_SENS_INT_2=30
PG_5=0
PG_9=0
PG_12=0
FLT_P2=0
FLT_P3=0
HEAT_1_TEMP=31
HEAT_1_DUTY=0
HEAT_1_SP=-20.0
HEAT_2_TEMP=33
HEAT_2_DUTY=0
HEAT_2_SP=-20.0
HEAT_3_TEMP=29
HEAT_3_DUTY=0
HEAT_3_SP=-20.0
HEAT_4_TEMP=27
HEAT_4_DUTY=0
HEAT_4_SP=-20.0
MOTOR_ANGLE=0.008372093023255813
MOTOR_ACCUM=2.1013953488372095
MOTOR_ROT=4

[22:45:39.071 EBOX]
TS=1786207267.021
V_SENSE5=0.82763671875
V_SENSE9=0.07080078125
V_SENSE12=0.1220703125
ADC_V5=4.991455078125
ADC_V9=9.41650390625
ADC_V12=11.85028076171875
ADC_V28=26.939697265625
THERMAL_SENS_OUT_1=29
THERMAL_SENS_OUT_2=-50
THERMAL_SENS_OUT_3=30
THERMAL_SENS_OUT_4=26
THERMAL_SENS_OUT_5=31
THERMAL_SENS_OUT_6=-50
THERMAL_SENS_INT_1=25
THERMAL_SENS_INT_2=27
PG_5=0
PG_9=0
PG_12=0
FLT_P2=0
FLT_P3=0
HEAT_1_TEMP=29
HEAT_1_DUTY=0
HEAT_1_SP=-20.0
HEAT_2_TEMP=30
HEAT_2_DUTY=0
HEAT_2_SP=-20.0
HEAT_3_TEMP=26
HEAT_3_DUTY=0
HEAT_3_SP=-20.0
HEAT_4_TEMP=31
HEAT_4_DUTY=0
HEAT_4_SP=-20.0
MOTOR_ANGLE=0.008372093023255813
MOTOR_ACCUM=2.1013953488372095
MOTOR_ROT=4

[22:45:39.496 EBOX]
TS=1786207267.525
V_SENSE5=0.87158203125
V_SENSE9=0.0390625
V_SENSE12=0.15380859375
ADC_V5=5.00030517578125
ADC_V9=9.2041015625
ADC_V12=11.611328125
ADC_V28=26.87774658203125
THERMAL_SENS_OUT_1=30
THERMAL_SENS_OUT_2=-50
THERMAL_SENS_OUT_3=30
THERMAL_SENS_OUT_4=27
THERMAL_SENS_OUT_5=32
THERMAL_SENS_OUT_6=-50
THERMAL_SENS_INT_1=32
THERMAL_SENS_INT_2=27
PG_5=0
PG_9=0
PG_12=0
FLT_P2=0
FLT_P3=0
HEAT_1_TEMP=30
HEAT_1_DUTY=0
HEAT_1_SP=-20.0
HEAT_2_TEMP=30
HEAT_2_DUTY=0
HEAT_2_SP=-20.0
HEAT_3_TEMP=27
HEAT_3_DUTY=0
HEAT_3_SP=-20.0
HEAT_4_TEMP=32
HEAT_4_DUTY=0
HEAT_4_SP=-20.0
MOTOR_ANGLE=0.008372093023255813
MOTOR_ACCUM=2.1013953488372095
MOTOR_ROT=4

[22:45:40.128 EBOX]
TS=1786207268.027
V_SENSE5=0.84716796875
V_SENSE9=0.03662109375
V_SENSE12=0.1123046875
ADC_V5=5.01800537109375
ADC_V9=9.14215087890625
ADC_V12=11.72637939453125
ADC_V28=28.01055908203125
THERMAL_SENS_OUT_1=33
THERMAL_SENS_OUT_2=-50
THERMAL_SENS_OUT_3=27
THERMAL_SENS_OUT_4=33
THERMAL_SENS_OUT_5=26
THERMAL_SENS_OUT_6=-50
THERMAL_SENS_INT_1=26
THERMAL_SENS_INT_2=30
PG_5=0
PG_9=0
PG_12=0
FLT_P2=0
FLT_P3=0
HEAT_1_TEMP=33
HEAT_1_DUTY=0
HEAT_1_SP=-20.0
HEAT_2_TEMP=27
HEAT_2_DUTY=0
HEAT_2_SP=-20.0
HEAT_3_TEMP=33
HEAT_3_DUTY=0
HEAT_3_SP=-20.0
HEAT_4_TEMP=26
HEAT_4_DUTY=0
HEAT_4_SP=-20.0
MOTOR_ANGLE=0.008372093023255813
MOTOR_ACCUM=2.1013953488372095
MOTOR_ROT=4

[22:45:40.554 EBOX]
TS=1786207268.528
V_SENSE5=0.8203125
V_SENSE9=0.03662109375
V_SENSE12=0.107421875
ADC_V5=4.89410400390625
ADC_V9=9.07135009765625
ADC_V12=11.9122314453125
ADC_V28=27.79815673828125
THERMAL_SENS_OUT_1=33
THERMAL_SENS_OUT_2=-50
THERMAL_SENS_OUT_3=31
THERMAL_SENS_OUT_4=25
THERMAL_SENS_OUT_5=29
THERMAL_SENS_OUT_6=-50
THERMAL_SENS_INT_1=26
THERMAL_SENS_INT_2=31
PG_5=0
PG_9=0
PG_12=0
FLT_P2=0
FLT_P3=0
HEAT_1_TEMP=33
HEAT_1_DUTY=0
HEAT_1_SP=-20.0
HEAT_2_TEMP=31
HEAT_2_DUTY=0
HEAT_2_SP=-20.0
HEAT_3_TEMP=25
HEAT_3_DUTY=0
HEAT_3_SP=-20.0
HEAT_4_TEMP=29
HEAT_4_DUTY=0
HEAT_4_SP=-20.0
MOTOR_ANGLE=0.008372093023255813
MOTOR_ACCUM=2.1013953488372095
MOTOR_ROT=4

[22:45:41.684 EBOX]
TS=1786207269.031
V_SENSE5=0.80810546875
V_SENSE9=0.0341796875
V_SENSE12=0.1513671875
ADC_V5=4.9560546875
ADC_V9=9.47845458984375
ADC_V12=11.49627685546875
ADC_V28=27.6654052734375
THERMAL_SENS_OUT_1=28
THERMAL_SENS_OUT_2=-50
THERMAL_SENS_OUT_3=33
THERMAL_SENS_OUT_4=29
THERMAL_SENS_OUT_5=27
THERMAL_SENS_OUT_6=-50
THERMAL_SENS_INT_1=28
THERMAL_SENS_INT_2=34
PG_5=0
PG_9=0
PG_12=0
FLT_P2=0
FLT_P3=0
HEAT_1_TEMP=28
HEAT_1_DUTY=0
HEAT_1_SP=-20.0
HEAT_2_TEMP=33
HEAT_2_DUTY=0
HEAT_2_SP=-20.0
HEAT_3_TEMP=29
HEAT_3_DUTY=0
HEAT_3_SP=-20.0
HEAT_4_TEMP=27
HEAT_4_DUTY=0
HEAT_4_SP=-20.0
MOTOR_ANGLE=0.008372093023255813
MOTOR_ACCUM=2.1013953488372095
MOTOR_ROT=4

[22:45:41.807 EBOX]
TS=1786207269.532
V_SENSE5=0.8837890625
V_SENSE9=0.11474609375
V_SENSE12=0.1318359375
ADC_V5=4.920654296875
ADC_V9=9.42535400390625
ADC_V12=11.54937744140625
ADC_V28=28.16986083984375
THERMAL_SENS_OUT_1=28
THERMAL_SENS_OUT_2=-50
THERMAL_SENS_OUT_3=30
THERMAL_SENS_OUT_4=28
THERMAL_SENS_OUT_5=29
THERMAL_SENS_OUT_6=-50
THERMAL_SENS_INT_1=27
THERMAL_SENS_INT_2=27
PG_5=0
PG_9=0
PG_12=0
FLT_P2=0
FLT_P3=0
HEAT_1_TEMP=28
HEAT_1_DUTY=0
HEAT_1_SP=-20.0
HEAT_2_TEMP=30
HEAT_2_DUTY=0
HEAT_2_SP=-20.0
HEAT_3_TEMP=28
HEAT_3_DUTY=0
HEAT_3_SP=-20.0
HEAT_4_TEMP=29
HEAT_4_DUTY=0
HEAT_4_SP=-20.0
MOTOR_ANGLE=0.008372093023255813
MOTOR_ACCUM=2.1013953488372095
MOTOR_ROT=4

[22:45:42.136 EBOX]
TS=1786207270.035
V_SENSE5=0.93505859375
V_SENSE9=0.03662109375
V_SENSE12=0.1318359375
ADC_V5=4.920654296875
ADC_V9=9.14215087890625
ADC_V12=11.5228271484375
ADC_V28=27.8778076171875
THERMAL_SENS_OUT_1=34
THERMAL_SENS_OUT_2=-50
THERMAL_SENS_OUT_3=29
THERMAL_SENS_OUT_4=25
THERMAL_SENS_OUT_5=29
THERMAL_SENS_OUT_6=-50
THERMAL_SENS_INT_1=27
THERMAL_SENS_INT_2=34
PG_5=0
PG_9=0
PG_12=0
FLT_P2=0
FLT_P3=0
HEAT_1_TEMP=34
HEAT_1_DUTY=0
HEAT_1_SP=-20.0
HEAT_2_TEMP=29
HEAT_2_DUTY=0
HEAT_2_SP=-20.0
HEAT_3_TEMP=25
HEAT_3_DUTY=0
HEAT_3_SP=-20.0
HEAT_4_TEMP=29
HEAT_4_DUTY=0
HEAT_4_SP=-20.0
MOTOR_ANGLE=0.008372093023255813
MOTOR_ACCUM=2.1013953488372095
MOTOR_ROT=4

[22:45:42.864 EBOX]
TS=1786207270.533
V_SENSE5=0.8544921875
V_SENSE9=0.0341796875
V_SENSE12=0.13671875
ADC_V5=4.84100341796875
ADC_V9=8.84124755859375
ADC_V12=11.81488037109375
ADC_V28=27.01934814453125
THERMAL_SENS_OUT_1=26
THERMAL_SENS_OUT_2=-50
THERMAL_SENS_OUT_3=27
THERMAL_SENS_OUT_4=33
THERMAL_SENS_OUT_5=31
THERMAL_SENS_OUT_6=-50
THERMAL_SENS_INT_1=25
THERMAL_SENS_INT_2=32
PG_5=0
PG_9=0
PG_12=0
FLT_P2=0
FLT_P3=0
HEAT_1_TEMP=26
HEAT_1_DUTY=0
HEAT_1_SP=-20.0
HEAT_2_TEMP=27
HEAT_2_DUTY=0
HEAT_2_SP=-20.0
HEAT_3_TEMP=33
HEAT_3_DUTY=0
HEAT_3_SP=-20.0
HEAT_4_TEMP=31
HEAT_4_DUTY=0
HEAT_4_SP=-20.0
MOTOR_ANGLE=0.008372093023255813
MOTOR_ACCUM=2.1013953488372095
MOTOR_ROT=4

[22:45:43.391 EBOX]
TS=1786207271.038
V_SENSE5=0.869140625
V_SENSE9=0.0341796875
V_SENSE12=0.15380859375
ADC_V5=4.9737548828125
ADC_V9=9.1864013671875
ADC_V12=11.7529296875
ADC_V28=27.76275634765625
THERMAL_SENS_OUT_1=30
THERMAL_SENS_OUT_2=-50
THERMAL_SENS_OUT_3=32
THERMAL_SENS_OUT_4=26
THERMAL_SENS_OUT_5=27
THERMAL_SENS_OUT_6=-50
THERMAL_SENS_INT_1=28
THERMAL_SENS_INT_2=29
PG_5=0
PG_9=0
PG_12=0
FLT_P2=0
FLT_P3=0
HEAT_1_TEMP=30
HEAT_1_DUTY=0
HEAT_1_SP=-20.0
HEAT_2_TEMP=32
HEAT_2_DUTY=0
HEAT_2_SP=-20.0
HEAT_3_TEMP=26
HEAT_3_DUTY=0
HEAT_3_SP=-20.0
HEAT_4_TEMP=27
HEAT_4_DUTY=0
HEAT_4_SP=-20.0
MOTOR_ANGLE=0.008372093023255813
MOTOR_ACCUM=2.1013953488372095
MOTOR_ROT=4

[22:45:43.516 EBOX]
TS=1786207271.537
V_SENSE5=0.8837890625
V_SENSE9=0.0390625
V_SENSE12=0.12939453125
ADC_V5=5.00030517578125
ADC_V9=9.08905029296875
ADC_V12=11.51397705078125
ADC_V28=27.69195556640625
THERMAL_SENS_OUT_1=28
THERMAL_SENS_OUT_2=-50
THERMAL_SENS_OUT_3=30
THERMAL_SENS_OUT_4=26
THERMAL_SENS_OUT_5=32
THERMAL_SENS_OUT_6=-50
THERMAL_SENS_INT_1=31
THERMAL_SENS_INT_2=31
PG_5=0
PG_9=0
PG_12=0
FLT_P2=0
FLT_P3=0
HEAT_1_TEMP=28
HEAT_1_DUTY=0
HEAT_1_SP=-20.0
HEAT_2_TEMP=30
HEAT_2_DUTY=0
HEAT_2_SP=-20.0
HEAT_3_TEMP=26
HEAT_3_DUTY=0
HEAT_3_SP=-20.0
HEAT_4_TEMP=32
HEAT_4_DUTY=0
HEAT_4_SP=-20.0
MOTOR_ANGLE=0.008372093023255813
MOTOR_ACCUM=2.1013953488372095
MOTOR_ROT=4

[22:45:44.448 EBOX]
TS=1786207272.041
V_SENSE5=0.83251953125
V_SENSE9=0.0341796875
V_SENSE12=0.1318359375
ADC_V5=4.94720458984375
ADC_V9=8.8677978515625
ADC_V12=11.7706298828125
ADC_V28=28.13446044921875
THERMAL_SENS_OUT_1=33
THERMAL_SENS_OUT_2=-50
THERMAL_SENS_OUT_3=26
THERMAL_SENS_OUT_4=29
THERMAL_SENS_OUT_5=30
THERMAL_SENS_OUT_6=-50
THERMAL_SENS_INT_1=25
THERMAL_SENS_INT_2=30
PG_5=0
PG_9=0
PG_12=0
FLT_P2=0
FLT_P3=0
HEAT_1_TEMP=33
HEAT_1_DUTY=0
HEAT_1_SP=-20.0
HEAT_2_TEMP=26
HEAT_2_DUTY=0
HEAT_2_SP=-20.0
HEAT_3_TEMP=29
HEAT_3_DUTY=0
HEAT_3_SP=-20.0
HEAT_4_TEMP=30
HEAT_4_DUTY=0
HEAT_4_SP=-20.0
MOTOR_ANGLE=0.008372093023255813
MOTOR_ACCUM=2.1013953488372095
MOTOR_ROT=4

[22:45:44.571 EBOX]
TS=1786207272.543
V_SENSE5=0.89599609375
V_SENSE9=0.0537109375
V_SENSE12=0.1220703125
ADC_V5=4.920654296875
ADC_V9=8.956298828125
ADC_V12=11.89453125
ADC_V28=28.001708984375
THERMAL_SENS_OUT_1=31
THERMAL_SENS_OUT_2=-50
THERMAL_SENS_OUT_3=29
THERMAL_SENS_OUT_4=29
THERMAL_SENS_OUT_5=27
THERMAL_SENS_OUT_6=-50
THERMAL_SENS_INT_1=29
THERMAL_SENS_INT_2=30
PG_5=0
PG_9=0
PG_12=0
FLT_P2=0
FLT_P3=0
HEAT_1_TEMP=31
HEAT_1_DUTY=0
HEAT_1_SP=-20.0
HEAT_2_TEMP=29
HEAT_2_DUTY=0
HEAT_2_SP=-20.0
HEAT_3_TEMP=29
HEAT_3_DUTY=0
HEAT_3_SP=-20.0
HEAT_4_TEMP=27
HEAT_4_DUTY=0
HEAT_4_SP=-20.0
MOTOR_ANGLE=0.008372093023255813
MOTOR_ACCUM=2.1013953488372095
MOTOR_ROT=4

[22:45:45.099 EBOX]
TS=1786207273.045
V_SENSE5=0.859375
V_SENSE9=0.0390625
V_SENSE12=0.12939453125
ADC_V5=4.92950439453125
ADC_V9=9.10675048828125
ADC_V12=11.9122314453125
ADC_V28=27.576904296875
THERMAL_SENS_OUT_1=29
THERMAL_SENS_OUT_2=-50
THERMAL_SENS_OUT_3=27
THERMAL_SENS_OUT_4=33
THERMAL_SENS_OUT_5=30
THERMAL_SENS_OUT_6=-50
THERMAL_SENS_INT_1=28
THERMAL_SENS_INT_2=30
PG_5=0
PG_9=0
PG_12=0
FLT_P2=0
FLT_P3=0
HEAT_1_TEMP=29
HEAT_1_DUTY=0
HEAT_1_SP=-20.0
HEAT_2_TEMP=27
HEAT_2_DUTY=0
HEAT_2_SP=-20.0
HEAT_3_TEMP=33
HEAT_3_DUTY=0
HEAT_3_SP=-20.0
HEAT_4_TEMP=30
HEAT_4_DUTY=0
HEAT_4_SP=-20.0
MOTOR_ANGLE=0.008372093023255813
MOTOR_ACCUM=2.1013953488372095
MOTOR_ROT=4

[22:45:45.528 EBOX]
TS=1786207273.547
V_SENSE5=0.859375
V_SENSE9=0.03662109375
V_SENSE12=0.15380859375
ADC_V5=4.92950439453125
ADC_V9=9.24835205078125
ADC_V12=11.859130859375
ADC_V28=27.33795166015625
THERMAL_SENS_OUT_1=29
THERMAL_SENS_OUT_2=-50
THERMAL_SENS_OUT_3=29
THERMAL_SENS_OUT_4=27
THERMAL_SENS_OUT_5=28
THERMAL_SENS_OUT_6=-50
THERMAL_SENS_INT_1=27
THERMAL_SENS_INT_2=30
PG_5=0
PG_9=0
PG_12=0
FLT_P2=0
FLT_P3=0
HEAT_1_TEMP=29
HEAT_1_DUTY=0
HEAT_1_SP=-20.0
HEAT_2_TEMP=29
HEAT_2_DUTY=0
HEAT_2_SP=-20.0
HEAT_3_TEMP=27
HEAT_3_DUTY=0
HEAT_3_SP=-20.0
HEAT_4_TEMP=28
HEAT_4_DUTY=0
HEAT_4_SP=-20.0
MOTOR_ANGLE=0.008372093023255813
MOTOR_ACCUM=2.1013953488372095
MOTOR_ROT=4

[22:45:46.057 EBOX]
TS=1786207274.048
V_SENSE5=0.869140625
V_SENSE9=0.0341796875
V_SENSE12=0.10498046875
ADC_V5=4.9560546875
ADC_V9=9.0802001953125
ADC_V12=11.82373046875
ADC_V28=27.1875
THERMAL_SENS_OUT_1=34
THERMAL_SENS_OUT_2=-50
THERMAL_SENS_OUT_3=27
THERMAL_SENS_OUT_4=28
THERMAL_SENS_OUT_5=29
THERMAL_SENS_OUT_6=-50
THERMAL_SENS_INT_1=26
THERMAL_SENS_INT_2=29
PG_5=0
PG_9=0
PG_12=0
FLT_P2=0
FLT_P3=0
HEAT_1_TEMP=34
HEAT_1_DUTY=0
HEAT_1_SP=-20.0
HEAT_2_TEMP=27
HEAT_2_DUTY=0
HEAT_2_SP=-20.0
HEAT_3_TEMP=28
HEAT_3_DUTY=0
HEAT_3_SP=-20.0
HEAT_4_TEMP=29
HEAT_4_DUTY=0
HEAT_4_SP=-20.0
MOTOR_ANGLE=0.008372093023255813
MOTOR_ACCUM=2.1013953488372095
MOTOR_ROT=4

[22:45:46.586 EBOX]
TS=1786207274.548
V_SENSE5=0.8447265625
V_SENSE9=0.03662109375
V_SENSE12=0.1220703125
ADC_V5=4.88525390625
ADC_V9=8.9739990234375
ADC_V12=11.49627685546875
ADC_V28=27.5592041015625
THERMAL_SENS_OUT_1=27
THERMAL_SENS_OUT_2=-50
THERMAL_SENS_OUT_3=28
THERMAL_SENS_OUT_4=32
THERMAL_SENS_OUT_5=33
THERMAL_SENS_OUT_6=-50
THERMAL_SENS_INT_1=29
THERMAL_SENS_INT_2=28
PG_5=0
PG_9=0
PG_12=0
FLT_P2=0
FLT_P3=0
HEAT_1_TEMP=27
HEAT_1_DUTY=0
HEAT_1_SP=-20.0
HEAT_2_TEMP=28
HEAT_2_DUTY=0
HEAT_2_SP=-20.0
HEAT_3_TEMP=32
HEAT_3_DUTY=0
HEAT_3_SP=-20.0
HEAT_4_TEMP=33
HEAT_4_DUTY=0
HEAT_4_SP=-20.0
MOTOR_ANGLE=0.008372093023255813
MOTOR_ACCUM=2.1013953488372095
MOTOR_ROT=4

[22:45:47.114 EBOX]
TS=1786207275.050
V_SENSE5=0.86181640625
V_SENSE9=0.03662109375
V_SENSE12=0.14404296875
ADC_V5=4.92950439453125
ADC_V9=9.53155517578125
ADC_V12=11.47857666015625
ADC_V28=27.9486083984375
THERMAL_SENS_OUT_1=34
THERMAL_SENS_OUT_2=-50
THERMAL_SENS_OUT_3=28
THERMAL_SENS_OUT_4=32
THERMAL_SENS_OUT_5=29
THERMAL_SENS_OUT_6=-50
THERMAL_SENS_INT_1=29
THERMAL_SENS_INT_2=31
PG_5=0
PG_9=0
PG_12=0
FLT_P2=0
FLT_P3=0
HEAT_1_TEMP=34
HEAT_1_DUTY=0
HEAT_1_SP=-20.0
HEAT_2_TEMP=28
HEAT_2_DUTY=0
HEAT_2_SP=-20.0
HEAT_3_TEMP=32
HEAT_3_DUTY=0
HEAT_3_SP=-20.0
HEAT_4_TEMP=29
HEAT_4_DUTY=0
HEAT_4_SP=-20.0
MOTOR_ANGLE=0.008372093023255813
MOTOR_ACCUM=2.1013953488372095
MOTOR_ROT=4

[22:45:47.541 EBOX]
TS=1786207275.552
V_SENSE5=0.8544921875
V_SENSE9=0.0341796875
V_SENSE12=0.146484375
ADC_V5=5.00030517578125
ADC_V9=9.40765380859375
ADC_V12=11.4520263671875
ADC_V28=28.072509765625
THERMAL_SENS_OUT_1=32
THERMAL_SENS_OUT_2=-50
THERMAL_SENS_OUT_3=28
THERMAL_SENS_OUT_4=30
THERMAL_SENS_OUT_5=28
THERMAL_SENS_OUT_6=-50
THERMAL_SENS_INT_1=29
THERMAL_SENS_INT_2=28
PG_5=0
PG_9=0
PG_12=0
FLT_P2=0
FLT_P3=0
HEAT_1_TEMP=32
HEAT_1_DUTY=0
HEAT_1_SP=-20.0
HEAT_2_TEMP=28
HEAT_2_DUTY=0
HEAT_2_SP=-20.0
HEAT_3_TEMP=30
HEAT_3_DUTY=0
HEAT_3_SP=-20.0
HEAT_4_TEMP=28
HEAT_4_DUTY=0
HEAT_4_SP=-20.0
MOTOR_ANGLE=0.008372093023255813
MOTOR_ACCUM=2.1013953488372095
MOTOR_ROT=4

[22:45:48.374 EBOX]
TS=1786207276.054
V_SENSE5=0.849609375
V_SENSE9=0.0341796875
V_SENSE12=0.12451171875
ADC_V5=4.96490478515625
ADC_V9=9.26605224609375
ADC_V12=11.51397705078125
ADC_V28=28.1256103515625
THERMAL_SENS_OUT_1=28
THERMAL_SENS_OUT_2=-50
THERMAL_SENS_OUT_3=33
THERMAL_SENS_OUT_4=28
THERMAL_SENS_OUT_5=33
THERMAL_SENS_OUT_6=-50
THERMAL_SENS_INT_1=29
THERMAL_SENS_INT_2=28
PG_5=0
PG_9=0
PG_12=0
FLT_P2=0
FLT_P3=0
HEAT_1_TEMP=28
HEAT_1_DUTY=0
HEAT_1_SP=-20.0
HEAT_2_TEMP=33
HEAT_2_DUTY=0
HEAT_2_SP=-20.0
HEAT_3_TEMP=28
HEAT_3_DUTY=0
HEAT_3_SP=-20.0
HEAT_4_TEMP=33
HEAT_4_DUTY=0
HEAT_4_SP=-20.0
MOTOR_ANGLE=0.008372093023255813
MOTOR_ACCUM=2.1013953488372095
MOTOR_ROT=4

[22:45:48.600 EBOX]
TS=1786207276.556
V_SENSE5=0.8740234375
V_SENSE9=0.0341796875
V_SENSE12=0.1171875
ADC_V5=4.814453125
ADC_V9=8.92974853515625
ADC_V12=11.99188232421875
ADC_V28=27.4884033203125
THERMAL_SENS_OUT_1=28
THERMAL_SENS_OUT_2=-50
THERMAL_SENS_OUT_3=28
THERMAL_SENS_OUT_4=32
THERMAL_SENS_OUT_5=29
THERMAL_SENS_OUT_6=-50
THERMAL_SENS_INT_1=26
THERMAL_SENS_INT_2=34
PG_5=0
PG_9=0
PG_12=0
FLT_P2=0
FLT_P3=0
HEAT_1_TEMP=28
HEAT_1_DUTY=0
HEAT_1_SP=-20.0
HEAT_2_TEMP=28
HEAT_2_DUTY=0
HEAT_2_SP=-20.0
HEAT_3_TEMP=32
HEAT_3_DUTY=0
HEAT_3_SP=-20.0
HEAT_4_TEMP=29
HEAT_4_DUTY=0
HEAT_4_SP=-20.0
MOTOR_ANGLE=0.008372093023255813
MOTOR_ACCUM=2.1013953488372095
MOTOR_ROT=4

[22:45:49.129 EBOX]
TS=1786207277.058
V_SENSE5=0.8642578125
V_SENSE9=0.03662109375
V_SENSE12=0.146484375
ADC_V5=4.9737548828125
ADC_V9=9.23065185546875
ADC_V12=11.7706298828125
ADC_V28=28.09906005859375
THERMAL_SENS_OUT_1=28
THERMAL_SENS_OUT_2=-50
THERMAL_SENS_OUT_3=31
THERMAL_SENS_OUT_4=29
THERMAL_SENS_OUT_5=29
THERMAL_SENS_OUT_6=-50
THERMAL_SENS_INT_1=25
THERMAL_SENS_INT_2=27
PG_5=0
PG_9=0
PG_12=0
FLT_P2=0
FLT_P3=0
HEAT_1_TEMP=28
HEAT_1_DUTY=0
HEAT_1_SP=-20.0
HEAT_2_TEMP=31
HEAT_2_DUTY=0
HEAT_2_SP=-20.0
HEAT_3_TEMP=29
HEAT_3_DUTY=0
HEAT_3_SP=-20.0
HEAT_4_TEMP=29
HEAT_4_DUTY=0
HEAT_4_SP=-20.0
MOTOR_ANGLE=0.008372093023255813
MOTOR_ACCUM=2.1013953488372095
MOTOR_ROT=4

[22:45:49.553 EBOX]
TS=1786207277.559
V_SENSE5=0.85693359375
V_SENSE9=0.0341796875
V_SENSE12=0.12451171875
ADC_V5=5.00030517578125
ADC_V9=9.17755126953125
ADC_V12=11.88568115234375
ADC_V28=26.98394775390625
THERMAL_SENS_OUT_1=32
THERMAL_SENS_OUT_2=-50
THERMAL_SENS_OUT_3=29
THERMAL_SENS_OUT_4=28
THERMAL_SENS_OUT_5=33
THERMAL_SENS_OUT_6=-50
THERMAL_SENS_INT_1=28
THERMAL_SENS_INT_2=26
PG_5=0
PG_9=0
PG_12=0
FLT_P2=0
FLT_P3=0
HEAT_1_TEMP=32
HEAT_1_DUTY=0
HEAT_1_SP=-20.0
HEAT_2_TEMP=29
HEAT_2_DUTY=0
HEAT_2_SP=-20.0
HEAT_3_TEMP=28
HEAT_3_DUTY=0
HEAT_3_SP=-20.0
HEAT_4_TEMP=33
HEAT_4_DUTY=0
HEAT_4_SP=-20.0
MOTOR_ANGLE=0.008372093023255813
MOTOR_ACCUM=2.1013953488372095
MOTOR_ROT=4

[22:45:50.082 EBOX]
TS=1786207278.061
V_SENSE5=0.8544921875
V_SENSE9=0.0390625
V_SENSE12=0.1123046875
ADC_V5=4.9560546875
ADC_V9=9.24835205078125
ADC_V12=11.646728515625
ADC_V28=27.83355712890625
THERMAL_SENS_OUT_1=32
THERMAL_SENS_OUT_2=-50
THERMAL_SENS_OUT_3=28
THERMAL_SENS_OUT_4=32
THERMAL_SENS_OUT_5=28
THERMAL_SENS_OUT_6=-50
THERMAL_SENS_INT_1=28
THERMAL_SENS_INT_2=27
PG_5=0
PG_9=0
PG_12=0
FLT_P2=0
FLT_P3=0
HEAT_1_TEMP=32
HEAT_1_DUTY=0
HEAT_1_SP=-20.0
HEAT_2_TEMP=28
HEAT_2_DUTY=0
HEAT_2_SP=-20.0
HEAT_3_TEMP=32
HEAT_3_DUTY=0
HEAT_3_SP=-20.0
HEAT_4_TEMP=28
HEAT_4_DUTY=0
HEAT_4_SP=-20.0
MOTOR_ANGLE=0.008372093023255813
MOTOR_ACCUM=2.1013953488372095
MOTOR_ROT=4

[22:45:50.608 EBOX]
TS=1786207278.564
V_SENSE5=0.8251953125
V_SENSE9=0.0341796875
V_SENSE12=0.11962890625
ADC_V5=4.920654296875
ADC_V9=8.9739990234375
ADC_V12=11.8060302734375
ADC_V28=28.16986083984375
THERMAL_SENS_OUT_1=31
THERMAL_SENS_OUT_2=-50
THERMAL_SENS_OUT_3=26
THERMAL_SENS_OUT_4=31
THERMAL_SENS_OUT_5=29
THERMAL_SENS_OUT_6=-50
THERMAL_SENS_INT_1=29
THERMAL_SENS_INT_2=32
PG_5=0
PG_9=0
PG_12=0
FLT_P2=0
FLT_P3=0
HEAT_1_TEMP=31
HEAT_1_DUTY=0
HEAT_1_SP=-20.0
HEAT_2_TEMP=26
HEAT_2_DUTY=0
HEAT_2_SP=-20.0
HEAT_3_TEMP=31
HEAT_3_DUTY=0
HEAT_3_SP=-20.0
HEAT_4_TEMP=29
HEAT_4_DUTY=0
HEAT_4_SP=-20.0
MOTOR_ANGLE=0.008372093023255813
MOTOR_ACCUM=2.1013953488372095
MOTOR_ROT=4

[22:45:51.033 EBOX]
TS=1786207279.065
V_SENSE5=0.84228515625
V_SENSE9=0.0341796875
V_SENSE12=0.1220703125
ADC_V5=4.91180419921875
ADC_V9=9.42535400390625
ADC_V12=11.9476318359375
ADC_V28=27.1697998046875
THERMAL_SENS_OUT_1=29
THERMAL_SENS_OUT_2=-50
THERMAL_SENS_OUT_3=28
THERMAL_SENS_OUT_4=27
THERMAL_SENS_OUT_5=32
THERMAL_SENS_OUT_6=-50
THERMAL_SENS_INT_1=26
THERMAL_SENS_INT_2=33
PG_5=0
PG_9=0
PG_12=0
FLT_P2=0
FLT_P3=0
HEAT_1_TEMP=29
HEAT_1_DUTY=0
HEAT_1_SP=-20.0
HEAT_2_TEMP=28
HEAT_2_DUTY=0
HEAT_2_SP=-20.0
HEAT_3_TEMP=27
HEAT_3_DUTY=0
HEAT_3_SP=-20.0
HEAT_4_TEMP=32
HEAT_4_DUTY=0
HEAT_4_SP=-20.0
MOTOR_ANGLE=0.008372093023255813
MOTOR_ACCUM=2.1013953488372095
MOTOR_ROT=4

[22:45:51.862 EBOX]
TS=1786207279.570
V_SENSE5=0.859375
V_SENSE9=0.04150390625
V_SENSE12=0.19287109375
ADC_V5=5.0091552734375
ADC_V9=9.2218017578125
ADC_V12=11.86798095703125
ADC_V28=27.647705078125
THERMAL_SENS_OUT_1=34
THERMAL_SENS_OUT_2=-50
THERMAL_SENS_OUT_3=30
THERMAL_SENS_OUT_4=25
THERMAL_SENS_OUT_5=27
THERMAL_SENS_OUT_6=-50
THERMAL_SENS_INT_1=32
THERMAL_SENS_INT_2=28
PG_5=0
PG_9=0
PG_12=0
FLT_P2=0
FLT_P3=0
HEAT_1_TEMP=34
HEAT_1_DUTY=0
HEAT_1_SP=-20.0
HEAT_2_TEMP=30
HEAT_2_DUTY=0
HEAT_2_SP=-20.0
HEAT_3_TEMP=25
HEAT_3_DUTY=0
HEAT_3_SP=-20.0
HEAT_4_TEMP=27
HEAT_4_DUTY=0
HEAT_4_SP=-20.0
MOTOR_ANGLE=0.008372093023255813
MOTOR_ACCUM=2.1013953488372095
MOTOR_ROT=4

[22:45:52.388 EBOX]
TS=1786207280.069
V_SENSE5=0.90576171875
V_SENSE9=0.03662109375
V_SENSE12=0.15380859375
ADC_V5=4.92950439453125
ADC_V9=9.1864013671875
ADC_V12=11.49627685546875
ADC_V28=27.5238037109375
THERMAL_SENS_OUT_1=28
THERMAL_SENS_OUT_2=-50
THERMAL_SENS_OUT_3=27
THERMAL_SENS_OUT_4=33
THERMAL_SENS_OUT_5=29
THERMAL_SENS_OUT_6=-50
THERMAL_SENS_INT_1=32
THERMAL_SENS_INT_2=29
PG_5=0
PG_9=0
PG_12=0
FLT_P2=0
FLT_P3=0
HEAT_1_TEMP=28
HEAT_1_DUTY=0
HEAT_1_SP=-20.0
HEAT_2_TEMP=27
HEAT_2_DUTY=0
HEAT_2_SP=-20.0
HEAT_3_TEMP=33
HEAT_3_DUTY=0
HEAT_3_SP=-20.0
HEAT_4_TEMP=29
HEAT_4_DUTY=0
HEAT_4_SP=-20.0
MOTOR_ANGLE=0.008372093023255813
MOTOR_ACCUM=2.1013953488372095
MOTOR_ROT=4

[22:45:52.814 EBOX]
TS=1786207280.571
V_SENSE5=0.859375
V_SENSE9=0.0341796875
V_SENSE12=0.10986328125
ADC_V5=4.7967529296875
ADC_V9=8.94744873046875
ADC_V12=11.9122314453125
ADC_V28=28.11676025390625
THERMAL_SENS_OUT_1=30
THERMAL_SENS_OUT_2=-50
THERMAL_SENS_OUT_3=32
THERMAL_SENS_OUT_4=30
THERMAL_SENS_OUT_5=27
THERMAL_SENS_OUT_6=-50
THERMAL_SENS_INT_1=25
THERMAL_SENS_INT_2=29
PG_5=0
PG_9=0
PG_12=0
FLT_P2=0
FLT_P3=0
HEAT_1_TEMP=30
HEAT_1_DUTY=0
HEAT_1_SP=-20.0
HEAT_2_TEMP=32
HEAT_2_DUTY=0
HEAT_2_SP=-20.0
HEAT_3_TEMP=30
HEAT_3_DUTY=0
HEAT_3_SP=-20.0
HEAT_4_TEMP=27
HEAT_4_DUTY=0
HEAT_4_SP=-20.0
MOTOR_ANGLE=0.008372093023255813
MOTOR_ACCUM=2.1013953488372095
MOTOR_ROT=4

[22:45:53.340 EBOX]
TS=1786207281.072
V_SENSE5=0.85693359375
V_SENSE9=0.0341796875
V_SENSE12=0.1318359375
ADC_V5=4.91180419921875
ADC_V9=9.381103515625
ADC_V12=11.434326171875
ADC_V28=27.5238037109375
THERMAL_SENS_OUT_1=28
THERMAL_SENS_OUT_2=-50
THERMAL_SENS_OUT_3=26
THERMAL_SENS_OUT_4=26
THERMAL_SENS_OUT_5=29
THERMAL_SENS_OUT_6=-50
THERMAL_SENS_INT_1=25
THERMAL_SENS_INT_2=34
PG_5=0
PG_9=0
PG_12=0
FLT_P2=0
FLT_P3=0
HEAT_1_TEMP=28
HEAT_1_DUTY=0
HEAT_1_SP=-20.0
HEAT_2_TEMP=26
HEAT_2_DUTY=0
HEAT_2_SP=-20.0
HEAT_3_TEMP=26
HEAT_3_DUTY=0
HEAT_3_SP=-20.0
HEAT_4_TEMP=29
HEAT_4_DUTY=0
HEAT_4_SP=-20.0
MOTOR_ANGLE=0.008372093023255813
MOTOR_ACCUM=2.1013953488372095
MOTOR_ROT=4

[22:45:53.564 EBOX]
TS=1786207281.574
V_SENSE5=0.869140625
V_SENSE9=0.0390625
V_SENSE12=0.1416015625
ADC_V5=4.87640380859375
ADC_V9=9.4696044921875
ADC_V12=11.434326171875
ADC_V28=27.506103515625
THERMAL_SENS_OUT_1=28
THERMAL_SENS_OUT_2=-50
THERMAL_SENS_OUT_3=30
THERMAL_SENS_OUT_4=27
THERMAL_SENS_OUT_5=32
THERMAL_SENS_OUT_6=-50
THERMAL_SENS_INT_1=26
THERMAL_SENS_INT_2=30
PG_5=0
PG_9=0
PG_12=0
FLT_P2=0
FLT_P3=0
HEAT_1_TEMP=28
HEAT_1_DUTY=0
HEAT_1_SP=-20.0
HEAT_2_TEMP=30
HEAT_2_DUTY=0
HEAT_2_SP=-20.0
HEAT_3_TEMP=27
HEAT_3_DUTY=0
HEAT_3_SP=-20.0
HEAT_4_TEMP=32
HEAT_4_DUTY=0
HEAT_4_SP=-20.0
MOTOR_ANGLE=0.008372093023255813
MOTOR_ACCUM=2.1013953488372095
MOTOR_ROT=4

[22:45:54.090 EBOX]
TS=1786207282.076
V_SENSE5=0.859375
V_SENSE9=0.0341796875
V_SENSE12=0.1171875
ADC_V5=4.98260498046875
ADC_V9=8.99169921875
ADC_V12=11.72637939453125
ADC_V28=27.8778076171875
THERMAL_SENS_OUT_1=29
THERMAL_SENS_OUT_2=-50
THERMAL_SENS_OUT_3=29
THERMAL_SENS_OUT_4=26
THERMAL_SENS_OUT_5=27
THERMAL_SENS_OUT_6=-50
THERMAL_SENS_INT_1=29
THERMAL_SENS_INT_2=27
PG_5=0
PG_9=0
PG_12=0
FLT_P2=0
FLT_P3=0
HEAT_1_TEMP=29
HEAT_1_DUTY=0
HEAT_1_SP=-20.0
HEAT_2_TEMP=29
HEAT_2_DUTY=0
HEAT_2_SP=-20.0
HEAT_3_TEMP=26
HEAT_3_DUTY=0
HEAT_3_SP=-20.0
HEAT_4_TEMP=27
HEAT_4_DUTY=0
HEAT_4_SP=-20.0
MOTOR_ANGLE=0.008372093023255813
MOTOR_ACCUM=2.1013953488372095
MOTOR_ROT=4

[22:45:54.622 EBOX]
TS=1786207282.578
V_SENSE5=0.85693359375
V_SENSE9=0.0390625
V_SENSE12=0.13427734375
ADC_V5=5.00030517578125
ADC_V9=9.05364990234375
ADC_V12=11.859130859375
ADC_V28=27.364501953125
THERMAL_SENS_OUT_1=34
THERMAL_SENS_OUT_2=-50
THERMAL_SENS_OUT_3=30
THERMAL_SENS_OUT_4=27
THERMAL_SENS_OUT_5=33
THERMAL_SENS_OUT_6=-50
THERMAL_SENS_INT_1=26
THERMAL_SENS_INT_2=34
PG_5=0
PG_9=0
PG_12=0
FLT_P2=0
FLT_P3=0
HEAT_1_TEMP=34
HEAT_1_DUTY=0
HEAT_1_SP=-20.0
HEAT_2_TEMP=30
HEAT_2_DUTY=0
HEAT_2_SP=-20.0
HEAT_3_TEMP=27
HEAT_3_DUTY=0
HEAT_3_SP=-20.0
HEAT_4_TEMP=33
HEAT_4_DUTY=0
HEAT_4_SP=-20.0
MOTOR_ANGLE=0.008372093023255813
MOTOR_ACCUM=2.1013953488372095
MOTOR_ROT=4

[22:45:55.351 EBOX]
TS=1786207283.085
V_SENSE5=0.83251953125
V_SENSE9=0.0439453125
V_SENSE12=0.11962890625
ADC_V5=4.920654296875
ADC_V9=8.73504638671875
ADC_V12=11.929931640625
ADC_V28=27.718505859375
THERMAL_SENS_OUT_1=33
THERMAL_SENS_OUT_2=-50
THERMAL_SENS_OUT_3=33
THERMAL_SENS_OUT_4=28
THERMAL_SENS_OUT_5=28
THERMAL_SENS_OUT_6=-50
THERMAL_SENS_INT_1=29
THERMAL_SENS_INT_2=34
PG_5=0
PG_9=0
PG_12=0
FLT_P2=0
FLT_P3=0
HEAT_1_TEMP=33
HEAT_1_DUTY=0
HEAT_1_SP=-20.0
HEAT_2_TEMP=33
HEAT_2_DUTY=0
HEAT_2_SP=-20.0
HEAT_3_TEMP=28
HEAT_3_DUTY=0
HEAT_3_SP=-20.0
HEAT_4_TEMP=28
HEAT_4_DUTY=0
HEAT_4_SP=-20.0
MOTOR_ANGLE=0.008372093023255813
MOTOR_ACCUM=2.1013953488372095
MOTOR_ROT=4

[22:45:55.879 EBOX]
TS=1786207283.582
V_SENSE5=0.8447265625
V_SENSE9=0.0390625
V_SENSE12=0.18798828125
ADC_V5=4.9737548828125
ADC_V9=9.2218017578125
ADC_V12=11.74407958984375
ADC_V28=28.15216064453125
THERMAL_SENS_OUT_1=27
THERMAL_SENS_OUT_2=-50
THERMAL_SENS_OUT_3=31
THERMAL_SENS_OUT_4=28
THERMAL_SENS_OUT_5=27
THERMAL_SENS_OUT_6=-50
THERMAL_SENS_INT_1=28
THERMAL_SENS_INT_2=32
PG_5=0
PG_9=0
PG_12=0
FLT_P2=0
FLT_P3=0
HEAT_1_TEMP=27
HEAT_1_DUTY=0
HEAT_1_SP=-20.0
HEAT_2_TEMP=31
HEAT_2_DUTY=0
HEAT_2_SP=-20.0
HEAT_3_TEMP=28
HEAT_3_DUTY=0
HEAT_3_SP=-20.0
HEAT_4_TEMP=27
HEAT_4_DUTY=0
HEAT_4_SP=-20.0
MOTOR_ANGLE=0.008372093023255813
MOTOR_ACCUM=2.1013953488372095
MOTOR_ROT=4

[22:45:56.107 EBOX]
TS=1786207284.084
V_SENSE5=0.8349609375
V_SENSE9=0.0341796875
V_SENSE12=0.12451171875
ADC_V5=4.9029541015625
ADC_V9=9.2926025390625
ADC_V12=11.4697265625
ADC_V28=27.65655517578125
THERMAL_SENS_OUT_1=28
THERMAL_SENS_OUT_2=-50
THERMAL_SENS_OUT_3=30
THERMAL_SENS_OUT_4=26
THERMAL_SENS_OUT_5=29
THERMAL_SENS_OUT_6=-50
THERMAL_SENS_INT_1=29
THERMAL_SENS_INT_2=29
PG_5=0
PG_9=0
PG_12=0
FLT_P2=0
FLT_P3=0
HEAT_1_TEMP=28
HEAT_1_DUTY=0
HEAT_1_SP=-20.0
HEAT_2_TEMP=30
HEAT_2_DUTY=0
HEAT_2_SP=-20.0
HEAT_3_TEMP=26
HEAT_3_DUTY=0
HEAT_3_SP=-20.0
HEAT_4_TEMP=29
HEAT_4_DUTY=0
HEAT_4_SP=-20.0
MOTOR_ANGLE=0.008372093023255813
MOTOR_ACCUM=2.1013953488372095
MOTOR_ROT=4

[22:45:56.636 EBOX]
TS=1786207284.585
V_SENSE5=0.91552734375
V_SENSE9=0.03662109375
V_SENSE12=0.1416015625
ADC_V5=5.05340576171875
ADC_V9=9.23065185546875
ADC_V12=11.4520263671875
ADC_V28=26.96624755859375
THERMAL_SENS_OUT_1=32
THERMAL_SENS_OUT_2=-50
THERMAL_SENS_OUT_3=33
THERMAL_SENS_OUT_4=25
THERMAL_SENS_OUT_5=33
THERMAL_SENS_OUT_6=-50
THERMAL_SENS_INT_1=29
THERMAL_SENS_INT_2=28
PG_5=0
PG_9=0
PG_12=0
FLT_P2=0
FLT_P3=0
HEAT_1_TEMP=32
HEAT_1_DUTY=0
HEAT_1_SP=-20.0
HEAT_2_TEMP=33
HEAT_2_DUTY=0
HEAT_2_SP=-20.0
HEAT_3_TEMP=25
HEAT_3_DUTY=0
HEAT_3_SP=-20.0
HEAT_4_TEMP=33
HEAT_4_DUTY=0
HEAT_4_SP=-20.0
MOTOR_ANGLE=0.008372093023255813
MOTOR_ACCUM=2.1013953488372095
MOTOR_ROT=4

[22:45:57.065 EBOX]
TS=1786207285.087
V_SENSE5=0.87890625
V_SENSE9=0.03662109375
V_SENSE12=0.11474609375
ADC_V5=5.08880615234375
ADC_V9=8.94744873046875
ADC_V12=11.9476318359375
ADC_V28=28.143310546875
THERMAL_SENS_OUT_1=31
THERMAL_SENS_OUT_2=-50
THERMAL_SENS_OUT_3=33
THERMAL_SENS_OUT_4=29
THERMAL_SENS_OUT_5=28
THERMAL_SENS_OUT_6=-50
THERMAL_SENS_INT_1=29
THERMAL_SENS_INT_2=27
PG_5=0
PG_9=0
PG_12=0
FLT_P2=0
FLT_P3=0
HEAT_1_TEMP=31
HEAT_1_DUTY=0
HEAT_1_SP=-20.0
HEAT_2_TEMP=33
HEAT_2_DUTY=0
HEAT_2_SP=-20.0
HEAT_3_TEMP=29
HEAT_3_DUTY=0
HEAT_3_SP=-20.0
HEAT_4_TEMP=28
HEAT_4_DUTY=0
HEAT_4_SP=-20.0
MOTOR_ANGLE=0.008372093023255813
MOTOR_ACCUM=2.1013953488372095
MOTOR_ROT=4

[22:45:57.595 EBOX]
TS=1786207285.588
V_SENSE5=0.849609375
V_SENSE9=0.0390625
V_SENSE12=0.13671875
ADC_V5=5.01800537109375
ADC_V9=8.885498046875
ADC_V12=11.46087646484375
ADC_V28=27.32025146484375
THERMAL_SENS_OUT_1=28
THERMAL_SENS_OUT_2=-50
THERMAL_SENS_OUT_3=27
THERMAL_SENS_OUT_4=33
THERMAL_SENS_OUT_5=28
THERMAL_SENS_OUT_6=-50
THERMAL_SENS_INT_1=28
THERMAL_SENS_INT_2=27
PG_5=0
PG_9=0
PG_12=0
FLT_P2=0
FLT_P3=0
HEAT_1_TEMP=28
HEAT_1_DUTY=0
HEAT_1_SP=-20.0
HEAT_2_TEMP=27
HEAT_2_DUTY=0
HEAT_2_SP=-20.0
HEAT_3_TEMP=33
HEAT_3_DUTY=0
HEAT_3_SP=-20.0
HEAT_4_TEMP=28
HEAT_4_DUTY=0
HEAT_4_SP=-20.0
MOTOR_ANGLE=0.008372093023255813
MOTOR_ACCUM=2.1013953488372095
MOTOR_ROT=4

[22:45:58.123 EBOX]
TS=1786207286.094
V_SENSE5=0.84716796875
V_SENSE9=0.03662109375
V_SENSE12=0.1123046875
ADC_V5=4.9029541015625
ADC_V9=9.15985107421875
ADC_V12=11.83258056640625
ADC_V28=28.072509765625
THERMAL_SENS_OUT_1=28
THERMAL_SENS_OUT_2=-50
THERMAL_SENS_OUT_3=28
THERMAL_SENS_OUT_4=29
THERMAL_SENS_OUT_5=26
THERMAL_SENS_OUT_6=-50
THERMAL_SENS_INT_1=26
THERMAL_SENS_INT_2=29
PG_5=0
PG_9=0
PG_12=0
FLT_P2=0
FLT_P3=0
HEAT_1_TEMP=28
HEAT_1_DUTY=0
HEAT_1_SP=-20.0
HEAT_2_TEMP=28
HEAT_2_DUTY=0
HEAT_2_SP=-20.0
HEAT_3_TEMP=29
HEAT_3_DUTY=0
HEAT_3_SP=-20.0
HEAT_4_TEMP=26
HEAT_4_DUTY=0
HEAT_4_SP=-20.0
MOTOR_ANGLE=0.008372093023255813
MOTOR_ACCUM=2.1013953488372095
MOTOR_ROT=4

[22:45:58.553 EBOX]
TS=1786207286.594
V_SENSE5=0.93505859375
V_SENSE9=0.0390625
V_SENSE12=0.1171875
ADC_V5=4.9560546875
ADC_V9=9.239501953125
ADC_V12=11.68212890625
ADC_V28=27.01934814453125
THERMAL_SENS_OUT_1=30
THERMAL_SENS_OUT_2=-50
THERMAL_SENS_OUT_3=30
THERMAL_SENS_OUT_4=28
THERMAL_SENS_OUT_5=29
THERMAL_SENS_OUT_6=-50
THERMAL_SENS_INT_1=26
THERMAL_SENS_INT_2=33
PG_5=0
PG_9=0
PG_12=0
FLT_P2=0
FLT_P3=0
HEAT_1_TEMP=30
HEAT_1_DUTY=0
HEAT_1_SP=-20.0
HEAT_2_TEMP=30
HEAT_2_DUTY=0
HEAT_2_SP=-20.0
HEAT_3_TEMP=28
HEAT_3_DUTY=0
HEAT_3_SP=-20.0
HEAT_4_TEMP=29
HEAT_4_DUTY=0
HEAT_4_SP=-20.0
MOTOR_ANGLE=0.008372093023255813
MOTOR_ACCUM=2.1013953488372095
MOTOR_ROT=4

[22:45:59.081 EBOX]
TS=1786207287.098
V_SENSE5=0.869140625
V_SENSE9=0.03662109375
V_SENSE12=0.13671875
ADC_V5=4.9029541015625
ADC_V9=9.30145263671875
ADC_V12=11.7352294921875
ADC_V28=27.3468017578125
THERMAL_SENS_OUT_1=27
THERMAL_SENS_OUT_2=-50
THERMAL_SENS_OUT_3=28
THERMAL_SENS_OUT_4=29
THERMAL_SENS_OUT_5=27
THERMAL_SENS_OUT_6=-50
THERMAL_SENS_INT_1=26
THERMAL_SENS_INT_2=30
PG_5=0
PG_9=0
PG_12=0
FLT_P2=0
FLT_P3=0
HEAT_1_TEMP=27
HEAT_1_DUTY=0
HEAT_1_SP=-20.0
HEAT_2_TEMP=28
HEAT_2_DUTY=0
HEAT_2_SP=-20.0
HEAT_3_TEMP=29
HEAT_3_DUTY=0
HEAT_3_SP=-20.0
HEAT_4_TEMP=27
HEAT_4_DUTY=0
HEAT_4_SP=-20.0
MOTOR_ANGLE=0.008372093023255813
MOTOR_ACCUM=2.1013953488372095
MOTOR_ROT=4

[22:45:59.608 EBOX]
TS=1786207287.599
V_SENSE5=0.83984375
V_SENSE9=0.0341796875
V_SENSE12=0.17333984375
ADC_V5=5.00030517578125
ADC_V9=8.9739990234375
ADC_V12=11.70867919921875
ADC_V28=27.3114013671875
THERMAL_SENS_OUT_1=28
THERMAL_SENS_OUT_2=-50
THERMAL_SENS_OUT_3=28
THERMAL_SENS_OUT_4=29
THERMAL_SENS_OUT_5=33
THERMAL_SENS_OUT_6=-50
THERMAL_SENS_INT_1=27
THERMAL_SENS_INT_2=30
PG_5=0
PG_9=0
PG_12=0
FLT_P2=0
FLT_P3=0
HEAT_1_TEMP=28
HEAT_1_DUTY=0
HEAT_1_SP=-20.0
HEAT_2_TEMP=28
HEAT_2_DUTY=0
HEAT_2_SP=-20.0
HEAT_3_TEMP=29
HEAT_3_DUTY=0
HEAT_3_SP=-20.0
HEAT_4_TEMP=33
HEAT_4_DUTY=0
HEAT_4_SP=-20.0
MOTOR_ANGLE=0.008372093023255813
MOTOR_ACCUM=2.1013953488372095
MOTOR_ROT=4

[22:46:00.238 EBOX]
TS=1786207288.099
V_SENSE5=0.83984375
V_SENSE9=0.0341796875
V_SENSE12=0.12451171875
ADC_V5=4.849853515625
ADC_V9=9.4342041015625
ADC_V12=11.90338134765625
ADC_V28=27.81585693359375
THERMAL_SENS_OUT_1=34
THERMAL_SENS_OUT_2=-50
THERMAL_SENS_OUT_3=27
THERMAL_SENS_OUT_4=31
THERMAL_SENS_OUT_5=29
THERMAL_SENS_OUT_6=-50
THERMAL_SENS_INT_1=33
THERMAL_SENS_INT_2=30
PG_5=0
PG_9=0
PG_12=0
FLT_P2=0
FLT_P3=0
HEAT_1_TEMP=34
HEAT_1_DUTY=0
HEAT_1_SP=-20.0
HEAT_2_TEMP=27
HEAT_2_DUTY=0
HEAT_2_SP=-20.0
HEAT_3_TEMP=31
HEAT_3_DUTY=0
HEAT_3_SP=-20.0
HEAT_4_TEMP=29
HEAT_4_DUTY=0
HEAT_4_SP=-20.0
MOTOR_ANGLE=0.008372093023255813
MOTOR_ACCUM=2.1013953488372095
MOTOR_ROT=4

[22:46:00.567 EBOX]
TS=1786207288.601
V_SENSE5=0.849609375
V_SENSE9=0.0390625
V_SENSE12=0.126953125
ADC_V5=4.920654296875
ADC_V9=9.33685302734375
ADC_V12=11.97418212890625
ADC_V28=28.09906005859375
THERMAL_SENS_OUT_1=30
THERMAL_SENS_OUT_2=-50
THERMAL_SENS_OUT_3=30
THERMAL_SENS_OUT_4=30
THERMAL_SENS_OUT_5=27
THERMAL_SENS_OUT_6=-50
THERMAL_SENS_INT_1=26
THERMAL_SENS_INT_2=28
PG_5=0
PG_9=0
PG_12=0
FLT_P2=0
FLT_P3=0
HEAT_1_TEMP=30
HEAT_1_DUTY=0
HEAT_1_SP=-20.0
HEAT_2_TEMP=30
HEAT_2_DUTY=0
HEAT_2_SP=-20.0
HEAT_3_TEMP=30
HEAT_3_DUTY=0
HEAT_3_SP=-20.0
HEAT_4_TEMP=27
HEAT_4_DUTY=0
HEAT_4_SP=-20.0
MOTOR_ANGLE=0.008372093023255813
MOTOR_ACCUM=2.1013953488372095
MOTOR_ROT=4

[22:46:01.206 EBOX]
TS=1786207289.105
V_SENSE5=0.85693359375
V_SENSE9=0.03662109375
V_SENSE12=0.126953125
ADC_V5=4.96490478515625
ADC_V9=8.885498046875
ADC_V12=12.02728271484375
ADC_V28=27.7362060546875
THERMAL_SENS_OUT_1=31
THERMAL_SENS_OUT_2=-50
THERMAL_SENS_OUT_3=29
THERMAL_SENS_OUT_4=26
THERMAL_SENS_OUT_5=31
THERMAL_SENS_OUT_6=-50
THERMAL_SENS_INT_1=26
THERMAL_SENS_INT_2=28
PG_5=0
PG_9=0
PG_12=0
FLT_P2=0
FLT_P3=0
HEAT_1_TEMP=31
HEAT_1_DUTY=0
HEAT_1_SP=-20.0
HEAT_2_TEMP=29
HEAT_2_DUTY=0
HEAT_2_SP=-20.0
HEAT_3_TEMP=26
HEAT_3_DUTY=0
HEAT_3_SP=-20.0
HEAT_4_TEMP=31
HEAT_4_DUTY=0
HEAT_4_SP=-20.0
MOTOR_ANGLE=0.008372093023255813
MOTOR_ACCUM=2.1013953488372095
MOTOR_ROT=4

[22:46:01.938 EBOX]
TS=1786207289.605
V_SENSE5=0.83251953125
V_SENSE9=0.03662109375
V_SENSE12=0.1318359375
ADC_V5=4.92950439453125
ADC_V9=9.13330078125
ADC_V12=11.89453125
ADC_V28=27.7362060546875
THERMAL_SENS_OUT_1=30
THERMAL_SENS_OUT_2=-50
THERMAL_SENS_OUT_3=30
THERMAL_SENS_OUT_4=29
THERMAL_SENS_OUT_5=28
THERMAL_SENS_OUT_6=-50
THERMAL_SENS_INT_1=28
THERMAL_SENS_INT_2=28
PG_5=0
PG_9=0
PG_12=0
FLT_P2=0
FLT_P3=0
HEAT_1_TEMP=30
HEAT_1_DUTY=0
HEAT_1_SP=-20.0
HEAT_2_TEMP=30
HEAT_2_DUTY=0
HEAT_2_SP=-20.0
HEAT_3_TEMP=29
HEAT_3_DUTY=0
HEAT_3_SP=-20.0
HEAT_4_TEMP=28
HEAT_4_DUTY=0
HEAT_4_SP=-20.0
MOTOR_ANGLE=0.008372093023255813
MOTOR_ACCUM=2.1013953488372095
MOTOR_ROT=4

[22:46:02.066 EBOX]
TS=1786207290.107
V_SENSE5=0.85205078125
V_SENSE9=0.0341796875
V_SENSE12=0.15380859375
ADC_V5=4.87640380859375
ADC_V9=9.17755126953125
ADC_V12=11.53167724609375
ADC_V28=27.49725341796875
THERMAL_SENS_OUT_1=34
THERMAL_SENS_OUT_2=-50
THERMAL_SENS_OUT_3=28
THERMAL_SENS_OUT_4=25
THERMAL_SENS_OUT_5=30
THERMAL_SENS_OUT_6=-50
THERMAL_SENS_INT_1=28
THERMAL_SENS_INT_2=27
PG_5=0
PG_9=0
PG_12=0
FLT_P2=0
FLT_P3=0
HEAT_1_TEMP=34
HEAT_1_DUTY=0
HEAT_1_SP=-20.0
HEAT_2_TEMP=28
HEAT_2_DUTY=0
HEAT_2_SP=-20.0
HEAT_3_TEMP=25
HEAT_3_DUTY=0
HEAT_3_SP=-20.0
HEAT_4_TEMP=30
HEAT_4_DUTY=0
HEAT_4_SP=-20.0
MOTOR_ANGLE=0.008372093023255813
MOTOR_ACCUM=2.1013953488372095
MOTOR_ROT=4

[22:46:02.599 EBOX]
TS=1786207290.607
V_SENSE5=0.8642578125
V_SENSE9=0.03662109375
V_SENSE12=0.15869140625
ADC_V5=5.01800537109375
ADC_V9=9.54925537109375
ADC_V12=11.7529296875
ADC_V28=28.0194091796875
THERMAL_SENS_OUT_1=31
THERMAL_SENS_OUT_2=-50
THERMAL_SENS_OUT_3=29
THERMAL_SENS_OUT_4=31
THERMAL_SENS_OUT_5=28
THERMAL_SENS_OUT_6=-50
THERMAL_SENS_INT_1=27
THERMAL_SENS_INT_2=33
PG_5=0
PG_9=0
PG_12=0
FLT_P2=0
FLT_P3=0
HEAT_1_TEMP=31
HEAT_1_DUTY=0
HEAT_1_SP=-20.0
HEAT_2_TEMP=29
HEAT_2_DUTY=0
HEAT_2_SP=-20.0
HEAT_3_TEMP=31
HEAT_3_DUTY=0
HEAT_3_SP=-20.0
HEAT_4_TEMP=28
HEAT_4_DUTY=0
HEAT_4_SP=-20.0
MOTOR_ANGLE=0.008372093023255813
MOTOR_ACCUM=2.1013953488372095
MOTOR_ROT=4

[22:46:03.135 EBOX]
TS=1786207291.112
V_SENSE5=0.83984375
V_SENSE9=0.0341796875
V_SENSE12=0.13916015625
ADC_V5=4.920654296875
ADC_V9=8.85009765625
ADC_V12=11.88568115234375
ADC_V28=27.74505615234375
THERMAL_SENS_OUT_1=32
THERMAL_SENS_OUT_2=-50
THERMAL_SENS_OUT_3=29
THERMAL_SENS_OUT_4=30
THERMAL_SENS_OUT_5=28
THERMAL_SENS_OUT_6=-50
THERMAL_SENS_INT_1=29
THERMAL_SENS_INT_2=30
PG_5=0
PG_9=0
PG_12=0
FLT_P2=0
FLT_P3=0
HEAT_1_TEMP=32
HEAT_1_DUTY=0
HEAT_1_SP=-20.0
HEAT_2_TEMP=29
HEAT_2_DUTY=0
HEAT_2_SP=-20.0
HEAT_3_TEMP=30
HEAT_3_DUTY=0
HEAT_3_SP=-20.0
HEAT_4_TEMP=28
HEAT_4_DUTY=0
HEAT_4_SP=-20.0
MOTOR_ANGLE=0.008372093023255813
MOTOR_ACCUM=2.1013953488372095
MOTOR_ROT=4

[22:46:03.662 EBOX]
TS=1786207291.614
V_SENSE5=0.859375
V_SENSE9=0.03662109375
V_SENSE12=0.13427734375
ADC_V5=5.08880615234375
ADC_V9=8.96514892578125
ADC_V12=11.9122314453125
ADC_V28=28.18756103515625
THERMAL_SENS_OUT_1=27
THERMAL_SENS_OUT_2=-50
THERMAL_SENS_OUT_3=28
THERMAL_SENS_OUT_4=30
THERMAL_SENS_OUT_5=29
THERMAL_SENS_OUT_6=-50
THERMAL_SENS_INT_1=26
THERMAL_SENS_INT_2=27
PG_5=0
PG_9=0
PG_12=0
FLT_P2=0
FLT_P3=0
HEAT_1_TEMP=27
HEAT_1_DUTY=0
HEAT_1_SP=-20.0
HEAT_2_TEMP=28
HEAT_2_DUTY=0
HEAT_2_SP=-20.0
HEAT_3_TEMP=30
HEAT_3_DUTY=0
HEAT_3_SP=-20.0
HEAT_4_TEMP=29
HEAT_4_DUTY=0
HEAT_4_SP=-20.0
MOTOR_ANGLE=0.008372093023255813
MOTOR_ACCUM=2.1013953488372095
MOTOR_ROT=4

[22:46:04.091 EBOX]
TS=1786207292.117
V_SENSE5=0.93505859375
V_SENSE9=0.0341796875
V_SENSE12=0.13427734375
ADC_V5=4.9383544921875
ADC_V9=9.49615478515625
ADC_V12=11.89453125
ADC_V28=27.88665771484375
THERMAL_SENS_OUT_1=26
THERMAL_SENS_OUT_2=-50
THERMAL_SENS_OUT_3=32
THERMAL_SENS_OUT_4=26
THERMAL_SENS_OUT_5=28
THERMAL_SENS_OUT_6=-50
THERMAL_SENS_INT_1=27
THERMAL_SENS_INT_2=30
PG_5=0
PG_9=0
PG_12=0
FLT_P2=0
FLT_P3=0
HEAT_1_TEMP=26
HEAT_1_DUTY=0
HEAT_1_SP=-20.0
HEAT_2_TEMP=32
HEAT_2_DUTY=0
HEAT_2_SP=-20.0
HEAT_3_TEMP=26
HEAT_3_DUTY=0
HEAT_3_SP=-20.0
HEAT_4_TEMP=28
HEAT_4_DUTY=0
HEAT_4_SP=-20.0
MOTOR_ANGLE=0.008372093023255813
MOTOR_ACCUM=2.1013953488372095
MOTOR_ROT=4

[22:46:04.627 EBOX]
TS=1786207292.614
V_SENSE5=0.83984375
V_SENSE9=0.0390625
V_SENSE12=0.14892578125
ADC_V5=4.91180419921875
ADC_V9=9.38995361328125
ADC_V12=11.5936279296875
ADC_V28=27.72735595703125
THERMAL_SENS_OUT_1=26
THERMAL_SENS_OUT_2=-50
THERMAL_SENS_OUT_3=25
THERMAL_SENS_OUT_4=32
THERMAL_SENS_OUT_5=29
THERMAL_SENS_OUT_6=-50
THERMAL_SENS_INT_1=29
THERMAL_SENS_INT_2=29
PG_5=0
PG_9=0
PG_12=0
FLT_P2=0
FLT_P3=0
HEAT_1_TEMP=26
HEAT_1_DUTY=0
HEAT_1_SP=-20.0
HEAT_2_TEMP=25
HEAT_2_DUTY=0
HEAT_2_SP=-20.0
HEAT_3_TEMP=32
HEAT_3_DUTY=0
HEAT_3_SP=-20.0
HEAT_4_TEMP=29
HEAT_4_DUTY=0
HEAT_4_SP=-20.0
MOTOR_ANGLE=0.008372093023255813
MOTOR_ACCUM=2.1013953488372095
MOTOR_ROT=4

[22:46:05.155 EBOX]
TS=1786207293.118
V_SENSE5=0.85693359375
V_SENSE9=0.0390625
V_SENSE12=0.126953125
ADC_V5=4.82330322265625
ADC_V9=9.05364990234375
ADC_V12=11.6290283203125
ADC_V28=27.49725341796875
THERMAL_SENS_OUT_1=34
THERMAL_SENS_OUT_2=-50
THERMAL_SENS_OUT_3=28
THERMAL_SENS_OUT_4=28
THERMAL_SENS_OUT_5=30
THERMAL_SENS_OUT_6=-50
THERMAL_SENS_INT_1=26
THERMAL_SENS_INT_2=31
PG_5=0
PG_9=0
PG_12=0
FLT_P2=0
FLT_P3=0
HEAT_1_TEMP=34
HEAT_1_DUTY=0
HEAT_1_SP=-20.0
HEAT_2_TEMP=28
HEAT_2_DUTY=0
HEAT_2_SP=-20.0
HEAT_3_TEMP=28
HEAT_3_DUTY=0
HEAT_3_SP=-20.0
HEAT_4_TEMP=30
HEAT_4_DUTY=0
HEAT_4_SP=-20.0
MOTOR_ANGLE=0.008372093023255813
MOTOR_ACCUM=2.1013953488372095
MOTOR_ROT=4

[22:46:05.582 EBOX]
TS=1786207293.620
V_SENSE5=0.88623046875
V_SENSE9=0.03662109375
V_SENSE12=0.10986328125
ADC_V5=4.88525390625
ADC_V9=9.345703125
ADC_V12=11.85028076171875
ADC_V28=27.01934814453125
THERMAL_SENS_OUT_1=29
THERMAL_SENS_OUT_2=-50
THERMAL_SENS_OUT_3=26
THERMAL_SENS_OUT_4=26
THERMAL_SENS_OUT_5=29
THERMAL_SENS_OUT_6=-50
THERMAL_SENS_INT_1=33
THERMAL_SENS_INT_2=29
PG_5=0
PG_9=0
PG_12=0
FLT_P2=0
FLT_P3=0
HEAT_1_TEMP=29
HEAT_1_DUTY=0
HEAT_1_SP=-20.0
HEAT_2_TEMP=26
HEAT_2_DUTY=0
HEAT_2_SP=-20.0
HEAT_3_TEMP=26
HEAT_3_DUTY=0
HEAT_3_SP=-20.0
HEAT_4_TEMP=29
HEAT_4_DUTY=0
HEAT_4_SP=-20.0
MOTOR_ANGLE=0.008372093023255813
MOTOR_ACCUM=2.1013953488372095
MOTOR_ROT=4

[22:46:06.110 EBOX]
TS=1786207294.122
V_SENSE5=0.89599609375
V_SENSE9=0.05615234375
V_SENSE12=0.1220703125
ADC_V5=4.991455078125
ADC_V9=9.345703125
ADC_V12=11.4697265625
ADC_V28=28.06365966796875
THERMAL_SENS_OUT_1=32
THERMAL_SENS_OUT_2=-50
THERMAL_SENS_OUT_3=27
THERMAL_SENS_OUT_4=29
THERMAL_SENS_OUT_5=30
THERMAL_SENS_OUT_6=-50
THERMAL_SENS_INT_1=29
THERMAL_SENS_INT_2=33
PG_5=0
PG_9=0
PG_12=0
FLT_P2=0
FLT_P3=0
HEAT_1_TEMP=32
HEAT_1_DUTY=0
HEAT_1_SP=-20.0
HEAT_2_TEMP=27
HEAT_2_DUTY=0
HEAT_2_SP=-20.0
HEAT_3_TEMP=29
HEAT_3_DUTY=0
HEAT_3_SP=-20.0
HEAT_4_TEMP=30
HEAT_4_DUTY=0
HEAT_4_SP=-20.0
MOTOR_ANGLE=0.008372093023255813
MOTOR_ACCUM=2.1013953488372095
MOTOR_ROT=4

[22:46:06.643 EBOX]
TS=1786207294.621
V_SENSE5=0.87890625
V_SENSE9=0.03662109375
V_SENSE12=0.126953125
ADC_V5=4.814453125
ADC_V9=9.2041015625
ADC_V12=11.42547607421875
ADC_V28=27.4530029296875
THERMAL_SENS_OUT_1=28
THERMAL_SENS_OUT_2=-50
THERMAL_SENS_OUT_3=28
THERMAL_SENS_OUT_4=26
THERMAL_SENS_OUT_5=29
THERMAL_SENS_OUT_6=-50
THERMAL_SENS_INT_1=32
THERMAL_SENS_INT_2=29
PG_5=0
PG_9=0
PG_12=0
FLT_P2=0
FLT_P3=0
HEAT_1_TEMP=28
HEAT_1_DUTY=0
HEAT_1_SP=-20.0
HEAT_2_TEMP=28
HEAT_2_DUTY=0
HEAT_2_SP=-20.0
HEAT_3_TEMP=26
HEAT_3_DUTY=0
HEAT_3_SP=-20.0
HEAT_4_TEMP=29
HEAT_4_DUTY=0
HEAT_4_SP=-20.0
MOTOR_ANGLE=0.008372093023255813
MOTOR_ACCUM=2.1013953488372095
MOTOR_ROT=4

[22:46:07.173 EBOX]
TS=1786207295.123
V_SENSE5=0.8642578125
V_SENSE9=0.03662109375
V_SENSE12=0.146484375
ADC_V5=4.94720458984375
ADC_V9=8.70849609375
ADC_V12=11.79718017578125
ADC_V28=27.470703125
THERMAL_SENS_OUT_1=27
THERMAL_SENS_OUT_2=-50
THERMAL_SENS_OUT_3=29
THERMAL_SENS_OUT_4=26
THERMAL_SENS_OUT_5=27
THERMAL_SENS_OUT_6=-50
THERMAL_SENS_INT_1=26
THERMAL_SENS_INT_2=30
PG_5=0
PG_9=0
PG_12=0
FLT_P2=0
FLT_P3=0
HEAT_1_TEMP=27
HEAT_1_DUTY=0
HEAT_1_SP=-20.0
HEAT_2_TEMP=29
HEAT_2_DUTY=0
HEAT_2_SP=-20.0
HEAT_3_TEMP=26
HEAT_3_DUTY=0
HEAT_3_SP=-20.0
HEAT_4_TEMP=27
HEAT_4_DUTY=0
HEAT_4_SP=-20.0
MOTOR_ANGLE=0.008372093023255813
MOTOR_ACCUM=2.1013953488372095
MOTOR_ROT=4

[22:46:07.603 EBOX]
TS=1786207295.624
V_SENSE5=0.8349609375
V_SENSE9=0.0341796875
V_SENSE12=0.11962890625
ADC_V5=5.23040771484375
ADC_V9=9.33685302734375
ADC_V12=11.859130859375
ADC_V28=27.03704833984375
THERMAL_SENS_OUT_1=31
THERMAL_SENS_OUT_2=-50
THERMAL_SENS_OUT_3=33
THERMAL_SENS_OUT_4=30
THERMAL_SENS_OUT_5=27
THERMAL_SENS_OUT_6=-50
THERMAL_SENS_INT_1=28
THERMAL_SENS_INT_2=27
PG_5=0
PG_9=0
PG_12=0
FLT_P2=0
FLT_P3=0
HEAT_1_TEMP=31
HEAT_1_DUTY=0
HEAT_1_SP=-20.0
HEAT_2_TEMP=33
HEAT_2_DUTY=0
HEAT_2_SP=-20.0
HEAT_3_TEMP=30
HEAT_3_DUTY=0
HEAT_3_SP=-20.0
HEAT_4_TEMP=27
HEAT_4_DUTY=0
HEAT_4_SP=-20.0
MOTOR_ANGLE=0.008372093023255813
MOTOR_ACCUM=2.1013953488372095
MOTOR_ROT=4

[22:46:08.131 EBOX]
TS=1786207296.126
V_SENSE5=0.8349609375
V_SENSE9=0.03662109375
V_SENSE12=0.126953125
ADC_V5=4.8675537109375
ADC_V9=8.9739990234375
ADC_V12=11.69097900390625
ADC_V28=28.1256103515625
THERMAL_SENS_OUT_1=28
THERMAL_SENS_OUT_2=-50
THERMAL_SENS_OUT_3=33
THERMAL_SENS_OUT_4=29
THERMAL_SENS_OUT_5=26
THERMAL_SENS_OUT_6=-50
THERMAL_SENS_INT_1=26
THERMAL_SENS_INT_2=30
PG_5=0
PG_9=0
PG_12=0
FLT_P2=0
FLT_P3=0
HEAT_1_TEMP=28
HEAT_1_DUTY=0
HEAT_1_SP=-20.0
HEAT_2_TEMP=33
HEAT_2_DUTY=0
HEAT_2_SP=-20.0
HEAT_3_TEMP=29
HEAT_3_DUTY=0
HEAT_3_SP=-20.0
HEAT_4_TEMP=26
HEAT_4_DUTY=0
HEAT_4_SP=-20.0
MOTOR_ANGLE=0.008372093023255813
MOTOR_ACCUM=2.1013953488372095
MOTOR_ROT=4

[22:46:08.661 EBOX]
TS=1786207296.628
V_SENSE5=0.8740234375
V_SENSE9=0.0390625
V_SENSE12=0.1318359375
ADC_V5=4.98260498046875
ADC_V9=9.1864013671875
ADC_V12=11.70867919921875
ADC_V28=28.0194091796875
THERMAL_SENS_OUT_1=32
THERMAL_SENS_OUT_2=-50
THERMAL_SENS_OUT_3=30
THERMAL_SENS_OUT_4=28
THERMAL_SENS_OUT_5=26
THERMAL_SENS_OUT_6=-50
THERMAL_SENS_INT_1=26
THERMAL_SENS_INT_2=32
PG_5=0
PG_9=0
PG_12=0
FLT_P2=0
FLT_P3=0
HEAT_1_TEMP=32
HEAT_1_DUTY=0
HEAT_1_SP=-20.0
HEAT_2_TEMP=30
HEAT_2_DUTY=0
HEAT_2_SP=-20.0
HEAT_3_TEMP=28
HEAT_3_DUTY=0
HEAT_3_SP=-20.0
HEAT_4_TEMP=26
HEAT_4_DUTY=0
HEAT_4_SP=-20.0
MOTOR_ANGLE=0.008372093023255813
MOTOR_ACCUM=2.1013953488372095
MOTOR_ROT=4

[22:46:09.090 EBOX]
TS=1786207297.130
V_SENSE5=0.87158203125
V_SENSE9=0.0390625
V_SENSE12=0.13916015625
ADC_V5=5.02685546875
ADC_V9=9.28375244140625
ADC_V12=11.79718017578125
ADC_V28=27.05474853515625
THERMAL_SENS_OUT_1=29
THERMAL_SENS_OUT_2=-50
THERMAL_SENS_OUT_3=29
THERMAL_SENS_OUT_4=32
THERMAL_SENS_OUT_5=28
THERMAL_SENS_OUT_6=-50
THERMAL_SENS_INT_1=30
THERMAL_SENS_INT_2=28
PG_5=0
PG_9=0
PG_12=0
FLT_P2=0
FLT_P3=0
HEAT_1_TEMP=29
HEAT_1_DUTY=0
HEAT_1_SP=-20.0
HEAT_2_TEMP=29
HEAT_2_DUTY=0
HEAT_2_SP=-20.0
HEAT_3_TEMP=32
HEAT_3_DUTY=0
HEAT_3_SP=-20.0
HEAT_4_TEMP=28
HEAT_4_DUTY=0
HEAT_4_SP=-20.0
MOTOR_ANGLE=0.008372093023255813
MOTOR_ACCUM=2.1013953488372095
MOTOR_ROT=4

[22:46:09.619 EBOX]
TS=1786207297.632
V_SENSE5=0.849609375
V_SENSE9=0.0341796875
V_SENSE12=0.13427734375
ADC_V5=4.91180419921875
ADC_V9=9.310302734375
ADC_V12=11.717529296875
ADC_V28=28.08135986328125
THERMAL_SENS_OUT_1=29
THERMAL_SENS_OUT_2=-50
THERMAL_SENS_OUT_3=29
THERMAL_SENS_OUT_4=26
THERMAL_SENS_OUT_5=27
THERMAL_SENS_OUT_6=-50
THERMAL_SENS_INT_1=26
THERMAL_SENS_INT_2=30
PG_5=0
PG_9=0
PG_12=0
FLT_P2=0
FLT_P3=0
HEAT_1_TEMP=29
HEAT_1_DUTY=0
HEAT_1_SP=-20.0
HEAT_2_TEMP=29
HEAT_2_DUTY=0
HEAT_2_SP=-20.0
HEAT_3_TEMP=26
HEAT_3_DUTY=0
HEAT_3_SP=-20.0
HEAT_4_TEMP=27
HEAT_4_DUTY=0
HEAT_4_SP=-20.0
MOTOR_ANGLE=0.008372093023255813
MOTOR_ACCUM=2.1013953488372095
MOTOR_ROT=4

[22:46:10.147 EBOX]
TS=1786207298.133
V_SENSE5=0.89111328125
V_SENSE9=0.0341796875
V_SENSE12=0.11962890625
ADC_V5=4.7967529296875
ADC_V9=9.0093994140625
ADC_V12=12.02728271484375
ADC_V28=27.60345458984375
THERMAL_SENS_OUT_1=27
THERMAL_SENS_OUT_2=-50
THERMAL_SENS_OUT_3=29
THERMAL_SENS_OUT_4=25
THERMAL_SENS_OUT_5=30
THERMAL_SENS_OUT_6=-50
THERMAL_SENS_INT_1=28
THERMAL_SENS_INT_2=33
PG_5=0
PG_9=0
PG_12=0
FLT_P2=0
FLT_P3=0
HEAT_1_TEMP=27
HEAT_1_DUTY=0
HEAT_1_SP=-20.0
HEAT_2_TEMP=29
HEAT_2_DUTY=0
HEAT_2_SP=-20.0
HEAT_3_TEMP=25
HEAT_3_DUTY=0
HEAT_3_SP=-20.0
HEAT_4_TEMP=30
HEAT_4_DUTY=0
HEAT_4_SP=-20.0
MOTOR_ANGLE=0.008372093023255813
MOTOR_ACCUM=2.1013953488372095
MOTOR_ROT=4

[22:46:10.675 EBOX]
TS=1786207298.637
V_SENSE5=0.849609375
V_SENSE9=0.0390625
V_SENSE12=0.10498046875
ADC_V5=4.96490478515625
ADC_V9=8.9031982421875
ADC_V12=11.7529296875
ADC_V28=28.08135986328125
THERMAL_SENS_OUT_1=32
THERMAL_SENS_OUT_2=-50
THERMAL_SENS_OUT_3=33
THERMAL_SENS_OUT_4=27
THERMAL_SENS_OUT_5=32
THERMAL_SENS_OUT_6=-50
THERMAL_SENS_INT_1=32
THERMAL_SENS_INT_2=31
PG_5=0
PG_9=0
PG_12=0
FLT_P2=0
FLT_P3=0
HEAT_1_TEMP=32
HEAT_1_DUTY=0
HEAT_1_SP=-20.0
HEAT_2_TEMP=33
HEAT_2_DUTY=0
HEAT_2_SP=-20.0
HEAT_3_TEMP=27
HEAT_3_DUTY=0
HEAT_3_SP=-20.0
HEAT_4_TEMP=32
HEAT_4_DUTY=0
HEAT_4_SP=-20.0
MOTOR_ANGLE=0.008372093023255813
MOTOR_ACCUM=2.1013953488372095
MOTOR_ROT=4

[22:46:11.104 EBOX]
TS=1786207299.137
V_SENSE5=0.849609375
V_SENSE9=0.0390625
V_SENSE12=0.11962890625
ADC_V5=4.91180419921875
ADC_V9=9.30145263671875
ADC_V12=11.72637939453125
ADC_V28=27.506103515625
THERMAL_SENS_OUT_1=29
THERMAL_SENS_OUT_2=-50
THERMAL_SENS_OUT_3=30
THERMAL_SENS_OUT_4=27
THERMAL_SENS_OUT_5=33
THERMAL_SENS_OUT_6=-50
THERMAL_SENS_INT_1=32
THERMAL_SENS_INT_2=30
PG_5=0
PG_9=0
PG_12=0
FLT_P2=0
FLT_P3=0
HEAT_1_TEMP=29
HEAT_1_DUTY=0
HEAT_1_SP=-20.0
HEAT_2_TEMP=30
HEAT_2_DUTY=0
HEAT_2_SP=-20.0
HEAT_3_TEMP=27
HEAT_3_DUTY=0
HEAT_3_SP=-20.0
HEAT_4_TEMP=33
HEAT_4_DUTY=0
HEAT_4_SP=-20.0
MOTOR_ANGLE=0.008372093023255813
MOTOR_ACCUM=2.1013953488372095
MOTOR_ROT=4

[22:46:11.933 EBOX]
TS=1786207299.639
V_SENSE5=0.84716796875
V_SENSE9=0.03173828125
V_SENSE12=0.1171875
ADC_V5=5.08880615234375
ADC_V9=8.8677978515625
ADC_V12=11.8414306640625
ADC_V28=27.3468017578125
THERMAL_SENS_OUT_1=29
THERMAL_SENS_OUT_2=-50
THERMAL_SENS_OUT_3=27
THERMAL_SENS_OUT_4=29
THERMAL_SENS_OUT_5=27
THERMAL_SENS_OUT_6=-50
THERMAL_SENS_INT_1=29
THERMAL_SENS_INT_2=28
PG_5=0
PG_9=0
PG_12=0
FLT_P2=0
FLT_P3=0
HEAT_1_TEMP=29
HEAT_1_DUTY=0
HEAT_1_SP=-20.0
HEAT_2_TEMP=27
HEAT_2_DUTY=0
HEAT_2_SP=-20.0
HEAT_3_TEMP=29
HEAT_3_DUTY=0
HEAT_3_SP=-20.0
HEAT_4_TEMP=27
HEAT_4_DUTY=0
HEAT_4_SP=-20.0
MOTOR_ANGLE=0.008372093023255813
MOTOR_ACCUM=2.1013953488372095
MOTOR_ROT=4

[22:46:12.160 EBOX]
TS=1786207300.141
V_SENSE5=0.87890625
V_SENSE9=0.0390625
V_SENSE12=0.1123046875
ADC_V5=4.92950439453125
ADC_V9=9.21295166015625
ADC_V12=11.8768310546875
ADC_V28=27.03704833984375
THERMAL_SENS_OUT_1=31
THERMAL_SENS_OUT_2=-50
THERMAL_SENS_OUT_3=33
THERMAL_SENS_OUT_4=30
THERMAL_SENS_OUT_5=27
THERMAL_SENS_OUT_6=-50
THERMAL_SENS_INT_1=28
THERMAL_SENS_INT_2=27
PG_5=0
PG_9=0
PG_12=0
FLT_P2=0
FLT_P3=0
HEAT_1_TEMP=31
HEAT_1_DUTY=0
HEAT_1_SP=-20.0
HEAT_2_TEMP=33
HEAT_2_DUTY=0
HEAT_2_SP=-20.0
HEAT_3_TEMP=30
HEAT_3_DUTY=0
HEAT_3_SP=-20.0
HEAT_4_TEMP=27
HEAT_4_DUTY=0
HEAT_4_SP=-20.0
MOTOR_ANGLE=0.008372093023255813
MOTOR_ACCUM=2.1013953488372095
MOTOR_ROT=4

[22:46:12.688 EBOX]
TS=1786207300.642
V_SENSE5=0.8642578125
V_SENSE9=0.03662109375
V_SENSE12=0.1220703125
ADC_V5=4.80560302734375
ADC_V9=9.13330078125
ADC_V12=11.4874267578125
ADC_V28=27.435302734375
THERMAL_SENS_OUT_1=29
THERMAL_SENS_OUT_2=-50
THERMAL_SENS_OUT_3=26
THERMAL_SENS_OUT_4=27
THERMAL_SENS_OUT_5=32
THERMAL_SENS_OUT_6=-50
THERMAL_SENS_INT_1=26
THERMAL_SENS_INT_2=27
PG_5=0
PG_9=0
PG_12=0
FLT_P2=0
FLT_P3=0
HEAT_1_TEMP=29
HEAT_1_DUTY=0
HEAT_1_SP=-20.0
HEAT_2_TEMP=26
HEAT_2_DUTY=0
HEAT_2_SP=-20.0
HEAT_3_TEMP=27
HEAT_3_DUTY=0
HEAT_3_SP=-20.0
HEAT_4_TEMP=32
HEAT_4_DUTY=0
HEAT_4_SP=-20.0
MOTOR_ANGLE=0.008372093023255813
MOTOR_ACCUM=2.1013953488372095
MOTOR_ROT=4

[22:46:13.419 EBOX]
TS=1786207301.145
V_SENSE5=0.88623046875
V_SENSE9=0.09521484375
V_SENSE12=0.1220703125
ADC_V5=4.98260498046875
ADC_V9=9.42535400390625
ADC_V12=11.93878173828125
ADC_V28=28.0548095703125
THERMAL_SENS_OUT_1=25
THERMAL_SENS_OUT_2=-50
THERMAL_SENS_OUT_3=29
THERMAL_SENS_OUT_4=26
THERMAL_SENS_OUT_5=28
THERMAL_SENS_OUT_6=-50
THERMAL_SENS_INT_1=26
THERMAL_SENS_INT_2=33
PG_5=0
PG_9=0
PG_12=0
FLT_P2=0
FLT_P3=0
HEAT_1_TEMP=25
HEAT_1_DUTY=0
HEAT_1_SP=-20.0
HEAT_2_TEMP=29
HEAT_2_DUTY=0
HEAT_2_SP=-20.0
HEAT_3_TEMP=26
HEAT_3_DUTY=0
HEAT_3_SP=-20.0
HEAT_4_TEMP=28
HEAT_4_DUTY=0
HEAT_4_SP=-20.0
MOTOR_ANGLE=0.008372093023255813
MOTOR_ACCUM=2.1013953488372095
MOTOR_ROT=4

[22:46:13.951 EBOX]
TS=1786207301.646
V_SENSE5=0.87890625
V_SENSE9=0.0341796875
V_SENSE12=0.126953125
ADC_V5=4.9029541015625
ADC_V9=9.4342041015625
ADC_V12=11.434326171875
ADC_V28=27.6654052734375
THERMAL_SENS_OUT_1=29
THERMAL_SENS_OUT_2=-50
THERMAL_SENS_OUT_3=31
THERMAL_SENS_OUT_4=29
THERMAL_SENS_OUT_5=26
THERMAL_SENS_OUT_6=-50
THERMAL_SENS_INT_1=29
THERMAL_SENS_INT_2=27
PG_5=0
PG_9=0
PG_12=0
FLT_P2=0
FLT_P3=0
HEAT_1_TEMP=29
HEAT_1_DUTY=0
HEAT_1_SP=-20.0
HEAT_2_TEMP=31
HEAT_2_DUTY=0
HEAT_2_SP=-20.0
HEAT_3_TEMP=29
HEAT_3_DUTY=0
HEAT_3_SP=-20.0
HEAT_4_TEMP=26
HEAT_4_DUTY=0
HEAT_4_SP=-20.0
MOTOR_ANGLE=0.008372093023255813
MOTOR_ACCUM=2.1013953488372095
MOTOR_ROT=4

[22:46:14.176 EBOX]
TS=1786207302.148
V_SENSE5=0.8544921875
V_SENSE9=0.0390625
V_SENSE12=0.12451171875
ADC_V5=5.00030517578125
ADC_V9=9.2041015625
ADC_V12=11.505126953125
ADC_V28=27.46185302734375
THERMAL_SENS_OUT_1=30
THERMAL_SENS_OUT_2=-50
THERMAL_SENS_OUT_3=28
THERMAL_SENS_OUT_4=32
THERMAL_SENS_OUT_5=29
THERMAL_SENS_OUT_6=-50
THERMAL_SENS_INT_1=28
THERMAL_SENS_INT_2=27
PG_5=0
PG_9=0
PG_12=0
FLT_P2=0
FLT_P3=0
HEAT_1_TEMP=30
HEAT_1_DUTY=0
HEAT_1_SP=-20.0
HEAT_2_TEMP=28
HEAT_2_DUTY=0
HEAT_2_SP=-20.0
HEAT_3_TEMP=32
HEAT_3_DUTY=0
HEAT_3_SP=-20.0
HEAT_4_TEMP=29
HEAT_4_DUTY=0
HEAT_4_SP=-20.0
MOTOR_ANGLE=0.008372093023255813
MOTOR_ACCUM=2.1013953488372095
MOTOR_ROT=4

[22:46:14.708 EBOX]
TS=1786207302.650
V_SENSE5=0.8251953125
V_SENSE9=0.0341796875
V_SENSE12=0.1171875
ADC_V5=4.920654296875
ADC_V9=9.08905029296875
ADC_V12=11.81488037109375
ADC_V28=27.01934814453125
THERMAL_SENS_OUT_1=27
THERMAL_SENS_OUT_2=-50
THERMAL_SENS_OUT_3=30
THERMAL_SENS_OUT_4=27
THERMAL_SENS_OUT_5=32
THERMAL_SENS_OUT_6=-50
THERMAL_SENS_INT_1=28
THERMAL_SENS_INT_2=27
PG_5=0
PG_9=0
PG_12=0
FLT_P2=0
FLT_P3=0
HEAT_1_TEMP=27
HEAT_1_DUTY=0
HEAT_1_SP=-20.0
HEAT_2_TEMP=30
HEAT_2_DUTY=0
HEAT_2_SP=-20.0
HEAT_3_TEMP=27
HEAT_3_DUTY=0
HEAT_3_SP=-20.0
HEAT_4_TEMP=32
HEAT_4_DUTY=0
HEAT_4_SP=-20.0
MOTOR_ANGLE=0.008372093023255813
MOTOR_ACCUM=2.1013953488372095
MOTOR_ROT=4

[22:46:15.137 EBOX]
TS=1786207303.152
V_SENSE5=0.8203125
V_SENSE9=0.03662109375
V_SENSE12=0.12939453125
ADC_V5=4.98260498046875
ADC_V9=9.5758056640625
ADC_V12=11.93878173828125
ADC_V28=27.74505615234375
THERMAL_SENS_OUT_1=34
THERMAL_SENS_OUT_2=-50
THERMAL_SENS_OUT_3=33
THERMAL_SENS_OUT_4=28
THERMAL_SENS_OUT_5=26
THERMAL_SENS_OUT_6=-50
THERMAL_SENS_INT_1=27
THERMAL_SENS_INT_2=31
PG_5=0
PG_9=0
PG_12=0
FLT_P2=0
FLT_P3=0
HEAT_1_TEMP=34
HEAT_1_DUTY=0
HEAT_1_SP=-20.0
HEAT_2_TEMP=33
HEAT_2_DUTY=0
HEAT_2_SP=-20.0
HEAT_3_TEMP=28
HEAT_3_DUTY=0
HEAT_3_SP=-20.0
HEAT_4_TEMP=26
HEAT_4_DUTY=0
HEAT_4_SP=-20.0
MOTOR_ANGLE=0.008372093023255813
MOTOR_ACCUM=2.1013953488372095
MOTOR_ROT=4

[22:46:15.667 EBOX]
TS=1786207303.653
V_SENSE5=0.849609375
V_SENSE9=0.0390625
V_SENSE12=0.1171875
ADC_V5=5.02685546875
ADC_V9=9.17755126953125
ADC_V12=11.8060302734375
ADC_V28=27.05474853515625
THERMAL_SENS_OUT_1=27
THERMAL_SENS_OUT_2=-50
THERMAL_SENS_OUT_3=27
THERMAL_SENS_OUT_4=28
THERMAL_SENS_OUT_5=26
THERMAL_SENS_OUT_6=-50
THERMAL_SENS_INT_1=26
THERMAL_SENS_INT_2=28
PG_5=0
PG_9=0
PG_12=0
FLT_P2=0
FLT_P3=0
HEAT_1_TEMP=27
HEAT_1_DUTY=0
HEAT_1_SP=-20.0
HEAT_2_TEMP=27
HEAT_2_DUTY=0
HEAT_2_SP=-20.0
HEAT_3_TEMP=28
HEAT_3_DUTY=0
HEAT_3_SP=-20.0
HEAT_4_TEMP=26
HEAT_4_DUTY=0
HEAT_4_SP=-20.0
MOTOR_ANGLE=0.008372093023255813
MOTOR_ACCUM=2.1013953488372095
MOTOR_ROT=4

[22:46:16.206 EBOX]
TS=1786207304.155
V_SENSE5=0.87890625
V_SENSE9=0.0341796875
V_SENSE12=0.1025390625
ADC_V5=4.9383544921875
ADC_V9=8.7969970703125
ADC_V12=11.646728515625
ADC_V28=27.88665771484375
THERMAL_SENS_OUT_1=35
THERMAL_SENS_OUT_2=-50
THERMAL_SENS_OUT_3=26
THERMAL_SENS_OUT_4=27
THERMAL_SENS_OUT_5=29
THERMAL_SENS_OUT_6=-50
THERMAL_SENS_INT_1=31
THERMAL_SENS_INT_2=30
PG_5=0
PG_9=0
PG_12=0
FLT_P2=0
FLT_P3=0
HEAT_1_TEMP=35
HEAT_1_DUTY=0
HEAT_1_SP=-20.0
HEAT_2_TEMP=26
HEAT_2_DUTY=0
HEAT_2_SP=-20.0
HEAT_3_TEMP=27
HEAT_3_DUTY=0
HEAT_3_SP=-20.0
HEAT_4_TEMP=29
HEAT_4_DUTY=0
HEAT_4_SP=-20.0
MOTOR_ANGLE=0.008372093023255813
MOTOR_ACCUM=2.1013953488372095
MOTOR_ROT=4

[22:46:16.635 EBOX]
TS=1786207304.657
V_SENSE5=0.86181640625
V_SENSE9=0.03662109375
V_SENSE12=0.1318359375
ADC_V5=4.80560302734375
ADC_V9=9.2572021484375
ADC_V12=11.69097900390625
ADC_V28=27.23175048828125
THERMAL_SENS_OUT_1=29
THERMAL_SENS_OUT_2=-50
THERMAL_SENS_OUT_3=33
THERMAL_SENS_OUT_4=29
THERMAL_SENS_OUT_5=26
THERMAL_SENS_OUT_6=-50
THERMAL_SENS_INT_1=26
THERMAL_SENS_INT_2=29
PG_5=0
PG_9=0
PG_12=0
FLT_P2=0
FLT_P3=0
HEAT_1_TEMP=29
HEAT_1_DUTY=0
HEAT_1_SP=-20.0
HEAT_2_TEMP=33
HEAT_2_DUTY=0
HEAT_2_SP=-20.0
HEAT_3_TEMP=29
HEAT_3_DUTY=0
HEAT_3_SP=-20.0
HEAT_4_TEMP=26
HEAT_4_DUTY=0
HEAT_4_SP=-20.0
MOTOR_ANGLE=0.008372093023255813
MOTOR_ACCUM=2.1013953488372095
MOTOR_ROT=4

[22:46:17.163 EBOX]
TS=1786207305.158
V_SENSE5=0.81298828125
V_SENSE9=0.0341796875
V_SENSE12=0.146484375
ADC_V5=4.89410400390625
ADC_V9=9.3280029296875
ADC_V12=11.717529296875
ADC_V28=28.08135986328125
THERMAL_SENS_OUT_1=28
THERMAL_SENS_OUT_2=-50
THERMAL_SENS_OUT_3=28
THERMAL_SENS_OUT_4=31
THERMAL_SENS_OUT_5=28
THERMAL_SENS_OUT_6=-50
THERMAL_SENS_INT_1=25
THERMAL_SENS_INT_2=31
PG_5=0
PG_9=0
PG_12=0
FLT_P2=0
FLT_P3=0
HEAT_1_TEMP=28
HEAT_1_DUTY=0
HEAT_1_SP=-20.0
HEAT_2_TEMP=28
HEAT_2_DUTY=0
HEAT_2_SP=-20.0
HEAT_3_TEMP=31
HEAT_3_DUTY=0
HEAT_3_SP=-20.0
HEAT_4_TEMP=28
HEAT_4_DUTY=0
HEAT_4_SP=-20.0
MOTOR_ANGLE=0.008372093023255813
MOTOR_ACCUM=2.1013953488372095
MOTOR_ROT=4

[22:46:17.697 EBOX]
TS=1786207305.660
V_SENSE5=0.859375
V_SENSE9=0.03662109375
V_SENSE12=0.126953125
ADC_V5=4.9560546875
ADC_V9=9.19525146484375
ADC_V12=11.8414306640625
ADC_V28=28.01055908203125
THERMAL_SENS_OUT_1=30
THERMAL_SENS_OUT_2=-50
THERMAL_SENS_OUT_3=31
THERMAL_SENS_OUT_4=29
THERMAL_SENS_OUT_5=26
THERMAL_SENS_OUT_6=-50
THERMAL_SENS_INT_1=25
THERMAL_SENS_INT_2=26
PG_5=0
PG_9=0
PG_12=0
FLT_P2=0
FLT_P3=0
HEAT_1_TEMP=30
HEAT_1_DUTY=0
HEAT_1_SP=-20.0
HEAT_2_TEMP=31
HEAT_2_DUTY=0
HEAT_2_SP=-20.0
HEAT_3_TEMP=29
HEAT_3_DUTY=0
HEAT_3_SP=-20.0
HEAT_4_TEMP=26
HEAT_4_DUTY=0
HEAT_4_SP=-20.0
MOTOR_ANGLE=0.008372093023255813
MOTOR_ACCUM=2.1013953488372095
MOTOR_ROT=4

[22:46:18.125 EBOX]
TS=1786207306.162
V_SENSE5=0.859375
V_SENSE9=0.0390625
V_SENSE12=0.13916015625
ADC_V5=4.91180419921875
ADC_V9=9.49615478515625
ADC_V12=11.9476318359375
ADC_V28=26.9927978515625
THERMAL_SENS_OUT_1=28
THERMAL_SENS_OUT_2=-50
THERMAL_SENS_OUT_3=27
THERMAL_SENS_OUT_4=29
THERMAL_SENS_OUT_5=26
THERMAL_SENS_OUT_6=-50
THERMAL_SENS_INT_1=29
THERMAL_SENS_INT_2=28
PG_5=0
PG_9=0
PG_12=0
FLT_P2=0
FLT_P3=0
HEAT_1_TEMP=28
HEAT_1_DUTY=0
HEAT_1_SP=-20.0
HEAT_2_TEMP=27
HEAT_2_DUTY=0
HEAT_2_SP=-20.0
HEAT_3_TEMP=29
HEAT_3_DUTY=0
HEAT_3_SP=-20.0
HEAT_4_TEMP=26
HEAT_4_DUTY=0
HEAT_4_SP=-20.0
MOTOR_ANGLE=0.008372093023255813
MOTOR_ACCUM=2.1013953488372095
MOTOR_ROT=4

[22:46:18.955 EBOX]
TS=1786207306.663
V_SENSE5=0.88623046875
V_SENSE9=0.0341796875
V_SENSE12=0.13671875
ADC_V5=4.82330322265625
ADC_V9=9.097900390625
ADC_V12=11.5936279296875
ADC_V28=28.02825927734375
THERMAL_SENS_OUT_1=32
THERMAL_SENS_OUT_2=-50
THERMAL_SENS_OUT_3=28
THERMAL_SENS_OUT_4=25
THERMAL_SENS_OUT_5=31
THERMAL_SENS_OUT_6=-50
THERMAL_SENS_INT_1=31
THERMAL_SENS_INT_2=32
PG_5=0
PG_9=0
PG_12=0
FLT_P2=0
FLT_P3=0
HEAT_1_TEMP=32
HEAT_1_DUTY=0
HEAT_1_SP=-20.0
HEAT_2_TEMP=28
HEAT_2_DUTY=0
HEAT_2_SP=-20.0
HEAT_3_TEMP=25
HEAT_3_DUTY=0
HEAT_3_SP=-20.0
HEAT_4_TEMP=31
HEAT_4_DUTY=0
HEAT_4_SP=-20.0
MOTOR_ANGLE=0.008372093023255813
MOTOR_ACCUM=2.1013953488372095
MOTOR_ROT=4

[22:46:19.280 EBOX]
TS=1786207307.165
V_SENSE5=0.849609375
V_SENSE9=0.048828125
V_SENSE12=0.1123046875
ADC_V5=5.05340576171875
ADC_V9=8.85009765625
ADC_V12=11.7706298828125
ADC_V28=28.15216064453125
THERMAL_SENS_OUT_1=30
THERMAL_SENS_OUT_2=-50
THERMAL_SENS_OUT_3=31
THERMAL_SENS_OUT_4=28
THERMAL_SENS_OUT_5=26
THERMAL_SENS_OUT_6=-50
THERMAL_SENS_INT_1=26
THERMAL_SENS_INT_2=33
PG_5=0
PG_9=0
PG_12=0
FLT_P2=0
FLT_P3=0
HEAT_1_TEMP=30
HEAT_1_DUTY=0
HEAT_1_SP=-20.0
HEAT_2_TEMP=31
HEAT_2_DUTY=0
HEAT_2_SP=-20.0
HEAT_3_TEMP=28
HEAT_3_DUTY=0
HEAT_3_SP=-20.0
HEAT_4_TEMP=26
HEAT_4_DUTY=0
HEAT_4_SP=-20.0
MOTOR_ANGLE=0.008372093023255813
MOTOR_ACCUM=2.1013953488372095
MOTOR_ROT=4

[22:46:19.709 EBOX]
TS=1786207307.667
V_SENSE5=0.859375
V_SENSE9=0.03662109375
V_SENSE12=0.15625
ADC_V5=4.89410400390625
ADC_V9=9.5404052734375
ADC_V12=11.40777587890625
ADC_V28=28.1787109375
THERMAL_SENS_OUT_1=30
THERMAL_SENS_OUT_2=-50
THERMAL_SENS_OUT_3=27
THERMAL_SENS_OUT_4=32
THERMAL_SENS_OUT_5=30
THERMAL_SENS_OUT_6=-50
THERMAL_SENS_INT_1=28
THERMAL_SENS_INT_2=27
PG_5=0
PG_9=0
PG_12=0
FLT_P2=0
FLT_P3=0
HEAT_1_TEMP=30
HEAT_1_DUTY=0
HEAT_1_SP=-20.0
HEAT_2_TEMP=27
HEAT_2_DUTY=0
HEAT_2_SP=-20.0
HEAT_3_TEMP=32
HEAT_3_DUTY=0
HEAT_3_SP=-20.0
HEAT_4_TEMP=30
HEAT_4_DUTY=0
HEAT_4_SP=-20.0
MOTOR_ANGLE=0.008372093023255813
MOTOR_ACCUM=2.1013953488372095
MOTOR_ROT=4

[22:46:20.139 EBOX]
TS=1786207308.169
V_SENSE5=0.83251953125
V_SENSE9=0.0390625
V_SENSE12=0.107421875
ADC_V5=4.814453125
ADC_V9=9.14215087890625
ADC_V12=11.85028076171875
ADC_V28=27.81585693359375
THERMAL_SENS_OUT_1=34
THERMAL_SENS_OUT_2=-50
THERMAL_SENS_OUT_3=26
THERMAL_SENS_OUT_4=30
THERMAL_SENS_OUT_5=28
THERMAL_SENS_OUT_6=-50
THERMAL_SENS_INT_1=28
THERMAL_SENS_INT_2=28
PG_5=0
PG_9=0
PG_12=0
FLT_P2=0
FLT_P3=0
HEAT_1_TEMP=34
HEAT_1_DUTY=0
HEAT_1_SP=-20.0
HEAT_2_TEMP=26
HEAT_2_DUTY=0
HEAT_2_SP=-20.0
HEAT_3_TEMP=30
HEAT_3_DUTY=0
HEAT_3_SP=-20.0
HEAT_4_TEMP=28
HEAT_4_DUTY=0
HEAT_4_SP=-20.0
MOTOR_ANGLE=0.008372093023255813
MOTOR_ACCUM=2.1013953488372095
MOTOR_ROT=4

[22:46:20.970 EBOX]
TS=1786207308.671
V_SENSE5=0.8642578125
V_SENSE9=0.0341796875
V_SENSE12=0.11962890625
ADC_V5=5.01800537109375
ADC_V9=9.0625
ADC_V12=11.8768310546875
ADC_V28=27.25830078125
THERMAL_SENS_OUT_1=29
THERMAL_SENS_OUT_2=-50
THERMAL_SENS_OUT_3=28
THERMAL_SENS_OUT_4=29
THERMAL_SENS_OUT_5=33
THERMAL_SENS_OUT_6=-50
THERMAL_SENS_INT_1=32
THERMAL_SENS_INT_2=28
PG_5=0
PG_9=0
PG_12=0
FLT_P2=0
FLT_P3=0
HEAT_1_TEMP=29
HEAT_1_DUTY=0
HEAT_1_SP=-20.0
HEAT_2_TEMP=28
HEAT_2_DUTY=0
HEAT_2_SP=-20.0
HEAT_3_TEMP=29
HEAT_3_DUTY=0
HEAT_3_SP=-20.0
HEAT_4_TEMP=33
HEAT_4_DUTY=0
HEAT_4_SP=-20.0
MOTOR_ANGLE=0.008372093023255813
MOTOR_ACCUM=2.1013953488372095
MOTOR_ROT=4

[22:46:21.298 EBOX]
TS=1786207309.174
V_SENSE5=0.8349609375
V_SENSE9=0.0341796875
V_SENSE12=0.14404296875
ADC_V5=4.9560546875
ADC_V9=8.89434814453125
ADC_V12=11.575927734375
ADC_V28=27.7716064453125
THERMAL_SENS_OUT_1=33
THERMAL_SENS_OUT_2=-50
THERMAL_SENS_OUT_3=26
THERMAL_SENS_OUT_4=28
THERMAL_SENS_OUT_5=32
THERMAL_SENS_OUT_6=-50
THERMAL_SENS_INT_1=26
THERMAL_SENS_INT_2=32
PG_5=0
PG_9=0
PG_12=0
FLT_P2=0
FLT_P3=0
HEAT_1_TEMP=33
HEAT_1_DUTY=0
HEAT_1_SP=-20.0
HEAT_2_TEMP=26
HEAT_2_DUTY=0
HEAT_2_SP=-20.0
HEAT_3_TEMP=28
HEAT_3_DUTY=0
HEAT_3_SP=-20.0
HEAT_4_TEMP=32
HEAT_4_DUTY=0
HEAT_4_SP=-20.0
MOTOR_ANGLE=0.008372093023255813
MOTOR_ACCUM=2.1013953488372095
MOTOR_ROT=4

[22:46:21.724 EBOX]
TS=1786207309.674
V_SENSE5=0.86181640625
V_SENSE9=0.0390625
V_SENSE12=0.1318359375
ADC_V5=4.814453125
ADC_V9=9.27490234375
ADC_V12=11.93878173828125
ADC_V28=28.10791015625
THERMAL_SENS_OUT_1=28
THERMAL_SENS_OUT_2=-50
THERMAL_SENS_OUT_3=26
THERMAL_SENS_OUT_4=29
THERMAL_SENS_OUT_5=27
THERMAL_SENS_OUT_6=-50
THERMAL_SENS_INT_1=27
THERMAL_SENS_INT_2=31
PG_5=0
PG_9=0
PG_12=0
FLT_P2=0
FLT_P3=0
HEAT_1_TEMP=28
HEAT_1_DUTY=0
HEAT_1_SP=-20.0
HEAT_2_TEMP=26
HEAT_2_DUTY=0
HEAT_2_SP=-20.0
HEAT_3_TEMP=29
HEAT_3_DUTY=0
HEAT_3_SP=-20.0
HEAT_4_TEMP=27
HEAT_4_DUTY=0
HEAT_4_SP=-20.0
MOTOR_ANGLE=0.008372093023255813
MOTOR_ACCUM=2.1013953488372095
MOTOR_ROT=4

[22:46:22.152 EBOX]
TS=1786207310.176
V_SENSE5=0.869140625
V_SENSE9=0.0341796875
V_SENSE12=0.11962890625
ADC_V5=4.9029541015625
ADC_V9=8.956298828125
ADC_V12=11.99188232421875
ADC_V28=27.1875
THERMAL_SENS_OUT_1=32
THERMAL_SENS_OUT_2=-50
THERMAL_SENS_OUT_3=26
THERMAL_SENS_OUT_4=26
THERMAL_SENS_OUT_5=30
THERMAL_SENS_OUT_6=-50
THERMAL_SENS_INT_1=31
THERMAL_SENS_INT_2=29
PG_5=0
PG_9=0
PG_12=0
FLT_P2=0
FLT_P3=0
HEAT_1_TEMP=32
HEAT_1_DUTY=0
HEAT_1_SP=-20.0
HEAT_2_TEMP=26
HEAT_2_DUTY=0
HEAT_2_SP=-20.0
HEAT_3_TEMP=26
HEAT_3_DUTY=0
HEAT_3_SP=-20.0
HEAT_4_TEMP=30
HEAT_4_DUTY=0
HEAT_4_SP=-20.0
MOTOR_ANGLE=0.008372093023255813
MOTOR_ACCUM=2.1013953488372095
MOTOR_ROT=4

[22:46:22.681 EBOX]
TS=1786207310.678
V_SENSE5=0.859375
V_SENSE9=0.07568359375
V_SENSE12=0.126953125
ADC_V5=4.92950439453125
ADC_V9=9.58465576171875
ADC_V12=11.575927734375
ADC_V28=27.6654052734375
THERMAL_SENS_OUT_1=27
THERMAL_SENS_OUT_2=-50
THERMAL_SENS_OUT_3=28
THERMAL_SENS_OUT_4=33
THERMAL_SENS_OUT_5=26
THERMAL_SENS_OUT_6=-50
THERMAL_SENS_INT_1=26
THERMAL_SENS_INT_2=30
PG_5=0
PG_9=0
PG_12=0
FLT_P2=0
FLT_P3=0
HEAT_1_TEMP=27
HEAT_1_DUTY=0
HEAT_1_SP=-20.0
HEAT_2_TEMP=28
HEAT_2_DUTY=0
HEAT_2_SP=-20.0
HEAT_3_TEMP=33
HEAT_3_DUTY=0
HEAT_3_SP=-20.0
HEAT_4_TEMP=26
HEAT_4_DUTY=0
HEAT_4_SP=-20.0
MOTOR_ANGLE=0.008372093023255813
MOTOR_ACCUM=2.1013953488372095
MOTOR_ROT=4

[22:46:23.613 EBOX]
TS=1786207311.180
V_SENSE5=0.830078125
V_SENSE9=0.03662109375
V_SENSE12=0.12451171875
ADC_V5=4.96490478515625
ADC_V9=8.956298828125
ADC_V12=11.62017822265625
ADC_V28=27.90435791015625
THERMAL_SENS_OUT_1=32
THERMAL_SENS_OUT_2=-50
THERMAL_SENS_OUT_3=33
THERMAL_SENS_OUT_4=29
THERMAL_SENS_OUT_5=27
THERMAL_SENS_OUT_6=-50
THERMAL_SENS_INT_1=29
THERMAL_SENS_INT_2=27
PG_5=0
PG_9=0
PG_12=0
FLT_P2=0
FLT_P3=0
HEAT_1_TEMP=32
HEAT_1_DUTY=0
HEAT_1_SP=-20.0
HEAT_2_TEMP=33
HEAT_2_DUTY=0
HEAT_2_SP=-20.0
HEAT_3_TEMP=29
HEAT_3_DUTY=0
HEAT_3_SP=-20.0
HEAT_4_TEMP=27
HEAT_4_DUTY=0
HEAT_4_SP=-20.0
MOTOR_ANGLE=0.008372093023255813
MOTOR_ACCUM=2.1013953488372095
MOTOR_ROT=4

[22:46:23.738 EBOX]
TS=1786207311.682
V_SENSE5=0.849609375
V_SENSE9=0.0341796875
V_SENSE12=0.12939453125
ADC_V5=4.9560546875
ADC_V9=9.1510009765625
ADC_V12=11.65557861328125
ADC_V28=27.88665771484375
THERMAL_SENS_OUT_1=34
THERMAL_SENS_OUT_2=-50
THERMAL_SENS_OUT_3=26
THERMAL_SENS_OUT_4=26
THERMAL_SENS_OUT_5=28
THERMAL_SENS_OUT_6=-50
THERMAL_SENS_INT_1=30
THERMAL_SENS_INT_2=28
PG_5=0
PG_9=0
PG_12=0
FLT_P2=0
FLT_P3=0
HEAT_1_TEMP=34
HEAT_1_DUTY=0
HEAT_1_SP=-20.0
HEAT_2_TEMP=26
HEAT_2_DUTY=0
HEAT_2_SP=-20.0
HEAT_3_TEMP=26
HEAT_3_DUTY=0
HEAT_3_SP=-20.0
HEAT_4_TEMP=28
HEAT_4_DUTY=0
HEAT_4_SP=-20.0
MOTOR_ANGLE=0.008372093023255813
MOTOR_ACCUM=2.1013953488372095
MOTOR_ROT=4

[22:46:24.165 EBOX]
TS=1786207312.183
V_SENSE5=0.85205078125
V_SENSE9=0.05615234375
V_SENSE12=0.19287109375
ADC_V5=4.9029541015625
ADC_V9=8.9208984375
ADC_V12=12.02728271484375
ADC_V28=26.98394775390625
THERMAL_SENS_OUT_1=30
THERMAL_SENS_OUT_2=-50
THERMAL_SENS_OUT_3=26
THERMAL_SENS_OUT_4=27
THERMAL_SENS_OUT_5=33
THERMAL_SENS_OUT_6=-50
THERMAL_SENS_INT_1=30
THERMAL_SENS_INT_2=33
PG_5=0
PG_9=0
PG_12=0
FLT_P2=0
FLT_P3=0
HEAT_1_TEMP=30
HEAT_1_DUTY=0
HEAT_1_SP=-20.0
HEAT_2_TEMP=26
HEAT_2_DUTY=0
HEAT_2_SP=-20.0
HEAT_3_TEMP=27
HEAT_3_DUTY=0
HEAT_3_SP=-20.0
HEAT_4_TEMP=33
HEAT_4_DUTY=0
HEAT_4_SP=-20.0
MOTOR_ANGLE=0.008372093023255813
MOTOR_ACCUM=2.1013953488372095
MOTOR_ROT=4

[22:46:24.696 EBOX]
TS=1786207312.685
V_SENSE5=0.86181640625
V_SENSE9=0.03662109375
V_SENSE12=0.1123046875
ADC_V5=4.98260498046875
ADC_V9=9.1510009765625
ADC_V12=11.7352294921875
ADC_V28=28.1256103515625
THERMAL_SENS_OUT_1=28
THERMAL_SENS_OUT_2=-50
THERMAL_SENS_OUT_3=27
THERMAL_SENS_OUT_4=33
THERMAL_SENS_OUT_5=30
THERMAL_SENS_OUT_6=-50
THERMAL_SENS_INT_1=32
THERMAL_SENS_INT_2=30
PG_5=0
PG_9=0
PG_12=0
FLT_P2=0
FLT_P3=0
HEAT_1_TEMP=28
HEAT_1_DUTY=0
HEAT_1_SP=-20.0
HEAT_2_TEMP=27
HEAT_2_DUTY=0
HEAT_2_SP=-20.0
HEAT_3_TEMP=33
HEAT_3_DUTY=0
HEAT_3_SP=-20.0
HEAT_4_TEMP=30
HEAT_4_DUTY=0
HEAT_4_SP=-20.0
MOTOR_ANGLE=0.008372093023255813
MOTOR_ACCUM=2.1013953488372095
MOTOR_ROT=4

[22:46:25.224 EBOX]
TS=1786207313.186
V_SENSE5=0.87646484375
V_SENSE9=0.04638671875
V_SENSE12=0.13916015625
ADC_V5=5.01800537109375
ADC_V9=9.0447998046875
ADC_V12=11.5936279296875
ADC_V28=26.97509765625
THERMAL_SENS_OUT_1=29
THERMAL_SENS_OUT_2=-50
THERMAL_SENS_OUT_3=30
THERMAL_SENS_OUT_4=27
THERMAL_SENS_OUT_5=33
THERMAL_SENS_OUT_6=-50
THERMAL_SENS_INT_1=26
THERMAL_SENS_INT_2=31
PG_5=0
PG_9=0
PG_12=0
FLT_P2=0
FLT_P3=0
HEAT_1_TEMP=29
HEAT_1_DUTY=0
HEAT_1_SP=-20.0
HEAT_2_TEMP=30
HEAT_2_DUTY=0
HEAT_2_SP=-20.0
HEAT_3_TEMP=27
HEAT_3_DUTY=0
HEAT_3_SP=-20.0
HEAT_4_TEMP=33
HEAT_4_DUTY=0
HEAT_4_SP=-20.0
MOTOR_ANGLE=0.008372093023255813
MOTOR_ACCUM=2.1013953488372095
MOTOR_ROT=4

[22:46:25.750 EBOX]
TS=1786207313.688
V_SENSE5=0.84716796875
V_SENSE9=0.03662109375
V_SENSE12=0.17333984375
ADC_V5=4.82330322265625
ADC_V9=8.9031982421875
ADC_V12=11.92108154296875
ADC_V28=27.37335205078125
THERMAL_SENS_OUT_1=26
THERMAL_SENS_OUT_2=-50
THERMAL_SENS_OUT_3=28
THERMAL_SENS_OUT_4=30
THERMAL_SENS_OUT_5=28
THERMAL_SENS_OUT_6=-50
THERMAL_SENS_INT_1=25
THERMAL_SENS_INT_2=30
PG_5=0
PG_9=0
PG_12=0
FLT_P2=0
FLT_P3=0
HEAT_1_TEMP=26
HEAT_1_DUTY=0
HEAT_1_SP=-20.0
HEAT_2_TEMP=28
HEAT_2_DUTY=0
HEAT_2_SP=-20.0
HEAT_3_TEMP=30
HEAT_3_DUTY=0
HEAT_3_SP=-20.0
HEAT_4_TEMP=28
HEAT_4_DUTY=0
HEAT_4_SP=-20.0
MOTOR_ANGLE=0.008372093023255813
MOTOR_ACCUM=2.1013953488372095
MOTOR_ROT=4

[22:46:26.479 EBOX]
TS=1786207314.189
V_SENSE5=0.83984375
V_SENSE9=0.0341796875
V_SENSE12=0.17333984375
ADC_V5=4.9029541015625
ADC_V9=9.4873046875
ADC_V12=11.44317626953125
ADC_V28=27.7008056640625
THERMAL_SENS_OUT_1=33
THERMAL_SENS_OUT_2=-50
THERMAL_SENS_OUT_3=29
THERMAL_SENS_OUT_4=31
THERMAL_SENS_OUT_5=29
THERMAL_SENS_OUT_6=-50
THERMAL_SENS_INT_1=31
THERMAL_SENS_INT_2=30
PG_5=0
PG_9=0
PG_12=0
FLT_P2=0
FLT_P3=0
HEAT_1_TEMP=33
HEAT_1_DUTY=0
HEAT_1_SP=-20.0
HEAT_2_TEMP=29
HEAT_2_DUTY=0
HEAT_2_SP=-20.0
HEAT_3_TEMP=31
HEAT_3_DUTY=0
HEAT_3_SP=-20.0
HEAT_4_TEMP=29
HEAT_4_DUTY=0
HEAT_4_SP=-20.0
MOTOR_ANGLE=0.008372093023255813
MOTOR_ACCUM=2.1013953488372095
MOTOR_ROT=4

[22:46:26.708 EBOX]
TS=1786207314.691
V_SENSE5=0.86181640625
V_SENSE9=0.03662109375
V_SENSE12=0.107421875
ADC_V5=4.85870361328125
ADC_V9=9.168701171875
ADC_V12=11.6644287109375
ADC_V28=28.09906005859375
THERMAL_SENS_OUT_1=32
THERMAL_SENS_OUT_2=-50
THERMAL_SENS_OUT_3=26
THERMAL_SENS_OUT_4=29
THERMAL_SENS_OUT_5=26
THERMAL_SENS_OUT_6=-50
THERMAL_SENS_INT_1=32
THERMAL_SENS_INT_2=30
PG_5=0
PG_9=0
PG_12=0
FLT_P2=0
FLT_P3=0
HEAT_1_TEMP=32
HEAT_1_DUTY=0
HEAT_1_SP=-20.0
HEAT_2_TEMP=26
HEAT_2_DUTY=0
HEAT_2_SP=-20.0
HEAT_3_TEMP=29
HEAT_3_DUTY=0
HEAT_3_SP=-20.0
HEAT_4_TEMP=26
HEAT_4_DUTY=0
HEAT_4_SP=-20.0
MOTOR_ANGLE=0.008372093023255813
MOTOR_ACCUM=2.1013953488372095
MOTOR_ROT=4

[22:46:27.236 EBOX]
TS=1786207315.193
V_SENSE5=0.82275390625
V_SENSE9=0.03662109375
V_SENSE12=0.13916015625
ADC_V5=4.9383544921875
ADC_V9=8.743896484375
ADC_V12=11.7529296875
ADC_V28=27.506103515625
THERMAL_SENS_OUT_1=26
THERMAL_SENS_OUT_2=-50
THERMAL_SENS_OUT_3=26
THERMAL_SENS_OUT_4=28
THERMAL_SENS_OUT_5=25
THERMAL_SENS_OUT_6=-50
THERMAL_SENS_INT_1=33
THERMAL_SENS_INT_2=28
PG_5=0
PG_9=0
PG_12=0
FLT_P2=0
FLT_P3=0
HEAT_1_TEMP=26
HEAT_1_DUTY=0
HEAT_1_SP=-20.0
HEAT_2_TEMP=26
HEAT_2_DUTY=0
HEAT_2_SP=-20.0
HEAT_3_TEMP=28
HEAT_3_DUTY=0
HEAT_3_SP=-20.0
HEAT_4_TEMP=25
HEAT_4_DUTY=0
HEAT_4_SP=-20.0
MOTOR_ANGLE=0.008372093023255813
MOTOR_ACCUM=2.1013953488372095
MOTOR_ROT=4

[22:46:27.664 EBOX]
TS=1786207315.695
V_SENSE5=0.8203125
V_SENSE9=0.03662109375
V_SENSE12=0.107421875
ADC_V5=4.87640380859375
ADC_V9=9.38995361328125
ADC_V12=11.89453125
ADC_V28=27.19635009765625
THERMAL_SENS_OUT_1=29
THERMAL_SENS_OUT_2=-50
THERMAL_SENS_OUT_3=26
THERMAL_SENS_OUT_4=33
THERMAL_SENS_OUT_5=26
THERMAL_SENS_OUT_6=-50
THERMAL_SENS_INT_1=29
THERMAL_SENS_INT_2=28
PG_5=0
PG_9=0
PG_12=0
FLT_P2=0
FLT_P3=0
HEAT_1_TEMP=29
HEAT_1_DUTY=0
HEAT_1_SP=-20.0
HEAT_2_TEMP=26
HEAT_2_DUTY=0
HEAT_2_SP=-20.0
HEAT_3_TEMP=33
HEAT_3_DUTY=0
HEAT_3_SP=-20.0
HEAT_4_TEMP=26
HEAT_4_DUTY=0
HEAT_4_SP=-20.0
MOTOR_ANGLE=0.008372093023255813
MOTOR_ACCUM=2.1013953488372095
MOTOR_ROT=4

[22:46:28.493 EBOX]
TS=1786207316.197
V_SENSE5=0.87890625
V_SENSE9=0.11474609375
V_SENSE12=0.126953125
ADC_V5=4.94720458984375
ADC_V9=8.9385986328125
ADC_V12=11.68212890625
ADC_V28=27.0281982421875
THERMAL_SENS_OUT_1=28
THERMAL_SENS_OUT_2=-50
THERMAL_SENS_OUT_3=31
THERMAL_SENS_OUT_4=28
THERMAL_SENS_OUT_5=33
THERMAL_SENS_OUT_6=-50
THERMAL_SENS_INT_1=28
THERMAL_SENS_INT_2=30
PG_5=0
PG_9=0
PG_12=0
FLT_P2=0
FLT_P3=0
HEAT_1_TEMP=28
HEAT_1_DUTY=0
HEAT_1_SP=-20.0
HEAT_2_TEMP=31
HEAT_2_DUTY=0
HEAT_2_SP=-20.0
HEAT_3_TEMP=28
HEAT_3_DUTY=0
HEAT_3_SP=-20.0
HEAT_4_TEMP=33
HEAT_4_DUTY=0
HEAT_4_SP=-20.0
MOTOR_ANGLE=0.008372093023255813
MOTOR_ACCUM=2.1013953488372095
MOTOR_ROT=4

[22:46:28.821 EBOX]
TS=1786207316.698
V_SENSE5=0.83740234375
V_SENSE9=0.0390625
V_SENSE12=0.1123046875
ADC_V5=4.89410400390625
ADC_V9=9.0447998046875
ADC_V12=11.46087646484375
ADC_V28=27.53265380859375
THERMAL_SENS_OUT_1=27
THERMAL_SENS_OUT_2=-50
THERMAL_SENS_OUT_3=26
THERMAL_SENS_OUT_4=28
THERMAL_SENS_OUT_5=28
THERMAL_SENS_OUT_6=-50
THERMAL_SENS_INT_1=29
THERMAL_SENS_INT_2=28
PG_5=0
PG_9=0
PG_12=0
FLT_P2=0
FLT_P3=0
HEAT_1_TEMP=27
HEAT_1_DUTY=0
HEAT_1_SP=-20.0
HEAT_2_TEMP=26
HEAT_2_DUTY=0
HEAT_2_SP=-20.0
HEAT_3_TEMP=28
HEAT_3_DUTY=0
HEAT_3_SP=-20.0
HEAT_4_TEMP=28
HEAT_4_DUTY=0
HEAT_4_SP=-20.0
MOTOR_ANGLE=0.008372093023255813
MOTOR_ACCUM=2.1013953488372095
MOTOR_ROT=4

[22:46:29.852 EBOX]
TS=1786207317.201
V_SENSE5=0.87158203125
V_SENSE9=0.0390625
V_SENSE12=0.12451171875
ADC_V5=5.02685546875
ADC_V9=9.42535400390625
ADC_V12=11.89453125
ADC_V28=27.506103515625
THERMAL_SENS_OUT_1=26
THERMAL_SENS_OUT_2=-50
THERMAL_SENS_OUT_3=30
THERMAL_SENS_OUT_4=28
THERMAL_SENS_OUT_5=31
THERMAL_SENS_OUT_6=-50
THERMAL_SENS_INT_1=26
THERMAL_SENS_INT_2=34
PG_5=0
PG_9=0
PG_12=0
FLT_P2=0
FLT_P3=0
HEAT_1_TEMP=26
HEAT_1_DUTY=0
HEAT_1_SP=-20.0
HEAT_2_TEMP=30
HEAT_2_DUTY=0
HEAT_2_SP=-20.0
HEAT_3_TEMP=28
HEAT_3_DUTY=0
HEAT_3_SP=-20.0
HEAT_4_TEMP=31
HEAT_4_DUTY=0
HEAT_4_SP=-20.0
MOTOR_ANGLE=0.008372093023255813
MOTOR_ACCUM=2.1013953488372095
MOTOR_ROT=4

[22:46:29.979 EBOX]
TS=1786207317.702
V_SENSE5=0.859375
V_SENSE9=0.0390625
V_SENSE12=0.107421875
ADC_V5=4.9029541015625
ADC_V9=9.4873046875
ADC_V12=11.4520263671875
ADC_V28=27.4530029296875
THERMAL_SENS_OUT_1=27
THERMAL_SENS_OUT_2=-50
THERMAL_SENS_OUT_3=30
THERMAL_SENS_OUT_4=27
THERMAL_SENS_OUT_5=33
THERMAL_SENS_OUT_6=-50
THERMAL_SENS_INT_1=26
THERMAL_SENS_INT_2=29
PG_5=0
PG_9=0
PG_12=0
FLT_P2=0
FLT_P3=0
HEAT_1_TEMP=27
HEAT_1_DUTY=0
HEAT_1_SP=-20.0
HEAT_2_TEMP=30
HEAT_2_DUTY=0
HEAT_2_SP=-20.0
HEAT_3_TEMP=27
HEAT_3_DUTY=0
HEAT_3_SP=-20.0
HEAT_4_TEMP=33
HEAT_4_DUTY=0
HEAT_4_SP=-20.0
MOTOR_ANGLE=0.008372093023255813
MOTOR_ACCUM=2.1013953488372095
MOTOR_ROT=4

[22:46:30.208 EBOX]
TS=1786207318.204
V_SENSE5=0.830078125
V_SENSE9=0.0341796875
V_SENSE12=0.12939453125
ADC_V5=4.9383544921875
ADC_V9=9.44305419921875
ADC_V12=11.788330078125
ADC_V28=27.930908203125
THERMAL_SENS_OUT_1=27
THERMAL_SENS_OUT_2=-50
THERMAL_SENS_OUT_3=27
THERMAL_SENS_OUT_4=32
THERMAL_SENS_OUT_5=30
THERMAL_SENS_OUT_6=-50
THERMAL_SENS_INT_1=29
THERMAL_SENS_INT_2=28
PG_5=0
PG_9=0
PG_12=0
FLT_P2=0
FLT_P3=0
HEAT_1_TEMP=27
HEAT_1_DUTY=0
HEAT_1_SP=-20.0
HEAT_2_TEMP=27
HEAT_2_DUTY=0
HEAT_2_SP=-20.0
HEAT_3_TEMP=32
HEAT_3_DUTY=0
HEAT_3_SP=-20.0
HEAT_4_TEMP=30
HEAT_4_DUTY=0
HEAT_4_SP=-20.0
MOTOR_ANGLE=0.008372093023255813
MOTOR_ACCUM=2.1013953488372095
MOTOR_ROT=4

[22:46:30.738 EBOX]
TS=1786207318.706
V_SENSE5=0.88623046875
V_SENSE9=0.09521484375
V_SENSE12=0.1123046875
ADC_V5=5.00030517578125
ADC_V9=8.9739990234375
ADC_V12=11.96533203125
ADC_V28=27.86895751953125
THERMAL_SENS_OUT_1=33
THERMAL_SENS_OUT_2=-50
THERMAL_SENS_OUT_3=26
THERMAL_SENS_OUT_4=27
THERMAL_SENS_OUT_5=30
THERMAL_SENS_OUT_6=-50
THERMAL_SENS_INT_1=28
THERMAL_SENS_INT_2=27
PG_5=0
PG_9=0
PG_12=0
FLT_P2=0
FLT_P3=0
HEAT_1_TEMP=33
HEAT_1_DUTY=0
HEAT_1_SP=-20.0
HEAT_2_TEMP=26
HEAT_2_DUTY=0
HEAT_2_SP=-20.0
HEAT_3_TEMP=27
HEAT_3_DUTY=0
HEAT_3_SP=-20.0
HEAT_4_TEMP=30
HEAT_4_DUTY=0
HEAT_4_SP=-20.0
MOTOR_ANGLE=0.008372093023255813
MOTOR_ACCUM=2.1013953488372095
MOTOR_ROT=4

[22:46:31.264 EBOX]
TS=1786207319.208
V_SENSE5=0.83251953125
V_SENSE9=0.0390625
V_SENSE12=0.13671875
ADC_V5=4.8321533203125
ADC_V9=9.53155517578125
ADC_V12=11.4520263671875
ADC_V28=27.49725341796875
THERMAL_SENS_OUT_1=27
THERMAL_SENS_OUT_2=-50
THERMAL_SENS_OUT_3=26
THERMAL_SENS_OUT_4=30
THERMAL_SENS_OUT_5=27
THERMAL_SENS_OUT_6=-50
THERMAL_SENS_INT_1=29
THERMAL_SENS_INT_2=27
PG_5=0
PG_9=0
PG_12=0
FLT_P2=0
FLT_P3=0
HEAT_1_TEMP=27
HEAT_1_DUTY=0
HEAT_1_SP=-20.0
HEAT_2_TEMP=26
HEAT_2_DUTY=0
HEAT_2_SP=-20.0
HEAT_3_TEMP=30
HEAT_3_DUTY=0
HEAT_3_SP=-20.0
HEAT_4_TEMP=27
HEAT_4_DUTY=0
HEAT_4_SP=-20.0
MOTOR_ANGLE=0.008372093023255813
MOTOR_ACCUM=2.1013953488372095
MOTOR_ROT=4

[22:46:31.691 EBOX]
TS=1786207319.711
V_SENSE5=0.830078125
V_SENSE9=0.03662109375
V_SENSE12=0.21240234375
ADC_V5=4.9737548828125
ADC_V9=8.85009765625
ADC_V12=11.51397705078125
ADC_V28=27.718505859375
THERMAL_SENS_OUT_1=34
THERMAL_SENS_OUT_2=-50
THERMAL_SENS_OUT_3=31
THERMAL_SENS_OUT_4=30
THERMAL_SENS_OUT_5=28
THERMAL_SENS_OUT_6=-50
THERMAL_SENS_INT_1=27
THERMAL_SENS_INT_2=33
PG_5=0
PG_9=0
PG_12=0
FLT_P2=0
FLT_P3=0
HEAT_1_TEMP=34
HEAT_1_DUTY=0
HEAT_1_SP=-20.0
HEAT_2_TEMP=31
HEAT_2_DUTY=0
HEAT_2_SP=-20.0
HEAT_3_TEMP=30
HEAT_3_DUTY=0
HEAT_3_SP=-20.0
HEAT_4_TEMP=28
HEAT_4_DUTY=0
HEAT_4_SP=-20.0
MOTOR_ANGLE=0.008372093023255813
MOTOR_ACCUM=2.1013953488372095
MOTOR_ROT=4

[22:46:32.221 EBOX]
TS=1786207320.211
V_SENSE5=0.91552734375
V_SENSE9=0.0341796875
V_SENSE12=0.1220703125
ADC_V5=4.98260498046875
ADC_V9=8.779296875
ADC_V12=11.67327880859375
ADC_V28=28.01055908203125
THERMAL_SENS_OUT_1=32
THERMAL_SENS_OUT_2=-50
THERMAL_SENS_OUT_3=30
THERMAL_SENS_OUT_4=28
THERMAL_SENS_OUT_5=30
THERMAL_SENS_OUT_6=-50
THERMAL_SENS_INT_1=32
THERMAL_SENS_INT_2=31
PG_5=0
PG_9=0
PG_12=0
FLT_P2=0
FLT_P3=0
HEAT_1_TEMP=32
HEAT_1_DUTY=0
HEAT_1_SP=-20.0
HEAT_2_TEMP=30
HEAT_2_DUTY=0
HEAT_2_SP=-20.0
HEAT_3_TEMP=28
HEAT_3_DUTY=0
HEAT_3_SP=-20.0
HEAT_4_TEMP=30
HEAT_4_DUTY=0
HEAT_4_SP=-20.0
MOTOR_ANGLE=0.008372093023255813
MOTOR_ACCUM=2.1013953488372095
MOTOR_ROT=4

[22:46:32.749 EBOX]
TS=1786207320.707
V_SENSE5=0.9228515625
V_SENSE9=0.0341796875
V_SENSE12=0.126953125
ADC_V5=4.8675537109375
ADC_V9=8.99169921875
ADC_V12=11.611328125
ADC_V28=28.001708984375
THERMAL_SENS_OUT_1=33
THERMAL_SENS_OUT_2=-50
THERMAL_SENS_OUT_3=26
THERMAL_SENS_OUT_4=28
THERMAL_SENS_OUT_5=29
THERMAL_SENS_OUT_6=-50
THERMAL_SENS_INT_1=26
THERMAL_SENS_INT_2=27
PG_5=0
PG_9=0
PG_12=0
FLT_P2=0
FLT_P3=0
HEAT_1_TEMP=33
HEAT_1_DUTY=0
HEAT_1_SP=-20.0
HEAT_2_TEMP=26
HEAT_2_DUTY=0
HEAT_2_SP=-20.0
HEAT_3_TEMP=28
HEAT_3_DUTY=0
HEAT_3_SP=-20.0
HEAT_4_TEMP=29
HEAT_4_DUTY=0
HEAT_4_SP=-20.0
MOTOR_ANGLE=0.008372093023255813
MOTOR_ACCUM=2.1013953488372095
MOTOR_ROT=4

[22:46:33.276 EBOX]
TS=1786207321.208
V_SENSE5=0.89599609375
V_SENSE9=0.03662109375
V_SENSE12=0.1220703125
ADC_V5=4.96490478515625
ADC_V9=9.15985107421875
ADC_V12=11.77947998046875
ADC_V28=27.930908203125
THERMAL_SENS_OUT_1=34
THERMAL_SENS_OUT_2=-50
THERMAL_SENS_OUT_3=28
THERMAL_SENS_OUT_4=30
THERMAL_SENS_OUT_5=27
THERMAL_SENS_OUT_6=-50
THERMAL_SENS_INT_1=27
THERMAL_SENS_INT_2=30
PG_5=0
PG_9=0
PG_12=0
FLT_P2=0
FLT_P3=0
HEAT_1_TEMP=34
HEAT_1_DUTY=0
HEAT_1_SP=-20.0
HEAT_2_TEMP=28
HEAT_2_DUTY=0
HEAT_2_SP=-20.0
HEAT_3_TEMP=30
HEAT_3_DUTY=0
HEAT_3_SP=-20.0
HEAT_4_TEMP=27
HEAT_4_DUTY=0
HEAT_4_SP=-20.0
MOTOR_ANGLE=0.008372093023255813
MOTOR_ACCUM=2.1013953488372095
MOTOR_ROT=4

[22:46:33.713 EBOX]
TS=1786207321.709
V_SENSE5=0.91552734375
V_SENSE9=0.0390625
V_SENSE12=0.18798828125
ADC_V5=4.88525390625
ADC_V9=9.31915283203125
ADC_V12=11.7529296875
ADC_V28=27.68310546875
THERMAL_SENS_OUT_1=29
THERMAL_SENS_OUT_2=-50
THERMAL_SENS_OUT_3=27
THERMAL_SENS_OUT_4=32
THERMAL_SENS_OUT_5=28
THERMAL_SENS_OUT_6=-50
THERMAL_SENS_INT_1=25
THERMAL_SENS_INT_2=29
PG_5=0
PG_9=0
PG_12=0
FLT_P2=0
FLT_P3=0
HEAT_1_TEMP=29
HEAT_1_DUTY=0
HEAT_1_SP=-20.0
HEAT_2_TEMP=27
HEAT_2_DUTY=0
HEAT_2_SP=-20.0
HEAT_3_TEMP=32
HEAT_3_DUTY=0
HEAT_3_SP=-20.0
HEAT_4_TEMP=28
HEAT_4_DUTY=0
HEAT_4_SP=-20.0
MOTOR_ANGLE=0.008372093023255813
MOTOR_ACCUM=2.1013953488372095
MOTOR_ROT=4

